step,NZ,total_W,sparsity,val_acc,d_manifold,d_W,prune_time_s,adjust_time_s,candidate_layer,candidate_i,candidate_j,layer_0_NZ,layer_1_NZ,layer_2_NZ
0,2160,2160,0.0,0.916,0.000000e+00,5.689984e-05,5.5828,0.8111,0,6,0,1959,100,100
1,2159,2160,0.000463,0.916,0.000000e+00,1.110331e-02,3.1862,0.0877,0,6,1,1958,100,100
2,2158,2160,0.000926,0.916,0.000000e+00,3.423426e-03,3.203,0.0787,0,6,2,1957,100,100
3,2157,2160,0.001389,0.916,0.000000e+00,4.966523e-03,3.2353,0.0775,0,6,3,1956,100,100
4,2156,2160,0.001852,0.916,0.000000e+00,2.492971e-03,3.1912,0.0786,0,6,4,1955,100,100
5,2155,2160,0.002315,0.916,0.000000e+00,1.435691e-02,3.19,0.0773,0,6,5,1954,100,100
6,2154,2160,0.002778,0.916,0.000000e+00,7.026572e-05,3.183,0.0781,0,6,6,1953,100,100
7,2153,2160,0.003241,0.916,0.000000e+00,7.540648e-03,3.1875,0.0771,0,6,7,1952,100,100
8,2152,2160,0.003704,0.916,0.000000e+00,3.490606e-03,3.1745,0.0771,0,6,8,1951,100,100
9,2151,2160,0.004167,0.916,0.000000e+00,3.630354e-03,3.1903,0.0781,0,6,9,1950,100,100
10,2150,2160,0.00463,0.916,0.000000e+00,7.726777e-03,3.2063,0.0779,0,6,10,1949,100,100
11,2149,2160,0.005093,0.916,0.000000e+00,1.626251e-02,3.196,0.0782,0,6,11,1948,100,100
12,2148,2160,0.005556,0.916,0.000000e+00,1.198841e-02,3.2403,0.0777,0,6,12,1947,100,100
13,2147,2160,0.006019,0.916,0.000000e+00,9.800349e-03,3.2129,0.0788,0,6,13,1946,100,100
14,2146,2160,0.006481,0.916,0.000000e+00,6.619408e-03,3.2008,0.0771,0,6,14,1945,100,100
15,2145,2160,0.006944,0.916,0.000000e+00,6.511355e-04,3.2021,0.0784,0,6,15,1944,100,100
16,2144,2160,0.007407,0.916,0.000000e+00,1.062031e-02,3.1821,0.0774,0,6,16,1943,100,100
17,2143,2160,0.00787,0.916,0.000000e+00,7.796101e-03,3.1965,0.0775,0,6,17,1942,100,100
18,2142,2160,0.008333,0.916,0.000000e+00,2.399735e-03,3.2135,0.0782,0,6,18,1941,100,100
19,2141,2160,0.008796,0.916,0.000000e+00,1.631799e-02,3.1963,0.0777,0,6,19,1940,100,100
20,2140,2160,0.009259,0.916,0.000000e+00,1.799538e-03,3.1765,0.0775,0,6,20,1939,100,100
21,2139,2160,0.009722,0.916,0.000000e+00,5.734072e-05,3.1963,0.0797,0,6,21,1938,100,100
22,2138,2160,0.010185,0.916,0.000000e+00,1.503972e-02,3.195,0.0774,0,6,22,1937,100,100
23,2137,2160,0.010648,0.916,0.000000e+00,1.016928e-03,3.1736,0.077,0,6,23,1936,100,100
24,2136,2160,0.011111,0.916,0.000000e+00,1.921759e-03,3.2399,0.077,0,6,24,1935,100,100
25,2135,2160,0.011574,0.916,0.000000e+00,1.181205e-02,3.1934,0.0777,0,6,25,1934,100,100
26,2134,2160,0.012037,0.916,0.000000e+00,7.583330e-03,3.2036,0.079,0,6,26,1933,100,100
27,2133,2160,0.0125,0.916,0.000000e+00,2.017391e-02,3.1782,0.0789,0,6,27,1932,100,100
28,2132,2160,0.012963,0.916,0.000000e+00,1.355160e-04,3.1805,0.0774,0,6,28,1931,100,100
29,2131,2160,0.013426,0.916,0.000000e+00,5.334481e-03,3.2001,0.0784,0,6,29,1930,100,100
30,2130,2160,0.013889,0.916,0.000000e+00,7.025445e-03,3.1776,0.0773,0,6,30,1929,100,100
31,2129,2160,0.014352,0.916,0.000000e+00,6.134243e-03,3.207,0.0788,0,6,31,1928,100,100
32,2128,2160,0.014815,0.916,0.000000e+00,1.137846e-02,3.1698,0.0785,0,6,32,1927,100,100
33,2127,2160,0.015278,0.916,0.000000e+00,9.759305e-04,3.1801,0.0827,0,6,33,1926,100,100
34,2126,2160,0.015741,0.916,0.000000e+00,1.595946e-02,3.186,3.3934,0,6,34,1925,100,100
35,2125,2160,0.016204,0.916,9.180574e-04,1.863756e-03,3.2293,3.3358,1,0,0,1925,99,100
36,2124,2160,0.016667,0.916,9.164877e-04,7.702104e-03,3.2012,0.019,1,0,1,1925,98,100
37,2123,2160,0.01713,0.916,9.164877e-04,1.256231e-02,3.1985,0.0192,1,0,2,1925,97,100
38,2122,2160,0.017593,0.916,9.164877e-04,4.386955e-03,3.1974,0.0192,1,0,3,1925,96,100
39,2121,2160,0.018056,0.916,9.164877e-04,1.082938e-02,3.2033,3.3037,1,0,4,1925,95,100
40,2120,2160,0.018519,0.916,4.562582e-01,1.321207e-02,3.2091,3.3115,1,9,6,1925,94,100
41,2119,2160,0.018981,0.916,2.764384e-01,2.377025e-03,3.1933,3.3226,0,6,148,1924,94,100
42,2118,2160,0.019444,0.916,2.057861e-01,3.354746e-03,3.195,3.3098,0,6,36,1923,94,100
43,2117,2160,0.019907,0.917,1.698662e-01,1.109846e-04,3.2033,3.3153,0,6,51,1922,94,100
44,2116,2160,0.02037,0.917,1.498630e-01,7.483764e-04,3.2003,3.3186,0,6,189,1921,94,100
45,2115,2160,0.020833,0.917,1.378966e-01,2.622388e-04,3.2318,3.3077,0,6,67,1920,94,100
46,2114,2160,0.021296,0.917,1.311715e-01,6.757432e-04,3.1876,3.317,0,6,40,1919,94,100
47,2113,2160,0.021759,0.917,1.267133e-01,1.882570e-04,3.1919,3.3207,0,6,105,1918,94,100
48,2112,2160,0.022222,0.917,1.236845e-01,2.296106e-03,3.2127,3.3165,0,6,166,1917,94,100
49,2111,2160,0.022685,0.917,1.210976e-01,6.894400e-03,3.204,3.2983,0,6,65,1916,94,100
50,2110,2160,0.023148,0.916,1.191162e-01,1.161808e-02,3.2098,3.3066,0,6,178,1915,94,100
51,2109,2160,0.023611,0.916,1.172729e-01,6.423422e-04,3.1872,3.3209,0,6,190,1914,94,100
52,2108,2160,0.024074,0.916,1.156998e-01,4.872084e-03,3.1803,3.3108,0,6,128,1913,94,100
53,2107,2160,0.024537,0.916,1.142802e-01,6.895036e-03,3.2018,3.3222,0,6,61,1912,94,100
54,2106,2160,0.025,0.917,1.129852e-01,2.790629e-04,3.1856,3.3124,0,6,120,1911,94,100
55,2105,2160,0.025463,0.917,1.116748e-01,8.214984e-03,3.1903,3.3091,0,6,83,1910,94,100
56,2104,2160,0.025926,0.917,1.105363e-01,3.872840e-04,3.2119,3.3022,0,6,104,1909,94,100
57,2103,2160,0.026389,0.917,1.093260e-01,9.973677e-03,3.1983,3.3099,1,0,6,1909,93,100
58,2102,2160,0.026852,0.917,1.082537e-01,6.871028e-04,3.1881,3.3159,0,6,140,1908,93,100
59,2101,2160,0.027315,0.917,1.070980e-01,3.774530e-04,3.1717,3.305,0,6,136,1907,93,100
60,2100,2160,0.027778,0.917,1.060338e-01,3.276673e-03,3.1988,3.3041,0,6,187,1906,93,100
61,2099,2160,0.028241,0.917,1.050915e-01,5.684481e-03,3.1976,3.3133,0,6,138,1905,93,100
62,2098,2160,0.028704,0.917,1.041218e-01,5.322987e-04,3.1571,3.301,0,6,59,1904,93,100
63,2097,2160,0.029167,0.917,1.033057e-01,4.506117e-04,3.1698,3.2987,0,6,153,1903,93,100
64,2096,2160,0.02963,0.917,1.023237e-01,8.398924e-04,3.1886,3.2941,0,6,53,1902,93,100
65,2095,2160,0.030093,0.917,1.013430e-01,3.137886e-03,3.1817,3.3089,1,8,6,1902,92,100
66,2094,2160,0.030556,0.917,1.004743e-01,1.303028e-02,3.19,3.3129,0,6,100,1901,92,100
67,2093,2160,0.031019,0.917,9.982935e-02,1.009021e-03,3.2431,3.3013,0,6,188,1900,92,100
68,2092,2160,0.031481,0.917,9.879929e-02,1.382759e-03,3.177,3.3124,0,6,118,1899,92,100
69,2091,2160,0.031944,0.917,9.790538e-02,2.327881e-03,3.1935,3.3109,0,6,172,1898,92,100
70,2090,2160,0.032407,0.917,9.728852e-02,1.266772e-03,3.2045,3.3092,0,6,137,1897,92,100
71,2089,2160,0.03287,0.917,9.674041e-02,9.641056e-04,3.1872,3.3089,0,6,74,1896,92,100
72,2088,2160,0.033333,0.917,9.572751e-02,6.327351e-03,3.1798,3.3079,1,4,6,1896,91,100
73,2087,2160,0.033796,0.916,9.496547e-02,8.276143e-06,3.1751,3.301,0,8,7,1895,91,100
74,2086,2160,0.034259,0.916,9.429477e-02,1.031353e-02,3.1934,3.3064,1,2,6,1895,90,100
75,2085,2160,0.034722,0.916,9.370023e-02,1.415215e-03,3.1977,3.3086,0,6,75,1894,90,100
76,2084,2160,0.035185,0.916,9.345003e-02,2.802879e-03,3.1765,3.3108,0,6,113,1893,90,100
77,2083,2160,0.035648,0.916,9.336061e-02,1.977212e-03,3.206,3.3116,0,6,194,1892,90,100
78,2082,2160,0.036111,0.916,9.322964e-02,1.956658e-03,3.1801,3.3124,0,6,42,1891,90,100
79,2081,2160,0.036574,0.916,9.339701e-02,1.538276e-03,3.1839,3.3012,0,6,62,1890,90,100
80,2080,2160,0.037037,0.916,9.201085e-02,7.273659e-03,3.2105,3.2915,0,6,50,1889,90,100
81,2079,2160,0.0375,0.916,9.229078e-02,6.424746e-03,3.1851,3.2949,0,6,131,1888,90,100
82,2078,2160,0.037963,0.917,9.290921e-02,2.363453e-03,3.1757,3.2986,0,6,37,1887,90,100
83,2077,2160,0.038426,0.917,9.346340e-02,2.008709e-03,3.1807,3.3067,0,6,171,1886,90,100
84,2076,2160,0.038889,0.917,9.453895e-02,2.088514e-03,3.1738,3.3213,0,6,38,1885,90,100
85,2075,2160,0.039352,0.917,9.217709e-02,2.426140e-03,3.1852,3.3161,0,6,57,1884,90,100
86,2074,2160,0.039815,0.917,8.998658e-02,2.189304e-03,3.1972,3.3024,0,6,72,1883,90,100
87,2073,2160,0.040278,0.917,8.825697e-02,9.895490e-03,3.1798,3.3105,0,6,182,1882,90,100
88,2072,2160,0.040741,0.917,9.038742e-02,3.740397e-03,3.1793,3.3047,0,6,191,1881,90,100
89,2071,2160,0.041204,0.917,9.235807e-02,2.828356e-03,3.193,3.3214,0,6,81,1880,90,100
90,2070,2160,0.041667,0.917,9.500094e-02,3.163069e-03,3.2001,3.311,0,6,114,1879,90,100
91,2069,2160,0.04213,0.917,9.846527e-02,2.715604e-03,3.2153,3.3141,0,6,43,1878,90,100
92,2068,2160,0.042593,0.917,9.397656e-02,2.910817e-03,3.1923,3.307,0,6,173,1877,90,100
93,2067,2160,0.043056,0.917,9.874156e-02,4.529571e-03,3.1811,3.312,0,6,158,1876,90,100
94,2066,2160,0.043519,0.917,9.449753e-02,3.623665e-03,3.1958,3.3073,0,6,94,1875,90,100
95,2065,2160,0.043981,0.916,8.963433e-02,1.053766e-02,3.1894,3.3059,0,6,195,1874,90,100
96,2064,2160,0.044444,0.916,9.427076e-02,5.940461e-03,3.1814,3.298,0,6,177,1873,90,100
97,2063,2160,0.044907,0.916,1.018571e-01,4.235452e-03,3.1885,3.3722,0,6,180,1872,90,100
98,2062,2160,0.04537,0.916,9.379812e-02,5.715145e-03,3.185,3.3117,0,6,111,1871,90,100
99,2061,2160,0.045833,0.916,8.767859e-02,3.890915e-03,3.1731,3.3173,0,6,84,1870,90,100
100,2060,2160,0.046296,0.916,9.295144e-02,5.107364e-03,3.1946,3.3031,0,6,159,1869,90,100
101,2059,2160,0.046759,0.916,8.793230e-02,1.283277e-02,3.1928,3.3124,1,1,6,1869,89,100
102,2058,2160,0.047222,0.916,8.542034e-02,4.645938e-03,3.1691,3.292,0,6,132,1868,89,100
103,2057,2160,0.047685,0.917,8.172923e-02,1.803996e-02,3.2117,3.3062,1,6,6,1868,88,100
104,2056,2160,0.048148,0.917,8.085579e-02,1.634076e-02,3.1909,3.3138,1,5,6,1868,87,100
105,2055,2160,0.048611,0.917,8.046396e-02,5.430088e-03,3.183,3.3147,0,6,170,1867,87,100
106,2054,2160,0.049074,0.917,8.282984e-02,3.887691e-03,3.1834,3.2934,0,6,108,1866,87,100
107,2053,2160,0.049537,0.917,7.898574e-02,1.547124e-02,3.1848,3.3032,1,7,6,1866,86,100
108,2052,2160,0.05,0.917,7.856778e-02,6.571233e-03,3.1967,3.2946,0,6,70,1865,86,100
109,2051,2160,0.050463,0.917,8.165348e-02,3.910066e-03,3.1878,3.3009,0,6,127,1864,86,100
110,2050,2160,0.050926,0.917,8.675972e-02,7.155879e-03,3.1947,3.3174,0,6,193,1863,86,100
111,2049,2160,0.051389,0.917,9.240886e-02,4.689944e-03,3.1738,3.3,0,6,115,1862,86,100
112,2048,2160,0.051852,0.917,8.503554e-02,5.633147e-03,3.1879,3.3066,0,6,78,1861,86,100
113,2047,2160,0.052315,0.917,8.087516e-02,5.316012e-03,3.1972,3.3097,0,6,129,1860,86,100
114,2046,2160,0.052778,0.917,7.747886e-02,1.084496e-02,3.2081,3.3242,0,6,124,1859,86,100
115,2045,2160,0.053241,0.917,8.000382e-02,4.627271e-03,3.1975,3.3115,0,6,89,1858,86,100
116,2044,2160,0.053704,0.917,7.682663e-02,6.809873e-03,3.186,3.3119,0,6,112,1857,86,100
117,2043,2160,0.054167,0.917,8.047733e-02,4.702340e-03,3.1871,3.305,0,6,133,1856,86,100
118,2042,2160,0.05463,0.917,8.726641e-02,4.732547e-03,3.1869,3.3079,0,6,181,1855,86,100
119,2041,2160,0.055093,0.917,9.825179e-02,5.396977e-03,3.1929,3.3028,0,6,134,1854,86,100
120,2040,2160,0.055556,0.917,1.129215e-01,4.536270e-03,3.1895,3.306,0,6,126,1853,86,100
121,2039,2160,0.056019,0.917,9.735100e-02,6.368066e-03,3.1819,3.2987,0,6,157,1852,86,100
122,2038,2160,0.056481,0.917,8.561738e-02,6.614299e-03,3.19,3.2954,0,6,110,1851,86,100
123,2037,2160,0.056944,0.917,9.606692e-02,5.840728e-03,3.192,3.2992,0,6,106,1850,86,100
124,2036,2160,0.057407,0.917,8.608391e-02,6.183024e-03,3.1772,3.3097,0,6,160,1849,86,100
125,2035,2160,0.05787,0.917,7.904542e-02,5.644497e-03,3.191,3.3097,0,6,156,1848,86,100
126,2034,2160,0.058333,0.917,7.578661e-02,1.281604e-02,3.1885,3.3014,0,6,139,1847,86,100
127,2033,2160,0.058796,0.917,8.211335e-02,8.096498e-03,3.1956,3.3114,0,6,143,1846,86,100
128,2032,2160,0.059259,0.917,9.420185e-02,6.305242e-03,3.1868,3.3142,0,6,130,1845,86,100
129,2031,2160,0.059722,0.917,1.125220e-01,6.204359e-03,3.1951,3.3147,0,6,119,1844,86,100
130,2030,2160,0.060185,0.917,1.356327e-01,6.839506e-03,3.1767,3.3077,0,6,80,1843,86,100
131,2029,2160,0.060648,0.917,1.772565e-01,8.781076e-04,3.2006,3.3016,2,5,0,1843,86,99
132,2028,2160,0.061111,0.917,1.774091e-01,4.009443e-05,3.1827,3.2953,0,2,14,1842,86,99
133,2027,2160,0.061574,0.917,1.783064e-01,4.234299e-05,3.1882,3.2902,0,2,25,1841,86,99
134,2026,2160,0.062037,0.917,1.786283e-01,2.350876e-03,3.1919,3.3051,2,8,0,1841,86,98
135,2025,2160,0.0625,0.917,1.779714e-01,7.010687e-03,3.2076,3.3078,0,6,186,1840,86,98
136,2024,2160,0.062963,0.917,1.379665e-01,8.321848e-03,3.2141,3.3002,0,6,144,1839,86,98
137,2023,2160,0.063426,0.917,1.812517e-01,7.140839e-03,3.1927,3.3087,0,6,150,1838,86,98
138,2022,2160,0.063889,0.917,1.435130e-01,6.474538e-03,3.1791,3.3005,0,6,56,1837,86,98
139,2021,2160,0.064352,0.917,1.943168e-01,6.417229e-03,3.2058,3.2983,0,6,146,1836,86,98
140,2020,2160,0.064815,0.917,1.444926e-01,6.715694e-03,3.1896,3.3069,0,6,123,1835,86,98
141,2019,2160,0.065278,0.917,1.170599e-01,7.479704e-03,3.2018,3.3107,0,6,41,1834,86,98
142,2018,2160,0.065741,0.917,1.554486e-01,8.053188e-03,3.1927,3.3135,0,6,64,1833,86,98
143,2017,2160,0.066204,0.917,2.072401e-01,5.967974e-05,3.2102,3.3057,0,3,55,1832,86,98
144,2016,2160,0.066667,0.917,2.092320e-01,6.322765e-03,3.221,3.3036,0,6,60,1831,86,98
145,2015,2160,0.06713,0.917,1.521053e-01,8.191245e-03,3.2053,3.3034,0,6,149,1830,86,98
146,2014,2160,0.067593,0.917,2.110035e-01,7.266711e-03,3.198,3.3029,0,6,88,1829,86,98
147,2013,2160,0.068056,0.917,1.509688e-01,9.982462e-03,3.2408,3.3072,0,6,109,1828,86,98
148,2012,2160,0.068519,0.917,2.219403e-01,8.999023e-03,3.2173,3.3097,0,6,90,1827,86,98
149,2011,2160,0.068981,0.917,3.241786e-01,6.040471e-05,3.2006,3.3034,0,2,169,1826,86,98
150,2010,2160,0.069444,0.917,3.257063e-01,7.779834e-03,3.1897,3.3111,0,6,152,1825,86,98
151,2009,2160,0.069907,0.917,2.365316e-01,7.654439e-03,3.2075,3.3111,0,6,91,1824,86,98
152,2008,2160,0.07037,0.917,1.704005e-01,1.130416e-02,3.2016,3.2998,0,6,58,1823,86,98
153,2007,2160,0.070833,0.917,2.527782e-01,7.839608e-03,3.2074,3.3154,0,6,77,1822,86,98
154,2006,2160,0.071296,0.917,1.869130e-01,9.601793e-03,3.2065,3.3051,0,6,103,1821,86,98
155,2005,2160,0.071759,0.917,2.688303e-01,9.646650e-03,3.1994,3.3147,0,6,54,1820,86,98
156,2004,2160,0.072222,0.917,3.876615e-01,7.863042e-05,3.1965,3.3188,0,0,153,1819,86,98
157,2003,2160,0.072685,0.917,3.869265e-01,6.796864e-05,3.2042,3.3171,0,8,25,1818,86,98
158,2002,2160,0.073148,0.917,3.889102e-01,7.791130e-03,3.1926,3.3141,0,6,164,1817,86,98
159,2001,2160,0.073611,0.917,2.636958e-01,7.729509e-03,3.2063,3.3159,0,6,163,1816,86,98
160,2000,2160,0.074074,0.917,1.791005e-01,1.007198e-02,3.2057,3.3015,0,6,79,1815,86,98
161,1999,2160,0.074537,0.917,2.523430e-01,9.497913e-03,3.1996,3.2965,0,6,117,1814,86,98
162,1998,2160,0.075,0.916,1.746534e-01,9.257019e-03,3.2032,3.3043,0,6,183,1813,86,98
163,1997,2160,0.075463,0.916,2.584219e-01,8.102898e-03,3.1857,3.3098,0,6,48,1812,86,98
164,1996,2160,0.075926,0.917,1.776332e-01,1.020223e-02,3.2371,3.3046,0,6,86,1811,86,98
165,1995,2160,0.076389,0.917,2.768121e-01,9.973288e-03,3.1988,3.3072,0,6,155,1810,86,98
166,1994,2160,0.076852,0.917,4.178840e-01,4.475900e-03,3.2064,3.3042,2,6,0,1810,86,97
167,1993,2160,0.077315,0.917,4.117248e-01,1.047282e-02,3.2101,3.2991,0,6,141,1809,86,97
168,1992,2160,0.077778,0.917,6.420715e-01,1.213014e-04,3.1995,3.3016,0,9,30,1808,86,97
169,1991,2160,0.078241,0.917,6.442690e-01,1.178648e-04,3.2071,3.3057,0,1,175,1807,86,97
170,1990,2160,0.078704,0.917,6.457919e-01,6.726542e-05,3.1988,3.304,0,5,156,1806,86,97
171,1989,2160,0.079167,0.917,6.463680e-01,9.447229e-03,3.2238,3.3167,0,6,135,1805,86,97
172,1988,2160,0.07963,0.917,9.732878e-01,1.422427e-04,3.2172,3.3133,0,1,4,1804,86,97
173,1987,2160,0.080093,0.917,9.772170e-01,1.099610e-04,3.2206,3.3091,0,7,155,1803,86,97
174,1986,2160,0.080556,0.917,9.817178e-01,1.028303e-02,3.202,3.3128,0,6,176,1802,86,97
175,1985,2160,0.081019,0.917,1.468770e+00,8.848086e-03,3.2018,3.3078,0,6,85,1801,86,97
176,1984,2160,0.081481,0.917,1.008297e+00,1.065319e-02,3.2095,3.31,0,6,102,1800,86,97
177,1983,2160,0.081944,0.917,1.498241e+00,1.108199e-02,3.1802,3.2967,0,6,154,1799,86,97
178,1982,2160,0.082407,0.917,2.189275e+00,1.791466e-04,3.2089,3.3094,0,0,68,1798,86,97
179,1981,2160,0.08287,0.917,2.179154e+00,1.522810e-04,3.2056,3.3002,0,8,4,1797,86,97
180,1980,2160,0.083333,0.917,2.187406e+00,5.894891e-03,3.2187,3.2946,2,3,0,1797,86,96
181,1979,2160,0.083796,0.917,2.191122e+00,2.734866e-04,3.2206,3.2931,0,9,42,1796,86,96
182,1978,2160,0.084259,0.917,2.201311e+00,1.085552e-02,3.1883,3.2975,0,6,147,1795,86,96
183,1977,2160,0.084722,0.917,3.161241e+00,2.840904e-04,3.2284,3.3115,0,9,40,1794,86,96
184,1976,2160,0.085185,0.917,3.152009e+00,1.897511e-04,3.2148,3.2997,0,8,88,1793,86,96
185,1975,2160,0.085648,0.917,3.139124e+00,1.414302e-04,3.1896,3.3192,0,5,29,1792,86,96
186,1974,2160,0.086111,0.917,3.123564e+00,3.027877e-04,3.2149,3.3165,0,9,4,1791,86,96
187,1973,2160,0.086574,0.917,3.123803e+00,1.156063e-02,3.1937,3.3052,2,7,0,1791,86,95
188,1972,2160,0.087037,0.917,3.105285e+00,9.182567e-03,3.1946,3.3243,0,6,71,1790,86,95
189,1971,2160,0.0875,0.917,2.145065e+00,1.080996e-02,3.204,3.3127,0,6,101,1789,86,95
190,1970,2160,0.087963,0.917,3.081014e+00,1.146982e-02,3.2128,3.2918,0,6,44,1788,86,95
191,1969,2160,0.088426,0.917,4.309999e+00,4.201769e-03,3.173,3.3122,1,0,7,1788,85,95
192,1968,2160,0.088889,0.917,4.311439e+00,1.293682e-02,3.2377,3.3209,2,1,0,1788,85,94
193,1967,2160,0.089352,0.917,4.258645e+00,1.359355e-02,3.2115,3.3047,2,2,0,1788,85,93
194,1966,2160,0.089815,0.917,4.242628e+00,1.452718e-02,3.1873,3.3106,2,0,0,1788,85,92
195,1965,2160,0.090278,0.917,4.203088e+00,3.238098e-04,3.1919,3.3105,0,3,191,1787,85,92
196,1964,2160,0.090741,0.917,4.220744e+00,1.283399e-03,3.2111,3.3237,1,0,5,1787,84,92
197,1963,2160,0.091204,0.917,4.171032e+00,1.850713e-02,3.2181,3.3066,2,9,0,1787,84,91
198,1962,2160,0.091667,0.917,4.127682e+00,2.006150e-02,3.2325,3.3128,2,4,0,1787,84,90
199,1961,2160,0.09213,0.917,4.014468e+00,7.294351e-03,3.1953,3.2994,1,0,8,1787,83,90
200,1960,2160,0.092593,0.917,3.933410e+00,1.045388e-02,3.2095,3.3206,1,0,9,1787,82,90
201,1959,2160,0.093056,0.917,3.871962e+00,2.540917e-04,3.2048,3.323,0,8,183,1786,82,90
202,1958,2160,0.093519,0.917,3.896418e+00,1.193953e-02,3.2106,3.3349,0,6,167,1785,82,90
203,1957,2160,0.093981,0.917,5.524645e+00,3.952882e-04,3.3812,3.5007,0,9,73,1784,82,90
204,1956,2160,0.094444,0.917,5.498657e+00,3.988857e-04,3.3165,3.4136,0,9,184,1783,82,90
205,1955,2160,0.094907,0.917,5.474047e+00,3.396013e-04,3.3427,3.4124,0,0,116,1782,82,90
206,1954,2160,0.09537,0.917,5.423223e+00,3.816288e-04,3.4827,3.365,0,3,123,1781,82,90
207,1953,2160,0.095833,0.917,5.446659e+00,1.194772e-02,3.3358,3.3332,0,6,52,1780,82,90
208,1952,2160,0.096296,0.917,7.305065e+00,3.133386e-04,3.2041,3.32,0,8,98,1779,82,90
209,1951,2160,0.096759,0.917,7.254619e+00,4.382189e-04,3.2206,3.3234,0,3,10,1778,82,90
210,1950,2160,0.097222,0.917,7.293632e+00,4.297671e-04,3.242,3.3325,0,1,97,1777,82,90
211,1949,2160,0.097685,0.917,7.285754e+00,4.468408e-04,3.2108,3.3237,0,3,158,1776,82,90
212,1948,2160,0.098148,0.917,7.311381e+00,9.958761e-03,3.2039,3.3128,0,6,46,1775,82,90
213,1947,2160,0.098611,0.917,5.435279e+00,1.010144e-02,3.2253,3.3196,0,6,35,1774,82,90
214,1946,2160,0.099074,0.917,3.900614e+00,1.031812e-02,3.2227,3.3253,0,6,185,1773,82,90
215,1945,2160,0.099537,0.917,2.703109e+00,1.010006e-02,3.2225,3.3208,0,6,142,1772,82,90
216,1944,2160,0.1,0.917,1.867262e+00,1.378545e-02,3.2151,3.3075,0,6,63,1771,82,90
217,1943,2160,0.100463,0.917,2.596306e+00,1.302438e-02,3.2023,3.3268,0,6,175,1770,82,90
218,1942,2160,0.100926,0.917,3.813108e+00,1.305250e-02,3.2243,3.3348,0,6,68,1769,82,90
219,1941,2160,0.101389,0.917,5.594823e+00,3.846023e-04,3.2323,3.3209,0,4,67,1768,82,90
220,1940,2160,0.101852,0.917,5.599960e+00,5.303491e-04,3.2077,3.3239,0,9,54,1767,82,90
221,1939,2160,0.102315,0.917,5.632996e+00,1.289942e-02,3.2048,3.3256,0,6,121,1766,82,90
222,1938,2160,0.102778,0.917,7.838110e+00,4.774198e-04,3.2324,3.3199,0,3,170,1765,82,90
223,1937,2160,0.103241,0.917,7.852523e+00,5.574643e-04,3.202,3.3375,0,9,104,1764,82,90
224,1936,2160,0.103704,0.917,7.845852e+00,4.811039e-04,3.2058,3.3034,0,1,41,1763,82,90
225,1935,2160,0.104167,0.917,7.833248e+00,3.681917e-04,3.2001,3.319,0,7,56,1762,82,90
226,1934,2160,0.10463,0.917,7.842859e+00,1.419096e-02,3.2115,3.3383,0,6,69,1761,82,90
227,1933,2160,0.105093,0.917,1.027518e+01,4.219561e-04,3.2084,3.327,0,8,112,1760,82,90
228,1932,2160,0.105556,0.917,1.019151e+01,6.691985e-04,3.1997,3.3225,0,9,137,1759,82,90
229,1931,2160,0.106019,0.917,1.017338e+01,5.723399e-04,3.2163,3.3248,0,1,21,1758,82,90
230,1930,2160,0.106481,0.917,1.016543e+01,1.569313e-03,3.1997,3.309,1,9,0,1758,81,90
231,1929,2160,0.106944,0.917,1.016258e+01,5.577969e-04,3.2386,3.3197,0,0,155,1757,81,90
232,1928,2160,0.107407,0.917,1.004962e+01,7.132635e-04,3.2094,3.3143,0,9,75,1756,81,90
233,1927,2160,0.10787,0.917,1.002915e+01,6.047061e-04,3.2413,3.3338,0,1,193,1755,81,90
234,1926,2160,0.108333,0.917,1.004098e+01,1.165710e-02,3.2471,3.3337,0,6,122,1754,81,90
235,1925,2160,0.108796,0.917,7.428034e+00,1.195823e-02,3.2327,3.3284,0,6,174,1753,81,90
236,1924,2160,0.109259,0.917,5.225751e+00,1.396799e-02,3.203,3.3337,0,6,145,1752,81,90
237,1923,2160,0.109722,0.916,7.145595e+00,1.462909e-02,3.2035,3.3244,0,6,66,1751,81,90
238,1922,2160,0.110185,0.916,9.779526e+00,6.335156e-04,3.2033,3.3404,0,1,115,1750,81,90
239,1921,2160,0.110648,0.916,9.833601e+00,7.517606e-04,3.2117,3.3236,0,9,194,1749,81,90
240,1920,2160,0.111111,0.916,9.906481e+00,4.911257e-04,3.2121,3.3341,0,8,180,1748,81,90
241,1919,2160,0.111574,0.916,9.919371e+00,1.452568e-02,3.2089,3.3273,0,6,82,1747,81,90
242,1918,2160,0.112037,0.916,1.257161e+01,5.569606e-04,3.2208,3.3179,0,8,96,1746,81,90
243,1917,2160,0.1125,0.916,1.256642e+01,5.300173e-04,3.2034,3.3375,0,7,188,1745,81,90
244,1916,2160,0.112963,0.916,1.270892e+01,5.573916e-04,3.1919,3.3221,0,8,11,1744,81,90
245,1915,2160,0.113426,0.916,1.275910e+01,5.937814e-04,3.2034,3.3235,0,2,185,1743,81,90
246,1914,2160,0.113889,0.916,1.288616e+01,7.790561e-04,3.2147,3.3201,0,3,138,1742,81,90
247,1913,2160,0.114352,0.916,1.312765e+01,7.871682e-04,3.2096,3.318,0,3,143,1741,81,90
248,1912,2160,0.114815,0.916,1.336413e+01,5.880400e-04,3.1972,3.328,0,8,61,1740,81,90
249,1911,2160,0.115278,0.916,1.340861e+01,1.263006e-02,3.2249,3.3309,0,6,125,1739,81,90
250,1910,2160,0.115741,0.916,1.034948e+01,1.267354e-02,3.2049,3.3361,0,6,168,1738,81,90
251,1909,2160,0.116204,0.916,7.805143e+00,1.511766e-02,3.208,3.3207,0,6,169,1737,81,90
252,1908,2160,0.116667,0.916,9.910435e+00,1.554458e-02,3.1735,3.3182,0,6,179,1736,81,90
253,1907,2160,0.11713,0.916,1.272224e+01,6.484255e-04,3.209,3.3297,0,2,119,1735,81,90
254,1906,2160,0.117593,0.916,1.283580e+01,7.635795e-04,3.2175,3.3159,0,0,158,1734,81,90
255,1905,2160,0.118056,0.916,1.275295e+01,7.247999e-04,3.212,3.3211,0,4,0,1733,81,90
256,1904,2160,0.118519,0.916,1.286804e+01,7.941182e-04,3.1977,3.3253,0,0,94,1732,81,90
257,1903,2160,0.118981,0.916,1.279300e+01,9.708976e-04,3.2075,3.3272,0,9,154,1731,81,90
258,1902,2160,0.119444,0.916,1.291266e+01,1.340685e-02,3.2356,3.3393,0,6,55,1730,81,90
259,1901,2160,0.119907,0.916,9.746471e+00,1.397315e-02,3.204,3.3295,0,6,92,1729,81,90
260,1900,2160,0.12037,0.917,7.148487e+00,1.783996e-02,3.2335,3.3262,0,6,45,1728,81,90
261,1899,2160,0.120833,0.917,9.384845e+00,1.405173e-02,3.1982,3.3208,0,6,96,1727,81,90
262,1898,2160,0.121296,0.917,6.766606e+00,1.807977e-02,3.1896,3.3266,0,6,95,1726,81,90
263,1897,2160,0.121759,0.917,9.096858e+00,1.408922e-02,3.2148,3.3258,0,6,107,1725,81,90
264,1896,2160,0.122222,0.917,6.313174e+00,1.393737e-02,3.214,3.328,0,6,76,1724,81,90
265,1895,2160,0.122685,0.917,4.317855e+00,1.969742e-02,3.1964,3.3305,0,6,165,1723,81,90
266,1894,2160,0.123148,0.917,6.244381e+00,1.989526e-02,3.2112,3.3329,0,6,99,1722,81,90
267,1893,2160,0.123611,0.917,9.209028e+00,7.607126e-04,3.2144,3.3337,0,4,168,1721,81,90
268,1892,2160,0.124074,0.917,9.395785e+00,6.703569e-04,3.2261,3.3147,0,8,125,1720,81,90
269,1891,2160,0.124537,0.917,9.676643e+00,8.497706e-04,3.2086,3.3249,0,0,163,1719,81,90
270,1890,2160,0.125,0.917,9.751412e+00,8.979918e-04,3.193,3.3318,0,1,191,1718,81,90
271,1889,2160,0.125463,0.917,1.005249e+01,7.311362e-04,3.2226,3.3222,0,2,167,1717,81,90
272,1888,2160,0.125926,0.917,1.039237e+01,1.062723e-03,3.2077,3.3077,0,9,25,1716,81,90
273,1887,2160,0.126389,0.917,1.070947e+01,6.719112e-04,3.2171,3.3281,0,7,27,1715,81,90
274,1886,2160,0.126852,0.917,1.101018e+01,1.079133e-03,3.2339,3.3124,0,9,87,1714,81,90
275,1885,2160,0.127315,0.917,1.114294e+01,4.864664e-04,3.2058,3.3072,0,5,75,1713,81,90
276,1884,2160,0.127778,0.917,1.108533e+01,6.969683e-04,3.2019,3.3325,0,7,186,1712,81,90
277,1883,2160,0.128241,0.917,1.128502e+01,1.517771e-02,3.2151,3.3247,0,6,98,1711,81,90
278,1882,2160,0.128704,0.917,8.239586e+00,2.037600e-02,3.229,3.3328,0,6,97,1710,81,90
279,1881,2160,0.129167,0.917,1.032866e+01,7.508246e-04,3.2137,3.3286,0,8,39,1709,81,90
280,1880,2160,0.12963,0.917,1.064938e+01,7.260102e-04,3.2244,3.3365,0,7,126,1708,81,90
281,1879,2160,0.130093,0.917,1.109104e+01,2.136127e-02,3.2125,3.3251,0,6,49,1707,81,90
282,1878,2160,0.130556,0.917,1.329712e+01,8.289329e-04,3.2254,3.3334,0,8,10,1706,81,90
283,1877,2160,0.131019,0.917,1.328921e+01,8.742621e-04,3.2109,3.3247,0,2,195,1705,81,90
284,1876,2160,0.131481,0.917,1.371213e+01,1.029461e-03,3.1995,3.3212,0,0,151,1704,81,90
285,1875,2160,0.131944,0.917,1.369281e+01,8.109312e-04,3.2028,3.3287,0,7,119,1703,81,90
286,1874,2160,0.132407,0.917,1.428172e+01,1.142529e-03,3.2007,3.3272,0,3,27,1702,81,90
287,1873,2160,0.13287,0.917,1.509242e+01,5.982547e-04,3.2168,3.3298,0,5,42,1701,81,90
288,1872,2160,0.133333,0.917,1.541661e+01,8.356000e-04,3.2004,3.3263,0,7,127,1700,81,90
289,1871,2160,0.133796,0.917,1.576454e+01,8.842550e-04,3.2377,3.3226,0,8,146,1699,81,90
290,1870,2160,0.134259,0.917,1.585524e+01,1.188402e-03,3.1994,3.3344,0,3,180,1698,81,90
291,1869,2160,0.134722,0.917,1.646813e+01,2.049096e-03,3.206,3.3309,1,5,0,1698,80,90
292,1868,2160,0.135185,0.917,1.681674e+01,8.556565e-04,3.2057,3.3341,0,7,5,1697,80,90
293,1867,2160,0.135648,0.917,1.711553e+01,1.423635e-03,3.2187,3.3171,0,9,95,1696,80,90
294,1866,2160,0.136111,0.917,1.726731e+01,8.924268e-04,3.2057,3.3232,0,7,184,1695,80,90
295,1865,2160,0.136574,0.917,1.759194e+01,1.247496e-03,3.2387,3.3209,0,1,62,1694,80,90
296,1864,2160,0.137037,0.917,1.774779e+01,6.681505e-04,3.1911,3.3292,0,5,27,1693,80,90
297,1863,2160,0.1375,0.917,1.758555e+01,1.012000e-03,3.215,3.3273,0,2,32,1692,80,90
298,1862,2160,0.137963,0.917,1.769916e+01,1.110441e-03,3.2055,3.3388,0,4,9,1691,80,90
299,1861,2160,0.138426,0.917,1.784588e+01,1.141224e-03,3.2191,3.3219,0,0,27,1690,80,90
300,1860,2160,0.138889,0.917,1.723471e+01,1.211535e-03,3.2066,3.3334,0,0,184,1689,80,90
301,1859,2160,0.139352,0.917,1.733852e+01,1.668414e-02,3.2206,3.3198,0,6,161,1688,80,90
302,1858,2160,0.139815,0.917,1.479721e+01,2.055275e-02,3.1985,3.3419,0,6,87,1687,80,90
303,1857,2160,0.140278,0.917,1.552272e+01,1.536505e-03,3.2135,3.3309,0,9,78,1686,80,90
304,1856,2160,0.140741,0.917,1.609890e+01,1.084741e-03,3.2038,3.3153,0,2,99,1685,80,90
305,1855,2160,0.141204,0.917,1.685821e+01,1.415846e-03,3.2053,3.314,0,3,126,1684,80,90
306,1854,2160,0.141667,0.917,1.808755e+01,1.057802e-03,3.2058,3.3274,0,8,47,1683,80,90
307,1853,2160,0.14213,0.917,1.846602e+01,1.629772e-03,3.2327,3.332,0,9,28,1682,80,90
308,1852,2160,0.142593,0.917,1.895086e+01,1.258634e-03,3.1977,3.306,0,0,28,1681,80,90
309,1851,2160,0.143056,0.917,1.773126e+01,1.131554e-03,3.2105,3.3286,0,2,182,1680,80,90
310,1850,2160,0.143519,0.917,1.856658e+01,2.186321e-02,3.2133,3.3138,0,6,162,1679,80,90
311,1849,2160,0.143981,0.917,1.773159e+01,1.348991e-03,3.2169,3.3202,0,0,19,1678,80,90
312,1848,2160,0.144444,0.917,1.714628e+01,1.357476e-03,3.2003,3.3302,0,0,16,1677,80,90
313,1847,2160,0.144907,0.917,1.697227e+01,1.341479e-03,3.2037,3.3139,0,0,7,1676,80,90
314,1846,2160,0.14537,0.917,1.704004e+01,1.379703e-03,3.2023,3.3105,0,0,32,1675,80,90
315,1845,2160,0.145833,0.917,1.686220e+01,1.299699e-03,3.2176,3.3003,0,4,73,1674,80,90
316,1844,2160,0.146296,0.917,1.747985e+01,1.489191e-03,3.1949,3.3176,0,1,195,1673,80,90
317,1843,2160,0.146759,0.917,1.846062e+01,1.140383e-03,3.2559,3.3248,0,8,181,1672,80,90
318,1842,2160,0.147222,0.917,1.903419e+01,1.751290e-03,3.199,3.3255,0,9,126,1671,80,90
319,1841,2160,0.147685,0.917,1.859525e+01,1.546761e-03,3.2057,3.3223,0,3,151,1670,80,90
320,1840,2160,0.148148,0.917,1.979983e+01,1.501543e-03,3.2014,3.3169,0,1,184,1669,80,90
321,1839,2160,0.148611,0.917,2.118169e+01,1.226212e-03,3.2026,3.3107,0,2,111,1668,80,90
322,1838,2160,0.149074,0.917,2.225798e+01,1.350391e-03,3.224,3.3251,0,4,15,1667,80,90
323,1837,2160,0.149537,0.917,2.276836e+01,1.846151e-03,3.2069,3.3239,0,9,193,1666,80,90
324,1836,2160,0.15,0.917,2.347798e+01,1.399883e-03,3.2091,3.3284,0,4,194,1665,80,90
325,1835,2160,0.150463,0.917,2.393835e+01,1.596827e-03,3.2121,3.3247,0,1,25,1664,80,90
326,1834,2160,0.150926,0.917,2.482349e+01,7.696240e-04,3.2065,3.3069,1,4,3,1664,79,90
327,1833,2160,0.151389,0.917,2.357912e+01,1.949967e-03,3.2066,3.3059,0,9,152,1663,79,90
328,1832,2160,0.151852,0.917,2.452215e+01,1.543109e-03,3.2375,3.3067,0,1,152,1662,79,90
329,1831,2160,0.152315,0.917,2.297781e+01,1.948167e-03,3.1916,3.3084,0,9,164,1661,79,90
330,1830,2160,0.152778,0.917,2.407708e+01,1.284283e-03,3.2046,3.3143,0,8,108,1660,79,90
331,1829,2160,0.153241,0.917,2.452563e+01,1.794056e-02,3.2036,3.3223,0,6,47,1659,79,90
332,1828,2160,0.153704,0.917,2.419479e+01,2.278155e-02,3.2027,3.3202,0,6,192,1658,79,90
333,1827,2160,0.154167,0.917,2.142643e+01,1.259970e-03,3.2143,3.3106,0,8,111,1657,79,90
334,1826,2160,0.15463,0.917,2.159850e+01,1.718805e-03,3.2047,3.3197,0,3,92,1656,79,90
335,1825,2160,0.155093,0.918,2.332489e+01,1.599091e-03,3.2081,3.3236,0,0,111,1655,79,90
336,1824,2160,0.155556,0.918,2.309918e+01,1.605475e-03,3.2312,3.3261,0,0,154,1654,79,90
337,1823,2160,0.156019,0.918,2.323456e+01,1.251868e-03,3.2026,3.3208,0,7,183,1653,79,90
338,1822,2160,0.156481,0.918,2.450864e+01,1.615336e-03,3.2288,3.3158,0,0,169,1652,79,90
339,1821,2160,0.156944,0.918,2.433952e+01,2.019690e-03,3.2349,3.3201,0,9,175,1651,79,90
340,1820,2160,0.157407,0.918,2.520470e+01,1.534836e-03,3.1879,3.316,0,4,28,1650,79,90
341,1819,2160,0.15787,0.918,2.573207e+01,1.297829e-03,3.2286,3.3258,0,7,16,1649,79,90
342,1818,2160,0.158333,0.918,2.685636e+01,1.833845e-02,3.1881,3.3201,0,6,184,1648,79,90
343,1817,2160,0.158796,0.918,2.717167e+01,2.811334e-02,3.2063,3.3262,0,6,151,1647,79,90
344,1816,2160,0.159259,0.918,2.383302e+01,1.812553e-03,3.1995,3.3158,0,1,65,1646,79,90
345,1815,2160,0.159722,0.918,2.414655e+01,1.630379e-03,3.2114,3.3081,0,4,178,1645,79,90
346,1814,2160,0.160185,0.918,2.487616e+01,1.870181e-03,3.2127,3.3131,0,1,42,1644,79,90
347,1813,2160,0.160648,0.918,2.621967e+01,9.873370e-04,3.2293,3.3279,0,5,180,1643,79,90
348,1812,2160,0.161111,0.917,2.731857e+01,1.551393e-03,3.2172,3.3286,0,4,180,1642,79,90
349,1811,2160,0.161574,0.918,2.570021e+01,1.769379e-03,3.2127,3.3114,0,0,127,1641,79,90
350,1810,2160,0.162037,0.918,2.600691e+01,2.202246e-03,3.2117,3.3235,0,9,179,1640,79,90
351,1809,2160,0.1625,0.918,2.696540e+01,1.793967e-03,3.2114,3.3124,0,0,125,1639,79,90
352,1808,2160,0.162963,0.917,2.708651e+01,1.890452e-03,3.2226,3.3268,0,1,11,1638,79,90
353,1807,2160,0.163426,0.918,2.792703e+01,1.827420e-03,3.2037,3.3268,0,0,185,1637,79,90
354,1806,2160,0.163889,0.918,2.756389e+01,1.837656e-03,3.1937,3.3084,0,0,72,1636,79,90
355,1805,2160,0.164352,0.918,2.725855e+01,1.727958e-03,3.212,3.3093,0,4,31,1635,79,90
356,1804,2160,0.164815,0.919,2.822686e+01,1.486480e-03,3.2283,3.3171,0,8,19,1634,79,90
357,1803,2160,0.165278,0.919,2.941571e+01,1.487097e-03,3.1979,3.3059,0,7,82,1633,79,90
358,1802,2160,0.165741,0.918,3.103854e+01,1.492197e-03,3.2034,3.3088,0,7,3,1632,79,90
359,1801,2160,0.166204,0.918,3.290923e+01,1.477110e-03,3.2084,3.3098,0,7,115,1631,79,90
360,1800,2160,0.166667,0.918,3.503291e+01,2.028696e-03,3.2012,3.3227,0,1,46,1630,79,90
361,1799,2160,0.16713,0.919,3.614101e+01,2.071173e-03,3.2,3.3241,0,3,112,1629,79,90
362,1798,2160,0.167593,0.918,3.804194e+01,2.403736e-03,3.2071,3.3175,0,9,84,1628,79,90
363,1797,2160,0.168056,0.918,3.908393e+01,1.979545e-03,3.203,3.3202,0,0,123,1627,79,90
364,1796,2160,0.168519,0.918,3.816913e+01,1.697832e-03,3.197,3.3324,0,2,56,1626,79,90
365,1795,2160,0.168981,0.918,3.977161e+01,2.078399e-02,3.2207,3.3278,0,6,116,1625,79,90
366,1794,2160,0.169444,0.919,3.950402e+01,2.053967e-02,3.2133,3.3302,0,6,73,1624,79,90
367,1793,2160,0.169907,0.918,3.774434e+01,2.043254e-02,3.2209,3.3273,1,3,6,1624,78,90
368,1792,2160,0.17037,0.918,3.452983e+01,3.425850e-02,3.2075,3.317,0,6,39,1623,78,90
369,1791,2160,0.170833,0.918,3.214890e+01,2.267957e-02,3.2226,3.3383,0,6,93,1622,78,90
370,1790,2160,0.171296,0.918,3.088180e+01,2.020300e-03,3.2032,3.3206,0,0,170,1621,78,90
371,1789,2160,0.171759,0.918,3.202385e+01,2.017820e-03,3.2182,3.3383,0,0,54,1620,78,90
372,1788,2160,0.172222,0.918,3.236725e+01,1.146427e-03,3.2152,3.3219,0,5,83,1619,78,90
373,1787,2160,0.172685,0.919,3.398434e+01,2.217131e-03,3.2004,3.3168,0,3,56,1618,78,90
374,1786,2160,0.173148,0.918,3.464303e+01,2.597351e-03,3.2039,3.3183,0,9,9,1617,78,90
375,1785,2160,0.173611,0.918,3.646288e+01,1.783611e-03,3.2472,3.3298,0,2,59,1616,78,90
376,1784,2160,0.174074,0.918,3.828885e+01,2.238688e-03,3.1871,3.3306,0,3,9,1615,78,90
377,1783,2160,0.174537,0.918,3.554548e+01,1.701248e-03,3.1975,3.3259,0,8,110,1614,78,90
378,1782,2160,0.175,0.918,3.712744e+01,2.313997e-03,3.2247,3.3227,0,3,181,1613,78,90
379,1781,2160,0.175463,0.919,4.055081e+01,1.717671e-03,3.201,3.3036,0,8,150,1612,78,90
380,1780,2160,0.175926,0.918,4.202955e+01,1.656864e-03,3.2151,3.3241,0,7,55,1611,78,90
381,1779,2160,0.176389,0.918,4.435006e+01,2.177204e-03,3.2128,3.3312,0,0,45,1610,78,90
382,1778,2160,0.176852,0.918,4.405552e+01,2.349266e-03,3.1982,3.3265,0,3,195,1609,78,90
383,1777,2160,0.177315,0.919,4.644196e+01,2.355570e-03,3.2106,3.305,0,3,70,1608,78,90
384,1776,2160,0.177778,0.918,4.963236e+01,2.198898e-03,3.2049,3.3208,0,0,36,1607,78,90
385,1775,2160,0.178241,0.918,4.957007e+01,2.395009e-03,3.2309,3.3289,0,3,185,1606,78,90
386,1774,2160,0.178704,0.918,5.243574e+01,1.925635e-03,3.225,3.3167,0,4,185,1605,78,90
387,1773,2160,0.179167,0.918,5.027145e+01,2.033178e-03,3.2097,3.3281,0,4,56,1604,78,90
388,1772,2160,0.17963,0.919,5.256871e+01,2.174838e-03,3.2162,3.3165,0,0,83,1603,78,90
389,1771,2160,0.180093,0.919,5.482484e+01,2.779183e-03,3.2041,3.3051,0,9,99,1602,78,90
390,1770,2160,0.180556,0.918,5.666945e+01,2.110312e-03,3.2052,3.3216,0,4,169,1601,78,90
391,1769,2160,0.181019,0.919,5.817844e+01,2.290707e-03,3.2169,3.3169,0,0,134,1600,78,90
392,1768,2160,0.181481,0.919,5.747924e+01,2.290553e-03,3.2152,3.3353,0,0,168,1599,78,90
393,1767,2160,0.181944,0.919,5.675429e+01,1.835311e-03,3.2317,3.3275,0,8,57,1598,78,90
394,1766,2160,0.182407,0.919,5.753217e+01,1.833886e-03,3.2064,3.3235,0,8,126,1597,78,90
395,1765,2160,0.18287,0.919,5.908205e+01,2.839045e-03,3.2372,3.3291,0,9,157,1596,78,90
396,1764,2160,0.183333,0.918,6.091021e+01,2.508886e-03,3.2344,3.317,0,3,142,1595,78,90
397,1763,2160,0.183796,0.919,6.379102e+01,2.500909e-03,3.2062,3.3174,0,3,83,1594,78,90
398,1762,2160,0.184259,0.918,6.708483e+01,2.535388e-03,3.2072,3.3109,0,3,166,1593,78,90
399,1761,2160,0.184722,0.919,7.045122e+01,2.915723e-03,3.2036,3.327,0,9,2,1592,78,90
400,1760,2160,0.185185,0.919,7.210924e+01,1.878579e-03,3.2035,3.3228,0,7,69,1591,78,90
401,1759,2160,0.185648,0.919,7.376405e+01,2.219080e-03,3.2208,3.3096,0,4,83,1590,78,90
402,1758,2160,0.186111,0.918,7.257472e+01,1.869282e-03,3.2061,3.3087,0,8,2,1589,78,90
403,1757,2160,0.186574,0.919,7.178363e+01,2.985053e-03,3.2101,3.3175,0,9,92,1588,78,90
404,1756,2160,0.187037,0.918,7.291817e+01,2.639191e-03,3.2101,3.3095,0,3,164,1587,78,90
405,1755,2160,0.1875,0.918,7.629896e+01,1.994898e-03,3.2223,3.3208,0,8,124,1586,78,90
406,1754,2160,0.187963,0.918,7.754442e+01,2.566705e-03,3.2105,3.3075,0,1,113,1585,78,90
407,1753,2160,0.188426,0.918,7.899756e+01,2.512682e-03,3.2374,3.312,0,0,182,1584,78,90
408,1752,2160,0.188889,0.918,7.807302e+01,2.511720e-03,3.2242,3.3233,0,0,26,1583,78,90
409,1751,2160,0.189352,0.918,7.685429e+01,2.496429e-03,3.2026,3.3149,0,0,152,1582,78,90
410,1750,2160,0.189815,0.918,7.583084e+01,2.720939e-03,3.2177,3.3149,0,1,10,1581,78,90
411,1749,2160,0.190278,0.918,7.779751e+01,2.847974e-03,3.2141,3.3169,0,3,97,1580,78,90
412,1748,2160,0.190741,0.919,8.188660e+01,2.828970e-03,3.2149,3.3296,0,3,131,1579,78,90
413,1747,2160,0.191204,0.919,8.583307e+01,2.444106e-03,3.212,3.332,0,4,184,1578,78,90
414,1746,2160,0.191667,0.918,8.799493e+01,2.035616e-03,3.2135,3.3173,0,7,112,1577,78,90
415,1745,2160,0.19213,0.918,9.072290e+01,2.640809e-03,3.2153,3.3276,0,0,85,1576,78,90
416,1744,2160,0.192593,0.918,8.946313e+01,2.880780e-03,3.2323,3.33,0,3,184,1575,78,90
417,1743,2160,0.193056,0.919,8.824549e+01,2.632964e-03,3.2176,3.3125,0,0,2,1574,78,90
418,1742,2160,0.193519,0.919,8.871600e+01,2.488073e-03,3.1996,3.3188,0,4,16,1573,78,90
419,1741,2160,0.193981,0.918,9.063391e+01,1.232014e-03,3.22,3.3115,0,5,2,1572,78,90
420,1740,2160,0.194444,0.918,8.796502e+01,2.056791e-03,3.1993,3.3158,0,7,4,1571,78,90
421,1739,2160,0.194907,0.918,9.309087e+01,2.490752e-03,3.2113,3.3137,0,4,191,1570,78,90
422,1738,2160,0.19537,0.919,9.608046e+01,2.517251e-03,3.2051,3.3175,0,4,8,1569,78,90
423,1737,2160,0.195833,0.918,9.809727e+01,2.255441e-03,3.2057,3.3188,0,2,8,1568,78,90
424,1736,2160,0.196296,0.919,9.606356e+01,2.927156e-03,3.1969,3.3282,0,3,4,1567,78,90
425,1735,2160,0.196759,0.919,1.013721e+02,2.495896e-03,3.1962,3.304,0,4,6,1566,78,90
426,1734,2160,0.197222,0.919,1.043658e+02,3.321432e-03,3.197,3.3313,0,9,26,1565,78,90
427,1733,2160,0.197685,0.919,1.070683e+02,2.734651e-03,3.2081,3.3125,0,0,171,1564,78,90
428,1732,2160,0.198148,0.919,1.060208e+02,3.377450e-03,3.2052,3.3165,0,9,55,1563,78,90
429,1731,2160,0.198611,0.919,1.084687e+02,3.402503e-03,3.1965,3.315,0,9,170,1562,78,90
430,1730,2160,0.199074,0.919,1.108857e+02,1.997629e-03,3.2174,3.3162,2,6,2,1562,78,89
431,1729,2160,0.199537,0.919,1.066681e+02,3.036604e-03,3.217,3.3186,0,3,42,1561,78,89
432,1728,2160,0.2,0.919,1.127599e+02,2.190492e-03,3.2149,3.3355,0,7,18,1560,78,89
433,1727,2160,0.200463,0.919,1.173590e+02,3.528832e-03,3.232,3.3252,0,9,70,1559,78,89
434,1726,2160,0.200926,0.919,1.197283e+02,1.594248e-03,3.1937,3.3076,0,5,183,1558,78,89
435,1725,2160,0.201389,0.919,1.221801e+02,2.889948e-03,3.2358,3.3148,0,0,10,1557,78,89
436,1724,2160,0.201852,0.919,1.217004e+02,3.077446e-03,3.207,3.3024,0,1,139,1556,78,89
437,1723,2160,0.202315,0.919,1.230046e+02,3.057254e-03,3.2027,3.3063,0,1,15,1555,78,89
438,1722,2160,0.202778,0.919,1.242734e+02,1.615730e-03,3.2298,3.2942,0,5,88,1554,78,89
439,1721,2160,0.203241,0.919,1.255828e+02,3.075203e-03,3.1997,3.3227,0,1,18,1553,78,89
440,1720,2160,0.203704,0.919,1.251922e+02,2.937265e-03,3.2243,3.3186,0,0,20,1552,78,89
441,1719,2160,0.204167,0.919,1.241141e+02,2.299224e-03,3.2358,3.3252,0,7,148,1551,78,89
442,1718,2160,0.20463,0.919,1.267072e+02,2.287881e-03,3.2073,3.3212,0,7,84,1550,78,89
443,1717,2160,0.205093,0.919,1.300470e+02,2.482604e-03,3.2368,3.3231,0,2,28,1549,78,89
444,1716,2160,0.205556,0.918,1.327561e+02,2.979733e-03,3.212,3.3277,0,1,148,1548,78,89
445,1715,2160,0.206019,0.918,1.291195e+02,3.153889e-03,3.2051,3.3185,0,3,63,1547,78,89
446,1714,2160,0.206481,0.917,1.341782e+02,2.727700e-03,3.2072,3.3106,0,4,55,1546,78,89
447,1713,2160,0.206944,0.917,1.359241e+02,3.709988e-03,3.2329,3.3005,0,9,1,1545,78,89
448,1712,2160,0.207407,0.917,1.391431e+02,3.035585e-03,3.2016,3.3153,0,0,95,1544,78,89
449,1711,2160,0.20787,0.917,1.379890e+02,2.310774e-03,3.2027,3.3129,0,7,7,1543,78,89
450,1710,2160,0.208333,0.917,1.408915e+02,3.741054e-03,3.2065,3.3257,0,9,132,1542,78,89
451,1709,2160,0.208796,0.917,1.423729e+02,3.076002e-03,3.2082,3.33,0,0,37,1541,78,89
452,1708,2160,0.209259,0.917,1.405683e+02,2.833089e-03,3.2303,3.3187,0,4,154,1540,78,89
453,1707,2160,0.209722,0.917,1.415954e+02,2.854555e-03,3.2473,3.3237,0,4,71,1539,78,89
454,1706,2160,0.210185,0.917,1.435302e+02,2.839036e-03,3.2183,3.3147,0,4,41,1538,78,89
455,1705,2160,0.210648,0.917,1.452206e+02,3.253431e-03,3.2364,3.3269,0,1,111,1537,78,89
456,1704,2160,0.211111,0.917,1.486378e+02,3.873569e-03,3.1979,3.3269,0,9,192,1536,78,89
457,1703,2160,0.211574,0.917,1.503439e+02,1.793062e-03,3.2179,3.306,0,5,47,1535,78,89
458,1702,2160,0.212037,0.918,1.515809e+02,2.470862e-03,3.2198,3.3187,0,7,42,1534,78,89
459,1701,2160,0.2125,0.918,1.538724e+02,3.359591e-03,3.2005,3.3123,0,1,3,1533,78,89
460,1700,2160,0.212963,0.918,1.578656e+02,2.997560e-03,3.2576,3.323,0,4,54,1532,78,89
461,1699,2160,0.213426,0.917,1.594449e+02,3.967765e-03,3.2026,3.3193,0,9,5,1531,78,89
462,1698,2160,0.213889,0.917,1.612500e+02,2.445969e-03,3.2013,3.3137,0,8,5,1530,78,89
463,1697,2160,0.214352,0.917,1.562598e+02,3.001685e-03,3.2058,3.3278,0,4,135,1529,78,89
464,1696,2160,0.214815,0.916,1.588382e+02,2.743346e-03,3.2426,3.3169,0,2,30,1528,78,89
465,1695,2160,0.215278,0.916,1.627649e+02,3.365767e-03,3.2223,3.3227,0,3,5,1527,78,89
466,1694,2160,0.215741,0.916,1.597648e+02,3.961238e-03,3.1998,3.3124,0,9,112,1526,78,89
467,1693,2160,0.216204,0.917,1.655950e+02,3.238409e-03,3.2069,3.3254,0,0,29,1525,78,89
468,1692,2160,0.216667,0.917,1.696578e+02,3.984364e-03,3.2092,3.3315,0,9,29,1524,78,89
469,1691,2160,0.21713,0.917,1.634638e+02,2.781059e-03,3.2291,3.3379,0,2,152,1523,78,89
470,1690,2160,0.217593,0.917,1.681537e+02,4.138863e-03,3.2156,3.3312,0,9,19,1522,78,89
471,1689,2160,0.218056,0.916,1.724676e+02,3.651074e-03,3.2112,3.3307,0,3,43,1521,78,89
472,1688,2160,0.218519,0.917,1.774134e+02,3.127827e-03,3.2032,3.329,0,4,25,1520,78,89
473,1687,2160,0.218981,0.916,1.800769e+02,2.710146e-03,3.2112,3.3198,0,8,153,1519,78,89
474,1686,2160,0.219444,0.917,1.819505e+02,3.128580e-03,3.2328,3.324,0,4,3,1518,78,89
475,1685,2160,0.219907,0.917,1.807208e+02,3.375336e-03,3.231,3.3248,0,0,82,1517,78,89
476,1684,2160,0.22037,0.917,1.781491e+02,3.548913e-03,3.201,3.3018,0,3,3,1516,78,89
477,1683,2160,0.220833,0.917,1.763308e+02,4.212118e-03,3.2185,3.328,0,9,155,1515,78,89
478,1682,2160,0.221296,0.917,1.825982e+02,3.673701e-03,3.2024,3.324,0,3,26,1514,78,89
479,1681,2160,0.221759,0.917,1.899259e+02,3.681001e-03,3.2077,3.3117,0,3,29,1513,78,89
480,1680,2160,0.222222,0.916,1.940013e+02,4.227842e-03,3.2099,3.293,0,9,0,1512,78,89
481,1679,2160,0.222685,0.917,1.974577e+02,4.204108e-03,3.1971,3.3257,0,9,33,1511,78,89
482,1678,2160,0.223148,0.917,1.995413e+02,3.189182e-03,3.2152,3.3152,0,4,24,1510,78,89
483,1677,2160,0.223611,0.917,2.002291e+02,4.274058e-03,3.2371,3.3217,0,9,182,1509,78,89
484,1676,2160,0.224074,0.917,2.025709e+02,3.511882e-03,3.2035,3.3327,0,0,189,1508,78,89
485,1675,2160,0.224537,0.917,1.991760e+02,3.513679e-03,3.2258,3.3302,0,0,4,1507,78,89
486,1674,2160,0.225,0.916,1.956973e+02,2.720594e-03,3.2296,3.323,0,7,189,1506,78,89
487,1673,2160,0.225463,0.916,1.965543e+02,4.278039e-03,3.2219,3.3237,0,9,125,1505,78,89
488,1672,2160,0.225926,0.917,1.994095e+02,2.728460e-03,3.2223,3.324,0,7,19,1504,78,89
489,1671,2160,0.226389,0.917,2.033001e+02,4.392231e-03,3.1991,3.3229,0,9,7,1503,78,89
490,1670,2160,0.226852,0.916,2.072468e+02,3.808390e-03,3.2166,3.3042,0,1,182,1502,78,89
491,1669,2160,0.227315,0.916,2.055690e+02,3.338048e-03,3.2028,3.3086,0,4,29,1501,78,89
492,1668,2160,0.227778,0.917,2.054103e+02,4.459685e-03,3.199,3.3264,0,9,27,1500,78,89
493,1667,2160,0.228241,0.917,2.096673e+02,3.946207e-03,3.2128,3.3203,0,3,113,1499,78,89
494,1666,2160,0.228704,0.916,2.152347e+02,2.791040e-03,3.194,3.3283,0,7,182,1498,78,89
495,1665,2160,0.229167,0.916,2.142019e+02,4.547339e-03,3.22,3.3237,0,9,124,1497,78,89
496,1664,2160,0.22963,0.916,2.177557e+02,2.864968e-03,3.2129,3.3301,0,7,23,1496,78,89
497,1663,2160,0.230093,0.916,2.201542e+02,3.098523e-03,3.2216,3.3065,0,2,125,1495,78,89
498,1662,2160,0.230556,0.916,2.201536e+02,1.307190e-03,3.2063,3.3391,2,7,4,1495,78,88
499,1661,2160,0.231019,0.917,2.103159e+02,2.834157e-03,3.2129,3.3338,0,7,59,1494,78,88
500,1660,2160,0.231481,0.917,2.179430e+02,3.963652e-03,3.2107,3.3205,0,3,154,1493,78,88
501,1659,2160,0.231944,0.916,2.260519e+02,4.554499e-03,3.2108,3.3202,0,9,102,1492,78,88
502,1658,2160,0.232407,0.916,2.300975e+02,3.942800e-03,3.2035,3.3163,0,3,102,1491,78,88
503,1657,2160,0.23287,0.916,2.197042e+02,2.869018e-03,3.2082,3.3276,0,7,89,1490,78,88
504,1656,2160,0.233333,0.916,2.260002e+02,4.604274e-03,3.2271,3.331,0,9,38,1489,78,88
505,1655,2160,0.233796,0.916,2.290731e+02,3.720115e-03,3.2118,3.3191,0,0,91,1488,78,88
506,1654,2160,0.234259,0.915,2.263707e+02,4.037905e-03,3.1986,3.3005,0,3,32,1487,78,88
507,1653,2160,0.234722,0.915,2.337446e+02,4.638722e-03,3.2118,3.3226,0,9,103,1486,78,88
508,1652,2160,0.235185,0.915,2.384993e+02,8.770660e-03,3.2174,3.3136,2,4,9,1486,78,87
509,1651,2160,0.235648,0.915,2.400398e+02,3.200003e-03,3.2209,3.3274,0,2,153,1485,78,87
510,1650,2160,0.236111,0.915,2.440279e+02,4.065447e-03,3.2141,3.3229,0,3,103,1484,78,87
511,1649,2160,0.236574,0.915,2.373735e+02,1.901530e-03,3.2321,3.3111,0,5,153,1483,78,87
512,1648,2160,0.237037,0.915,2.424920e+02,3.208688e-03,3.2125,3.3237,0,2,69,1482,78,87
513,1647,2160,0.2375,0.915,2.516047e+02,3.084276e-03,3.2131,3.3338,0,8,187,1481,78,87
514,1646,2160,0.237963,0.915,2.547340e+02,4.791821e-03,3.2238,3.3151,0,9,106,1480,78,87
515,1645,2160,0.238426,0.915,2.575451e+02,2.192440e-03,3.2024,3.2883,0,5,140,1479,78,87
516,1644,2160,0.238889,0.915,2.580283e+02,3.907067e-03,3.2046,3.309,0,0,14,1478,78,87
517,1643,2160,0.239352,0.915,2.533941e+02,3.319324e-03,3.1847,3.3079,0,2,151,1477,78,87
518,1642,2160,0.239815,0.914,2.560458e+02,4.116076e-03,3.2026,3.3183,0,1,167,1476,78,87
519,1641,2160,0.240278,0.914,2.601635e+02,4.854709e-03,3.2072,3.3365,0,9,156,1475,78,87
520,1640,2160,0.240741,0.914,2.635514e+02,4.864180e-03,3.2003,3.3332,0,9,183,1474,78,87
521,1639,2160,0.241204,0.914,2.678570e+02,4.026905e-03,3.2432,3.3298,0,0,80,1473,78,87
522,1638,2160,0.241667,0.914,2.638990e+02,3.418237e-03,3.2225,3.3178,0,2,29,1472,78,87
523,1637,2160,0.24213,0.914,2.695779e+02,5.005036e-03,3.2087,3.3136,0,9,109,1471,78,87
524,1636,2160,0.242593,0.913,2.736648e+02,4.380772e-03,3.2471,3.3057,0,3,44,1470,78,87
525,1635,2160,0.243056,0.912,2.814375e+02,4.094332e-03,3.2049,3.3143,0,0,92,1469,78,87
526,1634,2160,0.243519,0.912,2.795646e+02,4.104367e-03,3.192,3.3069,0,0,56,1468,78,87
527,1633,2160,0.243981,0.912,2.757618e+02,3.310673e-03,3.2114,3.3141,0,8,3,1467,78,87
528,1632,2160,0.244444,0.912,2.776279e+02,4.046892e-03,3.1919,3.3127,0,0,164,1466,78,87
529,1631,2160,0.244907,0.912,2.764747e+02,2.808469e-03,3.208,3.3121,2,0,5,1466,78,86
530,1630,2160,0.24537,0.913,2.744308e+02,4.140001e-03,3.1993,3.317,0,0,11,1465,78,86
531,1629,2160,0.245833,0.913,2.774477e+02,3.928691e-03,3.2264,3.3347,0,4,192,1464,78,86
532,1628,2160,0.246296,0.914,2.825217e+02,3.917504e-03,3.2526,3.3118,0,4,79,1463,78,86
533,1627,2160,0.246759,0.916,2.876564e+02,4.402155e-03,3.2029,3.3165,0,1,94,1462,78,86
534,1626,2160,0.247222,0.915,2.931618e+02,4.538221e-03,3.2157,3.3216,0,3,192,1461,78,86
535,1625,2160,0.247685,0.915,2.917043e+02,5.214093e-03,3.2096,3.3306,0,9,185,1460,78,86
536,1624,2160,0.248148,0.914,3.025468e+02,4.005351e-03,3.2212,3.3357,0,4,97,1459,78,86
537,1623,2160,0.248611,0.914,3.106126e+02,4.652380e-03,3.1925,3.3122,0,3,167,1458,78,86
538,1622,2160,0.249074,0.914,3.202815e+02,4.526645e-03,3.2133,3.3133,0,1,183,1457,78,86
539,1621,2160,0.249537,0.914,3.338271e+02,4.612669e-03,3.2158,3.3201,0,1,73,1456,78,86
540,1620,2160,0.25,0.914,3.421952e+02,4.454071e-03,3.2062,3.3105,0,0,126,1455,78,86
541,1619,2160,0.250463,0.914,3.433767e+02,5.412873e-03,3.2128,3.3176,0,9,167,1454,78,86
542,1618,2160,0.250926,0.914,3.291096e+02,3.431616e-03,3.2075,3.3267,0,7,62,1453,78,86
543,1617,2160,0.251389,0.914,3.401936e+02,3.430195e-03,3.2525,3.3218,0,7,105,1452,78,86
544,1616,2160,0.251852,0.914,3.471872e+02,4.547508e-03,3.2233,3.3217,0,0,138,1451,78,86
545,1615,2160,0.252315,0.914,3.453863e+02,3.449443e-03,3.2271,3.3371,0,7,169,1450,78,86
546,1614,2160,0.252778,0.914,3.546200e+02,3.813277e-03,3.215,3.3127,0,2,120,1449,78,86
547,1613,2160,0.253241,0.915,3.616215e+02,4.582392e-03,3.2207,3.3309,0,0,148,1448,78,86
548,1612,2160,0.253704,0.915,3.579696e+02,2.551408e-03,3.2133,3.3338,0,5,168,1447,78,86
549,1611,2160,0.254167,0.915,3.666697e+02,3.841860e-03,3.2071,3.3236,0,2,183,1446,78,86
550,1610,2160,0.25463,0.915,3.771965e+02,4.799015e-03,3.21,3.3216,0,1,126,1445,78,86
551,1609,2160,0.255093,0.915,3.916281e+02,3.520496e-03,3.1979,3.331,0,7,168,1444,78,86
552,1608,2160,0.255556,0.915,3.963352e+02,4.798966e-03,3.2195,3.315,0,1,155,1443,78,86
553,1607,2160,0.256019,0.915,4.092266e+02,3.665062e-03,3.1972,3.3287,0,8,90,1442,78,86
554,1606,2160,0.256481,0.914,4.124918e+02,4.799234e-03,3.2115,3.3239,0,1,50,1441,78,86
555,1605,2160,0.256944,0.914,4.158167e+02,4.651088e-03,3.2049,3.3163,0,0,103,1440,78,86
556,1604,2160,0.257407,0.914,4.133472e+02,5.014321e-03,3.2117,3.3166,0,3,99,1439,78,86
557,1603,2160,0.25787,0.915,4.271953e+02,4.699449e-03,3.2007,3.3227,0,0,110,1438,78,86
558,1602,2160,0.258333,0.915,4.303047e+02,5.068189e-03,3.238,3.3346,0,3,125,1437,78,86
559,1601,2160,0.258796,0.915,4.434460e+02,5.055467e-03,3.2369,3.3186,0,3,41,1436,78,86
560,1600,2160,0.259259,0.915,4.608284e+02,5.045701e-03,3.2425,3.3255,0,3,177,1435,78,86
561,1599,2160,0.259722,0.915,4.751183e+02,5.124908e-03,3.1996,3.3218,0,3,98,1434,78,86
562,1598,2160,0.260185,0.915,4.898418e+02,3.748550e-03,3.2303,3.3315,0,8,177,1433,78,86
563,1597,2160,0.260648,0.915,4.921936e+02,5.879770e-03,3.2255,3.3322,0,9,98,1432,78,86
564,1596,2160,0.261111,0.915,4.719582e+02,3.465177e-03,3.188,3.3305,0,7,98,1431,78,86
565,1595,2160,0.261574,0.915,4.712083e+02,5.871119e-03,3.2013,3.3216,0,9,195,1430,78,86
566,1594,2160,0.262037,0.915,4.853669e+02,2.496836e-03,3.2062,3.327,0,5,98,1429,78,86
567,1593,2160,0.2625,0.915,4.845965e+02,3.859924e-03,3.212,3.3199,0,2,98,1428,78,86
568,1592,2160,0.262963,0.915,4.822029e+02,2.619458e-03,3.219,3.3223,0,5,26,1427,78,86
569,1591,2160,0.263426,0.915,4.919090e+02,5.177882e-03,3.2003,3.3164,0,3,172,1426,78,86
570,1590,2160,0.263889,0.915,5.015684e+02,5.214299e-03,3.222,3.3126,0,3,36,1425,78,86
571,1589,2160,0.264352,0.915,5.125070e+02,4.761947e-03,3.1963,3.3162,0,0,180,1424,78,86
572,1588,2160,0.264815,0.915,5.271674e+02,3.882213e-03,3.2067,3.3254,0,8,32,1423,78,86
573,1587,2160,0.265278,0.915,5.316610e+02,5.850710e-03,3.223,3.3278,0,9,153,1422,78,86
574,1586,2160,0.265741,0.915,5.369758e+02,4.170834e-03,3.21,3.3246,0,2,75,1421,78,86
575,1585,2160,0.266204,0.915,5.463391e+02,3.918792e-03,3.2085,3.3304,0,8,161,1420,78,86
576,1584,2160,0.266667,0.915,5.461815e+02,6.031902e-03,3.2213,3.3269,0,9,191,1419,78,86
577,1583,2160,0.26713,0.916,5.519751e+02,3.414859e-03,3.2115,3.3236,2,2,2,1419,78,85
578,1582,2160,0.267593,0.915,5.375484e+02,2.797920e-03,3.224,3.3358,0,5,186,1418,78,85
579,1581,2160,0.268056,0.915,5.447256e+02,5.092038e-03,3.2401,3.3196,0,1,153,1417,78,85
580,1580,2160,0.268519,0.915,5.379324e+02,5.252902e-03,3.1876,3.3247,0,1,95,1416,78,85
581,1579,2160,0.268981,0.915,5.447221e+02,4.990716e-03,3.2111,3.3165,0,0,22,1415,78,85
582,1578,2160,0.269444,0.915,5.408617e+02,4.937980e-03,3.2145,3.3242,0,0,100,1414,78,85
583,1577,2160,0.269907,0.915,5.364232e+02,5.337934e-03,3.2116,3.3206,0,3,194,1413,78,85
584,1576,2160,0.27037,0.915,5.542631e+02,5.014503e-03,3.2004,3.3213,0,0,40,1412,78,85
585,1575,2160,0.270833,0.915,5.576186e+02,5.337602e-03,3.2162,3.3238,0,3,132,1411,78,85
586,1574,2160,0.271296,0.916,5.724028e+02,5.372228e-03,3.2096,3.3208,0,3,16,1410,78,85
587,1573,2160,0.271759,0.916,5.915272e+02,2.399825e-03,3.2189,3.3182,2,6,6,1410,78,84
588,1572,2160,0.272222,0.916,5.823332e+02,5.067398e-03,3.2343,3.3188,0,0,96,1409,78,84
589,1571,2160,0.272685,0.916,5.864108e+02,4.709988e-03,3.2361,3.3171,0,4,139,1408,78,84
590,1570,2160,0.273148,0.916,5.932974e+02,5.095320e-03,3.2141,3.3074,0,0,71,1407,78,84
591,1569,2160,0.273611,0.916,5.907617e+02,4.253157e-03,3.2123,3.3176,0,2,155,1406,78,84
592,1568,2160,0.274074,0.917,5.993151e+02,2.779452e-03,3.2073,3.3127,0,5,139,1405,78,84
593,1567,2160,0.274537,0.916,6.004738e+02,5.139892e-03,3.2056,3.3246,0,0,0,1404,78,84
594,1566,2160,0.275,0.916,5.962971e+02,5.132891e-03,3.2168,3.3323,0,0,194,1403,78,84
595,1565,2160,0.275463,0.916,5.817627e+02,4.073042e-03,3.2082,3.3222,0,8,102,1402,78,84
596,1564,2160,0.275926,0.917,5.821921e+02,6.191043e-03,3.2123,3.3307,0,9,171,1401,78,84
597,1563,2160,0.276389,0.917,5.876564e+02,5.474755e-03,3.1928,3.3142,0,3,155,1400,78,84
598,1562,2160,0.276852,0.915,5.882689e+02,3.134589e-03,3.2079,3.3291,1,2,1,1400,77,84
599,1561,2160,0.277315,0.914,5.765688e+02,6.251838e-03,3.2073,3.3128,0,9,17,1399,77,84
600,1560,2160,0.277778,0.915,5.879612e+02,5.103899e-03,3.2455,3.3205,0,0,24,1398,77,84
601,1559,2160,0.278241,0.917,5.841495e+02,6.312399e-03,3.2326,3.3113,0,9,114,1397,77,84
602,1558,2160,0.278704,0.916,5.894068e+02,1.492014e-03,3.2189,3.3308,1,1,5,1397,76,84
603,1557,2160,0.279167,0.916,5.725911e+02,5.371518e-03,3.2333,3.3337,0,1,177,1396,76,84
604,1556,2160,0.27963,0.916,5.779009e+02,5.333248e-03,3.2252,3.3295,0,1,80,1395,76,84
605,1555,2160,0.280093,0.915,5.842290e+02,5.444859e-03,3.2184,3.3249,0,1,20,1394,76,84
606,1554,2160,0.280556,0.916,5.902966e+02,4.888312e-03,3.2175,3.311,0,4,123,1393,76,84
607,1553,2160,0.281019,0.916,5.991588e+02,2.930925e-03,3.2319,3.3136,0,5,101,1392,76,84
608,1552,2160,0.281481,0.916,6.034649e+02,4.574822e-03,3.255,3.3325,0,0,101,1391,76,84
609,1551,2160,0.281944,0.916,5.785095e+02,1.342273e-02,3.2149,3.3238,1,2,0,1391,75,84
610,1550,2160,0.282407,0.916,5.898267e+02,3.876982e-03,3.2167,3.3104,0,7,123,1390,75,84
611,1549,2160,0.28287,0.916,5.885165e+02,5.272458e-03,3.2377,3.3167,0,0,142,1389,75,84
612,1548,2160,0.283333,0.916,5.864891e+02,4.203852e-03,3.2124,3.325,0,8,53,1388,75,84
613,1547,2160,0.283796,0.915,5.897050e+02,4.025084e-03,3.2216,3.3277,0,7,139,1387,75,84
614,1546,2160,0.284259,0.915,6.087911e+02,4.031491e-03,3.2202,3.3392,0,2,139,1386,75,84
615,1545,2160,0.284722,0.915,6.035054e+02,5.298562e-03,3.2458,3.3298,0,0,57,1385,75,84
616,1544,2160,0.285185,0.915,6.121378e+02,4.400834e-03,3.2175,3.32,0,2,168,1384,75,84
617,1543,2160,0.285648,0.916,6.340595e+02,4.234325e-03,3.2021,3.3409,0,8,66,1383,75,84
618,1542,2160,0.286111,0.915,6.425059e+02,5.679183e-03,3.2113,3.3335,0,3,168,1382,75,84
619,1541,2160,0.286574,0.914,6.524447e+02,4.170703e-03,3.2115,3.316,0,8,20,1381,75,84
620,1540,2160,0.287037,0.914,6.589061e+02,5.536483e-03,3.1917,3.3211,0,1,98,1380,75,84
621,1539,2160,0.2875,0.915,6.834742e+02,2.953498e-03,3.1989,3.3239,0,5,191,1379,75,84
622,1538,2160,0.287963,0.914,6.958618e+02,5.332598e-03,3.211,3.3339,0,0,75,1378,75,84
623,1537,2160,0.288426,0.914,7.044250e+02,4.216180e-03,3.226,3.323,0,7,106,1377,75,84
624,1536,2160,0.288889,0.915,7.167563e+02,4.358085e-03,3.204,3.3178,0,8,56,1376,75,84
625,1535,2160,0.289352,0.915,7.259497e+02,5.134383e-03,3.2107,3.3205,0,4,40,1375,75,84
626,1534,2160,0.289815,0.916,7.325753e+02,6.620928e-03,3.195,3.3253,0,9,138,1374,75,84
627,1533,2160,0.290278,0.916,7.396676e+02,4.147355e-03,3.2302,3.3435,0,7,25,1373,75,84
628,1532,2160,0.290741,0.916,7.623845e+02,5.697452e-03,3.2106,3.3168,0,1,44,1372,75,84
629,1531,2160,0.291204,0.915,7.743577e+02,5.521597e-03,3.2202,3.3301,0,0,162,1371,75,84
630,1530,2160,0.291667,0.916,7.702454e+02,5.473721e-03,3.2362,3.3324,0,0,44,1370,75,84
631,1529,2160,0.29213,0.916,7.622030e+02,6.651358e-03,3.2132,3.3279,0,9,13,1369,75,84
632,1528,2160,0.292593,0.916,7.719621e+02,3.102724e-03,3.2151,3.337,0,5,188,1368,75,84
633,1527,2160,0.293056,0.916,7.769579e+02,6.705855e-03,3.2137,3.3284,0,9,18,1367,75,84
634,1526,2160,0.293519,0.916,7.869858e+02,5.945522e-03,3.2171,3.3053,0,1,85,1366,75,84
635,1525,2160,0.293981,0.915,7.928442e+02,6.031850e-03,3.1858,3.3315,0,3,119,1365,75,84
636,1524,2160,0.294444,0.915,8.065447e+02,5.637107e-03,3.195,3.3276,0,0,35,1364,75,84
637,1523,2160,0.294907,0.915,8.004524e+02,5.195597e-03,3.1983,3.3287,0,4,121,1363,75,84
638,1522,2160,0.29537,0.915,8.060191e+02,4.463227e-03,3.2112,3.3276,0,8,86,1362,75,84
639,1521,2160,0.295833,0.915,8.087122e+02,5.220992e-03,3.2209,3.3159,0,4,148,1361,75,84
640,1520,2160,0.296296,0.915,8.180152e+02,5.888057e-03,3.1968,3.3134,0,1,19,1360,75,84
641,1519,2160,0.296759,0.915,8.368109e+02,6.713579e-03,3.2037,3.3192,0,9,127,1359,75,84
642,1518,2160,0.297222,0.915,8.493934e+02,5.227046e-03,3.2136,3.3339,0,4,193,1358,75,84
643,1517,2160,0.297685,0.915,8.542756e+02,4.415298e-03,3.2033,3.3161,0,7,12,1357,75,84
644,1516,2160,0.298148,0.915,8.637759e+02,4.742410e-03,3.1976,3.3335,0,2,5,1356,75,84
645,1515,2160,0.298611,0.916,8.778873e+02,5.338965e-03,3.2003,3.314,0,4,46,1355,75,84
646,1514,2160,0.299074,0.917,8.843406e+02,6.170201e-03,3.2019,3.3233,0,3,15,1354,75,84
647,1513,2160,0.299537,0.915,9.022679e+02,5.779481e-03,3.2326,3.3258,0,0,38,1353,75,84
648,1512,2160,0.3,0.916,8.989196e+02,6.853224e-03,3.2104,3.334,0,9,20,1352,75,84
649,1511,2160,0.300463,0.916,9.070479e+02,6.626201e-03,3.2241,3.326,0,9,15,1351,75,84
650,1510,2160,0.300926,0.916,8.692138e+02,5.918657e-03,3.2312,3.3229,0,0,130,1350,75,84
651,1509,2160,0.301389,0.915,8.644248e+02,5.444035e-03,3.2089,3.3273,0,4,167,1349,75,84
652,1508,2160,0.301852,0.915,8.742463e+02,4.506800e-03,3.2396,3.3255,0,7,10,1348,75,84
653,1507,2160,0.302315,0.915,8.946509e+02,4.558047e-03,3.199,3.3156,0,8,167,1347,75,84
654,1506,2160,0.302778,0.915,9.087935e+02,6.313935e-03,3.2058,3.3184,0,3,109,1346,75,84
655,1505,2160,0.303241,0.916,9.348903e+02,6.245268e-03,3.1873,3.3064,0,3,57,1345,75,84
656,1504,2160,0.303704,0.916,9.568979e+02,4.719394e-03,3.2126,3.3249,0,8,40,1344,75,84
657,1503,2160,0.304167,0.916,9.672289e+02,6.315414e-03,3.2639,3.3245,0,3,13,1343,75,84
658,1502,2160,0.30463,0.917,9.836372e+02,6.280717e-03,3.2166,3.3209,0,1,140,1342,75,84
659,1501,2160,0.305093,0.916,9.928817e+02,4.871033e-03,3.1942,3.3157,0,2,13,1341,75,84
660,1500,2160,0.305556,0.915,9.812133e+02,5.010088e-03,3.1993,3.327,0,2,60,1340,75,84
661,1499,2160,0.306019,0.915,9.865753e+02,4.794201e-03,3.2033,3.3066,0,8,84,1339,75,84
662,1498,2160,0.306481,0.917,9.867264e+02,7.148542e-03,3.2111,3.3183,0,9,143,1338,75,84
663,1497,2160,0.306944,0.915,9.898443e+02,2.610742e-03,3.2121,3.3352,1,9,5,1338,74,84
664,1496,2160,0.307407,0.916,9.679847e+02,4.698050e-03,3.201,3.3157,0,8,55,1337,74,84
665,1495,2160,0.30787,0.916,9.775373e+02,3.253962e-03,3.2132,3.3302,0,5,84,1336,74,84
666,1494,2160,0.308333,0.917,9.841827e+02,6.541880e-03,3.2141,3.3306,0,3,114,1335,74,84
667,1493,2160,0.308796,0.917,1.001646e+03,7.320733e-03,3.201,3.3149,0,9,14,1334,74,84
668,1492,2160,0.309259,0.918,1.013050e+03,4.525379e-03,3.2484,3.3273,0,8,14,1333,74,84
669,1491,2160,0.309722,0.917,9.918379e+02,6.036919e-03,3.2148,3.3205,0,0,102,1332,74,84
670,1490,2160,0.310185,0.916,9.947741e+02,5.690773e-03,3.2085,3.3315,0,4,190,1331,74,84
671,1489,2160,0.310648,0.916,1.002177e+03,5.702259e-03,3.197,3.3227,0,4,146,1330,74,84
672,1488,2160,0.311111,0.915,1.010145e+03,7.995983e-03,3.2227,3.3341,1,9,9,1330,73,84
673,1487,2160,0.311574,0.915,9.920560e+02,5.673228e-03,3.2028,3.3392,0,4,108,1329,73,84
674,1486,2160,0.312037,0.915,1.002936e+03,5.774207e-03,3.2032,3.3218,0,4,45,1328,73,84
675,1485,2160,0.3125,0.915,1.011008e+03,6.226345e-03,3.2094,3.3147,0,0,9,1327,73,84
676,1484,2160,0.312963,0.914,1.004831e+03,5.757076e-03,3.2077,3.32,0,4,103,1326,73,84
677,1483,2160,0.313426,0.915,1.013154e+03,5.117642e-03,3.2156,3.3439,0,2,114,1325,73,84
678,1482,2160,0.313889,0.915,1.009953e+03,4.782527e-03,3.2269,3.3373,0,7,163,1324,73,84
679,1481,2160,0.314352,0.914,1.021202e+03,4.818337e-03,3.243,3.3301,0,7,142,1323,73,84
680,1480,2160,0.314815,0.914,1.031847e+03,6.779818e-03,3.2146,3.3281,0,3,182,1322,73,84
681,1479,2160,0.315278,0.914,1.056128e+03,3.514515e-03,3.2265,3.3332,0,5,93,1321,73,84
682,1478,2160,0.315741,0.915,1.061391e+03,7.484346e-03,3.2074,3.3253,0,9,64,1320,73,84
683,1477,2160,0.316204,0.914,1.065252e+03,5.592078e-03,3.2235,3.3322,0,4,93,1319,73,84
684,1476,2160,0.316667,0.913,1.060406e+03,6.719339e-03,3.2026,3.3229,0,1,83,1318,73,84
685,1475,2160,0.31713,0.914,1.074108e+03,6.005307e-03,3.2017,3.3142,0,4,72,1317,73,84
686,1474,2160,0.317593,0.916,1.082170e+03,6.055331e-03,3.2175,3.325,0,4,1,1316,73,84
687,1473,2160,0.318056,0.915,1.091380e+03,7.528536e-03,3.2119,3.3359,0,9,83,1315,73,84
688,1472,2160,0.318519,0.914,1.084063e+03,2.661001e-03,3.1998,3.3189,1,1,3,1315,72,84
689,1471,2160,0.318981,0.915,1.064660e+03,3.496463e-03,3.2052,3.3352,0,5,170,1314,72,84
690,1470,2160,0.319444,0.915,1.085138e+03,5.368320e-03,3.2236,3.3245,0,2,27,1313,72,84
691,1469,2160,0.319907,0.914,1.115329e+03,7.760658e-03,3.2109,3.3342,0,9,11,1312,72,84
692,1468,2160,0.32037,0.914,1.140657e+03,5.312333e-03,3.21,3.323,0,8,114,1311,72,84
693,1467,2160,0.320833,0.914,1.145973e+03,5.060928e-03,3.2298,3.3123,0,7,99,1310,72,84
694,1466,2160,0.321296,0.914,1.167627e+03,5.104948e-03,3.2215,3.3214,0,7,133,1309,72,84
695,1465,2160,0.321759,0.914,1.182435e+03,5.124760e-03,3.2291,3.3205,0,7,31,1308,72,84
696,1464,2160,0.322222,0.914,1.195589e+03,5.184354e-03,3.2236,3.3314,0,7,53,1307,72,84
697,1463,2160,0.322685,0.914,1.207098e+03,3.686451e-03,3.2149,3.3247,0,5,182,1306,72,84
698,1462,2160,0.323148,0.914,1.217767e+03,3.791302e-03,3.2238,3.3317,0,5,63,1305,72,84
699,1461,2160,0.323611,0.914,1.212545e+03,6.170857e-03,3.2059,3.3195,0,4,11,1304,72,84
700,1460,2160,0.324074,0.915,1.208209e+03,7.153208e-03,3.2138,3.3162,0,3,6,1303,72,84
701,1459,2160,0.324537,0.915,1.233304e+03,4.712391e-03,3.2012,3.3179,0,7,11,1302,72,84
702,1458,2160,0.325,0.914,1.223392e+03,5.317875e-03,3.2088,3.3319,0,8,17,1301,72,84
703,1457,2160,0.325463,0.915,1.236884e+03,6.996077e-03,3.2046,3.3309,0,1,116,1300,72,84
704,1456,2160,0.325926,0.915,1.248648e+03,6.260836e-03,3.2284,3.325,0,4,176,1299,72,84
705,1455,2160,0.326389,0.915,1.260937e+03,7.045439e-03,3.2073,3.3322,0,1,16,1298,72,84
706,1454,2160,0.326852,0.915,1.285222e+03,6.796070e-03,3.2293,3.3381,0,0,114,1297,72,84
707,1453,2160,0.327315,0.915,1.280702e+03,7.034706e-03,3.2325,3.3363,0,1,55,1296,72,84
708,1452,2160,0.327778,0.914,1.305160e+03,7.195004e-03,3.1887,3.3251,0,1,136,1295,72,84
709,1451,2160,0.328241,0.914,1.320025e+03,3.707220e-03,3.2124,3.3162,0,5,57,1294,72,84
710,1450,2160,0.328704,0.915,1.341512e+03,7.434815e-03,3.1969,3.3122,0,3,54,1293,72,84
711,1449,2160,0.329167,0.915,1.373011e+03,5.451159e-03,3.2006,3.3253,0,8,42,1292,72,84
712,1448,2160,0.32963,0.915,1.400358e+03,5.284001e-03,3.1987,3.3231,0,7,131,1291,72,84
713,1447,2160,0.330093,0.915,1.413456e+03,5.535284e-03,3.2023,3.3176,0,8,59,1290,72,84
714,1446,2160,0.330556,0.914,1.416393e+03,5.811944e-03,3.2059,3.3116,0,2,181,1289,72,84
715,1445,2160,0.331019,0.914,1.431670e+03,8.014467e-03,3.2244,3.3199,0,9,181,1288,72,84
716,1444,2160,0.331481,0.914,1.419885e+03,3.727847e-03,3.2197,3.3188,0,5,6,1287,72,84
717,1443,2160,0.331944,0.914,1.428444e+03,5.582971e-03,3.2171,3.3249,0,8,64,1286,72,84
718,1442,2160,0.332407,0.914,1.434474e+03,6.495126e-03,3.2182,3.3265,0,4,44,1285,72,84
719,1441,2160,0.33287,0.914,1.448657e+03,7.493499e-03,3.1951,3.318,0,3,152,1284,72,84
720,1440,2160,0.333333,0.914,1.477914e+03,7.110081e-03,3.2319,3.3231,0,0,192,1283,72,84
721,1439,2160,0.333796,0.914,1.480869e+03,5.795855e-03,3.2055,3.3275,0,2,191,1282,72,84
722,1438,2160,0.334259,0.914,1.510846e+03,5.664297e-03,3.231,3.3293,0,8,176,1281,72,84
723,1437,2160,0.334722,0.914,1.522477e+03,7.535467e-03,3.2418,3.3427,0,1,34,1280,72,84
724,1436,2160,0.335185,0.914,1.534218e+03,5.988209e-03,3.2248,3.3292,0,2,129,1279,72,84
725,1435,2160,0.335648,0.913,1.548872e+03,7.620912e-03,3.2161,3.3279,0,1,43,1278,72,84
726,1434,2160,0.336111,0.914,1.560545e+03,6.728518e-03,3.2419,3.3376,0,4,58,1277,72,84
727,1433,2160,0.336574,0.914,1.569197e+03,8.579742e-03,3.1974,3.3218,0,9,150,1276,72,84
728,1432,2160,0.337037,0.914,1.582376e+03,5.785207e-03,3.2106,3.331,0,8,15,1275,72,84
729,1431,2160,0.3375,0.914,1.587380e+03,8.627333e-03,3.1997,3.3288,0,9,189,1274,72,84
730,1430,2160,0.337963,0.914,1.599000e+03,7.283573e-03,3.2275,3.3218,0,0,89,1273,72,84
731,1429,2160,0.338426,0.914,1.583567e+03,6.712943e-03,3.2081,3.3135,0,4,26,1272,72,84
732,1428,2160,0.338889,0.914,1.606846e+03,5.487188e-03,3.2066,3.323,0,8,26,1271,72,84
733,1427,2160,0.339352,0.914,1.597710e+03,1.662110e-02,3.245,3.3365,2,1,9,1271,72,83
734,1426,2160,0.339815,0.914,1.614865e+03,5.985443e-03,3.2104,3.3239,0,2,184,1270,72,83
735,1425,2160,0.340278,0.915,1.644421e+03,7.614045e-03,3.2235,3.3198,0,1,154,1269,72,83
736,1424,2160,0.340741,0.915,1.661917e+03,6.171417e-03,3.247,3.3128,0,2,54,1268,72,83
737,1423,2160,0.341204,0.915,1.676126e+03,8.922090e-03,3.2104,3.3264,0,9,37,1267,72,83
738,1422,2160,0.341667,0.915,1.689730e+03,8.957493e-03,3.2303,3.3257,0,9,68,1266,72,83
739,1421,2160,0.34213,0.915,1.691942e+03,6.956481e-03,3.2022,3.3187,0,4,133,1265,72,83
740,1420,2160,0.342593,0.916,1.695883e+03,7.257223e-03,3.2322,3.3372,0,0,88,1264,72,83
741,1419,2160,0.343056,0.916,1.718861e+03,4.020130e-03,3.203,3.3206,0,5,40,1263,72,83
742,1418,2160,0.343519,0.916,1.750640e+03,6.918268e-03,3.2289,3.3141,0,4,158,1262,72,83
743,1417,2160,0.343981,0.916,1.767664e+03,8.943493e-03,3.2074,3.3225,0,9,8,1261,72,83
744,1416,2160,0.344444,0.917,1.780314e+03,8.926160e-03,3.2077,3.3174,0,9,71,1260,72,83
745,1415,2160,0.344907,0.916,1.788750e+03,5.838777e-03,3.2272,3.3245,0,7,179,1259,72,83
746,1414,2160,0.34537,0.916,1.801019e+03,6.056278e-03,3.2225,3.3263,0,8,8,1258,72,83
747,1413,2160,0.345833,0.917,1.784906e+03,9.074947e-03,3.2257,3.3234,0,9,96,1257,72,83
748,1412,2160,0.346296,0.917,1.801006e+03,8.090661e-03,3.2012,3.3061,0,3,178,1256,72,83
749,1411,2160,0.346759,0.917,1.827874e+03,5.916216e-03,3.2036,3.3217,0,2,96,1255,72,83
750,1410,2160,0.347222,0.917,1.810224e+03,7.611370e-03,3.2265,3.335,0,0,30,1254,72,83
751,1409,2160,0.347685,0.917,1.800623e+03,7.656907e-03,3.2407,3.3278,0,0,8,1253,72,83
752,1408,2160,0.348148,0.917,1.794959e+03,7.521925e-03,3.2102,3.3215,0,0,73,1252,72,83
753,1407,2160,0.348611,0.917,1.778141e+03,5.954427e-03,3.205,3.3246,0,8,30,1251,72,83
754,1406,2160,0.349074,0.917,1.782207e+03,9.126956e-03,3.2192,3.334,0,9,46,1250,72,83
755,1405,2160,0.349537,0.916,1.802732e+03,6.243021e-03,3.2166,3.3316,0,2,21,1249,72,83
756,1404,2160,0.35,0.917,1.820040e+03,5.857044e-03,3.209,3.3281,0,7,61,1248,72,83
757,1403,2160,0.350463,0.917,1.837364e+03,6.087348e-03,3.2209,3.3215,0,8,139,1247,72,83
758,1402,2160,0.350926,0.918,1.860641e+03,9.232523e-03,3.2246,3.3272,0,9,77,1246,72,83
759,1401,2160,0.351389,0.918,1.864357e+03,7.718505e-03,3.2124,3.3203,0,0,179,1245,72,83
760,1400,2160,0.351852,0.917,1.841824e+03,6.494968e-03,3.2043,3.3266,0,2,86,1244,72,83
761,1399,2160,0.352315,0.916,1.849964e+03,7.179719e-03,3.2054,3.3267,0,4,98,1243,72,83
762,1398,2160,0.352778,0.917,1.888736e+03,7.348340e-03,3.2006,3.3318,0,4,70,1242,72,83
763,1397,2160,0.353241,0.916,1.915216e+03,5.863749e-03,3.2111,3.3188,0,8,70,1241,72,83
764,1396,2160,0.353704,0.916,1.924164e+03,7.682875e-03,3.1861,3.3256,0,0,98,1240,72,83
765,1395,2160,0.354167,0.917,1.939364e+03,9.309251e-03,3.204,3.333,0,9,21,1239,72,83
766,1394,2160,0.35463,0.917,1.965273e+03,4.725453e-03,3.2219,3.3233,2,8,8,1239,72,82
767,1393,2160,0.355093,0.917,1.939625e+03,8.351547e-03,3.2144,3.3283,0,3,71,1238,72,82
768,1392,2160,0.355556,0.917,1.987699e+03,9.408713e-03,3.211,3.3426,0,9,188,1237,72,82
769,1391,2160,0.356019,0.917,2.016457e+03,9.513195e-03,3.2315,3.3415,0,9,151,1236,72,82
770,1390,2160,0.356481,0.917,2.036978e+03,8.021740e-03,3.22,3.337,0,0,1,1235,72,82
771,1389,2160,0.356944,0.917,2.027707e+03,9.540761e-03,3.2061,3.3229,0,9,113,1234,72,82
772,1388,2160,0.357407,0.917,2.043895e+03,6.116549e-03,3.2249,3.3196,0,2,113,1233,72,82
773,1387,2160,0.35787,0.917,2.029865e+03,8.586565e-03,3.1992,3.3303,0,3,1,1232,72,82
774,1386,2160,0.358333,0.916,2.067887e+03,6.612488e-03,3.2033,3.321,0,2,162,1231,72,82
775,1385,2160,0.358796,0.917,2.102923e+03,6.529396e-03,3.2281,3.3108,0,2,42,1230,72,82
776,1384,2160,0.359259,0.916,2.158946e+03,6.593925e-03,3.203,3.2977,0,2,106,1229,72,82
777,1383,2160,0.359722,0.917,2.197908e+03,8.471756e-03,3.2188,3.3181,0,1,194,1228,72,82
778,1382,2160,0.360185,0.917,2.225425e+03,8.156081e-03,3.2189,3.3226,0,0,128,1227,72,82
779,1381,2160,0.360648,0.917,2.214709e+03,6.389168e-03,3.2153,3.3221,0,8,162,1226,72,82
780,1380,2160,0.361111,0.917,2.202091e+03,8.526378e-03,3.2384,3.3278,0,1,176,1225,72,82
781,1379,2160,0.361574,0.916,2.221259e+03,8.163959e-03,3.2371,3.3092,0,0,137,1224,72,82
782,1378,2160,0.362037,0.915,2.212138e+03,8.619813e-03,3.2118,3.3209,0,3,25,1223,72,82
783,1377,2160,0.3625,0.916,2.268402e+03,6.390198e-03,3.2482,3.3088,0,8,28,1222,72,82
784,1376,2160,0.362963,0.916,2.308643e+03,4.521764e-03,3.1897,3.326,0,5,31,1221,72,82
785,1375,2160,0.363426,0.915,2.334869e+03,8.701225e-03,3.2304,3.3223,0,3,162,1220,72,82
786,1374,2160,0.363889,0.915,2.355144e+03,6.620932e-03,3.2235,3.3227,0,2,4,1219,72,82
787,1373,2160,0.364352,0.916,2.402196e+03,8.143798e-03,3.2128,3.3236,0,0,6,1218,72,82
788,1372,2160,0.364815,0.915,2.441834e+03,7.678515e-03,3.2335,3.3182,0,4,111,1217,72,82
789,1371,2160,0.365278,0.916,2.468621e+03,8.283445e-03,3.2249,3.3328,0,0,84,1216,72,82
790,1370,2160,0.365741,0.916,2.519519e+03,8.805623e-03,3.2249,3.3441,0,1,159,1215,72,82
791,1369,2160,0.366204,0.917,2.548893e+03,8.942586e-03,3.2331,3.3149,0,3,69,1214,72,82
792,1368,2160,0.366667,0.917,2.594346e+03,6.427265e-03,3.2237,3.325,0,7,2,1213,72,82
793,1367,2160,0.36713,0.917,2.632051e+03,6.409936e-03,3.2594,3.3155,0,7,187,1212,72,82
794,1366,2160,0.367593,0.917,2.657061e+03,4.721380e-03,3.2167,3.3038,0,5,120,1211,72,82
795,1365,2160,0.368056,0.917,2.662981e+03,8.866638e-03,3.2283,3.3219,0,1,69,1210,72,82
796,1364,2160,0.368519,0.917,2.677850e+03,7.674165e-03,3.2172,3.3064,0,0,120,1209,72,82
797,1363,2160,0.368981,0.917,2.633564e+03,7.772115e-03,3.2238,3.3307,0,4,112,1208,72,82
798,1362,2160,0.369444,0.917,2.673116e+03,4.659062e-03,3.2103,3.3166,0,5,92,1207,72,82
799,1361,2160,0.369907,0.917,2.704864e+03,8.647496e-03,3.2198,3.3274,0,0,70,1206,72,82
800,1360,2160,0.37037,0.918,2.696070e+03,8.679085e-03,3.2272,3.3251,0,0,51,1205,72,82
801,1359,2160,0.370833,0.918,2.679344e+03,3.845117e-03,3.1952,3.3324,0,5,70,1204,72,82
802,1358,2160,0.371296,0.918,2.657455e+03,8.692083e-03,3.2158,3.3258,0,0,141,1203,72,82
803,1357,2160,0.371759,0.918,2.662800e+03,6.596528e-03,3.2116,3.3276,0,7,166,1202,72,82
804,1356,2160,0.372222,0.918,2.696333e+03,8.002961e-03,3.2348,3.3314,0,4,141,1201,72,82
805,1355,2160,0.372685,0.916,2.740883e+03,4.810879e-03,3.226,3.3326,0,5,189,1200,72,82
806,1354,2160,0.373148,0.917,2.766025e+03,8.562173e-03,3.2196,3.3292,0,1,166,1199,72,82
807,1353,2160,0.373611,0.917,2.736253e+03,8.794505e-03,3.2112,3.3133,0,0,124,1198,72,82
808,1352,2160,0.374074,0.917,2.744722e+03,8.696230e-03,3.2335,3.3273,0,0,59,1197,72,82
809,1351,2160,0.374537,0.917,2.743673e+03,7.996307e-03,3.2341,3.3391,0,4,32,1196,72,82
810,1350,2160,0.375,0.916,2.768361e+03,3.549362e-03,3.2177,3.3227,0,5,32,1195,72,82
811,1349,2160,0.375463,0.917,2.737399e+03,1.044351e-02,3.2168,3.3235,0,9,65,1194,72,82
812,1348,2160,0.375926,0.917,2.772930e+03,9.182033e-03,3.2255,3.3253,0,1,158,1193,72,82
813,1347,2160,0.376389,0.917,2.791113e+03,9.320459e-03,3.2104,3.3047,0,3,139,1192,72,82
814,1346,2160,0.376852,0.916,2.849069e+03,7.207999e-03,3.2489,3.3249,0,2,37,1191,72,82
815,1345,2160,0.377315,0.916,2.880977e+03,8.847070e-03,3.2441,3.3004,0,0,156,1190,72,82
816,1344,2160,0.377778,0.917,2.902262e+03,1.060259e-02,3.2175,3.3198,0,9,12,1189,72,82
817,1343,2160,0.378241,0.917,2.916515e+03,1.060951e-02,3.2212,3.3197,0,9,128,1188,72,82
818,1342,2160,0.378704,0.917,2.926102e+03,8.225213e-03,3.2304,3.3246,0,4,37,1187,72,82
819,1341,2160,0.379167,0.917,2.891833e+03,8.756539e-03,3.2309,3.334,0,0,12,1186,72,82
820,1340,2160,0.37963,0.917,2.848394e+03,4.067041e-03,3.2061,3.3182,0,5,12,1185,72,82
821,1339,2160,0.380093,0.917,2.813483e+03,6.565591e-03,3.222,3.3077,0,8,158,1184,72,82
822,1338,2160,0.380556,0.917,2.818453e+03,9.321528e-03,3.2131,3.3105,0,3,124,1183,72,82
823,1337,2160,0.381019,0.916,2.864567e+03,8.764710e-03,3.198,3.3149,0,0,175,1182,72,82
824,1336,2160,0.381481,0.916,2.865149e+03,1.065436e-02,3.2071,3.3464,0,9,165,1181,72,82
825,1335,2160,0.381944,0.916,2.884468e+03,7.176235e-03,3.211,3.3426,0,8,97,1180,72,82
826,1334,2160,0.382407,0.917,2.897527e+03,9.061963e-03,3.2225,3.3087,0,0,99,1179,72,82
827,1333,2160,0.38287,0.917,2.886827e+03,9.647184e-03,3.2033,3.3237,0,3,140,1178,72,82
828,1332,2160,0.383333,0.916,2.930798e+03,9.043472e-03,3.2207,3.3322,0,0,165,1177,72,82
829,1331,2160,0.383796,0.917,2.910047e+03,4.876988e-03,3.2073,3.3356,0,5,97,1176,72,82
830,1330,2160,0.384259,0.917,2.937828e+03,6.905552e-03,3.2165,3.332,0,7,164,1175,72,82
831,1329,2160,0.384722,0.917,2.970244e+03,1.070778e-02,3.2244,3.3208,0,9,139,1174,72,82
832,1328,2160,0.385185,0.917,2.993674e+03,8.524252e-03,3.2153,3.323,0,0,97,1173,72,82
833,1327,2160,0.385648,0.917,2.958147e+03,6.977751e-03,3.2225,3.3275,0,2,164,1172,72,82
834,1326,2160,0.386111,0.917,2.984791e+03,9.063981e-03,3.218,3.3315,0,0,39,1171,72,82
835,1325,2160,0.386574,0.917,2.997930e+03,6.950306e-03,3.2278,3.3273,0,7,195,1170,72,82
836,1324,2160,0.387037,0.917,3.059727e+03,8.416371e-03,3.2195,3.3307,0,4,14,1169,72,82
837,1323,2160,0.3875,0.917,3.099720e+03,9.624304e-03,3.206,3.3337,0,3,128,1168,72,82
838,1322,2160,0.387963,0.916,3.138790e+03,9.622188e-03,3.2178,3.3093,0,3,137,1167,72,82
839,1321,2160,0.388426,0.916,3.176322e+03,1.074579e-02,3.2316,3.3225,0,9,97,1166,72,82
840,1320,2160,0.388889,0.916,3.187909e+03,8.284606e-03,3.2115,3.325,0,4,170,1165,72,82
841,1319,2160,0.389352,0.917,3.248410e+03,8.296464e-03,3.2133,3.3274,0,4,69,1164,72,82
842,1318,2160,0.389815,0.917,3.275195e+03,9.563189e-03,3.2219,3.3299,0,1,157,1163,72,82
843,1317,2160,0.390278,0.917,3.308243e+03,7.231593e-03,3.2104,3.3244,0,8,0,1162,72,82
844,1316,2160,0.390741,0.917,3.333527e+03,9.254686e-03,3.2134,3.3299,0,0,178,1161,72,82
845,1315,2160,0.391204,0.917,3.318964e+03,6.978295e-03,3.2052,3.3207,0,7,0,1160,72,82
846,1314,2160,0.391667,0.917,3.332521e+03,6.949092e-03,3.2188,3.3144,0,7,97,1159,72,82
847,1313,2160,0.39213,0.917,3.385259e+03,9.288324e-03,3.2315,3.3285,0,1,0,1158,72,82
848,1312,2160,0.392593,0.916,3.338212e+03,9.665151e-03,3.2046,3.3376,0,3,144,1157,72,82
849,1311,2160,0.393056,0.915,3.388513e+03,5.067735e-03,3.2104,3.3352,0,5,130,1156,72,82
850,1310,2160,0.393519,0.914,3.416963e+03,2.821367e-03,3.2234,3.3072,1,3,1,1156,71,82
851,1309,2160,0.393981,0.915,3.359706e+03,9.800173e-03,3.2547,3.3309,0,3,68,1155,71,82
852,1308,2160,0.394444,0.915,3.396871e+03,9.733379e-03,3.236,3.3334,0,1,129,1154,71,82
853,1307,2160,0.394907,0.915,3.426955e+03,7.171425e-03,3.2144,3.318,0,7,1,1153,71,82
854,1306,2160,0.39537,0.915,3.460616e+03,9.565737e-03,3.2514,3.3293,0,1,5,1152,71,82
855,1305,2160,0.395833,0.916,3.520033e+03,7.441564e-03,3.2277,3.3396,0,2,166,1151,71,82
856,1304,2160,0.396296,0.917,3.573160e+03,7.555689e-03,3.2116,3.3267,0,2,3,1150,71,82
857,1303,2160,0.396759,0.917,3.632055e+03,5.180552e-03,3.2134,3.3382,0,5,45,1149,71,82
858,1302,2160,0.397222,0.917,3.675512e+03,7.231853e-03,3.2159,3.3348,0,7,130,1148,71,82
859,1301,2160,0.397685,0.917,3.683645e+03,9.968390e-03,3.2176,3.3294,0,3,14,1147,71,82
860,1300,2160,0.398148,0.917,3.739102e+03,8.703827e-03,3.2245,3.3294,0,4,157,1146,71,82
861,1299,2160,0.398611,0.917,3.767938e+03,5.566116e-03,3.2845,3.3206,2,1,8,1146,71,81
862,1298,2160,0.399074,0.917,3.721008e+03,7.442441e-03,3.217,3.3274,0,8,13,1145,71,81
863,1297,2160,0.399537,0.916,3.756394e+03,7.564719e-03,3.2235,3.3285,0,8,46,1144,71,81
864,1296,2160,0.4,0.916,3.788848e+03,1.126800e-02,3.2199,3.3235,0,9,45,1143,71,81
865,1295,2160,0.400463,0.916,3.808580e+03,5.229428e-03,3.2169,3.3125,0,5,3,1142,71,81
866,1294,2160,0.400926,0.916,3.840568e+03,9.616689e-03,3.2473,3.3246,0,0,195,1141,71,81
867,1293,2160,0.401389,0.916,3.800959e+03,1.128542e-02,3.2305,3.3193,0,9,94,1140,71,81
868,1292,2160,0.401852,0.916,3.822376e+03,1.011548e-02,3.2031,3.3228,0,3,153,1139,71,81
869,1291,2160,0.402315,0.916,3.871288e+03,7.309212e-03,3.2339,3.3262,0,7,13,1138,71,81
870,1290,2160,0.402778,0.916,3.902789e+03,5.293154e-03,3.2381,3.3295,0,5,192,1137,71,81
871,1289,2160,0.403241,0.916,3.938960e+03,1.029395e-02,3.2258,3.333,0,1,180,1136,71,81
872,1288,2160,0.403704,0.916,3.958384e+03,1.009622e-02,3.24,3.3264,0,1,7,1135,71,81
873,1287,2160,0.404167,0.916,3.997696e+03,9.872351e-03,3.2422,3.3351,0,0,106,1134,71,81
874,1286,2160,0.40463,0.916,3.978096e+03,1.030566e-02,3.2388,3.3248,0,3,111,1133,71,81
875,1285,2160,0.405093,0.916,4.038523e+03,1.160422e-02,3.215,3.3415,0,9,86,1132,71,81
876,1284,2160,0.405556,0.916,4.073947e+03,7.633420e-03,3.2082,3.3309,0,2,192,1131,71,81
877,1283,2160,0.406019,0.915,4.071938e+03,1.001839e-02,3.2289,3.3338,0,3,45,1130,71,81
878,1282,2160,0.406481,0.916,4.095884e+03,1.164758e-02,3.2153,3.3377,0,9,23,1129,71,81
879,1281,2160,0.406944,0.916,4.132191e+03,1.005343e-02,3.2289,3.3299,0,0,121,1128,71,81
880,1280,2160,0.407407,0.916,4.111964e+03,9.624219e-03,3.2263,3.3433,0,0,42,1127,71,81
881,1279,2160,0.40787,0.916,4.174525e+03,9.866002e-03,3.2139,3.3261,0,0,105,1126,71,81
882,1278,2160,0.408333,0.916,4.173325e+03,1.155173e-02,3.2391,3.3337,0,9,135,1125,71,81
883,1277,2160,0.408796,0.915,4.199506e+03,7.277464e-03,3.2286,3.3278,0,7,135,1124,71,81
884,1276,2160,0.409259,0.915,4.213456e+03,9.532684e-03,3.1976,3.3247,0,0,5,1123,71,81
885,1275,2160,0.409722,0.915,4.197866e+03,7.859326e-03,3.216,3.3312,0,2,110,1122,71,81
886,1274,2160,0.410185,0.915,4.227752e+03,5.431757e-03,3.2323,3.3193,0,5,74,1121,71,81
887,1273,2160,0.410648,0.915,4.239264e+03,5.355521e-03,3.2123,3.3407,0,5,96,1120,71,81
888,1272,2160,0.411111,0.915,4.293881e+03,1.027608e-02,3.2105,3.3335,0,3,127,1119,71,81
889,1271,2160,0.411574,0.915,4.352957e+03,9.830671e-03,3.2323,3.3348,0,0,193,1118,71,81
890,1270,2160,0.412037,0.916,4.349587e+03,1.045856e-02,3.2444,3.3198,0,3,150,1117,71,81
891,1269,2160,0.4125,0.915,4.397514e+03,5.453978e-03,3.2257,3.3188,0,5,100,1116,71,81
892,1268,2160,0.412963,0.916,4.429934e+03,7.738970e-03,3.2476,3.3297,0,8,27,1115,71,81
893,1267,2160,0.413426,0.916,4.496681e+03,1.184771e-02,3.2335,3.3234,0,9,22,1114,71,81
894,1266,2160,0.413889,0.916,4.522842e+03,1.030469e-02,3.2636,3.3342,0,0,119,1113,71,81
895,1265,2160,0.414352,0.916,4.499654e+03,7.413841e-03,3.2144,3.3409,0,8,22,1112,71,81
896,1264,2160,0.414815,0.916,4.469045e+03,1.059744e-02,3.2278,3.3359,0,1,125,1111,71,81
897,1263,2160,0.415278,0.916,4.527748e+03,1.070575e-02,3.2335,3.3269,0,1,47,1110,71,81
898,1262,2160,0.415741,0.915,4.556545e+03,1.025729e-02,3.2285,3.3273,0,0,181,1109,71,81
899,1261,2160,0.416204,0.914,4.558174e+03,1.066696e-02,3.2025,3.3333,0,1,120,1108,71,81
900,1260,2160,0.416667,0.915,4.584582e+03,1.059355e-02,3.2262,3.3134,0,3,193,1107,71,81
901,1259,2160,0.41713,0.915,4.635164e+03,7.783453e-03,3.2343,3.3252,0,8,29,1106,71,81
902,1258,2160,0.417593,0.915,4.730629e+03,8.079347e-03,3.2239,3.326,0,2,135,1105,71,81
903,1257,2160,0.418056,0.915,4.784812e+03,1.087210e-02,3.2191,3.3332,0,3,85,1104,71,81
904,1256,2160,0.418519,0.915,4.848569e+03,1.078307e-02,3.2435,3.3317,0,1,181,1103,71,81
905,1255,2160,0.418981,0.915,4.880576e+03,1.209950e-02,3.2215,3.3307,0,9,120,1102,71,81
906,1254,2160,0.419444,0.916,4.870004e+03,9.468284e-03,3.2444,3.3287,0,4,155,1101,71,81
907,1253,2160,0.419907,0.916,4.907396e+03,1.057088e-02,3.2206,3.3207,0,0,13,1100,71,81
908,1252,2160,0.42037,0.916,4.905568e+03,8.441400e-03,3.2328,3.3232,0,2,179,1099,71,81
909,1251,2160,0.420833,0.916,4.946215e+03,5.759685e-03,3.2344,3.3236,0,5,85,1098,71,81
910,1250,2160,0.421296,0.916,4.963354e+03,8.315874e-03,3.203,3.344,0,8,195,1097,71,81
911,1249,2160,0.421759,0.916,4.990103e+03,8.033544e-03,3.2322,3.3287,0,8,85,1096,71,81
912,1248,2160,0.422222,0.916,4.969592e+03,1.099560e-02,3.2406,3.3333,0,3,163,1095,71,81
913,1247,2160,0.422685,0.915,5.047223e+03,5.889108e-03,3.2016,3.3223,0,5,81,1094,71,81
914,1246,2160,0.423148,0.915,5.068615e+03,1.096985e-02,3.2617,3.3375,0,3,7,1093,71,81
915,1245,2160,0.423611,0.915,5.108464e+03,1.110572e-02,3.2291,3.327,0,3,24,1092,71,81
916,1244,2160,0.424074,0.915,5.179712e+03,1.104649e-02,3.2083,3.3281,0,3,58,1091,71,81
917,1243,2160,0.424537,0.915,5.246779e+03,8.631104e-03,3.2477,3.3368,0,2,77,1090,71,81
918,1242,2160,0.425,0.916,5.265719e+03,1.079110e-02,3.2287,3.3343,0,0,41,1089,71,81
919,1241,2160,0.425463,0.915,5.227853e+03,1.102899e-02,3.2475,3.3409,0,3,110,1088,71,81
920,1240,2160,0.425926,0.916,5.246679e+03,8.536284e-03,3.2135,3.3405,0,2,24,1087,71,81
921,1239,2160,0.426389,0.915,5.224667e+03,9.851296e-03,3.2247,3.332,0,4,52,1086,71,81
922,1238,2160,0.426852,0.915,5.229829e+03,8.644969e-03,3.2595,3.3368,0,2,134,1085,71,81
923,1237,2160,0.427315,0.916,5.237358e+03,8.288712e-03,3.2433,3.318,0,8,24,1084,71,81
924,1236,2160,0.427778,0.916,5.196328e+03,1.264852e-02,3.253,3.3163,0,9,85,1083,71,81
925,1235,2160,0.428241,0.916,5.267136e+03,5.709034e-03,3.2326,3.3297,0,5,39,1082,71,81
926,1234,2160,0.428704,0.915,5.331474e+03,1.119396e-02,3.2337,3.3259,0,1,96,1081,71,81
927,1233,2160,0.429167,0.916,5.380159e+03,9.329269e-03,3.2185,3.3323,0,4,39,1080,71,81
928,1232,2160,0.42963,0.916,5.340267e+03,1.111486e-02,3.2452,3.3442,0,1,81,1079,71,81
929,1231,2160,0.430093,0.916,5.373130e+03,6.673109e-03,3.2425,3.3288,0,7,81,1078,71,81
930,1230,2160,0.430556,0.916,5.302991e+03,8.156152e-03,3.2365,3.3282,0,7,147,1077,71,81
931,1229,2160,0.431019,0.915,5.366031e+03,5.828919e-03,3.2042,3.3247,0,5,113,1076,71,81
932,1228,2160,0.431481,0.915,5.392688e+03,9.797871e-03,3.2055,3.3322,0,4,4,1075,71,81
933,1227,2160,0.431944,0.915,5.441980e+03,1.018267e-02,3.2493,3.3311,0,0,113,1074,71,81
934,1226,2160,0.432407,0.915,5.397652e+03,1.103836e-02,3.2421,3.3334,0,1,147,1073,71,81
935,1225,2160,0.43287,0.916,5.420591e+03,8.401275e-03,3.2147,3.3148,0,2,71,1072,71,81
936,1224,2160,0.433333,0.916,5.483825e+03,1.112570e-02,3.2281,3.3151,0,1,185,1071,71,81
937,1223,2160,0.433796,0.916,5.544525e+03,1.080456e-02,3.2355,3.3289,0,0,108,1070,71,81
938,1222,2160,0.434259,0.916,5.551215e+03,1.266719e-02,3.2032,3.3219,0,9,79,1069,71,81
939,1221,2160,0.434722,0.916,5.578775e+03,8.590921e-03,3.2398,3.3101,0,2,126,1068,71,81
940,1220,2160,0.435185,0.916,5.650657e+03,1.086262e-02,3.2359,3.3214,0,0,79,1067,71,81
941,1219,2160,0.435648,0.916,5.618077e+03,1.129090e-02,3.2113,3.3254,0,3,90,1066,71,81
942,1218,2160,0.436111,0.915,5.689817e+03,1.120269e-02,3.2381,3.3216,0,3,171,1065,71,81
943,1217,2160,0.436574,0.916,5.774658e+03,8.481092e-03,3.2489,3.3278,0,2,83,1064,71,81
944,1216,2160,0.437037,0.916,5.858561e+03,8.292001e-03,3.2164,3.3289,0,7,17,1063,71,81
945,1215,2160,0.4375,0.916,5.915574e+03,8.280171e-03,3.2118,3.3179,0,7,190,1062,71,81
946,1214,2160,0.437963,0.916,5.954091e+03,8.600892e-03,3.2205,3.325,0,2,20,1061,71,81
947,1213,2160,0.438426,0.915,5.992998e+03,8.589763e-03,3.2435,3.3194,0,8,51,1060,71,81
948,1212,2160,0.438889,0.915,6.015631e+03,9.893183e-03,3.2392,3.3316,0,4,183,1059,71,81
949,1211,2160,0.439352,0.916,6.092382e+03,1.298074e-02,3.211,3.3368,0,9,107,1058,71,81
950,1210,2160,0.439815,0.916,6.128041e+03,1.167849e-02,3.2183,3.3235,0,1,88,1057,71,81
951,1209,2160,0.440278,0.916,6.148878e+03,8.767563e-03,3.2611,3.3361,0,8,190,1056,71,81
952,1208,2160,0.440741,0.916,6.150545e+03,1.161527e-02,3.2288,3.3205,0,1,27,1055,71,81
953,1207,2160,0.441204,0.916,6.244513e+03,1.184939e-02,3.2383,3.3324,0,1,174,1054,71,81
954,1206,2160,0.441667,0.916,6.290141e+03,1.010875e-02,3.2531,3.3183,0,4,107,1053,71,81
955,1205,2160,0.44213,0.914,6.286721e+03,1.029776e-02,3.2057,3.3193,0,4,161,1052,71,81
956,1204,2160,0.442593,0.914,6.331297e+03,1.336420e-02,3.2101,3.3206,0,9,119,1051,71,81
957,1203,2160,0.443056,0.914,6.382591e+03,6.317242e-03,3.2483,3.342,0,5,17,1050,71,81
958,1202,2160,0.443519,0.914,6.407407e+03,1.349778e-02,3.2549,3.338,0,9,160,1049,71,81
959,1201,2160,0.443981,0.913,6.408286e+03,1.073140e-02,3.241,3.3344,0,4,50,1048,71,81
960,1200,2160,0.444444,0.915,6.415250e+03,9.248539e-03,3.2373,3.3241,0,2,12,1047,71,81
961,1199,2160,0.444907,0.915,6.479365e+03,1.065968e-02,3.2226,3.3211,0,4,51,1046,71,81
962,1198,2160,0.44537,0.914,6.486875e+03,1.375582e-02,3.2198,3.3194,0,9,72,1045,71,81
963,1197,2160,0.445833,0.916,6.502084e+03,1.213683e-02,3.2127,3.3209,0,1,26,1044,71,81
964,1196,2160,0.446296,0.914,6.518937e+03,1.356167e-02,3.2354,3.3221,0,9,187,1043,71,81
965,1195,2160,0.446759,0.915,6.535254e+03,6.564001e-03,3.2305,3.3204,0,5,60,1042,71,81
966,1194,2160,0.447222,0.915,6.531243e+03,6.457669e-03,3.2163,3.3409,0,5,187,1041,71,81
967,1193,2160,0.447685,0.915,6.500302e+03,9.403999e-03,3.2036,3.3261,0,2,124,1040,71,81
968,1192,2160,0.448148,0.915,6.513432e+03,9.200931e-03,3.2193,3.3245,0,2,161,1039,71,81
969,1191,2160,0.448611,0.912,6.516116e+03,9.278540e-03,3.2122,3.3342,0,2,10,1038,71,81
970,1190,2160,0.449074,0.912,6.586313e+03,8.922832e-03,3.2104,3.3321,0,7,185,1037,71,81
971,1189,2160,0.449537,0.912,6.700968e+03,1.046654e-02,3.2148,3.337,0,4,12,1036,71,81
972,1188,2160,0.45,0.912,6.736844e+03,1.376727e-02,3.228,3.3252,0,9,3,1035,71,81
973,1187,2160,0.450463,0.913,6.858884e+03,1.234751e-02,3.2118,3.318,0,3,30,1034,71,81
974,1186,2160,0.450926,0.912,6.973587e+03,1.083288e-02,3.2118,3.3197,0,4,18,1033,71,81
975,1185,2160,0.451389,0.914,7.035656e+03,8.832447e-03,3.2051,3.3194,0,8,18,1032,71,81
976,1184,2160,0.451852,0.913,7.060261e+03,1.228514e-02,3.2497,3.3248,0,1,12,1031,71,81
977,1183,2160,0.452315,0.912,7.165602e+03,9.200093e-03,3.2313,3.3194,0,8,185,1030,71,81
978,1182,2160,0.452778,0.913,7.201276e+03,1.075751e-02,3.2309,3.3331,0,4,188,1029,71,81
979,1181,2160,0.453241,0.912,7.290951e+03,1.068774e-02,3.2392,3.3138,0,4,10,1028,71,81
980,1180,2160,0.453704,0.913,7.338488e+03,1.251939e-02,3.2524,3.336,0,1,89,1027,71,81
981,1179,2160,0.454167,0.914,7.424025e+03,6.490638e-03,3.2407,3.3356,0,5,72,1026,71,81
982,1178,2160,0.45463,0.914,7.480186e+03,1.377440e-02,3.2494,3.339,0,9,10,1025,71,81
983,1177,2160,0.455093,0.914,7.440719e+03,9.314101e-03,3.2512,3.3437,0,7,149,1024,71,81
984,1176,2160,0.455556,0.914,7.501312e+03,9.373247e-03,3.2153,3.3277,0,8,21,1023,71,81
985,1175,2160,0.456019,0.913,7.526551e+03,6.500500e-03,3.2375,3.3408,0,5,99,1022,71,81
986,1174,2160,0.456481,0.912,7.592575e+03,6.410532e-03,3.2069,3.3291,0,5,7,1021,71,81
987,1173,2160,0.456944,0.913,7.674046e+03,9.531642e-03,3.2403,3.3364,0,8,166,1020,71,81
988,1172,2160,0.457407,0.911,7.720935e+03,1.259703e-02,3.2177,3.3355,0,1,188,1019,71,81
989,1171,2160,0.45787,0.911,7.785447e+03,1.076342e-02,3.2175,3.3346,0,4,99,1018,71,81
990,1170,2160,0.458333,0.912,7.848365e+03,1.397956e-02,3.2302,3.3263,0,9,57,1017,71,81
991,1169,2160,0.458796,0.911,7.971051e+03,9.340873e-03,3.2253,3.3429,0,8,168,1016,71,81
992,1168,2160,0.459259,0.911,8.116449e+03,8.962158e-03,3.2191,3.3239,0,7,57,1015,71,81
993,1167,2160,0.459722,0.911,8.189431e+03,1.267866e-02,3.2463,3.3263,0,3,108,1014,71,81
994,1166,2160,0.460185,0.912,8.318515e+03,9.637342e-03,3.2444,3.322,0,8,37,1013,71,81
995,1165,2160,0.460648,0.913,8.393285e+03,9.859530e-03,3.2296,3.3263,0,8,62,1012,71,81
996,1164,2160,0.461111,0.913,8.428219e+03,9.758563e-03,3.2501,3.3372,0,8,41,1011,71,81
997,1163,2160,0.461574,0.913,8.472507e+03,9.499628e-03,3.2436,3.3252,0,7,15,1010,71,81
998,1162,2160,0.462037,0.913,8.560050e+03,1.138883e-02,3.2082,3.3327,0,4,76,1009,71,81
999,1161,2160,0.4625,0.914,8.597811e+03,6.949760e-03,3.2353,3.335,0,5,80,1008,71,81
1000,1160,2160,0.462963,0.913,8.641413e+03,1.329018e-02,3.2396,3.3281,0,1,132,1007,71,81
1001,1159,2160,0.463426,0.913,8.681706e+03,1.147501e-02,3.2222,3.3293,0,4,101,1006,71,81
1002,1158,2160,0.463889,0.913,8.742628e+03,1.004153e-02,3.2475,3.3453,0,2,123,1005,71,81
1003,1157,2160,0.464352,0.913,8.788552e+03,9.942736e-03,3.2244,3.3383,0,8,129,1004,71,81
1004,1156,2160,0.464815,0.912,8.784845e+03,1.480524e-02,3.2401,3.3246,0,9,108,1003,71,81
1005,1155,2160,0.465278,0.912,8.722718e+03,9.901435e-03,3.214,3.3174,0,8,63,1002,71,81
1006,1154,2160,0.465741,0.912,8.765427e+03,1.249900e-02,3.2031,3.3234,0,0,140,1001,71,81
1007,1153,2160,0.466204,0.912,8.809346e+03,1.308385e-02,3.2133,3.3089,0,3,64,1000,71,81
1008,1152,2160,0.466667,0.911,8.877914e+03,1.481442e-02,3.2341,3.3367,0,9,129,999,71,81
1009,1151,2160,0.46713,0.911,8.890256e+03,1.491492e-02,3.2469,3.3288,0,9,91,998,71,81
1010,1150,2160,0.467593,0.912,8.909803e+03,9.482026e-03,3.2283,3.3211,0,8,91,997,71,81
1011,1149,2160,0.468056,0.911,8.808465e+03,6.980738e-03,3.2525,3.3271,0,5,151,996,71,81
1012,1148,2160,0.468519,0.91,8.877520e+03,1.015347e-02,3.2314,3.3294,0,8,65,995,71,81
1013,1147,2160,0.468981,0.911,8.895651e+03,1.349076e-02,3.2065,3.3313,0,1,29,994,71,81
1014,1146,2160,0.469444,0.91,8.951615e+03,1.360292e-02,3.2382,3.3149,0,1,9,993,71,81
1015,1145,2160,0.469907,0.908,8.996481e+03,9.416842e-03,3.2162,3.3302,0,8,151,992,71,81
1016,1144,2160,0.47037,0.909,9.020547e+03,9.751773e-03,3.2638,3.33,0,7,167,991,71,81
1017,1143,2160,0.470833,0.909,9.171527e+03,1.291912e-02,3.223,3.3103,0,0,176,990,71,81
1018,1142,2160,0.471296,0.909,9.210146e+03,1.361731e-02,3.213,3.3246,0,1,141,989,71,81
1019,1141,2160,0.471759,0.91,9.258896e+03,7.043513e-03,3.2309,3.3157,0,5,167,988,71,81
1020,1140,2160,0.472222,0.91,9.316970e+03,1.466848e-02,3.2441,3.327,0,9,141,987,71,81
1021,1139,2160,0.472685,0.909,9.265067e+03,1.191442e-02,3.2236,3.3192,0,4,189,986,71,81
1022,1138,2160,0.473148,0.909,9.362559e+03,1.390856e-02,3.2202,3.3325,0,1,74,985,71,81
1023,1137,2160,0.473611,0.908,9.393940e+03,1.322922e-02,3.2094,3.3292,0,0,186,984,71,81
1024,1136,2160,0.474074,0.908,9.425313e+03,1.314719e-02,3.2485,3.3075,0,0,93,983,71,81
1025,1135,2160,0.474537,0.908,9.449466e+03,1.374760e-02,3.2081,3.3246,0,1,56,982,71,81
1026,1134,2160,0.475,0.908,9.540799e+03,1.022474e-02,3.2097,3.3232,0,7,40,981,71,81
1027,1133,2160,0.475463,0.908,9.614758e+03,1.543030e-02,3.2235,3.3266,0,9,41,980,71,81
1028,1132,2160,0.475926,0.908,9.710493e+03,1.309687e-02,3.2203,3.2969,0,0,112,979,71,81
1029,1131,2160,0.476389,0.909,9.713351e+03,1.289674e-02,3.2168,3.3192,0,0,167,978,71,81
1030,1130,2160,0.476852,0.908,9.749559e+03,7.132803e-03,3.2048,3.3131,0,5,135,977,71,81
1031,1129,2160,0.477315,0.91,9.839808e+03,1.002912e-02,3.2033,3.3195,0,7,63,976,71,81
1032,1128,2160,0.477778,0.91,9.907413e+03,1.324717e-02,3.2498,3.3244,0,0,33,975,71,81
1033,1127,2160,0.478241,0.909,9.877053e+03,1.212693e-02,3.2062,3.3129,0,4,96,974,71,81
1034,1126,2160,0.478704,0.91,9.993784e+03,1.402956e-02,3.2215,3.3136,0,1,145,973,71,81
1035,1125,2160,0.479167,0.909,1.006607e+04,1.018717e-02,3.2047,3.3213,0,8,182,972,71,81
1036,1124,2160,0.47963,0.91,1.022169e+04,1.155199e-02,3.2403,3.3322,0,4,182,971,71,81
1037,1123,2160,0.480093,0.91,1.026409e+04,1.578459e-02,3.2605,3.3342,0,9,52,970,71,81
1038,1122,2160,0.480556,0.91,1.035953e+04,1.224016e-02,3.2136,3.3121,0,4,84,969,71,81
1039,1121,2160,0.481019,0.909,1.049684e+04,1.058606e-02,3.2037,3.3075,0,2,116,968,71,81
1040,1120,2160,0.481481,0.91,1.054869e+04,1.603059e-02,3.2457,3.324,2,1,7,968,71,80
1041,1119,2160,0.481944,0.91,1.052593e+04,9.376897e-03,3.2266,3.3316,0,7,116,967,71,80
1042,1118,2160,0.482407,0.91,1.052249e+04,4.984618e-03,3.2194,3.3172,1,2,5,967,70,80
1043,1117,2160,0.48287,0.91,1.044402e+04,1.039559e-02,3.2159,3.3314,0,8,145,966,70,80
1044,1116,2160,0.483333,0.91,1.045512e+04,1.043504e-02,3.2419,3.3339,0,8,148,965,70,80
1045,1115,2160,0.483796,0.909,1.052367e+04,1.428347e-02,3.2122,3.3344,0,1,107,964,70,80
1046,1114,2160,0.484259,0.91,1.059397e+04,1.236347e-02,3.2269,3.327,0,4,43,963,70,80
1047,1113,2160,0.484722,0.91,1.066127e+04,1.028920e-02,3.2075,3.3364,0,7,154,962,70,80
1048,1112,2160,0.485185,0.91,1.076691e+04,1.032716e-02,3.2224,3.3377,0,8,154,961,70,80
1049,1111,2160,0.485648,0.911,1.076144e+04,1.601454e-02,3.2364,3.3245,0,9,174,960,70,80
1050,1110,2160,0.486111,0.91,1.081686e+04,1.031584e-02,3.2503,3.3269,0,8,74,959,70,80
1051,1109,2160,0.486574,0.911,1.084595e+04,7.474863e-03,3.2142,3.3199,0,5,43,958,70,80
1052,1108,2160,0.487037,0.911,1.082977e+04,1.591240e-02,3.2391,3.3113,0,9,140,957,70,80
1053,1107,2160,0.4875,0.911,1.088287e+04,1.589228e-02,3.245,3.3243,0,9,44,956,70,80
1054,1106,2160,0.487963,0.91,1.096318e+04,1.321866e-02,3.2589,3.323,0,0,43,955,70,80
1055,1105,2160,0.488426,0.91,1.090879e+04,1.017439e-02,3.2438,3.3353,0,7,94,954,70,80
1056,1104,2160,0.488889,0.91,1.101777e+04,1.036464e-02,3.2452,3.3304,0,8,107,953,70,80
1057,1103,2160,0.489352,0.909,1.102376e+04,1.390676e-02,3.2281,3.3193,0,3,39,952,70,80
1058,1102,2160,0.489815,0.911,1.115811e+04,1.038963e-02,3.2468,3.3173,0,2,148,951,70,80
1059,1101,2160,0.490278,0.911,1.125448e+04,1.001734e-02,3.2446,3.3104,0,8,43,950,70,80
1060,1100,2160,0.490741,0.91,1.132480e+04,1.205476e-02,3.2566,3.3218,0,4,75,949,70,80
1061,1099,2160,0.491204,0.909,1.142984e+04,1.035813e-02,3.2642,3.3123,0,8,9,948,70,80
1062,1098,2160,0.491667,0.909,1.148948e+04,1.555036e-02,3.2267,3.3289,1,2,9,948,69,80
1063,1097,2160,0.49213,0.909,1.141098e+04,1.053156e-02,3.1979,3.3142,0,2,103,947,69,80
1064,1096,2160,0.492593,0.91,1.146432e+04,1.375593e-02,3.2231,3.3093,0,0,150,946,69,80
1065,1095,2160,0.493056,0.911,1.146102e+04,1.441428e-02,3.2377,3.3146,0,1,134,945,69,80
1066,1094,2160,0.493519,0.91,1.151379e+04,1.591374e-02,3.2142,3.3018,0,9,43,944,69,80
1067,1093,2160,0.493981,0.91,1.153966e+04,1.248895e-02,3.2301,3.3233,0,4,136,943,69,80
1068,1092,2160,0.494444,0.911,1.159741e+04,1.379662e-02,3.2364,3.3299,0,0,86,942,69,80
1069,1091,2160,0.494907,0.912,1.158755e+04,1.408875e-02,3.207,3.3231,0,3,173,941,69,80
1070,1090,2160,0.49537,0.912,1.166916e+04,1.264935e-02,3.2468,3.308,0,4,65,940,69,80
1071,1089,2160,0.495833,0.911,1.168803e+04,1.051533e-02,3.2336,3.3283,0,7,43,939,69,80
1072,1088,2160,0.496296,0.911,1.174760e+04,1.391271e-02,3.2139,3.3118,0,3,169,938,69,80
1073,1087,2160,0.496759,0.912,1.188941e+04,1.044760e-02,3.2312,3.3407,0,7,14,937,69,80
1074,1086,2160,0.497222,0.914,1.200563e+04,1.038282e-02,3.2064,3.3281,0,8,169,936,69,80
1075,1085,2160,0.497685,0.912,1.201260e+04,1.248313e-02,3.2243,3.311,0,4,77,935,69,80
1076,1084,2160,0.498148,0.91,1.203034e+04,1.454856e-02,3.2438,3.3248,0,1,102,934,69,80
1077,1083,2160,0.498611,0.908,1.207072e+04,1.415300e-02,3.2485,3.3335,0,3,78,933,69,80
1078,1082,2160,0.499074,0.909,1.214089e+04,9.781539e-03,3.2591,3.3249,0,7,102,932,69,80
1079,1081,2160,0.499537,0.908,1.205373e+04,1.437995e-02,3.2504,3.3177,0,1,169,931,69,80
1080,1080,2160,0.5,0.909,1.211612e+04,1.498650e-02,3.2398,3.3299,0,9,169,930,69,80
1081,1079,2160,0.500463,0.907,1.178545e+04,1.058175e-02,3.2297,3.3258,0,8,152,929,69,80
1082,1078,2160,0.500926,0.908,1.191081e+04,1.414955e-02,3.2137,3.3305,0,0,122,928,69,80
1083,1077,2160,0.501389,0.907,1.190863e+04,1.051486e-02,3.2337,3.3172,0,7,28,927,69,80
1084,1076,2160,0.501852,0.908,1.203246e+04,1.623153e-02,3.2272,3.3239,0,9,134,926,69,80
1085,1075,2160,0.502315,0.909,1.208271e+04,3.747781e-03,3.2208,3.3297,1,3,3,926,68,80
1086,1074,2160,0.502778,0.91,1.195691e+04,1.439446e-02,3.201,3.3201,0,1,179,925,68,80
1087,1073,2160,0.503241,0.909,1.212645e+04,1.407911e-02,3.2501,3.3297,0,3,186,924,68,80
1088,1072,2160,0.503704,0.909,1.223442e+04,1.080725e-02,3.203,3.3054,0,8,155,923,68,80
1089,1071,2160,0.504167,0.908,1.233342e+04,1.425383e-02,3.2517,3.3295,0,3,100,922,68,80
1090,1070,2160,0.50463,0.908,1.243894e+04,1.484295e-02,3.2275,3.3424,0,1,178,921,68,80
1091,1069,2160,0.505093,0.907,1.248433e+04,1.481971e-02,3.225,3.3216,0,1,192,920,68,80
1092,1068,2160,0.505556,0.908,1.254629e+04,1.488262e-02,3.2201,3.3127,0,1,143,919,68,80
1093,1067,2160,0.506019,0.908,1.258033e+04,1.425634e-02,3.2611,3.3259,0,1,28,918,68,80
1094,1066,2160,0.506481,0.908,1.263562e+04,1.080626e-02,3.1984,3.3242,0,7,194,917,68,80
1095,1065,2160,0.506944,0.908,1.278873e+04,1.025722e-02,3.2592,3.3368,0,7,192,916,68,80
1096,1064,2160,0.507407,0.907,1.283022e+04,1.062011e-02,3.2594,3.3381,0,7,157,915,68,80
1097,1063,2160,0.50787,0.907,1.298352e+04,1.270261e-02,3.2161,3.3168,0,4,179,914,68,80
1098,1062,2160,0.508333,0.906,1.305802e+04,1.435763e-02,3.2149,3.3229,0,3,118,913,68,80
1099,1061,2160,0.508796,0.908,1.315667e+04,2.186004e-02,3.2291,3.3366,1,8,0,913,67,80
1100,1060,2160,0.509259,0.909,1.312294e+04,1.310460e-02,3.2266,3.3229,0,4,134,912,67,80
1101,1059,2160,0.509722,0.907,1.320226e+04,1.423447e-02,3.207,3.3235,0,3,179,911,67,80
1102,1058,2160,0.510185,0.908,1.319812e+04,1.493745e-02,3.2454,3.3202,0,0,118,910,67,80
1103,1057,2160,0.510648,0.908,1.318026e+04,1.505101e-02,3.2124,3.3315,0,1,17,909,67,80
1104,1056,2160,0.511111,0.909,1.334416e+04,9.949777e-03,3.2317,3.3289,0,2,17,908,67,80
1105,1055,2160,0.511574,0.908,1.330426e+04,1.249605e-02,3.251,3.3331,0,4,17,907,67,80
1106,1054,2160,0.512037,0.908,1.329782e+04,1.108838e-02,3.2281,3.3407,0,8,175,906,67,80
1107,1053,2160,0.5125,0.908,1.339612e+04,1.726152e-02,3.2205,3.312,0,9,76,905,67,80
1108,1052,2160,0.512963,0.906,1.344820e+04,1.122731e-02,3.238,3.3336,0,8,45,904,67,80
1109,1051,2160,0.513426,0.906,1.360033e+04,1.421448e-02,3.2522,3.3353,0,3,17,903,67,80
1110,1050,2160,0.513889,0.906,1.356658e+04,7.320606e-03,3.2484,3.3337,0,5,4,902,67,80
1111,1049,2160,0.514352,0.906,1.381110e+04,7.357310e-03,3.2314,3.3343,0,5,181,901,67,80
1112,1048,2160,0.514815,0.907,1.402906e+04,1.490598e-02,3.2132,3.3214,0,3,122,900,67,80
1113,1047,2160,0.515278,0.906,1.419004e+04,1.699954e-02,3.2124,3.3222,0,9,166,899,67,80
1114,1046,2160,0.515741,0.906,1.436665e+04,1.552864e-02,3.2124,3.3059,0,0,157,898,67,80
1115,1045,2160,0.516204,0.906,1.435532e+04,1.158672e-02,3.2701,3.3506,0,8,52,897,67,80
1116,1044,2160,0.516667,0.905,1.440714e+04,1.154772e-02,3.1961,3.331,0,2,131,896,67,80
1117,1043,2160,0.51713,0.905,1.446972e+04,1.551756e-02,3.2184,3.3216,0,0,159,895,67,80
1118,1042,2160,0.517593,0.904,1.442238e+04,1.526564e-02,3.2483,3.3346,0,0,166,894,67,80
1119,1041,2160,0.518056,0.904,1.425577e+04,1.306478e-02,3.2501,3.3416,0,4,42,893,67,80
1120,1040,2160,0.518519,0.903,1.446941e+04,1.296475e-02,3.2427,3.3252,0,4,27,892,67,80
1121,1039,2160,0.518981,0.905,1.472780e+04,1.551475e-02,3.2219,3.3229,0,1,114,891,67,80
1122,1038,2160,0.519444,0.905,1.490030e+04,1.330294e-02,3.2198,3.3223,0,4,122,890,67,80
1123,1037,2160,0.519907,0.906,1.498400e+04,1.545964e-02,3.2496,3.3226,0,0,52,889,67,80
1124,1036,2160,0.52037,0.906,1.500478e+04,1.581519e-02,3.2591,3.3302,0,1,75,888,67,80
1125,1035,2160,0.520833,0.907,1.508834e+04,1.540485e-02,3.2491,3.3259,0,0,31,887,67,80
1126,1034,2160,0.521296,0.907,1.518821e+04,1.523398e-02,3.2098,3.316,0,3,165,886,67,80
1127,1033,2160,0.521759,0.907,1.532155e+04,1.165049e-02,3.2296,3.347,0,8,141,885,67,80
1128,1032,2160,0.522222,0.908,1.540268e+04,1.163978e-02,3.2239,3.3217,0,7,100,884,67,80
1129,1031,2160,0.522685,0.908,1.547106e+04,1.788870e-02,3.2238,3.3164,0,9,145,883,67,80
1130,1030,2160,0.523148,0.908,1.552316e+04,1.792257e-02,3.2407,3.3372,0,9,82,882,67,80
1131,1029,2160,0.523611,0.907,1.554554e+04,1.607832e-02,3.2274,3.3178,0,1,123,881,67,80
1132,1028,2160,0.524074,0.906,1.565813e+04,1.601605e-02,3.2488,3.3092,0,0,21,880,67,80
1133,1027,2160,0.524537,0.906,1.565509e+04,1.177232e-02,3.2509,3.3323,0,7,177,879,67,80
1134,1026,2160,0.525,0.906,1.574219e+04,1.622491e-02,3.2155,3.3254,0,1,79,878,67,80
1135,1025,2160,0.525463,0.905,1.580761e+04,1.183073e-02,3.2462,3.3281,0,7,60,877,67,80
1136,1024,2160,0.525926,0.905,1.590825e+04,1.193225e-02,3.2136,3.3229,0,2,41,876,67,80
1137,1023,2160,0.526389,0.905,1.598790e+04,1.563559e-02,3.2122,3.3293,0,3,19,875,67,80
1138,1022,2160,0.526852,0.905,1.611768e+04,1.091167e-02,3.2449,3.3233,0,7,41,874,67,80
1139,1021,2160,0.527315,0.903,1.612113e+04,1.584553e-02,3.2156,3.32,0,0,74,873,67,80
1140,1020,2160,0.527778,0.902,1.631432e+04,1.588792e-02,3.2201,3.311,0,1,60,872,67,80
1141,1019,2160,0.528241,0.901,1.631932e+04,7.999294e-03,3.2081,3.336,0,5,79,871,67,80
1142,1018,2160,0.528704,0.902,1.639944e+04,1.146600e-02,3.2288,3.3427,0,2,165,870,67,80
1143,1017,2160,0.529167,0.903,1.633970e+04,1.005623e-02,3.2148,3.3183,0,7,165,869,67,80
1144,1016,2160,0.52963,0.903,1.624840e+04,1.184869e-02,3.2411,3.3357,0,7,117,868,67,80
1145,1015,2160,0.530093,0.904,1.632782e+04,1.630845e-02,3.2183,3.3355,0,1,189,867,67,80
1146,1014,2160,0.530556,0.905,1.647996e+04,1.818003e-02,3.2194,3.3361,0,9,123,866,67,80
1147,1013,2160,0.531019,0.905,1.660853e+04,1.380806e-02,3.2099,3.3291,0,4,187,865,67,80
1148,1012,2160,0.531481,0.905,1.677594e+04,1.559878e-02,3.2124,3.3295,0,0,187,864,67,80
1149,1011,2160,0.531944,0.904,1.680225e+04,8.082468e-03,3.2326,3.3186,0,5,114,863,67,80
1150,1010,2160,0.532407,0.905,1.701243e+04,1.262697e-02,3.2514,3.3207,0,4,114,862,67,80
1151,1009,2160,0.53287,0.905,1.691361e+04,1.163771e-02,3.2613,3.3448,0,2,157,861,67,80
1152,1008,2160,0.533333,0.905,1.705680e+04,8.356174e-03,3.2456,3.3339,0,5,76,860,67,80
1153,1007,2160,0.533796,0.905,1.708550e+04,1.241649e-02,3.2105,3.3455,0,2,73,859,67,80
1154,1006,2160,0.534259,0.904,1.714323e+04,1.876537e-02,3.2191,3.3321,0,9,105,858,67,80
1155,1005,2160,0.534722,0.906,1.718999e+04,1.618449e-02,3.2733,3.3381,0,3,88,857,67,80
1156,1004,2160,0.535185,0.906,1.728484e+04,1.622781e-02,3.2708,3.3237,0,3,133,856,67,80
1157,1003,2160,0.535648,0.903,1.742734e+04,1.874894e-02,3.2674,3.3355,0,9,176,855,67,80
1158,1002,2160,0.536111,0.904,1.753158e+04,1.892593e-02,3.2662,3.3313,0,9,133,854,67,80
1159,1001,2160,0.536574,0.903,1.721524e+04,1.639191e-02,3.2085,3.3266,0,3,35,853,67,80
1160,1000,2160,0.537037,0.906,1.731037e+04,1.155631e-02,3.2132,3.326,0,2,133,852,67,80
1161,999,2160,0.5375,0.908,1.724677e+04,1.683291e-02,3.2355,3.32,0,0,174,851,67,80
1162,998,2160,0.537963,0.909,1.721091e+04,1.207424e-02,3.2443,3.3318,0,8,127,850,67,80
1163,997,2160,0.538426,0.908,1.728188e+04,1.702847e-02,3.2286,3.3403,0,0,107,849,67,80
1164,996,2160,0.538889,0.908,1.729735e+04,1.644452e-02,3.229,3.3332,0,3,33,848,67,80
1165,995,2160,0.539352,0.907,1.742923e+04,1.241533e-02,3.2203,3.3336,0,7,160,847,67,80
1166,994,2160,0.539815,0.907,1.751738e+04,1.722024e-02,3.2149,3.3266,0,1,30,846,67,80
1167,993,2160,0.540278,0.906,1.760772e+04,1.922069e-02,3.1871,3.3252,0,9,163,845,67,80
1168,992,2160,0.540741,0.905,1.767642e+04,1.695275e-02,3.2263,3.3268,0,0,63,844,67,80
1169,991,2160,0.541204,0.908,1.776382e+04,1.432594e-02,3.2105,3.3258,0,4,33,843,67,80
1170,990,2160,0.541667,0.909,1.764121e+04,1.911869e-02,3.252,3.3284,0,9,172,842,67,80
1171,989,2160,0.54213,0.907,1.765956e+04,8.814099e-03,3.2303,3.3301,0,5,61,841,67,80
1172,988,2160,0.542593,0.905,1.768264e+04,1.437086e-02,3.2175,3.3301,0,4,85,840,67,80
1173,987,2160,0.543056,0.906,1.783441e+04,1.439562e-02,3.208,3.3281,0,4,166,839,67,80
1174,986,2160,0.543519,0.905,1.797021e+04,8.451938e-03,3.2301,3.3267,0,5,111,838,67,80
1175,985,2160,0.543981,0.907,1.821422e+04,1.900182e-02,3.224,3.3284,0,9,51,837,67,80
1176,984,2160,0.544444,0.906,1.835792e+04,1.244522e-02,3.2123,3.3268,0,2,61,836,67,80
1177,983,2160,0.544907,0.904,1.849111e+04,1.422654e-02,3.2317,3.319,0,4,153,835,67,80
1178,982,2160,0.54537,0.904,1.871355e+04,1.723387e-02,3.2554,3.3148,0,1,45,834,67,80
1179,981,2160,0.545833,0.905,1.883126e+04,1.256141e-02,3.2338,3.3333,0,8,133,833,67,80
1180,980,2160,0.546296,0.908,1.893125e+04,1.646958e-02,3.2266,3.3384,0,3,93,832,67,80
1181,979,2160,0.546759,0.908,1.913041e+04,1.717149e-02,3.2038,3.3267,0,1,24,831,67,80
1182,978,2160,0.547222,0.906,1.924268e+04,1.456910e-02,3.2208,3.3414,0,4,195,830,67,80
1183,977,2160,0.547685,0.906,1.937151e+04,1.450782e-02,3.2252,3.316,0,4,109,829,67,80
1184,976,2160,0.548148,0.907,1.950258e+04,8.657836e-03,3.2495,3.3486,0,5,71,828,67,80
1185,975,2160,0.548611,0.907,1.968427e+04,1.671031e-02,3.241,3.3432,0,3,76,827,67,80
1186,974,2160,0.549074,0.904,1.987575e+04,1.733814e-02,3.2177,3.3493,0,1,101,826,67,80
1187,973,2160,0.549537,0.904,1.996222e+04,1.251347e-02,3.2225,3.3313,0,2,11,825,67,80
1188,972,2160,0.55,0.906,2.012846e+04,8.635184e-03,3.2245,3.3336,0,5,184,824,67,80
1189,971,2160,0.550463,0.904,2.033142e+04,1.068421e-02,3.2065,3.3245,0,8,184,823,67,80
1190,970,2160,0.550926,0.904,2.026174e+04,1.876845e-02,3.2439,3.3255,0,9,101,822,67,80
1191,969,2160,0.551389,0.905,2.032405e+04,1.243372e-02,3.2498,3.3388,0,8,123,821,67,80
1192,968,2160,0.551852,0.907,2.049157e+04,1.718319e-02,3.2292,3.3321,0,1,112,820,67,80
1193,967,2160,0.552315,0.907,2.071904e+04,1.236639e-02,3.2125,3.3344,0,7,30,819,67,80
1194,966,2160,0.552778,0.906,2.096951e+04,1.262153e-02,3.2209,3.3294,0,2,194,818,67,80
1195,965,2160,0.553241,0.909,2.115812e+04,1.249703e-02,3.2578,3.313,0,7,71,817,67,80
1196,964,2160,0.553704,0.909,2.128388e+04,1.739609e-02,3.2264,3.3282,0,1,156,816,67,80
1197,963,2160,0.554167,0.909,2.133352e+04,8.698342e-03,3.2229,3.3367,0,5,194,815,67,80
1198,962,2160,0.55463,0.908,2.132005e+04,8.449092e-03,3.237,3.3146,0,5,30,814,67,80
1199,961,2160,0.555093,0.906,2.141732e+04,1.010468e-02,3.221,3.3269,0,8,194,813,67,80
1200,960,2160,0.555556,0.906,2.129650e+04,1.626826e-02,3.2208,3.3157,0,3,11,812,67,80
1201,959,2160,0.556019,0.905,2.157346e+04,1.662898e-02,3.2708,3.3207,0,1,127,811,67,80
1202,958,2160,0.556481,0.908,2.179337e+04,1.452178e-02,3.2556,3.3259,0,4,38,810,67,80
1203,957,2160,0.556944,0.908,2.190926e+04,1.441897e-02,3.2217,3.3257,0,4,102,809,67,80
1204,956,2160,0.557407,0.907,2.205494e+04,1.852330e-02,3.2368,3.3284,0,9,190,808,67,80
1205,955,2160,0.55787,0.909,2.217493e+04,1.680809e-02,3.2374,3.3198,0,3,40,807,67,80
1206,954,2160,0.558333,0.905,2.241567e+04,1.459395e-02,3.2333,3.323,0,4,126,806,67,80
1207,953,2160,0.558796,0.906,2.261378e+04,1.907708e-02,3.2685,3.3167,0,9,60,805,67,80
1208,952,2160,0.559259,0.906,2.272727e+04,1.749149e-02,3.2111,3.3188,0,0,25,804,67,80
1209,951,2160,0.559722,0.906,2.275914e+04,7.175654e-03,3.1989,3.3276,0,5,25,803,67,80
1210,950,2160,0.560185,0.906,2.267127e+04,1.742042e-02,3.2536,3.3116,0,1,87,802,67,80
1211,949,2160,0.560648,0.906,2.281367e+04,1.751176e-02,3.2387,3.3335,0,1,137,801,67,80
1212,948,2160,0.561111,0.905,2.291078e+04,1.760826e-02,3.2538,3.3156,0,1,86,800,67,80
1213,947,2160,0.561574,0.904,2.301941e+04,1.898156e-02,3.2109,3.3229,0,9,158,799,67,80
1214,946,2160,0.562037,0.904,2.320451e+04,1.739667e-02,3.2127,3.3213,0,1,2,798,67,80
1215,945,2160,0.5625,0.904,2.341640e+04,1.273919e-02,3.2296,3.3164,0,2,6,797,67,80
1216,944,2160,0.562963,0.902,2.360079e+04,1.232026e-02,3.2387,3.3415,0,7,6,796,67,80
1217,943,2160,0.563426,0.904,2.360893e+04,1.781180e-02,3.2205,3.3345,0,0,53,795,67,80
1218,942,2160,0.563889,0.903,2.366798e+04,1.713578e-02,3.2361,3.3344,0,1,6,794,67,80
1219,941,2160,0.564352,0.902,2.366013e+04,1.275623e-02,3.2428,3.3333,0,2,74,793,67,80
1220,940,2160,0.564815,0.903,2.385429e+04,1.753685e-02,3.2358,3.3245,0,0,191,792,67,80
1221,939,2160,0.565278,0.903,2.400994e+04,1.906326e-02,3.2483,3.3332,0,9,88,791,67,80
1222,938,2160,0.565741,0.904,2.418981e+04,1.748887e-02,3.2402,3.3293,0,1,64,790,67,80
1223,937,2160,0.566204,0.905,2.428410e+04,1.886515e-02,3.2647,3.3338,0,9,6,789,67,80
1224,936,2160,0.566667,0.905,2.428583e+04,1.257973e-02,3.2426,3.335,0,8,33,788,67,80
1225,935,2160,0.56713,0.904,2.436943e+04,1.511509e-02,3.2219,3.3266,0,4,48,787,67,80
1226,934,2160,0.567593,0.905,2.440435e+04,1.224328e-02,3.202,3.3241,0,8,6,786,67,80
1227,933,2160,0.568056,0.904,2.447352e+04,1.217818e-02,3.2306,3.3127,0,8,170,785,67,80
1228,932,2160,0.568519,0.905,2.473102e+04,1.716737e-02,3.2392,3.3137,0,3,53,784,67,80
1229,931,2160,0.568981,0.905,2.494603e+04,8.967195e-03,3.2461,3.3181,0,5,125,783,67,80
1230,930,2160,0.569444,0.904,2.514295e+04,1.807183e-02,3.2254,3.3087,0,0,46,782,67,80
1231,929,2160,0.569907,0.904,2.516931e+04,2.980667e-02,3.2289,3.3229,2,3,9,782,67,79
1232,928,2160,0.57037,0.903,2.518489e+04,1.766251e-02,3.2307,3.3277,0,3,87,781,67,79
1233,927,2160,0.570833,0.904,2.531032e+04,1.440837e-02,3.221,3.3274,0,4,53,780,67,79
1234,926,2160,0.571296,0.905,2.525517e+04,1.279929e-02,3.2354,3.3364,0,7,181,779,67,79
1235,925,2160,0.571759,0.905,2.553176e+04,1.962521e-02,3.2361,3.3426,0,9,47,778,67,79
1236,924,2160,0.572222,0.902,2.568641e+04,1.787906e-02,3.2229,3.3434,0,1,187,777,67,79
1237,923,2160,0.572685,0.903,2.585110e+04,1.994864e-02,3.2327,3.3401,0,9,136,776,67,79
1238,922,2160,0.573148,0.902,2.589194e+04,1.313451e-02,3.2412,3.3366,0,8,137,775,67,79
1239,921,2160,0.573611,0.904,2.589471e+04,1.807567e-02,3.2168,3.3361,0,1,186,774,67,79
1240,920,2160,0.574074,0.904,2.598677e+04,1.319418e-02,3.2408,3.3332,0,7,162,773,67,79
1241,919,2160,0.574537,0.905,2.609890e+04,1.772177e-02,3.2437,3.3294,0,3,107,772,67,79
1242,918,2160,0.575,0.901,2.630916e+04,1.790876e-02,3.2159,3.3228,0,1,106,771,67,79
1243,917,2160,0.575463,0.901,2.652606e+04,6.968868e-03,3.2398,3.3296,2,3,8,771,67,78
1244,916,2160,0.575926,0.902,2.636158e+04,2.002205e-02,3.2445,3.3227,0,9,146,770,67,78
1245,915,2160,0.576389,0.903,2.648582e+04,1.822089e-02,3.2565,3.3289,0,1,32,769,67,78
1246,914,2160,0.576852,0.903,2.656982e+04,1.884232e-02,3.2428,3.3367,0,1,70,768,67,78
1247,913,2160,0.577315,0.903,2.665288e+04,1.265812e-02,3.2563,3.332,0,2,70,767,67,78
1248,912,2160,0.577778,0.905,2.667441e+04,1.303869e-02,3.2454,3.3349,0,7,152,766,67,78
1249,911,2160,0.578241,0.904,2.696920e+04,1.814378e-02,3.213,3.3274,0,1,13,765,67,78
1250,910,2160,0.578704,0.904,2.731345e+04,2.041177e-02,3.2103,3.329,0,9,159,764,67,78
1251,909,2160,0.579167,0.903,2.747705e+04,1.854416e-02,3.2243,3.3346,0,1,103,763,67,78
1252,908,2160,0.57963,0.9,2.755243e+04,1.845353e-02,3.2132,3.3365,0,1,142,762,67,78
1253,907,2160,0.580093,0.9,2.766298e+04,1.826972e-02,3.2123,3.3265,0,1,31,761,67,78
1254,906,2160,0.580556,0.9,2.774282e+04,1.310141e-02,3.2313,3.344,0,8,186,760,67,78
1255,905,2160,0.581019,0.9,2.782587e+04,1.857851e-02,3.2426,3.3325,0,1,72,759,67,78
1256,904,2160,0.581481,0.901,2.783718e+04,9.771115e-03,3.2165,3.332,0,5,18,758,67,78
1257,903,2160,0.581944,0.899,2.792678e+04,1.833984e-02,3.2177,3.3365,0,0,188,757,67,78
1258,902,2160,0.582407,0.899,2.792994e+04,1.342016e-02,3.2239,3.3344,0,7,26,756,67,78
1259,901,2160,0.58287,0.9,2.801856e+04,6.716482e-03,3.2418,3.3178,2,3,6,756,67,77
1260,900,2160,0.583333,0.897,2.782856e+04,1.844514e-02,3.2057,3.3327,0,1,92,755,67,77
1261,899,2160,0.583796,0.895,2.791122e+04,2.065436e-02,3.2445,3.3323,0,9,130,754,67,77
1262,898,2160,0.584259,0.896,2.798439e+04,1.843455e-02,3.2516,3.3326,0,0,139,753,67,77
1263,897,2160,0.584722,0.897,2.823749e+04,1.852498e-02,3.231,3.3303,0,1,99,752,67,77
1264,896,2160,0.585185,0.896,2.853173e+04,1.853993e-02,3.2199,3.3363,0,0,64,751,67,77
1265,895,2160,0.585648,0.895,2.856109e+04,1.340597e-02,3.245,3.3271,0,2,97,750,67,77
1266,894,2160,0.586111,0.899,2.888532e+04,1.841317e-02,3.2266,3.3192,0,3,0,749,67,77
1267,893,2160,0.586574,0.9,2.926846e+04,1.405422e-02,3.2139,3.3236,0,2,68,748,67,77
1268,892,2160,0.587037,0.898,2.940787e+04,9.595749e-03,3.2492,3.3149,0,5,28,747,67,77
1269,891,2160,0.5875,0.899,2.974690e+04,1.872209e-02,3.2386,3.3223,0,0,60,746,67,77
1270,890,2160,0.587963,0.901,2.989378e+04,1.358175e-02,3.2202,3.3301,0,7,113,745,67,77
1271,889,2160,0.588426,0.901,3.013293e+04,1.900942e-02,3.2419,3.3298,0,0,23,744,67,77
1272,888,2160,0.588889,0.9,3.012276e+04,1.880620e-02,3.2251,3.3365,0,1,110,743,67,77
1273,887,2160,0.589352,0.901,3.023921e+04,9.944533e-03,3.2117,3.3221,0,5,110,742,67,77
1274,886,2160,0.589815,0.902,3.040742e+04,1.899241e-02,3.2174,3.312,0,0,90,741,67,77
1275,885,2160,0.590278,0.901,3.037067e+04,1.016206e-02,3.2131,3.3373,0,5,64,740,67,77
1276,884,2160,0.590741,0.9,3.049171e+04,1.905263e-02,3.2154,3.3226,0,9,110,739,67,77
1277,883,2160,0.591204,0.897,3.030001e+04,1.857468e-02,3.253,3.3292,0,0,62,738,67,77
1278,882,2160,0.591667,0.895,3.031608e+04,1.591156e-02,3.2267,3.3231,0,4,173,737,67,77
1279,881,2160,0.59213,0.898,3.039753e+04,1.578538e-02,3.2336,3.3337,0,4,23,736,67,77
1280,880,2160,0.592593,0.896,3.046677e+04,2.039646e-02,3.2358,3.3271,0,9,39,735,67,77
1281,879,2160,0.593056,0.894,3.065971e+04,2.020891e-02,3.2255,3.3245,0,9,80,734,67,77
1282,878,2160,0.593519,0.896,3.075151e+04,1.920352e-02,3.2079,3.3334,0,1,51,733,67,77
1283,877,2160,0.593981,0.894,3.084406e+04,1.920521e-02,3.2128,3.3379,0,1,82,732,67,77
1284,876,2160,0.594444,0.896,3.095645e+04,1.927588e-02,3.2151,3.3383,0,1,124,731,67,77
1285,875,2160,0.594907,0.896,3.105016e+04,1.915207e-02,3.2283,3.3356,0,3,82,730,67,77
1286,874,2160,0.59537,0.894,3.106669e+04,1.878485e-02,3.214,3.3204,0,3,183,729,67,77
1287,873,2160,0.595833,0.895,3.137521e+04,1.868988e-02,3.2332,3.3152,0,3,23,728,67,77
1288,872,2160,0.596296,0.892,3.155751e+04,1.874978e-02,3.232,3.3223,0,1,57,727,67,77
1289,871,2160,0.596759,0.896,3.180068e+04,2.067156e-02,3.2471,3.3208,0,9,32,726,67,77
1290,870,2160,0.597222,0.893,3.213050e+04,2.077843e-02,3.2204,3.3287,0,9,180,725,67,77
1291,869,2160,0.597685,0.896,3.247774e+04,2.111827e-02,3.2502,3.334,0,9,36,724,67,77
1292,868,2160,0.598148,0.896,3.262168e+04,1.468246e-02,3.2087,3.3346,0,7,136,723,67,77
1293,867,2160,0.598611,0.894,3.283433e+04,1.985886e-02,3.2344,3.3426,0,0,66,722,67,77
1294,866,2160,0.599074,0.89,3.284024e+04,1.551659e-02,3.2292,3.338,0,4,66,721,67,77
1295,865,2160,0.599537,0.89,3.290734e+04,1.380620e-02,3.2399,3.3345,0,8,142,720,67,77
1296,864,2160,0.6,0.895,3.297389e+04,1.344092e-02,3.2249,3.3267,0,8,12,719,67,77
1297,863,2160,0.600463,0.895,3.328293e+04,1.460111e-02,3.2441,3.3297,0,7,132,718,67,77
1298,862,2160,0.600926,0.895,3.344051e+04,1.493599e-02,3.2354,3.315,0,7,95,717,67,77
1299,861,2160,0.601389,0.896,3.360439e+04,1.448336e-02,3.2466,3.3261,0,7,44,716,67,77
1300,860,2160,0.601852,0.896,3.374267e+04,1.342482e-02,3.2535,3.3191,0,8,75,715,67,77
1301,859,2160,0.602315,0.893,3.398623e+04,1.937608e-02,3.2367,3.3181,0,1,100,714,67,77
1302,858,2160,0.602778,0.893,3.413998e+04,4.936963e-03,3.235,3.3119,1,1,4,714,66,77
1303,857,2160,0.603241,0.893,3.393719e+04,1.903692e-02,3.2384,3.3173,0,1,128,713,66,77
1304,856,2160,0.603704,0.893,3.405336e+04,1.393342e-02,3.2506,3.3261,0,8,89,712,66,77
1305,855,2160,0.604167,0.893,3.413083e+04,1.952538e-02,3.2298,3.3363,0,3,22,711,66,77
1306,854,2160,0.60463,0.893,3.434915e+04,1.454667e-02,3.2094,3.3186,0,7,151,710,66,77
1307,853,2160,0.605093,0.893,3.454662e+04,1.639487e-02,3.2269,3.3244,0,4,64,709,66,77
1308,852,2160,0.605556,0.895,3.478399e+04,1.648766e-02,3.2091,3.328,0,4,5,708,66,77
1309,851,2160,0.606019,0.894,3.497559e+04,1.499593e-02,3.24,3.3103,0,7,180,707,66,77
1310,850,2160,0.606481,0.895,3.525950e+04,1.448397e-02,3.2297,3.3354,0,7,125,706,66,77
1311,849,2160,0.606944,0.897,3.554712e+04,3.892862e-02,3.2241,3.3142,1,2,7,706,65,77
1312,848,2160,0.607407,0.897,3.560062e+04,1.488883e-02,3.2269,3.3246,0,7,141,705,65,77
1313,847,2160,0.60787,0.895,3.578157e+04,2.021760e-02,3.221,3.3329,0,1,161,704,65,77
1314,846,2160,0.608333,0.894,3.592954e+04,1.247054e-02,3.2509,3.3279,0,7,161,703,65,77
1315,845,2160,0.608796,0.894,3.567991e+04,1.980703e-02,3.2701,3.3254,0,3,134,702,65,77
1316,844,2160,0.609259,0.893,3.612103e+04,1.712299e-02,3.2354,3.3304,0,4,150,701,65,77
1317,843,2160,0.609722,0.891,3.634645e+04,1.425403e-02,3.2413,3.3458,0,2,43,700,65,77
1318,842,2160,0.610185,0.891,3.677188e+04,1.735495e-02,3.2128,3.3382,0,4,145,699,65,77
1319,841,2160,0.610648,0.892,3.696914e+04,2.038460e-02,3.2124,3.3309,0,3,8,698,65,77
1320,840,2160,0.611111,0.893,3.737100e+04,1.053370e-02,3.2129,3.3189,0,5,8,697,65,77
1321,839,2160,0.611574,0.892,3.776231e+04,2.171666e-02,3.2137,3.334,0,9,168,696,65,77
1322,838,2160,0.612037,0.892,3.811985e+04,1.553579e-02,3.2409,3.3203,0,7,104,695,65,77
1323,837,2160,0.6125,0.894,3.821921e+04,2.678491e-02,3.2238,3.3227,1,5,7,695,64,77
1324,836,2160,0.612963,0.892,3.833723e+04,1.435910e-02,3.2044,3.3048,0,2,7,694,64,77
1325,835,2160,0.613426,0.891,3.862579e+04,2.178771e-02,3.2353,3.3042,0,9,100,693,64,77
1326,834,2160,0.613889,0.891,3.877620e+04,1.083920e-02,3.2282,3.3229,0,8,100,692,64,77
1327,833,2160,0.614352,0.891,3.851575e+04,1.463444e-02,3.2632,3.3287,0,2,66,691,64,77
1328,832,2160,0.614815,0.892,3.870268e+04,1.117227e-02,3.212,3.3252,0,5,131,690,64,77
1329,831,2160,0.615278,0.891,3.878770e+04,2.169495e-02,3.2081,3.331,0,9,178,689,64,77
1330,830,2160,0.615741,0.895,3.890053e+04,1.438738e-02,3.2297,3.3441,0,8,67,688,64,77
1331,829,2160,0.616204,0.894,3.893369e+04,1.734169e-02,3.2153,3.331,0,4,63,687,64,77
1332,828,2160,0.616667,0.892,3.929819e+04,2.601053e-02,3.2374,3.3218,1,4,7,687,63,77
1333,827,2160,0.61713,0.899,3.947882e+04,1.584196e-02,3.2295,3.3394,0,7,47,686,63,77
1334,826,2160,0.617593,0.893,3.963985e+04,1.581571e-02,3.2171,3.3087,0,7,9,685,63,77
1335,825,2160,0.618056,0.893,3.985212e+04,1.178052e-02,3.232,3.3233,2,8,1,685,63,76
1336,824,2160,0.618519,0.888,3.971183e+04,2.194006e-02,3.2303,3.3193,0,9,162,684,63,76
1337,823,2160,0.618981,0.886,3.997215e+04,1.465713e-02,3.2458,3.3276,0,8,69,683,63,76
1338,822,2160,0.619444,0.887,4.008857e+04,1.583271e-02,3.2409,3.3243,0,7,170,682,63,76
1339,821,2160,0.619907,0.888,4.022943e+04,1.494898e-02,3.235,3.3229,0,2,154,681,63,76
1340,820,2160,0.62037,0.887,4.052185e+04,1.502780e-02,3.2273,3.3269,0,2,55,680,63,76
1341,819,2160,0.620833,0.888,4.087146e+04,1.006160e-02,3.2407,3.3292,0,5,154,679,63,76
1342,818,2160,0.621296,0.888,4.113078e+04,1.059603e-02,3.2522,3.3282,0,5,55,678,63,76
1343,817,2160,0.621759,0.888,4.117072e+04,1.882157e-02,3.2293,3.3143,0,4,147,677,63,76
1344,816,2160,0.622222,0.889,4.127894e+04,1.638927e-02,3.2086,3.3221,0,7,118,676,63,76
1345,815,2160,0.622685,0.893,4.126096e+04,1.624426e-02,3.2128,3.3273,0,7,58,675,63,76
1346,814,2160,0.623148,0.893,4.131329e+04,2.136512e-02,3.2248,3.3173,0,3,2,674,63,76
1347,813,2160,0.623611,0.89,4.161363e+04,1.549482e-02,3.2205,3.3326,0,2,67,673,63,76
1348,812,2160,0.624074,0.894,4.171108e+04,1.698102e-02,3.2805,3.3286,0,4,2,672,63,76
1349,811,2160,0.624537,0.889,4.158921e+04,1.962461e-02,3.2467,3.3341,0,0,17,671,63,76
1350,810,2160,0.625,0.89,4.208417e+04,2.159054e-02,3.2277,3.3354,0,3,34,670,63,76
1351,809,2160,0.625463,0.89,4.245757e+04,2.045919e-02,3.2283,3.3318,0,1,165,669,63,76
1352,808,2160,0.625926,0.889,4.279607e+04,2.135021e-02,3.2396,3.3329,0,3,28,668,63,76
1353,807,2160,0.626389,0.889,4.328787e+04,2.173028e-02,3.2434,3.3331,0,3,105,667,63,76
1354,806,2160,0.626852,0.888,4.365455e+04,1.911994e-02,3.271,3.3382,0,4,159,666,63,76
1355,805,2160,0.627315,0.888,4.374995e+04,9.351288e-03,3.2261,3.3339,1,5,1,666,62,76
1356,804,2160,0.627778,0.888,4.347441e+04,2.315687e-02,3.2286,3.3375,0,9,149,665,62,76
1357,803,2160,0.628241,0.89,4.350543e+04,2.093163e-02,3.252,3.3481,0,3,159,664,62,76
1358,802,2160,0.628704,0.889,4.352154e+04,1.151883e-02,3.2225,3.313,0,5,91,663,62,76
1359,801,2160,0.629167,0.889,4.373279e+04,1.588676e-02,3.2745,3.3364,0,2,122,662,62,76
1360,800,2160,0.62963,0.89,4.381658e+04,1.907465e-02,3.2211,3.3266,0,4,106,661,62,76
1361,799,2160,0.630093,0.891,4.393435e+04,1.386518e-02,3.2063,3.3284,0,8,122,660,62,76
1362,798,2160,0.630556,0.894,4.373190e+04,1.115704e-02,3.2091,3.3187,0,5,158,659,62,76
1363,797,2160,0.631019,0.892,4.410601e+04,2.246930e-02,3.2232,3.3278,0,9,74,658,62,76
1364,796,2160,0.631481,0.892,4.450058e+04,1.493032e-02,3.226,3.3344,0,2,2,657,62,76
1365,795,2160,0.631944,0.891,4.498957e+04,2.246844e-02,3.2403,3.3419,0,9,177,656,62,76
1366,794,2160,0.632407,0.891,4.524635e+04,2.023244e-02,3.2117,3.3349,0,0,61,655,62,76
1367,793,2160,0.63287,0.889,4.540782e+04,1.598914e-02,3.2553,3.3188,0,2,149,654,62,76
1368,792,2160,0.633333,0.89,4.551392e+04,1.227797e-02,3.2527,3.3014,0,5,138,653,62,76
1369,791,2160,0.633796,0.891,4.551520e+04,1.238802e-02,3.2242,3.324,0,5,105,652,62,76
1370,790,2160,0.634259,0.892,4.543965e+04,1.699198e-02,3.2102,3.3377,0,7,65,651,62,76
1371,789,2160,0.634722,0.89,4.559821e+04,1.687923e-02,3.205,3.3283,0,7,70,650,62,76
1372,788,2160,0.635185,0.89,4.603866e+04,1.473964e-02,3.2634,3.3418,0,8,149,649,62,76
1373,787,2160,0.635648,0.89,4.602846e+04,1.070326e-02,3.2038,3.3318,0,5,149,648,62,76
1374,786,2160,0.636111,0.891,4.620570e+04,2.038096e-02,3.2382,3.3212,0,0,133,647,62,76
1375,785,2160,0.636574,0.894,4.632402e+04,1.652634e-02,3.2513,3.3248,0,7,20,646,62,76
1376,784,2160,0.637037,0.894,4.666609e+04,5.429972e-02,3.2475,3.3232,2,9,9,646,62,75
1377,783,2160,0.6375,0.895,4.695652e+04,1.221448e-02,3.2247,3.3121,0,5,87,645,62,75
1378,782,2160,0.637963,0.894,4.691651e+04,1.336715e-02,3.2267,3.3352,2,6,8,645,62,74
1379,781,2160,0.638426,0.895,4.660807e+04,1.613776e-02,3.2094,3.3146,0,2,23,644,62,74
1380,780,2160,0.638889,0.892,4.680347e+04,1.624296e-02,3.2447,3.3125,0,2,147,643,62,74
1381,779,2160,0.639352,0.892,4.688025e+04,1.627894e-02,3.234,3.324,0,2,175,642,62,74
1382,778,2160,0.639815,0.891,4.697660e+04,1.557676e-02,3.2536,3.3321,0,8,147,641,62,74
1383,777,2160,0.640278,0.894,4.669050e+04,8.529835e-03,3.2262,3.3159,1,7,3,641,61,74
1384,776,2160,0.640741,0.894,4.651318e+04,2.260960e-02,3.2483,3.3312,0,3,188,640,61,74
1385,775,2160,0.641204,0.894,4.717101e+04,2.099712e-02,3.2357,3.3364,0,0,147,639,61,74
1386,774,2160,0.641667,0.894,4.731233e+04,1.781470e-02,3.2624,3.3264,0,7,109,638,61,74
1387,773,2160,0.64213,0.892,4.756434e+04,1.703577e-02,3.2813,3.3423,0,7,64,637,61,74
1388,772,2160,0.642593,0.89,4.793340e+04,1.163589e-02,3.2429,3.3381,0,5,169,636,61,74
1389,771,2160,0.643056,0.89,4.855454e+04,2.045051e-02,3.222,3.3262,0,0,47,635,61,74
1390,770,2160,0.643519,0.89,4.904507e+04,2.303690e-02,3.2221,3.3399,0,3,20,634,61,74
1391,769,2160,0.643981,0.89,4.939556e+04,1.183755e-02,3.2287,3.3423,0,5,14,633,61,74
1392,768,2160,0.644444,0.889,4.994886e+04,2.316700e-02,3.2368,3.3464,0,3,161,632,61,74
1393,767,2160,0.644907,0.891,5.054251e+04,7.268450e-03,3.2289,3.346,1,8,3,632,60,74
1394,766,2160,0.64537,0.891,5.034634e+04,1.262448e-02,3.2144,3.3292,0,5,62,631,60,74
1395,765,2160,0.645833,0.889,5.068401e+04,2.266679e-02,3.279,3.3388,0,9,161,630,60,74
1396,764,2160,0.646296,0.889,5.045514e+04,1.500789e-02,3.2342,3.3398,0,2,62,629,60,74
1397,763,2160,0.646759,0.884,5.051776e+04,1.634507e-02,3.2193,3.3353,0,2,15,628,60,74
1398,762,2160,0.647222,0.887,5.098284e+04,2.160608e-02,3.2107,3.3334,0,0,15,627,60,74
1399,761,2160,0.647685,0.885,5.052145e+04,7.295188e-03,3.2478,3.3311,0,5,15,626,60,74
1400,760,2160,0.648148,0.886,5.020477e+04,2.096133e-02,3.2403,3.3159,0,0,144,625,60,74
1401,759,2160,0.648611,0.885,5.017784e+04,2.058611e-02,3.2257,3.3421,0,0,161,624,60,74
1402,758,2160,0.649074,0.885,4.998384e+04,5.291678e-02,3.2185,3.3269,2,0,9,624,60,73
1403,757,2160,0.649537,0.884,5.038442e+04,1.678730e-02,3.2157,3.336,2,2,5,624,60,72
1404,756,2160,0.65,0.882,5.032431e+04,1.814753e-02,3.2276,3.3388,0,7,146,623,60,72
1405,755,2160,0.650463,0.886,5.052513e+04,1.775594e-02,3.2485,3.327,0,7,191,622,60,72
1406,754,2160,0.650926,0.888,5.097473e+04,6.087017e-03,3.2346,3.3226,2,6,3,622,60,71
1407,753,2160,0.651389,0.888,5.078280e+04,1.699861e-02,3.2346,3.3314,2,8,5,622,60,70
1408,752,2160,0.651852,0.887,5.090519e+04,2.169635e-02,3.2124,3.3557,0,0,78,621,60,70
1409,751,2160,0.652315,0.884,5.092493e+04,2.314613e-02,3.2391,3.3299,0,9,59,620,60,70
1410,750,2160,0.652778,0.885,5.118900e+04,1.555284e-02,3.2536,3.3317,0,8,191,619,60,70
1411,749,2160,0.653241,0.884,5.168406e+04,7.531335e-03,3.2503,3.3166,1,4,5,619,59,70
1412,748,2160,0.653704,0.885,5.152310e+04,2.106039e-02,3.2017,3.3164,0,1,59,618,59,70
1413,747,2160,0.654167,0.888,5.167347e+04,1.844417e-02,3.2206,3.323,0,7,39,617,59,70
1414,746,2160,0.65463,0.887,5.211415e+04,1.811941e-02,3.2221,3.331,0,7,129,616,59,70
1415,745,2160,0.655093,0.885,5.264094e+04,2.383188e-02,3.225,3.3207,0,3,66,615,59,70
1416,744,2160,0.655556,0.885,5.315778e+04,1.719339e-02,3.2367,3.3273,0,2,137,614,59,70
1417,743,2160,0.656019,0.886,5.344648e+04,2.216409e-02,3.2157,3.333,0,1,190,613,59,70
1418,742,2160,0.656481,0.885,5.372025e+04,2.048619e-02,3.2191,3.3281,0,4,57,612,59,70
1419,741,2160,0.656944,0.884,5.429347e+04,2.228024e-02,3.209,3.3309,0,0,132,611,59,70
1420,740,2160,0.657407,0.886,5.425456e+04,1.745404e-02,3.2134,3.3209,0,2,33,610,59,70
1421,739,2160,0.65787,0.885,5.450063e+04,1.252466e-02,3.2309,3.321,0,5,11,609,59,70
1422,738,2160,0.658333,0.884,5.517339e+04,2.227219e-02,3.2149,3.3348,0,0,136,608,59,70
1423,737,2160,0.658796,0.885,5.518579e+04,2.135792e-02,3.2127,3.3271,0,0,183,607,59,70
1424,736,2160,0.659259,0.883,5.585417e+04,1.687773e-02,3.221,3.3291,0,8,171,606,59,70
1425,735,2160,0.659722,0.884,5.609554e+04,1.802386e-02,3.2289,3.333,0,7,171,605,59,70
1426,734,2160,0.660185,0.883,5.627535e+04,1.852783e-02,3.2307,3.331,0,7,176,604,59,70
1427,733,2160,0.660648,0.883,5.671475e+04,2.370243e-02,3.2725,3.3241,0,9,16,603,59,70
1428,732,2160,0.661111,0.885,5.690497e+04,1.871521e-02,3.2406,3.3277,0,7,83,602,59,70
1429,731,2160,0.661574,0.885,5.748604e+04,1.898910e-02,3.2168,3.3163,0,7,38,601,59,70
1430,730,2160,0.662037,0.883,5.776422e+04,2.225920e-02,3.2236,3.3269,0,1,171,600,59,70
1431,729,2160,0.6625,0.884,5.789100e+04,2.452183e-02,3.2146,3.3186,0,3,31,599,59,70
1432,728,2160,0.662963,0.884,5.843257e+04,1.589733e-02,3.2272,3.3087,0,8,83,598,59,70
1433,727,2160,0.663426,0.881,5.894337e+04,2.226109e-02,3.2149,3.325,0,0,172,597,59,70
1434,726,2160,0.663889,0.883,5.892338e+04,2.129818e-02,3.2191,3.3206,0,4,90,596,59,70
1435,725,2160,0.664352,0.882,5.918333e+04,1.940341e-02,3.2152,3.3128,0,7,121,595,59,70
1436,724,2160,0.664815,0.885,5.934667e+04,1.890004e-02,3.2612,3.3174,0,7,144,594,59,70
1437,723,2160,0.665278,0.883,5.942998e+04,2.324099e-02,3.2152,3.3292,0,9,31,593,59,70
1438,722,2160,0.665741,0.884,5.910573e+04,2.239978e-02,3.2338,3.3128,0,0,129,592,59,70
1439,721,2160,0.666204,0.884,5.915689e+04,1.643581e-02,3.2258,3.3289,0,8,192,591,59,70
1440,720,2160,0.666667,0.885,5.983960e+04,2.498881e-02,3.2483,3.3311,0,3,89,590,59,70
1441,719,2160,0.66713,0.883,6.041785e+04,1.991705e-02,3.2654,3.3267,2,7,2,590,59,69
1442,718,2160,0.667593,0.884,6.015081e+04,2.140440e-02,3.2215,3.3391,0,4,81,589,59,69
1443,717,2160,0.668056,0.885,6.056700e+04,2.298097e-02,3.2382,3.3306,0,9,89,588,59,69
1444,716,2160,0.668519,0.885,6.021927e+04,1.512941e-02,3.2183,3.3241,0,8,81,587,59,69
1445,715,2160,0.668981,0.885,6.006499e+04,2.328078e-02,3.2239,3.3317,0,9,63,586,59,69
1446,714,2160,0.669444,0.886,6.040614e+04,2.163908e-02,3.2307,3.3365,0,4,36,585,59,69
1447,713,2160,0.669907,0.889,6.061730e+04,2.514675e-02,3.2563,3.3401,0,3,62,584,59,69
1448,712,2160,0.67037,0.888,6.098229e+04,2.276772e-02,3.2135,3.3271,0,0,117,583,59,69
1449,711,2160,0.670833,0.891,6.075341e+04,1.890150e-02,3.2332,3.3238,0,4,62,582,59,69
1450,710,2160,0.671296,0.889,6.051861e+04,2.492130e-02,3.2299,3.3302,0,3,37,581,59,69
1451,709,2160,0.671759,0.889,6.123594e+04,1.925566e-02,3.2447,3.3411,0,7,174,580,59,69
1452,708,2160,0.672222,0.889,6.153529e+04,1.945265e-02,3.2627,3.3213,0,7,108,579,59,69
1453,707,2160,0.672685,0.89,6.177199e+04,1.326563e-02,3.2266,3.3192,0,5,122,578,59,69
1454,706,2160,0.673148,0.888,6.230866e+04,1.345192e-02,3.2192,3.3105,0,5,53,577,59,69
1455,705,2160,0.673611,0.889,6.271687e+04,2.318794e-02,3.2044,3.3112,0,1,78,576,59,69
1456,704,2160,0.674074,0.891,6.277967e+04,2.558604e-02,3.2357,3.3086,0,3,136,575,59,69
1457,703,2160,0.674537,0.889,6.335529e+04,2.551299e-02,3.2638,3.3253,0,3,12,574,59,69
1458,702,2160,0.675,0.892,6.415627e+04,2.357981e-02,3.2401,3.3218,0,9,34,573,59,69
1459,701,2160,0.675463,0.889,6.430146e+04,1.355100e-02,3.2278,3.3308,0,5,66,572,59,69
1460,700,2160,0.675926,0.888,6.473949e+04,2.338959e-02,3.2455,3.3319,0,0,145,571,59,69
1461,699,2160,0.676389,0.889,6.476798e+04,1.968462e-02,3.1927,3.3243,0,7,66,570,59,69
1462,698,2160,0.676852,0.89,6.476805e+04,2.294205e-02,3.2805,3.3478,0,1,108,569,59,69
1463,697,2160,0.677315,0.888,6.502543e+04,1.354261e-02,3.265,3.3312,2,8,6,569,59,68
1464,696,2160,0.677778,0.888,6.477586e+04,1.777362e-02,3.2357,3.3154,0,2,44,568,59,68
1465,695,2160,0.678241,0.887,6.519283e+04,2.315833e-02,3.2513,3.3173,0,9,56,567,59,68
1466,694,2160,0.678704,0.887,6.561637e+04,2.300636e-02,3.2401,3.3295,0,4,92,566,59,68
1467,693,2160,0.679167,0.886,6.608820e+04,1.351268e-02,3.233,3.3365,0,5,56,565,59,68
1468,692,2160,0.67963,0.884,6.667002e+04,2.287407e-02,3.2339,3.3424,0,4,164,564,59,68
1469,691,2160,0.680093,0.883,6.706134e+04,2.308370e-02,3.2479,3.3352,0,1,164,563,59,68
1470,690,2160,0.680556,0.878,6.739054e+04,2.349635e-02,3.2433,3.3243,0,4,156,562,59,68
1471,689,2160,0.681019,0.878,6.779954e+04,1.927601e-02,3.2028,3.3248,0,2,156,561,59,68
1472,688,2160,0.681481,0.88,6.743128e+04,2.281162e-02,3.2438,3.3303,2,9,2,561,59,67
1473,687,2160,0.681944,0.881,6.705005e+04,2.337895e-02,3.2283,3.3264,0,4,175,560,59,67
1474,686,2160,0.682407,0.881,6.728431e+04,2.651856e-02,3.2473,3.3316,0,3,190,559,59,67
1475,685,2160,0.68287,0.887,6.799186e+04,2.685588e-02,3.2304,3.3073,0,3,18,558,59,67
1476,684,2160,0.683333,0.883,6.888634e+04,2.726749e-02,3.2079,3.3282,0,3,117,557,59,67
1477,683,2160,0.683796,0.882,6.950048e+04,1.521020e-02,3.2362,3.3325,0,5,190,556,59,67
1478,682,2160,0.684259,0.881,6.950596e+04,2.776219e-02,3.2318,3.3351,0,3,96,555,59,67
1479,681,2160,0.684722,0.881,7.003114e+04,2.763653e-02,3.2646,3.3229,0,3,115,554,59,67
1480,680,2160,0.685185,0.88,7.042450e+04,1.909200e-02,3.2589,3.3356,0,8,128,553,59,67
1481,679,2160,0.685648,0.883,7.037963e+04,1.894960e-02,3.2603,3.3077,0,2,102,552,59,67
1482,678,2160,0.686111,0.882,7.090931e+04,1.861819e-02,3.246,3.3292,0,2,177,551,59,67
1483,677,2160,0.686574,0.878,7.145541e+04,2.554534e-02,3.2569,3.3289,0,1,68,550,59,67
1484,676,2160,0.687037,0.879,7.161612e+04,2.461264e-02,3.2888,3.325,0,0,115,549,59,67
1485,675,2160,0.6875,0.882,7.125832e+04,1.914527e-02,3.2416,3.3282,0,2,84,548,59,67
1486,674,2160,0.687963,0.882,7.192885e+04,2.122222e-02,3.2483,3.3251,0,1,84,547,59,67
1487,673,2160,0.688426,0.88,7.153416e+04,6.852927e-03,3.2655,3.3183,1,3,8,547,58,67
1488,672,2160,0.688889,0.881,7.136170e+04,2.644724e-02,3.2467,3.3296,0,3,84,546,58,67
1489,671,2160,0.689352,0.883,7.200811e+04,2.468544e-02,3.2488,3.318,0,1,23,545,58,67
1490,670,2160,0.689815,0.882,7.273262e+04,2.447244e-02,3.2531,3.3168,0,1,135,544,58,67
1491,669,2160,0.690278,0.882,7.322826e+04,1.413576e-02,3.2532,3.3383,0,5,46,543,58,67
1492,668,2160,0.690741,0.882,7.406263e+04,1.807134e-02,3.2493,3.3418,0,2,46,542,58,67
1493,667,2160,0.691204,0.883,7.420720e+04,1.437917e-02,3.2379,3.3225,0,5,177,541,58,67
1494,666,2160,0.691667,0.885,7.435266e+04,2.118807e-02,3.2471,3.3184,0,7,22,540,58,67
1495,665,2160,0.69213,0.885,7.451144e+04,2.360631e-02,3.2721,3.3192,0,0,34,539,58,67
1496,664,2160,0.692593,0.882,7.428790e+04,2.502433e-02,3.266,3.3302,0,1,144,538,58,67
1497,663,2160,0.693056,0.882,7.448625e+04,1.455007e-02,3.2675,3.3093,0,5,20,537,58,67
1498,662,2160,0.693519,0.883,7.520624e+04,2.814509e-02,3.257,3.3283,0,3,73,536,58,67
1499,661,2160,0.693981,0.884,7.612215e+04,2.191620e-02,3.2381,3.3271,0,7,90,535,58,67
1500,660,2160,0.694444,0.882,7.649208e+04,2.560887e-02,3.2445,3.3162,0,1,131,534,58,67
1501,659,2160,0.694907,0.883,7.674198e+04,1.506783e-02,3.2501,3.3287,0,5,22,533,58,67
1502,658,2160,0.69537,0.883,7.709637e+04,1.891800e-02,3.2528,3.3284,0,2,190,532,58,67
1503,657,2160,0.695833,0.883,7.780383e+04,1.440904e-02,3.2236,3.323,0,5,129,531,58,67
1504,656,2160,0.696296,0.881,7.822568e+04,1.991742e-02,3.2225,3.3395,0,2,101,530,58,67
1505,655,2160,0.696759,0.88,7.860148e+04,2.388933e-02,3.2522,3.3459,0,4,7,529,58,67
1506,654,2160,0.697222,0.878,7.943458e+04,2.568175e-02,3.2542,3.3288,0,1,61,528,58,67
1507,653,2160,0.697685,0.88,7.987156e+04,2.419722e-02,3.2647,3.3226,0,4,91,527,58,67
1508,652,2160,0.698148,0.881,8.000011e+04,2.527156e-02,3.2577,3.3153,0,1,14,526,58,67
1509,651,2160,0.698611,0.879,8.077833e+04,2.422854e-02,3.2337,3.3287,0,9,148,525,58,67
1510,650,2160,0.699074,0.883,8.124270e+04,1.967019e-02,3.211,3.3349,0,8,1,524,58,67
1511,649,2160,0.699537,0.884,8.138181e+04,2.627056e-02,3.2269,3.3226,0,1,77,523,58,67
1512,648,2160,0.7,0.883,8.142042e+04,1.473977e-02,3.2196,3.3398,0,5,166,522,58,67
1513,647,2160,0.700463,0.882,8.232878e+04,2.851429e-02,3.2237,3.3152,0,3,116,521,58,67
1514,646,2160,0.700926,0.883,8.301158e+04,1.511162e-02,3.2303,3.3218,0,5,52,520,58,67
1515,645,2160,0.701389,0.881,8.369429e+04,2.617176e-02,3.2146,3.3248,0,1,117,519,58,67
1516,644,2160,0.701852,0.877,8.374521e+04,2.010499e-02,3.2584,3.3255,0,2,52,518,58,67
1517,643,2160,0.702315,0.88,8.357652e+04,2.809264e-02,3.2587,3.3197,0,3,91,517,58,67
1518,642,2160,0.702778,0.88,8.414438e+04,4.133539e-02,3.2233,3.3225,2,2,7,517,58,66
1519,641,2160,0.703241,0.88,8.437537e+04,1.447781e-02,3.2545,3.3193,0,5,5,516,58,66
1520,640,2160,0.703704,0.881,8.529425e+04,1.102451e-02,3.2235,3.33,2,5,5,516,58,65
1521,639,2160,0.704167,0.882,8.503121e+04,1.199934e-02,3.2676,3.3434,1,2,4,516,57,65
1522,638,2160,0.70463,0.882,8.475488e+04,2.559809e-02,3.2564,3.3348,0,1,160,515,57,65
1523,637,2160,0.705093,0.883,8.503064e+04,2.590725e-02,3.2319,3.3124,0,1,52,514,57,65
1524,636,2160,0.705556,0.882,8.535393e+04,1.956921e-02,3.2514,3.3241,0,2,160,513,57,65
1525,635,2160,0.706019,0.879,8.541421e+04,2.507162e-02,3.2288,3.3362,0,4,128,512,57,65
1526,634,2160,0.706481,0.882,8.539590e+04,2.384790e-02,3.2131,3.3235,0,0,3,511,57,65
1527,633,2160,0.706944,0.88,8.628975e+04,1.500765e-02,3.263,3.3262,0,5,1,510,57,65
1528,632,2160,0.707407,0.88,8.710938e+04,2.848493e-02,3.2174,3.3276,0,3,77,509,57,65
1529,631,2160,0.70787,0.88,8.797953e+04,2.560733e-02,3.2205,3.323,0,1,151,508,57,65
1530,630,2160,0.708333,0.88,8.892118e+04,2.714972e-02,3.2288,3.3196,0,1,54,507,57,65
1531,629,2160,0.708796,0.88,8.933634e+04,1.983060e-02,3.2541,3.3405,0,2,45,506,57,65
1532,628,2160,0.709259,0.88,8.992438e+04,2.625888e-02,3.2213,3.3346,0,1,71,505,57,65
1533,627,2160,0.709722,0.875,9.044023e+04,1.966523e-02,3.2505,3.3192,0,2,1,504,57,65
1534,626,2160,0.710185,0.874,9.083195e+04,2.155944e-02,3.2446,3.3232,0,7,52,503,57,65
1535,625,2160,0.710648,0.873,9.152144e+04,2.349433e-02,3.242,3.3104,0,1,1,502,57,65
1536,624,2160,0.711111,0.877,9.137221e+04,1.936579e-02,3.2527,3.314,0,2,88,501,57,65
1537,623,2160,0.711574,0.876,9.217988e+04,2.528129e-02,3.2465,3.3423,0,0,65,500,57,65
1538,622,2160,0.712037,0.873,9.237748e+04,1.423122e-02,3.2106,3.3259,0,5,65,499,57,65
1539,621,2160,0.7125,0.872,9.203377e+04,2.584852e-02,3.2315,3.3237,0,4,34,498,57,65
1540,620,2160,0.712963,0.871,9.223994e+04,2.219462e-02,3.2335,3.3284,0,7,24,497,57,65
1541,619,2160,0.713426,0.872,9.315075e+04,2.117972e-02,3.2472,1.7359,0,7,67,496,57,65
1542,618,2160,0.713889,0.873,9.386044e+04,2.632127e-02,3.2469,3.3291,0,1,67,495,57,65
1543,617,2160,0.714352,0.87,9.311194e+04,2.037371e-02,3.2462,3.3375,0,8,144,494,57,65
1544,616,2160,0.714815,0.87,9.317539e+04,2.571309e-02,3.2507,3.3176,0,0,160,493,57,65
1545,615,2160,0.715278,0.87,9.305189e+04,7.377811e-02,3.2395,3.3208,2,7,9,493,57,64
1546,614,2160,0.715741,0.871,9.362562e+04,1.710444e-02,3.2771,3.3016,0,5,104,492,57,64
1547,613,2160,0.716204,0.869,9.359682e+04,1.885987e-02,3.2203,3.3465,0,8,160,491,57,64
1548,612,2160,0.716667,0.87,9.365212e+04,2.043120e-02,3.2349,3.3228,0,2,85,490,57,64
1549,611,2160,0.71713,0.869,9.439519e+04,2.960280e-02,3.2107,3.3206,0,3,38,489,57,64
1550,610,2160,0.717593,0.871,9.538833e+04,1.490721e-02,3.2306,3.33,0,5,41,488,57,64
1551,609,2160,0.718056,0.871,9.659154e+04,2.565086e-02,3.258,3.3272,0,4,160,487,57,64
1552,608,2160,0.718519,0.875,9.670541e+04,1.968427e-02,3.2534,3.3135,0,8,72,486,57,64
1553,607,2160,0.718981,0.875,9.738094e+04,2.735190e-02,3.2058,3.3323,0,3,160,485,57,64
1554,606,2160,0.719444,0.872,9.739215e+04,2.714029e-02,3.2378,3.3349,0,1,109,484,57,64
1555,605,2160,0.719907,0.87,9.785234e+04,1.945044e-02,3.2277,3.3281,0,2,57,483,57,64
1556,604,2160,0.72037,0.869,9.909949e+04,1.647150e-02,3.2433,3.3141,0,5,16,482,57,64
1557,603,2160,0.720833,0.87,9.985045e+04,1.657705e-02,3.2547,3.3241,0,8,16,481,57,64
1558,602,2160,0.721296,0.868,9.927172e+04,1.596584e-02,3.2419,3.3158,0,2,16,480,57,64
1559,601,2160,0.721759,0.866,9.915124e+04,2.043965e-02,3.2145,3.3044,0,2,38,479,57,64
1560,600,2160,0.722222,0.869,9.936094e+04,2.055037e-02,3.2344,3.3271,0,2,63,478,57,64
1561,599,2160,0.722685,0.869,9.998666e+04,3.051964e-02,3.2553,3.3196,0,3,141,477,57,64
1562,598,2160,0.723148,0.87,1.011094e+05,3.088969e-02,3.2329,3.3209,0,3,176,476,57,64
1563,597,2160,0.723611,0.866,1.024843e+05,4.560671e-02,3.2981,3.3192,2,0,7,476,57,63
1564,596,2160,0.724074,0.866,1.028194e+05,2.138695e-02,3.2278,3.3218,0,2,58,475,57,63
1565,595,2160,0.724537,0.868,1.029692e+05,2.452747e-02,3.2528,3.3455,0,0,58,474,57,63
1566,594,2160,0.725,0.865,1.025325e+05,2.596461e-02,3.2386,3.331,0,9,58,473,57,63
1567,593,2160,0.725463,0.866,1.023819e+05,1.012905e-02,3.2354,3.3213,1,4,4,473,56,63
1568,592,2160,0.725926,0.865,1.021689e+05,2.701456e-02,3.2492,3.3249,0,4,74,472,56,63
1569,591,2160,0.726389,0.865,1.033095e+05,3.464454e-02,3.2268,3.3181,2,0,2,472,56,62
1570,590,2160,0.726852,0.865,1.031814e+05,1.971747e-02,3.2658,3.315,0,8,113,471,56,62
1571,589,2160,0.727315,0.865,1.043913e+05,1.658481e-02,3.2272,3.3188,0,5,19,470,56,62
1572,588,2160,0.727778,0.864,1.051248e+05,2.339697e-02,3.2399,3.3314,0,7,33,469,56,62
1573,587,2160,0.728241,0.865,1.057601e+05,2.289321e-02,3.2278,3.3271,0,7,29,468,56,62
1574,586,2160,0.728704,0.863,1.069444e+05,2.700939e-02,3.2328,3.3327,0,9,69,467,56,62
1575,585,2160,0.729167,0.861,1.074224e+05,2.646466e-02,3.2586,3.329,0,9,61,466,56,62
1576,584,2160,0.72963,0.861,1.081955e+05,2.325572e-02,3.2495,3.3168,0,0,69,465,56,62
1577,583,2160,0.730093,0.861,1.076012e+05,2.225939e-02,3.2652,3.3117,0,7,153,464,56,62
1578,582,2160,0.730556,0.862,1.088538e+05,2.699580e-02,3.216,3.3192,0,1,150,463,56,62
1579,581,2160,0.731019,0.861,1.093453e+05,2.008412e-02,3.2518,3.3279,0,2,26,462,56,62
1580,580,2160,0.731481,0.862,1.106432e+05,2.394479e-02,3.2209,3.3234,0,7,193,461,56,62
1581,579,2160,0.731944,0.861,1.113021e+05,2.072303e-02,3.2037,3.3177,0,8,179,460,56,62
1582,578,2160,0.732407,0.86,1.124202e+05,2.151734e-02,3.216,3.337,0,2,51,459,56,62
1583,577,2160,0.73287,0.864,1.131239e+05,1.171037e-02,3.2235,3.3278,0,5,51,458,56,62
1584,576,2160,0.733333,0.861,1.134473e+05,2.171758e-02,3.2277,3.3294,0,8,178,457,56,62
1585,575,2160,0.733796,0.86,1.139123e+05,2.834967e-02,3.2382,3.3227,0,4,127,456,56,62
1586,574,2160,0.734259,0.863,1.144702e+05,2.266817e-02,3.2265,3.3012,0,2,159,455,56,62
1587,573,2160,0.734722,0.864,1.146803e+05,2.076582e-02,3.2505,3.3144,0,2,180,454,56,62
1588,572,2160,0.735185,0.862,1.160878e+05,1.861183e-02,3.2792,3.3417,0,8,159,453,56,62
1589,571,2160,0.735648,0.865,1.161640e+05,2.585812e-02,3.273,3.3396,2,4,5,453,56,61
1590,570,2160,0.736111,0.862,1.159891e+05,2.187029e-02,3.2379,3.3161,0,2,107,452,56,61
1591,569,2160,0.736574,0.86,1.166086e+05,2.135989e-02,3.2396,3.3311,0,7,107,451,56,61
1592,568,2160,0.737037,0.861,1.166637e+05,2.728728e-02,3.2484,3.3434,0,4,47,450,56,61
1593,567,2160,0.7375,0.858,1.179233e+05,2.694451e-02,3.2518,3.3299,0,0,146,449,56,61
1594,566,2160,0.737963,0.862,1.180841e+05,2.819773e-02,3.2303,3.3263,0,4,59,448,56,61
1595,565,2160,0.738426,0.858,1.183961e+05,1.273028e-02,3.2332,3.342,0,5,59,447,56,61
1596,564,2160,0.738889,0.859,1.183589e+05,2.846653e-02,3.2566,3.3259,0,4,142,446,56,61
1597,563,2160,0.739352,0.861,1.189695e+05,2.864658e-02,3.2519,3.3325,0,3,59,445,56,61
1598,562,2160,0.739815,0.861,1.193286e+05,2.186277e-02,3.2517,3.3281,0,8,173,444,56,61
1599,561,2160,0.740278,0.861,1.194836e+05,2.758345e-02,3.2757,3.3406,0,4,181,443,56,61
1600,560,2160,0.740741,0.863,1.211118e+05,1.812026e-02,3.2241,3.3153,0,5,174,442,56,61
1601,559,2160,0.741204,0.863,1.216867e+05,2.134155e-02,3.2454,3.3263,0,2,174,441,56,61
1602,558,2160,0.741667,0.86,1.214968e+05,1.623205e-02,3.2211,3.3281,0,5,10,440,56,61
1603,557,2160,0.74213,0.861,1.230085e+05,2.729483e-02,3.2285,3.3363,0,9,147,439,56,61
1604,556,2160,0.742593,0.862,1.239957e+05,1.756139e-02,3.2225,3.3226,0,5,165,438,56,61
1605,555,2160,0.743056,0.862,1.248785e+05,1.649654e-02,3.2571,3.3341,0,5,185,437,56,61
1606,554,2160,0.743519,0.86,1.263447e+05,2.884433e-02,3.2281,3.338,0,4,13,436,56,61
1607,553,2160,0.743981,0.86,1.271604e+05,9.670432e-03,3.2381,3.3294,0,5,13,435,56,61
1608,552,2160,0.744444,0.858,1.271411e+05,2.943852e-02,3.2362,3.3299,0,4,68,434,56,61
1609,551,2160,0.744907,0.86,1.275916e+05,2.240610e-02,3.291,3.3307,1,6,9,434,55,61
1610,550,2160,0.74537,0.859,1.274764e+05,3.267049e-02,3.2256,3.3181,0,3,130,433,55,61
1611,549,2160,0.745833,0.86,1.287224e+05,2.991283e-02,3.2324,3.3348,0,4,143,432,55,61
1612,548,2160,0.746296,0.858,1.290926e+05,1.949349e-02,3.2201,3.3208,0,8,143,431,55,61
1613,547,2160,0.746759,0.856,1.289886e+05,3.004767e-02,3.2195,3.3223,0,4,82,430,55,61
1614,546,2160,0.747222,0.86,1.290876e+05,2.844964e-02,3.2325,3.3432,0,1,130,429,55,61
1615,545,2160,0.747685,0.858,1.289169e+05,2.539715e-02,3.2196,3.3279,0,7,173,428,55,61
1616,544,2160,0.748148,0.858,1.291764e+05,2.289147e-02,3.2221,3.3333,0,2,140,427,55,61
1617,543,2160,0.748611,0.861,1.298219e+05,2.193051e-02,3.2358,3.3225,0,2,186,426,55,61
1618,542,2160,0.749074,0.858,1.309960e+05,2.090084e-02,3.2347,3.3253,0,8,140,425,55,61
1619,541,2160,0.749537,0.858,1.314399e+05,1.923299e-02,3.232,3.3311,2,3,5,425,55,60
1620,540,2160,0.75,0.849,1.312510e+05,2.316289e-02,3.2759,3.3293,0,8,36,424,55,60
1621,539,2160,0.750463,0.852,1.313501e+05,2.001486e-02,3.2325,3.313,0,2,36,423,55,60
1622,538,2160,0.750926,0.85,1.308376e+05,2.897484e-02,3.2555,3.3158,0,9,111,422,55,60
1623,537,2160,0.751389,0.851,1.323048e+05,2.185381e-02,3.2178,3.3322,0,2,65,421,55,60
1624,536,2160,0.751852,0.854,1.340412e+05,2.201172e-02,3.2691,3.3241,0,7,111,420,55,60
1625,535,2160,0.752315,0.854,1.348498e+05,3.389501e-02,3.2309,3.3301,0,3,189,419,55,60
1626,534,2160,0.752778,0.862,1.365733e+05,2.581957e-02,3.2322,3.3374,0,7,93,418,55,60
1627,533,2160,0.753241,0.86,1.370486e+05,2.783539e-02,3.2284,3.3337,0,1,133,417,55,60
1628,532,2160,0.753704,0.862,1.388819e+05,4.180701e-02,3.2493,3.3438,2,4,2,417,55,59
1629,531,2160,0.754167,0.861,1.385618e+05,3.511958e-02,3.2515,3.3203,0,3,49,416,55,59
1630,530,2160,0.75463,0.862,1.394297e+05,2.276581e-02,3.204,3.3262,0,8,60,415,55,59
1631,529,2160,0.755093,0.861,1.405545e+05,3.070776e-02,3.2595,3.3158,0,9,50,414,55,59
1632,528,2160,0.755556,0.859,1.401872e+05,1.833125e-02,3.2499,3.3228,0,5,126,413,55,59
1633,527,2160,0.756019,0.86,1.419934e+05,3.512374e-02,3.2189,3.3323,0,3,21,412,55,59
1634,526,2160,0.756481,0.858,1.436461e+05,1.864031e-02,3.2052,3.3202,0,5,21,411,55,59
1635,525,2160,0.756944,0.858,1.437768e+05,2.382837e-02,3.2275,3.3178,0,2,112,410,55,59
1636,524,2160,0.757407,0.859,1.447828e+05,2.608938e-02,3.2092,3.3239,0,7,159,409,55,59
1637,523,2160,0.75787,0.858,1.464471e+05,1.618067e-02,3.2214,3.322,0,5,159,408,55,59
1638,522,2160,0.758333,0.858,1.477384e+05,2.858021e-02,3.2419,3.323,0,1,168,407,55,59
1639,521,2160,0.758796,0.856,1.498324e+05,3.607876e-02,3.2563,3.3271,0,3,81,406,55,59
1640,520,2160,0.759259,0.858,1.512939e+05,2.326727e-02,3.2504,3.3179,0,2,81,405,55,59
1641,519,2160,0.759722,0.859,1.521394e+05,2.924742e-02,3.2335,3.3256,0,0,173,404,55,59
1642,518,2160,0.760185,0.86,1.519017e+05,3.607005e-02,3.2218,3.3288,0,3,157,403,55,59
1643,517,2160,0.760648,0.857,1.537470e+05,3.565038e-02,3.2586,3.334,0,3,187,402,55,59
1644,516,2160,0.761111,0.86,1.558005e+05,2.601917e-02,3.2281,3.3457,0,7,21,401,55,59
1645,515,2160,0.761574,0.859,1.573886e+05,8.366592e-02,3.2228,3.3232,1,9,7,401,54,59
1646,514,2160,0.762037,0.859,1.583392e+05,8.201104e-02,3.2281,3.3229,2,2,9,401,54,58
1647,513,2160,0.7625,0.861,1.589699e+05,9.973302e-02,3.2217,3.3055,2,6,9,401,54,57
1648,512,2160,0.762963,0.864,1.592335e+05,3.305421e-02,3.2487,3.3264,1,9,1,401,53,57
1649,511,2160,0.763426,0.862,1.587028e+05,3.660541e-02,3.2396,3.3318,0,3,46,400,53,57
1650,510,2160,0.763889,0.864,1.606697e+05,1.856468e-02,3.2266,3.3237,0,5,123,399,53,57
1651,509,2160,0.764352,0.862,1.627730e+05,2.150175e-02,3.2221,3.3247,0,5,48,398,53,57
1652,508,2160,0.764815,0.863,1.632772e+05,2.493886e-02,3.2449,3.3229,0,2,0,397,53,57
1653,507,2160,0.765278,0.862,1.645859e+05,1.343275e-02,3.2393,3.3205,0,5,0,396,53,57
1654,506,2160,0.765741,0.863,1.649372e+05,2.871720e-02,3.2181,3.3171,0,0,76,395,53,57
1655,505,2160,0.766204,0.865,1.653096e+05,2.629631e-02,3.2262,3.3189,0,7,32,394,53,57
1656,504,2160,0.766667,0.866,1.670162e+05,2.466509e-02,3.2305,3.33,0,8,135,393,53,57
1657,503,2160,0.76713,0.869,1.677516e+05,2.554990e-02,3.256,3.3261,0,2,130,392,53,57
1658,502,2160,0.767593,0.865,1.688677e+05,2.328784e-02,3.2272,3.3253,0,8,99,391,53,57
1659,501,2160,0.768056,0.861,1.706643e+05,3.132597e-02,3.221,3.3121,0,4,88,390,53,57
1660,500,2160,0.768519,0.86,1.724282e+05,1.950731e-02,3.2248,3.3156,0,5,37,389,53,57
1661,499,2160,0.768981,0.868,1.744147e+05,2.541656e-02,3.2302,3.327,0,2,89,388,53,57
1662,498,2160,0.769444,0.865,1.761134e+05,2.762407e-02,3.2251,3.3238,0,7,110,387,53,57
1663,497,2160,0.769907,0.866,1.777490e+05,2.148429e-02,3.2262,3.3155,0,5,124,386,53,57
1664,496,2160,0.77037,0.866,1.789467e+05,3.205670e-02,3.213,3.3171,0,4,130,385,53,57
1665,495,2160,0.770833,0.866,1.794190e+05,1.955061e-02,3.2313,3.3166,0,8,130,384,53,57
1666,494,2160,0.771296,0.868,1.794088e+05,3.177028e-02,3.2135,3.3267,0,9,142,383,53,57
1667,493,2160,0.771759,0.869,1.804745e+05,3.048716e-02,3.2777,3.3319,0,7,172,382,53,57
1668,492,2160,0.772222,0.87,1.804473e+05,3.930178e-02,3.2312,3.3285,0,3,121,381,53,57
1669,491,2160,0.772685,0.87,1.819609e+05,3.290015e-02,3.2243,3.3236,0,1,76,380,53,57
1670,490,2160,0.773148,0.87,1.820346e+05,2.438643e-02,3.2069,3.3237,0,2,76,379,53,57
1671,489,2160,0.773611,0.869,1.825973e+05,2.729482e-02,3.2155,3.3292,0,2,39,378,53,57
1672,488,2160,0.774074,0.87,1.838611e+05,2.493693e-02,3.2581,3.3079,0,8,157,377,53,57
1673,487,2160,0.774537,0.871,1.853189e+05,2.098313e-02,3.2376,3.3236,0,5,9,376,53,57
1674,486,2160,0.775,0.871,1.872218e+05,1.999574e-02,3.2023,3.3148,0,5,155,375,53,57
1675,485,2160,0.775463,0.873,1.895851e+05,2.509088e-02,3.2113,3.3184,0,2,9,374,53,57
1676,484,2160,0.775926,0.87,1.914167e+05,3.403616e-02,3.2404,3.3014,0,4,149,373,53,57
1677,483,2160,0.776389,0.868,1.932144e+05,4.113244e-02,3.2283,3.3225,0,3,52,372,53,57
1678,482,2160,0.776852,0.872,1.955818e+05,2.881484e-02,3.2616,3.3179,0,2,143,371,53,57
1679,481,2160,0.777315,0.869,1.962334e+05,2.849449e-02,3.2189,3.3236,0,2,53,370,53,57
1680,480,2160,0.777778,0.869,1.969481e+05,2.782965e-02,3.2573,3.3174,0,2,170,369,53,57
1681,479,2160,0.778241,0.869,1.976825e+05,2.114224e-02,3.2025,3.323,0,5,112,368,53,57
1682,478,2160,0.778704,0.869,1.995995e+05,3.210130e-02,3.2515,3.3239,0,0,104,367,53,57
1683,477,2160,0.779167,0.867,1.996680e+05,1.543738e-02,3.253,3.3341,1,7,4,367,52,57
1684,476,2160,0.77963,0.867,1.991333e+05,2.702714e-02,3.2112,3.3158,0,2,188,366,52,57
1685,475,2160,0.780093,0.868,2.007937e+05,3.110601e-02,3.227,3.3156,0,7,156,365,52,57
1686,474,2160,0.780556,0.868,2.019017e+05,4.122740e-02,3.2149,3.3362,0,3,145,364,52,57
1687,473,2160,0.781019,0.87,2.040578e+05,2.827196e-02,3.2298,3.3342,0,8,78,363,52,57
1688,472,2160,0.781481,0.874,2.042850e+05,2.694088e-02,3.2624,3.3299,0,8,189,362,52,57
1689,471,2160,0.781944,0.868,2.057855e+05,2.138293e-02,3.24,3.3281,0,5,195,361,52,57
1690,470,2160,0.782407,0.869,2.083237e+05,2.375293e-02,3.2172,3.3331,0,5,121,360,52,57
1691,469,2160,0.78287,0.871,2.091759e+05,2.366196e-02,3.2102,3.3289,0,5,162,359,52,57
1692,468,2160,0.783333,0.871,2.101474e+05,3.557426e-02,3.2401,3.3198,0,9,48,358,52,57
1693,467,2160,0.783796,0.867,2.094112e+05,3.029855e-02,3.2393,3.3206,0,7,96,357,52,57
1694,466,2160,0.784259,0.872,2.117954e+05,3.282183e-02,3.2207,3.3357,0,1,173,356,52,57
1695,465,2160,0.784722,0.873,2.121239e+05,2.833166e-02,3.2211,3.3198,0,2,78,355,52,57
1696,464,2160,0.785185,0.867,2.126078e+05,2.231643e-02,3.2435,3.309,0,5,145,354,52,57
1697,463,2160,0.785648,0.863,2.142066e+05,2.236308e-02,3.2623,3.2995,0,5,58,353,52,57
1698,462,2160,0.786111,0.861,2.159914e+05,3.021986e-02,3.2604,3.3154,0,0,18,352,52,57
1699,461,2160,0.786574,0.862,2.180955e+05,3.234905e-02,3.2529,3.3301,0,1,36,351,52,57
1700,460,2160,0.787037,0.863,2.190588e+05,2.734105e-02,3.2439,3.3266,0,2,18,350,52,57
1701,459,2160,0.7875,0.864,2.214359e+05,3.641734e-02,3.2422,3.3154,0,9,173,349,52,57
1702,458,2160,0.787963,0.865,2.226148e+05,2.818484e-02,3.2159,3.3235,0,2,31,348,52,57
1703,457,2160,0.788426,0.863,2.238182e+05,2.859557e-02,3.2232,3.3255,0,8,58,347,52,57
1704,456,2160,0.788889,0.865,2.244579e+05,3.257221e-02,3.2478,3.3334,0,1,8,346,52,57
1705,455,2160,0.789352,0.862,2.254647e+05,2.646660e-02,3.2589,3.3223,0,7,8,345,52,57
1706,454,2160,0.789815,0.863,2.247589e+05,3.668072e-02,3.249,3.322,0,9,67,344,52,57
1707,453,2160,0.790278,0.864,2.257787e+05,3.014681e-02,3.2465,3.316,0,2,95,343,52,57
1708,452,2160,0.790741,0.861,2.259046e+05,2.430886e-02,3.2299,3.3211,0,5,152,342,52,57
1709,451,2160,0.791204,0.862,2.273459e+05,3.244786e-02,3.2492,3.31,0,4,152,341,52,57
1710,450,2160,0.791667,0.856,2.271604e+05,3.251378e-02,3.2124,3.3349,0,0,67,340,52,57
1711,449,2160,0.79213,0.855,2.276649e+05,1.644444e-02,3.2251,3.3243,0,5,67,339,52,57
1712,448,2160,0.792593,0.847,2.285972e+05,3.491160e-02,3.2325,3.3294,0,4,186,338,52,57
1713,447,2160,0.793056,0.855,2.314009e+05,2.824866e-02,3.2262,3.3264,0,2,87,337,52,57
1714,446,2160,0.793519,0.855,2.323932e+05,3.192916e-02,3.2064,3.3035,0,7,46,336,52,57
1715,445,2160,0.793981,0.853,2.349317e+05,4.280531e-02,3.2581,3.3219,0,3,72,335,52,57
1716,444,2160,0.794444,0.858,2.379794e+05,3.463706e-02,3.2302,3.3145,0,7,122,334,52,57
1717,443,2160,0.794907,0.859,2.392590e+05,2.265055e-02,3.2527,3.3526,0,5,44,333,52,57
1718,442,2160,0.79537,0.86,2.420752e+05,2.781482e-02,3.2432,3.3152,0,1,122,332,52,57
1719,441,2160,0.795833,0.858,2.423895e+05,2.190937e-02,3.2335,3.316,0,5,179,331,52,57
1720,440,2160,0.796296,0.856,2.453593e+05,1.174242e-01,3.2224,3.3308,2,8,9,331,52,56
1721,439,2160,0.796759,0.854,2.481203e+05,4.405038e-02,3.2506,3.3142,0,3,86,330,52,56
1722,438,2160,0.797222,0.853,2.507829e+05,3.979852e-02,3.2464,3.3242,0,4,35,329,52,56
1723,437,2160,0.797685,0.853,2.510340e+05,2.717842e-02,3.2382,3.3029,0,5,117,328,52,56
1724,436,2160,0.798148,0.849,2.510381e+05,3.533601e-02,3.2285,3.2915,0,1,172,327,52,56
1725,435,2160,0.798611,0.85,2.505161e+05,3.563239e-02,3.2085,3.2991,0,7,103,326,52,56
1726,434,2160,0.799074,0.844,2.514257e+05,3.436285e-02,3.2172,3.3179,2,7,8,326,52,55
1727,433,2160,0.799537,0.841,2.506370e+05,3.810408e-02,3.2144,3.3299,0,4,80,325,52,55
1728,432,2160,0.8,0.845,2.519421e+05,2.890351e-02,3.2009,3.3309,0,8,103,324,52,55
1729,431,2160,0.800463,0.835,2.537942e+05,2.310338e-02,3.2289,3.311,0,5,73,323,52,55
1730,430,2160,0.800926,0.838,2.558110e+05,3.725025e-02,3.2413,3.3156,0,4,138,322,52,55
1731,429,2160,0.801389,0.838,2.566976e+05,2.532972e-02,3.2315,3.3055,0,5,77,321,52,55
1732,428,2160,0.801852,0.842,2.571034e+05,3.086409e-02,3.2127,3.3132,0,8,138,320,52,55
1733,427,2160,0.802315,0.835,2.562022e+05,2.752790e-02,3.2387,3.336,0,5,50,319,52,55
1734,426,2160,0.802778,0.832,2.560766e+05,3.358922e-02,3.2273,3.3112,0,7,51,318,52,55
1735,425,2160,0.803241,0.831,2.585861e+05,2.239818e-02,3.2505,3.315,0,5,23,317,52,55
1736,424,2160,0.803704,0.831,2.612881e+05,4.515892e-02,3.2277,3.3292,0,3,65,316,52,55
1737,423,2160,0.804167,0.824,2.649286e+05,3.773289e-02,3.2413,3.3144,0,9,24,315,52,55
1738,422,2160,0.80463,0.824,2.680734e+05,2.000207e-02,3.2136,3.3203,0,5,24,314,52,55
1739,421,2160,0.805093,0.822,2.704388e+05,2.985885e-02,3.2047,3.3185,0,2,40,313,52,55
1740,420,2160,0.805556,0.821,2.718082e+05,1.888890e-02,3.2228,3.3269,0,1,40,312,52,55
1741,419,2160,0.806019,0.82,2.710683e+05,3.094536e-02,3.2119,3.3144,0,8,134,311,52,55
1742,418,2160,0.806481,0.822,2.730311e+05,3.094155e-02,3.2456,3.3139,0,7,134,310,52,55
1743,417,2160,0.806944,0.825,2.730193e+05,3.078737e-02,3.2246,3.323,0,8,76,309,52,55
1744,416,2160,0.807407,0.821,2.748086e+05,3.105005e-02,3.2168,3.3172,0,8,73,308,52,55
1745,415,2160,0.80787,0.821,2.762680e+05,2.868703e-02,3.2835,3.3212,0,8,164,307,52,55
1746,414,2160,0.808333,0.82,2.793600e+05,2.777302e-02,3.2355,3.3143,0,2,158,306,52,55
1747,413,2160,0.808796,0.816,2.814344e+05,3.174390e-02,3.2444,3.3169,0,7,158,305,52,55
1748,412,2160,0.809259,0.814,2.814956e+05,1.161538e-02,3.2145,3.3066,2,5,1,305,52,54
1749,411,2160,0.809722,0.816,2.813241e+05,4.285918e-02,3.2257,3.3229,0,3,74,304,52,54
1750,410,2160,0.810185,0.809,2.844821e+05,3.269115e-02,3.2414,3.3267,0,0,143,303,52,54
1751,409,2160,0.810648,0.808,2.856304e+05,6.469045e-02,3.2151,3.3219,1,9,3,303,51,54
1752,408,2160,0.811111,0.807,2.853103e+05,4.546305e-02,3.2378,3.3033,0,3,148,302,51,54
1753,407,2160,0.811574,0.811,2.888428e+05,1.906569e-02,3.2109,3.3062,0,5,148,301,51,54
1754,406,2160,0.812037,0.811,2.912481e+05,3.099893e-02,3.2495,3.3108,0,8,54,300,51,54
1755,405,2160,0.8125,0.811,2.934112e+05,4.483313e-02,3.2569,3.3321,0,3,75,299,51,54
1756,404,2160,0.812963,0.815,2.957689e+05,3.912483e-02,3.2464,3.3289,0,7,37,298,51,54
1757,403,2160,0.813426,0.808,2.969247e+05,2.764160e-02,3.2329,3.3276,0,1,37,297,51,54
1758,402,2160,0.813889,0.806,2.971085e+05,2.680221e-02,3.2564,3.3262,0,5,78,296,51,54
1759,401,2160,0.814352,0.813,2.987582e+05,2.537169e-02,3.2412,3.3172,0,5,178,295,51,54
1760,400,2160,0.814815,0.812,3.001965e+05,1.889477e-02,3.2185,3.3098,0,2,178,294,51,54
1761,399,2160,0.815278,0.81,2.996062e+05,3.923236e-02,3.2189,3.3262,0,7,92,293,51,54
1762,398,2160,0.815741,0.811,3.009031e+05,2.622504e-02,3.2542,3.3162,0,2,19,292,51,54
1763,397,2160,0.816204,0.805,3.045964e+05,2.601103e-02,3.2289,3.3173,0,2,47,291,51,54
1764,396,2160,0.816667,0.797,3.084137e+05,3.746001e-02,3.2294,3.3153,0,7,178,290,51,54
1765,395,2160,0.81713,0.798,3.118811e+05,3.805467e-02,3.2145,3.3056,0,7,124,289,51,54
1766,394,2160,0.817593,0.798,3.153151e+05,4.690425e-02,3.2071,3.3428,0,3,147,288,51,54
1767,393,2160,0.818056,0.804,3.190542e+05,3.790942e-02,3.2362,3.3211,0,4,177,287,51,54
1768,392,2160,0.818519,0.804,3.216032e+05,3.232304e-02,3.2276,3.3204,0,0,55,286,51,54
1769,391,2160,0.818981,0.807,3.256069e+05,3.967207e-02,3.2167,3.34,0,9,122,285,51,54
1770,390,2160,0.819444,0.808,3.299181e+05,4.037025e-02,3.2353,3.3196,0,7,91,284,51,54
1771,389,2160,0.819907,0.811,3.313744e+05,4.740905e-02,3.1981,3.3247,0,3,106,283,51,54
1772,388,2160,0.82037,0.811,3.349782e+05,3.974279e-02,3.2054,3.3145,0,4,119,282,51,54
1773,387,2160,0.820833,0.813,3.363319e+05,3.661774e-02,3.2187,0.9621,0,4,100,281,51,54
1774,386,2160,0.821296,0.812,3.408799e+05,3.546111e-02,3.2207,3.309,0,8,172,280,51,54
1775,385,2160,0.821759,0.813,3.414399e+05,3.788422e-02,3.2088,3.3151,0,4,125,279,51,54
1776,384,2160,0.822222,0.813,3.452174e+05,2.360866e-02,3.2338,3.3149,0,5,147,278,51,54
1777,383,2160,0.822685,0.81,3.495727e+05,2.374827e-02,3.2249,3.3268,0,5,133,277,51,54
1778,382,2160,0.823148,0.814,3.541589e+05,3.514022e-02,3.2344,3.3256,0,8,163,276,51,54
1779,381,2160,0.823611,0.813,3.545704e+05,2.128673e-02,3.2351,3.3244,0,2,163,275,51,54
1780,380,2160,0.824074,0.811,3.541679e+05,3.249901e-02,3.2442,3.3156,0,8,174,274,51,54
1781,379,2160,0.824537,0.811,3.576323e+05,4.993710e-02,3.2163,3.3142,0,3,104,273,51,54
1782,378,2160,0.825,0.8,3.608371e+05,3.032583e-02,3.2436,3.3115,0,2,176,272,51,54
1783,377,2160,0.825463,0.8,3.635886e+05,1.675688e-02,3.245,3.3232,0,5,176,271,51,54
1784,376,2160,0.825926,0.799,3.644217e+05,3.818709e-02,3.2101,3.3257,0,4,30,270,51,54
1785,375,2160,0.826389,0.805,3.689256e+05,3.483306e-02,3.2353,3.3345,0,8,104,269,51,54
1786,374,2160,0.826852,0.805,3.682187e+05,4.348773e-02,3.2226,3.3165,0,9,93,268,51,54
1787,373,2160,0.827315,0.81,3.689973e+05,5.545423e-02,3.216,3.3325,1,9,4,268,50,54
1788,372,2160,0.827778,0.81,3.684501e+05,6.549119e-02,3.2211,3.317,2,5,9,268,50,53
1789,371,2160,0.828241,0.804,3.682575e+05,9.108964e-02,3.2147,1.0004,1,9,2,268,49,53
1790,370,2160,0.828704,0.805,3.680873e+05,1.490017e-01,3.2262,3.3132,1,9,8,268,48,53
1791,369,2160,0.829167,0.804,3.676801e+05,4.038768e-02,3.2327,3.3338,0,4,144,267,48,53
1792,368,2160,0.82963,0.801,3.694236e+05,3.814200e-02,3.2431,3.3262,2,3,2,267,48,52
1793,367,2160,0.830093,0.804,3.688310e+05,5.088823e-02,3.2097,3.3312,0,3,146,266,48,52
1794,366,2160,0.830556,0.805,3.726635e+05,4.126780e-02,3.2267,3.3285,0,4,87,265,48,52
1795,365,2160,0.831019,0.799,3.750276e+05,4.541427e-02,3.2072,3.3207,0,7,86,264,48,52
1796,364,2160,0.831481,0.796,3.772341e+05,2.759455e-02,3.2223,3.3228,0,5,157,263,48,52
1797,363,2160,0.831944,0.798,3.809835e+05,3.964480e-02,3.2307,3.3228,0,0,87,262,48,52
1798,362,2160,0.832407,0.797,3.815859e+05,5.418395e-02,3.2122,3.3309,2,1,2,262,48,51
1799,361,2160,0.83287,0.8,3.803591e+05,3.662354e-02,3.2132,3.3105,0,8,35,261,48,51
1800,360,2160,0.833333,0.798,3.801991e+05,3.977454e-02,3.231,3.3295,0,4,104,260,48,51
1801,359,2160,0.833796,0.796,3.839404e+05,3.684973e-02,3.2255,3.3124,0,8,87,259,48,51
1802,358,2160,0.834259,0.798,3.851195e+05,3.238194e-02,3.2191,3.324,0,2,141,258,48,51
1803,357,2160,0.834722,0.798,3.873831e+05,2.057250e-02,3.2641,3.337,0,5,141,257,48,51
1804,356,2160,0.835185,0.794,3.890134e+05,3.713689e-02,3.2402,3.3274,0,1,93,256,48,51
1805,355,2160,0.835648,0.795,3.891495e+05,3.775322e-02,3.2491,3.3225,0,8,109,255,48,51
1806,354,2160,0.836111,0.792,3.892511e+05,3.947874e-02,3.234,3.3347,0,4,151,254,48,51
1807,353,2160,0.836574,0.792,3.941847e+05,4.386953e-02,3.2461,3.3338,0,4,137,253,48,51
1808,352,2160,0.837037,0.793,3.947413e+05,3.959558e-02,3.2189,3.3286,0,1,66,252,48,51
1809,351,2160,0.8375,0.796,3.970147e+05,4.317599e-02,3.2196,3.3364,0,7,36,251,48,51
1810,350,2160,0.837963,0.792,4.010241e+05,3.570326e-02,3.2166,3.3298,0,2,104,250,48,51
1811,349,2160,0.838426,0.788,4.013678e+05,2.628621e-02,3.2269,3.3302,0,1,104,249,48,51
1812,348,2160,0.838889,0.79,4.013827e+05,3.681028e-02,3.2098,3.3126,1,1,9,249,47,51
1813,347,2160,0.839352,0.789,4.012136e+05,3.687275e-02,3.2644,3.3259,0,8,121,248,47,51
1814,346,2160,0.839815,0.79,4.019882e+05,5.159689e-02,3.2207,3.3183,0,9,90,247,47,51
1815,345,2160,0.840278,0.777,4.029033e+05,4.235810e-02,3.2341,3.3235,0,4,171,246,47,51
1816,344,2160,0.840741,0.778,4.047193e+05,2.711837e-02,3.2228,3.3267,0,5,107,245,47,51
1817,343,2160,0.841204,0.773,4.100330e+05,2.634528e-02,3.2178,3.3281,0,5,171,244,47,51
1818,342,2160,0.841667,0.765,4.119893e+05,3.137111e-02,3.2385,3.3301,0,2,100,243,47,51
1819,341,2160,0.84213,0.77,4.174074e+05,5.646002e-02,3.2098,3.3348,0,3,50,242,47,51
1820,340,2160,0.842593,0.765,4.202319e+05,5.592460e-02,3.2204,3.3153,0,3,94,241,47,51
1821,339,2160,0.843056,0.769,4.233094e+05,3.312911e-02,3.2519,3.3412,0,2,64,240,47,51
1822,338,2160,0.843519,0.762,4.279863e+05,1.801620e-02,3.2322,3.3211,1,8,2,240,46,51
1823,337,2160,0.843981,0.762,4.272283e+05,2.114519e-02,3.2117,3.3184,1,6,5,240,45,51
1824,336,2160,0.844444,0.762,4.267043e+05,4.748730e-02,3.2584,3.3294,2,9,8,240,45,50
1825,335,2160,0.844907,0.761,4.266251e+05,5.537437e-02,3.2713,3.3281,0,3,95,239,45,50
1826,334,2160,0.84537,0.763,4.303258e+05,5.392766e-02,3.2254,3.3317,0,9,118,238,45,50
1827,333,2160,0.845833,0.767,4.306267e+05,4.362361e-02,3.2171,3.3185,0,7,143,237,45,50
1828,332,2160,0.846296,0.764,4.353620e+05,2.628159e-02,3.2506,3.3173,0,5,143,236,45,50
1829,331,2160,0.846759,0.762,4.397806e+05,5.507717e-02,3.2425,3.3122,0,3,79,235,45,50
1830,330,2160,0.847222,0.751,4.433867e+05,5.487840e-02,3.228,3.3295,0,9,49,234,45,50
1831,329,2160,0.847685,0.756,4.427444e+05,5.505414e-02,3.2248,3.3051,0,3,80,233,45,50
1832,328,2160,0.848148,0.764,4.458370e+05,5.622607e-02,3.2142,3.3215,0,9,35,232,45,50
1833,327,2160,0.848611,0.753,4.462500e+05,4.571939e-02,3.2233,2.494,0,7,79,231,45,50
1834,326,2160,0.849074,0.76,4.470980e+05,4.539149e-02,3.2432,3.3187,0,7,140,230,45,50
1835,325,2160,0.849537,0.759,4.504322e+05,3.682298e-02,3.2818,3.3154,0,4,140,229,45,50
1836,324,2160,0.85,0.76,4.523755e+05,5.116670e-02,3.2528,3.3315,0,9,117,228,45,50
1837,323,2160,0.850463,0.764,4.541261e+05,5.562676e-02,3.2107,3.3338,0,3,156,227,45,50
1838,322,2160,0.850926,0.761,4.590973e+05,5.434221e-02,3.2608,3.3385,2,0,8,227,45,49
1839,321,2160,0.851389,0.764,4.597364e+05,3.131384e-02,3.2265,3.313,2,0,1,227,45,48
1840,320,2160,0.851852,0.762,4.595818e+05,5.535469e-02,3.2414,3.3101,0,3,129,226,45,48
1841,319,2160,0.852315,0.761,4.650385e+05,3.098163e-02,3.2141,3.3116,0,5,35,225,45,48
1842,318,2160,0.852778,0.757,4.690286e+05,2.944548e-02,3.2219,3.3245,0,2,35,224,45,48
1843,317,2160,0.853241,0.758,4.678110e+05,4.430355e-02,3.2501,3.3184,0,7,175,223,45,48
1844,316,2160,0.853704,0.765,4.729128e+05,5.438224e-02,3.2674,3.3154,0,3,175,222,45,48
1845,315,2160,0.854167,0.753,4.764706e+05,2.763304e-02,3.2528,3.3313,0,5,134,221,45,48
1846,314,2160,0.85463,0.752,4.825464e+05,3.021627e-02,3.2425,3.3328,0,5,108,220,45,48
1847,313,2160,0.855093,0.748,4.872055e+05,2.774618e-02,3.2615,3.3435,0,2,108,219,45,48
1848,312,2160,0.855556,0.751,4.901614e+05,4.645564e-02,3.2251,3.3146,0,8,115,218,45,48
1849,311,2160,0.856019,0.747,4.906434e+05,3.752292e-02,3.2298,3.3208,0,2,150,217,45,48
1850,310,2160,0.856481,0.743,4.930995e+05,4.279416e-02,3.2344,3.3317,0,4,60,216,45,48
1851,309,2160,0.856944,0.749,4.991501e+05,5.897307e-02,3.2342,3.3242,0,3,101,215,45,48
1852,308,2160,0.857407,0.742,5.039865e+05,4.719649e-02,3.2188,3.324,0,8,82,214,45,48
1853,307,2160,0.85787,0.742,5.041575e+05,4.582147e-02,3.2305,3.3273,0,7,101,213,45,48
1854,306,2160,0.858333,0.749,5.030483e+05,2.942337e-02,3.2356,3.3358,0,8,101,212,45,48
1855,305,2160,0.858796,0.741,5.032002e+05,3.653033e-02,3.2529,3.3281,0,2,72,211,45,48
1856,304,2160,0.859259,0.738,5.075429e+05,3.161191e-02,3.2369,3.3288,0,7,72,210,45,48
1857,303,2160,0.859722,0.739,5.078013e+05,2.758317e-02,3.2079,3.3233,0,5,103,209,45,48
1858,302,2160,0.860185,0.732,5.143917e+05,4.089407e-02,3.2415,3.3302,0,8,71,208,45,48
1859,301,2160,0.860648,0.729,5.208931e+05,4.757256e-02,3.2203,3.3195,0,1,146,207,45,48
1860,300,2160,0.861111,0.732,5.224127e+05,2.677193e-02,3.2597,3.3246,0,2,146,206,45,48
1861,299,2160,0.861574,0.727,5.220799e+05,4.513174e-02,3.2321,3.322,0,1,48,205,45,48
1862,298,2160,0.862037,0.732,5.224788e+05,6.965765e-02,3.2174,3.332,1,7,0,205,44,48
1863,297,2160,0.8625,0.731,5.233421e+05,4.719180e-02,3.2148,3.3357,0,8,118,204,44,48
1864,296,2160,0.862963,0.725,5.236267e+05,5.311849e-02,3.244,3.3297,1,7,9,204,43,48
1865,295,2160,0.863426,0.737,5.239465e+05,5.740664e-02,3.2515,3.3191,0,9,186,203,43,48
1866,294,2160,0.863889,0.729,5.300336e+05,4.261451e-02,3.2325,3.3217,0,4,61,202,43,48
1867,293,2160,0.864352,0.738,5.364825e+05,4.784464e-02,3.2359,3.3391,0,1,38,201,43,48
1868,292,2160,0.864815,0.738,5.385781e+05,2.471779e-02,3.2172,3.3181,0,8,38,200,43,48
1869,291,2160,0.865278,0.743,5.376839e+05,6.063433e-02,3.2087,3.3237,0,3,48,199,43,48
1870,290,2160,0.865741,0.74,5.402275e+05,6.087010e-02,3.2188,3.3402,0,9,116,198,43,48
1871,289,2160,0.866204,0.745,5.418915e+05,6.174498e-02,3.2631,3.327,0,9,121,197,43,48
1872,288,2160,0.866667,0.734,5.460237e+05,4.735190e-02,3.2127,3.3367,0,1,121,196,43,48
1873,287,2160,0.86713,0.738,5.437407e+05,2.070487e-02,3.2272,3.3465,0,2,121,195,43,48
1874,286,2160,0.867593,0.744,5.437690e+05,3.995650e-02,3.2125,3.3415,0,2,136,194,43,48
1875,285,2160,0.868056,0.739,5.440848e+05,3.275448e-02,3.2378,3.3365,0,8,136,193,43,48
1876,284,2160,0.868519,0.743,5.441166e+05,2.521326e-02,3.269,3.3381,0,5,136,192,43,48
1877,283,2160,0.868981,0.737,5.490878e+05,3.711551e-02,3.2298,3.3187,0,2,187,191,43,48
1878,282,2160,0.869444,0.732,5.564188e+05,4.523642e-02,3.2412,3.3247,0,4,19,190,43,48
1879,281,2160,0.869907,0.731,5.640674e+05,4.321776e-02,3.2506,3.3134,0,2,128,189,43,48
1880,280,2160,0.87037,0.724,5.671749e+05,5.472130e-02,3.2266,3.3225,0,7,48,188,43,48
1881,279,2160,0.870833,0.718,5.695564e+05,4.726322e-02,3.2346,3.3299,0,4,129,187,43,48
1882,278,2160,0.871296,0.714,5.769164e+05,4.887851e-02,3.2077,3.3401,0,8,106,186,43,48
1883,277,2160,0.871759,0.713,5.848927e+05,3.917376e-02,3.2131,3.3282,0,2,189,185,43,48
1884,276,2160,0.872222,0.706,5.924328e+05,3.114443e-02,3.2505,3.3199,0,5,164,184,43,48
1885,275,2160,0.872685,0.706,6.000262e+05,1.021167e-01,3.244,3.3306,2,8,2,184,43,47
1886,274,2160,0.873148,0.683,6.016212e+05,4.880009e-02,3.2333,3.3331,0,2,34,183,43,47
1887,273,2160,0.873611,0.689,6.022130e+05,3.909707e-02,3.2242,3.3212,0,8,34,182,43,47
1888,272,2160,0.874074,0.687,6.014311e+05,2.285185e-02,3.2407,3.3225,0,5,34,181,43,47
1889,271,2160,0.874537,0.686,6.042898e+05,5.414201e-02,3.2436,3.3293,0,8,132,180,43,47
1890,270,2160,0.875,0.69,6.043086e+05,5.545124e-02,3.2409,3.3267,0,7,77,179,43,47
1891,269,2160,0.875463,0.685,6.070185e+05,4.878966e-02,3.2257,3.3255,0,2,193,178,43,47
1892,268,2160,0.875926,0.683,6.074916e+05,3.306502e-02,3.2618,3.3236,0,8,193,177,43,47
1893,267,2160,0.876389,0.685,6.066698e+05,1.783881e-02,3.2372,3.3372,0,5,193,176,43,47
1894,266,2160,0.876852,0.684,6.086398e+05,4.281141e-02,3.2414,3.341,0,2,144,175,43,47
1895,265,2160,0.877315,0.681,6.128325e+05,4.001531e-02,3.2407,3.3402,1,5,4,175,42,47
1896,264,2160,0.877778,0.683,6.126458e+05,6.684881e-02,3.254,3.3187,1,4,0,175,41,47
1897,263,2160,0.878241,0.681,6.121424e+05,5.622193e-02,3.243,3.3329,0,9,144,174,41,47
1898,262,2160,0.878704,0.683,6.127533e+05,3.956328e-02,3.2434,3.3297,0,5,94,173,41,47
1899,261,2160,0.879167,0.688,6.145095e+05,3.376603e-02,3.2344,3.3384,0,4,94,172,41,47
1900,260,2160,0.87963,0.685,6.146623e+05,5.301070e-02,3.2528,3.3338,0,7,50,171,41,47
1901,259,2160,0.880093,0.684,6.162648e+05,4.617999e-02,3.2347,3.3226,0,1,33,170,41,47
1902,258,2160,0.880556,0.675,6.236257e+05,5.811873e-02,3.2366,3.3213,0,8,68,169,41,47
1903,257,2160,0.881019,0.669,6.260634e+05,4.352922e-02,3.2673,3.3146,0,7,68,168,41,47
1904,256,2160,0.881481,0.669,6.269545e+05,5.075474e-02,3.2227,3.3242,0,7,34,167,41,47
1905,255,2160,0.881944,0.662,6.349143e+05,4.256110e-02,3.2403,3.3232,0,2,142,166,41,47
1906,254,2160,0.882407,0.658,6.416876e+05,6.299737e-02,3.2412,3.3294,0,3,47,165,41,47
1907,253,2160,0.88287,0.661,6.498313e+05,7.412970e-02,3.2666,3.3301,1,6,3,165,40,47
1908,252,2160,0.883333,0.668,6.524174e+05,6.851134e-02,3.2329,3.3372,0,3,135,164,40,47
1909,251,2160,0.883796,0.666,6.564336e+05,3.619011e-02,3.219,3.3351,0,0,135,163,40,47
1910,250,2160,0.884259,0.665,6.582174e+05,6.897011e-02,3.2121,3.3158,0,3,120,162,40,47
1911,249,2160,0.884722,0.65,6.644718e+05,5.657735e-02,3.2402,3.3191,0,8,120,161,40,47
1912,248,2160,0.885185,0.649,6.638903e+05,3.753885e-02,3.245,3.3323,2,1,1,161,40,46
1913,247,2160,0.885648,0.642,6.631237e+05,5.030454e-02,3.2254,3.3375,0,7,120,160,40,46
1914,246,2160,0.886111,0.642,6.645223e+05,5.558856e-02,3.2129,3.3403,0,8,119,159,40,46
1915,245,2160,0.886574,0.646,6.666807e+05,4.405164e-02,3.2312,3.3374,0,4,120,158,40,46
1916,244,2160,0.887037,0.64,6.722815e+05,3.754789e-02,3.2166,3.3236,0,1,119,157,40,46
1917,243,2160,0.8875,0.625,6.760815e+05,5.149122e-02,3.2486,3.3274,0,4,95,156,40,46
1918,242,2160,0.887963,0.625,6.775170e+05,7.347601e-02,3.2366,3.3314,0,9,131,155,40,46
1919,241,2160,0.888426,0.636,6.793667e+05,5.002008e-02,3.2541,3.321,2,8,4,155,40,45
1920,240,2160,0.888889,0.638,6.800625e+05,3.484432e-02,3.2151,3.3252,0,5,161,154,40,45
1921,239,2160,0.889352,0.646,6.892832e+05,4.645865e-02,3.2223,3.3154,0,2,127,153,40,45
1922,238,2160,0.889815,0.636,6.974239e+05,5.817178e-02,3.2356,3.3237,0,7,85,152,40,45
1923,237,2160,0.890278,0.633,7.071831e+05,4.578057e-02,3.252,3.3394,2,4,6,152,40,44
1924,236,2160,0.890741,0.635,7.071803e+05,5.925977e-02,3.2272,3.3457,0,7,80,151,40,44
1925,235,2160,0.891204,0.633,7.105942e+05,5.594724e-02,3.2265,3.34,0,4,165,150,40,44
1926,234,2160,0.891667,0.624,7.171671e+05,4.410504e-02,3.2283,3.3267,0,8,165,149,40,44
1927,233,2160,0.89213,0.635,7.188347e+05,4.718217e-02,3.2153,3.3283,0,2,82,148,40,44
1928,232,2160,0.892593,0.627,7.263417e+05,3.857687e-02,3.23,3.309,0,5,95,147,40,44
1929,231,2160,0.893056,0.633,7.336916e+05,4.900418e-02,3.2007,3.337,0,2,132,146,40,44
1930,230,2160,0.893519,0.623,7.400282e+05,1.180177e-01,3.2542,3.3321,2,3,7,146,40,43
1931,229,2160,0.893981,0.629,7.423578e+05,5.480640e-02,3.2333,3.3033,0,2,117,145,40,43
1932,228,2160,0.894444,0.635,7.427615e+05,5.750933e-02,3.2058,3.3184,0,2,22,144,40,43
1933,227,2160,0.894907,0.624,7.430059e+05,3.482157e-02,3.2506,3.3141,0,1,22,143,40,43
1934,226,2160,0.89537,0.621,7.408715e+05,5.187986e-02,3.2496,3.3286,0,0,131,142,40,43
1935,225,2160,0.895833,0.617,7.418680e+05,5.542666e-02,3.2315,3.3355,0,8,44,141,40,43
1936,224,2160,0.896296,0.606,7.495619e+05,6.049420e-02,3.2466,3.3465,0,8,80,140,40,43
1937,223,2160,0.896759,0.601,7.532078e+05,4.297834e-02,3.2194,1.5116,0,2,80,139,40,43
1938,222,2160,0.897222,0.597,7.572650e+05,3.487288e-02,3.2279,3.317,1,5,5,139,39,43
1939,221,2160,0.897685,0.606,7.573814e+05,1.186063e-01,3.2457,3.3253,2,2,8,139,39,42
1940,220,2160,0.898148,0.594,7.606242e+05,5.013791e-02,3.2348,3.3449,0,2,173,138,39,42
1941,219,2160,0.898611,0.578,7.683077e+05,3.489660e-02,3.2533,3.3278,0,5,102,137,39,42
1942,218,2160,0.899074,0.583,7.765266e+05,5.771308e-02,3.2531,3.3169,0,8,188,136,39,42
1943,217,2160,0.899537,0.573,7.854238e+05,2.560074e-02,3.2325,3.3266,2,1,3,136,39,41
1944,216,2160,0.9,0.584,7.846304e+05,5.584424e-02,3.243,3.3327,0,2,92,135,39,41
1945,215,2160,0.900463,0.577,7.895267e+05,4.734140e-02,3.205,3.3193,0,8,92,134,39,41
1946,214,2160,0.900926,0.563,7.913648e+05,6.004355e-02,3.2182,3.3129,0,8,23,133,39,41
1947,213,2160,0.901389,0.575,8.008966e+05,5.875784e-02,3.2539,3.3319,0,7,137,132,39,41
1948,212,2160,0.901852,0.569,8.102466e+05,7.063887e-02,3.2503,3.3288,0,3,51,131,39,41
1949,211,2160,0.902315,0.574,8.203548e+05,5.470521e-02,3.2881,3.3383,0,1,170,130,39,41
1950,210,2160,0.902778,0.569,8.303950e+05,6.505845e-02,3.2072,3.3356,0,8,93,129,39,41
1951,209,2160,0.903241,0.546,8.364694e+05,3.189266e-02,3.2448,3.0474,0,2,93,128,39,41
1952,208,2160,0.903704,0.563,8.376895e+05,4.970958e-02,3.2267,3.3282,1,7,8,128,38,41
1953,207,2160,0.904167,0.565,8.376960e+05,5.744466e-02,3.2342,3.3262,0,2,94,127,38,41
1954,206,2160,0.90463,0.569,8.439116e+05,5.740778e-02,3.2465,3.3185,0,1,163,126,38,41
1955,205,2160,0.905093,0.566,8.516703e+05,5.192749e-02,3.2142,3.3384,0,4,163,125,38,41
1956,204,2160,0.905556,0.567,8.505814e+05,5.545022e-02,3.2342,3.3255,0,8,94,124,38,41
1957,203,2160,0.906019,0.558,8.583980e+05,3.474830e-02,3.2204,3.3284,0,5,163,123,38,41
1958,202,2160,0.906481,0.568,8.680528e+05,3.689207e-02,3.2361,3.338,0,5,150,122,38,41
1959,201,2160,0.906944,0.564,8.776322e+05,1.213875e-01,3.2414,3.336,2,6,7,122,38,40
1960,200,2160,0.907407,0.564,8.790771e+05,5.523673e-02,3.2546,3.3319,0,2,171,121,38,40
1961,199,2160,0.90787,0.547,8.884226e+05,6.103247e-02,3.2287,3.3213,0,1,149,120,38,40
1962,198,2160,0.908333,0.553,8.958016e+05,6.396604e-02,3.2275,3.3208,0,1,138,119,38,40
1963,197,2160,0.908796,0.56,8.962624e+05,5.455067e-02,3.2236,3.3181,0,4,22,118,38,40
1964,196,2160,0.909259,0.551,9.067843e+05,6.006376e-02,3.2314,3.3226,1,8,8,118,37,40
1965,195,2160,0.909722,0.543,9.066378e+05,1.769445e-01,3.2629,3.3203,2,4,8,118,37,39
1966,194,2160,0.910185,0.549,9.100252e+05,4.593431e-02,3.2483,3.3191,1,8,5,118,36,39
1967,193,2160,0.910648,0.551,9.084883e+05,6.315672e-02,3.2695,3.3222,0,7,74,117,36,39
1968,192,2160,0.911111,0.54,9.195954e+05,5.986980e-02,3.2191,3.3185,0,2,109,116,36,39
1969,191,2160,0.911574,0.541,9.279473e+05,6.739533e-02,3.2701,3.3156,0,8,79,115,36,39
1970,190,2160,0.912037,0.518,9.336880e+05,5.149768e-02,3.2458,3.3103,0,2,79,114,36,39
1971,189,2160,0.9125,0.53,9.381703e+05,3.541979e-02,3.2556,3.3349,1,6,8,114,35,39
1972,188,2160,0.912963,0.526,9.376933e+05,8.066286e-02,3.2401,3.3241,0,9,53,113,35,39
1973,187,2160,0.913426,0.509,9.449691e+05,4.585334e-02,3.2304,3.3369,0,1,53,112,35,39
1974,186,2160,0.913889,0.515,9.477608e+05,6.265377e-02,3.2542,3.3211,1,4,9,112,34,39
1975,185,2160,0.914352,0.522,9.488182e+05,6.218362e-02,3.223,3.3193,0,7,45,111,34,39
1976,184,2160,0.914815,0.523,9.598241e+05,3.773202e-02,3.2269,3.3202,0,5,119,110,34,39
1977,183,2160,0.915278,0.515,9.713654e+05,5.080114e-02,3.1955,3.313,0,0,177,109,34,39
1978,182,2160,0.915741,0.504,9.838731e+05,6.487276e-02,3.2212,3.33,0,7,114,108,34,39
1979,181,2160,0.916204,0.491,9.959105e+05,6.036053e-02,3.2315,3.3208,0,0,109,107,34,39
1980,180,2160,0.916667,0.49,9.959547e+05,1.962706e-02,3.234,3.3288,0,5,109,106,34,39
1981,179,2160,0.91713,0.488,9.982624e+05,6.423879e-02,3.2726,3.3157,0,1,39,105,34,39
1982,178,2160,0.917593,0.506,1.011644e+06,6.804388e-02,3.246,3.3247,0,7,54,104,34,39
1983,177,2160,0.918056,0.51,1.024439e+06,8.625167e-02,3.2279,3.3237,2,9,4,104,34,38
1984,176,2160,0.918519,0.489,1.026826e+06,6.646197e-02,3.2308,3.3388,0,7,128,103,34,38
1985,175,2160,0.918981,0.489,1.037731e+06,1.063701e-01,3.2495,3.3312,1,8,9,103,33,38
1986,174,2160,0.919444,0.481,1.038064e+06,1.236205e-01,3.2385,3.3181,2,7,7,103,33,37
1987,173,2160,0.919907,0.492,1.039858e+06,3.617024e-02,3.2016,3.3364,1,6,1,103,32,37
1988,172,2160,0.92037,0.489,1.038812e+06,7.142296e-02,3.2366,3.3308,0,8,77,102,32,37
1989,171,2160,0.920833,0.476,1.044370e+06,4.005654e-02,3.2262,3.3151,0,0,77,101,32,37
1990,170,2160,0.921296,0.456,1.049890e+06,3.960133e-02,3.231,3.3159,0,5,54,100,32,37
1991,169,2160,0.921759,0.449,1.062242e+06,1.378807e-01,3.2501,3.3238,2,9,7,100,32,36
1992,168,2160,0.922222,0.456,1.065274e+06,1.738064e-01,3.233,3.3229,1,7,7,100,31,36
1993,167,2160,0.922685,0.445,1.073732e+06,4.848085e-02,3.2435,3.3332,0,5,49,99,31,36
1994,166,2160,0.923148,0.437,1.071300e+06,5.954522e-02,3.2417,3.3134,0,4,113,98,31,36
1995,165,2160,0.923611,0.436,1.083176e+06,6.921961e-02,3.22,3.3186,0,7,73,97,31,36
1996,164,2160,0.924074,0.42,1.096339e+06,8.278649e-02,3.2055,3.3329,0,3,60,96,31,36
1997,163,2160,0.924537,0.406,1.110865e+06,8.840059e-02,3.2356,3.3227,0,3,149,95,31,36
1998,162,2160,0.925,0.419,1.117985e+06,3.866836e-02,3.2309,3.3355,0,0,149,94,31,36
1999,161,2160,0.925463,0.42,1.123664e+06,6.168794e-02,3.2001,3.3099,0,4,110,93,31,36
2000,160,2160,0.925926,0.418,1.138538e+06,5.775625e-02,3.2295,3.3287,1,8,1,93,30,36
2001,159,2160,0.926389,0.416,1.138142e+06,8.225680e-02,3.2484,3.33,0,3,67,92,30,36
2002,158,2160,0.926852,0.402,1.153724e+06,6.876752e-02,3.2312,3.327,0,4,49,91,30,36
2003,157,2160,0.927315,0.42,1.154541e+06,6.801011e-02,3.2427,3.3151,0,0,81,90,30,36
2004,156,2160,0.927778,0.428,1.159564e+06,7.541921e-02,3.2464,3.3243,0,9,81,89,30,36
2005,155,2160,0.928241,0.42,1.159085e+06,7.736462e-02,3.2605,3.3362,0,7,88,88,30,36
2006,154,2160,0.928704,0.401,1.175764e+06,7.531992e-02,3.2113,3.3227,0,1,162,87,30,36
2007,153,2160,0.929167,0.391,1.187689e+06,5.390180e-02,3.2412,3.3107,0,4,162,86,30,36
2008,152,2160,0.92963,0.395,1.195891e+06,5.050388e-02,3.2909,3.3094,2,9,1,86,30,35
2009,151,2160,0.930093,0.393,1.196361e+06,7.076913e-02,3.2184,3.3103,0,2,172,85,30,35
2010,150,2160,0.930556,0.393,1.210441e+06,8.336554e-02,3.2203,3.3222,0,7,150,84,30,35
2011,149,2160,0.931019,0.391,1.225854e+06,4.895376e-02,3.2409,3.3257,0,5,160,83,30,35
2012,148,2160,0.931481,0.384,1.243629e+06,4.773872e-02,3.2593,3.3212,0,5,106,82,30,35
2013,147,2160,0.931944,0.38,1.261366e+06,7.740487e-02,3.2443,3.3379,0,4,172,81,30,35
2014,146,2160,0.932407,0.376,1.263221e+06,7.971867e-02,3.2293,3.3302,0,8,31,80,30,35
2015,145,2160,0.93287,0.387,1.281749e+06,8.851384e-02,3.2483,3.3311,0,8,116,79,30,35
2016,144,2160,0.933333,0.355,1.289045e+06,5.271778e-02,3.2342,3.3286,0,4,116,78,30,35
2017,143,2160,0.933796,0.363,1.288087e+06,4.757764e-02,3.2137,3.3199,0,5,116,77,30,35
2018,142,2160,0.934259,0.363,1.305258e+06,7.983068e-02,3.2827,3.3317,0,4,132,76,30,35
2019,141,2160,0.934722,0.376,1.310775e+06,2.606852e-02,3.2379,3.3357,0,5,132,75,30,35
2020,140,2160,0.935185,0.365,1.314702e+06,1.122155e-01,3.2214,3.306,1,8,4,75,29,35
2021,139,2160,0.935648,0.371,1.315921e+06,1.010261e-01,3.2485,3.3339,0,9,66,74,29,35
2022,138,2160,0.936111,0.355,1.333896e+06,1.449821e-01,3.2359,3.3058,2,5,8,74,29,34
2023,137,2160,0.936574,0.365,1.335338e+06,1.931084e-01,3.24,3.3241,1,8,7,74,28,34
2024,136,2160,0.937037,0.367,1.334551e+06,9.047531e-02,3.2621,3.3064,0,3,61,73,28,34
2025,135,2160,0.9375,0.371,1.354575e+06,2.716976e-01,3.2618,3.329,1,5,3,73,27,34
2026,134,2160,0.937963,0.364,1.362235e+06,1.030772e-01,3.24,3.3157,0,3,174,72,27,34
2027,133,2160,0.938426,0.361,1.371692e+06,2.254901e-01,3.2434,3.3368,1,2,3,72,26,34
2028,132,2160,0.938889,0.363,1.370850e+06,9.106738e-02,3.2267,3.3154,0,2,90,71,26,34
2029,131,2160,0.939352,0.349,1.375199e+06,9.928211e-02,3.2657,3.3287,2,9,6,71,26,33
2030,130,2160,0.939815,0.35,1.378849e+06,4.196736e-02,3.2551,3.3235,1,3,2,71,25,33
2031,129,2160,0.940278,0.346,1.378020e+06,1.070588e-01,3.196,3.3197,0,9,115,70,25,33
2032,128,2160,0.940741,0.342,1.383086e+06,2.585505e-01,3.2392,3.32,1,5,9,70,24,33
2033,127,2160,0.941204,0.336,1.397635e+06,8.177995e-02,3.2291,3.3334,0,2,115,69,24,33
2034,126,2160,0.941667,0.34,1.410638e+06,1.463627e-01,3.235,3.3242,0,9,62,68,24,33
2035,125,2160,0.94213,0.347,1.427644e+06,1.368926e-01,3.2237,3.3235,1,3,9,68,23,33
2036,124,2160,0.942593,0.347,1.425330e+06,5.487618e-02,3.2355,3.3346,0,4,115,67,23,33
2037,123,2160,0.943056,0.349,1.422061e+06,2.670472e-02,3.2198,3.3298,0,5,115,66,23,33
2038,122,2160,0.943519,0.35,1.425959e+06,5.434414e-02,3.2257,3.3245,0,5,146,65,23,33
2039,121,2160,0.943981,0.356,1.448113e+06,1.542387e-01,3.2255,3.3262,1,7,2,65,22,33
2040,120,2160,0.944444,0.287,1.449636e+06,9.399138e-02,3.2471,3.3292,0,2,48,64,22,33
2041,119,2160,0.944907,0.309,1.460414e+06,8.360907e-02,3.2503,3.3307,2,2,1,64,22,32
2042,118,2160,0.94537,0.315,1.460048e+06,8.815899e-02,3.2484,3.3248,0,8,48,63,22,32
2043,117,2160,0.945833,0.317,1.459047e+06,8.555341e-02,3.2299,3.3164,0,2,50,62,22,32
2044,116,2160,0.946296,0.334,1.463819e+06,9.567764e-02,3.2332,3.3293,1,5,2,62,21,32
2045,115,2160,0.946759,0.365,1.465057e+06,1.115732e-01,3.2606,3.3264,2,1,4,62,21,31
2046,114,2160,0.947222,0.301,1.463674e+06,1.102328e-01,3.2626,3.3195,0,7,145,61,21,31
2047,113,2160,0.947685,0.285,1.472945e+06,7.689541e-02,3.2258,3.3258,0,2,145,60,21,31
2048,112,2160,0.948148,0.273,1.476385e+06,5.658088e-02,3.2473,3.3236,0,5,38,59,21,31
2049,111,2160,0.948611,0.269,1.498906e+06,1.565664e-01,3.2353,3.3223,1,7,1,59,20,31
2050,110,2160,0.949074,0.323,1.498072e+06,1.178597e-01,3.2096,3.3309,0,2,118,58,20,31
2051,109,2160,0.949537,0.321,1.504846e+06,1.080333e-01,3.2403,3.3464,2,3,4,58,20,30
2052,108,2160,0.95,0.286,1.509050e+06,8.806577e-02,3.2273,3.3262,0,1,118,57,20,30
2053,107,2160,0.950463,0.269,1.516183e+06,1.092152e-01,3.2555,3.328,0,2,49,56,20,30
2054,106,2160,0.950926,0.28,1.519725e+06,4.926385e-02,3.2366,3.34,1,4,8,56,19,30
2055,105,2160,0.951389,0.273,1.517268e+06,1.069408e-01,3.2101,3.3394,1,1,2,56,18,30
2056,104,2160,0.951852,0.279,1.518304e+06,1.229964e-01,3.2309,3.3168,2,4,7,56,18,29
2057,103,2160,0.952315,0.273,1.516177e+06,1.494956e-01,3.2425,3.3266,0,2,138,55,18,29
2058,102,2160,0.952778,0.28,1.538930e+06,1.086834e-01,3.2359,3.3345,0,1,58,54,18,29
2059,101,2160,0.953241,0.277,1.561209e+06,1.232726e-01,3.2405,3.3321,1,1,7,54,17,29
2060,100,2160,0.953704,0.275,1.571707e+06,1.243940e-01,3.2137,3.3236,0,7,138,53,17,29
2061,99,2160,0.954167,0.275,1.591864e+06,1.324995e-01,3.2206,3.331,0,7,75,52,17,29
2062,98,2160,0.95463,0.253,1.613083e+06,1.174447e-01,3.231,3.3471,0,1,91,51,17,29
2063,97,2160,0.955093,0.263,1.626267e+06,1.084737e-01,3.2663,3.3278,2,4,4,51,17,28
2064,96,2160,0.955556,0.267,1.621163e+06,5.159830e-02,3.2492,3.3205,2,5,4,51,17,27
2065,95,2160,0.956019,0.27,1.619263e+06,8.860877e-02,3.2426,3.3388,1,2,2,51,16,27
2066,94,2160,0.956481,0.271,1.618468e+06,1.360969e-01,3.2362,3.3435,0,2,91,50,16,27
2067,93,2160,0.956944,0.245,1.637720e+06,1.095423e-01,3.2102,3.3443,0,1,35,49,16,27
2068,92,2160,0.957407,0.245,1.647128e+06,1.969053e-01,3.226,3.334,1,4,1,49,15,27
2069,91,2160,0.95787,0.219,1.656576e+06,1.832052e-01,3.2309,3.32,2,0,4,49,15,26
2070,90,2160,0.958333,0.213,1.662283e+06,2.074045e-01,3.2548,3.3374,2,2,4,49,15,25
2071,89,2160,0.958796,0.19,1.670674e+06,3.384221e-01,3.2312,3.3268,1,4,2,49,14,25
2072,88,2160,0.959259,0.193,1.675509e+06,2.298306e-01,3.2623,3.3304,2,6,4,49,14,24
2073,87,2160,0.959722,0.193,1.673174e+06,9.125303e-02,3.2386,3.3312,0,8,105,48,14,24
2074,86,2160,0.960185,0.195,1.669633e+06,1.285437e-01,3.2293,3.3296,0,7,35,47,14,24
2075,85,2160,0.960648,0.201,1.681351e+06,1.208709e-01,3.2291,3.3247,2,2,6,47,14,23
2076,84,2160,0.961111,0.187,1.687741e+06,1.511367e-01,3.2143,3.3254,0,7,87,46,14,23
2077,83,2160,0.961574,0.178,1.707762e+06,7.795732e-02,3.2589,3.3284,0,4,78,45,14,23
2078,82,2160,0.962037,0.173,1.714435e+06,9.168173e-02,3.2137,3.3286,0,4,118,44,14,23
2079,81,2160,0.9625,0.185,1.716562e+06,5.273840e-02,3.2598,3.3368,0,5,118,43,14,23
2080,80,2160,0.962963,0.169,1.736333e+06,5.402413e-02,3.2299,3.331,0,5,33,42,14,23
2081,79,2160,0.963426,0.177,1.758274e+06,1.189684e-01,3.2279,3.3401,0,1,105,41,14,23
2082,78,2160,0.963889,0.151,1.770665e+06,6.583206e-02,3.2426,3.3348,0,4,105,40,14,23
2083,77,2160,0.964352,0.16,1.770792e+06,1.096781e-01,3.2302,3.3188,1,6,2,40,13,23
2084,76,2160,0.964815,0.167,1.772579e+06,1.707578e-01,3.213,3.3556,0,2,105,39,13,23
2085,75,2160,0.965278,0.167,1.771592e+06,1.515490e-01,3.2535,3.3397,2,0,6,39,13,22
2086,74,2160,0.965741,0.134,1.778100e+06,9.219485e-02,3.232,3.3464,0,8,156,38,13,22
2087,73,2160,0.966204,0.133,1.802382e+06,1.596284e-01,3.2448,3.3499,0,7,76,37,13,22
2088,72,2160,0.966667,0.14,1.832428e+06,1.293951e-01,3.245,3.3472,0,7,78,36,13,22
2089,71,2160,0.96713,0.136,1.848180e+06,1.391914e-01,3.2197,3.3432,1,3,7,36,12,22
2090,70,2160,0.967593,0.129,1.847343e+06,2.280703e-01,3.2479,3.3334,2,1,6,36,12,21
2091,69,2160,0.968056,0.121,1.863147e+06,1.366857e-01,3.2663,3.3417,2,1,5,36,12,20
2092,68,2160,0.968519,0.123,1.866399e+06,8.206204e-02,3.2632,3.334,0,4,21,35,12,20
2093,67,2160,0.968981,0.124,1.888831e+06,1.237994e-01,3.2277,3.3458,0,7,49,34,12,20
2094,66,2160,0.969444,0.13,1.892199e+06,3.258231e-01,3.2178,3.3347,1,6,7,34,11,20
2095,65,2160,0.969907,0.132,1.890487e+06,2.086416e-02,3.2105,3.3447,1,6,0,34,10,20
2096,64,2160,0.97037,0.127,1.889828e+06,1.625528e-01,3.2511,3.3464,2,7,1,34,10,19
2097,63,2160,0.970833,0.127,1.899441e+06,2.371443e-01,3.2395,3.327,2,7,6,34,10,18
2098,62,2160,0.971296,0.123,1.903873e+06,1.306040e-01,3.2456,3.3346,0,1,63,33,10,18
2099,61,2160,0.971759,0.114,1.941335e+06,1.176479e-01,3.2357,3.3282,0,1,90,32,10,18
2100,60,2160,0.972222,0.14,1.953623e+06,5.174535e-02,3.216,3.3434,0,5,90,31,10,18
2101,59,2160,0.972685,0.144,1.973887e+06,9.416876e-02,3.2574,3.345,0,4,89,30,10,18
2102,58,2160,0.973148,0.136,1.976657e+06,2.492157e-02,3.2234,3.3529,0,5,89,29,10,18
2103,57,2160,0.973611,0.135,1.978950e+06,9.382054e-02,3.2144,3.3231,0,8,95,28,10,18
2104,56,2160,0.974074,0.127,2.009130e+06,6.822686e-02,3.2232,3.3314,0,0,190,27,10,18
2105,55,2160,0.974537,0.133,2.037557e+06,1.985072e-01,3.2124,3.3331,2,3,1,27,10,17
2106,54,2160,0.975,0.105,2.045104e+06,3.011523e-01,3.2485,3.349,1,1,1,27,9,17
2107,53,2160,0.975463,0.108,2.044243e+06,1.373532e-01,3.2403,3.3433,0,1,49,26,9,17
2108,52,2160,0.975926,0.106,2.042678e+06,6.439754e-02,3.2333,3.3338,0,5,36,25,9,17
2109,51,2160,0.976389,0.102,2.077683e+06,1.640723e-01,3.2674,3.3346,2,7,5,25,9,16
2110,50,2160,0.976852,0.106,2.082174e+06,8.741625e-02,3.2299,3.3339,0,0,48,24,9,16
2111,49,2160,0.977315,0.11,2.121832e+06,6.836724e-02,3.2524,3.3471,0,5,69,23,9,16
2112,48,2160,0.977778,0.108,2.164548e+06,1.491500e-01,3.2224,3.3456,0,8,117,22,9,16
2113,47,2160,0.978241,0.109,2.172722e+06,5.039898e-02,3.2636,3.3378,0,4,117,21,9,16
2114,46,2160,0.978704,0.11,2.179980e+06,3.439601e-01,3.2175,3.3392,2,4,1,21,9,15
2115,45,2160,0.979167,0.115,2.185574e+06,1.367251e-01,3.228,3.3404,0,8,131,20,9,15
2116,44,2160,0.97963,0.101,2.196220e+06,6.476451e-02,3.23,3.3418,0,4,131,19,9,15
2117,43,2160,0.980093,0.099,2.207029e+06,2.361194e-01,3.2383,3.3405,2,5,2,19,9,14
2118,42,2160,0.980556,0.087,2.209183e+06,7.263786e-02,3.2673,3.344,1,2,8,19,8,14
2119,41,2160,0.981019,0.087,2.208589e+06,1.879842e-01,3.224,3.3345,2,5,6,19,8,13
2120,40,2160,0.981481,0.087,2.216009e+06,2.170808e-01,3.2274,3.3568,1,6,4,19,7,13
2121,39,2160,0.981944,0.087,2.211361e+06,2.808445e-01,3.2457,3.3379,2,9,5,19,7,12
2122,38,2160,0.982407,0.087,2.221673e+06,4.516993e-01,3.222,3.3411,2,6,1,19,7,11
2123,37,2160,0.98287,0.086,2.224879e+06,3.116027e-01,3.2187,3.339,1,1,0,19,6,11
2124,36,2160,0.983333,0.088,2.220310e+06,4.020438e-01,3.2424,3.3349,1,1,8,19,5,11
2125,35,2160,0.983796,0.086,2.218816e+06,1.667180e-01,3.2385,3.3422,0,8,50,18,5,11
2126,34,2160,0.984259,0.085,2.217755e+06,5.183881e-02,3.238,3.3325,1,5,8,18,4,11
2127,33,2160,0.984722,0.087,2.217840e+06,1.952134e-01,3.2661,3.3452,0,8,49,17,4,11
2128,32,2160,0.985185,0.087,2.217479e+06,2.079673e-01,3.2611,3.3483,2,6,5,17,4,10
2129,31,2160,0.985648,0.085,2.217121e+06,1.971118e-01,3.2251,3.3424,0,0,50,16,4,10
2130,30,2160,0.986111,0.091,2.242783e+06,2.130158e-01,3.2437,3.3447,0,0,49,15,4,10
2131,29,2160,0.986574,0.087,2.274929e+06,1.438919e-01,3.2262,3.3411,1,3,0,15,3,10
2132,28,2160,0.987037,0.087,2.274450e+06,8.232439e-02,3.2436,3.3235,0,5,144,14,3,10
2133,27,2160,0.9875,0.087,2.337507e+06,1.588252e-01,3.2424,3.3285,2,8,7,14,3,9
2134,26,2160,0.987963,0.087,2.340716e+06,9.120008e-02,3.2375,3.3344,2,9,3,14,3,8
2135,25,2160,0.988426,0.087,2.523969e+06,9.100875e-02,3.2406,3.3347,0,5,127,13,3,8
2136,24,2160,0.988889,0.087,2.597865e+06,8.135042e-02,3.2558,3.3375,2,7,3,13,3,7
2137,23,2160,0.989352,0.087,2.815616e+06,1.361341e-01,3.2254,3.3309,0,4,20,12,3,7
2138,22,2160,0.989815,0.087,2.888390e+06,1.035445e-01,3.2479,3.3187,0,5,175,11,3,7
2139,21,2160,0.990278,0.087,2.995255e+06,1.135327e-01,3.2273,3.3384,0,5,173,10,3,7
2140,20,2160,0.990741,0.087,3.125982e+06,1.323923e-01,3.2395,3.3268,0,5,172,9,3,7
2141,19,2160,0.991204,0.087,3.320405e+06,1.404672e-01,3.2169,3.3435,0,5,142,8,3,7
2142,18,2160,0.991667,0.087,3.567144e+06,1.514487e-01,3.2422,3.3415,0,5,137,7,3,7
2143,17,2160,0.99213,0.087,3.924479e+06,2.016993e-01,3.2516,3.3516,1,7,5,7,2,7
2144,16,2160,0.992593,0.087,3.922109e+06,2.129943e-01,3.2375,3.3275,2,5,7,7,2,6
2145,15,2160,0.993056,0.087,3.907936e+06,1.709567e-01,3.2321,3.3242,0,5,128,6,2,6
2146,14,2160,0.993519,0.087,4.397311e+06,2.779202e-01,3.2908,3.3399,2,4,3,6,2,5
2147,13,2160,0.993981,0.087,6.523094e+06,2.431707e-01,3.2586,3.3282,0,4,124,5,2,5
2148,12,2160,0.994444,0.087,6.970368e+06,3.348199e-01,3.2423,3.3421,0,4,86,4,2,5
2149,11,2160,0.994907,0.087,7.153403e+06,1.837763e-01,3.2429,3.3382,0,5,86,3,2,5
2150,10,2160,0.99537,0.087,7.673471e+06,4.092383e-01,3.2332,3.34,2,2,3,3,2,4
2151,9,2160,0.995833,0.087,1.145141e+07,4.678750e-01,3.2614,3.3262,2,8,3,3,2,3
2152,8,2160,0.996296,0.087,1.462809e+07,5.274444e-01,3.2289,3.3329,2,0,3,3,2,2
2153,7,2160,0.996759,0.087,1.725119e+07,6.708007e-01,3.2391,3.3269,2,3,3,3,2,1
2154,6,2160,0.997222,0.087,2.007957e+07,1.957375e-01,3.2422,3.3292,0,4,174,2,2,1
2155,5,2160,0.997685,0.087,2.074705e+07,6.666661e-01,3.2289,3.3354,1,3,4,2,1,1
2156,4,2160,0.998148,0.087,2.060104e+07,2.754297e-01,3.272,3.3524,0,5,68,1,1,1
2157,3,2160,0.998611,0.087,2.284173e+07,1.962624e+00,3.2499,3.326,0,5,82,0,1,1
2158,2,2160,0.999074,0.087,6.346143e+06,2.520908e+00,3.2195,3.3372,1,3,5,0,0,1
2159,1,2160,0.999537,0.087,2.715754e+06,4.420260e+00,3.2199,0.8719,2,5,3,0,0,0
