step,NZ,total_W,sparsity,val_acc,d_manifold,d_W,prune_time_s,candidate_layer,candidate_i,candidate_j,layer_0_NZ,layer_1_NZ,layer_2_NZ
0,2160,2160,0.0,0.92,0.000000e+00,2.638904e-05,5.5492,0,2,155,1959,100,100
1,2159,2160,0.000463,0.92,2.053148e-19,8.004479e-05,2.5771,1,9,3,1959,99,100
2,2158,2160,0.000926,0.92,1.790877e-11,1.598403e-04,2.5947,0,2,178,1958,99,100
3,2157,2160,0.001389,0.92,1.791180e-11,2.020160e-04,2.5774,0,2,152,1957,99,100
4,2156,2160,0.001852,0.92,1.793123e-11,2.766027e-04,2.6204,0,2,106,1956,99,100
5,2155,2160,0.002315,0.92,1.793206e-11,5.711278e-04,2.6211,0,2,118,1955,99,100
6,2154,2160,0.002778,0.92,1.793511e-11,5.729782e-04,2.6007,1,5,5,1955,98,100
7,2153,2160,0.003241,0.92,1.793511e-11,6.378903e-04,2.6013,0,2,172,1954,98,100
8,2152,2160,0.003704,0.92,1.803255e-11,6.375272e-04,2.6096,0,2,38,1953,98,100
9,2151,2160,0.004167,0.92,1.803619e-11,8.408557e-04,2.6011,0,2,148,1952,98,100
10,2150,2160,0.00463,0.92,5.422018e-08,9.624080e-04,2.5667,0,2,175,1951,98,100
11,2149,2160,0.005093,0.92,5.402962e-08,1.074650e-03,2.5941,0,2,134,1950,98,100
12,2148,2160,0.005556,0.92,3.379195e-07,1.456206e-03,2.5736,1,1,1,1950,97,100
13,2147,2160,0.006019,0.92,6.721159e-07,1.093973e-03,2.5497,0,2,121,1949,97,100
14,2146,2160,0.006481,0.92,6.721890e-07,1.118805e-03,2.5966,0,2,180,1948,97,100
15,2145,2160,0.006944,0.92,6.721498e-07,1.221447e-03,2.5549,0,2,131,1947,97,100
16,2144,2160,0.007407,0.92,6.723113e-07,1.248435e-03,2.6231,1,0,5,1947,96,100
17,2143,2160,0.00787,0.92,6.723113e-07,1.357640e-03,2.5847,0,2,176,1946,96,100
18,2142,2160,0.008333,0.92,6.723182e-07,1.446763e-03,2.593,2,5,5,1946,96,99
19,2141,2160,0.008796,0.92,6.723182e-07,1.478451e-03,2.5694,1,5,1,1946,95,99
20,2140,2160,0.009259,0.92,6.723182e-07,1.488427e-03,2.5928,0,2,44,1945,95,99
21,2139,2160,0.009722,0.92,6.998072e-07,1.436433e-03,2.594,0,2,157,1944,95,99
22,2138,2160,0.010185,0.92,6.995886e-07,1.720238e-03,2.5736,0,2,194,1943,95,99
23,2137,2160,0.010648,0.92,6.995766e-07,1.702801e-03,2.6134,0,2,188,1942,95,99
24,2136,2160,0.011111,0.92,6.992696e-07,1.696053e-03,2.6127,0,2,70,1941,95,99
25,2135,2160,0.011574,0.92,6.995529e-07,1.771624e-03,2.6215,1,0,7,1941,94,99
26,2134,2160,0.012037,0.92,6.995529e-07,1.866350e-03,2.6331,0,2,177,1940,94,99
27,2133,2160,0.0125,0.92,6.998873e-07,1.785574e-03,2.5828,0,2,141,1939,94,99
28,2132,2160,0.012963,0.92,6.998983e-07,1.818561e-03,2.6246,0,2,173,1938,94,99
29,2131,2160,0.013426,0.92,6.999375e-07,1.999993e-03,2.6037,0,2,108,1937,94,99
30,2130,2160,0.013889,0.92,7.001517e-07,1.807256e-03,2.5928,0,2,174,1936,94,99
31,2129,2160,0.014352,0.92,1.286712e-06,2.006806e-03,2.6012,1,0,0,1936,93,99
32,2128,2160,0.014815,0.92,1.286712e-06,2.021259e-03,2.5556,0,2,23,1935,93,99
33,2127,2160,0.015278,0.92,1.771417e-06,2.028888e-03,2.5902,1,0,2,1935,92,99
34,2126,2160,0.015741,0.92,1.771417e-06,2.162889e-03,2.5664,0,2,65,1934,92,99
35,2125,2160,0.016204,0.92,2.094610e-06,2.185939e-03,2.5942,2,0,5,1934,92,98
36,2124,2160,0.016667,0.92,2.094610e-06,2.188929e-03,2.5998,0,2,10,1933,92,98
37,2123,2160,0.01713,0.92,2.095056e-06,2.252229e-03,2.6123,0,2,82,1932,92,98
38,2122,2160,0.017593,0.92,2.537931e-06,2.458674e-03,2.6,2,6,0,1932,92,97
39,2121,2160,0.018056,0.92,2.537931e-06,2.514807e-03,2.6,0,2,77,1931,92,97
40,2120,2160,0.018519,0.92,2.537796e-06,2.659931e-03,2.5962,0,2,151,1930,92,97
41,2119,2160,0.018981,0.92,2.538477e-06,2.747389e-03,2.591,0,2,168,1929,92,97
42,2118,2160,0.019444,0.92,2.538463e-06,2.590997e-03,2.619,0,2,54,1928,92,97
43,2117,2160,0.019907,0.92,2.538220e-06,2.781096e-03,2.5605,0,2,159,1927,92,97
44,2116,2160,0.02037,0.92,2.537712e-06,2.822390e-03,2.6202,0,2,2,1926,92,97
45,2115,2160,0.020833,0.92,2.537679e-06,2.846809e-03,2.5781,2,4,5,1926,92,96
46,2114,2160,0.021296,0.92,2.537679e-06,2.966391e-03,2.5981,0,2,85,1925,92,96
47,2113,2160,0.021759,0.92,2.537764e-06,3.115543e-03,2.6145,0,2,93,1924,92,96
48,2112,2160,0.022222,0.92,2.537590e-06,3.042530e-03,2.6017,0,2,170,1923,92,96
49,2111,2160,0.022685,0.92,2.537185e-06,3.144994e-03,2.5682,1,0,1,1923,91,96
50,2110,2160,0.023148,0.92,2.537185e-06,3.244441e-03,2.598,0,2,153,1922,91,96
51,2109,2160,0.023611,0.92,2.585314e-06,3.495289e-03,2.6133,0,2,166,1921,91,96
52,2108,2160,0.024074,0.92,2.585251e-06,3.378641e-03,2.6317,0,2,130,1920,91,96
53,2107,2160,0.024537,0.92,6.568464e-06,3.430577e-03,2.6275,0,2,20,1919,91,96
54,2106,2160,0.025,0.92,1.289361e-05,3.580176e-03,2.5545,0,2,139,1918,91,96
55,2105,2160,0.025463,0.92,1.289362e-05,3.531848e-03,2.5888,0,2,143,1917,91,96
56,2104,2160,0.025926,0.92,1.305952e-05,3.585539e-03,2.6546,2,7,5,1917,91,95
57,2103,2160,0.026389,0.92,1.305952e-05,3.599574e-03,2.6576,0,2,154,1916,91,95
58,2102,2160,0.026852,0.92,1.306034e-05,3.808440e-03,2.6277,1,5,0,1916,90,95
59,2101,2160,0.027315,0.92,1.306034e-05,3.969737e-03,2.5803,2,2,0,1916,90,94
60,2100,2160,0.027778,0.92,1.306034e-05,4.118343e-03,2.6256,0,2,1,1915,90,94
61,2099,2160,0.028241,0.92,1.306021e-05,3.556581e-03,2.5981,0,2,48,1914,90,94
62,2098,2160,0.028704,0.92,1.506234e-05,4.320207e-03,2.603,0,2,104,1913,90,94
63,2097,2160,0.029167,0.92,2.281171e-05,4.194890e-03,2.6087,0,2,68,1912,90,94
64,2096,2160,0.02963,0.92,2.428634e-05,4.319991e-03,2.5722,0,2,58,1911,90,94
65,2095,2160,0.030093,0.92,2.577944e-05,4.378831e-03,2.5817,0,2,46,1910,90,94
66,2094,2160,0.030556,0.92,2.578174e-05,4.549804e-03,2.6278,0,2,146,1909,90,94
67,2093,2160,0.031019,0.92,3.605099e-05,4.676053e-03,2.6027,0,2,94,1908,90,94
68,2092,2160,0.031481,0.92,3.605136e-05,4.835571e-03,2.6439,1,0,8,1908,89,94
69,2091,2160,0.031944,0.92,3.605136e-05,4.890874e-03,2.6147,1,5,8,1908,88,94
70,2090,2160,0.032407,0.92,3.605136e-05,5.048978e-03,2.5913,0,2,99,1907,88,94
71,2089,2160,0.03287,0.92,3.605163e-05,5.288643e-03,2.5796,2,1,0,1907,88,93
72,2088,2160,0.033333,0.92,3.605163e-05,5.399755e-03,2.605,0,2,84,1906,88,93
73,2087,2160,0.033796,0.92,3.769821e-05,5.513933e-03,2.5987,0,2,29,1905,88,93
74,2086,2160,0.034259,0.92,3.769952e-05,5.266755e-03,2.5589,0,2,98,1904,88,93
75,2085,2160,0.034722,0.92,3.770086e-05,5.781464e-03,2.605,0,2,183,1903,88,93
76,2084,2160,0.035185,0.92,4.995341e-05,6.415655e-03,2.6282,0,2,91,1902,88,93
77,2083,2160,0.035648,0.92,6.520566e-05,6.089893e-03,2.6023,0,2,80,1901,88,93
78,2082,2160,0.036111,0.92,7.116992e-05,5.986191e-03,2.6016,0,2,57,1900,88,93
79,2081,2160,0.036574,0.92,7.304813e-05,5.227136e-03,2.6438,0,2,116,1899,88,93
80,2080,2160,0.037037,0.92,7.305111e-05,5.756446e-03,2.6051,0,2,6,1898,88,93
81,2079,2160,0.0375,0.92,7.305351e-05,5.736621e-03,2.6095,0,2,55,1897,88,93
82,2078,2160,0.037963,0.92,7.305348e-05,6.007145e-03,2.5992,0,2,169,1896,88,93
83,2077,2160,0.038426,0.92,1.075512e-04,5.648549e-03,2.6225,0,2,83,1895,88,93
84,2076,2160,0.038889,0.92,1.075537e-04,5.865781e-03,2.6283,0,2,182,1894,88,93
85,2075,2160,0.039352,0.92,1.077310e-04,5.760517e-03,2.6075,0,2,142,1893,88,93
86,2074,2160,0.039815,0.92,1.437287e-04,6.757468e-03,2.6306,2,1,5,1893,88,92
87,2073,2160,0.040278,0.92,1.437287e-04,6.899091e-03,2.6031,1,5,7,1893,87,92
88,2072,2160,0.040741,0.92,1.437287e-04,7.024762e-03,2.5725,0,2,192,1892,87,92
89,2071,2160,0.041204,0.92,1.573247e-04,1.431258e-03,2.6422,0,4,70,1891,87,92
90,2070,2160,0.041667,0.92,1.573585e-04,7.072589e-03,2.6032,2,5,0,1891,87,91
91,2069,2160,0.04213,0.92,1.573585e-04,7.462343e-03,2.6137,2,9,0,1891,87,90
92,2068,2160,0.042593,0.92,1.573585e-04,7.636700e-03,2.6149,2,6,4,1891,87,89
93,2067,2160,0.043056,0.92,1.573586e-04,7.645868e-03,2.5898,1,5,2,1891,86,89
94,2066,2160,0.043519,0.92,1.573586e-04,7.951253e-03,2.5985,0,2,4,1890,86,89
95,2065,2160,0.043981,0.92,1.695038e-04,6.973315e-03,2.6288,0,2,16,1889,86,89
96,2064,2160,0.044444,0.92,1.695045e-04,8.434217e-03,2.6209,1,5,3,1889,85,89
97,2063,2160,0.044907,0.92,1.695045e-04,8.513493e-03,2.7109,1,0,9,1889,84,89
98,2062,2160,0.04537,0.92,1.695045e-04,8.563965e-03,2.5906,1,0,6,1889,83,89
99,2061,2160,0.045833,0.92,1.695045e-04,9.030230e-03,2.5918,0,2,34,1888,83,89
100,2060,2160,0.046296,0.92,2.497127e-04,9.045343e-03,2.6249,2,7,0,1888,83,88
101,2059,2160,0.046759,0.92,2.497127e-04,9.279871e-03,2.583,1,0,4,1888,82,88
102,2058,2160,0.047222,0.92,2.497127e-04,9.575610e-03,2.6603,2,2,5,1888,82,87
103,2057,2160,0.047685,0.92,2.497127e-04,9.921616e-03,2.5955,0,2,103,1887,82,87
104,2056,2160,0.048148,0.92,3.211510e-04,9.302532e-03,2.6117,0,2,31,1886,82,87
105,2055,2160,0.048611,0.92,3.601527e-04,1.048007e-02,2.5938,2,3,5,1886,82,86
106,2054,2160,0.049074,0.92,3.601527e-04,1.063641e-02,2.6689,2,6,5,1886,82,85
107,2053,2160,0.049537,0.92,3.601527e-04,1.146983e-02,2.6247,2,3,0,1886,82,84
108,2052,2160,0.05,0.92,3.601527e-04,1.152317e-02,2.6095,2,8,0,1886,82,83
109,2051,2160,0.050463,0.92,3.601527e-04,1.154235e-02,2.5974,1,5,9,1886,81,83
110,2050,2160,0.050926,0.92,3.601527e-04,1.271909e-02,2.6041,2,4,0,1886,81,82
111,2049,2160,0.051389,0.92,3.601527e-04,1.380424e-02,2.6285,2,9,5,1886,81,81
112,2048,2160,0.051852,0.92,3.601527e-04,1.445307e-02,2.675,1,5,6,1886,80,81
113,2047,2160,0.052315,0.92,3.601527e-04,1.554226e-02,2.5946,0,2,119,1885,80,81
114,2046,2160,0.052778,0.92,7.246824e-04,1.590945e-02,2.6105,1,0,3,1885,79,81
115,2045,2160,0.053241,0.92,7.246824e-04,1.640592e-02,2.596,2,8,5,1885,79,80
116,2044,2160,0.053704,0.92,7.246824e-04,1.698509e-02,2.6023,1,5,4,1885,78,80
117,2043,2160,0.054167,0.92,7.246824e-04,1.748277e-02,2.5984,2,0,0,1885,78,79
118,2042,2160,0.05463,0.92,7.246824e-04,2.589321e-02,2.6103,2,9,7,1885,78,78
119,2041,2160,0.055093,0.92,7.246824e-04,4.288773e-02,2.6096,2,1,6,1885,78,77
120,2040,2160,0.055556,0.92,7.246817e-04,5.020111e-02,2.5944,2,7,1,1885,78,76
121,2039,2160,0.056019,0.92,7.246999e-04,6.054102e-02,2.6148,2,8,8,1885,78,75
122,2038,2160,0.056481,0.92,7.246998e-04,7.250653e-02,2.5963,2,5,3,1885,78,74
123,2037,2160,0.056944,0.92,7.246987e-04,1.092053e-01,2.5779,2,4,2,1885,78,73
124,2036,2160,0.057407,0.92,7.246989e-04,1.283836e-01,2.63,2,2,9,1885,78,72
125,2035,2160,0.05787,0.92,7.246978e-04,1.633862e-02,2.6132,0,3,126,1884,78,72
126,2034,2160,0.058333,0.92,1.238310e-02,3.664290e-04,2.5864,0,5,147,1883,78,72
127,2033,2160,0.058796,0.92,1.238307e-02,7.548302e-03,2.5848,0,2,21,1882,78,72
128,2032,2160,0.059259,0.92,1.242210e-02,2.660242e-02,2.6219,0,2,73,1881,78,72
129,2031,2160,0.059722,0.92,1.366241e-02,3.588169e-03,2.652,0,2,135,1880,78,72
130,2030,2160,0.060185,0.92,1.368457e-02,4.575287e-03,2.616,0,2,75,1879,78,72
131,2029,2160,0.060648,0.92,1.376019e-02,6.038086e-03,2.6273,0,2,74,1878,78,72
132,2028,2160,0.061111,0.92,1.387443e-02,3.575454e-03,2.6224,0,2,186,1877,78,72
133,2027,2160,0.061574,0.92,1.393872e-02,3.232643e-03,2.6303,1,6,2,1877,77,72
134,2026,2160,0.062037,0.92,1.394861e-02,5.081646e-03,2.6024,0,2,7,1876,77,72
135,2025,2160,0.0625,0.92,1.405990e-02,4.495841e-03,2.6075,0,2,189,1875,77,72
136,2024,2160,0.062963,0.92,1.413340e-02,1.320908e-02,2.617,1,7,2,1875,76,72
137,2023,2160,0.063426,0.92,1.437474e-02,7.984177e-03,2.5994,2,9,1,1875,76,71
138,2022,2160,0.063889,0.92,1.461556e-02,4.824595e-03,2.59,0,2,78,1874,76,71
139,2021,2160,0.064352,0.92,1.475107e-02,5.291263e-03,2.6261,0,2,49,1873,76,71
140,2020,2160,0.064815,0.92,1.487765e-02,4.468084e-03,2.6036,0,2,50,1872,76,71
141,2019,2160,0.065278,0.92,1.498758e-02,8.361414e-03,2.5959,0,2,162,1871,76,71
142,2018,2160,0.065741,0.92,1.515373e-02,6.010974e-03,2.626,0,2,165,1870,76,71
143,2017,2160,0.066204,0.92,1.530978e-02,4.863912e-03,2.568,0,2,128,1869,76,71
144,2016,2160,0.066667,0.92,1.541780e-02,5.668677e-03,2.6457,0,2,25,1868,76,71
145,2015,2160,0.06713,0.92,1.560265e-02,5.500648e-03,2.6,0,1,150,1867,76,71
146,2014,2160,0.067593,0.92,1.606978e-02,5.999194e-03,2.6067,0,2,61,1866,76,71
147,2013,2160,0.068056,0.92,1.631023e-02,4.757042e-03,2.5637,0,2,124,1865,76,71
148,2012,2160,0.068519,0.92,1.655430e-02,4.476758e-03,2.5604,0,2,19,1864,76,71
149,2011,2160,0.068981,0.92,1.678598e-02,2.830292e-03,2.5856,1,9,2,1864,75,71
150,2010,2160,0.069444,0.92,1.684995e-02,6.626523e-03,2.5704,0,2,122,1863,75,71
151,2009,2160,0.069907,0.92,1.708849e-02,7.128859e-03,2.5623,0,2,193,1862,75,71
152,2008,2160,0.07037,0.92,1.735422e-02,4.855421e-03,2.5566,0,2,138,1861,75,71
153,2007,2160,0.070833,0.92,1.756444e-02,4.079424e-03,2.5581,0,2,95,1860,75,71
154,2006,2160,0.071296,0.92,1.777985e-02,5.859721e-03,2.5641,0,2,47,1859,75,71
155,2005,2160,0.071759,0.92,1.814212e-02,5.541429e-03,2.5877,0,2,156,1858,75,71
156,2004,2160,0.072222,0.92,1.848801e-02,5.326136e-03,2.5699,0,2,27,1857,75,71
157,2003,2160,0.072685,0.92,1.868661e-02,6.410730e-03,2.601,0,2,5,1856,75,71
158,2002,2160,0.073148,0.92,1.917550e-02,6.161001e-03,2.5621,0,2,59,1855,75,71
159,2001,2160,0.073611,0.92,1.952486e-02,5.655658e-03,2.627,0,2,42,1854,75,71
160,2000,2160,0.074074,0.92,1.982086e-02,7.065168e-03,2.5929,0,2,123,1853,75,71
161,1999,2160,0.074537,0.92,2.039136e-02,7.088524e-03,2.5639,0,2,150,1852,75,71
162,1998,2160,0.075,0.92,2.100170e-02,8.042789e-03,2.5766,0,2,191,1851,75,71
163,1997,2160,0.075463,0.92,2.184820e-02,7.548683e-03,2.5881,0,2,76,1850,75,71
164,1996,2160,0.075926,0.92,2.291041e-02,8.695007e-03,2.58,0,2,187,1849,75,71
165,1995,2160,0.076389,0.92,2.381934e-02,6.837292e-03,2.6389,0,2,0,1848,75,71
166,1994,2160,0.076852,0.92,2.440239e-02,6.782267e-03,2.6151,0,2,126,1847,75,71
167,1993,2160,0.077315,0.92,2.514670e-02,6.119652e-03,2.6279,0,2,52,1846,75,71
168,1992,2160,0.077778,0.92,2.574244e-02,6.229718e-03,2.6119,0,2,69,1845,75,71
169,1991,2160,0.078241,0.92,2.615545e-02,5.353820e-03,2.5966,0,2,15,1844,75,71
170,1990,2160,0.078704,0.92,2.659985e-02,6.410866e-03,2.5999,0,2,171,1843,75,71
171,1989,2160,0.079167,0.92,2.756337e-02,8.819405e-03,2.5913,0,2,164,1842,75,71
172,1988,2160,0.07963,0.92,2.849069e-02,6.527100e-03,2.6216,0,2,158,1841,75,71
173,1987,2160,0.080093,0.92,2.934577e-02,6.052681e-03,2.6712,0,2,40,1840,75,71
174,1986,2160,0.080556,0.92,3.014319e-02,5.621839e-03,2.6178,0,2,179,1839,75,71
175,1985,2160,0.081019,0.92,3.078257e-02,6.020579e-03,2.6161,0,2,11,1838,75,71
176,1984,2160,0.081481,0.92,3.149417e-02,5.871368e-03,2.6424,0,2,35,1837,75,71
177,1983,2160,0.081944,0.92,3.215379e-02,7.041651e-03,2.6268,0,2,144,1836,75,71
178,1982,2160,0.082407,0.92,3.338755e-02,6.597611e-03,2.6009,0,2,125,1835,75,71
179,1981,2160,0.08287,0.92,3.407757e-02,5.526220e-03,2.6414,0,2,66,1834,75,71
180,1980,2160,0.083333,0.92,3.458005e-02,6.007252e-03,2.5684,0,2,140,1833,75,71
181,1979,2160,0.083796,0.92,3.530076e-02,5.991531e-03,2.5633,0,2,81,1832,75,71
182,1978,2160,0.084259,0.92,3.597810e-02,5.770382e-03,2.5816,0,2,17,1831,75,71
183,1977,2160,0.084722,0.92,3.681278e-02,2.552202e-02,2.5634,0,4,49,1830,75,71
184,1976,2160,0.085185,0.92,6.395428e-01,1.361876e-03,2.6113,0,1,69,1829,75,71
185,1975,2160,0.085648,0.92,6.398556e-01,3.065463e-03,2.5842,1,3,2,1829,74,71
186,1974,2160,0.086111,0.92,6.397328e-01,2.177953e-04,2.5947,0,7,165,1828,74,71
187,1973,2160,0.086574,0.92,6.403153e-01,7.674754e-04,2.5641,0,8,17,1827,74,71
188,1972,2160,0.087037,0.92,6.409691e-01,8.736146e-03,2.6301,0,2,114,1826,74,71
189,1971,2160,0.0875,0.92,6.420470e-01,6.905577e-03,2.557,0,2,145,1825,74,71
190,1970,2160,0.087963,0.92,6.432337e-01,6.802244e-03,2.5628,0,2,163,1824,74,71
191,1969,2160,0.088426,0.92,6.442077e-01,5.454145e-03,2.5549,0,2,30,1823,74,71
192,1968,2160,0.088889,0.92,6.450046e-01,5.715179e-03,2.5808,0,2,190,1822,74,71
193,1967,2160,0.089352,0.92,6.460202e-01,6.421745e-03,2.5672,0,2,8,1821,74,71
194,1966,2160,0.089815,0.92,6.473160e-01,5.694332e-03,2.5585,0,2,13,1820,74,71
195,1965,2160,0.090278,0.92,6.481601e-01,6.136810e-03,2.5553,0,2,167,1819,74,71
196,1964,2160,0.090741,0.92,6.492758e-01,9.017609e-03,2.6181,1,4,2,1819,73,71
197,1963,2160,0.091204,0.92,6.507064e-01,5.765335e-03,2.564,0,2,32,1818,73,71
198,1962,2160,0.091667,0.92,6.515298e-01,5.279449e-03,2.6103,0,2,147,1817,73,71
199,1961,2160,0.09213,0.92,6.523008e-01,5.540710e-03,2.5724,0,2,110,1816,73,71
200,1960,2160,0.092593,0.92,6.533170e-01,5.265322e-03,2.6029,0,2,67,1815,73,71
201,1959,2160,0.093056,0.92,6.541735e-01,5.430253e-03,2.581,0,2,45,1814,73,71
202,1958,2160,0.093519,0.92,6.549855e-01,5.499902e-03,2.5665,0,2,56,1813,73,71
203,1957,2160,0.093981,0.92,6.555090e-01,6.013144e-03,2.5713,0,2,72,1812,73,71
204,1956,2160,0.094444,0.92,6.561721e-01,5.875755e-03,2.5927,0,2,28,1811,73,71
205,1955,2160,0.094907,0.92,6.565775e-01,6.490200e-03,2.5632,0,2,88,1810,73,71
206,1954,2160,0.09537,0.92,6.577632e-01,6.204328e-03,2.5743,0,2,60,1809,73,71
207,1953,2160,0.095833,0.92,6.583582e-01,6.225058e-03,2.5748,0,2,102,1808,73,71
208,1952,2160,0.096296,0.92,6.587303e-01,6.276565e-03,2.6094,0,2,33,1807,73,71
209,1951,2160,0.096759,0.92,6.595461e-01,6.456118e-03,2.5849,0,2,136,1806,73,71
210,1950,2160,0.097222,0.92,6.600293e-01,6.791770e-03,2.5755,0,2,18,1805,73,71
211,1949,2160,0.097685,0.92,6.607774e-01,7.586572e-03,2.5654,0,2,105,1804,73,71
212,1948,2160,0.098148,0.92,6.611444e-01,6.864099e-03,2.598,0,2,161,1803,73,71
213,1947,2160,0.098611,0.92,6.616451e-01,6.830579e-03,2.5685,0,2,181,1802,73,71
214,1946,2160,0.099074,0.92,6.621814e-01,7.651500e-03,2.5641,0,2,43,1801,73,71
215,1945,2160,0.099537,0.92,6.629151e-01,7.775234e-03,2.5763,0,2,53,1800,73,71
216,1944,2160,0.1,0.92,6.633614e-01,7.372449e-03,2.577,0,2,79,1799,73,71
217,1943,2160,0.100463,0.92,6.635162e-01,8.149507e-03,2.5674,0,2,115,1798,73,71
218,1942,2160,0.100926,0.92,6.642865e-01,8.367617e-03,2.5823,0,2,63,1797,73,71
219,1941,2160,0.101389,0.92,6.652006e-01,8.380006e-03,2.5616,0,2,107,1796,73,71
220,1940,2160,0.101852,0.92,6.657469e-01,8.067933e-03,2.5823,0,2,71,1795,73,71
221,1939,2160,0.102315,0.92,6.661269e-01,9.333485e-03,2.574,0,2,87,1794,73,71
222,1938,2160,0.102778,0.92,6.668294e-01,9.705549e-03,2.5742,0,2,96,1793,73,71
223,1937,2160,0.103241,0.92,6.666840e-01,1.036341e-02,2.5777,0,2,111,1792,73,71
224,1936,2160,0.103704,0.92,6.664767e-01,1.000036e-02,2.5773,0,2,185,1791,73,71
225,1935,2160,0.104167,0.92,6.666331e-01,1.045649e-02,2.6062,0,2,92,1790,73,71
226,1934,2160,0.10463,0.92,6.669013e-01,1.020372e-02,2.567,0,2,62,1789,73,71
227,1933,2160,0.105093,0.92,6.668336e-01,2.907972e-02,2.5694,2,4,1,1789,73,70
228,1932,2160,0.105556,0.92,7.079958e-01,7.481353e-03,2.567,0,4,107,1788,73,70
229,1931,2160,0.106019,0.92,7.062616e-01,1.222837e-02,2.5843,0,2,97,1787,73,70
230,1930,2160,0.106481,0.92,7.090673e-01,1.163699e-02,2.5647,0,2,86,1786,73,70
231,1929,2160,0.106944,0.92,7.081053e-01,1.127455e-02,2.5748,0,2,149,1785,73,70
232,1928,2160,0.107407,0.92,7.085078e-01,1.259377e-02,2.5706,0,2,133,1784,73,70
233,1927,2160,0.10787,0.92,7.076359e-01,1.369703e-02,2.5816,0,2,22,1783,73,70
234,1926,2160,0.108333,0.92,7.067515e-01,1.414082e-02,2.5791,0,2,129,1782,73,70
235,1925,2160,0.108796,0.92,7.056321e-01,1.550320e-02,2.5683,0,2,14,1781,73,70
236,1924,2160,0.109259,0.92,7.045010e-01,1.645787e-02,2.5858,0,2,37,1780,73,70
237,1923,2160,0.109722,0.92,7.041236e-01,5.356683e-04,2.5639,0,8,188,1779,73,70
238,1922,2160,0.110185,0.92,7.058150e-01,1.764650e-02,2.5659,0,2,36,1778,73,70
239,1921,2160,0.110648,0.92,7.045205e-01,1.802119e-02,2.5689,0,2,51,1777,73,70
240,1920,2160,0.111111,0.92,7.041809e-01,1.949286e-02,2.5699,0,2,160,1776,73,70
241,1919,2160,0.111574,0.92,7.035539e-01,1.885389e-02,2.5572,0,2,109,1775,73,70
242,1918,2160,0.112037,0.92,7.018496e-01,2.130069e-02,2.5731,0,2,3,1774,73,70
243,1917,2160,0.1125,0.92,7.010516e-01,2.329658e-02,2.5645,0,2,120,1773,73,70
244,1916,2160,0.112963,0.92,6.996624e-01,2.202118e-02,2.565,0,2,24,1772,73,70
245,1915,2160,0.113426,0.92,6.991369e-01,2.571405e-02,2.5616,0,2,100,1771,73,70
246,1914,2160,0.113889,0.92,6.988033e-01,2.659832e-02,2.5854,0,2,39,1770,73,70
247,1913,2160,0.114352,0.92,6.981455e-01,3.220486e-02,2.6116,0,2,132,1769,73,70
248,1912,2160,0.114815,0.92,6.973163e-01,3.185243e-02,2.5667,0,2,137,1768,73,70
249,1911,2160,0.115278,0.92,6.964344e-01,4.001896e-02,2.5603,0,2,9,1767,73,70
250,1910,2160,0.115741,0.92,6.942627e-01,3.960968e-02,2.589,0,2,113,1766,73,70
251,1909,2160,0.116204,0.92,6.945917e-01,4.721880e-02,2.5581,0,2,184,1765,73,70
252,1908,2160,0.116667,0.92,6.897197e-01,5.406910e-02,2.5578,0,2,26,1764,73,70
253,1907,2160,0.11713,0.92,6.881071e-01,1.967392e-03,2.5679,0,9,104,1763,73,70
254,1906,2160,0.117593,0.92,6.908074e-01,6.664687e-02,2.6226,0,2,101,1762,73,70
255,1905,2160,0.118056,0.92,6.901349e-01,7.553155e-02,2.5638,0,2,41,1761,73,70
256,1904,2160,0.118519,0.92,6.874931e-01,7.386302e-04,2.5945,0,8,41,1760,73,70
257,1903,2160,0.118981,0.92,6.899868e-01,9.222826e-04,2.606,0,6,44,1759,73,70
258,1902,2160,0.119444,0.92,6.925615e-01,1.174948e-01,2.6507,0,2,12,1758,73,70
259,1901,2160,0.119907,0.92,6.898662e-01,1.375899e-01,2.5632,0,2,117,1757,73,70
260,1900,2160,0.12037,0.92,6.886853e-01,1.167191e-01,2.6117,1,2,2,1757,72,70
261,1899,2160,0.120833,0.92,6.883620e-01,4.889746e-02,2.5556,1,8,2,1757,71,70
262,1898,2160,0.121296,0.92,6.906487e-01,1.210997e-01,2.5813,0,2,89,1756,71,70
263,1897,2160,0.121759,0.92,6.880153e-01,1.055769e-03,2.5717,0,7,58,1755,71,70
264,1896,2160,0.122222,0.92,6.920244e-01,1.567135e-01,2.5854,0,2,127,1754,71,70
265,1895,2160,0.122685,0.92,6.858035e-01,2.763852e-03,2.5721,0,7,150,1753,71,70
266,1894,2160,0.123148,0.92,6.915115e-01,1.459244e-02,2.6046,0,3,147,1752,71,70
267,1893,2160,0.123611,0.92,7.045352e-01,2.220774e-02,2.5809,0,1,76,1751,71,70
268,1892,2160,0.124074,0.92,7.084926e-01,6.165545e-03,2.5578,0,1,165,1750,71,70
269,1891,2160,0.124537,0.92,7.180368e-01,2.188202e-01,2.5725,0,2,112,1749,71,70
270,1890,2160,0.125,0.92,7.138996e-01,2.302038e-01,2.6008,0,2,195,1748,71,70
271,1889,2160,0.125463,0.92,7.109406e-01,9.253280e-03,2.562,0,3,194,1747,71,70
272,1888,2160,0.125926,0.92,7.009122e-01,2.933327e-03,2.5654,0,9,19,1746,71,70
273,1887,2160,0.126389,0.92,7.076206e-01,2.049924e-03,2.6092,0,8,181,1745,71,70
274,1886,2160,0.126852,0.92,7.151307e-01,4.763034e-03,2.5905,0,8,165,1744,71,70
275,1885,2160,0.127315,0.92,7.362130e-01,6.756624e-03,2.6189,0,0,52,1743,71,70
276,1884,2160,0.127778,0.92,7.519088e-01,2.278159e-03,2.5892,0,0,77,1742,71,70
277,1883,2160,0.128241,0.92,7.719053e-01,1.611502e-02,2.5924,0,5,148,1741,71,70
278,1882,2160,0.128704,0.92,8.190331e-01,2.732629e-02,2.5909,0,5,111,1740,71,70
279,1881,2160,0.129167,0.92,9.537285e-01,3.726615e-01,2.5973,0,2,90,1739,71,70
280,1880,2160,0.12963,0.92,9.561089e-01,5.173600e-02,2.575,2,7,3,1739,71,69
281,1879,2160,0.130093,0.92,4.741464e+00,1.091128e-02,2.5724,0,4,76,1738,71,69
282,1878,2160,0.130556,0.92,4.750142e+00,1.906871e-02,2.597,1,3,6,1738,70,69
283,1877,2160,0.131019,0.92,4.786121e+00,3.215359e-02,2.5586,1,4,5,1738,69,69
284,1876,2160,0.131481,0.92,5.032997e+00,1.013655e-02,2.5863,2,3,6,1738,69,68
285,1875,2160,0.131944,0.92,4.998780e+00,6.340024e-04,2.5937,0,7,173,1737,69,68
286,1874,2160,0.132407,0.92,5.022807e+00,9.888063e-03,2.5699,0,4,15,1736,69,68
287,1873,2160,0.13287,0.92,5.042615e+00,5.893742e-03,2.5801,0,1,25,1735,69,68
288,1872,2160,0.133333,0.92,5.045100e+00,2.007846e-03,2.5722,0,8,30,1734,69,68
289,1871,2160,0.133796,0.92,5.079925e+00,2.260315e-02,2.5906,0,0,101,1733,69,68
290,1870,2160,0.134259,0.92,5.214811e+00,1.188003e-02,2.6039,0,1,134,1732,69,68
291,1869,2160,0.134722,0.92,5.331223e+00,4.663011e-03,2.5681,0,3,187,1731,69,68
292,1868,2160,0.135185,0.92,5.291501e+00,1.561512e-03,2.5823,0,3,169,1730,69,68
293,1867,2160,0.135648,0.92,5.287875e+00,2.970494e-03,2.5793,0,0,15,1729,69,68
294,1866,2160,0.136111,0.92,5.321363e+00,3.378246e-03,2.608,0,5,24,1728,69,68
295,1865,2160,0.136574,0.92,5.329399e+00,6.946824e-04,2.5815,0,9,99,1727,69,68
296,1864,2160,0.137037,0.92,5.366554e+00,4.999512e-04,2.5594,0,9,183,1726,69,68
297,1863,2160,0.1375,0.92,5.401895e+00,4.479170e-04,2.5733,0,6,25,1725,69,68
298,1862,2160,0.137963,0.92,5.443267e+00,9.308574e-04,2.5813,0,8,84,1724,69,68
299,1861,2160,0.138426,0.92,5.493669e+00,5.784063e-04,2.5888,0,9,157,1723,69,68
300,1860,2160,0.138889,0.92,5.541826e+00,3.478436e-03,2.5896,0,4,19,1722,69,68
301,1859,2160,0.139352,0.92,5.636593e+00,4.278318e-03,2.5728,0,3,2,1721,69,68
302,1858,2160,0.139815,0.92,5.758136e+00,1.052322e-02,2.5813,0,3,7,1720,69,68
303,1857,2160,0.140278,0.92,5.849387e+00,1.628372e-03,2.5712,0,8,119,1719,69,68
304,1856,2160,0.140741,0.92,5.911245e+00,1.207622e-03,2.5989,0,8,59,1718,69,68
305,1855,2160,0.141204,0.92,5.980164e+00,1.410297e-03,2.5652,0,0,34,1717,69,68
306,1854,2160,0.141667,0.92,6.050057e+00,1.248666e-03,2.6034,0,8,97,1716,69,68
307,1853,2160,0.14213,0.92,6.132900e+00,9.645619e-04,2.5701,0,9,13,1715,69,68
308,1852,2160,0.142593,0.92,6.212168e+00,1.168814e-03,2.5745,0,9,143,1714,69,68
309,1851,2160,0.143056,0.92,6.294425e+00,1.127099e-03,2.566,0,9,150,1713,69,68
310,1850,2160,0.143519,0.92,6.386250e+00,9.695842e-04,2.5845,0,6,32,1712,69,68
311,1849,2160,0.143981,0.92,6.478371e+00,6.622414e-03,2.6041,0,8,148,1711,69,68
312,1848,2160,0.144444,0.921,6.604409e+00,6.736879e-04,2.5712,0,6,47,1710,69,68
313,1847,2160,0.144907,0.921,6.712314e+00,1.178420e-03,2.5911,0,8,191,1709,69,68
314,1846,2160,0.14537,0.921,6.834520e+00,3.726125e-03,2.5786,0,9,107,1708,69,68
315,1845,2160,0.145833,0.92,6.953603e+00,1.242701e-02,2.5595,0,1,184,1707,69,68
316,1844,2160,0.146296,0.92,7.140983e+00,6.383734e-03,2.5734,0,1,83,1706,69,68
317,1843,2160,0.146759,0.92,7.238524e+00,1.743151e-02,2.6022,0,1,100,1705,69,68
318,1842,2160,0.147222,0.92,7.362381e+00,5.964732e-02,2.6194,1,1,0,1705,68,68
319,1841,2160,0.147685,0.92,8.613070e+00,6.484295e-02,2.5745,1,7,3,1705,67,68
320,1840,2160,0.148148,0.92,1.096081e+01,2.895322e-02,2.5889,0,3,72,1704,67,68
321,1839,2160,0.148611,0.92,1.116207e+01,5.426149e-03,2.5841,0,5,14,1703,67,68
322,1838,2160,0.149074,0.92,1.130224e+01,9.491946e-03,2.6306,0,4,119,1702,67,68
323,1837,2160,0.149537,0.92,1.140729e+01,1.063239e-02,2.6257,0,1,169,1701,67,68
324,1836,2160,0.15,0.92,1.151906e+01,2.983260e-03,2.5669,0,0,73,1700,67,68
325,1835,2160,0.150463,0.92,1.167982e+01,3.360513e-03,2.5676,0,4,26,1699,67,68
326,1834,2160,0.150926,0.92,1.189515e+01,1.292191e-03,2.5974,0,7,14,1698,67,68
327,1833,2160,0.151389,0.92,1.205865e+01,2.566927e-03,2.5687,0,8,6,1697,67,68
328,1832,2160,0.151852,0.92,1.221388e+01,1.077540e-03,2.5796,0,6,159,1696,67,68
329,1831,2160,0.152315,0.92,1.239848e+01,1.960522e-03,2.5705,0,7,148,1695,67,68
330,1830,2160,0.152778,0.92,1.261121e+01,1.436188e-03,2.5854,0,7,18,1694,67,68
331,1829,2160,0.153241,0.92,1.282170e+01,2.348796e-03,2.6034,0,8,149,1693,67,68
332,1828,2160,0.153704,0.92,1.304082e+01,1.505751e-03,2.5648,0,6,70,1692,67,68
333,1827,2160,0.154167,0.92,1.328296e+01,8.004463e-03,2.5674,0,3,84,1691,67,68
334,1826,2160,0.15463,0.92,1.359802e+01,3.463602e-03,2.6044,0,8,133,1690,67,68
335,1825,2160,0.155093,0.92,1.387078e+01,2.082841e-03,2.5562,0,7,127,1689,67,68
336,1824,2160,0.155556,0.92,1.417019e+01,5.027858e-03,2.6,0,0,75,1688,67,68
337,1823,2160,0.156019,0.92,1.450787e+01,4.431994e-03,2.5765,0,8,140,1687,67,68
338,1822,2160,0.156481,0.92,1.485338e+01,4.131569e-03,2.6063,0,8,43,1686,67,68
339,1821,2160,0.156944,0.92,1.518019e+01,1.617609e-03,2.5703,0,0,43,1685,67,68
340,1820,2160,0.157407,0.92,1.532013e+01,2.962503e-03,2.5975,0,8,10,1684,67,68
341,1819,2160,0.15787,0.92,1.564768e+01,2.439562e-03,2.5638,0,7,125,1683,67,68
342,1818,2160,0.158333,0.92,1.599991e+01,5.304194e-03,2.5705,0,4,25,1682,67,68
343,1817,2160,0.158796,0.92,1.645653e+01,1.511836e-03,2.5977,0,6,183,1681,67,68
344,1816,2160,0.159259,0.92,1.683768e+01,6.350092e-03,2.5697,0,1,113,1680,67,68
345,1815,2160,0.159722,0.92,1.720058e+01,2.560901e-03,2.5789,0,7,139,1679,67,68
346,1814,2160,0.160185,0.92,1.761146e+01,1.352333e-02,2.5667,0,6,169,1678,67,68
347,1813,2160,0.160648,0.92,1.818248e+01,1.086723e-02,2.5754,0,1,36,1677,67,68
348,1812,2160,0.161111,0.92,1.859418e+01,1.058078e-02,2.5556,0,1,158,1676,67,68
349,1811,2160,0.161574,0.92,1.903597e+01,1.358203e-02,2.5711,1,4,9,1676,66,68
350,1810,2160,0.162037,0.92,1.904946e+01,2.791591e-02,2.5713,0,3,1,1675,66,68
351,1809,2160,0.1625,0.92,1.983172e+01,7.693752e-03,2.6095,0,9,65,1674,66,68
352,1808,2160,0.162963,0.92,2.026117e+01,3.328964e-03,2.5746,0,6,111,1673,66,68
353,1807,2160,0.163426,0.92,2.070776e+01,6.878916e-03,2.5657,0,1,17,1672,66,68
354,1806,2160,0.163889,0.92,2.107081e+01,5.657367e-03,2.595,0,9,139,1671,66,68
355,1805,2160,0.164352,0.92,2.159824e+01,4.006478e-03,2.6297,0,9,78,1670,66,68
356,1804,2160,0.164815,0.92,2.211261e+01,6.261921e-03,2.5748,0,7,83,1669,66,68
357,1803,2160,0.165278,0.92,2.264027e+01,4.975874e-03,2.5611,0,0,180,1668,66,68
358,1802,2160,0.165741,0.92,2.322921e+01,3.705424e-03,2.5698,0,9,176,1667,66,68
359,1801,2160,0.166204,0.92,2.378147e+01,1.660169e-02,2.5585,0,3,145,1666,66,68
360,1800,2160,0.166667,0.92,2.460227e+01,1.103108e-02,2.5733,0,5,182,1665,66,68
361,1799,2160,0.16713,0.92,2.519021e+01,8.285076e-02,2.5656,2,6,8,1665,66,67
362,1798,2160,0.167593,0.919,3.294658e+01,2.591137e-02,2.595,0,1,0,1664,66,67
363,1797,2160,0.168056,0.919,3.340616e+01,3.154145e-02,2.575,0,3,45,1663,66,67
364,1796,2160,0.168519,0.92,3.449923e+01,5.780050e-02,2.5961,0,1,91,1662,66,67
365,1795,2160,0.168981,0.918,3.477583e+01,1.789529e-02,2.5711,0,4,35,1661,66,67
366,1794,2160,0.169444,0.918,3.537912e+01,3.997738e-02,2.5675,0,4,31,1660,66,67
367,1793,2160,0.169907,0.918,3.550664e+01,2.209839e-02,2.579,0,4,18,1659,66,67
368,1792,2160,0.17037,0.918,3.606018e+01,4.205515e-02,2.5818,1,8,7,1659,65,67
369,1791,2160,0.170833,0.921,3.693694e+01,2.864143e-03,2.5659,0,1,16,1658,65,67
370,1790,2160,0.171296,0.921,3.742143e+01,8.818763e-02,2.5632,1,6,8,1658,64,67
371,1789,2160,0.171759,0.92,6.054613e+01,3.935546e-03,2.5933,0,0,195,1657,64,67
372,1788,2160,0.172222,0.92,6.124216e+01,1.660656e-02,2.5582,0,7,99,1656,64,67
373,1787,2160,0.172685,0.92,6.146766e+01,3.575926e-03,2.5543,0,7,114,1655,64,67
374,1786,2160,0.173148,0.92,6.212058e+01,3.435591e-03,2.5661,0,8,40,1654,64,67
375,1785,2160,0.173611,0.92,6.284652e+01,6.601764e-03,2.5747,0,9,127,1653,64,67
376,1784,2160,0.174074,0.92,6.358988e+01,7.737915e-03,2.6372,0,1,166,1652,64,67
377,1783,2160,0.174537,0.92,6.435660e+01,5.204579e-03,2.5755,0,1,12,1651,64,67
378,1782,2160,0.175,0.92,6.517471e+01,3.350172e-03,2.6289,0,7,171,1650,64,67
379,1781,2160,0.175463,0.92,6.601885e+01,1.393021e-02,2.6649,0,4,97,1649,64,67
380,1780,2160,0.175926,0.92,6.688115e+01,7.193257e-03,2.5654,0,4,71,1648,64,67
381,1779,2160,0.176389,0.92,6.752941e+01,1.112927e-02,2.607,0,3,191,1647,64,67
382,1778,2160,0.176852,0.92,6.837588e+01,1.420591e-02,2.6064,0,5,60,1646,64,67
383,1777,2160,0.177315,0.92,6.952798e+01,8.130239e-03,2.5643,0,5,8,1645,64,67
384,1776,2160,0.177778,0.92,7.043531e+01,7.353957e-02,2.5609,0,5,132,1644,64,67
385,1775,2160,0.178241,0.92,7.578409e+01,5.660462e-03,2.566,0,6,127,1643,64,67
386,1774,2160,0.178704,0.92,7.650099e+01,7.356781e-03,2.5658,0,0,124,1642,64,67
387,1773,2160,0.179167,0.92,7.702127e+01,5.793263e-03,2.5935,0,9,194,1641,64,67
388,1772,2160,0.17963,0.92,7.787198e+01,6.676098e-03,2.5656,0,9,82,1640,64,67
389,1771,2160,0.180093,0.92,7.846916e+01,8.207307e-03,2.5598,0,1,126,1639,64,67
390,1770,2160,0.180556,0.92,7.919681e+01,4.059963e-03,2.566,0,8,137,1638,64,67
391,1769,2160,0.181019,0.92,7.970033e+01,1.524478e-02,2.5825,0,7,17,1637,64,67
392,1768,2160,0.181481,0.92,8.059812e+01,3.087960e-02,2.5689,0,0,130,1636,64,67
393,1767,2160,0.181944,0.918,8.355230e+01,1.301284e-01,2.6142,1,9,9,1636,63,67
394,1766,2160,0.182407,0.915,1.415090e+02,1.635790e-02,2.5625,0,5,85,1635,63,67
395,1765,2160,0.18287,0.915,1.417315e+02,1.028390e-02,2.6053,0,5,180,1634,63,67
396,1764,2160,0.183333,0.914,1.423541e+02,5.430527e-02,2.5688,2,3,3,1634,63,66
397,1763,2160,0.183796,0.916,1.446730e+02,2.272610e-02,2.5854,1,3,9,1634,62,66
398,1762,2160,0.184259,0.916,1.435348e+02,5.078004e-02,2.5582,0,0,182,1633,62,66
399,1761,2160,0.184722,0.914,1.491078e+02,6.262956e-02,2.5851,1,8,1,1633,61,66
400,1760,2160,0.185185,0.915,1.487936e+02,3.969027e-02,2.5818,0,5,179,1632,61,66
401,1759,2160,0.185648,0.912,1.501367e+02,5.064469e-03,2.578,0,4,12,1631,61,66
402,1758,2160,0.186111,0.912,1.518264e+02,1.072567e-02,2.5601,0,5,175,1630,61,66
403,1757,2160,0.186574,0.912,1.552335e+02,1.330383e-02,2.5747,0,5,80,1629,61,66
404,1756,2160,0.187037,0.912,1.578924e+02,4.494091e-03,2.5734,0,1,127,1628,61,66
405,1755,2160,0.1875,0.912,1.592367e+02,4.788951e-03,2.5937,0,1,28,1627,61,66
406,1754,2160,0.187963,0.913,1.606074e+02,2.237138e-03,2.5989,0,7,88,1626,61,66
407,1753,2160,0.188426,0.913,1.616577e+02,5.031916e-03,2.6174,0,4,185,1625,61,66
408,1752,2160,0.188889,0.913,1.629492e+02,8.333914e-03,2.5672,0,8,118,1624,61,66
409,1751,2160,0.189352,0.913,1.650763e+02,2.078092e-03,2.5653,0,7,44,1623,61,66
410,1750,2160,0.189815,0.912,1.659654e+02,4.108789e-03,2.5952,0,0,5,1622,61,66
411,1749,2160,0.190278,0.912,1.667562e+02,4.069512e-03,2.584,0,0,112,1621,61,66
412,1748,2160,0.190741,0.912,1.679114e+02,2.114385e-03,2.6181,0,6,161,1620,61,66
413,1747,2160,0.191204,0.914,1.691822e+02,5.536796e-03,2.6168,0,3,185,1619,61,66
414,1746,2160,0.191667,0.914,1.696293e+02,4.725045e-03,2.5749,0,8,164,1618,61,66
415,1745,2160,0.19213,0.914,1.713514e+02,5.171437e-03,2.6386,0,1,29,1617,61,66
416,1744,2160,0.192593,0.915,1.720083e+02,3.647093e-03,2.6054,0,0,29,1616,61,66
417,1743,2160,0.193056,0.915,1.721859e+02,1.072641e-02,2.5831,0,1,32,1615,61,66
418,1742,2160,0.193519,0.916,1.745354e+02,1.264741e-02,2.5919,0,5,2,1614,61,66
419,1741,2160,0.193981,0.913,1.748056e+02,5.051812e-03,2.5562,0,8,138,1613,61,66
420,1740,2160,0.194444,0.913,1.763517e+02,4.082466e-03,2.5906,0,9,8,1612,61,66
421,1739,2160,0.194907,0.913,1.771913e+02,2.096848e-03,2.5679,0,6,8,1611,61,66
422,1738,2160,0.19537,0.913,1.780271e+02,2.389109e-03,2.5973,0,6,168,1610,61,66
423,1737,2160,0.195833,0.913,1.794086e+02,2.492233e-03,2.5733,0,7,152,1609,61,66
424,1736,2160,0.196296,0.913,1.804297e+02,6.752576e-03,2.5596,0,1,19,1608,61,66
425,1735,2160,0.196759,0.913,1.831565e+02,8.889621e-03,2.5662,0,1,42,1607,61,66
426,1734,2160,0.197222,0.913,1.847879e+02,2.441979e-03,2.5633,0,7,11,1606,61,66
427,1733,2160,0.197685,0.913,1.860306e+02,4.399916e-03,2.5782,0,7,147,1605,61,66
428,1732,2160,0.198148,0.913,1.868779e+02,2.069916e-03,2.5693,0,6,9,1604,61,66
429,1731,2160,0.198611,0.913,1.882316e+02,9.737977e-03,2.616,0,7,19,1603,61,66
430,1730,2160,0.199074,0.913,1.859313e+02,7.061895e-03,2.5824,0,9,129,1602,61,66
431,1729,2160,0.199537,0.913,1.873315e+02,2.897779e-03,2.5962,0,7,70,1601,61,66
432,1728,2160,0.2,0.913,1.887648e+02,6.958926e-03,2.5936,0,0,84,1600,61,66
433,1727,2160,0.200463,0.914,1.894091e+02,1.516733e-02,2.5727,0,9,10,1599,61,66
434,1726,2160,0.200926,0.915,1.910911e+02,1.442028e-02,2.5591,0,5,65,1598,61,66
435,1725,2160,0.201389,0.913,1.942832e+02,6.232255e-03,2.5765,0,9,145,1597,61,66
436,1724,2160,0.201852,0.913,1.944428e+02,1.284855e-02,2.5725,0,6,171,1596,61,66
437,1723,2160,0.202315,0.913,1.967691e+02,4.679564e-02,2.569,0,0,19,1595,61,66
438,1722,2160,0.202778,0.914,1.925850e+02,3.842973e-02,2.6003,0,3,112,1594,61,66
439,1721,2160,0.203241,0.916,1.932965e+02,8.349457e-03,2.6024,0,1,15,1593,61,66
440,1720,2160,0.203704,0.916,1.952490e+02,2.494730e-02,2.5706,0,1,53,1592,61,66
441,1719,2160,0.204167,0.916,1.953394e+02,1.048506e-02,2.5899,0,5,39,1591,61,66
442,1718,2160,0.20463,0.916,1.989421e+02,5.510725e-03,2.617,0,0,153,1590,61,66
443,1717,2160,0.205093,0.916,2.002132e+02,5.308065e-03,2.5804,0,4,11,1589,61,66
444,1716,2160,0.205556,0.915,2.026960e+02,4.827523e-03,2.5944,0,9,11,1588,61,66
445,1715,2160,0.206019,0.916,2.037154e+02,3.974742e-03,2.5782,0,5,153,1587,61,66
446,1714,2160,0.206481,0.916,2.052299e+02,2.606867e-03,2.6614,0,7,193,1586,61,66
447,1713,2160,0.206944,0.916,2.070156e+02,4.741564e-03,2.5868,0,9,192,1585,61,66
448,1712,2160,0.207407,0.916,2.086474e+02,6.229935e-03,2.5665,0,0,71,1584,61,66
449,1711,2160,0.20787,0.916,2.106338e+02,1.304153e-02,2.5712,0,3,14,1583,61,66
450,1710,2160,0.208333,0.916,2.114936e+02,2.570952e-03,2.5793,0,6,17,1582,61,66
451,1709,2160,0.208796,0.916,2.131603e+02,4.300960e-03,2.5712,0,9,17,1581,61,66
452,1708,2160,0.209259,0.916,2.146119e+02,4.977267e-03,2.5679,0,9,16,1580,61,66
453,1707,2160,0.209722,0.916,2.160749e+02,3.018255e-03,2.5855,0,7,22,1579,61,66
454,1706,2160,0.210185,0.916,2.176355e+02,2.906521e-03,2.574,0,7,106,1578,61,66
455,1705,2160,0.210648,0.916,2.196052e+02,4.047917e-03,2.5874,0,7,179,1577,61,66
456,1704,2160,0.211111,0.916,2.219646e+02,6.919543e-03,2.611,0,8,111,1576,61,66
457,1703,2160,0.211574,0.916,2.253917e+02,9.164561e-03,2.6047,0,5,110,1575,61,66
458,1702,2160,0.212037,0.916,2.289198e+02,4.894861e-03,2.6665,0,8,167,1574,61,66
459,1701,2160,0.2125,0.916,2.308892e+02,2.023652e-03,2.5728,0,6,167,1573,61,66
460,1700,2160,0.212963,0.916,2.316989e+02,4.570558e-03,2.564,0,9,185,1572,61,66
461,1699,2160,0.213426,0.916,2.327612e+02,1.812045e-02,2.5736,0,3,178,1571,61,66
462,1698,2160,0.213889,0.915,2.365847e+02,5.898517e-03,2.5667,0,1,99,1570,61,66
463,1697,2160,0.214352,0.915,2.383876e+02,6.099378e-03,2.5804,0,8,103,1569,61,66
464,1696,2160,0.214815,0.915,2.414309e+02,1.086559e-02,2.5971,0,4,163,1568,61,66
465,1695,2160,0.215278,0.915,2.460963e+02,4.756766e-03,2.5601,0,6,76,1567,61,66
466,1694,2160,0.215741,0.915,2.468845e+02,6.270650e-03,2.6053,0,8,186,1566,61,66
467,1693,2160,0.216204,0.914,2.492916e+02,4.831605e-03,2.5772,0,9,181,1565,61,66
468,1692,2160,0.216667,0.915,2.514066e+02,9.152091e-03,2.6198,0,1,92,1564,61,66
469,1691,2160,0.21713,0.914,2.538715e+02,4.497544e-02,2.5933,1,9,0,1564,60,66
470,1690,2160,0.217593,0.915,2.546877e+02,6.796072e-02,2.5878,1,6,6,1564,59,66
471,1689,2160,0.218056,0.917,2.705212e+02,2.391474e-01,2.5741,2,1,4,1564,59,65
472,1688,2160,0.218519,0.91,1.756847e+03,1.098007e-02,2.5828,0,4,79,1563,59,65
473,1687,2160,0.218981,0.91,1.759088e+03,1.163408e-02,2.572,2,1,3,1563,59,64
474,1686,2160,0.219444,0.91,1.753451e+03,5.029779e-03,2.6021,0,4,115,1562,59,64
475,1685,2160,0.219907,0.91,1.754852e+03,7.230958e-03,2.5735,0,3,129,1561,59,64
476,1684,2160,0.22037,0.91,1.752703e+03,1.731453e-02,2.5753,0,1,179,1560,59,64
477,1683,2160,0.220833,0.91,1.760942e+03,1.401505e-02,2.5752,0,0,174,1559,59,64
478,1682,2160,0.221296,0.909,1.765856e+03,2.184531e-02,2.5776,0,1,109,1558,59,64
479,1681,2160,0.221759,0.906,1.776937e+03,9.333122e-03,2.5749,0,3,79,1557,59,64
480,1680,2160,0.222222,0.907,1.789581e+03,2.233360e-02,2.5663,0,1,75,1556,59,64
481,1679,2160,0.222685,0.907,1.787679e+03,6.102279e-03,2.5713,0,0,152,1555,59,64
482,1678,2160,0.223148,0.907,1.790409e+03,4.526474e-02,2.595,2,8,2,1555,59,63
483,1677,2160,0.223611,0.907,1.808495e+03,2.043162e-02,2.5624,0,3,120,1554,59,63
484,1676,2160,0.224074,0.907,1.820063e+03,9.769027e-03,2.5929,0,4,108,1553,59,63
485,1675,2160,0.224537,0.907,1.817616e+03,9.906050e-03,2.5631,0,9,15,1552,59,63
486,1674,2160,0.225,0.907,1.818979e+03,5.160444e-03,2.5868,0,8,168,1551,59,63
487,1673,2160,0.225463,0.907,1.819912e+03,8.184130e-03,2.5685,0,7,86,1550,59,63
488,1672,2160,0.225926,0.907,1.824107e+03,1.489780e-02,2.5715,0,3,140,1549,59,63
489,1671,2160,0.226389,0.907,1.822004e+03,1.982629e-02,2.5977,1,3,4,1549,58,63
490,1670,2160,0.226852,0.906,1.819621e+03,2.907277e-03,2.5929,0,7,140,1548,58,63
491,1669,2160,0.227315,0.907,1.819837e+03,8.808704e-03,2.5653,0,8,184,1547,58,63
492,1668,2160,0.227778,0.907,1.813101e+03,3.183258e-03,2.5757,0,9,25,1546,58,63
493,1667,2160,0.228241,0.906,1.817282e+03,1.726252e-02,2.6148,0,1,44,1545,58,63
494,1666,2160,0.228704,0.906,1.812170e+03,1.831811e-02,2.5853,0,3,89,1544,58,63
495,1665,2160,0.229167,0.906,1.822904e+03,4.251686e-03,2.5865,0,9,158,1543,58,63
496,1664,2160,0.22963,0.905,1.827769e+03,3.968938e-03,2.5731,0,9,167,1542,58,63
497,1663,2160,0.230093,0.905,1.831156e+03,7.937051e-03,2.5559,0,0,59,1541,58,63
498,1662,2160,0.230556,0.907,1.825659e+03,1.983228e-02,2.5839,0,0,44,1540,58,63
499,1661,2160,0.231019,0.906,1.829429e+03,7.354961e-03,2.5761,0,0,93,1539,58,63
500,1660,2160,0.231481,0.905,1.832121e+03,2.471277e-02,2.5688,0,1,123,1538,58,63
501,1659,2160,0.231944,0.907,1.819742e+03,2.177428e-02,2.5603,0,5,192,1537,58,63
502,1658,2160,0.232407,0.907,1.823707e+03,6.056771e-03,2.5822,0,4,126,1536,58,63
503,1657,2160,0.23287,0.907,1.830244e+03,1.581296e-02,2.5939,0,8,183,1535,58,63
504,1656,2160,0.233333,0.907,1.827068e+03,3.410625e-02,2.5725,0,5,41,1534,58,63
505,1655,2160,0.233796,0.906,1.843867e+03,3.480613e-02,2.5764,0,1,74,1533,58,63
506,1654,2160,0.234259,0.905,1.869839e+03,7.026416e-03,2.6141,0,1,154,1532,58,63
507,1653,2160,0.234722,0.905,1.877343e+03,1.138384e-02,2.5623,0,1,143,1531,58,63
508,1652,2160,0.235185,0.905,1.892488e+03,1.888618e-02,2.5611,0,0,150,1530,58,63
509,1651,2160,0.235648,0.905,1.912896e+03,1.829190e-02,2.5799,0,1,94,1529,58,63
510,1650,2160,0.236111,0.905,1.932052e+03,2.266407e-02,2.5648,0,1,116,1528,58,63
511,1649,2160,0.236574,0.904,1.949562e+03,7.638970e-02,2.5669,0,4,120,1527,58,63
512,1648,2160,0.237037,0.903,2.012778e+03,4.436658e-03,2.573,0,1,117,1526,58,63
513,1647,2160,0.2375,0.903,2.022921e+03,8.533984e-03,2.5888,0,1,26,1525,58,63
514,1646,2160,0.237963,0.902,2.037104e+03,7.783090e-03,2.5646,0,1,70,1524,58,63
515,1645,2160,0.238426,0.903,2.052638e+03,5.724233e-03,2.5698,0,1,157,1523,58,63
516,1644,2160,0.238889,0.903,2.064473e+03,7.585775e-03,2.559,0,4,72,1522,58,63
517,1643,2160,0.239352,0.903,2.083579e+03,1.804415e-02,2.5711,0,1,162,1521,58,63
518,1642,2160,0.239815,0.902,2.122659e+03,5.422954e-03,2.5717,0,0,194,1520,58,63
519,1641,2160,0.240278,0.903,2.128517e+03,4.306695e-03,2.5885,0,6,96,1519,58,63
520,1640,2160,0.240741,0.903,2.140751e+03,4.060458e-02,2.5618,1,8,4,1519,57,63
521,1639,2160,0.241204,0.899,2.245612e+03,2.754764e-02,2.6244,0,0,58,1518,57,63
522,1638,2160,0.241667,0.902,2.213746e+03,2.717239e-03,2.5675,0,6,71,1517,57,63
523,1637,2160,0.24213,0.902,2.221202e+03,4.062477e-02,2.5873,0,1,141,1516,57,63
524,1636,2160,0.242593,0.906,2.188559e+03,3.104008e-02,2.5618,1,3,7,1516,56,63
525,1635,2160,0.243056,0.907,2.164289e+03,5.339117e-03,2.578,0,8,194,1515,56,63
526,1634,2160,0.243519,0.909,2.167097e+03,6.259938e-03,2.5629,0,1,27,1514,56,63
527,1633,2160,0.243981,0.909,2.167975e+03,7.356963e-03,2.6307,0,5,13,1513,56,63
528,1632,2160,0.244444,0.91,2.177071e+03,2.059327e-03,2.5746,0,0,13,1512,56,63
529,1631,2160,0.244907,0.91,2.175360e+03,2.153880e-02,2.5711,0,1,77,1511,56,63
530,1630,2160,0.24537,0.91,2.190403e+03,1.021825e-02,2.5615,0,3,121,1510,56,63
531,1629,2160,0.245833,0.909,2.189201e+03,2.878424e-03,2.5703,0,6,181,1509,56,63
532,1628,2160,0.246296,0.909,2.193427e+03,6.533873e-03,2.5692,0,1,9,1508,56,63
533,1627,2160,0.246759,0.909,2.199710e+03,1.794009e-03,2.5732,0,0,9,1507,56,63
534,1626,2160,0.247222,0.907,2.199339e+03,1.253166e-03,2.6143,0,3,9,1506,56,63
535,1625,2160,0.247685,0.907,2.197028e+03,3.258098e-03,2.5665,0,4,9,1505,56,63
536,1624,2160,0.248148,0.908,2.204632e+03,2.535913e-03,2.5884,0,7,9,1504,56,63
537,1623,2160,0.248611,0.907,2.208995e+03,7.907297e-03,2.5736,0,1,111,1503,56,63
538,1622,2160,0.249074,0.907,2.220109e+03,7.021633e-03,2.5845,0,1,11,1502,56,63
539,1621,2160,0.249537,0.907,2.223322e+03,3.575602e-03,2.6056,0,7,69,1501,56,63
540,1620,2160,0.25,0.907,2.225375e+03,1.054066e-02,2.5631,0,1,97,1500,56,63
541,1619,2160,0.250463,0.908,2.222518e+03,4.304995e-03,2.6279,0,0,27,1499,56,63
542,1618,2160,0.250926,0.908,2.226134e+03,3.876389e-03,2.5957,0,4,27,1498,56,63
543,1617,2160,0.251389,0.908,2.227476e+03,3.920715e-03,2.5749,0,7,154,1497,56,63
544,1616,2160,0.251852,0.908,2.230403e+03,5.084412e-03,2.5529,0,9,188,1496,56,63
545,1615,2160,0.252315,0.908,2.232604e+03,4.100320e-03,2.5688,0,7,34,1495,56,63
546,1614,2160,0.252778,0.907,2.237698e+03,1.145158e-02,2.569,0,4,186,1494,56,63
547,1613,2160,0.253241,0.907,2.242964e+03,4.318203e-03,2.5723,0,9,40,1493,56,63
548,1612,2160,0.253704,0.907,2.248218e+03,7.957470e-03,2.5648,0,0,22,1492,56,63
549,1611,2160,0.254167,0.908,2.253119e+03,3.833280e-03,2.5777,0,7,124,1491,56,63
550,1610,2160,0.25463,0.908,2.256699e+03,1.387563e-02,2.5632,0,4,187,1490,56,63
551,1609,2160,0.255093,0.907,2.262144e+03,4.483381e-03,2.5614,0,9,28,1489,56,63
552,1608,2160,0.255556,0.907,2.267279e+03,6.450737e-03,2.589,0,0,168,1488,56,63
553,1607,2160,0.256019,0.907,2.273011e+03,3.886598e-03,2.5757,0,7,180,1487,56,63
554,1606,2160,0.256481,0.906,2.278345e+03,1.188331e-02,2.6411,0,1,23,1486,56,63
555,1605,2160,0.256944,0.907,2.293376e+03,4.531717e-03,2.6136,0,3,5,1485,56,63
556,1604,2160,0.257407,0.906,2.298339e+03,9.031756e-03,2.586,0,0,132,1484,56,63
557,1603,2160,0.25787,0.906,2.313587e+03,4.656268e-03,2.5591,0,8,195,1483,56,63
558,1602,2160,0.258333,0.906,2.319345e+03,2.648297e-03,2.5649,0,7,195,1482,56,63
559,1601,2160,0.258796,0.906,2.319565e+03,7.784899e-03,2.6004,0,8,48,1481,56,63
560,1600,2160,0.259259,0.906,2.324193e+03,4.099425e-03,2.5929,0,7,192,1480,56,63
561,1599,2160,0.259722,0.906,2.330006e+03,6.388208e-03,2.5616,0,6,45,1479,56,63
562,1598,2160,0.260185,0.906,2.334415e+03,4.226917e-03,2.5921,0,7,128,1478,56,63
563,1597,2160,0.260648,0.906,2.333951e+03,7.821063e-03,2.5649,0,7,115,1477,56,63
564,1596,2160,0.261111,0.908,2.348501e+03,1.119366e-02,2.5843,0,3,57,1476,56,63
565,1595,2160,0.261574,0.907,2.342417e+03,7.605827e-03,2.5971,0,4,57,1475,56,63
566,1594,2160,0.262037,0.907,2.355747e+03,5.374983e-03,2.5893,0,6,31,1474,56,63
567,1593,2160,0.2625,0.907,2.371093e+03,3.045211e-02,2.5702,1,2,6,1474,55,63
568,1592,2160,0.262963,0.903,2.384815e+03,4.665176e-03,2.5836,0,9,93,1473,55,63
569,1591,2160,0.263426,0.902,2.388326e+03,1.814234e-02,2.5773,0,0,137,1472,55,63
570,1590,2160,0.263889,0.902,2.396866e+03,5.390573e-03,2.5862,0,9,141,1471,55,63
571,1589,2160,0.264352,0.902,2.399123e+03,6.695581e-03,2.5637,0,9,148,1470,55,63
572,1588,2160,0.264815,0.902,2.402320e+03,1.121280e-02,2.5888,0,1,130,1469,55,63
573,1587,2160,0.265278,0.902,2.422356e+03,6.302363e-03,2.5681,0,0,17,1468,55,63
574,1586,2160,0.265741,0.901,2.429230e+03,1.072306e-02,2.6224,0,1,31,1467,55,63
575,1585,2160,0.266204,0.901,2.446807e+03,9.881823e-03,2.5716,0,1,98,1466,55,63
576,1584,2160,0.266667,0.9,2.460189e+03,1.703955e-02,2.6235,0,1,172,1465,55,63
577,1583,2160,0.26713,0.9,2.499974e+03,1.900871e-02,2.5931,0,4,177,1464,55,63
578,1582,2160,0.267593,0.9,2.506272e+03,4.976241e-02,2.5973,1,3,8,1464,54,63
579,1581,2160,0.268056,0.9,2.536574e+03,1.543644e-02,2.5718,0,5,100,1463,54,63
580,1580,2160,0.268519,0.902,2.578541e+03,2.762442e-02,2.5674,0,4,34,1462,54,63
581,1579,2160,0.268981,0.901,2.590923e+03,2.405291e-02,2.5717,0,0,35,1461,54,63
582,1578,2160,0.269444,0.902,2.619103e+03,8.841688e-03,2.5934,0,1,193,1460,54,63
583,1577,2160,0.269907,0.902,2.623143e+03,1.061180e-02,2.5849,0,9,66,1459,54,63
584,1576,2160,0.27037,0.901,2.627103e+03,1.498474e-02,2.5974,0,3,69,1458,54,63
585,1575,2160,0.270833,0.901,2.632364e+03,5.307397e-03,2.5736,0,9,36,1457,54,63
586,1574,2160,0.271296,0.901,2.636561e+03,1.279324e-02,2.5979,0,0,18,1456,54,63
587,1573,2160,0.271759,0.901,2.646238e+03,1.352922e-02,2.5807,0,3,60,1455,54,63
588,1572,2160,0.272222,0.902,2.660631e+03,4.505502e-03,2.5845,0,7,6,1454,54,63
589,1571,2160,0.272685,0.902,2.664966e+03,7.685613e-03,2.5662,0,0,185,1453,54,63
590,1570,2160,0.273148,0.901,2.670625e+03,2.244382e-02,2.5914,0,0,155,1452,54,63
591,1569,2160,0.273611,0.902,2.678565e+03,1.507752e-02,2.603,0,1,7,1451,54,63
592,1568,2160,0.274074,0.902,2.692869e+03,1.314762e-02,2.6181,0,0,183,1450,54,63
593,1567,2160,0.274537,0.902,2.701069e+03,2.770827e-02,2.5717,0,3,3,1449,54,63
594,1566,2160,0.275,0.903,2.713504e+03,1.179899e-01,2.5833,1,1,9,1449,53,63
595,1565,2160,0.275463,0.899,2.697725e+03,1.486468e-01,2.5578,1,3,1,1449,52,63
596,1564,2160,0.275926,0.856,2.855244e+03,5.938897e-02,2.5854,0,0,170,1448,52,63
597,1563,2160,0.276389,0.868,2.867417e+03,2.705453e-02,2.56,0,4,170,1447,52,63
598,1562,2160,0.276852,0.875,2.854895e+03,1.937635e-02,2.562,0,4,189,1446,52,63
599,1561,2160,0.277315,0.875,2.858634e+03,2.910635e-02,2.5646,2,5,9,1446,52,62
600,1560,2160,0.277778,0.877,2.865997e+03,1.356946e-02,2.5866,0,7,31,1445,52,62
601,1559,2160,0.278241,0.878,2.850648e+03,1.237596e-02,2.5596,0,3,182,1444,52,62
602,1558,2160,0.278704,0.879,2.828123e+03,1.256159e-02,2.5941,0,0,45,1443,52,62
603,1557,2160,0.279167,0.877,2.836613e+03,1.339141e-02,2.5884,0,1,4,1442,52,62
604,1556,2160,0.27963,0.876,2.858318e+03,9.207125e-03,2.5762,0,5,4,1441,52,62
605,1555,2160,0.280093,0.876,2.853303e+03,8.302230e-03,2.5627,0,9,168,1440,52,62
606,1554,2160,0.280556,0.878,2.855349e+03,2.807579e-02,2.5929,0,1,167,1439,52,62
607,1553,2160,0.281019,0.878,2.886662e+03,1.446497e-02,2.5691,0,6,33,1438,52,62
608,1552,2160,0.281481,0.878,2.879133e+03,8.986022e-03,2.5941,0,7,84,1437,52,62
609,1551,2160,0.281944,0.879,2.893824e+03,5.835256e-02,2.555,0,4,193,1436,52,62
610,1550,2160,0.282407,0.88,2.862278e+03,2.657348e-02,2.6188,0,1,95,1435,52,62
611,1549,2160,0.28287,0.876,2.910608e+03,1.915008e-02,2.6257,0,1,10,1434,52,62
612,1548,2160,0.283333,0.877,2.938237e+03,1.380959e-02,2.5595,0,3,61,1433,52,62
613,1547,2160,0.283796,0.875,2.967999e+03,1.400932e-02,2.5615,0,7,194,1432,52,62
614,1546,2160,0.284259,0.875,2.990759e+03,1.526499e-02,2.567,0,1,30,1431,52,62
615,1545,2160,0.284722,0.874,3.021018e+03,2.153510e-02,2.5557,0,8,152,1430,52,62
616,1544,2160,0.285185,0.875,3.058752e+03,1.768798e-02,2.5653,0,4,16,1429,52,62
617,1543,2160,0.285648,0.875,3.094975e+03,2.042907e-02,2.5668,0,4,20,1428,52,62
618,1542,2160,0.286111,0.868,3.136223e+03,1.708748e-02,2.5702,0,7,4,1427,52,62
619,1541,2160,0.286574,0.869,3.164345e+03,3.374442e-02,2.575,0,4,92,1426,52,62
620,1540,2160,0.287037,0.867,3.261381e+03,1.180440e-02,2.5924,0,8,50,1425,52,62
621,1539,2160,0.2875,0.867,3.290286e+03,2.117583e-02,2.5652,0,4,13,1424,52,62
622,1538,2160,0.287963,0.869,3.347299e+03,3.902366e-02,2.5604,0,5,47,1423,52,62
623,1537,2160,0.288426,0.869,3.446467e+03,1.056124e-01,2.6393,0,5,119,1422,52,62
624,1536,2160,0.288889,0.868,3.445421e+03,3.833382e-03,2.5785,0,0,171,1421,52,62
625,1535,2160,0.289352,0.867,3.455215e+03,7.602282e-03,2.5722,0,5,142,1420,52,62
626,1534,2160,0.289815,0.867,3.470595e+03,4.662225e-03,2.5755,0,5,62,1419,52,62
627,1533,2160,0.290278,0.867,3.483788e+03,9.465789e-03,2.6265,0,5,122,1418,52,62
628,1532,2160,0.290741,0.867,3.492133e+03,1.068142e-02,2.6132,0,5,108,1417,52,62
629,1531,2160,0.291204,0.867,3.494257e+03,4.796126e-03,2.6041,0,1,192,1416,52,62
630,1530,2160,0.291667,0.867,3.494474e+03,9.175014e-03,2.6181,0,8,75,1415,52,62
631,1529,2160,0.29213,0.867,3.514908e+03,1.044872e-02,2.6413,0,5,81,1414,52,62
632,1528,2160,0.292593,0.867,3.536620e+03,4.076343e-02,2.6041,2,4,8,1414,52,61
633,1527,2160,0.293056,0.864,3.587434e+03,1.647495e-02,2.6406,0,9,77,1413,52,61
634,1526,2160,0.293519,0.863,3.586293e+03,5.371362e-02,2.5638,0,0,139,1412,52,61
635,1525,2160,0.293981,0.864,3.644637e+03,1.236298e-02,2.5946,0,5,128,1411,52,61
636,1524,2160,0.294444,0.864,3.663655e+03,1.886294e-02,2.5785,0,0,65,1410,52,61
637,1523,2160,0.294907,0.861,3.697306e+03,9.739966e-03,2.5749,0,5,46,1409,52,61
638,1522,2160,0.29537,0.861,3.720011e+03,6.724022e-03,2.595,0,0,164,1408,52,61
639,1521,2160,0.295833,0.861,3.741316e+03,1.010319e-02,2.5879,0,1,54,1407,52,61
640,1520,2160,0.296296,0.862,3.768114e+03,5.598720e-03,2.6036,0,8,42,1406,52,61
641,1519,2160,0.296759,0.863,3.785478e+03,4.502243e-03,2.6202,0,8,113,1405,52,61
642,1518,2160,0.297222,0.863,3.801099e+03,1.547787e-02,2.6094,0,5,73,1404,52,61
643,1517,2160,0.297685,0.862,3.841034e+03,2.418287e-02,2.6291,0,5,145,1403,52,61
644,1516,2160,0.298148,0.863,3.904984e+03,1.024574e-02,2.5673,0,3,96,1402,52,61
645,1515,2160,0.298611,0.863,3.932055e+03,1.019300e-02,2.6178,0,0,96,1401,52,61
646,1514,2160,0.299074,0.863,3.925703e+03,4.058851e-03,2.647,0,6,140,1400,52,61
647,1513,2160,0.299537,0.863,3.940857e+03,6.962190e-03,2.6741,0,5,42,1399,52,61
648,1512,2160,0.3,0.862,3.933816e+03,2.067142e-02,2.7239,0,4,91,1398,52,61
649,1511,2160,0.300463,0.861,3.982567e+03,7.532664e-03,2.6563,0,8,86,1397,52,61
650,1510,2160,0.300926,0.86,4.001834e+03,6.540629e-03,2.6336,0,0,6,1396,52,61
651,1509,2160,0.301389,0.86,4.006294e+03,2.907716e-03,2.5826,0,6,59,1395,52,61
652,1508,2160,0.301852,0.86,4.016955e+03,1.090433e-02,2.5815,0,5,61,1394,52,61
653,1507,2160,0.302315,0.861,4.045803e+03,5.113798e-02,2.678,2,2,7,1394,52,60
654,1506,2160,0.302778,0.854,4.119479e+03,1.294333e-02,2.7204,0,5,93,1393,52,60
655,1505,2160,0.303241,0.858,4.125676e+03,1.265271e-02,2.6533,0,1,57,1392,52,60
656,1504,2160,0.303704,0.86,4.143448e+03,2.241457e-02,2.6539,0,4,118,1391,52,60
657,1503,2160,0.304167,0.863,4.125971e+03,1.538576e-02,2.6006,0,7,57,1390,52,60
658,1502,2160,0.30463,0.86,4.137419e+03,1.704333e-02,2.593,0,0,146,1389,52,60
659,1501,2160,0.305093,0.864,4.139310e+03,1.877999e-01,2.6786,0,9,76,1388,52,60
660,1500,2160,0.305556,0.834,4.409022e+03,7.685535e-03,2.6773,0,1,173,1387,52,60
661,1499,2160,0.306019,0.834,4.424102e+03,1.135947e-02,2.6757,0,4,184,1386,52,60
662,1498,2160,0.306481,0.835,4.438736e+03,1.511109e-02,2.6811,0,1,78,1385,52,60
663,1497,2160,0.306944,0.835,4.463001e+03,9.518727e-03,2.699,0,0,179,1384,52,60
664,1496,2160,0.307407,0.835,4.480665e+03,9.098889e-03,2.7217,0,1,24,1383,52,60
665,1495,2160,0.30787,0.835,4.479471e+03,5.188445e-03,2.8974,0,0,12,1382,52,60
666,1494,2160,0.308333,0.833,4.488637e+03,5.336338e-02,2.6362,1,2,7,1382,51,60
667,1493,2160,0.308796,0.838,4.438920e+03,1.020391e-02,2.688,0,1,37,1381,51,60
668,1492,2160,0.309259,0.838,4.445919e+03,7.276566e-03,2.6349,0,9,54,1380,51,60
669,1491,2160,0.309722,0.836,4.454429e+03,4.915304e-03,2.7208,0,9,0,1379,51,60
670,1490,2160,0.310185,0.836,4.458965e+03,3.009721e-02,2.6688,0,9,91,1378,51,60
671,1489,2160,0.310648,0.832,4.455914e+03,1.132015e-02,2.6185,0,8,187,1377,51,60
672,1488,2160,0.311111,0.831,4.459819e+03,5.582687e-03,2.6526,0,4,99,1376,51,60
673,1487,2160,0.311574,0.831,4.465457e+03,4.886968e-03,2.6543,0,7,71,1375,51,60
674,1486,2160,0.312037,0.831,4.469895e+03,5.348186e-03,2.64,0,7,32,1374,51,60
675,1485,2160,0.3125,0.832,4.481088e+03,5.705347e-03,2.5884,0,4,84,1373,51,60
676,1484,2160,0.312963,0.832,4.483974e+03,6.946619e-03,2.7055,0,4,85,1372,51,60
677,1483,2160,0.313426,0.832,4.489806e+03,5.576408e-03,2.6063,0,9,41,1371,51,60
678,1482,2160,0.313889,0.832,4.495312e+03,8.364995e-03,2.6394,0,4,41,1370,51,60
679,1481,2160,0.314352,0.833,4.489529e+03,1.383243e-02,2.9034,0,5,56,1369,51,60
680,1480,2160,0.314815,0.833,4.484312e+03,6.071887e-03,2.5901,0,9,38,1368,51,60
681,1479,2160,0.315278,0.834,4.489950e+03,5.060551e-03,2.7407,0,7,0,1367,51,60
682,1478,2160,0.315741,0.834,4.497091e+03,3.858905e-03,2.6833,0,8,0,1366,51,60
683,1477,2160,0.316204,0.834,4.509510e+03,7.686535e-03,2.7241,0,1,5,1365,51,60
684,1476,2160,0.316667,0.834,4.507726e+03,1.079656e-02,2.6643,0,3,166,1364,51,60
685,1475,2160,0.31713,0.834,4.506458e+03,1.345361e-02,2.6724,0,5,33,1363,51,60
686,1474,2160,0.317593,0.835,4.506885e+03,4.291190e-03,2.6709,0,6,180,1362,51,60
687,1473,2160,0.318056,0.835,4.520371e+03,9.105499e-03,2.618,0,3,180,1361,51,60
688,1472,2160,0.318519,0.835,4.526845e+03,6.565177e-03,2.6565,0,6,185,1360,51,60
689,1471,2160,0.318981,0.835,4.533319e+03,7.664184e-03,2.5974,0,1,185,1359,51,60
690,1470,2160,0.319444,0.835,4.550598e+03,5.402023e-03,2.5557,0,1,153,1358,51,60
691,1469,2160,0.319907,0.835,4.558482e+03,1.591164e-02,2.5774,0,1,58,1357,51,60
692,1468,2160,0.32037,0.834,4.606348e+03,9.561006e-03,2.5765,0,8,141,1356,51,60
693,1467,2160,0.320833,0.834,4.641704e+03,1.206848e-02,2.5711,0,1,55,1355,51,60
694,1466,2160,0.321296,0.834,4.643514e+03,7.855772e-03,2.5864,0,4,55,1354,51,60
695,1465,2160,0.321759,0.834,4.650235e+03,4.085709e-03,2.5558,0,0,55,1353,51,60
696,1464,2160,0.322222,0.833,4.652638e+03,5.917882e-03,2.6688,0,9,133,1352,51,60
697,1463,2160,0.322685,0.832,4.659242e+03,7.130869e-03,2.7405,0,6,166,1351,51,60
698,1462,2160,0.323148,0.831,4.673177e+03,5.962011e-03,2.6029,0,9,1,1350,51,60
699,1461,2160,0.323611,0.831,4.679305e+03,5.409515e-03,2.6192,0,7,38,1349,51,60
700,1460,2160,0.324074,0.831,4.688897e+03,4.511543e-03,2.5828,0,6,155,1348,51,60
701,1459,2160,0.324537,0.83,4.697991e+03,5.703643e-03,2.5614,0,7,144,1347,51,60
702,1458,2160,0.325,0.832,4.703639e+03,5.620664e-03,2.5719,0,6,34,1346,51,60
703,1457,2160,0.325463,0.831,4.717406e+03,6.026479e-03,2.5819,0,7,161,1345,51,60
704,1456,2160,0.325926,0.831,4.727191e+03,6.368998e-03,2.5773,0,9,191,1344,51,60
705,1455,2160,0.326389,0.831,4.731281e+03,6.536627e-03,2.6134,0,9,42,1343,51,60
706,1454,2160,0.326852,0.831,4.741536e+03,9.310459e-03,2.6224,0,9,100,1342,51,60
707,1453,2160,0.327315,0.831,4.757432e+03,1.176376e-02,2.5934,0,8,135,1341,51,60
708,1452,2160,0.327778,0.827,4.783508e+03,1.178086e-02,2.5703,0,8,156,1340,51,60
709,1451,2160,0.328241,0.826,4.794365e+03,7.687797e-03,2.5661,0,0,158,1339,51,60
710,1450,2160,0.328704,0.827,4.821788e+03,1.069014e-02,2.5847,0,1,40,1338,51,60
711,1449,2160,0.329167,0.825,4.838148e+03,4.905355e-03,2.6703,0,6,136,1337,51,60
712,1448,2160,0.32963,0.827,4.849226e+03,1.043964e-02,2.5708,0,5,169,1336,51,60
713,1447,2160,0.330093,0.828,4.868325e+03,6.617867e-03,2.5625,0,9,56,1335,51,60
714,1446,2160,0.330556,0.828,4.871315e+03,1.906900e-02,2.5766,0,5,21,1334,51,60
715,1445,2160,0.331019,0.831,4.868754e+03,9.280032e-03,2.6628,0,0,21,1333,51,60
716,1444,2160,0.331481,0.83,4.852118e+03,9.392866e-03,2.5741,0,0,24,1332,51,60
717,1443,2160,0.331944,0.831,4.866748e+03,5.985563e-03,2.5641,0,7,155,1331,51,60
718,1442,2160,0.332407,0.831,4.878207e+03,6.087656e-03,2.5919,0,7,87,1330,51,60
719,1441,2160,0.33287,0.831,4.893362e+03,7.629158e-03,2.5801,0,0,8,1329,51,60
720,1440,2160,0.333333,0.831,4.911029e+03,1.437976e-02,2.6171,0,8,121,1328,51,60
721,1439,2160,0.333796,0.828,4.950275e+03,5.688307e-03,2.5745,0,6,194,1327,51,60
722,1438,2160,0.334259,0.824,4.969752e+03,6.279695e-03,2.5875,0,7,102,1326,51,60
723,1437,2160,0.334722,0.824,4.977194e+03,1.462645e-02,2.5886,0,0,51,1325,51,60
724,1436,2160,0.335185,0.826,5.024548e+03,5.200562e-03,2.5636,0,6,51,1324,51,60
725,1435,2160,0.335648,0.826,5.037359e+03,1.750024e-02,2.6316,0,5,176,1323,51,60
726,1434,2160,0.336111,0.825,5.084579e+03,2.305320e-02,2.5823,0,1,177,1322,51,60
727,1433,2160,0.336574,0.828,5.130057e+03,6.665894e-03,2.5572,0,7,151,1321,51,60
728,1432,2160,0.337037,0.828,5.142587e+03,7.296853e-03,2.5648,0,7,160,1320,51,60
729,1431,2160,0.3375,0.828,5.154433e+03,1.377596e-02,2.6082,0,0,160,1319,51,60
730,1430,2160,0.337963,0.827,5.151321e+03,7.256966e-03,2.5657,0,9,69,1318,51,60
731,1429,2160,0.338426,0.827,5.158367e+03,1.188048e-02,2.5574,0,4,30,1317,51,60
732,1428,2160,0.338889,0.824,5.187510e+03,4.597119e-03,2.5759,0,7,30,1316,51,60
733,1427,2160,0.339352,0.826,5.191195e+03,6.076090e-03,2.5564,0,7,10,1315,51,60
734,1426,2160,0.339815,0.827,5.204532e+03,5.627623e-03,2.5769,0,9,193,1314,51,60
735,1425,2160,0.340278,0.824,5.221527e+03,8.045864e-03,2.6247,0,9,169,1313,51,60
736,1424,2160,0.340741,0.823,5.231455e+03,7.754453e-03,2.5554,0,8,169,1312,51,60
737,1423,2160,0.341204,0.822,5.250629e+03,1.539042e-02,2.5827,0,1,35,1311,51,60
738,1422,2160,0.341667,0.82,5.234154e+03,1.326619e-02,2.5658,0,1,178,1310,51,60
739,1421,2160,0.34213,0.82,5.258173e+03,1.190405e-02,2.5917,0,5,133,1309,51,60
740,1420,2160,0.342593,0.82,5.275190e+03,4.797700e-03,2.5708,0,5,27,1308,51,60
741,1419,2160,0.343056,0.82,5.288287e+03,4.864810e-03,2.5629,0,3,27,1307,51,60
742,1418,2160,0.343519,0.82,5.296503e+03,5.925175e-03,2.5976,0,6,38,1306,51,60
743,1417,2160,0.343981,0.821,5.315416e+03,7.784606e-03,2.6148,0,9,83,1305,51,60
744,1416,2160,0.344444,0.821,5.321443e+03,8.302865e-03,2.5609,0,7,149,1304,51,60
745,1415,2160,0.344907,0.82,5.334306e+03,1.620460e-02,2.5628,0,0,125,1303,51,60
746,1414,2160,0.34537,0.82,5.348673e+03,3.611502e-03,2.6112,0,1,125,1302,51,60
747,1413,2160,0.345833,0.821,5.346452e+03,1.447647e-02,2.5684,0,4,123,1301,51,60
748,1412,2160,0.346296,0.821,5.354984e+03,8.735781e-03,2.5586,0,9,144,1300,51,60
749,1411,2160,0.346759,0.821,5.372256e+03,7.408875e-03,2.5782,0,9,155,1299,51,60
750,1410,2160,0.347222,0.821,5.381169e+03,1.149161e-02,2.6067,0,8,26,1298,51,60
751,1409,2160,0.347685,0.822,5.411489e+03,9.457438e-03,2.5866,0,8,112,1297,51,60
752,1408,2160,0.348148,0.821,5.427215e+03,7.461013e-03,2.5608,0,7,143,1296,51,60
753,1407,2160,0.348611,0.821,5.440045e+03,1.533846e-02,2.5772,0,0,181,1295,51,60
754,1406,2160,0.349074,0.82,5.457043e+03,2.369026e-02,2.5644,0,1,67,1294,51,60
755,1405,2160,0.349537,0.822,5.504522e+03,1.487598e-02,2.568,0,1,45,1293,51,60
756,1404,2160,0.35,0.821,5.552878e+03,1.185912e-02,2.5733,0,1,139,1292,51,60
757,1403,2160,0.350463,0.823,5.575285e+03,1.144134e-02,2.5747,0,7,100,1291,51,60
758,1402,2160,0.350926,0.824,5.604178e+03,1.555672e-02,2.5793,0,4,134,1290,51,60
759,1401,2160,0.351389,0.82,5.630237e+03,1.081760e-02,2.577,0,9,186,1289,51,60
760,1400,2160,0.351852,0.818,5.655485e+03,8.985909e-03,2.5617,0,7,172,1288,51,60
761,1399,2160,0.352315,0.818,5.662083e+03,8.495185e-03,2.5766,0,9,32,1287,51,60
762,1398,2160,0.352778,0.818,5.671106e+03,1.064062e-02,2.5657,0,9,149,1286,51,60
763,1397,2160,0.353241,0.818,5.688483e+03,2.126884e-02,2.5703,0,1,72,1285,51,60
764,1396,2160,0.353704,0.817,5.761567e+03,1.139667e-02,2.6007,0,0,72,1284,51,60
765,1395,2160,0.354167,0.816,5.754115e+03,1.558601e-02,2.5923,0,1,138,1283,51,60
766,1394,2160,0.35463,0.816,5.775375e+03,9.090400e-03,2.5747,0,5,5,1282,51,60
767,1393,2160,0.355093,0.816,5.792598e+03,1.230085e-02,2.5744,0,6,4,1281,51,60
768,1392,2160,0.355556,0.814,5.807646e+03,7.635032e-03,2.5745,0,7,1,1280,51,60
769,1391,2160,0.356019,0.816,5.821839e+03,8.937997e-03,2.576,0,4,29,1279,51,60
770,1390,2160,0.356481,0.816,5.846679e+03,1.998974e-02,2.5853,0,1,144,1278,51,60
771,1389,2160,0.356944,0.816,5.870089e+03,6.083770e-03,2.5959,0,6,30,1277,51,60
772,1388,2160,0.357407,0.815,5.881814e+03,9.442712e-03,2.5926,0,9,114,1276,51,60
773,1387,2160,0.35787,0.815,5.899182e+03,1.212131e-02,2.5871,0,4,114,1275,51,60
774,1386,2160,0.358333,0.816,5.905390e+03,1.148651e-02,2.5922,0,4,140,1274,51,60
775,1385,2160,0.358796,0.816,5.928541e+03,1.708456e-02,2.5815,0,5,140,1273,51,60
776,1384,2160,0.359259,0.82,5.930097e+03,3.290230e-02,2.5857,0,1,105,1272,51,60
777,1383,2160,0.359722,0.824,5.981443e+03,1.026860e-02,2.5663,0,8,8,1271,51,60
778,1382,2160,0.360185,0.821,6.008681e+03,1.080066e-02,2.5887,0,4,111,1270,51,60
779,1381,2160,0.360648,0.82,6.023729e+03,7.974465e-03,2.5754,0,7,113,1269,51,60
780,1380,2160,0.361111,0.819,6.043838e+03,5.380221e-03,2.5845,0,6,0,1268,51,60
781,1379,2160,0.361574,0.819,6.070292e+03,9.129349e-03,2.569,0,7,7,1267,51,60
782,1378,2160,0.362037,0.82,6.074429e+03,9.723418e-03,2.5596,0,9,48,1266,51,60
783,1377,2160,0.3625,0.82,6.086924e+03,9.802034e-03,2.5932,0,9,166,1265,51,60
784,1376,2160,0.362963,0.82,6.098490e+03,5.216205e-03,2.5613,0,8,27,1264,51,60
785,1375,2160,0.363426,0.82,6.116555e+03,1.767683e-02,2.5607,0,8,158,1263,51,60
786,1374,2160,0.363889,0.817,6.139663e+03,7.676768e-03,2.5617,0,6,186,1262,51,60
787,1373,2160,0.364352,0.816,6.163813e+03,2.772540e-02,2.5644,0,1,131,1261,51,60
788,1372,2160,0.364815,0.818,6.195752e+03,2.114718e-02,2.6222,0,0,131,1260,51,60
789,1371,2160,0.365278,0.819,6.160729e+03,9.129826e-03,2.5655,0,9,101,1259,51,60
790,1370,2160,0.365741,0.82,6.165498e+03,1.618775e-02,2.5792,0,9,70,1258,51,60
791,1369,2160,0.366204,0.816,6.193308e+03,6.797200e-02,2.6192,0,4,117,1257,51,60
792,1368,2160,0.366667,0.83,6.205034e+03,8.084180e-02,2.5756,2,6,6,1257,51,59
793,1367,2160,0.36713,0.829,6.264128e+03,2.204432e-02,2.5534,0,1,8,1256,51,59
794,1366,2160,0.367593,0.83,6.261911e+03,8.764470e-03,2.5598,0,3,11,1255,51,59
795,1365,2160,0.368056,0.83,6.269328e+03,1.168415e-02,2.5756,0,4,154,1254,51,59
796,1364,2160,0.368519,0.83,6.283108e+03,2.747037e-02,2.568,0,1,2,1253,51,59
797,1363,2160,0.368981,0.831,6.294134e+03,2.009380e-02,2.7103,0,7,56,1252,51,59
798,1362,2160,0.369444,0.832,6.296152e+03,3.766723e-02,2.5961,0,7,21,1251,51,59
799,1361,2160,0.369907,0.831,6.282418e+03,1.335037e-01,2.5594,0,3,106,1250,51,59
800,1360,2160,0.37037,0.84,6.344950e+03,5.525972e-02,2.5749,0,5,79,1249,51,59
801,1359,2160,0.370833,0.85,6.278145e+03,2.101442e-01,2.5554,1,3,5,1249,50,59
802,1358,2160,0.371296,0.799,6.525761e+03,3.674503e-02,2.5694,2,8,9,1249,50,58
803,1357,2160,0.371759,0.802,6.500527e+03,7.667499e-03,2.5738,0,8,139,1248,50,58
804,1356,2160,0.372222,0.803,6.509856e+03,1.398279e-02,2.5833,0,4,178,1247,50,58
805,1355,2160,0.372685,0.803,6.516655e+03,1.418063e-02,2.5954,0,8,52,1246,50,58
806,1354,2160,0.373148,0.803,6.526744e+03,2.094739e-02,2.5779,0,8,146,1245,50,58
807,1353,2160,0.373611,0.806,6.514881e+03,1.324462e-02,2.5691,0,8,14,1244,50,58
808,1352,2160,0.374074,0.809,6.536375e+03,1.131568e-02,2.5743,0,3,83,1243,50,58
809,1351,2160,0.374537,0.811,6.538377e+03,9.909220e-03,2.5792,0,0,83,1242,50,58
810,1350,2160,0.375,0.809,6.565624e+03,1.130096e-02,2.5663,0,1,155,1241,50,58
811,1349,2160,0.375463,0.809,6.562486e+03,2.079309e-02,2.6093,0,0,1,1240,50,58
812,1348,2160,0.375926,0.809,6.577501e+03,1.392661e-02,2.569,0,6,35,1239,50,58
813,1347,2160,0.376389,0.81,6.576203e+03,9.857714e-03,2.5926,0,7,164,1238,50,58
814,1346,2160,0.376852,0.812,6.579581e+03,1.188014e-02,2.5698,0,9,138,1237,50,58
815,1345,2160,0.377315,0.813,6.607664e+03,1.305615e-02,2.6143,0,4,44,1236,50,58
816,1344,2160,0.377778,0.813,6.632522e+03,1.401064e-02,2.6335,0,4,74,1235,50,58
817,1343,2160,0.378241,0.814,6.653766e+03,1.098734e-02,2.5669,0,9,39,1234,50,58
818,1342,2160,0.378704,0.814,6.675562e+03,9.009340e-03,2.6008,0,9,14,1233,50,58
819,1341,2160,0.379167,0.812,6.700325e+03,9.887368e-03,2.5844,0,0,16,1232,50,58
820,1340,2160,0.37963,0.81,6.729456e+03,2.925368e-02,2.608,0,4,50,1231,50,58
821,1339,2160,0.380093,0.813,6.720954e+03,9.012362e-03,2.5608,0,9,50,1230,50,58
822,1338,2160,0.380556,0.814,6.733846e+03,9.469314e-02,2.6055,2,1,9,1230,50,57
823,1337,2160,0.381019,0.839,6.677580e+03,2.024551e-01,2.5672,1,6,0,1230,49,57
824,1336,2160,0.381481,0.818,6.795472e+03,3.764952e-02,2.6218,1,1,7,1230,48,57
825,1335,2160,0.381944,0.824,6.807937e+03,6.421919e-02,2.582,1,7,1,1230,47,57
826,1334,2160,0.382407,0.821,6.861857e+03,1.032353e-02,2.5549,0,9,95,1229,47,57
827,1333,2160,0.38287,0.821,6.890809e+03,1.834457e-02,2.5586,0,0,36,1228,47,57
828,1332,2160,0.383333,0.821,6.876645e+03,1.098383e-02,2.5658,0,9,7,1227,47,57
829,1331,2160,0.383796,0.821,6.884206e+03,8.248855e-03,2.5762,0,7,43,1226,47,57
830,1330,2160,0.384259,0.82,6.901160e+03,9.677613e-03,2.5811,0,9,151,1225,47,57
831,1329,2160,0.384722,0.821,6.923060e+03,9.243157e-03,2.574,0,4,181,1224,47,57
832,1328,2160,0.385185,0.82,6.930422e+03,7.914033e-02,2.5645,0,3,30,1223,47,57
833,1327,2160,0.385648,0.826,7.098940e+03,3.784358e-02,2.5784,2,5,6,1223,47,56
834,1326,2160,0.386111,0.823,7.160494e+03,1.640719e-02,2.5704,0,1,171,1222,47,56
835,1325,2160,0.386574,0.824,7.195464e+03,6.839316e-02,2.5829,0,1,46,1221,47,56
836,1324,2160,0.387037,0.824,7.221283e+03,7.845445e-03,2.5662,0,6,46,1220,47,56
837,1323,2160,0.3875,0.823,7.226667e+03,3.029700e-02,2.6253,0,1,149,1219,47,56
838,1322,2160,0.387963,0.827,7.320160e+03,1.815074e-02,2.5675,0,1,38,1218,47,56
839,1321,2160,0.388426,0.828,7.358474e+03,1.397507e-02,2.5856,0,1,152,1217,47,56
840,1320,2160,0.388889,0.828,7.318447e+03,5.811374e-02,2.5715,0,3,171,1216,47,56
841,1319,2160,0.389352,0.83,7.360759e+03,2.853387e-02,2.5875,0,9,72,1215,47,56
842,1318,2160,0.389815,0.828,7.369264e+03,7.339229e-03,2.5599,0,3,99,1214,47,56
843,1317,2160,0.390278,0.828,7.392130e+03,1.742596e-02,2.6033,0,6,192,1213,47,56
844,1316,2160,0.390741,0.83,7.397739e+03,6.323492e-03,2.5719,0,6,184,1212,47,56
845,1315,2160,0.391204,0.829,7.422516e+03,1.515347e-02,2.5753,0,1,3,1211,47,56
846,1314,2160,0.391667,0.827,7.447072e+03,6.399893e-03,2.5627,0,5,3,1210,47,56
847,1313,2160,0.39213,0.828,7.447346e+03,4.151501e-02,2.569,0,3,53,1209,47,56
848,1312,2160,0.392593,0.817,7.508991e+03,2.856321e-02,2.5707,0,5,64,1208,47,56
849,1311,2160,0.393056,0.811,7.539266e+03,2.076970e-02,2.5811,0,5,0,1207,47,56
850,1310,2160,0.393519,0.82,7.518739e+03,1.076585e-02,2.5683,0,7,75,1206,47,56
851,1309,2160,0.393981,0.82,7.531184e+03,3.594906e-02,2.565,0,1,164,1205,47,56
852,1308,2160,0.394444,0.812,7.554939e+03,2.217773e-02,2.5839,0,6,97,1204,47,56
853,1307,2160,0.394907,0.82,7.542606e+03,1.569977e-01,2.5782,1,6,4,1204,46,56
854,1306,2160,0.39537,0.854,7.494108e+03,6.757166e-03,2.569,0,5,82,1203,46,56
855,1305,2160,0.395833,0.855,7.496777e+03,2.113629e-02,2.6077,0,4,136,1202,46,56
856,1304,2160,0.396296,0.852,7.503139e+03,1.239238e-01,2.5904,2,7,2,1202,46,55
857,1303,2160,0.396759,0.834,7.913071e+03,4.993464e-02,2.6222,1,1,6,1202,45,55
858,1302,2160,0.397222,0.833,7.998084e+03,6.039326e-02,2.5518,1,1,3,1202,44,55
859,1301,2160,0.397685,0.835,8.039613e+03,3.024644e-02,2.5801,0,5,87,1201,44,55
860,1300,2160,0.398148,0.837,8.064367e+03,9.855486e-03,2.6195,0,5,183,1200,44,55
861,1299,2160,0.398611,0.838,8.091672e+03,9.462246e-03,2.582,0,1,183,1199,44,55
862,1298,2160,0.399074,0.837,8.105978e+03,1.732658e-02,2.5637,0,9,63,1198,44,55
863,1297,2160,0.399537,0.837,8.112885e+03,3.551491e-02,2.565,0,4,106,1197,44,55
864,1296,2160,0.4,0.841,8.153557e+03,5.463127e-02,2.5971,0,1,60,1196,44,55
865,1295,2160,0.400463,0.847,8.201732e+03,1.592168e-02,2.5866,0,8,63,1195,44,55
866,1294,2160,0.400926,0.847,8.213748e+03,1.160073e-02,2.5609,0,7,169,1194,44,55
867,1293,2160,0.401389,0.848,8.248097e+03,1.821467e-02,2.5873,0,4,137,1193,44,55
868,1292,2160,0.401852,0.851,8.326683e+03,4.883196e-02,2.5856,1,2,8,1193,43,55
869,1291,2160,0.402315,0.854,8.398621e+03,1.439826e-02,2.5778,0,9,146,1192,43,55
870,1290,2160,0.402778,0.852,8.435990e+03,2.055367e-02,2.564,0,8,65,1191,43,55
871,1289,2160,0.403241,0.856,8.533826e+03,6.781446e-02,2.5951,1,1,5,1191,42,55
872,1288,2160,0.403704,0.861,8.618247e+03,3.183100e-02,2.5672,0,4,90,1190,42,55
873,1287,2160,0.404167,0.861,8.611531e+03,1.644210e-02,2.6132,0,5,174,1189,42,55
874,1286,2160,0.40463,0.863,8.661092e+03,9.666398e-03,2.5973,0,6,134,1188,42,55
875,1285,2160,0.405093,0.864,8.684648e+03,4.708955e-02,2.6078,0,4,167,1187,42,55
876,1284,2160,0.405556,0.871,8.706204e+03,2.105058e-02,2.5679,0,4,135,1186,42,55
877,1283,2160,0.406019,0.867,8.718009e+03,8.965479e-03,2.6288,0,7,177,1185,42,55
878,1282,2160,0.406481,0.867,8.735274e+03,1.808806e-02,2.5691,0,9,115,1184,42,55
879,1281,2160,0.406944,0.863,8.744722e+03,9.277918e-02,2.5878,2,3,7,1184,42,54
880,1280,2160,0.407407,0.865,8.718752e+03,2.600163e-01,2.5631,1,8,6,1184,41,54
881,1279,2160,0.40787,0.86,1.221451e+04,2.578638e-02,2.5836,0,1,142,1183,41,54
882,1278,2160,0.408333,0.862,1.227863e+04,2.833657e-02,2.5728,0,3,92,1182,41,54
883,1277,2160,0.408796,0.865,1.232538e+04,2.083776e-02,2.5874,0,4,156,1181,41,54
884,1276,2160,0.409259,0.865,1.235538e+04,1.892322e-02,2.5701,0,0,31,1180,41,54
885,1275,2160,0.409722,0.866,1.241724e+04,1.424462e-02,2.5722,0,9,152,1179,41,54
886,1274,2160,0.410185,0.866,1.244077e+04,2.225849e-02,2.5717,0,8,93,1178,41,54
887,1273,2160,0.410648,0.864,1.239454e+04,2.167593e-02,2.5737,0,4,157,1177,41,54
888,1272,2160,0.411111,0.865,1.244739e+04,8.660847e-02,2.6014,0,1,119,1176,41,54
889,1271,2160,0.411574,0.865,1.265225e+04,7.654581e-02,2.5963,0,0,117,1175,41,54
890,1270,2160,0.412037,0.851,1.260421e+04,1.227718e-02,2.5879,0,1,61,1174,41,54
891,1269,2160,0.4125,0.85,1.264865e+04,1.470559e-02,2.5775,0,4,23,1173,41,54
892,1268,2160,0.412963,0.85,1.268656e+04,2.458060e-02,2.6298,0,0,95,1172,41,54
893,1267,2160,0.413426,0.85,1.272692e+04,1.141746e-02,2.6007,0,1,22,1171,41,54
894,1266,2160,0.413889,0.852,1.274254e+04,1.807536e-02,2.5892,0,7,191,1170,41,54
895,1265,2160,0.414352,0.851,1.272901e+04,1.568187e-02,2.5918,0,1,33,1169,41,54
896,1264,2160,0.414815,0.851,1.274668e+04,1.597070e-02,2.5721,0,1,101,1168,41,54
897,1263,2160,0.415278,0.851,1.276843e+04,1.518110e-02,2.5717,0,7,26,1167,41,54
898,1262,2160,0.415741,0.847,1.275690e+04,1.536229e-02,2.5873,0,4,141,1166,41,54
899,1261,2160,0.416204,0.846,1.281029e+04,1.130221e-02,2.5671,0,7,141,1165,41,54
900,1260,2160,0.416667,0.843,1.279934e+04,1.064189e-02,2.5917,0,8,170,1164,41,54
901,1259,2160,0.41713,0.846,1.282015e+04,2.063206e-02,2.6329,0,1,118,1163,41,54
902,1258,2160,0.417593,0.843,1.277858e+04,9.157073e-03,2.564,0,8,192,1162,41,54
903,1257,2160,0.418056,0.841,1.281222e+04,9.160880e-03,2.5734,0,9,190,1161,41,54
904,1256,2160,0.418519,0.84,1.284278e+04,1.619366e-02,2.5699,0,7,55,1160,41,54
905,1255,2160,0.418981,0.839,1.283651e+04,1.044834e-02,2.6327,0,3,195,1159,41,54
906,1254,2160,0.419444,0.84,1.287858e+04,3.271120e-02,2.577,0,7,117,1158,41,54
907,1253,2160,0.419907,0.838,1.283026e+04,1.253660e-02,2.5646,0,3,16,1157,41,54
908,1252,2160,0.42037,0.841,1.283498e+04,2.288624e-02,2.5665,0,1,190,1156,41,54
909,1251,2160,0.420833,0.838,1.290590e+04,6.903139e-03,2.5913,0,6,123,1155,41,54
910,1250,2160,0.421296,0.838,1.294505e+04,5.951087e-03,2.5621,0,9,27,1154,41,54
911,1249,2160,0.421759,0.838,1.296874e+04,1.085999e-02,2.5632,0,1,43,1153,41,54
912,1248,2160,0.422222,0.837,1.302940e+04,1.883325e-02,2.585,0,7,184,1152,41,54
913,1247,2160,0.422685,0.836,1.302836e+04,2.876691e-02,2.6209,0,7,35,1151,41,54
914,1246,2160,0.423148,0.836,1.300586e+04,7.995885e-03,2.5676,0,9,26,1150,41,54
915,1245,2160,0.423611,0.832,1.304403e+04,1.872344e-02,2.569,0,4,103,1149,41,54
916,1244,2160,0.424074,0.833,1.311095e+04,2.913746e-02,2.5531,0,7,3,1148,41,54
917,1243,2160,0.424537,0.833,1.309314e+04,3.053939e-02,2.5709,0,7,176,1147,41,54
918,1242,2160,0.425,0.831,1.307178e+04,3.088389e-02,2.5668,0,7,112,1146,41,54
919,1241,2160,0.425463,0.829,1.305996e+04,8.374688e-03,2.5851,0,1,112,1145,41,54
920,1240,2160,0.425926,0.829,1.309355e+04,2.469546e-02,2.5668,0,3,68,1144,41,54
921,1239,2160,0.426389,0.83,1.316671e+04,4.671452e-03,2.6454,0,3,8,1143,41,54
922,1238,2160,0.426852,0.83,1.318787e+04,3.371491e-02,2.5671,0,7,8,1142,41,54
923,1237,2160,0.427315,0.83,1.319137e+04,2.106244e-02,2.5956,0,4,78,1141,41,54
924,1236,2160,0.427778,0.829,1.325563e+04,2.128979e-02,2.5801,0,7,29,1140,41,54
925,1235,2160,0.428241,0.827,1.325405e+04,6.763601e-03,2.5949,0,8,11,1139,41,54
926,1234,2160,0.428704,0.829,1.328613e+04,1.052470e-02,2.5755,0,8,28,1138,41,54
927,1233,2160,0.429167,0.827,1.332542e+04,2.914109e-02,2.5893,0,7,190,1137,41,54
928,1232,2160,0.42963,0.825,1.332825e+04,1.020495e-02,2.5566,0,8,190,1136,41,54
929,1231,2160,0.430093,0.826,1.333908e+04,2.436806e-02,2.5783,0,7,186,1135,41,54
930,1230,2160,0.430556,0.82,1.334950e+04,2.811964e-02,2.5996,0,7,133,1134,41,54
931,1229,2160,0.431019,0.817,1.334819e+04,1.003173e-02,2.5577,0,9,195,1133,41,54
932,1228,2160,0.431481,0.817,1.337423e+04,7.892745e-03,2.5798,0,6,151,1132,41,54
933,1227,2160,0.431944,0.818,1.340582e+04,1.624966e-02,2.5829,0,4,109,1131,41,54
934,1226,2160,0.432407,0.817,1.344374e+04,2.700021e-02,2.5684,0,7,20,1130,41,54
935,1225,2160,0.43287,0.815,1.345310e+04,2.962106e-02,2.5648,0,7,101,1129,41,54
936,1224,2160,0.433333,0.811,1.343987e+04,1.276521e-02,2.5883,0,5,157,1128,41,54
937,1223,2160,0.433796,0.812,1.344994e+04,7.952983e-03,2.5854,0,6,99,1127,41,54
938,1222,2160,0.434259,0.812,1.348395e+04,5.311174e-03,2.5811,0,8,99,1126,41,54
939,1221,2160,0.434722,0.813,1.351277e+04,8.617014e-03,2.583,0,6,57,1125,41,54
940,1220,2160,0.435185,0.812,1.353845e+04,3.106518e-02,2.5736,0,7,98,1124,41,54
941,1219,2160,0.435648,0.805,1.356820e+04,9.421624e-03,2.5952,0,5,98,1123,41,54
942,1218,2160,0.436111,0.805,1.360044e+04,2.690286e-02,2.5584,0,7,156,1122,41,54
943,1217,2160,0.436574,0.804,1.364022e+04,8.662079e-03,2.5779,0,3,183,1121,41,54
944,1216,2160,0.437037,0.805,1.367262e+04,8.979125e-03,2.6046,0,5,126,1120,41,54
945,1215,2160,0.4375,0.804,1.369565e+04,2.428879e-02,2.5752,0,7,126,1119,41,54
946,1214,2160,0.437963,0.804,1.373296e+04,3.100195e-02,2.5742,0,1,189,1118,41,54
947,1213,2160,0.438426,0.802,1.382093e+04,9.782375e-03,2.5716,0,4,153,1117,41,54
948,1212,2160,0.438889,0.802,1.386429e+04,6.444513e-03,2.5896,0,9,153,1116,41,54
949,1211,2160,0.439352,0.802,1.387725e+04,1.228583e-02,2.5583,0,6,122,1115,41,54
950,1210,2160,0.439815,0.802,1.391504e+04,1.298078e-02,2.5637,0,9,165,1114,41,54
951,1209,2160,0.440278,0.802,1.394516e+04,1.123612e-02,2.5618,0,9,175,1113,41,54
952,1208,2160,0.440741,0.801,1.398150e+04,8.338309e-03,2.5763,0,6,42,1112,41,54
953,1207,2160,0.441204,0.798,1.400854e+04,1.249153e-02,2.61,0,9,159,1111,41,54
954,1206,2160,0.441667,0.798,1.404969e+04,1.891390e-02,2.5754,0,4,159,1110,41,54
955,1205,2160,0.44213,0.8,1.404327e+04,1.100770e-02,2.5488,0,1,180,1109,41,54
956,1204,2160,0.442593,0.799,1.412935e+04,3.028782e-02,2.5693,0,4,62,1108,41,54
957,1203,2160,0.443056,0.798,1.421586e+04,1.235206e-02,2.5593,0,9,96,1107,41,54
958,1202,2160,0.443519,0.798,1.424954e+04,1.413930e-02,2.5955,0,4,113,1106,41,54
959,1201,2160,0.443981,0.796,1.429313e+04,1.316006e-02,2.6162,0,3,184,1105,41,54
960,1200,2160,0.444444,0.799,1.432064e+04,1.917497e-02,2.5641,0,3,189,1104,41,54
961,1199,2160,0.444907,0.799,1.436158e+04,2.242021e-01,2.5684,1,6,5,1104,40,54
962,1198,2160,0.44537,0.809,1.477421e+04,1.325805e-01,2.5731,1,2,5,1104,39,54
963,1197,2160,0.445833,0.807,1.498536e+04,1.377012e-01,2.5548,2,3,1,1104,39,53
964,1196,2160,0.446296,0.81,1.504207e+04,1.352667e-02,2.5957,0,4,58,1103,39,53
965,1195,2160,0.446759,0.809,1.510226e+04,2.396512e-02,2.5634,0,1,114,1102,39,53
966,1194,2160,0.447222,0.802,1.516191e+04,8.994934e-03,2.6002,0,8,85,1101,39,53
967,1193,2160,0.447685,0.803,1.520872e+04,2.571134e-02,2.5518,0,3,88,1100,39,53
968,1192,2160,0.448148,0.801,1.526792e+04,6.349871e-03,2.5671,0,8,193,1099,39,53
969,1191,2160,0.448611,0.8,1.531106e+04,6.609253e-03,2.576,0,8,9,1098,39,53
970,1190,2160,0.449074,0.801,1.533465e+04,5.118772e-03,2.5824,0,9,9,1097,39,53
971,1189,2160,0.449537,0.801,1.535726e+04,8.076514e-03,2.5706,0,7,13,1096,39,53
972,1188,2160,0.45,0.8,1.540857e+04,1.193825e-02,2.6079,0,7,138,1095,39,53
973,1187,2160,0.450463,0.799,1.545264e+04,9.563392e-03,2.5632,0,7,15,1094,39,53
974,1186,2160,0.450926,0.799,1.550482e+04,7.720145e-03,2.5662,0,3,193,1093,39,53
975,1185,2160,0.451389,0.798,1.552480e+04,1.866759e-02,2.5911,0,0,48,1092,39,53
976,1184,2160,0.451852,0.797,1.554569e+04,2.227445e-02,2.6141,0,0,87,1091,39,53
977,1183,2160,0.452315,0.794,1.556169e+04,9.446023e-03,2.5683,0,7,158,1090,39,53
978,1182,2160,0.452778,0.795,1.558263e+04,1.131786e-02,2.5769,0,6,178,1089,39,53
979,1181,2160,0.453241,0.8,1.566188e+04,1.619915e-02,2.5595,0,4,73,1088,39,53
980,1180,2160,0.453704,0.797,1.562762e+04,9.547394e-03,2.5654,0,7,2,1087,39,53
981,1179,2160,0.454167,0.799,1.568087e+04,1.209402e-02,2.5614,0,9,173,1086,39,53
982,1178,2160,0.45463,0.798,1.570970e+04,1.594549e-02,2.564,0,0,46,1085,39,53
983,1177,2160,0.455093,0.798,1.579556e+04,2.082684e-02,2.5906,0,1,47,1084,39,53
984,1176,2160,0.455556,0.796,1.592651e+04,2.161704e-02,2.5574,0,1,81,1083,39,53
985,1175,2160,0.456019,0.797,1.596415e+04,2.116535e-02,2.5669,0,1,188,1082,39,53
986,1174,2160,0.456481,0.796,1.602517e+04,1.614933e-02,2.5711,0,1,59,1081,39,53
987,1173,2160,0.456944,0.798,1.604222e+04,6.196730e-02,2.5881,2,7,8,1081,39,52
988,1172,2160,0.457407,0.795,1.622514e+04,1.901796e-02,2.5918,0,0,156,1080,39,52
989,1171,2160,0.45787,0.791,1.629497e+04,6.335148e-03,2.5657,0,8,70,1079,39,52
990,1170,2160,0.458333,0.793,1.632936e+04,1.921519e-02,2.584,0,4,110,1078,39,52
991,1169,2160,0.458796,0.793,1.638619e+04,2.582240e-02,2.5948,0,1,88,1077,39,52
992,1168,2160,0.459259,0.798,1.639180e+04,3.039882e-02,2.5552,0,0,88,1076,39,52
993,1167,2160,0.459722,0.794,1.637735e+04,2.529847e-02,2.5727,0,5,88,1075,39,52
994,1166,2160,0.460185,0.795,1.640861e+04,2.449882e-02,2.5624,0,8,102,1074,39,52
995,1165,2160,0.460648,0.792,1.643877e+04,1.141127e-02,2.5753,0,3,10,1073,39,52
996,1164,2160,0.461111,0.79,1.647678e+04,9.168661e-03,2.6093,0,6,176,1072,39,52
997,1163,2160,0.461574,0.79,1.653802e+04,9.615336e-03,2.655,0,7,181,1071,39,52
998,1162,2160,0.462037,0.789,1.659657e+04,9.693522e-03,2.6109,0,7,97,1070,39,52
999,1161,2160,0.4625,0.788,1.666087e+04,1.547077e-02,2.5951,0,9,80,1069,39,52
1000,1160,2160,0.462963,0.788,1.673043e+04,1.108472e-02,2.5786,0,6,80,1068,39,52
1001,1159,2160,0.463426,0.789,1.680030e+04,1.103234e-02,2.6569,0,5,12,1067,39,52
1002,1158,2160,0.463889,0.789,1.686754e+04,2.010673e-02,2.5886,0,4,129,1066,39,52
1003,1157,2160,0.464352,0.794,1.689403e+04,3.589324e-02,2.5652,0,0,129,1065,39,52
1004,1156,2160,0.464815,0.792,1.695826e+04,1.249625e-02,2.5738,0,7,174,1064,39,52
1005,1155,2160,0.465278,0.792,1.704604e+04,1.655128e-02,2.5607,0,8,145,1063,39,52
1006,1154,2160,0.465741,0.789,1.715349e+04,7.893116e-03,2.5566,0,0,184,1062,39,52
1007,1153,2160,0.466204,0.787,1.720602e+04,8.345416e-03,2.578,0,0,99,1061,39,52
1008,1152,2160,0.466667,0.787,1.726009e+04,9.633602e-03,2.5632,0,1,14,1060,39,52
1009,1151,2160,0.46713,0.787,1.731119e+04,1.281912e-02,2.5862,0,1,6,1059,39,52
1010,1150,2160,0.467593,0.787,1.732302e+04,1.387494e-02,2.5689,0,7,5,1058,39,52
1011,1149,2160,0.468056,0.789,1.738718e+04,1.374310e-02,2.5836,0,9,37,1057,39,52
1012,1148,2160,0.468519,0.789,1.744364e+04,3.131471e-02,2.5625,0,5,151,1056,39,52
1013,1147,2160,0.468981,0.785,1.751553e+04,9.923615e-03,2.5753,0,5,29,1055,39,52
1014,1146,2160,0.469444,0.786,1.758122e+04,3.428468e-02,2.5877,0,1,163,1054,39,52
1015,1145,2160,0.469907,0.788,1.755357e+04,1.411519e-02,2.5869,0,4,125,1053,39,52
1016,1144,2160,0.47037,0.789,1.760632e+04,1.001992e-02,2.5637,0,6,56,1052,39,52
1017,1143,2160,0.470833,0.789,1.766456e+04,9.823483e-03,2.569,0,6,109,1051,39,52
1018,1142,2160,0.471296,0.789,1.772552e+04,9.938188e-03,2.574,0,6,69,1050,39,52
1019,1141,2160,0.471759,0.79,1.778906e+04,9.131237e-03,2.5808,0,6,28,1049,39,52
1020,1140,2160,0.472222,0.791,1.784077e+04,1.041354e-02,2.5472,0,0,113,1048,39,52
1021,1139,2160,0.472685,0.791,1.789671e+04,2.308930e-02,2.5598,0,0,141,1047,39,52
1022,1138,2160,0.473148,0.79,1.795782e+04,3.627645e-02,2.5656,0,5,49,1046,39,52
1023,1137,2160,0.473611,0.787,1.803509e+04,5.619803e-02,2.5695,0,8,49,1045,39,52
1024,1136,2160,0.474074,0.786,1.813800e+04,3.318636e-02,2.5625,0,5,187,1044,39,52
1025,1135,2160,0.474537,0.785,1.815548e+04,3.017899e-02,2.5722,0,5,7,1043,39,52
1026,1134,2160,0.475,0.786,1.822753e+04,2.668955e-02,2.5641,0,9,4,1042,39,52
1027,1133,2160,0.475463,0.786,1.824235e+04,7.454947e-02,2.5821,0,8,176,1041,39,52
1028,1132,2160,0.475926,0.788,1.832314e+04,2.682823e-01,2.5853,2,7,6,1041,39,51
1029,1131,2160,0.476389,0.796,1.848482e+04,8.375595e-02,2.5598,2,4,6,1041,39,50
1030,1130,2160,0.476852,0.825,1.865553e+04,2.100312e-02,2.5625,0,4,89,1040,39,50
1031,1129,2160,0.477315,0.832,1.873183e+04,1.619622e-02,2.5676,0,5,124,1039,39,50
1032,1128,2160,0.477778,0.83,1.881290e+04,3.043015e-02,2.5909,0,5,20,1038,39,50
1033,1127,2160,0.478241,0.83,1.890940e+04,1.413275e-02,2.5745,0,4,37,1037,39,50
1034,1126,2160,0.478704,0.83,1.896941e+04,1.418439e-02,2.5681,0,1,71,1036,39,50
1035,1125,2160,0.479167,0.827,1.901284e+04,2.665528e-02,2.5702,0,4,81,1035,39,50
1036,1124,2160,0.47963,0.82,1.900208e+04,1.535345e-02,2.5732,0,5,32,1034,39,50
1037,1123,2160,0.480093,0.817,1.909327e+04,1.931372e-02,2.568,0,8,81,1033,39,50
1038,1122,2160,0.480556,0.813,1.911615e+04,1.154746e-02,2.5947,0,9,49,1032,39,50
1039,1121,2160,0.481019,0.812,1.915704e+04,1.246731e-02,2.5719,0,4,40,1031,39,50
1040,1120,2160,0.481481,0.813,1.921934e+04,1.396000e-02,2.5608,0,9,124,1030,39,50
1041,1119,2160,0.481944,0.814,1.926218e+04,9.520900e-03,2.6599,0,1,168,1029,39,50
1042,1118,2160,0.482407,0.814,1.931256e+04,8.973563e-03,2.5558,0,5,55,1028,39,50
1043,1117,2160,0.48287,0.814,1.935305e+04,6.122756e-03,2.5642,0,6,112,1027,39,50
1044,1116,2160,0.483333,0.815,1.941232e+04,1.570376e-02,2.5759,0,9,164,1026,39,50
1045,1115,2160,0.483796,0.815,1.951943e+04,1.035494e-02,2.5801,0,5,194,1025,39,50
1046,1114,2160,0.484259,0.814,1.957851e+04,1.190620e-02,2.5488,0,7,72,1024,39,50
1047,1113,2160,0.484722,0.814,1.967248e+04,1.113159e-02,2.5782,0,4,42,1023,39,50
1048,1112,2160,0.485185,0.812,1.974438e+04,4.906129e-03,2.5735,0,0,42,1022,39,50
1049,1111,2160,0.485648,0.813,1.978025e+04,1.007330e-02,2.5678,0,0,98,1021,39,50
1050,1110,2160,0.486111,0.812,1.979845e+04,2.132736e-02,2.5579,0,5,186,1020,39,50
1051,1109,2160,0.486574,0.815,1.983495e+04,1.131553e-02,2.5636,0,9,45,1019,39,50
1052,1108,2160,0.487037,0.813,1.989786e+04,8.842434e-03,2.5654,0,5,155,1018,39,50
1053,1107,2160,0.4875,0.811,1.994565e+04,1.572804e-02,2.5701,0,7,168,1017,39,50
1054,1106,2160,0.487963,0.814,2.002807e+04,2.014587e-02,2.5774,0,1,191,1016,39,50
1055,1105,2160,0.488426,0.81,2.010773e+04,2.424249e-02,2.6028,0,7,188,1015,39,50
1056,1104,2160,0.488889,0.812,2.024547e+04,9.389211e-03,2.6098,0,6,188,1014,39,50
1057,1103,2160,0.489352,0.812,2.029888e+04,1.067955e-02,2.5602,0,5,154,1013,39,50
1058,1102,2160,0.489815,0.812,2.032728e+04,1.404562e-02,2.5647,0,4,38,1012,39,50
1059,1101,2160,0.490278,0.811,2.041219e+04,1.330228e-02,2.5582,0,9,177,1011,39,50
1060,1100,2160,0.490741,0.807,2.048306e+04,1.880860e-02,2.5761,0,7,48,1010,39,50
1061,1099,2160,0.491204,0.808,2.059847e+04,2.518642e-02,2.5621,0,5,67,1009,39,50
1062,1098,2160,0.491667,0.81,2.074211e+04,1.219072e-02,2.5894,0,4,36,1008,39,50
1063,1097,2160,0.49213,0.81,2.082423e+04,9.401425e-03,2.5707,0,0,85,1007,39,50
1064,1096,2160,0.492593,0.81,2.089899e+04,1.633832e-02,2.5941,0,0,143,1006,39,50
1065,1095,2160,0.493056,0.815,2.102093e+04,2.844919e-02,2.588,0,1,52,1005,39,50
1066,1094,2160,0.493519,0.813,2.116610e+04,1.249238e-02,2.6141,0,9,171,1004,39,50
1067,1093,2160,0.493981,0.809,2.118234e+04,1.498012e-02,2.5789,0,6,79,1003,39,50
1068,1092,2160,0.494444,0.811,2.130302e+04,2.257107e-02,2.5851,0,7,52,1002,39,50
1069,1091,2160,0.494907,0.811,2.142254e+04,2.595459e-02,2.6261,0,7,82,1001,39,50
1070,1090,2160,0.49537,0.813,2.156152e+04,1.058682e-02,2.5825,0,3,93,1000,39,50
1071,1089,2160,0.495833,0.812,2.165008e+04,2.062351e-02,2.6097,0,1,176,999,39,50
1072,1088,2160,0.496296,0.815,2.180247e+04,1.026974e-02,2.5824,0,4,10,998,39,50
1073,1087,2160,0.496759,0.814,2.185759e+04,6.199049e-03,2.5905,0,0,10,997,39,50
1074,1086,2160,0.497222,0.815,2.187480e+04,3.083539e-02,2.581,0,4,63,996,39,50
1075,1085,2160,0.497685,0.812,2.210296e+04,2.284310e-02,2.554,0,7,178,995,39,50
1076,1084,2160,0.498148,0.814,2.226419e+04,1.526739e-02,2.5869,0,9,86,994,39,50
1077,1083,2160,0.498611,0.816,2.231829e+04,2.757319e-02,2.5596,0,7,60,993,39,50
1078,1082,2160,0.499074,0.815,2.253391e+04,7.133254e-02,2.562,2,2,6,993,39,49
1079,1081,2160,0.499537,0.825,2.300181e+04,1.011674e-01,2.5652,1,9,7,993,38,49
1080,1080,2160,0.5,0.831,2.310591e+04,2.431977e-02,2.5682,0,4,21,992,38,49
1081,1079,2160,0.500463,0.832,2.316628e+04,1.697008e-02,2.5975,0,9,21,991,38,49
1082,1078,2160,0.500926,0.827,2.320312e+04,1.330290e-02,2.6072,0,9,92,990,38,49
1083,1077,2160,0.501389,0.825,2.326104e+04,1.535937e-02,2.5805,0,9,172,989,38,49
1084,1076,2160,0.501852,0.824,2.328901e+04,1.692579e-02,2.5632,0,7,189,988,38,49
1085,1075,2160,0.502315,0.823,2.340300e+04,1.126900e-02,2.6213,0,5,43,987,38,49
1086,1074,2160,0.502778,0.823,2.348392e+04,5.631631e-03,2.5763,0,6,43,986,38,49
1087,1073,2160,0.503241,0.822,2.348793e+04,9.551677e-03,2.5702,0,6,100,985,38,49
1088,1072,2160,0.503704,0.823,2.358494e+04,8.319795e-03,2.5726,0,8,55,984,38,49
1089,1071,2160,0.504167,0.823,2.365794e+04,1.080265e-02,2.5906,0,1,133,983,38,49
1090,1070,2160,0.50463,0.824,2.373773e+04,2.821782e-02,2.5927,0,7,123,982,38,49
1091,1069,2160,0.505093,0.825,2.391110e+04,3.089422e-02,2.6127,0,7,153,981,38,49
1092,1068,2160,0.505556,0.825,2.408603e+04,6.260330e-03,2.5653,0,3,153,980,38,49
1093,1067,2160,0.506019,0.824,2.412594e+04,1.184274e-02,2.6203,0,3,22,979,38,49
1094,1066,2160,0.506481,0.825,2.423812e+04,3.067597e-02,2.5736,0,7,41,978,38,49
1095,1065,2160,0.506944,0.822,2.443677e+04,1.129984e-01,2.5609,2,5,4,978,38,48
1096,1064,2160,0.507407,0.797,2.475998e+04,3.293513e-02,2.5778,0,0,145,977,38,48
1097,1063,2160,0.50787,0.796,2.502391e+04,1.120771e-02,2.5829,0,6,13,976,38,48
1098,1062,2160,0.508333,0.798,2.510050e+04,4.036675e-03,2.5921,0,3,13,975,38,48
1099,1061,2160,0.508796,0.798,2.515040e+04,8.517057e-03,2.5795,0,6,11,974,38,48
1100,1060,2160,0.509259,0.798,2.522979e+04,6.996847e-02,2.5798,0,7,54,973,38,48
1101,1059,2160,0.509722,0.793,2.558957e+04,1.898178e-02,2.5698,0,5,54,972,38,48
1102,1058,2160,0.510185,0.791,2.562609e+04,6.199864e-02,2.5685,0,4,105,971,38,48
1103,1057,2160,0.510648,0.79,2.593654e+04,2.740599e-01,2.5692,1,6,7,971,37,48
1104,1056,2160,0.511111,0.778,2.736663e+04,9.235183e-03,2.5951,0,7,45,970,37,48
1105,1055,2160,0.511574,0.779,2.740812e+04,9.876752e-03,2.5733,0,7,25,969,37,48
1106,1054,2160,0.512037,0.779,2.749592e+04,1.478742e-02,2.6422,0,8,18,968,37,48
1107,1053,2160,0.5125,0.78,2.750899e+04,8.411015e-03,2.6061,0,9,18,967,37,48
1108,1052,2160,0.512963,0.781,2.756279e+04,1.027948e-02,2.5645,0,6,37,966,37,48
1109,1051,2160,0.513426,0.779,2.759470e+04,8.690492e-03,2.575,0,9,55,965,37,48
1110,1050,2160,0.513889,0.777,2.762705e+04,5.686082e-03,2.555,0,3,55,964,37,48
1111,1049,2160,0.514352,0.777,2.767203e+04,1.126885e-02,2.5714,0,0,2,963,37,48
1112,1048,2160,0.514815,0.779,2.776552e+04,1.406638e-02,2.5823,0,1,84,962,37,48
1113,1047,2160,0.515278,0.783,2.777507e+04,4.258847e-03,2.5661,0,5,84,961,37,48
1114,1046,2160,0.515741,0.783,2.779133e+04,1.279438e-02,2.5892,0,9,22,960,37,48
1115,1045,2160,0.516204,0.783,2.784814e+04,1.399046e-02,2.5958,0,4,24,959,37,48
1116,1044,2160,0.516667,0.784,2.792112e+04,1.141355e-02,2.5695,0,8,24,958,37,48
1117,1043,2160,0.51713,0.784,2.800379e+04,1.211167e-02,2.5911,0,7,27,957,37,48
1118,1042,2160,0.517593,0.784,2.812538e+04,1.152822e-02,2.6165,0,7,183,956,37,48
1119,1041,2160,0.518056,0.782,2.819935e+04,1.328458e-02,2.5716,0,7,42,955,37,48
1120,1040,2160,0.518519,0.783,2.830912e+04,1.224072e-02,2.588,0,0,69,954,37,48
1121,1039,2160,0.518981,0.783,2.835432e+04,6.973874e-03,2.5672,0,4,69,953,37,48
1122,1038,2160,0.519444,0.782,2.840491e+04,1.117052e-02,2.5651,0,7,28,952,37,48
1123,1037,2160,0.519907,0.782,2.850404e+04,9.422207e-03,2.5688,0,5,28,951,37,48
1124,1036,2160,0.52037,0.78,2.855380e+04,1.321849e-02,2.5696,0,8,56,950,37,48
1125,1035,2160,0.520833,0.779,2.863859e+04,1.522975e-02,2.5886,0,7,51,949,37,48
1126,1034,2160,0.521296,0.777,2.880151e+04,1.351240e-02,2.5846,0,7,12,948,37,48
1127,1033,2160,0.521759,0.778,2.892977e+04,2.016076e-02,2.5688,0,4,77,947,37,48
1128,1032,2160,0.522222,0.779,2.917260e+04,1.959101e-02,2.567,0,5,75,946,37,48
1129,1031,2160,0.522685,0.785,2.931892e+04,1.340602e-02,2.5867,0,6,53,945,37,48
1130,1030,2160,0.523148,0.781,2.952728e+04,1.229368e-02,2.5598,0,4,22,944,37,48
1131,1029,2160,0.523611,0.782,2.961912e+04,9.658510e-03,2.5981,0,8,154,943,37,48
1132,1028,2160,0.524074,0.781,2.964588e+04,8.110112e-03,2.5856,0,6,154,942,37,48
1133,1027,2160,0.524537,0.782,2.971895e+04,1.128129e-02,2.5682,0,3,26,941,37,48
1134,1026,2160,0.525,0.782,2.978745e+04,1.092942e-02,2.6297,0,1,41,940,37,48
1135,1025,2160,0.525463,0.782,2.985419e+04,8.033799e-03,2.5788,0,3,41,939,37,48
1136,1024,2160,0.525926,0.782,2.989499e+04,1.435989e-02,2.5686,0,7,182,938,37,48
1137,1023,2160,0.526389,0.782,3.001064e+04,1.660815e-02,2.5925,0,4,182,937,37,48
1138,1022,2160,0.526852,0.782,3.005114e+04,1.085874e-02,2.592,0,8,182,936,37,48
1139,1021,2160,0.527315,0.78,3.009373e+04,5.340825e-03,2.5866,0,1,182,935,37,48
1140,1020,2160,0.527778,0.779,3.009521e+04,1.672934e-02,2.5747,0,7,61,934,37,48
1141,1019,2160,0.528241,0.781,3.027375e+04,4.374506e-02,2.5615,2,0,2,934,37,47
1142,1018,2160,0.528704,0.776,3.072243e+04,9.700406e-03,2.5806,0,9,184,933,37,47
1143,1017,2160,0.529167,0.776,3.076751e+04,1.836199e-02,2.5601,0,9,94,932,37,47
1144,1016,2160,0.52963,0.774,3.080763e+04,2.431325e-02,2.6199,0,6,68,931,37,47
1145,1015,2160,0.530093,0.778,3.089029e+04,3.829420e-02,2.5849,0,1,68,930,37,47
1146,1014,2160,0.530556,0.785,3.107026e+04,2.222419e-02,2.5911,0,5,146,929,37,47
1147,1013,2160,0.531019,0.78,3.112552e+04,1.452359e-02,2.5533,0,0,165,928,37,47
1148,1012,2160,0.531481,0.779,3.126884e+04,1.096812e-02,2.5645,0,9,23,927,37,47
1149,1011,2160,0.531944,0.782,3.133788e+04,1.199051e-02,2.5911,0,6,164,926,37,47
1150,1010,2160,0.532407,0.782,3.141931e+04,1.233752e-02,2.5739,0,3,167,925,37,47
1151,1009,2160,0.53287,0.782,3.160636e+04,8.982017e-03,2.5544,0,6,2,924,37,47
1152,1008,2160,0.533333,0.783,3.161536e+04,1.956441e-02,2.5844,0,7,175,923,37,47
1153,1007,2160,0.533796,0.783,3.175703e+04,1.752597e-02,2.6005,0,1,175,922,37,47
1154,1006,2160,0.534259,0.784,3.188819e+04,1.940570e-02,2.6058,0,8,175,921,37,47
1155,1005,2160,0.534722,0.784,3.187637e+04,1.263371e-02,2.5722,0,0,30,920,37,47
1156,1004,2160,0.535185,0.784,3.203442e+04,7.434022e-02,2.5695,1,6,9,920,36,47
1157,1003,2160,0.535648,0.787,3.221466e+04,1.404076e-02,2.5832,0,8,178,919,36,47
1158,1002,2160,0.536111,0.788,3.221840e+04,2.303498e-02,2.5665,0,7,132,918,36,47
1159,1001,2160,0.536574,0.787,3.236693e+04,1.723417e-02,2.5699,0,8,132,917,36,47
1160,1000,2160,0.537037,0.785,3.232970e+04,1.230050e-02,2.5846,0,6,150,916,36,47
1161,999,2160,0.5375,0.785,3.239644e+04,2.144078e-02,2.5668,0,7,104,915,36,47
1162,998,2160,0.537963,0.786,3.254500e+04,3.675587e-02,2.5778,0,8,89,914,36,47
1163,997,2160,0.538426,0.789,3.259816e+04,1.128916e-02,2.5717,0,5,181,913,36,47
1164,996,2160,0.538889,0.789,3.267760e+04,5.365001e-03,2.5716,0,1,181,912,36,47
1165,995,2160,0.539352,0.789,3.270861e+04,1.936534e-02,2.5914,0,9,128,911,36,47
1166,994,2160,0.539815,0.789,3.274273e+04,1.115335e-02,2.5884,0,8,180,910,36,47
1167,993,2160,0.540278,0.789,3.285525e+04,1.055176e-02,2.646,0,9,180,909,36,47
1168,992,2160,0.540741,0.788,3.288220e+04,1.171408e-02,2.5727,0,8,125,908,36,47
1169,991,2160,0.541204,0.788,3.301476e+04,7.017332e-03,2.5661,0,5,69,907,36,47
1170,990,2160,0.541667,0.785,3.311356e+04,1.557110e-02,2.5776,0,5,166,906,36,47
1171,989,2160,0.54213,0.786,3.316769e+04,1.349413e-02,2.6447,0,7,166,905,36,47
1172,988,2160,0.542593,0.785,3.324110e+04,1.502448e-02,2.5967,0,6,21,904,36,47
1173,987,2160,0.543056,0.783,3.337182e+04,4.446334e-02,2.5826,0,5,107,903,36,47
1174,986,2160,0.543519,0.783,3.336596e+04,1.494261e-02,2.5796,0,9,5,902,36,47
1175,985,2160,0.543981,0.78,3.344154e+04,5.420290e-03,2.567,0,4,5,901,36,47
1176,984,2160,0.544444,0.781,3.346036e+04,1.808260e-02,2.5639,0,3,24,900,36,47
1177,983,2160,0.544907,0.782,3.362531e+04,1.520753e-02,2.603,0,9,98,899,36,47
1178,982,2160,0.54537,0.783,3.374542e+04,1.567440e-02,2.5747,0,4,2,898,36,47
1179,981,2160,0.545833,0.783,3.385321e+04,3.597936e-02,2.6024,0,5,86,897,36,47
1180,980,2160,0.546296,0.789,3.403941e+04,1.100529e-02,2.5621,0,0,86,896,36,47
1181,979,2160,0.546759,0.785,3.401055e+04,4.105934e-02,2.5717,0,0,159,895,36,47
1182,978,2160,0.547222,0.782,3.409751e+04,1.885552e-02,2.577,0,8,47,894,36,47
1183,977,2160,0.547685,0.781,3.415460e+04,2.631010e-02,2.5956,0,1,87,893,36,47
1184,976,2160,0.548148,0.782,3.422664e+04,2.040516e-02,2.572,0,3,101,892,36,47
1185,975,2160,0.548611,0.786,3.445763e+04,1.327008e-02,2.5732,0,8,7,891,36,47
1186,974,2160,0.549074,0.785,3.456464e+04,1.504049e-02,2.6203,0,5,37,890,36,47
1187,973,2160,0.549537,0.788,3.463264e+04,1.548794e-02,2.6163,0,0,110,889,36,47
1188,972,2160,0.55,0.787,3.472911e+04,9.281699e-03,2.5854,0,0,111,888,36,47
1189,971,2160,0.550463,0.788,3.484324e+04,1.290335e-02,2.5736,0,6,6,887,36,47
1190,970,2160,0.550926,0.788,3.497550e+04,2.050575e-02,2.5698,0,4,1,886,36,47
1191,969,2160,0.551389,0.789,3.501570e+04,1.033816e-02,2.5802,0,6,16,885,36,47
1192,968,2160,0.551852,0.788,3.518574e+04,2.017680e-02,2.5698,0,4,130,884,36,47
1193,967,2160,0.552315,0.787,3.530859e+04,2.835695e-02,2.5831,0,1,108,883,36,47
1194,966,2160,0.552778,0.789,3.543459e+04,3.142898e-02,2.5659,0,7,116,882,36,47
1195,965,2160,0.553241,0.788,3.572377e+04,9.602924e-03,2.5706,0,0,154,881,36,47
1196,964,2160,0.553704,0.788,3.584681e+04,1.692509e-02,2.5755,0,4,59,880,36,47
1197,963,2160,0.554167,0.788,3.593901e+04,3.556903e-02,2.6073,0,7,163,879,36,47
1198,962,2160,0.55463,0.788,3.621533e+04,3.679885e-02,2.5644,0,7,109,878,36,47
1199,961,2160,0.555093,0.784,3.650566e+04,3.267313e-02,2.5813,0,1,96,877,36,47
1200,960,2160,0.555556,0.786,3.662539e+04,4.373364e-02,2.6288,0,7,187,876,36,47
1201,959,2160,0.556019,0.786,3.692209e+04,6.839603e-02,2.5644,0,7,170,875,36,47
1202,958,2160,0.556481,0.785,3.746996e+04,9.244121e-02,2.5837,0,7,85,874,36,47
1203,957,2160,0.556944,0.787,3.817645e+04,2.793195e-01,2.6388,1,4,7,874,35,47
1204,956,2160,0.557407,0.786,4.029229e+04,1.852437e-02,2.5672,0,8,80,873,35,47
1205,955,2160,0.55787,0.788,4.030302e+04,1.674319e-02,2.5657,0,3,110,872,35,47
1206,954,2160,0.558333,0.788,4.033329e+04,3.896596e-02,2.5753,0,5,68,871,35,47
1207,953,2160,0.558796,0.794,4.044169e+04,1.504791e-02,2.5894,0,7,68,870,35,47
1208,952,2160,0.559259,0.792,4.034743e+04,2.021045e-02,2.573,0,8,53,869,35,47
1209,951,2160,0.559722,0.791,4.040217e+04,2.302078e-02,2.5661,0,9,53,868,35,47
1210,950,2160,0.560185,0.787,4.051083e+04,5.829592e-02,2.5732,0,3,80,867,35,47
1211,949,2160,0.560648,0.792,4.073115e+04,3.464746e-02,2.581,0,0,68,866,35,47
1212,948,2160,0.561111,0.79,4.106293e+04,1.322520e-02,2.557,0,5,125,865,35,47
1213,947,2160,0.561574,0.791,4.121873e+04,1.133812e-02,2.5725,0,3,125,864,35,47
1214,946,2160,0.562037,0.791,4.126203e+04,3.243455e-02,2.5676,0,4,147,863,35,47
1215,945,2160,0.5625,0.784,4.159846e+04,2.254686e-02,2.5982,0,7,46,862,35,47
1216,944,2160,0.562963,0.786,4.172517e+04,1.740786e-02,2.5596,0,7,107,861,35,47
1217,943,2160,0.563426,0.783,4.181117e+04,1.729350e-02,2.5709,0,6,29,860,35,47
1218,942,2160,0.563889,0.784,4.198420e+04,2.901730e-02,2.5948,0,4,33,859,35,47
1219,941,2160,0.564352,0.79,4.202026e+04,9.288386e-02,2.5753,0,3,81,858,35,47
1220,940,2160,0.564815,0.784,4.284196e+04,2.518571e-02,2.5706,0,5,121,857,35,47
1221,939,2160,0.565278,0.786,4.312216e+04,2.530864e-02,2.5901,0,4,100,856,35,47
1222,938,2160,0.565741,0.789,4.322643e+04,2.129706e-02,2.5716,0,9,68,855,35,47
1223,937,2160,0.566204,0.789,4.327800e+04,1.728829e-02,2.5769,0,6,165,854,35,47
1224,936,2160,0.566667,0.79,4.329988e+04,2.331565e-02,2.562,0,3,188,853,35,47
1225,935,2160,0.56713,0.792,4.352739e+04,1.280118e-02,2.5744,0,3,97,852,35,47
1226,934,2160,0.567593,0.795,4.361644e+04,1.283295e-02,2.5721,0,9,97,851,35,47
1227,933,2160,0.568056,0.797,4.382151e+04,2.189148e-02,2.5673,0,0,138,850,35,47
1228,932,2160,0.568519,0.802,4.401704e+04,1.921549e-02,2.5684,0,7,120,849,35,47
1229,931,2160,0.568981,0.804,4.414381e+04,2.921212e-02,2.5788,0,7,129,848,35,47
1230,930,2160,0.569444,0.801,4.428267e+04,1.670424e-02,2.6007,0,5,185,847,35,47
1231,929,2160,0.569907,0.801,4.447156e+04,2.338715e-02,2.6244,0,3,71,846,35,47
1232,928,2160,0.57037,0.801,4.474024e+04,2.058744e-02,2.5672,0,9,44,845,35,47
1233,927,2160,0.570833,0.799,4.499498e+04,1.575670e-02,2.5839,0,3,139,844,35,47
1234,926,2160,0.571296,0.804,4.512579e+04,1.922170e-02,2.5692,0,3,190,843,35,47
1235,925,2160,0.571759,0.802,4.536977e+04,1.024008e-02,2.5829,0,6,190,842,35,47
1236,924,2160,0.572222,0.803,4.533083e+04,1.627839e-02,2.6117,0,0,192,841,35,47
1237,923,2160,0.572685,0.805,4.547090e+04,1.467875e-02,2.6207,0,8,69,840,35,47
1238,922,2160,0.573148,0.805,4.564779e+04,4.064981e-02,2.5924,0,4,75,839,35,47
1239,921,2160,0.573611,0.81,4.603243e+04,3.807052e-02,2.5939,0,8,147,838,35,47
1240,920,2160,0.574074,0.817,4.622042e+04,1.803443e-02,2.5871,0,8,4,837,35,47
1241,919,2160,0.574537,0.817,4.652859e+04,2.083625e-02,2.5632,0,8,179,836,35,47
1242,918,2160,0.575,0.817,4.679623e+04,4.810834e-02,2.5621,0,3,122,835,35,47
1243,917,2160,0.575463,0.818,4.662736e+04,2.717738e-02,2.5806,0,1,18,834,35,47
1244,916,2160,0.575926,0.825,4.689823e+04,3.920724e-02,2.5778,0,3,107,833,35,47
1245,915,2160,0.576389,0.827,4.693308e+04,4.159222e-02,2.5817,0,5,63,832,35,47
1246,914,2160,0.576852,0.831,4.725328e+04,3.410951e-02,2.5713,0,6,189,831,35,47
1247,913,2160,0.577315,0.829,4.765405e+04,2.176162e-02,2.5664,0,1,1,830,35,47
1248,912,2160,0.577778,0.833,4.787724e+04,4.778485e-03,2.5587,0,8,1,829,35,47
1249,911,2160,0.578241,0.833,4.789673e+04,1.703409e-02,2.5662,0,4,133,828,35,47
1250,910,2160,0.578704,0.83,4.797461e+04,2.986246e-02,2.5728,0,9,31,827,35,47
1251,909,2160,0.579167,0.831,4.835872e+04,2.812803e-02,2.5512,0,9,71,826,35,47
1252,908,2160,0.57963,0.833,4.874561e+04,1.216938e-02,2.5907,0,0,11,825,35,47
1253,907,2160,0.580093,0.832,4.890559e+04,4.404472e-02,2.5575,0,8,115,824,35,47
1254,906,2160,0.580556,0.837,4.944824e+04,3.877920e-02,2.6227,0,9,163,823,35,47
1255,905,2160,0.581019,0.838,4.977388e+04,3.682759e-02,2.5718,0,9,79,822,35,47
1256,904,2160,0.581481,0.836,5.009341e+04,2.655195e-02,2.6257,0,9,187,821,35,47
1257,903,2160,0.581944,0.836,5.053496e+04,4.803211e-02,2.5726,0,4,88,820,35,47
1258,902,2160,0.582407,0.831,5.126894e+04,3.626339e-02,2.6073,0,0,57,819,35,47
1259,901,2160,0.58287,0.833,5.159997e+04,2.382070e-02,2.6025,0,0,37,818,35,47
1260,900,2160,0.583333,0.833,5.165559e+04,2.334321e-02,2.6048,0,0,38,817,35,47
1261,899,2160,0.583796,0.834,5.174014e+04,2.845513e-01,2.5963,2,0,6,817,35,46
1262,898,2160,0.584259,0.849,1.001205e+05,1.982679e-02,2.5752,0,3,115,816,35,46
1263,897,2160,0.584722,0.849,1.002113e+05,1.274809e-02,2.5829,0,6,3,815,35,46
1264,896,2160,0.585185,0.85,1.004117e+05,2.661573e-02,2.5724,0,0,114,814,35,46
1265,895,2160,0.585648,0.845,1.005047e+05,5.410749e-02,2.5809,0,5,127,813,35,46
1266,894,2160,0.586111,0.844,9.992317e+04,7.155405e-02,2.5731,0,5,123,812,35,46
1267,893,2160,0.586574,0.846,9.892740e+04,6.378745e-02,2.5779,0,3,4,811,35,46
1268,892,2160,0.587037,0.84,9.963309e+04,1.795238e-02,2.5768,0,6,10,810,35,46
1269,891,2160,0.5875,0.837,9.965965e+04,2.078408e-02,2.5691,0,7,50,809,35,46
1270,890,2160,0.587963,0.832,9.975585e+04,1.358704e-02,2.6052,0,6,84,808,35,46
1271,889,2160,0.588426,0.831,9.993603e+04,3.124291e-02,2.5722,0,0,140,807,35,46
1272,888,2160,0.588889,0.833,9.994346e+04,3.691593e-02,2.6191,1,8,0,807,34,46
1273,887,2160,0.589352,0.833,9.976193e+04,4.326622e-02,2.6034,0,4,164,806,34,46
1274,886,2160,0.589815,0.846,9.948877e+04,2.564870e-02,2.5663,0,3,0,805,34,46
1275,885,2160,0.590278,0.845,9.967898e+04,1.368440e-02,2.5711,0,8,166,804,34,46
1276,884,2160,0.590741,0.844,9.996139e+04,2.720421e-02,2.5902,0,9,162,803,34,46
1277,883,2160,0.591204,0.841,1.001548e+05,3.178993e-02,2.5543,0,4,162,802,34,46
1278,882,2160,0.591667,0.844,9.990977e+04,3.542367e-02,2.5943,0,4,168,801,34,46
1279,881,2160,0.59213,0.846,9.994874e+04,3.867166e-02,2.574,0,1,62,800,34,46
1280,880,2160,0.592593,0.844,1.006246e+05,3.040427e-02,2.6189,0,6,62,799,34,46
1281,879,2160,0.593056,0.844,1.004191e+05,8.468924e-02,2.588,0,1,147,798,34,46
1282,878,2160,0.593519,0.835,1.009826e+05,1.416430e-02,2.5844,0,7,74,797,34,46
1283,877,2160,0.593981,0.834,1.011121e+05,2.243973e-02,2.582,0,4,56,796,34,46
1284,876,2160,0.594444,0.831,1.013835e+05,2.713031e-02,2.5895,0,4,176,795,34,46
1285,875,2160,0.594907,0.824,1.019226e+05,1.511603e-02,2.5684,0,7,118,794,34,46
1286,874,2160,0.59537,0.823,1.020985e+05,9.571640e-03,2.5946,0,7,59,793,34,46
1287,873,2160,0.595833,0.82,1.022538e+05,1.007642e-02,2.5809,0,7,157,792,34,46
1288,872,2160,0.596296,0.82,1.022862e+05,4.086733e-02,2.5923,0,4,122,791,34,46
1289,871,2160,0.596759,0.825,1.021360e+05,2.932882e-02,2.5769,0,4,102,790,34,46
1290,870,2160,0.597222,0.818,1.023805e+05,2.822803e-02,2.652,0,0,102,789,34,46
1291,869,2160,0.597685,0.821,1.025637e+05,1.210216e-02,2.5746,0,5,1,788,34,46
1292,868,2160,0.598148,0.818,1.026850e+05,1.011643e-02,2.5692,0,7,24,787,34,46
1293,867,2160,0.598611,0.818,1.027574e+05,9.670535e-03,2.58,0,6,153,786,34,46
1294,866,2160,0.599074,0.818,1.028648e+05,6.146656e-03,2.5834,0,8,153,785,34,46
1295,865,2160,0.599537,0.815,1.029668e+05,1.774773e-02,2.5819,0,6,158,784,34,46
1296,864,2160,0.6,0.816,1.030718e+05,1.597066e-02,2.5851,0,0,70,783,34,46
1297,863,2160,0.600463,0.813,1.032913e+05,1.972494e-02,2.568,0,5,70,782,34,46
1298,862,2160,0.600926,0.811,1.034135e+05,5.467266e-02,2.5706,0,5,23,781,34,46
1299,861,2160,0.601389,0.809,1.039496e+05,5.577830e-02,2.5724,0,5,173,780,34,46
1300,860,2160,0.601852,0.802,1.045811e+05,3.722437e-02,2.589,0,1,174,779,34,46
1301,859,2160,0.602315,0.8,1.050217e+05,1.374021e-01,2.5689,2,2,1,779,34,45
1302,858,2160,0.602778,0.775,1.068656e+05,1.812319e-02,2.5683,0,8,174,778,34,45
1303,857,2160,0.603241,0.782,1.069244e+05,2.993740e-02,2.5789,0,1,39,777,34,45
1304,856,2160,0.603704,0.789,1.069500e+05,8.176922e-03,2.5789,0,7,131,776,34,45
1305,855,2160,0.604167,0.789,1.070903e+05,9.006877e-02,2.6058,2,8,7,776,34,44
1306,854,2160,0.60463,0.777,1.089399e+05,5.227993e-02,2.5906,2,6,1,776,34,43
1307,853,2160,0.605093,0.764,1.095860e+05,1.373778e-02,2.6051,0,9,189,775,34,43
1308,852,2160,0.605556,0.762,1.099951e+05,1.094538e-01,2.5847,1,1,8,775,33,43
1309,851,2160,0.606019,0.742,1.139188e+05,1.115722e-02,2.5686,0,7,137,774,33,43
1310,850,2160,0.606481,0.742,1.137595e+05,1.937520e-02,2.5765,0,4,151,773,33,43
1311,849,2160,0.606944,0.745,1.142025e+05,1.003245e-02,2.5721,0,7,47,772,33,43
1312,848,2160,0.607407,0.744,1.142540e+05,9.324787e-03,2.5909,0,8,16,771,33,43
1313,847,2160,0.60787,0.744,1.141613e+05,9.566764e-03,2.5745,0,6,5,770,33,43
1314,846,2160,0.608333,0.744,1.143111e+05,9.536846e-03,2.6067,0,8,5,769,33,43
1315,845,2160,0.608796,0.744,1.141574e+05,5.878979e-03,2.5621,0,7,16,768,33,43
1316,844,2160,0.609259,0.743,1.141768e+05,6.266098e-03,2.5767,0,7,108,767,33,43
1317,843,2160,0.609722,0.744,1.142914e+05,1.561677e-02,2.5972,0,7,95,766,33,43
1318,842,2160,0.610185,0.742,1.140001e+05,7.694690e-03,2.5963,0,7,96,765,33,43
1319,841,2160,0.610648,0.739,1.140936e+05,1.628411e-02,2.5867,0,6,152,764,33,43
1320,840,2160,0.611111,0.74,1.140177e+05,2.735338e-02,2.5775,0,8,51,763,33,43
1321,839,2160,0.611574,0.741,1.141011e+05,1.911524e-02,2.5577,0,9,75,762,33,43
1322,838,2160,0.612037,0.746,1.138483e+05,1.176741e-02,2.5823,0,7,136,761,33,43
1323,837,2160,0.6125,0.745,1.139542e+05,4.598146e-02,2.5695,0,3,74,760,33,43
1324,836,2160,0.612963,0.733,1.158585e+05,1.616473e-02,2.5895,0,0,74,759,33,43
1325,835,2160,0.613426,0.733,1.157661e+05,3.591372e-02,2.5905,0,5,141,758,33,43
1326,834,2160,0.613889,0.735,1.145511e+05,2.026088e-02,2.5587,0,6,141,757,33,43
1327,833,2160,0.614352,0.733,1.152058e+05,1.381824e-02,2.5633,0,6,191,756,33,43
1328,832,2160,0.614815,0.738,1.152079e+05,1.313279e-02,2.5775,0,4,191,755,33,43
1329,831,2160,0.615278,0.737,1.155213e+05,2.545819e-02,2.5655,0,9,105,754,33,43
1330,830,2160,0.615741,0.739,1.155660e+05,1.859553e-02,2.5853,0,6,7,753,33,43
1331,829,2160,0.616204,0.74,1.153754e+05,1.487593e-02,2.6093,0,7,66,752,33,43
1332,828,2160,0.616667,0.739,1.156557e+05,1.301589e-02,2.6266,0,7,135,751,33,43
1333,827,2160,0.61713,0.739,1.157104e+05,7.437785e-03,2.5677,0,7,92,750,33,43
1334,826,2160,0.617593,0.739,1.156262e+05,1.414087e-02,2.5962,0,7,142,749,33,43
1335,825,2160,0.618056,0.739,1.154450e+05,1.747121e-02,2.5671,0,6,15,748,33,43
1336,824,2160,0.618519,0.74,1.152691e+05,5.884396e-02,2.6181,0,5,94,747,33,43
1337,823,2160,0.618981,0.741,1.139440e+05,3.555253e-02,2.5891,0,4,132,746,33,43
1338,822,2160,0.619444,0.739,1.150581e+05,3.018534e-02,2.5904,0,9,73,745,33,43
1339,821,2160,0.619907,0.743,1.138176e+05,1.886372e-02,2.5713,0,6,66,744,33,43
1340,820,2160,0.62037,0.745,1.140781e+05,1.137917e-02,2.6003,0,3,59,743,33,43
1341,819,2160,0.620833,0.745,1.140950e+05,3.063733e-02,2.5582,0,6,23,742,33,43
1342,818,2160,0.621296,0.748,1.138567e+05,1.465601e-02,2.5634,0,9,3,741,33,43
1343,817,2160,0.621759,0.747,1.140964e+05,1.465657e-02,2.6297,0,6,14,740,33,43
1344,816,2160,0.622222,0.743,1.145327e+05,2.893307e-02,2.581,0,1,51,739,33,43
1345,815,2160,0.622685,0.744,1.148896e+05,1.461491e-02,2.5638,0,9,112,738,33,43
1346,814,2160,0.623148,0.745,1.150477e+05,9.470084e-03,2.5654,0,4,112,737,33,43
1347,813,2160,0.623611,0.746,1.151664e+05,4.060746e-02,2.5742,0,1,64,736,33,43
1348,812,2160,0.624074,0.746,1.153333e+05,7.914393e-02,2.5849,0,8,64,735,33,43
1349,811,2160,0.624537,0.746,1.153066e+05,1.804266e-02,2.6384,0,6,64,734,33,43
1350,810,2160,0.625,0.745,1.153650e+05,1.637200e-02,2.6175,0,4,183,733,33,43
1351,809,2160,0.625463,0.743,1.159515e+05,3.989654e-02,2.5699,0,8,117,732,33,43
1352,808,2160,0.625926,0.753,1.149167e+05,1.415336e-01,2.5644,0,1,106,731,33,43
1353,807,2160,0.626389,0.726,1.192310e+05,7.967820e-02,2.5749,0,5,58,730,33,43
1354,806,2160,0.626852,0.714,1.230724e+05,2.392257e-02,2.5725,0,9,170,729,33,43
1355,805,2160,0.627315,0.71,1.243528e+05,2.895921e-02,2.5733,0,9,57,728,33,43
1356,804,2160,0.627778,0.706,1.261030e+05,3.643125e-02,2.5909,0,8,77,727,33,43
1357,803,2160,0.628241,0.703,1.277431e+05,9.043966e-02,2.5582,2,5,2,727,33,42
1358,802,2160,0.628704,0.694,1.326796e+05,1.458511e-02,2.5965,0,0,40,726,33,42
1359,801,2160,0.629167,0.69,1.331082e+05,9.376401e-02,2.5815,1,7,6,726,32,42
1360,800,2160,0.62963,0.685,1.365849e+05,1.417185e-02,2.5762,0,0,32,725,32,42
1361,799,2160,0.630093,0.683,1.371958e+05,1.630602e-02,2.5648,0,5,170,724,32,42
1362,798,2160,0.630556,0.683,1.377412e+05,1.545542e-02,2.5701,0,9,20,723,32,42
1363,797,2160,0.631019,0.685,1.384506e+05,9.568559e-03,2.5671,0,4,17,722,32,42
1364,796,2160,0.631481,0.684,1.386510e+05,2.980587e-02,2.5743,0,5,57,721,32,42
1365,795,2160,0.631944,0.683,1.400476e+05,1.599615e-02,2.5685,0,6,160,720,32,42
1366,794,2160,0.632407,0.682,1.404066e+05,1.408564e-02,2.583,0,4,32,719,32,42
1367,793,2160,0.63287,0.681,1.409018e+05,9.513814e-02,2.575,2,9,2,719,32,41
1368,792,2160,0.633333,0.676,1.422683e+05,3.378571e-02,2.5764,0,5,45,718,32,41
1369,791,2160,0.633796,0.676,1.431562e+05,4.409545e-02,2.5861,2,9,8,718,32,40
1370,790,2160,0.634259,0.676,1.438458e+05,2.219502e-02,2.5675,0,5,38,717,32,40
1371,789,2160,0.634722,0.675,1.446416e+05,1.364041e-02,2.5717,0,4,46,716,32,40
1372,788,2160,0.635185,0.675,1.449338e+05,7.822676e-03,2.5758,0,9,46,715,32,40
1373,787,2160,0.635648,0.675,1.449011e+05,1.392145e-02,2.5703,0,8,12,714,32,40
1374,786,2160,0.636111,0.676,1.452149e+05,1.363052e-02,2.5652,0,7,37,713,32,40
1375,785,2160,0.636574,0.676,1.455897e+05,1.451592e-02,2.5602,0,8,19,712,32,40
1376,784,2160,0.637037,0.676,1.456935e+05,1.306803e-02,2.5668,0,7,36,711,32,40
1377,783,2160,0.6375,0.675,1.458192e+05,1.204772e-02,2.5913,0,9,43,710,32,40
1378,782,2160,0.637963,0.675,1.460371e+05,2.315953e-02,2.5737,0,1,85,709,32,40
1379,781,2160,0.638426,0.676,1.465385e+05,1.089611e-02,2.5686,0,4,43,708,32,40
1380,780,2160,0.638889,0.676,1.467548e+05,3.608973e-02,2.6273,0,5,71,707,32,40
1381,779,2160,0.639352,0.676,1.474062e+05,9.685206e-03,2.6053,0,7,119,706,32,40
1382,778,2160,0.639815,0.674,1.474788e+05,7.016850e-03,2.5662,0,7,167,705,32,40
1383,777,2160,0.640278,0.673,1.475595e+05,6.461502e-02,2.588,0,3,177,704,32,40
1384,776,2160,0.640741,0.672,1.485248e+05,3.524591e-02,2.5875,0,1,82,703,32,40
1385,775,2160,0.641204,0.674,1.482250e+05,1.168539e-02,2.5886,0,7,33,702,32,40
1386,774,2160,0.641667,0.672,1.481290e+05,7.416043e-02,2.5643,0,1,122,701,32,40
1387,773,2160,0.64213,0.671,1.486482e+05,9.223505e-02,2.5757,0,4,101,700,32,40
1388,772,2160,0.642593,0.672,1.476777e+05,3.464854e-02,2.5911,0,0,116,699,32,40
1389,771,2160,0.643056,0.672,1.472949e+05,2.515089e-01,2.7258,1,8,8,699,31,40
1390,770,2160,0.643519,0.675,1.463749e+05,7.171542e-03,2.5725,0,3,46,698,31,40
1391,769,2160,0.643981,0.675,1.465695e+05,1.001805e-02,2.5654,0,8,114,697,31,40
1392,768,2160,0.644444,0.675,1.465205e+05,2.016228e-02,2.5686,0,8,107,696,31,40
1393,767,2160,0.644907,0.674,1.466053e+05,1.222278e-02,2.5783,0,3,130,695,31,40
1394,766,2160,0.64537,0.675,1.466548e+05,1.045590e-02,2.5787,0,6,130,694,31,40
1395,765,2160,0.645833,0.675,1.468223e+05,8.895444e-03,2.5731,0,8,157,693,31,40
1396,764,2160,0.646296,0.675,1.470213e+05,1.752526e-02,2.5691,0,8,177,692,31,40
1397,763,2160,0.646759,0.674,1.472057e+05,1.033343e-02,2.6077,0,9,123,691,31,40
1398,762,2160,0.647222,0.674,1.471517e+05,1.380397e-02,2.569,0,5,92,690,31,40
1399,761,2160,0.647685,0.675,1.477389e+05,1.115478e-02,2.5829,0,3,98,689,31,40
1400,760,2160,0.648148,0.675,1.478276e+05,6.664347e-03,2.6088,0,7,111,688,31,40
1401,759,2160,0.648611,0.676,1.479079e+05,1.455541e-02,2.5617,0,8,13,687,31,40
1402,758,2160,0.649074,0.677,1.481395e+05,4.862804e-02,2.5724,0,5,78,686,31,40
1403,757,2160,0.649537,0.672,1.492595e+05,3.039682e-02,2.6081,0,0,78,685,31,40
1404,756,2160,0.65,0.672,1.492126e+05,1.628185e-02,2.6178,0,7,134,684,31,40
1405,755,2160,0.650463,0.673,1.492580e+05,6.395648e-02,2.6056,0,4,146,683,31,40
1406,754,2160,0.650926,0.671,1.497895e+05,6.062296e-02,2.6207,2,0,3,683,31,39
1407,753,2160,0.651389,0.668,1.504309e+05,1.371468e-02,2.5712,0,8,134,682,31,39
1408,752,2160,0.651852,0.667,1.507597e+05,1.437227e-02,2.5843,0,5,195,681,31,39
1409,751,2160,0.652315,0.669,1.510333e+05,1.067227e-02,2.568,0,1,195,680,31,39
1410,750,2160,0.652778,0.669,1.510709e+05,1.529028e-02,2.62,0,7,49,679,31,39
1411,749,2160,0.653241,0.665,1.512932e+05,9.157990e-02,2.6053,2,1,2,679,31,38
1412,748,2160,0.653704,0.666,1.536567e+05,1.333878e-02,2.5948,0,4,98,678,31,38
1413,747,2160,0.654167,0.666,1.541154e+05,1.776677e-02,2.5657,0,6,163,677,31,38
1414,746,2160,0.65463,0.665,1.544067e+05,1.775662e-02,2.5842,0,6,135,676,31,38
1415,745,2160,0.655093,0.666,1.544883e+05,6.640652e-03,2.5801,0,5,9,675,31,38
1416,744,2160,0.655556,0.667,1.548701e+05,2.179829e-02,2.5755,0,6,1,674,31,38
1417,743,2160,0.656019,0.667,1.552491e+05,7.546072e-03,2.5711,0,7,67,673,31,38
1418,742,2160,0.656481,0.667,1.553390e+05,2.206861e-02,2.5826,0,7,63,672,31,38
1419,741,2160,0.656944,0.668,1.550396e+05,1.157258e-02,2.5708,0,7,62,671,31,38
1420,740,2160,0.657407,0.666,1.547868e+05,1.181336e-02,2.5809,0,7,130,670,31,38
1421,739,2160,0.65787,0.665,1.550319e+05,1.081295e-02,2.5715,0,3,15,669,31,38
1422,738,2160,0.658333,0.663,1.554642e+05,1.185220e-02,2.5732,0,6,126,668,31,38
1423,737,2160,0.658796,0.662,1.555409e+05,1.459372e-02,2.5622,0,0,157,667,31,38
1424,736,2160,0.659259,0.663,1.558171e+05,9.302344e-03,2.5777,0,8,126,666,31,38
1425,735,2160,0.659722,0.663,1.560550e+05,8.173970e-03,2.5771,0,9,126,665,31,38
1426,734,2160,0.660185,0.663,1.563607e+05,5.744175e-03,2.5645,0,0,126,664,31,38
1427,733,2160,0.660648,0.661,1.565270e+05,1.106427e-02,2.5834,0,7,73,663,31,38
1428,732,2160,0.661111,0.661,1.566851e+05,2.714101e-02,2.5789,0,7,65,662,31,38
1429,731,2160,0.661574,0.661,1.562498e+05,1.786077e-02,2.6014,0,6,102,661,31,38
1430,730,2160,0.662037,0.661,1.562398e+05,2.908128e-02,2.5662,0,3,102,660,31,38
1431,729,2160,0.6625,0.661,1.549636e+05,1.765788e-02,2.5857,0,6,40,659,31,38
1432,728,2160,0.662963,0.659,1.552763e+05,1.987724e-02,2.6101,0,6,172,658,31,38
1433,727,2160,0.663426,0.661,1.553122e+05,2.833026e-02,2.6,0,0,172,657,31,38
1434,726,2160,0.663889,0.662,1.552563e+05,3.871402e-02,2.5846,0,8,172,656,31,38
1435,725,2160,0.664352,0.66,1.549970e+05,3.404908e-02,2.5863,0,7,39,655,31,38
1436,724,2160,0.664815,0.661,1.556346e+05,2.325359e-02,2.6075,0,6,39,654,31,38
1437,723,2160,0.665278,0.657,1.556122e+05,1.264604e-02,2.5828,0,4,195,653,31,38
1438,722,2160,0.665741,0.658,1.557521e+05,1.812646e-02,2.5795,0,7,185,652,31,38
1439,721,2160,0.666204,0.659,1.559002e+05,1.313431e-02,2.5913,0,7,40,651,31,38
1440,720,2160,0.666667,0.658,1.562657e+05,2.510960e-02,2.5809,0,7,94,650,31,38
1441,719,2160,0.66713,0.659,1.563829e+05,1.582184e-02,2.5573,0,4,158,649,31,38
1442,718,2160,0.667593,0.659,1.563016e+05,1.414283e-02,2.57,0,6,193,648,31,38
1443,717,2160,0.668056,0.659,1.565199e+05,1.688018e-02,2.5913,0,6,179,647,31,38
1444,716,2160,0.668519,0.659,1.564504e+05,1.849712e-02,2.5784,0,9,2,646,31,38
1445,715,2160,0.668981,0.659,1.567885e+05,1.096495e-02,2.575,0,8,123,645,31,38
1446,714,2160,0.669444,0.658,1.569226e+05,1.792809e-02,2.5711,0,5,31,644,31,38
1447,713,2160,0.669907,0.659,1.577458e+05,2.320163e-02,2.5677,0,1,13,643,31,38
1448,712,2160,0.67037,0.661,1.579229e+05,1.475074e-02,2.5934,0,7,162,642,31,38
1449,711,2160,0.670833,0.66,1.578802e+05,1.918577e-02,2.5952,0,6,83,641,31,38
1450,710,2160,0.671296,0.661,1.581311e+05,2.461515e-02,2.562,0,0,20,640,31,38
1451,709,2160,0.671759,0.661,1.586080e+05,3.120428e-02,2.6118,0,0,50,639,31,38
1452,708,2160,0.672222,0.66,1.586461e+05,5.658869e-02,2.5781,0,8,124,638,31,38
1453,707,2160,0.672685,0.659,1.587979e+05,1.784366e-02,2.5659,0,4,194,637,31,38
1454,706,2160,0.673148,0.658,1.594774e+05,2.441566e-02,2.5707,0,9,116,636,31,38
1455,705,2160,0.673611,0.658,1.598349e+05,3.100160e-02,2.5698,0,7,110,635,31,38
1456,704,2160,0.674074,0.657,1.608270e+05,1.822081e-02,2.566,0,4,192,634,31,38
1457,703,2160,0.674537,0.657,1.609240e+05,2.729716e-02,2.5732,0,4,169,633,31,38
1458,702,2160,0.675,0.657,1.610347e+05,1.798110e-02,2.5659,0,7,159,632,31,38
1459,701,2160,0.675463,0.655,1.604907e+05,2.820214e-02,2.5599,0,9,84,631,31,38
1460,700,2160,0.675926,0.656,1.617012e+05,3.033764e-02,2.5876,0,9,6,630,31,38
1461,699,2160,0.676389,0.66,1.628377e+05,2.882909e-02,2.5904,0,4,45,629,31,38
1462,698,2160,0.676852,0.658,1.634400e+05,5.499130e-02,2.5831,0,1,129,628,31,38
1463,697,2160,0.677315,0.657,1.641103e+05,9.071028e-02,2.5734,0,7,93,627,31,38
1464,696,2160,0.677778,0.665,1.667139e+05,5.514068e-02,2.57,0,5,35,626,31,38
1465,695,2160,0.678241,0.662,1.693734e+05,7.979161e-02,2.6353,0,5,90,625,31,38
1466,694,2160,0.678704,0.664,1.709425e+05,3.167237e-02,2.557,0,6,18,624,31,38
1467,693,2160,0.679167,0.664,1.717445e+05,1.203617e-02,2.5828,0,7,122,623,31,38
1468,692,2160,0.67963,0.661,1.718478e+05,1.416288e-02,2.571,0,3,32,622,31,38
1469,691,2160,0.680093,0.662,1.722014e+05,1.307751e-02,2.5611,0,8,155,621,31,38
1470,690,2160,0.680556,0.663,1.727453e+05,7.807116e-03,2.5624,0,3,155,620,31,38
1471,689,2160,0.681019,0.662,1.726984e+05,4.383689e-02,2.5709,0,4,155,619,31,38
1472,688,2160,0.681481,0.662,1.724316e+05,1.887740e-01,2.5717,0,3,91,618,31,38
1473,687,2160,0.681944,0.665,1.713575e+05,1.634366e-02,2.5938,0,6,107,617,31,38
1474,686,2160,0.682407,0.666,1.717703e+05,1.399031e-02,2.5777,0,4,7,616,31,38
1475,685,2160,0.68287,0.665,1.719714e+05,1.856708e-02,2.5842,0,6,156,615,31,38
1476,684,2160,0.683333,0.666,1.720208e+05,1.408455e-02,2.576,0,6,139,614,31,38
1477,683,2160,0.683796,0.665,1.721584e+05,1.864888e-02,2.607,0,6,142,613,31,38
1478,682,2160,0.684259,0.667,1.723557e+05,1.859318e-02,2.5633,0,6,52,612,31,38
1479,681,2160,0.684722,0.668,1.725603e+05,1.731364e-02,2.5647,0,6,85,611,31,38
1480,680,2160,0.685185,0.666,1.726466e+05,1.953519e-02,2.5566,0,6,19,610,31,38
1481,679,2160,0.685648,0.667,1.728019e+05,1.721612e-02,2.5817,0,9,106,609,31,38
1482,678,2160,0.686111,0.67,1.730789e+05,1.584237e-02,2.5813,0,9,109,608,31,38
1483,677,2160,0.686574,0.671,1.736720e+05,3.065209e-02,2.5646,0,0,91,607,31,38
1484,676,2160,0.687037,0.67,1.733971e+05,1.024878e-02,2.5676,0,8,3,606,31,38
1485,675,2160,0.6875,0.67,1.735536e+05,1.686325e-02,2.5995,0,4,6,605,31,38
1486,674,2160,0.687963,0.669,1.735237e+05,2.325515e-02,2.5848,0,6,101,604,31,38
1487,673,2160,0.688426,0.667,1.737079e+05,2.081543e-02,2.5772,0,1,140,603,31,38
1488,672,2160,0.688889,0.669,1.738481e+05,1.829957e-02,2.605,0,6,157,602,31,38
1489,671,2160,0.689352,0.669,1.739554e+05,1.145152e-02,2.5966,0,5,83,601,31,38
1490,670,2160,0.689815,0.671,1.741537e+05,6.144050e-03,2.5848,0,8,83,600,31,38
1491,669,2160,0.690278,0.67,1.742434e+05,1.495563e-02,2.5579,0,4,83,599,31,38
1492,668,2160,0.690741,0.672,1.745859e+05,3.272183e-02,2.5681,0,4,128,598,31,38
1493,667,2160,0.691204,0.673,1.757018e+05,3.903113e-02,2.5579,0,1,128,597,31,38
1494,666,2160,0.691667,0.672,1.756130e+05,1.650065e-02,2.5862,0,3,186,596,31,38
1495,665,2160,0.69213,0.672,1.764064e+05,1.346622e-02,2.5631,0,8,129,595,31,38
1496,664,2160,0.692593,0.672,1.765382e+05,1.199149e-02,2.569,0,9,182,594,31,38
1497,663,2160,0.693056,0.673,1.767445e+05,1.233087e-02,2.6248,0,6,182,593,31,38
1498,662,2160,0.693519,0.674,1.768574e+05,9.713224e-03,2.6743,0,0,97,592,31,38
1499,661,2160,0.693981,0.674,1.771616e+05,4.128276e-02,2.5688,0,5,144,591,31,38
1500,660,2160,0.694444,0.674,1.771521e+05,9.509416e-03,2.6456,0,0,144,590,31,38
1501,659,2160,0.694907,0.674,1.773513e+05,2.130344e-02,2.5784,0,7,121,589,31,38
1502,658,2160,0.69537,0.671,1.772814e+05,1.917530e-02,2.5973,0,7,64,588,31,38
1503,657,2160,0.695833,0.671,1.771839e+05,2.517928e-02,2.5758,0,5,156,587,31,38
1504,656,2160,0.696296,0.671,1.776208e+05,1.451503e-02,2.616,0,9,34,586,31,38
1505,655,2160,0.696759,0.673,1.779524e+05,9.352688e-03,2.6162,0,3,181,585,31,38
1506,654,2160,0.697222,0.673,1.780636e+05,3.320454e-02,2.6128,0,4,145,584,31,38
1507,653,2160,0.697685,0.669,1.786480e+05,1.606882e-02,2.5825,0,4,139,583,31,38
1508,652,2160,0.698148,0.669,1.788068e+05,1.575839e-02,2.5732,0,6,27,582,31,38
1509,651,2160,0.698611,0.668,1.788017e+05,1.376057e-02,2.5911,0,8,25,581,31,38
1510,650,2160,0.699074,0.67,1.791301e+05,1.292466e-02,2.5952,0,0,25,580,31,38
1511,649,2160,0.699537,0.67,1.791223e+05,9.505234e-03,2.5833,0,5,25,579,31,38
1512,648,2160,0.7,0.67,1.793775e+05,9.665157e-03,2.6019,0,3,25,578,31,38
1513,647,2160,0.700463,0.67,1.794687e+05,3.290366e-02,2.5872,0,1,124,577,31,38
1514,646,2160,0.700926,0.673,1.799407e+05,2.837806e-02,2.5784,0,7,103,576,31,38
1515,645,2160,0.701389,0.672,1.797976e+05,2.911748e-02,2.5695,0,4,131,575,31,38
1516,644,2160,0.701852,0.674,1.799606e+05,2.609616e-02,2.5627,0,8,173,574,31,38
1517,643,2160,0.702315,0.673,1.808641e+05,3.899677e-02,2.6091,0,1,151,573,31,38
1518,642,2160,0.702778,0.673,1.813964e+05,4.466400e-02,2.569,0,5,53,572,31,38
1519,641,2160,0.703241,0.674,1.822033e+05,3.899418e-02,2.5701,0,3,54,571,31,38
1520,640,2160,0.703704,0.678,1.826626e+05,1.089506e-02,2.5621,0,5,193,570,31,38
1521,639,2160,0.704167,0.676,1.830772e+05,8.020931e-03,2.6222,0,0,193,569,31,38
1522,638,2160,0.70463,0.676,1.831731e+05,4.136581e-02,2.5621,0,8,159,568,31,38
1523,637,2160,0.705093,0.674,1.834758e+05,1.065278e-02,2.5676,0,1,159,567,31,38
1524,636,2160,0.705556,0.673,1.833905e+05,3.271243e-02,2.5822,0,6,90,566,31,38
1525,635,2160,0.706019,0.675,1.842514e+05,1.417373e-02,2.5945,0,3,56,565,31,38
1526,634,2160,0.706481,0.674,1.844932e+05,2.480383e-02,2.5655,0,6,162,564,31,38
1527,633,2160,0.706944,0.672,1.846326e+05,2.274343e-02,2.5808,0,6,48,563,31,38
1528,632,2160,0.707407,0.672,1.851698e+05,2.323173e-02,2.583,0,6,36,562,31,38
1529,631,2160,0.70787,0.675,1.853211e+05,2.768675e-02,2.5954,0,6,149,561,31,38
1530,630,2160,0.708333,0.674,1.859519e+05,1.339969e-02,2.5758,0,8,96,560,31,38
1531,629,2160,0.708796,0.672,1.859306e+05,2.965715e-02,2.5988,0,3,176,559,31,38
1532,628,2160,0.709259,0.674,1.872702e+05,3.990715e-02,2.5658,0,3,62,558,31,38
1533,627,2160,0.709722,0.675,1.885391e+05,2.726701e-02,2.5658,0,8,62,557,31,38
1534,626,2160,0.710185,0.673,1.887000e+05,1.857644e-02,2.569,0,6,41,556,31,38
1535,625,2160,0.710648,0.673,1.891828e+05,9.454932e-03,2.5692,0,0,41,555,31,38
1536,624,2160,0.711111,0.672,1.895836e+05,1.508802e-02,2.5784,0,0,0,554,31,38
1537,623,2160,0.711574,0.67,1.898794e+05,2.484051e-02,2.5849,0,6,170,553,31,38
1538,622,2160,0.712037,0.673,1.894810e+05,2.411491e-02,2.5712,0,6,95,552,31,38
1539,621,2160,0.7125,0.671,1.896792e+05,2.343664e-02,2.5608,0,6,67,551,31,38
1540,620,2160,0.712963,0.672,1.898614e+05,2.453801e-02,2.5791,0,4,48,550,31,38
1541,619,2160,0.713426,0.67,1.905004e+05,3.892881e-02,2.5851,0,9,81,549,31,38
1542,618,2160,0.713889,0.67,1.904933e+05,1.690655e-02,2.6017,0,9,137,548,31,38
1543,617,2160,0.714352,0.67,1.910520e+05,2.191503e-02,2.5956,0,4,3,547,31,38
1544,616,2160,0.714815,0.667,1.916782e+05,2.658399e-02,2.596,0,4,53,546,31,38
1545,615,2160,0.715278,0.669,1.927837e+05,2.238637e-02,2.6214,0,0,166,545,31,38
1546,614,2160,0.715741,0.668,1.935340e+05,1.551813e-02,2.5734,0,4,166,544,31,38
1547,613,2160,0.716204,0.668,1.939128e+05,3.306586e-02,2.6057,0,3,21,543,31,38
1548,612,2160,0.716667,0.669,1.940834e+05,9.325054e-03,2.57,0,5,112,542,31,38
1549,611,2160,0.71713,0.668,1.942442e+05,2.070717e-02,2.6192,0,6,26,541,31,38
1550,610,2160,0.717593,0.668,1.947387e+05,1.286167e-02,2.5576,0,9,154,540,31,38
1551,609,2160,0.718056,0.667,1.952362e+05,3.424635e-02,2.5797,0,6,120,539,31,38
1552,608,2160,0.718519,0.67,1.959680e+05,1.982224e-02,2.5644,0,6,22,538,31,38
1553,607,2160,0.718981,0.669,1.960848e+05,5.063453e-02,2.5894,0,1,103,537,31,38
1554,606,2160,0.719444,0.668,1.966335e+05,3.419335e-02,2.5739,0,3,39,536,31,38
1555,605,2160,0.719907,0.667,1.977461e+05,1.499477e-02,2.5641,0,3,44,535,31,38
1556,604,2160,0.72037,0.668,1.983214e+05,2.398121e-02,2.5714,0,6,148,534,31,38
1557,603,2160,0.720833,0.667,1.984749e+05,2.095282e-02,2.5768,0,6,12,533,31,38
1558,602,2160,0.721296,0.668,1.990139e+05,1.581428e-02,2.5556,0,0,167,532,31,38
1559,601,2160,0.721759,0.666,1.996982e+05,2.181961e-02,2.5959,0,4,8,531,31,38
1560,600,2160,0.722222,0.667,1.999919e+05,1.975746e-02,2.5665,0,4,4,530,31,38
1561,599,2160,0.722685,0.666,2.003433e+05,1.106751e-02,2.5982,0,0,4,529,31,38
1562,598,2160,0.723148,0.665,2.007296e+05,3.787874e-02,2.5789,0,6,110,528,31,38
1563,597,2160,0.723611,0.664,2.017035e+05,1.356685e-02,2.5791,0,9,29,527,31,38
1564,596,2160,0.724074,0.665,2.021439e+05,2.550360e-02,2.5701,0,6,138,526,31,38
1565,595,2160,0.724537,0.664,2.027751e+05,2.555431e-02,2.5603,0,6,117,525,31,38
1566,594,2160,0.725,0.663,2.032469e+05,3.511992e-02,2.5883,0,8,79,524,31,38
1567,593,2160,0.725463,0.664,2.032925e+05,4.443692e-02,2.5718,0,9,160,523,31,38
1568,592,2160,0.725926,0.657,2.038089e+05,1.933950e-02,2.59,0,7,77,522,31,38
1569,591,2160,0.726389,0.657,2.043291e+05,3.796977e-02,2.5819,0,6,20,521,31,38
1570,590,2160,0.726852,0.659,2.053654e+05,2.405987e-02,2.6241,0,6,94,520,31,38
1571,589,2160,0.727315,0.656,2.053162e+05,2.683277e-02,2.6017,0,0,162,519,31,38
1572,588,2160,0.727778,0.66,2.058368e+05,3.002594e-02,2.6166,0,3,131,518,31,38
1573,587,2160,0.728241,0.658,2.077461e+05,1.929133e-02,2.5988,0,6,131,517,31,38
1574,586,2160,0.728704,0.656,2.081946e+05,3.127740e-02,2.5584,0,6,50,516,31,38
1575,585,2160,0.729167,0.659,2.094710e+05,3.380691e-02,2.5874,0,3,146,515,31,38
1576,584,2160,0.72963,0.651,2.122143e+05,8.640298e-02,2.5724,0,3,33,514,31,38
1577,583,2160,0.730093,0.647,2.164180e+05,5.088703e-02,2.5793,0,9,119,513,31,38
1578,582,2160,0.730556,0.652,2.136440e+05,4.502237e-02,2.5821,0,3,119,512,31,38
1579,581,2160,0.731019,0.651,2.151941e+05,3.029085e-01,2.5797,0,6,175,511,31,38
1580,580,2160,0.731481,0.638,2.298752e+05,2.604961e-02,2.572,0,6,104,510,31,38
1581,579,2160,0.731944,0.637,2.293611e+05,2.709599e-02,2.5878,0,6,54,509,31,38
1582,578,2160,0.732407,0.641,2.287887e+05,2.134459e-02,2.5716,0,3,133,508,31,38
1583,577,2160,0.73287,0.646,2.277811e+05,2.916757e-02,2.567,0,9,142,507,31,38
1584,576,2160,0.733333,0.646,2.267624e+05,2.341151e-02,2.5859,0,9,33,506,31,38
1585,575,2160,0.733796,0.649,2.256599e+05,2.688395e-01,2.6068,0,8,88,505,31,38
1586,574,2160,0.734259,0.621,2.411079e+05,2.580164e-02,2.5942,0,6,121,504,31,38
1587,573,2160,0.734722,0.625,2.392834e+05,6.726122e-02,2.5626,0,6,24,503,31,38
1588,572,2160,0.735185,0.643,2.335709e+05,6.060789e-02,2.6136,0,6,114,502,31,38
1589,571,2160,0.735648,0.632,2.368072e+05,1.100163e-01,2.6051,1,4,6,502,30,38
1590,570,2160,0.736111,0.624,2.420651e+05,1.875598e-02,2.5606,0,6,89,501,30,38
1591,569,2160,0.736574,0.624,2.422132e+05,1.338208e-02,2.589,0,6,61,500,30,38
1592,568,2160,0.737037,0.626,2.424502e+05,1.785063e-02,2.5719,0,6,187,499,30,38
1593,567,2160,0.7375,0.626,2.428266e+05,1.772968e-02,2.5732,0,6,113,498,30,38
1594,566,2160,0.737963,0.626,2.427237e+05,1.767231e-02,2.5758,0,6,55,497,30,38
1595,565,2160,0.738426,0.629,2.425746e+05,1.718716e-02,2.6099,0,6,132,496,30,38
1596,564,2160,0.738889,0.627,2.427420e+05,4.067729e-02,2.5995,0,1,86,495,30,38
1597,563,2160,0.739352,0.624,2.427115e+05,1.600277e-02,2.5801,0,8,100,494,30,38
1598,562,2160,0.739815,0.625,2.427266e+05,3.723224e-02,2.5603,2,0,8,494,30,37
1599,561,2160,0.740278,0.623,2.428014e+05,3.222987e-02,2.5538,2,2,8,494,30,36
1600,560,2160,0.740741,0.621,2.430395e+05,2.039135e-02,2.5724,0,4,144,493,30,36
1601,559,2160,0.741204,0.625,2.436682e+05,1.780074e-02,2.5719,0,6,125,492,30,36
1602,558,2160,0.741667,0.625,2.438239e+05,1.795073e-02,2.5832,0,6,98,491,30,36
1603,557,2160,0.74213,0.625,2.439962e+05,2.137668e-02,2.5617,0,4,143,490,30,36
1604,556,2160,0.742593,0.625,2.445517e+05,3.220999e-02,2.567,0,8,87,489,30,36
1605,555,2160,0.743056,0.626,2.447417e+05,1.654733e-02,2.6536,0,8,143,488,30,36
1606,554,2160,0.743519,0.628,2.450514e+05,2.224876e-02,2.5702,0,6,115,487,30,36
1607,553,2160,0.743981,0.628,2.451625e+05,1.955377e-02,2.5931,0,9,35,486,30,36
1608,552,2160,0.744444,0.626,2.456634e+05,9.178394e-03,2.5655,0,3,42,485,30,36
1609,551,2160,0.744907,0.626,2.460494e+05,1.319095e-02,2.6005,0,5,26,484,30,36
1610,550,2160,0.74537,0.627,2.465292e+05,1.745072e-02,2.6245,0,8,127,483,30,36
1611,549,2160,0.745833,0.628,2.467139e+05,2.635574e-02,2.5765,0,4,93,482,30,36
1612,548,2160,0.746296,0.629,2.473858e+05,3.171862e-02,2.58,0,3,47,481,30,36
1613,547,2160,0.746759,0.631,2.476949e+05,1.813018e-02,2.5873,0,6,60,480,30,36
1614,546,2160,0.747222,0.631,2.482144e+05,2.251998e-02,2.5701,0,6,119,479,30,36
1615,545,2160,0.747685,0.627,2.489600e+05,2.456784e-02,2.593,0,6,103,478,30,36
1616,544,2160,0.748148,0.625,2.495173e+05,2.639464e-02,2.5728,0,6,58,477,30,36
1617,543,2160,0.748611,0.625,2.496448e+05,3.451482e-02,2.6458,0,6,77,476,30,36
1618,542,2160,0.749074,0.624,2.497405e+05,3.604715e-02,2.5783,0,1,93,475,30,36
1619,541,2160,0.749537,0.625,2.499182e+05,4.653210e-02,2.5794,0,1,145,474,30,36
1620,540,2160,0.75,0.625,2.498885e+05,1.367469e-02,2.5589,0,0,187,473,30,36
1621,539,2160,0.750463,0.626,2.502827e+05,5.860769e-02,2.5772,0,1,135,472,30,36
1622,538,2160,0.750926,0.626,2.505116e+05,1.418605e-02,2.567,0,9,85,471,30,36
1623,537,2160,0.751389,0.626,2.508375e+05,1.493185e-02,2.6325,0,8,36,470,30,36
1624,536,2160,0.751852,0.625,2.512696e+05,3.198889e-02,2.601,0,4,47,469,30,36
1625,535,2160,0.752315,0.622,2.518124e+05,3.906570e-02,2.6329,0,6,78,468,30,36
1626,534,2160,0.752778,0.625,2.523333e+05,1.290946e-02,2.572,0,5,168,467,30,36
1627,533,2160,0.753241,0.624,2.528897e+05,1.002260e-02,2.5679,0,3,168,466,30,36
1628,532,2160,0.753704,0.626,2.532856e+05,2.217169e-02,2.6097,0,8,128,465,30,36
1629,531,2160,0.754167,0.629,2.537080e+05,2.243651e-02,2.6284,0,8,92,464,30,36
1630,530,2160,0.75463,0.633,2.537497e+05,2.124309e-02,2.5866,0,8,61,463,30,36
1631,529,2160,0.755093,0.619,2.540865e+05,2.574357e-02,2.5675,0,6,116,462,30,36
1632,528,2160,0.755556,0.619,2.543457e+05,2.885925e-02,2.6287,0,9,61,461,30,36
1633,527,2160,0.756019,0.619,2.544652e+05,2.453326e-02,2.6227,0,7,79,460,30,36
1634,526,2160,0.756481,0.618,2.545723e+05,2.031655e-02,2.5663,0,5,177,459,30,36
1635,525,2160,0.756944,0.62,2.552258e+05,2.569948e-02,2.5649,0,4,61,458,30,36
1636,524,2160,0.757407,0.617,2.557143e+05,2.217521e-02,2.5625,0,6,195,457,30,36
1637,523,2160,0.75787,0.616,2.559673e+05,2.020945e-02,2.6108,0,1,56,456,30,36
1638,522,2160,0.758333,0.617,2.565781e+05,3.274468e-02,2.5776,0,6,173,455,30,36
1639,521,2160,0.758796,0.616,2.567791e+05,3.603489e-02,2.5818,0,1,137,454,30,36
1640,520,2160,0.759259,0.616,2.572136e+05,7.286270e-02,2.5913,0,7,90,453,30,36
1641,519,2160,0.759722,0.613,2.571078e+05,2.516194e-02,2.5758,0,7,81,452,30,36
1642,518,2160,0.760185,0.614,2.572894e+05,2.470883e-02,2.6243,0,0,28,451,30,36
1643,517,2160,0.760648,0.614,2.580514e+05,1.519963e-02,2.568,0,4,28,450,30,36
1644,516,2160,0.761111,0.614,2.583707e+05,1.252211e-02,2.5539,0,5,167,449,30,36
1645,515,2160,0.761574,0.614,2.590781e+05,3.141571e-02,2.5808,0,3,175,448,30,36
1646,514,2160,0.762037,0.615,2.596979e+05,2.772339e-02,2.5883,0,4,175,447,30,36
1647,513,2160,0.7625,0.615,2.603821e+05,1.627910e-02,2.5727,0,8,15,446,30,36
1648,512,2160,0.762963,0.616,2.606463e+05,2.764750e-02,2.5904,0,6,82,445,30,36
1649,511,2160,0.763426,0.619,2.610195e+05,5.647747e-02,2.5869,0,4,80,444,30,36
1650,510,2160,0.763889,0.617,2.623373e+05,2.946935e-02,2.5575,0,4,150,443,30,36
1651,509,2160,0.764352,0.619,2.632560e+05,5.257315e-02,2.5719,0,0,53,442,30,36
1652,508,2160,0.764815,0.618,2.636785e+05,2.498704e-02,2.5741,0,5,130,441,30,36
1653,507,2160,0.765278,0.617,2.646507e+05,1.745249e-02,2.5739,0,0,169,440,30,36
1654,506,2160,0.765741,0.617,2.652467e+05,1.199826e-02,2.5674,0,0,3,439,30,36
1655,505,2160,0.766204,0.618,2.658548e+05,2.618323e-02,2.6124,0,9,147,438,30,36
1656,504,2160,0.766667,0.617,2.662714e+05,3.023844e-02,2.5703,0,4,165,437,30,36
1657,503,2160,0.76713,0.618,2.665709e+05,2.580770e-02,2.5808,0,4,0,436,30,36
1658,502,2160,0.767593,0.617,2.671061e+05,1.309677e-01,2.595,0,8,66,435,30,36
1659,501,2160,0.768056,0.621,2.677156e+05,4.110017e-02,2.5854,0,1,66,434,30,36
1660,500,2160,0.768519,0.621,2.679593e+05,5.255016e-02,2.6038,0,0,66,433,30,36
1661,499,2160,0.768981,0.62,2.680518e+05,2.879394e-02,2.598,0,5,189,432,30,36
1662,498,2160,0.769444,0.622,2.694548e+05,2.254780e-02,2.5594,0,0,189,431,30,36
1663,497,2160,0.769907,0.621,2.697794e+05,5.310077e-02,2.5711,0,4,160,430,30,36
1664,496,2160,0.77037,0.618,2.706674e+05,3.167015e-02,2.5695,0,6,143,429,30,36
1665,495,2160,0.770833,0.614,2.711945e+05,5.293754e-02,2.6347,0,1,146,428,30,36
1666,494,2160,0.771296,0.618,2.715867e+05,1.636129e-02,2.5698,0,9,12,427,30,36
1667,493,2160,0.771759,0.617,2.722153e+05,5.808735e-02,2.5732,0,7,76,426,30,36
1668,492,2160,0.772222,0.611,2.725116e+05,1.789777e-02,2.5632,0,7,105,425,30,36
1669,491,2160,0.772685,0.612,2.726262e+05,4.335087e-02,2.5837,0,5,105,424,30,36
1670,490,2160,0.773148,0.615,2.729611e+05,2.153554e-02,2.5625,0,5,191,423,30,36
1671,489,2160,0.773611,0.616,2.739131e+05,4.581642e-02,2.567,0,1,49,422,30,36
1672,488,2160,0.774074,0.623,2.741970e+05,4.071093e-02,2.5825,0,0,121,421,30,36
1673,487,2160,0.774537,0.626,2.743135e+05,2.399406e-02,2.5849,0,9,74,420,30,36
1674,486,2160,0.775,0.623,2.745876e+05,2.279913e-02,2.5676,0,5,74,419,30,36
1675,485,2160,0.775463,0.626,2.758826e+05,4.000375e-02,2.5793,0,3,64,418,30,36
1676,484,2160,0.775926,0.627,2.769235e+05,2.639394e-02,2.6348,0,0,190,417,30,36
1677,483,2160,0.776389,0.628,2.774571e+05,3.707024e-02,2.6315,0,3,109,416,30,36
1678,482,2160,0.776852,0.628,2.784983e+05,4.681958e-02,2.6187,0,3,23,415,30,36
1679,481,2160,0.777315,0.627,2.796887e+05,1.505639e-02,2.5823,0,3,154,414,30,36
1680,480,2160,0.777778,0.626,2.805810e+05,4.222358e-02,2.5971,0,6,73,413,30,36
1681,479,2160,0.778241,0.627,2.808341e+05,1.550649e-02,2.5568,0,5,99,412,30,36
1682,478,2160,0.778704,0.627,2.818017e+05,1.508061e-02,2.5714,0,5,10,411,30,36
1683,477,2160,0.779167,0.629,2.827380e+05,5.449789e-02,2.5837,0,1,102,410,30,36
1684,476,2160,0.77963,0.626,2.836570e+05,3.577626e-02,2.5695,0,8,163,409,30,36
1685,475,2160,0.780093,0.627,2.846557e+05,7.051572e-02,2.6021,0,8,34,408,30,36
1686,474,2160,0.780556,0.627,2.857944e+05,2.527923e-02,2.5717,0,9,117,407,30,36
1687,473,2160,0.781019,0.636,2.866356e+05,1.762561e-02,2.5981,0,5,11,406,30,36
1688,472,2160,0.781481,0.638,2.876507e+05,2.989714e-02,2.5689,0,4,14,405,30,36
1689,471,2160,0.781944,0.64,2.884822e+05,1.529417e-02,2.5803,0,0,14,404,30,36
1690,470,2160,0.782407,0.64,2.889632e+05,3.918103e-02,2.574,0,8,33,403,30,36
1691,469,2160,0.78287,0.636,2.895228e+05,2.816623e-02,2.5873,0,9,134,402,30,36
1692,468,2160,0.783333,0.636,2.904358e+05,2.993892e-02,2.5767,0,5,72,401,30,36
1693,467,2160,0.783796,0.637,2.922801e+05,5.058059e-02,2.6371,0,0,94,400,30,36
1694,466,2160,0.784259,0.635,2.939733e+05,3.617457e-02,2.5713,0,0,127,399,30,36
1695,465,2160,0.784722,0.636,2.952330e+05,1.936298e-02,2.6159,0,4,127,398,30,36
1696,464,2160,0.785185,0.638,2.958124e+05,4.704583e-02,2.5629,0,4,148,397,30,36
1697,463,2160,0.785648,0.628,2.968568e+05,2.396228e-02,2.5662,0,0,148,396,30,36
1698,462,2160,0.786111,0.631,2.975560e+05,4.823927e-02,2.5728,0,0,80,395,30,36
1699,461,2160,0.786574,0.631,2.980042e+05,2.115290e-02,2.6033,0,3,111,394,30,36
1700,460,2160,0.787037,0.628,2.988137e+05,3.539008e-02,2.5629,0,3,58,393,30,36
1701,459,2160,0.7875,0.627,3.000400e+05,8.623737e-02,2.5831,0,5,89,392,30,36
1702,458,2160,0.787963,0.628,3.010119e+05,3.234467e-02,2.5797,0,5,102,391,30,36
1703,457,2160,0.788426,0.627,3.019100e+05,2.345508e-02,2.5889,0,9,125,390,30,36
1704,456,2160,0.788889,0.632,3.025564e+05,3.162178e-02,2.5857,0,3,179,389,30,36
1705,455,2160,0.789352,0.633,3.039526e+05,4.541149e-02,2.606,0,3,67,388,30,36
1706,454,2160,0.789815,0.629,3.047718e+05,3.809066e-02,2.5723,0,6,86,387,30,36
1707,453,2160,0.790278,0.63,3.057985e+05,2.916835e-02,2.609,0,6,133,386,30,36
1708,452,2160,0.790741,0.629,3.063378e+05,9.662756e-02,2.5898,1,8,9,386,29,36
1709,451,2160,0.791204,0.63,3.051171e+05,5.028255e-02,2.5898,0,9,121,385,29,36
1710,450,2160,0.791667,0.633,3.052231e+05,3.394660e-02,2.5717,0,1,121,384,29,36
1711,449,2160,0.79213,0.634,3.053045e+05,2.842757e-02,2.5847,0,4,180,383,29,36
1712,448,2160,0.792593,0.637,3.060296e+05,3.016504e-02,2.5894,0,4,121,382,29,36
1713,447,2160,0.793056,0.641,3.069696e+05,3.503016e-02,2.6182,0,5,190,381,29,36
1714,446,2160,0.793519,0.64,3.086376e+05,2.403477e-02,2.6095,0,5,96,380,29,36
1715,445,2160,0.793981,0.642,3.098739e+05,5.512820e-02,2.5926,0,5,172,379,29,36
1716,444,2160,0.794444,0.643,3.120312e+05,3.374115e-02,2.6074,0,6,87,378,29,36
1717,443,2160,0.794907,0.637,3.125860e+05,3.294746e-02,2.5646,0,9,174,377,29,36
1718,442,2160,0.79537,0.636,3.129994e+05,3.755273e-02,2.5717,0,9,87,376,29,36
1719,441,2160,0.795833,0.633,3.129995e+05,3.061931e-02,2.6123,0,3,29,375,29,36
1720,440,2160,0.796296,0.633,3.143253e+05,3.332762e-02,2.5852,0,8,29,374,29,36
1721,439,2160,0.796759,0.63,3.147625e+05,3.471776e-02,2.5678,0,3,12,373,29,36
1722,438,2160,0.797222,0.634,3.163003e+05,3.791233e-02,2.5718,0,4,173,372,29,36
1723,437,2160,0.797685,0.631,3.180287e+05,4.478610e-02,2.5627,0,5,188,371,29,36
1724,436,2160,0.798148,0.631,3.199182e+05,2.903269e-02,2.6076,0,0,188,370,29,36
1725,435,2160,0.798611,0.63,3.201298e+05,1.554628e-01,2.6072,0,8,136,369,29,36
1726,434,2160,0.799074,0.632,3.199151e+05,6.317545e-02,2.5702,0,1,136,368,29,36
1727,433,2160,0.799537,0.635,3.195875e+05,1.408561e-01,2.5829,1,6,1,368,28,36
1728,432,2160,0.8,0.628,3.209934e+05,5.116317e-02,2.589,0,1,65,367,28,36
1729,431,2160,0.800463,0.627,3.219255e+05,2.916600e-02,2.5678,0,6,65,366,28,36
1730,430,2160,0.800926,0.632,3.217798e+05,6.920099e-02,2.57,0,1,120,365,28,36
1731,429,2160,0.801389,0.624,3.231426e+05,2.625594e-02,2.5842,0,9,113,364,28,36
1732,428,2160,0.801852,0.629,3.238019e+05,6.149070e-02,2.5739,0,8,2,363,28,36
1733,427,2160,0.802315,0.621,3.245884e+05,1.360915e-01,2.6109,2,0,1,363,28,35
1734,426,2160,0.802778,0.624,3.257095e+05,3.119877e-02,2.591,0,4,179,362,28,35
1735,425,2160,0.803241,0.628,3.264094e+05,4.218568e-02,2.5865,0,4,142,361,28,35
1736,424,2160,0.803704,0.629,3.282578e+05,2.795176e-02,2.5858,0,0,178,360,28,35
1737,423,2160,0.804167,0.629,3.289080e+05,8.665073e-02,2.5634,0,1,156,359,28,35
1738,422,2160,0.80463,0.628,3.295187e+05,9.688755e-02,2.578,0,8,150,358,28,35
1739,421,2160,0.805093,0.628,3.316151e+05,1.123210e-01,2.5875,0,8,95,357,28,35
1740,420,2160,0.805556,0.623,3.340048e+05,3.216206e-02,2.6057,0,9,108,356,28,35
1741,419,2160,0.806019,0.622,3.346752e+05,2.790896e-02,2.5725,0,9,30,355,28,35
1742,418,2160,0.806481,0.62,3.347948e+05,2.457394e-02,2.6242,0,3,28,354,28,35
1743,417,2160,0.806944,0.619,3.359418e+05,9.387315e-02,2.5898,0,8,144,353,28,35
1744,416,2160,0.807407,0.617,3.375558e+05,2.694585e+00,2.6289,1,7,8,353,27,35
1745,415,2160,0.80787,0.182,3.211895e+07,6.651869e-03,2.5855,0,0,115,352,27,35
1746,414,2160,0.808333,0.182,3.211817e+07,3.845259e-02,2.5913,2,9,6,352,27,34
1747,413,2160,0.808796,0.182,3.211959e+07,6.874827e-03,2.5705,0,8,160,351,27,34
1748,412,2160,0.809259,0.181,3.211976e+07,1.083628e-02,2.6187,0,8,73,350,27,34
1749,411,2160,0.809722,0.181,3.211971e+07,2.243390e-02,2.5735,0,0,89,349,27,34
1750,410,2160,0.810185,0.183,3.211858e+07,1.046211e-02,2.5879,0,8,98,348,27,34
1751,409,2160,0.810648,0.183,3.211826e+07,1.230229e-02,2.5659,0,8,110,347,27,34
1752,408,2160,0.811111,0.183,3.211783e+07,1.143306e-02,2.5802,0,8,23,346,27,34
1753,407,2160,0.811574,0.183,3.211735e+07,1.371411e-02,2.6236,0,8,20,345,27,34
1754,406,2160,0.812037,0.183,3.211670e+07,1.396165e-02,2.5654,0,8,44,344,27,34
1755,405,2160,0.8125,0.183,3.211580e+07,1.340810e-02,2.5824,0,8,22,343,27,34
1756,404,2160,0.812963,0.183,3.211513e+07,1.555775e-02,2.6257,0,8,94,342,27,34
1757,403,2160,0.813426,0.183,3.211373e+07,1.496338e-02,2.5675,0,0,107,341,27,34
1758,402,2160,0.813889,0.184,3.211260e+07,9.617790e-02,2.5676,2,4,9,341,27,33
1759,401,2160,0.814352,0.186,3.210454e+07,4.426962e-03,2.5823,0,6,118,340,27,33
1760,400,2160,0.814815,0.186,3.210376e+07,2.836912e-03,2.5846,0,6,174,339,27,33
1761,399,2160,0.815278,0.186,3.210353e+07,5.605424e-03,2.5765,0,6,106,338,27,33
1762,398,2160,0.815741,0.186,3.210276e+07,1.537349e-02,2.5737,0,8,130,337,27,33
1763,397,2160,0.816204,0.186,3.210194e+07,1.525669e-02,2.5933,0,8,185,336,27,33
1764,396,2160,0.816667,0.186,3.210095e+07,1.577917e-02,2.5911,0,8,32,335,27,33
1765,395,2160,0.81713,0.186,3.210025e+07,1.519344e-02,2.5716,0,8,71,334,27,33
1766,394,2160,0.817593,0.186,3.209972e+07,1.611156e-02,2.5717,0,8,162,333,27,33
1767,393,2160,0.818056,0.186,3.209839e+07,1.565111e-02,2.5851,0,8,46,332,27,33
1768,392,2160,0.818519,0.186,3.209751e+07,1.574494e-02,2.5776,0,8,67,331,27,33
1769,391,2160,0.818981,0.186,3.209614e+07,1.692030e-02,2.582,0,8,21,330,27,33
1770,390,2160,0.819444,0.186,3.209491e+07,1.026396e-02,2.5734,0,6,63,329,27,33
1771,389,2160,0.819907,0.187,3.209291e+07,1.577339e-02,2.5682,0,8,57,328,27,33
1772,388,2160,0.82037,0.187,3.209141e+07,1.592638e-02,2.5892,0,8,37,327,27,33
1773,387,2160,0.820833,0.187,3.208952e+07,1.559721e-02,2.5714,0,8,31,326,27,33
1774,386,2160,0.821296,0.187,3.208825e+07,1.632994e-02,2.5789,0,8,109,325,27,33
1775,385,2160,0.821759,0.187,3.208663e+07,1.551848e-02,2.572,0,8,151,324,27,33
1776,384,2160,0.822222,0.187,3.208472e+07,1.570386e-02,2.5858,0,8,122,323,27,33
1777,383,2160,0.822685,0.187,3.208292e+07,1.499706e-02,2.5902,0,8,142,322,27,33
1778,382,2160,0.823148,0.187,3.208064e+07,1.462386e-02,2.5709,0,8,106,321,27,33
1779,381,2160,0.823611,0.187,3.207929e+07,6.180808e-03,2.595,0,6,124,320,27,33
1780,380,2160,0.824074,0.187,3.207842e+07,1.561857e-02,2.6124,0,8,60,319,27,33
1781,379,2160,0.824537,0.188,3.207595e+07,1.469161e-02,2.5903,0,8,108,318,27,33
1782,378,2160,0.825,0.187,3.207411e+07,1.539281e-02,2.5835,0,8,131,317,27,33
1783,377,2160,0.825463,0.186,3.207313e+07,1.429335e-02,2.5861,0,8,58,316,27,33
1784,376,2160,0.825926,0.186,3.207092e+07,1.383849e-02,2.595,0,8,38,315,27,33
1785,375,2160,0.826389,0.186,3.206835e+07,1.343730e-02,2.582,0,8,45,314,27,33
1786,374,2160,0.826852,0.186,3.206656e+07,1.394703e-02,2.5784,0,8,105,313,27,33
1787,373,2160,0.827315,0.186,3.206425e+07,1.343492e-02,2.5731,0,8,72,312,27,33
1788,372,2160,0.827778,0.186,3.206241e+07,1.367057e-02,2.6061,0,8,39,311,27,33
1789,371,2160,0.828241,0.186,3.206018e+07,1.370096e-02,2.5714,0,8,74,310,27,33
1790,370,2160,0.828704,0.186,3.205783e+07,1.363119e-02,2.5949,0,8,189,309,27,33
1791,369,2160,0.829167,0.186,3.205609e+07,1.399999e-02,2.5695,0,8,116,308,27,33
1792,368,2160,0.82963,0.186,3.205331e+07,1.445305e-02,2.5987,0,8,76,307,27,33
1793,367,2160,0.830093,0.186,3.204940e+07,1.284634e-02,2.5879,0,8,171,306,27,33
1794,366,2160,0.830556,0.186,3.204709e+07,1.253356e-02,2.5798,0,8,35,305,27,33
1795,365,2160,0.831019,0.186,3.204265e+07,1.404012e-02,2.576,0,8,101,304,27,33
1796,364,2160,0.831481,0.187,3.203908e+07,1.433656e-02,2.6232,0,8,82,303,27,33
1797,363,2160,0.831944,0.186,3.203354e+07,1.423244e-02,2.5975,0,8,120,302,27,33
1798,362,2160,0.832407,0.186,3.202948e+07,1.784093e-02,2.6099,0,8,90,301,27,33
1799,361,2160,0.83287,0.186,3.202132e+07,1.250299e-02,2.5906,0,8,78,300,27,33
1800,360,2160,0.833333,0.186,3.201749e+07,8.757771e-03,2.6036,0,6,75,299,27,33
1801,359,2160,0.833796,0.185,3.201650e+07,2.492145e-02,2.5659,0,8,54,298,27,33
1802,358,2160,0.834259,0.183,3.200348e+07,3.432545e-02,2.6006,0,8,104,297,27,33
1803,357,2160,0.834722,0.182,3.196201e+07,1.428124e-02,2.5976,0,6,137,296,27,33
1804,356,2160,0.835185,0.182,3.196265e+07,1.085266e-02,2.5882,0,6,81,295,27,33
1805,355,2160,0.835648,0.182,3.196139e+07,1.129714e-02,2.5786,0,6,147,294,27,33
1806,354,2160,0.836111,0.183,3.195950e+07,1.245993e-02,2.5923,0,6,105,293,27,33
1807,353,2160,0.836574,0.183,3.196004e+07,1.379589e-02,2.593,0,6,129,292,27,33
1808,352,2160,0.837037,0.184,3.196054e+07,1.232694e-02,2.5688,0,6,74,291,27,33
1809,351,2160,0.8375,0.184,3.195944e+07,2.411772e-02,2.5854,0,8,91,290,27,33
1810,350,2160,0.837963,0.186,3.194895e+07,1.706985e-02,2.5922,0,6,92,289,27,33
1811,349,2160,0.838426,0.187,3.194596e+07,1.738051e-02,2.6278,0,6,144,288,27,33
1812,348,2160,0.838889,0.187,3.194500e+07,1.555819e-02,2.5753,0,6,72,287,27,33
1813,347,2160,0.839352,0.187,3.194258e+07,1.716909e-02,2.5662,0,6,128,286,27,33
1814,346,2160,0.839815,0.187,3.194172e+07,1.831083e-02,2.5826,0,6,145,285,27,33
1815,345,2160,0.840278,0.189,3.194040e+07,1.368309e-02,2.5948,0,6,93,284,27,33
1816,344,2160,0.840741,0.187,3.193963e+07,7.858946e-03,2.5702,0,0,147,283,27,33
1817,343,2160,0.841204,0.185,3.193827e+07,2.301633e-02,2.5755,0,5,152,282,27,33
1818,342,2160,0.841667,0.184,3.193809e+07,1.318931e-02,2.5907,0,3,152,281,27,33
1819,341,2160,0.84213,0.183,3.193818e+07,1.048246e-02,2.5914,0,3,70,280,27,33
1820,340,2160,0.842593,0.182,3.193778e+07,2.385323e-02,2.6293,0,3,6,279,27,33
1821,339,2160,0.843056,0.182,3.193958e+07,3.223122e-03,2.5846,0,5,6,278,27,33
1822,338,2160,0.843519,0.183,3.193969e+07,1.404179e-01,2.5965,2,5,1,278,27,32
1823,337,2160,0.843981,0.183,3.192878e+07,4.873654e-02,2.6115,2,3,9,278,27,31
1824,336,2160,0.844444,0.183,3.193787e+07,1.110189e-02,2.593,0,3,85,277,27,31
1825,335,2160,0.844907,0.178,3.193840e+07,1.205969e-02,2.5808,0,3,38,276,27,31
1826,334,2160,0.84537,0.18,3.194142e+07,2.249511e-02,2.5782,0,5,17,275,27,31
1827,333,2160,0.845833,0.181,3.194207e+07,4.455954e-03,2.6026,0,3,17,274,27,31
1828,332,2160,0.846296,0.181,3.194205e+07,2.416076e-02,2.5801,0,0,186,273,27,31
1829,331,2160,0.846759,0.18,3.194965e+07,4.646409e-02,2.5877,0,0,90,272,27,31
1830,330,2160,0.847222,0.178,3.193637e+07,3.853822e-02,2.5752,0,7,91,271,27,31
1831,329,2160,0.847685,0.18,3.195496e+07,2.116434e-02,2.5825,0,0,100,270,27,31
1832,328,2160,0.848148,0.178,3.196220e+07,1.483160e-02,2.5757,0,0,191,269,27,31
1833,327,2160,0.848611,0.176,3.196520e+07,1.127889e-02,2.593,0,5,184,268,27,31
1834,326,2160,0.849074,0.175,3.196689e+07,1.634543e-02,2.5667,0,3,148,267,27,31
1835,325,2160,0.849537,0.175,3.196489e+07,1.144995e-02,2.6062,0,5,22,266,27,31
1836,324,2160,0.85,0.175,3.196602e+07,9.373155e-03,2.5832,0,0,26,265,27,31
1837,323,2160,0.850463,0.175,3.196519e+07,3.652717e-02,2.5938,0,3,116,264,27,31
1838,322,2160,0.850926,0.176,3.197081e+07,1.351269e-02,2.5749,0,3,192,263,27,31
1839,321,2160,0.851389,0.177,3.197109e+07,1.198211e-02,2.5787,0,5,16,262,27,31
1840,320,2160,0.851852,0.176,3.197342e+07,2.860294e-02,2.6086,0,5,159,261,27,31
1841,319,2160,0.852315,0.177,3.197041e+07,2.895412e-02,2.5846,0,5,40,260,27,31
1842,318,2160,0.852778,0.177,3.197142e+07,1.312123e-02,2.597,0,3,40,259,27,31
1843,317,2160,0.853241,0.175,3.197297e+07,1.547381e-02,2.6398,0,0,56,258,27,31
1844,316,2160,0.853704,0.175,3.196742e+07,3.651451e-02,2.5803,0,5,95,257,27,31
1845,315,2160,0.854167,0.173,3.197309e+07,2.246311e-02,2.5809,0,6,88,256,27,31
1846,314,2160,0.85463,0.172,3.196926e+07,3.122035e-02,2.5909,0,6,108,255,27,31
1847,313,2160,0.855093,0.173,3.197268e+07,1.257392e-02,2.5885,0,0,108,254,27,31
1848,312,2160,0.855556,0.175,3.196931e+07,1.600661e-02,2.5936,0,0,64,253,27,31
1849,311,2160,0.856019,0.174,3.196694e+07,2.332913e-02,2.5764,0,3,73,252,27,31
1850,310,2160,0.856481,0.173,3.196010e+07,1.650173e-02,2.589,0,3,159,251,27,31
1851,309,2160,0.856944,0.171,3.195848e+07,1.200438e-02,2.6154,0,0,81,250,27,31
1852,308,2160,0.857407,0.17,3.195989e+07,2.120112e-02,2.5859,0,0,7,249,27,31
1853,307,2160,0.85787,0.173,3.195171e+07,8.014715e-02,2.6046,1,2,1,249,26,31
1854,306,2160,0.858333,0.171,3.195780e+07,2.550652e-02,2.5903,0,9,135,248,26,31
1855,305,2160,0.858796,0.172,3.195737e+07,2.192444e-02,2.5731,0,0,135,247,26,31
1856,304,2160,0.859259,0.173,3.196275e+07,8.010642e-02,2.6078,0,0,128,246,26,31
1857,303,2160,0.859722,0.175,3.192887e+07,1.286374e-01,2.585,0,0,79,245,26,31
1858,302,2160,0.860185,0.178,3.187530e+07,2.489518e-02,2.6216,0,6,146,244,26,31
1859,301,2160,0.860648,0.181,3.186707e+07,1.516295e-02,2.577,0,3,37,243,26,31
1860,300,2160,0.861111,0.18,3.186696e+07,4.072348e-02,2.5763,0,5,66,242,26,31
1861,299,2160,0.861574,0.179,3.185653e+07,2.421246e-02,2.581,0,3,66,241,26,31
1862,298,2160,0.862037,0.18,3.185584e+07,2.080118e-02,2.591,0,3,78,240,26,31
1863,297,2160,0.8625,0.18,3.185585e+07,6.376044e-02,2.5829,0,9,118,239,26,31
1864,296,2160,0.862963,0.187,3.185591e+07,1.571448e-01,2.5703,1,9,1,239,25,31
1865,295,2160,0.863426,0.185,3.176499e+07,2.632095e-02,2.5705,0,4,138,238,25,31
1866,294,2160,0.863889,0.188,3.175719e+07,2.372397e-02,2.5979,0,4,96,237,25,31
1867,293,2160,0.864352,0.188,3.175108e+07,2.664601e-02,2.5654,0,4,95,236,25,31
1868,292,2160,0.864815,0.188,3.174604e+07,2.159416e-02,2.5823,0,9,120,235,25,31
1869,291,2160,0.865278,0.188,3.174109e+07,5.582113e-02,2.5627,2,8,4,235,25,30
1870,290,2160,0.865741,0.176,3.172641e+07,2.884634e-02,2.5965,0,4,124,234,25,30
1871,289,2160,0.866204,0.176,3.171987e+07,2.683847e-02,2.5812,0,4,94,233,25,30
1872,288,2160,0.866667,0.176,3.171716e+07,2.352345e-02,2.6072,0,9,51,232,25,30
1873,287,2160,0.86713,0.176,3.172004e+07,2.492843e-02,2.5709,0,5,139,231,25,30
1874,286,2160,0.867593,0.173,3.172263e+07,1.917285e-02,2.5891,0,9,130,230,25,30
1875,285,2160,0.868056,0.174,3.172205e+07,1.875040e-02,2.5875,0,3,127,229,25,30
1876,284,2160,0.868519,0.174,3.172345e+07,2.245471e-02,2.5701,0,5,129,228,25,30
1877,283,2160,0.868981,0.172,3.172667e+07,2.091877e-02,2.5841,0,5,97,227,25,30
1878,282,2160,0.869444,0.172,3.172645e+07,2.555310e-02,2.5938,0,5,178,226,25,30
1879,281,2160,0.869907,0.168,3.172929e+07,2.137035e-02,2.5707,0,9,140,225,25,30
1880,280,2160,0.87037,0.168,3.172879e+07,3.426957e-02,2.5728,0,7,89,224,25,30
1881,279,2160,0.870833,0.166,3.172971e+07,3.116136e-02,2.6059,0,9,122,223,25,30
1882,278,2160,0.871296,0.168,3.172752e+07,2.301317e-02,2.6279,0,5,44,222,25,30
1883,277,2160,0.871759,0.168,3.172803e+07,3.780534e-02,2.5833,0,5,51,221,25,30
1884,276,2160,0.872222,0.165,3.172681e+07,2.900013e-02,2.5652,0,3,51,220,25,30
1885,275,2160,0.872685,0.169,3.172557e+07,2.796300e-02,2.5738,0,9,156,219,25,30
1886,274,2160,0.873148,0.169,3.172352e+07,4.559987e-02,2.6792,0,3,77,218,25,30
1887,273,2160,0.873611,0.168,3.171934e+07,4.613939e-02,2.5799,0,5,135,217,25,30
1888,272,2160,0.874074,0.167,3.171694e+07,3.076735e-02,2.6077,0,3,135,216,25,30
1889,271,2160,0.874537,0.167,3.171837e+07,9.878962e-03,2.58,0,7,78,215,25,30
1890,270,2160,0.875,0.166,3.172713e+07,2.879767e-02,2.5688,0,3,43,214,25,30
1891,269,2160,0.875463,0.167,3.172910e+07,3.339009e-02,2.6001,0,0,120,213,25,30
1892,268,2160,0.875926,0.169,3.172549e+07,5.032699e-02,2.5864,0,3,123,212,25,30
1893,267,2160,0.876389,0.168,3.172842e+07,1.527100e-02,2.6337,0,0,123,211,25,30
1894,266,2160,0.876852,0.172,3.172810e+07,1.789989e-02,2.5943,0,0,151,210,25,30
1895,265,2160,0.877315,0.171,3.172624e+07,1.654100e-02,2.584,0,0,133,209,25,30
1896,264,2160,0.877778,0.172,3.172616e+07,4.409817e-02,2.5999,0,5,162,208,25,30
1897,263,2160,0.878241,0.173,3.172481e+07,2.080134e-02,2.6287,0,3,162,207,25,30
1898,262,2160,0.878704,0.172,3.172591e+07,3.791035e-02,2.5646,0,6,91,206,25,30
1899,261,2160,0.879167,0.18,3.171478e+07,3.171700e-02,2.6231,0,5,30,205,25,30
1900,260,2160,0.87963,0.179,3.171432e+07,6.309593e-02,2.5929,0,5,15,204,25,30
1901,259,2160,0.880093,0.172,3.171833e+07,2.510201e-02,2.5849,0,0,122,203,25,30
1902,258,2160,0.880556,0.177,3.171564e+07,3.227005e-02,2.6185,0,9,179,202,25,30
1903,257,2160,0.881019,0.179,3.171579e+07,7.681596e-02,2.6321,0,4,152,201,25,30
1904,256,2160,0.881481,0.185,3.170166e+07,7.903472e-02,2.625,0,3,132,200,25,30
1905,255,2160,0.881944,0.178,3.170183e+07,4.919517e-02,2.5812,0,5,52,199,25,30
1906,254,2160,0.882407,0.176,3.170298e+07,3.864018e-02,2.5869,0,3,52,198,25,30
1907,253,2160,0.88287,0.178,3.169908e+07,4.854915e-02,2.5939,0,3,100,197,25,30
1908,252,2160,0.883333,0.174,3.170428e+07,9.426692e-02,2.5901,0,3,158,196,25,30
1909,251,2160,0.883796,0.182,3.169174e+07,1.754731e-02,2.5717,0,5,158,195,25,30
1910,250,2160,0.884259,0.181,3.169406e+07,3.939524e-02,2.5686,0,3,108,194,25,30
1911,249,2160,0.884722,0.176,3.169729e+07,2.795360e-02,2.5781,0,9,178,193,25,30
1912,248,2160,0.885185,0.176,3.169674e+07,4.700186e-02,2.6132,0,9,103,192,25,30
1913,247,2160,0.885648,0.181,3.169902e+07,2.819054e-02,2.5699,0,0,103,191,25,30
1914,246,2160,0.886111,0.186,3.169639e+07,3.227629e-02,2.5996,0,3,103,190,25,30
1915,245,2160,0.886574,0.186,3.169438e+07,6.389153e-02,2.5691,0,0,63,189,25,30
1916,244,2160,0.887037,0.185,3.169781e+07,8.071242e-02,2.591,0,4,82,188,25,30
1917,243,2160,0.8875,0.178,3.170257e+07,2.958059e-01,2.6057,0,3,82,187,25,30
1918,242,2160,0.887963,0.209,3.162046e+07,3.717439e-02,2.583,0,5,59,186,25,30
1919,241,2160,0.888426,0.205,3.162049e+07,1.777827e-02,2.5764,0,9,59,185,25,30
1920,240,2160,0.888889,0.207,3.161992e+07,9.737517e-02,2.5707,0,3,90,184,25,30
1921,239,2160,0.889352,0.194,3.162207e+07,3.603614e-02,2.5725,0,9,90,183,25,30
1922,238,2160,0.889815,0.192,3.162377e+07,3.111130e-01,2.5842,1,2,0,183,24,30
1923,237,2160,0.890278,0.212,3.155429e+07,8.549332e-02,2.5695,0,3,86,182,24,30
1924,236,2160,0.890741,0.211,3.156055e+07,4.468894e-02,2.6054,0,3,87,181,24,30
1925,235,2160,0.891204,0.209,3.156483e+07,3.994388e-02,2.6209,0,3,63,180,24,30
1926,234,2160,0.891667,0.202,3.157085e+07,4.684746e-02,2.5743,0,4,64,179,24,30
1927,233,2160,0.89213,0.205,3.157158e+07,1.979904e-02,2.5945,0,9,64,178,24,30
1928,232,2160,0.892593,0.203,3.157248e+07,5.270234e-02,2.5701,0,4,60,177,24,30
1929,231,2160,0.893056,0.203,3.157464e+07,2.233845e-02,2.6382,0,9,60,176,24,30
1930,230,2160,0.893519,0.204,3.157385e+07,4.820345e-02,2.5637,0,3,105,175,24,30
1931,229,2160,0.893981,0.192,3.158067e+07,1.229465e-01,2.5743,2,0,9,175,24,29
1932,228,2160,0.894444,0.188,3.159085e+07,5.353299e-02,2.6031,0,0,60,174,24,29
1933,227,2160,0.894907,0.18,3.159368e+07,1.050587e-01,2.5688,0,0,136,173,24,29
1934,226,2160,0.89537,0.187,3.158514e+07,3.374995e-02,2.563,0,9,136,172,24,29
1935,225,2160,0.895833,0.188,3.158735e+07,6.389236e-02,2.5782,0,3,157,171,24,29
1936,224,2160,0.896296,0.187,3.159368e+07,2.797447e-02,2.5905,0,9,111,170,24,29
1937,223,2160,0.896759,0.187,3.159577e+07,2.931809e-02,2.6053,0,7,145,169,24,29
1938,222,2160,0.897222,0.186,3.160276e+07,4.399601e-02,2.5964,0,1,80,168,24,29
1939,221,2160,0.897685,0.182,3.160550e+07,1.427081e-01,2.5914,0,5,103,167,24,29
1940,220,2160,0.898148,0.164,3.161593e+07,6.955517e-02,2.5707,2,6,2,167,24,28
1941,219,2160,0.898611,0.158,3.162203e+07,7.124911e-02,2.6207,0,4,116,166,24,28
1942,218,2160,0.899074,0.151,3.161445e+07,6.646177e-02,2.5903,0,4,171,165,24,28
1943,217,2160,0.899537,0.155,3.160216e+07,3.783281e-02,2.5872,0,5,171,164,24,28
1944,216,2160,0.9,0.155,3.159905e+07,5.237484e-02,2.5881,0,5,113,163,24,28
1945,215,2160,0.900463,0.154,3.160524e+07,4.128165e-02,2.5888,0,3,113,162,24,28
1946,214,2160,0.900926,0.155,3.160366e+07,3.560924e-02,2.5922,0,9,24,161,24,28
1947,213,2160,0.901389,0.154,3.160820e+07,3.934801e-02,2.5767,0,9,132,160,24,28
1948,212,2160,0.901852,0.146,3.160759e+07,3.133954e-02,2.5861,0,3,94,159,24,28
1949,211,2160,0.902315,0.148,3.160753e+07,3.271969e-02,2.5728,0,0,61,158,24,28
1950,210,2160,0.902778,0.147,3.160624e+07,6.655732e-02,2.5843,0,3,20,157,24,28
1951,209,2160,0.903241,0.148,3.160217e+07,7.431902e-02,2.5732,0,4,51,156,24,28
1952,208,2160,0.903704,0.155,3.159304e+07,7.385076e-02,2.5989,0,3,31,155,24,28
1953,207,2160,0.904167,0.158,3.158842e+07,4.502225e-02,2.5754,0,0,177,154,24,28
1954,206,2160,0.90463,0.159,3.158291e+07,4.218944e-02,2.6213,0,9,110,153,24,28
1955,205,2160,0.905093,0.162,3.158322e+07,5.113712e-02,2.6143,0,0,106,152,24,28
1956,204,2160,0.905556,0.16,3.158014e+07,4.043058e-02,2.6139,0,0,76,151,24,28
1957,203,2160,0.906019,0.158,3.157316e+07,6.766803e-02,2.5908,0,0,134,150,24,28
1958,202,2160,0.906481,0.159,3.157549e+07,7.602387e-02,2.6104,0,3,142,149,24,28
1959,201,2160,0.906944,0.157,3.156872e+07,1.016800e-01,2.5963,0,4,66,148,24,28
1960,200,2160,0.907407,0.163,3.155621e+07,4.328277e-02,2.588,0,9,62,147,24,28
1961,199,2160,0.90787,0.16,3.155880e+07,5.608564e-02,2.5919,0,0,176,146,24,28
1962,198,2160,0.908333,0.157,3.155524e+07,3.138316e-02,2.5834,0,0,92,145,24,28
1963,197,2160,0.908796,0.161,3.155829e+07,1.383551e-01,2.5817,0,3,170,144,24,28
1964,196,2160,0.909259,0.172,3.154728e+07,4.463790e-02,2.5778,0,5,120,143,24,28
1965,195,2160,0.909722,0.167,3.154925e+07,5.416276e-02,2.5676,0,9,102,142,24,28
1966,194,2160,0.910185,0.163,3.155850e+07,9.317472e-02,2.6009,0,0,47,141,24,28
1967,193,2160,0.910648,0.163,3.155340e+07,4.543742e-02,2.6385,0,0,39,140,24,28
1968,192,2160,0.911111,0.177,3.155243e+07,1.767111e-01,2.6055,0,4,67,139,24,28
1969,191,2160,0.911574,0.188,3.153012e+07,8.142819e-01,2.5694,2,5,8,139,24,27
1970,190,2160,0.912037,0.155,3.137069e+07,1.458604e+00,2.5782,0,0,105,138,24,27
1971,189,2160,0.9125,0.091,3.023241e+07,8.485296e-02,2.5805,1,2,4,138,23,27
1972,188,2160,0.912963,0.092,3.022875e+07,3.498812e-02,2.5923,0,5,163,137,23,27
1973,187,2160,0.913426,0.092,3.022966e+07,2.907173e-02,2.6233,0,3,163,136,23,27
1974,186,2160,0.913889,0.092,3.022828e+07,7.307882e-02,2.6003,0,3,118,135,23,27
1975,185,2160,0.914352,0.092,3.022292e+07,1.363527e-01,2.5981,0,4,190,134,23,27
1976,184,2160,0.914815,0.092,3.020453e+07,1.573073e-01,2.601,0,9,131,133,23,27
1977,183,2160,0.915278,0.093,3.019640e+07,1.467526e-01,2.5662,0,4,188,132,23,27
1978,182,2160,0.915741,0.093,3.019071e+07,5.279838e-02,2.6287,0,6,49,131,23,27
1979,181,2160,0.916204,0.096,3.018130e+07,6.697226e-02,2.575,0,5,18,130,23,27
1980,180,2160,0.916667,0.094,3.017624e+07,3.548576e-01,2.565,0,0,109,129,23,27
1981,179,2160,0.91713,0.097,3.016308e+07,1.127146e-01,2.5745,2,6,9,129,23,26
1982,178,2160,0.917593,0.097,3.015116e+07,2.149846e-01,2.5756,0,5,101,128,23,26
1983,177,2160,0.918056,0.099,3.014482e+07,1.925233e-01,2.5855,2,1,8,128,23,25
1984,176,2160,0.918519,0.099,3.014493e+07,2.213504e-02,2.5824,0,5,115,127,23,25
1985,175,2160,0.918981,0.099,3.014428e+07,3.798888e-02,2.565,0,5,106,126,23,25
1986,174,2160,0.919444,0.098,3.014015e+07,5.812214e-02,2.6032,0,5,165,125,23,25
1987,173,2160,0.919907,0.099,3.013772e+07,1.136218e-01,2.5591,0,3,75,124,23,25
1988,172,2160,0.92037,0.098,3.013406e+07,1.205060e+00,2.5814,0,4,68,123,23,25
1989,171,2160,0.920833,0.113,2.997957e+07,2.345922e-02,2.5766,0,7,80,122,23,25
1990,170,2160,0.921296,0.113,2.998185e+07,1.072452e-01,2.5944,2,2,2,122,23,24
1991,169,2160,0.921759,0.114,2.998701e+07,4.530766e-02,2.5749,0,5,116,121,23,24
1992,168,2160,0.922222,0.112,2.998792e+07,4.879204e-02,2.563,0,5,109,120,23,24
1993,167,2160,0.922685,0.113,2.998847e+07,1.740009e-01,2.5705,0,0,62,119,23,24
1994,166,2160,0.923148,0.11,3.000205e+07,1.676519e-01,2.5867,0,4,87,118,23,24
1995,165,2160,0.923611,0.105,3.001198e+07,7.173379e-02,2.5903,0,9,58,117,23,24
1996,164,2160,0.924074,0.106,3.001952e+07,8.143371e-02,2.6422,0,3,165,116,23,24
1997,163,2160,0.924537,0.109,3.002184e+07,4.904529e-02,2.6259,0,5,131,115,23,24
1998,162,2160,0.925,0.101,3.002017e+07,7.281671e-02,2.5873,0,5,19,114,23,24
1999,161,2160,0.925463,0.104,3.001807e+07,6.169971e-02,2.6035,0,3,19,113,23,24
2000,160,2160,0.925926,0.105,3.001979e+07,2.699419e-01,2.631,0,3,95,112,23,24
2001,159,2160,0.926389,0.106,2.999880e+07,5.785887e-02,2.5993,0,0,23,111,23,24
2002,158,2160,0.926852,0.104,2.999679e+07,4.222455e-02,2.6156,0,1,148,110,23,24
2003,157,2160,0.927315,0.103,2.998815e+07,6.924330e-02,2.5678,0,5,36,109,23,24
2004,156,2160,0.927778,0.104,2.998515e+07,1.914717e-01,2.5987,0,4,86,108,23,24
2005,155,2160,0.928241,0.105,2.999434e+07,7.757975e-02,2.5902,0,5,150,107,23,24
2006,154,2160,0.928704,0.106,2.999191e+07,1.264042e-01,2.5736,0,3,18,106,23,24
2007,153,2160,0.929167,0.106,2.999972e+07,1.011246e-01,2.5805,0,0,163,105,23,24
2008,152,2160,0.92963,0.105,3.000481e+07,1.227518e-01,2.5588,0,0,82,104,23,24
2009,151,2160,0.930093,0.107,3.000286e+07,1.305067e-01,2.5777,0,0,54,103,23,24
2010,150,2160,0.930556,0.107,3.000143e+07,2.166616e-01,2.578,0,3,134,102,23,24
2011,149,2160,0.931019,0.119,3.000043e+07,6.782093e-02,2.5772,0,5,134,101,23,24
2012,148,2160,0.931481,0.118,3.000018e+07,1.182051e-01,2.5748,0,9,88,100,23,24
2013,147,2160,0.931944,0.114,3.000305e+07,3.053705e-01,2.5759,0,4,52,99,23,24
2014,146,2160,0.932407,0.117,2.999001e+07,4.248950e-01,2.5924,0,9,89,98,23,24
2015,145,2160,0.93287,0.107,3.000461e+07,2.474865e-01,2.5771,1,2,9,98,22,24
2016,144,2160,0.933333,0.106,3.000167e+07,3.633953e-01,2.5964,0,3,36,97,22,24
2017,143,2160,0.933796,0.116,3.000900e+07,7.079955e-01,2.6181,0,4,54,96,22,24
2018,142,2160,0.934259,0.124,3.001848e+07,3.962839e-01,2.5791,0,3,124,95,22,24
2019,141,2160,0.934722,0.123,3.002818e+07,6.861650e-01,2.5853,0,4,39,94,22,24
2020,140,2160,0.935185,0.129,3.003929e+07,9.967315e-02,2.5817,0,5,114,93,22,24
2021,139,2160,0.935648,0.131,3.003020e+07,4.736897e-01,2.6665,0,3,144,92,22,24
2022,138,2160,0.936111,0.134,3.003880e+07,5.778265e-01,2.5769,0,3,151,91,22,24
2023,137,2160,0.936574,0.131,3.004846e+07,1.314795e-01,2.5678,0,5,138,90,22,24
2024,136,2160,0.937037,0.131,3.003534e+07,3.878332e-01,2.6061,0,3,138,89,22,24
2025,135,2160,0.9375,0.129,3.004004e+07,7.129751e-01,2.604,0,5,118,88,22,24
2026,134,2160,0.937963,0.122,3.001947e+07,8.384157e-01,2.5904,0,3,114,87,22,24
2027,133,2160,0.938426,0.12,3.003050e+07,4.057833e-01,2.5748,0,0,173,86,22,24
2028,132,2160,0.938889,0.124,3.002364e+07,1.109669e+00,2.589,0,3,35,85,22,24
2029,131,2160,0.939352,0.133,3.003459e+07,1.500214e+00,2.5875,0,9,67,84,22,24
2030,130,2160,0.939815,0.13,3.003488e+07,2.753908e-01,2.5737,0,5,136,83,22,24
2031,129,2160,0.940278,0.129,3.001899e+07,2.301229e-01,2.5739,0,8,161,82,22,24
2032,128,2160,0.940741,0.129,3.001547e+07,3.812630e-01,2.5781,1,9,8,82,21,24
2033,127,2160,0.941204,0.129,3.001515e+07,5.131734e-01,2.5855,0,3,136,81,21,24
2034,126,2160,0.941667,0.131,3.001751e+07,1.491475e+00,2.5903,0,5,77,80,21,24
2035,125,2160,0.94213,0.13,3.001387e+07,1.343496e-01,2.5755,0,5,164,79,21,24
2036,124,2160,0.942593,0.129,3.000105e+07,1.722288e+00,2.5848,0,3,164,78,21,24
2037,123,2160,0.943056,0.124,3.000428e+07,2.009516e+00,2.6087,0,5,91,77,21,24
2038,122,2160,0.943519,0.128,2.999001e+07,7.960215e-01,2.5765,0,0,49,76,21,24
2039,121,2160,0.943981,0.133,2.997949e+07,8.426454e-01,2.5876,1,7,0,76,20,24
2040,120,2160,0.944444,0.132,3.008941e+07,4.130415e-01,2.5895,0,5,149,75,20,24
2041,119,2160,0.944907,0.134,3.005606e+07,7.483901e-01,2.5838,0,3,156,74,20,24
2042,118,2160,0.94537,0.134,3.006500e+07,1.758600e-01,2.5724,0,1,34,73,20,24
2043,117,2160,0.945833,0.134,3.006652e+07,1.252417e+00,2.5675,0,0,119,72,20,24
2044,116,2160,0.946296,0.131,3.006735e+07,1.721600e-01,2.5813,0,1,194,71,20,24
2045,115,2160,0.946759,0.131,3.006954e+07,1.491264e+00,2.5749,0,9,52,70,20,24
2046,114,2160,0.947222,0.129,3.007357e+07,1.894336e+00,2.5776,0,0,118,69,20,24
2047,113,2160,0.947685,0.126,3.007176e+07,2.839525e-01,2.5645,0,1,170,68,20,24
2048,112,2160,0.948148,0.126,3.007907e+07,1.574808e+00,2.5789,0,3,141,67,20,24
2049,111,2160,0.948611,0.124,3.009331e+07,2.267592e-01,2.5695,0,5,143,66,20,24
2050,110,2160,0.949074,0.123,3.008128e+07,3.814987e-01,2.5811,0,1,186,65,20,24
2051,109,2160,0.949537,0.124,3.009018e+07,1.925776e+00,2.5757,0,3,143,64,20,24
2052,108,2160,0.95,0.124,3.011590e+07,1.432797e-01,2.579,0,1,132,63,20,24
2053,107,2160,0.950463,0.124,3.010824e+07,1.796584e+00,2.5806,2,4,4,63,20,23
2054,106,2160,0.950926,0.118,3.012393e+07,4.530891e-01,2.631,0,5,117,62,20,23
2055,105,2160,0.951389,0.118,3.011727e+07,1.608883e-02,2.6052,0,3,117,61,20,23
2056,104,2160,0.951852,0.125,3.011928e+07,3.773291e-01,2.5795,2,9,9,61,20,22
2057,103,2160,0.952315,0.125,3.013478e+07,2.362621e-01,2.7215,0,1,110,60,20,22
2058,102,2160,0.952778,0.126,3.013207e+07,3.235863e+00,2.5707,0,9,47,59,20,22
2059,101,2160,0.953241,0.123,3.014946e+07,8.703943e-01,2.5872,0,1,63,58,20,22
2060,100,2160,0.953704,0.124,3.016616e+07,1.908330e+00,2.599,0,1,21,57,20,22
2061,99,2160,0.954167,0.122,3.015553e+07,1.242474e+00,2.5913,0,5,137,56,20,22
2062,98,2160,0.95463,0.118,3.008770e+07,2.324540e-01,2.5768,0,3,137,55,20,22
2063,97,2160,0.955093,0.118,3.009276e+07,5.953149e-01,2.5728,0,1,115,54,20,22
2064,96,2160,0.955556,0.115,3.010496e+07,5.896327e-01,2.5986,0,0,104,53,20,22
2065,95,2160,0.956019,0.115,3.011123e+07,2.539015e+00,2.5667,0,1,20,52,20,22
2066,94,2160,0.956481,0.114,3.007255e+07,2.409699e+00,2.5764,0,0,142,51,20,22
2067,93,2160,0.956944,0.112,3.008308e+07,1.580555e+00,2.6116,2,9,3,51,20,21
2068,92,2160,0.957407,0.11,2.998398e+07,3.511175e+00,2.5733,2,2,3,51,20,20
2069,91,2160,0.95787,0.111,2.997495e+07,5.512093e+01,2.5879,0,0,33,50,20,20
2070,90,2160,0.958333,0.107,2.749492e+08,2.159895e-03,2.5672,0,3,49,49,20,20
2071,89,2160,0.958796,0.107,2.749498e+08,5.981924e-04,2.5764,0,7,146,48,20,20
2072,88,2160,0.959259,0.107,2.749498e+08,9.131508e-02,2.5734,2,3,4,48,20,19
2073,87,2160,0.959722,0.107,2.749529e+08,1.490239e-03,2.6181,0,7,53,47,20,19
2074,86,2160,0.960185,0.107,2.749527e+08,5.861603e-03,2.6011,0,3,128,46,20,19
2075,85,2160,0.960648,0.107,2.749537e+08,1.208312e-02,2.6264,0,3,150,45,20,19
2076,84,2160,0.961111,0.107,2.749559e+08,1.036858e-01,2.5635,0,3,76,44,20,19
2077,83,2160,0.961574,0.107,2.749197e+08,2.485281e-02,2.5787,0,3,173,43,20,19
2078,82,2160,0.962037,0.107,2.749161e+08,4.450575e-02,2.5686,0,5,76,42,20,19
2079,81,2160,0.9625,0.107,2.749229e+08,9.036239e-02,2.59,0,3,174,41,20,19
2080,80,2160,0.962963,0.107,2.748870e+08,2.616091e-01,2.6145,2,8,3,41,20,18
2081,79,2160,0.963426,0.105,2.748951e+08,6.403326e-02,2.5986,0,1,89,40,20,18
2082,78,2160,0.963889,0.105,2.748860e+08,4.875565e-02,2.5649,0,1,79,39,20,18
2083,77,2160,0.964352,0.104,2.748816e+08,7.943864e-02,2.6075,0,3,172,38,20,18
2084,76,2160,0.964815,0.104,2.748615e+08,1.002182e-01,2.5816,0,1,187,37,20,18
2085,75,2160,0.965278,0.104,2.748467e+08,1.989085e-01,2.6099,0,1,73,36,20,18
2086,74,2160,0.965741,0.104,2.748107e+08,1.800243e-01,2.566,0,3,34,35,20,18
2087,73,2160,0.966204,0.105,2.747487e+08,1.355374e-01,2.5735,0,5,34,34,20,18
2088,72,2160,0.966667,0.104,2.747565e+08,4.725121e-01,2.5738,0,1,90,33,20,18
2089,71,2160,0.96713,0.103,2.746993e+08,1.196971e+00,2.5704,1,9,4,33,19,18
2090,70,2160,0.967593,0.103,2.732530e+08,2.936430e+00,2.5963,0,3,65,32,19,18
2091,69,2160,0.968056,0.116,3.076549e+08,2.999900e+00,2.5733,2,7,7,32,19,17
2092,68,2160,0.968519,0.116,3.075769e+08,4.226636e-01,2.5775,0,1,107,31,19,17
2093,67,2160,0.968981,0.115,3.076454e+08,1.713305e+00,2.6046,0,1,48,30,19,17
2094,66,2160,0.969444,0.116,3.076914e+08,1.187941e+00,2.5812,0,5,104,29,19,17
2095,65,2160,0.969907,0.115,3.076892e+08,1.527570e+00,2.5709,0,1,50,28,19,17
2096,64,2160,0.97037,0.115,3.077068e+08,1.408880e+00,2.5676,0,3,160,27,19,17
2097,63,2160,0.970833,0.115,3.076561e+08,2.197004e+00,2.5792,0,5,160,26,19,17
2098,62,2160,0.971296,0.117,3.079362e+08,1.304589e+00,2.5739,2,9,4,26,19,16
2099,61,2160,0.971759,0.117,3.079494e+08,8.880694e-01,2.5676,0,0,67,25,19,16
2100,60,2160,0.972222,0.117,3.097190e+08,3.732123e+00,2.6134,2,2,4,25,19,15
2101,59,2160,0.972685,0.117,3.130784e+08,1.321655e+00,2.5995,0,0,175,24,19,15
2102,58,2160,0.973148,0.115,3.154155e+08,6.172346e+00,2.5846,2,5,7,24,19,14
2103,57,2160,0.973611,0.116,3.187385e+08,3.926322e+00,2.5724,0,1,160,23,19,14
2104,56,2160,0.974074,0.11,3.187858e+08,2.239487e+00,2.5943,0,3,48,22,19,14
2105,55,2160,0.974537,0.116,3.217362e+08,1.033358e-01,2.5759,0,5,48,21,19,14
2106,54,2160,0.975,0.115,3.217441e+08,2.416931e+00,2.5885,1,8,5,21,18,14
2107,53,2160,0.975463,0.113,3.230866e+08,1.627146e+00,2.6005,0,5,161,20,18,14
2108,52,2160,0.975926,0.114,3.259911e+08,3.805414e+01,2.5661,2,4,3,20,18,13
2109,51,2160,0.976389,0.127,3.503940e+08,7.761819e-02,2.57,0,1,161,19,18,13
2110,50,2160,0.976852,0.135,3.503389e+08,9.671380e-02,2.5754,0,4,161,18,18,13
2111,49,2160,0.977315,0.135,3.501934e+08,9.023526e-02,2.5834,2,4,7,18,18,12
2112,48,2160,0.977778,0.137,3.490282e+08,2.352507e-01,2.5968,1,4,0,18,17,12
2113,47,2160,0.978241,0.143,3.499142e+08,6.627720e-01,2.5747,0,0,149,17,17,12
2114,46,2160,0.978704,0.147,3.540263e+08,1.177373e+00,2.594,0,3,149,16,17,12
2115,45,2160,0.979167,0.117,3.645441e+08,5.073553e-01,2.5706,2,3,8,16,17,11
2116,44,2160,0.97963,0.116,3.640164e+08,2.813395e-01,2.6152,1,8,3,16,16,11
2117,43,2160,0.980093,0.116,3.640164e+08,2.810851e+00,2.5687,2,8,1,16,16,10
2118,42,2160,0.980556,0.116,3.882132e+08,6.143029e-06,2.5608,1,1,2,16,15,10
2119,41,2160,0.981019,0.116,3.882132e+08,2.691812e-02,2.5915,0,2,64,15,15,10
2120,40,2160,0.981481,0.116,3.882132e+08,1.672476e-01,2.5612,2,8,6,15,15,9
2121,39,2160,0.981944,0.095,3.904753e+08,1.619044e-01,2.5736,1,6,3,15,14,9
2122,38,2160,0.982407,0.095,3.904753e+08,1.859797e+00,2.5825,0,4,174,14,14,9
2123,37,2160,0.98287,0.102,4.131144e+08,2.280763e+00,2.5946,0,4,172,13,14,9
2124,36,2160,0.983333,0.114,4.421591e+08,5.634075e+00,2.5728,0,4,149,12,14,9
2125,35,2160,0.983796,0.11,4.559406e+08,1.323467e+01,2.6178,0,4,65,11,14,9
2126,34,2160,0.984259,0.141,7.134894e+08,6.433382e-01,2.5812,0,6,177,10,14,9
2127,33,2160,0.984722,0.141,7.134239e+08,1.123882e+01,2.581,1,9,6,10,13,9
2128,32,2160,0.985185,0.141,7.134351e+08,1.629431e+00,2.5771,2,0,7,10,13,8
2129,31,2160,0.985648,0.134,7.167772e+08,1.402513e+01,2.5863,2,1,7,10,13,7
2130,30,2160,0.986111,0.16,1.138182e+09,4.879095e-01,2.5855,2,0,4,10,13,6
2131,29,2160,0.986574,0.147,1.138876e+09,2.646231e+00,2.5835,1,4,4,10,12,6
2132,28,2160,0.987037,0.146,1.161347e+09,5.320614e+01,2.5715,0,3,161,9,12,6
2133,27,2160,0.9875,0.121,1.568260e+13,6.167670e-13,2.6245,2,3,2,9,12,5
2134,26,2160,0.987963,0.121,1.568260e+13,8.052350e-05,2.5789,1,2,3,9,11,5
2135,25,2160,0.988426,0.121,1.568260e+13,3.549095e-01,2.575,1,9,5,9,10,5
2136,24,2160,0.988889,0.121,1.568260e+13,4.486052e-01,2.6018,2,7,9,9,10,4
2137,23,2160,0.989352,0.121,1.568260e+13,2.671784e+00,2.5816,1,4,3,9,9,4
2138,22,2160,0.989815,0.118,1.570388e+13,2.606502e+00,2.573,1,4,8,9,8,4
2139,21,2160,0.990278,0.119,1.570387e+13,1.071279e-02,2.5752,0,8,68,8,8,4
2140,20,2160,0.990741,0.119,1.570387e+13,5.178824e+00,2.6049,2,7,4,8,8,3
2141,19,2160,0.991204,0.103,1.570388e+13,1.125557e-06,2.5781,1,4,1,8,7,3
2142,18,2160,0.991667,0.103,1.570388e+13,4.689920e-03,2.5863,0,1,104,7,7,3
2143,17,2160,0.99213,0.103,1.570388e+13,4.428135e+00,2.5804,0,3,104,6,7,3
2144,16,2160,0.992593,0.078,1.751612e+13,1.951492e+02,2.6168,0,3,50,5,7,3
2145,15,2160,0.993056,0.093,1.648856e+15,1.199579e-03,2.578,1,3,0,5,6,3
2146,14,2160,0.993519,0.093,1.648856e+15,7.861794e-03,2.5766,0,0,161,4,6,3
2147,13,2160,0.993981,0.093,1.648856e+15,7.820840e-01,2.5945,1,3,3,4,5,3
2148,12,2160,0.994444,0.093,1.648856e+15,2.780722e+02,2.5833,2,6,3,4,5,2
2149,11,2160,0.994907,0.093,1.648856e+15,1.373845e-03,2.582,0,7,23,3,5,2
2150,10,2160,0.99537,0.093,1.648691e+15,3.757740e-01,2.5909,1,7,7,3,4,2
2151,9,2160,0.995833,0.093,1.648691e+15,3.606788e-01,2.5772,1,1,4,3,3,2
2152,8,2160,0.996296,0.087,1.648993e+15,1.251492e+00,2.64,2,1,1,3,3,1
2153,7,2160,0.996759,0.087,1.648993e+15,4.191753e-01,2.5852,1,7,5,3,2,1
2154,6,2160,0.997222,0.087,1.039215e+13,1.786578e+01,2.6225,0,5,50,2,2,1
2155,5,2160,0.997685,0.087,1.039215e+13,4.405881e-01,2.6066,1,7,4,2,1,1
2156,4,2160,0.998148,0.087,2.965286e+07,4.709933e-01,2.6004,0,9,161,1,1,1
2157,3,2160,0.998611,0.087,2.965286e+07,1.102456e+00,2.5971,1,7,9,1,0,1
2158,2,2160,0.999074,0.087,2.965286e+07,2.142769e+00,2.6027,0,4,104,0,0,1
2159,1,2160,0.999537,0.087,2.965286e+07,1.174820e+02,2.2505,2,6,7,0,0,0
