2026/09/28 07:56:21.785, 39, 17.71 W, 16 %, 300 MHz, 0x0000000000000001
2026/09/28 07:56:31.883, 47, 79.86 W, 68 %, 1935 MHz, 0x0000000000000000
2026/09/28 07:56:41.888, 48, 79.67 W, 68 %, 1935 MHz, 0x0000000000000000
2026/09/28 07:56:51.892, 49, 79.40 W, 68 %, 1920 MHz, 0x0000000000000000
2026/09/28 07:57:01.898, 50, 79.45 W, 68 %, 1920 MHz, 0x0000000000000000
2026/09/28 07:57:11.902, 50, 80.03 W, 68 %, 1920 MHz, 0x0000000000000000
2026/09/28 07:57:21.909, 51, 80.76 W, 69 %, 1920 MHz, 0x0000000000000000
2026/09/28 07:57:31.913, 52, 82.06 W, 67 %, 1920 MHz, 0x0000000000000000
2026/09/28 07:57:41.919, 52, 80.93 W, 67 %, 1920 MHz, 0x0000000000000000
2026/09/28 07:57:51.923, 53, 80.95 W, 67 %, 1920 MHz, 0x0000000000000000
2026/09/28 07:58:01.928, 53, 81.71 W, 67 %, 1920 MHz, 0x0000000000000000
2026/09/28 07:58:11.933, 53, 81.03 W, 67 %, 1920 MHz, 0x0000000000000000
2026/09/28 07:58:21.939, 54, 81.83 W, 67 %, 1920 MHz, 0x0000000000000000
2026/09/28 07:58:31.943, 54, 83.70 W, 67 %, 1920 MHz, 0x0000000000000000
2026/09/28 07:58:41.960, 55, 83.47 W, 67 %, 1920 MHz, 0x0000000000000000
2026/09/28 07:58:51.977, 55, 83.56 W, 67 %, 1920 MHz, 0x0000000000000000
2026/09/28 07:59:01.993, 56, 83.77 W, 68 %, 1920 MHz, 0x0000000000000000
2026/09/28 07:59:12.008, 56, 84.02 W, 68 %, 1920 MHz, 0x0000000000000000
2026/09/28 07:59:22.024, 56, 84.11 W, 68 %, 1920 MHz, 0x0000000000000000
2026/09/28 07:59:32.039, 56, 85.01 W, 67 %, 1920 MHz, 0x0000000000000000
2026/09/28 07:59:42.056, 57, 84.29 W, 67 %, 1920 MHz, 0x0000000000000000
2026/09/28 07:59:52.072, 57, 85.34 W, 68 %, 1920 MHz, 0x0000000000000000
2026/09/28 08:00:02.089, 57, 85.26 W, 68 %, 1920 MHz, 0x0000000000000000
2026/09/28 08:00:12.105, 58, 84.70 W, 67 %, 1920 MHz, 0x0000000000000000
2026/09/28 08:00:22.120, 58, 85.18 W, 67 %, 1920 MHz, 0x0000000000000000
2026/09/28 08:00:32.137, 58, 85.65 W, 68 %, 1920 MHz, 0x0000000000000000
2026/09/28 08:00:42.154, 59, 85.96 W, 68 %, 1920 MHz, 0x0000000000000000
2026/09/28 08:00:52.169, 59, 85.01 W, 69 %, 1920 MHz, 0x0000000000000000
2026/09/28 08:01:02.185, 59, 83.66 W, 67 %, 1905 MHz, 0x0000000000000000
2026/09/28 08:01:12.202, 59, 84.89 W, 67 %, 1905 MHz, 0x0000000000000000
2026/09/28 08:01:22.218, 60, 84.88 W, 68 %, 1905 MHz, 0x0000000000000000
2026/09/28 08:01:32.235, 60, 86.11 W, 68 %, 1905 MHz, 0x0000000000000000
2026/09/28 08:01:42.251, 60, 85.49 W, 67 %, 1905 MHz, 0x0000000000000000
2026/09/28 08:01:52.265, 60, 85.23 W, 67 %, 1905 MHz, 0x0000000000000000
2026/09/28 08:02:02.281, 61, 86.10 W, 67 %, 1905 MHz, 0x0000000000000000
2026/09/28 08:02:12.295, 61, 86.38 W, 67 %, 1905 MHz, 0x0000000000000000
2026/09/28 08:02:22.310, 61, 86.25 W, 67 %, 1905 MHz, 0x0000000000000000
2026/09/28 08:02:32.324, 61, 85.90 W, 67 %, 1905 MHz, 0x0000000000000000
2026/09/28 08:02:42.340, 62, 85.87 W, 66 %, 1905 MHz, 0x0000000000000000
2026/09/28 08:02:52.357, 62, 86.00 W, 67 %, 1905 MHz, 0x0000000000000000
2026/09/28 08:03:02.372, 62, 86.67 W, 67 %, 1905 MHz, 0x0000000000000000
2026/09/28 08:03:12.388, 62, 85.93 W, 67 %, 1905 MHz, 0x0000000000000000
2026/09/28 08:03:22.402, 62, 86.95 W, 68 %, 1905 MHz, 0x0000000000000000
2026/09/28 08:03:32.419, 63, 86.60 W, 67 %, 1905 MHz, 0x0000000000000000
2026/09/28 08:03:42.435, 63, 86.48 W, 67 %, 1905 MHz, 0x0000000000000000
2026/09/28 08:03:52.452, 63, 86.63 W, 68 %, 1905 MHz, 0x0000000000000000
2026/09/28 08:04:02.468, 63, 86.74 W, 68 %, 1905 MHz, 0x0000000000000000
2026/09/28 08:04:12.483, 63, 87.04 W, 68 %, 1905 MHz, 0x0000000000000000
2026/09/28 08:04:22.499, 64, 86.74 W, 67 %, 1905 MHz, 0x0000000000000000
2026/09/28 08:04:32.515, 64, 86.84 W, 67 %, 1905 MHz, 0x0000000000000000
2026/09/28 08:04:42.530, 64, 86.93 W, 67 %, 1905 MHz, 0x0000000000000000
2026/09/28 08:04:52.547, 64, 86.28 W, 67 %, 1890 MHz, 0x0000000000000000
2026/09/28 08:05:02.563, 64, 86.29 W, 68 %, 1890 MHz, 0x0000000000000000
2026/09/28 08:05:12.577, 64, 86.31 W, 68 %, 1890 MHz, 0x0000000000000000
2026/09/28 08:05:22.592, 65, 86.86 W, 68 %, 1890 MHz, 0x0000000000000000
2026/09/28 08:05:32.606, 65, 86.77 W, 68 %, 1890 MHz, 0x0000000000000000
2026/09/28 08:05:42.622, 65, 87.15 W, 67 %, 1890 MHz, 0x0000000000000000
2026/09/28 08:05:52.638, 65, 85.11 W, 68 %, 1890 MHz, 0x0000000000000000
2026/09/28 08:06:02.655, 65, 86.68 W, 68 %, 1890 MHz, 0x0000000000000000
2026/09/28 08:06:12.671, 65, 87.01 W, 68 %, 1890 MHz, 0x0000000000000000
2026/09/28 08:06:22.688, 65, 87.46 W, 67 %, 1890 MHz, 0x0000000000000000
2026/09/28 08:06:32.703, 66, 88.04 W, 68 %, 1890 MHz, 0x0000000000000000
2026/09/28 08:06:42.718, 66, 87.88 W, 67 %, 1890 MHz, 0x0000000000000000
2026/09/28 08:06:52.734, 66, 87.24 W, 67 %, 1890 MHz, 0x0000000000000000
2026/09/28 08:07:02.749, 66, 87.24 W, 67 %, 1890 MHz, 0x0000000000000000
2026/09/28 08:07:12.766, 66, 88.10 W, 67 %, 1890 MHz, 0x0000000000000000
2026/09/28 08:07:22.784, 66, 87.80 W, 67 %, 1890 MHz, 0x0000000000000000
2026/09/28 08:07:32.800, 66, 87.54 W, 67 %, 1890 MHz, 0x0000000000000000
2026/09/28 08:07:42.816, 66, 87.40 W, 67 %, 1890 MHz, 0x0000000000000000
2026/09/28 08:07:52.831, 67, 87.65 W, 67 %, 1890 MHz, 0x0000000000000000
2026/09/28 08:08:02.847, 67, 88.08 W, 68 %, 1890 MHz, 0x0000000000000000
2026/09/28 08:08:12.862, 67, 88.04 W, 67 %, 1890 MHz, 0x0000000000000000
2026/09/28 08:08:22.879, 67, 88.07 W, 67 %, 1890 MHz, 0x0000000000000000
2026/09/28 08:08:32.896, 67, 89.29 W, 68 %, 1890 MHz, 0x0000000000000000
2026/09/28 08:08:42.911, 67, 88.06 W, 68 %, 1890 MHz, 0x0000000000000000
2026/09/28 08:08:52.928, 67, 88.49 W, 68 %, 1890 MHz, 0x0000000000000000
2026/09/28 08:09:02.944, 67, 88.72 W, 68 %, 1890 MHz, 0x0000000000000000
2026/09/28 08:09:12.959, 67, 88.93 W, 68 %, 1890 MHz, 0x0000000000000000
2026/09/28 08:09:22.973, 67, 89.24 W, 67 %, 1890 MHz, 0x0000000000000000
2026/09/28 08:09:32.990, 68, 88.97 W, 67 %, 1890 MHz, 0x0000000000000000
2026/09/28 08:09:43.007, 68, 89.03 W, 68 %, 1890 MHz, 0x0000000000000000
2026/09/28 08:09:53.023, 68, 89.80 W, 67 %, 1890 MHz, 0x0000000000000000
2026/09/28 08:10:03.039, 68, 87.15 W, 66 %, 1890 MHz, 0x0000000000000000
2026/09/28 08:10:13.054, 68, 89.51 W, 67 %, 1890 MHz, 0x0000000000000000
2026/09/28 08:10:23.070, 68, 88.68 W, 68 %, 1890 MHz, 0x0000000000000000
2026/09/28 08:10:33.085, 68, 89.61 W, 67 %, 1890 MHz, 0x0000000000000000
2026/09/28 08:10:43.100, 68, 89.44 W, 68 %, 1890 MHz, 0x0000000000000000
2026/09/28 08:10:53.115, 68, 89.31 W, 68 %, 1890 MHz, 0x0000000000000000
2026/09/28 08:11:03.130, 68, 89.64 W, 68 %, 1890 MHz, 0x0000000000000000
2026/09/28 08:11:13.146, 68, 88.91 W, 68 %, 1890 MHz, 0x0000000000000000
2026/09/28 08:11:23.161, 68, 89.47 W, 68 %, 1890 MHz, 0x0000000000000000
2026/09/28 08:11:33.178, 68, 89.42 W, 68 %, 1890 MHz, 0x0000000000000000
2026/09/28 08:11:43.193, 68, 89.15 W, 68 %, 1890 MHz, 0x0000000000000000
2026/09/28 08:11:53.210, 68, 89.20 W, 67 %, 1890 MHz, 0x0000000000000000
2026/09/28 08:12:03.227, 69, 89.65 W, 67 %, 1890 MHz, 0x0000000000000000
2026/09/28 08:12:13.242, 69, 89.53 W, 67 %, 1890 MHz, 0x0000000000000000
2026/09/28 08:12:23.259, 69, 89.08 W, 67 %, 1890 MHz, 0x0000000000000000
2026/09/28 08:12:33.276, 69, 88.24 W, 68 %, 1890 MHz, 0x0000000000000000
2026/09/28 08:12:43.292, 69, 89.82 W, 67 %, 1890 MHz, 0x0000000000000000
2026/09/28 08:12:53.308, 69, 89.66 W, 68 %, 1890 MHz, 0x0000000000000000
2026/09/28 08:13:03.323, 69, 89.59 W, 68 %, 1890 MHz, 0x0000000000000000
2026/09/28 08:13:13.338, 69, 90.31 W, 68 %, 1890 MHz, 0x0000000000000000
2026/09/28 08:13:23.353, 69, 90.14 W, 67 %, 1890 MHz, 0x0000000000000000
2026/09/28 08:13:33.369, 69, 90.17 W, 68 %, 1890 MHz, 0x0000000000000000
2026/09/28 08:13:43.385, 69, 89.37 W, 68 %, 1890 MHz, 0x0000000000000000
2026/09/28 08:13:53.400, 69, 89.41 W, 67 %, 1890 MHz, 0x0000000000000000
2026/09/28 08:14:03.416, 69, 88.78 W, 67 %, 1875 MHz, 0x0000000000000000
2026/09/28 08:14:13.434, 69, 89.26 W, 67 %, 1875 MHz, 0x0000000000000000
2026/09/28 08:14:23.451, 69, 88.90 W, 67 %, 1875 MHz, 0x0000000000000000
2026/09/28 08:14:33.466, 69, 89.16 W, 67 %, 1875 MHz, 0x0000000000000000
2026/09/28 08:14:43.481, 69, 89.24 W, 67 %, 1875 MHz, 0x0000000000000000
2026/09/28 08:14:53.498, 69, 89.08 W, 67 %, 1875 MHz, 0x0000000000000000
2026/09/28 08:15:03.513, 69, 89.53 W, 68 %, 1875 MHz, 0x0000000000000000
2026/09/28 08:15:13.527, 69, 88.96 W, 67 %, 1875 MHz, 0x0000000000000000
2026/09/28 08:15:23.542, 69, 89.33 W, 68 %, 1875 MHz, 0x0000000000000000
2026/09/28 08:15:33.558, 69, 89.08 W, 68 %, 1875 MHz, 0x0000000000000000
2026/09/28 08:15:43.573, 69, 89.90 W, 68 %, 1875 MHz, 0x0000000000000000
2026/09/28 08:15:53.588, 69, 89.27 W, 68 %, 1875 MHz, 0x0000000000000000
2026/09/28 08:16:03.604, 69, 89.40 W, 68 %, 1875 MHz, 0x0000000000000000
2026/09/28 08:16:13.619, 69, 89.29 W, 68 %, 1875 MHz, 0x0000000000000000
2026/09/28 08:16:23.633, 69, 89.39 W, 67 %, 1875 MHz, 0x0000000000000000
2026/09/28 08:16:33.648, 69, 89.06 W, 68 %, 1875 MHz, 0x0000000000000000
2026/09/28 08:16:43.662, 69, 89.67 W, 68 %, 1875 MHz, 0x0000000000000000
2026/09/28 08:16:53.677, 69, 89.54 W, 68 %, 1875 MHz, 0x0000000000000000
2026/09/28 08:17:03.692, 69, 89.06 W, 68 %, 1875 MHz, 0x0000000000000000
2026/09/28 08:17:13.707, 69, 89.39 W, 68 %, 1875 MHz, 0x0000000000000000
2026/09/28 08:17:23.722, 69, 90.13 W, 67 %, 1875 MHz, 0x0000000000000000
2026/09/28 08:17:33.736, 69, 89.20 W, 68 %, 1875 MHz, 0x0000000000000000
2026/09/28 08:17:43.753, 69, 89.42 W, 68 %, 1875 MHz, 0x0000000000000000
2026/09/28 08:17:53.770, 69, 89.03 W, 68 %, 1875 MHz, 0x0000000000000000
2026/09/28 08:18:03.785, 69, 89.15 W, 68 %, 1875 MHz, 0x0000000000000000
2026/09/28 08:18:13.801, 69, 89.15 W, 68 %, 1875 MHz, 0x0000000000000000
2026/09/28 08:18:23.815, 69, 89.13 W, 68 %, 1875 MHz, 0x0000000000000000
2026/09/28 08:18:33.830, 69, 88.39 W, 67 %, 1875 MHz, 0x0000000000000000
2026/09/28 08:18:43.845, 69, 89.19 W, 67 %, 1875 MHz, 0x0000000000000000
2026/09/28 08:18:53.863, 69, 89.39 W, 68 %, 1875 MHz, 0x0000000000000000
2026/09/28 08:19:03.879, 69, 89.35 W, 67 %, 1875 MHz, 0x0000000000000000
2026/09/28 08:19:13.895, 69, 89.22 W, 67 %, 1875 MHz, 0x0000000000000000
2026/09/28 08:19:23.911, 69, 89.76 W, 67 %, 1875 MHz, 0x0000000000000000
2026/09/28 08:19:33.927, 69, 89.60 W, 67 %, 1875 MHz, 0x0000000000000000
2026/09/28 08:19:43.942, 69, 89.58 W, 67 %, 1875 MHz, 0x0000000000000000
2026/09/28 08:19:53.961, 69, 89.98 W, 68 %, 1875 MHz, 0x0000000000000000
2026/09/28 08:20:03.977, 69, 89.15 W, 67 %, 1875 MHz, 0x0000000000000000
2026/09/28 08:20:13.992, 69, 89.02 W, 67 %, 1875 MHz, 0x0000000000000000
2026/09/28 08:20:24.007, 69, 89.04 W, 68 %, 1875 MHz, 0x0000000000000000
2026/09/28 08:20:34.022, 69, 89.84 W, 68 %, 1875 MHz, 0x0000000000000000
2026/09/28 08:20:44.037, 70, 89.97 W, 68 %, 1875 MHz, 0x0000000000000000
2026/09/28 08:20:54.052, 70, 90.05 W, 69 %, 1875 MHz, 0x0000000000000000
2026/09/28 08:21:04.069, 70, 89.17 W, 68 %, 1875 MHz, 0x0000000000000000
2026/09/28 08:21:14.086, 69, 89.60 W, 68 %, 1875 MHz, 0x0000000000000000
2026/09/28 08:21:24.102, 69, 89.32 W, 68 %, 1875 MHz, 0x0000000000000000
2026/09/28 08:21:34.117, 70, 89.81 W, 68 %, 1875 MHz, 0x0000000000000000
2026/09/28 08:21:44.132, 70, 89.86 W, 67 %, 1875 MHz, 0x0000000000000000
2026/09/28 08:21:54.147, 69, 89.94 W, 67 %, 1875 MHz, 0x0000000000000000
2026/09/28 08:22:04.162, 70, 89.75 W, 67 %, 1875 MHz, 0x0000000000000000
2026/09/28 08:22:14.178, 70, 89.46 W, 67 %, 1875 MHz, 0x0000000000000000
2026/09/28 08:22:24.196, 70, 89.90 W, 68 %, 1875 MHz, 0x0000000000000000
2026/09/28 08:22:34.212, 70, 89.66 W, 68 %, 1875 MHz, 0x0000000000000000
2026/09/28 08:22:44.228, 69, 89.31 W, 68 %, 1875 MHz, 0x0000000000000000
2026/09/28 08:22:54.244, 70, 89.53 W, 67 %, 1875 MHz, 0x0000000000000000
2026/09/28 08:23:04.259, 69, 88.90 W, 68 %, 1875 MHz, 0x0000000000000000
2026/09/28 08:23:14.275, 70, 89.43 W, 68 %, 1875 MHz, 0x0000000000000000
2026/09/28 08:23:24.294, 70, 89.34 W, 67 %, 1875 MHz, 0x0000000000000000
2026/09/28 08:23:34.309, 70, 89.43 W, 68 %, 1875 MHz, 0x0000000000000000
2026/09/28 08:23:44.324, 70, 89.58 W, 68 %, 1875 MHz, 0x0000000000000000
2026/09/28 08:23:54.339, 70, 88.80 W, 68 %, 1875 MHz, 0x0000000000000000
2026/09/28 08:24:04.354, 70, 89.01 W, 68 %, 1875 MHz, 0x0000000000000000
2026/09/28 08:24:14.369, 70, 89.44 W, 68 %, 1875 MHz, 0x0000000000000000
2026/09/28 08:24:24.385, 70, 89.87 W, 68 %, 1875 MHz, 0x0000000000000000
2026/09/28 08:24:34.401, 70, 89.51 W, 68 %, 1875 MHz, 0x0000000000000000
2026/09/28 08:24:44.415, 70, 89.15 W, 68 %, 1875 MHz, 0x0000000000000000
2026/09/28 08:24:54.430, 70, 89.46 W, 68 %, 1875 MHz, 0x0000000000000000
2026/09/28 08:25:04.446, 70, 89.65 W, 68 %, 1875 MHz, 0x0000000000000000
2026/09/28 08:25:14.461, 70, 89.96 W, 68 %, 1875 MHz, 0x0000000000000000
2026/09/28 08:25:24.476, 70, 89.72 W, 68 %, 1875 MHz, 0x0000000000000000
2026/09/28 08:25:34.492, 70, 88.39 W, 68 %, 1875 MHz, 0x0000000000000000
2026/09/28 08:25:44.508, 70, 89.96 W, 67 %, 1875 MHz, 0x0000000000000000
2026/09/28 08:25:54.524, 70, 89.06 W, 68 %, 1875 MHz, 0x0000000000000000
2026/09/28 08:26:04.540, 70, 89.59 W, 67 %, 1875 MHz, 0x0000000000000000
2026/09/28 08:26:14.555, 70, 90.27 W, 68 %, 1875 MHz, 0x0000000000000000
2026/09/28 08:26:24.569, 70, 90.23 W, 68 %, 1875 MHz, 0x0000000000000000
2026/09/28 08:26:34.584, 70, 89.88 W, 67 %, 1875 MHz, 0x0000000000000000
2026/09/28 08:26:44.599, 70, 89.55 W, 67 %, 1875 MHz, 0x0000000000000000
2026/09/28 08:26:54.615, 70, 89.63 W, 67 %, 1875 MHz, 0x0000000000000000
2026/09/28 08:27:04.630, 70, 90.11 W, 67 %, 1875 MHz, 0x0000000000000000
2026/09/28 08:27:14.645, 70, 90.27 W, 67 %, 1875 MHz, 0x0000000000000000
2026/09/28 08:27:24.660, 70, 90.03 W, 67 %, 1875 MHz, 0x0000000000000000
2026/09/28 08:27:34.675, 70, 91.07 W, 67 %, 1875 MHz, 0x0000000000000000
2026/09/28 08:27:44.694, 70, 90.29 W, 68 %, 1875 MHz, 0x0000000000000000
2026/09/28 08:27:54.708, 70, 89.83 W, 68 %, 1875 MHz, 0x0000000000000000
2026/09/28 08:28:04.723, 70, 89.62 W, 67 %, 1875 MHz, 0x0000000000000000
2026/09/28 08:28:14.738, 70, 90.78 W, 67 %, 1875 MHz, 0x0000000000000000
2026/09/28 08:28:24.753, 70, 90.18 W, 68 %, 1875 MHz, 0x0000000000000000
2026/09/28 08:28:34.768, 70, 90.57 W, 68 %, 1875 MHz, 0x0000000000000000
2026/09/28 08:28:44.783, 71, 90.33 W, 67 %, 1875 MHz, 0x0000000000000000
2026/09/28 08:28:54.798, 71, 90.39 W, 68 %, 1875 MHz, 0x0000000000000000
2026/09/28 08:29:04.813, 71, 90.18 W, 68 %, 1875 MHz, 0x0000000000000000
2026/09/28 08:29:14.829, 71, 90.47 W, 68 %, 1875 MHz, 0x0000000000000000
2026/09/28 08:29:24.845, 71, 90.87 W, 68 %, 1875 MHz, 0x0000000000000000
2026/09/28 08:29:34.861, 71, 90.15 W, 68 %, 1875 MHz, 0x0000000000000000
2026/09/28 08:29:44.876, 71, 90.37 W, 68 %, 1875 MHz, 0x0000000000000000
2026/09/28 08:29:54.894, 71, 91.11 W, 68 %, 1875 MHz, 0x0000000000000000
2026/09/28 08:30:04.911, 71, 90.78 W, 68 %, 1875 MHz, 0x0000000000000000
2026/09/28 08:30:14.927, 71, 90.56 W, 67 %, 1875 MHz, 0x0000000000000000
2026/09/28 08:30:24.943, 71, 90.49 W, 68 %, 1875 MHz, 0x0000000000000000
2026/09/28 08:30:34.960, 71, 90.36 W, 68 %, 1875 MHz, 0x0000000000000000
2026/09/28 08:30:44.975, 71, 90.61 W, 67 %, 1875 MHz, 0x0000000000000000
2026/09/28 08:30:54.990, 71, 91.29 W, 68 %, 1875 MHz, 0x0000000000000000
2026/09/28 08:31:05.007, 71, 90.62 W, 68 %, 1875 MHz, 0x0000000000000000
2026/09/28 08:31:15.022, 71, 90.27 W, 68 %, 1875 MHz, 0x0000000000000000
2026/09/28 08:31:25.038, 71, 90.54 W, 67 %, 1875 MHz, 0x0000000000000000
2026/09/28 08:31:35.054, 71, 90.59 W, 68 %, 1875 MHz, 0x0000000000000000
2026/09/28 08:31:45.069, 71, 91.09 W, 68 %, 1875 MHz, 0x0000000000000000
2026/09/28 08:31:55.084, 71, 90.78 W, 67 %, 1875 MHz, 0x0000000000000000
2026/09/28 08:32:05.101, 71, 90.46 W, 68 %, 1875 MHz, 0x0000000000000000
2026/09/28 08:32:15.116, 71, 90.78 W, 68 %, 1875 MHz, 0x0000000000000000
2026/09/28 08:32:25.132, 71, 90.29 W, 67 %, 1875 MHz, 0x0000000000000000
2026/09/28 08:32:35.147, 71, 90.51 W, 67 %, 1875 MHz, 0x0000000000000000
2026/09/28 08:32:45.163, 71, 91.09 W, 68 %, 1875 MHz, 0x0000000000000000
2026/09/28 08:32:55.178, 71, 91.10 W, 68 %, 1875 MHz, 0x0000000000000000
2026/09/28 08:33:05.193, 71, 90.97 W, 68 %, 1875 MHz, 0x0000000000000000
2026/09/28 08:33:15.209, 71, 89.00 W, 68 %, 1875 MHz, 0x0000000000000000
2026/09/28 08:33:25.226, 71, 90.44 W, 69 %, 1875 MHz, 0x0000000000000000
2026/09/28 08:33:35.243, 71, 90.24 W, 68 %, 1875 MHz, 0x0000000000000000
2026/09/28 08:33:45.260, 71, 90.60 W, 68 %, 1875 MHz, 0x0000000000000000
2026/09/28 08:33:55.274, 71, 90.64 W, 68 %, 1875 MHz, 0x0000000000000000
2026/09/28 08:34:05.291, 71, 90.78 W, 68 %, 1875 MHz, 0x0000000000000000
2026/09/28 08:34:15.308, 71, 90.36 W, 68 %, 1875 MHz, 0x0000000000000000
2026/09/28 08:34:25.324, 71, 91.32 W, 68 %, 1875 MHz, 0x0000000000000000
2026/09/28 08:34:35.341, 71, 91.03 W, 68 %, 1875 MHz, 0x0000000000000000
2026/09/28 08:34:45.358, 71, 90.94 W, 67 %, 1875 MHz, 0x0000000000000000
2026/09/28 08:34:55.374, 71, 91.05 W, 65 %, 1875 MHz, 0x0000000000000000
2026/09/28 08:35:05.389, 71, 90.49 W, 67 %, 1875 MHz, 0x0000000000000000
2026/09/28 08:35:15.404, 71, 90.92 W, 67 %, 1875 MHz, 0x0000000000000000
2026/09/28 08:35:25.419, 71, 90.81 W, 68 %, 1875 MHz, 0x0000000000000000
2026/09/28 08:35:35.435, 71, 90.95 W, 67 %, 1875 MHz, 0x0000000000000000
2026/09/28 08:35:45.451, 71, 90.74 W, 67 %, 1875 MHz, 0x0000000000000000
2026/09/28 08:35:55.469, 71, 91.00 W, 68 %, 1875 MHz, 0x0000000000000000
2026/09/28 08:36:05.484, 71, 90.37 W, 68 %, 1875 MHz, 0x0000000000000000
2026/09/28 08:36:15.500, 71, 90.47 W, 67 %, 1875 MHz, 0x0000000000000000
2026/09/28 08:36:25.515, 71, 91.15 W, 68 %, 1875 MHz, 0x0000000000000000
2026/09/28 08:36:35.534, 71, 90.32 W, 67 %, 1875 MHz, 0x0000000000000000
2026/09/28 08:36:45.549, 71, 90.25 W, 67 %, 1875 MHz, 0x0000000000000000
2026/09/28 08:36:55.564, 71, 91.18 W, 68 %, 1875 MHz, 0x0000000000000000
2026/09/28 08:37:05.579, 71, 90.83 W, 68 %, 1875 MHz, 0x0000000000000000
2026/09/28 08:37:15.594, 71, 90.22 W, 68 %, 1875 MHz, 0x0000000000000000
2026/09/28 08:37:25.609, 70, 90.89 W, 68 %, 1875 MHz, 0x0000000000000000
2026/09/28 08:37:35.623, 70, 90.52 W, 68 %, 1875 MHz, 0x0000000000000000
2026/09/28 08:37:45.640, 70, 90.37 W, 67 %, 1875 MHz, 0x0000000000000000
2026/09/28 08:37:55.656, 70, 90.51 W, 67 %, 1875 MHz, 0x0000000000000000
2026/09/28 08:38:05.671, 70, 90.60 W, 68 %, 1875 MHz, 0x0000000000000000
2026/09/28 08:38:15.686, 70, 90.16 W, 68 %, 1875 MHz, 0x0000000000000000
2026/09/28 08:38:25.701, 70, 90.29 W, 68 %, 1875 MHz, 0x0000000000000000
2026/09/28 08:38:35.717, 70, 90.17 W, 68 %, 1875 MHz, 0x0000000000000000
2026/09/28 08:38:45.732, 70, 90.43 W, 68 %, 1875 MHz, 0x0000000000000000
2026/09/28 08:38:55.746, 70, 90.50 W, 67 %, 1875 MHz, 0x0000000000000000
2026/09/28 08:39:05.761, 70, 89.99 W, 67 %, 1875 MHz, 0x0000000000000000
2026/09/28 08:39:15.777, 70, 90.29 W, 67 %, 1875 MHz, 0x0000000000000000
2026/09/28 08:39:25.791, 70, 90.58 W, 67 %, 1875 MHz, 0x0000000000000000
2026/09/28 08:39:35.806, 70, 89.98 W, 67 %, 1875 MHz, 0x0000000000000000
2026/09/28 08:39:45.821, 70, 90.52 W, 67 %, 1875 MHz, 0x0000000000000000
2026/09/28 08:39:55.836, 70, 90.85 W, 67 %, 1875 MHz, 0x0000000000000000
2026/09/28 08:40:05.851, 70, 90.96 W, 68 %, 1875 MHz, 0x0000000000000000
2026/09/28 08:40:15.866, 70, 90.49 W, 67 %, 1875 MHz, 0x0000000000000000
2026/09/28 08:40:25.881, 70, 90.79 W, 65 %, 1875 MHz, 0x0000000000000000
2026/09/28 08:40:35.896, 70, 90.04 W, 67 %, 1875 MHz, 0x0000000000000000
2026/09/28 08:40:45.911, 70, 89.98 W, 67 %, 1875 MHz, 0x0000000000000000
2026/09/28 08:40:55.926, 70, 90.94 W, 68 %, 1875 MHz, 0x0000000000000000
2026/09/28 08:41:05.942, 70, 90.30 W, 67 %, 1875 MHz, 0x0000000000000000
2026/09/28 08:41:15.958, 70, 90.33 W, 68 %, 1875 MHz, 0x0000000000000000
2026/09/28 08:41:25.974, 70, 90.03 W, 67 %, 1875 MHz, 0x0000000000000000
2026/09/28 08:41:35.990, 70, 90.23 W, 68 %, 1875 MHz, 0x0000000000000000
2026/09/28 08:41:46.006, 70, 89.94 W, 68 %, 1875 MHz, 0x0000000000000000
2026/09/28 08:41:56.021, 70, 90.31 W, 68 %, 1875 MHz, 0x0000000000000000
2026/09/28 08:42:06.035, 70, 90.20 W, 68 %, 1875 MHz, 0x0000000000000000
2026/09/28 08:42:16.052, 70, 91.08 W, 68 %, 1875 MHz, 0x0000000000000000
2026/09/28 08:42:26.069, 70, 90.53 W, 68 %, 1875 MHz, 0x0000000000000000
2026/09/28 08:42:36.085, 70, 90.32 W, 68 %, 1875 MHz, 0x0000000000000000
2026/09/28 08:42:46.100, 70, 90.41 W, 68 %, 1875 MHz, 0x0000000000000000
2026/09/28 08:42:56.115, 70, 90.40 W, 67 %, 1875 MHz, 0x0000000000000000
2026/09/28 08:43:06.130, 70, 90.19 W, 68 %, 1875 MHz, 0x0000000000000000
2026/09/28 08:43:16.145, 70, 90.06 W, 68 %, 1875 MHz, 0x0000000000000000
2026/09/28 08:43:26.162, 70, 89.83 W, 68 %, 1875 MHz, 0x0000000000000000
2026/09/28 08:43:36.177, 70, 90.87 W, 68 %, 1875 MHz, 0x0000000000000000
2026/09/28 08:43:46.193, 70, 90.60 W, 68 %, 1875 MHz, 0x0000000000000000
2026/09/28 08:43:56.209, 70, 90.79 W, 68 %, 1875 MHz, 0x0000000000000000
2026/09/28 08:44:06.225, 70, 90.54 W, 68 %, 1875 MHz, 0x0000000000000000
2026/09/28 08:44:16.240, 70, 90.41 W, 68 %, 1875 MHz, 0x0000000000000000
2026/09/28 08:44:26.260, 70, 89.67 W, 68 %, 1875 MHz, 0x0000000000000000
2026/09/28 08:44:36.277, 70, 89.97 W, 67 %, 1875 MHz, 0x0000000000000000
2026/09/28 08:44:46.293, 70, 89.81 W, 67 %, 1875 MHz, 0x0000000000000000
2026/09/28 08:44:56.309, 70, 89.92 W, 68 %, 1875 MHz, 0x0000000000000000
2026/09/28 08:45:06.325, 70, 90.16 W, 68 %, 1875 MHz, 0x0000000000000000
2026/09/28 08:45:16.341, 70, 88.95 W, 67 %, 1875 MHz, 0x0000000000000000
2026/09/28 08:45:26.357, 70, 90.37 W, 68 %, 1875 MHz, 0x0000000000000000
2026/09/28 08:45:36.373, 70, 90.56 W, 68 %, 1875 MHz, 0x0000000000000000
2026/09/28 08:45:46.390, 70, 89.76 W, 68 %, 1875 MHz, 0x0000000000000000
2026/09/28 08:45:56.405, 70, 89.76 W, 68 %, 1875 MHz, 0x0000000000000000
2026/09/28 08:46:06.420, 70, 89.86 W, 68 %, 1875 MHz, 0x0000000000000000
2026/09/28 08:46:16.435, 70, 90.65 W, 68 %, 1875 MHz, 0x0000000000000000
2026/09/28 08:46:26.450, 70, 90.10 W, 67 %, 1875 MHz, 0x0000000000000000
2026/09/28 08:46:36.465, 70, 89.63 W, 68 %, 1875 MHz, 0x0000000000000000
2026/09/28 08:46:46.482, 70, 90.33 W, 68 %, 1875 MHz, 0x0000000000000000
2026/09/28 08:46:56.497, 70, 89.97 W, 68 %, 1875 MHz, 0x0000000000000000
2026/09/28 08:47:06.514, 70, 89.92 W, 67 %, 1875 MHz, 0x0000000000000000
2026/09/28 08:47:16.528, 70, 89.98 W, 68 %, 1875 MHz, 0x0000000000000000
2026/09/28 08:47:26.544, 70, 90.18 W, 68 %, 1875 MHz, 0x0000000000000000
2026/09/28 08:47:36.558, 70, 90.57 W, 67 %, 1875 MHz, 0x0000000000000000
2026/09/28 08:47:46.574, 70, 89.84 W, 68 %, 1875 MHz, 0x0000000000000000
2026/09/28 08:47:56.591, 70, 91.10 W, 68 %, 1875 MHz, 0x0000000000000000
2026/09/28 08:48:06.607, 70, 90.45 W, 67 %, 1875 MHz, 0x0000000000000000
2026/09/28 08:48:16.622, 70, 90.34 W, 67 %, 1875 MHz, 0x0000000000000000
2026/09/28 08:48:26.637, 70, 90.37 W, 67 %, 1875 MHz, 0x0000000000000000
2026/09/28 08:48:36.652, 70, 90.62 W, 68 %, 1875 MHz, 0x0000000000000000
2026/09/28 08:48:46.667, 70, 90.42 W, 68 %, 1875 MHz, 0x0000000000000000
2026/09/28 08:48:56.682, 70, 90.26 W, 67 %, 1875 MHz, 0x0000000000000000
2026/09/28 08:49:06.698, 70, 90.66 W, 68 %, 1875 MHz, 0x0000000000000000
2026/09/28 08:49:16.713, 71, 90.53 W, 68 %, 1875 MHz, 0x0000000000000000
2026/09/28 08:49:26.728, 71, 90.58 W, 68 %, 1875 MHz, 0x0000000000000000
2026/09/28 08:49:36.743, 71, 90.52 W, 68 %, 1875 MHz, 0x0000000000000000
2026/09/28 08:49:46.757, 71, 90.86 W, 67 %, 1875 MHz, 0x0000000000000000
2026/09/28 08:49:56.772, 71, 90.99 W, 68 %, 1875 MHz, 0x0000000000000000
2026/09/28 08:50:06.787, 71, 91.08 W, 67 %, 1875 MHz, 0x0000000000000000
2026/09/28 08:50:16.802, 71, 90.07 W, 68 %, 1875 MHz, 0x0000000000000000
2026/09/28 08:50:26.817, 71, 89.62 W, 68 %, 1875 MHz, 0x0000000000000000
2026/09/28 08:50:36.831, 71, 90.42 W, 68 %, 1875 MHz, 0x0000000000000000
2026/09/28 08:50:46.846, 71, 90.47 W, 68 %, 1875 MHz, 0x0000000000000000
2026/09/28 08:50:56.861, 71, 91.16 W, 67 %, 1875 MHz, 0x0000000000000000
2026/09/28 08:51:06.876, 71, 91.20 W, 66 %, 1875 MHz, 0x0000000000000000
2026/09/28 08:51:16.891, 71, 91.21 W, 67 %, 1875 MHz, 0x0000000000000000
2026/09/28 08:51:26.908, 71, 90.36 W, 65 %, 1875 MHz, 0x0000000000000000
2026/09/28 08:51:36.923, 71, 90.69 W, 67 %, 1875 MHz, 0x0000000000000000
2026/09/28 08:51:46.937, 71, 91.50 W, 68 %, 1875 MHz, 0x0000000000000000
2026/09/28 08:51:56.952, 71, 90.81 W, 67 %, 1875 MHz, 0x0000000000000000
2026/09/28 08:52:06.967, 71, 91.37 W, 67 %, 1875 MHz, 0x0000000000000000
2026/09/28 08:52:16.984, 71, 91.03 W, 67 %, 1875 MHz, 0x0000000000000000
2026/09/28 08:52:27.000, 71, 90.66 W, 67 %, 1875 MHz, 0x0000000000000000
2026/09/28 08:52:37.015, 71, 91.17 W, 67 %, 1875 MHz, 0x0000000000000000
2026/09/28 08:52:47.029, 71, 90.68 W, 67 %, 1875 MHz, 0x0000000000000000
2026/09/28 08:52:57.045, 71, 92.01 W, 68 %, 1875 MHz, 0x0000000000000000
2026/09/28 08:53:07.059, 71, 90.78 W, 68 %, 1875 MHz, 0x0000000000000000
2026/09/28 08:53:17.074, 71, 90.68 W, 67 %, 1875 MHz, 0x0000000000000000
2026/09/28 08:53:27.091, 71, 91.74 W, 68 %, 1875 MHz, 0x0000000000000000
2026/09/28 08:53:37.107, 71, 91.11 W, 68 %, 1875 MHz, 0x0000000000000000
2026/09/28 08:53:47.123, 71, 91.32 W, 68 %, 1875 MHz, 0x0000000000000000
2026/09/28 08:53:57.139, 71, 90.96 W, 68 %, 1875 MHz, 0x0000000000000000
2026/09/28 08:54:07.154, 71, 91.38 W, 68 %, 1875 MHz, 0x0000000000000000
2026/09/28 08:54:17.169, 71, 90.78 W, 68 %, 1875 MHz, 0x0000000000000000
2026/09/28 08:54:27.185, 71, 91.48 W, 68 %, 1875 MHz, 0x0000000000000000
2026/09/28 08:54:37.202, 71, 90.91 W, 68 %, 1875 MHz, 0x0000000000000000
2026/09/28 08:54:47.217, 71, 90.89 W, 68 %, 1875 MHz, 0x0000000000000000
2026/09/28 08:54:57.233, 71, 90.91 W, 67 %, 1875 MHz, 0x0000000000000000
2026/09/28 08:55:07.248, 71, 89.33 W, 68 %, 1875 MHz, 0x0000000000000000
2026/09/28 08:55:17.263, 71, 91.48 W, 68 %, 1875 MHz, 0x0000000000000000
2026/09/28 08:55:27.278, 71, 91.27 W, 68 %, 1875 MHz, 0x0000000000000000
2026/09/28 08:55:37.294, 71, 90.68 W, 68 %, 1875 MHz, 0x0000000000000000
2026/09/28 08:55:47.311, 71, 90.96 W, 68 %, 1875 MHz, 0x0000000000000000
2026/09/28 08:55:57.326, 71, 90.89 W, 68 %, 1875 MHz, 0x0000000000000000
2026/09/28 08:56:07.342, 71, 91.20 W, 68 %, 1875 MHz, 0x0000000000000000
2026/09/28 08:56:17.357, 71, 90.86 W, 69 %, 1875 MHz, 0x0000000000000000
2026/09/28 08:56:27.372, 71, 91.33 W, 67 %, 1875 MHz, 0x0000000000000000
2026/09/28 08:56:37.387, 71, 90.75 W, 67 %, 1875 MHz, 0x0000000000000000
2026/09/28 08:56:47.404, 71, 90.70 W, 67 %, 1875 MHz, 0x0000000000000000
2026/09/28 08:56:57.420, 71, 91.16 W, 65 %, 1875 MHz, 0x0000000000000000
2026/09/28 08:57:07.437, 71, 91.04 W, 66 %, 1875 MHz, 0x0000000000000000
2026/09/28 08:57:17.452, 71, 90.50 W, 67 %, 1875 MHz, 0x0000000000000000
2026/09/28 08:57:27.469, 71, 90.84 W, 67 %, 1875 MHz, 0x0000000000000000
2026/09/28 08:57:37.485, 71, 90.59 W, 67 %, 1875 MHz, 0x0000000000000000
2026/09/28 08:57:47.501, 71, 90.54 W, 68 %, 1875 MHz, 0x0000000000000000
2026/09/28 08:57:57.517, 71, 90.98 W, 69 %, 1875 MHz, 0x0000000000000000
2026/09/28 08:58:07.532, 71, 91.07 W, 68 %, 1875 MHz, 0x0000000000000000
2026/09/28 08:58:17.549, 71, 91.19 W, 67 %, 1875 MHz, 0x0000000000000000
2026/09/28 08:58:27.563, 71, 91.72 W, 67 %, 1875 MHz, 0x0000000000000000
2026/09/28 08:58:37.578, 71, 90.75 W, 68 %, 1875 MHz, 0x0000000000000000
2026/09/28 08:58:47.593, 71, 91.03 W, 68 %, 1875 MHz, 0x0000000000000000
2026/09/28 08:58:57.609, 71, 91.25 W, 67 %, 1875 MHz, 0x0000000000000000
2026/09/28 08:59:07.624, 71, 91.14 W, 67 %, 1875 MHz, 0x0000000000000000
2026/09/28 08:59:17.640, 71, 89.83 W, 68 %, 1875 MHz, 0x0000000000000000
2026/09/28 08:59:27.656, 71, 90.76 W, 67 %, 1875 MHz, 0x0000000000000000
2026/09/28 08:59:37.672, 71, 91.45 W, 68 %, 1875 MHz, 0x0000000000000000
2026/09/28 08:59:47.686, 71, 90.65 W, 68 %, 1875 MHz, 0x0000000000000000
2026/09/28 08:59:57.701, 71, 90.64 W, 68 %, 1875 MHz, 0x0000000000000000
2026/09/28 09:00:07.718, 71, 90.55 W, 67 %, 1875 MHz, 0x0000000000000000
2026/09/28 09:00:17.734, 71, 90.82 W, 66 %, 1875 MHz, 0x0000000000000000
2026/09/28 09:00:27.749, 71, 90.86 W, 66 %, 1875 MHz, 0x0000000000000000
2026/09/28 09:00:37.763, 71, 90.97 W, 67 %, 1875 MHz, 0x0000000000000000
2026/09/28 09:00:47.778, 71, 90.88 W, 68 %, 1875 MHz, 0x0000000000000000
2026/09/28 09:00:57.793, 71, 91.46 W, 67 %, 1875 MHz, 0x0000000000000000
2026/09/28 09:01:07.807, 71, 90.66 W, 68 %, 1875 MHz, 0x0000000000000000
2026/09/28 09:01:17.823, 71, 90.77 W, 67 %, 1875 MHz, 0x0000000000000000
2026/09/28 09:01:27.837, 71, 90.55 W, 68 %, 1875 MHz, 0x0000000000000000
2026/09/28 09:01:37.852, 71, 91.71 W, 68 %, 1875 MHz, 0x0000000000000000
2026/09/28 09:01:47.867, 71, 90.76 W, 68 %, 1875 MHz, 0x0000000000000000
2026/09/28 09:01:57.882, 71, 90.80 W, 68 %, 1875 MHz, 0x0000000000000000
2026/09/28 09:02:07.897, 71, 90.94 W, 67 %, 1875 MHz, 0x0000000000000000
2026/09/28 09:02:17.912, 71, 89.38 W, 67 %, 1875 MHz, 0x0000000000000000
2026/09/28 09:02:27.927, 71, 91.37 W, 69 %, 1875 MHz, 0x0000000000000000
2026/09/28 09:02:37.942, 71, 90.45 W, 68 %, 1875 MHz, 0x0000000000000000
2026/09/28 09:02:47.957, 71, 90.36 W, 67 %, 1875 MHz, 0x0000000000000000
2026/09/28 09:02:57.972, 71, 90.62 W, 67 %, 1875 MHz, 0x0000000000000000
2026/09/28 09:03:07.986, 71, 90.66 W, 67 %, 1875 MHz, 0x0000000000000000
2026/09/28 09:03:18.002, 71, 90.66 W, 67 %, 1875 MHz, 0x0000000000000000
2026/09/28 09:03:28.018, 71, 90.83 W, 67 %, 1875 MHz, 0x0000000000000000
2026/09/28 09:03:38.034, 71, 90.38 W, 67 %, 1875 MHz, 0x0000000000000000
2026/09/28 09:03:48.049, 71, 90.68 W, 67 %, 1875 MHz, 0x0000000000000000
2026/09/28 09:03:58.064, 71, 90.81 W, 67 %, 1875 MHz, 0x0000000000000000
2026/09/28 09:04:08.079, 71, 90.86 W, 67 %, 1875 MHz, 0x0000000000000000
2026/09/28 09:04:18.095, 71, 90.86 W, 67 %, 1875 MHz, 0x0000000000000000
2026/09/28 09:04:28.110, 71, 90.43 W, 68 %, 1875 MHz, 0x0000000000000000
2026/09/28 09:04:38.127, 71, 90.32 W, 68 %, 1875 MHz, 0x0000000000000000
2026/09/28 09:04:48.143, 71, 90.74 W, 68 %, 1875 MHz, 0x0000000000000000
2026/09/28 09:04:58.159, 71, 90.46 W, 68 %, 1875 MHz, 0x0000000000000000
2026/09/28 09:05:08.174, 71, 90.32 W, 68 %, 1875 MHz, 0x0000000000000000
2026/09/28 09:05:18.189, 70, 90.56 W, 68 %, 1875 MHz, 0x0000000000000000
2026/09/28 09:05:28.204, 71, 89.97 W, 68 %, 1875 MHz, 0x0000000000000000
2026/09/28 09:05:38.221, 70, 89.82 W, 67 %, 1875 MHz, 0x0000000000000000
2026/09/28 09:05:48.238, 70, 90.17 W, 67 %, 1875 MHz, 0x0000000000000000
2026/09/28 09:05:58.254, 70, 90.62 W, 67 %, 1875 MHz, 0x0000000000000000
2026/09/28 09:06:08.270, 70, 90.71 W, 67 %, 1875 MHz, 0x0000000000000000
2026/09/28 09:06:18.286, 70, 90.32 W, 68 %, 1875 MHz, 0x0000000000000000
2026/09/28 09:06:28.301, 70, 90.17 W, 68 %, 1875 MHz, 0x0000000000000000
2026/09/28 09:06:38.315, 70, 89.96 W, 68 %, 1875 MHz, 0x0000000000000000
2026/09/28 09:06:48.332, 70, 89.78 W, 68 %, 1875 MHz, 0x0000000000000000
2026/09/28 09:06:58.348, 70, 90.05 W, 68 %, 1875 MHz, 0x0000000000000000
2026/09/28 09:07:08.364, 70, 90.74 W, 68 %, 1875 MHz, 0x0000000000000000
2026/09/28 09:07:18.378, 70, 89.80 W, 68 %, 1875 MHz, 0x0000000000000000
2026/09/28 09:07:28.394, 70, 89.53 W, 68 %, 1875 MHz, 0x0000000000000000
2026/09/28 09:07:38.410, 70, 89.47 W, 68 %, 1875 MHz, 0x0000000000000000
2026/09/28 09:07:48.425, 70, 90.29 W, 68 %, 1875 MHz, 0x0000000000000000
2026/09/28 09:07:58.442, 70, 90.15 W, 68 %, 1875 MHz, 0x0000000000000000
2026/09/28 09:08:08.458, 70, 89.50 W, 68 %, 1875 MHz, 0x0000000000000000
2026/09/28 09:08:18.474, 70, 89.84 W, 68 %, 1875 MHz, 0x0000000000000000
2026/09/28 09:08:28.489, 70, 89.39 W, 68 %, 1875 MHz, 0x0000000000000000
2026/09/28 09:08:38.504, 70, 89.95 W, 68 %, 1875 MHz, 0x0000000000000000
2026/09/28 09:08:48.521, 70, 90.27 W, 68 %, 1875 MHz, 0x0000000000000000
2026/09/28 09:08:58.537, 70, 89.97 W, 68 %, 1875 MHz, 0x0000000000000000
2026/09/28 09:09:08.553, 70, 89.34 W, 68 %, 1875 MHz, 0x0000000000000000
2026/09/28 09:09:18.567, 70, 88.03 W, 68 %, 1875 MHz, 0x0000000000000000
2026/09/28 09:09:28.583, 70, 88.09 W, 68 %, 1875 MHz, 0x0000000000000000
2026/09/28 09:09:38.598, 70, 89.33 W, 68 %, 1875 MHz, 0x0000000000000000
2026/09/28 09:09:48.613, 70, 89.48 W, 67 %, 1875 MHz, 0x0000000000000000
2026/09/28 09:09:58.628, 70, 89.75 W, 68 %, 1875 MHz, 0x0000000000000000
2026/09/28 09:10:08.644, 70, 89.76 W, 68 %, 1875 MHz, 0x0000000000000000
2026/09/28 09:10:18.659, 70, 88.72 W, 67 %, 1875 MHz, 0x0000000000000000
2026/09/28 09:10:28.674, 70, 89.38 W, 65 %, 1875 MHz, 0x0000000000000000
2026/09/28 09:10:38.689, 70, 89.00 W, 68 %, 1875 MHz, 0x0000000000000000
2026/09/28 09:10:48.704, 70, 89.74 W, 60 %, 1875 MHz, 0x0000000000000000
2026/09/28 09:10:58.719, 70, 89.68 W, 67 %, 1875 MHz, 0x0000000000000000
2026/09/28 09:11:08.733, 70, 90.48 W, 68 %, 1875 MHz, 0x0000000000000000
2026/09/28 09:11:18.749, 70, 89.28 W, 68 %, 1875 MHz, 0x0000000000000000
2026/09/28 09:11:28.764, 70, 90.27 W, 67 %, 1875 MHz, 0x0000000000000000
2026/09/28 09:11:38.781, 70, 89.69 W, 68 %, 1875 MHz, 0x0000000000000000
2026/09/28 09:11:48.797, 70, 90.12 W, 68 %, 1875 MHz, 0x0000000000000000
2026/09/28 09:11:58.813, 70, 90.46 W, 68 %, 1875 MHz, 0x0000000000000000
2026/09/28 09:12:08.829, 70, 90.28 W, 68 %, 1875 MHz, 0x0000000000000000
2026/09/28 09:12:18.844, 70, 90.24 W, 68 %, 1875 MHz, 0x0000000000000000
2026/09/28 09:12:28.859, 70, 89.89 W, 68 %, 1875 MHz, 0x0000000000000000
2026/09/28 09:12:38.875, 70, 90.47 W, 67 %, 1875 MHz, 0x0000000000000000
2026/09/28 09:12:48.891, 70, 90.39 W, 68 %, 1875 MHz, 0x0000000000000000
2026/09/28 09:12:58.909, 70, 90.22 W, 68 %, 1875 MHz, 0x0000000000000000
2026/09/28 09:13:08.924, 70, 90.81 W, 68 %, 1875 MHz, 0x0000000000000000
2026/09/28 09:13:18.940, 70, 89.70 W, 67 %, 1875 MHz, 0x0000000000000000
2026/09/28 09:13:28.956, 70, 89.86 W, 67 %, 1875 MHz, 0x0000000000000000
2026/09/28 09:13:38.975, 70, 90.22 W, 67 %, 1875 MHz, 0x0000000000000000
2026/09/28 09:13:48.992, 70, 90.23 W, 68 %, 1875 MHz, 0x0000000000000000
2026/09/28 09:13:59.008, 70, 90.22 W, 68 %, 1875 MHz, 0x0000000000000000
2026/09/28 09:14:09.026, 70, 90.21 W, 68 %, 1875 MHz, 0x0000000000000000
2026/09/28 09:14:19.040, 70, 90.43 W, 68 %, 1875 MHz, 0x0000000000000000
2026/09/28 09:14:29.055, 70, 89.93 W, 68 %, 1875 MHz, 0x0000000000000000
2026/09/28 09:14:39.070, 70, 89.97 W, 68 %, 1875 MHz, 0x0000000000000000
2026/09/28 09:14:49.086, 70, 90.30 W, 67 %, 1875 MHz, 0x0000000000000000
2026/09/28 09:14:59.102, 71, 90.04 W, 68 %, 1875 MHz, 0x0000000000000000
2026/09/28 09:15:09.118, 71, 90.48 W, 68 %, 1875 MHz, 0x0000000000000000
2026/09/28 09:15:19.133, 71, 91.17 W, 68 %, 1875 MHz, 0x0000000000000000
2026/09/28 09:15:29.148, 71, 90.04 W, 68 %, 1875 MHz, 0x0000000000000000
2026/09/28 09:15:39.163, 71, 90.32 W, 68 %, 1875 MHz, 0x0000000000000000
2026/09/28 09:15:49.178, 71, 90.42 W, 67 %, 1875 MHz, 0x0000000000000000
2026/09/28 09:15:59.195, 71, 90.56 W, 67 %, 1875 MHz, 0x0000000000000000
2026/09/28 09:16:09.211, 71, 90.83 W, 68 %, 1875 MHz, 0x0000000000000000
2026/09/28 09:16:19.227, 71, 90.28 W, 67 %, 1875 MHz, 0x0000000000000000
2026/09/28 09:16:29.242, 71, 90.75 W, 67 %, 1875 MHz, 0x0000000000000000
2026/09/28 09:16:39.257, 71, 89.97 W, 69 %, 1875 MHz, 0x0000000000000000
2026/09/28 09:16:49.272, 71, 91.02 W, 67 %, 1875 MHz, 0x0000000000000000
2026/09/28 09:16:59.286, 71, 91.23 W, 68 %, 1875 MHz, 0x0000000000000000
2026/09/28 09:17:09.304, 71, 90.82 W, 68 %, 1875 MHz, 0x0000000000000000
2026/09/28 09:17:19.318, 71, 90.55 W, 68 %, 1875 MHz, 0x0000000000000000
2026/09/28 09:17:29.334, 71, 90.56 W, 68 %, 1875 MHz, 0x0000000000000000
2026/09/28 09:17:39.350, 71, 90.45 W, 67 %, 1875 MHz, 0x0000000000000000
2026/09/28 09:17:49.366, 71, 91.15 W, 67 %, 1875 MHz, 0x0000000000000000
2026/09/28 09:17:59.381, 71, 91.00 W, 67 %, 1875 MHz, 0x0000000000000000
2026/09/28 09:18:09.398, 71, 90.58 W, 68 %, 1875 MHz, 0x0000000000000000
2026/09/28 09:18:19.415, 71, 90.54 W, 67 %, 1875 MHz, 0x0000000000000000
2026/09/28 09:18:29.430, 71, 91.16 W, 67 %, 1875 MHz, 0x0000000000000000
2026/09/28 09:18:39.446, 71, 90.46 W, 67 %, 1875 MHz, 0x0000000000000000
2026/09/28 09:18:49.462, 71, 91.12 W, 67 %, 1875 MHz, 0x0000000000000000
2026/09/28 09:18:59.477, 71, 90.69 W, 67 %, 1875 MHz, 0x0000000000000000
2026/09/28 09:19:09.492, 71, 90.81 W, 67 %, 1875 MHz, 0x0000000000000000
2026/09/28 09:19:19.510, 71, 90.58 W, 67 %, 1875 MHz, 0x0000000000000000
2026/09/28 09:19:29.527, 71, 90.85 W, 67 %, 1875 MHz, 0x0000000000000000
2026/09/28 09:19:39.542, 71, 90.40 W, 68 %, 1875 MHz, 0x0000000000000000
2026/09/28 09:19:49.557, 71, 91.48 W, 67 %, 1875 MHz, 0x0000000000000000
2026/09/28 09:19:59.572, 71, 90.89 W, 67 %, 1875 MHz, 0x0000000000000000
2026/09/28 09:20:09.586, 71, 91.42 W, 67 %, 1875 MHz, 0x0000000000000000
2026/09/28 09:20:19.601, 71, 91.14 W, 68 %, 1875 MHz, 0x0000000000000000
2026/09/28 09:20:29.618, 71, 90.89 W, 68 %, 1875 MHz, 0x0000000000000000
2026/09/28 09:20:39.632, 71, 90.51 W, 67 %, 1875 MHz, 0x0000000000000000
2026/09/28 09:20:49.647, 71, 90.74 W, 68 %, 1875 MHz, 0x0000000000000000
2026/09/28 09:20:59.662, 71, 91.12 W, 68 %, 1875 MHz, 0x0000000000000000
2026/09/28 09:21:09.676, 71, 90.76 W, 68 %, 1875 MHz, 0x0000000000000000
2026/09/28 09:21:19.691, 71, 90.95 W, 67 %, 1875 MHz, 0x0000000000000000
2026/09/28 09:21:29.707, 71, 90.51 W, 67 %, 1875 MHz, 0x0000000000000000
2026/09/28 09:21:39.723, 71, 91.29 W, 68 %, 1875 MHz, 0x0000000000000000
2026/09/28 09:21:49.738, 71, 90.97 W, 67 %, 1875 MHz, 0x0000000000000000
2026/09/28 09:21:59.755, 71, 90.80 W, 68 %, 1875 MHz, 0x0000000000000000
2026/09/28 09:22:09.770, 71, 91.02 W, 68 %, 1875 MHz, 0x0000000000000000
2026/09/28 09:22:19.784, 71, 90.85 W, 68 %, 1875 MHz, 0x0000000000000000
2026/09/28 09:22:29.799, 71, 90.28 W, 68 %, 1875 MHz, 0x0000000000000000
2026/09/28 09:22:39.816, 71, 91.25 W, 67 %, 1875 MHz, 0x0000000000000000
2026/09/28 09:22:49.833, 71, 90.36 W, 68 %, 1875 MHz, 0x0000000000000000
2026/09/28 09:22:59.849, 71, 90.89 W, 68 %, 1875 MHz, 0x0000000000000000
2026/09/28 09:23:09.864, 71, 91.05 W, 68 %, 1875 MHz, 0x0000000000000000
2026/09/28 09:23:19.881, 71, 91.27 W, 67 %, 1875 MHz, 0x0000000000000000
2026/09/28 09:23:29.896, 71, 91.11 W, 67 %, 1875 MHz, 0x0000000000000000
2026/09/28 09:23:39.911, 71, 91.24 W, 68 %, 1875 MHz, 0x0000000000000000
2026/09/28 09:23:49.928, 71, 90.96 W, 68 %, 1875 MHz, 0x0000000000000000
2026/09/28 09:23:59.945, 71, 91.58 W, 68 %, 1875 MHz, 0x0000000000000000
2026/09/28 09:24:09.961, 71, 91.19 W, 68 %, 1875 MHz, 0x0000000000000000
2026/09/28 09:24:19.977, 71, 91.72 W, 68 %, 1875 MHz, 0x0000000000000000
2026/09/28 09:24:29.992, 71, 89.08 W, 67 %, 1875 MHz, 0x0000000000000000
2026/09/28 09:24:40.007, 71, 90.65 W, 68 %, 1875 MHz, 0x0000000000000000
2026/09/28 09:24:50.022, 71, 90.50 W, 67 %, 1875 MHz, 0x0000000000000000
2026/09/28 09:25:00.039, 71, 91.03 W, 67 %, 1875 MHz, 0x0000000000000000
2026/09/28 09:25:10.055, 71, 90.97 W, 67 %, 1875 MHz, 0x0000000000000000
2026/09/28 09:25:20.071, 71, 90.90 W, 67 %, 1875 MHz, 0x0000000000000000
2026/09/28 09:25:30.086, 71, 91.06 W, 67 %, 1875 MHz, 0x0000000000000000
2026/09/28 09:25:40.101, 71, 91.47 W, 67 %, 1875 MHz, 0x0000000000000000
2026/09/28 09:25:50.116, 71, 90.90 W, 67 %, 1875 MHz, 0x0000000000000000
2026/09/28 09:26:00.133, 71, 91.29 W, 67 %, 1875 MHz, 0x0000000000000000
2026/09/28 09:26:10.149, 71, 90.88 W, 67 %, 1875 MHz, 0x0000000000000000
2026/09/28 09:26:20.165, 71, 90.79 W, 67 %, 1875 MHz, 0x0000000000000000
2026/09/28 09:26:30.180, 71, 90.61 W, 67 %, 1875 MHz, 0x0000000000000000
2026/09/28 09:26:40.195, 71, 91.65 W, 67 %, 1875 MHz, 0x0000000000000000
2026/09/28 09:26:50.210, 71, 90.67 W, 67 %, 1875 MHz, 0x0000000000000000
2026/09/28 09:27:00.225, 71, 90.96 W, 68 %, 1875 MHz, 0x0000000000000000
2026/09/28 09:27:10.242, 71, 90.94 W, 67 %, 1875 MHz, 0x0000000000000000
2026/09/28 09:27:20.257, 71, 91.17 W, 68 %, 1875 MHz, 0x0000000000000000
2026/09/28 09:27:30.273, 71, 90.58 W, 67 %, 1875 MHz, 0x0000000000000000
2026/09/28 09:27:40.288, 71, 90.98 W, 67 %, 1875 MHz, 0x0000000000000000
2026/09/28 09:27:50.303, 71, 91.17 W, 66 %, 1875 MHz, 0x0000000000000000
2026/09/28 09:28:00.320, 71, 91.11 W, 67 %, 1875 MHz, 0x0000000000000000
2026/09/28 09:28:10.336, 71, 90.60 W, 67 %, 1875 MHz, 0x0000000000000000
2026/09/28 09:28:20.354, 71, 91.15 W, 67 %, 1875 MHz, 0x0000000000000000
2026/09/28 09:28:30.371, 71, 91.00 W, 68 %, 1875 MHz, 0x0000000000000000
2026/09/28 09:28:40.386, 71, 90.38 W, 67 %, 1875 MHz, 0x0000000000000000
2026/09/28 09:28:50.402, 71, 90.36 W, 67 %, 1875 MHz, 0x0000000000000000
2026/09/28 09:29:00.418, 71, 90.65 W, 68 %, 1875 MHz, 0x0000000000000000
2026/09/28 09:29:10.434, 71, 90.73 W, 67 %, 1875 MHz, 0x0000000000000000
2026/09/28 09:29:20.450, 71, 90.52 W, 68 %, 1875 MHz, 0x0000000000000000
2026/09/28 09:29:30.466, 71, 90.33 W, 67 %, 1875 MHz, 0x0000000000000000
2026/09/28 09:29:40.482, 71, 90.52 W, 67 %, 1875 MHz, 0x0000000000000000
2026/09/28 09:29:50.497, 71, 91.08 W, 67 %, 1875 MHz, 0x0000000000000000
2026/09/28 09:30:00.513, 71, 90.74 W, 68 %, 1875 MHz, 0x0000000000000000
2026/09/28 09:30:10.529, 71, 90.32 W, 68 %, 1875 MHz, 0x0000000000000000
2026/09/28 09:30:20.549, 71, 91.07 W, 68 %, 1875 MHz, 0x0000000000000000
2026/09/28 09:30:30.566, 71, 91.47 W, 67 %, 1875 MHz, 0x0000000000000000
2026/09/28 09:30:40.582, 71, 90.70 W, 68 %, 1875 MHz, 0x0000000000000000
2026/09/28 09:30:50.598, 71, 90.48 W, 68 %, 1875 MHz, 0x0000000000000000
2026/09/28 09:31:00.614, 71, 90.53 W, 68 %, 1875 MHz, 0x0000000000000000
2026/09/28 09:31:10.628, 71, 90.54 W, 68 %, 1875 MHz, 0x0000000000000000
2026/09/28 09:31:20.643, 71, 91.44 W, 68 %, 1875 MHz, 0x0000000000000000
2026/09/28 09:31:30.658, 71, 91.08 W, 67 %, 1875 MHz, 0x0000000000000000
2026/09/28 09:31:40.673, 71, 91.20 W, 68 %, 1875 MHz, 0x0000000000000000
2026/09/28 09:31:50.688, 71, 90.70 W, 68 %, 1875 MHz, 0x0000000000000000
2026/09/28 09:32:00.703, 71, 90.54 W, 67 %, 1875 MHz, 0x0000000000000000
2026/09/28 09:32:10.718, 71, 90.79 W, 68 %, 1875 MHz, 0x0000000000000000
2026/09/28 09:32:20.732, 71, 90.60 W, 68 %, 1875 MHz, 0x0000000000000000
2026/09/28 09:32:30.747, 71, 91.71 W, 68 %, 1875 MHz, 0x0000000000000000
2026/09/28 09:32:40.763, 71, 90.52 W, 67 %, 1875 MHz, 0x0000000000000000
2026/09/28 09:32:50.779, 71, 86.35 W, 68 %, 1875 MHz, 0x0000000000000000
2026/09/28 09:33:00.794, 71, 90.48 W, 68 %, 1875 MHz, 0x0000000000000000
2026/09/28 09:33:10.809, 71, 89.04 W, 67 %, 1875 MHz, 0x0000000000000000
2026/09/28 09:33:20.824, 71, 91.04 W, 67 %, 1875 MHz, 0x0000000000000000
2026/09/28 09:33:30.840, 71, 90.68 W, 67 %, 1875 MHz, 0x0000000000000000
2026/09/28 09:33:40.855, 71, 90.61 W, 68 %, 1875 MHz, 0x0000000000000000
2026/09/28 09:33:50.872, 71, 91.08 W, 67 %, 1875 MHz, 0x0000000000000000
2026/09/28 09:34:00.889, 71, 90.75 W, 67 %, 1875 MHz, 0x0000000000000000
2026/09/28 09:34:10.904, 71, 90.58 W, 67 %, 1875 MHz, 0x0000000000000000
2026/09/28 09:34:20.919, 71, 90.66 W, 67 %, 1875 MHz, 0x0000000000000000
2026/09/28 09:34:30.936, 71, 90.88 W, 67 %, 1875 MHz, 0x0000000000000000
2026/09/28 09:34:40.951, 71, 90.63 W, 67 %, 1875 MHz, 0x0000000000000000
2026/09/28 09:34:50.967, 71, 91.47 W, 68 %, 1875 MHz, 0x0000000000000000
2026/09/28 09:35:00.985, 71, 91.23 W, 67 %, 1875 MHz, 0x0000000000000000
2026/09/28 09:35:11.001, 71, 90.69 W, 67 %, 1875 MHz, 0x0000000000000000
2026/09/28 09:35:21.017, 71, 91.24 W, 67 %, 1875 MHz, 0x0000000000000000
2026/09/28 09:35:31.032, 71, 90.50 W, 67 %, 1875 MHz, 0x0000000000000000
2026/09/28 09:35:41.049, 71, 90.89 W, 67 %, 1875 MHz, 0x0000000000000000
2026/09/28 09:35:51.063, 71, 90.87 W, 67 %, 1875 MHz, 0x0000000000000000
2026/09/28 09:36:01.079, 71, 90.47 W, 68 %, 1875 MHz, 0x0000000000000000
2026/09/28 09:36:11.095, 71, 91.43 W, 68 %, 1875 MHz, 0x0000000000000000
2026/09/28 09:36:21.110, 71, 90.99 W, 68 %, 1875 MHz, 0x0000000000000000
2026/09/28 09:36:31.124, 71, 91.22 W, 67 %, 1875 MHz, 0x0000000000000000
2026/09/28 09:36:41.139, 71, 90.57 W, 67 %, 1875 MHz, 0x0000000000000000
2026/09/28 09:36:51.154, 71, 91.21 W, 68 %, 1875 MHz, 0x0000000000000000
2026/09/28 09:37:01.169, 72, 91.97 W, 68 %, 1875 MHz, 0x0000000000000000
2026/09/28 09:37:11.186, 72, 91.02 W, 68 %, 1875 MHz, 0x0000000000000000
2026/09/28 09:37:21.202, 72, 91.15 W, 68 %, 1875 MHz, 0x0000000000000000
2026/09/28 09:37:31.219, 72, 90.93 W, 68 %, 1875 MHz, 0x0000000000000000
2026/09/28 09:37:41.234, 72, 91.33 W, 68 %, 1875 MHz, 0x0000000000000000
2026/09/28 09:37:51.249, 72, 91.25 W, 68 %, 1875 MHz, 0x0000000000000000
2026/09/28 09:38:01.264, 72, 90.99 W, 67 %, 1875 MHz, 0x0000000000000000
2026/09/28 09:38:11.281, 72, 91.42 W, 68 %, 1875 MHz, 0x0000000000000000
2026/09/28 09:38:21.297, 72, 91.30 W, 68 %, 1875 MHz, 0x0000000000000000
2026/09/28 09:38:31.312, 72, 91.46 W, 67 %, 1875 MHz, 0x0000000000000000
2026/09/28 09:38:41.327, 72, 91.29 W, 68 %, 1875 MHz, 0x0000000000000000
2026/09/28 09:38:51.343, 72, 91.26 W, 68 %, 1875 MHz, 0x0000000000000000
2026/09/28 09:39:01.358, 72, 91.37 W, 67 %, 1875 MHz, 0x0000000000000000
2026/09/28 09:39:11.373, 72, 92.00 W, 68 %, 1875 MHz, 0x0000000000000000
2026/09/28 09:39:21.389, 72, 92.01 W, 68 %, 1875 MHz, 0x0000000000000000
2026/09/28 09:39:31.406, 72, 91.40 W, 68 %, 1875 MHz, 0x0000000000000000
2026/09/28 09:39:41.422, 72, 92.03 W, 67 %, 1875 MHz, 0x0000000000000000
2026/09/28 09:39:51.437, 72, 91.32 W, 68 %, 1875 MHz, 0x0000000000000000
2026/09/28 09:40:01.452, 72, 91.76 W, 67 %, 1875 MHz, 0x0000000000000000
2026/09/28 09:40:11.468, 72, 91.64 W, 68 %, 1875 MHz, 0x0000000000000000
2026/09/28 09:40:21.482, 72, 91.37 W, 68 %, 1875 MHz, 0x0000000000000000
2026/09/28 09:40:31.499, 72, 91.02 W, 67 %, 1875 MHz, 0x0000000000000000
2026/09/28 09:40:41.516, 72, 91.45 W, 67 %, 1875 MHz, 0x0000000000000000
2026/09/28 09:40:51.533, 72, 91.73 W, 68 %, 1875 MHz, 0x0000000000000000
2026/09/28 09:41:01.550, 72, 91.51 W, 68 %, 1875 MHz, 0x0000000000000000
2026/09/28 09:41:11.568, 72, 91.76 W, 67 %, 1875 MHz, 0x0000000000000000
2026/09/28 09:41:21.583, 72, 91.24 W, 68 %, 1875 MHz, 0x0000000000000000
2026/09/28 09:41:31.598, 72, 91.50 W, 68 %, 1875 MHz, 0x0000000000000000
2026/09/28 09:41:41.614, 72, 89.56 W, 67 %, 1875 MHz, 0x0000000000000000
2026/09/28 09:41:51.629, 72, 91.78 W, 67 %, 1875 MHz, 0x0000000000000000
2026/09/28 09:42:01.644, 72, 90.17 W, 68 %, 1875 MHz, 0x0000000000000000
2026/09/28 09:42:11.660, 72, 92.12 W, 68 %, 1875 MHz, 0x0000000000000000
2026/09/28 09:42:21.674, 72, 91.37 W, 68 %, 1875 MHz, 0x0000000000000000
2026/09/28 09:42:31.689, 72, 91.33 W, 68 %, 1875 MHz, 0x0000000000000000
2026/09/28 09:42:41.704, 72, 91.62 W, 67 %, 1875 MHz, 0x0000000000000000
2026/09/28 09:42:51.719, 72, 91.64 W, 68 %, 1875 MHz, 0x0000000000000000
2026/09/28 09:43:01.735, 72, 91.35 W, 68 %, 1875 MHz, 0x0000000000000000
2026/09/28 09:43:11.752, 72, 91.94 W, 67 %, 1875 MHz, 0x0000000000000000
2026/09/28 09:43:21.769, 72, 91.39 W, 67 %, 1875 MHz, 0x0000000000000000
2026/09/28 09:43:31.784, 72, 91.44 W, 67 %, 1875 MHz, 0x0000000000000000
2026/09/28 09:43:41.799, 72, 91.36 W, 67 %, 1875 MHz, 0x0000000000000000
2026/09/28 09:43:51.816, 72, 91.45 W, 67 %, 1875 MHz, 0x0000000000000000
2026/09/28 09:44:01.833, 72, 91.84 W, 68 %, 1875 MHz, 0x0000000000000000
2026/09/28 09:44:11.848, 72, 91.60 W, 66 %, 1875 MHz, 0x0000000000000000
2026/09/28 09:44:21.863, 72, 91.89 W, 66 %, 1875 MHz, 0x0000000000000000
2026/09/28 09:44:31.879, 72, 91.58 W, 67 %, 1875 MHz, 0x0000000000000000
2026/09/28 09:44:41.895, 72, 91.51 W, 66 %, 1875 MHz, 0x0000000000000000
2026/09/28 09:44:51.910, 72, 92.07 W, 68 %, 1875 MHz, 0x0000000000000000
2026/09/28 09:45:01.927, 72, 91.65 W, 67 %, 1875 MHz, 0x0000000000000000
2026/09/28 09:45:11.942, 72, 91.78 W, 67 %, 1875 MHz, 0x0000000000000000
2026/09/28 09:45:21.957, 72, 91.80 W, 67 %, 1875 MHz, 0x0000000000000000
2026/09/28 09:45:31.973, 72, 91.25 W, 68 %, 1875 MHz, 0x0000000000000000
2026/09/28 09:45:41.989, 72, 91.48 W, 68 %, 1875 MHz, 0x0000000000000000
2026/09/28 09:45:52.004, 72, 91.21 W, 67 %, 1875 MHz, 0x0000000000000000
2026/09/28 09:46:02.021, 72, 91.70 W, 68 %, 1875 MHz, 0x0000000000000000
2026/09/28 09:46:12.039, 72, 91.50 W, 67 %, 1875 MHz, 0x0000000000000000
2026/09/28 09:46:22.056, 72, 91.56 W, 67 %, 1875 MHz, 0x0000000000000000
2026/09/28 09:46:32.072, 72, 91.92 W, 68 %, 1875 MHz, 0x0000000000000000
2026/09/28 09:46:42.089, 72, 92.00 W, 68 %, 1875 MHz, 0x0000000000000000
2026/09/28 09:46:52.104, 72, 92.07 W, 68 %, 1875 MHz, 0x0000000000000000
2026/09/28 09:47:02.119, 72, 91.69 W, 67 %, 1875 MHz, 0x0000000000000000
2026/09/28 09:47:12.136, 72, 91.60 W, 67 %, 1875 MHz, 0x0000000000000000
2026/09/28 09:47:22.153, 72, 92.12 W, 68 %, 1875 MHz, 0x0000000000000000
2026/09/28 09:47:32.168, 72, 92.40 W, 68 %, 1875 MHz, 0x0000000000000000
2026/09/28 09:47:42.184, 72, 92.02 W, 68 %, 1875 MHz, 0x0000000000000000
2026/09/28 09:47:52.199, 72, 91.54 W, 67 %, 1875 MHz, 0x0000000000000000
2026/09/28 09:48:02.217, 72, 91.98 W, 67 %, 1875 MHz, 0x0000000000000000
2026/09/28 09:48:12.231, 72, 91.37 W, 68 %, 1875 MHz, 0x0000000000000000
2026/09/28 09:48:22.248, 72, 91.79 W, 68 %, 1875 MHz, 0x0000000000000000
2026/09/28 09:48:32.266, 72, 91.57 W, 68 %, 1875 MHz, 0x0000000000000000
2026/09/28 09:48:42.282, 72, 91.83 W, 67 %, 1875 MHz, 0x0000000000000000
2026/09/28 09:48:52.298, 72, 91.27 W, 67 %, 1875 MHz, 0x0000000000000000
2026/09/28 09:49:02.313, 72, 91.50 W, 68 %, 1875 MHz, 0x0000000000000000
2026/09/28 09:49:12.328, 72, 91.43 W, 68 %, 1875 MHz, 0x0000000000000000
2026/09/28 09:49:22.345, 72, 91.49 W, 68 %, 1875 MHz, 0x0000000000000000
2026/09/28 09:49:32.362, 72, 91.40 W, 68 %, 1875 MHz, 0x0000000000000000
2026/09/28 09:49:42.379, 72, 91.74 W, 68 %, 1875 MHz, 0x0000000000000000
2026/09/28 09:49:52.397, 72, 91.29 W, 68 %, 1875 MHz, 0x0000000000000000
2026/09/28 09:50:02.411, 72, 91.71 W, 68 %, 1875 MHz, 0x0000000000000000
2026/09/28 09:50:12.426, 72, 91.28 W, 67 %, 1875 MHz, 0x0000000000000000
2026/09/28 09:50:22.441, 72, 91.19 W, 68 %, 1875 MHz, 0x0000000000000000
2026/09/28 09:50:32.458, 72, 91.12 W, 67 %, 1875 MHz, 0x0000000000000000
2026/09/28 09:50:42.475, 72, 91.30 W, 68 %, 1875 MHz, 0x0000000000000000
2026/09/28 09:50:52.492, 72, 91.26 W, 68 %, 1875 MHz, 0x0000000000000000
2026/09/28 09:51:02.507, 72, 91.20 W, 67 %, 1875 MHz, 0x0000000000000000
2026/09/28 09:51:12.524, 72, 91.15 W, 67 %, 1875 MHz, 0x0000000000000000
2026/09/28 09:51:22.539, 72, 91.42 W, 67 %, 1875 MHz, 0x0000000000000000
2026/09/28 09:51:32.556, 72, 91.31 W, 66 %, 1875 MHz, 0x0000000000000000
2026/09/28 09:51:42.572, 72, 91.80 W, 67 %, 1875 MHz, 0x0000000000000000
2026/09/28 09:51:52.592, 72, 91.36 W, 67 %, 1875 MHz, 0x0000000000000000
2026/09/28 09:52:02.608, 72, 91.11 W, 67 %, 1875 MHz, 0x0000000000000000
2026/09/28 09:52:12.624, 72, 90.86 W, 67 %, 1875 MHz, 0x0000000000000000
2026/09/28 09:52:22.639, 72, 91.20 W, 68 %, 1875 MHz, 0x0000000000000000
2026/09/28 09:52:32.654, 72, 91.57 W, 67 %, 1875 MHz, 0x0000000000000000
2026/09/28 09:52:42.670, 71, 91.36 W, 68 %, 1875 MHz, 0x0000000000000000
2026/09/28 09:52:52.686, 72, 91.37 W, 68 %, 1875 MHz, 0x0000000000000000
2026/09/28 09:53:02.703, 72, 91.38 W, 68 %, 1875 MHz, 0x0000000000000000
2026/09/28 09:53:12.717, 72, 90.80 W, 68 %, 1875 MHz, 0x0000000000000000
2026/09/28 09:53:22.732, 72, 90.82 W, 67 %, 1875 MHz, 0x0000000000000000
2026/09/28 09:53:32.747, 72, 91.71 W, 68 %, 1875 MHz, 0x0000000000000000
2026/09/28 09:53:42.762, 72, 91.06 W, 67 %, 1875 MHz, 0x0000000000000000
2026/09/28 09:53:52.777, 72, 91.81 W, 68 %, 1875 MHz, 0x0000000000000000
2026/09/28 09:54:02.792, 72, 91.27 W, 67 %, 1875 MHz, 0x0000000000000000
2026/09/28 09:54:12.807, 72, 90.95 W, 68 %, 1875 MHz, 0x0000000000000000
2026/09/28 09:54:22.824, 72, 91.29 W, 67 %, 1875 MHz, 0x0000000000000000
2026/09/28 09:54:32.841, 72, 91.57 W, 67 %, 1875 MHz, 0x0000000000000000
2026/09/28 09:54:42.857, 72, 91.21 W, 68 %, 1875 MHz, 0x0000000000000000
2026/09/28 09:54:52.872, 72, 90.91 W, 68 %, 1875 MHz, 0x0000000000000000
2026/09/28 09:55:02.888, 72, 91.62 W, 68 %, 1875 MHz, 0x0000000000000000
2026/09/28 09:55:12.903, 72, 91.78 W, 68 %, 1875 MHz, 0x0000000000000000
2026/09/28 09:55:22.918, 72, 90.89 W, 67 %, 1875 MHz, 0x0000000000000000
2026/09/28 09:55:32.933, 72, 91.66 W, 68 %, 1875 MHz, 0x0000000000000000
2026/09/28 09:55:42.948, 72, 91.66 W, 68 %, 1875 MHz, 0x0000000000000000
2026/09/28 09:55:52.963, 72, 91.26 W, 67 %, 1875 MHz, 0x0000000000000000
2026/09/28 09:56:02.977, 72, 91.86 W, 68 %, 1875 MHz, 0x0000000000000000
2026/09/28 09:56:12.992, 72, 91.93 W, 67 %, 1875 MHz, 0x0000000000000000
2026/09/28 09:56:23.007, 72, 91.97 W, 67 %, 1875 MHz, 0x0000000000000000
2026/09/28 09:56:33.022, 72, 91.62 W, 67 %, 1875 MHz, 0x0000000000000000
2026/09/28 09:56:43.038, 72, 91.23 W, 68 %, 1875 MHz, 0x0000000000000000
2026/09/28 09:56:53.054, 72, 91.35 W, 67 %, 1875 MHz, 0x0000000000000000
2026/09/28 09:57:03.069, 72, 91.55 W, 68 %, 1875 MHz, 0x0000000000000000
2026/09/28 09:57:13.086, 72, 90.28 W, 68 %, 1875 MHz, 0x0000000000000000
2026/09/28 09:57:23.102, 72, 90.31 W, 68 %, 1875 MHz, 0x0000000000000000
2026/09/28 09:57:33.118, 72, 91.47 W, 68 %, 1875 MHz, 0x0000000000000000
2026/09/28 09:57:43.133, 72, 89.63 W, 67 %, 1875 MHz, 0x0000000000000000
2026/09/28 09:57:53.150, 72, 91.25 W, 68 %, 1875 MHz, 0x0000000000000000
2026/09/28 09:58:03.165, 72, 91.17 W, 68 %, 1875 MHz, 0x0000000000000000
2026/09/28 09:58:13.179, 72, 91.14 W, 67 %, 1875 MHz, 0x0000000000000000
2026/09/28 09:58:23.196, 72, 91.80 W, 67 %, 1875 MHz, 0x0000000000000000
2026/09/28 09:58:33.213, 72, 91.21 W, 67 %, 1875 MHz, 0x0000000000000000
2026/09/28 09:58:43.230, 72, 90.90 W, 67 %, 1875 MHz, 0x0000000000000000
2026/09/28 09:58:53.246, 72, 91.74 W, 67 %, 1875 MHz, 0x0000000000000000
2026/09/28 09:59:03.262, 72, 91.44 W, 67 %, 1875 MHz, 0x0000000000000000
2026/09/28 09:59:13.277, 72, 90.88 W, 67 %, 1875 MHz, 0x0000000000000000
2026/09/28 09:59:23.293, 72, 91.14 W, 67 %, 1875 MHz, 0x0000000000000000
2026/09/28 09:59:33.310, 72, 91.39 W, 68 %, 1875 MHz, 0x0000000000000000
2026/09/28 09:59:43.327, 72, 91.27 W, 67 %, 1875 MHz, 0x0000000000000000
2026/09/28 09:59:53.342, 72, 91.05 W, 67 %, 1875 MHz, 0x0000000000000000
2026/09/28 10:00:03.358, 72, 91.51 W, 67 %, 1875 MHz, 0x0000000000000000
2026/09/28 10:00:13.374, 72, 91.27 W, 68 %, 1875 MHz, 0x0000000000000000
2026/09/28 10:00:23.389, 72, 91.33 W, 68 %, 1875 MHz, 0x0000000000000000
2026/09/28 10:00:33.406, 72, 91.13 W, 67 %, 1875 MHz, 0x0000000000000000
2026/09/28 10:00:43.423, 72, 91.14 W, 66 %, 1875 MHz, 0x0000000000000000
2026/09/28 10:00:53.441, 72, 91.39 W, 67 %, 1875 MHz, 0x0000000000000000
2026/09/28 10:01:03.457, 72, 91.26 W, 67 %, 1875 MHz, 0x0000000000000000
2026/09/28 10:01:13.472, 72, 91.06 W, 67 %, 1875 MHz, 0x0000000000000000
2026/09/28 10:01:23.487, 72, 91.13 W, 67 %, 1875 MHz, 0x0000000000000000
2026/09/28 10:01:33.501, 72, 91.52 W, 67 %, 1875 MHz, 0x0000000000000000
2026/09/28 10:01:43.518, 72, 91.33 W, 67 %, 1875 MHz, 0x0000000000000000
2026/09/28 10:01:53.536, 72, 90.98 W, 67 %, 1875 MHz, 0x0000000000000000
2026/09/28 10:02:03.551, 72, 91.80 W, 66 %, 1875 MHz, 0x0000000000000000
2026/09/28 10:02:13.568, 72, 91.65 W, 67 %, 1875 MHz, 0x0000000000000000
2026/09/28 10:02:23.583, 72, 91.52 W, 66 %, 1875 MHz, 0x0000000000000000
2026/09/28 10:02:33.599, 72, 91.36 W, 67 %, 1875 MHz, 0x0000000000000000
2026/09/28 10:02:43.619, 72, 92.15 W, 67 %, 1875 MHz, 0x0000000000000000
2026/09/28 10:02:53.634, 72, 91.70 W, 67 %, 1875 MHz, 0x0000000000000000
2026/09/28 10:03:03.650, 72, 91.48 W, 68 %, 1875 MHz, 0x0000000000000000
2026/09/28 10:03:13.666, 72, 91.65 W, 68 %, 1875 MHz, 0x0000000000000000
2026/09/28 10:03:23.682, 72, 91.77 W, 68 %, 1875 MHz, 0x0000000000000000
2026/09/28 10:03:33.697, 72, 91.18 W, 68 %, 1875 MHz, 0x0000000000000000
2026/09/28 10:03:43.711, 72, 91.46 W, 66 %, 1875 MHz, 0x0000000000000000
2026/09/28 10:03:53.730, 72, 91.81 W, 67 %, 1875 MHz, 0x0000000000000000
2026/09/28 10:04:03.745, 72, 91.47 W, 67 %, 1875 MHz, 0x0000000000000000
2026/09/28 10:04:13.759, 72, 91.50 W, 66 %, 1875 MHz, 0x0000000000000000
2026/09/28 10:04:23.774, 72, 91.38 W, 67 %, 1875 MHz, 0x0000000000000000
2026/09/28 10:04:33.789, 72, 91.66 W, 67 %, 1875 MHz, 0x0000000000000000
2026/09/28 10:04:43.803, 72, 91.51 W, 67 %, 1875 MHz, 0x0000000000000000
2026/09/28 10:04:53.818, 72, 91.29 W, 68 %, 1875 MHz, 0x0000000000000000
2026/09/28 10:05:03.833, 72, 91.20 W, 68 %, 1875 MHz, 0x0000000000000000
2026/09/28 10:05:13.848, 72, 91.08 W, 68 %, 1875 MHz, 0x0000000000000000
2026/09/28 10:05:23.863, 72, 91.38 W, 67 %, 1875 MHz, 0x0000000000000000
2026/09/28 10:05:33.878, 72, 91.22 W, 68 %, 1875 MHz, 0x0000000000000000
2026/09/28 10:05:43.892, 72, 91.43 W, 68 %, 1875 MHz, 0x0000000000000000
2026/09/28 10:05:53.908, 72, 91.22 W, 68 %, 1875 MHz, 0x0000000000000000
2026/09/28 10:06:03.924, 72, 91.35 W, 68 %, 1875 MHz, 0x0000000000000000
2026/09/28 10:06:13.938, 72, 91.37 W, 68 %, 1875 MHz, 0x0000000000000000
2026/09/28 10:06:23.953, 72, 91.24 W, 68 %, 1875 MHz, 0x0000000000000000
2026/09/28 10:06:33.968, 72, 91.40 W, 68 %, 1875 MHz, 0x0000000000000000
2026/09/28 10:06:43.983, 72, 91.33 W, 67 %, 1875 MHz, 0x0000000000000000
2026/09/28 10:06:53.999, 72, 90.94 W, 68 %, 1875 MHz, 0x0000000000000000
2026/09/28 10:07:04.014, 72, 91.37 W, 68 %, 1875 MHz, 0x0000000000000000
2026/09/28 10:07:14.032, 72, 91.52 W, 68 %, 1875 MHz, 0x0000000000000000
2026/09/28 10:07:24.049, 72, 91.22 W, 68 %, 1875 MHz, 0x0000000000000000
2026/09/28 10:07:34.065, 72, 91.27 W, 67 %, 1875 MHz, 0x0000000000000000
2026/09/28 10:07:44.081, 72, 91.48 W, 67 %, 1875 MHz, 0x0000000000000000
2026/09/28 10:07:54.098, 72, 91.65 W, 67 %, 1875 MHz, 0x0000000000000000
2026/09/28 10:08:04.113, 72, 91.27 W, 67 %, 1875 MHz, 0x0000000000000000
2026/09/28 10:08:14.128, 72, 91.63 W, 67 %, 1875 MHz, 0x0000000000000000
2026/09/28 10:08:24.146, 72, 91.47 W, 68 %, 1875 MHz, 0x0000000000000000
2026/09/28 10:08:34.161, 72, 91.44 W, 68 %, 1875 MHz, 0x0000000000000000
2026/09/28 10:08:44.177, 72, 91.61 W, 67 %, 1875 MHz, 0x0000000000000000
2026/09/28 10:08:54.194, 72, 91.52 W, 68 %, 1875 MHz, 0x0000000000000000
2026/09/28 10:09:04.208, 72, 91.11 W, 67 %, 1875 MHz, 0x0000000000000000
2026/09/28 10:09:14.224, 72, 91.21 W, 68 %, 1875 MHz, 0x0000000000000000
2026/09/28 10:09:24.240, 72, 91.36 W, 68 %, 1875 MHz, 0x0000000000000000
2026/09/28 10:09:34.256, 72, 89.54 W, 67 %, 1875 MHz, 0x0000000000000000
2026/09/28 10:09:44.274, 71, 91.49 W, 67 %, 1875 MHz, 0x0000000000000000
2026/09/28 10:09:54.290, 71, 91.17 W, 67 %, 1875 MHz, 0x0000000000000000
2026/09/28 10:10:04.307, 71, 91.12 W, 67 %, 1875 MHz, 0x0000000000000000
2026/09/28 10:10:14.323, 71, 91.07 W, 67 %, 1875 MHz, 0x0000000000000000
2026/09/28 10:10:24.338, 71, 91.16 W, 67 %, 1875 MHz, 0x0000000000000000
2026/09/28 10:10:34.355, 72, 92.03 W, 67 %, 1875 MHz, 0x0000000000000000
2026/09/28 10:10:44.372, 71, 91.38 W, 67 %, 1875 MHz, 0x0000000000000000
2026/09/28 10:10:54.388, 72, 91.76 W, 67 %, 1875 MHz, 0x0000000000000000
2026/09/28 10:11:04.405, 72, 91.37 W, 67 %, 1875 MHz, 0x0000000000000000
2026/09/28 10:11:14.420, 72, 91.59 W, 67 %, 1875 MHz, 0x0000000000000000
2026/09/28 10:11:24.435, 71, 91.06 W, 67 %, 1875 MHz, 0x0000000000000000
2026/09/28 10:11:34.449, 72, 90.98 W, 67 %, 1875 MHz, 0x0000000000000000
2026/09/28 10:11:44.466, 72, 91.11 W, 67 %, 1875 MHz, 0x0000000000000000
2026/09/28 10:11:54.483, 71, 91.94 W, 66 %, 1875 MHz, 0x0000000000000000
2026/09/28 10:12:04.499, 71, 91.80 W, 67 %, 1875 MHz, 0x0000000000000000
2026/09/28 10:12:14.514, 72, 91.79 W, 67 %, 1875 MHz, 0x0000000000000000
2026/09/28 10:12:24.530, 72, 91.00 W, 66 %, 1875 MHz, 0x0000000000000000
2026/09/28 10:12:34.545, 72, 91.11 W, 67 %, 1875 MHz, 0x0000000000000000
2026/09/28 10:12:44.562, 72, 91.46 W, 67 %, 1875 MHz, 0x0000000000000000
2026/09/28 10:12:54.579, 71, 91.24 W, 67 %, 1875 MHz, 0x0000000000000000
2026/09/28 10:13:04.595, 72, 91.15 W, 67 %, 1875 MHz, 0x0000000000000000
2026/09/28 10:13:14.611, 72, 90.86 W, 67 %, 1875 MHz, 0x0000000000000000
2026/09/28 10:13:24.627, 72, 91.61 W, 67 %, 1875 MHz, 0x0000000000000000
2026/09/28 10:13:34.645, 72, 91.20 W, 67 %, 1875 MHz, 0x0000000000000000
2026/09/28 10:13:44.660, 72, 91.63 W, 67 %, 1875 MHz, 0x0000000000000000
2026/09/28 10:13:54.675, 72, 91.27 W, 66 %, 1875 MHz, 0x0000000000000000
2026/09/28 10:14:04.692, 72, 91.29 W, 67 %, 1875 MHz, 0x0000000000000000
2026/09/28 10:14:14.710, 72, 91.06 W, 66 %, 1875 MHz, 0x0000000000000000
2026/09/28 10:14:24.726, 72, 91.43 W, 68 %, 1875 MHz, 0x0000000000000000
2026/09/28 10:14:34.743, 71, 92.01 W, 67 %, 1875 MHz, 0x0000000000000000
2026/09/28 10:14:44.759, 72, 91.87 W, 67 %, 1875 MHz, 0x0000000000000000
2026/09/28 10:14:54.773, 71, 91.21 W, 67 %, 1875 MHz, 0x0000000000000000
2026/09/28 10:15:04.788, 72, 91.39 W, 68 %, 1875 MHz, 0x0000000000000000
2026/09/28 10:15:14.804, 71, 90.97 W, 68 %, 1875 MHz, 0x0000000000000000
2026/09/28 10:15:24.820, 72, 91.71 W, 68 %, 1875 MHz, 0x0000000000000000
2026/09/28 10:15:34.835, 72, 91.24 W, 67 %, 1875 MHz, 0x0000000000000000
2026/09/28 10:15:44.850, 71, 91.22 W, 67 %, 1875 MHz, 0x0000000000000000
2026/09/28 10:15:54.865, 72, 91.67 W, 67 %, 1875 MHz, 0x0000000000000000
2026/09/28 10:16:04.880, 72, 91.28 W, 67 %, 1875 MHz, 0x0000000000000000
2026/09/28 10:16:14.895, 72, 91.21 W, 68 %, 1875 MHz, 0x0000000000000000
2026/09/28 10:16:24.910, 71, 91.28 W, 67 %, 1875 MHz, 0x0000000000000000
2026/09/28 10:16:34.925, 71, 91.03 W, 67 %, 1875 MHz, 0x0000000000000000
2026/09/28 10:16:44.940, 71, 91.66 W, 67 %, 1875 MHz, 0x0000000000000000
2026/09/28 10:16:54.954, 72, 91.52 W, 68 %, 1875 MHz, 0x0000000000000000
2026/09/28 10:17:04.969, 72, 90.89 W, 68 %, 1875 MHz, 0x0000000000000000
2026/09/28 10:17:14.984, 71, 91.10 W, 68 %, 1875 MHz, 0x0000000000000000
2026/09/28 10:17:24.999, 72, 91.07 W, 68 %, 1875 MHz, 0x0000000000000000
2026/09/28 10:17:35.015, 71, 91.89 W, 67 %, 1875 MHz, 0x0000000000000000
2026/09/28 10:17:45.031, 71, 91.17 W, 68 %, 1875 MHz, 0x0000000000000000
2026/09/28 10:17:55.046, 72, 91.21 W, 68 %, 1875 MHz, 0x0000000000000000
2026/09/28 10:18:05.062, 72, 91.39 W, 68 %, 1875 MHz, 0x0000000000000000
2026/09/28 10:18:15.078, 72, 91.12 W, 68 %, 1875 MHz, 0x0000000000000000
2026/09/28 10:18:25.095, 72, 91.22 W, 67 %, 1875 MHz, 0x0000000000000000
2026/09/28 10:18:35.112, 72, 91.83 W, 68 %, 1875 MHz, 0x0000000000000000
2026/09/28 10:18:45.129, 72, 91.22 W, 68 %, 1875 MHz, 0x0000000000000000
2026/09/28 10:18:55.147, 72, 92.26 W, 67 %, 1875 MHz, 0x0000000000000000
2026/09/28 10:19:05.162, 72, 91.06 W, 68 %, 1875 MHz, 0x0000000000000000
2026/09/28 10:19:15.178, 72, 89.39 W, 67 %, 1875 MHz, 0x0000000000000000
2026/09/28 10:19:25.193, 72, 90.09 W, 68 %, 1875 MHz, 0x0000000000000000
2026/09/28 10:19:35.209, 72, 91.66 W, 68 %, 1875 MHz, 0x0000000000000000
2026/09/28 10:19:45.226, 72, 91.99 W, 65 %, 1875 MHz, 0x0000000000000000
2026/09/28 10:19:55.243, 72, 91.29 W, 67 %, 1875 MHz, 0x0000000000000000
2026/09/28 10:20:05.260, 72, 91.07 W, 67 %, 1875 MHz, 0x0000000000000000
2026/09/28 10:20:15.276, 72, 91.83 W, 68 %, 1875 MHz, 0x0000000000000000
2026/09/28 10:20:25.291, 72, 91.49 W, 68 %, 1875 MHz, 0x0000000000000000
2026/09/28 10:20:35.310, 72, 91.55 W, 67 %, 1875 MHz, 0x0000000000000000
2026/09/28 10:20:45.325, 72, 91.27 W, 68 %, 1875 MHz, 0x0000000000000000
2026/09/28 10:20:55.341, 72, 91.60 W, 68 %, 1875 MHz, 0x0000000000000000
2026/09/28 10:21:05.355, 72, 91.39 W, 67 %, 1875 MHz, 0x0000000000000000
2026/09/28 10:21:15.370, 72, 91.30 W, 67 %, 1875 MHz, 0x0000000000000000
2026/09/28 10:21:25.385, 72, 91.64 W, 67 %, 1875 MHz, 0x0000000000000000
2026/09/28 10:21:35.400, 72, 91.91 W, 67 %, 1875 MHz, 0x0000000000000000
2026/09/28 10:21:45.416, 72, 91.74 W, 68 %, 1875 MHz, 0x0000000000000000
2026/09/28 10:21:55.432, 72, 91.76 W, 67 %, 1875 MHz, 0x0000000000000000
2026/09/28 10:22:05.449, 72, 91.10 W, 67 %, 1875 MHz, 0x0000000000000000
2026/09/28 10:22:15.464, 72, 91.74 W, 67 %, 1875 MHz, 0x0000000000000000
2026/09/28 10:22:25.478, 72, 92.00 W, 67 %, 1875 MHz, 0x0000000000000000
2026/09/28 10:22:35.494, 72, 92.00 W, 68 %, 1875 MHz, 0x0000000000000000
2026/09/28 10:22:45.508, 72, 92.06 W, 68 %, 1875 MHz, 0x0000000000000000
2026/09/28 10:22:55.525, 72, 91.65 W, 68 %, 1875 MHz, 0x0000000000000000
2026/09/28 10:23:05.542, 72, 91.36 W, 68 %, 1875 MHz, 0x0000000000000000
2026/09/28 10:23:15.558, 72, 92.00 W, 68 %, 1875 MHz, 0x0000000000000000
2026/09/28 10:23:25.574, 72, 91.63 W, 67 %, 1875 MHz, 0x0000000000000000
2026/09/28 10:23:35.590, 72, 92.54 W, 68 %, 1875 MHz, 0x0000000000000000
2026/09/28 10:23:45.605, 72, 92.07 W, 68 %, 1875 MHz, 0x0000000000000000
2026/09/28 10:23:55.621, 72, 91.74 W, 68 %, 1875 MHz, 0x0000000000000000
2026/09/28 10:24:05.637, 72, 91.28 W, 68 %, 1875 MHz, 0x0000000000000000
2026/09/28 10:24:15.656, 72, 91.55 W, 67 %, 1875 MHz, 0x0000000000000000
2026/09/28 10:24:25.672, 72, 91.07 W, 68 %, 1875 MHz, 0x0000000000000000
2026/09/28 10:24:35.687, 72, 90.37 W, 68 %, 1875 MHz, 0x0000000000000000
2026/09/28 10:24:45.703, 72, 91.84 W, 67 %, 1875 MHz, 0x0000000000000000
2026/09/28 10:24:55.717, 72, 91.97 W, 68 %, 1875 MHz, 0x0000000000000000
2026/09/28 10:25:05.734, 72, 91.43 W, 67 %, 1875 MHz, 0x0000000000000000
2026/09/28 10:25:15.751, 72, 91.87 W, 68 %, 1875 MHz, 0x0000000000000000
2026/09/28 10:25:25.768, 72, 91.94 W, 68 %, 1875 MHz, 0x0000000000000000
2026/09/28 10:25:35.785, 72, 91.81 W, 67 %, 1875 MHz, 0x0000000000000000
2026/09/28 10:25:45.801, 73, 92.06 W, 67 %, 1875 MHz, 0x0000000000000000
2026/09/28 10:25:55.817, 72, 92.42 W, 67 %, 1875 MHz, 0x0000000000000000
2026/09/28 10:26:05.832, 72, 91.79 W, 67 %, 1875 MHz, 0x0000000000000000
2026/09/28 10:26:15.848, 72, 92.32 W, 67 %, 1875 MHz, 0x0000000000000000
2026/09/28 10:26:25.865, 72, 92.26 W, 67 %, 1875 MHz, 0x0000000000000000
2026/09/28 10:26:35.880, 72, 92.54 W, 67 %, 1875 MHz, 0x0000000000000000
2026/09/28 10:26:45.895, 72, 92.19 W, 68 %, 1875 MHz, 0x0000000000000000
2026/09/28 10:26:55.910, 73, 92.76 W, 67 %, 1875 MHz, 0x0000000000000000
2026/09/28 10:27:05.925, 72, 92.25 W, 67 %, 1875 MHz, 0x0000000000000000
2026/09/28 10:27:15.940, 73, 92.19 W, 67 %, 1875 MHz, 0x0000000000000000
2026/09/28 10:27:25.954, 72, 91.71 W, 67 %, 1875 MHz, 0x0000000000000000
2026/09/28 10:27:35.969, 73, 91.95 W, 67 %, 1875 MHz, 0x0000000000000000
2026/09/28 10:27:45.984, 73, 92.47 W, 67 %, 1875 MHz, 0x0000000000000000
2026/09/28 10:27:55.998, 72, 92.23 W, 67 %, 1875 MHz, 0x0000000000000000
2026/09/28 10:28:06.014, 72, 92.00 W, 67 %, 1875 MHz, 0x0000000000000000
2026/09/28 10:28:16.030, 72, 92.86 W, 67 %, 1875 MHz, 0x0000000000000000
2026/09/28 10:28:26.045, 73, 91.77 W, 68 %, 1875 MHz, 0x0000000000000000
2026/09/28 10:28:36.062, 73, 91.72 W, 68 %, 1875 MHz, 0x0000000000000000
2026/09/28 10:28:46.076, 72, 91.86 W, 68 %, 1875 MHz, 0x0000000000000000
2026/09/28 10:28:56.091, 72, 91.81 W, 68 %, 1875 MHz, 0x0000000000000000
2026/09/28 10:29:06.106, 73, 91.95 W, 68 %, 1875 MHz, 0x0000000000000000
2026/09/28 10:29:16.120, 73, 92.24 W, 68 %, 1875 MHz, 0x0000000000000000
2026/09/28 10:29:26.135, 72, 92.80 W, 67 %, 1875 MHz, 0x0000000000000000
2026/09/28 10:29:36.152, 73, 92.04 W, 67 %, 1875 MHz, 0x0000000000000000
2026/09/28 10:29:46.169, 73, 91.82 W, 68 %, 1875 MHz, 0x0000000000000000
2026/09/28 10:29:56.184, 73, 91.98 W, 67 %, 1875 MHz, 0x0000000000000000
2026/09/28 10:30:06.199, 73, 92.15 W, 68 %, 1875 MHz, 0x0000000000000000
2026/09/28 10:30:16.215, 72, 92.19 W, 67 %, 1875 MHz, 0x0000000000000000
2026/09/28 10:30:26.229, 73, 91.79 W, 67 %, 1875 MHz, 0x0000000000000000
2026/09/28 10:30:36.245, 73, 91.59 W, 68 %, 1875 MHz, 0x0000000000000000
2026/09/28 10:30:46.262, 73, 92.31 W, 68 %, 1875 MHz, 0x0000000000000000
2026/09/28 10:30:56.278, 73, 91.56 W, 67 %, 1875 MHz, 0x0000000000000000
2026/09/28 10:31:06.294, 73, 92.15 W, 68 %, 1875 MHz, 0x0000000000000000
2026/09/28 10:31:16.309, 73, 91.64 W, 68 %, 1875 MHz, 0x0000000000000000
2026/09/28 10:31:26.324, 73, 91.98 W, 67 %, 1875 MHz, 0x0000000000000000
2026/09/28 10:31:36.338, 73, 91.79 W, 68 %, 1875 MHz, 0x0000000000000000
2026/09/28 10:31:46.356, 73, 92.28 W, 68 %, 1875 MHz, 0x0000000000000000
2026/09/28 10:31:56.372, 73, 91.96 W, 67 %, 1875 MHz, 0x0000000000000000
2026/09/28 10:32:06.388, 73, 91.59 W, 67 %, 1875 MHz, 0x0000000000000000
2026/09/28 10:32:16.404, 73, 89.91 W, 67 %, 1875 MHz, 0x0000000000000000
2026/09/28 10:32:26.419, 73, 91.89 W, 67 %, 1875 MHz, 0x0000000000000000
2026/09/28 10:32:36.434, 73, 92.35 W, 67 %, 1875 MHz, 0x0000000000000000
2026/09/28 10:32:46.449, 73, 92.06 W, 67 %, 1875 MHz, 0x0000000000000000
2026/09/28 10:32:56.465, 73, 92.32 W, 67 %, 1875 MHz, 0x0000000000000000
2026/09/28 10:33:06.481, 73, 92.18 W, 67 %, 1875 MHz, 0x0000000000000000
2026/09/28 10:33:16.497, 73, 92.42 W, 67 %, 1875 MHz, 0x0000000000000000
2026/09/28 10:33:26.512, 73, 91.95 W, 66 %, 1875 MHz, 0x0000000000000000
2026/09/28 10:33:36.527, 73, 92.76 W, 67 %, 1875 MHz, 0x0000000000000000
2026/09/28 10:33:46.542, 73, 91.68 W, 67 %, 1875 MHz, 0x0000000000000000
2026/09/28 10:33:56.558, 73, 91.37 W, 66 %, 1875 MHz, 0x0000000000000000
2026/09/28 10:34:06.574, 73, 91.64 W, 66 %, 1875 MHz, 0x0000000000000000
2026/09/28 10:34:16.592, 73, 91.74 W, 67 %, 1875 MHz, 0x0000000000000000
2026/09/28 10:34:26.607, 73, 91.82 W, 67 %, 1875 MHz, 0x0000000000000000
2026/09/28 10:34:36.623, 73, 91.56 W, 67 %, 1875 MHz, 0x0000000000000000
2026/09/28 10:34:46.639, 72, 91.63 W, 66 %, 1875 MHz, 0x0000000000000000
2026/09/28 10:34:56.653, 73, 91.40 W, 67 %, 1875 MHz, 0x0000000000000000
2026/09/28 10:35:06.672, 73, 92.39 W, 66 %, 1875 MHz, 0x0000000000000000
2026/09/28 10:35:16.687, 73, 91.51 W, 67 %, 1875 MHz, 0x0000000000000000
2026/09/28 10:35:26.703, 73, 92.45 W, 67 %, 1875 MHz, 0x0000000000000000
2026/09/28 10:35:36.720, 73, 91.52 W, 67 %, 1875 MHz, 0x0000000000000000
2026/09/28 10:35:46.736, 73, 91.73 W, 67 %, 1875 MHz, 0x0000000000000000
2026/09/28 10:35:56.752, 73, 92.21 W, 67 %, 1875 MHz, 0x0000000000000000
2026/09/28 10:36:06.767, 72, 91.56 W, 67 %, 1875 MHz, 0x0000000000000000
2026/09/28 10:36:16.783, 73, 91.91 W, 67 %, 1875 MHz, 0x0000000000000000
2026/09/28 10:36:26.799, 73, 91.93 W, 67 %, 1875 MHz, 0x0000000000000000
2026/09/28 10:36:36.816, 73, 91.58 W, 68 %, 1875 MHz, 0x0000000000000000
2026/09/28 10:36:46.832, 72, 91.99 W, 67 %, 1875 MHz, 0x0000000000000000
2026/09/28 10:36:56.849, 72, 91.95 W, 67 %, 1875 MHz, 0x0000000000000000
2026/09/28 10:37:06.865, 73, 91.59 W, 68 %, 1875 MHz, 0x0000000000000000
2026/09/28 10:37:16.880, 73, 92.00 W, 68 %, 1875 MHz, 0x0000000000000000
2026/09/28 10:37:26.896, 72, 92.26 W, 67 %, 1875 MHz, 0x0000000000000000
2026/09/28 10:37:36.912, 73, 91.42 W, 67 %, 1875 MHz, 0x0000000000000000
2026/09/28 10:37:46.927, 73, 90.53 W, 68 %, 1875 MHz, 0x0000000000000000
2026/09/28 10:37:56.942, 73, 91.75 W, 68 %, 1875 MHz, 0x0000000000000000
2026/09/28 10:38:06.957, 73, 91.86 W, 67 %, 1875 MHz, 0x0000000000000000
2026/09/28 10:38:16.972, 72, 91.97 W, 67 %, 1875 MHz, 0x0000000000000000
2026/09/28 10:38:26.986, 73, 92.01 W, 68 %, 1875 MHz, 0x0000000000000000
2026/09/28 10:38:37.001, 72, 92.26 W, 68 %, 1875 MHz, 0x0000000000000000
2026/09/28 10:38:47.016, 72, 91.78 W, 67 %, 1875 MHz, 0x0000000000000000
2026/09/28 10:38:57.031, 73, 91.95 W, 66 %, 1875 MHz, 0x0000000000000000
2026/09/28 10:39:07.046, 73, 91.62 W, 66 %, 1875 MHz, 0x0000000000000000
2026/09/28 10:39:17.061, 72, 91.69 W, 67 %, 1875 MHz, 0x0000000000000000
2026/09/28 10:39:27.078, 72, 91.58 W, 67 %, 1875 MHz, 0x0000000000000000
2026/09/28 10:39:37.093, 73, 91.87 W, 67 %, 1875 MHz, 0x0000000000000000
2026/09/28 10:39:47.108, 73, 92.90 W, 67 %, 1875 MHz, 0x0000000000000000
2026/09/28 10:39:57.122, 73, 92.35 W, 67 %, 1875 MHz, 0x0000000000000000
2026/09/28 10:40:07.137, 73, 91.83 W, 67 %, 1875 MHz, 0x0000000000000000
2026/09/28 10:40:17.152, 73, 92.25 W, 68 %, 1875 MHz, 0x0000000000000000
2026/09/28 10:40:27.167, 72, 92.46 W, 68 %, 1875 MHz, 0x0000000000000000
2026/09/28 10:40:37.183, 73, 91.59 W, 68 %, 1875 MHz, 0x0000000000000000
2026/09/28 10:40:47.199, 73, 92.01 W, 67 %, 1875 MHz, 0x0000000000000000
2026/09/28 10:40:57.214, 73, 91.83 W, 68 %, 1875 MHz, 0x0000000000000000
2026/09/28 10:41:07.230, 73, 91.49 W, 68 %, 1875 MHz, 0x0000000000000000
2026/09/28 10:41:17.244, 73, 91.37 W, 67 %, 1875 MHz, 0x0000000000000000
2026/09/28 10:41:27.260, 73, 91.76 W, 67 %, 1875 MHz, 0x0000000000000000
2026/09/28 10:41:37.275, 73, 92.17 W, 67 %, 1875 MHz, 0x0000000000000000
2026/09/28 10:41:47.290, 73, 91.73 W, 67 %, 1875 MHz, 0x0000000000000000
2026/09/28 10:41:57.307, 73, 91.77 W, 67 %, 1875 MHz, 0x0000000000000000
2026/09/28 10:42:07.323, 73, 91.60 W, 67 %, 1875 MHz, 0x0000000000000000
2026/09/28 10:42:17.339, 73, 92.10 W, 67 %, 1875 MHz, 0x0000000000000000
2026/09/28 10:42:27.354, 73, 91.56 W, 67 %, 1875 MHz, 0x0000000000000000
2026/09/28 10:42:37.370, 73, 91.63 W, 67 %, 1875 MHz, 0x0000000000000000
2026/09/28 10:42:47.385, 73, 91.42 W, 67 %, 1875 MHz, 0x0000000000000000
2026/09/28 10:42:57.401, 73, 91.56 W, 67 %, 1875 MHz, 0x0000000000000000
2026/09/28 10:43:07.419, 73, 92.67 W, 67 %, 1875 MHz, 0x0000000000000000
2026/09/28 10:43:17.434, 73, 91.95 W, 67 %, 1875 MHz, 0x0000000000000000
2026/09/28 10:43:27.450, 73, 91.98 W, 67 %, 1875 MHz, 0x0000000000000000
2026/09/28 10:43:37.467, 73, 91.60 W, 66 %, 1875 MHz, 0x0000000000000000
2026/09/28 10:43:47.481, 73, 91.72 W, 67 %, 1875 MHz, 0x0000000000000000
2026/09/28 10:43:57.496, 73, 92.53 W, 67 %, 1875 MHz, 0x0000000000000000
2026/09/28 10:44:07.513, 73, 91.78 W, 67 %, 1875 MHz, 0x0000000000000000
2026/09/28 10:44:17.530, 73, 92.51 W, 68 %, 1875 MHz, 0x0000000000000000
2026/09/28 10:44:27.546, 73, 91.74 W, 68 %, 1875 MHz, 0x0000000000000000
2026/09/28 10:44:37.562, 73, 92.11 W, 67 %, 1875 MHz, 0x0000000000000000
2026/09/28 10:44:47.577, 73, 91.53 W, 67 %, 1875 MHz, 0x0000000000000000
2026/09/28 10:44:57.592, 73, 92.31 W, 67 %, 1875 MHz, 0x0000000000000000
2026/09/28 10:45:07.611, 72, 91.49 W, 66 %, 1875 MHz, 0x0000000000000000
2026/09/28 10:45:17.626, 73, 91.52 W, 67 %, 1875 MHz, 0x0000000000000000
2026/09/28 10:45:27.641, 73, 91.86 W, 67 %, 1875 MHz, 0x0000000000000000
2026/09/28 10:45:37.656, 73, 91.86 W, 68 %, 1875 MHz, 0x0000000000000000
2026/09/28 10:45:47.672, 73, 91.45 W, 68 %, 1875 MHz, 0x0000000000000000
2026/09/28 10:45:57.691, 73, 92.36 W, 68 %, 1875 MHz, 0x0000000000000000
2026/09/28 10:46:07.706, 73, 91.89 W, 67 %, 1875 MHz, 0x0000000000000000
2026/09/28 10:46:17.723, 73, 92.25 W, 67 %, 1875 MHz, 0x0000000000000000
2026/09/28 10:46:27.739, 73, 91.92 W, 66 %, 1875 MHz, 0x0000000000000000
2026/09/28 10:46:37.755, 73, 91.65 W, 67 %, 1875 MHz, 0x0000000000000000
2026/09/28 10:46:47.771, 73, 91.52 W, 67 %, 1875 MHz, 0x0000000000000000
2026/09/28 10:46:57.786, 73, 92.35 W, 68 %, 1875 MHz, 0x0000000000000000
2026/09/28 10:47:07.801, 73, 92.24 W, 67 %, 1875 MHz, 0x0000000000000000
2026/09/28 10:47:17.816, 73, 92.00 W, 65 %, 1875 MHz, 0x0000000000000000
2026/09/28 10:47:27.833, 73, 91.97 W, 67 %, 1875 MHz, 0x0000000000000000
2026/09/28 10:47:37.850, 73, 91.71 W, 68 %, 1875 MHz, 0x0000000000000000
2026/09/28 10:47:47.866, 73, 91.69 W, 68 %, 1875 MHz, 0x0000000000000000
2026/09/28 10:47:57.883, 73, 91.74 W, 67 %, 1875 MHz, 0x0000000000000000
2026/09/28 10:48:07.898, 73, 91.32 W, 67 %, 1875 MHz, 0x0000000000000000
2026/09/28 10:48:17.913, 73, 91.86 W, 67 %, 1875 MHz, 0x0000000000000000
2026/09/28 10:48:27.928, 73, 92.34 W, 67 %, 1875 MHz, 0x0000000000000000
2026/09/28 10:48:37.945, 73, 92.14 W, 68 %, 1875 MHz, 0x0000000000000000
2026/09/28 10:48:47.959, 73, 91.69 W, 68 %, 1875 MHz, 0x0000000000000000
2026/09/28 10:48:57.975, 73, 91.88 W, 67 %, 1875 MHz, 0x0000000000000000
2026/09/28 10:49:07.989, 73, 92.78 W, 67 %, 1875 MHz, 0x0000000000000000
2026/09/28 10:49:18.004, 73, 92.14 W, 67 %, 1875 MHz, 0x0000000000000000
2026/09/28 10:49:28.019, 73, 91.85 W, 68 %, 1875 MHz, 0x0000000000000000
2026/09/28 10:49:38.033, 73, 91.72 W, 68 %, 1875 MHz, 0x0000000000000000
2026/09/28 10:49:48.048, 73, 91.52 W, 67 %, 1875 MHz, 0x0000000000000000
2026/09/28 10:49:58.063, 73, 90.75 W, 67 %, 1875 MHz, 0x0000000000000000
2026/09/28 10:50:08.078, 73, 91.63 W, 67 %, 1875 MHz, 0x0000000000000000
2026/09/28 10:50:18.093, 73, 91.89 W, 68 %, 1875 MHz, 0x0000000000000000
2026/09/28 10:50:28.109, 73, 91.59 W, 67 %, 1875 MHz, 0x0000000000000000
2026/09/28 10:50:38.126, 73, 91.81 W, 67 %, 1875 MHz, 0x0000000000000000
2026/09/28 10:50:48.140, 73, 92.08 W, 67 %, 1875 MHz, 0x0000000000000000
2026/09/28 10:50:58.156, 73, 92.09 W, 66 %, 1875 MHz, 0x0000000000000000
2026/09/28 10:51:08.170, 73, 91.97 W, 67 %, 1875 MHz, 0x0000000000000000
2026/09/28 10:51:18.185, 73, 91.67 W, 67 %, 1875 MHz, 0x0000000000000000
2026/09/28 10:51:28.201, 73, 92.21 W, 66 %, 1875 MHz, 0x0000000000000000
2026/09/28 10:51:38.216, 73, 91.91 W, 66 %, 1875 MHz, 0x0000000000000000
2026/09/28 10:51:48.231, 73, 92.05 W, 66 %, 1875 MHz, 0x0000000000000000
2026/09/28 10:51:58.246, 73, 92.78 W, 66 %, 1875 MHz, 0x0000000000000000
2026/09/28 10:52:08.261, 73, 91.71 W, 67 %, 1875 MHz, 0x0000000000000000
2026/09/28 10:52:18.276, 73, 92.15 W, 67 %, 1875 MHz, 0x0000000000000000
2026/09/28 10:52:28.290, 73, 91.82 W, 66 %, 1875 MHz, 0x0000000000000000
2026/09/28 10:52:38.305, 73, 92.38 W, 67 %, 1875 MHz, 0x0000000000000000
2026/09/28 10:52:48.320, 73, 91.55 W, 65 %, 1875 MHz, 0x0000000000000000
2026/09/28 10:52:58.337, 73, 92.03 W, 67 %, 1875 MHz, 0x0000000000000000
2026/09/28 10:53:08.352, 73, 91.94 W, 66 %, 1875 MHz, 0x0000000000000000
2026/09/28 10:53:18.368, 73, 91.82 W, 67 %, 1875 MHz, 0x0000000000000000
2026/09/28 10:53:28.383, 73, 92.75 W, 68 %, 1875 MHz, 0x0000000000000000
2026/09/28 10:53:38.398, 73, 92.75 W, 68 %, 1875 MHz, 0x0000000000000000
2026/09/28 10:53:48.413, 73, 92.26 W, 67 %, 1875 MHz, 0x0000000000000000
2026/09/28 10:53:58.428, 73, 91.94 W, 68 %, 1875 MHz, 0x0000000000000000
2026/09/28 10:54:08.442, 73, 91.35 W, 68 %, 1875 MHz, 0x0000000000000000
2026/09/28 10:54:18.457, 73, 91.46 W, 68 %, 1875 MHz, 0x0000000000000000
2026/09/28 10:54:28.473, 73, 91.29 W, 68 %, 1875 MHz, 0x0000000000000000
2026/09/28 10:54:38.487, 73, 91.30 W, 67 %, 1875 MHz, 0x0000000000000000
2026/09/28 10:54:48.502, 73, 90.88 W, 68 %, 1875 MHz, 0x0000000000000000
2026/09/28 10:54:58.517, 71, 71.16 W, 19 %, 1605 MHz, 0x0000000000000000
2026/09/28 10:55:08.534, 73, 92.30 W, 67 %, 1875 MHz, 0x0000000000000000
2026/09/28 10:55:18.549, 73, 92.35 W, 68 %, 1875 MHz, 0x0000000000000000
2026/09/28 10:55:28.563, 73, 91.91 W, 67 %, 1875 MHz, 0x0000000000000000
2026/09/28 10:55:38.578, 73, 91.80 W, 68 %, 1875 MHz, 0x0000000000000000
2026/09/28 10:55:48.594, 73, 92.07 W, 67 %, 1875 MHz, 0x0000000000000000
2026/09/28 10:55:58.611, 73, 91.77 W, 68 %, 1875 MHz, 0x0000000000000000
2026/09/28 10:56:08.627, 73, 91.81 W, 68 %, 1875 MHz, 0x0000000000000000
2026/09/28 10:56:18.643, 73, 91.68 W, 68 %, 1875 MHz, 0x0000000000000000
2026/09/28 10:56:28.658, 73, 91.75 W, 67 %, 1875 MHz, 0x0000000000000000
2026/09/28 10:56:38.672, 73, 92.34 W, 68 %, 1875 MHz, 0x0000000000000000
2026/09/28 10:56:48.687, 73, 92.18 W, 67 %, 1875 MHz, 0x0000000000000000
2026/09/28 10:56:58.706, 73, 90.63 W, 68 %, 1875 MHz, 0x0000000000000000
2026/09/28 10:57:08.722, 73, 91.95 W, 68 %, 1875 MHz, 0x0000000000000000
2026/09/28 10:57:18.738, 73, 92.47 W, 67 %, 1875 MHz, 0x0000000000000000
2026/09/28 10:57:28.753, 73, 92.39 W, 67 %, 1875 MHz, 0x0000000000000000
2026/09/28 10:57:38.768, 73, 92.04 W, 68 %, 1875 MHz, 0x0000000000000000
2026/09/28 10:57:48.783, 73, 92.06 W, 68 %, 1875 MHz, 0x0000000000000000
2026/09/28 10:57:58.798, 73, 92.60 W, 68 %, 1875 MHz, 0x0000000000000000
2026/09/28 10:58:08.815, 73, 92.13 W, 68 %, 1875 MHz, 0x0000000000000000
2026/09/28 10:58:18.831, 73, 92.32 W, 68 %, 1875 MHz, 0x0000000000000000
2026/09/28 10:58:28.847, 73, 92.46 W, 67 %, 1875 MHz, 0x0000000000000000
2026/09/28 10:58:38.864, 73, 93.15 W, 68 %, 1875 MHz, 0x0000000000000000
2026/09/28 10:58:48.879, 73, 92.38 W, 67 %, 1875 MHz, 0x0000000000000000
2026/09/28 10:58:58.894, 73, 91.81 W, 68 %, 1875 MHz, 0x0000000000000000
2026/09/28 10:59:08.911, 73, 92.30 W, 67 %, 1875 MHz, 0x0000000000000000
2026/09/28 10:59:18.928, 73, 91.82 W, 67 %, 1875 MHz, 0x0000000000000000
2026/09/28 10:59:28.944, 73, 92.28 W, 68 %, 1875 MHz, 0x0000000000000000
2026/09/28 10:59:38.958, 73, 92.12 W, 67 %, 1875 MHz, 0x0000000000000000
2026/09/28 10:59:48.973, 73, 92.53 W, 68 %, 1875 MHz, 0x0000000000000000
2026/09/28 10:59:58.988, 73, 92.44 W, 67 %, 1875 MHz, 0x0000000000000000
2026/09/28 11:00:09.003, 73, 92.44 W, 67 %, 1875 MHz, 0x0000000000000000
2026/09/28 11:00:19.018, 73, 91.58 W, 67 %, 1875 MHz, 0x0000000000000000
2026/09/28 11:00:29.034, 73, 92.26 W, 68 %, 1875 MHz, 0x0000000000000000
2026/09/28 11:00:39.050, 73, 92.19 W, 67 %, 1875 MHz, 0x0000000000000000
2026/09/28 11:00:49.065, 73, 92.13 W, 68 %, 1875 MHz, 0x0000000000000000
2026/09/28 11:00:59.080, 73, 92.39 W, 67 %, 1875 MHz, 0x0000000000000000
2026/09/28 11:01:09.095, 73, 92.15 W, 68 %, 1875 MHz, 0x0000000000000000
2026/09/28 11:01:19.110, 73, 92.41 W, 68 %, 1875 MHz, 0x0000000000000000
2026/09/28 11:01:29.127, 73, 92.16 W, 68 %, 1875 MHz, 0x0000000000000000
2026/09/28 11:01:39.143, 73, 91.95 W, 68 %, 1875 MHz, 0x0000000000000000
2026/09/28 11:01:49.158, 73, 91.96 W, 67 %, 1875 MHz, 0x0000000000000000
2026/09/28 11:01:59.173, 73, 92.56 W, 68 %, 1875 MHz, 0x0000000000000000
2026/09/28 11:02:09.188, 73, 91.96 W, 67 %, 1875 MHz, 0x0000000000000000
2026/09/28 11:02:19.203, 73, 91.78 W, 67 %, 1875 MHz, 0x0000000000000000
2026/09/28 11:02:29.219, 73, 91.86 W, 68 %, 1875 MHz, 0x0000000000000000
2026/09/28 11:02:39.235, 73, 92.29 W, 68 %, 1875 MHz, 0x0000000000000000
2026/09/28 11:02:49.250, 73, 92.43 W, 68 %, 1875 MHz, 0x0000000000000000
2026/09/28 11:02:59.266, 73, 92.32 W, 68 %, 1875 MHz, 0x0000000000000000
2026/09/28 11:03:09.280, 73, 92.21 W, 67 %, 1875 MHz, 0x0000000000000000
2026/09/28 11:03:19.295, 73, 91.91 W, 67 %, 1875 MHz, 0x0000000000000000
2026/09/28 11:03:29.310, 73, 91.64 W, 68 %, 1875 MHz, 0x0000000000000000
2026/09/28 11:03:39.326, 73, 92.19 W, 68 %, 1875 MHz, 0x0000000000000000
2026/09/28 11:03:49.341, 73, 92.60 W, 68 %, 1875 MHz, 0x0000000000000000
2026/09/28 11:03:59.356, 73, 91.71 W, 67 %, 1875 MHz, 0x0000000000000000
2026/09/28 11:04:09.372, 73, 92.29 W, 67 %, 1875 MHz, 0x0000000000000000
2026/09/28 11:04:19.387, 73, 90.02 W, 68 %, 1875 MHz, 0x0000000000000000
2026/09/28 11:04:29.402, 73, 92.14 W, 67 %, 1875 MHz, 0x0000000000000000
2026/09/28 11:04:39.416, 73, 91.97 W, 67 %, 1875 MHz, 0x0000000000000000
2026/09/28 11:04:49.431, 73, 92.55 W, 67 %, 1875 MHz, 0x0000000000000000
2026/09/28 11:04:59.446, 73, 92.09 W, 68 %, 1875 MHz, 0x0000000000000000
2026/09/28 11:05:09.462, 73, 91.80 W, 67 %, 1875 MHz, 0x0000000000000000
2026/09/28 11:05:19.477, 73, 91.67 W, 67 %, 1875 MHz, 0x0000000000000000
2026/09/28 11:05:29.492, 72, 92.04 W, 67 %, 1875 MHz, 0x0000000000000000
2026/09/28 11:05:39.507, 72, 92.22 W, 67 %, 1875 MHz, 0x0000000000000000
2026/09/28 11:05:49.523, 73, 91.81 W, 67 %, 1875 MHz, 0x0000000000000000
2026/09/28 11:05:59.540, 72, 92.29 W, 67 %, 1875 MHz, 0x0000000000000000
2026/09/28 11:06:09.557, 72, 92.01 W, 67 %, 1875 MHz, 0x0000000000000000
2026/09/28 11:06:19.571, 72, 91.76 W, 68 %, 1875 MHz, 0x0000000000000000
2026/09/28 11:06:29.586, 72, 91.62 W, 68 %, 1875 MHz, 0x0000000000000000
2026/09/28 11:06:39.600, 72, 92.47 W, 67 %, 1875 MHz, 0x0000000000000000
2026/09/28 11:06:49.615, 72, 91.62 W, 67 %, 1875 MHz, 0x0000000000000000
2026/09/28 11:06:59.632, 72, 91.65 W, 67 %, 1875 MHz, 0x0000000000000000
2026/09/28 11:07:09.650, 72, 91.86 W, 67 %, 1875 MHz, 0x0000000000000000
2026/09/28 11:07:19.667, 72, 91.56 W, 67 %, 1875 MHz, 0x0000000000000000
2026/09/28 11:07:29.681, 72, 91.90 W, 67 %, 1875 MHz, 0x0000000000000000
2026/09/28 11:07:39.696, 72, 91.82 W, 67 %, 1875 MHz, 0x0000000000000000
2026/09/28 11:07:49.711, 72, 91.76 W, 67 %, 1875 MHz, 0x0000000000000000
2026/09/28 11:07:59.728, 72, 91.45 W, 67 %, 1875 MHz, 0x0000000000000000
2026/09/28 11:08:09.745, 72, 92.18 W, 67 %, 1875 MHz, 0x0000000000000000
2026/09/28 11:08:19.761, 72, 91.89 W, 68 %, 1875 MHz, 0x0000000000000000
2026/09/28 11:08:29.777, 72, 92.50 W, 68 %, 1875 MHz, 0x0000000000000000
2026/09/28 11:08:39.793, 72, 92.45 W, 68 %, 1875 MHz, 0x0000000000000000
2026/09/28 11:08:49.809, 72, 92.72 W, 68 %, 1875 MHz, 0x0000000000000000
2026/09/28 11:08:59.825, 72, 91.66 W, 68 %, 1875 MHz, 0x0000000000000000
2026/09/28 11:09:09.841, 72, 92.45 W, 68 %, 1875 MHz, 0x0000000000000000
2026/09/28 11:09:19.858, 73, 92.34 W, 68 %, 1875 MHz, 0x0000000000000000
2026/09/28 11:09:29.875, 72, 91.54 W, 68 %, 1875 MHz, 0x0000000000000000
2026/09/28 11:09:39.891, 72, 91.49 W, 68 %, 1875 MHz, 0x0000000000000000
2026/09/28 11:09:49.907, 73, 92.07 W, 68 %, 1875 MHz, 0x0000000000000000
2026/09/28 11:09:59.922, 73, 91.61 W, 67 %, 1875 MHz, 0x0000000000000000
2026/09/28 11:10:09.938, 73, 92.42 W, 67 %, 1875 MHz, 0x0000000000000000
2026/09/28 11:10:19.955, 73, 92.13 W, 68 %, 1875 MHz, 0x0000000000000000
2026/09/28 11:10:29.972, 73, 92.26 W, 68 %, 1875 MHz, 0x0000000000000000
2026/09/28 11:10:39.987, 73, 91.79 W, 68 %, 1875 MHz, 0x0000000000000000
2026/09/28 11:10:50.003, 73, 92.29 W, 68 %, 1875 MHz, 0x0000000000000000
2026/09/28 11:11:00.019, 73, 91.99 W, 68 %, 1875 MHz, 0x0000000000000000
2026/09/28 11:11:10.034, 73, 92.16 W, 68 %, 1875 MHz, 0x0000000000000000
2026/09/28 11:11:20.048, 73, 91.66 W, 68 %, 1875 MHz, 0x0000000000000000
2026/09/28 11:11:30.065, 73, 91.71 W, 67 %, 1875 MHz, 0x0000000000000000
2026/09/28 11:11:40.081, 73, 92.28 W, 68 %, 1875 MHz, 0x0000000000000000
2026/09/28 11:11:50.095, 73, 90.61 W, 67 %, 1875 MHz, 0x0000000000000000
2026/09/28 11:12:00.110, 73, 90.28 W, 67 %, 1875 MHz, 0x0000000000000000
2026/09/28 11:12:10.125, 73, 92.52 W, 68 %, 1875 MHz, 0x0000000000000000
2026/09/28 11:12:20.140, 73, 91.78 W, 68 %, 1875 MHz, 0x0000000000000000
2026/09/28 11:12:30.155, 73, 92.53 W, 68 %, 1875 MHz, 0x0000000000000000
2026/09/28 11:12:40.172, 73, 91.79 W, 68 %, 1875 MHz, 0x0000000000000000
2026/09/28 11:12:50.189, 73, 92.23 W, 67 %, 1875 MHz, 0x0000000000000000
2026/09/28 11:13:00.203, 73, 91.81 W, 67 %, 1875 MHz, 0x0000000000000000
2026/09/28 11:13:10.218, 73, 92.37 W, 67 %, 1875 MHz, 0x0000000000000000
2026/09/28 11:13:20.234, 73, 91.79 W, 67 %, 1875 MHz, 0x0000000000000000
2026/09/28 11:13:30.249, 73, 92.04 W, 67 %, 1875 MHz, 0x0000000000000000
2026/09/28 11:13:40.265, 73, 92.01 W, 67 %, 1875 MHz, 0x0000000000000000
2026/09/28 11:13:50.282, 73, 92.26 W, 67 %, 1875 MHz, 0x0000000000000000
2026/09/28 11:14:00.297, 73, 92.18 W, 68 %, 1875 MHz, 0x0000000000000000
2026/09/28 11:14:10.312, 73, 92.00 W, 67 %, 1875 MHz, 0x0000000000000000
2026/09/28 11:14:20.327, 73, 92.13 W, 68 %, 1875 MHz, 0x0000000000000000
2026/09/28 11:14:30.342, 73, 92.35 W, 67 %, 1875 MHz, 0x0000000000000000
2026/09/28 11:14:40.357, 73, 92.09 W, 67 %, 1875 MHz, 0x0000000000000000
2026/09/28 11:14:50.372, 73, 92.56 W, 67 %, 1875 MHz, 0x0000000000000000
2026/09/28 11:15:00.388, 73, 91.89 W, 67 %, 1875 MHz, 0x0000000000000000
2026/09/28 11:15:10.403, 73, 92.14 W, 68 %, 1875 MHz, 0x0000000000000000
2026/09/28 11:15:20.417, 73, 92.21 W, 68 %, 1875 MHz, 0x0000000000000000
2026/09/28 11:15:30.432, 73, 92.31 W, 67 %, 1875 MHz, 0x0000000000000000
2026/09/28 11:15:40.447, 73, 92.29 W, 68 %, 1875 MHz, 0x0000000000000000
2026/09/28 11:15:50.462, 73, 92.09 W, 68 %, 1875 MHz, 0x0000000000000000
2026/09/28 11:16:00.479, 73, 92.12 W, 67 %, 1875 MHz, 0x0000000000000000
2026/09/28 11:16:10.493, 73, 92.29 W, 67 %, 1875 MHz, 0x0000000000000000
2026/09/28 11:16:20.508, 73, 92.25 W, 68 %, 1875 MHz, 0x0000000000000000
2026/09/28 11:16:30.523, 73, 92.60 W, 67 %, 1875 MHz, 0x0000000000000000
2026/09/28 11:16:40.537, 73, 92.85 W, 68 %, 1875 MHz, 0x0000000000000000
2026/09/28 11:16:50.552, 73, 92.32 W, 68 %, 1875 MHz, 0x0000000000000000
2026/09/28 11:17:00.569, 73, 92.07 W, 68 %, 1875 MHz, 0x0000000000000000
2026/09/28 11:17:10.586, 73, 91.98 W, 68 %, 1875 MHz, 0x0000000000000000
2026/09/28 11:17:20.602, 73, 92.04 W, 68 %, 1875 MHz, 0x0000000000000000
2026/09/28 11:17:30.617, 73, 92.19 W, 68 %, 1875 MHz, 0x0000000000000000
2026/09/28 11:17:40.634, 73, 91.73 W, 68 %, 1875 MHz, 0x0000000000000000
2026/09/28 11:17:50.651, 73, 92.14 W, 67 %, 1875 MHz, 0x0000000000000000
2026/09/28 11:18:00.666, 73, 92.54 W, 68 %, 1875 MHz, 0x0000000000000000
2026/09/28 11:18:10.683, 73, 93.21 W, 68 %, 1875 MHz, 0x0000000000000000
2026/09/28 11:18:20.698, 73, 92.60 W, 67 %, 1875 MHz, 0x0000000000000000
2026/09/28 11:18:30.714, 73, 92.22 W, 67 %, 1875 MHz, 0x0000000000000000
2026/09/28 11:18:40.730, 73, 91.91 W, 68 %, 1875 MHz, 0x0000000000000000
2026/09/28 11:18:50.748, 73, 92.44 W, 68 %, 1875 MHz, 0x0000000000000000
2026/09/28 11:19:00.763, 73, 92.59 W, 68 %, 1875 MHz, 0x0000000000000000
2026/09/28 11:19:10.777, 73, 92.07 W, 68 %, 1875 MHz, 0x0000000000000000
2026/09/28 11:19:20.793, 73, 92.25 W, 67 %, 1875 MHz, 0x0000000000000000
2026/09/28 11:19:30.809, 73, 91.97 W, 68 %, 1875 MHz, 0x0000000000000000
2026/09/28 11:19:40.826, 73, 92.19 W, 68 %, 1875 MHz, 0x0000000000000000
2026/09/28 11:19:50.841, 73, 92.14 W, 68 %, 1875 MHz, 0x0000000000000000
2026/09/28 11:20:00.855, 73, 92.24 W, 68 %, 1875 MHz, 0x0000000000000000
2026/09/28 11:20:10.871, 73, 92.88 W, 68 %, 1875 MHz, 0x0000000000000000
2026/09/28 11:20:20.887, 73, 92.27 W, 68 %, 1875 MHz, 0x0000000000000000
2026/09/28 11:20:30.904, 73, 92.26 W, 67 %, 1875 MHz, 0x0000000000000000
2026/09/28 11:20:40.921, 73, 92.76 W, 68 %, 1875 MHz, 0x0000000000000000
2026/09/28 11:20:50.937, 73, 90.50 W, 67 %, 1875 MHz, 0x0000000000000000
2026/09/28 11:21:00.953, 73, 92.29 W, 68 %, 1875 MHz, 0x0000000000000000
2026/09/28 11:21:10.968, 73, 90.87 W, 68 %, 1875 MHz, 0x0000000000000000
2026/09/28 11:21:20.984, 73, 92.31 W, 67 %, 1875 MHz, 0x0000000000000000
2026/09/28 11:21:31.000, 73, 92.22 W, 68 %, 1875 MHz, 0x0000000000000000
2026/09/28 11:21:41.018, 73, 92.00 W, 67 %, 1875 MHz, 0x0000000000000000
2026/09/28 11:21:51.033, 73, 92.22 W, 68 %, 1875 MHz, 0x0000000000000000
2026/09/28 11:22:01.049, 73, 92.45 W, 67 %, 1875 MHz, 0x0000000000000000
2026/09/28 11:22:11.064, 73, 92.25 W, 68 %, 1875 MHz, 0x0000000000000000
2026/09/28 11:22:21.080, 73, 91.95 W, 68 %, 1875 MHz, 0x0000000000000000
2026/09/28 11:22:31.094, 73, 92.88 W, 67 %, 1875 MHz, 0x0000000000000000
2026/09/28 11:22:41.112, 73, 92.56 W, 66 %, 1875 MHz, 0x0000000000000000
2026/09/28 11:22:51.128, 73, 92.43 W, 67 %, 1875 MHz, 0x0000000000000000
2026/09/28 11:23:01.145, 73, 92.49 W, 67 %, 1875 MHz, 0x0000000000000000
2026/09/28 11:23:11.160, 73, 92.21 W, 67 %, 1875 MHz, 0x0000000000000000
2026/09/28 11:23:21.175, 73, 92.22 W, 67 %, 1875 MHz, 0x0000000000000000
2026/09/28 11:23:31.190, 73, 93.27 W, 67 %, 1875 MHz, 0x0000000000000000
2026/09/28 11:23:41.208, 73, 92.14 W, 67 %, 1875 MHz, 0x0000000000000000
2026/09/28 11:23:51.224, 73, 92.46 W, 67 %, 1875 MHz, 0x0000000000000000
2026/09/28 11:24:01.239, 73, 92.36 W, 67 %, 1875 MHz, 0x0000000000000000
2026/09/28 11:24:11.254, 73, 92.65 W, 67 %, 1875 MHz, 0x0000000000000000
2026/09/28 11:24:21.270, 73, 92.84 W, 67 %, 1875 MHz, 0x0000000000000000
2026/09/28 11:24:31.285, 73, 92.84 W, 67 %, 1875 MHz, 0x0000000000000000
2026/09/28 11:24:41.299, 73, 92.38 W, 67 %, 1875 MHz, 0x0000000000000000
2026/09/28 11:24:51.315, 73, 93.23 W, 68 %, 1875 MHz, 0x0000000000000000
2026/09/28 11:25:01.329, 73, 92.51 W, 68 %, 1875 MHz, 0x0000000000000000
2026/09/28 11:25:11.344, 73, 92.44 W, 67 %, 1875 MHz, 0x0000000000000000
2026/09/28 11:25:21.359, 73, 92.95 W, 69 %, 1875 MHz, 0x0000000000000000
2026/09/28 11:25:31.374, 73, 92.64 W, 67 %, 1875 MHz, 0x0000000000000000
2026/09/28 11:25:41.389, 73, 92.85 W, 67 %, 1875 MHz, 0x0000000000000000
2026/09/28 11:25:51.403, 73, 92.44 W, 67 %, 1875 MHz, 0x0000000000000000
2026/09/28 11:26:01.420, 73, 93.11 W, 67 %, 1875 MHz, 0x0000000000000000
2026/09/28 11:26:11.435, 73, 92.12 W, 68 %, 1875 MHz, 0x0000000000000000
2026/09/28 11:26:21.450, 73, 92.30 W, 67 %, 1875 MHz, 0x0000000000000000
2026/09/28 11:26:31.465, 73, 92.46 W, 68 %, 1875 MHz, 0x0000000000000000
2026/09/28 11:26:41.479, 73, 92.89 W, 68 %, 1875 MHz, 0x0000000000000000
2026/09/28 11:26:51.496, 73, 92.50 W, 68 %, 1875 MHz, 0x0000000000000000
2026/09/28 11:27:01.510, 73, 92.50 W, 68 %, 1875 MHz, 0x0000000000000000
2026/09/28 11:27:11.525, 73, 92.42 W, 68 %, 1875 MHz, 0x0000000000000000
2026/09/28 11:27:21.540, 73, 92.99 W, 67 %, 1875 MHz, 0x0000000000000000
2026/09/28 11:27:31.554, 73, 93.06 W, 68 %, 1875 MHz, 0x0000000000000000
2026/09/28 11:27:41.569, 73, 92.39 W, 68 %, 1875 MHz, 0x0000000000000000
2026/09/28 11:27:51.584, 73, 92.43 W, 67 %, 1875 MHz, 0x0000000000000000
2026/09/28 11:28:01.599, 73, 92.13 W, 67 %, 1875 MHz, 0x0000000000000000
2026/09/28 11:28:11.615, 73, 92.98 W, 68 %, 1875 MHz, 0x0000000000000000
2026/09/28 11:28:21.629, 73, 92.20 W, 68 %, 1875 MHz, 0x0000000000000000
2026/09/28 11:28:31.644, 73, 92.89 W, 68 %, 1875 MHz, 0x0000000000000000
2026/09/28 11:28:41.659, 73, 92.41 W, 67 %, 1875 MHz, 0x0000000000000000
2026/09/28 11:28:51.675, 73, 93.11 W, 68 %, 1875 MHz, 0x0000000000000000
2026/09/28 11:29:01.689, 73, 92.87 W, 68 %, 1875 MHz, 0x0000000000000000
2026/09/28 11:29:11.704, 73, 92.18 W, 68 %, 1875 MHz, 0x0000000000000000
2026/09/28 11:29:21.720, 73, 90.47 W, 68 %, 1875 MHz, 0x0000000000000000
2026/09/28 11:29:31.737, 73, 92.75 W, 68 %, 1875 MHz, 0x0000000000000000
2026/09/28 11:29:41.752, 73, 92.35 W, 68 %, 1875 MHz, 0x0000000000000000
2026/09/28 11:29:51.768, 73, 92.24 W, 67 %, 1875 MHz, 0x0000000000000000
2026/09/28 11:30:01.783, 73, 92.38 W, 68 %, 1875 MHz, 0x0000000000000000
2026/09/28 11:30:11.798, 73, 92.32 W, 68 %, 1875 MHz, 0x0000000000000000
2026/09/28 11:30:21.812, 73, 92.13 W, 67 %, 1875 MHz, 0x0000000000000000
2026/09/28 11:30:31.828, 73, 92.89 W, 67 %, 1875 MHz, 0x0000000000000000
2026/09/28 11:30:41.844, 73, 92.42 W, 68 %, 1875 MHz, 0x0000000000000000
2026/09/28 11:30:51.858, 73, 92.23 W, 68 %, 1875 MHz, 0x0000000000000000
2026/09/28 11:31:01.874, 73, 92.58 W, 68 %, 1875 MHz, 0x0000000000000000
2026/09/28 11:31:11.890, 73, 92.22 W, 67 %, 1875 MHz, 0x0000000000000000
2026/09/28 11:31:21.904, 73, 92.55 W, 67 %, 1875 MHz, 0x0000000000000000
2026/09/28 11:31:31.922, 73, 92.31 W, 67 %, 1875 MHz, 0x0000000000000000
2026/09/28 11:31:41.938, 73, 93.32 W, 67 %, 1875 MHz, 0x0000000000000000
2026/09/28 11:31:51.954, 73, 92.35 W, 67 %, 1875 MHz, 0x0000000000000000
2026/09/28 11:32:01.970, 73, 92.70 W, 66 %, 1875 MHz, 0x0000000000000000
2026/09/28 11:32:11.985, 73, 92.28 W, 67 %, 1875 MHz, 0x0000000000000000
2026/09/28 11:32:22.000, 73, 92.39 W, 67 %, 1875 MHz, 0x0000000000000000
2026/09/28 11:32:32.015, 73, 92.20 W, 67 %, 1875 MHz, 0x0000000000000000
2026/09/28 11:32:42.032, 73, 93.07 W, 67 %, 1875 MHz, 0x0000000000000000
2026/09/28 11:32:52.049, 73, 92.39 W, 67 %, 1875 MHz, 0x0000000000000000
2026/09/28 11:33:02.064, 73, 92.36 W, 67 %, 1875 MHz, 0x0000000000000000
2026/09/28 11:33:12.080, 73, 92.32 W, 67 %, 1875 MHz, 0x0000000000000000
2026/09/28 11:33:22.095, 73, 92.26 W, 67 %, 1875 MHz, 0x0000000000000000
2026/09/28 11:33:32.110, 73, 92.81 W, 67 %, 1875 MHz, 0x0000000000000000
2026/09/28 11:33:42.124, 73, 92.49 W, 67 %, 1875 MHz, 0x0000000000000000
2026/09/28 11:33:52.140, 73, 92.22 W, 67 %, 1875 MHz, 0x0000000000000000
2026/09/28 11:34:02.155, 73, 92.68 W, 68 %, 1875 MHz, 0x0000000000000000
2026/09/28 11:34:12.170, 73, 93.02 W, 68 %, 1875 MHz, 0x0000000000000000
2026/09/28 11:34:22.184, 73, 93.13 W, 68 %, 1875 MHz, 0x0000000000000000
2026/09/28 11:34:32.200, 73, 92.33 W, 68 %, 1875 MHz, 0x0000000000000000
2026/09/28 11:34:42.214, 73, 92.98 W, 68 %, 1875 MHz, 0x0000000000000000
2026/09/28 11:34:52.230, 73, 92.31 W, 68 %, 1875 MHz, 0x0000000000000000
2026/09/28 11:35:02.245, 73, 92.45 W, 68 %, 1875 MHz, 0x0000000000000000
2026/09/28 11:35:12.260, 73, 93.47 W, 67 %, 1875 MHz, 0x0000000000000000
2026/09/28 11:35:22.277, 73, 93.52 W, 68 %, 1875 MHz, 0x0000000000000000
2026/09/28 11:35:32.291, 73, 92.56 W, 67 %, 1875 MHz, 0x0000000000000000
2026/09/28 11:35:42.306, 73, 92.65 W, 68 %, 1875 MHz, 0x0000000000000000
2026/09/28 11:35:52.321, 73, 92.73 W, 68 %, 1875 MHz, 0x0000000000000000
2026/09/28 11:36:02.336, 73, 92.63 W, 67 %, 1875 MHz, 0x0000000000000000
2026/09/28 11:36:12.350, 73, 92.61 W, 68 %, 1875 MHz, 0x0000000000000000
2026/09/28 11:36:22.365, 73, 92.46 W, 68 %, 1875 MHz, 0x0000000000000000
2026/09/28 11:36:32.380, 73, 92.14 W, 68 %, 1875 MHz, 0x0000000000000000
2026/09/28 11:36:42.394, 73, 92.54 W, 68 %, 1875 MHz, 0x0000000000000000
2026/09/28 11:36:52.409, 73, 92.23 W, 68 %, 1875 MHz, 0x0000000000000000
2026/09/28 11:37:02.424, 73, 92.49 W, 68 %, 1875 MHz, 0x0000000000000000
2026/09/28 11:37:12.439, 73, 92.35 W, 68 %, 1875 MHz, 0x0000000000000000
2026/09/28 11:37:22.454, 73, 93.19 W, 68 %, 1875 MHz, 0x0000000000000000
2026/09/28 11:37:32.469, 73, 92.49 W, 68 %, 1875 MHz, 0x0000000000000000
2026/09/28 11:37:42.484, 73, 92.34 W, 68 %, 1875 MHz, 0x0000000000000000
2026/09/28 11:37:52.499, 73, 92.41 W, 67 %, 1875 MHz, 0x0000000000000000
2026/09/28 11:38:02.514, 73, 92.02 W, 68 %, 1875 MHz, 0x0000000000000000
2026/09/28 11:38:12.530, 73, 92.31 W, 68 %, 1875 MHz, 0x0000000000000000
2026/09/28 11:38:22.544, 73, 92.42 W, 68 %, 1875 MHz, 0x0000000000000000
2026/09/28 11:38:32.559, 73, 92.23 W, 68 %, 1875 MHz, 0x0000000000000000
2026/09/28 11:38:42.573, 73, 92.79 W, 68 %, 1875 MHz, 0x0000000000000000
2026/09/28 11:38:52.588, 73, 92.48 W, 67 %, 1875 MHz, 0x0000000000000000
2026/09/28 11:39:02.603, 73, 90.91 W, 67 %, 1875 MHz, 0x0000000000000000
2026/09/28 11:39:12.618, 73, 92.18 W, 67 %, 1875 MHz, 0x0000000000000000
2026/09/28 11:39:22.635, 73, 92.27 W, 67 %, 1875 MHz, 0x0000000000000000
2026/09/28 11:39:32.652, 73, 92.92 W, 67 %, 1875 MHz, 0x0000000000000000
2026/09/28 11:39:42.669, 73, 92.41 W, 67 %, 1875 MHz, 0x0000000000000000
2026/09/28 11:39:52.684, 73, 92.52 W, 67 %, 1875 MHz, 0x0000000000000000
2026/09/28 11:40:02.698, 73, 92.47 W, 68 %, 1875 MHz, 0x0000000000000000
2026/09/28 11:40:12.713, 73, 92.41 W, 68 %, 1875 MHz, 0x0000000000000000
2026/09/28 11:40:22.733, 73, 93.15 W, 68 %, 1875 MHz, 0x0000000000000000
2026/09/28 11:40:32.748, 73, 92.33 W, 68 %, 1875 MHz, 0x0000000000000000
2026/09/28 11:40:42.765, 73, 92.66 W, 68 %, 1875 MHz, 0x0000000000000000
2026/09/28 11:40:52.782, 73, 93.25 W, 67 %, 1875 MHz, 0x0000000000000000
2026/09/28 11:41:02.798, 73, 92.72 W, 66 %, 1875 MHz, 0x0000000000000000
2026/09/28 11:41:12.812, 73, 92.53 W, 67 %, 1875 MHz, 0x0000000000000000
2026/09/28 11:41:22.827, 73, 92.45 W, 67 %, 1875 MHz, 0x0000000000000000
2026/09/28 11:41:32.844, 73, 92.53 W, 67 %, 1875 MHz, 0x0000000000000000
2026/09/28 11:41:42.861, 73, 92.81 W, 68 %, 1875 MHz, 0x0000000000000000
2026/09/28 11:41:52.878, 73, 92.95 W, 67 %, 1875 MHz, 0x0000000000000000
2026/09/28 11:42:02.893, 73, 92.87 W, 65 %, 1875 MHz, 0x0000000000000000
2026/09/28 11:42:12.907, 73, 93.07 W, 67 %, 1875 MHz, 0x0000000000000000
2026/09/28 11:42:22.922, 73, 93.46 W, 67 %, 1875 MHz, 0x0000000000000000
2026/09/28 11:42:32.937, 73, 92.77 W, 67 %, 1875 MHz, 0x0000000000000000
2026/09/28 11:42:42.953, 73, 93.37 W, 67 %, 1875 MHz, 0x0000000000000000
2026/09/28 11:42:52.969, 73, 93.06 W, 67 %, 1875 MHz, 0x0000000000000000
2026/09/28 11:43:02.985, 73, 93.09 W, 69 %, 1875 MHz, 0x0000000000000000
2026/09/28 11:43:13.002, 73, 92.37 W, 68 %, 1875 MHz, 0x0000000000000000
2026/09/28 11:43:23.019, 73, 92.53 W, 68 %, 1875 MHz, 0x0000000000000000
2026/09/28 11:43:33.036, 73, 92.28 W, 68 %, 1875 MHz, 0x0000000000000000
2026/09/28 11:43:43.053, 73, 93.06 W, 68 %, 1875 MHz, 0x0000000000000000
2026/09/28 11:43:53.068, 73, 93.20 W, 67 %, 1875 MHz, 0x0000000000000000
2026/09/28 11:44:03.084, 73, 92.69 W, 68 %, 1875 MHz, 0x0000000000000000
2026/09/28 11:44:13.101, 73, 93.47 W, 68 %, 1875 MHz, 0x0000000000000000
2026/09/28 11:44:23.117, 73, 92.81 W, 68 %, 1875 MHz, 0x0000000000000000
2026/09/28 11:44:33.132, 73, 92.60 W, 67 %, 1875 MHz, 0x0000000000000000
2026/09/28 11:44:43.147, 73, 93.21 W, 68 %, 1875 MHz, 0x0000000000000000
2026/09/28 11:44:53.164, 73, 93.43 W, 67 %, 1875 MHz, 0x0000000000000000
2026/09/28 11:45:03.182, 73, 92.77 W, 68 %, 1875 MHz, 0x0000000000000000
2026/09/28 11:45:13.198, 73, 92.76 W, 68 %, 1875 MHz, 0x0000000000000000
2026/09/28 11:45:23.213, 73, 93.08 W, 67 %, 1875 MHz, 0x0000000000000000
2026/09/28 11:45:33.227, 73, 92.80 W, 67 %, 1875 MHz, 0x0000000000000000
2026/09/28 11:45:43.242, 73, 93.01 W, 67 %, 1875 MHz, 0x0000000000000000
2026/09/28 11:45:53.257, 73, 92.73 W, 68 %, 1875 MHz, 0x0000000000000000
2026/09/28 11:46:03.274, 73, 92.85 W, 68 %, 1875 MHz, 0x0000000000000000
2026/09/28 11:46:13.291, 73, 92.96 W, 68 %, 1875 MHz, 0x0000000000000000
2026/09/28 11:46:23.305, 73, 93.23 W, 67 %, 1875 MHz, 0x0000000000000000
2026/09/28 11:46:33.320, 73, 93.32 W, 68 %, 1875 MHz, 0x0000000000000000
2026/09/28 11:46:43.335, 73, 92.75 W, 68 %, 1875 MHz, 0x0000000000000000
2026/09/28 11:46:53.350, 73, 92.76 W, 67 %, 1875 MHz, 0x0000000000000000
2026/09/28 11:47:03.365, 73, 93.09 W, 67 %, 1875 MHz, 0x0000000000000000
2026/09/28 11:47:13.382, 73, 92.66 W, 68 %, 1875 MHz, 0x0000000000000000
2026/09/28 11:47:23.397, 73, 90.85 W, 67 %, 1875 MHz, 0x0000000000000000
2026/09/28 11:47:33.413, 73, 88.34 W, 68 %, 1875 MHz, 0x0000000000000000
2026/09/28 11:47:43.428, 73, 91.65 W, 67 %, 1875 MHz, 0x0000000000000000
2026/09/28 11:47:53.443, 73, 92.46 W, 68 %, 1875 MHz, 0x0000000000000000
2026/09/28 11:48:03.458, 73, 92.40 W, 67 %, 1875 MHz, 0x0000000000000000
2026/09/28 11:48:13.476, 73, 92.87 W, 67 %, 1875 MHz, 0x0000000000000000
2026/09/28 11:48:23.490, 73, 92.54 W, 67 %, 1875 MHz, 0x0000000000000000
2026/09/28 11:48:33.506, 73, 93.23 W, 67 %, 1875 MHz, 0x0000000000000000
2026/09/28 11:48:43.520, 73, 93.22 W, 67 %, 1875 MHz, 0x0000000000000000
2026/09/28 11:48:53.535, 73, 93.47 W, 67 %, 1875 MHz, 0x0000000000000000
2026/09/28 11:49:03.550, 73, 92.82 W, 67 %, 1875 MHz, 0x0000000000000000
2026/09/28 11:49:13.564, 73, 93.18 W, 67 %, 1875 MHz, 0x0000000000000000
2026/09/28 11:49:23.579, 73, 92.51 W, 67 %, 1875 MHz, 0x0000000000000000
2026/09/28 11:49:33.594, 73, 92.76 W, 68 %, 1875 MHz, 0x0000000000000000
2026/09/28 11:49:43.609, 73, 92.72 W, 68 %, 1875 MHz, 0x0000000000000000
2026/09/28 11:49:53.624, 73, 93.38 W, 67 %, 1875 MHz, 0x0000000000000000
2026/09/28 11:50:03.638, 73, 93.10 W, 68 %, 1875 MHz, 0x0000000000000000
2026/09/28 11:50:13.654, 73, 92.47 W, 67 %, 1875 MHz, 0x0000000000000000
2026/09/28 11:50:23.669, 73, 92.59 W, 67 %, 1875 MHz, 0x0000000000000000
2026/09/28 11:50:33.687, 73, 93.19 W, 67 %, 1875 MHz, 0x0000000000000000
2026/09/28 11:50:43.702, 73, 93.19 W, 66 %, 1875 MHz, 0x0000000000000000
2026/09/28 11:50:53.718, 73, 92.66 W, 67 %, 1875 MHz, 0x0000000000000000
2026/09/28 11:51:03.734, 73, 93.44 W, 67 %, 1875 MHz, 0x0000000000000000
2026/09/28 11:51:13.749, 73, 93.02 W, 67 %, 1875 MHz, 0x0000000000000000
2026/09/28 11:51:23.766, 73, 92.64 W, 67 %, 1875 MHz, 0x0000000000000000
2026/09/28 11:51:33.783, 73, 92.70 W, 67 %, 1875 MHz, 0x0000000000000000
2026/09/28 11:51:43.800, 73, 93.37 W, 67 %, 1875 MHz, 0x0000000000000000
2026/09/28 11:51:53.816, 73, 93.49 W, 67 %, 1875 MHz, 0x0000000000000000
2026/09/28 11:52:03.831, 73, 93.18 W, 68 %, 1875 MHz, 0x0000000000000000
2026/09/28 11:52:13.847, 73, 92.91 W, 67 %, 1875 MHz, 0x0000000000000000
2026/09/28 11:52:23.863, 73, 92.95 W, 68 %, 1875 MHz, 0x0000000000000000
2026/09/28 11:52:33.878, 73, 92.58 W, 68 %, 1875 MHz, 0x0000000000000000
2026/09/28 11:52:43.894, 73, 93.20 W, 67 %, 1875 MHz, 0x0000000000000000
2026/09/28 11:52:53.910, 73, 92.26 W, 67 %, 1875 MHz, 0x0000000000000000
2026/09/28 11:53:03.927, 73, 92.75 W, 68 %, 1875 MHz, 0x0000000000000000
2026/09/28 11:53:13.943, 73, 92.81 W, 67 %, 1875 MHz, 0x0000000000000000
2026/09/28 11:53:23.959, 73, 92.56 W, 67 %, 1875 MHz, 0x0000000000000000
2026/09/28 11:53:33.974, 73, 92.60 W, 68 %, 1875 MHz, 0x0000000000000000
2026/09/28 11:53:43.991, 73, 92.47 W, 68 %, 1875 MHz, 0x0000000000000000
2026/09/28 11:53:54.007, 73, 92.71 W, 68 %, 1875 MHz, 0x0000000000000000
2026/09/28 11:54:04.024, 73, 93.62 W, 68 %, 1875 MHz, 0x0000000000000000
2026/09/28 11:54:14.041, 73, 92.83 W, 68 %, 1875 MHz, 0x0000000000000000
2026/09/28 11:54:24.057, 73, 92.84 W, 67 %, 1875 MHz, 0x0000000000000000
2026/09/28 11:54:34.072, 73, 93.00 W, 68 %, 1875 MHz, 0x0000000000000000
2026/09/28 11:54:44.089, 73, 93.63 W, 68 %, 1875 MHz, 0x0000000000000000
2026/09/28 11:54:54.106, 73, 92.81 W, 67 %, 1875 MHz, 0x0000000000000000
2026/09/28 11:55:04.123, 73, 92.88 W, 68 %, 1875 MHz, 0x0000000000000000
2026/09/28 11:55:14.139, 73, 93.31 W, 68 %, 1875 MHz, 0x0000000000000000
2026/09/28 11:55:24.154, 73, 92.94 W, 67 %, 1875 MHz, 0x0000000000000000
2026/09/28 11:55:34.170, 73, 93.06 W, 67 %, 1875 MHz, 0x0000000000000000
2026/09/28 11:55:44.185, 73, 92.89 W, 67 %, 1875 MHz, 0x0000000000000000
2026/09/28 11:55:54.199, 73, 93.11 W, 68 %, 1875 MHz, 0x0000000000000000
2026/09/28 11:56:04.218, 73, 92.92 W, 68 %, 1875 MHz, 0x0000000000000000
2026/09/28 11:56:14.233, 73, 91.13 W, 68 %, 1875 MHz, 0x0000000000000000
2026/09/28 11:56:24.247, 73, 92.93 W, 68 %, 1875 MHz, 0x0000000000000000
2026/09/28 11:56:34.262, 73, 92.55 W, 67 %, 1875 MHz, 0x0000000000000000
2026/09/28 11:56:44.277, 73, 93.04 W, 67 %, 1875 MHz, 0x0000000000000000
2026/09/28 11:56:54.292, 73, 92.86 W, 67 %, 1875 MHz, 0x0000000000000000
2026/09/28 11:57:04.308, 73, 93.19 W, 67 %, 1875 MHz, 0x0000000000000000
2026/09/28 11:57:14.324, 73, 93.33 W, 67 %, 1875 MHz, 0x0000000000000000
2026/09/28 11:57:24.340, 73, 92.99 W, 67 %, 1875 MHz, 0x0000000000000000
2026/09/28 11:57:34.354, 73, 92.91 W, 67 %, 1875 MHz, 0x0000000000000000
2026/09/28 11:57:44.369, 73, 93.10 W, 67 %, 1875 MHz, 0x0000000000000000
2026/09/28 11:57:54.384, 73, 93.01 W, 67 %, 1875 MHz, 0x0000000000000000
2026/09/28 11:58:04.398, 73, 93.25 W, 67 %, 1875 MHz, 0x0000000000000000
2026/09/28 11:58:14.413, 73, 92.99 W, 67 %, 1875 MHz, 0x0000000000000000
2026/09/28 11:58:24.428, 73, 93.17 W, 67 %, 1875 MHz, 0x0000000000000000
2026/09/28 11:58:34.445, 73, 93.10 W, 66 %, 1875 MHz, 0x0000000000000000
2026/09/28 11:58:44.460, 73, 93.19 W, 67 %, 1875 MHz, 0x0000000000000000
2026/09/28 11:58:54.474, 73, 92.91 W, 67 %, 1875 MHz, 0x0000000000000000
2026/09/28 11:59:04.490, 73, 93.16 W, 67 %, 1875 MHz, 0x0000000000000000
2026/09/28 11:59:14.504, 73, 92.59 W, 67 %, 1875 MHz, 0x0000000000000000
2026/09/28 11:59:24.520, 73, 92.50 W, 67 %, 1875 MHz, 0x0000000000000000
2026/09/28 11:59:34.536, 73, 92.60 W, 68 %, 1875 MHz, 0x0000000000000000
2026/09/28 11:59:44.551, 73, 92.85 W, 68 %, 1875 MHz, 0x0000000000000000
2026/09/28 11:59:54.566, 73, 93.57 W, 68 %, 1875 MHz, 0x0000000000000000
2026/09/28 12:00:04.581, 73, 93.43 W, 68 %, 1875 MHz, 0x0000000000000000
2026/09/28 12:00:14.596, 73, 92.52 W, 68 %, 1875 MHz, 0x0000000000000000
2026/09/28 12:00:24.610, 73, 92.85 W, 68 %, 1875 MHz, 0x0000000000000000
2026/09/28 12:00:34.626, 73, 92.59 W, 67 %, 1875 MHz, 0x0000000000000000
2026/09/28 12:00:44.642, 73, 92.53 W, 67 %, 1875 MHz, 0x0000000000000000
2026/09/28 12:00:54.657, 73, 93.38 W, 68 %, 1875 MHz, 0x0000000000000000
2026/09/28 12:01:04.675, 73, 93.40 W, 68 %, 1875 MHz, 0x0000000000000000
2026/09/28 12:01:14.690, 73, 92.72 W, 68 %, 1875 MHz, 0x0000000000000000
2026/09/28 12:01:24.704, 73, 92.70 W, 65 %, 1875 MHz, 0x0000000000000000
2026/09/28 12:01:34.721, 73, 92.76 W, 67 %, 1875 MHz, 0x0000000000000000
2026/09/28 12:01:44.737, 73, 92.70 W, 68 %, 1875 MHz, 0x0000000000000000
2026/09/28 12:01:54.754, 73, 92.63 W, 67 %, 1875 MHz, 0x0000000000000000
2026/09/28 12:02:04.769, 73, 93.09 W, 68 %, 1875 MHz, 0x0000000000000000
2026/09/28 12:02:14.785, 73, 92.43 W, 68 %, 1875 MHz, 0x0000000000000000
2026/09/28 12:02:24.800, 73, 92.71 W, 67 %, 1875 MHz, 0x0000000000000000
2026/09/28 12:02:34.818, 73, 93.21 W, 67 %, 1875 MHz, 0x0000000000000000
2026/09/28 12:02:44.835, 73, 93.36 W, 67 %, 1875 MHz, 0x0000000000000000
2026/09/28 12:02:54.852, 73, 92.87 W, 68 %, 1875 MHz, 0x0000000000000000
2026/09/28 12:03:04.869, 73, 92.30 W, 67 %, 1875 MHz, 0x0000000000000000
2026/09/28 12:03:14.885, 73, 93.01 W, 68 %, 1875 MHz, 0x0000000000000000
2026/09/28 12:03:24.900, 73, 93.00 W, 68 %, 1875 MHz, 0x0000000000000000
2026/09/28 12:03:34.915, 73, 92.68 W, 67 %, 1875 MHz, 0x0000000000000000
2026/09/28 12:03:44.930, 73, 93.30 W, 68 %, 1875 MHz, 0x0000000000000000
2026/09/28 12:03:54.947, 74, 92.92 W, 68 %, 1875 MHz, 0x0000000000000000
2026/09/28 12:04:04.962, 73, 92.54 W, 68 %, 1875 MHz, 0x0000000000000000
2026/09/28 12:04:14.979, 74, 92.73 W, 68 %, 1875 MHz, 0x0000000000000000
2026/09/28 12:04:24.995, 73, 92.91 W, 67 %, 1875 MHz, 0x0000000000000000
2026/09/28 12:04:35.010, 74, 92.15 W, 67 %, 1875 MHz, 0x0000000000000000
2026/09/28 12:04:45.024, 73, 92.23 W, 68 %, 1875 MHz, 0x0000000000000000
2026/09/28 12:04:55.044, 73, 92.77 W, 68 %, 1875 MHz, 0x0000000000000000
2026/09/28 12:05:05.060, 73, 93.08 W, 68 %, 1875 MHz, 0x0000000000000000
2026/09/28 12:05:15.076, 73, 92.83 W, 67 %, 1875 MHz, 0x0000000000000000
2026/09/28 12:05:25.093, 73, 92.99 W, 67 %, 1875 MHz, 0x0000000000000000
2026/09/28 12:05:35.107, 73, 93.17 W, 68 %, 1875 MHz, 0x0000000000000000
2026/09/28 12:05:45.122, 73, 92.74 W, 68 %, 1875 MHz, 0x0000000000000000
2026/09/28 12:05:55.137, 73, 93.28 W, 68 %, 1875 MHz, 0x0000000000000000
2026/09/28 12:06:05.154, 73, 91.34 W, 68 %, 1875 MHz, 0x0000000000000000
2026/09/28 12:06:15.171, 73, 92.99 W, 67 %, 1875 MHz, 0x0000000000000000
2026/09/28 12:06:25.186, 73, 91.26 W, 68 %, 1875 MHz, 0x0000000000000000
2026/09/28 12:06:35.202, 73, 92.83 W, 68 %, 1875 MHz, 0x0000000000000000
2026/09/28 12:06:45.218, 74, 93.06 W, 68 %, 1875 MHz, 0x0000000000000000
2026/09/28 12:06:55.233, 74, 93.17 W, 68 %, 1875 MHz, 0x0000000000000000
2026/09/28 12:07:05.248, 74, 92.99 W, 68 %, 1875 MHz, 0x0000000000000000
2026/09/28 12:07:15.264, 74, 92.79 W, 67 %, 1875 MHz, 0x0000000000000000
2026/09/28 12:07:25.279, 74, 92.76 W, 67 %, 1875 MHz, 0x0000000000000000
2026/09/28 12:07:35.296, 73, 92.67 W, 67 %, 1875 MHz, 0x0000000000000000
2026/09/28 12:07:45.310, 74, 92.71 W, 67 %, 1875 MHz, 0x0000000000000000
2026/09/28 12:07:55.327, 74, 93.00 W, 67 %, 1875 MHz, 0x0000000000000000
2026/09/28 12:08:05.341, 74, 93.26 W, 67 %, 1875 MHz, 0x0000000000000000
2026/09/28 12:08:15.356, 74, 92.51 W, 67 %, 1875 MHz, 0x0000000000000000
2026/09/28 12:08:25.372, 74, 92.47 W, 67 %, 1875 MHz, 0x0000000000000000
2026/09/28 12:08:35.388, 74, 92.69 W, 66 %, 1875 MHz, 0x0000000000000000
2026/09/28 12:08:45.403, 74, 93.35 W, 67 %, 1875 MHz, 0x0000000000000000
2026/09/28 12:08:55.418, 74, 92.75 W, 68 %, 1875 MHz, 0x0000000000000000
2026/09/28 12:09:05.433, 74, 92.73 W, 66 %, 1875 MHz, 0x0000000000000000
2026/09/28 12:09:15.447, 74, 92.79 W, 67 %, 1875 MHz, 0x0000000000000000
2026/09/28 12:09:25.464, 74, 93.34 W, 67 %, 1875 MHz, 0x0000000000000000
2026/09/28 12:09:35.479, 74, 93.01 W, 67 %, 1875 MHz, 0x0000000000000000
2026/09/28 12:09:45.495, 74, 92.77 W, 67 %, 1875 MHz, 0x0000000000000000
2026/09/28 12:09:55.512, 74, 92.76 W, 68 %, 1875 MHz, 0x0000000000000000
2026/09/28 12:10:05.526, 74, 93.04 W, 67 %, 1875 MHz, 0x0000000000000000
2026/09/28 12:10:15.541, 74, 92.85 W, 67 %, 1875 MHz, 0x0000000000000000
2026/09/28 12:10:25.556, 74, 92.97 W, 68 %, 1875 MHz, 0x0000000000000000
2026/09/28 12:10:35.572, 74, 93.37 W, 68 %, 1875 MHz, 0x0000000000000000
2026/09/28 12:10:45.588, 74, 92.81 W, 67 %, 1875 MHz, 0x0000000000000000
2026/09/28 12:10:55.603, 74, 93.34 W, 67 %, 1875 MHz, 0x0000000000000000
2026/09/28 12:11:05.618, 74, 92.76 W, 68 %, 1875 MHz, 0x0000000000000000
2026/09/28 12:11:15.633, 74, 93.10 W, 68 %, 1875 MHz, 0x0000000000000000
2026/09/28 12:11:25.647, 74, 92.44 W, 68 %, 1875 MHz, 0x0000000000000000
2026/09/28 12:11:35.662, 74, 92.56 W, 68 %, 1875 MHz, 0x0000000000000000
2026/09/28 12:11:45.679, 74, 93.18 W, 68 %, 1875 MHz, 0x0000000000000000
2026/09/28 12:11:55.695, 74, 92.74 W, 68 %, 1875 MHz, 0x0000000000000000
2026/09/28 12:12:05.711, 74, 92.64 W, 68 %, 1875 MHz, 0x0000000000000000
2026/09/28 12:12:15.727, 74, 92.58 W, 68 %, 1875 MHz, 0x0000000000000000
2026/09/28 12:12:25.743, 74, 92.73 W, 68 %, 1875 MHz, 0x0000000000000000
2026/09/28 12:12:35.758, 74, 92.33 W, 68 %, 1875 MHz, 0x0000000000000000
2026/09/28 12:12:45.777, 74, 93.09 W, 68 %, 1875 MHz, 0x0000000000000000
2026/09/28 12:12:55.794, 74, 92.48 W, 67 %, 1875 MHz, 0x0000000000000000
2026/09/28 12:13:05.809, 74, 92.58 W, 68 %, 1875 MHz, 0x0000000000000000
2026/09/28 12:13:15.826, 74, 93.04 W, 68 %, 1875 MHz, 0x0000000000000000
2026/09/28 12:13:25.842, 74, 92.46 W, 67 %, 1875 MHz, 0x0000000000000000
2026/09/28 12:13:35.857, 74, 93.23 W, 68 %, 1875 MHz, 0x0000000000000000
2026/09/28 12:13:45.871, 74, 92.59 W, 67 %, 1875 MHz, 0x0000000000000000
2026/09/28 12:13:55.889, 74, 92.53 W, 68 %, 1875 MHz, 0x0000000000000000
2026/09/28 12:14:05.905, 74, 93.50 W, 68 %, 1875 MHz, 0x0000000000000000
2026/09/28 12:14:15.921, 74, 92.96 W, 68 %, 1875 MHz, 0x0000000000000000
2026/09/28 12:14:25.936, 74, 92.36 W, 68 %, 1875 MHz, 0x0000000000000000
2026/09/28 12:14:35.951, 74, 92.59 W, 68 %, 1875 MHz, 0x0000000000000000
2026/09/28 12:14:45.967, 74, 92.84 W, 67 %, 1875 MHz, 0x0000000000000000
2026/09/28 12:14:55.982, 74, 92.49 W, 68 %, 1875 MHz, 0x0000000000000000
2026/09/28 12:15:05.998, 74, 92.57 W, 67 %, 1875 MHz, 0x0000000000000000
2026/09/28 12:15:16.014, 74, 92.97 W, 67 %, 1875 MHz, 0x0000000000000000
2026/09/28 12:15:26.030, 74, 92.59 W, 68 %, 1875 MHz, 0x0000000000000000
2026/09/28 12:15:36.045, 74, 93.16 W, 68 %, 1875 MHz, 0x0000000000000000
2026/09/28 12:15:46.061, 74, 93.31 W, 68 %, 1875 MHz, 0x0000000000000000
2026/09/28 12:15:56.075, 74, 93.49 W, 67 %, 1875 MHz, 0x0000000000000000
2026/09/28 12:16:06.092, 74, 92.77 W, 68 %, 1875 MHz, 0x0000000000000000
2026/09/28 12:16:16.109, 74, 93.52 W, 68 %, 1875 MHz, 0x0000000000000000
2026/09/28 12:16:26.125, 74, 92.78 W, 68 %, 1875 MHz, 0x0000000000000000
2026/09/28 12:16:36.141, 74, 92.76 W, 68 %, 1875 MHz, 0x0000000000000000
2026/09/28 12:16:46.157, 74, 92.69 W, 67 %, 1875 MHz, 0x0000000000000000
2026/09/28 12:16:56.173, 74, 93.13 W, 68 %, 1875 MHz, 0x0000000000000000
2026/09/28 12:17:06.189, 74, 92.87 W, 67 %, 1875 MHz, 0x0000000000000000
2026/09/28 12:17:16.205, 74, 92.50 W, 68 %, 1875 MHz, 0x0000000000000000
2026/09/28 12:17:26.222, 74, 92.62 W, 68 %, 1875 MHz, 0x0000000000000000
2026/09/28 12:17:36.237, 74, 93.17 W, 67 %, 1875 MHz, 0x0000000000000000
2026/09/28 12:17:46.254, 74, 91.43 W, 68 %, 1875 MHz, 0x0000000000000000
2026/09/28 12:17:56.268, 74, 87.96 W, 67 %, 1875 MHz, 0x0000000000000000
2026/09/28 12:18:06.283, 74, 91.55 W, 67 %, 1875 MHz, 0x0000000000000000
2026/09/28 12:18:16.299, 74, 91.04 W, 68 %, 1875 MHz, 0x0000000000000000
2026/09/28 12:18:26.315, 74, 92.80 W, 68 %, 1875 MHz, 0x0000000000000000
2026/09/28 12:18:36.333, 74, 92.63 W, 68 %, 1875 MHz, 0x0000000000000000
2026/09/28 12:18:46.348, 74, 92.99 W, 67 %, 1875 MHz, 0x0000000000000000
2026/09/28 12:18:56.363, 74, 93.67 W, 67 %, 1875 MHz, 0x0000000000000000
2026/09/28 12:19:06.378, 74, 92.67 W, 66 %, 1875 MHz, 0x0000000000000000
2026/09/28 12:19:16.393, 74, 92.78 W, 67 %, 1875 MHz, 0x0000000000000000
2026/09/28 12:19:26.409, 74, 92.53 W, 67 %, 1875 MHz, 0x0000000000000000
2026/09/28 12:19:36.426, 74, 93.00 W, 67 %, 1875 MHz, 0x0000000000000000
2026/09/28 12:19:46.442, 74, 92.87 W, 67 %, 1875 MHz, 0x0000000000000000
2026/09/28 12:19:56.458, 74, 92.75 W, 68 %, 1875 MHz, 0x0000000000000000
2026/09/28 12:20:06.473, 74, 92.81 W, 68 %, 1875 MHz, 0x0000000000000000
2026/09/28 12:20:16.488, 74, 93.75 W, 67 %, 1875 MHz, 0x0000000000000000
2026/09/28 12:20:26.503, 74, 93.19 W, 68 %, 1875 MHz, 0x0000000000000000
2026/09/28 12:20:36.520, 74, 93.37 W, 68 %, 1875 MHz, 0x0000000000000000
2026/09/28 12:20:46.535, 74, 93.12 W, 68 %, 1875 MHz, 0x0000000000000000
2026/09/28 12:20:56.551, 74, 93.59 W, 68 %, 1875 MHz, 0x0000000000000000
2026/09/28 12:21:06.567, 74, 93.38 W, 68 %, 1875 MHz, 0x0000000000000000
2026/09/28 12:21:16.582, 74, 93.09 W, 68 %, 1875 MHz, 0x0000000000000000
2026/09/28 12:21:26.597, 74, 92.78 W, 67 %, 1875 MHz, 0x0000000000000000
2026/09/28 12:21:36.612, 74, 92.87 W, 68 %, 1875 MHz, 0x0000000000000000
2026/09/28 12:21:46.629, 74, 94.02 W, 68 %, 1875 MHz, 0x0000000000000000
2026/09/28 12:21:56.644, 74, 92.92 W, 68 %, 1875 MHz, 0x0000000000000000
2026/09/28 12:22:06.658, 74, 93.10 W, 68 %, 1875 MHz, 0x0000000000000000
2026/09/28 12:22:16.673, 74, 93.18 W, 68 %, 1875 MHz, 0x0000000000000000
2026/09/28 12:22:26.688, 74, 93.42 W, 68 %, 1875 MHz, 0x0000000000000000
2026/09/28 12:22:36.703, 74, 92.91 W, 68 %, 1875 MHz, 0x0000000000000000
2026/09/28 12:22:46.718, 74, 93.49 W, 67 %, 1875 MHz, 0x0000000000000000
2026/09/28 12:22:56.733, 74, 93.07 W, 67 %, 1875 MHz, 0x0000000000000000
2026/09/28 12:23:06.747, 74, 93.04 W, 68 %, 1875 MHz, 0x0000000000000000
2026/09/28 12:23:16.762, 74, 93.31 W, 68 %, 1875 MHz, 0x0000000000000000
2026/09/28 12:23:26.777, 74, 93.35 W, 67 %, 1875 MHz, 0x0000000000000000
2026/09/28 12:23:36.793, 74, 93.75 W, 68 %, 1875 MHz, 0x0000000000000000
2026/09/28 12:23:46.808, 74, 93.38 W, 67 %, 1875 MHz, 0x0000000000000000
2026/09/28 12:23:56.824, 74, 93.60 W, 68 %, 1875 MHz, 0x0000000000000000
2026/09/28 12:24:06.843, 74, 93.56 W, 68 %, 1875 MHz, 0x0000000000000000
2026/09/28 12:24:16.858, 74, 93.26 W, 67 %, 1875 MHz, 0x0000000000000000
2026/09/28 12:24:26.875, 74, 93.69 W, 67 %, 1875 MHz, 0x0000000000000000
2026/09/28 12:24:36.890, 74, 93.20 W, 67 %, 1875 MHz, 0x0000000000000000
2026/09/28 12:24:46.905, 74, 93.83 W, 68 %, 1875 MHz, 0x0000000000000000
2026/09/28 12:24:56.921, 74, 92.76 W, 67 %, 1875 MHz, 0x0000000000000000
2026/09/28 12:25:06.937, 74, 93.28 W, 68 %, 1875 MHz, 0x0000000000000000
2026/09/28 12:25:16.953, 74, 93.28 W, 67 %, 1875 MHz, 0x0000000000000000
2026/09/28 12:25:26.968, 74, 92.86 W, 68 %, 1875 MHz, 0x0000000000000000
2026/09/28 12:25:36.984, 74, 91.89 W, 68 %, 1875 MHz, 0x0000000000000000
2026/09/28 12:25:46.999, 74, 93.53 W, 68 %, 1875 MHz, 0x0000000000000000
2026/09/28 12:25:57.013, 74, 91.58 W, 68 %, 1875 MHz, 0x0000000000000000
2026/09/28 12:26:07.030, 74, 92.94 W, 68 %, 1875 MHz, 0x0000000000000000
2026/09/28 12:26:17.047, 74, 93.77 W, 68 %, 1875 MHz, 0x0000000000000000
2026/09/28 12:26:27.062, 74, 93.15 W, 67 %, 1875 MHz, 0x0000000000000000
2026/09/28 12:26:37.078, 74, 93.57 W, 67 %, 1875 MHz, 0x0000000000000000
2026/09/28 12:26:47.093, 74, 93.60 W, 68 %, 1875 MHz, 0x0000000000000000
2026/09/28 12:26:57.110, 74, 93.21 W, 68 %, 1875 MHz, 0x0000000000000000
2026/09/28 12:27:07.125, 74, 93.18 W, 68 %, 1875 MHz, 0x0000000000000000
2026/09/28 12:27:17.141, 74, 92.69 W, 67 %, 1875 MHz, 0x0000000000000000
2026/09/28 12:27:27.160, 74, 93.07 W, 67 %, 1875 MHz, 0x0000000000000000
2026/09/28 12:27:37.174, 74, 92.99 W, 67 %, 1875 MHz, 0x0000000000000000
2026/09/28 12:27:47.191, 74, 93.01 W, 67 %, 1875 MHz, 0x0000000000000000
2026/09/28 12:27:57.206, 74, 93.18 W, 67 %, 1875 MHz, 0x0000000000000000
2026/09/28 12:28:07.222, 74, 92.82 W, 67 %, 1875 MHz, 0x0000000000000000
2026/09/28 12:28:17.238, 74, 93.11 W, 67 %, 1875 MHz, 0x0000000000000000
2026/09/28 12:28:27.253, 74, 92.86 W, 67 %, 1875 MHz, 0x0000000000000000
2026/09/28 12:28:37.269, 74, 92.94 W, 67 %, 1875 MHz, 0x0000000000000000
2026/09/28 12:28:47.287, 74, 93.68 W, 67 %, 1875 MHz, 0x0000000000000000
2026/09/28 12:28:57.302, 74, 93.49 W, 67 %, 1875 MHz, 0x0000000000000000
2026/09/28 12:29:07.318, 74, 93.12 W, 67 %, 1875 MHz, 0x0000000000000000
2026/09/28 12:29:17.334, 74, 93.13 W, 67 %, 1875 MHz, 0x0000000000000000
2026/09/28 12:29:27.354, 74, 93.69 W, 67 %, 1875 MHz, 0x0000000000000000
2026/09/28 12:29:37.369, 74, 93.18 W, 67 %, 1875 MHz, 0x0000000000000000
2026/09/28 12:29:47.386, 74, 94.09 W, 68 %, 1875 MHz, 0x0000000000000000
2026/09/28 12:29:57.401, 74, 93.17 W, 68 %, 1875 MHz, 0x0000000000000000
2026/09/28 12:30:07.415, 74, 92.72 W, 67 %, 1875 MHz, 0x0000000000000000
2026/09/28 12:30:17.430, 74, 93.15 W, 68 %, 1875 MHz, 0x0000000000000000
2026/09/28 12:30:27.445, 74, 92.78 W, 68 %, 1875 MHz, 0x0000000000000000
2026/09/28 12:30:37.461, 74, 93.27 W, 67 %, 1875 MHz, 0x0000000000000000
2026/09/28 12:30:47.477, 74, 93.12 W, 68 %, 1875 MHz, 0x0000000000000000
2026/09/28 12:30:57.493, 74, 93.21 W, 68 %, 1875 MHz, 0x0000000000000000
2026/09/28 12:31:07.508, 74, 93.30 W, 68 %, 1875 MHz, 0x0000000000000000
2026/09/28 12:31:17.523, 74, 93.35 W, 67 %, 1875 MHz, 0x0000000000000000
2026/09/28 12:31:27.538, 74, 92.85 W, 67 %, 1875 MHz, 0x0000000000000000
2026/09/28 12:31:37.554, 74, 93.41 W, 68 %, 1875 MHz, 0x0000000000000000
2026/09/28 12:31:47.569, 74, 92.71 W, 68 %, 1875 MHz, 0x0000000000000000
2026/09/28 12:31:57.585, 74, 93.42 W, 68 %, 1875 MHz, 0x0000000000000000
2026/09/28 12:32:07.600, 74, 93.17 W, 67 %, 1875 MHz, 0x0000000000000000
2026/09/28 12:32:17.615, 74, 93.16 W, 68 %, 1875 MHz, 0x0000000000000000
2026/09/28 12:32:27.630, 74, 93.11 W, 68 %, 1875 MHz, 0x0000000000000000
2026/09/28 12:32:37.644, 74, 93.15 W, 67 %, 1875 MHz, 0x0000000000000000
2026/09/28 12:32:47.659, 74, 92.82 W, 68 %, 1875 MHz, 0x0000000000000000
2026/09/28 12:32:57.675, 74, 93.26 W, 67 %, 1875 MHz, 0x0000000000000000
2026/09/28 12:33:07.690, 74, 93.12 W, 67 %, 1875 MHz, 0x0000000000000000
2026/09/28 12:33:17.705, 74, 92.80 W, 68 %, 1875 MHz, 0x0000000000000000
2026/09/28 12:33:27.720, 74, 92.96 W, 68 %, 1875 MHz, 0x0000000000000000
2026/09/28 12:33:37.735, 74, 93.42 W, 68 %, 1875 MHz, 0x0000000000000000
2026/09/28 12:33:47.750, 74, 93.40 W, 67 %, 1875 MHz, 0x0000000000000000
2026/09/28 12:33:57.766, 74, 92.64 W, 68 %, 1875 MHz, 0x0000000000000000
2026/09/28 12:34:07.782, 74, 93.41 W, 68 %, 1875 MHz, 0x0000000000000000
2026/09/28 12:34:17.797, 74, 92.56 W, 68 %, 1875 MHz, 0x0000000000000000
2026/09/28 12:34:27.812, 74, 92.99 W, 68 %, 1875 MHz, 0x0000000000000000
2026/09/28 12:34:37.826, 74, 92.82 W, 68 %, 1875 MHz, 0x0000000000000000
2026/09/28 12:34:47.841, 74, 93.18 W, 68 %, 1875 MHz, 0x0000000000000000
2026/09/28 12:34:57.859, 74, 92.52 W, 68 %, 1875 MHz, 0x0000000000000000
2026/09/28 12:35:07.875, 74, 91.34 W, 67 %, 1875 MHz, 0x0000000000000000
2026/09/28 12:35:17.891, 74, 93.06 W, 68 %, 1875 MHz, 0x0000000000000000
2026/09/28 12:35:27.907, 74, 93.27 W, 67 %, 1875 MHz, 0x0000000000000000
2026/09/28 12:35:37.922, 74, 92.98 W, 68 %, 1875 MHz, 0x0000000000000000
2026/09/28 12:35:47.938, 74, 92.84 W, 68 %, 1875 MHz, 0x0000000000000000
2026/09/28 12:35:57.953, 74, 93.52 W, 67 %, 1875 MHz, 0x0000000000000000
2026/09/28 12:36:07.968, 74, 93.28 W, 67 %, 1875 MHz, 0x0000000000000000
2026/09/28 12:36:17.985, 74, 92.99 W, 67 %, 1875 MHz, 0x0000000000000000
2026/09/28 12:36:28.002, 74, 93.15 W, 67 %, 1875 MHz, 0x0000000000000000
2026/09/28 12:36:38.018, 74, 93.04 W, 67 %, 1875 MHz, 0x0000000000000000
2026/09/28 12:36:48.032, 74, 93.35 W, 67 %, 1875 MHz, 0x0000000000000000
2026/09/28 12:36:58.047, 74, 93.39 W, 66 %, 1875 MHz, 0x0000000000000000
2026/09/28 12:37:08.062, 74, 92.87 W, 68 %, 1875 MHz, 0x0000000000000000
2026/09/28 12:37:18.082, 74, 92.63 W, 65 %, 1875 MHz, 0x0000000000000000
2026/09/28 12:37:28.098, 74, 92.50 W, 67 %, 1875 MHz, 0x0000000000000000
2026/09/28 12:37:38.114, 74, 93.11 W, 67 %, 1875 MHz, 0x0000000000000000
2026/09/28 12:37:48.129, 74, 93.02 W, 66 %, 1875 MHz, 0x0000000000000000
2026/09/28 12:37:58.144, 74, 92.87 W, 67 %, 1875 MHz, 0x0000000000000000
2026/09/28 12:38:08.158, 74, 92.79 W, 69 %, 1875 MHz, 0x0000000000000000
2026/09/28 12:38:18.174, 74, 92.93 W, 67 %, 1875 MHz, 0x0000000000000000
2026/09/28 12:38:28.190, 74, 92.97 W, 67 %, 1875 MHz, 0x0000000000000000
2026/09/28 12:38:38.208, 74, 93.02 W, 68 %, 1875 MHz, 0x0000000000000000
2026/09/28 12:38:48.224, 74, 92.66 W, 67 %, 1875 MHz, 0x0000000000000000
2026/09/28 12:38:58.240, 74, 92.67 W, 67 %, 1875 MHz, 0x0000000000000000
2026/09/28 12:39:08.256, 74, 93.50 W, 68 %, 1875 MHz, 0x0000000000000000
2026/09/28 12:39:18.272, 74, 93.16 W, 68 %, 1875 MHz, 0x0000000000000000
2026/09/28 12:39:28.288, 74, 92.85 W, 68 %, 1875 MHz, 0x0000000000000000
2026/09/28 12:39:38.305, 74, 92.83 W, 67 %, 1875 MHz, 0x0000000000000000
2026/09/28 12:39:48.321, 74, 93.44 W, 67 %, 1875 MHz, 0x0000000000000000
2026/09/28 12:39:58.337, 74, 93.60 W, 67 %, 1875 MHz, 0x0000000000000000
2026/09/28 12:40:08.351, 74, 93.27 W, 68 %, 1875 MHz, 0x0000000000000000
2026/09/28 12:40:18.368, 74, 92.90 W, 68 %, 1875 MHz, 0x0000000000000000
2026/09/28 12:40:28.383, 74, 93.53 W, 68 %, 1875 MHz, 0x0000000000000000
2026/09/28 12:40:38.398, 74, 90.71 W, 68 %, 1875 MHz, 0x0000000000000000
2026/09/28 12:40:48.414, 74, 93.34 W, 68 %, 1875 MHz, 0x0000000000000000
2026/09/28 12:40:58.429, 74, 92.29 W, 67 %, 1875 MHz, 0x0000000000000000
2026/09/28 12:41:08.443, 74, 92.45 W, 67 %, 1875 MHz, 0x0000000000000000
2026/09/28 12:41:18.458, 74, 92.81 W, 67 %, 1875 MHz, 0x0000000000000000
2026/09/28 12:41:28.473, 74, 93.03 W, 67 %, 1875 MHz, 0x0000000000000000
2026/09/28 12:41:38.488, 74, 92.69 W, 66 %, 1875 MHz, 0x0000000000000000
2026/09/28 12:41:48.504, 74, 92.86 W, 67 %, 1875 MHz, 0x0000000000000000
2026/09/28 12:41:58.520, 74, 93.69 W, 67 %, 1875 MHz, 0x0000000000000000
2026/09/28 12:42:08.535, 74, 93.33 W, 67 %, 1875 MHz, 0x0000000000000000
2026/09/28 12:42:18.549, 74, 92.76 W, 67 %, 1875 MHz, 0x0000000000000000
2026/09/28 12:42:28.564, 74, 93.03 W, 67 %, 1875 MHz, 0x0000000000000000
2026/09/28 12:42:38.579, 74, 93.14 W, 67 %, 1875 MHz, 0x0000000000000000
2026/09/28 12:42:48.594, 74, 92.42 W, 68 %, 1875 MHz, 0x0000000000000000
2026/09/28 12:42:58.608, 74, 92.57 W, 67 %, 1875 MHz, 0x0000000000000000
2026/09/28 12:43:08.623, 74, 92.99 W, 67 %, 1875 MHz, 0x0000000000000000
2026/09/28 12:43:18.638, 74, 93.22 W, 67 %, 1875 MHz, 0x0000000000000000
2026/09/28 12:43:28.653, 74, 92.43 W, 67 %, 1875 MHz, 0x0000000000000000
2026/09/28 12:43:38.668, 74, 93.29 W, 67 %, 1875 MHz, 0x0000000000000000
2026/09/28 12:43:48.682, 74, 93.18 W, 67 %, 1875 MHz, 0x0000000000000000
2026/09/28 12:43:58.697, 74, 92.32 W, 68 %, 1875 MHz, 0x0000000000000000
2026/09/28 12:44:08.713, 74, 93.36 W, 67 %, 1875 MHz, 0x0000000000000000
2026/09/28 12:44:18.728, 74, 93.02 W, 68 %, 1875 MHz, 0x0000000000000000
2026/09/28 12:44:28.743, 74, 93.56 W, 68 %, 1875 MHz, 0x0000000000000000
2026/09/28 12:44:38.757, 74, 93.35 W, 67 %, 1875 MHz, 0x0000000000000000
2026/09/28 12:44:48.772, 74, 93.36 W, 68 %, 1875 MHz, 0x0000000000000000
2026/09/28 12:44:58.788, 74, 93.06 W, 68 %, 1875 MHz, 0x0000000000000000
2026/09/28 12:45:08.802, 74, 92.94 W, 67 %, 1875 MHz, 0x0000000000000000
2026/09/28 12:45:18.817, 74, 93.24 W, 67 %, 1875 MHz, 0x0000000000000000
2026/09/28 12:45:28.832, 74, 92.56 W, 68 %, 1875 MHz, 0x0000000000000000
2026/09/28 12:45:38.846, 74, 92.61 W, 68 %, 1875 MHz, 0x0000000000000000
2026/09/28 12:45:48.862, 74, 92.61 W, 66 %, 1875 MHz, 0x0000000000000000
2026/09/28 12:45:58.878, 74, 92.76 W, 67 %, 1875 MHz, 0x0000000000000000
2026/09/28 12:46:08.893, 74, 92.46 W, 67 %, 1875 MHz, 0x0000000000000000
2026/09/28 12:46:18.909, 74, 92.68 W, 67 %, 1875 MHz, 0x0000000000000000
2026/09/28 12:46:28.924, 74, 93.05 W, 68 %, 1875 MHz, 0x0000000000000000
2026/09/28 12:46:38.939, 74, 93.50 W, 68 %, 1875 MHz, 0x0000000000000000
2026/09/28 12:46:48.954, 74, 92.43 W, 68 %, 1875 MHz, 0x0000000000000000
2026/09/28 12:46:58.968, 74, 92.69 W, 68 %, 1875 MHz, 0x0000000000000000
2026/09/28 12:47:08.983, 74, 93.25 W, 67 %, 1875 MHz, 0x0000000000000000
2026/09/28 12:47:18.999, 74, 92.85 W, 67 %, 1875 MHz, 0x0000000000000000
2026/09/28 12:47:29.014, 74, 92.96 W, 67 %, 1875 MHz, 0x0000000000000000
2026/09/28 12:47:39.030, 74, 92.96 W, 68 %, 1875 MHz, 0x0000000000000000
2026/09/28 12:47:49.046, 74, 92.95 W, 67 %, 1875 MHz, 0x0000000000000000
2026/09/28 12:47:59.060, 74, 93.60 W, 68 %, 1875 MHz, 0x0000000000000000
2026/09/28 12:48:09.075, 74, 92.76 W, 68 %, 1875 MHz, 0x0000000000000000
2026/09/28 12:48:19.090, 74, 92.47 W, 68 %, 1875 MHz, 0x0000000000000000
2026/09/28 12:48:29.107, 74, 93.16 W, 67 %, 1875 MHz, 0x0000000000000000
2026/09/28 12:48:39.124, 74, 93.05 W, 67 %, 1875 MHz, 0x0000000000000000
2026/09/28 12:48:49.140, 74, 92.93 W, 68 %, 1875 MHz, 0x0000000000000000
2026/09/28 12:48:59.156, 74, 91.28 W, 68 %, 1875 MHz, 0x0000000000000000
2026/09/28 12:49:09.171, 74, 92.31 W, 68 %, 1875 MHz, 0x0000000000000000
2026/09/28 12:49:19.185, 74, 92.73 W, 67 %, 1875 MHz, 0x0000000000000000
2026/09/28 12:49:29.200, 74, 93.02 W, 68 %, 1875 MHz, 0x0000000000000000
2026/09/28 12:49:39.217, 74, 93.03 W, 68 %, 1875 MHz, 0x0000000000000000
2026/09/28 12:49:49.234, 74, 92.66 W, 67 %, 1875 MHz, 0x0000000000000000
2026/09/28 12:49:59.251, 74, 92.68 W, 67 %, 1875 MHz, 0x0000000000000000
2026/09/28 12:50:09.266, 74, 92.68 W, 67 %, 1875 MHz, 0x0000000000000000
2026/09/28 12:50:19.282, 74, 93.39 W, 67 %, 1875 MHz, 0x0000000000000000
2026/09/28 12:50:29.297, 74, 92.96 W, 66 %, 1875 MHz, 0x0000000000000000
2026/09/28 12:50:39.313, 74, 92.44 W, 67 %, 1875 MHz, 0x0000000000000000
2026/09/28 12:50:49.330, 74, 92.92 W, 66 %, 1875 MHz, 0x0000000000000000
2026/09/28 12:50:59.346, 74, 92.93 W, 67 %, 1875 MHz, 0x0000000000000000
2026/09/28 12:51:09.362, 74, 92.62 W, 67 %, 1875 MHz, 0x0000000000000000
2026/09/28 12:51:19.379, 74, 92.27 W, 67 %, 1875 MHz, 0x0000000000000000
2026/09/28 12:51:29.394, 74, 92.67 W, 68 %, 1875 MHz, 0x0000000000000000
2026/09/28 12:51:39.409, 74, 92.31 W, 66 %, 1875 MHz, 0x0000000000000000
2026/09/28 12:51:49.425, 74, 93.28 W, 66 %, 1875 MHz, 0x0000000000000000
2026/09/28 12:51:59.441, 74, 92.92 W, 67 %, 1875 MHz, 0x0000000000000000
2026/09/28 12:52:09.456, 74, 92.67 W, 67 %, 1875 MHz, 0x0000000000000000
2026/09/28 12:52:19.471, 74, 93.17 W, 67 %, 1875 MHz, 0x0000000000000000
2026/09/28 12:52:29.486, 74, 93.06 W, 68 %, 1875 MHz, 0x0000000000000000
2026/09/28 12:52:39.501, 74, 93.12 W, 68 %, 1875 MHz, 0x0000000000000000
2026/09/28 12:52:49.516, 74, 92.88 W, 67 %, 1875 MHz, 0x0000000000000000
2026/09/28 12:52:59.532, 74, 92.81 W, 68 %, 1875 MHz, 0x0000000000000000
2026/09/28 12:53:09.548, 74, 92.06 W, 68 %, 1875 MHz, 0x0000000000000000
2026/09/28 12:53:19.563, 74, 92.69 W, 67 %, 1875 MHz, 0x0000000000000000
2026/09/28 12:53:29.578, 74, 91.83 W, 67 %, 1875 MHz, 0x0000000000000000
2026/09/28 12:53:39.594, 74, 92.22 W, 67 %, 1875 MHz, 0x0000000000000000
2026/09/28 12:53:49.609, 74, 91.67 W, 68 %, 1875 MHz, 0x0000000000000000
2026/09/28 12:53:59.623, 74, 92.52 W, 67 %, 1875 MHz, 0x0000000000000000
2026/09/28 12:54:09.641, 74, 93.09 W, 68 %, 1875 MHz, 0x0000000000000000
2026/09/28 12:54:19.656, 74, 92.77 W, 67 %, 1875 MHz, 0x0000000000000000
2026/09/28 12:54:29.672, 74, 93.10 W, 67 %, 1875 MHz, 0x0000000000000000
2026/09/28 12:54:39.691, 74, 92.85 W, 68 %, 1875 MHz, 0x0000000000000000
2026/09/28 12:54:49.709, 74, 93.10 W, 67 %, 1875 MHz, 0x0000000000000000
2026/09/28 12:54:59.724, 74, 93.22 W, 67 %, 1875 MHz, 0x0000000000000000
2026/09/28 12:55:09.739, 74, 92.88 W, 67 %, 1875 MHz, 0x0000000000000000
2026/09/28 12:55:19.754, 74, 93.35 W, 67 %, 1875 MHz, 0x0000000000000000
2026/09/28 12:55:29.770, 74, 93.59 W, 67 %, 1875 MHz, 0x0000000000000000
2026/09/28 12:55:39.787, 74, 93.29 W, 68 %, 1875 MHz, 0x0000000000000000
2026/09/28 12:55:49.802, 74, 92.99 W, 67 %, 1875 MHz, 0x0000000000000000
2026/09/28 12:55:59.817, 74, 93.58 W, 68 %, 1875 MHz, 0x0000000000000000
2026/09/28 12:56:09.834, 74, 92.94 W, 68 %, 1875 MHz, 0x0000000000000000
2026/09/28 12:56:19.851, 74, 93.20 W, 67 %, 1875 MHz, 0x0000000000000000
2026/09/28 12:56:29.868, 74, 93.53 W, 68 %, 1875 MHz, 0x0000000000000000
2026/09/28 12:56:39.888, 74, 93.60 W, 67 %, 1875 MHz, 0x0000000000000000
2026/09/28 12:56:49.903, 74, 93.06 W, 67 %, 1875 MHz, 0x0000000000000000
2026/09/28 12:56:59.921, 74, 92.62 W, 67 %, 1875 MHz, 0x0000000000000000
2026/09/28 12:57:09.937, 74, 91.63 W, 67 %, 1875 MHz, 0x0000000000000000
2026/09/28 12:57:19.953, 74, 92.22 W, 68 %, 1875 MHz, 0x0000000000000000
2026/09/28 12:57:29.968, 74, 92.38 W, 68 %, 1875 MHz, 0x0000000000000000
2026/09/28 12:57:39.982, 74, 92.90 W, 68 %, 1875 MHz, 0x0000000000000000
2026/09/28 12:57:49.997, 74, 93.58 W, 68 %, 1875 MHz, 0x0000000000000000
2026/09/28 12:58:00.012, 74, 93.06 W, 68 %, 1875 MHz, 0x0000000000000000
2026/09/28 12:58:10.029, 74, 92.86 W, 67 %, 1875 MHz, 0x0000000000000000
2026/09/28 12:58:20.046, 74, 93.78 W, 67 %, 1875 MHz, 0x0000000000000000
2026/09/28 12:58:30.062, 74, 93.22 W, 67 %, 1875 MHz, 0x0000000000000000
2026/09/28 12:58:40.077, 74, 93.93 W, 67 %, 1875 MHz, 0x0000000000000000
2026/09/28 12:58:50.093, 74, 93.80 W, 68 %, 1875 MHz, 0x0000000000000000
2026/09/28 12:59:00.108, 74, 93.33 W, 67 %, 1875 MHz, 0x0000000000000000
2026/09/28 12:59:10.124, 74, 93.86 W, 68 %, 1875 MHz, 0x0000000000000000
2026/09/28 12:59:20.140, 74, 93.27 W, 67 %, 1875 MHz, 0x0000000000000000
2026/09/28 12:59:30.156, 74, 94.17 W, 67 %, 1875 MHz, 0x0000000000000000
2026/09/28 12:59:40.171, 74, 93.83 W, 67 %, 1875 MHz, 0x0000000000000000
2026/09/28 12:59:50.187, 74, 93.20 W, 66 %, 1875 MHz, 0x0000000000000000
2026/09/28 13:00:00.202, 74, 92.97 W, 67 %, 1875 MHz, 0x0000000000000000
2026/09/28 13:00:10.216, 74, 93.06 W, 68 %, 1875 MHz, 0x0000000000000000
2026/09/28 13:00:20.232, 74, 94.11 W, 67 %, 1875 MHz, 0x0000000000000000
2026/09/28 13:00:30.249, 74, 93.10 W, 67 %, 1875 MHz, 0x0000000000000000
2026/09/28 13:00:40.267, 74, 93.03 W, 67 %, 1875 MHz, 0x0000000000000000
2026/09/28 13:00:50.283, 74, 92.85 W, 67 %, 1875 MHz, 0x0000000000000000
2026/09/28 13:01:00.299, 74, 92.97 W, 67 %, 1875 MHz, 0x0000000000000000
2026/09/28 13:01:10.315, 74, 93.12 W, 66 %, 1875 MHz, 0x0000000000000000
2026/09/28 13:01:20.332, 74, 93.97 W, 66 %, 1875 MHz, 0x0000000000000000
2026/09/28 13:01:30.348, 74, 93.82 W, 66 %, 1875 MHz, 0x0000000000000000
2026/09/28 13:01:40.364, 74, 93.33 W, 67 %, 1875 MHz, 0x0000000000000000
2026/09/28 13:01:50.380, 74, 93.48 W, 67 %, 1875 MHz, 0x0000000000000000
2026/09/28 13:02:00.398, 74, 93.29 W, 67 %, 1875 MHz, 0x0000000000000000
2026/09/28 13:02:10.414, 74, 93.10 W, 67 %, 1875 MHz, 0x0000000000000000
2026/09/28 13:02:20.429, 74, 93.75 W, 68 %, 1875 MHz, 0x0000000000000000
2026/09/28 13:02:30.444, 74, 93.42 W, 68 %, 1875 MHz, 0x0000000000000000
2026/09/28 13:02:40.461, 74, 93.38 W, 68 %, 1875 MHz, 0x0000000000000000
2026/09/28 13:02:50.475, 74, 93.12 W, 68 %, 1875 MHz, 0x0000000000000000
2026/09/28 13:03:00.490, 74, 93.05 W, 67 %, 1875 MHz, 0x0000000000000000
2026/09/28 13:03:10.505, 74, 93.25 W, 68 %, 1875 MHz, 0x0000000000000000
2026/09/28 13:03:20.520, 74, 93.78 W, 68 %, 1875 MHz, 0x0000000000000000
2026/09/28 13:03:30.534, 74, 93.36 W, 68 %, 1875 MHz, 0x0000000000000000
2026/09/28 13:03:40.551, 74, 93.52 W, 67 %, 1875 MHz, 0x0000000000000000
2026/09/28 13:03:50.565, 74, 93.57 W, 68 %, 1875 MHz, 0x0000000000000000
2026/09/28 13:04:00.580, 74, 93.15 W, 67 %, 1875 MHz, 0x0000000000000000
2026/09/28 13:04:10.597, 74, 93.14 W, 68 %, 1875 MHz, 0x0000000000000000
2026/09/28 13:04:20.611, 74, 93.33 W, 67 %, 1875 MHz, 0x0000000000000000
2026/09/28 13:04:30.626, 74, 93.91 W, 68 %, 1875 MHz, 0x0000000000000000
2026/09/28 13:04:40.641, 74, 93.54 W, 68 %, 1875 MHz, 0x0000000000000000
2026/09/28 13:04:50.658, 74, 93.66 W, 68 %, 1875 MHz, 0x0000000000000000
2026/09/28 13:05:00.675, 74, 93.49 W, 68 %, 1875 MHz, 0x0000000000000000
2026/09/28 13:05:10.692, 74, 93.79 W, 67 %, 1875 MHz, 0x0000000000000000
2026/09/28 13:05:20.708, 74, 93.89 W, 67 %, 1875 MHz, 0x0000000000000000
2026/09/28 13:05:30.723, 74, 93.41 W, 68 %, 1875 MHz, 0x0000000000000000
2026/09/28 13:05:40.741, 74, 93.57 W, 68 %, 1875 MHz, 0x0000000000000000
2026/09/28 13:05:50.757, 74, 93.03 W, 67 %, 1875 MHz, 0x0000000000000000
2026/09/28 13:06:00.773, 74, 93.89 W, 68 %, 1875 MHz, 0x0000000000000000
2026/09/28 13:06:10.789, 74, 93.66 W, 68 %, 1875 MHz, 0x0000000000000000
2026/09/28 13:06:20.805, 74, 94.00 W, 67 %, 1875 MHz, 0x0000000000000000
2026/09/28 13:06:30.821, 74, 93.04 W, 68 %, 1875 MHz, 0x0000000000000000
2026/09/28 13:06:40.836, 74, 93.08 W, 68 %, 1875 MHz, 0x0000000000000000
2026/09/28 13:06:50.850, 74, 93.52 W, 68 %, 1875 MHz, 0x0000000000000000
2026/09/28 13:07:00.867, 74, 92.99 W, 68 %, 1875 MHz, 0x0000000000000000
2026/09/28 13:07:10.885, 74, 93.36 W, 67 %, 1875 MHz, 0x0000000000000000
2026/09/28 13:07:20.903, 74, 93.80 W, 67 %, 1875 MHz, 0x0000000000000000
2026/09/28 13:07:30.918, 74, 93.05 W, 67 %, 1875 MHz, 0x0000000000000000
2026/09/28 13:07:40.933, 74, 93.42 W, 67 %, 1875 MHz, 0x0000000000000000
2026/09/28 13:07:50.949, 74, 93.50 W, 67 %, 1875 MHz, 0x0000000000000000
2026/09/28 13:08:00.963, 74, 92.89 W, 67 %, 1875 MHz, 0x0000000000000000
2026/09/28 13:08:10.980, 74, 93.34 W, 68 %, 1875 MHz, 0x0000000000000000
2026/09/28 13:08:20.997, 74, 91.25 W, 68 %, 1875 MHz, 0x0000000000000000
2026/09/28 13:08:31.013, 74, 92.26 W, 67 %, 1875 MHz, 0x0000000000000000
2026/09/28 13:08:41.028, 74, 95.41 W, 68 %, 1875 MHz, 0x0000000000000000
2026/09/28 13:08:51.044, 74, 95.48 W, 68 %, 1875 MHz, 0x0000000000000000
2026/09/28 13:09:01.058, 74, 95.48 W, 67 %, 1875 MHz, 0x0000000000000000
2026/09/28 13:09:11.073, 74, 95.61 W, 68 %, 1875 MHz, 0x0000000000000000
2026/09/28 13:09:21.089, 74, 96.00 W, 68 %, 1875 MHz, 0x0000000000000000
2026/09/28 13:09:31.104, 74, 95.68 W, 68 %, 1875 MHz, 0x0000000000000000
2026/09/28 13:09:41.120, 74, 96.92 W, 67 %, 1875 MHz, 0x0000000000000000
2026/09/28 13:09:51.135, 74, 96.18 W, 67 %, 1875 MHz, 0x0000000000000000
2026/09/28 13:10:01.152, 74, 95.81 W, 68 %, 1875 MHz, 0x0000000000000000
2026/09/28 13:10:11.166, 74, 96.00 W, 67 %, 1875 MHz, 0x0000000000000000
2026/09/28 13:10:21.181, 74, 95.75 W, 68 %, 1875 MHz, 0x0000000000000000
2026/09/28 13:10:31.198, 74, 95.41 W, 68 %, 1875 MHz, 0x0000000000000000
2026/09/28 13:10:41.214, 75, 95.74 W, 67 %, 1875 MHz, 0x0000000000000000
2026/09/28 13:10:51.230, 75, 96.17 W, 68 %, 1875 MHz, 0x0000000000000000
2026/09/28 13:11:01.246, 75, 96.72 W, 67 %, 1875 MHz, 0x0000000000000000
2026/09/28 13:11:11.261, 75, 95.73 W, 67 %, 1875 MHz, 0x0000000000000000
2026/09/28 13:11:21.276, 75, 96.14 W, 67 %, 1875 MHz, 0x0000000000000000
2026/09/28 13:11:31.291, 75, 95.77 W, 67 %, 1875 MHz, 0x0000000000000000
2026/09/28 13:11:41.308, 75, 96.03 W, 67 %, 1875 MHz, 0x0000000000000000
2026/09/28 13:11:51.325, 75, 95.52 W, 67 %, 1875 MHz, 0x0000000000000000
2026/09/28 13:12:01.342, 75, 96.08 W, 67 %, 1875 MHz, 0x0000000000000000
2026/09/28 13:12:11.358, 75, 95.98 W, 68 %, 1875 MHz, 0x0000000000000000
2026/09/28 13:12:21.374, 75, 96.08 W, 67 %, 1875 MHz, 0x0000000000000000
2026/09/28 13:12:31.389, 75, 95.83 W, 67 %, 1875 MHz, 0x0000000000000000
2026/09/28 13:12:41.410, 75, 95.99 W, 66 %, 1875 MHz, 0x0000000000000000
2026/09/28 13:12:51.426, 75, 95.79 W, 66 %, 1875 MHz, 0x0000000000000000
2026/09/28 13:13:01.441, 75, 96.42 W, 67 %, 1875 MHz, 0x0000000000000000
2026/09/28 13:13:11.455, 75, 96.04 W, 67 %, 1875 MHz, 0x0000000000000000
2026/09/28 13:13:21.470, 75, 96.12 W, 67 %, 1875 MHz, 0x0000000000000000
2026/09/28 13:13:31.485, 75, 95.96 W, 67 %, 1875 MHz, 0x0000000000000000
2026/09/28 13:13:41.500, 75, 95.78 W, 67 %, 1875 MHz, 0x0000000000000000
2026/09/28 13:13:51.515, 75, 96.05 W, 67 %, 1875 MHz, 0x0000000000000000
2026/09/28 13:14:01.531, 75, 95.96 W, 67 %, 1875 MHz, 0x0000000000000000
2026/09/28 13:14:11.547, 75, 95.93 W, 67 %, 1875 MHz, 0x0000000000000000
2026/09/28 13:14:21.562, 75, 96.18 W, 68 %, 1875 MHz, 0x0000000000000000
2026/09/28 13:14:31.578, 75, 96.31 W, 68 %, 1875 MHz, 0x0000000000000000
2026/09/28 13:14:41.593, 75, 96.25 W, 68 %, 1875 MHz, 0x0000000000000000
2026/09/28 13:14:51.607, 75, 95.92 W, 67 %, 1875 MHz, 0x0000000000000000
2026/09/28 13:15:01.623, 75, 96.16 W, 67 %, 1875 MHz, 0x0000000000000000
2026/09/28 13:15:11.639, 75, 96.09 W, 67 %, 1875 MHz, 0x0000000000000000
2026/09/28 13:15:21.654, 75, 96.08 W, 66 %, 1875 MHz, 0x0000000000000000
2026/09/28 13:15:31.669, 75, 96.00 W, 67 %, 1875 MHz, 0x0000000000000000
2026/09/28 13:15:41.683, 75, 95.94 W, 67 %, 1875 MHz, 0x0000000000000000
2026/09/28 13:15:51.698, 75, 96.08 W, 67 %, 1875 MHz, 0x0000000000000000
2026/09/28 13:16:01.713, 75, 96.40 W, 67 %, 1875 MHz, 0x0000000000000000
2026/09/28 13:16:11.729, 75, 95.79 W, 68 %, 1875 MHz, 0x0000000000000000
2026/09/28 13:16:21.746, 75, 96.30 W, 67 %, 1875 MHz, 0x0000000000000000
2026/09/28 13:16:31.761, 75, 96.19 W, 68 %, 1875 MHz, 0x0000000000000000
2026/09/28 13:16:41.776, 75, 96.86 W, 67 %, 1875 MHz, 0x0000000000000000
2026/09/28 13:16:51.790, 75, 96.07 W, 67 %, 1875 MHz, 0x0000000000000000
2026/09/28 13:17:01.805, 75, 96.32 W, 68 %, 1875 MHz, 0x0000000000000000
2026/09/28 13:17:11.820, 75, 96.17 W, 68 %, 1875 MHz, 0x0000000000000000
2026/09/28 13:17:21.837, 75, 96.11 W, 67 %, 1875 MHz, 0x0000000000000000
2026/09/28 13:17:31.852, 75, 96.22 W, 67 %, 1875 MHz, 0x0000000000000000
2026/09/28 13:17:41.866, 75, 96.50 W, 68 %, 1875 MHz, 0x0000000000000000
2026/09/28 13:17:51.881, 75, 95.97 W, 68 %, 1875 MHz, 0x0000000000000000
2026/09/28 13:18:01.896, 75, 97.07 W, 68 %, 1875 MHz, 0x0000000000000000
2026/09/28 13:18:11.913, 75, 96.03 W, 68 %, 1875 MHz, 0x0000000000000000
2026/09/28 13:18:21.928, 75, 96.43 W, 67 %, 1875 MHz, 0x0000000000000000
2026/09/28 13:18:31.943, 75, 96.58 W, 67 %, 1875 MHz, 0x0000000000000000
2026/09/28 13:18:41.960, 75, 96.15 W, 67 %, 1875 MHz, 0x0000000000000000
2026/09/28 13:18:51.975, 75, 96.07 W, 66 %, 1875 MHz, 0x0000000000000000
2026/09/28 13:19:01.992, 75, 95.54 W, 68 %, 1875 MHz, 0x0000000000000000
2026/09/28 13:19:12.007, 75, 96.29 W, 67 %, 1875 MHz, 0x0000000000000000
2026/09/28 13:19:22.024, 75, 96.40 W, 67 %, 1875 MHz, 0x0000000000000000
2026/09/28 13:19:32.039, 75, 96.23 W, 68 %, 1875 MHz, 0x0000000000000000
2026/09/28 13:19:42.054, 75, 97.05 W, 68 %, 1875 MHz, 0x0000000000000000
2026/09/28 13:19:52.069, 75, 96.79 W, 67 %, 1875 MHz, 0x0000000000000000
2026/09/28 13:20:02.084, 75, 96.13 W, 68 %, 1875 MHz, 0x0000000000000000
2026/09/28 13:20:12.099, 75, 96.60 W, 67 %, 1875 MHz, 0x0000000000000000
2026/09/28 13:20:22.114, 75, 96.26 W, 68 %, 1875 MHz, 0x0000000000000000
2026/09/28 13:20:32.128, 75, 96.25 W, 67 %, 1875 MHz, 0x0000000000000000
2026/09/28 13:20:42.143, 75, 96.11 W, 68 %, 1875 MHz, 0x0000000000000000
2026/09/28 13:20:52.159, 75, 95.95 W, 68 %, 1875 MHz, 0x0000000000000000
2026/09/28 13:21:02.173, 75, 96.12 W, 68 %, 1875 MHz, 0x0000000000000000
2026/09/28 13:21:12.188, 75, 96.17 W, 68 %, 1875 MHz, 0x0000000000000000
2026/09/28 13:21:22.203, 75, 96.00 W, 67 %, 1875 MHz, 0x0000000000000000
2026/09/28 13:21:32.218, 75, 96.40 W, 68 %, 1875 MHz, 0x0000000000000000
2026/09/28 13:21:42.233, 75, 96.24 W, 68 %, 1875 MHz, 0x0000000000000000
2026/09/28 13:21:52.248, 75, 96.35 W, 68 %, 1875 MHz, 0x0000000000000000
2026/09/28 13:22:02.263, 75, 96.96 W, 68 %, 1875 MHz, 0x0000000000000000
2026/09/28 13:22:12.277, 75, 96.61 W, 67 %, 1875 MHz, 0x0000000000000000
2026/09/28 13:22:22.292, 75, 96.32 W, 67 %, 1875 MHz, 0x0000000000000000
2026/09/28 13:22:32.307, 75, 96.40 W, 67 %, 1875 MHz, 0x0000000000000000
2026/09/28 13:22:42.322, 75, 96.10 W, 67 %, 1875 MHz, 0x0000000000000000
2026/09/28 13:22:52.339, 75, 95.69 W, 68 %, 1875 MHz, 0x0000000000000000
2026/09/28 13:23:02.355, 75, 96.74 W, 68 %, 1875 MHz, 0x0000000000000000
2026/09/28 13:23:12.372, 75, 96.42 W, 67 %, 1875 MHz, 0x0000000000000000
2026/09/28 13:23:22.387, 75, 96.10 W, 67 %, 1875 MHz, 0x0000000000000000
2026/09/28 13:23:32.401, 75, 96.78 W, 68 %, 1875 MHz, 0x0000000000000000
2026/09/28 13:23:42.418, 75, 96.63 W, 67 %, 1875 MHz, 0x0000000000000000
2026/09/28 13:23:52.433, 75, 95.86 W, 66 %, 1875 MHz, 0x0000000000000000
2026/09/28 13:24:02.450, 75, 96.12 W, 68 %, 1875 MHz, 0x0000000000000000
2026/09/28 13:24:12.466, 75, 96.41 W, 68 %, 1875 MHz, 0x0000000000000000
2026/09/28 13:24:22.482, 75, 96.31 W, 67 %, 1875 MHz, 0x0000000000000000
2026/09/28 13:24:32.497, 75, 96.18 W, 67 %, 1875 MHz, 0x0000000000000000
2026/09/28 13:24:42.512, 75, 96.40 W, 68 %, 1875 MHz, 0x0000000000000000
2026/09/28 13:24:52.527, 75, 96.33 W, 69 %, 1875 MHz, 0x0000000000000000
2026/09/28 13:25:02.545, 75, 95.97 W, 68 %, 1875 MHz, 0x0000000000000000
2026/09/28 13:25:12.559, 75, 96.09 W, 68 %, 1875 MHz, 0x0000000000000000
2026/09/28 13:25:22.574, 75, 96.11 W, 67 %, 1875 MHz, 0x0000000000000000
2026/09/28 13:25:32.589, 75, 96.64 W, 67 %, 1875 MHz, 0x0000000000000000
2026/09/28 13:25:42.604, 75, 94.90 W, 67 %, 1875 MHz, 0x0000000000000000
2026/09/28 13:25:52.619, 75, 96.33 W, 67 %, 1875 MHz, 0x0000000000000000
2026/09/28 13:26:02.633, 75, 94.94 W, 67 %, 1875 MHz, 0x0000000000000000
2026/09/28 13:26:12.649, 75, 95.02 W, 68 %, 1875 MHz, 0x0000000000000000
2026/09/28 13:26:22.663, 75, 95.53 W, 67 %, 1875 MHz, 0x0000000000000000
2026/09/28 13:26:32.678, 75, 96.35 W, 67 %, 1875 MHz, 0x0000000000000000
2026/09/28 13:26:42.693, 75, 96.91 W, 68 %, 1875 MHz, 0x0000000000000000
2026/09/28 13:26:52.708, 75, 96.09 W, 66 %, 1875 MHz, 0x0000000000000000
2026/09/28 13:27:02.723, 75, 96.20 W, 67 %, 1875 MHz, 0x0000000000000000
2026/09/28 13:27:12.738, 75, 96.60 W, 65 %, 1875 MHz, 0x0000000000000000
2026/09/28 13:27:22.753, 75, 96.48 W, 67 %, 1875 MHz, 0x0000000000000000
2026/09/28 13:27:32.767, 75, 96.53 W, 67 %, 1875 MHz, 0x0000000000000000
2026/09/28 13:27:42.781, 75, 96.19 W, 67 %, 1875 MHz, 0x0000000000000000
2026/09/28 13:27:52.796, 75, 96.32 W, 67 %, 1875 MHz, 0x0000000000000000
2026/09/28 13:28:02.811, 75, 96.44 W, 67 %, 1875 MHz, 0x0000000000000000
2026/09/28 13:28:12.826, 75, 97.10 W, 67 %, 1875 MHz, 0x0000000000000000
2026/09/28 13:28:22.842, 75, 96.15 W, 66 %, 1875 MHz, 0x0000000000000000
2026/09/28 13:28:32.857, 75, 96.15 W, 67 %, 1875 MHz, 0x0000000000000000
2026/09/28 13:28:42.873, 75, 96.44 W, 67 %, 1875 MHz, 0x0000000000000000
2026/09/28 13:28:52.887, 75, 96.32 W, 68 %, 1875 MHz, 0x0000000000000000
2026/09/28 13:29:02.902, 75, 96.62 W, 68 %, 1875 MHz, 0x0000000000000000
2026/09/28 13:29:12.918, 75, 96.03 W, 68 %, 1875 MHz, 0x0000000000000000
2026/09/28 13:29:22.933, 75, 96.52 W, 67 %, 1875 MHz, 0x0000000000000000
2026/09/28 13:29:32.948, 75, 96.01 W, 67 %, 1875 MHz, 0x0000000000000000
2026/09/28 13:29:42.963, 75, 96.60 W, 67 %, 1875 MHz, 0x0000000000000000
2026/09/28 13:29:52.977, 75, 97.07 W, 66 %, 1875 MHz, 0x0000000000000000
2026/09/28 13:30:02.992, 75, 96.25 W, 66 %, 1875 MHz, 0x0000000000000000
2026/09/28 13:30:13.007, 75, 96.49 W, 66 %, 1875 MHz, 0x0000000000000000
2026/09/28 13:30:23.022, 75, 96.35 W, 68 %, 1875 MHz, 0x0000000000000000
2026/09/28 13:30:33.036, 75, 96.24 W, 67 %, 1875 MHz, 0x0000000000000000
2026/09/28 13:30:43.052, 75, 96.25 W, 67 %, 1875 MHz, 0x0000000000000000
2026/09/28 13:30:53.069, 75, 96.25 W, 67 %, 1875 MHz, 0x0000000000000000
2026/09/28 13:31:03.085, 75, 96.34 W, 67 %, 1875 MHz, 0x0000000000000000
2026/09/28 13:31:13.100, 75, 96.10 W, 67 %, 1875 MHz, 0x0000000000000000
2026/09/28 13:31:23.114, 75, 96.35 W, 67 %, 1875 MHz, 0x0000000000000000
2026/09/28 13:31:33.129, 75, 95.96 W, 67 %, 1875 MHz, 0x0000000000000000
2026/09/28 13:31:43.147, 75, 96.81 W, 67 %, 1875 MHz, 0x0000000000000000
2026/09/28 13:31:53.162, 75, 96.43 W, 66 %, 1875 MHz, 0x0000000000000000
2026/09/28 13:32:03.178, 75, 97.27 W, 67 %, 1875 MHz, 0x0000000000000000
2026/09/28 13:32:13.194, 75, 95.97 W, 68 %, 1875 MHz, 0x0000000000000000
2026/09/28 13:32:23.210, 75, 95.79 W, 67 %, 1875 MHz, 0x0000000000000000
2026/09/28 13:32:33.225, 75, 96.18 W, 67 %, 1875 MHz, 0x0000000000000000
2026/09/28 13:32:43.239, 75, 96.35 W, 68 %, 1875 MHz, 0x0000000000000000
2026/09/28 13:32:53.256, 75, 96.65 W, 67 %, 1875 MHz, 0x0000000000000000
2026/09/28 13:33:03.273, 75, 96.04 W, 68 %, 1875 MHz, 0x0000000000000000
2026/09/28 13:33:13.290, 75, 96.24 W, 67 %, 1875 MHz, 0x0000000000000000
2026/09/28 13:33:23.306, 75, 96.52 W, 67 %, 1875 MHz, 0x0000000000000000
2026/09/28 13:33:33.322, 75, 96.39 W, 67 %, 1875 MHz, 0x0000000000000000
2026/09/28 13:33:43.338, 75, 96.48 W, 67 %, 1875 MHz, 0x0000000000000000
2026/09/28 13:33:53.354, 75, 96.29 W, 67 %, 1875 MHz, 0x0000000000000000
2026/09/28 13:34:03.371, 75, 96.86 W, 68 %, 1875 MHz, 0x0000000000000000
2026/09/28 13:34:13.387, 75, 96.01 W, 67 %, 1875 MHz, 0x0000000000000000
2026/09/28 13:34:23.403, 75, 96.30 W, 67 %, 1875 MHz, 0x0000000000000000
2026/09/28 13:34:33.419, 75, 96.91 W, 68 %, 1875 MHz, 0x0000000000000000
2026/09/28 13:34:43.436, 75, 96.52 W, 67 %, 1875 MHz, 0x0000000000000000
2026/09/28 13:34:53.452, 75, 95.85 W, 68 %, 1875 MHz, 0x0000000000000000
2026/09/28 13:35:03.469, 75, 96.61 W, 68 %, 1875 MHz, 0x0000000000000000
2026/09/28 13:35:13.486, 75, 96.18 W, 67 %, 1875 MHz, 0x0000000000000000
2026/09/28 13:35:23.503, 75, 96.24 W, 67 %, 1875 MHz, 0x0000000000000000
2026/09/28 13:35:33.519, 75, 96.82 W, 68 %, 1875 MHz, 0x0000000000000000
2026/09/28 13:35:43.535, 75, 96.48 W, 67 %, 1875 MHz, 0x0000000000000000
2026/09/28 13:35:53.550, 75, 96.23 W, 67 %, 1875 MHz, 0x0000000000000000
2026/09/28 13:36:03.565, 75, 96.56 W, 67 %, 1875 MHz, 0x0000000000000000
2026/09/28 13:36:13.582, 75, 96.43 W, 67 %, 1875 MHz, 0x0000000000000000
2026/09/28 13:36:23.597, 75, 96.87 W, 67 %, 1875 MHz, 0x0000000000000000
2026/09/28 13:36:33.612, 75, 96.01 W, 66 %, 1875 MHz, 0x0000000000000000
2026/09/28 13:36:43.628, 75, 95.90 W, 66 %, 1875 MHz, 0x0000000000000000
2026/09/28 13:36:53.642, 75, 95.70 W, 67 %, 1875 MHz, 0x0000000000000000
2026/09/28 13:37:03.657, 75, 96.21 W, 67 %, 1875 MHz, 0x0000000000000000
2026/09/28 13:37:13.672, 75, 96.11 W, 67 %, 1875 MHz, 0x0000000000000000
2026/09/28 13:37:23.688, 75, 96.22 W, 67 %, 1875 MHz, 0x0000000000000000
2026/09/28 13:37:33.704, 75, 96.16 W, 66 %, 1875 MHz, 0x0000000000000000
2026/09/28 13:37:43.720, 75, 96.00 W, 67 %, 1875 MHz, 0x0000000000000000
2026/09/28 13:37:53.734, 75, 96.23 W, 67 %, 1875 MHz, 0x0000000000000000
2026/09/28 13:38:03.749, 75, 96.12 W, 67 %, 1875 MHz, 0x0000000000000000
2026/09/28 13:38:13.764, 75, 96.04 W, 67 %, 1875 MHz, 0x0000000000000000
2026/09/28 13:38:23.781, 75, 96.68 W, 67 %, 1875 MHz, 0x0000000000000000
2026/09/28 13:38:33.797, 75, 96.55 W, 67 %, 1875 MHz, 0x0000000000000000
2026/09/28 13:38:43.813, 75, 96.07 W, 67 %, 1875 MHz, 0x0000000000000000
2026/09/28 13:38:53.830, 75, 96.06 W, 67 %, 1875 MHz, 0x0000000000000000
2026/09/28 13:39:03.844, 75, 96.74 W, 67 %, 1875 MHz, 0x0000000000000000
2026/09/28 13:39:13.859, 75, 96.10 W, 67 %, 1875 MHz, 0x0000000000000000
2026/09/28 13:39:23.874, 75, 96.76 W, 67 %, 1875 MHz, 0x0000000000000000
2026/09/28 13:39:33.890, 75, 96.10 W, 67 %, 1875 MHz, 0x0000000000000000
2026/09/28 13:39:43.906, 75, 96.68 W, 67 %, 1875 MHz, 0x0000000000000000
2026/09/28 13:39:53.921, 75, 96.10 W, 67 %, 1875 MHz, 0x0000000000000000
2026/09/28 13:40:03.938, 75, 96.26 W, 67 %, 1875 MHz, 0x0000000000000000
2026/09/28 13:40:13.954, 75, 96.74 W, 67 %, 1875 MHz, 0x0000000000000000
2026/09/28 13:40:23.968, 75, 96.31 W, 68 %, 1875 MHz, 0x0000000000000000
2026/09/28 13:40:33.984, 75, 96.07 W, 66 %, 1875 MHz, 0x0000000000000000
2026/09/28 13:40:43.999, 75, 96.04 W, 67 %, 1875 MHz, 0x0000000000000000
2026/09/28 13:40:54.014, 75, 96.33 W, 67 %, 1875 MHz, 0x0000000000000000
2026/09/28 13:41:04.028, 75, 95.98 W, 65 %, 1875 MHz, 0x0000000000000000
2026/09/28 13:41:14.043, 75, 96.50 W, 67 %, 1875 MHz, 0x0000000000000000
2026/09/28 13:41:24.059, 75, 96.67 W, 66 %, 1875 MHz, 0x0000000000000000
2026/09/28 13:41:34.075, 75, 96.29 W, 66 %, 1875 MHz, 0x0000000000000000
2026/09/28 13:41:44.090, 75, 95.98 W, 66 %, 1875 MHz, 0x0000000000000000
2026/09/28 13:41:54.105, 75, 96.08 W, 67 %, 1875 MHz, 0x0000000000000000
2026/09/28 13:42:04.120, 75, 97.01 W, 67 %, 1875 MHz, 0x0000000000000000
2026/09/28 13:42:14.135, 75, 97.19 W, 67 %, 1875 MHz, 0x0000000000000000
2026/09/28 13:42:24.149, 75, 96.14 W, 66 %, 1875 MHz, 0x0000000000000000
2026/09/28 13:42:34.164, 75, 96.95 W, 67 %, 1875 MHz, 0x0000000000000000
2026/09/28 13:42:44.179, 75, 96.11 W, 67 %, 1875 MHz, 0x0000000000000000
2026/09/28 13:42:54.195, 75, 96.11 W, 67 %, 1875 MHz, 0x0000000000000000
2026/09/28 13:43:04.212, 75, 96.00 W, 67 %, 1875 MHz, 0x0000000000000000
2026/09/28 13:43:14.229, 75, 96.23 W, 67 %, 1875 MHz, 0x0000000000000000
2026/09/28 13:43:24.245, 75, 96.46 W, 67 %, 1875 MHz, 0x0000000000000000
2026/09/28 13:43:34.261, 75, 96.06 W, 67 %, 1875 MHz, 0x0000000000000000
2026/09/28 13:43:44.276, 75, 96.02 W, 66 %, 1875 MHz, 0x0000000000000000
2026/09/28 13:43:54.291, 75, 96.12 W, 66 %, 1875 MHz, 0x0000000000000000
2026/09/28 13:44:04.308, 75, 95.86 W, 66 %, 1875 MHz, 0x0000000000000000
2026/09/28 13:44:14.325, 75, 96.00 W, 67 %, 1875 MHz, 0x0000000000000000
2026/09/28 13:44:24.342, 75, 96.39 W, 68 %, 1875 MHz, 0x0000000000000000
2026/09/28 13:44:34.358, 75, 96.25 W, 67 %, 1875 MHz, 0x0000000000000000
2026/09/28 13:44:44.373, 75, 97.05 W, 67 %, 1875 MHz, 0x0000000000000000
2026/09/28 13:44:54.388, 75, 96.07 W, 67 %, 1875 MHz, 0x0000000000000000
2026/09/28 13:45:04.406, 75, 96.70 W, 68 %, 1875 MHz, 0x0000000000000000
2026/09/28 13:45:14.422, 75, 96.71 W, 68 %, 1875 MHz, 0x0000000000000000
2026/09/28 13:45:24.439, 75, 96.31 W, 67 %, 1875 MHz, 0x0000000000000000
2026/09/28 13:45:34.455, 75, 96.32 W, 67 %, 1875 MHz, 0x0000000000000000
2026/09/28 13:45:44.472, 75, 96.50 W, 67 %, 1875 MHz, 0x0000000000000000
2026/09/28 13:45:54.488, 75, 96.12 W, 67 %, 1875 MHz, 0x0000000000000000
2026/09/28 13:46:04.503, 75, 96.41 W, 67 %, 1875 MHz, 0x0000000000000000
2026/09/28 13:46:14.520, 75, 96.19 W, 67 %, 1875 MHz, 0x0000000000000000
2026/09/28 13:46:24.537, 75, 96.35 W, 68 %, 1875 MHz, 0x0000000000000000
2026/09/28 13:46:34.555, 75, 96.04 W, 68 %, 1875 MHz, 0x0000000000000000
2026/09/28 13:46:44.570, 75, 97.02 W, 68 %, 1875 MHz, 0x0000000000000000
2026/09/28 13:46:54.584, 75, 96.35 W, 67 %, 1875 MHz, 0x0000000000000000
2026/09/28 13:47:04.599, 75, 96.79 W, 67 %, 1875 MHz, 0x0000000000000000
2026/09/28 13:47:14.614, 75, 96.49 W, 68 %, 1875 MHz, 0x0000000000000000
2026/09/28 13:47:24.630, 75, 96.12 W, 67 %, 1875 MHz, 0x0000000000000000
2026/09/28 13:47:34.646, 75, 96.33 W, 67 %, 1875 MHz, 0x0000000000000000
2026/09/28 13:47:44.660, 75, 96.27 W, 67 %, 1875 MHz, 0x0000000000000000
2026/09/28 13:47:54.675, 75, 96.65 W, 68 %, 1875 MHz, 0x0000000000000000
2026/09/28 13:48:04.690, 75, 96.21 W, 68 %, 1875 MHz, 0x0000000000000000
2026/09/28 13:48:14.705, 75, 96.39 W, 67 %, 1875 MHz, 0x0000000000000000
2026/09/28 13:48:24.720, 75, 96.22 W, 67 %, 1875 MHz, 0x0000000000000000
2026/09/28 13:48:34.735, 75, 96.26 W, 67 %, 1875 MHz, 0x0000000000000000
2026/09/28 13:48:44.752, 75, 96.41 W, 67 %, 1875 MHz, 0x0000000000000000
2026/09/28 13:48:54.768, 75, 96.02 W, 68 %, 1875 MHz, 0x0000000000000000
2026/09/28 13:49:04.783, 75, 96.33 W, 67 %, 1875 MHz, 0x0000000000000000
2026/09/28 13:49:14.798, 75, 96.40 W, 67 %, 1875 MHz, 0x0000000000000000
2026/09/28 13:49:24.812, 75, 96.31 W, 68 %, 1875 MHz, 0x0000000000000000
2026/09/28 13:49:34.828, 75, 96.14 W, 68 %, 1875 MHz, 0x0000000000000000
2026/09/28 13:49:44.844, 75, 96.11 W, 68 %, 1875 MHz, 0x0000000000000000
2026/09/28 13:49:54.860, 75, 96.87 W, 67 %, 1875 MHz, 0x0000000000000000
2026/09/28 13:50:04.875, 75, 96.35 W, 67 %, 1875 MHz, 0x0000000000000000
2026/09/28 13:50:14.890, 75, 96.78 W, 68 %, 1875 MHz, 0x0000000000000000
2026/09/28 13:50:24.904, 75, 96.71 W, 67 %, 1875 MHz, 0x0000000000000000
2026/09/28 13:50:34.921, 75, 95.63 W, 68 %, 1875 MHz, 0x0000000000000000
2026/09/28 13:50:44.936, 75, 96.63 W, 68 %, 1875 MHz, 0x0000000000000000
2026/09/28 13:50:54.953, 75, 95.73 W, 67 %, 1875 MHz, 0x0000000000000000
2026/09/28 13:51:04.971, 75, 94.53 W, 67 %, 1875 MHz, 0x0000000000000000
2026/09/28 13:51:14.986, 75, 94.08 W, 67 %, 1875 MHz, 0x0000000000000000
2026/09/28 13:51:25.001, 75, 94.71 W, 68 %, 1875 MHz, 0x0000000000000000
2026/09/28 13:51:35.016, 75, 94.67 W, 68 %, 1875 MHz, 0x0000000000000000
2026/09/28 13:51:45.031, 75, 94.92 W, 68 %, 1875 MHz, 0x0000000000000000
2026/09/28 13:51:55.045, 75, 95.84 W, 68 %, 1875 MHz, 0x0000000000000000
2026/09/28 13:52:05.060, 75, 95.39 W, 67 %, 1875 MHz, 0x0000000000000000
2026/09/28 13:52:15.075, 75, 96.18 W, 68 %, 1875 MHz, 0x0000000000000000
2026/09/28 13:52:25.090, 75, 96.36 W, 67 %, 1875 MHz, 0x0000000000000000
2026/09/28 13:52:35.105, 75, 96.31 W, 67 %, 1875 MHz, 0x0000000000000000
2026/09/28 13:52:45.121, 75, 96.39 W, 67 %, 1875 MHz, 0x0000000000000000
2026/09/28 13:52:55.136, 75, 96.22 W, 67 %, 1875 MHz, 0x0000000000000000
2026/09/28 13:53:05.152, 75, 96.14 W, 68 %, 1875 MHz, 0x0000000000000000
2026/09/28 13:53:15.166, 75, 96.29 W, 67 %, 1875 MHz, 0x0000000000000000
2026/09/28 13:53:25.181, 75, 96.40 W, 67 %, 1875 MHz, 0x0000000000000000
2026/09/28 13:53:35.195, 75, 96.83 W, 68 %, 1875 MHz, 0x0000000000000000
2026/09/28 13:53:45.210, 75, 96.97 W, 67 %, 1875 MHz, 0x0000000000000000
2026/09/28 13:53:55.225, 75, 96.32 W, 68 %, 1875 MHz, 0x0000000000000000
2026/09/28 13:54:05.242, 75, 96.65 W, 68 %, 1875 MHz, 0x0000000000000000
2026/09/28 13:54:15.259, 75, 96.79 W, 68 %, 1875 MHz, 0x0000000000000000
2026/09/28 13:54:25.274, 75, 96.60 W, 67 %, 1875 MHz, 0x0000000000000000
2026/09/28 13:54:35.290, 75, 96.21 W, 68 %, 1875 MHz, 0x0000000000000000
2026/09/28 13:54:45.306, 75, 95.95 W, 68 %, 1875 MHz, 0x0000000000000000
2026/09/28 13:54:55.321, 75, 96.53 W, 67 %, 1875 MHz, 0x0000000000000000
2026/09/28 13:55:05.338, 75, 96.23 W, 67 %, 1875 MHz, 0x0000000000000000
2026/09/28 13:55:15.354, 75, 96.29 W, 67 %, 1875 MHz, 0x0000000000000000
2026/09/28 13:55:25.370, 75, 96.49 W, 68 %, 1875 MHz, 0x0000000000000000
2026/09/28 13:55:35.386, 75, 95.83 W, 67 %, 1875 MHz, 0x0000000000000000
2026/09/28 13:55:45.402, 75, 97.17 W, 68 %, 1875 MHz, 0x0000000000000000
2026/09/28 13:55:55.417, 75, 96.35 W, 67 %, 1875 MHz, 0x0000000000000000
2026/09/28 13:56:05.432, 75, 96.08 W, 67 %, 1875 MHz, 0x0000000000000000
2026/09/28 13:56:15.449, 75, 96.65 W, 67 %, 1875 MHz, 0x0000000000000000
2026/09/28 13:56:25.466, 75, 96.33 W, 67 %, 1875 MHz, 0x0000000000000000
2026/09/28 13:56:35.483, 75, 96.73 W, 67 %, 1875 MHz, 0x0000000000000000
2026/09/28 13:56:45.500, 75, 96.20 W, 67 %, 1875 MHz, 0x0000000000000000
2026/09/28 13:56:55.516, 75, 96.18 W, 67 %, 1875 MHz, 0x0000000000000000
2026/09/28 13:57:05.533, 75, 96.72 W, 67 %, 1875 MHz, 0x0000000000000000
2026/09/28 13:57:15.547, 75, 96.42 W, 67 %, 1875 MHz, 0x0000000000000000
2026/09/28 13:57:25.563, 75, 96.26 W, 66 %, 1875 MHz, 0x0000000000000000
2026/09/28 13:57:35.580, 75, 96.39 W, 67 %, 1875 MHz, 0x0000000000000000
2026/09/28 13:57:45.597, 75, 96.27 W, 67 %, 1875 MHz, 0x0000000000000000
2026/09/28 13:57:55.613, 75, 96.46 W, 67 %, 1875 MHz, 0x0000000000000000
2026/09/28 13:58:05.628, 75, 96.48 W, 67 %, 1875 MHz, 0x0000000000000000
2026/09/28 13:58:15.643, 75, 96.59 W, 67 %, 1875 MHz, 0x0000000000000000
2026/09/28 13:58:25.659, 75, 96.75 W, 67 %, 1875 MHz, 0x0000000000000000
2026/09/28 13:58:35.675, 75, 96.32 W, 66 %, 1875 MHz, 0x0000000000000000
2026/09/28 13:58:45.691, 75, 96.18 W, 67 %, 1875 MHz, 0x0000000000000000
2026/09/28 13:58:55.706, 75, 96.10 W, 66 %, 1875 MHz, 0x0000000000000000
2026/09/28 13:59:05.721, 75, 96.28 W, 67 %, 1875 MHz, 0x0000000000000000
2026/09/28 13:59:15.736, 75, 96.15 W, 67 %, 1875 MHz, 0x0000000000000000
2026/09/28 13:59:25.751, 75, 96.23 W, 66 %, 1875 MHz, 0x0000000000000000
2026/09/28 13:59:35.767, 75, 96.69 W, 66 %, 1875 MHz, 0x0000000000000000
2026/09/28 13:59:45.783, 75, 96.05 W, 67 %, 1875 MHz, 0x0000000000000000
2026/09/28 13:59:55.798, 75, 96.39 W, 68 %, 1875 MHz, 0x0000000000000000
2026/09/28 14:00:05.813, 75, 96.22 W, 68 %, 1875 MHz, 0x0000000000000000
2026/09/28 14:00:15.828, 75, 96.58 W, 68 %, 1875 MHz, 0x0000000000000000
2026/09/28 14:00:25.842, 75, 97.00 W, 68 %, 1875 MHz, 0x0000000000000000
2026/09/28 14:00:35.857, 75, 96.10 W, 69 %, 1875 MHz, 0x0000000000000000
2026/09/28 14:00:45.874, 75, 97.15 W, 68 %, 1875 MHz, 0x0000000000000000
2026/09/28 14:00:55.890, 75, 96.58 W, 68 %, 1875 MHz, 0x0000000000000000
2026/09/28 14:01:05.907, 75, 96.31 W, 68 %, 1875 MHz, 0x0000000000000000
2026/09/28 14:01:15.922, 75, 96.13 W, 68 %, 1875 MHz, 0x0000000000000000
2026/09/28 14:01:25.937, 75, 96.26 W, 67 %, 1875 MHz, 0x0000000000000000
2026/09/28 14:01:35.951, 75, 96.51 W, 68 %, 1875 MHz, 0x0000000000000000
2026/09/28 14:01:45.968, 75, 96.30 W, 67 %, 1875 MHz, 0x0000000000000000
2026/09/28 14:01:55.987, 75, 96.12 W, 67 %, 1875 MHz, 0x0000000000000000
2026/09/28 14:02:06.002, 75, 96.93 W, 67 %, 1875 MHz, 0x0000000000000000
2026/09/28 14:02:16.017, 75, 96.50 W, 67 %, 1875 MHz, 0x0000000000000000
2026/09/28 14:02:26.032, 75, 97.08 W, 67 %, 1875 MHz, 0x0000000000000000
2026/09/28 14:02:36.047, 75, 96.21 W, 67 %, 1875 MHz, 0x0000000000000000
2026/09/28 14:02:46.062, 75, 96.34 W, 67 %, 1875 MHz, 0x0000000000000000
2026/09/28 14:02:56.077, 75, 97.37 W, 67 %, 1875 MHz, 0x0000000000000000
2026/09/28 14:03:06.091, 75, 96.37 W, 67 %, 1875 MHz, 0x0000000000000000
2026/09/28 14:03:16.106, 75, 96.70 W, 67 %, 1875 MHz, 0x0000000000000000
2026/09/28 14:03:26.121, 75, 96.57 W, 67 %, 1875 MHz, 0x0000000000000000
2026/09/28 14:03:36.136, 75, 97.43 W, 68 %, 1875 MHz, 0x0000000000000000
2026/09/28 14:03:46.150, 75, 96.24 W, 68 %, 1875 MHz, 0x0000000000000000
2026/09/28 14:03:56.166, 75, 96.44 W, 67 %, 1875 MHz, 0x0000000000000000
2026/09/28 14:04:06.181, 75, 96.69 W, 68 %, 1875 MHz, 0x0000000000000000
2026/09/28 14:04:16.197, 75, 96.50 W, 67 %, 1875 MHz, 0x0000000000000000
2026/09/28 14:04:26.213, 75, 96.18 W, 67 %, 1875 MHz, 0x0000000000000000
2026/09/28 14:04:36.229, 75, 96.92 W, 68 %, 1875 MHz, 0x0000000000000000
2026/09/28 14:04:46.243, 75, 96.56 W, 68 %, 1875 MHz, 0x0000000000000000
2026/09/28 14:04:56.258, 75, 96.36 W, 68 %, 1875 MHz, 0x0000000000000000
2026/09/28 14:05:06.273, 75, 96.31 W, 67 %, 1875 MHz, 0x0000000000000000
2026/09/28 14:05:16.290, 75, 96.23 W, 67 %, 1875 MHz, 0x0000000000000000
2026/09/28 14:05:26.305, 75, 96.39 W, 67 %, 1875 MHz, 0x0000000000000000
2026/09/28 14:05:36.320, 75, 96.35 W, 67 %, 1875 MHz, 0x0000000000000000
2026/09/28 14:05:46.336, 75, 96.74 W, 67 %, 1875 MHz, 0x0000000000000000
2026/09/28 14:05:56.354, 75, 96.49 W, 68 %, 1875 MHz, 0x0000000000000000
2026/09/28 14:06:06.369, 75, 95.88 W, 67 %, 1875 MHz, 0x0000000000000000
2026/09/28 14:06:16.386, 75, 96.48 W, 67 %, 1875 MHz, 0x0000000000000000
2026/09/28 14:06:26.403, 75, 96.23 W, 67 %, 1875 MHz, 0x0000000000000000
2026/09/28 14:06:36.418, 75, 95.96 W, 68 %, 1875 MHz, 0x0000000000000000
2026/09/28 14:06:46.434, 75, 96.17 W, 68 %, 1875 MHz, 0x0000000000000000
2026/09/28 14:06:56.449, 75, 96.96 W, 67 %, 1875 MHz, 0x0000000000000000
2026/09/28 14:07:06.466, 75, 96.32 W, 67 %, 1875 MHz, 0x0000000000000000
2026/09/28 14:07:16.480, 75, 96.51 W, 68 %, 1875 MHz, 0x0000000000000000
2026/09/28 14:07:26.498, 75, 96.49 W, 68 %, 1875 MHz, 0x0000000000000000
2026/09/28 14:07:36.515, 75, 96.61 W, 67 %, 1875 MHz, 0x0000000000000000
2026/09/28 14:07:46.532, 75, 96.32 W, 67 %, 1875 MHz, 0x0000000000000000
2026/09/28 14:07:56.549, 75, 96.40 W, 68 %, 1875 MHz, 0x0000000000000000
2026/09/28 14:08:06.568, 75, 96.11 W, 67 %, 1875 MHz, 0x0000000000000000
2026/09/28 14:08:16.583, 75, 96.31 W, 67 %, 1875 MHz, 0x0000000000000000
2026/09/28 14:08:26.599, 75, 97.17 W, 68 %, 1875 MHz, 0x0000000000000000
2026/09/28 14:08:36.615, 75, 96.15 W, 68 %, 1875 MHz, 0x0000000000000000
2026/09/28 14:08:46.630, 75, 96.67 W, 68 %, 1875 MHz, 0x0000000000000000
2026/09/28 14:08:56.646, 75, 96.36 W, 67 %, 1875 MHz, 0x0000000000000000
2026/09/28 14:09:06.661, 75, 96.02 W, 68 %, 1875 MHz, 0x0000000000000000
2026/09/28 14:09:16.677, 75, 96.14 W, 67 %, 1875 MHz, 0x0000000000000000
2026/09/28 14:09:26.691, 75, 96.20 W, 68 %, 1875 MHz, 0x0000000000000000
2026/09/28 14:09:36.710, 75, 95.99 W, 68 %, 1875 MHz, 0x0000000000000000
2026/09/28 14:09:46.725, 75, 96.83 W, 67 %, 1875 MHz, 0x0000000000000000
2026/09/28 14:09:56.740, 75, 96.72 W, 67 %, 1875 MHz, 0x0000000000000000
2026/09/28 14:10:06.755, 75, 96.19 W, 67 %, 1875 MHz, 0x0000000000000000
2026/09/28 14:10:16.770, 75, 95.96 W, 67 %, 1875 MHz, 0x0000000000000000
2026/09/28 14:10:26.785, 75, 96.30 W, 67 %, 1875 MHz, 0x0000000000000000
2026/09/28 14:10:36.800, 75, 96.37 W, 67 %, 1875 MHz, 0x0000000000000000
2026/09/28 14:10:46.816, 75, 96.59 W, 67 %, 1875 MHz, 0x0000000000000000
2026/09/28 14:10:56.832, 75, 96.34 W, 67 %, 1875 MHz, 0x0000000000000000
2026/09/28 14:11:06.846, 75, 96.22 W, 67 %, 1875 MHz, 0x0000000000000000
2026/09/28 14:11:16.861, 75, 96.52 W, 68 %, 1875 MHz, 0x0000000000000000
2026/09/28 14:11:26.876, 75, 96.51 W, 68 %, 1875 MHz, 0x0000000000000000
2026/09/28 14:11:36.890, 75, 96.06 W, 67 %, 1875 MHz, 0x0000000000000000
2026/09/28 14:11:46.905, 75, 96.06 W, 67 %, 1875 MHz, 0x0000000000000000
2026/09/28 14:11:56.922, 75, 97.11 W, 67 %, 1875 MHz, 0x0000000000000000
2026/09/28 14:12:06.938, 75, 96.72 W, 67 %, 1875 MHz, 0x0000000000000000
2026/09/28 14:12:16.954, 75, 96.37 W, 67 %, 1875 MHz, 0x0000000000000000
2026/09/28 14:12:26.969, 75, 96.94 W, 68 %, 1875 MHz, 0x0000000000000000
2026/09/28 14:12:36.985, 75, 96.19 W, 68 %, 1875 MHz, 0x0000000000000000
2026/09/28 14:12:47.001, 75, 96.36 W, 68 %, 1875 MHz, 0x0000000000000000
2026/09/28 14:12:57.016, 75, 96.45 W, 67 %, 1875 MHz, 0x0000000000000000
2026/09/28 14:13:07.032, 75, 95.69 W, 67 %, 1875 MHz, 0x0000000000000000
2026/09/28 14:13:17.047, 75, 94.94 W, 67 %, 1875 MHz, 0x0000000000000000
2026/09/28 14:13:27.062, 75, 95.74 W, 67 %, 1875 MHz, 0x0000000000000000
2026/09/28 14:13:37.077, 75, 96.71 W, 68 %, 1875 MHz, 0x0000000000000000
2026/09/28 14:13:47.092, 75, 96.42 W, 67 %, 1875 MHz, 0x0000000000000000
2026/09/28 14:13:57.106, 75, 96.37 W, 68 %, 1875 MHz, 0x0000000000000000
2026/09/28 14:14:07.121, 75, 96.42 W, 67 %, 1875 MHz, 0x0000000000000000
2026/09/28 14:14:17.136, 75, 96.72 W, 67 %, 1875 MHz, 0x0000000000000000
2026/09/28 14:14:27.151, 75, 96.45 W, 66 %, 1875 MHz, 0x0000000000000000
2026/09/28 14:14:37.167, 75, 96.09 W, 67 %, 1875 MHz, 0x0000000000000000
2026/09/28 14:14:47.182, 75, 96.51 W, 68 %, 1875 MHz, 0x0000000000000000
2026/09/28 14:14:57.198, 75, 96.41 W, 67 %, 1875 MHz, 0x0000000000000000
2026/09/28 14:15:07.213, 75, 96.20 W, 68 %, 1875 MHz, 0x0000000000000000
2026/09/28 14:15:17.228, 75, 96.25 W, 68 %, 1875 MHz, 0x0000000000000000
2026/09/28 14:15:27.243, 75, 96.28 W, 67 %, 1875 MHz, 0x0000000000000000
2026/09/28 14:15:37.258, 75, 96.61 W, 67 %, 1875 MHz, 0x0000000000000000
2026/09/28 14:15:47.272, 75, 96.40 W, 68 %, 1875 MHz, 0x0000000000000000
2026/09/28 14:15:57.287, 75, 96.28 W, 67 %, 1875 MHz, 0x0000000000000000
2026/09/28 14:16:07.302, 75, 96.16 W, 67 %, 1875 MHz, 0x0000000000000000
2026/09/28 14:16:17.318, 75, 97.21 W, 67 %, 1875 MHz, 0x0000000000000000
2026/09/28 14:16:27.333, 75, 96.37 W, 67 %, 1875 MHz, 0x0000000000000000
2026/09/28 14:16:37.350, 75, 97.28 W, 66 %, 1875 MHz, 0x0000000000000000
2026/09/28 14:16:47.366, 75, 96.58 W, 67 %, 1875 MHz, 0x0000000000000000
2026/09/28 14:16:57.381, 75, 96.35 W, 67 %, 1875 MHz, 0x0000000000000000
2026/09/28 14:17:07.396, 75, 96.57 W, 67 %, 1875 MHz, 0x0000000000000000
2026/09/28 14:17:17.410, 75, 96.39 W, 67 %, 1875 MHz, 0x0000000000000000
2026/09/28 14:17:27.427, 75, 96.41 W, 66 %, 1875 MHz, 0x0000000000000000
2026/09/28 14:17:37.443, 75, 96.60 W, 67 %, 1875 MHz, 0x0000000000000000
2026/09/28 14:17:47.458, 75, 96.56 W, 66 %, 1875 MHz, 0x0000000000000000
2026/09/28 14:17:57.473, 75, 96.35 W, 66 %, 1875 MHz, 0x0000000000000000
2026/09/28 14:18:07.489, 75, 97.15 W, 67 %, 1875 MHz, 0x0000000000000000
2026/09/28 14:18:17.506, 75, 96.51 W, 67 %, 1875 MHz, 0x0000000000000000
2026/09/28 14:18:27.522, 75, 96.21 W, 67 %, 1875 MHz, 0x0000000000000000
2026/09/28 14:18:37.539, 75, 96.22 W, 67 %, 1875 MHz, 0x0000000000000000
2026/09/28 14:18:47.555, 75, 96.33 W, 66 %, 1875 MHz, 0x0000000000000000
2026/09/28 14:18:57.571, 75, 96.36 W, 67 %, 1875 MHz, 0x0000000000000000
2026/09/28 14:19:07.587, 75, 96.24 W, 67 %, 1875 MHz, 0x0000000000000000
2026/09/28 14:19:17.603, 75, 96.96 W, 66 %, 1875 MHz, 0x0000000000000000
2026/09/28 14:19:27.618, 75, 96.92 W, 66 %, 1875 MHz, 0x0000000000000000
2026/09/28 14:19:37.634, 75, 96.33 W, 67 %, 1875 MHz, 0x0000000000000000
2026/09/28 14:19:47.650, 75, 96.63 W, 65 %, 1875 MHz, 0x0000000000000000
2026/09/28 14:19:57.667, 75, 96.32 W, 66 %, 1875 MHz, 0x0000000000000000
2026/09/28 14:20:07.684, 75, 96.04 W, 66 %, 1875 MHz, 0x0000000000000000
2026/09/28 14:20:17.700, 75, 96.20 W, 67 %, 1875 MHz, 0x0000000000000000
2026/09/28 14:20:27.715, 75, 96.16 W, 67 %, 1875 MHz, 0x0000000000000000
2026/09/28 14:20:37.729, 75, 96.48 W, 67 %, 1875 MHz, 0x0000000000000000
2026/09/28 14:20:47.746, 75, 96.54 W, 66 %, 1875 MHz, 0x0000000000000000
2026/09/28 14:20:57.763, 75, 96.32 W, 67 %, 1875 MHz, 0x0000000000000000
2026/09/28 14:21:07.779, 75, 96.40 W, 66 %, 1875 MHz, 0x0000000000000000
2026/09/28 14:21:17.794, 75, 96.30 W, 67 %, 1875 MHz, 0x0000000000000000
2026/09/28 14:21:27.809, 75, 96.16 W, 67 %, 1875 MHz, 0x0000000000000000
2026/09/28 14:21:37.823, 75, 96.04 W, 67 %, 1875 MHz, 0x0000000000000000
2026/09/28 14:21:47.838, 75, 96.30 W, 67 %, 1875 MHz, 0x0000000000000000
2026/09/28 14:21:57.855, 75, 96.86 W, 68 %, 1875 MHz, 0x0000000000000000
2026/09/28 14:22:07.870, 75, 96.57 W, 68 %, 1875 MHz, 0x0000000000000000
2026/09/28 14:22:17.885, 75, 97.00 W, 68 %, 1875 MHz, 0x0000000000000000
2026/09/28 14:22:27.900, 75, 96.27 W, 68 %, 1875 MHz, 0x0000000000000000
2026/09/28 14:22:37.915, 75, 96.21 W, 68 %, 1875 MHz, 0x0000000000000000
2026/09/28 14:22:47.929, 75, 96.60 W, 67 %, 1875 MHz, 0x0000000000000000
2026/09/28 14:22:57.945, 75, 96.29 W, 67 %, 1875 MHz, 0x0000000000000000
2026/09/28 14:23:07.961, 75, 96.13 W, 68 %, 1875 MHz, 0x0000000000000000
2026/09/28 14:23:17.977, 75, 96.40 W, 67 %, 1875 MHz, 0x0000000000000000
2026/09/28 14:23:27.993, 75, 96.11 W, 68 %, 1875 MHz, 0x0000000000000000
2026/09/28 14:23:38.009, 75, 96.11 W, 67 %, 1875 MHz, 0x0000000000000000
2026/09/28 14:23:48.024, 75, 95.95 W, 67 %, 1875 MHz, 0x0000000000000000
2026/09/28 14:23:58.039, 75, 96.54 W, 68 %, 1875 MHz, 0x0000000000000000
2026/09/28 14:24:08.055, 75, 96.78 W, 67 %, 1875 MHz, 0x0000000000000000
2026/09/28 14:24:18.071, 75, 96.46 W, 66 %, 1875 MHz, 0x0000000000000000
2026/09/28 14:24:28.085, 75, 96.69 W, 67 %, 1875 MHz, 0x0000000000000000
2026/09/28 14:24:38.100, 75, 96.34 W, 68 %, 1875 MHz, 0x0000000000000000
2026/09/28 14:24:48.115, 75, 96.35 W, 67 %, 1875 MHz, 0x0000000000000000
2026/09/28 14:24:58.130, 75, 96.36 W, 67 %, 1875 MHz, 0x0000000000000000
2026/09/28 14:25:08.145, 75, 96.44 W, 67 %, 1875 MHz, 0x0000000000000000
2026/09/28 14:25:18.160, 75, 96.56 W, 67 %, 1875 MHz, 0x0000000000000000
2026/09/28 14:25:28.175, 75, 96.34 W, 68 %, 1875 MHz, 0x0000000000000000
2026/09/28 14:25:38.189, 75, 96.29 W, 67 %, 1875 MHz, 0x0000000000000000
2026/09/28 14:25:48.205, 75, 96.21 W, 68 %, 1875 MHz, 0x0000000000000000
2026/09/28 14:25:58.220, 75, 96.95 W, 67 %, 1875 MHz, 0x0000000000000000
2026/09/28 14:26:08.235, 75, 96.63 W, 67 %, 1875 MHz, 0x0000000000000000
2026/09/28 14:26:18.249, 75, 95.96 W, 67 %, 1875 MHz, 0x0000000000000000
2026/09/28 14:26:28.264, 75, 96.25 W, 67 %, 1875 MHz, 0x0000000000000000
2026/09/28 14:26:38.280, 75, 96.18 W, 67 %, 1875 MHz, 0x0000000000000000
2026/09/28 14:26:48.296, 75, 96.09 W, 68 %, 1875 MHz, 0x0000000000000000
2026/09/28 14:26:58.310, 75, 96.12 W, 68 %, 1875 MHz, 0x0000000000000000
2026/09/28 14:27:08.325, 75, 96.25 W, 68 %, 1875 MHz, 0x0000000000000000
2026/09/28 14:27:18.340, 75, 96.28 W, 68 %, 1875 MHz, 0x0000000000000000
2026/09/28 14:27:28.357, 75, 96.28 W, 67 %, 1875 MHz, 0x0000000000000000
2026/09/28 14:27:38.373, 75, 96.33 W, 67 %, 1875 MHz, 0x0000000000000000
2026/09/28 14:27:48.389, 75, 96.14 W, 67 %, 1875 MHz, 0x0000000000000000
2026/09/28 14:27:58.405, 75, 96.45 W, 67 %, 1875 MHz, 0x0000000000000000
2026/09/28 14:28:08.420, 75, 96.25 W, 67 %, 1875 MHz, 0x0000000000000000
2026/09/28 14:28:18.434, 75, 96.41 W, 67 %, 1875 MHz, 0x0000000000000000
2026/09/28 14:28:28.449, 75, 96.59 W, 68 %, 1875 MHz, 0x0000000000000000
2026/09/28 14:28:38.466, 75, 96.36 W, 67 %, 1875 MHz, 0x0000000000000000
2026/09/28 14:28:48.483, 75, 96.21 W, 67 %, 1875 MHz, 0x0000000000000000
2026/09/28 14:28:58.499, 75, 96.39 W, 67 %, 1875 MHz, 0x0000000000000000
2026/09/28 14:29:08.518, 75, 96.51 W, 68 %, 1875 MHz, 0x0000000000000000
2026/09/28 14:29:18.534, 75, 96.27 W, 67 %, 1875 MHz, 0x0000000000000000
2026/09/28 14:29:28.549, 75, 96.81 W, 67 %, 1875 MHz, 0x0000000000000000
2026/09/28 14:29:38.564, 75, 96.57 W, 67 %, 1875 MHz, 0x0000000000000000
2026/09/28 14:29:48.581, 75, 96.14 W, 67 %, 1875 MHz, 0x0000000000000000
2026/09/28 14:29:58.595, 75, 96.89 W, 67 %, 1875 MHz, 0x0000000000000000
2026/09/28 14:30:08.612, 75, 96.21 W, 67 %, 1875 MHz, 0x0000000000000000
2026/09/28 14:30:18.626, 75, 97.03 W, 68 %, 1875 MHz, 0x0000000000000000
2026/09/28 14:30:28.641, 75, 96.68 W, 67 %, 1875 MHz, 0x0000000000000000
2026/09/28 14:30:38.656, 75, 96.12 W, 67 %, 1875 MHz, 0x0000000000000000
2026/09/28 14:30:48.673, 75, 96.93 W, 67 %, 1875 MHz, 0x0000000000000000
2026/09/28 14:30:58.690, 75, 96.76 W, 68 %, 1875 MHz, 0x0000000000000000
2026/09/28 14:31:08.705, 75, 95.86 W, 67 %, 1875 MHz, 0x0000000000000000
2026/09/28 14:31:18.721, 75, 96.48 W, 67 %, 1875 MHz, 0x0000000000000000
2026/09/28 14:31:28.736, 75, 95.98 W, 67 %, 1875 MHz, 0x0000000000000000
2026/09/28 14:31:38.751, 75, 96.16 W, 67 %, 1875 MHz, 0x0000000000000000
2026/09/28 14:31:48.767, 75, 96.88 W, 67 %, 1875 MHz, 0x0000000000000000
2026/09/28 14:31:58.783, 75, 95.92 W, 67 %, 1875 MHz, 0x0000000000000000
2026/09/28 14:32:08.798, 75, 96.08 W, 67 %, 1875 MHz, 0x0000000000000000
2026/09/28 14:32:18.813, 75, 96.16 W, 67 %, 1875 MHz, 0x0000000000000000
2026/09/28 14:32:28.828, 75, 96.08 W, 67 %, 1875 MHz, 0x0000000000000000
2026/09/28 14:32:38.843, 75, 96.07 W, 68 %, 1875 MHz, 0x0000000000000000
2026/09/28 14:32:48.858, 75, 96.86 W, 67 %, 1875 MHz, 0x0000000000000000
2026/09/28 14:32:58.873, 75, 96.01 W, 68 %, 1875 MHz, 0x0000000000000000
2026/09/28 14:33:08.888, 75, 96.41 W, 68 %, 1875 MHz, 0x0000000000000000
2026/09/28 14:33:18.902, 75, 96.09 W, 67 %, 1875 MHz, 0x0000000000000000
2026/09/28 14:33:28.917, 75, 95.95 W, 67 %, 1875 MHz, 0x0000000000000000
2026/09/28 14:33:38.932, 75, 95.82 W, 67 %, 1875 MHz, 0x0000000000000000
2026/09/28 14:33:48.947, 75, 96.06 W, 68 %, 1875 MHz, 0x0000000000000000
2026/09/28 14:33:58.961, 75, 95.81 W, 67 %, 1875 MHz, 0x0000000000000000
2026/09/28 14:34:08.980, 75, 95.81 W, 67 %, 1875 MHz, 0x0000000000000000
2026/09/28 14:34:18.995, 75, 95.93 W, 67 %, 1875 MHz, 0x0000000000000000
2026/09/28 14:34:29.010, 75, 96.08 W, 68 %, 1875 MHz, 0x0000000000000000
2026/09/28 14:34:39.027, 75, 95.94 W, 67 %, 1875 MHz, 0x0000000000000000
2026/09/28 14:34:49.041, 75, 95.89 W, 68 %, 1875 MHz, 0x0000000000000000
2026/09/28 14:34:59.056, 75, 96.24 W, 67 %, 1875 MHz, 0x0000000000000000
2026/09/28 14:35:09.071, 75, 96.38 W, 68 %, 1875 MHz, 0x0000000000000000
2026/09/28 14:35:19.086, 75, 96.42 W, 68 %, 1875 MHz, 0x0000000000000000
2026/09/28 14:35:29.101, 75, 96.82 W, 67 %, 1875 MHz, 0x0000000000000000
2026/09/28 14:35:39.116, 75, 96.36 W, 68 %, 1875 MHz, 0x0000000000000000
2026/09/28 14:35:49.130, 75, 96.27 W, 67 %, 1875 MHz, 0x0000000000000000
2026/09/28 14:35:59.145, 75, 96.34 W, 67 %, 1875 MHz, 0x0000000000000000
2026/09/28 14:36:09.160, 75, 94.62 W, 67 %, 1875 MHz, 0x0000000000000000
2026/09/28 14:36:19.175, 75, 94.57 W, 68 %, 1875 MHz, 0x0000000000000000
2026/09/28 14:36:29.190, 75, 94.57 W, 68 %, 1875 MHz, 0x0000000000000000
2026/09/28 14:36:39.204, 75, 96.48 W, 67 %, 1875 MHz, 0x0000000000000000
2026/09/28 14:36:49.220, 75, 96.77 W, 67 %, 1875 MHz, 0x0000000000000000
2026/09/28 14:36:59.234, 75, 96.55 W, 67 %, 1875 MHz, 0x0000000000000000
2026/09/28 14:37:09.249, 75, 96.60 W, 67 %, 1875 MHz, 0x0000000000000000
2026/09/28 14:37:19.265, 75, 96.25 W, 68 %, 1875 MHz, 0x0000000000000000
2026/09/28 14:37:29.280, 75, 96.35 W, 68 %, 1875 MHz, 0x0000000000000000
2026/09/28 14:37:39.295, 75, 96.44 W, 67 %, 1875 MHz, 0x0000000000000000
2026/09/28 14:37:49.309, 75, 96.28 W, 67 %, 1875 MHz, 0x0000000000000000
2026/09/28 14:37:59.324, 75, 96.14 W, 68 %, 1875 MHz, 0x0000000000000000
2026/09/28 14:38:09.339, 75, 96.17 W, 67 %, 1875 MHz, 0x0000000000000000
2026/09/28 14:38:19.355, 75, 96.35 W, 68 %, 1875 MHz, 0x0000000000000000
2026/09/28 14:38:29.370, 75, 96.24 W, 67 %, 1875 MHz, 0x0000000000000000
2026/09/28 14:38:39.385, 75, 96.89 W, 68 %, 1875 MHz, 0x0000000000000000
2026/09/28 14:38:49.401, 75, 96.70 W, 67 %, 1875 MHz, 0x0000000000000000
2026/09/28 14:38:59.417, 75, 95.35 W, 68 %, 1875 MHz, 0x0000000000000000
2026/09/28 14:39:09.432, 75, 91.07 W, 67 %, 1875 MHz, 0x0000000000000000
2026/09/28 14:39:19.447, 75, 94.84 W, 68 %, 1875 MHz, 0x0000000000000000
2026/09/28 14:39:29.461, 75, 96.54 W, 68 %, 1875 MHz, 0x0000000000000000
2026/09/28 14:39:39.476, 75, 94.85 W, 67 %, 1875 MHz, 0x0000000000000000
2026/09/28 14:39:49.493, 75, 94.06 W, 68 %, 1875 MHz, 0x0000000000000000
2026/09/28 14:39:59.510, 75, 94.42 W, 67 %, 1875 MHz, 0x0000000000000000
2026/09/28 14:40:09.527, 75, 96.37 W, 67 %, 1875 MHz, 0x0000000000000000
2026/09/28 14:40:19.542, 75, 96.31 W, 68 %, 1875 MHz, 0x0000000000000000
2026/09/28 14:40:29.557, 75, 97.12 W, 67 %, 1875 MHz, 0x0000000000000000
2026/09/28 14:40:39.572, 75, 96.22 W, 68 %, 1875 MHz, 0x0000000000000000
2026/09/28 14:40:49.587, 75, 96.44 W, 67 %, 1875 MHz, 0x0000000000000000
2026/09/28 14:40:59.605, 75, 96.22 W, 68 %, 1875 MHz, 0x0000000000000000
2026/09/28 14:41:09.620, 75, 96.17 W, 67 %, 1875 MHz, 0x0000000000000000
2026/09/28 14:41:19.637, 75, 96.70 W, 67 %, 1875 MHz, 0x0000000000000000
2026/09/28 14:41:29.653, 75, 96.08 W, 67 %, 1875 MHz, 0x0000000000000000
2026/09/28 14:41:39.668, 75, 96.28 W, 68 %, 1875 MHz, 0x0000000000000000
2026/09/28 14:41:49.683, 75, 96.52 W, 67 %, 1875 MHz, 0x0000000000000000
2026/09/28 14:41:59.699, 75, 96.56 W, 68 %, 1875 MHz, 0x0000000000000000
2026/09/28 14:42:09.716, 75, 96.32 W, 67 %, 1875 MHz, 0x0000000000000000
2026/09/28 14:42:19.732, 75, 96.44 W, 66 %, 1875 MHz, 0x0000000000000000
2026/09/28 14:42:29.749, 75, 96.22 W, 67 %, 1875 MHz, 0x0000000000000000
2026/09/28 14:42:39.765, 75, 96.50 W, 67 %, 1875 MHz, 0x0000000000000000
2026/09/28 14:42:49.779, 75, 96.27 W, 67 %, 1875 MHz, 0x0000000000000000
2026/09/28 14:42:59.794, 75, 95.79 W, 67 %, 1875 MHz, 0x0000000000000000
2026/09/28 14:43:09.811, 75, 96.43 W, 66 %, 1875 MHz, 0x0000000000000000
2026/09/28 14:43:19.827, 75, 96.00 W, 67 %, 1875 MHz, 0x0000000000000000
2026/09/28 14:43:29.842, 75, 96.29 W, 66 %, 1875 MHz, 0x0000000000000000
2026/09/28 14:43:39.857, 75, 96.17 W, 67 %, 1875 MHz, 0x0000000000000000
2026/09/28 14:43:49.872, 75, 96.36 W, 67 %, 1875 MHz, 0x0000000000000000
2026/09/28 14:43:59.886, 75, 96.25 W, 68 %, 1875 MHz, 0x0000000000000000
2026/09/28 14:44:09.901, 75, 96.36 W, 67 %, 1875 MHz, 0x0000000000000000
2026/09/28 14:44:19.916, 75, 96.18 W, 67 %, 1875 MHz, 0x0000000000000000
2026/09/28 14:44:29.933, 75, 96.00 W, 67 %, 1875 MHz, 0x0000000000000000
2026/09/28 14:44:39.950, 75, 95.86 W, 67 %, 1875 MHz, 0x0000000000000000
2026/09/28 14:44:49.965, 75, 96.14 W, 67 %, 1875 MHz, 0x0000000000000000
2026/09/28 14:44:59.979, 75, 95.88 W, 67 %, 1875 MHz, 0x0000000000000000
2026/09/28 14:45:09.994, 75, 96.03 W, 67 %, 1875 MHz, 0x0000000000000000
2026/09/28 14:45:20.011, 75, 96.88 W, 68 %, 1875 MHz, 0x0000000000000000
2026/09/28 14:45:30.027, 76, 96.40 W, 69 %, 1875 MHz, 0x0000000000000000
2026/09/28 14:45:40.045, 75, 95.40 W, 68 %, 1875 MHz, 0x0000000000000000
2026/09/28 14:45:50.060, 75, 96.10 W, 67 %, 1875 MHz, 0x0000000000000000
2026/09/28 14:46:00.075, 75, 96.23 W, 67 %, 1875 MHz, 0x0000000000000000
2026/09/28 14:46:10.090, 75, 96.35 W, 67 %, 1875 MHz, 0x0000000000000000
2026/09/28 14:46:20.105, 75, 96.16 W, 67 %, 1875 MHz, 0x0000000000000000
2026/09/28 14:46:30.121, 75, 96.52 W, 67 %, 1875 MHz, 0x0000000000000000
2026/09/28 14:46:40.136, 75, 96.43 W, 67 %, 1875 MHz, 0x0000000000000000
2026/09/28 14:46:50.152, 75, 96.29 W, 68 %, 1875 MHz, 0x0000000000000000
2026/09/28 14:47:00.166, 75, 95.75 W, 68 %, 1875 MHz, 0x0000000000000000
2026/09/28 14:47:10.182, 75, 95.68 W, 67 %, 1875 MHz, 0x0000000000000000
2026/09/28 14:47:20.196, 75, 96.28 W, 68 %, 1875 MHz, 0x0000000000000000
2026/09/28 14:47:30.211, 75, 96.27 W, 68 %, 1875 MHz, 0x0000000000000000
2026/09/28 14:47:40.226, 75, 96.56 W, 68 %, 1875 MHz, 0x0000000000000000
2026/09/28 14:47:50.241, 75, 96.08 W, 67 %, 1875 MHz, 0x0000000000000000
2026/09/28 14:48:00.256, 75, 96.29 W, 68 %, 1875 MHz, 0x0000000000000000
2026/09/28 14:48:10.271, 75, 96.32 W, 68 %, 1875 MHz, 0x0000000000000000
2026/09/28 14:48:20.286, 75, 96.21 W, 68 %, 1875 MHz, 0x0000000000000000
2026/09/28 14:48:30.301, 75, 96.17 W, 68 %, 1875 MHz, 0x0000000000000000
2026/09/28 14:48:40.315, 75, 96.50 W, 67 %, 1875 MHz, 0x0000000000000000
2026/09/28 14:48:50.331, 75, 95.88 W, 68 %, 1875 MHz, 0x0000000000000000
2026/09/28 14:49:00.347, 75, 96.21 W, 67 %, 1875 MHz, 0x0000000000000000
2026/09/28 14:49:10.362, 75, 96.25 W, 67 %, 1875 MHz, 0x0000000000000000
2026/09/28 14:49:20.377, 75, 96.15 W, 67 %, 1875 MHz, 0x0000000000000000
2026/09/28 14:49:30.392, 75, 96.14 W, 67 %, 1875 MHz, 0x0000000000000000
2026/09/28 14:49:40.406, 75, 96.17 W, 67 %, 1875 MHz, 0x0000000000000000
2026/09/28 14:49:50.424, 75, 96.12 W, 67 %, 1875 MHz, 0x0000000000000000
2026/09/28 14:50:00.440, 75, 95.77 W, 66 %, 1875 MHz, 0x0000000000000000
2026/09/28 14:50:10.456, 75, 96.76 W, 66 %, 1875 MHz, 0x0000000000000000
2026/09/28 14:50:20.471, 75, 96.42 W, 67 %, 1875 MHz, 0x0000000000000000
2026/09/28 14:50:30.486, 75, 96.08 W, 68 %, 1875 MHz, 0x0000000000000000
2026/09/28 14:50:40.500, 75, 96.68 W, 66 %, 1875 MHz, 0x0000000000000000
2026/09/28 14:50:50.519, 75, 96.21 W, 67 %, 1875 MHz, 0x0000000000000000
2026/09/28 14:51:00.535, 75, 96.88 W, 66 %, 1875 MHz, 0x0000000000000000
2026/09/28 14:51:10.553, 75, 95.89 W, 67 %, 1875 MHz, 0x0000000000000000
2026/09/28 14:51:20.568, 75, 96.07 W, 67 %, 1875 MHz, 0x0000000000000000
2026/09/28 14:51:30.582, 75, 95.89 W, 67 %, 1875 MHz, 0x0000000000000000
2026/09/28 14:51:40.597, 75, 95.69 W, 67 %, 1875 MHz, 0x0000000000000000
2026/09/28 14:51:50.612, 75, 95.79 W, 67 %, 1875 MHz, 0x0000000000000000
2026/09/28 14:52:00.629, 75, 95.62 W, 67 %, 1875 MHz, 0x0000000000000000
2026/09/28 14:52:10.646, 75, 96.09 W, 65 %, 1875 MHz, 0x0000000000000000
2026/09/28 14:52:20.661, 75, 95.62 W, 67 %, 1875 MHz, 0x0000000000000000
2026/09/28 14:52:30.678, 75, 96.10 W, 68 %, 1875 MHz, 0x0000000000000000
2026/09/28 14:52:40.694, 75, 95.72 W, 67 %, 1875 MHz, 0x0000000000000000
2026/09/28 14:52:50.710, 74, 82.45 W, 23 %, 1875 MHz, 0x0000000000000000
2026/09/28 14:53:00.725, 75, 97.10 W, 68 %, 1875 MHz, 0x0000000000000000
2026/09/28 14:53:10.741, 75, 96.97 W, 67 %, 1875 MHz, 0x0000000000000000
2026/09/28 14:53:20.758, 75, 96.72 W, 68 %, 1875 MHz, 0x0000000000000000
2026/09/28 14:53:30.776, 75, 97.50 W, 68 %, 1875 MHz, 0x0000000000000000
2026/09/28 14:53:40.792, 75, 96.89 W, 68 %, 1875 MHz, 0x0000000000000000
2026/09/28 14:53:50.808, 75, 97.17 W, 67 %, 1875 MHz, 0x0000000000000000
2026/09/28 14:54:00.823, 75, 96.77 W, 68 %, 1875 MHz, 0x0000000000000000
2026/09/28 14:54:10.840, 75, 96.73 W, 67 %, 1875 MHz, 0x0000000000000000
2026/09/28 14:54:20.855, 75, 96.72 W, 68 %, 1875 MHz, 0x0000000000000000
2026/09/28 14:54:30.870, 75, 97.51 W, 68 %, 1875 MHz, 0x0000000000000000
2026/09/28 14:54:40.888, 75, 96.56 W, 68 %, 1875 MHz, 0x0000000000000000
2026/09/28 14:54:50.904, 75, 96.66 W, 67 %, 1875 MHz, 0x0000000000000000
2026/09/28 14:55:00.920, 75, 96.52 W, 68 %, 1875 MHz, 0x0000000000000000
2026/09/28 14:55:10.935, 75, 96.65 W, 68 %, 1875 MHz, 0x0000000000000000
2026/09/28 14:55:20.950, 75, 96.62 W, 68 %, 1875 MHz, 0x0000000000000000
2026/09/28 14:55:30.965, 75, 96.80 W, 68 %, 1875 MHz, 0x0000000000000000
2026/09/28 14:55:40.982, 76, 91.36 W, 68 %, 1875 MHz, 0x0000000000000000
2026/09/28 14:55:50.998, 75, 95.23 W, 67 %, 1875 MHz, 0x0000000000000000
2026/09/28 14:56:01.015, 75, 96.69 W, 67 %, 1875 MHz, 0x0000000000000000
2026/09/28 14:56:11.029, 76, 96.46 W, 67 %, 1875 MHz, 0x0000000000000000
2026/09/28 14:56:21.045, 75, 96.94 W, 67 %, 1875 MHz, 0x0000000000000000
2026/09/28 14:56:31.061, 76, 96.86 W, 68 %, 1875 MHz, 0x0000000000000000
2026/09/28 14:56:41.076, 75, 96.51 W, 67 %, 1875 MHz, 0x0000000000000000
2026/09/28 14:56:51.093, 75, 96.58 W, 67 %, 1875 MHz, 0x0000000000000000
2026/09/28 14:57:01.108, 76, 97.49 W, 67 %, 1875 MHz, 0x0000000000000000
2026/09/28 14:57:11.124, 76, 97.18 W, 67 %, 1875 MHz, 0x0000000000000000
2026/09/28 14:57:21.139, 76, 97.28 W, 68 %, 1875 MHz, 0x0000000000000000
2026/09/28 14:57:31.153, 75, 96.57 W, 68 %, 1875 MHz, 0x0000000000000000
2026/09/28 14:57:41.169, 75, 96.78 W, 68 %, 1875 MHz, 0x0000000000000000
2026/09/28 14:57:51.184, 75, 96.46 W, 68 %, 1875 MHz, 0x0000000000000000
2026/09/28 14:58:01.202, 75, 96.99 W, 67 %, 1875 MHz, 0x0000000000000000
2026/09/28 14:58:11.218, 76, 96.39 W, 68 %, 1875 MHz, 0x0000000000000000
2026/09/28 14:58:21.234, 75, 96.76 W, 68 %, 1875 MHz, 0x0000000000000000
2026/09/28 14:58:31.249, 76, 97.16 W, 68 %, 1875 MHz, 0x0000000000000000
2026/09/28 14:58:41.264, 75, 96.57 W, 67 %, 1875 MHz, 0x0000000000000000
2026/09/28 14:58:51.278, 76, 97.08 W, 67 %, 1875 MHz, 0x0000000000000000
2026/09/28 14:59:01.295, 76, 96.18 W, 67 %, 1875 MHz, 0x0000000000000000
2026/09/28 14:59:11.311, 75, 96.26 W, 67 %, 1875 MHz, 0x0000000000000000
2026/09/28 14:59:21.329, 76, 96.58 W, 67 %, 1875 MHz, 0x0000000000000000
2026/09/28 14:59:31.344, 76, 96.81 W, 67 %, 1875 MHz, 0x0000000000000000
2026/09/28 14:59:41.359, 75, 96.44 W, 68 %, 1875 MHz, 0x0000000000000000
2026/09/28 14:59:51.374, 75, 96.99 W, 67 %, 1875 MHz, 0x0000000000000000
2026/09/28 15:00:01.389, 76, 96.23 W, 67 %, 1875 MHz, 0x0000000000000000
2026/09/28 15:00:11.406, 76, 96.74 W, 67 %, 1875 MHz, 0x0000000000000000
2026/09/28 15:00:21.423, 76, 96.73 W, 67 %, 1875 MHz, 0x0000000000000000
2026/09/28 15:00:31.439, 75, 96.39 W, 67 %, 1875 MHz, 0x0000000000000000
2026/09/28 15:00:41.455, 76, 96.53 W, 67 %, 1875 MHz, 0x0000000000000000
2026/09/28 15:00:51.470, 76, 96.64 W, 67 %, 1875 MHz, 0x0000000000000000
2026/09/28 15:01:01.485, 75, 96.52 W, 67 %, 1875 MHz, 0x0000000000000000
2026/09/28 15:01:11.499, 76, 97.12 W, 68 %, 1875 MHz, 0x0000000000000000
2026/09/28 15:01:21.516, 75, 96.29 W, 68 %, 1875 MHz, 0x0000000000000000
2026/09/28 15:01:31.533, 76, 96.34 W, 68 %, 1875 MHz, 0x0000000000000000
2026/09/28 15:01:41.548, 76, 96.75 W, 68 %, 1875 MHz, 0x0000000000000000
2026/09/28 15:01:51.566, 75, 96.62 W, 68 %, 1875 MHz, 0x0000000000000000
2026/09/28 15:02:01.582, 76, 96.62 W, 67 %, 1875 MHz, 0x0000000000000000
2026/09/28 15:02:11.597, 75, 96.15 W, 68 %, 1875 MHz, 0x0000000000000000
2026/09/28 15:02:21.613, 76, 96.50 W, 67 %, 1875 MHz, 0x0000000000000000
2026/09/28 15:02:31.628, 76, 96.64 W, 67 %, 1875 MHz, 0x0000000000000000
2026/09/28 15:02:41.643, 76, 96.80 W, 67 %, 1875 MHz, 0x0000000000000000
2026/09/28 15:02:51.658, 75, 96.72 W, 68 %, 1875 MHz, 0x0000000000000000
2026/09/28 15:03:01.673, 75, 96.54 W, 68 %, 1875 MHz, 0x0000000000000000
2026/09/28 15:03:11.688, 75, 96.17 W, 68 %, 1875 MHz, 0x0000000000000000
2026/09/28 15:03:21.703, 75, 96.68 W, 68 %, 1875 MHz, 0x0000000000000000
2026/09/28 15:03:31.719, 75, 96.45 W, 68 %, 1875 MHz, 0x0000000000000000
2026/09/28 15:03:41.735, 75, 96.77 W, 67 %, 1875 MHz, 0x0000000000000000
2026/09/28 15:03:51.751, 75, 96.70 W, 67 %, 1875 MHz, 0x0000000000000000
2026/09/28 15:04:01.767, 76, 96.42 W, 67 %, 1875 MHz, 0x0000000000000000
2026/09/28 15:04:11.783, 75, 96.55 W, 67 %, 1875 MHz, 0x0000000000000000
2026/09/28 15:04:21.799, 75, 96.46 W, 68 %, 1875 MHz, 0x0000000000000000
2026/09/28 15:04:31.814, 75, 96.95 W, 67 %, 1875 MHz, 0x0000000000000000
2026/09/28 15:04:41.829, 75, 97.04 W, 68 %, 1875 MHz, 0x0000000000000000
2026/09/28 15:04:51.843, 75, 97.01 W, 67 %, 1875 MHz, 0x0000000000000000
2026/09/28 15:05:01.858, 75, 96.95 W, 68 %, 1875 MHz, 0x0000000000000000
2026/09/28 15:05:11.873, 75, 96.33 W, 68 %, 1875 MHz, 0x0000000000000000
2026/09/28 15:05:21.888, 75, 96.22 W, 68 %, 1875 MHz, 0x0000000000000000
2026/09/28 15:05:31.903, 75, 96.23 W, 67 %, 1875 MHz, 0x0000000000000000
2026/09/28 15:05:41.919, 75, 96.18 W, 68 %, 1875 MHz, 0x0000000000000000
2026/09/28 15:05:51.934, 75, 96.71 W, 67 %, 1875 MHz, 0x0000000000000000
2026/09/28 15:06:01.950, 75, 96.70 W, 68 %, 1875 MHz, 0x0000000000000000
2026/09/28 15:06:11.964, 75, 96.51 W, 67 %, 1875 MHz, 0x0000000000000000
2026/09/28 15:06:21.979, 76, 97.37 W, 67 %, 1875 MHz, 0x0000000000000000
2026/09/28 15:06:31.994, 75, 96.88 W, 67 %, 1875 MHz, 0x0000000000000000
2026/09/28 15:06:42.009, 76, 96.92 W, 68 %, 1875 MHz, 0x0000000000000000
2026/09/28 15:06:52.025, 75, 97.21 W, 67 %, 1875 MHz, 0x0000000000000000
2026/09/28 15:07:02.040, 76, 97.09 W, 68 %, 1875 MHz, 0x0000000000000000
2026/09/28 15:07:12.055, 76, 95.28 W, 67 %, 1875 MHz, 0x0000000000000000
2026/09/28 15:07:22.073, 76, 96.58 W, 67 %, 1875 MHz, 0x0000000000000000
2026/09/28 15:07:32.088, 75, 96.66 W, 67 %, 1875 MHz, 0x0000000000000000
2026/09/28 15:07:42.103, 75, 96.41 W, 67 %, 1875 MHz, 0x0000000000000000
2026/09/28 15:07:52.117, 75, 96.62 W, 68 %, 1875 MHz, 0x0000000000000000
2026/09/28 15:08:02.132, 76, 96.96 W, 68 %, 1875 MHz, 0x0000000000000000
2026/09/28 15:08:12.149, 75, 96.78 W, 68 %, 1875 MHz, 0x0000000000000000
2026/09/28 15:08:22.165, 76, 96.74 W, 67 %, 1875 MHz, 0x0000000000000000
2026/09/28 15:08:32.180, 76, 96.03 W, 67 %, 1875 MHz, 0x0000000000000000
2026/09/28 15:08:42.195, 75, 96.53 W, 68 %, 1875 MHz, 0x0000000000000000
2026/09/28 15:08:52.210, 75, 96.40 W, 68 %, 1875 MHz, 0x0000000000000000
2026/09/28 15:09:02.225, 75, 96.49 W, 68 %, 1875 MHz, 0x0000000000000000
2026/09/28 15:09:12.242, 75, 96.70 W, 67 %, 1875 MHz, 0x0000000000000000
2026/09/28 15:09:22.258, 75, 96.22 W, 67 %, 1875 MHz, 0x0000000000000000
2026/09/28 15:09:32.273, 75, 96.97 W, 68 %, 1875 MHz, 0x0000000000000000
2026/09/28 15:09:42.289, 75, 96.45 W, 67 %, 1875 MHz, 0x0000000000000000
2026/09/28 15:09:52.304, 75, 96.61 W, 67 %, 1875 MHz, 0x0000000000000000
2026/09/28 15:10:02.319, 75, 96.77 W, 68 %, 1875 MHz, 0x0000000000000000
2026/09/28 15:10:12.336, 75, 96.83 W, 67 %, 1875 MHz, 0x0000000000000000
2026/09/28 15:10:22.352, 75, 96.66 W, 67 %, 1875 MHz, 0x0000000000000000
2026/09/28 15:10:32.369, 75, 96.83 W, 67 %, 1875 MHz, 0x0000000000000000
2026/09/28 15:10:42.384, 75, 96.90 W, 67 %, 1875 MHz, 0x0000000000000000
2026/09/28 15:10:52.399, 75, 97.19 W, 67 %, 1875 MHz, 0x0000000000000000
2026/09/28 15:11:02.414, 75, 96.28 W, 67 %, 1875 MHz, 0x0000000000000000
2026/09/28 15:11:12.428, 75, 96.41 W, 67 %, 1875 MHz, 0x0000000000000000
2026/09/28 15:11:22.445, 75, 96.64 W, 68 %, 1875 MHz, 0x0000000000000000
2026/09/28 15:11:32.462, 75, 97.18 W, 67 %, 1875 MHz, 0x0000000000000000
2026/09/28 15:11:42.478, 75, 96.87 W, 67 %, 1875 MHz, 0x0000000000000000
2026/09/28 15:11:52.494, 75, 96.47 W, 67 %, 1875 MHz, 0x0000000000000000
2026/09/28 15:12:02.509, 75, 96.37 W, 67 %, 1875 MHz, 0x0000000000000000
2026/09/28 15:12:12.523, 75, 96.43 W, 68 %, 1875 MHz, 0x0000000000000000
2026/09/28 15:12:22.540, 75, 96.85 W, 68 %, 1875 MHz, 0x0000000000000000
2026/09/28 15:12:32.555, 75, 96.67 W, 68 %, 1875 MHz, 0x0000000000000000
2026/09/28 15:12:42.573, 75, 96.34 W, 67 %, 1875 MHz, 0x0000000000000000
2026/09/28 15:12:52.587, 75, 96.42 W, 68 %, 1875 MHz, 0x0000000000000000
2026/09/28 15:13:02.602, 76, 96.48 W, 68 %, 1875 MHz, 0x0000000000000000
2026/09/28 15:13:12.617, 76, 97.46 W, 68 %, 1875 MHz, 0x0000000000000000
2026/09/28 15:13:22.632, 75, 96.57 W, 67 %, 1875 MHz, 0x0000000000000000
2026/09/28 15:13:32.647, 75, 96.44 W, 67 %, 1875 MHz, 0x0000000000000000
2026/09/28 15:13:42.661, 75, 97.13 W, 68 %, 1875 MHz, 0x0000000000000000
2026/09/28 15:13:52.676, 76, 96.65 W, 68 %, 1875 MHz, 0x0000000000000000
2026/09/28 15:14:02.691, 75, 96.53 W, 68 %, 1875 MHz, 0x0000000000000000
2026/09/28 15:14:12.706, 76, 96.73 W, 67 %, 1875 MHz, 0x0000000000000000
2026/09/28 15:14:22.722, 76, 96.40 W, 68 %, 1875 MHz, 0x0000000000000000
2026/09/28 15:14:32.737, 76, 96.28 W, 68 %, 1875 MHz, 0x0000000000000000
2026/09/28 15:14:42.752, 75, 96.27 W, 68 %, 1875 MHz, 0x0000000000000000
2026/09/28 15:14:52.766, 76, 96.29 W, 67 %, 1875 MHz, 0x0000000000000000
2026/09/28 15:15:02.781, 75, 96.33 W, 67 %, 1875 MHz, 0x0000000000000000
2026/09/28 15:15:12.796, 75, 96.72 W, 68 %, 1875 MHz, 0x0000000000000000
2026/09/28 15:15:22.811, 76, 96.24 W, 67 %, 1875 MHz, 0x0000000000000000
2026/09/28 15:15:32.826, 75, 96.51 W, 68 %, 1875 MHz, 0x0000000000000000
2026/09/28 15:15:42.843, 75, 96.25 W, 67 %, 1875 MHz, 0x0000000000000000
2026/09/28 15:15:52.859, 75, 96.22 W, 68 %, 1875 MHz, 0x0000000000000000
2026/09/28 15:16:02.875, 75, 96.99 W, 67 %, 1875 MHz, 0x0000000000000000
2026/09/28 15:16:12.890, 75, 96.18 W, 67 %, 1875 MHz, 0x0000000000000000
2026/09/28 15:16:22.904, 75, 96.21 W, 67 %, 1875 MHz, 0x0000000000000000
2026/09/28 15:16:32.919, 76, 96.27 W, 67 %, 1875 MHz, 0x0000000000000000
2026/09/28 15:16:42.934, 75, 96.15 W, 67 %, 1875 MHz, 0x0000000000000000
2026/09/28 15:16:52.950, 75, 97.02 W, 68 %, 1875 MHz, 0x0000000000000000
2026/09/28 15:17:02.964, 75, 96.24 W, 67 %, 1875 MHz, 0x0000000000000000
2026/09/28 15:17:12.979, 75, 96.55 W, 68 %, 1875 MHz, 0x0000000000000000
2026/09/28 15:17:22.994, 76, 97.06 W, 68 %, 1875 MHz, 0x0000000000000000
2026/09/28 15:17:33.008, 75, 96.43 W, 67 %, 1875 MHz, 0x0000000000000000
2026/09/28 15:17:43.024, 76, 96.39 W, 68 %, 1875 MHz, 0x0000000000000000
2026/09/28 15:17:53.039, 75, 96.54 W, 68 %, 1875 MHz, 0x0000000000000000
2026/09/28 15:18:03.055, 75, 96.56 W, 67 %, 1875 MHz, 0x0000000000000000
2026/09/28 15:18:13.070, 75, 96.44 W, 68 %, 1875 MHz, 0x0000000000000000
2026/09/28 15:18:23.086, 75, 96.14 W, 68 %, 1875 MHz, 0x0000000000000000
2026/09/28 15:18:33.101, 75, 96.61 W, 67 %, 1875 MHz, 0x0000000000000000
2026/09/28 15:18:43.116, 75, 96.57 W, 67 %, 1875 MHz, 0x0000000000000000
2026/09/28 15:18:53.130, 75, 96.55 W, 67 %, 1875 MHz, 0x0000000000000000
2026/09/28 15:19:03.145, 75, 95.68 W, 68 %, 1875 MHz, 0x0000000000000000
2026/09/28 15:19:13.160, 75, 96.95 W, 68 %, 1875 MHz, 0x0000000000000000
2026/09/28 15:19:23.176, 75, 96.44 W, 67 %, 1875 MHz, 0x0000000000000000
2026/09/28 15:19:33.192, 75, 97.11 W, 67 %, 1875 MHz, 0x0000000000000000
2026/09/28 15:19:43.208, 75, 96.31 W, 68 %, 1875 MHz, 0x0000000000000000
2026/09/28 15:19:53.222, 75, 96.69 W, 68 %, 1875 MHz, 0x0000000000000000
2026/09/28 15:20:03.237, 75, 96.20 W, 68 %, 1875 MHz, 0x0000000000000000
2026/09/28 15:20:13.254, 75, 96.58 W, 68 %, 1875 MHz, 0x0000000000000000
2026/09/28 15:20:23.270, 75, 96.57 W, 67 %, 1875 MHz, 0x0000000000000000
2026/09/28 15:20:33.288, 75, 96.47 W, 68 %, 1875 MHz, 0x0000000000000000
2026/09/28 15:20:43.304, 75, 97.25 W, 68 %, 1875 MHz, 0x0000000000000000
2026/09/28 15:20:53.320, 75, 96.94 W, 68 %, 1875 MHz, 0x0000000000000000
2026/09/28 15:21:03.336, 76, 96.82 W, 68 %, 1875 MHz, 0x0000000000000000
2026/09/28 15:21:13.350, 75, 96.91 W, 68 %, 1875 MHz, 0x0000000000000000
2026/09/28 15:21:23.366, 75, 96.49 W, 68 %, 1875 MHz, 0x0000000000000000
2026/09/28 15:21:33.383, 76, 96.54 W, 68 %, 1875 MHz, 0x0000000000000000
2026/09/28 15:21:43.399, 76, 96.44 W, 67 %, 1875 MHz, 0x0000000000000000
2026/09/28 15:21:53.416, 76, 96.35 W, 68 %, 1875 MHz, 0x0000000000000000
2026/09/28 15:22:03.432, 76, 96.68 W, 67 %, 1875 MHz, 0x0000000000000000
2026/09/28 15:22:13.448, 76, 96.39 W, 67 %, 1875 MHz, 0x0000000000000000
2026/09/28 15:22:23.467, 76, 96.84 W, 67 %, 1875 MHz, 0x0000000000000000
2026/09/28 15:22:33.483, 75, 96.83 W, 67 %, 1875 MHz, 0x0000000000000000
2026/09/28 15:22:43.500, 76, 96.75 W, 67 %, 1875 MHz, 0x0000000000000000
2026/09/28 15:22:53.515, 75, 96.36 W, 67 %, 1875 MHz, 0x0000000000000000
2026/09/28 15:23:03.531, 75, 96.16 W, 67 %, 1875 MHz, 0x0000000000000000
2026/09/28 15:23:13.548, 75, 96.90 W, 67 %, 1875 MHz, 0x0000000000000000
2026/09/28 15:23:23.562, 76, 95.98 W, 65 %, 1875 MHz, 0x0000000000000000
2026/09/28 15:23:33.578, 76, 96.94 W, 68 %, 1875 MHz, 0x0000000000000000
2026/09/28 15:23:43.596, 76, 97.04 W, 67 %, 1875 MHz, 0x0000000000000000
2026/09/28 15:23:53.612, 76, 96.22 W, 67 %, 1875 MHz, 0x0000000000000000
2026/09/28 15:24:03.627, 76, 96.35 W, 67 %, 1875 MHz, 0x0000000000000000
2026/09/28 15:24:13.642, 76, 96.20 W, 67 %, 1875 MHz, 0x0000000000000000
2026/09/28 15:24:23.657, 76, 96.20 W, 67 %, 1875 MHz, 0x0000000000000000
2026/09/28 15:24:33.671, 76, 96.24 W, 66 %, 1875 MHz, 0x0000000000000000
2026/09/28 15:24:43.687, 76, 96.59 W, 68 %, 1875 MHz, 0x0000000000000000
2026/09/28 15:24:53.702, 76, 96.30 W, 67 %, 1875 MHz, 0x0000000000000000
2026/09/28 15:25:03.717, 75, 96.29 W, 68 %, 1875 MHz, 0x0000000000000000
2026/09/28 15:25:13.732, 76, 96.57 W, 69 %, 1875 MHz, 0x0000000000000000
2026/09/28 15:25:23.746, 76, 96.26 W, 67 %, 1875 MHz, 0x0000000000000000
2026/09/28 15:25:33.761, 76, 96.32 W, 68 %, 1875 MHz, 0x0000000000000000
2026/09/28 15:25:43.776, 76, 96.77 W, 68 %, 1875 MHz, 0x0000000000000000
2026/09/28 15:25:53.793, 76, 96.39 W, 67 %, 1875 MHz, 0x0000000000000000
2026/09/28 15:26:03.811, 76, 96.96 W, 68 %, 1875 MHz, 0x0000000000000000
2026/09/28 15:26:13.826, 76, 96.08 W, 68 %, 1875 MHz, 0x0000000000000000
2026/09/28 15:26:23.842, 76, 96.51 W, 67 %, 1875 MHz, 0x0000000000000000
2026/09/28 15:26:33.857, 76, 96.51 W, 67 %, 1875 MHz, 0x0000000000000000
2026/09/28 15:26:43.872, 75, 96.65 W, 67 %, 1875 MHz, 0x0000000000000000
2026/09/28 15:26:53.888, 75, 96.34 W, 67 %, 1875 MHz, 0x0000000000000000
2026/09/28 15:27:03.902, 76, 96.76 W, 68 %, 1875 MHz, 0x0000000000000000
2026/09/28 15:27:13.919, 75, 96.75 W, 68 %, 1875 MHz, 0x0000000000000000
2026/09/28 15:27:23.936, 76, 96.27 W, 67 %, 1875 MHz, 0x0000000000000000
2026/09/28 15:27:33.951, 75, 96.43 W, 68 %, 1875 MHz, 0x0000000000000000
2026/09/28 15:27:43.967, 76, 96.20 W, 67 %, 1875 MHz, 0x0000000000000000
2026/09/28 15:27:53.982, 76, 96.23 W, 68 %, 1875 MHz, 0x0000000000000000
2026/09/28 15:28:03.999, 75, 96.88 W, 67 %, 1875 MHz, 0x0000000000000000
2026/09/28 15:28:14.016, 75, 96.16 W, 67 %, 1875 MHz, 0x0000000000000000
2026/09/28 15:28:24.031, 76, 96.48 W, 68 %, 1875 MHz, 0x0000000000000000
2026/09/28 15:28:34.048, 76, 96.07 W, 67 %, 1875 MHz, 0x0000000000000000
2026/09/28 15:28:44.062, 76, 97.00 W, 67 %, 1875 MHz, 0x0000000000000000
2026/09/28 15:28:54.078, 75, 96.43 W, 67 %, 1875 MHz, 0x0000000000000000
2026/09/28 15:29:04.095, 75, 97.17 W, 68 %, 1875 MHz, 0x0000000000000000
2026/09/28 15:29:14.112, 76, 96.41 W, 67 %, 1875 MHz, 0x0000000000000000
2026/09/28 15:29:24.128, 75, 96.14 W, 68 %, 1875 MHz, 0x0000000000000000
2026/09/28 15:29:34.143, 75, 96.35 W, 67 %, 1875 MHz, 0x0000000000000000
2026/09/28 15:29:44.161, 76, 97.21 W, 68 %, 1875 MHz, 0x0000000000000000
2026/09/28 15:29:54.176, 76, 96.32 W, 68 %, 1875 MHz, 0x0000000000000000
2026/09/28 15:30:04.191, 75, 96.48 W, 67 %, 1875 MHz, 0x0000000000000000
2026/09/28 15:30:14.209, 75, 96.13 W, 67 %, 1875 MHz, 0x0000000000000000
2026/09/28 15:30:24.226, 75, 96.88 W, 68 %, 1875 MHz, 0x0000000000000000
2026/09/28 15:30:34.241, 75, 96.27 W, 68 %, 1875 MHz, 0x0000000000000000
2026/09/28 15:30:44.257, 75, 97.07 W, 67 %, 1875 MHz, 0x0000000000000000
2026/09/28 15:30:54.273, 75, 96.46 W, 68 %, 1875 MHz, 0x0000000000000000
2026/09/28 15:31:04.288, 75, 96.89 W, 68 %, 1875 MHz, 0x0000000000000000
2026/09/28 15:31:14.303, 75, 96.33 W, 68 %, 1875 MHz, 0x0000000000000000
2026/09/28 15:31:24.320, 75, 96.81 W, 67 %, 1875 MHz, 0x0000000000000000
2026/09/28 15:31:34.336, 75, 96.49 W, 67 %, 1875 MHz, 0x0000000000000000
2026/09/28 15:31:44.353, 75, 96.46 W, 68 %, 1875 MHz, 0x0000000000000000
2026/09/28 15:31:54.369, 75, 96.21 W, 68 %, 1875 MHz, 0x0000000000000000
2026/09/28 15:32:04.384, 76, 96.77 W, 68 %, 1875 MHz, 0x0000000000000000
2026/09/28 15:32:14.400, 75, 96.61 W, 68 %, 1875 MHz, 0x0000000000000000
2026/09/28 15:32:24.417, 75, 96.52 W, 68 %, 1875 MHz, 0x0000000000000000
2026/09/28 15:32:34.433, 75, 96.44 W, 68 %, 1875 MHz, 0x0000000000000000
2026/09/28 15:32:44.449, 75, 96.63 W, 68 %, 1875 MHz, 0x0000000000000000
2026/09/28 15:32:54.465, 76, 96.21 W, 67 %, 1875 MHz, 0x0000000000000000
2026/09/28 15:33:04.482, 75, 96.40 W, 67 %, 1875 MHz, 0x0000000000000000
2026/09/28 15:33:14.498, 75, 96.27 W, 67 %, 1875 MHz, 0x0000000000000000
2026/09/28 15:33:24.515, 75, 96.92 W, 67 %, 1875 MHz, 0x0000000000000000
2026/09/28 15:33:34.532, 75, 96.38 W, 68 %, 1875 MHz, 0x0000000000000000
2026/09/28 15:33:44.549, 75, 96.28 W, 67 %, 1875 MHz, 0x0000000000000000
2026/09/28 15:33:54.566, 76, 96.84 W, 68 %, 1875 MHz, 0x0000000000000000
2026/09/28 15:34:04.582, 75, 96.98 W, 68 %, 1875 MHz, 0x0000000000000000
2026/09/28 15:34:14.599, 75, 96.77 W, 68 %, 1875 MHz, 0x0000000000000000
2026/09/28 15:34:24.615, 76, 96.45 W, 68 %, 1875 MHz, 0x0000000000000000
2026/09/28 15:34:34.630, 75, 96.37 W, 67 %, 1875 MHz, 0x0000000000000000
2026/09/28 15:34:44.646, 75, 96.19 W, 68 %, 1875 MHz, 0x0000000000000000
2026/09/28 15:34:54.662, 75, 96.45 W, 69 %, 1875 MHz, 0x0000000000000000
2026/09/28 15:35:04.678, 75, 96.30 W, 68 %, 1875 MHz, 0x0000000000000000
2026/09/28 15:35:14.693, 75, 96.61 W, 68 %, 1875 MHz, 0x0000000000000000
2026/09/28 15:35:24.709, 75, 96.94 W, 68 %, 1875 MHz, 0x0000000000000000
2026/09/28 15:35:34.723, 75, 96.71 W, 67 %, 1875 MHz, 0x0000000000000000
2026/09/28 15:35:44.738, 75, 95.23 W, 68 %, 1875 MHz, 0x0000000000000000
2026/09/28 15:35:54.754, 75, 95.29 W, 68 %, 1875 MHz, 0x0000000000000000
2026/09/28 15:36:04.769, 75, 97.10 W, 68 %, 1875 MHz, 0x0000000000000000
2026/09/28 15:36:14.783, 75, 95.99 W, 67 %, 1875 MHz, 0x0000000000000000
2026/09/28 15:36:24.799, 75, 97.07 W, 67 %, 1875 MHz, 0x0000000000000000
2026/09/28 15:36:34.813, 75, 96.15 W, 67 %, 1875 MHz, 0x0000000000000000
2026/09/28 15:36:44.828, 76, 96.59 W, 67 %, 1875 MHz, 0x0000000000000000
2026/09/28 15:36:54.844, 75, 96.09 W, 67 %, 1875 MHz, 0x0000000000000000
2026/09/28 15:37:04.861, 75, 96.61 W, 67 %, 1875 MHz, 0x0000000000000000
2026/09/28 15:37:14.879, 75, 96.43 W, 65 %, 1875 MHz, 0x0000000000000000
2026/09/28 15:37:24.895, 75, 96.53 W, 67 %, 1875 MHz, 0x0000000000000000
2026/09/28 15:37:34.910, 75, 96.87 W, 66 %, 1875 MHz, 0x0000000000000000
2026/09/28 15:37:44.927, 75, 96.70 W, 67 %, 1875 MHz, 0x0000000000000000
2026/09/28 15:37:54.943, 75, 96.60 W, 67 %, 1875 MHz, 0x0000000000000000
2026/09/28 15:38:04.959, 75, 96.78 W, 67 %, 1875 MHz, 0x0000000000000000
2026/09/28 15:38:14.976, 75, 96.11 W, 67 %, 1875 MHz, 0x0000000000000000
2026/09/28 15:38:24.993, 75, 96.12 W, 67 %, 1875 MHz, 0x0000000000000000
2026/09/28 15:38:35.009, 75, 95.72 W, 67 %, 1875 MHz, 0x0000000000000000
2026/09/28 15:38:45.024, 75, 96.13 W, 67 %, 1875 MHz, 0x0000000000000000
2026/09/28 15:38:55.039, 75, 96.20 W, 67 %, 1875 MHz, 0x0000000000000000
2026/09/28 15:39:05.054, 75, 96.31 W, 67 %, 1875 MHz, 0x0000000000000000
2026/09/28 15:39:15.071, 75, 96.32 W, 67 %, 1875 MHz, 0x0000000000000000
2026/09/28 15:39:25.087, 75, 96.18 W, 67 %, 1875 MHz, 0x0000000000000000
2026/09/28 15:39:35.103, 75, 96.22 W, 68 %, 1875 MHz, 0x0000000000000000
2026/09/28 15:39:45.119, 75, 96.88 W, 67 %, 1875 MHz, 0x0000000000000000
2026/09/28 15:39:55.133, 75, 95.98 W, 67 %, 1875 MHz, 0x0000000000000000
2026/09/28 15:40:05.148, 75, 96.22 W, 68 %, 1875 MHz, 0x0000000000000000
2026/09/28 15:40:15.165, 75, 96.54 W, 66 %, 1875 MHz, 0x0000000000000000
2026/09/28 15:40:25.182, 75, 96.12 W, 67 %, 1875 MHz, 0x0000000000000000
2026/09/28 15:40:35.199, 75, 96.04 W, 68 %, 1875 MHz, 0x0000000000000000
2026/09/28 15:40:45.215, 75, 95.94 W, 67 %, 1875 MHz, 0x0000000000000000
2026/09/28 15:40:55.230, 75, 95.84 W, 67 %, 1875 MHz, 0x0000000000000000
2026/09/28 15:41:05.246, 75, 96.56 W, 67 %, 1875 MHz, 0x0000000000000000
2026/09/28 15:41:15.260, 75, 96.29 W, 67 %, 1875 MHz, 0x0000000000000000
2026/09/28 15:41:25.277, 75, 96.45 W, 66 %, 1875 MHz, 0x0000000000000000
2026/09/28 15:41:35.294, 75, 96.12 W, 67 %, 1875 MHz, 0x0000000000000000
2026/09/28 15:41:45.310, 75, 96.06 W, 67 %, 1875 MHz, 0x0000000000000000
2026/09/28 15:41:55.326, 75, 96.33 W, 67 %, 1875 MHz, 0x0000000000000000
2026/09/28 15:42:05.341, 75, 95.96 W, 66 %, 1875 MHz, 0x0000000000000000
2026/09/28 15:42:15.356, 75, 96.58 W, 67 %, 1875 MHz, 0x0000000000000000
2026/09/28 15:42:25.371, 75, 96.45 W, 67 %, 1875 MHz, 0x0000000000000000
2026/09/28 15:42:35.388, 75, 96.12 W, 67 %, 1875 MHz, 0x0000000000000000
2026/09/28 15:42:45.405, 75, 96.58 W, 67 %, 1875 MHz, 0x0000000000000000
2026/09/28 15:42:55.420, 75, 96.07 W, 67 %, 1875 MHz, 0x0000000000000000
2026/09/28 15:43:05.436, 75, 96.74 W, 67 %, 1875 MHz, 0x0000000000000000
2026/09/28 15:43:15.452, 75, 96.14 W, 67 %, 1875 MHz, 0x0000000000000000
2026/09/28 15:43:25.467, 75, 96.13 W, 67 %, 1875 MHz, 0x0000000000000000
2026/09/28 15:43:35.482, 75, 96.24 W, 67 %, 1875 MHz, 0x0000000000000000
2026/09/28 15:43:45.498, 75, 96.13 W, 67 %, 1875 MHz, 0x0000000000000000
2026/09/28 15:43:55.515, 75, 96.02 W, 67 %, 1875 MHz, 0x0000000000000000
2026/09/28 15:44:05.532, 75, 96.22 W, 67 %, 1875 MHz, 0x0000000000000000
2026/09/28 15:44:15.548, 75, 96.37 W, 68 %, 1875 MHz, 0x0000000000000000
2026/09/28 15:44:25.564, 75, 96.32 W, 68 %, 1875 MHz, 0x0000000000000000
2026/09/28 15:44:35.579, 75, 96.57 W, 68 %, 1875 MHz, 0x0000000000000000
2026/09/28 15:44:45.595, 75, 96.54 W, 68 %, 1875 MHz, 0x0000000000000000
2026/09/28 15:44:55.613, 75, 96.13 W, 68 %, 1875 MHz, 0x0000000000000000
2026/09/28 15:45:05.629, 75, 95.88 W, 67 %, 1875 MHz, 0x0000000000000000
2026/09/28 15:45:15.644, 75, 96.18 W, 67 %, 1875 MHz, 0x0000000000000000
2026/09/28 15:45:25.660, 75, 96.07 W, 68 %, 1875 MHz, 0x0000000000000000
2026/09/28 15:45:35.674, 75, 96.16 W, 68 %, 1875 MHz, 0x0000000000000000
2026/09/28 15:45:45.689, 75, 97.07 W, 68 %, 1875 MHz, 0x0000000000000000
2026/09/28 15:45:55.705, 75, 96.59 W, 67 %, 1875 MHz, 0x0000000000000000
2026/09/28 15:46:05.722, 75, 96.32 W, 68 %, 1875 MHz, 0x0000000000000000
2026/09/28 15:46:15.737, 75, 96.34 W, 67 %, 1875 MHz, 0x0000000000000000
2026/09/28 15:46:25.752, 75, 96.52 W, 67 %, 1875 MHz, 0x0000000000000000
2026/09/28 15:46:35.767, 75, 96.45 W, 67 %, 1875 MHz, 0x0000000000000000
2026/09/28 15:46:45.782, 75, 96.86 W, 67 %, 1875 MHz, 0x0000000000000000
2026/09/28 15:46:55.799, 75, 96.33 W, 68 %, 1875 MHz, 0x0000000000000000
2026/09/28 15:47:05.813, 75, 96.10 W, 68 %, 1875 MHz, 0x0000000000000000
2026/09/28 15:47:15.828, 75, 96.16 W, 68 %, 1875 MHz, 0x0000000000000000
2026/09/28 15:47:25.843, 75, 96.74 W, 67 %, 1875 MHz, 0x0000000000000000
2026/09/28 15:47:35.858, 75, 96.36 W, 68 %, 1875 MHz, 0x0000000000000000
2026/09/28 15:47:45.874, 75, 96.24 W, 67 %, 1875 MHz, 0x0000000000000000
2026/09/28 15:47:55.888, 75, 96.49 W, 67 %, 1875 MHz, 0x0000000000000000
2026/09/28 15:48:05.904, 75, 95.85 W, 67 %, 1875 MHz, 0x0000000000000000
2026/09/28 15:48:15.921, 75, 96.24 W, 67 %, 1875 MHz, 0x0000000000000000
2026/09/28 15:48:25.938, 75, 96.19 W, 68 %, 1875 MHz, 0x0000000000000000
2026/09/28 15:48:35.955, 75, 96.28 W, 68 %, 1875 MHz, 0x0000000000000000
2026/09/28 15:48:45.970, 75, 96.38 W, 68 %, 1875 MHz, 0x0000000000000000
2026/09/28 15:48:55.987, 75, 95.99 W, 68 %, 1875 MHz, 0x0000000000000000
2026/09/28 15:49:06.004, 75, 96.04 W, 68 %, 1875 MHz, 0x0000000000000000
2026/09/28 15:49:16.021, 75, 96.14 W, 68 %, 1875 MHz, 0x0000000000000000
2026/09/28 15:49:26.037, 75, 96.14 W, 67 %, 1875 MHz, 0x0000000000000000
2026/09/28 15:49:36.054, 75, 96.10 W, 67 %, 1875 MHz, 0x0000000000000000
2026/09/28 15:49:46.070, 75, 96.48 W, 68 %, 1875 MHz, 0x0000000000000000
2026/09/28 15:49:56.086, 75, 96.66 W, 67 %, 1875 MHz, 0x0000000000000000
2026/09/28 15:50:06.101, 75, 96.49 W, 67 %, 1875 MHz, 0x0000000000000000
2026/09/28 15:50:16.120, 75, 96.48 W, 67 %, 1875 MHz, 0x0000000000000000
2026/09/28 15:50:26.137, 75, 96.25 W, 67 %, 1875 MHz, 0x0000000000000000
2026/09/28 15:50:36.152, 75, 96.57 W, 68 %, 1875 MHz, 0x0000000000000000
2026/09/28 15:50:46.168, 75, 96.33 W, 67 %, 1875 MHz, 0x0000000000000000
2026/09/28 15:50:56.183, 75, 96.57 W, 67 %, 1875 MHz, 0x0000000000000000
2026/09/28 15:51:06.198, 75, 96.07 W, 67 %, 1875 MHz, 0x0000000000000000
2026/09/28 15:51:16.214, 75, 96.30 W, 67 %, 1875 MHz, 0x0000000000000000
2026/09/28 15:51:26.231, 75, 96.15 W, 67 %, 1875 MHz, 0x0000000000000000
2026/09/28 15:51:36.247, 75, 97.03 W, 68 %, 1875 MHz, 0x0000000000000000
2026/09/28 15:51:46.263, 75, 95.91 W, 67 %, 1875 MHz, 0x0000000000000000
2026/09/28 15:51:56.278, 75, 95.89 W, 68 %, 1875 MHz, 0x0000000000000000
2026/09/28 15:52:06.292, 75, 95.89 W, 67 %, 1875 MHz, 0x0000000000000000
2026/09/28 15:52:16.307, 75, 96.14 W, 67 %, 1875 MHz, 0x0000000000000000
2026/09/28 15:52:26.322, 75, 96.51 W, 67 %, 1875 MHz, 0x0000000000000000
2026/09/28 15:52:36.339, 75, 96.84 W, 68 %, 1875 MHz, 0x0000000000000000
2026/09/28 15:52:46.356, 75, 95.72 W, 67 %, 1875 MHz, 0x0000000000000000
2026/09/28 15:52:56.372, 75, 96.03 W, 68 %, 1875 MHz, 0x0000000000000000
2026/09/28 15:53:06.387, 75, 95.82 W, 68 %, 1875 MHz, 0x0000000000000000
2026/09/28 15:53:16.402, 75, 96.42 W, 68 %, 1875 MHz, 0x0000000000000000
2026/09/28 15:53:26.417, 75, 95.76 W, 68 %, 1875 MHz, 0x0000000000000000
2026/09/28 15:53:36.433, 75, 96.04 W, 67 %, 1875 MHz, 0x0000000000000000
2026/09/28 15:53:46.449, 75, 96.70 W, 68 %, 1875 MHz, 0x0000000000000000
2026/09/28 15:53:56.466, 75, 96.11 W, 68 %, 1875 MHz, 0x0000000000000000
2026/09/28 15:54:06.482, 75, 95.67 W, 68 %, 1875 MHz, 0x0000000000000000
2026/09/28 15:54:16.498, 75, 96.09 W, 67 %, 1875 MHz, 0x0000000000000000
2026/09/28 15:54:26.513, 75, 95.78 W, 68 %, 1875 MHz, 0x0000000000000000
2026/09/28 15:54:36.528, 75, 95.95 W, 68 %, 1875 MHz, 0x0000000000000000
2026/09/28 15:54:46.546, 75, 96.07 W, 68 %, 1875 MHz, 0x0000000000000000
2026/09/28 15:54:56.562, 75, 96.48 W, 68 %, 1875 MHz, 0x0000000000000000
2026/09/28 15:55:06.578, 75, 95.74 W, 67 %, 1875 MHz, 0x0000000000000000
2026/09/28 15:55:16.593, 75, 95.83 W, 68 %, 1875 MHz, 0x0000000000000000
2026/09/28 15:55:26.607, 75, 95.82 W, 67 %, 1875 MHz, 0x0000000000000000
2026/09/28 15:55:36.624, 75, 96.02 W, 67 %, 1875 MHz, 0x0000000000000000
2026/09/28 15:55:46.639, 75, 95.63 W, 68 %, 1875 MHz, 0x0000000000000000
2026/09/28 15:55:56.655, 75, 96.08 W, 67 %, 1875 MHz, 0x0000000000000000
2026/09/28 15:56:06.671, 75, 96.39 W, 68 %, 1875 MHz, 0x0000000000000000
2026/09/28 15:56:16.686, 75, 96.89 W, 68 %, 1875 MHz, 0x0000000000000000
2026/09/28 15:56:26.702, 75, 96.04 W, 67 %, 1875 MHz, 0x0000000000000000
2026/09/28 15:56:36.717, 75, 96.14 W, 68 %, 1875 MHz, 0x0000000000000000
2026/09/28 15:56:46.732, 75, 96.17 W, 68 %, 1875 MHz, 0x0000000000000000
2026/09/28 15:56:56.747, 75, 96.10 W, 67 %, 1875 MHz, 0x0000000000000000
2026/09/28 15:57:06.763, 75, 96.14 W, 67 %, 1875 MHz, 0x0000000000000000
2026/09/28 15:57:16.779, 75, 96.33 W, 67 %, 1875 MHz, 0x0000000000000000
2026/09/28 15:57:26.795, 75, 96.01 W, 68 %, 1875 MHz, 0x0000000000000000
2026/09/28 15:57:36.811, 75, 94.76 W, 67 %, 1875 MHz, 0x0000000000000000
2026/09/28 15:57:46.827, 75, 96.28 W, 67 %, 1875 MHz, 0x0000000000000000
2026/09/28 15:57:56.841, 75, 96.46 W, 68 %, 1875 MHz, 0x0000000000000000
2026/09/28 15:58:06.857, 75, 95.24 W, 67 %, 1875 MHz, 0x0000000000000000
2026/09/28 15:58:16.873, 75, 94.83 W, 67 %, 1875 MHz, 0x0000000000000000
2026/09/28 15:58:26.887, 75, 96.19 W, 67 %, 1875 MHz, 0x0000000000000000
2026/09/28 15:58:36.902, 75, 96.31 W, 67 %, 1875 MHz, 0x0000000000000000
2026/09/28 15:58:46.917, 75, 95.66 W, 68 %, 1875 MHz, 0x0000000000000000
2026/09/28 15:58:56.932, 75, 96.33 W, 68 %, 1875 MHz, 0x0000000000000000
2026/09/28 15:59:06.946, 75, 96.22 W, 67 %, 1875 MHz, 0x0000000000000000
2026/09/28 15:59:16.963, 75, 96.19 W, 67 %, 1875 MHz, 0x0000000000000000
2026/09/28 15:59:26.980, 75, 95.97 W, 66 %, 1875 MHz, 0x0000000000000000
2026/09/28 15:59:36.996, 75, 95.96 W, 67 %, 1875 MHz, 0x0000000000000000
2026/09/28 15:59:47.012, 75, 96.14 W, 67 %, 1875 MHz, 0x0000000000000000
2026/09/28 15:59:57.028, 75, 96.06 W, 67 %, 1875 MHz, 0x0000000000000000
2026/09/28 16:00:07.044, 75, 96.20 W, 67 %, 1875 MHz, 0x0000000000000000
2026/09/28 16:00:17.061, 75, 96.07 W, 67 %, 1875 MHz, 0x0000000000000000
2026/09/28 16:00:27.076, 75, 96.64 W, 67 %, 1875 MHz, 0x0000000000000000
2026/09/28 16:00:37.091, 75, 96.33 W, 67 %, 1875 MHz, 0x0000000000000000
2026/09/28 16:00:47.106, 75, 96.48 W, 67 %, 1875 MHz, 0x0000000000000000
2026/09/28 16:00:57.121, 75, 96.44 W, 67 %, 1875 MHz, 0x0000000000000000
2026/09/28 16:01:07.138, 75, 96.73 W, 67 %, 1875 MHz, 0x0000000000000000
2026/09/28 16:01:17.154, 75, 96.18 W, 67 %, 1875 MHz, 0x0000000000000000
2026/09/28 16:01:27.170, 75, 96.01 W, 67 %, 1875 MHz, 0x0000000000000000
2026/09/28 16:01:37.184, 75, 96.11 W, 67 %, 1875 MHz, 0x0000000000000000
2026/09/28 16:01:47.200, 75, 96.41 W, 67 %, 1875 MHz, 0x0000000000000000
2026/09/28 16:01:57.215, 75, 96.38 W, 67 %, 1875 MHz, 0x0000000000000000
2026/09/28 16:02:07.229, 75, 96.18 W, 67 %, 1875 MHz, 0x0000000000000000
2026/09/28 16:02:17.244, 75, 96.42 W, 67 %, 1875 MHz, 0x0000000000000000
2026/09/28 16:02:27.259, 75, 95.68 W, 67 %, 1875 MHz, 0x0000000000000000
2026/09/28 16:02:37.275, 75, 96.08 W, 67 %, 1875 MHz, 0x0000000000000000
2026/09/28 16:02:47.291, 75, 96.13 W, 68 %, 1875 MHz, 0x0000000000000000
2026/09/28 16:02:57.305, 75, 96.31 W, 67 %, 1875 MHz, 0x0000000000000000
2026/09/28 16:03:07.321, 75, 96.12 W, 68 %, 1875 MHz, 0x0000000000000000
2026/09/28 16:03:17.335, 75, 95.76 W, 67 %, 1875 MHz, 0x0000000000000000
2026/09/28 16:03:27.350, 75, 96.25 W, 68 %, 1875 MHz, 0x0000000000000000
2026/09/28 16:03:37.365, 75, 95.83 W, 67 %, 1875 MHz, 0x0000000000000000
2026/09/28 16:03:47.380, 75, 96.34 W, 66 %, 1875 MHz, 0x0000000000000000
2026/09/28 16:03:57.397, 75, 96.40 W, 67 %, 1875 MHz, 0x0000000000000000
2026/09/28 16:04:07.412, 75, 96.58 W, 67 %, 1875 MHz, 0x0000000000000000
2026/09/28 16:04:17.427, 75, 96.33 W, 67 %, 1875 MHz, 0x0000000000000000
2026/09/28 16:04:27.442, 75, 95.96 W, 67 %, 1875 MHz, 0x0000000000000000
2026/09/28 16:04:37.457, 75, 95.87 W, 67 %, 1875 MHz, 0x0000000000000000
2026/09/28 16:04:47.473, 75, 95.85 W, 67 %, 1875 MHz, 0x0000000000000000
2026/09/28 16:04:57.490, 75, 95.94 W, 67 %, 1875 MHz, 0x0000000000000000
2026/09/28 16:05:07.505, 75, 96.34 W, 67 %, 1875 MHz, 0x0000000000000000
2026/09/28 16:05:17.521, 75, 96.01 W, 67 %, 1875 MHz, 0x0000000000000000
2026/09/28 16:05:27.537, 75, 96.47 W, 66 %, 1875 MHz, 0x0000000000000000
2026/09/28 16:05:37.553, 75, 96.40 W, 67 %, 1875 MHz, 0x0000000000000000
2026/09/28 16:05:47.567, 75, 96.24 W, 67 %, 1875 MHz, 0x0000000000000000
2026/09/28 16:05:57.584, 75, 96.24 W, 66 %, 1875 MHz, 0x0000000000000000
2026/09/28 16:06:07.602, 75, 96.22 W, 67 %, 1875 MHz, 0x0000000000000000
2026/09/28 16:06:17.617, 75, 95.96 W, 67 %, 1875 MHz, 0x0000000000000000
2026/09/28 16:06:27.633, 75, 95.89 W, 67 %, 1875 MHz, 0x0000000000000000
2026/09/28 16:06:37.652, 75, 95.77 W, 67 %, 1875 MHz, 0x0000000000000000
2026/09/28 16:06:47.667, 75, 95.99 W, 66 %, 1875 MHz, 0x0000000000000000
2026/09/28 16:06:57.681, 75, 95.67 W, 66 %, 1875 MHz, 0x0000000000000000
2026/09/28 16:07:07.698, 75, 96.53 W, 66 %, 1875 MHz, 0x0000000000000000
2026/09/28 16:07:17.715, 75, 96.42 W, 67 %, 1875 MHz, 0x0000000000000000
2026/09/28 16:07:27.731, 75, 95.88 W, 67 %, 1875 MHz, 0x0000000000000000
2026/09/28 16:07:37.747, 75, 96.25 W, 67 %, 1875 MHz, 0x0000000000000000
2026/09/28 16:07:47.764, 75, 95.69 W, 65 %, 1875 MHz, 0x0000000000000000
2026/09/28 16:07:57.778, 75, 96.11 W, 69 %, 1875 MHz, 0x0000000000000000
2026/09/28 16:08:07.795, 75, 95.79 W, 67 %, 1875 MHz, 0x0000000000000000
2026/09/28 16:08:17.811, 75, 96.12 W, 67 %, 1875 MHz, 0x0000000000000000
2026/09/28 16:08:27.827, 75, 96.03 W, 67 %, 1875 MHz, 0x0000000000000000
2026/09/28 16:08:37.844, 75, 96.26 W, 68 %, 1875 MHz, 0x0000000000000000
2026/09/28 16:08:47.858, 75, 96.24 W, 68 %, 1875 MHz, 0x0000000000000000
2026/09/28 16:08:57.873, 75, 95.61 W, 67 %, 1875 MHz, 0x0000000000000000
2026/09/28 16:09:07.888, 75, 96.38 W, 68 %, 1875 MHz, 0x0000000000000000
2026/09/28 16:09:17.904, 75, 96.33 W, 67 %, 1875 MHz, 0x0000000000000000
2026/09/28 16:09:27.920, 75, 95.77 W, 67 %, 1875 MHz, 0x0000000000000000
2026/09/28 16:09:37.934, 75, 96.89 W, 68 %, 1875 MHz, 0x0000000000000000
2026/09/28 16:09:47.949, 75, 95.97 W, 67 %, 1875 MHz, 0x0000000000000000
2026/09/28 16:09:57.964, 75, 96.13 W, 68 %, 1875 MHz, 0x0000000000000000
2026/09/28 16:10:07.979, 75, 96.75 W, 68 %, 1875 MHz, 0x0000000000000000
2026/09/28 16:10:17.994, 75, 96.93 W, 67 %, 1875 MHz, 0x0000000000000000
2026/09/28 16:10:28.009, 75, 96.58 W, 67 %, 1875 MHz, 0x0000000000000000
2026/09/28 16:10:38.026, 75, 96.42 W, 69 %, 1875 MHz, 0x0000000000000000
2026/09/28 16:10:48.042, 75, 96.21 W, 68 %, 1875 MHz, 0x0000000000000000
2026/09/28 16:10:58.059, 75, 97.16 W, 68 %, 1875 MHz, 0x0000000000000000
2026/09/28 16:11:08.075, 75, 96.61 W, 67 %, 1875 MHz, 0x0000000000000000
2026/09/28 16:11:18.090, 75, 96.25 W, 67 %, 1875 MHz, 0x0000000000000000
2026/09/28 16:11:28.107, 75, 96.34 W, 68 %, 1875 MHz, 0x0000000000000000
2026/09/28 16:11:38.124, 75, 96.11 W, 68 %, 1875 MHz, 0x0000000000000000
2026/09/28 16:11:48.141, 75, 96.01 W, 67 %, 1875 MHz, 0x0000000000000000
2026/09/28 16:11:58.160, 75, 96.45 W, 68 %, 1875 MHz, 0x0000000000000000
2026/09/28 16:12:08.174, 75, 96.03 W, 68 %, 1875 MHz, 0x0000000000000000
2026/09/28 16:12:18.189, 75, 96.91 W, 68 %, 1875 MHz, 0x0000000000000000
2026/09/28 16:12:28.204, 75, 96.19 W, 68 %, 1875 MHz, 0x0000000000000000
2026/09/28 16:12:38.219, 75, 95.79 W, 67 %, 1875 MHz, 0x0000000000000000
2026/09/28 16:12:48.236, 75, 96.43 W, 68 %, 1875 MHz, 0x0000000000000000
2026/09/28 16:12:58.251, 75, 96.09 W, 68 %, 1875 MHz, 0x0000000000000000
2026/09/28 16:13:08.268, 75, 95.86 W, 67 %, 1875 MHz, 0x0000000000000000
2026/09/28 16:13:18.283, 75, 96.46 W, 68 %, 1875 MHz, 0x0000000000000000
2026/09/28 16:13:28.298, 75, 96.44 W, 67 %, 1875 MHz, 0x0000000000000000
2026/09/28 16:13:38.313, 75, 95.95 W, 67 %, 1875 MHz, 0x0000000000000000
2026/09/28 16:13:48.330, 75, 96.07 W, 67 %, 1875 MHz, 0x0000000000000000
2026/09/28 16:13:58.345, 75, 96.19 W, 68 %, 1875 MHz, 0x0000000000000000
2026/09/28 16:14:08.361, 75, 96.08 W, 67 %, 1875 MHz, 0x0000000000000000
2026/09/28 16:14:18.376, 75, 96.06 W, 67 %, 1875 MHz, 0x0000000000000000
2026/09/28 16:14:28.392, 75, 95.92 W, 68 %, 1875 MHz, 0x0000000000000000
2026/09/28 16:14:38.407, 75, 96.11 W, 67 %, 1875 MHz, 0x0000000000000000
2026/09/28 16:14:48.423, 75, 96.19 W, 68 %, 1875 MHz, 0x0000000000000000
2026/09/28 16:14:58.440, 75, 96.14 W, 68 %, 1875 MHz, 0x0000000000000000
2026/09/28 16:15:08.457, 75, 96.14 W, 67 %, 1875 MHz, 0x0000000000000000
2026/09/28 16:15:18.472, 75, 96.44 W, 67 %, 1875 MHz, 0x0000000000000000
2026/09/28 16:15:28.488, 75, 96.65 W, 67 %, 1875 MHz, 0x0000000000000000
2026/09/28 16:15:38.503, 75, 96.25 W, 67 %, 1875 MHz, 0x0000000000000000
2026/09/28 16:15:48.517, 75, 95.84 W, 67 %, 1875 MHz, 0x0000000000000000
2026/09/28 16:15:58.534, 75, 96.85 W, 68 %, 1875 MHz, 0x0000000000000000
2026/09/28 16:16:08.551, 75, 96.04 W, 67 %, 1875 MHz, 0x0000000000000000
2026/09/28 16:16:18.568, 75, 96.20 W, 68 %, 1875 MHz, 0x0000000000000000
2026/09/28 16:16:28.584, 75, 96.12 W, 68 %, 1875 MHz, 0x0000000000000000
2026/09/28 16:16:38.599, 75, 96.59 W, 68 %, 1875 MHz, 0x0000000000000000
2026/09/28 16:16:48.616, 75, 96.15 W, 68 %, 1875 MHz, 0x0000000000000000
2026/09/28 16:16:58.631, 75, 96.07 W, 67 %, 1875 MHz, 0x0000000000000000
2026/09/28 16:17:08.647, 75, 97.01 W, 68 %, 1875 MHz, 0x0000000000000000
2026/09/28 16:17:18.665, 75, 96.20 W, 68 %, 1875 MHz, 0x0000000000000000
2026/09/28 16:17:28.680, 75, 95.83 W, 67 %, 1875 MHz, 0x0000000000000000
2026/09/28 16:17:38.696, 75, 96.02 W, 67 %, 1875 MHz, 0x0000000000000000
2026/09/28 16:17:48.712, 75, 95.80 W, 68 %, 1875 MHz, 0x0000000000000000
2026/09/28 16:17:58.727, 75, 96.35 W, 67 %, 1875 MHz, 0x0000000000000000
2026/09/28 16:18:08.746, 75, 96.52 W, 68 %, 1875 MHz, 0x0000000000000000
2026/09/28 16:18:18.761, 75, 96.38 W, 68 %, 1875 MHz, 0x0000000000000000
2026/09/28 16:18:28.777, 75, 96.04 W, 67 %, 1875 MHz, 0x0000000000000000
2026/09/28 16:18:38.793, 75, 96.20 W, 67 %, 1875 MHz, 0x0000000000000000
2026/09/28 16:18:48.808, 75, 95.97 W, 67 %, 1875 MHz, 0x0000000000000000
2026/09/28 16:18:58.824, 75, 95.89 W, 67 %, 1875 MHz, 0x0000000000000000
2026/09/28 16:19:08.839, 75, 96.56 W, 67 %, 1875 MHz, 0x0000000000000000
2026/09/28 16:19:18.855, 75, 96.33 W, 68 %, 1875 MHz, 0x0000000000000000
2026/09/28 16:19:28.871, 75, 96.14 W, 67 %, 1875 MHz, 0x0000000000000000
2026/09/28 16:19:38.887, 75, 94.61 W, 67 %, 1875 MHz, 0x0000000000000000
2026/09/28 16:19:48.902, 75, 95.51 W, 68 %, 1875 MHz, 0x0000000000000000
2026/09/28 16:19:58.917, 75, 96.18 W, 67 %, 1875 MHz, 0x0000000000000000
2026/09/28 16:20:08.932, 75, 95.67 W, 68 %, 1875 MHz, 0x0000000000000000
2026/09/28 16:20:18.947, 75, 95.96 W, 67 %, 1875 MHz, 0x0000000000000000
2026/09/28 16:20:28.962, 75, 96.27 W, 68 %, 1875 MHz, 0x0000000000000000
2026/09/28 16:20:38.977, 75, 96.01 W, 68 %, 1875 MHz, 0x0000000000000000
2026/09/28 16:20:48.992, 75, 95.98 W, 67 %, 1875 MHz, 0x0000000000000000
2026/09/28 16:20:59.006, 75, 95.82 W, 67 %, 1875 MHz, 0x0000000000000000
2026/09/28 16:21:09.023, 75, 96.66 W, 67 %, 1875 MHz, 0x0000000000000000
2026/09/28 16:21:19.037, 75, 96.72 W, 66 %, 1875 MHz, 0x0000000000000000
2026/09/28 16:21:29.052, 75, 96.81 W, 67 %, 1875 MHz, 0x0000000000000000
2026/09/28 16:21:39.068, 75, 95.95 W, 65 %, 1875 MHz, 0x0000000000000000
2026/09/28 16:21:49.083, 75, 96.52 W, 66 %, 1875 MHz, 0x0000000000000000
2026/09/28 16:21:59.099, 75, 96.61 W, 67 %, 1875 MHz, 0x0000000000000000
2026/09/28 16:22:09.115, 75, 96.89 W, 67 %, 1875 MHz, 0x0000000000000000
2026/09/28 16:22:19.131, 75, 96.51 W, 67 %, 1875 MHz, 0x0000000000000000
2026/09/28 16:22:29.148, 75, 96.54 W, 66 %, 1875 MHz, 0x0000000000000000
2026/09/28 16:22:39.166, 75, 96.29 W, 67 %, 1875 MHz, 0x0000000000000000
2026/09/28 16:22:49.183, 75, 96.40 W, 67 %, 1875 MHz, 0x0000000000000000
2026/09/28 16:22:59.199, 75, 96.25 W, 67 %, 1875 MHz, 0x0000000000000000
2026/09/28 16:23:09.214, 75, 96.38 W, 67 %, 1875 MHz, 0x0000000000000000
2026/09/28 16:23:19.229, 75, 96.02 W, 67 %, 1875 MHz, 0x0000000000000000
2026/09/28 16:23:29.244, 75, 96.59 W, 67 %, 1875 MHz, 0x0000000000000000
2026/09/28 16:23:39.259, 75, 96.69 W, 67 %, 1875 MHz, 0x0000000000000000
2026/09/28 16:23:49.275, 75, 95.77 W, 67 %, 1875 MHz, 0x0000000000000000
2026/09/28 16:23:59.291, 75, 95.64 W, 67 %, 1875 MHz, 0x0000000000000000
2026/09/28 16:24:09.306, 75, 96.29 W, 67 %, 1875 MHz, 0x0000000000000000
2026/09/28 16:24:19.321, 75, 95.83 W, 67 %, 1875 MHz, 0x0000000000000000
2026/09/28 16:24:29.336, 75, 95.64 W, 67 %, 1875 MHz, 0x0000000000000000
2026/09/28 16:24:39.351, 75, 96.21 W, 68 %, 1875 MHz, 0x0000000000000000
2026/09/28 16:24:49.366, 75, 96.91 W, 68 %, 1875 MHz, 0x0000000000000000
2026/09/28 16:24:59.382, 75, 95.57 W, 68 %, 1875 MHz, 0x0000000000000000
2026/09/28 16:25:09.398, 75, 96.01 W, 68 %, 1875 MHz, 0x0000000000000000
2026/09/28 16:25:19.414, 75, 95.70 W, 68 %, 1875 MHz, 0x0000000000000000
2026/09/28 16:25:29.429, 75, 95.79 W, 67 %, 1875 MHz, 0x0000000000000000
2026/09/28 16:25:39.444, 75, 95.44 W, 68 %, 1875 MHz, 0x0000000000000000
2026/09/28 16:25:49.459, 75, 96.04 W, 67 %, 1875 MHz, 0x0000000000000000
2026/09/28 16:25:59.477, 75, 96.17 W, 67 %, 1875 MHz, 0x0000000000000000
2026/09/28 16:26:09.492, 75, 95.73 W, 68 %, 1875 MHz, 0x0000000000000000
2026/09/28 16:26:19.506, 75, 96.74 W, 68 %, 1875 MHz, 0x0000000000000000
2026/09/28 16:26:29.521, 75, 95.98 W, 68 %, 1875 MHz, 0x0000000000000000
2026/09/28 16:26:39.536, 75, 96.08 W, 67 %, 1875 MHz, 0x0000000000000000
2026/09/28 16:26:49.550, 75, 96.69 W, 67 %, 1875 MHz, 0x0000000000000000
2026/09/28 16:26:59.565, 75, 95.99 W, 68 %, 1875 MHz, 0x0000000000000000
2026/09/28 16:27:09.582, 75, 95.80 W, 68 %, 1875 MHz, 0x0000000000000000
2026/09/28 16:27:19.599, 75, 95.83 W, 68 %, 1875 MHz, 0x0000000000000000
2026/09/28 16:27:29.615, 75, 95.92 W, 68 %, 1875 MHz, 0x0000000000000000
2026/09/28 16:27:39.631, 75, 95.80 W, 67 %, 1875 MHz, 0x0000000000000000
2026/09/28 16:27:49.646, 75, 96.02 W, 68 %, 1875 MHz, 0x0000000000000000
2026/09/28 16:27:59.661, 75, 95.63 W, 68 %, 1875 MHz, 0x0000000000000000
2026/09/28 16:28:09.677, 75, 95.91 W, 68 %, 1875 MHz, 0x0000000000000000
2026/09/28 16:28:19.692, 75, 96.25 W, 67 %, 1875 MHz, 0x0000000000000000
2026/09/28 16:28:29.709, 75, 95.88 W, 68 %, 1875 MHz, 0x0000000000000000
2026/09/28 16:28:39.725, 75, 95.73 W, 67 %, 1875 MHz, 0x0000000000000000
2026/09/28 16:28:49.741, 75, 95.86 W, 67 %, 1875 MHz, 0x0000000000000000
2026/09/28 16:28:59.756, 75, 96.58 W, 68 %, 1875 MHz, 0x0000000000000000
2026/09/28 16:29:09.771, 75, 96.42 W, 68 %, 1875 MHz, 0x0000000000000000
2026/09/28 16:29:19.787, 75, 96.55 W, 67 %, 1875 MHz, 0x0000000000000000
2026/09/28 16:29:29.804, 75, 95.71 W, 67 %, 1875 MHz, 0x0000000000000000
2026/09/28 16:29:39.820, 75, 95.58 W, 67 %, 1875 MHz, 0x0000000000000000
2026/09/28 16:29:49.836, 75, 96.07 W, 67 %, 1875 MHz, 0x0000000000000000
2026/09/28 16:29:59.851, 75, 96.04 W, 67 %, 1875 MHz, 0x0000000000000000
2026/09/28 16:30:09.867, 75, 96.25 W, 67 %, 1875 MHz, 0x0000000000000000
2026/09/28 16:30:19.882, 75, 96.87 W, 66 %, 1875 MHz, 0x0000000000000000
2026/09/28 16:30:29.897, 75, 96.35 W, 67 %, 1875 MHz, 0x0000000000000000
2026/09/28 16:30:39.913, 75, 96.61 W, 67 %, 1875 MHz, 0x0000000000000000
2026/09/28 16:30:49.929, 75, 95.85 W, 67 %, 1875 MHz, 0x0000000000000000
2026/09/28 16:30:59.944, 75, 96.29 W, 67 %, 1875 MHz, 0x0000000000000000
2026/09/28 16:31:09.960, 75, 95.86 W, 66 %, 1875 MHz, 0x0000000000000000
2026/09/28 16:31:19.974, 75, 96.52 W, 67 %, 1875 MHz, 0x0000000000000000
2026/09/28 16:31:29.989, 75, 96.28 W, 67 %, 1875 MHz, 0x0000000000000000
2026/09/28 16:31:40.004, 75, 96.09 W, 67 %, 1875 MHz, 0x0000000000000000
2026/09/28 16:31:50.018, 75, 95.98 W, 67 %, 1875 MHz, 0x0000000000000000
2026/09/28 16:32:00.034, 75, 95.86 W, 67 %, 1875 MHz, 0x0000000000000000
2026/09/28 16:32:10.050, 75, 96.08 W, 67 %, 1875 MHz, 0x0000000000000000
2026/09/28 16:32:20.065, 75, 96.19 W, 67 %, 1875 MHz, 0x0000000000000000
2026/09/28 16:32:30.080, 75, 96.32 W, 67 %, 1875 MHz, 0x0000000000000000
2026/09/28 16:32:40.095, 75, 96.14 W, 67 %, 1875 MHz, 0x0000000000000000
2026/09/28 16:32:50.111, 75, 96.69 W, 67 %, 1875 MHz, 0x0000000000000000
2026/09/28 16:33:00.126, 75, 95.92 W, 67 %, 1875 MHz, 0x0000000000000000
2026/09/28 16:33:10.142, 75, 96.65 W, 67 %, 1875 MHz, 0x0000000000000000
2026/09/28 16:33:20.157, 75, 96.16 W, 67 %, 1875 MHz, 0x0000000000000000
2026/09/28 16:33:30.173, 75, 95.75 W, 67 %, 1875 MHz, 0x0000000000000000
2026/09/28 16:33:40.192, 75, 96.18 W, 67 %, 1875 MHz, 0x0000000000000000
2026/09/28 16:33:50.208, 75, 96.12 W, 66 %, 1875 MHz, 0x0000000000000000
2026/09/28 16:34:00.225, 75, 96.22 W, 67 %, 1875 MHz, 0x0000000000000000
2026/09/28 16:34:10.239, 75, 95.86 W, 67 %, 1875 MHz, 0x0000000000000000
2026/09/28 16:34:20.254, 75, 96.18 W, 67 %, 1875 MHz, 0x0000000000000000
2026/09/28 16:34:30.269, 75, 96.22 W, 67 %, 1875 MHz, 0x0000000000000000
2026/09/28 16:34:40.284, 75, 96.04 W, 67 %, 1875 MHz, 0x0000000000000000
2026/09/28 16:34:50.299, 75, 96.73 W, 68 %, 1875 MHz, 0x0000000000000000
2026/09/28 16:35:00.315, 75, 96.45 W, 67 %, 1875 MHz, 0x0000000000000000
2026/09/28 16:35:10.331, 75, 96.22 W, 67 %, 1875 MHz, 0x0000000000000000
2026/09/28 16:35:20.347, 75, 96.55 W, 67 %, 1875 MHz, 0x0000000000000000
2026/09/28 16:35:30.362, 75, 96.60 W, 64 %, 1875 MHz, 0x0000000000000000
2026/09/28 16:35:40.377, 75, 96.19 W, 67 %, 1875 MHz, 0x0000000000000000
2026/09/28 16:35:50.391, 75, 96.55 W, 66 %, 1875 MHz, 0x0000000000000000
2026/09/28 16:36:00.406, 75, 95.80 W, 67 %, 1875 MHz, 0x0000000000000000
2026/09/28 16:36:10.424, 75, 96.27 W, 67 %, 1875 MHz, 0x0000000000000000
2026/09/28 16:36:20.440, 75, 95.97 W, 68 %, 1875 MHz, 0x0000000000000000
2026/09/28 16:36:30.456, 75, 96.16 W, 67 %, 1875 MHz, 0x0000000000000000
2026/09/28 16:36:40.471, 75, 96.12 W, 67 %, 1875 MHz, 0x0000000000000000
2026/09/28 16:36:50.486, 75, 96.76 W, 67 %, 1875 MHz, 0x0000000000000000
2026/09/28 16:37:00.501, 75, 96.46 W, 67 %, 1875 MHz, 0x0000000000000000
2026/09/28 16:37:10.518, 75, 95.62 W, 68 %, 1875 MHz, 0x0000000000000000
2026/09/28 16:37:20.535, 75, 96.00 W, 68 %, 1875 MHz, 0x0000000000000000
2026/09/28 16:37:30.551, 75, 95.85 W, 67 %, 1875 MHz, 0x0000000000000000
2026/09/28 16:37:40.566, 75, 96.02 W, 68 %, 1875 MHz, 0x0000000000000000
2026/09/28 16:37:50.581, 75, 95.84 W, 67 %, 1875 MHz, 0x0000000000000000
2026/09/28 16:38:00.596, 75, 95.77 W, 67 %, 1875 MHz, 0x0000000000000000
2026/09/28 16:38:10.611, 75, 96.41 W, 67 %, 1875 MHz, 0x0000000000000000
2026/09/28 16:38:20.628, 75, 95.78 W, 68 %, 1875 MHz, 0x0000000000000000
2026/09/28 16:38:30.645, 75, 95.78 W, 68 %, 1875 MHz, 0x0000000000000000
2026/09/28 16:38:40.661, 75, 95.94 W, 68 %, 1875 MHz, 0x0000000000000000
2026/09/28 16:38:50.676, 75, 95.86 W, 68 %, 1875 MHz, 0x0000000000000000
2026/09/28 16:39:00.694, 75, 96.68 W, 67 %, 1875 MHz, 0x0000000000000000
2026/09/28 16:39:10.709, 75, 96.09 W, 67 %, 1875 MHz, 0x0000000000000000
2026/09/28 16:39:20.724, 75, 96.15 W, 67 %, 1875 MHz, 0x0000000000000000
2026/09/28 16:39:30.739, 75, 96.15 W, 67 %, 1875 MHz, 0x0000000000000000
2026/09/28 16:39:40.755, 75, 96.46 W, 67 %, 1875 MHz, 0x0000000000000000
2026/09/28 16:39:50.771, 75, 96.80 W, 67 %, 1875 MHz, 0x0000000000000000
2026/09/28 16:40:00.787, 75, 95.89 W, 68 %, 1875 MHz, 0x0000000000000000
2026/09/28 16:40:10.801, 75, 95.90 W, 68 %, 1875 MHz, 0x0000000000000000
2026/09/28 16:40:20.816, 75, 96.55 W, 67 %, 1875 MHz, 0x0000000000000000
2026/09/28 16:40:30.833, 75, 95.77 W, 68 %, 1875 MHz, 0x0000000000000000
2026/09/28 16:40:40.850, 75, 95.82 W, 67 %, 1875 MHz, 0x0000000000000000
2026/09/28 16:40:50.867, 75, 95.49 W, 67 %, 1875 MHz, 0x0000000000000000
2026/09/28 16:41:00.882, 75, 94.44 W, 68 %, 1875 MHz, 0x0000000000000000
2026/09/28 16:41:10.897, 75, 95.58 W, 68 %, 1875 MHz, 0x0000000000000000
2026/09/28 16:41:20.911, 75, 95.83 W, 68 %, 1875 MHz, 0x0000000000000000
2026/09/28 16:41:30.926, 75, 95.86 W, 67 %, 1875 MHz, 0x0000000000000000
2026/09/28 16:41:40.943, 75, 96.40 W, 67 %, 1875 MHz, 0x0000000000000000
2026/09/28 16:41:50.960, 75, 96.16 W, 68 %, 1875 MHz, 0x0000000000000000
2026/09/28 16:42:00.976, 75, 95.90 W, 68 %, 1875 MHz, 0x0000000000000000
2026/09/28 16:42:10.991, 75, 96.16 W, 68 %, 1875 MHz, 0x0000000000000000
2026/09/28 16:42:21.006, 75, 95.94 W, 67 %, 1875 MHz, 0x0000000000000000
2026/09/28 16:42:31.021, 75, 96.60 W, 67 %, 1875 MHz, 0x0000000000000000
2026/09/28 16:42:41.037, 75, 96.50 W, 67 %, 1875 MHz, 0x0000000000000000
2026/09/28 16:42:51.054, 75, 96.57 W, 66 %, 1875 MHz, 0x0000000000000000
2026/09/28 16:43:01.068, 75, 95.93 W, 67 %, 1875 MHz, 0x0000000000000000
2026/09/28 16:43:11.083, 75, 95.98 W, 66 %, 1875 MHz, 0x0000000000000000
2026/09/28 16:43:21.099, 75, 95.80 W, 67 %, 1875 MHz, 0x0000000000000000
2026/09/28 16:43:31.113, 75, 95.91 W, 67 %, 1875 MHz, 0x0000000000000000
2026/09/28 16:43:41.128, 75, 95.82 W, 67 %, 1875 MHz, 0x0000000000000000
2026/09/28 16:43:51.144, 75, 96.52 W, 67 %, 1875 MHz, 0x0000000000000000
2026/09/28 16:44:01.161, 75, 96.02 W, 66 %, 1875 MHz, 0x0000000000000000
2026/09/28 16:44:11.176, 75, 95.71 W, 67 %, 1875 MHz, 0x0000000000000000
2026/09/28 16:44:21.193, 75, 96.10 W, 67 %, 1875 MHz, 0x0000000000000000
2026/09/28 16:44:31.211, 75, 95.95 W, 68 %, 1875 MHz, 0x0000000000000000
2026/09/28 16:44:41.227, 75, 96.32 W, 67 %, 1875 MHz, 0x0000000000000000
2026/09/28 16:44:51.244, 75, 95.42 W, 68 %, 1875 MHz, 0x0000000000000000
2026/09/28 16:45:01.259, 75, 95.45 W, 68 %, 1875 MHz, 0x0000000000000000
2026/09/28 16:45:11.276, 75, 95.50 W, 68 %, 1875 MHz, 0x0000000000000000
2026/09/28 16:45:21.292, 75, 95.96 W, 67 %, 1875 MHz, 0x0000000000000000
2026/09/28 16:45:31.306, 75, 95.78 W, 67 %, 1875 MHz, 0x0000000000000000
2026/09/28 16:45:41.321, 75, 95.88 W, 67 %, 1875 MHz, 0x0000000000000000
2026/09/28 16:45:51.336, 75, 96.00 W, 68 %, 1875 MHz, 0x0000000000000000
2026/09/28 16:46:01.351, 75, 95.79 W, 68 %, 1875 MHz, 0x0000000000000000
2026/09/28 16:46:11.368, 75, 95.29 W, 67 %, 1875 MHz, 0x0000000000000000
2026/09/28 16:46:21.384, 75, 95.78 W, 67 %, 1875 MHz, 0x0000000000000000
2026/09/28 16:46:31.400, 75, 96.04 W, 64 %, 1875 MHz, 0x0000000000000000
2026/09/28 16:46:41.415, 75, 95.51 W, 67 %, 1875 MHz, 0x0000000000000000
2026/09/28 16:46:51.430, 75, 95.77 W, 68 %, 1875 MHz, 0x0000000000000000
2026/09/28 16:47:01.446, 75, 95.46 W, 67 %, 1875 MHz, 0x0000000000000000
2026/09/28 16:47:11.461, 75, 95.23 W, 67 %, 1875 MHz, 0x0000000000000000
2026/09/28 16:47:21.479, 75, 95.24 W, 67 %, 1875 MHz, 0x0000000000000000
2026/09/28 16:47:31.495, 75, 95.43 W, 68 %, 1875 MHz, 0x0000000000000000
2026/09/28 16:47:41.510, 75, 95.28 W, 66 %, 1875 MHz, 0x0000000000000000
2026/09/28 16:47:51.525, 75, 95.21 W, 67 %, 1875 MHz, 0x0000000000000000
2026/09/28 16:48:01.539, 75, 96.10 W, 67 %, 1875 MHz, 0x0000000000000000
2026/09/28 16:48:11.554, 75, 95.15 W, 67 %, 1875 MHz, 0x0000000000000000
2026/09/28 16:48:21.571, 75, 95.01 W, 67 %, 1875 MHz, 0x0000000000000000
2026/09/28 16:48:31.588, 75, 95.53 W, 66 %, 1875 MHz, 0x0000000000000000
2026/09/28 16:48:41.605, 75, 95.48 W, 67 %, 1875 MHz, 0x0000000000000000
2026/09/28 16:48:51.620, 75, 95.10 W, 67 %, 1875 MHz, 0x0000000000000000
2026/09/28 16:49:01.635, 75, 95.68 W, 67 %, 1875 MHz, 0x0000000000000000
2026/09/28 16:49:11.651, 75, 95.01 W, 67 %, 1875 MHz, 0x0000000000000000
2026/09/28 16:49:21.666, 75, 95.36 W, 67 %, 1875 MHz, 0x0000000000000000
2026/09/28 16:49:31.683, 75, 95.42 W, 66 %, 1875 MHz, 0x0000000000000000
2026/09/28 16:49:41.698, 75, 95.44 W, 67 %, 1875 MHz, 0x0000000000000000
2026/09/28 16:49:51.715, 75, 95.18 W, 67 %, 1875 MHz, 0x0000000000000000
2026/09/28 16:50:01.731, 75, 95.32 W, 67 %, 1875 MHz, 0x0000000000000000
2026/09/28 16:50:11.745, 75, 95.86 W, 68 %, 1875 MHz, 0x0000000000000000
2026/09/28 16:50:21.760, 75, 95.38 W, 68 %, 1875 MHz, 0x0000000000000000
2026/09/28 16:50:31.779, 75, 94.97 W, 67 %, 1875 MHz, 0x0000000000000000
2026/09/28 16:50:41.797, 75, 95.03 W, 67 %, 1875 MHz, 0x0000000000000000
2026/09/28 16:50:51.813, 75, 95.77 W, 68 %, 1875 MHz, 0x0000000000000000
2026/09/28 16:51:01.828, 75, 94.85 W, 68 %, 1875 MHz, 0x0000000000000000
2026/09/28 16:51:11.843, 75, 94.98 W, 68 %, 1875 MHz, 0x0000000000000000
2026/09/28 16:51:21.858, 75, 95.40 W, 67 %, 1875 MHz, 0x0000000000000000
2026/09/28 16:51:31.873, 75, 95.02 W, 68 %, 1875 MHz, 0x0000000000000000
2026/09/28 16:51:41.890, 75, 95.00 W, 68 %, 1875 MHz, 0x0000000000000000
2026/09/28 16:51:51.907, 75, 95.35 W, 67 %, 1875 MHz, 0x0000000000000000
2026/09/28 16:52:01.923, 75, 95.00 W, 67 %, 1875 MHz, 0x0000000000000000
2026/09/28 16:52:11.938, 75, 95.70 W, 67 %, 1875 MHz, 0x0000000000000000
2026/09/28 16:52:21.954, 73, 73.44 W, 4 %, 1605 MHz, 0x0000000000000000
2026/09/28 16:52:31.970, 75, 96.03 W, 68 %, 1875 MHz, 0x0000000000000000
2026/09/28 16:52:41.985, 75, 95.82 W, 68 %, 1875 MHz, 0x0000000000000000
2026/09/28 16:52:52.001, 75, 96.58 W, 68 %, 1875 MHz, 0x0000000000000000
2026/09/28 16:53:02.015, 75, 96.83 W, 67 %, 1875 MHz, 0x0000000000000000
2026/09/28 16:53:12.035, 75, 96.58 W, 67 %, 1875 MHz, 0x0000000000000000
2026/09/28 16:53:22.051, 75, 96.51 W, 68 %, 1875 MHz, 0x0000000000000000
2026/09/28 16:53:32.066, 75, 96.41 W, 68 %, 1875 MHz, 0x0000000000000000
2026/09/28 16:53:42.081, 75, 96.04 W, 67 %, 1875 MHz, 0x0000000000000000
2026/09/28 16:53:52.096, 75, 96.49 W, 68 %, 1875 MHz, 0x0000000000000000
2026/09/28 16:54:02.111, 75, 96.63 W, 67 %, 1875 MHz, 0x0000000000000000
2026/09/28 16:54:12.126, 75, 96.19 W, 67 %, 1875 MHz, 0x0000000000000000
2026/09/28 16:54:22.142, 75, 97.06 W, 68 %, 1875 MHz, 0x0000000000000000
2026/09/28 16:54:32.158, 75, 96.86 W, 67 %, 1875 MHz, 0x0000000000000000
2026/09/28 16:54:42.173, 75, 96.76 W, 67 %, 1875 MHz, 0x0000000000000000
2026/09/28 16:54:52.189, 75, 96.25 W, 67 %, 1875 MHz, 0x0000000000000000
2026/09/28 16:55:02.205, 75, 96.36 W, 68 %, 1875 MHz, 0x0000000000000000
2026/09/28 16:55:12.224, 75, 96.16 W, 68 %, 1875 MHz, 0x0000000000000000
2026/09/28 16:55:22.238, 75, 96.46 W, 67 %, 1875 MHz, 0x0000000000000000
2026/09/28 16:55:32.255, 75, 96.40 W, 68 %, 1875 MHz, 0x0000000000000000
2026/09/28 16:55:42.271, 75, 96.31 W, 67 %, 1875 MHz, 0x0000000000000000
2026/09/28 16:55:52.287, 76, 96.26 W, 67 %, 1875 MHz, 0x0000000000000000
2026/09/28 16:56:02.304, 76, 96.11 W, 67 %, 1875 MHz, 0x0000000000000000
2026/09/28 16:56:12.319, 76, 96.28 W, 68 %, 1875 MHz, 0x0000000000000000
2026/09/28 16:56:22.334, 76, 96.32 W, 67 %, 1875 MHz, 0x0000000000000000
2026/09/28 16:56:32.350, 76, 96.86 W, 68 %, 1875 MHz, 0x0000000000000000
2026/09/28 16:56:42.366, 75, 97.34 W, 68 %, 1875 MHz, 0x0000000000000000
2026/09/28 16:56:52.381, 76, 96.27 W, 67 %, 1875 MHz, 0x0000000000000000
2026/09/28 16:57:02.396, 76, 96.32 W, 68 %, 1875 MHz, 0x0000000000000000
2026/09/28 16:57:12.410, 76, 96.44 W, 68 %, 1875 MHz, 0x0000000000000000
2026/09/28 16:57:22.425, 76, 96.52 W, 67 %, 1875 MHz, 0x0000000000000000
2026/09/28 16:57:32.439, 76, 96.68 W, 68 %, 1875 MHz, 0x0000000000000000
2026/09/28 16:57:42.456, 76, 96.56 W, 68 %, 1875 MHz, 0x0000000000000000
2026/09/28 16:57:52.471, 76, 96.34 W, 67 %, 1875 MHz, 0x0000000000000000
2026/09/28 16:58:02.485, 75, 96.39 W, 67 %, 1875 MHz, 0x0000000000000000
2026/09/28 16:58:12.500, 76, 96.98 W, 68 %, 1875 MHz, 0x0000000000000000
2026/09/28 16:58:22.515, 76, 96.54 W, 67 %, 1875 MHz, 0x0000000000000000
2026/09/28 16:58:32.530, 76, 96.53 W, 67 %, 1875 MHz, 0x0000000000000000
2026/09/28 16:58:42.545, 76, 96.26 W, 68 %, 1875 MHz, 0x0000000000000000
2026/09/28 16:58:52.561, 75, 96.46 W, 67 %, 1875 MHz, 0x0000000000000000
2026/09/28 16:59:02.576, 76, 96.73 W, 68 %, 1875 MHz, 0x0000000000000000
2026/09/28 16:59:12.592, 76, 96.08 W, 68 %, 1875 MHz, 0x0000000000000000
2026/09/28 16:59:22.607, 76, 96.56 W, 67 %, 1875 MHz, 0x0000000000000000
2026/09/28 16:59:32.621, 76, 96.64 W, 68 %, 1875 MHz, 0x0000000000000000
2026/09/28 16:59:42.636, 76, 96.45 W, 68 %, 1875 MHz, 0x0000000000000000
2026/09/28 16:59:52.653, 76, 96.59 W, 67 %, 1875 MHz, 0x0000000000000000
2026/09/28 17:00:02.669, 76, 96.86 W, 67 %, 1875 MHz, 0x0000000000000000
2026/09/28 17:00:12.684, 76, 96.21 W, 68 %, 1875 MHz, 0x0000000000000000
2026/09/28 17:00:22.699, 76, 96.31 W, 67 %, 1875 MHz, 0x0000000000000000
2026/09/28 17:00:32.714, 76, 96.45 W, 68 %, 1875 MHz, 0x0000000000000000
2026/09/28 17:00:42.730, 76, 96.80 W, 68 %, 1875 MHz, 0x0000000000000000
2026/09/28 17:00:52.745, 76, 96.39 W, 68 %, 1875 MHz, 0x0000000000000000
2026/09/28 17:01:02.760, 75, 96.60 W, 67 %, 1875 MHz, 0x0000000000000000
2026/09/28 17:01:12.774, 75, 96.34 W, 67 %, 1875 MHz, 0x0000000000000000
2026/09/28 17:01:22.789, 76, 96.47 W, 68 %, 1875 MHz, 0x0000000000000000
2026/09/28 17:01:32.804, 76, 96.40 W, 67 %, 1875 MHz, 0x0000000000000000
2026/09/28 17:01:42.819, 76, 96.80 W, 67 %, 1875 MHz, 0x0000000000000000
2026/09/28 17:01:52.834, 76, 96.36 W, 67 %, 1875 MHz, 0x0000000000000000
2026/09/28 17:02:02.849, 76, 96.82 W, 67 %, 1875 MHz, 0x0000000000000000
2026/09/28 17:02:12.864, 75, 96.81 W, 67 %, 1875 MHz, 0x0000000000000000
2026/09/28 17:02:22.879, 76, 96.39 W, 68 %, 1875 MHz, 0x0000000000000000
2026/09/28 17:02:32.893, 75, 96.78 W, 67 %, 1875 MHz, 0x0000000000000000
2026/09/28 17:02:42.908, 76, 96.38 W, 67 %, 1875 MHz, 0x0000000000000000
2026/09/28 17:02:52.923, 76, 97.43 W, 68 %, 1875 MHz, 0x0000000000000000
2026/09/28 17:03:02.938, 76, 96.45 W, 68 %, 1875 MHz, 0x0000000000000000
2026/09/28 17:03:12.953, 76, 96.51 W, 68 %, 1875 MHz, 0x0000000000000000
2026/09/28 17:03:22.967, 75, 96.29 W, 68 %, 1875 MHz, 0x0000000000000000
2026/09/28 17:03:32.982, 76, 96.42 W, 68 %, 1875 MHz, 0x0000000000000000
2026/09/28 17:03:42.997, 75, 96.49 W, 68 %, 1875 MHz, 0x0000000000000000
2026/09/28 17:03:53.012, 75, 96.72 W, 68 %, 1875 MHz, 0x0000000000000000
2026/09/28 17:04:03.027, 75, 96.35 W, 67 %, 1875 MHz, 0x0000000000000000
2026/09/28 17:04:13.042, 75, 96.22 W, 68 %, 1875 MHz, 0x0000000000000000
2026/09/28 17:04:23.058, 76, 96.27 W, 68 %, 1875 MHz, 0x0000000000000000
2026/09/28 17:04:33.074, 75, 97.35 W, 68 %, 1875 MHz, 0x0000000000000000
2026/09/28 17:04:43.089, 76, 96.61 W, 67 %, 1875 MHz, 0x0000000000000000
2026/09/28 17:04:53.104, 75, 96.56 W, 67 %, 1875 MHz, 0x0000000000000000
2026/09/28 17:05:03.119, 75, 96.28 W, 68 %, 1875 MHz, 0x0000000000000000
2026/09/28 17:05:13.133, 75, 96.41 W, 68 %, 1875 MHz, 0x0000000000000000
2026/09/28 17:05:23.148, 75, 96.82 W, 67 %, 1875 MHz, 0x0000000000000000
2026/09/28 17:05:33.163, 75, 96.96 W, 67 %, 1875 MHz, 0x0000000000000000
2026/09/28 17:05:43.179, 76, 96.39 W, 67 %, 1875 MHz, 0x0000000000000000
2026/09/28 17:05:53.194, 76, 96.52 W, 67 %, 1875 MHz, 0x0000000000000000
2026/09/28 17:06:03.208, 76, 96.59 W, 67 %, 1875 MHz, 0x0000000000000000
2026/09/28 17:06:13.223, 76, 95.39 W, 67 %, 1875 MHz, 0x0000000000000000
2026/09/28 17:06:23.242, 76, 96.36 W, 68 %, 1875 MHz, 0x0000000000000000
2026/09/28 17:06:33.257, 76, 96.96 W, 67 %, 1875 MHz, 0x0000000000000000
2026/09/28 17:06:43.272, 76, 96.88 W, 68 %, 1875 MHz, 0x0000000000000000
2026/09/28 17:06:53.287, 76, 96.53 W, 68 %, 1875 MHz, 0x0000000000000000
2026/09/28 17:07:03.304, 76, 95.04 W, 68 %, 1875 MHz, 0x0000000000000000
2026/09/28 17:07:13.319, 75, 94.92 W, 67 %, 1875 MHz, 0x0000000000000000
2026/09/28 17:07:23.334, 76, 96.18 W, 67 %, 1875 MHz, 0x0000000000000000
2026/09/28 17:07:33.348, 76, 95.27 W, 67 %, 1875 MHz, 0x0000000000000000
2026/09/28 17:07:43.364, 76, 95.31 W, 66 %, 1875 MHz, 0x0000000000000000
2026/09/28 17:07:53.379, 76, 95.08 W, 67 %, 1875 MHz, 0x0000000000000000
2026/09/28 17:08:03.394, 75, 96.44 W, 67 %, 1875 MHz, 0x0000000000000000
2026/09/28 17:08:13.409, 76, 96.93 W, 67 %, 1875 MHz, 0x0000000000000000
2026/09/28 17:08:23.423, 76, 96.68 W, 67 %, 1875 MHz, 0x0000000000000000
2026/09/28 17:08:33.439, 76, 97.35 W, 67 %, 1875 MHz, 0x0000000000000000
2026/09/28 17:08:43.454, 76, 96.60 W, 68 %, 1875 MHz, 0x0000000000000000
2026/09/28 17:08:53.469, 75, 96.57 W, 67 %, 1875 MHz, 0x0000000000000000
2026/09/28 17:09:03.484, 76, 96.89 W, 67 %, 1875 MHz, 0x0000000000000000
2026/09/28 17:09:13.499, 76, 96.68 W, 67 %, 1875 MHz, 0x0000000000000000
2026/09/28 17:09:23.515, 76, 96.00 W, 67 %, 1875 MHz, 0x0000000000000000
2026/09/28 17:09:33.530, 76, 96.25 W, 67 %, 1875 MHz, 0x0000000000000000
2026/09/28 17:09:43.544, 76, 96.49 W, 68 %, 1875 MHz, 0x0000000000000000
2026/09/28 17:09:53.559, 76, 96.49 W, 68 %, 1875 MHz, 0x0000000000000000
2026/09/28 17:10:03.574, 76, 96.97 W, 68 %, 1875 MHz, 0x0000000000000000
2026/09/28 17:10:13.588, 76, 96.47 W, 67 %, 1875 MHz, 0x0000000000000000
2026/09/28 17:10:23.603, 76, 96.76 W, 67 %, 1875 MHz, 0x0000000000000000
2026/09/28 17:10:33.618, 76, 97.04 W, 68 %, 1875 MHz, 0x0000000000000000
2026/09/28 17:10:43.633, 76, 96.36 W, 67 %, 1875 MHz, 0x0000000000000000
2026/09/28 17:10:53.648, 76, 96.34 W, 67 %, 1875 MHz, 0x0000000000000000
2026/09/28 17:11:03.663, 76, 97.18 W, 67 %, 1875 MHz, 0x0000000000000000
2026/09/28 17:11:13.678, 76, 96.68 W, 68 %, 1875 MHz, 0x0000000000000000
2026/09/28 17:11:23.693, 76, 96.55 W, 68 %, 1875 MHz, 0x0000000000000000
2026/09/28 17:11:33.708, 76, 96.51 W, 67 %, 1875 MHz, 0x0000000000000000
2026/09/28 17:11:43.723, 76, 96.75 W, 68 %, 1875 MHz, 0x0000000000000000
2026/09/28 17:11:53.737, 76, 96.67 W, 67 %, 1875 MHz, 0x0000000000000000
2026/09/28 17:12:03.754, 76, 96.32 W, 68 %, 1875 MHz, 0x0000000000000000
2026/09/28 17:12:13.768, 76, 97.04 W, 67 %, 1875 MHz, 0x0000000000000000
2026/09/28 17:12:23.783, 76, 97.30 W, 67 %, 1875 MHz, 0x0000000000000000
2026/09/28 17:12:33.798, 76, 96.87 W, 67 %, 1875 MHz, 0x0000000000000000
2026/09/28 17:12:43.812, 76, 96.67 W, 67 %, 1875 MHz, 0x0000000000000000
2026/09/28 17:12:53.828, 76, 96.47 W, 67 %, 1875 MHz, 0x0000000000000000
2026/09/28 17:13:03.843, 76, 96.71 W, 67 %, 1875 MHz, 0x0000000000000000
2026/09/28 17:13:13.858, 76, 96.96 W, 67 %, 1875 MHz, 0x0000000000000000
2026/09/28 17:13:23.873, 76, 97.02 W, 67 %, 1875 MHz, 0x0000000000000000
2026/09/28 17:13:33.887, 76, 96.33 W, 67 %, 1875 MHz, 0x0000000000000000
2026/09/28 17:13:43.902, 76, 96.66 W, 68 %, 1875 MHz, 0x0000000000000000
2026/09/28 17:13:53.917, 76, 96.98 W, 68 %, 1875 MHz, 0x0000000000000000
2026/09/28 17:14:03.932, 76, 96.27 W, 67 %, 1875 MHz, 0x0000000000000000
2026/09/28 17:14:13.946, 75, 96.51 W, 67 %, 1875 MHz, 0x0000000000000000
2026/09/28 17:14:23.961, 76, 96.47 W, 67 %, 1875 MHz, 0x0000000000000000
2026/09/28 17:14:33.978, 75, 96.27 W, 67 %, 1875 MHz, 0x0000000000000000
2026/09/28 17:14:43.993, 75, 96.27 W, 68 %, 1875 MHz, 0x0000000000000000
2026/09/28 17:14:54.008, 75, 96.14 W, 67 %, 1875 MHz, 0x0000000000000000
2026/09/28 17:15:04.023, 75, 96.39 W, 67 %, 1875 MHz, 0x0000000000000000
2026/09/28 17:15:14.038, 76, 96.35 W, 67 %, 1875 MHz, 0x0000000000000000
2026/09/28 17:15:24.053, 75, 96.22 W, 67 %, 1875 MHz, 0x0000000000000000
2026/09/28 17:15:34.069, 75, 96.46 W, 67 %, 1875 MHz, 0x0000000000000000
2026/09/28 17:15:44.085, 75, 96.50 W, 67 %, 1875 MHz, 0x0000000000000000
2026/09/28 17:15:54.101, 75, 96.32 W, 67 %, 1875 MHz, 0x0000000000000000
2026/09/28 17:16:04.117, 75, 96.19 W, 67 %, 1875 MHz, 0x0000000000000000
2026/09/28 17:16:14.132, 75, 97.16 W, 67 %, 1875 MHz, 0x0000000000000000
2026/09/28 17:16:24.146, 75, 96.44 W, 68 %, 1875 MHz, 0x0000000000000000
2026/09/28 17:16:34.163, 75, 96.22 W, 67 %, 1875 MHz, 0x0000000000000000
2026/09/28 17:16:44.180, 75, 96.06 W, 67 %, 1875 MHz, 0x0000000000000000
2026/09/28 17:16:54.195, 75, 96.12 W, 67 %, 1875 MHz, 0x0000000000000000
2026/09/28 17:17:04.212, 75, 96.36 W, 66 %, 1875 MHz, 0x0000000000000000
2026/09/28 17:17:14.228, 75, 96.99 W, 67 %, 1875 MHz, 0x0000000000000000
2026/09/28 17:17:24.243, 75, 96.49 W, 67 %, 1875 MHz, 0x0000000000000000
2026/09/28 17:17:34.261, 75, 95.97 W, 67 %, 1875 MHz, 0x0000000000000000
2026/09/28 17:17:44.280, 75, 96.66 W, 68 %, 1875 MHz, 0x0000000000000000
2026/09/28 17:17:54.296, 75, 96.20 W, 67 %, 1875 MHz, 0x0000000000000000
2026/09/28 17:18:04.312, 75, 96.95 W, 66 %, 1875 MHz, 0x0000000000000000
2026/09/28 17:18:14.329, 75, 96.97 W, 68 %, 1875 MHz, 0x0000000000000000
2026/09/28 17:18:24.344, 75, 96.87 W, 67 %, 1875 MHz, 0x0000000000000000
2026/09/28 17:18:34.358, 75, 96.62 W, 67 %, 1875 MHz, 0x0000000000000000
2026/09/28 17:18:44.373, 76, 96.22 W, 67 %, 1875 MHz, 0x0000000000000000
2026/09/28 17:18:54.388, 76, 96.51 W, 67 %, 1875 MHz, 0x0000000000000000
2026/09/28 17:19:04.404, 75, 96.21 W, 67 %, 1875 MHz, 0x0000000000000000
2026/09/28 17:19:14.421, 76, 96.30 W, 67 %, 1875 MHz, 0x0000000000000000
2026/09/28 17:19:24.435, 76, 96.32 W, 67 %, 1875 MHz, 0x0000000000000000
2026/09/28 17:19:34.450, 75, 96.55 W, 68 %, 1875 MHz, 0x0000000000000000
2026/09/28 17:19:44.465, 76, 96.38 W, 68 %, 1875 MHz, 0x0000000000000000
2026/09/28 17:19:54.480, 76, 96.34 W, 68 %, 1875 MHz, 0x0000000000000000
2026/09/28 17:20:04.497, 76, 96.44 W, 68 %, 1875 MHz, 0x0000000000000000
2026/09/28 17:20:14.511, 76, 96.29 W, 68 %, 1875 MHz, 0x0000000000000000
2026/09/28 17:20:24.528, 76, 96.54 W, 68 %, 1875 MHz, 0x0000000000000000
2026/09/28 17:20:34.542, 76, 96.25 W, 67 %, 1875 MHz, 0x0000000000000000
2026/09/28 17:20:44.557, 76, 96.31 W, 67 %, 1875 MHz, 0x0000000000000000
2026/09/28 17:20:54.572, 75, 96.28 W, 67 %, 1875 MHz, 0x0000000000000000
2026/09/28 17:21:04.588, 76, 96.21 W, 68 %, 1875 MHz, 0x0000000000000000
2026/09/28 17:21:14.604, 75, 96.28 W, 68 %, 1875 MHz, 0x0000000000000000
2026/09/28 17:21:24.622, 76, 96.20 W, 67 %, 1875 MHz, 0x0000000000000000
2026/09/28 17:21:34.637, 75, 96.81 W, 67 %, 1875 MHz, 0x0000000000000000
2026/09/28 17:21:44.652, 76, 96.32 W, 67 %, 1875 MHz, 0x0000000000000000
2026/09/28 17:21:54.667, 75, 96.54 W, 67 %, 1875 MHz, 0x0000000000000000
2026/09/28 17:22:04.682, 76, 96.38 W, 67 %, 1875 MHz, 0x0000000000000000
2026/09/28 17:22:14.697, 75, 97.00 W, 67 %, 1875 MHz, 0x0000000000000000
2026/09/28 17:22:24.713, 75, 96.33 W, 66 %, 1875 MHz, 0x0000000000000000
2026/09/28 17:22:34.728, 76, 96.54 W, 67 %, 1875 MHz, 0x0000000000000000
2026/09/28 17:22:44.742, 75, 96.56 W, 67 %, 1875 MHz, 0x0000000000000000
2026/09/28 17:22:54.757, 75, 96.20 W, 67 %, 1875 MHz, 0x0000000000000000
2026/09/28 17:23:04.773, 75, 96.42 W, 67 %, 1875 MHz, 0x0000000000000000
2026/09/28 17:23:14.788, 75, 96.37 W, 67 %, 1875 MHz, 0x0000000000000000
2026/09/28 17:23:24.803, 75, 96.80 W, 67 %, 1875 MHz, 0x0000000000000000
2026/09/28 17:23:34.819, 76, 96.78 W, 67 %, 1875 MHz, 0x0000000000000000
2026/09/28 17:23:44.834, 76, 97.54 W, 66 %, 1875 MHz, 0x0000000000000000
2026/09/28 17:23:54.848, 75, 96.93 W, 66 %, 1875 MHz, 0x0000000000000000
2026/09/28 17:24:04.863, 76, 96.31 W, 67 %, 1875 MHz, 0x0000000000000000
2026/09/28 17:24:14.878, 76, 97.38 W, 67 %, 1875 MHz, 0x0000000000000000
2026/09/28 17:24:24.893, 76, 96.42 W, 66 %, 1875 MHz, 0x0000000000000000
2026/09/28 17:24:34.908, 75, 96.93 W, 67 %, 1875 MHz, 0x0000000000000000
2026/09/28 17:24:44.922, 75, 96.36 W, 67 %, 1875 MHz, 0x0000000000000000
2026/09/28 17:24:54.938, 75, 97.06 W, 66 %, 1875 MHz, 0x0000000000000000
2026/09/28 17:25:04.952, 75, 96.03 W, 67 %, 1875 MHz, 0x0000000000000000
2026/09/28 17:25:14.967, 75, 96.10 W, 67 %, 1875 MHz, 0x0000000000000000
2026/09/28 17:25:24.982, 75, 96.01 W, 67 %, 1875 MHz, 0x0000000000000000
2026/09/28 17:25:34.997, 75, 96.18 W, 67 %, 1875 MHz, 0x0000000000000000
2026/09/28 17:25:45.014, 75, 96.18 W, 66 %, 1875 MHz, 0x0000000000000000
2026/09/28 17:25:55.030, 75, 96.21 W, 66 %, 1875 MHz, 0x0000000000000000
2026/09/28 17:26:05.045, 75, 96.27 W, 67 %, 1875 MHz, 0x0000000000000000
2026/09/28 17:26:15.060, 76, 96.32 W, 67 %, 1875 MHz, 0x0000000000000000
2026/09/28 17:26:25.075, 75, 96.71 W, 66 %, 1875 MHz, 0x0000000000000000
2026/09/28 17:26:35.093, 75, 96.99 W, 67 %, 1875 MHz, 0x0000000000000000
2026/09/28 17:26:45.109, 75, 96.23 W, 67 %, 1875 MHz, 0x0000000000000000
2026/09/28 17:26:55.124, 75, 96.19 W, 66 %, 1875 MHz, 0x0000000000000000
2026/09/28 17:27:05.142, 75, 96.45 W, 67 %, 1875 MHz, 0x0000000000000000
2026/09/28 17:27:15.156, 75, 96.31 W, 67 %, 1875 MHz, 0x0000000000000000
2026/09/28 17:27:25.172, 75, 96.25 W, 67 %, 1875 MHz, 0x0000000000000000
2026/09/28 17:27:35.187, 75, 96.55 W, 67 %, 1875 MHz, 0x0000000000000000
2026/09/28 17:27:45.203, 75, 96.21 W, 67 %, 1875 MHz, 0x0000000000000000
2026/09/28 17:27:55.220, 75, 96.52 W, 67 %, 1875 MHz, 0x0000000000000000
2026/09/28 17:28:05.236, 75, 95.88 W, 68 %, 1875 MHz, 0x0000000000000000
2026/09/28 17:28:15.252, 75, 96.31 W, 67 %, 1875 MHz, 0x0000000000000000
2026/09/28 17:28:25.268, 75, 96.57 W, 66 %, 1875 MHz, 0x0000000000000000
2026/09/28 17:28:35.285, 75, 96.63 W, 64 %, 1875 MHz, 0x0000000000000000
2026/09/28 17:28:45.302, 75, 96.43 W, 67 %, 1875 MHz, 0x0000000000000000
2026/09/28 17:28:55.318, 75, 96.57 W, 67 %, 1875 MHz, 0x0000000000000000
2026/09/28 17:29:05.336, 76, 96.61 W, 67 %, 1875 MHz, 0x0000000000000000
2026/09/28 17:29:15.353, 75, 96.58 W, 67 %, 1875 MHz, 0x0000000000000000
2026/09/28 17:29:25.368, 75, 96.96 W, 68 %, 1875 MHz, 0x0000000000000000
2026/09/28 17:29:35.384, 75, 96.43 W, 67 %, 1875 MHz, 0x0000000000000000
2026/09/28 17:29:45.399, 75, 96.81 W, 67 %, 1875 MHz, 0x0000000000000000
2026/09/28 17:29:55.414, 75, 96.57 W, 67 %, 1875 MHz, 0x0000000000000000
2026/09/28 17:30:05.431, 75, 96.69 W, 67 %, 1875 MHz, 0x0000000000000000
2026/09/28 17:30:15.447, 75, 96.35 W, 67 %, 1875 MHz, 0x0000000000000000
2026/09/28 17:30:25.464, 75, 96.33 W, 65 %, 1875 MHz, 0x0000000000000000
2026/09/28 17:30:35.478, 75, 96.28 W, 67 %, 1875 MHz, 0x0000000000000000
2026/09/28 17:30:45.493, 75, 96.41 W, 67 %, 1875 MHz, 0x0000000000000000
2026/09/28 17:30:55.508, 75, 96.40 W, 67 %, 1875 MHz, 0x0000000000000000
2026/09/28 17:31:05.524, 75, 96.06 W, 68 %, 1875 MHz, 0x0000000000000000
2026/09/28 17:31:15.540, 75, 96.04 W, 67 %, 1875 MHz, 0x0000000000000000
2026/09/28 17:31:25.555, 75, 96.17 W, 68 %, 1875 MHz, 0x0000000000000000
2026/09/28 17:31:35.571, 75, 96.23 W, 67 %, 1875 MHz, 0x0000000000000000
2026/09/28 17:31:45.585, 75, 96.65 W, 66 %, 1875 MHz, 0x0000000000000000
2026/09/28 17:31:55.600, 75, 96.06 W, 67 %, 1875 MHz, 0x0000000000000000
2026/09/28 17:32:05.615, 75, 96.56 W, 67 %, 1875 MHz, 0x0000000000000000
2026/09/28 17:32:15.630, 75, 96.27 W, 67 %, 1875 MHz, 0x0000000000000000
2026/09/28 17:32:25.646, 75, 96.64 W, 67 %, 1875 MHz, 0x0000000000000000
2026/09/28 17:32:35.663, 75, 96.51 W, 66 %, 1875 MHz, 0x0000000000000000
2026/09/28 17:32:45.677, 75, 96.95 W, 67 %, 1875 MHz, 0x0000000000000000
2026/09/28 17:32:55.693, 75, 96.85 W, 67 %, 1875 MHz, 0x0000000000000000
2026/09/28 17:33:05.707, 75, 96.62 W, 67 %, 1875 MHz, 0x0000000000000000
2026/09/28 17:33:15.723, 75, 96.94 W, 67 %, 1875 MHz, 0x0000000000000000
2026/09/28 17:33:25.740, 75, 96.04 W, 67 %, 1875 MHz, 0x0000000000000000
2026/09/28 17:33:35.757, 75, 97.30 W, 67 %, 1875 MHz, 0x0000000000000000
2026/09/28 17:33:45.772, 75, 96.56 W, 67 %, 1875 MHz, 0x0000000000000000
2026/09/28 17:33:55.789, 75, 96.69 W, 66 %, 1875 MHz, 0x0000000000000000
2026/09/28 17:34:05.804, 75, 96.37 W, 67 %, 1875 MHz, 0x0000000000000000
2026/09/28 17:34:15.819, 75, 96.54 W, 67 %, 1875 MHz, 0x0000000000000000
2026/09/28 17:34:25.834, 75, 96.88 W, 67 %, 1875 MHz, 0x0000000000000000
2026/09/28 17:34:35.850, 75, 96.44 W, 67 %, 1875 MHz, 0x0000000000000000
2026/09/28 17:34:45.864, 75, 96.78 W, 66 %, 1875 MHz, 0x0000000000000000
2026/09/28 17:34:55.879, 75, 96.75 W, 67 %, 1875 MHz, 0x0000000000000000
2026/09/28 17:35:05.894, 75, 97.52 W, 67 %, 1875 MHz, 0x0000000000000000
2026/09/28 17:35:15.909, 75, 96.59 W, 67 %, 1875 MHz, 0x0000000000000000
2026/09/28 17:35:25.924, 75, 96.60 W, 67 %, 1875 MHz, 0x0000000000000000
2026/09/28 17:35:35.938, 75, 96.47 W, 67 %, 1875 MHz, 0x0000000000000000
2026/09/28 17:35:45.953, 75, 97.07 W, 67 %, 1875 MHz, 0x0000000000000000
2026/09/28 17:35:55.968, 75, 96.35 W, 67 %, 1875 MHz, 0x0000000000000000
2026/09/28 17:36:05.983, 75, 96.48 W, 67 %, 1875 MHz, 0x0000000000000000
2026/09/28 17:36:15.997, 75, 96.57 W, 67 %, 1875 MHz, 0x0000000000000000
2026/09/28 17:36:26.012, 75, 96.69 W, 68 %, 1875 MHz, 0x0000000000000000
2026/09/28 17:36:36.028, 75, 96.93 W, 68 %, 1875 MHz, 0x0000000000000000
2026/09/28 17:36:46.044, 75, 96.44 W, 67 %, 1875 MHz, 0x0000000000000000
2026/09/28 17:36:56.059, 75, 96.57 W, 67 %, 1875 MHz, 0x0000000000000000
2026/09/28 17:37:06.076, 75, 96.43 W, 67 %, 1875 MHz, 0x0000000000000000
2026/09/28 17:37:16.091, 75, 96.69 W, 67 %, 1875 MHz, 0x0000000000000000
2026/09/28 17:37:26.107, 75, 96.80 W, 68 %, 1875 MHz, 0x0000000000000000
2026/09/28 17:37:36.122, 75, 96.28 W, 68 %, 1875 MHz, 0x0000000000000000
2026/09/28 17:37:46.137, 75, 96.73 W, 67 %, 1875 MHz, 0x0000000000000000
2026/09/28 17:37:56.154, 75, 96.74 W, 68 %, 1875 MHz, 0x0000000000000000
2026/09/28 17:38:06.170, 75, 97.29 W, 67 %, 1875 MHz, 0x0000000000000000
2026/09/28 17:38:16.185, 75, 96.55 W, 67 %, 1875 MHz, 0x0000000000000000
2026/09/28 17:38:26.201, 75, 96.98 W, 67 %, 1875 MHz, 0x0000000000000000
2026/09/28 17:38:36.219, 75, 96.61 W, 67 %, 1875 MHz, 0x0000000000000000
2026/09/28 17:38:46.234, 75, 96.51 W, 68 %, 1875 MHz, 0x0000000000000000
2026/09/28 17:38:56.251, 75, 97.02 W, 68 %, 1875 MHz, 0x0000000000000000
2026/09/28 17:39:06.268, 75, 96.54 W, 67 %, 1875 MHz, 0x0000000000000000
2026/09/28 17:39:16.284, 75, 96.49 W, 67 %, 1875 MHz, 0x0000000000000000
2026/09/28 17:39:26.302, 75, 96.34 W, 67 %, 1875 MHz, 0x0000000000000000
2026/09/28 17:39:36.317, 75, 96.45 W, 68 %, 1875 MHz, 0x0000000000000000
2026/09/28 17:39:46.333, 75, 96.24 W, 67 %, 1875 MHz, 0x0000000000000000
2026/09/28 17:39:56.348, 75, 96.53 W, 67 %, 1875 MHz, 0x0000000000000000
2026/09/28 17:40:06.365, 75, 96.93 W, 67 %, 1875 MHz, 0x0000000000000000
2026/09/28 17:40:16.381, 75, 97.18 W, 68 %, 1875 MHz, 0x0000000000000000
2026/09/28 17:40:26.398, 75, 96.19 W, 67 %, 1875 MHz, 0x0000000000000000
2026/09/28 17:40:36.415, 75, 96.72 W, 67 %, 1875 MHz, 0x0000000000000000
2026/09/28 17:40:46.433, 75, 96.28 W, 68 %, 1875 MHz, 0x0000000000000000
2026/09/28 17:40:56.448, 75, 97.01 W, 68 %, 1875 MHz, 0x0000000000000000
2026/09/28 17:41:06.463, 75, 96.38 W, 68 %, 1875 MHz, 0x0000000000000000
2026/09/28 17:41:16.480, 75, 96.45 W, 67 %, 1875 MHz, 0x0000000000000000
2026/09/28 17:41:26.497, 75, 96.47 W, 68 %, 1875 MHz, 0x0000000000000000
2026/09/28 17:41:36.512, 75, 95.85 W, 68 %, 1875 MHz, 0x0000000000000000
2026/09/28 17:41:46.527, 75, 96.21 W, 67 %, 1875 MHz, 0x0000000000000000
2026/09/28 17:41:56.542, 75, 96.36 W, 67 %, 1875 MHz, 0x0000000000000000
2026/09/28 17:42:06.556, 75, 96.53 W, 67 %, 1875 MHz, 0x0000000000000000
2026/09/28 17:42:16.575, 75, 96.99 W, 68 %, 1875 MHz, 0x0000000000000000
2026/09/28 17:42:26.590, 75, 96.33 W, 67 %, 1875 MHz, 0x0000000000000000
2026/09/28 17:42:36.605, 75, 96.69 W, 68 %, 1875 MHz, 0x0000000000000000
2026/09/28 17:42:46.620, 75, 96.12 W, 67 %, 1875 MHz, 0x0000000000000000
2026/09/28 17:42:56.635, 75, 96.51 W, 67 %, 1875 MHz, 0x0000000000000000
2026/09/28 17:43:06.649, 75, 96.68 W, 67 %, 1875 MHz, 0x0000000000000000
2026/09/28 17:43:16.664, 75, 96.55 W, 68 %, 1875 MHz, 0x0000000000000000
2026/09/28 17:43:26.679, 75, 96.97 W, 68 %, 1875 MHz, 0x0000000000000000
2026/09/28 17:43:36.694, 75, 96.78 W, 67 %, 1875 MHz, 0x0000000000000000
2026/09/28 17:43:46.709, 75, 97.33 W, 67 %, 1875 MHz, 0x0000000000000000
2026/09/28 17:43:56.724, 75, 96.32 W, 67 %, 1875 MHz, 0x0000000000000000
2026/09/28 17:44:06.739, 75, 96.47 W, 67 %, 1875 MHz, 0x0000000000000000
2026/09/28 17:44:16.754, 75, 96.87 W, 67 %, 1875 MHz, 0x0000000000000000
2026/09/28 17:44:26.768, 75, 96.55 W, 67 %, 1875 MHz, 0x0000000000000000
2026/09/28 17:44:36.785, 75, 96.04 W, 67 %, 1875 MHz, 0x0000000000000000
2026/09/28 17:44:46.802, 75, 96.38 W, 68 %, 1875 MHz, 0x0000000000000000
2026/09/28 17:44:56.818, 75, 94.98 W, 67 %, 1875 MHz, 0x0000000000000000
2026/09/28 17:45:06.833, 75, 94.77 W, 68 %, 1875 MHz, 0x0000000000000000
2026/09/28 17:45:16.848, 75, 95.31 W, 67 %, 1875 MHz, 0x0000000000000000
2026/09/28 17:45:26.863, 75, 95.17 W, 67 %, 1875 MHz, 0x0000000000000000
2026/09/28 17:45:36.878, 75, 96.19 W, 67 %, 1875 MHz, 0x0000000000000000
2026/09/28 17:45:46.894, 75, 96.56 W, 68 %, 1875 MHz, 0x0000000000000000
2026/09/28 17:45:56.909, 75, 94.61 W, 67 %, 1875 MHz, 0x0000000000000000
2026/09/28 17:46:06.924, 75, 94.41 W, 68 %, 1875 MHz, 0x0000000000000000
2026/09/28 17:46:16.939, 75, 96.59 W, 67 %, 1875 MHz, 0x0000000000000000
2026/09/28 17:46:26.953, 75, 96.45 W, 67 %, 1875 MHz, 0x0000000000000000
2026/09/28 17:46:36.968, 75, 96.54 W, 68 %, 1875 MHz, 0x0000000000000000
2026/09/28 17:46:46.984, 75, 96.47 W, 67 %, 1875 MHz, 0x0000000000000000
2026/09/28 17:46:56.998, 75, 96.49 W, 67 %, 1875 MHz, 0x0000000000000000
2026/09/28 17:47:07.013, 75, 96.25 W, 67 %, 1875 MHz, 0x0000000000000000
2026/09/28 17:47:17.028, 75, 96.76 W, 67 %, 1875 MHz, 0x0000000000000000
2026/09/28 17:47:27.043, 75, 96.28 W, 67 %, 1875 MHz, 0x0000000000000000
2026/09/28 17:47:37.057, 75, 96.28 W, 67 %, 1875 MHz, 0x0000000000000000
2026/09/28 17:47:47.072, 75, 97.06 W, 67 %, 1875 MHz, 0x0000000000000000
2026/09/28 17:47:57.089, 75, 97.22 W, 68 %, 1875 MHz, 0x0000000000000000
2026/09/28 17:48:07.104, 75, 96.25 W, 67 %, 1875 MHz, 0x0000000000000000
2026/09/28 17:48:17.120, 75, 96.58 W, 67 %, 1875 MHz, 0x0000000000000000
2026/09/28 17:48:27.136, 75, 96.68 W, 67 %, 1875 MHz, 0x0000000000000000
2026/09/28 17:48:37.152, 75, 97.08 W, 66 %, 1875 MHz, 0x0000000000000000
2026/09/28 17:48:47.168, 75, 96.70 W, 66 %, 1875 MHz, 0x0000000000000000
2026/09/28 17:48:57.184, 75, 96.92 W, 66 %, 1875 MHz, 0x0000000000000000
2026/09/28 17:49:07.201, 75, 96.45 W, 67 %, 1875 MHz, 0x0000000000000000
2026/09/28 17:49:17.217, 75, 96.70 W, 67 %, 1875 MHz, 0x0000000000000000
2026/09/28 17:49:27.234, 75, 97.15 W, 67 %, 1875 MHz, 0x0000000000000000
2026/09/28 17:49:37.250, 75, 97.03 W, 67 %, 1875 MHz, 0x0000000000000000
2026/09/28 17:49:47.265, 75, 96.74 W, 67 %, 1875 MHz, 0x0000000000000000
2026/09/28 17:49:57.280, 75, 96.61 W, 67 %, 1875 MHz, 0x0000000000000000
2026/09/28 17:50:07.296, 75, 96.06 W, 67 %, 1875 MHz, 0x0000000000000000
2026/09/28 17:50:17.313, 75, 96.42 W, 67 %, 1875 MHz, 0x0000000000000000
2026/09/28 17:50:27.329, 75, 96.40 W, 68 %, 1875 MHz, 0x0000000000000000
2026/09/28 17:50:37.345, 75, 97.14 W, 67 %, 1875 MHz, 0x0000000000000000
2026/09/28 17:50:47.361, 76, 97.25 W, 69 %, 1875 MHz, 0x0000000000000000
2026/09/28 17:50:57.376, 75, 97.00 W, 68 %, 1875 MHz, 0x0000000000000000
2026/09/28 17:51:07.395, 75, 96.54 W, 67 %, 1875 MHz, 0x0000000000000000
2026/09/28 17:51:17.412, 75, 96.48 W, 68 %, 1875 MHz, 0x0000000000000000
2026/09/28 17:51:27.429, 75, 97.27 W, 67 %, 1875 MHz, 0x0000000000000000
2026/09/28 17:51:37.445, 75, 97.43 W, 68 %, 1875 MHz, 0x0000000000000000
2026/09/28 17:51:47.460, 76, 96.71 W, 67 %, 1875 MHz, 0x0000000000000000
2026/09/28 17:51:57.475, 75, 96.63 W, 68 %, 1875 MHz, 0x0000000000000000
2026/09/28 17:52:07.490, 75, 96.70 W, 67 %, 1875 MHz, 0x0000000000000000
2026/09/28 17:52:17.505, 75, 96.38 W, 67 %, 1875 MHz, 0x0000000000000000
2026/09/28 17:52:27.521, 76, 97.12 W, 67 %, 1875 MHz, 0x0000000000000000
2026/09/28 17:52:37.536, 75, 97.11 W, 67 %, 1875 MHz, 0x0000000000000000
2026/09/28 17:52:47.551, 75, 97.38 W, 67 %, 1875 MHz, 0x0000000000000000
2026/09/28 17:52:57.566, 75, 97.26 W, 67 %, 1875 MHz, 0x0000000000000000
2026/09/28 17:53:07.581, 76, 96.27 W, 67 %, 1875 MHz, 0x0000000000000000
2026/09/28 17:53:17.596, 75, 96.56 W, 68 %, 1875 MHz, 0x0000000000000000
2026/09/28 17:53:27.613, 75, 96.61 W, 68 %, 1875 MHz, 0x0000000000000000
2026/09/28 17:53:37.629, 75, 96.05 W, 68 %, 1875 MHz, 0x0000000000000000
2026/09/28 17:53:47.644, 75, 96.35 W, 67 %, 1875 MHz, 0x0000000000000000
2026/09/28 17:53:57.658, 75, 96.77 W, 68 %, 1875 MHz, 0x0000000000000000
2026/09/28 17:54:07.673, 76, 96.55 W, 67 %, 1875 MHz, 0x0000000000000000
2026/09/28 17:54:17.687, 75, 96.68 W, 67 %, 1875 MHz, 0x0000000000000000
2026/09/28 17:54:27.702, 75, 96.21 W, 67 %, 1875 MHz, 0x0000000000000000
2026/09/28 17:54:37.719, 75, 96.54 W, 67 %, 1875 MHz, 0x0000000000000000
2026/09/28 17:54:47.735, 75, 96.53 W, 67 %, 1875 MHz, 0x0000000000000000
2026/09/28 17:54:57.752, 75, 96.35 W, 68 %, 1875 MHz, 0x0000000000000000
2026/09/28 17:55:07.767, 75, 96.45 W, 67 %, 1875 MHz, 0x0000000000000000
2026/09/28 17:55:17.782, 75, 96.35 W, 67 %, 1875 MHz, 0x0000000000000000
2026/09/28 17:55:27.797, 75, 96.36 W, 67 %, 1875 MHz, 0x0000000000000000
2026/09/28 17:55:37.815, 75, 97.03 W, 68 %, 1875 MHz, 0x0000000000000000
2026/09/28 17:55:47.830, 75, 96.44 W, 67 %, 1875 MHz, 0x0000000000000000
2026/09/28 17:55:57.846, 75, 97.54 W, 67 %, 1875 MHz, 0x0000000000000000
2026/09/28 17:56:07.862, 75, 95.14 W, 68 %, 1875 MHz, 0x0000000000000000
2026/09/28 17:56:17.877, 75, 94.32 W, 67 %, 1875 MHz, 0x0000000000000000
2026/09/28 17:56:27.892, 75, 96.54 W, 67 %, 1875 MHz, 0x0000000000000000
2026/09/28 17:56:37.907, 75, 95.28 W, 67 %, 1875 MHz, 0x0000000000000000
2026/09/28 17:56:47.923, 75, 94.84 W, 67 %, 1875 MHz, 0x0000000000000000
2026/09/28 17:56:57.939, 75, 94.86 W, 67 %, 1875 MHz, 0x0000000000000000
2026/09/28 17:57:07.954, 75, 96.57 W, 67 %, 1875 MHz, 0x0000000000000000
2026/09/28 17:57:17.968, 75, 96.39 W, 68 %, 1875 MHz, 0x0000000000000000
2026/09/28 17:57:27.983, 75, 96.94 W, 68 %, 1875 MHz, 0x0000000000000000
2026/09/28 17:57:37.997, 75, 96.47 W, 67 %, 1875 MHz, 0x0000000000000000
2026/09/28 17:57:48.012, 76, 96.52 W, 67 %, 1875 MHz, 0x0000000000000000
2026/09/28 17:57:58.028, 75, 96.26 W, 67 %, 1875 MHz, 0x0000000000000000
2026/09/28 17:58:08.043, 76, 96.45 W, 67 %, 1875 MHz, 0x0000000000000000
2026/09/28 17:58:18.058, 75, 96.83 W, 66 %, 1875 MHz, 0x0000000000000000
2026/09/28 17:58:28.073, 76, 96.56 W, 67 %, 1875 MHz, 0x0000000000000000
2026/09/28 17:58:38.088, 76, 96.23 W, 66 %, 1875 MHz, 0x0000000000000000
2026/09/28 17:58:48.102, 76, 96.42 W, 66 %, 1875 MHz, 0x0000000000000000
2026/09/28 17:58:58.117, 76, 96.62 W, 67 %, 1875 MHz, 0x0000000000000000
2026/09/28 17:59:08.133, 75, 96.65 W, 66 %, 1875 MHz, 0x0000000000000000
2026/09/28 17:59:18.149, 76, 96.22 W, 67 %, 1875 MHz, 0x0000000000000000
2026/09/28 17:59:28.165, 75, 96.41 W, 67 %, 1875 MHz, 0x0000000000000000
2026/09/28 17:59:38.180, 75, 96.70 W, 67 %, 1875 MHz, 0x0000000000000000
2026/09/28 17:59:48.195, 75, 96.67 W, 67 %, 1875 MHz, 0x0000000000000000
2026/09/28 17:59:58.210, 75, 96.32 W, 67 %, 1875 MHz, 0x0000000000000000
2026/09/28 18:00:08.227, 75, 96.49 W, 66 %, 1875 MHz, 0x0000000000000000
2026/09/28 18:00:18.243, 75, 96.64 W, 66 %, 1875 MHz, 0x0000000000000000
2026/09/28 18:00:28.259, 75, 96.14 W, 67 %, 1875 MHz, 0x0000000000000000
2026/09/28 18:00:38.274, 75, 96.33 W, 66 %, 1875 MHz, 0x0000000000000000
2026/09/28 18:00:48.291, 75, 96.57 W, 66 %, 1875 MHz, 0x0000000000000000
2026/09/28 18:00:58.306, 76, 96.25 W, 67 %, 1875 MHz, 0x0000000000000000
2026/09/28 18:01:08.323, 75, 97.07 W, 67 %, 1875 MHz, 0x0000000000000000
2026/09/28 18:01:18.338, 75, 96.83 W, 67 %, 1875 MHz, 0x0000000000000000
2026/09/28 18:01:28.353, 76, 96.50 W, 66 %, 1875 MHz, 0x0000000000000000
2026/09/28 18:01:38.369, 75, 96.18 W, 66 %, 1875 MHz, 0x0000000000000000
2026/09/28 18:01:48.385, 75, 96.20 W, 67 %, 1875 MHz, 0x0000000000000000
2026/09/28 18:01:58.401, 75, 96.93 W, 67 %, 1875 MHz, 0x0000000000000000
2026/09/28 18:02:08.417, 75, 96.47 W, 67 %, 1875 MHz, 0x0000000000000000
2026/09/28 18:02:18.435, 75, 96.14 W, 67 %, 1875 MHz, 0x0000000000000000
2026/09/28 18:02:28.452, 75, 96.15 W, 67 %, 1875 MHz, 0x0000000000000000
2026/09/28 18:02:38.468, 75, 95.83 W, 67 %, 1875 MHz, 0x0000000000000000
2026/09/28 18:02:48.483, 76, 96.41 W, 67 %, 1875 MHz, 0x0000000000000000
2026/09/28 18:02:58.499, 76, 96.67 W, 68 %, 1875 MHz, 0x0000000000000000
2026/09/28 18:03:08.515, 76, 96.44 W, 68 %, 1875 MHz, 0x0000000000000000
2026/09/28 18:03:18.529, 75, 96.13 W, 67 %, 1875 MHz, 0x0000000000000000
2026/09/28 18:03:28.546, 75, 96.23 W, 67 %, 1875 MHz, 0x0000000000000000
2026/09/28 18:03:38.563, 75, 96.57 W, 67 %, 1875 MHz, 0x0000000000000000
2026/09/28 18:03:48.579, 75, 96.78 W, 66 %, 1875 MHz, 0x0000000000000000
2026/09/28 18:03:58.594, 76, 96.41 W, 66 %, 1875 MHz, 0x0000000000000000
2026/09/28 18:04:08.609, 75, 95.99 W, 67 %, 1875 MHz, 0x0000000000000000
2026/09/28 18:04:18.624, 75, 96.56 W, 67 %, 1875 MHz, 0x0000000000000000
2026/09/28 18:04:28.639, 75, 96.70 W, 66 %, 1875 MHz, 0x0000000000000000
2026/09/28 18:04:38.654, 76, 96.45 W, 67 %, 1875 MHz, 0x0000000000000000
2026/09/28 18:04:48.670, 76, 96.51 W, 67 %, 1875 MHz, 0x0000000000000000
2026/09/28 18:04:58.686, 75, 96.83 W, 67 %, 1875 MHz, 0x0000000000000000
2026/09/28 18:05:08.701, 75, 96.71 W, 67 %, 1875 MHz, 0x0000000000000000
2026/09/28 18:05:18.716, 75, 96.96 W, 67 %, 1875 MHz, 0x0000000000000000
2026/09/28 18:05:28.730, 75, 96.54 W, 67 %, 1875 MHz, 0x0000000000000000
2026/09/28 18:05:38.745, 75, 96.36 W, 67 %, 1875 MHz, 0x0000000000000000
2026/09/28 18:05:48.762, 75, 96.35 W, 67 %, 1875 MHz, 0x0000000000000000
2026/09/28 18:05:58.778, 75, 96.01 W, 68 %, 1875 MHz, 0x0000000000000000
2026/09/28 18:06:08.794, 76, 97.38 W, 67 %, 1875 MHz, 0x0000000000000000
2026/09/28 18:06:18.809, 75, 96.58 W, 68 %, 1875 MHz, 0x0000000000000000
2026/09/28 18:06:28.824, 75, 96.36 W, 67 %, 1875 MHz, 0x0000000000000000
2026/09/28 18:06:38.840, 76, 96.74 W, 68 %, 1875 MHz, 0x0000000000000000
2026/09/28 18:06:48.859, 75, 96.98 W, 67 %, 1875 MHz, 0x0000000000000000
2026/09/28 18:06:58.874, 75, 96.64 W, 68 %, 1875 MHz, 0x0000000000000000
2026/09/28 18:07:08.889, 75, 96.96 W, 66 %, 1875 MHz, 0x0000000000000000
2026/09/28 18:07:18.904, 76, 97.08 W, 67 %, 1875 MHz, 0x0000000000000000
2026/09/28 18:07:28.919, 75, 96.62 W, 68 %, 1875 MHz, 0x0000000000000000
2026/09/28 18:07:38.934, 75, 96.24 W, 67 %, 1875 MHz, 0x0000000000000000
2026/09/28 18:07:48.948, 75, 96.92 W, 67 %, 1875 MHz, 0x0000000000000000
2026/09/28 18:07:58.965, 75, 96.28 W, 67 %, 1875 MHz, 0x0000000000000000
2026/09/28 18:08:08.980, 76, 96.87 W, 67 %, 1875 MHz, 0x0000000000000000
2026/09/28 18:08:18.995, 76, 96.68 W, 66 %, 1875 MHz, 0x0000000000000000
2026/09/28 18:08:29.010, 75, 96.38 W, 67 %, 1875 MHz, 0x0000000000000000
2026/09/28 18:08:39.025, 75, 96.36 W, 67 %, 1875 MHz, 0x0000000000000000
2026/09/28 18:08:49.041, 75, 96.21 W, 67 %, 1875 MHz, 0x0000000000000000
2026/09/28 18:08:59.056, 75, 97.07 W, 68 %, 1875 MHz, 0x0000000000000000
2026/09/28 18:09:09.070, 75, 96.47 W, 67 %, 1875 MHz, 0x0000000000000000
2026/09/28 18:09:19.085, 75, 96.42 W, 67 %, 1875 MHz, 0x0000000000000000
2026/09/28 18:09:29.100, 75, 96.57 W, 68 %, 1875 MHz, 0x0000000000000000
2026/09/28 18:09:39.115, 75, 96.57 W, 67 %, 1875 MHz, 0x0000000000000000
2026/09/28 18:09:49.129, 75, 96.21 W, 67 %, 1875 MHz, 0x0000000000000000
2026/09/28 18:09:59.144, 75, 96.31 W, 66 %, 1875 MHz, 0x0000000000000000
2026/09/28 18:10:09.159, 75, 96.10 W, 67 %, 1875 MHz, 0x0000000000000000
2026/09/28 18:10:19.175, 75, 95.98 W, 67 %, 1875 MHz, 0x0000000000000000
2026/09/28 18:10:29.191, 75, 96.34 W, 67 %, 1875 MHz, 0x0000000000000000
2026/09/28 18:10:39.205, 75, 96.50 W, 66 %, 1875 MHz, 0x0000000000000000
2026/09/28 18:10:49.220, 75, 96.46 W, 67 %, 1875 MHz, 0x0000000000000000
2026/09/28 18:10:59.235, 75, 96.68 W, 66 %, 1875 MHz, 0x0000000000000000
2026/09/28 18:11:09.250, 75, 96.93 W, 67 %, 1875 MHz, 0x0000000000000000
2026/09/28 18:11:19.267, 75, 96.92 W, 66 %, 1875 MHz, 0x0000000000000000
2026/09/28 18:11:29.282, 75, 96.36 W, 67 %, 1875 MHz, 0x0000000000000000
2026/09/28 18:11:39.298, 75, 96.66 W, 67 %, 1875 MHz, 0x0000000000000000
2026/09/28 18:11:49.315, 76, 96.54 W, 67 %, 1875 MHz, 0x0000000000000000
2026/09/28 18:11:59.332, 76, 96.68 W, 66 %, 1875 MHz, 0x0000000000000000
2026/09/28 18:12:09.347, 75, 96.11 W, 68 %, 1875 MHz, 0x0000000000000000
2026/09/28 18:12:19.361, 75, 96.12 W, 68 %, 1875 MHz, 0x0000000000000000
2026/09/28 18:12:29.377, 75, 96.28 W, 67 %, 1875 MHz, 0x0000000000000000
2026/09/28 18:12:39.393, 76, 96.42 W, 67 %, 1875 MHz, 0x0000000000000000
2026/09/28 18:12:49.409, 76, 96.93 W, 67 %, 1875 MHz, 0x0000000000000000
2026/09/28 18:12:59.425, 76, 96.10 W, 67 %, 1875 MHz, 0x0000000000000000
2026/09/28 18:13:09.440, 75, 96.43 W, 68 %, 1875 MHz, 0x0000000000000000
2026/09/28 18:13:19.455, 75, 96.26 W, 67 %, 1875 MHz, 0x0000000000000000
2026/09/28 18:13:29.471, 75, 96.37 W, 68 %, 1875 MHz, 0x0000000000000000
2026/09/28 18:13:39.488, 76, 96.92 W, 68 %, 1875 MHz, 0x0000000000000000
2026/09/28 18:13:49.503, 75, 97.08 W, 67 %, 1875 MHz, 0x0000000000000000
2026/09/28 18:13:59.519, 75, 96.22 W, 68 %, 1875 MHz, 0x0000000000000000
2026/09/28 18:14:09.535, 75, 96.29 W, 67 %, 1875 MHz, 0x0000000000000000
2026/09/28 18:14:19.550, 75, 96.21 W, 67 %, 1875 MHz, 0x0000000000000000
2026/09/28 18:14:29.564, 75, 96.22 W, 67 %, 1875 MHz, 0x0000000000000000
2026/09/28 18:14:39.581, 75, 96.10 W, 67 %, 1875 MHz, 0x0000000000000000
2026/09/28 18:14:49.597, 75, 96.24 W, 67 %, 1875 MHz, 0x0000000000000000
2026/09/28 18:14:59.612, 75, 96.17 W, 66 %, 1875 MHz, 0x0000000000000000
2026/09/28 18:15:09.627, 75, 96.42 W, 67 %, 1875 MHz, 0x0000000000000000
2026/09/28 18:15:19.643, 75, 96.21 W, 67 %, 1875 MHz, 0x0000000000000000
2026/09/28 18:15:29.658, 75, 96.73 W, 68 %, 1875 MHz, 0x0000000000000000
2026/09/28 18:15:39.672, 75, 96.47 W, 67 %, 1875 MHz, 0x0000000000000000
2026/09/28 18:15:49.689, 75, 96.23 W, 67 %, 1875 MHz, 0x0000000000000000
2026/09/28 18:15:59.704, 75, 96.47 W, 67 %, 1875 MHz, 0x0000000000000000
2026/09/28 18:16:09.719, 76, 96.21 W, 68 %, 1875 MHz, 0x0000000000000000
2026/09/28 18:16:19.733, 76, 96.21 W, 67 %, 1875 MHz, 0x0000000000000000
2026/09/28 18:16:29.748, 76, 96.62 W, 67 %, 1875 MHz, 0x0000000000000000
2026/09/28 18:16:39.763, 76, 96.36 W, 67 %, 1875 MHz, 0x0000000000000000
2026/09/28 18:16:49.777, 76, 96.33 W, 67 %, 1875 MHz, 0x0000000000000000
2026/09/28 18:16:59.794, 75, 96.12 W, 67 %, 1875 MHz, 0x0000000000000000
2026/09/28 18:17:09.810, 75, 96.31 W, 67 %, 1875 MHz, 0x0000000000000000
2026/09/28 18:17:19.825, 76, 96.81 W, 67 %, 1875 MHz, 0x0000000000000000
2026/09/28 18:17:29.841, 76, 96.36 W, 68 %, 1875 MHz, 0x0000000000000000
2026/09/28 18:17:39.856, 76, 96.90 W, 67 %, 1875 MHz, 0x0000000000000000
2026/09/28 18:17:49.871, 75, 96.16 W, 68 %, 1875 MHz, 0x0000000000000000
2026/09/28 18:17:59.887, 76, 96.55 W, 67 %, 1875 MHz, 0x0000000000000000
2026/09/28 18:18:09.901, 76, 96.44 W, 67 %, 1875 MHz, 0x0000000000000000
2026/09/28 18:18:19.917, 76, 96.43 W, 67 %, 1875 MHz, 0x0000000000000000
2026/09/28 18:18:29.931, 75, 96.44 W, 67 %, 1875 MHz, 0x0000000000000000
2026/09/28 18:18:39.946, 75, 96.31 W, 67 %, 1875 MHz, 0x0000000000000000
2026/09/28 18:18:49.961, 76, 96.28 W, 67 %, 1875 MHz, 0x0000000000000000
2026/09/28 18:18:59.976, 75, 96.10 W, 68 %, 1875 MHz, 0x0000000000000000
2026/09/28 18:19:09.992, 75, 96.29 W, 67 %, 1875 MHz, 0x0000000000000000
2026/09/28 18:19:20.007, 76, 96.97 W, 68 %, 1875 MHz, 0x0000000000000000
2026/09/28 18:19:30.022, 75, 96.13 W, 67 %, 1875 MHz, 0x0000000000000000
2026/09/28 18:19:40.037, 75, 96.21 W, 67 %, 1875 MHz, 0x0000000000000000
2026/09/28 18:19:50.051, 76, 96.90 W, 68 %, 1875 MHz, 0x0000000000000000
2026/09/28 18:20:00.066, 75, 96.24 W, 68 %, 1875 MHz, 0x0000000000000000
2026/09/28 18:20:10.081, 75, 96.92 W, 68 %, 1875 MHz, 0x0000000000000000
2026/09/28 18:20:20.096, 75, 96.73 W, 67 %, 1875 MHz, 0x0000000000000000
2026/09/28 18:20:30.111, 75, 96.59 W, 67 %, 1875 MHz, 0x0000000000000000
2026/09/28 18:20:40.126, 75, 96.28 W, 67 %, 1875 MHz, 0x0000000000000000
2026/09/28 18:20:50.142, 75, 96.60 W, 67 %, 1875 MHz, 0x0000000000000000
2026/09/28 18:21:00.158, 75, 96.63 W, 67 %, 1875 MHz, 0x0000000000000000
2026/09/28 18:21:10.175, 75, 96.25 W, 67 %, 1875 MHz, 0x0000000000000000
2026/09/28 18:21:20.190, 75, 96.00 W, 67 %, 1875 MHz, 0x0000000000000000
2026/09/28 18:21:30.204, 75, 95.98 W, 67 %, 1875 MHz, 0x0000000000000000
2026/09/28 18:21:40.219, 75, 96.35 W, 68 %, 1875 MHz, 0x0000000000000000
2026/09/28 18:21:50.234, 75, 96.20 W, 67 %, 1875 MHz, 0x0000000000000000
2026/09/28 18:22:00.249, 75, 96.32 W, 68 %, 1875 MHz, 0x0000000000000000
2026/09/28 18:22:10.264, 75, 96.16 W, 67 %, 1875 MHz, 0x0000000000000000
2026/09/28 18:22:20.278, 75, 96.22 W, 67 %, 1875 MHz, 0x0000000000000000
2026/09/28 18:22:30.293, 75, 96.64 W, 67 %, 1875 MHz, 0x0000000000000000
2026/09/28 18:22:40.308, 75, 94.75 W, 67 %, 1875 MHz, 0x0000000000000000
2026/09/28 18:22:50.322, 75, 96.54 W, 67 %, 1875 MHz, 0x0000000000000000
2026/09/28 18:23:00.338, 75, 94.82 W, 68 %, 1875 MHz, 0x0000000000000000
2026/09/28 18:23:10.354, 75, 96.39 W, 67 %, 1875 MHz, 0x0000000000000000
2026/09/28 18:23:20.369, 75, 96.15 W, 67 %, 1875 MHz, 0x0000000000000000
2026/09/28 18:23:30.386, 76, 96.16 W, 66 %, 1875 MHz, 0x0000000000000000
2026/09/28 18:23:40.402, 75, 96.17 W, 66 %, 1875 MHz, 0x0000000000000000
2026/09/28 18:23:50.418, 75, 96.29 W, 66 %, 1875 MHz, 0x0000000000000000
2026/09/28 18:24:00.433, 76, 96.33 W, 67 %, 1875 MHz, 0x0000000000000000
2026/09/28 18:24:10.448, 75, 96.74 W, 66 %, 1875 MHz, 0x0000000000000000
2026/09/28 18:24:20.463, 76, 96.89 W, 67 %, 1875 MHz, 0x0000000000000000
2026/09/28 18:24:30.478, 76, 96.28 W, 67 %, 1875 MHz, 0x0000000000000000
2026/09/28 18:24:40.495, 75, 96.42 W, 66 %, 1875 MHz, 0x0000000000000000
2026/09/28 18:24:50.511, 75, 96.74 W, 66 %, 1875 MHz, 0x0000000000000000
2026/09/28 18:25:00.527, 75, 96.19 W, 67 %, 1875 MHz, 0x0000000000000000
2026/09/28 18:25:10.542, 75, 96.14 W, 67 %, 1875 MHz, 0x0000000000000000
2026/09/28 18:25:20.558, 75, 96.30 W, 67 %, 1875 MHz, 0x0000000000000000
2026/09/28 18:25:30.573, 75, 96.55 W, 67 %, 1875 MHz, 0x0000000000000000
2026/09/28 18:25:40.588, 75, 96.40 W, 67 %, 1875 MHz, 0x0000000000000000
2026/09/28 18:25:50.605, 75, 96.30 W, 67 %, 1875 MHz, 0x0000000000000000
2026/09/28 18:26:00.622, 75, 96.33 W, 66 %, 1875 MHz, 0x0000000000000000
2026/09/28 18:26:10.637, 75, 96.46 W, 66 %, 1875 MHz, 0x0000000000000000
2026/09/28 18:26:20.652, 75, 96.33 W, 67 %, 1875 MHz, 0x0000000000000000
2026/09/28 18:26:30.667, 75, 96.78 W, 67 %, 1875 MHz, 0x0000000000000000
2026/09/28 18:26:40.682, 75, 96.15 W, 67 %, 1875 MHz, 0x0000000000000000
2026/09/28 18:26:50.696, 75, 96.77 W, 66 %, 1875 MHz, 0x0000000000000000
2026/09/28 18:27:00.712, 75, 95.91 W, 67 %, 1875 MHz, 0x0000000000000000
2026/09/28 18:27:10.727, 75, 96.77 W, 66 %, 1875 MHz, 0x0000000000000000
2026/09/28 18:27:20.742, 75, 96.19 W, 66 %, 1875 MHz, 0x0000000000000000
2026/09/28 18:27:30.757, 75, 96.23 W, 67 %, 1875 MHz, 0x0000000000000000
2026/09/28 18:27:40.772, 75, 96.88 W, 67 %, 1875 MHz, 0x0000000000000000
2026/09/28 18:27:50.786, 75, 96.47 W, 67 %, 1875 MHz, 0x0000000000000000
2026/09/28 18:28:00.802, 75, 96.38 W, 67 %, 1875 MHz, 0x0000000000000000
2026/09/28 18:28:10.819, 75, 96.53 W, 68 %, 1875 MHz, 0x0000000000000000
2026/09/28 18:28:20.835, 75, 96.07 W, 67 %, 1875 MHz, 0x0000000000000000
2026/09/28 18:28:30.850, 75, 96.07 W, 67 %, 1875 MHz, 0x0000000000000000
2026/09/28 18:28:40.866, 75, 96.46 W, 67 %, 1875 MHz, 0x0000000000000000
2026/09/28 18:28:50.881, 75, 95.98 W, 67 %, 1875 MHz, 0x0000000000000000
2026/09/28 18:29:00.896, 75, 95.83 W, 67 %, 1875 MHz, 0x0000000000000000
2026/09/28 18:29:10.911, 75, 96.39 W, 67 %, 1875 MHz, 0x0000000000000000
2026/09/28 18:29:20.927, 75, 96.18 W, 67 %, 1875 MHz, 0x0000000000000000
2026/09/28 18:29:30.943, 75, 96.58 W, 67 %, 1875 MHz, 0x0000000000000000
2026/09/28 18:29:40.958, 75, 96.85 W, 67 %, 1875 MHz, 0x0000000000000000
2026/09/28 18:29:50.972, 75, 96.89 W, 67 %, 1875 MHz, 0x0000000000000000
2026/09/28 18:30:00.987, 75, 97.19 W, 67 %, 1875 MHz, 0x0000000000000000
2026/09/28 18:30:11.002, 75, 96.41 W, 67 %, 1875 MHz, 0x0000000000000000
2026/09/28 18:30:21.018, 75, 96.16 W, 67 %, 1875 MHz, 0x0000000000000000
2026/09/28 18:30:31.034, 75, 96.43 W, 67 %, 1875 MHz, 0x0000000000000000
2026/09/28 18:30:41.049, 75, 96.01 W, 66 %, 1875 MHz, 0x0000000000000000
2026/09/28 18:30:51.064, 75, 96.06 W, 67 %, 1875 MHz, 0x0000000000000000
2026/09/28 18:31:01.079, 76, 96.45 W, 66 %, 1875 MHz, 0x0000000000000000
2026/09/28 18:31:11.094, 75, 96.06 W, 67 %, 1875 MHz, 0x0000000000000000
2026/09/28 18:31:21.110, 75, 96.49 W, 67 %, 1875 MHz, 0x0000000000000000
2026/09/28 18:31:31.124, 75, 96.57 W, 66 %, 1875 MHz, 0x0000000000000000
2026/09/28 18:31:41.139, 76, 96.08 W, 66 %, 1875 MHz, 0x0000000000000000
2026/09/28 18:31:51.154, 75, 96.23 W, 67 %, 1875 MHz, 0x0000000000000000
2026/09/28 18:32:01.169, 76, 96.17 W, 67 %, 1875 MHz, 0x0000000000000000
2026/09/28 18:32:11.184, 75, 95.81 W, 67 %, 1875 MHz, 0x0000000000000000
2026/09/28 18:32:21.198, 75, 95.67 W, 67 %, 1875 MHz, 0x0000000000000000
2026/09/28 18:32:31.214, 75, 96.10 W, 67 %, 1875 MHz, 0x0000000000000000
2026/09/28 18:32:41.230, 75, 95.77 W, 66 %, 1875 MHz, 0x0000000000000000
2026/09/28 18:32:51.246, 75, 94.24 W, 68 %, 1875 MHz, 0x0000000000000000
2026/09/28 18:33:01.262, 75, 96.28 W, 68 %, 1875 MHz, 0x0000000000000000
2026/09/28 18:33:11.277, 76, 95.51 W, 68 %, 1875 MHz, 0x0000000000000000
2026/09/28 18:33:21.292, 76, 95.88 W, 67 %, 1875 MHz, 0x0000000000000000
2026/09/28 18:33:31.307, 75, 95.84 W, 66 %, 1875 MHz, 0x0000000000000000
2026/09/28 18:33:41.324, 76, 95.84 W, 66 %, 1875 MHz, 0x0000000000000000
2026/09/28 18:33:51.340, 75, 95.93 W, 67 %, 1875 MHz, 0x0000000000000000
2026/09/28 18:34:01.355, 75, 95.90 W, 67 %, 1875 MHz, 0x0000000000000000
2026/09/28 18:34:11.373, 75, 95.56 W, 67 %, 1875 MHz, 0x0000000000000000
2026/09/28 18:34:21.388, 75, 95.77 W, 66 %, 1875 MHz, 0x0000000000000000
2026/09/28 18:34:31.403, 75, 95.94 W, 67 %, 1875 MHz, 0x0000000000000000
2026/09/28 18:34:41.419, 75, 95.45 W, 67 %, 1875 MHz, 0x0000000000000000
2026/09/28 18:34:51.435, 75, 96.10 W, 63 %, 1875 MHz, 0x0000000000000000
2026/09/28 18:35:01.450, 75, 95.34 W, 66 %, 1875 MHz, 0x0000000000000000
2026/09/28 18:35:11.465, 75, 96.38 W, 67 %, 1875 MHz, 0x0000000000000000
2026/09/28 18:35:21.482, 75, 95.82 W, 67 %, 1875 MHz, 0x0000000000000000
2026/09/28 18:35:31.499, 75, 96.66 W, 67 %, 1875 MHz, 0x0000000000000000
2026/09/28 18:35:41.514, 75, 95.74 W, 66 %, 1875 MHz, 0x0000000000000000
2026/09/28 18:35:51.530, 75, 95.82 W, 67 %, 1875 MHz, 0x0000000000000000
2026/09/28 18:36:01.546, 75, 95.76 W, 67 %, 1875 MHz, 0x0000000000000000
2026/09/28 18:36:11.563, 75, 95.52 W, 67 %, 1875 MHz, 0x0000000000000000
2026/09/28 18:36:21.580, 75, 96.24 W, 66 %, 1875 MHz, 0x0000000000000000
2026/09/28 18:36:31.596, 75, 95.52 W, 67 %, 1875 MHz, 0x0000000000000000
2026/09/28 18:36:41.612, 75, 96.24 W, 67 %, 1875 MHz, 0x0000000000000000
2026/09/28 18:36:51.627, 75, 95.55 W, 66 %, 1875 MHz, 0x0000000000000000
2026/09/28 18:37:01.645, 75, 95.58 W, 67 %, 1875 MHz, 0x0000000000000000
2026/09/28 18:37:11.661, 75, 95.57 W, 67 %, 1875 MHz, 0x0000000000000000
2026/09/28 18:37:21.676, 75, 96.49 W, 66 %, 1875 MHz, 0x0000000000000000
2026/09/28 18:37:31.691, 75, 95.84 W, 66 %, 1875 MHz, 0x0000000000000000
2026/09/28 18:37:41.706, 75, 95.69 W, 67 %, 1875 MHz, 0x0000000000000000
2026/09/28 18:37:51.720, 75, 95.61 W, 67 %, 1875 MHz, 0x0000000000000000
2026/09/28 18:38:01.736, 75, 95.65 W, 67 %, 1875 MHz, 0x0000000000000000
2026/09/28 18:38:11.752, 75, 95.76 W, 67 %, 1875 MHz, 0x0000000000000000
2026/09/28 18:38:21.768, 75, 95.72 W, 67 %, 1875 MHz, 0x0000000000000000
2026/09/28 18:38:31.783, 75, 95.68 W, 67 %, 1875 MHz, 0x0000000000000000
2026/09/28 18:38:41.798, 75, 96.24 W, 67 %, 1875 MHz, 0x0000000000000000
2026/09/28 18:38:51.814, 75, 95.77 W, 67 %, 1875 MHz, 0x0000000000000000
2026/09/28 18:39:01.828, 75, 96.05 W, 67 %, 1875 MHz, 0x0000000000000000
2026/09/28 18:39:11.845, 75, 96.61 W, 67 %, 1875 MHz, 0x0000000000000000
2026/09/28 18:39:21.861, 75, 95.64 W, 67 %, 1875 MHz, 0x0000000000000000
2026/09/28 18:39:31.878, 75, 96.19 W, 68 %, 1875 MHz, 0x0000000000000000
2026/09/28 18:39:41.894, 75, 95.76 W, 68 %, 1875 MHz, 0x0000000000000000
2026/09/28 18:39:51.908, 75, 96.71 W, 67 %, 1875 MHz, 0x0000000000000000
2026/09/28 18:40:01.923, 75, 95.96 W, 67 %, 1875 MHz, 0x0000000000000000
2026/09/28 18:40:11.938, 75, 95.96 W, 67 %, 1875 MHz, 0x0000000000000000
2026/09/28 18:40:21.953, 75, 95.76 W, 68 %, 1875 MHz, 0x0000000000000000
2026/09/28 18:40:31.969, 75, 96.08 W, 68 %, 1875 MHz, 0x0000000000000000
2026/09/28 18:40:41.985, 75, 96.46 W, 67 %, 1875 MHz, 0x0000000000000000
2026/09/28 18:40:52.001, 75, 95.72 W, 67 %, 1875 MHz, 0x0000000000000000
2026/09/28 18:41:02.017, 75, 96.34 W, 68 %, 1875 MHz, 0x0000000000000000
2026/09/28 18:41:12.032, 75, 95.88 W, 67 %, 1875 MHz, 0x0000000000000000
2026/09/28 18:41:22.047, 75, 95.86 W, 67 %, 1875 MHz, 0x0000000000000000
2026/09/28 18:41:32.063, 75, 95.99 W, 67 %, 1875 MHz, 0x0000000000000000
2026/09/28 18:41:42.078, 75, 95.51 W, 67 %, 1875 MHz, 0x0000000000000000
2026/09/28 18:41:52.093, 75, 96.43 W, 67 %, 1875 MHz, 0x0000000000000000
2026/09/28 18:42:02.108, 75, 95.55 W, 67 %, 1875 MHz, 0x0000000000000000
2026/09/28 18:42:12.123, 75, 95.63 W, 66 %, 1875 MHz, 0x0000000000000000
2026/09/28 18:42:22.137, 75, 95.34 W, 67 %, 1875 MHz, 0x0000000000000000
2026/09/28 18:42:32.152, 75, 96.63 W, 67 %, 1875 MHz, 0x0000000000000000
2026/09/28 18:42:42.167, 75, 96.59 W, 67 %, 1875 MHz, 0x0000000000000000
2026/09/28 18:42:52.182, 75, 95.66 W, 67 %, 1875 MHz, 0x0000000000000000
2026/09/28 18:43:02.196, 75, 95.76 W, 67 %, 1875 MHz, 0x0000000000000000
2026/09/28 18:43:12.211, 75, 95.70 W, 67 %, 1875 MHz, 0x0000000000000000
2026/09/28 18:43:22.226, 75, 95.42 W, 67 %, 1875 MHz, 0x0000000000000000
2026/09/28 18:43:32.241, 75, 95.36 W, 67 %, 1875 MHz, 0x0000000000000000
2026/09/28 18:43:42.255, 75, 95.64 W, 68 %, 1875 MHz, 0x0000000000000000
2026/09/28 18:43:52.272, 75, 95.21 W, 67 %, 1875 MHz, 0x0000000000000000
2026/09/28 18:44:02.287, 75, 95.37 W, 67 %, 1875 MHz, 0x0000000000000000
2026/09/28 18:44:12.303, 75, 95.58 W, 67 %, 1875 MHz, 0x0000000000000000
2026/09/28 18:44:22.317, 75, 95.40 W, 68 %, 1875 MHz, 0x0000000000000000
2026/09/28 18:44:32.332, 75, 95.99 W, 68 %, 1875 MHz, 0x0000000000000000
2026/09/28 18:44:42.348, 75, 95.76 W, 67 %, 1875 MHz, 0x0000000000000000
2026/09/28 18:44:52.365, 75, 95.74 W, 67 %, 1875 MHz, 0x0000000000000000
2026/09/28 18:45:02.383, 75, 95.27 W, 67 %, 1875 MHz, 0x0000000000000000
2026/09/28 18:45:12.399, 75, 95.44 W, 67 %, 1875 MHz, 0x0000000000000000
2026/09/28 18:45:22.414, 75, 95.81 W, 68 %, 1875 MHz, 0x0000000000000000
2026/09/28 18:45:32.429, 75, 94.93 W, 67 %, 1875 MHz, 0x0000000000000000
2026/09/28 18:45:42.444, 75, 95.19 W, 68 %, 1875 MHz, 0x0000000000000000
2026/09/28 18:45:52.461, 75, 95.77 W, 67 %, 1875 MHz, 0x0000000000000000
2026/09/28 18:46:02.478, 75, 95.35 W, 67 %, 1875 MHz, 0x0000000000000000
2026/09/28 18:46:12.493, 75, 95.28 W, 68 %, 1875 MHz, 0x0000000000000000
2026/09/28 18:46:22.511, 75, 95.88 W, 68 %, 1875 MHz, 0x0000000000000000
2026/09/28 18:46:32.526, 75, 95.26 W, 67 %, 1875 MHz, 0x0000000000000000
2026/09/28 18:46:42.543, 75, 95.56 W, 67 %, 1875 MHz, 0x0000000000000000
2026/09/28 18:46:52.558, 75, 96.25 W, 68 %, 1875 MHz, 0x0000000000000000
2026/09/28 18:47:02.575, 75, 95.51 W, 68 %, 1875 MHz, 0x0000000000000000
2026/09/28 18:47:12.592, 75, 95.66 W, 67 %, 1875 MHz, 0x0000000000000000
2026/09/28 18:47:22.608, 75, 95.24 W, 67 %, 1875 MHz, 0x0000000000000000
2026/09/28 18:47:32.624, 75, 95.12 W, 68 %, 1875 MHz, 0x0000000000000000
2026/09/28 18:47:42.639, 75, 95.43 W, 67 %, 1875 MHz, 0x0000000000000000
2026/09/28 18:47:52.653, 75, 95.34 W, 68 %, 1875 MHz, 0x0000000000000000
2026/09/28 18:48:02.669, 75, 94.97 W, 67 %, 1875 MHz, 0x0000000000000000
2026/09/28 18:48:12.685, 75, 94.80 W, 67 %, 1875 MHz, 0x0000000000000000
2026/09/28 18:48:22.700, 75, 94.94 W, 68 %, 1875 MHz, 0x0000000000000000
2026/09/28 18:48:32.715, 75, 95.17 W, 67 %, 1875 MHz, 0x0000000000000000
2026/09/28 18:48:42.730, 75, 95.14 W, 67 %, 1875 MHz, 0x0000000000000000
2026/09/28 18:48:52.745, 75, 95.18 W, 68 %, 1875 MHz, 0x0000000000000000
2026/09/28 18:49:02.759, 75, 95.14 W, 67 %, 1875 MHz, 0x0000000000000000
2026/09/28 18:49:12.775, 75, 95.15 W, 67 %, 1875 MHz, 0x0000000000000000
2026/09/28 18:49:22.790, 75, 95.20 W, 67 %, 1875 MHz, 0x0000000000000000
2026/09/28 18:49:32.805, 75, 94.98 W, 69 %, 1875 MHz, 0x0000000000000000
2026/09/28 18:49:42.821, 75, 94.71 W, 68 %, 1875 MHz, 0x0000000000000000
2026/09/28 18:49:52.836, 75, 95.23 W, 68 %, 1875 MHz, 0x0000000000000000
2026/09/28 18:50:02.851, 75, 94.83 W, 67 %, 1875 MHz, 0x0000000000000000
2026/09/28 18:50:12.866, 75, 94.92 W, 67 %, 1875 MHz, 0x0000000000000000
2026/09/28 18:50:22.883, 75, 94.91 W, 68 %, 1875 MHz, 0x0000000000000000
2026/09/28 18:50:32.899, 75, 94.71 W, 67 %, 1875 MHz, 0x0000000000000000
2026/09/28 18:50:42.914, 75, 94.50 W, 67 %, 1875 MHz, 0x0000000000000000
2026/09/28 18:50:52.929, 75, 94.63 W, 68 %, 1875 MHz, 0x0000000000000000
2026/09/28 18:51:02.944, 75, 94.97 W, 67 %, 1875 MHz, 0x0000000000000000
2026/09/28 18:51:12.959, 75, 95.06 W, 67 %, 1875 MHz, 0x0000000000000000
2026/09/28 18:51:22.975, 75, 94.64 W, 67 %, 1875 MHz, 0x0000000000000000
2026/09/28 18:51:32.990, 75, 94.77 W, 68 %, 1875 MHz, 0x0000000000000000
2026/09/28 18:51:43.006, 75, 94.73 W, 67 %, 1875 MHz, 0x0000000000000000
2026/09/28 18:51:53.021, 74, 82.03 W, 5 %, 1875 MHz, 0x0000000000000000
2026/09/28 18:52:03.036, 75, 96.20 W, 67 %, 1875 MHz, 0x0000000000000000
2026/09/28 18:52:13.052, 75, 95.83 W, 68 %, 1875 MHz, 0x0000000000000000
2026/09/28 18:52:23.068, 75, 95.93 W, 68 %, 1875 MHz, 0x0000000000000000
2026/09/28 18:52:33.083, 75, 95.93 W, 67 %, 1875 MHz, 0x0000000000000000
2026/09/28 18:52:43.098, 75, 96.21 W, 67 %, 1875 MHz, 0x0000000000000000
2026/09/28 18:52:53.113, 75, 96.06 W, 67 %, 1875 MHz, 0x0000000000000000
2026/09/28 18:53:03.130, 75, 96.04 W, 67 %, 1875 MHz, 0x0000000000000000
2026/09/28 18:53:13.146, 75, 96.94 W, 67 %, 1875 MHz, 0x0000000000000000
2026/09/28 18:53:23.162, 75, 96.65 W, 67 %, 1875 MHz, 0x0000000000000000
2026/09/28 18:53:33.178, 75, 96.10 W, 67 %, 1875 MHz, 0x0000000000000000
2026/09/28 18:53:43.193, 75, 96.75 W, 67 %, 1875 MHz, 0x0000000000000000
2026/09/28 18:53:53.208, 75, 96.09 W, 67 %, 1875 MHz, 0x0000000000000000
2026/09/28 18:54:03.224, 75, 96.69 W, 68 %, 1875 MHz, 0x0000000000000000
2026/09/28 18:54:13.240, 75, 96.40 W, 68 %, 1875 MHz, 0x0000000000000000
2026/09/28 18:54:23.256, 75, 96.36 W, 67 %, 1875 MHz, 0x0000000000000000
2026/09/28 18:54:33.271, 75, 96.25 W, 68 %, 1875 MHz, 0x0000000000000000
2026/09/28 18:54:43.286, 76, 96.54 W, 68 %, 1875 MHz, 0x0000000000000000
2026/09/28 18:54:53.301, 75, 96.35 W, 67 %, 1875 MHz, 0x0000000000000000
2026/09/28 18:55:03.316, 76, 96.21 W, 67 %, 1875 MHz, 0x0000000000000000
2026/09/28 18:55:13.332, 76, 96.77 W, 68 %, 1875 MHz, 0x0000000000000000
2026/09/28 18:55:23.347, 76, 96.29 W, 68 %, 1875 MHz, 0x0000000000000000
2026/09/28 18:55:33.363, 76, 97.14 W, 68 %, 1875 MHz, 0x0000000000000000
2026/09/28 18:55:43.378, 75, 96.27 W, 67 %, 1875 MHz, 0x0000000000000000
2026/09/28 18:55:53.394, 75, 96.48 W, 68 %, 1875 MHz, 0x0000000000000000
2026/09/28 18:56:03.409, 76, 97.03 W, 68 %, 1875 MHz, 0x0000000000000000
2026/09/28 18:56:13.425, 76, 97.23 W, 67 %, 1875 MHz, 0x0000000000000000
2026/09/28 18:56:23.441, 76, 96.29 W, 67 %, 1875 MHz, 0x0000000000000000
2026/09/28 18:56:33.456, 76, 96.18 W, 68 %, 1875 MHz, 0x0000000000000000
2026/09/28 18:56:43.472, 76, 97.00 W, 67 %, 1875 MHz, 0x0000000000000000
2026/09/28 18:56:53.486, 76, 95.88 W, 68 %, 1875 MHz, 0x0000000000000000
2026/09/28 18:57:03.501, 76, 96.48 W, 68 %, 1875 MHz, 0x0000000000000000
2026/09/28 18:57:13.516, 76, 96.66 W, 67 %, 1875 MHz, 0x0000000000000000
2026/09/28 18:57:23.532, 76, 96.26 W, 67 %, 1875 MHz, 0x0000000000000000
2026/09/28 18:57:33.549, 76, 97.17 W, 68 %, 1875 MHz, 0x0000000000000000
2026/09/28 18:57:43.565, 76, 97.09 W, 67 %, 1875 MHz, 0x0000000000000000
2026/09/28 18:57:53.580, 76, 96.67 W, 67 %, 1875 MHz, 0x0000000000000000
2026/09/28 18:58:03.596, 76, 96.61 W, 68 %, 1875 MHz, 0x0000000000000000
2026/09/28 18:58:13.611, 76, 96.57 W, 68 %, 1875 MHz, 0x0000000000000000
2026/09/28 18:58:23.626, 76, 96.30 W, 68 %, 1875 MHz, 0x0000000000000000
2026/09/28 18:58:33.643, 76, 96.03 W, 67 %, 1875 MHz, 0x0000000000000000
2026/09/28 18:58:43.659, 76, 96.02 W, 68 %, 1875 MHz, 0x0000000000000000
2026/09/28 18:58:53.674, 76, 96.25 W, 67 %, 1875 MHz, 0x0000000000000000
2026/09/28 18:59:03.688, 76, 96.74 W, 68 %, 1875 MHz, 0x0000000000000000
2026/09/28 18:59:13.704, 75, 96.81 W, 67 %, 1875 MHz, 0x0000000000000000
2026/09/28 18:59:23.719, 76, 96.29 W, 68 %, 1875 MHz, 0x0000000000000000
2026/09/28 18:59:33.734, 76, 96.11 W, 68 %, 1875 MHz, 0x0000000000000000
2026/09/28 18:59:43.749, 76, 96.62 W, 68 %, 1875 MHz, 0x0000000000000000
2026/09/28 18:59:53.764, 76, 95.89 W, 68 %, 1875 MHz, 0x0000000000000000
2026/09/28 19:00:03.779, 76, 96.07 W, 68 %, 1875 MHz, 0x0000000000000000
2026/09/28 19:00:13.795, 76, 96.75 W, 68 %, 1875 MHz, 0x0000000000000000
2026/09/28 19:00:23.810, 76, 96.32 W, 67 %, 1875 MHz, 0x0000000000000000
2026/09/28 19:00:33.827, 76, 96.39 W, 68 %, 1875 MHz, 0x0000000000000000
2026/09/28 19:00:43.842, 76, 96.29 W, 67 %, 1875 MHz, 0x0000000000000000
2026/09/28 19:00:53.856, 76, 95.68 W, 68 %, 1875 MHz, 0x0000000000000000
2026/09/28 19:01:03.871, 76, 94.88 W, 67 %, 1875 MHz, 0x0000000000000000
2026/09/28 19:01:13.886, 76, 96.55 W, 67 %, 1875 MHz, 0x0000000000000000
2026/09/28 19:01:23.905, 76, 94.91 W, 68 %, 1875 MHz, 0x0000000000000000
2026/09/28 19:01:33.919, 76, 95.10 W, 67 %, 1875 MHz, 0x0000000000000000
2026/09/28 19:01:43.934, 76, 95.69 W, 68 %, 1875 MHz, 0x0000000000000000
2026/09/28 19:01:53.950, 76, 96.38 W, 68 %, 1875 MHz, 0x0000000000000000
2026/09/28 19:02:03.966, 76, 96.38 W, 67 %, 1875 MHz, 0x0000000000000000
2026/09/28 19:02:13.982, 76, 96.15 W, 67 %, 1875 MHz, 0x0000000000000000
2026/09/28 19:02:23.997, 76, 96.14 W, 68 %, 1875 MHz, 0x0000000000000000
2026/09/28 19:02:34.012, 76, 96.30 W, 68 %, 1875 MHz, 0x0000000000000000
2026/09/28 19:02:44.027, 76, 96.04 W, 67 %, 1875 MHz, 0x0000000000000000
2026/09/28 19:02:54.042, 76, 96.48 W, 68 %, 1875 MHz, 0x0000000000000000
2026/09/28 19:03:04.059, 76, 96.95 W, 67 %, 1875 MHz, 0x0000000000000000
2026/09/28 19:03:14.074, 76, 96.43 W, 67 %, 1875 MHz, 0x0000000000000000
2026/09/28 19:03:24.089, 76, 96.53 W, 67 %, 1875 MHz, 0x0000000000000000
2026/09/28 19:03:34.105, 76, 96.21 W, 67 %, 1875 MHz, 0x0000000000000000
2026/09/28 19:03:44.122, 76, 96.12 W, 67 %, 1875 MHz, 0x0000000000000000
2026/09/28 19:03:54.138, 76, 96.14 W, 67 %, 1875 MHz, 0x0000000000000000
2026/09/28 19:04:04.153, 76, 96.20 W, 67 %, 1875 MHz, 0x0000000000000000
2026/09/28 19:04:14.170, 76, 97.43 W, 67 %, 1875 MHz, 0x0000000000000000
2026/09/28 19:04:24.186, 76, 96.72 W, 67 %, 1875 MHz, 0x0000000000000000
2026/09/28 19:04:34.202, 76, 96.93 W, 67 %, 1875 MHz, 0x0000000000000000
2026/09/28 19:04:44.217, 76, 96.28 W, 67 %, 1875 MHz, 0x0000000000000000
2026/09/28 19:04:54.232, 76, 96.01 W, 67 %, 1875 MHz, 0x0000000000000000
2026/09/28 19:05:04.247, 76, 96.36 W, 67 %, 1875 MHz, 0x0000000000000000
2026/09/28 19:05:14.263, 76, 96.57 W, 68 %, 1875 MHz, 0x0000000000000000
2026/09/28 19:05:24.280, 76, 96.18 W, 67 %, 1875 MHz, 0x0000000000000000
2026/09/28 19:05:34.297, 76, 96.59 W, 67 %, 1875 MHz, 0x0000000000000000
2026/09/28 19:05:44.313, 76, 96.02 W, 68 %, 1875 MHz, 0x0000000000000000
2026/09/28 19:05:54.329, 76, 96.32 W, 67 %, 1875 MHz, 0x0000000000000000
2026/09/28 19:06:04.344, 76, 96.35 W, 67 %, 1875 MHz, 0x0000000000000000
2026/09/28 19:06:14.359, 76, 96.36 W, 68 %, 1875 MHz, 0x0000000000000000
2026/09/28 19:06:24.375, 76, 96.88 W, 68 %, 1875 MHz, 0x0000000000000000
2026/09/28 19:06:34.392, 76, 96.07 W, 67 %, 1875 MHz, 0x0000000000000000
2026/09/28 19:06:44.411, 76, 95.93 W, 67 %, 1875 MHz, 0x0000000000000000
2026/09/28 19:06:54.426, 76, 96.00 W, 67 %, 1875 MHz, 0x0000000000000000
2026/09/28 19:07:04.443, 76, 96.44 W, 68 %, 1875 MHz, 0x0000000000000000
2026/09/28 19:07:14.458, 76, 96.21 W, 68 %, 1875 MHz, 0x0000000000000000
2026/09/28 19:07:24.473, 76, 96.19 W, 68 %, 1875 MHz, 0x0000000000000000
2026/09/28 19:07:34.491, 76, 96.54 W, 68 %, 1875 MHz, 0x0000000000000000
2026/09/28 19:07:44.507, 76, 96.64 W, 67 %, 1875 MHz, 0x0000000000000000
2026/09/28 19:07:54.523, 76, 96.20 W, 67 %, 1875 MHz, 0x0000000000000000
2026/09/28 19:08:04.538, 76, 96.22 W, 68 %, 1875 MHz, 0x0000000000000000
2026/09/28 19:08:14.552, 76, 96.07 W, 68 %, 1875 MHz, 0x0000000000000000
2026/09/28 19:08:24.567, 76, 95.58 W, 68 %, 1875 MHz, 0x0000000000000000
2026/09/28 19:08:34.584, 76, 96.28 W, 67 %, 1875 MHz, 0x0000000000000000
2026/09/28 19:08:44.601, 76, 96.87 W, 68 %, 1875 MHz, 0x0000000000000000
2026/09/28 19:08:54.619, 76, 96.23 W, 68 %, 1875 MHz, 0x0000000000000000
2026/09/28 19:09:04.635, 76, 96.16 W, 68 %, 1875 MHz, 0x0000000000000000
2026/09/28 19:09:14.653, 76, 97.01 W, 67 %, 1875 MHz, 0x0000000000000000
2026/09/28 19:09:24.668, 76, 96.26 W, 68 %, 1875 MHz, 0x0000000000000000
2026/09/28 19:09:34.684, 76, 96.08 W, 67 %, 1875 MHz, 0x0000000000000000
2026/09/28 19:09:44.701, 76, 96.60 W, 68 %, 1875 MHz, 0x0000000000000000
2026/09/28 19:09:54.716, 75, 96.54 W, 68 %, 1875 MHz, 0x0000000000000000
2026/09/28 19:10:04.732, 76, 96.13 W, 68 %, 1875 MHz, 0x0000000000000000
2026/09/28 19:10:14.747, 76, 97.04 W, 68 %, 1875 MHz, 0x0000000000000000
2026/09/28 19:10:24.762, 76, 96.50 W, 68 %, 1875 MHz, 0x0000000000000000
2026/09/28 19:10:34.778, 75, 96.41 W, 68 %, 1875 MHz, 0x0000000000000000
2026/09/28 19:10:44.792, 76, 96.53 W, 68 %, 1875 MHz, 0x0000000000000000
2026/09/28 19:10:54.808, 76, 96.15 W, 67 %, 1875 MHz, 0x0000000000000000
2026/09/28 19:11:04.824, 76, 95.89 W, 67 %, 1875 MHz, 0x0000000000000000
2026/09/28 19:11:14.840, 76, 96.08 W, 67 %, 1875 MHz, 0x0000000000000000
2026/09/28 19:11:24.856, 76, 96.06 W, 67 %, 1875 MHz, 0x0000000000000000
2026/09/28 19:11:34.871, 76, 96.37 W, 67 %, 1875 MHz, 0x0000000000000000
2026/09/28 19:11:44.886, 76, 96.77 W, 68 %, 1875 MHz, 0x0000000000000000
2026/09/28 19:11:54.900, 76, 96.49 W, 69 %, 1875 MHz, 0x0000000000000000
2026/09/28 19:12:04.918, 76, 96.59 W, 68 %, 1875 MHz, 0x0000000000000000
2026/09/28 19:12:14.933, 76, 96.47 W, 67 %, 1875 MHz, 0x0000000000000000
2026/09/28 19:12:24.948, 76, 96.32 W, 68 %, 1875 MHz, 0x0000000000000000
2026/09/28 19:12:34.964, 76, 96.00 W, 68 %, 1875 MHz, 0x0000000000000000
2026/09/28 19:12:44.979, 76, 96.56 W, 68 %, 1875 MHz, 0x0000000000000000
2026/09/28 19:12:54.995, 76, 96.18 W, 67 %, 1875 MHz, 0x0000000000000000
2026/09/28 19:13:05.009, 76, 96.95 W, 68 %, 1875 MHz, 0x0000000000000000
2026/09/28 19:13:15.024, 76, 96.14 W, 67 %, 1875 MHz, 0x0000000000000000
2026/09/28 19:13:25.039, 76, 96.49 W, 67 %, 1875 MHz, 0x0000000000000000
2026/09/28 19:13:35.054, 76, 96.24 W, 67 %, 1875 MHz, 0x0000000000000000
2026/09/28 19:13:45.068, 76, 95.30 W, 68 %, 1875 MHz, 0x0000000000000000
2026/09/28 19:13:55.083, 76, 95.19 W, 67 %, 1875 MHz, 0x0000000000000000
2026/09/28 19:14:05.098, 76, 95.55 W, 68 %, 1875 MHz, 0x0000000000000000
2026/09/28 19:14:15.114, 76, 94.81 W, 68 %, 1875 MHz, 0x0000000000000000
2026/09/28 19:14:25.128, 76, 94.94 W, 67 %, 1875 MHz, 0x0000000000000000
2026/09/28 19:14:35.143, 76, 96.53 W, 67 %, 1875 MHz, 0x0000000000000000
2026/09/28 19:14:45.158, 76, 96.43 W, 67 %, 1875 MHz, 0x0000000000000000
2026/09/28 19:14:55.172, 76, 96.67 W, 68 %, 1875 MHz, 0x0000000000000000
2026/09/28 19:15:05.187, 76, 96.25 W, 68 %, 1875 MHz, 0x0000000000000000
2026/09/28 19:15:15.203, 76, 96.88 W, 68 %, 1875 MHz, 0x0000000000000000
2026/09/28 19:15:25.218, 76, 96.76 W, 68 %, 1875 MHz, 0x0000000000000000
2026/09/28 19:15:35.234, 76, 96.22 W, 68 %, 1875 MHz, 0x0000000000000000
2026/09/28 19:15:45.250, 76, 96.41 W, 67 %, 1875 MHz, 0x0000000000000000
2026/09/28 19:15:55.266, 76, 97.11 W, 68 %, 1875 MHz, 0x0000000000000000
2026/09/28 19:16:05.281, 76, 96.11 W, 67 %, 1875 MHz, 0x0000000000000000
2026/09/28 19:16:15.296, 76, 96.38 W, 67 %, 1875 MHz, 0x0000000000000000
2026/09/28 19:16:25.314, 76, 96.34 W, 67 %, 1875 MHz, 0x0000000000000000
2026/09/28 19:16:35.331, 76, 97.32 W, 68 %, 1875 MHz, 0x0000000000000000
2026/09/28 19:16:45.346, 76, 97.48 W, 67 %, 1875 MHz, 0x0000000000000000
2026/09/28 19:16:55.362, 76, 96.89 W, 65 %, 1875 MHz, 0x0000000000000000
2026/09/28 19:17:05.378, 75, 96.98 W, 67 %, 1875 MHz, 0x0000000000000000
2026/09/28 19:17:15.394, 76, 97.26 W, 67 %, 1875 MHz, 0x0000000000000000
2026/09/28 19:17:25.412, 76, 97.08 W, 67 %, 1875 MHz, 0x0000000000000000
2026/09/28 19:17:35.430, 76, 96.64 W, 68 %, 1875 MHz, 0x0000000000000000
2026/09/28 19:17:45.446, 76, 96.65 W, 68 %, 1875 MHz, 0x0000000000000000
2026/09/28 19:17:55.463, 76, 96.76 W, 68 %, 1875 MHz, 0x0000000000000000
2026/09/28 19:18:05.478, 76, 96.50 W, 67 %, 1875 MHz, 0x0000000000000000
2026/09/28 19:18:15.492, 75, 96.97 W, 67 %, 1875 MHz, 0x0000000000000000
2026/09/28 19:18:25.508, 76, 96.72 W, 68 %, 1875 MHz, 0x0000000000000000
2026/09/28 19:18:35.523, 76, 96.39 W, 68 %, 1875 MHz, 0x0000000000000000
2026/09/28 19:18:45.540, 76, 96.78 W, 68 %, 1875 MHz, 0x0000000000000000
2026/09/28 19:18:55.557, 76, 96.45 W, 67 %, 1875 MHz, 0x0000000000000000
2026/09/28 19:19:05.572, 75, 97.40 W, 68 %, 1875 MHz, 0x0000000000000000
2026/09/28 19:19:15.588, 76, 96.70 W, 68 %, 1875 MHz, 0x0000000000000000
2026/09/28 19:19:25.604, 76, 96.48 W, 67 %, 1875 MHz, 0x0000000000000000
2026/09/28 19:19:35.618, 76, 96.59 W, 68 %, 1875 MHz, 0x0000000000000000
2026/09/28 19:19:45.635, 76, 97.03 W, 68 %, 1875 MHz, 0x0000000000000000
2026/09/28 19:19:55.653, 76, 96.12 W, 67 %, 1875 MHz, 0x0000000000000000
2026/09/28 19:20:05.668, 76, 96.25 W, 68 %, 1875 MHz, 0x0000000000000000
2026/09/28 19:20:15.684, 76, 96.53 W, 69 %, 1875 MHz, 0x0000000000000000
2026/09/28 19:20:25.700, 76, 96.58 W, 67 %, 1875 MHz, 0x0000000000000000
2026/09/28 19:20:35.716, 76, 96.10 W, 68 %, 1875 MHz, 0x0000000000000000
2026/09/28 19:20:45.731, 76, 96.55 W, 67 %, 1875 MHz, 0x0000000000000000
2026/09/28 19:20:55.748, 76, 96.38 W, 68 %, 1875 MHz, 0x0000000000000000
2026/09/28 19:21:05.765, 76, 96.09 W, 68 %, 1875 MHz, 0x0000000000000000
2026/09/28 19:21:15.780, 76, 96.16 W, 67 %, 1875 MHz, 0x0000000000000000
2026/09/28 19:21:25.796, 76, 94.51 W, 67 %, 1875 MHz, 0x0000000000000000
2026/09/28 19:21:35.810, 76, 95.01 W, 67 %, 1875 MHz, 0x0000000000000000
2026/09/28 19:21:45.826, 76, 96.74 W, 68 %, 1875 MHz, 0x0000000000000000
2026/09/28 19:21:55.841, 76, 94.58 W, 68 %, 1875 MHz, 0x0000000000000000
2026/09/28 19:22:05.858, 76, 95.92 W, 67 %, 1875 MHz, 0x0000000000000000
2026/09/28 19:22:15.873, 76, 97.16 W, 67 %, 1875 MHz, 0x0000000000000000
2026/09/28 19:22:25.887, 76, 96.70 W, 68 %, 1875 MHz, 0x0000000000000000
2026/09/28 19:22:35.902, 76, 96.31 W, 67 %, 1875 MHz, 0x0000000000000000
2026/09/28 19:22:45.917, 76, 96.37 W, 67 %, 1875 MHz, 0x0000000000000000
2026/09/28 19:22:55.933, 76, 97.13 W, 68 %, 1875 MHz, 0x0000000000000000
2026/09/28 19:23:05.949, 76, 96.28 W, 67 %, 1875 MHz, 0x0000000000000000
2026/09/28 19:23:15.964, 76, 96.12 W, 67 %, 1875 MHz, 0x0000000000000000
2026/09/28 19:23:25.979, 76, 96.41 W, 68 %, 1875 MHz, 0x0000000000000000
2026/09/28 19:23:35.994, 76, 96.32 W, 68 %, 1875 MHz, 0x0000000000000000
2026/09/28 19:23:46.008, 76, 96.29 W, 67 %, 1875 MHz, 0x0000000000000000
2026/09/28 19:23:56.023, 76, 96.10 W, 68 %, 1875 MHz, 0x0000000000000000
2026/09/28 19:24:06.038, 76, 96.09 W, 67 %, 1875 MHz, 0x0000000000000000
2026/09/28 19:24:16.053, 76, 96.18 W, 67 %, 1875 MHz, 0x0000000000000000
2026/09/28 19:24:26.068, 76, 96.09 W, 67 %, 1875 MHz, 0x0000000000000000
2026/09/28 19:24:36.082, 76, 96.07 W, 67 %, 1875 MHz, 0x0000000000000000
2026/09/28 19:24:46.098, 76, 96.03 W, 67 %, 1875 MHz, 0x0000000000000000
2026/09/28 19:24:56.112, 76, 96.53 W, 67 %, 1875 MHz, 0x0000000000000000
2026/09/28 19:25:06.128, 76, 95.92 W, 67 %, 1875 MHz, 0x0000000000000000
2026/09/28 19:25:16.143, 76, 96.75 W, 67 %, 1875 MHz, 0x0000000000000000
2026/09/28 19:25:26.159, 76, 96.97 W, 67 %, 1875 MHz, 0x0000000000000000
2026/09/28 19:25:36.174, 76, 96.23 W, 67 %, 1875 MHz, 0x0000000000000000
2026/09/28 19:25:46.189, 76, 96.51 W, 67 %, 1875 MHz, 0x0000000000000000
2026/09/28 19:25:56.205, 76, 96.39 W, 67 %, 1875 MHz, 0x0000000000000000
2026/09/28 19:26:06.221, 76, 96.97 W, 67 %, 1875 MHz, 0x0000000000000000
2026/09/28 19:26:16.237, 76, 96.93 W, 67 %, 1875 MHz, 0x0000000000000000
2026/09/28 19:26:26.255, 76, 96.47 W, 68 %, 1875 MHz, 0x0000000000000000
2026/09/28 19:26:36.270, 76, 96.64 W, 67 %, 1875 MHz, 0x0000000000000000
2026/09/28 19:26:46.286, 76, 96.82 W, 67 %, 1875 MHz, 0x0000000000000000
2026/09/28 19:26:56.303, 76, 96.15 W, 68 %, 1875 MHz, 0x0000000000000000
2026/09/28 19:27:06.318, 76, 97.39 W, 68 %, 1875 MHz, 0x0000000000000000
2026/09/28 19:27:16.333, 76, 96.61 W, 68 %, 1875 MHz, 0x0000000000000000
2026/09/28 19:27:26.348, 76, 96.68 W, 68 %, 1875 MHz, 0x0000000000000000
2026/09/28 19:27:36.365, 76, 96.83 W, 67 %, 1875 MHz, 0x0000000000000000
2026/09/28 19:27:46.381, 76, 96.42 W, 68 %, 1875 MHz, 0x0000000000000000
2026/09/28 19:27:56.398, 76, 96.28 W, 68 %, 1875 MHz, 0x0000000000000000
2026/09/28 19:28:06.414, 76, 96.52 W, 68 %, 1875 MHz, 0x0000000000000000
2026/09/28 19:28:16.430, 75, 96.42 W, 68 %, 1875 MHz, 0x0000000000000000
2026/09/28 19:28:26.448, 76, 96.33 W, 68 %, 1875 MHz, 0x0000000000000000
2026/09/28 19:28:36.465, 76, 96.16 W, 67 %, 1875 MHz, 0x0000000000000000
2026/09/28 19:28:46.481, 76, 96.25 W, 67 %, 1875 MHz, 0x0000000000000000
2026/09/28 19:28:56.497, 76, 96.73 W, 68 %, 1875 MHz, 0x0000000000000000
2026/09/28 19:29:06.512, 76, 96.42 W, 68 %, 1875 MHz, 0x0000000000000000
2026/09/28 19:29:16.527, 76, 96.54 W, 67 %, 1875 MHz, 0x0000000000000000
2026/09/28 19:29:26.542, 76, 96.24 W, 68 %, 1875 MHz, 0x0000000000000000
2026/09/28 19:29:36.557, 76, 95.93 W, 68 %, 1875 MHz, 0x0000000000000000
2026/09/28 19:29:46.574, 76, 97.15 W, 68 %, 1875 MHz, 0x0000000000000000
2026/09/28 19:29:56.590, 76, 96.39 W, 68 %, 1875 MHz, 0x0000000000000000
2026/09/28 19:30:06.606, 76, 96.28 W, 68 %, 1875 MHz, 0x0000000000000000
2026/09/28 19:30:16.621, 76, 96.74 W, 67 %, 1875 MHz, 0x0000000000000000
2026/09/28 19:30:26.637, 76, 96.68 W, 68 %, 1875 MHz, 0x0000000000000000
2026/09/28 19:30:36.652, 76, 96.16 W, 68 %, 1875 MHz, 0x0000000000000000
2026/09/28 19:30:46.667, 76, 96.20 W, 67 %, 1875 MHz, 0x0000000000000000
2026/09/28 19:30:56.685, 76, 96.84 W, 68 %, 1875 MHz, 0x0000000000000000
2026/09/28 19:31:06.702, 76, 96.32 W, 68 %, 1875 MHz, 0x0000000000000000
2026/09/28 19:31:16.719, 76, 95.99 W, 68 %, 1875 MHz, 0x0000000000000000
2026/09/28 19:31:26.735, 76, 96.72 W, 67 %, 1875 MHz, 0x0000000000000000
2026/09/28 19:31:36.751, 76, 96.33 W, 68 %, 1875 MHz, 0x0000000000000000
2026/09/28 19:31:46.767, 76, 96.55 W, 67 %, 1875 MHz, 0x0000000000000000
2026/09/28 19:31:56.782, 76, 96.67 W, 68 %, 1875 MHz, 0x0000000000000000
2026/09/28 19:32:06.799, 76, 96.30 W, 68 %, 1875 MHz, 0x0000000000000000
2026/09/28 19:32:16.815, 76, 96.49 W, 68 %, 1875 MHz, 0x0000000000000000
2026/09/28 19:32:26.830, 76, 96.75 W, 68 %, 1875 MHz, 0x0000000000000000
2026/09/28 19:32:36.847, 76, 96.23 W, 68 %, 1875 MHz, 0x0000000000000000
2026/09/28 19:32:46.862, 76, 96.16 W, 68 %, 1875 MHz, 0x0000000000000000
2026/09/28 19:32:56.878, 76, 96.28 W, 68 %, 1875 MHz, 0x0000000000000000
2026/09/28 19:33:06.896, 76, 96.46 W, 68 %, 1875 MHz, 0x0000000000000000
2026/09/28 19:33:16.911, 76, 96.43 W, 67 %, 1875 MHz, 0x0000000000000000
2026/09/28 19:33:26.926, 76, 96.24 W, 68 %, 1875 MHz, 0x0000000000000000
2026/09/28 19:33:36.941, 76, 96.93 W, 68 %, 1875 MHz, 0x0000000000000000
2026/09/28 19:33:46.957, 76, 96.23 W, 68 %, 1875 MHz, 0x0000000000000000
2026/09/28 19:33:56.972, 76, 96.62 W, 68 %, 1875 MHz, 0x0000000000000000
2026/09/28 19:34:06.986, 76, 96.99 W, 68 %, 1875 MHz, 0x0000000000000000
2026/09/28 19:34:17.001, 76, 95.04 W, 68 %, 1875 MHz, 0x0000000000000000
2026/09/28 19:34:27.016, 76, 95.14 W, 68 %, 1875 MHz, 0x0000000000000000
2026/09/28 19:34:37.031, 76, 96.89 W, 67 %, 1875 MHz, 0x0000000000000000
2026/09/28 19:34:47.046, 76, 94.78 W, 67 %, 1875 MHz, 0x0000000000000000
2026/09/28 19:34:57.060, 76, 96.25 W, 68 %, 1875 MHz, 0x0000000000000000
2026/09/28 19:35:07.076, 76, 96.85 W, 68 %, 1875 MHz, 0x0000000000000000
2026/09/28 19:35:17.091, 76, 96.37 W, 68 %, 1875 MHz, 0x0000000000000000
2026/09/28 19:35:27.106, 76, 96.37 W, 67 %, 1875 MHz, 0x0000000000000000
2026/09/28 19:35:37.120, 76, 96.35 W, 68 %, 1875 MHz, 0x0000000000000000
2026/09/28 19:35:47.135, 76, 96.31 W, 67 %, 1875 MHz, 0x0000000000000000
2026/09/28 19:35:57.150, 76, 96.29 W, 68 %, 1875 MHz, 0x0000000000000000
2026/09/28 19:36:07.165, 76, 96.10 W, 68 %, 1875 MHz, 0x0000000000000000
2026/09/28 19:36:17.179, 76, 96.29 W, 66 %, 1875 MHz, 0x0000000000000000
2026/09/28 19:36:27.195, 76, 95.99 W, 67 %, 1875 MHz, 0x0000000000000000
2026/09/28 19:36:37.211, 76, 96.09 W, 68 %, 1875 MHz, 0x0000000000000000
2026/09/28 19:36:47.228, 76, 96.17 W, 67 %, 1875 MHz, 0x0000000000000000
2026/09/28 19:36:57.245, 76, 96.50 W, 67 %, 1875 MHz, 0x0000000000000000
2026/09/28 19:37:07.261, 76, 96.43 W, 68 %, 1875 MHz, 0x0000000000000000
2026/09/28 19:37:17.277, 76, 96.28 W, 68 %, 1875 MHz, 0x0000000000000000
2026/09/28 19:37:27.292, 76, 96.09 W, 68 %, 1875 MHz, 0x0000000000000000
2026/09/28 19:37:37.309, 76, 96.32 W, 67 %, 1875 MHz, 0x0000000000000000
2026/09/28 19:37:47.324, 76, 96.53 W, 67 %, 1875 MHz, 0x0000000000000000
2026/09/28 19:37:57.340, 76, 96.26 W, 67 %, 1875 MHz, 0x0000000000000000
2026/09/28 19:38:07.357, 76, 96.22 W, 67 %, 1875 MHz, 0x0000000000000000
2026/09/28 19:38:17.371, 76, 96.34 W, 67 %, 1875 MHz, 0x0000000000000000
2026/09/28 19:38:27.386, 76, 96.10 W, 67 %, 1875 MHz, 0x0000000000000000
2026/09/28 19:38:37.401, 76, 96.35 W, 67 %, 1875 MHz, 0x0000000000000000
2026/09/28 19:38:47.418, 76, 96.30 W, 67 %, 1875 MHz, 0x0000000000000000
2026/09/28 19:38:57.435, 76, 96.35 W, 67 %, 1875 MHz, 0x0000000000000000
2026/09/28 19:39:07.451, 76, 96.81 W, 67 %, 1875 MHz, 0x0000000000000000
2026/09/28 19:39:17.469, 76, 96.18 W, 67 %, 1875 MHz, 0x0000000000000000
2026/09/28 19:39:27.485, 76, 96.94 W, 67 %, 1875 MHz, 0x0000000000000000
2026/09/28 19:39:37.500, 76, 96.83 W, 67 %, 1875 MHz, 0x0000000000000000
2026/09/28 19:39:47.516, 76, 96.49 W, 67 %, 1875 MHz, 0x0000000000000000
2026/09/28 19:39:57.531, 76, 97.01 W, 67 %, 1875 MHz, 0x0000000000000000
2026/09/28 19:40:07.547, 76, 96.68 W, 67 %, 1875 MHz, 0x0000000000000000
2026/09/28 19:40:17.561, 76, 96.42 W, 67 %, 1875 MHz, 0x0000000000000000
2026/09/28 19:40:27.576, 76, 96.47 W, 67 %, 1875 MHz, 0x0000000000000000
2026/09/28 19:40:37.591, 76, 97.07 W, 67 %, 1875 MHz, 0x0000000000000000
2026/09/28 19:40:47.606, 76, 96.51 W, 67 %, 1875 MHz, 0x0000000000000000
2026/09/28 19:40:57.623, 76, 97.11 W, 67 %, 1875 MHz, 0x0000000000000000
2026/09/28 19:41:07.640, 76, 96.50 W, 67 %, 1875 MHz, 0x0000000000000000
2026/09/28 19:41:17.656, 76, 96.00 W, 67 %, 1875 MHz, 0x0000000000000000
2026/09/28 19:41:27.673, 76, 96.05 W, 67 %, 1875 MHz, 0x0000000000000000
2026/09/28 19:41:37.688, 76, 96.11 W, 67 %, 1875 MHz, 0x0000000000000000
2026/09/28 19:41:47.703, 76, 96.22 W, 67 %, 1875 MHz, 0x0000000000000000
2026/09/28 19:41:57.718, 76, 97.00 W, 68 %, 1875 MHz, 0x0000000000000000
2026/09/28 19:42:07.735, 76, 96.30 W, 67 %, 1875 MHz, 0x0000000000000000
2026/09/28 19:42:17.751, 76, 96.53 W, 67 %, 1875 MHz, 0x0000000000000000
2026/09/28 19:42:27.767, 76, 96.94 W, 67 %, 1875 MHz, 0x0000000000000000
2026/09/28 19:42:37.782, 76, 96.18 W, 67 %, 1875 MHz, 0x0000000000000000
2026/09/28 19:42:47.799, 76, 96.44 W, 67 %, 1875 MHz, 0x0000000000000000
2026/09/28 19:42:57.814, 76, 96.30 W, 67 %, 1875 MHz, 0x0000000000000000
2026/09/28 19:43:07.831, 76, 96.52 W, 67 %, 1875 MHz, 0x0000000000000000
2026/09/28 19:43:17.848, 76, 96.23 W, 67 %, 1875 MHz, 0x0000000000000000
2026/09/28 19:43:27.863, 76, 96.69 W, 67 %, 1875 MHz, 0x0000000000000000
2026/09/28 19:43:37.879, 76, 96.16 W, 67 %, 1875 MHz, 0x0000000000000000
2026/09/28 19:43:47.895, 76, 96.74 W, 68 %, 1875 MHz, 0x0000000000000000
2026/09/28 19:43:57.910, 76, 96.40 W, 67 %, 1875 MHz, 0x0000000000000000
2026/09/28 19:44:07.925, 76, 96.34 W, 67 %, 1875 MHz, 0x0000000000000000
2026/09/28 19:44:17.940, 76, 96.27 W, 67 %, 1875 MHz, 0x0000000000000000
2026/09/28 19:44:27.957, 76, 96.57 W, 68 %, 1875 MHz, 0x0000000000000000
2026/09/28 19:44:37.975, 76, 96.37 W, 64 %, 1875 MHz, 0x0000000000000000
2026/09/28 19:44:47.990, 76, 96.45 W, 67 %, 1875 MHz, 0x0000000000000000
2026/09/28 19:44:58.005, 76, 96.06 W, 67 %, 1875 MHz, 0x0000000000000000
2026/09/28 19:45:08.020, 76, 96.28 W, 68 %, 1875 MHz, 0x0000000000000000
2026/09/28 19:45:18.034, 76, 96.39 W, 68 %, 1875 MHz, 0x0000000000000000
2026/09/28 19:45:28.050, 76, 96.45 W, 68 %, 1875 MHz, 0x0000000000000000
2026/09/28 19:45:38.065, 76, 96.92 W, 67 %, 1875 MHz, 0x0000000000000000
2026/09/28 19:45:48.080, 76, 96.47 W, 68 %, 1875 MHz, 0x0000000000000000
2026/09/28 19:45:58.096, 76, 96.33 W, 68 %, 1875 MHz, 0x0000000000000000
2026/09/28 19:46:08.111, 76, 97.40 W, 68 %, 1875 MHz, 0x0000000000000000
2026/09/28 19:46:18.126, 76, 96.95 W, 67 %, 1875 MHz, 0x0000000000000000
2026/09/28 19:46:28.140, 76, 96.44 W, 68 %, 1875 MHz, 0x0000000000000000
2026/09/28 19:46:38.155, 76, 96.39 W, 68 %, 1875 MHz, 0x0000000000000000
2026/09/28 19:46:48.171, 76, 96.37 W, 67 %, 1875 MHz, 0x0000000000000000
2026/09/28 19:46:58.186, 76, 97.02 W, 67 %, 1875 MHz, 0x0000000000000000
2026/09/28 19:47:08.201, 76, 97.03 W, 68 %, 1875 MHz, 0x0000000000000000
2026/09/28 19:47:18.215, 76, 95.92 W, 68 %, 1875 MHz, 0x0000000000000000
2026/09/28 19:47:28.231, 76, 96.61 W, 67 %, 1875 MHz, 0x0000000000000000
2026/09/28 19:47:38.246, 76, 97.33 W, 68 %, 1875 MHz, 0x0000000000000000
2026/09/28 19:47:48.261, 76, 96.59 W, 67 %, 1875 MHz, 0x0000000000000000
2026/09/28 19:47:58.277, 76, 96.12 W, 67 %, 1875 MHz, 0x0000000000000000
2026/09/28 19:48:08.292, 76, 96.21 W, 67 %, 1875 MHz, 0x0000000000000000
2026/09/28 19:48:18.307, 76, 96.44 W, 68 %, 1875 MHz, 0x0000000000000000
2026/09/28 19:48:28.322, 76, 97.06 W, 67 %, 1875 MHz, 0x0000000000000000
2026/09/28 19:48:38.337, 76, 96.53 W, 68 %, 1875 MHz, 0x0000000000000000
2026/09/28 19:48:48.353, 76, 96.57 W, 68 %, 1875 MHz, 0x0000000000000000
2026/09/28 19:48:58.370, 76, 96.86 W, 68 %, 1875 MHz, 0x0000000000000000
2026/09/28 19:49:08.385, 76, 96.34 W, 68 %, 1875 MHz, 0x0000000000000000
2026/09/28 19:49:18.400, 76, 96.57 W, 68 %, 1875 MHz, 0x0000000000000000
2026/09/28 19:49:28.415, 76, 96.74 W, 68 %, 1875 MHz, 0x0000000000000000
2026/09/28 19:49:38.431, 76, 96.35 W, 68 %, 1875 MHz, 0x0000000000000000
2026/09/28 19:49:48.449, 76, 96.53 W, 68 %, 1875 MHz, 0x0000000000000000
2026/09/28 19:49:58.465, 76, 96.43 W, 67 %, 1875 MHz, 0x0000000000000000
2026/09/28 19:50:08.486, 76, 97.24 W, 68 %, 1875 MHz, 0x0000000000000000
2026/09/28 19:50:18.501, 76, 96.38 W, 67 %, 1875 MHz, 0x0000000000000000
2026/09/28 19:50:28.516, 76, 96.06 W, 68 %, 1875 MHz, 0x0000000000000000
2026/09/28 19:50:38.531, 76, 96.13 W, 67 %, 1875 MHz, 0x0000000000000000
2026/09/28 19:50:48.546, 76, 96.55 W, 68 %, 1875 MHz, 0x0000000000000000
2026/09/28 19:50:58.562, 76, 96.59 W, 67 %, 1875 MHz, 0x0000000000000000
2026/09/28 19:51:08.576, 76, 97.07 W, 68 %, 1875 MHz, 0x0000000000000000
2026/09/28 19:51:18.591, 76, 96.83 W, 68 %, 1875 MHz, 0x0000000000000000
2026/09/28 19:51:28.606, 76, 96.94 W, 67 %, 1875 MHz, 0x0000000000000000
2026/09/28 19:51:38.621, 76, 96.20 W, 69 %, 1875 MHz, 0x0000000000000000
2026/09/28 19:51:48.636, 76, 96.52 W, 68 %, 1875 MHz, 0x0000000000000000
2026/09/28 19:51:58.650, 76, 96.63 W, 67 %, 1875 MHz, 0x0000000000000000
2026/09/28 19:52:08.667, 76, 96.51 W, 68 %, 1875 MHz, 0x0000000000000000
2026/09/28 19:52:18.684, 76, 96.34 W, 68 %, 1875 MHz, 0x0000000000000000
2026/09/28 19:52:28.700, 76, 96.32 W, 68 %, 1875 MHz, 0x0000000000000000
2026/09/28 19:52:38.715, 76, 96.17 W, 67 %, 1875 MHz, 0x0000000000000000
2026/09/28 19:52:48.730, 76, 96.77 W, 68 %, 1875 MHz, 0x0000000000000000
2026/09/28 19:52:58.744, 76, 96.52 W, 68 %, 1875 MHz, 0x0000000000000000
2026/09/28 19:53:08.760, 76, 95.47 W, 68 %, 1875 MHz, 0x0000000000000000
2026/09/28 19:53:18.777, 76, 96.62 W, 68 %, 1875 MHz, 0x0000000000000000
2026/09/28 19:53:28.794, 76, 94.78 W, 67 %, 1875 MHz, 0x0000000000000000
2026/09/28 19:53:38.810, 76, 94.83 W, 67 %, 1875 MHz, 0x0000000000000000
2026/09/28 19:53:48.826, 76, 96.25 W, 68 %, 1875 MHz, 0x0000000000000000
2026/09/28 19:53:58.841, 76, 96.19 W, 67 %, 1875 MHz, 0x0000000000000000
2026/09/28 19:54:08.856, 76, 97.18 W, 68 %, 1875 MHz, 0x0000000000000000
2026/09/28 19:54:18.873, 76, 96.69 W, 68 %, 1875 MHz, 0x0000000000000000
2026/09/28 19:54:28.890, 76, 96.36 W, 67 %, 1875 MHz, 0x0000000000000000
2026/09/28 19:54:38.907, 76, 97.38 W, 67 %, 1875 MHz, 0x0000000000000000
2026/09/28 19:54:48.922, 76, 96.96 W, 68 %, 1875 MHz, 0x0000000000000000
2026/09/28 19:54:58.936, 76, 96.38 W, 68 %, 1875 MHz, 0x0000000000000000
2026/09/28 19:55:08.951, 76, 96.51 W, 68 %, 1875 MHz, 0x0000000000000000
2026/09/28 19:55:18.966, 76, 96.77 W, 68 %, 1875 MHz, 0x0000000000000000
2026/09/28 19:55:28.983, 76, 96.91 W, 67 %, 1875 MHz, 0x0000000000000000
2026/09/28 19:55:38.997, 76, 96.23 W, 67 %, 1875 MHz, 0x0000000000000000
2026/09/28 19:55:49.012, 76, 97.06 W, 67 %, 1875 MHz, 0x0000000000000000
2026/09/28 19:55:59.027, 76, 96.43 W, 68 %, 1875 MHz, 0x0000000000000000
2026/09/28 19:56:09.042, 76, 97.25 W, 68 %, 1875 MHz, 0x0000000000000000
2026/09/28 19:56:19.057, 76, 96.35 W, 68 %, 1875 MHz, 0x0000000000000000
2026/09/28 19:56:29.072, 76, 96.49 W, 68 %, 1875 MHz, 0x0000000000000000
2026/09/28 19:56:39.088, 76, 96.35 W, 67 %, 1875 MHz, 0x0000000000000000
2026/09/28 19:56:49.103, 76, 96.37 W, 67 %, 1875 MHz, 0x0000000000000000
2026/09/28 19:56:59.118, 76, 97.07 W, 68 %, 1875 MHz, 0x0000000000000000
2026/09/28 19:57:09.133, 76, 96.89 W, 67 %, 1875 MHz, 0x0000000000000000
2026/09/28 19:57:19.148, 76, 96.64 W, 67 %, 1875 MHz, 0x0000000000000000
2026/09/28 19:57:29.162, 76, 96.57 W, 67 %, 1875 MHz, 0x0000000000000000
2026/09/28 19:57:39.177, 76, 96.08 W, 67 %, 1875 MHz, 0x0000000000000000
2026/09/28 19:57:49.192, 76, 96.81 W, 67 %, 1875 MHz, 0x0000000000000000
2026/09/28 19:57:59.206, 76, 96.33 W, 67 %, 1875 MHz, 0x0000000000000000
2026/09/28 19:58:09.221, 76, 96.31 W, 67 %, 1875 MHz, 0x0000000000000000
2026/09/28 19:58:19.236, 76, 96.17 W, 67 %, 1875 MHz, 0x0000000000000000
2026/09/28 19:58:29.251, 76, 96.84 W, 65 %, 1875 MHz, 0x0000000000000000
2026/09/28 19:58:39.266, 76, 96.20 W, 67 %, 1875 MHz, 0x0000000000000000
2026/09/28 19:58:49.282, 76, 96.00 W, 67 %, 1875 MHz, 0x0000000000000000
2026/09/28 19:58:59.297, 76, 96.40 W, 67 %, 1875 MHz, 0x0000000000000000
2026/09/28 19:59:09.312, 76, 96.54 W, 67 %, 1875 MHz, 0x0000000000000000
2026/09/28 19:59:19.327, 76, 96.36 W, 66 %, 1875 MHz, 0x0000000000000000
2026/09/28 19:59:29.342, 76, 96.15 W, 66 %, 1875 MHz, 0x0000000000000000
2026/09/28 19:59:39.356, 76, 96.35 W, 67 %, 1875 MHz, 0x0000000000000000
2026/09/28 19:59:49.372, 76, 96.31 W, 67 %, 1875 MHz, 0x0000000000000000
2026/09/28 19:59:59.388, 76, 95.91 W, 67 %, 1875 MHz, 0x0000000000000000
2026/09/28 20:00:09.404, 76, 96.87 W, 67 %, 1875 MHz, 0x0000000000000000
2026/09/28 20:00:19.420, 76, 96.29 W, 67 %, 1875 MHz, 0x0000000000000000
2026/09/28 20:00:29.435, 76, 96.08 W, 67 %, 1875 MHz, 0x0000000000000000
2026/09/28 20:00:39.450, 76, 96.37 W, 66 %, 1875 MHz, 0x0000000000000000
2026/09/28 20:00:49.465, 76, 96.23 W, 67 %, 1875 MHz, 0x0000000000000000
2026/09/28 20:00:59.482, 76, 96.18 W, 67 %, 1875 MHz, 0x0000000000000000
2026/09/28 20:01:09.499, 76, 96.15 W, 67 %, 1875 MHz, 0x0000000000000000
2026/09/28 20:01:19.515, 76, 97.28 W, 68 %, 1875 MHz, 0x0000000000000000
2026/09/28 20:01:29.531, 76, 96.12 W, 67 %, 1875 MHz, 0x0000000000000000
2026/09/28 20:01:39.546, 76, 96.12 W, 68 %, 1875 MHz, 0x0000000000000000
2026/09/28 20:01:49.561, 76, 96.48 W, 68 %, 1875 MHz, 0x0000000000000000
2026/09/28 20:01:59.575, 76, 96.42 W, 68 %, 1875 MHz, 0x0000000000000000
2026/09/28 20:02:09.591, 76, 96.48 W, 68 %, 1875 MHz, 0x0000000000000000
2026/09/28 20:02:19.608, 76, 96.33 W, 67 %, 1875 MHz, 0x0000000000000000
2026/09/28 20:02:29.626, 76, 96.89 W, 67 %, 1875 MHz, 0x0000000000000000
2026/09/28 20:02:39.642, 76, 96.45 W, 68 %, 1875 MHz, 0x0000000000000000
2026/09/28 20:02:49.657, 76, 96.33 W, 68 %, 1875 MHz, 0x0000000000000000
2026/09/28 20:02:59.671, 76, 96.71 W, 68 %, 1875 MHz, 0x0000000000000000
2026/09/28 20:03:09.687, 76, 96.91 W, 68 %, 1875 MHz, 0x0000000000000000
2026/09/28 20:03:19.704, 76, 95.58 W, 68 %, 1875 MHz, 0x0000000000000000
2026/09/28 20:03:29.720, 76, 96.66 W, 68 %, 1875 MHz, 0x0000000000000000
2026/09/28 20:03:39.736, 76, 97.23 W, 68 %, 1875 MHz, 0x0000000000000000
2026/09/28 20:03:49.752, 76, 96.55 W, 67 %, 1875 MHz, 0x0000000000000000
2026/09/28 20:03:59.767, 76, 96.18 W, 68 %, 1875 MHz, 0x0000000000000000
2026/09/28 20:04:09.781, 76, 96.62 W, 67 %, 1875 MHz, 0x0000000000000000
2026/09/28 20:04:19.799, 76, 96.06 W, 67 %, 1875 MHz, 0x0000000000000000
2026/09/28 20:04:29.814, 76, 96.58 W, 67 %, 1875 MHz, 0x0000000000000000
2026/09/28 20:04:39.830, 76, 96.69 W, 66 %, 1875 MHz, 0x0000000000000000
2026/09/28 20:04:49.846, 76, 96.35 W, 67 %, 1875 MHz, 0x0000000000000000
2026/09/28 20:04:59.862, 76, 97.07 W, 67 %, 1875 MHz, 0x0000000000000000
2026/09/28 20:05:09.878, 76, 96.26 W, 67 %, 1875 MHz, 0x0000000000000000
2026/09/28 20:05:19.893, 76, 96.44 W, 68 %, 1875 MHz, 0x0000000000000000
2026/09/28 20:05:29.910, 76, 96.73 W, 68 %, 1875 MHz, 0x0000000000000000
2026/09/28 20:05:39.925, 76, 96.56 W, 68 %, 1875 MHz, 0x0000000000000000
2026/09/28 20:05:49.941, 76, 96.30 W, 67 %, 1875 MHz, 0x0000000000000000
2026/09/28 20:05:59.957, 76, 97.05 W, 67 %, 1875 MHz, 0x0000000000000000
2026/09/28 20:06:09.971, 76, 95.95 W, 68 %, 1875 MHz, 0x0000000000000000
2026/09/28 20:06:19.986, 76, 96.31 W, 67 %, 1875 MHz, 0x0000000000000000
2026/09/28 20:06:30.006, 76, 96.45 W, 67 %, 1875 MHz, 0x0000000000000000
2026/09/28 20:06:40.020, 76, 96.18 W, 68 %, 1875 MHz, 0x0000000000000000
2026/09/28 20:06:50.035, 76, 97.47 W, 68 %, 1875 MHz, 0x0000000000000000
2026/09/28 20:07:00.050, 76, 96.82 W, 68 %, 1875 MHz, 0x0000000000000000
2026/09/28 20:07:10.065, 76, 96.81 W, 68 %, 1875 MHz, 0x0000000000000000
2026/09/28 20:07:20.080, 76, 96.91 W, 67 %, 1875 MHz, 0x0000000000000000
2026/09/28 20:07:30.096, 76, 96.29 W, 68 %, 1875 MHz, 0x0000000000000000
2026/09/28 20:07:40.111, 76, 96.23 W, 67 %, 1875 MHz, 0x0000000000000000
2026/09/28 20:07:50.126, 76, 96.59 W, 67 %, 1875 MHz, 0x0000000000000000
2026/09/28 20:08:00.140, 76, 96.22 W, 67 %, 1875 MHz, 0x0000000000000000
2026/09/28 20:08:10.155, 76, 96.60 W, 68 %, 1875 MHz, 0x0000000000000000
2026/09/28 20:08:20.172, 76, 96.48 W, 67 %, 1875 MHz, 0x0000000000000000
2026/09/28 20:08:30.188, 76, 96.56 W, 67 %, 1875 MHz, 0x0000000000000000
2026/09/28 20:08:40.206, 76, 96.12 W, 68 %, 1875 MHz, 0x0000000000000000
2026/09/28 20:08:50.223, 76, 96.97 W, 68 %, 1875 MHz, 0x0000000000000000
2026/09/28 20:09:00.241, 76, 96.34 W, 67 %, 1875 MHz, 0x0000000000000000
2026/09/28 20:09:10.256, 76, 96.78 W, 68 %, 1875 MHz, 0x0000000000000000
2026/09/28 20:09:20.271, 76, 97.03 W, 67 %, 1875 MHz, 0x0000000000000000
2026/09/28 20:09:30.286, 76, 96.19 W, 67 %, 1875 MHz, 0x0000000000000000
2026/09/28 20:09:40.301, 76, 95.89 W, 67 %, 1875 MHz, 0x0000000000000000
2026/09/28 20:09:50.317, 76, 95.84 W, 68 %, 1875 MHz, 0x0000000000000000
2026/09/28 20:10:00.333, 76, 96.06 W, 68 %, 1875 MHz, 0x0000000000000000
2026/09/28 20:10:10.348, 76, 96.37 W, 68 %, 1875 MHz, 0x0000000000000000
2026/09/28 20:10:20.364, 76, 96.29 W, 67 %, 1875 MHz, 0x0000000000000000
2026/09/28 20:10:30.380, 76, 96.78 W, 68 %, 1875 MHz, 0x0000000000000000
2026/09/28 20:10:40.395, 76, 96.74 W, 68 %, 1875 MHz, 0x0000000000000000
2026/09/28 20:10:50.409, 76, 96.10 W, 68 %, 1875 MHz, 0x0000000000000000
2026/09/28 20:11:00.425, 76, 96.02 W, 68 %, 1875 MHz, 0x0000000000000000
2026/09/28 20:11:10.442, 76, 96.73 W, 67 %, 1875 MHz, 0x0000000000000000
2026/09/28 20:11:20.457, 76, 96.25 W, 67 %, 1875 MHz, 0x0000000000000000
2026/09/28 20:11:30.473, 76, 96.12 W, 68 %, 1875 MHz, 0x0000000000000000
2026/09/28 20:11:40.489, 76, 96.81 W, 68 %, 1875 MHz, 0x0000000000000000
2026/09/28 20:11:50.507, 76, 96.47 W, 67 %, 1875 MHz, 0x0000000000000000
2026/09/28 20:12:00.523, 76, 96.82 W, 67 %, 1875 MHz, 0x0000000000000000
2026/09/28 20:12:10.538, 76, 96.08 W, 68 %, 1875 MHz, 0x0000000000000000
2026/09/28 20:12:20.555, 75, 95.92 W, 68 %, 1875 MHz, 0x0000000000000000
2026/09/28 20:12:30.570, 76, 96.05 W, 68 %, 1875 MHz, 0x0000000000000000
2026/09/28 20:12:40.585, 76, 96.24 W, 68 %, 1875 MHz, 0x0000000000000000
2026/09/28 20:12:50.599, 75, 95.85 W, 68 %, 1875 MHz, 0x0000000000000000
2026/09/28 20:13:00.614, 75, 96.02 W, 68 %, 1875 MHz, 0x0000000000000000
2026/09/28 20:13:10.629, 75, 95.98 W, 67 %, 1875 MHz, 0x0000000000000000
2026/09/28 20:13:20.646, 75, 95.95 W, 67 %, 1875 MHz, 0x0000000000000000
2026/09/28 20:13:30.662, 75, 96.01 W, 67 %, 1875 MHz, 0x0000000000000000
2026/09/28 20:13:40.677, 75, 96.44 W, 68 %, 1875 MHz, 0x0000000000000000
2026/09/28 20:13:50.693, 75, 96.60 W, 68 %, 1875 MHz, 0x0000000000000000
2026/09/28 20:14:00.708, 76, 96.93 W, 67 %, 1875 MHz, 0x0000000000000000
2026/09/28 20:14:10.723, 75, 96.45 W, 67 %, 1875 MHz, 0x0000000000000000
2026/09/28 20:14:20.739, 75, 96.33 W, 68 %, 1875 MHz, 0x0000000000000000
2026/09/28 20:14:30.754, 75, 95.92 W, 68 %, 1875 MHz, 0x0000000000000000
2026/09/28 20:14:40.769, 75, 96.09 W, 67 %, 1875 MHz, 0x0000000000000000
2026/09/28 20:14:50.785, 75, 96.05 W, 67 %, 1875 MHz, 0x0000000000000000
2026/09/28 20:15:00.800, 75, 96.31 W, 68 %, 1875 MHz, 0x0000000000000000
2026/09/28 20:15:10.815, 75, 96.32 W, 68 %, 1875 MHz, 0x0000000000000000
2026/09/28 20:15:20.830, 75, 96.93 W, 68 %, 1875 MHz, 0x0000000000000000
2026/09/28 20:15:30.846, 75, 96.72 W, 68 %, 1875 MHz, 0x0000000000000000
2026/09/28 20:15:40.864, 75, 94.27 W, 68 %, 1875 MHz, 0x0000000000000000
2026/09/28 20:15:50.880, 75, 94.05 W, 67 %, 1875 MHz, 0x0000000000000000
2026/09/28 20:16:00.898, 75, 96.35 W, 68 %, 1875 MHz, 0x0000000000000000
2026/09/28 20:16:10.914, 75, 96.23 W, 67 %, 1875 MHz, 0x0000000000000000
2026/09/28 20:16:20.929, 75, 95.61 W, 67 %, 1875 MHz, 0x0000000000000000
2026/09/28 20:16:30.944, 75, 95.76 W, 68 %, 1875 MHz, 0x0000000000000000
2026/09/28 20:16:40.961, 75, 96.06 W, 68 %, 1875 MHz, 0x0000000000000000
2026/09/28 20:16:50.977, 75, 95.86 W, 67 %, 1875 MHz, 0x0000000000000000
2026/09/28 20:17:00.993, 75, 95.90 W, 68 %, 1875 MHz, 0x0000000000000000
2026/09/28 20:17:11.010, 75, 95.69 W, 67 %, 1875 MHz, 0x0000000000000000
2026/09/28 20:17:21.025, 75, 95.62 W, 67 %, 1875 MHz, 0x0000000000000000
2026/09/28 20:17:31.040, 75, 95.74 W, 68 %, 1875 MHz, 0x0000000000000000
2026/09/28 20:17:41.054, 75, 96.01 W, 67 %, 1875 MHz, 0x0000000000000000
2026/09/28 20:17:51.070, 75, 95.67 W, 66 %, 1875 MHz, 0x0000000000000000
2026/09/28 20:18:01.084, 75, 95.49 W, 67 %, 1875 MHz, 0x0000000000000000
2026/09/28 20:18:11.099, 75, 96.15 W, 66 %, 1875 MHz, 0x0000000000000000
2026/09/28 20:18:21.114, 75, 96.03 W, 67 %, 1875 MHz, 0x0000000000000000
2026/09/28 20:18:31.129, 75, 96.18 W, 67 %, 1875 MHz, 0x0000000000000000
2026/09/28 20:18:41.144, 75, 95.44 W, 67 %, 1875 MHz, 0x0000000000000000
2026/09/28 20:18:51.160, 75, 95.99 W, 67 %, 1875 MHz, 0x0000000000000000
2026/09/28 20:19:01.175, 75, 96.50 W, 66 %, 1875 MHz, 0x0000000000000000
2026/09/28 20:19:11.190, 75, 95.82 W, 67 %, 1875 MHz, 0x0000000000000000
2026/09/28 20:19:21.205, 75, 95.30 W, 67 %, 1875 MHz, 0x0000000000000000
2026/09/28 20:19:31.220, 75, 95.51 W, 68 %, 1875 MHz, 0x0000000000000000
2026/09/28 20:19:41.234, 75, 95.84 W, 67 %, 1875 MHz, 0x0000000000000000
2026/09/28 20:19:51.250, 75, 95.53 W, 67 %, 1875 MHz, 0x0000000000000000
2026/09/28 20:20:01.264, 75, 96.67 W, 67 %, 1875 MHz, 0x0000000000000000
2026/09/28 20:20:11.280, 75, 95.33 W, 66 %, 1875 MHz, 0x0000000000000000
2026/09/28 20:20:21.294, 75, 95.96 W, 68 %, 1875 MHz, 0x0000000000000000
2026/09/28 20:20:31.311, 75, 95.83 W, 67 %, 1875 MHz, 0x0000000000000000
2026/09/28 20:20:41.325, 76, 99.09 W, 70 %, 1875 MHz, 0x0000000000000000
2026/09/28 20:20:51.341, 75, 97.77 W, 68 %, 1875 MHz, 0x0000000000000000
2026/09/28 20:21:01.357, 76, 98.03 W, 68 %, 1875 MHz, 0x0000000000000000
2026/09/28 20:21:11.373, 76, 99.51 W, 67 %, 1875 MHz, 0x0000000000000000
2026/09/28 20:21:21.391, 76, 99.49 W, 68 %, 1875 MHz, 0x0000000000000000
2026/09/28 20:21:31.407, 76, 99.55 W, 69 %, 1875 MHz, 0x0000000000000000
2026/09/28 20:21:41.423, 76, 99.60 W, 68 %, 1875 MHz, 0x0000000000000000
2026/09/28 20:21:51.440, 76, 99.36 W, 63 %, 1875 MHz, 0x0000000000000000
2026/09/28 20:22:01.455, 76, 100.13 W, 68 %, 1875 MHz, 0x0000000000000000
2026/09/28 20:22:11.471, 76, 99.82 W, 68 %, 1875 MHz, 0x0000000000000000
2026/09/28 20:22:21.490, 76, 99.88 W, 68 %, 1875 MHz, 0x0000000000000000
2026/09/28 20:22:31.507, 76, 99.88 W, 69 %, 1875 MHz, 0x0000000000000000
2026/09/28 20:22:41.526, 76, 100.65 W, 69 %, 1875 MHz, 0x0000000000000000
2026/09/28 20:22:51.542, 76, 100.26 W, 67 %, 1875 MHz, 0x0000000000000000
2026/09/28 20:23:01.558, 76, 100.76 W, 68 %, 1875 MHz, 0x0000000000000000
2026/09/28 20:23:11.573, 76, 100.60 W, 70 %, 1875 MHz, 0x0000000000000000
2026/09/28 20:23:21.588, 76, 99.61 W, 68 %, 1875 MHz, 0x0000000000000000
2026/09/28 20:23:31.603, 76, 100.19 W, 67 %, 1875 MHz, 0x0000000000000000
2026/09/28 20:23:41.618, 76, 99.77 W, 69 %, 1875 MHz, 0x0000000000000000
2026/09/28 20:23:51.633, 76, 99.81 W, 68 %, 1875 MHz, 0x0000000000000000
2026/09/28 20:24:01.648, 76, 100.27 W, 69 %, 1875 MHz, 0x0000000000000000
2026/09/28 20:24:11.665, 76, 99.74 W, 68 %, 1875 MHz, 0x0000000000000000
2026/09/28 20:24:21.680, 76, 100.24 W, 68 %, 1875 MHz, 0x0000000000000000
2026/09/28 20:24:31.695, 76, 99.93 W, 68 %, 1875 MHz, 0x0000000000000000
2026/09/28 20:24:41.710, 76, 100.18 W, 68 %, 1875 MHz, 0x0000000000000000
2026/09/28 20:24:51.726, 76, 99.86 W, 66 %, 1875 MHz, 0x0000000000000000
2026/09/28 20:25:01.741, 76, 100.05 W, 69 %, 1875 MHz, 0x0000000000000000
2026/09/28 20:25:11.757, 76, 100.82 W, 69 %, 1875 MHz, 0x0000000000000000
2026/09/28 20:25:21.772, 76, 100.22 W, 69 %, 1875 MHz, 0x0000000000000000
2026/09/28 20:25:31.787, 76, 100.35 W, 69 %, 1875 MHz, 0x0000000000000000
2026/09/28 20:25:41.803, 76, 100.22 W, 67 %, 1875 MHz, 0x0000000000000000
2026/09/28 20:25:51.818, 76, 100.37 W, 68 %, 1875 MHz, 0x0000000000000000
2026/09/28 20:26:01.833, 76, 99.81 W, 68 %, 1875 MHz, 0x0000000000000000
2026/09/28 20:26:11.848, 76, 99.89 W, 68 %, 1875 MHz, 0x0000000000000000
2026/09/28 20:26:21.863, 76, 100.29 W, 67 %, 1875 MHz, 0x0000000000000000
2026/09/28 20:26:31.879, 76, 99.89 W, 68 %, 1875 MHz, 0x0000000000000000
2026/09/28 20:26:41.894, 76, 100.39 W, 66 %, 1875 MHz, 0x0000000000000000
2026/09/28 20:26:51.909, 76, 99.16 W, 67 %, 1875 MHz, 0x0000000000000000
2026/09/28 20:27:01.925, 76, 100.22 W, 68 %, 1875 MHz, 0x0000000000000000
2026/09/28 20:27:11.940, 76, 100.20 W, 69 %, 1875 MHz, 0x0000000000000000
2026/09/28 20:27:21.958, 76, 98.69 W, 68 %, 1875 MHz, 0x0000000000000000
2026/09/28 20:27:31.974, 76, 100.39 W, 68 %, 1875 MHz, 0x0000000000000000
2026/09/28 20:27:41.989, 76, 100.28 W, 69 %, 1875 MHz, 0x0000000000000000
2026/09/28 20:27:52.005, 76, 100.11 W, 68 %, 1875 MHz, 0x0000000000000000
2026/09/28 20:28:02.021, 76, 99.12 W, 68 %, 1875 MHz, 0x0000000000000000
2026/09/28 20:28:12.038, 76, 100.02 W, 67 %, 1875 MHz, 0x0000000000000000
2026/09/28 20:28:22.054, 76, 99.06 W, 68 %, 1875 MHz, 0x0000000000000000
2026/09/28 20:28:32.070, 76, 100.74 W, 69 %, 1875 MHz, 0x0000000000000000
2026/09/28 20:28:42.085, 76, 100.16 W, 68 %, 1875 MHz, 0x0000000000000000
2026/09/28 20:28:52.100, 76, 100.21 W, 68 %, 1875 MHz, 0x0000000000000000
2026/09/28 20:29:02.116, 76, 99.98 W, 69 %, 1875 MHz, 0x0000000000000000
2026/09/28 20:29:12.132, 76, 100.14 W, 67 %, 1875 MHz, 0x0000000000000000
2026/09/28 20:29:22.147, 76, 99.96 W, 67 %, 1875 MHz, 0x0000000000000000
2026/09/28 20:29:32.163, 76, 100.53 W, 67 %, 1875 MHz, 0x0000000000000000
2026/09/28 20:29:42.178, 76, 100.35 W, 69 %, 1875 MHz, 0x0000000000000000
2026/09/28 20:29:52.193, 76, 99.84 W, 69 %, 1875 MHz, 0x0000000000000000
2026/09/28 20:30:02.209, 76, 99.41 W, 68 %, 1875 MHz, 0x0000000000000000
2026/09/28 20:30:12.224, 76, 99.90 W, 69 %, 1875 MHz, 0x0000000000000000
2026/09/28 20:30:22.239, 76, 100.05 W, 69 %, 1875 MHz, 0x0000000000000000
2026/09/28 20:30:32.254, 76, 100.50 W, 69 %, 1875 MHz, 0x0000000000000000
2026/09/28 20:30:42.269, 76, 100.59 W, 68 %, 1875 MHz, 0x0000000000000000
2026/09/28 20:30:52.285, 76, 100.10 W, 69 %, 1875 MHz, 0x0000000000000000
2026/09/28 20:31:02.301, 76, 99.97 W, 69 %, 1875 MHz, 0x0000000000000000
2026/09/28 20:31:12.317, 76, 99.80 W, 68 %, 1875 MHz, 0x0000000000000000
2026/09/28 20:31:22.333, 76, 100.32 W, 68 %, 1875 MHz, 0x0000000000000000
2026/09/28 20:31:32.348, 76, 100.30 W, 69 %, 1875 MHz, 0x0000000000000000
2026/09/28 20:31:42.363, 76, 99.17 W, 68 %, 1875 MHz, 0x0000000000000000
2026/09/28 20:31:52.379, 76, 100.22 W, 68 %, 1875 MHz, 0x0000000000000000
2026/09/28 20:32:02.394, 76, 99.45 W, 67 %, 1875 MHz, 0x0000000000000000
2026/09/28 20:32:12.410, 76, 97.40 W, 68 %, 1875 MHz, 0x0000000000000000
2026/09/28 20:32:22.425, 76, 99.99 W, 68 %, 1875 MHz, 0x0000000000000000
2026/09/28 20:32:32.441, 76, 99.63 W, 68 %, 1875 MHz, 0x0000000000000000
2026/09/28 20:32:42.456, 76, 99.96 W, 66 %, 1875 MHz, 0x0000000000000000
2026/09/28 20:32:52.472, 76, 99.71 W, 68 %, 1875 MHz, 0x0000000000000000
2026/09/28 20:33:02.488, 76, 99.77 W, 69 %, 1875 MHz, 0x0000000000000000
2026/09/28 20:33:12.503, 76, 100.28 W, 67 %, 1875 MHz, 0x0000000000000000
2026/09/28 20:33:22.518, 76, 99.79 W, 67 %, 1875 MHz, 0x0000000000000000
2026/09/28 20:33:32.535, 76, 99.29 W, 68 %, 1875 MHz, 0x0000000000000000
2026/09/28 20:33:42.553, 76, 99.86 W, 67 %, 1875 MHz, 0x0000000000000000
2026/09/28 20:33:52.569, 76, 99.75 W, 68 %, 1875 MHz, 0x0000000000000000
2026/09/28 20:34:02.585, 76, 100.53 W, 67 %, 1875 MHz, 0x0000000000000000
2026/09/28 20:34:12.601, 76, 99.81 W, 68 %, 1875 MHz, 0x0000000000000000
2026/09/28 20:34:22.618, 76, 99.77 W, 67 %, 1875 MHz, 0x0000000000000000
2026/09/28 20:34:32.635, 76, 99.98 W, 66 %, 1875 MHz, 0x0000000000000000
2026/09/28 20:34:42.651, 76, 99.14 W, 68 %, 1875 MHz, 0x0000000000000000
2026/09/28 20:34:52.667, 76, 99.07 W, 68 %, 1875 MHz, 0x0000000000000000
2026/09/28 20:35:02.685, 76, 100.41 W, 68 %, 1875 MHz, 0x0000000000000000
2026/09/28 20:35:12.701, 76, 99.89 W, 67 %, 1875 MHz, 0x0000000000000000
2026/09/28 20:35:22.717, 76, 99.61 W, 67 %, 1875 MHz, 0x0000000000000000
2026/09/28 20:35:32.733, 76, 99.93 W, 69 %, 1875 MHz, 0x0000000000000000
2026/09/28 20:35:42.749, 76, 100.12 W, 66 %, 1875 MHz, 0x0000000000000000
2026/09/28 20:35:52.765, 76, 99.72 W, 66 %, 1875 MHz, 0x0000000000000000
2026/09/28 20:36:02.780, 76, 98.65 W, 68 %, 1875 MHz, 0x0000000000000000
2026/09/28 20:36:12.798, 76, 99.76 W, 68 %, 1875 MHz, 0x0000000000000000
2026/09/28 20:36:22.816, 76, 99.89 W, 69 %, 1875 MHz, 0x0000000000000000
2026/09/28 20:36:32.830, 76, 99.72 W, 67 %, 1875 MHz, 0x0000000000000000
2026/09/28 20:36:42.846, 76, 99.56 W, 66 %, 1875 MHz, 0x0000000000000000
2026/09/28 20:36:52.861, 76, 100.11 W, 68 %, 1875 MHz, 0x0000000000000000
2026/09/28 20:37:02.876, 76, 99.74 W, 67 %, 1875 MHz, 0x0000000000000000
2026/09/28 20:37:12.892, 76, 99.69 W, 67 %, 1875 MHz, 0x0000000000000000
2026/09/28 20:37:22.910, 76, 99.89 W, 67 %, 1875 MHz, 0x0000000000000000
2026/09/28 20:37:32.927, 76, 99.13 W, 67 %, 1875 MHz, 0x0000000000000000
2026/09/28 20:37:42.944, 76, 99.65 W, 68 %, 1875 MHz, 0x0000000000000000
2026/09/28 20:37:52.959, 76, 100.06 W, 69 %, 1875 MHz, 0x0000000000000000
2026/09/28 20:38:02.974, 76, 100.02 W, 31 %, 1875 MHz, 0x0000000000000000
2026/09/28 20:38:12.990, 76, 100.28 W, 68 %, 1875 MHz, 0x0000000000000000
2026/09/28 20:38:23.007, 76, 99.81 W, 68 %, 1875 MHz, 0x0000000000000000
2026/09/28 20:38:33.027, 76, 99.95 W, 67 %, 1875 MHz, 0x0000000000000000
2026/09/28 20:38:43.043, 76, 100.01 W, 68 %, 1875 MHz, 0x0000000000000000
2026/09/28 22:10:53.262, 38, 18.18 W, 13 %, 300 MHz, 0x0000000000000001
2026/09/28 22:11:03.319, 46, 77.01 W, 50 %, 1935 MHz, 0x0000000000000000
2026/09/28 22:11:13.325, 48, 80.00 W, 67 %, 1935 MHz, 0x0000000000000000
2026/09/28 22:11:23.342, 49, 80.07 W, 67 %, 1935 MHz, 0x0000000000000000
2026/09/28 22:11:33.361, 50, 80.69 W, 67 %, 1935 MHz, 0x0000000000000000
2026/09/28 22:11:43.376, 51, 81.04 W, 68 %, 1935 MHz, 0x0000000000000000
2026/09/28 22:11:53.390, 51, 81.57 W, 68 %, 1935 MHz, 0x0000000000000000
2026/09/28 22:12:03.405, 52, 82.11 W, 68 %, 1935 MHz, 0x0000000000000000
2026/09/28 22:12:13.420, 53, 81.54 W, 67 %, 1920 MHz, 0x0000000000000000
2026/09/28 22:12:23.435, 53, 82.53 W, 67 %, 1920 MHz, 0x0000000000000000
2026/09/28 22:12:33.450, 54, 81.59 W, 67 %, 1920 MHz, 0x0000000000000000
2026/09/28 22:12:43.467, 54, 81.86 W, 67 %, 1920 MHz, 0x0000000000000000
2026/09/28 22:12:53.482, 55, 83.10 W, 67 %, 1920 MHz, 0x0000000000000000
2026/09/28 22:13:03.499, 55, 80.64 W, 67 %, 1920 MHz, 0x0000000000000000
2026/09/28 22:13:13.516, 56, 82.78 W, 68 %, 1920 MHz, 0x0000000000000000
2026/09/28 22:13:23.533, 56, 83.33 W, 68 %, 1920 MHz, 0x0000000000000000
2026/09/28 22:13:33.550, 57, 83.47 W, 68 %, 1920 MHz, 0x0000000000000000
2026/09/28 22:13:43.566, 57, 83.72 W, 68 %, 1920 MHz, 0x0000000000000000
2026/09/28 22:13:53.582, 57, 82.41 W, 68 %, 1905 MHz, 0x0000000000000000
2026/09/28 22:14:03.597, 58, 83.00 W, 67 %, 1905 MHz, 0x0000000000000000
2026/09/28 22:14:13.612, 58, 83.70 W, 68 %, 1905 MHz, 0x0000000000000000
2026/09/28 22:14:23.627, 59, 84.44 W, 67 %, 1905 MHz, 0x0000000000000000
2026/09/28 22:14:33.642, 59, 83.92 W, 67 %, 1905 MHz, 0x0000000000000000
2026/09/28 22:14:43.657, 59, 85.11 W, 68 %, 1905 MHz, 0x0000000000000000
2026/09/28 22:14:53.672, 60, 84.59 W, 67 %, 1905 MHz, 0x0000000000000000
2026/09/28 22:15:03.688, 60, 85.19 W, 67 %, 1905 MHz, 0x0000000000000000
2026/09/28 22:15:13.702, 60, 83.96 W, 69 %, 1905 MHz, 0x0000000000000000
2026/09/28 22:15:23.717, 61, 85.76 W, 68 %, 1905 MHz, 0x0000000000000000
2026/09/28 22:15:33.732, 61, 84.52 W, 68 %, 1905 MHz, 0x0000000000000000
2026/09/28 22:15:43.747, 61, 85.94 W, 67 %, 1905 MHz, 0x0000000000000000
2026/09/28 22:15:53.762, 62, 85.65 W, 68 %, 1905 MHz, 0x0000000000000000
2026/09/28 22:16:03.776, 62, 86.14 W, 68 %, 1905 MHz, 0x0000000000000000
2026/09/28 22:16:13.792, 62, 85.07 W, 68 %, 1890 MHz, 0x0000000000000000
2026/09/28 22:16:23.798, 63, 85.42 W, 68 %, 1890 MHz, 0x0000000000000000
2026/09/28 22:16:33.802, 63, 85.16 W, 68 %, 1890 MHz, 0x0000000000000000
2026/09/28 22:16:43.807, 63, 85.66 W, 67 %, 1890 MHz, 0x0000000000000000
2026/09/28 22:16:53.812, 63, 85.33 W, 68 %, 1890 MHz, 0x0000000000000000
2026/09/28 22:17:03.817, 64, 85.36 W, 68 %, 1890 MHz, 0x0000000000000000
2026/09/28 22:17:13.823, 64, 85.04 W, 68 %, 1890 MHz, 0x0000000000000000
2026/09/28 22:17:23.828, 64, 86.06 W, 67 %, 1890 MHz, 0x0000000000000000
2026/09/28 22:17:33.833, 65, 86.29 W, 68 %, 1890 MHz, 0x0000000000000000
2026/09/28 22:17:43.837, 65, 85.36 W, 67 %, 1890 MHz, 0x0000000000000000
2026/09/28 22:17:53.842, 65, 85.65 W, 62 %, 1890 MHz, 0x0000000000000000
2026/09/28 22:18:03.848, 65, 85.35 W, 65 %, 1890 MHz, 0x0000000000000000
2026/09/28 22:18:13.852, 65, 86.00 W, 64 %, 1890 MHz, 0x0000000000000000
2026/09/28 22:18:23.859, 66, 86.00 W, 65 %, 1890 MHz, 0x0000000000000000
2026/09/28 22:18:33.863, 66, 86.25 W, 67 %, 1890 MHz, 0x0000000000000000
2026/09/28 22:18:43.868, 66, 86.72 W, 66 %, 1890 MHz, 0x0000000000000000
2026/09/28 22:18:53.874, 66, 86.34 W, 65 %, 1890 MHz, 0x0000000000000000
2026/09/28 22:19:03.878, 67, 86.56 W, 66 %, 1890 MHz, 0x0000000000000000
2026/09/28 22:19:13.884, 67, 86.34 W, 66 %, 1890 MHz, 0x0000000000000000
2026/09/28 22:19:23.888, 67, 86.03 W, 66 %, 1890 MHz, 0x0000000000000000
2026/09/28 22:19:33.894, 67, 86.61 W, 66 %, 1890 MHz, 0x0000000000000000
2026/09/28 22:19:43.899, 68, 88.62 W, 65 %, 1890 MHz, 0x0000000000000000
2026/09/28 22:19:53.914, 68, 89.54 W, 66 %, 1890 MHz, 0x0000000000000000
2026/09/28 22:20:03.931, 68, 90.59 W, 64 %, 1890 MHz, 0x0000000000000000
2026/09/28 22:20:13.948, 68, 90.35 W, 66 %, 1890 MHz, 0x0000000000000000
2026/09/28 22:20:23.965, 68, 88.17 W, 67 %, 1890 MHz, 0x0000000000000000
2026/09/28 22:20:33.982, 68, 90.55 W, 66 %, 1890 MHz, 0x0000000000000000
2026/09/28 22:20:43.998, 69, 89.59 W, 67 %, 1890 MHz, 0x0000000000000000
2026/09/28 22:20:54.013, 69, 90.96 W, 68 %, 1890 MHz, 0x0000000000000000
2026/09/28 22:21:04.028, 69, 91.37 W, 67 %, 1890 MHz, 0x0000000000000000
2026/09/28 22:21:14.044, 69, 90.88 W, 67 %, 1890 MHz, 0x0000000000000000
2026/09/28 22:21:24.060, 69, 90.44 W, 67 %, 1890 MHz, 0x0000000000000000
2026/09/28 22:21:34.077, 70, 91.09 W, 67 %, 1890 MHz, 0x0000000000000000
2026/09/28 22:21:44.094, 70, 90.59 W, 67 %, 1890 MHz, 0x0000000000000000
2026/09/28 22:21:54.110, 70, 90.65 W, 66 %, 1890 MHz, 0x0000000000000000
2026/09/28 22:22:04.126, 70, 90.12 W, 65 %, 1890 MHz, 0x0000000000000000
2026/09/28 22:22:14.142, 70, 91.64 W, 67 %, 1890 MHz, 0x0000000000000000
2026/09/28 22:22:24.158, 70, 90.78 W, 68 %, 1890 MHz, 0x0000000000000000
2026/09/28 22:22:34.178, 70, 91.43 W, 67 %, 1890 MHz, 0x0000000000000000
2026/09/28 22:22:44.194, 70, 91.91 W, 67 %, 1890 MHz, 0x0000000000000000
2026/09/28 22:22:54.210, 70, 91.08 W, 67 %, 1890 MHz, 0x0000000000000000
2026/09/28 22:23:04.225, 70, 91.53 W, 67 %, 1890 MHz, 0x0000000000000000
2026/09/28 22:23:14.244, 71, 91.70 W, 67 %, 1890 MHz, 0x0000000000000000
2026/09/28 22:23:24.260, 71, 91.23 W, 67 %, 1890 MHz, 0x0000000000000000
2026/09/28 22:23:34.276, 71, 92.24 W, 67 %, 1890 MHz, 0x0000000000000000
2026/09/28 22:23:44.291, 71, 91.98 W, 68 %, 1890 MHz, 0x0000000000000000
2026/09/28 22:23:54.306, 71, 92.20 W, 67 %, 1890 MHz, 0x0000000000000000
2026/09/28 22:24:04.323, 71, 92.16 W, 66 %, 1890 MHz, 0x0000000000000000
2026/09/28 22:24:14.339, 71, 91.50 W, 67 %, 1890 MHz, 0x0000000000000000
2026/09/28 22:24:24.355, 71, 91.53 W, 67 %, 1890 MHz, 0x0000000000000000
2026/09/28 22:24:34.372, 71, 92.06 W, 68 %, 1890 MHz, 0x0000000000000000
2026/09/28 22:24:44.389, 71, 91.53 W, 67 %, 1890 MHz, 0x0000000000000000
2026/09/28 22:24:54.405, 71, 92.85 W, 67 %, 1890 MHz, 0x0000000000000000
2026/09/28 22:25:04.421, 71, 90.68 W, 67 %, 1890 MHz, 0x0000000000000000
2026/09/28 22:25:14.438, 71, 92.18 W, 67 %, 1890 MHz, 0x0000000000000000
2026/09/28 22:25:24.456, 72, 92.43 W, 68 %, 1890 MHz, 0x0000000000000000
2026/09/28 22:25:34.472, 72, 90.96 W, 67 %, 1890 MHz, 0x0000000000000000
2026/09/28 22:25:44.488, 72, 93.37 W, 67 %, 1890 MHz, 0x0000000000000000
2026/09/28 22:25:54.503, 72, 92.61 W, 67 %, 1890 MHz, 0x0000000000000000
2026/09/28 22:26:04.519, 72, 92.14 W, 67 %, 1890 MHz, 0x0000000000000000
2026/09/28 22:26:14.535, 72, 93.01 W, 66 %, 1890 MHz, 0x0000000000000000
2026/09/28 22:26:24.550, 72, 92.44 W, 67 %, 1890 MHz, 0x0000000000000000
2026/09/28 22:26:34.566, 72, 92.55 W, 67 %, 1890 MHz, 0x0000000000000000
2026/09/28 22:26:44.582, 72, 92.37 W, 66 %, 1890 MHz, 0x0000000000000000
2026/09/28 22:26:54.597, 72, 92.44 W, 67 %, 1890 MHz, 0x0000000000000000
2026/09/28 22:27:04.611, 72, 91.96 W, 65 %, 1890 MHz, 0x0000000000000000
2026/09/28 22:27:14.628, 72, 92.79 W, 67 %, 1890 MHz, 0x0000000000000000
2026/09/28 22:27:24.647, 72, 93.19 W, 67 %, 1890 MHz, 0x0000000000000000
2026/09/28 22:27:34.662, 72, 92.67 W, 67 %, 1890 MHz, 0x0000000000000000
2026/09/28 22:27:44.678, 72, 92.50 W, 66 %, 1875 MHz, 0x0000000000000000
2026/09/28 22:27:54.696, 72, 91.38 W, 67 %, 1875 MHz, 0x0000000000000000
2026/09/28 22:28:04.711, 72, 92.36 W, 67 %, 1875 MHz, 0x0000000000000000
2026/09/28 22:28:14.727, 72, 92.33 W, 67 %, 1875 MHz, 0x0000000000000000
2026/09/28 22:28:24.745, 73, 92.23 W, 67 %, 1875 MHz, 0x0000000000000000
2026/09/28 22:28:34.762, 72, 83.62 W, 30 %, 1875 MHz, 0x0000000000000000
2026/09/28 22:28:44.785, 73, 93.06 W, 67 %, 1875 MHz, 0x0000000000000000
2026/09/28 22:28:54.801, 73, 92.81 W, 67 %, 1875 MHz, 0x0000000000000000
2026/09/28 22:29:04.816, 73, 93.04 W, 67 %, 1875 MHz, 0x0000000000000000
2026/09/28 22:29:14.831, 73, 93.52 W, 67 %, 1875 MHz, 0x0000000000000000
2026/09/28 22:29:24.848, 73, 92.13 W, 67 %, 1875 MHz, 0x0000000000000000
2026/09/28 22:29:34.864, 73, 94.21 W, 67 %, 1875 MHz, 0x0000000000000000
2026/09/28 22:29:44.882, 73, 94.08 W, 67 %, 1875 MHz, 0x0000000000000000
2026/09/28 22:29:54.898, 73, 94.36 W, 67 %, 1875 MHz, 0x0000000000000000
2026/09/28 22:30:04.914, 73, 94.05 W, 67 %, 1875 MHz, 0x0000000000000000
2026/09/28 22:30:14.932, 73, 93.32 W, 66 %, 1875 MHz, 0x0000000000000000
2026/09/28 22:30:24.949, 73, 93.70 W, 67 %, 1875 MHz, 0x0000000000000000
2026/09/28 22:30:34.968, 73, 95.06 W, 67 %, 1875 MHz, 0x0000000000000000
2026/09/28 22:30:44.985, 74, 94.28 W, 67 %, 1875 MHz, 0x0000000000000000
2026/09/28 22:30:55.002, 74, 93.70 W, 68 %, 1875 MHz, 0x0000000000000000
2026/09/28 22:31:05.018, 74, 94.76 W, 67 %, 1875 MHz, 0x0000000000000000
2026/09/28 22:31:15.036, 74, 93.91 W, 67 %, 1875 MHz, 0x0000000000000000
2026/09/28 22:31:25.053, 74, 94.46 W, 67 %, 1875 MHz, 0x0000000000000000
2026/09/28 22:31:35.070, 74, 94.18 W, 68 %, 1875 MHz, 0x0000000000000000
2026/09/28 22:31:45.087, 74, 94.79 W, 68 %, 1875 MHz, 0x0000000000000000
2026/09/28 22:31:55.105, 74, 95.23 W, 67 %, 1875 MHz, 0x0000000000000000
2026/09/28 22:32:05.122, 74, 94.15 W, 66 %, 1875 MHz, 0x0000000000000000
2026/09/28 22:32:15.139, 74, 94.72 W, 66 %, 1875 MHz, 0x0000000000000000
2026/09/28 22:32:25.156, 74, 94.80 W, 67 %, 1875 MHz, 0x0000000000000000
2026/09/28 22:32:35.172, 74, 94.51 W, 68 %, 1875 MHz, 0x0000000000000000
2026/09/28 22:32:45.189, 74, 95.23 W, 67 %, 1875 MHz, 0x0000000000000000
2026/09/28 22:32:55.207, 74, 94.86 W, 67 %, 1875 MHz, 0x0000000000000000
2026/09/28 22:33:05.224, 74, 94.19 W, 67 %, 1875 MHz, 0x0000000000000000
2026/09/28 22:33:15.240, 74, 94.28 W, 67 %, 1875 MHz, 0x0000000000000000
2026/09/28 22:33:25.256, 74, 94.65 W, 67 %, 1875 MHz, 0x0000000000000000
2026/09/28 22:33:35.277, 74, 94.25 W, 66 %, 1875 MHz, 0x0000000000000000
2026/09/28 22:33:45.293, 74, 94.78 W, 67 %, 1875 MHz, 0x0000000000000000
2026/09/28 22:33:55.309, 74, 94.28 W, 68 %, 1875 MHz, 0x0000000000000000
2026/09/28 22:34:05.326, 74, 95.39 W, 68 %, 1875 MHz, 0x0000000000000000
2026/09/28 22:34:15.342, 74, 94.68 W, 67 %, 1875 MHz, 0x0000000000000000
2026/09/28 22:34:25.358, 74, 95.78 W, 66 %, 1875 MHz, 0x0000000000000000
2026/09/28 22:34:35.375, 74, 94.52 W, 66 %, 1875 MHz, 0x0000000000000000
2026/09/28 22:34:45.395, 74, 94.46 W, 67 %, 1875 MHz, 0x0000000000000000
2026/09/28 22:34:55.411, 74, 94.24 W, 67 %, 1875 MHz, 0x0000000000000000
2026/09/28 22:35:05.427, 74, 94.21 W, 67 %, 1875 MHz, 0x0000000000000000
2026/09/28 22:35:15.444, 74, 95.08 W, 67 %, 1875 MHz, 0x0000000000000000
2026/09/28 22:35:25.460, 74, 94.71 W, 69 %, 1875 MHz, 0x0000000000000000
2026/09/28 22:35:35.477, 74, 95.57 W, 69 %, 1875 MHz, 0x0000000000000000
2026/09/28 22:35:45.492, 74, 94.74 W, 67 %, 1875 MHz, 0x0000000000000000
2026/09/28 22:35:55.509, 74, 95.67 W, 66 %, 1875 MHz, 0x0000000000000000
2026/09/28 22:36:05.526, 74, 94.25 W, 67 %, 1875 MHz, 0x0000000000000000
2026/09/28 22:36:15.543, 74, 94.19 W, 67 %, 1875 MHz, 0x0000000000000000
2026/09/28 22:36:25.561, 74, 94.44 W, 66 %, 1875 MHz, 0x0000000000000000
2026/09/28 22:36:35.576, 74, 94.28 W, 68 %, 1875 MHz, 0x0000000000000000
2026/09/28 22:36:45.592, 74, 95.31 W, 68 %, 1875 MHz, 0x0000000000000000
2026/09/28 22:36:55.608, 74, 94.96 W, 67 %, 1875 MHz, 0x0000000000000000
2026/09/28 22:37:05.625, 74, 94.33 W, 67 %, 1875 MHz, 0x0000000000000000
2026/09/28 22:37:15.642, 74, 94.59 W, 66 %, 1875 MHz, 0x0000000000000000
2026/09/28 22:37:25.659, 74, 94.82 W, 67 %, 1875 MHz, 0x0000000000000000
2026/09/28 22:37:35.675, 74, 95.57 W, 65 %, 1875 MHz, 0x0000000000000000
2026/09/28 22:37:45.691, 74, 94.29 W, 65 %, 1875 MHz, 0x0000000000000000
2026/09/28 22:37:55.706, 74, 94.91 W, 66 %, 1875 MHz, 0x0000000000000000
2026/09/28 22:38:05.721, 74, 94.56 W, 65 %, 1875 MHz, 0x0000000000000000
2026/09/28 22:38:15.738, 74, 94.56 W, 66 %, 1875 MHz, 0x0000000000000000
2026/09/28 22:38:25.754, 75, 93.97 W, 65 %, 1875 MHz, 0x0000000000000000
2026/09/28 22:38:35.769, 74, 94.37 W, 66 %, 1875 MHz, 0x0000000000000000
2026/09/28 22:38:45.785, 74, 94.89 W, 68 %, 1875 MHz, 0x0000000000000000
2026/09/28 22:38:55.801, 74, 95.02 W, 65 %, 1875 MHz, 0x0000000000000000
2026/09/28 22:39:05.817, 74, 94.54 W, 65 %, 1875 MHz, 0x0000000000000000
2026/09/28 22:39:15.834, 74, 94.52 W, 67 %, 1875 MHz, 0x0000000000000000
2026/09/28 22:39:25.850, 74, 94.74 W, 67 %, 1875 MHz, 0x0000000000000000
2026/09/28 22:39:35.866, 74, 94.90 W, 66 %, 1875 MHz, 0x0000000000000000
2026/09/28 22:39:45.881, 75, 95.04 W, 66 %, 1875 MHz, 0x0000000000000000
2026/09/28 22:39:55.898, 75, 95.12 W, 67 %, 1875 MHz, 0x0000000000000000
2026/09/28 22:40:05.913, 75, 94.44 W, 66 %, 1875 MHz, 0x0000000000000000
2026/09/28 22:40:15.928, 75, 94.48 W, 66 %, 1875 MHz, 0x0000000000000000
2026/09/28 22:40:25.943, 74, 94.50 W, 65 %, 1875 MHz, 0x0000000000000000
2026/09/28 22:40:35.958, 75, 95.24 W, 67 %, 1875 MHz, 0x0000000000000000
2026/09/28 22:40:45.974, 75, 94.49 W, 67 %, 1875 MHz, 0x0000000000000000
2026/09/28 22:40:55.989, 75, 94.19 W, 67 %, 1875 MHz, 0x0000000000000000
2026/09/28 22:41:06.006, 75, 93.39 W, 66 %, 1875 MHz, 0x0000000000000000
2026/09/28 22:41:16.021, 75, 94.65 W, 67 %, 1875 MHz, 0x0000000000000000
2026/09/28 22:41:26.037, 74, 94.66 W, 67 %, 1875 MHz, 0x0000000000000000
2026/09/28 22:41:36.055, 74, 95.04 W, 67 %, 1875 MHz, 0x0000000000000000
2026/09/28 22:41:46.071, 74, 94.84 W, 68 %, 1875 MHz, 0x0000000000000000
2026/09/28 22:41:56.088, 75, 97.29 W, 67 %, 1875 MHz, 0x0000000000000000
2026/09/28 22:42:06.104, 74, 95.36 W, 65 %, 1875 MHz, 0x0000000000000000
2026/09/28 22:42:16.121, 74, 94.85 W, 65 %, 1875 MHz, 0x0000000000000000
2026/09/28 22:42:26.137, 74, 94.33 W, 63 %, 1875 MHz, 0x0000000000000000
2026/09/28 22:42:36.153, 75, 95.27 W, 66 %, 1875 MHz, 0x0000000000000000
2026/09/28 22:42:46.168, 75, 95.06 W, 66 %, 1875 MHz, 0x0000000000000000
2026/09/28 22:42:56.183, 75, 95.82 W, 66 %, 1875 MHz, 0x0000000000000000
2026/09/28 22:43:06.198, 74, 94.39 W, 65 %, 1875 MHz, 0x0000000000000000
2026/09/28 22:43:16.213, 75, 94.97 W, 65 %, 1875 MHz, 0x0000000000000000
2026/09/28 22:43:26.228, 75, 94.88 W, 65 %, 1875 MHz, 0x0000000000000000
2026/09/28 22:43:36.244, 75, 95.02 W, 66 %, 1875 MHz, 0x0000000000000000
2026/09/28 22:43:46.260, 75, 95.39 W, 67 %, 1875 MHz, 0x0000000000000000
2026/09/28 22:43:56.276, 75, 95.31 W, 64 %, 1875 MHz, 0x0000000000000000
2026/09/28 22:44:06.292, 75, 95.15 W, 66 %, 1875 MHz, 0x0000000000000000
2026/09/28 22:44:16.307, 75, 93.71 W, 66 %, 1875 MHz, 0x0000000000000000
2026/09/28 22:44:26.322, 75, 94.78 W, 66 %, 1875 MHz, 0x0000000000000000
2026/09/28 22:44:36.338, 75, 95.02 W, 63 %, 1875 MHz, 0x0000000000000000
2026/09/28 22:44:46.354, 75, 95.35 W, 65 %, 1875 MHz, 0x0000000000000000
2026/09/28 22:44:56.372, 75, 94.97 W, 65 %, 1875 MHz, 0x0000000000000000
2026/09/28 22:45:06.388, 75, 95.35 W, 63 %, 1875 MHz, 0x0000000000000000
2026/09/28 22:45:16.407, 75, 94.49 W, 66 %, 1875 MHz, 0x0000000000000000
2026/09/28 22:45:26.423, 75, 94.66 W, 67 %, 1875 MHz, 0x0000000000000000
2026/09/28 22:45:36.438, 75, 94.49 W, 64 %, 1875 MHz, 0x0000000000000000
2026/09/28 22:45:46.454, 75, 95.54 W, 65 %, 1875 MHz, 0x0000000000000000
2026/09/28 22:45:56.472, 75, 94.85 W, 64 %, 1875 MHz, 0x0000000000000000
2026/09/28 22:46:06.489, 75, 95.17 W, 65 %, 1875 MHz, 0x0000000000000000
2026/09/28 22:46:16.505, 75, 94.63 W, 65 %, 1875 MHz, 0x0000000000000000
2026/09/28 22:46:26.522, 75, 92.91 W, 67 %, 1875 MHz, 0x0000000000000000
2026/09/28 22:46:36.537, 75, 95.94 W, 65 %, 1875 MHz, 0x0000000000000000
2026/09/28 22:46:46.553, 75, 94.76 W, 66 %, 1875 MHz, 0x0000000000000000
2026/09/28 22:46:56.568, 75, 95.38 W, 65 %, 1875 MHz, 0x0000000000000000
2026/09/28 22:47:06.589, 75, 94.84 W, 66 %, 1875 MHz, 0x0000000000000000
2026/09/28 22:47:16.605, 75, 94.98 W, 66 %, 1875 MHz, 0x0000000000000000
2026/09/28 22:47:26.622, 75, 95.25 W, 66 %, 1875 MHz, 0x0000000000000000
2026/09/28 22:47:36.638, 75, 95.08 W, 67 %, 1875 MHz, 0x0000000000000000
2026/09/28 22:47:46.654, 75, 95.15 W, 67 %, 1875 MHz, 0x0000000000000000
2026/09/28 22:47:56.669, 75, 94.73 W, 67 %, 1875 MHz, 0x0000000000000000
2026/09/28 22:48:06.684, 75, 94.93 W, 68 %, 1875 MHz, 0x0000000000000000
2026/09/28 22:48:16.701, 75, 95.07 W, 67 %, 1875 MHz, 0x0000000000000000
2026/09/28 22:48:26.717, 75, 95.09 W, 68 %, 1875 MHz, 0x0000000000000000
2026/09/28 22:48:36.734, 75, 94.55 W, 68 %, 1875 MHz, 0x0000000000000000
2026/09/28 22:48:46.749, 75, 95.47 W, 67 %, 1875 MHz, 0x0000000000000000
2026/09/28 22:48:56.765, 75, 94.85 W, 67 %, 1875 MHz, 0x0000000000000000
2026/09/28 22:49:06.780, 75, 95.34 W, 68 %, 1875 MHz, 0x0000000000000000
2026/09/28 22:49:16.797, 75, 95.32 W, 67 %, 1875 MHz, 0x0000000000000000
2026/09/28 22:49:26.813, 75, 95.16 W, 67 %, 1875 MHz, 0x0000000000000000
2026/09/28 22:49:36.828, 75, 94.81 W, 67 %, 1875 MHz, 0x0000000000000000
2026/09/28 22:49:46.843, 75, 94.96 W, 66 %, 1875 MHz, 0x0000000000000000
2026/09/28 22:49:56.859, 75, 94.85 W, 67 %, 1875 MHz, 0x0000000000000000
2026/09/28 22:50:06.874, 75, 95.00 W, 67 %, 1875 MHz, 0x0000000000000000
2026/09/28 22:50:16.889, 75, 94.69 W, 67 %, 1875 MHz, 0x0000000000000000
2026/09/28 22:50:26.907, 75, 95.73 W, 66 %, 1875 MHz, 0x0000000000000000
2026/09/28 22:50:36.925, 75, 94.73 W, 66 %, 1875 MHz, 0x0000000000000000
2026/09/28 22:50:46.943, 75, 94.80 W, 67 %, 1875 MHz, 0x0000000000000000
2026/09/28 22:50:56.958, 75, 94.76 W, 67 %, 1875 MHz, 0x0000000000000000
2026/09/28 22:51:06.975, 75, 95.32 W, 66 %, 1875 MHz, 0x0000000000000000
2026/09/28 22:51:16.991, 75, 95.12 W, 67 %, 1875 MHz, 0x0000000000000000
2026/09/28 22:51:27.008, 75, 95.11 W, 67 %, 1875 MHz, 0x0000000000000000
2026/09/28 22:51:37.023, 75, 94.93 W, 67 %, 1875 MHz, 0x0000000000000000
2026/09/28 22:51:47.038, 75, 94.98 W, 67 %, 1875 MHz, 0x0000000000000000
2026/09/28 22:51:57.054, 75, 94.77 W, 67 %, 1875 MHz, 0x0000000000000000
2026/09/28 22:52:07.070, 75, 95.55 W, 67 %, 1875 MHz, 0x0000000000000000
2026/09/28 22:52:17.085, 75, 94.97 W, 67 %, 1875 MHz, 0x0000000000000000
2026/09/28 22:52:27.100, 75, 95.29 W, 67 %, 1875 MHz, 0x0000000000000000
2026/09/28 22:52:37.115, 75, 95.06 W, 66 %, 1875 MHz, 0x0000000000000000
2026/09/28 22:52:47.130, 75, 94.70 W, 67 %, 1875 MHz, 0x0000000000000000
2026/09/28 22:52:57.145, 75, 95.07 W, 67 %, 1875 MHz, 0x0000000000000000
2026/09/28 22:53:07.161, 75, 95.47 W, 67 %, 1875 MHz, 0x0000000000000000
2026/09/28 22:53:17.177, 75, 94.77 W, 68 %, 1875 MHz, 0x0000000000000000
2026/09/28 22:53:27.193, 75, 95.55 W, 67 %, 1875 MHz, 0x0000000000000000
2026/09/28 22:53:37.209, 75, 94.67 W, 67 %, 1875 MHz, 0x0000000000000000
2026/09/28 22:53:47.226, 75, 94.90 W, 68 %, 1875 MHz, 0x0000000000000000
2026/09/28 22:53:57.243, 75, 94.10 W, 67 %, 1875 MHz, 0x0000000000000000
2026/09/28 22:54:07.260, 75, 96.29 W, 67 %, 1875 MHz, 0x0000000000000000
2026/09/28 22:54:17.277, 75, 94.32 W, 66 %, 1875 MHz, 0x0000000000000000
2026/09/28 22:54:27.294, 75, 95.46 W, 67 %, 1875 MHz, 0x0000000000000000
2026/09/28 22:54:37.311, 75, 94.89 W, 67 %, 1875 MHz, 0x0000000000000000
2026/09/28 22:54:47.329, 75, 95.86 W, 67 %, 1875 MHz, 0x0000000000000000
2026/09/28 22:54:57.346, 75, 94.82 W, 67 %, 1875 MHz, 0x0000000000000000
2026/09/28 22:55:07.363, 75, 96.04 W, 67 %, 1875 MHz, 0x0000000000000000
2026/09/28 22:55:17.378, 75, 94.62 W, 67 %, 1875 MHz, 0x0000000000000000
2026/09/28 22:55:27.394, 75, 96.03 W, 67 %, 1875 MHz, 0x0000000000000000
2026/09/28 22:55:37.410, 75, 95.40 W, 66 %, 1875 MHz, 0x0000000000000000
2026/09/28 22:55:47.430, 75, 96.80 W, 66 %, 1875 MHz, 0x0000000000000000
2026/09/28 22:55:57.446, 75, 95.39 W, 66 %, 1875 MHz, 0x0000000000000000
2026/09/28 22:56:07.463, 75, 95.50 W, 66 %, 1875 MHz, 0x0000000000000000
2026/09/28 22:56:17.477, 75, 94.79 W, 66 %, 1875 MHz, 0x0000000000000000
2026/09/28 22:56:27.493, 75, 95.96 W, 67 %, 1875 MHz, 0x0000000000000000
2026/09/28 22:56:37.509, 75, 94.97 W, 67 %, 1875 MHz, 0x0000000000000000
2026/09/28 22:56:47.525, 75, 95.62 W, 66 %, 1875 MHz, 0x0000000000000000
2026/09/28 22:56:57.540, 75, 94.81 W, 67 %, 1875 MHz, 0x0000000000000000
2026/09/28 22:57:07.557, 75, 95.92 W, 67 %, 1875 MHz, 0x0000000000000000
2026/09/28 22:57:17.573, 75, 94.55 W, 66 %, 1875 MHz, 0x0000000000000000
2026/09/28 22:57:27.589, 75, 96.20 W, 67 %, 1875 MHz, 0x0000000000000000
2026/09/28 22:57:37.604, 75, 94.55 W, 67 %, 1875 MHz, 0x0000000000000000
2026/09/28 22:57:47.619, 75, 95.15 W, 66 %, 1875 MHz, 0x0000000000000000
2026/09/28 22:57:57.634, 75, 94.86 W, 67 %, 1875 MHz, 0x0000000000000000
2026/09/28 22:58:07.649, 75, 94.99 W, 67 %, 1875 MHz, 0x0000000000000000
2026/09/28 22:58:17.664, 75, 94.57 W, 65 %, 1875 MHz, 0x0000000000000000
2026/09/29 19:48:40.753, 34, 26.83 W, 32 %, 945 MHz, 0x0000000000000001
2026/09/29 19:48:50.744, 42, 81.38 W, 67 %, 1950 MHz, 0x0000000000000000
2026/09/29 19:49:00.739, 44, 82.98 W, 65 %, 1950 MHz, 0x0000000000000000
2026/09/29 19:49:10.745, 45, 83.12 W, 66 %, 1950 MHz, 0x0000000000000000
2026/09/29 19:49:20.791, 46, 82.10 W, 67 %, 1935 MHz, 0x0000000000000000
2026/09/29 19:49:30.825, 47, 81.65 W, 67 %, 1935 MHz, 0x0000000000000000
2026/09/29 19:49:40.847, 48, 82.26 W, 67 %, 1935 MHz, 0x0000000000000000
2026/09/29 19:49:50.862, 49, 82.41 W, 67 %, 1935 MHz, 0x0000000000000000
2026/09/29 19:50:00.874, 49, 83.17 W, 67 %, 1935 MHz, 0x0000000000000000
2026/09/29 19:50:10.890, 50, 83.29 W, 68 %, 1935 MHz, 0x0000000000000000
2026/09/29 19:50:20.906, 51, 84.01 W, 68 %, 1935 MHz, 0x0000000000000000
2026/09/29 19:50:30.923, 51, 83.64 W, 65 %, 1935 MHz, 0x0000000000000000
2026/09/29 19:50:40.940, 52, 81.23 W, 67 %, 1920 MHz, 0x0000000000000000
2026/09/29 19:50:50.949, 52, 84.39 W, 68 %, 1920 MHz, 0x0000000000000000
2026/09/29 19:51:00.953, 53, 84.37 W, 68 %, 1920 MHz, 0x0000000000000000
2026/09/29 19:51:10.958, 53, 84.11 W, 67 %, 1920 MHz, 0x0000000000000000
2026/09/29 19:51:20.964, 54, 83.67 W, 67 %, 1920 MHz, 0x0000000000000000
2026/09/29 19:51:30.971, 54, 84.90 W, 68 %, 1920 MHz, 0x0000000000000000
2026/09/29 19:51:40.977, 55, 85.05 W, 68 %, 1920 MHz, 0x0000000000000000
2026/09/29 19:51:50.984, 55, 85.87 W, 68 %, 1920 MHz, 0x0000000000000000
2026/09/29 19:52:00.990, 56, 85.57 W, 67 %, 1920 MHz, 0x0000000000000000
2026/09/29 19:52:10.996, 56, 84.28 W, 68 %, 1920 MHz, 0x0000000000000000
2026/09/29 19:52:21.002, 56, 85.83 W, 68 %, 1905 MHz, 0x0000000000000000
2026/09/29 19:52:31.009, 57, 85.50 W, 67 %, 1905 MHz, 0x0000000000000000
2026/09/29 19:52:41.016, 57, 86.14 W, 67 %, 1905 MHz, 0x0000000000000000
2026/09/29 19:52:51.022, 58, 85.84 W, 68 %, 1905 MHz, 0x0000000000000000
2026/09/29 19:53:01.028, 58, 86.49 W, 68 %, 1905 MHz, 0x0000000000000000
2026/09/29 19:53:11.031, 58, 86.43 W, 68 %, 1905 MHz, 0x0000000000000000
2026/09/29 19:53:21.036, 59, 86.69 W, 67 %, 1905 MHz, 0x0000000000000000
2026/09/29 19:53:31.040, 59, 86.64 W, 68 %, 1905 MHz, 0x0000000000000000
2026/09/29 19:53:41.044, 60, 86.71 W, 68 %, 1905 MHz, 0x0000000000000000
2026/09/29 19:53:51.049, 60, 86.87 W, 67 %, 1905 MHz, 0x0000000000000000
2026/09/29 19:54:01.054, 60, 87.11 W, 66 %, 1905 MHz, 0x0000000000000000
2026/09/29 19:54:11.060, 61, 88.26 W, 71 %, 1905 MHz, 0x0000000000000000
2026/09/29 19:54:21.064, 61, 88.25 W, 68 %, 1905 MHz, 0x0000000000000000
2026/09/29 19:54:31.069, 61, 87.74 W, 67 %, 1905 MHz, 0x0000000000000000
2026/09/29 19:54:41.074, 62, 88.81 W, 69 %, 1905 MHz, 0x0000000000000000
2026/09/29 19:54:51.091, 62, 89.32 W, 69 %, 1905 MHz, 0x0000000000000000
2026/09/29 19:55:01.107, 62, 89.00 W, 69 %, 1905 MHz, 0x0000000000000000
2026/09/29 19:55:11.125, 63, 88.84 W, 68 %, 1905 MHz, 0x0000000000000000
2026/09/29 19:55:21.141, 63, 88.84 W, 67 %, 1905 MHz, 0x0000000000000000
2026/09/29 19:55:31.157, 63, 90.49 W, 68 %, 1905 MHz, 0x0000000000000000
2026/09/29 19:55:41.173, 64, 89.98 W, 69 %, 1905 MHz, 0x0000000000000000
2026/09/29 19:55:51.190, 64, 90.21 W, 68 %, 1905 MHz, 0x0000000000000000
2026/09/29 19:56:01.206, 64, 89.51 W, 68 %, 1905 MHz, 0x0000000000000000
2026/09/29 19:56:11.224, 65, 90.80 W, 69 %, 1905 MHz, 0x0000000000000000
2026/09/29 19:56:21.240, 65, 90.22 W, 69 %, 1905 MHz, 0x0000000000000000
2026/09/29 19:56:31.256, 65, 90.74 W, 69 %, 1905 MHz, 0x0000000000000000
2026/09/29 19:56:41.272, 65, 91.15 W, 67 %, 1905 MHz, 0x0000000000000000
2026/09/29 19:56:51.288, 66, 91.52 W, 67 %, 1905 MHz, 0x0000000000000000
2026/09/29 19:57:01.304, 66, 91.95 W, 68 %, 1905 MHz, 0x0000000000000000
2026/09/29 19:57:11.320, 66, 92.05 W, 68 %, 1905 MHz, 0x0000000000000000
2026/09/29 19:57:21.337, 66, 91.98 W, 69 %, 1890 MHz, 0x0000000000000000
2026/09/29 19:57:31.356, 66, 88.43 W, 68 %, 1890 MHz, 0x0000000000000000
2026/09/29 19:57:41.373, 67, 88.67 W, 67 %, 1890 MHz, 0x0000000000000000
2026/09/29 19:57:51.390, 67, 89.21 W, 68 %, 1890 MHz, 0x0000000000000000
2026/09/29 19:58:01.407, 67, 88.82 W, 68 %, 1890 MHz, 0x0000000000000000
2026/09/29 19:58:11.427, 67, 88.61 W, 68 %, 1890 MHz, 0x0000000000000000
2026/09/29 19:58:21.444, 67, 89.25 W, 67 %, 1890 MHz, 0x0000000000000000
2026/09/29 19:58:31.461, 68, 88.51 W, 69 %, 1890 MHz, 0x0000000000000000
2026/09/29 19:58:41.478, 68, 89.56 W, 68 %, 1890 MHz, 0x0000000000000000
2026/09/29 19:58:51.496, 68, 89.47 W, 67 %, 1890 MHz, 0x0000000000000000
2026/09/29 19:59:01.512, 68, 90.03 W, 68 %, 1890 MHz, 0x0000000000000000
2026/09/29 19:59:11.528, 68, 89.99 W, 68 %, 1890 MHz, 0x0000000000000000
2026/09/29 19:59:21.546, 68, 89.55 W, 68 %, 1890 MHz, 0x0000000000000000
2026/09/29 19:59:31.564, 69, 89.86 W, 68 %, 1890 MHz, 0x0000000000000000
2026/09/29 19:59:41.581, 69, 90.73 W, 68 %, 1890 MHz, 0x0000000000000000
2026/09/29 19:59:51.598, 69, 89.75 W, 67 %, 1890 MHz, 0x0000000000000000
2026/09/29 20:00:01.616, 69, 90.36 W, 68 %, 1890 MHz, 0x0000000000000000
2026/09/29 20:00:11.633, 69, 89.94 W, 67 %, 1890 MHz, 0x0000000000000000
2026/09/29 20:00:21.651, 69, 90.43 W, 67 %, 1890 MHz, 0x0000000000000000
2026/09/29 20:00:31.671, 69, 90.14 W, 67 %, 1890 MHz, 0x0000000000000000
2026/09/29 20:00:41.690, 69, 90.46 W, 68 %, 1890 MHz, 0x0000000000000000
2026/09/29 20:00:51.708, 70, 90.08 W, 68 %, 1890 MHz, 0x0000000000000000
2026/09/29 20:01:01.726, 70, 90.82 W, 68 %, 1890 MHz, 0x0000000000000000
2026/09/29 20:01:11.743, 70, 90.73 W, 67 %, 1890 MHz, 0x0000000000000000
2026/09/29 20:01:21.761, 70, 91.22 W, 68 %, 1890 MHz, 0x0000000000000000
2026/09/29 20:01:31.778, 70, 91.01 W, 67 %, 1890 MHz, 0x0000000000000000
2026/09/29 20:01:41.795, 70, 91.65 W, 66 %, 1890 MHz, 0x0000000000000000
2026/09/29 20:01:51.812, 70, 91.18 W, 67 %, 1890 MHz, 0x0000000000000000
2026/09/29 20:02:01.830, 70, 91.01 W, 67 %, 1890 MHz, 0x0000000000000000
2026/09/29 20:02:11.847, 70, 91.65 W, 67 %, 1890 MHz, 0x0000000000000000
2026/09/29 20:02:21.864, 70, 90.99 W, 67 %, 1890 MHz, 0x0000000000000000
2026/09/29 20:02:31.883, 70, 91.35 W, 67 %, 1890 MHz, 0x0000000000000000
2026/09/29 20:02:41.898, 70, 92.11 W, 67 %, 1890 MHz, 0x0000000000000000
2026/09/29 20:02:51.914, 70, 91.37 W, 67 %, 1890 MHz, 0x0000000000000000
2026/09/29 20:03:01.930, 71, 91.85 W, 67 %, 1890 MHz, 0x0000000000000000
2026/09/29 20:03:11.946, 71, 91.68 W, 67 %, 1890 MHz, 0x0000000000000000
2026/09/29 20:03:21.962, 71, 92.00 W, 66 %, 1890 MHz, 0x0000000000000000
2026/09/29 20:03:31.979, 71, 92.08 W, 67 %, 1890 MHz, 0x0000000000000000
2026/09/29 20:03:41.995, 71, 92.00 W, 67 %, 1890 MHz, 0x0000000000000000
2026/09/29 20:03:52.011, 71, 91.93 W, 68 %, 1890 MHz, 0x0000000000000000
2026/09/29 20:04:02.027, 71, 92.02 W, 68 %, 1890 MHz, 0x0000000000000000
2026/09/29 20:04:12.048, 71, 91.77 W, 67 %, 1890 MHz, 0x0000000000000000
2026/09/29 20:04:22.067, 71, 92.14 W, 67 %, 1890 MHz, 0x0000000000000000
2026/09/29 20:04:32.083, 71, 91.88 W, 68 %, 1890 MHz, 0x0000000000000000
2026/09/29 20:04:42.099, 71, 92.16 W, 67 %, 1890 MHz, 0x0000000000000000
2026/09/29 20:04:52.115, 71, 92.33 W, 68 %, 1890 MHz, 0x0000000000000000
2026/09/29 20:05:02.132, 71, 91.58 W, 68 %, 1875 MHz, 0x0000000000000000
2026/09/29 20:05:12.148, 71, 91.72 W, 67 %, 1875 MHz, 0x0000000000000000
2026/09/29 20:05:22.164, 71, 92.00 W, 67 %, 1875 MHz, 0x0000000000000000
2026/09/29 20:05:32.182, 71, 91.50 W, 68 %, 1875 MHz, 0x0000000000000000
2026/09/29 20:05:42.198, 71, 92.30 W, 67 %, 1875 MHz, 0x0000000000000000
2026/09/29 20:05:52.214, 71, 91.51 W, 67 %, 1875 MHz, 0x0000000000000000
2026/09/29 20:06:02.226, 71, 91.62 W, 67 %, 1875 MHz, 0x0000000000000000
2026/09/29 20:06:12.238, 71, 91.78 W, 68 %, 1875 MHz, 0x0000000000000000
2026/09/29 20:06:22.250, 71, 91.91 W, 67 %, 1875 MHz, 0x0000000000000000
2026/09/29 20:06:32.262, 71, 92.67 W, 67 %, 1875 MHz, 0x0000000000000000
2026/09/29 20:06:42.276, 71, 91.97 W, 67 %, 1875 MHz, 0x0000000000000000
2026/09/29 20:06:52.289, 72, 92.59 W, 68 %, 1875 MHz, 0x0000000000000000
2026/09/29 20:07:02.301, 72, 92.35 W, 68 %, 1875 MHz, 0x0000000000000000
2026/09/29 20:07:12.314, 72, 91.98 W, 67 %, 1875 MHz, 0x0000000000000000
2026/09/29 20:07:22.328, 72, 92.34 W, 68 %, 1875 MHz, 0x0000000000000000
2026/09/29 20:07:32.342, 72, 92.00 W, 68 %, 1875 MHz, 0x0000000000000000
2026/09/29 20:07:42.358, 72, 91.80 W, 68 %, 1875 MHz, 0x0000000000000000
2026/09/29 20:07:52.373, 72, 91.80 W, 67 %, 1875 MHz, 0x0000000000000000
2026/09/29 20:08:02.386, 72, 92.06 W, 68 %, 1875 MHz, 0x0000000000000000
2026/09/29 20:08:12.400, 72, 92.34 W, 68 %, 1875 MHz, 0x0000000000000000
2026/09/29 20:08:22.414, 72, 92.00 W, 68 %, 1875 MHz, 0x0000000000000000
2026/09/29 20:08:32.429, 72, 91.68 W, 67 %, 1875 MHz, 0x0000000000000000
2026/09/29 20:08:42.444, 72, 91.71 W, 67 %, 1875 MHz, 0x0000000000000000
2026/09/29 20:08:52.461, 72, 91.63 W, 67 %, 1875 MHz, 0x0000000000000000
2026/09/29 20:09:02.477, 72, 91.86 W, 68 %, 1875 MHz, 0x0000000000000000
2026/09/29 20:09:12.492, 72, 91.83 W, 69 %, 1875 MHz, 0x0000000000000000
2026/09/29 20:09:22.507, 72, 92.25 W, 68 %, 1875 MHz, 0x0000000000000000
2026/09/29 20:09:32.521, 72, 90.62 W, 67 %, 1875 MHz, 0x0000000000000000
2026/09/29 20:09:42.536, 72, 91.76 W, 67 %, 1875 MHz, 0x0000000000000000
2026/09/29 20:09:52.553, 72, 91.94 W, 67 %, 1875 MHz, 0x0000000000000000
2026/09/29 20:10:02.569, 72, 90.75 W, 68 %, 1875 MHz, 0x0000000000000000
2026/09/29 20:10:12.586, 72, 92.37 W, 68 %, 1875 MHz, 0x0000000000000000
2026/09/29 20:10:22.602, 72, 91.81 W, 68 %, 1875 MHz, 0x0000000000000000
2026/09/29 20:10:32.619, 72, 91.87 W, 67 %, 1875 MHz, 0x0000000000000000
2026/09/29 20:10:42.634, 72, 92.36 W, 68 %, 1875 MHz, 0x0000000000000000
2026/09/29 20:10:52.649, 72, 92.67 W, 68 %, 1875 MHz, 0x0000000000000000
2026/09/29 20:11:02.666, 72, 92.21 W, 68 %, 1875 MHz, 0x0000000000000000
2026/09/29 20:11:12.685, 72, 92.35 W, 68 %, 1875 MHz, 0x0000000000000000
2026/09/29 20:11:22.700, 72, 92.85 W, 67 %, 1875 MHz, 0x0000000000000000
2026/09/29 20:11:32.715, 72, 92.47 W, 68 %, 1875 MHz, 0x0000000000000000
2026/09/29 20:11:42.730, 72, 92.59 W, 68 %, 1875 MHz, 0x0000000000000000
2026/09/29 20:11:52.746, 72, 92.52 W, 68 %, 1875 MHz, 0x0000000000000000
2026/09/29 20:12:02.761, 72, 92.18 W, 66 %, 1875 MHz, 0x0000000000000000
2026/09/29 20:12:12.778, 72, 92.57 W, 68 %, 1875 MHz, 0x0000000000000000
2026/09/29 20:12:22.793, 72, 92.68 W, 67 %, 1875 MHz, 0x0000000000000000
2026/09/29 20:12:32.809, 72, 92.71 W, 66 %, 1875 MHz, 0x0000000000000000
2026/09/29 20:12:42.826, 72, 92.45 W, 68 %, 1875 MHz, 0x0000000000000000
2026/09/29 20:12:52.842, 72, 92.64 W, 67 %, 1875 MHz, 0x0000000000000000
2026/09/29 20:13:02.857, 72, 93.40 W, 67 %, 1875 MHz, 0x0000000000000000
2026/09/29 20:13:12.873, 72, 92.43 W, 67 %, 1875 MHz, 0x0000000000000000
2026/09/29 20:13:22.891, 72, 92.55 W, 67 %, 1875 MHz, 0x0000000000000000
2026/09/29 20:13:32.908, 72, 93.24 W, 68 %, 1875 MHz, 0x0000000000000000
2026/09/29 20:13:42.924, 72, 92.85 W, 68 %, 1875 MHz, 0x0000000000000000
2026/09/29 20:13:52.940, 72, 92.63 W, 67 %, 1875 MHz, 0x0000000000000000
2026/09/29 20:14:02.956, 72, 92.38 W, 68 %, 1875 MHz, 0x0000000000000000
2026/09/29 20:14:12.972, 72, 92.92 W, 67 %, 1875 MHz, 0x0000000000000000
2026/09/29 20:14:22.987, 72, 92.90 W, 67 %, 1875 MHz, 0x0000000000000000
2026/09/29 20:14:33.001, 72, 92.44 W, 68 %, 1875 MHz, 0x0000000000000000
2026/09/29 20:14:43.016, 72, 92.29 W, 67 %, 1875 MHz, 0x0000000000000000
2026/09/29 20:14:53.031, 72, 92.46 W, 67 %, 1875 MHz, 0x0000000000000000
2026/09/29 20:15:03.046, 72, 92.41 W, 68 %, 1875 MHz, 0x0000000000000000
2026/09/29 20:15:13.061, 73, 92.61 W, 68 %, 1875 MHz, 0x0000000000000000
2026/09/29 20:15:23.076, 73, 93.37 W, 67 %, 1875 MHz, 0x0000000000000000
2026/09/29 20:15:33.091, 73, 92.78 W, 68 %, 1875 MHz, 0x0000000000000000
2026/09/29 20:15:43.106, 73, 92.61 W, 68 %, 1875 MHz, 0x0000000000000000
2026/09/29 20:15:53.121, 73, 92.80 W, 68 %, 1875 MHz, 0x0000000000000000
2026/09/29 20:16:03.136, 73, 92.80 W, 68 %, 1875 MHz, 0x0000000000000000
2026/09/29 20:16:13.150, 73, 92.74 W, 67 %, 1875 MHz, 0x0000000000000000
2026/09/29 20:16:23.165, 73, 93.13 W, 68 %, 1875 MHz, 0x0000000000000000
2026/09/29 20:16:33.182, 73, 93.59 W, 68 %, 1875 MHz, 0x0000000000000000
2026/09/29 20:16:43.198, 73, 92.64 W, 67 %, 1875 MHz, 0x0000000000000000
2026/09/29 20:16:53.214, 73, 92.81 W, 68 %, 1875 MHz, 0x0000000000000000
2026/09/29 20:17:03.232, 73, 93.06 W, 67 %, 1875 MHz, 0x0000000000000000
2026/09/29 20:17:13.248, 73, 93.03 W, 68 %, 1875 MHz, 0x0000000000000000
2026/09/29 20:17:23.264, 73, 92.94 W, 68 %, 1875 MHz, 0x0000000000000000
2026/09/29 20:17:33.279, 73, 93.11 W, 67 %, 1875 MHz, 0x0000000000000000
2026/09/29 20:17:43.295, 73, 92.62 W, 67 %, 1875 MHz, 0x0000000000000000
2026/09/29 20:17:53.312, 73, 92.88 W, 67 %, 1875 MHz, 0x0000000000000000
2026/09/29 20:18:03.328, 73, 92.98 W, 67 %, 1875 MHz, 0x0000000000000000
2026/09/29 20:18:13.344, 73, 93.20 W, 67 %, 1875 MHz, 0x0000000000000000
2026/09/29 20:18:23.360, 73, 93.71 W, 68 %, 1875 MHz, 0x0000000000000000
2026/09/29 20:18:33.375, 73, 93.37 W, 68 %, 1875 MHz, 0x0000000000000000
2026/09/29 20:18:43.391, 73, 93.21 W, 67 %, 1875 MHz, 0x0000000000000000
2026/09/29 20:18:53.408, 73, 93.33 W, 68 %, 1875 MHz, 0x0000000000000000
2026/09/29 20:19:03.424, 73, 93.63 W, 67 %, 1875 MHz, 0x0000000000000000
2026/09/29 20:19:13.440, 73, 93.39 W, 68 %, 1875 MHz, 0x0000000000000000
2026/09/29 20:19:23.455, 73, 93.48 W, 68 %, 1875 MHz, 0x0000000000000000
2026/09/29 20:19:33.470, 73, 93.93 W, 68 %, 1875 MHz, 0x0000000000000000
2026/09/29 20:19:43.486, 73, 93.67 W, 68 %, 1875 MHz, 0x0000000000000000
2026/09/29 20:19:53.500, 73, 93.11 W, 67 %, 1875 MHz, 0x0000000000000000
2026/09/29 20:20:03.517, 73, 92.90 W, 67 %, 1875 MHz, 0x0000000000000000
2026/09/29 20:20:13.534, 73, 92.93 W, 67 %, 1875 MHz, 0x0000000000000000
2026/09/29 20:20:23.550, 73, 92.93 W, 67 %, 1875 MHz, 0x0000000000000000
2026/09/29 20:20:33.565, 73, 93.86 W, 68 %, 1875 MHz, 0x0000000000000000
2026/09/29 20:20:43.580, 73, 92.98 W, 68 %, 1875 MHz, 0x0000000000000000
2026/09/29 20:20:53.598, 73, 92.42 W, 68 %, 1875 MHz, 0x0000000000000000
2026/09/29 20:21:03.615, 73, 92.51 W, 68 %, 1875 MHz, 0x0000000000000000
2026/09/29 20:21:13.631, 73, 93.64 W, 68 %, 1875 MHz, 0x0000000000000000
2026/09/29 20:21:23.649, 73, 93.41 W, 67 %, 1875 MHz, 0x0000000000000000
2026/09/29 20:21:33.665, 73, 93.36 W, 67 %, 1875 MHz, 0x0000000000000000
2026/09/29 20:21:43.681, 73, 93.33 W, 68 %, 1875 MHz, 0x0000000000000000
2026/09/29 20:21:53.700, 73, 93.04 W, 67 %, 1875 MHz, 0x0000000000000000
2026/09/29 20:22:03.714, 73, 93.38 W, 67 %, 1875 MHz, 0x0000000000000000
2026/09/29 20:22:13.731, 73, 93.02 W, 68 %, 1875 MHz, 0x0000000000000000
2026/09/29 20:22:23.747, 73, 93.57 W, 68 %, 1875 MHz, 0x0000000000000000
2026/09/29 20:22:33.762, 73, 93.35 W, 68 %, 1875 MHz, 0x0000000000000000
2026/09/29 20:22:43.778, 73, 93.04 W, 68 %, 1875 MHz, 0x0000000000000000
2026/09/29 20:22:53.793, 73, 93.33 W, 68 %, 1875 MHz, 0x0000000000000000
2026/09/29 20:23:03.808, 73, 93.39 W, 68 %, 1875 MHz, 0x0000000000000000
2026/09/29 20:23:13.823, 73, 92.99 W, 68 %, 1875 MHz, 0x0000000000000000
2026/09/29 20:23:23.839, 73, 92.75 W, 68 %, 1875 MHz, 0x0000000000000000
2026/09/29 20:23:33.855, 73, 93.38 W, 67 %, 1875 MHz, 0x0000000000000000
2026/09/29 20:23:43.870, 73, 93.55 W, 68 %, 1875 MHz, 0x0000000000000000
2026/09/29 20:23:53.885, 73, 93.17 W, 68 %, 1875 MHz, 0x0000000000000000
2026/09/29 20:24:03.901, 73, 92.96 W, 67 %, 1875 MHz, 0x0000000000000000
2026/09/29 20:24:13.916, 73, 93.29 W, 68 %, 1875 MHz, 0x0000000000000000
2026/09/29 20:24:23.932, 73, 93.09 W, 67 %, 1875 MHz, 0x0000000000000000
2026/09/29 20:24:33.948, 73, 93.39 W, 68 %, 1875 MHz, 0x0000000000000000
2026/09/29 20:24:43.964, 73, 93.76 W, 67 %, 1875 MHz, 0x0000000000000000
2026/09/29 20:24:53.979, 73, 92.87 W, 68 %, 1875 MHz, 0x0000000000000000
2026/09/29 20:25:03.994, 73, 93.68 W, 68 %, 1875 MHz, 0x0000000000000000
2026/09/29 20:25:14.009, 73, 92.86 W, 67 %, 1875 MHz, 0x0000000000000000
2026/09/29 20:25:24.024, 73, 93.01 W, 68 %, 1875 MHz, 0x0000000000000000
2026/09/29 20:25:34.041, 73, 93.41 W, 67 %, 1875 MHz, 0x0000000000000000
2026/09/29 20:25:44.059, 73, 92.95 W, 67 %, 1875 MHz, 0x0000000000000000
2026/09/29 20:25:54.074, 73, 93.64 W, 68 %, 1875 MHz, 0x0000000000000000
2026/09/29 20:26:04.091, 73, 92.28 W, 68 %, 1875 MHz, 0x0000000000000000
2026/09/29 20:26:14.107, 73, 91.78 W, 67 %, 1875 MHz, 0x0000000000000000
2026/09/29 20:26:24.122, 73, 92.57 W, 68 %, 1875 MHz, 0x0000000000000000
2026/09/29 20:26:34.137, 74, 94.27 W, 69 %, 1875 MHz, 0x0000000000000000
2026/09/29 20:26:44.152, 74, 97.18 W, 69 %, 1875 MHz, 0x0000000000000000
2026/09/29 20:26:54.169, 74, 96.76 W, 69 %, 1875 MHz, 0x0000000000000000
2026/09/29 20:27:04.185, 74, 96.17 W, 68 %, 1875 MHz, 0x0000000000000000
2026/09/29 20:27:14.201, 74, 96.64 W, 68 %, 1875 MHz, 0x0000000000000000
2026/09/29 20:27:24.218, 74, 96.86 W, 69 %, 1875 MHz, 0x0000000000000000
2026/09/29 20:27:34.233, 74, 96.92 W, 68 %, 1875 MHz, 0x0000000000000000
2026/09/29 20:27:44.248, 74, 96.63 W, 68 %, 1875 MHz, 0x0000000000000000
2026/09/29 20:27:54.263, 74, 96.89 W, 68 %, 1875 MHz, 0x0000000000000000
2026/09/29 20:28:04.280, 74, 97.47 W, 68 %, 1875 MHz, 0x0000000000000000
2026/09/29 20:28:14.295, 74, 97.22 W, 68 %, 1875 MHz, 0x0000000000000000
2026/09/29 20:28:24.311, 74, 97.42 W, 69 %, 1875 MHz, 0x0000000000000000
2026/09/29 20:28:34.327, 74, 97.67 W, 70 %, 1875 MHz, 0x0000000000000000
2026/09/29 20:28:44.345, 74, 96.44 W, 69 %, 1875 MHz, 0x0000000000000000
2026/09/29 20:28:54.360, 74, 96.83 W, 69 %, 1875 MHz, 0x0000000000000000
2026/09/29 20:29:04.375, 74, 96.47 W, 69 %, 1875 MHz, 0x0000000000000000
2026/09/29 20:29:14.390, 74, 96.82 W, 69 %, 1875 MHz, 0x0000000000000000
2026/09/29 20:29:24.406, 74, 97.00 W, 69 %, 1875 MHz, 0x0000000000000000
2026/09/29 20:29:34.421, 74, 96.84 W, 69 %, 1875 MHz, 0x0000000000000000
2026/09/29 20:29:44.436, 74, 97.42 W, 70 %, 1875 MHz, 0x0000000000000000
2026/09/29 20:29:54.451, 74, 96.81 W, 70 %, 1875 MHz, 0x0000000000000000
2026/09/29 20:30:04.470, 74, 97.75 W, 69 %, 1875 MHz, 0x0000000000000000
2026/09/29 20:30:14.486, 74, 96.79 W, 68 %, 1875 MHz, 0x0000000000000000
2026/09/29 20:30:24.503, 74, 97.57 W, 69 %, 1875 MHz, 0x0000000000000000
2026/09/29 20:30:34.519, 74, 97.08 W, 70 %, 1875 MHz, 0x0000000000000000
2026/09/29 20:30:44.535, 74, 97.14 W, 70 %, 1875 MHz, 0x0000000000000000
2026/09/29 20:30:54.550, 74, 97.48 W, 68 %, 1875 MHz, 0x0000000000000000
2026/09/29 20:31:04.566, 74, 97.72 W, 68 %, 1875 MHz, 0x0000000000000000
2026/09/29 20:31:14.583, 74, 96.61 W, 69 %, 1875 MHz, 0x0000000000000000
2026/09/29 20:31:24.601, 74, 97.46 W, 70 %, 1875 MHz, 0x0000000000000000
2026/09/29 20:31:34.617, 75, 98.04 W, 70 %, 1875 MHz, 0x0000000000000000
2026/09/29 20:31:44.633, 74, 97.10 W, 70 %, 1875 MHz, 0x0000000000000000
2026/09/29 20:31:54.649, 75, 96.81 W, 69 %, 1875 MHz, 0x0000000000000000
2026/09/29 20:32:04.666, 74, 96.82 W, 69 %, 1875 MHz, 0x0000000000000000
2026/09/29 20:32:14.686, 74, 96.63 W, 70 %, 1875 MHz, 0x0000000000000000
2026/09/29 20:32:24.702, 74, 96.44 W, 70 %, 1875 MHz, 0x0000000000000000
2026/09/29 20:32:34.717, 74, 96.56 W, 70 %, 1875 MHz, 0x0000000000000000
2026/09/29 20:32:44.736, 74, 96.77 W, 70 %, 1875 MHz, 0x0000000000000000
2026/09/29 20:32:54.751, 74, 97.20 W, 69 %, 1875 MHz, 0x0000000000000000
2026/09/29 20:33:04.766, 74, 96.55 W, 69 %, 1875 MHz, 0x0000000000000000
2026/09/29 20:33:14.782, 74, 96.42 W, 68 %, 1875 MHz, 0x0000000000000000
2026/09/29 20:33:24.797, 74, 96.08 W, 70 %, 1875 MHz, 0x0000000000000000
2026/09/29 20:33:34.813, 74, 96.64 W, 69 %, 1875 MHz, 0x0000000000000000
2026/09/29 20:33:44.829, 74, 96.16 W, 70 %, 1875 MHz, 0x0000000000000000
2026/09/29 20:33:54.846, 74, 97.07 W, 70 %, 1875 MHz, 0x0000000000000000
2026/09/29 20:34:04.862, 74, 96.69 W, 70 %, 1875 MHz, 0x0000000000000000
2026/09/29 20:34:14.878, 74, 97.05 W, 70 %, 1875 MHz, 0x0000000000000000
2026/09/29 20:34:24.897, 74, 96.85 W, 70 %, 1875 MHz, 0x0000000000000000
2026/09/29 20:34:34.914, 74, 95.93 W, 69 %, 1875 MHz, 0x0000000000000000
2026/09/29 20:34:44.929, 74, 94.63 W, 70 %, 1875 MHz, 0x0000000000000000
2026/09/29 20:34:54.944, 74, 96.52 W, 70 %, 1875 MHz, 0x0000000000000000
2026/09/29 20:35:04.961, 74, 96.79 W, 69 %, 1875 MHz, 0x0000000000000000
2026/09/29 20:35:14.976, 74, 96.90 W, 70 %, 1875 MHz, 0x0000000000000000
2026/09/29 20:35:24.991, 74, 96.08 W, 69 %, 1875 MHz, 0x0000000000000000
2026/09/29 20:35:35.006, 74, 93.99 W, 68 %, 1875 MHz, 0x0000000000000000
2026/09/29 20:35:45.021, 74, 93.65 W, 68 %, 1875 MHz, 0x0000000000000000
2026/09/29 20:35:55.037, 74, 94.24 W, 67 %, 1875 MHz, 0x0000000000000000
2026/09/29 20:36:05.052, 74, 93.46 W, 67 %, 1875 MHz, 0x0000000000000000
2026/09/29 20:36:15.068, 74, 93.66 W, 67 %, 1875 MHz, 0x0000000000000000
2026/09/29 20:36:25.084, 74, 93.51 W, 67 %, 1875 MHz, 0x0000000000000000
2026/09/29 20:36:35.099, 74, 93.64 W, 67 %, 1875 MHz, 0x0000000000000000
2026/09/29 20:36:45.113, 74, 93.21 W, 67 %, 1875 MHz, 0x0000000000000000
2026/09/29 20:36:55.129, 74, 92.96 W, 68 %, 1875 MHz, 0x0000000000000000
2026/09/29 20:37:05.144, 74, 93.52 W, 61 %, 1875 MHz, 0x0000000000000000
2026/09/29 20:37:15.160, 74, 93.45 W, 67 %, 1875 MHz, 0x0000000000000000
2026/09/29 20:37:25.176, 74, 93.21 W, 67 %, 1875 MHz, 0x0000000000000000
2026/09/29 20:37:35.191, 74, 93.29 W, 66 %, 1875 MHz, 0x0000000000000000
2026/09/29 20:37:45.207, 74, 92.88 W, 67 %, 1875 MHz, 0x0000000000000000
2026/09/29 20:37:55.222, 74, 94.02 W, 66 %, 1875 MHz, 0x0000000000000000
2026/09/29 20:38:05.238, 74, 93.02 W, 67 %, 1875 MHz, 0x0000000000000000
2026/09/29 20:38:15.253, 74, 92.97 W, 67 %, 1875 MHz, 0x0000000000000000
2026/09/29 20:38:25.268, 74, 93.17 W, 68 %, 1875 MHz, 0x0000000000000000
2026/09/29 20:38:35.283, 73, 93.07 W, 67 %, 1875 MHz, 0x0000000000000000
2026/09/29 20:38:45.298, 74, 93.27 W, 67 %, 1875 MHz, 0x0000000000000000
2026/09/29 20:38:55.314, 73, 92.83 W, 68 %, 1875 MHz, 0x0000000000000000
2026/09/29 20:39:05.332, 74, 92.93 W, 67 %, 1875 MHz, 0x0000000000000000
2026/09/29 20:39:15.347, 73, 92.92 W, 67 %, 1875 MHz, 0x0000000000000000
2026/09/29 20:39:25.363, 73, 93.07 W, 67 %, 1875 MHz, 0x0000000000000000
2026/09/29 20:39:35.378, 74, 93.26 W, 67 %, 1875 MHz, 0x0000000000000000
2026/09/29 20:39:45.393, 73, 92.68 W, 67 %, 1875 MHz, 0x0000000000000000
2026/09/29 20:39:55.408, 73, 92.62 W, 67 %, 1875 MHz, 0x0000000000000000
2026/09/29 20:40:05.423, 73, 92.93 W, 67 %, 1875 MHz, 0x0000000000000000
2026/09/29 20:40:15.438, 73, 93.70 W, 67 %, 1875 MHz, 0x0000000000000000
2026/09/29 20:40:25.453, 73, 93.19 W, 67 %, 1875 MHz, 0x0000000000000000
2026/09/29 20:40:35.469, 73, 92.40 W, 67 %, 1875 MHz, 0x0000000000000000
2026/09/29 20:40:45.486, 73, 92.83 W, 67 %, 1875 MHz, 0x0000000000000000
2026/09/29 20:40:55.500, 73, 93.15 W, 67 %, 1875 MHz, 0x0000000000000000
2026/09/29 20:41:05.516, 73, 93.33 W, 68 %, 1875 MHz, 0x0000000000000000
2026/09/29 20:41:15.531, 73, 93.12 W, 67 %, 1875 MHz, 0x0000000000000000
2026/09/29 20:41:25.546, 73, 92.84 W, 67 %, 1875 MHz, 0x0000000000000000
2026/09/29 20:41:35.563, 73, 92.73 W, 67 %, 1875 MHz, 0x0000000000000000
2026/09/29 20:41:45.579, 74, 93.07 W, 68 %, 1875 MHz, 0x0000000000000000
2026/09/29 20:41:55.594, 73, 93.24 W, 68 %, 1875 MHz, 0x0000000000000000
2026/09/29 20:42:05.609, 73, 92.83 W, 68 %, 1875 MHz, 0x0000000000000000
2026/09/29 20:42:15.625, 73, 93.17 W, 67 %, 1875 MHz, 0x0000000000000000
2026/09/29 20:42:25.640, 73, 92.94 W, 67 %, 1875 MHz, 0x0000000000000000
2026/09/29 20:42:35.655, 73, 93.36 W, 67 %, 1875 MHz, 0x0000000000000000
2026/09/29 20:42:45.672, 73, 79.57 W, 67 %, 1875 MHz, 0x0000000000000000
2026/09/29 20:42:55.689, 73, 93.11 W, 68 %, 1875 MHz, 0x0000000000000000
2026/09/29 20:43:05.705, 73, 93.16 W, 68 %, 1875 MHz, 0x0000000000000000
2026/09/29 20:43:15.721, 73, 93.53 W, 67 %, 1875 MHz, 0x0000000000000000
2026/09/29 20:43:25.737, 73, 93.10 W, 67 %, 1875 MHz, 0x0000000000000000
2026/09/29 20:43:35.755, 73, 93.29 W, 67 %, 1875 MHz, 0x0000000000000000
2026/09/29 20:43:45.770, 73, 92.82 W, 67 %, 1875 MHz, 0x0000000000000000
2026/09/29 20:43:55.786, 73, 92.63 W, 67 %, 1875 MHz, 0x0000000000000000
2026/09/29 20:44:05.802, 74, 92.74 W, 67 %, 1875 MHz, 0x0000000000000000
2026/09/29 20:44:15.817, 73, 93.25 W, 67 %, 1875 MHz, 0x0000000000000000
2026/09/29 20:44:25.833, 73, 92.69 W, 67 %, 1875 MHz, 0x0000000000000000
2026/09/29 20:44:35.847, 73, 92.71 W, 68 %, 1875 MHz, 0x0000000000000000
2026/09/29 20:44:45.862, 73, 93.14 W, 67 %, 1875 MHz, 0x0000000000000000
2026/09/29 20:44:55.879, 73, 92.93 W, 68 %, 1875 MHz, 0x0000000000000000
2026/09/29 20:45:05.896, 73, 93.01 W, 67 %, 1875 MHz, 0x0000000000000000
2026/09/29 20:45:15.911, 73, 92.85 W, 67 %, 1875 MHz, 0x0000000000000000
2026/09/29 20:45:25.926, 73, 93.00 W, 67 %, 1875 MHz, 0x0000000000000000
2026/09/29 20:45:35.941, 73, 92.90 W, 61 %, 1875 MHz, 0x0000000000000000
2026/09/29 20:45:45.956, 73, 92.90 W, 67 %, 1875 MHz, 0x0000000000000000
2026/09/29 20:45:55.971, 73, 92.89 W, 67 %, 1875 MHz, 0x0000000000000000
2026/09/29 20:46:05.988, 73, 93.51 W, 67 %, 1875 MHz, 0x0000000000000000
2026/09/29 20:46:16.003, 73, 93.48 W, 68 %, 1875 MHz, 0x0000000000000000
2026/09/29 20:46:26.018, 73, 79.61 W, 68 %, 1875 MHz, 0x0000000000000000
2026/09/29 20:46:36.032, 73, 93.13 W, 68 %, 1875 MHz, 0x0000000000000000
2026/09/29 20:46:46.047, 73, 93.08 W, 67 %, 1875 MHz, 0x0000000000000000
2026/09/29 20:46:56.062, 73, 93.25 W, 67 %, 1875 MHz, 0x0000000000000000
2026/09/29 20:47:06.080, 73, 92.98 W, 68 %, 1875 MHz, 0x0000000000000000
2026/09/29 20:47:16.096, 73, 93.24 W, 67 %, 1875 MHz, 0x0000000000000000
2026/09/29 20:47:26.113, 73, 93.38 W, 67 %, 1875 MHz, 0x0000000000000000
2026/09/29 20:47:36.128, 73, 93.33 W, 67 %, 1875 MHz, 0x0000000000000000
2026/09/29 20:47:46.143, 73, 93.34 W, 67 %, 1875 MHz, 0x0000000000000000
2026/09/29 20:47:56.159, 73, 93.16 W, 67 %, 1875 MHz, 0x0000000000000000
2026/09/29 20:48:06.174, 73, 93.19 W, 67 %, 1875 MHz, 0x0000000000000000
2026/09/29 20:48:16.190, 73, 92.53 W, 68 %, 1875 MHz, 0x0000000000000000
2026/09/29 20:48:26.205, 73, 93.04 W, 67 %, 1875 MHz, 0x0000000000000000
2026/09/29 20:48:36.221, 73, 92.88 W, 67 %, 1875 MHz, 0x0000000000000000
2026/09/29 20:48:46.236, 73, 93.10 W, 67 %, 1875 MHz, 0x0000000000000000
2026/09/29 20:48:56.251, 73, 93.21 W, 68 %, 1875 MHz, 0x0000000000000000
2026/09/29 20:49:06.267, 73, 92.89 W, 67 %, 1875 MHz, 0x0000000000000000
2026/09/29 20:49:16.282, 73, 93.27 W, 67 %, 1875 MHz, 0x0000000000000000
2026/09/29 20:49:26.297, 73, 92.83 W, 67 %, 1875 MHz, 0x0000000000000000
2026/09/29 20:49:36.313, 73, 92.95 W, 67 %, 1875 MHz, 0x0000000000000000
2026/09/29 20:49:46.328, 73, 93.29 W, 67 %, 1875 MHz, 0x0000000000000000
2026/09/29 20:49:56.343, 73, 93.38 W, 67 %, 1875 MHz, 0x0000000000000000
2026/09/29 20:50:06.358, 73, 93.89 W, 68 %, 1875 MHz, 0x0000000000000000
2026/09/29 20:50:16.413, 73, 92.97 W, 67 %, 1875 MHz, 0x0000000000000000
2026/09/29 20:50:26.429, 73, 92.96 W, 67 %, 1875 MHz, 0x0000000000000000
2026/09/29 20:50:36.444, 73, 92.93 W, 67 %, 1875 MHz, 0x0000000000000000
2026/09/29 20:50:46.459, 73, 92.64 W, 67 %, 1875 MHz, 0x0000000000000000
2026/09/29 20:50:56.476, 73, 92.73 W, 67 %, 1875 MHz, 0x0000000000000000
2026/09/29 20:51:06.491, 73, 93.41 W, 68 %, 1875 MHz, 0x0000000000000000
2026/09/29 20:51:16.506, 73, 93.16 W, 68 %, 1875 MHz, 0x0000000000000000
2026/09/29 20:51:26.521, 73, 92.76 W, 68 %, 1875 MHz, 0x0000000000000000
2026/09/29 20:51:36.538, 73, 92.58 W, 66 %, 1875 MHz, 0x0000000000000000
2026/09/29 20:51:46.554, 73, 92.70 W, 67 %, 1875 MHz, 0x0000000000000000
2026/09/29 20:51:56.570, 73, 93.08 W, 66 %, 1875 MHz, 0x0000000000000000
2026/09/29 20:52:06.585, 73, 93.48 W, 67 %, 1875 MHz, 0x0000000000000000
2026/09/29 20:52:16.600, 73, 93.16 W, 67 %, 1875 MHz, 0x0000000000000000
2026/09/29 20:52:26.616, 73, 92.99 W, 67 %, 1875 MHz, 0x0000000000000000
2026/09/29 20:52:36.631, 73, 93.33 W, 67 %, 1875 MHz, 0x0000000000000000
2026/09/29 20:52:46.648, 73, 92.62 W, 66 %, 1875 MHz, 0x0000000000000000
2026/09/29 20:52:56.664, 73, 93.26 W, 67 %, 1875 MHz, 0x0000000000000000
2026/09/29 20:53:06.680, 73, 93.06 W, 66 %, 1875 MHz, 0x0000000000000000
2026/09/29 20:53:16.696, 73, 93.07 W, 67 %, 1875 MHz, 0x0000000000000000
2026/09/29 20:53:26.711, 73, 93.49 W, 67 %, 1875 MHz, 0x0000000000000000
2026/09/29 20:53:36.727, 73, 92.80 W, 67 %, 1875 MHz, 0x0000000000000000
2026/09/29 20:53:46.743, 73, 92.67 W, 67 %, 1875 MHz, 0x0000000000000000
2026/09/29 20:53:56.760, 73, 93.11 W, 67 %, 1875 MHz, 0x0000000000000000
2026/09/29 20:54:06.778, 73, 93.44 W, 67 %, 1875 MHz, 0x0000000000000000
2026/09/29 20:54:16.794, 73, 93.10 W, 67 %, 1875 MHz, 0x0000000000000000
2026/09/29 20:54:26.810, 73, 92.67 W, 67 %, 1875 MHz, 0x0000000000000000
2026/09/29 20:54:36.826, 73, 92.64 W, 68 %, 1875 MHz, 0x0000000000000000
2026/09/29 20:54:46.843, 73, 92.69 W, 68 %, 1875 MHz, 0x0000000000000000
2026/09/29 20:54:56.860, 73, 92.78 W, 67 %, 1875 MHz, 0x0000000000000000
2026/09/29 20:55:06.876, 73, 92.65 W, 67 %, 1875 MHz, 0x0000000000000000
2026/09/29 20:55:16.892, 73, 92.85 W, 67 %, 1875 MHz, 0x0000000000000000
2026/09/29 20:55:26.908, 73, 92.52 W, 67 %, 1875 MHz, 0x0000000000000000
2026/09/29 20:55:36.923, 73, 93.24 W, 66 %, 1875 MHz, 0x0000000000000000
2026/09/29 20:55:46.939, 73, 93.04 W, 67 %, 1875 MHz, 0x0000000000000000
2026/09/29 20:55:56.955, 73, 93.08 W, 67 %, 1875 MHz, 0x0000000000000000
2026/09/29 20:56:06.971, 73, 92.67 W, 67 %, 1875 MHz, 0x0000000000000000
2026/09/29 20:56:16.986, 73, 93.54 W, 67 %, 1875 MHz, 0x0000000000000000
2026/09/29 20:56:27.001, 73, 92.57 W, 67 %, 1875 MHz, 0x0000000000000000
2026/09/29 20:56:37.016, 73, 92.92 W, 67 %, 1875 MHz, 0x0000000000000000
2026/09/29 20:56:47.031, 73, 92.75 W, 68 %, 1875 MHz, 0x0000000000000000
2026/09/29 20:56:57.046, 73, 92.73 W, 68 %, 1875 MHz, 0x0000000000000000
2026/09/29 20:57:07.062, 73, 92.91 W, 67 %, 1875 MHz, 0x0000000000000000
2026/09/29 20:57:17.078, 73, 92.59 W, 67 %, 1875 MHz, 0x0000000000000000
2026/09/29 20:57:27.094, 73, 93.15 W, 67 %, 1875 MHz, 0x0000000000000000
2026/09/29 20:57:37.109, 73, 92.59 W, 68 %, 1875 MHz, 0x0000000000000000
2026/09/29 20:57:47.124, 73, 92.88 W, 67 %, 1875 MHz, 0x0000000000000000
2026/09/29 20:57:57.139, 73, 93.32 W, 67 %, 1875 MHz, 0x0000000000000000
2026/09/29 20:58:07.154, 73, 92.73 W, 0 %, 1875 MHz, 0x0000000000000000
2026/09/29 20:58:17.170, 73, 93.17 W, 68 %, 1875 MHz, 0x0000000000000000
2026/09/29 20:58:27.185, 73, 92.91 W, 68 %, 1875 MHz, 0x0000000000000000
2026/09/29 20:58:37.200, 73, 92.83 W, 68 %, 1875 MHz, 0x0000000000000000
2026/09/29 20:58:47.216, 73, 92.73 W, 68 %, 1875 MHz, 0x0000000000000000
2026/09/29 20:58:57.231, 73, 92.68 W, 67 %, 1875 MHz, 0x0000000000000000
2026/09/29 20:59:07.246, 73, 93.06 W, 67 %, 1875 MHz, 0x0000000000000000
2026/09/29 20:59:17.262, 73, 92.98 W, 67 %, 1875 MHz, 0x0000000000000000
2026/09/29 20:59:27.278, 73, 92.90 W, 67 %, 1875 MHz, 0x0000000000000000
2026/09/29 20:59:37.296, 73, 92.74 W, 67 %, 1875 MHz, 0x0000000000000000
2026/09/29 20:59:47.311, 73, 92.88 W, 67 %, 1875 MHz, 0x0000000000000000
2026/09/29 20:59:57.326, 73, 93.14 W, 67 %, 1875 MHz, 0x0000000000000000
2026/09/29 21:00:07.341, 73, 92.42 W, 67 %, 1875 MHz, 0x0000000000000000
2026/09/29 21:00:17.356, 73, 92.71 W, 67 %, 1875 MHz, 0x0000000000000000
2026/09/29 21:00:27.375, 73, 92.68 W, 67 %, 1875 MHz, 0x0000000000000000
2026/09/29 21:00:37.390, 73, 92.22 W, 67 %, 1875 MHz, 0x0000000000000000
2026/09/29 21:00:47.405, 73, 93.01 W, 68 %, 1875 MHz, 0x0000000000000000
2026/09/29 21:00:57.421, 73, 92.70 W, 67 %, 1875 MHz, 0x0000000000000000
2026/09/29 21:01:07.436, 73, 92.93 W, 67 %, 1875 MHz, 0x0000000000000000
2026/09/29 21:01:17.451, 73, 92.75 W, 67 %, 1875 MHz, 0x0000000000000000
2026/09/29 21:01:27.466, 73, 93.62 W, 67 %, 1875 MHz, 0x0000000000000000
2026/09/29 21:01:37.481, 73, 92.49 W, 67 %, 1875 MHz, 0x0000000000000000
2026/09/29 21:01:47.496, 73, 92.45 W, 67 %, 1875 MHz, 0x0000000000000000
2026/09/29 21:01:57.511, 73, 92.11 W, 67 %, 1875 MHz, 0x0000000000000000
2026/09/29 21:02:07.526, 73, 93.01 W, 68 %, 1875 MHz, 0x0000000000000000
2026/09/29 21:02:17.541, 73, 92.72 W, 66 %, 1875 MHz, 0x0000000000000000
2026/09/29 21:02:27.556, 73, 92.77 W, 67 %, 1875 MHz, 0x0000000000000000
2026/09/29 21:02:37.572, 73, 92.58 W, 68 %, 1875 MHz, 0x0000000000000000
2026/09/29 21:02:47.588, 73, 92.34 W, 67 %, 1875 MHz, 0x0000000000000000
2026/09/29 21:02:57.603, 73, 92.99 W, 67 %, 1875 MHz, 0x0000000000000000
2026/09/29 21:03:07.618, 73, 92.95 W, 68 %, 1875 MHz, 0x0000000000000000
2026/09/29 21:03:17.634, 73, 92.77 W, 67 %, 1875 MHz, 0x0000000000000000
2026/09/29 21:03:27.650, 73, 92.70 W, 68 %, 1875 MHz, 0x0000000000000000
2026/09/29 21:03:37.666, 73, 93.03 W, 67 %, 1875 MHz, 0x0000000000000000
2026/09/29 21:03:47.682, 73, 93.15 W, 67 %, 1875 MHz, 0x0000000000000000
2026/09/29 21:03:57.697, 73, 92.91 W, 66 %, 1875 MHz, 0x0000000000000000
2026/09/29 21:04:07.712, 73, 93.06 W, 67 %, 1875 MHz, 0x0000000000000000
2026/09/29 21:04:17.727, 73, 93.04 W, 66 %, 1875 MHz, 0x0000000000000000
2026/09/29 21:04:27.742, 73, 93.37 W, 67 %, 1875 MHz, 0x0000000000000000
2026/09/29 21:04:37.757, 73, 93.07 W, 67 %, 1875 MHz, 0x0000000000000000
2026/09/29 21:04:47.772, 73, 93.73 W, 67 %, 1875 MHz, 0x0000000000000000
2026/09/29 21:04:57.788, 73, 92.60 W, 66 %, 1875 MHz, 0x0000000000000000
2026/09/29 21:05:07.805, 73, 92.70 W, 67 %, 1875 MHz, 0x0000000000000000
2026/09/29 21:05:17.820, 73, 92.57 W, 67 %, 1875 MHz, 0x0000000000000000
2026/09/29 21:05:27.836, 73, 92.96 W, 67 %, 1875 MHz, 0x0000000000000000
2026/09/29 21:05:37.855, 73, 93.73 W, 66 %, 1875 MHz, 0x0000000000000000
2026/09/29 21:05:47.869, 73, 92.81 W, 67 %, 1875 MHz, 0x0000000000000000
2026/09/29 21:05:57.883, 73, 92.59 W, 68 %, 1875 MHz, 0x0000000000000000
2026/09/29 21:06:07.897, 73, 92.85 W, 67 %, 1875 MHz, 0x0000000000000000
2026/09/29 21:06:17.911, 73, 92.85 W, 67 %, 1875 MHz, 0x0000000000000000
2026/09/29 21:06:27.925, 73, 92.68 W, 67 %, 1875 MHz, 0x0000000000000000
2026/09/29 21:06:37.940, 73, 92.85 W, 67 %, 1875 MHz, 0x0000000000000000
2026/09/29 21:06:47.954, 73, 92.94 W, 66 %, 1875 MHz, 0x0000000000000000
2026/09/29 21:06:57.968, 73, 92.92 W, 67 %, 1875 MHz, 0x0000000000000000
2026/09/29 21:07:07.983, 73, 92.61 W, 67 %, 1875 MHz, 0x0000000000000000
2026/09/29 21:07:17.997, 73, 93.11 W, 67 %, 1875 MHz, 0x0000000000000000
2026/09/29 21:07:28.011, 73, 93.33 W, 68 %, 1875 MHz, 0x0000000000000000
2026/09/29 21:07:38.025, 73, 92.87 W, 67 %, 1875 MHz, 0x0000000000000000
2026/09/29 21:07:48.041, 73, 93.07 W, 67 %, 1875 MHz, 0x0000000000000000
2026/09/29 21:07:58.054, 73, 93.13 W, 67 %, 1875 MHz, 0x0000000000000000
2026/09/29 21:08:08.068, 73, 93.06 W, 67 %, 1875 MHz, 0x0000000000000000
2026/09/29 21:08:18.082, 73, 93.10 W, 67 %, 1875 MHz, 0x0000000000000000
2026/09/29 21:08:28.096, 73, 91.48 W, 67 %, 1875 MHz, 0x0000000000000000
2026/09/29 21:08:38.111, 73, 91.29 W, 68 %, 1875 MHz, 0x0000000000000000
2026/09/29 21:08:48.125, 73, 91.55 W, 67 %, 1875 MHz, 0x0000000000000000
2026/09/29 21:08:58.139, 73, 91.41 W, 67 %, 1875 MHz, 0x0000000000000000
2026/09/29 21:09:08.153, 73, 92.62 W, 67 %, 1875 MHz, 0x0000000000000000
2026/09/29 21:09:18.168, 73, 92.64 W, 67 %, 1875 MHz, 0x0000000000000000
2026/09/29 21:09:28.185, 73, 92.87 W, 67 %, 1875 MHz, 0x0000000000000000
2026/09/29 21:09:38.200, 73, 92.59 W, 67 %, 1875 MHz, 0x0000000000000000
2026/09/29 21:09:48.215, 73, 92.18 W, 67 %, 1875 MHz, 0x0000000000000000
2026/09/29 21:09:58.231, 73, 93.81 W, 67 %, 1875 MHz, 0x0000000000000000
2026/09/29 21:10:08.245, 73, 93.02 W, 68 %, 1875 MHz, 0x0000000000000000
2026/09/29 21:10:18.261, 73, 92.88 W, 67 %, 1875 MHz, 0x0000000000000000
2026/09/29 21:10:28.276, 73, 91.37 W, 68 %, 1875 MHz, 0x0000000000000000
2026/09/29 21:10:38.291, 73, 92.44 W, 67 %, 1875 MHz, 0x0000000000000000
2026/09/29 21:10:48.307, 73, 93.11 W, 66 %, 1875 MHz, 0x0000000000000000
2026/09/29 21:10:58.322, 73, 92.73 W, 67 %, 1875 MHz, 0x0000000000000000
2026/09/29 21:11:08.337, 73, 92.51 W, 68 %, 1875 MHz, 0x0000000000000000
2026/09/29 21:11:18.352, 73, 92.75 W, 67 %, 1875 MHz, 0x0000000000000000
2026/09/29 21:11:28.367, 73, 92.26 W, 67 %, 1875 MHz, 0x0000000000000000
2026/09/29 21:11:38.382, 73, 92.69 W, 66 %, 1875 MHz, 0x0000000000000000
2026/09/29 21:11:48.397, 73, 92.73 W, 67 %, 1875 MHz, 0x0000000000000000
2026/09/29 21:11:58.412, 73, 92.66 W, 67 %, 1875 MHz, 0x0000000000000000
2026/09/29 21:12:08.428, 73, 92.53 W, 66 %, 1875 MHz, 0x0000000000000000
2026/09/29 21:12:18.443, 73, 92.73 W, 67 %, 1875 MHz, 0x0000000000000000
2026/09/29 21:12:28.458, 73, 93.07 W, 66 %, 1875 MHz, 0x0000000000000000
2026/09/29 21:12:38.473, 73, 92.80 W, 67 %, 1875 MHz, 0x0000000000000000
2026/09/29 21:12:48.488, 73, 91.94 W, 66 %, 1875 MHz, 0x0000000000000000
2026/09/29 21:12:58.503, 73, 92.95 W, 66 %, 1875 MHz, 0x0000000000000000
2026/09/29 21:13:08.518, 73, 92.88 W, 67 %, 1875 MHz, 0x0000000000000000
2026/09/29 21:13:18.533, 73, 92.64 W, 66 %, 1875 MHz, 0x0000000000000000
2026/09/29 21:13:28.548, 73, 92.20 W, 67 %, 1875 MHz, 0x0000000000000000
2026/09/29 21:13:38.563, 73, 93.05 W, 66 %, 1875 MHz, 0x0000000000000000
2026/09/29 21:13:48.578, 73, 93.25 W, 67 %, 1875 MHz, 0x0000000000000000
2026/09/29 21:13:58.593, 73, 92.69 W, 66 %, 1875 MHz, 0x0000000000000000
2026/09/29 21:14:08.608, 73, 93.71 W, 67 %, 1875 MHz, 0x0000000000000000
2026/09/29 21:14:18.624, 73, 92.69 W, 67 %, 1875 MHz, 0x0000000000000000
2026/09/29 21:14:28.639, 73, 92.30 W, 67 %, 1875 MHz, 0x0000000000000000
2026/09/29 21:14:38.654, 73, 92.61 W, 67 %, 1875 MHz, 0x0000000000000000
2026/09/29 21:14:48.670, 73, 92.44 W, 67 %, 1875 MHz, 0x0000000000000000
2026/09/29 21:14:58.685, 73, 92.46 W, 67 %, 1875 MHz, 0x0000000000000000
2026/09/29 21:15:08.700, 73, 92.61 W, 66 %, 1875 MHz, 0x0000000000000000
2026/09/29 21:15:18.715, 73, 92.37 W, 67 %, 1875 MHz, 0x0000000000000000
2026/09/29 21:15:28.730, 73, 92.31 W, 67 %, 1875 MHz, 0x0000000000000000
2026/09/29 21:15:38.745, 73, 92.39 W, 66 %, 1875 MHz, 0x0000000000000000
2026/09/29 21:15:48.761, 73, 92.56 W, 67 %, 1875 MHz, 0x0000000000000000
2026/09/29 21:15:58.779, 73, 92.27 W, 67 %, 1875 MHz, 0x0000000000000000
2026/09/29 21:16:08.794, 73, 92.76 W, 55 %, 1875 MHz, 0x0000000000000000
2026/09/29 21:16:18.809, 73, 92.21 W, 66 %, 1875 MHz, 0x0000000000000000
2026/09/29 21:16:28.825, 73, 92.56 W, 66 %, 1875 MHz, 0x0000000000000000
2026/09/29 21:16:38.840, 73, 92.49 W, 66 %, 1875 MHz, 0x0000000000000000
2026/09/29 21:16:48.855, 73, 92.72 W, 67 %, 1875 MHz, 0x0000000000000000
2026/09/29 21:16:58.871, 73, 92.81 W, 67 %, 1875 MHz, 0x0000000000000000
2026/09/29 21:17:08.887, 73, 92.38 W, 67 %, 1875 MHz, 0x0000000000000000
2026/09/29 21:17:18.903, 73, 92.24 W, 67 %, 1875 MHz, 0x0000000000000000
2026/09/29 21:17:28.918, 73, 92.29 W, 67 %, 1875 MHz, 0x0000000000000000
2026/09/29 21:17:38.933, 73, 92.41 W, 66 %, 1875 MHz, 0x0000000000000000
2026/09/29 21:17:48.948, 73, 91.93 W, 66 %, 1875 MHz, 0x0000000000000000
2026/09/29 21:17:58.963, 73, 91.86 W, 66 %, 1875 MHz, 0x0000000000000000
2026/09/29 21:18:08.980, 73, 91.99 W, 66 %, 1875 MHz, 0x0000000000000000
2026/09/29 21:18:18.995, 73, 91.66 W, 67 %, 1875 MHz, 0x0000000000000000
2026/09/29 21:18:29.010, 73, 91.43 W, 68 %, 1875 MHz, 0x0000000000000000
2026/09/29 21:18:39.025, 73, 92.24 W, 68 %, 1875 MHz, 0x0000000000000000
2026/09/29 21:18:49.040, 73, 92.14 W, 67 %, 1875 MHz, 0x0000000000000000
2026/09/29 21:18:59.055, 72, 78.40 W, 0 %, 1875 MHz, 0x0000000000000000
2026/09/29 21:19:09.747, 73, 92.03 W, 68 %, 1875 MHz, 0x0000000000000000
2026/09/29 21:19:19.765, 73, 91.91 W, 67 %, 1875 MHz, 0x0000000000000000
2026/09/29 21:19:29.783, 73, 92.05 W, 67 %, 1875 MHz, 0x0000000000000000
2026/09/29 21:19:39.798, 73, 92.00 W, 67 %, 1875 MHz, 0x0000000000000000
2026/09/29 21:19:49.813, 73, 91.90 W, 67 %, 1875 MHz, 0x0000000000000000
2026/09/29 21:19:59.831, 73, 91.68 W, 67 %, 1875 MHz, 0x0000000000000000
2026/09/29 21:20:09.848, 73, 91.74 W, 67 %, 1875 MHz, 0x0000000000000000
2026/09/29 21:20:19.864, 73, 91.35 W, 67 %, 1875 MHz, 0x0000000000000000
2026/09/29 21:20:29.880, 73, 91.78 W, 68 %, 1875 MHz, 0x0000000000000000
2026/09/29 21:20:39.894, 73, 92.14 W, 67 %, 1875 MHz, 0x0000000000000000
2026/09/29 21:20:49.909, 73, 92.14 W, 67 %, 1875 MHz, 0x0000000000000000
2026/09/29 21:20:59.925, 73, 91.17 W, 67 %, 1875 MHz, 0x0000000000000000
2026/09/29 21:21:09.943, 73, 91.72 W, 67 %, 1875 MHz, 0x0000000000000000
2026/09/29 21:21:19.958, 73, 91.30 W, 67 %, 1875 MHz, 0x0000000000000000
2026/09/29 21:21:29.973, 73, 90.98 W, 67 %, 1875 MHz, 0x0000000000000000
2026/09/29 21:21:39.988, 73, 91.21 W, 67 %, 1875 MHz, 0x0000000000000000
2026/09/29 21:21:51.783, 73, 91.19 W, 66 %, 1875 MHz, 0x0000000000000000
2026/09/29 21:22:01.800, 73, 91.40 W, 67 %, 1875 MHz, 0x0000000000000000
2026/09/29 21:22:11.815, 73, 90.97 W, 67 %, 1875 MHz, 0x0000000000000000
2026/09/29 21:22:21.831, 75, 136.45 W, 73 %, 1875 MHz, 0x0000000000000000
2026/09/29 21:22:31.847, 73, 79.35 W, 17 %, 1875 MHz, 0x0000000000000000
2026/09/29 21:22:41.861, 73, 79.19 W, 17 %, 1875 MHz, 0x0000000000000000
2026/09/29 21:22:51.876, 73, 79.22 W, 60 %, 1875 MHz, 0x0000000000000000
2026/09/29 21:23:01.890, 74, 94.69 W, 15 %, 1875 MHz, 0x0000000000000000
2026/09/29 21:23:11.905, 73, 81.77 W, 48 %, 1875 MHz, 0x0000000000000000
2026/09/29 21:23:21.920, 76, 80.58 W, 99 %, 1860 MHz, 0x0000000000000000
2026/09/29 21:23:31.934, 74, 93.20 W, 67 %, 1860 MHz, 0x0000000000000000
2026/09/29 21:23:41.949, 74, 79.86 W, 99 %, 1860 MHz, 0x0000000000000000
2026/09/29 21:23:51.963, 74, 93.07 W, 67 %, 1860 MHz, 0x0000000000000000
2026/09/29 21:24:01.979, 74, 79.93 W, 71 %, 1860 MHz, 0x0000000000000000
2026/09/29 21:24:11.993, 74, 93.50 W, 68 %, 1860 MHz, 0x0000000000000000
2026/09/29 21:24:22.008, 74, 93.64 W, 39 %, 1860 MHz, 0x0000000000000000
2026/09/29 21:24:32.026, 74, 79.78 W, 67 %, 1860 MHz, 0x0000000000000000
2026/09/29 21:24:42.041, 74, 93.32 W, 17 %, 1860 MHz, 0x0000000000000000
2026/09/29 21:24:52.057, 74, 79.84 W, 66 %, 1860 MHz, 0x0000000000000000
2026/09/29 21:25:02.072, 75, 93.71 W, 14 %, 1860 MHz, 0x0000000000000000
2026/09/29 21:25:12.087, 74, 79.87 W, 54 %, 1860 MHz, 0x0000000000000000
2026/09/29 21:25:22.101, 75, 93.88 W, 30 %, 1860 MHz, 0x0000000000000000
2026/09/29 21:25:32.117, 74, 92.47 W, 67 %, 1860 MHz, 0x0000000000000000
2026/09/29 21:25:42.135, 77, 80.58 W, 97 %, 1860 MHz, 0x0000000000000000
2026/09/29 21:25:52.152, 74, 93.68 W, 68 %, 1860 MHz, 0x0000000000000000
2026/09/29 21:26:02.168, 75, 135.06 W, 38 %, 1860 MHz, 0x0000000000000000
2026/09/29 21:26:12.184, 75, 93.63 W, 67 %, 1860 MHz, 0x0000000000000000
2026/09/29 21:26:22.200, 76, 131.44 W, 54 %, 1860 MHz, 0x0000000000000000
2026/09/29 21:26:32.216, 75, 93.35 W, 67 %, 1860 MHz, 0x0000000000000000
2026/09/29 21:26:42.232, 77, 133.34 W, 77 %, 1860 MHz, 0x0000000000000000
2026/09/29 21:26:52.250, 75, 93.35 W, 67 %, 1860 MHz, 0x0000000000000000
2026/09/29 21:27:02.266, 77, 136.33 W, 98 %, 1860 MHz, 0x0000000000000000
2026/09/29 21:27:12.283, 75, 93.84 W, 68 %, 1860 MHz, 0x0000000000000000
2026/09/29 21:27:22.300, 77, 137.09 W, 99 %, 1860 MHz, 0x0000000000000000
2026/09/29 21:27:32.316, 75, 93.62 W, 67 %, 1860 MHz, 0x0000000000000000
2026/09/29 21:27:42.332, 77, 136.24 W, 99 %, 1860 MHz, 0x0000000000000000
2026/09/29 21:27:52.349, 75, 93.79 W, 68 %, 1860 MHz, 0x0000000000000000
2026/09/29 21:28:02.366, 77, 111.52 W, 99 %, 1860 MHz, 0x0000000000000000
2026/09/29 21:28:12.381, 75, 93.91 W, 67 %, 1860 MHz, 0x0000000000000000
2026/09/29 21:28:22.399, 77, 137.11 W, 99 %, 1860 MHz, 0x0000000000000000
2026/09/29 21:28:32.414, 75, 93.97 W, 67 %, 1860 MHz, 0x0000000000000000
2026/09/29 21:28:42.430, 77, 133.69 W, 99 %, 1860 MHz, 0x0000000000000000
2026/09/29 21:28:52.444, 75, 93.97 W, 68 %, 1860 MHz, 0x0000000000000000
2026/09/29 21:29:02.460, 77, 136.12 W, 99 %, 1860 MHz, 0x0000000000000000
2026/09/29 21:29:12.476, 75, 93.78 W, 67 %, 1860 MHz, 0x0000000000000000
2026/09/29 21:29:22.490, 77, 136.62 W, 31 %, 1860 MHz, 0x0000000000000000
2026/09/29 21:29:32.506, 75, 94.15 W, 67 %, 1860 MHz, 0x0000000000000000
2026/09/29 21:29:42.522, 77, 136.38 W, 56 %, 1860 MHz, 0x0000000000000000
2026/09/29 21:29:52.538, 75, 94.31 W, 67 %, 1860 MHz, 0x0000000000000000
2026/09/29 21:30:02.554, 77, 81.44 W, 84 %, 1860 MHz, 0x0000000000000000
2026/09/29 21:30:12.569, 75, 94.34 W, 67 %, 1860 MHz, 0x0000000000000000
2026/09/29 21:30:22.585, 74, 136.16 W, 0 %, 1860 MHz, 0x0000000000000000
2026/09/29 21:30:32.600, 75, 94.07 W, 46 %, 1860 MHz, 0x0000000000000000
2026/09/29 21:30:42.615, 76, 136.65 W, 19 %, 1860 MHz, 0x0000000000000000
2026/09/29 21:30:52.631, 75, 93.70 W, 64 %, 1860 MHz, 0x0000000000000000
2026/09/29 21:31:02.648, 77, 136.05 W, 18 %, 1860 MHz, 0x0000000000000000
2026/09/29 21:31:12.665, 75, 93.54 W, 67 %, 1860 MHz, 0x0000000000000000
2026/09/29 21:31:22.680, 77, 135.67 W, 37 %, 1860 MHz, 0x0000000000000000
2026/09/29 21:31:32.696, 75, 93.54 W, 67 %, 1860 MHz, 0x0000000000000000
2026/09/29 21:31:42.711, 77, 135.22 W, 61 %, 1860 MHz, 0x0000000000000000
2026/09/29 21:31:52.727, 75, 93.53 W, 68 %, 1860 MHz, 0x0000000000000000
2026/09/29 21:32:02.743, 77, 124.15 W, 86 %, 1860 MHz, 0x0000000000000000
2026/09/29 21:32:12.758, 75, 93.84 W, 67 %, 1860 MHz, 0x0000000000000000
2026/09/29 21:32:22.776, 77, 82.07 W, 99 %, 1860 MHz, 0x0000000000000000
2026/09/29 21:32:32.796, 75, 93.61 W, 67 %, 1860 MHz, 0x0000000000000000
2026/09/29 21:32:42.812, 75, 80.85 W, 99 %, 1860 MHz, 0x0000000000000000
2026/09/29 21:32:52.826, 75, 93.74 W, 67 %, 1860 MHz, 0x0000000000000000
2026/09/29 21:33:02.841, 74, 80.44 W, 99 %, 1860 MHz, 0x0000000000000000
2026/09/29 21:33:12.855, 75, 93.87 W, 67 %, 1860 MHz, 0x0000000000000000
2026/09/29 21:33:22.871, 77, 137.43 W, 92 %, 1860 MHz, 0x0000000000000000
2026/09/29 21:33:32.885, 75, 93.92 W, 67 %, 1860 MHz, 0x0000000000000000
2026/09/29 21:33:42.901, 75, 81.96 W, 99 %, 1860 MHz, 0x0000000000000000
2026/09/29 21:33:52.915, 75, 94.28 W, 67 %, 1860 MHz, 0x0000000000000000
2026/09/29 21:34:02.931, 75, 80.59 W, 99 %, 1860 MHz, 0x0000000000000000
2026/09/29 21:34:12.950, 75, 93.76 W, 67 %, 1860 MHz, 0x0000000000000000
2026/09/29 21:34:22.965, 74, 80.72 W, 96 %, 1860 MHz, 0x0000000000000000
2026/09/29 21:34:32.980, 75, 94.59 W, 68 %, 1860 MHz, 0x0000000000000000
2026/09/29 21:34:42.995, 77, 134.36 W, 99 %, 1860 MHz, 0x0000000000000000
2026/09/29 21:34:53.010, 75, 94.43 W, 67 %, 1860 MHz, 0x0000000000000000
2026/09/29 21:35:03.025, 77, 81.43 W, 99 %, 1860 MHz, 0x0000000000000000
2026/09/29 21:35:13.040, 75, 93.53 W, 68 %, 1860 MHz, 0x0000000000000000
2026/09/29 21:35:23.056, 75, 80.88 W, 99 %, 1860 MHz, 0x0000000000000000
2026/09/29 21:35:33.071, 75, 93.54 W, 67 %, 1860 MHz, 0x0000000000000000
2026/09/29 21:35:43.088, 75, 80.30 W, 85 %, 1860 MHz, 0x0000000000000000
2026/09/29 21:35:53.104, 75, 94.01 W, 69 %, 1860 MHz, 0x0000000000000000
2026/09/29 21:36:03.119, 74, 80.49 W, 64 %, 1860 MHz, 0x0000000000000000
2026/09/29 21:36:13.134, 75, 93.82 W, 67 %, 1860 MHz, 0x0000000000000000
2026/09/29 21:36:23.149, 74, 80.30 W, 47 %, 1860 MHz, 0x0000000000000000
2026/09/29 21:36:33.166, 75, 94.04 W, 67 %, 1860 MHz, 0x0000000000000000
2026/09/29 21:36:43.181, 74, 92.72 W, 29 %, 1860 MHz, 0x0000000000000000
2026/09/29 21:36:53.198, 75, 80.52 W, 67 %, 1860 MHz, 0x0000000000000000
2026/09/29 21:37:03.213, 74, 94.29 W, 16 %, 1860 MHz, 0x0000000000000000
2026/09/29 21:37:13.231, 74, 80.06 W, 58 %, 1860 MHz, 0x0000000000000000
2026/09/29 21:37:23.245, 75, 93.97 W, 25 %, 1860 MHz, 0x0000000000000000
2026/09/29 21:37:33.261, 74, 79.94 W, 42 %, 1860 MHz, 0x0000000000000000
2026/09/29 21:37:43.276, 75, 93.67 W, 39 %, 1860 MHz, 0x0000000000000000
2026/09/29 21:37:53.293, 74, 79.93 W, 27 %, 1860 MHz, 0x0000000000000000
2026/09/29 21:38:03.307, 74, 93.67 W, 21 %, 1860 MHz, 0x0000000000000000
2026/09/29 21:38:13.326, 74, 80.24 W, 67 %, 1860 MHz, 0x0000000000000000
2026/09/29 21:38:23.341, 75, 94.12 W, 15 %, 1860 MHz, 0x0000000000000000
2026/09/29 21:38:33.356, 74, 80.17 W, 52 %, 1860 MHz, 0x0000000000000000
2026/09/29 21:38:43.371, 74, 93.55 W, 27 %, 1860 MHz, 0x0000000000000000
2026/09/29 21:38:53.387, 74, 80.20 W, 50 %, 1860 MHz, 0x0000000000000000
2026/09/29 21:39:03.402, 74, 80.46 W, 58 %, 1860 MHz, 0x0000000000000000
2026/09/29 21:39:13.417, 75, 93.66 W, 67 %, 1860 MHz, 0x0000000000000000
2026/09/29 21:39:23.432, 74, 80.49 W, 40 %, 1860 MHz, 0x0000000000000000
2026/09/29 21:39:33.446, 74, 93.87 W, 68 %, 1860 MHz, 0x0000000000000000
2026/09/29 21:39:43.461, 74, 80.12 W, 30 %, 1860 MHz, 0x0000000000000000
2026/09/29 21:39:53.475, 74, 94.05 W, 67 %, 1860 MHz, 0x0000000000000000
2026/09/29 21:40:03.490, 74, 98.18 W, 18 %, 1860 MHz, 0x0000000000000000
2026/09/29 21:40:13.505, 75, 86.96 W, 64 %, 1860 MHz, 0x0000000000000000
2026/09/29 21:40:23.519, 75, 92.47 W, 16 %, 1860 MHz, 0x0000000000000000
2026/09/29 21:40:33.537, 74, 80.25 W, 69 %, 1860 MHz, 0x0000000000000000
2026/09/29 21:40:43.552, 75, 93.81 W, 65 %, 1860 MHz, 0x0000000000000000
2026/09/29 21:40:53.570, 74, 79.94 W, 67 %, 1860 MHz, 0x0000000000000000
2026/09/29 21:41:03.584, 75, 93.62 W, 44 %, 1860 MHz, 0x0000000000000000
2026/09/29 21:41:13.600, 74, 80.19 W, 67 %, 1860 MHz, 0x0000000000000000
2026/09/29 21:41:23.614, 75, 94.37 W, 24 %, 1860 MHz, 0x0000000000000000
2026/09/29 21:41:33.631, 74, 79.81 W, 67 %, 1860 MHz, 0x0000000000000000
2026/09/29 21:41:43.648, 75, 93.24 W, 13 %, 1860 MHz, 0x0000000000000000
2026/09/29 21:41:53.664, 74, 132.24 W, 54 %, 1860 MHz, 0x0000000000000000
2026/09/29 21:42:03.681, 75, 94.22 W, 29 %, 1860 MHz, 0x0000000000000000
2026/09/29 21:42:13.699, 75, 136.67 W, 38 %, 1860 MHz, 0x0000000000000000
2026/09/29 21:42:23.715, 74, 93.63 W, 43 %, 1860 MHz, 0x0000000000000000
2026/09/29 21:42:33.731, 76, 136.42 W, 24 %, 1860 MHz, 0x0000000000000000
2026/09/29 21:42:43.746, 75, 93.66 W, 58 %, 1860 MHz, 0x0000000000000000
2026/09/29 21:42:53.762, 76, 131.01 W, 15 %, 1860 MHz, 0x0000000000000000
2026/09/29 21:43:03.778, 75, 93.58 W, 67 %, 1860 MHz, 0x0000000000000000
2026/09/29 21:43:13.795, 77, 136.44 W, 34 %, 1860 MHz, 0x0000000000000000
2026/09/29 21:43:23.811, 74, 93.71 W, 67 %, 1860 MHz, 0x0000000000000000
2026/09/29 21:43:33.828, 77, 135.63 W, 55 %, 1860 MHz, 0x0000000000000000
2026/09/29 21:43:43.845, 74, 93.51 W, 67 %, 1860 MHz, 0x0000000000000000
2026/09/29 21:43:53.860, 77, 136.37 W, 72 %, 1860 MHz, 0x0000000000000000
2026/09/29 21:44:03.876, 75, 93.51 W, 67 %, 1860 MHz, 0x0000000000000000
2026/09/29 21:44:13.892, 77, 104.87 W, 96 %, 1860 MHz, 0x0000000000000000
2026/09/29 21:44:23.906, 75, 93.42 W, 67 %, 1860 MHz, 0x0000000000000000
2026/09/29 21:44:33.920, 75, 81.60 W, 99 %, 1860 MHz, 0x0000000000000000
2026/09/29 21:44:43.935, 75, 93.77 W, 66 %, 1860 MHz, 0x0000000000000000
2026/09/29 21:44:53.950, 75, 80.49 W, 99 %, 1860 MHz, 0x0000000000000000
2026/09/29 21:45:03.965, 75, 93.81 W, 67 %, 1860 MHz, 0x0000000000000000
2026/09/29 21:45:13.980, 74, 80.24 W, 99 %, 1860 MHz, 0x0000000000000000
2026/09/29 21:45:23.994, 75, 93.75 W, 67 %, 1860 MHz, 0x0000000000000000
2026/09/29 21:45:34.009, 74, 80.40 W, 78 %, 1860 MHz, 0x0000000000000000
2026/09/29 21:45:44.025, 75, 93.85 W, 67 %, 1860 MHz, 0x0000000000000000
2026/09/29 21:45:54.043, 74, 97.97 W, 62 %, 1860 MHz, 0x0000000000000000
2026/09/29 21:46:04.059, 74, 87.11 W, 67 %, 1860 MHz, 0x0000000000000000
2026/09/29 21:46:14.073, 74, 93.58 W, 40 %, 1860 MHz, 0x0000000000000000
2026/09/29 21:46:24.089, 74, 80.39 W, 67 %, 1860 MHz, 0x0000000000000000
2026/09/29 21:46:34.105, 75, 93.86 W, 18 %, 1860 MHz, 0x0000000000000000
2026/09/29 21:46:44.122, 74, 80.07 W, 68 %, 1860 MHz, 0x0000000000000000
2026/09/29 21:46:54.138, 75, 93.95 W, 13 %, 1860 MHz, 0x0000000000000000
2026/09/29 21:47:04.154, 74, 79.93 W, 54 %, 1860 MHz, 0x0000000000000000
2026/09/29 21:47:14.170, 75, 93.30 W, 27 %, 1860 MHz, 0x0000000000000000
2026/09/29 21:47:24.185, 74, 79.78 W, 42 %, 1860 MHz, 0x0000000000000000
2026/09/29 21:47:34.199, 75, 93.68 W, 40 %, 1860 MHz, 0x0000000000000000
2026/09/29 21:47:44.217, 74, 118.55 W, 26 %, 1860 MHz, 0x0000000000000000
2026/09/29 21:47:54.234, 74, 93.99 W, 58 %, 1860 MHz, 0x0000000000000000
2026/09/29 21:48:04.250, 74, 132.97 W, 14 %, 1860 MHz, 0x0000000000000000
2026/09/29 21:48:14.266, 75, 93.70 W, 67 %, 1860 MHz, 0x0000000000000000
2026/09/29 21:48:24.283, 75, 135.95 W, 27 %, 1860 MHz, 0x0000000000000000
2026/09/29 21:48:34.298, 75, 93.89 W, 68 %, 1860 MHz, 0x0000000000000000
2026/09/29 21:48:44.315, 76, 137.03 W, 44 %, 1860 MHz, 0x0000000000000000
2026/09/29 21:48:54.334, 75, 93.54 W, 67 %, 1860 MHz, 0x0000000000000000
2026/09/29 21:49:04.350, 76, 129.39 W, 64 %, 1860 MHz, 0x0000000000000000
2026/09/29 21:49:14.366, 75, 93.77 W, 66 %, 1860 MHz, 0x0000000000000000
2026/09/29 21:49:24.384, 77, 135.32 W, 85 %, 1860 MHz, 0x0000000000000000
2026/09/29 21:49:34.400, 74, 93.41 W, 67 %, 1860 MHz, 0x0000000000000000
2026/09/29 21:49:44.415, 77, 134.91 W, 99 %, 1860 MHz, 0x0000000000000000
2026/09/29 21:49:54.433, 74, 93.80 W, 67 %, 1860 MHz, 0x0000000000000000
2026/09/29 21:50:04.450, 77, 136.56 W, 99 %, 1860 MHz, 0x0000000000000000
2026/09/29 21:50:14.465, 74, 93.87 W, 67 %, 1860 MHz, 0x0000000000000000
2026/09/29 21:50:24.480, 77, 136.29 W, 99 %, 1860 MHz, 0x0000000000000000
2026/09/29 21:50:34.496, 74, 93.71 W, 67 %, 1860 MHz, 0x0000000000000000
2026/09/29 21:50:44.511, 77, 113.06 W, 97 %, 1860 MHz, 0x0000000000000000
2026/09/29 21:50:54.527, 74, 94.05 W, 67 %, 1860 MHz, 0x0000000000000000
2026/09/29 21:51:04.542, 77, 81.55 W, 87 %, 1860 MHz, 0x0000000000000000
2026/09/29 21:51:14.557, 74, 93.62 W, 66 %, 1860 MHz, 0x0000000000000000
2026/09/29 21:51:24.575, 75, 80.77 W, 67 %, 1860 MHz, 0x0000000000000000
2026/09/29 21:51:34.590, 74, 94.34 W, 67 %, 1860 MHz, 0x0000000000000000
2026/09/29 21:51:44.607, 74, 80.39 W, 42 %, 1860 MHz, 0x0000000000000000
2026/09/29 21:51:54.621, 74, 93.70 W, 68 %, 1860 MHz, 0x0000000000000000
2026/09/29 21:52:04.636, 74, 80.14 W, 99 %, 1860 MHz, 0x0000000000000000
2026/09/29 21:52:14.652, 74, 93.60 W, 66 %, 1860 MHz, 0x0000000000000000
2026/09/29 21:52:24.668, 74, 81.32 W, 99 %, 1860 MHz, 0x0000000000000000
2026/09/29 21:52:34.685, 75, 92.19 W, 67 %, 1860 MHz, 0x0000000000000000
2026/09/29 21:52:44.701, 74, 94.04 W, 82 %, 1860 MHz, 0x0000000000000000
2026/09/29 21:52:54.718, 74, 79.87 W, 67 %, 1860 MHz, 0x0000000000000000
2026/09/29 21:53:04.733, 75, 93.68 W, 61 %, 1860 MHz, 0x0000000000000000
2026/09/29 21:53:14.749, 74, 79.43 W, 67 %, 1860 MHz, 0x0000000000000000
2026/09/29 21:53:24.764, 75, 93.80 W, 38 %, 1860 MHz, 0x0000000000000000
2026/09/29 21:53:34.782, 74, 79.90 W, 67 %, 1860 MHz, 0x0000000000000000
2026/09/29 21:53:44.796, 74, 94.01 W, 18 %, 1860 MHz, 0x0000000000000000
2026/09/29 21:53:54.812, 74, 79.54 W, 63 %, 1860 MHz, 0x0000000000000000
2026/09/29 21:54:04.828, 75, 94.22 W, 17 %, 1860 MHz, 0x0000000000000000
2026/09/29 21:54:14.843, 76, 131.89 W, 50 %, 1860 MHz, 0x0000000000000000
2026/09/29 21:54:24.861, 74, 93.81 W, 30 %, 1860 MHz, 0x0000000000000000
2026/09/29 21:54:34.879, 76, 128.94 W, 37 %, 1860 MHz, 0x0000000000000000
2026/09/29 21:54:44.895, 74, 93.91 W, 42 %, 1860 MHz, 0x0000000000000000
2026/09/29 21:54:54.911, 76, 135.18 W, 26 %, 1860 MHz, 0x0000000000000000
2026/09/29 21:55:04.928, 74, 93.89 W, 53 %, 1860 MHz, 0x0000000000000000
2026/09/29 21:55:14.943, 76, 136.66 W, 14 %, 1860 MHz, 0x0000000000000000
2026/09/29 21:55:24.959, 74, 94.19 W, 65 %, 1860 MHz, 0x0000000000000000
2026/09/29 21:55:34.976, 76, 135.72 W, 16 %, 1860 MHz, 0x0000000000000000
2026/09/29 21:55:44.992, 75, 93.89 W, 67 %, 1860 MHz, 0x0000000000000000
2026/09/29 21:55:55.008, 76, 132.72 W, 35 %, 1860 MHz, 0x0000000000000000
2026/09/29 21:56:05.026, 74, 93.95 W, 68 %, 1860 MHz, 0x0000000000000000
2026/09/29 21:56:15.041, 77, 135.55 W, 55 %, 1860 MHz, 0x0000000000000000
2026/09/29 21:56:25.058, 74, 94.11 W, 67 %, 1860 MHz, 0x0000000000000000
2026/09/29 21:56:35.077, 77, 135.28 W, 77 %, 1860 MHz, 0x0000000000000000
2026/09/29 21:56:45.094, 74, 93.83 W, 68 %, 1860 MHz, 0x0000000000000000
2026/09/29 21:56:55.109, 77, 135.36 W, 94 %, 1860 MHz, 0x0000000000000000
2026/09/29 21:57:05.125, 74, 93.89 W, 67 %, 1860 MHz, 0x0000000000000000
2026/09/29 21:57:15.141, 77, 133.53 W, 99 %, 1860 MHz, 0x0000000000000000
2026/09/29 21:57:25.157, 74, 93.70 W, 67 %, 1860 MHz, 0x0000000000000000
2026/09/29 21:57:35.172, 77, 104.71 W, 99 %, 1860 MHz, 0x0000000000000000
2026/09/29 21:57:45.187, 74, 93.87 W, 67 %, 1860 MHz, 0x0000000000000000
2026/09/29 21:57:55.205, 77, 81.27 W, 99 %, 1860 MHz, 0x0000000000000000
2026/09/29 21:58:05.219, 74, 93.65 W, 67 %, 1860 MHz, 0x0000000000000000
2026/09/29 21:58:15.234, 77, 80.53 W, 99 %, 1860 MHz, 0x0000000000000000
2026/09/29 21:58:25.248, 74, 93.51 W, 67 %, 1860 MHz, 0x0000000000000000
2026/09/29 21:58:35.263, 76, 80.39 W, 87 %, 1860 MHz, 0x0000000000000000
2026/09/29 21:58:45.278, 74, 93.74 W, 68 %, 1860 MHz, 0x0000000000000000
2026/09/29 21:58:55.295, 75, 80.22 W, 64 %, 1860 MHz, 0x0000000000000000
2026/09/29 21:59:05.312, 74, 93.83 W, 67 %, 1860 MHz, 0x0000000000000000
2026/09/29 21:59:15.327, 74, 79.95 W, 44 %, 1860 MHz, 0x0000000000000000
2026/09/29 21:59:25.344, 74, 93.86 W, 68 %, 1860 MHz, 0x0000000000000000
2026/09/29 21:59:35.359, 75, 93.93 W, 21 %, 1860 MHz, 0x0000000000000000
2026/09/29 21:59:45.376, 74, 80.10 W, 66 %, 1860 MHz, 0x0000000000000000
2026/09/29 21:59:55.394, 75, 93.66 W, 13 %, 1860 MHz, 0x0000000000000000
2026/09/29 22:00:05.410, 74, 79.89 W, 62 %, 1860 MHz, 0x0000000000000000
2026/09/29 22:00:15.426, 75, 93.75 W, 17 %, 1860 MHz, 0x0000000000000000
2026/09/29 22:00:25.442, 74, 79.69 W, 50 %, 1860 MHz, 0x0000000000000000
2026/09/29 22:00:35.457, 74, 93.60 W, 30 %, 1860 MHz, 0x0000000000000000
2026/09/29 22:00:45.472, 74, 79.57 W, 35 %, 1860 MHz, 0x0000000000000000
2026/09/29 22:00:55.486, 75, 93.74 W, 46 %, 1860 MHz, 0x0000000000000000
2026/09/29 22:01:05.502, 74, 79.50 W, 22 %, 1860 MHz, 0x0000000000000000
2026/09/29 22:01:15.519, 75, 94.10 W, 59 %, 1860 MHz, 0x0000000000000000
2026/09/29 22:01:25.535, 74, 134.39 W, 14 %, 1860 MHz, 0x0000000000000000
2026/09/29 22:01:35.552, 74, 93.72 W, 67 %, 1860 MHz, 0x0000000000000000
2026/09/29 22:01:45.567, 76, 131.09 W, 28 %, 1860 MHz, 0x0000000000000000
2026/09/29 22:01:55.582, 74, 93.49 W, 67 %, 1860 MHz, 0x0000000000000000
2026/09/29 22:02:05.597, 76, 135.87 W, 49 %, 1860 MHz, 0x0000000000000000
2026/09/29 22:02:15.612, 74, 93.89 W, 67 %, 1860 MHz, 0x0000000000000000
2026/09/29 22:02:25.627, 76, 135.70 W, 66 %, 1860 MHz, 0x0000000000000000
2026/09/29 22:02:35.644, 74, 93.80 W, 67 %, 1860 MHz, 0x0000000000000000
2026/09/29 22:02:45.659, 76, 128.68 W, 89 %, 1860 MHz, 0x0000000000000000
2026/09/29 22:02:55.676, 74, 93.54 W, 62 %, 1860 MHz, 0x0000000000000000
2026/09/29 22:03:05.693, 76, 136.13 W, 13 %, 1860 MHz, 0x0000000000000000
2026/09/29 22:03:15.710, 74, 93.71 W, 66 %, 1860 MHz, 0x0000000000000000
2026/09/29 22:03:25.725, 76, 136.24 W, 25 %, 1860 MHz, 0x0000000000000000
2026/09/29 22:03:35.741, 74, 94.08 W, 67 %, 1860 MHz, 0x0000000000000000
2026/09/29 22:03:45.757, 76, 133.73 W, 43 %, 1860 MHz, 0x0000000000000000
2026/09/29 22:03:55.773, 74, 94.02 W, 69 %, 1860 MHz, 0x0000000000000000
2026/09/29 22:04:05.789, 76, 134.00 W, 44 %, 1860 MHz, 0x0000000000000000
2026/09/29 22:04:15.805, 74, 93.71 W, 64 %, 1860 MHz, 0x0000000000000000
2026/09/29 22:04:25.819, 76, 134.76 W, 10 %, 1860 MHz, 0x0000000000000000
2026/09/29 22:04:35.835, 74, 96.74 W, 39 %, 1860 MHz, 0x0000000000000000
2026/09/29 22:04:45.852, 75, 85.42 W, 58 %, 1860 MHz, 0x0000000000000000
2026/09/29 22:04:55.868, 74, 94.76 W, 14 %, 1860 MHz, 0x0000000000000000
2026/09/29 22:05:05.883, 74, 79.84 W, 66 %, 1860 MHz, 0x0000000000000000
2026/09/29 22:05:15.897, 76, 129.07 W, 15 %, 1860 MHz, 0x0000000000000000
2026/09/29 22:05:25.913, 74, 87.98 W, 97 %, 1860 MHz, 0x0000000000000000
2026/09/29 22:05:35.940, 74, 81.48 W, 98 %, 1860 MHz, 0x0000000000000000
2026/09/29 22:05:45.970, 74, 81.76 W, 97 %, 1860 MHz, 0x0000000000000000
2026/09/29 22:05:56.006, 75, 104.50 W, 45 %, 1860 MHz, 0x0000000000000000
2026/09/29 22:06:06.063, 75, 117.19 W, 81 %, 1860 MHz, 0x0000000000000000
2026/09/29 22:06:16.081, 76, 135.96 W, 100 %, 1860 MHz, 0x0000000000000000
2026/09/29 22:06:26.103, 78, 133.96 W, 79 %, 1860 MHz, 0x0000000000000000
2026/09/29 22:06:36.119, 79, 162.31 W, 98 %, 1860 MHz, 0x0000000000000000
2026/09/29 22:06:46.137, 80, 157.28 W, 98 %, 1860 MHz, 0x0000000000000000
2026/09/29 22:06:56.154, 81, 161.35 W, 99 %, 1845 MHz, 0x0000000000000000
2026/09/29 22:07:06.171, 82, 168.40 W, 98 %, 1845 MHz, 0x0000000000000000
2026/09/29 22:07:16.194, 82, 148.93 W, 98 %, 1845 MHz, 0x0000000000000000
2026/09/29 22:07:26.211, 82, 149.18 W, 98 %, 1845 MHz, 0x0000000000000000
2026/09/29 22:07:36.229, 82, 131.71 W, 99 %, 1845 MHz, 0x0000000000000000
2026/09/29 22:07:46.251, 83, 145.90 W, 99 %, 1800 MHz, 0x0000000000000020
2026/09/29 22:07:56.260, 83, 129.74 W, 99 %, 1785 MHz, 0x0000000000000020
2026/09/29 22:08:06.266, 83, 132.49 W, 99 %, 1800 MHz, 0x0000000000000020
2026/09/29 22:08:16.273, 82, 142.64 W, 99 %, 1845 MHz, 0x0000000000000000
2026/09/29 22:08:26.289, 82, 131.37 W, 99 %, 1770 MHz, 0x0000000000000020
2026/09/29 22:08:36.295, 83, 145.25 W, 99 %, 1815 MHz, 0x0000000000000020
2026/09/29 22:08:46.302, 82, 141.84 W, 98 %, 1785 MHz, 0x0000000000000020
2026/09/29 22:08:56.309, 83, 141.65 W, 99 %, 1770 MHz, 0x0000000000000020
2026/09/29 22:09:06.314, 83, 143.90 W, 99 %, 1845 MHz, 0x0000000000000000
2026/09/29 22:09:16.330, 83, 133.29 W, 99 %, 1815 MHz, 0x0000000000000020
2026/09/29 22:09:26.336, 83, 134.06 W, 99 %, 1830 MHz, 0x0000000000000020
2026/09/29 22:09:36.344, 83, 138.18 W, 99 %, 1770 MHz, 0x0000000000000020
2026/09/29 22:09:46.351, 82, 144.81 W, 98 %, 1845 MHz, 0x0000000000000000
2026/09/29 22:09:56.367, 83, 134.47 W, 99 %, 1845 MHz, 0x0000000000000000
2026/09/29 22:10:06.385, 82, 139.57 W, 99 %, 1770 MHz, 0x0000000000000020
2026/09/29 22:10:16.398, 83, 137.88 W, 99 %, 1770 MHz, 0x0000000000000020
2026/09/29 22:10:26.404, 83, 137.63 W, 99 %, 1770 MHz, 0x0000000000000020
2026/09/29 22:10:36.409, 83, 141.86 W, 99 %, 1770 MHz, 0x0000000000000020
2026/09/29 22:10:46.416, 82, 126.16 W, 99 %, 1815 MHz, 0x0000000000000020
2026/09/29 22:10:56.427, 83, 125.38 W, 99 %, 1770 MHz, 0x0000000000000020
2026/09/29 22:11:06.432, 84, 132.94 W, 97 %, 1770 MHz, 0x0000000000000020
2026/09/29 22:11:16.438, 83, 134.11 W, 99 %, 1770 MHz, 0x0000000000000020
2026/09/29 22:11:26.444, 83, 135.69 W, 99 %, 1815 MHz, 0x0000000000000020
2026/09/29 22:11:36.450, 83, 135.43 W, 99 %, 1770 MHz, 0x0000000000000020
2026/09/29 22:11:46.456, 83, 131.14 W, 99 %, 1770 MHz, 0x0000000000000020
2026/09/29 22:11:56.464, 83, 155.60 W, 98 %, 1785 MHz, 0x0000000000000020
2026/09/29 22:12:06.469, 83, 141.91 W, 98 %, 1845 MHz, 0x0000000000000000
2026/09/29 22:12:16.484, 83, 136.70 W, 99 %, 1845 MHz, 0x0000000000000000
2026/09/29 22:12:26.501, 82, 132.88 W, 99 %, 1815 MHz, 0x0000000000000020
2026/09/29 22:12:36.508, 83, 126.56 W, 98 %, 1770 MHz, 0x0000000000000020
2026/09/29 22:12:46.515, 83, 156.88 W, 99 %, 1770 MHz, 0x0000000000000020
2026/09/29 22:12:56.520, 83, 154.46 W, 98 %, 1770 MHz, 0x0000000000000020
2026/09/29 22:13:06.525, 83, 123.41 W, 99 %, 1770 MHz, 0x0000000000000020
2026/09/29 22:13:16.533, 82, 130.01 W, 99 %, 1800 MHz, 0x0000000000000020
2026/09/29 22:13:26.538, 83, 125.87 W, 98 %, 1785 MHz, 0x0000000000000020
2026/09/29 22:13:36.544, 83, 131.33 W, 99 %, 1830 MHz, 0x0000000000000020
2026/09/29 22:13:46.556, 83, 138.29 W, 99 %, 1800 MHz, 0x0000000000000020
2026/09/29 22:13:56.562, 83, 128.49 W, 99 %, 1770 MHz, 0x0000000000000020
2026/09/29 22:14:06.572, 83, 127.09 W, 99 %, 1845 MHz, 0x0000000000000000
2026/09/29 22:14:16.592, 83, 151.02 W, 99 %, 1770 MHz, 0x0000000000000020
2026/09/29 22:14:26.597, 83, 141.74 W, 98 %, 1800 MHz, 0x0000000000000020
2026/09/29 22:14:36.611, 83, 135.73 W, 99 %, 1815 MHz, 0x0000000000000020
2026/09/29 22:14:46.618, 83, 125.73 W, 99 %, 1785 MHz, 0x0000000000000020
2026/09/29 22:14:56.624, 83, 139.89 W, 99 %, 1770 MHz, 0x0000000000000020
2026/09/29 22:15:06.629, 83, 122.78 W, 98 %, 1770 MHz, 0x0000000000000020
2026/09/29 22:15:16.635, 83, 130.50 W, 99 %, 1815 MHz, 0x0000000000000020
2026/09/29 22:15:26.640, 83, 132.54 W, 99 %, 1815 MHz, 0x0000000000000020
2026/09/29 22:15:36.653, 83, 130.67 W, 98 %, 1785 MHz, 0x0000000000000020
2026/09/29 22:15:46.659, 83, 140.55 W, 99 %, 1845 MHz, 0x0000000000000000
2026/09/29 22:15:56.675, 83, 134.82 W, 99 %, 1770 MHz, 0x0000000000000020
2026/09/29 22:16:06.680, 82, 134.47 W, 99 %, 1770 MHz, 0x0000000000000020
2026/09/29 22:16:16.686, 83, 136.67 W, 99 %, 1770 MHz, 0x0000000000000020
2026/09/29 22:16:26.692, 83, 148.72 W, 99 %, 1770 MHz, 0x0000000000000020
2026/09/29 22:16:36.699, 80, 105.08 W, 19 %, 1845 MHz, 0x0000000000000000
2026/09/29 22:16:46.715, 80, 96.93 W, 68 %, 1845 MHz, 0x0000000000000000
2026/09/29 22:16:56.731, 79, 83.86 W, 27 %, 1845 MHz, 0x0000000000000000
2026/09/29 22:17:06.747, 79, 96.74 W, 68 %, 1845 MHz, 0x0000000000000000
2026/09/29 22:17:16.765, 78, 83.89 W, 31 %, 1845 MHz, 0x0000000000000000
2026/09/29 22:17:26.781, 78, 95.99 W, 68 %, 1845 MHz, 0x0000000000000000
2026/09/29 22:17:36.798, 78, 82.48 W, 99 %, 1845 MHz, 0x0000000000000000
2026/09/29 22:17:46.813, 78, 95.12 W, 68 %, 1845 MHz, 0x0000000000000000
2026/09/29 22:17:56.829, 77, 82.85 W, 99 %, 1860 MHz, 0x0000000000000000
2026/09/29 22:18:06.846, 77, 95.19 W, 65 %, 1860 MHz, 0x0000000000000000
2026/09/29 22:18:16.863, 79, 132.09 W, 65 %, 1860 MHz, 0x0000000000000000
2026/09/29 22:18:26.878, 80, 133.91 W, 88 %, 1860 MHz, 0x0000000000000000
2026/09/29 22:18:36.896, 81, 178.48 W, 96 %, 1845 MHz, 0x0000000000000000
2026/09/29 22:18:46.912, 83, 182.09 W, 95 %, 1830 MHz, 0x0000000000000020
2026/09/29 22:18:56.922, 83, 163.10 W, 97 %, 1770 MHz, 0x0000000000000020
2026/09/29 22:19:06.926, 83, 160.52 W, 97 %, 1770 MHz, 0x0000000000000020
2026/09/29 22:19:16.932, 84, 166.15 W, 97 %, 1770 MHz, 0x0000000000000020
2026/09/29 22:19:26.939, 85, 153.05 W, 97 %, 1770 MHz, 0x0000000000000020
2026/09/29 22:19:36.944, 85, 157.96 W, 97 %, 1755 MHz, 0x0000000000000020
2026/09/29 22:19:47.000, 85, 151.30 W, 97 %, 1725 MHz, 0x0000000000000020
2026/09/29 22:19:57.005, 85, 160.54 W, 97 %, 1710 MHz, 0x0000000000000020
2026/09/29 22:20:07.012, 84, 145.60 W, 99 %, 1770 MHz, 0x0000000000000020
2026/09/29 22:20:17.018, 84, 137.40 W, 98 %, 1770 MHz, 0x0000000000000020
2026/09/29 22:20:27.025, 85, 145.25 W, 98 %, 1785 MHz, 0x0000000000000020
2026/09/29 22:20:37.031, 84, 143.77 W, 98 %, 1770 MHz, 0x0000000000000020
2026/09/29 22:20:47.038, 85, 143.87 W, 98 %, 1770 MHz, 0x0000000000000020
2026/09/29 22:20:57.043, 82, 87.83 W, 44 %, 1845 MHz, 0x0000000000000000
2026/09/29 22:21:07.062, 83, 136.05 W, 95 %, 1770 MHz, 0x0000000000000020
2026/09/29 22:21:17.071, 83, 138.71 W, 96 %, 1770 MHz, 0x0000000000000020
2026/09/29 22:21:27.076, 83, 135.13 W, 95 %, 1770 MHz, 0x0000000000000020
2026/09/29 22:21:37.082, 83, 133.34 W, 95 %, 1770 MHz, 0x0000000000000020
2026/09/29 22:21:47.091, 83, 136.68 W, 95 %, 1770 MHz, 0x0000000000000020
2026/09/29 22:21:57.096, 83, 136.77 W, 95 %, 1770 MHz, 0x0000000000000020
2026/09/29 22:22:07.103, 83, 136.62 W, 95 %, 1770 MHz, 0x0000000000000020
2026/09/29 22:22:17.109, 83, 134.42 W, 95 %, 1770 MHz, 0x0000000000000020
2026/09/29 22:22:27.121, 83, 136.88 W, 95 %, 1770 MHz, 0x0000000000000020
2026/09/29 22:22:37.130, 83, 128.62 W, 97 %, 1770 MHz, 0x0000000000000020
2026/09/29 22:22:47.136, 83, 146.09 W, 97 %, 1770 MHz, 0x0000000000000020
2026/09/29 22:22:57.145, 84, 144.19 W, 97 %, 1770 MHz, 0x0000000000000020
2026/09/29 22:23:07.151, 83, 137.36 W, 96 %, 1770 MHz, 0x0000000000000020
2026/09/29 22:23:17.158, 83, 133.93 W, 97 %, 1770 MHz, 0x0000000000000020
2026/09/29 22:23:27.165, 83, 137.59 W, 97 %, 1770 MHz, 0x0000000000000020
2026/09/29 22:23:37.171, 83, 136.13 W, 97 %, 1770 MHz, 0x0000000000000020
2026/09/29 22:23:47.179, 83, 135.85 W, 97 %, 1770 MHz, 0x0000000000000020
2026/09/29 22:23:57.185, 84, 141.95 W, 96 %, 1770 MHz, 0x0000000000000020
2026/09/29 22:24:07.193, 84, 142.74 W, 96 %, 1770 MHz, 0x0000000000000020
2026/09/29 22:24:17.199, 84, 142.80 W, 96 %, 1770 MHz, 0x0000000000000020
2026/09/29 22:24:27.205, 84, 143.02 W, 96 %, 1770 MHz, 0x0000000000000020
2026/09/29 22:24:37.211, 84, 143.11 W, 96 %, 1770 MHz, 0x0000000000000020
2026/09/29 22:24:47.217, 84, 144.13 W, 96 %, 1770 MHz, 0x0000000000000020
2026/09/29 22:24:57.224, 84, 141.96 W, 95 %, 1770 MHz, 0x0000000000000020
2026/09/29 22:25:07.232, 84, 139.02 W, 95 %, 1770 MHz, 0x0000000000000020
2026/09/29 22:25:17.237, 84, 136.22 W, 95 %, 1770 MHz, 0x0000000000000020
2026/09/29 22:25:27.243, 83, 130.24 W, 94 %, 1770 MHz, 0x0000000000000020
2026/09/29 22:25:37.248, 84, 137.99 W, 95 %, 1770 MHz, 0x0000000000000020
2026/09/29 22:25:47.254, 84, 135.98 W, 95 %, 1770 MHz, 0x0000000000000020
2026/09/29 22:25:57.264, 84, 140.18 W, 94 %, 1770 MHz, 0x0000000000000020
2026/09/29 22:26:07.271, 84, 138.10 W, 95 %, 1770 MHz, 0x0000000000000020
2026/09/29 22:26:17.276, 84, 140.22 W, 94 %, 1770 MHz, 0x0000000000000020
2026/09/29 22:26:27.282, 84, 141.33 W, 95 %, 1770 MHz, 0x0000000000000020
2026/09/29 22:26:37.289, 84, 143.51 W, 93 %, 1770 MHz, 0x0000000000000020
2026/09/29 22:26:47.295, 84, 144.48 W, 93 %, 1770 MHz, 0x0000000000000020
2026/09/29 22:26:57.301, 84, 140.65 W, 93 %, 1755 MHz, 0x0000000000000020
2026/09/29 22:27:07.307, 85, 143.31 W, 94 %, 1755 MHz, 0x0000000000000020
2026/09/29 22:27:17.313, 84, 145.06 W, 92 %, 1755 MHz, 0x0000000000000020
2026/09/29 22:27:27.320, 84, 145.68 W, 93 %, 1755 MHz, 0x0000000000000020
2026/09/29 22:27:37.326, 85, 142.63 W, 93 %, 1755 MHz, 0x0000000000000020
2026/09/29 22:27:47.333, 84, 140.22 W, 93 %, 1770 MHz, 0x0000000000000020
2026/09/29 22:27:57.340, 84, 139.56 W, 93 %, 1770 MHz, 0x0000000000000020
2026/09/29 22:28:07.346, 84, 127.25 W, 97 %, 1815 MHz, 0x0000000000000020
2026/09/29 22:28:17.353, 83, 122.35 W, 97 %, 1770 MHz, 0x0000000000000020
2026/09/29 22:28:27.360, 84, 140.45 W, 95 %, 1770 MHz, 0x0000000000000020
2026/09/29 22:28:37.366, 83, 125.34 W, 97 %, 1770 MHz, 0x0000000000000020
2026/09/29 22:28:47.371, 84, 137.46 W, 96 %, 1770 MHz, 0x0000000000000020
2026/09/29 22:28:57.379, 81, 85.88 W, 28 %, 1845 MHz, 0x0000000000000001
2026/09/29 22:29:07.505, 83, 131.99 W, 94 %, 1845 MHz, 0x0000000000000001
2026/09/29 22:29:17.526, 83, 123.10 W, 94 %, 1845 MHz, 0x0000000000000001
2026/09/29 22:29:27.544, 83, 137.28 W, 95 %, 1785 MHz, 0x0000000000000020
2026/09/29 22:29:37.552, 82, 131.99 W, 93 %, 1815 MHz, 0x0000000000000020
2026/09/29 22:29:47.558, 83, 132.19 W, 95 %, 1770 MHz, 0x0000000000000020
2026/09/29 22:29:57.565, 83, 130.30 W, 93 %, 1770 MHz, 0x0000000000000020
2026/09/29 22:30:07.570, 83, 144.88 W, 93 %, 1830 MHz, 0x0000000000000020
2026/09/29 22:30:17.576, 83, 136.29 W, 93 %, 1770 MHz, 0x0000000000000020
2026/09/29 22:30:27.584, 83, 130.01 W, 92 %, 1770 MHz, 0x0000000000000020
2026/09/29 22:30:37.591, 82, 142.69 W, 94 %, 1815 MHz, 0x0000000000000020
2026/09/29 22:30:47.597, 83, 132.44 W, 93 %, 1770 MHz, 0x0000000000000020
2026/09/29 22:30:57.604, 83, 130.50 W, 93 %, 1770 MHz, 0x0000000000000020
2026/09/29 22:31:07.609, 83, 130.85 W, 93 %, 1770 MHz, 0x0000000000000020
2026/09/29 22:31:17.615, 83, 133.53 W, 93 %, 1770 MHz, 0x0000000000000020
2026/09/29 22:31:27.624, 83, 130.11 W, 95 %, 1785 MHz, 0x0000000000000020
2026/09/29 22:31:37.637, 83, 128.86 W, 95 %, 1800 MHz, 0x0000000000000020
2026/09/29 22:31:47.648, 83, 137.85 W, 95 %, 1815 MHz, 0x0000000000000020
2026/09/29 22:31:57.653, 84, 150.41 W, 92 %, 1770 MHz, 0x0000000000000020
2026/09/29 22:32:07.659, 84, 147.26 W, 93 %, 1770 MHz, 0x0000000000000020
2026/09/29 22:32:17.665, 84, 143.70 W, 92 %, 1770 MHz, 0x0000000000000020
2026/09/29 22:32:27.672, 84, 148.16 W, 93 %, 1770 MHz, 0x0000000000000020
2026/09/29 22:32:37.677, 84, 142.44 W, 93 %, 1770 MHz, 0x0000000000000020
2026/09/29 22:32:47.684, 84, 146.11 W, 92 %, 1770 MHz, 0x0000000000000020
2026/09/29 22:32:57.689, 85, 142.47 W, 92 %, 1770 MHz, 0x0000000000000020
2026/09/29 22:33:07.696, 84, 140.72 W, 93 %, 1770 MHz, 0x0000000000000020
2026/09/29 22:33:17.701, 84, 142.09 W, 92 %, 1770 MHz, 0x0000000000000020
2026/09/29 22:33:27.706, 85, 141.05 W, 92 %, 1770 MHz, 0x0000000000000020
2026/09/29 22:33:37.713, 84, 139.03 W, 92 %, 1755 MHz, 0x0000000000000020
2026/09/29 22:33:47.718, 84, 135.47 W, 92 %, 1770 MHz, 0x0000000000000020
2026/09/29 22:33:57.724, 84, 136.93 W, 92 %, 1770 MHz, 0x0000000000000020
2026/09/29 22:34:07.730, 84, 137.58 W, 91 %, 1770 MHz, 0x0000000000000020
2026/09/29 22:34:17.736, 84, 134.88 W, 92 %, 1770 MHz, 0x0000000000000020
2026/09/29 22:34:27.743, 84, 135.12 W, 92 %, 1770 MHz, 0x0000000000000020
2026/09/29 22:34:37.748, 84, 134.44 W, 92 %, 1770 MHz, 0x0000000000000020
2026/09/29 22:34:47.754, 84, 138.32 W, 92 %, 1770 MHz, 0x0000000000000020
2026/09/29 22:34:57.759, 84, 138.96 W, 93 %, 1770 MHz, 0x0000000000000020
2026/09/29 22:35:07.765, 84, 137.51 W, 92 %, 1770 MHz, 0x0000000000000020
2026/09/29 22:35:17.771, 84, 140.25 W, 92 %, 1770 MHz, 0x0000000000000020
2026/09/29 22:35:27.777, 85, 145.37 W, 92 %, 1755 MHz, 0x0000000000000020
2026/09/29 22:35:37.783, 84, 140.05 W, 92 %, 1755 MHz, 0x0000000000000020
2026/09/29 22:35:47.789, 85, 138.46 W, 92 %, 1755 MHz, 0x0000000000000020
2026/09/29 22:35:57.795, 84, 140.66 W, 92 %, 1770 MHz, 0x0000000000000020
2026/09/29 22:36:07.800, 85, 134.12 W, 93 %, 1755 MHz, 0x0000000000000020
2026/09/29 22:36:17.806, 85, 141.80 W, 92 %, 1755 MHz, 0x0000000000000020
2026/09/29 22:36:27.812, 84, 140.42 W, 93 %, 1770 MHz, 0x0000000000000020
2026/09/29 22:36:37.818, 84, 138.98 W, 93 %, 1770 MHz, 0x0000000000000020
2026/09/29 22:36:47.824, 85, 138.72 W, 93 %, 1755 MHz, 0x0000000000000020
2026/09/29 22:36:57.829, 85, 139.91 W, 93 %, 1740 MHz, 0x0000000000000020
2026/09/29 22:37:07.835, 85, 145.07 W, 93 %, 1755 MHz, 0x0000000000000020
2026/09/29 22:37:17.840, 85, 135.60 W, 92 %, 1755 MHz, 0x0000000000000020
2026/09/29 22:37:27.846, 84, 134.66 W, 92 %, 1770 MHz, 0x0000000000000020
2026/09/29 22:37:37.851, 84, 139.28 W, 93 %, 1755 MHz, 0x0000000000000020
2026/09/29 22:37:47.857, 85, 139.79 W, 92 %, 1755 MHz, 0x0000000000000020
2026/09/29 22:37:57.862, 85, 140.01 W, 92 %, 1770 MHz, 0x0000000000000020
2026/09/29 22:38:07.868, 85, 145.76 W, 93 %, 1725 MHz, 0x0000000000000020
2026/09/29 22:38:17.875, 85, 138.50 W, 92 %, 1755 MHz, 0x0000000000000020
2026/09/29 22:38:27.881, 84, 136.23 W, 92 %, 1770 MHz, 0x0000000000000020
2026/09/29 22:38:37.886, 84, 136.91 W, 92 %, 1770 MHz, 0x0000000000000020
2026/09/29 22:38:47.892, 85, 137.18 W, 92 %, 1770 MHz, 0x0000000000000020
2026/09/29 22:38:57.898, 84, 134.81 W, 91 %, 1770 MHz, 0x0000000000000020
2026/09/29 22:39:07.904, 84, 134.43 W, 92 %, 1770 MHz, 0x0000000000000020
2026/09/29 22:39:17.909, 84, 141.02 W, 90 %, 1770 MHz, 0x0000000000000020
2026/09/29 22:39:27.914, 84, 135.49 W, 91 %, 1770 MHz, 0x0000000000000020
2026/09/29 22:39:37.920, 84, 132.56 W, 93 %, 1770 MHz, 0x0000000000000020
2026/09/29 22:39:47.925, 83, 125.04 W, 93 %, 1770 MHz, 0x0000000000000020
2026/09/29 22:39:57.931, 83, 127.13 W, 93 %, 1770 MHz, 0x0000000000000020
2026/09/29 22:40:07.936, 83, 126.61 W, 93 %, 1770 MHz, 0x0000000000000020
2026/09/29 22:40:17.945, 83, 125.47 W, 93 %, 1770 MHz, 0x0000000000000020
2026/09/29 22:40:27.951, 83, 127.23 W, 93 %, 1770 MHz, 0x0000000000000020
2026/09/29 22:40:37.957, 83, 125.48 W, 93 %, 1770 MHz, 0x0000000000000020
2026/09/29 22:40:47.963, 83, 127.06 W, 93 %, 1770 MHz, 0x0000000000000020
2026/09/29 22:40:57.969, 83, 136.96 W, 93 %, 1815 MHz, 0x0000000000000020
2026/09/29 22:41:07.976, 82, 127.67 W, 93 %, 1770 MHz, 0x0000000000000020
2026/09/29 22:41:17.982, 83, 142.91 W, 93 %, 1815 MHz, 0x0000000000000020
2026/09/29 22:41:27.990, 83, 142.69 W, 93 %, 1845 MHz, 0x0000000000000001
2026/09/29 22:41:38.009, 83, 132.99 W, 93 %, 1770 MHz, 0x0000000000000020
2026/09/29 22:41:48.014, 83, 132.88 W, 93 %, 1770 MHz, 0x0000000000000020
2026/09/29 22:41:58.020, 82, 137.93 W, 95 %, 1830 MHz, 0x0000000000000020
2026/09/29 22:42:08.028, 82, 142.80 W, 96 %, 1800 MHz, 0x0000000000000020
2026/09/29 22:42:18.037, 83, 122.48 W, 95 %, 1770 MHz, 0x0000000000000020
2026/09/29 22:42:28.046, 82, 129.18 W, 94 %, 1770 MHz, 0x0000000000000020
2026/09/29 22:42:38.051, 83, 121.96 W, 94 %, 1845 MHz, 0x0000000000000001
2026/09/29 22:42:48.075, 83, 122.29 W, 94 %, 1770 MHz, 0x0000000000000020
2026/09/29 22:42:58.080, 83, 131.63 W, 96 %, 1845 MHz, 0x0000000000000001
2026/09/29 22:43:08.101, 82, 118.90 W, 95 %, 1800 MHz, 0x0000000000000020
2026/09/29 22:43:18.110, 83, 130.12 W, 94 %, 1770 MHz, 0x0000000000000020
2026/09/29 22:43:28.116, 79, 86.79 W, 33 %, 1860 MHz, 0x0000000000000001
2026/09/29 22:43:38.220, 83, 150.99 W, 93 %, 1845 MHz, 0x0000000000000001
2026/09/29 22:43:48.239, 83, 144.08 W, 93 %, 1830 MHz, 0x0000000000000020
2026/09/29 22:43:58.244, 83, 143.07 W, 93 %, 1845 MHz, 0x0000000000000001
2026/09/29 22:44:08.262, 82, 148.70 W, 93 %, 1845 MHz, 0x0000000000000001
2026/09/29 22:44:18.279, 83, 131.32 W, 93 %, 1845 MHz, 0x0000000000000001
2026/09/29 22:44:28.296, 83, 133.71 W, 93 %, 1770 MHz, 0x0000000000000020
2026/09/29 22:44:38.301, 83, 133.38 W, 93 %, 1770 MHz, 0x0000000000000020
2026/09/29 22:44:48.309, 83, 132.24 W, 93 %, 1770 MHz, 0x0000000000000020
2026/09/29 22:44:58.314, 83, 133.27 W, 93 %, 1770 MHz, 0x0000000000000020
2026/09/29 22:45:08.320, 83, 132.89 W, 93 %, 1770 MHz, 0x0000000000000020
2026/09/29 22:45:18.327, 83, 131.53 W, 93 %, 1770 MHz, 0x0000000000000020
2026/09/29 22:45:28.332, 83, 133.47 W, 93 %, 1770 MHz, 0x0000000000000020
2026/09/29 22:45:38.338, 83, 131.19 W, 93 %, 1770 MHz, 0x0000000000000020
2026/09/29 22:45:48.344, 83, 134.07 W, 93 %, 1770 MHz, 0x0000000000000020
2026/09/29 22:45:58.349, 83, 133.52 W, 93 %, 1770 MHz, 0x0000000000000020
2026/09/29 22:46:08.355, 83, 133.78 W, 93 %, 1770 MHz, 0x0000000000000020
2026/09/29 22:46:18.362, 83, 129.10 W, 93 %, 1770 MHz, 0x0000000000000020
2026/09/29 22:46:28.368, 83, 130.39 W, 94 %, 1770 MHz, 0x0000000000000020
2026/09/29 22:46:38.374, 83, 128.90 W, 93 %, 1770 MHz, 0x0000000000000020
2026/09/29 22:46:48.379, 83, 130.25 W, 92 %, 1770 MHz, 0x0000000000000020
2026/09/29 22:46:58.387, 83, 128.96 W, 93 %, 1770 MHz, 0x0000000000000020
2026/09/29 22:47:08.394, 83, 129.22 W, 92 %, 1770 MHz, 0x0000000000000020
2026/09/29 22:47:18.400, 83, 140.51 W, 93 %, 1815 MHz, 0x0000000000000020
2026/09/29 22:47:28.413, 83, 135.69 W, 92 %, 1770 MHz, 0x0000000000000020
2026/09/29 22:47:38.419, 83, 136.78 W, 93 %, 1845 MHz, 0x0000000000000001
2026/09/29 22:47:48.438, 83, 124.60 W, 93 %, 1770 MHz, 0x0000000000000020
2026/09/29 22:47:58.445, 83, 133.37 W, 93 %, 1770 MHz, 0x0000000000000020
2026/09/29 22:48:08.451, 83, 132.50 W, 93 %, 1770 MHz, 0x0000000000000020
2026/09/29 22:48:18.457, 83, 127.95 W, 93 %, 1845 MHz, 0x0000000000000001
2026/09/29 22:48:28.477, 83, 129.18 W, 93 %, 1845 MHz, 0x0000000000000001
2026/09/29 22:48:38.492, 83, 131.97 W, 93 %, 1770 MHz, 0x0000000000000020
2026/09/29 22:48:48.498, 83, 131.64 W, 92 %, 1770 MHz, 0x0000000000000020
2026/09/29 22:48:58.503, 83, 132.10 W, 94 %, 1770 MHz, 0x0000000000000020
2026/09/29 22:49:08.509, 83, 132.98 W, 93 %, 1770 MHz, 0x0000000000000020
2026/09/29 22:49:18.515, 83, 133.02 W, 94 %, 1770 MHz, 0x0000000000000020
2026/09/29 22:49:28.522, 83, 131.68 W, 94 %, 1770 MHz, 0x0000000000000020
2026/09/29 22:49:38.527, 83, 138.09 W, 94 %, 1815 MHz, 0x0000000000000020
2026/09/29 22:49:48.533, 83, 125.02 W, 93 %, 1770 MHz, 0x0000000000000020
2026/09/29 22:49:58.540, 83, 143.12 W, 93 %, 1845 MHz, 0x0000000000000001
2026/09/29 22:50:08.557, 83, 130.64 W, 92 %, 1770 MHz, 0x0000000000000020
2026/09/29 22:50:18.563, 83, 128.47 W, 92 %, 1770 MHz, 0x0000000000000020
2026/09/29 22:50:28.571, 83, 122.53 W, 92 %, 1770 MHz, 0x0000000000000020
2026/09/29 22:50:38.576, 83, 130.52 W, 91 %, 1770 MHz, 0x0000000000000020
2026/09/29 22:50:48.581, 83, 132.83 W, 92 %, 1770 MHz, 0x0000000000000020
2026/09/29 22:50:58.589, 83, 141.71 W, 93 %, 1770 MHz, 0x0000000000000020
2026/09/29 22:51:08.595, 83, 124.65 W, 93 %, 1770 MHz, 0x0000000000000020
2026/09/29 22:51:18.603, 83, 130.21 W, 94 %, 1770 MHz, 0x0000000000000020
2026/09/29 22:51:28.610, 83, 132.55 W, 96 %, 1845 MHz, 0x0000000000000001
2026/09/29 22:51:38.636, 83, 138.16 W, 95 %, 1845 MHz, 0x0000000000000001
2026/09/29 22:51:48.659, 83, 126.65 W, 94 %, 1770 MHz, 0x0000000000000020
2026/09/29 22:51:58.666, 83, 131.33 W, 95 %, 1770 MHz, 0x0000000000000020
2026/09/29 22:52:08.671, 83, 140.51 W, 95 %, 1800 MHz, 0x0000000000000020
2026/09/29 22:52:18.677, 83, 130.50 W, 93 %, 1770 MHz, 0x0000000000000020
2026/09/29 22:52:28.683, 83, 132.29 W, 94 %, 1770 MHz, 0x0000000000000020
2026/09/29 22:52:38.689, 83, 134.96 W, 93 %, 1815 MHz, 0x0000000000000020
2026/09/29 22:52:48.695, 83, 125.50 W, 95 %, 1770 MHz, 0x0000000000000020
2026/09/29 22:52:58.702, 83, 130.62 W, 95 %, 1785 MHz, 0x0000000000000020
2026/09/29 22:53:08.716, 83, 132.73 W, 95 %, 1770 MHz, 0x0000000000000020
2026/09/29 22:53:18.723, 83, 137.03 W, 93 %, 1770 MHz, 0x0000000000000020
2026/09/29 22:53:28.729, 83, 133.18 W, 95 %, 1770 MHz, 0x0000000000000020
2026/09/29 22:53:38.739, 83, 131.97 W, 95 %, 1770 MHz, 0x0000000000000020
2026/09/29 22:53:48.745, 83, 131.05 W, 94 %, 1770 MHz, 0x0000000000000020
2026/09/29 22:53:58.752, 83, 132.70 W, 94 %, 1770 MHz, 0x0000000000000020
2026/09/29 22:54:08.758, 82, 125.15 W, 95 %, 1770 MHz, 0x0000000000000020
2026/09/29 22:54:18.766, 83, 132.31 W, 96 %, 1815 MHz, 0x0000000000000020
2026/09/29 22:54:28.772, 83, 131.07 W, 95 %, 1770 MHz, 0x0000000000000020
2026/09/29 22:54:38.778, 83, 129.97 W, 93 %, 1770 MHz, 0x0000000000000020
2026/09/29 22:54:48.784, 83, 134.64 W, 94 %, 1770 MHz, 0x0000000000000020
2026/09/29 22:54:58.791, 83, 136.77 W, 94 %, 1770 MHz, 0x0000000000000020
2026/09/29 22:55:08.797, 83, 132.08 W, 94 %, 1770 MHz, 0x0000000000000020
2026/09/29 22:55:18.803, 83, 138.71 W, 93 %, 1770 MHz, 0x0000000000000020
2026/09/29 22:55:28.808, 83, 134.03 W, 94 %, 1770 MHz, 0x0000000000000020
2026/09/29 22:55:38.815, 83, 131.81 W, 94 %, 1770 MHz, 0x0000000000000020
2026/09/29 22:55:48.821, 84, 140.23 W, 93 %, 1770 MHz, 0x0000000000000020
2026/09/29 22:55:58.827, 83, 130.76 W, 92 %, 1770 MHz, 0x0000000000000020
2026/09/29 22:56:08.832, 83, 132.33 W, 92 %, 1770 MHz, 0x0000000000000020
2026/09/29 22:56:18.839, 83, 130.35 W, 93 %, 1770 MHz, 0x0000000000000020
2026/09/29 22:56:28.845, 83, 128.20 W, 94 %, 1770 MHz, 0x0000000000000020
2026/09/29 22:56:38.852, 83, 135.85 W, 93 %, 1770 MHz, 0x0000000000000020
2026/09/29 22:56:48.857, 83, 131.93 W, 94 %, 1770 MHz, 0x0000000000000020
2026/09/29 22:56:58.867, 83, 132.67 W, 93 %, 1770 MHz, 0x0000000000000020
2026/09/29 22:57:08.873, 83, 128.18 W, 92 %, 1770 MHz, 0x0000000000000020
2026/09/29 22:57:18.878, 84, 136.36 W, 95 %, 1770 MHz, 0x0000000000000020
2026/09/29 22:57:28.885, 83, 129.79 W, 94 %, 1770 MHz, 0x0000000000000020
2026/09/29 22:57:38.891, 84, 137.35 W, 92 %, 1770 MHz, 0x0000000000000020
2026/09/29 22:57:48.896, 84, 137.55 W, 92 %, 1770 MHz, 0x0000000000000020
2026/09/29 22:57:58.902, 84, 136.30 W, 92 %, 1770 MHz, 0x0000000000000020
2026/09/29 22:58:08.910, 84, 138.23 W, 92 %, 1770 MHz, 0x0000000000000020
2026/09/29 22:58:18.916, 84, 138.21 W, 92 %, 1770 MHz, 0x0000000000000020
2026/09/29 22:58:28.922, 84, 136.27 W, 92 %, 1770 MHz, 0x0000000000000020
2026/09/29 22:58:38.928, 84, 137.65 W, 92 %, 1770 MHz, 0x0000000000000020
2026/09/29 22:58:48.936, 84, 138.16 W, 92 %, 1770 MHz, 0x0000000000000020
2026/09/29 22:58:58.943, 84, 136.34 W, 92 %, 1770 MHz, 0x0000000000000020
2026/09/29 22:59:08.950, 84, 138.09 W, 92 %, 1770 MHz, 0x0000000000000020
2026/09/29 22:59:18.958, 84, 138.22 W, 92 %, 1770 MHz, 0x0000000000000020
2026/09/29 22:59:28.966, 84, 138.09 W, 92 %, 1770 MHz, 0x0000000000000020
2026/09/29 22:59:38.972, 84, 136.91 W, 92 %, 1770 MHz, 0x0000000000000020
2026/09/29 22:59:48.978, 84, 137.95 W, 92 %, 1770 MHz, 0x0000000000000020
2026/09/29 22:59:58.984, 84, 138.15 W, 93 %, 1770 MHz, 0x0000000000000020
2026/09/29 23:00:08.989, 84, 135.59 W, 92 %, 1770 MHz, 0x0000000000000020
2026/09/29 23:00:18.995, 84, 139.72 W, 93 %, 1770 MHz, 0x0000000000000020
2026/09/29 23:00:29.002, 84, 138.46 W, 93 %, 1770 MHz, 0x0000000000000020
2026/09/29 23:00:39.008, 84, 139.45 W, 93 %, 1770 MHz, 0x0000000000000020
2026/09/29 23:00:49.013, 85, 138.89 W, 93 %, 1755 MHz, 0x0000000000000020
2026/09/29 23:00:59.019, 85, 139.69 W, 93 %, 1770 MHz, 0x0000000000000020
2026/09/29 23:01:09.024, 85, 135.33 W, 94 %, 1740 MHz, 0x0000000000000020
2026/09/29 23:01:19.031, 77, 23.50 W, 11 %, 300 MHz, 0x0000000000000001
2026/09/30 19:33:41.652, 31, 17.16 W, 4 %, 300 MHz, 0x0000000000000001
2026/09/30 19:33:51.704, 41, 82.27 W, 63 %, 1950 MHz, 0x0000000000000000
2026/09/30 19:34:01.725, 43, 79.32 W, 68 %, 1950 MHz, 0x0000000000000000
2026/09/30 19:34:11.743, 44, 65.27 W, 30 %, 1935 MHz, 0x0000000000000000
2026/09/30 19:34:21.750, 45, 65.49 W, 55 %, 1935 MHz, 0x0000000000000000
2026/09/30 19:34:31.756, 46, 79.15 W, 51 %, 1935 MHz, 0x0000000000000000
2026/09/30 19:34:41.762, 48, 116.57 W, 29 %, 1935 MHz, 0x0000000000000000
2026/09/30 19:34:51.766, 48, 80.12 W, 67 %, 1935 MHz, 0x0000000000000000
2026/09/30 19:35:01.771, 51, 121.31 W, 99 %, 1935 MHz, 0x0000000000000000
2026/09/30 19:35:11.775, 49, 79.70 W, 68 %, 1920 MHz, 0x0000000000000000
2026/09/30 19:35:21.781, 50, 66.65 W, 96 %, 1920 MHz, 0x0000000000000000
2026/09/30 19:35:31.785, 50, 80.00 W, 67 %, 1920 MHz, 0x0000000000000000
2026/09/30 19:35:41.790, 51, 80.64 W, 66 %, 1920 MHz, 0x0000000000000000
2026/09/30 19:35:51.795, 51, 66.69 W, 67 %, 1920 MHz, 0x0000000000000000
2026/09/30 19:36:01.799, 52, 81.06 W, 24 %, 1920 MHz, 0x0000000000000000
2026/09/30 19:36:11.803, 54, 120.20 W, 24 %, 1920 MHz, 0x0000000000000000
2026/09/30 19:36:21.809, 53, 81.56 W, 68 %, 1920 MHz, 0x0000000000000000
2026/09/30 19:36:31.815, 56, 120.68 W, 65 %, 1920 MHz, 0x0000000000000000
2026/09/30 19:36:41.821, 54, 80.82 W, 67 %, 1905 MHz, 0x0000000000000000
2026/09/30 19:36:51.827, 54, 67.86 W, 99 %, 1905 MHz, 0x0000000000000000
2026/09/30 19:37:01.831, 55, 70.14 W, 67 %, 1905 MHz, 0x0000000000000000
2026/09/30 19:37:11.836, 55, 81.84 W, 25 %, 1905 MHz, 0x0000000000000000
2026/09/30 19:37:21.842, 55, 103.30 W, 53 %, 1905 MHz, 0x0000000000000000
2026/09/30 19:37:31.846, 56, 82.31 W, 49 %, 1905 MHz, 0x0000000000000000
2026/09/30 19:37:41.851, 58, 119.99 W, 19 %, 1905 MHz, 0x0000000000000000
2026/09/30 19:37:51.857, 57, 82.61 W, 67 %, 1905 MHz, 0x0000000000000000
2026/09/30 19:38:01.863, 59, 120.44 W, 89 %, 1905 MHz, 0x0000000000000000
2026/09/30 19:38:11.869, 58, 82.76 W, 67 %, 1905 MHz, 0x0000000000000000
2026/09/30 19:38:21.874, 60, 121.36 W, 99 %, 1905 MHz, 0x0000000000000000
2026/09/30 19:38:31.878, 59, 83.69 W, 66 %, 1905 MHz, 0x0000000000000000
2026/09/30 19:38:41.884, 59, 72.35 W, 98 %, 1905 MHz, 0x0000000000000000
2026/09/30 19:38:51.898, 60, 86.01 W, 67 %, 1905 MHz, 0x0000000000000000
2026/09/30 19:39:01.913, 60, 86.03 W, 20 %, 1905 MHz, 0x0000000000000000
2026/09/30 19:39:11.928, 60, 72.85 W, 49 %, 1905 MHz, 0x0000000000000000
2026/09/30 19:39:21.944, 61, 86.26 W, 51 %, 1905 MHz, 0x0000000000000000
2026/09/30 19:39:31.959, 62, 127.70 W, 21 %, 1905 MHz, 0x0000000000000000
2026/09/30 19:39:41.974, 62, 86.51 W, 68 %, 1905 MHz, 0x0000000000000000
2026/09/30 19:39:51.990, 64, 127.69 W, 97 %, 1905 MHz, 0x0000000000000000
2026/09/30 19:40:02.004, 62, 87.14 W, 68 %, 1905 MHz, 0x0000000000000000
2026/09/30 19:40:12.019, 63, 73.30 W, 72 %, 1905 MHz, 0x0000000000000000
2026/09/30 19:40:22.034, 63, 79.26 W, 67 %, 1905 MHz, 0x0000000000000000
2026/09/30 19:40:32.049, 63, 87.92 W, 19 %, 1905 MHz, 0x0000000000000000
2026/09/30 19:40:42.065, 63, 73.64 W, 30 %, 1905 MHz, 0x0000000000000000
2026/09/30 19:40:52.080, 64, 86.40 W, 68 %, 1890 MHz, 0x0000000000000000
2026/09/30 19:41:02.096, 65, 128.01 W, 48 %, 1890 MHz, 0x0000000000000000
2026/09/30 19:41:12.113, 65, 86.82 W, 68 %, 1890 MHz, 0x0000000000000000
2026/09/30 19:41:22.131, 67, 128.55 W, 99 %, 1890 MHz, 0x0000000000000000
2026/09/30 19:41:32.149, 65, 87.51 W, 68 %, 1890 MHz, 0x0000000000000000
2026/09/30 19:41:42.166, 65, 73.66 W, 60 %, 1890 MHz, 0x0000000000000000
2026/09/30 19:41:52.179, 66, 87.85 W, 67 %, 1890 MHz, 0x0000000000000000
2026/09/30 19:42:02.194, 66, 87.49 W, 21 %, 1890 MHz, 0x0000000000000000
2026/09/30 19:42:12.209, 66, 74.24 W, 30 %, 1890 MHz, 0x0000000000000000
2026/09/30 19:42:22.225, 67, 87.83 W, 67 %, 1890 MHz, 0x0000000000000000
2026/09/30 19:42:32.241, 69, 128.54 W, 45 %, 1890 MHz, 0x0000000000000000
2026/09/30 19:42:42.257, 67, 88.27 W, 68 %, 1890 MHz, 0x0000000000000000
2026/09/30 19:42:52.272, 69, 127.24 W, 99 %, 1890 MHz, 0x0000000000000000
2026/09/30 19:43:02.287, 67, 89.10 W, 67 %, 1890 MHz, 0x0000000000000000
2026/09/30 19:43:12.302, 68, 75.90 W, 64 %, 1890 MHz, 0x0000000000000000
2026/09/30 19:43:22.316, 68, 90.21 W, 68 %, 1890 MHz, 0x0000000000000000
2026/09/30 19:43:32.331, 68, 89.60 W, 17 %, 1890 MHz, 0x0000000000000000
2026/09/30 19:43:42.348, 68, 76.21 W, 68 %, 1890 MHz, 0x0000000000000000
2026/09/30 19:43:52.362, 69, 90.19 W, 29 %, 1890 MHz, 0x0000000000000000
2026/09/30 19:44:02.380, 69, 125.01 W, 59 %, 1890 MHz, 0x0000000000000000
2026/09/30 19:44:12.397, 69, 89.15 W, 41 %, 1890 MHz, 0x0000000000000000
2026/09/30 19:44:22.413, 71, 130.14 W, 14 %, 1890 MHz, 0x0000000000000000
2026/09/30 19:44:32.429, 69, 89.18 W, 68 %, 1875 MHz, 0x0000000000000000
2026/09/30 19:44:42.444, 71, 121.24 W, 69 %, 1875 MHz, 0x0000000000000000
2026/09/30 19:44:52.459, 69, 89.67 W, 68 %, 1875 MHz, 0x0000000000000000
2026/09/30 19:45:02.475, 69, 76.03 W, 99 %, 1875 MHz, 0x0000000000000000
2026/09/30 19:45:12.490, 69, 90.15 W, 68 %, 1875 MHz, 0x0000000000000000
2026/09/30 19:45:22.506, 70, 89.23 W, 63 %, 1875 MHz, 0x0000000000000000
2026/09/30 19:45:32.521, 69, 76.19 W, 68 %, 1875 MHz, 0x0000000000000000
2026/09/30 19:45:42.535, 70, 89.42 W, 15 %, 1875 MHz, 0x0000000000000000
2026/09/30 19:45:52.553, 69, 128.66 W, 39 %, 1875 MHz, 0x0000000000000000
2026/09/30 19:46:02.569, 70, 90.11 W, 60 %, 1875 MHz, 0x0000000000000000
2026/09/30 19:46:12.585, 72, 129.86 W, 28 %, 1875 MHz, 0x0000000000000000
2026/09/30 19:46:22.601, 70, 90.09 W, 68 %, 1875 MHz, 0x0000000000000000
2026/09/30 19:46:32.616, 73, 78.66 W, 87 %, 1875 MHz, 0x0000000000000000
2026/09/30 19:46:42.631, 71, 90.10 W, 67 %, 1875 MHz, 0x0000000000000000
2026/09/30 19:46:52.647, 71, 77.01 W, 99 %, 1875 MHz, 0x0000000000000000
2026/09/30 19:47:02.661, 70, 82.76 W, 68 %, 1875 MHz, 0x0000000000000000
2026/09/30 19:47:12.675, 71, 90.98 W, 34 %, 1875 MHz, 0x0000000000000000
2026/09/30 19:47:22.691, 70, 76.90 W, 64 %, 1875 MHz, 0x0000000000000000
2026/09/30 19:47:32.705, 71, 91.40 W, 35 %, 1875 MHz, 0x0000000000000000
2026/09/30 19:47:42.720, 73, 130.81 W, 20 %, 1875 MHz, 0x0000000000000000
2026/09/30 19:47:52.737, 71, 90.98 W, 68 %, 1875 MHz, 0x0000000000000000
2026/09/30 19:48:02.753, 73, 131.02 W, 52 %, 1875 MHz, 0x0000000000000000
2026/09/30 19:48:12.769, 71, 92.04 W, 68 %, 1875 MHz, 0x0000000000000000
2026/09/30 19:48:22.785, 72, 79.18 W, 99 %, 1875 MHz, 0x0000000000000000
2026/09/30 19:48:32.804, 71, 91.58 W, 67 %, 1875 MHz, 0x0000000000000000
2026/09/30 19:48:42.819, 71, 78.67 W, 74 %, 1875 MHz, 0x0000000000000000
2026/09/30 19:48:52.836, 72, 78.89 W, 67 %, 1875 MHz, 0x0000000000000000
2026/09/30 19:49:02.854, 72, 91.71 W, 19 %, 1875 MHz, 0x0000000000000000
2026/09/30 19:49:12.869, 71, 78.46 W, 46 %, 1875 MHz, 0x0000000000000000
2026/09/30 19:49:22.886, 72, 93.16 W, 52 %, 1875 MHz, 0x0000000000000000
2026/09/30 19:49:32.901, 74, 131.63 W, 20 %, 1875 MHz, 0x0000000000000000
2026/09/30 19:49:42.917, 72, 92.92 W, 68 %, 1875 MHz, 0x0000000000000000
2026/09/30 19:49:52.932, 74, 131.42 W, 77 %, 1875 MHz, 0x0000000000000000
2026/09/30 19:50:02.947, 72, 93.22 W, 68 %, 1875 MHz, 0x0000000000000000
2026/09/30 19:50:12.963, 74, 79.84 W, 99 %, 1875 MHz, 0x0000000000000000
2026/09/30 19:50:22.978, 72, 92.90 W, 68 %, 1875 MHz, 0x0000000000000000
2026/09/30 19:50:32.994, 72, 79.34 W, 48 %, 1875 MHz, 0x0000000000000000
2026/09/30 19:50:43.009, 72, 79.52 W, 67 %, 1875 MHz, 0x0000000000000000
2026/09/30 19:50:53.023, 72, 93.69 W, 22 %, 1875 MHz, 0x0000000000000000
2026/09/30 19:51:03.039, 72, 79.29 W, 33 %, 1875 MHz, 0x0000000000000000
2026/09/30 19:51:13.054, 73, 93.72 W, 62 %, 1875 MHz, 0x0000000000000000
2026/09/30 19:51:23.069, 74, 131.92 W, 32 %, 1875 MHz, 0x0000000000000000
2026/09/30 19:51:33.087, 73, 93.08 W, 68 %, 1875 MHz, 0x0000000000000000
2026/09/30 19:51:43.104, 75, 132.37 W, 94 %, 1875 MHz, 0x0000000000000000
2026/09/30 19:51:53.120, 73, 93.05 W, 68 %, 1875 MHz, 0x0000000000000000
2026/09/30 19:52:03.135, 75, 80.20 W, 89 %, 1875 MHz, 0x0000000000000000
2026/09/30 19:52:13.153, 73, 93.52 W, 67 %, 1875 MHz, 0x0000000000000000
2026/09/30 19:52:23.169, 73, 81.93 W, 31 %, 1875 MHz, 0x0000000000000000
2026/09/30 19:52:33.184, 72, 79.74 W, 61 %, 1875 MHz, 0x0000000000000000
2026/09/30 19:52:43.200, 73, 93.32 W, 38 %, 1875 MHz, 0x0000000000000000
2026/09/30 19:52:53.217, 73, 108.24 W, 16 %, 1875 MHz, 0x0000000000000000
2026/09/30 19:53:03.235, 73, 93.87 W, 68 %, 1875 MHz, 0x0000000000000000
2026/09/30 19:53:13.249, 75, 133.11 W, 58 %, 1875 MHz, 0x0000000000000000
2026/09/30 19:53:23.264, 73, 93.58 W, 68 %, 1875 MHz, 0x0000000000000000
2026/09/30 19:53:33.279, 75, 132.43 W, 99 %, 1875 MHz, 0x0000000000000000
2026/09/30 19:53:43.299, 73, 93.41 W, 67 %, 1875 MHz, 0x0000000000000000
2026/09/30 19:53:53.315, 73, 93.46 W, 52 %, 1875 MHz, 0x0000000000000000
2026/09/30 19:54:03.331, 73, 130.72 W, 18 %, 1875 MHz, 0x0000000000000000
2026/09/30 19:54:13.346, 74, 93.89 W, 68 %, 1875 MHz, 0x0000000000000000
2026/09/30 19:54:23.361, 75, 131.26 W, 81 %, 1875 MHz, 0x0000000000000000
2026/09/30 19:54:33.378, 74, 93.76 W, 67 %, 1875 MHz, 0x0000000000000000
2026/09/30 19:54:43.393, 76, 134.30 W, 48 %, 1875 MHz, 0x0000000000000000
2026/09/30 19:54:53.411, 73, 129.46 W, 62 %, 1875 MHz, 0x0000000000000000
2026/09/30 19:55:03.428, 74, 94.17 W, 38 %, 1875 MHz, 0x0000000000000000
2026/09/30 19:55:13.444, 75, 131.07 W, 16 %, 1875 MHz, 0x0000000000000000
2026/09/30 19:55:23.460, 74, 94.69 W, 68 %, 1875 MHz, 0x0000000000000000
2026/09/30 19:55:33.475, 76, 133.71 W, 58 %, 1875 MHz, 0x0000000000000000
2026/09/30 19:55:43.490, 74, 94.76 W, 67 %, 1875 MHz, 0x0000000000000000
2026/09/30 19:55:53.505, 74, 80.92 W, 99 %, 1875 MHz, 0x0000000000000000
2026/09/30 19:56:03.520, 74, 92.38 W, 68 %, 1860 MHz, 0x0000000000000000
2026/09/30 19:56:13.537, 73, 93.04 W, 73 %, 1860 MHz, 0x0000000000000000
2026/09/30 19:56:23.553, 73, 79.25 W, 68 %, 1860 MHz, 0x0000000000000000
2026/09/30 19:56:33.569, 74, 93.13 W, 20 %, 1860 MHz, 0x0000000000000000
2026/09/30 19:56:43.584, 73, 131.36 W, 56 %, 1860 MHz, 0x0000000000000000
2026/09/30 19:56:53.599, 74, 93.24 W, 36 %, 1860 MHz, 0x0000000000000000
2026/09/30 19:57:03.614, 75, 132.45 W, 21 %, 1860 MHz, 0x0000000000000000
2026/09/30 19:57:13.631, 74, 93.28 W, 68 %, 1860 MHz, 0x0000000000000000
2026/09/30 19:57:23.646, 76, 133.21 W, 42 %, 1860 MHz, 0x0000000000000000
2026/09/30 19:57:33.661, 74, 93.88 W, 68 %, 1860 MHz, 0x0000000000000000
2026/09/30 19:57:43.677, 74, 80.90 W, 99 %, 1860 MHz, 0x0000000000000000
2026/09/30 19:57:53.691, 74, 92.91 W, 68 %, 1860 MHz, 0x0000000000000000
2026/09/30 19:58:03.706, 73, 79.69 W, 99 %, 1860 MHz, 0x0000000000000000
2026/09/30 19:58:13.720, 74, 94.01 W, 67 %, 1860 MHz, 0x0000000000000000
2026/09/30 19:58:23.736, 74, 93.14 W, 50 %, 1860 MHz, 0x0000000000000000
2026/09/30 19:58:33.753, 73, 79.66 W, 67 %, 1860 MHz, 0x0000000000000000
2026/09/30 19:58:43.770, 74, 93.23 W, 17 %, 1860 MHz, 0x0000000000000000
2026/09/30 19:58:53.785, 75, 128.34 W, 39 %, 1860 MHz, 0x0000000000000000
2026/09/30 19:59:03.800, 74, 93.39 W, 55 %, 1860 MHz, 0x0000000000000000
2026/09/30 19:59:13.815, 76, 133.93 W, 16 %, 1860 MHz, 0x0000000000000000
2026/09/30 19:59:23.832, 74, 94.07 W, 68 %, 1860 MHz, 0x0000000000000000
2026/09/30 19:59:33.851, 76, 131.58 W, 68 %, 1860 MHz, 0x0000000000000000
2026/09/30 19:59:43.866, 74, 93.50 W, 67 %, 1860 MHz, 0x0000000000000000
2026/09/30 19:59:53.883, 76, 80.71 W, 99 %, 1860 MHz, 0x0000000000000000
2026/09/30 20:00:03.897, 74, 93.53 W, 67 %, 1860 MHz, 0x0000000000000000
2026/09/30 20:00:13.912, 73, 79.67 W, 79 %, 1860 MHz, 0x0000000000000000
2026/09/30 20:00:23.927, 74, 93.46 W, 68 %, 1860 MHz, 0x0000000000000000
2026/09/30 20:00:33.943, 74, 93.19 W, 21 %, 1860 MHz, 0x0000000000000000
2026/09/30 20:00:43.960, 73, 79.70 W, 58 %, 1860 MHz, 0x0000000000000000
2026/09/30 20:00:53.977, 74, 93.31 W, 36 %, 1860 MHz, 0x0000000000000000
2026/09/30 20:01:03.992, 73, 126.01 W, 21 %, 1860 MHz, 0x0000000000000000
2026/09/30 20:01:14.009, 74, 93.03 W, 67 %, 1860 MHz, 0x0000000000000000
2026/09/30 20:01:24.026, 76, 131.77 W, 42 %, 1860 MHz, 0x0000000000000000
2026/09/30 20:01:34.042, 74, 93.91 W, 68 %, 1860 MHz, 0x0000000000000000
2026/09/30 20:01:44.059, 76, 132.85 W, 99 %, 1860 MHz, 0x0000000000000000
2026/09/30 20:01:54.075, 74, 93.39 W, 67 %, 1860 MHz, 0x0000000000000000
2026/09/30 20:02:04.091, 75, 80.32 W, 84 %, 1860 MHz, 0x0000000000000000
2026/09/30 20:02:14.106, 74, 93.62 W, 68 %, 1860 MHz, 0x0000000000000000
2026/09/30 20:02:24.123, 74, 96.89 W, 29 %, 1860 MHz, 0x0000000000000000
2026/09/30 20:02:34.138, 74, 80.12 W, 63 %, 1860 MHz, 0x0000000000000000
2026/09/30 20:02:44.158, 74, 93.89 W, 34 %, 1860 MHz, 0x0000000000000000
2026/09/30 20:02:54.174, 74, 123.58 W, 22 %, 1860 MHz, 0x0000000000000000
2026/09/30 20:03:04.194, 75, 93.76 W, 67 %, 1860 MHz, 0x0000000000000000
2026/09/30 20:03:14.209, 76, 132.66 W, 29 %, 1860 MHz, 0x0000000000000000
2026/09/30 20:03:24.224, 75, 93.83 W, 68 %, 1860 MHz, 0x0000000000000000
2026/09/30 20:03:34.240, 77, 131.98 W, 84 %, 1860 MHz, 0x0000000000000000
2026/09/30 20:03:44.255, 74, 94.33 W, 68 %, 1860 MHz, 0x0000000000000000
2026/09/30 20:03:54.272, 77, 109.04 W, 99 %, 1860 MHz, 0x0000000000000000
2026/09/30 20:04:04.287, 75, 94.11 W, 67 %, 1860 MHz, 0x0000000000000000
2026/09/30 20:04:14.302, 74, 80.64 W, 54 %, 1860 MHz, 0x0000000000000000
2026/09/30 20:04:24.316, 75, 93.67 W, 67 %, 1860 MHz, 0x0000000000000000
2026/09/30 20:04:34.331, 75, 93.82 W, 14 %, 1860 MHz, 0x0000000000000000
2026/09/30 20:04:44.346, 74, 80.38 W, 42 %, 1860 MHz, 0x0000000000000000
2026/09/30 20:04:54.360, 75, 94.12 W, 52 %, 1860 MHz, 0x0000000000000000
2026/09/30 20:05:04.377, 74, 106.17 W, 17 %, 1860 MHz, 0x0000000000000000
2026/09/30 20:05:14.396, 75, 93.98 W, 68 %, 1860 MHz, 0x0000000000000000
2026/09/30 20:05:24.413, 76, 132.48 W, 65 %, 1860 MHz, 0x0000000000000000
2026/09/30 20:05:34.428, 75, 93.46 W, 68 %, 1860 MHz, 0x0000000000000000
2026/09/30 20:05:44.443, 77, 130.91 W, 25 %, 1860 MHz, 0x0000000000000000
2026/09/30 20:05:54.459, 75, 94.23 W, 67 %, 1860 MHz, 0x0000000000000000
2026/09/30 20:06:04.476, 77, 82.17 W, 78 %, 1860 MHz, 0x0000000000000000
2026/09/30 20:06:14.491, 75, 94.22 W, 68 %, 1860 MHz, 0x0000000000000000
2026/09/30 20:06:24.509, 75, 81.02 W, 99 %, 1860 MHz, 0x0000000000000000
2026/09/30 20:06:34.524, 75, 92.46 W, 68 %, 1860 MHz, 0x0000000000000000
2026/09/30 20:06:44.539, 75, 94.61 W, 65 %, 1860 MHz, 0x0000000000000000
2026/09/30 20:06:54.555, 74, 80.10 W, 68 %, 1860 MHz, 0x0000000000000000
2026/09/30 20:07:04.569, 75, 94.10 W, 18 %, 1860 MHz, 0x0000000000000000
2026/09/30 20:07:14.587, 74, 130.08 W, 53 %, 1860 MHz, 0x0000000000000000
2026/09/30 20:07:24.603, 75, 94.13 W, 41 %, 1860 MHz, 0x0000000000000000
2026/09/30 20:07:34.619, 76, 133.82 W, 17 %, 1860 MHz, 0x0000000000000000
2026/09/30 20:07:44.634, 75, 93.80 W, 67 %, 1860 MHz, 0x0000000000000000
2026/09/30 20:07:54.649, 77, 132.72 W, 49 %, 1860 MHz, 0x0000000000000000
2026/09/30 20:08:04.665, 75, 94.18 W, 68 %, 1860 MHz, 0x0000000000000000
2026/09/30 20:08:14.679, 77, 81.75 W, 99 %, 1860 MHz, 0x0000000000000000
2026/09/30 20:08:24.694, 75, 94.31 W, 68 %, 1860 MHz, 0x0000000000000000
2026/09/30 20:08:34.710, 75, 80.90 W, 91 %, 1860 MHz, 0x0000000000000000
2026/09/30 20:08:44.726, 75, 81.00 W, 68 %, 1860 MHz, 0x0000000000000000
2026/09/30 20:08:54.740, 75, 94.84 W, 33 %, 1860 MHz, 0x0000000000000000
2026/09/30 20:09:04.755, 74, 80.24 W, 66 %, 1860 MHz, 0x0000000000000000
2026/09/30 20:09:14.770, 75, 93.99 W, 31 %, 1860 MHz, 0x0000000000000000
2026/09/30 20:09:24.785, 77, 132.62 W, 25 %, 1860 MHz, 0x0000000000000000
2026/09/30 20:09:34.802, 75, 94.44 W, 67 %, 1860 MHz, 0x0000000000000000
2026/09/30 20:09:44.817, 77, 132.98 W, 38 %, 1860 MHz, 0x0000000000000000
2026/09/30 20:09:54.832, 75, 94.10 W, 68 %, 1860 MHz, 0x0000000000000000
2026/09/30 20:10:04.847, 77, 133.19 W, 91 %, 1860 MHz, 0x0000000000000000
2026/09/30 20:10:14.862, 75, 94.18 W, 68 %, 1860 MHz, 0x0000000000000000
2026/09/30 20:10:24.877, 75, 81.01 W, 99 %, 1860 MHz, 0x0000000000000000
2026/09/30 20:10:34.892, 75, 94.04 W, 68 %, 1860 MHz, 0x0000000000000000
2026/09/30 20:10:44.907, 75, 95.10 W, 47 %, 1860 MHz, 0x0000000000000000
2026/09/30 20:10:54.923, 75, 80.67 W, 68 %, 1860 MHz, 0x0000000000000000
2026/09/30 20:11:04.938, 75, 94.74 W, 19 %, 1860 MHz, 0x0000000000000000
2026/09/30 20:11:14.954, 74, 95.11 W, 38 %, 1860 MHz, 0x0000000000000000
2026/09/30 20:11:24.970, 75, 94.16 W, 53 %, 1860 MHz, 0x0000000000000000
2026/09/30 20:11:34.985, 76, 133.61 W, 15 %, 1860 MHz, 0x0000000000000000
2026/09/30 20:11:45.001, 75, 95.17 W, 68 %, 1860 MHz, 0x0000000000000000
2026/09/30 20:11:55.017, 77, 132.74 W, 65 %, 1860 MHz, 0x0000000000000000
2026/09/30 20:12:05.033, 75, 94.38 W, 68 %, 1860 MHz, 0x0000000000000000
2026/09/30 20:12:15.049, 77, 116.03 W, 99 %, 1860 MHz, 0x0000000000000000
2026/09/30 20:12:25.063, 75, 94.60 W, 67 %, 1860 MHz, 0x0000000000000000
2026/09/30 20:12:35.078, 75, 80.86 W, 75 %, 1860 MHz, 0x0000000000000000
2026/09/30 20:12:45.092, 75, 94.22 W, 67 %, 1860 MHz, 0x0000000000000000
2026/09/30 20:12:55.109, 75, 94.44 W, 26 %, 1860 MHz, 0x0000000000000000
2026/09/30 20:13:05.126, 75, 80.49 W, 60 %, 1860 MHz, 0x0000000000000000
2026/09/30 20:13:15.140, 75, 94.13 W, 36 %, 1860 MHz, 0x0000000000000000
2026/09/30 20:13:25.157, 74, 132.03 W, 19 %, 1860 MHz, 0x0000000000000000
2026/09/30 20:13:35.172, 75, 94.19 W, 68 %, 1860 MHz, 0x0000000000000000
2026/09/30 20:13:45.187, 76, 133.71 W, 43 %, 1860 MHz, 0x0000000000000000
2026/09/30 20:13:55.205, 75, 94.55 W, 68 %, 1860 MHz, 0x0000000000000000
2026/09/30 20:14:05.222, 77, 133.15 W, 94 %, 1860 MHz, 0x0000000000000000
2026/09/30 20:14:15.238, 75, 94.85 W, 68 %, 1860 MHz, 0x0000000000000000
2026/09/30 20:14:25.253, 76, 82.40 W, 99 %, 1860 MHz, 0x0000000000000000
2026/09/30 20:14:35.267, 75, 94.57 W, 68 %, 1860 MHz, 0x0000000000000000
2026/09/30 20:14:45.282, 75, 80.97 W, 44 %, 1860 MHz, 0x0000000000000000
2026/09/30 20:14:55.296, 75, 93.70 W, 68 %, 1860 MHz, 0x0000000000000000
2026/09/30 20:15:05.311, 75, 94.53 W, 22 %, 1860 MHz, 0x0000000000000000
2026/09/30 20:15:15.326, 75, 81.41 W, 40 %, 1860 MHz, 0x0000000000000000
2026/09/30 20:15:25.342, 75, 94.58 W, 52 %, 1860 MHz, 0x0000000000000000
2026/09/30 20:15:35.358, 75, 129.89 W, 17 %, 1860 MHz, 0x0000000000000000
2026/09/30 20:15:45.376, 75, 94.09 W, 68 %, 1860 MHz, 0x0000000000000000
2026/09/30 20:15:55.393, 77, 133.18 W, 68 %, 1860 MHz, 0x0000000000000000
2026/09/30 20:16:05.411, 75, 94.30 W, 68 %, 1860 MHz, 0x0000000000000000
2026/09/30 20:16:15.427, 77, 130.62 W, 99 %, 1860 MHz, 0x0000000000000000
2026/09/30 20:16:25.444, 75, 94.62 W, 68 %, 1860 MHz, 0x0000000000000000
2026/09/30 20:16:35.461, 77, 81.74 W, 76 %, 1860 MHz, 0x0000000000000000
2026/09/30 20:16:45.478, 75, 93.73 W, 67 %, 1860 MHz, 0x0000000000000000
2026/09/30 20:16:55.494, 75, 80.97 W, 99 %, 1860 MHz, 0x0000000000000000
2026/09/30 20:17:05.510, 75, 94.26 W, 68 %, 1860 MHz, 0x0000000000000000
2026/09/30 20:17:15.525, 75, 94.53 W, 71 %, 1860 MHz, 0x0000000000000000
2026/09/30 20:17:25.541, 75, 80.59 W, 68 %, 1860 MHz, 0x0000000000000000
2026/09/30 20:17:35.557, 75, 94.62 W, 19 %, 1860 MHz, 0x0000000000000000
2026/09/30 20:17:45.574, 74, 127.63 W, 56 %, 1860 MHz, 0x0000000000000000
2026/09/30 20:17:55.592, 75, 93.91 W, 37 %, 1860 MHz, 0x0000000000000000
2026/09/30 20:18:05.609, 77, 134.81 W, 21 %, 1860 MHz, 0x0000000000000000
2026/09/30 20:18:15.626, 75, 94.38 W, 67 %, 1860 MHz, 0x0000000000000000
2026/09/30 20:18:25.641, 77, 130.93 W, 42 %, 1860 MHz, 0x0000000000000000
2026/09/30 20:18:35.657, 75, 94.73 W, 68 %, 1860 MHz, 0x0000000000000000
2026/09/30 20:18:45.672, 77, 81.72 W, 93 %, 1860 MHz, 0x0000000000000000
2026/09/30 20:18:55.686, 75, 94.44 W, 68 %, 1860 MHz, 0x0000000000000000
2026/09/30 20:19:05.701, 75, 81.07 W, 99 %, 1860 MHz, 0x0000000000000000
2026/09/30 20:19:15.716, 75, 94.07 W, 68 %, 1860 MHz, 0x0000000000000000
2026/09/30 20:19:25.730, 75, 94.57 W, 53 %, 1860 MHz, 0x0000000000000000
2026/09/30 20:19:35.747, 75, 80.72 W, 68 %, 1860 MHz, 0x0000000000000000
2026/09/30 20:19:45.761, 75, 94.31 W, 15 %, 1860 MHz, 0x0000000000000000
2026/09/30 20:19:55.776, 76, 130.99 W, 45 %, 1860 MHz, 0x0000000000000000
2026/09/30 20:20:05.791, 75, 94.81 W, 50 %, 1860 MHz, 0x0000000000000000
2026/09/30 20:20:15.807, 77, 133.87 W, 16 %, 1860 MHz, 0x0000000000000000
2026/09/30 20:20:25.822, 75, 94.64 W, 67 %, 1860 MHz, 0x0000000000000000
2026/09/30 20:20:35.836, 77, 132.17 W, 63 %, 1860 MHz, 0x0000000000000000
2026/09/30 20:20:45.853, 75, 94.54 W, 68 %, 1860 MHz, 0x0000000000000000
2026/09/30 20:20:55.869, 76, 82.01 W, 99 %, 1860 MHz, 0x0000000000000000
2026/09/30 20:21:05.885, 75, 94.41 W, 67 %, 1860 MHz, 0x0000000000000000
2026/09/30 20:21:15.900, 75, 81.15 W, 82 %, 1860 MHz, 0x0000000000000000
2026/09/30 20:21:25.914, 75, 90.49 W, 67 %, 1860 MHz, 0x0000000000000000
2026/09/30 20:21:35.928, 75, 94.55 W, 30 %, 1860 MHz, 0x0000000000000000
2026/09/30 20:21:45.944, 75, 80.97 W, 64 %, 1860 MHz, 0x0000000000000000
2026/09/30 20:21:55.959, 75, 94.46 W, 33 %, 1860 MHz, 0x0000000000000000
2026/09/30 20:22:05.976, 75, 126.98 W, 25 %, 1860 MHz, 0x0000000000000000
2026/09/30 20:22:15.993, 75, 94.27 W, 67 %, 1860 MHz, 0x0000000000000000
2026/09/30 20:22:26.010, 77, 128.41 W, 35 %, 1860 MHz, 0x0000000000000000
2026/09/30 20:22:36.026, 75, 94.62 W, 67 %, 1860 MHz, 0x0000000000000000
2026/09/30 20:22:46.041, 77, 131.04 W, 91 %, 1860 MHz, 0x0000000000000000
2026/09/30 20:22:56.059, 75, 94.62 W, 68 %, 1860 MHz, 0x0000000000000000
2026/09/30 20:23:06.075, 77, 81.64 W, 99 %, 1860 MHz, 0x0000000000000000
2026/09/30 20:23:16.091, 75, 94.68 W, 68 %, 1860 MHz, 0x0000000000000000
2026/09/30 20:23:26.106, 75, 83.69 W, 53 %, 1860 MHz, 0x0000000000000000
2026/09/30 20:23:36.120, 75, 81.36 W, 67 %, 1860 MHz, 0x0000000000000000
2026/09/30 20:23:46.135, 75, 94.53 W, 15 %, 1860 MHz, 0x0000000000000000
2026/09/30 20:23:56.152, 75, 80.81 W, 43 %, 1860 MHz, 0x0000000000000000
2026/09/30 20:24:06.169, 75, 94.33 W, 51 %, 1860 MHz, 0x0000000000000000
2026/09/30 20:24:16.184, 75, 128.37 W, 16 %, 1860 MHz, 0x0000000000000000
2026/09/30 20:24:26.202, 75, 94.65 W, 67 %, 1860 MHz, 0x0000000000000000
2026/09/30 20:24:36.219, 77, 126.61 W, 59 %, 1860 MHz, 0x0000000000000000
2026/09/30 20:24:46.235, 75, 94.76 W, 69 %, 1860 MHz, 0x0000000000000000
2026/09/30 20:24:56.251, 77, 130.48 W, 99 %, 1860 MHz, 0x0000000000000000
2026/09/30 20:25:06.268, 75, 94.28 W, 68 %, 1860 MHz, 0x0000000000000000
2026/09/30 20:25:16.287, 75, 82.03 W, 89 %, 1860 MHz, 0x0000000000000000
2026/09/30 20:25:26.301, 75, 94.83 W, 67 %, 1860 MHz, 0x0000000000000000
2026/09/30 20:25:36.316, 75, 81.95 W, 36 %, 1860 MHz, 0x0000000000000000
2026/09/30 20:25:46.332, 75, 87.02 W, 67 %, 1860 MHz, 0x0000000000000000
2026/09/30 20:25:56.347, 75, 94.30 W, 25 %, 1860 MHz, 0x0000000000000000
2026/09/30 20:26:06.362, 75, 80.65 W, 33 %, 1860 MHz, 0x0000000000000000
2026/09/30 20:26:16.378, 75, 94.24 W, 61 %, 1860 MHz, 0x0000000000000000
2026/09/30 20:26:26.396, 76, 127.70 W, 22 %, 1860 MHz, 0x0000000000000000
2026/09/30 20:26:36.411, 75, 94.38 W, 67 %, 1860 MHz, 0x0000000000000000
2026/09/30 20:26:46.427, 77, 130.96 W, 76 %, 1860 MHz, 0x0000000000000000
2026/09/30 20:26:56.445, 75, 94.73 W, 68 %, 1860 MHz, 0x0000000000000000
2026/09/30 20:27:06.461, 77, 131.79 W, 99 %, 1860 MHz, 0x0000000000000000
2026/09/30 20:27:16.477, 75, 94.11 W, 67 %, 1860 MHz, 0x0000000000000000
2026/09/30 20:27:26.499, 76, 81.23 W, 66 %, 1860 MHz, 0x0000000000000000
2026/09/30 20:27:36.518, 75, 94.48 W, 67 %, 1860 MHz, 0x0000000000000000
2026/09/30 20:27:46.533, 75, 80.53 W, 99 %, 1860 MHz, 0x0000000000000000
2026/09/30 20:27:56.548, 75, 85.76 W, 68 %, 1860 MHz, 0x0000000000000000
2026/09/30 20:28:06.563, 75, 94.07 W, 66 %, 1860 MHz, 0x0000000000000000
2026/09/30 20:28:16.578, 75, 80.92 W, 68 %, 1860 MHz, 0x0000000000000000
2026/09/30 20:28:26.592, 75, 94.49 W, 20 %, 1860 MHz, 0x0000000000000000
2026/09/30 20:28:36.609, 74, 126.75 W, 56 %, 1860 MHz, 0x0000000000000000
2026/09/30 20:28:46.624, 75, 94.82 W, 38 %, 1860 MHz, 0x0000000000000000
2026/09/30 20:28:56.640, 77, 133.72 W, 21 %, 1860 MHz, 0x0000000000000000
2026/09/30 20:29:06.654, 75, 94.25 W, 67 %, 1860 MHz, 0x0000000000000000
2026/09/30 20:29:16.669, 77, 130.96 W, 42 %, 1860 MHz, 0x0000000000000000
2026/09/30 20:29:26.684, 75, 94.27 W, 68 %, 1860 MHz, 0x0000000000000000
2026/09/30 20:29:36.699, 77, 81.62 W, 96 %, 1860 MHz, 0x0000000000000000
2026/09/30 20:29:46.713, 75, 94.09 W, 67 %, 1860 MHz, 0x0000000000000000
2026/09/30 20:29:56.728, 75, 81.07 W, 99 %, 1860 MHz, 0x0000000000000000
2026/09/30 20:30:06.744, 75, 92.65 W, 67 %, 1860 MHz, 0x0000000000000000
2026/09/30 20:30:16.757, 76, 94.18 W, 52 %, 1860 MHz, 0x0000000000000000
2026/09/30 20:30:26.772, 75, 80.96 W, 68 %, 1860 MHz, 0x0000000000000000
2026/09/30 20:30:36.786, 75, 94.24 W, 16 %, 1860 MHz, 0x0000000000000000
2026/09/30 20:30:46.802, 77, 128.98 W, 41 %, 1860 MHz, 0x0000000000000000
2026/09/30 20:30:56.819, 75, 94.45 W, 53 %, 1860 MHz, 0x0000000000000000
2026/09/30 20:31:06.835, 77, 131.45 W, 17 %, 1860 MHz, 0x0000000000000000
2026/09/30 20:31:16.852, 75, 94.38 W, 68 %, 1860 MHz, 0x0000000000000000
2026/09/30 20:31:26.868, 77, 130.68 W, 67 %, 1860 MHz, 0x0000000000000000
2026/09/30 20:31:36.884, 75, 94.33 W, 67 %, 1860 MHz, 0x0000000000000000
2026/09/30 20:31:46.899, 76, 81.79 W, 99 %, 1860 MHz, 0x0000000000000000
2026/09/30 20:31:56.913, 75, 94.78 W, 67 %, 1860 MHz, 0x0000000000000000
2026/09/30 20:32:06.928, 75, 80.86 W, 77 %, 1860 MHz, 0x0000000000000000
2026/09/30 20:32:16.944, 75, 82.48 W, 68 %, 1860 MHz, 0x0000000000000000
2026/09/30 20:32:26.958, 75, 94.43 W, 28 %, 1860 MHz, 0x0000000000000000
2026/09/30 20:32:36.973, 75, 80.69 W, 64 %, 1860 MHz, 0x0000000000000000
2026/09/30 20:32:46.987, 75, 94.13 W, 31 %, 1860 MHz, 0x0000000000000000
2026/09/30 20:32:57.004, 76, 126.54 W, 25 %, 1860 MHz, 0x0000000000000000
2026/09/30 20:33:07.022, 75, 94.58 W, 67 %, 1860 MHz, 0x0000000000000000
2026/09/30 20:33:17.037, 77, 127.47 W, 34 %, 1860 MHz, 0x0000000000000000
2026/09/30 20:33:27.053, 75, 95.06 W, 67 %, 1860 MHz, 0x0000000000000000
2026/09/30 20:33:37.067, 77, 130.10 W, 84 %, 1860 MHz, 0x0000000000000000
2026/09/30 20:33:47.084, 75, 94.76 W, 68 %, 1860 MHz, 0x0000000000000000
2026/09/30 20:33:57.103, 78, 81.57 W, 99 %, 1860 MHz, 0x0000000000000000
2026/09/30 20:34:07.118, 75, 93.40 W, 68 %, 1860 MHz, 0x0000000000000000
2026/09/30 20:34:17.134, 75, 80.92 W, 61 %, 1860 MHz, 0x0000000000000000
2026/09/30 20:34:27.148, 76, 84.00 W, 67 %, 1860 MHz, 0x0000000000000000
2026/09/30 20:34:37.163, 75, 94.21 W, 19 %, 1860 MHz, 0x0000000000000000
2026/09/30 20:34:47.178, 75, 80.69 W, 53 %, 1860 MHz, 0x0000000000000000
2026/09/30 20:34:57.193, 75, 94.00 W, 43 %, 1860 MHz, 0x0000000000000000
2026/09/30 20:35:07.210, 75, 126.22 W, 15 %, 1860 MHz, 0x0000000000000000
2026/09/30 20:35:17.228, 75, 94.58 W, 67 %, 1860 MHz, 0x0000000000000000
2026/09/30 20:35:27.244, 77, 130.79 W, 47 %, 1860 MHz, 0x0000000000000000
2026/09/30 20:35:37.264, 75, 95.16 W, 67 %, 1860 MHz, 0x0000000000000000
2026/09/30 20:35:47.279, 77, 131.78 W, 96 %, 1860 MHz, 0x0000000000000000
2026/09/30 20:35:57.295, 75, 94.41 W, 67 %, 1860 MHz, 0x0000000000000000
2026/09/30 20:36:07.309, 76, 82.15 W, 99 %, 1860 MHz, 0x0000000000000000
2026/09/30 20:36:17.326, 75, 94.95 W, 67 %, 1860 MHz, 0x0000000000000000
2026/09/30 20:36:27.342, 75, 80.92 W, 53 %, 1860 MHz, 0x0000000000000000
2026/09/30 20:36:37.357, 75, 94.32 W, 67 %, 1860 MHz, 0x0000000000000000
2026/09/30 20:36:47.373, 75, 94.36 W, 16 %, 1860 MHz, 0x0000000000000000
2026/09/30 20:36:57.389, 75, 80.77 W, 50 %, 1860 MHz, 0x0000000000000000
2026/09/30 20:37:07.403, 75, 94.61 W, 42 %, 1860 MHz, 0x0000000000000000
2026/09/30 20:37:17.419, 75, 103.50 W, 16 %, 1860 MHz, 0x0000000000000000
2026/09/30 20:37:27.436, 75, 94.27 W, 68 %, 1860 MHz, 0x0000000000000000
2026/09/30 20:37:37.453, 77, 132.51 W, 50 %, 1860 MHz, 0x0000000000000000
2026/09/30 20:37:47.469, 75, 94.69 W, 67 %, 1860 MHz, 0x0000000000000000
2026/09/30 20:37:57.485, 77, 131.39 W, 99 %, 1860 MHz, 0x0000000000000000
2026/09/30 20:38:07.503, 75, 94.33 W, 67 %, 1860 MHz, 0x0000000000000000
2026/09/30 20:38:17.518, 77, 117.63 W, 96 %, 1860 MHz, 0x0000000000000000
2026/09/30 20:38:27.534, 75, 94.57 W, 68 %, 1860 MHz, 0x0000000000000000
2026/09/30 20:38:37.551, 76, 81.47 W, 99 %, 1860 MHz, 0x0000000000000000
2026/09/30 20:38:47.566, 75, 94.90 W, 67 %, 1860 MHz, 0x0000000000000000
2026/09/30 20:38:57.582, 75, 99.08 W, 99 %, 1860 MHz, 0x0000000000000000
2026/09/30 20:39:07.598, 75, 81.07 W, 68 %, 1860 MHz, 0x0000000000000000
2026/09/30 20:39:17.613, 75, 94.43 W, 54 %, 1860 MHz, 0x0000000000000000
2026/09/30 20:39:27.629, 75, 80.86 W, 67 %, 1860 MHz, 0x0000000000000000
2026/09/30 20:39:37.643, 76, 94.68 W, 15 %, 1860 MHz, 0x0000000000000000
2026/09/30 20:39:47.659, 75, 127.10 W, 49 %, 1860 MHz, 0x0000000000000000
2026/09/30 20:39:57.675, 76, 94.37 W, 42 %, 1860 MHz, 0x0000000000000000
2026/09/30 20:40:07.691, 77, 129.11 W, 16 %, 1860 MHz, 0x0000000000000000
2026/09/30 20:40:17.708, 75, 94.39 W, 68 %, 1860 MHz, 0x0000000000000000
2026/09/30 20:40:27.726, 77, 130.73 W, 44 %, 1860 MHz, 0x0000000000000000
2026/09/30 20:40:37.741, 76, 94.63 W, 67 %, 1860 MHz, 0x0000000000000000
2026/09/30 20:40:47.758, 78, 82.33 W, 93 %, 1860 MHz, 0x0000000000000000
2026/09/30 20:40:57.776, 75, 94.16 W, 67 %, 1860 MHz, 0x0000000000000000
2026/09/30 20:41:07.791, 75, 81.00 W, 99 %, 1860 MHz, 0x0000000000000000
2026/09/30 20:41:17.804, 75, 84.96 W, 67 %, 1860 MHz, 0x0000000000000000
2026/09/30 20:41:27.819, 75, 94.45 W, 47 %, 1860 MHz, 0x0000000000000000
2026/09/30 20:41:37.834, 75, 81.07 W, 68 %, 1860 MHz, 0x0000000000000000
2026/09/30 20:41:47.848, 76, 94.29 W, 17 %, 1860 MHz, 0x0000000000000000
2026/09/30 20:41:57.862, 76, 128.53 W, 43 %, 1860 MHz, 0x0000000000000000
2026/09/30 20:42:07.878, 76, 94.56 W, 50 %, 1860 MHz, 0x0000000000000000
2026/09/30 20:42:17.894, 77, 135.06 W, 16 %, 1860 MHz, 0x0000000000000000
2026/09/30 20:42:27.912, 75, 94.64 W, 68 %, 1860 MHz, 0x0000000000000000
2026/09/30 20:42:37.928, 77, 131.11 W, 60 %, 1860 MHz, 0x0000000000000000
2026/09/30 20:42:47.945, 75, 95.11 W, 67 %, 1860 MHz, 0x0000000000000000
2026/09/30 20:42:57.965, 78, 82.77 W, 99 %, 1860 MHz, 0x0000000000000000
2026/09/30 20:43:07.987, 75, 94.41 W, 68 %, 1860 MHz, 0x0000000000000000
2026/09/30 20:43:18.002, 75, 81.20 W, 97 %, 1860 MHz, 0x0000000000000000
2026/09/30 20:43:28.015, 76, 94.46 W, 67 %, 1860 MHz, 0x0000000000000000
2026/09/30 20:43:38.030, 75, 95.30 W, 46 %, 1860 MHz, 0x0000000000000000
2026/09/30 20:43:48.045, 75, 81.15 W, 68 %, 1860 MHz, 0x0000000000000000
2026/09/30 20:43:58.059, 76, 94.71 W, 21 %, 1860 MHz, 0x0000000000000000
2026/09/30 20:44:08.077, 75, 117.57 W, 37 %, 1860 MHz, 0x0000000000000000
2026/09/30 20:44:18.092, 75, 80.76 W, 37 %, 1860 MHz, 0x0000000000000000
2026/09/30 20:44:28.105, 76, 94.22 W, 43 %, 1860 MHz, 0x0000000000000000
2026/09/30 20:44:38.120, 76, 127.47 W, 16 %, 1860 MHz, 0x0000000000000000
2026/09/30 20:44:48.137, 75, 95.54 W, 67 %, 1860 MHz, 0x0000000000000000
2026/09/30 20:44:58.152, 77, 126.51 W, 45 %, 1860 MHz, 0x0000000000000000
2026/09/30 20:45:08.167, 75, 94.35 W, 68 %, 1860 MHz, 0x0000000000000000
2026/09/30 20:45:18.183, 77, 130.74 W, 96 %, 1860 MHz, 0x0000000000000000
2026/09/30 20:45:28.199, 75, 94.53 W, 67 %, 1860 MHz, 0x0000000000000000
2026/09/30 20:45:38.215, 78, 81.85 W, 99 %, 1860 MHz, 0x0000000000000000
2026/09/30 20:45:48.230, 75, 94.43 W, 68 %, 1860 MHz, 0x0000000000000000
2026/09/30 20:45:58.245, 75, 81.30 W, 51 %, 1860 MHz, 0x0000000000000000
2026/09/30 20:46:08.260, 75, 81.19 W, 68 %, 1860 MHz, 0x0000000000000000
2026/09/30 20:46:18.277, 76, 94.36 W, 18 %, 1860 MHz, 0x0000000000000000
2026/09/30 20:46:28.293, 75, 80.56 W, 41 %, 1860 MHz, 0x0000000000000000
2026/09/30 20:46:38.306, 76, 94.77 W, 52 %, 1860 MHz, 0x0000000000000000
2026/09/30 20:46:48.321, 77, 126.81 W, 15 %, 1860 MHz, 0x0000000000000000
2026/09/30 20:46:58.337, 76, 94.54 W, 68 %, 1860 MHz, 0x0000000000000000
2026/09/30 20:47:08.352, 77, 130.32 W, 57 %, 1860 MHz, 0x0000000000000000
2026/09/30 20:47:18.367, 75, 94.41 W, 67 %, 1860 MHz, 0x0000000000000000
2026/09/30 20:47:28.383, 77, 131.00 W, 99 %, 1860 MHz, 0x0000000000000000
2026/09/30 20:47:38.399, 76, 94.18 W, 67 %, 1860 MHz, 0x0000000000000000
2026/09/30 20:47:48.414, 76, 82.49 W, 96 %, 1860 MHz, 0x0000000000000000
2026/09/30 20:47:58.428, 75, 95.12 W, 68 %, 1860 MHz, 0x0000000000000000
2026/09/30 20:48:08.443, 75, 80.99 W, 49 %, 1860 MHz, 0x0000000000000000
2026/09/30 20:48:18.457, 75, 94.15 W, 68 %, 1860 MHz, 0x0000000000000000
2026/09/30 20:48:28.474, 75, 94.76 W, 17 %, 1860 MHz, 0x0000000000000000
2026/09/30 20:48:38.491, 75, 81.02 W, 39 %, 1860 MHz, 0x0000000000000000
2026/09/30 20:48:48.506, 75, 94.94 W, 53 %, 1860 MHz, 0x0000000000000000
2026/09/30 20:48:58.522, 75, 129.99 W, 18 %, 1860 MHz, 0x0000000000000000
2026/09/30 20:49:08.538, 75, 94.20 W, 68 %, 1860 MHz, 0x0000000000000000
2026/09/30 20:49:18.553, 77, 131.08 W, 58 %, 1860 MHz, 0x0000000000000000
2026/09/30 20:49:28.568, 75, 94.16 W, 68 %, 1860 MHz, 0x0000000000000000
2026/09/30 20:49:38.585, 77, 132.15 W, 99 %, 1860 MHz, 0x0000000000000000
2026/09/30 20:49:48.601, 75, 94.31 W, 68 %, 1860 MHz, 0x0000000000000000
2026/09/30 20:49:58.616, 77, 131.07 W, 57 %, 1860 MHz, 0x0000000000000000
2026/09/30 20:50:08.631, 75, 94.69 W, 67 %, 1860 MHz, 0x0000000000000000
2026/09/30 20:50:18.647, 76, 81.42 W, 99 %, 1860 MHz, 0x0000000000000000
2026/09/30 20:50:28.662, 75, 94.86 W, 68 %, 1860 MHz, 0x0000000000000000
2026/09/30 20:50:38.679, 75, 103.34 W, 93 %, 1860 MHz, 0x0000000000000000
2026/09/30 20:50:48.696, 75, 80.83 W, 68 %, 1860 MHz, 0x0000000000000000
2026/09/30 20:50:58.713, 75, 94.34 W, 43 %, 1860 MHz, 0x0000000000000000
2026/09/30 20:51:08.729, 75, 80.32 W, 67 %, 1860 MHz, 0x0000000000000000
2026/09/30 20:51:18.743, 75, 94.49 W, 16 %, 1860 MHz, 0x0000000000000000
2026/09/30 20:51:28.758, 75, 127.88 W, 43 %, 1860 MHz, 0x0000000000000000
2026/09/30 20:51:38.774, 75, 94.36 W, 51 %, 1860 MHz, 0x0000000000000000
2026/09/30 20:51:48.790, 77, 127.26 W, 16 %, 1860 MHz, 0x0000000000000000
2026/09/30 20:51:58.805, 75, 94.26 W, 67 %, 1860 MHz, 0x0000000000000000
2026/09/30 20:52:08.821, 78, 131.53 W, 56 %, 1860 MHz, 0x0000000000000000
2026/09/30 20:52:18.837, 75, 95.15 W, 67 %, 1860 MHz, 0x0000000000000000
2026/09/30 20:52:28.852, 75, 81.51 W, 99 %, 1860 MHz, 0x0000000000000000
2026/09/30 20:52:38.866, 75, 94.32 W, 67 %, 1860 MHz, 0x0000000000000000
2026/09/30 20:52:48.880, 75, 80.92 W, 96 %, 1860 MHz, 0x0000000000000000
2026/09/30 20:52:58.894, 75, 93.37 W, 67 %, 1860 MHz, 0x0000000000000000
2026/09/30 20:53:08.908, 75, 94.24 W, 51 %, 1860 MHz, 0x0000000000000000
2026/09/30 20:53:18.923, 75, 80.60 W, 67 %, 1860 MHz, 0x0000000000000000
2026/09/30 20:53:28.937, 76, 94.83 W, 15 %, 1860 MHz, 0x0000000000000000
2026/09/30 20:53:38.952, 75, 103.77 W, 47 %, 1860 MHz, 0x0000000000000000
2026/09/30 20:53:48.967, 75, 94.47 W, 46 %, 1860 MHz, 0x0000000000000000
2026/09/30 20:53:58.982, 77, 132.48 W, 15 %, 1860 MHz, 0x0000000000000000
2026/09/30 20:54:08.998, 75, 94.89 W, 67 %, 1860 MHz, 0x0000000000000000
2026/09/30 20:54:19.013, 77, 131.86 W, 42 %, 1860 MHz, 0x0000000000000000
2026/09/30 20:54:29.028, 75, 94.80 W, 68 %, 1860 MHz, 0x0000000000000000
2026/09/30 20:54:39.043, 77, 132.34 W, 92 %, 1860 MHz, 0x0000000000000000
2026/09/30 20:54:49.060, 75, 94.42 W, 68 %, 1860 MHz, 0x0000000000000000
2026/09/30 20:54:59.076, 76, 81.38 W, 99 %, 1860 MHz, 0x0000000000000000
2026/09/30 20:55:09.091, 75, 94.54 W, 68 %, 1860 MHz, 0x0000000000000000
2026/09/30 20:55:19.106, 75, 100.89 W, 56 %, 1860 MHz, 0x0000000000000000
2026/09/30 20:55:29.123, 75, 81.34 W, 67 %, 1860 MHz, 0x0000000000000000
2026/09/30 20:55:39.147, 75, 94.21 W, 17 %, 1860 MHz, 0x0000000000000000
2026/09/30 20:55:49.162, 75, 80.74 W, 51 %, 1860 MHz, 0x0000000000000000
2026/09/30 20:55:59.176, 75, 94.68 W, 43 %, 1860 MHz, 0x0000000000000000
2026/09/30 20:56:09.191, 75, 127.23 W, 17 %, 1860 MHz, 0x0000000000000000
2026/09/30 20:56:19.207, 75, 94.27 W, 67 %, 1860 MHz, 0x0000000000000000
2026/09/30 20:56:29.222, 77, 132.84 W, 40 %, 1860 MHz, 0x0000000000000000
2026/09/30 20:56:39.237, 75, 94.40 W, 67 %, 1860 MHz, 0x0000000000000000
2026/09/30 20:56:49.252, 77, 132.20 W, 82 %, 1860 MHz, 0x0000000000000000
2026/09/30 20:56:59.266, 75, 94.59 W, 68 %, 1860 MHz, 0x0000000000000000
2026/09/30 20:57:09.284, 76, 97.13 W, 99 %, 1860 MHz, 0x0000000000000000
2026/09/30 20:57:19.298, 75, 94.55 W, 68 %, 1860 MHz, 0x0000000000000000
2026/09/30 20:57:29.315, 75, 81.03 W, 74 %, 1860 MHz, 0x0000000000000000
2026/09/30 20:57:39.330, 75, 94.71 W, 67 %, 1860 MHz, 0x0000000000000000
2026/09/30 20:57:49.345, 75, 96.49 W, 27 %, 1860 MHz, 0x0000000000000000
2026/09/30 20:57:59.361, 75, 80.83 W, 64 %, 1860 MHz, 0x0000000000000000
2026/09/30 20:58:09.377, 76, 93.88 W, 29 %, 1860 MHz, 0x0000000000000000
2026/09/30 20:58:19.393, 75, 80.59 W, 29 %, 1860 MHz, 0x0000000000000000
2026/09/30 20:58:29.408, 75, 93.66 W, 62 %, 1860 MHz, 0x0000000000000000
2026/09/30 20:58:39.425, 77, 126.76 W, 22 %, 1860 MHz, 0x0000000000000000
2026/09/30 20:58:49.442, 76, 94.67 W, 68 %, 1860 MHz, 0x0000000000000000
2026/09/30 20:58:59.458, 77, 126.55 W, 72 %, 1860 MHz, 0x0000000000000000
2026/09/30 20:59:09.475, 76, 94.73 W, 67 %, 1860 MHz, 0x0000000000000000
2026/09/30 20:59:19.490, 77, 128.45 W, 99 %, 1860 MHz, 0x0000000000000000
2026/09/30 20:59:29.506, 75, 94.11 W, 67 %, 1860 MHz, 0x0000000000000000
2026/09/30 20:59:39.525, 77, 81.59 W, 84 %, 1860 MHz, 0x0000000000000000
2026/09/30 20:59:49.543, 75, 94.79 W, 68 %, 1860 MHz, 0x0000000000000000
2026/09/30 20:59:59.559, 75, 81.15 W, 39 %, 1860 MHz, 0x0000000000000000
2026/09/30 21:00:09.573, 75, 94.25 W, 67 %, 1860 MHz, 0x0000000000000000
2026/09/30 21:00:19.588, 75, 94.26 W, 20 %, 1860 MHz, 0x0000000000000000
2026/09/30 21:00:29.603, 75, 80.89 W, 40 %, 1860 MHz, 0x0000000000000000
2026/09/30 21:00:39.617, 75, 93.99 W, 40 %, 1860 MHz, 0x0000000000000000
2026/09/30 21:00:49.634, 75, 125.57 W, 67 %, 1860 MHz, 0x0000000000000000
2026/09/30 21:00:59.651, 75, 94.28 W, 24 %, 1860 MHz, 0x0000000000000000
2026/09/30 21:01:09.667, 77, 130.07 W, 35 %, 1860 MHz, 0x0000000000000000
2026/09/30 21:01:19.684, 75, 94.20 W, 56 %, 1860 MHz, 0x0000000000000000
2026/09/30 21:01:29.700, 77, 131.26 W, 17 %, 1860 MHz, 0x0000000000000000
2026/09/30 21:01:39.716, 76, 94.53 W, 67 %, 1860 MHz, 0x0000000000000000
2026/09/30 21:01:49.731, 77, 130.92 W, 60 %, 1860 MHz, 0x0000000000000000
2026/09/30 21:01:59.749, 76, 94.52 W, 67 %, 1860 MHz, 0x0000000000000000
2026/09/30 21:02:09.766, 77, 81.29 W, 99 %, 1860 MHz, 0x0000000000000000
2026/09/30 21:02:19.782, 75, 94.85 W, 68 %, 1860 MHz, 0x0000000000000000
2026/09/30 21:02:29.797, 75, 98.75 W, 90 %, 1860 MHz, 0x0000000000000000
2026/09/30 21:02:39.812, 75, 81.07 W, 68 %, 1860 MHz, 0x0000000000000000
2026/09/30 21:02:49.826, 75, 94.38 W, 41 %, 1860 MHz, 0x0000000000000000
2026/09/30 21:02:59.842, 75, 80.89 W, 67 %, 1860 MHz, 0x0000000000000000
2026/09/30 21:03:09.858, 75, 94.64 W, 19 %, 1860 MHz, 0x0000000000000000
2026/09/30 21:03:19.873, 77, 126.15 W, 40 %, 1860 MHz, 0x0000000000000000
2026/09/30 21:03:29.890, 75, 94.08 W, 52 %, 1860 MHz, 0x0000000000000000
2026/09/30 21:03:39.905, 77, 128.60 W, 16 %, 1860 MHz, 0x0000000000000000
2026/09/30 21:03:49.921, 75, 94.29 W, 67 %, 1860 MHz, 0x0000000000000000
2026/09/30 21:03:59.936, 77, 130.09 W, 60 %, 1860 MHz, 0x0000000000000000
2026/09/30 21:04:09.952, 75, 94.13 W, 68 %, 1860 MHz, 0x0000000000000000
2026/09/30 21:04:19.967, 77, 82.31 W, 99 %, 1860 MHz, 0x0000000000000000
2026/09/30 21:04:29.989, 75, 93.74 W, 67 %, 1860 MHz, 0x0000000000000000
2026/09/30 21:04:40.006, 75, 80.96 W, 99 %, 1860 MHz, 0x0000000000000000
2026/09/30 21:04:50.021, 75, 94.19 W, 68 %, 1860 MHz, 0x0000000000000000
2026/09/30 21:05:00.038, 75, 95.17 W, 53 %, 1860 MHz, 0x0000000000000000
2026/09/30 21:05:10.053, 75, 80.69 W, 67 %, 1860 MHz, 0x0000000000000000
2026/09/30 21:05:20.068, 76, 93.95 W, 16 %, 1860 MHz, 0x0000000000000000
2026/09/30 21:05:30.085, 75, 80.92 W, 50 %, 1860 MHz, 0x0000000000000000
2026/09/30 21:05:40.102, 76, 94.32 W, 42 %, 1860 MHz, 0x0000000000000000
2026/09/30 21:05:50.120, 76, 130.53 W, 18 %, 1860 MHz, 0x0000000000000000
2026/09/30 21:06:00.137, 76, 94.36 W, 68 %, 1860 MHz, 0x0000000000000000
2026/09/30 21:06:10.153, 77, 130.68 W, 42 %, 1860 MHz, 0x0000000000000000
2026/09/30 21:06:20.171, 75, 95.01 W, 68 %, 1860 MHz, 0x0000000000000000
2026/09/30 21:06:30.188, 77, 130.85 W, 89 %, 1860 MHz, 0x0000000000000000
2026/09/30 21:06:40.205, 76, 94.56 W, 67 %, 1860 MHz, 0x0000000000000000
2026/09/30 21:06:50.221, 78, 81.76 W, 99 %, 1860 MHz, 0x0000000000000000
2026/09/30 21:07:00.235, 76, 94.95 W, 68 %, 1860 MHz, 0x0000000000000000
2026/09/30 21:07:10.250, 75, 81.11 W, 63 %, 1860 MHz, 0x0000000000000000
2026/09/30 21:07:20.266, 76, 90.08 W, 68 %, 1860 MHz, 0x0000000000000000
2026/09/30 21:07:30.282, 75, 94.17 W, 17 %, 1860 MHz, 0x0000000000000000
2026/09/30 21:07:40.300, 75, 81.11 W, 53 %, 1860 MHz, 0x0000000000000000
2026/09/30 21:07:50.314, 76, 94.99 W, 42 %, 1860 MHz, 0x0000000000000000
2026/09/30 21:08:00.329, 77, 125.75 W, 17 %, 1860 MHz, 0x0000000000000000
2026/09/30 21:08:10.344, 76, 94.57 W, 67 %, 1860 MHz, 0x0000000000000000
2026/09/30 21:08:20.359, 77, 131.33 W, 41 %, 1860 MHz, 0x0000000000000000
2026/09/30 21:08:30.375, 75, 94.59 W, 68 %, 1860 MHz, 0x0000000000000000
2026/09/30 21:08:40.392, 78, 130.60 W, 90 %, 1860 MHz, 0x0000000000000000
2026/09/30 21:08:50.409, 76, 94.29 W, 67 %, 1860 MHz, 0x0000000000000000
2026/09/30 21:09:00.425, 77, 82.26 W, 99 %, 1860 MHz, 0x0000000000000000
2026/09/30 21:09:10.443, 76, 94.94 W, 68 %, 1860 MHz, 0x0000000000000000
2026/09/30 21:09:20.458, 75, 81.27 W, 59 %, 1860 MHz, 0x0000000000000000
2026/09/30 21:09:30.471, 76, 94.36 W, 67 %, 1860 MHz, 0x0000000000000000
2026/09/30 21:09:40.490, 76, 94.51 W, 15 %, 1860 MHz, 0x0000000000000000
2026/09/30 21:09:50.505, 75, 80.94 W, 50 %, 1860 MHz, 0x0000000000000000
2026/09/30 21:10:00.519, 76, 94.31 W, 42 %, 1860 MHz, 0x0000000000000000
2026/09/30 21:10:10.534, 75, 127.55 W, 16 %, 1860 MHz, 0x0000000000000000
2026/09/30 21:10:20.550, 76, 94.62 W, 68 %, 1860 MHz, 0x0000000000000000
2026/09/30 21:10:30.566, 77, 130.69 W, 41 %, 1860 MHz, 0x0000000000000000
2026/09/30 21:10:40.581, 76, 94.53 W, 68 %, 1860 MHz, 0x0000000000000000
2026/09/30 21:10:50.598, 77, 130.81 W, 91 %, 1860 MHz, 0x0000000000000000
2026/09/30 21:11:00.613, 76, 95.39 W, 68 %, 1860 MHz, 0x0000000000000000
2026/09/30 21:11:10.629, 77, 131.11 W, 99 %, 1860 MHz, 0x0000000000000000
2026/09/30 21:11:20.644, 75, 94.95 W, 68 %, 1860 MHz, 0x0000000000000000
2026/09/30 21:11:30.662, 77, 81.04 W, 61 %, 1860 MHz, 0x0000000000000000
2026/09/30 21:11:40.677, 75, 94.27 W, 67 %, 1860 MHz, 0x0000000000000000
2026/09/30 21:11:50.691, 75, 102.59 W, 99 %, 1860 MHz, 0x0000000000000000
2026/09/30 21:12:00.708, 75, 81.39 W, 67 %, 1860 MHz, 0x0000000000000000
2026/09/30 21:12:10.724, 76, 94.40 W, 54 %, 1860 MHz, 0x0000000000000000
2026/09/30 21:12:20.741, 75, 80.84 W, 68 %, 1860 MHz, 0x0000000000000000
2026/09/30 21:12:30.757, 76, 94.29 W, 15 %, 1860 MHz, 0x0000000000000000
2026/09/30 21:12:40.774, 75, 125.97 W, 50 %, 1860 MHz, 0x0000000000000000
2026/09/30 21:12:50.790, 75, 93.80 W, 40 %, 1860 MHz, 0x0000000000000000
2026/09/30 21:13:00.808, 77, 129.70 W, 21 %, 1860 MHz, 0x0000000000000000
2026/09/30 21:13:10.826, 75, 94.53 W, 66 %, 1860 MHz, 0x0000000000000000
2026/09/30 21:13:20.843, 77, 131.37 W, 31 %, 1860 MHz, 0x0000000000000000
2026/09/30 21:13:30.859, 75, 94.24 W, 67 %, 1860 MHz, 0x0000000000000000
2026/09/30 21:13:40.875, 77, 108.35 W, 78 %, 1860 MHz, 0x0000000000000000
2026/09/30 21:13:50.889, 75, 94.05 W, 67 %, 1860 MHz, 0x0000000000000000
2026/09/30 21:14:00.904, 75, 81.10 W, 99 %, 1860 MHz, 0x0000000000000000
2026/09/30 21:14:10.921, 75, 94.19 W, 67 %, 1860 MHz, 0x0000000000000000
2026/09/30 21:14:20.937, 75, 93.68 W, 74 %, 1860 MHz, 0x0000000000000000
2026/09/30 21:14:30.953, 75, 80.62 W, 68 %, 1860 MHz, 0x0000000000000000
2026/09/30 21:14:40.967, 75, 94.11 W, 28 %, 1860 MHz, 0x0000000000000000
2026/09/30 21:14:50.983, 75, 80.50 W, 63 %, 1860 MHz, 0x0000000000000000
2026/09/30 21:15:00.996, 75, 94.41 W, 31 %, 1860 MHz, 0x0000000000000000
2026/09/30 21:15:11.011, 77, 128.57 W, 29 %, 1860 MHz, 0x0000000000000000
2026/09/30 21:15:21.027, 75, 94.78 W, 62 %, 1860 MHz, 0x0000000000000000
2026/09/30 21:15:31.042, 77, 127.13 W, 19 %, 1860 MHz, 0x0000000000000000
2026/09/30 21:15:41.057, 75, 94.63 W, 67 %, 1860 MHz, 0x0000000000000000
2026/09/30 21:15:51.072, 77, 129.39 W, 69 %, 1860 MHz, 0x0000000000000000
2026/09/30 21:16:01.089, 75, 93.99 W, 67 %, 1860 MHz, 0x0000000000000000
2026/09/30 21:16:11.103, 77, 81.44 W, 99 %, 1860 MHz, 0x0000000000000000
2026/09/30 21:16:21.117, 75, 94.11 W, 68 %, 1860 MHz, 0x0000000000000000
2026/09/30 21:16:31.134, 75, 81.22 W, 86 %, 1860 MHz, 0x0000000000000000
2026/09/30 21:16:41.150, 77, 128.28 W, 68 %, 1860 MHz, 0x0000000000000000
2026/09/30 21:16:51.166, 75, 94.61 W, 68 %, 1860 MHz, 0x0000000000000000
2026/09/30 21:17:01.180, 77, 81.74 W, 99 %, 1860 MHz, 0x0000000000000000
2026/09/30 21:17:11.194, 75, 94.42 W, 67 %, 1860 MHz, 0x0000000000000000
2026/09/30 21:17:21.210, 75, 81.18 W, 85 %, 1860 MHz, 0x0000000000000000
2026/09/30 21:17:31.227, 75, 95.07 W, 67 %, 1860 MHz, 0x0000000000000000
2026/09/30 21:17:41.242, 75, 94.07 W, 41 %, 1860 MHz, 0x0000000000000000
2026/09/30 21:17:51.259, 76, 80.71 W, 67 %, 1860 MHz, 0x0000000000000000
2026/09/30 21:18:01.273, 75, 94.54 W, 17 %, 1860 MHz, 0x0000000000000000
2026/09/30 21:18:11.288, 75, 80.26 W, 46 %, 1860 MHz, 0x0000000000000000
2026/09/30 21:18:21.303, 76, 93.01 W, 39 %, 1860 MHz, 0x0000000000000000
2026/09/30 21:18:31.318, 75, 80.20 W, 47 %, 1860 MHz, 0x0000000000000000
2026/09/30 21:18:41.335, 76, 97.68 W, 40 %, 1860 MHz, 0x0000000000000000
2026/09/30 21:18:51.352, 76, 98.16 W, 73 %, 1860 MHz, 0x0000000000000000
2026/09/30 21:19:01.367, 77, 128.57 W, 99 %, 1860 MHz, 0x0000000000000000
2026/09/30 21:19:11.383, 76, 96.29 W, 72 %, 1860 MHz, 0x0000000000000000
2026/09/30 21:19:21.399, 77, 126.15 W, 69 %, 1860 MHz, 0x0000000000000000
2026/09/30 21:19:31.415, 76, 97.01 W, 68 %, 1860 MHz, 0x0000000000000000
2026/09/30 21:19:41.431, 76, 126.49 W, 8 %, 1860 MHz, 0x0000000000000000
2026/09/30 21:19:51.447, 76, 95.85 W, 48 %, 1860 MHz, 0x0000000000000000
2026/09/30 21:20:01.462, 75, 80.32 W, 42 %, 1860 MHz, 0x0000000000000000
2026/09/30 21:20:11.478, 75, 93.70 W, 17 %, 1860 MHz, 0x0000000000000000
2026/09/30 21:20:21.494, 75, 80.41 W, 64 %, 1860 MHz, 0x0000000000000000
2026/09/30 21:20:31.509, 75, 98.01 W, 26 %, 1860 MHz, 0x0000000000000000
2026/09/30 21:20:41.544, 75, 90.45 W, 19 %, 1860 MHz, 0x0000000000000000
2026/09/30 21:20:51.560, 75, 88.68 W, 48 %, 1860 MHz, 0x0000000000000000
2026/09/30 21:21:01.577, 75, 90.29 W, 44 %, 1860 MHz, 0x0000000000000000
2026/09/30 21:21:11.593, 74, 89.11 W, 48 %, 1860 MHz, 0x0000000000000000
2026/09/30 21:21:21.608, 74, 89.84 W, 45 %, 1860 MHz, 0x0000000000000000
2026/09/30 21:21:31.623, 75, 93.00 W, 64 %, 1860 MHz, 0x0000000000000000
2026/09/30 21:21:41.639, 76, 120.95 W, 99 %, 1860 MHz, 0x0000000000000000
2026/09/30 21:21:51.655, 74, 92.80 W, 67 %, 1860 MHz, 0x0000000000000000
2026/09/30 21:22:01.672, 76, 80.07 W, 74 %, 1860 MHz, 0x0000000000000000
2026/09/30 21:22:11.687, 75, 92.80 W, 67 %, 1860 MHz, 0x0000000000000000
2026/09/30 21:22:21.703, 74, 79.44 W, 37 %, 1860 MHz, 0x0000000000000000
2026/09/30 21:22:31.717, 74, 124.24 W, 28 %, 1860 MHz, 0x0000000000000000
2026/09/30 21:22:41.733, 75, 92.29 W, 67 %, 1860 MHz, 0x0000000000000000
2026/09/30 21:22:51.749, 74, 80.88 W, 64 %, 1860 MHz, 0x0000000000000000
2026/09/30 21:23:01.765, 74, 92.60 W, 53 %, 1860 MHz, 0x0000000000000000
2026/09/30 21:23:11.781, 74, 92.77 W, 66 %, 1860 MHz, 0x0000000000000000
2026/09/30 21:23:21.798, 76, 128.68 W, 71 %, 1860 MHz, 0x0000000000000000
2026/09/30 21:23:31.815, 74, 93.68 W, 67 %, 1860 MHz, 0x0000000000000000
2026/09/30 21:23:41.831, 76, 128.54 W, 53 %, 1860 MHz, 0x0000000000000000
2026/09/30 21:23:51.846, 74, 92.99 W, 67 %, 1860 MHz, 0x0000000000000000
2026/09/30 21:24:01.861, 76, 126.28 W, 33 %, 1860 MHz, 0x0000000000000000
2026/09/30 21:24:11.878, 75, 93.04 W, 67 %, 1860 MHz, 0x0000000000000000
2026/09/30 21:24:21.895, 76, 127.58 W, 55 %, 1860 MHz, 0x0000000000000000
2026/09/30 21:24:31.912, 75, 93.35 W, 67 %, 1860 MHz, 0x0000000000000000
2026/09/30 21:24:41.928, 75, 80.55 W, 90 %, 1860 MHz, 0x0000000000000000
2026/09/30 21:24:51.943, 75, 94.75 W, 68 %, 1860 MHz, 0x0000000000000000
2026/09/30 21:25:01.960, 76, 115.08 W, 88 %, 1860 MHz, 0x0000000000000000
2026/09/30 21:25:11.976, 74, 92.95 W, 67 %, 1860 MHz, 0x0000000000000000
2026/09/30 21:25:21.993, 76, 127.48 W, 40 %, 1860 MHz, 0x0000000000000000
2026/09/30 21:25:32.009, 74, 92.78 W, 67 %, 1860 MHz, 0x0000000000000000
2026/09/30 21:25:42.026, 76, 126.31 W, 54 %, 1860 MHz, 0x0000000000000000
2026/09/30 21:25:52.044, 75, 92.76 W, 67 %, 1860 MHz, 0x0000000000000000
2026/09/30 21:26:02.061, 76, 126.75 W, 72 %, 1860 MHz, 0x0000000000000000
2026/09/30 21:26:12.078, 75, 92.65 W, 67 %, 1860 MHz, 0x0000000000000000
2026/09/30 21:26:22.093, 76, 127.65 W, 84 %, 1860 MHz, 0x0000000000000000
2026/09/30 21:26:32.109, 75, 92.61 W, 68 %, 1860 MHz, 0x0000000000000000
2026/09/30 21:26:42.125, 77, 80.16 W, 99 %, 1860 MHz, 0x0000000000000000
2026/09/30 21:26:52.140, 75, 92.82 W, 67 %, 1860 MHz, 0x0000000000000000
2026/09/30 21:27:02.156, 75, 79.56 W, 99 %, 1860 MHz, 0x0000000000000000
2026/09/30 21:27:12.170, 75, 93.08 W, 67 %, 1860 MHz, 0x0000000000000000
2026/09/30 21:27:22.187, 74, 79.52 W, 76 %, 1860 MHz, 0x0000000000000000
2026/09/30 21:27:32.201, 75, 92.72 W, 67 %, 1860 MHz, 0x0000000000000000
2026/09/30 21:27:42.215, 74, 99.61 W, 62 %, 1860 MHz, 0x0000000000000000
2026/09/30 21:27:52.230, 75, 92.81 W, 68 %, 1860 MHz, 0x0000000000000000
2026/09/30 21:28:02.246, 74, 99.24 W, 53 %, 1860 MHz, 0x0000000000000000
2026/09/30 21:28:12.263, 75, 93.71 W, 67 %, 1860 MHz, 0x0000000000000000
2026/09/30 21:28:22.279, 74, 79.26 W, 62 %, 1860 MHz, 0x0000000000000000
2026/09/30 21:28:32.295, 75, 92.34 W, 68 %, 1860 MHz, 0x0000000000000000
2026/09/30 21:28:42.312, 75, 93.57 W, 31 %, 1860 MHz, 0x0000000000000000
2026/09/30 21:28:52.327, 74, 81.11 W, 67 %, 1860 MHz, 0x0000000000000000
2026/09/30 21:29:02.340, 75, 100.97 W, 44 %, 1860 MHz, 0x0000000000000000
2026/09/30 21:29:12.355, 75, 93.53 W, 65 %, 1860 MHz, 0x0000000000000000
2026/09/30 21:29:22.371, 75, 80.50 W, 94 %, 1860 MHz, 0x0000000000000000
2026/09/30 21:29:32.386, 75, 90.91 W, 58 %, 1860 MHz, 0x0000000000000000
2026/09/30 21:29:42.402, 76, 127.43 W, 10 %, 1860 MHz, 0x0000000000000000
2026/09/30 21:29:52.420, 76, 127.19 W, 97 %, 1860 MHz, 0x0000000000000000
2026/09/30 21:30:02.437, 74, 79.79 W, 49 %, 1860 MHz, 0x0000000000000000
2026/09/30 21:30:12.452, 75, 93.09 W, 66 %, 1860 MHz, 0x0000000000000000
2026/09/30 21:30:22.467, 76, 128.12 W, 91 %, 1860 MHz, 0x0000000000000000
2026/09/30 21:30:32.483, 75, 92.76 W, 66 %, 1860 MHz, 0x0000000000000000
2026/09/30 21:30:42.499, 76, 124.98 W, 17 %, 1860 MHz, 0x0000000000000000
2026/09/30 21:30:52.516, 75, 92.42 W, 33 %, 1860 MHz, 0x0000000000000000
2026/09/30 21:31:02.532, 74, 79.67 W, 54 %, 1860 MHz, 0x0000000000000000
2026/09/30 21:31:12.546, 74, 93.67 W, 11 %, 1860 MHz, 0x0000000000000000
2026/09/30 21:31:22.562, 75, 93.58 W, 65 %, 1860 MHz, 0x0000000000000000
2026/09/30 21:31:32.578, 74, 80.15 W, 40 %, 1860 MHz, 0x0000000000000000
2026/09/30 21:31:42.593, 75, 92.71 W, 67 %, 1860 MHz, 0x0000000000000000
2026/09/30 21:33:21.363, 63, 19.70 W, 10 %, 300 MHz, 0x0000000000000001
2026/09/30 21:33:31.410, 68, 82.92 W, 67 %, 1890 MHz, 0x0000000000000000
2026/09/30 21:33:41.429, 69, 91.02 W, 67 %, 1890 MHz, 0x0000000000000000
2026/09/30 21:33:51.445, 69, 77.15 W, 79 %, 1890 MHz, 0x0000000000000000
2026/09/30 21:34:01.461, 70, 77.77 W, 67 %, 1890 MHz, 0x0000000000000000
2026/09/30 21:34:11.478, 71, 92.04 W, 14 %, 1890 MHz, 0x0000000000000000
2026/09/30 21:34:21.494, 71, 76.83 W, 62 %, 1875 MHz, 0x0000000000000000
2026/09/30 21:34:31.511, 72, 92.57 W, 24 %, 1875 MHz, 0x0000000000000000
2026/09/30 21:34:41.528, 71, 78.47 W, 41 %, 1875 MHz, 0x0000000000000000
2026/09/30 21:34:51.545, 72, 93.60 W, 43 %, 1875 MHz, 0x0000000000000000
2026/09/30 21:35:01.564, 72, 78.93 W, 40 %, 1875 MHz, 0x0000000000000000
2026/09/30 21:35:11.580, 73, 93.46 W, 42 %, 1875 MHz, 0x0000000000000000
2026/09/30 21:35:21.597, 72, 108.18 W, 25 %, 1875 MHz, 0x0000000000000000
2026/09/30 21:35:31.615, 73, 93.58 W, 60 %, 1875 MHz, 0x0000000000000000
2026/09/30 21:35:41.632, 73, 81.78 W, 13 %, 1875 MHz, 0x0000000000000000
2026/09/30 21:35:51.648, 73, 95.95 W, 14 %, 1875 MHz, 0x0000000000000000
2026/09/30 21:36:01.669, 74, 88.61 W, 41 %, 1875 MHz, 0x0000000000000000
2026/09/30 21:36:11.688, 73, 88.42 W, 45 %, 1875 MHz, 0x0000000000000000
2026/09/30 21:36:21.707, 73, 90.25 W, 46 %, 1875 MHz, 0x0000000000000000
2026/09/30 21:36:31.725, 74, 90.13 W, 44 %, 1875 MHz, 0x0000000000000000
2026/09/30 21:36:41.741, 73, 89.90 W, 49 %, 1875 MHz, 0x0000000000000000
2026/09/30 21:36:51.759, 73, 88.96 W, 47 %, 1875 MHz, 0x0000000000000000
2026/09/30 21:37:01.776, 76, 131.52 W, 99 %, 1875 MHz, 0x0000000000000000
2026/09/30 21:37:11.793, 74, 93.76 W, 66 %, 1875 MHz, 0x0000000000000000
2026/09/30 21:37:21.820, 76, 127.74 W, 92 %, 1875 MHz, 0x0000000000000000
2026/09/30 21:37:31.841, 73, 80.57 W, 0 %, 1605 MHz, 0x0000000000000000
2026/09/30 21:37:41.861, 74, 84.67 W, 69 %, 1875 MHz, 0x0000000000000000
2026/09/30 21:37:51.877, 74, 95.43 W, 67 %, 1875 MHz, 0x0000000000000000
2026/09/30 21:38:01.892, 76, 98.39 W, 73 %, 1875 MHz, 0x0000000000000000
2026/09/30 21:38:11.911, 74, 95.01 W, 68 %, 1875 MHz, 0x0000000000000000
2026/09/30 21:38:21.926, 74, 81.19 W, 99 %, 1875 MHz, 0x0000000000000000
2026/09/30 21:38:31.941, 75, 82.48 W, 68 %, 1875 MHz, 0x0000000000000000
2026/09/30 21:38:41.958, 75, 95.10 W, 56 %, 1875 MHz, 0x0000000000000000
2026/09/30 21:38:51.973, 74, 81.29 W, 67 %, 1875 MHz, 0x0000000000000000
2026/09/30 21:39:01.987, 75, 94.94 W, 13 %, 1875 MHz, 0x0000000000000000
2026/09/30 21:39:12.006, 74, 128.75 W, 42 %, 1875 MHz, 0x0000000000000000
2026/09/30 21:39:22.023, 75, 95.83 W, 49 %, 1875 MHz, 0x0000000000000000
2026/09/30 21:39:32.040, 77, 133.60 W, 14 %, 1875 MHz, 0x0000000000000000
2026/09/30 21:39:42.057, 75, 95.31 W, 67 %, 1875 MHz, 0x0000000000000000
2026/09/30 21:39:52.073, 77, 129.89 W, 60 %, 1875 MHz, 0x0000000000000000
2026/09/30 21:40:02.089, 75, 95.72 W, 67 %, 1875 MHz, 0x0000000000000000
2026/09/30 21:40:12.107, 77, 82.55 W, 99 %, 1875 MHz, 0x0000000000000000
2026/09/30 21:40:22.122, 75, 95.63 W, 67 %, 1875 MHz, 0x0000000000000000
2026/09/30 21:40:32.140, 75, 88.55 W, 76 %, 1875 MHz, 0x0000000000000000
2026/09/30 21:40:42.158, 75, 81.29 W, 67 %, 1875 MHz, 0x0000000000000000
2026/09/30 21:40:52.178, 75, 95.36 W, 21 %, 1875 MHz, 0x0000000000000000
2026/09/30 21:41:02.194, 75, 81.98 W, 59 %, 1875 MHz, 0x0000000000000000
2026/09/30 21:41:12.210, 76, 95.57 W, 35 %, 1875 MHz, 0x0000000000000000
2026/09/30 21:41:22.226, 77, 131.21 W, 23 %, 1875 MHz, 0x0000000000000000
2026/09/30 21:41:32.244, 76, 95.98 W, 68 %, 1875 MHz, 0x0000000000000000
2026/09/30 21:41:42.260, 77, 132.65 W, 33 %, 1875 MHz, 0x0000000000000000
2026/09/30 21:41:52.275, 76, 95.45 W, 67 %, 1875 MHz, 0x0000000000000000
2026/09/30 21:42:02.293, 78, 130.44 W, 83 %, 1875 MHz, 0x0000000000000000
2026/09/30 21:42:12.308, 76, 95.71 W, 67 %, 1875 MHz, 0x0000000000000000
2026/09/30 21:42:22.325, 76, 82.99 W, 99 %, 1875 MHz, 0x0000000000000000
2026/09/30 21:42:32.339, 76, 96.60 W, 67 %, 1875 MHz, 0x0000000000000000
2026/09/30 21:42:42.358, 75, 82.45 W, 63 %, 1875 MHz, 0x0000000000000000
2026/09/30 21:42:52.372, 76, 95.71 W, 68 %, 1875 MHz, 0x0000000000000000
2026/09/30 21:43:02.388, 76, 95.99 W, 16 %, 1875 MHz, 0x0000000000000000
2026/09/30 21:43:12.405, 75, 81.92 W, 51 %, 1875 MHz, 0x0000000000000000
2026/09/30 21:43:22.419, 76, 95.48 W, 44 %, 1875 MHz, 0x0000000000000000
2026/09/30 21:43:32.437, 75, 124.78 W, 14 %, 1860 MHz, 0x0000000000000000
2026/09/30 21:43:42.454, 76, 94.50 W, 67 %, 1860 MHz, 0x0000000000000000
2026/09/30 21:43:52.469, 77, 130.12 W, 42 %, 1860 MHz, 0x0000000000000000
2026/09/30 21:44:02.486, 76, 94.38 W, 68 %, 1860 MHz, 0x0000000000000000
2026/09/30 21:44:12.501, 78, 129.40 W, 89 %, 1860 MHz, 0x0000000000000000
2026/09/30 21:44:22.519, 76, 94.89 W, 68 %, 1860 MHz, 0x0000000000000000
2026/09/30 21:44:32.535, 77, 129.30 W, 99 %, 1860 MHz, 0x0000000000000000
2026/09/30 21:44:42.553, 76, 94.97 W, 68 %, 1860 MHz, 0x0000000000000000
2026/09/30 21:44:52.571, 77, 81.86 W, 71 %, 1860 MHz, 0x0000000000000000
2026/09/30 21:45:02.586, 76, 94.79 W, 67 %, 1860 MHz, 0x0000000000000000
2026/09/30 21:45:12.602, 75, 81.27 W, 25 %, 1860 MHz, 0x0000000000000000
2026/09/30 21:45:22.620, 76, 95.30 W, 67 %, 1860 MHz, 0x0000000000000000
2026/09/30 21:45:32.635, 75, 95.06 W, 79 %, 1860 MHz, 0x0000000000000000
2026/09/30 21:45:42.653, 75, 81.64 W, 68 %, 1860 MHz, 0x0000000000000000
2026/09/30 21:45:52.669, 76, 94.98 W, 38 %, 1860 MHz, 0x0000000000000000
2026/09/30 21:46:02.688, 75, 80.98 W, 67 %, 1860 MHz, 0x0000000000000000
2026/09/30 21:46:12.704, 75, 94.69 W, 17 %, 1860 MHz, 0x0000000000000000
2026/09/30 21:46:22.721, 77, 129.33 W, 44 %, 1860 MHz, 0x0000000000000000
2026/09/30 21:46:32.738, 76, 94.91 W, 46 %, 1860 MHz, 0x0000000000000000
2026/09/30 21:46:42.755, 77, 129.81 W, 14 %, 1860 MHz, 0x0000000000000000
2026/09/30 21:46:52.773, 75, 95.15 W, 67 %, 1860 MHz, 0x0000000000000000
2026/09/30 21:47:02.788, 77, 129.63 W, 47 %, 1860 MHz, 0x0000000000000000
2026/09/30 21:47:12.804, 75, 95.08 W, 66 %, 1860 MHz, 0x0000000000000000
2026/09/30 21:47:22.822, 77, 115.10 W, 89 %, 1860 MHz, 0x0000000000000000
2026/09/30 21:47:32.837, 76, 94.74 W, 67 %, 1860 MHz, 0x0000000000000000
2026/09/30 21:47:42.853, 75, 81.39 W, 99 %, 1860 MHz, 0x0000000000000000
2026/09/30 21:47:52.867, 76, 94.56 W, 67 %, 1860 MHz, 0x0000000000000000
2026/09/30 21:48:02.884, 75, 81.30 W, 77 %, 1860 MHz, 0x0000000000000000
2026/09/30 21:48:12.902, 75, 84.89 W, 68 %, 1860 MHz, 0x0000000000000000
2026/09/30 21:48:22.917, 75, 94.76 W, 33 %, 1860 MHz, 0x0000000000000000
2026/09/30 21:48:32.933, 75, 81.32 W, 68 %, 1860 MHz, 0x0000000000000000
2026/09/30 21:48:42.950, 76, 94.75 W, 18 %, 1860 MHz, 0x0000000000000000
2026/09/30 21:48:52.965, 75, 80.99 W, 47 %, 1860 MHz, 0x0000000000000000
2026/09/30 21:49:02.981, 76, 94.81 W, 43 %, 1860 MHz, 0x0000000000000000
2026/09/30 21:49:12.998, 76, 127.59 W, 18 %, 1860 MHz, 0x0000000000000000
2026/09/30 21:49:23.014, 76, 94.93 W, 67 %, 1860 MHz, 0x0000000000000000
2026/09/30 21:49:33.030, 77, 132.06 W, 33 %, 1860 MHz, 0x0000000000000000
2026/09/30 21:49:43.050, 76, 95.09 W, 67 %, 1860 MHz, 0x0000000000000000
2026/09/30 21:49:53.066, 77, 129.61 W, 76 %, 1860 MHz, 0x0000000000000000
2026/09/30 21:50:03.084, 76, 94.96 W, 67 %, 1860 MHz, 0x0000000000000000
2026/09/30 21:50:13.100, 77, 130.71 W, 99 %, 1860 MHz, 0x0000000000000000
2026/09/30 21:50:23.115, 76, 94.99 W, 67 %, 1860 MHz, 0x0000000000000000
2026/09/30 21:50:33.131, 78, 81.43 W, 88 %, 1860 MHz, 0x0000000000000000
2026/09/30 21:50:43.148, 76, 94.62 W, 67 %, 1860 MHz, 0x0000000000000000
2026/09/30 21:50:53.164, 75, 81.04 W, 40 %, 1860 MHz, 0x0000000000000000
2026/09/30 21:51:03.182, 76, 81.44 W, 67 %, 1860 MHz, 0x0000000000000000
2026/09/30 21:51:13.199, 76, 94.68 W, 21 %, 1860 MHz, 0x0000000000000000
2026/09/30 21:51:23.214, 75, 81.19 W, 39 %, 1860 MHz, 0x0000000000000000
2026/09/30 21:51:33.231, 76, 94.70 W, 53 %, 1860 MHz, 0x0000000000000000
2026/09/30 21:51:43.247, 77, 128.68 W, 16 %, 1860 MHz, 0x0000000000000000
2026/09/30 21:51:53.262, 76, 94.93 W, 68 %, 1860 MHz, 0x0000000000000000
2026/09/30 21:52:03.280, 77, 130.84 W, 52 %, 1860 MHz, 0x0000000000000000
2026/09/30 21:52:13.297, 76, 94.73 W, 67 %, 1860 MHz, 0x0000000000000000
2026/09/30 21:52:23.314, 77, 126.80 W, 87 %, 1860 MHz, 0x0000000000000000
2026/09/30 21:52:33.329, 76, 94.73 W, 67 %, 1860 MHz, 0x0000000000000000
2026/09/30 21:52:43.345, 77, 130.22 W, 27 %, 1860 MHz, 0x0000000000000000
2026/09/30 21:52:53.363, 76, 94.63 W, 68 %, 1860 MHz, 0x0000000000000000
2026/09/30 21:53:03.378, 77, 103.92 W, 66 %, 1860 MHz, 0x0000000000000000
2026/09/30 21:53:13.394, 76, 94.71 W, 68 %, 1860 MHz, 0x0000000000000000
2026/09/30 21:53:23.410, 76, 82.56 W, 99 %, 1860 MHz, 0x0000000000000000
2026/09/30 21:53:33.427, 76, 94.66 W, 67 %, 1860 MHz, 0x0000000000000000
2026/09/30 21:53:43.443, 75, 81.60 W, 99 %, 1860 MHz, 0x0000000000000000
2026/09/30 21:53:53.459, 76, 92.56 W, 67 %, 1860 MHz, 0x0000000000000000
2026/09/30 21:54:03.475, 75, 95.49 W, 72 %, 1860 MHz, 0x0000000000000000
2026/09/30 21:54:13.491, 75, 80.90 W, 67 %, 1860 MHz, 0x0000000000000000
2026/09/30 21:54:23.508, 76, 95.02 W, 29 %, 1860 MHz, 0x0000000000000000
2026/09/30 21:54:33.524, 75, 81.40 W, 67 %, 1860 MHz, 0x0000000000000000
2026/09/30 21:54:43.541, 76, 96.61 W, 20 %, 1860 MHz, 0x0000000000000000
2026/09/30 21:54:53.558, 75, 128.67 W, 44 %, 1860 MHz, 0x0000000000000000
2026/09/30 21:55:03.574, 76, 96.03 W, 45 %, 1860 MHz, 0x0000000000000000
2026/09/30 21:55:13.589, 76, 128.67 W, 20 %, 1860 MHz, 0x0000000000000000
2026/09/30 21:55:23.608, 76, 95.26 W, 65 %, 1860 MHz, 0x0000000000000000
2026/09/30 21:55:33.624, 77, 128.54 W, 24 %, 1860 MHz, 0x0000000000000000
2026/09/30 21:55:43.642, 76, 96.41 W, 68 %, 1860 MHz, 0x0000000000000000
2026/09/30 21:55:53.661, 77, 129.24 W, 63 %, 1860 MHz, 0x0000000000000000
2026/09/30 21:56:03.677, 76, 94.54 W, 67 %, 1860 MHz, 0x0000000000000000
2026/09/30 21:56:13.693, 77, 129.99 W, 99 %, 1860 MHz, 0x0000000000000000
2026/09/30 21:56:23.711, 76, 95.47 W, 67 %, 1860 MHz, 0x0000000000000000
2026/09/30 21:56:33.728, 75, 81.62 W, 99 %, 1860 MHz, 0x0000000000000000
2026/09/30 21:56:43.744, 76, 94.68 W, 68 %, 1860 MHz, 0x0000000000000000
2026/09/30 21:56:53.761, 75, 81.30 W, 64 %, 1860 MHz, 0x0000000000000000
2026/09/30 21:57:03.776, 76, 94.28 W, 67 %, 1860 MHz, 0x0000000000000000
2026/09/30 21:57:13.791, 76, 95.34 W, 22 %, 1860 MHz, 0x0000000000000000
2026/09/30 21:57:23.809, 75, 81.10 W, 65 %, 1860 MHz, 0x0000000000000000
2026/09/30 21:57:33.824, 76, 94.91 W, 23 %, 1860 MHz, 0x0000000000000000
2026/09/30 21:57:43.841, 75, 80.87 W, 39 %, 1860 MHz, 0x0000000000000000
2026/09/30 21:57:53.856, 76, 94.53 W, 47 %, 1860 MHz, 0x0000000000000000
2026/09/30 21:58:03.872, 76, 127.82 W, 16 %, 1860 MHz, 0x0000000000000000
2026/09/30 21:58:13.891, 76, 94.51 W, 67 %, 1860 MHz, 0x0000000000000000
2026/09/30 21:58:23.906, 77, 129.08 W, 37 %, 1860 MHz, 0x0000000000000000
2026/09/30 21:58:33.928, 76, 94.55 W, 67 %, 1860 MHz, 0x0000000000000000
2026/09/30 21:58:43.945, 77, 128.66 W, 74 %, 1860 MHz, 0x0000000000000000
2026/09/30 21:58:53.962, 76, 94.88 W, 67 %, 1860 MHz, 0x0000000000000000
2026/09/30 21:59:03.980, 78, 128.77 W, 99 %, 1860 MHz, 0x0000000000000000
2026/09/30 21:59:13.999, 76, 94.94 W, 67 %, 1860 MHz, 0x0000000000000000
2026/09/30 21:59:24.015, 78, 82.54 W, 93 %, 1860 MHz, 0x0000000000000000
2026/09/30 21:59:34.030, 76, 94.89 W, 67 %, 1860 MHz, 0x0000000000000000
2026/09/30 21:59:44.046, 76, 81.52 W, 57 %, 1860 MHz, 0x0000000000000000
2026/09/30 21:59:54.061, 76, 95.04 W, 68 %, 1860 MHz, 0x0000000000000000
2026/09/30 22:00:04.079, 75, 81.30 W, 99 %, 1860 MHz, 0x0000000000000000
2026/09/30 22:00:14.094, 76, 94.62 W, 68 %, 1860 MHz, 0x0000000000000000
2026/09/30 22:00:24.110, 75, 95.28 W, 78 %, 1860 MHz, 0x0000000000000000
2026/09/30 22:00:34.127, 75, 80.93 W, 67 %, 1860 MHz, 0x0000000000000000
2026/09/30 22:00:44.141, 76, 94.83 W, 34 %, 1860 MHz, 0x0000000000000000
2026/09/30 22:00:54.159, 75, 81.27 W, 67 %, 1860 MHz, 0x0000000000000000
2026/09/30 22:01:04.175, 76, 94.87 W, 17 %, 1860 MHz, 0x0000000000000000
2026/09/30 22:01:14.193, 75, 128.48 W, 46 %, 1860 MHz, 0x0000000000000000
2026/09/30 22:01:24.210, 76, 95.02 W, 43 %, 1860 MHz, 0x0000000000000000
2026/09/30 22:01:34.228, 77, 129.51 W, 20 %, 1860 MHz, 0x0000000000000000
2026/09/30 22:01:44.245, 76, 94.97 W, 68 %, 1860 MHz, 0x0000000000000000
2026/09/30 22:01:54.262, 78, 129.96 W, 26 %, 1860 MHz, 0x0000000000000000
2026/09/30 22:02:04.277, 76, 94.93 W, 67 %, 1860 MHz, 0x0000000000000000
2026/09/30 22:02:14.295, 78, 129.67 W, 65 %, 1860 MHz, 0x0000000000000000
2026/09/30 22:02:24.311, 76, 94.99 W, 68 %, 1860 MHz, 0x0000000000000000
2026/09/30 22:02:34.329, 77, 82.71 W, 99 %, 1860 MHz, 0x0000000000000000
2026/09/30 22:02:44.344, 76, 95.09 W, 66 %, 1860 MHz, 0x0000000000000000
2026/09/30 22:02:54.360, 76, 82.34 W, 98 %, 1860 MHz, 0x0000000000000000
2026/09/30 22:03:04.377, 76, 95.23 W, 68 %, 1860 MHz, 0x0000000000000000
2026/09/30 22:03:14.394, 75, 81.57 W, 78 %, 1860 MHz, 0x0000000000000000
2026/09/30 22:03:24.410, 76, 94.23 W, 68 %, 1860 MHz, 0x0000000000000000
2026/09/30 22:03:34.425, 76, 95.18 W, 44 %, 1860 MHz, 0x0000000000000000
2026/09/30 22:03:44.441, 75, 81.51 W, 67 %, 1860 MHz, 0x0000000000000000
2026/09/30 22:03:54.458, 76, 94.92 W, 16 %, 1860 MHz, 0x0000000000000000
2026/09/30 22:04:04.474, 75, 80.94 W, 54 %, 1860 MHz, 0x0000000000000000
2026/09/30 22:04:14.489, 76, 95.12 W, 37 %, 1860 MHz, 0x0000000000000000
2026/09/30 22:04:24.506, 75, 127.96 W, 24 %, 1860 MHz, 0x0000000000000000
2026/09/30 22:04:34.524, 76, 93.95 W, 62 %, 1860 MHz, 0x0000000000000000
2026/09/30 22:04:44.540, 77, 128.90 W, 17 %, 1860 MHz, 0x0000000000000000
2026/09/30 22:04:54.555, 76, 94.32 W, 68 %, 1860 MHz, 0x0000000000000000
2026/09/30 22:05:04.573, 77, 127.47 W, 49 %, 1860 MHz, 0x0000000000000000
2026/09/30 22:05:14.589, 76, 94.57 W, 68 %, 1860 MHz, 0x0000000000000000
2026/09/30 22:05:24.608, 77, 129.35 W, 89 %, 1860 MHz, 0x0000000000000000
2026/09/30 22:05:34.625, 76, 94.88 W, 67 %, 1860 MHz, 0x0000000000000000
2026/09/30 22:05:44.641, 77, 130.16 W, 99 %, 1860 MHz, 0x0000000000000000
2026/09/30 22:05:54.659, 76, 94.71 W, 66 %, 1860 MHz, 0x0000000000000000
2026/09/30 22:06:04.674, 78, 82.09 W, 84 %, 1860 MHz, 0x0000000000000000
2026/09/30 22:06:14.689, 76, 95.15 W, 67 %, 1860 MHz, 0x0000000000000000
2026/09/30 22:06:24.705, 76, 81.26 W, 42 %, 1860 MHz, 0x0000000000000000
2026/09/30 22:06:34.721, 76, 95.05 W, 67 %, 1860 MHz, 0x0000000000000000
2026/09/30 22:06:44.742, 76, 94.91 W, 14 %, 1860 MHz, 0x0000000000000000
2026/09/30 22:06:54.758, 75, 82.02 W, 48 %, 1860 MHz, 0x0000000000000000
2026/09/30 22:07:04.774, 76, 94.85 W, 40 %, 1860 MHz, 0x0000000000000000
2026/09/30 22:07:14.790, 75, 81.93 W, 24 %, 1860 MHz, 0x0000000000000000
2026/09/30 22:07:24.805, 76, 95.16 W, 26 %, 1860 MHz, 0x0000000000000000
2026/09/30 22:07:34.821, 76, 104.25 W, 66 %, 1860 MHz, 0x0000000000000000
2026/09/30 22:07:44.837, 76, 95.28 W, 23 %, 1860 MHz, 0x0000000000000000
2026/09/30 22:07:54.853, 77, 128.60 W, 38 %, 1860 MHz, 0x0000000000000000
2026/09/30 22:08:04.871, 76, 95.50 W, 54 %, 1860 MHz, 0x0000000000000000
2026/09/30 22:08:14.888, 77, 126.64 W, 15 %, 1860 MHz, 0x0000000000000000
2026/09/30 22:08:24.905, 76, 94.74 W, 67 %, 1860 MHz, 0x0000000000000000
2026/09/30 22:08:34.922, 77, 128.24 W, 43 %, 1860 MHz, 0x0000000000000000
2026/09/30 22:08:44.939, 76, 95.23 W, 67 %, 1860 MHz, 0x0000000000000000
2026/09/30 22:08:54.954, 77, 130.04 W, 81 %, 1860 MHz, 0x0000000000000000
2026/09/30 22:09:04.971, 76, 94.79 W, 67 %, 1860 MHz, 0x0000000000000000
2026/09/30 22:09:14.987, 76, 81.52 W, 99 %, 1860 MHz, 0x0000000000000000
2026/09/30 22:09:25.001, 76, 95.31 W, 66 %, 1860 MHz, 0x0000000000000000
2026/09/30 22:09:35.018, 75, 81.24 W, 85 %, 1860 MHz, 0x0000000000000000
2026/09/30 22:09:45.037, 76, 95.10 W, 67 %, 1860 MHz, 0x0000000000000000
2026/09/30 22:09:55.052, 76, 95.02 W, 47 %, 1860 MHz, 0x0000000000000000
2026/09/30 22:10:05.069, 75, 81.24 W, 67 %, 1860 MHz, 0x0000000000000000
2026/09/30 22:10:15.084, 75, 94.90 W, 16 %, 1860 MHz, 0x0000000000000000
2026/09/30 22:10:25.102, 75, 81.25 W, 55 %, 1860 MHz, 0x0000000000000000
2026/09/30 22:10:35.117, 75, 94.74 W, 31 %, 1860 MHz, 0x0000000000000000
2026/09/30 22:10:45.133, 75, 127.28 W, 29 %, 1860 MHz, 0x0000000000000000
2026/09/30 22:10:55.150, 75, 95.12 W, 58 %, 1860 MHz, 0x0000000000000000
2026/09/30 22:11:05.166, 77, 128.95 W, 17 %, 1860 MHz, 0x0000000000000000
2026/09/30 22:11:15.184, 75, 94.79 W, 67 %, 1860 MHz, 0x0000000000000000
2026/09/30 22:11:25.201, 77, 130.24 W, 53 %, 1860 MHz, 0x0000000000000000
2026/09/30 22:11:35.217, 75, 94.75 W, 67 %, 1860 MHz, 0x0000000000000000
2026/09/30 22:11:45.234, 77, 128.43 W, 95 %, 1860 MHz, 0x0000000000000000
2026/09/30 22:11:55.255, 75, 94.71 W, 67 %, 1860 MHz, 0x0000000000000000
2026/09/30 22:12:05.271, 76, 82.25 W, 99 %, 1860 MHz, 0x0000000000000000
2026/09/30 22:12:15.289, 75, 94.99 W, 67 %, 1860 MHz, 0x0000000000000000
2026/09/30 22:12:25.306, 75, 81.21 W, 77 %, 1860 MHz, 0x0000000000000000
2026/09/30 22:12:35.320, 75, 94.92 W, 67 %, 1860 MHz, 0x0000000000000000
2026/09/30 22:12:45.337, 76, 104.90 W, 34 %, 1860 MHz, 0x0000000000000000
2026/09/30 22:12:55.356, 75, 81.41 W, 68 %, 1860 MHz, 0x0000000000000000
2026/09/30 22:13:05.374, 76, 95.41 W, 15 %, 1860 MHz, 0x0000000000000000
2026/09/30 22:13:15.391, 75, 81.14 W, 49 %, 1860 MHz, 0x0000000000000000
2026/09/30 22:13:25.408, 75, 94.63 W, 39 %, 1860 MHz, 0x0000000000000000
2026/09/30 22:13:35.423, 75, 80.93 W, 24 %, 1860 MHz, 0x0000000000000000
2026/09/30 22:13:45.438, 76, 94.77 W, 64 %, 1860 MHz, 0x0000000000000000
2026/09/30 22:13:55.455, 76, 126.15 W, 19 %, 1860 MHz, 0x0000000000000000
2026/09/30 22:14:05.473, 75, 95.02 W, 67 %, 1860 MHz, 0x0000000000000000
2026/09/30 22:14:15.489, 77, 128.04 W, 56 %, 1860 MHz, 0x0000000000000000
2026/09/30 22:14:25.509, 75, 94.36 W, 67 %, 1860 MHz, 0x0000000000000000
2026/09/30 22:14:35.525, 77, 127.09 W, 88 %, 1860 MHz, 0x0000000000000000
2026/09/30 22:14:45.541, 75, 95.23 W, 67 %, 1860 MHz, 0x0000000000000000
2026/09/30 22:14:55.557, 77, 128.22 W, 29 %, 1860 MHz, 0x0000000000000000
2026/09/30 22:15:05.575, 75, 94.76 W, 67 %, 1860 MHz, 0x0000000000000000
2026/09/30 22:15:15.591, 77, 131.09 W, 64 %, 1860 MHz, 0x0000000000000000
2026/09/30 22:15:25.608, 75, 95.14 W, 67 %, 1860 MHz, 0x0000000000000000
2026/09/30 22:15:35.623, 77, 81.54 W, 99 %, 1860 MHz, 0x0000000000000000
2026/09/30 22:15:45.638, 75, 95.35 W, 68 %, 1860 MHz, 0x0000000000000000
2026/09/30 22:15:55.656, 75, 81.11 W, 99 %, 1860 MHz, 0x0000000000000000
2026/09/30 22:16:05.671, 75, 95.55 W, 67 %, 1860 MHz, 0x0000000000000000
2026/09/30 22:16:15.687, 75, 97.26 W, 83 %, 1860 MHz, 0x0000000000000000
2026/09/30 22:16:25.703, 75, 81.47 W, 68 %, 1860 MHz, 0x0000000000000000
2026/09/30 22:16:35.719, 75, 94.81 W, 46 %, 1860 MHz, 0x0000000000000000
2026/09/30 22:16:45.735, 75, 82.55 W, 67 %, 1860 MHz, 0x0000000000000000
2026/09/30 22:16:55.751, 75, 94.67 W, 15 %, 1860 MHz, 0x0000000000000000
2026/09/30 22:17:05.770, 75, 81.48 W, 59 %, 1860 MHz, 0x0000000000000000
2026/09/30 22:17:15.784, 75, 94.80 W, 29 %, 1860 MHz, 0x0000000000000000
2026/09/30 22:17:25.801, 77, 126.44 W, 35 %, 1860 MHz, 0x0000000000000000
2026/09/30 22:17:35.817, 75, 94.69 W, 55 %, 1860 MHz, 0x0000000000000000
2026/09/30 22:17:45.834, 77, 127.86 W, 16 %, 1860 MHz, 0x0000000000000000
2026/09/30 22:17:55.853, 75, 94.63 W, 68 %, 1860 MHz, 0x0000000000000000
2026/09/30 22:18:05.869, 77, 127.18 W, 34 %, 1860 MHz, 0x0000000000000000
2026/09/30 22:18:15.885, 75, 94.54 W, 67 %, 1860 MHz, 0x0000000000000000
2026/09/30 22:18:25.902, 77, 128.79 W, 64 %, 1860 MHz, 0x0000000000000000
2026/09/30 22:18:35.920, 75, 94.45 W, 67 %, 1860 MHz, 0x0000000000000000
2026/09/30 22:18:45.936, 77, 127.90 W, 97 %, 1860 MHz, 0x0000000000000000
2026/09/30 22:18:55.955, 75, 94.36 W, 67 %, 1860 MHz, 0x0000000000000000
2026/09/30 22:19:05.971, 76, 82.24 W, 99 %, 1860 MHz, 0x0000000000000000
2026/09/30 22:19:15.986, 75, 94.35 W, 67 %, 1860 MHz, 0x0000000000000000
2026/09/30 22:19:26.004, 75, 81.16 W, 74 %, 1860 MHz, 0x0000000000000000
2026/09/30 22:19:36.018, 75, 94.46 W, 68 %, 1860 MHz, 0x0000000000000000
2026/09/30 22:19:46.034, 75, 95.18 W, 32 %, 1860 MHz, 0x0000000000000000
2026/09/30 22:19:56.050, 75, 81.32 W, 68 %, 1860 MHz, 0x0000000000000000
2026/09/30 22:20:06.066, 75, 94.82 W, 19 %, 1860 MHz, 0x0000000000000000
2026/09/30 22:20:16.082, 75, 80.55 W, 47 %, 1860 MHz, 0x0000000000000000
2026/09/30 22:20:26.097, 75, 94.28 W, 39 %, 1860 MHz, 0x0000000000000000
2026/09/30 22:20:36.119, 75, 80.56 W, 25 %, 1860 MHz, 0x0000000000000000
2026/09/30 22:20:46.136, 75, 94.33 W, 62 %, 1860 MHz, 0x0000000000000000
2026/09/30 22:20:56.152, 75, 126.46 W, 19 %, 1860 MHz, 0x0000000000000000
2026/09/30 22:21:06.170, 75, 94.73 W, 67 %, 1860 MHz, 0x0000000000000000
2026/09/30 22:21:16.185, 77, 127.38 W, 58 %, 1860 MHz, 0x0000000000000000
2026/09/30 22:21:26.202, 75, 94.53 W, 67 %, 1860 MHz, 0x0000000000000000
2026/09/30 22:21:36.220, 77, 128.44 W, 94 %, 1860 MHz, 0x0000000000000000
2026/09/30 22:21:46.238, 75, 94.52 W, 68 %, 1860 MHz, 0x0000000000000000
2026/09/30 22:21:56.253, 77, 127.75 W, 99 %, 1860 MHz, 0x0000000000000000
2026/09/30 22:22:06.270, 75, 94.22 W, 67 %, 1860 MHz, 0x0000000000000000
2026/09/30 22:22:16.287, 76, 111.56 W, 63 %, 1860 MHz, 0x0000000000000000
2026/09/30 22:22:26.303, 75, 94.34 W, 67 %, 1860 MHz, 0x0000000000000000
2026/09/30 22:22:36.320, 75, 81.38 W, 99 %, 1860 MHz, 0x0000000000000000
2026/09/30 22:22:46.335, 75, 94.30 W, 68 %, 1860 MHz, 0x0000000000000000
2026/09/30 22:22:56.352, 75, 81.06 W, 99 %, 1860 MHz, 0x0000000000000000
2026/09/30 22:23:06.367, 75, 94.70 W, 68 %, 1860 MHz, 0x0000000000000000
2026/09/30 22:23:16.383, 75, 94.56 W, 75 %, 1860 MHz, 0x0000000000000000
2026/09/30 22:23:26.401, 75, 80.96 W, 68 %, 1860 MHz, 0x0000000000000000
2026/09/30 22:23:36.420, 75, 94.59 W, 34 %, 1860 MHz, 0x0000000000000000
2026/09/30 22:23:46.435, 74, 80.72 W, 67 %, 1860 MHz, 0x0000000000000000
2026/09/30 22:23:56.450, 75, 94.18 W, 14 %, 1860 MHz, 0x0000000000000000
2026/09/30 22:24:06.468, 74, 112.81 W, 51 %, 1860 MHz, 0x0000000000000000
2026/09/30 22:24:16.484, 75, 94.30 W, 36 %, 1860 MHz, 0x0000000000000000
2026/09/30 22:24:26.501, 76, 128.15 W, 26 %, 1860 MHz, 0x0000000000000000
2026/09/30 22:24:36.517, 75, 94.46 W, 64 %, 1860 MHz, 0x0000000000000000
2026/09/30 22:24:46.531, 77, 127.78 W, 18 %, 1860 MHz, 0x0000000000000000
2026/09/30 22:24:56.549, 75, 94.84 W, 67 %, 1860 MHz, 0x0000000000000000
2026/09/30 22:25:06.567, 77, 127.96 W, 53 %, 1860 MHz, 0x0000000000000000
2026/09/30 22:25:16.583, 75, 94.92 W, 68 %, 1860 MHz, 0x0000000000000000
2026/09/30 22:25:26.599, 77, 129.67 W, 88 %, 1860 MHz, 0x0000000000000000
2026/09/30 22:25:36.616, 75, 94.98 W, 67 %, 1860 MHz, 0x0000000000000000
2026/09/30 22:25:46.631, 77, 82.03 W, 99 %, 1860 MHz, 0x0000000000000000
2026/09/30 22:25:56.647, 75, 95.12 W, 67 %, 1860 MHz, 0x0000000000000000
2026/09/30 22:26:06.665, 75, 81.31 W, 89 %, 1860 MHz, 0x0000000000000000
2026/09/30 22:26:16.679, 75, 95.59 W, 67 %, 1860 MHz, 0x0000000000000000
2026/09/30 22:26:26.695, 75, 98.61 W, 52 %, 1860 MHz, 0x0000000000000000
2026/09/30 22:26:36.712, 75, 82.12 W, 67 %, 1860 MHz, 0x0000000000000000
2026/09/30 22:26:46.726, 75, 94.43 W, 18 %, 1860 MHz, 0x0000000000000000
2026/09/30 22:26:56.744, 75, 82.68 W, 64 %, 1860 MHz, 0x0000000000000000
2026/09/30 22:27:06.758, 75, 94.67 W, 23 %, 1860 MHz, 0x0000000000000000
2026/09/30 22:27:16.775, 75, 81.55 W, 43 %, 1860 MHz, 0x0000000000000000
2026/09/30 22:27:26.791, 75, 94.48 W, 48 %, 1860 MHz, 0x0000000000000000
2026/09/30 22:27:36.808, 76, 127.26 W, 15 %, 1860 MHz, 0x0000000000000000
2026/09/30 22:27:46.827, 75, 94.32 W, 68 %, 1860 MHz, 0x0000000000000000
2026/09/30 22:27:56.842, 77, 128.15 W, 31 %, 1860 MHz, 0x0000000000000000
2026/09/30 22:28:06.860, 75, 94.84 W, 67 %, 1860 MHz, 0x0000000000000000
2026/09/30 22:28:16.875, 77, 127.19 W, 65 %, 1860 MHz, 0x0000000000000000
2026/09/30 22:28:26.893, 75, 94.93 W, 67 %, 1860 MHz, 0x0000000000000000
2026/09/30 22:28:36.911, 77, 129.06 W, 98 %, 1860 MHz, 0x0000000000000000
2026/09/30 22:28:46.927, 75, 94.61 W, 68 %, 1860 MHz, 0x0000000000000000
2026/09/30 22:28:56.945, 77, 127.22 W, 99 %, 1860 MHz, 0x0000000000000000
2026/09/30 22:29:06.963, 75, 94.58 W, 67 %, 1860 MHz, 0x0000000000000000
2026/09/30 22:29:16.979, 77, 82.60 W, 84 %, 1860 MHz, 0x0000000000000000
2026/09/30 22:29:26.995, 75, 94.56 W, 68 %, 1860 MHz, 0x0000000000000000
2026/09/30 22:29:37.012, 75, 81.23 W, 46 %, 1860 MHz, 0x0000000000000000
2026/09/30 22:29:47.027, 75, 94.52 W, 67 %, 1860 MHz, 0x0000000000000000
2026/09/30 22:29:57.044, 75, 81.73 W, 99 %, 1860 MHz, 0x0000000000000000
2026/09/30 22:30:07.060, 75, 92.80 W, 67 %, 1860 MHz, 0x0000000000000000
2026/09/30 22:30:17.078, 75, 94.47 W, 82 %, 1860 MHz, 0x0000000000000000
2026/09/30 22:30:27.095, 75, 81.03 W, 67 %, 1860 MHz, 0x0000000000000000
2026/09/30 22:30:37.113, 75, 94.58 W, 54 %, 1860 MHz, 0x0000000000000000
2026/09/30 22:30:47.129, 74, 80.99 W, 67 %, 1860 MHz, 0x0000000000000000
2026/09/30 22:30:57.144, 75, 95.11 W, 19 %, 1860 MHz, 0x0000000000000000
2026/09/30 22:31:07.160, 74, 80.74 W, 62 %, 1860 MHz, 0x0000000000000000
2026/09/30 22:31:17.180, 75, 94.50 W, 26 %, 1860 MHz, 0x0000000000000000
2026/09/30 22:31:27.198, 74, 127.93 W, 38 %, 1860 MHz, 0x0000000000000000
2026/09/30 22:31:37.214, 75, 94.73 W, 48 %, 1860 MHz, 0x0000000000000000
2026/09/30 22:31:47.230, 76, 127.24 W, 14 %, 1860 MHz, 0x0000000000000000
2026/09/30 22:31:57.247, 75, 94.18 W, 67 %, 1860 MHz, 0x0000000000000000
2026/09/30 22:32:07.268, 76, 126.86 W, 25 %, 1860 MHz, 0x0000000000000000
2026/09/30 22:32:17.284, 75, 94.42 W, 67 %, 1860 MHz, 0x0000000000000000
2026/09/30 22:32:27.304, 77, 127.12 W, 61 %, 1860 MHz, 0x0000000000000000
2026/09/30 22:32:37.320, 75, 94.63 W, 68 %, 1860 MHz, 0x0000000000000000
2026/09/30 22:32:47.336, 77, 129.25 W, 97 %, 1860 MHz, 0x0000000000000000
2026/09/30 22:32:57.351, 75, 94.47 W, 67 %, 1860 MHz, 0x0000000000000000
2026/09/30 22:33:07.366, 75, 81.40 W, 99 %, 1860 MHz, 0x0000000000000000
2026/09/30 22:33:17.383, 75, 94.46 W, 68 %, 1860 MHz, 0x0000000000000000
2026/09/30 22:33:27.398, 75, 80.96 W, 81 %, 1860 MHz, 0x0000000000000000
2026/09/30 22:33:37.413, 75, 94.17 W, 67 %, 1860 MHz, 0x0000000000000000
2026/09/30 22:33:47.430, 75, 101.92 W, 46 %, 1860 MHz, 0x0000000000000000
2026/09/30 22:33:57.446, 75, 81.34 W, 67 %, 1860 MHz, 0x0000000000000000
2026/09/30 22:34:07.461, 75, 94.56 W, 17 %, 1860 MHz, 0x0000000000000000
2026/09/30 22:34:17.478, 74, 80.93 W, 58 %, 1860 MHz, 0x0000000000000000
2026/09/30 22:34:27.493, 75, 94.89 W, 30 %, 1860 MHz, 0x0000000000000000
2026/09/30 22:34:37.510, 74, 80.81 W, 34 %, 1860 MHz, 0x0000000000000000
2026/09/30 22:34:47.527, 75, 94.37 W, 55 %, 1860 MHz, 0x0000000000000000
2026/09/30 22:34:57.543, 76, 126.38 W, 15 %, 1860 MHz, 0x0000000000000000
2026/09/30 22:35:07.560, 75, 94.87 W, 67 %, 1860 MHz, 0x0000000000000000
2026/09/30 22:35:17.578, 77, 127.93 W, 45 %, 1860 MHz, 0x0000000000000000
2026/09/30 22:35:27.593, 75, 94.25 W, 67 %, 1860 MHz, 0x0000000000000000
2026/09/30 22:35:37.611, 75, 81.45 W, 73 %, 1860 MHz, 0x0000000000000000
2026/09/30 22:35:47.628, 75, 94.73 W, 67 %, 1860 MHz, 0x0000000000000000
2026/09/30 22:35:57.643, 75, 80.85 W, 36 %, 1860 MHz, 0x0000000000000000
2026/09/30 22:36:07.659, 75, 94.20 W, 66 %, 1860 MHz, 0x0000000000000000
2026/09/30 22:36:17.677, 75, 94.01 W, 16 %, 1860 MHz, 0x0000000000000000
2026/09/30 22:36:27.693, 75, 80.74 W, 48 %, 1860 MHz, 0x0000000000000000
2026/09/30 22:36:37.713, 75, 94.92 W, 39 %, 1860 MHz, 0x0000000000000000
2026/09/30 22:36:47.731, 74, 80.70 W, 26 %, 1860 MHz, 0x0000000000000000
2026/09/30 22:36:57.746, 75, 94.42 W, 62 %, 1860 MHz, 0x0000000000000000
2026/09/30 22:37:07.761, 74, 125.53 W, 17 %, 1860 MHz, 0x0000000000000000
2026/09/30 22:37:17.777, 75, 94.25 W, 20 %, 1860 MHz, 0x0000000000000000
2026/09/30 22:37:27.793, 74, 126.30 W, 47 %, 1860 MHz, 0x0000000000000000
2026/09/30 22:37:37.813, 75, 94.13 W, 40 %, 1860 MHz, 0x0000000000000000
2026/09/30 22:37:47.830, 77, 127.57 W, 25 %, 1860 MHz, 0x0000000000000000
2026/09/30 22:37:57.847, 75, 94.10 W, 58 %, 1860 MHz, 0x0000000000000000
2026/09/30 22:38:07.862, 77, 126.65 W, 15 %, 1860 MHz, 0x0000000000000000
2026/09/30 22:38:17.879, 75, 94.10 W, 67 %, 1860 MHz, 0x0000000000000000
2026/09/30 22:38:27.895, 77, 127.38 W, 45 %, 1860 MHz, 0x0000000000000000
2026/09/30 22:38:37.913, 75, 94.67 W, 67 %, 1860 MHz, 0x0000000000000000
2026/09/30 22:38:47.929, 77, 126.76 W, 81 %, 1860 MHz, 0x0000000000000000
2026/09/30 22:38:57.946, 75, 94.21 W, 67 %, 1860 MHz, 0x0000000000000000
2026/09/30 22:39:07.961, 75, 81.47 W, 99 %, 1860 MHz, 0x0000000000000000
2026/09/30 22:39:17.983, 75, 94.18 W, 68 %, 1860 MHz, 0x0000000000000000
2026/09/30 22:39:27.998, 75, 81.29 W, 99 %, 1860 MHz, 0x0000000000000000
2026/09/30 22:39:38.015, 75, 94.34 W, 67 %, 1860 MHz, 0x0000000000000000
2026/09/30 22:39:48.030, 75, 95.45 W, 66 %, 1860 MHz, 0x0000000000000000
2026/09/30 22:39:58.047, 75, 81.77 W, 66 %, 1860 MHz, 0x0000000000000000
2026/09/30 22:40:08.061, 75, 94.43 W, 34 %, 1860 MHz, 0x0000000000000000
2026/09/30 22:40:18.078, 74, 80.53 W, 67 %, 1860 MHz, 0x0000000000000000
2026/09/30 22:40:28.093, 75, 94.70 W, 16 %, 1860 MHz, 0x0000000000000000
2026/09/30 22:40:38.109, 74, 80.25 W, 50 %, 1860 MHz, 0x0000000000000000
2026/09/30 22:40:48.125, 75, 94.69 W, 39 %, 1860 MHz, 0x0000000000000000
2026/09/30 22:40:58.141, 74, 126.46 W, 26 %, 1860 MHz, 0x0000000000000000
2026/09/30 22:41:08.157, 75, 95.67 W, 61 %, 1860 MHz, 0x0000000000000000
2026/09/30 22:41:18.174, 76, 126.43 W, 18 %, 1860 MHz, 0x0000000000000000
2026/09/30 22:41:28.190, 75, 94.08 W, 67 %, 1860 MHz, 0x0000000000000000
2026/09/30 22:41:38.207, 77, 126.42 W, 50 %, 1860 MHz, 0x0000000000000000
2026/09/30 22:41:48.226, 75, 94.67 W, 68 %, 1860 MHz, 0x0000000000000000
2026/09/30 22:41:58.242, 77, 126.52 W, 80 %, 1860 MHz, 0x0000000000000000
2026/09/30 22:42:08.261, 75, 94.36 W, 67 %, 1860 MHz, 0x0000000000000000
2026/09/30 22:42:18.276, 77, 126.87 W, 99 %, 1860 MHz, 0x0000000000000000
2026/09/30 22:42:28.293, 75, 93.84 W, 68 %, 1860 MHz, 0x0000000000000000
2026/09/30 22:42:38.309, 77, 80.90 W, 95 %, 1860 MHz, 0x0000000000000000
2026/09/30 22:42:48.328, 75, 94.12 W, 67 %, 1860 MHz, 0x0000000000000000
2026/09/30 22:42:58.343, 74, 80.94 W, 60 %, 1860 MHz, 0x0000000000000000
2026/09/30 22:43:08.359, 75, 94.06 W, 66 %, 1860 MHz, 0x0000000000000000
2026/09/30 22:43:18.375, 74, 96.04 W, 32 %, 1860 MHz, 0x0000000000000000
2026/09/30 22:43:28.392, 75, 94.07 W, 67 %, 1860 MHz, 0x0000000000000000
2026/09/30 22:43:38.409, 75, 94.36 W, 15 %, 1860 MHz, 0x0000000000000000
2026/09/30 22:43:48.425, 75, 80.92 W, 48 %, 1860 MHz, 0x0000000000000000
2026/09/30 22:43:58.439, 75, 94.06 W, 37 %, 1860 MHz, 0x0000000000000000
2026/09/30 22:44:08.457, 74, 80.70 W, 28 %, 1860 MHz, 0x0000000000000000
2026/09/30 22:44:18.472, 75, 94.52 W, 58 %, 1860 MHz, 0x0000000000000000
2026/09/30 22:44:28.490, 74, 100.28 W, 15 %, 1860 MHz, 0x0000000000000000
2026/09/30 22:44:38.506, 75, 93.99 W, 14 %, 1860 MHz, 0x0000000000000000
2026/09/30 22:44:48.522, 76, 125.86 W, 50 %, 1860 MHz, 0x0000000000000000
2026/09/30 22:44:58.540, 75, 94.33 W, 38 %, 1860 MHz, 0x0000000000000000
2026/09/30 22:45:08.556, 77, 126.11 W, 13 %, 1860 MHz, 0x0000000000000000
2026/09/30 22:45:18.572, 75, 94.06 W, 67 %, 1860 MHz, 0x0000000000000000
2026/09/30 22:45:28.590, 75, 80.75 W, 99 %, 1860 MHz, 0x0000000000000000
2026/09/30 22:45:38.604, 75, 94.25 W, 67 %, 1860 MHz, 0x0000000000000000
2026/09/30 22:45:48.620, 74, 93.72 W, 83 %, 1860 MHz, 0x0000000000000000
2026/09/30 22:45:58.637, 75, 80.88 W, 66 %, 1860 MHz, 0x0000000000000000
2026/09/30 22:46:08.652, 75, 94.21 W, 48 %, 1860 MHz, 0x0000000000000000
2026/09/30 22:46:18.668, 74, 81.09 W, 67 %, 1860 MHz, 0x0000000000000000
2026/09/30 22:46:28.684, 75, 94.51 W, 17 %, 1860 MHz, 0x0000000000000000
2026/09/30 22:46:38.700, 74, 80.93 W, 62 %, 1860 MHz, 0x0000000000000000
2026/09/30 22:46:48.718, 75, 94.45 W, 23 %, 1860 MHz, 0x0000000000000000
2026/09/30 22:46:58.735, 74, 125.53 W, 43 %, 1860 MHz, 0x0000000000000000
2026/09/30 22:47:08.751, 75, 94.38 W, 45 %, 1860 MHz, 0x0000000000000000
2026/09/30 22:47:18.766, 75, 125.72 W, 21 %, 1860 MHz, 0x0000000000000000
2026/09/30 22:47:28.786, 75, 94.03 W, 66 %, 1860 MHz, 0x0000000000000000
2026/09/30 22:47:38.802, 76, 126.74 W, 19 %, 1860 MHz, 0x0000000000000000
2026/09/30 22:47:48.819, 75, 94.22 W, 66 %, 1860 MHz, 0x0000000000000000
2026/09/30 22:47:58.839, 77, 126.25 W, 62 %, 1860 MHz, 0x0000000000000000
2026/09/30 22:48:08.856, 75, 94.22 W, 68 %, 1860 MHz, 0x0000000000000000
2026/09/30 22:48:18.872, 77, 126.59 W, 96 %, 1860 MHz, 0x0000000000000000
2026/09/30 22:48:28.890, 75, 93.62 W, 66 %, 1860 MHz, 0x0000000000000000
2026/09/30 22:48:38.908, 75, 81.85 W, 99 %, 1860 MHz, 0x0000000000000000
2026/09/30 22:48:48.922, 75, 93.80 W, 67 %, 1860 MHz, 0x0000000000000000
2026/09/30 22:48:58.940, 75, 81.00 W, 86 %, 1860 MHz, 0x0000000000000000
2026/09/30 22:49:08.956, 75, 94.17 W, 67 %, 1860 MHz, 0x0000000000000000
2026/09/30 22:49:18.971, 74, 90.69 W, 49 %, 1860 MHz, 0x0000000000000000
2026/09/30 22:49:28.989, 75, 85.24 W, 67 %, 1860 MHz, 0x0000000000000000
2026/09/30 22:49:39.004, 75, 94.67 W, 18 %, 1860 MHz, 0x0000000000000000
2026/09/30 22:49:49.020, 74, 80.88 W, 57 %, 1860 MHz, 0x0000000000000000
2026/09/30 22:49:59.035, 75, 94.63 W, 33 %, 1860 MHz, 0x0000000000000000
2026/09/30 22:50:09.053, 74, 80.94 W, 32 %, 1860 MHz, 0x0000000000000000
2026/09/30 22:50:19.067, 75, 94.24 W, 56 %, 1860 MHz, 0x0000000000000000
2026/09/30 22:50:29.084, 75, 126.60 W, 15 %, 1860 MHz, 0x0000000000000000
2026/09/30 22:50:39.103, 75, 94.17 W, 67 %, 1860 MHz, 0x0000000000000000
2026/09/30 22:50:49.120, 76, 125.82 W, 38 %, 1860 MHz, 0x0000000000000000
2026/09/30 22:50:59.136, 75, 94.83 W, 67 %, 1860 MHz, 0x0000000000000000
2026/09/30 22:51:09.152, 76, 127.12 W, 71 %, 1860 MHz, 0x0000000000000000
2026/09/30 22:51:19.169, 75, 95.01 W, 66 %, 1860 MHz, 0x0000000000000000
2026/09/30 22:51:29.185, 77, 126.30 W, 99 %, 1860 MHz, 0x0000000000000000
2026/09/30 22:51:39.202, 75, 95.48 W, 67 %, 1860 MHz, 0x0000000000000000
2026/09/30 22:51:49.218, 77, 126.47 W, 99 %, 1860 MHz, 0x0000000000000000
2026/09/30 22:51:59.234, 75, 94.62 W, 67 %, 1860 MHz, 0x0000000000000000
2026/09/30 22:52:09.250, 77, 82.12 W, 69 %, 1860 MHz, 0x0000000000000000
2026/09/30 22:52:19.265, 75, 95.14 W, 68 %, 1860 MHz, 0x0000000000000000
2026/09/30 22:52:29.282, 76, 80.71 W, 99 %, 1860 MHz, 0x0000000000000000
2026/09/30 22:52:39.297, 75, 93.31 W, 67 %, 1860 MHz, 0x0000000000000000
2026/09/30 22:52:49.314, 75, 80.59 W, 99 %, 1860 MHz, 0x0000000000000000
2026/09/30 22:52:59.332, 75, 94.54 W, 67 %, 1860 MHz, 0x0000000000000000
2026/09/30 22:53:09.351, 75, 99.61 W, 83 %, 1860 MHz, 0x0000000000000000
2026/09/30 22:53:19.367, 74, 80.65 W, 68 %, 1860 MHz, 0x0000000000000000
2026/09/30 22:53:29.384, 75, 93.54 W, 47 %, 1860 MHz, 0x0000000000000000
2026/09/30 22:53:39.399, 74, 80.61 W, 67 %, 1860 MHz, 0x0000000000000000
2026/09/30 22:53:49.414, 75, 93.30 W, 18 %, 1860 MHz, 0x0000000000000000
2026/09/30 22:53:59.431, 74, 80.40 W, 62 %, 1860 MHz, 0x0000000000000000
2026/09/30 22:54:09.453, 75, 92.68 W, 27 %, 1860 MHz, 0x0000000000000000
2026/09/30 22:54:19.468, 76, 126.30 W, 38 %, 1860 MHz, 0x0000000000000000
2026/09/30 22:54:29.484, 75, 93.21 W, 51 %, 1860 MHz, 0x0000000000000000
2026/09/30 22:54:39.500, 76, 125.65 W, 13 %, 1860 MHz, 0x0000000000000000
2026/09/30 22:54:49.517, 75, 93.09 W, 67 %, 1860 MHz, 0x0000000000000000
2026/09/30 22:54:59.533, 76, 126.74 W, 29 %, 1860 MHz, 0x0000000000000000
2026/09/30 22:55:09.549, 74, 79.53 W, 1 %, 1860 MHz, 0x0000000000000000
2026/09/30 22:55:19.565, 74, 81.92 W, 92 %, 1875 MHz, 0x0000000000000000
2026/09/30 22:55:29.579, 75, 81.96 W, 75 %, 1875 MHz, 0x0000000000000000
2026/09/30 22:55:39.596, 75, 93.66 W, 53 %, 1875 MHz, 0x0000000000000000
2026/09/30 22:55:49.613, 76, 82.14 W, 32 %, 1875 MHz, 0x0000000000000000
2026/09/30 22:55:59.633, 75, 81.39 W, 17 %, 1860 MHz, 0x0000000000000000
2026/09/30 22:56:09.648, 76, 94.76 W, 26 %, 1860 MHz, 0x0000000000000000
2026/09/30 22:56:19.667, 75, 81.01 W, 68 %, 1860 MHz, 0x0000000000000000
2026/09/30 22:56:29.682, 76, 94.67 W, 16 %, 1860 MHz, 0x0000000000000000
2026/09/30 22:56:39.698, 75, 81.07 W, 48 %, 1860 MHz, 0x0000000000000000
2026/09/30 22:56:49.714, 76, 95.46 W, 41 %, 1860 MHz, 0x0000000000000000
2026/09/30 22:56:59.730, 75, 134.16 W, 23 %, 1860 MHz, 0x0000000000000000
2026/09/30 22:57:09.750, 76, 94.87 W, 64 %, 1860 MHz, 0x0000000000000000
2026/09/30 22:57:19.767, 76, 130.27 W, 17 %, 1860 MHz, 0x0000000000000000
2026/09/30 22:57:29.785, 75, 95.39 W, 68 %, 1860 MHz, 0x0000000000000000
2026/09/30 22:57:39.802, 77, 134.80 W, 44 %, 1860 MHz, 0x0000000000000000
2026/09/30 22:57:49.821, 75, 95.03 W, 67 %, 1860 MHz, 0x0000000000000000
2026/09/30 22:57:59.837, 77, 136.37 W, 77 %, 1860 MHz, 0x0000000000000000
2026/09/30 22:58:09.853, 75, 95.60 W, 68 %, 1860 MHz, 0x0000000000000000
2026/09/30 22:58:19.872, 78, 135.16 W, 99 %, 1860 MHz, 0x0000000000000000
2026/09/30 22:58:29.889, 75, 95.07 W, 67 %, 1860 MHz, 0x0000000000000000
2026/09/30 22:58:39.904, 78, 134.62 W, 99 %, 1860 MHz, 0x0000000000000000
2026/09/30 22:58:49.922, 75, 95.68 W, 68 %, 1860 MHz, 0x0000000000000000
2026/09/30 22:58:59.941, 76, 81.95 W, 86 %, 1860 MHz, 0x0000000000000000
2026/09/30 22:59:09.956, 75, 95.00 W, 67 %, 1860 MHz, 0x0000000000000000
2026/09/30 22:59:19.972, 75, 81.67 W, 57 %, 1860 MHz, 0x0000000000000000
2026/09/30 22:59:29.989, 75, 95.45 W, 66 %, 1860 MHz, 0x0000000000000000
2026/09/30 22:59:40.005, 75, 81.29 W, 31 %, 1860 MHz, 0x0000000000000000
2026/09/30 22:59:50.021, 75, 94.88 W, 66 %, 1860 MHz, 0x0000000000000000
2026/09/30 23:00:00.037, 75, 99.95 W, 99 %, 1860 MHz, 0x0000000000000000
2026/09/30 23:00:10.054, 75, 94.43 W, 68 %, 1860 MHz, 0x0000000000000000
2026/09/30 23:00:20.071, 75, 94.95 W, 75 %, 1860 MHz, 0x0000000000000000
2026/09/30 23:00:30.088, 75, 81.55 W, 67 %, 1860 MHz, 0x0000000000000000
2026/09/30 23:00:40.103, 75, 94.84 W, 49 %, 1860 MHz, 0x0000000000000000
2026/09/30 23:00:50.120, 75, 81.97 W, 67 %, 1860 MHz, 0x0000000000000000
2026/09/30 23:01:00.134, 76, 94.93 W, 20 %, 1860 MHz, 0x0000000000000000
2026/09/30 23:01:10.152, 75, 81.88 W, 63 %, 1860 MHz, 0x0000000000000000
2026/09/30 23:01:20.168, 75, 94.98 W, 22 %, 1860 MHz, 0x0000000000000000
2026/09/30 23:01:30.187, 75, 134.92 W, 43 %, 1860 MHz, 0x0000000000000000
2026/09/30 23:01:40.203, 75, 94.97 W, 43 %, 1860 MHz, 0x0000000000000000
2026/09/30 23:01:50.219, 77, 131.54 W, 25 %, 1860 MHz, 0x0000000000000000
2026/09/30 23:02:00.239, 75, 95.36 W, 59 %, 1860 MHz, 0x0000000000000000
2026/09/30 23:02:10.255, 77, 137.51 W, 15 %, 1860 MHz, 0x0000000000000000
2026/09/30 23:02:20.272, 75, 95.26 W, 67 %, 1860 MHz, 0x0000000000000000
2026/09/30 23:02:30.289, 77, 134.91 W, 40 %, 1860 MHz, 0x0000000000000000
2026/09/30 23:02:40.307, 75, 94.86 W, 68 %, 1860 MHz, 0x0000000000000000
2026/09/30 23:02:50.323, 78, 136.30 W, 71 %, 1860 MHz, 0x0000000000000000
2026/09/30 23:03:00.340, 75, 95.14 W, 67 %, 1860 MHz, 0x0000000000000000
2026/09/30 23:03:10.357, 77, 134.39 W, 96 %, 1860 MHz, 0x0000000000000000
2026/09/30 23:03:20.376, 75, 94.67 W, 68 %, 1860 MHz, 0x0000000000000000
2026/09/30 23:03:30.392, 75, 83.34 W, 99 %, 1860 MHz, 0x0000000000000000
2026/09/30 23:03:40.410, 75, 94.91 W, 66 %, 1860 MHz, 0x0000000000000000
2026/09/30 23:03:50.426, 75, 81.75 W, 93 %, 1860 MHz, 0x0000000000000000
2026/09/30 23:04:00.440, 75, 94.74 W, 67 %, 1860 MHz, 0x0000000000000000
2026/09/30 23:04:10.458, 75, 82.29 W, 64 %, 1860 MHz, 0x0000000000000000
2026/09/30 23:04:20.473, 75, 95.16 W, 67 %, 1860 MHz, 0x0000000000000000
2026/09/30 23:04:30.492, 75, 102.98 W, 37 %, 1860 MHz, 0x0000000000000000
2026/09/30 23:04:40.508, 75, 82.56 W, 67 %, 1860 MHz, 0x0000000000000000
2026/09/30 23:04:50.523, 75, 95.46 W, 16 %, 1860 MHz, 0x0000000000000000
2026/09/30 23:05:00.542, 75, 81.37 W, 62 %, 1860 MHz, 0x0000000000000000
2026/09/30 23:05:10.563, 75, 95.07 W, 22 %, 1860 MHz, 0x0000000000000000
2026/09/30 23:05:20.579, 75, 81.02 W, 44 %, 1860 MHz, 0x0000000000000000
2026/09/30 23:05:30.594, 75, 94.72 W, 41 %, 1860 MHz, 0x0000000000000000
2026/09/30 23:05:40.611, 75, 80.93 W, 29 %, 1860 MHz, 0x0000000000000000
2026/09/30 23:05:50.626, 75, 95.11 W, 57 %, 1860 MHz, 0x0000000000000000
2026/09/30 23:06:00.644, 75, 133.94 W, 13 %, 1860 MHz, 0x0000000000000000
2026/09/30 23:06:10.661, 75, 95.59 W, 68 %, 1860 MHz, 0x0000000000000000
2026/09/30 23:06:20.677, 76, 129.06 W, 29 %, 1860 MHz, 0x0000000000000000
2026/09/30 23:06:30.694, 75, 95.09 W, 67 %, 1860 MHz, 0x0000000000000000
2026/09/30 23:06:40.709, 77, 133.22 W, 99 %, 1860 MHz, 0x0000000000000000
2026/09/30 23:06:50.725, 75, 94.54 W, 67 %, 1860 MHz, 0x0000000000000000
2026/09/30 23:07:00.741, 78, 81.75 W, 77 %, 1860 MHz, 0x0000000000000000
2026/09/30 23:07:10.756, 75, 94.81 W, 68 %, 1860 MHz, 0x0000000000000000
2026/09/30 23:07:20.773, 76, 81.53 W, 99 %, 1860 MHz, 0x0000000000000000
2026/09/30 23:07:30.790, 75, 94.69 W, 67 %, 1860 MHz, 0x0000000000000000
2026/09/30 23:07:40.806, 75, 80.91 W, 99 %, 1860 MHz, 0x0000000000000000
2026/09/30 23:07:50.822, 75, 94.94 W, 67 %, 1860 MHz, 0x0000000000000000
2026/09/30 23:08:00.839, 75, 99.25 W, 93 %, 1860 MHz, 0x0000000000000000
2026/09/30 23:08:10.855, 75, 85.39 W, 66 %, 1860 MHz, 0x0000000000000000
2026/09/30 23:08:20.870, 75, 94.87 W, 68 %, 1860 MHz, 0x0000000000000000
2026/09/30 23:08:30.889, 75, 81.14 W, 67 %, 1860 MHz, 0x0000000000000000
2026/09/30 23:08:40.906, 75, 95.18 W, 41 %, 1860 MHz, 0x0000000000000000
2026/09/30 23:08:50.922, 75, 80.95 W, 67 %, 1860 MHz, 0x0000000000000000
2026/09/30 23:09:00.939, 75, 95.22 W, 18 %, 1860 MHz, 0x0000000000000000
2026/09/30 23:09:10.955, 75, 80.78 W, 65 %, 1860 MHz, 0x0000000000000000
2026/09/30 23:09:20.970, 75, 95.08 W, 16 %, 1860 MHz, 0x0000000000000000
2026/09/30 23:09:30.987, 74, 104.67 W, 51 %, 1860 MHz, 0x0000000000000000
2026/09/30 23:09:41.005, 75, 94.76 W, 31 %, 1860 MHz, 0x0000000000000000
2026/09/30 23:09:51.020, 77, 134.25 W, 35 %, 1860 MHz, 0x0000000000000000
2026/09/30 23:10:01.038, 75, 95.10 W, 51 %, 1860 MHz, 0x0000000000000000
2026/09/30 23:10:11.055, 77, 130.24 W, 17 %, 1860 MHz, 0x0000000000000000
2026/09/30 23:10:21.072, 75, 95.28 W, 65 %, 1860 MHz, 0x0000000000000000
2026/09/30 23:10:31.089, 77, 135.68 W, 17 %, 1860 MHz, 0x0000000000000000
2026/09/30 23:10:41.107, 75, 95.17 W, 67 %, 1860 MHz, 0x0000000000000000
2026/09/30 23:10:51.123, 77, 135.47 W, 42 %, 1860 MHz, 0x0000000000000000
2026/09/30 23:11:01.141, 75, 94.64 W, 68 %, 1860 MHz, 0x0000000000000000
2026/09/30 23:11:11.157, 77, 132.81 W, 66 %, 1860 MHz, 0x0000000000000000
2026/09/30 23:11:21.172, 75, 95.07 W, 67 %, 1860 MHz, 0x0000000000000000
2026/09/30 23:11:31.190, 77, 135.28 W, 89 %, 1860 MHz, 0x0000000000000000
2026/09/30 23:11:41.206, 75, 95.40 W, 66 %, 1860 MHz, 0x0000000000000000
2026/09/30 23:11:51.223, 77, 127.37 W, 99 %, 1860 MHz, 0x0000000000000000
2026/09/30 23:12:01.240, 75, 96.14 W, 67 %, 1860 MHz, 0x0000000000000000
2026/09/30 23:12:11.257, 78, 81.96 W, 99 %, 1860 MHz, 0x0000000000000000
2026/09/30 23:12:21.276, 75, 95.11 W, 66 %, 1860 MHz, 0x0000000000000000
2026/09/30 23:12:31.291, 76, 81.40 W, 78 %, 1860 MHz, 0x0000000000000000
2026/09/30 23:12:41.307, 75, 96.25 W, 67 %, 1860 MHz, 0x0000000000000000
2026/09/30 23:12:51.324, 75, 81.29 W, 50 %, 1860 MHz, 0x0000000000000000
2026/09/30 23:13:01.339, 75, 95.52 W, 67 %, 1860 MHz, 0x0000000000000000
2026/09/30 23:13:11.357, 75, 94.38 W, 24 %, 1860 MHz, 0x0000000000000000
2026/09/30 23:13:21.373, 75, 87.59 W, 67 %, 1860 MHz, 0x0000000000000000
2026/09/30 23:13:31.389, 75, 94.90 W, 16 %, 1860 MHz, 0x0000000000000000
2026/09/30 23:13:41.408, 75, 81.96 W, 48 %, 1860 MHz, 0x0000000000000000
2026/09/30 23:13:51.424, 75, 94.73 W, 34 %, 1860 MHz, 0x0000000000000000
2026/09/30 23:14:01.440, 75, 82.02 W, 33 %, 1860 MHz, 0x0000000000000000
2026/09/30 23:14:11.456, 75, 94.65 W, 49 %, 1860 MHz, 0x0000000000000000
2026/09/30 23:14:21.472, 75, 81.82 W, 20 %, 1860 MHz, 0x0000000000000000
2026/09/30 23:14:31.488, 75, 94.70 W, 65 %, 1860 MHz, 0x0000000000000000
2026/09/30 23:14:41.506, 75, 133.74 W, 67 %, 1860 MHz, 0x0000000000000000
2026/09/30 23:14:51.522, 75, 95.00 W, 15 %, 1860 MHz, 0x0000000000000000
2026/09/30 23:15:01.541, 77, 134.14 W, 52 %, 1860 MHz, 0x0000000000000000
2026/09/30 23:15:11.558, 75, 94.70 W, 32 %, 1860 MHz, 0x0000000000000000
2026/09/30 23:15:21.575, 77, 137.00 W, 34 %, 1860 MHz, 0x0000000000000000
2026/09/30 23:15:31.591, 75, 94.97 W, 49 %, 1860 MHz, 0x0000000000000000
2026/09/30 23:15:41.607, 77, 135.07 W, 19 %, 1860 MHz, 0x0000000000000000
2026/09/30 23:15:51.624, 75, 94.57 W, 62 %, 1860 MHz, 0x0000000000000000
2026/09/30 23:16:01.641, 77, 137.48 W, 14 %, 1860 MHz, 0x0000000000000000
2026/09/30 23:16:11.659, 75, 94.48 W, 68 %, 1860 MHz, 0x0000000000000000
2026/09/30 23:16:21.675, 77, 134.06 W, 34 %, 1860 MHz, 0x0000000000000000
2026/09/30 23:16:31.698, 75, 94.81 W, 67 %, 1860 MHz, 0x0000000000000000
2026/09/30 23:16:41.716, 77, 135.70 W, 57 %, 1860 MHz, 0x0000000000000000
2026/09/30 23:16:51.732, 75, 94.35 W, 67 %, 1860 MHz, 0x0000000000000000
2026/09/30 23:17:01.748, 77, 134.44 W, 83 %, 1860 MHz, 0x0000000000000000
2026/09/30 23:17:11.766, 75, 95.11 W, 68 %, 1860 MHz, 0x0000000000000000
2026/09/30 23:17:21.782, 78, 81.96 W, 99 %, 1860 MHz, 0x0000000000000000
2026/09/30 23:17:31.803, 75, 94.98 W, 67 %, 1860 MHz, 0x0000000000000000
2026/09/30 23:17:41.819, 77, 80.95 W, 99 %, 1860 MHz, 0x0000000000000000
2026/09/30 23:17:51.835, 75, 94.41 W, 67 %, 1860 MHz, 0x0000000000000000
2026/09/30 23:18:01.851, 76, 81.24 W, 94 %, 1860 MHz, 0x0000000000000000
2026/09/30 23:18:11.867, 75, 94.62 W, 67 %, 1860 MHz, 0x0000000000000000
2026/09/30 23:18:21.885, 75, 80.96 W, 65 %, 1860 MHz, 0x0000000000000000
2026/09/30 23:18:31.901, 75, 94.61 W, 68 %, 1860 MHz, 0x0000000000000000
2026/09/30 23:18:41.918, 75, 95.06 W, 35 %, 1860 MHz, 0x0000000000000000
2026/09/30 23:18:51.936, 75, 80.96 W, 66 %, 1860 MHz, 0x0000000000000000
2026/09/30 23:19:01.950, 75, 94.90 W, 15 %, 1860 MHz, 0x0000000000000000
2026/09/30 23:19:11.967, 75, 80.88 W, 58 %, 1860 MHz, 0x0000000000000000
2026/09/30 23:19:21.984, 75, 94.62 W, 23 %, 1860 MHz, 0x0000000000000000
2026/09/30 23:19:32.000, 75, 80.74 W, 43 %, 1860 MHz, 0x0000000000000000
2026/09/30 23:19:42.015, 75, 95.07 W, 40 %, 1860 MHz, 0x0000000000000000
2026/09/30 23:19:52.031, 75, 89.70 W, 26 %, 1860 MHz, 0x0000000000000000
2026/09/30 23:20:02.048, 75, 94.88 W, 55 %, 1860 MHz, 0x0000000000000000
2026/09/30 23:20:12.064, 76, 134.71 W, 12 %, 1860 MHz, 0x0000000000000000
2026/09/30 23:20:22.082, 75, 94.88 W, 68 %, 1860 MHz, 0x0000000000000000
2026/09/30 23:20:32.100, 77, 127.71 W, 26 %, 1860 MHz, 0x0000000000000000
2026/09/30 23:20:42.116, 75, 94.86 W, 67 %, 1860 MHz, 0x0000000000000000
2026/09/30 23:20:52.132, 77, 134.67 W, 54 %, 1860 MHz, 0x0000000000000000
2026/09/30 23:21:02.151, 75, 94.48 W, 67 %, 1860 MHz, 0x0000000000000000
2026/09/30 23:21:12.168, 77, 136.19 W, 76 %, 1860 MHz, 0x0000000000000000
2026/09/30 23:21:22.185, 75, 94.69 W, 67 %, 1860 MHz, 0x0000000000000000
2026/09/30 23:21:32.201, 77, 133.49 W, 99 %, 1860 MHz, 0x0000000000000000
2026/09/30 23:21:42.218, 75, 94.76 W, 67 %, 1860 MHz, 0x0000000000000000
2026/09/30 23:21:52.234, 77, 136.18 W, 99 %, 1860 MHz, 0x0000000000000000
2026/09/30 23:22:02.251, 75, 94.83 W, 67 %, 1860 MHz, 0x0000000000000000
2026/09/30 23:22:12.267, 77, 118.96 W, 94 %, 1860 MHz, 0x0000000000000000
2026/09/30 23:22:22.283, 75, 94.80 W, 66 %, 1860 MHz, 0x0000000000000000
2026/09/30 23:22:32.300, 77, 83.16 W, 85 %, 1860 MHz, 0x0000000000000000
2026/09/30 23:22:42.315, 75, 94.72 W, 66 %, 1860 MHz, 0x0000000000000000
2026/09/30 23:22:52.333, 76, 81.81 W, 99 %, 1860 MHz, 0x0000000000000000
2026/09/30 23:23:02.348, 75, 94.86 W, 67 %, 1860 MHz, 0x0000000000000000
2026/09/30 23:23:12.365, 75, 81.96 W, 99 %, 1860 MHz, 0x0000000000000000
2026/09/30 23:23:22.380, 75, 94.56 W, 68 %, 1860 MHz, 0x0000000000000000
2026/09/30 23:23:32.396, 75, 99.63 W, 91 %, 1860 MHz, 0x0000000000000000
2026/09/30 23:23:42.412, 75, 84.71 W, 68 %, 1860 MHz, 0x0000000000000000
2026/09/30 23:23:52.430, 75, 96.64 W, 66 %, 1860 MHz, 0x0000000000000000
2026/09/30 23:24:02.448, 75, 81.21 W, 66 %, 1860 MHz, 0x0000000000000000
2026/09/30 23:24:12.463, 75, 96.79 W, 46 %, 1860 MHz, 0x0000000000000000
2026/09/30 23:24:22.483, 75, 81.02 W, 67 %, 1860 MHz, 0x0000000000000000
2026/09/30 23:24:32.499, 75, 95.90 W, 19 %, 1860 MHz, 0x0000000000000000
2026/09/30 23:24:42.515, 74, 80.84 W, 64 %, 1860 MHz, 0x0000000000000000
2026/09/30 23:24:52.530, 75, 95.94 W, 21 %, 1860 MHz, 0x0000000000000000
2026/09/30 23:25:02.547, 74, 130.01 W, 45 %, 1860 MHz, 0x0000000000000000
2026/09/30 23:25:12.563, 75, 96.28 W, 35 %, 1860 MHz, 0x0000000000000000
2026/09/30 23:25:22.580, 76, 135.52 W, 32 %, 1860 MHz, 0x0000000000000000
2026/09/30 23:25:32.597, 75, 95.24 W, 56 %, 1860 MHz, 0x0000000000000000
2026/09/30 23:25:42.612, 77, 134.07 W, 13 %, 1860 MHz, 0x0000000000000000
2026/09/30 23:25:52.630, 75, 96.07 W, 67 %, 1860 MHz, 0x0000000000000000
2026/09/30 23:26:02.646, 77, 136.18 W, 30 %, 1860 MHz, 0x0000000000000000
2026/09/30 23:26:12.663, 75, 95.04 W, 66 %, 1860 MHz, 0x0000000000000000
2026/09/30 23:26:22.679, 77, 133.60 W, 51 %, 1860 MHz, 0x0000000000000000
2026/09/30 23:26:32.697, 75, 95.53 W, 67 %, 1860 MHz, 0x0000000000000000
2026/09/30 23:26:42.713, 77, 133.36 W, 78 %, 1860 MHz, 0x0000000000000000
2026/09/30 23:26:52.731, 75, 94.87 W, 67 %, 1860 MHz, 0x0000000000000000
2026/09/30 23:27:02.748, 77, 134.60 W, 99 %, 1860 MHz, 0x0000000000000000
2026/09/30 23:27:12.765, 75, 94.66 W, 67 %, 1860 MHz, 0x0000000000000000
2026/09/30 23:27:22.782, 77, 108.57 W, 99 %, 1860 MHz, 0x0000000000000000
2026/09/30 23:27:32.799, 75, 94.72 W, 66 %, 1860 MHz, 0x0000000000000000
2026/09/30 23:27:42.818, 77, 81.61 W, 94 %, 1860 MHz, 0x0000000000000000
2026/09/30 23:27:52.834, 75, 94.41 W, 67 %, 1860 MHz, 0x0000000000000000
2026/09/30 23:28:02.852, 76, 81.43 W, 70 %, 1860 MHz, 0x0000000000000000
2026/09/30 23:28:12.867, 75, 95.21 W, 66 %, 1860 MHz, 0x0000000000000000
2026/09/30 23:28:22.885, 75, 81.01 W, 45 %, 1860 MHz, 0x0000000000000000
2026/09/30 23:28:32.900, 75, 94.85 W, 67 %, 1860 MHz, 0x0000000000000000
2026/09/30 23:28:42.916, 75, 103.43 W, 24 %, 1860 MHz, 0x0000000000000000
2026/09/30 23:28:52.934, 75, 94.51 W, 67 %, 1860 MHz, 0x0000000000000000
2026/09/30 23:29:02.951, 75, 94.21 W, 14 %, 1860 MHz, 0x0000000000000000
2026/09/30 23:29:12.968, 75, 80.69 W, 58 %, 1860 MHz, 0x0000000000000000
2026/09/30 23:29:22.986, 75, 94.33 W, 25 %, 1860 MHz, 0x0000000000000000
2026/09/30 23:29:33.002, 74, 80.82 W, 43 %, 1860 MHz, 0x0000000000000000
2026/09/30 23:29:43.017, 75, 94.66 W, 40 %, 1860 MHz, 0x0000000000000000
2026/09/30 23:29:53.034, 74, 80.71 W, 68 %, 1860 MHz, 0x0000000000000000
2026/09/30 23:30:03.049, 75, 94.44 W, 37 %, 1860 MHz, 0x0000000000000000
2026/09/30 23:30:13.065, 74, 80.89 W, 67 %, 1860 MHz, 0x0000000000000000
2026/09/30 23:30:23.082, 75, 95.03 W, 20 %, 1860 MHz, 0x0000000000000000
2026/09/30 23:30:33.098, 74, 82.04 W, 67 %, 1860 MHz, 0x0000000000000000
2026/09/30 23:30:43.115, 75, 95.31 W, 15 %, 1860 MHz, 0x0000000000000000
2026/09/30 23:30:53.131, 75, 134.77 W, 54 %, 1860 MHz, 0x0000000000000000
2026/09/30 23:31:03.148, 75, 95.06 W, 28 %, 1860 MHz, 0x0000000000000000
2026/09/30 23:31:13.164, 76, 132.05 W, 40 %, 1860 MHz, 0x0000000000000000
2026/09/30 23:31:23.181, 75, 94.61 W, 39 %, 1860 MHz, 0x0000000000000000
2026/09/30 23:31:33.200, 77, 133.68 W, 28 %, 1860 MHz, 0x0000000000000000
2026/09/30 23:31:43.219, 75, 94.86 W, 53 %, 1860 MHz, 0x0000000000000000
2026/09/30 23:31:53.234, 77, 136.46 W, 12 %, 1860 MHz, 0x0000000000000000
2026/09/30 23:32:03.251, 75, 94.87 W, 67 %, 1860 MHz, 0x0000000000000000
2026/09/30 23:32:13.267, 77, 133.87 W, 21 %, 1860 MHz, 0x0000000000000000
2026/09/30 23:32:23.283, 75, 95.05 W, 68 %, 1860 MHz, 0x0000000000000000
2026/09/30 23:32:33.300, 77, 133.13 W, 46 %, 1860 MHz, 0x0000000000000000
2026/09/30 23:32:43.316, 75, 94.66 W, 67 %, 1860 MHz, 0x0000000000000000
2026/09/30 23:32:53.332, 77, 135.60 W, 68 %, 1860 MHz, 0x0000000000000000
2026/09/30 23:33:03.350, 75, 94.93 W, 67 %, 1860 MHz, 0x0000000000000000
2026/09/30 23:33:13.367, 77, 134.52 W, 88 %, 1860 MHz, 0x0000000000000000
2026/09/30 23:33:23.384, 75, 94.56 W, 67 %, 1860 MHz, 0x0000000000000000
2026/09/30 23:33:33.400, 77, 82.08 W, 99 %, 1860 MHz, 0x0000000000000000
2026/09/30 23:33:43.415, 75, 96.23 W, 68 %, 1860 MHz, 0x0000000000000000
2026/09/30 23:33:53.432, 77, 81.50 W, 99 %, 1860 MHz, 0x0000000000000000
2026/09/30 23:34:03.447, 75, 94.30 W, 67 %, 1860 MHz, 0x0000000000000000
2026/09/30 23:34:13.467, 75, 80.94 W, 84 %, 1860 MHz, 0x0000000000000000
2026/09/30 23:34:23.481, 75, 96.02 W, 67 %, 1860 MHz, 0x0000000000000000
2026/09/30 23:34:33.498, 75, 81.33 W, 61 %, 1860 MHz, 0x0000000000000000
2026/09/30 23:34:43.513, 75, 95.50 W, 66 %, 1860 MHz, 0x0000000000000000
2026/09/30 23:34:53.531, 75, 94.55 W, 34 %, 1860 MHz, 0x0000000000000000
2026/09/30 23:35:03.547, 75, 87.96 W, 67 %, 1860 MHz, 0x0000000000000000
2026/09/30 23:35:13.562, 75, 94.89 W, 16 %, 1860 MHz, 0x0000000000000000
2026/09/30 23:35:23.580, 75, 82.21 W, 62 %, 1860 MHz, 0x0000000000000000
2026/09/30 23:35:33.595, 75, 94.88 W, 21 %, 1860 MHz, 0x0000000000000000
2026/09/30 23:35:43.613, 75, 81.80 W, 47 %, 1860 MHz, 0x0000000000000000
2026/09/30 23:35:53.628, 75, 94.79 W, 35 %, 1860 MHz, 0x0000000000000000
2026/09/30 23:36:03.643, 74, 81.73 W, 30 %, 1860 MHz, 0x0000000000000000
2026/09/30 23:36:13.660, 75, 94.76 W, 52 %, 1860 MHz, 0x0000000000000000
2026/09/30 23:36:23.676, 74, 80.87 W, 16 %, 1860 MHz, 0x0000000000000000
2026/09/30 23:36:33.693, 75, 95.49 W, 64 %, 1860 MHz, 0x0000000000000000
2026/09/30 23:36:43.708, 74, 133.61 W, 15 %, 1860 MHz, 0x0000000000000000
2026/09/30 23:36:53.726, 75, 94.67 W, 67 %, 1860 MHz, 0x0000000000000000
2026/09/30 23:37:03.745, 74, 134.50 W, 27 %, 1860 MHz, 0x0000000000000000
2026/09/30 23:37:13.764, 75, 94.31 W, 67 %, 1860 MHz, 0x0000000000000000
2026/09/30 23:37:23.779, 76, 127.20 W, 46 %, 1860 MHz, 0x0000000000000000
2026/09/30 23:37:33.796, 75, 94.81 W, 34 %, 1860 MHz, 0x0000000000000000
2026/09/30 23:37:43.815, 77, 135.43 W, 32 %, 1860 MHz, 0x0000000000000000
2026/09/30 23:37:53.831, 75, 94.38 W, 51 %, 1860 MHz, 0x0000000000000000
2026/09/30 23:38:03.849, 77, 135.63 W, 16 %, 1860 MHz, 0x0000000000000000
2026/09/30 23:38:13.866, 75, 94.92 W, 65 %, 1860 MHz, 0x0000000000000000
2026/09/30 23:38:23.881, 77, 134.56 W, 14 %, 1860 MHz, 0x0000000000000000
2026/09/30 23:38:33.899, 75, 94.64 W, 67 %, 1860 MHz, 0x0000000000000000
2026/09/30 23:38:43.916, 77, 133.75 W, 25 %, 1860 MHz, 0x0000000000000000
2026/09/30 23:38:53.940, 75, 94.44 W, 67 %, 1860 MHz, 0x0000000000000000
2026/09/30 23:39:03.957, 77, 133.20 W, 45 %, 1860 MHz, 0x0000000000000000
2026/09/30 23:39:13.982, 75, 94.21 W, 67 %, 1860 MHz, 0x0000000000000000
2026/09/30 23:39:24.000, 77, 134.67 W, 67 %, 1860 MHz, 0x0000000000000000
2026/09/30 23:39:34.023, 75, 94.98 W, 67 %, 1860 MHz, 0x0000000000000000
2026/09/30 23:39:44.041, 77, 122.18 W, 88 %, 1860 MHz, 0x0000000000000000
2026/09/30 23:39:54.059, 75, 94.85 W, 67 %, 1860 MHz, 0x0000000000000000
2026/09/30 23:40:04.075, 76, 81.80 W, 99 %, 1860 MHz, 0x0000000000000000
2026/09/30 23:40:14.090, 75, 94.84 W, 67 %, 1860 MHz, 0x0000000000000000
2026/09/30 23:40:24.106, 75, 81.24 W, 99 %, 1860 MHz, 0x0000000000000000
2026/09/30 23:40:34.123, 75, 94.54 W, 66 %, 1860 MHz, 0x0000000000000000
2026/09/30 23:40:44.140, 75, 80.80 W, 99 %, 1860 MHz, 0x0000000000000000
2026/09/30 23:40:54.156, 75, 94.36 W, 66 %, 1860 MHz, 0x0000000000000000
2026/09/30 23:41:04.172, 75, 80.79 W, 79 %, 1860 MHz, 0x0000000000000000
2026/09/30 23:41:14.188, 75, 94.46 W, 68 %, 1860 MHz, 0x0000000000000000
2026/09/30 23:41:24.204, 75, 84.11 W, 54 %, 1860 MHz, 0x0000000000000000
2026/09/30 23:41:34.220, 75, 92.15 W, 68 %, 1860 MHz, 0x0000000000000000
2026/09/30 23:41:44.238, 74, 94.40 W, 36 %, 1860 MHz, 0x0000000000000000
2026/09/30 23:41:54.255, 75, 80.90 W, 67 %, 1860 MHz, 0x0000000000000000
2026/09/30 23:42:04.277, 75, 94.52 W, 18 %, 1860 MHz, 0x0000000000000000
2026/09/30 23:42:14.292, 75, 80.60 W, 63 %, 1860 MHz, 0x0000000000000000
2026/09/30 23:42:24.309, 75, 94.54 W, 21 %, 1860 MHz, 0x0000000000000000
2026/09/30 23:42:34.324, 74, 80.45 W, 46 %, 1860 MHz, 0x0000000000000000
2026/09/30 23:42:44.340, 75, 94.66 W, 35 %, 1860 MHz, 0x0000000000000000
2026/09/30 23:42:54.358, 74, 80.68 W, 32 %, 1860 MHz, 0x0000000000000000
2026/09/30 23:43:04.373, 75, 94.73 W, 36 %, 1860 MHz, 0x0000000000000000
2026/10/01 08:01:39.797, 29, 16.50 W, 9 %, 300 MHz, 0x0000000000000001
2026/10/01 08:01:49.851, 39, 68.87 W, 66 %, 1950 MHz, 0x0000000000000000
2026/10/01 08:01:59.854, 41, 77.33 W, 66 %, 1950 MHz, 0x0000000000000000
2026/10/01 08:02:09.860, 44, 65.09 W, 99 %, 1935 MHz, 0x0000000000000000
2026/10/01 08:02:19.865, 43, 77.09 W, 66 %, 1935 MHz, 0x0000000000000000
2026/10/01 08:02:29.870, 44, 64.91 W, 86 %, 1935 MHz, 0x0000000000000000
2026/10/01 08:02:39.874, 45, 75.74 W, 67 %, 1935 MHz, 0x0000000000000000
2026/10/01 08:02:49.879, 46, 80.57 W, 43 %, 1935 MHz, 0x0000000000000000
2026/10/01 08:02:59.899, 47, 66.57 W, 67 %, 1935 MHz, 0x0000000000000000
2026/10/01 08:03:09.916, 48, 81.04 W, 14 %, 1935 MHz, 0x0000000000000000
2026/10/01 08:03:19.932, 48, 66.78 W, 55 %, 1935 MHz, 0x0000000000000000
2026/10/01 08:03:29.949, 49, 81.68 W, 29 %, 1935 MHz, 0x0000000000000000
2026/10/01 08:03:39.965, 50, 68.66 W, 35 %, 1935 MHz, 0x0000000000000000
2026/10/01 08:03:49.983, 50, 82.55 W, 51 %, 1935 MHz, 0x0000000000000000
2026/10/01 08:04:00.000, 53, 123.46 W, 13 %, 1935 MHz, 0x0000000000000000
2026/10/01 08:04:10.019, 51, 81.09 W, 67 %, 1920 MHz, 0x0000000000000000
2026/10/01 08:04:20.035, 54, 122.12 W, 34 %, 1920 MHz, 0x0000000000000000
2026/10/01 08:04:30.052, 52, 80.55 W, 66 %, 1920 MHz, 0x0000000000000000
2026/10/01 08:04:40.070, 55, 122.91 W, 55 %, 1920 MHz, 0x0000000000000000
2026/10/01 08:04:50.089, 53, 81.91 W, 67 %, 1920 MHz, 0x0000000000000000
2026/10/01 08:05:00.106, 56, 121.42 W, 92 %, 1920 MHz, 0x0000000000000000
2026/10/01 08:05:10.125, 54, 81.95 W, 67 %, 1920 MHz, 0x0000000000000000
2026/10/01 08:05:20.144, 57, 124.25 W, 99 %, 1920 MHz, 0x0000000000000000
2026/10/01 08:05:30.164, 54, 42.52 W, 1 %, 525 MHz, 0x0000000000000001
2026/10/01 08:05:40.195, 50, 20.88 W, 15 %, 300 MHz, 0x0000000000000001
2026/10/01 08:05:48.377, 49, 19.39 W, 17 %, 300 MHz, 0x0000000000000001
2026/10/01 08:05:58.430, 54, 82.53 W, 67 %, 1920 MHz, 0x0000000000000000
2026/10/01 08:06:08.451, 55, 121.88 W, 46 %, 1920 MHz, 0x0000000000000000
2026/10/01 08:06:18.470, 55, 83.31 W, 67 %, 1920 MHz, 0x0000000000000000
2026/10/01 08:06:28.492, 57, 121.83 W, 86 %, 1920 MHz, 0x0000000000000000
2026/10/01 08:06:38.511, 56, 84.25 W, 68 %, 1920 MHz, 0x0000000000000000
2026/10/01 08:06:48.529, 58, 121.09 W, 99 %, 1905 MHz, 0x0000000000000000
2026/10/01 08:06:58.544, 57, 82.79 W, 68 %, 1905 MHz, 0x0000000000000000
2026/10/01 08:07:08.562, 57, 70.24 W, 60 %, 1905 MHz, 0x0000000000000000
2026/10/01 08:07:18.578, 58, 84.00 W, 67 %, 1905 MHz, 0x0000000000000000
2026/10/01 08:07:28.595, 58, 70.53 W, 21 %, 1905 MHz, 0x0000000000000000
2026/10/01 08:07:38.611, 58, 72.76 W, 68 %, 1905 MHz, 0x0000000000000000
2026/10/01 08:07:48.628, 59, 84.22 W, 77 %, 1905 MHz, 0x0000000000000000
2026/10/01 08:07:58.646, 59, 82.75 W, 66 %, 1905 MHz, 0x0000000000000000
2026/10/01 08:08:08.661, 59, 84.19 W, 89 %, 1905 MHz, 0x0000000000000000
2026/10/01 08:08:18.678, 59, 72.31 W, 67 %, 1905 MHz, 0x0000000000000000
2026/10/01 08:08:28.696, 60, 84.60 W, 62 %, 1905 MHz, 0x0000000000000000
2026/10/01 08:08:38.714, 60, 72.08 W, 68 %, 1905 MHz, 0x0000000000000000
2026/10/01 08:08:48.729, 61, 85.19 W, 19 %, 1905 MHz, 0x0000000000000000
2026/10/01 08:08:58.748, 60, 125.18 W, 52 %, 1905 MHz, 0x0000000000000000
2026/10/01 08:09:08.764, 61, 84.29 W, 40 %, 1890 MHz, 0x0000000000000000
2026/10/01 08:09:18.783, 63, 124.23 W, 18 %, 1890 MHz, 0x0000000000000000
2026/10/01 08:09:28.803, 62, 84.31 W, 67 %, 1890 MHz, 0x0000000000000000
2026/10/01 08:09:38.821, 64, 123.18 W, 50 %, 1890 MHz, 0x0000000000000000
2026/10/01 08:09:48.840, 63, 84.61 W, 67 %, 1890 MHz, 0x0000000000000000
2026/10/01 08:09:58.858, 65, 72.53 W, 97 %, 1890 MHz, 0x0000000000000000
2026/10/01 08:10:08.880, 63, 84.98 W, 67 %, 1890 MHz, 0x0000000000000000
2026/10/01 08:10:18.896, 63, 73.24 W, 96 %, 1890 MHz, 0x0000000000000000
2026/10/01 08:10:28.912, 64, 84.33 W, 67 %, 1890 MHz, 0x0000000000000000
2026/10/01 08:10:38.928, 63, 86.05 W, 42 %, 1890 MHz, 0x0000000000000000
2026/10/01 08:10:48.946, 64, 73.68 W, 73 %, 1890 MHz, 0x0000000000000000
2026/10/01 08:10:58.963, 65, 73.35 W, 68 %, 1890 MHz, 0x0000000000000000
2026/10/01 08:11:08.983, 65, 86.17 W, 23 %, 1890 MHz, 0x0000000000000000
2026/10/01 08:11:18.999, 64, 73.37 W, 63 %, 1890 MHz, 0x0000000000000000
2026/10/01 08:11:29.016, 65, 86.51 W, 32 %, 1890 MHz, 0x0000000000000000
2026/10/01 08:11:39.032, 67, 126.58 W, 25 %, 1890 MHz, 0x0000000000000000
2026/10/01 08:11:49.051, 66, 86.39 W, 67 %, 1890 MHz, 0x0000000000000000
2026/10/01 08:11:59.070, 68, 127.33 W, 39 %, 1890 MHz, 0x0000000000000000
2026/10/01 08:12:09.087, 66, 87.19 W, 68 %, 1890 MHz, 0x0000000000000000
2026/10/01 08:12:19.104, 68, 125.62 W, 95 %, 1890 MHz, 0x0000000000000000
2026/10/01 08:12:29.122, 67, 89.53 W, 68 %, 1890 MHz, 0x0000000000000000
2026/10/01 08:12:39.138, 67, 75.84 W, 88 %, 1890 MHz, 0x0000000000000000
2026/10/01 08:12:49.156, 67, 90.80 W, 68 %, 1890 MHz, 0x0000000000000000
2026/10/01 08:12:59.174, 67, 100.24 W, 33 %, 1890 MHz, 0x0000000000000000
2026/10/01 08:13:09.190, 67, 76.48 W, 65 %, 1890 MHz, 0x0000000000000000
2026/10/01 08:13:19.208, 68, 90.78 W, 30 %, 1890 MHz, 0x0000000000000000
2026/10/01 08:13:29.226, 67, 78.05 W, 27 %, 1890 MHz, 0x0000000000000000
2026/10/01 08:13:39.241, 68, 90.96 W, 66 %, 1890 MHz, 0x0000000000000000
2026/10/01 08:13:49.259, 70, 128.63 W, 34 %, 1890 MHz, 0x0000000000000000
2026/10/01 08:13:59.276, 69, 90.94 W, 67 %, 1890 MHz, 0x0000000000000000
2026/10/01 08:14:09.293, 71, 130.48 W, 91 %, 1890 MHz, 0x0000000000000000
2026/10/01 08:14:19.311, 69, 90.94 W, 67 %, 1890 MHz, 0x0000000000000000
2026/10/01 08:14:29.328, 71, 131.12 W, 99 %, 1890 MHz, 0x0000000000000000
2026/10/01 08:14:39.346, 69, 91.48 W, 67 %, 1890 MHz, 0x0000000000000000
2026/10/01 08:14:49.364, 70, 78.98 W, 50 %, 1890 MHz, 0x0000000000000000
2026/10/01 08:14:59.379, 70, 91.78 W, 67 %, 1890 MHz, 0x0000000000000000
2026/10/01 08:15:09.396, 69, 93.12 W, 18 %, 1890 MHz, 0x0000000000000000
2026/10/01 08:15:19.413, 70, 77.84 W, 41 %, 1890 MHz, 0x0000000000000000
2026/10/01 08:15:29.429, 70, 93.04 W, 40 %, 1890 MHz, 0x0000000000000000
2026/10/01 08:15:39.446, 69, 130.29 W, 67 %, 1890 MHz, 0x0000000000000000
2026/10/01 08:15:49.465, 70, 92.94 W, 24 %, 1890 MHz, 0x0000000000000000
2026/10/01 08:15:59.483, 71, 135.47 W, 35 %, 1890 MHz, 0x0000000000000000
2026/10/01 08:16:09.502, 71, 93.79 W, 61 %, 1890 MHz, 0x0000000000000000
2026/10/01 08:16:19.519, 73, 131.83 W, 24 %, 1890 MHz, 0x0000000000000000
2026/10/01 08:16:29.536, 71, 92.41 W, 68 %, 1890 MHz, 0x0000000000000000
2026/10/01 08:16:39.553, 72, 101.69 W, 79 %, 1890 MHz, 0x0000000000000000
2026/10/01 08:16:49.569, 71, 93.45 W, 68 %, 1890 MHz, 0x0000000000000000
2026/10/01 08:16:59.587, 71, 79.45 W, 99 %, 1890 MHz, 0x0000000000000000
2026/10/01 08:17:09.603, 71, 93.14 W, 67 %, 1890 MHz, 0x0000000000000000
2026/10/01 08:17:19.619, 71, 93.59 W, 69 %, 1890 MHz, 0x0000000000000000
2026/10/01 08:17:29.637, 73, 135.56 W, 15 %, 1890 MHz, 0x0000000000000000
2026/10/01 08:17:39.654, 71, 91.39 W, 67 %, 1875 MHz, 0x0000000000000000
2026/10/01 08:17:49.672, 73, 130.18 W, 56 %, 1875 MHz, 0x0000000000000000
2026/10/01 08:17:59.691, 71, 91.63 W, 67 %, 1875 MHz, 0x0000000000000000
2026/10/01 08:18:09.709, 74, 79.58 W, 99 %, 1875 MHz, 0x0000000000000000
2026/10/01 08:18:19.728, 71, 92.83 W, 67 %, 1875 MHz, 0x0000000000000000
2026/10/01 08:18:29.746, 71, 79.04 W, 93 %, 1875 MHz, 0x0000000000000000
2026/10/01 08:18:39.765, 72, 92.83 W, 66 %, 1875 MHz, 0x0000000000000000
2026/10/01 08:18:49.782, 71, 93.13 W, 48 %, 1875 MHz, 0x0000000000000000
2026/10/01 08:18:59.799, 71, 78.82 W, 67 %, 1875 MHz, 0x0000000000000000
2026/10/01 08:19:09.816, 72, 93.18 W, 16 %, 1875 MHz, 0x0000000000000000
2026/10/01 08:19:19.832, 71, 78.64 W, 44 %, 1875 MHz, 0x0000000000000000
2026/10/01 08:19:29.852, 72, 92.58 W, 46 %, 1875 MHz, 0x0000000000000000
2026/10/01 08:19:39.870, 72, 128.01 W, 14 %, 1875 MHz, 0x0000000000000000
2026/10/01 08:19:49.887, 72, 92.44 W, 67 %, 1875 MHz, 0x0000000000000000
2026/10/01 08:19:59.906, 74, 135.45 W, 41 %, 1875 MHz, 0x0000000000000000
2026/10/01 08:20:09.923, 72, 92.87 W, 68 %, 1875 MHz, 0x0000000000000000
2026/10/01 08:20:19.941, 74, 134.15 W, 91 %, 1875 MHz, 0x0000000000000000
2026/10/01 08:20:29.961, 72, 92.93 W, 68 %, 1875 MHz, 0x0000000000000000
2026/10/01 08:20:39.980, 74, 80.12 W, 99 %, 1875 MHz, 0x0000000000000000
2026/10/01 08:20:49.995, 72, 92.78 W, 67 %, 1875 MHz, 0x0000000000000000
2026/10/01 08:21:00.015, 72, 79.59 W, 74 %, 1875 MHz, 0x0000000000000000
2026/10/01 08:21:10.031, 72, 93.02 W, 67 %, 1875 MHz, 0x0000000000000000
2026/10/01 08:21:20.049, 72, 98.87 W, 29 %, 1875 MHz, 0x0000000000000000
2026/10/01 08:21:30.067, 72, 79.65 W, 66 %, 1875 MHz, 0x0000000000000000
2026/10/01 08:21:40.084, 72, 94.37 W, 25 %, 1875 MHz, 0x0000000000000000
2026/10/01 08:21:50.100, 72, 79.29 W, 34 %, 1875 MHz, 0x0000000000000000
2026/10/01 08:22:00.116, 73, 93.46 W, 57 %, 1875 MHz, 0x0000000000000000
2026/10/01 08:22:10.134, 74, 133.05 W, 15 %, 1875 MHz, 0x0000000000000000
2026/10/01 08:22:20.151, 73, 93.41 W, 67 %, 1875 MHz, 0x0000000000000000
2026/10/01 08:22:30.170, 75, 134.09 W, 62 %, 1875 MHz, 0x0000000000000000
2026/10/01 08:22:40.187, 73, 93.45 W, 68 %, 1875 MHz, 0x0000000000000000
2026/10/01 08:22:50.205, 75, 132.20 W, 99 %, 1875 MHz, 0x0000000000000000
2026/10/01 08:23:00.225, 73, 94.53 W, 67 %, 1875 MHz, 0x0000000000000000
2026/10/01 08:23:10.243, 75, 124.11 W, 60 %, 1875 MHz, 0x0000000000000000
2026/10/01 08:23:20.259, 73, 93.41 W, 68 %, 1875 MHz, 0x0000000000000000
2026/10/01 08:23:30.276, 73, 79.60 W, 99 %, 1875 MHz, 0x0000000000000000
2026/10/01 08:23:40.293, 73, 93.53 W, 67 %, 1875 MHz, 0x0000000000000000
2026/10/01 08:23:50.309, 73, 98.14 W, 97 %, 1875 MHz, 0x0000000000000000
2026/10/01 08:24:00.326, 73, 80.33 W, 68 %, 1875 MHz, 0x0000000000000000
2026/10/01 08:24:10.341, 73, 93.47 W, 51 %, 1875 MHz, 0x0000000000000000
2026/10/01 08:24:20.358, 72, 80.23 W, 68 %, 1875 MHz, 0x0000000000000000
2026/10/01 08:24:30.376, 73, 93.36 W, 14 %, 1875 MHz, 0x0000000000000000
2026/10/01 08:24:40.393, 72, 134.84 W, 46 %, 1875 MHz, 0x0000000000000000
2026/10/01 08:24:50.410, 73, 93.69 W, 46 %, 1875 MHz, 0x0000000000000000
2026/10/01 08:25:00.428, 75, 134.39 W, 14 %, 1875 MHz, 0x0000000000000000
2026/10/01 08:25:10.445, 73, 93.67 W, 67 %, 1875 MHz, 0x0000000000000000
2026/10/01 08:25:20.462, 75, 133.16 W, 48 %, 1875 MHz, 0x0000000000000000
2026/10/01 08:25:30.479, 73, 94.37 W, 67 %, 1875 MHz, 0x0000000000000000
2026/10/01 08:25:40.497, 75, 133.05 W, 93 %, 1875 MHz, 0x0000000000000000
2026/10/01 08:25:50.514, 73, 93.91 W, 68 %, 1875 MHz, 0x0000000000000000
2026/10/01 08:26:00.533, 73, 81.03 W, 99 %, 1875 MHz, 0x0000000000000000
2026/10/01 08:26:10.548, 73, 94.30 W, 68 %, 1875 MHz, 0x0000000000000000
2026/10/01 08:26:20.565, 74, 82.59 W, 65 %, 1875 MHz, 0x0000000000000000
2026/10/01 08:26:30.582, 73, 80.59 W, 68 %, 1875 MHz, 0x0000000000000000
2026/10/01 08:26:40.599, 73, 95.75 W, 18 %, 1875 MHz, 0x0000000000000000
2026/10/01 08:26:50.616, 73, 79.94 W, 54 %, 1875 MHz, 0x0000000000000000
2026/10/01 08:27:00.631, 73, 94.99 W, 38 %, 1875 MHz, 0x0000000000000000
2026/10/01 08:27:10.647, 75, 134.74 W, 24 %, 1875 MHz, 0x0000000000000000
2026/10/01 08:27:20.665, 74, 95.97 W, 67 %, 1875 MHz, 0x0000000000000000
2026/10/01 08:27:30.684, 75, 134.63 W, 28 %, 1875 MHz, 0x0000000000000000
2026/10/01 08:27:40.703, 74, 95.48 W, 68 %, 1875 MHz, 0x0000000000000000
2026/10/01 08:27:50.722, 75, 133.99 W, 71 %, 1875 MHz, 0x0000000000000000
2026/10/01 08:28:00.739, 74, 94.80 W, 66 %, 1875 MHz, 0x0000000000000000
2026/10/01 08:28:10.756, 76, 134.10 W, 99 %, 1875 MHz, 0x0000000000000000
2026/10/01 08:28:20.775, 74, 96.24 W, 68 %, 1875 MHz, 0x0000000000000000
2026/10/01 08:28:30.791, 74, 80.86 W, 90 %, 1875 MHz, 0x0000000000000000
2026/10/01 08:28:40.807, 74, 94.69 W, 67 %, 1875 MHz, 0x0000000000000000
2026/10/01 08:28:50.824, 73, 80.61 W, 45 %, 1875 MHz, 0x0000000000000000
2026/10/01 08:29:00.843, 74, 88.43 W, 67 %, 1875 MHz, 0x0000000000000000
2026/10/01 08:29:10.861, 73, 94.26 W, 12 %, 1875 MHz, 0x0000000000000000
2026/10/01 08:29:20.877, 73, 80.10 W, 48 %, 1875 MHz, 0x0000000000000000
2026/10/01 08:29:30.894, 74, 93.78 W, 44 %, 1875 MHz, 0x0000000000000000
2026/10/01 08:29:40.911, 73, 109.37 W, 16 %, 1875 MHz, 0x0000000000000000
2026/10/01 08:29:50.929, 74, 94.02 W, 68 %, 1875 MHz, 0x0000000000000000
2026/10/01 08:30:00.946, 75, 130.02 W, 42 %, 1875 MHz, 0x0000000000000000
2026/10/01 08:30:10.964, 74, 94.47 W, 68 %, 1875 MHz, 0x0000000000000000
2026/10/01 08:30:20.981, 76, 134.27 W, 91 %, 1875 MHz, 0x0000000000000000
2026/10/01 08:30:31.001, 74, 95.23 W, 69 %, 1875 MHz, 0x0000000000000000
2026/10/01 08:30:41.022, 76, 134.95 W, 99 %, 1875 MHz, 0x0000000000000000
2026/10/01 08:30:51.044, 74, 94.54 W, 67 %, 1875 MHz, 0x0000000000000000
2026/10/01 08:31:01.062, 75, 103.67 W, 65 %, 1875 MHz, 0x0000000000000000
2026/10/01 08:31:11.078, 74, 94.61 W, 68 %, 1875 MHz, 0x0000000000000000
2026/10/01 08:31:21.096, 73, 80.80 W, 99 %, 1875 MHz, 0x0000000000000000
2026/10/01 08:31:31.113, 74, 94.39 W, 68 %, 1875 MHz, 0x0000000000000000
2026/10/01 08:31:41.130, 74, 100.56 W, 90 %, 1875 MHz, 0x0000000000000000
2026/10/01 08:31:51.150, 73, 80.93 W, 67 %, 1875 MHz, 0x0000000000000000
2026/10/01 08:32:01.172, 74, 94.57 W, 47 %, 1875 MHz, 0x0000000000000000
2026/10/01 08:32:11.190, 73, 80.53 W, 68 %, 1875 MHz, 0x0000000000000000
2026/10/01 08:32:21.207, 74, 94.71 W, 17 %, 1875 MHz, 0x0000000000000000
2026/10/01 08:32:31.224, 75, 136.20 W, 42 %, 1875 MHz, 0x0000000000000000
2026/10/01 08:32:41.243, 74, 94.40 W, 50 %, 1875 MHz, 0x0000000000000000
2026/10/01 08:32:51.260, 76, 136.20 W, 14 %, 1875 MHz, 0x0000000000000000
2026/10/01 08:33:01.278, 74, 94.80 W, 68 %, 1875 MHz, 0x0000000000000000
2026/10/01 08:33:11.297, 76, 133.48 W, 43 %, 1875 MHz, 0x0000000000000000
2026/10/01 08:33:21.314, 74, 94.64 W, 67 %, 1875 MHz, 0x0000000000000000
2026/10/01 08:33:31.331, 76, 117.35 W, 90 %, 1875 MHz, 0x0000000000000000
2026/10/01 08:33:41.349, 74, 94.71 W, 67 %, 1875 MHz, 0x0000000000000000
2026/10/01 08:33:51.367, 75, 81.16 W, 99 %, 1875 MHz, 0x0000000000000000
2026/10/01 08:34:01.383, 74, 94.66 W, 68 %, 1875 MHz, 0x0000000000000000
2026/10/01 08:34:11.399, 74, 101.57 W, 68 %, 1875 MHz, 0x0000000000000000
2026/10/01 08:34:21.416, 74, 82.30 W, 68 %, 1875 MHz, 0x0000000000000000
2026/10/01 08:34:31.434, 74, 95.53 W, 19 %, 1875 MHz, 0x0000000000000000
2026/10/01 08:34:41.451, 74, 80.94 W, 62 %, 1875 MHz, 0x0000000000000000
2026/10/01 08:34:51.466, 74, 94.86 W, 30 %, 1875 MHz, 0x0000000000000000
2026/10/01 08:35:01.482, 74, 134.54 W, 31 %, 1875 MHz, 0x0000000000000000
2026/10/01 08:35:11.499, 75, 95.77 W, 58 %, 1875 MHz, 0x0000000000000000
2026/10/01 08:35:21.518, 75, 133.66 W, 15 %, 1875 MHz, 0x0000000000000000
2026/10/01 08:35:31.541, 75, 95.06 W, 68 %, 1875 MHz, 0x0000000000000000
2026/10/01 08:35:41.559, 77, 135.13 W, 60 %, 1875 MHz, 0x0000000000000000
2026/10/01 08:35:51.575, 75, 95.83 W, 67 %, 1875 MHz, 0x0000000000000000
2026/10/01 08:36:01.593, 77, 135.11 W, 99 %, 1875 MHz, 0x0000000000000000
2026/10/01 08:36:11.611, 75, 95.41 W, 68 %, 1875 MHz, 0x0000000000000000
2026/10/01 08:36:21.628, 75, 81.96 W, 98 %, 1875 MHz, 0x0000000000000000
2026/10/01 08:36:31.645, 75, 95.96 W, 68 %, 1875 MHz, 0x0000000000000000
2026/10/01 08:36:41.664, 74, 81.34 W, 54 %, 1875 MHz, 0x0000000000000000
2026/10/01 08:36:51.680, 75, 95.22 W, 68 %, 1875 MHz, 0x0000000000000000
2026/10/01 08:37:01.698, 75, 95.43 W, 16 %, 1875 MHz, 0x0000000000000000
2026/10/01 08:37:11.715, 74, 82.24 W, 51 %, 1875 MHz, 0x0000000000000000
2026/10/01 08:37:21.730, 75, 95.05 W, 41 %, 1875 MHz, 0x0000000000000000
2026/10/01 08:37:31.749, 74, 81.48 W, 19 %, 1875 MHz, 0x0000000000000000
2026/10/01 08:37:41.766, 75, 95.41 W, 68 %, 1875 MHz, 0x0000000000000000
2026/10/01 08:37:51.782, 76, 129.39 W, 32 %, 1875 MHz, 0x0000000000000000
2026/10/01 08:38:01.802, 75, 95.47 W, 67 %, 1875 MHz, 0x0000000000000000
2026/10/01 08:38:11.820, 77, 136.55 W, 77 %, 1875 MHz, 0x0000000000000000
2026/10/01 08:38:21.839, 75, 95.17 W, 67 %, 1875 MHz, 0x0000000000000000
2026/10/01 08:38:31.857, 77, 134.74 W, 99 %, 1875 MHz, 0x0000000000000000
2026/10/01 08:38:41.876, 75, 95.76 W, 67 %, 1875 MHz, 0x0000000000000000
2026/10/01 08:38:51.893, 77, 134.44 W, 58 %, 1875 MHz, 0x0000000000000000
2026/10/01 08:39:01.909, 75, 95.65 W, 67 %, 1875 MHz, 0x0000000000000000
2026/10/01 08:39:11.926, 76, 82.00 W, 99 %, 1875 MHz, 0x0000000000000000
2026/10/01 08:39:21.941, 75, 95.19 W, 67 %, 1875 MHz, 0x0000000000000000
2026/10/01 08:39:31.959, 75, 82.20 W, 99 %, 1875 MHz, 0x0000000000000000
2026/10/01 08:39:41.976, 75, 81.79 W, 67 %, 1875 MHz, 0x0000000000000000
2026/10/01 08:39:51.993, 75, 95.94 W, 56 %, 1875 MHz, 0x0000000000000000
2026/10/01 08:40:02.009, 75, 81.34 W, 67 %, 1875 MHz, 0x0000000000000000
2026/10/01 08:40:12.025, 75, 95.71 W, 16 %, 1875 MHz, 0x0000000000000000
2026/10/01 08:40:22.043, 74, 96.60 W, 59 %, 1875 MHz, 0x0000000000000000
2026/10/01 08:40:32.062, 75, 95.79 W, 33 %, 1875 MHz, 0x0000000000000000
2026/10/01 08:40:42.079, 77, 133.60 W, 27 %, 1875 MHz, 0x0000000000000000
2026/10/01 08:40:52.098, 75, 95.45 W, 62 %, 1875 MHz, 0x0000000000000000
2026/10/01 08:41:02.117, 77, 137.71 W, 18 %, 1875 MHz, 0x0000000000000000
2026/10/01 08:41:12.135, 75, 95.76 W, 67 %, 1875 MHz, 0x0000000000000000
2026/10/01 08:41:22.152, 77, 136.30 W, 62 %, 1875 MHz, 0x0000000000000000
2026/10/01 08:41:32.171, 75, 96.84 W, 67 %, 1875 MHz, 0x0000000000000000
2026/10/01 08:41:42.188, 76, 82.52 W, 99 %, 1875 MHz, 0x0000000000000000
2026/10/01 08:41:52.203, 75, 95.21 W, 67 %, 1875 MHz, 0x0000000000000000
2026/10/01 08:42:02.220, 75, 81.61 W, 94 %, 1875 MHz, 0x0000000000000000
2026/10/01 08:42:12.236, 75, 96.14 W, 68 %, 1875 MHz, 0x0000000000000000
2026/10/01 08:42:22.253, 74, 105.65 W, 54 %, 1875 MHz, 0x0000000000000000
2026/10/01 08:42:32.271, 75, 81.29 W, 67 %, 1875 MHz, 0x0000000000000000
2026/10/01 08:42:42.289, 75, 95.02 W, 18 %, 1875 MHz, 0x0000000000000000
2026/10/01 08:42:52.306, 74, 82.11 W, 54 %, 1875 MHz, 0x0000000000000000
2026/10/01 08:43:02.323, 75, 95.97 W, 36 %, 1875 MHz, 0x0000000000000000
2026/10/01 08:43:12.339, 74, 134.45 W, 26 %, 1875 MHz, 0x0000000000000000
2026/10/01 08:43:22.357, 75, 95.07 W, 64 %, 1875 MHz, 0x0000000000000000
2026/10/01 08:43:32.376, 77, 135.03 W, 25 %, 1875 MHz, 0x0000000000000000
2026/10/01 08:43:42.400, 75, 94.88 W, 67 %, 1875 MHz, 0x0000000000000000
2026/10/01 08:43:52.417, 77, 136.74 W, 61 %, 1875 MHz, 0x0000000000000000
2026/10/01 08:44:02.434, 75, 94.85 W, 67 %, 1875 MHz, 0x0000000000000000
2026/10/01 08:44:12.450, 77, 135.96 W, 99 %, 1875 MHz, 0x0000000000000000
2026/10/01 08:44:22.467, 75, 94.91 W, 67 %, 1875 MHz, 0x0000000000000000
2026/10/01 08:44:32.486, 77, 82.39 W, 99 %, 1875 MHz, 0x0000000000000000
2026/10/01 08:44:42.501, 75, 95.07 W, 68 %, 1875 MHz, 0x0000000000000000
2026/10/01 08:44:52.518, 75, 81.49 W, 53 %, 1875 MHz, 0x0000000000000000
2026/10/01 08:45:02.533, 75, 94.98 W, 67 %, 1875 MHz, 0x0000000000000000
2026/10/01 08:45:12.551, 75, 95.15 W, 17 %, 1875 MHz, 0x0000000000000000
2026/10/01 08:45:22.570, 75, 81.18 W, 53 %, 1875 MHz, 0x0000000000000000
2026/10/01 08:45:32.587, 75, 94.98 W, 33 %, 1875 MHz, 0x0000000000000000
2026/10/01 08:45:42.604, 74, 81.24 W, 29 %, 1875 MHz, 0x0000000000000000
2026/10/01 08:45:52.622, 75, 95.40 W, 60 %, 1875 MHz, 0x0000000000000000
2026/10/01 08:46:02.640, 76, 134.52 W, 16 %, 1875 MHz, 0x0000000000000000
2026/10/01 08:46:12.656, 75, 95.34 W, 66 %, 1875 MHz, 0x0000000000000000
2026/10/01 08:46:22.673, 77, 133.60 W, 46 %, 1875 MHz, 0x0000000000000000
2026/10/01 08:46:32.691, 75, 94.92 W, 47 %, 1875 MHz, 0x0000000000000000
2026/10/01 08:46:42.708, 77, 135.52 W, 14 %, 1875 MHz, 0x0000000000000000
2026/10/01 08:46:52.725, 75, 95.09 W, 67 %, 1875 MHz, 0x0000000000000000
2026/10/01 08:47:02.743, 77, 134.34 W, 47 %, 1875 MHz, 0x0000000000000000
2026/10/01 08:47:12.761, 75, 95.25 W, 67 %, 1875 MHz, 0x0000000000000000
2026/10/01 08:47:22.780, 77, 82.59 W, 87 %, 1875 MHz, 0x0000000000000000
2026/10/01 08:47:32.795, 75, 95.25 W, 68 %, 1875 MHz, 0x0000000000000000
2026/10/01 08:47:42.812, 75, 81.59 W, 99 %, 1875 MHz, 0x0000000000000000
2026/10/01 08:47:52.828, 75, 95.49 W, 67 %, 1875 MHz, 0x0000000000000000
2026/10/01 08:48:02.846, 75, 102.76 W, 83 %, 1875 MHz, 0x0000000000000000
2026/10/01 08:48:12.862, 75, 81.64 W, 67 %, 1875 MHz, 0x0000000000000000
2026/10/01 08:48:22.879, 75, 95.41 W, 36 %, 1875 MHz, 0x0000000000000000
2026/10/01 08:48:32.895, 74, 81.68 W, 68 %, 1875 MHz, 0x0000000000000000
2026/10/01 08:48:42.911, 75, 96.54 W, 19 %, 1875 MHz, 0x0000000000000000
2026/10/01 08:48:52.930, 74, 134.34 W, 44 %, 1875 MHz, 0x0000000000000000
2026/10/01 08:49:02.949, 75, 95.92 W, 45 %, 1875 MHz, 0x0000000000000000
2026/10/01 08:49:12.965, 76, 135.99 W, 17 %, 1875 MHz, 0x0000000000000000
2026/10/01 08:49:22.983, 75, 96.14 W, 67 %, 1875 MHz, 0x0000000000000000
2026/10/01 08:49:33.000, 77, 138.08 W, 33 %, 1875 MHz, 0x0000000000000000
2026/10/01 08:49:43.017, 75, 96.04 W, 68 %, 1875 MHz, 0x0000000000000000
2026/10/01 08:49:53.035, 77, 136.13 W, 71 %, 1875 MHz, 0x0000000000000000
2026/10/01 08:50:03.055, 75, 96.25 W, 68 %, 1875 MHz, 0x0000000000000000
2026/10/01 08:50:13.073, 77, 104.12 W, 99 %, 1875 MHz, 0x0000000000000000
2026/10/01 08:50:23.089, 75, 96.27 W, 67 %, 1875 MHz, 0x0000000000000000
2026/10/01 08:50:33.109, 75, 81.96 W, 91 %, 1875 MHz, 0x0000000000000000
2026/10/01 08:50:43.126, 75, 95.77 W, 68 %, 1875 MHz, 0x0000000000000000
2026/10/01 08:50:53.144, 75, 95.19 W, 50 %, 1875 MHz, 0x0000000000000000
2026/10/01 08:51:03.161, 75, 82.99 W, 67 %, 1875 MHz, 0x0000000000000000
2026/10/01 08:51:13.178, 75, 95.44 W, 18 %, 1875 MHz, 0x0000000000000000
2026/10/01 08:51:23.195, 74, 82.82 W, 56 %, 1875 MHz, 0x0000000000000000
2026/10/01 08:51:33.212, 75, 95.08 W, 34 %, 1875 MHz, 0x0000000000000000
2026/10/01 08:51:43.229, 74, 99.92 W, 26 %, 1875 MHz, 0x0000000000000000
2026/10/01 08:51:53.247, 75, 95.85 W, 65 %, 1875 MHz, 0x0000000000000000
2026/10/01 08:52:03.265, 77, 133.10 W, 24 %, 1875 MHz, 0x0000000000000000
2026/10/01 08:52:13.283, 75, 94.92 W, 67 %, 1875 MHz, 0x0000000000000000
2026/10/01 08:52:23.299, 77, 136.09 W, 60 %, 1875 MHz, 0x0000000000000000
2026/10/01 08:52:33.318, 75, 95.50 W, 67 %, 1875 MHz, 0x0000000000000000
2026/10/01 08:52:43.336, 77, 135.04 W, 99 %, 1875 MHz, 0x0000000000000000
2026/10/01 08:52:53.355, 75, 95.31 W, 67 %, 1875 MHz, 0x0000000000000000
2026/10/01 08:53:03.372, 77, 119.23 W, 99 %, 1875 MHz, 0x0000000000000000
2026/10/01 08:53:13.389, 75, 95.67 W, 67 %, 1875 MHz, 0x0000000000000000
2026/10/01 08:53:23.405, 75, 82.66 W, 58 %, 1875 MHz, 0x0000000000000000
2026/10/01 08:53:33.422, 75, 95.20 W, 67 %, 1875 MHz, 0x0000000000000000
2026/10/01 08:53:43.441, 75, 101.66 W, 19 %, 1875 MHz, 0x0000000000000000
2026/10/01 08:53:53.458, 75, 81.88 W, 56 %, 1875 MHz, 0x0000000000000000
2026/10/01 08:54:03.474, 75, 96.15 W, 35 %, 1875 MHz, 0x0000000000000000
2026/10/01 08:54:13.491, 75, 81.64 W, 68 %, 1875 MHz, 0x0000000000000000
2026/10/01 08:54:23.507, 75, 96.76 W, 24 %, 1875 MHz, 0x0000000000000000
2026/10/01 08:54:33.524, 75, 134.34 W, 62 %, 1875 MHz, 0x0000000000000000
2026/10/01 08:54:43.542, 76, 95.63 W, 31 %, 1875 MHz, 0x0000000000000000
2026/10/01 08:54:53.558, 77, 135.06 W, 30 %, 1875 MHz, 0x0000000000000000
2026/10/01 08:55:03.577, 75, 96.17 W, 61 %, 1875 MHz, 0x0000000000000000
2026/10/01 08:55:13.597, 77, 136.46 W, 21 %, 1875 MHz, 0x0000000000000000
2026/10/01 08:55:23.618, 76, 95.78 W, 68 %, 1875 MHz, 0x0000000000000000
2026/10/01 08:55:33.641, 78, 134.90 W, 70 %, 1875 MHz, 0x0000000000000000
2026/10/01 08:55:43.657, 76, 95.87 W, 67 %, 1875 MHz, 0x0000000000000000
2026/10/01 08:55:53.675, 75, 82.71 W, 99 %, 1875 MHz, 0x0000000000000000
2026/10/01 08:56:03.691, 75, 95.84 W, 67 %, 1875 MHz, 0x0000000000000000
2026/10/01 08:56:13.707, 75, 82.14 W, 99 %, 1875 MHz, 0x0000000000000000
2026/10/01 08:56:23.723, 76, 96.15 W, 67 %, 1875 MHz, 0x0000000000000000
2026/10/01 08:56:33.741, 76, 95.07 W, 57 %, 1875 MHz, 0x0000000000000000
2026/10/01 08:56:43.759, 75, 81.67 W, 67 %, 1875 MHz, 0x0000000000000000
2026/10/01 08:56:53.774, 76, 95.38 W, 18 %, 1875 MHz, 0x0000000000000000
2026/10/01 08:57:03.792, 75, 81.70 W, 56 %, 1875 MHz, 0x0000000000000000
2026/10/01 08:57:13.808, 76, 95.54 W, 35 %, 1875 MHz, 0x0000000000000000
2026/10/01 08:57:23.827, 77, 134.95 W, 28 %, 1875 MHz, 0x0000000000000000
2026/10/01 08:57:33.845, 76, 95.55 W, 64 %, 1875 MHz, 0x0000000000000000
2026/10/01 08:57:43.862, 77, 136.31 W, 22 %, 1875 MHz, 0x0000000000000000
2026/10/01 08:57:53.881, 76, 95.61 W, 68 %, 1875 MHz, 0x0000000000000000
2026/10/01 08:58:03.900, 78, 133.00 W, 68 %, 1875 MHz, 0x0000000000000000
2026/10/01 08:58:13.918, 76, 95.56 W, 68 %, 1875 MHz, 0x0000000000000000
2026/10/01 08:58:23.936, 78, 103.90 W, 99 %, 1875 MHz, 0x0000000000000000
2026/10/01 08:58:33.953, 76, 95.98 W, 67 %, 1875 MHz, 0x0000000000000000
2026/10/01 08:58:43.969, 76, 82.32 W, 91 %, 1875 MHz, 0x0000000000000000
2026/10/01 08:58:53.985, 76, 95.54 W, 67 %, 1875 MHz, 0x0000000000000000
2026/10/01 08:59:04.004, 75, 101.20 W, 46 %, 1875 MHz, 0x0000000000000000
2026/10/01 08:59:14.020, 75, 81.85 W, 67 %, 1875 MHz, 0x0000000000000000
2026/10/01 08:59:24.036, 75, 95.68 W, 15 %, 1875 MHz, 0x0000000000000000
2026/10/01 08:59:34.052, 75, 81.72 W, 50 %, 1875 MHz, 0x0000000000000000
2026/10/01 08:59:44.067, 76, 95.75 W, 39 %, 1875 MHz, 0x0000000000000000
2026/10/01 08:59:54.087, 75, 108.05 W, 24 %, 1875 MHz, 0x0000000000000000
2026/10/01 09:00:04.104, 76, 95.47 W, 63 %, 1875 MHz, 0x0000000000000000
2026/10/01 09:00:14.123, 77, 135.64 W, 18 %, 1875 MHz, 0x0000000000000000
2026/10/01 09:00:24.141, 76, 95.73 W, 67 %, 1875 MHz, 0x0000000000000000
2026/10/01 09:00:34.161, 78, 137.01 W, 57 %, 1875 MHz, 0x0000000000000000
2026/10/01 09:00:44.179, 76, 95.53 W, 67 %, 1875 MHz, 0x0000000000000000
2026/10/01 09:00:54.196, 78, 133.75 W, 97 %, 1875 MHz, 0x0000000000000000
2026/10/01 09:01:04.213, 76, 95.46 W, 67 %, 1875 MHz, 0x0000000000000000
2026/10/01 09:01:14.233, 78, 134.09 W, 99 %, 1875 MHz, 0x0000000000000000
2026/10/01 09:01:24.253, 76, 95.70 W, 67 %, 1875 MHz, 0x0000000000000000
2026/10/01 09:01:34.270, 76, 83.65 W, 78 %, 1875 MHz, 0x0000000000000000
2026/10/01 09:01:44.290, 76, 95.60 W, 68 %, 1875 MHz, 0x0000000000000000
2026/10/01 09:01:54.307, 75, 82.34 W, 41 %, 1875 MHz, 0x0000000000000000
2026/10/01 09:02:04.324, 76, 95.42 W, 68 %, 1875 MHz, 0x0000000000000000
2026/10/01 09:02:14.340, 75, 95.79 W, 96 %, 1875 MHz, 0x0000000000000000
2026/10/01 09:02:24.358, 76, 81.97 W, 67 %, 1875 MHz, 0x0000000000000000
2026/10/01 09:02:34.374, 76, 96.75 W, 51 %, 1875 MHz, 0x0000000000000000
2026/10/01 09:02:44.391, 75, 81.90 W, 66 %, 1875 MHz, 0x0000000000000000
2026/10/01 09:02:54.408, 76, 96.28 W, 16 %, 1875 MHz, 0x0000000000000000
2026/10/01 09:03:04.425, 75, 134.71 W, 51 %, 1875 MHz, 0x0000000000000000
2026/10/01 09:03:14.443, 76, 97.14 W, 40 %, 1875 MHz, 0x0000000000000000
2026/10/01 09:03:24.459, 77, 135.11 W, 21 %, 1875 MHz, 0x0000000000000000
2026/10/01 09:03:34.478, 76, 96.47 W, 67 %, 1875 MHz, 0x0000000000000000
2026/10/01 09:03:44.495, 78, 134.90 W, 26 %, 1875 MHz, 0x0000000000000000
2026/10/01 09:03:54.512, 76, 97.06 W, 67 %, 1875 MHz, 0x0000000000000000
2026/10/01 09:04:04.529, 78, 134.16 W, 65 %, 1875 MHz, 0x0000000000000000
2026/10/01 09:04:14.548, 76, 96.48 W, 67 %, 1875 MHz, 0x0000000000000000
2026/10/01 09:04:24.566, 78, 82.58 W, 99 %, 1875 MHz, 0x0000000000000000
2026/10/01 09:04:34.582, 76, 96.58 W, 68 %, 1875 MHz, 0x0000000000000000
2026/10/01 09:04:44.599, 76, 82.18 W, 99 %, 1875 MHz, 0x0000000000000000
2026/10/01 09:04:54.617, 76, 96.65 W, 67 %, 1875 MHz, 0x0000000000000000
2026/10/01 09:05:04.636, 76, 95.72 W, 62 %, 1875 MHz, 0x0000000000000000
2026/10/01 09:05:14.653, 75, 82.20 W, 67 %, 1875 MHz, 0x0000000000000000
2026/10/01 09:05:24.670, 76, 95.56 W, 20 %, 1875 MHz, 0x0000000000000000
2026/10/01 09:05:34.687, 75, 82.93 W, 61 %, 1875 MHz, 0x0000000000000000
2026/10/01 09:05:44.702, 76, 95.78 W, 31 %, 1875 MHz, 0x0000000000000000
2026/10/01 09:05:54.721, 76, 96.78 W, 37 %, 1875 MHz, 0x0000000000000000
2026/10/01 09:06:04.738, 76, 95.64 W, 54 %, 1875 MHz, 0x0000000000000000
2026/10/01 09:06:14.756, 77, 131.61 W, 14 %, 1875 MHz, 0x0000000000000000
2026/10/01 09:06:24.773, 76, 95.53 W, 67 %, 1875 MHz, 0x0000000000000000
2026/10/01 09:06:34.790, 78, 138.16 W, 50 %, 1875 MHz, 0x0000000000000000
2026/10/01 09:06:44.808, 76, 95.63 W, 68 %, 1875 MHz, 0x0000000000000000
2026/10/01 09:06:54.825, 78, 136.24 W, 90 %, 1875 MHz, 0x0000000000000000
2026/10/01 09:07:04.842, 76, 96.57 W, 68 %, 1875 MHz, 0x0000000000000000
2026/10/01 09:07:14.861, 78, 113.44 W, 99 %, 1875 MHz, 0x0000000000000000
2026/10/01 09:07:24.878, 76, 96.81 W, 68 %, 1875 MHz, 0x0000000000000000
2026/10/01 09:07:34.897, 76, 82.28 W, 75 %, 1875 MHz, 0x0000000000000000
2026/10/01 09:07:44.913, 76, 95.42 W, 67 %, 1875 MHz, 0x0000000000000000
2026/10/01 09:07:54.930, 75, 107.98 W, 31 %, 1875 MHz, 0x0000000000000000
2026/10/01 09:08:04.947, 76, 82.11 W, 67 %, 1875 MHz, 0x0000000000000000
2026/10/01 09:08:14.964, 76, 95.51 W, 24 %, 1875 MHz, 0x0000000000000000
2026/10/01 09:08:24.982, 75, 81.74 W, 38 %, 1875 MHz, 0x0000000000000000
2026/10/01 09:08:34.999, 76, 95.71 W, 51 %, 1875 MHz, 0x0000000000000000
2026/10/01 09:08:45.017, 75, 99.24 W, 12 %, 1875 MHz, 0x0000000000000000
2026/10/01 09:08:55.034, 76, 95.91 W, 67 %, 1875 MHz, 0x0000000000000000
2026/10/01 09:09:05.051, 76, 130.07 W, 39 %, 1875 MHz, 0x0000000000000000
2026/10/01 09:09:15.072, 76, 96.00 W, 68 %, 1875 MHz, 0x0000000000000000
2026/10/01 09:09:25.091, 77, 136.88 W, 82 %, 1875 MHz, 0x0000000000000000
2026/10/01 09:09:35.110, 76, 95.72 W, 68 %, 1875 MHz, 0x0000000000000000
2026/10/01 09:09:45.130, 78, 134.03 W, 24 %, 1875 MHz, 0x0000000000000000
2026/10/01 09:09:55.149, 76, 95.60 W, 67 %, 1875 MHz, 0x0000000000000000
2026/10/01 09:10:05.167, 77, 101.78 W, 63 %, 1875 MHz, 0x0000000000000000
2026/10/01 09:10:15.182, 76, 95.27 W, 67 %, 1875 MHz, 0x0000000000000000
2026/10/01 09:10:25.201, 75, 82.08 W, 99 %, 1875 MHz, 0x0000000000000000
2026/10/01 09:10:35.216, 76, 95.74 W, 67 %, 1875 MHz, 0x0000000000000000
2026/10/01 09:10:45.233, 75, 102.58 W, 96 %, 1875 MHz, 0x0000000000000000
2026/10/01 09:10:55.251, 76, 87.91 W, 68 %, 1875 MHz, 0x0000000000000000
2026/10/01 09:11:05.266, 76, 95.84 W, 53 %, 1875 MHz, 0x0000000000000000
2026/10/01 09:11:15.284, 75, 81.66 W, 66 %, 1875 MHz, 0x0000000000000000
2026/10/01 09:11:25.301, 76, 95.90 W, 20 %, 1875 MHz, 0x0000000000000000
2026/10/01 09:11:35.318, 75, 81.72 W, 59 %, 1875 MHz, 0x0000000000000000
2026/10/01 09:11:45.335, 76, 95.67 W, 29 %, 1875 MHz, 0x0000000000000000
2026/10/01 09:11:55.352, 77, 132.87 W, 34 %, 1875 MHz, 0x0000000000000000
2026/10/01 09:12:05.370, 76, 95.88 W, 55 %, 1875 MHz, 0x0000000000000000
2026/10/01 09:12:15.387, 78, 136.75 W, 15 %, 1875 MHz, 0x0000000000000000
2026/10/01 09:12:25.405, 76, 95.76 W, 68 %, 1875 MHz, 0x0000000000000000
2026/10/01 09:12:35.423, 78, 133.01 W, 49 %, 1875 MHz, 0x0000000000000000
2026/10/01 09:12:45.441, 76, 95.93 W, 67 %, 1875 MHz, 0x0000000000000000
2026/10/01 09:12:55.459, 78, 133.16 W, 86 %, 1875 MHz, 0x0000000000000000
2026/10/01 09:13:05.477, 76, 96.84 W, 67 %, 1875 MHz, 0x0000000000000000
2026/10/01 09:13:15.495, 77, 82.36 W, 99 %, 1875 MHz, 0x0000000000000000
2026/10/01 09:13:25.518, 76, 95.61 W, 67 %, 1875 MHz, 0x0000000000000000
2026/10/01 09:13:35.536, 76, 81.97 W, 79 %, 1875 MHz, 0x0000000000000000
2026/10/01 09:13:45.552, 76, 96.27 W, 68 %, 1875 MHz, 0x0000000000000000
2026/10/01 09:13:55.568, 75, 95.86 W, 37 %, 1875 MHz, 0x0000000000000000
2026/10/01 09:14:05.584, 76, 82.64 W, 67 %, 1875 MHz, 0x0000000000000000
2026/10/01 09:14:15.599, 76, 95.62 W, 16 %, 1875 MHz, 0x0000000000000000
2026/10/01 09:14:25.618, 75, 82.13 W, 48 %, 1875 MHz, 0x0000000000000000
2026/10/01 09:14:35.635, 76, 95.99 W, 40 %, 1875 MHz, 0x0000000000000000
2026/10/01 09:14:45.652, 75, 133.47 W, 24 %, 1875 MHz, 0x0000000000000000
2026/10/01 09:14:55.674, 76, 95.95 W, 67 %, 1875 MHz, 0x0000000000000000
2026/10/01 09:15:05.696, 78, 136.13 W, 28 %, 1875 MHz, 0x0000000000000000
2026/10/01 09:15:15.715, 76, 96.03 W, 67 %, 1875 MHz, 0x0000000000000000
2026/10/01 09:15:25.731, 78, 135.00 W, 71 %, 1875 MHz, 0x0000000000000000
2026/10/01 09:15:35.748, 76, 95.67 W, 67 %, 1875 MHz, 0x0000000000000000
2026/10/01 09:15:45.767, 78, 133.08 W, 99 %, 1875 MHz, 0x0000000000000000
2026/10/01 09:15:55.784, 76, 95.94 W, 67 %, 1875 MHz, 0x0000000000000000
2026/10/01 09:16:05.801, 77, 85.07 W, 99 %, 1875 MHz, 0x0000000000000000
2026/10/01 09:16:15.822, 76, 95.43 W, 67 %, 1875 MHz, 0x0000000000000000
2026/10/01 09:16:25.839, 76, 83.77 W, 60 %, 1875 MHz, 0x0000000000000000
2026/10/01 09:16:35.855, 76, 95.52 W, 67 %, 1875 MHz, 0x0000000000000000
2026/10/01 09:16:45.872, 75, 82.85 W, 20 %, 1875 MHz, 0x0000000000000000
2026/10/01 09:16:55.890, 76, 89.92 W, 65 %, 1875 MHz, 0x0000000000000000
2026/10/01 09:17:05.905, 76, 96.36 W, 23 %, 1875 MHz, 0x0000000000000000
2026/10/01 09:17:15.924, 75, 81.93 W, 37 %, 1875 MHz, 0x0000000000000000
2026/10/01 09:17:25.939, 76, 95.89 W, 53 %, 1875 MHz, 0x0000000000000000
2026/10/01 09:17:35.958, 75, 81.97 W, 67 %, 1875 MHz, 0x0000000000000000
2026/10/01 09:17:45.975, 76, 96.15 W, 13 %, 1875 MHz, 0x0000000000000000
2026/10/01 09:17:55.992, 76, 130.52 W, 48 %, 1875 MHz, 0x0000000000000000
2026/10/01 09:18:06.011, 76, 95.70 W, 41 %, 1875 MHz, 0x0000000000000000
2026/10/01 09:18:16.029, 78, 136.32 W, 19 %, 1875 MHz, 0x0000000000000000
2026/10/01 09:18:26.046, 76, 96.47 W, 66 %, 1875 MHz, 0x0000000000000000
2026/10/01 09:18:36.063, 78, 134.97 W, 38 %, 1875 MHz, 0x0000000000000000
2026/10/01 09:18:46.080, 76, 96.00 W, 68 %, 1875 MHz, 0x0000000000000000
2026/10/01 09:18:56.098, 78, 88.18 W, 86 %, 1875 MHz, 0x0000000000000000
2026/10/01 09:19:06.121, 76, 96.30 W, 67 %, 1875 MHz, 0x0000000000000000
2026/10/01 09:19:16.139, 77, 82.59 W, 99 %, 1875 MHz, 0x0000000000000000
2026/10/01 09:19:26.154, 76, 97.20 W, 67 %, 1875 MHz, 0x0000000000000000
2026/10/01 09:19:36.172, 76, 82.51 W, 89 %, 1875 MHz, 0x0000000000000000
2026/10/01 09:19:46.193, 75, 82.21 W, 67 %, 1875 MHz, 0x0000000000000000
2026/10/01 09:19:56.216, 76, 95.93 W, 19 %, 1875 MHz, 0x0000000000000000
2026/10/01 09:20:06.232, 75, 82.25 W, 60 %, 1875 MHz, 0x0000000000000000
2026/10/01 09:20:16.250, 76, 95.92 W, 31 %, 1875 MHz, 0x0000000000000000
2026/10/01 09:20:26.268, 77, 135.20 W, 29 %, 1875 MHz, 0x0000000000000000
2026/10/01 09:20:36.293, 76, 96.15 W, 60 %, 1875 MHz, 0x0000000000000000
2026/10/01 09:20:46.310, 78, 135.61 W, 17 %, 1875 MHz, 0x0000000000000000
2026/10/01 09:20:56.328, 76, 96.12 W, 67 %, 1875 MHz, 0x0000000000000000
2026/10/01 09:21:06.345, 78, 135.02 W, 53 %, 1875 MHz, 0x0000000000000000
2026/10/01 09:21:16.363, 76, 95.67 W, 67 %, 1875 MHz, 0x0000000000000000
2026/10/01 09:21:26.381, 78, 133.98 W, 94 %, 1875 MHz, 0x0000000000000000
2026/10/01 09:21:36.397, 76, 95.75 W, 67 %, 1875 MHz, 0x0000000000000000
2026/10/01 09:21:46.416, 77, 83.04 W, 99 %, 1875 MHz, 0x0000000000000000
2026/10/01 09:21:56.431, 76, 96.43 W, 67 %, 1875 MHz, 0x0000000000000000
2026/10/01 09:22:06.449, 76, 82.35 W, 75 %, 1875 MHz, 0x0000000000000000
2026/10/01 09:22:16.466, 76, 96.02 W, 67 %, 1875 MHz, 0x0000000000000000
2026/10/01 09:22:26.483, 75, 96.02 W, 36 %, 1875 MHz, 0x0000000000000000
2026/10/01 09:22:36.500, 76, 82.28 W, 67 %, 1875 MHz, 0x0000000000000000
2026/10/01 09:22:46.517, 76, 96.62 W, 18 %, 1875 MHz, 0x0000000000000000
2026/10/01 09:22:56.533, 75, 82.14 W, 45 %, 1875 MHz, 0x0000000000000000
2026/10/01 09:23:06.550, 76, 96.25 W, 41 %, 1875 MHz, 0x0000000000000000
2026/10/01 09:23:16.568, 75, 103.20 W, 22 %, 1875 MHz, 0x0000000000000000
2026/10/01 09:23:26.586, 76, 96.09 W, 66 %, 1875 MHz, 0x0000000000000000
2026/10/01 09:23:36.602, 76, 130.21 W, 23 %, 1875 MHz, 0x0000000000000000
2026/10/01 09:23:46.621, 76, 96.40 W, 67 %, 1875 MHz, 0x0000000000000000
2026/10/01 09:23:56.638, 77, 137.01 W, 62 %, 1875 MHz, 0x0000000000000000
2026/10/01 09:24:06.655, 76, 96.51 W, 67 %, 1875 MHz, 0x0000000000000000
2026/10/01 09:24:16.672, 78, 132.30 W, 99 %, 1875 MHz, 0x0000000000000000
2026/10/01 09:24:26.689, 75, 82.39 W, 20 %, 1875 MHz, 0x0000000000000000
2026/10/01 09:24:36.711, 76, 96.99 W, 68 %, 1875 MHz, 0x0000000000000000
2026/10/01 09:24:46.728, 78, 135.04 W, 27 %, 1875 MHz, 0x0000000000000000
2026/10/01 09:24:56.746, 76, 97.43 W, 67 %, 1875 MHz, 0x0000000000000000
2026/10/01 09:25:06.762, 78, 136.38 W, 61 %, 1875 MHz, 0x0000000000000000
2026/10/01 09:25:16.779, 76, 95.50 W, 67 %, 1875 MHz, 0x0000000000000000
2026/10/01 09:25:26.796, 78, 137.01 W, 94 %, 1875 MHz, 0x0000000000000000
2026/10/01 09:25:36.814, 76, 96.94 W, 67 %, 1875 MHz, 0x0000000000000000
2026/10/01 09:25:46.833, 78, 135.25 W, 31 %, 1875 MHz, 0x0000000000000000
2026/10/01 09:25:56.851, 76, 96.43 W, 67 %, 1875 MHz, 0x0000000000000000
2026/10/01 09:26:06.868, 78, 83.55 W, 71 %, 1875 MHz, 0x0000000000000000
2026/10/01 09:26:16.885, 76, 96.54 W, 67 %, 1875 MHz, 0x0000000000000000
2026/10/01 09:26:26.902, 76, 82.44 W, 99 %, 1875 MHz, 0x0000000000000000
2026/10/01 09:26:36.917, 76, 96.08 W, 67 %, 1875 MHz, 0x0000000000000000
2026/10/01 09:26:46.936, 76, 82.16 W, 99 %, 1875 MHz, 0x0000000000000000
2026/10/01 09:26:56.951, 76, 97.74 W, 68 %, 1875 MHz, 0x0000000000000000
2026/10/01 09:27:06.967, 75, 95.75 W, 72 %, 1875 MHz, 0x0000000000000000
2026/10/01 09:27:16.985, 76, 82.58 W, 68 %, 1875 MHz, 0x0000000000000000
2026/10/01 09:27:27.000, 76, 95.93 W, 36 %, 1875 MHz, 0x0000000000000000
2026/10/01 09:27:37.018, 75, 82.84 W, 67 %, 1875 MHz, 0x0000000000000000
2026/10/01 09:27:47.033, 76, 96.29 W, 13 %, 1875 MHz, 0x0000000000000000
2026/10/01 09:27:57.049, 75, 120.73 W, 50 %, 1875 MHz, 0x0000000000000000
2026/10/01 09:28:07.067, 76, 96.08 W, 38 %, 1875 MHz, 0x0000000000000000
2026/10/01 09:28:17.085, 77, 131.58 W, 23 %, 1875 MHz, 0x0000000000000000
2026/10/01 09:28:27.102, 76, 95.74 W, 63 %, 1875 MHz, 0x0000000000000000
2026/10/01 09:28:37.119, 78, 135.20 W, 19 %, 1875 MHz, 0x0000000000000000
2026/10/01 09:28:47.136, 76, 95.69 W, 67 %, 1875 MHz, 0x0000000000000000
2026/10/01 09:28:57.155, 78, 134.44 W, 55 %, 1875 MHz, 0x0000000000000000
2026/10/01 09:29:07.173, 76, 95.81 W, 66 %, 1875 MHz, 0x0000000000000000
2026/10/01 09:29:17.190, 78, 132.81 W, 95 %, 1875 MHz, 0x0000000000000000
2026/10/01 09:29:27.207, 76, 95.76 W, 67 %, 1875 MHz, 0x0000000000000000
2026/10/01 09:29:37.225, 76, 83.08 W, 99 %, 1875 MHz, 0x0000000000000000
2026/10/01 09:29:47.243, 76, 96.14 W, 68 %, 1875 MHz, 0x0000000000000000
2026/10/01 09:29:57.261, 76, 83.36 W, 78 %, 1875 MHz, 0x0000000000000000
2026/10/01 09:30:07.276, 76, 95.67 W, 68 %, 1875 MHz, 0x0000000000000000
2026/10/01 09:30:17.294, 75, 105.04 W, 46 %, 1875 MHz, 0x0000000000000000
2026/10/01 09:30:27.313, 76, 89.27 W, 67 %, 1875 MHz, 0x0000000000000000
2026/10/01 09:30:37.329, 76, 96.41 W, 18 %, 1875 MHz, 0x0000000000000000
2026/10/01 09:30:47.348, 75, 82.05 W, 59 %, 1875 MHz, 0x0000000000000000
2026/10/01 09:30:57.364, 76, 97.02 W, 25 %, 1875 MHz, 0x0000000000000000
2026/10/01 09:31:07.380, 75, 81.82 W, 39 %, 1875 MHz, 0x0000000000000000
2026/10/01 09:31:17.397, 76, 96.32 W, 51 %, 1875 MHz, 0x0000000000000000
2026/10/01 09:31:27.414, 76, 134.06 W, 14 %, 1875 MHz, 0x0000000000000000
2026/10/01 09:31:37.431, 76, 96.35 W, 68 %, 1875 MHz, 0x0000000000000000
2026/10/01 09:31:47.448, 77, 134.01 W, 43 %, 1875 MHz, 0x0000000000000000
2026/10/01 09:31:57.465, 76, 95.88 W, 67 %, 1875 MHz, 0x0000000000000000
2026/10/01 09:32:07.484, 78, 134.05 W, 82 %, 1875 MHz, 0x0000000000000000
2026/10/01 09:32:17.502, 76, 95.81 W, 67 %, 1875 MHz, 0x0000000000000000
2026/10/01 09:32:27.520, 78, 133.13 W, 99 %, 1875 MHz, 0x0000000000000000
2026/10/01 09:32:37.541, 76, 96.19 W, 67 %, 1875 MHz, 0x0000000000000000
2026/10/01 09:32:47.557, 78, 114.85 W, 93 %, 1875 MHz, 0x0000000000000000
2026/10/01 09:32:57.577, 76, 95.73 W, 67 %, 1875 MHz, 0x0000000000000000
2026/10/01 09:33:07.595, 78, 82.57 W, 87 %, 1875 MHz, 0x0000000000000000
2026/10/01 09:33:17.614, 76, 95.99 W, 66 %, 1875 MHz, 0x0000000000000000
2026/10/01 09:33:27.630, 76, 82.30 W, 99 %, 1875 MHz, 0x0000000000000000
2026/10/01 09:33:37.648, 76, 96.21 W, 67 %, 1875 MHz, 0x0000000000000000
2026/10/01 09:33:47.666, 75, 97.86 W, 94 %, 1875 MHz, 0x0000000000000000
2026/10/01 09:33:57.682, 76, 82.45 W, 68 %, 1875 MHz, 0x0000000000000000
2026/10/01 09:34:07.700, 76, 96.06 W, 52 %, 1875 MHz, 0x0000000000000000
2026/10/01 09:34:17.716, 76, 82.27 W, 67 %, 1875 MHz, 0x0000000000000000
2026/10/01 09:34:27.735, 76, 95.78 W, 19 %, 1875 MHz, 0x0000000000000000
2026/10/01 09:34:37.752, 75, 82.11 W, 65 %, 1875 MHz, 0x0000000000000000
2026/10/01 09:34:47.772, 76, 97.05 W, 23 %, 1875 MHz, 0x0000000000000000
2026/10/01 09:34:57.788, 77, 135.13 W, 39 %, 1875 MHz, 0x0000000000000000
2026/10/01 09:35:07.805, 76, 96.25 W, 49 %, 1875 MHz, 0x0000000000000000
2026/10/01 09:35:17.824, 78, 135.57 W, 13 %, 1875 MHz, 0x0000000000000000
2026/10/01 09:35:27.843, 76, 95.75 W, 67 %, 1875 MHz, 0x0000000000000000
2026/10/01 09:35:37.860, 78, 136.26 W, 28 %, 1875 MHz, 0x0000000000000000
2026/10/01 09:35:47.876, 76, 83.12 W, 67 %, 1875 MHz, 0x0000000000000000
2026/10/01 09:35:57.893, 76, 96.26 W, 39 %, 1875 MHz, 0x0000000000000000
2026/10/01 09:36:07.912, 75, 82.50 W, 67 %, 1875 MHz, 0x0000000000000000
2026/10/01 09:36:17.927, 76, 96.01 W, 14 %, 1875 MHz, 0x0000000000000000
2026/10/01 09:36:27.944, 75, 82.28 W, 53 %, 1875 MHz, 0x0000000000000000
2026/10/01 09:36:37.962, 76, 96.09 W, 35 %, 1875 MHz, 0x0000000000000000
2026/10/01 09:36:47.978, 75, 135.21 W, 30 %, 1875 MHz, 0x0000000000000000
2026/10/01 09:36:57.995, 76, 95.90 W, 57 %, 1875 MHz, 0x0000000000000000
2026/10/01 09:37:08.012, 77, 135.43 W, 17 %, 1875 MHz, 0x0000000000000000
2026/10/01 09:37:18.032, 76, 95.97 W, 67 %, 1875 MHz, 0x0000000000000000
2026/10/01 09:37:28.048, 78, 134.14 W, 51 %, 1875 MHz, 0x0000000000000000
2026/10/01 09:37:38.067, 76, 95.86 W, 67 %, 1875 MHz, 0x0000000000000000
2026/10/01 09:37:48.086, 78, 135.11 W, 90 %, 1875 MHz, 0x0000000000000000
2026/10/01 09:37:58.103, 76, 96.04 W, 67 %, 1875 MHz, 0x0000000000000000
2026/10/01 09:38:08.120, 78, 87.54 W, 99 %, 1875 MHz, 0x0000000000000000
2026/10/01 09:38:18.136, 76, 95.90 W, 67 %, 1875 MHz, 0x0000000000000000
2026/10/01 09:38:28.154, 78, 83.32 W, 88 %, 1875 MHz, 0x0000000000000000
2026/10/01 09:38:38.171, 76, 96.14 W, 67 %, 1875 MHz, 0x0000000000000000
2026/10/01 09:38:48.190, 76, 82.99 W, 53 %, 1875 MHz, 0x0000000000000000
2026/10/01 09:38:58.205, 76, 95.05 W, 67 %, 1875 MHz, 0x0000000000000000
2026/10/01 09:39:08.221, 75, 96.98 W, 16 %, 1875 MHz, 0x0000000000000000
2026/10/01 09:39:18.241, 75, 82.40 W, 54 %, 1875 MHz, 0x0000000000000000
2026/10/01 09:39:28.257, 76, 97.29 W, 36 %, 1875 MHz, 0x0000000000000000
2026/10/01 09:39:38.274, 75, 82.48 W, 24 %, 1875 MHz, 0x0000000000000000
2026/10/01 09:39:48.290, 76, 97.49 W, 64 %, 1875 MHz, 0x0000000000000000
2026/10/01 09:39:58.306, 77, 134.86 W, 23 %, 1875 MHz, 0x0000000000000000
2026/10/01 09:40:08.325, 76, 97.96 W, 67 %, 1875 MHz, 0x0000000000000000
2026/10/01 09:40:18.341, 78, 135.09 W, 61 %, 1875 MHz, 0x0000000000000000
2026/10/01 09:40:28.359, 76, 96.68 W, 66 %, 1875 MHz, 0x0000000000000000
2026/10/01 09:40:38.377, 78, 134.49 W, 97 %, 1875 MHz, 0x0000000000000000
2026/10/01 09:40:48.395, 76, 96.79 W, 67 %, 1875 MHz, 0x0000000000000000
2026/10/01 09:40:58.414, 78, 132.49 W, 35 %, 1875 MHz, 0x0000000000000000
2026/10/01 09:41:08.433, 76, 95.90 W, 67 %, 1875 MHz, 0x0000000000000000
2026/10/01 09:41:18.451, 78, 83.36 W, 74 %, 1875 MHz, 0x0000000000000000
2026/10/01 09:41:28.466, 76, 97.40 W, 67 %, 1875 MHz, 0x0000000000000000
2026/10/01 09:41:38.484, 76, 82.30 W, 99 %, 1875 MHz, 0x0000000000000000
2026/10/01 09:41:48.501, 76, 95.95 W, 67 %, 1875 MHz, 0x0000000000000000
2026/10/01 09:41:58.519, 75, 82.38 W, 99 %, 1875 MHz, 0x0000000000000000
2026/10/01 09:42:08.537, 76, 90.62 W, 67 %, 1875 MHz, 0x0000000000000000
2026/10/01 09:42:18.554, 76, 96.28 W, 67 %, 1875 MHz, 0x0000000000000000
2026/10/01 09:42:28.571, 76, 83.22 W, 67 %, 1875 MHz, 0x0000000000000000
2026/10/01 09:42:38.588, 76, 95.51 W, 31 %, 1875 MHz, 0x0000000000000000
2026/10/01 09:42:48.607, 75, 81.99 W, 67 %, 1875 MHz, 0x0000000000000000
2026/10/01 09:42:58.623, 76, 96.00 W, 19 %, 1875 MHz, 0x0000000000000000
2026/10/01 09:43:08.640, 75, 134.08 W, 45 %, 1875 MHz, 0x0000000000000000
2026/10/01 09:43:18.660, 76, 95.71 W, 45 %, 1875 MHz, 0x0000000000000000
2026/10/01 09:43:28.676, 77, 134.33 W, 18 %, 1875 MHz, 0x0000000000000000
2026/10/01 09:43:38.698, 76, 95.81 W, 68 %, 1875 MHz, 0x0000000000000000
2026/10/01 09:43:48.715, 77, 135.19 W, 22 %, 1875 MHz, 0x0000000000000000
2026/10/01 09:43:58.736, 76, 95.69 W, 67 %, 1875 MHz, 0x0000000000000000
2026/10/01 09:44:08.755, 78, 131.97 W, 57 %, 1875 MHz, 0x0000000000000000
2026/10/01 09:44:18.774, 76, 95.89 W, 67 %, 1875 MHz, 0x0000000000000000
2026/10/01 09:44:28.791, 78, 133.48 W, 94 %, 1875 MHz, 0x0000000000000000
2026/10/01 09:44:38.808, 76, 96.08 W, 67 %, 1875 MHz, 0x0000000000000000
2026/10/01 09:44:48.825, 76, 82.81 W, 99 %, 1875 MHz, 0x0000000000000000
2026/10/01 09:44:58.841, 76, 95.87 W, 67 %, 1875 MHz, 0x0000000000000000
2026/10/01 09:45:08.860, 76, 82.61 W, 81 %, 1875 MHz, 0x0000000000000000
2026/10/01 09:45:18.875, 76, 95.50 W, 67 %, 1875 MHz, 0x0000000000000000
2026/10/01 09:45:28.893, 75, 100.52 W, 46 %, 1875 MHz, 0x0000000000000000
2026/10/01 09:45:38.910, 76, 88.07 W, 68 %, 1875 MHz, 0x0000000000000000
2026/10/01 09:45:48.926, 76, 96.21 W, 18 %, 1875 MHz, 0x0000000000000000
2026/10/01 09:45:58.943, 75, 82.00 W, 59 %, 1875 MHz, 0x0000000000000000
2026/10/01 09:46:08.961, 76, 96.39 W, 31 %, 1875 MHz, 0x0000000000000000
2026/10/01 09:46:18.979, 75, 82.60 W, 33 %, 1875 MHz, 0x0000000000000000
2026/10/01 09:46:28.994, 76, 96.22 W, 54 %, 1875 MHz, 0x0000000000000000
2026/10/01 09:46:39.011, 75, 133.20 W, 12 %, 1875 MHz, 0x0000000000000000
2026/10/01 09:46:49.029, 76, 96.34 W, 68 %, 1875 MHz, 0x0000000000000000
2026/10/01 09:46:59.046, 77, 134.85 W, 41 %, 1875 MHz, 0x0000000000000000
2026/10/01 09:47:09.063, 76, 95.99 W, 66 %, 1875 MHz, 0x0000000000000000
2026/10/01 09:47:19.080, 78, 134.90 W, 67 %, 1875 MHz, 0x0000000000000000
2026/10/01 09:47:29.099, 76, 96.14 W, 67 %, 1875 MHz, 0x0000000000000000
2026/10/01 09:47:39.117, 78, 131.31 W, 99 %, 1875 MHz, 0x0000000000000000
2026/10/01 09:47:49.135, 76, 96.04 W, 67 %, 1875 MHz, 0x0000000000000000
2026/10/01 09:47:59.154, 78, 133.90 W, 99 %, 1875 MHz, 0x0000000000000000
2026/10/01 09:48:09.174, 76, 95.71 W, 67 %, 1875 MHz, 0x0000000000000000
2026/10/01 09:48:19.191, 78, 83.15 W, 80 %, 1875 MHz, 0x0000000000000000
2026/10/01 09:48:29.209, 76, 96.17 W, 68 %, 1875 MHz, 0x0000000000000000
2026/10/01 09:48:39.228, 76, 82.49 W, 40 %, 1875 MHz, 0x0000000000000000
2026/10/01 09:48:49.244, 76, 96.40 W, 67 %, 1875 MHz, 0x0000000000000000
2026/10/01 09:48:59.262, 76, 95.15 W, 99 %, 1875 MHz, 0x0000000000000000
2026/10/01 09:49:09.281, 75, 85.53 W, 67 %, 1875 MHz, 0x0000000000000000
2026/10/01 09:49:19.298, 76, 97.01 W, 71 %, 1875 MHz, 0x0000000000000000
2026/10/01 09:49:29.315, 75, 82.31 W, 67 %, 1875 MHz, 0x0000000000000000
2026/10/01 09:49:39.331, 76, 97.11 W, 33 %, 1875 MHz, 0x0000000000000000
2026/10/01 09:49:49.349, 75, 82.33 W, 68 %, 1875 MHz, 0x0000000000000000
2026/10/01 09:49:59.364, 76, 97.01 W, 19 %, 1875 MHz, 0x0000000000000000
2026/10/01 09:50:09.382, 77, 134.67 W, 43 %, 1875 MHz, 0x0000000000000000
2026/10/01 09:50:19.402, 76, 96.63 W, 44 %, 1875 MHz, 0x0000000000000000
2026/10/01 09:50:29.419, 78, 134.06 W, 21 %, 1875 MHz, 0x0000000000000000
2026/10/01 09:50:39.438, 76, 97.36 W, 63 %, 1875 MHz, 0x0000000000000000
2026/10/01 09:50:49.456, 78, 133.80 W, 20 %, 1875 MHz, 0x0000000000000000
2026/10/01 09:50:59.473, 76, 96.45 W, 68 %, 1875 MHz, 0x0000000000000000
2026/10/01 09:51:09.490, 78, 133.68 W, 59 %, 1875 MHz, 0x0000000000000000
2026/10/01 09:51:19.509, 76, 96.65 W, 66 %, 1875 MHz, 0x0000000000000000
2026/10/01 09:51:29.526, 78, 134.33 W, 91 %, 1875 MHz, 0x0000000000000000
2026/10/01 09:51:39.542, 76, 96.81 W, 67 %, 1875 MHz, 0x0000000000000000
2026/10/01 09:51:49.560, 78, 82.74 W, 99 %, 1875 MHz, 0x0000000000000000
2026/10/01 09:51:59.577, 76, 97.33 W, 68 %, 1875 MHz, 0x0000000000000000
2026/10/01 09:52:09.593, 76, 82.68 W, 86 %, 1875 MHz, 0x0000000000000000
2026/10/01 09:52:19.608, 76, 97.61 W, 67 %, 1875 MHz, 0x0000000000000000
2026/10/01 09:52:29.626, 75, 95.60 W, 55 %, 1875 MHz, 0x0000000000000000
2026/10/01 09:52:39.642, 76, 84.44 W, 67 %, 1875 MHz, 0x0000000000000000
2026/10/01 09:52:49.659, 76, 96.45 W, 23 %, 1875 MHz, 0x0000000000000000
2026/10/01 09:52:59.676, 76, 83.75 W, 67 %, 1875 MHz, 0x0000000000000000
2026/10/01 09:53:09.691, 76, 95.89 W, 20 %, 1875 MHz, 0x0000000000000000
2026/10/01 09:53:19.709, 75, 82.40 W, 41 %, 1875 MHz, 0x0000000000000000
2026/10/01 09:53:29.726, 76, 96.23 W, 49 %, 1875 MHz, 0x0000000000000000
2026/10/01 09:53:39.742, 75, 133.64 W, 15 %, 1875 MHz, 0x0000000000000000
2026/10/01 09:53:49.761, 76, 96.16 W, 67 %, 1875 MHz, 0x0000000000000000
2026/10/01 09:53:59.780, 78, 135.92 W, 26 %, 1875 MHz, 0x0000000000000000
2026/10/01 09:54:09.797, 76, 96.04 W, 67 %, 1875 MHz, 0x0000000000000000
2026/10/01 09:54:19.814, 78, 133.98 W, 57 %, 1875 MHz, 0x0000000000000000
2026/10/01 09:54:29.834, 76, 95.88 W, 67 %, 1875 MHz, 0x0000000000000000
2026/10/01 09:54:39.852, 78, 131.77 W, 93 %, 1875 MHz, 0x0000000000000000
2026/10/01 09:54:49.869, 76, 96.35 W, 67 %, 1875 MHz, 0x0000000000000000
2026/10/01 09:54:59.886, 78, 132.44 W, 99 %, 1875 MHz, 0x0000000000000000
2026/10/01 09:55:09.905, 76, 96.32 W, 68 %, 1875 MHz, 0x0000000000000000
2026/10/01 09:55:19.923, 76, 82.90 W, 88 %, 1875 MHz, 0x0000000000000000
2026/10/01 09:55:29.941, 76, 96.45 W, 67 %, 1875 MHz, 0x0000000000000000
2026/10/01 09:55:39.959, 76, 82.48 W, 54 %, 1875 MHz, 0x0000000000000000
2026/10/01 09:55:49.976, 76, 96.18 W, 67 %, 1875 MHz, 0x0000000000000000
2026/10/01 09:55:59.993, 75, 104.11 W, 17 %, 1875 MHz, 0x0000000000000000
2026/10/01 09:56:10.009, 76, 82.90 W, 62 %, 1875 MHz, 0x0000000000000000
2026/10/01 09:56:20.026, 76, 96.26 W, 24 %, 1875 MHz, 0x0000000000000000
2026/10/01 09:56:30.042, 75, 82.20 W, 67 %, 1875 MHz, 0x0000000000000000
2026/10/01 09:56:40.060, 76, 96.55 W, 45 %, 1875 MHz, 0x0000000000000000
2026/10/01 09:56:50.078, 75, 81.90 W, 67 %, 1875 MHz, 0x0000000000000000
2026/10/01 09:57:00.093, 76, 95.73 W, 19 %, 1875 MHz, 0x0000000000000000
2026/10/01 09:57:10.110, 75, 109.76 W, 65 %, 1875 MHz, 0x0000000000000000
2026/10/01 09:57:20.130, 76, 95.89 W, 23 %, 1875 MHz, 0x0000000000000000
2026/10/01 09:57:30.148, 77, 131.38 W, 39 %, 1875 MHz, 0x0000000000000000
2026/10/01 09:57:40.166, 76, 96.00 W, 47 %, 1875 MHz, 0x0000000000000000
2026/10/01 09:57:50.184, 77, 133.71 W, 20 %, 1875 MHz, 0x0000000000000000
2026/10/01 09:58:00.201, 76, 95.68 W, 64 %, 1875 MHz, 0x0000000000000000
2026/10/01 09:58:10.219, 78, 135.22 W, 23 %, 1875 MHz, 0x0000000000000000
2026/10/01 09:58:20.237, 76, 96.11 W, 67 %, 1875 MHz, 0x0000000000000000
2026/10/01 09:58:30.253, 78, 133.77 W, 57 %, 1875 MHz, 0x0000000000000000
2026/10/01 09:58:40.271, 76, 96.29 W, 67 %, 1875 MHz, 0x0000000000000000
2026/10/01 09:58:50.290, 76, 95.63 W, 92 %, 1875 MHz, 0x0000000000000000
2026/10/01 09:59:00.305, 76, 95.99 W, 66 %, 1875 MHz, 0x0000000000000000
2026/10/01 09:59:10.323, 76, 83.13 W, 99 %, 1875 MHz, 0x0000000000000000
2026/10/01 09:59:20.341, 76, 96.19 W, 67 %, 1875 MHz, 0x0000000000000000
2026/10/01 09:59:30.357, 76, 82.67 W, 98 %, 1875 MHz, 0x0000000000000000
2026/10/01 09:59:40.377, 76, 96.22 W, 67 %, 1875 MHz, 0x0000000000000000
2026/10/01 09:59:50.394, 76, 100.87 W, 63 %, 1875 MHz, 0x0000000000000000
2026/10/01 10:00:00.410, 76, 83.18 W, 67 %, 1875 MHz, 0x0000000000000000
2026/10/01 10:00:10.426, 76, 96.36 W, 25 %, 1875 MHz, 0x0000000000000000
2026/10/01 10:00:20.444, 75, 82.26 W, 67 %, 1875 MHz, 0x0000000000000000
2026/10/01 10:00:30.459, 76, 96.15 W, 22 %, 1875 MHz, 0x0000000000000000
2026/10/01 10:00:40.476, 75, 82.44 W, 43 %, 1875 MHz, 0x0000000000000000
2026/10/01 10:00:50.493, 76, 96.15 W, 43 %, 1875 MHz, 0x0000000000000000
2026/10/01 10:01:00.512, 76, 133.55 W, 22 %, 1875 MHz, 0x0000000000000000
2026/10/01 10:01:10.531, 76, 95.61 W, 63 %, 1875 MHz, 0x0000000000000000
2026/10/01 10:01:20.548, 77, 131.38 W, 18 %, 1875 MHz, 0x0000000000000000
2026/10/01 10:01:30.565, 76, 96.90 W, 67 %, 1875 MHz, 0x0000000000000000
2026/10/01 10:01:40.583, 78, 133.98 W, 52 %, 1875 MHz, 0x0000000000000000
2026/10/01 10:01:50.600, 76, 96.45 W, 67 %, 1875 MHz, 0x0000000000000000
2026/10/01 10:02:00.618, 78, 133.16 W, 83 %, 1875 MHz, 0x0000000000000000
2026/10/01 10:02:10.636, 76, 96.81 W, 66 %, 1875 MHz, 0x0000000000000000
2026/10/01 10:02:20.653, 78, 133.99 W, 66 %, 1875 MHz, 0x0000000000000000
2026/10/01 10:02:30.672, 76, 95.98 W, 67 %, 1875 MHz, 0x0000000000000000
2026/10/01 10:02:40.688, 78, 131.01 W, 99 %, 1875 MHz, 0x0000000000000000
2026/10/01 10:02:50.705, 76, 96.53 W, 67 %, 1875 MHz, 0x0000000000000000
2026/10/01 10:03:00.724, 78, 132.94 W, 99 %, 1875 MHz, 0x0000000000000000
2026/10/01 10:03:10.742, 76, 95.64 W, 67 %, 1875 MHz, 0x0000000000000000
2026/10/01 10:03:20.760, 78, 83.10 W, 83 %, 1875 MHz, 0x0000000000000000
2026/10/01 10:03:30.776, 76, 96.77 W, 67 %, 1875 MHz, 0x0000000000000000
2026/10/01 10:03:40.793, 77, 82.39 W, 49 %, 1875 MHz, 0x0000000000000000
2026/10/01 10:03:50.811, 76, 97.14 W, 66 %, 1875 MHz, 0x0000000000000000
2026/10/01 10:04:00.829, 76, 82.49 W, 18 %, 1875 MHz, 0x0000000000000000
2026/10/01 10:04:10.844, 76, 94.73 W, 67 %, 1875 MHz, 0x0000000000000000
2026/10/01 10:04:20.862, 76, 96.26 W, 83 %, 1875 MHz, 0x0000000000000000
2026/10/01 10:04:30.878, 75, 83.33 W, 67 %, 1875 MHz, 0x0000000000000000
2026/10/01 10:04:40.895, 76, 95.97 W, 50 %, 1875 MHz, 0x0000000000000000
2026/10/01 10:04:50.913, 75, 82.32 W, 67 %, 1875 MHz, 0x0000000000000000
2026/10/01 10:05:00.928, 76, 95.95 W, 20 %, 1875 MHz, 0x0000000000000000
2026/10/01 10:05:10.945, 75, 83.46 W, 67 %, 1875 MHz, 0x0000000000000000
2026/10/01 10:05:20.963, 76, 95.86 W, 18 %, 1875 MHz, 0x0000000000000000
2026/10/01 10:05:30.979, 77, 133.00 W, 46 %, 1875 MHz, 0x0000000000000000
2026/10/01 10:05:41.001, 76, 95.97 W, 39 %, 1875 MHz, 0x0000000000000000
2026/10/01 10:05:51.018, 77, 134.88 W, 25 %, 1875 MHz, 0x0000000000000000
2026/10/01 10:06:01.036, 76, 96.35 W, 61 %, 1875 MHz, 0x0000000000000000
2026/10/01 10:06:11.052, 78, 132.96 W, 14 %, 1875 MHz, 0x0000000000000000
2026/10/01 10:06:21.070, 76, 96.75 W, 67 %, 1875 MHz, 0x0000000000000000
2026/10/01 10:06:31.086, 78, 131.15 W, 48 %, 1875 MHz, 0x0000000000000000
2026/10/01 10:06:41.103, 76, 95.71 W, 66 %, 1875 MHz, 0x0000000000000000
2026/10/01 10:06:51.122, 78, 132.76 W, 84 %, 1875 MHz, 0x0000000000000000
2026/10/01 10:07:01.141, 76, 95.82 W, 67 %, 1875 MHz, 0x0000000000000000
2026/10/01 10:07:11.157, 78, 82.93 W, 99 %, 1875 MHz, 0x0000000000000000
2026/10/01 10:07:21.178, 76, 95.56 W, 67 %, 1875 MHz, 0x0000000000000000
2026/10/01 10:07:31.194, 76, 82.21 W, 99 %, 1875 MHz, 0x0000000000000000
2026/10/01 10:07:41.210, 76, 96.18 W, 67 %, 1875 MHz, 0x0000000000000000
2026/10/01 10:07:51.228, 76, 82.44 W, 69 %, 1875 MHz, 0x0000000000000000
2026/10/01 10:08:01.246, 76, 95.62 W, 67 %, 1875 MHz, 0x0000000000000000
2026/10/01 10:08:11.264, 75, 96.08 W, 42 %, 1875 MHz, 0x0000000000000000
2026/10/01 10:08:21.281, 76, 82.44 W, 67 %, 1875 MHz, 0x0000000000000000
2026/10/01 10:08:31.297, 76, 96.14 W, 15 %, 1875 MHz, 0x0000000000000000
2026/10/01 10:08:41.316, 76, 82.11 W, 59 %, 1875 MHz, 0x0000000000000000
2026/10/01 10:08:51.335, 76, 95.62 W, 26 %, 1875 MHz, 0x0000000000000000
2026/10/01 10:09:01.352, 75, 82.39 W, 39 %, 1875 MHz, 0x0000000000000000
2026/10/01 10:09:11.367, 76, 95.93 W, 46 %, 1875 MHz, 0x0000000000000000
2026/10/01 10:09:21.385, 77, 133.52 W, 18 %, 1875 MHz, 0x0000000000000000
2026/10/01 10:09:31.403, 76, 96.02 W, 66 %, 1875 MHz, 0x0000000000000000
2026/10/01 10:09:41.420, 78, 134.03 W, 27 %, 1875 MHz, 0x0000000000000000
2026/10/01 10:09:51.439, 76, 96.29 W, 67 %, 1875 MHz, 0x0000000000000000
2026/10/01 10:10:01.457, 78, 133.24 W, 58 %, 1875 MHz, 0x0000000000000000
2026/10/01 10:10:11.474, 76, 96.14 W, 68 %, 1875 MHz, 0x0000000000000000
2026/10/01 10:10:21.490, 78, 131.37 W, 86 %, 1875 MHz, 0x0000000000000000
2026/10/01 10:10:31.508, 76, 96.41 W, 66 %, 1875 MHz, 0x0000000000000000
2026/10/01 10:10:41.526, 78, 133.86 W, 99 %, 1875 MHz, 0x0000000000000000
2026/10/01 10:10:51.544, 76, 95.76 W, 66 %, 1875 MHz, 0x0000000000000000
2026/10/01 10:11:01.562, 78, 100.98 W, 99 %, 1875 MHz, 0x0000000000000000
2026/10/01 10:11:11.579, 76, 95.98 W, 67 %, 1875 MHz, 0x0000000000000000
2026/10/01 10:11:21.596, 76, 82.80 W, 65 %, 1875 MHz, 0x0000000000000000
2026/10/01 10:11:31.613, 76, 95.90 W, 67 %, 1875 MHz, 0x0000000000000000
2026/10/01 10:11:41.631, 76, 82.62 W, 43 %, 1875 MHz, 0x0000000000000000
2026/10/01 10:11:51.646, 76, 96.51 W, 67 %, 1875 MHz, 0x0000000000000000
2026/10/01 10:12:01.664, 75, 83.38 W, 99 %, 1875 MHz, 0x0000000000000000
2026/10/01 10:12:11.680, 76, 89.50 W, 67 %, 1875 MHz, 0x0000000000000000
2026/10/01 10:12:21.697, 76, 96.58 W, 73 %, 1875 MHz, 0x0000000000000000
2026/10/01 10:12:31.716, 76, 82.26 W, 67 %, 1875 MHz, 0x0000000000000000
2026/10/01 10:12:41.732, 76, 96.65 W, 42 %, 1875 MHz, 0x0000000000000000
2026/10/01 10:12:51.748, 75, 82.53 W, 67 %, 1875 MHz, 0x0000000000000000
2026/10/01 10:13:01.766, 76, 95.82 W, 17 %, 1875 MHz, 0x0000000000000000
2026/10/01 10:13:11.783, 75, 131.40 W, 58 %, 1875 MHz, 0x0000000000000000
2026/10/01 10:13:21.801, 76, 97.11 W, 27 %, 1875 MHz, 0x0000000000000000
2026/10/01 10:13:31.819, 75, 132.51 W, 39 %, 1875 MHz, 0x0000000000000000
2026/10/01 10:13:41.838, 76, 96.65 W, 45 %, 1875 MHz, 0x0000000000000000
2026/10/01 10:13:51.855, 78, 133.36 W, 20 %, 1875 MHz, 0x0000000000000000
2026/10/01 10:14:01.874, 76, 97.67 W, 65 %, 1875 MHz, 0x0000000000000000
2026/10/01 10:14:11.890, 78, 133.87 W, 21 %, 1875 MHz, 0x0000000000000000
2026/10/01 10:14:21.907, 76, 97.00 W, 67 %, 1875 MHz, 0x0000000000000000
2026/10/01 10:14:31.924, 78, 132.22 W, 54 %, 1875 MHz, 0x0000000000000000
2026/10/01 10:14:41.943, 76, 96.81 W, 67 %, 1875 MHz, 0x0000000000000000
2026/10/01 10:14:51.962, 78, 131.71 W, 87 %, 1875 MHz, 0x0000000000000000
2026/10/01 10:15:01.980, 76, 96.29 W, 67 %, 1875 MHz, 0x0000000000000000
2026/10/01 10:15:11.997, 77, 82.99 W, 99 %, 1875 MHz, 0x0000000000000000
2026/10/01 10:15:22.013, 76, 96.41 W, 67 %, 1875 MHz, 0x0000000000000000
2026/10/01 10:15:32.030, 76, 82.61 W, 99 %, 1875 MHz, 0x0000000000000000
2026/10/01 10:15:42.045, 76, 97.40 W, 66 %, 1875 MHz, 0x0000000000000000
2026/10/01 10:15:52.064, 76, 82.52 W, 66 %, 1875 MHz, 0x0000000000000000
2026/10/01 10:16:02.081, 77, 130.80 W, 16 %, 1875 MHz, 0x0000000000000000
2026/10/01 10:16:12.097, 76, 96.00 W, 66 %, 1875 MHz, 0x0000000000000000
2026/10/01 10:16:22.115, 78, 132.98 W, 25 %, 1875 MHz, 0x0000000000000000
2026/10/01 10:16:32.133, 76, 96.09 W, 67 %, 1875 MHz, 0x0000000000000000
2026/10/01 10:16:42.149, 78, 132.29 W, 57 %, 1875 MHz, 0x0000000000000000
2026/10/01 10:16:52.168, 76, 96.18 W, 67 %, 1875 MHz, 0x0000000000000000
2026/10/01 10:17:02.187, 78, 130.84 W, 88 %, 1875 MHz, 0x0000000000000000
2026/10/01 10:17:12.203, 76, 96.25 W, 67 %, 1875 MHz, 0x0000000000000000
2026/10/01 10:17:22.220, 78, 132.70 W, 99 %, 1875 MHz, 0x0000000000000000
2026/10/01 10:17:32.237, 76, 95.65 W, 67 %, 1875 MHz, 0x0000000000000000
2026/10/01 10:17:42.255, 78, 83.32 W, 99 %, 1875 MHz, 0x0000000000000000
2026/10/01 10:17:52.274, 76, 95.93 W, 67 %, 1875 MHz, 0x0000000000000000
2026/10/01 10:18:02.293, 77, 83.34 W, 70 %, 1875 MHz, 0x0000000000000000
2026/10/01 10:18:12.308, 76, 96.17 W, 67 %, 1875 MHz, 0x0000000000000000
2026/10/01 10:18:22.324, 76, 82.47 W, 40 %, 1875 MHz, 0x0000000000000000
2026/10/01 10:18:32.340, 76, 95.94 W, 67 %, 1875 MHz, 0x0000000000000000
2026/10/01 10:18:42.361, 76, 96.46 W, 16 %, 1875 MHz, 0x0000000000000000
2026/10/01 10:18:52.378, 75, 82.54 W, 58 %, 1875 MHz, 0x0000000000000000
2026/10/01 10:19:02.395, 76, 96.37 W, 29 %, 1875 MHz, 0x0000000000000000
2026/10/01 10:19:12.412, 75, 82.44 W, 36 %, 1875 MHz, 0x0000000000000000
2026/10/01 10:19:22.427, 76, 96.06 W, 49 %, 1875 MHz, 0x0000000000000000
2026/10/01 10:19:32.451, 75, 82.59 W, 13 %, 1875 MHz, 0x0000000000000000
2026/10/01 10:19:42.469, 76, 95.77 W, 14 %, 1875 MHz, 0x0000000000000000
2026/10/01 10:19:52.488, 77, 132.16 W, 57 %, 1875 MHz, 0x0000000000000000
2026/10/01 10:20:02.505, 76, 96.48 W, 31 %, 1875 MHz, 0x0000000000000000
2026/10/01 10:20:12.521, 78, 135.24 W, 33 %, 1875 MHz, 0x0000000000000000
2026/10/01 10:20:22.540, 76, 96.11 W, 50 %, 1875 MHz, 0x0000000000000000
2026/10/01 10:20:32.558, 78, 132.95 W, 13 %, 1875 MHz, 0x0000000000000000
2026/10/01 10:20:42.575, 76, 96.66 W, 66 %, 1875 MHz, 0x0000000000000000
2026/10/01 10:20:52.592, 78, 131.67 W, 25 %, 1875 MHz, 0x0000000000000000
2026/10/01 10:21:02.610, 76, 96.35 W, 67 %, 1875 MHz, 0x0000000000000000
2026/10/01 10:21:12.627, 78, 132.55 W, 59 %, 1875 MHz, 0x0000000000000000
2026/10/01 10:21:22.645, 76, 96.53 W, 67 %, 1875 MHz, 0x0000000000000000
2026/10/01 10:21:32.662, 78, 114.24 W, 84 %, 1875 MHz, 0x0000000000000000
2026/10/01 10:21:42.677, 76, 96.02 W, 67 %, 1875 MHz, 0x0000000000000000
2026/10/01 10:21:52.694, 78, 82.73 W, 99 %, 1875 MHz, 0x0000000000000000
2026/10/01 10:22:02.711, 76, 96.13 W, 67 %, 1875 MHz, 0x0000000000000000
2026/10/01 10:22:12.727, 76, 82.65 W, 99 %, 1875 MHz, 0x0000000000000000
2026/10/01 10:22:22.743, 76, 95.84 W, 66 %, 1875 MHz, 0x0000000000000000
2026/10/01 10:22:32.760, 76, 90.81 W, 77 %, 1875 MHz, 0x0000000000000000
2026/10/01 10:22:42.777, 76, 96.04 W, 67 %, 1875 MHz, 0x0000000000000000
2026/10/01 10:22:52.794, 76, 96.76 W, 50 %, 1875 MHz, 0x0000000000000000
2026/10/01 10:23:02.812, 76, 82.54 W, 67 %, 1875 MHz, 0x0000000000000000
2026/10/01 10:23:12.827, 76, 96.20 W, 21 %, 1875 MHz, 0x0000000000000000
2026/10/01 10:23:22.845, 76, 82.16 W, 66 %, 1875 MHz, 0x0000000000000000
2026/10/01 10:23:32.860, 76, 96.70 W, 18 %, 1875 MHz, 0x0000000000000000
2026/10/01 10:23:42.880, 75, 82.14 W, 46 %, 1875 MHz, 0x0000000000000000
2026/10/01 10:23:52.898, 76, 96.48 W, 40 %, 1875 MHz, 0x0000000000000000
2026/10/01 10:24:02.915, 77, 132.48 W, 24 %, 1875 MHz, 0x0000000000000000
2026/10/01 10:24:12.932, 75, 82.80 W, 45 %, 1875 MHz, 0x0000000000000000
2026/10/01 10:24:22.947, 76, 95.62 W, 38 %, 1875 MHz, 0x0000000000000000
2026/10/01 10:24:32.965, 76, 130.57 W, 27 %, 1875 MHz, 0x0000000000000000
2026/10/01 10:24:42.983, 76, 95.98 W, 59 %, 1875 MHz, 0x0000000000000000
2026/10/01 10:24:52.999, 78, 131.41 W, 15 %, 1875 MHz, 0x0000000000000000
2026/10/01 10:25:03.018, 76, 96.25 W, 66 %, 1875 MHz, 0x0000000000000000
2026/10/01 10:25:13.036, 78, 132.24 W, 39 %, 1875 MHz, 0x0000000000000000
2026/10/01 10:25:23.054, 76, 95.91 W, 67 %, 1875 MHz, 0x0000000000000000
2026/10/01 10:25:33.072, 78, 133.91 W, 70 %, 1875 MHz, 0x0000000000000000
2026/10/01 10:25:43.091, 76, 96.26 W, 67 %, 1875 MHz, 0x0000000000000000
2026/10/01 10:25:53.107, 78, 131.13 W, 98 %, 1875 MHz, 0x0000000000000000
2026/10/01 10:26:03.125, 76, 96.00 W, 67 %, 1875 MHz, 0x0000000000000000
2026/10/01 10:26:13.143, 78, 131.92 W, 99 %, 1875 MHz, 0x0000000000000000
2026/10/01 10:26:23.161, 76, 96.07 W, 66 %, 1875 MHz, 0x0000000000000000
2026/10/01 10:26:33.182, 78, 83.82 W, 87 %, 1875 MHz, 0x0000000000000000
2026/10/01 10:26:43.200, 76, 95.58 W, 67 %, 1875 MHz, 0x0000000000000000
2026/10/01 10:26:53.217, 76, 84.27 W, 57 %, 1875 MHz, 0x0000000000000000
2026/10/01 10:27:03.233, 76, 95.71 W, 67 %, 1875 MHz, 0x0000000000000000
2026/10/01 10:27:13.249, 76, 84.50 W, 21 %, 1875 MHz, 0x0000000000000000
2026/10/01 10:27:23.265, 76, 95.93 W, 67 %, 1875 MHz, 0x0000000000000000
2026/10/01 10:27:33.281, 76, 96.44 W, 87 %, 1875 MHz, 0x0000000000000000
2026/10/01 10:27:43.298, 76, 82.35 W, 67 %, 1875 MHz, 0x0000000000000000
2026/10/01 10:27:53.314, 76, 96.99 W, 63 %, 1875 MHz, 0x0000000000000000
2026/10/01 10:28:03.332, 76, 82.14 W, 67 %, 1875 MHz, 0x0000000000000000
2026/10/01 10:28:13.350, 76, 96.14 W, 35 %, 1875 MHz, 0x0000000000000000
2026/10/01 10:28:23.368, 75, 82.11 W, 67 %, 1875 MHz, 0x0000000000000000
2026/10/01 10:28:33.384, 76, 96.64 W, 15 %, 1875 MHz, 0x0000000000000000
2026/10/01 10:28:43.407, 77, 130.76 W, 55 %, 1875 MHz, 0x0000000000000000
2026/10/01 10:28:53.424, 76, 95.64 W, 28 %, 1875 MHz, 0x0000000000000000
2026/10/01 10:29:03.441, 77, 131.39 W, 36 %, 1875 MHz, 0x0000000000000000
2026/10/01 10:29:13.460, 76, 96.84 W, 49 %, 1875 MHz, 0x0000000000000000
2026/10/01 10:29:23.477, 78, 132.01 W, 15 %, 1875 MHz, 0x0000000000000000
2026/10/01 10:29:33.494, 76, 97.74 W, 67 %, 1875 MHz, 0x0000000000000000
2026/10/01 10:29:43.512, 78, 132.91 W, 29 %, 1875 MHz, 0x0000000000000000
2026/10/01 10:29:53.530, 76, 95.72 W, 67 %, 1875 MHz, 0x0000000000000000
2026/10/01 10:30:03.548, 78, 132.06 W, 64 %, 1875 MHz, 0x0000000000000000
2026/10/01 10:30:13.567, 76, 97.02 W, 67 %, 1875 MHz, 0x0000000000000000
2026/10/01 10:30:23.585, 78, 131.94 W, 96 %, 1875 MHz, 0x0000000000000000
2026/10/01 10:30:33.601, 76, 96.20 W, 67 %, 1875 MHz, 0x0000000000000000
2026/10/01 10:30:43.618, 78, 83.51 W, 99 %, 1875 MHz, 0x0000000000000000
2026/10/01 10:30:53.634, 76, 95.48 W, 67 %, 1875 MHz, 0x0000000000000000
2026/10/01 10:31:03.651, 76, 82.64 W, 99 %, 1875 MHz, 0x0000000000000000
2026/10/01 10:31:13.669, 76, 95.64 W, 67 %, 1875 MHz, 0x0000000000000000
2026/10/01 10:31:23.693, 76, 81.98 W, 81 %, 1875 MHz, 0x0000000000000000
2026/10/01 10:31:33.709, 76, 95.10 W, 67 %, 1875 MHz, 0x0000000000000000
2026/10/01 10:31:43.728, 75, 105.74 W, 48 %, 1875 MHz, 0x0000000000000000
2026/10/01 10:31:53.745, 76, 86.20 W, 67 %, 1875 MHz, 0x0000000000000000
2026/10/01 10:32:03.761, 76, 95.47 W, 15 %, 1875 MHz, 0x0000000000000000
2026/10/01 10:32:13.780, 76, 81.78 W, 64 %, 1875 MHz, 0x0000000000000000
2026/10/01 10:32:23.795, 76, 96.02 W, 21 %, 1875 MHz, 0x0000000000000000
2026/10/01 10:32:33.812, 75, 81.75 W, 43 %, 1875 MHz, 0x0000000000000000
2026/10/01 10:32:43.828, 76, 96.36 W, 43 %, 1875 MHz, 0x0000000000000000
2026/10/01 10:32:53.847, 75, 115.59 W, 22 %, 1875 MHz, 0x0000000000000000
2026/10/01 10:33:03.864, 76, 95.61 W, 60 %, 1875 MHz, 0x0000000000000000
2026/10/01 10:33:13.883, 75, 131.55 W, 16 %, 1875 MHz, 0x0000000000000000
2026/10/01 10:33:23.901, 76, 95.70 W, 67 %, 1875 MHz, 0x0000000000000000
2026/10/01 10:33:33.920, 77, 132.36 W, 39 %, 1875 MHz, 0x0000000000000000
2026/10/01 10:33:43.938, 76, 95.69 W, 67 %, 1875 MHz, 0x0000000000000000
2026/10/01 10:33:53.955, 77, 132.67 W, 68 %, 1875 MHz, 0x0000000000000000
2026/10/01 10:34:03.973, 76, 95.88 W, 67 %, 1875 MHz, 0x0000000000000000
2026/10/01 10:34:13.991, 78, 131.71 W, 98 %, 1875 MHz, 0x0000000000000000
2026/10/01 10:34:24.011, 76, 95.54 W, 66 %, 1875 MHz, 0x0000000000000000
2026/10/01 10:34:34.030, 78, 130.78 W, 99 %, 1875 MHz, 0x0000000000000000
2026/10/01 10:34:44.046, 76, 95.87 W, 67 %, 1875 MHz, 0x0000000000000000
2026/10/01 10:34:54.065, 78, 132.52 W, 98 %, 1875 MHz, 0x0000000000000000
2026/10/01 10:35:04.082, 76, 96.01 W, 67 %, 1875 MHz, 0x0000000000000000
2026/10/01 10:35:14.099, 76, 82.73 W, 86 %, 1875 MHz, 0x0000000000000000
2026/10/01 10:35:24.115, 76, 96.11 W, 68 %, 1875 MHz, 0x0000000000000000
2026/10/01 10:35:34.131, 75, 82.41 W, 99 %, 1875 MHz, 0x0000000000000000
2026/10/01 10:35:44.147, 77, 133.02 W, 32 %, 1875 MHz, 0x0000000000000000
2026/10/01 10:35:54.166, 76, 95.61 W, 55 %, 1875 MHz, 0x0000000000000000
2026/10/01 10:36:04.182, 78, 131.13 W, 14 %, 1875 MHz, 0x0000000000000000
2026/10/01 10:36:14.200, 76, 95.58 W, 67 %, 1875 MHz, 0x0000000000000000
2026/10/01 10:36:24.219, 78, 131.17 W, 31 %, 1875 MHz, 0x0000000000000000
2026/10/01 10:36:34.235, 76, 96.28 W, 66 %, 1875 MHz, 0x0000000000000000
2026/10/01 10:36:44.254, 78, 83.12 W, 94 %, 1875 MHz, 0x0000000000000000
2026/10/01 10:36:54.276, 76, 95.89 W, 67 %, 1875 MHz, 0x0000000000000000
2026/10/01 10:37:04.293, 76, 82.80 W, 99 %, 1875 MHz, 0x0000000000000000
2026/10/01 10:37:14.309, 76, 95.26 W, 67 %, 1875 MHz, 0x0000000000000000
2026/10/01 10:37:24.327, 76, 82.47 W, 92 %, 1875 MHz, 0x0000000000000000
2026/10/01 10:37:34.342, 76, 95.92 W, 67 %, 1875 MHz, 0x0000000000000000
2026/10/01 10:37:44.361, 75, 96.01 W, 61 %, 1875 MHz, 0x0000000000000000
2026/10/01 10:37:54.381, 76, 82.20 W, 67 %, 1875 MHz, 0x0000000000000000
2026/10/01 10:38:04.403, 75, 96.00 W, 31 %, 1875 MHz, 0x0000000000000000
2026/10/01 10:38:14.420, 76, 81.72 W, 67 %, 1875 MHz, 0x0000000000000000
2026/10/01 10:38:24.437, 76, 97.29 W, 13 %, 1875 MHz, 0x0000000000000000
2026/10/01 10:38:34.454, 75, 82.15 W, 52 %, 1875 MHz, 0x0000000000000000
2026/10/01 10:38:44.472, 76, 96.45 W, 35 %, 1875 MHz, 0x0000000000000000
2026/10/01 10:38:54.489, 77, 130.74 W, 32 %, 1875 MHz, 0x0000000000000000
2026/10/01 10:39:04.508, 76, 97.30 W, 53 %, 1875 MHz, 0x0000000000000000
2026/10/01 10:39:14.525, 78, 131.25 W, 11 %, 1875 MHz, 0x0000000000000000
2026/10/01 10:39:24.543, 76, 97.68 W, 68 %, 1875 MHz, 0x0000000000000000
2026/10/01 10:39:34.560, 78, 132.01 W, 37 %, 1875 MHz, 0x0000000000000000
2026/10/01 10:39:44.581, 76, 96.94 W, 67 %, 1875 MHz, 0x0000000000000000
2026/10/01 10:39:54.597, 76, 82.17 W, 79 %, 1875 MHz, 0x0000000000000000
2026/10/01 10:40:04.615, 76, 96.76 W, 68 %, 1875 MHz, 0x0000000000000000
2026/10/01 10:40:14.634, 75, 100.03 W, 45 %, 1875 MHz, 0x0000000000000000
2026/10/01 10:40:24.651, 76, 83.32 W, 67 %, 1875 MHz, 0x0000000000000000
2026/10/01 10:40:34.667, 76, 96.03 W, 15 %, 1875 MHz, 0x0000000000000000
2026/10/01 10:40:44.687, 76, 83.80 W, 57 %, 1875 MHz, 0x0000000000000000
2026/10/01 10:40:54.704, 76, 96.19 W, 27 %, 1875 MHz, 0x0000000000000000
2026/10/01 10:41:04.722, 75, 83.37 W, 36 %, 1875 MHz, 0x0000000000000000
2026/10/01 10:41:14.740, 76, 96.12 W, 49 %, 1875 MHz, 0x0000000000000000
2026/10/01 10:41:24.757, 75, 111.18 W, 14 %, 1875 MHz, 0x0000000000000000
2026/10/01 10:41:34.774, 76, 96.06 W, 68 %, 1875 MHz, 0x0000000000000000
2026/10/01 10:41:44.791, 77, 130.13 W, 29 %, 1875 MHz, 0x0000000000000000
2026/10/01 10:41:54.810, 76, 96.22 W, 67 %, 1875 MHz, 0x0000000000000000
2026/10/01 10:42:04.828, 78, 132.01 W, 64 %, 1875 MHz, 0x0000000000000000
2026/10/01 10:42:14.846, 76, 96.88 W, 67 %, 1875 MHz, 0x0000000000000000
2026/10/01 10:42:24.864, 78, 132.07 W, 93 %, 1875 MHz, 0x0000000000000000
2026/10/01 10:42:34.883, 76, 95.77 W, 67 %, 1875 MHz, 0x0000000000000000
2026/10/01 10:42:44.901, 78, 130.37 W, 99 %, 1875 MHz, 0x0000000000000000
2026/10/01 10:42:54.918, 76, 95.96 W, 68 %, 1875 MHz, 0x0000000000000000
2026/10/01 10:43:04.934, 78, 131.54 W, 49 %, 1875 MHz, 0x0000000000000000
2026/10/01 10:43:14.958, 76, 95.72 W, 68 %, 1875 MHz, 0x0000000000000000
2026/10/01 10:43:24.977, 76, 83.63 W, 82 %, 1875 MHz, 0x0000000000000000
2026/10/01 10:43:34.993, 76, 96.07 W, 67 %, 1875 MHz, 0x0000000000000000
2026/10/01 10:43:45.009, 76, 82.69 W, 99 %, 1875 MHz, 0x0000000000000000
2026/10/01 10:43:55.026, 76, 96.01 W, 67 %, 1875 MHz, 0x0000000000000000
2026/10/01 10:44:05.044, 75, 82.36 W, 99 %, 1875 MHz, 0x0000000000000000
2026/10/01 10:44:15.061, 76, 96.43 W, 66 %, 1875 MHz, 0x0000000000000000
2026/10/01 10:44:25.080, 76, 96.05 W, 76 %, 1875 MHz, 0x0000000000000000
2026/10/01 10:44:35.104, 76, 82.41 W, 66 %, 1875 MHz, 0x0000000000000000
2026/10/01 10:44:45.125, 76, 96.02 W, 46 %, 1875 MHz, 0x0000000000000000
2026/10/01 10:44:55.147, 75, 82.13 W, 66 %, 1875 MHz, 0x0000000000000000
2026/10/01 10:45:05.162, 76, 96.21 W, 19 %, 1875 MHz, 0x0000000000000000
2026/10/01 10:45:15.179, 75, 82.32 W, 66 %, 1875 MHz, 0x0000000000000000
2026/10/01 10:45:25.196, 76, 96.13 W, 17 %, 1875 MHz, 0x0000000000000000
2026/10/01 10:45:35.213, 75, 128.17 W, 49 %, 1875 MHz, 0x0000000000000000
2026/10/01 10:45:45.232, 76, 96.47 W, 34 %, 1875 MHz, 0x0000000000000000
2026/10/01 10:45:55.250, 76, 130.93 W, 31 %, 1875 MHz, 0x0000000000000000
2026/10/01 10:46:05.267, 76, 95.59 W, 54 %, 1875 MHz, 0x0000000000000000
2026/10/01 10:46:15.283, 77, 131.70 W, 14 %, 1875 MHz, 0x0000000000000000
2026/10/01 10:46:25.303, 76, 95.81 W, 67 %, 1875 MHz, 0x0000000000000000
2026/10/01 10:46:35.319, 78, 132.36 W, 38 %, 1875 MHz, 0x0000000000000000
2026/10/01 10:46:45.339, 76, 96.22 W, 67 %, 1875 MHz, 0x0000000000000000
2026/10/01 10:46:55.356, 78, 131.46 W, 72 %, 1875 MHz, 0x0000000000000000
2026/10/01 10:47:05.374, 76, 95.92 W, 67 %, 1875 MHz, 0x0000000000000000
2026/10/01 10:47:15.393, 78, 131.56 W, 99 %, 1875 MHz, 0x0000000000000000
2026/10/01 10:47:25.409, 76, 95.95 W, 67 %, 1875 MHz, 0x0000000000000000
2026/10/01 10:47:35.425, 78, 83.27 W, 99 %, 1875 MHz, 0x0000000000000000
2026/10/01 10:47:45.441, 76, 95.77 W, 67 %, 1875 MHz, 0x0000000000000000
2026/10/01 10:47:55.461, 76, 82.73 W, 78 %, 1875 MHz, 0x0000000000000000
2026/10/01 10:48:05.479, 76, 96.42 W, 67 %, 1875 MHz, 0x0000000000000000
2026/10/01 10:48:15.497, 76, 97.01 W, 44 %, 1875 MHz, 0x0000000000000000
2026/10/01 10:48:25.514, 76, 89.20 W, 67 %, 1875 MHz, 0x0000000000000000
2026/10/01 10:48:35.530, 76, 96.86 W, 17 %, 1875 MHz, 0x0000000000000000
2026/10/01 10:48:45.547, 75, 82.28 W, 59 %, 1875 MHz, 0x0000000000000000
2026/10/01 10:48:55.564, 76, 96.31 W, 26 %, 1875 MHz, 0x0000000000000000
2026/10/01 10:49:05.582, 75, 81.91 W, 39 %, 1875 MHz, 0x0000000000000000
2026/10/01 10:49:15.597, 76, 96.60 W, 49 %, 1875 MHz, 0x0000000000000000
2026/10/01 10:49:25.615, 75, 103.07 W, 15 %, 1875 MHz, 0x0000000000000000
2026/10/01 10:49:35.634, 76, 96.19 W, 67 %, 1875 MHz, 0x0000000000000000
2026/10/01 10:49:45.651, 77, 131.28 W, 17 %, 1875 MHz, 0x0000000000000000
2026/10/01 10:49:55.667, 76, 96.16 W, 67 %, 1875 MHz, 0x0000000000000000
2026/10/01 10:50:05.684, 77, 131.39 W, 46 %, 1875 MHz, 0x0000000000000000
2026/10/01 10:50:15.702, 76, 95.97 W, 67 %, 1875 MHz, 0x0000000000000000
2026/10/01 10:50:25.721, 78, 131.59 W, 84 %, 1875 MHz, 0x0000000000000000
2026/10/01 10:50:35.741, 76, 97.47 W, 69 %, 1875 MHz, 0x0000000000000000
2026/10/01 10:50:45.757, 78, 130.45 W, 22 %, 1875 MHz, 0x0000000000000000
2026/10/01 10:50:55.775, 76, 96.44 W, 67 %, 1875 MHz, 0x0000000000000000
2026/10/01 10:51:05.793, 78, 132.35 W, 54 %, 1875 MHz, 0x0000000000000000
2026/10/01 10:51:15.810, 76, 97.42 W, 68 %, 1875 MHz, 0x0000000000000000
2026/10/01 10:51:25.827, 78, 83.48 W, 87 %, 1875 MHz, 0x0000000000000000
2026/10/01 10:51:35.844, 76, 96.95 W, 67 %, 1875 MHz, 0x0000000000000000
2026/10/01 10:51:45.861, 76, 82.59 W, 99 %, 1875 MHz, 0x0000000000000000
2026/10/01 10:51:55.876, 76, 96.03 W, 67 %, 1875 MHz, 0x0000000000000000
2026/10/01 10:52:05.894, 76, 82.27 W, 94 %, 1875 MHz, 0x0000000000000000
2026/10/01 10:52:15.910, 76, 92.53 W, 67 %, 1875 MHz, 0x0000000000000000
2026/10/01 10:52:25.926, 76, 95.68 W, 63 %, 1875 MHz, 0x0000000000000000
2026/10/01 10:52:35.943, 76, 82.82 W, 67 %, 1875 MHz, 0x0000000000000000
2026/10/01 10:52:45.958, 76, 95.73 W, 33 %, 1875 MHz, 0x0000000000000000
2026/10/01 10:52:55.979, 75, 82.57 W, 67 %, 1875 MHz, 0x0000000000000000
2026/10/01 10:53:05.994, 76, 95.74 W, 14 %, 1875 MHz, 0x0000000000000000
2026/10/01 10:53:16.014, 75, 84.68 W, 54 %, 1875 MHz, 0x0000000000000000
2026/10/01 10:53:26.030, 76, 96.20 W, 31 %, 1875 MHz, 0x0000000000000000
2026/10/01 10:53:36.047, 77, 131.27 W, 32 %, 1875 MHz, 0x0000000000000000
2026/10/01 10:53:46.066, 76, 96.54 W, 54 %, 1875 MHz, 0x0000000000000000
2026/10/01 10:53:56.085, 78, 131.42 W, 11 %, 1875 MHz, 0x0000000000000000
2026/10/01 10:54:06.102, 76, 96.17 W, 67 %, 1875 MHz, 0x0000000000000000
2026/10/01 10:54:16.118, 78, 130.80 W, 30 %, 1875 MHz, 0x0000000000000000
2026/10/01 10:54:26.136, 76, 96.13 W, 67 %, 1875 MHz, 0x0000000000000000
2026/10/01 10:54:36.153, 78, 130.85 W, 65 %, 1875 MHz, 0x0000000000000000
2026/10/01 10:54:46.171, 76, 95.99 W, 67 %, 1875 MHz, 0x0000000000000000
2026/10/01 10:54:56.188, 78, 131.19 W, 95 %, 1875 MHz, 0x0000000000000000
2026/10/01 10:55:06.205, 76, 95.96 W, 67 %, 1875 MHz, 0x0000000000000000
2026/10/01 10:55:16.224, 78, 106.52 W, 99 %, 1875 MHz, 0x0000000000000000
2026/10/01 10:55:26.239, 76, 95.85 W, 67 %, 1875 MHz, 0x0000000000000000
2026/10/01 10:55:36.258, 77, 84.31 W, 99 %, 1875 MHz, 0x0000000000000000
2026/10/01 10:55:46.279, 76, 95.74 W, 67 %, 1875 MHz, 0x0000000000000000
2026/10/01 10:55:56.295, 76, 82.42 W, 70 %, 1875 MHz, 0x0000000000000000
2026/10/01 10:56:06.311, 76, 95.82 W, 67 %, 1875 MHz, 0x0000000000000000
2026/10/01 10:56:16.329, 76, 101.59 W, 40 %, 1875 MHz, 0x0000000000000000
2026/10/01 10:56:26.348, 76, 96.33 W, 67 %, 1875 MHz, 0x0000000000000000
2026/10/01 10:56:36.363, 75, 95.84 W, 16 %, 1875 MHz, 0x0000000000000000
2026/10/01 10:56:46.381, 76, 82.27 W, 62 %, 1875 MHz, 0x0000000000000000
2026/10/01 10:56:56.397, 76, 95.79 W, 22 %, 1875 MHz, 0x0000000000000000
2026/10/01 10:57:06.414, 76, 82.28 W, 42 %, 1875 MHz, 0x0000000000000000
2026/10/01 10:57:16.432, 76, 96.38 W, 44 %, 1875 MHz, 0x0000000000000000
2026/10/01 10:57:26.450, 75, 82.14 W, 23 %, 1875 MHz, 0x0000000000000000
2026/10/01 10:57:36.465, 76, 96.05 W, 58 %, 1875 MHz, 0x0000000000000000
2026/10/01 10:57:46.487, 77, 130.64 W, 15 %, 1875 MHz, 0x0000000000000000
2026/10/01 10:57:56.504, 76, 96.11 W, 67 %, 1875 MHz, 0x0000000000000000
2026/10/01 10:58:06.521, 78, 130.88 W, 42 %, 1875 MHz, 0x0000000000000000
2026/10/01 10:58:16.539, 76, 96.05 W, 66 %, 1875 MHz, 0x0000000000000000
2026/10/01 10:58:26.556, 78, 130.53 W, 73 %, 1875 MHz, 0x0000000000000000
2026/10/01 10:58:36.574, 76, 96.35 W, 58 %, 1875 MHz, 0x0000000000000000
2026/10/01 10:58:46.591, 78, 131.25 W, 12 %, 1875 MHz, 0x0000000000000000
2026/10/01 10:58:56.613, 76, 96.33 W, 67 %, 1875 MHz, 0x0000000000000000
2026/10/01 10:59:06.631, 78, 131.13 W, 29 %, 1875 MHz, 0x0000000000000000
2026/10/01 10:59:16.648, 76, 95.85 W, 66 %, 1875 MHz, 0x0000000000000000
2026/10/01 10:59:26.665, 78, 132.64 W, 62 %, 1875 MHz, 0x0000000000000000
2026/10/01 10:59:36.682, 76, 96.36 W, 67 %, 1875 MHz, 0x0000000000000000
2026/10/01 10:59:46.701, 77, 83.07 W, 96 %, 1875 MHz, 0x0000000000000000
2026/10/01 10:59:56.716, 76, 96.74 W, 67 %, 1875 MHz, 0x0000000000000000
2026/10/01 11:00:06.734, 76, 82.92 W, 99 %, 1875 MHz, 0x0000000000000000
2026/10/01 11:00:16.750, 76, 96.41 W, 67 %, 1875 MHz, 0x0000000000000000
2026/10/01 11:00:26.766, 76, 82.79 W, 93 %, 1875 MHz, 0x0000000000000000
2026/10/01 11:00:36.784, 76, 95.96 W, 66 %, 1875 MHz, 0x0000000000000000
2026/10/01 11:00:46.802, 76, 104.91 W, 69 %, 1875 MHz, 0x0000000000000000
2026/10/01 11:00:56.818, 76, 82.79 W, 67 %, 1875 MHz, 0x0000000000000000
2026/10/01 11:01:06.838, 76, 95.70 W, 46 %, 1875 MHz, 0x0000000000000000
2026/10/01 11:01:16.856, 76, 82.80 W, 67 %, 1875 MHz, 0x0000000000000000
2026/10/01 11:01:26.871, 76, 96.02 W, 22 %, 1875 MHz, 0x0000000000000000
2026/10/01 11:01:36.889, 76, 82.52 W, 66 %, 1875 MHz, 0x0000000000000000
2026/10/01 11:01:46.907, 76, 96.35 W, 17 %, 1875 MHz, 0x0000000000000000
2026/10/01 11:01:56.923, 75, 82.33 W, 48 %, 1875 MHz, 0x0000000000000000
2026/10/01 11:02:06.940, 76, 96.69 W, 35 %, 1875 MHz, 0x0000000000000000
2026/10/01 11:02:16.957, 75, 130.60 W, 31 %, 1875 MHz, 0x0000000000000000
2026/10/01 11:02:26.973, 76, 96.93 W, 54 %, 1875 MHz, 0x0000000000000000
2026/10/01 11:02:36.994, 78, 131.90 W, 13 %, 1875 MHz, 0x0000000000000000
2026/10/01 11:02:47.013, 76, 96.93 W, 67 %, 1875 MHz, 0x0000000000000000
2026/10/01 11:02:57.031, 78, 131.92 W, 35 %, 1875 MHz, 0x0000000000000000
2026/10/01 11:03:07.050, 76, 96.43 W, 66 %, 1875 MHz, 0x0000000000000000
2026/10/01 11:03:17.066, 78, 131.51 W, 71 %, 1875 MHz, 0x0000000000000000
2026/10/01 11:03:27.087, 76, 96.06 W, 67 %, 1875 MHz, 0x0000000000000000
2026/10/01 11:03:37.105, 78, 132.02 W, 99 %, 1875 MHz, 0x0000000000000000
2026/10/01 11:03:47.122, 76, 97.03 W, 67 %, 1875 MHz, 0x0000000000000000
2026/10/01 11:03:57.139, 78, 103.73 W, 99 %, 1875 MHz, 0x0000000000000000
2026/10/01 11:04:07.155, 76, 96.42 W, 67 %, 1875 MHz, 0x0000000000000000
2026/10/01 11:04:17.174, 76, 83.02 W, 92 %, 1875 MHz, 0x0000000000000000
2026/10/01 11:04:27.190, 76, 97.30 W, 68 %, 1875 MHz, 0x0000000000000000
2026/10/01 11:04:37.207, 76, 83.07 W, 62 %, 1875 MHz, 0x0000000000000000
2026/10/01 11:04:47.224, 76, 96.87 W, 66 %, 1875 MHz, 0x0000000000000000
2026/10/01 11:04:57.242, 76, 82.59 W, 35 %, 1875 MHz, 0x0000000000000000
2026/10/01 11:05:07.257, 76, 97.03 W, 67 %, 1875 MHz, 0x0000000000000000
2026/10/01 11:05:17.272, 76, 96.02 W, 67 %, 1875 MHz, 0x0000000000000000
2026/10/01 11:05:27.291, 76, 104.42 W, 19 %, 1875 MHz, 0x0000000000000000
2026/10/01 11:05:37.309, 76, 83.48 W, 66 %, 1875 MHz, 0x0000000000000000
2026/10/01 11:05:47.324, 75, 96.97 W, 17 %, 1875 MHz, 0x0000000000000000
2026/10/01 11:05:57.342, 76, 82.87 W, 49 %, 1875 MHz, 0x0000000000000000
2026/10/01 11:06:07.358, 76, 96.98 W, 35 %, 1875 MHz, 0x0000000000000000
2026/10/01 11:06:17.374, 76, 82.78 W, 31 %, 1875 MHz, 0x0000000000000000
2026/10/01 11:06:27.391, 76, 96.99 W, 32 %, 1875 MHz, 0x0000000000000000
2026/10/01 11:06:37.409, 75, 82.64 W, 66 %, 1875 MHz, 0x0000000000000000
2026/10/01 11:06:47.427, 76, 97.11 W, 13 %, 1875 MHz, 0x0000000000000000
2026/10/01 11:06:57.444, 75, 130.54 W, 51 %, 1875 MHz, 0x0000000000000000
2026/10/01 11:07:07.463, 76, 97.95 W, 36 %, 1875 MHz, 0x0000000000000000
2026/10/01 11:07:17.479, 77, 132.03 W, 29 %, 1875 MHz, 0x0000000000000000
2026/10/01 11:07:27.497, 76, 95.59 W, 54 %, 1875 MHz, 0x0000000000000000
2026/10/01 11:07:37.515, 78, 131.71 W, 13 %, 1875 MHz, 0x0000000000000000
2026/10/01 11:07:47.534, 76, 97.31 W, 67 %, 1875 MHz, 0x0000000000000000
2026/10/01 11:07:57.552, 78, 131.32 W, 39 %, 1875 MHz, 0x0000000000000000
2026/10/01 11:08:07.571, 76, 96.19 W, 67 %, 1875 MHz, 0x0000000000000000
2026/10/01 11:08:17.587, 78, 130.72 W, 66 %, 1875 MHz, 0x0000000000000000
2026/10/01 11:08:27.604, 76, 96.65 W, 67 %, 1875 MHz, 0x0000000000000000
2026/10/01 11:08:37.622, 78, 118.86 W, 92 %, 1875 MHz, 0x0000000000000000
2026/10/01 11:08:47.639, 76, 96.96 W, 67 %, 1875 MHz, 0x0000000000000000
2026/10/01 11:08:57.658, 76, 83.12 W, 99 %, 1875 MHz, 0x0000000000000000
2026/10/01 11:09:07.674, 76, 95.98 W, 67 %, 1875 MHz, 0x0000000000000000
2026/10/01 11:09:17.691, 76, 82.74 W, 95 %, 1875 MHz, 0x0000000000000000
2026/10/01 11:09:27.709, 76, 95.64 W, 68 %, 1875 MHz, 0x0000000000000000
2026/10/01 11:09:37.730, 75, 101.04 W, 64 %, 1875 MHz, 0x0000000000000000
2026/10/01 11:09:47.747, 76, 82.63 W, 68 %, 1875 MHz, 0x0000000000000000
2026/10/01 11:09:57.768, 76, 95.90 W, 34 %, 1875 MHz, 0x0000000000000000
2026/10/01 11:10:07.786, 76, 82.56 W, 67 %, 1875 MHz, 0x0000000000000000
2026/10/01 11:10:17.802, 76, 95.92 W, 16 %, 1875 MHz, 0x0000000000000000
2026/10/01 11:10:27.820, 75, 82.59 W, 59 %, 1875 MHz, 0x0000000000000000
2026/10/01 11:10:37.836, 76, 95.97 W, 27 %, 1875 MHz, 0x0000000000000000
2026/10/01 11:10:47.854, 75, 83.04 W, 36 %, 1875 MHz, 0x0000000000000000
2026/10/01 11:10:57.871, 76, 95.49 W, 51 %, 1875 MHz, 0x0000000000000000
2026/10/01 11:11:07.889, 75, 130.32 W, 12 %, 1875 MHz, 0x0000000000000000
2026/10/01 11:11:17.907, 76, 96.11 W, 67 %, 1875 MHz, 0x0000000000000000
2026/10/01 11:11:27.924, 77, 130.05 W, 25 %, 1875 MHz, 0x0000000000000000
2026/10/01 11:11:37.944, 76, 95.81 W, 67 %, 1875 MHz, 0x0000000000000000
2026/10/01 11:11:47.962, 77, 130.16 W, 56 %, 1875 MHz, 0x0000000000000000
2026/10/01 11:11:57.979, 76, 95.32 W, 67 %, 1875 MHz, 0x0000000000000000
2026/10/01 11:12:07.996, 78, 131.69 W, 90 %, 1875 MHz, 0x0000000000000000
2026/10/01 11:12:18.015, 76, 95.45 W, 66 %, 1875 MHz, 0x0000000000000000
2026/10/01 11:12:28.031, 78, 130.78 W, 99 %, 1875 MHz, 0x0000000000000000
2026/10/01 11:12:38.049, 76, 95.43 W, 66 %, 1875 MHz, 0x0000000000000000
2026/10/01 11:12:48.067, 77, 91.34 W, 99 %, 1875 MHz, 0x0000000000000000
2026/10/01 11:12:58.083, 76, 96.02 W, 67 %, 1875 MHz, 0x0000000000000000
2026/10/01 11:13:08.100, 76, 82.98 W, 79 %, 1875 MHz, 0x0000000000000000
2026/10/01 11:13:18.117, 76, 95.89 W, 66 %, 1875 MHz, 0x0000000000000000
2026/10/01 11:13:28.134, 75, 82.81 W, 49 %, 1875 MHz, 0x0000000000000000
2026/10/01 11:13:38.150, 76, 96.30 W, 67 %, 1875 MHz, 0x0000000000000000
2026/10/01 11:13:48.169, 75, 82.96 W, 25 %, 1875 MHz, 0x0000000000000000
2026/10/01 11:13:58.185, 76, 95.52 W, 67 %, 1875 MHz, 0x0000000000000000
2026/10/01 11:14:08.201, 76, 95.38 W, 16 %, 1875 MHz, 0x0000000000000000
2026/10/01 11:14:18.218, 76, 83.07 W, 68 %, 1875 MHz, 0x0000000000000000
2026/10/01 11:14:28.235, 76, 95.53 W, 62 %, 1875 MHz, 0x0000000000000000
2026/10/01 11:14:38.253, 75, 82.23 W, 67 %, 1875 MHz, 0x0000000000000000
2026/10/01 11:14:48.270, 76, 95.96 W, 33 %, 1875 MHz, 0x0000000000000000
2026/10/01 11:14:58.287, 75, 82.41 W, 67 %, 1875 MHz, 0x0000000000000000
2026/10/01 11:15:08.302, 76, 95.81 W, 13 %, 1875 MHz, 0x0000000000000000
2026/10/01 11:15:18.320, 75, 128.74 W, 57 %, 1875 MHz, 0x0000000000000000
2026/10/01 11:15:28.339, 76, 95.77 W, 27 %, 1875 MHz, 0x0000000000000000
2026/10/01 11:15:38.357, 76, 131.22 W, 38 %, 1875 MHz, 0x0000000000000000
2026/10/01 11:15:48.373, 76, 96.01 W, 46 %, 1875 MHz, 0x0000000000000000
2026/10/01 11:15:58.390, 77, 130.54 W, 18 %, 1875 MHz, 0x0000000000000000
2026/10/01 11:16:08.409, 76, 95.44 W, 64 %, 1875 MHz, 0x0000000000000000
2026/10/01 11:16:18.425, 77, 131.16 W, 16 %, 1875 MHz, 0x0000000000000000
2026/10/01 11:16:28.442, 76, 95.68 W, 68 %, 1875 MHz, 0x0000000000000000
2026/10/01 11:16:38.460, 78, 130.73 W, 47 %, 1875 MHz, 0x0000000000000000
2026/10/01 11:16:48.478, 76, 95.43 W, 67 %, 1875 MHz, 0x0000000000000000
2026/10/01 11:16:58.496, 78, 130.49 W, 73 %, 1875 MHz, 0x0000000000000000
2026/10/01 11:17:08.515, 76, 95.59 W, 67 %, 1875 MHz, 0x0000000000000000
2026/10/01 11:17:18.536, 77, 130.52 W, 94 %, 1875 MHz, 0x0000000000000000
2026/10/01 11:17:28.552, 76, 95.47 W, 67 %, 1875 MHz, 0x0000000000000000
2026/10/01 11:17:38.569, 76, 84.80 W, 99 %, 1875 MHz, 0x0000000000000000
2026/10/01 11:17:48.589, 76, 94.72 W, 68 %, 1875 MHz, 0x0000000000000000
2026/10/01 11:17:58.605, 75, 83.17 W, 70 %, 1875 MHz, 0x0000000000000000
2026/10/01 11:18:08.621, 74, 70.09 W, 2 %, 1605 MHz, 0x0000000000000000
2026/10/01 11:18:18.640, 78, 144.66 W, 73 %, 1875 MHz, 0x0000000000000000
2026/10/01 11:18:28.657, 78, 139.13 W, 27 %, 1860 MHz, 0x0000000000000000
2026/10/01 11:18:38.674, 76, 138.19 W, 16 %, 1860 MHz, 0x0000000000000000
2026/10/01 11:18:48.692, 77, 82.76 W, 68 %, 1860 MHz, 0x0000000000000000
2026/10/01 11:18:58.707, 78, 85.67 W, 99 %, 1860 MHz, 0x0000000000000000
2026/10/01 11:19:08.723, 80, 136.82 W, 97 %, 1860 MHz, 0x0000000000000000
2026/10/01 11:19:18.740, 80, 139.57 W, 52 %, 1860 MHz, 0x0000000000000000
2026/10/01 11:19:28.757, 79, 139.82 W, 12 %, 1860 MHz, 0x0000000000000000
2026/10/01 11:19:38.775, 77, 83.50 W, 35 %, 1860 MHz, 0x0000000000000000
2026/10/01 11:19:48.792, 78, 83.51 W, 80 %, 1860 MHz, 0x0000000000000000
2026/10/01 11:19:58.811, 80, 128.08 W, 99 %, 1860 MHz, 0x0000000000000000
2026/10/01 11:20:08.826, 80, 145.69 W, 86 %, 1860 MHz, 0x0000000000000000
2026/10/01 11:20:18.848, 80, 135.54 W, 42 %, 1860 MHz, 0x0000000000000000
2026/10/01 11:20:28.864, 78, 93.23 W, 1 %, 1860 MHz, 0x0000000000000000
2026/10/01 11:20:38.884, 78, 84.42 W, 55 %, 1860 MHz, 0x0000000000000000
2026/10/01 11:20:48.905, 81, 114.41 W, 99 %, 1860 MHz, 0x0000000000000000
2026/10/01 11:20:58.932, 81, 139.72 W, 99 %, 1860 MHz, 0x0000000000000000
2026/10/01 11:21:08.951, 80, 145.69 W, 60 %, 1860 MHz, 0x0000000000000000
2026/10/01 11:21:18.967, 78, 143.91 W, 11 %, 1860 MHz, 0x0000000000000000
2026/10/01 11:21:28.988, 78, 84.15 W, 30 %, 1860 MHz, 0x0000000000000000
2026/10/01 11:21:39.003, 81, 84.53 W, 78 %, 1860 MHz, 0x0000000000000000
2026/10/01 11:21:49.019, 81, 139.67 W, 99 %, 1860 MHz, 0x0000000000000000
2026/10/01 11:21:59.041, 81, 137.43 W, 73 %, 1860 MHz, 0x0000000000000000
2026/10/01 11:22:09.060, 80, 139.12 W, 65 %, 1860 MHz, 0x0000000000000000
2026/10/01 11:22:19.077, 78, 84.02 W, 99 %, 1860 MHz, 0x0000000000000000
2026/10/01 11:22:29.093, 79, 85.17 W, 99 %, 1860 MHz, 0x0000000000000000
2026/10/01 11:22:39.109, 81, 137.74 W, 50 %, 1860 MHz, 0x0000000000000000
2026/10/01 11:22:49.128, 81, 144.33 W, 1 %, 1860 MHz, 0x0000000000000000
2026/10/01 11:22:59.147, 81, 133.53 W, 44 %, 1860 MHz, 0x0000000000000000
2026/10/01 11:23:09.168, 78, 84.05 W, 87 %, 1860 MHz, 0x0000000000000000
2026/10/01 11:23:19.187, 79, 84.54 W, 99 %, 1860 MHz, 0x0000000000000000
2026/10/01 11:23:29.210, 81, 139.40 W, 75 %, 1860 MHz, 0x0000000000000000
2026/10/01 11:23:39.225, 81, 146.39 W, 23 %, 1860 MHz, 0x0000000000000000
2026/10/01 11:23:49.244, 81, 144.38 W, 16 %, 1860 MHz, 0x0000000000000000
2026/10/01 11:23:59.267, 78, 83.92 W, 61 %, 1860 MHz, 0x0000000000000000
2026/10/01 11:24:09.288, 79, 84.49 W, 99 %, 1860 MHz, 0x0000000000000000
2026/10/01 11:24:19.303, 81, 114.71 W, 90 %, 1860 MHz, 0x0000000000000000
2026/10/01 11:24:29.326, 81, 140.90 W, 43 %, 1860 MHz, 0x0000000000000000
2026/10/01 11:24:39.344, 81, 140.41 W, 1 %, 1860 MHz, 0x0000000000000000
2026/10/01 11:24:49.362, 78, 126.91 W, 44 %, 1860 MHz, 0x0000000000000000
2026/10/01 11:24:59.378, 79, 84.29 W, 87 %, 1860 MHz, 0x0000000000000000
2026/10/01 11:25:09.394, 81, 86.11 W, 99 %, 1860 MHz, 0x0000000000000000
2026/10/01 11:25:19.412, 81, 134.58 W, 74 %, 1860 MHz, 0x0000000000000000
2026/10/01 11:25:29.429, 81, 134.68 W, 24 %, 1860 MHz, 0x0000000000000000
2026/10/01 11:25:39.446, 78, 138.33 W, 18 %, 1860 MHz, 0x0000000000000000
2026/10/01 11:25:49.465, 79, 84.17 W, 60 %, 1860 MHz, 0x0000000000000000
2026/10/01 11:25:59.480, 81, 86.16 W, 99 %, 1860 MHz, 0x0000000000000000
2026/10/01 11:26:09.498, 81, 142.96 W, 78 %, 1860 MHz, 0x0000000000000000
2026/10/01 11:26:19.519, 81, 139.13 W, 28 %, 1860 MHz, 0x0000000000000000
2026/10/01 11:26:29.539, 79, 136.45 W, 18 %, 1860 MHz, 0x0000000000000000
2026/10/01 11:26:39.563, 79, 84.32 W, 59 %, 1860 MHz, 0x0000000000000000
2026/10/01 11:26:49.579, 79, 86.55 W, 99 %, 1860 MHz, 0x0000000000000000
2026/10/01 11:26:59.597, 81, 133.12 W, 99 %, 1860 MHz, 0x0000000000000000
2026/10/01 11:27:09.614, 81, 140.78 W, 62 %, 1860 MHz, 0x0000000000000000
2026/10/01 11:27:19.632, 81, 144.93 W, 18 %, 1860 MHz, 0x0000000000000000
2026/10/01 11:27:29.651, 78, 85.21 W, 25 %, 1860 MHz, 0x0000000000000000
2026/10/01 11:27:39.669, 79, 84.43 W, 71 %, 1860 MHz, 0x0000000000000000
2026/10/01 11:27:49.685, 81, 119.19 W, 99 %, 1860 MHz, 0x0000000000000000
2026/10/01 11:27:59.708, 81, 138.66 W, 86 %, 1860 MHz, 0x0000000000000000
2026/10/01 11:28:09.726, 81, 145.02 W, 42 %, 1860 MHz, 0x0000000000000000
2026/10/01 11:28:19.744, 78, 134.80 W, 1 %, 1860 MHz, 0x0000000000000000
2026/10/01 11:28:29.763, 79, 85.75 W, 44 %, 1860 MHz, 0x0000000000000000
2026/10/01 11:28:39.778, 80, 85.94 W, 88 %, 1860 MHz, 0x0000000000000000
2026/10/01 11:28:49.795, 81, 137.91 W, 99 %, 1860 MHz, 0x0000000000000000
2026/10/01 11:28:59.813, 81, 140.57 W, 62 %, 1860 MHz, 0x0000000000000000
2026/10/01 11:29:09.832, 78, 133.31 W, 17 %, 1860 MHz, 0x0000000000000000
2026/10/01 11:29:19.849, 79, 84.15 W, 24 %, 1860 MHz, 0x0000000000000000
2026/10/01 11:29:29.866, 81, 87.32 W, 75 %, 1860 MHz, 0x0000000000000000
2026/10/01 11:29:39.882, 81, 139.96 W, 99 %, 1860 MHz, 0x0000000000000000
2026/10/01 11:29:49.899, 81, 135.01 W, 76 %, 1860 MHz, 0x0000000000000000
2026/10/01 11:29:59.916, 78, 133.60 W, 26 %, 1860 MHz, 0x0000000000000000
2026/10/01 11:30:09.936, 79, 84.83 W, 99 %, 1860 MHz, 0x0000000000000000
2026/10/01 11:30:19.952, 81, 85.84 W, 88 %, 1860 MHz, 0x0000000000000000
2026/10/01 11:30:29.970, 81, 135.99 W, 37 %, 1860 MHz, 0x0000000000000000
2026/10/01 11:30:39.989, 81, 137.82 W, 7 %, 1860 MHz, 0x0000000000000000
2026/10/01 11:30:50.006, 79, 135.26 W, 60 %, 1860 MHz, 0x0000000000000000
2026/10/01 11:31:00.024, 79, 84.30 W, 99 %, 1860 MHz, 0x0000000000000000
2026/10/01 11:31:10.042, 81, 86.01 W, 89 %, 1860 MHz, 0x0000000000000000
2026/10/01 11:31:20.058, 81, 144.63 W, 41 %, 1860 MHz, 0x0000000000000000
2026/10/01 11:31:30.081, 81, 143.89 W, 6 %, 1860 MHz, 0x0000000000000000
2026/10/01 11:31:40.100, 80, 129.74 W, 59 %, 1860 MHz, 0x0000000000000000
2026/10/01 11:31:50.117, 79, 85.06 W, 99 %, 1860 MHz, 0x0000000000000000
2026/10/01 11:32:00.134, 80, 111.45 W, 92 %, 1860 MHz, 0x0000000000000000
2026/10/01 11:32:10.156, 81, 138.90 W, 43 %, 1860 MHz, 0x0000000000000000
2026/10/01 11:32:20.174, 81, 143.21 W, 1 %, 1860 MHz, 0x0000000000000000
2026/10/01 11:32:30.191, 78, 117.68 W, 54 %, 1860 MHz, 0x0000000000000000
2026/10/01 11:32:40.215, 79, 84.42 W, 99 %, 1860 MHz, 0x0000000000000000
2026/10/01 11:32:50.233, 81, 102.42 W, 99 %, 1860 MHz, 0x0000000000000000
2026/10/01 11:33:00.254, 81, 138.62 W, 54 %, 1860 MHz, 0x0000000000000000
2026/10/01 11:33:10.271, 81, 138.85 W, 4 %, 1860 MHz, 0x0000000000000000
2026/10/01 11:33:20.288, 78, 143.99 W, 40 %, 1860 MHz, 0x0000000000000000
2026/10/01 11:33:30.307, 79, 84.30 W, 87 %, 1860 MHz, 0x0000000000000000
2026/10/01 11:33:40.324, 81, 88.31 W, 99 %, 1860 MHz, 0x0000000000000000
2026/10/01 11:33:50.348, 81, 142.83 W, 66 %, 1860 MHz, 0x0000000000000000
2026/10/01 11:34:00.365, 81, 135.42 W, 22 %, 1860 MHz, 0x0000000000000000
2026/10/01 11:34:10.387, 78, 136.47 W, 21 %, 1860 MHz, 0x0000000000000000
2026/10/01 11:34:20.407, 79, 84.04 W, 68 %, 1860 MHz, 0x0000000000000000
2026/10/01 11:34:30.422, 81, 85.84 W, 99 %, 1860 MHz, 0x0000000000000000
2026/10/01 11:34:40.439, 81, 138.12 W, 95 %, 1860 MHz, 0x0000000000000000
2026/10/01 11:34:50.457, 81, 142.50 W, 50 %, 1860 MHz, 0x0000000000000000
2026/10/01 11:35:00.476, 79, 141.91 W, 5 %, 1860 MHz, 0x0000000000000000
2026/10/01 11:35:10.494, 78, 84.18 W, 37 %, 1860 MHz, 0x0000000000000000
2026/10/01 11:35:20.511, 81, 85.48 W, 91 %, 1860 MHz, 0x0000000000000000
2026/10/01 11:35:30.527, 81, 137.22 W, 99 %, 1860 MHz, 0x0000000000000000
2026/10/01 11:35:40.545, 81, 133.08 W, 52 %, 1860 MHz, 0x0000000000000000
2026/10/01 11:35:50.564, 78, 138.26 W, 4 %, 1860 MHz, 0x0000000000000000
2026/10/01 11:36:00.581, 78, 84.28 W, 38 %, 1860 MHz, 0x0000000000000000
2026/10/01 11:36:10.600, 79, 85.14 W, 96 %, 1860 MHz, 0x0000000000000000
2026/10/01 11:36:20.622, 81, 142.41 W, 99 %, 1860 MHz, 0x0000000000000000
2026/10/01 11:36:30.641, 81, 142.36 W, 55 %, 1860 MHz, 0x0000000000000000
2026/10/01 11:36:40.661, 80, 140.92 W, 6 %, 1860 MHz, 0x0000000000000000
2026/10/01 11:36:50.683, 78, 84.12 W, 40 %, 1860 MHz, 0x0000000000000000
2026/10/01 11:37:00.699, 81, 85.17 W, 98 %, 1860 MHz, 0x0000000000000000
2026/10/01 11:37:10.722, 81, 139.31 W, 99 %, 1860 MHz, 0x0000000000000000
2026/10/01 11:37:20.740, 81, 132.88 W, 53 %, 1860 MHz, 0x0000000000000000
2026/10/01 11:37:30.758, 78, 93.86 W, 2 %, 1860 MHz, 0x0000000000000000
2026/10/01 11:37:40.777, 79, 84.55 W, 41 %, 1860 MHz, 0x0000000000000000
2026/10/01 11:37:50.794, 81, 85.05 W, 87 %, 1860 MHz, 0x0000000000000000
2026/10/01 11:38:00.813, 81, 143.31 W, 99 %, 1860 MHz, 0x0000000000000000
2026/10/01 11:38:10.833, 81, 138.70 W, 49 %, 1860 MHz, 0x0000000000000000
2026/10/01 11:38:20.849, 78, 84.48 W, 87 %, 1860 MHz, 0x0000000000000000
2026/10/01 11:38:30.869, 79, 84.05 W, 99 %, 1860 MHz, 0x0000000000000000
2026/10/01 11:38:40.887, 81, 138.99 W, 68 %, 1860 MHz, 0x0000000000000000
2026/10/01 11:38:50.909, 81, 144.42 W, 17 %, 1860 MHz, 0x0000000000000000
2026/10/01 11:39:00.929, 81, 136.25 W, 25 %, 1860 MHz, 0x0000000000000000
2026/10/01 11:39:10.947, 78, 85.31 W, 76 %, 1860 MHz, 0x0000000000000000
2026/10/01 11:39:20.968, 79, 84.82 W, 99 %, 1860 MHz, 0x0000000000000000
2026/10/01 11:39:30.984, 81, 132.65 W, 68 %, 1860 MHz, 0x0000000000000000
2026/10/01 11:39:41.003, 81, 140.26 W, 18 %, 1860 MHz, 0x0000000000000000
2026/10/01 11:39:51.020, 79, 142.82 W, 33 %, 1860 MHz, 0x0000000000000000
2026/10/01 11:40:01.037, 79, 84.64 W, 94 %, 1860 MHz, 0x0000000000000000
2026/10/01 11:40:11.053, 81, 85.94 W, 99 %, 1860 MHz, 0x0000000000000000
2026/10/01 11:40:21.069, 81, 142.20 W, 50 %, 1860 MHz, 0x0000000000000000
2026/10/01 11:40:31.088, 81, 136.12 W, 4 %, 1860 MHz, 0x0000000000000000
2026/10/01 11:40:41.111, 81, 143.42 W, 45 %, 1860 MHz, 0x0000000000000000
2026/10/01 11:40:51.129, 79, 84.16 W, 96 %, 1860 MHz, 0x0000000000000000
2026/10/01 11:41:01.148, 79, 85.52 W, 99 %, 1860 MHz, 0x0000000000000000
2026/10/01 11:41:11.167, 82, 138.36 W, 54 %, 1860 MHz, 0x0000000000000000
2026/10/01 11:41:21.185, 81, 141.19 W, 7 %, 1860 MHz, 0x0000000000000000
2026/10/01 11:41:31.201, 80, 142.31 W, 34 %, 1860 MHz, 0x0000000000000000
2026/10/01 11:41:41.220, 79, 85.69 W, 82 %, 1860 MHz, 0x0000000000000000
2026/10/01 11:41:51.236, 80, 85.33 W, 99 %, 1860 MHz, 0x0000000000000000
2026/10/01 11:42:01.254, 81, 141.99 W, 70 %, 1860 MHz, 0x0000000000000000
2026/10/01 11:42:11.272, 81, 133.53 W, 24 %, 1860 MHz, 0x0000000000000000
2026/10/01 11:42:21.291, 78, 142.43 W, 30 %, 1860 MHz, 0x0000000000000000
2026/10/01 11:42:31.307, 79, 84.51 W, 76 %, 1860 MHz, 0x0000000000000000
2026/10/01 11:42:41.324, 81, 85.89 W, 99 %, 1860 MHz, 0x0000000000000000
2026/10/01 11:42:51.346, 81, 141.31 W, 76 %, 1860 MHz, 0x0000000000000000
2026/10/01 11:43:01.362, 81, 136.71 W, 30 %, 1860 MHz, 0x0000000000000000
2026/10/01 11:43:11.380, 78, 137.02 W, 10 %, 1860 MHz, 0x0000000000000000
2026/10/01 11:43:21.398, 79, 84.23 W, 55 %, 1860 MHz, 0x0000000000000000
2026/10/01 11:43:31.414, 81, 85.97 W, 99 %, 1860 MHz, 0x0000000000000000
2026/10/01 11:43:41.430, 81, 138.35 W, 99 %, 1860 MHz, 0x0000000000000000
2026/10/01 11:43:51.449, 81, 136.16 W, 57 %, 1860 MHz, 0x0000000000000000
2026/10/01 11:44:01.466, 78, 139.08 W, 7 %, 1860 MHz, 0x0000000000000000
2026/10/01 11:44:11.483, 79, 83.98 W, 34 %, 1860 MHz, 0x0000000000000000
2026/10/01 11:44:21.501, 80, 84.26 W, 78 %, 1860 MHz, 0x0000000000000000
2026/10/01 11:44:31.518, 81, 134.64 W, 99 %, 1860 MHz, 0x0000000000000000
2026/10/01 11:44:41.536, 81, 143.56 W, 73 %, 1860 MHz, 0x0000000000000000
2026/10/01 11:44:51.555, 78, 142.00 W, 23 %, 1860 MHz, 0x0000000000000000
2026/10/01 11:45:01.573, 79, 84.10 W, 26 %, 1860 MHz, 0x0000000000000000
2026/10/01 11:45:11.588, 81, 85.61 W, 82 %, 1860 MHz, 0x0000000000000000
2026/10/01 11:45:21.606, 81, 140.23 W, 99 %, 1860 MHz, 0x0000000000000000
2026/10/01 11:45:31.627, 81, 131.96 W, 70 %, 1860 MHz, 0x0000000000000000
2026/10/01 11:45:41.644, 81, 137.30 W, 26 %, 1860 MHz, 0x0000000000000000
2026/10/01 11:45:51.660, 78, 84.10 W, 17 %, 1860 MHz, 0x0000000000000000
2026/10/01 11:46:01.678, 79, 85.66 W, 72 %, 1860 MHz, 0x0000000000000000
2026/10/01 11:46:11.694, 81, 134.76 W, 99 %, 1860 MHz, 0x0000000000000000
2026/10/01 11:46:21.711, 81, 143.00 W, 1 %, 1860 MHz, 0x0000000000000000
2026/10/01 11:46:31.730, 81, 142.53 W, 52 %, 1860 MHz, 0x0000000000000000
2026/10/01 11:46:41.750, 78, 83.89 W, 99 %, 1860 MHz, 0x0000000000000000
2026/10/01 11:46:51.765, 79, 85.52 W, 97 %, 1860 MHz, 0x0000000000000000
2026/10/01 11:47:01.781, 81, 141.77 W, 34 %, 1860 MHz, 0x0000000000000000
2026/10/01 11:47:11.803, 81, 134.85 W, 8 %, 1860 MHz, 0x0000000000000000
2026/10/01 11:47:21.823, 79, 136.66 W, 56 %, 1860 MHz, 0x0000000000000000
2026/10/01 11:47:31.840, 79, 84.20 W, 98 %, 1860 MHz, 0x0000000000000000
2026/10/01 11:47:41.856, 79, 85.45 W, 99 %, 1860 MHz, 0x0000000000000000
2026/10/01 11:47:51.873, 81, 132.20 W, 63 %, 1860 MHz, 0x0000000000000000
2026/10/01 11:48:01.891, 81, 141.59 W, 12 %, 1860 MHz, 0x0000000000000000
2026/10/01 11:48:11.909, 78, 137.18 W, 40 %, 1860 MHz, 0x0000000000000000
2026/10/01 11:48:21.928, 79, 83.87 W, 88 %, 1860 MHz, 0x0000000000000000
2026/10/01 11:48:31.943, 81, 85.30 W, 99 %, 1860 MHz, 0x0000000000000000
2026/10/01 11:48:41.959, 81, 136.93 W, 66 %, 1860 MHz, 0x0000000000000000
2026/10/01 11:48:51.978, 81, 137.47 W, 14 %, 1860 MHz, 0x0000000000000000
2026/10/01 11:49:01.996, 78, 139.38 W, 34 %, 1860 MHz, 0x0000000000000000
2026/10/01 11:49:12.014, 79, 84.63 W, 84 %, 1860 MHz, 0x0000000000000000
2026/10/01 11:49:22.033, 81, 84.97 W, 99 %, 1860 MHz, 0x0000000000000000
2026/10/01 11:49:32.054, 81, 131.76 W, 67 %, 1860 MHz, 0x0000000000000000
2026/10/01 11:49:42.072, 81, 133.13 W, 16 %, 1860 MHz, 0x0000000000000000
2026/10/01 11:49:52.090, 78, 105.37 W, 34 %, 1860 MHz, 0x0000000000000000
2026/10/01 11:50:02.107, 79, 84.11 W, 78 %, 1860 MHz, 0x0000000000000000
2026/10/01 11:50:12.126, 81, 85.47 W, 99 %, 1860 MHz, 0x0000000000000000
2026/10/01 11:50:22.148, 81, 139.43 W, 72 %, 1860 MHz, 0x0000000000000000
2026/10/01 11:50:32.165, 81, 133.30 W, 17 %, 1860 MHz, 0x0000000000000000
2026/10/01 11:50:42.184, 79, 85.95 W, 31 %, 1860 MHz, 0x0000000000000000
2026/10/01 11:50:52.202, 79, 85.46 W, 79 %, 1860 MHz, 0x0000000000000000
2026/10/01 11:51:02.220, 81, 133.26 W, 99 %, 1860 MHz, 0x0000000000000000
2026/10/01 11:51:12.236, 81, 142.34 W, 60 %, 1860 MHz, 0x0000000000000000
2026/10/01 11:51:22.252, 81, 135.52 W, 14 %, 1860 MHz, 0x0000000000000000
2026/10/01 11:51:32.270, 78, 85.29 W, 30 %, 1860 MHz, 0x0000000000000000
2026/10/01 11:51:42.286, 79, 84.37 W, 76 %, 1860 MHz, 0x0000000000000000
2026/10/01 11:51:52.305, 81, 132.85 W, 99 %, 1860 MHz, 0x0000000000000000
2026/10/01 11:52:02.323, 81, 141.14 W, 78 %, 1860 MHz, 0x0000000000000000
2026/10/01 11:52:12.344, 81, 137.95 W, 23 %, 1860 MHz, 0x0000000000000000
2026/10/01 11:52:22.361, 78, 84.21 W, 16 %, 1860 MHz, 0x0000000000000000
2026/10/01 11:52:32.381, 79, 85.66 W, 63 %, 1860 MHz, 0x0000000000000000
2026/10/01 11:52:42.401, 81, 87.20 W, 99 %, 1860 MHz, 0x0000000000000000
2026/10/01 11:52:52.426, 81, 143.59 W, 89 %, 1860 MHz, 0x0000000000000000
2026/10/01 11:53:02.447, 80, 140.25 W, 36 %, 1860 MHz, 0x0000000000000000
2026/10/01 11:53:12.464, 79, 85.45 W, 9 %, 1860 MHz, 0x0000000000000000
2026/10/01 11:53:22.480, 80, 84.29 W, 69 %, 1860 MHz, 0x0000000000000000
2026/10/01 11:53:32.498, 81, 135.35 W, 99 %, 1860 MHz, 0x0000000000000000
2026/10/01 11:53:42.515, 81, 144.16 W, 82 %, 1860 MHz, 0x0000000000000000
2026/10/01 11:53:52.535, 78, 139.91 W, 27 %, 1860 MHz, 0x0000000000000000
2026/10/01 11:54:02.551, 79, 84.28 W, 17 %, 1860 MHz, 0x0000000000000000
2026/10/01 11:54:12.567, 81, 85.72 W, 61 %, 1860 MHz, 0x0000000000000000
2026/10/01 11:54:22.584, 81, 133.87 W, 46 %, 1860 MHz, 0x0000000000000000
2026/10/01 11:54:32.602, 81, 135.15 W, 2 %, 1860 MHz, 0x0000000000000000
2026/10/01 11:54:42.620, 78, 136.96 W, 40 %, 1860 MHz, 0x0000000000000000
2026/10/01 11:54:52.637, 79, 84.61 W, 91 %, 1860 MHz, 0x0000000000000000
2026/10/01 11:55:02.661, 79, 84.21 W, 99 %, 1860 MHz, 0x0000000000000000
2026/10/01 11:55:12.678, 81, 138.81 W, 67 %, 1860 MHz, 0x0000000000000000
2026/10/01 11:55:22.697, 81, 142.81 W, 1 %, 1860 MHz, 0x0000000000000000
2026/10/01 11:55:32.714, 81, 142.62 W, 45 %, 1860 MHz, 0x0000000000000000
2026/10/01 11:55:42.730, 79, 84.44 W, 92 %, 1860 MHz, 0x0000000000000000
2026/10/01 11:55:52.748, 79, 86.24 W, 99 %, 1860 MHz, 0x0000000000000000
2026/10/01 11:56:02.766, 81, 135.94 W, 56 %, 1860 MHz, 0x0000000000000000
2026/10/01 11:56:12.782, 81, 137.77 W, 6 %, 1860 MHz, 0x0000000000000000
2026/10/01 11:56:22.802, 80, 133.64 W, 38 %, 1860 MHz, 0x0000000000000000
2026/10/01 11:56:32.820, 79, 84.14 W, 79 %, 1860 MHz, 0x0000000000000000
2026/10/01 11:56:42.836, 79, 84.40 W, 99 %, 1860 MHz, 0x0000000000000000
2026/10/01 11:56:52.852, 81, 128.01 W, 77 %, 1860 MHz, 0x0000000000000000
2026/10/01 11:57:02.875, 81, 138.97 W, 30 %, 1860 MHz, 0x0000000000000000
2026/10/01 11:57:12.892, 80, 143.67 W, 15 %, 1860 MHz, 0x0000000000000000
2026/10/01 11:57:22.912, 79, 84.10 W, 66 %, 1860 MHz, 0x0000000000000000
2026/10/01 11:57:32.930, 79, 84.49 W, 99 %, 1860 MHz, 0x0000000000000000
2026/10/01 11:57:42.946, 81, 134.36 W, 82 %, 1860 MHz, 0x0000000000000000
2026/10/01 11:57:52.963, 81, 134.84 W, 30 %, 1860 MHz, 0x0000000000000000
2026/10/01 11:58:02.981, 79, 143.86 W, 9 %, 1860 MHz, 0x0000000000000000
2026/10/01 11:58:13.002, 79, 84.21 W, 57 %, 1860 MHz, 0x0000000000000000
2026/10/01 11:58:23.017, 81, 84.37 W, 99 %, 1860 MHz, 0x0000000000000000
2026/10/01 11:58:33.033, 81, 131.06 W, 88 %, 1860 MHz, 0x0000000000000000
2026/10/01 11:58:43.052, 81, 138.55 W, 32 %, 1860 MHz, 0x0000000000000000
2026/10/01 11:58:53.070, 78, 133.41 W, 10 %, 1860 MHz, 0x0000000000000000
2026/10/01 11:59:03.088, 79, 84.38 W, 56 %, 1860 MHz, 0x0000000000000000
2026/10/01 11:59:13.106, 81, 84.33 W, 99 %, 1860 MHz, 0x0000000000000000
2026/10/01 11:59:23.122, 81, 133.53 W, 99 %, 1860 MHz, 0x0000000000000000
2026/10/01 11:59:33.141, 81, 137.07 W, 49 %, 1860 MHz, 0x0000000000000000
2026/10/01 11:59:43.159, 78, 140.24 W, 3 %, 1860 MHz, 0x0000000000000000
2026/10/01 11:59:53.178, 78, 84.12 W, 38 %, 1860 MHz, 0x0000000000000000
2026/10/01 12:00:03.193, 79, 86.88 W, 87 %, 1860 MHz, 0x0000000000000000
2026/10/01 12:00:13.211, 81, 134.72 W, 99 %, 1860 MHz, 0x0000000000000000
2026/10/01 12:00:23.231, 81, 134.70 W, 74 %, 1860 MHz, 0x0000000000000000
2026/10/01 12:00:33.249, 81, 137.13 W, 26 %, 1860 MHz, 0x0000000000000000
2026/10/01 12:00:43.268, 79, 85.15 W, 20 %, 1860 MHz, 0x0000000000000000
2026/10/01 12:00:53.286, 79, 84.49 W, 69 %, 1860 MHz, 0x0000000000000000
2026/10/01 12:01:03.301, 81, 129.93 W, 99 %, 1860 MHz, 0x0000000000000000
2026/10/01 12:01:13.321, 81, 142.70 W, 75 %, 1860 MHz, 0x0000000000000000
2026/10/01 12:01:23.338, 80, 135.01 W, 29 %, 1860 MHz, 0x0000000000000000
2026/10/01 12:01:33.357, 78, 84.10 W, 25 %, 1860 MHz, 0x0000000000000000
2026/10/01 12:01:43.374, 81, 85.92 W, 84 %, 1860 MHz, 0x0000000000000000
2026/10/01 12:01:53.396, 81, 140.30 W, 99 %, 1860 MHz, 0x0000000000000000
2026/10/01 12:02:03.413, 81, 140.55 W, 66 %, 1860 MHz, 0x0000000000000000
2026/10/01 12:02:13.431, 78, 139.74 W, 78 %, 1860 MHz, 0x0000000000000000
2026/10/01 12:02:23.449, 79, 84.80 W, 99 %, 1860 MHz, 0x0000000000000000
2026/10/01 12:02:33.467, 81, 84.95 W, 81 %, 1860 MHz, 0x0000000000000000
2026/10/01 12:02:43.483, 81, 133.96 W, 31 %, 1860 MHz, 0x0000000000000000
2026/10/01 12:02:53.505, 81, 137.21 W, 16 %, 1860 MHz, 0x0000000000000000
2026/10/01 12:03:03.522, 78, 139.02 W, 62 %, 1860 MHz, 0x0000000000000000
2026/10/01 12:03:13.541, 79, 84.13 W, 99 %, 1860 MHz, 0x0000000000000000
2026/10/01 12:03:23.557, 81, 85.65 W, 93 %, 1860 MHz, 0x0000000000000000
2026/10/01 12:03:33.574, 81, 130.35 W, 43 %, 1860 MHz, 0x0000000000000000
2026/10/01 12:03:43.593, 81, 133.37 W, 1 %, 1860 MHz, 0x0000000000000000
2026/10/01 12:03:53.610, 78, 128.59 W, 56 %, 1860 MHz, 0x0000000000000000
2026/10/01 12:04:03.628, 79, 84.03 W, 99 %, 1860 MHz, 0x0000000000000000
2026/10/01 12:04:13.643, 81, 84.74 W, 99 %, 1860 MHz, 0x0000000000000000
2026/10/01 12:04:23.662, 81, 137.76 W, 48 %, 1860 MHz, 0x0000000000000000
2026/10/01 12:04:33.680, 80, 131.45 W, 1 %, 1860 MHz, 0x0000000000000000
2026/10/01 12:04:43.703, 80, 110.58 W, 49 %, 1860 MHz, 0x0000000000000000
2026/10/01 12:04:53.720, 78, 84.52 W, 99 %, 1860 MHz, 0x0000000000000000
2026/10/01 12:05:03.740, 80, 85.70 W, 99 %, 1860 MHz, 0x0000000000000000
2026/10/01 12:05:13.771, 81, 142.09 W, 48 %, 1860 MHz, 0x0000000000000000
2026/10/01 12:05:23.790, 81, 139.25 W, 1 %, 1860 MHz, 0x0000000000000000
2026/10/01 12:05:33.813, 78, 84.30 W, 51 %, 1860 MHz, 0x0000000000000000
2026/10/01 12:05:43.830, 79, 84.44 W, 96 %, 1860 MHz, 0x0000000000000000
2026/10/01 12:05:53.846, 81, 130.25 W, 99 %, 1860 MHz, 0x0000000000000000
2026/10/01 12:06:03.864, 81, 139.24 W, 52 %, 1860 MHz, 0x0000000000000000
2026/10/01 12:06:13.881, 81, 135.59 W, 2 %, 1860 MHz, 0x0000000000000000
2026/10/01 12:06:23.898, 78, 84.26 W, 41 %, 1860 MHz, 0x0000000000000000
2026/10/01 12:06:33.917, 79, 84.35 W, 91 %, 1860 MHz, 0x0000000000000000
2026/10/01 12:06:43.933, 81, 138.04 W, 99 %, 1860 MHz, 0x0000000000000000
2026/10/01 12:06:53.950, 81, 140.90 W, 63 %, 1860 MHz, 0x0000000000000000
2026/10/01 12:07:03.969, 81, 139.13 W, 14 %, 1860 MHz, 0x0000000000000000
2026/10/01 12:07:13.986, 79, 91.11 W, 28 %, 1860 MHz, 0x0000000000000000
2026/10/01 12:07:24.007, 79, 84.14 W, 72 %, 1860 MHz, 0x0000000000000000
2026/10/01 12:07:34.026, 81, 130.31 W, 99 %, 1860 MHz, 0x0000000000000000
2026/10/01 12:07:44.047, 81, 134.39 W, 83 %, 1860 MHz, 0x0000000000000000
2026/10/01 12:07:54.063, 81, 133.09 W, 32 %, 1860 MHz, 0x0000000000000000
2026/10/01 12:08:04.080, 78, 138.85 W, 8 %, 1860 MHz, 0x0000000000000000
2026/10/01 12:08:14.099, 79, 84.34 W, 57 %, 1860 MHz, 0x0000000000000000
2026/10/01 12:08:24.115, 81, 88.68 W, 99 %, 1860 MHz, 0x0000000000000000
2026/10/01 12:08:34.139, 81, 131.04 W, 90 %, 1860 MHz, 0x0000000000000000
2026/10/01 12:08:44.157, 80, 135.27 W, 43 %, 1860 MHz, 0x0000000000000000
2026/10/01 12:08:54.178, 78, 84.68 W, 1 %, 1860 MHz, 0x0000000000000000
2026/10/01 12:09:04.201, 78, 84.43 W, 55 %, 1860 MHz, 0x0000000000000000
2026/10/01 12:09:14.222, 80, 109.48 W, 99 %, 1860 MHz, 0x0000000000000000
2026/10/01 12:09:24.244, 81, 136.73 W, 99 %, 1860 MHz, 0x0000000000000000
2026/10/01 12:09:34.262, 81, 137.19 W, 60 %, 1860 MHz, 0x0000000000000000
2026/10/01 12:09:44.280, 80, 134.02 W, 14 %, 1860 MHz, 0x0000000000000000
2026/10/01 12:09:54.300, 79, 84.27 W, 35 %, 1860 MHz, 0x0000000000000000
2026/10/01 12:10:04.315, 80, 85.10 W, 83 %, 1860 MHz, 0x0000000000000000
2026/10/01 12:10:14.331, 81, 140.59 W, 99 %, 1860 MHz, 0x0000000000000000
2026/10/01 12:10:24.349, 81, 137.53 W, 28 %, 1860 MHz, 0x0000000000000000
2026/10/01 12:10:34.367, 78, 87.55 W, 80 %, 1860 MHz, 0x0000000000000000
2026/10/01 12:10:44.385, 79, 84.05 W, 99 %, 1860 MHz, 0x0000000000000000
2026/10/01 12:10:54.404, 81, 94.55 W, 74 %, 1860 MHz, 0x0000000000000000
2026/10/01 12:11:04.427, 81, 135.89 W, 21 %, 1860 MHz, 0x0000000000000000
2026/10/01 12:11:14.444, 80, 131.23 W, 20 %, 1860 MHz, 0x0000000000000000
2026/10/01 12:11:24.463, 78, 123.70 W, 66 %, 1860 MHz, 0x0000000000000000
2026/10/01 12:11:34.481, 79, 84.66 W, 99 %, 1860 MHz, 0x0000000000000000
2026/10/01 12:11:44.499, 81, 84.56 W, 91 %, 1860 MHz, 0x0000000000000000
2026/10/01 12:11:54.515, 81, 136.62 W, 41 %, 1860 MHz, 0x0000000000000000
2026/10/01 12:12:04.534, 80, 138.07 W, 2 %, 1860 MHz, 0x0000000000000000
2026/10/01 12:12:14.552, 78, 138.77 W, 49 %, 1860 MHz, 0x0000000000000000
2026/10/01 12:12:24.570, 79, 83.79 W, 99 %, 1860 MHz, 0x0000000000000000
2026/10/01 12:12:34.587, 81, 85.03 W, 99 %, 1860 MHz, 0x0000000000000000
2026/10/01 12:12:44.609, 81, 133.33 W, 43 %, 1860 MHz, 0x0000000000000000
2026/10/01 12:12:54.627, 80, 129.46 W, 1 %, 1860 MHz, 0x0000000000000000
2026/10/01 12:13:04.645, 78, 94.75 W, 50 %, 1860 MHz, 0x0000000000000000
2026/10/01 12:13:14.662, 79, 85.12 W, 99 %, 1860 MHz, 0x0000000000000000
2026/10/01 12:13:24.679, 81, 120.52 W, 95 %, 1860 MHz, 0x0000000000000000
2026/10/01 12:13:34.696, 81, 133.27 W, 40 %, 1860 MHz, 0x0000000000000000
2026/10/01 12:13:44.712, 78, 133.69 W, 9 %, 1860 MHz, 0x0000000000000000
2026/10/01 12:13:54.731, 78, 85.49 W, 59 %, 1860 MHz, 0x0000000000000000
2026/10/01 12:14:04.747, 79, 84.14 W, 99 %, 1860 MHz, 0x0000000000000000
2026/10/01 12:14:14.762, 81, 134.37 W, 85 %, 1860 MHz, 0x0000000000000000
2026/10/01 12:14:24.779, 81, 135.95 W, 35 %, 1860 MHz, 0x0000000000000000
2026/10/01 12:14:34.797, 80, 132.23 W, 14 %, 1860 MHz, 0x0000000000000000
2026/10/01 12:14:44.816, 78, 83.96 W, 66 %, 1860 MHz, 0x0000000000000000
2026/10/01 12:14:54.833, 79, 84.80 W, 99 %, 1860 MHz, 0x0000000000000000
2026/10/01 12:15:04.850, 81, 135.63 W, 86 %, 1860 MHz, 0x0000000000000000
2026/10/01 12:15:14.868, 81, 136.95 W, 34 %, 1860 MHz, 0x0000000000000000
2026/10/01 12:15:24.885, 79, 134.47 W, 12 %, 1860 MHz, 0x0000000000000000
2026/10/01 12:15:34.904, 78, 84.12 W, 56 %, 1860 MHz, 0x0000000000000000
2026/10/01 12:15:44.921, 81, 85.36 W, 99 %, 1860 MHz, 0x0000000000000000
2026/10/01 12:15:54.940, 81, 133.05 W, 84 %, 1860 MHz, 0x0000000000000000
2026/10/01 12:16:04.956, 80, 136.73 W, 26 %, 1860 MHz, 0x0000000000000000
2026/10/01 12:16:14.973, 78, 84.00 W, 25 %, 1860 MHz, 0x0000000000000000
2026/10/01 12:16:24.990, 79, 84.40 W, 75 %, 1860 MHz, 0x0000000000000000
2026/10/01 12:16:35.010, 81, 132.91 W, 99 %, 1860 MHz, 0x0000000000000000
2026/10/01 12:16:45.027, 80, 139.44 W, 82 %, 1860 MHz, 0x0000000000000000
2026/10/01 12:16:55.044, 80, 136.83 W, 34 %, 1860 MHz, 0x0000000000000000
2026/10/01 12:17:05.062, 78, 83.88 W, 8 %, 1860 MHz, 0x0000000000000000
2026/10/01 12:17:15.079, 79, 84.32 W, 62 %, 1860 MHz, 0x0000000000000000
2026/10/01 12:17:25.096, 81, 135.04 W, 99 %, 1860 MHz, 0x0000000000000000
2026/10/01 12:17:35.113, 81, 139.15 W, 91 %, 1860 MHz, 0x0000000000000000
2026/10/01 12:17:45.130, 79, 133.27 W, 39 %, 1860 MHz, 0x0000000000000000
2026/10/01 12:17:55.149, 78, 84.55 W, 1 %, 1860 MHz, 0x0000000000000000
2026/10/01 12:18:05.164, 80, 84.46 W, 50 %, 1860 MHz, 0x0000000000000000
2026/10/01 12:18:15.180, 81, 137.99 W, 53 %, 1860 MHz, 0x0000000000000000
2026/10/01 12:18:25.197, 80, 133.81 W, 7 %, 1860 MHz, 0x0000000000000000
2026/10/01 12:18:35.213, 79, 138.28 W, 35 %, 1860 MHz, 0x0000000000000000
2026/10/01 12:18:45.231, 78, 84.18 W, 80 %, 1860 MHz, 0x0000000000000000
2026/10/01 12:18:55.253, 78, 84.39 W, 99 %, 1860 MHz, 0x0000000000000000
2026/10/01 12:19:05.270, 81, 137.60 W, 71 %, 1860 MHz, 0x0000000000000000
2026/10/01 12:19:15.286, 81, 130.41 W, 13 %, 1860 MHz, 0x0000000000000000
2026/10/01 12:19:25.305, 80, 134.55 W, 30 %, 1860 MHz, 0x0000000000000000
2026/10/01 12:19:35.322, 78, 84.28 W, 80 %, 1860 MHz, 0x0000000000000000
2026/10/01 12:19:45.338, 79, 84.75 W, 99 %, 1860 MHz, 0x0000000000000000
2026/10/01 12:19:55.357, 81, 135.98 W, 62 %, 1860 MHz, 0x0000000000000000
2026/10/01 12:20:05.374, 80, 139.09 W, 13 %, 1860 MHz, 0x0000000000000000
2026/10/01 12:20:15.391, 80, 128.08 W, 38 %, 1860 MHz, 0x0000000000000000
2026/10/01 12:20:25.410, 78, 84.12 W, 90 %, 1860 MHz, 0x0000000000000000
2026/10/01 12:20:35.429, 81, 85.40 W, 99 %, 1860 MHz, 0x0000000000000000
2026/10/01 12:20:45.448, 81, 135.87 W, 52 %, 1860 MHz, 0x0000000000000000
2026/10/01 12:20:55.466, 80, 131.84 W, 1 %, 1860 MHz, 0x0000000000000000
2026/10/01 12:21:05.485, 78, 84.19 W, 51 %, 1860 MHz, 0x0000000000000000
2026/10/01 12:21:15.503, 79, 84.01 W, 99 %, 1860 MHz, 0x0000000000000000
2026/10/01 12:21:25.519, 81, 137.16 W, 98 %, 1860 MHz, 0x0000000000000000
2026/10/01 12:21:35.536, 81, 139.89 W, 49 %, 1860 MHz, 0x0000000000000000
2026/10/01 12:21:45.554, 80, 138.09 W, 1 %, 1860 MHz, 0x0000000000000000
2026/10/01 12:21:55.572, 78, 83.96 W, 49 %, 1860 MHz, 0x0000000000000000
2026/10/01 12:22:05.591, 79, 86.04 W, 99 %, 1860 MHz, 0x0000000000000000
2026/10/01 12:22:15.607, 81, 127.32 W, 99 %, 1860 MHz, 0x0000000000000000
2026/10/01 12:22:25.625, 81, 139.32 W, 40 %, 1860 MHz, 0x0000000000000000
2026/10/01 12:22:35.642, 78, 130.27 W, 9 %, 1860 MHz, 0x0000000000000000
2026/10/01 12:22:45.662, 78, 85.25 W, 65 %, 1860 MHz, 0x0000000000000000
2026/10/01 12:22:55.678, 81, 84.94 W, 99 %, 1860 MHz, 0x0000000000000000
2026/10/01 12:23:05.701, 81, 131.15 W, 89 %, 1860 MHz, 0x0000000000000000
2026/10/01 12:23:15.722, 80, 135.35 W, 36 %, 1860 MHz, 0x0000000000000000
2026/10/01 12:23:25.741, 78, 129.49 W, 16 %, 1860 MHz, 0x0000000000000000
2026/10/01 12:23:35.763, 78, 84.09 W, 70 %, 1860 MHz, 0x0000000000000000
2026/10/01 12:23:45.781, 81, 133.96 W, 99 %, 1860 MHz, 0x0000000000000000
2026/10/01 12:23:55.797, 81, 135.80 W, 71 %, 1860 MHz, 0x0000000000000000
2026/10/01 12:24:05.819, 80, 131.21 W, 17 %, 1860 MHz, 0x0000000000000000
2026/10/01 12:24:15.838, 78, 84.18 W, 29 %, 1860 MHz, 0x0000000000000000
2026/10/01 12:24:25.855, 78, 85.59 W, 77 %, 1860 MHz, 0x0000000000000000
2026/10/01 12:24:35.871, 81, 127.65 W, 99 %, 1860 MHz, 0x0000000000000000
2026/10/01 12:24:45.889, 81, 130.78 W, 74 %, 1860 MHz, 0x0000000000000000
2026/10/01 12:24:55.908, 80, 130.83 W, 26 %, 1860 MHz, 0x0000000000000000
2026/10/01 12:25:05.928, 78, 83.73 W, 22 %, 1860 MHz, 0x0000000000000000
2026/10/01 12:25:15.944, 79, 85.47 W, 73 %, 1860 MHz, 0x0000000000000000
2026/10/01 12:25:25.961, 81, 132.83 W, 99 %, 1860 MHz, 0x0000000000000000
2026/10/01 12:25:35.981, 81, 139.01 W, 76 %, 1860 MHz, 0x0000000000000000
2026/10/01 12:25:46.000, 78, 131.55 W, 19 %, 1860 MHz, 0x0000000000000000
2026/10/01 12:25:56.021, 78, 84.10 W, 26 %, 1860 MHz, 0x0000000000000000
2026/10/01 12:26:06.036, 81, 84.49 W, 79 %, 1860 MHz, 0x0000000000000000
2026/10/01 12:26:16.054, 80, 136.56 W, 23 %, 1860 MHz, 0x0000000000000000
2026/10/01 12:26:26.071, 80, 137.55 W, 25 %, 1860 MHz, 0x0000000000000000
2026/10/01 12:26:36.088, 78, 100.67 W, 70 %, 1860 MHz, 0x0000000000000000
2026/10/01 12:26:46.107, 78, 83.97 W, 99 %, 1860 MHz, 0x0000000000000000
2026/10/01 12:26:56.124, 81, 84.92 W, 80 %, 1860 MHz, 0x0000000000000000
2026/10/01 12:27:06.146, 81, 136.82 W, 27 %, 1860 MHz, 0x0000000000000000
2026/10/01 12:27:16.164, 80, 127.20 W, 16 %, 1860 MHz, 0x0000000000000000
2026/10/01 12:27:26.181, 78, 115.65 W, 63 %, 1860 MHz, 0x0000000000000000
2026/10/01 12:27:36.202, 79, 83.85 W, 99 %, 1860 MHz, 0x0000000000000000
2026/10/01 12:27:46.219, 81, 119.00 W, 80 %, 1860 MHz, 0x0000000000000000
2026/10/01 12:27:56.234, 81, 138.13 W, 30 %, 1860 MHz, 0x0000000000000000
2026/10/01 12:28:06.254, 78, 131.54 W, 12 %, 1860 MHz, 0x0000000000000000
2026/10/01 12:28:16.274, 78, 83.96 W, 72 %, 1860 MHz, 0x0000000000000000
2026/10/01 12:28:26.291, 78, 84.11 W, 99 %, 1860 MHz, 0x0000000000000000
2026/10/01 12:28:36.311, 81, 128.98 W, 75 %, 1860 MHz, 0x0000000000000000
2026/10/01 12:28:46.329, 81, 134.98 W, 28 %, 1860 MHz, 0x0000000000000000
2026/10/01 12:28:56.348, 80, 129.16 W, 15 %, 1860 MHz, 0x0000000000000000
2026/10/01 12:29:06.366, 78, 84.06 W, 64 %, 1860 MHz, 0x0000000000000000
2026/10/01 12:29:16.382, 78, 84.31 W, 99 %, 1860 MHz, 0x0000000000000000
2026/10/01 12:29:26.398, 81, 126.45 W, 91 %, 1860 MHz, 0x0000000000000000
2026/10/01 12:29:36.416, 81, 129.09 W, 41 %, 1860 MHz, 0x0000000000000000
2026/10/01 12:29:46.434, 80, 128.28 W, 4 %, 1860 MHz, 0x0000000000000000
2026/10/01 12:29:56.453, 78, 84.10 W, 53 %, 1860 MHz, 0x0000000000000000
2026/10/01 12:30:06.470, 79, 85.40 W, 99 %, 1860 MHz, 0x0000000000000000
2026/10/01 12:30:16.485, 81, 131.25 W, 86 %, 1860 MHz, 0x0000000000000000
2026/10/01 12:30:26.503, 80, 136.24 W, 27 %, 1860 MHz, 0x0000000000000000
2026/10/01 12:30:36.521, 78, 84.48 W, 31 %, 1860 MHz, 0x0000000000000000
2026/10/01 12:30:46.538, 79, 85.67 W, 97 %, 1860 MHz, 0x0000000000000000
2026/10/01 12:30:56.556, 81, 133.28 W, 99 %, 1860 MHz, 0x0000000000000000
2026/10/01 12:31:06.577, 80, 138.34 W, 51 %, 1860 MHz, 0x0000000000000000
2026/10/01 12:31:16.594, 79, 133.62 W, 5 %, 1860 MHz, 0x0000000000000000
2026/10/01 12:31:26.612, 78, 83.82 W, 39 %, 1860 MHz, 0x0000000000000000
2026/10/01 12:31:36.629, 80, 85.92 W, 91 %, 1860 MHz, 0x0000000000000000
2026/10/01 12:31:46.646, 81, 136.58 W, 99 %, 1860 MHz, 0x0000000000000000
2026/10/01 12:31:56.664, 80, 131.57 W, 53 %, 1860 MHz, 0x0000000000000000
2026/10/01 12:32:06.683, 78, 136.43 W, 8 %, 1860 MHz, 0x0000000000000000
2026/10/01 12:32:16.700, 78, 84.47 W, 39 %, 1860 MHz, 0x0000000000000000
2026/10/01 12:32:26.716, 80, 84.56 W, 90 %, 1860 MHz, 0x0000000000000000
2026/10/01 12:32:36.733, 81, 129.93 W, 99 %, 1860 MHz, 0x0000000000000000
2026/10/01 12:32:46.750, 80, 129.16 W, 58 %, 1860 MHz, 0x0000000000000000
2026/10/01 12:32:56.769, 78, 107.30 W, 4 %, 1860 MHz, 0x0000000000000000
2026/10/01 12:33:06.788, 78, 83.76 W, 45 %, 1860 MHz, 0x0000000000000000
2026/10/01 12:33:16.810, 80, 127.52 W, 99 %, 1860 MHz, 0x0000000000000000
2026/10/01 12:33:26.829, 80, 128.99 W, 87 %, 1860 MHz, 0x0000000000000000
2026/10/01 12:33:36.846, 80, 129.47 W, 34 %, 1860 MHz, 0x0000000000000000
2026/10/01 12:33:46.866, 78, 83.64 W, 14 %, 1860 MHz, 0x0000000000000000
2026/10/01 12:33:56.883, 79, 86.36 W, 68 %, 1860 MHz, 0x0000000000000000
2026/10/01 12:34:06.899, 80, 132.90 W, 35 %, 1860 MHz, 0x0000000000000000
2026/10/01 12:34:16.916, 80, 131.53 W, 12 %, 1860 MHz, 0x0000000000000000
2026/10/01 12:34:26.934, 80, 134.16 W, 61 %, 1860 MHz, 0x0000000000000000
2026/10/01 12:34:36.952, 78, 84.63 W, 99 %, 1860 MHz, 0x0000000000000000
2026/10/01 12:34:46.967, 79, 84.35 W, 88 %, 1860 MHz, 0x0000000000000000
2026/10/01 12:34:56.984, 80, 128.54 W, 39 %, 1860 MHz, 0x0000000000000000
2026/10/01 12:35:07.005, 80, 129.84 W, 4 %, 1860 MHz, 0x0000000000000000
2026/10/01 12:35:17.024, 78, 135.60 W, 55 %, 1860 MHz, 0x0000000000000000
2026/10/01 12:35:27.044, 78, 83.54 W, 99 %, 1860 MHz, 0x0000000000000000
2026/10/01 12:35:37.059, 81, 85.16 W, 96 %, 1860 MHz, 0x0000000000000000
2026/10/01 12:35:47.077, 81, 129.86 W, 45 %, 1860 MHz, 0x0000000000000000
2026/10/01 12:35:57.096, 80, 135.34 W, 1 %, 1860 MHz, 0x0000000000000000
2026/10/01 12:36:07.113, 78, 126.49 W, 47 %, 1860 MHz, 0x0000000000000000
2026/10/01 12:36:17.130, 78, 84.29 W, 99 %, 1860 MHz, 0x0000000000000000
2026/10/01 12:36:27.147, 81, 84.80 W, 99 %, 1860 MHz, 0x0000000000000000
2026/10/01 12:36:37.170, 80, 131.09 W, 43 %, 1860 MHz, 0x0000000000000000
2026/10/01 12:36:47.187, 79, 128.83 W, 10 %, 1860 MHz, 0x0000000000000000
2026/10/01 12:36:57.204, 78, 83.78 W, 64 %, 1860 MHz, 0x0000000000000000
2026/10/01 12:37:07.220, 80, 84.19 W, 99 %, 1860 MHz, 0x0000000000000000
2026/10/01 12:37:17.237, 80, 136.09 W, 74 %, 1860 MHz, 0x0000000000000000
2026/10/01 12:37:27.254, 80, 132.86 W, 14 %, 1860 MHz, 0x0000000000000000
2026/10/01 12:37:37.273, 78, 136.15 W, 25 %, 1860 MHz, 0x0000000000000000
2026/10/01 12:37:47.297, 78, 84.17 W, 79 %, 1860 MHz, 0x0000000000000000
2026/10/01 12:37:57.314, 79, 84.71 W, 99 %, 1860 MHz, 0x0000000000000000
2026/10/01 12:38:07.337, 81, 137.60 W, 69 %, 1860 MHz, 0x0000000000000000
2026/10/01 12:38:17.353, 80, 132.74 W, 14 %, 1860 MHz, 0x0000000000000000
2026/10/01 12:38:27.372, 78, 84.86 W, 30 %, 1860 MHz, 0x0000000000000000
2026/10/01 12:38:37.390, 78, 84.38 W, 86 %, 1860 MHz, 0x0000000000000000
2026/10/01 12:38:47.408, 81, 105.81 W, 99 %, 1860 MHz, 0x0000000000000000
2026/10/01 12:38:57.425, 81, 132.20 W, 74 %, 1860 MHz, 0x0000000000000000
2026/10/01 12:39:07.442, 80, 132.48 W, 22 %, 1860 MHz, 0x0000000000000000
2026/10/01 12:39:17.463, 78, 83.97 W, 23 %, 1860 MHz, 0x0000000000000000
2026/10/01 12:39:27.483, 78, 83.87 W, 72 %, 1860 MHz, 0x0000000000000000
2026/10/01 12:39:37.498, 80, 136.36 W, 99 %, 1860 MHz, 0x0000000000000000
2026/10/01 12:39:47.515, 80, 137.36 W, 79 %, 1860 MHz, 0x0000000000000000
2026/10/01 12:39:57.536, 80, 135.53 W, 25 %, 1860 MHz, 0x0000000000000000
2026/10/01 12:40:07.552, 78, 84.14 W, 27 %, 1860 MHz, 0x0000000000000000
2026/10/01 12:40:17.571, 79, 84.22 W, 80 %, 1860 MHz, 0x0000000000000000
2026/10/01 12:40:27.591, 81, 136.63 W, 99 %, 1860 MHz, 0x0000000000000000
2026/10/01 12:40:37.613, 80, 137.69 W, 71 %, 1860 MHz, 0x0000000000000000
2026/10/01 12:40:47.633, 78, 136.41 W, 21 %, 1860 MHz, 0x0000000000000000
2026/10/01 12:40:57.650, 78, 83.83 W, 41 %, 1860 MHz, 0x0000000000000000
2026/10/01 12:41:07.669, 80, 117.42 W, 97 %, 1860 MHz, 0x0000000000000000
2026/10/01 12:41:17.690, 80, 128.68 W, 99 %, 1860 MHz, 0x0000000000000000
2026/10/01 12:41:27.710, 79, 135.47 W, 47 %, 1860 MHz, 0x0000000000000000
2026/10/01 12:41:37.727, 78, 83.68 W, 1 %, 1860 MHz, 0x0000000000000000
2026/10/01 12:41:47.744, 80, 84.01 W, 57 %, 1860 MHz, 0x0000000000000000
2026/10/01 12:41:57.759, 80, 134.57 W, 99 %, 1860 MHz, 0x0000000000000000
2026/10/01 12:42:07.777, 80, 136.95 W, 3 %, 1860 MHz, 0x0000000000000000
2026/10/01 12:42:17.796, 78, 136.84 W, 55 %, 1860 MHz, 0x0000000000000000
2026/10/01 12:42:27.816, 78, 83.53 W, 99 %, 1860 MHz, 0x0000000000000000
2026/10/01 12:42:37.832, 78, 87.53 W, 81 %, 1860 MHz, 0x0000000000000000
2026/10/01 12:42:47.859, 80, 136.10 W, 31 %, 1860 MHz, 0x0000000000000000
2026/10/01 12:42:57.876, 80, 134.52 W, 11 %, 1860 MHz, 0x0000000000000000
2026/10/01 12:43:07.894, 78, 133.75 W, 65 %, 1860 MHz, 0x0000000000000000
2026/10/01 12:43:17.911, 78, 83.78 W, 99 %, 1860 MHz, 0x0000000000000000
2026/10/01 12:43:27.927, 79, 97.97 W, 87 %, 1860 MHz, 0x0000000000000000
2026/10/01 12:43:37.951, 80, 132.82 W, 37 %, 1860 MHz, 0x0000000000000000
2026/10/01 12:43:47.968, 80, 127.81 W, 9 %, 1860 MHz, 0x0000000000000000
2026/10/01 12:43:57.985, 78, 123.01 W, 59 %, 1860 MHz, 0x0000000000000000
2026/10/01 12:44:08.003, 78, 84.72 W, 99 %, 1860 MHz, 0x0000000000000000
2026/10/01 12:44:18.023, 80, 133.63 W, 89 %, 1860 MHz, 0x0000000000000000
2026/10/01 12:44:28.045, 80, 133.10 W, 37 %, 1860 MHz, 0x0000000000000000
2026/10/01 12:44:38.065, 80, 129.94 W, 7 %, 1860 MHz, 0x0000000000000000
2026/10/01 12:44:48.086, 78, 84.10 W, 60 %, 1860 MHz, 0x0000000000000000
2026/10/01 12:44:58.102, 78, 83.79 W, 99 %, 1860 MHz, 0x0000000000000000
2026/10/01 12:45:08.118, 80, 136.69 W, 93 %, 1860 MHz, 0x0000000000000000
2026/10/01 12:45:18.133, 80, 132.30 W, 46 %, 1860 MHz, 0x0000000000000000
2026/10/01 12:45:28.153, 79, 132.84 W, 5 %, 1860 MHz, 0x0000000000000000
2026/10/01 12:45:38.171, 78, 83.36 W, 61 %, 1860 MHz, 0x0000000000000000
2026/10/01 12:45:48.189, 80, 86.31 W, 99 %, 1860 MHz, 0x0000000000000000
2026/10/01 12:45:58.206, 80, 134.45 W, 84 %, 1860 MHz, 0x0000000000000000
2026/10/01 12:46:08.223, 80, 127.30 W, 25 %, 1860 MHz, 0x0000000000000000
2026/10/01 12:46:18.242, 78, 134.15 W, 28 %, 1860 MHz, 0x0000000000000000
2026/10/01 12:46:28.261, 78, 84.39 W, 77 %, 1860 MHz, 0x0000000000000000
2026/10/01 12:46:38.278, 80, 86.32 W, 99 %, 1860 MHz, 0x0000000000000000
2026/10/01 12:46:48.302, 80, 135.25 W, 76 %, 1860 MHz, 0x0000000000000000
2026/10/01 12:46:58.321, 80, 135.64 W, 28 %, 1860 MHz, 0x0000000000000000
2026/10/01 12:47:08.338, 79, 133.33 W, 17 %, 1860 MHz, 0x0000000000000000
2026/10/01 12:47:18.356, 77, 83.90 W, 67 %, 1860 MHz, 0x0000000000000000
2026/10/01 12:47:28.374, 79, 91.02 W, 99 %, 1860 MHz, 0x0000000000000000
2026/10/01 12:47:38.394, 80, 128.67 W, 74 %, 1860 MHz, 0x0000000000000000
2026/10/01 12:47:48.413, 80, 127.23 W, 25 %, 1860 MHz, 0x0000000000000000
2026/10/01 12:47:58.434, 77, 99.97 W, 19 %, 1860 MHz, 0x0000000000000000
2026/10/01 12:48:08.455, 78, 83.87 W, 69 %, 1860 MHz, 0x0000000000000000
2026/10/01 12:48:18.472, 80, 129.04 W, 99 %, 1860 MHz, 0x0000000000000000
2026/10/01 12:48:28.494, 80, 130.07 W, 83 %, 1860 MHz, 0x0000000000000000
2026/10/01 12:48:38.515, 79, 134.09 W, 26 %, 1860 MHz, 0x0000000000000000
2026/10/01 12:48:48.532, 77, 83.37 W, 28 %, 1860 MHz, 0x0000000000000000
2026/10/01 12:48:58.550, 78, 84.97 W, 80 %, 1860 MHz, 0x0000000000000000
2026/10/01 12:49:08.566, 80, 127.28 W, 99 %, 1860 MHz, 0x0000000000000000
2026/10/01 12:49:18.584, 80, 135.01 W, 55 %, 1860 MHz, 0x0000000000000000
2026/10/01 12:49:28.603, 77, 126.01 W, 10 %, 1860 MHz, 0x0000000000000000
2026/10/01 12:49:38.623, 78, 83.34 W, 34 %, 1860 MHz, 0x0000000000000000
2026/10/01 12:49:48.640, 80, 84.19 W, 85 %, 1860 MHz, 0x0000000000000000
2026/10/01 12:49:58.660, 80, 131.47 W, 99 %, 1860 MHz, 0x0000000000000000
2026/10/01 12:50:08.677, 79, 125.31 W, 71 %, 1860 MHz, 0x0000000000000000
2026/10/01 12:50:18.695, 77, 131.16 W, 71 %, 1860 MHz, 0x0000000000000000
2026/10/01 12:50:28.714, 78, 83.08 W, 99 %, 1860 MHz, 0x0000000000000000
2026/10/01 12:50:38.731, 80, 84.40 W, 76 %, 1860 MHz, 0x0000000000000000
2026/10/01 12:50:48.759, 80, 135.21 W, 25 %, 1860 MHz, 0x0000000000000000
2026/10/01 12:50:58.775, 79, 125.20 W, 20 %, 1860 MHz, 0x0000000000000000
2026/10/01 12:51:08.795, 77, 88.65 W, 74 %, 1860 MHz, 0x0000000000000000
2026/10/01 12:51:18.813, 78, 83.53 W, 99 %, 1860 MHz, 0x0000000000000000
2026/10/01 12:51:28.830, 78, 92.06 W, 80 %, 1860 MHz, 0x0000000000000000
2026/10/01 12:51:38.857, 80, 133.70 W, 31 %, 1860 MHz, 0x0000000000000000
2026/10/01 12:51:48.874, 80, 125.10 W, 10 %, 1860 MHz, 0x0000000000000000
2026/10/01 12:51:58.893, 77, 87.26 W, 63 %, 1860 MHz, 0x0000000000000000
2026/10/01 12:52:08.909, 78, 83.87 W, 99 %, 1860 MHz, 0x0000000000000000
2026/10/01 12:52:18.926, 80, 106.63 W, 85 %, 1860 MHz, 0x0000000000000000
2026/10/01 12:52:28.946, 80, 127.04 W, 32 %, 1860 MHz, 0x0000000000000000
2026/10/01 12:52:38.966, 79, 130.88 W, 30 %, 1860 MHz, 0x0000000000000000
2026/10/01 12:52:48.983, 77, 83.32 W, 82 %, 1860 MHz, 0x0000000000000000
2026/10/01 12:52:58.998, 78, 85.04 W, 99 %, 1860 MHz, 0x0000000000000000
2026/10/01 12:53:09.014, 80, 134.65 W, 53 %, 1860 MHz, 0x0000000000000000
2026/10/01 12:53:19.032, 80, 142.55 W, 65 %, 1860 MHz, 0x0000000000000000
2026/10/01 12:53:29.052, 80, 145.87 W, 13 %, 1860 MHz, 0x0000000000000000
2026/10/01 12:53:39.070, 78, 132.07 W, 26 %, 1860 MHz, 0x0000000000000000
2026/10/01 12:53:49.088, 78, 84.06 W, 68 %, 1860 MHz, 0x0000000000000000
2026/10/01 12:53:59.103, 78, 84.59 W, 99 %, 1860 MHz, 0x0000000000000000
2026/10/01 12:54:09.119, 80, 139.99 W, 99 %, 1860 MHz, 0x0000000000000000
2026/10/01 12:54:19.136, 81, 134.14 W, 62 %, 1860 MHz, 0x0000000000000000
2026/10/01 12:54:29.155, 80, 140.44 W, 15 %, 1860 MHz, 0x0000000000000000
2026/10/01 12:54:39.175, 78, 98.47 W, 25 %, 1860 MHz, 0x0000000000000000
2026/10/01 12:54:49.191, 79, 84.13 W, 74 %, 1860 MHz, 0x0000000000000000
2026/10/01 12:54:59.208, 81, 85.06 W, 99 %, 1860 MHz, 0x0000000000000000
2026/10/01 12:55:09.224, 81, 145.12 W, 98 %, 1860 MHz, 0x0000000000000000
2026/10/01 12:55:19.241, 81, 135.65 W, 52 %, 1860 MHz, 0x0000000000000000
2026/10/01 12:55:29.259, 79, 131.62 W, 12 %, 1860 MHz, 0x0000000000000000
2026/10/01 12:55:39.277, 79, 84.99 W, 27 %, 1860 MHz, 0x0000000000000000
2026/10/01 12:55:49.296, 80, 84.47 W, 72 %, 1860 MHz, 0x0000000000000000
2026/10/01 12:55:59.315, 81, 85.59 W, 99 %, 1860 MHz, 0x0000000000000000
2026/10/01 12:56:09.338, 81, 143.45 W, 97 %, 1860 MHz, 0x0000000000000000
2026/10/01 12:56:19.358, 81, 143.09 W, 50 %, 1860 MHz, 0x0000000000000000
2026/10/01 12:56:29.376, 80, 140.29 W, 1 %, 1860 MHz, 0x0000000000000000
2026/10/01 12:56:39.392, 79, 85.35 W, 47 %, 1860 MHz, 0x0000000000000000
2026/10/01 12:56:49.410, 79, 85.15 W, 90 %, 1860 MHz, 0x0000000000000000
2026/10/01 12:56:59.430, 81, 137.88 W, 99 %, 1860 MHz, 0x0000000000000000
2026/10/01 12:57:09.446, 81, 138.73 W, 71 %, 1860 MHz, 0x0000000000000000
2026/10/01 12:57:19.464, 81, 131.65 W, 28 %, 1860 MHz, 0x0000000000000000
2026/10/01 12:57:29.482, 79, 84.65 W, 8 %, 1860 MHz, 0x0000000000000000
2026/10/01 12:57:39.499, 79, 86.07 W, 56 %, 1860 MHz, 0x0000000000000000
2026/10/01 12:57:49.517, 81, 138.74 W, 98 %, 1860 MHz, 0x0000000000000000
2026/10/01 12:57:59.539, 82, 137.60 W, 99 %, 1860 MHz, 0x0000000000000000
2026/10/01 12:58:09.556, 81, 140.10 W, 61 %, 1860 MHz, 0x0000000000000000
2026/10/01 12:58:19.573, 79, 89.67 W, 81 %, 1860 MHz, 0x0000000000000000
2026/10/01 12:58:29.592, 79, 84.68 W, 99 %, 1860 MHz, 0x0000000000000000
2026/10/01 12:58:39.609, 82, 86.25 W, 82 %, 1860 MHz, 0x0000000000000000
2026/10/01 12:58:49.627, 82, 137.29 W, 49 %, 1860 MHz, 0x0000000000000000
2026/10/01 12:58:59.647, 82, 139.07 W, 5 %, 1860 MHz, 0x0000000000000000
2026/10/01 12:59:09.667, 81, 137.62 W, 34 %, 1860 MHz, 0x0000000000000000
2026/10/01 12:59:19.684, 79, 105.91 W, 71 %, 1860 MHz, 0x0000000000000000
2026/10/01 12:59:29.701, 79, 84.66 W, 99 %, 1860 MHz, 0x0000000000000000
2026/10/01 12:59:39.716, 81, 85.25 W, 98 %, 1860 MHz, 0x0000000000000000
2026/10/01 12:59:49.733, 81, 138.57 W, 49 %, 1860 MHz, 0x0000000000000000
2026/10/01 12:59:59.753, 81, 136.03 W, 4 %, 1860 MHz, 0x0000000000000000
2026/10/01 13:00:09.771, 79, 138.89 W, 36 %, 1860 MHz, 0x0000000000000000
2026/10/01 13:00:19.787, 79, 84.59 W, 77 %, 1860 MHz, 0x0000000000000000
2026/10/01 13:00:29.806, 82, 84.84 W, 99 %, 1860 MHz, 0x0000000000000000
2026/10/01 13:00:39.824, 81, 141.61 W, 86 %, 1860 MHz, 0x0000000000000000
2026/10/01 13:00:49.846, 81, 138.60 W, 41 %, 1860 MHz, 0x0000000000000000
2026/10/01 13:00:59.867, 82, 140.25 W, 1 %, 1860 MHz, 0x0000000000000000
2026/10/01 13:01:09.887, 79, 84.44 W, 61 %, 1860 MHz, 0x0000000000000000
2026/10/01 13:01:19.904, 79, 84.88 W, 97 %, 1860 MHz, 0x0000000000000000
2026/10/01 13:01:29.920, 80, 100.57 W, 99 %, 1860 MHz, 0x0000000000000000
2026/10/01 13:01:39.942, 82, 144.86 W, 64 %, 1860 MHz, 0x0000000000000000
2026/10/01 13:01:49.959, 82, 146.01 W, 21 %, 1860 MHz, 0x0000000000000000
2026/10/01 13:01:59.979, 81, 138.14 W, 22 %, 1860 MHz, 0x0000000000000000
2026/10/01 13:02:09.997, 79, 84.99 W, 68 %, 1860 MHz, 0x0000000000000000
2026/10/01 13:02:20.013, 80, 86.41 W, 99 %, 1860 MHz, 0x0000000000000000
2026/10/01 13:02:30.030, 82, 144.51 W, 91 %, 1860 MHz, 0x0000000000000000
2026/10/01 13:02:40.047, 81, 136.39 W, 44 %, 1860 MHz, 0x0000000000000000
2026/10/01 13:02:50.064, 81, 132.54 W, 2 %, 1860 MHz, 0x0000000000000000
2026/10/01 13:03:00.083, 79, 84.44 W, 36 %, 1860 MHz, 0x0000000000000000
2026/10/01 13:03:10.100, 79, 84.93 W, 76 %, 1860 MHz, 0x0000000000000000
2026/10/01 13:03:20.119, 82, 141.97 W, 99 %, 1860 MHz, 0x0000000000000000
2026/10/01 13:03:30.137, 81, 139.73 W, 69 %, 1860 MHz, 0x0000000000000000
2026/10/01 13:03:40.156, 80, 141.09 W, 20 %, 1860 MHz, 0x0000000000000000
2026/10/01 13:03:50.173, 79, 111.37 W, 15 %, 1860 MHz, 0x0000000000000000
2026/10/01 13:04:00.190, 79, 84.55 W, 59 %, 1860 MHz, 0x0000000000000000
2026/10/01 13:04:10.206, 82, 93.44 W, 99 %, 1860 MHz, 0x0000000000000000
2026/10/01 13:04:20.225, 81, 138.40 W, 92 %, 1860 MHz, 0x0000000000000000
2026/10/01 13:04:30.242, 81, 145.29 W, 47 %, 1860 MHz, 0x0000000000000000
2026/10/01 13:04:40.261, 79, 142.42 W, 1 %, 1860 MHz, 0x0000000000000000
2026/10/01 13:04:50.277, 79, 84.85 W, 42 %, 1860 MHz, 0x0000000000000000
2026/10/01 13:05:00.293, 82, 85.32 W, 87 %, 1860 MHz, 0x0000000000000000
2026/10/01 13:05:10.312, 81, 140.54 W, 99 %, 1860 MHz, 0x0000000000000000
2026/10/01 13:05:20.329, 81, 138.59 W, 72 %, 1860 MHz, 0x0000000000000000
2026/10/01 13:05:30.347, 79, 138.51 W, 32 %, 1860 MHz, 0x0000000000000000
2026/10/01 13:05:40.367, 79, 84.94 W, 12 %, 1860 MHz, 0x0000000000000000
2026/10/01 13:05:50.386, 81, 137.90 W, 99 %, 1860 MHz, 0x0000000000000000
2026/10/01 13:06:00.402, 81, 143.02 W, 64 %, 1860 MHz, 0x0000000000000000
2026/10/01 13:06:10.419, 81, 137.29 W, 75 %, 1860 MHz, 0x0000000000000000
2026/10/01 13:06:20.437, 79, 84.70 W, 99 %, 1860 MHz, 0x0000000000000000
2026/10/01 13:06:30.454, 80, 86.67 W, 80 %, 1860 MHz, 0x0000000000000000
2026/10/01 13:06:40.475, 81, 143.37 W, 27 %, 1860 MHz, 0x0000000000000000
2026/10/01 13:06:50.493, 81, 138.48 W, 14 %, 1860 MHz, 0x0000000000000000
2026/10/01 13:07:00.511, 81, 133.13 W, 52 %, 1860 MHz, 0x0000000000000000
2026/10/01 13:07:10.529, 79, 86.05 W, 92 %, 1860 MHz, 0x0000000000000000
2026/10/01 13:07:20.547, 79, 84.59 W, 99 %, 1860 MHz, 0x0000000000000000
2026/10/01 13:07:30.564, 82, 136.08 W, 64 %, 1860 MHz, 0x0000000000000000
2026/10/01 13:07:40.583, 81, 140.46 W, 33 %, 1860 MHz, 0x0000000000000000
2026/10/01 13:07:50.601, 81, 140.37 W, 5 %, 1860 MHz, 0x0000000000000000
2026/10/01 13:08:00.618, 79, 102.28 W, 60 %, 1860 MHz, 0x0000000000000000
2026/10/01 13:08:10.636, 79, 85.81 W, 95 %, 1860 MHz, 0x0000000000000000
2026/10/01 13:08:20.654, 82, 86.20 W, 99 %, 1860 MHz, 0x0000000000000000
2026/10/01 13:08:30.670, 81, 136.28 W, 65 %, 1860 MHz, 0x0000000000000000
2026/10/01 13:08:40.689, 81, 139.44 W, 23 %, 1860 MHz, 0x0000000000000000
2026/10/01 13:08:50.707, 80, 132.19 W, 19 %, 1860 MHz, 0x0000000000000000
2026/10/01 13:09:00.727, 79, 84.63 W, 69 %, 1860 MHz, 0x0000000000000000
2026/10/01 13:09:10.743, 80, 84.92 W, 99 %, 1860 MHz, 0x0000000000000000
2026/10/01 13:09:20.761, 81, 136.53 W, 86 %, 1860 MHz, 0x0000000000000000
2026/10/01 13:09:30.778, 81, 145.58 W, 47 %, 1860 MHz, 0x0000000000000000
2026/10/01 13:09:40.797, 80, 142.29 W, 11 %, 1860 MHz, 0x0000000000000000
2026/10/01 13:09:50.817, 79, 91.91 W, 34 %, 1860 MHz, 0x0000000000000000
2026/10/01 13:10:00.836, 79, 84.69 W, 76 %, 1860 MHz, 0x0000000000000000
2026/10/01 13:10:10.851, 81, 86.26 W, 99 %, 1860 MHz, 0x0000000000000000
2026/10/01 13:10:20.869, 81, 136.33 W, 84 %, 1860 MHz, 0x0000000000000000
2026/10/01 13:10:30.888, 81, 137.55 W, 42 %, 1860 MHz, 0x0000000000000000
2026/10/01 13:10:40.910, 81, 136.98 W, 1 %, 1860 MHz, 0x0000000000000000
2026/10/01 13:10:50.928, 78, 84.41 W, 44 %, 1860 MHz, 0x0000000000000000
2026/10/01 13:11:00.949, 79, 84.57 W, 89 %, 1860 MHz, 0x0000000000000000
2026/10/01 13:11:10.971, 81, 139.40 W, 99 %, 1860 MHz, 0x0000000000000000
2026/10/01 13:11:20.990, 81, 138.78 W, 60 %, 1860 MHz, 0x0000000000000000
2026/10/01 13:11:31.007, 81, 136.00 W, 11 %, 1860 MHz, 0x0000000000000000
2026/10/01 13:11:41.025, 79, 84.55 W, 30 %, 1860 MHz, 0x0000000000000000
2026/10/01 13:11:51.042, 79, 84.60 W, 76 %, 1860 MHz, 0x0000000000000000
2026/10/01 13:12:01.062, 81, 140.33 W, 99 %, 1860 MHz, 0x0000000000000000
2026/10/01 13:12:11.083, 81, 143.14 W, 87 %, 1860 MHz, 0x0000000000000000
2026/10/01 13:12:21.103, 81, 134.81 W, 37 %, 1860 MHz, 0x0000000000000000
2026/10/01 13:12:31.121, 78, 84.32 W, 10 %, 1860 MHz, 0x0000000000000000
2026/10/01 13:12:41.141, 79, 84.53 W, 57 %, 1860 MHz, 0x0000000000000000
2026/10/01 13:12:51.164, 81, 110.41 W, 99 %, 1860 MHz, 0x0000000000000000
2026/10/01 13:13:01.184, 81, 141.06 W, 99 %, 1860 MHz, 0x0000000000000000
2026/10/01 13:13:11.200, 81, 145.49 W, 59 %, 1860 MHz, 0x0000000000000000
2026/10/01 13:13:21.218, 79, 136.62 W, 5 %, 1860 MHz, 0x0000000000000000
2026/10/01 13:13:31.236, 79, 84.60 W, 35 %, 1860 MHz, 0x0000000000000000
2026/10/01 13:13:41.253, 81, 85.41 W, 81 %, 1860 MHz, 0x0000000000000000
2026/10/01 13:13:51.275, 82, 132.58 W, 99 %, 1860 MHz, 0x0000000000000000
2026/10/01 13:14:01.293, 81, 135.55 W, 81 %, 1860 MHz, 0x0000000000000000
2026/10/01 13:14:11.311, 78, 130.94 W, 55 %, 1860 MHz, 0x0000000000000000
2026/10/01 13:14:21.330, 79, 84.75 W, 99 %, 1860 MHz, 0x0000000000000000
2026/10/01 13:14:31.345, 80, 84.71 W, 99 %, 1860 MHz, 0x0000000000000000
2026/10/01 13:14:41.362, 81, 104.90 W, 74 %, 1860 MHz, 0x0000000000000000
2026/10/01 13:14:51.384, 81, 141.87 W, 27 %, 1860 MHz, 0x0000000000000000
2026/10/01 13:15:01.403, 81, 137.05 W, 12 %, 1860 MHz, 0x0000000000000000
2026/10/01 13:15:11.428, 81, 142.51 W, 55 %, 1860 MHz, 0x0000000000000000
2026/10/01 13:15:21.447, 79, 84.48 W, 99 %, 1860 MHz, 0x0000000000000000
2026/10/01 13:15:31.464, 79, 85.21 W, 92 %, 1860 MHz, 0x0000000000000000
2026/10/01 13:15:41.483, 82, 142.35 W, 39 %, 1860 MHz, 0x0000000000000000
2026/10/01 13:15:51.501, 81, 136.30 W, 4 %, 1860 MHz, 0x0000000000000000
2026/10/01 13:16:01.518, 79, 132.87 W, 52 %, 1860 MHz, 0x0000000000000000
2026/10/01 13:16:11.537, 79, 84.62 W, 97 %, 1860 MHz, 0x0000000000000000
2026/10/01 13:16:21.554, 80, 85.60 W, 99 %, 1860 MHz, 0x0000000000000000
2026/10/01 13:16:31.570, 81, 141.88 W, 55 %, 1860 MHz, 0x0000000000000000
2026/10/01 13:16:41.590, 81, 141.29 W, 11 %, 1860 MHz, 0x0000000000000000
2026/10/01 13:16:51.609, 79, 141.49 W, 36 %, 1860 MHz, 0x0000000000000000
2026/10/01 13:17:01.629, 79, 84.81 W, 82 %, 1860 MHz, 0x0000000000000000
2026/10/01 13:17:11.645, 81, 85.21 W, 99 %, 1860 MHz, 0x0000000000000000
2026/10/01 13:17:21.663, 82, 140.97 W, 68 %, 1860 MHz, 0x0000000000000000
2026/10/01 13:17:31.683, 81, 137.63 W, 21 %, 1860 MHz, 0x0000000000000000
2026/10/01 13:17:41.700, 78, 135.27 W, 18 %, 1860 MHz, 0x0000000000000000
2026/10/01 13:17:51.719, 79, 84.59 W, 71 %, 1860 MHz, 0x0000000000000000
2026/10/01 13:18:01.735, 81, 87.03 W, 99 %, 1860 MHz, 0x0000000000000000
2026/10/01 13:18:11.750, 81, 137.89 W, 88 %, 1860 MHz, 0x0000000000000000
2026/10/01 13:18:21.769, 81, 139.62 W, 42 %, 1860 MHz, 0x0000000000000000
2026/10/01 13:18:31.786, 78, 130.71 W, 1 %, 1860 MHz, 0x0000000000000000
2026/10/01 13:18:41.806, 79, 85.53 W, 47 %, 1860 MHz, 0x0000000000000000
2026/10/01 13:18:51.823, 80, 84.75 W, 90 %, 1860 MHz, 0x0000000000000000
2026/10/01 13:19:01.839, 81, 141.93 W, 99 %, 1860 MHz, 0x0000000000000000
2026/10/01 13:19:11.855, 81, 136.65 W, 73 %, 1860 MHz, 0x0000000000000000
2026/10/01 13:19:21.876, 80, 139.84 W, 28 %, 1860 MHz, 0x0000000000000000
2026/10/01 13:19:31.895, 79, 94.25 W, 11 %, 1860 MHz, 0x0000000000000000
2026/10/01 13:19:41.913, 79, 85.36 W, 62 %, 1860 MHz, 0x0000000000000000
2026/10/01 13:19:51.933, 79, 85.54 W, 99 %, 1860 MHz, 0x0000000000000000
2026/10/01 13:20:01.955, 81, 141.62 W, 91 %, 1860 MHz, 0x0000000000000000
2026/10/01 13:20:11.973, 81, 133.26 W, 44 %, 1860 MHz, 0x0000000000000000
2026/10/01 13:20:21.991, 80, 136.15 W, 1 %, 1860 MHz, 0x0000000000000000
2026/10/01 13:20:32.009, 79, 84.15 W, 44 %, 1860 MHz, 0x0000000000000000
2026/10/01 13:20:42.026, 79, 86.00 W, 91 %, 1860 MHz, 0x0000000000000000
2026/10/01 13:20:52.044, 81, 142.11 W, 99 %, 1860 MHz, 0x0000000000000000
2026/10/01 13:21:02.063, 81, 144.74 W, 60 %, 1860 MHz, 0x0000000000000000
2026/10/01 13:21:12.082, 78, 140.91 W, 8 %, 1860 MHz, 0x0000000000000000
2026/10/01 13:21:22.099, 78, 85.16 W, 35 %, 1860 MHz, 0x0000000000000000
2026/10/01 13:21:32.114, 80, 86.22 W, 78 %, 1860 MHz, 0x0000000000000000
2026/10/01 13:21:42.130, 81, 131.72 W, 99 %, 1860 MHz, 0x0000000000000000
2026/10/01 13:21:52.146, 81, 138.52 W, 85 %, 1860 MHz, 0x0000000000000000
2026/10/01 13:22:02.164, 79, 133.81 W, 62 %, 1860 MHz, 0x0000000000000000
2026/10/01 13:22:12.181, 79, 84.49 W, 99 %, 1860 MHz, 0x0000000000000000
2026/10/01 13:22:22.197, 79, 84.78 W, 99 %, 1860 MHz, 0x0000000000000000
2026/10/01 13:22:32.216, 81, 136.41 W, 58 %, 1860 MHz, 0x0000000000000000
2026/10/01 13:22:42.233, 81, 145.96 W, 15 %, 1860 MHz, 0x0000000000000000
2026/10/01 13:22:52.250, 80, 133.25 W, 27 %, 1860 MHz, 0x0000000000000000
2026/10/01 13:23:02.269, 78, 85.74 W, 69 %, 1860 MHz, 0x0000000000000000
2026/10/01 13:23:12.285, 79, 84.66 W, 99 %, 1860 MHz, 0x0000000000000000
2026/10/01 13:23:22.303, 81, 85.26 W, 95 %, 1860 MHz, 0x0000000000000000
2026/10/01 13:23:32.322, 81, 135.63 W, 50 %, 1860 MHz, 0x0000000000000000
2026/10/01 13:23:42.340, 81, 138.54 W, 4 %, 1860 MHz, 0x0000000000000000
2026/10/01 13:23:52.359, 78, 135.66 W, 36 %, 1860 MHz, 0x0000000000000000
2026/10/01 13:24:02.376, 79, 84.56 W, 83 %, 1860 MHz, 0x0000000000000000
2026/10/01 13:24:12.392, 81, 85.11 W, 99 %, 1860 MHz, 0x0000000000000000
2026/10/01 13:24:22.409, 81, 137.43 W, 71 %, 1860 MHz, 0x0000000000000000
2026/10/01 13:24:32.426, 81, 136.61 W, 18 %, 1860 MHz, 0x0000000000000000
2026/10/01 13:24:42.445, 80, 134.98 W, 30 %, 1860 MHz, 0x0000000000000000
2026/10/01 13:24:52.462, 78, 84.50 W, 80 %, 1860 MHz, 0x0000000000000000
2026/10/01 13:25:02.481, 79, 86.11 W, 99 %, 1860 MHz, 0x0000000000000000
2026/10/01 13:25:12.497, 81, 132.14 W, 76 %, 1860 MHz, 0x0000000000000000
2026/10/01 13:25:22.515, 81, 136.68 W, 26 %, 1860 MHz, 0x0000000000000000
2026/10/01 13:25:32.534, 80, 134.44 W, 15 %, 1860 MHz, 0x0000000000000000
2026/10/01 13:25:42.552, 78, 84.38 W, 66 %, 1860 MHz, 0x0000000000000000
2026/10/01 13:25:52.567, 79, 86.49 W, 99 %, 1860 MHz, 0x0000000000000000
2026/10/01 13:26:02.584, 81, 133.69 W, 99 %, 1860 MHz, 0x0000000000000000
2026/10/01 13:26:12.603, 81, 138.36 W, 54 %, 1860 MHz, 0x0000000000000000
2026/10/01 13:26:22.620, 81, 141.26 W, 10 %, 1860 MHz, 0x0000000000000000
2026/10/01 13:26:32.639, 78, 84.85 W, 27 %, 1860 MHz, 0x0000000000000000
2026/10/01 13:26:42.659, 79, 84.09 W, 74 %, 1860 MHz, 0x0000000000000000
2026/10/01 13:26:52.677, 81, 95.63 W, 99 %, 1860 MHz, 0x0000000000000000
2026/10/01 13:27:02.700, 81, 138.35 W, 88 %, 1860 MHz, 0x0000000000000000
2026/10/01 13:27:12.718, 81, 136.50 W, 44 %, 1860 MHz, 0x0000000000000000
2026/10/01 13:27:22.735, 79, 135.03 W, 4 %, 1860 MHz, 0x0000000000000000
2026/10/01 13:27:32.751, 78, 85.18 W, 39 %, 1860 MHz, 0x0000000000000000
2026/10/01 13:27:42.766, 80, 85.50 W, 87 %, 1860 MHz, 0x0000000000000000
2026/10/01 13:27:52.784, 81, 142.40 W, 99 %, 1860 MHz, 0x0000000000000000
2026/10/01 13:28:02.800, 81, 136.49 W, 59 %, 1860 MHz, 0x0000000000000000
2026/10/01 13:28:12.817, 78, 134.93 W, 13 %, 1860 MHz, 0x0000000000000000
2026/10/01 13:28:22.836, 78, 84.31 W, 28 %, 1860 MHz, 0x0000000000000000
2026/10/01 13:28:32.853, 81, 85.42 W, 79 %, 1860 MHz, 0x0000000000000000
2026/10/01 13:28:42.869, 81, 133.56 W, 99 %, 1860 MHz, 0x0000000000000000
2026/10/01 13:28:52.887, 80, 133.96 W, 69 %, 1860 MHz, 0x0000000000000000
2026/10/01 13:29:02.904, 78, 134.29 W, 24 %, 1860 MHz, 0x0000000000000000
2026/10/01 13:29:12.921, 79, 85.81 W, 19 %, 1860 MHz, 0x0000000000000000
2026/10/01 13:29:22.939, 81, 85.24 W, 72 %, 1860 MHz, 0x0000000000000000
2026/10/01 13:29:32.958, 81, 134.17 W, 99 %, 1860 MHz, 0x0000000000000000
2026/10/01 13:29:42.975, 81, 136.67 W, 13 %, 1860 MHz, 0x0000000000000000
2026/10/01 13:29:52.994, 81, 137.07 W, 58 %, 1860 MHz, 0x0000000000000000
2026/10/01 13:30:03.010, 78, 84.46 W, 99 %, 1860 MHz, 0x0000000000000000
2026/10/01 13:30:13.025, 79, 86.41 W, 99 %, 1860 MHz, 0x0000000000000000
2026/10/01 13:30:23.043, 81, 134.48 W, 54 %, 1860 MHz, 0x0000000000000000
2026/10/01 13:30:33.063, 81, 133.82 W, 9 %, 1860 MHz, 0x0000000000000000
2026/10/01 13:30:43.080, 80, 134.60 W, 45 %, 1860 MHz, 0x0000000000000000
2026/10/01 13:30:53.097, 78, 84.42 W, 92 %, 1860 MHz, 0x0000000000000000
2026/10/01 13:31:03.112, 79, 85.75 W, 99 %, 1860 MHz, 0x0000000000000000
2026/10/01 13:31:13.128, 81, 138.73 W, 61 %, 1860 MHz, 0x0000000000000000
2026/10/01 13:31:23.148, 81, 127.62 W, 15 %, 1860 MHz, 0x0000000000000000
2026/10/01 13:31:33.166, 80, 137.46 W, 26 %, 1860 MHz, 0x0000000000000000
2026/10/01 13:31:43.186, 78, 84.22 W, 76 %, 1860 MHz, 0x0000000000000000
2026/10/01 13:31:53.203, 79, 84.67 W, 99 %, 1860 MHz, 0x0000000000000000
2026/10/01 13:32:03.222, 81, 136.15 W, 80 %, 1860 MHz, 0x0000000000000000
2026/10/01 13:32:13.239, 81, 132.20 W, 30 %, 1860 MHz, 0x0000000000000000
2026/10/01 13:32:23.259, 80, 129.00 W, 14 %, 1860 MHz, 0x0000000000000000
2026/10/01 13:32:33.279, 78, 84.15 W, 63 %, 1860 MHz, 0x0000000000000000
2026/10/01 13:32:43.302, 79, 84.38 W, 99 %, 1860 MHz, 0x0000000000000000
2026/10/01 13:32:53.318, 81, 135.73 W, 89 %, 1860 MHz, 0x0000000000000000
2026/10/01 13:33:03.336, 80, 138.33 W, 36 %, 1860 MHz, 0x0000000000000000
2026/10/01 13:33:13.357, 78, 137.16 W, 9 %, 1860 MHz, 0x0000000000000000
2026/10/01 13:33:23.373, 78, 83.99 W, 56 %, 1860 MHz, 0x0000000000000000
2026/10/01 13:33:33.389, 80, 84.46 W, 97 %, 1860 MHz, 0x0000000000000000
2026/10/01 13:33:43.405, 81, 136.25 W, 99 %, 1860 MHz, 0x0000000000000000
2026/10/01 13:33:53.421, 81, 143.23 W, 63 %, 1860 MHz, 0x0000000000000000
2026/10/01 13:34:03.442, 80, 131.23 W, 17 %, 1860 MHz, 0x0000000000000000
2026/10/01 13:34:13.461, 78, 127.92 W, 22 %, 1860 MHz, 0x0000000000000000
2026/10/01 13:34:23.481, 78, 84.25 W, 69 %, 1860 MHz, 0x0000000000000000
2026/10/01 13:34:33.499, 79, 85.24 W, 99 %, 1860 MHz, 0x0000000000000000
2026/10/01 13:34:43.521, 81, 139.66 W, 89 %, 1860 MHz, 0x0000000000000000
2026/10/01 13:34:53.540, 81, 143.33 W, 38 %, 1860 MHz, 0x0000000000000000
2026/10/01 13:35:03.557, 80, 130.99 W, 3 %, 1860 MHz, 0x0000000000000000
2026/10/01 13:35:13.580, 78, 84.09 W, 47 %, 1860 MHz, 0x0000000000000000
2026/10/01 13:35:23.596, 79, 85.79 W, 93 %, 1860 MHz, 0x0000000000000000
2026/10/01 13:35:33.613, 81, 136.47 W, 99 %, 1860 MHz, 0x0000000000000000
2026/10/01 13:35:43.634, 81, 134.97 W, 64 %, 1860 MHz, 0x0000000000000000
2026/10/01 13:35:53.652, 80, 134.32 W, 15 %, 1860 MHz, 0x0000000000000000
2026/10/01 13:36:03.670, 78, 84.16 W, 26 %, 1860 MHz, 0x0000000000000000
2026/10/01 13:36:13.687, 79, 84.14 W, 70 %, 1860 MHz, 0x0000000000000000
2026/10/01 13:36:23.703, 81, 136.27 W, 99 %, 1860 MHz, 0x0000000000000000
2026/10/01 13:36:33.719, 81, 136.18 W, 82 %, 1860 MHz, 0x0000000000000000
2026/10/01 13:36:43.737, 80, 129.37 W, 35 %, 1860 MHz, 0x0000000000000000
2026/10/01 13:36:53.756, 78, 84.33 W, 15 %, 1860 MHz, 0x0000000000000000
2026/10/01 13:37:03.773, 79, 84.48 W, 57 %, 1860 MHz, 0x0000000000000000
2026/10/01 13:37:13.789, 81, 139.18 W, 99 %, 1860 MHz, 0x0000000000000000
2026/10/01 13:37:23.805, 80, 141.61 W, 99 %, 1860 MHz, 0x0000000000000000
2026/10/01 13:37:33.824, 78, 136.85 W, 52 %, 1860 MHz, 0x0000000000000000
2026/10/01 13:37:43.841, 78, 84.17 W, 99 %, 1860 MHz, 0x0000000000000000
2026/10/01 13:37:53.856, 81, 85.93 W, 92 %, 1860 MHz, 0x0000000000000000
2026/10/01 13:38:03.874, 80, 135.05 W, 38 %, 1860 MHz, 0x0000000000000000
2026/10/01 13:38:13.891, 80, 141.21 W, 10 %, 1860 MHz, 0x0000000000000000
2026/10/01 13:38:23.908, 78, 123.66 W, 66 %, 1860 MHz, 0x0000000000000000
2026/10/01 13:38:33.925, 79, 84.22 W, 99 %, 1860 MHz, 0x0000000000000000
2026/10/01 13:38:43.941, 81, 92.49 W, 89 %, 1860 MHz, 0x0000000000000000
2026/10/01 13:38:53.964, 81, 136.83 W, 38 %, 1860 MHz, 0x0000000000000000
2026/10/01 13:39:03.983, 81, 143.44 W, 2 %, 1860 MHz, 0x0000000000000000
2026/10/01 13:39:14.003, 80, 131.68 W, 47 %, 1860 MHz, 0x0000000000000000
2026/10/01 13:39:24.022, 78, 84.67 W, 96 %, 1860 MHz, 0x0000000000000000
2026/10/01 13:39:34.039, 79, 85.44 W, 99 %, 1860 MHz, 0x0000000000000000
2026/10/01 13:39:44.058, 81, 139.11 W, 54 %, 1860 MHz, 0x0000000000000000
2026/10/01 13:39:54.078, 81, 140.06 W, 5 %, 1860 MHz, 0x0000000000000000
2026/10/01 13:40:04.097, 79, 137.19 W, 43 %, 1860 MHz, 0x0000000000000000
2026/10/01 13:40:14.113, 78, 84.30 W, 84 %, 1860 MHz, 0x0000000000000000
2026/10/01 13:40:24.129, 79, 85.83 W, 99 %, 1860 MHz, 0x0000000000000000
2026/10/01 13:40:34.145, 81, 136.56 W, 64 %, 1860 MHz, 0x0000000000000000
2026/10/01 13:40:44.165, 80, 137.15 W, 15 %, 1860 MHz, 0x0000000000000000
2026/10/01 13:40:54.185, 78, 129.28 W, 28 %, 1860 MHz, 0x0000000000000000
2026/10/01 13:41:04.204, 78, 84.09 W, 74 %, 1860 MHz, 0x0000000000000000
2026/10/01 13:41:14.219, 81, 84.79 W, 99 %, 1860 MHz, 0x0000000000000000
2026/10/01 13:41:24.237, 81, 140.14 W, 69 %, 1860 MHz, 0x0000000000000000
2026/10/01 13:41:34.254, 80, 138.07 W, 5 %, 1860 MHz, 0x0000000000000000
2026/10/01 13:41:44.270, 78, 84.09 W, 37 %, 1860 MHz, 0x0000000000000000
2026/10/01 13:41:54.288, 79, 84.32 W, 85 %, 1860 MHz, 0x0000000000000000
2026/10/01 13:42:04.304, 81, 116.54 W, 99 %, 1860 MHz, 0x0000000000000000
2026/10/01 13:42:14.327, 81, 136.29 W, 74 %, 1860 MHz, 0x0000000000000000
2026/10/01 13:42:24.345, 80, 136.20 W, 32 %, 1860 MHz, 0x0000000000000000
2026/10/01 13:42:34.363, 78, 131.45 W, 12 %, 1860 MHz, 0x0000000000000000
2026/10/01 13:42:44.379, 78, 84.20 W, 58 %, 1860 MHz, 0x0000000000000000
2026/10/01 13:42:54.401, 81, 84.96 W, 99 %, 1860 MHz, 0x0000000000000000
2026/10/01 13:43:04.420, 81, 139.77 W, 96 %, 1860 MHz, 0x0000000000000000
2026/10/01 13:43:14.440, 80, 141.07 W, 46 %, 1860 MHz, 0x0000000000000000
2026/10/01 13:43:24.459, 78, 136.99 W, 1 %, 1860 MHz, 0x0000000000000000
2026/10/01 13:43:34.477, 79, 84.12 W, 54 %, 1860 MHz, 0x0000000000000000
2026/10/01 13:43:44.495, 79, 85.22 W, 99 %, 1860 MHz, 0x0000000000000000
2026/10/01 13:43:54.518, 81, 136.26 W, 99 %, 1860 MHz, 0x0000000000000000
2026/10/01 13:44:04.535, 81, 141.56 W, 55 %, 1860 MHz, 0x0000000000000000
2026/10/01 13:44:14.555, 80, 137.88 W, 7 %, 1860 MHz, 0x0000000000000000
2026/10/01 13:44:24.572, 78, 84.23 W, 41 %, 1860 MHz, 0x0000000000000000
2026/10/01 13:44:34.589, 79, 85.26 W, 85 %, 1860 MHz, 0x0000000000000000
2026/10/01 13:44:44.606, 81, 131.57 W, 99 %, 1860 MHz, 0x0000000000000000
2026/10/01 13:44:54.622, 80, 141.37 W, 67 %, 1860 MHz, 0x0000000000000000
2026/10/01 13:45:04.640, 79, 129.63 W, 20 %, 1860 MHz, 0x0000000000000000
2026/10/01 13:45:14.663, 78, 84.25 W, 17 %, 1860 MHz, 0x0000000000000000
2026/10/01 13:45:24.680, 79, 84.66 W, 85 %, 1860 MHz, 0x0000000000000000
2026/10/01 13:45:34.697, 81, 133.21 W, 36 %, 1860 MHz, 0x0000000000000000
2026/10/01 13:45:44.715, 80, 133.18 W, 9 %, 1860 MHz, 0x0000000000000000
2026/10/01 13:45:54.733, 78, 112.41 W, 65 %, 1860 MHz, 0x0000000000000000
2026/10/01 13:46:04.751, 78, 84.28 W, 99 %, 1860 MHz, 0x0000000000000000
2026/10/01 13:46:14.768, 81, 84.94 W, 88 %, 1860 MHz, 0x0000000000000000
2026/10/01 13:46:24.788, 81, 131.08 W, 44 %, 1860 MHz, 0x0000000000000000
2026/10/01 13:46:34.805, 80, 133.77 W, 1 %, 1860 MHz, 0x0000000000000000
2026/10/01 13:46:44.823, 78, 128.03 W, 57 %, 1860 MHz, 0x0000000000000000
2026/10/01 13:46:54.840, 78, 84.54 W, 99 %, 1860 MHz, 0x0000000000000000
2026/10/01 13:47:04.858, 81, 84.92 W, 96 %, 1860 MHz, 0x0000000000000000
2026/10/01 13:47:14.880, 81, 140.18 W, 43 %, 1860 MHz, 0x0000000000000000
2026/10/01 13:47:24.898, 80, 141.64 W, 3 %, 1860 MHz, 0x0000000000000000
2026/10/01 13:47:34.915, 78, 109.94 W, 48 %, 1860 MHz, 0x0000000000000000
2026/10/01 13:47:44.937, 79, 84.22 W, 99 %, 1860 MHz, 0x0000000000000000
2026/10/01 13:47:54.956, 81, 90.17 W, 99 %, 1860 MHz, 0x0000000000000000
2026/10/01 13:48:04.981, 81, 138.68 W, 51 %, 1860 MHz, 0x0000000000000000
2026/10/01 13:48:15.000, 80, 142.72 W, 3 %, 1860 MHz, 0x0000000000000000
2026/10/01 13:48:25.022, 80, 124.81 W, 38 %, 1860 MHz, 0x0000000000000000
2026/10/01 13:48:35.039, 78, 84.74 W, 86 %, 1860 MHz, 0x0000000000000000
2026/10/01 13:48:45.057, 79, 85.29 W, 99 %, 1860 MHz, 0x0000000000000000
2026/10/01 13:48:55.074, 81, 134.29 W, 73 %, 1860 MHz, 0x0000000000000000
2026/10/01 13:49:05.091, 80, 132.81 W, 27 %, 1860 MHz, 0x0000000000000000
2026/10/01 13:49:15.109, 80, 131.28 W, 14 %, 1860 MHz, 0x0000000000000000
2026/10/01 13:49:25.128, 78, 84.12 W, 59 %, 1860 MHz, 0x0000000000000000
2026/10/01 13:49:35.144, 79, 86.20 W, 99 %, 1860 MHz, 0x0000000000000000
2026/10/01 13:49:45.160, 80, 135.48 W, 93 %, 1860 MHz, 0x0000000000000000
2026/10/01 13:49:55.176, 81, 135.76 W, 44 %, 1860 MHz, 0x0000000000000000
2026/10/01 13:50:05.194, 80, 136.10 W, 1 %, 1860 MHz, 0x0000000000000000
2026/10/01 13:50:15.211, 78, 84.72 W, 45 %, 1860 MHz, 0x0000000000000000
2026/10/01 13:50:25.228, 79, 84.80 W, 99 %, 1860 MHz, 0x0000000000000000
2026/10/01 13:50:35.245, 81, 130.55 W, 99 %, 1860 MHz, 0x0000000000000000
2026/10/01 13:50:45.262, 80, 134.88 W, 51 %, 1860 MHz, 0x0000000000000000
2026/10/01 13:50:55.281, 78, 133.01 W, 2 %, 1860 MHz, 0x0000000000000000
2026/10/01 13:51:05.298, 78, 84.29 W, 41 %, 1860 MHz, 0x0000000000000000
2026/10/01 13:51:15.316, 79, 86.79 W, 85 %, 1860 MHz, 0x0000000000000000
2026/10/01 13:51:25.333, 80, 140.46 W, 99 %, 1860 MHz, 0x0000000000000000
2026/10/01 13:51:35.349, 80, 137.54 W, 64 %, 1860 MHz, 0x0000000000000000
2026/10/01 13:51:45.367, 78, 130.76 W, 7 %, 1860 MHz, 0x0000000000000000
2026/10/01 13:51:55.389, 78, 84.36 W, 43 %, 1860 MHz, 0x0000000000000000
2026/10/01 13:52:05.405, 81, 85.09 W, 91 %, 1860 MHz, 0x0000000000000000
2026/10/01 13:52:15.426, 80, 134.10 W, 99 %, 1860 MHz, 0x0000000000000000
2026/10/01 13:52:25.444, 80, 133.64 W, 61 %, 1860 MHz, 0x0000000000000000
2026/10/01 13:52:35.461, 78, 125.01 W, 11 %, 1860 MHz, 0x0000000000000000
2026/10/01 13:52:45.478, 79, 84.45 W, 35 %, 1860 MHz, 0x0000000000000000
2026/10/01 13:52:55.495, 80, 84.84 W, 83 %, 1860 MHz, 0x0000000000000000
2026/10/01 13:53:05.517, 80, 139.32 W, 99 %, 1860 MHz, 0x0000000000000000
2026/10/01 13:53:15.537, 81, 127.99 W, 27 %, 1860 MHz, 0x0000000000000000
2026/10/01 13:53:25.555, 80, 117.65 W, 75 %, 1860 MHz, 0x0000000000000000
2026/10/01 13:53:35.573, 78, 84.08 W, 99 %, 1860 MHz, 0x0000000000000000
2026/10/01 13:53:45.590, 80, 109.56 W, 70 %, 1860 MHz, 0x0000000000000000
2026/10/01 13:53:55.612, 81, 138.28 W, 14 %, 1860 MHz, 0x0000000000000000
2026/10/01 13:54:05.635, 80, 127.04 W, 35 %, 1860 MHz, 0x0000000000000000
2026/10/01 13:54:15.657, 78, 84.05 W, 85 %, 1860 MHz, 0x0000000000000000
2026/10/01 13:54:25.678, 78, 84.25 W, 99 %, 1860 MHz, 0x0000000000000000
2026/10/01 13:54:35.694, 81, 132.70 W, 63 %, 1860 MHz, 0x0000000000000000
2026/10/01 13:54:45.713, 80, 132.50 W, 14 %, 1860 MHz, 0x0000000000000000
2026/10/01 13:54:55.732, 80, 136.13 W, 34 %, 1860 MHz, 0x0000000000000000
2026/10/01 13:55:05.754, 78, 84.04 W, 86 %, 1860 MHz, 0x0000000000000000
2026/10/01 13:55:15.769, 80, 85.49 W, 99 %, 1860 MHz, 0x0000000000000000
2026/10/01 13:55:25.788, 81, 132.71 W, 55 %, 1860 MHz, 0x0000000000000000
2026/10/01 13:55:35.804, 80, 140.10 W, 3 %, 1860 MHz, 0x0000000000000000
2026/10/01 13:55:45.822, 78, 120.81 W, 43 %, 1860 MHz, 0x0000000000000000
2026/10/01 13:55:55.840, 78, 84.25 W, 99 %, 1860 MHz, 0x0000000000000000
2026/10/01 13:56:05.858, 81, 85.54 W, 99 %, 1860 MHz, 0x0000000000000000
2026/10/01 13:56:15.881, 80, 140.08 W, 46 %, 1860 MHz, 0x0000000000000000
2026/10/01 13:56:25.902, 80, 133.75 W, 2 %, 1860 MHz, 0x0000000000000000
2026/10/01 13:56:35.921, 78, 84.38 W, 57 %, 1860 MHz, 0x0000000000000000
2026/10/01 13:56:45.938, 80, 84.38 W, 99 %, 1860 MHz, 0x0000000000000000
2026/10/01 13:56:55.960, 81, 132.04 W, 90 %, 1860 MHz, 0x0000000000000000
2026/10/01 13:57:05.977, 80, 134.21 W, 33 %, 1860 MHz, 0x0000000000000000
2026/10/01 13:57:15.996, 78, 128.04 W, 15 %, 1860 MHz, 0x0000000000000000
2026/10/01 13:57:26.013, 78, 84.37 W, 66 %, 1860 MHz, 0x0000000000000000
2026/10/01 13:57:36.029, 81, 85.88 W, 99 %, 1860 MHz, 0x0000000000000000
2026/10/01 13:57:46.047, 80, 138.33 W, 84 %, 1860 MHz, 0x0000000000000000
2026/10/01 13:57:56.064, 81, 138.56 W, 29 %, 1860 MHz, 0x0000000000000000
2026/10/01 13:58:06.081, 80, 136.82 W, 13 %, 1860 MHz, 0x0000000000000000
2026/10/01 13:58:16.099, 78, 84.39 W, 60 %, 1860 MHz, 0x0000000000000000
2026/10/01 13:58:26.116, 79, 84.99 W, 99 %, 1860 MHz, 0x0000000000000000
2026/10/01 13:58:36.132, 81, 139.87 W, 91 %, 1860 MHz, 0x0000000000000000
2026/10/01 13:58:46.151, 81, 131.92 W, 45 %, 1860 MHz, 0x0000000000000000
2026/10/01 13:58:56.169, 79, 129.06 W, 1 %, 1860 MHz, 0x0000000000000000
2026/10/01 13:59:06.191, 78, 84.36 W, 52 %, 1860 MHz, 0x0000000000000000
2026/10/01 13:59:16.208, 81, 129.77 W, 99 %, 1860 MHz, 0x0000000000000000
2026/10/01 13:59:26.229, 81, 131.60 W, 92 %, 1860 MHz, 0x0000000000000000
2026/10/01 13:59:36.246, 80, 131.60 W, 42 %, 1860 MHz, 0x0000000000000000
2026/10/01 13:59:46.266, 78, 114.59 W, 1 %, 1860 MHz, 0x0000000000000000
2026/10/01 13:59:56.283, 78, 84.19 W, 55 %, 1860 MHz, 0x0000000000000000
2026/10/01 14:00:06.299, 81, 116.26 W, 99 %, 1860 MHz, 0x0000000000000000
2026/10/01 14:00:16.322, 81, 131.49 W, 97 %, 1860 MHz, 0x0000000000000000
2026/10/01 14:00:26.341, 80, 128.51 W, 49 %, 1860 MHz, 0x0000000000000000
2026/10/01 14:00:36.358, 78, 127.60 W, 3 %, 1860 MHz, 0x0000000000000000
2026/10/01 14:00:46.375, 78, 85.08 W, 36 %, 1860 MHz, 0x0000000000000000
2026/10/01 14:00:56.394, 81, 85.05 W, 83 %, 1860 MHz, 0x0000000000000000
2026/10/01 14:01:06.416, 80, 135.81 W, 99 %, 1860 MHz, 0x0000000000000000
2026/10/01 14:01:16.435, 80, 132.71 W, 18 %, 1860 MHz, 0x0000000000000000
2026/10/01 14:01:26.454, 78, 131.51 W, 73 %, 1860 MHz, 0x0000000000000000
2026/10/01 14:01:36.473, 79, 84.03 W, 99 %, 1860 MHz, 0x0000000000000000
2026/10/01 14:01:46.491, 80, 92.28 W, 75 %, 1860 MHz, 0x0000000000000000
2026/10/01 14:01:56.512, 80, 138.29 W, 29 %, 1860 MHz, 0x0000000000000000
2026/10/01 14:02:06.529, 80, 139.13 W, 17 %, 1860 MHz, 0x0000000000000000
2026/10/01 14:02:16.548, 78, 91.70 W, 70 %, 1860 MHz, 0x0000000000000000
2026/10/01 14:02:26.569, 78, 85.11 W, 99 %, 1860 MHz, 0x0000000000000000
2026/10/01 14:02:36.587, 79, 84.88 W, 89 %, 1860 MHz, 0x0000000000000000
2026/10/01 14:02:46.608, 81, 131.35 W, 41 %, 1860 MHz, 0x0000000000000000
2026/10/01 14:02:56.626, 81, 134.61 W, 5 %, 1860 MHz, 0x0000000000000000
2026/10/01 14:03:06.643, 79, 129.75 W, 54 %, 1860 MHz, 0x0000000000000000
2026/10/01 14:03:16.661, 78, 84.12 W, 99 %, 1860 MHz, 0x0000000000000000
2026/10/01 14:03:26.677, 81, 102.29 W, 90 %, 1860 MHz, 0x0000000000000000
2026/10/01 14:03:36.698, 81, 128.39 W, 37 %, 1860 MHz, 0x0000000000000000
2026/10/01 14:03:46.716, 80, 136.39 W, 4 %, 1860 MHz, 0x0000000000000000
2026/10/01 14:03:56.735, 78, 89.99 W, 49 %, 1860 MHz, 0x0000000000000000
2026/10/01 14:04:06.756, 78, 84.15 W, 98 %, 1860 MHz, 0x0000000000000000
2026/10/01 14:04:16.773, 81, 84.27 W, 99 %, 1860 MHz, 0x0000000000000000
2026/10/01 14:04:26.792, 81, 130.49 W, 57 %, 1860 MHz, 0x0000000000000000
2026/10/01 14:04:36.809, 80, 135.81 W, 12 %, 1860 MHz, 0x0000000000000000
2026/10/01 14:04:46.825, 78, 135.67 W, 32 %, 1860 MHz, 0x0000000000000000
2026/10/01 14:04:56.844, 78, 83.77 W, 76 %, 1860 MHz, 0x0000000000000000
2026/10/01 14:05:06.861, 81, 84.51 W, 99 %, 1860 MHz, 0x0000000000000000
2026/10/01 14:05:16.878, 81, 129.90 W, 83 %, 1860 MHz, 0x0000000000000000
2026/10/01 14:05:26.895, 80, 130.99 W, 33 %, 1860 MHz, 0x0000000000000000
2026/10/01 14:05:36.915, 78, 128.13 W, 14 %, 1860 MHz, 0x0000000000000000
2026/10/01 14:05:46.933, 78, 83.64 W, 69 %, 1860 MHz, 0x0000000000000000
2026/10/01 14:05:56.950, 80, 103.62 W, 99 %, 1860 MHz, 0x0000000000000000
2026/10/01 14:06:06.969, 80, 129.54 W, 73 %, 1860 MHz, 0x0000000000000000
2026/10/01 14:06:16.988, 80, 134.86 W, 27 %, 1860 MHz, 0x0000000000000000
2026/10/01 14:06:27.004, 78, 115.32 W, 20 %, 1860 MHz, 0x0000000000000000
2026/10/01 14:06:37.024, 78, 83.94 W, 66 %, 1860 MHz, 0x0000000000000000
2026/10/01 14:06:47.039, 80, 97.87 W, 99 %, 1860 MHz, 0x0000000000000000
2026/10/01 14:06:57.060, 80, 129.64 W, 82 %, 1860 MHz, 0x0000000000000000
2026/10/01 14:07:07.079, 80, 132.83 W, 34 %, 1860 MHz, 0x0000000000000000
2026/10/01 14:07:17.099, 79, 83.69 W, 8 %, 1860 MHz, 0x0000000000000000
2026/10/01 14:07:27.118, 78, 83.92 W, 57 %, 1860 MHz, 0x0000000000000000
2026/10/01 14:07:37.134, 80, 102.59 W, 99 %, 1860 MHz, 0x0000000000000000
2026/10/01 14:07:47.156, 80, 129.68 W, 93 %, 1860 MHz, 0x0000000000000000
2026/10/01 14:07:57.173, 80, 137.22 W, 32 %, 1860 MHz, 0x0000000000000000
2026/10/01 14:08:07.191, 78, 84.01 W, 9 %, 1860 MHz, 0x0000000000000000
2026/10/01 14:08:17.209, 78, 84.09 W, 66 %, 1860 MHz, 0x0000000000000000
2026/10/01 14:08:27.224, 80, 133.73 W, 99 %, 1860 MHz, 0x0000000000000000
2026/10/01 14:08:37.240, 80, 137.14 W, 90 %, 1860 MHz, 0x0000000000000000
2026/10/01 14:08:47.258, 79, 132.08 W, 37 %, 1860 MHz, 0x0000000000000000
2026/10/01 14:08:57.276, 78, 83.80 W, 9 %, 1860 MHz, 0x0000000000000000
2026/10/01 14:09:07.292, 79, 84.08 W, 92 %, 1860 MHz, 0x0000000000000000
2026/10/01 14:09:17.310, 80, 129.43 W, 44 %, 1860 MHz, 0x0000000000000000
2026/10/01 14:09:27.328, 80, 135.43 W, 1 %, 1860 MHz, 0x0000000000000000
2026/10/01 14:09:37.347, 79, 131.70 W, 55 %, 1860 MHz, 0x0000000000000000
2026/10/01 14:09:47.365, 78, 83.82 W, 99 %, 1860 MHz, 0x0000000000000000
2026/10/01 14:09:57.381, 80, 85.25 W, 97 %, 1860 MHz, 0x0000000000000000
2026/10/01 14:10:07.397, 80, 128.62 W, 48 %, 1860 MHz, 0x0000000000000000
2026/10/01 14:10:17.415, 80, 133.45 W, 1 %, 1860 MHz, 0x0000000000000000
2026/10/01 14:10:27.433, 78, 130.77 W, 45 %, 1860 MHz, 0x0000000000000000
2026/10/01 14:10:37.449, 78, 83.73 W, 93 %, 1860 MHz, 0x0000000000000000
2026/10/01 14:10:47.465, 80, 83.94 W, 99 %, 1860 MHz, 0x0000000000000000
2026/10/01 14:10:57.482, 80, 131.49 W, 52 %, 1860 MHz, 0x0000000000000000
2026/10/01 14:11:07.500, 80, 129.10 W, 5 %, 1860 MHz, 0x0000000000000000
2026/10/01 14:11:17.517, 78, 133.02 W, 44 %, 1860 MHz, 0x0000000000000000
2026/10/01 14:11:27.535, 78, 83.81 W, 95 %, 1860 MHz, 0x0000000000000000
2026/10/01 14:11:37.551, 80, 85.87 W, 99 %, 1860 MHz, 0x0000000000000000
2026/10/01 14:11:47.573, 80, 137.93 W, 40 %, 1860 MHz, 0x0000000000000000
2026/10/01 14:11:57.595, 80, 127.57 W, 1 %, 1860 MHz, 0x0000000000000000
2026/10/01 14:12:07.613, 79, 114.46 W, 45 %, 1860 MHz, 0x0000000000000000
2026/10/01 14:12:17.630, 78, 85.25 W, 93 %, 1860 MHz, 0x0000000000000000
2026/10/01 14:12:27.647, 79, 102.80 W, 99 %, 1860 MHz, 0x0000000000000000
2026/10/01 14:12:37.668, 80, 133.90 W, 63 %, 1860 MHz, 0x0000000000000000
2026/10/01 14:12:47.685, 80, 137.70 W, 16 %, 1860 MHz, 0x0000000000000000
2026/10/01 14:12:57.702, 78, 136.25 W, 27 %, 1860 MHz, 0x0000000000000000
2026/10/01 14:13:07.719, 78, 83.96 W, 76 %, 1860 MHz, 0x0000000000000000
2026/10/01 14:13:17.737, 80, 85.61 W, 99 %, 1860 MHz, 0x0000000000000000
2026/10/01 14:13:27.756, 80, 136.65 W, 73 %, 1860 MHz, 0x0000000000000000
2026/10/01 14:13:37.775, 80, 138.26 W, 24 %, 1860 MHz, 0x0000000000000000
2026/10/01 14:13:47.793, 78, 102.31 W, 20 %, 1860 MHz, 0x0000000000000000
2026/10/01 14:13:57.810, 78, 85.03 W, 68 %, 1860 MHz, 0x0000000000000000
2026/10/01 14:14:07.827, 80, 84.57 W, 99 %, 1860 MHz, 0x0000000000000000
2026/10/01 14:14:17.850, 80, 129.89 W, 88 %, 1860 MHz, 0x0000000000000000
2026/10/01 14:14:27.867, 80, 127.86 W, 35 %, 1860 MHz, 0x0000000000000000
2026/10/01 14:14:37.884, 78, 88.59 W, 14 %, 1860 MHz, 0x0000000000000000
2026/10/01 14:14:47.903, 78, 83.80 W, 61 %, 1860 MHz, 0x0000000000000000
2026/10/01 14:14:57.919, 80, 85.13 W, 99 %, 1860 MHz, 0x0000000000000000
2026/10/01 14:15:07.943, 80, 133.24 W, 88 %, 1860 MHz, 0x0000000000000000
2026/10/01 14:15:17.961, 79, 136.27 W, 35 %, 1860 MHz, 0x0000000000000000
2026/10/01 14:15:27.983, 78, 83.69 W, 12 %, 1860 MHz, 0x0000000000000000
2026/10/01 14:15:37.999, 78, 83.60 W, 61 %, 1860 MHz, 0x0000000000000000
2026/10/01 14:15:48.015, 80, 136.03 W, 99 %, 1860 MHz, 0x0000000000000000
2026/10/01 14:15:58.032, 80, 135.59 W, 79 %, 1860 MHz, 0x0000000000000000
2026/10/01 14:16:08.054, 78, 127.01 W, 16 %, 1860 MHz, 0x0000000000000000
2026/10/01 14:16:18.071, 78, 83.39 W, 28 %, 1860 MHz, 0x0000000000000000
2026/10/01 14:16:28.092, 80, 84.01 W, 85 %, 1860 MHz, 0x0000000000000000
2026/10/01 14:16:38.114, 80, 132.06 W, 99 %, 1860 MHz, 0x0000000000000000
2026/10/01 14:16:48.135, 80, 132.91 W, 66 %, 1860 MHz, 0x0000000000000000
2026/10/01 14:16:58.152, 79, 134.74 W, 20 %, 1860 MHz, 0x0000000000000000
2026/10/01 14:17:08.172, 78, 83.78 W, 99 %, 1860 MHz, 0x0000000000000000
2026/10/01 14:17:18.188, 78, 85.49 W, 85 %, 1860 MHz, 0x0000000000000000
2026/10/01 14:17:28.207, 80, 132.50 W, 35 %, 1860 MHz, 0x0000000000000000
2026/10/01 14:17:38.223, 80, 129.82 W, 4 %, 1860 MHz, 0x0000000000000000
2026/10/01 14:17:48.241, 79, 126.15 W, 53 %, 1860 MHz, 0x0000000000000000
2026/10/01 14:17:58.257, 78, 83.59 W, 99 %, 1860 MHz, 0x0000000000000000
2026/10/01 14:18:08.275, 79, 84.67 W, 95 %, 1860 MHz, 0x0000000000000000
2026/10/01 14:18:18.293, 80, 130.92 W, 44 %, 1860 MHz, 0x0000000000000000
2026/10/01 14:18:28.310, 80, 136.06 W, 1 %, 1860 MHz, 0x0000000000000000
2026/10/01 14:18:38.329, 78, 134.23 W, 59 %, 1860 MHz, 0x0000000000000000
2026/10/01 14:18:48.348, 78, 83.83 W, 99 %, 1860 MHz, 0x0000000000000000
2026/10/01 14:18:58.364, 80, 101.92 W, 94 %, 1860 MHz, 0x0000000000000000
2026/10/01 14:19:08.387, 80, 128.08 W, 42 %, 1860 MHz, 0x0000000000000000
2026/10/01 14:19:18.405, 80, 127.62 W, 2 %, 1860 MHz, 0x0000000000000000
2026/10/01 14:19:28.422, 78, 118.25 W, 51 %, 1860 MHz, 0x0000000000000000
2026/10/01 14:19:38.440, 78, 83.69 W, 99 %, 1860 MHz, 0x0000000000000000
2026/10/01 14:19:48.456, 80, 134.39 W, 95 %, 1860 MHz, 0x0000000000000000
2026/10/01 14:19:58.472, 80, 126.43 W, 49 %, 1860 MHz, 0x0000000000000000
2026/10/01 14:20:08.494, 79, 130.97 W, 2 %, 1860 MHz, 0x0000000000000000
2026/10/01 14:20:18.513, 78, 83.58 W, 44 %, 1860 MHz, 0x0000000000000000
2026/10/01 14:20:28.532, 78, 84.52 W, 93 %, 1860 MHz, 0x0000000000000000
2026/10/01 14:20:38.551, 80, 106.70 W, 99 %, 1860 MHz, 0x0000000000000000
2026/10/01 14:20:48.572, 80, 129.18 W, 61 %, 1860 MHz, 0x0000000000000000
2026/10/01 14:20:58.588, 79, 127.05 W, 6 %, 1860 MHz, 0x0000000000000000
2026/10/01 14:21:08.606, 78, 83.97 W, 44 %, 1860 MHz, 0x0000000000000000
2026/10/01 14:21:18.625, 78, 83.49 W, 96 %, 1860 MHz, 0x0000000000000000
2026/10/01 14:21:28.642, 80, 132.44 W, 99 %, 1860 MHz, 0x0000000000000000
2026/10/01 14:21:38.661, 80, 130.27 W, 53 %, 1860 MHz, 0x0000000000000000
2026/10/01 14:21:48.680, 80, 131.11 W, 6 %, 1860 MHz, 0x0000000000000000
2026/10/01 14:21:58.697, 78, 83.73 W, 40 %, 1860 MHz, 0x0000000000000000
2026/10/01 14:22:08.715, 78, 83.96 W, 86 %, 1860 MHz, 0x0000000000000000
2026/10/01 14:22:18.732, 80, 132.31 W, 99 %, 1860 MHz, 0x0000000000000000
2026/10/01 14:22:28.749, 80, 135.86 W, 61 %, 1860 MHz, 0x0000000000000000
2026/10/01 14:22:38.771, 79, 134.20 W, 1 %, 1860 MHz, 0x0000000000000000
2026/10/01 14:22:48.792, 78, 84.61 W, 52 %, 1860 MHz, 0x0000000000000000
2026/10/01 14:22:58.810, 80, 84.64 W, 99 %, 1860 MHz, 0x0000000000000000
2026/10/01 14:23:08.832, 80, 136.64 W, 95 %, 1860 MHz, 0x0000000000000000
2026/10/01 14:23:18.849, 80, 133.79 W, 39 %, 1860 MHz, 0x0000000000000000
2026/10/01 14:23:28.868, 78, 85.25 W, 16 %, 1860 MHz, 0x0000000000000000
2026/10/01 14:23:38.884, 78, 85.04 W, 75 %, 1860 MHz, 0x0000000000000000
2026/10/01 14:23:48.900, 80, 127.51 W, 99 %, 1860 MHz, 0x0000000000000000
2026/10/01 14:23:58.921, 80, 132.10 W, 72 %, 1860 MHz, 0x0000000000000000
2026/10/01 14:24:08.940, 78, 133.27 W, 14 %, 1860 MHz, 0x0000000000000000
2026/10/01 14:24:18.958, 78, 83.84 W, 33 %, 1860 MHz, 0x0000000000000000
2026/10/01 14:24:28.977, 80, 84.74 W, 84 %, 1860 MHz, 0x0000000000000000
2026/10/01 14:24:39.002, 80, 128.57 W, 99 %, 1860 MHz, 0x0000000000000000
2026/10/01 14:24:49.023, 80, 131.91 W, 67 %, 1860 MHz, 0x0000000000000000
2026/10/01 14:24:59.041, 78, 121.36 W, 16 %, 1860 MHz, 0x0000000000000000
2026/10/01 14:25:09.057, 78, 84.77 W, 99 %, 1860 MHz, 0x0000000000000000
2026/10/01 14:25:19.075, 80, 95.11 W, 68 %, 1860 MHz, 0x0000000000000000
2026/10/01 14:25:29.098, 80, 135.45 W, 17 %, 1860 MHz, 0x0000000000000000
2026/10/01 14:25:39.117, 78, 134.81 W, 26 %, 1860 MHz, 0x0000000000000000
2026/10/01 14:25:49.140, 78, 84.85 W, 79 %, 1860 MHz, 0x0000000000000000
2026/10/01 14:25:59.161, 78, 83.87 W, 99 %, 1860 MHz, 0x0000000000000000
2026/10/01 14:26:09.180, 79, 91.22 W, 79 %, 1860 MHz, 0x0000000000000000
2026/10/01 14:26:19.201, 80, 131.74 W, 18 %, 1860 MHz, 0x0000000000000000
2026/10/01 14:26:29.218, 80, 135.27 W, 37 %, 1860 MHz, 0x0000000000000000
2026/10/01 14:26:39.237, 78, 83.39 W, 83 %, 1860 MHz, 0x0000000000000000
2026/10/01 14:26:49.253, 78, 85.17 W, 99 %, 1860 MHz, 0x0000000000000000
2026/10/01 14:26:59.269, 80, 126.95 W, 65 %, 1860 MHz, 0x0000000000000000
2026/10/01 14:27:09.287, 80, 135.46 W, 16 %, 1860 MHz, 0x0000000000000000
2026/10/01 14:27:19.306, 79, 126.70 W, 23 %, 1860 MHz, 0x0000000000000000
2026/10/01 14:27:29.323, 78, 83.56 W, 73 %, 1860 MHz, 0x0000000000000000
2026/10/01 14:27:39.339, 78, 84.06 W, 99 %, 1860 MHz, 0x0000000000000000
2026/10/01 14:27:49.356, 80, 130.33 W, 81 %, 1860 MHz, 0x0000000000000000
2026/10/01 14:27:59.379, 80, 127.10 W, 35 %, 1860 MHz, 0x0000000000000000
2026/10/01 14:28:09.396, 78, 72.17 W, 13 %, 1605 MHz, 0x0000000000000000
2026/10/01 14:28:19.415, 78, 135.23 W, 33 %, 1860 MHz, 0x0000000000000000
2026/10/01 14:28:29.434, 78, 83.66 W, 73 %, 1860 MHz, 0x0000000000000000
2026/10/01 14:28:39.450, 80, 85.61 W, 99 %, 1860 MHz, 0x0000000000000000
2026/10/01 14:28:49.466, 81, 135.72 W, 93 %, 1860 MHz, 0x0000000000000000
2026/10/01 14:28:59.485, 81, 146.65 W, 52 %, 1860 MHz, 0x0000000000000000
2026/10/01 14:29:09.502, 80, 137.90 W, 7 %, 1860 MHz, 0x0000000000000000
2026/10/01 14:29:19.522, 78, 84.07 W, 35 %, 1860 MHz, 0x0000000000000000
2026/10/01 14:29:29.539, 79, 84.12 W, 74 %, 1860 MHz, 0x0000000000000000
2026/10/01 14:29:39.556, 81, 109.49 W, 99 %, 1860 MHz, 0x0000000000000000
2026/10/01 14:29:49.581, 81, 137.80 W, 83 %, 1860 MHz, 0x0000000000000000
2026/10/01 14:29:59.601, 81, 146.66 W, 37 %, 1860 MHz, 0x0000000000000000
2026/10/01 14:30:09.620, 78, 141.50 W, 13 %, 1860 MHz, 0x0000000000000000
2026/10/01 14:30:19.637, 79, 84.26 W, 57 %, 1860 MHz, 0x0000000000000000
2026/10/01 14:30:29.654, 79, 85.65 W, 99 %, 1860 MHz, 0x0000000000000000
2026/10/01 14:30:39.674, 82, 145.88 W, 86 %, 1860 MHz, 0x0000000000000000
2026/10/01 14:30:49.692, 82, 143.40 W, 39 %, 1860 MHz, 0x0000000000000000
2026/10/01 14:30:59.709, 80, 135.39 W, 5 %, 1860 MHz, 0x0000000000000000
2026/10/01 14:31:09.727, 79, 84.33 W, 51 %, 1860 MHz, 0x0000000000000000
2026/10/01 14:31:19.746, 80, 85.27 W, 99 %, 1860 MHz, 0x0000000000000000
2026/10/01 14:31:29.767, 82, 146.06 W, 99 %, 1860 MHz, 0x0000000000000000
2026/10/01 14:31:39.785, 81, 138.42 W, 59 %, 1860 MHz, 0x0000000000000000
2026/10/01 14:31:49.803, 81, 140.70 W, 20 %, 1860 MHz, 0x0000000000000000
2026/10/01 14:31:59.821, 79, 84.37 W, 22 %, 1860 MHz, 0x0000000000000000
2026/10/01 14:32:09.838, 79, 84.85 W, 65 %, 1860 MHz, 0x0000000000000000
2026/10/01 14:32:19.856, 82, 142.59 W, 99 %, 1860 MHz, 0x0000000000000000
2026/10/01 14:32:29.873, 81, 138.59 W, 99 %, 1860 MHz, 0x0000000000000000
2026/10/01 14:32:39.895, 81, 140.88 W, 56 %, 1860 MHz, 0x0000000000000000
2026/10/01 14:32:49.914, 79, 99.94 W, 14 %, 1860 MHz, 0x0000000000000000
2026/10/01 14:32:59.930, 79, 85.42 W, 99 %, 1860 MHz, 0x0000000000000000
2026/10/01 14:33:09.946, 82, 86.16 W, 84 %, 1860 MHz, 0x0000000000000000
2026/10/01 14:33:19.964, 81, 146.52 W, 43 %, 1860 MHz, 0x0000000000000000
2026/10/01 14:33:29.981, 82, 137.74 W, 3 %, 1860 MHz, 0x0000000000000000
2026/10/01 14:33:39.998, 81, 144.85 W, 34 %, 1860 MHz, 0x0000000000000000
2026/10/01 14:33:50.017, 79, 84.64 W, 78 %, 1860 MHz, 0x0000000000000000
2026/10/01 14:34:00.035, 79, 84.85 W, 99 %, 1860 MHz, 0x0000000000000000
2026/10/01 14:34:10.051, 81, 98.98 W, 79 %, 1860 MHz, 0x0000000000000000
2026/10/01 14:34:20.074, 81, 136.12 W, 34 %, 1860 MHz, 0x0000000000000000
2026/10/01 14:34:30.093, 81, 142.37 W, 8 %, 1860 MHz, 0x0000000000000000
2026/10/01 14:34:40.109, 79, 135.93 W, 49 %, 1860 MHz, 0x0000000000000000
2026/10/01 14:34:50.130, 79, 84.56 W, 92 %, 1860 MHz, 0x0000000000000000
2026/10/01 14:35:00.147, 81, 87.75 W, 99 %, 1860 MHz, 0x0000000000000000
2026/10/01 14:35:10.167, 81, 146.14 W, 70 %, 1860 MHz, 0x0000000000000000
2026/10/01 14:35:20.187, 82, 138.86 W, 29 %, 1860 MHz, 0x0000000000000000
2026/10/01 14:35:30.205, 81, 145.38 W, 11 %, 1860 MHz, 0x0000000000000000
2026/10/01 14:35:40.224, 79, 110.33 W, 54 %, 1860 MHz, 0x0000000000000000
2026/10/01 14:35:50.244, 79, 84.69 W, 99 %, 1860 MHz, 0x0000000000000000
2026/10/01 14:36:00.265, 82, 137.18 W, 99 %, 1860 MHz, 0x0000000000000000
2026/10/01 14:36:10.286, 82, 140.35 W, 54 %, 1860 MHz, 0x0000000000000000
2026/10/01 14:36:20.303, 81, 145.85 W, 10 %, 1860 MHz, 0x0000000000000000
2026/10/01 14:36:30.320, 79, 135.85 W, 31 %, 1860 MHz, 0x0000000000000000
2026/10/01 14:36:40.340, 79, 85.65 W, 71 %, 1860 MHz, 0x0000000000000000
2026/10/01 14:36:50.356, 80, 86.24 W, 99 %, 1860 MHz, 0x0000000000000000
2026/10/01 14:37:00.372, 82, 142.27 W, 67 %, 1860 MHz, 0x0000000000000000
2026/10/01 14:37:10.391, 81, 145.40 W, 17 %, 1860 MHz, 0x0000000000000000
2026/10/01 14:37:20.408, 79, 142.59 W, 19 %, 1860 MHz, 0x0000000000000000
2026/10/01 14:37:30.426, 79, 84.55 W, 64 %, 1860 MHz, 0x0000000000000000
2026/10/01 14:37:40.443, 82, 85.54 W, 99 %, 1860 MHz, 0x0000000000000000
2026/10/01 14:37:50.466, 82, 145.42 W, 94 %, 1860 MHz, 0x0000000000000000
2026/10/01 14:38:00.483, 82, 140.06 W, 44 %, 1860 MHz, 0x0000000000000000
2026/10/01 14:38:10.500, 79, 135.06 W, 1 %, 1860 MHz, 0x0000000000000000
2026/10/01 14:38:20.516, 79, 84.26 W, 42 %, 1860 MHz, 0x0000000000000000
2026/10/01 14:38:30.534, 80, 84.75 W, 81 %, 1860 MHz, 0x0000000000000000
2026/10/01 14:38:40.556, 82, 142.71 W, 99 %, 1860 MHz, 0x0000000000000000
2026/10/01 14:38:50.573, 82, 136.55 W, 78 %, 1860 MHz, 0x0000000000000000
2026/10/01 14:39:00.591, 81, 143.77 W, 32 %, 1860 MHz, 0x0000000000000000
2026/10/01 14:39:10.610, 79, 97.92 W, 10 %, 1860 MHz, 0x0000000000000000
2026/10/01 14:39:20.627, 80, 84.68 W, 59 %, 1860 MHz, 0x0000000000000000
2026/10/01 14:39:30.646, 82, 88.20 W, 99 %, 1860 MHz, 0x0000000000000000
2026/10/01 14:39:40.669, 82, 142.78 W, 99 %, 1860 MHz, 0x0000000000000000
2026/10/01 14:39:50.687, 82, 141.40 W, 52 %, 1860 MHz, 0x0000000000000000
2026/10/01 14:40:00.705, 81, 142.56 W, 5 %, 1860 MHz, 0x0000000000000000
2026/10/01 14:40:10.722, 79, 84.62 W, 34 %, 1860 MHz, 0x0000000000000000
2026/10/01 14:40:20.739, 80, 85.67 W, 85 %, 1860 MHz, 0x0000000000000000
2026/10/01 14:40:30.758, 82, 137.35 W, 99 %, 1860 MHz, 0x0000000000000000
2026/10/01 14:40:40.777, 82, 136.32 W, 73 %, 1860 MHz, 0x0000000000000000
2026/10/01 14:40:50.796, 81, 140.09 W, 25 %, 1860 MHz, 0x0000000000000000
2026/10/01 14:41:00.814, 79, 84.52 W, 14 %, 1860 MHz, 0x0000000000000000
2026/10/01 14:41:10.833, 79, 85.44 W, 99 %, 1860 MHz, 0x0000000000000000
2026/10/01 14:41:20.849, 82, 139.21 W, 56 %, 1860 MHz, 0x0000000000000000
2026/10/01 14:41:30.868, 81, 142.47 W, 13 %, 1860 MHz, 0x0000000000000000
2026/10/01 14:41:40.885, 81, 137.05 W, 27 %, 1860 MHz, 0x0000000000000000
2026/10/01 14:41:50.904, 79, 84.53 W, 73 %, 1860 MHz, 0x0000000000000000
2026/10/01 14:42:00.924, 79, 84.78 W, 99 %, 1860 MHz, 0x0000000000000000
2026/10/01 14:42:10.941, 82, 104.95 W, 79 %, 1860 MHz, 0x0000000000000000
2026/10/01 14:42:20.962, 82, 142.67 W, 38 %, 1860 MHz, 0x0000000000000000
2026/10/01 14:42:30.979, 81, 141.92 W, 6 %, 1860 MHz, 0x0000000000000000
2026/10/01 14:42:40.998, 79, 138.11 W, 57 %, 1860 MHz, 0x0000000000000000
2026/10/01 14:42:51.014, 79, 84.73 W, 97 %, 1860 MHz, 0x0000000000000000
2026/10/01 14:43:01.031, 81, 84.85 W, 99 %, 1860 MHz, 0x0000000000000000
2026/10/01 14:43:11.049, 82, 142.44 W, 76 %, 1860 MHz, 0x0000000000000000
2026/10/01 14:43:21.066, 82, 141.06 W, 32 %, 1860 MHz, 0x0000000000000000
2026/10/01 14:43:31.083, 81, 137.94 W, 4 %, 1860 MHz, 0x0000000000000000
2026/10/01 14:43:41.102, 79, 114.47 W, 49 %, 1860 MHz, 0x0000000000000000
2026/10/01 14:43:51.119, 79, 84.81 W, 92 %, 1860 MHz, 0x0000000000000000
2026/10/01 14:44:01.134, 82, 85.38 W, 99 %, 1860 MHz, 0x0000000000000000
2026/10/01 14:44:11.152, 81, 139.63 W, 72 %, 1860 MHz, 0x0000000000000000
2026/10/01 14:44:21.168, 81, 138.69 W, 30 %, 1860 MHz, 0x0000000000000000
2026/10/01 14:44:31.185, 79, 141.17 W, 6 %, 1860 MHz, 0x0000000000000000
2026/10/01 14:44:41.206, 79, 84.42 W, 54 %, 1860 MHz, 0x0000000000000000
2026/10/01 14:44:51.223, 79, 85.48 W, 94 %, 1860 MHz, 0x0000000000000000
2026/10/01 14:45:01.241, 81, 119.51 W, 99 %, 1860 MHz, 0x0000000000000000
2026/10/01 14:45:11.261, 81, 142.28 W, 66 %, 1860 MHz, 0x0000000000000000
2026/10/01 14:45:21.280, 81, 145.52 W, 21 %, 1860 MHz, 0x0000000000000000
2026/10/01 14:45:31.298, 80, 142.01 W, 18 %, 1860 MHz, 0x0000000000000000
2026/10/01 14:45:41.315, 79, 84.56 W, 63 %, 1860 MHz, 0x0000000000000000
2026/10/01 14:45:51.333, 80, 86.05 W, 99 %, 1860 MHz, 0x0000000000000000
2026/10/01 14:46:01.349, 82, 141.68 W, 91 %, 1860 MHz, 0x0000000000000000
2026/10/01 14:46:11.367, 82, 139.41 W, 43 %, 1860 MHz, 0x0000000000000000
2026/10/01 14:46:21.384, 80, 135.04 W, 1 %, 1860 MHz, 0x0000000000000000
2026/10/01 14:46:31.402, 79, 85.39 W, 42 %, 1860 MHz, 0x0000000000000000
2026/10/01 14:46:41.418, 80, 85.86 W, 97 %, 1860 MHz, 0x0000000000000000
2026/10/01 14:46:51.434, 82, 144.13 W, 99 %, 1860 MHz, 0x0000000000000000
2026/10/01 14:47:01.453, 82, 138.94 W, 66 %, 1860 MHz, 0x0000000000000000
2026/10/01 14:47:11.471, 79, 137.53 W, 11 %, 1860 MHz, 0x0000000000000000
2026/10/01 14:47:21.487, 79, 84.35 W, 36 %, 1860 MHz, 0x0000000000000000
2026/10/01 14:47:31.505, 81, 87.56 W, 82 %, 1860 MHz, 0x0000000000000000
2026/10/01 14:47:41.521, 82, 139.37 W, 99 %, 1860 MHz, 0x0000000000000000
2026/10/01 14:47:51.537, 81, 138.09 W, 70 %, 1860 MHz, 0x0000000000000000
2026/10/01 14:48:01.556, 79, 137.72 W, 17 %, 1860 MHz, 0x0000000000000000
2026/10/01 14:48:11.573, 79, 85.71 W, 23 %, 1860 MHz, 0x0000000000000000
2026/10/01 14:48:21.589, 82, 85.09 W, 72 %, 1860 MHz, 0x0000000000000000
2026/10/01 14:48:31.605, 82, 140.80 W, 99 %, 1860 MHz, 0x0000000000000000
2026/10/01 14:48:41.623, 81, 135.87 W, 86 %, 1860 MHz, 0x0000000000000000
2026/10/01 14:48:51.640, 78, 133.48 W, 37 %, 1860 MHz, 0x0000000000000000
2026/10/01 14:49:01.657, 79, 84.33 W, 99 %, 1860 MHz, 0x0000000000000000
2026/10/01 14:49:11.672, 82, 84.47 W, 99 %, 1860 MHz, 0x0000000000000000
2026/10/01 14:49:21.691, 81, 139.31 W, 56 %, 1860 MHz, 0x0000000000000000
2026/10/01 14:49:31.710, 81, 130.80 W, 2 %, 1860 MHz, 0x0000000000000000
2026/10/01 14:49:41.730, 81, 141.18 W, 40 %, 1860 MHz, 0x0000000000000000
2026/10/01 14:49:51.748, 78, 84.39 W, 85 %, 1860 MHz, 0x0000000000000000
2026/10/01 14:50:01.766, 79, 84.50 W, 99 %, 1860 MHz, 0x0000000000000000
2026/10/01 14:50:11.783, 81, 98.59 W, 81 %, 1860 MHz, 0x0000000000000000
2026/10/01 14:50:21.804, 81, 144.54 W, 37 %, 1860 MHz, 0x0000000000000000
2026/10/01 14:50:31.821, 81, 142.72 W, 1 %, 1860 MHz, 0x0000000000000000
2026/10/01 14:50:41.839, 80, 135.51 W, 48 %, 1860 MHz, 0x0000000000000000
2026/10/01 14:50:51.857, 79, 84.46 W, 88 %, 1860 MHz, 0x0000000000000000
2026/10/01 14:51:01.873, 79, 84.65 W, 99 %, 1860 MHz, 0x0000000000000000
2026/10/01 14:51:11.890, 81, 135.57 W, 70 %, 1860 MHz, 0x0000000000000000
2026/10/01 14:51:21.908, 81, 140.57 W, 32 %, 1860 MHz, 0x0000000000000000
2026/10/01 14:51:31.925, 81, 136.72 W, 3 %, 1860 MHz, 0x0000000000000000
2026/10/01 14:51:41.944, 79, 140.98 W, 44 %, 1860 MHz, 0x0000000000000000
2026/10/01 14:51:51.961, 79, 83.99 W, 88 %, 1860 MHz, 0x0000000000000000
2026/10/01 14:52:01.978, 81, 113.83 W, 99 %, 1860 MHz, 0x0000000000000000
2026/10/01 14:52:11.998, 81, 141.73 W, 58 %, 1860 MHz, 0x0000000000000000
2026/10/01 14:52:22.016, 81, 134.57 W, 4 %, 1860 MHz, 0x0000000000000000
2026/10/01 14:52:32.034, 79, 96.71 W, 39 %, 1860 MHz, 0x0000000000000000
2026/10/01 14:52:42.055, 79, 84.66 W, 86 %, 1860 MHz, 0x0000000000000000
2026/10/01 14:52:52.072, 81, 87.59 W, 99 %, 1860 MHz, 0x0000000000000000
2026/10/01 14:53:02.094, 81, 134.57 W, 80 %, 1860 MHz, 0x0000000000000000
2026/10/01 14:53:12.110, 81, 135.13 W, 30 %, 1860 MHz, 0x0000000000000000
2026/10/01 14:53:22.129, 79, 140.00 W, 6 %, 1860 MHz, 0x0000000000000000
2026/10/01 14:53:32.147, 79, 84.27 W, 54 %, 1860 MHz, 0x0000000000000000
2026/10/01 14:53:42.162, 81, 85.42 W, 99 %, 1860 MHz, 0x0000000000000000
2026/10/01 14:53:52.180, 81, 141.47 W, 93 %, 1860 MHz, 0x0000000000000000
2026/10/01 14:54:02.199, 81, 132.57 W, 51 %, 1860 MHz, 0x0000000000000000
2026/10/01 14:54:12.218, 81, 133.49 W, 1 %, 1860 MHz, 0x0000000000000000
2026/10/01 14:54:22.237, 79, 84.59 W, 43 %, 1860 MHz, 0x0000000000000000
2026/10/01 14:54:32.254, 79, 85.74 W, 92 %, 1860 MHz, 0x0000000000000000
2026/10/01 14:54:42.270, 82, 135.68 W, 99 %, 1860 MHz, 0x0000000000000000
2026/10/01 14:54:52.290, 81, 138.78 W, 67 %, 1860 MHz, 0x0000000000000000
2026/10/01 14:55:02.309, 81, 139.49 W, 17 %, 1860 MHz, 0x0000000000000000
2026/10/01 14:55:12.330, 79, 84.29 W, 33 %, 1860 MHz, 0x0000000000000000
2026/10/01 14:55:22.345, 79, 85.10 W, 82 %, 1860 MHz, 0x0000000000000000
2026/10/01 14:55:32.361, 82, 135.45 W, 99 %, 1860 MHz, 0x0000000000000000
2026/10/01 14:55:42.380, 81, 131.63 W, 79 %, 1860 MHz, 0x0000000000000000
2026/10/01 14:55:52.397, 81, 135.78 W, 28 %, 1860 MHz, 0x0000000000000000
2026/10/01 14:56:02.415, 79, 84.72 W, 16 %, 1860 MHz, 0x0000000000000000
2026/10/01 14:56:12.433, 79, 84.45 W, 67 %, 1860 MHz, 0x0000000000000000
2026/10/01 14:56:22.451, 82, 143.59 W, 99 %, 1860 MHz, 0x0000000000000000
2026/10/01 14:56:32.471, 81, 131.08 W, 92 %, 1860 MHz, 0x0000000000000000
2026/10/01 14:56:42.488, 81, 137.84 W, 44 %, 1860 MHz, 0x0000000000000000
2026/10/01 14:56:52.506, 79, 84.14 W, 92 %, 1860 MHz, 0x0000000000000000
2026/10/01 14:57:02.523, 79, 85.37 W, 99 %, 1860 MHz, 0x0000000000000000
2026/10/01 14:57:12.539, 82, 141.16 W, 64 %, 1860 MHz, 0x0000000000000000
2026/10/01 14:57:22.556, 81, 137.31 W, 18 %, 1860 MHz, 0x0000000000000000
2026/10/01 14:57:32.574, 81, 141.04 W, 22 %, 1860 MHz, 0x0000000000000000
2026/10/01 14:57:42.590, 79, 132.19 W, 70 %, 1860 MHz, 0x0000000000000000
2026/10/01 14:57:52.610, 79, 84.77 W, 99 %, 1860 MHz, 0x0000000000000000
2026/10/01 14:58:02.626, 81, 107.75 W, 81 %, 1860 MHz, 0x0000000000000000
2026/10/01 14:58:12.648, 81, 142.08 W, 34 %, 1860 MHz, 0x0000000000000000
2026/10/01 14:58:22.666, 81, 137.33 W, 3 %, 1860 MHz, 0x0000000000000000
2026/10/01 14:58:32.685, 79, 141.04 W, 50 %, 1860 MHz, 0x0000000000000000
2026/10/01 14:58:42.707, 79, 84.35 W, 90 %, 1860 MHz, 0x0000000000000000
2026/10/01 14:58:52.724, 79, 85.21 W, 99 %, 1860 MHz, 0x0000000000000000
2026/10/01 14:59:02.740, 82, 141.29 W, 60 %, 1860 MHz, 0x0000000000000000
2026/10/01 14:59:12.756, 81, 130.44 W, 18 %, 1860 MHz, 0x0000000000000000
2026/10/01 14:59:22.773, 81, 139.35 W, 23 %, 1860 MHz, 0x0000000000000000
2026/10/01 14:59:32.793, 79, 84.31 W, 65 %, 1860 MHz, 0x0000000000000000
2026/10/01 14:59:42.810, 79, 85.84 W, 99 %, 1860 MHz, 0x0000000000000000
2026/10/01 14:59:52.826, 81, 143.61 W, 73 %, 1860 MHz, 0x0000000000000000
2026/10/01 15:00:02.842, 81, 136.43 W, 24 %, 1860 MHz, 0x0000000000000000
2026/10/01 15:00:12.864, 81, 139.18 W, 17 %, 1860 MHz, 0x0000000000000000
2026/10/01 15:00:22.881, 79, 84.21 W, 67 %, 1860 MHz, 0x0000000000000000
2026/10/01 15:00:32.898, 79, 84.42 W, 99 %, 1860 MHz, 0x0000000000000000
2026/10/01 15:00:42.919, 81, 139.06 W, 93 %, 1860 MHz, 0x0000000000000000
2026/10/01 15:00:52.937, 81, 139.22 W, 40 %, 1860 MHz, 0x0000000000000000
2026/10/01 15:01:02.957, 80, 133.39 W, 1 %, 1860 MHz, 0x0000000000000000
2026/10/01 15:01:12.977, 79, 84.23 W, 47 %, 1860 MHz, 0x0000000000000000
2026/10/01 15:01:22.992, 79, 84.53 W, 91 %, 1860 MHz, 0x0000000000000000
2026/10/01 15:01:33.010, 81, 138.15 W, 99 %, 1860 MHz, 0x0000000000000000
2026/10/01 15:01:43.027, 81, 144.18 W, 64 %, 1860 MHz, 0x0000000000000000
2026/10/01 15:01:53.044, 81, 134.40 W, 23 %, 1860 MHz, 0x0000000000000000
2026/10/01 15:02:03.061, 79, 132.86 W, 17 %, 1860 MHz, 0x0000000000000000
2026/10/01 15:02:13.080, 79, 84.48 W, 62 %, 1860 MHz, 0x0000000000000000
2026/10/01 15:02:23.097, 82, 85.60 W, 99 %, 1860 MHz, 0x0000000000000000
2026/10/01 15:02:33.116, 81, 142.95 W, 93 %, 1860 MHz, 0x0000000000000000
2026/10/01 15:02:43.137, 81, 137.46 W, 51 %, 1860 MHz, 0x0000000000000000
2026/10/01 15:02:53.156, 79, 139.90 W, 7 %, 1860 MHz, 0x0000000000000000
2026/10/01 15:03:03.173, 79, 84.34 W, 36 %, 1860 MHz, 0x0000000000000000
2026/10/01 15:03:13.189, 81, 84.78 W, 77 %, 1860 MHz, 0x0000000000000000
2026/10/01 15:03:23.209, 81, 138.97 W, 99 %, 1860 MHz, 0x0000000000000000
2026/10/01 15:03:33.225, 81, 137.72 W, 88 %, 1860 MHz, 0x0000000000000000
2026/10/01 15:03:43.245, 81, 143.19 W, 42 %, 1860 MHz, 0x0000000000000000
2026/10/01 15:03:53.265, 80, 94.57 W, 1 %, 1860 MHz, 0x0000000000000000
2026/10/01 15:04:03.283, 79, 84.45 W, 37 %, 1860 MHz, 0x0000000000000000
2026/10/01 15:04:13.300, 79, 84.87 W, 82 %, 1860 MHz, 0x0000000000000000
2026/10/01 15:04:23.322, 81, 134.25 W, 99 %, 1860 MHz, 0x0000000000000000
2026/10/01 15:04:33.340, 81, 135.90 W, 75 %, 1860 MHz, 0x0000000000000000
2026/10/01 15:04:43.358, 81, 139.49 W, 33 %, 1860 MHz, 0x0000000000000000
2026/10/01 15:04:53.377, 79, 84.11 W, 99 %, 1860 MHz, 0x0000000000000000
2026/10/01 15:05:03.393, 79, 84.50 W, 99 %, 1860 MHz, 0x0000000000000000
2026/10/01 15:05:13.409, 81, 138.86 W, 60 %, 1860 MHz, 0x0000000000000000
2026/10/01 15:05:23.426, 81, 144.07 W, 13 %, 1860 MHz, 0x0000000000000000
2026/10/01 15:05:33.445, 81, 140.67 W, 29 %, 1860 MHz, 0x0000000000000000
2026/10/01 15:05:43.464, 79, 126.10 W, 73 %, 1860 MHz, 0x0000000000000000
2026/10/01 15:05:53.482, 79, 85.54 W, 99 %, 1860 MHz, 0x0000000000000000
2026/10/01 15:06:03.498, 81, 119.61 W, 80 %, 1860 MHz, 0x0000000000000000
2026/10/01 15:06:13.520, 81, 144.33 W, 22 %, 1860 MHz, 0x0000000000000000
2026/10/01 15:06:23.537, 81, 140.52 W, 21 %, 1860 MHz, 0x0000000000000000
2026/10/01 15:06:33.554, 79, 84.63 W, 72 %, 1860 MHz, 0x0000000000000000
2026/10/01 15:06:43.571, 79, 84.45 W, 99 %, 1860 MHz, 0x0000000000000000
2026/10/01 15:06:53.587, 81, 138.62 W, 85 %, 1860 MHz, 0x0000000000000000
2026/10/01 15:07:03.604, 81, 135.42 W, 39 %, 1860 MHz, 0x0000000000000000
2026/10/01 15:07:13.622, 81, 140.67 W, 2 %, 1860 MHz, 0x0000000000000000
2026/10/01 15:07:23.638, 79, 84.52 W, 56 %, 1860 MHz, 0x0000000000000000
2026/10/01 15:07:33.657, 79, 85.67 W, 97 %, 1860 MHz, 0x0000000000000000
2026/10/01 15:07:43.678, 81, 85.89 W, 99 %, 1860 MHz, 0x0000000000000000
2026/10/01 15:07:53.699, 81, 136.90 W, 46 %, 1860 MHz, 0x0000000000000000
2026/10/01 15:08:03.720, 80, 143.04 W, 1 %, 1860 MHz, 0x0000000000000000
2026/10/01 15:08:13.739, 79, 89.52 W, 41 %, 1860 MHz, 0x0000000000000000
2026/10/01 15:08:23.759, 79, 84.55 W, 90 %, 1860 MHz, 0x0000000000000000
2026/10/01 15:08:33.775, 80, 96.67 W, 99 %, 1860 MHz, 0x0000000000000000
2026/10/01 15:08:43.797, 81, 140.16 W, 68 %, 1860 MHz, 0x0000000000000000
2026/10/01 15:08:53.814, 81, 142.45 W, 22 %, 1860 MHz, 0x0000000000000000
2026/10/01 15:09:03.834, 80, 139.55 W, 18 %, 1860 MHz, 0x0000000000000000
2026/10/01 15:09:13.853, 79, 85.46 W, 64 %, 1860 MHz, 0x0000000000000000
2026/10/01 15:09:23.869, 79, 86.02 W, 99 %, 1860 MHz, 0x0000000000000000
2026/10/01 15:09:33.887, 81, 134.96 W, 93 %, 1860 MHz, 0x0000000000000000
2026/10/01 15:09:43.904, 81, 137.59 W, 48 %, 1860 MHz, 0x0000000000000000
2026/10/01 15:09:53.921, 80, 138.35 W, 2 %, 1860 MHz, 0x0000000000000000
2026/10/01 15:10:03.940, 79, 84.61 W, 42 %, 1860 MHz, 0x0000000000000000
2026/10/01 15:10:13.957, 79, 85.07 W, 90 %, 1860 MHz, 0x0000000000000000
2026/10/01 15:10:23.972, 81, 134.43 W, 99 %, 1860 MHz, 0x0000000000000000
2026/10/01 15:10:33.993, 81, 134.84 W, 69 %, 1860 MHz, 0x0000000000000000
2026/10/01 15:10:44.011, 81, 133.38 W, 18 %, 1860 MHz, 0x0000000000000000
2026/10/01 15:10:54.028, 79, 84.54 W, 22 %, 1860 MHz, 0x0000000000000000
2026/10/01 15:11:04.044, 79, 84.74 W, 71 %, 1860 MHz, 0x0000000000000000
2026/10/01 15:11:14.062, 81, 141.79 W, 99 %, 1860 MHz, 0x0000000000000000
2026/10/01 15:11:24.080, 81, 137.63 W, 90 %, 1860 MHz, 0x0000000000000000
2026/10/01 15:11:34.098, 81, 140.85 W, 37 %, 1860 MHz, 0x0000000000000000
2026/10/01 15:11:44.115, 79, 84.48 W, 9 %, 1860 MHz, 0x0000000000000000
2026/10/01 15:11:54.133, 80, 84.59 W, 64 %, 1860 MHz, 0x0000000000000000
2026/10/01 15:12:04.153, 81, 140.84 W, 99 %, 1860 MHz, 0x0000000000000000
2026/10/01 15:12:14.169, 81, 136.20 W, 99 %, 1860 MHz, 0x0000000000000000
2026/10/01 15:12:24.188, 81, 137.27 W, 53 %, 1860 MHz, 0x0000000000000000
2026/10/01 15:12:34.206, 79, 107.93 W, 12 %, 1860 MHz, 0x0000000000000000
2026/10/01 15:12:44.224, 79, 84.60 W, 32 %, 1860 MHz, 0x0000000000000000
2026/10/01 15:12:54.241, 81, 85.10 W, 73 %, 1860 MHz, 0x0000000000000000
2026/10/01 15:13:04.261, 81, 142.16 W, 20 %, 1860 MHz, 0x0000000000000000
2026/10/01 15:13:14.278, 81, 142.55 W, 19 %, 1860 MHz, 0x0000000000000000
2026/10/01 15:13:24.296, 80, 126.28 W, 70 %, 1860 MHz, 0x0000000000000000
2026/10/01 15:13:34.314, 79, 84.51 W, 99 %, 1860 MHz, 0x0000000000000000
2026/10/01 15:13:44.331, 79, 85.37 W, 88 %, 1860 MHz, 0x0000000000000000
2026/10/01 15:13:54.349, 81, 141.28 W, 45 %, 1860 MHz, 0x0000000000000000
2026/10/01 15:14:04.367, 81, 136.62 W, 1 %, 1860 MHz, 0x0000000000000000
2026/10/01 15:14:14.384, 81, 134.68 W, 36 %, 1860 MHz, 0x0000000000000000
2026/10/01 15:14:24.402, 79, 84.25 W, 85 %, 1860 MHz, 0x0000000000000000
2026/10/01 15:14:34.421, 79, 84.41 W, 99 %, 1860 MHz, 0x0000000000000000
2026/10/01 15:14:44.443, 81, 141.95 W, 67 %, 1860 MHz, 0x0000000000000000
2026/10/01 15:14:54.462, 81, 134.97 W, 18 %, 1860 MHz, 0x0000000000000000
2026/10/01 15:15:04.482, 81, 132.28 W, 22 %, 1860 MHz, 0x0000000000000000
2026/10/01 15:15:14.501, 79, 84.36 W, 69 %, 1860 MHz, 0x0000000000000000
2026/10/01 15:15:24.517, 79, 85.03 W, 99 %, 1860 MHz, 0x0000000000000000
2026/10/01 15:15:34.533, 81, 139.52 W, 94 %, 1860 MHz, 0x0000000000000000
2026/10/01 15:15:44.555, 81, 134.70 W, 49 %, 1860 MHz, 0x0000000000000000
2026/10/01 15:15:54.571, 81, 137.66 W, 2 %, 1860 MHz, 0x0000000000000000
2026/10/01 15:16:04.590, 78, 140.17 W, 38 %, 1860 MHz, 0x0000000000000000
2026/10/01 15:16:14.608, 79, 84.65 W, 83 %, 1860 MHz, 0x0000000000000000
2026/10/01 15:16:24.625, 81, 86.97 W, 99 %, 1860 MHz, 0x0000000000000000
2026/10/01 15:16:34.643, 81, 140.76 W, 69 %, 1860 MHz, 0x0000000000000000
2026/10/01 15:16:44.660, 81, 134.84 W, 22 %, 1860 MHz, 0x0000000000000000
2026/10/01 15:16:54.679, 79, 135.93 W, 19 %, 1860 MHz, 0x0000000000000000
2026/10/01 15:17:04.698, 79, 85.86 W, 64 %, 1860 MHz, 0x0000000000000000
2026/10/01 15:17:14.714, 81, 85.95 W, 99 %, 1860 MHz, 0x0000000000000000
2026/10/01 15:17:24.730, 81, 133.94 W, 99 %, 1860 MHz, 0x0000000000000000
2026/10/01 15:17:34.750, 81, 139.14 W, 55 %, 1860 MHz, 0x0000000000000000
2026/10/01 15:17:44.768, 81, 132.93 W, 11 %, 1860 MHz, 0x0000000000000000
2026/10/01 15:17:54.787, 78, 84.50 W, 29 %, 1860 MHz, 0x0000000000000000
2026/10/01 15:18:04.802, 79, 85.68 W, 75 %, 1860 MHz, 0x0000000000000000
2026/10/01 15:18:14.822, 81, 101.75 W, 99 %, 1860 MHz, 0x0000000000000000
2026/10/01 15:18:24.844, 81, 134.28 W, 85 %, 1860 MHz, 0x0000000000000000
2026/10/01 15:18:34.862, 81, 137.94 W, 38 %, 1860 MHz, 0x0000000000000000
2026/10/01 15:18:44.878, 78, 101.25 W, 10 %, 1860 MHz, 0x0000000000000000
2026/10/01 15:18:54.897, 79, 84.28 W, 61 %, 1860 MHz, 0x0000000000000000
2026/10/01 15:19:04.915, 81, 86.19 W, 99 %, 1860 MHz, 0x0000000000000000
2026/10/01 15:19:14.931, 81, 135.82 W, 93 %, 1860 MHz, 0x0000000000000000
2026/10/01 15:19:24.949, 81, 133.55 W, 43 %, 1860 MHz, 0x0000000000000000
2026/10/01 15:19:34.967, 78, 139.19 W, 2 %, 1860 MHz, 0x0000000000000000
2026/10/01 15:19:44.983, 79, 84.56 W, 40 %, 1860 MHz, 0x0000000000000000
2026/10/01 15:19:55.000, 81, 85.83 W, 91 %, 1860 MHz, 0x0000000000000000
2026/10/01 15:20:05.019, 81, 139.99 W, 99 %, 1860 MHz, 0x0000000000000000
2026/10/01 15:20:15.037, 81, 142.35 W, 63 %, 1860 MHz, 0x0000000000000000
2026/10/01 15:20:25.057, 78, 131.11 W, 19 %, 1860 MHz, 0x0000000000000000
2026/10/01 15:20:35.079, 79, 84.40 W, 18 %, 1860 MHz, 0x0000000000000000
2026/10/01 15:20:45.095, 81, 85.01 W, 68 %, 1860 MHz, 0x0000000000000000
2026/10/01 15:20:55.113, 81, 133.47 W, 30 %, 1860 MHz, 0x0000000000000000
2026/10/01 15:21:05.130, 80, 134.96 W, 15 %, 1860 MHz, 0x0000000000000000
2026/10/01 15:21:15.149, 78, 138.38 W, 65 %, 1860 MHz, 0x0000000000000000
2026/10/01 15:21:25.167, 79, 84.16 W, 99 %, 1860 MHz, 0x0000000000000000
2026/10/01 15:21:35.183, 81, 85.23 W, 81 %, 1860 MHz, 0x0000000000000000
2026/10/01 15:21:45.205, 81, 140.63 W, 32 %, 1860 MHz, 0x0000000000000000
2026/10/01 15:21:55.222, 80, 141.32 W, 15 %, 1860 MHz, 0x0000000000000000
2026/10/01 15:22:05.239, 78, 131.92 W, 60 %, 1860 MHz, 0x0000000000000000
2026/10/01 15:22:15.258, 79, 84.08 W, 99 %, 1860 MHz, 0x0000000000000000
2026/10/01 15:22:25.273, 81, 84.84 W, 98 %, 1860 MHz, 0x0000000000000000
2026/10/01 15:22:35.291, 81, 138.16 W, 52 %, 1860 MHz, 0x0000000000000000
2026/10/01 15:22:45.310, 81, 137.61 W, 3 %, 1860 MHz, 0x0000000000000000
2026/10/01 15:22:55.327, 81, 131.29 W, 38 %, 1860 MHz, 0x0000000000000000
2026/10/01 15:23:05.344, 78, 84.14 W, 83 %, 1860 MHz, 0x0000000000000000
2026/10/01 15:23:15.361, 79, 85.80 W, 99 %, 1860 MHz, 0x0000000000000000
2026/10/01 15:23:25.378, 81, 138.45 W, 69 %, 1860 MHz, 0x0000000000000000
2026/10/01 15:23:35.395, 81, 141.25 W, 12 %, 1860 MHz, 0x0000000000000000
2026/10/01 15:23:45.413, 78, 110.13 W, 41 %, 1860 MHz, 0x0000000000000000
2026/10/01 15:23:55.431, 78, 84.25 W, 86 %, 1860 MHz, 0x0000000000000000
2026/10/01 15:24:05.447, 81, 85.16 W, 99 %, 1860 MHz, 0x0000000000000000
2026/10/01 15:24:15.467, 81, 140.32 W, 57 %, 1860 MHz, 0x0000000000000000
2026/10/01 15:24:25.484, 81, 134.32 W, 7 %, 1860 MHz, 0x0000000000000000
2026/10/01 15:24:35.503, 78, 97.51 W, 38 %, 1860 MHz, 0x0000000000000000
2026/10/01 15:24:45.522, 78, 84.34 W, 82 %, 1860 MHz, 0x0000000000000000
2026/10/01 15:24:55.538, 81, 85.34 W, 99 %, 1860 MHz, 0x0000000000000000
2026/10/01 15:25:05.559, 81, 140.87 W, 66 %, 1860 MHz, 0x0000000000000000
2026/10/01 15:25:15.577, 80, 135.56 W, 15 %, 1860 MHz, 0x0000000000000000
2026/10/01 15:25:25.596, 78, 86.91 W, 28 %, 1860 MHz, 0x0000000000000000
2026/10/01 15:25:35.615, 79, 84.68 W, 74 %, 1860 MHz, 0x0000000000000000
2026/10/01 15:25:45.635, 81, 85.28 W, 99 %, 1860 MHz, 0x0000000000000000
2026/10/01 15:25:55.657, 81, 138.49 W, 81 %, 1860 MHz, 0x0000000000000000
2026/10/01 15:26:05.674, 80, 140.34 W, 34 %, 1860 MHz, 0x0000000000000000
2026/10/01 15:26:15.690, 78, 110.41 W, 13 %, 1860 MHz, 0x0000000000000000
2026/10/01 15:26:25.710, 79, 84.46 W, 64 %, 1860 MHz, 0x0000000000000000
2026/10/01 15:26:35.729, 81, 86.84 W, 99 %, 1860 MHz, 0x0000000000000000
2026/10/01 15:26:45.748, 81, 132.67 W, 99 %, 1860 MHz, 0x0000000000000000
2026/10/01 15:26:55.766, 80, 135.29 W, 55 %, 1860 MHz, 0x0000000000000000
2026/10/01 15:27:05.786, 78, 138.44 W, 9 %, 1860 MHz, 0x0000000000000000
2026/10/01 15:27:15.806, 78, 84.69 W, 31 %, 1860 MHz, 0x0000000000000000
2026/10/01 15:27:25.821, 78, 85.78 W, 79 %, 1860 MHz, 0x0000000000000000
2026/10/01 15:27:35.839, 81, 131.75 W, 99 %, 1860 MHz, 0x0000000000000000
2026/10/01 15:27:45.858, 81, 137.83 W, 83 %, 1860 MHz, 0x0000000000000000
2026/10/01 15:27:55.875, 81, 140.95 W, 37 %, 1860 MHz, 0x0000000000000000
2026/10/01 15:28:05.892, 78, 84.55 W, 10 %, 1860 MHz, 0x0000000000000000
2026/10/01 15:28:15.907, 78, 85.84 W, 52 %, 1860 MHz, 0x0000000000000000
2026/10/01 15:28:25.924, 81, 120.99 W, 97 %, 1860 MHz, 0x0000000000000000
2026/10/01 15:28:35.942, 81, 132.35 W, 99 %, 1860 MHz, 0x0000000000000000
2026/10/01 15:28:45.963, 81, 139.97 W, 57 %, 1860 MHz, 0x0000000000000000
2026/10/01 15:28:55.981, 78, 120.90 W, 78 %, 1860 MHz, 0x0000000000000000
2026/10/01 15:29:05.999, 78, 84.43 W, 99 %, 1860 MHz, 0x0000000000000000
2026/10/01 15:29:16.016, 80, 86.76 W, 85 %, 1860 MHz, 0x0000000000000000
2026/10/01 15:29:26.031, 81, 136.99 W, 37 %, 1860 MHz, 0x0000000000000000
2026/10/01 15:29:36.048, 81, 137.98 W, 7 %, 1860 MHz, 0x0000000000000000
2026/10/01 15:29:46.066, 78, 114.25 W, 59 %, 1860 MHz, 0x0000000000000000
2026/10/01 15:29:56.083, 78, 85.00 W, 99 %, 1860 MHz, 0x0000000000000000
2026/10/01 15:30:06.100, 81, 87.66 W, 80 %, 1860 MHz, 0x0000000000000000
2026/10/01 15:30:16.121, 81, 136.96 W, 29 %, 1860 MHz, 0x0000000000000000
2026/10/01 15:30:26.141, 80, 136.29 W, 9 %, 1860 MHz, 0x0000000000000000
2026/10/01 15:30:36.158, 78, 128.25 W, 58 %, 1860 MHz, 0x0000000000000000
2026/10/01 15:30:46.175, 78, 84.32 W, 99 %, 1860 MHz, 0x0000000000000000
2026/10/01 15:30:56.193, 81, 86.59 W, 99 %, 1860 MHz, 0x0000000000000000
2026/10/01 15:31:06.212, 81, 139.42 W, 53 %, 1860 MHz, 0x0000000000000000
2026/10/01 15:31:16.233, 80, 139.94 W, 4 %, 1860 MHz, 0x0000000000000000
2026/10/01 15:31:26.253, 78, 130.87 W, 35 %, 1860 MHz, 0x0000000000000000
2026/10/01 15:31:36.272, 78, 83.97 W, 87 %, 1860 MHz, 0x0000000000000000
2026/10/01 15:31:46.295, 81, 84.92 W, 99 %, 1860 MHz, 0x0000000000000000
2026/10/01 15:31:56.317, 80, 139.51 W, 61 %, 1860 MHz, 0x0000000000000000
2026/10/01 15:32:06.336, 80, 140.64 W, 9 %, 1860 MHz, 0x0000000000000000
2026/10/01 15:32:16.353, 80, 137.66 W, 38 %, 1860 MHz, 0x0000000000000000
2026/10/01 15:32:26.370, 78, 84.06 W, 85 %, 1860 MHz, 0x0000000000000000
2026/10/01 15:32:36.389, 79, 91.19 W, 99 %, 1860 MHz, 0x0000000000000000
2026/10/01 15:32:46.410, 81, 139.36 W, 67 %, 1860 MHz, 0x0000000000000000
2026/10/01 15:32:56.426, 80, 137.52 W, 14 %, 1860 MHz, 0x0000000000000000
2026/10/01 15:33:06.446, 78, 98.83 W, 28 %, 1860 MHz, 0x0000000000000000
2026/10/01 15:33:16.466, 78, 84.26 W, 87 %, 1860 MHz, 0x0000000000000000
2026/10/01 15:33:26.484, 80, 139.61 W, 99 %, 1860 MHz, 0x0000000000000000
2026/10/01 15:33:36.499, 80, 137.86 W, 64 %, 1860 MHz, 0x0000000000000000
2026/10/01 15:33:46.517, 80, 131.89 W, 4 %, 1860 MHz, 0x0000000000000000
2026/10/01 15:33:56.537, 78, 84.17 W, 37 %, 1860 MHz, 0x0000000000000000
2026/10/01 15:34:06.553, 79, 84.18 W, 89 %, 1860 MHz, 0x0000000000000000
2026/10/01 15:34:16.569, 80, 131.93 W, 99 %, 1860 MHz, 0x0000000000000000
2026/10/01 15:34:26.587, 80, 140.38 W, 68 %, 1860 MHz, 0x0000000000000000
2026/10/01 15:34:36.604, 80, 139.28 W, 21 %, 1860 MHz, 0x0000000000000000
2026/10/01 15:34:46.623, 78, 97.22 W, 19 %, 1860 MHz, 0x0000000000000000
2026/10/01 15:34:56.643, 78, 84.17 W, 66 %, 1860 MHz, 0x0000000000000000
2026/10/01 15:35:06.660, 81, 102.19 W, 99 %, 1860 MHz, 0x0000000000000000
2026/10/01 15:35:16.684, 81, 139.29 W, 94 %, 1860 MHz, 0x0000000000000000
2026/10/01 15:35:26.701, 80, 140.50 W, 46 %, 1860 MHz, 0x0000000000000000
2026/10/01 15:35:36.720, 78, 129.74 W, 1 %, 1860 MHz, 0x0000000000000000
2026/10/01 15:35:46.737, 78, 84.59 W, 42 %, 1860 MHz, 0x0000000000000000
2026/10/01 15:35:56.753, 80, 85.73 W, 83 %, 1860 MHz, 0x0000000000000000
2026/10/01 15:36:06.769, 80, 138.92 W, 99 %, 1860 MHz, 0x0000000000000000
2026/10/01 15:36:16.785, 80, 137.88 W, 71 %, 1860 MHz, 0x0000000000000000
2026/10/01 15:36:26.803, 78, 134.13 W, 25 %, 1860 MHz, 0x0000000000000000
2026/10/01 15:36:36.821, 78, 84.12 W, 19 %, 1860 MHz, 0x0000000000000000
2026/10/01 15:36:46.836, 78, 85.34 W, 68 %, 1860 MHz, 0x0000000000000000
2026/10/01 15:36:56.852, 80, 134.43 W, 99 %, 1860 MHz, 0x0000000000000000
2026/10/01 15:37:06.870, 80, 130.89 W, 1 %, 1860 MHz, 0x0000000000000000
2026/10/01 15:37:16.889, 80, 137.31 W, 49 %, 1860 MHz, 0x0000000000000000
2026/10/01 15:37:26.908, 78, 84.25 W, 96 %, 1860 MHz, 0x0000000000000000
2026/10/01 15:37:36.924, 78, 84.31 W, 99 %, 1860 MHz, 0x0000000000000000
2026/10/01 15:37:46.942, 81, 137.78 W, 48 %, 1860 MHz, 0x0000000000000000
2026/10/01 15:37:56.959, 80, 138.33 W, 1 %, 1860 MHz, 0x0000000000000000
2026/10/01 15:38:06.976, 80, 137.38 W, 42 %, 1860 MHz, 0x0000000000000000
2026/10/01 15:38:16.993, 78, 83.96 W, 90 %, 1860 MHz, 0x0000000000000000
2026/10/01 15:38:27.009, 79, 85.73 W, 99 %, 1860 MHz, 0x0000000000000000
2026/10/01 15:38:37.031, 81, 136.90 W, 73 %, 1860 MHz, 0x0000000000000000
2026/10/01 15:38:47.049, 81, 140.06 W, 26 %, 1860 MHz, 0x0000000000000000
2026/10/01 15:38:57.065, 80, 138.49 W, 16 %, 1860 MHz, 0x0000000000000000
2026/10/01 15:39:07.082, 78, 84.72 W, 68 %, 1860 MHz, 0x0000000000000000
2026/10/01 15:39:17.099, 79, 84.48 W, 99 %, 1860 MHz, 0x0000000000000000
2026/10/01 15:39:27.115, 81, 136.13 W, 81 %, 1860 MHz, 0x0000000000000000
2026/10/01 15:39:37.132, 81, 129.54 W, 25 %, 1860 MHz, 0x0000000000000000
2026/10/01 15:39:47.151, 80, 135.46 W, 16 %, 1860 MHz, 0x0000000000000000
2026/10/01 15:39:57.169, 78, 84.12 W, 61 %, 1860 MHz, 0x0000000000000000
2026/10/01 15:40:07.185, 79, 84.98 W, 99 %, 1860 MHz, 0x0000000000000000
2026/10/01 15:40:17.204, 81, 126.53 W, 99 %, 1860 MHz, 0x0000000000000000
2026/10/01 15:40:27.220, 81, 136.45 W, 50 %, 1860 MHz, 0x0000000000000000
2026/10/01 15:40:37.238, 79, 135.38 W, 1 %, 1860 MHz, 0x0000000000000000
2026/10/01 15:40:47.257, 78, 84.06 W, 41 %, 1860 MHz, 0x0000000000000000
2026/10/01 15:40:57.275, 79, 84.31 W, 89 %, 1860 MHz, 0x0000000000000000
2026/10/01 15:41:07.290, 81, 119.73 W, 99 %, 1860 MHz, 0x0000000000000000
2026/10/01 15:41:17.309, 81, 138.43 W, 65 %, 1860 MHz, 0x0000000000000000
2026/10/01 15:41:27.333, 80, 131.02 W, 17 %, 1860 MHz, 0x0000000000000000
2026/10/01 15:41:37.354, 79, 98.11 W, 24 %, 1860 MHz, 0x0000000000000000
2026/10/01 15:41:47.372, 78, 84.42 W, 77 %, 1860 MHz, 0x0000000000000000
2026/10/01 15:41:57.391, 81, 104.10 W, 99 %, 1860 MHz, 0x0000000000000000
2026/10/01 15:42:07.411, 81, 132.07 W, 77 %, 1860 MHz, 0x0000000000000000
2026/10/01 15:42:17.431, 80, 139.29 W, 21 %, 1860 MHz, 0x0000000000000000
2026/10/01 15:42:27.448, 78, 91.41 W, 19 %, 1860 MHz, 0x0000000000000000
2026/10/01 15:42:37.467, 78, 84.08 W, 65 %, 1860 MHz, 0x0000000000000000
2026/10/01 15:42:47.488, 81, 130.13 W, 99 %, 1860 MHz, 0x0000000000000000
2026/10/01 15:42:57.510, 81, 132.29 W, 86 %, 1860 MHz, 0x0000000000000000
2026/10/01 15:43:07.528, 80, 130.31 W, 36 %, 1860 MHz, 0x0000000000000000
2026/10/01 15:43:17.548, 78, 117.52 W, 4 %, 1860 MHz, 0x0000000000000000
2026/10/01 15:43:27.566, 78, 84.32 W, 51 %, 1860 MHz, 0x0000000000000000
2026/10/01 15:43:37.586, 81, 98.71 W, 99 %, 1860 MHz, 0x0000000000000000
2026/10/01 15:43:47.605, 81, 138.01 W, 99 %, 1860 MHz, 0x0000000000000000
2026/10/01 15:43:57.622, 80, 139.67 W, 55 %, 1860 MHz, 0x0000000000000000
2026/10/01 15:44:07.640, 78, 136.95 W, 6 %, 1860 MHz, 0x0000000000000000
2026/10/01 15:44:17.661, 78, 84.18 W, 38 %, 1860 MHz, 0x0000000000000000
2026/10/01 15:44:27.679, 81, 96.82 W, 90 %, 1860 MHz, 0x0000000000000000
2026/10/01 15:44:37.701, 80, 139.05 W, 99 %, 1860 MHz, 0x0000000000000000
2026/10/01 15:44:47.718, 80, 136.67 W, 69 %, 1860 MHz, 0x0000000000000000
2026/10/01 15:44:57.741, 78, 129.61 W, 22 %, 1860 MHz, 0x0000000000000000
2026/10/01 15:45:07.761, 78, 84.23 W, 99 %, 1860 MHz, 0x0000000000000000
2026/10/01 15:45:17.778, 81, 84.68 W, 83 %, 1860 MHz, 0x0000000000000000
2026/10/01 15:45:27.795, 81, 129.93 W, 34 %, 1860 MHz, 0x0000000000000000
2026/10/01 15:45:37.813, 80, 131.55 W, 12 %, 1860 MHz, 0x0000000000000000
2026/10/01 15:45:47.830, 78, 134.24 W, 59 %, 1860 MHz, 0x0000000000000000
2026/10/01 15:45:57.851, 78, 84.31 W, 99 %, 1860 MHz, 0x0000000000000000
2026/10/01 15:46:07.867, 79, 84.53 W, 95 %, 1860 MHz, 0x0000000000000000
2026/10/01 15:46:17.883, 81, 138.89 W, 51 %, 1860 MHz, 0x0000000000000000
2026/10/01 15:46:27.902, 80, 134.03 W, 1 %, 1860 MHz, 0x0000000000000000
2026/10/01 15:46:37.921, 80, 134.34 W, 49 %, 1860 MHz, 0x0000000000000000
2026/10/01 15:46:47.939, 78, 84.27 W, 99 %, 1860 MHz, 0x0000000000000000
2026/10/01 15:46:57.956, 79, 85.23 W, 99 %, 1860 MHz, 0x0000000000000000
2026/10/01 15:47:07.975, 81, 132.59 W, 54 %, 1860 MHz, 0x0000000000000000
2026/10/01 15:47:17.992, 81, 136.95 W, 7 %, 1860 MHz, 0x0000000000000000
2026/10/01 15:47:28.010, 79, 136.96 W, 40 %, 1860 MHz, 0x0000000000000000
2026/10/01 15:47:38.028, 78, 84.87 W, 90 %, 1860 MHz, 0x0000000000000000
2026/10/01 15:47:48.043, 80, 85.80 W, 99 %, 1860 MHz, 0x0000000000000000
2026/10/01 15:47:58.061, 81, 138.16 W, 68 %, 1860 MHz, 0x0000000000000000
2026/10/01 15:48:08.080, 81, 134.40 W, 23 %, 1860 MHz, 0x0000000000000000
2026/10/01 15:48:18.097, 79, 135.08 W, 19 %, 1860 MHz, 0x0000000000000000
2026/10/01 15:48:28.115, 78, 84.03 W, 69 %, 1860 MHz, 0x0000000000000000
2026/10/01 15:48:38.130, 80, 84.95 W, 99 %, 1860 MHz, 0x0000000000000000
2026/10/01 15:48:48.147, 81, 137.93 W, 90 %, 1860 MHz, 0x0000000000000000
2026/10/01 15:48:58.168, 80, 134.16 W, 41 %, 1860 MHz, 0x0000000000000000
2026/10/01 15:49:08.186, 79, 129.95 W, 1 %, 1860 MHz, 0x0000000000000000
2026/10/01 15:49:18.206, 78, 85.00 W, 48 %, 1860 MHz, 0x0000000000000000
2026/10/01 15:49:28.223, 80, 84.42 W, 99 %, 1860 MHz, 0x0000000000000000
2026/10/01 15:49:38.238, 80, 129.78 W, 99 %, 1860 MHz, 0x0000000000000000
2026/10/01 15:49:48.255, 80, 131.18 W, 51 %, 1860 MHz, 0x0000000000000000
2026/10/01 15:49:58.277, 78, 130.56 W, 7 %, 1860 MHz, 0x0000000000000000
2026/10/01 15:50:08.294, 78, 84.06 W, 39 %, 1860 MHz, 0x0000000000000000
2026/10/01 15:50:18.311, 81, 84.32 W, 85 %, 1860 MHz, 0x0000000000000000
2026/10/01 15:50:28.331, 81, 135.56 W, 99 %, 1860 MHz, 0x0000000000000000
2026/10/01 15:50:38.348, 80, 135.66 W, 70 %, 1860 MHz, 0x0000000000000000
2026/10/01 15:50:48.369, 80, 135.01 W, 25 %, 1860 MHz, 0x0000000000000000
2026/10/01 15:50:58.387, 78, 83.94 W, 14 %, 1860 MHz, 0x0000000000000000
2026/10/01 15:51:08.405, 78, 84.25 W, 66 %, 1860 MHz, 0x0000000000000000
2026/10/01 15:51:18.421, 81, 123.77 W, 99 %, 1860 MHz, 0x0000000000000000
2026/10/01 15:51:28.437, 81, 134.88 W, 85 %, 1860 MHz, 0x0000000000000000
2026/10/01 15:51:38.456, 80, 134.34 W, 44 %, 1860 MHz, 0x0000000000000000
2026/10/01 15:51:48.473, 78, 84.11 W, 1 %, 1860 MHz, 0x0000000000000000
2026/10/01 15:51:58.493, 78, 84.38 W, 52 %, 1860 MHz, 0x0000000000000000
2026/10/01 15:52:08.517, 81, 104.32 W, 99 %, 1860 MHz, 0x0000000000000000
2026/10/01 15:52:18.541, 80, 131.06 W, 99 %, 1860 MHz, 0x0000000000000000
2026/10/01 15:52:28.561, 80, 135.14 W, 46 %, 1860 MHz, 0x0000000000000000
2026/10/01 15:52:38.579, 78, 84.14 W, 2 %, 1860 MHz, 0x0000000000000000
2026/10/01 15:52:48.600, 78, 84.23 W, 43 %, 1860 MHz, 0x0000000000000000
2026/10/01 15:52:58.616, 80, 138.87 W, 51 %, 1860 MHz, 0x0000000000000000
2026/10/01 15:53:08.640, 80, 135.21 W, 1 %, 1860 MHz, 0x0000000000000000
2026/10/01 15:53:18.657, 80, 131.91 W, 49 %, 1860 MHz, 0x0000000000000000
2026/10/01 15:53:28.677, 78, 84.33 W, 95 %, 1860 MHz, 0x0000000000000000
2026/10/01 15:53:38.693, 79, 84.37 W, 99 %, 1860 MHz, 0x0000000000000000
2026/10/01 15:53:48.709, 80, 132.74 W, 48 %, 1860 MHz, 0x0000000000000000
2026/10/01 15:53:58.725, 80, 137.61 W, 2 %, 1860 MHz, 0x0000000000000000
2026/10/01 15:54:08.742, 78, 133.75 W, 39 %, 1860 MHz, 0x0000000000000000
2026/10/01 15:54:18.764, 78, 83.75 W, 86 %, 1860 MHz, 0x0000000000000000
2026/10/01 15:54:28.783, 80, 83.95 W, 99 %, 1860 MHz, 0x0000000000000000
2026/10/01 15:54:38.804, 80, 135.32 W, 67 %, 1860 MHz, 0x0000000000000000
2026/10/01 15:54:48.822, 80, 132.06 W, 23 %, 1860 MHz, 0x0000000000000000
2026/10/01 15:54:58.838, 78, 128.76 W, 24 %, 1860 MHz, 0x0000000000000000
2026/10/01 15:55:08.857, 78, 83.97 W, 74 %, 1860 MHz, 0x0000000000000000
2026/10/01 15:55:18.874, 78, 84.23 W, 99 %, 1860 MHz, 0x0000000000000000
2026/10/01 15:55:28.890, 80, 137.71 W, 73 %, 1860 MHz, 0x0000000000000000
2026/10/01 15:55:38.910, 81, 137.33 W, 19 %, 1860 MHz, 0x0000000000000000
2026/10/01 15:55:48.928, 80, 136.83 W, 23 %, 1860 MHz, 0x0000000000000000
2026/10/01 15:55:58.944, 78, 84.19 W, 77 %, 1860 MHz, 0x0000000000000000
2026/10/01 15:56:08.963, 79, 85.30 W, 99 %, 1860 MHz, 0x0000000000000000
2026/10/01 15:56:18.984, 81, 131.40 W, 68 %, 1860 MHz, 0x0000000000000000
2026/10/01 15:56:29.003, 80, 138.46 W, 13 %, 1860 MHz, 0x0000000000000000
2026/10/01 15:56:39.019, 78, 122.67 W, 35 %, 1860 MHz, 0x0000000000000000
2026/10/01 15:56:49.037, 78, 84.24 W, 86 %, 1860 MHz, 0x0000000000000000
2026/10/01 15:56:59.054, 81, 107.47 W, 99 %, 1860 MHz, 0x0000000000000000
2026/10/01 15:57:09.077, 81, 129.01 W, 64 %, 1860 MHz, 0x0000000000000000
2026/10/01 15:57:19.094, 80, 134.92 W, 19 %, 1860 MHz, 0x0000000000000000
2026/10/01 15:57:29.111, 78, 107.39 W, 30 %, 1860 MHz, 0x0000000000000000
2026/10/01 15:57:39.130, 78, 84.15 W, 80 %, 1860 MHz, 0x0000000000000000
2026/10/01 15:57:49.151, 81, 129.00 W, 99 %, 1860 MHz, 0x0000000000000000
2026/10/01 15:57:59.175, 80, 128.69 W, 73 %, 1860 MHz, 0x0000000000000000
2026/10/01 15:58:09.194, 80, 128.54 W, 21 %, 1860 MHz, 0x0000000000000000
2026/10/01 15:58:19.211, 78, 97.29 W, 24 %, 1860 MHz, 0x0000000000000000
2026/10/01 15:58:29.233, 78, 85.19 W, 71 %, 1860 MHz, 0x0000000000000000
2026/10/01 15:58:39.251, 80, 122.56 W, 99 %, 1860 MHz, 0x0000000000000000
2026/10/01 15:58:49.279, 80, 129.10 W, 81 %, 1860 MHz, 0x0000000000000000
2026/10/01 15:58:59.297, 80, 130.65 W, 33 %, 1860 MHz, 0x0000000000000000
2026/10/01 15:59:09.315, 78, 95.08 W, 14 %, 1860 MHz, 0x0000000000000000
2026/10/01 15:59:19.334, 79, 84.45 W, 60 %, 1860 MHz, 0x0000000000000000
2026/10/01 15:59:29.353, 80, 87.52 W, 99 %, 1860 MHz, 0x0000000000000000
2026/10/01 15:59:39.373, 80, 137.62 W, 99 %, 1860 MHz, 0x0000000000000000
2026/10/01 15:59:49.392, 80, 134.70 W, 45 %, 1860 MHz, 0x0000000000000000
2026/10/01 15:59:59.410, 78, 104.75 W, 1 %, 1860 MHz, 0x0000000000000000
2026/10/01 16:00:09.432, 78, 85.25 W, 53 %, 1860 MHz, 0x0000000000000000
2026/10/01 16:00:19.448, 79, 97.94 W, 97 %, 1860 MHz, 0x0000000000000000
2026/10/01 16:00:29.468, 81, 137.84 W, 99 %, 1860 MHz, 0x0000000000000000
2026/10/01 16:00:39.486, 80, 137.47 W, 56 %, 1860 MHz, 0x0000000000000000
2026/10/01 16:00:49.503, 78, 93.73 W, 8 %, 1860 MHz, 0x0000000000000000
2026/10/01 16:00:59.521, 78, 84.39 W, 33 %, 1860 MHz, 0x0000000000000000
2026/10/01 16:01:09.540, 80, 86.46 W, 82 %, 1860 MHz, 0x0000000000000000
2026/10/01 16:01:19.561, 81, 134.38 W, 15 %, 1860 MHz, 0x0000000000000000
2026/10/01 16:01:29.581, 80, 134.78 W, 28 %, 1860 MHz, 0x0000000000000000
2026/10/01 16:01:39.598, 78, 105.74 W, 76 %, 1860 MHz, 0x0000000000000000
2026/10/01 16:01:49.615, 78, 85.40 W, 99 %, 1860 MHz, 0x0000000000000000
2026/10/01 16:01:59.634, 80, 99.54 W, 73 %, 1860 MHz, 0x0000000000000000
2026/10/01 16:02:09.653, 80, 136.19 W, 30 %, 1860 MHz, 0x0000000000000000
2026/10/01 16:02:19.669, 80, 133.24 W, 20 %, 1860 MHz, 0x0000000000000000
2026/10/01 16:02:29.689, 78, 84.83 W, 71 %, 1860 MHz, 0x0000000000000000
2026/10/01 16:02:39.708, 78, 83.99 W, 99 %, 1860 MHz, 0x0000000000000000
2026/10/01 16:02:49.724, 80, 131.10 W, 75 %, 1860 MHz, 0x0000000000000000
2026/10/01 16:02:59.740, 78, 83.14 W, 9 %, 1860 MHz, 0x0000000000000000
2026/10/01 16:03:09.757, 80, 136.93 W, 21 %, 1860 MHz, 0x0000000000000000
2026/10/01 16:03:19.773, 78, 83.95 W, 64 %, 1860 MHz, 0x0000000000000000
2026/10/01 16:03:29.790, 79, 85.14 W, 99 %, 1860 MHz, 0x0000000000000000
2026/10/01 16:03:39.806, 81, 85.49 W, 99 %, 1860 MHz, 0x0000000000000000
2026/10/01 16:03:49.824, 81, 134.20 W, 65 %, 1860 MHz, 0x0000000000000000
2026/10/01 16:03:59.842, 81, 146.45 W, 23 %, 1860 MHz, 0x0000000000000000
2026/10/01 16:04:09.859, 78, 135.29 W, 17 %, 1860 MHz, 0x0000000000000000
2026/10/01 16:04:19.879, 79, 84.46 W, 69 %, 1860 MHz, 0x0000000000000000
2026/10/01 16:04:29.898, 79, 84.70 W, 99 %, 1860 MHz, 0x0000000000000000
2026/10/01 16:04:39.915, 80, 124.64 W, 99 %, 1860 MHz, 0x0000000000000000
2026/10/01 16:04:49.937, 81, 139.71 W, 59 %, 1860 MHz, 0x0000000000000000
2026/10/01 16:04:59.955, 81, 147.43 W, 16 %, 1860 MHz, 0x0000000000000000
2026/10/01 16:05:09.972, 79, 107.34 W, 27 %, 1860 MHz, 0x0000000000000000
2026/10/01 16:05:19.988, 79, 84.41 W, 74 %, 1860 MHz, 0x0000000000000000
2026/10/01 16:05:30.004, 80, 85.38 W, 99 %, 1860 MHz, 0x0000000000000000
2026/10/01 16:05:40.020, 81, 141.21 W, 78 %, 1860 MHz, 0x0000000000000000
2026/10/01 16:05:50.036, 81, 139.97 W, 29 %, 1860 MHz, 0x0000000000000000
2026/10/01 16:06:00.052, 79, 144.67 W, 7 %, 1860 MHz, 0x0000000000000000
2026/10/01 16:06:10.073, 79, 84.40 W, 61 %, 1860 MHz, 0x0000000000000000
2026/10/01 16:06:20.089, 80, 86.47 W, 99 %, 1860 MHz, 0x0000000000000000
2026/10/01 16:06:30.106, 82, 133.00 W, 99 %, 1860 MHz, 0x0000000000000000
2026/10/01 16:06:40.123, 81, 137.97 W, 48 %, 1860 MHz, 0x0000000000000000
2026/10/01 16:06:50.140, 79, 136.75 W, 2 %, 1860 MHz, 0x0000000000000000
2026/10/01 16:07:00.160, 79, 84.45 W, 43 %, 1860 MHz, 0x0000000000000000
2026/10/01 16:07:10.175, 82, 85.30 W, 93 %, 1860 MHz, 0x0000000000000000
2026/10/01 16:07:20.193, 81, 142.24 W, 99 %, 1860 MHz, 0x0000000000000000
2026/10/01 16:07:30.211, 81, 140.04 W, 46 %, 1860 MHz, 0x0000000000000000
2026/10/01 16:07:40.229, 79, 131.64 W, 1 %, 1860 MHz, 0x0000000000000000
2026/10/01 16:07:50.245, 79, 84.68 W, 57 %, 1860 MHz, 0x0000000000000000
2026/10/01 16:08:00.263, 81, 141.65 W, 99 %, 1860 MHz, 0x0000000000000000
2026/10/01 16:08:10.284, 82, 141.21 W, 91 %, 1860 MHz, 0x0000000000000000
2026/10/01 16:08:20.302, 81, 143.00 W, 44 %, 1860 MHz, 0x0000000000000000
2026/10/01 16:08:30.321, 79, 98.92 W, 1 %, 1860 MHz, 0x0000000000000000
2026/10/01 16:08:40.342, 79, 84.88 W, 40 %, 1860 MHz, 0x0000000000000000
2026/10/01 16:08:50.359, 82, 138.96 W, 94 %, 1860 MHz, 0x0000000000000000
2026/10/01 16:09:00.380, 82, 139.61 W, 99 %, 1860 MHz, 0x0000000000000000
2026/10/01 16:09:10.402, 81, 132.46 W, 30 %, 1860 MHz, 0x0000000000000000
2026/10/01 16:09:20.419, 80, 139.82 W, 77 %, 1860 MHz, 0x0000000000000000
2026/10/01 16:09:30.435, 79, 84.62 W, 99 %, 1860 MHz, 0x0000000000000000
2026/10/01 16:09:40.452, 79, 85.87 W, 92 %, 1860 MHz, 0x0000000000000000
2026/10/01 16:09:50.470, 82, 137.55 W, 61 %, 1860 MHz, 0x0000000000000000
2026/10/01 16:10:00.487, 82, 140.02 W, 26 %, 1860 MHz, 0x0000000000000000
2026/10/01 16:10:10.505, 82, 139.79 W, 13 %, 1860 MHz, 0x0000000000000000
2026/10/01 16:10:20.523, 80, 143.88 W, 52 %, 1860 MHz, 0x0000000000000000
2026/10/01 16:10:30.542, 79, 84.64 W, 99 %, 1860 MHz, 0x0000000000000000
2026/10/01 16:10:40.561, 81, 85.54 W, 98 %, 1860 MHz, 0x0000000000000000
2026/10/01 16:10:50.581, 82, 137.44 W, 36 %, 1860 MHz, 0x0000000000000000
2026/10/01 16:11:00.598, 81, 138.55 W, 7 %, 1860 MHz, 0x0000000000000000
2026/10/01 16:11:10.616, 79, 133.71 W, 38 %, 1860 MHz, 0x0000000000000000
2026/10/01 16:11:20.635, 79, 85.50 W, 76 %, 1860 MHz, 0x0000000000000000
2026/10/01 16:11:30.655, 79, 84.75 W, 99 %, 1860 MHz, 0x0000000000000000
2026/10/01 16:11:40.674, 82, 87.39 W, 99 %, 1860 MHz, 0x0000000000000000
2026/10/01 16:11:50.695, 82, 140.69 W, 69 %, 1860 MHz, 0x0000000000000000
2026/10/01 16:12:00.714, 81, 140.97 W, 28 %, 1860 MHz, 0x0000000000000000
2026/10/01 16:12:10.736, 81, 138.22 W, 2 %, 1860 MHz, 0x0000000000000000
2026/10/01 16:12:20.753, 79, 99.78 W, 42 %, 1860 MHz, 0x0000000000000000
2026/10/01 16:12:30.770, 79, 84.93 W, 74 %, 1860 MHz, 0x0000000000000000
2026/10/01 16:12:40.787, 80, 86.19 W, 99 %, 1860 MHz, 0x0000000000000000
2026/10/01 16:12:50.803, 81, 101.87 W, 99 %, 1860 MHz, 0x0000000000000000
2026/10/01 16:13:00.825, 82, 134.08 W, 74 %, 1860 MHz, 0x0000000000000000
2026/10/01 16:13:10.844, 81, 144.52 W, 41 %, 1860 MHz, 0x0000000000000000
2026/10/01 16:13:20.862, 80, 140.76 W, 8 %, 1860 MHz, 0x0000000000000000
2026/10/01 16:13:30.881, 79, 145.12 W, 24 %, 1860 MHz, 0x0000000000000000
2026/10/01 16:13:40.898, 79, 85.54 W, 54 %, 1860 MHz, 0x0000000000000000
2026/10/01 16:13:50.916, 79, 85.09 W, 84 %, 1860 MHz, 0x0000000000000000
2026/10/01 16:14:00.932, 80, 106.51 W, 99 %, 1860 MHz, 0x0000000000000000
2026/10/01 16:14:10.957, 81, 134.82 W, 94 %, 1860 MHz, 0x0000000000000000
2026/10/01 16:14:20.974, 82, 146.99 W, 52 %, 1860 MHz, 0x0000000000000000
2026/10/01 16:14:30.991, 81, 137.86 W, 12 %, 1860 MHz, 0x0000000000000000
2026/10/01 16:14:41.011, 79, 85.19 W, 22 %, 1860 MHz, 0x0000000000000000
2026/10/01 16:14:51.029, 79, 84.90 W, 57 %, 1860 MHz, 0x0000000000000000
2026/10/01 16:15:01.047, 80, 86.39 W, 91 %, 1860 MHz, 0x0000000000000000
2026/10/01 16:15:11.064, 82, 139.40 W, 99 %, 1860 MHz, 0x0000000000000000
2026/10/01 16:15:21.081, 82, 137.28 W, 76 %, 1860 MHz, 0x0000000000000000
2026/10/01 16:15:31.104, 81, 139.91 W, 39 %, 1860 MHz, 0x0000000000000000
2026/10/01 16:15:41.122, 79, 145.45 W, 4 %, 1860 MHz, 0x0000000000000000
2026/10/01 16:15:51.141, 79, 84.86 W, 32 %, 1860 MHz, 0x0000000000000000
2026/10/01 16:16:01.157, 80, 85.07 W, 71 %, 1860 MHz, 0x0000000000000000
2026/10/01 16:16:11.180, 82, 141.06 W, 99 %, 1860 MHz, 0x0000000000000000
2026/10/01 16:16:21.196, 81, 139.20 W, 99 %, 1860 MHz, 0x0000000000000000
2026/10/01 16:16:31.215, 81, 136.15 W, 70 %, 1860 MHz, 0x0000000000000000
2026/10/01 16:16:41.232, 80, 131.49 W, 35 %, 1860 MHz, 0x0000000000000000
2026/10/01 16:16:51.252, 79, 84.70 W, 1 %, 1860 MHz, 0x0000000000000000
2026/10/01 16:17:01.274, 79, 84.65 W, 99 %, 1860 MHz, 0x0000000000000000
2026/10/01 16:17:11.290, 82, 85.29 W, 75 %, 1860 MHz, 0x0000000000000000
2026/10/01 16:17:21.314, 81, 140.17 W, 35 %, 1860 MHz, 0x0000000000000000
2026/10/01 16:17:31.331, 81, 146.39 W, 1 %, 1860 MHz, 0x0000000000000000
2026/10/01 16:17:41.350, 81, 140.65 W, 33 %, 1860 MHz, 0x0000000000000000
2026/10/01 16:17:51.368, 79, 123.06 W, 71 %, 1860 MHz, 0x0000000000000000
2026/10/01 16:18:01.384, 79, 84.73 W, 99 %, 1860 MHz, 0x0000000000000000
2026/10/01 16:18:11.402, 82, 86.45 W, 99 %, 1860 MHz, 0x0000000000000000
2026/10/01 16:18:21.419, 80, 139.66 W, 79 %, 1860 MHz, 0x0000000000000000
2026/10/01 16:18:31.440, 82, 139.60 W, 36 %, 1860 MHz, 0x0000000000000000
2026/10/01 16:18:41.458, 82, 136.98 W, 2 %, 1860 MHz, 0x0000000000000000
2026/10/01 16:18:51.479, 81, 132.37 W, 33 %, 1860 MHz, 0x0000000000000000
2026/10/01 16:19:01.499, 79, 84.65 W, 70 %, 1860 MHz, 0x0000000000000000
2026/10/01 16:19:11.515, 79, 84.76 W, 99 %, 1860 MHz, 0x0000000000000000
2026/10/01 16:19:21.531, 80, 86.22 W, 99 %, 1860 MHz, 0x0000000000000000
2026/10/01 16:19:31.547, 82, 134.62 W, 76 %, 1860 MHz, 0x0000000000000000
2026/10/01 16:19:41.566, 82, 144.89 W, 28 %, 1860 MHz, 0x0000000000000000
2026/10/01 16:19:51.586, 81, 142.45 W, 6 %, 1860 MHz, 0x0000000000000000
2026/10/01 16:20:01.606, 79, 144.46 W, 41 %, 1860 MHz, 0x0000000000000000
2026/10/01 16:20:11.622, 79, 84.69 W, 73 %, 1860 MHz, 0x0000000000000000
2026/10/01 16:20:21.637, 79, 84.64 W, 99 %, 1860 MHz, 0x0000000000000000
2026/10/01 16:20:31.653, 82, 142.09 W, 99 %, 1860 MHz, 0x0000000000000000
2026/10/01 16:20:41.675, 82, 144.20 W, 68 %, 1860 MHz, 0x0000000000000000
2026/10/01 16:20:51.692, 81, 135.21 W, 26 %, 1860 MHz, 0x0000000000000000
2026/10/01 16:21:01.712, 80, 131.49 W, 6 %, 1860 MHz, 0x0000000000000000
2026/10/01 16:21:11.732, 79, 85.92 W, 50 %, 1860 MHz, 0x0000000000000000
2026/10/01 16:21:21.749, 80, 84.81 W, 94 %, 1860 MHz, 0x0000000000000000
2026/10/01 16:21:31.768, 82, 103.26 W, 99 %, 1860 MHz, 0x0000000000000000
2026/10/01 16:21:41.790, 82, 139.32 W, 89 %, 1860 MHz, 0x0000000000000000
2026/10/01 16:21:51.808, 81, 142.19 W, 51 %, 1860 MHz, 0x0000000000000000
2026/10/01 16:22:01.828, 80, 136.57 W, 14 %, 1860 MHz, 0x0000000000000000
2026/10/01 16:22:11.845, 79, 105.03 W, 19 %, 1860 MHz, 0x0000000000000000
2026/10/01 16:22:21.863, 79, 84.53 W, 61 %, 1860 MHz, 0x0000000000000000
2026/10/01 16:22:31.881, 82, 86.30 W, 99 %, 1860 MHz, 0x0000000000000000
2026/10/01 16:22:41.901, 81, 138.65 W, 99 %, 1860 MHz, 0x0000000000000000
2026/10/01 16:22:51.918, 81, 137.60 W, 72 %, 1860 MHz, 0x0000000000000000
2026/10/01 16:23:01.939, 81, 139.96 W, 30 %, 1860 MHz, 0x0000000000000000
2026/10/01 16:23:11.960, 80, 122.77 W, 10 %, 1860 MHz, 0x0000000000000000
2026/10/01 16:23:21.979, 79, 84.71 W, 46 %, 1860 MHz, 0x0000000000000000
2026/10/01 16:23:31.995, 79, 86.61 W, 86 %, 1860 MHz, 0x0000000000000000
2026/10/01 16:23:42.011, 82, 133.09 W, 99 %, 1860 MHz, 0x0000000000000000
2026/10/01 16:23:52.030, 82, 141.63 W, 90 %, 1860 MHz, 0x0000000000000000
2026/10/01 16:24:02.046, 81, 142.42 W, 57 %, 1860 MHz, 0x0000000000000000
2026/10/01 16:24:12.064, 81, 132.51 W, 20 %, 1860 MHz, 0x0000000000000000
2026/10/01 16:24:22.083, 79, 84.38 W, 13 %, 1860 MHz, 0x0000000000000000
2026/10/01 16:24:32.100, 79, 85.65 W, 50 %, 1860 MHz, 0x0000000000000000
2026/10/01 16:24:42.116, 82, 85.75 W, 88 %, 1860 MHz, 0x0000000000000000
2026/10/01 16:24:52.137, 82, 134.08 W, 99 %, 1860 MHz, 0x0000000000000000
2026/10/01 16:25:02.155, 81, 143.54 W, 4 %, 1860 MHz, 0x0000000000000000
2026/10/01 16:25:12.176, 81, 141.54 W, 41 %, 1860 MHz, 0x0000000000000000
2026/10/01 16:25:22.193, 79, 142.27 W, 73 %, 1860 MHz, 0x0000000000000000
2026/10/01 16:25:32.210, 79, 85.57 W, 99 %, 1860 MHz, 0x0000000000000000
2026/10/01 16:25:42.229, 79, 84.57 W, 99 %, 1860 MHz, 0x0000000000000000
2026/10/01 16:25:52.249, 82, 105.42 W, 77 %, 1860 MHz, 0x0000000000000000
2026/10/01 16:26:02.270, 82, 133.85 W, 42 %, 1860 MHz, 0x0000000000000000
2026/10/01 16:26:12.288, 81, 135.24 W, 6 %, 1860 MHz, 0x0000000000000000
2026/10/01 16:26:22.312, 80, 134.23 W, 26 %, 1860 MHz, 0x0000000000000000
2026/10/01 16:26:32.329, 79, 105.02 W, 66 %, 1860 MHz, 0x0000000000000000
2026/10/01 16:26:42.347, 79, 84.25 W, 99 %, 1860 MHz, 0x0000000000000000
2026/10/01 16:26:52.362, 82, 84.54 W, 99 %, 1860 MHz, 0x0000000000000000
2026/10/01 16:27:02.379, 82, 126.47 W, 82 %, 1860 MHz, 0x0000000000000000
2026/10/01 16:27:12.395, 81, 138.67 W, 46 %, 1860 MHz, 0x0000000000000000
2026/10/01 16:27:22.413, 81, 144.61 W, 3 %, 1860 MHz, 0x0000000000000000
2026/10/01 16:27:32.432, 79, 139.47 W, 33 %, 1860 MHz, 0x0000000000000000
2026/10/01 16:27:42.453, 79, 84.22 W, 69 %, 1860 MHz, 0x0000000000000000
2026/10/01 16:27:52.468, 79, 84.20 W, 99 %, 1860 MHz, 0x0000000000000000
2026/10/01 16:28:02.485, 80, 85.40 W, 99 %, 1860 MHz, 0x0000000000000000
2026/10/01 16:28:12.508, 81, 133.01 W, 68 %, 1860 MHz, 0x0000000000000000
2026/10/01 16:28:22.524, 81, 140.13 W, 30 %, 1860 MHz, 0x0000000000000000
2026/10/01 16:28:32.543, 81, 131.82 W, 5 %, 1860 MHz, 0x0000000000000000
2026/10/01 16:28:42.561, 79, 84.30 W, 44 %, 1860 MHz, 0x0000000000000000
2026/10/01 16:28:52.580, 79, 84.53 W, 83 %, 1860 MHz, 0x0000000000000000
2026/10/01 16:29:02.597, 80, 86.01 W, 99 %, 1860 MHz, 0x0000000000000000
2026/10/01 16:29:12.614, 82, 135.32 W, 99 %, 1860 MHz, 0x0000000000000000
2026/10/01 16:29:22.635, 81, 141.85 W, 62 %, 1860 MHz, 0x0000000000000000
2026/10/01 16:29:32.654, 81, 142.39 W, 26 %, 1860 MHz, 0x0000000000000000
2026/10/01 16:29:42.672, 79, 133.30 W, 12 %, 1860 MHz, 0x0000000000000000
2026/10/01 16:29:52.691, 79, 84.42 W, 44 %, 1860 MHz, 0x0000000000000000
2026/10/01 16:30:02.709, 79, 85.12 W, 77 %, 1860 MHz, 0x0000000000000000
2026/10/01 16:30:12.729, 82, 85.04 W, 99 %, 1860 MHz, 0x0000000000000000
2026/10/01 16:30:22.750, 81, 135.63 W, 99 %, 1860 MHz, 0x0000000000000000
2026/10/01 16:30:32.767, 81, 139.15 W, 49 %, 1860 MHz, 0x0000000000000000
2026/10/01 16:30:42.784, 78, 132.15 W, 4 %, 1860 MHz, 0x0000000000000000
2026/10/01 16:30:52.802, 79, 84.38 W, 30 %, 1860 MHz, 0x0000000000000000
2026/10/01 16:31:02.819, 80, 84.49 W, 77 %, 1860 MHz, 0x0000000000000000
2026/10/01 16:31:12.834, 81, 136.66 W, 99 %, 1860 MHz, 0x0000000000000000
2026/10/01 16:31:22.851, 81, 136.48 W, 58 %, 1860 MHz, 0x0000000000000000
2026/10/01 16:31:32.869, 79, 140.40 W, 5 %, 1860 MHz, 0x0000000000000000
2026/10/01 16:31:42.887, 79, 84.94 W, 58 %, 1860 MHz, 0x0000000000000000
2026/10/01 16:31:52.905, 81, 131.83 W, 99 %, 1860 MHz, 0x0000000000000000
2026/10/01 16:32:02.923, 80, 141.85 W, 56 %, 1860 MHz, 0x0000000000000000
2026/10/01 16:32:12.941, 79, 84.76 W, 30 %, 1860 MHz, 0x0000000000000000
2026/10/01 16:32:22.962, 80, 117.53 W, 95 %, 1860 MHz, 0x0000000000000000
2026/10/01 16:32:32.984, 81, 133.73 W, 99 %, 1860 MHz, 0x0000000000000000
2026/10/01 16:32:43.002, 80, 139.06 W, 17 %, 1860 MHz, 0x0000000000000000
2026/10/01 16:32:53.019, 79, 85.21 W, 51 %, 1860 MHz, 0x0000000000000000
2026/10/01 16:33:03.035, 81, 135.61 W, 36 %, 1860 MHz, 0x0000000000000000
2026/10/01 16:33:13.052, 81, 141.38 W, 8 %, 1860 MHz, 0x0000000000000000
2026/10/01 16:33:23.069, 81, 135.54 W, 42 %, 1860 MHz, 0x0000000000000000
2026/10/01 16:33:33.088, 79, 84.54 W, 99 %, 1860 MHz, 0x0000000000000000
2026/10/01 16:33:43.105, 79, 85.44 W, 99 %, 1860 MHz, 0x0000000000000000
2026/10/01 16:33:53.124, 81, 139.61 W, 67 %, 1860 MHz, 0x0000000000000000
2026/10/01 16:34:03.141, 81, 136.82 W, 30 %, 1860 MHz, 0x0000000000000000
2026/10/01 16:34:13.158, 81, 141.21 W, 10 %, 1860 MHz, 0x0000000000000000
2026/10/01 16:34:23.174, 79, 140.62 W, 52 %, 1860 MHz, 0x0000000000000000
2026/10/01 16:34:33.194, 79, 84.74 W, 93 %, 1860 MHz, 0x0000000000000000
2026/10/01 16:34:43.212, 79, 85.63 W, 99 %, 1860 MHz, 0x0000000000000000
2026/10/01 16:34:53.235, 81, 109.20 W, 86 %, 1860 MHz, 0x0000000000000000
2026/10/01 16:35:03.257, 81, 137.60 W, 54 %, 1860 MHz, 0x0000000000000000
2026/10/01 16:35:13.274, 81, 138.23 W, 15 %, 1860 MHz, 0x0000000000000000
2026/10/01 16:35:23.291, 80, 137.92 W, 15 %, 1860 MHz, 0x0000000000000000
2026/10/01 16:35:33.308, 78, 112.09 W, 54 %, 1860 MHz, 0x0000000000000000
2026/10/01 16:35:43.327, 79, 85.45 W, 89 %, 1860 MHz, 0x0000000000000000
2026/10/01 16:35:53.342, 81, 86.46 W, 99 %, 1860 MHz, 0x0000000000000000
2026/10/01 16:36:03.360, 81, 135.37 W, 91 %, 1860 MHz, 0x0000000000000000
2026/10/01 16:36:13.377, 81, 136.90 W, 57 %, 1860 MHz, 0x0000000000000000
2026/10/01 16:36:23.394, 80, 141.86 W, 26 %, 1860 MHz, 0x0000000000000000
2026/10/01 16:36:33.412, 78, 139.25 W, 11 %, 1860 MHz, 0x0000000000000000
2026/10/01 16:36:43.432, 78, 84.66 W, 47 %, 1860 MHz, 0x0000000000000000
2026/10/01 16:36:53.448, 79, 84.86 W, 86 %, 1860 MHz, 0x0000000000000000
2026/10/01 16:37:03.466, 79, 85.48 W, 99 %, 1860 MHz, 0x0000000000000000
2026/10/01 16:37:13.489, 81, 133.06 W, 96 %, 1860 MHz, 0x0000000000000000
2026/10/01 16:37:23.510, 81, 140.50 W, 65 %, 1860 MHz, 0x0000000000000000
2026/10/01 16:37:33.533, 81, 142.24 W, 28 %, 1860 MHz, 0x0000000000000000
2026/10/01 16:37:43.551, 81, 138.86 W, 3 %, 1860 MHz, 0x0000000000000000
2026/10/01 16:37:53.568, 78, 84.55 W, 48 %, 1860 MHz, 0x0000000000000000
2026/10/01 16:38:03.585, 78, 84.69 W, 84 %, 1860 MHz, 0x0000000000000000
2026/10/01 16:38:13.604, 81, 112.60 W, 99 %, 1860 MHz, 0x0000000000000000
2026/10/01 16:38:23.624, 81, 131.73 W, 97 %, 1860 MHz, 0x0000000000000000
2026/10/01 16:38:33.643, 80, 134.61 W, 60 %, 1860 MHz, 0x0000000000000000
2026/10/01 16:38:43.664, 80, 134.98 W, 18 %, 1860 MHz, 0x0000000000000000
2026/10/01 16:38:53.684, 78, 84.32 W, 20 %, 1860 MHz, 0x0000000000000000
2026/10/01 16:39:03.704, 78, 84.74 W, 60 %, 1860 MHz, 0x0000000000000000
2026/10/01 16:39:13.720, 80, 85.97 W, 90 %, 1860 MHz, 0x0000000000000000
2026/10/01 16:39:23.738, 81, 135.50 W, 99 %, 1860 MHz, 0x0000000000000000
2026/10/01 16:39:33.756, 81, 137.46 W, 92 %, 1860 MHz, 0x0000000000000000
2026/10/01 16:39:43.772, 80, 136.91 W, 52 %, 1860 MHz, 0x0000000000000000
2026/10/01 16:39:53.789, 78, 134.74 W, 17 %, 1860 MHz, 0x0000000000000000
2026/10/01 16:40:03.808, 78, 84.04 W, 13 %, 1860 MHz, 0x0000000000000000
2026/10/01 16:40:13.825, 79, 84.46 W, 50 %, 1860 MHz, 0x0000000000000000
2026/10/01 16:40:23.846, 81, 85.46 W, 88 %, 1860 MHz, 0x0000000000000000
2026/10/01 16:40:33.869, 80, 132.28 W, 99 %, 1860 MHz, 0x0000000000000000
2026/10/01 16:40:43.888, 80, 137.10 W, 86 %, 1860 MHz, 0x0000000000000000
2026/10/01 16:40:53.907, 79, 138.74 W, 48 %, 1860 MHz, 0x0000000000000000
2026/10/01 16:41:03.923, 78, 133.73 W, 82 %, 1860 MHz, 0x0000000000000000
2026/10/01 16:41:13.940, 78, 84.43 W, 99 %, 1860 MHz, 0x0000000000000000
2026/10/01 16:41:23.957, 81, 84.88 W, 85 %, 1860 MHz, 0x0000000000000000
2026/10/01 16:41:33.973, 81, 129.92 W, 51 %, 1860 MHz, 0x0000000000000000
2026/10/01 16:41:43.995, 80, 130.80 W, 18 %, 1860 MHz, 0x0000000000000000
2026/10/01 16:41:54.015, 80, 128.85 W, 20 %, 1860 MHz, 0x0000000000000000
2026/10/01 16:42:04.032, 79, 135.28 W, 65 %, 1860 MHz, 0x0000000000000000
2026/10/01 16:42:14.050, 78, 84.29 W, 99 %, 1860 MHz, 0x0000000000000000
2026/10/01 16:42:24.068, 78, 84.55 W, 99 %, 1860 MHz, 0x0000000000000000
2026/10/01 16:42:34.083, 80, 131.39 W, 68 %, 1860 MHz, 0x0000000000000000
2026/10/01 16:42:44.104, 80, 130.21 W, 35 %, 1860 MHz, 0x0000000000000000
2026/10/01 16:42:54.122, 80, 140.36 W, 1 %, 1860 MHz, 0x0000000000000000
2026/10/01 16:43:04.139, 80, 129.50 W, 31 %, 1860 MHz, 0x0000000000000000
2026/10/01 16:43:14.160, 78, 83.67 W, 64 %, 1860 MHz, 0x0000000000000000
2026/10/01 16:43:24.182, 78, 83.87 W, 99 %, 1860 MHz, 0x0000000000000000
2026/10/01 16:43:34.198, 79, 84.56 W, 99 %, 1860 MHz, 0x0000000000000000
2026/10/01 16:43:44.214, 80, 134.54 W, 74 %, 1860 MHz, 0x0000000000000000
2026/10/01 16:43:54.233, 80, 137.01 W, 40 %, 1860 MHz, 0x0000000000000000
2026/10/01 16:44:04.249, 80, 131.97 W, 6 %, 1860 MHz, 0x0000000000000000
2026/10/01 16:44:14.266, 78, 131.30 W, 28 %, 1860 MHz, 0x0000000000000000
2026/10/01 16:44:24.284, 78, 83.62 W, 64 %, 1860 MHz, 0x0000000000000000
2026/10/01 16:44:34.300, 78, 84.31 W, 97 %, 1860 MHz, 0x0000000000000000
2026/10/01 16:44:44.316, 80, 90.17 W, 99 %, 1860 MHz, 0x0000000000000000
2026/10/01 16:44:54.339, 80, 131.25 W, 80 %, 1860 MHz, 0x0000000000000000
2026/10/01 16:45:04.356, 80, 135.97 W, 51 %, 1860 MHz, 0x0000000000000000
2026/10/01 16:45:14.374, 79, 129.43 W, 13 %, 1860 MHz, 0x0000000000000000
2026/10/01 16:45:24.394, 77, 129.61 W, 19 %, 1860 MHz, 0x0000000000000000
2026/10/01 16:45:34.413, 78, 84.43 W, 54 %, 1860 MHz, 0x0000000000000000
2026/10/01 16:45:44.430, 79, 83.88 W, 91 %, 1860 MHz, 0x0000000000000000
2026/10/01 16:45:54.446, 80, 86.00 W, 99 %, 1860 MHz, 0x0000000000000000
2026/10/01 16:46:04.467, 80, 137.80 W, 95 %, 1860 MHz, 0x0000000000000000
2026/10/01 16:46:14.486, 80, 140.66 W, 58 %, 1860 MHz, 0x0000000000000000
2026/10/01 16:46:24.508, 80, 137.60 W, 24 %, 1860 MHz, 0x0000000000000000
2026/10/01 16:46:34.528, 77, 84.46 W, 18 %, 1860 MHz, 0x0000000000000000
2026/10/01 16:46:44.549, 77, 84.06 W, 70 %, 1860 MHz, 0x0000000000000000
2026/10/01 16:46:54.569, 78, 85.94 W, 99 %, 1860 MHz, 0x0000000000000000
2026/10/01 16:47:04.585, 80, 140.13 W, 99 %, 1860 MHz, 0x0000000000000000
2026/10/01 16:47:14.606, 80, 139.44 W, 82 %, 1860 MHz, 0x0000000000000000
2026/10/01 16:47:24.624, 80, 138.76 W, 46 %, 1860 MHz, 0x0000000000000000
2026/10/01 16:47:34.641, 79, 136.24 W, 17 %, 1860 MHz, 0x0000000000000000
2026/10/01 16:47:44.658, 77, 83.51 W, 12 %, 1860 MHz, 0x0000000000000000
2026/10/01 16:47:54.677, 77, 83.77 W, 45 %, 1860 MHz, 0x0000000000000000
2026/10/01 16:48:04.692, 78, 85.29 W, 78 %, 1860 MHz, 0x0000000000000000
2026/10/01 16:48:14.709, 80, 138.18 W, 99 %, 1860 MHz, 0x0000000000000000
2026/10/01 16:48:24.732, 80, 139.82 W, 99 %, 1860 MHz, 0x0000000000000000
2026/10/01 16:48:34.748, 80, 139.89 W, 69 %, 1860 MHz, 0x0000000000000000
2026/10/01 16:48:44.766, 79, 129.40 W, 38 %, 1860 MHz, 0x0000000000000000
2026/10/01 16:48:54.784, 77, 87.01 W, 5 %, 1860 MHz, 0x0000000000000000
2026/10/01 16:49:04.806, 78, 83.89 W, 32 %, 1860 MHz, 0x0000000000000000
2026/10/01 16:49:14.824, 80, 85.40 W, 87 %, 1860 MHz, 0x0000000000000000
2026/10/01 16:49:24.840, 80, 134.31 W, 56 %, 1860 MHz, 0x0000000000000000
2026/10/01 16:49:34.858, 80, 136.84 W, 14 %, 1860 MHz, 0x0000000000000000
2026/10/01 16:49:44.877, 79, 129.54 W, 25 %, 1860 MHz, 0x0000000000000000
2026/10/01 16:49:54.894, 77, 128.55 W, 63 %, 1860 MHz, 0x0000000000000000
2026/10/01 16:50:04.913, 77, 83.40 W, 94 %, 1860 MHz, 0x0000000000000000
2026/10/01 16:50:14.931, 79, 83.86 W, 99 %, 1860 MHz, 0x0000000000000000
2026/10/01 16:50:24.947, 80, 95.61 W, 81 %, 1860 MHz, 0x0000000000000000
2026/10/01 16:50:34.968, 80, 129.13 W, 44 %, 1860 MHz, 0x0000000000000000
2026/10/01 16:50:44.989, 79, 131.81 W, 5 %, 1860 MHz, 0x0000000000000000
2026/10/01 16:50:55.006, 77, 128.64 W, 27 %, 1860 MHz, 0x0000000000000000
2026/10/01 16:51:05.027, 78, 91.28 W, 64 %, 1860 MHz, 0x0000000000000000
2026/10/01 16:51:15.047, 77, 83.60 W, 99 %, 1860 MHz, 0x0000000000000000
2026/10/01 16:51:25.065, 78, 85.38 W, 99 %, 1860 MHz, 0x0000000000000000
2026/10/01 16:51:35.081, 80, 131.22 W, 78 %, 1860 MHz, 0x0000000000000000
2026/10/01 16:51:45.100, 80, 138.25 W, 38 %, 1860 MHz, 0x0000000000000000
2026/10/01 16:51:55.117, 79, 134.42 W, 1 %, 1860 MHz, 0x0000000000000000
2026/10/01 16:52:05.133, 79, 133.46 W, 31 %, 1860 MHz, 0x0000000000000000
2026/10/01 16:52:15.151, 77, 83.81 W, 65 %, 1860 MHz, 0x0000000000000000
2026/10/01 16:52:25.168, 77, 83.79 W, 99 %, 1860 MHz, 0x0000000000000000
2026/10/01 16:52:35.184, 80, 84.81 W, 99 %, 1860 MHz, 0x0000000000000000
2026/10/01 16:52:45.205, 79, 134.57 W, 75 %, 1860 MHz, 0x0000000000000000
2026/10/01 16:52:55.223, 79, 138.92 W, 38 %, 1860 MHz, 0x0000000000000000
2026/10/01 16:53:05.243, 79, 136.37 W, 4 %, 1860 MHz, 0x0000000000000000
2026/10/01 16:53:15.260, 77, 122.33 W, 31 %, 1860 MHz, 0x0000000000000000
2026/10/01 16:53:25.279, 77, 83.60 W, 70 %, 1860 MHz, 0x0000000000000000
2026/10/01 16:53:35.295, 78, 84.98 W, 99 %, 1860 MHz, 0x0000000000000000
2026/10/01 16:53:45.311, 80, 138.54 W, 99 %, 1860 MHz, 0x0000000000000000
2026/10/01 16:53:55.328, 80, 130.20 W, 71 %, 1860 MHz, 0x0000000000000000
2026/10/01 16:54:05.346, 79, 139.29 W, 31 %, 1860 MHz, 0x0000000000000000
2026/10/01 16:54:15.363, 77, 129.84 W, 2 %, 1860 MHz, 0x0000000000000000
2026/10/01 16:54:25.382, 77, 83.35 W, 37 %, 1860 MHz, 0x0000000000000000
2026/10/01 16:54:35.398, 78, 83.69 W, 73 %, 1860 MHz, 0x0000000000000000
2026/10/01 16:54:45.415, 80, 84.29 W, 99 %, 1860 MHz, 0x0000000000000000
2026/10/01 16:54:55.438, 79, 135.84 W, 99 %, 1860 MHz, 0x0000000000000000
2026/10/01 16:55:05.455, 79, 138.88 W, 69 %, 1860 MHz, 0x0000000000000000
2026/10/01 16:55:15.475, 78, 138.22 W, 34 %, 1860 MHz, 0x0000000000000000
2026/10/01 16:55:25.492, 77, 106.12 W, 7 %, 1860 MHz, 0x0000000000000000
2026/10/01 16:55:35.510, 77, 83.36 W, 44 %, 1860 MHz, 0x0000000000000000
2026/10/01 16:55:45.529, 77, 85.53 W, 79 %, 1860 MHz, 0x0000000000000000
2026/10/01 16:55:55.545, 80, 137.23 W, 99 %, 1860 MHz, 0x0000000000000000
2026/10/01 16:56:05.562, 80, 137.02 W, 99 %, 1860 MHz, 0x0000000000000000
2026/10/01 16:56:15.579, 79, 139.33 W, 70 %, 1860 MHz, 0x0000000000000000
2026/10/01 16:56:25.595, 79, 134.65 W, 37 %, 1860 MHz, 0x0000000000000000
2026/10/01 16:56:35.616, 77, 83.78 W, 4 %, 1860 MHz, 0x0000000000000000
2026/10/01 16:56:45.636, 77, 84.18 W, 35 %, 1860 MHz, 0x0000000000000000
2026/10/01 16:56:55.653, 78, 83.88 W, 80 %, 1860 MHz, 0x0000000000000000
2026/10/01 16:57:05.674, 79, 129.55 W, 38 %, 1860 MHz, 0x0000000000000000
2026/10/01 16:57:15.690, 79, 133.97 W, 8 %, 1860 MHz, 0x0000000000000000
2026/10/01 16:57:25.707, 79, 133.94 W, 23 %, 1860 MHz, 0x0000000000000000
2026/10/01 16:57:35.725, 78, 132.34 W, 56 %, 1860 MHz, 0x0000000000000000
2026/10/01 16:57:45.742, 77, 83.74 W, 97 %, 1860 MHz, 0x0000000000000000
2026/10/01 16:57:55.758, 77, 83.87 W, 99 %, 1860 MHz, 0x0000000000000000
2026/10/01 16:58:05.775, 79, 137.73 W, 72 %, 1860 MHz, 0x0000000000000000
2026/10/01 16:58:15.791, 79, 138.00 W, 39 %, 1860 MHz, 0x0000000000000000
2026/10/01 16:58:25.809, 79, 133.83 W, 1 %, 1860 MHz, 0x0000000000000000
2026/10/01 16:58:35.827, 78, 137.11 W, 35 %, 1860 MHz, 0x0000000000000000
2026/10/01 16:58:45.846, 77, 83.11 W, 69 %, 1860 MHz, 0x0000000000000000
2026/10/01 16:58:55.863, 77, 83.28 W, 99 %, 1860 MHz, 0x0000000000000000
2026/10/01 16:59:05.881, 79, 83.77 W, 99 %, 1860 MHz, 0x0000000000000000
2026/10/01 16:59:15.900, 79, 135.45 W, 60 %, 1860 MHz, 0x0000000000000000
2026/10/01 16:59:25.916, 79, 138.62 W, 24 %, 1860 MHz, 0x0000000000000000
2026/10/01 16:59:35.937, 78, 136.92 W, 7 %, 1860 MHz, 0x0000000000000000
2026/10/01 16:59:45.956, 77, 136.83 W, 43 %, 1860 MHz, 0x0000000000000000
2026/10/01 16:59:55.972, 77, 83.22 W, 83 %, 1860 MHz, 0x0000000000000000
2026/10/01 17:00:05.988, 79, 84.98 W, 99 %, 1860 MHz, 0x0000000000000000
2026/10/01 17:00:16.006, 79, 133.54 W, 96 %, 1860 MHz, 0x0000000000000000
2026/10/01 17:00:26.023, 79, 127.89 W, 56 %, 1860 MHz, 0x0000000000000000
2026/10/01 17:00:36.044, 79, 128.92 W, 21 %, 1860 MHz, 0x0000000000000000
2026/10/01 17:00:46.063, 79, 132.24 W, 9 %, 1860 MHz, 0x0000000000000000
2026/10/01 17:00:56.080, 77, 83.24 W, 41 %, 1860 MHz, 0x0000000000000000
2026/10/01 17:01:06.101, 77, 83.67 W, 84 %, 1860 MHz, 0x0000000000000000
2026/10/01 17:01:16.119, 78, 84.19 W, 99 %, 1860 MHz, 0x0000000000000000
2026/10/01 17:01:26.143, 79, 138.27 W, 91 %, 1860 MHz, 0x0000000000000000
2026/10/01 17:01:36.161, 79, 131.18 W, 54 %, 1860 MHz, 0x0000000000000000
2026/10/01 17:01:46.177, 79, 132.18 W, 20 %, 1860 MHz, 0x0000000000000000
2026/10/01 17:01:56.197, 77, 99.08 W, 24 %, 1860 MHz, 0x0000000000000000
2026/10/01 17:02:06.216, 77, 83.27 W, 56 %, 1860 MHz, 0x0000000000000000
2026/10/01 17:02:16.231, 77, 84.76 W, 93 %, 1860 MHz, 0x0000000000000000
2026/10/01 17:02:26.247, 79, 136.36 W, 99 %, 1860 MHz, 0x0000000000000000
2026/10/01 17:02:36.265, 79, 136.98 W, 92 %, 1860 MHz, 0x0000000000000000
2026/10/01 17:02:46.282, 79, 137.10 W, 57 %, 1860 MHz, 0x0000000000000000
2026/10/01 17:02:56.300, 78, 129.41 W, 27 %, 1860 MHz, 0x0000000000000000
2026/10/01 17:03:06.318, 77, 107.58 W, 4 %, 1860 MHz, 0x0000000000000000
2026/10/01 17:03:16.334, 77, 82.94 W, 47 %, 1860 MHz, 0x0000000000000000
2026/10/01 17:03:26.350, 79, 84.38 W, 82 %, 1860 MHz, 0x0000000000000000
2026/10/01 17:03:36.368, 79, 127.72 W, 99 %, 1860 MHz, 0x0000000000000000
2026/10/01 17:03:46.385, 79, 127.98 W, 85 %, 1860 MHz, 0x0000000000000000
2026/10/01 17:03:56.402, 78, 129.51 W, 48 %, 1860 MHz, 0x0000000000000000
2026/10/01 17:04:06.422, 77, 136.30 W, 10 %, 1860 MHz, 0x0000000000000000
2026/10/01 17:04:16.438, 77, 83.08 W, 33 %, 1860 MHz, 0x0000000000000000
2026/10/01 17:04:26.455, 79, 83.77 W, 73 %, 1860 MHz, 0x0000000000000000
2026/10/01 17:04:36.473, 79, 137.48 W, 99 %, 1860 MHz, 0x0000000000000000
2026/10/01 17:04:46.491, 79, 137.11 W, 6 %, 1860 MHz, 0x0000000000000000
2026/10/01 17:04:56.508, 78, 138.01 W, 27 %, 1860 MHz, 0x0000000000000000
2026/10/01 17:05:06.525, 76, 126.71 W, 60 %, 1860 MHz, 0x0000000000000000
2026/10/01 17:05:16.543, 77, 83.20 W, 96 %, 1860 MHz, 0x0000000000000000
2026/10/01 17:05:26.561, 77, 83.25 W, 99 %, 1860 MHz, 0x0000000000000000
2026/10/01 17:05:36.579, 78, 95.52 W, 75 %, 1860 MHz, 0x0000000000000000
2026/10/01 17:05:46.599, 79, 136.62 W, 39 %, 1860 MHz, 0x0000000000000000
2026/10/01 17:05:56.617, 79, 136.94 W, 5 %, 1860 MHz, 0x0000000000000000
2026/10/01 17:06:06.634, 78, 132.34 W, 26 %, 1860 MHz, 0x0000000000000000
2026/10/01 17:06:16.651, 76, 93.88 W, 68 %, 1860 MHz, 0x0000000000000000
2026/10/01 17:06:26.670, 77, 83.03 W, 99 %, 1860 MHz, 0x0000000000000000
2026/10/01 17:06:36.686, 77, 84.63 W, 99 %, 1860 MHz, 0x0000000000000000
2026/10/01 17:06:46.702, 79, 136.60 W, 82 %, 1860 MHz, 0x0000000000000000
2026/10/01 17:06:56.720, 79, 132.78 W, 44 %, 1860 MHz, 0x0000000000000000
2026/10/01 17:07:06.738, 79, 129.66 W, 14 %, 1860 MHz, 0x0000000000000000
2026/10/01 17:07:16.760, 78, 132.76 W, 20 %, 1860 MHz, 0x0000000000000000
2026/10/01 17:07:26.778, 76, 83.01 W, 56 %, 1860 MHz, 0x0000000000000000
2026/10/01 17:07:36.795, 77, 83.83 W, 89 %, 1860 MHz, 0x0000000000000000
2026/10/01 17:07:46.809, 78, 84.87 W, 99 %, 1860 MHz, 0x0000000000000000
2026/10/01 17:07:56.826, 79, 137.12 W, 85 %, 1860 MHz, 0x0000000000000000
2026/10/01 17:08:06.848, 79, 135.50 W, 51 %, 1860 MHz, 0x0000000000000000
2026/10/01 17:08:16.868, 79, 128.80 W, 6 %, 1860 MHz, 0x0000000000000000
2026/10/01 17:08:26.885, 76, 125.39 W, 34 %, 1860 MHz, 0x0000000000000000
2026/10/01 17:08:36.903, 77, 83.30 W, 81 %, 1860 MHz, 0x0000000000000000
2026/10/01 17:08:46.922, 79, 83.88 W, 99 %, 1860 MHz, 0x0000000000000000
2026/10/01 17:08:56.942, 79, 132.71 W, 89 %, 1860 MHz, 0x0000000000000000
2026/10/01 17:09:06.958, 78, 132.64 W, 53 %, 1860 MHz, 0x0000000000000000
2026/10/01 17:09:16.975, 78, 128.07 W, 18 %, 1860 MHz, 0x0000000000000000
2026/10/01 17:09:26.993, 76, 135.17 W, 14 %, 1860 MHz, 0x0000000000000000
2026/10/01 17:09:37.011, 77, 83.11 W, 49 %, 1860 MHz, 0x0000000000000000
2026/10/01 17:09:47.032, 79, 83.53 W, 87 %, 1860 MHz, 0x0000000000000000
2026/10/01 17:09:57.049, 79, 92.53 W, 99 %, 1860 MHz, 0x0000000000000000
2026/10/01 17:10:07.071, 79, 135.67 W, 96 %, 1860 MHz, 0x0000000000000000
2026/10/01 17:10:17.090, 79, 126.50 W, 51 %, 1860 MHz, 0x0000000000000000
2026/10/01 17:10:27.107, 78, 131.93 W, 14 %, 1860 MHz, 0x0000000000000000
2026/10/01 17:10:37.125, 76, 83.33 W, 21 %, 1860 MHz, 0x0000000000000000
2026/10/01 17:10:47.142, 77, 83.44 W, 56 %, 1860 MHz, 0x0000000000000000
2026/10/01 17:10:57.157, 77, 84.01 W, 91 %, 1860 MHz, 0x0000000000000000
2026/10/01 17:11:07.174, 79, 133.77 W, 99 %, 1860 MHz, 0x0000000000000000
2026/10/01 17:11:17.197, 79, 128.81 W, 90 %, 1860 MHz, 0x0000000000000000
2026/10/01 17:11:27.216, 78, 128.34 W, 41 %, 1860 MHz, 0x0000000000000000
2026/10/01 17:11:37.236, 76, 118.97 W, 6 %, 1860 MHz, 0x0000000000000000
2026/10/01 17:11:47.256, 76, 83.56 W, 27 %, 1860 MHz, 0x0000000000000000
2026/10/01 17:11:57.274, 77, 83.60 W, 62 %, 1860 MHz, 0x0000000000000000
2026/10/01 17:12:07.295, 79, 122.68 W, 99 %, 1860 MHz, 0x0000000000000000
2026/10/01 17:12:17.310, 79, 135.84 W, 99 %, 1860 MHz, 0x0000000000000000
2026/10/01 17:12:27.326, 78, 128.64 W, 77 %, 1860 MHz, 0x0000000000000000
2026/10/01 17:12:37.345, 78, 133.68 W, 58 %, 1860 MHz, 0x0000000000000000
2026/10/01 17:12:47.364, 76, 82.95 W, 88 %, 1860 MHz, 0x0000000000000000
2026/10/01 17:12:57.381, 77, 82.90 W, 99 %, 1860 MHz, 0x0000000000000000
2026/10/01 17:13:07.400, 79, 83.74 W, 82 %, 1860 MHz, 0x0000000000000000
2026/10/01 17:13:17.426, 79, 129.93 W, 42 %, 1860 MHz, 0x0000000000000000
2026/10/01 17:13:27.444, 79, 134.23 W, 2 %, 1860 MHz, 0x0000000000000000
2026/10/01 17:13:37.464, 78, 132.99 W, 29 %, 1860 MHz, 0x0000000000000000
2026/10/01 17:13:47.482, 76, 88.48 W, 76 %, 1860 MHz, 0x0000000000000000
2026/10/01 17:13:57.498, 77, 83.12 W, 99 %, 1860 MHz, 0x0000000000000000
2026/10/01 17:14:07.517, 79, 83.75 W, 93 %, 1860 MHz, 0x0000000000000000
2026/10/01 17:14:17.536, 78, 136.86 W, 58 %, 1860 MHz, 0x0000000000000000
2026/10/01 17:14:27.552, 79, 132.00 W, 19 %, 1860 MHz, 0x0000000000000000
2026/10/01 17:14:37.573, 78, 136.62 W, 15 %, 1860 MHz, 0x0000000000000000
2026/10/01 17:14:47.595, 78, 126.00 W, 52 %, 1860 MHz, 0x0000000000000000
2026/10/01 17:14:57.612, 76, 82.72 W, 87 %, 1860 MHz, 0x0000000000000000
2026/10/01 17:15:07.629, 76, 83.37 W, 99 %, 1860 MHz, 0x0000000000000000
2026/10/01 17:15:17.645, 79, 117.11 W, 90 %, 1860 MHz, 0x0000000000000000
2026/10/01 17:15:27.660, 78, 131.18 W, 53 %, 1860 MHz, 0x0000000000000000
2026/10/01 17:15:37.679, 79, 127.89 W, 16 %, 1860 MHz, 0x0000000000000000
2026/10/01 17:15:47.696, 78, 124.89 W, 15 %, 1860 MHz, 0x0000000000000000
2026/10/01 17:15:57.714, 76, 97.16 W, 48 %, 1860 MHz, 0x0000000000000000
2026/10/01 17:16:07.735, 77, 83.68 W, 98 %, 1860 MHz, 0x0000000000000000
2026/10/01 17:16:17.751, 79, 83.72 W, 99 %, 1860 MHz, 0x0000000000000000
2026/10/01 17:16:27.770, 79, 133.86 W, 82 %, 1860 MHz, 0x0000000000000000
2026/10/01 17:16:37.787, 78, 131.23 W, 45 %, 1860 MHz, 0x0000000000000000
2026/10/01 17:16:47.805, 78, 126.68 W, 3 %, 1860 MHz, 0x0000000000000000
2026/10/01 17:16:57.823, 76, 86.92 W, 30 %, 1860 MHz, 0x0000000000000000
2026/10/01 17:17:07.840, 76, 83.19 W, 68 %, 1860 MHz, 0x0000000000000000
2026/10/01 17:17:17.857, 78, 83.87 W, 99 %, 1860 MHz, 0x0000000000000000
2026/10/01 17:17:27.875, 79, 135.17 W, 99 %, 1860 MHz, 0x0000000000000000
2026/10/01 17:17:37.894, 78, 131.86 W, 65 %, 1860 MHz, 0x0000000000000000
2026/10/01 17:17:47.911, 78, 129.54 W, 23 %, 1860 MHz, 0x0000000000000000
2026/10/01 17:17:57.930, 76, 135.32 W, 13 %, 1860 MHz, 0x0000000000000000
2026/10/01 17:18:07.949, 76, 82.79 W, 46 %, 1860 MHz, 0x0000000000000000
2026/10/01 17:18:17.964, 78, 83.54 W, 84 %, 1860 MHz, 0x0000000000000000
2026/10/01 17:18:27.980, 78, 126.66 W, 99 %, 1860 MHz, 0x0000000000000000
2026/10/01 17:18:37.995, 78, 132.03 W, 91 %, 1860 MHz, 0x0000000000000000
2026/10/01 17:18:48.013, 78, 134.86 W, 52 %, 1860 MHz, 0x0000000000000000
2026/10/01 17:18:58.035, 76, 133.79 W, 6 %, 1860 MHz, 0x0000000000000000
2026/10/01 17:19:08.054, 76, 82.79 W, 29 %, 1860 MHz, 0x0000000000000000
2026/10/01 17:19:18.071, 79, 83.04 W, 67 %, 1860 MHz, 0x0000000000000000
2026/10/01 17:19:28.089, 78, 124.29 W, 99 %, 1860 MHz, 0x0000000000000000
2026/10/01 17:19:38.106, 78, 123.91 W, 99 %, 1860 MHz, 0x0000000000000000
2026/10/01 17:19:48.126, 78, 127.18 W, 68 %, 1860 MHz, 0x0000000000000000
2026/10/01 17:19:58.143, 78, 130.81 W, 32 %, 1860 MHz, 0x0000000000000000
2026/10/01 17:20:08.163, 76, 82.54 W, 1 %, 1860 MHz, 0x0000000000000000
2026/10/01 17:20:18.179, 76, 82.98 W, 36 %, 1860 MHz, 0x0000000000000000
2026/10/01 17:20:28.196, 77, 83.50 W, 72 %, 1860 MHz, 0x0000000000000000
2026/10/01 17:20:38.213, 78, 134.66 W, 40 %, 1860 MHz, 0x0000000000000000
2026/10/01 17:20:48.230, 78, 130.42 W, 4 %, 1860 MHz, 0x0000000000000000
2026/10/01 17:20:58.249, 78, 128.22 W, 31 %, 1860 MHz, 0x0000000000000000
2026/10/01 17:21:08.268, 76, 120.28 W, 70 %, 1860 MHz, 0x0000000000000000
2026/10/01 17:21:18.286, 76, 82.65 W, 99 %, 1860 MHz, 0x0000000000000000
2026/10/01 17:21:28.302, 77, 84.44 W, 99 %, 1860 MHz, 0x0000000000000000
2026/10/01 17:21:38.318, 78, 125.02 W, 57 %, 1860 MHz, 0x0000000000000000
2026/10/01 17:21:48.337, 78, 130.15 W, 20 %, 1860 MHz, 0x0000000000000000
2026/10/01 17:21:58.354, 78, 126.71 W, 16 %, 1860 MHz, 0x0000000000000000
2026/10/01 17:22:08.373, 76, 131.14 W, 52 %, 1860 MHz, 0x0000000000000000
2026/10/01 17:22:18.394, 76, 82.42 W, 93 %, 1860 MHz, 0x0000000000000000
2026/10/01 17:22:28.409, 77, 83.03 W, 99 %, 1860 MHz, 0x0000000000000000
2026/10/01 17:22:38.425, 78, 126.21 W, 74 %, 1860 MHz, 0x0000000000000000
2026/10/01 17:22:48.443, 78, 125.32 W, 39 %, 1860 MHz, 0x0000000000000000
2026/10/01 17:22:58.462, 78, 135.25 W, 1 %, 1860 MHz, 0x0000000000000000
2026/10/01 17:23:08.479, 76, 124.52 W, 34 %, 1860 MHz, 0x0000000000000000
2026/10/01 17:23:18.499, 76, 82.45 W, 80 %, 1860 MHz, 0x0000000000000000
2026/10/01 17:23:28.516, 78, 83.31 W, 99 %, 1860 MHz, 0x0000000000000000
2026/10/01 17:23:38.532, 78, 130.18 W, 88 %, 1860 MHz, 0x0000000000000000
2026/10/01 17:23:48.552, 78, 130.63 W, 46 %, 1860 MHz, 0x0000000000000000
2026/10/01 17:23:58.570, 77, 134.63 W, 5 %, 1860 MHz, 0x0000000000000000
2026/10/01 17:24:08.587, 76, 133.22 W, 29 %, 1860 MHz, 0x0000000000000000
2026/10/01 17:24:18.607, 76, 82.48 W, 65 %, 1860 MHz, 0x0000000000000000
2026/10/01 17:24:28.623, 76, 82.68 W, 99 %, 1860 MHz, 0x0000000000000000
2026/10/01 17:24:38.639, 77, 89.49 W, 99 %, 1860 MHz, 0x0000000000000000
2026/10/01 17:24:48.660, 78, 133.88 W, 77 %, 1860 MHz, 0x0000000000000000
2026/10/01 17:24:58.679, 78, 125.36 W, 36 %, 1860 MHz, 0x0000000000000000
2026/10/01 17:25:08.696, 78, 134.26 W, 1 %, 1860 MHz, 0x0000000000000000
2026/10/01 17:25:18.715, 76, 82.46 W, 42 %, 1860 MHz, 0x0000000000000000
2026/10/01 17:25:28.731, 76, 82.94 W, 86 %, 1860 MHz, 0x0000000000000000
2026/10/01 17:25:38.746, 78, 135.37 W, 99 %, 1860 MHz, 0x0000000000000000
2026/10/01 17:25:48.764, 78, 124.17 W, 78 %, 1860 MHz, 0x0000000000000000
2026/10/01 17:25:58.781, 78, 124.53 W, 28 %, 1860 MHz, 0x0000000000000000
2026/10/01 17:26:08.800, 76, 128.84 W, 5 %, 1860 MHz, 0x0000000000000000
2026/10/01 17:26:18.818, 76, 82.45 W, 41 %, 1860 MHz, 0x0000000000000000
2026/10/01 17:26:28.833, 76, 82.79 W, 78 %, 1860 MHz, 0x0000000000000000
2026/10/01 17:26:38.850, 78, 127.89 W, 99 %, 1860 MHz, 0x0000000000000000
2026/10/01 17:26:48.868, 78, 125.03 W, 98 %, 1860 MHz, 0x0000000000000000
2026/10/01 17:26:58.885, 78, 132.53 W, 58 %, 1860 MHz, 0x0000000000000000
2026/10/01 17:27:08.904, 76, 130.11 W, 17 %, 1860 MHz, 0x0000000000000000
2026/10/01 17:27:18.922, 76, 82.11 W, 12 %, 1860 MHz, 0x0000000000000000
2026/10/01 17:27:28.938, 76, 82.48 W, 55 %, 1860 MHz, 0x0000000000000000
2026/10/01 17:27:38.956, 78, 108.59 W, 94 %, 1860 MHz, 0x0000000000000000
2026/10/01 17:27:48.979, 78, 127.29 W, 99 %, 1860 MHz, 0x0000000000000000
2026/10/01 17:27:58.998, 78, 133.15 W, 78 %, 1860 MHz, 0x0000000000000000
2026/10/01 17:28:09.015, 76, 129.96 W, 34 %, 1860 MHz, 0x0000000000000000
2026/10/01 17:28:19.033, 76, 82.54 W, 99 %, 1860 MHz, 0x0000000000000000
2026/10/01 17:28:29.050, 77, 82.47 W, 99 %, 1860 MHz, 0x0000000000000000
2026/10/01 17:28:39.068, 78, 88.15 W, 72 %, 1860 MHz, 0x0000000000000000
2026/10/01 17:28:49.089, 78, 126.04 W, 30 %, 1860 MHz, 0x0000000000000000
2026/10/01 17:28:59.106, 78, 134.49 W, 9 %, 1860 MHz, 0x0000000000000000
2026/10/01 17:29:09.130, 78, 125.01 W, 52 %, 1860 MHz, 0x0000000000000000
2026/10/01 17:29:19.149, 76, 82.92 W, 87 %, 1860 MHz, 0x0000000000000000
2026/10/01 17:29:29.166, 76, 83.12 W, 99 %, 1860 MHz, 0x0000000000000000
2026/10/01 17:29:39.184, 77, 88.95 W, 90 %, 1860 MHz, 0x0000000000000000
2026/10/01 17:29:49.203, 78, 132.26 W, 58 %, 1860 MHz, 0x0000000000000000
2026/10/01 17:29:59.222, 78, 133.93 W, 10 %, 1860 MHz, 0x0000000000000000
2026/10/01 17:30:09.241, 77, 133.04 W, 37 %, 1860 MHz, 0x0000000000000000
2026/10/01 17:30:19.258, 76, 82.82 W, 76 %, 1860 MHz, 0x0000000000000000
2026/10/01 17:30:29.275, 76, 82.82 W, 99 %, 1860 MHz, 0x0000000000000000
2026/10/01 17:30:39.292, 77, 83.21 W, 99 %, 1860 MHz, 0x0000000000000000
2026/10/01 17:30:49.312, 78, 134.36 W, 70 %, 1860 MHz, 0x0000000000000000
2026/10/01 17:30:59.328, 78, 127.47 W, 29 %, 1860 MHz, 0x0000000000000000
2026/10/01 17:31:09.349, 77, 129.54 W, 12 %, 1860 MHz, 0x0000000000000000
2026/10/01 17:31:19.368, 76, 81.91 W, 52 %, 1860 MHz, 0x0000000000000000
2026/10/01 17:31:29.393, 76, 82.22 W, 87 %, 1860 MHz, 0x0000000000000000
2026/10/01 17:31:39.409, 77, 83.96 W, 99 %, 1860 MHz, 0x0000000000000000
2026/10/01 17:31:49.426, 78, 124.76 W, 87 %, 1860 MHz, 0x0000000000000000
2026/10/01 17:31:59.445, 78, 133.60 W, 52 %, 1860 MHz, 0x0000000000000000
2026/10/01 17:32:09.465, 78, 130.34 W, 17 %, 1860 MHz, 0x0000000000000000
2026/10/01 17:32:19.484, 75, 126.61 W, 17 %, 1860 MHz, 0x0000000000000000
2026/10/01 17:32:29.502, 76, 82.20 W, 60 %, 1860 MHz, 0x0000000000000000
2026/10/01 17:32:39.518, 78, 82.76 W, 99 %, 1860 MHz, 0x0000000000000000
2026/10/01 17:32:49.534, 78, 124.19 W, 99 %, 1860 MHz, 0x0000000000000000
2026/10/01 17:32:59.551, 78, 123.92 W, 70 %, 1860 MHz, 0x0000000000000000
2026/10/01 17:33:09.568, 78, 132.83 W, 31 %, 1860 MHz, 0x0000000000000000
2026/10/01 17:33:19.586, 75, 130.01 W, 2 %, 1860 MHz, 0x0000000000000000
2026/10/01 17:33:29.603, 76, 82.46 W, 44 %, 1860 MHz, 0x0000000000000000
2026/10/01 17:33:39.621, 78, 82.84 W, 85 %, 1860 MHz, 0x0000000000000000
2026/10/01 17:33:49.641, 78, 132.82 W, 99 %, 1860 MHz, 0x0000000000000000
2026/10/01 17:33:59.657, 78, 129.96 W, 92 %, 1860 MHz, 0x0000000000000000
2026/10/01 17:34:09.674, 78, 123.85 W, 56 %, 1860 MHz, 0x0000000000000000
2026/10/01 17:34:19.692, 77, 124.83 W, 20 %, 1860 MHz, 0x0000000000000000
2026/10/01 17:34:29.709, 75, 82.06 W, 16 %, 1860 MHz, 0x0000000000000000
2026/10/01 17:34:39.727, 76, 82.56 W, 56 %, 1860 MHz, 0x0000000000000000
2026/10/01 17:34:49.745, 76, 83.48 W, 92 %, 1860 MHz, 0x0000000000000000
2026/10/01 17:34:59.761, 78, 133.83 W, 99 %, 1860 MHz, 0x0000000000000000
2026/10/01 17:35:09.779, 78, 126.95 W, 83 %, 1860 MHz, 0x0000000000000000
2026/10/01 17:35:19.797, 78, 127.54 W, 50 %, 1860 MHz, 0x0000000000000000
2026/10/01 17:35:29.814, 76, 124.37 W, 15 %, 1860 MHz, 0x0000000000000000
2026/10/01 17:35:39.836, 76, 82.81 W, 24 %, 1860 MHz, 0x0000000000000000
2026/10/01 17:35:49.854, 76, 82.61 W, 61 %, 1860 MHz, 0x0000000000000000
2026/10/01 17:35:59.875, 78, 131.96 W, 99 %, 1860 MHz, 0x0000000000000000
2026/10/01 17:36:09.892, 78, 132.58 W, 99 %, 1860 MHz, 0x0000000000000000
2026/10/01 17:36:19.909, 78, 132.26 W, 19 %, 1860 MHz, 0x0000000000000000
2026/10/01 17:36:29.929, 75, 125.29 W, 59 %, 1860 MHz, 0x0000000000000000
2026/10/01 17:36:39.946, 76, 82.38 W, 99 %, 1860 MHz, 0x0000000000000000
2026/10/01 17:36:49.962, 77, 82.82 W, 99 %, 1860 MHz, 0x0000000000000000
2026/10/01 17:36:59.979, 78, 82.99 W, 58 %, 1860 MHz, 0x0000000000000000
2026/10/01 17:37:09.996, 70, 19.36 W, 4 %, 300 MHz, 0x0000000000000001
2026/10/01 17:37:20.035, 68, 19.41 W, 4 %, 300 MHz, 0x0000000000000001
2026/10/01 17:37:30.074, 67, 20.42 W, 5 %, 300 MHz, 0x0000000000000001
2026/10/01 17:37:40.114, 66, 19.61 W, 4 %, 300 MHz, 0x0000000000000001
2026/10/01 17:37:50.153, 65, 19.46 W, 4 %, 300 MHz, 0x0000000000000001
2026/10/01 17:38:00.197, 63, 19.24 W, 4 %, 300 MHz, 0x0000000000000001
2026/10/01 17:38:10.235, 63, 18.92 W, 4 %, 300 MHz, 0x0000000000000001
2026/10/01 17:38:20.275, 62, 19.48 W, 4 %, 300 MHz, 0x0000000000000001
2026/10/01 17:38:30.319, 61, 19.50 W, 4 %, 300 MHz, 0x0000000000000001
2026/10/01 17:38:40.357, 60, 19.35 W, 4 %, 300 MHz, 0x0000000000000001
2026/10/01 17:38:50.397, 59, 18.90 W, 4 %, 300 MHz, 0x0000000000000001
2026/10/01 17:39:00.435, 59, 18.63 W, 4 %, 300 MHz, 0x0000000000000001
2026/10/01 17:39:10.480, 58, 18.54 W, 4 %, 300 MHz, 0x0000000000000001
2026/10/01 17:39:20.517, 58, 18.29 W, 4 %, 300 MHz, 0x0000000000000001
2026/10/01 17:39:30.573, 57, 18.71 W, 4 %, 300 MHz, 0x0000000000000001
2026/10/01 17:39:40.610, 57, 20.48 W, 4 %, 300 MHz, 0x0000000000000001
2026/10/01 17:39:50.649, 56, 19.05 W, 4 %, 300 MHz, 0x0000000000000001
2026/10/01 17:40:00.688, 56, 19.19 W, 4 %, 300 MHz, 0x0000000000000001
2026/10/01 17:40:10.727, 55, 19.06 W, 4 %, 300 MHz, 0x0000000000000001
2026/10/01 17:40:20.765, 55, 19.71 W, 4 %, 300 MHz, 0x0000000000000001
2026/10/01 17:40:30.802, 54, 18.64 W, 4 %, 300 MHz, 0x0000000000000001
2026/10/01 17:40:40.843, 54, 18.84 W, 4 %, 300 MHz, 0x0000000000000001
2026/10/01 17:40:50.881, 53, 18.19 W, 4 %, 300 MHz, 0x0000000000000001
2026/10/01 17:41:00.918, 53, 19.20 W, 4 %, 300 MHz, 0x0000000000000001
2026/10/01 17:41:10.957, 53, 18.00 W, 4 %, 300 MHz, 0x0000000000000001
2026/10/01 17:41:20.994, 52, 17.95 W, 4 %, 300 MHz, 0x0000000000000001
2026/10/01 17:41:31.036, 52, 18.03 W, 4 %, 300 MHz, 0x0000000000000001
2026/10/01 17:41:41.076, 52, 18.01 W, 4 %, 300 MHz, 0x0000000000000001
2026/10/01 17:41:51.116, 51, 18.07 W, 4 %, 300 MHz, 0x0000000000000001
2026/10/01 17:42:01.154, 51, 17.75 W, 4 %, 300 MHz, 0x0000000000000001
2026/10/01 17:42:11.194, 51, 17.82 W, 4 %, 300 MHz, 0x0000000000000001
2026/10/01 17:42:21.231, 50, 17.81 W, 4 %, 300 MHz, 0x0000000000000001
2026/10/01 17:42:31.273, 50, 18.11 W, 4 %, 300 MHz, 0x0000000000000001
2026/10/01 17:42:41.310, 50, 18.30 W, 4 %, 300 MHz, 0x0000000000000001
2026/10/01 17:42:51.347, 50, 18.36 W, 4 %, 300 MHz, 0x0000000000000001
2026/10/01 17:43:01.388, 49, 17.69 W, 4 %, 300 MHz, 0x0000000000000001
2026/10/01 17:43:11.425, 49, 17.53 W, 4 %, 300 MHz, 0x0000000000000001
2026/10/01 17:43:21.463, 49, 17.78 W, 4 %, 300 MHz, 0x0000000000000001
2026/10/01 17:43:31.500, 49, 17.76 W, 4 %, 300 MHz, 0x0000000000000001
2026/10/01 17:43:41.547, 48, 17.57 W, 4 %, 300 MHz, 0x0000000000000001
2026/10/01 17:43:51.586, 48, 17.98 W, 4 %, 300 MHz, 0x0000000000000001
2026/10/01 17:44:01.626, 48, 17.96 W, 4 %, 300 MHz, 0x0000000000000001
2026/10/01 17:44:11.664, 48, 17.59 W, 4 %, 300 MHz, 0x0000000000000001
2026/10/01 17:44:21.702, 47, 18.14 W, 4 %, 300 MHz, 0x0000000000000001
2026/10/01 17:44:31.742, 47, 18.32 W, 4 %, 300 MHz, 0x0000000000000001
2026/10/01 17:44:41.779, 47, 17.72 W, 4 %, 300 MHz, 0x0000000000000001
2026/10/01 17:44:51.823, 47, 18.24 W, 4 %, 300 MHz, 0x0000000000000001
2026/10/01 17:45:01.861, 46, 18.16 W, 4 %, 300 MHz, 0x0000000000000001
2026/10/01 17:45:11.901, 46, 18.78 W, 4 %, 300 MHz, 0x0000000000000001
2026/10/01 17:45:21.940, 46, 17.79 W, 4 %, 300 MHz, 0x0000000000000001
2026/10/01 17:45:31.984, 46, 17.61 W, 4 %, 300 MHz, 0x0000000000000001
2026/10/01 17:45:42.028, 46, 17.38 W, 4 %, 300 MHz, 0x0000000000000001
2026/10/01 17:45:52.065, 46, 17.57 W, 4 %, 300 MHz, 0x0000000000000001
2026/10/01 17:46:02.105, 45, 17.52 W, 4 %, 300 MHz, 0x0000000000000001
2026/10/01 17:46:12.143, 45, 17.14 W, 4 %, 300 MHz, 0x0000000000000001
2026/10/01 17:46:22.182, 45, 17.65 W, 4 %, 300 MHz, 0x0000000000000001
2026/10/01 17:46:32.223, 45, 17.54 W, 4 %, 300 MHz, 0x0000000000000001
2026/10/01 17:46:42.263, 45, 17.23 W, 4 %, 300 MHz, 0x0000000000000001
2026/10/01 17:46:52.301, 44, 17.39 W, 4 %, 300 MHz, 0x0000000000000001
2026/10/01 17:47:02.339, 44, 17.48 W, 4 %, 300 MHz, 0x0000000000000001
2026/10/01 17:47:12.381, 44, 17.24 W, 4 %, 300 MHz, 0x0000000000000001
2026/10/01 17:47:22.420, 44, 17.88 W, 4 %, 300 MHz, 0x0000000000000001
2026/10/01 17:47:32.459, 44, 18.14 W, 4 %, 300 MHz, 0x0000000000000001
2026/10/01 17:47:42.497, 44, 17.73 W, 4 %, 300 MHz, 0x0000000000000001
2026/10/01 17:47:52.543, 43, 17.42 W, 4 %, 300 MHz, 0x0000000000000001
2026/10/01 17:48:02.584, 43, 17.68 W, 4 %, 300 MHz, 0x0000000000000001
2026/10/01 17:48:12.621, 43, 17.29 W, 4 %, 300 MHz, 0x0000000000000001
2026/10/01 17:48:22.659, 43, 18.85 W, 4 %, 300 MHz, 0x0000000000000001
2026/10/01 17:48:32.699, 43, 17.87 W, 4 %, 300 MHz, 0x0000000000000001
2026/10/01 17:48:42.740, 43, 17.43 W, 4 %, 300 MHz, 0x0000000000000001
2026/10/01 17:48:52.779, 42, 16.95 W, 4 %, 300 MHz, 0x0000000000000001
2026/10/01 17:49:02.817, 42, 18.09 W, 4 %, 300 MHz, 0x0000000000000001
2026/10/01 17:49:12.856, 42, 16.65 W, 4 %, 300 MHz, 0x0000000000000001
2026/10/01 17:49:22.894, 42, 17.05 W, 4 %, 300 MHz, 0x0000000000000001
2026/10/01 17:49:32.937, 42, 17.47 W, 4 %, 300 MHz, 0x0000000000000001
2026/10/01 17:49:42.975, 42, 17.90 W, 4 %, 300 MHz, 0x0000000000000001
2026/10/01 17:49:53.014, 42, 17.86 W, 4 %, 300 MHz, 0x0000000000000001
2026/10/01 17:50:03.054, 41, 18.03 W, 4 %, 300 MHz, 0x0000000000000001
2026/10/01 17:50:13.092, 41, 17.68 W, 4 %, 300 MHz, 0x0000000000000001
2026/10/01 17:50:23.129, 41, 17.45 W, 4 %, 300 MHz, 0x0000000000000001
2026/10/01 17:50:33.167, 41, 17.26 W, 4 %, 300 MHz, 0x0000000000000001
2026/10/01 17:50:43.206, 41, 16.84 W, 4 %, 300 MHz, 0x0000000000000001
2026/10/01 17:50:53.245, 41, 16.72 W, 4 %, 300 MHz, 0x0000000000000001
2026/10/01 17:51:03.284, 41, 17.42 W, 4 %, 300 MHz, 0x0000000000000001
2026/10/01 17:51:13.324, 41, 16.76 W, 4 %, 300 MHz, 0x0000000000000001
2026/10/01 17:51:23.361, 41, 17.00 W, 4 %, 300 MHz, 0x0000000000000001
2026/10/01 17:51:33.400, 41, 17.39 W, 4 %, 300 MHz, 0x0000000000000001
2026/10/01 17:51:43.440, 41, 16.89 W, 4 %, 300 MHz, 0x0000000000000001
2026/10/01 17:51:53.478, 40, 17.02 W, 4 %, 300 MHz, 0x0000000000000001
2026/10/01 17:52:03.536, 40, 17.71 W, 4 %, 300 MHz, 0x0000000000000001
2026/10/01 17:52:13.575, 40, 18.58 W, 4 %, 300 MHz, 0x0000000000000001
2026/10/01 17:52:23.619, 40, 17.72 W, 4 %, 300 MHz, 0x0000000000000001
2026/10/01 17:52:33.659, 40, 18.30 W, 4 %, 300 MHz, 0x0000000000000001
2026/10/01 17:52:43.697, 40, 17.92 W, 4 %, 300 MHz, 0x0000000000000001
2026/10/01 17:52:53.735, 40, 18.55 W, 4 %, 300 MHz, 0x0000000000000001
2026/10/01 17:53:03.777, 40, 16.99 W, 4 %, 300 MHz, 0x0000000000000001
2026/10/01 17:53:13.814, 40, 16.88 W, 4 %, 300 MHz, 0x0000000000000001
2026/10/01 17:53:23.853, 40, 17.18 W, 4 %, 300 MHz, 0x0000000000000001
2026/10/01 17:53:33.891, 40, 16.94 W, 4 %, 300 MHz, 0x0000000000000001
2026/10/01 17:53:43.930, 40, 16.71 W, 4 %, 300 MHz, 0x0000000000000001
2026/10/01 17:53:53.968, 39, 17.00 W, 4 %, 300 MHz, 0x0000000000000001
2026/10/01 17:54:04.006, 39, 17.02 W, 4 %, 300 MHz, 0x0000000000000001
2026/10/01 17:54:14.045, 39, 16.83 W, 4 %, 300 MHz, 0x0000000000000001
2026/10/01 17:54:24.095, 39, 17.00 W, 4 %, 300 MHz, 0x0000000000000001
2026/10/01 17:54:34.132, 39, 17.70 W, 4 %, 300 MHz, 0x0000000000000001
2026/10/01 17:54:44.173, 39, 17.68 W, 4 %, 300 MHz, 0x0000000000000001
2026/10/01 17:54:54.216, 39, 17.16 W, 4 %, 300 MHz, 0x0000000000000001
2026/10/01 17:55:04.253, 39, 17.30 W, 4 %, 300 MHz, 0x0000000000000001
2026/10/01 17:55:14.291, 39, 17.05 W, 4 %, 300 MHz, 0x0000000000000001
2026/10/01 17:55:24.332, 39, 16.92 W, 4 %, 300 MHz, 0x0000000000000001
2026/10/01 17:55:34.373, 39, 17.01 W, 4 %, 300 MHz, 0x0000000000000001
2026/10/01 17:55:44.410, 39, 16.88 W, 4 %, 300 MHz, 0x0000000000000001
2026/10/01 17:55:54.458, 38, 16.72 W, 4 %, 300 MHz, 0x0000000000000001
2026/10/01 17:56:04.496, 39, 16.69 W, 4 %, 300 MHz, 0x0000000000000001
2026/10/01 17:56:14.533, 38, 17.01 W, 4 %, 300 MHz, 0x0000000000000001
2026/10/01 17:56:24.573, 38, 17.61 W, 4 %, 300 MHz, 0x0000000000000001
2026/10/01 17:56:34.610, 38, 17.18 W, 4 %, 300 MHz, 0x0000000000000001
2026/10/01 17:56:44.653, 38, 17.84 W, 4 %, 300 MHz, 0x0000000000000001
2026/10/01 17:56:54.693, 38, 17.73 W, 4 %, 300 MHz, 0x0000000000000001
2026/10/01 17:57:04.732, 38, 18.27 W, 4 %, 300 MHz, 0x0000000000000001
2026/10/01 17:57:14.769, 38, 17.52 W, 4 %, 300 MHz, 0x0000000000000001
2026/10/01 17:57:24.810, 38, 16.84 W, 4 %, 300 MHz, 0x0000000000000001
2026/10/01 17:57:34.847, 38, 16.66 W, 4 %, 300 MHz, 0x0000000000000001
2026/10/01 17:57:44.886, 38, 17.34 W, 4 %, 300 MHz, 0x0000000000000001
2026/10/01 17:57:54.923, 38, 16.83 W, 4 %, 300 MHz, 0x0000000000000001
2026/10/01 17:58:04.961, 38, 17.14 W, 4 %, 300 MHz, 0x0000000000000001
2026/10/01 17:58:15.001, 38, 17.03 W, 4 %, 300 MHz, 0x0000000000000001
2026/10/01 17:58:25.041, 38, 17.00 W, 4 %, 300 MHz, 0x0000000000000001
2026/10/01 17:58:35.080, 38, 16.99 W, 4 %, 300 MHz, 0x0000000000000001
2026/10/01 17:58:45.117, 38, 16.96 W, 4 %, 300 MHz, 0x0000000000000001
2026/10/01 17:58:55.158, 38, 16.48 W, 4 %, 300 MHz, 0x0000000000000001
2026/10/01 17:59:05.200, 38, 16.78 W, 4 %, 300 MHz, 0x0000000000000001
2026/10/01 17:59:15.243, 38, 17.39 W, 4 %, 300 MHz, 0x0000000000000001
2026/10/01 17:59:25.281, 38, 17.67 W, 4 %, 300 MHz, 0x0000000000000001
2026/10/01 17:59:35.321, 38, 17.40 W, 4 %, 300 MHz, 0x0000000000000001
2026/10/01 17:59:45.368, 38, 16.66 W, 4 %, 300 MHz, 0x0000000000000001
2026/10/01 17:59:55.406, 37, 16.67 W, 4 %, 300 MHz, 0x0000000000000001
2026/10/01 18:00:05.446, 37, 16.81 W, 4 %, 300 MHz, 0x0000000000000001
2026/10/01 18:00:15.483, 37, 17.49 W, 4 %, 300 MHz, 0x0000000000000001
2026/10/01 18:00:25.521, 37, 16.68 W, 4 %, 300 MHz, 0x0000000000000001
2026/10/01 18:00:35.558, 37, 17.32 W, 4 %, 300 MHz, 0x0000000000000001
2026/10/01 18:00:45.595, 37, 16.84 W, 4 %, 300 MHz, 0x0000000000000001
2026/10/01 18:00:55.635, 37, 17.69 W, 4 %, 300 MHz, 0x0000000000000001
2026/10/01 18:01:05.678, 37, 16.91 W, 4 %, 300 MHz, 0x0000000000000001
2026/10/01 18:01:15.722, 37, 17.24 W, 4 %, 300 MHz, 0x0000000000000001
2026/10/01 18:01:25.767, 37, 17.44 W, 4 %, 300 MHz, 0x0000000000000001
2026/10/01 18:01:35.808, 37, 17.69 W, 4 %, 300 MHz, 0x0000000000000001
2026/10/01 18:01:45.849, 37, 17.60 W, 4 %, 300 MHz, 0x0000000000000001
2026/10/01 18:01:55.887, 37, 17.68 W, 4 %, 300 MHz, 0x0000000000000001
2026/10/01 18:02:05.926, 37, 17.34 W, 4 %, 300 MHz, 0x0000000000000001
2026/10/01 18:02:15.964, 37, 16.68 W, 4 %, 300 MHz, 0x0000000000000001
2026/10/01 18:02:26.002, 37, 16.46 W, 4 %, 300 MHz, 0x0000000000000001
2026/10/01 18:02:36.042, 37, 17.04 W, 4 %, 300 MHz, 0x0000000000000001
2026/10/01 18:02:46.079, 37, 17.09 W, 4 %, 300 MHz, 0x0000000000000001
2026/10/01 18:02:56.120, 37, 16.99 W, 4 %, 300 MHz, 0x0000000000000001
2026/10/01 18:03:06.161, 37, 17.06 W, 4 %, 300 MHz, 0x0000000000000001
2026/10/01 18:03:16.198, 37, 17.14 W, 4 %, 300 MHz, 0x0000000000000001
2026/10/01 18:03:26.233, 37, 16.83 W, 4 %, 300 MHz, 0x0000000000000001
2026/10/01 18:03:36.275, 37, 15.96 W, 4 %, 300 MHz, 0x0000000000000001
2026/10/01 18:03:46.318, 37, 16.11 W, 4 %, 300 MHz, 0x0000000000000001
2026/10/01 18:03:56.359, 37, 16.13 W, 4 %, 300 MHz, 0x0000000000000001
2026/10/01 18:04:06.397, 37, 18.36 W, 4 %, 300 MHz, 0x0000000000000001
2026/10/01 18:04:16.436, 37, 17.48 W, 4 %, 300 MHz, 0x0000000000000001
2026/10/01 18:04:26.475, 37, 17.59 W, 4 %, 300 MHz, 0x0000000000000001
2026/10/01 18:04:36.514, 37, 16.91 W, 4 %, 300 MHz, 0x0000000000000001
2026/10/01 18:04:46.551, 37, 17.97 W, 4 %, 300 MHz, 0x0000000000000001
2026/10/01 18:04:56.589, 37, 17.10 W, 4 %, 300 MHz, 0x0000000000000001
2026/10/01 18:05:06.629, 37, 17.21 W, 4 %, 300 MHz, 0x0000000000000001
2026/10/01 18:05:16.671, 37, 16.69 W, 4 %, 300 MHz, 0x0000000000000001
2026/10/01 18:05:26.708, 37, 18.12 W, 4 %, 300 MHz, 0x0000000000000001
2026/10/01 18:05:36.745, 37, 16.62 W, 4 %, 300 MHz, 0x0000000000000001
2026/10/01 18:05:46.785, 37, 17.25 W, 4 %, 300 MHz, 0x0000000000000001
2026/10/01 18:05:56.825, 37, 17.08 W, 4 %, 300 MHz, 0x0000000000000001
2026/10/01 18:06:06.869, 37, 16.78 W, 4 %, 300 MHz, 0x0000000000000001
2026/10/01 18:06:16.906, 37, 17.14 W, 4 %, 300 MHz, 0x0000000000000001
2026/10/01 18:06:26.946, 37, 17.62 W, 4 %, 300 MHz, 0x0000000000000001
2026/10/01 18:06:36.983, 37, 17.72 W, 4 %, 300 MHz, 0x0000000000000001
2026/10/01 18:06:47.024, 37, 17.63 W, 4 %, 300 MHz, 0x0000000000000001
2026/10/01 18:06:57.061, 37, 16.88 W, 4 %, 300 MHz, 0x0000000000000001
2026/10/01 18:07:07.100, 37, 17.38 W, 4 %, 300 MHz, 0x0000000000000001
2026/10/01 18:07:17.140, 37, 16.81 W, 4 %, 300 MHz, 0x0000000000000001
2026/10/01 18:07:27.178, 37, 16.56 W, 4 %, 300 MHz, 0x0000000000000001
2026/10/01 18:07:37.219, 37, 16.88 W, 4 %, 300 MHz, 0x0000000000000001
2026/10/01 18:07:47.256, 37, 16.82 W, 4 %, 300 MHz, 0x0000000000000001
2026/10/01 18:07:57.296, 37, 16.84 W, 4 %, 300 MHz, 0x0000000000000001
2026/10/01 18:08:07.334, 37, 16.98 W, 4 %, 300 MHz, 0x0000000000000001
2026/10/01 18:08:17.372, 37, 16.47 W, 4 %, 300 MHz, 0x0000000000000001
2026/10/01 18:08:27.412, 37, 16.60 W, 4 %, 300 MHz, 0x0000000000000001
2026/10/01 18:08:37.447, 37, 17.22 W, 4 %, 300 MHz, 0x0000000000000001
2026/10/01 18:08:47.488, 37, 16.99 W, 4 %, 300 MHz, 0x0000000000000001
2026/10/01 18:08:57.526, 37, 17.97 W, 4 %, 300 MHz, 0x0000000000000001
2026/10/01 18:09:07.564, 37, 17.29 W, 4 %, 300 MHz, 0x0000000000000001
2026/10/01 18:09:17.602, 37, 18.18 W, 4 %, 300 MHz, 0x0000000000000001
2026/10/01 18:09:27.639, 37, 16.93 W, 4 %, 300 MHz, 0x0000000000000001
2026/10/01 18:09:37.678, 36, 17.24 W, 4 %, 300 MHz, 0x0000000000000001
2026/10/01 18:09:47.723, 36, 17.46 W, 4 %, 300 MHz, 0x0000000000000001
2026/10/01 18:09:57.765, 36, 16.74 W, 4 %, 300 MHz, 0x0000000000000001
2026/10/01 18:10:07.803, 36, 17.34 W, 4 %, 300 MHz, 0x0000000000000001
2026/10/01 18:10:17.842, 36, 17.05 W, 4 %, 300 MHz, 0x0000000000000001
2026/10/01 18:10:27.879, 36, 16.75 W, 4 %, 300 MHz, 0x0000000000000001
2026/10/01 18:10:37.919, 36, 17.00 W, 4 %, 300 MHz, 0x0000000000000001
2026/10/01 18:10:47.960, 36, 17.43 W, 4 %, 300 MHz, 0x0000000000000001
2026/10/01 18:10:57.999, 36, 17.45 W, 4 %, 300 MHz, 0x0000000000000001
2026/10/01 18:11:08.046, 36, 17.41 W, 4 %, 300 MHz, 0x0000000000000001
2026/10/01 18:11:18.085, 36, 17.54 W, 4 %, 300 MHz, 0x0000000000000001
2026/10/01 18:11:28.123, 36, 17.87 W, 4 %, 300 MHz, 0x0000000000000001
2026/10/01 18:11:38.163, 36, 17.24 W, 4 %, 300 MHz, 0x0000000000000001
2026/10/01 18:11:48.202, 36, 16.83 W, 4 %, 300 MHz, 0x0000000000000001
2026/10/01 18:11:58.249, 36, 16.82 W, 4 %, 300 MHz, 0x0000000000000001
2026/10/01 18:12:08.289, 36, 16.67 W, 4 %, 300 MHz, 0x0000000000000001
2026/10/01 18:12:18.327, 36, 16.89 W, 4 %, 300 MHz, 0x0000000000000001
2026/10/01 18:12:28.366, 36, 16.84 W, 4 %, 300 MHz, 0x0000000000000001
2026/10/01 18:12:38.407, 36, 16.73 W, 4 %, 300 MHz, 0x0000000000000001
2026/10/01 18:12:48.445, 36, 18.01 W, 4 %, 300 MHz, 0x0000000000000001
2026/10/01 18:12:58.485, 36, 17.12 W, 4 %, 300 MHz, 0x0000000000000001
2026/10/01 18:13:08.534, 36, 17.37 W, 4 %, 300 MHz, 0x0000000000000001
2026/10/01 18:13:18.571, 36, 17.72 W, 4 %, 300 MHz, 0x0000000000000001
2026/10/01 18:13:28.611, 36, 18.36 W, 4 %, 300 MHz, 0x0000000000000001
2026/10/01 18:13:38.652, 36, 16.79 W, 4 %, 300 MHz, 0x0000000000000001
2026/10/01 18:13:48.692, 36, 16.76 W, 4 %, 300 MHz, 0x0000000000000001
2026/10/01 18:13:58.734, 36, 16.64 W, 4 %, 300 MHz, 0x0000000000000001
2026/10/01 18:14:08.774, 36, 16.46 W, 4 %, 300 MHz, 0x0000000000000001
2026/10/01 18:14:18.813, 36, 17.00 W, 4 %, 300 MHz, 0x0000000000000001
2026/10/01 18:14:28.850, 36, 17.63 W, 4 %, 300 MHz, 0x0000000000000001
2026/10/01 18:14:38.888, 36, 16.75 W, 4 %, 300 MHz, 0x0000000000000001
2026/10/01 18:14:48.928, 36, 16.58 W, 4 %, 300 MHz, 0x0000000000000001
2026/10/01 18:14:58.967, 36, 16.94 W, 4 %, 300 MHz, 0x0000000000000001
2026/10/01 18:15:09.007, 36, 16.69 W, 4 %, 300 MHz, 0x0000000000000001
2026/10/01 18:15:19.045, 36, 16.82 W, 4 %, 300 MHz, 0x0000000000000001
2026/10/01 18:15:29.091, 36, 17.81 W, 4 %, 300 MHz, 0x0000000000000001
2026/10/01 18:15:39.130, 36, 17.18 W, 4 %, 300 MHz, 0x0000000000000001
2026/10/01 18:15:49.178, 36, 17.42 W, 4 %, 300 MHz, 0x0000000000000001
2026/10/01 18:15:59.218, 36, 17.25 W, 4 %, 300 MHz, 0x0000000000000001
2026/10/01 18:16:09.253, 36, 16.95 W, 4 %, 300 MHz, 0x0000000000000001
2026/10/01 18:16:19.291, 36, 16.91 W, 4 %, 300 MHz, 0x0000000000000001
2026/10/01 18:16:29.332, 36, 17.13 W, 4 %, 300 MHz, 0x0000000000000001
2026/10/01 18:16:39.370, 36, 17.45 W, 4 %, 300 MHz, 0x0000000000000001
2026/10/01 18:16:49.410, 36, 16.69 W, 4 %, 300 MHz, 0x0000000000000001
2026/10/01 18:16:59.451, 36, 17.60 W, 4 %, 300 MHz, 0x0000000000000001
2026/10/01 18:17:09.490, 36, 16.78 W, 4 %, 300 MHz, 0x0000000000000001
2026/10/01 18:17:19.527, 36, 17.38 W, 4 %, 300 MHz, 0x0000000000000001
2026/10/01 18:17:29.566, 36, 16.62 W, 4 %, 300 MHz, 0x0000000000000001
2026/10/01 18:17:39.605, 36, 16.80 W, 4 %, 300 MHz, 0x0000000000000001
2026/10/01 18:17:49.650, 36, 17.29 W, 4 %, 300 MHz, 0x0000000000000001
2026/10/01 18:17:59.687, 36, 17.47 W, 4 %, 300 MHz, 0x0000000000000001
2026/10/01 18:18:09.726, 36, 18.08 W, 4 %, 300 MHz, 0x0000000000000001
2026/10/01 18:18:19.772, 36, 17.58 W, 4 %, 300 MHz, 0x0000000000000001
2026/10/01 18:18:29.809, 36, 17.75 W, 4 %, 300 MHz, 0x0000000000000001
2026/10/01 18:18:39.847, 36, 17.13 W, 4 %, 300 MHz, 0x0000000000000001
2026/10/01 18:18:49.887, 36, 17.02 W, 4 %, 300 MHz, 0x0000000000000001
2026/10/01 18:18:59.925, 36, 16.80 W, 4 %, 300 MHz, 0x0000000000000001
2026/10/01 18:19:09.963, 36, 17.15 W, 4 %, 300 MHz, 0x0000000000000001
2026/10/01 18:19:20.002, 36, 17.00 W, 4 %, 300 MHz, 0x0000000000000001
2026/10/01 18:19:30.040, 35, 16.89 W, 4 %, 300 MHz, 0x0000000000000001
2026/10/01 18:19:40.080, 36, 17.21 W, 4 %, 300 MHz, 0x0000000000000001
2026/10/01 18:19:50.120, 36, 16.93 W, 4 %, 300 MHz, 0x0000000000000001
2026/10/01 18:20:00.168, 35, 17.00 W, 4 %, 300 MHz, 0x0000000000000001
2026/10/01 18:20:10.211, 36, 16.93 W, 4 %, 300 MHz, 0x0000000000000001
2026/10/01 18:20:20.249, 36, 17.07 W, 4 %, 300 MHz, 0x0000000000000001
2026/10/01 18:20:30.288, 36, 18.13 W, 4 %, 300 MHz, 0x0000000000000001
2026/10/01 18:20:40.325, 35, 17.48 W, 4 %, 300 MHz, 0x0000000000000001
2026/10/01 18:20:50.364, 35, 17.49 W, 4 %, 300 MHz, 0x0000000000000001
2026/10/01 18:21:00.404, 36, 16.67 W, 4 %, 300 MHz, 0x0000000000000001
2026/10/01 18:21:10.443, 36, 17.72 W, 4 %, 300 MHz, 0x0000000000000001
2026/10/01 18:21:20.481, 36, 16.63 W, 4 %, 300 MHz, 0x0000000000000001
2026/10/01 18:21:30.518, 35, 17.37 W, 4 %, 300 MHz, 0x0000000000000001
2026/10/01 18:21:40.558, 35, 16.68 W, 4 %, 300 MHz, 0x0000000000000001
2026/10/01 18:21:50.595, 35, 16.83 W, 4 %, 300 MHz, 0x0000000000000001
2026/10/01 18:22:00.633, 35, 16.85 W, 4 %, 300 MHz, 0x0000000000000001
2026/10/01 18:22:10.673, 35, 16.44 W, 4 %, 300 MHz, 0x0000000000000001
2026/10/01 18:22:20.712, 35, 16.26 W, 4 %, 300 MHz, 0x0000000000000001
2026/10/01 18:22:30.756, 35, 16.40 W, 4 %, 300 MHz, 0x0000000000000001
2026/10/01 18:22:40.798, 35, 17.24 W, 4 %, 300 MHz, 0x0000000000000001
2026/10/01 18:22:50.835, 35, 17.77 W, 4 %, 300 MHz, 0x0000000000000001
2026/10/01 18:23:00.873, 35, 18.29 W, 4 %, 300 MHz, 0x0000000000000001
2026/10/01 18:23:10.915, 35, 16.50 W, 4 %, 300 MHz, 0x0000000000000001
2026/10/01 18:23:20.954, 35, 16.47 W, 4 %, 300 MHz, 0x0000000000000001
2026/10/01 18:23:30.993, 35, 16.81 W, 4 %, 300 MHz, 0x0000000000000001
2026/10/01 18:23:41.034, 35, 17.25 W, 4 %, 300 MHz, 0x0000000000000001
2026/10/01 18:23:51.074, 35, 16.81 W, 4 %, 300 MHz, 0x0000000000000001
2026/10/01 18:24:01.114, 35, 16.93 W, 4 %, 300 MHz, 0x0000000000000001
2026/10/01 18:24:11.154, 35, 16.48 W, 4 %, 300 MHz, 0x0000000000000001
2026/10/01 18:24:21.191, 35, 16.57 W, 4 %, 300 MHz, 0x0000000000000001
2026/10/01 18:24:31.232, 35, 16.45 W, 4 %, 300 MHz, 0x0000000000000001
2026/10/01 18:24:41.268, 35, 17.71 W, 4 %, 300 MHz, 0x0000000000000001
2026/10/01 18:24:51.312, 35, 16.96 W, 4 %, 300 MHz, 0x0000000000000001
2026/10/01 18:25:01.350, 35, 17.22 W, 4 %, 300 MHz, 0x0000000000000001
2026/10/01 18:25:11.389, 35, 17.58 W, 4 %, 300 MHz, 0x0000000000000001
2026/10/01 18:25:21.426, 35, 18.09 W, 4 %, 300 MHz, 0x0000000000000001
2026/10/01 18:25:31.466, 35, 16.69 W, 4 %, 300 MHz, 0x0000000000000001
2026/10/01 18:25:41.504, 35, 16.66 W, 4 %, 300 MHz, 0x0000000000000001
2026/10/01 18:25:51.542, 35, 16.42 W, 4 %, 300 MHz, 0x0000000000000001
2026/10/01 18:26:01.582, 35, 16.50 W, 4 %, 300 MHz, 0x0000000000000001
2026/10/01 18:26:11.622, 35, 16.55 W, 4 %, 300 MHz, 0x0000000000000001
2026/10/01 18:26:21.662, 35, 17.11 W, 4 %, 300 MHz, 0x0000000000000001
2026/10/01 18:26:31.700, 35, 16.80 W, 4 %, 300 MHz, 0x0000000000000001
2026/10/01 18:26:41.740, 35, 16.88 W, 4 %, 300 MHz, 0x0000000000000001
2026/10/01 18:26:51.778, 35, 16.96 W, 4 %, 300 MHz, 0x0000000000000001
2026/10/01 18:27:01.823, 35, 17.25 W, 4 %, 300 MHz, 0x0000000000000001
2026/10/01 18:27:11.868, 35, 16.96 W, 4 %, 300 MHz, 0x0000000000000001
2026/10/01 18:27:21.905, 35, 17.76 W, 4 %, 300 MHz, 0x0000000000000001
2026/10/01 18:27:31.943, 35, 17.46 W, 4 %, 300 MHz, 0x0000000000000001
2026/10/01 18:27:41.980, 35, 17.75 W, 4 %, 300 MHz, 0x0000000000000001
2026/10/01 18:27:52.020, 35, 17.87 W, 4 %, 300 MHz, 0x0000000000000001
2026/10/01 18:28:02.062, 35, 17.22 W, 4 %, 300 MHz, 0x0000000000000001
2026/10/01 18:28:12.100, 35, 17.51 W, 4 %, 300 MHz, 0x0000000000000001
2026/10/01 18:28:22.143, 35, 16.69 W, 4 %, 300 MHz, 0x0000000000000001
2026/10/01 18:28:32.181, 35, 17.24 W, 4 %, 300 MHz, 0x0000000000000001
2026/10/01 18:28:42.221, 35, 16.79 W, 4 %, 300 MHz, 0x0000000000000001
2026/10/01 18:28:52.264, 35, 17.96 W, 4 %, 300 MHz, 0x0000000000000001
2026/10/01 18:29:02.300, 36, 16.87 W, 4 %, 300 MHz, 0x0000000000000001
2026/10/01 18:29:12.338, 35, 17.83 W, 4 %, 300 MHz, 0x0000000000000001
2026/10/01 18:29:22.378, 35, 16.91 W, 4 %, 300 MHz, 0x0000000000000001
2026/10/01 18:29:32.422, 35, 17.27 W, 4 %, 300 MHz, 0x0000000000000001
2026/10/01 18:29:42.459, 35, 17.47 W, 4 %, 300 MHz, 0x0000000000000001
2026/10/01 18:29:52.499, 35, 17.66 W, 4 %, 300 MHz, 0x0000000000000001
2026/10/01 18:30:02.539, 35, 17.70 W, 4 %, 300 MHz, 0x0000000000000001
2026/10/01 18:30:12.581, 35, 17.32 W, 4 %, 300 MHz, 0x0000000000000001
2026/10/01 18:30:22.619, 35, 16.72 W, 5 %, 300 MHz, 0x0000000000000001
2026/10/01 18:30:32.656, 36, 16.61 W, 4 %, 300 MHz, 0x0000000000000001
2026/10/01 18:30:42.698, 35, 16.78 W, 4 %, 300 MHz, 0x0000000000000001
2026/10/01 18:30:52.737, 35, 16.70 W, 4 %, 300 MHz, 0x0000000000000001
