[supervise 23:22:44] launch [/home/simon/venv/general/bin/python3 scripts/train.py experiments/e25_stupidity_seed_1.json] (attempt 0/5)
Output folder: /home/simon/repos/onnxmlir-pim-sparsify/artifacts/e25_stupidity_seed_1
Data loaded. (input_scale=1.0)
	X_train.shape = (10000, 196)
	X_test.shape  = (1000, 196)
Learning rate: 0.0100
Topology: [196, 10, 10, 10]
Training loop started
---------------------------------------------------------
	Epoch 0 of 1000 in 0.37 sec
	Train acc 0.05360 | Test acc 0.06800
---------------------------------------------------------
	Epoch 100 of 1000 in 0.00 sec
	Train acc 0.56170 | Test acc 0.54800
---------------------------------------------------------
	Epoch 200 of 1000 in 0.00 sec
	Train acc 0.81320 | Test acc 0.79200
---------------------------------------------------------
	Epoch 300 of 1000 in 0.00 sec
	Train acc 0.86630 | Test acc 0.85200
---------------------------------------------------------
	Epoch 400 of 1000 in 0.00 sec
	Train acc 0.88560 | Test acc 0.87200
---------------------------------------------------------
	Epoch 500 of 1000 in 0.00 sec
	Train acc 0.89620 | Test acc 0.88700
---------------------------------------------------------
	Epoch 600 of 1000 in 0.00 sec
	Train acc 0.90370 | Test acc 0.90000
---------------------------------------------------------
	Epoch 700 of 1000 in 0.00 sec
	Train acc 0.91210 | Test acc 0.90000
---------------------------------------------------------
	Epoch 800 of 1000 in 0.00 sec
	Train acc 0.91690 | Test acc 0.89900
---------------------------------------------------------
	Epoch 900 of 1000 in 0.00 sec
	Train acc 0.92210 | Test acc 0.90600
---------------------------------------------------------
Training log saved to: /home/simon/repos/onnxmlir-pim-sparsify/artifacts/e25_stupidity_seed_1/training_log.csv
Model saved to: /home/simon/repos/onnxmlir-pim-sparsify/artifacts/e25_stupidity_seed_1
[supervise 23:23:21] DONE experiments/e25_stupidity_seed_1.json rc=0
[supervise 23:23:21] launch [/home/simon/venv/general/bin/python3 -m sparsifier.sparsifier experiments/e25_stupidity_seed_1.json] (attempt 0/5)
<frozen runpy>:128: RuntimeWarning: 'sparsifier.sparsifier' found in sys.modules after import of package 'sparsifier', but prior to execution of 'sparsifier.sparsifier'; this may result in unpredictable behaviour
Load the parameters from the folder
Found 3 layers in /home/simon/repos/onnxmlir-pim-sparsify/artifacts/e25_stupidity_seed_1
Accuracy in validation: 0.9090
Total parameters: 2160
Perturbation distance (sanity check): 2.4720e+00
Starting sparsification loop
step    0 | acc=0.9090 | NZ=  2160 | sparsity=0.0000 | d_m=0.0000e+00
step    1 | acc=0.9090 | NZ=  2159 | sparsity=0.0005 | d_m=0.0000e+00
step    2 | acc=0.9090 | NZ=  2158 | sparsity=0.0009 | d_m=0.0000e+00
step    3 | acc=0.9090 | NZ=  2157 | sparsity=0.0014 | d_m=0.0000e+00
step    4 | acc=0.9090 | NZ=  2156 | sparsity=0.0019 | d_m=0.0000e+00
step    5 | acc=0.9090 | NZ=  2155 | sparsity=0.0023 | d_m=0.0000e+00
step    6 | acc=0.9090 | NZ=  2154 | sparsity=0.0028 | d_m=0.0000e+00
step    7 | acc=0.9090 | NZ=  2153 | sparsity=0.0032 | d_m=0.0000e+00
step    8 | acc=0.9090 | NZ=  2152 | sparsity=0.0037 | d_m=0.0000e+00
step    9 | acc=0.9090 | NZ=  2151 | sparsity=0.0042 | d_m=0.0000e+00
step   10 | acc=0.9090 | NZ=  2150 | sparsity=0.0046 | d_m=0.0000e+00
step   11 | acc=0.9090 | NZ=  2149 | sparsity=0.0051 | d_m=0.0000e+00
step   12 | acc=0.9090 | NZ=  2148 | sparsity=0.0056 | d_m=0.0000e+00
step   13 | acc=0.9090 | NZ=  2147 | sparsity=0.0060 | d_m=0.0000e+00
step   14 | acc=0.9090 | NZ=  2146 | sparsity=0.0065 | d_m=0.0000e+00
step   15 | acc=0.9090 | NZ=  2145 | sparsity=0.0069 | d_m=0.0000e+00
step   16 | acc=0.9090 | NZ=  2144 | sparsity=0.0074 | d_m=0.0000e+00
step   17 | acc=0.9090 | NZ=  2143 | sparsity=0.0079 | d_m=0.0000e+00
step   18 | acc=0.9090 | NZ=  2142 | sparsity=0.0083 | d_m=0.0000e+00
step   19 | acc=0.9090 | NZ=  2141 | sparsity=0.0088 | d_m=0.0000e+00
step   20 | acc=0.9090 | NZ=  2140 | sparsity=0.0093 | d_m=0.0000e+00
step   21 | acc=0.9090 | NZ=  2139 | sparsity=0.0097 | d_m=0.0000e+00
step   22 | acc=0.9090 | NZ=  2138 | sparsity=0.0102 | d_m=0.0000e+00
step   23 | acc=0.9090 | NZ=  2137 | sparsity=0.0106 | d_m=0.0000e+00
step   24 | acc=0.9090 | NZ=  2136 | sparsity=0.0111 | d_m=0.0000e+00
step   25 | acc=0.9090 | NZ=  2135 | sparsity=0.0116 | d_m=0.0000e+00
step   26 | acc=0.9090 | NZ=  2134 | sparsity=0.0120 | d_m=0.0000e+00
step   27 | acc=0.9090 | NZ=  2133 | sparsity=0.0125 | d_m=0.0000e+00
step   28 | acc=0.9090 | NZ=  2132 | sparsity=0.0130 | d_m=0.0000e+00
step   29 | acc=0.9090 | NZ=  2131 | sparsity=0.0134 | d_m=0.0000e+00
step   30 | acc=0.9090 | NZ=  2130 | sparsity=0.0139 | d_m=0.0000e+00
step   31 | acc=0.9090 | NZ=  2129 | sparsity=0.0144 | d_m=0.0000e+00
step   32 | acc=0.9090 | NZ=  2128 | sparsity=0.0148 | d_m=0.0000e+00
step   33 | acc=0.9090 | NZ=  2127 | sparsity=0.0153 | d_m=0.0000e+00
step   34 | acc=0.9090 | NZ=  2126 | sparsity=0.0157 | d_m=0.0000e+00
step   35 | acc=0.9090 | NZ=  2125 | sparsity=0.0162 | d_m=0.0000e+00
step   36 | acc=0.9090 | NZ=  2124 | sparsity=0.0167 | d_m=0.0000e+00
step   37 | acc=0.9090 | NZ=  2123 | sparsity=0.0171 | d_m=0.0000e+00
step   38 | acc=0.9090 | NZ=  2122 | sparsity=0.0176 | d_m=0.0000e+00
step   39 | acc=0.9090 | NZ=  2121 | sparsity=0.0181 | d_m=0.0000e+00
step   40 | acc=0.9090 | NZ=  2120 | sparsity=0.0185 | d_m=0.0000e+00
step   41 | acc=0.9090 | NZ=  2119 | sparsity=0.0190 | d_m=5.9014e-05
step   42 | acc=0.9090 | NZ=  2118 | sparsity=0.0194 | d_m=1.1018e-04
step   43 | acc=0.9090 | NZ=  2117 | sparsity=0.0199 | d_m=1.6338e-04
step   44 | acc=0.9090 | NZ=  2116 | sparsity=0.0204 | d_m=2.4718e-04
step   45 | acc=0.9090 | NZ=  2115 | sparsity=0.0208 | d_m=3.7882e-04
step   46 | acc=0.9090 | NZ=  2114 | sparsity=0.0213 | d_m=1.3764e-03
step   47 | acc=0.9090 | NZ=  2113 | sparsity=0.0218 | d_m=2.2853e-03
step   48 | acc=0.9090 | NZ=  2112 | sparsity=0.0222 | d_m=2.2833e-03
step   49 | acc=0.9090 | NZ=  2111 | sparsity=0.0227 | d_m=2.8121e-03
step   50 | acc=0.9090 | NZ=  2110 | sparsity=0.0231 | d_m=6.3150e-03
step   51 | acc=0.9090 | NZ=  2109 | sparsity=0.0236 | d_m=7.2267e-03
step   52 | acc=0.9090 | NZ=  2108 | sparsity=0.0241 | d_m=1.4121e-02
step   53 | acc=0.9090 | NZ=  2107 | sparsity=0.0245 | d_m=1.5609e-02
step   54 | acc=0.9090 | NZ=  2106 | sparsity=0.0250 | d_m=2.7502e-02
step   55 | acc=0.9090 | NZ=  2105 | sparsity=0.0255 | d_m=3.4118e-02
step   56 | acc=0.9090 | NZ=  2104 | sparsity=0.0259 | d_m=3.7307e-02
step   57 | acc=0.9090 | NZ=  2103 | sparsity=0.0264 | d_m=4.2108e-02
step   58 | acc=0.9090 | NZ=  2102 | sparsity=0.0269 | d_m=4.6191e-02
step   59 | acc=0.9090 | NZ=  2101 | sparsity=0.0273 | d_m=5.0058e-02
step   60 | acc=0.9090 | NZ=  2100 | sparsity=0.0278 | d_m=5.2511e-02
step   61 | acc=0.9090 | NZ=  2099 | sparsity=0.0282 | d_m=5.7576e-02
step   62 | acc=0.9090 | NZ=  2098 | sparsity=0.0287 | d_m=7.5675e-02
step   63 | acc=0.9090 | NZ=  2097 | sparsity=0.0292 | d_m=6.3446e-02
step   64 | acc=0.9090 | NZ=  2096 | sparsity=0.0296 | d_m=8.1620e-02
step   65 | acc=0.9090 | NZ=  2095 | sparsity=0.0301 | d_m=9.4180e-02
step   66 | acc=0.9090 | NZ=  2094 | sparsity=0.0306 | d_m=9.7689e-02
step   67 | acc=0.9090 | NZ=  2093 | sparsity=0.0310 | d_m=1.3218e-01
step   68 | acc=0.9090 | NZ=  2092 | sparsity=0.0315 | d_m=1.5562e-01
step   69 | acc=0.9090 | NZ=  2091 | sparsity=0.0319 | d_m=1.8549e-01
step   70 | acc=0.9090 | NZ=  2090 | sparsity=0.0324 | d_m=2.1275e-01
step   71 | acc=0.9090 | NZ=  2089 | sparsity=0.0329 | d_m=2.1852e-01
step   72 | acc=0.9090 | NZ=  2088 | sparsity=0.0333 | d_m=2.3226e-01
step   73 | acc=0.9090 | NZ=  2087 | sparsity=0.0338 | d_m=2.3801e-01
step   74 | acc=0.9090 | NZ=  2086 | sparsity=0.0343 | d_m=2.5803e-01
step   75 | acc=0.9090 | NZ=  2085 | sparsity=0.0347 | d_m=2.5257e-01
step   76 | acc=0.9090 | NZ=  2084 | sparsity=0.0352 | d_m=2.5617e-01
step   77 | acc=0.9090 | NZ=  2083 | sparsity=0.0356 | d_m=2.6057e-01
step   78 | acc=0.9090 | NZ=  2082 | sparsity=0.0361 | d_m=3.2567e-01
step   79 | acc=0.9090 | NZ=  2081 | sparsity=0.0366 | d_m=3.3352e-01
step   80 | acc=0.9090 | NZ=  2080 | sparsity=0.0370 | d_m=3.4020e-01
step   81 | acc=0.9090 | NZ=  2079 | sparsity=0.0375 | d_m=3.4767e-01
step   82 | acc=0.9090 | NZ=  2078 | sparsity=0.0380 | d_m=3.5735e-01
step   83 | acc=0.9090 | NZ=  2077 | sparsity=0.0384 | d_m=3.6431e-01
step   84 | acc=0.9090 | NZ=  2076 | sparsity=0.0389 | d_m=4.1909e-01
step   85 | acc=0.9090 | NZ=  2075 | sparsity=0.0394 | d_m=4.3236e-01
step   86 | acc=0.9090 | NZ=  2074 | sparsity=0.0398 | d_m=4.5934e-01
step   87 | acc=0.9100 | NZ=  2073 | sparsity=0.0403 | d_m=5.0525e-01
step   88 | acc=0.9100 | NZ=  2072 | sparsity=0.0407 | d_m=5.0711e-01
step   89 | acc=0.9100 | NZ=  2071 | sparsity=0.0412 | d_m=5.3814e-01
step   90 | acc=0.9100 | NZ=  2070 | sparsity=0.0417 | d_m=5.5104e-01
step   91 | acc=0.9100 | NZ=  2069 | sparsity=0.0421 | d_m=5.6391e-01
step   92 | acc=0.9090 | NZ=  2068 | sparsity=0.0426 | d_m=7.5848e-01
step   93 | acc=0.9090 | NZ=  2067 | sparsity=0.0431 | d_m=7.7810e-01
step   94 | acc=0.9090 | NZ=  2066 | sparsity=0.0435 | d_m=8.9916e-01
step   95 | acc=0.9090 | NZ=  2065 | sparsity=0.0440 | d_m=9.1965e-01
step   96 | acc=0.9090 | NZ=  2064 | sparsity=0.0444 | d_m=9.3132e-01
step   97 | acc=0.9090 | NZ=  2063 | sparsity=0.0449 | d_m=1.0155e+00
step   98 | acc=0.9100 | NZ=  2062 | sparsity=0.0454 | d_m=1.0919e+00
step   99 | acc=0.9090 | NZ=  2061 | sparsity=0.0458 | d_m=1.2208e+00
step  100 | acc=0.9090 | NZ=  2060 | sparsity=0.0463 | d_m=1.2441e+00
step  101 | acc=0.9090 | NZ=  2059 | sparsity=0.0468 | d_m=1.4157e+00
step  102 | acc=0.9090 | NZ=  2058 | sparsity=0.0472 | d_m=1.4170e+00
step  103 | acc=0.9090 | NZ=  2057 | sparsity=0.0477 | d_m=1.3991e+00
step  104 | acc=0.9090 | NZ=  2056 | sparsity=0.0481 | d_m=1.3573e+00
step  105 | acc=0.9090 | NZ=  2055 | sparsity=0.0486 | d_m=1.3847e+00
step  106 | acc=0.9090 | NZ=  2054 | sparsity=0.0491 | d_m=1.4372e+00
step  107 | acc=0.9090 | NZ=  2053 | sparsity=0.0495 | d_m=1.4723e+00
step  108 | acc=0.9090 | NZ=  2052 | sparsity=0.0500 | d_m=1.4796e+00
step  109 | acc=0.9090 | NZ=  2051 | sparsity=0.0505 | d_m=1.5007e+00
step  110 | acc=0.9080 | NZ=  2050 | sparsity=0.0509 | d_m=1.7170e+00
step  111 | acc=0.9090 | NZ=  2049 | sparsity=0.0514 | d_m=1.7558e+00
step  112 | acc=0.9080 | NZ=  2048 | sparsity=0.0519 | d_m=1.8235e+00
step  113 | acc=0.9080 | NZ=  2047 | sparsity=0.0523 | d_m=1.8996e+00
step  114 | acc=0.9080 | NZ=  2046 | sparsity=0.0528 | d_m=2.1041e+00
step  115 | acc=0.9090 | NZ=  2045 | sparsity=0.0532 | d_m=2.1934e+00
step  116 | acc=0.9080 | NZ=  2044 | sparsity=0.0537 | d_m=2.2622e+00
step  117 | acc=0.9080 | NZ=  2043 | sparsity=0.0542 | d_m=2.3689e+00
step  118 | acc=0.9080 | NZ=  2042 | sparsity=0.0546 | d_m=2.5779e+00
step  119 | acc=0.9080 | NZ=  2041 | sparsity=0.0551 | d_m=2.6731e+00
step  120 | acc=0.9080 | NZ=  2040 | sparsity=0.0556 | d_m=2.7952e+00
step  121 | acc=0.9080 | NZ=  2039 | sparsity=0.0560 | d_m=2.8308e+00
step  122 | acc=0.9090 | NZ=  2038 | sparsity=0.0565 | d_m=2.9309e+00
step  123 | acc=0.9090 | NZ=  2037 | sparsity=0.0569 | d_m=2.9449e+00
step  124 | acc=0.9090 | NZ=  2036 | sparsity=0.0574 | d_m=2.9480e+00
step  125 | acc=0.9090 | NZ=  2035 | sparsity=0.0579 | d_m=3.0218e+00
step  126 | acc=0.9090 | NZ=  2034 | sparsity=0.0583 | d_m=3.0234e+00
step  127 | acc=0.9090 | NZ=  2033 | sparsity=0.0588 | d_m=3.0556e+00
step  128 | acc=0.9090 | NZ=  2032 | sparsity=0.0593 | d_m=3.1044e+00
step  129 | acc=0.9090 | NZ=  2031 | sparsity=0.0597 | d_m=3.1625e+00
step  130 | acc=0.9090 | NZ=  2030 | sparsity=0.0602 | d_m=3.2219e+00
step  131 | acc=0.9090 | NZ=  2029 | sparsity=0.0606 | d_m=3.3086e+00
step  132 | acc=0.9090 | NZ=  2028 | sparsity=0.0611 | d_m=3.3066e+00
step  133 | acc=0.9090 | NZ=  2027 | sparsity=0.0616 | d_m=3.3180e+00
step  134 | acc=0.9090 | NZ=  2026 | sparsity=0.0620 | d_m=3.3505e+00
step  135 | acc=0.9090 | NZ=  2025 | sparsity=0.0625 | d_m=3.3767e+00
step  136 | acc=0.9090 | NZ=  2024 | sparsity=0.0630 | d_m=3.4406e+00
step  137 | acc=0.9090 | NZ=  2023 | sparsity=0.0634 | d_m=3.4470e+00
step  138 | acc=0.9090 | NZ=  2022 | sparsity=0.0639 | d_m=3.4821e+00
step  139 | acc=0.9090 | NZ=  2021 | sparsity=0.0644 | d_m=3.5079e+00
step  140 | acc=0.9090 | NZ=  2020 | sparsity=0.0648 | d_m=3.8107e+00
step  141 | acc=0.9090 | NZ=  2019 | sparsity=0.0653 | d_m=3.8942e+00
step  142 | acc=0.9090 | NZ=  2018 | sparsity=0.0657 | d_m=3.9886e+00
step  143 | acc=0.9090 | NZ=  2017 | sparsity=0.0662 | d_m=3.8206e+00
step  144 | acc=0.9090 | NZ=  2016 | sparsity=0.0667 | d_m=4.0339e+00
step  145 | acc=0.9080 | NZ=  2015 | sparsity=0.0671 | d_m=4.6519e+00
step  146 | acc=0.9080 | NZ=  2014 | sparsity=0.0676 | d_m=4.6898e+00
step  147 | acc=0.9090 | NZ=  2013 | sparsity=0.0681 | d_m=4.7680e+00
step  148 | acc=0.9090 | NZ=  2012 | sparsity=0.0685 | d_m=4.8309e+00
step  149 | acc=0.9090 | NZ=  2011 | sparsity=0.0690 | d_m=5.3566e+00
step  150 | acc=0.9090 | NZ=  2010 | sparsity=0.0694 | d_m=5.3947e+00
step  151 | acc=0.9090 | NZ=  2009 | sparsity=0.0699 | d_m=5.3380e+00
step  152 | acc=0.9090 | NZ=  2008 | sparsity=0.0704 | d_m=5.7352e+00
step  153 | acc=0.9090 | NZ=  2007 | sparsity=0.0708 | d_m=5.9511e+00
step  154 | acc=0.9090 | NZ=  2006 | sparsity=0.0713 | d_m=6.1077e+00
step  155 | acc=0.9090 | NZ=  2005 | sparsity=0.0718 | d_m=6.2027e+00
step  156 | acc=0.9090 | NZ=  2004 | sparsity=0.0722 | d_m=6.2650e+00
step  157 | acc=0.9090 | NZ=  2003 | sparsity=0.0727 | d_m=6.3475e+00
step  158 | acc=0.9090 | NZ=  2002 | sparsity=0.0731 | d_m=6.4353e+00
step  159 | acc=0.9090 | NZ=  2001 | sparsity=0.0736 | d_m=6.4403e+00
step  160 | acc=0.9090 | NZ=  2000 | sparsity=0.0741 | d_m=6.4767e+00
step  161 | acc=0.9090 | NZ=  1999 | sparsity=0.0745 | d_m=6.5515e+00
step  162 | acc=0.9090 | NZ=  1998 | sparsity=0.0750 | d_m=6.6020e+00
step  163 | acc=0.9090 | NZ=  1997 | sparsity=0.0755 | d_m=6.6177e+00
step  164 | acc=0.9090 | NZ=  1996 | sparsity=0.0759 | d_m=6.6294e+00
step  165 | acc=0.9090 | NZ=  1995 | sparsity=0.0764 | d_m=7.3222e+00
step  166 | acc=0.9090 | NZ=  1994 | sparsity=0.0769 | d_m=7.2998e+00
step  167 | acc=0.9090 | NZ=  1993 | sparsity=0.0773 | d_m=7.6425e+00
step  168 | acc=0.9090 | NZ=  1992 | sparsity=0.0778 | d_m=8.1682e+00
step  169 | acc=0.9090 | NZ=  1991 | sparsity=0.0782 | d_m=7.9395e+00
step  170 | acc=0.9080 | NZ=  1990 | sparsity=0.0787 | d_m=8.4905e+00
step  171 | acc=0.9090 | NZ=  1989 | sparsity=0.0792 | d_m=8.1414e+00
step  172 | acc=0.9090 | NZ=  1988 | sparsity=0.0796 | d_m=8.3472e+00
step  173 | acc=0.9090 | NZ=  1987 | sparsity=0.0801 | d_m=8.4771e+00
step  174 | acc=0.9090 | NZ=  1986 | sparsity=0.0806 | d_m=8.5711e+00
step  175 | acc=0.9090 | NZ=  1985 | sparsity=0.0810 | d_m=9.4115e+00
step  176 | acc=0.9090 | NZ=  1984 | sparsity=0.0815 | d_m=9.3166e+00
step  177 | acc=0.9080 | NZ=  1983 | sparsity=0.0819 | d_m=9.1446e+00
step  178 | acc=0.9090 | NZ=  1982 | sparsity=0.0824 | d_m=9.7637e+00
step  179 | acc=0.9090 | NZ=  1981 | sparsity=0.0829 | d_m=9.5864e+00
step  180 | acc=0.9100 | NZ=  1980 | sparsity=0.0833 | d_m=1.0250e+01
step  181 | acc=0.9100 | NZ=  1979 | sparsity=0.0838 | d_m=1.0945e+01
step  182 | acc=0.9100 | NZ=  1978 | sparsity=0.0843 | d_m=1.0937e+01
step  183 | acc=0.9100 | NZ=  1977 | sparsity=0.0847 | d_m=1.0319e+01
step  184 | acc=0.9100 | NZ=  1976 | sparsity=0.0852 | d_m=1.0571e+01
step  185 | acc=0.9100 | NZ=  1975 | sparsity=0.0856 | d_m=1.0364e+01
step  186 | acc=0.9100 | NZ=  1974 | sparsity=0.0861 | d_m=1.0926e+01
step  187 | acc=0.9100 | NZ=  1973 | sparsity=0.0866 | d_m=1.1542e+01
step  188 | acc=0.9100 | NZ=  1972 | sparsity=0.0870 | d_m=1.2466e+01
step  189 | acc=0.9100 | NZ=  1971 | sparsity=0.0875 | d_m=1.3216e+01
step  190 | acc=0.9100 | NZ=  1970 | sparsity=0.0880 | d_m=1.3150e+01
step  191 | acc=0.9100 | NZ=  1969 | sparsity=0.0884 | d_m=1.2070e+01
step  192 | acc=0.9100 | NZ=  1968 | sparsity=0.0889 | d_m=1.2231e+01
step  193 | acc=0.9100 | NZ=  1967 | sparsity=0.0894 | d_m=1.2359e+01
step  194 | acc=0.9100 | NZ=  1966 | sparsity=0.0898 | d_m=1.2545e+01
step  195 | acc=0.9100 | NZ=  1965 | sparsity=0.0903 | d_m=1.2682e+01
step  196 | acc=0.9100 | NZ=  1964 | sparsity=0.0907 | d_m=1.2924e+01
step  197 | acc=0.9100 | NZ=  1963 | sparsity=0.0912 | d_m=1.3219e+01
step  198 | acc=0.9100 | NZ=  1962 | sparsity=0.0917 | d_m=1.3070e+01
step  199 | acc=0.9100 | NZ=  1961 | sparsity=0.0921 | d_m=1.4477e+01
step  200 | acc=0.9100 | NZ=  1960 | sparsity=0.0926 | d_m=1.4194e+01
step  201 | acc=0.9100 | NZ=  1959 | sparsity=0.0931 | d_m=1.4401e+01
step  202 | acc=0.9080 | NZ=  1958 | sparsity=0.0935 | d_m=1.5895e+01
step  203 | acc=0.9080 | NZ=  1957 | sparsity=0.0940 | d_m=1.5782e+01
step  204 | acc=0.9080 | NZ=  1956 | sparsity=0.0944 | d_m=1.6643e+01
step  205 | acc=0.9080 | NZ=  1955 | sparsity=0.0949 | d_m=1.6647e+01
step  206 | acc=0.9080 | NZ=  1954 | sparsity=0.0954 | d_m=1.8057e+01
step  207 | acc=0.9080 | NZ=  1953 | sparsity=0.0958 | d_m=1.8627e+01
step  208 | acc=0.9080 | NZ=  1952 | sparsity=0.0963 | d_m=1.8831e+01
step  209 | acc=0.9080 | NZ=  1951 | sparsity=0.0968 | d_m=1.8984e+01
step  210 | acc=0.9080 | NZ=  1950 | sparsity=0.0972 | d_m=1.9123e+01
step  211 | acc=0.9080 | NZ=  1949 | sparsity=0.0977 | d_m=1.9248e+01
step  212 | acc=0.9080 | NZ=  1948 | sparsity=0.0981 | d_m=1.9328e+01
step  213 | acc=0.9080 | NZ=  1947 | sparsity=0.0986 | d_m=1.9479e+01
step  214 | acc=0.9080 | NZ=  1946 | sparsity=0.0991 | d_m=1.9573e+01
step  215 | acc=0.9080 | NZ=  1945 | sparsity=0.0995 | d_m=1.9875e+01
step  216 | acc=0.9080 | NZ=  1944 | sparsity=0.1000 | d_m=2.0058e+01
step  217 | acc=0.9080 | NZ=  1943 | sparsity=0.1005 | d_m=2.0129e+01
step  218 | acc=0.9080 | NZ=  1942 | sparsity=0.1009 | d_m=2.0290e+01
step  219 | acc=0.9080 | NZ=  1941 | sparsity=0.1014 | d_m=2.0468e+01
step  220 | acc=0.9080 | NZ=  1940 | sparsity=0.1019 | d_m=2.0839e+01
step  221 | acc=0.9080 | NZ=  1939 | sparsity=0.1023 | d_m=2.1289e+01
step  222 | acc=0.9080 | NZ=  1938 | sparsity=0.1028 | d_m=2.1363e+01
step  223 | acc=0.9080 | NZ=  1937 | sparsity=0.1032 | d_m=2.1575e+01
step  224 | acc=0.9080 | NZ=  1936 | sparsity=0.1037 | d_m=2.1688e+01
step  225 | acc=0.9080 | NZ=  1935 | sparsity=0.1042 | d_m=2.1806e+01
step  226 | acc=0.9040 | NZ=  1934 | sparsity=0.1046 | d_m=2.4242e+01
step  227 | acc=0.9040 | NZ=  1933 | sparsity=0.1051 | d_m=2.5091e+01
step  228 | acc=0.9040 | NZ=  1932 | sparsity=0.1056 | d_m=2.4930e+01
step  229 | acc=0.9040 | NZ=  1931 | sparsity=0.1060 | d_m=2.4317e+01
step  230 | acc=0.9040 | NZ=  1930 | sparsity=0.1065 | d_m=2.5943e+01
step  231 | acc=0.9040 | NZ=  1929 | sparsity=0.1069 | d_m=2.5053e+01
step  232 | acc=0.9040 | NZ=  1928 | sparsity=0.1074 | d_m=2.5893e+01
step  233 | acc=0.9040 | NZ=  1927 | sparsity=0.1079 | d_m=2.5400e+01
step  234 | acc=0.9050 | NZ=  1926 | sparsity=0.1083 | d_m=2.7599e+01
step  235 | acc=0.9040 | NZ=  1925 | sparsity=0.1088 | d_m=2.6115e+01
step  236 | acc=0.9040 | NZ=  1924 | sparsity=0.1093 | d_m=2.6361e+01
step  237 | acc=0.9040 | NZ=  1923 | sparsity=0.1097 | d_m=2.6111e+01
step  238 | acc=0.9040 | NZ=  1922 | sparsity=0.1102 | d_m=2.6768e+01
step  239 | acc=0.9030 | NZ=  1921 | sparsity=0.1106 | d_m=2.5210e+01
step  240 | acc=0.9020 | NZ=  1920 | sparsity=0.1111 | d_m=2.5449e+01
step  241 | acc=0.9020 | NZ=  1919 | sparsity=0.1116 | d_m=2.5548e+01
step  242 | acc=0.9020 | NZ=  1918 | sparsity=0.1120 | d_m=2.5946e+01
step  243 | acc=0.9020 | NZ=  1917 | sparsity=0.1125 | d_m=2.6118e+01
step  244 | acc=0.9030 | NZ=  1916 | sparsity=0.1130 | d_m=2.7870e+01
step  245 | acc=0.9030 | NZ=  1915 | sparsity=0.1134 | d_m=2.9116e+01
step  246 | acc=0.9030 | NZ=  1914 | sparsity=0.1139 | d_m=2.8887e+01
step  247 | acc=0.9040 | NZ=  1913 | sparsity=0.1144 | d_m=2.8682e+01
step  248 | acc=0.9040 | NZ=  1912 | sparsity=0.1148 | d_m=2.8970e+01
step  249 | acc=0.9040 | NZ=  1911 | sparsity=0.1153 | d_m=2.9224e+01
step  250 | acc=0.9040 | NZ=  1910 | sparsity=0.1157 | d_m=2.9343e+01
step  251 | acc=0.9040 | NZ=  1909 | sparsity=0.1162 | d_m=2.9785e+01
step  252 | acc=0.9040 | NZ=  1908 | sparsity=0.1167 | d_m=2.9605e+01
step  253 | acc=0.9040 | NZ=  1907 | sparsity=0.1171 | d_m=2.9804e+01
step  254 | acc=0.9040 | NZ=  1906 | sparsity=0.1176 | d_m=3.0101e+01
step  255 | acc=0.9040 | NZ=  1905 | sparsity=0.1181 | d_m=3.0312e+01
step  256 | acc=0.9040 | NZ=  1904 | sparsity=0.1185 | d_m=3.0635e+01
step  257 | acc=0.9040 | NZ=  1903 | sparsity=0.1190 | d_m=3.0348e+01
step  258 | acc=0.9040 | NZ=  1902 | sparsity=0.1194 | d_m=3.0502e+01
step  259 | acc=0.9040 | NZ=  1901 | sparsity=0.1199 | d_m=3.0407e+01
step  260 | acc=0.9040 | NZ=  1900 | sparsity=0.1204 | d_m=3.0975e+01
step  261 | acc=0.9040 | NZ=  1899 | sparsity=0.1208 | d_m=3.3431e+01
step  262 | acc=0.9040 | NZ=  1898 | sparsity=0.1213 | d_m=3.4012e+01
step  263 | acc=0.9040 | NZ=  1897 | sparsity=0.1218 | d_m=3.2709e+01
step  264 | acc=0.9060 | NZ=  1896 | sparsity=0.1222 | d_m=3.6539e+01
step  265 | acc=0.9060 | NZ=  1895 | sparsity=0.1227 | d_m=3.7043e+01
step  266 | acc=0.9060 | NZ=  1894 | sparsity=0.1231 | d_m=3.7601e+01
step  267 | acc=0.9060 | NZ=  1893 | sparsity=0.1236 | d_m=3.7799e+01
step  268 | acc=0.9060 | NZ=  1892 | sparsity=0.1241 | d_m=3.8188e+01
step  269 | acc=0.9060 | NZ=  1891 | sparsity=0.1245 | d_m=3.8619e+01
step  270 | acc=0.9060 | NZ=  1890 | sparsity=0.1250 | d_m=3.8689e+01
step  271 | acc=0.9060 | NZ=  1889 | sparsity=0.1255 | d_m=3.8903e+01
step  272 | acc=0.9060 | NZ=  1888 | sparsity=0.1259 | d_m=3.9051e+01
step  273 | acc=0.9060 | NZ=  1887 | sparsity=0.1264 | d_m=3.9282e+01
step  274 | acc=0.9060 | NZ=  1886 | sparsity=0.1269 | d_m=3.9367e+01
step  275 | acc=0.9070 | NZ=  1885 | sparsity=0.1273 | d_m=4.2421e+01
step  276 | acc=0.9060 | NZ=  1884 | sparsity=0.1278 | d_m=4.2891e+01
step  277 | acc=0.9060 | NZ=  1883 | sparsity=0.1282 | d_m=4.2544e+01
step  278 | acc=0.9060 | NZ=  1882 | sparsity=0.1287 | d_m=4.3633e+01
step  279 | acc=0.9050 | NZ=  1881 | sparsity=0.1292 | d_m=4.3851e+01
step  280 | acc=0.9040 | NZ=  1880 | sparsity=0.1296 | d_m=4.5205e+01
step  281 | acc=0.9050 | NZ=  1879 | sparsity=0.1301 | d_m=4.4306e+01
step  282 | acc=0.9050 | NZ=  1878 | sparsity=0.1306 | d_m=4.4943e+01
step  283 | acc=0.9050 | NZ=  1877 | sparsity=0.1310 | d_m=4.5283e+01
step  284 | acc=0.9050 | NZ=  1876 | sparsity=0.1315 | d_m=4.5766e+01
step  285 | acc=0.9050 | NZ=  1875 | sparsity=0.1319 | d_m=4.5864e+01
step  286 | acc=0.9050 | NZ=  1874 | sparsity=0.1324 | d_m=4.9344e+01
step  287 | acc=0.9050 | NZ=  1873 | sparsity=0.1329 | d_m=4.9366e+01
step  288 | acc=0.9050 | NZ=  1872 | sparsity=0.1333 | d_m=5.2396e+01
step  289 | acc=0.9050 | NZ=  1871 | sparsity=0.1338 | d_m=5.3983e+01
step  290 | acc=0.9050 | NZ=  1870 | sparsity=0.1343 | d_m=5.2565e+01
step  291 | acc=0.9040 | NZ=  1869 | sparsity=0.1347 | d_m=5.1098e+01
step  292 | acc=0.9050 | NZ=  1868 | sparsity=0.1352 | d_m=4.9673e+01
step  293 | acc=0.9050 | NZ=  1867 | sparsity=0.1356 | d_m=5.0663e+01
step  294 | acc=0.9050 | NZ=  1866 | sparsity=0.1361 | d_m=5.1193e+01
step  295 | acc=0.9020 | NZ=  1865 | sparsity=0.1366 | d_m=5.5271e+01
step  296 | acc=0.9020 | NZ=  1864 | sparsity=0.1370 | d_m=5.7846e+01
step  297 | acc=0.9010 | NZ=  1863 | sparsity=0.1375 | d_m=5.5593e+01
step  298 | acc=0.9010 | NZ=  1862 | sparsity=0.1380 | d_m=5.6008e+01
step  299 | acc=0.9010 | NZ=  1861 | sparsity=0.1384 | d_m=5.6657e+01
step  300 | acc=0.9010 | NZ=  1860 | sparsity=0.1389 | d_m=5.6139e+01
step  301 | acc=0.9010 | NZ=  1859 | sparsity=0.1394 | d_m=5.6469e+01
step  302 | acc=0.9010 | NZ=  1858 | sparsity=0.1398 | d_m=5.6813e+01
step  303 | acc=0.9010 | NZ=  1857 | sparsity=0.1403 | d_m=5.7073e+01
step  304 | acc=0.9010 | NZ=  1856 | sparsity=0.1407 | d_m=5.7522e+01
step  305 | acc=0.9010 | NZ=  1855 | sparsity=0.1412 | d_m=5.7752e+01
step  306 | acc=0.9010 | NZ=  1854 | sparsity=0.1417 | d_m=5.7837e+01
step  307 | acc=0.9010 | NZ=  1853 | sparsity=0.1421 | d_m=5.8209e+01
step  308 | acc=0.9010 | NZ=  1852 | sparsity=0.1426 | d_m=5.8396e+01
step  309 | acc=0.9000 | NZ=  1851 | sparsity=0.1431 | d_m=5.9300e+01
step  310 | acc=0.9010 | NZ=  1850 | sparsity=0.1435 | d_m=5.9863e+01
step  311 | acc=0.9010 | NZ=  1849 | sparsity=0.1440 | d_m=6.0416e+01
step  312 | acc=0.9010 | NZ=  1848 | sparsity=0.1444 | d_m=6.0180e+01
step  313 | acc=0.9010 | NZ=  1847 | sparsity=0.1449 | d_m=6.0687e+01
step  314 | acc=0.9000 | NZ=  1846 | sparsity=0.1454 | d_m=6.0526e+01
step  315 | acc=0.9010 | NZ=  1845 | sparsity=0.1458 | d_m=6.0901e+01
step  316 | acc=0.9010 | NZ=  1844 | sparsity=0.1463 | d_m=6.1502e+01
step  317 | acc=0.9010 | NZ=  1843 | sparsity=0.1468 | d_m=6.1913e+01
step  318 | acc=0.9000 | NZ=  1842 | sparsity=0.1472 | d_m=6.2116e+01
step  319 | acc=0.9010 | NZ=  1841 | sparsity=0.1477 | d_m=6.2406e+01
step  320 | acc=0.9010 | NZ=  1840 | sparsity=0.1481 | d_m=6.2025e+01
step  321 | acc=0.9010 | NZ=  1839 | sparsity=0.1486 | d_m=6.2313e+01
step  322 | acc=0.9010 | NZ=  1838 | sparsity=0.1491 | d_m=6.2676e+01
step  323 | acc=0.9000 | NZ=  1837 | sparsity=0.1495 | d_m=6.2982e+01
step  324 | acc=0.9000 | NZ=  1836 | sparsity=0.1500 | d_m=6.8112e+01
step  325 | acc=0.8990 | NZ=  1835 | sparsity=0.1505 | d_m=6.9469e+01
step  326 | acc=0.9010 | NZ=  1834 | sparsity=0.1509 | d_m=7.1890e+01
step  327 | acc=0.9010 | NZ=  1833 | sparsity=0.1514 | d_m=7.2330e+01
step  328 | acc=0.9010 | NZ=  1832 | sparsity=0.1519 | d_m=7.1725e+01
step  329 | acc=0.9010 | NZ=  1831 | sparsity=0.1523 | d_m=7.3069e+01
step  330 | acc=0.9000 | NZ=  1830 | sparsity=0.1528 | d_m=7.4369e+01
step  331 | acc=0.9000 | NZ=  1829 | sparsity=0.1532 | d_m=7.5126e+01
step  332 | acc=0.9000 | NZ=  1828 | sparsity=0.1537 | d_m=7.5598e+01
step  333 | acc=0.9000 | NZ=  1827 | sparsity=0.1542 | d_m=7.6246e+01
step  334 | acc=0.9000 | NZ=  1826 | sparsity=0.1546 | d_m=7.6981e+01
step  335 | acc=0.9000 | NZ=  1825 | sparsity=0.1551 | d_m=7.7907e+01
step  336 | acc=0.9000 | NZ=  1824 | sparsity=0.1556 | d_m=7.8162e+01
step  337 | acc=0.9000 | NZ=  1823 | sparsity=0.1560 | d_m=7.9508e+01
step  338 | acc=0.9000 | NZ=  1822 | sparsity=0.1565 | d_m=8.0250e+01
step  339 | acc=0.9000 | NZ=  1821 | sparsity=0.1569 | d_m=8.1642e+01
step  340 | acc=0.9000 | NZ=  1820 | sparsity=0.1574 | d_m=8.2719e+01
step  341 | acc=0.9000 | NZ=  1819 | sparsity=0.1579 | d_m=8.3242e+01
step  342 | acc=0.9000 | NZ=  1818 | sparsity=0.1583 | d_m=8.8923e+01
step  343 | acc=0.9000 | NZ=  1817 | sparsity=0.1588 | d_m=8.8254e+01
step  344 | acc=0.9000 | NZ=  1816 | sparsity=0.1593 | d_m=9.4291e+01
step  345 | acc=0.8970 | NZ=  1815 | sparsity=0.1597 | d_m=9.7437e+01
step  346 | acc=0.8970 | NZ=  1814 | sparsity=0.1602 | d_m=9.5969e+01
step  347 | acc=0.8970 | NZ=  1813 | sparsity=0.1606 | d_m=1.0463e+02
step  348 | acc=0.8990 | NZ=  1812 | sparsity=0.1611 | d_m=9.9149e+01
step  349 | acc=0.8990 | NZ=  1811 | sparsity=0.1616 | d_m=1.0101e+02
step  350 | acc=0.8990 | NZ=  1810 | sparsity=0.1620 | d_m=1.0230e+02
step  351 | acc=0.8970 | NZ=  1809 | sparsity=0.1625 | d_m=1.0302e+02
step  352 | acc=0.8970 | NZ=  1808 | sparsity=0.1630 | d_m=1.0352e+02
step  353 | acc=0.8970 | NZ=  1807 | sparsity=0.1634 | d_m=1.0444e+02
step  354 | acc=0.8970 | NZ=  1806 | sparsity=0.1639 | d_m=1.0502e+02
step  355 | acc=0.8970 | NZ=  1805 | sparsity=0.1644 | d_m=1.0625e+02
step  356 | acc=0.8970 | NZ=  1804 | sparsity=0.1648 | d_m=1.1397e+02
step  357 | acc=0.8920 | NZ=  1803 | sparsity=0.1653 | d_m=1.1486e+02
step  358 | acc=0.8930 | NZ=  1802 | sparsity=0.1657 | d_m=1.1431e+02
step  359 | acc=0.8910 | NZ=  1801 | sparsity=0.1662 | d_m=1.2229e+02
step  360 | acc=0.8910 | NZ=  1800 | sparsity=0.1667 | d_m=1.1650e+02
step  361 | acc=0.8910 | NZ=  1799 | sparsity=0.1671 | d_m=1.1724e+02
step  362 | acc=0.8890 | NZ=  1798 | sparsity=0.1676 | d_m=1.2270e+02
step  363 | acc=0.8900 | NZ=  1797 | sparsity=0.1681 | d_m=1.1550e+02
step  364 | acc=0.8910 | NZ=  1796 | sparsity=0.1685 | d_m=1.2408e+02
step  365 | acc=0.8920 | NZ=  1795 | sparsity=0.1690 | d_m=1.1810e+02
step  366 | acc=0.8920 | NZ=  1794 | sparsity=0.1694 | d_m=1.2564e+02
step  367 | acc=0.8920 | NZ=  1793 | sparsity=0.1699 | d_m=1.2092e+02
step  368 | acc=0.8920 | NZ=  1792 | sparsity=0.1704 | d_m=1.2166e+02
step  369 | acc=0.8920 | NZ=  1791 | sparsity=0.1708 | d_m=1.2219e+02
step  370 | acc=0.8900 | NZ=  1790 | sparsity=0.1713 | d_m=1.2909e+02
step  371 | acc=0.8890 | NZ=  1789 | sparsity=0.1718 | d_m=1.2637e+02
step  372 | acc=0.8890 | NZ=  1788 | sparsity=0.1722 | d_m=1.2481e+02
step  373 | acc=0.8890 | NZ=  1787 | sparsity=0.1727 | d_m=1.2752e+02
step  374 | acc=0.8910 | NZ=  1786 | sparsity=0.1731 | d_m=1.2168e+02
step  375 | acc=0.8900 | NZ=  1785 | sparsity=0.1736 | d_m=1.2899e+02
step  376 | acc=0.8900 | NZ=  1784 | sparsity=0.1741 | d_m=1.2354e+02
step  377 | acc=0.8900 | NZ=  1783 | sparsity=0.1745 | d_m=1.2791e+02
step  378 | acc=0.8900 | NZ=  1782 | sparsity=0.1750 | d_m=1.3342e+02
step  379 | acc=0.8890 | NZ=  1781 | sparsity=0.1755 | d_m=1.3111e+02
step  380 | acc=0.8890 | NZ=  1780 | sparsity=0.1759 | d_m=1.3185e+02
step  381 | acc=0.8820 | NZ=  1779 | sparsity=0.1764 | d_m=1.4052e+02
step  382 | acc=0.8820 | NZ=  1778 | sparsity=0.1769 | d_m=1.4225e+02
step  383 | acc=0.8700 | NZ=  1777 | sparsity=0.1773 | d_m=1.4499e+02
step  384 | acc=0.8700 | NZ=  1776 | sparsity=0.1778 | d_m=1.4447e+02
step  385 | acc=0.8720 | NZ=  1775 | sparsity=0.1782 | d_m=1.5127e+02
step  386 | acc=0.8660 | NZ=  1774 | sparsity=0.1787 | d_m=1.5379e+02
step  387 | acc=0.8660 | NZ=  1773 | sparsity=0.1792 | d_m=1.4871e+02
step  388 | acc=0.8660 | NZ=  1772 | sparsity=0.1796 | d_m=1.5653e+02
step  389 | acc=0.8370 | NZ=  1771 | sparsity=0.1801 | d_m=1.5696e+02
step  390 | acc=0.8370 | NZ=  1770 | sparsity=0.1806 | d_m=1.4939e+02
step  391 | acc=0.8370 | NZ=  1769 | sparsity=0.1810 | d_m=1.5225e+02
step  392 | acc=0.8240 | NZ=  1768 | sparsity=0.1815 | d_m=1.5296e+02
step  393 | acc=0.8240 | NZ=  1767 | sparsity=0.1819 | d_m=1.4849e+02
step  394 | acc=0.8260 | NZ=  1766 | sparsity=0.1824 | d_m=1.5354e+02
step  395 | acc=0.8200 | NZ=  1765 | sparsity=0.1829 | d_m=1.5933e+02
step  396 | acc=0.8190 | NZ=  1764 | sparsity=0.1833 | d_m=1.5552e+02
step  397 | acc=0.8190 | NZ=  1763 | sparsity=0.1838 | d_m=1.6462e+02
step  398 | acc=0.8100 | NZ=  1762 | sparsity=0.1843 | d_m=1.6682e+02
step  399 | acc=0.8090 | NZ=  1761 | sparsity=0.1847 | d_m=1.5707e+02
step  400 | acc=0.8100 | NZ=  1760 | sparsity=0.1852 | d_m=1.5804e+02
step  401 | acc=0.8100 | NZ=  1759 | sparsity=0.1856 | d_m=1.5780e+02
step  402 | acc=0.8100 | NZ=  1758 | sparsity=0.1861 | d_m=1.5916e+02
step  403 | acc=0.8100 | NZ=  1757 | sparsity=0.1866 | d_m=1.6006e+02
step  404 | acc=0.8100 | NZ=  1756 | sparsity=0.1870 | d_m=1.6126e+02
step  405 | acc=0.8100 | NZ=  1755 | sparsity=0.1875 | d_m=1.6160e+02
step  406 | acc=0.8100 | NZ=  1754 | sparsity=0.1880 | d_m=1.6237e+02
step  407 | acc=0.8100 | NZ=  1753 | sparsity=0.1884 | d_m=1.6381e+02
step  408 | acc=0.8100 | NZ=  1752 | sparsity=0.1889 | d_m=1.6478e+02
step  409 | acc=0.8090 | NZ=  1751 | sparsity=0.1894 | d_m=1.6554e+02
step  410 | acc=0.8100 | NZ=  1750 | sparsity=0.1898 | d_m=1.6647e+02
step  411 | acc=0.8090 | NZ=  1749 | sparsity=0.1903 | d_m=1.6712e+02
step  412 | acc=0.8090 | NZ=  1748 | sparsity=0.1907 | d_m=1.6734e+02
step  413 | acc=0.8090 | NZ=  1747 | sparsity=0.1912 | d_m=1.6787e+02
step  414 | acc=0.8090 | NZ=  1746 | sparsity=0.1917 | d_m=1.6858e+02
step  415 | acc=0.8090 | NZ=  1745 | sparsity=0.1921 | d_m=1.6997e+02
step  416 | acc=0.8090 | NZ=  1744 | sparsity=0.1926 | d_m=1.8042e+02
step  417 | acc=0.8070 | NZ=  1743 | sparsity=0.1931 | d_m=1.8281e+02
step  418 | acc=0.8080 | NZ=  1742 | sparsity=0.1935 | d_m=1.7718e+02
step  419 | acc=0.7840 | NZ=  1741 | sparsity=0.1940 | d_m=1.8532e+02
step  420 | acc=0.7840 | NZ=  1740 | sparsity=0.1944 | d_m=1.8491e+02
step  421 | acc=0.7840 | NZ=  1739 | sparsity=0.1949 | d_m=1.8457e+02
step  422 | acc=0.7840 | NZ=  1738 | sparsity=0.1954 | d_m=1.8429e+02
step  423 | acc=0.7840 | NZ=  1737 | sparsity=0.1958 | d_m=1.8404e+02
step  424 | acc=0.7840 | NZ=  1736 | sparsity=0.1963 | d_m=1.8382e+02
step  425 | acc=0.7840 | NZ=  1735 | sparsity=0.1968 | d_m=1.8362e+02
step  426 | acc=0.7840 | NZ=  1734 | sparsity=0.1972 | d_m=1.8344e+02
step  427 | acc=0.7840 | NZ=  1733 | sparsity=0.1977 | d_m=1.8335e+02
step  428 | acc=0.7830 | NZ=  1732 | sparsity=0.1981 | d_m=1.8320e+02
step  429 | acc=0.7830 | NZ=  1731 | sparsity=0.1986 | d_m=1.8305e+02
step  430 | acc=0.7840 | NZ=  1730 | sparsity=0.1991 | d_m=1.8518e+02
step  431 | acc=0.7830 | NZ=  1729 | sparsity=0.1995 | d_m=1.8647e+02
step  432 | acc=0.7840 | NZ=  1728 | sparsity=0.2000 | d_m=1.8783e+02
step  433 | acc=0.7830 | NZ=  1727 | sparsity=0.2005 | d_m=1.8841e+02
step  434 | acc=0.7830 | NZ=  1726 | sparsity=0.2009 | d_m=1.9036e+02
step  435 | acc=0.7830 | NZ=  1725 | sparsity=0.2014 | d_m=1.9255e+02
step  436 | acc=0.7830 | NZ=  1724 | sparsity=0.2019 | d_m=1.9416e+02
step  437 | acc=0.7830 | NZ=  1723 | sparsity=0.2023 | d_m=1.9487e+02
step  438 | acc=0.7830 | NZ=  1722 | sparsity=0.2028 | d_m=1.9656e+02
step  439 | acc=0.7830 | NZ=  1721 | sparsity=0.2032 | d_m=1.9761e+02
step  440 | acc=0.7830 | NZ=  1720 | sparsity=0.2037 | d_m=1.9530e+02
step  441 | acc=0.7820 | NZ=  1719 | sparsity=0.2042 | d_m=1.9646e+02
step  442 | acc=0.7820 | NZ=  1718 | sparsity=0.2046 | d_m=1.9808e+02
step  443 | acc=0.7820 | NZ=  1717 | sparsity=0.2051 | d_m=1.9904e+02
step  444 | acc=0.7820 | NZ=  1716 | sparsity=0.2056 | d_m=1.9773e+02
step  445 | acc=0.7820 | NZ=  1715 | sparsity=0.2060 | d_m=1.9808e+02
step  446 | acc=0.7820 | NZ=  1714 | sparsity=0.2065 | d_m=1.9920e+02
step  447 | acc=0.7820 | NZ=  1713 | sparsity=0.2069 | d_m=2.0074e+02
step  448 | acc=0.7800 | NZ=  1712 | sparsity=0.2074 | d_m=2.0208e+02
step  449 | acc=0.7800 | NZ=  1711 | sparsity=0.2079 | d_m=2.0358e+02
step  450 | acc=0.7800 | NZ=  1710 | sparsity=0.2083 | d_m=2.0512e+02
step  451 | acc=0.7800 | NZ=  1709 | sparsity=0.2088 | d_m=2.0743e+02
step  452 | acc=0.7820 | NZ=  1708 | sparsity=0.2093 | d_m=2.0894e+02
step  453 | acc=0.7820 | NZ=  1707 | sparsity=0.2097 | d_m=2.1077e+02
step  454 | acc=0.7820 | NZ=  1706 | sparsity=0.2102 | d_m=2.1124e+02
step  455 | acc=0.7810 | NZ=  1705 | sparsity=0.2106 | d_m=2.1189e+02
step  456 | acc=0.7820 | NZ=  1704 | sparsity=0.2111 | d_m=2.1278e+02
step  457 | acc=0.7820 | NZ=  1703 | sparsity=0.2116 | d_m=2.1544e+02
step  458 | acc=0.7820 | NZ=  1702 | sparsity=0.2120 | d_m=2.1765e+02
step  459 | acc=0.7810 | NZ=  1701 | sparsity=0.2125 | d_m=2.1715e+02
step  460 | acc=0.7810 | NZ=  1700 | sparsity=0.2130 | d_m=2.1812e+02
step  461 | acc=0.7810 | NZ=  1699 | sparsity=0.2134 | d_m=2.1992e+02
step  462 | acc=0.7810 | NZ=  1698 | sparsity=0.2139 | d_m=2.2064e+02
step  463 | acc=0.7810 | NZ=  1697 | sparsity=0.2144 | d_m=2.2161e+02
step  464 | acc=0.7810 | NZ=  1696 | sparsity=0.2148 | d_m=2.2462e+02
step  465 | acc=0.7810 | NZ=  1695 | sparsity=0.2153 | d_m=2.2664e+02
step  466 | acc=0.7810 | NZ=  1694 | sparsity=0.2157 | d_m=2.2793e+02
step  467 | acc=0.7810 | NZ=  1693 | sparsity=0.2162 | d_m=2.2699e+02
step  468 | acc=0.7810 | NZ=  1692 | sparsity=0.2167 | d_m=2.2816e+02
step  469 | acc=0.7810 | NZ=  1691 | sparsity=0.2171 | d_m=2.2866e+02
step  470 | acc=0.7810 | NZ=  1690 | sparsity=0.2176 | d_m=2.2986e+02
step  471 | acc=0.7810 | NZ=  1689 | sparsity=0.2181 | d_m=2.3108e+02
step  472 | acc=0.7820 | NZ=  1688 | sparsity=0.2185 | d_m=2.3443e+02
step  473 | acc=0.7820 | NZ=  1687 | sparsity=0.2190 | d_m=2.3458e+02
step  474 | acc=0.7810 | NZ=  1686 | sparsity=0.2194 | d_m=2.3638e+02
step  475 | acc=0.7810 | NZ=  1685 | sparsity=0.2199 | d_m=2.3955e+02
step  476 | acc=0.7810 | NZ=  1684 | sparsity=0.2204 | d_m=2.4043e+02
step  477 | acc=0.7810 | NZ=  1683 | sparsity=0.2208 | d_m=2.4260e+02
step  478 | acc=0.7810 | NZ=  1682 | sparsity=0.2213 | d_m=2.4534e+02
step  479 | acc=0.7810 | NZ=  1681 | sparsity=0.2218 | d_m=2.4649e+02
step  480 | acc=0.7810 | NZ=  1680 | sparsity=0.2222 | d_m=2.4865e+02
step  481 | acc=0.7820 | NZ=  1679 | sparsity=0.2227 | d_m=2.4930e+02
step  482 | acc=0.7820 | NZ=  1678 | sparsity=0.2231 | d_m=2.5059e+02
step  483 | acc=0.7820 | NZ=  1677 | sparsity=0.2236 | d_m=2.5118e+02
step  484 | acc=0.7820 | NZ=  1676 | sparsity=0.2241 | d_m=2.5454e+02
step  485 | acc=0.7830 | NZ=  1675 | sparsity=0.2245 | d_m=2.5647e+02
step  486 | acc=0.7850 | NZ=  1674 | sparsity=0.2250 | d_m=2.5690e+02
step  487 | acc=0.7860 | NZ=  1673 | sparsity=0.2255 | d_m=2.5644e+02
step  488 | acc=0.7860 | NZ=  1672 | sparsity=0.2259 | d_m=2.5838e+02
step  489 | acc=0.7860 | NZ=  1671 | sparsity=0.2264 | d_m=2.5937e+02
step  490 | acc=0.7860 | NZ=  1670 | sparsity=0.2269 | d_m=2.6080e+02
step  491 | acc=0.7860 | NZ=  1669 | sparsity=0.2273 | d_m=2.6329e+02
step  492 | acc=0.7860 | NZ=  1668 | sparsity=0.2278 | d_m=2.6481e+02
step  493 | acc=0.7850 | NZ=  1667 | sparsity=0.2282 | d_m=2.6878e+02
step  494 | acc=0.7850 | NZ=  1666 | sparsity=0.2287 | d_m=2.6834e+02
step  495 | acc=0.7860 | NZ=  1665 | sparsity=0.2292 | d_m=2.6862e+02
step  496 | acc=0.7860 | NZ=  1664 | sparsity=0.2296 | d_m=2.6908e+02
step  497 | acc=0.7860 | NZ=  1663 | sparsity=0.2301 | d_m=2.7054e+02
step  498 | acc=0.7860 | NZ=  1662 | sparsity=0.2306 | d_m=2.6906e+02
step  499 | acc=0.7850 | NZ=  1661 | sparsity=0.2310 | d_m=2.7105e+02
step  500 | acc=0.7850 | NZ=  1660 | sparsity=0.2315 | d_m=2.7149e+02
step  501 | acc=0.7860 | NZ=  1659 | sparsity=0.2319 | d_m=2.7269e+02
step  502 | acc=0.7860 | NZ=  1658 | sparsity=0.2324 | d_m=2.7678e+02
step  503 | acc=0.7860 | NZ=  1657 | sparsity=0.2329 | d_m=2.8081e+02
step  504 | acc=0.7860 | NZ=  1656 | sparsity=0.2333 | d_m=2.8364e+02
step  505 | acc=0.7860 | NZ=  1655 | sparsity=0.2338 | d_m=2.8792e+02
step  506 | acc=0.7860 | NZ=  1654 | sparsity=0.2343 | d_m=2.8857e+02
step  507 | acc=0.7860 | NZ=  1653 | sparsity=0.2347 | d_m=2.8845e+02
step  508 | acc=0.7860 | NZ=  1652 | sparsity=0.2352 | d_m=2.9244e+02
step  509 | acc=0.7860 | NZ=  1651 | sparsity=0.2356 | d_m=2.9585e+02
step  510 | acc=0.7860 | NZ=  1650 | sparsity=0.2361 | d_m=2.9683e+02
step  511 | acc=0.7860 | NZ=  1649 | sparsity=0.2366 | d_m=2.9797e+02
step  512 | acc=0.7880 | NZ=  1648 | sparsity=0.2370 | d_m=3.0058e+02
step  513 | acc=0.7880 | NZ=  1647 | sparsity=0.2375 | d_m=2.9885e+02
step  514 | acc=0.7880 | NZ=  1646 | sparsity=0.2380 | d_m=3.0027e+02
step  515 | acc=0.7880 | NZ=  1645 | sparsity=0.2384 | d_m=3.0191e+02
step  516 | acc=0.7880 | NZ=  1644 | sparsity=0.2389 | d_m=2.9870e+02
step  517 | acc=0.7890 | NZ=  1643 | sparsity=0.2394 | d_m=3.0334e+02
step  518 | acc=0.7880 | NZ=  1642 | sparsity=0.2398 | d_m=3.0647e+02
step  519 | acc=0.7870 | NZ=  1641 | sparsity=0.2403 | d_m=3.0812e+02
step  520 | acc=0.7870 | NZ=  1640 | sparsity=0.2407 | d_m=3.0917e+02
step  521 | acc=0.7880 | NZ=  1639 | sparsity=0.2412 | d_m=3.1101e+02
step  522 | acc=0.7890 | NZ=  1638 | sparsity=0.2417 | d_m=3.1018e+02
step  523 | acc=0.7890 | NZ=  1637 | sparsity=0.2421 | d_m=3.1003e+02
step  524 | acc=0.7890 | NZ=  1636 | sparsity=0.2426 | d_m=3.1367e+02
step  525 | acc=0.7890 | NZ=  1635 | sparsity=0.2431 | d_m=3.1543e+02
step  526 | acc=0.7890 | NZ=  1634 | sparsity=0.2435 | d_m=3.1567e+02
step  527 | acc=0.7880 | NZ=  1633 | sparsity=0.2440 | d_m=3.1773e+02
step  528 | acc=0.7880 | NZ=  1632 | sparsity=0.2444 | d_m=3.1886e+02
step  529 | acc=0.7880 | NZ=  1631 | sparsity=0.2449 | d_m=3.1876e+02
step  530 | acc=0.7880 | NZ=  1630 | sparsity=0.2454 | d_m=3.1924e+02
step  531 | acc=0.7880 | NZ=  1629 | sparsity=0.2458 | d_m=3.2230e+02
step  532 | acc=0.7880 | NZ=  1628 | sparsity=0.2463 | d_m=3.2345e+02
step  533 | acc=0.7870 | NZ=  1627 | sparsity=0.2468 | d_m=3.2563e+02
step  534 | acc=0.7870 | NZ=  1626 | sparsity=0.2472 | d_m=3.2987e+02
step  535 | acc=0.7860 | NZ=  1625 | sparsity=0.2477 | d_m=3.3115e+02
step  536 | acc=0.7860 | NZ=  1624 | sparsity=0.2481 | d_m=3.3373e+02
step  537 | acc=0.7830 | NZ=  1623 | sparsity=0.2486 | d_m=3.3582e+02
step  538 | acc=0.7860 | NZ=  1622 | sparsity=0.2491 | d_m=3.4015e+02
step  539 | acc=0.7870 | NZ=  1621 | sparsity=0.2495 | d_m=3.4212e+02
step  540 | acc=0.7870 | NZ=  1620 | sparsity=0.2500 | d_m=3.4482e+02
step  541 | acc=0.7860 | NZ=  1619 | sparsity=0.2505 | d_m=3.4473e+02
step  542 | acc=0.7860 | NZ=  1618 | sparsity=0.2509 | d_m=3.3990e+02
step  543 | acc=0.7860 | NZ=  1617 | sparsity=0.2514 | d_m=3.4126e+02
step  544 | acc=0.7860 | NZ=  1616 | sparsity=0.2519 | d_m=3.4437e+02
step  545 | acc=0.7860 | NZ=  1615 | sparsity=0.2523 | d_m=3.5041e+02
step  546 | acc=0.7860 | NZ=  1614 | sparsity=0.2528 | d_m=3.5698e+02
step  547 | acc=0.7870 | NZ=  1613 | sparsity=0.2532 | d_m=3.5748e+02
step  548 | acc=0.7860 | NZ=  1612 | sparsity=0.2537 | d_m=3.5884e+02
step  549 | acc=0.7870 | NZ=  1611 | sparsity=0.2542 | d_m=3.6241e+02
step  550 | acc=0.7870 | NZ=  1610 | sparsity=0.2546 | d_m=3.6383e+02
step  551 | acc=0.7870 | NZ=  1609 | sparsity=0.2551 | d_m=3.6790e+02
step  552 | acc=0.7860 | NZ=  1608 | sparsity=0.2556 | d_m=3.7047e+02
step  553 | acc=0.7860 | NZ=  1607 | sparsity=0.2560 | d_m=3.7119e+02
step  554 | acc=0.7860 | NZ=  1606 | sparsity=0.2565 | d_m=3.7336e+02
step  555 | acc=0.7860 | NZ=  1605 | sparsity=0.2569 | d_m=3.7430e+02
step  556 | acc=0.7840 | NZ=  1604 | sparsity=0.2574 | d_m=3.7299e+02
step  557 | acc=0.7850 | NZ=  1603 | sparsity=0.2579 | d_m=3.6770e+02
step  558 | acc=0.7830 | NZ=  1602 | sparsity=0.2583 | d_m=3.7227e+02
step  559 | acc=0.7820 | NZ=  1601 | sparsity=0.2588 | d_m=3.7610e+02
step  560 | acc=0.7820 | NZ=  1600 | sparsity=0.2593 | d_m=3.7831e+02
step  561 | acc=0.7820 | NZ=  1599 | sparsity=0.2597 | d_m=3.7880e+02
step  562 | acc=0.7810 | NZ=  1598 | sparsity=0.2602 | d_m=3.8527e+02
step  563 | acc=0.7810 | NZ=  1597 | sparsity=0.2606 | d_m=3.8851e+02
step  564 | acc=0.7820 | NZ=  1596 | sparsity=0.2611 | d_m=3.9480e+02
step  565 | acc=0.7830 | NZ=  1595 | sparsity=0.2616 | d_m=4.0255e+02
step  566 | acc=0.7810 | NZ=  1594 | sparsity=0.2620 | d_m=4.0474e+02
step  567 | acc=0.7820 | NZ=  1593 | sparsity=0.2625 | d_m=4.0783e+02
step  568 | acc=0.7820 | NZ=  1592 | sparsity=0.2630 | d_m=4.0887e+02
step  569 | acc=0.7820 | NZ=  1591 | sparsity=0.2634 | d_m=4.1228e+02
step  570 | acc=0.7830 | NZ=  1590 | sparsity=0.2639 | d_m=4.1396e+02
step  571 | acc=0.7830 | NZ=  1589 | sparsity=0.2644 | d_m=4.0804e+02
step  572 | acc=0.7820 | NZ=  1588 | sparsity=0.2648 | d_m=4.1192e+02
step  573 | acc=0.7830 | NZ=  1587 | sparsity=0.2653 | d_m=4.1547e+02
step  574 | acc=0.7820 | NZ=  1586 | sparsity=0.2657 | d_m=4.1616e+02
step  575 | acc=0.7830 | NZ=  1585 | sparsity=0.2662 | d_m=4.1955e+02
step  576 | acc=0.7850 | NZ=  1584 | sparsity=0.2667 | d_m=4.2390e+02
step  577 | acc=0.7840 | NZ=  1583 | sparsity=0.2671 | d_m=4.2464e+02
step  578 | acc=0.7840 | NZ=  1582 | sparsity=0.2676 | d_m=4.3233e+02
step  579 | acc=0.7840 | NZ=  1581 | sparsity=0.2681 | d_m=4.3315e+02
step  580 | acc=0.7830 | NZ=  1580 | sparsity=0.2685 | d_m=4.3971e+02
step  581 | acc=0.7840 | NZ=  1579 | sparsity=0.2690 | d_m=4.4270e+02
step  582 | acc=0.7850 | NZ=  1578 | sparsity=0.2694 | d_m=4.4475e+02
step  583 | acc=0.7870 | NZ=  1577 | sparsity=0.2699 | d_m=4.4889e+02
step  584 | acc=0.7840 | NZ=  1576 | sparsity=0.2704 | d_m=4.5096e+02
step  585 | acc=0.7850 | NZ=  1575 | sparsity=0.2708 | d_m=4.5564e+02
step  586 | acc=0.7840 | NZ=  1574 | sparsity=0.2713 | d_m=4.5948e+02
step  587 | acc=0.7840 | NZ=  1573 | sparsity=0.2718 | d_m=4.6322e+02
step  588 | acc=0.7830 | NZ=  1572 | sparsity=0.2722 | d_m=4.6722e+02
step  589 | acc=0.7830 | NZ=  1571 | sparsity=0.2727 | d_m=4.6804e+02
step  590 | acc=0.7830 | NZ=  1570 | sparsity=0.2731 | d_m=4.7300e+02
step  591 | acc=0.7830 | NZ=  1569 | sparsity=0.2736 | d_m=4.7165e+02
step  592 | acc=0.7830 | NZ=  1568 | sparsity=0.2741 | d_m=4.7132e+02
step  593 | acc=0.7830 | NZ=  1567 | sparsity=0.2745 | d_m=4.7755e+02
step  594 | acc=0.7830 | NZ=  1566 | sparsity=0.2750 | d_m=4.7587e+02
step  595 | acc=0.7830 | NZ=  1565 | sparsity=0.2755 | d_m=4.7757e+02
step  596 | acc=0.7830 | NZ=  1564 | sparsity=0.2759 | d_m=4.7583e+02
step  597 | acc=0.7830 | NZ=  1563 | sparsity=0.2764 | d_m=4.7587e+02
step  598 | acc=0.7840 | NZ=  1562 | sparsity=0.2769 | d_m=4.7933e+02
step  599 | acc=0.7840 | NZ=  1561 | sparsity=0.2773 | d_m=4.8046e+02
step  600 | acc=0.7840 | NZ=  1560 | sparsity=0.2778 | d_m=4.8323e+02
step  601 | acc=0.7840 | NZ=  1559 | sparsity=0.2782 | d_m=4.8492e+02
step  602 | acc=0.7830 | NZ=  1558 | sparsity=0.2787 | d_m=4.8585e+02
step  603 | acc=0.7840 | NZ=  1557 | sparsity=0.2792 | d_m=4.8913e+02
step  604 | acc=0.7830 | NZ=  1556 | sparsity=0.2796 | d_m=4.9463e+02
step  605 | acc=0.7830 | NZ=  1555 | sparsity=0.2801 | d_m=4.9845e+02
step  606 | acc=0.7830 | NZ=  1554 | sparsity=0.2806 | d_m=5.0548e+02
step  607 | acc=0.7810 | NZ=  1553 | sparsity=0.2810 | d_m=5.0946e+02
step  608 | acc=0.7820 | NZ=  1552 | sparsity=0.2815 | d_m=5.1126e+02
step  609 | acc=0.7820 | NZ=  1551 | sparsity=0.2819 | d_m=5.1291e+02
step  610 | acc=0.7810 | NZ=  1550 | sparsity=0.2824 | d_m=5.1528e+02
step  611 | acc=0.7810 | NZ=  1549 | sparsity=0.2829 | d_m=5.1497e+02
step  612 | acc=0.7800 | NZ=  1548 | sparsity=0.2833 | d_m=5.2296e+02
step  613 | acc=0.7800 | NZ=  1547 | sparsity=0.2838 | d_m=5.3148e+02
step  614 | acc=0.7810 | NZ=  1546 | sparsity=0.2843 | d_m=5.3755e+02
step  615 | acc=0.7800 | NZ=  1545 | sparsity=0.2847 | d_m=5.4133e+02
step  616 | acc=0.7800 | NZ=  1544 | sparsity=0.2852 | d_m=5.4184e+02
step  617 | acc=0.7780 | NZ=  1543 | sparsity=0.2856 | d_m=5.4732e+02
step  618 | acc=0.7780 | NZ=  1542 | sparsity=0.2861 | d_m=5.5672e+02
step  619 | acc=0.7780 | NZ=  1541 | sparsity=0.2866 | d_m=5.6533e+02
step  620 | acc=0.7790 | NZ=  1540 | sparsity=0.2870 | d_m=5.6166e+02
step  621 | acc=0.7800 | NZ=  1539 | sparsity=0.2875 | d_m=5.6415e+02
step  622 | acc=0.7780 | NZ=  1538 | sparsity=0.2880 | d_m=5.6404e+02
step  623 | acc=0.7780 | NZ=  1537 | sparsity=0.2884 | d_m=5.6447e+02
step  624 | acc=0.7810 | NZ=  1536 | sparsity=0.2889 | d_m=5.6409e+02
step  625 | acc=0.7810 | NZ=  1535 | sparsity=0.2894 | d_m=5.6792e+02
step  626 | acc=0.7810 | NZ=  1534 | sparsity=0.2898 | d_m=5.6870e+02
step  627 | acc=0.7790 | NZ=  1533 | sparsity=0.2903 | d_m=5.7102e+02
step  628 | acc=0.7810 | NZ=  1532 | sparsity=0.2907 | d_m=5.7462e+02
step  629 | acc=0.7810 | NZ=  1531 | sparsity=0.2912 | d_m=5.8612e+02
step  630 | acc=0.7810 | NZ=  1530 | sparsity=0.2917 | d_m=5.9169e+02
step  631 | acc=0.7810 | NZ=  1529 | sparsity=0.2921 | d_m=5.9387e+02
step  632 | acc=0.7810 | NZ=  1528 | sparsity=0.2926 | d_m=5.9761e+02
step  633 | acc=0.7800 | NZ=  1527 | sparsity=0.2931 | d_m=5.9674e+02
step  634 | acc=0.7810 | NZ=  1526 | sparsity=0.2935 | d_m=6.0209e+02
step  635 | acc=0.7820 | NZ=  1525 | sparsity=0.2940 | d_m=6.0792e+02
step  636 | acc=0.7820 | NZ=  1524 | sparsity=0.2944 | d_m=6.1728e+02
step  637 | acc=0.7820 | NZ=  1523 | sparsity=0.2949 | d_m=6.2330e+02
step  638 | acc=0.7830 | NZ=  1522 | sparsity=0.2954 | d_m=6.2978e+02
step  639 | acc=0.7820 | NZ=  1521 | sparsity=0.2958 | d_m=6.3653e+02
step  640 | acc=0.7820 | NZ=  1520 | sparsity=0.2963 | d_m=6.4107e+02
step  641 | acc=0.7830 | NZ=  1519 | sparsity=0.2968 | d_m=6.4987e+02
step  642 | acc=0.7840 | NZ=  1518 | sparsity=0.2972 | d_m=6.4847e+02
step  643 | acc=0.7840 | NZ=  1517 | sparsity=0.2977 | d_m=6.6271e+02
step  644 | acc=0.7840 | NZ=  1516 | sparsity=0.2981 | d_m=6.6833e+02
step  645 | acc=0.7840 | NZ=  1515 | sparsity=0.2986 | d_m=6.6789e+02
step  646 | acc=0.7840 | NZ=  1514 | sparsity=0.2991 | d_m=6.7062e+02
step  647 | acc=0.7830 | NZ=  1513 | sparsity=0.2995 | d_m=6.7192e+02
step  648 | acc=0.7830 | NZ=  1512 | sparsity=0.3000 | d_m=6.7671e+02
step  649 | acc=0.7820 | NZ=  1511 | sparsity=0.3005 | d_m=6.8549e+02
step  650 | acc=0.7830 | NZ=  1510 | sparsity=0.3009 | d_m=6.8532e+02
step  651 | acc=0.7830 | NZ=  1509 | sparsity=0.3014 | d_m=6.8544e+02
step  652 | acc=0.7830 | NZ=  1508 | sparsity=0.3019 | d_m=6.8901e+02
step  653 | acc=0.7830 | NZ=  1507 | sparsity=0.3023 | d_m=6.9757e+02
step  654 | acc=0.7830 | NZ=  1506 | sparsity=0.3028 | d_m=6.9460e+02
step  655 | acc=0.7810 | NZ=  1505 | sparsity=0.3032 | d_m=6.9585e+02
step  656 | acc=0.7820 | NZ=  1504 | sparsity=0.3037 | d_m=6.8808e+02
step  657 | acc=0.7820 | NZ=  1503 | sparsity=0.3042 | d_m=6.9719e+02
step  658 | acc=0.7830 | NZ=  1502 | sparsity=0.3046 | d_m=7.1180e+02
step  659 | acc=0.7850 | NZ=  1501 | sparsity=0.3051 | d_m=7.1798e+02
step  660 | acc=0.7840 | NZ=  1500 | sparsity=0.3056 | d_m=7.1159e+02
step  661 | acc=0.7830 | NZ=  1499 | sparsity=0.3060 | d_m=7.1893e+02
step  662 | acc=0.7840 | NZ=  1498 | sparsity=0.3065 | d_m=7.2157e+02
step  663 | acc=0.7830 | NZ=  1497 | sparsity=0.3069 | d_m=7.2879e+02
step  664 | acc=0.7800 | NZ=  1496 | sparsity=0.3074 | d_m=7.3566e+02
step  665 | acc=0.7800 | NZ=  1495 | sparsity=0.3079 | d_m=7.4233e+02
step  666 | acc=0.7800 | NZ=  1494 | sparsity=0.3083 | d_m=7.4241e+02
step  667 | acc=0.7800 | NZ=  1493 | sparsity=0.3088 | d_m=7.4213e+02
step  668 | acc=0.7800 | NZ=  1492 | sparsity=0.3093 | d_m=7.5172e+02
step  669 | acc=0.7800 | NZ=  1491 | sparsity=0.3097 | d_m=7.4166e+02
step  670 | acc=0.7800 | NZ=  1490 | sparsity=0.3102 | d_m=7.4148e+02
step  671 | acc=0.7800 | NZ=  1489 | sparsity=0.3106 | d_m=7.4293e+02
step  672 | acc=0.7800 | NZ=  1488 | sparsity=0.3111 | d_m=7.5182e+02
step  673 | acc=0.7800 | NZ=  1487 | sparsity=0.3116 | d_m=7.6584e+02
step  674 | acc=0.7790 | NZ=  1486 | sparsity=0.3120 | d_m=7.7385e+02
step  675 | acc=0.7790 | NZ=  1485 | sparsity=0.3125 | d_m=7.8639e+02
step  676 | acc=0.7790 | NZ=  1484 | sparsity=0.3130 | d_m=8.0135e+02
step  677 | acc=0.7790 | NZ=  1483 | sparsity=0.3134 | d_m=8.0020e+02
step  678 | acc=0.7800 | NZ=  1482 | sparsity=0.3139 | d_m=8.0722e+02
step  679 | acc=0.7810 | NZ=  1481 | sparsity=0.3144 | d_m=8.1181e+02
step  680 | acc=0.7810 | NZ=  1480 | sparsity=0.3148 | d_m=8.1687e+02
step  681 | acc=0.7810 | NZ=  1479 | sparsity=0.3153 | d_m=8.1907e+02
step  682 | acc=0.7800 | NZ=  1478 | sparsity=0.3157 | d_m=8.2114e+02
step  683 | acc=0.7800 | NZ=  1477 | sparsity=0.3162 | d_m=8.2378e+02
step  684 | acc=0.7800 | NZ=  1476 | sparsity=0.3167 | d_m=8.3049e+02
step  685 | acc=0.7800 | NZ=  1475 | sparsity=0.3171 | d_m=8.3315e+02
step  686 | acc=0.7790 | NZ=  1474 | sparsity=0.3176 | d_m=8.3178e+02
step  687 | acc=0.7790 | NZ=  1473 | sparsity=0.3181 | d_m=8.3058e+02
step  688 | acc=0.7800 | NZ=  1472 | sparsity=0.3185 | d_m=8.3024e+02
step  689 | acc=0.7800 | NZ=  1471 | sparsity=0.3190 | d_m=8.3505e+02
step  690 | acc=0.7800 | NZ=  1470 | sparsity=0.3194 | d_m=8.3670e+02
step  691 | acc=0.7800 | NZ=  1469 | sparsity=0.3199 | d_m=8.5004e+02
step  692 | acc=0.7790 | NZ=  1468 | sparsity=0.3204 | d_m=8.5216e+02
step  693 | acc=0.7790 | NZ=  1467 | sparsity=0.3208 | d_m=8.5207e+02
step  694 | acc=0.7790 | NZ=  1466 | sparsity=0.3213 | d_m=8.5476e+02
step  695 | acc=0.7790 | NZ=  1465 | sparsity=0.3218 | d_m=8.5567e+02
step  696 | acc=0.7790 | NZ=  1464 | sparsity=0.3222 | d_m=8.5371e+02
step  697 | acc=0.7790 | NZ=  1463 | sparsity=0.3227 | d_m=8.5453e+02
step  698 | acc=0.7790 | NZ=  1462 | sparsity=0.3231 | d_m=8.6118e+02
step  699 | acc=0.7790 | NZ=  1461 | sparsity=0.3236 | d_m=8.5539e+02
step  700 | acc=0.7800 | NZ=  1460 | sparsity=0.3241 | d_m=8.5103e+02
step  701 | acc=0.7800 | NZ=  1459 | sparsity=0.3245 | d_m=8.6675e+02
step  702 | acc=0.7800 | NZ=  1458 | sparsity=0.3250 | d_m=8.7924e+02
step  703 | acc=0.7800 | NZ=  1457 | sparsity=0.3255 | d_m=8.8706e+02
step  704 | acc=0.7790 | NZ=  1456 | sparsity=0.3259 | d_m=8.9952e+02
step  705 | acc=0.7800 | NZ=  1455 | sparsity=0.3264 | d_m=9.0740e+02
step  706 | acc=0.7800 | NZ=  1454 | sparsity=0.3269 | d_m=9.2026e+02
step  707 | acc=0.7800 | NZ=  1453 | sparsity=0.3273 | d_m=9.3705e+02
step  708 | acc=0.7800 | NZ=  1452 | sparsity=0.3278 | d_m=9.4448e+02
step  709 | acc=0.7800 | NZ=  1451 | sparsity=0.3282 | d_m=9.5425e+02
step  710 | acc=0.7800 | NZ=  1450 | sparsity=0.3287 | d_m=9.6326e+02
step  711 | acc=0.7800 | NZ=  1449 | sparsity=0.3292 | d_m=9.6566e+02
step  712 | acc=0.7800 | NZ=  1448 | sparsity=0.3296 | d_m=9.7525e+02
step  713 | acc=0.7800 | NZ=  1447 | sparsity=0.3301 | d_m=9.8131e+02
step  714 | acc=0.7800 | NZ=  1446 | sparsity=0.3306 | d_m=9.9433e+02
step  715 | acc=0.7800 | NZ=  1445 | sparsity=0.3310 | d_m=9.9884e+02
step  716 | acc=0.7800 | NZ=  1444 | sparsity=0.3315 | d_m=1.0071e+03
step  717 | acc=0.7800 | NZ=  1443 | sparsity=0.3319 | d_m=1.0152e+03
step  718 | acc=0.7800 | NZ=  1442 | sparsity=0.3324 | d_m=1.0211e+03
step  719 | acc=0.7810 | NZ=  1441 | sparsity=0.3329 | d_m=1.0257e+03
step  720 | acc=0.7810 | NZ=  1440 | sparsity=0.3333 | d_m=1.0419e+03
step  721 | acc=0.7800 | NZ=  1439 | sparsity=0.3338 | d_m=1.0474e+03
step  722 | acc=0.7800 | NZ=  1438 | sparsity=0.3343 | d_m=1.0505e+03
step  723 | acc=0.7800 | NZ=  1437 | sparsity=0.3347 | d_m=1.0611e+03
step  724 | acc=0.7800 | NZ=  1436 | sparsity=0.3352 | d_m=1.0668e+03
step  725 | acc=0.7800 | NZ=  1435 | sparsity=0.3356 | d_m=1.0697e+03
step  726 | acc=0.7810 | NZ=  1434 | sparsity=0.3361 | d_m=1.0790e+03
step  727 | acc=0.7800 | NZ=  1433 | sparsity=0.3366 | d_m=1.0919e+03
step  728 | acc=0.7800 | NZ=  1432 | sparsity=0.3370 | d_m=1.0996e+03
step  729 | acc=0.7800 | NZ=  1431 | sparsity=0.3375 | d_m=1.1128e+03
step  730 | acc=0.7790 | NZ=  1430 | sparsity=0.3380 | d_m=1.1079e+03
step  731 | acc=0.7790 | NZ=  1429 | sparsity=0.3384 | d_m=1.1056e+03
step  732 | acc=0.7800 | NZ=  1428 | sparsity=0.3389 | d_m=1.1145e+03
step  733 | acc=0.7770 | NZ=  1427 | sparsity=0.3394 | d_m=1.1211e+03
step  734 | acc=0.7770 | NZ=  1426 | sparsity=0.3398 | d_m=1.1244e+03
step  735 | acc=0.7780 | NZ=  1425 | sparsity=0.3403 | d_m=1.1242e+03
step  736 | acc=0.7780 | NZ=  1424 | sparsity=0.3407 | d_m=1.1381e+03
step  737 | acc=0.7780 | NZ=  1423 | sparsity=0.3412 | d_m=1.1560e+03
step  738 | acc=0.7780 | NZ=  1422 | sparsity=0.3417 | d_m=1.1715e+03
step  739 | acc=0.7780 | NZ=  1421 | sparsity=0.3421 | d_m=1.1776e+03
step  740 | acc=0.7780 | NZ=  1420 | sparsity=0.3426 | d_m=1.1777e+03
step  741 | acc=0.7780 | NZ=  1419 | sparsity=0.3431 | d_m=1.1775e+03
step  742 | acc=0.7780 | NZ=  1418 | sparsity=0.3435 | d_m=1.1773e+03
step  743 | acc=0.7780 | NZ=  1417 | sparsity=0.3440 | d_m=1.1932e+03
step  744 | acc=0.7780 | NZ=  1416 | sparsity=0.3444 | d_m=1.2001e+03
step  745 | acc=0.7780 | NZ=  1415 | sparsity=0.3449 | d_m=1.2077e+03
step  746 | acc=0.7780 | NZ=  1414 | sparsity=0.3454 | d_m=1.2147e+03
step  747 | acc=0.7780 | NZ=  1413 | sparsity=0.3458 | d_m=1.2148e+03
step  748 | acc=0.7780 | NZ=  1412 | sparsity=0.3463 | d_m=1.2169e+03
step  749 | acc=0.7780 | NZ=  1411 | sparsity=0.3468 | d_m=1.2135e+03
step  750 | acc=0.7790 | NZ=  1410 | sparsity=0.3472 | d_m=1.2169e+03
step  751 | acc=0.7770 | NZ=  1409 | sparsity=0.3477 | d_m=1.2324e+03
step  752 | acc=0.7770 | NZ=  1408 | sparsity=0.3481 | d_m=1.2413e+03
step  753 | acc=0.7760 | NZ=  1407 | sparsity=0.3486 | d_m=1.2587e+03
step  754 | acc=0.7770 | NZ=  1406 | sparsity=0.3491 | d_m=1.2699e+03
step  755 | acc=0.7770 | NZ=  1405 | sparsity=0.3495 | d_m=1.2640e+03
step  756 | acc=0.7770 | NZ=  1404 | sparsity=0.3500 | d_m=1.2816e+03
step  757 | acc=0.7770 | NZ=  1403 | sparsity=0.3505 | d_m=1.3136e+03
step  758 | acc=0.7800 | NZ=  1402 | sparsity=0.3509 | d_m=1.3128e+03
step  759 | acc=0.7800 | NZ=  1401 | sparsity=0.3514 | d_m=1.3212e+03
step  760 | acc=0.7790 | NZ=  1400 | sparsity=0.3519 | d_m=1.3401e+03
step  761 | acc=0.7780 | NZ=  1399 | sparsity=0.3523 | d_m=1.3468e+03
step  762 | acc=0.7780 | NZ=  1398 | sparsity=0.3528 | d_m=1.3667e+03
step  763 | acc=0.7790 | NZ=  1397 | sparsity=0.3532 | d_m=1.3692e+03
step  764 | acc=0.7800 | NZ=  1396 | sparsity=0.3537 | d_m=1.3698e+03
step  765 | acc=0.7810 | NZ=  1395 | sparsity=0.3542 | d_m=1.3634e+03
step  766 | acc=0.7770 | NZ=  1394 | sparsity=0.3546 | d_m=1.3663e+03
step  767 | acc=0.7780 | NZ=  1393 | sparsity=0.3551 | d_m=1.3592e+03
step  768 | acc=0.7770 | NZ=  1392 | sparsity=0.3556 | d_m=1.3581e+03
step  769 | acc=0.7760 | NZ=  1391 | sparsity=0.3560 | d_m=1.3609e+03
step  770 | acc=0.7790 | NZ=  1390 | sparsity=0.3565 | d_m=1.3626e+03
step  771 | acc=0.7780 | NZ=  1389 | sparsity=0.3569 | d_m=1.3478e+03
step  772 | acc=0.7780 | NZ=  1388 | sparsity=0.3574 | d_m=1.3382e+03
step  773 | acc=0.7780 | NZ=  1387 | sparsity=0.3579 | d_m=1.3456e+03
step  774 | acc=0.7780 | NZ=  1386 | sparsity=0.3583 | d_m=1.3448e+03
step  775 | acc=0.7770 | NZ=  1385 | sparsity=0.3588 | d_m=1.3497e+03
step  776 | acc=0.7750 | NZ=  1384 | sparsity=0.3593 | d_m=1.3691e+03
step  777 | acc=0.7760 | NZ=  1383 | sparsity=0.3597 | d_m=1.3794e+03
step  778 | acc=0.7760 | NZ=  1382 | sparsity=0.3602 | d_m=1.3973e+03
step  779 | acc=0.7770 | NZ=  1381 | sparsity=0.3606 | d_m=1.4066e+03
step  780 | acc=0.7760 | NZ=  1380 | sparsity=0.3611 | d_m=1.4116e+03
step  781 | acc=0.7760 | NZ=  1379 | sparsity=0.3616 | d_m=1.4239e+03
step  782 | acc=0.7750 | NZ=  1378 | sparsity=0.3620 | d_m=1.4467e+03
step  783 | acc=0.7760 | NZ=  1377 | sparsity=0.3625 | d_m=1.4704e+03
step  784 | acc=0.7780 | NZ=  1376 | sparsity=0.3630 | d_m=1.4909e+03
step  785 | acc=0.7790 | NZ=  1375 | sparsity=0.3634 | d_m=1.5016e+03
step  786 | acc=0.7800 | NZ=  1374 | sparsity=0.3639 | d_m=1.5227e+03
step  787 | acc=0.7790 | NZ=  1373 | sparsity=0.3644 | d_m=1.5318e+03
step  788 | acc=0.7780 | NZ=  1372 | sparsity=0.3648 | d_m=1.5305e+03
step  789 | acc=0.7770 | NZ=  1371 | sparsity=0.3653 | d_m=1.5448e+03
step  790 | acc=0.7770 | NZ=  1370 | sparsity=0.3657 | d_m=1.5311e+03
step  791 | acc=0.7760 | NZ=  1369 | sparsity=0.3662 | d_m=1.5475e+03
step  792 | acc=0.7780 | NZ=  1368 | sparsity=0.3667 | d_m=1.5647e+03
step  793 | acc=0.7770 | NZ=  1367 | sparsity=0.3671 | d_m=1.5721e+03
step  794 | acc=0.7760 | NZ=  1366 | sparsity=0.3676 | d_m=1.5848e+03
step  795 | acc=0.7760 | NZ=  1365 | sparsity=0.3681 | d_m=1.6054e+03
step  796 | acc=0.7770 | NZ=  1364 | sparsity=0.3685 | d_m=1.6262e+03
step  797 | acc=0.7750 | NZ=  1363 | sparsity=0.3690 | d_m=1.6339e+03
step  798 | acc=0.7760 | NZ=  1362 | sparsity=0.3694 | d_m=1.6565e+03
step  799 | acc=0.7770 | NZ=  1361 | sparsity=0.3699 | d_m=1.6645e+03
step  800 | acc=0.7770 | NZ=  1360 | sparsity=0.3704 | d_m=1.6869e+03
step  801 | acc=0.7760 | NZ=  1359 | sparsity=0.3708 | d_m=1.6765e+03
step  802 | acc=0.7760 | NZ=  1358 | sparsity=0.3713 | d_m=1.6891e+03
step  803 | acc=0.7760 | NZ=  1357 | sparsity=0.3718 | d_m=1.7148e+03
step  804 | acc=0.7760 | NZ=  1356 | sparsity=0.3722 | d_m=1.7309e+03
step  805 | acc=0.7770 | NZ=  1355 | sparsity=0.3727 | d_m=1.7482e+03
step  806 | acc=0.7780 | NZ=  1354 | sparsity=0.3731 | d_m=1.7813e+03
step  807 | acc=0.7760 | NZ=  1353 | sparsity=0.3736 | d_m=1.8178e+03
step  808 | acc=0.7760 | NZ=  1352 | sparsity=0.3741 | d_m=1.8315e+03
step  809 | acc=0.7750 | NZ=  1351 | sparsity=0.3745 | d_m=1.8416e+03
step  810 | acc=0.7760 | NZ=  1350 | sparsity=0.3750 | d_m=1.8734e+03
step  811 | acc=0.7760 | NZ=  1349 | sparsity=0.3755 | d_m=1.9058e+03
step  812 | acc=0.7760 | NZ=  1348 | sparsity=0.3759 | d_m=1.9434e+03
step  813 | acc=0.7760 | NZ=  1347 | sparsity=0.3764 | d_m=1.9623e+03
step  814 | acc=0.7750 | NZ=  1346 | sparsity=0.3769 | d_m=1.9752e+03
step  815 | acc=0.7760 | NZ=  1345 | sparsity=0.3773 | d_m=1.9891e+03
step  816 | acc=0.7760 | NZ=  1344 | sparsity=0.3778 | d_m=2.0095e+03
step  817 | acc=0.7760 | NZ=  1343 | sparsity=0.3782 | d_m=2.0196e+03
step  818 | acc=0.7760 | NZ=  1342 | sparsity=0.3787 | d_m=2.0304e+03
step  819 | acc=0.7750 | NZ=  1341 | sparsity=0.3792 | d_m=2.0339e+03
step  820 | acc=0.7750 | NZ=  1340 | sparsity=0.3796 | d_m=2.0426e+03
step  821 | acc=0.7740 | NZ=  1339 | sparsity=0.3801 | d_m=2.0663e+03
step  822 | acc=0.7740 | NZ=  1338 | sparsity=0.3806 | d_m=2.0951e+03
step  823 | acc=0.7740 | NZ=  1337 | sparsity=0.3810 | d_m=2.1288e+03
step  824 | acc=0.7750 | NZ=  1336 | sparsity=0.3815 | d_m=2.1432e+03
step  825 | acc=0.7740 | NZ=  1335 | sparsity=0.3819 | d_m=2.1784e+03
step  826 | acc=0.7740 | NZ=  1334 | sparsity=0.3824 | d_m=2.2146e+03
step  827 | acc=0.7730 | NZ=  1333 | sparsity=0.3829 | d_m=2.2327e+03
step  828 | acc=0.7730 | NZ=  1332 | sparsity=0.3833 | d_m=2.2590e+03
step  829 | acc=0.7730 | NZ=  1331 | sparsity=0.3838 | d_m=2.2864e+03
step  830 | acc=0.7740 | NZ=  1330 | sparsity=0.3843 | d_m=2.3033e+03
step  831 | acc=0.7730 | NZ=  1329 | sparsity=0.3847 | d_m=2.3161e+03
step  832 | acc=0.7710 | NZ=  1328 | sparsity=0.3852 | d_m=2.3153e+03
step  833 | acc=0.7740 | NZ=  1327 | sparsity=0.3856 | d_m=2.3063e+03
step  834 | acc=0.7740 | NZ=  1326 | sparsity=0.3861 | d_m=2.3148e+03
step  835 | acc=0.7740 | NZ=  1325 | sparsity=0.3866 | d_m=2.3401e+03
step  836 | acc=0.7740 | NZ=  1324 | sparsity=0.3870 | d_m=2.3485e+03
step  837 | acc=0.7750 | NZ=  1323 | sparsity=0.3875 | d_m=2.3556e+03
step  838 | acc=0.7750 | NZ=  1322 | sparsity=0.3880 | d_m=2.3611e+03
step  839 | acc=0.7740 | NZ=  1321 | sparsity=0.3884 | d_m=2.3659e+03
step  840 | acc=0.7730 | NZ=  1320 | sparsity=0.3889 | d_m=2.3804e+03
step  841 | acc=0.7730 | NZ=  1319 | sparsity=0.3894 | d_m=2.3578e+03
step  842 | acc=0.7720 | NZ=  1318 | sparsity=0.3898 | d_m=2.3870e+03
step  843 | acc=0.7730 | NZ=  1317 | sparsity=0.3903 | d_m=2.4033e+03
step  844 | acc=0.7730 | NZ=  1316 | sparsity=0.3907 | d_m=2.4095e+03
step  845 | acc=0.7730 | NZ=  1315 | sparsity=0.3912 | d_m=2.4204e+03
step  846 | acc=0.7750 | NZ=  1314 | sparsity=0.3917 | d_m=2.4250e+03
step  847 | acc=0.7740 | NZ=  1313 | sparsity=0.3921 | d_m=2.4560e+03
step  848 | acc=0.7740 | NZ=  1312 | sparsity=0.3926 | d_m=2.4687e+03
step  849 | acc=0.7730 | NZ=  1311 | sparsity=0.3931 | d_m=2.4950e+03
step  850 | acc=0.7720 | NZ=  1310 | sparsity=0.3935 | d_m=2.4904e+03
step  851 | acc=0.7720 | NZ=  1309 | sparsity=0.3940 | d_m=2.4969e+03
step  852 | acc=0.7710 | NZ=  1308 | sparsity=0.3944 | d_m=2.5205e+03
step  853 | acc=0.7710 | NZ=  1307 | sparsity=0.3949 | d_m=2.5588e+03
step  854 | acc=0.7740 | NZ=  1306 | sparsity=0.3954 | d_m=2.5886e+03
step  855 | acc=0.7740 | NZ=  1305 | sparsity=0.3958 | d_m=2.5989e+03
step  856 | acc=0.7730 | NZ=  1304 | sparsity=0.3963 | d_m=2.6114e+03
step  857 | acc=0.7730 | NZ=  1303 | sparsity=0.3968 | d_m=2.5603e+03
step  858 | acc=0.7720 | NZ=  1302 | sparsity=0.3972 | d_m=2.5953e+03
step  859 | acc=0.7720 | NZ=  1301 | sparsity=0.3977 | d_m=2.6279e+03
step  860 | acc=0.7720 | NZ=  1300 | sparsity=0.3981 | d_m=2.6235e+03
step  861 | acc=0.7720 | NZ=  1299 | sparsity=0.3986 | d_m=2.6156e+03
step  862 | acc=0.7720 | NZ=  1298 | sparsity=0.3991 | d_m=2.6104e+03
step  863 | acc=0.7720 | NZ=  1297 | sparsity=0.3995 | d_m=2.6104e+03
step  864 | acc=0.7720 | NZ=  1296 | sparsity=0.4000 | d_m=2.6131e+03
step  865 | acc=0.7720 | NZ=  1295 | sparsity=0.4005 | d_m=2.6616e+03
step  866 | acc=0.7730 | NZ=  1294 | sparsity=0.4009 | d_m=2.6882e+03
step  867 | acc=0.7730 | NZ=  1293 | sparsity=0.4014 | d_m=2.6867e+03
step  868 | acc=0.7720 | NZ=  1292 | sparsity=0.4019 | d_m=2.7300e+03
step  869 | acc=0.7710 | NZ=  1291 | sparsity=0.4023 | d_m=2.7511e+03
step  870 | acc=0.7700 | NZ=  1290 | sparsity=0.4028 | d_m=2.7971e+03
step  871 | acc=0.7690 | NZ=  1289 | sparsity=0.4032 | d_m=2.8127e+03
step  872 | acc=0.7700 | NZ=  1288 | sparsity=0.4037 | d_m=2.7964e+03
step  873 | acc=0.7700 | NZ=  1287 | sparsity=0.4042 | d_m=2.8091e+03
step  874 | acc=0.7700 | NZ=  1286 | sparsity=0.4046 | d_m=2.7922e+03
step  875 | acc=0.7690 | NZ=  1285 | sparsity=0.4051 | d_m=2.8268e+03
step  876 | acc=0.7700 | NZ=  1284 | sparsity=0.4056 | d_m=2.8698e+03
step  877 | acc=0.7700 | NZ=  1283 | sparsity=0.4060 | d_m=2.8844e+03
step  878 | acc=0.7680 | NZ=  1282 | sparsity=0.4065 | d_m=2.9219e+03
step  879 | acc=0.7690 | NZ=  1281 | sparsity=0.4069 | d_m=2.9356e+03
step  880 | acc=0.7680 | NZ=  1280 | sparsity=0.4074 | d_m=2.9534e+03
step  881 | acc=0.7680 | NZ=  1279 | sparsity=0.4079 | d_m=2.9900e+03
step  882 | acc=0.7680 | NZ=  1278 | sparsity=0.4083 | d_m=2.9901e+03
step  883 | acc=0.7670 | NZ=  1277 | sparsity=0.4088 | d_m=3.0065e+03
step  884 | acc=0.7680 | NZ=  1276 | sparsity=0.4093 | d_m=2.9876e+03
step  885 | acc=0.7680 | NZ=  1275 | sparsity=0.4097 | d_m=3.0330e+03
step  886 | acc=0.7680 | NZ=  1274 | sparsity=0.4102 | d_m=3.0871e+03
step  887 | acc=0.7690 | NZ=  1273 | sparsity=0.4106 | d_m=3.1140e+03
step  888 | acc=0.7690 | NZ=  1272 | sparsity=0.4111 | d_m=3.1175e+03
step  889 | acc=0.7690 | NZ=  1271 | sparsity=0.4116 | d_m=3.1277e+03
step  890 | acc=0.7680 | NZ=  1270 | sparsity=0.4120 | d_m=3.1663e+03
step  891 | acc=0.7680 | NZ=  1269 | sparsity=0.4125 | d_m=3.1835e+03
step  892 | acc=0.7680 | NZ=  1268 | sparsity=0.4130 | d_m=3.2204e+03
step  893 | acc=0.7670 | NZ=  1267 | sparsity=0.4134 | d_m=3.2749e+03
step  894 | acc=0.7670 | NZ=  1266 | sparsity=0.4139 | d_m=3.3030e+03
step  895 | acc=0.7680 | NZ=  1265 | sparsity=0.4144 | d_m=3.3046e+03
step  896 | acc=0.7690 | NZ=  1264 | sparsity=0.4148 | d_m=3.3408e+03
step  897 | acc=0.7690 | NZ=  1263 | sparsity=0.4153 | d_m=3.3388e+03
step  898 | acc=0.7700 | NZ=  1262 | sparsity=0.4157 | d_m=3.3597e+03
step  899 | acc=0.7690 | NZ=  1261 | sparsity=0.4162 | d_m=3.3926e+03
step  900 | acc=0.7700 | NZ=  1260 | sparsity=0.4167 | d_m=3.4164e+03
step  901 | acc=0.7700 | NZ=  1259 | sparsity=0.4171 | d_m=3.4579e+03
step  902 | acc=0.7690 | NZ=  1258 | sparsity=0.4176 | d_m=3.5121e+03
step  903 | acc=0.7690 | NZ=  1257 | sparsity=0.4181 | d_m=3.5253e+03
step  904 | acc=0.7690 | NZ=  1256 | sparsity=0.4185 | d_m=3.5733e+03
step  905 | acc=0.7670 | NZ=  1255 | sparsity=0.4190 | d_m=3.6219e+03
step  906 | acc=0.7670 | NZ=  1254 | sparsity=0.4194 | d_m=3.6441e+03
step  907 | acc=0.7660 | NZ=  1253 | sparsity=0.4199 | d_m=3.6862e+03
step  908 | acc=0.7670 | NZ=  1252 | sparsity=0.4204 | d_m=3.7172e+03
step  909 | acc=0.7680 | NZ=  1251 | sparsity=0.4208 | d_m=3.7355e+03
step  910 | acc=0.7680 | NZ=  1250 | sparsity=0.4213 | d_m=3.7754e+03
step  911 | acc=0.7670 | NZ=  1249 | sparsity=0.4218 | d_m=3.8008e+03
step  912 | acc=0.7690 | NZ=  1248 | sparsity=0.4222 | d_m=3.8142e+03
step  913 | acc=0.7690 | NZ=  1247 | sparsity=0.4227 | d_m=3.8258e+03
step  914 | acc=0.7700 | NZ=  1246 | sparsity=0.4231 | d_m=3.8153e+03
step  915 | acc=0.7700 | NZ=  1245 | sparsity=0.4236 | d_m=3.8238e+03
step  916 | acc=0.7700 | NZ=  1244 | sparsity=0.4241 | d_m=3.8276e+03
step  917 | acc=0.7700 | NZ=  1243 | sparsity=0.4245 | d_m=3.8776e+03
step  918 | acc=0.7700 | NZ=  1242 | sparsity=0.4250 | d_m=3.8698e+03
step  919 | acc=0.7690 | NZ=  1241 | sparsity=0.4255 | d_m=3.8954e+03
step  920 | acc=0.7700 | NZ=  1240 | sparsity=0.4259 | d_m=3.9550e+03
step  921 | acc=0.7700 | NZ=  1239 | sparsity=0.4264 | d_m=4.0163e+03
step  922 | acc=0.7700 | NZ=  1238 | sparsity=0.4269 | d_m=4.0488e+03
step  923 | acc=0.7690 | NZ=  1237 | sparsity=0.4273 | d_m=4.0917e+03
step  924 | acc=0.7690 | NZ=  1236 | sparsity=0.4278 | d_m=4.1195e+03
step  925 | acc=0.7680 | NZ=  1235 | sparsity=0.4282 | d_m=4.1473e+03
step  926 | acc=0.7690 | NZ=  1234 | sparsity=0.4287 | d_m=4.1652e+03
step  927 | acc=0.7690 | NZ=  1233 | sparsity=0.4292 | d_m=4.1822e+03
step  928 | acc=0.7680 | NZ=  1232 | sparsity=0.4296 | d_m=4.2114e+03
step  929 | acc=0.7680 | NZ=  1231 | sparsity=0.4301 | d_m=4.2381e+03
step  930 | acc=0.7670 | NZ=  1230 | sparsity=0.4306 | d_m=4.2859e+03
step  931 | acc=0.7660 | NZ=  1229 | sparsity=0.4310 | d_m=4.3018e+03
step  932 | acc=0.7680 | NZ=  1228 | sparsity=0.4315 | d_m=4.3195e+03
step  933 | acc=0.7670 | NZ=  1227 | sparsity=0.4319 | d_m=4.3605e+03
step  934 | acc=0.7690 | NZ=  1226 | sparsity=0.4324 | d_m=4.3959e+03
step  935 | acc=0.7690 | NZ=  1225 | sparsity=0.4329 | d_m=4.4194e+03
step  936 | acc=0.7660 | NZ=  1224 | sparsity=0.4333 | d_m=4.4488e+03
step  937 | acc=0.7690 | NZ=  1223 | sparsity=0.4338 | d_m=4.4509e+03
step  938 | acc=0.7690 | NZ=  1222 | sparsity=0.4343 | d_m=4.4723e+03
step  939 | acc=0.7690 | NZ=  1221 | sparsity=0.4347 | d_m=4.4705e+03
step  940 | acc=0.7690 | NZ=  1220 | sparsity=0.4352 | d_m=4.4853e+03
step  941 | acc=0.7700 | NZ=  1219 | sparsity=0.4356 | d_m=4.5019e+03
step  942 | acc=0.7660 | NZ=  1218 | sparsity=0.4361 | d_m=4.5252e+03
step  943 | acc=0.7640 | NZ=  1217 | sparsity=0.4366 | d_m=4.5563e+03
step  944 | acc=0.7640 | NZ=  1216 | sparsity=0.4370 | d_m=4.5648e+03
step  945 | acc=0.7640 | NZ=  1215 | sparsity=0.4375 | d_m=4.5484e+03
step  946 | acc=0.7640 | NZ=  1214 | sparsity=0.4380 | d_m=4.5520e+03
step  947 | acc=0.7650 | NZ=  1213 | sparsity=0.4384 | d_m=4.5899e+03
step  948 | acc=0.7660 | NZ=  1212 | sparsity=0.4389 | d_m=4.5934e+03
step  949 | acc=0.7660 | NZ=  1211 | sparsity=0.4394 | d_m=4.6384e+03
step  950 | acc=0.7660 | NZ=  1210 | sparsity=0.4398 | d_m=4.6367e+03
step  951 | acc=0.7660 | NZ=  1209 | sparsity=0.4403 | d_m=4.6726e+03
step  952 | acc=0.7660 | NZ=  1208 | sparsity=0.4407 | d_m=4.6895e+03
step  953 | acc=0.7670 | NZ=  1207 | sparsity=0.4412 | d_m=4.7321e+03
step  954 | acc=0.7650 | NZ=  1206 | sparsity=0.4417 | d_m=4.7378e+03
step  955 | acc=0.7640 | NZ=  1205 | sparsity=0.4421 | d_m=4.7798e+03
step  956 | acc=0.7650 | NZ=  1204 | sparsity=0.4426 | d_m=4.8091e+03
step  957 | acc=0.7630 | NZ=  1203 | sparsity=0.4431 | d_m=4.8308e+03
step  958 | acc=0.7630 | NZ=  1202 | sparsity=0.4435 | d_m=4.8485e+03
step  959 | acc=0.7680 | NZ=  1201 | sparsity=0.4440 | d_m=4.8523e+03
step  960 | acc=0.7660 | NZ=  1200 | sparsity=0.4444 | d_m=4.9024e+03
step  961 | acc=0.7650 | NZ=  1199 | sparsity=0.4449 | d_m=4.8866e+03
step  962 | acc=0.7680 | NZ=  1198 | sparsity=0.4454 | d_m=4.8881e+03
step  963 | acc=0.7650 | NZ=  1197 | sparsity=0.4458 | d_m=4.8970e+03
step  964 | acc=0.7680 | NZ=  1196 | sparsity=0.4463 | d_m=4.9019e+03
step  965 | acc=0.7670 | NZ=  1195 | sparsity=0.4468 | d_m=4.9233e+03
step  966 | acc=0.7660 | NZ=  1194 | sparsity=0.4472 | d_m=4.9374e+03
step  967 | acc=0.7680 | NZ=  1193 | sparsity=0.4477 | d_m=4.9429e+03
step  968 | acc=0.7690 | NZ=  1192 | sparsity=0.4481 | d_m=4.9474e+03
step  969 | acc=0.7690 | NZ=  1191 | sparsity=0.4486 | d_m=4.9617e+03
step  970 | acc=0.7670 | NZ=  1190 | sparsity=0.4491 | d_m=4.9758e+03
step  971 | acc=0.7670 | NZ=  1189 | sparsity=0.4495 | d_m=4.9928e+03
step  972 | acc=0.7670 | NZ=  1188 | sparsity=0.4500 | d_m=5.0469e+03
step  973 | acc=0.7700 | NZ=  1187 | sparsity=0.4505 | d_m=5.0477e+03
step  974 | acc=0.7650 | NZ=  1186 | sparsity=0.4509 | d_m=5.0706e+03
step  975 | acc=0.7660 | NZ=  1185 | sparsity=0.4514 | d_m=5.1325e+03
step  976 | acc=0.7660 | NZ=  1184 | sparsity=0.4519 | d_m=5.1588e+03
step  977 | acc=0.7670 | NZ=  1183 | sparsity=0.4523 | d_m=5.1856e+03
step  978 | acc=0.7670 | NZ=  1182 | sparsity=0.4528 | d_m=5.2499e+03
step  979 | acc=0.7660 | NZ=  1181 | sparsity=0.4532 | d_m=5.2838e+03
step  980 | acc=0.7670 | NZ=  1180 | sparsity=0.4537 | d_m=5.2357e+03
step  981 | acc=0.7660 | NZ=  1179 | sparsity=0.4542 | d_m=5.2606e+03
step  982 | acc=0.7670 | NZ=  1178 | sparsity=0.4546 | d_m=5.2458e+03
step  983 | acc=0.7670 | NZ=  1177 | sparsity=0.4551 | d_m=5.2954e+03
step  984 | acc=0.7660 | NZ=  1176 | sparsity=0.4556 | d_m=5.2963e+03
step  985 | acc=0.7670 | NZ=  1175 | sparsity=0.4560 | d_m=5.3259e+03
step  986 | acc=0.7670 | NZ=  1174 | sparsity=0.4565 | d_m=5.3789e+03
step  987 | acc=0.7670 | NZ=  1173 | sparsity=0.4569 | d_m=5.3878e+03
step  988 | acc=0.7670 | NZ=  1172 | sparsity=0.4574 | d_m=5.3835e+03
step  989 | acc=0.7660 | NZ=  1171 | sparsity=0.4579 | d_m=5.3682e+03
step  990 | acc=0.7670 | NZ=  1170 | sparsity=0.4583 | d_m=5.3697e+03
step  991 | acc=0.7670 | NZ=  1169 | sparsity=0.4588 | d_m=5.3802e+03
step  992 | acc=0.7670 | NZ=  1168 | sparsity=0.4593 | d_m=5.4159e+03
step  993 | acc=0.7660 | NZ=  1167 | sparsity=0.4597 | d_m=5.4449e+03
step  994 | acc=0.7650 | NZ=  1166 | sparsity=0.4602 | d_m=5.4471e+03
step  995 | acc=0.7670 | NZ=  1165 | sparsity=0.4606 | d_m=5.4609e+03
step  996 | acc=0.7660 | NZ=  1164 | sparsity=0.4611 | d_m=5.4713e+03
step  997 | acc=0.7660 | NZ=  1163 | sparsity=0.4616 | d_m=5.4923e+03
step  998 | acc=0.7650 | NZ=  1162 | sparsity=0.4620 | d_m=5.5637e+03
step  999 | acc=0.7660 | NZ=  1161 | sparsity=0.4625 | d_m=5.6402e+03
step 1000 | acc=0.7660 | NZ=  1160 | sparsity=0.4630 | d_m=5.6885e+03
step 1001 | acc=0.7660 | NZ=  1159 | sparsity=0.4634 | d_m=5.7319e+03
step 1002 | acc=0.7660 | NZ=  1158 | sparsity=0.4639 | d_m=5.7361e+03
step 1003 | acc=0.7670 | NZ=  1157 | sparsity=0.4644 | d_m=5.7513e+03
step 1004 | acc=0.7680 | NZ=  1156 | sparsity=0.4648 | d_m=5.7847e+03
step 1005 | acc=0.7670 | NZ=  1155 | sparsity=0.4653 | d_m=5.7951e+03
step 1006 | acc=0.7670 | NZ=  1154 | sparsity=0.4657 | d_m=5.8164e+03
step 1007 | acc=0.7660 | NZ=  1153 | sparsity=0.4662 | d_m=5.8739e+03
step 1008 | acc=0.7650 | NZ=  1152 | sparsity=0.4667 | d_m=5.8946e+03
step 1009 | acc=0.7650 | NZ=  1151 | sparsity=0.4671 | d_m=5.9449e+03
step 1010 | acc=0.7640 | NZ=  1150 | sparsity=0.4676 | d_m=6.0091e+03
step 1011 | acc=0.7640 | NZ=  1149 | sparsity=0.4681 | d_m=6.0518e+03
step 1012 | acc=0.7640 | NZ=  1148 | sparsity=0.4685 | d_m=6.1201e+03
step 1013 | acc=0.7650 | NZ=  1147 | sparsity=0.4690 | d_m=6.3669e+03
step 1014 | acc=0.7690 | NZ=  1146 | sparsity=0.4694 | d_m=6.3934e+03
step 1015 | acc=0.7690 | NZ=  1145 | sparsity=0.4699 | d_m=6.3920e+03
step 1016 | acc=0.7670 | NZ=  1144 | sparsity=0.4704 | d_m=6.4451e+03
step 1017 | acc=0.7670 | NZ=  1143 | sparsity=0.4708 | d_m=6.4880e+03
step 1018 | acc=0.7660 | NZ=  1142 | sparsity=0.4713 | d_m=6.5511e+03
step 1019 | acc=0.7650 | NZ=  1141 | sparsity=0.4718 | d_m=6.5788e+03
step 1020 | acc=0.7670 | NZ=  1140 | sparsity=0.4722 | d_m=6.4933e+03
step 1021 | acc=0.7640 | NZ=  1139 | sparsity=0.4727 | d_m=6.5011e+03
step 1022 | acc=0.7630 | NZ=  1138 | sparsity=0.4731 | d_m=6.5593e+03
step 1023 | acc=0.7640 | NZ=  1137 | sparsity=0.4736 | d_m=6.6204e+03
step 1024 | acc=0.7660 | NZ=  1136 | sparsity=0.4741 | d_m=6.6387e+03
step 1025 | acc=0.7660 | NZ=  1135 | sparsity=0.4745 | d_m=6.6623e+03
step 1026 | acc=0.7650 | NZ=  1134 | sparsity=0.4750 | d_m=6.6855e+03
step 1027 | acc=0.7630 | NZ=  1133 | sparsity=0.4755 | d_m=6.7463e+03
step 1028 | acc=0.7630 | NZ=  1132 | sparsity=0.4759 | d_m=6.8233e+03
step 1029 | acc=0.7630 | NZ=  1131 | sparsity=0.4764 | d_m=6.8478e+03
step 1030 | acc=0.7640 | NZ=  1130 | sparsity=0.4769 | d_m=6.8389e+03
step 1031 | acc=0.7640 | NZ=  1129 | sparsity=0.4773 | d_m=6.8271e+03
step 1032 | acc=0.7650 | NZ=  1128 | sparsity=0.4778 | d_m=6.8865e+03
step 1033 | acc=0.7660 | NZ=  1127 | sparsity=0.4782 | d_m=6.9241e+03
step 1034 | acc=0.7650 | NZ=  1126 | sparsity=0.4787 | d_m=6.9760e+03
step 1035 | acc=0.7670 | NZ=  1125 | sparsity=0.4792 | d_m=7.0418e+03
step 1036 | acc=0.7700 | NZ=  1124 | sparsity=0.4796 | d_m=7.0745e+03
step 1037 | acc=0.7690 | NZ=  1123 | sparsity=0.4801 | d_m=7.1098e+03
step 1038 | acc=0.7670 | NZ=  1122 | sparsity=0.4806 | d_m=7.1190e+03
step 1039 | acc=0.7690 | NZ=  1121 | sparsity=0.4810 | d_m=7.1324e+03
step 1040 | acc=0.7680 | NZ=  1120 | sparsity=0.4815 | d_m=7.1904e+03
step 1041 | acc=0.7680 | NZ=  1119 | sparsity=0.4819 | d_m=7.1975e+03
step 1042 | acc=0.7690 | NZ=  1118 | sparsity=0.4824 | d_m=7.2182e+03
step 1043 | acc=0.7670 | NZ=  1117 | sparsity=0.4829 | d_m=7.2803e+03
step 1044 | acc=0.7680 | NZ=  1116 | sparsity=0.4833 | d_m=7.3115e+03
step 1045 | acc=0.7680 | NZ=  1115 | sparsity=0.4838 | d_m=7.3015e+03
step 1046 | acc=0.7670 | NZ=  1114 | sparsity=0.4843 | d_m=7.3606e+03
step 1047 | acc=0.7680 | NZ=  1113 | sparsity=0.4847 | d_m=7.3783e+03
step 1048 | acc=0.7670 | NZ=  1112 | sparsity=0.4852 | d_m=7.4351e+03
step 1049 | acc=0.7650 | NZ=  1111 | sparsity=0.4856 | d_m=7.4842e+03
step 1050 | acc=0.7650 | NZ=  1110 | sparsity=0.4861 | d_m=7.5730e+03
step 1051 | acc=0.7640 | NZ=  1109 | sparsity=0.4866 | d_m=7.6104e+03
step 1052 | acc=0.7650 | NZ=  1108 | sparsity=0.4870 | d_m=7.6405e+03
step 1053 | acc=0.7660 | NZ=  1107 | sparsity=0.4875 | d_m=7.6700e+03
step 1054 | acc=0.7660 | NZ=  1106 | sparsity=0.4880 | d_m=7.6593e+03
step 1055 | acc=0.7660 | NZ=  1105 | sparsity=0.4884 | d_m=7.6795e+03
step 1056 | acc=0.7670 | NZ=  1104 | sparsity=0.4889 | d_m=7.7020e+03
step 1057 | acc=0.7670 | NZ=  1103 | sparsity=0.4894 | d_m=7.7408e+03
step 1058 | acc=0.7660 | NZ=  1102 | sparsity=0.4898 | d_m=7.7388e+03
step 1059 | acc=0.7660 | NZ=  1101 | sparsity=0.4903 | d_m=7.7436e+03
step 1060 | acc=0.7640 | NZ=  1100 | sparsity=0.4907 | d_m=7.8078e+03
step 1061 | acc=0.7650 | NZ=  1099 | sparsity=0.4912 | d_m=7.9078e+03
step 1062 | acc=0.7650 | NZ=  1098 | sparsity=0.4917 | d_m=7.9410e+03
step 1063 | acc=0.7650 | NZ=  1097 | sparsity=0.4921 | d_m=7.9995e+03
step 1064 | acc=0.7650 | NZ=  1096 | sparsity=0.4926 | d_m=8.0830e+03
step 1065 | acc=0.7660 | NZ=  1095 | sparsity=0.4931 | d_m=8.1585e+03
step 1066 | acc=0.7650 | NZ=  1094 | sparsity=0.4935 | d_m=8.2184e+03
step 1067 | acc=0.7650 | NZ=  1093 | sparsity=0.4940 | d_m=8.1692e+03
step 1068 | acc=0.7650 | NZ=  1092 | sparsity=0.4944 | d_m=8.2574e+03
step 1069 | acc=0.7660 | NZ=  1091 | sparsity=0.4949 | d_m=8.3244e+03
step 1070 | acc=0.7660 | NZ=  1090 | sparsity=0.4954 | d_m=8.3447e+03
step 1071 | acc=0.7660 | NZ=  1089 | sparsity=0.4958 | d_m=8.3747e+03
step 1072 | acc=0.7660 | NZ=  1088 | sparsity=0.4963 | d_m=8.4312e+03
step 1073 | acc=0.7660 | NZ=  1087 | sparsity=0.4968 | d_m=8.4337e+03
step 1074 | acc=0.7660 | NZ=  1086 | sparsity=0.4972 | d_m=8.4655e+03
step 1075 | acc=0.7660 | NZ=  1085 | sparsity=0.4977 | d_m=8.5561e+03
step 1076 | acc=0.7660 | NZ=  1084 | sparsity=0.4981 | d_m=8.5508e+03
step 1077 | acc=0.7660 | NZ=  1083 | sparsity=0.4986 | d_m=8.5700e+03
step 1078 | acc=0.7660 | NZ=  1082 | sparsity=0.4991 | d_m=8.4946e+03
step 1079 | acc=0.7660 | NZ=  1081 | sparsity=0.4995 | d_m=8.5207e+03
step 1080 | acc=0.7660 | NZ=  1080 | sparsity=0.5000 | d_m=8.5012e+03
step 1081 | acc=0.7660 | NZ=  1079 | sparsity=0.5005 | d_m=8.4772e+03
step 1082 | acc=0.7650 | NZ=  1078 | sparsity=0.5009 | d_m=8.5016e+03
step 1083 | acc=0.7650 | NZ=  1077 | sparsity=0.5014 | d_m=8.5141e+03
step 1084 | acc=0.7660 | NZ=  1076 | sparsity=0.5019 | d_m=8.5437e+03
step 1085 | acc=0.7650 | NZ=  1075 | sparsity=0.5023 | d_m=8.6314e+03
step 1086 | acc=0.7660 | NZ=  1074 | sparsity=0.5028 | d_m=8.7307e+03
step 1087 | acc=0.7650 | NZ=  1073 | sparsity=0.5032 | d_m=8.7615e+03
step 1088 | acc=0.7660 | NZ=  1072 | sparsity=0.5037 | d_m=8.7854e+03
step 1089 | acc=0.7660 | NZ=  1071 | sparsity=0.5042 | d_m=8.7786e+03
step 1090 | acc=0.7650 | NZ=  1070 | sparsity=0.5046 | d_m=8.7627e+03
step 1091 | acc=0.7650 | NZ=  1069 | sparsity=0.5051 | d_m=8.8397e+03
step 1092 | acc=0.7650 | NZ=  1068 | sparsity=0.5056 | d_m=8.8763e+03
step 1093 | acc=0.7650 | NZ=  1067 | sparsity=0.5060 | d_m=8.9078e+03
step 1094 | acc=0.7650 | NZ=  1066 | sparsity=0.5065 | d_m=8.9259e+03
step 1095 | acc=0.7640 | NZ=  1065 | sparsity=0.5069 | d_m=8.9448e+03
step 1096 | acc=0.7640 | NZ=  1064 | sparsity=0.5074 | d_m=8.9600e+03
step 1097 | acc=0.7640 | NZ=  1063 | sparsity=0.5079 | d_m=9.0355e+03
step 1098 | acc=0.7640 | NZ=  1062 | sparsity=0.5083 | d_m=9.0830e+03
step 1099 | acc=0.7640 | NZ=  1061 | sparsity=0.5088 | d_m=9.0939e+03
step 1100 | acc=0.7630 | NZ=  1060 | sparsity=0.5093 | d_m=9.0285e+03
step 1101 | acc=0.7640 | NZ=  1059 | sparsity=0.5097 | d_m=9.0664e+03
step 1102 | acc=0.7650 | NZ=  1058 | sparsity=0.5102 | d_m=9.0774e+03
step 1103 | acc=0.7640 | NZ=  1057 | sparsity=0.5106 | d_m=9.1573e+03
step 1104 | acc=0.7650 | NZ=  1056 | sparsity=0.5111 | d_m=9.2419e+03
step 1105 | acc=0.7670 | NZ=  1055 | sparsity=0.5116 | d_m=9.2716e+03
step 1106 | acc=0.7670 | NZ=  1054 | sparsity=0.5120 | d_m=9.3246e+03
step 1107 | acc=0.7680 | NZ=  1053 | sparsity=0.5125 | d_m=9.3269e+03
step 1108 | acc=0.7670 | NZ=  1052 | sparsity=0.5130 | d_m=9.3228e+03
step 1109 | acc=0.7670 | NZ=  1051 | sparsity=0.5134 | d_m=9.3689e+03
step 1110 | acc=0.7650 | NZ=  1050 | sparsity=0.5139 | d_m=9.4426e+03
step 1111 | acc=0.7630 | NZ=  1049 | sparsity=0.5144 | d_m=9.5401e+03
step 1112 | acc=0.7640 | NZ=  1048 | sparsity=0.5148 | d_m=9.5762e+03
step 1113 | acc=0.7650 | NZ=  1047 | sparsity=0.5153 | d_m=9.6158e+03
step 1114 | acc=0.7650 | NZ=  1046 | sparsity=0.5157 | d_m=9.6550e+03
step 1115 | acc=0.7670 | NZ=  1045 | sparsity=0.5162 | d_m=9.6879e+03
step 1116 | acc=0.7680 | NZ=  1044 | sparsity=0.5167 | d_m=9.6062e+03
step 1117 | acc=0.7680 | NZ=  1043 | sparsity=0.5171 | d_m=9.6853e+03
step 1118 | acc=0.7660 | NZ=  1042 | sparsity=0.5176 | d_m=9.7480e+03
step 1119 | acc=0.7660 | NZ=  1041 | sparsity=0.5181 | d_m=9.8457e+03
step 1120 | acc=0.7660 | NZ=  1040 | sparsity=0.5185 | d_m=9.8964e+03
step 1121 | acc=0.7640 | NZ=  1039 | sparsity=0.5190 | d_m=9.9058e+03
step 1122 | acc=0.7650 | NZ=  1038 | sparsity=0.5194 | d_m=9.9598e+03
step 1123 | acc=0.7660 | NZ=  1037 | sparsity=0.5199 | d_m=1.0009e+04
step 1124 | acc=0.7640 | NZ=  1036 | sparsity=0.5204 | d_m=1.0074e+04
step 1125 | acc=0.7650 | NZ=  1035 | sparsity=0.5208 | d_m=1.0092e+04
step 1126 | acc=0.7660 | NZ=  1034 | sparsity=0.5213 | d_m=1.0123e+04
step 1127 | acc=0.7660 | NZ=  1033 | sparsity=0.5218 | d_m=1.0126e+04
step 1128 | acc=0.7650 | NZ=  1032 | sparsity=0.5222 | d_m=1.0226e+04
step 1129 | acc=0.7640 | NZ=  1031 | sparsity=0.5227 | d_m=1.0260e+04
step 1130 | acc=0.7640 | NZ=  1030 | sparsity=0.5231 | d_m=1.0347e+04
step 1131 | acc=0.7620 | NZ=  1029 | sparsity=0.5236 | d_m=1.0388e+04
step 1132 | acc=0.7600 | NZ=  1028 | sparsity=0.5241 | d_m=1.0506e+04
step 1133 | acc=0.7620 | NZ=  1027 | sparsity=0.5245 | d_m=1.0623e+04
step 1134 | acc=0.7620 | NZ=  1026 | sparsity=0.5250 | d_m=1.0725e+04
step 1135 | acc=0.7630 | NZ=  1025 | sparsity=0.5255 | d_m=1.0864e+04
step 1136 | acc=0.7640 | NZ=  1024 | sparsity=0.5259 | d_m=1.0908e+04
step 1137 | acc=0.7640 | NZ=  1023 | sparsity=0.5264 | d_m=1.0934e+04
step 1138 | acc=0.7650 | NZ=  1022 | sparsity=0.5269 | d_m=1.1052e+04
step 1139 | acc=0.7640 | NZ=  1021 | sparsity=0.5273 | d_m=1.1049e+04
step 1140 | acc=0.7640 | NZ=  1020 | sparsity=0.5278 | d_m=1.1135e+04
step 1141 | acc=0.7620 | NZ=  1019 | sparsity=0.5282 | d_m=1.1158e+04
step 1142 | acc=0.7640 | NZ=  1018 | sparsity=0.5287 | d_m=1.1258e+04
step 1143 | acc=0.7640 | NZ=  1017 | sparsity=0.5292 | d_m=1.1364e+04
step 1144 | acc=0.7600 | NZ=  1016 | sparsity=0.5296 | d_m=1.1483e+04
step 1145 | acc=0.7620 | NZ=  1015 | sparsity=0.5301 | d_m=1.1536e+04
step 1146 | acc=0.7610 | NZ=  1014 | sparsity=0.5306 | d_m=1.1620e+04
step 1147 | acc=0.7610 | NZ=  1013 | sparsity=0.5310 | d_m=1.1665e+04
step 1148 | acc=0.7600 | NZ=  1012 | sparsity=0.5315 | d_m=1.1708e+04
step 1149 | acc=0.7620 | NZ=  1011 | sparsity=0.5319 | d_m=1.1758e+04
step 1150 | acc=0.7630 | NZ=  1010 | sparsity=0.5324 | d_m=1.1744e+04
step 1151 | acc=0.7620 | NZ=  1009 | sparsity=0.5329 | d_m=1.1881e+04
step 1152 | acc=0.7570 | NZ=  1008 | sparsity=0.5333 | d_m=1.1990e+04
step 1153 | acc=0.7570 | NZ=  1007 | sparsity=0.5338 | d_m=1.2122e+04
step 1154 | acc=0.7520 | NZ=  1006 | sparsity=0.5343 | d_m=1.2205e+04
step 1155 | acc=0.7540 | NZ=  1005 | sparsity=0.5347 | d_m=1.2323e+04
step 1156 | acc=0.7560 | NZ=  1004 | sparsity=0.5352 | d_m=1.2315e+04
step 1157 | acc=0.7550 | NZ=  1003 | sparsity=0.5356 | d_m=1.2458e+04
step 1158 | acc=0.7560 | NZ=  1002 | sparsity=0.5361 | d_m=1.2493e+04
step 1159 | acc=0.7540 | NZ=  1001 | sparsity=0.5366 | d_m=1.2613e+04
step 1160 | acc=0.7530 | NZ=  1000 | sparsity=0.5370 | d_m=1.2706e+04
step 1161 | acc=0.7540 | NZ=   999 | sparsity=0.5375 | d_m=1.2860e+04
step 1162 | acc=0.7520 | NZ=   998 | sparsity=0.5380 | d_m=1.2961e+04
step 1163 | acc=0.7520 | NZ=   997 | sparsity=0.5384 | d_m=1.3092e+04
step 1164 | acc=0.7520 | NZ=   996 | sparsity=0.5389 | d_m=1.3140e+04
step 1165 | acc=0.7500 | NZ=   995 | sparsity=0.5394 | d_m=1.3206e+04
step 1166 | acc=0.7510 | NZ=   994 | sparsity=0.5398 | d_m=1.3107e+04
step 1167 | acc=0.7490 | NZ=   993 | sparsity=0.5403 | d_m=1.3177e+04
step 1168 | acc=0.7500 | NZ=   992 | sparsity=0.5407 | d_m=1.3284e+04
step 1169 | acc=0.7470 | NZ=   991 | sparsity=0.5412 | d_m=1.3319e+04
step 1170 | acc=0.7460 | NZ=   990 | sparsity=0.5417 | d_m=1.3316e+04
step 1171 | acc=0.7470 | NZ=   989 | sparsity=0.5421 | d_m=1.3334e+04
step 1172 | acc=0.7480 | NZ=   988 | sparsity=0.5426 | d_m=1.3366e+04
step 1173 | acc=0.7470 | NZ=   987 | sparsity=0.5431 | d_m=1.3348e+04
step 1174 | acc=0.7460 | NZ=   986 | sparsity=0.5435 | d_m=1.3349e+04
step 1175 | acc=0.7450 | NZ=   985 | sparsity=0.5440 | d_m=1.3468e+04
step 1176 | acc=0.7450 | NZ=   984 | sparsity=0.5444 | d_m=1.3526e+04
step 1177 | acc=0.7440 | NZ=   983 | sparsity=0.5449 | d_m=1.3540e+04
step 1178 | acc=0.7450 | NZ=   982 | sparsity=0.5454 | d_m=1.3547e+04
step 1179 | acc=0.7430 | NZ=   981 | sparsity=0.5458 | d_m=1.3659e+04
step 1180 | acc=0.7430 | NZ=   980 | sparsity=0.5463 | d_m=1.3789e+04
step 1181 | acc=0.7430 | NZ=   979 | sparsity=0.5468 | d_m=1.3814e+04
step 1182 | acc=0.7440 | NZ=   978 | sparsity=0.5472 | d_m=1.3853e+04
step 1183 | acc=0.7450 | NZ=   977 | sparsity=0.5477 | d_m=1.3990e+04
step 1184 | acc=0.7470 | NZ=   976 | sparsity=0.5481 | d_m=1.4108e+04
step 1185 | acc=0.7460 | NZ=   975 | sparsity=0.5486 | d_m=1.4197e+04
step 1186 | acc=0.7460 | NZ=   974 | sparsity=0.5491 | d_m=1.4199e+04
step 1187 | acc=0.7430 | NZ=   973 | sparsity=0.5495 | d_m=1.4302e+04
step 1188 | acc=0.7430 | NZ=   972 | sparsity=0.5500 | d_m=1.4363e+04
step 1189 | acc=0.7430 | NZ=   971 | sparsity=0.5505 | d_m=1.4248e+04
step 1190 | acc=0.7440 | NZ=   970 | sparsity=0.5509 | d_m=1.4220e+04
step 1191 | acc=0.7430 | NZ=   969 | sparsity=0.5514 | d_m=1.4209e+04
step 1192 | acc=0.7510 | NZ=   968 | sparsity=0.5519 | d_m=1.4370e+04
step 1193 | acc=0.7490 | NZ=   967 | sparsity=0.5523 | d_m=1.4355e+04
step 1194 | acc=0.7480 | NZ=   966 | sparsity=0.5528 | d_m=1.4218e+04
step 1195 | acc=0.7480 | NZ=   965 | sparsity=0.5532 | d_m=1.4343e+04
step 1196 | acc=0.7480 | NZ=   964 | sparsity=0.5537 | d_m=1.4502e+04
step 1197 | acc=0.7480 | NZ=   963 | sparsity=0.5542 | d_m=1.4532e+04
step 1198 | acc=0.7460 | NZ=   962 | sparsity=0.5546 | d_m=1.4584e+04
step 1199 | acc=0.7470 | NZ=   961 | sparsity=0.5551 | d_m=1.4734e+04
step 1200 | acc=0.7450 | NZ=   960 | sparsity=0.5556 | d_m=1.4817e+04
step 1201 | acc=0.7470 | NZ=   959 | sparsity=0.5560 | d_m=1.4924e+04
step 1202 | acc=0.7460 | NZ=   958 | sparsity=0.5565 | d_m=1.5064e+04
step 1203 | acc=0.7470 | NZ=   957 | sparsity=0.5569 | d_m=1.5119e+04
step 1204 | acc=0.7470 | NZ=   956 | sparsity=0.5574 | d_m=1.5209e+04
step 1205 | acc=0.7480 | NZ=   955 | sparsity=0.5579 | d_m=1.5218e+04
step 1206 | acc=0.7510 | NZ=   954 | sparsity=0.5583 | d_m=1.5346e+04
step 1207 | acc=0.7500 | NZ=   953 | sparsity=0.5588 | d_m=1.5502e+04
step 1208 | acc=0.7490 | NZ=   952 | sparsity=0.5593 | d_m=1.5457e+04
step 1209 | acc=0.7470 | NZ=   951 | sparsity=0.5597 | d_m=1.5650e+04
step 1210 | acc=0.7460 | NZ=   950 | sparsity=0.5602 | d_m=1.5830e+04
step 1211 | acc=0.7450 | NZ=   949 | sparsity=0.5606 | d_m=1.5976e+04
step 1212 | acc=0.7470 | NZ=   948 | sparsity=0.5611 | d_m=1.6127e+04
step 1213 | acc=0.7460 | NZ=   947 | sparsity=0.5616 | d_m=1.6315e+04
step 1214 | acc=0.7470 | NZ=   946 | sparsity=0.5620 | d_m=1.6470e+04
step 1215 | acc=0.7460 | NZ=   945 | sparsity=0.5625 | d_m=1.6523e+04
step 1216 | acc=0.7480 | NZ=   944 | sparsity=0.5630 | d_m=1.6646e+04
step 1217 | acc=0.7490 | NZ=   943 | sparsity=0.5634 | d_m=1.6667e+04
step 1218 | acc=0.7470 | NZ=   942 | sparsity=0.5639 | d_m=1.6835e+04
step 1219 | acc=0.7480 | NZ=   941 | sparsity=0.5644 | d_m=1.6881e+04
step 1220 | acc=0.7510 | NZ=   940 | sparsity=0.5648 | d_m=1.6848e+04
step 1221 | acc=0.7500 | NZ=   939 | sparsity=0.5653 | d_m=1.6905e+04
step 1222 | acc=0.7510 | NZ=   938 | sparsity=0.5657 | d_m=1.7061e+04
step 1223 | acc=0.7510 | NZ=   937 | sparsity=0.5662 | d_m=1.7209e+04
step 1224 | acc=0.7460 | NZ=   936 | sparsity=0.5667 | d_m=1.7292e+04
step 1225 | acc=0.7480 | NZ=   935 | sparsity=0.5671 | d_m=1.7363e+04
step 1226 | acc=0.7450 | NZ=   934 | sparsity=0.5676 | d_m=1.7322e+04
step 1227 | acc=0.7490 | NZ=   933 | sparsity=0.5681 | d_m=1.7373e+04
step 1228 | acc=0.7470 | NZ=   932 | sparsity=0.5685 | d_m=1.7475e+04
step 1229 | acc=0.7480 | NZ=   931 | sparsity=0.5690 | d_m=1.7658e+04
step 1230 | acc=0.7460 | NZ=   930 | sparsity=0.5694 | d_m=1.7676e+04
step 1231 | acc=0.7470 | NZ=   929 | sparsity=0.5699 | d_m=1.7749e+04
step 1232 | acc=0.7430 | NZ=   928 | sparsity=0.5704 | d_m=1.7880e+04
step 1233 | acc=0.7480 | NZ=   927 | sparsity=0.5708 | d_m=1.8032e+04
step 1234 | acc=0.7430 | NZ=   926 | sparsity=0.5713 | d_m=1.8231e+04
step 1235 | acc=0.7450 | NZ=   925 | sparsity=0.5718 | d_m=1.8366e+04
step 1236 | acc=0.7420 | NZ=   924 | sparsity=0.5722 | d_m=1.8472e+04
step 1237 | acc=0.7410 | NZ=   923 | sparsity=0.5727 | d_m=1.8539e+04
step 1238 | acc=0.7450 | NZ=   922 | sparsity=0.5731 | d_m=1.8428e+04
step 1239 | acc=0.7440 | NZ=   921 | sparsity=0.5736 | d_m=1.8594e+04
step 1240 | acc=0.7420 | NZ=   920 | sparsity=0.5741 | d_m=1.8797e+04
step 1241 | acc=0.7420 | NZ=   919 | sparsity=0.5745 | d_m=1.8980e+04
step 1242 | acc=0.7470 | NZ=   918 | sparsity=0.5750 | d_m=1.9164e+04
step 1243 | acc=0.7470 | NZ=   917 | sparsity=0.5755 | d_m=1.9343e+04
step 1244 | acc=0.7480 | NZ=   916 | sparsity=0.5759 | d_m=1.9515e+04
step 1245 | acc=0.7490 | NZ=   915 | sparsity=0.5764 | d_m=1.9699e+04
step 1246 | acc=0.7510 | NZ=   914 | sparsity=0.5769 | d_m=1.9748e+04
step 1247 | acc=0.7500 | NZ=   913 | sparsity=0.5773 | d_m=1.9930e+04
step 1248 | acc=0.7480 | NZ=   912 | sparsity=0.5778 | d_m=2.0156e+04
step 1249 | acc=0.7500 | NZ=   911 | sparsity=0.5782 | d_m=2.0336e+04
step 1250 | acc=0.7510 | NZ=   910 | sparsity=0.5787 | d_m=2.0430e+04
step 1251 | acc=0.7520 | NZ=   909 | sparsity=0.5792 | d_m=2.0656e+04
step 1252 | acc=0.7510 | NZ=   908 | sparsity=0.5796 | d_m=2.0798e+04
step 1253 | acc=0.7510 | NZ=   907 | sparsity=0.5801 | d_m=2.0790e+04
step 1254 | acc=0.7510 | NZ=   906 | sparsity=0.5806 | d_m=2.0967e+04
step 1255 | acc=0.7420 | NZ=   905 | sparsity=0.5810 | d_m=2.1828e+04
step 1256 | acc=0.7430 | NZ=   904 | sparsity=0.5815 | d_m=2.1921e+04
step 1257 | acc=0.7430 | NZ=   903 | sparsity=0.5819 | d_m=2.2078e+04
step 1258 | acc=0.7420 | NZ=   902 | sparsity=0.5824 | d_m=2.2063e+04
step 1259 | acc=0.7430 | NZ=   901 | sparsity=0.5829 | d_m=2.2159e+04
step 1260 | acc=0.7440 | NZ=   900 | sparsity=0.5833 | d_m=2.2336e+04
step 1261 | acc=0.7420 | NZ=   899 | sparsity=0.5838 | d_m=2.2306e+04
step 1262 | acc=0.7410 | NZ=   898 | sparsity=0.5843 | d_m=2.2408e+04
step 1263 | acc=0.7420 | NZ=   897 | sparsity=0.5847 | d_m=2.2326e+04
step 1264 | acc=0.7410 | NZ=   896 | sparsity=0.5852 | d_m=2.2266e+04
step 1265 | acc=0.7390 | NZ=   895 | sparsity=0.5856 | d_m=2.2475e+04
step 1266 | acc=0.7400 | NZ=   894 | sparsity=0.5861 | d_m=2.2560e+04
step 1267 | acc=0.7410 | NZ=   893 | sparsity=0.5866 | d_m=2.2473e+04
step 1268 | acc=0.7400 | NZ=   892 | sparsity=0.5870 | d_m=2.2595e+04
step 1269 | acc=0.7410 | NZ=   891 | sparsity=0.5875 | d_m=2.2607e+04
step 1270 | acc=0.7410 | NZ=   890 | sparsity=0.5880 | d_m=2.2747e+04
step 1271 | acc=0.7390 | NZ=   889 | sparsity=0.5884 | d_m=2.2744e+04
step 1272 | acc=0.7420 | NZ=   888 | sparsity=0.5889 | d_m=2.2868e+04
step 1273 | acc=0.7400 | NZ=   887 | sparsity=0.5894 | d_m=2.2851e+04
step 1274 | acc=0.7400 | NZ=   886 | sparsity=0.5898 | d_m=2.2796e+04
step 1275 | acc=0.7420 | NZ=   885 | sparsity=0.5903 | d_m=2.2881e+04
step 1276 | acc=0.7430 | NZ=   884 | sparsity=0.5907 | d_m=2.2723e+04
step 1277 | acc=0.7420 | NZ=   883 | sparsity=0.5912 | d_m=2.2867e+04
step 1278 | acc=0.7460 | NZ=   882 | sparsity=0.5917 | d_m=2.3092e+04
step 1279 | acc=0.7470 | NZ=   881 | sparsity=0.5921 | d_m=2.3297e+04
step 1280 | acc=0.7480 | NZ=   880 | sparsity=0.5926 | d_m=2.3409e+04
step 1281 | acc=0.7460 | NZ=   879 | sparsity=0.5931 | d_m=2.3567e+04
step 1282 | acc=0.7460 | NZ=   878 | sparsity=0.5935 | d_m=2.3835e+04
step 1283 | acc=0.7430 | NZ=   877 | sparsity=0.5940 | d_m=2.4003e+04
step 1284 | acc=0.7430 | NZ=   876 | sparsity=0.5944 | d_m=2.4057e+04
step 1285 | acc=0.7450 | NZ=   875 | sparsity=0.5949 | d_m=2.3892e+04
step 1286 | acc=0.7440 | NZ=   874 | sparsity=0.5954 | d_m=2.4023e+04
step 1287 | acc=0.7460 | NZ=   873 | sparsity=0.5958 | d_m=2.4206e+04
step 1288 | acc=0.7470 | NZ=   872 | sparsity=0.5963 | d_m=2.4202e+04
step 1289 | acc=0.7450 | NZ=   871 | sparsity=0.5968 | d_m=2.4393e+04
step 1290 | acc=0.7430 | NZ=   870 | sparsity=0.5972 | d_m=2.4601e+04
step 1291 | acc=0.7330 | NZ=   869 | sparsity=0.5977 | d_m=2.5326e+04
step 1292 | acc=0.7360 | NZ=   868 | sparsity=0.5981 | d_m=2.5330e+04
step 1293 | acc=0.7390 | NZ=   867 | sparsity=0.5986 | d_m=2.5471e+04
step 1294 | acc=0.7400 | NZ=   866 | sparsity=0.5991 | d_m=2.5397e+04
step 1295 | acc=0.7380 | NZ=   865 | sparsity=0.5995 | d_m=2.5243e+04
step 1296 | acc=0.7370 | NZ=   864 | sparsity=0.6000 | d_m=2.5396e+04
step 1297 | acc=0.7350 | NZ=   863 | sparsity=0.6005 | d_m=2.5490e+04
step 1298 | acc=0.7380 | NZ=   862 | sparsity=0.6009 | d_m=2.5720e+04
step 1299 | acc=0.7380 | NZ=   861 | sparsity=0.6014 | d_m=2.5792e+04
step 1300 | acc=0.7380 | NZ=   860 | sparsity=0.6019 | d_m=2.6063e+04
step 1301 | acc=0.7360 | NZ=   859 | sparsity=0.6023 | d_m=2.6316e+04
step 1302 | acc=0.7400 | NZ=   858 | sparsity=0.6028 | d_m=2.6375e+04
step 1303 | acc=0.7410 | NZ=   857 | sparsity=0.6032 | d_m=2.6618e+04
step 1304 | acc=0.7410 | NZ=   856 | sparsity=0.6037 | d_m=2.6892e+04
step 1305 | acc=0.7410 | NZ=   855 | sparsity=0.6042 | d_m=2.7141e+04
step 1306 | acc=0.7400 | NZ=   854 | sparsity=0.6046 | d_m=2.7272e+04
step 1307 | acc=0.7410 | NZ=   853 | sparsity=0.6051 | d_m=2.7479e+04
step 1308 | acc=0.7400 | NZ=   852 | sparsity=0.6056 | d_m=2.7483e+04
step 1309 | acc=0.7400 | NZ=   851 | sparsity=0.6060 | d_m=2.7359e+04
step 1310 | acc=0.7390 | NZ=   850 | sparsity=0.6065 | d_m=2.7344e+04
step 1311 | acc=0.7400 | NZ=   849 | sparsity=0.6069 | d_m=2.7506e+04
step 1312 | acc=0.7410 | NZ=   848 | sparsity=0.6074 | d_m=2.7539e+04
step 1313 | acc=0.7410 | NZ=   847 | sparsity=0.6079 | d_m=2.7493e+04
step 1314 | acc=0.7400 | NZ=   846 | sparsity=0.6083 | d_m=2.7623e+04
step 1315 | acc=0.7360 | NZ=   845 | sparsity=0.6088 | d_m=2.7906e+04
step 1316 | acc=0.7370 | NZ=   844 | sparsity=0.6093 | d_m=2.8143e+04
step 1317 | acc=0.7380 | NZ=   843 | sparsity=0.6097 | d_m=2.8414e+04
step 1318 | acc=0.7350 | NZ=   842 | sparsity=0.6102 | d_m=2.8562e+04
step 1319 | acc=0.7370 | NZ=   841 | sparsity=0.6106 | d_m=2.8738e+04
step 1320 | acc=0.7360 | NZ=   840 | sparsity=0.6111 | d_m=2.8984e+04
step 1321 | acc=0.7390 | NZ=   839 | sparsity=0.6116 | d_m=2.9183e+04
step 1322 | acc=0.7380 | NZ=   838 | sparsity=0.6120 | d_m=2.9066e+04
step 1323 | acc=0.7380 | NZ=   837 | sparsity=0.6125 | d_m=2.9152e+04
step 1324 | acc=0.7370 | NZ=   836 | sparsity=0.6130 | d_m=2.9119e+04
step 1325 | acc=0.7370 | NZ=   835 | sparsity=0.6134 | d_m=2.9158e+04
step 1326 | acc=0.7390 | NZ=   834 | sparsity=0.6139 | d_m=2.9418e+04
step 1327 | acc=0.7400 | NZ=   833 | sparsity=0.6144 | d_m=2.9541e+04
step 1328 | acc=0.7400 | NZ=   832 | sparsity=0.6148 | d_m=2.9542e+04
step 1329 | acc=0.7370 | NZ=   831 | sparsity=0.6153 | d_m=2.9417e+04
step 1330 | acc=0.7370 | NZ=   830 | sparsity=0.6157 | d_m=2.9489e+04
step 1331 | acc=0.7360 | NZ=   829 | sparsity=0.6162 | d_m=2.9657e+04
step 1332 | acc=0.7360 | NZ=   828 | sparsity=0.6167 | d_m=2.9891e+04
step 1333 | acc=0.7360 | NZ=   827 | sparsity=0.6171 | d_m=3.0214e+04
step 1334 | acc=0.7380 | NZ=   826 | sparsity=0.6176 | d_m=3.0342e+04
step 1335 | acc=0.7380 | NZ=   825 | sparsity=0.6181 | d_m=3.0595e+04
step 1336 | acc=0.7370 | NZ=   824 | sparsity=0.6185 | d_m=3.0649e+04
step 1337 | acc=0.7380 | NZ=   823 | sparsity=0.6190 | d_m=3.0686e+04
step 1338 | acc=0.7390 | NZ=   822 | sparsity=0.6194 | d_m=3.1019e+04
step 1339 | acc=0.7410 | NZ=   821 | sparsity=0.6199 | d_m=3.1325e+04
step 1340 | acc=0.7390 | NZ=   820 | sparsity=0.6204 | d_m=3.1552e+04
step 1341 | acc=0.7400 | NZ=   819 | sparsity=0.6208 | d_m=3.1894e+04
step 1342 | acc=0.7400 | NZ=   818 | sparsity=0.6213 | d_m=3.2031e+04
step 1343 | acc=0.7390 | NZ=   817 | sparsity=0.6218 | d_m=3.1920e+04
step 1344 | acc=0.7390 | NZ=   816 | sparsity=0.6222 | d_m=3.2202e+04
step 1345 | acc=0.7390 | NZ=   815 | sparsity=0.6227 | d_m=3.2276e+04
step 1346 | acc=0.7390 | NZ=   814 | sparsity=0.6231 | d_m=3.2299e+04
step 1347 | acc=0.7400 | NZ=   813 | sparsity=0.6236 | d_m=3.2626e+04
step 1348 | acc=0.7390 | NZ=   812 | sparsity=0.6241 | d_m=3.2937e+04
step 1349 | acc=0.7370 | NZ=   811 | sparsity=0.6245 | d_m=3.3326e+04
step 1350 | acc=0.7340 | NZ=   810 | sparsity=0.6250 | d_m=3.3557e+04
step 1351 | acc=0.7380 | NZ=   809 | sparsity=0.6255 | d_m=3.3935e+04
step 1352 | acc=0.7370 | NZ=   808 | sparsity=0.6259 | d_m=3.4019e+04
step 1353 | acc=0.7370 | NZ=   807 | sparsity=0.6264 | d_m=3.3979e+04
step 1354 | acc=0.7370 | NZ=   806 | sparsity=0.6269 | d_m=3.4307e+04
step 1355 | acc=0.7340 | NZ=   805 | sparsity=0.6273 | d_m=3.4418e+04
step 1356 | acc=0.7350 | NZ=   804 | sparsity=0.6278 | d_m=3.4638e+04
step 1357 | acc=0.7310 | NZ=   803 | sparsity=0.6282 | d_m=3.4756e+04
step 1358 | acc=0.7340 | NZ=   802 | sparsity=0.6287 | d_m=3.5099e+04
step 1359 | acc=0.7330 | NZ=   801 | sparsity=0.6292 | d_m=3.5146e+04
step 1360 | acc=0.7330 | NZ=   800 | sparsity=0.6296 | d_m=3.5436e+04
step 1361 | acc=0.7330 | NZ=   799 | sparsity=0.6301 | d_m=3.5810e+04
step 1362 | acc=0.7320 | NZ=   798 | sparsity=0.6306 | d_m=3.5948e+04
step 1363 | acc=0.7320 | NZ=   797 | sparsity=0.6310 | d_m=3.5982e+04
step 1364 | acc=0.7320 | NZ=   796 | sparsity=0.6315 | d_m=3.6229e+04
step 1365 | acc=0.7310 | NZ=   795 | sparsity=0.6319 | d_m=3.6398e+04
step 1366 | acc=0.7300 | NZ=   794 | sparsity=0.6324 | d_m=3.6392e+04
step 1367 | acc=0.7280 | NZ=   793 | sparsity=0.6329 | d_m=3.6357e+04
step 1368 | acc=0.7280 | NZ=   792 | sparsity=0.6333 | d_m=3.6526e+04
step 1369 | acc=0.7300 | NZ=   791 | sparsity=0.6338 | d_m=3.6749e+04
step 1370 | acc=0.7290 | NZ=   790 | sparsity=0.6343 | d_m=3.6925e+04
step 1371 | acc=0.7300 | NZ=   789 | sparsity=0.6347 | d_m=3.6922e+04
step 1372 | acc=0.7270 | NZ=   788 | sparsity=0.6352 | d_m=3.7144e+04
step 1373 | acc=0.7520 | NZ=   787 | sparsity=0.6356 | d_m=3.8293e+04
step 1374 | acc=0.7490 | NZ=   786 | sparsity=0.6361 | d_m=3.8395e+04
step 1375 | acc=0.7510 | NZ=   785 | sparsity=0.6366 | d_m=3.8322e+04
step 1376 | acc=0.7500 | NZ=   784 | sparsity=0.6370 | d_m=3.8465e+04
step 1377 | acc=0.7500 | NZ=   783 | sparsity=0.6375 | d_m=3.8581e+04
step 1378 | acc=0.7520 | NZ=   782 | sparsity=0.6380 | d_m=3.8284e+04
step 1379 | acc=0.7460 | NZ=   781 | sparsity=0.6384 | d_m=3.8304e+04
step 1380 | acc=0.7460 | NZ=   780 | sparsity=0.6389 | d_m=3.8211e+04
step 1381 | acc=0.7450 | NZ=   779 | sparsity=0.6394 | d_m=3.8366e+04
step 1382 | acc=0.7440 | NZ=   778 | sparsity=0.6398 | d_m=3.8699e+04
step 1383 | acc=0.7430 | NZ=   777 | sparsity=0.6403 | d_m=3.8709e+04
step 1384 | acc=0.7440 | NZ=   776 | sparsity=0.6407 | d_m=3.8539e+04
step 1385 | acc=0.7450 | NZ=   775 | sparsity=0.6412 | d_m=3.8561e+04
step 1386 | acc=0.7460 | NZ=   774 | sparsity=0.6417 | d_m=3.8854e+04
step 1387 | acc=0.7470 | NZ=   773 | sparsity=0.6421 | d_m=3.9199e+04
step 1388 | acc=0.7430 | NZ=   772 | sparsity=0.6426 | d_m=3.9564e+04
step 1389 | acc=0.7450 | NZ=   771 | sparsity=0.6431 | d_m=3.9727e+04
step 1390 | acc=0.7450 | NZ=   770 | sparsity=0.6435 | d_m=3.9823e+04
step 1391 | acc=0.7440 | NZ=   769 | sparsity=0.6440 | d_m=4.0017e+04
step 1392 | acc=0.7430 | NZ=   768 | sparsity=0.6444 | d_m=3.9961e+04
step 1393 | acc=0.7420 | NZ=   767 | sparsity=0.6449 | d_m=4.0203e+04
step 1394 | acc=0.7400 | NZ=   766 | sparsity=0.6454 | d_m=4.0695e+04
step 1395 | acc=0.7430 | NZ=   765 | sparsity=0.6458 | d_m=4.0914e+04
step 1396 | acc=0.7390 | NZ=   764 | sparsity=0.6463 | d_m=4.1331e+04
step 1397 | acc=0.7390 | NZ=   763 | sparsity=0.6468 | d_m=4.1595e+04
step 1398 | acc=0.7390 | NZ=   762 | sparsity=0.6472 | d_m=4.1927e+04
step 1399 | acc=0.7380 | NZ=   761 | sparsity=0.6477 | d_m=4.2043e+04
step 1400 | acc=0.7390 | NZ=   760 | sparsity=0.6481 | d_m=4.2416e+04
step 1401 | acc=0.7400 | NZ=   759 | sparsity=0.6486 | d_m=4.2905e+04
step 1402 | acc=0.7410 | NZ=   758 | sparsity=0.6491 | d_m=4.3244e+04
step 1403 | acc=0.7390 | NZ=   757 | sparsity=0.6495 | d_m=4.3682e+04
step 1404 | acc=0.7380 | NZ=   756 | sparsity=0.6500 | d_m=4.4057e+04
step 1405 | acc=0.7400 | NZ=   755 | sparsity=0.6505 | d_m=4.4404e+04
step 1406 | acc=0.7390 | NZ=   754 | sparsity=0.6509 | d_m=4.4653e+04
step 1407 | acc=0.7400 | NZ=   753 | sparsity=0.6514 | d_m=4.4733e+04
step 1408 | acc=0.7410 | NZ=   752 | sparsity=0.6519 | d_m=4.4945e+04
step 1409 | acc=0.7420 | NZ=   751 | sparsity=0.6523 | d_m=4.5274e+04
step 1410 | acc=0.7420 | NZ=   750 | sparsity=0.6528 | d_m=4.5194e+04
step 1411 | acc=0.7410 | NZ=   749 | sparsity=0.6532 | d_m=4.5264e+04[supervise 18:52:01] launch [/home/simon/venv/general/bin/python3 -m sparsifier.sparsifier experiments/e25_stupidity_seed_1.json] (attempt 0/5)
<frozen runpy>:128: RuntimeWarning: 'sparsifier.sparsifier' found in sys.modules after import of package 'sparsifier', but prior to execution of 'sparsifier.sparsifier'; this may result in unpredictable behaviour
Load the parameters from the folder
Found 3 layers in /home/simon/repos/onnxmlir-pim-sparsify/artifacts/e25_stupidity_seed_1
Accuracy in validation: 0.9090
Total parameters: 2160
Perturbation distance (sanity check): 2.4720e+00
Starting sparsification loop
Found 3 layers in /home/simon/repos/onnxmlir-pim-sparsify/artifacts/e25_stupidity_seed_1/sparsified/checkpoints/step_1500
RESUME: sparsification from checkpoint step 1500 -> starting at step 1501
step 1501 | acc=0.7210 | NZ=   659 | sparsity=0.6949 | d_m=6.4408e+04
step 1502 | acc=0.7200 | NZ=   658 | sparsity=0.6954 | d_m=6.5089e+04
step 1503 | acc=0.7210 | NZ=   657 | sparsity=0.6958 | d_m=6.5839e+04
step 1504 | acc=0.7250 | NZ=   656 | sparsity=0.6963 | d_m=6.6255e+04
step 1505 | acc=0.7240 | NZ=   655 | sparsity=0.6968 | d_m=6.6821e+04
step 1506 | acc=0.7240 | NZ=   654 | sparsity=0.6972 | d_m=6.7064e+04
step 1507 | acc=0.7230 | NZ=   653 | sparsity=0.6977 | d_m=6.7847e+04
step 1508 | acc=0.7230 | NZ=   652 | sparsity=0.6981 | d_m=6.8362e+04
step 1509 | acc=0.7240 | NZ=   651 | sparsity=0.6986 | d_m=6.8444e+04
step 1510 | acc=0.7220 | NZ=   650 | sparsity=0.6991 | d_m=6.9006e+04
step 1511 | acc=0.7230 | NZ=   649 | sparsity=0.6995 | d_m=6.9097e+04
step 1512 | acc=0.7320 | NZ=   648 | sparsity=0.7000 | d_m=6.9231e+04
step 1513 | acc=0.7220 | NZ=   647 | sparsity=0.7005 | d_m=6.9393e+04
step 1514 | acc=0.7230 | NZ=   646 | sparsity=0.7009 | d_m=6.9681e+04
step 1515 | acc=0.7220 | NZ=   645 | sparsity=0.7014 | d_m=6.9569e+04
step 1516 | acc=0.7230 | NZ=   644 | sparsity=0.7019 | d_m=6.9955e+04
step 1517 | acc=0.7240 | NZ=   643 | sparsity=0.7023 | d_m=6.9939e+04
step 1518 | acc=0.7220 | NZ=   642 | sparsity=0.7028 | d_m=7.0664e+04
step 1519 | acc=0.7220 | NZ=   641 | sparsity=0.7032 | d_m=7.1413e+04
step 1520 | acc=0.7210 | NZ=   640 | sparsity=0.7037 | d_m=7.1668e+04
step 1521 | acc=0.7200 | NZ=   639 | sparsity=0.7042 | d_m=7.1833e+04
step 1522 | acc=0.7240 | NZ=   638 | sparsity=0.7046 | d_m=7.2223e+04
step 1523 | acc=0.7270 | NZ=   637 | sparsity=0.7051 | d_m=7.2408e+04
step 1524 | acc=0.7260 | NZ=   636 | sparsity=0.7056 | d_m=7.2481e+04
step 1525 | acc=0.7290 | NZ=   635 | sparsity=0.7060 | d_m=7.2928e+04
step 1526 | acc=0.7270 | NZ=   634 | sparsity=0.7065 | d_m=7.3041e+04
step 1527 | acc=0.7280 | NZ=   633 | sparsity=0.7069 | d_m=7.3501e+04
step 1528 | acc=0.7310 | NZ=   632 | sparsity=0.7074 | d_m=7.3529e+04
step 1529 | acc=0.7280 | NZ=   631 | sparsity=0.7079 | d_m=7.4133e+04
step 1530 | acc=0.7280 | NZ=   630 | sparsity=0.7083 | d_m=7.4020e+04
step 1531 | acc=0.7280 | NZ=   629 | sparsity=0.7088 | d_m=7.4509e+04
step 1532 | acc=0.7260 | NZ=   628 | sparsity=0.7093 | d_m=7.4670e+04
step 1533 | acc=0.7250 | NZ=   627 | sparsity=0.7097 | d_m=7.4740e+04
step 1534 | acc=0.7270 | NZ=   626 | sparsity=0.7102 | d_m=7.5405e+04
step 1535 | acc=0.7240 | NZ=   625 | sparsity=0.7106 | d_m=7.5544e+04
step 1536 | acc=0.7260 | NZ=   624 | sparsity=0.7111 | d_m=7.5498e+04
step 1537 | acc=0.7240 | NZ=   623 | sparsity=0.7116 | d_m=7.5808e+04
step 1538 | acc=0.7210 | NZ=   622 | sparsity=0.7120 | d_m=7.6347e+04
step 1539 | acc=0.7210 | NZ=   621 | sparsity=0.7125 | d_m=7.6265e+04
step 1540 | acc=0.7190 | NZ=   620 | sparsity=0.7130 | d_m=7.6335e+04
step 1541 | acc=0.7230 | NZ=   619 | sparsity=0.7134 | d_m=7.6242e+04
step 1542 | acc=0.7280 | NZ=   618 | sparsity=0.7139 | d_m=7.6548e+04
step 1543 | acc=0.7240 | NZ=   617 | sparsity=0.7144 | d_m=7.6640e+04
step 1544 | acc=0.7210 | NZ=   616 | sparsity=0.7148 | d_m=7.6478e+04
step 1545 | acc=0.7200 | NZ=   615 | sparsity=0.7153 | d_m=7.7232e+04
step 1546 | acc=0.7180 | NZ=   614 | sparsity=0.7157 | d_m=7.7937e+04
step 1547 | acc=0.7200 | NZ=   613 | sparsity=0.7162 | d_m=7.8351e+04
step 1548 | acc=0.7200 | NZ=   612 | sparsity=0.7167 | d_m=7.8204e+04
step 1549 | acc=0.7230 | NZ=   611 | sparsity=0.7171 | d_m=7.8625e+04
step 1550 | acc=0.7270 | NZ=   610 | sparsity=0.7176 | d_m=7.9028e+04
step 1551 | acc=0.7280 | NZ=   609 | sparsity=0.7181 | d_m=7.9106e+04
step 1552 | acc=0.7290 | NZ=   608 | sparsity=0.7185 | d_m=7.9364e+04
step 1553 | acc=0.7290 | NZ=   607 | sparsity=0.7190 | d_m=7.9016e+04
step 1554 | acc=0.7320 | NZ=   606 | sparsity=0.7194 | d_m=7.9291e+04
step 1555 | acc=0.7280 | NZ=   605 | sparsity=0.7199 | d_m=7.9306e+04
step 1556 | acc=0.7260 | NZ=   604 | sparsity=0.7204 | d_m=7.9732e+04
step 1557 | acc=0.7260 | NZ=   603 | sparsity=0.7208 | d_m=8.0114e+04
step 1558 | acc=0.7240 | NZ=   602 | sparsity=0.7213 | d_m=8.0258e+04
step 1559 | acc=0.7230 | NZ=   601 | sparsity=0.7218 | d_m=8.0842e+04
step 1560 | acc=0.7220 | NZ=   600 | sparsity=0.7222 | d_m=8.0918e+04
step 1561 | acc=0.7230 | NZ=   599 | sparsity=0.7227 | d_m=8.1081e+04
step 1562 | acc=0.7240 | NZ=   598 | sparsity=0.7231 | d_m=8.1571e+04
step 1563 | acc=0.7230 | NZ=   597 | sparsity=0.7236 | d_m=8.1707e+04
step 1564 | acc=0.7240 | NZ=   596 | sparsity=0.7241 | d_m=8.2380e+04
step 1565 | acc=0.7220 | NZ=   595 | sparsity=0.7245 | d_m=8.2582e+04
step 1566 | acc=0.7220 | NZ=   594 | sparsity=0.7250 | d_m=8.3387e+04
step 1567 | acc=0.7200 | NZ=   593 | sparsity=0.7255 | d_m=8.3705e+04
step 1568 | acc=0.7220 | NZ=   592 | sparsity=0.7259 | d_m=8.3584e+04
step 1569 | acc=0.7210 | NZ=   591 | sparsity=0.7264 | d_m=8.3697e+04
step 1570 | acc=0.7210 | NZ=   590 | sparsity=0.7269 | d_m=8.4074e+04
step 1571 | acc=0.7240 | NZ=   589 | sparsity=0.7273 | d_m=8.4509e+04
step 1572 | acc=0.7270 | NZ=   588 | sparsity=0.7278 | d_m=8.4425e+04
step 1573 | acc=0.7240 | NZ=   587 | sparsity=0.7282 | d_m=8.4450e+04
step 1574 | acc=0.7270 | NZ=   586 | sparsity=0.7287 | d_m=8.4752e+04
step 1575 | acc=0.7220 | NZ=   585 | sparsity=0.7292 | d_m=8.4712e+04
step 1576 | acc=0.7220 | NZ=   584 | sparsity=0.7296 | d_m=8.5357e+04
step 1577 | acc=0.7220 | NZ=   583 | sparsity=0.7301 | d_m=8.6106e+04
step 1578 | acc=0.7240 | NZ=   582 | sparsity=0.7306 | d_m=8.7018e+04
step 1579 | acc=0.7230 | NZ=   581 | sparsity=0.7310 | d_m=8.8031e+04
step 1580 | acc=0.7240 | NZ=   580 | sparsity=0.7315 | d_m=8.8901e+04
step 1581 | acc=0.7220 | NZ=   579 | sparsity=0.7319 | d_m=8.9656e+04
step 1582 | acc=0.7220 | NZ=   578 | sparsity=0.7324 | d_m=9.0084e+04
step 1583 | acc=0.7230 | NZ=   577 | sparsity=0.7329 | d_m=9.0703e+04
step 1584 | acc=0.7230 | NZ=   576 | sparsity=0.7333 | d_m=9.1027e+04
step 1585 | acc=0.7200 | NZ=   575 | sparsity=0.7338 | d_m=9.1479e+04
step 1586 | acc=0.7200 | NZ=   574 | sparsity=0.7343 | d_m=9.2535e+04
step 1587 | acc=0.7200 | NZ=   573 | sparsity=0.7347 | d_m=9.3156e+04
step 1588 | acc=0.7210 | NZ=   572 | sparsity=0.7352 | d_m=9.4089e+04
step 1589 | acc=0.7200 | NZ=   571 | sparsity=0.7356 | d_m=9.4754e+04
step 1590 | acc=0.7180 | NZ=   570 | sparsity=0.7361 | d_m=9.5040e+04
step 1591 | acc=0.7200 | NZ=   569 | sparsity=0.7366 | d_m=9.6021e+04
step 1592 | acc=0.7250 | NZ=   568 | sparsity=0.7370 | d_m=9.6813e+04
step 1593 | acc=0.7230 | NZ=   567 | sparsity=0.7375 | d_m=9.6960e+04
step 1594 | acc=0.7220 | NZ=   566 | sparsity=0.7380 | d_m=9.7550e+04
step 1595 | acc=0.7250 | NZ=   565 | sparsity=0.7384 | d_m=9.8092e+04
step 1596 | acc=0.7240 | NZ=   564 | sparsity=0.7389 | d_m=9.8446e+04
step 1597 | acc=0.7230 | NZ=   563 | sparsity=0.7394 | d_m=9.8855e+04
step 1598 | acc=0.7250 | NZ=   562 | sparsity=0.7398 | d_m=9.9049e+04
step 1599 | acc=0.7250 | NZ=   561 | sparsity=0.7403 | d_m=9.8929e+04
step 1600 | acc=0.7260 | NZ=   560 | sparsity=0.7407 | d_m=9.9450e+04
step 1601 | acc=0.7270 | NZ=   559 | sparsity=0.7412 | d_m=9.9884e+04
step 1602 | acc=0.7260 | NZ=   558 | sparsity=0.7417 | d_m=1.0030e+05
step 1603 | acc=0.7260 | NZ=   557 | sparsity=0.7421 | d_m=1.0055e+05
step 1604 | acc=0.7210 | NZ=   556 | sparsity=0.7426 | d_m=1.0029e+05
step 1605 | acc=0.7210 | NZ=   555 | sparsity=0.7431 | d_m=1.0071e+05
step 1606 | acc=0.7210 | NZ=   554 | sparsity=0.7435 | d_m=1.0174e+05
step 1607 | acc=0.7240 | NZ=   553 | sparsity=0.7440 | d_m=1.0250e+05
step 1608 | acc=0.7220 | NZ=   552 | sparsity=0.7444 | d_m=1.0259e+05
step 1609 | acc=0.7240 | NZ=   551 | sparsity=0.7449 | d_m=1.0372e+05
step 1610 | acc=0.7010 | NZ=   550 | sparsity=0.7454 | d_m=1.0689e+05
step 1611 | acc=0.7050 | NZ=   549 | sparsity=0.7458 | d_m=1.0778e+05
step 1612 | acc=0.7050 | NZ=   548 | sparsity=0.7463 | d_m=1.0789e+05
step 1613 | acc=0.7030 | NZ=   547 | sparsity=0.7468 | d_m=1.0787e+05
step 1614 | acc=0.7040 | NZ=   546 | sparsity=0.7472 | d_m=1.0821e+05
step 1615 | acc=0.7050 | NZ=   545 | sparsity=0.7477 | d_m=1.0787e+05
step 1616 | acc=0.7080 | NZ=   544 | sparsity=0.7481 | d_m=1.0765e+05
step 1617 | acc=0.7070 | NZ=   543 | sparsity=0.7486 | d_m=1.0779e+05
step 1618 | acc=0.7080 | NZ=   542 | sparsity=0.7491 | d_m=1.0845e+05
step 1619 | acc=0.7050 | NZ=   541 | sparsity=0.7495 | d_m=1.0895e+05
step 1620 | acc=0.7070 | NZ=   540 | sparsity=0.7500 | d_m=1.0971e+05
step 1621 | acc=0.7070 | NZ=   539 | sparsity=0.7505 | d_m=1.1043e+05
step 1622 | acc=0.7100 | NZ=   538 | sparsity=0.7509 | d_m=1.1128e+05
step 1623 | acc=0.7060 | NZ=   537 | sparsity=0.7514 | d_m=1.1186e+05
step 1624 | acc=0.7090 | NZ=   536 | sparsity=0.7519 | d_m=1.1266e+05
step 1625 | acc=0.7060 | NZ=   535 | sparsity=0.7523 | d_m=1.1295e+05
step 1626 | acc=0.7070 | NZ=   534 | sparsity=0.7528 | d_m=1.1310e+05
step 1627 | acc=0.7060 | NZ=   533 | sparsity=0.7532 | d_m=1.1322e+05
step 1628 | acc=0.7070 | NZ=   532 | sparsity=0.7537 | d_m=1.1452e+05
step 1629 | acc=0.7060 | NZ=   531 | sparsity=0.7542 | d_m=1.1495e+05
step 1630 | acc=0.7030 | NZ=   530 | sparsity=0.7546 | d_m=1.1494e+05
step 1631 | acc=0.7040 | NZ=   529 | sparsity=0.7551 | d_m=1.1528e+05
step 1632 | acc=0.6980 | NZ=   528 | sparsity=0.7556 | d_m=1.1572e+05
step 1633 | acc=0.7000 | NZ=   527 | sparsity=0.7560 | d_m=1.1554e+05
step 1634 | acc=0.7050 | NZ=   526 | sparsity=0.7565 | d_m=1.1561e+05
step 1635 | acc=0.7000 | NZ=   525 | sparsity=0.7569 | d_m=1.1656e+05
step 1636 | acc=0.7010 | NZ=   524 | sparsity=0.7574 | d_m=1.1712e+05
step 1637 | acc=0.6980 | NZ=   523 | sparsity=0.7579 | d_m=1.1781e+05
step 1638 | acc=0.7020 | NZ=   522 | sparsity=0.7583 | d_m=1.1796e+05
step 1639 | acc=0.7000 | NZ=   521 | sparsity=0.7588 | d_m=1.1869e+05
step 1640 | acc=0.7010 | NZ=   520 | sparsity=0.7593 | d_m=1.1932e+05
step 1641 | acc=0.7010 | NZ=   519 | sparsity=0.7597 | d_m=1.2060e+05
step 1642 | acc=0.7020 | NZ=   518 | sparsity=0.7602 | d_m=1.2159e+05
step 1643 | acc=0.7030 | NZ=   517 | sparsity=0.7606 | d_m=1.2202e+05
step 1644 | acc=0.6980 | NZ=   516 | sparsity=0.7611 | d_m=1.2187e+05
step 1645 | acc=0.6980 | NZ=   515 | sparsity=0.7616 | d_m=1.2255e+05
step 1646 | acc=0.7010 | NZ=   514 | sparsity=0.7620 | d_m=1.2393e+05
step 1647 | acc=0.7010 | NZ=   513 | sparsity=0.7625 | d_m=1.2403e+05
step 1648 | acc=0.7020 | NZ=   512 | sparsity=0.7630 | d_m=1.2453e+05
step 1649 | acc=0.7090 | NZ=   511 | sparsity=0.7634 | d_m=1.2524e+05
step 1650 | acc=0.7060 | NZ=   510 | sparsity=0.7639 | d_m=1.2549e+05
step 1651 | acc=0.7060 | NZ=   509 | sparsity=0.7644 | d_m=1.2597e+05
step 1652 | acc=0.7030 | NZ=   508 | sparsity=0.7648 | d_m=1.2713e+05
step 1653 | acc=0.7110 | NZ=   507 | sparsity=0.7653 | d_m=1.2854e+05
step 1654 | acc=0.7090 | NZ=   506 | sparsity=0.7657 | d_m=1.2936e+05
step 1655 | acc=0.7080 | NZ=   505 | sparsity=0.7662 | d_m=1.2919e+05
step 1656 | acc=0.7100 | NZ=   504 | sparsity=0.7667 | d_m=1.3080e+05
step 1657 | acc=0.7100 | NZ=   503 | sparsity=0.7671 | d_m=1.3058e+05
step 1658 | acc=0.7100 | NZ=   502 | sparsity=0.7676 | d_m=1.3075e+05
step 1659 | acc=0.7170 | NZ=   501 | sparsity=0.7681 | d_m=1.3054e+05
step 1660 | acc=0.7140 | NZ=   500 | sparsity=0.7685 | d_m=1.3140e+05
step 1661 | acc=0.7080 | NZ=   499 | sparsity=0.7690 | d_m=1.3220e+05
step 1662 | acc=0.7080 | NZ=   498 | sparsity=0.7694 | d_m=1.3257e+05
step 1663 | acc=0.7120 | NZ=   497 | sparsity=0.7699 | d_m=1.3317e+05
step 1664 | acc=0.7130 | NZ=   496 | sparsity=0.7704 | d_m=1.3473e+05
step 1665 | acc=0.7100 | NZ=   495 | sparsity=0.7708 | d_m=1.3508e+05
step 1666 | acc=0.7100 | NZ=   494 | sparsity=0.7713 | d_m=1.3624e+05
step 1667 | acc=0.7150 | NZ=   493 | sparsity=0.7718 | d_m=1.3675e+05
step 1668 | acc=0.7150 | NZ=   492 | sparsity=0.7722 | d_m=1.3672e+05
step 1669 | acc=0.7170 | NZ=   491 | sparsity=0.7727 | d_m=1.3738e+05
step 1670 | acc=0.7130 | NZ=   490 | sparsity=0.7731 | d_m=1.3695e+05
step 1671 | acc=0.7120 | NZ=   489 | sparsity=0.7736 | d_m=1.3759e+05
step 1672 | acc=0.7110 | NZ=   488 | sparsity=0.7741 | d_m=1.3826e+05
step 1673 | acc=0.7110 | NZ=   487 | sparsity=0.7745 | d_m=1.3897e+05
step 1674 | acc=0.7120 | NZ=   486 | sparsity=0.7750 | d_m=1.3865e+05
step 1675 | acc=0.7120 | NZ=   485 | sparsity=0.7755 | d_m=1.3946e+05
step 1676 | acc=0.7110 | NZ=   484 | sparsity=0.7759 | d_m=1.4016e+05
step 1677 | acc=0.7110 | NZ=   483 | sparsity=0.7764 | d_m=1.4158e+05
step 1678 | acc=0.7110 | NZ=   482 | sparsity=0.7769 | d_m=1.4286e+05
step 1679 | acc=0.7090 | NZ=   481 | sparsity=0.7773 | d_m=1.4445e+05
step 1680 | acc=0.7080 | NZ=   480 | sparsity=0.7778 | d_m=1.4447e+05
step 1681 | acc=0.7060 | NZ=   479 | sparsity=0.7782 | d_m=1.4551e+05
step 1682 | acc=0.7010 | NZ=   478 | sparsity=0.7787 | d_m=1.4685e+05
step 1683 | acc=0.7020 | NZ=   477 | sparsity=0.7792 | d_m=1.4868e+05
step 1684 | acc=0.7020 | NZ=   476 | sparsity=0.7796 | d_m=1.5060e+05
step 1685 | acc=0.7020 | NZ=   475 | sparsity=0.7801 | d_m=1.5107e+05
step 1686 | acc=0.7010 | NZ=   474 | sparsity=0.7806 | d_m=1.5190e+05
step 1687 | acc=0.7000 | NZ=   473 | sparsity=0.7810 | d_m=1.5250e+05
step 1688 | acc=0.6990 | NZ=   472 | sparsity=0.7815 | d_m=1.5442e+05
step 1689 | acc=0.7020 | NZ=   471 | sparsity=0.7819 | d_m=1.5638e+05
step 1690 | acc=0.7020 | NZ=   470 | sparsity=0.7824 | d_m=1.5668e+05
step 1691 | acc=0.7020 | NZ=   469 | sparsity=0.7829 | d_m=1.5696e+05
step 1692 | acc=0.6970 | NZ=   468 | sparsity=0.7833 | d_m=1.5883e+05
step 1693 | acc=0.6980 | NZ=   467 | sparsity=0.7838 | d_m=1.5970e+05
step 1694 | acc=0.7000 | NZ=   466 | sparsity=0.7843 | d_m=1.5978e+05
step 1695 | acc=0.6960 | NZ=   465 | sparsity=0.7847 | d_m=1.6077e+05
step 1696 | acc=0.6970 | NZ=   464 | sparsity=0.7852 | d_m=1.6193e+05
step 1697 | acc=0.7030 | NZ=   463 | sparsity=0.7856 | d_m=1.6334e+05
step 1698 | acc=0.7000 | NZ=   462 | sparsity=0.7861 | d_m=1.6462e+05
step 1699 | acc=0.7040 | NZ=   461 | sparsity=0.7866 | d_m=1.6499e+05
step 1700 | acc=0.7050 | NZ=   460 | sparsity=0.7870 | d_m=1.6712e+05
step 1701 | acc=0.7040 | NZ=   459 | sparsity=0.7875 | d_m=1.6755e+05
step 1702 | acc=0.7030 | NZ=   458 | sparsity=0.7880 | d_m=1.6766e+05
step 1703 | acc=0.7050 | NZ=   457 | sparsity=0.7884 | d_m=1.6828e+05
step 1704 | acc=0.7040 | NZ=   456 | sparsity=0.7889 | d_m=1.6873e+05
step 1705 | acc=0.7020 | NZ=   455 | sparsity=0.7894 | d_m=1.6869e+05
step 1706 | acc=0.7040 | NZ=   454 | sparsity=0.7898 | d_m=1.6918e+05
step 1707 | acc=0.6960 | NZ=   453 | sparsity=0.7903 | d_m=1.7069e+05
step 1708 | acc=0.6950 | NZ=   452 | sparsity=0.7907 | d_m=1.7186e+05
step 1709 | acc=0.6950 | NZ=   451 | sparsity=0.7912 | d_m=1.7227e+05
step 1710 | acc=0.6980 | NZ=   450 | sparsity=0.7917 | d_m=1.7366e+05
step 1711 | acc=0.7020 | NZ=   449 | sparsity=0.7921 | d_m=1.7501e+05
step 1712 | acc=0.7040 | NZ=   448 | sparsity=0.7926 | d_m=1.7548e+05
step 1713 | acc=0.7020 | NZ=   447 | sparsity=0.7931 | d_m=1.7464e+05
step 1714 | acc=0.7010 | NZ=   446 | sparsity=0.7935 | d_m=1.7388e+05
step 1715 | acc=0.7000 | NZ=   445 | sparsity=0.7940 | d_m=1.7557e+05
step 1716 | acc=0.6520 | NZ=   444 | sparsity=0.7944 | d_m=1.8043e+05
step 1717 | acc=0.6580 | NZ=   443 | sparsity=0.7949 | d_m=1.8071e+05
step 1718 | acc=0.6580 | NZ=   442 | sparsity=0.7954 | d_m=1.8090e+05
step 1719 | acc=0.6560 | NZ=   441 | sparsity=0.7958 | d_m=1.8323e+05
step 1720 | acc=0.6590 | NZ=   440 | sparsity=0.7963 | d_m=1.8526e+05
step 1721 | acc=0.6670 | NZ=   439 | sparsity=0.7968 | d_m=1.8541e+05
step 1722 | acc=0.6620 | NZ=   438 | sparsity=0.7972 | d_m=1.8561e+05
step 1723 | acc=0.6520 | NZ=   437 | sparsity=0.7977 | d_m=1.8762e+05
step 1724 | acc=0.6580 | NZ=   436 | sparsity=0.7981 | d_m=1.8798e+05
step 1725 | acc=0.6530 | NZ=   435 | sparsity=0.7986 | d_m=1.9000e+05
step 1726 | acc=0.6540 | NZ=   434 | sparsity=0.7991 | d_m=1.9218e+05
step 1727 | acc=0.6530 | NZ=   433 | sparsity=0.7995 | d_m=1.9414e+05
step 1728 | acc=0.6530 | NZ=   432 | sparsity=0.8000 | d_m=1.9514e+05
step 1729 | acc=0.6510 | NZ=   431 | sparsity=0.8005 | d_m=1.9517e+05
step 1730 | acc=0.6540 | NZ=   430 | sparsity=0.8009 | d_m=1.9537e+05
step 1731 | acc=0.6530 | NZ=   429 | sparsity=0.8014 | d_m=1.9609e+05
step 1732 | acc=0.6530 | NZ=   428 | sparsity=0.8019 | d_m=1.9524e+05
step 1733 | acc=0.6530 | NZ=   427 | sparsity=0.8023 | d_m=1.9505e+05
step 1734 | acc=0.6560 | NZ=   426 | sparsity=0.8028 | d_m=1.9609e+05
step 1735 | acc=0.6510 | NZ=   425 | sparsity=0.8032 | d_m=1.9589e+05
step 1736 | acc=0.6510 | NZ=   424 | sparsity=0.8037 | d_m=1.9614e+05
step 1737 | acc=0.6540 | NZ=   423 | sparsity=0.8042 | d_m=1.9656e+05
step 1738 | acc=0.6610 | NZ=   422 | sparsity=0.8046 | d_m=1.9863e+05
step 1739 | acc=0.6620 | NZ=   421 | sparsity=0.8051 | d_m=2.0078e+05
step 1740 | acc=0.6650 | NZ=   420 | sparsity=0.8056 | d_m=2.0284e+05
step 1741 | acc=0.6600 | NZ=   419 | sparsity=0.8060 | d_m=2.0328e+05
step 1742 | acc=0.6590 | NZ=   418 | sparsity=0.8065 | d_m=2.0359e+05
step 1743 | acc=0.6660 | NZ=   417 | sparsity=0.8069 | d_m=2.0366e+05
step 1744 | acc=0.6670 | NZ=   416 | sparsity=0.8074 | d_m=2.0400e+05
step 1745 | acc=0.6590 | NZ=   415 | sparsity=0.8079 | d_m=2.0652e+05
step 1746 | acc=0.6540 | NZ=   414 | sparsity=0.8083 | d_m=2.0814e+05
step 1747 | acc=0.6570 | NZ=   413 | sparsity=0.8088 | d_m=2.0986e+05
step 1748 | acc=0.6510 | NZ=   412 | sparsity=0.8093 | d_m=2.1195e+05
step 1749 | acc=0.6490 | NZ=   411 | sparsity=0.8097 | d_m=2.1210e+05
step 1750 | acc=0.6480 | NZ=   410 | sparsity=0.8102 | d_m=2.1295e+05
step 1751 | acc=0.6500 | NZ=   409 | sparsity=0.8106 | d_m=2.1261e+05
step 1752 | acc=0.6480 | NZ=   408 | sparsity=0.8111 | d_m=2.1446e+05
step 1753 | acc=0.6490 | NZ=   407 | sparsity=0.8116 | d_m=2.1372e+05
step 1754 | acc=0.6110 | NZ=   406 | sparsity=0.8120 | d_m=2.2056e+05
step 1755 | acc=0.6170 | NZ=   405 | sparsity=0.8125 | d_m=2.2162e+05
step 1756 | acc=0.6220 | NZ=   404 | sparsity=0.8130 | d_m=2.2190e+05
step 1757 | acc=0.6200 | NZ=   403 | sparsity=0.8134 | d_m=2.2089e+05
step 1758 | acc=0.6130 | NZ=   402 | sparsity=0.8139 | d_m=2.2088e+05
step 1759 | acc=0.6140 | NZ=   401 | sparsity=0.8144 | d_m=2.2055e+05
step 1760 | acc=0.6110 | NZ=   400 | sparsity=0.8148 | d_m=2.2225e+05
step 1761 | acc=0.5890 | NZ=   399 | sparsity=0.8153 | d_m=2.2734e+05
step 1762 | acc=0.5910 | NZ=   398 | sparsity=0.8157 | d_m=2.2844e+05
step 1763 | acc=0.5850 | NZ=   397 | sparsity=0.8162 | d_m=2.2931e+05
step 1764 | acc=0.5820 | NZ=   396 | sparsity=0.8167 | d_m=2.3078e+05
step 1765 | acc=0.5800 | NZ=   395 | sparsity=0.8171 | d_m=2.3223e+05
step 1766 | acc=0.5810 | NZ=   394 | sparsity=0.8176 | d_m=2.3409e+05
step 1767 | acc=0.5800 | NZ=   393 | sparsity=0.8181 | d_m=2.3489e+05
step 1768 | acc=0.5810 | NZ=   392 | sparsity=0.8185 | d_m=2.3699e+05
step 1769 | acc=0.5810 | NZ=   391 | sparsity=0.8190 | d_m=2.3702e+05
step 1770 | acc=0.5790 | NZ=   390 | sparsity=0.8194 | d_m=2.3866e+05
step 1771 | acc=0.5780 | NZ=   389 | sparsity=0.8199 | d_m=2.4125e+05
step 1772 | acc=0.5800 | NZ=   388 | sparsity=0.8204 | d_m=2.4219e+05
step 1773 | acc=0.5800 | NZ=   387 | sparsity=0.8208 | d_m=2.4400e+05
step 1774 | acc=0.5800 | NZ=   386 | sparsity=0.8213 | d_m=2.4493e+05
step 1775 | acc=0.5790 | NZ=   385 | sparsity=0.8218 | d_m=2.4449e+05
step 1776 | acc=0.5800 | NZ=   384 | sparsity=0.8222 | d_m=2.4523e+05
step 1777 | acc=0.5800 | NZ=   383 | sparsity=0.8227 | d_m=2.4484e+05
step 1778 | acc=0.5790 | NZ=   382 | sparsity=0.8231 | d_m=2.4441e+05
step 1779 | acc=0.5780 | NZ=   381 | sparsity=0.8236 | d_m=2.4745e+05
step 1780 | acc=0.5790 | NZ=   380 | sparsity=0.8241 | d_m=2.4893e+05
step 1781 | acc=0.5790 | NZ=   379 | sparsity=0.8245 | d_m=2.4836e+05
step 1782 | acc=0.5790 | NZ=   378 | sparsity=0.8250 | d_m=2.5121e+05
step 1783 | acc=0.5790 | NZ=   377 | sparsity=0.8255 | d_m=2.5276e+05
step 1784 | acc=0.5780 | NZ=   376 | sparsity=0.8259 | d_m=2.5430e+05
step 1785 | acc=0.5800 | NZ=   375 | sparsity=0.8264 | d_m=2.5726e+05
step 1786 | acc=0.5810 | NZ=   374 | sparsity=0.8269 | d_m=2.5800e+05
step 1787 | acc=0.5810 | NZ=   373 | sparsity=0.8273 | d_m=2.5829e+05
step 1788 | acc=0.5830 | NZ=   372 | sparsity=0.8278 | d_m=2.5849e+05
step 1789 | acc=0.5860 | NZ=   371 | sparsity=0.8282 | d_m=2.5926e+05
step 1790 | acc=0.5840 | NZ=   370 | sparsity=0.8287 | d_m=2.6024e+05
step 1791 | acc=0.5870 | NZ=   369 | sparsity=0.8292 | d_m=2.6099e+05
step 1792 | acc=0.5840 | NZ=   368 | sparsity=0.8296 | d_m=2.6226e+05
step 1793 | acc=0.5780 | NZ=   367 | sparsity=0.8301 | d_m=2.6515e+05
step 1794 | acc=0.5810 | NZ=   366 | sparsity=0.8306 | d_m=2.6559e+05
step 1795 | acc=0.5860 | NZ=   365 | sparsity=0.8310 | d_m=2.6559e+05
step 1796 | acc=0.5880 | NZ=   364 | sparsity=0.8315 | d_m=2.6743e+05
step 1797 | acc=0.5850 | NZ=   363 | sparsity=0.8319 | d_m=2.7020e+05
step 1798 | acc=0.5840 | NZ=   362 | sparsity=0.8324 | d_m=2.7190e+05
step 1799 | acc=0.5850 | NZ=   361 | sparsity=0.8329 | d_m=2.7084e+05
step 1800 | acc=0.5830 | NZ=   360 | sparsity=0.8333 | d_m=2.7230e+05
step 1801 | acc=0.5800 | NZ=   359 | sparsity=0.8338 | d_m=2.7521e+05
step 1802 | acc=0.5800 | NZ=   358 | sparsity=0.8343 | d_m=2.7845e+05
step 1803 | acc=0.5830 | NZ=   357 | sparsity=0.8347 | d_m=2.8180e+05
step 1804 | acc=0.5810 | NZ=   356 | sparsity=0.8352 | d_m=2.8347e+05
step 1805 | acc=0.5810 | NZ=   355 | sparsity=0.8356 | d_m=2.8376e+05
step 1806 | acc=0.5830 | NZ=   354 | sparsity=0.8361 | d_m=2.8369e+05
step 1807 | acc=0.5830 | NZ=   353 | sparsity=0.8366 | d_m=2.8616e+05
step 1808 | acc=0.5840 | NZ=   352 | sparsity=0.8370 | d_m=2.8660e+05
step 1809 | acc=0.5850 | NZ=   351 | sparsity=0.8375 | d_m=2.8737e+05
step 1810 | acc=0.5880 | NZ=   350 | sparsity=0.8380 | d_m=2.8968e+05
step 1811 | acc=0.5820 | NZ=   349 | sparsity=0.8384 | d_m=2.9221e+05
step 1812 | acc=0.5810 | NZ=   348 | sparsity=0.8389 | d_m=2.9315e+05
step 1813 | acc=0.5790 | NZ=   347 | sparsity=0.8394 | d_m=2.9430e+05
step 1814 | acc=0.5800 | NZ=   346 | sparsity=0.8398 | d_m=2.9518e+05
step 1815 | acc=0.5820 | NZ=   345 | sparsity=0.8403 | d_m=2.9556e+05
step 1816 | acc=0.5770 | NZ=   344 | sparsity=0.8407 | d_m=2.9898e+05
step 1817 | acc=0.5770 | NZ=   343 | sparsity=0.8412 | d_m=3.0175e+05
step 1818 | acc=0.5770 | NZ=   342 | sparsity=0.8417 | d_m=3.0498e+05
step 1819 | acc=0.5740 | NZ=   341 | sparsity=0.8421 | d_m=3.0741e+05
step 1820 | acc=0.5750 | NZ=   340 | sparsity=0.8426 | d_m=3.0935e+05
step 1821 | acc=0.5730 | NZ=   339 | sparsity=0.8431 | d_m=3.0843e+05
step 1822 | acc=0.5710 | NZ=   338 | sparsity=0.8435 | d_m=3.0861e+05
step 1823 | acc=0.5690 | NZ=   337 | sparsity=0.8440 | d_m=3.0888e+05
step 1824 | acc=0.5670 | NZ=   336 | sparsity=0.8444 | d_m=3.1051e+05
step 1825 | acc=0.5670 | NZ=   335 | sparsity=0.8449 | d_m=3.1237e+05
step 1826 | acc=0.5690 | NZ=   334 | sparsity=0.8454 | d_m=3.1404e+05
step 1827 | acc=0.5670 | NZ=   333 | sparsity=0.8458 | d_m=3.1341e+05
step 1828 | acc=0.5670 | NZ=   332 | sparsity=0.8463 | d_m=3.1471e+05
step 1829 | acc=0.5710 | NZ=   331 | sparsity=0.8468 | d_m=3.1821e+05
step 1830 | acc=0.5690 | NZ=   330 | sparsity=0.8472 | d_m=3.2225e+05
step 1831 | acc=0.5710 | NZ=   329 | sparsity=0.8477 | d_m=3.2630e+05
step 1832 | acc=0.5700 | NZ=   328 | sparsity=0.8481 | d_m=3.2869e+05
step 1833 | acc=0.5690 | NZ=   327 | sparsity=0.8486 | d_m=3.3189e+05
step 1834 | acc=0.5700 | NZ=   326 | sparsity=0.8491 | d_m=3.3595e+05
step 1835 | acc=0.5700 | NZ=   325 | sparsity=0.8495 | d_m=3.3999e+05
step 1836 | acc=0.5750 | NZ=   324 | sparsity=0.8500 | d_m=3.4242e+05
step 1837 | acc=0.5700 | NZ=   323 | sparsity=0.8505 | d_m=3.4277e+05
step 1838 | acc=0.5620 | NZ=   322 | sparsity=0.8509 | d_m=3.4614e+05
step 1839 | acc=0.5620 | NZ=   321 | sparsity=0.8514 | d_m=3.4940e+05
step 1840 | acc=0.5620 | NZ=   320 | sparsity=0.8519 | d_m=3.5012e+05
step 1841 | acc=0.5590 | NZ=   319 | sparsity=0.8523 | d_m=3.5118e+05
step 1842 | acc=0.5580 | NZ=   318 | sparsity=0.8528 | d_m=3.5291e+05
step 1843 | acc=0.5650 | NZ=   317 | sparsity=0.8532 | d_m=3.6508e+05
step 1844 | acc=0.5740 | NZ=   316 | sparsity=0.8537 | d_m=3.6608e+05
step 1845 | acc=0.5710 | NZ=   315 | sparsity=0.8542 | d_m=3.6605e+05
step 1846 | acc=0.5670 | NZ=   314 | sparsity=0.8546 | d_m=3.6508e+05
step 1847 | acc=0.5710 | NZ=   313 | sparsity=0.8551 | d_m=3.6965e+05
step 1848 | acc=0.5630 | NZ=   312 | sparsity=0.8556 | d_m=3.7253e+05
step 1849 | acc=0.5670 | NZ=   311 | sparsity=0.8560 | d_m=3.7671e+05
step 1850 | acc=0.5650 | NZ=   310 | sparsity=0.8565 | d_m=3.8163e+05
step 1851 | acc=0.5660 | NZ=   309 | sparsity=0.8569 | d_m=3.8474e+05
step 1852 | acc=0.5630 | NZ=   308 | sparsity=0.8574 | d_m=3.8830e+05
step 1853 | acc=0.5650 | NZ=   307 | sparsity=0.8579 | d_m=3.8989e+05
step 1854 | acc=0.5670 | NZ=   306 | sparsity=0.8583 | d_m=3.9250e+05
step 1855 | acc=0.5620 | NZ=   305 | sparsity=0.8588 | d_m=3.9338e+05
step 1856 | acc=0.5670 | NZ=   304 | sparsity=0.8593 | d_m=3.9482e+05
step 1857 | acc=0.5650 | NZ=   303 | sparsity=0.8597 | d_m=3.9500e+05
step 1858 | acc=0.5650 | NZ=   302 | sparsity=0.8602 | d_m=3.9554e+05
step 1859 | acc=0.5590 | NZ=   301 | sparsity=0.8606 | d_m=3.9569e+05
step 1860 | acc=0.5620 | NZ=   300 | sparsity=0.8611 | d_m=3.9720e+05
step 1861 | acc=0.5650 | NZ=   299 | sparsity=0.8616 | d_m=3.9833e+05
step 1862 | acc=0.5640 | NZ=   298 | sparsity=0.8620 | d_m=4.0138e+05
step 1863 | acc=0.5600 | NZ=   297 | sparsity=0.8625 | d_m=4.0335e+05
step 1864 | acc=0.5560 | NZ=   296 | sparsity=0.8630 | d_m=4.0347e+05
step 1865 | acc=0.5570 | NZ=   295 | sparsity=0.8634 | d_m=4.0484e+05
step 1866 | acc=0.5450 | NZ=   294 | sparsity=0.8639 | d_m=4.0698e+05
step 1867 | acc=0.5500 | NZ=   293 | sparsity=0.8644 | d_m=4.1163e+05
step 1868 | acc=0.5510 | NZ=   292 | sparsity=0.8648 | d_m=4.1692e+05
step 1869 | acc=0.5440 | NZ=   291 | sparsity=0.8653 | d_m=4.1691e+05
step 1870 | acc=0.5390 | NZ=   290 | sparsity=0.8657 | d_m=4.2198e+05
step 1871 | acc=0.5410 | NZ=   289 | sparsity=0.8662 | d_m=4.2320e+05
step 1872 | acc=0.5420 | NZ=   288 | sparsity=0.8667 | d_m=4.2507e+05
step 1873 | acc=0.5410 | NZ=   287 | sparsity=0.8671 | d_m=4.2584e+05
step 1874 | acc=0.5400 | NZ=   286 | sparsity=0.8676 | d_m=4.2585e+05
step 1875 | acc=0.5400 | NZ=   285 | sparsity=0.8681 | d_m=4.2634e+05
step 1876 | acc=0.5450 | NZ=   284 | sparsity=0.8685 | d_m=4.2689e+05
step 1877 | acc=0.5560 | NZ=   283 | sparsity=0.8690 | d_m=4.3230e+05
step 1878 | acc=0.5520 | NZ=   282 | sparsity=0.8694 | d_m=4.3726e+05
step 1879 | acc=0.5480 | NZ=   281 | sparsity=0.8699 | d_m=4.4017e+05
step 1880 | acc=0.5450 | NZ=   280 | sparsity=0.8704 | d_m=4.4593e+05
step 1881 | acc=0.5490 | NZ=   279 | sparsity=0.8708 | d_m=4.5033e+05
step 1882 | acc=0.5450 | NZ=   278 | sparsity=0.8713 | d_m=4.5602e+05
step 1883 | acc=0.5500 | NZ=   277 | sparsity=0.8718 | d_m=4.5676e+05
step 1884 | acc=0.5510 | NZ=   276 | sparsity=0.8722 | d_m=4.5772e+05
step 1885 | acc=0.5450 | NZ=   275 | sparsity=0.8727 | d_m=4.5872e+05
step 1886 | acc=0.5490 | NZ=   274 | sparsity=0.8731 | d_m=4.5983e+05
step 1887 | acc=0.5480 | NZ=   273 | sparsity=0.8736 | d_m=4.6095e+05
step 1888 | acc=0.5400 | NZ=   272 | sparsity=0.8741 | d_m=4.6301e+05
step 1889 | acc=0.5470 | NZ=   271 | sparsity=0.8745 | d_m=4.6589e+05
step 1890 | acc=0.5560 | NZ=   270 | sparsity=0.8750 | d_m=4.6769e+05
step 1891 | acc=0.5530 | NZ=   269 | sparsity=0.8755 | d_m=4.6874e+05
step 1892 | acc=0.5550 | NZ=   268 | sparsity=0.8759 | d_m=4.7481e+05
step 1893 | acc=0.5480 | NZ=   267 | sparsity=0.8764 | d_m=4.7843e+05
step 1894 | acc=0.5440 | NZ=   266 | sparsity=0.8769 | d_m=4.8446e+05
step 1895 | acc=0.5420 | NZ=   265 | sparsity=0.8773 | d_m=4.8801e+05
step 1896 | acc=0.5450 | NZ=   264 | sparsity=0.8778 | d_m=4.8811e+05
step 1897 | acc=0.5500 | NZ=   263 | sparsity=0.8782 | d_m=4.9467e+05
step 1898 | acc=0.5460 | NZ=   262 | sparsity=0.8787 | d_m=5.0149e+05
step 1899 | acc=0.5460 | NZ=   261 | sparsity=0.8792 | d_m=5.0275e+05
step 1900 | acc=0.5360 | NZ=   260 | sparsity=0.8796 | d_m=5.0478e+05
step 1901 | acc=0.5300 | NZ=   259 | sparsity=0.8801 | d_m=5.0776e+05
step 1902 | acc=0.5270 | NZ=   258 | sparsity=0.8806 | d_m=5.1287e+05
step 1903 | acc=0.5260 | NZ=   257 | sparsity=0.8810 | d_m=5.1264e+05
step 1904 | acc=0.5170 | NZ=   256 | sparsity=0.8815 | d_m=5.1487e+05
step 1905 | acc=0.5220 | NZ=   255 | sparsity=0.8819 | d_m=5.1284e+05
step 1906 | acc=0.4640 | NZ=   254 | sparsity=0.8824 | d_m=5.2155e+05
step 1907 | acc=0.4170 | NZ=   253 | sparsity=0.8829 | d_m=5.2446e+05
step 1908 | acc=0.4200 | NZ=   252 | sparsity=0.8833 | d_m=5.2371e+05
step 1909 | acc=0.4230 | NZ=   251 | sparsity=0.8838 | d_m=5.2319e+05
step 1910 | acc=0.4220 | NZ=   250 | sparsity=0.8843 | d_m=5.2278e+05
step 1911 | acc=0.4250 | NZ=   249 | sparsity=0.8847 | d_m=5.2309e+05
step 1912 | acc=0.4200 | NZ=   248 | sparsity=0.8852 | d_m=5.2521e+05
step 1913 | acc=0.4230 | NZ=   247 | sparsity=0.8856 | d_m=5.2571e+05
step 1914 | acc=0.4120 | NZ=   246 | sparsity=0.8861 | d_m=5.2764e+05
step 1915 | acc=0.4160 | NZ=   245 | sparsity=0.8866 | d_m=5.3412e+05
step 1916 | acc=0.4200 | NZ=   244 | sparsity=0.8870 | d_m=5.3640e+05
step 1917 | acc=0.4190 | NZ=   243 | sparsity=0.8875 | d_m=5.4280e+05
step 1918 | acc=0.4010 | NZ=   242 | sparsity=0.8880 | d_m=5.4400e+05
step 1919 | acc=0.4010 | NZ=   241 | sparsity=0.8884 | d_m=5.5144e+05
step 1920 | acc=0.3980 | NZ=   240 | sparsity=0.8889 | d_m=5.5875e+05
step 1921 | acc=0.3980 | NZ=   239 | sparsity=0.8894 | d_m=5.6097e+05
step 1922 | acc=0.3950 | NZ=   238 | sparsity=0.8898 | d_m=5.6820e+05
step 1923 | acc=0.3880 | NZ=   237 | sparsity=0.8903 | d_m=5.7301e+05
step 1924 | acc=0.3890 | NZ=   236 | sparsity=0.8907 | d_m=5.7755e+05
step 1925 | acc=0.3860 | NZ=   235 | sparsity=0.8912 | d_m=5.7968e+05
step 1926 | acc=0.3880 | NZ=   234 | sparsity=0.8917 | d_m=5.7981e+05
step 1927 | acc=0.3820 | NZ=   233 | sparsity=0.8921 | d_m=5.8387e+05
step 1928 | acc=0.3780 | NZ=   232 | sparsity=0.8926 | d_m=5.8470e+05
step 1929 | acc=0.3770 | NZ=   231 | sparsity=0.8931 | d_m=5.9262e+05
step 1930 | acc=0.3710 | NZ=   230 | sparsity=0.8935 | d_m=6.0083e+05
step 1931 | acc=0.3770 | NZ=   229 | sparsity=0.8940 | d_m=6.0868e+05
step 1932 | acc=0.3770 | NZ=   228 | sparsity=0.8944 | d_m=6.1705e+05
step 1933 | acc=0.3770 | NZ=   227 | sparsity=0.8949 | d_m=6.1754e+05
step 1934 | acc=0.3690 | NZ=   226 | sparsity=0.8954 | d_m=6.2568e+05
step 1935 | acc=0.3690 | NZ=   225 | sparsity=0.8958 | d_m=6.2993e+05
step 1936 | acc=0.3670 | NZ=   224 | sparsity=0.8963 | d_m=6.3811e+05
step 1937 | acc=0.3700 | NZ=   223 | sparsity=0.8968 | d_m=6.4341e+05
step 1938 | acc=0.3610 | NZ=   222 | sparsity=0.8972 | d_m=6.4359e+05
step 1939 | acc=0.3540 | NZ=   221 | sparsity=0.8977 | d_m=6.4898e+05
step 1940 | acc=0.3520 | NZ=   220 | sparsity=0.8981 | d_m=6.4971e+05
step 1941 | acc=0.3430 | NZ=   219 | sparsity=0.8986 | d_m=6.5951e+05
step 1942 | acc=0.3490 | NZ=   218 | sparsity=0.8991 | d_m=6.6142e+05
step 1943 | acc=0.3480 | NZ=   217 | sparsity=0.8995 | d_m=6.6142e+05
step 1944 | acc=0.3420 | NZ=   216 | sparsity=0.9000 | d_m=6.6271e+05
step 1945 | acc=0.3400 | NZ=   215 | sparsity=0.9005 | d_m=6.6664e+05
step 1946 | acc=0.3400 | NZ=   214 | sparsity=0.9009 | d_m=6.7682e+05
step 1947 | acc=0.3350 | NZ=   213 | sparsity=0.9014 | d_m=6.7838e+05
step 1948 | acc=0.3270 | NZ=   212 | sparsity=0.9019 | d_m=6.8844e+05
step 1949 | acc=0.3340 | NZ=   211 | sparsity=0.9023 | d_m=6.8814e+05
step 1950 | acc=0.3330 | NZ=   210 | sparsity=0.9028 | d_m=6.8789e+05
step 1951 | acc=0.3350 | NZ=   209 | sparsity=0.9032 | d_m=6.8817e+05
step 1952 | acc=0.3300 | NZ=   208 | sparsity=0.9037 | d_m=6.8972e+05
step 1953 | acc=0.3280 | NZ=   207 | sparsity=0.9042 | d_m=6.9597e+05
step 1954 | acc=0.3340 | NZ=   206 | sparsity=0.9046 | d_m=6.9610e+05
step 1955 | acc=0.3390 | NZ=   205 | sparsity=0.9051 | d_m=7.0668e+05
step 1956 | acc=0.3340 | NZ=   204 | sparsity=0.9056 | d_m=7.1330e+05
step 1957 | acc=0.3370 | NZ=   203 | sparsity=0.9060 | d_m=7.1611e+05
step 1958 | acc=0.3320 | NZ=   202 | sparsity=0.9065 | d_m=7.2318e+05
step 1959 | acc=0.3280 | NZ=   201 | sparsity=0.9069 | d_m=7.2864e+05
step 1960 | acc=0.3200 | NZ=   200 | sparsity=0.9074 | d_m=7.4007e+05
step 1961 | acc=0.3250 | NZ=   199 | sparsity=0.9079 | d_m=7.4662e+05
step 1962 | acc=0.3160 | NZ=   198 | sparsity=0.9083 | d_m=7.5815e+05
step 1963 | acc=0.3050 | NZ=   197 | sparsity=0.9088 | d_m=7.7037e+05
step 1964 | acc=0.3000 | NZ=   196 | sparsity=0.9093 | d_m=7.8177e+05
step 1965 | acc=0.2910 | NZ=   195 | sparsity=0.9097 | d_m=7.9391e+05
step 1966 | acc=0.2670 | NZ=   194 | sparsity=0.9102 | d_m=8.0586e+05
step 1967 | acc=0.2650 | NZ=   193 | sparsity=0.9106 | d_m=8.1783e+05
step 1968 | acc=0.2690 | NZ=   192 | sparsity=0.9111 | d_m=8.2981e+05
step 1969 | acc=0.2650 | NZ=   191 | sparsity=0.9116 | d_m=8.3827e+05
step 1970 | acc=0.2620 | NZ=   190 | sparsity=0.9120 | d_m=8.3724e+05
step 1971 | acc=0.2590 | NZ=   189 | sparsity=0.9125 | d_m=8.4946e+05
step 1972 | acc=0.2550 | NZ=   188 | sparsity=0.9130 | d_m=8.6256e+05
step 1973 | acc=0.2490 | NZ=   187 | sparsity=0.9134 | d_m=8.7640e+05
step 1974 | acc=0.2530 | NZ=   186 | sparsity=0.9139 | d_m=8.8074e+05
step 1975 | acc=0.2610 | NZ=   185 | sparsity=0.9144 | d_m=8.9061e+05
step 1976 | acc=0.2520 | NZ=   184 | sparsity=0.9148 | d_m=9.0188e+05
step 1977 | acc=0.2460 | NZ=   183 | sparsity=0.9153 | d_m=9.0761e+05
step 1978 | acc=0.2540 | NZ=   182 | sparsity=0.9157 | d_m=9.1120e+05
step 1979 | acc=0.2570 | NZ=   181 | sparsity=0.9162 | d_m=9.2401e+05
step 1980 | acc=0.2580 | NZ=   180 | sparsity=0.9167 | d_m=9.4004e+05
step 1981 | acc=0.2550 | NZ=   179 | sparsity=0.9171 | d_m=9.4813e+05
step 1982 | acc=0.2540 | NZ=   178 | sparsity=0.9176 | d_m=9.5077e+05
step 1983 | acc=0.2460 | NZ=   177 | sparsity=0.9181 | d_m=9.5825e+05
step 1984 | acc=0.2480 | NZ=   176 | sparsity=0.9185 | d_m=9.6340e+05
step 1985 | acc=0.2490 | NZ=   175 | sparsity=0.9190 | d_m=9.6173e+05
step 1986 | acc=0.2510 | NZ=   174 | sparsity=0.9194 | d_m=9.6011e+05
step 1987 | acc=0.2510 | NZ=   173 | sparsity=0.9199 | d_m=9.6731e+05
step 1988 | acc=0.2520 | NZ=   172 | sparsity=0.9204 | d_m=9.7270e+05
step 1989 | acc=0.2530 | NZ=   171 | sparsity=0.9208 | d_m=9.8022e+05
step 1990 | acc=0.2490 | NZ=   170 | sparsity=0.9213 | d_m=9.8709e+05
step 1991 | acc=0.2480 | NZ=   169 | sparsity=0.9218 | d_m=9.8541e+05
step 1992 | acc=0.2490 | NZ=   168 | sparsity=0.9222 | d_m=9.8342e+05
step 1993 | acc=0.2460 | NZ=   167 | sparsity=0.9227 | d_m=9.8975e+05
step 1994 | acc=0.2550 | NZ=   166 | sparsity=0.9231 | d_m=1.0024e+06
step 1995 | acc=0.2480 | NZ=   165 | sparsity=0.9236 | d_m=1.0034e+06
step 1996 | acc=0.2380 | NZ=   164 | sparsity=0.9241 | d_m=1.0153e+06
step 1997 | acc=0.2380 | NZ=   163 | sparsity=0.9245 | d_m=1.0118e+06
step 1998 | acc=0.2390 | NZ=   162 | sparsity=0.9250 | d_m=1.0053e+06
step 1999 | acc=0.2420 | NZ=   161 | sparsity=0.9255 | d_m=1.0060e+06
step 2000 | acc=0.2460 | NZ=   160 | sparsity=0.9259 | d_m=1.0100e+06
step 2001 | acc=0.2410 | NZ=   159 | sparsity=0.9264 | d_m=1.0121e+06
step 2002 | acc=0.2390 | NZ=   158 | sparsity=0.9269 | d_m=1.0208e+06
step 2003 | acc=0.2410 | NZ=   157 | sparsity=0.9273 | d_m=1.0226e+06
step 2004 | acc=0.2360 | NZ=   156 | sparsity=0.9278 | d_m=1.0250e+06
step 2005 | acc=0.2230 | NZ=   155 | sparsity=0.9282 | d_m=1.0257e+06
step 2006 | acc=0.2240 | NZ=   154 | sparsity=0.9287 | d_m=1.0286e+06
step 2007 | acc=0.2230 | NZ=   153 | sparsity=0.9292 | d_m=1.0318e+06
step 2008 | acc=0.2220 | NZ=   152 | sparsity=0.9296 | d_m=1.0458e+06
step 2009 | acc=0.2260 | NZ=   151 | sparsity=0.9301 | d_m=1.0603e+06
step 2010 | acc=0.2290 | NZ=   150 | sparsity=0.9306 | d_m=1.0615e+06
step 2011 | acc=0.2310 | NZ=   149 | sparsity=0.9310 | d_m=1.0767e+06
step 2012 | acc=0.2320 | NZ=   148 | sparsity=0.9315 | d_m=1.0923e+06
step 2013 | acc=0.2270 | NZ=   147 | sparsity=0.9319 | d_m=1.0968e+06
step 2014 | acc=0.2220 | NZ=   146 | sparsity=0.9324 | d_m=1.0969e+06
step 2015 | acc=0.2210 | NZ=   145 | sparsity=0.9329 | d_m=1.0966e+06
step 2016 | acc=0.2230 | NZ=   144 | sparsity=0.9333 | d_m=1.1037e+06
step 2017 | acc=0.2210 | NZ=   143 | sparsity=0.9338 | d_m=1.1045e+06
step 2018 | acc=0.2200 | NZ=   142 | sparsity=0.9343 | d_m=1.1056e+06
step 2019 | acc=0.2230 | NZ=   141 | sparsity=0.9347 | d_m=1.1225e+06
step 2020 | acc=0.2270 | NZ=   140 | sparsity=0.9352 | d_m=1.1399e+06
step 2021 | acc=0.2300 | NZ=   139 | sparsity=0.9356 | d_m=1.1574e+06
step 2022 | acc=0.2330 | NZ=   138 | sparsity=0.9361 | d_m=1.1693e+06
step 2023 | acc=0.2340 | NZ=   137 | sparsity=0.9366 | d_m=1.1697e+06
step 2024 | acc=0.2350 | NZ=   136 | sparsity=0.9370 | d_m=1.1708e+06
step 2025 | acc=0.2360 | NZ=   135 | sparsity=0.9375 | d_m=1.1737e+06
step 2026 | acc=0.2350 | NZ=   134 | sparsity=0.9380 | d_m=1.1741e+06
step 2027 | acc=0.2310 | NZ=   133 | sparsity=0.9384 | d_m=1.1761e+06
step 2028 | acc=0.2420 | NZ=   132 | sparsity=0.9389 | d_m=1.1787e+06
step 2029 | acc=0.2410 | NZ=   131 | sparsity=0.9394 | d_m=1.1812e+06
step 2030 | acc=0.2360 | NZ=   130 | sparsity=0.9398 | d_m=1.2001e+06
step 2031 | acc=0.2350 | NZ=   129 | sparsity=0.9403 | d_m=1.2197e+06
step 2032 | acc=0.2350 | NZ=   128 | sparsity=0.9407 | d_m=1.2321e+06
step 2033 | acc=0.2250 | NZ=   127 | sparsity=0.9412 | d_m=1.2334e+06
step 2034 | acc=0.2260 | NZ=   126 | sparsity=0.9417 | d_m=1.2331e+06
step 2035 | acc=0.2290 | NZ=   125 | sparsity=0.9421 | d_m=1.2329e+06
step 2036 | acc=0.2310 | NZ=   124 | sparsity=0.9426 | d_m=1.2343e+06
step 2037 | acc=0.2270 | NZ=   123 | sparsity=0.9431 | d_m=1.2396e+06
step 2038 | acc=0.2260 | NZ=   122 | sparsity=0.9435 | d_m=1.2395e+06
step 2039 | acc=0.2250 | NZ=   121 | sparsity=0.9440 | d_m=1.2408e+06
step 2040 | acc=0.2250 | NZ=   120 | sparsity=0.9444 | d_m=1.2616e+06
step 2041 | acc=0.2270 | NZ=   119 | sparsity=0.9449 | d_m=1.2821e+06
step 2042 | acc=0.2200 | NZ=   118 | sparsity=0.9454 | d_m=1.2835e+06
step 2043 | acc=0.2210 | NZ=   117 | sparsity=0.9458 | d_m=1.2875e+06
step 2044 | acc=0.2220 | NZ=   116 | sparsity=0.9463 | d_m=1.3108e+06
step 2045 | acc=0.2200 | NZ=   115 | sparsity=0.9468 | d_m=1.3138e+06
step 2046 | acc=0.2200 | NZ=   114 | sparsity=0.9472 | d_m=1.3247e+06
step 2047 | acc=0.2170 | NZ=   113 | sparsity=0.9477 | d_m=1.3491e+06
step 2048 | acc=0.2200 | NZ=   112 | sparsity=0.9481 | d_m=1.3724e+06
step 2049 | acc=0.2310 | NZ=   111 | sparsity=0.9486 | d_m=1.3983e+06
step 2050 | acc=0.2340 | NZ=   110 | sparsity=0.9491 | d_m=1.4256e+06
step 2051 | acc=0.2400 | NZ=   109 | sparsity=0.9495 | d_m=1.4398e+06
step 2052 | acc=0.2400 | NZ=   108 | sparsity=0.9500 | d_m=1.4408e+06
step 2053 | acc=0.2460 | NZ=   107 | sparsity=0.9505 | d_m=1.4660e+06
step 2054 | acc=0.2390 | NZ=   106 | sparsity=0.9509 | d_m=1.4919e+06
step 2055 | acc=0.2250 | NZ=   105 | sparsity=0.9514 | d_m=1.5193e+06
step 2056 | acc=0.2290 | NZ=   104 | sparsity=0.9519 | d_m=1.5493e+06
step 2057 | acc=0.2240 | NZ=   103 | sparsity=0.9523 | d_m=1.5502e+06
step 2058 | acc=0.2110 | NZ=   102 | sparsity=0.9528 | d_m=1.5556e+06
step 2059 | acc=0.2100 | NZ=   101 | sparsity=0.9532 | d_m=1.5606e+06
step 2060 | acc=0.2210 | NZ=   100 | sparsity=0.9537 | d_m=1.5723e+06
step 2061 | acc=0.2250 | NZ=    99 | sparsity=0.9542 | d_m=1.5746e+06
step 2062 | acc=0.2230 | NZ=    98 | sparsity=0.9546 | d_m=1.6058e+06
step 2063 | acc=0.2150 | NZ=    97 | sparsity=0.9551 | d_m=1.6372e+06
step 2064 | acc=0.2190 | NZ=    96 | sparsity=0.9556 | d_m=1.6400e+06
step 2065 | acc=0.2080 | NZ=    95 | sparsity=0.9560 | d_m=1.6638e+06
step 2066 | acc=0.1910 | NZ=    94 | sparsity=0.9565 | d_m=1.6970e+06
step 2067 | acc=0.1850 | NZ=    93 | sparsity=0.9569 | d_m=1.6963e+06
step 2068 | acc=0.1680 | NZ=    92 | sparsity=0.9574 | d_m=1.7310e+06
step 2069 | acc=0.1720 | NZ=    91 | sparsity=0.9579 | d_m=1.7628e+06
step 2070 | acc=0.1770 | NZ=    90 | sparsity=0.9583 | d_m=1.7680e+06
step 2071 | acc=0.1920 | NZ=    89 | sparsity=0.9588 | d_m=1.7995e+06
step 2072 | acc=0.1800 | NZ=    88 | sparsity=0.9593 | d_m=1.8016e+06
step 2073 | acc=0.1780 | NZ=    87 | sparsity=0.9597 | d_m=1.8047e+06
step 2074 | acc=0.1900 | NZ=    86 | sparsity=0.9602 | d_m=1.8177e+06
step 2075 | acc=0.1970 | NZ=    85 | sparsity=0.9606 | d_m=1.8525e+06
step 2076 | acc=0.1960 | NZ=    84 | sparsity=0.9611 | d_m=1.8517e+06
step 2077 | acc=0.1810 | NZ=    83 | sparsity=0.9616 | d_m=1.8886e+06
step 2078 | acc=0.1700 | NZ=    82 | sparsity=0.9620 | d_m=1.9256e+06
step 2079 | acc=0.1690 | NZ=    81 | sparsity=0.9625 | d_m=1.9670e+06
step 2080 | acc=0.1680 | NZ=    80 | sparsity=0.9630 | d_m=1.9828e+06
step 2081 | acc=0.1680 | NZ=    79 | sparsity=0.9634 | d_m=2.0279e+06
step 2082 | acc=0.1620 | NZ=    78 | sparsity=0.9639 | d_m=2.0395e+06
step 2083 | acc=0.1610 | NZ=    77 | sparsity=0.9644 | d_m=2.0395e+06
step 2084 | acc=0.1490 | NZ=    76 | sparsity=0.9648 | d_m=2.0499e+06
step 2085 | acc=0.1510 | NZ=    75 | sparsity=0.9653 | d_m=2.0462e+06
step 2086 | acc=0.1460 | NZ=    74 | sparsity=0.9657 | d_m=2.0537e+06
step 2087 | acc=0.1430 | NZ=    73 | sparsity=0.9662 | d_m=2.0729e+06
step 2088 | acc=0.1250 | NZ=    72 | sparsity=0.9667 | d_m=2.0823e+06
step 2089 | acc=0.1200 | NZ=    71 | sparsity=0.9671 | d_m=2.0821e+06
step 2090 | acc=0.1180 | NZ=    70 | sparsity=0.9676 | d_m=2.0724e+06
step 2091 | acc=0.1180 | NZ=    69 | sparsity=0.9681 | d_m=2.0728e+06
step 2092 | acc=0.1130 | NZ=    68 | sparsity=0.9685 | d_m=2.0795e+06
step 2093 | acc=0.1090 | NZ=    67 | sparsity=0.9690 | d_m=2.0874e+06
step 2094 | acc=0.1130 | NZ=    66 | sparsity=0.9694 | d_m=2.0861e+06
step 2095 | acc=0.1180 | NZ=    65 | sparsity=0.9699 | d_m=2.0968e+06
step 2096 | acc=0.1210 | NZ=    64 | sparsity=0.9704 | d_m=2.1010e+06
step 2097 | acc=0.1190 | NZ=    63 | sparsity=0.9708 | d_m=2.1001e+06
step 2098 | acc=0.1210 | NZ=    62 | sparsity=0.9713 | d_m=2.1040e+06
step 2099 | acc=0.1160 | NZ=    61 | sparsity=0.9718 | d_m=2.1493e+06
step 2100 | acc=0.1190 | NZ=    60 | sparsity=0.9722 | d_m=2.1558e+06
step 2101 | acc=0.1270 | NZ=    59 | sparsity=0.9727 | d_m=2.1632e+06
step 2102 | acc=0.1290 | NZ=    58 | sparsity=0.9731 | d_m=2.1629e+06
step 2103 | acc=0.1280 | NZ=    57 | sparsity=0.9736 | d_m=2.1577e+06
step 2104 | acc=0.1250 | NZ=    56 | sparsity=0.9741 | d_m=2.1623e+06
step 2105 | acc=0.1260 | NZ=    55 | sparsity=0.9745 | d_m=2.1634e+06
step 2106 | acc=0.1240 | NZ=    54 | sparsity=0.9750 | d_m=2.1613e+06
step 2107 | acc=0.1210 | NZ=    53 | sparsity=0.9755 | d_m=2.1604e+06
step 2108 | acc=0.1200 | NZ=    52 | sparsity=0.9759 | d_m=2.1862e+06
step 2109 | acc=0.1190 | NZ=    51 | sparsity=0.9764 | d_m=2.1895e+06
step 2110 | acc=0.1160 | NZ=    50 | sparsity=0.9769 | d_m=2.1887e+06
step 2111 | acc=0.1140 | NZ=    49 | sparsity=0.9773 | d_m=2.2205e+06
step 2112 | acc=0.1140 | NZ=    48 | sparsity=0.9778 | d_m=2.2264e+06
step 2113 | acc=0.1140 | NZ=    47 | sparsity=0.9782 | d_m=2.2239e+06
step 2114 | acc=0.1120 | NZ=    46 | sparsity=0.9787 | d_m=2.2993e+06
step 2115 | acc=0.1100 | NZ=    45 | sparsity=0.9792 | d_m=2.3185e+06
step 2116 | acc=0.1090 | NZ=    44 | sparsity=0.9796 | d_m=2.3469e+06
step 2117 | acc=0.1090 | NZ=    43 | sparsity=0.9801 | d_m=2.4271e+06
step 2118 | acc=0.1090 | NZ=    42 | sparsity=0.9806 | d_m=2.5221e+06
step 2119 | acc=0.1090 | NZ=    41 | sparsity=0.9810 | d_m=2.5402e+06
step 2120 | acc=0.1070 | NZ=    40 | sparsity=0.9815 | d_m=2.5786e+06
step 2121 | acc=0.1040 | NZ=    39 | sparsity=0.9819 | d_m=2.6785e+06
step 2122 | acc=0.1060 | NZ=    38 | sparsity=0.9824 | d_m=2.6815e+06
step 2123 | acc=0.1070 | NZ=    37 | sparsity=0.9829 | d_m=2.6888e+06
step 2124 | acc=0.1070 | NZ=    36 | sparsity=0.9833 | d_m=2.6863e+06
step 2125 | acc=0.1070 | NZ=    35 | sparsity=0.9838 | d_m=2.6836e+06
step 2126 | acc=0.1050 | NZ=    34 | sparsity=0.9843 | d_m=2.7310e+06
step 2127 | acc=0.1080 | NZ=    33 | sparsity=0.9847 | d_m=3.0108e+06
step 2128 | acc=0.1050 | NZ=    32 | sparsity=0.9852 | d_m=3.0059e+06
step 2129 | acc=0.1090 | NZ=    31 | sparsity=0.9856 | d_m=3.0076e+06
step 2130 | acc=0.1080 | NZ=    30 | sparsity=0.9861 | d_m=3.0452e+06
step 2131 | acc=0.1080 | NZ=    29 | sparsity=0.9866 | d_m=3.1968e+06
step 2132 | acc=0.1080 | NZ=    28 | sparsity=0.9870 | d_m=3.6190e+06
step 2133 | acc=0.1080 | NZ=    27 | sparsity=0.9875 | d_m=3.9672e+06
step 2134 | acc=0.1080 | NZ=    26 | sparsity=0.9880 | d_m=3.9427e+06
step 2135 | acc=0.1080 | NZ=    25 | sparsity=0.9884 | d_m=3.9239e+06
step 2136 | acc=0.1080 | NZ=    24 | sparsity=0.9889 | d_m=4.3420e+06
step 2137 | acc=0.1120 | NZ=    23 | sparsity=0.9894 | d_m=4.5305e+06
step 2138 | acc=0.1070 | NZ=    22 | sparsity=0.9898 | d_m=5.1059e+06
step 2139 | acc=0.1070 | NZ=    21 | sparsity=0.9903 | d_m=5.0828e+06
step 2140 | acc=0.1070 | NZ=    20 | sparsity=0.9907 | d_m=5.0428e+06
step 2141 | acc=0.1070 | NZ=    19 | sparsity=0.9912 | d_m=5.1409e+06
step 2142 | acc=0.1070 | NZ=    18 | sparsity=0.9917 | d_m=5.3714e+06
step 2143 | acc=0.1070 | NZ=    17 | sparsity=0.9921 | d_m=5.3209e+06
step 2144 | acc=0.1070 | NZ=    16 | sparsity=0.9926 | d_m=5.6490e+06
step 2145 | acc=0.1070 | NZ=    15 | sparsity=0.9931 | d_m=5.6015e+06
step 2146 | acc=0.1070 | NZ=    14 | sparsity=0.9935 | d_m=5.7451e+06
step 2147 | acc=0.1070 | NZ=    13 | sparsity=0.9940 | d_m=6.0596e+06
step 2148 | acc=0.1070 | NZ=    12 | sparsity=0.9944 | d_m=6.0118e+06
step 2149 | acc=0.1070 | NZ=    11 | sparsity=0.9949 | d_m=5.9888e+06
step 2150 | acc=0.1070 | NZ=    10 | sparsity=0.9954 | d_m=6.7850e+06
step 2151 | acc=0.1070 | NZ=     9 | sparsity=0.9958 | d_m=1.0262e+07
step 2152 | acc=0.1070 | NZ=     8 | sparsity=0.9963 | d_m=1.1576e+07
step 2153 | acc=0.1070 | NZ=     7 | sparsity=0.9968 | d_m=1.8724e+07
step 2154 | acc=0.1070 | NZ=     6 | sparsity=0.9972 | d_m=1.8410e+07
step 2155 | acc=0.1070 | NZ=     5 | sparsity=0.9977 | d_m=2.0007e+07
step 2156 | acc=0.1070 | NZ=     4 | sparsity=0.9981 | d_m=4.5312e+06
step 2157 | acc=0.1070 | NZ=     3 | sparsity=0.9986 | d_m=2.7279e+06
step 2158 | acc=0.1070 | NZ=     2 | sparsity=0.9991 | d_m=2.4729e+06
step 2159 | acc=0.1070 | NZ=     1 | sparsity=0.9995 | d_m=2.4316e+06
sparsification log saved to: /home/simon/repos/onnxmlir-pim-sparsify/artifacts/e25_stupidity_seed_1/sparsified/sparsification_log.csv
[supervise 19:29:20] DONE experiments/e25_stupidity_seed_1.json rc=0
[supervise 19:29:20] launch [/home/simon/venv/general/bin/python3 scripts/train.py experiments/e25_stupidity_seed_2.json] (attempt 0/5)
Output folder: /home/simon/repos/onnxmlir-pim-sparsify/artifacts/e25_stupidity_seed_2
Data loaded. (input_scale=1.0)
	X_train.shape = (10000, 196)
	X_test.shape  = (1000, 196)
Learning rate: 0.0100
Topology: [196, 10, 10, 10]
Training loop started
---------------------------------------------------------
	Epoch 0 of 1000 in 0.34 sec
	Train acc 0.09730 | Test acc 0.08900
---------------------------------------------------------
	Epoch 100 of 1000 in 0.00 sec
	Train acc 0.18150 | Test acc 0.19900
---------------------------------------------------------
	Epoch 200 of 1000 in 0.00 sec
	Train acc 0.68730 | Test acc 0.65800
---------------------------------------------------------
	Epoch 300 of 1000 in 0.00 sec
	Train acc 0.83640 | Test acc 0.83200
---------------------------------------------------------
	Epoch 400 of 1000 in 0.00 sec
	Train acc 0.86590 | Test acc 0.85200
---------------------------------------------------------
	Epoch 500 of 1000 in 0.00 sec
	Train acc 0.88740 | Test acc 0.87300
---------------------------------------------------------
	Epoch 600 of 1000 in 0.00 sec
	Train acc 0.90330 | Test acc 0.88500
---------------------------------------------------------
	Epoch 700 of 1000 in 0.00 sec
	Train acc 0.90740 | Test acc 0.88900
---------------------------------------------------------
	Epoch 800 of 1000 in 0.00 sec
	Train acc 0.91490 | Test acc 0.90300
---------------------------------------------------------
	Epoch 900 of 1000 in 0.00 sec
	Train acc 0.91770 | Test acc 0.90300
---------------------------------------------------------
Training log saved to: /home/simon/repos/onnxmlir-pim-sparsify/artifacts/e25_stupidity_seed_2/training_log.csv
Model saved to: /home/simon/repos/onnxmlir-pim-sparsify/artifacts/e25_stupidity_seed_2
[supervise 19:29:57] DONE experiments/e25_stupidity_seed_2.json rc=0
[supervise 19:29:57] launch [/home/simon/venv/general/bin/python3 -m sparsifier.sparsifier experiments/e25_stupidity_seed_2.json] (attempt 0/5)
<frozen runpy>:128: RuntimeWarning: 'sparsifier.sparsifier' found in sys.modules after import of package 'sparsifier', but prior to execution of 'sparsifier.sparsifier'; this may result in unpredictable behaviour
Load the parameters from the folder
Found 3 layers in /home/simon/repos/onnxmlir-pim-sparsify/artifacts/e25_stupidity_seed_2
Accuracy in validation: 0.9110
Total parameters: 2160
Perturbation distance (sanity check): 4.4519e-01
Starting sparsification loop
step    0 | acc=0.9110 | NZ=  2160 | sparsity=0.0000 | d_m=0.0000e+00
step    1 | acc=0.9110 | NZ=  2159 | sparsity=0.0005 | d_m=8.4528e-06
step    2 | acc=0.9110 | NZ=  2158 | sparsity=0.0009 | d_m=1.1483e-05
step    3 | acc=0.9110 | NZ=  2157 | sparsity=0.0014 | d_m=1.8984e-05
step    4 | acc=0.9110 | NZ=  2156 | sparsity=0.0019 | d_m=6.6973e-05
step    5 | acc=0.9110 | NZ=  2155 | sparsity=0.0023 | d_m=7.3081e-05
step    6 | acc=0.9110 | NZ=  2154 | sparsity=0.0028 | d_m=1.9710e-04
step    7 | acc=0.9110 | NZ=  2153 | sparsity=0.0032 | d_m=2.2025e-04
step    8 | acc=0.9110 | NZ=  2152 | sparsity=0.0037 | d_m=2.5009e-04
step    9 | acc=0.9110 | NZ=  2151 | sparsity=0.0042 | d_m=3.9635e-04
step   10 | acc=0.9110 | NZ=  2150 | sparsity=0.0046 | d_m=6.8085e-04
step   11 | acc=0.9110 | NZ=  2149 | sparsity=0.0051 | d_m=5.2868e-04
step   12 | acc=0.9110 | NZ=  2148 | sparsity=0.0056 | d_m=6.7895e-04
step   13 | acc=0.9110 | NZ=  2147 | sparsity=0.0060 | d_m=8.7504e-04
step   14 | acc=0.9110 | NZ=  2146 | sparsity=0.0065 | d_m=9.2599e-04
step   15 | acc=0.9110 | NZ=  2145 | sparsity=0.0069 | d_m=1.0171e-03
step   16 | acc=0.9110 | NZ=  2144 | sparsity=0.0074 | d_m=1.2720e-03
step   17 | acc=0.9110 | NZ=  2143 | sparsity=0.0079 | d_m=1.2904e-03
step   18 | acc=0.9110 | NZ=  2142 | sparsity=0.0083 | d_m=1.5158e-03
step   19 | acc=0.9110 | NZ=  2141 | sparsity=0.0088 | d_m=1.9097e-03
step   20 | acc=0.9110 | NZ=  2140 | sparsity=0.0093 | d_m=1.6894e-03
step   21 | acc=0.9110 | NZ=  2139 | sparsity=0.0097 | d_m=2.2998e-03
step   22 | acc=0.9110 | NZ=  2138 | sparsity=0.0102 | d_m=2.4144e-03
step   23 | acc=0.9110 | NZ=  2137 | sparsity=0.0106 | d_m=2.8572e-03
step   24 | acc=0.9110 | NZ=  2136 | sparsity=0.0111 | d_m=3.3066e-03
step   25 | acc=0.9110 | NZ=  2135 | sparsity=0.0116 | d_m=3.6874e-03
step   26 | acc=0.9110 | NZ=  2134 | sparsity=0.0120 | d_m=3.8247e-03
step   27 | acc=0.9110 | NZ=  2133 | sparsity=0.0125 | d_m=4.5213e-03
step   28 | acc=0.9110 | NZ=  2132 | sparsity=0.0130 | d_m=4.6232e-03
step   29 | acc=0.9110 | NZ=  2131 | sparsity=0.0134 | d_m=4.9925e-03
step   30 | acc=0.9110 | NZ=  2130 | sparsity=0.0139 | d_m=5.2865e-03
step   31 | acc=0.9110 | NZ=  2129 | sparsity=0.0144 | d_m=6.3379e-03
step   32 | acc=0.9110 | NZ=  2128 | sparsity=0.0148 | d_m=6.6215e-03
step   33 | acc=0.9110 | NZ=  2127 | sparsity=0.0153 | d_m=8.8783e-03
step   34 | acc=0.9110 | NZ=  2126 | sparsity=0.0157 | d_m=8.3716e-03
step   35 | acc=0.9110 | NZ=  2125 | sparsity=0.0162 | d_m=9.2375e-03
step   36 | acc=0.9110 | NZ=  2124 | sparsity=0.0167 | d_m=1.0375e-02
step   37 | acc=0.9110 | NZ=  2123 | sparsity=0.0171 | d_m=1.0750e-02
step   38 | acc=0.9110 | NZ=  2122 | sparsity=0.0176 | d_m=1.2928e-02
step   39 | acc=0.9110 | NZ=  2121 | sparsity=0.0181 | d_m=1.2201e-02
step   40 | acc=0.9110 | NZ=  2120 | sparsity=0.0185 | d_m=1.5143e-02
step   41 | acc=0.9110 | NZ=  2119 | sparsity=0.0190 | d_m=1.5781e-02
step   42 | acc=0.9110 | NZ=  2118 | sparsity=0.0194 | d_m=1.6466e-02
step   43 | acc=0.9110 | NZ=  2117 | sparsity=0.0199 | d_m=1.8602e-02
step   44 | acc=0.9110 | NZ=  2116 | sparsity=0.0204 | d_m=2.3305e-02
step   45 | acc=0.9110 | NZ=  2115 | sparsity=0.0208 | d_m=2.1072e-02
step   46 | acc=0.9110 | NZ=  2114 | sparsity=0.0213 | d_m=2.4798e-02
step   47 | acc=0.9110 | NZ=  2113 | sparsity=0.0218 | d_m=2.5049e-02
step   48 | acc=0.9110 | NZ=  2112 | sparsity=0.0222 | d_m=2.5949e-02
step   49 | acc=0.9110 | NZ=  2111 | sparsity=0.0227 | d_m=3.0757e-02
step   50 | acc=0.9110 | NZ=  2110 | sparsity=0.0231 | d_m=2.9189e-02
step   51 | acc=0.9110 | NZ=  2109 | sparsity=0.0236 | d_m=3.4976e-02
step   52 | acc=0.9110 | NZ=  2108 | sparsity=0.0241 | d_m=3.3778e-02
step   53 | acc=0.9110 | NZ=  2107 | sparsity=0.0245 | d_m=3.6153e-02
step   54 | acc=0.9110 | NZ=  2106 | sparsity=0.0250 | d_m=4.0287e-02
step   55 | acc=0.9110 | NZ=  2105 | sparsity=0.0255 | d_m=3.9729e-02
step   56 | acc=0.9110 | NZ=  2104 | sparsity=0.0259 | d_m=4.3755e-02
step   57 | acc=0.9110 | NZ=  2103 | sparsity=0.0264 | d_m=4.3760e-02
step   58 | acc=0.9110 | NZ=  2102 | sparsity=0.0269 | d_m=4.5547e-02
step   59 | acc=0.9110 | NZ=  2101 | sparsity=0.0273 | d_m=5.3719e-02
step   60 | acc=0.9110 | NZ=  2100 | sparsity=0.0278 | d_m=5.1153e-02
step   61 | acc=0.9110 | NZ=  2099 | sparsity=0.0282 | d_m=5.6737e-02
step   62 | acc=0.9110 | NZ=  2098 | sparsity=0.0287 | d_m=6.2612e-02
step   63 | acc=0.9110 | NZ=  2097 | sparsity=0.0292 | d_m=6.4571e-02
step   64 | acc=0.9110 | NZ=  2096 | sparsity=0.0296 | d_m=6.6198e-02
step   65 | acc=0.9110 | NZ=  2095 | sparsity=0.0301 | d_m=6.9362e-02
step   66 | acc=0.9110 | NZ=  2094 | sparsity=0.0306 | d_m=7.0478e-02
step   67 | acc=0.9110 | NZ=  2093 | sparsity=0.0310 | d_m=7.5390e-02
step   68 | acc=0.9110 | NZ=  2092 | sparsity=0.0315 | d_m=7.5321e-02
step   69 | acc=0.9110 | NZ=  2091 | sparsity=0.0319 | d_m=7.9246e-02
step   70 | acc=0.9110 | NZ=  2090 | sparsity=0.0324 | d_m=8.1058e-02
step   71 | acc=0.9110 | NZ=  2089 | sparsity=0.0329 | d_m=8.3502e-02
step   72 | acc=0.9110 | NZ=  2088 | sparsity=0.0333 | d_m=9.3836e-02
step   73 | acc=0.9110 | NZ=  2087 | sparsity=0.0338 | d_m=9.0065e-02
step   74 | acc=0.9110 | NZ=  2086 | sparsity=0.0343 | d_m=9.4020e-02
step   75 | acc=0.9110 | NZ=  2085 | sparsity=0.0347 | d_m=1.0758e-01
step   76 | acc=0.9110 | NZ=  2084 | sparsity=0.0352 | d_m=1.0145e-01
step   77 | acc=0.9110 | NZ=  2083 | sparsity=0.0356 | d_m=1.1288e-01
step   78 | acc=0.9110 | NZ=  2082 | sparsity=0.0361 | d_m=1.1373e-01
step   79 | acc=0.9110 | NZ=  2081 | sparsity=0.0366 | d_m=1.1947e-01
step   80 | acc=0.9110 | NZ=  2080 | sparsity=0.0370 | d_m=1.2836e-01
step   81 | acc=0.9110 | NZ=  2079 | sparsity=0.0375 | d_m=1.2850e-01
step   82 | acc=0.9110 | NZ=  2078 | sparsity=0.0380 | d_m=1.3615e-01
step   83 | acc=0.9110 | NZ=  2077 | sparsity=0.0384 | d_m=1.3669e-01
step   84 | acc=0.9110 | NZ=  2076 | sparsity=0.0389 | d_m=1.4104e-01
step   85 | acc=0.9110 | NZ=  2075 | sparsity=0.0394 | d_m=1.5847e-01
step   86 | acc=0.9110 | NZ=  2074 | sparsity=0.0398 | d_m=1.6152e-01
step   87 | acc=0.9110 | NZ=  2073 | sparsity=0.0403 | d_m=1.7542e-01
step   88 | acc=0.9110 | NZ=  2072 | sparsity=0.0407 | d_m=1.6979e-01
step   89 | acc=0.9110 | NZ=  2071 | sparsity=0.0412 | d_m=1.8893e-01
step   90 | acc=0.9110 | NZ=  2070 | sparsity=0.0417 | d_m=2.0690e-01
step   91 | acc=0.9110 | NZ=  2069 | sparsity=0.0421 | d_m=2.0119e-01
step   92 | acc=0.9110 | NZ=  2068 | sparsity=0.0426 | d_m=2.1136e-01
step   93 | acc=0.9110 | NZ=  2067 | sparsity=0.0431 | d_m=2.1809e-01
step   94 | acc=0.9110 | NZ=  2066 | sparsity=0.0435 | d_m=2.2309e-01
step   95 | acc=0.9110 | NZ=  2065 | sparsity=0.0440 | d_m=2.3956e-01
step   96 | acc=0.9110 | NZ=  2064 | sparsity=0.0444 | d_m=2.3690e-01
step   97 | acc=0.9110 | NZ=  2063 | sparsity=0.0449 | d_m=2.4729e-01
step   98 | acc=0.9110 | NZ=  2062 | sparsity=0.0454 | d_m=2.4641e-01
step   99 | acc=0.9110 | NZ=  2061 | sparsity=0.0458 | d_m=2.5040e-01
step  100 | acc=0.9110 | NZ=  2060 | sparsity=0.0463 | d_m=2.5413e-01
step  101 | acc=0.9110 | NZ=  2059 | sparsity=0.0468 | d_m=2.7756e-01
step  102 | acc=0.9110 | NZ=  2058 | sparsity=0.0472 | d_m=2.7136e-01
step  103 | acc=0.9110 | NZ=  2057 | sparsity=0.0477 | d_m=2.8462e-01
step  104 | acc=0.9110 | NZ=  2056 | sparsity=0.0481 | d_m=2.8465e-01
step  105 | acc=0.9110 | NZ=  2055 | sparsity=0.0486 | d_m=3.1264e-01
step  106 | acc=0.9110 | NZ=  2054 | sparsity=0.0491 | d_m=3.0042e-01
step  107 | acc=0.9110 | NZ=  2053 | sparsity=0.0495 | d_m=3.2341e-01
step  108 | acc=0.9110 | NZ=  2052 | sparsity=0.0500 | d_m=3.2085e-01
step  109 | acc=0.9110 | NZ=  2051 | sparsity=0.0505 | d_m=3.3517e-01
step  110 | acc=0.9110 | NZ=  2050 | sparsity=0.0509 | d_m=3.4217e-01
step  111 | acc=0.9110 | NZ=  2049 | sparsity=0.0514 | d_m=3.5341e-01
step  112 | acc=0.9110 | NZ=  2048 | sparsity=0.0519 | d_m=3.6628e-01
step  113 | acc=0.9110 | NZ=  2047 | sparsity=0.0523 | d_m=3.6937e-01
step  114 | acc=0.9110 | NZ=  2046 | sparsity=0.0528 | d_m=3.9020e-01
step  115 | acc=0.9110 | NZ=  2045 | sparsity=0.0532 | d_m=3.9742e-01
step  116 | acc=0.9110 | NZ=  2044 | sparsity=0.0537 | d_m=4.1608e-01
step  117 | acc=0.9110 | NZ=  2043 | sparsity=0.0542 | d_m=4.2129e-01
step  118 | acc=0.9110 | NZ=  2042 | sparsity=0.0546 | d_m=4.4058e-01
step  119 | acc=0.9110 | NZ=  2041 | sparsity=0.0551 | d_m=4.5383e-01
step  120 | acc=0.9110 | NZ=  2040 | sparsity=0.0556 | d_m=4.6749e-01
step  121 | acc=0.9110 | NZ=  2039 | sparsity=0.0560 | d_m=4.8489e-01
step  122 | acc=0.9110 | NZ=  2038 | sparsity=0.0565 | d_m=5.0252e-01
step  123 | acc=0.9110 | NZ=  2037 | sparsity=0.0569 | d_m=5.1715e-01
step  124 | acc=0.9110 | NZ=  2036 | sparsity=0.0574 | d_m=5.3730e-01
step  125 | acc=0.9110 | NZ=  2035 | sparsity=0.0579 | d_m=5.4694e-01
step  126 | acc=0.9110 | NZ=  2034 | sparsity=0.0583 | d_m=5.8075e-01
step  127 | acc=0.9110 | NZ=  2033 | sparsity=0.0588 | d_m=6.0801e-01
step  128 | acc=0.9110 | NZ=  2032 | sparsity=0.0593 | d_m=6.1717e-01
step  129 | acc=0.9110 | NZ=  2031 | sparsity=0.0597 | d_m=6.5519e-01
step  130 | acc=0.9110 | NZ=  2030 | sparsity=0.0602 | d_m=6.7265e-01
step  131 | acc=0.9110 | NZ=  2029 | sparsity=0.0606 | d_m=6.8022e-01
step  132 | acc=0.9110 | NZ=  2028 | sparsity=0.0611 | d_m=7.0452e-01
step  133 | acc=0.9110 | NZ=  2027 | sparsity=0.0616 | d_m=7.0356e-01
step  134 | acc=0.9110 | NZ=  2026 | sparsity=0.0620 | d_m=7.2892e-01
step  135 | acc=0.9110 | NZ=  2025 | sparsity=0.0625 | d_m=7.2873e-01
step  136 | acc=0.9110 | NZ=  2024 | sparsity=0.0630 | d_m=7.4621e-01
step  137 | acc=0.9110 | NZ=  2023 | sparsity=0.0634 | d_m=7.4255e-01
step  138 | acc=0.9110 | NZ=  2022 | sparsity=0.0639 | d_m=7.4879e-01
step  139 | acc=0.9110 | NZ=  2021 | sparsity=0.0644 | d_m=7.5906e-01
step  140 | acc=0.9110 | NZ=  2020 | sparsity=0.0648 | d_m=7.6852e-01
step  141 | acc=0.9110 | NZ=  2019 | sparsity=0.0653 | d_m=7.8461e-01
step  142 | acc=0.9110 | NZ=  2018 | sparsity=0.0657 | d_m=7.9665e-01
step  143 | acc=0.9110 | NZ=  2017 | sparsity=0.0662 | d_m=8.1670e-01
step  144 | acc=0.9110 | NZ=  2016 | sparsity=0.0667 | d_m=8.1584e-01
step  145 | acc=0.9110 | NZ=  2015 | sparsity=0.0671 | d_m=8.3150e-01
step  146 | acc=0.9110 | NZ=  2014 | sparsity=0.0676 | d_m=8.4323e-01
step  147 | acc=0.9110 | NZ=  2013 | sparsity=0.0681 | d_m=8.4812e-01
step  148 | acc=0.9110 | NZ=  2012 | sparsity=0.0685 | d_m=8.8746e-01
step  149 | acc=0.9110 | NZ=  2011 | sparsity=0.0690 | d_m=8.6688e-01
step  150 | acc=0.9110 | NZ=  2010 | sparsity=0.0694 | d_m=9.0275e-01
step  151 | acc=0.9110 | NZ=  2009 | sparsity=0.0699 | d_m=8.8839e-01
step  152 | acc=0.9110 | NZ=  2008 | sparsity=0.0704 | d_m=9.1540e-01
step  153 | acc=0.9110 | NZ=  2007 | sparsity=0.0708 | d_m=9.1434e-01
step  154 | acc=0.9110 | NZ=  2006 | sparsity=0.0713 | d_m=9.3472e-01
step  155 | acc=0.9110 | NZ=  2005 | sparsity=0.0718 | d_m=9.4015e-01
step  156 | acc=0.9110 | NZ=  2004 | sparsity=0.0722 | d_m=9.5838e-01
step  157 | acc=0.9110 | NZ=  2003 | sparsity=0.0727 | d_m=9.6780e-01
step  158 | acc=0.9110 | NZ=  2002 | sparsity=0.0731 | d_m=9.8098e-01
step  159 | acc=0.9110 | NZ=  2001 | sparsity=0.0736 | d_m=9.9304e-01
step  160 | acc=0.9110 | NZ=  2000 | sparsity=0.0741 | d_m=1.0020e+00
step  161 | acc=0.9110 | NZ=  1999 | sparsity=0.0745 | d_m=1.0633e+00
step  162 | acc=0.9110 | NZ=  1998 | sparsity=0.0750 | d_m=1.1255e+00
step  163 | acc=0.9110 | NZ=  1997 | sparsity=0.0755 | d_m=1.1016e+00
step  164 | acc=0.9110 | NZ=  1996 | sparsity=0.0759 | d_m=1.1522e+00
step  165 | acc=0.9110 | NZ=  1995 | sparsity=0.0764 | d_m=1.1425e+00
step  166 | acc=0.9110 | NZ=  1994 | sparsity=0.0769 | d_m=1.1866e+00
step  167 | acc=0.9110 | NZ=  1993 | sparsity=0.0773 | d_m=1.1719e+00
step  168 | acc=0.9110 | NZ=  1992 | sparsity=0.0778 | d_m=1.2205e+00
step  169 | acc=0.9110 | NZ=  1991 | sparsity=0.0782 | d_m=1.2036e+00
step  170 | acc=0.9110 | NZ=  1990 | sparsity=0.0787 | d_m=1.2475e+00
step  171 | acc=0.9110 | NZ=  1989 | sparsity=0.0792 | d_m=1.2375e+00
step  172 | acc=0.9110 | NZ=  1988 | sparsity=0.0796 | d_m=1.2829e+00
step  173 | acc=0.9110 | NZ=  1987 | sparsity=0.0801 | d_m=1.2769e+00
step  174 | acc=0.9110 | NZ=  1986 | sparsity=0.0806 | d_m=1.3145e+00
step  175 | acc=0.9110 | NZ=  1985 | sparsity=0.0810 | d_m=1.3074e+00
step  176 | acc=0.9110 | NZ=  1984 | sparsity=0.0815 | d_m=1.3436e+00
step  177 | acc=0.9110 | NZ=  1983 | sparsity=0.0819 | d_m=1.3486e+00
step  178 | acc=0.9110 | NZ=  1982 | sparsity=0.0824 | d_m=1.3717e+00
step  179 | acc=0.9110 | NZ=  1981 | sparsity=0.0829 | d_m=1.3756e+00
step  180 | acc=0.9110 | NZ=  1980 | sparsity=0.0833 | d_m=1.4052e+00
step  181 | acc=0.9110 | NZ=  1979 | sparsity=0.0838 | d_m=1.4134e+00
step  182 | acc=0.9110 | NZ=  1978 | sparsity=0.0843 | d_m=1.4299e+00
step  183 | acc=0.9110 | NZ=  1977 | sparsity=0.0847 | d_m=1.4496e+00
step  184 | acc=0.9110 | NZ=  1976 | sparsity=0.0852 | d_m=1.4615e+00
step  185 | acc=0.9110 | NZ=  1975 | sparsity=0.0856 | d_m=1.4861e+00
step  186 | acc=0.9110 | NZ=  1974 | sparsity=0.0861 | d_m=1.5088e+00
step  187 | acc=0.9110 | NZ=  1973 | sparsity=0.0866 | d_m=1.5316e+00
step  188 | acc=0.9110 | NZ=  1972 | sparsity=0.0870 | d_m=1.5401e+00
step  189 | acc=0.9110 | NZ=  1971 | sparsity=0.0875 | d_m=1.5831e+00
step  190 | acc=0.9110 | NZ=  1970 | sparsity=0.0880 | d_m=1.5977e+00
step  191 | acc=0.9110 | NZ=  1969 | sparsity=0.0884 | d_m=1.6062e+00
step  192 | acc=0.9110 | NZ=  1968 | sparsity=0.0889 | d_m=1.6327e+00
step  193 | acc=0.9110 | NZ=  1967 | sparsity=0.0894 | d_m=1.6343e+00
step  194 | acc=0.9110 | NZ=  1966 | sparsity=0.0898 | d_m=1.6860e+00
step  195 | acc=0.9110 | NZ=  1965 | sparsity=0.0903 | d_m=1.6990e+00
step  196 | acc=0.9110 | NZ=  1964 | sparsity=0.0907 | d_m=1.7340e+00
step  197 | acc=0.9110 | NZ=  1963 | sparsity=0.0912 | d_m=1.7455e+00
step  198 | acc=0.9110 | NZ=  1962 | sparsity=0.0917 | d_m=1.7822e+00
step  199 | acc=0.9110 | NZ=  1961 | sparsity=0.0921 | d_m=1.7619e+00
step  200 | acc=0.9110 | NZ=  1960 | sparsity=0.0926 | d_m=1.8199e+00
step  201 | acc=0.9110 | NZ=  1959 | sparsity=0.0931 | d_m=1.7961e+00
step  202 | acc=0.9110 | NZ=  1958 | sparsity=0.0935 | d_m=1.8702e+00
step  203 | acc=0.9110 | NZ=  1957 | sparsity=0.0940 | d_m=1.8445e+00
step  204 | acc=0.9110 | NZ=  1956 | sparsity=0.0944 | d_m=1.8643e+00
step  205 | acc=0.9110 | NZ=  1955 | sparsity=0.0949 | d_m=1.8976e+00
step  206 | acc=0.9110 | NZ=  1954 | sparsity=0.0954 | d_m=1.9420e+00
step  207 | acc=0.9110 | NZ=  1953 | sparsity=0.0958 | d_m=1.9414e+00
step  208 | acc=0.9110 | NZ=  1952 | sparsity=0.0963 | d_m=1.9737e+00
step  209 | acc=0.9110 | NZ=  1951 | sparsity=0.0968 | d_m=1.9780e+00
step  210 | acc=0.9110 | NZ=  1950 | sparsity=0.0972 | d_m=2.0033e+00
step  211 | acc=0.9110 | NZ=  1949 | sparsity=0.0977 | d_m=2.0159e+00
step  212 | acc=0.9110 | NZ=  1948 | sparsity=0.0981 | d_m=2.0443e+00
step  213 | acc=0.9110 | NZ=  1947 | sparsity=0.0986 | d_m=2.0568e+00
step  214 | acc=0.9110 | NZ=  1946 | sparsity=0.0991 | d_m=2.0845e+00
step  215 | acc=0.9110 | NZ=  1945 | sparsity=0.0995 | d_m=2.0948e+00
step  216 | acc=0.9110 | NZ=  1944 | sparsity=0.1000 | d_m=2.1742e+00
step  217 | acc=0.9110 | NZ=  1943 | sparsity=0.1005 | d_m=2.1321e+00
step  218 | acc=0.9110 | NZ=  1942 | sparsity=0.1009 | d_m=2.1696e+00
step  219 | acc=0.9110 | NZ=  1941 | sparsity=0.1014 | d_m=2.1869e+00
step  220 | acc=0.9110 | NZ=  1940 | sparsity=0.1019 | d_m=2.1977e+00
step  221 | acc=0.9110 | NZ=  1939 | sparsity=0.1023 | d_m=2.2462e+00
step  222 | acc=0.9110 | NZ=  1938 | sparsity=0.1028 | d_m=2.2283e+00
step  223 | acc=0.9110 | NZ=  1937 | sparsity=0.1032 | d_m=2.2921e+00
step  224 | acc=0.9110 | NZ=  1936 | sparsity=0.1037 | d_m=2.2729e+00
step  225 | acc=0.9110 | NZ=  1935 | sparsity=0.1042 | d_m=2.2926e+00
step  226 | acc=0.9110 | NZ=  1934 | sparsity=0.1046 | d_m=2.3823e+00
step  227 | acc=0.9110 | NZ=  1933 | sparsity=0.1051 | d_m=2.3399e+00
step  228 | acc=0.9110 | NZ=  1932 | sparsity=0.1056 | d_m=2.4213e+00
step  229 | acc=0.9110 | NZ=  1931 | sparsity=0.1060 | d_m=2.4127e+00
step  230 | acc=0.9110 | NZ=  1930 | sparsity=0.1065 | d_m=2.4319e+00
step  231 | acc=0.9110 | NZ=  1929 | sparsity=0.1069 | d_m=2.4895e+00
step  232 | acc=0.9110 | NZ=  1928 | sparsity=0.1074 | d_m=2.4738e+00
step  233 | acc=0.9110 | NZ=  1927 | sparsity=0.1079 | d_m=2.5553e+00
step  234 | acc=0.9110 | NZ=  1926 | sparsity=0.1083 | d_m=2.5281e+00
step  235 | acc=0.9110 | NZ=  1925 | sparsity=0.1088 | d_m=2.6060e+00
step  236 | acc=0.9110 | NZ=  1924 | sparsity=0.1093 | d_m=2.5693e+00
step  237 | acc=0.9110 | NZ=  1923 | sparsity=0.1097 | d_m=2.6622e+00
step  238 | acc=0.9110 | NZ=  1922 | sparsity=0.1102 | d_m=2.7065e+00
step  239 | acc=0.9110 | NZ=  1921 | sparsity=0.1106 | d_m=2.7176e+00
step  240 | acc=0.9110 | NZ=  1920 | sparsity=0.1111 | d_m=2.7712e+00
step  241 | acc=0.9110 | NZ=  1919 | sparsity=0.1116 | d_m=2.7697e+00
step  242 | acc=0.9110 | NZ=  1918 | sparsity=0.1120 | d_m=2.8494e+00
step  243 | acc=0.9110 | NZ=  1917 | sparsity=0.1125 | d_m=2.8410e+00
step  244 | acc=0.9110 | NZ=  1916 | sparsity=0.1130 | d_m=2.8943e+00
step  245 | acc=0.9110 | NZ=  1915 | sparsity=0.1134 | d_m=2.9167e+00
step  246 | acc=0.9110 | NZ=  1914 | sparsity=0.1139 | d_m=2.9722e+00
step  247 | acc=0.9110 | NZ=  1913 | sparsity=0.1144 | d_m=2.9721e+00
step  248 | acc=0.9110 | NZ=  1912 | sparsity=0.1148 | d_m=3.0022e+00
step  249 | acc=0.9110 | NZ=  1911 | sparsity=0.1153 | d_m=2.9887e+00
step  250 | acc=0.9110 | NZ=  1910 | sparsity=0.1157 | d_m=3.0329e+00
step  251 | acc=0.9110 | NZ=  1909 | sparsity=0.1162 | d_m=3.0321e+00
step  252 | acc=0.9110 | NZ=  1908 | sparsity=0.1167 | d_m=3.0701e+00
step  253 | acc=0.9110 | NZ=  1907 | sparsity=0.1171 | d_m=3.0464e+00
step  254 | acc=0.9110 | NZ=  1906 | sparsity=0.1176 | d_m=3.1085e+00
step  255 | acc=0.9110 | NZ=  1905 | sparsity=0.1181 | d_m=3.0347e+00
step  256 | acc=0.9110 | NZ=  1904 | sparsity=0.1185 | d_m=3.1295e+00
step  257 | acc=0.9110 | NZ=  1903 | sparsity=0.1190 | d_m=3.0634e+00
step  258 | acc=0.9110 | NZ=  1902 | sparsity=0.1194 | d_m=3.1567e+00
step  259 | acc=0.9110 | NZ=  1901 | sparsity=0.1199 | d_m=3.1029e+00
step  260 | acc=0.9110 | NZ=  1900 | sparsity=0.1204 | d_m=3.2153e+00
step  261 | acc=0.9110 | NZ=  1899 | sparsity=0.1208 | d_m=3.2744e+00
step  262 | acc=0.9110 | NZ=  1898 | sparsity=0.1213 | d_m=3.2360e+00
step  263 | acc=0.9110 | NZ=  1897 | sparsity=0.1218 | d_m=3.3091e+00
step  264 | acc=0.9110 | NZ=  1896 | sparsity=0.1222 | d_m=3.2678e+00
step  265 | acc=0.9110 | NZ=  1895 | sparsity=0.1227 | d_m=3.3040e+00
step  266 | acc=0.9110 | NZ=  1894 | sparsity=0.1231 | d_m=3.3114e+00
step  267 | acc=0.9110 | NZ=  1893 | sparsity=0.1236 | d_m=3.3283e+00
step  268 | acc=0.9110 | NZ=  1892 | sparsity=0.1241 | d_m=3.3558e+00
step  269 | acc=0.9110 | NZ=  1891 | sparsity=0.1245 | d_m=3.3350e+00
step  270 | acc=0.9110 | NZ=  1890 | sparsity=0.1250 | d_m=3.3845e+00
step  271 | acc=0.9110 | NZ=  1889 | sparsity=0.1255 | d_m=3.3558e+00
step  272 | acc=0.9110 | NZ=  1888 | sparsity=0.1259 | d_m=3.3826e+00
step  273 | acc=0.9110 | NZ=  1887 | sparsity=0.1264 | d_m=3.3980e+00
step  274 | acc=0.9110 | NZ=  1886 | sparsity=0.1269 | d_m=3.3913e+00
step  275 | acc=0.9110 | NZ=  1885 | sparsity=0.1273 | d_m=3.3924e+00
step  276 | acc=0.9110 | NZ=  1884 | sparsity=0.1278 | d_m=3.3932e+00
step  277 | acc=0.9110 | NZ=  1883 | sparsity=0.1282 | d_m=3.3916e+00
step  278 | acc=0.9110 | NZ=  1882 | sparsity=0.1287 | d_m=3.3903e+00
step  279 | acc=0.9110 | NZ=  1881 | sparsity=0.1292 | d_m=3.3891e+00
step  280 | acc=0.9110 | NZ=  1880 | sparsity=0.1296 | d_m=3.3880e+00
step  281 | acc=0.9110 | NZ=  1879 | sparsity=0.1301 | d_m=3.4176e+00
step  282 | acc=0.9110 | NZ=  1878 | sparsity=0.1306 | d_m=3.4779e+00
step  283 | acc=0.9110 | NZ=  1877 | sparsity=0.1310 | d_m=3.4753e+00
step  284 | acc=0.9110 | NZ=  1876 | sparsity=0.1315 | d_m=3.4891e+00
step  285 | acc=0.9110 | NZ=  1875 | sparsity=0.1319 | d_m=3.5403e+00
step  286 | acc=0.9110 | NZ=  1874 | sparsity=0.1324 | d_m=3.5375e+00
step  287 | acc=0.9110 | NZ=  1873 | sparsity=0.1329 | d_m=3.5732e+00
step  288 | acc=0.9110 | NZ=  1872 | sparsity=0.1333 | d_m=3.6110e+00
step  289 | acc=0.9110 | NZ=  1871 | sparsity=0.1338 | d_m=3.6420e+00
step  290 | acc=0.9110 | NZ=  1870 | sparsity=0.1343 | d_m=3.6884e+00
step  291 | acc=0.9110 | NZ=  1869 | sparsity=0.1347 | d_m=3.7476e+00
step  292 | acc=0.9110 | NZ=  1868 | sparsity=0.1352 | d_m=3.7567e+00
step  293 | acc=0.9110 | NZ=  1867 | sparsity=0.1356 | d_m=3.8165e+00
step  294 | acc=0.9110 | NZ=  1866 | sparsity=0.1361 | d_m=3.8251e+00
step  295 | acc=0.9110 | NZ=  1865 | sparsity=0.1366 | d_m=3.9566e+00
step  296 | acc=0.9110 | NZ=  1864 | sparsity=0.1370 | d_m=4.0251e+00
step  297 | acc=0.9110 | NZ=  1863 | sparsity=0.1375 | d_m=4.0076e+00
step  298 | acc=0.9110 | NZ=  1862 | sparsity=0.1380 | d_m=4.0698e+00
step  299 | acc=0.9110 | NZ=  1861 | sparsity=0.1384 | d_m=4.0760e+00
step  300 | acc=0.9110 | NZ=  1860 | sparsity=0.1389 | d_m=4.1235e+00
step  301 | acc=0.9110 | NZ=  1859 | sparsity=0.1394 | d_m=4.1568e+00
step  302 | acc=0.9110 | NZ=  1858 | sparsity=0.1398 | d_m=4.1864e+00
step  303 | acc=0.9110 | NZ=  1857 | sparsity=0.1403 | d_m=4.2313e+00
step  304 | acc=0.9110 | NZ=  1856 | sparsity=0.1407 | d_m=4.2776e+00
step  305 | acc=0.9110 | NZ=  1855 | sparsity=0.1412 | d_m=4.3227e+00
step  306 | acc=0.9110 | NZ=  1854 | sparsity=0.1417 | d_m=4.3756e+00
step  307 | acc=0.9110 | NZ=  1853 | sparsity=0.1421 | d_m=4.4009e+00
step  308 | acc=0.9110 | NZ=  1852 | sparsity=0.1426 | d_m=4.4403e+00
step  309 | acc=0.9110 | NZ=  1851 | sparsity=0.1431 | d_m=4.5488e+00
step  310 | acc=0.9110 | NZ=  1850 | sparsity=0.1435 | d_m=4.5286e+00
step  311 | acc=0.9110 | NZ=  1849 | sparsity=0.1440 | d_m=4.5973e+00
step  312 | acc=0.9110 | NZ=  1848 | sparsity=0.1444 | d_m=4.6154e+00
step  313 | acc=0.9110 | NZ=  1847 | sparsity=0.1449 | d_m=4.6649e+00
step  314 | acc=0.9110 | NZ=  1846 | sparsity=0.1454 | d_m=4.6964e+00
step  315 | acc=0.9110 | NZ=  1845 | sparsity=0.1458 | d_m=4.7401e+00
step  316 | acc=0.9110 | NZ=  1844 | sparsity=0.1463 | d_m=4.7876e+00
step  317 | acc=0.9110 | NZ=  1843 | sparsity=0.1468 | d_m=4.8282e+00
step  318 | acc=0.9110 | NZ=  1842 | sparsity=0.1472 | d_m=4.8792e+00
step  319 | acc=0.9110 | NZ=  1841 | sparsity=0.1477 | d_m=4.9081e+00
step  320 | acc=0.9110 | NZ=  1840 | sparsity=0.1481 | d_m=4.9468e+00
step  321 | acc=0.9110 | NZ=  1839 | sparsity=0.1486 | d_m=4.9964e+00
step  322 | acc=0.9110 | NZ=  1838 | sparsity=0.1491 | d_m=5.0268e+00
step  323 | acc=0.9090 | NZ=  1837 | sparsity=0.1495 | d_m=5.2439e+00
step  324 | acc=0.9110 | NZ=  1836 | sparsity=0.1500 | d_m=5.0717e+00
step  325 | acc=0.9110 | NZ=  1835 | sparsity=0.1505 | d_m=5.1272e+00
step  326 | acc=0.9110 | NZ=  1834 | sparsity=0.1509 | d_m=5.2128e+00
step  327 | acc=0.9110 | NZ=  1833 | sparsity=0.1514 | d_m=5.4077e+00
step  328 | acc=0.9110 | NZ=  1832 | sparsity=0.1519 | d_m=5.4682e+00
step  329 | acc=0.9110 | NZ=  1831 | sparsity=0.1523 | d_m=5.6026e+00
step  330 | acc=0.9110 | NZ=  1830 | sparsity=0.1528 | d_m=5.5764e+00
step  331 | acc=0.9110 | NZ=  1829 | sparsity=0.1532 | d_m=5.6852e+00
step  332 | acc=0.9110 | NZ=  1828 | sparsity=0.1537 | d_m=5.6962e+00
step  333 | acc=0.9110 | NZ=  1827 | sparsity=0.1542 | d_m=5.7789e+00
step  334 | acc=0.9110 | NZ=  1826 | sparsity=0.1546 | d_m=5.8053e+00
step  335 | acc=0.9110 | NZ=  1825 | sparsity=0.1551 | d_m=5.8759e+00
step  336 | acc=0.9110 | NZ=  1824 | sparsity=0.1556 | d_m=5.9066e+00
step  337 | acc=0.9110 | NZ=  1823 | sparsity=0.1560 | d_m=5.9763e+00
step  338 | acc=0.9110 | NZ=  1822 | sparsity=0.1565 | d_m=6.0008e+00
step  339 | acc=0.9110 | NZ=  1821 | sparsity=0.1569 | d_m=6.0232e+00
step  340 | acc=0.9110 | NZ=  1820 | sparsity=0.1574 | d_m=6.0721e+00
step  341 | acc=0.9110 | NZ=  1819 | sparsity=0.1579 | d_m=6.1927e+00
step  342 | acc=0.9110 | NZ=  1818 | sparsity=0.1583 | d_m=6.2124e+00
step  343 | acc=0.9110 | NZ=  1817 | sparsity=0.1588 | d_m=6.3259e+00
step  344 | acc=0.9110 | NZ=  1816 | sparsity=0.1593 | d_m=6.3357e+00
step  345 | acc=0.9110 | NZ=  1815 | sparsity=0.1597 | d_m=6.4406e+00
step  346 | acc=0.9110 | NZ=  1814 | sparsity=0.1602 | d_m=6.4292e+00
step  347 | acc=0.9110 | NZ=  1813 | sparsity=0.1606 | d_m=6.4708e+00
step  348 | acc=0.9110 | NZ=  1812 | sparsity=0.1611 | d_m=6.5484e+00
step  349 | acc=0.9110 | NZ=  1811 | sparsity=0.1616 | d_m=6.6238e+00
step  350 | acc=0.9110 | NZ=  1810 | sparsity=0.1620 | d_m=6.6960e+00
step  351 | acc=0.9110 | NZ=  1809 | sparsity=0.1625 | d_m=6.8611e+00
step  352 | acc=0.9110 | NZ=  1808 | sparsity=0.1630 | d_m=6.8203e+00
step  353 | acc=0.9110 | NZ=  1807 | sparsity=0.1634 | d_m=6.9646e+00
step  354 | acc=0.9110 | NZ=  1806 | sparsity=0.1639 | d_m=6.9832e+00
step  355 | acc=0.9110 | NZ=  1805 | sparsity=0.1644 | d_m=7.0812e+00
step  356 | acc=0.9110 | NZ=  1804 | sparsity=0.1648 | d_m=7.1121e+00
step  357 | acc=0.9110 | NZ=  1803 | sparsity=0.1653 | d_m=7.2234e+00
step  358 | acc=0.9110 | NZ=  1802 | sparsity=0.1657 | d_m=7.2612e+00
step  359 | acc=0.9110 | NZ=  1801 | sparsity=0.1662 | d_m=7.3927e+00
step  360 | acc=0.9110 | NZ=  1800 | sparsity=0.1667 | d_m=7.5042e+00
step  361 | acc=0.9110 | NZ=  1799 | sparsity=0.1671 | d_m=7.5484e+00
step  362 | acc=0.9110 | NZ=  1798 | sparsity=0.1676 | d_m=7.6568e+00
step  363 | acc=0.9110 | NZ=  1797 | sparsity=0.1681 | d_m=7.7220e+00
step  364 | acc=0.9110 | NZ=  1796 | sparsity=0.1685 | d_m=7.8389e+00
step  365 | acc=0.9110 | NZ=  1795 | sparsity=0.1690 | d_m=7.9593e+00
step  366 | acc=0.9110 | NZ=  1794 | sparsity=0.1694 | d_m=8.0888e+00
step  367 | acc=0.9110 | NZ=  1793 | sparsity=0.1699 | d_m=8.2109e+00
step  368 | acc=0.9110 | NZ=  1792 | sparsity=0.1704 | d_m=8.2482e+00
step  369 | acc=0.9110 | NZ=  1791 | sparsity=0.1708 | d_m=8.3496e+00
step  370 | acc=0.9110 | NZ=  1790 | sparsity=0.1713 | d_m=8.6053e+00
step  371 | acc=0.9110 | NZ=  1789 | sparsity=0.1718 | d_m=8.6618e+00
step  372 | acc=0.9110 | NZ=  1788 | sparsity=0.1722 | d_m=8.8902e+00
step  373 | acc=0.9110 | NZ=  1787 | sparsity=0.1727 | d_m=8.8553e+00
step  374 | acc=0.9110 | NZ=  1786 | sparsity=0.1731 | d_m=9.0626e+00
step  375 | acc=0.9110 | NZ=  1785 | sparsity=0.1736 | d_m=9.0575e+00
step  376 | acc=0.9110 | NZ=  1784 | sparsity=0.1741 | d_m=9.2277e+00
step  377 | acc=0.9110 | NZ=  1783 | sparsity=0.1745 | d_m=9.2355e+00
step  378 | acc=0.9110 | NZ=  1782 | sparsity=0.1750 | d_m=9.2573e+00
step  379 | acc=0.9110 | NZ=  1781 | sparsity=0.1755 | d_m=9.3786e+00
step  380 | acc=0.9110 | NZ=  1780 | sparsity=0.1759 | d_m=9.4932e+00
step  381 | acc=0.9110 | NZ=  1779 | sparsity=0.1764 | d_m=9.5872e+00
step  382 | acc=0.9110 | NZ=  1778 | sparsity=0.1769 | d_m=9.7365e+00
step  383 | acc=0.9110 | NZ=  1777 | sparsity=0.1773 | d_m=9.9078e+00
step  384 | acc=0.9110 | NZ=  1776 | sparsity=0.1778 | d_m=1.0110e+01
step  385 | acc=0.9110 | NZ=  1775 | sparsity=0.1782 | d_m=1.0344e+01
step  386 | acc=0.9110 | NZ=  1774 | sparsity=0.1787 | d_m=1.0401e+01
step  387 | acc=0.9110 | NZ=  1773 | sparsity=0.1792 | d_m=1.0549e+01
step  388 | acc=0.9110 | NZ=  1772 | sparsity=0.1796 | d_m=1.0688e+01
step  389 | acc=0.9110 | NZ=  1771 | sparsity=0.1801 | d_m=1.0803e+01
step  390 | acc=0.9110 | NZ=  1770 | sparsity=0.1806 | d_m=1.0949e+01
step  391 | acc=0.9110 | NZ=  1769 | sparsity=0.1810 | d_m=1.1246e+01
step  392 | acc=0.9110 | NZ=  1768 | sparsity=0.1815 | d_m=1.1202e+01
step  393 | acc=0.9110 | NZ=  1767 | sparsity=0.1819 | d_m=1.1443e+01
step  394 | acc=0.9110 | NZ=  1766 | sparsity=0.1824 | d_m=1.1432e+01
step  395 | acc=0.9110 | NZ=  1765 | sparsity=0.1829 | d_m=1.1613e+01
step  396 | acc=0.9110 | NZ=  1764 | sparsity=0.1833 | d_m=1.1625e+01
step  397 | acc=0.9110 | NZ=  1763 | sparsity=0.1838 | d_m=1.1786e+01
step  398 | acc=0.9110 | NZ=  1762 | sparsity=0.1843 | d_m=1.1828e+01
step  399 | acc=0.9110 | NZ=  1761 | sparsity=0.1847 | d_m=1.1986e+01
step  400 | acc=0.9110 | NZ=  1760 | sparsity=0.1852 | d_m=1.2057e+01
step  401 | acc=0.9110 | NZ=  1759 | sparsity=0.1856 | d_m=1.2212e+01
step  402 | acc=0.9110 | NZ=  1758 | sparsity=0.1861 | d_m=1.2291e+01
step  403 | acc=0.9110 | NZ=  1757 | sparsity=0.1866 | d_m=1.2453e+01
step  404 | acc=0.9110 | NZ=  1756 | sparsity=0.1870 | d_m=1.2506e+01
step  405 | acc=0.9110 | NZ=  1755 | sparsity=0.1875 | d_m=1.2625e+01
step  406 | acc=0.9110 | NZ=  1754 | sparsity=0.1880 | d_m=1.2732e+01
step  407 | acc=0.9110 | NZ=  1753 | sparsity=0.1884 | d_m=1.2824e+01
step  408 | acc=0.9110 | NZ=  1752 | sparsity=0.1889 | d_m=1.2959e+01
step  409 | acc=0.9110 | NZ=  1751 | sparsity=0.1894 | d_m=1.3063e+01
step  410 | acc=0.9110 | NZ=  1750 | sparsity=0.1898 | d_m=1.3210e+01
step  411 | acc=0.9110 | NZ=  1749 | sparsity=0.1903 | d_m=1.3353e+01
step  412 | acc=0.9110 | NZ=  1748 | sparsity=0.1907 | d_m=1.3465e+01
step  413 | acc=0.9110 | NZ=  1747 | sparsity=0.1912 | d_m=1.3575e+01
step  414 | acc=0.9110 | NZ=  1746 | sparsity=0.1917 | d_m=1.3600e+01
step  415 | acc=0.9110 | NZ=  1745 | sparsity=0.1921 | d_m=1.3620e+01
step  416 | acc=0.9110 | NZ=  1744 | sparsity=0.1926 | d_m=1.3727e+01
step  417 | acc=0.9100 | NZ=  1743 | sparsity=0.1931 | d_m=1.4446e+01
step  418 | acc=0.9100 | NZ=  1742 | sparsity=0.1935 | d_m=1.4600e+01
step  419 | acc=0.9100 | NZ=  1741 | sparsity=0.1940 | d_m=1.4761e+01
step  420 | acc=0.9100 | NZ=  1740 | sparsity=0.1944 | d_m=1.5059e+01
step  421 | acc=0.9100 | NZ=  1739 | sparsity=0.1949 | d_m=1.5052e+01
step  422 | acc=0.9100 | NZ=  1738 | sparsity=0.1954 | d_m=1.5294e+01
step  423 | acc=0.9100 | NZ=  1737 | sparsity=0.1958 | d_m=1.5284e+01
step  424 | acc=0.9110 | NZ=  1736 | sparsity=0.1963 | d_m=1.5508e+01
step  425 | acc=0.9110 | NZ=  1735 | sparsity=0.1968 | d_m=1.5528e+01
step  426 | acc=0.9110 | NZ=  1734 | sparsity=0.1972 | d_m=1.5753e+01
step  427 | acc=0.9110 | NZ=  1733 | sparsity=0.1977 | d_m=1.5750e+01
step  428 | acc=0.9110 | NZ=  1732 | sparsity=0.1981 | d_m=1.5860e+01
step  429 | acc=0.9110 | NZ=  1731 | sparsity=0.1986 | d_m=1.6111e+01
step  430 | acc=0.9110 | NZ=  1730 | sparsity=0.1991 | d_m=1.6089e+01
step  431 | acc=0.9110 | NZ=  1729 | sparsity=0.1995 | d_m=1.6352e+01
step  432 | acc=0.9110 | NZ=  1728 | sparsity=0.2000 | d_m=1.6429e+01
step  433 | acc=0.9110 | NZ=  1727 | sparsity=0.2005 | d_m=1.6633e+01
step  434 | acc=0.9110 | NZ=  1726 | sparsity=0.2009 | d_m=1.6778e+01
step  435 | acc=0.9110 | NZ=  1725 | sparsity=0.2014 | d_m=1.7053e+01
step  436 | acc=0.9110 | NZ=  1724 | sparsity=0.2019 | d_m=1.7200e+01
step  437 | acc=0.9110 | NZ=  1723 | sparsity=0.2023 | d_m=1.7470e+01
step  438 | acc=0.9110 | NZ=  1722 | sparsity=0.2028 | d_m=1.7699e+01
step  439 | acc=0.9110 | NZ=  1721 | sparsity=0.2032 | d_m=1.7865e+01
step  440 | acc=0.9110 | NZ=  1720 | sparsity=0.2037 | d_m=1.8021e+01
step  441 | acc=0.9110 | NZ=  1719 | sparsity=0.2042 | d_m=1.8464e+01
step  442 | acc=0.9110 | NZ=  1718 | sparsity=0.2046 | d_m=1.8356e+01
step  443 | acc=0.9110 | NZ=  1717 | sparsity=0.2051 | d_m=1.8685e+01
step  444 | acc=0.9110 | NZ=  1716 | sparsity=0.2056 | d_m=1.8637e+01
step  445 | acc=0.9100 | NZ=  1715 | sparsity=0.2060 | d_m=1.8875e+01
step  446 | acc=0.9100 | NZ=  1714 | sparsity=0.2065 | d_m=1.8953e+01
step  447 | acc=0.9100 | NZ=  1713 | sparsity=0.2069 | d_m=1.9167e+01
step  448 | acc=0.9100 | NZ=  1712 | sparsity=0.2074 | d_m=1.9321e+01
step  449 | acc=0.9100 | NZ=  1711 | sparsity=0.2079 | d_m=1.9398e+01
step  450 | acc=0.9100 | NZ=  1710 | sparsity=0.2083 | d_m=1.9568e+01
step  451 | acc=0.9100 | NZ=  1709 | sparsity=0.2088 | d_m=1.9748e+01
step  452 | acc=0.9100 | NZ=  1708 | sparsity=0.2093 | d_m=2.0504e+01
step  453 | acc=0.9100 | NZ=  1707 | sparsity=0.2097 | d_m=2.1122e+01
step  454 | acc=0.9110 | NZ=  1706 | sparsity=0.2102 | d_m=2.0887e+01
step  455 | acc=0.9110 | NZ=  1705 | sparsity=0.2106 | d_m=2.1305e+01
step  456 | acc=0.9110 | NZ=  1704 | sparsity=0.2111 | d_m=2.1277e+01
step  457 | acc=0.9100 | NZ=  1703 | sparsity=0.2116 | d_m=2.1561e+01
step  458 | acc=0.9100 | NZ=  1702 | sparsity=0.2120 | d_m=2.1649e+01
step  459 | acc=0.9100 | NZ=  1701 | sparsity=0.2125 | d_m=2.1779e+01
step  460 | acc=0.9100 | NZ=  1700 | sparsity=0.2130 | d_m=2.1955e+01
step  461 | acc=0.9090 | NZ=  1699 | sparsity=0.2134 | d_m=2.3051e+01
step  462 | acc=0.9090 | NZ=  1698 | sparsity=0.2139 | d_m=2.3193e+01
step  463 | acc=0.9090 | NZ=  1697 | sparsity=0.2144 | d_m=2.3670e+01
step  464 | acc=0.9090 | NZ=  1696 | sparsity=0.2148 | d_m=2.3513e+01
step  465 | acc=0.9090 | NZ=  1695 | sparsity=0.2153 | d_m=2.3793e+01
step  466 | acc=0.9100 | NZ=  1694 | sparsity=0.2157 | d_m=2.3957e+01
step  467 | acc=0.9100 | NZ=  1693 | sparsity=0.2162 | d_m=2.4043e+01
step  468 | acc=0.9100 | NZ=  1692 | sparsity=0.2167 | d_m=2.3903e+01
step  469 | acc=0.9100 | NZ=  1691 | sparsity=0.2171 | d_m=2.4108e+01
step  470 | acc=0.9100 | NZ=  1690 | sparsity=0.2176 | d_m=2.4538e+01
step  471 | acc=0.9100 | NZ=  1689 | sparsity=0.2181 | d_m=2.4771e+01
step  472 | acc=0.9090 | NZ=  1688 | sparsity=0.2185 | d_m=2.5015e+01
step  473 | acc=0.9090 | NZ=  1687 | sparsity=0.2190 | d_m=2.5148e+01
step  474 | acc=0.9090 | NZ=  1686 | sparsity=0.2194 | d_m=2.5497e+01
step  475 | acc=0.9090 | NZ=  1685 | sparsity=0.2199 | d_m=2.5953e+01
step  476 | acc=0.9090 | NZ=  1684 | sparsity=0.2204 | d_m=2.6357e+01
step  477 | acc=0.9090 | NZ=  1683 | sparsity=0.2208 | d_m=2.6638e+01
step  478 | acc=0.9090 | NZ=  1682 | sparsity=0.2213 | d_m=2.6885e+01
step  479 | acc=0.9090 | NZ=  1681 | sparsity=0.2218 | d_m=2.7153e+01
step  480 | acc=0.9090 | NZ=  1680 | sparsity=0.2222 | d_m=2.7570e+01
step  481 | acc=0.9090 | NZ=  1679 | sparsity=0.2227 | d_m=2.7726e+01
step  482 | acc=0.9090 | NZ=  1678 | sparsity=0.2231 | d_m=2.7981e+01
step  483 | acc=0.9090 | NZ=  1677 | sparsity=0.2236 | d_m=2.8362e+01
step  484 | acc=0.9090 | NZ=  1676 | sparsity=0.2241 | d_m=2.8753e+01
step  485 | acc=0.9090 | NZ=  1675 | sparsity=0.2245 | d_m=2.8994e+01
step  486 | acc=0.9090 | NZ=  1674 | sparsity=0.2250 | d_m=2.9091e+01
step  487 | acc=0.9090 | NZ=  1673 | sparsity=0.2255 | d_m=2.9440e+01
step  488 | acc=0.9090 | NZ=  1672 | sparsity=0.2259 | d_m=2.9807e+01
step  489 | acc=0.9090 | NZ=  1671 | sparsity=0.2264 | d_m=3.0278e+01
step  490 | acc=0.9090 | NZ=  1670 | sparsity=0.2269 | d_m=3.0685e+01
step  491 | acc=0.9090 | NZ=  1669 | sparsity=0.2273 | d_m=3.1285e+01
step  492 | acc=0.9090 | NZ=  1668 | sparsity=0.2278 | d_m=3.1546e+01
step  493 | acc=0.9090 | NZ=  1667 | sparsity=0.2282 | d_m=3.1776e+01
step  494 | acc=0.9090 | NZ=  1666 | sparsity=0.2287 | d_m=3.2140e+01
step  495 | acc=0.9090 | NZ=  1665 | sparsity=0.2292 | d_m=3.2352e+01
step  496 | acc=0.9090 | NZ=  1664 | sparsity=0.2296 | d_m=3.3025e+01
step  497 | acc=0.9090 | NZ=  1663 | sparsity=0.2301 | d_m=3.2914e+01
step  498 | acc=0.9090 | NZ=  1662 | sparsity=0.2306 | d_m=3.3372e+01
step  499 | acc=0.9090 | NZ=  1661 | sparsity=0.2310 | d_m=3.3412e+01
step  500 | acc=0.9090 | NZ=  1660 | sparsity=0.2315 | d_m=3.3695e+01
step  501 | acc=0.9090 | NZ=  1659 | sparsity=0.2319 | d_m=3.4114e+01
step  502 | acc=0.9090 | NZ=  1658 | sparsity=0.2324 | d_m=3.4464e+01
step  503 | acc=0.9110 | NZ=  1657 | sparsity=0.2329 | d_m=3.5537e+01
step  504 | acc=0.9110 | NZ=  1656 | sparsity=0.2333 | d_m=3.5779e+01
step  505 | acc=0.9110 | NZ=  1655 | sparsity=0.2338 | d_m=3.5950e+01
step  506 | acc=0.9110 | NZ=  1654 | sparsity=0.2343 | d_m=3.6155e+01
step  507 | acc=0.9110 | NZ=  1653 | sparsity=0.2347 | d_m=3.6442e+01
step  508 | acc=0.9110 | NZ=  1652 | sparsity=0.2352 | d_m=3.6604e+01
step  509 | acc=0.9110 | NZ=  1651 | sparsity=0.2356 | d_m=3.6842e+01
step  510 | acc=0.9110 | NZ=  1650 | sparsity=0.2361 | d_m=3.7102e+01
step  511 | acc=0.9110 | NZ=  1649 | sparsity=0.2366 | d_m=3.7887e+01
step  512 | acc=0.9110 | NZ=  1648 | sparsity=0.2370 | d_m=3.8254e+01
step  513 | acc=0.9100 | NZ=  1647 | sparsity=0.2375 | d_m=3.8915e+01
step  514 | acc=0.9100 | NZ=  1646 | sparsity=0.2380 | d_m=3.9432e+01
step  515 | acc=0.9100 | NZ=  1645 | sparsity=0.2384 | d_m=3.9604e+01
step  516 | acc=0.9100 | NZ=  1644 | sparsity=0.2389 | d_m=4.0263e+01
step  517 | acc=0.9100 | NZ=  1643 | sparsity=0.2394 | d_m=4.0591e+01
step  518 | acc=0.9100 | NZ=  1642 | sparsity=0.2398 | d_m=4.1449e+01
step  519 | acc=0.9100 | NZ=  1641 | sparsity=0.2403 | d_m=4.1674e+01
step  520 | acc=0.9110 | NZ=  1640 | sparsity=0.2407 | d_m=4.2314e+01
step  521 | acc=0.9110 | NZ=  1639 | sparsity=0.2412 | d_m=4.2766e+01
step  522 | acc=0.9110 | NZ=  1638 | sparsity=0.2417 | d_m=4.3451e+01
step  523 | acc=0.9110 | NZ=  1637 | sparsity=0.2421 | d_m=4.3832e+01
step  524 | acc=0.9110 | NZ=  1636 | sparsity=0.2426 | d_m=4.4582e+01
step  525 | acc=0.9110 | NZ=  1635 | sparsity=0.2431 | d_m=4.5169e+01
step  526 | acc=0.9110 | NZ=  1634 | sparsity=0.2435 | d_m=4.5421e+01
step  527 | acc=0.9110 | NZ=  1633 | sparsity=0.2440 | d_m=4.6301e+01
step  528 | acc=0.9110 | NZ=  1632 | sparsity=0.2444 | d_m=4.5954e+01
step  529 | acc=0.9110 | NZ=  1631 | sparsity=0.2449 | d_m=4.6632e+01
step  530 | acc=0.9110 | NZ=  1630 | sparsity=0.2454 | d_m=4.6468e+01
step  531 | acc=0.9110 | NZ=  1629 | sparsity=0.2458 | d_m=4.7000e+01
step  532 | acc=0.9110 | NZ=  1628 | sparsity=0.2463 | d_m=4.7053e+01
step  533 | acc=0.9110 | NZ=  1627 | sparsity=0.2468 | d_m=4.7326e+01
step  534 | acc=0.9110 | NZ=  1626 | sparsity=0.2472 | d_m=4.7765e+01
step  535 | acc=0.9110 | NZ=  1625 | sparsity=0.2477 | d_m=4.7511e+01
step  536 | acc=0.9110 | NZ=  1624 | sparsity=0.2481 | d_m=4.7929e+01
step  537 | acc=0.9110 | NZ=  1623 | sparsity=0.2486 | d_m=4.7951e+01
step  538 | acc=0.9110 | NZ=  1622 | sparsity=0.2491 | d_m=4.8311e+01
step  539 | acc=0.9110 | NZ=  1621 | sparsity=0.2495 | d_m=4.8428e+01
step  540 | acc=0.9110 | NZ=  1620 | sparsity=0.2500 | d_m=4.9560e+01
step  541 | acc=0.9110 | NZ=  1619 | sparsity=0.2505 | d_m=4.9927e+01
step  542 | acc=0.9110 | NZ=  1618 | sparsity=0.2509 | d_m=4.9957e+01
step  543 | acc=0.9110 | NZ=  1617 | sparsity=0.2514 | d_m=4.9984e+01
step  544 | acc=0.9110 | NZ=  1616 | sparsity=0.2519 | d_m=4.9962e+01
step  545 | acc=0.9110 | NZ=  1615 | sparsity=0.2523 | d_m=5.0821e+01
step  546 | acc=0.9110 | NZ=  1614 | sparsity=0.2528 | d_m=5.0301e+01
step  547 | acc=0.9110 | NZ=  1613 | sparsity=0.2532 | d_m=5.0491e+01
step  548 | acc=0.9110 | NZ=  1612 | sparsity=0.2537 | d_m=5.1233e+01
step  549 | acc=0.9110 | NZ=  1611 | sparsity=0.2542 | d_m=5.1065e+01
step  550 | acc=0.9110 | NZ=  1610 | sparsity=0.2546 | d_m=5.1128e+01
step  551 | acc=0.9110 | NZ=  1609 | sparsity=0.2551 | d_m=5.1825e+01
step  552 | acc=0.9110 | NZ=  1608 | sparsity=0.2556 | d_m=5.2626e+01
step  553 | acc=0.9110 | NZ=  1607 | sparsity=0.2560 | d_m=5.2949e+01
step  554 | acc=0.9110 | NZ=  1606 | sparsity=0.2565 | d_m=5.3030e+01
step  555 | acc=0.9110 | NZ=  1605 | sparsity=0.2569 | d_m=5.3236e+01
step  556 | acc=0.9110 | NZ=  1604 | sparsity=0.2574 | d_m=5.3590e+01
step  557 | acc=0.9110 | NZ=  1603 | sparsity=0.2579 | d_m=5.4361e+01
step  558 | acc=0.9110 | NZ=  1602 | sparsity=0.2583 | d_m=5.4328e+01
step  559 | acc=0.9110 | NZ=  1601 | sparsity=0.2588 | d_m=5.5087e+01
step  560 | acc=0.9110 | NZ=  1600 | sparsity=0.2593 | d_m=5.5731e+01
step  561 | acc=0.9110 | NZ=  1599 | sparsity=0.2597 | d_m=5.6419e+01
step  562 | acc=0.9110 | NZ=  1598 | sparsity=0.2602 | d_m=5.7051e+01
step  563 | acc=0.9110 | NZ=  1597 | sparsity=0.2606 | d_m=5.7382e+01
step  564 | acc=0.9110 | NZ=  1596 | sparsity=0.2611 | d_m=5.8181e+01
step  565 | acc=0.9110 | NZ=  1595 | sparsity=0.2616 | d_m=5.8754e+01
step  566 | acc=0.9110 | NZ=  1594 | sparsity=0.2620 | d_m=5.9190e+01
step  567 | acc=0.9110 | NZ=  1593 | sparsity=0.2625 | d_m=6.0453e+01
step  568 | acc=0.9110 | NZ=  1592 | sparsity=0.2630 | d_m=5.9978e+01
step  569 | acc=0.9110 | NZ=  1591 | sparsity=0.2634 | d_m=6.0909e+01
step  570 | acc=0.9110 | NZ=  1590 | sparsity=0.2639 | d_m=6.0925e+01
step  571 | acc=0.9110 | NZ=  1589 | sparsity=0.2644 | d_m=6.1683e+01
step  572 | acc=0.9110 | NZ=  1588 | sparsity=0.2648 | d_m=6.2336e+01
step  573 | acc=0.9110 | NZ=  1587 | sparsity=0.2653 | d_m=6.1960e+01
step  574 | acc=0.9110 | NZ=  1586 | sparsity=0.2657 | d_m=6.2475e+01
step  575 | acc=0.9110 | NZ=  1585 | sparsity=0.2662 | d_m=6.2269e+01
step  576 | acc=0.9110 | NZ=  1584 | sparsity=0.2667 | d_m=6.2223e+01
step  577 | acc=0.9100 | NZ=  1583 | sparsity=0.2671 | d_m=6.2131e+01
step  578 | acc=0.9100 | NZ=  1582 | sparsity=0.2676 | d_m=6.1919e+01
step  579 | acc=0.9100 | NZ=  1581 | sparsity=0.2681 | d_m=6.1751e+01
step  580 | acc=0.9100 | NZ=  1580 | sparsity=0.2685 | d_m=6.1613e+01
step  581 | acc=0.9100 | NZ=  1579 | sparsity=0.2690 | d_m=6.1898e+01
step  582 | acc=0.9100 | NZ=  1578 | sparsity=0.2694 | d_m=6.2251e+01
step  583 | acc=0.9100 | NZ=  1577 | sparsity=0.2699 | d_m=6.2710e+01
step  584 | acc=0.9100 | NZ=  1576 | sparsity=0.2704 | d_m=6.3139e+01
step  585 | acc=0.9100 | NZ=  1575 | sparsity=0.2708 | d_m=6.4474e+01
step  586 | acc=0.9100 | NZ=  1574 | sparsity=0.2713 | d_m=6.5014e+01
step  587 | acc=0.9100 | NZ=  1573 | sparsity=0.2718 | d_m=6.6022e+01
step  588 | acc=0.9100 | NZ=  1572 | sparsity=0.2722 | d_m=6.6885e+01
step  589 | acc=0.9100 | NZ=  1571 | sparsity=0.2727 | d_m=6.7993e+01
step  590 | acc=0.9100 | NZ=  1570 | sparsity=0.2731 | d_m=6.8747e+01
step  591 | acc=0.9100 | NZ=  1569 | sparsity=0.2736 | d_m=6.9486e+01
step  592 | acc=0.9100 | NZ=  1568 | sparsity=0.2741 | d_m=6.9940e+01
step  593 | acc=0.9090 | NZ=  1567 | sparsity=0.2745 | d_m=7.0770e+01
step  594 | acc=0.9090 | NZ=  1566 | sparsity=0.2750 | d_m=7.1781e+01
step  595 | acc=0.9090 | NZ=  1565 | sparsity=0.2755 | d_m=7.2695e+01
step  596 | acc=0.9090 | NZ=  1564 | sparsity=0.2759 | d_m=7.4225e+01
step  597 | acc=0.9090 | NZ=  1563 | sparsity=0.2764 | d_m=7.5322e+01
step  598 | acc=0.9090 | NZ=  1562 | sparsity=0.2769 | d_m=7.6100e+01
step  599 | acc=0.9090 | NZ=  1561 | sparsity=0.2773 | d_m=7.7046e+01
step  600 | acc=0.9100 | NZ=  1560 | sparsity=0.2778 | d_m=7.7191e+01
step  601 | acc=0.9090 | NZ=  1559 | sparsity=0.2782 | d_m=7.7412e+01
step  602 | acc=0.9100 | NZ=  1558 | sparsity=0.2787 | d_m=7.7795e+01
step  603 | acc=0.9100 | NZ=  1557 | sparsity=0.2792 | d_m=7.8102e+01
step  604 | acc=0.9090 | NZ=  1556 | sparsity=0.2796 | d_m=7.8669e+01
step  605 | acc=0.9100 | NZ=  1555 | sparsity=0.2801 | d_m=7.9390e+01
step  606 | acc=0.9100 | NZ=  1554 | sparsity=0.2806 | d_m=8.0168e+01
step  607 | acc=0.9100 | NZ=  1553 | sparsity=0.2810 | d_m=8.0500e+01
step  608 | acc=0.9100 | NZ=  1552 | sparsity=0.2815 | d_m=8.1131e+01
step  609 | acc=0.9100 | NZ=  1551 | sparsity=0.2819 | d_m=8.1814e+01
step  610 | acc=0.9100 | NZ=  1550 | sparsity=0.2824 | d_m=8.2484e+01
step  611 | acc=0.9100 | NZ=  1549 | sparsity=0.2829 | d_m=8.3244e+01
step  612 | acc=0.9100 | NZ=  1548 | sparsity=0.2833 | d_m=8.3790e+01
step  613 | acc=0.9100 | NZ=  1547 | sparsity=0.2838 | d_m=8.4400e+01
step  614 | acc=0.9100 | NZ=  1546 | sparsity=0.2843 | d_m=8.5121e+01
step  615 | acc=0.9100 | NZ=  1545 | sparsity=0.2847 | d_m=8.5902e+01
step  616 | acc=0.9100 | NZ=  1544 | sparsity=0.2852 | d_m=8.6697e+01
step  617 | acc=0.9100 | NZ=  1543 | sparsity=0.2856 | d_m=8.7360e+01
step  618 | acc=0.9100 | NZ=  1542 | sparsity=0.2861 | d_m=8.7967e+01
step  619 | acc=0.9110 | NZ=  1541 | sparsity=0.2866 | d_m=9.0261e+01
step  620 | acc=0.9110 | NZ=  1540 | sparsity=0.2870 | d_m=8.9747e+01
step  621 | acc=0.9110 | NZ=  1539 | sparsity=0.2875 | d_m=9.0749e+01
step  622 | acc=0.9110 | NZ=  1538 | sparsity=0.2880 | d_m=9.0743e+01
step  623 | acc=0.9110 | NZ=  1537 | sparsity=0.2884 | d_m=9.0731e+01
step  624 | acc=0.9110 | NZ=  1536 | sparsity=0.2889 | d_m=9.1356e+01
step  625 | acc=0.9110 | NZ=  1535 | sparsity=0.2894 | d_m=9.2747e+01
step  626 | acc=0.9110 | NZ=  1534 | sparsity=0.2898 | d_m=9.3356e+01
step  627 | acc=0.9090 | NZ=  1533 | sparsity=0.2903 | d_m=9.4224e+01
step  628 | acc=0.9090 | NZ=  1532 | sparsity=0.2907 | d_m=9.4671e+01
step  629 | acc=0.9090 | NZ=  1531 | sparsity=0.2912 | d_m=9.5858e+01
step  630 | acc=0.9100 | NZ=  1530 | sparsity=0.2917 | d_m=9.6573e+01
step  631 | acc=0.9100 | NZ=  1529 | sparsity=0.2921 | d_m=9.7700e+01
step  632 | acc=0.9100 | NZ=  1528 | sparsity=0.2926 | d_m=9.7783e+01
step  633 | acc=0.9100 | NZ=  1527 | sparsity=0.2931 | d_m=9.8550e+01
step  634 | acc=0.9100 | NZ=  1526 | sparsity=0.2935 | d_m=9.9891e+01
step  635 | acc=0.9100 | NZ=  1525 | sparsity=0.2940 | d_m=1.0053e+02
step  636 | acc=0.9100 | NZ=  1524 | sparsity=0.2944 | d_m=1.0250e+02
step  637 | acc=0.9100 | NZ=  1523 | sparsity=0.2949 | d_m=1.0290e+02
step  638 | acc=0.9100 | NZ=  1522 | sparsity=0.2954 | d_m=1.0351e+02
step  639 | acc=0.9100 | NZ=  1521 | sparsity=0.2958 | d_m=1.0499e+02
step  640 | acc=0.9100 | NZ=  1520 | sparsity=0.2963 | d_m=1.0751e+02
step  641 | acc=0.9100 | NZ=  1519 | sparsity=0.2968 | d_m=1.0820e+02
step  642 | acc=0.9100 | NZ=  1518 | sparsity=0.2972 | d_m=1.0904e+02
step  643 | acc=0.9100 | NZ=  1517 | sparsity=0.2977 | d_m=1.1091e+02
step  644 | acc=0.9100 | NZ=  1516 | sparsity=0.2981 | d_m=1.1235e+02
step  645 | acc=0.9100 | NZ=  1515 | sparsity=0.2986 | d_m=1.1454e+02
step  646 | acc=0.9100 | NZ=  1514 | sparsity=0.2991 | d_m=1.1385e+02
step  647 | acc=0.9100 | NZ=  1513 | sparsity=0.2995 | d_m=1.1546e+02
step  648 | acc=0.9100 | NZ=  1512 | sparsity=0.3000 | d_m=1.1720e+02
step  649 | acc=0.9100 | NZ=  1511 | sparsity=0.3005 | d_m=1.1880e+02
step  650 | acc=0.9100 | NZ=  1510 | sparsity=0.3009 | d_m=1.1959e+02
step  651 | acc=0.9100 | NZ=  1509 | sparsity=0.3014 | d_m=1.2201e+02
step  652 | acc=0.9110 | NZ=  1508 | sparsity=0.3019 | d_m=1.2324e+02
step  653 | acc=0.9110 | NZ=  1507 | sparsity=0.3023 | d_m=1.2537e+02
step  654 | acc=0.9110 | NZ=  1506 | sparsity=0.3028 | d_m=1.2769e+02
step  655 | acc=0.9110 | NZ=  1505 | sparsity=0.3032 | d_m=1.2945e+02
step  656 | acc=0.9110 | NZ=  1504 | sparsity=0.3037 | d_m=1.3006e+02
step  657 | acc=0.9110 | NZ=  1503 | sparsity=0.3042 | d_m=1.3081e+02
step  658 | acc=0.9110 | NZ=  1502 | sparsity=0.3046 | d_m=1.3121e+02
step  659 | acc=0.9110 | NZ=  1501 | sparsity=0.3051 | d_m=1.3176e+02
step  660 | acc=0.9110 | NZ=  1500 | sparsity=0.3056 | d_m=1.3221e+02
step  661 | acc=0.9110 | NZ=  1499 | sparsity=0.3060 | d_m=1.3285e+02
step  662 | acc=0.9110 | NZ=  1498 | sparsity=0.3065 | d_m=1.3333e+02
step  663 | acc=0.9110 | NZ=  1497 | sparsity=0.3069 | d_m=1.3412e+02
step  664 | acc=0.9110 | NZ=  1496 | sparsity=0.3074 | d_m=1.3453e+02
step  665 | acc=0.9110 | NZ=  1495 | sparsity=0.3079 | d_m=1.3517e+02
step  666 | acc=0.9110 | NZ=  1494 | sparsity=0.3083 | d_m=1.3777e+02
step  667 | acc=0.9110 | NZ=  1493 | sparsity=0.3088 | d_m=1.3881e+02
step  668 | acc=0.9110 | NZ=  1492 | sparsity=0.3093 | d_m=1.3991e+02
step  669 | acc=0.9110 | NZ=  1491 | sparsity=0.3097 | d_m=1.4099e+02
step  670 | acc=0.9100 | NZ=  1490 | sparsity=0.3102 | d_m=1.4246e+02
step  671 | acc=0.9110 | NZ=  1489 | sparsity=0.3106 | d_m=1.4758e+02
step  672 | acc=0.9100 | NZ=  1488 | sparsity=0.3111 | d_m=1.4660e+02
step  673 | acc=0.9100 | NZ=  1487 | sparsity=0.3116 | d_m=1.4941e+02
step  674 | acc=0.9100 | NZ=  1486 | sparsity=0.3120 | d_m=1.5020e+02
step  675 | acc=0.9100 | NZ=  1485 | sparsity=0.3125 | d_m=1.5237e+02
step  676 | acc=0.9100 | NZ=  1484 | sparsity=0.3130 | d_m=1.5420e+02
step  677 | acc=0.9100 | NZ=  1483 | sparsity=0.3134 | d_m=1.5580e+02
step  678 | acc=0.9100 | NZ=  1482 | sparsity=0.3139 | d_m=1.5717e+02
step  679 | acc=0.9100 | NZ=  1481 | sparsity=0.3144 | d_m=1.5878e+02
step  680 | acc=0.9100 | NZ=  1480 | sparsity=0.3148 | d_m=1.6069e+02
step  681 | acc=0.9100 | NZ=  1479 | sparsity=0.3153 | d_m=1.6182e+02
step  682 | acc=0.9100 | NZ=  1478 | sparsity=0.3157 | d_m=1.6427e+02
step  683 | acc=0.9110 | NZ=  1477 | sparsity=0.3162 | d_m=1.6799e+02
step  684 | acc=0.9110 | NZ=  1476 | sparsity=0.3167 | d_m=1.6833e+02
step  685 | acc=0.9110 | NZ=  1475 | sparsity=0.3171 | d_m=1.7078e+02
step  686 | acc=0.9110 | NZ=  1474 | sparsity=0.3176 | d_m=1.6961e+02
step  687 | acc=0.9110 | NZ=  1473 | sparsity=0.3181 | d_m=1.7197e+02
step  688 | acc=0.9100 | NZ=  1472 | sparsity=0.3185 | d_m=1.7288e+02
step  689 | acc=0.9100 | NZ=  1471 | sparsity=0.3190 | d_m=1.7440e+02
step  690 | acc=0.9100 | NZ=  1470 | sparsity=0.3194 | d_m=1.7565e+02
step  691 | acc=0.9100 | NZ=  1469 | sparsity=0.3199 | d_m=1.7821e+02
step  692 | acc=0.9100 | NZ=  1468 | sparsity=0.3204 | d_m=1.7973e+02
step  693 | acc=0.9100 | NZ=  1467 | sparsity=0.3208 | d_m=1.8061e+02
step  694 | acc=0.9100 | NZ=  1466 | sparsity=0.3213 | d_m=1.8296e+02
step  695 | acc=0.9100 | NZ=  1465 | sparsity=0.3218 | d_m=1.8516e+02
step  696 | acc=0.9100 | NZ=  1464 | sparsity=0.3222 | d_m=1.8826e+02
step  697 | acc=0.9100 | NZ=  1463 | sparsity=0.3227 | d_m=1.8606e+02
step  698 | acc=0.9090 | NZ=  1462 | sparsity=0.3231 | d_m=1.9012e+02
step  699 | acc=0.9090 | NZ=  1461 | sparsity=0.3236 | d_m=1.8835e+02
step  700 | acc=0.9100 | NZ=  1460 | sparsity=0.3241 | d_m=1.9368e+02
step  701 | acc=0.9100 | NZ=  1459 | sparsity=0.3245 | d_m=1.9538e+02
step  702 | acc=0.9100 | NZ=  1458 | sparsity=0.3250 | d_m=1.9677e+02
step  703 | acc=0.9100 | NZ=  1457 | sparsity=0.3255 | d_m=1.9639e+02
step  704 | acc=0.9090 | NZ=  1456 | sparsity=0.3259 | d_m=2.0018e+02
step  705 | acc=0.9090 | NZ=  1455 | sparsity=0.3264 | d_m=1.9818e+02
step  706 | acc=0.9090 | NZ=  1454 | sparsity=0.3269 | d_m=2.0074e+02
step  707 | acc=0.9090 | NZ=  1453 | sparsity=0.3273 | d_m=2.0102e+02
step  708 | acc=0.9090 | NZ=  1452 | sparsity=0.3278 | d_m=2.0042e+02
step  709 | acc=0.9090 | NZ=  1451 | sparsity=0.3282 | d_m=2.0287e+02
step  710 | acc=0.9090 | NZ=  1450 | sparsity=0.3287 | d_m=2.0164e+02
step  711 | acc=0.9090 | NZ=  1449 | sparsity=0.3292 | d_m=2.0179e+02
step  712 | acc=0.9080 | NZ=  1448 | sparsity=0.3296 | d_m=2.0252e+02
step  713 | acc=0.9080 | NZ=  1447 | sparsity=0.3301 | d_m=2.0237e+02
step  714 | acc=0.9080 | NZ=  1446 | sparsity=0.3306 | d_m=2.0225e+02
step  715 | acc=0.9080 | NZ=  1445 | sparsity=0.3310 | d_m=2.0215e+02
step  716 | acc=0.9080 | NZ=  1444 | sparsity=0.3315 | d_m=2.0207e+02
step  717 | acc=0.9080 | NZ=  1443 | sparsity=0.3319 | d_m=2.0200e+02
step  718 | acc=0.9070 | NZ=  1442 | sparsity=0.3324 | d_m=2.0360e+02
step  719 | acc=0.9080 | NZ=  1441 | sparsity=0.3329 | d_m=2.0530e+02
step  720 | acc=0.9070 | NZ=  1440 | sparsity=0.3333 | d_m=2.0715e+02
step  721 | acc=0.9080 | NZ=  1439 | sparsity=0.3338 | d_m=2.0861e+02
step  722 | acc=0.9080 | NZ=  1438 | sparsity=0.3343 | d_m=2.0990e+02
step  723 | acc=0.9080 | NZ=  1437 | sparsity=0.3347 | d_m=2.1156e+02
step  724 | acc=0.9080 | NZ=  1436 | sparsity=0.3352 | d_m=2.1327e+02
step  725 | acc=0.9080 | NZ=  1435 | sparsity=0.3356 | d_m=2.1407e+02
step  726 | acc=0.9080 | NZ=  1434 | sparsity=0.3361 | d_m=2.1573e+02
step  727 | acc=0.9080 | NZ=  1433 | sparsity=0.3366 | d_m=2.1697e+02
step  728 | acc=0.9080 | NZ=  1432 | sparsity=0.3370 | d_m=2.1856e+02
step  729 | acc=0.9080 | NZ=  1431 | sparsity=0.3375 | d_m=2.1942e+02
step  730 | acc=0.9080 | NZ=  1430 | sparsity=0.3380 | d_m=2.2059e+02
step  731 | acc=0.9080 | NZ=  1429 | sparsity=0.3384 | d_m=2.2231e+02
step  732 | acc=0.9080 | NZ=  1428 | sparsity=0.3389 | d_m=2.2310e+02
step  733 | acc=0.9070 | NZ=  1427 | sparsity=0.3394 | d_m=2.2947e+02
step  734 | acc=0.9070 | NZ=  1426 | sparsity=0.3398 | d_m=2.3070e+02
step  735 | acc=0.9070 | NZ=  1425 | sparsity=0.3403 | d_m=2.3239e+02
step  736 | acc=0.9070 | NZ=  1424 | sparsity=0.3407 | d_m=2.3322e+02
step  737 | acc=0.9070 | NZ=  1423 | sparsity=0.3412 | d_m=2.3427e+02
step  738 | acc=0.9070 | NZ=  1422 | sparsity=0.3417 | d_m=2.3614e+02
step  739 | acc=0.9060 | NZ=  1421 | sparsity=0.3421 | d_m=2.3832e+02
step  740 | acc=0.9060 | NZ=  1420 | sparsity=0.3426 | d_m=2.4004e+02
step  741 | acc=0.9060 | NZ=  1419 | sparsity=0.3431 | d_m=2.4105e+02
step  742 | acc=0.9070 | NZ=  1418 | sparsity=0.3435 | d_m=2.4245e+02
step  743 | acc=0.9070 | NZ=  1417 | sparsity=0.3440 | d_m=2.4447e+02
step  744 | acc=0.9070 | NZ=  1416 | sparsity=0.3444 | d_m=2.4677e+02
step  745 | acc=0.9060 | NZ=  1415 | sparsity=0.3449 | d_m=2.4898e+02
step  746 | acc=0.9070 | NZ=  1414 | sparsity=0.3454 | d_m=2.5093e+02
step  747 | acc=0.9070 | NZ=  1413 | sparsity=0.3458 | d_m=2.5305e+02
step  748 | acc=0.9070 | NZ=  1412 | sparsity=0.3463 | d_m=2.5508e+02
step  749 | acc=0.9070 | NZ=  1411 | sparsity=0.3468 | d_m=2.5723e+02
step  750 | acc=0.9070 | NZ=  1410 | sparsity=0.3472 | d_m=2.5832e+02
step  751 | acc=0.9070 | NZ=  1409 | sparsity=0.3477 | d_m=2.6037e+02
step  752 | acc=0.9070 | NZ=  1408 | sparsity=0.3481 | d_m=2.6295e+02
step  753 | acc=0.9070 | NZ=  1407 | sparsity=0.3486 | d_m=2.6537e+02
step  754 | acc=0.9070 | NZ=  1406 | sparsity=0.3491 | d_m=2.6795e+02
step  755 | acc=0.9060 | NZ=  1405 | sparsity=0.3495 | d_m=2.7970e+02
step  756 | acc=0.9070 | NZ=  1404 | sparsity=0.3500 | d_m=2.8089e+02
step  757 | acc=0.9070 | NZ=  1403 | sparsity=0.3505 | d_m=2.8167e+02
step  758 | acc=0.9060 | NZ=  1402 | sparsity=0.3509 | d_m=2.8320e+02
step  759 | acc=0.9070 | NZ=  1401 | sparsity=0.3514 | d_m=2.8549e+02
step  760 | acc=0.9060 | NZ=  1400 | sparsity=0.3519 | d_m=2.8837e+02
step  761 | acc=0.9060 | NZ=  1399 | sparsity=0.3523 | d_m=2.9059e+02
step  762 | acc=0.9060 | NZ=  1398 | sparsity=0.3528 | d_m=2.9212e+02
step  763 | acc=0.9060 | NZ=  1397 | sparsity=0.3532 | d_m=2.9406e+02
step  764 | acc=0.9060 | NZ=  1396 | sparsity=0.3537 | d_m=2.9527e+02
step  765 | acc=0.9060 | NZ=  1395 | sparsity=0.3542 | d_m=2.9787e+02
step  766 | acc=0.9060 | NZ=  1394 | sparsity=0.3546 | d_m=3.0075e+02
step  767 | acc=0.9060 | NZ=  1393 | sparsity=0.3551 | d_m=3.0327e+02
step  768 | acc=0.9060 | NZ=  1392 | sparsity=0.3556 | d_m=3.0574e+02
step  769 | acc=0.9060 | NZ=  1391 | sparsity=0.3560 | d_m=3.0718e+02
step  770 | acc=0.9060 | NZ=  1390 | sparsity=0.3565 | d_m=3.0965e+02
step  771 | acc=0.9060 | NZ=  1389 | sparsity=0.3569 | d_m=3.1086e+02
step  772 | acc=0.9060 | NZ=  1388 | sparsity=0.3574 | d_m=3.1229e+02
step  773 | acc=0.9060 | NZ=  1387 | sparsity=0.3579 | d_m=3.1541e+02
step  774 | acc=0.9060 | NZ=  1386 | sparsity=0.3583 | d_m=3.1840e+02
step  775 | acc=0.9060 | NZ=  1385 | sparsity=0.3588 | d_m=3.2129e+02
step  776 | acc=0.9060 | NZ=  1384 | sparsity=0.3593 | d_m=3.2389e+02
step  777 | acc=0.9060 | NZ=  1383 | sparsity=0.3597 | d_m=3.2570e+02
step  778 | acc=0.9060 | NZ=  1382 | sparsity=0.3602 | d_m=3.2694e+02
step  779 | acc=0.9060 | NZ=  1381 | sparsity=0.3606 | d_m=3.2976e+02
step  780 | acc=0.9070 | NZ=  1380 | sparsity=0.3611 | d_m=3.3332e+02
step  781 | acc=0.9070 | NZ=  1379 | sparsity=0.3616 | d_m=3.3498e+02
step  782 | acc=0.9070 | NZ=  1378 | sparsity=0.3620 | d_m=3.3803e+02
step  783 | acc=0.9060 | NZ=  1377 | sparsity=0.3625 | d_m=3.4292e+02
step  784 | acc=0.9060 | NZ=  1376 | sparsity=0.3630 | d_m=3.4721e+02
step  785 | acc=0.9060 | NZ=  1375 | sparsity=0.3634 | d_m=3.5087e+02
step  786 | acc=0.9060 | NZ=  1374 | sparsity=0.3639 | d_m=3.5408e+02
step  787 | acc=0.9060 | NZ=  1373 | sparsity=0.3644 | d_m=3.5819e+02
step  788 | acc=0.9060 | NZ=  1372 | sparsity=0.3648 | d_m=3.6037e+02
step  789 | acc=0.9060 | NZ=  1371 | sparsity=0.3653 | d_m=3.6070e+02
step  790 | acc=0.9060 | NZ=  1370 | sparsity=0.3657 | d_m=3.6535e+02
step  791 | acc=0.9060 | NZ=  1369 | sparsity=0.3662 | d_m=3.6871e+02
step  792 | acc=0.9060 | NZ=  1368 | sparsity=0.3667 | d_m=3.7314e+02
step  793 | acc=0.9060 | NZ=  1367 | sparsity=0.3671 | d_m=3.7765e+02
step  794 | acc=0.9060 | NZ=  1366 | sparsity=0.3676 | d_m=3.8199e+02
step  795 | acc=0.9050 | NZ=  1365 | sparsity=0.3681 | d_m=3.8603e+02
step  796 | acc=0.9050 | NZ=  1364 | sparsity=0.3685 | d_m=3.9002e+02
step  797 | acc=0.9050 | NZ=  1363 | sparsity=0.3690 | d_m=3.9410e+02
step  798 | acc=0.9050 | NZ=  1362 | sparsity=0.3694 | d_m=3.9838e+02
step  799 | acc=0.9050 | NZ=  1361 | sparsity=0.3699 | d_m=4.0236e+02
step  800 | acc=0.9050 | NZ=  1360 | sparsity=0.3704 | d_m=4.0668e+02
step  801 | acc=0.9060 | NZ=  1359 | sparsity=0.3708 | d_m=4.1118e+02
step  802 | acc=0.9060 | NZ=  1358 | sparsity=0.3713 | d_m=4.1379e+02
step  803 | acc=0.9060 | NZ=  1357 | sparsity=0.3718 | d_m=4.1727e+02
step  804 | acc=0.9050 | NZ=  1356 | sparsity=0.3722 | d_m=4.1652e+02
step  805 | acc=0.9060 | NZ=  1355 | sparsity=0.3727 | d_m=4.2034e+02
step  806 | acc=0.9060 | NZ=  1354 | sparsity=0.3731 | d_m=4.2523e+02
step  807 | acc=0.9060 | NZ=  1353 | sparsity=0.3736 | d_m=4.2771e+02
step  808 | acc=0.9060 | NZ=  1352 | sparsity=0.3741 | d_m=4.3114e+02
step  809 | acc=0.9060 | NZ=  1351 | sparsity=0.3745 | d_m=4.3473e+02
step  810 | acc=0.9060 | NZ=  1350 | sparsity=0.3750 | d_m=4.4011e+02
step  811 | acc=0.9060 | NZ=  1349 | sparsity=0.3755 | d_m=4.4388e+02
step  812 | acc=0.9050 | NZ=  1348 | sparsity=0.3759 | d_m=4.4934e+02
step  813 | acc=0.9050 | NZ=  1347 | sparsity=0.3764 | d_m=4.5464e+02
step  814 | acc=0.9050 | NZ=  1346 | sparsity=0.3769 | d_m=4.5939e+02
step  815 | acc=0.9050 | NZ=  1345 | sparsity=0.3773 | d_m=4.6313e+02
step  816 | acc=0.9050 | NZ=  1344 | sparsity=0.3778 | d_m=4.6539e+02
step  817 | acc=0.9050 | NZ=  1343 | sparsity=0.3782 | d_m=4.7031e+02
step  818 | acc=0.9060 | NZ=  1342 | sparsity=0.3787 | d_m=4.7587e+02
step  819 | acc=0.9060 | NZ=  1341 | sparsity=0.3792 | d_m=4.8064e+02
step  820 | acc=0.9060 | NZ=  1340 | sparsity=0.3796 | d_m=4.8628e+02
step  821 | acc=0.9060 | NZ=  1339 | sparsity=0.3801 | d_m=4.8867e+02
step  822 | acc=0.9060 | NZ=  1338 | sparsity=0.3806 | d_m=4.9407e+02
step  823 | acc=0.9060 | NZ=  1337 | sparsity=0.3810 | d_m=4.9807e+02
step  824 | acc=0.9060 | NZ=  1336 | sparsity=0.3815 | d_m=5.0388e+02
step  825 | acc=0.9060 | NZ=  1335 | sparsity=0.3819 | d_m=5.0889e+02
step  826 | acc=0.9060 | NZ=  1334 | sparsity=0.3824 | d_m=5.1374e+02
step  827 | acc=0.9060 | NZ=  1333 | sparsity=0.3829 | d_m=5.1594e+02
step  828 | acc=0.9060 | NZ=  1332 | sparsity=0.3833 | d_m=5.2149e+02
step  829 | acc=0.9050 | NZ=  1331 | sparsity=0.3838 | d_m=5.2791e+02
step  830 | acc=0.9060 | NZ=  1330 | sparsity=0.3843 | d_m=5.3341e+02
step  831 | acc=0.9070 | NZ=  1329 | sparsity=0.3847 | d_m=5.4106e+02
step  832 | acc=0.9070 | NZ=  1328 | sparsity=0.3852 | d_m=5.4742e+02
step  833 | acc=0.9070 | NZ=  1327 | sparsity=0.3856 | d_m=5.5420e+02
step  834 | acc=0.9070 | NZ=  1326 | sparsity=0.3861 | d_m=5.5874e+02
step  835 | acc=0.9070 | NZ=  1325 | sparsity=0.3866 | d_m=5.6490e+02
step  836 | acc=0.9070 | NZ=  1324 | sparsity=0.3870 | d_m=5.7083e+02
step  837 | acc=0.9060 | NZ=  1323 | sparsity=0.3875 | d_m=5.7421e+02
step  838 | acc=0.9060 | NZ=  1322 | sparsity=0.3880 | d_m=5.7634e+02
step  839 | acc=0.9070 | NZ=  1321 | sparsity=0.3884 | d_m=5.7982e+02
step  840 | acc=0.9060 | NZ=  1320 | sparsity=0.3889 | d_m=5.8423e+02
step  841 | acc=0.9060 | NZ=  1319 | sparsity=0.3894 | d_m=5.9008e+02
step  842 | acc=0.9070 | NZ=  1318 | sparsity=0.3898 | d_m=5.9491e+02
step  843 | acc=0.9070 | NZ=  1317 | sparsity=0.3903 | d_m=5.9722e+02
step  844 | acc=0.9070 | NZ=  1316 | sparsity=0.3907 | d_m=6.0017e+02
step  845 | acc=0.9070 | NZ=  1315 | sparsity=0.3912 | d_m=6.0426e+02
step  846 | acc=0.9060 | NZ=  1314 | sparsity=0.3917 | d_m=6.0619e+02
step  847 | acc=0.9070 | NZ=  1313 | sparsity=0.3921 | d_m=6.1058e+02
step  848 | acc=0.9070 | NZ=  1312 | sparsity=0.3926 | d_m=6.1827e+02
step  849 | acc=0.9070 | NZ=  1311 | sparsity=0.3931 | d_m=6.2373e+02
step  850 | acc=0.9060 | NZ=  1310 | sparsity=0.3935 | d_m=6.2959e+02
step  851 | acc=0.9050 | NZ=  1309 | sparsity=0.3940 | d_m=6.3471e+02
step  852 | acc=0.9060 | NZ=  1308 | sparsity=0.3944 | d_m=6.3955e+02
step  853 | acc=0.9060 | NZ=  1307 | sparsity=0.3949 | d_m=6.4377e+02
step  854 | acc=0.9050 | NZ=  1306 | sparsity=0.3954 | d_m=6.4892e+02
step  855 | acc=0.9060 | NZ=  1305 | sparsity=0.3958 | d_m=6.5746e+02
step  856 | acc=0.9070 | NZ=  1304 | sparsity=0.3963 | d_m=6.6405e+02
step  857 | acc=0.9060 | NZ=  1303 | sparsity=0.3968 | d_m=6.7163e+02
step  858 | acc=0.9060 | NZ=  1302 | sparsity=0.3972 | d_m=6.7748e+02
step  859 | acc=0.9060 | NZ=  1301 | sparsity=0.3977 | d_m=6.8524e+02
step  860 | acc=0.9060 | NZ=  1300 | sparsity=0.3981 | d_m=6.9140e+02
step  861 | acc=0.9060 | NZ=  1299 | sparsity=0.3986 | d_m=6.9503e+02
step  862 | acc=0.9060 | NZ=  1298 | sparsity=0.3991 | d_m=7.0132e+02
step  863 | acc=0.9060 | NZ=  1297 | sparsity=0.3995 | d_m=7.0674e+02
step  864 | acc=0.9060 | NZ=  1296 | sparsity=0.4000 | d_m=7.1365e+02
step  865 | acc=0.9060 | NZ=  1295 | sparsity=0.4005 | d_m=7.1626e+02
step  866 | acc=0.9060 | NZ=  1294 | sparsity=0.4009 | d_m=7.2411e+02
step  867 | acc=0.9060 | NZ=  1293 | sparsity=0.4014 | d_m=7.3116e+02
step  868 | acc=0.9060 | NZ=  1292 | sparsity=0.4019 | d_m=7.3529e+02
step  869 | acc=0.9060 | NZ=  1291 | sparsity=0.4023 | d_m=7.4074e+02
step  870 | acc=0.9060 | NZ=  1290 | sparsity=0.4028 | d_m=7.4875e+02
step  871 | acc=0.9060 | NZ=  1289 | sparsity=0.4032 | d_m=7.5833e+02
step  872 | acc=0.9060 | NZ=  1288 | sparsity=0.4037 | d_m=7.6834e+02
step  873 | acc=0.9060 | NZ=  1287 | sparsity=0.4042 | d_m=7.7394e+02
step  874 | acc=0.9050 | NZ=  1286 | sparsity=0.4046 | d_m=7.8106e+02
step  875 | acc=0.9050 | NZ=  1285 | sparsity=0.4051 | d_m=7.8515e+02
step  876 | acc=0.9050 | NZ=  1284 | sparsity=0.4056 | d_m=7.9032e+02
step  877 | acc=0.9050 | NZ=  1283 | sparsity=0.4060 | d_m=7.9427e+02
step  878 | acc=0.9050 | NZ=  1282 | sparsity=0.4065 | d_m=7.9492e+02
step  879 | acc=0.9050 | NZ=  1281 | sparsity=0.4069 | d_m=7.9907e+02
step  880 | acc=0.9050 | NZ=  1280 | sparsity=0.4074 | d_m=8.0565e+02
step  881 | acc=0.9050 | NZ=  1279 | sparsity=0.4079 | d_m=8.1481e+02
step  882 | acc=0.9050 | NZ=  1278 | sparsity=0.4083 | d_m=8.1940e+02
step  883 | acc=0.9050 | NZ=  1277 | sparsity=0.4088 | d_m=8.2639e+02
step  884 | acc=0.9050 | NZ=  1276 | sparsity=0.4093 | d_m=8.3077e+02
step  885 | acc=0.9050 | NZ=  1275 | sparsity=0.4097 | d_m=8.3273e+02
step  886 | acc=0.9050 | NZ=  1274 | sparsity=0.4102 | d_m=8.4353e+02
step  887 | acc=0.9050 | NZ=  1273 | sparsity=0.4106 | d_m=8.5331e+02
step  888 | acc=0.9050 | NZ=  1272 | sparsity=0.4111 | d_m=8.6661e+02
step  889 | acc=0.9050 | NZ=  1271 | sparsity=0.4116 | d_m=8.7945e+02
step  890 | acc=0.9050 | NZ=  1270 | sparsity=0.4120 | d_m=8.8894e+02
step  891 | acc=0.9050 | NZ=  1269 | sparsity=0.4125 | d_m=9.0095e+02
step  892 | acc=0.9050 | NZ=  1268 | sparsity=0.4130 | d_m=9.1353e+02
step  893 | acc=0.9050 | NZ=  1267 | sparsity=0.4134 | d_m=9.2410e+02
step  894 | acc=0.9050 | NZ=  1266 | sparsity=0.4139 | d_m=9.3658e+02
step  895 | acc=0.9050 | NZ=  1265 | sparsity=0.4144 | d_m=9.4682e+02
step  896 | acc=0.9050 | NZ=  1264 | sparsity=0.4148 | d_m=9.5830e+02
step  897 | acc=0.9050 | NZ=  1263 | sparsity=0.4153 | d_m=9.6543e+02
step  898 | acc=0.9070 | NZ=  1262 | sparsity=0.4157 | d_m=9.7436e+02
step  899 | acc=0.9080 | NZ=  1261 | sparsity=0.4162 | d_m=9.8729e+02
step  900 | acc=0.9070 | NZ=  1260 | sparsity=0.4167 | d_m=9.9339e+02
step  901 | acc=0.9070 | NZ=  1259 | sparsity=0.4171 | d_m=1.0047e+03
step  902 | acc=0.9060 | NZ=  1258 | sparsity=0.4176 | d_m=1.0156e+03
step  903 | acc=0.9060 | NZ=  1257 | sparsity=0.4181 | d_m=1.0289e+03
step  904 | acc=0.9060 | NZ=  1256 | sparsity=0.4185 | d_m=1.0427e+03
step  905 | acc=0.9060 | NZ=  1255 | sparsity=0.4190 | d_m=1.0572e+03
step  906 | acc=0.9060 | NZ=  1254 | sparsity=0.4194 | d_m=1.0689e+03
step  907 | acc=0.9060 | NZ=  1253 | sparsity=0.4199 | d_m=1.0754e+03
step  908 | acc=0.9060 | NZ=  1252 | sparsity=0.4204 | d_m=1.1112e+03
step  909 | acc=0.9060 | NZ=  1251 | sparsity=0.4208 | d_m=1.1203e+03
step  910 | acc=0.9060 | NZ=  1250 | sparsity=0.4213 | d_m=1.1310e+03
step  911 | acc=0.9060 | NZ=  1249 | sparsity=0.4218 | d_m=1.1443e+03
step  912 | acc=0.9060 | NZ=  1248 | sparsity=0.4222 | d_m=1.1561e+03
step  913 | acc=0.9070 | NZ=  1247 | sparsity=0.4227 | d_m=1.1698e+03
step  914 | acc=0.9070 | NZ=  1246 | sparsity=0.4231 | d_m=1.1742e+03
step  915 | acc=0.9060 | NZ=  1245 | sparsity=0.4236 | d_m=1.1827e+03
step  916 | acc=0.9060 | NZ=  1244 | sparsity=0.4241 | d_m=1.1965e+03
step  917 | acc=0.9050 | NZ=  1243 | sparsity=0.4245 | d_m=1.2100e+03
step  918 | acc=0.9060 | NZ=  1242 | sparsity=0.4250 | d_m=1.2211e+03
step  919 | acc=0.9050 | NZ=  1241 | sparsity=0.4255 | d_m=1.2329e+03
step  920 | acc=0.9050 | NZ=  1240 | sparsity=0.4259 | d_m=1.2446e+03
step  921 | acc=0.9050 | NZ=  1239 | sparsity=0.4264 | d_m=1.2577e+03
step  922 | acc=0.9050 | NZ=  1238 | sparsity=0.4269 | d_m=1.2723e+03
step  923 | acc=0.9050 | NZ=  1237 | sparsity=0.4273 | d_m=1.2867e+03
step  924 | acc=0.9050 | NZ=  1236 | sparsity=0.4278 | d_m=1.2938e+03
step  925 | acc=0.9060 | NZ=  1235 | sparsity=0.4282 | d_m=1.3077e+03
step  926 | acc=0.9050 | NZ=  1234 | sparsity=0.4287 | d_m=1.3185e+03
step  927 | acc=0.9050 | NZ=  1233 | sparsity=0.4292 | d_m=1.3310e+03
step  928 | acc=0.9050 | NZ=  1232 | sparsity=0.4296 | d_m=1.3461e+03
step  929 | acc=0.9050 | NZ=  1231 | sparsity=0.4301 | d_m=1.3608e+03
step  930 | acc=0.9050 | NZ=  1230 | sparsity=0.4306 | d_m=1.3754e+03
step  931 | acc=0.9050 | NZ=  1229 | sparsity=0.4310 | d_m=1.3899e+03
step  932 | acc=0.9060 | NZ=  1228 | sparsity=0.4315 | d_m=1.4019e+03
step  933 | acc=0.9050 | NZ=  1227 | sparsity=0.4319 | d_m=1.4151e+03
step  934 | acc=0.9050 | NZ=  1226 | sparsity=0.4324 | d_m=1.4260e+03
step  935 | acc=0.9050 | NZ=  1225 | sparsity=0.4329 | d_m=1.4394e+03
step  936 | acc=0.9050 | NZ=  1224 | sparsity=0.4333 | d_m=1.4550e+03
step  937 | acc=0.9060 | NZ=  1223 | sparsity=0.4338 | d_m=1.4720e+03
step  938 | acc=0.9060 | NZ=  1222 | sparsity=0.4343 | d_m=1.4853e+03
step  939 | acc=0.9060 | NZ=  1221 | sparsity=0.4347 | d_m=1.4932e+03
step  940 | acc=0.9070 | NZ=  1220 | sparsity=0.4352 | d_m=1.5012e+03
step  941 | acc=0.9070 | NZ=  1219 | sparsity=0.4356 | d_m=1.5107e+03
step  942 | acc=0.9070 | NZ=  1218 | sparsity=0.4361 | d_m=1.5223e+03
step  943 | acc=0.9070 | NZ=  1217 | sparsity=0.4366 | d_m=1.5377e+03
step  944 | acc=0.9060 | NZ=  1216 | sparsity=0.4370 | d_m=1.5543e+03
step  945 | acc=0.9060 | NZ=  1215 | sparsity=0.4375 | d_m=1.5606e+03
step  946 | acc=0.9060 | NZ=  1214 | sparsity=0.4380 | d_m=1.5747e+03
step  947 | acc=0.9060 | NZ=  1213 | sparsity=0.4384 | d_m=1.5822e+03
step  948 | acc=0.9060 | NZ=  1212 | sparsity=0.4389 | d_m=1.5938e+03
step  949 | acc=0.9060 | NZ=  1211 | sparsity=0.4394 | d_m=1.6102e+03
step  950 | acc=0.9060 | NZ=  1210 | sparsity=0.4398 | d_m=1.6220e+03
step  951 | acc=0.9060 | NZ=  1209 | sparsity=0.4403 | d_m=1.6423e+03
step  952 | acc=0.9060 | NZ=  1208 | sparsity=0.4407 | d_m=1.6558e+03
step  953 | acc=0.9060 | NZ=  1207 | sparsity=0.4412 | d_m=1.6704e+03
step  954 | acc=0.9040 | NZ=  1206 | sparsity=0.4417 | d_m=1.6850e+03
step  955 | acc=0.9040 | NZ=  1205 | sparsity=0.4421 | d_m=1.6938e+03
step  956 | acc=0.9060 | NZ=  1204 | sparsity=0.4426 | d_m=1.7088e+03
step  957 | acc=0.9060 | NZ=  1203 | sparsity=0.4431 | d_m=1.7167e+03
step  958 | acc=0.9060 | NZ=  1202 | sparsity=0.4435 | d_m=1.7322e+03
step  959 | acc=0.9060 | NZ=  1201 | sparsity=0.4440 | d_m=1.7476e+03
step  960 | acc=0.9050 | NZ=  1200 | sparsity=0.4444 | d_m=1.7606e+03
step  961 | acc=0.9030 | NZ=  1199 | sparsity=0.4449 | d_m=1.7779e+03
step  962 | acc=0.9030 | NZ=  1198 | sparsity=0.4454 | d_m=1.7824e+03
step  963 | acc=0.9040 | NZ=  1197 | sparsity=0.4458 | d_m=1.7719e+03
step  964 | acc=0.9030 | NZ=  1196 | sparsity=0.4463 | d_m=1.7896e+03
step  965 | acc=0.9030 | NZ=  1195 | sparsity=0.4468 | d_m=1.8011e+03
step  966 | acc=0.9030 | NZ=  1194 | sparsity=0.4472 | d_m=1.7878e+03
step  967 | acc=0.9040 | NZ=  1193 | sparsity=0.4477 | d_m=1.8070e+03
step  968 | acc=0.9030 | NZ=  1192 | sparsity=0.4481 | d_m=1.8284e+03
step  969 | acc=0.9030 | NZ=  1191 | sparsity=0.4486 | d_m=1.8440e+03
step  970 | acc=0.9040 | NZ=  1190 | sparsity=0.4491 | d_m=1.8658e+03
step  971 | acc=0.9040 | NZ=  1189 | sparsity=0.4495 | d_m=1.8866e+03
step  972 | acc=0.9040 | NZ=  1188 | sparsity=0.4500 | d_m=1.9062e+03
step  973 | acc=0.9040 | NZ=  1187 | sparsity=0.4505 | d_m=1.9293e+03
step  974 | acc=0.9040 | NZ=  1186 | sparsity=0.4509 | d_m=1.9462e+03
step  975 | acc=0.9040 | NZ=  1185 | sparsity=0.4514 | d_m=1.9604e+03
step  976 | acc=0.9040 | NZ=  1184 | sparsity=0.4519 | d_m=1.9800e+03
step  977 | acc=0.9040 | NZ=  1183 | sparsity=0.4523 | d_m=1.9901e+03
step  978 | acc=0.9020 | NZ=  1182 | sparsity=0.4528 | d_m=2.0047e+03
step  979 | acc=0.9030 | NZ=  1181 | sparsity=0.4532 | d_m=2.0120e+03
step  980 | acc=0.9030 | NZ=  1180 | sparsity=0.4537 | d_m=2.0268e+03
step  981 | acc=0.9020 | NZ=  1179 | sparsity=0.4542 | d_m=2.0501e+03
step  982 | acc=0.9060 | NZ=  1178 | sparsity=0.4546 | d_m=2.0678e+03
step  983 | acc=0.9050 | NZ=  1177 | sparsity=0.4551 | d_m=2.0830e+03
step  984 | acc=0.9050 | NZ=  1176 | sparsity=0.4556 | d_m=2.1045e+03
step  985 | acc=0.9050 | NZ=  1175 | sparsity=0.4560 | d_m=2.1002e+03
step  986 | acc=0.9050 | NZ=  1174 | sparsity=0.4565 | d_m=2.1258e+03
step  987 | acc=0.9050 | NZ=  1173 | sparsity=0.4569 | d_m=2.1482e+03
step  988 | acc=0.9030 | NZ=  1172 | sparsity=0.4574 | d_m=2.1734e+03
step  989 | acc=0.9030 | NZ=  1171 | sparsity=0.4579 | d_m=2.1958e+03
step  990 | acc=0.9040 | NZ=  1170 | sparsity=0.4583 | d_m=2.2179e+03
step  991 | acc=0.9030 | NZ=  1169 | sparsity=0.4588 | d_m=2.2392e+03
step  992 | acc=0.9030 | NZ=  1168 | sparsity=0.4593 | d_m=2.2641e+03
step  993 | acc=0.9030 | NZ=  1167 | sparsity=0.4597 | d_m=2.2892e+03
step  994 | acc=0.9030 | NZ=  1166 | sparsity=0.4602 | d_m=2.3117e+03
step  995 | acc=0.9030 | NZ=  1165 | sparsity=0.4606 | d_m=2.3230e+03
step  996 | acc=0.9030 | NZ=  1164 | sparsity=0.4611 | d_m=2.3447e+03
step  997 | acc=0.9030 | NZ=  1163 | sparsity=0.4616 | d_m=2.3656e+03
step  998 | acc=0.9030 | NZ=  1162 | sparsity=0.4620 | d_m=2.3823e+03
step  999 | acc=0.9030 | NZ=  1161 | sparsity=0.4625 | d_m=2.3818e+03
step 1000 | acc=0.9030 | NZ=  1160 | sparsity=0.4630 | d_m=2.3933e+03
step 1001 | acc=0.9020 | NZ=  1159 | sparsity=0.4634 | d_m=2.4013e+03
step 1002 | acc=0.9020 | NZ=  1158 | sparsity=0.4639 | d_m=2.4177e+03
step 1003 | acc=0.9010 | NZ=  1157 | sparsity=0.4644 | d_m=2.4309e+03
step 1004 | acc=0.9010 | NZ=  1156 | sparsity=0.4648 | d_m=2.4415e+03
step 1005 | acc=0.9020 | NZ=  1155 | sparsity=0.4653 | d_m=2.4636e+03
step 1006 | acc=0.9010 | NZ=  1154 | sparsity=0.4657 | d_m=2.4902e+03
step 1007 | acc=0.9010 | NZ=  1153 | sparsity=0.4662 | d_m=2.5075e+03
step 1008 | acc=0.9010 | NZ=  1152 | sparsity=0.4667 | d_m=2.5329e+03
step 1009 | acc=0.9020 | NZ=  1151 | sparsity=0.4671 | d_m=2.5611e+03
step 1010 | acc=0.9010 | NZ=  1150 | sparsity=0.4676 | d_m=2.5886e+03
step 1011 | acc=0.9010 | NZ=  1149 | sparsity=0.4681 | d_m=2.6127e+03
step 1012 | acc=0.9020 | NZ=  1148 | sparsity=0.4685 | d_m=2.6240e+03
step 1013 | acc=0.9010 | NZ=  1147 | sparsity=0.4690 | d_m=2.6449e+03
step 1014 | acc=0.9010 | NZ=  1146 | sparsity=0.4694 | d_m=2.6692e+03
step 1015 | acc=0.9010 | NZ=  1145 | sparsity=0.4699 | d_m=2.6805e+03
step 1016 | acc=0.9010 | NZ=  1144 | sparsity=0.4704 | d_m=2.6877e+03
step 1017 | acc=0.9010 | NZ=  1143 | sparsity=0.4708 | d_m=2.7009e+03
step 1018 | acc=0.9010 | NZ=  1142 | sparsity=0.4713 | d_m=2.7194e+03
step 1019 | acc=0.9010 | NZ=  1141 | sparsity=0.4718 | d_m=2.7261e+03
step 1020 | acc=0.9010 | NZ=  1140 | sparsity=0.4722 | d_m=2.7310e+03
step 1021 | acc=0.9010 | NZ=  1139 | sparsity=0.4727 | d_m=2.7479e+03
step 1022 | acc=0.9010 | NZ=  1138 | sparsity=0.4731 | d_m=2.7367e+03
step 1023 | acc=0.9010 | NZ=  1137 | sparsity=0.4736 | d_m=2.7594e+03
step 1024 | acc=0.9010 | NZ=  1136 | sparsity=0.4741 | d_m=2.7756e+03
step 1025 | acc=0.9010 | NZ=  1135 | sparsity=0.4745 | d_m=2.7994e+03
step 1026 | acc=0.9010 | NZ=  1134 | sparsity=0.4750 | d_m=2.7969e+03
step 1027 | acc=0.9010 | NZ=  1133 | sparsity=0.4755 | d_m=2.8219e+03
step 1028 | acc=0.9010 | NZ=  1132 | sparsity=0.4759 | d_m=2.8337e+03
step 1029 | acc=0.9020 | NZ=  1131 | sparsity=0.4764 | d_m=2.8439e+03
step 1030 | acc=0.9020 | NZ=  1130 | sparsity=0.4769 | d_m=2.8585e+03
step 1031 | acc=0.9020 | NZ=  1129 | sparsity=0.4773 | d_m=2.8813e+03
step 1032 | acc=0.9020 | NZ=  1128 | sparsity=0.4778 | d_m=2.9077e+03
step 1033 | acc=0.9030 | NZ=  1127 | sparsity=0.4782 | d_m=2.9260e+03
step 1034 | acc=0.9030 | NZ=  1126 | sparsity=0.4787 | d_m=2.9474e+03
step 1035 | acc=0.9030 | NZ=  1125 | sparsity=0.4792 | d_m=2.9732e+03
step 1036 | acc=0.9020 | NZ=  1124 | sparsity=0.4796 | d_m=2.9927e+03
step 1037 | acc=0.9010 | NZ=  1123 | sparsity=0.4801 | d_m=3.0180e+03
step 1038 | acc=0.9020 | NZ=  1122 | sparsity=0.4806 | d_m=3.0468e+03
step 1039 | acc=0.9020 | NZ=  1121 | sparsity=0.4810 | d_m=3.0755e+03
step 1040 | acc=0.9010 | NZ=  1120 | sparsity=0.4815 | d_m=3.1010e+03
step 1041 | acc=0.9010 | NZ=  1119 | sparsity=0.4819 | d_m=3.1260e+03
step 1042 | acc=0.9010 | NZ=  1118 | sparsity=0.4824 | d_m=3.1547e+03
step 1043 | acc=0.9000 | NZ=  1117 | sparsity=0.4829 | d_m=3.1700e+03
step 1044 | acc=0.8990 | NZ=  1116 | sparsity=0.4833 | d_m=3.1787e+03
step 1045 | acc=0.8990 | NZ=  1115 | sparsity=0.4838 | d_m=3.1833e+03
step 1046 | acc=0.9000 | NZ=  1114 | sparsity=0.4843 | d_m=3.2025e+03
step 1047 | acc=0.8990 | NZ=  1113 | sparsity=0.4847 | d_m=3.2262e+03
step 1048 | acc=0.9000 | NZ=  1112 | sparsity=0.4852 | d_m=3.2591e+03
step 1049 | acc=0.9000 | NZ=  1111 | sparsity=0.4856 | d_m=3.2692e+03
step 1050 | acc=0.9020 | NZ=  1110 | sparsity=0.4861 | d_m=3.2947e+03
step 1051 | acc=0.9020 | NZ=  1109 | sparsity=0.4866 | d_m=3.3258e+03
step 1052 | acc=0.9020 | NZ=  1108 | sparsity=0.4870 | d_m=3.3435e+03
step 1053 | acc=0.9010 | NZ=  1107 | sparsity=0.4875 | d_m=3.3722e+03
step 1054 | acc=0.8990 | NZ=  1106 | sparsity=0.4880 | d_m=3.3934e+03
step 1055 | acc=0.9000 | NZ=  1105 | sparsity=0.4884 | d_m=3.4117e+03
step 1056 | acc=0.9010 | NZ=  1104 | sparsity=0.4889 | d_m=3.4043e+03
step 1057 | acc=0.9010 | NZ=  1103 | sparsity=0.4894 | d_m=3.4269e+03
step 1058 | acc=0.9010 | NZ=  1102 | sparsity=0.4898 | d_m=3.4397e+03
step 1059 | acc=0.9010 | NZ=  1101 | sparsity=0.4903 | d_m=3.4485e+03
step 1060 | acc=0.9010 | NZ=  1100 | sparsity=0.4907 | d_m=3.4749e+03
step 1061 | acc=0.9000 | NZ=  1099 | sparsity=0.4912 | d_m=3.5024e+03
step 1062 | acc=0.9000 | NZ=  1098 | sparsity=0.4917 | d_m=3.6060e+03
step 1063 | acc=0.9000 | NZ=  1097 | sparsity=0.4921 | d_m=3.6145e+03
step 1064 | acc=0.9030 | NZ=  1096 | sparsity=0.4926 | d_m=3.6388e+03
step 1065 | acc=0.9000 | NZ=  1095 | sparsity=0.4931 | d_m=3.6579e+03
step 1066 | acc=0.9000 | NZ=  1094 | sparsity=0.4935 | d_m=3.6799e+03
step 1067 | acc=0.9020 | NZ=  1093 | sparsity=0.4940 | d_m=3.6746e+03
step 1068 | acc=0.9020 | NZ=  1092 | sparsity=0.4944 | d_m=3.7022e+03
step 1069 | acc=0.9020 | NZ=  1091 | sparsity=0.4949 | d_m=3.7342e+03
step 1070 | acc=0.9010 | NZ=  1090 | sparsity=0.4954 | d_m=3.7612e+03
step 1071 | acc=0.9000 | NZ=  1089 | sparsity=0.4958 | d_m=3.7701e+03
step 1072 | acc=0.9000 | NZ=  1088 | sparsity=0.4963 | d_m=3.7860e+03
step 1073 | acc=0.9000 | NZ=  1087 | sparsity=0.4968 | d_m=3.8121e+03
step 1074 | acc=0.9010 | NZ=  1086 | sparsity=0.4972 | d_m=3.8373e+03
step 1075 | acc=0.9010 | NZ=  1085 | sparsity=0.4977 | d_m=3.8643e+03
step 1076 | acc=0.9020 | NZ=  1084 | sparsity=0.4981 | d_m=3.8728e+03
step 1077 | acc=0.9000 | NZ=  1083 | sparsity=0.4986 | d_m=3.8927e+03
step 1078 | acc=0.9000 | NZ=  1082 | sparsity=0.4991 | d_m=3.9133e+03
step 1079 | acc=0.9000 | NZ=  1081 | sparsity=0.4995 | d_m=3.9278e+03
step 1080 | acc=0.9010 | NZ=  1080 | sparsity=0.5000 | d_m=3.9488e+03
step 1081 | acc=0.9010 | NZ=  1079 | sparsity=0.5005 | d_m=3.9780e+03
step 1082 | acc=0.9010 | NZ=  1078 | sparsity=0.5009 | d_m=4.0184e+03
step 1083 | acc=0.9000 | NZ=  1077 | sparsity=0.5014 | d_m=4.0391e+03
step 1084 | acc=0.9010 | NZ=  1076 | sparsity=0.5019 | d_m=4.0757e+03
step 1085 | acc=0.9000 | NZ=  1075 | sparsity=0.5023 | d_m=4.1174e+03
step 1086 | acc=0.9010 | NZ=  1074 | sparsity=0.5028 | d_m=4.1484e+03
step 1087 | acc=0.9010 | NZ=  1073 | sparsity=0.5032 | d_m=4.1823e+03
step 1088 | acc=0.9020 | NZ=  1072 | sparsity=0.5037 | d_m=4.2162e+03
step 1089 | acc=0.9020 | NZ=  1071 | sparsity=0.5042 | d_m=4.2499e+03
step 1090 | acc=0.9000 | NZ=  1070 | sparsity=0.5046 | d_m=4.2923e+03
step 1091 | acc=0.9010 | NZ=  1069 | sparsity=0.5051 | d_m=4.3293e+03
step 1092 | acc=0.9000 | NZ=  1068 | sparsity=0.5056 | d_m=4.3388e+03
step 1093 | acc=0.8990 | NZ=  1067 | sparsity=0.5060 | d_m=4.3547e+03
step 1094 | acc=0.9000 | NZ=  1066 | sparsity=0.5065 | d_m=4.3773e+03
step 1095 | acc=0.8990 | NZ=  1065 | sparsity=0.5069 | d_m=4.4083e+03
step 1096 | acc=0.9000 | NZ=  1064 | sparsity=0.5074 | d_m=4.4306e+03
step 1097 | acc=0.9000 | NZ=  1063 | sparsity=0.5079 | d_m=4.4640e+03
step 1098 | acc=0.9010 | NZ=  1062 | sparsity=0.5083 | d_m=4.4997e+03
step 1099 | acc=0.9000 | NZ=  1061 | sparsity=0.5088 | d_m=4.5357e+03
step 1100 | acc=0.9020 | NZ=  1060 | sparsity=0.5093 | d_m=4.5757e+03
step 1101 | acc=0.9010 | NZ=  1059 | sparsity=0.5097 | d_m=4.6151e+03
step 1102 | acc=0.9010 | NZ=  1058 | sparsity=0.5102 | d_m=4.6601e+03
step 1103 | acc=0.8990 | NZ=  1057 | sparsity=0.5106 | d_m=4.7140e+03
step 1104 | acc=0.8970 | NZ=  1056 | sparsity=0.5111 | d_m=4.7475e+03
step 1105 | acc=0.8940 | NZ=  1055 | sparsity=0.5116 | d_m=4.8013e+03
step 1106 | acc=0.8990 | NZ=  1054 | sparsity=0.5120 | d_m=4.8436e+03
step 1107 | acc=0.8990 | NZ=  1053 | sparsity=0.5125 | d_m=4.8652e+03
step 1108 | acc=0.8950 | NZ=  1052 | sparsity=0.5130 | d_m=4.9147e+03
step 1109 | acc=0.8940 | NZ=  1051 | sparsity=0.5134 | d_m=4.9615e+03
step 1110 | acc=0.8940 | NZ=  1050 | sparsity=0.5139 | d_m=4.9906e+03
step 1111 | acc=0.8940 | NZ=  1049 | sparsity=0.5144 | d_m=5.0269e+03
step 1112 | acc=0.8930 | NZ=  1048 | sparsity=0.5148 | d_m=5.0751e+03
step 1113 | acc=0.8940 | NZ=  1047 | sparsity=0.5153 | d_m=5.0951e+03
step 1114 | acc=0.8940 | NZ=  1046 | sparsity=0.5157 | d_m=5.1132e+03
step 1115 | acc=0.8930 | NZ=  1045 | sparsity=0.5162 | d_m=5.1486e+03
step 1116 | acc=0.8930 | NZ=  1044 | sparsity=0.5167 | d_m=5.1793e+03
step 1117 | acc=0.8940 | NZ=  1043 | sparsity=0.5171 | d_m=5.2110e+03
step 1118 | acc=0.8940 | NZ=  1042 | sparsity=0.5176 | d_m=5.2435e+03
step 1119 | acc=0.8930 | NZ=  1041 | sparsity=0.5181 | d_m=5.2609e+03
step 1120 | acc=0.8920 | NZ=  1040 | sparsity=0.5185 | d_m=5.3155e+03
step 1121 | acc=0.8930 | NZ=  1039 | sparsity=0.5190 | d_m=5.3612e+03
step 1122 | acc=0.8950 | NZ=  1038 | sparsity=0.5194 | d_m=5.4102e+03
step 1123 | acc=0.8920 | NZ=  1037 | sparsity=0.5199 | d_m=5.4416e+03
step 1124 | acc=0.8920 | NZ=  1036 | sparsity=0.5204 | d_m=5.4858e+03
step 1125 | acc=0.8900 | NZ=  1035 | sparsity=0.5208 | d_m=5.5351e+03
step 1126 | acc=0.8900 | NZ=  1034 | sparsity=0.5213 | d_m=5.5822e+03
step 1127 | acc=0.8940 | NZ=  1033 | sparsity=0.5218 | d_m=5.6435e+03
step 1128 | acc=0.8920 | NZ=  1032 | sparsity=0.5222 | d_m=5.6571e+03
step 1129 | acc=0.8950 | NZ=  1031 | sparsity=0.5227 | d_m=5.6781e+03
step 1130 | acc=0.8940 | NZ=  1030 | sparsity=0.5231 | d_m=5.7275e+03
step 1131 | acc=0.8920 | NZ=  1029 | sparsity=0.5236 | d_m=5.7750e+03
step 1132 | acc=0.8890 | NZ=  1028 | sparsity=0.5241 | d_m=5.8284e+03
step 1133 | acc=0.8940 | NZ=  1027 | sparsity=0.5245 | d_m=5.9973e+03
step 1134 | acc=0.8890 | NZ=  1026 | sparsity=0.5250 | d_m=6.1208e+03
step 1135 | acc=0.8860 | NZ=  1025 | sparsity=0.5255 | d_m=6.1405e+03
step 1136 | acc=0.8870 | NZ=  1024 | sparsity=0.5259 | d_m=6.1962e+03
step 1137 | acc=0.8890 | NZ=  1023 | sparsity=0.5264 | d_m=6.2405e+03
step 1138 | acc=0.8870 | NZ=  1022 | sparsity=0.5269 | d_m=6.2900e+03
step 1139 | acc=0.8900 | NZ=  1021 | sparsity=0.5273 | d_m=6.3349e+03
step 1140 | acc=0.8840 | NZ=  1020 | sparsity=0.5278 | d_m=6.3616e+03
step 1141 | acc=0.8790 | NZ=  1019 | sparsity=0.5282 | d_m=6.4302e+03
step 1142 | acc=0.8770 | NZ=  1018 | sparsity=0.5287 | d_m=6.4783e+03
step 1143 | acc=0.8760 | NZ=  1017 | sparsity=0.5292 | d_m=6.4942e+03
step 1144 | acc=0.8780 | NZ=  1016 | sparsity=0.5296 | d_m=6.4749e+03
step 1145 | acc=0.8780 | NZ=  1015 | sparsity=0.5301 | d_m=6.5280e+03
step 1146 | acc=0.8780 | NZ=  1014 | sparsity=0.5306 | d_m=6.5520e+03
step 1147 | acc=0.8790 | NZ=  1013 | sparsity=0.5310 | d_m=6.5871e+03
step 1148 | acc=0.8770 | NZ=  1012 | sparsity=0.5315 | d_m=6.6279e+03
step 1149 | acc=0.8770 | NZ=  1011 | sparsity=0.5319 | d_m=6.6805e+03
step 1150 | acc=0.8800 | NZ=  1010 | sparsity=0.5324 | d_m=6.7332e+03
step 1151 | acc=0.8800 | NZ=  1009 | sparsity=0.5329 | d_m=6.7253e+03
step 1152 | acc=0.8810 | NZ=  1008 | sparsity=0.5333 | d_m=6.7697e+03
step 1153 | acc=0.8790 | NZ=  1007 | sparsity=0.5338 | d_m=6.8300e+03
step 1154 | acc=0.8800 | NZ=  1006 | sparsity=0.5343 | d_m=6.8589e+03
step 1155 | acc=0.8790 | NZ=  1005 | sparsity=0.5347 | d_m=6.8767e+03
step 1156 | acc=0.8780 | NZ=  1004 | sparsity=0.5352 | d_m=6.8934e+03
step 1157 | acc=0.8750 | NZ=  1003 | sparsity=0.5356 | d_m=6.9427e+03
step 1158 | acc=0.8760 | NZ=  1002 | sparsity=0.5361 | d_m=6.9874e+03
step 1159 | acc=0.8760 | NZ=  1001 | sparsity=0.5366 | d_m=7.0300e+03
step 1160 | acc=0.8770 | NZ=  1000 | sparsity=0.5370 | d_m=7.0835e+03
step 1161 | acc=0.8790 | NZ=   999 | sparsity=0.5375 | d_m=7.1400e+03
step 1162 | acc=0.8780 | NZ=   998 | sparsity=0.5380 | d_m=7.1914e+03
step 1163 | acc=0.8780 | NZ=   997 | sparsity=0.5384 | d_m=7.2512e+03
step 1164 | acc=0.8770 | NZ=   996 | sparsity=0.5389 | d_m=7.3104e+03
step 1165 | acc=0.8780 | NZ=   995 | sparsity=0.5394 | d_m=7.3768e+03
step 1166 | acc=0.8790 | NZ=   994 | sparsity=0.5398 | d_m=7.4334e+03
step 1167 | acc=0.8770 | NZ=   993 | sparsity=0.5403 | d_m=7.4930e+03
step 1168 | acc=0.8770 | NZ=   992 | sparsity=0.5407 | d_m=7.5489e+03
step 1169 | acc=0.8750 | NZ=   991 | sparsity=0.5412 | d_m=7.6106e+03
step 1170 | acc=0.8750 | NZ=   990 | sparsity=0.5417 | d_m=7.6404e+03
step 1171 | acc=0.8750 | NZ=   989 | sparsity=0.5421 | d_m=7.6759e+03
step 1172 | acc=0.8740 | NZ=   988 | sparsity=0.5426 | d_m=7.7109e+03
step 1173 | acc=0.8740 | NZ=   987 | sparsity=0.5431 | d_m=7.6985e+03
step 1174 | acc=0.8740 | NZ=   986 | sparsity=0.5435 | d_m=7.7440e+03
step 1175 | acc=0.8750 | NZ=   985 | sparsity=0.5440 | d_m=7.7960e+03
step 1176 | acc=0.8740 | NZ=   984 | sparsity=0.5444 | d_m=7.8524e+03
step 1177 | acc=0.8750 | NZ=   983 | sparsity=0.5449 | d_m=7.9071e+03
step 1178 | acc=0.8740 | NZ=   982 | sparsity=0.5454 | d_m=7.9738e+03
step 1179 | acc=0.8730 | NZ=   981 | sparsity=0.5458 | d_m=8.0104e+03
step 1180 | acc=0.8740 | NZ=   980 | sparsity=0.5463 | d_m=8.0601e+03
step 1181 | acc=0.8740 | NZ=   979 | sparsity=0.5468 | d_m=8.1137e+03
step 1182 | acc=0.8740 | NZ=   978 | sparsity=0.5472 | d_m=8.1469e+03
step 1183 | acc=0.8740 | NZ=   977 | sparsity=0.5477 | d_m=8.1700e+03
step 1184 | acc=0.8530 | NZ=   976 | sparsity=0.5481 | d_m=8.3319e+03
step 1185 | acc=0.8540 | NZ=   975 | sparsity=0.5486 | d_m=8.3693e+03
step 1186 | acc=0.8550 | NZ=   974 | sparsity=0.5491 | d_m=8.4190e+03
step 1187 | acc=0.8550 | NZ=   973 | sparsity=0.5495 | d_m=8.4506e+03
step 1188 | acc=0.8560 | NZ=   972 | sparsity=0.5500 | d_m=8.4829e+03
step 1189 | acc=0.8550 | NZ=   971 | sparsity=0.5505 | d_m=8.5555e+03
step 1190 | acc=0.8560 | NZ=   970 | sparsity=0.5509 | d_m=8.6268e+03
step 1191 | acc=0.8560 | NZ=   969 | sparsity=0.5514 | d_m=8.6962e+03
step 1192 | acc=0.8560 | NZ=   968 | sparsity=0.5519 | d_m=8.6953e+03
step 1193 | acc=0.8550 | NZ=   967 | sparsity=0.5523 | d_m=8.8513e+03
step 1194 | acc=0.8560 | NZ=   966 | sparsity=0.5528 | d_m=8.9047e+03
step 1195 | acc=0.8550 | NZ=   965 | sparsity=0.5532 | d_m=8.9653e+03
step 1196 | acc=0.8560 | NZ=   964 | sparsity=0.5537 | d_m=9.0618e+03
step 1197 | acc=0.8550 | NZ=   963 | sparsity=0.5542 | d_m=9.1489e+03
step 1198 | acc=0.8540 | NZ=   962 | sparsity=0.5546 | d_m=9.1791e+03
step 1199 | acc=0.8530 | NZ=   961 | sparsity=0.5551 | d_m=9.2407e+03
step 1200 | acc=0.8520 | NZ=   960 | sparsity=0.5556 | d_m=9.3128e+03
step 1201 | acc=0.8530 | NZ=   959 | sparsity=0.5560 | d_m=9.3813e+03
step 1202 | acc=0.8530 | NZ=   958 | sparsity=0.5565 | d_m=9.4617e+03
step 1203 | acc=0.8530 | NZ=   957 | sparsity=0.5569 | d_m=9.5108e+03
step 1204 | acc=0.8530 | NZ=   956 | sparsity=0.5574 | d_m=9.5490e+03
step 1205 | acc=0.8530 | NZ=   955 | sparsity=0.5579 | d_m=9.6349e+03
step 1206 | acc=0.8510 | NZ=   954 | sparsity=0.5583 | d_m=9.7239e+03
step 1207 | acc=0.8400 | NZ=   953 | sparsity=0.5588 | d_m=9.8275e+03
step 1208 | acc=0.8450 | NZ=   952 | sparsity=0.5593 | d_m=9.9149e+03
step 1209 | acc=0.8320 | NZ=   951 | sparsity=0.5597 | d_m=1.0076e+04
step 1210 | acc=0.8350 | NZ=   950 | sparsity=0.5602 | d_m=1.0145e+04
step 1211 | acc=0.8370 | NZ=   949 | sparsity=0.5606 | d_m=1.0233e+04
step 1212 | acc=0.8350 | NZ=   948 | sparsity=0.5611 | d_m=1.0303e+04
step 1213 | acc=0.8370 | NZ=   947 | sparsity=0.5616 | d_m=1.0417e+04
step 1214 | acc=0.8350 | NZ=   946 | sparsity=0.5620 | d_m=1.0500e+04
step 1215 | acc=0.8360 | NZ=   945 | sparsity=0.5625 | d_m=1.0563e+04
step 1216 | acc=0.8370 | NZ=   944 | sparsity=0.5630 | d_m=1.0633e+04
step 1217 | acc=0.8330 | NZ=   943 | sparsity=0.5634 | d_m=1.0751e+04
step 1218 | acc=0.8360 | NZ=   942 | sparsity=0.5639 | d_m=1.0851e+04
step 1219 | acc=0.8300 | NZ=   941 | sparsity=0.5644 | d_m=1.0980e+04
step 1220 | acc=0.8290 | NZ=   940 | sparsity=0.5648 | d_m=1.1019e+04
step 1221 | acc=0.8270 | NZ=   939 | sparsity=0.5653 | d_m=1.1083e+04
step 1222 | acc=0.8260 | NZ=   938 | sparsity=0.5657 | d_m=1.1163e+04
step 1223 | acc=0.8260 | NZ=   937 | sparsity=0.5662 | d_m=1.1224e+04
step 1224 | acc=0.8280 | NZ=   936 | sparsity=0.5667 | d_m=1.1290e+04
step 1225 | acc=0.8270 | NZ=   935 | sparsity=0.5671 | d_m=1.1362e+04
step 1226 | acc=0.8260 | NZ=   934 | sparsity=0.5676 | d_m=1.1446e+04
step 1227 | acc=0.8260 | NZ=   933 | sparsity=0.5681 | d_m=1.1502e+04
step 1228 | acc=0.8250 | NZ=   932 | sparsity=0.5685 | d_m=1.1475e+04
step 1229 | acc=0.8260 | NZ=   931 | sparsity=0.5690 | d_m=1.1511e+04
step 1230 | acc=0.8240 | NZ=   930 | sparsity=0.5694 | d_m=1.1561e+04
step 1231 | acc=0.8230 | NZ=   929 | sparsity=0.5699 | d_m=1.1606e+04
step 1232 | acc=0.8240 | NZ=   928 | sparsity=0.5704 | d_m=1.1689e+04
step 1233 | acc=0.8280 | NZ=   927 | sparsity=0.5708 | d_m=1.1760e+04
step 1234 | acc=0.8270 | NZ=   926 | sparsity=0.5713 | d_m=1.1803e+04
step 1235 | acc=0.8260 | NZ=   925 | sparsity=0.5718 | d_m=1.1864e+04
step 1236 | acc=0.8280 | NZ=   924 | sparsity=0.5722 | d_m=1.1930e+04
step 1237 | acc=0.8260 | NZ=   923 | sparsity=0.5727 | d_m=1.2025e+04
step 1238 | acc=0.8250 | NZ=   922 | sparsity=0.5731 | d_m=1.2089e+04
step 1239 | acc=0.8260 | NZ=   921 | sparsity=0.5736 | d_m=1.2145e+04
step 1240 | acc=0.8250 | NZ=   920 | sparsity=0.5741 | d_m=1.2127e+04
step 1241 | acc=0.8250 | NZ=   919 | sparsity=0.5745 | d_m=1.2212e+04
step 1242 | acc=0.8250 | NZ=   918 | sparsity=0.5750 | d_m=1.2263e+04
step 1243 | acc=0.8290 | NZ=   917 | sparsity=0.5755 | d_m=1.2299e+04
step 1244 | acc=0.8300 | NZ=   916 | sparsity=0.5759 | d_m=1.2448e+04
step 1245 | acc=0.8290 | NZ=   915 | sparsity=0.5764 | d_m=1.2486e+04
step 1246 | acc=0.8300 | NZ=   914 | sparsity=0.5769 | d_m=1.2638e+04
step 1247 | acc=0.8340 | NZ=   913 | sparsity=0.5773 | d_m=1.2715e+04
step 1248 | acc=0.8290 | NZ=   912 | sparsity=0.5778 | d_m=1.2854e+04
step 1249 | acc=0.8310 | NZ=   911 | sparsity=0.5782 | d_m=1.2936e+04
step 1250 | acc=0.8210 | NZ=   910 | sparsity=0.5787 | d_m=1.3107e+04
step 1251 | acc=0.8210 | NZ=   909 | sparsity=0.5792 | d_m=1.3127e+04
step 1252 | acc=0.8180 | NZ=   908 | sparsity=0.5796 | d_m=1.3265e+04
step 1253 | acc=0.8170 | NZ=   907 | sparsity=0.5801 | d_m=1.3272e+04
step 1254 | acc=0.8080 | NZ=   906 | sparsity=0.5806 | d_m=1.3464e+04
step 1255 | acc=0.8100 | NZ=   905 | sparsity=0.5810 | d_m=1.3450e+04
step 1256 | acc=0.8110 | NZ=   904 | sparsity=0.5815 | d_m=1.3478e+04
step 1257 | acc=0.8130 | NZ=   903 | sparsity=0.5819 | d_m=1.3696e+04
step 1258 | acc=0.8110 | NZ=   902 | sparsity=0.5824 | d_m=1.3609e+04
step 1259 | acc=0.8090 | NZ=   901 | sparsity=0.5829 | d_m=1.3688e+04
step 1260 | acc=0.8100 | NZ=   900 | sparsity=0.5833 | d_m=1.3748e+04
step 1261 | acc=0.8110 | NZ=   899 | sparsity=0.5838 | d_m=1.3830e+04
step 1262 | acc=0.8110 | NZ=   898 | sparsity=0.5843 | d_m=1.3886e+04
step 1263 | acc=0.8100 | NZ=   897 | sparsity=0.5847 | d_m=1.3952e+04
step 1264 | acc=0.8090 | NZ=   896 | sparsity=0.5852 | d_m=1.4270e+04
step 1265 | acc=0.8090 | NZ=   895 | sparsity=0.5856 | d_m=1.4354e+04
step 1266 | acc=0.7990 | NZ=   894 | sparsity=0.5861 | d_m=1.4449e+04
step 1267 | acc=0.8000 | NZ=   893 | sparsity=0.5866 | d_m=1.4474e+04
step 1268 | acc=0.8010 | NZ=   892 | sparsity=0.5870 | d_m=1.4535e+04
step 1269 | acc=0.8000 | NZ=   891 | sparsity=0.5875 | d_m=1.4574e+04
step 1270 | acc=0.7990 | NZ=   890 | sparsity=0.5880 | d_m=1.4601e+04
step 1271 | acc=0.7980 | NZ=   889 | sparsity=0.5884 | d_m=1.4664e+04
step 1272 | acc=0.7970 | NZ=   888 | sparsity=0.5889 | d_m=1.4749e+04
step 1273 | acc=0.7970 | NZ=   887 | sparsity=0.5894 | d_m=1.4823e+04
step 1274 | acc=0.7930 | NZ=   886 | sparsity=0.5898 | d_m=1.4862e+04
step 1275 | acc=0.7970 | NZ=   885 | sparsity=0.5903 | d_m=1.4926e+04
step 1276 | acc=0.7960 | NZ=   884 | sparsity=0.5907 | d_m=1.4985e+04
step 1277 | acc=0.7930 | NZ=   883 | sparsity=0.5912 | d_m=1.5068e+04
step 1278 | acc=0.7940 | NZ=   882 | sparsity=0.5917 | d_m=1.5122e+04
step 1279 | acc=0.7940 | NZ=   881 | sparsity=0.5921 | d_m=1.5225e+04
step 1280 | acc=0.7940 | NZ=   880 | sparsity=0.5926 | d_m=1.5319e+04
step 1281 | acc=0.7950 | NZ=   879 | sparsity=0.5931 | d_m=1.5541e+04
step 1282 | acc=0.7980 | NZ=   878 | sparsity=0.5935 | d_m=1.5582e+04
step 1283 | acc=0.7950 | NZ=   877 | sparsity=0.5940 | d_m=1.5691e+04
step 1284 | acc=0.7950 | NZ=   876 | sparsity=0.5944 | d_m=1.5854e+04
step 1285 | acc=0.7950 | NZ=   875 | sparsity=0.5949 | d_m=1.5853e+04
step 1286 | acc=0.7940 | NZ=   874 | sparsity=0.5954 | d_m=1.6225e+04
step 1287 | acc=0.7910 | NZ=   873 | sparsity=0.5958 | d_m=1.6459e+04
step 1288 | acc=0.7920 | NZ=   872 | sparsity=0.5963 | d_m=1.6306e+04
step 1289 | acc=0.7840 | NZ=   871 | sparsity=0.5968 | d_m=1.6548e+04
step 1290 | acc=0.7870 | NZ=   870 | sparsity=0.5972 | d_m=1.6449e+04
step 1291 | acc=0.7850 | NZ=   869 | sparsity=0.5977 | d_m=1.6611e+04
step 1292 | acc=0.7850 | NZ=   868 | sparsity=0.5981 | d_m=1.6522e+04
step 1293 | acc=0.7810 | NZ=   867 | sparsity=0.5986 | d_m=1.6674e+04
step 1294 | acc=0.7810 | NZ=   866 | sparsity=0.5991 | d_m=1.6656e+04
step 1295 | acc=0.7810 | NZ=   865 | sparsity=0.5995 | d_m=1.6642e+04
step 1296 | acc=0.7810 | NZ=   864 | sparsity=0.6000 | d_m=1.6631e+04
step 1297 | acc=0.7810 | NZ=   863 | sparsity=0.6005 | d_m=1.6695e+04
step 1298 | acc=0.7830 | NZ=   862 | sparsity=0.6009 | d_m=1.6767e+04
step 1299 | acc=0.7830 | NZ=   861 | sparsity=0.6014 | d_m=1.6848e+04
step 1300 | acc=0.7830 | NZ=   860 | sparsity=0.6019 | d_m=1.6931e+04
step 1301 | acc=0.7830 | NZ=   859 | sparsity=0.6023 | d_m=1.7018e+04
step 1302 | acc=0.7850 | NZ=   858 | sparsity=0.6028 | d_m=1.7013e+04
step 1303 | acc=0.7840 | NZ=   857 | sparsity=0.6032 | d_m=1.7143e+04
step 1304 | acc=0.7840 | NZ=   856 | sparsity=0.6037 | d_m=1.7170e+04
step 1305 | acc=0.7810 | NZ=   855 | sparsity=0.6042 | d_m=1.7273e+04
step 1306 | acc=0.7820 | NZ=   854 | sparsity=0.6046 | d_m=1.7322e+04
step 1307 | acc=0.7840 | NZ=   853 | sparsity=0.6051 | d_m=1.7550e+04
step 1308 | acc=0.7820 | NZ=   852 | sparsity=0.6056 | d_m=1.7584e+04
step 1309 | acc=0.7830 | NZ=   851 | sparsity=0.6060 | d_m=1.7576e+04
step 1310 | acc=0.7830 | NZ=   850 | sparsity=0.6065 | d_m=1.7678e+04
step 1311 | acc=0.7810 | NZ=   849 | sparsity=0.6069 | d_m=1.7719e+04
step 1312 | acc=0.7820 | NZ=   848 | sparsity=0.6074 | d_m=1.7803e+04
step 1313 | acc=0.7900 | NZ=   847 | sparsity=0.6079 | d_m=1.7883e+04
step 1314 | acc=0.7880 | NZ=   846 | sparsity=0.6083 | d_m=1.7900e+04
step 1315 | acc=0.7890 | NZ=   845 | sparsity=0.6088 | d_m=1.7939e+04
step 1316 | acc=0.7890 | NZ=   844 | sparsity=0.6093 | d_m=1.7892e+04
step 1317 | acc=0.7860 | NZ=   843 | sparsity=0.6097 | d_m=1.8025e+04
step 1318 | acc=0.7840 | NZ=   842 | sparsity=0.6102 | d_m=1.8118e+04
step 1319 | acc=0.7820 | NZ=   841 | sparsity=0.6106 | d_m=1.8201e+04
step 1320 | acc=0.7840 | NZ=   840 | sparsity=0.6111 | d_m=1.8309e+04
step 1321 | acc=0.7840 | NZ=   839 | sparsity=0.6116 | d_m=1.8445e+04
step 1322 | acc=0.7830 | NZ=   838 | sparsity=0.6120 | d_m=1.8470e+04
step 1323 | acc=0.7820 | NZ=   837 | sparsity=0.6125 | d_m=1.8541e+04
step 1324 | acc=0.7820 | NZ=   836 | sparsity=0.6130 | d_m=1.8628e+04
step 1325 | acc=0.7810 | NZ=   835 | sparsity=0.6134 | d_m=1.8730e+04
step 1326 | acc=0.7820 | NZ=   834 | sparsity=0.6139 | d_m=1.8862e+04
step 1327 | acc=0.7830 | NZ=   833 | sparsity=0.6144 | d_m=1.9002e+04
step 1328 | acc=0.7820 | NZ=   832 | sparsity=0.6148 | d_m=1.9156e+04
step 1329 | acc=0.7830 | NZ=   831 | sparsity=0.6153 | d_m=1.9259e+04
step 1330 | acc=0.7850 | NZ=   830 | sparsity=0.6157 | d_m=1.9380e+04
step 1331 | acc=0.7850 | NZ=   829 | sparsity=0.6162 | d_m=1.9499e+04
step 1332 | acc=0.7840 | NZ=   828 | sparsity=0.6167 | d_m=1.9624e+04
step 1333 | acc=0.7850 | NZ=   827 | sparsity=0.6171 | d_m=1.9702e+04
step 1334 | acc=0.7840 | NZ=   826 | sparsity=0.6176 | d_m=1.9757e+04
step 1335 | acc=0.7840 | NZ=   825 | sparsity=0.6181 | d_m=1.9720e+04
step 1336 | acc=0.7830 | NZ=   824 | sparsity=0.6185 | d_m=1.9856e+04
step 1337 | acc=0.7830 | NZ=   823 | sparsity=0.6190 | d_m=1.9977e+04
step 1338 | acc=0.7820 | NZ=   822 | sparsity=0.6194 | d_m=2.0059e+04
step 1339 | acc=0.7820 | NZ=   821 | sparsity=0.6199 | d_m=2.0098e+04
step 1340 | acc=0.7820 | NZ=   820 | sparsity=0.6204 | d_m=2.0111e+04
step 1341 | acc=0.7810 | NZ=   819 | sparsity=0.6208 | d_m=2.0244e+04
step 1342 | acc=0.7780 | NZ=   818 | sparsity=0.6213 | d_m=2.0362e+04
step 1343 | acc=0.7780 | NZ=   817 | sparsity=0.6218 | d_m=2.0403e+04
step 1344 | acc=0.7790 | NZ=   816 | sparsity=0.6222 | d_m=2.0532e+04
step 1345 | acc=0.7800 | NZ=   815 | sparsity=0.6227 | d_m=2.0686e+04
step 1346 | acc=0.7800 | NZ=   814 | sparsity=0.6231 | d_m=2.0745e+04
step 1347 | acc=0.7770 | NZ=   813 | sparsity=0.6236 | d_m=2.0780e+04
step 1348 | acc=0.7760 | NZ=   812 | sparsity=0.6241 | d_m=2.0872e+04
step 1349 | acc=0.7740 | NZ=   811 | sparsity=0.6245 | d_m=2.1007e+04
step 1350 | acc=0.7740 | NZ=   810 | sparsity=0.6250 | d_m=2.1135e+04
step 1351 | acc=0.7740 | NZ=   809 | sparsity=0.6255 | d_m=2.1229e+04
step 1352 | acc=0.7730 | NZ=   808 | sparsity=0.6259 | d_m=2.1208e+04
step 1353 | acc=0.7740 | NZ=   807 | sparsity=0.6264 | d_m=2.1390e+04
step 1354 | acc=0.7750 | NZ=   806 | sparsity=0.6269 | d_m=2.1528e+04
step 1355 | acc=0.7760 | NZ=   805 | sparsity=0.6273 | d_m=2.1658e+04
step 1356 | acc=0.7750 | NZ=   804 | sparsity=0.6278 | d_m=2.1815e+04
step 1357 | acc=0.7760 | NZ=   803 | sparsity=0.6282 | d_m=2.1977e+04
step 1358 | acc=0.7760 | NZ=   802 | sparsity=0.6287 | d_m=2.2102e+04
step 1359 | acc=0.7770 | NZ=   801 | sparsity=0.6292 | d_m=2.2202e+04
step 1360 | acc=0.7770 | NZ=   800 | sparsity=0.6296 | d_m=2.2356e+04
step 1361 | acc=0.7780 | NZ=   799 | sparsity=0.6301 | d_m=2.2543e+04
step 1362 | acc=0.7790 | NZ=   798 | sparsity=0.6306 | d_m=2.2717e+04
step 1363 | acc=0.7790 | NZ=   797 | sparsity=0.6310 | d_m=2.2743e+04
step 1364 | acc=0.7770 | NZ=   796 | sparsity=0.6315 | d_m=2.2890e+04
step 1365 | acc=0.7780 | NZ=   795 | sparsity=0.6319 | d_m=2.3079e+04
step 1366 | acc=0.7800 | NZ=   794 | sparsity=0.6324 | d_m=2.3276e+04
step 1367 | acc=0.7830 | NZ=   793 | sparsity=0.6329 | d_m=2.3398e+04
step 1368 | acc=0.7830 | NZ=   792 | sparsity=0.6333 | d_m=2.3519e+04
step 1369 | acc=0.7860 | NZ=   791 | sparsity=0.6338 | d_m=2.3702e+04
step 1370 | acc=0.7840 | NZ=   790 | sparsity=0.6343 | d_m=2.3846e+04
step 1371 | acc=0.7850 | NZ=   789 | sparsity=0.6347 | d_m=2.3973e+04
step 1372 | acc=0.7860 | NZ=   788 | sparsity=0.6352 | d_m=2.3954e+04
step 1373 | acc=0.7860 | NZ=   787 | sparsity=0.6356 | d_m=2.4058e+04
step 1374 | acc=0.7860 | NZ=   786 | sparsity=0.6361 | d_m=2.4070e+04
step 1375 | acc=0.7870 | NZ=   785 | sparsity=0.6366 | d_m=2.4128e+04
step 1376 | acc=0.7850 | NZ=   784 | sparsity=0.6370 | d_m=2.4199e+04
step 1377 | acc=0.7860 | NZ=   783 | sparsity=0.6375 | d_m=2.4152e+04
step 1378 | acc=0.7860 | NZ=   782 | sparsity=0.6380 | d_m=2.4298e+04
step 1379 | acc=0.7880 | NZ=   781 | sparsity=0.6384 | d_m=2.4243e+04
step 1380 | acc=0.7880 | NZ=   780 | sparsity=0.6389 | d_m=2.4460e+04
step 1381 | acc=0.7880 | NZ=   779 | sparsity=0.6394 | d_m=2.4640e+04
step 1382 | acc=0.7880 | NZ=   778 | sparsity=0.6398 | d_m=2.4773e+04
step 1383 | acc=0.7900 | NZ=   777 | sparsity=0.6403 | d_m=2.4890e+04
step 1384 | acc=0.7870 | NZ=   776 | sparsity=0.6407 | d_m=2.5049e+04
step 1385 | acc=0.7880 | NZ=   775 | sparsity=0.6412 | d_m=2.5167e+04
step 1386 | acc=0.7880 | NZ=   774 | sparsity=0.6417 | d_m=2.5224e+04
step 1387 | acc=0.7870 | NZ=   773 | sparsity=0.6421 | d_m=2.5321e+04
step 1388 | acc=0.7880 | NZ=   772 | sparsity=0.6426 | d_m=2.5244e+04
step 1389 | acc=0.7900 | NZ=   771 | sparsity=0.6431 | d_m=2.5400e+04
step 1390 | acc=0.7900 | NZ=   770 | sparsity=0.6435 | d_m=2.5399e+04
step 1391 | acc=0.7910 | NZ=   769 | sparsity=0.6440 | d_m=2.5535e+04
step 1392 | acc=0.7930 | NZ=   768 | sparsity=0.6444 | d_m=2.5685e+04
step 1393 | acc=0.7920 | NZ=   767 | sparsity=0.6449 | d_m=2.5861e+04
step 1394 | acc=0.7820 | NZ=   766 | sparsity=0.6454 | d_m=2.6042e+04
step 1395 | acc=0.7820 | NZ=   765 | sparsity=0.6458 | d_m=2.6178e+04
step 1396 | acc=0.7800 | NZ=   764 | sparsity=0.6463 | d_m=2.6583e+04
step 1397 | acc=0.7820 | NZ=   763 | sparsity=0.6468 | d_m=2.6691e+04
step 1398 | acc=0.7820 | NZ=   762 | sparsity=0.6472 | d_m=2.6686e+04
step 1399 | acc=0.7830 | NZ=   761 | sparsity=0.6477 | d_m=2.6790e+04
step 1400 | acc=0.7830 | NZ=   760 | sparsity=0.6481 | d_m=2.6856e+04
step 1401 | acc=0.7810 | NZ=   759 | sparsity=0.6486 | d_m=2.6955e+04
step 1402 | acc=0.7830 | NZ=   758 | sparsity=0.6491 | d_m=2.7029e+04
step 1403 | acc=0.7800 | NZ=   757 | sparsity=0.6495 | d_m=2.7066e+04
step 1404 | acc=0.7780 | NZ=   756 | sparsity=0.6500 | d_m=2.7196e+04
step 1405 | acc=0.7800 | NZ=   755 | sparsity=0.6505 | d_m=2.7260e+04
step 1406 | acc=0.7790 | NZ=   754 | sparsity=0.6509 | d_m=2.7381e+04
step 1407 | acc=0.7780 | NZ=   753 | sparsity=0.6514 | d_m=2.7496e+04
step 1408 | acc=0.7770 | NZ=   752 | sparsity=0.6519 | d_m=2.7660e+04
step 1409 | acc=0.7770 | NZ=   751 | sparsity=0.6523 | d_m=2.7774e+04
step 1410 | acc=0.7770 | NZ=   750 | sparsity=0.6528 | d_m=2.7977e+04
step 1411 | acc=0.7760 | NZ=   749 | sparsity=0.6532 | d_m=2.8125e+04
step 1412 | acc=0.7760 | NZ=   748 | sparsity=0.6537 | d_m=2.8078e+04
step 1413 | acc=0.7760 | NZ=   747 | sparsity=0.6542 | d_m=2.8251e+04
step 1414 | acc=0.7770 | NZ=   746 | sparsity=0.6546 | d_m=2.8316e+04
step 1415 | acc=0.7780 | NZ=   745 | sparsity=0.6551 | d_m=2.8417e+04
step 1416 | acc=0.7760 | NZ=   744 | sparsity=0.6556 | d_m=2.8573e+04
step 1417 | acc=0.7760 | NZ=   743 | sparsity=0.6560 | d_m=2.8686e+04
step 1418 | acc=0.7760 | NZ=   742 | sparsity=0.6565 | d_m=2.8781e+04
step 1419 | acc=0.7760 | NZ=   741 | sparsity=0.6569 | d_m=2.8922e+04
step 1420 | acc=0.7710 | NZ=   740 | sparsity=0.6574 | d_m=2.8952e+04
step 1421 | acc=0.7690 | NZ=   739 | sparsity=0.6579 | d_m=2.9160e+04
step 1422 | acc=0.7700 | NZ=   738 | sparsity=0.6583 | d_m=2.9331e+04
step 1423 | acc=0.7710 | NZ=   737 | sparsity=0.6588 | d_m=2.9484e+04
step 1424 | acc=0.7680 | NZ=   736 | sparsity=0.6593 | d_m=2.9695e+04
step 1425 | acc=0.7730 | NZ=   735 | sparsity=0.6597 | d_m=2.9943e+04
step 1426 | acc=0.7760 | NZ=   734 | sparsity=0.6602 | d_m=3.0085e+04
step 1427 | acc=0.7750 | NZ=   733 | sparsity=0.6606 | d_m=3.0204e+04
step 1428 | acc=0.7770 | NZ=   732 | sparsity=0.6611 | d_m=3.0357e+04
step 1429 | acc=0.7790 | NZ=   731 | sparsity=0.6616 | d_m=3.0533e+04
step 1430 | acc=0.7770 | NZ=   730 | sparsity=0.6620 | d_m=3.0737e+04
step 1431 | acc=0.7780 | NZ=   729 | sparsity=0.6625 | d_m=3.0886e+04
step 1432 | acc=0.7780 | NZ=   728 | sparsity=0.6630 | d_m=3.0937e+04
step 1433 | acc=0.7800 | NZ=   727 | sparsity=0.6634 | d_m=3.1213e+04
step 1434 | acc=0.7780 | NZ=   726 | sparsity=0.6639 | d_m=3.1466e+04
step 1435 | acc=0.7780 | NZ=   725 | sparsity=0.6644 | d_m=3.1733e+04
step 1436 | acc=0.7790 | NZ=   724 | sparsity=0.6648 | d_m=3.2031e+04
step 1437 | acc=0.7780 | NZ=   723 | sparsity=0.6653 | d_m=3.2275e+04
step 1438 | acc=0.7770 | NZ=   722 | sparsity=0.6657 | d_m=3.2566e+04
step 1439 | acc=0.7780 | NZ=   721 | sparsity=0.6662 | d_m=3.2673e+04
step 1440 | acc=0.7780 | NZ=   720 | sparsity=0.6667 | d_m=3.2631e+04
step 1441 | acc=0.7790 | NZ=   719 | sparsity=0.6671 | d_m=3.2893e+04
step 1442 | acc=0.7810 | NZ=   718 | sparsity=0.6676 | d_m=3.3188e+04
step 1443 | acc=0.7830 | NZ=   717 | sparsity=0.6681 | d_m=3.3376e+04
step 1444 | acc=0.7830 | NZ=   716 | sparsity=0.6685 | d_m=3.3556e+04
step 1445 | acc=0.7820 | NZ=   715 | sparsity=0.6690 | d_m=3.3606e+04
step 1446 | acc=0.7840 | NZ=   714 | sparsity=0.6694 | d_m=3.3827e+04
step 1447 | acc=0.7840 | NZ=   713 | sparsity=0.6699 | d_m=3.4126e+04
step 1448 | acc=0.7860 | NZ=   712 | sparsity=0.6704 | d_m=3.4196e+04
step 1449 | acc=0.7860 | NZ=   711 | sparsity=0.6708 | d_m=3.4400e+04
step 1450 | acc=0.7860 | NZ=   710 | sparsity=0.6713 | d_m=3.4486e+04
step 1451 | acc=0.7830 | NZ=   709 | sparsity=0.6718 | d_m=3.4694e+04
step 1452 | acc=0.7820 | NZ=   708 | sparsity=0.6722 | d_m=3.4770e+04
step 1453 | acc=0.7800 | NZ=   707 | sparsity=0.6727 | d_m=3.4727e+04
step 1454 | acc=0.7840 | NZ=   706 | sparsity=0.6731 | d_m=3.4772e+04
step 1455 | acc=0.7720 | NZ=   705 | sparsity=0.6736 | d_m=3.4899e+04
step 1456 | acc=0.7710 | NZ=   704 | sparsity=0.6741 | d_m=3.5108e+04
step 1457 | acc=0.7760 | NZ=   703 | sparsity=0.6745 | d_m=3.5330e+04
step 1458 | acc=0.7780 | NZ=   702 | sparsity=0.6750 | d_m=3.5600e+04
step 1459 | acc=0.7790 | NZ=   701 | sparsity=0.6755 | d_m=3.5836e+04
step 1460 | acc=0.7780 | NZ=   700 | sparsity=0.6759 | d_m=3.6117e+04
step 1461 | acc=0.7800 | NZ=   699 | sparsity=0.6764 | d_m=3.6184e+04
step 1462 | acc=0.7770 | NZ=   698 | sparsity=0.6769 | d_m=3.6338e+04
step 1463 | acc=0.7800 | NZ=   697 | sparsity=0.6773 | d_m=3.6543e+04
step 1464 | acc=0.7800 | NZ=   696 | sparsity=0.6778 | d_m=3.6725e+04
step 1465 | acc=0.7800 | NZ=   695 | sparsity=0.6782 | d_m=3.6894e+04
step 1466 | acc=0.7810 | NZ=   694 | sparsity=0.6787 | d_m=3.7119e+04
step 1467 | acc=0.7800 | NZ=   693 | sparsity=0.6792 | d_m=3.7218e+04
step 1468 | acc=0.7810 | NZ=   692 | sparsity=0.6796 | d_m=3.7338e+04
step 1469 | acc=0.7780 | NZ=   691 | sparsity=0.6801 | d_m=3.7324e+04
step 1470 | acc=0.7780 | NZ=   690 | sparsity=0.6806 | d_m=3.7264e+04
step 1471 | acc=0.7770 | NZ=   689 | sparsity=0.6810 | d_m=3.7446e+04
step 1472 | acc=0.7770 | NZ=   688 | sparsity=0.6815 | d_m=3.7399e+04
step 1473 | acc=0.7790 | NZ=   687 | sparsity=0.6819 | d_m=3.7724e+04
step 1474 | acc=0.7740 | NZ=   686 | sparsity=0.6824 | d_m=3.8028e+04
step 1475 | acc=0.7760 | NZ=   685 | sparsity=0.6829 | d_m=3.8359e+04
step 1476 | acc=0.7740 | NZ=   684 | sparsity=0.6833 | d_m=3.8693e+04
step 1477 | acc=0.7730 | NZ=   683 | sparsity=0.6838 | d_m=3.8947e+04
step 1478 | acc=0.7710 | NZ=   682 | sparsity=0.6843 | d_m=3.9172e+04
step 1479 | acc=0.7730 | NZ=   681 | sparsity=0.6847 | d_m=3.9491e+04
step 1480 | acc=0.7730 | NZ=   680 | sparsity=0.6852 | d_m=3.9748e+04
step 1481 | acc=0.7720 | NZ=   679 | sparsity=0.6856 | d_m=3.9830e+04
step 1482 | acc=0.7720 | NZ=   678 | sparsity=0.6861 | d_m=3.9917e+04
step 1483 | acc=0.7700 | NZ=   677 | sparsity=0.6866 | d_m=3.9986e+04
step 1484 | acc=0.7730 | NZ=   676 | sparsity=0.6870 | d_m=4.0090e+04
step 1485 | acc=0.7690 | NZ=   675 | sparsity=0.6875 | d_m=4.0298e+04
step 1486 | acc=0.7710 | NZ=   674 | sparsity=0.6880 | d_m=4.0571e+04
step 1487 | acc=0.7700 | NZ=   673 | sparsity=0.6884 | d_m=4.0897e+04
step 1488 | acc=0.7690 | NZ=   672 | sparsity=0.6889 | d_m=4.1173e+04
step 1489 | acc=0.7710 | NZ=   671 | sparsity=0.6894 | d_m=4.1382e+04
step 1490 | acc=0.7700 | NZ=   670 | sparsity=0.6898 | d_m=4.1622e+04
step 1491 | acc=0.7700 | NZ=   669 | sparsity=0.6903 | d_m=4.1533e+04
step 1492 | acc=0.7700 | NZ=   668 | sparsity=0.6907 | d_m=4.1881e+04
step 1493 | acc=0.7700 | NZ=   667 | sparsity=0.6912 | d_m=4.2045e+04
step 1494 | acc=0.7680 | NZ=   666 | sparsity=0.6917 | d_m=4.2269e+04
step 1495 | acc=0.7670 | NZ=   665 | sparsity=0.6921 | d_m=4.2168e+04
step 1496 | acc=0.7650 | NZ=   664 | sparsity=0.6926 | d_m=4.2480e+04
step 1497 | acc=0.7660 | NZ=   663 | sparsity=0.6931 | d_m=4.2696e+04
step 1498 | acc=0.7600 | NZ=   662 | sparsity=0.6935 | d_m=4.3659e+04
step 1499 | acc=0.7790 | NZ=   661 | sparsity=0.6940 | d_m=4.4299e+04
step 1500 | acc=0.7730 | NZ=   660 | sparsity=0.6944 | d_m=4.4420e+04
step 1501 | acc=0.7710 | NZ=   659 | sparsity=0.6949 | d_m=4.4321e+04
step 1502 | acc=0.7690 | NZ=   658 | sparsity=0.6954 | d_m=4.4449e+04
step 1503 | acc=0.7650 | NZ=   657 | sparsity=0.6958 | d_m=4.4627e+04
step 1504 | acc=0.7640 | NZ=   656 | sparsity=0.6963 | d_m=4.4832e+04
step 1505 | acc=0.7660 | NZ=   655 | sparsity=0.6968 | d_m=4.4693e+04
step 1506 | acc=0.7590 | NZ=   654 | sparsity=0.6972 | d_m=4.4888e+04
step 1507 | acc=0.7590 | NZ=   653 | sparsity=0.6977 | d_m=4.5071e+04
step 1508 | acc=0.7580 | NZ=   652 | sparsity=0.6981 | d_m=4.5346e+04
step 1509 | acc=0.7620 | NZ=   651 | sparsity=0.6986 | d_m=4.5593e+04
step 1510 | acc=0.7620 | NZ=   650 | sparsity=0.6991 | d_m=4.5955e+04
step 1511 | acc=0.7600 | NZ=   649 | sparsity=0.6995 | d_m=4.6310e+04
step 1512 | acc=0.7650 | NZ=   648 | sparsity=0.7000 | d_m=4.6500e+04
step 1513 | acc=0.7580 | NZ=   647 | sparsity=0.7005 | d_m=4.6683e+04
step 1514 | acc=0.7620 | NZ=   646 | sparsity=0.7009 | d_m=4.6909e+04
step 1515 | acc=0.7600 | NZ=   645 | sparsity=0.7014 | d_m=4.7196e+04
step 1516 | acc=0.7600 | NZ=   644 | sparsity=0.7019 | d_m=4.7549e+04
step 1517 | acc=0.7560 | NZ=   643 | sparsity=0.7023 | d_m=4.7673e+04
step 1518 | acc=0.7650 | NZ=   642 | sparsity=0.7028 | d_m=4.7572e+04
step 1519 | acc=0.7610 | NZ=   641 | sparsity=0.7032 | d_m=4.7914e+04
step 1520 | acc=0.7630 | NZ=   640 | sparsity=0.7037 | d_m=4.8162e+04
step 1521 | acc=0.7650 | NZ=   639 | sparsity=0.7042 | d_m=4.8191e+04
step 1522 | acc=0.7630 | NZ=   638 | sparsity=0.7046 | d_m=4.8385e+04
step 1523 | acc=0.7620 | NZ=   637 | sparsity=0.7051 | d_m=4.8606e+04
step 1524 | acc=0.7570 | NZ=   636 | sparsity=0.7056 | d_m=4.8888e+04
step 1525 | acc=0.7580 | NZ=   635 | sparsity=0.7060 | d_m=4.9098e+04
step 1526 | acc=0.7550 | NZ=   634 | sparsity=0.7065 | d_m=4.9515e+04
step 1527 | acc=0.7580 | NZ=   633 | sparsity=0.7069 | d_m=4.9828e+04
step 1528 | acc=0.7560 | NZ=   632 | sparsity=0.7074 | d_m=5.0056e+04
step 1529 | acc=0.7550 | NZ=   631 | sparsity=0.7079 | d_m=5.0948e+04
step 1530 | acc=0.7560 | NZ=   630 | sparsity=0.7083 | d_m=5.1162e+04
step 1531 | acc=0.7520 | NZ=   629 | sparsity=0.7088 | d_m=5.1419e+04
step 1532 | acc=0.7450 | NZ=   628 | sparsity=0.7093 | d_m=5.1669e+04
step 1533 | acc=0.7460 | NZ=   627 | sparsity=0.7097 | d_m=5.1861e+04
step 1534 | acc=0.7430 | NZ=   626 | sparsity=0.7102 | d_m=5.2136e+04
step 1535 | acc=0.7410 | NZ=   625 | sparsity=0.7106 | d_m=5.2355e+04
step 1536 | acc=0.7450 | NZ=   624 | sparsity=0.7111 | d_m=5.2275e+04
step 1537 | acc=0.7450 | NZ=   623 | sparsity=0.7116 | d_m=5.2701e+04
step 1538 | acc=0.7460 | NZ=   622 | sparsity=0.7120 | d_m=5.2954e+04
step 1539 | acc=0.7440 | NZ=   621 | sparsity=0.7125 | d_m=5.3156e+04
step 1540 | acc=0.7450 | NZ=   620 | sparsity=0.7130 | d_m=5.3520e+04
step 1541 | acc=0.7510 | NZ=   619 | sparsity=0.7134 | d_m=5.3953e+04
step 1542 | acc=0.7490 | NZ=   618 | sparsity=0.7139 | d_m=5.4157e+04
step 1543 | acc=0.7510 | NZ=   617 | sparsity=0.7144 | d_m=5.4570e+04
step 1544 | acc=0.7510 | NZ=   616 | sparsity=0.7148 | d_m=5.4753e+04
step 1545 | acc=0.7500 | NZ=   615 | sparsity=0.7153 | d_m=5.5028e+04
step 1546 | acc=0.7470 | NZ=   614 | sparsity=0.7157 | d_m=5.5458e+04
step 1547 | acc=0.7450 | NZ=   613 | sparsity=0.7162 | d_m=5.5638e+04
step 1548 | acc=0.7460 | NZ=   612 | sparsity=0.7167 | d_m=5.5764e+04
step 1549 | acc=0.7430 | NZ=   611 | sparsity=0.7171 | d_m=5.6216e+04
step 1550 | acc=0.7510 | NZ=   610 | sparsity=0.7176 | d_m=5.6343e+04
step 1551 | acc=0.7400 | NZ=   609 | sparsity=0.7181 | d_m=5.6740e+04
step 1552 | acc=0.7380 | NZ=   608 | sparsity=0.7185 | d_m=5.6562e+04
step 1553 | acc=0.7370 | NZ=   607 | sparsity=0.7190 | d_m=5.6758e+04
step 1554 | acc=0.7340 | NZ=   606 | sparsity=0.7194 | d_m=5.6983e+04
step 1555 | acc=0.7310 | NZ=   605 | sparsity=0.7199 | d_m=5.7213e+04
step 1556 | acc=0.7140 | NZ=   604 | sparsity=0.7204 | d_m=5.8302e+04
step 1557 | acc=0.7210 | NZ=   603 | sparsity=0.7208 | d_m=5.8602e+04
step 1558 | acc=0.7230 | NZ=   602 | sparsity=0.7213 | d_m=5.8636e+04
step 1559 | acc=0.7250 | NZ=   601 | sparsity=0.7218 | d_m=5.8755e+04
step 1560 | acc=0.7240 | NZ=   600 | sparsity=0.7222 | d_m=5.9449e+04
step 1561 | acc=0.7270 | NZ=   599 | sparsity=0.7227 | d_m=5.9462e+04
step 1562 | acc=0.7260 | NZ=   598 | sparsity=0.7231 | d_m=5.9825e+04
step 1563 | acc=0.7280 | NZ=   597 | sparsity=0.7236 | d_m=5.9955e+04
step 1564 | acc=0.7290 | NZ=   596 | sparsity=0.7241 | d_m=5.9863e+04
step 1565 | acc=0.7310 | NZ=   595 | sparsity=0.7245 | d_m=5.9889e+04
step 1566 | acc=0.7310 | NZ=   594 | sparsity=0.7250 | d_m=6.0026e+04
step 1567 | acc=0.7290 | NZ=   593 | sparsity=0.7255 | d_m=5.9829e+04
step 1568 | acc=0.7340 | NZ=   592 | sparsity=0.7259 | d_m=5.9966e+04
step 1569 | acc=0.7310 | NZ=   591 | sparsity=0.7264 | d_m=6.0072e+04
step 1570 | acc=0.7350 | NZ=   590 | sparsity=0.7269 | d_m=5.9865e+04
step 1571 | acc=0.7330 | NZ=   589 | sparsity=0.7273 | d_m=6.0090e+04
step 1572 | acc=0.7360 | NZ=   588 | sparsity=0.7278 | d_m=6.0557e+04
step 1573 | acc=0.7360 | NZ=   587 | sparsity=0.7282 | d_m=6.1048e+04
step 1574 | acc=0.7250 | NZ=   586 | sparsity=0.7287 | d_m=6.2732e+04
step 1575 | acc=0.7310 | NZ=   585 | sparsity=0.7292 | d_m=6.2880e+04
step 1576 | acc=0.7390 | NZ=   584 | sparsity=0.7296 | d_m=6.3910e+04
step 1577 | acc=0.7350 | NZ=   583 | sparsity=0.7301 | d_m=6.4497e+04
step 1578 | acc=0.7350 | NZ=   582 | sparsity=0.7306 | d_m=6.3903e+04
step 1579 | acc=0.7100 | NZ=   581 | sparsity=0.7310 | d_m=6.4572e+04
step 1580 | acc=0.7110 | NZ=   580 | sparsity=0.7315 | d_m=6.4395e+04
step 1581 | acc=0.7140 | NZ=   579 | sparsity=0.7319 | d_m=6.4274e+04
step 1582 | acc=0.7130 | NZ=   578 | sparsity=0.7324 | d_m=6.4753e+04
step 1583 | acc=0.7070 | NZ=   577 | sparsity=0.7329 | d_m=6.5257e+04
step 1584 | acc=0.7080 | NZ=   576 | sparsity=0.7333 | d_m=6.5142e+04
step 1585 | acc=0.7070 | NZ=   575 | sparsity=0.7338 | d_m=6.5469e+04
step 1586 | acc=0.7080 | NZ=   574 | sparsity=0.7343 | d_m=6.5549e+04
step 1587 | acc=0.7080 | NZ=   573 | sparsity=0.7347 | d_m=6.5638e+04
step 1588 | acc=0.7030 | NZ=   572 | sparsity=0.7352 | d_m=6.6031e+04
step 1589 | acc=0.7090 | NZ=   571 | sparsity=0.7356 | d_m=6.6607e+04
step 1590 | acc=0.7100 | NZ=   570 | sparsity=0.7361 | d_m=6.7166e+04
step 1591 | acc=0.7080 | NZ=   569 | sparsity=0.7366 | d_m=6.7762e+04
step 1592 | acc=0.7080 | NZ=   568 | sparsity=0.7370 | d_m=6.8347e+04
step 1593 | acc=0.7110 | NZ=   567 | sparsity=0.7375 | d_m=6.8929e+04
step 1594 | acc=0.7100 | NZ=   566 | sparsity=0.7380 | d_m=6.9140e+04
step 1595 | acc=0.7090 | NZ=   565 | sparsity=0.7384 | d_m=6.9000e+04
step 1596 | acc=0.7070 | NZ=   564 | sparsity=0.7389 | d_m=6.9422e+04
step 1597 | acc=0.7060 | NZ=   563 | sparsity=0.7394 | d_m=6.9343e+04
step 1598 | acc=0.7080 | NZ=   562 | sparsity=0.7398 | d_m=6.9903e+04
step 1599 | acc=0.7120 | NZ=   561 | sparsity=0.7403 | d_m=7.0323e+04
step 1600 | acc=0.7100 | NZ=   560 | sparsity=0.7407 | d_m=7.0887e+04
step 1601 | acc=0.7100 | NZ=   559 | sparsity=0.7412 | d_m=7.1153e+04
step 1602 | acc=0.7040 | NZ=   558 | sparsity=0.7417 | d_m=7.1121e+04
step 1603 | acc=0.7040 | NZ=   557 | sparsity=0.7421 | d_m=7.1413e+04
step 1604 | acc=0.7080 | NZ=   556 | sparsity=0.7426 | d_m=7.1970e+04
step 1605 | acc=0.7100 | NZ=   555 | sparsity=0.7431 | d_m=7.2092e+04
step 1606 | acc=0.7100 | NZ=   554 | sparsity=0.7435 | d_m=7.2487e+04
step 1607 | acc=0.7100 | NZ=   553 | sparsity=0.7440 | d_m=7.2739e+04
step 1608 | acc=0.7100 | NZ=   552 | sparsity=0.7444 | d_m=7.3238e+04
step 1609 | acc=0.7020 | NZ=   551 | sparsity=0.7449 | d_m=7.3891e+04
step 1610 | acc=0.7020 | NZ=   550 | sparsity=0.7454 | d_m=7.4464e+04
step 1611 | acc=0.7000 | NZ=   549 | sparsity=0.7458 | d_m=7.4765e+04
step 1612 | acc=0.7030 | NZ=   548 | sparsity=0.7463 | d_m=7.4851e+04
step 1613 | acc=0.7010 | NZ=   547 | sparsity=0.7468 | d_m=7.5213e+04
step 1614 | acc=0.6980 | NZ=   546 | sparsity=0.7472 | d_m=7.5734e+04
step 1615 | acc=0.7000 | NZ=   545 | sparsity=0.7477 | d_m=7.6222e+04
step 1616 | acc=0.7000 | NZ=   544 | sparsity=0.7481 | d_m=7.6497e+04
step 1617 | acc=0.7000 | NZ=   543 | sparsity=0.7486 | d_m=7.6785e+04
step 1618 | acc=0.7000 | NZ=   542 | sparsity=0.7491 | d_m=7.7060e+04
step 1619 | acc=0.7020 | NZ=   541 | sparsity=0.7495 | d_m=7.7240e+04
step 1620 | acc=0.7020 | NZ=   540 | sparsity=0.7500 | d_m=7.7750e+04
step 1621 | acc=0.7020 | NZ=   539 | sparsity=0.7505 | d_m=7.8011e+04
step 1622 | acc=0.6960 | NZ=   538 | sparsity=0.7509 | d_m=7.8607e+04
step 1623 | acc=0.6930 | NZ=   537 | sparsity=0.7514 | d_m=7.8983e+04
step 1624 | acc=0.6920 | NZ=   536 | sparsity=0.7519 | d_m=7.9623e+04
step 1625 | acc=0.6910 | NZ=   535 | sparsity=0.7523 | d_m=8.0065e+04
step 1626 | acc=0.6910 | NZ=   534 | sparsity=0.7528 | d_m=8.0510e+04
step 1627 | acc=0.6940 | NZ=   533 | sparsity=0.7532 | d_m=8.0680e+04
step 1628 | acc=0.6910 | NZ=   532 | sparsity=0.7537 | d_m=8.0961e+04
step 1629 | acc=0.6960 | NZ=   531 | sparsity=0.7542 | d_m=8.1661e+04
step 1630 | acc=0.6920 | NZ=   530 | sparsity=0.7546 | d_m=8.1624e+04
step 1631 | acc=0.6880 | NZ=   529 | sparsity=0.7551 | d_m=8.3034e+04
step 1632 | acc=0.6890 | NZ=   528 | sparsity=0.7556 | d_m=8.3042e+04
step 1633 | acc=0.6870 | NZ=   527 | sparsity=0.7560 | d_m=8.3282e+04
step 1634 | acc=0.6880 | NZ=   526 | sparsity=0.7565 | d_m=8.2925e+04
step 1635 | acc=0.6900 | NZ=   525 | sparsity=0.7569 | d_m=8.3342e+04
step 1636 | acc=0.6900 | NZ=   524 | sparsity=0.7574 | d_m=8.3165e+04
step 1637 | acc=0.6890 | NZ=   523 | sparsity=0.7579 | d_m=8.3551e+04
step 1638 | acc=0.7050 | NZ=   522 | sparsity=0.7583 | d_m=8.4665e+04
step 1639 | acc=0.7040 | NZ=   521 | sparsity=0.7588 | d_m=8.4907e+04
step 1640 | acc=0.7050 | NZ=   520 | sparsity=0.7593 | d_m=8.5296e+04
step 1641 | acc=0.7060 | NZ=   519 | sparsity=0.7597 | d_m=8.5965e+04
step 1642 | acc=0.7050 | NZ=   518 | sparsity=0.7602 | d_m=8.6238e+04
step 1643 | acc=0.7040 | NZ=   517 | sparsity=0.7606 | d_m=8.6861e+04
step 1644 | acc=0.7010 | NZ=   516 | sparsity=0.7611 | d_m=8.6975e+04
step 1645 | acc=0.6980 | NZ=   515 | sparsity=0.7616 | d_m=8.7022e+04
step 1646 | acc=0.6970 | NZ=   514 | sparsity=0.7620 | d_m=8.7642e+04
step 1647 | acc=0.6970 | NZ=   513 | sparsity=0.7625 | d_m=8.8424e+04
step 1648 | acc=0.6970 | NZ=   512 | sparsity=0.7630 | d_m=8.8957e+04
step 1649 | acc=0.6850 | NZ=   511 | sparsity=0.7634 | d_m=8.9881e+04
step 1650 | acc=0.6830 | NZ=   510 | sparsity=0.7639 | d_m=8.9978e+04
step 1651 | acc=0.6760 | NZ=   509 | sparsity=0.7644 | d_m=9.0461e+04
step 1652 | acc=0.6700 | NZ=   508 | sparsity=0.7648 | d_m=9.1181e+04
step 1653 | acc=0.6660 | NZ=   507 | sparsity=0.7653 | d_m=9.1846e+04
step 1654 | acc=0.6680 | NZ=   506 | sparsity=0.7657 | d_m=9.2086e+04
step 1655 | acc=0.6680 | NZ=   505 | sparsity=0.7662 | d_m=9.2909e+04
step 1656 | acc=0.6610 | NZ=   504 | sparsity=0.7667 | d_m=9.3858e+04
step 1657 | acc=0.6630 | NZ=   503 | sparsity=0.7671 | d_m=9.4347e+04
step 1658 | acc=0.6640 | NZ=   502 | sparsity=0.7676 | d_m=9.4608e+04
step 1659 | acc=0.6690 | NZ=   501 | sparsity=0.7681 | d_m=9.4708e+04
step 1660 | acc=0.6490 | NZ=   500 | sparsity=0.7685 | d_m=9.6449e+04
step 1661 | acc=0.6550 | NZ=   499 | sparsity=0.7690 | d_m=9.6613e+04
step 1662 | acc=0.6560 | NZ=   498 | sparsity=0.7694 | d_m=9.6080e+04
step 1663 | acc=0.6480 | NZ=   497 | sparsity=0.7699 | d_m=9.8127e+04
step 1664 | acc=0.6470 | NZ=   496 | sparsity=0.7704 | d_m=9.8724e+04
step 1665 | acc=0.6490 | NZ=   495 | sparsity=0.7708 | d_m=9.9310e+04
step 1666 | acc=0.6480 | NZ=   494 | sparsity=0.7713 | d_m=9.8958e+04
step 1667 | acc=0.6470 | NZ=   493 | sparsity=0.7718 | d_m=9.9250e+04
step 1668 | acc=0.6450 | NZ=   492 | sparsity=0.7722 | d_m=9.9371e+04
step 1669 | acc=0.6480 | NZ=   491 | sparsity=0.7727 | d_m=9.9681e+04
step 1670 | acc=0.6480 | NZ=   490 | sparsity=0.7731 | d_m=9.9920e+04
step 1671 | acc=0.6510 | NZ=   489 | sparsity=0.7736 | d_m=1.0026e+05
step 1672 | acc=0.6510 | NZ=   488 | sparsity=0.7741 | d_m=1.0016e+05
step 1673 | acc=0.6480 | NZ=   487 | sparsity=0.7745 | d_m=1.0095e+05
step 1674 | acc=0.6520 | NZ=   486 | sparsity=0.7750 | d_m=1.0176e+05
step 1675 | acc=0.6470 | NZ=   485 | sparsity=0.7755 | d_m=1.0209e+05
step 1676 | acc=0.6470 | NZ=   484 | sparsity=0.7759 | d_m=1.0300e+05
step 1677 | acc=0.6480 | NZ=   483 | sparsity=0.7764 | d_m=1.0316e+05
step 1678 | acc=0.6520 | NZ=   482 | sparsity=0.7769 | d_m=1.0386e+05
step 1679 | acc=0.6480 | NZ=   481 | sparsity=0.7773 | d_m=1.0484e+05
step 1680 | acc=0.6530 | NZ=   480 | sparsity=0.7778 | d_m=1.0574e+05
step 1681 | acc=0.6500 | NZ=   479 | sparsity=0.7782 | d_m=1.0673e+05
step 1682 | acc=0.6470 | NZ=   478 | sparsity=0.7787 | d_m=1.0793e+05
step 1683 | acc=0.6460 | NZ=   477 | sparsity=0.7792 | d_m=1.0874e+05
step 1684 | acc=0.6380 | NZ=   476 | sparsity=0.7796 | d_m=1.1117e+05
step 1685 | acc=0.6410 | NZ=   475 | sparsity=0.7801 | d_m=1.1216e+05
step 1686 | acc=0.6420 | NZ=   474 | sparsity=0.7806 | d_m=1.1248e+05
step 1687 | acc=0.6430 | NZ=   473 | sparsity=0.7810 | d_m=1.1253e+05
step 1688 | acc=0.6470 | NZ=   472 | sparsity=0.7815 | d_m=1.1279e+05
step 1689 | acc=0.6450 | NZ=   471 | sparsity=0.7819 | d_m=1.1306e+05
step 1690 | acc=0.6410 | NZ=   470 | sparsity=0.7824 | d_m=1.1398e+05
step 1691 | acc=0.6430 | NZ=   469 | sparsity=0.7829 | d_m=1.1380e+05
step 1692 | acc=0.6360 | NZ=   468 | sparsity=0.7833 | d_m=1.1436e+05
step 1693 | acc=0.6330 | NZ=   467 | sparsity=0.7838 | d_m=1.1532e+05
step 1694 | acc=0.6350 | NZ=   466 | sparsity=0.7843 | d_m=1.1543e+05
step 1695 | acc=0.6350 | NZ=   465 | sparsity=0.7847 | d_m=1.1646e+05
step 1696 | acc=0.6350 | NZ=   464 | sparsity=0.7852 | d_m=1.1767e+05
step 1697 | acc=0.6340 | NZ=   463 | sparsity=0.7856 | d_m=1.1823e+05
step 1698 | acc=0.6390 | NZ=   462 | sparsity=0.7861 | d_m=1.1929e+05
step 1699 | acc=0.6390 | NZ=   461 | sparsity=0.7866 | d_m=1.2046e+05
step 1700 | acc=0.6400 | NZ=   460 | sparsity=0.7870 | d_m=1.2099e+05
step 1701 | acc=0.6430 | NZ=   459 | sparsity=0.7875 | d_m=1.2160e+05
step 1702 | acc=0.6480 | NZ=   458 | sparsity=0.7880 | d_m=1.2232e+05
step 1703 | acc=0.6450 | NZ=   457 | sparsity=0.7884 | d_m=1.2329e+05
step 1704 | acc=0.6390 | NZ=   456 | sparsity=0.7889 | d_m=1.2458e+05
step 1705 | acc=0.6370 | NZ=   455 | sparsity=0.7894 | d_m=1.2529e+05
step 1706 | acc=0.6380 | NZ=   454 | sparsity=0.7898 | d_m=1.2571e+05
step 1707 | acc=0.6420 | NZ=   453 | sparsity=0.7903 | d_m=1.2698e+05
step 1708 | acc=0.6450 | NZ=   452 | sparsity=0.7907 | d_m=1.2782e+05
step 1709 | acc=0.6460 | NZ=   451 | sparsity=0.7912 | d_m=1.2853e+05
step 1710 | acc=0.6480 | NZ=   450 | sparsity=0.7917 | d_m=1.2952e+05
step 1711 | acc=0.6510 | NZ=   449 | sparsity=0.7921 | d_m=1.3019e+05
step 1712 | acc=0.6520 | NZ=   448 | sparsity=0.7926 | d_m=1.3064e+05
step 1713 | acc=0.6490 | NZ=   447 | sparsity=0.7931 | d_m=1.3124e+05
step 1714 | acc=0.6530 | NZ=   446 | sparsity=0.7935 | d_m=1.3262e+05
step 1715 | acc=0.6540 | NZ=   445 | sparsity=0.7940 | d_m=1.3349e+05
step 1716 | acc=0.6540 | NZ=   444 | sparsity=0.7944 | d_m=1.3371e+05
step 1717 | acc=0.6570 | NZ=   443 | sparsity=0.7949 | d_m=1.3444e+05
step 1718 | acc=0.6530 | NZ=   442 | sparsity=0.7954 | d_m=1.3577e+05
step 1719 | acc=0.6530 | NZ=   441 | sparsity=0.7958 | d_m=1.3613e+05
step 1720 | acc=0.6540 | NZ=   440 | sparsity=0.7963 | d_m=1.3623e+05
step 1721 | acc=0.6500 | NZ=   439 | sparsity=0.7968 | d_m=1.3725e+05
step 1722 | acc=0.6530 | NZ=   438 | sparsity=0.7972 | d_m=1.3847e+05
step 1723 | acc=0.6550 | NZ=   437 | sparsity=0.7977 | d_m=1.3960e+05
step 1724 | acc=0.6540 | NZ=   436 | sparsity=0.7981 | d_m=1.4089e+05
step 1725 | acc=0.6590 | NZ=   435 | sparsity=0.7986 | d_m=1.4179e+05
step 1726 | acc=0.6590 | NZ=   434 | sparsity=0.7991 | d_m=1.4340e+05
step 1727 | acc=0.6610 | NZ=   433 | sparsity=0.7995 | d_m=1.4230e+05
step 1728 | acc=0.6620 | NZ=   432 | sparsity=0.8000 | d_m=1.4275e+05
step 1729 | acc=0.6640 | NZ=   431 | sparsity=0.8005 | d_m=1.4254e+05
step 1730 | acc=0.6660 | NZ=   430 | sparsity=0.8009 | d_m=1.4237e+05
step 1731 | acc=0.6650 | NZ=   429 | sparsity=0.8014 | d_m=1.4222e+05
step 1732 | acc=0.6650 | NZ=   428 | sparsity=0.8019 | d_m=1.4209e+05
step 1733 | acc=0.6620 | NZ=   427 | sparsity=0.8023 | d_m=1.4361e+05
step 1734 | acc=0.6590 | NZ=   426 | sparsity=0.8028 | d_m=1.4443e+05
step 1735 | acc=0.6570 | NZ=   425 | sparsity=0.8032 | d_m=1.4466e+05
step 1736 | acc=0.6580 | NZ=   424 | sparsity=0.8037 | d_m=1.4527e+05
step 1737 | acc=0.6610 | NZ=   423 | sparsity=0.8042 | d_m=1.4515e+05
step 1738 | acc=0.6590 | NZ=   422 | sparsity=0.8046 | d_m=1.4540e+05
step 1739 | acc=0.6600 | NZ=   421 | sparsity=0.8051 | d_m=1.4717e+05
step 1740 | acc=0.6600 | NZ=   420 | sparsity=0.8056 | d_m=1.4829e+05
step 1741 | acc=0.6590 | NZ=   419 | sparsity=0.8060 | d_m=1.5025e+05
step 1742 | acc=0.6580 | NZ=   418 | sparsity=0.8065 | d_m=1.5233e+05
step 1743 | acc=0.6600 | NZ=   417 | sparsity=0.8069 | d_m=1.5240e+05
step 1744 | acc=0.6580 | NZ=   416 | sparsity=0.8074 | d_m=1.5332e+05
step 1745 | acc=0.6590 | NZ=   415 | sparsity=0.8079 | d_m=1.5355e+05
step 1746 | acc=0.6590 | NZ=   414 | sparsity=0.8083 | d_m=1.5333e+05
step 1747 | acc=0.6600 | NZ=   413 | sparsity=0.8088 | d_m=1.5419e+05
step 1748 | acc=0.6610 | NZ=   412 | sparsity=0.8093 | d_m=1.5465e+05
step 1749 | acc=0.6620 | NZ=   411 | sparsity=0.8097 | d_m=1.5519e+05
step 1750 | acc=0.6620 | NZ=   410 | sparsity=0.8102 | d_m=1.5497e+05
step 1751 | acc=0.6680 | NZ=   409 | sparsity=0.8106 | d_m=1.5658e+05
step 1752 | acc=0.6660 | NZ=   408 | sparsity=0.8111 | d_m=1.5850e+05
step 1753 | acc=0.6640 | NZ=   407 | sparsity=0.8116 | d_m=1.5935e+05
step 1754 | acc=0.6640 | NZ=   406 | sparsity=0.8120 | d_m=1.6011e+05
step 1755 | acc=0.6610 | NZ=   405 | sparsity=0.8125 | d_m=1.6047e+05
step 1756 | acc=0.6600 | NZ=   404 | sparsity=0.8130 | d_m=1.6163e+05
step 1757 | acc=0.6650 | NZ=   403 | sparsity=0.8134 | d_m=1.6224e+05
step 1758 | acc=0.6570 | NZ=   402 | sparsity=0.8139 | d_m=1.6299e+05
step 1759 | acc=0.6590 | NZ=   401 | sparsity=0.8144 | d_m=1.6262e+05
step 1760 | acc=0.6640 | NZ=   400 | sparsity=0.8148 | d_m=1.6376e+05
step 1761 | acc=0.6610 | NZ=   399 | sparsity=0.8153 | d_m=1.6409e+05
step 1762 | acc=0.6560 | NZ=   398 | sparsity=0.8157 | d_m=1.6412e+05
step 1763 | acc=0.6590 | NZ=   397 | sparsity=0.8162 | d_m=1.6467e+05
step 1764 | acc=0.6520 | NZ=   396 | sparsity=0.8167 | d_m=1.6651e+05
step 1765 | acc=0.6500 | NZ=   395 | sparsity=0.8171 | d_m=1.6757e+05
step 1766 | acc=0.6520 | NZ=   394 | sparsity=0.8176 | d_m=1.6688e+05
step 1767 | acc=0.6550 | NZ=   393 | sparsity=0.8181 | d_m=1.6833e+05
step 1768 | acc=0.6550 | NZ=   392 | sparsity=0.8185 | d_m=1.7026e+05
step 1769 | acc=0.6480 | NZ=   391 | sparsity=0.8190 | d_m=1.7116e+05
step 1770 | acc=0.6460 | NZ=   390 | sparsity=0.8194 | d_m=1.7291e+05
step 1771 | acc=0.6490 | NZ=   389 | sparsity=0.8199 | d_m=1.7439e+05
step 1772 | acc=0.6480 | NZ=   388 | sparsity=0.8204 | d_m=1.7517e+05
step 1773 | acc=0.6430 | NZ=   387 | sparsity=0.8208 | d_m=1.7517e+05
step 1774 | acc=0.6440 | NZ=   386 | sparsity=0.8213 | d_m=1.7557e+05
step 1775 | acc=0.6460 | NZ=   385 | sparsity=0.8218 | d_m=1.7589e+05
step 1776 | acc=0.6430 | NZ=   384 | sparsity=0.8222 | d_m=1.7730e+05
step 1777 | acc=0.6450 | NZ=   383 | sparsity=0.8227 | d_m=1.7931e+05
step 1778 | acc=0.6420 | NZ=   382 | sparsity=0.8231 | d_m=1.8033e+05
step 1779 | acc=0.6420 | NZ=   381 | sparsity=0.8236 | d_m=1.8010e+05
step 1780 | acc=0.6420 | NZ=   380 | sparsity=0.8241 | d_m=1.8205e+05
step 1781 | acc=0.6390 | NZ=   379 | sparsity=0.8245 | d_m=1.8203e+05
step 1782 | acc=0.6340 | NZ=   378 | sparsity=0.8250 | d_m=1.8254e+05
step 1783 | acc=0.6370 | NZ=   377 | sparsity=0.8255 | d_m=1.8359e+05
step 1784 | acc=0.6380 | NZ=   376 | sparsity=0.8259 | d_m=1.8444e+05
step 1785 | acc=0.6380 | NZ=   375 | sparsity=0.8264 | d_m=1.8375e+05
step 1786 | acc=0.6370 | NZ=   374 | sparsity=0.8269 | d_m=1.8640e+05
step 1787 | acc=0.6390 | NZ=   373 | sparsity=0.8273 | d_m=1.8819e+05
step 1788 | acc=0.6350 | NZ=   372 | sparsity=0.8278 | d_m=1.8975e+05
step 1789 | acc=0.6370 | NZ=   371 | sparsity=0.8282 | d_m=1.9169e+05
step 1790 | acc=0.6340 | NZ=   370 | sparsity=0.8287 | d_m=1.9252e+05
step 1791 | acc=0.6380 | NZ=   369 | sparsity=0.8292 | d_m=1.9302e+05
step 1792 | acc=0.6390 | NZ=   368 | sparsity=0.8296 | d_m=1.9346e+05
step 1793 | acc=0.6380 | NZ=   367 | sparsity=0.8301 | d_m=1.9447e+05
step 1794 | acc=0.6360 | NZ=   366 | sparsity=0.8306 | d_m=1.9527e+05
step 1795 | acc=0.6340 | NZ=   365 | sparsity=0.8310 | d_m=1.9447e+05
step 1796 | acc=0.6310 | NZ=   364 | sparsity=0.8315 | d_m=1.9514e+05
step 1797 | acc=0.6350 | NZ=   363 | sparsity=0.8319 | d_m=1.9693e+05
step 1798 | acc=0.6290 | NZ=   362 | sparsity=0.8324 | d_m=1.9851e+05
step 1799 | acc=0.6320 | NZ=   361 | sparsity=0.8329 | d_m=1.9900e+05
step 1800 | acc=0.6310 | NZ=   360 | sparsity=0.8333 | d_m=1.9919e+05
step 1801 | acc=0.6300 | NZ=   359 | sparsity=0.8338 | d_m=1.9933e+05
step 1802 | acc=0.6300 | NZ=   358 | sparsity=0.8343 | d_m=1.9918e+05
step 1803 | acc=0.6320 | NZ=   357 | sparsity=0.8347 | d_m=2.0131e+05
step 1804 | acc=0.6280 | NZ=   356 | sparsity=0.8352 | d_m=2.0196e+05
step 1805 | acc=0.6390 | NZ=   355 | sparsity=0.8356 | d_m=2.0401e+05
step 1806 | acc=0.6400 | NZ=   354 | sparsity=0.8361 | d_m=2.0552e+05
step 1807 | acc=0.6410 | NZ=   353 | sparsity=0.8366 | d_m=2.0666e+05
step 1808 | acc=0.6400 | NZ=   352 | sparsity=0.8370 | d_m=2.0712e+05
step 1809 | acc=0.6320 | NZ=   351 | sparsity=0.8375 | d_m=2.0776e+05
step 1810 | acc=0.6310 | NZ=   350 | sparsity=0.8380 | d_m=2.0874e+05
step 1811 | acc=0.6350 | NZ=   349 | sparsity=0.8384 | d_m=2.1038e+05
step 1812 | acc=0.6360 | NZ=   348 | sparsity=0.8389 | d_m=2.1091e+05
step 1813 | acc=0.6350 | NZ=   347 | sparsity=0.8394 | d_m=2.1114e+05
step 1814 | acc=0.6360 | NZ=   346 | sparsity=0.8398 | d_m=2.1073e+05
step 1815 | acc=0.6360 | NZ=   345 | sparsity=0.8403 | d_m=2.1047e+05
step 1816 | acc=0.6360 | NZ=   344 | sparsity=0.8407 | d_m=2.1010e+05
step 1817 | acc=0.6380 | NZ=   343 | sparsity=0.8412 | d_m=2.1107e+05
step 1818 | acc=0.6340 | NZ=   342 | sparsity=0.8417 | d_m=2.1150e+05
step 1819 | acc=0.6380 | NZ=   341 | sparsity=0.8421 | d_m=2.1227e+05
step 1820 | acc=0.6380 | NZ=   340 | sparsity=0.8426 | d_m=2.1277e+05
step 1821 | acc=0.6410 | NZ=   339 | sparsity=0.8431 | d_m=2.1432e+05
step 1822 | acc=0.6340 | NZ=   338 | sparsity=0.8435 | d_m=2.1625e+05
step 1823 | acc=0.6330 | NZ=   337 | sparsity=0.8440 | d_m=2.1698e+05
step 1824 | acc=0.6340 | NZ=   336 | sparsity=0.8444 | d_m=2.1772e+05
step 1825 | acc=0.6320 | NZ=   335 | sparsity=0.8449 | d_m=2.1778e+05
step 1826 | acc=0.6310 | NZ=   334 | sparsity=0.8454 | d_m=2.1867e+05
step 1827 | acc=0.6380 | NZ=   333 | sparsity=0.8458 | d_m=2.2032e+05
step 1828 | acc=0.6380 | NZ=   332 | sparsity=0.8463 | d_m=2.2136e+05
step 1829 | acc=0.6360 | NZ=   331 | sparsity=0.8468 | d_m=2.2194e+05
step 1830 | acc=0.6300 | NZ=   330 | sparsity=0.8472 | d_m=2.2155e+05
step 1831 | acc=0.6260 | NZ=   329 | sparsity=0.8477 | d_m=2.2119e+05
step 1832 | acc=0.6280 | NZ=   328 | sparsity=0.8481 | d_m=2.2151e+05
step 1833 | acc=0.6250 | NZ=   327 | sparsity=0.8486 | d_m=2.2317e+05
step 1834 | acc=0.6290 | NZ=   326 | sparsity=0.8491 | d_m=2.2532e+05
step 1835 | acc=0.6260 | NZ=   325 | sparsity=0.8495 | d_m=2.2634e+05
step 1836 | acc=0.6290 | NZ=   324 | sparsity=0.8500 | d_m=2.2562e+05
step 1837 | acc=0.6250 | NZ=   323 | sparsity=0.8505 | d_m=2.2557e+05
step 1838 | acc=0.6210 | NZ=   322 | sparsity=0.8509 | d_m=2.2665e+05
step 1839 | acc=0.6230 | NZ=   321 | sparsity=0.8514 | d_m=2.2909e+05
step 1840 | acc=0.6180 | NZ=   320 | sparsity=0.8519 | d_m=2.3180e+05
step 1841 | acc=0.6210 | NZ=   319 | sparsity=0.8523 | d_m=2.3301e+05
step 1842 | acc=0.6250 | NZ=   318 | sparsity=0.8528 | d_m=2.3524e+05
step 1843 | acc=0.6160 | NZ=   317 | sparsity=0.8532 | d_m=2.3529e+05
step 1844 | acc=0.6170 | NZ=   316 | sparsity=0.8537 | d_m=2.3663e+05
step 1845 | acc=0.6130 | NZ=   315 | sparsity=0.8542 | d_m=2.3705e+05
step 1846 | acc=0.6120 | NZ=   314 | sparsity=0.8546 | d_m=2.3832e+05
step 1847 | acc=0.6150 | NZ=   313 | sparsity=0.8551 | d_m=2.3848e+05
step 1848 | acc=0.6120 | NZ=   312 | sparsity=0.8556 | d_m=2.3964e+05
step 1849 | acc=0.6170 | NZ=   311 | sparsity=0.8560 | d_m=2.4174e+05
step 1850 | acc=0.6190 | NZ=   310 | sparsity=0.8565 | d_m=2.4420e+05
step 1851 | acc=0.6230 | NZ=   309 | sparsity=0.8569 | d_m=2.4536e+05
step 1852 | acc=0.6210 | NZ=   308 | sparsity=0.8574 | d_m=2.4799e+05
step 1853 | acc=0.6180 | NZ=   307 | sparsity=0.8579 | d_m=2.5100e+05
step 1854 | acc=0.6190 | NZ=   306 | sparsity=0.8583 | d_m=2.5224e+05
step 1855 | acc=0.6180 | NZ=   305 | sparsity=0.8588 | d_m=2.5517e+05
step 1856 | acc=0.6130 | NZ=   304 | sparsity=0.8593 | d_m=2.5793e+05
step 1857 | acc=0.6090 | NZ=   303 | sparsity=0.8597 | d_m=2.6117e+05
step 1858 | acc=0.6120 | NZ=   302 | sparsity=0.8602 | d_m=2.6409e+05
step 1859 | acc=0.6080 | NZ=   301 | sparsity=0.8606 | d_m=2.6639e+05
step 1860 | acc=0.6020 | NZ=   300 | sparsity=0.8611 | d_m=2.6808e+05
step 1861 | acc=0.6010 | NZ=   299 | sparsity=0.8616 | d_m=2.6937e+05
step 1862 | acc=0.5920 | NZ=   298 | sparsity=0.8620 | d_m=2.7237e+05
step 1863 | acc=0.5860 | NZ=   297 | sparsity=0.8625 | d_m=2.7597e+05
step 1864 | acc=0.5920 | NZ=   296 | sparsity=0.8630 | d_m=2.7955e+05
step 1865 | acc=0.5830 | NZ=   295 | sparsity=0.8634 | d_m=2.8297e+05
step 1866 | acc=0.5830 | NZ=   294 | sparsity=0.8639 | d_m=2.8661e+05
step 1867 | acc=0.5850 | NZ=   293 | sparsity=0.8644 | d_m=2.8682e+05
step 1868 | acc=0.5830 | NZ=   292 | sparsity=0.8648 | d_m=2.8720e+05
step 1869 | acc=0.5830 | NZ=   291 | sparsity=0.8653 | d_m=2.9079e+05
step 1870 | acc=0.5830 | NZ=   290 | sparsity=0.8657 | d_m=2.9181e+05
step 1871 | acc=0.5840 | NZ=   289 | sparsity=0.8662 | d_m=2.9203e+05
step 1872 | acc=0.5780 | NZ=   288 | sparsity=0.8667 | d_m=2.9316e+05
step 1873 | acc=0.5740 | NZ=   287 | sparsity=0.8671 | d_m=2.9254e+05
step 1874 | acc=0.5720 | NZ=   286 | sparsity=0.8676 | d_m=2.9596e+05
step 1875 | acc=0.5730 | NZ=   285 | sparsity=0.8681 | d_m=2.9761e+05
step 1876 | acc=0.5690 | NZ=   284 | sparsity=0.8685 | d_m=2.9639e+05
step 1877 | acc=0.5690 | NZ=   283 | sparsity=0.8690 | d_m=2.9829e+05
step 1878 | acc=0.5570 | NZ=   282 | sparsity=0.8694 | d_m=3.0138e+05
step 1879 | acc=0.5620 | NZ=   281 | sparsity=0.8699 | d_m=3.0220e+05
step 1880 | acc=0.5520 | NZ=   280 | sparsity=0.8704 | d_m=3.0925e+05
step 1881 | acc=0.5500 | NZ=   279 | sparsity=0.8708 | d_m=3.1419e+05
step 1882 | acc=0.5510 | NZ=   278 | sparsity=0.8713 | d_m=3.1325e+05
step 1883 | acc=0.5380 | NZ=   277 | sparsity=0.8718 | d_m=3.1576e+05
step 1884 | acc=0.5220 | NZ=   276 | sparsity=0.8722 | d_m=3.1897e+05
step 1885 | acc=0.5280 | NZ=   275 | sparsity=0.8727 | d_m=3.2127e+05
step 1886 | acc=0.5350 | NZ=   274 | sparsity=0.8731 | d_m=3.2490e+05
step 1887 | acc=0.5230 | NZ=   273 | sparsity=0.8736 | d_m=3.2770e+05
step 1888 | acc=0.5100 | NZ=   272 | sparsity=0.8741 | d_m=3.2919e+05
step 1889 | acc=0.5110 | NZ=   271 | sparsity=0.8745 | d_m=3.2955e+05
step 1890 | acc=0.5090 | NZ=   270 | sparsity=0.8750 | d_m=3.2974e+05
step 1891 | acc=0.5020 | NZ=   269 | sparsity=0.8755 | d_m=3.3234e+05
step 1892 | acc=0.4960 | NZ=   268 | sparsity=0.8759 | d_m=3.3385e+05
step 1893 | acc=0.4920 | NZ=   267 | sparsity=0.8764 | d_m=3.3773e+05
step 1894 | acc=0.4850 | NZ=   266 | sparsity=0.8769 | d_m=3.4171e+05
step 1895 | acc=0.4840 | NZ=   265 | sparsity=0.8773 | d_m=3.4192e+05
step 1896 | acc=0.4860 | NZ=   264 | sparsity=0.8778 | d_m=3.4151e+05
step 1897 | acc=0.4670 | NZ=   263 | sparsity=0.8782 | d_m=3.5024e+05
step 1898 | acc=0.4820 | NZ=   262 | sparsity=0.8787 | d_m=3.4890e+05
step 1899 | acc=0.4790 | NZ=   261 | sparsity=0.8792 | d_m=3.4747e+05
step 1900 | acc=0.4810 | NZ=   260 | sparsity=0.8796 | d_m=3.4590e+05
step 1901 | acc=0.4810 | NZ=   259 | sparsity=0.8801 | d_m=3.4665e+05
step 1902 | acc=0.4810 | NZ=   258 | sparsity=0.8806 | d_m=3.4726e+05
step 1903 | acc=0.4820 | NZ=   257 | sparsity=0.8810 | d_m=3.5122e+05
step 1904 | acc=0.4760 | NZ=   256 | sparsity=0.8815 | d_m=3.5554e+05
step 1905 | acc=0.4770 | NZ=   255 | sparsity=0.8819 | d_m=3.5999e+05
step 1906 | acc=0.4780 | NZ=   254 | sparsity=0.8824 | d_m=3.6178e+05
step 1907 | acc=0.4830 | NZ=   253 | sparsity=0.8829 | d_m=3.6198e+05
step 1908 | acc=0.4870 | NZ=   252 | sparsity=0.8833 | d_m=3.6360e+05
step 1909 | acc=0.4830 | NZ=   251 | sparsity=0.8838 | d_m=3.6220e+05
step 1910 | acc=0.4820 | NZ=   250 | sparsity=0.8843 | d_m=3.6722e+05
step 1911 | acc=0.4700 | NZ=   249 | sparsity=0.8847 | d_m=3.7241e+05
step 1912 | acc=0.4720 | NZ=   248 | sparsity=0.8852 | d_m=3.7274e+05
step 1913 | acc=0.4700 | NZ=   247 | sparsity=0.8856 | d_m=3.7752e+05
step 1914 | acc=0.4610 | NZ=   246 | sparsity=0.8861 | d_m=3.8200e+05
step 1915 | acc=0.4620 | NZ=   245 | sparsity=0.8866 | d_m=3.8671e+05
step 1916 | acc=0.4670 | NZ=   244 | sparsity=0.8870 | d_m=3.9182e+05
step 1917 | acc=0.4720 | NZ=   243 | sparsity=0.8875 | d_m=3.9707e+05
step 1918 | acc=0.4580 | NZ=   242 | sparsity=0.8880 | d_m=4.0226e+05
step 1919 | acc=0.4530 | NZ=   241 | sparsity=0.8884 | d_m=4.0747e+05
step 1920 | acc=0.4400 | NZ=   240 | sparsity=0.8889 | d_m=4.1275e+05
step 1921 | acc=0.4320 | NZ=   239 | sparsity=0.8894 | d_m=4.1633e+05
step 1922 | acc=0.4210 | NZ=   238 | sparsity=0.8898 | d_m=4.2102e+05
step 1923 | acc=0.4070 | NZ=   237 | sparsity=0.8903 | d_m=4.2599e+05
step 1924 | acc=0.4030 | NZ=   236 | sparsity=0.8907 | d_m=4.3122e+05
step 1925 | acc=0.3950 | NZ=   235 | sparsity=0.8912 | d_m=4.3565e+05
step 1926 | acc=0.3870 | NZ=   234 | sparsity=0.8917 | d_m=4.3625e+05
step 1927 | acc=0.3830 | NZ=   233 | sparsity=0.8921 | d_m=4.3881e+05
step 1928 | acc=0.3800 | NZ=   232 | sparsity=0.8926 | d_m=4.3813e+05
step 1929 | acc=0.3850 | NZ=   231 | sparsity=0.8931 | d_m=4.3750e+05
step 1930 | acc=0.3370 | NZ=   230 | sparsity=0.8935 | d_m=4.4031e+05
step 1931 | acc=0.3370 | NZ=   229 | sparsity=0.8940 | d_m=4.3913e+05
step 1932 | acc=0.3330 | NZ=   228 | sparsity=0.8944 | d_m=4.3845e+05
step 1933 | acc=0.3380 | NZ=   227 | sparsity=0.8949 | d_m=4.4345e+05
step 1934 | acc=0.3270 | NZ=   226 | sparsity=0.8954 | d_m=4.4435e+05
step 1935 | acc=0.3200 | NZ=   225 | sparsity=0.8958 | d_m=4.4488e+05
step 1936 | acc=0.3180 | NZ=   224 | sparsity=0.8963 | d_m=4.4483e+05
step 1937 | acc=0.3110 | NZ=   223 | sparsity=0.8968 | d_m=4.5119e+05
step 1938 | acc=0.2930 | NZ=   222 | sparsity=0.8972 | d_m=4.5324e+05
step 1939 | acc=0.2870 | NZ=   221 | sparsity=0.8977 | d_m=4.5899e+05
step 1940 | acc=0.2940 | NZ=   220 | sparsity=0.8981 | d_m=4.6453e+05
step 1941 | acc=0.2810 | NZ=   219 | sparsity=0.8986 | d_m=4.7100e+05
step 1942 | acc=0.2800 | NZ=   218 | sparsity=0.8991 | d_m=4.7148e+05
step 1943 | acc=0.2670 | NZ=   217 | sparsity=0.8995 | d_m=4.7642e+05
step 1944 | acc=0.2750 | NZ=   216 | sparsity=0.9000 | d_m=4.8133e+05
step 1945 | acc=0.2720 | NZ=   215 | sparsity=0.9005 | d_m=4.8622e+05
step 1946 | acc=0.2670 | NZ=   214 | sparsity=0.9009 | d_m=4.8970e+05
step 1947 | acc=0.2720 | NZ=   213 | sparsity=0.9014 | d_m=4.9059e+05
step 1948 | acc=0.2760 | NZ=   212 | sparsity=0.9019 | d_m=4.9652e+05
step 1949 | acc=0.2730 | NZ=   211 | sparsity=0.9023 | d_m=4.9771e+05
step 1950 | acc=0.2650 | NZ=   210 | sparsity=0.9028 | d_m=4.9754e+05
step 1951 | acc=0.2790 | NZ=   209 | sparsity=0.9032 | d_m=4.9790e+05
step 1952 | acc=0.2710 | NZ=   208 | sparsity=0.9037 | d_m=4.9704e+05
step 1953 | acc=0.2620 | NZ=   207 | sparsity=0.9042 | d_m=4.9716e+05
step 1954 | acc=0.2660 | NZ=   206 | sparsity=0.9046 | d_m=5.0245e+05
step 1955 | acc=0.2600 | NZ=   205 | sparsity=0.9051 | d_m=5.0490e+05
step 1956 | acc=0.2570 | NZ=   204 | sparsity=0.9056 | d_m=5.0502e+05
step 1957 | acc=0.2560 | NZ=   203 | sparsity=0.9060 | d_m=5.0646e+05
step 1958 | acc=0.2430 | NZ=   202 | sparsity=0.9065 | d_m=5.0740e+05
step 1959 | acc=0.2280 | NZ=   201 | sparsity=0.9069 | d_m=5.1555e+05
step 1960 | acc=0.2150 | NZ=   200 | sparsity=0.9074 | d_m=5.2305e+05
step 1961 | acc=0.2160 | NZ=   199 | sparsity=0.9079 | d_m=5.2881e+05
step 1962 | acc=0.2170 | NZ=   198 | sparsity=0.9083 | d_m=5.3008e+05
step 1963 | acc=0.2070 | NZ=   197 | sparsity=0.9088 | d_m=5.3073e+05
step 1964 | acc=0.2250 | NZ=   196 | sparsity=0.9093 | d_m=5.3668e+05
step 1965 | acc=0.2110 | NZ=   195 | sparsity=0.9097 | d_m=5.4396e+05
step 1966 | acc=0.2220 | NZ=   194 | sparsity=0.9102 | d_m=5.5076e+05
step 1967 | acc=0.2360 | NZ=   193 | sparsity=0.9106 | d_m=5.5878e+05
step 1968 | acc=0.2210 | NZ=   192 | sparsity=0.9111 | d_m=5.6705e+05
step 1969 | acc=0.2290 | NZ=   191 | sparsity=0.9116 | d_m=5.7510e+05
step 1970 | acc=0.2060 | NZ=   190 | sparsity=0.9120 | d_m=5.8358e+05
step 1971 | acc=0.1950 | NZ=   189 | sparsity=0.9125 | d_m=5.8911e+05
step 1972 | acc=0.2000 | NZ=   188 | sparsity=0.9130 | d_m=5.9027e+05
step 1973 | acc=0.2100 | NZ=   187 | sparsity=0.9134 | d_m=5.9779e+05
step 1974 | acc=0.1950 | NZ=   186 | sparsity=0.9139 | d_m=6.0569e+05
step 1975 | acc=0.1990 | NZ=   185 | sparsity=0.9144 | d_m=6.1005e+05
step 1976 | acc=0.1950 | NZ=   184 | sparsity=0.9148 | d_m=6.1408e+05
step 1977 | acc=0.1830 | NZ=   183 | sparsity=0.9153 | d_m=6.1858e+05
step 1978 | acc=0.1850 | NZ=   182 | sparsity=0.9157 | d_m=6.1891e+05
step 1979 | acc=0.2000 | NZ=   181 | sparsity=0.9162 | d_m=6.2789e+05
step 1980 | acc=0.1980 | NZ=   180 | sparsity=0.9167 | d_m=6.2831e+05
step 1981 | acc=0.1890 | NZ=   179 | sparsity=0.9171 | d_m=6.3652e+05
step 1982 | acc=0.1650 | NZ=   178 | sparsity=0.9176 | d_m=6.3694e+05
step 1983 | acc=0.1780 | NZ=   177 | sparsity=0.9181 | d_m=6.4545e+05
step 1984 | acc=0.1840 | NZ=   176 | sparsity=0.9185 | d_m=6.5483e+05
step 1985 | acc=0.1950 | NZ=   175 | sparsity=0.9190 | d_m=6.6530e+05
step 1986 | acc=0.1890 | NZ=   174 | sparsity=0.9194 | d_m=6.7646e+05
step 1987 | acc=0.1990 | NZ=   173 | sparsity=0.9199 | d_m=6.7989e+05
step 1988 | acc=0.1910 | NZ=   172 | sparsity=0.9204 | d_m=6.7769e+05
step 1989 | acc=0.1980 | NZ=   171 | sparsity=0.9208 | d_m=6.8902e+05
step 1990 | acc=0.1920 | NZ=   170 | sparsity=0.9213 | d_m=6.9260e+05
step 1991 | acc=0.1990 | NZ=   169 | sparsity=0.9218 | d_m=6.9056e+05
step 1992 | acc=0.1900 | NZ=   168 | sparsity=0.9222 | d_m=7.0247e+05
step 1993 | acc=0.1840 | NZ=   167 | sparsity=0.9227 | d_m=7.1629e+05
step 1994 | acc=0.1740 | NZ=   166 | sparsity=0.9231 | d_m=7.2536e+05
step 1995 | acc=0.1750 | NZ=   165 | sparsity=0.9236 | d_m=7.2617e+05
step 1996 | acc=0.1750 | NZ=   164 | sparsity=0.9241 | d_m=7.2524e+05
step 1997 | acc=0.1940 | NZ=   163 | sparsity=0.9245 | d_m=7.3831e+05
step 1998 | acc=0.1850 | NZ=   162 | sparsity=0.9250 | d_m=7.4157e+05
step 1999 | acc=0.1870 | NZ=   161 | sparsity=0.9255 | d_m=7.4592e+05
step 2000 | acc=0.1850 | NZ=   160 | sparsity=0.9259 | d_m=7.4919e+05
step 2001 | acc=0.1910 | NZ=   159 | sparsity=0.9264 | d_m=7.4926e+05
step 2002 | acc=0.1870 | NZ=   158 | sparsity=0.9269 | d_m=7.6398e+05
step 2003 | acc=0.1880 | NZ=   157 | sparsity=0.9273 | d_m=7.6664e+05
step 2004 | acc=0.1890 | NZ=   156 | sparsity=0.9278 | d_m=7.6698e+05
step 2005 | acc=0.1850 | NZ=   155 | sparsity=0.9282 | d_m=7.6843e+05
step 2006 | acc=0.1740 | NZ=   154 | sparsity=0.9287 | d_m=7.8314e+05
step 2007 | acc=0.1650 | NZ=   153 | sparsity=0.9292 | d_m=7.8451e+05
step 2008 | acc=0.1560 | NZ=   152 | sparsity=0.9296 | d_m=7.8525e+05
step 2009 | acc=0.1600 | NZ=   151 | sparsity=0.9301 | d_m=7.8890e+05
step 2010 | acc=0.1570 | NZ=   150 | sparsity=0.9306 | d_m=7.9864e+05
step 2011 | acc=0.1570 | NZ=   149 | sparsity=0.9310 | d_m=8.0129e+05
step 2012 | acc=0.1590 | NZ=   148 | sparsity=0.9315 | d_m=8.0705e+05
step 2013 | acc=0.1530 | NZ=   147 | sparsity=0.9319 | d_m=8.0597e+05
step 2014 | acc=0.1630 | NZ=   146 | sparsity=0.9324 | d_m=8.2020e+05
step 2015 | acc=0.1590 | NZ=   145 | sparsity=0.9329 | d_m=8.2501e+05
step 2016 | acc=0.1790 | NZ=   144 | sparsity=0.9333 | d_m=8.3473e+05
step 2017 | acc=0.1710 | NZ=   143 | sparsity=0.9338 | d_m=8.4991e+05
step 2018 | acc=0.1840 | NZ=   142 | sparsity=0.9343 | d_m=8.5227e+05
step 2019 | acc=0.1850 | NZ=   141 | sparsity=0.9347 | d_m=8.6769e+05
step 2020 | acc=0.1810 | NZ=   140 | sparsity=0.9352 | d_m=8.8381e+05
step 2021 | acc=0.1780 | NZ=   139 | sparsity=0.9356 | d_m=8.8781e+05
step 2022 | acc=0.1740 | NZ=   138 | sparsity=0.9361 | d_m=9.0392e+05
step 2023 | acc=0.1650 | NZ=   137 | sparsity=0.9366 | d_m=9.0944e+05
step 2024 | acc=0.1610 | NZ=   136 | sparsity=0.9370 | d_m=9.1949e+05
step 2025 | acc=0.1630 | NZ=   135 | sparsity=0.9375 | d_m=9.2240e+05
step 2026 | acc=0.1580 | NZ=   134 | sparsity=0.9380 | d_m=9.3065e+05
step 2027 | acc=0.1530 | NZ=   133 | sparsity=0.9384 | d_m=9.3806e+05
step 2028 | acc=0.1610 | NZ=   132 | sparsity=0.9389 | d_m=9.4223e+05
step 2029 | acc=0.1620 | NZ=   131 | sparsity=0.9394 | d_m=9.4556e+05
step 2030 | acc=0.1590 | NZ=   130 | sparsity=0.9398 | d_m=9.4941e+05
step 2031 | acc=0.1570 | NZ=   129 | sparsity=0.9403 | d_m=9.5011e+05
step 2032 | acc=0.1660 | NZ=   128 | sparsity=0.9407 | d_m=9.5208e+05
step 2033 | acc=0.1610 | NZ=   127 | sparsity=0.9412 | d_m=9.5514e+05
step 2034 | acc=0.1490 | NZ=   126 | sparsity=0.9417 | d_m=9.5720e+05
step 2035 | acc=0.1530 | NZ=   125 | sparsity=0.9421 | d_m=9.6490e+05
step 2036 | acc=0.1550 | NZ=   124 | sparsity=0.9426 | d_m=9.7669e+05
step 2037 | acc=0.1590 | NZ=   123 | sparsity=0.9431 | d_m=9.9400e+05
step 2038 | acc=0.1610 | NZ=   122 | sparsity=0.9435 | d_m=1.0032e+06
step 2039 | acc=0.1560 | NZ=   121 | sparsity=0.9440 | d_m=1.0021e+06
step 2040 | acc=0.1580 | NZ=   120 | sparsity=0.9444 | d_m=9.9855e+05
step 2041 | acc=0.1580 | NZ=   119 | sparsity=0.9449 | d_m=9.9771e+05
step 2042 | acc=0.1560 | NZ=   118 | sparsity=0.9454 | d_m=1.0080e+06
step 2043 | acc=0.1590 | NZ=   117 | sparsity=0.9458 | d_m=1.0103e+06
step 2044 | acc=0.1560 | NZ=   116 | sparsity=0.9463 | d_m=1.0122e+06
step 2045 | acc=0.1490 | NZ=   115 | sparsity=0.9468 | d_m=1.0229e+06
step 2046 | acc=0.1580 | NZ=   114 | sparsity=0.9472 | d_m=1.0295e+06
step 2047 | acc=0.1600 | NZ=   113 | sparsity=0.9477 | d_m=1.0328e+06
step 2048 | acc=0.1580 | NZ=   112 | sparsity=0.9481 | d_m=1.0328e+06
step 2049 | acc=0.1690 | NZ=   111 | sparsity=0.9486 | d_m=1.0454e+06
step 2050 | acc=0.1590 | NZ=   110 | sparsity=0.9491 | d_m=1.0505e+06
step 2051 | acc=0.1630 | NZ=   109 | sparsity=0.9495 | d_m=1.0691e+06
step 2052 | acc=0.1580 | NZ=   108 | sparsity=0.9500 | d_m=1.0886e+06
step 2053 | acc=0.1670 | NZ=   107 | sparsity=0.9505 | d_m=1.1011e+06
step 2054 | acc=0.1520 | NZ=   106 | sparsity=0.9509 | d_m=1.1135e+06
step 2055 | acc=0.1540 | NZ=   105 | sparsity=0.9514 | d_m=1.1241e+06
step 2056 | acc=0.1540 | NZ=   104 | sparsity=0.9519 | d_m=1.1190e+06
step 2057 | acc=0.1510 | NZ=   103 | sparsity=0.9523 | d_m=1.1206e+06
step 2058 | acc=0.1500 | NZ=   102 | sparsity=0.9528 | d_m=1.1273e+06
step 2059 | acc=0.1340 | NZ=   101 | sparsity=0.9532 | d_m=1.1255e+06
step 2060 | acc=0.1350 | NZ=   100 | sparsity=0.9537 | d_m=1.1230e+06
step 2061 | acc=0.1320 | NZ=    99 | sparsity=0.9542 | d_m=1.1208e+06
step 2062 | acc=0.1330 | NZ=    98 | sparsity=0.9546 | d_m=1.1198e+06
step 2063 | acc=0.1310 | NZ=    97 | sparsity=0.9551 | d_m=1.1230e+06
step 2064 | acc=0.1280 | NZ=    96 | sparsity=0.9556 | d_m=1.1215e+06
step 2065 | acc=0.1310 | NZ=    95 | sparsity=0.9560 | d_m=1.1206e+06
step 2066 | acc=0.1440 | NZ=    94 | sparsity=0.9565 | d_m=1.1255e+06
step 2067 | acc=0.1310 | NZ=    93 | sparsity=0.9569 | d_m=1.1244e+06
step 2068 | acc=0.1500 | NZ=    92 | sparsity=0.9574 | d_m=1.1256e+06
step 2069 | acc=0.1520 | NZ=    91 | sparsity=0.9579 | d_m=1.1249e+06
step 2070 | acc=0.1520 | NZ=    90 | sparsity=0.9583 | d_m=1.1283e+06
step 2071 | acc=0.1490 | NZ=    89 | sparsity=0.9588 | d_m=1.1281e+06
step 2072 | acc=0.1370 | NZ=    88 | sparsity=0.9593 | d_m=1.1280e+06
step 2073 | acc=0.1280 | NZ=    87 | sparsity=0.9597 | d_m=1.1318e+06
step 2074 | acc=0.1230 | NZ=    86 | sparsity=0.9602 | d_m=1.1414e+06
step 2075 | acc=0.1290 | NZ=    85 | sparsity=0.9606 | d_m=1.1588e+06
step 2076 | acc=0.1200 | NZ=    84 | sparsity=0.9611 | d_m=1.1603e+06
step 2077 | acc=0.1220 | NZ=    83 | sparsity=0.9616 | d_m=1.1817e+06
step 2078 | acc=0.1220 | NZ=    82 | sparsity=0.9620 | d_m=1.2013e+06
step 2079 | acc=0.1190 | NZ=    81 | sparsity=0.9625 | d_m=1.2058e+06
step 2080 | acc=0.1190 | NZ=    80 | sparsity=0.9630 | d_m=1.2065e+06
step 2081 | acc=0.1180 | NZ=    79 | sparsity=0.9634 | d_m=1.2313e+06
step 2082 | acc=0.1190 | NZ=    78 | sparsity=0.9639 | d_m=1.2423e+06
step 2083 | acc=0.1180 | NZ=    77 | sparsity=0.9644 | d_m=1.2391e+06
step 2084 | acc=0.1120 | NZ=    76 | sparsity=0.9648 | d_m=1.2533e+06
step 2085 | acc=0.1080 | NZ=    75 | sparsity=0.9653 | d_m=1.2767e+06
step 2086 | acc=0.1110 | NZ=    74 | sparsity=0.9657 | d_m=1.2747e+06
step 2087 | acc=0.1090 | NZ=    73 | sparsity=0.9662 | d_m=1.2734e+06
step 2088 | acc=0.1070 | NZ=    72 | sparsity=0.9667 | d_m=1.3021e+06
step 2089 | acc=0.1070 | NZ=    71 | sparsity=0.9671 | d_m=1.3089e+06
step 2090 | acc=0.1070 | NZ=    70 | sparsity=0.9676 | d_m=1.3216e+06
step 2091 | acc=0.1100 | NZ=    69 | sparsity=0.9681 | d_m=1.3294e+06
step 2092 | acc=0.1070 | NZ=    68 | sparsity=0.9685 | d_m=1.3271e+06
step 2093 | acc=0.1070 | NZ=    67 | sparsity=0.9690 | d_m=1.3632e+06
step 2094 | acc=0.1070 | NZ=    66 | sparsity=0.9694 | d_m=1.3700e+06
step 2095 | acc=0.1070 | NZ=    65 | sparsity=0.9699 | d_m=1.4050e+06
step 2096 | acc=0.1070 | NZ=    64 | sparsity=0.9704 | d_m=1.4084e+06
step 2097 | acc=0.1070 | NZ=    63 | sparsity=0.9708 | d_m=1.4549e+06
step 2098 | acc=0.1070 | NZ=    62 | sparsity=0.9713 | d_m=1.4604e+06
step 2099 | acc=0.1070 | NZ=    61 | sparsity=0.9718 | d_m=1.4577e+06
step 2100 | acc=0.1070 | NZ=    60 | sparsity=0.9722 | d_m=1.4587e+06
step 2101 | acc=0.1070 | NZ=    59 | sparsity=0.9727 | d_m=1.4574e+06
step 2102 | acc=0.1070 | NZ=    58 | sparsity=0.9731 | d_m=1.4594e+06
step 2103 | acc=0.1080 | NZ=    57 | sparsity=0.9736 | d_m=1.4741e+06
step 2104 | acc=0.1070 | NZ=    56 | sparsity=0.9741 | d_m=1.5475e+06
step 2105 | acc=0.1070 | NZ=    55 | sparsity=0.9745 | d_m=1.5980e+06
step 2106 | acc=0.1070 | NZ=    54 | sparsity=0.9750 | d_m=1.5947e+06
step 2107 | acc=0.1070 | NZ=    53 | sparsity=0.9755 | d_m=1.5923e+06
step 2108 | acc=0.1070 | NZ=    52 | sparsity=0.9759 | d_m=1.6030e+06
step 2109 | acc=0.1070 | NZ=    51 | sparsity=0.9764 | d_m=1.6040e+06
step 2110 | acc=0.1070 | NZ=    50 | sparsity=0.9769 | d_m=1.6026e+06
step 2111 | acc=0.1070 | NZ=    49 | sparsity=0.9773 | d_m=1.6045e+06
step 2112 | acc=0.1070 | NZ=    48 | sparsity=0.9778 | d_m=1.6134e+06
step 2113 | acc=0.1070 | NZ=    47 | sparsity=0.9782 | d_m=1.6402e+06
step 2114 | acc=0.1070 | NZ=    46 | sparsity=0.9787 | d_m=1.6513e+06
step 2115 | acc=0.1070 | NZ=    45 | sparsity=0.9792 | d_m=1.6508e+06
step 2116 | acc=0.1070 | NZ=    44 | sparsity=0.9796 | d_m=1.6584e+06
step 2117 | acc=0.1070 | NZ=    43 | sparsity=0.9801 | d_m=1.6541e+06
step 2118 | acc=0.1070 | NZ=    42 | sparsity=0.9806 | d_m=1.6520e+06
step 2119 | acc=0.1070 | NZ=    41 | sparsity=0.9810 | d_m=1.6534e+06
step 2120 | acc=0.1070 | NZ=    40 | sparsity=0.9815 | d_m=1.6537e+06
step 2121 | acc=0.1070 | NZ=    39 | sparsity=0.9819 | d_m=1.7223e+06
step 2122 | acc=0.1070 | NZ=    38 | sparsity=0.9824 | d_m=1.7530e+06
step 2123 | acc=0.1070 | NZ=    37 | sparsity=0.9829 | d_m=1.9417e+06
step 2124 | acc=0.1070 | NZ=    36 | sparsity=0.9833 | d_m=2.0895e+06
step 2125 | acc=0.1070 | NZ=    35 | sparsity=0.9838 | d_m=2.0831e+06
step 2126 | acc=0.1070 | NZ=    34 | sparsity=0.9843 | d_m=2.0765e+06
step 2127 | acc=0.1070 | NZ=    33 | sparsity=0.9847 | d_m=2.0714e+06
step 2128 | acc=0.1070 | NZ=    32 | sparsity=0.9852 | d_m=2.1479e+06
step 2129 | acc=0.1070 | NZ=    31 | sparsity=0.9856 | d_m=2.2366e+06
step 2130 | acc=0.1070 | NZ=    30 | sparsity=0.9861 | d_m=2.2347e+06
step 2131 | acc=0.1070 | NZ=    29 | sparsity=0.9866 | d_m=2.2266e+06
step 2132 | acc=0.1070 | NZ=    28 | sparsity=0.9870 | d_m=2.2208e+06
step 2133 | acc=0.1070 | NZ=    27 | sparsity=0.9875 | d_m=2.3322e+06
step 2134 | acc=0.1070 | NZ=    26 | sparsity=0.9880 | d_m=2.3262e+06
step 2135 | acc=0.1070 | NZ=    25 | sparsity=0.9884 | d_m=2.3625e+06
step 2136 | acc=0.1070 | NZ=    24 | sparsity=0.9889 | d_m=2.3548e+06
step 2137 | acc=0.1070 | NZ=    23 | sparsity=0.9894 | d_m=2.7058e+06
step 2138 | acc=0.1070 | NZ=    22 | sparsity=0.9898 | d_m=2.8539e+06
step 2139 | acc=0.1070 | NZ=    21 | sparsity=0.9903 | d_m=3.0320e+06
step 2140 | acc=0.1070 | NZ=    20 | sparsity=0.9907 | d_m=3.2737e+06
step 2141 | acc=0.1070 | NZ=    19 | sparsity=0.9912 | d_m=3.2440e+06
step 2142 | acc=0.1070 | NZ=    18 | sparsity=0.9917 | d_m=3.9965e+06
step 2143 | acc=0.1070 | NZ=    17 | sparsity=0.9921 | d_m=4.3240e+06
step 2144 | acc=0.1070 | NZ=    16 | sparsity=0.9926 | d_m=5.1741e+06
step 2145 | acc=0.1070 | NZ=    15 | sparsity=0.9931 | d_m=5.0364e+06
step 2146 | acc=0.1070 | NZ=    14 | sparsity=0.9935 | d_m=4.9445e+06
step 2147 | acc=0.1070 | NZ=    13 | sparsity=0.9940 | d_m=5.4944e+06
step 2148 | acc=0.1070 | NZ=    12 | sparsity=0.9944 | d_m=7.0292e+06
step 2149 | acc=0.1070 | NZ=    11 | sparsity=0.9949 | d_m=8.2203e+06
step 2150 | acc=0.1070 | NZ=    10 | sparsity=0.9954 | d_m=9.8464e+06
step 2151 | acc=0.1070 | NZ=     9 | sparsity=0.9958 | d_m=9.7010e+06
step 2152 | acc=0.1070 | NZ=     8 | sparsity=0.9963 | d_m=8.8315e+06
step 2153 | acc=0.1070 | NZ=     7 | sparsity=0.9968 | d_m=8.2037e+06
step 2154 | acc=0.1070 | NZ=     6 | sparsity=0.9972 | d_m=7.7268e+06
step 2155 | acc=0.1070 | NZ=     5 | sparsity=0.9977 | d_m=1.6380e+06
step 2156 | acc=0.1070 | NZ=     4 | sparsity=0.9981 | d_m=1.5684e+06
step 2157 | acc=0.1070 | NZ=     3 | sparsity=0.9986 | d_m=1.5684e+06
step 2158 | acc=0.1070 | NZ=     2 | sparsity=0.9991 | d_m=1.5678e+06
step 2159 | acc=0.1070 | NZ=     1 | sparsity=0.9995 | d_m=1.5678e+06
sparsification log saved to: /home/simon/repos/onnxmlir-pim-sparsify/artifacts/e25_stupidity_seed_2/sparsified/sparsification_log.csv
[supervise 21:36:52] DONE experiments/e25_stupidity_seed_2.json rc=0
[supervise 21:36:52] launch [/home/simon/venv/general/bin/python3 scripts/train.py experiments/e25_stupidity_seed_3.json] (attempt 0/5)
Output folder: /home/simon/repos/onnxmlir-pim-sparsify/artifacts/e25_stupidity_seed_3
Data loaded. (input_scale=1.0)
	X_train.shape = (10000, 196)
	X_test.shape  = (1000, 196)
Learning rate: 0.0100
Topology: [196, 10, 10, 10]
Training loop started
---------------------------------------------------------
	Epoch 0 of 1000 in 0.37 sec
	Train acc 0.09190 | Test acc 0.08700
---------------------------------------------------------
	Epoch 100 of 1000 in 0.00 sec
	Train acc 0.29580 | Test acc 0.29700
---------------------------------------------------------
	Epoch 200 of 1000 in 0.00 sec
	Train acc 0.81570 | Test acc 0.80100
---------------------------------------------------------
	Epoch 300 of 1000 in 0.00 sec
	Train acc 0.87520 | Test acc 0.85700
---------------------------------------------------------
	Epoch 400 of 1000 in 0.00 sec
	Train acc 0.89200 | Test acc 0.88000
---------------------------------------------------------
	Epoch 500 of 1000 in 0.00 sec
	Train acc 0.90410 | Test acc 0.90100
---------------------------------------------------------
	Epoch 600 of 1000 in 0.00 sec
	Train acc 0.91300 | Test acc 0.89900
---------------------------------------------------------
	Epoch 700 of 1000 in 0.00 sec
	Train acc 0.91920 | Test acc 0.90800
---------------------------------------------------------
	Epoch 800 of 1000 in 0.00 sec
	Train acc 0.92530 | Test acc 0.91600
---------------------------------------------------------
	Epoch 900 of 1000 in 0.00 sec
	Train acc 0.92610 | Test acc 0.92600
---------------------------------------------------------
Training log saved to: /home/simon/repos/onnxmlir-pim-sparsify/artifacts/e25_stupidity_seed_3/training_log.csv
Model saved to: /home/simon/repos/onnxmlir-pim-sparsify/artifacts/e25_stupidity_seed_3
[supervise 21:37:29] DONE experiments/e25_stupidity_seed_3.json rc=0
[supervise 21:37:29] launch [/home/simon/venv/general/bin/python3 -m sparsifier.sparsifier experiments/e25_stupidity_seed_3.json] (attempt 0/5)
<frozen runpy>:128: RuntimeWarning: 'sparsifier.sparsifier' found in sys.modules after import of package 'sparsifier', but prior to execution of 'sparsifier.sparsifier'; this may result in unpredictable behaviour
Load the parameters from the folder
Found 3 layers in /home/simon/repos/onnxmlir-pim-sparsify/artifacts/e25_stupidity_seed_3
Accuracy in validation: 0.9160
Total parameters: 2160
Perturbation distance (sanity check): 1.0122e+00
Starting sparsification loop
step    0 | acc=0.9160 | NZ=  2160 | sparsity=0.0000 | d_m=0.0000e+00
step    1 | acc=0.9160 | NZ=  2159 | sparsity=0.0005 | d_m=0.0000e+00
step    2 | acc=0.9160 | NZ=  2158 | sparsity=0.0009 | d_m=0.0000e+00
step    3 | acc=0.9160 | NZ=  2157 | sparsity=0.0014 | d_m=0.0000e+00
step    4 | acc=0.9160 | NZ=  2156 | sparsity=0.0019 | d_m=0.0000e+00
step    5 | acc=0.9160 | NZ=  2155 | sparsity=0.0023 | d_m=0.0000e+00
step    6 | acc=0.9160 | NZ=  2154 | sparsity=0.0028 | d_m=0.0000e+00
step    7 | acc=0.9160 | NZ=  2153 | sparsity=0.0032 | d_m=0.0000e+00
step    8 | acc=0.9160 | NZ=  2152 | sparsity=0.0037 | d_m=0.0000e+00
step    9 | acc=0.9160 | NZ=  2151 | sparsity=0.0042 | d_m=0.0000e+00
step   10 | acc=0.9160 | NZ=  2150 | sparsity=0.0046 | d_m=0.0000e+00
step   11 | acc=0.9160 | NZ=  2149 | sparsity=0.0051 | d_m=0.0000e+00
step   12 | acc=0.9160 | NZ=  2148 | sparsity=0.0056 | d_m=0.0000e+00
step   13 | acc=0.9160 | NZ=  2147 | sparsity=0.0060 | d_m=0.0000e+00
step   14 | acc=0.9160 | NZ=  2146 | sparsity=0.0065 | d_m=0.0000e+00
step   15 | acc=0.9160 | NZ=  2145 | sparsity=0.0069 | d_m=0.0000e+00
step   16 | acc=0.9160 | NZ=  2144 | sparsity=0.0074 | d_m=0.0000e+00
step   17 | acc=0.9160 | NZ=  2143 | sparsity=0.0079 | d_m=0.0000e+00
step   18 | acc=0.9160 | NZ=  2142 | sparsity=0.0083 | d_m=0.0000e+00
step   19 | acc=0.9160 | NZ=  2141 | sparsity=0.0088 | d_m=0.0000e+00
step   20 | acc=0.9160 | NZ=  2140 | sparsity=0.0093 | d_m=0.0000e+00
step   21 | acc=0.9160 | NZ=  2139 | sparsity=0.0097 | d_m=5.9791e-05
step   22 | acc=0.9160 | NZ=  2138 | sparsity=0.0102 | d_m=1.0214e-04
step   23 | acc=0.9160 | NZ=  2137 | sparsity=0.0106 | d_m=1.3432e-04
step   24 | acc=0.9160 | NZ=  2136 | sparsity=0.0111 | d_m=1.8984e-04
step   25 | acc=0.9160 | NZ=  2135 | sparsity=0.0116 | d_m=8.5468e-04
step   26 | acc=0.9160 | NZ=  2134 | sparsity=0.0120 | d_m=2.2112e-03
step   27 | acc=0.9160 | NZ=  2133 | sparsity=0.0125 | d_m=3.0712e-03
step   28 | acc=0.9160 | NZ=  2132 | sparsity=0.0130 | d_m=6.5196e-03
step   29 | acc=0.9160 | NZ=  2131 | sparsity=0.0134 | d_m=7.9268e-03
step   30 | acc=0.9160 | NZ=  2130 | sparsity=0.0139 | d_m=9.9714e-03
step   31 | acc=0.9160 | NZ=  2129 | sparsity=0.0144 | d_m=1.1359e-02
step   32 | acc=0.9160 | NZ=  2128 | sparsity=0.0148 | d_m=1.8103e-02
step   33 | acc=0.9160 | NZ=  2127 | sparsity=0.0153 | d_m=2.3326e-02
step   34 | acc=0.9160 | NZ=  2126 | sparsity=0.0157 | d_m=2.4227e-02
step   35 | acc=0.9160 | NZ=  2125 | sparsity=0.0162 | d_m=4.4299e-02
step   36 | acc=0.9160 | NZ=  2124 | sparsity=0.0167 | d_m=5.2533e-02
step   37 | acc=0.9160 | NZ=  2123 | sparsity=0.0171 | d_m=7.0660e-02
step   38 | acc=0.9160 | NZ=  2122 | sparsity=0.0176 | d_m=7.7218e-02
step   39 | acc=0.9160 | NZ=  2121 | sparsity=0.0181 | d_m=8.2487e-02
step   40 | acc=0.9160 | NZ=  2120 | sparsity=0.0185 | d_m=9.3824e-02
step   41 | acc=0.9160 | NZ=  2119 | sparsity=0.0190 | d_m=1.0673e-01
step   42 | acc=0.9160 | NZ=  2118 | sparsity=0.0194 | d_m=1.2882e-01
step   43 | acc=0.9160 | NZ=  2117 | sparsity=0.0199 | d_m=1.4290e-01
step   44 | acc=0.9160 | NZ=  2116 | sparsity=0.0204 | d_m=1.5489e-01
step   45 | acc=0.9160 | NZ=  2115 | sparsity=0.0208 | d_m=1.8287e-01
step   46 | acc=0.9160 | NZ=  2114 | sparsity=0.0213 | d_m=2.0514e-01
step   47 | acc=0.9160 | NZ=  2113 | sparsity=0.0218 | d_m=2.3071e-01
step   48 | acc=0.9160 | NZ=  2112 | sparsity=0.0222 | d_m=2.4300e-01
step   49 | acc=0.9160 | NZ=  2111 | sparsity=0.0227 | d_m=2.7976e-01
step   50 | acc=0.9160 | NZ=  2110 | sparsity=0.0231 | d_m=2.9295e-01
step   51 | acc=0.9160 | NZ=  2109 | sparsity=0.0236 | d_m=3.2542e-01
step   52 | acc=0.9160 | NZ=  2108 | sparsity=0.0241 | d_m=3.6629e-01
step   53 | acc=0.9160 | NZ=  2107 | sparsity=0.0245 | d_m=3.9173e-01
step   54 | acc=0.9160 | NZ=  2106 | sparsity=0.0250 | d_m=4.0083e-01
step   55 | acc=0.9160 | NZ=  2105 | sparsity=0.0255 | d_m=4.1897e-01
step   56 | acc=0.9160 | NZ=  2104 | sparsity=0.0259 | d_m=4.4383e-01
step   57 | acc=0.9160 | NZ=  2103 | sparsity=0.0264 | d_m=4.7261e-01
step   58 | acc=0.9160 | NZ=  2102 | sparsity=0.0269 | d_m=4.8746e-01
step   59 | acc=0.9160 | NZ=  2101 | sparsity=0.0273 | d_m=5.6262e-01
step   60 | acc=0.9160 | NZ=  2100 | sparsity=0.0278 | d_m=5.9107e-01
step   61 | acc=0.9160 | NZ=  2099 | sparsity=0.0282 | d_m=5.8684e-01
step   62 | acc=0.9160 | NZ=  2098 | sparsity=0.0287 | d_m=6.1246e-01
step   63 | acc=0.9160 | NZ=  2097 | sparsity=0.0292 | d_m=6.7337e-01
step   64 | acc=0.9160 | NZ=  2096 | sparsity=0.0296 | d_m=7.3673e-01
step   65 | acc=0.9160 | NZ=  2095 | sparsity=0.0301 | d_m=7.8473e-01
step   66 | acc=0.9160 | NZ=  2094 | sparsity=0.0306 | d_m=9.0547e-01
step   67 | acc=0.9160 | NZ=  2093 | sparsity=0.0310 | d_m=9.8759e-01
step   68 | acc=0.9160 | NZ=  2092 | sparsity=0.0315 | d_m=1.0581e+00
step   69 | acc=0.9160 | NZ=  2091 | sparsity=0.0319 | d_m=1.1090e+00
step   70 | acc=0.9160 | NZ=  2090 | sparsity=0.0324 | d_m=1.1255e+00
step   71 | acc=0.9160 | NZ=  2089 | sparsity=0.0329 | d_m=1.1461e+00
step   72 | acc=0.9160 | NZ=  2088 | sparsity=0.0333 | d_m=1.1491e+00
step   73 | acc=0.9160 | NZ=  2087 | sparsity=0.0338 | d_m=1.1661e+00
step   74 | acc=0.9160 | NZ=  2086 | sparsity=0.0343 | d_m=1.2035e+00
step   75 | acc=0.9160 | NZ=  2085 | sparsity=0.0347 | d_m=1.2096e+00
step   76 | acc=0.9160 | NZ=  2084 | sparsity=0.0352 | d_m=1.2258e+00
step   77 | acc=0.9160 | NZ=  2083 | sparsity=0.0356 | d_m=1.2985e+00
step   78 | acc=0.9160 | NZ=  2082 | sparsity=0.0361 | d_m=1.2907e+00
step   79 | acc=0.9160 | NZ=  2081 | sparsity=0.0366 | d_m=1.3303e+00
step   80 | acc=0.9160 | NZ=  2080 | sparsity=0.0370 | d_m=1.3550e+00
step   81 | acc=0.9160 | NZ=  2079 | sparsity=0.0375 | d_m=1.4024e+00
step   82 | acc=0.9160 | NZ=  2078 | sparsity=0.0380 | d_m=1.4222e+00
step   83 | acc=0.9160 | NZ=  2077 | sparsity=0.0384 | d_m=1.5377e+00
step   84 | acc=0.9160 | NZ=  2076 | sparsity=0.0389 | d_m=1.5355e+00
step   85 | acc=0.9160 | NZ=  2075 | sparsity=0.0394 | d_m=1.6940e+00
step   86 | acc=0.9160 | NZ=  2074 | sparsity=0.0398 | d_m=1.8526e+00
step   87 | acc=0.9160 | NZ=  2073 | sparsity=0.0403 | d_m=1.9185e+00
step   88 | acc=0.9160 | NZ=  2072 | sparsity=0.0407 | d_m=2.0673e+00
step   89 | acc=0.9160 | NZ=  2071 | sparsity=0.0412 | d_m=2.2106e+00
step   90 | acc=0.9160 | NZ=  2070 | sparsity=0.0417 | d_m=2.3158e+00
step   91 | acc=0.9160 | NZ=  2069 | sparsity=0.0421 | d_m=2.4472e+00
step   92 | acc=0.9160 | NZ=  2068 | sparsity=0.0426 | d_m=2.4873e+00
step   93 | acc=0.9160 | NZ=  2067 | sparsity=0.0431 | d_m=2.5289e+00
step   94 | acc=0.9170 | NZ=  2066 | sparsity=0.0435 | d_m=2.9300e+00
step   95 | acc=0.9170 | NZ=  2065 | sparsity=0.0440 | d_m=2.9941e+00
step   96 | acc=0.9170 | NZ=  2064 | sparsity=0.0444 | d_m=3.0756e+00
step   97 | acc=0.9170 | NZ=  2063 | sparsity=0.0449 | d_m=3.1460e+00
step   98 | acc=0.9170 | NZ=  2062 | sparsity=0.0454 | d_m=3.2471e+00
step   99 | acc=0.9170 | NZ=  2061 | sparsity=0.0458 | d_m=3.2866e+00
step  100 | acc=0.9170 | NZ=  2060 | sparsity=0.0463 | d_m=3.3201e+00
step  101 | acc=0.9170 | NZ=  2059 | sparsity=0.0468 | d_m=3.5732e+00
step  102 | acc=0.9170 | NZ=  2058 | sparsity=0.0472 | d_m=3.5997e+00
step  103 | acc=0.9170 | NZ=  2057 | sparsity=0.0477 | d_m=3.6417e+00
step  104 | acc=0.9170 | NZ=  2056 | sparsity=0.0481 | d_m=3.7369e+00
step  105 | acc=0.9170 | NZ=  2055 | sparsity=0.0486 | d_m=3.8612e+00
step  106 | acc=0.9170 | NZ=  2054 | sparsity=0.0491 | d_m=3.9307e+00
step  107 | acc=0.9180 | NZ=  2053 | sparsity=0.0495 | d_m=4.2387e+00
step  108 | acc=0.9180 | NZ=  2052 | sparsity=0.0500 | d_m=4.5094e+00
step  109 | acc=0.9180 | NZ=  2051 | sparsity=0.0505 | d_m=4.5986e+00
step  110 | acc=0.9180 | NZ=  2050 | sparsity=0.0509 | d_m=4.5994e+00
step  111 | acc=0.9170 | NZ=  2049 | sparsity=0.0514 | d_m=4.7052e+00
step  112 | acc=0.9160 | NZ=  2048 | sparsity=0.0519 | d_m=4.7711e+00
step  113 | acc=0.9160 | NZ=  2047 | sparsity=0.0523 | d_m=4.6930e+00
step  114 | acc=0.9160 | NZ=  2046 | sparsity=0.0528 | d_m=4.7818e+00
step  115 | acc=0.9160 | NZ=  2045 | sparsity=0.0532 | d_m=4.8745e+00
step  116 | acc=0.9160 | NZ=  2044 | sparsity=0.0537 | d_m=5.0388e+00
step  117 | acc=0.9160 | NZ=  2043 | sparsity=0.0542 | d_m=5.5093e+00
step  118 | acc=0.9160 | NZ=  2042 | sparsity=0.0546 | d_m=5.7930e+00
step  119 | acc=0.9170 | NZ=  2041 | sparsity=0.0551 | d_m=6.0368e+00
step  120 | acc=0.9170 | NZ=  2040 | sparsity=0.0556 | d_m=6.5453e+00
step  121 | acc=0.9170 | NZ=  2039 | sparsity=0.0560 | d_m=6.6323e+00
step  122 | acc=0.9170 | NZ=  2038 | sparsity=0.0565 | d_m=6.9404e+00
step  123 | acc=0.9170 | NZ=  2037 | sparsity=0.0569 | d_m=6.9173e+00
step  124 | acc=0.9170 | NZ=  2036 | sparsity=0.0574 | d_m=7.0339e+00
step  125 | acc=0.9170 | NZ=  2035 | sparsity=0.0579 | d_m=7.2284e+00
step  126 | acc=0.9170 | NZ=  2034 | sparsity=0.0583 | d_m=7.3739e+00
step  127 | acc=0.9170 | NZ=  2033 | sparsity=0.0588 | d_m=7.5373e+00
step  128 | acc=0.9170 | NZ=  2032 | sparsity=0.0593 | d_m=8.1298e+00
step  129 | acc=0.9170 | NZ=  2031 | sparsity=0.0597 | d_m=8.1992e+00
step  130 | acc=0.9170 | NZ=  2030 | sparsity=0.0602 | d_m=8.4093e+00
step  131 | acc=0.9170 | NZ=  2029 | sparsity=0.0606 | d_m=8.8138e+00
step  132 | acc=0.9150 | NZ=  2028 | sparsity=0.0611 | d_m=8.7036e+00
step  133 | acc=0.9150 | NZ=  2027 | sparsity=0.0616 | d_m=8.9736e+00
step  134 | acc=0.9150 | NZ=  2026 | sparsity=0.0620 | d_m=9.1731e+00
step  135 | acc=0.9150 | NZ=  2025 | sparsity=0.0625 | d_m=9.7736e+00
step  136 | acc=0.9150 | NZ=  2024 | sparsity=0.0630 | d_m=9.6602e+00
step  137 | acc=0.9160 | NZ=  2023 | sparsity=0.0634 | d_m=1.0494e+01
step  138 | acc=0.9160 | NZ=  2022 | sparsity=0.0639 | d_m=1.0519e+01
step  139 | acc=0.9160 | NZ=  2021 | sparsity=0.0644 | d_m=1.0730e+01
step  140 | acc=0.9160 | NZ=  2020 | sparsity=0.0648 | d_m=1.0960e+01
step  141 | acc=0.9160 | NZ=  2019 | sparsity=0.0653 | d_m=1.1075e+01
step  142 | acc=0.9160 | NZ=  2018 | sparsity=0.0657 | d_m=1.1252e+01
step  143 | acc=0.9160 | NZ=  2017 | sparsity=0.0662 | d_m=1.1957e+01
step  144 | acc=0.9160 | NZ=  2016 | sparsity=0.0667 | d_m=1.2143e+01
step  145 | acc=0.9160 | NZ=  2015 | sparsity=0.0671 | d_m=1.2007e+01
step  146 | acc=0.9170 | NZ=  2014 | sparsity=0.0676 | d_m=1.2154e+01
step  147 | acc=0.9160 | NZ=  2013 | sparsity=0.0681 | d_m=1.2170e+01
step  148 | acc=0.9160 | NZ=  2012 | sparsity=0.0685 | d_m=1.2284e+01
step  149 | acc=0.9160 | NZ=  2011 | sparsity=0.0690 | d_m=1.3079e+01
step  150 | acc=0.9160 | NZ=  2010 | sparsity=0.0694 | d_m=1.3201e+01
step  151 | acc=0.9160 | NZ=  2009 | sparsity=0.0699 | d_m=1.3354e+01
step  152 | acc=0.9160 | NZ=  2008 | sparsity=0.0704 | d_m=1.3897e+01
step  153 | acc=0.9160 | NZ=  2007 | sparsity=0.0708 | d_m=1.3707e+01
step  154 | acc=0.9160 | NZ=  2006 | sparsity=0.0713 | d_m=1.4333e+01
step  155 | acc=0.9170 | NZ=  2005 | sparsity=0.0718 | d_m=1.4546e+01
step  156 | acc=0.9170 | NZ=  2004 | sparsity=0.0722 | d_m=1.4867e+01
step  157 | acc=0.9160 | NZ=  2003 | sparsity=0.0727 | d_m=1.6637e+01
step  158 | acc=0.9170 | NZ=  2002 | sparsity=0.0731 | d_m=1.6929e+01
step  159 | acc=0.9170 | NZ=  2001 | sparsity=0.0736 | d_m=1.7039e+01
step  160 | acc=0.9160 | NZ=  2000 | sparsity=0.0741 | d_m=1.8755e+01
step  161 | acc=0.9160 | NZ=  1999 | sparsity=0.0745 | d_m=1.8902e+01
step  162 | acc=0.9160 | NZ=  1998 | sparsity=0.0750 | d_m=1.9958e+01
step  163 | acc=0.9150 | NZ=  1997 | sparsity=0.0755 | d_m=2.0344e+01
step  164 | acc=0.9150 | NZ=  1996 | sparsity=0.0759 | d_m=2.0042e+01
step  165 | acc=0.9150 | NZ=  1995 | sparsity=0.0764 | d_m=2.1022e+01
step  166 | acc=0.9150 | NZ=  1994 | sparsity=0.0769 | d_m=2.1141e+01
step  167 | acc=0.9150 | NZ=  1993 | sparsity=0.0773 | d_m=2.1600e+01
step  168 | acc=0.9150 | NZ=  1992 | sparsity=0.0778 | d_m=2.1819e+01
step  169 | acc=0.9150 | NZ=  1991 | sparsity=0.0782 | d_m=2.1945e+01
step  170 | acc=0.9150 | NZ=  1990 | sparsity=0.0787 | d_m=2.1939e+01
step  171 | acc=0.9150 | NZ=  1989 | sparsity=0.0792 | d_m=2.2162e+01
step  172 | acc=0.9150 | NZ=  1988 | sparsity=0.0796 | d_m=2.3322e+01
step  173 | acc=0.9150 | NZ=  1987 | sparsity=0.0801 | d_m=2.3668e+01
step  174 | acc=0.9150 | NZ=  1986 | sparsity=0.0806 | d_m=2.4128e+01
step  175 | acc=0.9150 | NZ=  1985 | sparsity=0.0810 | d_m=2.4806e+01
step  176 | acc=0.9150 | NZ=  1984 | sparsity=0.0815 | d_m=2.4533e+01
step  177 | acc=0.9150 | NZ=  1983 | sparsity=0.0819 | d_m=2.5949e+01
step  178 | acc=0.9150 | NZ=  1982 | sparsity=0.0824 | d_m=2.5606e+01
step  179 | acc=0.9150 | NZ=  1981 | sparsity=0.0829 | d_m=2.7106e+01
step  180 | acc=0.9150 | NZ=  1980 | sparsity=0.0833 | d_m=2.6345e+01
step  181 | acc=0.9150 | NZ=  1979 | sparsity=0.0838 | d_m=2.6573e+01
step  182 | acc=0.9150 | NZ=  1978 | sparsity=0.0843 | d_m=2.7087e+01
step  183 | acc=0.9150 | NZ=  1977 | sparsity=0.0847 | d_m=2.7304e+01
step  184 | acc=0.9150 | NZ=  1976 | sparsity=0.0852 | d_m=2.7527e+01
step  185 | acc=0.9160 | NZ=  1975 | sparsity=0.0856 | d_m=2.9994e+01
step  186 | acc=0.9160 | NZ=  1974 | sparsity=0.0861 | d_m=3.0008e+01
step  187 | acc=0.9160 | NZ=  1973 | sparsity=0.0866 | d_m=3.0341e+01
step  188 | acc=0.9160 | NZ=  1972 | sparsity=0.0870 | d_m=3.0615e+01
step  189 | acc=0.9160 | NZ=  1971 | sparsity=0.0875 | d_m=3.0754e+01
step  190 | acc=0.9160 | NZ=  1970 | sparsity=0.0880 | d_m=3.1209e+01
step  191 | acc=0.9160 | NZ=  1969 | sparsity=0.0884 | d_m=3.3457e+01
step  192 | acc=0.9160 | NZ=  1968 | sparsity=0.0889 | d_m=3.3324e+01
step  193 | acc=0.9160 | NZ=  1967 | sparsity=0.0894 | d_m=3.3141e+01
step  194 | acc=0.9160 | NZ=  1966 | sparsity=0.0898 | d_m=3.4412e+01
step  195 | acc=0.9160 | NZ=  1965 | sparsity=0.0903 | d_m=3.4209e+01
step  196 | acc=0.9160 | NZ=  1964 | sparsity=0.0907 | d_m=3.5227e+01
step  197 | acc=0.9160 | NZ=  1963 | sparsity=0.0912 | d_m=3.5383e+01
step  198 | acc=0.9160 | NZ=  1962 | sparsity=0.0917 | d_m=3.7297e+01
step  199 | acc=0.9160 | NZ=  1961 | sparsity=0.0921 | d_m=3.7803e+01
step  200 | acc=0.9160 | NZ=  1960 | sparsity=0.0926 | d_m=3.9180e+01
step  201 | acc=0.9160 | NZ=  1959 | sparsity=0.0931 | d_m=3.8206e+01
step  202 | acc=0.9160 | NZ=  1958 | sparsity=0.0935 | d_m=3.9786e+01
step  203 | acc=0.9160 | NZ=  1957 | sparsity=0.0940 | d_m=3.9940e+01
step  204 | acc=0.9160 | NZ=  1956 | sparsity=0.0944 | d_m=4.2084e+01
step  205 | acc=0.9160 | NZ=  1955 | sparsity=0.0949 | d_m=4.1572e+01
step  206 | acc=0.9160 | NZ=  1954 | sparsity=0.0954 | d_m=4.3069e+01
step  207 | acc=0.9160 | NZ=  1953 | sparsity=0.0958 | d_m=4.3396e+01
step  208 | acc=0.9160 | NZ=  1952 | sparsity=0.0963 | d_m=4.4756e+01
step  209 | acc=0.9160 | NZ=  1951 | sparsity=0.0968 | d_m=4.4303e+01
step  210 | acc=0.9170 | NZ=  1950 | sparsity=0.0972 | d_m=4.6796e+01
step  211 | acc=0.9170 | NZ=  1949 | sparsity=0.0977 | d_m=4.8423e+01
step  212 | acc=0.9170 | NZ=  1948 | sparsity=0.0981 | d_m=4.8537e+01
step  213 | acc=0.9170 | NZ=  1947 | sparsity=0.0986 | d_m=4.9172e+01
step  214 | acc=0.9170 | NZ=  1946 | sparsity=0.0991 | d_m=4.9622e+01
step  215 | acc=0.9160 | NZ=  1945 | sparsity=0.0995 | d_m=5.2785e+01
step  216 | acc=0.9170 | NZ=  1944 | sparsity=0.1000 | d_m=5.2977e+01
step  217 | acc=0.9170 | NZ=  1943 | sparsity=0.1005 | d_m=5.3015e+01
step  218 | acc=0.9170 | NZ=  1942 | sparsity=0.1009 | d_m=5.3469e+01
step  219 | acc=0.9170 | NZ=  1941 | sparsity=0.1014 | d_m=5.3685e+01
step  220 | acc=0.9170 | NZ=  1940 | sparsity=0.1019 | d_m=5.4463e+01
step  221 | acc=0.9170 | NZ=  1939 | sparsity=0.1023 | d_m=5.5444e+01
step  222 | acc=0.9170 | NZ=  1938 | sparsity=0.1028 | d_m=5.6282e+01
step  223 | acc=0.9170 | NZ=  1937 | sparsity=0.1032 | d_m=5.6993e+01
step  224 | acc=0.9170 | NZ=  1936 | sparsity=0.1037 | d_m=5.7794e+01
step  225 | acc=0.9170 | NZ=  1935 | sparsity=0.1042 | d_m=5.8247e+01
step  226 | acc=0.9170 | NZ=  1934 | sparsity=0.1046 | d_m=6.0596e+01
step  227 | acc=0.9190 | NZ=  1933 | sparsity=0.1051 | d_m=6.1419e+01
step  228 | acc=0.9170 | NZ=  1932 | sparsity=0.1056 | d_m=6.2514e+01
step  229 | acc=0.9190 | NZ=  1931 | sparsity=0.1060 | d_m=6.3355e+01
step  230 | acc=0.9160 | NZ=  1930 | sparsity=0.1065 | d_m=6.4236e+01
step  231 | acc=0.9190 | NZ=  1929 | sparsity=0.1069 | d_m=6.5173e+01
step  232 | acc=0.9160 | NZ=  1928 | sparsity=0.1074 | d_m=6.5595e+01
step  233 | acc=0.9160 | NZ=  1927 | sparsity=0.1079 | d_m=6.6347e+01
step  234 | acc=0.9170 | NZ=  1926 | sparsity=0.1083 | d_m=6.9870e+01
step  235 | acc=0.9170 | NZ=  1925 | sparsity=0.1088 | d_m=7.0538e+01
step  236 | acc=0.9170 | NZ=  1924 | sparsity=0.1093 | d_m=7.1678e+01
step  237 | acc=0.9170 | NZ=  1923 | sparsity=0.1097 | d_m=7.4279e+01
step  238 | acc=0.9170 | NZ=  1922 | sparsity=0.1102 | d_m=7.7068e+01
step  239 | acc=0.9170 | NZ=  1921 | sparsity=0.1106 | d_m=7.6977e+01
step  240 | acc=0.9170 | NZ=  1920 | sparsity=0.1111 | d_m=7.5575e+01
step  241 | acc=0.9170 | NZ=  1919 | sparsity=0.1116 | d_m=7.7355e+01
step  242 | acc=0.9180 | NZ=  1918 | sparsity=0.1120 | d_m=7.8358e+01
step  243 | acc=0.9180 | NZ=  1917 | sparsity=0.1125 | d_m=8.1347e+01
step  244 | acc=0.9180 | NZ=  1916 | sparsity=0.1130 | d_m=7.9870e+01
step  245 | acc=0.9180 | NZ=  1915 | sparsity=0.1134 | d_m=8.3750e+01
step  246 | acc=0.9180 | NZ=  1914 | sparsity=0.1139 | d_m=8.7419e+01
step  247 | acc=0.9180 | NZ=  1913 | sparsity=0.1144 | d_m=8.6293e+01
step  248 | acc=0.9180 | NZ=  1912 | sparsity=0.1148 | d_m=9.0524e+01
step  249 | acc=0.9180 | NZ=  1911 | sparsity=0.1153 | d_m=8.9614e+01
step  250 | acc=0.9180 | NZ=  1910 | sparsity=0.1157 | d_m=9.2515e+01
step  251 | acc=0.9180 | NZ=  1909 | sparsity=0.1162 | d_m=9.0500e+01
step  252 | acc=0.9180 | NZ=  1908 | sparsity=0.1167 | d_m=9.0887e+01
step  253 | acc=0.9190 | NZ=  1907 | sparsity=0.1171 | d_m=9.1953e+01
step  254 | acc=0.9180 | NZ=  1906 | sparsity=0.1176 | d_m=9.3070e+01
step  255 | acc=0.9180 | NZ=  1905 | sparsity=0.1181 | d_m=9.4230e+01
step  256 | acc=0.9180 | NZ=  1904 | sparsity=0.1185 | d_m=9.4754e+01
step  257 | acc=0.9180 | NZ=  1903 | sparsity=0.1190 | d_m=9.6011e+01
step  258 | acc=0.9180 | NZ=  1902 | sparsity=0.1194 | d_m=1.0181e+02
step  259 | acc=0.9180 | NZ=  1901 | sparsity=0.1199 | d_m=1.0344e+02
step  260 | acc=0.9180 | NZ=  1900 | sparsity=0.1204 | d_m=1.0452e+02
step  261 | acc=0.9190 | NZ=  1899 | sparsity=0.1208 | d_m=1.0591e+02
step  262 | acc=0.9190 | NZ=  1898 | sparsity=0.1213 | d_m=1.0618e+02
step  263 | acc=0.9200 | NZ=  1897 | sparsity=0.1218 | d_m=1.0619e+02
step  264 | acc=0.9200 | NZ=  1896 | sparsity=0.1222 | d_m=1.0667e+02
step  265 | acc=0.9200 | NZ=  1895 | sparsity=0.1227 | d_m=1.0703e+02
step  266 | acc=0.9200 | NZ=  1894 | sparsity=0.1231 | d_m=1.0699e+02
step  267 | acc=0.9200 | NZ=  1893 | sparsity=0.1236 | d_m=1.0707e+02
step  268 | acc=0.9190 | NZ=  1892 | sparsity=0.1241 | d_m=1.0760e+02
step  269 | acc=0.9170 | NZ=  1891 | sparsity=0.1245 | d_m=1.0896e+02
step  270 | acc=0.9170 | NZ=  1890 | sparsity=0.1250 | d_m=1.0947e+02
step  271 | acc=0.9180 | NZ=  1889 | sparsity=0.1255 | d_m=1.1080e+02
step  272 | acc=0.9180 | NZ=  1888 | sparsity=0.1259 | d_m=1.1157e+02
step  273 | acc=0.9180 | NZ=  1887 | sparsity=0.1264 | d_m=1.1210e+02
step  274 | acc=0.9180 | NZ=  1886 | sparsity=0.1269 | d_m=1.1266e+02
step  275 | acc=0.9180 | NZ=  1885 | sparsity=0.1273 | d_m=1.1286e+02
step  276 | acc=0.9180 | NZ=  1884 | sparsity=0.1278 | d_m=1.1293e+02
step  277 | acc=0.9180 | NZ=  1883 | sparsity=0.1282 | d_m=1.1350e+02
step  278 | acc=0.9170 | NZ=  1882 | sparsity=0.1287 | d_m=1.1828e+02
step  279 | acc=0.9170 | NZ=  1881 | sparsity=0.1292 | d_m=1.1842e+02
step  280 | acc=0.9170 | NZ=  1880 | sparsity=0.1296 | d_m=1.2126e+02
step  281 | acc=0.9150 | NZ=  1879 | sparsity=0.1301 | d_m=1.2337e+02
step  282 | acc=0.9170 | NZ=  1878 | sparsity=0.1306 | d_m=1.2195e+02
step  283 | acc=0.9170 | NZ=  1877 | sparsity=0.1310 | d_m=1.2142e+02
step  284 | acc=0.9170 | NZ=  1876 | sparsity=0.1315 | d_m=1.2375e+02
step  285 | acc=0.9160 | NZ=  1875 | sparsity=0.1319 | d_m=1.2636e+02
step  286 | acc=0.9180 | NZ=  1874 | sparsity=0.1324 | d_m=1.2840e+02
step  287 | acc=0.9170 | NZ=  1873 | sparsity=0.1329 | d_m=1.3271e+02
step  288 | acc=0.9170 | NZ=  1872 | sparsity=0.1333 | d_m=1.3580e+02
step  289 | acc=0.9170 | NZ=  1871 | sparsity=0.1338 | d_m=1.3762e+02
step  290 | acc=0.9180 | NZ=  1870 | sparsity=0.1343 | d_m=1.3789e+02
step  291 | acc=0.9180 | NZ=  1869 | sparsity=0.1347 | d_m=1.3876e+02
step  292 | acc=0.9180 | NZ=  1868 | sparsity=0.1352 | d_m=1.3948e+02
step  293 | acc=0.9180 | NZ=  1867 | sparsity=0.1356 | d_m=1.4014e+02
step  294 | acc=0.9180 | NZ=  1866 | sparsity=0.1361 | d_m=1.4065e+02
step  295 | acc=0.9180 | NZ=  1865 | sparsity=0.1366 | d_m=1.4085e+02
step  296 | acc=0.9180 | NZ=  1864 | sparsity=0.1370 | d_m=1.4173e+02
step  297 | acc=0.9180 | NZ=  1863 | sparsity=0.1375 | d_m=1.4218e+02
step  298 | acc=0.9180 | NZ=  1862 | sparsity=0.1380 | d_m=1.4255e+02
step  299 | acc=0.9160 | NZ=  1861 | sparsity=0.1384 | d_m=1.4383e+02
step  300 | acc=0.9160 | NZ=  1860 | sparsity=0.1389 | d_m=1.4394e+02
step  301 | acc=0.9160 | NZ=  1859 | sparsity=0.1394 | d_m=1.4457e+02
step  302 | acc=0.9160 | NZ=  1858 | sparsity=0.1398 | d_m=1.4490e+02
step  303 | acc=0.9160 | NZ=  1857 | sparsity=0.1403 | d_m=1.4491e+02
step  304 | acc=0.9160 | NZ=  1856 | sparsity=0.1407 | d_m=1.4557e+02
step  305 | acc=0.9160 | NZ=  1855 | sparsity=0.1412 | d_m=1.4627e+02
step  306 | acc=0.9160 | NZ=  1854 | sparsity=0.1417 | d_m=1.4796e+02
step  307 | acc=0.9160 | NZ=  1853 | sparsity=0.1421 | d_m=1.4882e+02
step  308 | acc=0.9150 | NZ=  1852 | sparsity=0.1426 | d_m=1.4944e+02
step  309 | acc=0.9160 | NZ=  1851 | sparsity=0.1431 | d_m=1.5014e+02
step  310 | acc=0.9150 | NZ=  1850 | sparsity=0.1435 | d_m=1.5062e+02
step  311 | acc=0.9150 | NZ=  1849 | sparsity=0.1440 | d_m=1.5070e+02
step  312 | acc=0.9150 | NZ=  1848 | sparsity=0.1444 | d_m=1.5685e+02
step  313 | acc=0.9150 | NZ=  1847 | sparsity=0.1449 | d_m=1.5607e+02
step  314 | acc=0.9150 | NZ=  1846 | sparsity=0.1454 | d_m=1.5396e+02
step  315 | acc=0.9140 | NZ=  1845 | sparsity=0.1458 | d_m=1.5671e+02
step  316 | acc=0.9150 | NZ=  1844 | sparsity=0.1463 | d_m=1.5843e+02
step  317 | acc=0.9140 | NZ=  1843 | sparsity=0.1468 | d_m=1.6174e+02
step  318 | acc=0.9130 | NZ=  1842 | sparsity=0.1472 | d_m=1.6086e+02
step  319 | acc=0.9140 | NZ=  1841 | sparsity=0.1477 | d_m=1.6539e+02
step  320 | acc=0.9140 | NZ=  1840 | sparsity=0.1481 | d_m=1.6252e+02
step  321 | acc=0.9140 | NZ=  1839 | sparsity=0.1486 | d_m=1.6351e+02
step  322 | acc=0.9140 | NZ=  1838 | sparsity=0.1491 | d_m=1.6464e+02
step  323 | acc=0.9140 | NZ=  1837 | sparsity=0.1495 | d_m=1.6551e+02
step  324 | acc=0.9140 | NZ=  1836 | sparsity=0.1500 | d_m=1.6786e+02
step  325 | acc=0.9140 | NZ=  1835 | sparsity=0.1505 | d_m=1.7018e+02
step  326 | acc=0.9160 | NZ=  1834 | sparsity=0.1509 | d_m=1.7228e+02
step  327 | acc=0.9160 | NZ=  1833 | sparsity=0.1514 | d_m=1.7422e+02
step  328 | acc=0.9160 | NZ=  1832 | sparsity=0.1519 | d_m=1.7588e+02
step  329 | acc=0.9160 | NZ=  1831 | sparsity=0.1523 | d_m=1.7383e+02
step  330 | acc=0.9160 | NZ=  1830 | sparsity=0.1528 | d_m=1.7494e+02
step  331 | acc=0.9160 | NZ=  1829 | sparsity=0.1532 | d_m=1.7621e+02
step  332 | acc=0.9160 | NZ=  1828 | sparsity=0.1537 | d_m=1.7662e+02
step  333 | acc=0.9160 | NZ=  1827 | sparsity=0.1542 | d_m=1.8452e+02
step  334 | acc=0.9160 | NZ=  1826 | sparsity=0.1546 | d_m=1.8078e+02
step  335 | acc=0.9160 | NZ=  1825 | sparsity=0.1551 | d_m=1.7781e+02
step  336 | acc=0.9170 | NZ=  1824 | sparsity=0.1556 | d_m=1.8740e+02
step  337 | acc=0.9180 | NZ=  1823 | sparsity=0.1560 | d_m=1.7912e+02
step  338 | acc=0.9160 | NZ=  1822 | sparsity=0.1565 | d_m=1.8996e+02
step  339 | acc=0.9160 | NZ=  1821 | sparsity=0.1569 | d_m=1.9367e+02
step  340 | acc=0.9110 | NZ=  1820 | sparsity=0.1574 | d_m=1.9615e+02
step  341 | acc=0.9110 | NZ=  1819 | sparsity=0.1579 | d_m=1.9514e+02
step  342 | acc=0.9110 | NZ=  1818 | sparsity=0.1583 | d_m=2.0172e+02
step  343 | acc=0.9110 | NZ=  1817 | sparsity=0.1588 | d_m=1.9858e+02
step  344 | acc=0.9110 | NZ=  1816 | sparsity=0.1593 | d_m=1.9795e+02
step  345 | acc=0.9070 | NZ=  1815 | sparsity=0.1597 | d_m=2.0697e+02
step  346 | acc=0.9100 | NZ=  1814 | sparsity=0.1602 | d_m=2.0220e+02
step  347 | acc=0.9100 | NZ=  1813 | sparsity=0.1606 | d_m=2.0634e+02
step  348 | acc=0.9070 | NZ=  1812 | sparsity=0.1611 | d_m=2.0928e+02
step  349 | acc=0.9080 | NZ=  1811 | sparsity=0.1616 | d_m=2.0679e+02
step  350 | acc=0.9080 | NZ=  1810 | sparsity=0.1620 | d_m=2.1289e+02
step  351 | acc=0.9050 | NZ=  1809 | sparsity=0.1625 | d_m=2.1523e+02
step  352 | acc=0.9050 | NZ=  1808 | sparsity=0.1630 | d_m=2.1344e+02
step  353 | acc=0.9050 | NZ=  1807 | sparsity=0.1634 | d_m=2.2272e+02
step  354 | acc=0.9020 | NZ=  1806 | sparsity=0.1639 | d_m=2.2087e+02
step  355 | acc=0.9030 | NZ=  1805 | sparsity=0.1644 | d_m=2.2353e+02
step  356 | acc=0.9030 | NZ=  1804 | sparsity=0.1648 | d_m=2.3165e+02
step  357 | acc=0.9030 | NZ=  1803 | sparsity=0.1653 | d_m=2.2906e+02
step  358 | acc=0.8980 | NZ=  1802 | sparsity=0.1657 | d_m=2.3767e+02
step  359 | acc=0.8980 | NZ=  1801 | sparsity=0.1662 | d_m=2.3419e+02
step  360 | acc=0.8970 | NZ=  1800 | sparsity=0.1667 | d_m=2.4283e+02
step  361 | acc=0.8970 | NZ=  1799 | sparsity=0.1671 | d_m=2.3352e+02
step  362 | acc=0.8970 | NZ=  1798 | sparsity=0.1676 | d_m=2.4164e+02
step  363 | acc=0.8960 | NZ=  1797 | sparsity=0.1681 | d_m=2.4821e+02
step  364 | acc=0.8960 | NZ=  1796 | sparsity=0.1685 | d_m=2.4222e+02
step  365 | acc=0.8960 | NZ=  1795 | sparsity=0.1690 | d_m=2.4697e+02
step  366 | acc=0.8970 | NZ=  1794 | sparsity=0.1694 | d_m=2.5683e+02
step  367 | acc=0.8970 | NZ=  1793 | sparsity=0.1699 | d_m=2.4879e+02
step  368 | acc=0.8970 | NZ=  1792 | sparsity=0.1704 | d_m=2.5124e+02
step  369 | acc=0.8970 | NZ=  1791 | sparsity=0.1708 | d_m=2.6122e+02
step  370 | acc=0.8970 | NZ=  1790 | sparsity=0.1713 | d_m=2.5631e+02
step  371 | acc=0.8980 | NZ=  1789 | sparsity=0.1718 | d_m=2.5805e+02
step  372 | acc=0.8970 | NZ=  1788 | sparsity=0.1722 | d_m=2.6501e+02
step  373 | acc=0.8970 | NZ=  1787 | sparsity=0.1727 | d_m=2.6474e+02
step  374 | acc=0.8970 | NZ=  1786 | sparsity=0.1731 | d_m=2.6455e+02
step  375 | acc=0.8970 | NZ=  1785 | sparsity=0.1736 | d_m=2.6440e+02
step  376 | acc=0.8970 | NZ=  1784 | sparsity=0.1741 | d_m=2.6427e+02
step  377 | acc=0.8970 | NZ=  1783 | sparsity=0.1745 | d_m=2.6421e+02
step  378 | acc=0.8970 | NZ=  1782 | sparsity=0.1750 | d_m=2.6409e+02
step  379 | acc=0.8970 | NZ=  1781 | sparsity=0.1755 | d_m=2.6573e+02
step  380 | acc=0.8970 | NZ=  1780 | sparsity=0.1759 | d_m=2.6678e+02
step  381 | acc=0.8970 | NZ=  1779 | sparsity=0.1764 | d_m=2.6890e+02
step  382 | acc=0.8970 | NZ=  1778 | sparsity=0.1769 | d_m=2.6948e+02
step  383 | acc=0.8970 | NZ=  1777 | sparsity=0.1773 | d_m=2.6972e+02
step  384 | acc=0.8970 | NZ=  1776 | sparsity=0.1778 | d_m=2.7252e+02
step  385 | acc=0.8970 | NZ=  1775 | sparsity=0.1782 | d_m=2.7360e+02
step  386 | acc=0.8970 | NZ=  1774 | sparsity=0.1787 | d_m=2.7463e+02
step  387 | acc=0.8970 | NZ=  1773 | sparsity=0.1792 | d_m=2.7561e+02
step  388 | acc=0.8970 | NZ=  1772 | sparsity=0.1796 | d_m=2.7638e+02
step  389 | acc=0.8970 | NZ=  1771 | sparsity=0.1801 | d_m=2.7719e+02
step  390 | acc=0.8970 | NZ=  1770 | sparsity=0.1806 | d_m=2.7797e+02
step  391 | acc=0.8970 | NZ=  1769 | sparsity=0.1810 | d_m=2.7846e+02
step  392 | acc=0.8970 | NZ=  1768 | sparsity=0.1815 | d_m=2.8006e+02
step  393 | acc=0.8970 | NZ=  1767 | sparsity=0.1819 | d_m=2.8196e+02
step  394 | acc=0.8960 | NZ=  1766 | sparsity=0.1824 | d_m=2.8409e+02
step  395 | acc=0.8960 | NZ=  1765 | sparsity=0.1829 | d_m=2.8661e+02
step  396 | acc=0.8960 | NZ=  1764 | sparsity=0.1833 | d_m=2.8822e+02
step  397 | acc=0.8960 | NZ=  1763 | sparsity=0.1838 | d_m=2.9181e+02
step  398 | acc=0.8960 | NZ=  1762 | sparsity=0.1843 | d_m=2.9493e+02
step  399 | acc=0.8960 | NZ=  1761 | sparsity=0.1847 | d_m=2.9695e+02
step  400 | acc=0.8960 | NZ=  1760 | sparsity=0.1852 | d_m=2.9762e+02
step  401 | acc=0.8960 | NZ=  1759 | sparsity=0.1856 | d_m=2.9904e+02
step  402 | acc=0.8960 | NZ=  1758 | sparsity=0.1861 | d_m=3.0032e+02
step  403 | acc=0.8960 | NZ=  1757 | sparsity=0.1866 | d_m=3.0098e+02
step  404 | acc=0.8960 | NZ=  1756 | sparsity=0.1870 | d_m=3.0231e+02
step  405 | acc=0.8960 | NZ=  1755 | sparsity=0.1875 | d_m=3.0341e+02
step  406 | acc=0.8960 | NZ=  1754 | sparsity=0.1880 | d_m=3.0399e+02
step  407 | acc=0.8960 | NZ=  1753 | sparsity=0.1884 | d_m=3.0604e+02
step  408 | acc=0.8960 | NZ=  1752 | sparsity=0.1889 | d_m=3.0845e+02
step  409 | acc=0.8960 | NZ=  1751 | sparsity=0.1894 | d_m=3.1144e+02
step  410 | acc=0.8960 | NZ=  1750 | sparsity=0.1898 | d_m=3.1457e+02
step  411 | acc=0.8960 | NZ=  1749 | sparsity=0.1903 | d_m=3.1795e+02
step  412 | acc=0.8960 | NZ=  1748 | sparsity=0.1907 | d_m=3.1880e+02
step  413 | acc=0.8950 | NZ=  1747 | sparsity=0.1912 | d_m=3.1910e+02
step  414 | acc=0.8960 | NZ=  1746 | sparsity=0.1917 | d_m=3.1994e+02
step  415 | acc=0.8960 | NZ=  1745 | sparsity=0.1921 | d_m=3.2155e+02
step  416 | acc=0.8950 | NZ=  1744 | sparsity=0.1926 | d_m=3.2415e+02
step  417 | acc=0.8950 | NZ=  1743 | sparsity=0.1931 | d_m=3.2535e+02
step  418 | acc=0.8950 | NZ=  1742 | sparsity=0.1935 | d_m=3.2523e+02
step  419 | acc=0.8950 | NZ=  1741 | sparsity=0.1940 | d_m=3.2626e+02
step  420 | acc=0.8950 | NZ=  1740 | sparsity=0.1944 | d_m=3.2739e+02
step  421 | acc=0.8950 | NZ=  1739 | sparsity=0.1949 | d_m=3.2791e+02
step  422 | acc=0.8960 | NZ=  1738 | sparsity=0.1954 | d_m=3.2780e+02
step  423 | acc=0.8950 | NZ=  1737 | sparsity=0.1958 | d_m=3.2767e+02
step  424 | acc=0.8950 | NZ=  1736 | sparsity=0.1963 | d_m=3.2798e+02
step  425 | acc=0.8960 | NZ=  1735 | sparsity=0.1968 | d_m=3.3285e+02
step  426 | acc=0.8950 | NZ=  1734 | sparsity=0.1972 | d_m=3.3700e+02
step  427 | acc=0.8960 | NZ=  1733 | sparsity=0.1977 | d_m=3.3788e+02
step  428 | acc=0.8940 | NZ=  1732 | sparsity=0.1981 | d_m=3.3945e+02
step  429 | acc=0.8950 | NZ=  1731 | sparsity=0.1986 | d_m=3.4217e+02
step  430 | acc=0.8950 | NZ=  1730 | sparsity=0.1991 | d_m=3.4628e+02
step  431 | acc=0.8940 | NZ=  1729 | sparsity=0.1995 | d_m=3.4822e+02
step  432 | acc=0.8940 | NZ=  1728 | sparsity=0.2000 | d_m=3.4949e+02
step  433 | acc=0.8940 | NZ=  1727 | sparsity=0.2005 | d_m=3.4916e+02
step  434 | acc=0.8940 | NZ=  1726 | sparsity=0.2009 | d_m=3.5127e+02
step  435 | acc=0.8940 | NZ=  1725 | sparsity=0.2014 | d_m=3.5354e+02
step  436 | acc=0.8940 | NZ=  1724 | sparsity=0.2019 | d_m=3.5744e+02
step  437 | acc=0.8950 | NZ=  1723 | sparsity=0.2023 | d_m=3.5888e+02
step  438 | acc=0.8950 | NZ=  1722 | sparsity=0.2028 | d_m=3.7792e+02
step  439 | acc=0.8960 | NZ=  1721 | sparsity=0.2032 | d_m=3.9710e+02
step  440 | acc=0.8960 | NZ=  1720 | sparsity=0.2037 | d_m=4.0026e+02
step  441 | acc=0.8960 | NZ=  1719 | sparsity=0.2042 | d_m=4.0415e+02
step  442 | acc=0.8960 | NZ=  1718 | sparsity=0.2046 | d_m=4.0719e+02
step  443 | acc=0.8960 | NZ=  1717 | sparsity=0.2051 | d_m=4.0922e+02
step  444 | acc=0.8960 | NZ=  1716 | sparsity=0.2056 | d_m=4.1060e+02
step  445 | acc=0.8960 | NZ=  1715 | sparsity=0.2060 | d_m=4.1289e+02
step  446 | acc=0.8960 | NZ=  1714 | sparsity=0.2065 | d_m=4.1493e+02
step  447 | acc=0.8960 | NZ=  1713 | sparsity=0.2069 | d_m=4.1657e+02
step  448 | acc=0.8960 | NZ=  1712 | sparsity=0.2074 | d_m=4.1809e+02
step  449 | acc=0.8960 | NZ=  1711 | sparsity=0.2079 | d_m=4.2000e+02
step  450 | acc=0.8960 | NZ=  1710 | sparsity=0.2083 | d_m=4.1998e+02
step  451 | acc=0.8960 | NZ=  1709 | sparsity=0.2088 | d_m=4.1961e+02
step  452 | acc=0.8950 | NZ=  1708 | sparsity=0.2093 | d_m=4.2125e+02
step  453 | acc=0.8950 | NZ=  1707 | sparsity=0.2097 | d_m=4.2366e+02
step  454 | acc=0.8950 | NZ=  1706 | sparsity=0.2102 | d_m=4.2328e+02
step  455 | acc=0.8950 | NZ=  1705 | sparsity=0.2106 | d_m=4.2388e+02
step  456 | acc=0.8960 | NZ=  1704 | sparsity=0.2111 | d_m=4.2919e+02
step  457 | acc=0.8960 | NZ=  1703 | sparsity=0.2116 | d_m=4.3555e+02
step  458 | acc=0.8960 | NZ=  1702 | sparsity=0.2120 | d_m=4.3964e+02
step  459 | acc=0.8960 | NZ=  1701 | sparsity=0.2125 | d_m=4.4176e+02
step  460 | acc=0.8960 | NZ=  1700 | sparsity=0.2130 | d_m=4.4320e+02
step  461 | acc=0.8960 | NZ=  1699 | sparsity=0.2134 | d_m=4.4762e+02
step  462 | acc=0.8960 | NZ=  1698 | sparsity=0.2139 | d_m=4.5255e+02
step  463 | acc=0.8960 | NZ=  1697 | sparsity=0.2144 | d_m=4.5287e+02
step  464 | acc=0.8960 | NZ=  1696 | sparsity=0.2148 | d_m=4.5676e+02
step  465 | acc=0.8960 | NZ=  1695 | sparsity=0.2153 | d_m=4.6058e+02
step  466 | acc=0.8960 | NZ=  1694 | sparsity=0.2157 | d_m=4.6393e+02
step  467 | acc=0.8960 | NZ=  1693 | sparsity=0.2162 | d_m=4.6882e+02
step  468 | acc=0.8960 | NZ=  1692 | sparsity=0.2167 | d_m=4.7076e+02
step  469 | acc=0.8960 | NZ=  1691 | sparsity=0.2171 | d_m=4.7141e+02
step  470 | acc=0.8960 | NZ=  1690 | sparsity=0.2176 | d_m=4.7354e+02
step  471 | acc=0.8960 | NZ=  1689 | sparsity=0.2181 | d_m=4.7408e+02
step  472 | acc=0.8960 | NZ=  1688 | sparsity=0.2185 | d_m=4.7326e+02
step  473 | acc=0.8960 | NZ=  1687 | sparsity=0.2190 | d_m=4.7440e+02
step  474 | acc=0.8960 | NZ=  1686 | sparsity=0.2194 | d_m=4.7608e+02
step  475 | acc=0.8960 | NZ=  1685 | sparsity=0.2199 | d_m=4.7746e+02
step  476 | acc=0.8960 | NZ=  1684 | sparsity=0.2204 | d_m=4.7807e+02
step  477 | acc=0.8960 | NZ=  1683 | sparsity=0.2208 | d_m=4.7776e+02
step  478 | acc=0.8960 | NZ=  1682 | sparsity=0.2213 | d_m=4.8000e+02
step  479 | acc=0.8960 | NZ=  1681 | sparsity=0.2218 | d_m=4.8099e+02
step  480 | acc=0.8960 | NZ=  1680 | sparsity=0.2222 | d_m=4.8310e+02
step  481 | acc=0.8970 | NZ=  1679 | sparsity=0.2227 | d_m=4.8359e+02
step  482 | acc=0.8970 | NZ=  1678 | sparsity=0.2231 | d_m=4.8573e+02
step  483 | acc=0.8970 | NZ=  1677 | sparsity=0.2236 | d_m=4.8103e+02
step  484 | acc=0.8960 | NZ=  1676 | sparsity=0.2241 | d_m=5.0981e+02
step  485 | acc=0.8930 | NZ=  1675 | sparsity=0.2245 | d_m=4.9717e+02
step  486 | acc=0.8930 | NZ=  1674 | sparsity=0.2250 | d_m=5.0426e+02
step  487 | acc=0.8930 | NZ=  1673 | sparsity=0.2255 | d_m=5.1021e+02
step  488 | acc=0.8930 | NZ=  1672 | sparsity=0.2259 | d_m=5.1790e+02
step  489 | acc=0.8930 | NZ=  1671 | sparsity=0.2264 | d_m=5.2601e+02
step  490 | acc=0.8930 | NZ=  1670 | sparsity=0.2269 | d_m=5.3070e+02
step  491 | acc=0.8920 | NZ=  1669 | sparsity=0.2273 | d_m=5.3393e+02
step  492 | acc=0.8920 | NZ=  1668 | sparsity=0.2278 | d_m=5.3341e+02
step  493 | acc=0.8920 | NZ=  1667 | sparsity=0.2282 | d_m=5.3436e+02
step  494 | acc=0.8920 | NZ=  1666 | sparsity=0.2287 | d_m=5.3831e+02
step  495 | acc=0.8920 | NZ=  1665 | sparsity=0.2292 | d_m=5.4329e+02
step  496 | acc=0.8930 | NZ=  1664 | sparsity=0.2296 | d_m=5.4558e+02
step  497 | acc=0.8930 | NZ=  1663 | sparsity=0.2301 | d_m=5.5346e+02
step  498 | acc=0.8920 | NZ=  1662 | sparsity=0.2306 | d_m=5.5995e+02
step  499 | acc=0.8920 | NZ=  1661 | sparsity=0.2310 | d_m=5.6235e+02
step  500 | acc=0.8930 | NZ=  1660 | sparsity=0.2315 | d_m=5.6621e+02
step  501 | acc=0.8920 | NZ=  1659 | sparsity=0.2319 | d_m=5.6366e+02
step  502 | acc=0.8920 | NZ=  1658 | sparsity=0.2324 | d_m=5.6568e+02
step  503 | acc=0.8920 | NZ=  1657 | sparsity=0.2329 | d_m=5.6679e+02
step  504 | acc=0.8920 | NZ=  1656 | sparsity=0.2333 | d_m=5.6858e+02
step  505 | acc=0.8920 | NZ=  1655 | sparsity=0.2338 | d_m=5.7263e+02
step  506 | acc=0.8920 | NZ=  1654 | sparsity=0.2343 | d_m=5.7748e+02
step  507 | acc=0.8920 | NZ=  1653 | sparsity=0.2347 | d_m=5.7807e+02
step  508 | acc=0.8920 | NZ=  1652 | sparsity=0.2352 | d_m=5.7974e+02
step  509 | acc=0.8920 | NZ=  1651 | sparsity=0.2356 | d_m=5.7536e+02
step  510 | acc=0.8920 | NZ=  1650 | sparsity=0.2361 | d_m=5.8180e+02
step  511 | acc=0.8910 | NZ=  1649 | sparsity=0.2366 | d_m=5.8509e+02
step  512 | acc=0.8910 | NZ=  1648 | sparsity=0.2370 | d_m=5.8641e+02
step  513 | acc=0.8910 | NZ=  1647 | sparsity=0.2375 | d_m=5.8989e+02
step  514 | acc=0.8910 | NZ=  1646 | sparsity=0.2380 | d_m=5.8917e+02
step  515 | acc=0.8910 | NZ=  1645 | sparsity=0.2384 | d_m=5.9392e+02
step  516 | acc=0.8910 | NZ=  1644 | sparsity=0.2389 | d_m=5.8840e+02
step  517 | acc=0.8910 | NZ=  1643 | sparsity=0.2394 | d_m=5.9524e+02
step  518 | acc=0.8910 | NZ=  1642 | sparsity=0.2398 | d_m=5.9893e+02
step  519 | acc=0.8920 | NZ=  1641 | sparsity=0.2403 | d_m=6.0348e+02
step  520 | acc=0.8920 | NZ=  1640 | sparsity=0.2407 | d_m=6.0331e+02
step  521 | acc=0.8920 | NZ=  1639 | sparsity=0.2412 | d_m=6.0280e+02
step  522 | acc=0.8920 | NZ=  1638 | sparsity=0.2417 | d_m=6.0478e+02
step  523 | acc=0.8910 | NZ=  1637 | sparsity=0.2421 | d_m=6.0926e+02
step  524 | acc=0.8920 | NZ=  1636 | sparsity=0.2426 | d_m=6.2046e+02
step  525 | acc=0.8930 | NZ=  1635 | sparsity=0.2431 | d_m=6.2840e+02
step  526 | acc=0.8930 | NZ=  1634 | sparsity=0.2435 | d_m=6.3357e+02
step  527 | acc=0.8930 | NZ=  1633 | sparsity=0.2440 | d_m=6.3694e+02
step  528 | acc=0.8930 | NZ=  1632 | sparsity=0.2444 | d_m=6.4208e+02
step  529 | acc=0.8930 | NZ=  1631 | sparsity=0.2449 | d_m=6.3279e+02
step  530 | acc=0.8930 | NZ=  1630 | sparsity=0.2454 | d_m=6.3952e+02
step  531 | acc=0.8930 | NZ=  1629 | sparsity=0.2458 | d_m=6.4265e+02
step  532 | acc=0.8940 | NZ=  1628 | sparsity=0.2463 | d_m=6.4202e+02
step  533 | acc=0.8940 | NZ=  1627 | sparsity=0.2468 | d_m=6.4423e+02
step  534 | acc=0.8930 | NZ=  1626 | sparsity=0.2472 | d_m=6.4895e+02
step  535 | acc=0.8930 | NZ=  1625 | sparsity=0.2477 | d_m=6.4894e+02
step  536 | acc=0.8940 | NZ=  1624 | sparsity=0.2481 | d_m=6.4912e+02
step  537 | acc=0.8950 | NZ=  1623 | sparsity=0.2486 | d_m=6.5597e+02
step  538 | acc=0.8950 | NZ=  1622 | sparsity=0.2491 | d_m=6.5666e+02
step  539 | acc=0.8930 | NZ=  1621 | sparsity=0.2495 | d_m=6.6366e+02
step  540 | acc=0.8950 | NZ=  1620 | sparsity=0.2500 | d_m=6.6866e+02
step  541 | acc=0.8940 | NZ=  1619 | sparsity=0.2505 | d_m=6.7294e+02
step  542 | acc=0.8950 | NZ=  1618 | sparsity=0.2509 | d_m=6.8013e+02
step  543 | acc=0.8940 | NZ=  1617 | sparsity=0.2514 | d_m=6.8630e+02
step  544 | acc=0.8950 | NZ=  1616 | sparsity=0.2519 | d_m=6.9425e+02
step  545 | acc=0.8950 | NZ=  1615 | sparsity=0.2523 | d_m=6.9703e+02
step  546 | acc=0.8940 | NZ=  1614 | sparsity=0.2528 | d_m=7.0006e+02
step  547 | acc=0.8950 | NZ=  1613 | sparsity=0.2532 | d_m=7.0495e+02
step  548 | acc=0.8880 | NZ=  1612 | sparsity=0.2537 | d_m=7.5491e+02
step  549 | acc=0.8880 | NZ=  1611 | sparsity=0.2542 | d_m=7.5876e+02
step  550 | acc=0.8880 | NZ=  1610 | sparsity=0.2546 | d_m=7.6089e+02
step  551 | acc=0.8880 | NZ=  1609 | sparsity=0.2551 | d_m=7.5583e+02
step  552 | acc=0.8870 | NZ=  1608 | sparsity=0.2556 | d_m=7.6101e+02
step  553 | acc=0.8890 | NZ=  1607 | sparsity=0.2560 | d_m=7.7131e+02
step  554 | acc=0.8870 | NZ=  1606 | sparsity=0.2565 | d_m=7.7873e+02
step  555 | acc=0.8890 | NZ=  1605 | sparsity=0.2569 | d_m=7.8603e+02
step  556 | acc=0.8880 | NZ=  1604 | sparsity=0.2574 | d_m=7.9529e+02
step  557 | acc=0.8890 | NZ=  1603 | sparsity=0.2579 | d_m=7.9898e+02
step  558 | acc=0.8880 | NZ=  1602 | sparsity=0.2583 | d_m=8.0409e+02
step  559 | acc=0.8880 | NZ=  1601 | sparsity=0.2588 | d_m=8.0738e+02
step  560 | acc=0.8890 | NZ=  1600 | sparsity=0.2593 | d_m=8.0970e+02
step  561 | acc=0.8890 | NZ=  1599 | sparsity=0.2597 | d_m=8.1123e+02
step  562 | acc=0.8860 | NZ=  1598 | sparsity=0.2602 | d_m=8.1802e+02
step  563 | acc=0.8880 | NZ=  1597 | sparsity=0.2606 | d_m=8.2677e+02
step  564 | acc=0.8880 | NZ=  1596 | sparsity=0.2611 | d_m=8.3264e+02
step  565 | acc=0.8880 | NZ=  1595 | sparsity=0.2616 | d_m=8.3862e+02
step  566 | acc=0.8870 | NZ=  1594 | sparsity=0.2620 | d_m=8.3708e+02
step  567 | acc=0.8860 | NZ=  1593 | sparsity=0.2625 | d_m=8.3539e+02
step  568 | acc=0.8870 | NZ=  1592 | sparsity=0.2630 | d_m=8.3372e+02
step  569 | acc=0.8880 | NZ=  1591 | sparsity=0.2634 | d_m=8.3115e+02
step  570 | acc=0.8880 | NZ=  1590 | sparsity=0.2639 | d_m=8.3631e+02
step  571 | acc=0.8870 | NZ=  1589 | sparsity=0.2644 | d_m=8.4224e+02
step  572 | acc=0.8870 | NZ=  1588 | sparsity=0.2648 | d_m=8.4091e+02
step  573 | acc=0.8880 | NZ=  1587 | sparsity=0.2653 | d_m=8.4470e+02
step  574 | acc=0.8880 | NZ=  1586 | sparsity=0.2657 | d_m=8.4858e+02
step  575 | acc=0.8880 | NZ=  1585 | sparsity=0.2662 | d_m=8.5978e+02
step  576 | acc=0.8870 | NZ=  1584 | sparsity=0.2667 | d_m=8.6573e+02
step  577 | acc=0.8880 | NZ=  1583 | sparsity=0.2671 | d_m=8.7057e+02
step  578 | acc=0.8880 | NZ=  1582 | sparsity=0.2676 | d_m=8.7926e+02
step  579 | acc=0.8870 | NZ=  1581 | sparsity=0.2681 | d_m=8.8348e+02
step  580 | acc=0.8880 | NZ=  1580 | sparsity=0.2685 | d_m=8.8877e+02
step  581 | acc=0.8870 | NZ=  1579 | sparsity=0.2690 | d_m=8.8526e+02
step  582 | acc=0.8860 | NZ=  1578 | sparsity=0.2694 | d_m=8.8665e+02
step  583 | acc=0.8850 | NZ=  1577 | sparsity=0.2699 | d_m=8.9412e+02
step  584 | acc=0.8870 | NZ=  1576 | sparsity=0.2704 | d_m=9.0810e+02
step  585 | acc=0.8870 | NZ=  1575 | sparsity=0.2708 | d_m=9.1496e+02
step  586 | acc=0.8860 | NZ=  1574 | sparsity=0.2713 | d_m=9.0821e+02
step  587 | acc=0.8870 | NZ=  1573 | sparsity=0.2718 | d_m=9.1550e+02
step  588 | acc=0.8880 | NZ=  1572 | sparsity=0.2722 | d_m=9.2310e+02
step  589 | acc=0.8880 | NZ=  1571 | sparsity=0.2727 | d_m=9.3037e+02
step  590 | acc=0.8880 | NZ=  1570 | sparsity=0.2731 | d_m=9.3463e+02
step  591 | acc=0.8890 | NZ=  1569 | sparsity=0.2736 | d_m=9.3164e+02
step  592 | acc=0.8890 | NZ=  1568 | sparsity=0.2741 | d_m=9.4006e+02
step  593 | acc=0.8900 | NZ=  1567 | sparsity=0.2745 | d_m=9.4008e+02
step  594 | acc=0.8900 | NZ=  1566 | sparsity=0.2750 | d_m=9.4033e+02
step  595 | acc=0.8890 | NZ=  1565 | sparsity=0.2755 | d_m=9.3263e+02
step  596 | acc=0.8880 | NZ=  1564 | sparsity=0.2759 | d_m=9.4737e+02
step  597 | acc=0.8890 | NZ=  1563 | sparsity=0.2764 | d_m=9.5874e+02
step  598 | acc=0.8890 | NZ=  1562 | sparsity=0.2769 | d_m=9.6794e+02
step  599 | acc=0.8880 | NZ=  1561 | sparsity=0.2773 | d_m=9.7384e+02
step  600 | acc=0.8890 | NZ=  1560 | sparsity=0.2778 | d_m=9.6866e+02
step  601 | acc=0.8890 | NZ=  1559 | sparsity=0.2782 | d_m=9.7959e+02
step  602 | acc=0.8890 | NZ=  1558 | sparsity=0.2787 | d_m=9.8358e+02
step  603 | acc=0.8890 | NZ=  1557 | sparsity=0.2792 | d_m=9.8724e+02
step  604 | acc=0.8860 | NZ=  1556 | sparsity=0.2796 | d_m=9.9821e+02
step  605 | acc=0.8870 | NZ=  1555 | sparsity=0.2801 | d_m=1.0103e+03
step  606 | acc=0.8870 | NZ=  1554 | sparsity=0.2806 | d_m=1.0175e+03
step  607 | acc=0.8870 | NZ=  1553 | sparsity=0.2810 | d_m=1.0203e+03
step  608 | acc=0.8880 | NZ=  1552 | sparsity=0.2815 | d_m=1.0231e+03
step  609 | acc=0.8870 | NZ=  1551 | sparsity=0.2819 | d_m=1.0266e+03
step  610 | acc=0.8880 | NZ=  1550 | sparsity=0.2824 | d_m=1.0190e+03
step  611 | acc=0.8870 | NZ=  1549 | sparsity=0.2829 | d_m=1.0235e+03
step  612 | acc=0.8880 | NZ=  1548 | sparsity=0.2833 | d_m=1.0248e+03
step  613 | acc=0.8880 | NZ=  1547 | sparsity=0.2838 | d_m=1.0337e+03
step  614 | acc=0.8670 | NZ=  1546 | sparsity=0.2843 | d_m=1.1061e+03
step  615 | acc=0.8670 | NZ=  1545 | sparsity=0.2847 | d_m=1.1204e+03
step  616 | acc=0.8670 | NZ=  1544 | sparsity=0.2852 | d_m=1.1225e+03
step  617 | acc=0.8700 | NZ=  1543 | sparsity=0.2856 | d_m=1.1415e+03
step  618 | acc=0.8680 | NZ=  1542 | sparsity=0.2861 | d_m=1.1583e+03
step  619 | acc=0.8680 | NZ=  1541 | sparsity=0.2866 | d_m=1.1671e+03
step  620 | acc=0.8680 | NZ=  1540 | sparsity=0.2870 | d_m=1.1752e+03
step  621 | acc=0.8680 | NZ=  1539 | sparsity=0.2875 | d_m=1.1749e+03
step  622 | acc=0.8680 | NZ=  1538 | sparsity=0.2880 | d_m=1.1781e+03
step  623 | acc=0.8680 | NZ=  1537 | sparsity=0.2884 | d_m=1.1855e+03
step  624 | acc=0.8680 | NZ=  1536 | sparsity=0.2889 | d_m=1.1872e+03
step  625 | acc=0.8680 | NZ=  1535 | sparsity=0.2894 | d_m=1.1906e+03
step  626 | acc=0.8680 | NZ=  1534 | sparsity=0.2898 | d_m=1.1980e+03
step  627 | acc=0.8680 | NZ=  1533 | sparsity=0.2903 | d_m=1.2034e+03
step  628 | acc=0.8680 | NZ=  1532 | sparsity=0.2907 | d_m=1.2024e+03
step  629 | acc=0.8690 | NZ=  1531 | sparsity=0.2912 | d_m=1.2058e+03
step  630 | acc=0.8700 | NZ=  1530 | sparsity=0.2917 | d_m=1.2161e+03
step  631 | acc=0.8690 | NZ=  1529 | sparsity=0.2921 | d_m=1.2239e+03
step  632 | acc=0.8690 | NZ=  1528 | sparsity=0.2926 | d_m=1.2282e+03
step  633 | acc=0.8680 | NZ=  1527 | sparsity=0.2931 | d_m=1.2351e+03
step  634 | acc=0.8680 | NZ=  1526 | sparsity=0.2935 | d_m=1.2395e+03
step  635 | acc=0.8680 | NZ=  1525 | sparsity=0.2940 | d_m=1.2480e+03
step  636 | acc=0.8680 | NZ=  1524 | sparsity=0.2944 | d_m=1.2612e+03
step  637 | acc=0.8680 | NZ=  1523 | sparsity=0.2949 | d_m=1.2679e+03
step  638 | acc=0.8680 | NZ=  1522 | sparsity=0.2954 | d_m=1.2734e+03
step  639 | acc=0.8670 | NZ=  1521 | sparsity=0.2958 | d_m=1.2751e+03
step  640 | acc=0.8680 | NZ=  1520 | sparsity=0.2963 | d_m=1.2842e+03
step  641 | acc=0.8680 | NZ=  1519 | sparsity=0.2968 | d_m=1.2958e+03
step  642 | acc=0.8680 | NZ=  1518 | sparsity=0.2972 | d_m=1.3025e+03
step  643 | acc=0.8680 | NZ=  1517 | sparsity=0.2977 | d_m=1.3096e+03
step  644 | acc=0.8680 | NZ=  1516 | sparsity=0.2981 | d_m=1.3136e+03
step  645 | acc=0.8680 | NZ=  1515 | sparsity=0.2986 | d_m=1.3194e+03
step  646 | acc=0.8680 | NZ=  1514 | sparsity=0.2991 | d_m=1.3117e+03
step  647 | acc=0.8690 | NZ=  1513 | sparsity=0.2995 | d_m=1.3180e+03
step  648 | acc=0.8690 | NZ=  1512 | sparsity=0.3000 | d_m=1.3145e+03
step  649 | acc=0.8690 | NZ=  1511 | sparsity=0.3005 | d_m=1.3178e+03
step  650 | acc=0.8690 | NZ=  1510 | sparsity=0.3009 | d_m=1.3178e+03
step  651 | acc=0.8690 | NZ=  1509 | sparsity=0.3014 | d_m=1.3217e+03
step  652 | acc=0.8690 | NZ=  1508 | sparsity=0.3019 | d_m=1.3248e+03
step  653 | acc=0.8720 | NZ=  1507 | sparsity=0.3023 | d_m=1.3346e+03
step  654 | acc=0.8710 | NZ=  1506 | sparsity=0.3028 | d_m=1.3426e+03
step  655 | acc=0.8710 | NZ=  1505 | sparsity=0.3032 | d_m=1.3541e+03
step  656 | acc=0.8720 | NZ=  1504 | sparsity=0.3037 | d_m=1.3757e+03
step  657 | acc=0.8710 | NZ=  1503 | sparsity=0.3042 | d_m=1.3867e+03
step  658 | acc=0.8710 | NZ=  1502 | sparsity=0.3046 | d_m=1.4012e+03
step  659 | acc=0.8710 | NZ=  1501 | sparsity=0.3051 | d_m=1.4141e+03
step  660 | acc=0.8710 | NZ=  1500 | sparsity=0.3056 | d_m=1.4061e+03
step  661 | acc=0.8710 | NZ=  1499 | sparsity=0.3060 | d_m=1.4105e+03
step  662 | acc=0.8710 | NZ=  1498 | sparsity=0.3065 | d_m=1.4146e+03
step  663 | acc=0.8700 | NZ=  1497 | sparsity=0.3069 | d_m=1.4968e+03
step  664 | acc=0.8700 | NZ=  1496 | sparsity=0.3074 | d_m=1.5142e+03
step  665 | acc=0.8700 | NZ=  1495 | sparsity=0.3079 | d_m=1.5261e+03
step  666 | acc=0.8690 | NZ=  1494 | sparsity=0.3083 | d_m=1.5451e+03
step  667 | acc=0.8710 | NZ=  1493 | sparsity=0.3088 | d_m=1.5646e+03
step  668 | acc=0.8700 | NZ=  1492 | sparsity=0.3093 | d_m=1.5690e+03
step  669 | acc=0.8710 | NZ=  1491 | sparsity=0.3097 | d_m=1.5878e+03
step  670 | acc=0.8690 | NZ=  1490 | sparsity=0.3102 | d_m=1.6090e+03
step  671 | acc=0.8740 | NZ=  1489 | sparsity=0.3106 | d_m=1.6387e+03
step  672 | acc=0.8760 | NZ=  1488 | sparsity=0.3111 | d_m=1.6479e+03
step  673 | acc=0.8750 | NZ=  1487 | sparsity=0.3116 | d_m=1.6626e+03
step  674 | acc=0.8750 | NZ=  1486 | sparsity=0.3120 | d_m=1.6816e+03
step  675 | acc=0.8750 | NZ=  1485 | sparsity=0.3125 | d_m=1.6882e+03
step  676 | acc=0.8750 | NZ=  1484 | sparsity=0.3130 | d_m=1.6932e+03
step  677 | acc=0.8760 | NZ=  1483 | sparsity=0.3134 | d_m=1.7096e+03
step  678 | acc=0.8760 | NZ=  1482 | sparsity=0.3139 | d_m=1.7186e+03
step  679 | acc=0.8760 | NZ=  1481 | sparsity=0.3144 | d_m=1.7199e+03
step  680 | acc=0.8770 | NZ=  1480 | sparsity=0.3148 | d_m=1.7384e+03
step  681 | acc=0.8760 | NZ=  1479 | sparsity=0.3153 | d_m=1.7512e+03
step  682 | acc=0.8750 | NZ=  1478 | sparsity=0.3157 | d_m=1.7656e+03
step  683 | acc=0.8740 | NZ=  1477 | sparsity=0.3162 | d_m=1.7792e+03
step  684 | acc=0.8740 | NZ=  1476 | sparsity=0.3167 | d_m=1.7871e+03
step  685 | acc=0.8740 | NZ=  1475 | sparsity=0.3171 | d_m=1.7859e+03
step  686 | acc=0.8740 | NZ=  1474 | sparsity=0.3176 | d_m=1.7767e+03
step  687 | acc=0.8740 | NZ=  1473 | sparsity=0.3181 | d_m=1.7913e+03
step  688 | acc=0.8730 | NZ=  1472 | sparsity=0.3185 | d_m=1.7970e+03
step  689 | acc=0.8730 | NZ=  1471 | sparsity=0.3190 | d_m=1.8057e+03
step  690 | acc=0.8730 | NZ=  1470 | sparsity=0.3194 | d_m=1.7985e+03
step  691 | acc=0.8760 | NZ=  1469 | sparsity=0.3199 | d_m=1.8918e+03
step  692 | acc=0.8770 | NZ=  1468 | sparsity=0.3204 | d_m=1.8975e+03
step  693 | acc=0.8770 | NZ=  1467 | sparsity=0.3208 | d_m=1.9033e+03
step  694 | acc=0.8770 | NZ=  1466 | sparsity=0.3213 | d_m=1.9054e+03
step  695 | acc=0.8770 | NZ=  1465 | sparsity=0.3218 | d_m=1.9150e+03
step  696 | acc=0.8770 | NZ=  1464 | sparsity=0.3222 | d_m=1.9158e+03
step  697 | acc=0.8760 | NZ=  1463 | sparsity=0.3227 | d_m=1.9194e+03
step  698 | acc=0.8760 | NZ=  1462 | sparsity=0.3231 | d_m=1.9254e+03
step  699 | acc=0.8760 | NZ=  1461 | sparsity=0.3236 | d_m=1.9286e+03
step  700 | acc=0.8470 | NZ=  1460 | sparsity=0.3241 | d_m=2.0039e+03
step  701 | acc=0.8470 | NZ=  1459 | sparsity=0.3245 | d_m=1.9984e+03
step  702 | acc=0.8460 | NZ=  1458 | sparsity=0.3250 | d_m=1.9929e+03
step  703 | acc=0.8460 | NZ=  1457 | sparsity=0.3255 | d_m=2.0085e+03
step  704 | acc=0.8440 | NZ=  1456 | sparsity=0.3259 | d_m=2.0109e+03
step  705 | acc=0.8440 | NZ=  1455 | sparsity=0.3264 | d_m=2.0172e+03
step  706 | acc=0.8440 | NZ=  1454 | sparsity=0.3269 | d_m=2.0225e+03
step  707 | acc=0.8440 | NZ=  1453 | sparsity=0.3273 | d_m=2.0248e+03
step  708 | acc=0.8440 | NZ=  1452 | sparsity=0.3278 | d_m=2.0321e+03
step  709 | acc=0.8450 | NZ=  1451 | sparsity=0.3282 | d_m=2.0335e+03
step  710 | acc=0.8440 | NZ=  1450 | sparsity=0.3287 | d_m=2.0304e+03
step  711 | acc=0.8440 | NZ=  1449 | sparsity=0.3292 | d_m=2.0326e+03
step  712 | acc=0.8440 | NZ=  1448 | sparsity=0.3296 | d_m=2.0181e+03
step  713 | acc=0.8440 | NZ=  1447 | sparsity=0.3301 | d_m=2.0245e+03
step  714 | acc=0.8460 | NZ=  1446 | sparsity=0.3306 | d_m=2.0283e+03
step  715 | acc=0.8460 | NZ=  1445 | sparsity=0.3310 | d_m=2.0331e+03
step  716 | acc=0.8460 | NZ=  1444 | sparsity=0.3315 | d_m=2.0392e+03
step  717 | acc=0.8460 | NZ=  1443 | sparsity=0.3319 | d_m=2.0443e+03
step  718 | acc=0.8460 | NZ=  1442 | sparsity=0.3324 | d_m=2.0316e+03
step  719 | acc=0.8460 | NZ=  1441 | sparsity=0.3329 | d_m=2.0336e+03
step  720 | acc=0.8460 | NZ=  1440 | sparsity=0.3333 | d_m=2.0336e+03
step  721 | acc=0.8460 | NZ=  1439 | sparsity=0.3338 | d_m=2.0428e+03
step  722 | acc=0.8460 | NZ=  1438 | sparsity=0.3343 | d_m=2.0569e+03
step  723 | acc=0.8460 | NZ=  1437 | sparsity=0.3347 | d_m=2.0717e+03
step  724 | acc=0.8460 | NZ=  1436 | sparsity=0.3352 | d_m=2.0810e+03
step  725 | acc=0.8450 | NZ=  1435 | sparsity=0.3356 | d_m=2.0579e+03
step  726 | acc=0.8450 | NZ=  1434 | sparsity=0.3361 | d_m=2.0667e+03
step  727 | acc=0.8450 | NZ=  1433 | sparsity=0.3366 | d_m=2.0723e+03
step  728 | acc=0.8460 | NZ=  1432 | sparsity=0.3370 | d_m=2.0892e+03
step  729 | acc=0.8460 | NZ=  1431 | sparsity=0.3375 | d_m=2.1051e+03
step  730 | acc=0.8460 | NZ=  1430 | sparsity=0.3380 | d_m=2.1055e+03
step  731 | acc=0.8460 | NZ=  1429 | sparsity=0.3384 | d_m=2.1182e+03
step  732 | acc=0.8460 | NZ=  1428 | sparsity=0.3389 | d_m=2.1058e+03
step  733 | acc=0.8460 | NZ=  1427 | sparsity=0.3394 | d_m=2.1200e+03
step  734 | acc=0.8420 | NZ=  1426 | sparsity=0.3398 | d_m=2.1442e+03
step  735 | acc=0.8410 | NZ=  1425 | sparsity=0.3403 | d_m=2.1803e+03
step  736 | acc=0.8410 | NZ=  1424 | sparsity=0.3407 | d_m=2.1977e+03
step  737 | acc=0.8420 | NZ=  1423 | sparsity=0.3412 | d_m=2.2372e+03
step  738 | acc=0.8400 | NZ=  1422 | sparsity=0.3417 | d_m=2.2732e+03
step  739 | acc=0.8390 | NZ=  1421 | sparsity=0.3421 | d_m=2.2914e+03
step  740 | acc=0.8400 | NZ=  1420 | sparsity=0.3426 | d_m=2.2928e+03
step  741 | acc=0.8400 | NZ=  1419 | sparsity=0.3431 | d_m=2.3055e+03
step  742 | acc=0.8400 | NZ=  1418 | sparsity=0.3435 | d_m=2.2969e+03
step  743 | acc=0.8400 | NZ=  1417 | sparsity=0.3440 | d_m=2.3066e+03
step  744 | acc=0.8400 | NZ=  1416 | sparsity=0.3444 | d_m=2.3109e+03
step  745 | acc=0.8400 | NZ=  1415 | sparsity=0.3449 | d_m=2.3281e+03
step  746 | acc=0.8410 | NZ=  1414 | sparsity=0.3454 | d_m=2.3458e+03
step  747 | acc=0.8400 | NZ=  1413 | sparsity=0.3458 | d_m=2.3567e+03
step  748 | acc=0.8350 | NZ=  1412 | sparsity=0.3463 | d_m=2.3958e+03
step  749 | acc=0.8340 | NZ=  1411 | sparsity=0.3468 | d_m=2.4137e+03
step  750 | acc=0.8330 | NZ=  1410 | sparsity=0.3472 | d_m=2.4288e+03
step  751 | acc=0.8340 | NZ=  1409 | sparsity=0.3477 | d_m=2.4571e+03
step  752 | acc=0.8340 | NZ=  1408 | sparsity=0.3481 | d_m=2.4661e+03
step  753 | acc=0.8350 | NZ=  1407 | sparsity=0.3486 | d_m=2.4988e+03
step  754 | acc=0.8320 | NZ=  1406 | sparsity=0.3491 | d_m=2.5054e+03
step  755 | acc=0.8320 | NZ=  1405 | sparsity=0.3495 | d_m=2.5084e+03
step  756 | acc=0.8310 | NZ=  1404 | sparsity=0.3500 | d_m=2.5202e+03
step  757 | acc=0.8320 | NZ=  1403 | sparsity=0.3505 | d_m=2.5276e+03
step  758 | acc=0.8310 | NZ=  1402 | sparsity=0.3509 | d_m=2.5350e+03
step  759 | acc=0.8320 | NZ=  1401 | sparsity=0.3514 | d_m=2.5354e+03
step  760 | acc=0.8310 | NZ=  1400 | sparsity=0.3519 | d_m=2.5387e+03
step  761 | acc=0.8310 | NZ=  1399 | sparsity=0.3523 | d_m=2.5448e+03
step  762 | acc=0.8300 | NZ=  1398 | sparsity=0.3528 | d_m=2.5492e+03
step  763 | acc=0.8290 | NZ=  1397 | sparsity=0.3532 | d_m=2.5531e+03
step  764 | acc=0.8290 | NZ=  1396 | sparsity=0.3537 | d_m=2.5541e+03
step  765 | acc=0.8310 | NZ=  1395 | sparsity=0.3542 | d_m=2.5623e+03
step  766 | acc=0.8330 | NZ=  1394 | sparsity=0.3546 | d_m=2.5731e+03
step  767 | acc=0.8350 | NZ=  1393 | sparsity=0.3551 | d_m=2.5739e+03
step  768 | acc=0.8350 | NZ=  1392 | sparsity=0.3556 | d_m=2.5738e+03
step  769 | acc=0.8350 | NZ=  1391 | sparsity=0.3560 | d_m=2.5443e+03
step  770 | acc=0.8360 | NZ=  1390 | sparsity=0.3565 | d_m=2.5597e+03
step  771 | acc=0.8360 | NZ=  1389 | sparsity=0.3569 | d_m=2.5708e+03
step  772 | acc=0.8360 | NZ=  1388 | sparsity=0.3574 | d_m=2.5800e+03
step  773 | acc=0.8360 | NZ=  1387 | sparsity=0.3579 | d_m=2.5931e+03
step  774 | acc=0.8340 | NZ=  1386 | sparsity=0.3583 | d_m=2.6041e+03
step  775 | acc=0.8350 | NZ=  1385 | sparsity=0.3588 | d_m=2.6121e+03
step  776 | acc=0.8340 | NZ=  1384 | sparsity=0.3593 | d_m=2.6091e+03
step  777 | acc=0.8340 | NZ=  1383 | sparsity=0.3597 | d_m=2.6019e+03
step  778 | acc=0.8340 | NZ=  1382 | sparsity=0.3602 | d_m=2.6198e+03
step  779 | acc=0.8330 | NZ=  1381 | sparsity=0.3606 | d_m=2.6470e+03
step  780 | acc=0.8330 | NZ=  1380 | sparsity=0.3611 | d_m=2.6692e+03
step  781 | acc=0.8320 | NZ=  1379 | sparsity=0.3616 | d_m=2.6337e+03
step  782 | acc=0.8330 | NZ=  1378 | sparsity=0.3620 | d_m=2.6594e+03
step  783 | acc=0.8330 | NZ=  1377 | sparsity=0.3625 | d_m=2.6698e+03
step  784 | acc=0.8320 | NZ=  1376 | sparsity=0.3630 | d_m=2.6769e+03
step  785 | acc=0.8320 | NZ=  1375 | sparsity=0.3634 | d_m=2.6577e+03
step  786 | acc=0.8320 | NZ=  1374 | sparsity=0.3639 | d_m=2.6639e+03
step  787 | acc=0.8320 | NZ=  1373 | sparsity=0.3644 | d_m=2.6591e+03
step  788 | acc=0.8340 | NZ=  1372 | sparsity=0.3648 | d_m=2.6517e+03
step  789 | acc=0.8330 | NZ=  1371 | sparsity=0.3653 | d_m=2.6590e+03
step  790 | acc=0.8320 | NZ=  1370 | sparsity=0.3657 | d_m=2.6665e+03
step  791 | acc=0.8340 | NZ=  1369 | sparsity=0.3662 | d_m=2.6885e+03
step  792 | acc=0.8320 | NZ=  1368 | sparsity=0.3667 | d_m=2.7082e+03
step  793 | acc=0.8340 | NZ=  1367 | sparsity=0.3671 | d_m=2.7544e+03
step  794 | acc=0.8320 | NZ=  1366 | sparsity=0.3676 | d_m=2.7764e+03
step  795 | acc=0.8360 | NZ=  1365 | sparsity=0.3681 | d_m=2.8337e+03
step  796 | acc=0.8360 | NZ=  1364 | sparsity=0.3685 | d_m=2.8624e+03
step  797 | acc=0.8350 | NZ=  1363 | sparsity=0.3690 | d_m=2.8600e+03
step  798 | acc=0.8320 | NZ=  1362 | sparsity=0.3694 | d_m=2.9111e+03
step  799 | acc=0.8300 | NZ=  1361 | sparsity=0.3699 | d_m=2.9407e+03
step  800 | acc=0.8300 | NZ=  1360 | sparsity=0.3704 | d_m=2.9612e+03
step  801 | acc=0.8300 | NZ=  1359 | sparsity=0.3708 | d_m=2.9982e+03
step  802 | acc=0.8300 | NZ=  1358 | sparsity=0.3713 | d_m=3.0407e+03
step  803 | acc=0.8300 | NZ=  1357 | sparsity=0.3718 | d_m=3.0622e+03
step  804 | acc=0.8300 | NZ=  1356 | sparsity=0.3722 | d_m=3.1023e+03
step  805 | acc=0.8290 | NZ=  1355 | sparsity=0.3727 | d_m=3.1322e+03
step  806 | acc=0.8310 | NZ=  1354 | sparsity=0.3731 | d_m=3.1517e+03
step  807 | acc=0.8320 | NZ=  1353 | sparsity=0.3736 | d_m=3.1775e+03
step  808 | acc=0.8330 | NZ=  1352 | sparsity=0.3741 | d_m=3.2252e+03
step  809 | acc=0.8250 | NZ=  1351 | sparsity=0.3745 | d_m=3.2658e+03
step  810 | acc=0.8260 | NZ=  1350 | sparsity=0.3750 | d_m=3.3068e+03
step  811 | acc=0.8210 | NZ=  1349 | sparsity=0.3755 | d_m=3.3446e+03
step  812 | acc=0.8230 | NZ=  1348 | sparsity=0.3759 | d_m=3.3892e+03
step  813 | acc=0.8230 | NZ=  1347 | sparsity=0.3764 | d_m=3.3809e+03
step  814 | acc=0.8230 | NZ=  1346 | sparsity=0.3769 | d_m=3.4011e+03
step  815 | acc=0.8220 | NZ=  1345 | sparsity=0.3773 | d_m=3.4342e+03
step  816 | acc=0.8230 | NZ=  1344 | sparsity=0.3778 | d_m=3.4372e+03
step  817 | acc=0.8230 | NZ=  1343 | sparsity=0.3782 | d_m=3.4553e+03
step  818 | acc=0.8230 | NZ=  1342 | sparsity=0.3787 | d_m=3.4785e+03
step  819 | acc=0.8220 | NZ=  1341 | sparsity=0.3792 | d_m=3.4929e+03
step  820 | acc=0.8230 | NZ=  1340 | sparsity=0.3796 | d_m=3.5028e+03
step  821 | acc=0.8200 | NZ=  1339 | sparsity=0.3801 | d_m=3.5054e+03
step  822 | acc=0.8200 | NZ=  1338 | sparsity=0.3806 | d_m=3.5191e+03
step  823 | acc=0.7870 | NZ=  1337 | sparsity=0.3810 | d_m=3.6889e+03
step  824 | acc=0.7590 | NZ=  1336 | sparsity=0.3815 | d_m=3.8539e+03
step  825 | acc=0.7590 | NZ=  1335 | sparsity=0.3819 | d_m=3.8387e+03
step  826 | acc=0.7600 | NZ=  1334 | sparsity=0.3824 | d_m=3.8422e+03
step  827 | acc=0.7600 | NZ=  1333 | sparsity=0.3829 | d_m=3.8257e+03
step  828 | acc=0.7620 | NZ=  1332 | sparsity=0.3833 | d_m=3.8364e+03
step  829 | acc=0.7600 | NZ=  1331 | sparsity=0.3838 | d_m=3.8164e+03
step  830 | acc=0.7590 | NZ=  1330 | sparsity=0.3843 | d_m=3.8466e+03
step  831 | acc=0.7610 | NZ=  1329 | sparsity=0.3847 | d_m=3.8631e+03
step  832 | acc=0.7610 | NZ=  1328 | sparsity=0.3852 | d_m=3.8740e+03
step  833 | acc=0.7620 | NZ=  1327 | sparsity=0.3856 | d_m=3.8698e+03
step  834 | acc=0.7610 | NZ=  1326 | sparsity=0.3861 | d_m=3.8774e+03
step  835 | acc=0.7600 | NZ=  1325 | sparsity=0.3866 | d_m=3.8710e+03
step  836 | acc=0.7600 | NZ=  1324 | sparsity=0.3870 | d_m=3.8824e+03
step  837 | acc=0.7610 | NZ=  1323 | sparsity=0.3875 | d_m=3.9000e+03
step  838 | acc=0.7610 | NZ=  1322 | sparsity=0.3880 | d_m=3.9215e+03
step  839 | acc=0.7620 | NZ=  1321 | sparsity=0.3884 | d_m=3.9286e+03
step  840 | acc=0.7620 | NZ=  1320 | sparsity=0.3889 | d_m=3.9225e+03
step  841 | acc=0.7610 | NZ=  1319 | sparsity=0.3894 | d_m=3.9156e+03
step  842 | acc=0.7610 | NZ=  1318 | sparsity=0.3898 | d_m=3.9092e+03
step  843 | acc=0.7610 | NZ=  1317 | sparsity=0.3903 | d_m=3.9412e+03
step  844 | acc=0.7610 | NZ=  1316 | sparsity=0.3907 | d_m=3.9668e+03
step  845 | acc=0.7610 | NZ=  1315 | sparsity=0.3912 | d_m=3.9727e+03
step  846 | acc=0.7610 | NZ=  1314 | sparsity=0.3917 | d_m=3.9967e+03
step  847 | acc=0.7610 | NZ=  1313 | sparsity=0.3921 | d_m=4.0192e+03
step  848 | acc=0.7610 | NZ=  1312 | sparsity=0.3926 | d_m=4.0266e+03
step  849 | acc=0.7600 | NZ=  1311 | sparsity=0.3931 | d_m=4.0138e+03
step  850 | acc=0.7600 | NZ=  1310 | sparsity=0.3935 | d_m=4.0308e+03
step  851 | acc=0.7610 | NZ=  1309 | sparsity=0.3940 | d_m=4.0544e+03
step  852 | acc=0.7620 | NZ=  1308 | sparsity=0.3944 | d_m=4.0667e+03
step  853 | acc=0.7620 | NZ=  1307 | sparsity=0.3949 | d_m=4.0586e+03
step  854 | acc=0.7610 | NZ=  1306 | sparsity=0.3954 | d_m=4.0759e+03
step  855 | acc=0.7590 | NZ=  1305 | sparsity=0.3958 | d_m=4.1151e+03
step  856 | acc=0.7560 | NZ=  1304 | sparsity=0.3963 | d_m=4.1871e+03
step  857 | acc=0.7530 | NZ=  1303 | sparsity=0.3968 | d_m=4.2061e+03
step  858 | acc=0.7420 | NZ=  1302 | sparsity=0.3972 | d_m=4.3525e+03
step  859 | acc=0.7410 | NZ=  1301 | sparsity=0.3977 | d_m=4.3710e+03
step  860 | acc=0.7400 | NZ=  1300 | sparsity=0.3981 | d_m=4.4262e+03
step  861 | acc=0.7400 | NZ=  1299 | sparsity=0.3986 | d_m=4.4226e+03
step  862 | acc=0.7400 | NZ=  1298 | sparsity=0.3991 | d_m=4.4543e+03
step  863 | acc=0.7370 | NZ=  1297 | sparsity=0.3995 | d_m=4.4974e+03
step  864 | acc=0.7370 | NZ=  1296 | sparsity=0.4000 | d_m=4.5590e+03
step  865 | acc=0.7370 | NZ=  1295 | sparsity=0.4005 | d_m=4.5645e+03
step  866 | acc=0.7360 | NZ=  1294 | sparsity=0.4009 | d_m=4.6543e+03
step  867 | acc=0.7350 | NZ=  1293 | sparsity=0.4014 | d_m=4.6409e+03
step  868 | acc=0.7340 | NZ=  1292 | sparsity=0.4019 | d_m=4.7115e+03
step  869 | acc=0.7340 | NZ=  1291 | sparsity=0.4023 | d_m=4.7190e+03
step  870 | acc=0.7340 | NZ=  1290 | sparsity=0.4028 | d_m=4.7424e+03
step  871 | acc=0.7340 | NZ=  1289 | sparsity=0.4032 | d_m=4.7567e+03
step  872 | acc=0.7340 | NZ=  1288 | sparsity=0.4037 | d_m=4.7803e+03
step  873 | acc=0.7350 | NZ=  1287 | sparsity=0.4042 | d_m=4.7456e+03
step  874 | acc=0.7360 | NZ=  1286 | sparsity=0.4046 | d_m=4.7787e+03
step  875 | acc=0.7350 | NZ=  1285 | sparsity=0.4051 | d_m=4.8082e+03
step  876 | acc=0.7360 | NZ=  1284 | sparsity=0.4056 | d_m=4.8624e+03
step  877 | acc=0.7340 | NZ=  1283 | sparsity=0.4060 | d_m=4.9060e+03
step  878 | acc=0.7340 | NZ=  1282 | sparsity=0.4065 | d_m=4.9621e+03
step  879 | acc=0.7310 | NZ=  1281 | sparsity=0.4069 | d_m=5.0718e+03
step  880 | acc=0.7310 | NZ=  1280 | sparsity=0.4074 | d_m=5.0485e+03
step  881 | acc=0.7300 | NZ=  1279 | sparsity=0.4079 | d_m=5.0526e+03
step  882 | acc=0.7320 | NZ=  1278 | sparsity=0.4083 | d_m=5.0619e+03
step  883 | acc=0.7320 | NZ=  1277 | sparsity=0.4088 | d_m=5.0900e+03
step  884 | acc=0.7300 | NZ=  1276 | sparsity=0.4093 | d_m=5.1117e+03
step  885 | acc=0.7300 | NZ=  1275 | sparsity=0.4097 | d_m=5.1429e+03
step  886 | acc=0.7320 | NZ=  1274 | sparsity=0.4102 | d_m=5.2374e+03
step  887 | acc=0.7290 | NZ=  1273 | sparsity=0.4106 | d_m=5.3368e+03
step  888 | acc=0.7310 | NZ=  1272 | sparsity=0.4111 | d_m=5.3124e+03
step  889 | acc=0.7190 | NZ=  1271 | sparsity=0.4116 | d_m=5.5258e+03
step  890 | acc=0.7170 | NZ=  1270 | sparsity=0.4120 | d_m=5.6645e+03
step  891 | acc=0.7170 | NZ=  1269 | sparsity=0.4125 | d_m=5.6087e+03
step  892 | acc=0.7160 | NZ=  1268 | sparsity=0.4130 | d_m=5.7414e+03
step  893 | acc=0.7170 | NZ=  1267 | sparsity=0.4134 | d_m=5.6822e+03
step  894 | acc=0.7170 | NZ=  1266 | sparsity=0.4139 | d_m=5.7782e+03
step  895 | acc=0.7160 | NZ=  1265 | sparsity=0.4144 | d_m=5.8316e+03
step  896 | acc=0.7170 | NZ=  1264 | sparsity=0.4148 | d_m=5.8451e+03
step  897 | acc=0.7150 | NZ=  1263 | sparsity=0.4153 | d_m=5.9350e+03
step  898 | acc=0.7150 | NZ=  1262 | sparsity=0.4157 | d_m=5.8983e+03
step  899 | acc=0.7160 | NZ=  1261 | sparsity=0.4162 | d_m=5.9852e+03
step  900 | acc=0.7150 | NZ=  1260 | sparsity=0.4167 | d_m=5.9820e+03
step  901 | acc=0.7160 | NZ=  1259 | sparsity=0.4171 | d_m=5.9947e+03
step  902 | acc=0.7120 | NZ=  1258 | sparsity=0.4176 | d_m=6.0746e+03
step  903 | acc=0.7120 | NZ=  1257 | sparsity=0.4181 | d_m=6.0257e+03
step  904 | acc=0.7120 | NZ=  1256 | sparsity=0.4185 | d_m=6.0209e+03
step  905 | acc=0.7110 | NZ=  1255 | sparsity=0.4190 | d_m=6.0792e+03
step  906 | acc=0.7110 | NZ=  1254 | sparsity=0.4194 | d_m=6.0646e+03
step  907 | acc=0.7090 | NZ=  1253 | sparsity=0.4199 | d_m=6.1041e+03
step  908 | acc=0.7090 | NZ=  1252 | sparsity=0.4204 | d_m=6.1012e+03
step  909 | acc=0.7090 | NZ=  1251 | sparsity=0.4208 | d_m=6.0988e+03
step  910 | acc=0.7090 | NZ=  1250 | sparsity=0.4213 | d_m=6.0965e+03
step  911 | acc=0.7090 | NZ=  1249 | sparsity=0.4218 | d_m=6.0946e+03
step  912 | acc=0.7090 | NZ=  1248 | sparsity=0.4222 | d_m=6.0927e+03
step  913 | acc=0.7080 | NZ=  1247 | sparsity=0.4227 | d_m=6.1308e+03
step  914 | acc=0.7080 | NZ=  1246 | sparsity=0.4231 | d_m=6.1441e+03
step  915 | acc=0.7090 | NZ=  1245 | sparsity=0.4236 | d_m=6.1860e+03
step  916 | acc=0.7090 | NZ=  1244 | sparsity=0.4241 | d_m=6.2143e+03
step  917 | acc=0.7090 | NZ=  1243 | sparsity=0.4245 | d_m=6.1920e+03
step  918 | acc=0.7100 | NZ=  1242 | sparsity=0.4250 | d_m=6.2378e+03
step  919 | acc=0.7100 | NZ=  1241 | sparsity=0.4255 | d_m=6.2693e+03
step  920 | acc=0.7100 | NZ=  1240 | sparsity=0.4259 | d_m=6.2771e+03
step  921 | acc=0.7090 | NZ=  1239 | sparsity=0.4264 | d_m=6.2837e+03
step  922 | acc=0.7110 | NZ=  1238 | sparsity=0.4269 | d_m=6.3011e+03
step  923 | acc=0.7110 | NZ=  1237 | sparsity=0.4273 | d_m=6.3428e+03
step  924 | acc=0.7100 | NZ=  1236 | sparsity=0.4278 | d_m=6.3681e+03
step  925 | acc=0.7110 | NZ=  1235 | sparsity=0.4282 | d_m=6.3454e+03
step  926 | acc=0.7090 | NZ=  1234 | sparsity=0.4287 | d_m=6.4033e+03
step  927 | acc=0.7090 | NZ=  1233 | sparsity=0.4292 | d_m=6.4355e+03
step  928 | acc=0.7100 | NZ=  1232 | sparsity=0.4296 | d_m=6.4677e+03
step  929 | acc=0.7090 | NZ=  1231 | sparsity=0.4301 | d_m=6.4381e+03
step  930 | acc=0.7110 | NZ=  1230 | sparsity=0.4306 | d_m=6.4527e+03
step  931 | acc=0.7090 | NZ=  1229 | sparsity=0.4310 | d_m=6.4951e+03
step  932 | acc=0.7100 | NZ=  1228 | sparsity=0.4315 | d_m=6.4670e+03
step  933 | acc=0.7080 | NZ=  1227 | sparsity=0.4319 | d_m=6.4912e+03
step  934 | acc=0.7080 | NZ=  1226 | sparsity=0.4324 | d_m=6.5357e+03
step  935 | acc=0.7080 | NZ=  1225 | sparsity=0.4329 | d_m=6.5661e+03
step  936 | acc=0.7070 | NZ=  1224 | sparsity=0.4333 | d_m=6.5995e+03
step  937 | acc=0.7120 | NZ=  1223 | sparsity=0.4338 | d_m=6.5963e+03
step  938 | acc=0.7120 | NZ=  1222 | sparsity=0.4343 | d_m=6.6181e+03
step  939 | acc=0.7120 | NZ=  1221 | sparsity=0.4347 | d_m=6.6433e+03
step  940 | acc=0.7110 | NZ=  1220 | sparsity=0.4352 | d_m=6.6680e+03
step  941 | acc=0.7090 | NZ=  1219 | sparsity=0.4356 | d_m=6.6978e+03
step  942 | acc=0.7110 | NZ=  1218 | sparsity=0.4361 | d_m=6.6902e+03
step  943 | acc=0.7100 | NZ=  1217 | sparsity=0.4366 | d_m=6.7116e+03
step  944 | acc=0.7100 | NZ=  1216 | sparsity=0.4370 | d_m=6.7321e+03
step  945 | acc=0.7110 | NZ=  1215 | sparsity=0.4375 | d_m=6.7389e+03
step  946 | acc=0.7120 | NZ=  1214 | sparsity=0.4380 | d_m=6.7581e+03
step  947 | acc=0.7120 | NZ=  1213 | sparsity=0.4384 | d_m=6.7649e+03
step  948 | acc=0.7120 | NZ=  1212 | sparsity=0.4389 | d_m=6.7970e+03
step  949 | acc=0.7110 | NZ=  1211 | sparsity=0.4394 | d_m=6.7905e+03
step  950 | acc=0.7110 | NZ=  1210 | sparsity=0.4398 | d_m=6.7970e+03
step  951 | acc=0.7120 | NZ=  1209 | sparsity=0.4403 | d_m=6.7801e+03
step  952 | acc=0.7120 | NZ=  1208 | sparsity=0.4407 | d_m=6.7752e+03
step  953 | acc=0.7120 | NZ=  1207 | sparsity=0.4412 | d_m=6.7814e+03
step  954 | acc=0.7120 | NZ=  1206 | sparsity=0.4417 | d_m=6.7889e+03
step  955 | acc=0.7110 | NZ=  1205 | sparsity=0.4421 | d_m=6.7548e+03
step  956 | acc=0.7110 | NZ=  1204 | sparsity=0.4426 | d_m=6.7474e+03
step  957 | acc=0.7140 | NZ=  1203 | sparsity=0.4431 | d_m=6.7356e+03
step  958 | acc=0.7100 | NZ=  1202 | sparsity=0.4435 | d_m=6.7572e+03
step  959 | acc=0.7100 | NZ=  1201 | sparsity=0.4440 | d_m=6.7842e+03
step  960 | acc=0.7120 | NZ=  1200 | sparsity=0.4444 | d_m=6.8015e+03
step  961 | acc=0.7130 | NZ=  1199 | sparsity=0.4449 | d_m=6.8312e+03
step  962 | acc=0.7140 | NZ=  1198 | sparsity=0.4454 | d_m=6.8568e+03
step  963 | acc=0.7140 | NZ=  1197 | sparsity=0.4458 | d_m=6.8243e+03
step  964 | acc=0.7150 | NZ=  1196 | sparsity=0.4463 | d_m=6.8659e+03
step  965 | acc=0.7110 | NZ=  1195 | sparsity=0.4468 | d_m=6.9107e+03
step  966 | acc=0.7130 | NZ=  1194 | sparsity=0.4472 | d_m=6.9263e+03
step  967 | acc=0.7110 | NZ=  1193 | sparsity=0.4477 | d_m=6.9308e+03
step  968 | acc=0.7100 | NZ=  1192 | sparsity=0.4481 | d_m=6.9642e+03
step  969 | acc=0.7100 | NZ=  1191 | sparsity=0.4486 | d_m=6.9641e+03
step  970 | acc=0.7090 | NZ=  1190 | sparsity=0.4491 | d_m=6.9294e+03
step  971 | acc=0.7090 | NZ=  1189 | sparsity=0.4495 | d_m=6.9806e+03
step  972 | acc=0.7090 | NZ=  1188 | sparsity=0.4500 | d_m=6.9778e+03
step  973 | acc=0.7090 | NZ=  1187 | sparsity=0.4505 | d_m=6.9861e+03
step  974 | acc=0.7110 | NZ=  1186 | sparsity=0.4509 | d_m=7.0070e+03
step  975 | acc=0.7110 | NZ=  1185 | sparsity=0.4514 | d_m=6.9595e+03
step  976 | acc=0.7110 | NZ=  1184 | sparsity=0.4519 | d_m=6.9790e+03
step  977 | acc=0.7110 | NZ=  1183 | sparsity=0.4523 | d_m=6.9943e+03
step  978 | acc=0.7110 | NZ=  1182 | sparsity=0.4528 | d_m=6.9690e+03
step  979 | acc=0.7110 | NZ=  1181 | sparsity=0.4532 | d_m=6.9944e+03
step  980 | acc=0.7100 | NZ=  1180 | sparsity=0.4537 | d_m=7.0484e+03
step  981 | acc=0.7110 | NZ=  1179 | sparsity=0.4542 | d_m=7.0961e+03
step  982 | acc=0.7110 | NZ=  1178 | sparsity=0.4546 | d_m=7.1313e+03
step  983 | acc=0.7100 | NZ=  1177 | sparsity=0.4551 | d_m=7.1641e+03
step  984 | acc=0.7110 | NZ=  1176 | sparsity=0.4556 | d_m=7.2053e+03
step  985 | acc=0.7100 | NZ=  1175 | sparsity=0.4560 | d_m=7.2379e+03
step  986 | acc=0.7100 | NZ=  1174 | sparsity=0.4565 | d_m=7.2866e+03
step  987 | acc=0.7100 | NZ=  1173 | sparsity=0.4569 | d_m=7.3098e+03
step  988 | acc=0.7110 | NZ=  1172 | sparsity=0.4574 | d_m=7.2955e+03
step  989 | acc=0.7100 | NZ=  1171 | sparsity=0.4579 | d_m=7.2854e+03
step  990 | acc=0.7090 | NZ=  1170 | sparsity=0.4583 | d_m=7.3157e+03
step  991 | acc=0.7090 | NZ=  1169 | sparsity=0.4588 | d_m=7.3054e+03
step  992 | acc=0.7060 | NZ=  1168 | sparsity=0.4593 | d_m=7.3031e+03
step  993 | acc=0.7090 | NZ=  1167 | sparsity=0.4597 | d_m=7.3060e+03
step  994 | acc=0.7060 | NZ=  1166 | sparsity=0.4602 | d_m=7.3328e+03
step  995 | acc=0.7050 | NZ=  1165 | sparsity=0.4606 | d_m=7.3469e+03
step  996 | acc=0.7070 | NZ=  1164 | sparsity=0.4611 | d_m=7.3475e+03
step  997 | acc=0.7070 | NZ=  1163 | sparsity=0.4616 | d_m=7.3257e+03
step  998 | acc=0.7070 | NZ=  1162 | sparsity=0.4620 | d_m=7.3112e+03
step  999 | acc=0.7060 | NZ=  1161 | sparsity=0.4625 | d_m=7.3377e+03
step 1000 | acc=0.7060 | NZ=  1160 | sparsity=0.4630 | d_m=7.3459e+03
step 1001 | acc=0.7080 | NZ=  1159 | sparsity=0.4634 | d_m=7.3261e+03
step 1002 | acc=0.7080 | NZ=  1158 | sparsity=0.4639 | d_m=7.3430e+03
step 1003 | acc=0.7100 | NZ=  1157 | sparsity=0.4644 | d_m=7.3754e+03
step 1004 | acc=0.7100 | NZ=  1156 | sparsity=0.4648 | d_m=7.3708e+03
step 1005 | acc=0.7090 | NZ=  1155 | sparsity=0.4653 | d_m=7.4069e+03
step 1006 | acc=0.7070 | NZ=  1154 | sparsity=0.4657 | d_m=7.4029e+03
step 1007 | acc=0.7070 | NZ=  1153 | sparsity=0.4662 | d_m=7.3908e+03
step 1008 | acc=0.7080 | NZ=  1152 | sparsity=0.4667 | d_m=7.3927e+03
step 1009 | acc=0.7100 | NZ=  1151 | sparsity=0.4671 | d_m=7.4046e+03
step 1010 | acc=0.7110 | NZ=  1150 | sparsity=0.4676 | d_m=7.4051e+03
step 1011 | acc=0.7100 | NZ=  1149 | sparsity=0.4681 | d_m=7.4218e+03
step 1012 | acc=0.7110 | NZ=  1148 | sparsity=0.4685 | d_m=7.4309e+03
step 1013 | acc=0.7100 | NZ=  1147 | sparsity=0.4690 | d_m=7.4381e+03
step 1014 | acc=0.7100 | NZ=  1146 | sparsity=0.4694 | d_m=7.4828e+03
step 1015 | acc=0.7140 | NZ=  1145 | sparsity=0.4699 | d_m=7.5443e+03
step 1016 | acc=0.7110 | NZ=  1144 | sparsity=0.4704 | d_m=7.5822e+03
step 1017 | acc=0.7130 | NZ=  1143 | sparsity=0.4708 | d_m=7.6183e+03
step 1018 | acc=0.7120 | NZ=  1142 | sparsity=0.4713 | d_m=7.6591e+03
step 1019 | acc=0.7090 | NZ=  1141 | sparsity=0.4718 | d_m=7.7051e+03
step 1020 | acc=0.7080 | NZ=  1140 | sparsity=0.4722 | d_m=7.7276e+03
step 1021 | acc=0.7080 | NZ=  1139 | sparsity=0.4727 | d_m=7.7488e+03
step 1022 | acc=0.7080 | NZ=  1138 | sparsity=0.4731 | d_m=7.7525e+03
step 1023 | acc=0.7090 | NZ=  1137 | sparsity=0.4736 | d_m=7.7769e+03
step 1024 | acc=0.7090 | NZ=  1136 | sparsity=0.4741 | d_m=7.8255e+03
step 1025 | acc=0.7090 | NZ=  1135 | sparsity=0.4745 | d_m=7.8406e+03
step 1026 | acc=0.7070 | NZ=  1134 | sparsity=0.4750 | d_m=7.8933e+03
step 1027 | acc=0.7070 | NZ=  1133 | sparsity=0.4755 | d_m=7.9352e+03
step 1028 | acc=0.7070 | NZ=  1132 | sparsity=0.4759 | d_m=7.9876e+03
step 1029 | acc=0.7070 | NZ=  1131 | sparsity=0.4764 | d_m=8.0610e+03
step 1030 | acc=0.7070 | NZ=  1130 | sparsity=0.4769 | d_m=8.1332e+03
step 1031 | acc=0.7080 | NZ=  1129 | sparsity=0.4773 | d_m=8.1814e+03
step 1032 | acc=0.7070 | NZ=  1128 | sparsity=0.4778 | d_m=8.2411e+03
step 1033 | acc=0.7110 | NZ=  1127 | sparsity=0.4782 | d_m=8.2536e+03
step 1034 | acc=0.7100 | NZ=  1126 | sparsity=0.4787 | d_m=8.3011e+03
step 1035 | acc=0.7100 | NZ=  1125 | sparsity=0.4792 | d_m=8.3028e+03
step 1036 | acc=0.7090 | NZ=  1124 | sparsity=0.4796 | d_m=8.3551e+03
step 1037 | acc=0.7080 | NZ=  1123 | sparsity=0.4801 | d_m=8.4084e+03
step 1038 | acc=0.7080 | NZ=  1122 | sparsity=0.4806 | d_m=8.4496e+03
step 1039 | acc=0.7090 | NZ=  1121 | sparsity=0.4810 | d_m=8.4911e+03
step 1040 | acc=0.7100 | NZ=  1120 | sparsity=0.4815 | d_m=8.5583e+03
step 1041 | acc=0.7090 | NZ=  1119 | sparsity=0.4819 | d_m=8.5836e+03
step 1042 | acc=0.7110 | NZ=  1118 | sparsity=0.4824 | d_m=8.6155e+03
step 1043 | acc=0.7100 | NZ=  1117 | sparsity=0.4829 | d_m=8.5659e+03
step 1044 | acc=0.7120 | NZ=  1116 | sparsity=0.4833 | d_m=8.6024e+03
step 1045 | acc=0.7100 | NZ=  1115 | sparsity=0.4838 | d_m=8.6297e+03
step 1046 | acc=0.7080 | NZ=  1114 | sparsity=0.4843 | d_m=8.6778e+03
step 1047 | acc=0.7090 | NZ=  1113 | sparsity=0.4847 | d_m=8.6785e+03
step 1048 | acc=0.7090 | NZ=  1112 | sparsity=0.4852 | d_m=8.7201e+03
step 1049 | acc=0.7080 | NZ=  1111 | sparsity=0.4856 | d_m=8.6959e+03
step 1050 | acc=0.7090 | NZ=  1110 | sparsity=0.4861 | d_m=8.7285e+03
step 1051 | acc=0.7100 | NZ=  1109 | sparsity=0.4866 | d_m=8.7430e+03
step 1052 | acc=0.7100 | NZ=  1108 | sparsity=0.4870 | d_m=8.7918e+03
step 1053 | acc=0.7120 | NZ=  1107 | sparsity=0.4875 | d_m=8.8397e+03
step 1054 | acc=0.6930 | NZ=  1106 | sparsity=0.4880 | d_m=9.2183e+03
step 1055 | acc=0.6960 | NZ=  1105 | sparsity=0.4884 | d_m=9.1890e+03
step 1056 | acc=0.7010 | NZ=  1104 | sparsity=0.4889 | d_m=9.1227e+03
step 1057 | acc=0.6900 | NZ=  1103 | sparsity=0.4894 | d_m=9.1537e+03
step 1058 | acc=0.6900 | NZ=  1102 | sparsity=0.4898 | d_m=9.1402e+03
step 1059 | acc=0.6900 | NZ=  1101 | sparsity=0.4903 | d_m=9.1284e+03
step 1060 | acc=0.6920 | NZ=  1100 | sparsity=0.4907 | d_m=9.2175e+03
step 1061 | acc=0.6920 | NZ=  1099 | sparsity=0.4912 | d_m=9.2497e+03
step 1062 | acc=0.6900 | NZ=  1098 | sparsity=0.4917 | d_m=9.3206e+03
step 1063 | acc=0.6920 | NZ=  1097 | sparsity=0.4921 | d_m=9.3706e+03
step 1064 | acc=0.6920 | NZ=  1096 | sparsity=0.4926 | d_m=9.4510e+03
step 1065 | acc=0.6910 | NZ=  1095 | sparsity=0.4931 | d_m=9.5295e+03
step 1066 | acc=0.6910 | NZ=  1094 | sparsity=0.4935 | d_m=9.5699e+03
step 1067 | acc=0.6890 | NZ=  1093 | sparsity=0.4940 | d_m=9.6082e+03
step 1068 | acc=0.6880 | NZ=  1092 | sparsity=0.4944 | d_m=9.6532e+03
step 1069 | acc=0.6880 | NZ=  1091 | sparsity=0.4949 | d_m=9.6823e+03
step 1070 | acc=0.6860 | NZ=  1090 | sparsity=0.4954 | d_m=9.6650e+03
step 1071 | acc=0.6870 | NZ=  1089 | sparsity=0.4958 | d_m=9.6316e+03
step 1072 | acc=0.6860 | NZ=  1088 | sparsity=0.4963 | d_m=9.6428e+03
step 1073 | acc=0.6840 | NZ=  1087 | sparsity=0.4968 | d_m=9.6666e+03
step 1074 | acc=0.6830 | NZ=  1086 | sparsity=0.4972 | d_m=9.6995e+03
step 1075 | acc=0.6830 | NZ=  1085 | sparsity=0.4977 | d_m=9.6491e+03
step 1076 | acc=0.6830 | NZ=  1084 | sparsity=0.4981 | d_m=9.6701e+03
step 1077 | acc=0.6820 | NZ=  1083 | sparsity=0.4986 | d_m=9.7281e+03
step 1078 | acc=0.6790 | NZ=  1082 | sparsity=0.4991 | d_m=9.7840e+03
step 1079 | acc=0.6830 | NZ=  1081 | sparsity=0.4995 | d_m=9.7657e+03
step 1080 | acc=0.6820 | NZ=  1080 | sparsity=0.5000 | d_m=9.8242e+03
step 1081 | acc=0.6820 | NZ=  1079 | sparsity=0.5005 | d_m=9.8592e+03
step 1082 | acc=0.6830 | NZ=  1078 | sparsity=0.5009 | d_m=9.9073e+03
step 1083 | acc=0.6840 | NZ=  1077 | sparsity=0.5014 | d_m=9.8201e+03
step 1084 | acc=0.6840 | NZ=  1076 | sparsity=0.5019 | d_m=9.8667e+03
step 1085 | acc=0.6820 | NZ=  1075 | sparsity=0.5023 | d_m=9.9374e+03
step 1086 | acc=0.6830 | NZ=  1074 | sparsity=0.5028 | d_m=1.0008e+04
step 1087 | acc=0.6860 | NZ=  1073 | sparsity=0.5032 | d_m=1.0023e+04
step 1088 | acc=0.6840 | NZ=  1072 | sparsity=0.5037 | d_m=1.0044e+04
step 1089 | acc=0.6850 | NZ=  1071 | sparsity=0.5042 | d_m=1.0078e+04
step 1090 | acc=0.6850 | NZ=  1070 | sparsity=0.5046 | d_m=1.0098e+04
step 1091 | acc=0.6840 | NZ=  1069 | sparsity=0.5051 | d_m=1.0180e+04
step 1092 | acc=0.6870 | NZ=  1068 | sparsity=0.5056 | d_m=1.0248e+04
step 1093 | acc=0.6860 | NZ=  1067 | sparsity=0.5060 | d_m=1.0301e+04
step 1094 | acc=0.6840 | NZ=  1066 | sparsity=0.5065 | d_m=1.0330e+04
step 1095 | acc=0.6860 | NZ=  1065 | sparsity=0.5069 | d_m=1.0391e+04
step 1096 | acc=0.6870 | NZ=  1064 | sparsity=0.5074 | d_m=1.0437e+04
step 1097 | acc=0.6860 | NZ=  1063 | sparsity=0.5079 | d_m=1.0459e+04
step 1098 | acc=0.6860 | NZ=  1062 | sparsity=0.5083 | d_m=1.0472e+04
step 1099 | acc=0.6890 | NZ=  1061 | sparsity=0.5088 | d_m=1.0480e+04
step 1100 | acc=0.6870 | NZ=  1060 | sparsity=0.5093 | d_m=1.0555e+04
step 1101 | acc=0.6860 | NZ=  1059 | sparsity=0.5097 | d_m=1.0612e+04
step 1102 | acc=0.6860 | NZ=  1058 | sparsity=0.5102 | d_m=1.0554e+04
step 1103 | acc=0.6870 | NZ=  1057 | sparsity=0.5106 | d_m=1.0639e+04
step 1104 | acc=0.6860 | NZ=  1056 | sparsity=0.5111 | d_m=1.0596e+04
step 1105 | acc=0.6860 | NZ=  1055 | sparsity=0.5116 | d_m=1.0642e+04
step 1106 | acc=0.6850 | NZ=  1054 | sparsity=0.5120 | d_m=1.0744e+04
step 1107 | acc=0.6860 | NZ=  1053 | sparsity=0.5125 | d_m=1.0828e+04
step 1108 | acc=0.6850 | NZ=  1052 | sparsity=0.5130 | d_m=1.0867e+04
step 1109 | acc=0.6850 | NZ=  1051 | sparsity=0.5134 | d_m=1.0840e+04
step 1110 | acc=0.6840 | NZ=  1050 | sparsity=0.5139 | d_m=1.0851e+04
step 1111 | acc=0.6870 | NZ=  1049 | sparsity=0.5144 | d_m=1.0878e+04
step 1112 | acc=0.6810 | NZ=  1048 | sparsity=0.5148 | d_m=1.0820e+04
step 1113 | acc=0.6810 | NZ=  1047 | sparsity=0.5153 | d_m=1.0846e+04
step 1114 | acc=0.6810 | NZ=  1046 | sparsity=0.5157 | d_m=1.0811e+04
step 1115 | acc=0.6800 | NZ=  1045 | sparsity=0.5162 | d_m=1.0888e+04
step 1116 | acc=0.6810 | NZ=  1044 | sparsity=0.5167 | d_m=1.0837e+04
step 1117 | acc=0.6810 | NZ=  1043 | sparsity=0.5171 | d_m=1.0922e+04
step 1118 | acc=0.6810 | NZ=  1042 | sparsity=0.5176 | d_m=1.0948e+04
step 1119 | acc=0.6800 | NZ=  1041 | sparsity=0.5181 | d_m=1.0950e+04
step 1120 | acc=0.6810 | NZ=  1040 | sparsity=0.5185 | d_m=1.0899e+04
step 1121 | acc=0.6810 | NZ=  1039 | sparsity=0.5190 | d_m=1.1011e+04
step 1122 | acc=0.6820 | NZ=  1038 | sparsity=0.5194 | d_m=1.1027e+04
step 1123 | acc=0.6800 | NZ=  1037 | sparsity=0.5199 | d_m=1.1085e+04
step 1124 | acc=0.6790 | NZ=  1036 | sparsity=0.5204 | d_m=1.1106e+04
step 1125 | acc=0.6820 | NZ=  1035 | sparsity=0.5208 | d_m=1.1053e+04
step 1126 | acc=0.6820 | NZ=  1034 | sparsity=0.5213 | d_m=1.1126e+04
step 1127 | acc=0.6830 | NZ=  1033 | sparsity=0.5218 | d_m=1.1170e+04
step 1128 | acc=0.6830 | NZ=  1032 | sparsity=0.5222 | d_m=1.1162e+04
step 1129 | acc=0.6840 | NZ=  1031 | sparsity=0.5227 | d_m=1.1155e+04
step 1130 | acc=0.6840 | NZ=  1030 | sparsity=0.5231 | d_m=1.1188e+04
step 1131 | acc=0.6840 | NZ=  1029 | sparsity=0.5236 | d_m=1.1184e+04
step 1132 | acc=0.6840 | NZ=  1028 | sparsity=0.5241 | d_m=1.1236e+04
step 1133 | acc=0.6820 | NZ=  1027 | sparsity=0.5245 | d_m=1.1281e+04
step 1134 | acc=0.6820 | NZ=  1026 | sparsity=0.5250 | d_m=1.1190e+04
step 1135 | acc=0.6860 | NZ=  1025 | sparsity=0.5255 | d_m=1.1249e+04
step 1136 | acc=0.6830 | NZ=  1024 | sparsity=0.5259 | d_m=1.1333e+04
step 1137 | acc=0.6840 | NZ=  1023 | sparsity=0.5264 | d_m=1.1371e+04
step 1138 | acc=0.6820 | NZ=  1022 | sparsity=0.5269 | d_m=1.1438e+04
step 1139 | acc=0.6840 | NZ=  1021 | sparsity=0.5273 | d_m=1.1456e+04
step 1140 | acc=0.6850 | NZ=  1020 | sparsity=0.5278 | d_m=1.1575e+04
step 1141 | acc=0.6850 | NZ=  1019 | sparsity=0.5282 | d_m=1.1643e+04
step 1142 | acc=0.6850 | NZ=  1018 | sparsity=0.5287 | d_m=1.1675e+04
step 1143 | acc=0.6840 | NZ=  1017 | sparsity=0.5292 | d_m=1.1777e+04
step 1144 | acc=0.6800 | NZ=  1016 | sparsity=0.5296 | d_m=1.1799e+04
step 1145 | acc=0.6790 | NZ=  1015 | sparsity=0.5301 | d_m=1.1752e+04
step 1146 | acc=0.6790 | NZ=  1014 | sparsity=0.5306 | d_m=1.1869e+04
step 1147 | acc=0.6820 | NZ=  1013 | sparsity=0.5310 | d_m=1.1960e+04
step 1148 | acc=0.6830 | NZ=  1012 | sparsity=0.5315 | d_m=1.2009e+04
step 1149 | acc=0.6810 | NZ=  1011 | sparsity=0.5319 | d_m=1.1915e+04
step 1150 | acc=0.6800 | NZ=  1010 | sparsity=0.5324 | d_m=1.2002e+04
step 1151 | acc=0.6780 | NZ=  1009 | sparsity=0.5329 | d_m=1.1998e+04
step 1152 | acc=0.6780 | NZ=  1008 | sparsity=0.5333 | d_m=1.2074e+04
step 1153 | acc=0.6760 | NZ=  1007 | sparsity=0.5338 | d_m=1.2182e+04
step 1154 | acc=0.6770 | NZ=  1006 | sparsity=0.5343 | d_m=1.2315e+04
step 1155 | acc=0.6780 | NZ=  1005 | sparsity=0.5347 | d_m=1.2455e+04
step 1156 | acc=0.6780 | NZ=  1004 | sparsity=0.5352 | d_m=1.2478e+04
step 1157 | acc=0.6780 | NZ=  1003 | sparsity=0.5356 | d_m=1.2545e+04
step 1158 | acc=0.6790 | NZ=  1002 | sparsity=0.5361 | d_m=1.2628e+04
step 1159 | acc=0.6800 | NZ=  1001 | sparsity=0.5366 | d_m=1.2670e+04
step 1160 | acc=0.6790 | NZ=  1000 | sparsity=0.5370 | d_m=1.2672e+04
step 1161 | acc=0.6780 | NZ=   999 | sparsity=0.5375 | d_m=1.2651e+04
step 1162 | acc=0.6780 | NZ=   998 | sparsity=0.5380 | d_m=1.2750e+04
step 1163 | acc=0.6770 | NZ=   997 | sparsity=0.5384 | d_m=1.2853e+04
step 1164 | acc=0.6780 | NZ=   996 | sparsity=0.5389 | d_m=1.2836e+04
step 1165 | acc=0.6760 | NZ=   995 | sparsity=0.5394 | d_m=1.2921e+04
step 1166 | acc=0.6740 | NZ=   994 | sparsity=0.5398 | d_m=1.2952e+04
step 1167 | acc=0.6730 | NZ=   993 | sparsity=0.5403 | d_m=1.2964e+04
step 1168 | acc=0.6710 | NZ=   992 | sparsity=0.5407 | d_m=1.3054e+04
step 1169 | acc=0.6680 | NZ=   991 | sparsity=0.5412 | d_m=1.3096e+04
step 1170 | acc=0.6680 | NZ=   990 | sparsity=0.5417 | d_m=1.3171e+04
step 1171 | acc=0.6650 | NZ=   989 | sparsity=0.5421 | d_m=1.3216e+04
step 1172 | acc=0.6650 | NZ=   988 | sparsity=0.5426 | d_m=1.3328e+04
step 1173 | acc=0.6670 | NZ=   987 | sparsity=0.5431 | d_m=1.3425e+04
step 1174 | acc=0.6660 | NZ=   986 | sparsity=0.5435 | d_m=1.3491e+04
step 1175 | acc=0.6680 | NZ=   985 | sparsity=0.5440 | d_m=1.3483e+04
step 1176 | acc=0.6660 | NZ=   984 | sparsity=0.5444 | d_m=1.3510e+04
step 1177 | acc=0.6660 | NZ=   983 | sparsity=0.5449 | d_m=1.3533e+04
step 1178 | acc=0.6660 | NZ=   982 | sparsity=0.5454 | d_m=1.3623e+04
step 1179 | acc=0.6670 | NZ=   981 | sparsity=0.5458 | d_m=1.3566e+04
step 1180 | acc=0.6660 | NZ=   980 | sparsity=0.5463 | d_m=1.3647e+04
step 1181 | acc=0.6600 | NZ=   979 | sparsity=0.5468 | d_m=1.3710e+04
step 1182 | acc=0.6610 | NZ=   978 | sparsity=0.5472 | d_m=1.3796e+04
step 1183 | acc=0.6600 | NZ=   977 | sparsity=0.5477 | d_m=1.3907e+04
step 1184 | acc=0.6610 | NZ=   976 | sparsity=0.5481 | d_m=1.4032e+04
step 1185 | acc=0.6630 | NZ=   975 | sparsity=0.5486 | d_m=1.4182e+04
step 1186 | acc=0.6630 | NZ=   974 | sparsity=0.5491 | d_m=1.4282e+04
step 1187 | acc=0.6610 | NZ=   973 | sparsity=0.5495 | d_m=1.4365e+04
step 1188 | acc=0.6600 | NZ=   972 | sparsity=0.5500 | d_m=1.4296e+04
step 1189 | acc=0.6610 | NZ=   971 | sparsity=0.5505 | d_m=1.4441e+04
step 1190 | acc=0.6610 | NZ=   970 | sparsity=0.5509 | d_m=1.4539e+04
step 1191 | acc=0.6630 | NZ=   969 | sparsity=0.5514 | d_m=1.4555e+04
step 1192 | acc=0.6620 | NZ=   968 | sparsity=0.5519 | d_m=1.4677e+04
step 1193 | acc=0.6630 | NZ=   967 | sparsity=0.5523 | d_m=1.4673e+04
step 1194 | acc=0.6590 | NZ=   966 | sparsity=0.5528 | d_m=1.4633e+04
step 1195 | acc=0.6600 | NZ=   965 | sparsity=0.5532 | d_m=1.4708e+04
step 1196 | acc=0.6600 | NZ=   964 | sparsity=0.5537 | d_m=1.4793e+04
step 1197 | acc=0.6580 | NZ=   963 | sparsity=0.5542 | d_m=1.4901e+04
step 1198 | acc=0.6590 | NZ=   962 | sparsity=0.5546 | d_m=1.4851e+04
step 1199 | acc=0.6580 | NZ=   961 | sparsity=0.5551 | d_m=1.4945e+04
step 1200 | acc=0.6570 | NZ=   960 | sparsity=0.5556 | d_m=1.5056e+04
step 1201 | acc=0.6560 | NZ=   959 | sparsity=0.5560 | d_m=1.5126e+04
step 1202 | acc=0.6550 | NZ=   958 | sparsity=0.5565 | d_m=1.5125e+04
step 1203 | acc=0.6540 | NZ=   957 | sparsity=0.5569 | d_m=1.5193e+04
step 1204 | acc=0.6550 | NZ=   956 | sparsity=0.5574 | d_m=1.5338e+04
step 1205 | acc=0.6560 | NZ=   955 | sparsity=0.5579 | d_m=1.5350e+04
step 1206 | acc=0.6550 | NZ=   954 | sparsity=0.5583 | d_m=1.5437e+04
step 1207 | acc=0.6560 | NZ=   953 | sparsity=0.5588 | d_m=1.5561e+04
step 1208 | acc=0.6550 | NZ=   952 | sparsity=0.5593 | d_m=1.5676e+04
step 1209 | acc=0.6550 | NZ=   951 | sparsity=0.5597 | d_m=1.5776e+04
step 1210 | acc=0.6550 | NZ=   950 | sparsity=0.5602 | d_m=1.5884e+04
step 1211 | acc=0.6560 | NZ=   949 | sparsity=0.5606 | d_m=1.6025e+04
step 1212 | acc=0.6560 | NZ=   948 | sparsity=0.5611 | d_m=1.5988e+04
step 1213 | acc=0.6560 | NZ=   947 | sparsity=0.5616 | d_m=1.5990e+04
step 1214 | acc=0.6550 | NZ=   946 | sparsity=0.5620 | d_m=1.6067e+04
step 1215 | acc=0.6560 | NZ=   945 | sparsity=0.5625 | d_m=1.6095e+04
step 1216 | acc=0.6560 | NZ=   944 | sparsity=0.5630 | d_m=1.6132e+04
step 1217 | acc=0.6550 | NZ=   943 | sparsity=0.5634 | d_m=1.6101e+04
step 1218 | acc=0.6540 | NZ=   942 | sparsity=0.5639 | d_m=1.6118e+04
step 1219 | acc=0.6530 | NZ=   941 | sparsity=0.5644 | d_m=1.6143e+04
step 1220 | acc=0.6540 | NZ=   940 | sparsity=0.5648 | d_m=1.6202e+04
step 1221 | acc=0.6510 | NZ=   939 | sparsity=0.5653 | d_m=1.6259e+04
step 1222 | acc=0.6530 | NZ=   938 | sparsity=0.5657 | d_m=1.6383e+04
step 1223 | acc=0.6530 | NZ=   937 | sparsity=0.5662 | d_m=1.6353e+04
step 1224 | acc=0.6540 | NZ=   936 | sparsity=0.5667 | d_m=1.6501e+04
step 1225 | acc=0.6540 | NZ=   935 | sparsity=0.5671 | d_m=1.6504e+04
step 1226 | acc=0.6540 | NZ=   934 | sparsity=0.5676 | d_m=1.6628e+04
step 1227 | acc=0.6540 | NZ=   933 | sparsity=0.5681 | d_m=1.6703e+04
step 1228 | acc=0.6560 | NZ=   932 | sparsity=0.5685 | d_m=1.6801e+04
step 1229 | acc=0.6580 | NZ=   931 | sparsity=0.5690 | d_m=1.6862e+04
step 1230 | acc=0.6590 | NZ=   930 | sparsity=0.5694 | d_m=1.6900e+04
step 1231 | acc=0.6600 | NZ=   929 | sparsity=0.5699 | d_m=1.6983e+04
step 1232 | acc=0.6590 | NZ=   928 | sparsity=0.5704 | d_m=1.7008e+04
step 1233 | acc=0.6610 | NZ=   927 | sparsity=0.5708 | d_m=1.7029e+04
step 1234 | acc=0.6630 | NZ=   926 | sparsity=0.5713 | d_m=1.7003e+04
step 1235 | acc=0.6590 | NZ=   925 | sparsity=0.5718 | d_m=1.7112e+04
step 1236 | acc=0.6580 | NZ=   924 | sparsity=0.5722 | d_m=1.7209e+04
step 1237 | acc=0.6590 | NZ=   923 | sparsity=0.5727 | d_m=1.7214e+04
step 1238 | acc=0.6580 | NZ=   922 | sparsity=0.5731 | d_m=1.7364e+04
step 1239 | acc=0.6630 | NZ=   921 | sparsity=0.5736 | d_m=1.7356e+04
step 1240 | acc=0.6640 | NZ=   920 | sparsity=0.5741 | d_m=1.7452e+04
step 1241 | acc=0.6560 | NZ=   919 | sparsity=0.5745 | d_m=1.7475e+04
step 1242 | acc=0.6580 | NZ=   918 | sparsity=0.5750 | d_m=1.7515e+04
step 1243 | acc=0.6540 | NZ=   917 | sparsity=0.5755 | d_m=1.7603e+04
step 1244 | acc=0.6540 | NZ=   916 | sparsity=0.5759 | d_m=1.7432e+04
step 1245 | acc=0.6520 | NZ=   915 | sparsity=0.5764 | d_m=1.7482e+04
step 1246 | acc=0.6540 | NZ=   914 | sparsity=0.5769 | d_m=1.7610e+04
step 1247 | acc=0.6530 | NZ=   913 | sparsity=0.5773 | d_m=1.7496e+04
step 1248 | acc=0.6520 | NZ=   912 | sparsity=0.5778 | d_m=1.7735e+04
step 1249 | acc=0.6500 | NZ=   911 | sparsity=0.5782 | d_m=1.7844e+04
step 1250 | acc=0.6490 | NZ=   910 | sparsity=0.5787 | d_m=1.7992e+04
step 1251 | acc=0.6490 | NZ=   909 | sparsity=0.5792 | d_m=1.8072e+04
step 1252 | acc=0.6500 | NZ=   908 | sparsity=0.5796 | d_m=1.8084e+04
step 1253 | acc=0.6500 | NZ=   907 | sparsity=0.5801 | d_m=1.8118e+04
step 1254 | acc=0.6500 | NZ=   906 | sparsity=0.5806 | d_m=1.8130e+04
step 1255 | acc=0.6510 | NZ=   905 | sparsity=0.5810 | d_m=1.8263e+04
step 1256 | acc=0.6490 | NZ=   904 | sparsity=0.5815 | d_m=1.8437e+04
step 1257 | acc=0.6460 | NZ=   903 | sparsity=0.5819 | d_m=1.8601e+04
step 1258 | acc=0.6510 | NZ=   902 | sparsity=0.5824 | d_m=1.8480e+04
step 1259 | acc=0.6510 | NZ=   901 | sparsity=0.5829 | d_m=1.8499e+04
step 1260 | acc=0.6500 | NZ=   900 | sparsity=0.5833 | d_m=1.8615e+04
step 1261 | acc=0.6450 | NZ=   899 | sparsity=0.5838 | d_m=1.8735e+04
step 1262 | acc=0.6460 | NZ=   898 | sparsity=0.5843 | d_m=1.8738e+04
step 1263 | acc=0.6470 | NZ=   897 | sparsity=0.5847 | d_m=1.8810e+04
step 1264 | acc=0.6450 | NZ=   896 | sparsity=0.5852 | d_m=1.8822e+04
step 1265 | acc=0.6420 | NZ=   895 | sparsity=0.5856 | d_m=1.8860e+04
step 1266 | acc=0.6450 | NZ=   894 | sparsity=0.5861 | d_m=1.9011e+04
step 1267 | acc=0.6460 | NZ=   893 | sparsity=0.5866 | d_m=1.9151e+04
step 1268 | acc=0.6470 | NZ=   892 | sparsity=0.5870 | d_m=1.9219e+04
step 1269 | acc=0.6420 | NZ=   891 | sparsity=0.5875 | d_m=1.9209e+04
step 1270 | acc=0.6430 | NZ=   890 | sparsity=0.5880 | d_m=1.9248e+04
step 1271 | acc=0.6420 | NZ=   889 | sparsity=0.5884 | d_m=1.9292e+04
step 1272 | acc=0.6410 | NZ=   888 | sparsity=0.5889 | d_m=1.9325e+04
step 1273 | acc=0.6400 | NZ=   887 | sparsity=0.5894 | d_m=1.9311e+04
step 1274 | acc=0.6420 | NZ=   886 | sparsity=0.5898 | d_m=1.9321e+04
step 1275 | acc=0.6410 | NZ=   885 | sparsity=0.5903 | d_m=1.9354e+04
step 1276 | acc=0.6430 | NZ=   884 | sparsity=0.5907 | d_m=1.9477e+04
step 1277 | acc=0.6410 | NZ=   883 | sparsity=0.5912 | d_m=1.9474e+04
step 1278 | acc=0.6380 | NZ=   882 | sparsity=0.5917 | d_m=1.9547e+04
step 1279 | acc=0.6350 | NZ=   881 | sparsity=0.5921 | d_m=1.9673e+04
step 1280 | acc=0.6370 | NZ=   880 | sparsity=0.5926 | d_m=1.9744e+04
step 1281 | acc=0.6360 | NZ=   879 | sparsity=0.5931 | d_m=1.9834e+04
step 1282 | acc=0.6330 | NZ=   878 | sparsity=0.5935 | d_m=1.9749e+04
step 1283 | acc=0.6350 | NZ=   877 | sparsity=0.5940 | d_m=1.9823e+04
step 1284 | acc=0.6350 | NZ=   876 | sparsity=0.5944 | d_m=1.9915e+04
step 1285 | acc=0.6340 | NZ=   875 | sparsity=0.5949 | d_m=2.0037e+04
step 1286 | acc=0.6330 | NZ=   874 | sparsity=0.5954 | d_m=2.0055e+04
step 1287 | acc=0.6340 | NZ=   873 | sparsity=0.5958 | d_m=2.0018e+04
step 1288 | acc=0.6340 | NZ=   872 | sparsity=0.5963 | d_m=2.0132e+04
step 1289 | acc=0.6390 | NZ=   871 | sparsity=0.5968 | d_m=2.0298e+04
step 1290 | acc=0.6360 | NZ=   870 | sparsity=0.5972 | d_m=2.0526e+04
step 1291 | acc=0.6350 | NZ=   869 | sparsity=0.5977 | d_m=2.0658e+04
step 1292 | acc=0.6370 | NZ=   868 | sparsity=0.5981 | d_m=2.0748e+04
step 1293 | acc=0.6380 | NZ=   867 | sparsity=0.5986 | d_m=2.0952e+04
step 1294 | acc=0.6360 | NZ=   866 | sparsity=0.5991 | d_m=2.1136e+04
step 1295 | acc=0.6370 | NZ=   865 | sparsity=0.5995 | d_m=2.1202e+04
step 1296 | acc=0.6390 | NZ=   864 | sparsity=0.6000 | d_m=2.1350e+04
step 1297 | acc=0.6390 | NZ=   863 | sparsity=0.6005 | d_m=2.1391e+04
step 1298 | acc=0.6400 | NZ=   862 | sparsity=0.6009 | d_m=2.1480e+04
step 1299 | acc=0.6400 | NZ=   861 | sparsity=0.6014 | d_m=2.1474e+04
step 1300 | acc=0.6360 | NZ=   860 | sparsity=0.6019 | d_m=2.1707e+04
step 1301 | acc=0.6390 | NZ=   859 | sparsity=0.6023 | d_m=2.1803e+04
step 1302 | acc=0.6350 | NZ=   858 | sparsity=0.6028 | d_m=2.1845e+04
step 1303 | acc=0.6360 | NZ=   857 | sparsity=0.6032 | d_m=2.1713e+04
step 1304 | acc=0.6420 | NZ=   856 | sparsity=0.6037 | d_m=2.1879e+04
step 1305 | acc=0.6430 | NZ=   855 | sparsity=0.6042 | d_m=2.1934e+04
step 1306 | acc=0.6450 | NZ=   854 | sparsity=0.6046 | d_m=2.1917e+04
step 1307 | acc=0.6420 | NZ=   853 | sparsity=0.6051 | d_m=2.2128e+04
step 1308 | acc=0.6440 | NZ=   852 | sparsity=0.6056 | d_m=2.2226e+04
step 1309 | acc=0.6450 | NZ=   851 | sparsity=0.6060 | d_m=2.2426e+04
step 1310 | acc=0.6400 | NZ=   850 | sparsity=0.6065 | d_m=2.2653e+04
step 1311 | acc=0.6400 | NZ=   849 | sparsity=0.6069 | d_m=2.2811e+04
step 1312 | acc=0.6390 | NZ=   848 | sparsity=0.6074 | d_m=2.2905e+04
step 1313 | acc=0.6380 | NZ=   847 | sparsity=0.6079 | d_m=2.3064e+04
step 1314 | acc=0.6380 | NZ=   846 | sparsity=0.6083 | d_m=2.3282e+04
step 1315 | acc=0.6380 | NZ=   845 | sparsity=0.6088 | d_m=2.3408e+04
step 1316 | acc=0.6370 | NZ=   844 | sparsity=0.6093 | d_m=2.3471e+04
step 1317 | acc=0.6390 | NZ=   843 | sparsity=0.6097 | d_m=2.3635e+04
step 1318 | acc=0.6390 | NZ=   842 | sparsity=0.6102 | d_m=2.3658e+04
step 1319 | acc=0.6390 | NZ=   841 | sparsity=0.6106 | d_m=2.3634e+04
step 1320 | acc=0.6370 | NZ=   840 | sparsity=0.6111 | d_m=2.3667e+04
step 1321 | acc=0.6430 | NZ=   839 | sparsity=0.6116 | d_m=2.3674e+04
step 1322 | acc=0.6420 | NZ=   838 | sparsity=0.6120 | d_m=2.3612e+04
step 1323 | acc=0.6400 | NZ=   837 | sparsity=0.6125 | d_m=2.3474e+04
step 1324 | acc=0.6380 | NZ=   836 | sparsity=0.6130 | d_m=2.3721e+04
step 1325 | acc=0.6420 | NZ=   835 | sparsity=0.6134 | d_m=2.3876e+04
step 1326 | acc=0.6400 | NZ=   834 | sparsity=0.6139 | d_m=2.4083e+04
step 1327 | acc=0.6430 | NZ=   833 | sparsity=0.6144 | d_m=2.4346e+04
step 1328 | acc=0.6420 | NZ=   832 | sparsity=0.6148 | d_m=2.4556e+04
step 1329 | acc=0.6430 | NZ=   831 | sparsity=0.6153 | d_m=2.4818e+04
step 1330 | acc=0.6410 | NZ=   830 | sparsity=0.6157 | d_m=2.4998e+04
step 1331 | acc=0.6420 | NZ=   829 | sparsity=0.6162 | d_m=2.5186e+04
step 1332 | acc=0.6430 | NZ=   828 | sparsity=0.6167 | d_m=2.5422e+04
step 1333 | acc=0.6400 | NZ=   827 | sparsity=0.6171 | d_m=2.5551e+04
step 1334 | acc=0.6410 | NZ=   826 | sparsity=0.6176 | d_m=2.5756e+04
step 1335 | acc=0.6420 | NZ=   825 | sparsity=0.6181 | d_m=2.5875e+04
step 1336 | acc=0.6430 | NZ=   824 | sparsity=0.6185 | d_m=2.5894e+04
step 1337 | acc=0.6430 | NZ=   823 | sparsity=0.6190 | d_m=2.6069e+04
step 1338 | acc=0.6430 | NZ=   822 | sparsity=0.6194 | d_m=2.6173e+04
step 1339 | acc=0.6430 | NZ=   821 | sparsity=0.6199 | d_m=2.6316e+04
step 1340 | acc=0.6420 | NZ=   820 | sparsity=0.6204 | d_m=2.6432e+04
step 1341 | acc=0.6420 | NZ=   819 | sparsity=0.6208 | d_m=2.6634e+04
step 1342 | acc=0.6410 | NZ=   818 | sparsity=0.6213 | d_m=2.6707e+04
step 1343 | acc=0.6410 | NZ=   817 | sparsity=0.6218 | d_m=2.6801e+04
step 1344 | acc=0.6410 | NZ=   816 | sparsity=0.6222 | d_m=2.6879e+04
step 1345 | acc=0.6420 | NZ=   815 | sparsity=0.6227 | d_m=2.6735e+04
step 1346 | acc=0.6450 | NZ=   814 | sparsity=0.6231 | d_m=2.6831e+04
step 1347 | acc=0.6470 | NZ=   813 | sparsity=0.6236 | d_m=2.6912e+04
step 1348 | acc=0.6470 | NZ=   812 | sparsity=0.6241 | d_m=2.7007e+04
step 1349 | acc=0.6490 | NZ=   811 | sparsity=0.6245 | d_m=2.7228e+04
step 1350 | acc=0.6440 | NZ=   810 | sparsity=0.6250 | d_m=2.7373e+04
step 1351 | acc=0.6430 | NZ=   809 | sparsity=0.6255 | d_m=2.7468e+04
step 1352 | acc=0.6400 | NZ=   808 | sparsity=0.6259 | d_m=2.7534e+04
step 1353 | acc=0.6370 | NZ=   807 | sparsity=0.6264 | d_m=2.7714e+04
step 1354 | acc=0.6370 | NZ=   806 | sparsity=0.6269 | d_m=2.7806e+04
step 1355 | acc=0.6400 | NZ=   805 | sparsity=0.6273 | d_m=2.7881e+04
step 1356 | acc=0.6390 | NZ=   804 | sparsity=0.6278 | d_m=2.8021e+04
step 1357 | acc=0.6430 | NZ=   803 | sparsity=0.6282 | d_m=2.8050e+04
step 1358 | acc=0.6410 | NZ=   802 | sparsity=0.6287 | d_m=2.7976e+04
step 1359 | acc=0.6380 | NZ=   801 | sparsity=0.6292 | d_m=2.8075e+04
step 1360 | acc=0.6390 | NZ=   800 | sparsity=0.6296 | d_m=2.8100e+04
step 1361 | acc=0.6400 | NZ=   799 | sparsity=0.6301 | d_m=2.8326e+04
step 1362 | acc=0.6370 | NZ=   798 | sparsity=0.6306 | d_m=2.8405e+04
step 1363 | acc=0.6390 | NZ=   797 | sparsity=0.6310 | d_m=2.8610e+04
step 1364 | acc=0.6400 | NZ=   796 | sparsity=0.6315 | d_m=2.8686e+04
step 1365 | acc=0.6390 | NZ=   795 | sparsity=0.6319 | d_m=2.8738e+04
step 1366 | acc=0.6370 | NZ=   794 | sparsity=0.6324 | d_m=2.8893e+04
step 1367 | acc=0.6380 | NZ=   793 | sparsity=0.6329 | d_m=2.8955e+04
step 1368 | acc=0.6350 | NZ=   792 | sparsity=0.6333 | d_m=2.8971e+04
step 1369 | acc=0.6360 | NZ=   791 | sparsity=0.6338 | d_m=2.8954e+04
step 1370 | acc=0.6330 | NZ=   790 | sparsity=0.6343 | d_m=2.9212e+04
step 1371 | acc=0.6320 | NZ=   789 | sparsity=0.6347 | d_m=2.9267e+04
step 1372 | acc=0.6310 | NZ=   788 | sparsity=0.6352 | d_m=2.9580e+04
step 1373 | acc=0.6310 | NZ=   787 | sparsity=0.6356 | d_m=2.9749e+04
step 1374 | acc=0.6280 | NZ=   786 | sparsity=0.6361 | d_m=2.9961e+04
step 1375 | acc=0.6260 | NZ=   785 | sparsity=0.6366 | d_m=3.0052e+04
step 1376 | acc=0.6260 | NZ=   784 | sparsity=0.6370 | d_m=3.0255e+04
step 1377 | acc=0.6270 | NZ=   783 | sparsity=0.6375 | d_m=3.0396e+04
step 1378 | acc=0.6270 | NZ=   782 | sparsity=0.6380 | d_m=3.0386e+04
step 1379 | acc=0.6260 | NZ=   781 | sparsity=0.6384 | d_m=3.0454e+04
step 1380 | acc=0.6250 | NZ=   780 | sparsity=0.6389 | d_m=3.0260e+04
step 1381 | acc=0.6270 | NZ=   779 | sparsity=0.6394 | d_m=3.0357e+04
step 1382 | acc=0.6260 | NZ=   778 | sparsity=0.6398 | d_m=3.0144e+04
step 1383 | acc=0.6260 | NZ=   777 | sparsity=0.6403 | d_m=3.0312e+04
step 1384 | acc=0.6250 | NZ=   776 | sparsity=0.6407 | d_m=3.0203e+04
step 1385 | acc=0.6210 | NZ=   775 | sparsity=0.6412 | d_m=3.0523e+04
step 1386 | acc=0.6220 | NZ=   774 | sparsity=0.6417 | d_m=3.0753e+04
step 1387 | acc=0.6200 | NZ=   773 | sparsity=0.6421 | d_m=3.0940e+04
step 1388 | acc=0.6200 | NZ=   772 | sparsity=0.6426 | d_m=3.1093e+04
step 1389 | acc=0.6230 | NZ=   771 | sparsity=0.6431 | d_m=3.1125e+04
step 1390 | acc=0.6270 | NZ=   770 | sparsity=0.6435 | d_m=3.1280e+04
step 1391 | acc=0.6250 | NZ=   769 | sparsity=0.6440 | d_m=3.1546e+04
step 1392 | acc=0.6220 | NZ=   768 | sparsity=0.6444 | d_m=3.1705e+04
step 1393 | acc=0.6190 | NZ=   767 | sparsity=0.6449 | d_m=3.1669e+04
step 1394 | acc=0.6200 | NZ=   766 | sparsity=0.6454 | d_m=3.1781e+04
step 1395 | acc=0.6300 | NZ=   765 | sparsity=0.6458 | d_m=3.1794e+04
step 1396 | acc=0.6260 | NZ=   764 | sparsity=0.6463 | d_m=3.1811e+04
step 1397 | acc=0.6270 | NZ=   763 | sparsity=0.6468 | d_m=3.1814e+04
step 1398 | acc=0.6260 | NZ=   762 | sparsity=0.6472 | d_m=3.1842e+04
step 1399 | acc=0.6270 | NZ=   761 | sparsity=0.6477 | d_m=3.1728e+04
step 1400 | acc=0.6270 | NZ=   760 | sparsity=0.6481 | d_m=3.1936e+04
step 1401 | acc=0.6290 | NZ=   759 | sparsity=0.6486 | d_m=3.2266e+04
step 1402 | acc=0.6320 | NZ=   758 | sparsity=0.6491 | d_m=3.2481e+04
step 1403 | acc=0.6360 | NZ=   757 | sparsity=0.6495 | d_m=3.2590e+04
step 1404 | acc=0.6370 | NZ=   756 | sparsity=0.6500 | d_m=3.2641e+04
step 1405 | acc=0.6370 | NZ=   755 | sparsity=0.6505 | d_m=3.2697e+04
step 1406 | acc=0.6370 | NZ=   754 | sparsity=0.6509 | d_m=3.3005e+04
step 1407 | acc=0.6380 | NZ=   753 | sparsity=0.6514 | d_m=3.3326e+04
step 1408 | acc=0.6330 | NZ=   752 | sparsity=0.6519 | d_m=3.3739e+04
step 1409 | acc=0.6340 | NZ=   751 | sparsity=0.6523 | d_m=3.3992e+04
step 1410 | acc=0.6320 | NZ=   750 | sparsity=0.6528 | d_m=3.3890e+04
step 1411 | acc=0.6320 | NZ=   749 | sparsity=0.6532 | d_m=3.4016e+04
step 1412 | acc=0.6360 | NZ=   748 | sparsity=0.6537 | d_m=3.4203e+04
step 1413 | acc=0.6350 | NZ=   747 | sparsity=0.6542 | d_m=3.4383e+04
step 1414 | acc=0.6360 | NZ=   746 | sparsity=0.6546 | d_m=3.4624e+04
step 1415 | acc=0.6320 | NZ=   745 | sparsity=0.6551 | d_m=3.4674e+04
step 1416 | acc=0.6340 | NZ=   744 | sparsity=0.6556 | d_m=3.4630e+04
step 1417 | acc=0.6340 | NZ=   743 | sparsity=0.6560 | d_m=3.4722e+04
step 1418 | acc=0.6350 | NZ=   742 | sparsity=0.6565 | d_m=3.4761e+04
step 1419 | acc=0.6320 | NZ=   741 | sparsity=0.6569 | d_m=3.4702e+04
step 1420 | acc=0.6340 | NZ=   740 | sparsity=0.6574 | d_m=3.4986e+04
step 1421 | acc=0.6350 | NZ=   739 | sparsity=0.6579 | d_m=3.5210e+04
step 1422 | acc=0.6370 | NZ=   738 | sparsity=0.6583 | d_m=3.5509e+04
step 1423 | acc=0.6360 | NZ=   737 | sparsity=0.6588 | d_m=3.5922e+04
step 1424 | acc=0.6360 | NZ=   736 | sparsity=0.6593 | d_m=3.5979e+04
step 1425 | acc=0.6380 | NZ=   735 | sparsity=0.6597 | d_m=3.6214e+04
step 1426 | acc=0.6380 | NZ=   734 | sparsity=0.6602 | d_m=3.6550e+04
step 1427 | acc=0.6380 | NZ=   733 | sparsity=0.6606 | d_m=3.6866e+04
step 1428 | acc=0.6380 | NZ=   732 | sparsity=0.6611 | d_m=3.6960e+04
step 1429 | acc=0.6350 | NZ=   731 | sparsity=0.6616 | d_m=3.6984e+04
step 1430 | acc=0.6360 | NZ=   730 | sparsity=0.6620 | d_m=3.7036e+04
step 1431 | acc=0.6360 | NZ=   729 | sparsity=0.6625 | d_m=3.7371e+04
step 1432 | acc=0.6330 | NZ=   728 | sparsity=0.6630 | d_m=3.7634e+04
step 1433 | acc=0.6340 | NZ=   727 | sparsity=0.6634 | d_m=3.7943e+04
step 1434 | acc=0.6360 | NZ=   726 | sparsity=0.6639 | d_m=3.8176e+04
step 1435 | acc=0.6340 | NZ=   725 | sparsity=0.6644 | d_m=3.8420e+04
step 1436 | acc=0.6320 | NZ=   724 | sparsity=0.6648 | d_m=3.8612e+04
step 1437 | acc=0.6320 | NZ=   723 | sparsity=0.6653 | d_m=3.8689e+04
step 1438 | acc=0.6360 | NZ=   722 | sparsity=0.6657 | d_m=3.8794e+04
step 1439 | acc=0.6360 | NZ=   721 | sparsity=0.6662 | d_m=3.8935e+04
step 1440 | acc=0.6370 | NZ=   720 | sparsity=0.6667 | d_m=3.9291e+04
step 1441 | acc=0.6400 | NZ=   719 | sparsity=0.6671 | d_m=3.9509e+04
step 1442 | acc=0.6380 | NZ=   718 | sparsity=0.6676 | d_m=3.9910e+04
step 1443 | acc=0.6330 | NZ=   717 | sparsity=0.6681 | d_m=4.0183e+04
step 1444 | acc=0.6300 | NZ=   716 | sparsity=0.6685 | d_m=4.0367e+04
step 1445 | acc=0.6350 | NZ=   715 | sparsity=0.6690 | d_m=4.0412e+04
step 1446 | acc=0.6350 | NZ=   714 | sparsity=0.6694 | d_m=4.0726e+04
step 1447 | acc=0.6390 | NZ=   713 | sparsity=0.6699 | d_m=4.1165e+04
step 1448 | acc=0.6400 | NZ=   712 | sparsity=0.6704 | d_m=4.1144e+04
step 1449 | acc=0.6370 | NZ=   711 | sparsity=0.6708 | d_m=4.1277e+04
step 1450 | acc=0.6330 | NZ=   710 | sparsity=0.6713 | d_m=4.1509e+04
step 1451 | acc=0.6330 | NZ=   709 | sparsity=0.6718 | d_m=4.1620e+04
step 1452 | acc=0.6320 | NZ=   708 | sparsity=0.6722 | d_m=4.1973e+04
step 1453 | acc=0.6370 | NZ=   707 | sparsity=0.6727 | d_m=4.2351e+04
step 1454 | acc=0.6350 | NZ=   706 | sparsity=0.6731 | d_m=4.2643e+04
step 1455 | acc=0.6330 | NZ=   705 | sparsity=0.6736 | d_m=4.2625e+04
step 1456 | acc=0.6360 | NZ=   704 | sparsity=0.6741 | d_m=4.2762e+04
step 1457 | acc=0.6320 | NZ=   703 | sparsity=0.6745 | d_m=4.3021e+04
step 1458 | acc=0.6360 | NZ=   702 | sparsity=0.6750 | d_m=4.2907e+04
step 1459 | acc=0.6360 | NZ=   701 | sparsity=0.6755 | d_m=4.3407e+04
step 1460 | acc=0.6350 | NZ=   700 | sparsity=0.6759 | d_m=4.3714e+04
step 1461 | acc=0.6360 | NZ=   699 | sparsity=0.6764 | d_m=4.4067e+04
step 1462 | acc=0.6360 | NZ=   698 | sparsity=0.6769 | d_m=4.4068e+04
step 1463 | acc=0.6340 | NZ=   697 | sparsity=0.6773 | d_m=4.4289e+04
step 1464 | acc=0.6320 | NZ=   696 | sparsity=0.6778 | d_m=4.4611e+04
step 1465 | acc=0.6320 | NZ=   695 | sparsity=0.6782 | d_m=4.4648e+04
step 1466 | acc=0.6320 | NZ=   694 | sparsity=0.6787 | d_m=4.4570e+04
step 1467 | acc=0.6310 | NZ=   693 | sparsity=0.6792 | d_m=4.4991e+04
step 1468 | acc=0.6300 | NZ=   692 | sparsity=0.6796 | d_m=4.5372e+04
step 1469 | acc=0.6300 | NZ=   691 | sparsity=0.6801 | d_m=4.5729e+04
step 1470 | acc=0.6290 | NZ=   690 | sparsity=0.6806 | d_m=4.6021e+04
step 1471 | acc=0.6290 | NZ=   689 | sparsity=0.6810 | d_m=4.5983e+04
step 1472 | acc=0.6290 | NZ=   688 | sparsity=0.6815 | d_m=4.6359e+04
step 1473 | acc=0.6300 | NZ=   687 | sparsity=0.6819 | d_m=4.6202e+04
step 1474 | acc=0.6250 | NZ=   686 | sparsity=0.6824 | d_m=4.6705e+04
step 1475 | acc=0.6240 | NZ=   685 | sparsity=0.6829 | d_m=4.7043e+04
step 1476 | acc=0.6280 | NZ=   684 | sparsity=0.6833 | d_m=4.7428e+04
step 1477 | acc=0.6300 | NZ=   683 | sparsity=0.6838 | d_m=4.7467e+04
step 1478 | acc=0.6280 | NZ=   682 | sparsity=0.6843 | d_m=4.7638e+04
step 1479 | acc=0.6280 | NZ=   681 | sparsity=0.6847 | d_m=4.7699e+04
step 1480 | acc=0.6220 | NZ=   680 | sparsity=0.6852 | d_m=4.7850e+04
step 1481 | acc=0.6290 | NZ=   679 | sparsity=0.6856 | d_m=4.8017e+04
step 1482 | acc=0.6320 | NZ=   678 | sparsity=0.6861 | d_m=4.8010e+04
step 1483 | acc=0.6310 | NZ=   677 | sparsity=0.6866 | d_m=4.7906e+04
step 1484 | acc=0.6300 | NZ=   676 | sparsity=0.6870 | d_m=4.8277e+04
step 1485 | acc=0.6290 | NZ=   675 | sparsity=0.6875 | d_m=4.8349e+04
step 1486 | acc=0.6290 | NZ=   674 | sparsity=0.6880 | d_m=4.8834e+04
step 1487 | acc=0.6260 | NZ=   673 | sparsity=0.6884 | d_m=4.9086e+04
step 1488 | acc=0.6300 | NZ=   672 | sparsity=0.6889 | d_m=4.9251e+04
step 1489 | acc=0.6330 | NZ=   671 | sparsity=0.6894 | d_m=4.9837e+04
step 1490 | acc=0.6340 | NZ=   670 | sparsity=0.6898 | d_m=5.0378e+04
step 1491 | acc=0.6320 | NZ=   669 | sparsity=0.6903 | d_m=5.0542e+04
step 1492 | acc=0.6190 | NZ=   668 | sparsity=0.6907 | d_m=5.0366e+04
step 1493 | acc=0.6290 | NZ=   667 | sparsity=0.6912 | d_m=5.0517e+04
step 1494 | acc=0.6300 | NZ=   666 | sparsity=0.6917 | d_m=5.0790e+04
step 1495 | acc=0.6370 | NZ=   665 | sparsity=0.6921 | d_m=5.0822e+04
step 1496 | acc=0.6310 | NZ=   664 | sparsity=0.6926 | d_m=5.0927e+04
step 1497 | acc=0.6310 | NZ=   663 | sparsity=0.6931 | d_m=5.1026e+04
step 1498 | acc=0.6330 | NZ=   662 | sparsity=0.6935 | d_m=5.1009e+04
step 1499 | acc=0.6350 | NZ=   661 | sparsity=0.6940 | d_m=5.1049e+04
step 1500 | acc=0.6360 | NZ=   660 | sparsity=0.6944 | d_m=5.0986e+04
step 1501 | acc=0.6350 | NZ=   659 | sparsity=0.6949 | d_m=5.1212e+04
step 1502 | acc=0.6350 | NZ=   658 | sparsity=0.6954 | d_m=5.1337e+04
step 1503 | acc=0.6350 | NZ=   657 | sparsity=0.6958 | d_m=5.1287e+04
step 1504 | acc=0.6370 | NZ=   656 | sparsity=0.6963 | d_m=5.1622e+04
step 1505 | acc=0.6340 | NZ=   655 | sparsity=0.6968 | d_m=5.1748e+04
step 1506 | acc=0.6340 | NZ=   654 | sparsity=0.6972 | d_m=5.1930e+04
step 1507 | acc=0.6330 | NZ=   653 | sparsity=0.6977 | d_m=5.1727e+04
step 1508 | acc=0.6330 | NZ=   652 | sparsity=0.6981 | d_m=5.1777e+04
step 1509 | acc=0.6360 | NZ=   651 | sparsity=0.6986 | d_m=5.1785e+04
step 1510 | acc=0.6370 | NZ=   650 | sparsity=0.6991 | d_m=5.1971e+04
step 1511 | acc=0.6330 | NZ=   649 | sparsity=0.6995 | d_m=5.2036e+04
step 1512 | acc=0.6340 | NZ=   648 | sparsity=0.7000 | d_m=5.2135e+04
step 1513 | acc=0.6350 | NZ=   647 | sparsity=0.7005 | d_m=5.2015e+04
step 1514 | acc=0.6340 | NZ=   646 | sparsity=0.7009 | d_m=5.1945e+04
step 1515 | acc=0.6340 | NZ=   645 | sparsity=0.7014 | d_m=5.2119e+04
step 1516 | acc=0.6320 | NZ=   644 | sparsity=0.7019 | d_m=5.2207e+04
step 1517 | acc=0.6320 | NZ=   643 | sparsity=0.7023 | d_m=5.2504e+04
step 1518 | acc=0.6300 | NZ=   642 | sparsity=0.7028 | d_m=5.2877e+04
step 1519 | acc=0.6310 | NZ=   641 | sparsity=0.7032 | d_m=5.3420e+04
step 1520 | acc=0.6330 | NZ=   640 | sparsity=0.7037 | d_m=5.3584e+04
step 1521 | acc=0.6350 | NZ=   639 | sparsity=0.7042 | d_m=5.4104e+04
step 1522 | acc=0.6360 | NZ=   638 | sparsity=0.7046 | d_m=5.4242e+04
step 1523 | acc=0.6360 | NZ=   637 | sparsity=0.7051 | d_m=5.4447e+04
step 1524 | acc=0.6390 | NZ=   636 | sparsity=0.7056 | d_m=5.4958e+04
step 1525 | acc=0.6360 | NZ=   635 | sparsity=0.7060 | d_m=5.5324e+04
step 1526 | acc=0.6350 | NZ=   634 | sparsity=0.7065 | d_m=5.5444e+04
step 1527 | acc=0.6370 | NZ=   633 | sparsity=0.7069 | d_m=5.5481e+04
step 1528 | acc=0.6360 | NZ=   632 | sparsity=0.7074 | d_m=5.5611e+04
step 1529 | acc=0.6400 | NZ=   631 | sparsity=0.7079 | d_m=5.5966e+04
step 1530 | acc=0.6370 | NZ=   630 | sparsity=0.7083 | d_m=5.6415e+04
step 1531 | acc=0.6340 | NZ=   629 | sparsity=0.7088 | d_m=5.7036e+04
step 1532 | acc=0.6310 | NZ=   628 | sparsity=0.7093 | d_m=5.7223e+04
step 1533 | acc=0.6310 | NZ=   627 | sparsity=0.7097 | d_m=5.7187e+04
step 1534 | acc=0.6290 | NZ=   626 | sparsity=0.7102 | d_m=5.7310e+04
step 1535 | acc=0.6320 | NZ=   625 | sparsity=0.7106 | d_m=5.7741e+04
step 1536 | acc=0.6350 | NZ=   624 | sparsity=0.7111 | d_m=5.8250e+04
step 1537 | acc=0.6320 | NZ=   623 | sparsity=0.7116 | d_m=5.8840e+04
step 1538 | acc=0.6280 | NZ=   622 | sparsity=0.7120 | d_m=5.9111e+04
step 1539 | acc=0.6240 | NZ=   621 | sparsity=0.7125 | d_m=5.9252e+04
step 1540 | acc=0.6250 | NZ=   620 | sparsity=0.7130 | d_m=5.9225e+04
step 1541 | acc=0.6240 | NZ=   619 | sparsity=0.7134 | d_m=5.9630e+04
step 1542 | acc=0.6230 | NZ=   618 | sparsity=0.7139 | d_m=5.9945e+04
step 1543 | acc=0.6270 | NZ=   617 | sparsity=0.7144 | d_m=6.0183e+04
step 1544 | acc=0.6300 | NZ=   616 | sparsity=0.7148 | d_m=6.0470e+04
step 1545 | acc=0.6310 | NZ=   615 | sparsity=0.7153 | d_m=6.0351e+04
step 1546 | acc=0.6300 | NZ=   614 | sparsity=0.7157 | d_m=6.0670e+04
step 1547 | acc=0.6230 | NZ=   613 | sparsity=0.7162 | d_m=6.0854e+04
step 1548 | acc=0.6260 | NZ=   612 | sparsity=0.7167 | d_m=6.1441e+04
step 1549 | acc=0.6230 | NZ=   611 | sparsity=0.7171 | d_m=6.1760e+04
step 1550 | acc=0.6270 | NZ=   610 | sparsity=0.7176 | d_m=6.1836e+04
step 1551 | acc=0.6230 | NZ=   609 | sparsity=0.7181 | d_m=6.1788e+04
step 1552 | acc=0.6230 | NZ=   608 | sparsity=0.7185 | d_m=6.2398e+04
step 1553 | acc=0.6240 | NZ=   607 | sparsity=0.7190 | d_m=6.3148e+04
step 1554 | acc=0.6240 | NZ=   606 | sparsity=0.7194 | d_m=6.3839e+04
step 1555 | acc=0.6190 | NZ=   605 | sparsity=0.7199 | d_m=6.4395e+04
step 1556 | acc=0.6190 | NZ=   604 | sparsity=0.7204 | d_m=6.5211e+04
step 1557 | acc=0.6220 | NZ=   603 | sparsity=0.7208 | d_m=6.5538e+04
step 1558 | acc=0.6210 | NZ=   602 | sparsity=0.7213 | d_m=6.5284e+04
step 1559 | acc=0.6200 | NZ=   601 | sparsity=0.7218 | d_m=6.5413e+04
step 1560 | acc=0.6210 | NZ=   600 | sparsity=0.7222 | d_m=6.5532e+04
step 1561 | acc=0.6250 | NZ=   599 | sparsity=0.7227 | d_m=6.4856e+04
step 1562 | acc=0.6260 | NZ=   598 | sparsity=0.7231 | d_m=6.4972e+04
step 1563 | acc=0.6230 | NZ=   597 | sparsity=0.7236 | d_m=6.5185e+04
step 1564 | acc=0.6240 | NZ=   596 | sparsity=0.7241 | d_m=6.5589e+04
step 1565 | acc=0.6260 | NZ=   595 | sparsity=0.7245 | d_m=6.5771e+04
step 1566 | acc=0.6260 | NZ=   594 | sparsity=0.7250 | d_m=6.5914e+04
step 1567 | acc=0.6260 | NZ=   593 | sparsity=0.7255 | d_m=6.5961e+04
step 1568 | acc=0.6270 | NZ=   592 | sparsity=0.7259 | d_m=6.6728e+04
step 1569 | acc=0.6260 | NZ=   591 | sparsity=0.7264 | d_m=6.7223e+04
step 1570 | acc=0.6250 | NZ=   590 | sparsity=0.7269 | d_m=6.7243e+04
step 1571 | acc=0.6300 | NZ=   589 | sparsity=0.7273 | d_m=6.7264e+04
step 1572 | acc=0.6320 | NZ=   588 | sparsity=0.7278 | d_m=6.7414e+04
step 1573 | acc=0.6300 | NZ=   587 | sparsity=0.7282 | d_m=6.7183e+04
step 1574 | acc=0.6300 | NZ=   586 | sparsity=0.7287 | d_m=6.7057e+04
step 1575 | acc=0.6330 | NZ=   585 | sparsity=0.7292 | d_m=6.8011e+04
step 1576 | acc=0.6280 | NZ=   584 | sparsity=0.7296 | d_m=6.8686e+04
step 1577 | acc=0.6250 | NZ=   583 | sparsity=0.7301 | d_m=6.9157e+04
step 1578 | acc=0.6300 | NZ=   582 | sparsity=0.7306 | d_m=6.9989e+04
step 1579 | acc=0.6310 | NZ=   581 | sparsity=0.7310 | d_m=7.0401e+04
step 1580 | acc=0.6360 | NZ=   580 | sparsity=0.7315 | d_m=7.1272e+04
step 1581 | acc=0.6340 | NZ=   579 | sparsity=0.7319 | d_m=7.1354e+04
step 1582 | acc=0.6350 | NZ=   578 | sparsity=0.7324 | d_m=7.1767e+04
step 1583 | acc=0.6350 | NZ=   577 | sparsity=0.7329 | d_m=7.2074e+04
step 1584 | acc=0.6310 | NZ=   576 | sparsity=0.7333 | d_m=7.2312e+04
step 1585 | acc=0.6360 | NZ=   575 | sparsity=0.7338 | d_m=7.1953e+04
step 1586 | acc=0.6330 | NZ=   574 | sparsity=0.7343 | d_m=7.2079e+04
step 1587 | acc=0.6330 | NZ=   573 | sparsity=0.7347 | d_m=7.2382e+04
step 1588 | acc=0.6330 | NZ=   572 | sparsity=0.7352 | d_m=7.2302e+04
step 1589 | acc=0.6370 | NZ=   571 | sparsity=0.7356 | d_m=7.2209e+04
step 1590 | acc=0.6370 | NZ=   570 | sparsity=0.7361 | d_m=7.2439e+04
step 1591 | acc=0.6350 | NZ=   569 | sparsity=0.7366 | d_m=7.2364e+04
step 1592 | acc=0.6380 | NZ=   568 | sparsity=0.7370 | d_m=7.2521e+04
step 1593 | acc=0.6390 | NZ=   567 | sparsity=0.7375 | d_m=7.2575e+04
step 1594 | acc=0.6440 | NZ=   566 | sparsity=0.7380 | d_m=7.2876e+04
step 1595 | acc=0.6430 | NZ=   565 | sparsity=0.7384 | d_m=7.3695e+04
step 1596 | acc=0.6430 | NZ=   564 | sparsity=0.7389 | d_m=7.4071e+04
step 1597 | acc=0.6530 | NZ=   563 | sparsity=0.7394 | d_m=7.4194e+04
step 1598 | acc=0.6520 | NZ=   562 | sparsity=0.7398 | d_m=7.4399e+04
step 1599 | acc=0.6530 | NZ=   561 | sparsity=0.7403 | d_m=7.5212e+04
step 1600 | acc=0.6510 | NZ=   560 | sparsity=0.7407 | d_m=7.5520e+04
step 1601 | acc=0.6500 | NZ=   559 | sparsity=0.7412 | d_m=7.5226e+04
step 1602 | acc=0.6490 | NZ=   558 | sparsity=0.7417 | d_m=7.5205e+04
step 1603 | acc=0.6500 | NZ=   557 | sparsity=0.7421 | d_m=7.5392e+04
step 1604 | acc=0.6510 | NZ=   556 | sparsity=0.7426 | d_m=7.6007e+04
step 1605 | acc=0.6480 | NZ=   555 | sparsity=0.7431 | d_m=7.6471e+04
step 1606 | acc=0.6450 | NZ=   554 | sparsity=0.7435 | d_m=7.6999e+04
step 1607 | acc=0.6430 | NZ=   553 | sparsity=0.7440 | d_m=7.7305e+04
step 1608 | acc=0.6440 | NZ=   552 | sparsity=0.7444 | d_m=7.7082e+04
step 1609 | acc=0.6430 | NZ=   551 | sparsity=0.7449 | d_m=7.7874e+04
step 1610 | acc=0.6430 | NZ=   550 | sparsity=0.7454 | d_m=7.8850e+04
step 1611 | acc=0.6420 | NZ=   549 | sparsity=0.7458 | d_m=7.9328e+04
step 1612 | acc=0.6430 | NZ=   548 | sparsity=0.7463 | d_m=7.9054e+04
step 1613 | acc=0.6390 | NZ=   547 | sparsity=0.7468 | d_m=7.9669e+04
step 1614 | acc=0.6400 | NZ=   546 | sparsity=0.7472 | d_m=8.0639e+04
step 1615 | acc=0.6370 | NZ=   545 | sparsity=0.7477 | d_m=8.1777e+04
step 1616 | acc=0.6380 | NZ=   544 | sparsity=0.7481 | d_m=8.2696e+04
step 1617 | acc=0.6420 | NZ=   543 | sparsity=0.7486 | d_m=8.2967e+04
step 1618 | acc=0.6430 | NZ=   542 | sparsity=0.7491 | d_m=8.2790e+04
step 1619 | acc=0.6430 | NZ=   541 | sparsity=0.7495 | d_m=8.3237e+04
step 1620 | acc=0.6340 | NZ=   540 | sparsity=0.7500 | d_m=8.3226e+04
step 1621 | acc=0.6350 | NZ=   539 | sparsity=0.7505 | d_m=8.3265e+04
step 1622 | acc=0.6320 | NZ=   538 | sparsity=0.7509 | d_m=8.3953e+04
step 1623 | acc=0.6340 | NZ=   537 | sparsity=0.7514 | d_m=8.4449e+04
step 1624 | acc=0.6320 | NZ=   536 | sparsity=0.7519 | d_m=8.4346e+04
step 1625 | acc=0.6320 | NZ=   535 | sparsity=0.7523 | d_m=8.4946e+04
step 1626 | acc=0.6290 | NZ=   534 | sparsity=0.7528 | d_m=8.6204e+04
step 1627 | acc=0.6330 | NZ=   533 | sparsity=0.7532 | d_m=8.7163e+04
step 1628 | acc=0.6300 | NZ=   532 | sparsity=0.7537 | d_m=8.7472e+04
step 1629 | acc=0.6300 | NZ=   531 | sparsity=0.7542 | d_m=8.8502e+04
step 1630 | acc=0.6340 | NZ=   530 | sparsity=0.7546 | d_m=8.8684e+04
step 1631 | acc=0.6310 | NZ=   529 | sparsity=0.7551 | d_m=8.9448e+04
step 1632 | acc=0.6320 | NZ=   528 | sparsity=0.7556 | d_m=8.9477e+04
step 1633 | acc=0.6270 | NZ=   527 | sparsity=0.7560 | d_m=8.9994e+04
step 1634 | acc=0.6270 | NZ=   526 | sparsity=0.7565 | d_m=8.9377e+04
step 1635 | acc=0.6250 | NZ=   525 | sparsity=0.7569 | d_m=8.9484e+04
step 1636 | acc=0.6230 | NZ=   524 | sparsity=0.7574 | d_m=8.9905e+04
step 1637 | acc=0.6190 | NZ=   523 | sparsity=0.7579 | d_m=9.0542e+04
step 1638 | acc=0.6200 | NZ=   522 | sparsity=0.7583 | d_m=9.1667e+04
step 1639 | acc=0.6200 | NZ=   521 | sparsity=0.7588 | d_m=9.3009e+04
step 1640 | acc=0.6220 | NZ=   520 | sparsity=0.7593 | d_m=9.3709e+04
step 1641 | acc=0.6200 | NZ=   519 | sparsity=0.7597 | d_m=9.3827e+04
step 1642 | acc=0.6200 | NZ=   518 | sparsity=0.7602 | d_m=9.4366e+04
step 1643 | acc=0.6190 | NZ=   517 | sparsity=0.7606 | d_m=9.5150e+04
step 1644 | acc=0.6220 | NZ=   516 | sparsity=0.7611 | d_m=9.5380e+04
step 1645 | acc=0.6220 | NZ=   515 | sparsity=0.7616 | d_m=9.5097e+04
step 1646 | acc=0.6210 | NZ=   514 | sparsity=0.7620 | d_m=9.5274e+04
step 1647 | acc=0.6210 | NZ=   513 | sparsity=0.7625 | d_m=9.6202e+04
step 1648 | acc=0.6200 | NZ=   512 | sparsity=0.7630 | d_m=9.6081e+04
step 1649 | acc=0.6190 | NZ=   511 | sparsity=0.7634 | d_m=9.7160e+04
step 1650 | acc=0.6170 | NZ=   510 | sparsity=0.7639 | d_m=9.7951e+04
step 1651 | acc=0.6170 | NZ=   509 | sparsity=0.7644 | d_m=9.7733e+04
step 1652 | acc=0.6240 | NZ=   508 | sparsity=0.7648 | d_m=9.8163e+04
step 1653 | acc=0.6220 | NZ=   507 | sparsity=0.7653 | d_m=9.7984e+04
step 1654 | acc=0.6200 | NZ=   506 | sparsity=0.7657 | d_m=9.9095e+04
step 1655 | acc=0.6180 | NZ=   505 | sparsity=0.7662 | d_m=9.9168e+04
step 1656 | acc=0.6150 | NZ=   504 | sparsity=0.7667 | d_m=9.9987e+04
step 1657 | acc=0.6170 | NZ=   503 | sparsity=0.7671 | d_m=9.9522e+04
step 1658 | acc=0.6170 | NZ=   502 | sparsity=0.7676 | d_m=1.0032e+05
step 1659 | acc=0.6190 | NZ=   501 | sparsity=0.7681 | d_m=1.0155e+05
step 1660 | acc=0.6140 | NZ=   500 | sparsity=0.7685 | d_m=1.0180e+05
step 1661 | acc=0.6170 | NZ=   499 | sparsity=0.7690 | d_m=1.0290e+05
step 1662 | acc=0.6160 | NZ=   498 | sparsity=0.7694 | d_m=1.0341e+05
step 1663 | acc=0.6150 | NZ=   497 | sparsity=0.7699 | d_m=1.0454e+05
step 1664 | acc=0.6180 | NZ=   496 | sparsity=0.7704 | d_m=1.0501e+05
step 1665 | acc=0.6220 | NZ=   495 | sparsity=0.7708 | d_m=1.0530e+05
step 1666 | acc=0.6180 | NZ=   494 | sparsity=0.7713 | d_m=1.0503e+05
step 1667 | acc=0.6150 | NZ=   493 | sparsity=0.7718 | d_m=1.0546e+05
step 1668 | acc=0.6130 | NZ=   492 | sparsity=0.7722 | d_m=1.0565e+05
step 1669 | acc=0.6070 | NZ=   491 | sparsity=0.7727 | d_m=1.0613e+05
step 1670 | acc=0.6100 | NZ=   490 | sparsity=0.7731 | d_m=1.0619e+05
step 1671 | acc=0.6080 | NZ=   489 | sparsity=0.7736 | d_m=1.0711e+05
step 1672 | acc=0.6100 | NZ=   488 | sparsity=0.7741 | d_m=1.0781e+05
step 1673 | acc=0.6080 | NZ=   487 | sparsity=0.7745 | d_m=1.0758e+05
step 1674 | acc=0.6060 | NZ=   486 | sparsity=0.7750 | d_m=1.0793e+05
step 1675 | acc=0.6060 | NZ=   485 | sparsity=0.7755 | d_m=1.0789e+05
step 1676 | acc=0.6060 | NZ=   484 | sparsity=0.7759 | d_m=1.0849e+05
step 1677 | acc=0.6030 | NZ=   483 | sparsity=0.7764 | d_m=1.0869e+05
step 1678 | acc=0.6080 | NZ=   482 | sparsity=0.7769 | d_m=1.0890e+05
step 1679 | acc=0.6070 | NZ=   481 | sparsity=0.7773 | d_m=1.0872e+05
step 1680 | acc=0.6060 | NZ=   480 | sparsity=0.7778 | d_m=1.0954e+05
step 1681 | acc=0.6010 | NZ=   479 | sparsity=0.7782 | d_m=1.1005e+05
step 1682 | acc=0.6020 | NZ=   478 | sparsity=0.7787 | d_m=1.1099e+05
step 1683 | acc=0.6000 | NZ=   477 | sparsity=0.7792 | d_m=1.1232e+05
step 1684 | acc=0.6010 | NZ=   476 | sparsity=0.7796 | d_m=1.1245e+05
step 1685 | acc=0.5980 | NZ=   475 | sparsity=0.7801 | d_m=1.1234e+05
step 1686 | acc=0.6000 | NZ=   474 | sparsity=0.7806 | d_m=1.1262e+05
step 1687 | acc=0.6030 | NZ=   473 | sparsity=0.7810 | d_m=1.1405e+05
step 1688 | acc=0.5910 | NZ=   472 | sparsity=0.7815 | d_m=1.1543e+05
step 1689 | acc=0.5920 | NZ=   471 | sparsity=0.7819 | d_m=1.1673e+05
step 1690 | acc=0.5890 | NZ=   470 | sparsity=0.7824 | d_m=1.1828e+05
step 1691 | acc=0.5900 | NZ=   469 | sparsity=0.7829 | d_m=1.1997e+05
step 1692 | acc=0.5920 | NZ=   468 | sparsity=0.7833 | d_m=1.2126e+05
step 1693 | acc=0.5930 | NZ=   467 | sparsity=0.7838 | d_m=1.2096e+05
step 1694 | acc=0.5910 | NZ=   466 | sparsity=0.7843 | d_m=1.2129e+05
step 1695 | acc=0.5920 | NZ=   465 | sparsity=0.7847 | d_m=1.2180e+05
step 1696 | acc=0.5920 | NZ=   464 | sparsity=0.7852 | d_m=1.2202e+05
step 1697 | acc=0.5900 | NZ=   463 | sparsity=0.7856 | d_m=1.2297e+05
step 1698 | acc=0.5870 | NZ=   462 | sparsity=0.7861 | d_m=1.2443e+05
step 1699 | acc=0.5880 | NZ=   461 | sparsity=0.7866 | d_m=1.2476e+05
step 1700 | acc=0.5870 | NZ=   460 | sparsity=0.7870 | d_m=1.2631e+05
step 1701 | acc=0.5860 | NZ=   459 | sparsity=0.7875 | d_m=1.2724e+05
step 1702 | acc=0.5850 | NZ=   458 | sparsity=0.7880 | d_m=1.2715e+05
step 1703 | acc=0.5840 | NZ=   457 | sparsity=0.7884 | d_m=1.2827e+05
step 1704 | acc=0.5840 | NZ=   456 | sparsity=0.7889 | d_m=1.2813e+05
step 1705 | acc=0.5840 | NZ=   455 | sparsity=0.7894 | d_m=1.2930e+05
step 1706 | acc=0.5800 | NZ=   454 | sparsity=0.7898 | d_m=1.3034e+05
step 1707 | acc=0.5850 | NZ=   453 | sparsity=0.7903 | d_m=1.3159e+05
step 1708 | acc=0.5880 | NZ=   452 | sparsity=0.7907 | d_m=1.3223e+05
step 1709 | acc=0.5890 | NZ=   451 | sparsity=0.7912 | d_m=1.3286e+05
step 1710 | acc=0.5920 | NZ=   450 | sparsity=0.7917 | d_m=1.3354e+05
step 1711 | acc=0.5920 | NZ=   449 | sparsity=0.7921 | d_m=1.3445e+05
step 1712 | acc=0.5940 | NZ=   448 | sparsity=0.7926 | d_m=1.3506e+05
step 1713 | acc=0.5890 | NZ=   447 | sparsity=0.7931 | d_m=1.3454e+05
step 1714 | acc=0.5860 | NZ=   446 | sparsity=0.7935 | d_m=1.3528e+05
step 1715 | acc=0.5850 | NZ=   445 | sparsity=0.7940 | d_m=1.3595e+05
step 1716 | acc=0.5830 | NZ=   444 | sparsity=0.7944 | d_m=1.3702e+05
step 1717 | acc=0.5850 | NZ=   443 | sparsity=0.7949 | d_m=1.3857e+05
step 1718 | acc=0.5840 | NZ=   442 | sparsity=0.7954 | d_m=1.4019e+05
step 1719 | acc=0.5870 | NZ=   441 | sparsity=0.7958 | d_m=1.4149e+05
step 1720 | acc=0.5940 | NZ=   440 | sparsity=0.7963 | d_m=1.4309e+05
step 1721 | acc=0.5930 | NZ=   439 | sparsity=0.7968 | d_m=1.4485e+05
step 1722 | acc=0.5910 | NZ=   438 | sparsity=0.7972 | d_m=1.4571e+05
step 1723 | acc=0.5860 | NZ=   437 | sparsity=0.7977 | d_m=1.4681e+05
step 1724 | acc=0.5900 | NZ=   436 | sparsity=0.7981 | d_m=1.4832e+05
step 1725 | acc=0.5920 | NZ=   435 | sparsity=0.7986 | d_m=1.4837e+05
step 1726 | acc=0.5890 | NZ=   434 | sparsity=0.7991 | d_m=1.4855e+05
step 1727 | acc=0.5910 | NZ=   433 | sparsity=0.7995 | d_m=1.5017e+05
step 1728 | acc=0.5880 | NZ=   432 | sparsity=0.8000 | d_m=1.5072e+05
step 1729 | acc=0.5900 | NZ=   431 | sparsity=0.8005 | d_m=1.5076e+05
step 1730 | acc=0.5870 | NZ=   430 | sparsity=0.8009 | d_m=1.5191e+05
step 1731 | acc=0.5850 | NZ=   429 | sparsity=0.8014 | d_m=1.5368e+05
step 1732 | acc=0.5860 | NZ=   428 | sparsity=0.8019 | d_m=1.5515e+05
step 1733 | acc=0.5950 | NZ=   427 | sparsity=0.8023 | d_m=1.5637e+05
step 1734 | acc=0.5890 | NZ=   426 | sparsity=0.8028 | d_m=1.5675e+05
step 1735 | acc=0.5910 | NZ=   425 | sparsity=0.8032 | d_m=1.5806e+05
step 1736 | acc=0.5910 | NZ=   424 | sparsity=0.8037 | d_m=1.5851e+05
step 1737 | acc=0.5920 | NZ=   423 | sparsity=0.8042 | d_m=1.5984e+05
step 1738 | acc=0.5890 | NZ=   422 | sparsity=0.8046 | d_m=1.5960e+05
step 1739 | acc=0.5920 | NZ=   421 | sparsity=0.8051 | d_m=1.6059e+05
step 1740 | acc=0.5890 | NZ=   420 | sparsity=0.8056 | d_m=1.6170e+05
step 1741 | acc=0.5910 | NZ=   419 | sparsity=0.8060 | d_m=1.6176e+05
step 1742 | acc=0.5920 | NZ=   418 | sparsity=0.8065 | d_m=1.6265e+05
step 1743 | acc=0.5900 | NZ=   417 | sparsity=0.8069 | d_m=1.6263e+05
step 1744 | acc=0.5890 | NZ=   416 | sparsity=0.8074 | d_m=1.6341e+05
step 1745 | acc=0.5880 | NZ=   415 | sparsity=0.8079 | d_m=1.6359e+05
step 1746 | acc=0.5840 | NZ=   414 | sparsity=0.8083 | d_m=1.6576e+05
step 1747 | acc=0.5850 | NZ=   413 | sparsity=0.8088 | d_m=1.6745e+05
step 1748 | acc=0.5850 | NZ=   412 | sparsity=0.8093 | d_m=1.6940e+05
step 1749 | acc=0.5860 | NZ=   411 | sparsity=0.8097 | d_m=1.7175e+05
step 1750 | acc=0.5800 | NZ=   410 | sparsity=0.8102 | d_m=1.7348e+05
step 1751 | acc=0.5810 | NZ=   409 | sparsity=0.8106 | d_m=1.7347e+05
step 1752 | acc=0.5810 | NZ=   408 | sparsity=0.8111 | d_m=1.7577e+05
step 1753 | acc=0.5830 | NZ=   407 | sparsity=0.8116 | d_m=1.7623e+05
step 1754 | acc=0.5820 | NZ=   406 | sparsity=0.8120 | d_m=1.7719e+05
step 1755 | acc=0.5850 | NZ=   405 | sparsity=0.8125 | d_m=1.7846e+05
step 1756 | acc=0.5850 | NZ=   404 | sparsity=0.8130 | d_m=1.8048e+05
step 1757 | acc=0.5840 | NZ=   403 | sparsity=0.8134 | d_m=1.8125e+05
step 1758 | acc=0.5820 | NZ=   402 | sparsity=0.8139 | d_m=1.8039e+05
step 1759 | acc=0.5830 | NZ=   401 | sparsity=0.8144 | d_m=1.8083e+05
step 1760 | acc=0.5820 | NZ=   400 | sparsity=0.8148 | d_m=1.8085e+05
step 1761 | acc=0.5820 | NZ=   399 | sparsity=0.8153 | d_m=1.8129e+05
step 1762 | acc=0.5840 | NZ=   398 | sparsity=0.8157 | d_m=1.8199e+05
step 1763 | acc=0.5850 | NZ=   397 | sparsity=0.8162 | d_m=1.8156e+05
step 1764 | acc=0.5850 | NZ=   396 | sparsity=0.8167 | d_m=1.8219e+05
step 1765 | acc=0.5930 | NZ=   395 | sparsity=0.8171 | d_m=1.8358e+05
step 1766 | acc=0.5850 | NZ=   394 | sparsity=0.8176 | d_m=1.8573e+05
step 1767 | acc=0.5800 | NZ=   393 | sparsity=0.8181 | d_m=1.8788e+05
step 1768 | acc=0.5850 | NZ=   392 | sparsity=0.8185 | d_m=1.9045e+05
step 1769 | acc=0.5820 | NZ=   391 | sparsity=0.8190 | d_m=1.9301e+05
step 1770 | acc=0.5850 | NZ=   390 | sparsity=0.8194 | d_m=1.9557e+05
step 1771 | acc=0.5800 | NZ=   389 | sparsity=0.8199 | d_m=1.9818e+05
step 1772 | acc=0.5780 | NZ=   388 | sparsity=0.8204 | d_m=2.0043e+05
step 1773 | acc=0.5790 | NZ=   387 | sparsity=0.8208 | d_m=2.0073e+05
step 1774 | acc=0.5770 | NZ=   386 | sparsity=0.8213 | d_m=2.0324e+05
step 1775 | acc=0.5730 | NZ=   385 | sparsity=0.8218 | d_m=2.0384e+05
step 1776 | acc=0.5710 | NZ=   384 | sparsity=0.8222 | d_m=2.0608e+05
step 1777 | acc=0.5710 | NZ=   383 | sparsity=0.8227 | d_m=2.0743e+05
step 1778 | acc=0.5760 | NZ=   382 | sparsity=0.8231 | d_m=2.0986e+05
step 1779 | acc=0.5790 | NZ=   381 | sparsity=0.8236 | d_m=2.1067e+05
step 1780 | acc=0.5760 | NZ=   380 | sparsity=0.8241 | d_m=2.1295e+05
step 1781 | acc=0.5730 | NZ=   379 | sparsity=0.8245 | d_m=2.1525e+05
step 1782 | acc=0.5810 | NZ=   378 | sparsity=0.8250 | d_m=2.1732e+05
step 1783 | acc=0.5780 | NZ=   377 | sparsity=0.8255 | d_m=2.1871e+05
step 1784 | acc=0.5760 | NZ=   376 | sparsity=0.8259 | d_m=2.1930e+05
step 1785 | acc=0.5660 | NZ=   375 | sparsity=0.8264 | d_m=2.2179e+05
step 1786 | acc=0.5670 | NZ=   374 | sparsity=0.8269 | d_m=2.2456e+05
step 1787 | acc=0.5640 | NZ=   373 | sparsity=0.8273 | d_m=2.2494e+05
step 1788 | acc=0.5660 | NZ=   372 | sparsity=0.8278 | d_m=2.2551e+05
step 1789 | acc=0.5660 | NZ=   371 | sparsity=0.8282 | d_m=2.2615e+05
step 1790 | acc=0.5680 | NZ=   370 | sparsity=0.8287 | d_m=2.2538e+05
step 1791 | acc=0.5670 | NZ=   369 | sparsity=0.8292 | d_m=2.2753e+05
step 1792 | acc=0.5660 | NZ=   368 | sparsity=0.8296 | d_m=2.2723e+05
step 1793 | acc=0.5650 | NZ=   367 | sparsity=0.8301 | d_m=2.2834e+05
step 1794 | acc=0.5690 | NZ=   366 | sparsity=0.8306 | d_m=2.3108e+05
step 1795 | acc=0.5660 | NZ=   365 | sparsity=0.8310 | d_m=2.3396e+05
step 1796 | acc=0.5690 | NZ=   364 | sparsity=0.8315 | d_m=2.3552e+05
step 1797 | acc=0.5670 | NZ=   363 | sparsity=0.8319 | d_m=2.3795e+05
step 1798 | acc=0.5700 | NZ=   362 | sparsity=0.8324 | d_m=2.4078e+05
step 1799 | acc=0.5660 | NZ=   361 | sparsity=0.8329 | d_m=2.4377e+05
step 1800 | acc=0.5620 | NZ=   360 | sparsity=0.8333 | d_m=2.4539e+05
step 1801 | acc=0.5620 | NZ=   359 | sparsity=0.8338 | d_m=2.4774e+05
step 1802 | acc=0.5580 | NZ=   358 | sparsity=0.8343 | d_m=2.5046e+05
step 1803 | acc=0.5590 | NZ=   357 | sparsity=0.8347 | d_m=2.5332e+05
step 1804 | acc=0.5580 | NZ=   356 | sparsity=0.8352 | d_m=2.5585e+05
step 1805 | acc=0.5570 | NZ=   355 | sparsity=0.8356 | d_m=2.5704e+05
step 1806 | acc=0.5650 | NZ=   354 | sparsity=0.8361 | d_m=2.5659e+05
step 1807 | acc=0.5640 | NZ=   353 | sparsity=0.8366 | d_m=2.5709e+05
step 1808 | acc=0.5740 | NZ=   352 | sparsity=0.8370 | d_m=2.5914e+05
step 1809 | acc=0.5690 | NZ=   351 | sparsity=0.8375 | d_m=2.6014e+05
step 1810 | acc=0.5710 | NZ=   350 | sparsity=0.8380 | d_m=2.5985e+05
step 1811 | acc=0.5670 | NZ=   349 | sparsity=0.8384 | d_m=2.6249e+05
step 1812 | acc=0.5660 | NZ=   348 | sparsity=0.8389 | d_m=2.6385e+05
step 1813 | acc=0.5760 | NZ=   347 | sparsity=0.8394 | d_m=2.6509e+05
step 1814 | acc=0.5730 | NZ=   346 | sparsity=0.8398 | d_m=2.6608e+05
step 1815 | acc=0.5740 | NZ=   345 | sparsity=0.8403 | d_m=2.6590e+05
step 1816 | acc=0.5740 | NZ=   344 | sparsity=0.8407 | d_m=2.6765e+05
step 1817 | acc=0.5680 | NZ=   343 | sparsity=0.8412 | d_m=2.6750e+05
step 1818 | acc=0.5720 | NZ=   342 | sparsity=0.8417 | d_m=2.6833e+05
step 1819 | acc=0.5760 | NZ=   341 | sparsity=0.8421 | d_m=2.6988e+05
step 1820 | acc=0.5730 | NZ=   340 | sparsity=0.8426 | d_m=2.7198e+05
step 1821 | acc=0.5690 | NZ=   339 | sparsity=0.8431 | d_m=2.7205e+05
step 1822 | acc=0.5690 | NZ=   338 | sparsity=0.8435 | d_m=2.7510e+05
step 1823 | acc=0.5740 | NZ=   337 | sparsity=0.8440 | d_m=2.7575e+05
step 1824 | acc=0.5740 | NZ=   336 | sparsity=0.8444 | d_m=2.7705e+05
step 1825 | acc=0.5730 | NZ=   335 | sparsity=0.8449 | d_m=2.7899e+05
step 1826 | acc=0.5750 | NZ=   334 | sparsity=0.8454 | d_m=2.7905e+05
step 1827 | acc=0.5690 | NZ=   333 | sparsity=0.8458 | d_m=2.7837e+05
step 1828 | acc=0.5720 | NZ=   332 | sparsity=0.8463 | d_m=2.8141e+05
step 1829 | acc=0.5620 | NZ=   331 | sparsity=0.8468 | d_m=2.8336e+05
step 1830 | acc=0.5530 | NZ=   330 | sparsity=0.8472 | d_m=2.8667e+05
step 1831 | acc=0.5480 | NZ=   329 | sparsity=0.8477 | d_m=2.9016e+05
step 1832 | acc=0.5470 | NZ=   328 | sparsity=0.8481 | d_m=2.9364e+05
step 1833 | acc=0.5520 | NZ=   327 | sparsity=0.8486 | d_m=2.9511e+05
step 1834 | acc=0.5520 | NZ=   326 | sparsity=0.8491 | d_m=2.9684e+05
step 1835 | acc=0.5480 | NZ=   325 | sparsity=0.8495 | d_m=3.0034e+05
step 1836 | acc=0.5470 | NZ=   324 | sparsity=0.8500 | d_m=3.0053e+05
step 1837 | acc=0.5450 | NZ=   323 | sparsity=0.8505 | d_m=3.0201e+05
step 1838 | acc=0.5450 | NZ=   322 | sparsity=0.8509 | d_m=3.0217e+05
step 1839 | acc=0.5440 | NZ=   321 | sparsity=0.8514 | d_m=3.0572e+05
step 1840 | acc=0.5440 | NZ=   320 | sparsity=0.8519 | d_m=3.0898e+05
step 1841 | acc=0.5440 | NZ=   319 | sparsity=0.8523 | d_m=3.1111e+05
step 1842 | acc=0.5400 | NZ=   318 | sparsity=0.8528 | d_m=3.1120e+05
step 1843 | acc=0.5320 | NZ=   317 | sparsity=0.8532 | d_m=3.1388e+05
step 1844 | acc=0.5360 | NZ=   316 | sparsity=0.8537 | d_m=3.1334e+05
step 1845 | acc=0.5420 | NZ=   315 | sparsity=0.8542 | d_m=3.1222e+05
step 1846 | acc=0.5370 | NZ=   314 | sparsity=0.8546 | d_m=3.1280e+05
step 1847 | acc=0.5420 | NZ=   313 | sparsity=0.8551 | d_m=3.1366e+05
step 1848 | acc=0.5360 | NZ=   312 | sparsity=0.8556 | d_m=3.1738e+05
step 1849 | acc=0.5370 | NZ=   311 | sparsity=0.8560 | d_m=3.2001e+05
step 1850 | acc=0.5370 | NZ=   310 | sparsity=0.8565 | d_m=3.2373e+05
step 1851 | acc=0.5360 | NZ=   309 | sparsity=0.8569 | d_m=3.2488e+05
step 1852 | acc=0.5280 | NZ=   308 | sparsity=0.8574 | d_m=3.2861e+05
step 1853 | acc=0.5330 | NZ=   307 | sparsity=0.8579 | d_m=3.3156e+05
step 1854 | acc=0.5350 | NZ=   306 | sparsity=0.8583 | d_m=3.3474e+05
step 1855 | acc=0.5290 | NZ=   305 | sparsity=0.8588 | d_m=3.3889e+05
step 1856 | acc=0.5280 | NZ=   304 | sparsity=0.8593 | d_m=3.3877e+05
step 1857 | acc=0.5330 | NZ=   303 | sparsity=0.8597 | d_m=3.4311e+05
step 1858 | acc=0.5320 | NZ=   302 | sparsity=0.8602 | d_m=3.4743e+05
step 1859 | acc=0.5240 | NZ=   301 | sparsity=0.8606 | d_m=3.5129e+05
step 1860 | acc=0.5250 | NZ=   300 | sparsity=0.8611 | d_m=3.5581e+05
step 1861 | acc=0.5270 | NZ=   299 | sparsity=0.8616 | d_m=3.5811e+05
step 1862 | acc=0.5270 | NZ=   298 | sparsity=0.8620 | d_m=3.5717e+05
step 1863 | acc=0.5230 | NZ=   297 | sparsity=0.8625 | d_m=3.5913e+05
step 1864 | acc=0.5220 | NZ=   296 | sparsity=0.8630 | d_m=3.6086e+05
step 1865 | acc=0.5210 | NZ=   295 | sparsity=0.8634 | d_m=3.6480e+05
step 1866 | acc=0.5190 | NZ=   294 | sparsity=0.8639 | d_m=3.6628e+05
step 1867 | acc=0.5200 | NZ=   293 | sparsity=0.8644 | d_m=3.7029e+05
step 1868 | acc=0.5110 | NZ=   292 | sparsity=0.8648 | d_m=3.7088e+05
step 1869 | acc=0.5200 | NZ=   291 | sparsity=0.8653 | d_m=3.7069e+05
step 1870 | acc=0.5100 | NZ=   290 | sparsity=0.8657 | d_m=3.7477e+05
step 1871 | acc=0.5100 | NZ=   289 | sparsity=0.8662 | d_m=3.7511e+05
step 1872 | acc=0.5030 | NZ=   288 | sparsity=0.8667 | d_m=3.7969e+05
step 1873 | acc=0.5070 | NZ=   287 | sparsity=0.8671 | d_m=3.8172e+05
step 1874 | acc=0.5080 | NZ=   286 | sparsity=0.8676 | d_m=3.8126e+05
step 1875 | acc=0.4950 | NZ=   285 | sparsity=0.8681 | d_m=3.8331e+05
step 1876 | acc=0.5020 | NZ=   284 | sparsity=0.8685 | d_m=3.8809e+05
step 1877 | acc=0.4970 | NZ=   283 | sparsity=0.8690 | d_m=3.9329e+05
step 1878 | acc=0.4890 | NZ=   282 | sparsity=0.8694 | d_m=3.9539e+05
step 1879 | acc=0.4720 | NZ=   281 | sparsity=0.8699 | d_m=3.9888e+05
step 1880 | acc=0.4710 | NZ=   280 | sparsity=0.8704 | d_m=4.0067e+05
step 1881 | acc=0.4700 | NZ=   279 | sparsity=0.8708 | d_m=4.0020e+05
step 1882 | acc=0.4780 | NZ=   278 | sparsity=0.8713 | d_m=4.0313e+05
step 1883 | acc=0.4880 | NZ=   277 | sparsity=0.8718 | d_m=4.0746e+05
step 1884 | acc=0.4850 | NZ=   276 | sparsity=0.8722 | d_m=4.1080e+05
step 1885 | acc=0.4910 | NZ=   275 | sparsity=0.8727 | d_m=4.1071e+05
step 1886 | acc=0.4710 | NZ=   274 | sparsity=0.8731 | d_m=4.1256e+05
step 1887 | acc=0.4680 | NZ=   273 | sparsity=0.8736 | d_m=4.1760e+05
step 1888 | acc=0.4680 | NZ=   272 | sparsity=0.8741 | d_m=4.2291e+05
step 1889 | acc=0.4720 | NZ=   271 | sparsity=0.8745 | d_m=4.2272e+05
step 1890 | acc=0.4680 | NZ=   270 | sparsity=0.8750 | d_m=4.2349e+05
step 1891 | acc=0.4640 | NZ=   269 | sparsity=0.8755 | d_m=4.2420e+05
step 1892 | acc=0.4700 | NZ=   268 | sparsity=0.8759 | d_m=4.2513e+05
step 1893 | acc=0.4730 | NZ=   267 | sparsity=0.8764 | d_m=4.3021e+05
step 1894 | acc=0.4720 | NZ=   266 | sparsity=0.8769 | d_m=4.3254e+05
step 1895 | acc=0.4730 | NZ=   265 | sparsity=0.8773 | d_m=4.3480e+05
step 1896 | acc=0.4720 | NZ=   264 | sparsity=0.8778 | d_m=4.3286e+05
step 1897 | acc=0.4400 | NZ=   263 | sparsity=0.8782 | d_m=4.3789e+05
step 1898 | acc=0.4430 | NZ=   262 | sparsity=0.8787 | d_m=4.3845e+05
step 1899 | acc=0.4380 | NZ=   261 | sparsity=0.8792 | d_m=4.4369e+05
step 1900 | acc=0.4290 | NZ=   260 | sparsity=0.8796 | d_m=4.4658e+05
step 1901 | acc=0.4270 | NZ=   259 | sparsity=0.8801 | d_m=4.4638e+05
step 1902 | acc=0.4290 | NZ=   258 | sparsity=0.8806 | d_m=4.4671e+05
step 1903 | acc=0.4250 | NZ=   257 | sparsity=0.8810 | d_m=4.4654e+05
step 1904 | acc=0.4280 | NZ=   256 | sparsity=0.8815 | d_m=4.4642e+05
step 1905 | acc=0.4200 | NZ=   255 | sparsity=0.8819 | d_m=4.4815e+05
step 1906 | acc=0.4200 | NZ=   254 | sparsity=0.8824 | d_m=4.4707e+05
step 1907 | acc=0.4160 | NZ=   253 | sparsity=0.8829 | d_m=4.4925e+05
step 1908 | acc=0.4130 | NZ=   252 | sparsity=0.8833 | d_m=4.5460e+05
step 1909 | acc=0.4130 | NZ=   251 | sparsity=0.8838 | d_m=4.6050e+05
step 1910 | acc=0.4110 | NZ=   250 | sparsity=0.8843 | d_m=4.6692e+05
step 1911 | acc=0.4130 | NZ=   249 | sparsity=0.8847 | d_m=4.7007e+05
step 1912 | acc=0.4140 | NZ=   248 | sparsity=0.8852 | d_m=4.7377e+05
step 1913 | acc=0.4030 | NZ=   247 | sparsity=0.8856 | d_m=4.8077e+05
step 1914 | acc=0.4110 | NZ=   246 | sparsity=0.8861 | d_m=4.8783e+05
step 1915 | acc=0.4070 | NZ=   245 | sparsity=0.8866 | d_m=4.8976e+05
step 1916 | acc=0.4110 | NZ=   244 | sparsity=0.8870 | d_m=4.9620e+05
step 1917 | acc=0.4200 | NZ=   243 | sparsity=0.8875 | d_m=5.0304e+05
step 1918 | acc=0.4210 | NZ=   242 | sparsity=0.8880 | d_m=5.0985e+05
step 1919 | acc=0.4300 | NZ=   241 | sparsity=0.8884 | d_m=5.1093e+05
step 1920 | acc=0.4280 | NZ=   240 | sparsity=0.8889 | d_m=5.1519e+05
step 1921 | acc=0.4350 | NZ=   239 | sparsity=0.8894 | d_m=5.1689e+05
step 1922 | acc=0.4250 | NZ=   238 | sparsity=0.8898 | d_m=5.2393e+05
step 1923 | acc=0.4270 | NZ=   237 | sparsity=0.8903 | d_m=5.2413e+05
step 1924 | acc=0.4240 | NZ=   236 | sparsity=0.8907 | d_m=5.2394e+05
step 1925 | acc=0.4290 | NZ=   235 | sparsity=0.8912 | d_m=5.2669e+05
step 1926 | acc=0.4320 | NZ=   234 | sparsity=0.8917 | d_m=5.3098e+05
step 1927 | acc=0.4120 | NZ=   233 | sparsity=0.8921 | d_m=5.3199e+05
step 1928 | acc=0.4050 | NZ=   232 | sparsity=0.8926 | d_m=5.3728e+05
step 1929 | acc=0.3960 | NZ=   231 | sparsity=0.8931 | d_m=5.4058e+05
step 1930 | acc=0.3920 | NZ=   230 | sparsity=0.8935 | d_m=5.4148e+05
step 1931 | acc=0.4020 | NZ=   229 | sparsity=0.8940 | d_m=5.4471e+05
step 1932 | acc=0.3970 | NZ=   228 | sparsity=0.8944 | d_m=5.4690e+05
step 1933 | acc=0.4110 | NZ=   227 | sparsity=0.8949 | d_m=5.5387e+05
step 1934 | acc=0.4090 | NZ=   226 | sparsity=0.8954 | d_m=5.5383e+05
step 1935 | acc=0.4050 | NZ=   225 | sparsity=0.8958 | d_m=5.6079e+05
step 1936 | acc=0.3970 | NZ=   224 | sparsity=0.8963 | d_m=5.6815e+05
step 1937 | acc=0.3880 | NZ=   223 | sparsity=0.8968 | d_m=5.7223e+05
step 1938 | acc=0.3880 | NZ=   222 | sparsity=0.8972 | d_m=5.7158e+05
step 1939 | acc=0.3920 | NZ=   221 | sparsity=0.8977 | d_m=5.7030e+05
step 1940 | acc=0.3960 | NZ=   220 | sparsity=0.8981 | d_m=5.6877e+05
step 1941 | acc=0.3920 | NZ=   219 | sparsity=0.8986 | d_m=5.7194e+05
step 1942 | acc=0.3940 | NZ=   218 | sparsity=0.8991 | d_m=5.7524e+05
step 1943 | acc=0.3970 | NZ=   217 | sparsity=0.8995 | d_m=5.7609e+05
step 1944 | acc=0.4070 | NZ=   216 | sparsity=0.9000 | d_m=5.7721e+05
step 1945 | acc=0.4000 | NZ=   215 | sparsity=0.9005 | d_m=5.8232e+05
step 1946 | acc=0.3950 | NZ=   214 | sparsity=0.9009 | d_m=5.9028e+05
step 1947 | acc=0.3860 | NZ=   213 | sparsity=0.9014 | d_m=5.9482e+05
step 1948 | acc=0.3850 | NZ=   212 | sparsity=0.9019 | d_m=5.9466e+05
step 1949 | acc=0.3840 | NZ=   211 | sparsity=0.9023 | d_m=6.0170e+05
step 1950 | acc=0.3940 | NZ=   210 | sparsity=0.9028 | d_m=6.0843e+05
step 1951 | acc=0.3970 | NZ=   209 | sparsity=0.9032 | d_m=6.1438e+05
step 1952 | acc=0.4040 | NZ=   208 | sparsity=0.9037 | d_m=6.1983e+05
step 1953 | acc=0.3940 | NZ=   207 | sparsity=0.9042 | d_m=6.2072e+05
step 1954 | acc=0.3930 | NZ=   206 | sparsity=0.9046 | d_m=6.1720e+05
step 1955 | acc=0.4040 | NZ=   205 | sparsity=0.9051 | d_m=6.2496e+05
step 1956 | acc=0.3960 | NZ=   204 | sparsity=0.9056 | d_m=6.3282e+05
step 1957 | acc=0.3920 | NZ=   203 | sparsity=0.9060 | d_m=6.3379e+05
step 1958 | acc=0.3890 | NZ=   202 | sparsity=0.9065 | d_m=6.3874e+05
step 1959 | acc=0.3940 | NZ=   201 | sparsity=0.9069 | d_m=6.3993e+05
step 1960 | acc=0.4060 | NZ=   200 | sparsity=0.9074 | d_m=6.4303e+05
step 1961 | acc=0.3940 | NZ=   199 | sparsity=0.9079 | d_m=6.4725e+05
step 1962 | acc=0.3850 | NZ=   198 | sparsity=0.9083 | d_m=6.5432e+05
step 1963 | acc=0.3860 | NZ=   197 | sparsity=0.9088 | d_m=6.5919e+05
step 1964 | acc=0.3860 | NZ=   196 | sparsity=0.9093 | d_m=6.6710e+05
step 1965 | acc=0.3890 | NZ=   195 | sparsity=0.9097 | d_m=6.6966e+05
step 1966 | acc=0.3960 | NZ=   194 | sparsity=0.9102 | d_m=6.7005e+05
step 1967 | acc=0.4030 | NZ=   193 | sparsity=0.9106 | d_m=6.7645e+05
step 1968 | acc=0.3980 | NZ=   192 | sparsity=0.9111 | d_m=6.8124e+05
step 1969 | acc=0.3880 | NZ=   191 | sparsity=0.9116 | d_m=6.8503e+05
step 1970 | acc=0.3940 | NZ=   190 | sparsity=0.9120 | d_m=6.8951e+05
step 1971 | acc=0.3880 | NZ=   189 | sparsity=0.9125 | d_m=6.9037e+05
step 1972 | acc=0.3890 | NZ=   188 | sparsity=0.9130 | d_m=6.9059e+05
step 1973 | acc=0.4040 | NZ=   187 | sparsity=0.9134 | d_m=6.9814e+05
step 1974 | acc=0.4020 | NZ=   186 | sparsity=0.9139 | d_m=6.9751e+05
step 1975 | acc=0.4190 | NZ=   185 | sparsity=0.9144 | d_m=6.9753e+05
step 1976 | acc=0.4130 | NZ=   184 | sparsity=0.9148 | d_m=7.0589e+05
step 1977 | acc=0.4090 | NZ=   183 | sparsity=0.9153 | d_m=7.1496e+05
step 1978 | acc=0.4060 | NZ=   182 | sparsity=0.9157 | d_m=7.2401e+05
step 1979 | acc=0.4000 | NZ=   181 | sparsity=0.9162 | d_m=7.3305e+05
step 1980 | acc=0.3990 | NZ=   180 | sparsity=0.9167 | d_m=7.4206e+05
step 1981 | acc=0.4090 | NZ=   179 | sparsity=0.9171 | d_m=7.5141e+05
step 1982 | acc=0.4020 | NZ=   178 | sparsity=0.9176 | d_m=7.6059e+05
step 1983 | acc=0.3950 | NZ=   177 | sparsity=0.9181 | d_m=7.7029e+05
step 1984 | acc=0.4110 | NZ=   176 | sparsity=0.9185 | d_m=7.7288e+05
step 1985 | acc=0.3930 | NZ=   175 | sparsity=0.9190 | d_m=7.7728e+05
step 1986 | acc=0.3960 | NZ=   174 | sparsity=0.9194 | d_m=7.8453e+05
step 1987 | acc=0.3820 | NZ=   173 | sparsity=0.9199 | d_m=7.9403e+05
step 1988 | acc=0.3780 | NZ=   172 | sparsity=0.9204 | d_m=7.9965e+05
step 1989 | acc=0.3770 | NZ=   171 | sparsity=0.9208 | d_m=8.0635e+05
step 1990 | acc=0.3720 | NZ=   170 | sparsity=0.9213 | d_m=8.1653e+05
step 1991 | acc=0.3770 | NZ=   169 | sparsity=0.9218 | d_m=8.1966e+05
step 1992 | acc=0.3780 | NZ=   168 | sparsity=0.9222 | d_m=8.2881e+05
step 1993 | acc=0.3750 | NZ=   167 | sparsity=0.9227 | d_m=8.3859e+05
step 1994 | acc=0.3760 | NZ=   166 | sparsity=0.9231 | d_m=8.4694e+05
step 1995 | acc=0.3810 | NZ=   165 | sparsity=0.9236 | d_m=8.5803e+05
step 1996 | acc=0.3750 | NZ=   164 | sparsity=0.9241 | d_m=8.6948e+05
step 1997 | acc=0.3750 | NZ=   163 | sparsity=0.9245 | d_m=8.7115e+05
step 1998 | acc=0.3570 | NZ=   162 | sparsity=0.9250 | d_m=8.7310e+05
step 1999 | acc=0.3640 | NZ=   161 | sparsity=0.9255 | d_m=8.7800e+05
step 2000 | acc=0.3640 | NZ=   160 | sparsity=0.9259 | d_m=8.8952e+05
step 2001 | acc=0.3620 | NZ=   159 | sparsity=0.9264 | d_m=9.0237e+05
step 2002 | acc=0.3590 | NZ=   158 | sparsity=0.9269 | d_m=9.0230e+05
step 2003 | acc=0.3530 | NZ=   157 | sparsity=0.9273 | d_m=9.1663e+05
step 2004 | acc=0.3470 | NZ=   156 | sparsity=0.9278 | d_m=9.2967e+05
step 2005 | acc=0.3450 | NZ=   155 | sparsity=0.9282 | d_m=9.2918e+05
step 2006 | acc=0.3480 | NZ=   154 | sparsity=0.9287 | d_m=9.4223e+05
step 2007 | acc=0.3470 | NZ=   153 | sparsity=0.9292 | d_m=9.4857e+05
step 2008 | acc=0.3480 | NZ=   152 | sparsity=0.9296 | d_m=9.4477e+05
step 2009 | acc=0.3440 | NZ=   151 | sparsity=0.9301 | d_m=9.4589e+05
step 2010 | acc=0.3460 | NZ=   150 | sparsity=0.9306 | d_m=9.4672e+05
step 2011 | acc=0.3450 | NZ=   149 | sparsity=0.9310 | d_m=9.5511e+05
step 2012 | acc=0.3430 | NZ=   148 | sparsity=0.9315 | d_m=9.6891e+05
step 2013 | acc=0.3260 | NZ=   147 | sparsity=0.9319 | d_m=9.7799e+05
step 2014 | acc=0.3310 | NZ=   146 | sparsity=0.9324 | d_m=9.8445e+05
step 2015 | acc=0.3240 | NZ=   145 | sparsity=0.9329 | d_m=9.9274e+05
step 2016 | acc=0.3260 | NZ=   144 | sparsity=0.9333 | d_m=9.9600e+05
step 2017 | acc=0.3260 | NZ=   143 | sparsity=0.9338 | d_m=9.9682e+05
step 2018 | acc=0.3330 | NZ=   142 | sparsity=0.9343 | d_m=9.9687e+05
step 2019 | acc=0.3330 | NZ=   141 | sparsity=0.9347 | d_m=9.9807e+05
step 2020 | acc=0.3340 | NZ=   140 | sparsity=0.9352 | d_m=9.9922e+05
step 2021 | acc=0.3310 | NZ=   139 | sparsity=0.9356 | d_m=9.9892e+05
step 2022 | acc=0.3260 | NZ=   138 | sparsity=0.9361 | d_m=9.9772e+05
step 2023 | acc=0.3240 | NZ=   137 | sparsity=0.9366 | d_m=9.9848e+05
step 2024 | acc=0.3220 | NZ=   136 | sparsity=0.9370 | d_m=9.9752e+05
step 2025 | acc=0.3250 | NZ=   135 | sparsity=0.9375 | d_m=9.9703e+05
step 2026 | acc=0.3220 | NZ=   134 | sparsity=0.9380 | d_m=9.9813e+05
step 2027 | acc=0.3200 | NZ=   133 | sparsity=0.9384 | d_m=1.0121e+06
step 2028 | acc=0.3030 | NZ=   132 | sparsity=0.9389 | d_m=1.0186e+06
step 2029 | acc=0.3040 | NZ=   131 | sparsity=0.9394 | d_m=1.0163e+06
step 2030 | acc=0.3060 | NZ=   130 | sparsity=0.9398 | d_m=1.0206e+06
step 2031 | acc=0.3120 | NZ=   129 | sparsity=0.9403 | d_m=1.0362e+06
step 2032 | acc=0.3120 | NZ=   128 | sparsity=0.9407 | d_m=1.0522e+06
step 2033 | acc=0.3130 | NZ=   127 | sparsity=0.9412 | d_m=1.0680e+06
step 2034 | acc=0.3190 | NZ=   126 | sparsity=0.9417 | d_m=1.0696e+06
step 2035 | acc=0.3210 | NZ=   125 | sparsity=0.9421 | d_m=1.0857e+06
step 2036 | acc=0.3180 | NZ=   124 | sparsity=0.9426 | d_m=1.1016e+06
step 2037 | acc=0.3170 | NZ=   123 | sparsity=0.9431 | d_m=1.1035e+06
step 2038 | acc=0.3180 | NZ=   122 | sparsity=0.9435 | d_m=1.1051e+06
step 2039 | acc=0.3200 | NZ=   121 | sparsity=0.9440 | d_m=1.1203e+06
step 2040 | acc=0.3200 | NZ=   120 | sparsity=0.9444 | d_m=1.1267e+06
step 2041 | acc=0.3120 | NZ=   119 | sparsity=0.9449 | d_m=1.1238e+06
step 2042 | acc=0.3130 | NZ=   118 | sparsity=0.9454 | d_m=1.1258e+06
step 2043 | acc=0.2690 | NZ=   117 | sparsity=0.9458 | d_m=1.1370e+06
step 2044 | acc=0.2730 | NZ=   116 | sparsity=0.9463 | d_m=1.1409e+06
step 2045 | acc=0.2730 | NZ=   115 | sparsity=0.9468 | d_m=1.1395e+06
step 2046 | acc=0.2770 | NZ=   114 | sparsity=0.9472 | d_m=1.1399e+06
step 2047 | acc=0.2820 | NZ=   113 | sparsity=0.9477 | d_m=1.1521e+06
step 2048 | acc=0.2810 | NZ=   112 | sparsity=0.9481 | d_m=1.1610e+06
step 2049 | acc=0.2910 | NZ=   111 | sparsity=0.9486 | d_m=1.1629e+06
step 2050 | acc=0.2750 | NZ=   110 | sparsity=0.9491 | d_m=1.1735e+06
step 2051 | acc=0.2810 | NZ=   109 | sparsity=0.9495 | d_m=1.1892e+06
step 2052 | acc=0.2810 | NZ=   108 | sparsity=0.9500 | d_m=1.1936e+06
step 2053 | acc=0.2820 | NZ=   107 | sparsity=0.9505 | d_m=1.1912e+06
step 2054 | acc=0.2780 | NZ=   106 | sparsity=0.9509 | d_m=1.1919e+06
step 2055 | acc=0.2690 | NZ=   105 | sparsity=0.9514 | d_m=1.2090e+06
step 2056 | acc=0.2580 | NZ=   104 | sparsity=0.9519 | d_m=1.2263e+06
step 2057 | acc=0.2660 | NZ=   103 | sparsity=0.9523 | d_m=1.2438e+06
step 2058 | acc=0.2490 | NZ=   102 | sparsity=0.9528 | d_m=1.2630e+06
step 2059 | acc=0.2680 | NZ=   101 | sparsity=0.9532 | d_m=1.2824e+06
step 2060 | acc=0.2550 | NZ=   100 | sparsity=0.9537 | d_m=1.3027e+06
step 2061 | acc=0.2660 | NZ=    99 | sparsity=0.9542 | d_m=1.3240e+06
step 2062 | acc=0.2660 | NZ=    98 | sparsity=0.9546 | d_m=1.3464e+06
step 2063 | acc=0.2660 | NZ=    97 | sparsity=0.9551 | d_m=1.3461e+06
step 2064 | acc=0.2650 | NZ=    96 | sparsity=0.9556 | d_m=1.3459e+06
step 2065 | acc=0.2400 | NZ=    95 | sparsity=0.9560 | d_m=1.3617e+06
step 2066 | acc=0.2340 | NZ=    94 | sparsity=0.9565 | d_m=1.3841e+06
step 2067 | acc=0.2290 | NZ=    93 | sparsity=0.9569 | d_m=1.4072e+06
step 2068 | acc=0.2260 | NZ=    92 | sparsity=0.9574 | d_m=1.4286e+06
step 2069 | acc=0.2300 | NZ=    91 | sparsity=0.9579 | d_m=1.4293e+06
step 2070 | acc=0.2230 | NZ=    90 | sparsity=0.9583 | d_m=1.4363e+06
step 2071 | acc=0.2360 | NZ=    89 | sparsity=0.9588 | d_m=1.4348e+06
step 2072 | acc=0.1930 | NZ=    88 | sparsity=0.9593 | d_m=1.4445e+06
step 2073 | acc=0.1900 | NZ=    87 | sparsity=0.9597 | d_m=1.4458e+06
step 2074 | acc=0.1840 | NZ=    86 | sparsity=0.9602 | d_m=1.4516e+06
step 2075 | acc=0.1870 | NZ=    85 | sparsity=0.9606 | d_m=1.4532e+06
step 2076 | acc=0.1810 | NZ=    84 | sparsity=0.9611 | d_m=1.4761e+06
step 2077 | acc=0.1720 | NZ=    83 | sparsity=0.9616 | d_m=1.4806e+06
step 2078 | acc=0.1720 | NZ=    82 | sparsity=0.9620 | d_m=1.4811e+06
step 2079 | acc=0.1710 | NZ=    81 | sparsity=0.9625 | d_m=1.4838e+06
step 2080 | acc=0.1780 | NZ=    80 | sparsity=0.9630 | d_m=1.4944e+06
step 2081 | acc=0.1820 | NZ=    79 | sparsity=0.9634 | d_m=1.4993e+06
step 2082 | acc=0.1280 | NZ=    78 | sparsity=0.9639 | d_m=1.5161e+06
step 2083 | acc=0.1420 | NZ=    77 | sparsity=0.9644 | d_m=1.5347e+06
step 2084 | acc=0.1380 | NZ=    76 | sparsity=0.9648 | d_m=1.5429e+06
step 2085 | acc=0.1360 | NZ=    75 | sparsity=0.9653 | d_m=1.5428e+06
step 2086 | acc=0.1380 | NZ=    74 | sparsity=0.9657 | d_m=1.5421e+06
step 2087 | acc=0.1380 | NZ=    73 | sparsity=0.9662 | d_m=1.5480e+06
step 2088 | acc=0.1640 | NZ=    72 | sparsity=0.9667 | d_m=1.5517e+06
step 2089 | acc=0.1550 | NZ=    71 | sparsity=0.9671 | d_m=1.5524e+06
step 2090 | acc=0.1440 | NZ=    70 | sparsity=0.9676 | d_m=1.5509e+06
step 2091 | acc=0.1440 | NZ=    69 | sparsity=0.9681 | d_m=1.5512e+06
step 2092 | acc=0.1460 | NZ=    68 | sparsity=0.9685 | d_m=1.5596e+06
step 2093 | acc=0.1570 | NZ=    67 | sparsity=0.9690 | d_m=1.5869e+06
step 2094 | acc=0.1510 | NZ=    66 | sparsity=0.9694 | d_m=1.6114e+06
step 2095 | acc=0.1490 | NZ=    65 | sparsity=0.9699 | d_m=1.6110e+06
step 2096 | acc=0.1470 | NZ=    64 | sparsity=0.9704 | d_m=1.6108e+06
step 2097 | acc=0.1560 | NZ=    63 | sparsity=0.9708 | d_m=1.6404e+06
step 2098 | acc=0.1560 | NZ=    62 | sparsity=0.9713 | d_m=1.6717e+06
step 2099 | acc=0.1570 | NZ=    61 | sparsity=0.9718 | d_m=1.6714e+06
step 2100 | acc=0.1540 | NZ=    60 | sparsity=0.9722 | d_m=1.6786e+06
step 2101 | acc=0.1610 | NZ=    59 | sparsity=0.9727 | d_m=1.6785e+06
step 2102 | acc=0.1650 | NZ=    58 | sparsity=0.9731 | d_m=1.7127e+06
step 2103 | acc=0.1590 | NZ=    57 | sparsity=0.9736 | d_m=1.7142e+06
step 2104 | acc=0.1580 | NZ=    56 | sparsity=0.9741 | d_m=1.7133e+06
step 2105 | acc=0.1540 | NZ=    55 | sparsity=0.9745 | d_m=1.7190e+06
step 2106 | acc=0.1560 | NZ=    54 | sparsity=0.9750 | d_m=1.7182e+06
step 2107 | acc=0.1570 | NZ=    53 | sparsity=0.9755 | d_m=1.7175e+06
step 2108 | acc=0.1650 | NZ=    52 | sparsity=0.9759 | d_m=1.7178e+06
step 2109 | acc=0.1610 | NZ=    51 | sparsity=0.9764 | d_m=1.7192e+06
step 2110 | acc=0.1630 | NZ=    50 | sparsity=0.9769 | d_m=1.7219e+06
step 2111 | acc=0.1320 | NZ=    49 | sparsity=0.9773 | d_m=1.7578e+06
step 2112 | acc=0.1430 | NZ=    48 | sparsity=0.9778 | d_m=1.7948e+06
step 2113 | acc=0.1310 | NZ=    47 | sparsity=0.9782 | d_m=1.8404e+06
step 2114 | acc=0.1200 | NZ=    46 | sparsity=0.9787 | d_m=1.8553e+06
step 2115 | acc=0.1150 | NZ=    45 | sparsity=0.9792 | d_m=1.8583e+06
step 2116 | acc=0.1280 | NZ=    44 | sparsity=0.9796 | d_m=1.8641e+06
step 2117 | acc=0.1250 | NZ=    43 | sparsity=0.9801 | d_m=1.9085e+06
step 2118 | acc=0.1220 | NZ=    42 | sparsity=0.9806 | d_m=1.9209e+06
step 2119 | acc=0.1180 | NZ=    41 | sparsity=0.9810 | d_m=1.9711e+06
step 2120 | acc=0.1210 | NZ=    40 | sparsity=0.9815 | d_m=1.9780e+06
step 2121 | acc=0.1210 | NZ=    39 | sparsity=0.9819 | d_m=1.9775e+06
step 2122 | acc=0.1200 | NZ=    38 | sparsity=0.9824 | d_m=2.0320e+06
step 2123 | acc=0.1200 | NZ=    37 | sparsity=0.9829 | d_m=2.0975e+06
step 2124 | acc=0.1190 | NZ=    36 | sparsity=0.9833 | d_m=2.1243e+06
step 2125 | acc=0.1180 | NZ=    35 | sparsity=0.9838 | d_m=2.1263e+06
step 2126 | acc=0.1200 | NZ=    34 | sparsity=0.9843 | d_m=2.1573e+06
step 2127 | acc=0.1210 | NZ=    33 | sparsity=0.9847 | d_m=2.1559e+06
step 2128 | acc=0.1210 | NZ=    32 | sparsity=0.9852 | d_m=2.1551e+06
step 2129 | acc=0.1200 | NZ=    31 | sparsity=0.9856 | d_m=2.1875e+06
step 2130 | acc=0.1230 | NZ=    30 | sparsity=0.9861 | d_m=2.2713e+06
step 2131 | acc=0.1150 | NZ=    29 | sparsity=0.9866 | d_m=2.3386e+06
step 2132 | acc=0.1270 | NZ=    28 | sparsity=0.9870 | d_m=2.4250e+06
step 2133 | acc=0.1260 | NZ=    27 | sparsity=0.9875 | d_m=2.5468e+06
step 2134 | acc=0.1040 | NZ=    26 | sparsity=0.9880 | d_m=2.7484e+06
step 2135 | acc=0.1050 | NZ=    25 | sparsity=0.9884 | d_m=2.7423e+06
step 2136 | acc=0.1070 | NZ=    24 | sparsity=0.9889 | d_m=2.7391e+06
step 2137 | acc=0.0830 | NZ=    23 | sparsity=0.9894 | d_m=2.7845e+06
step 2138 | acc=0.0810 | NZ=    22 | sparsity=0.9898 | d_m=2.7811e+06
step 2139 | acc=0.0820 | NZ=    21 | sparsity=0.9903 | d_m=2.7770e+06
step 2140 | acc=0.0830 | NZ=    20 | sparsity=0.9907 | d_m=2.9771e+06
step 2141 | acc=0.0830 | NZ=    19 | sparsity=0.9912 | d_m=3.3348e+06
step 2142 | acc=0.0870 | NZ=    18 | sparsity=0.9917 | d_m=3.5425e+06
step 2143 | acc=0.0870 | NZ=    17 | sparsity=0.9921 | d_m=3.5222e+06
step 2144 | acc=0.0870 | NZ=    16 | sparsity=0.9926 | d_m=3.7877e+06
step 2145 | acc=0.0870 | NZ=    15 | sparsity=0.9931 | d_m=3.7633e+06
step 2146 | acc=0.0870 | NZ=    14 | sparsity=0.9935 | d_m=4.3612e+06
step 2147 | acc=0.0870 | NZ=    13 | sparsity=0.9940 | d_m=4.7581e+06
step 2148 | acc=0.0870 | NZ=    12 | sparsity=0.9944 | d_m=5.3771e+06
step 2149 | acc=0.0870 | NZ=    11 | sparsity=0.9949 | d_m=6.3778e+06
step 2150 | acc=0.0870 | NZ=    10 | sparsity=0.9954 | d_m=8.8897e+06
step 2151 | acc=0.0870 | NZ=     9 | sparsity=0.9958 | d_m=1.0407e+07
step 2152 | acc=0.0870 | NZ=     8 | sparsity=0.9963 | d_m=1.4412e+07
step 2153 | acc=0.0870 | NZ=     7 | sparsity=0.9968 | d_m=1.7369e+07
step 2154 | acc=0.0870 | NZ=     6 | sparsity=0.9972 | d_m=1.9986e+07
step 2155 | acc=0.0870 | NZ=     5 | sparsity=0.9977 | d_m=2.2323e+07
step 2156 | acc=0.0870 | NZ=     4 | sparsity=0.9981 | d_m=2.2336e+07
step 2157 | acc=0.0870 | NZ=     3 | sparsity=0.9986 | d_m=2.3865e+07
step 2158 | acc=0.0870 | NZ=     2 | sparsity=0.9991 | d_m=6.0090e+06
step 2159 | acc=0.0870 | NZ=     1 | sparsity=0.9995 | d_m=2.3021e+06
sparsification log saved to: /home/simon/repos/onnxmlir-pim-sparsify/artifacts/e25_stupidity_seed_3/sparsified/sparsification_log.csv
[supervise 23:44:09] DONE experiments/e25_stupidity_seed_3.json rc=0
[supervise 23:44:09] launch [/home/simon/venv/general/bin/python3 scripts/train.py experiments/e25_stupidity_seed_4.json] (attempt 0/5)
Output folder: /home/simon/repos/onnxmlir-pim-sparsify/artifacts/e25_stupidity_seed_4
Data loaded. (input_scale=1.0)
	X_train.shape = (10000, 196)
	X_test.shape  = (1000, 196)
Learning rate: 0.0100
Topology: [196, 10, 10, 10]
Training loop started
---------------------------------------------------------
	Epoch 0 of 1000 in 0.37 sec
	Train acc 0.10840 | Test acc 0.13000
---------------------------------------------------------
	Epoch 100 of 1000 in 0.00 sec
	Train acc 0.13240 | Test acc 0.13300
---------------------------------------------------------
	Epoch 200 of 1000 in 0.00 sec
	Train acc 0.74120 | Test acc 0.73400
---------------------------------------------------------
	Epoch 300 of 1000 in 0.00 sec
	Train acc 0.85850 | Test acc 0.85800
---------------------------------------------------------
	Epoch 400 of 1000 in 0.00 sec
	Train acc 0.88560 | Test acc 0.88700
---------------------------------------------------------
	Epoch 500 of 1000 in 0.00 sec
	Train acc 0.90040 | Test acc 0.89400
---------------------------------------------------------
	Epoch 600 of 1000 in 0.00 sec
	Train acc 0.90620 | Test acc 0.90200
---------------------------------------------------------
	Epoch 700 of 1000 in 0.00 sec
	Train acc 0.91090 | Test acc 0.91000
---------------------------------------------------------
	Epoch 800 of 1000 in 0.00 sec
	Train acc 0.91840 | Test acc 0.91800
---------------------------------------------------------
	Epoch 900 of 1000 in 0.00 sec
	Train acc 0.92260 | Test acc 0.91300
---------------------------------------------------------
Training log saved to: /home/simon/repos/onnxmlir-pim-sparsify/artifacts/e25_stupidity_seed_4/training_log.csv
Model saved to: /home/simon/repos/onnxmlir-pim-sparsify/artifacts/e25_stupidity_seed_4
[supervise 23:44:46] DONE experiments/e25_stupidity_seed_4.json rc=0
[supervise 23:44:46] launch [/home/simon/venv/general/bin/python3 -m sparsifier.sparsifier experiments/e25_stupidity_seed_4.json] (attempt 0/5)
<frozen runpy>:128: RuntimeWarning: 'sparsifier.sparsifier' found in sys.modules after import of package 'sparsifier', but prior to execution of 'sparsifier.sparsifier'; this may result in unpredictable behaviour
Load the parameters from the folder
Found 3 layers in /home/simon/repos/onnxmlir-pim-sparsify/artifacts/e25_stupidity_seed_4
Accuracy in validation: 0.9200
Total parameters: 2160
Perturbation distance (sanity check): 9.2597e-01
Starting sparsification loop
step    0 | acc=0.9200 | NZ=  2160 | sparsity=0.0000 | d_m=0.0000e+00
step    1 | acc=0.9200 | NZ=  2159 | sparsity=0.0005 | d_m=0.0000e+00
step    2 | acc=0.9200 | NZ=  2158 | sparsity=0.0009 | d_m=0.0000e+00
step    3 | acc=0.9200 | NZ=  2157 | sparsity=0.0014 | d_m=0.0000e+00
step    4 | acc=0.9200 | NZ=  2156 | sparsity=0.0019 | d_m=0.0000e+00
step    5 | acc=0.9200 | NZ=  2155 | sparsity=0.0023 | d_m=0.0000e+00
step    6 | acc=0.9200 | NZ=  2154 | sparsity=0.0028 | d_m=0.0000e+00
step    7 | acc=0.9200 | NZ=  2153 | sparsity=0.0032 | d_m=0.0000e+00
step    8 | acc=0.9200 | NZ=  2152 | sparsity=0.0037 | d_m=0.0000e+00
step    9 | acc=0.9200 | NZ=  2151 | sparsity=0.0042 | d_m=0.0000e+00
step   10 | acc=0.9200 | NZ=  2150 | sparsity=0.0046 | d_m=0.0000e+00
step   11 | acc=0.9200 | NZ=  2149 | sparsity=0.0051 | d_m=0.0000e+00
step   12 | acc=0.9200 | NZ=  2148 | sparsity=0.0056 | d_m=0.0000e+00
step   13 | acc=0.9200 | NZ=  2147 | sparsity=0.0060 | d_m=0.0000e+00
step   14 | acc=0.9200 | NZ=  2146 | sparsity=0.0065 | d_m=0.0000e+00
step   15 | acc=0.9200 | NZ=  2145 | sparsity=0.0069 | d_m=0.0000e+00
step   16 | acc=0.9200 | NZ=  2144 | sparsity=0.0074 | d_m=0.0000e+00
step   17 | acc=0.9200 | NZ=  2143 | sparsity=0.0079 | d_m=0.0000e+00
step   18 | acc=0.9200 | NZ=  2142 | sparsity=0.0083 | d_m=0.0000e+00
step   19 | acc=0.9200 | NZ=  2141 | sparsity=0.0088 | d_m=0.0000e+00
step   20 | acc=0.9200 | NZ=  2140 | sparsity=0.0093 | d_m=0.0000e+00
step   21 | acc=0.9200 | NZ=  2139 | sparsity=0.0097 | d_m=0.0000e+00
step   22 | acc=0.9200 | NZ=  2138 | sparsity=0.0102 | d_m=0.0000e+00
step   23 | acc=0.9200 | NZ=  2137 | sparsity=0.0106 | d_m=0.0000e+00
step   24 | acc=0.9200 | NZ=  2136 | sparsity=0.0111 | d_m=0.0000e+00
step   25 | acc=0.9200 | NZ=  2135 | sparsity=0.0116 | d_m=0.0000e+00
step   26 | acc=0.9200 | NZ=  2134 | sparsity=0.0120 | d_m=0.0000e+00
step   27 | acc=0.9200 | NZ=  2133 | sparsity=0.0125 | d_m=0.0000e+00
step   28 | acc=0.9200 | NZ=  2132 | sparsity=0.0130 | d_m=0.0000e+00
step   29 | acc=0.9200 | NZ=  2131 | sparsity=0.0134 | d_m=0.0000e+00
step   30 | acc=0.9200 | NZ=  2130 | sparsity=0.0139 | d_m=0.0000e+00
step   31 | acc=0.9200 | NZ=  2129 | sparsity=0.0144 | d_m=0.0000e+00
step   32 | acc=0.9200 | NZ=  2128 | sparsity=0.0148 | d_m=0.0000e+00
step   33 | acc=0.9200 | NZ=  2127 | sparsity=0.0153 | d_m=0.0000e+00
step   34 | acc=0.9200 | NZ=  2126 | sparsity=0.0157 | d_m=0.0000e+00
step   35 | acc=0.9200 | NZ=  2125 | sparsity=0.0162 | d_m=0.0000e+00
step   36 | acc=0.9200 | NZ=  2124 | sparsity=0.0167 | d_m=0.0000e+00
step   37 | acc=0.9200 | NZ=  2123 | sparsity=0.0171 | d_m=0.0000e+00
step   38 | acc=0.9200 | NZ=  2122 | sparsity=0.0176 | d_m=0.0000e+00
step   39 | acc=0.9200 | NZ=  2121 | sparsity=0.0181 | d_m=0.0000e+00
step   40 | acc=0.9200 | NZ=  2120 | sparsity=0.0185 | d_m=0.0000e+00
step   41 | acc=0.9200 | NZ=  2119 | sparsity=0.0190 | d_m=2.2794e-08
step   42 | acc=0.9200 | NZ=  2118 | sparsity=0.0194 | d_m=6.2754e-07
step   43 | acc=0.9200 | NZ=  2117 | sparsity=0.0199 | d_m=1.5916e-06
step   44 | acc=0.9200 | NZ=  2116 | sparsity=0.0204 | d_m=1.5190e-06
step   45 | acc=0.9200 | NZ=  2115 | sparsity=0.0208 | d_m=1.0583e-05
step   46 | acc=0.9200 | NZ=  2114 | sparsity=0.0213 | d_m=2.4919e-05
step   47 | acc=0.9200 | NZ=  2113 | sparsity=0.0218 | d_m=1.5648e-05
step   48 | acc=0.9200 | NZ=  2112 | sparsity=0.0222 | d_m=2.8519e-05
step   49 | acc=0.9200 | NZ=  2111 | sparsity=0.0227 | d_m=3.1374e-05
step   50 | acc=0.9200 | NZ=  2110 | sparsity=0.0231 | d_m=3.1307e-05
step   51 | acc=0.9200 | NZ=  2109 | sparsity=0.0236 | d_m=5.9915e-05
step   52 | acc=0.9200 | NZ=  2108 | sparsity=0.0241 | d_m=4.9259e-05
step   53 | acc=0.9200 | NZ=  2107 | sparsity=0.0245 | d_m=7.8071e-05
step   54 | acc=0.9200 | NZ=  2106 | sparsity=0.0250 | d_m=7.7535e-05
step   55 | acc=0.9200 | NZ=  2105 | sparsity=0.0255 | d_m=1.1323e-04
step   56 | acc=0.9200 | NZ=  2104 | sparsity=0.0259 | d_m=1.0467e-04
step   57 | acc=0.9200 | NZ=  2103 | sparsity=0.0264 | d_m=1.4123e-04
step   58 | acc=0.9200 | NZ=  2102 | sparsity=0.0269 | d_m=1.3177e-04
step   59 | acc=0.9200 | NZ=  2101 | sparsity=0.0273 | d_m=1.9738e-04
step   60 | acc=0.9200 | NZ=  2100 | sparsity=0.0278 | d_m=1.8648e-04
step   61 | acc=0.9200 | NZ=  2099 | sparsity=0.0282 | d_m=2.3960e-04
step   62 | acc=0.9200 | NZ=  2098 | sparsity=0.0287 | d_m=2.2806e-04
step   63 | acc=0.9200 | NZ=  2097 | sparsity=0.0292 | d_m=2.6869e-04
step   64 | acc=0.9200 | NZ=  2096 | sparsity=0.0296 | d_m=2.1771e-04
step   65 | acc=0.9200 | NZ=  2095 | sparsity=0.0301 | d_m=2.5521e-04
step   66 | acc=0.9200 | NZ=  2094 | sparsity=0.0306 | d_m=2.5016e-04
step   67 | acc=0.9200 | NZ=  2093 | sparsity=0.0310 | d_m=3.7514e-04
step   68 | acc=0.9200 | NZ=  2092 | sparsity=0.0315 | d_m=3.2276e-04
step   69 | acc=0.9200 | NZ=  2091 | sparsity=0.0319 | d_m=4.3134e-04
step   70 | acc=0.9200 | NZ=  2090 | sparsity=0.0324 | d_m=4.0030e-04
step   71 | acc=0.9200 | NZ=  2089 | sparsity=0.0329 | d_m=4.9089e-04
step   72 | acc=0.9200 | NZ=  2088 | sparsity=0.0333 | d_m=4.9102e-04
step   73 | acc=0.9200 | NZ=  2087 | sparsity=0.0338 | d_m=5.5086e-04
step   74 | acc=0.9200 | NZ=  2086 | sparsity=0.0343 | d_m=5.6283e-04
step   75 | acc=0.9200 | NZ=  2085 | sparsity=0.0347 | d_m=7.6686e-04
step   76 | acc=0.9200 | NZ=  2084 | sparsity=0.0352 | d_m=5.9229e-04
step   77 | acc=0.9200 | NZ=  2083 | sparsity=0.0356 | d_m=7.8096e-04
step   78 | acc=0.9200 | NZ=  2082 | sparsity=0.0361 | d_m=9.9247e-04
step   79 | acc=0.9200 | NZ=  2081 | sparsity=0.0366 | d_m=1.0314e-03
step   80 | acc=0.9200 | NZ=  2080 | sparsity=0.0370 | d_m=1.0216e-03
step   81 | acc=0.9200 | NZ=  2079 | sparsity=0.0375 | d_m=1.1928e-03
step   82 | acc=0.9200 | NZ=  2078 | sparsity=0.0380 | d_m=1.2898e-03
step   83 | acc=0.9200 | NZ=  2077 | sparsity=0.0384 | d_m=1.2449e-03
step   84 | acc=0.9200 | NZ=  2076 | sparsity=0.0389 | d_m=1.3814e-03
step   85 | acc=0.9200 | NZ=  2075 | sparsity=0.0394 | d_m=1.5376e-03
step   86 | acc=0.9200 | NZ=  2074 | sparsity=0.0398 | d_m=1.6573e-03
step   87 | acc=0.9200 | NZ=  2073 | sparsity=0.0403 | d_m=1.6607e-03
step   88 | acc=0.9200 | NZ=  2072 | sparsity=0.0407 | d_m=1.6333e-03
step   89 | acc=0.9200 | NZ=  2071 | sparsity=0.0412 | d_m=1.6519e-03
step   90 | acc=0.9200 | NZ=  2070 | sparsity=0.0417 | d_m=1.9014e-03
step   91 | acc=0.9200 | NZ=  2069 | sparsity=0.0421 | d_m=1.6458e-03
step   92 | acc=0.9200 | NZ=  2068 | sparsity=0.0426 | d_m=2.1333e-03
step   93 | acc=0.9200 | NZ=  2067 | sparsity=0.0431 | d_m=1.9457e-03
step   94 | acc=0.9200 | NZ=  2066 | sparsity=0.0435 | d_m=2.0615e-03
step   95 | acc=0.9200 | NZ=  2065 | sparsity=0.0440 | d_m=1.8698e-03
step   96 | acc=0.9200 | NZ=  2064 | sparsity=0.0444 | d_m=2.3858e-03
step   97 | acc=0.9200 | NZ=  2063 | sparsity=0.0449 | d_m=2.2641e-03
step   98 | acc=0.9200 | NZ=  2062 | sparsity=0.0454 | d_m=2.4569e-03
step   99 | acc=0.9200 | NZ=  2061 | sparsity=0.0458 | d_m=2.7769e-03
step  100 | acc=0.9200 | NZ=  2060 | sparsity=0.0463 | d_m=2.5873e-03
step  101 | acc=0.9200 | NZ=  2059 | sparsity=0.0468 | d_m=2.9838e-03
step  102 | acc=0.9200 | NZ=  2058 | sparsity=0.0472 | d_m=2.9017e-03
step  103 | acc=0.9200 | NZ=  2057 | sparsity=0.0477 | d_m=3.5277e-03
step  104 | acc=0.9200 | NZ=  2056 | sparsity=0.0481 | d_m=3.3018e-03
step  105 | acc=0.9200 | NZ=  2055 | sparsity=0.0486 | d_m=3.4671e-03
step  106 | acc=0.9200 | NZ=  2054 | sparsity=0.0491 | d_m=3.3207e-03
step  107 | acc=0.9200 | NZ=  2053 | sparsity=0.0495 | d_m=3.6399e-03
step  108 | acc=0.9200 | NZ=  2052 | sparsity=0.0500 | d_m=3.8971e-03
step  109 | acc=0.9200 | NZ=  2051 | sparsity=0.0505 | d_m=4.1634e-03
step  110 | acc=0.9200 | NZ=  2050 | sparsity=0.0509 | d_m=3.6049e-03
step  111 | acc=0.9200 | NZ=  2049 | sparsity=0.0514 | d_m=4.2823e-03
step  112 | acc=0.9200 | NZ=  2048 | sparsity=0.0519 | d_m=3.5948e-03
step  113 | acc=0.9200 | NZ=  2047 | sparsity=0.0523 | d_m=3.5430e-03
step  114 | acc=0.9200 | NZ=  2046 | sparsity=0.0528 | d_m=4.2724e-03
step  115 | acc=0.9200 | NZ=  2045 | sparsity=0.0532 | d_m=5.0746e-03
step  116 | acc=0.9200 | NZ=  2044 | sparsity=0.0537 | d_m=4.9686e-03
step  117 | acc=0.9200 | NZ=  2043 | sparsity=0.0542 | d_m=5.4883e-03
step  118 | acc=0.9200 | NZ=  2042 | sparsity=0.0546 | d_m=5.1387e-03
step  119 | acc=0.9200 | NZ=  2041 | sparsity=0.0551 | d_m=6.0852e-03
step  120 | acc=0.9200 | NZ=  2040 | sparsity=0.0556 | d_m=5.4116e-03
step  121 | acc=0.9200 | NZ=  2039 | sparsity=0.0560 | d_m=5.6957e-03
step  122 | acc=0.9200 | NZ=  2038 | sparsity=0.0565 | d_m=5.2304e-03
step  123 | acc=0.9200 | NZ=  2037 | sparsity=0.0569 | d_m=6.0295e-03
step  124 | acc=0.9200 | NZ=  2036 | sparsity=0.0574 | d_m=5.7981e-03
step  125 | acc=0.9200 | NZ=  2035 | sparsity=0.0579 | d_m=6.6242e-03
step  126 | acc=0.9200 | NZ=  2034 | sparsity=0.0583 | d_m=5.2893e-03
step  127 | acc=0.9200 | NZ=  2033 | sparsity=0.0588 | d_m=4.9916e-03
step  128 | acc=0.9200 | NZ=  2032 | sparsity=0.0593 | d_m=5.0409e-03
step  129 | acc=0.9200 | NZ=  2031 | sparsity=0.0597 | d_m=5.8979e-03
step  130 | acc=0.9200 | NZ=  2030 | sparsity=0.0602 | d_m=5.4381e-03
step  131 | acc=0.9200 | NZ=  2029 | sparsity=0.0606 | d_m=6.3348e-03
step  132 | acc=0.9200 | NZ=  2028 | sparsity=0.0611 | d_m=6.1640e-03
step  133 | acc=0.9200 | NZ=  2027 | sparsity=0.0616 | d_m=6.6879e-03
step  134 | acc=0.9200 | NZ=  2026 | sparsity=0.0620 | d_m=6.6433e-03
step  135 | acc=0.9200 | NZ=  2025 | sparsity=0.0625 | d_m=7.4836e-03
step  136 | acc=0.9200 | NZ=  2024 | sparsity=0.0630 | d_m=7.4420e-03
step  137 | acc=0.9200 | NZ=  2023 | sparsity=0.0634 | d_m=7.4748e-03
step  138 | acc=0.9200 | NZ=  2022 | sparsity=0.0639 | d_m=7.1784e-03
step  139 | acc=0.9200 | NZ=  2021 | sparsity=0.0644 | d_m=7.2689e-03
step  140 | acc=0.9200 | NZ=  2020 | sparsity=0.0648 | d_m=7.3411e-03
step  141 | acc=0.9200 | NZ=  2019 | sparsity=0.0653 | d_m=8.0284e-03
step  142 | acc=0.9200 | NZ=  2018 | sparsity=0.0657 | d_m=7.7521e-03
step  143 | acc=0.9200 | NZ=  2017 | sparsity=0.0662 | d_m=8.7616e-03
step  144 | acc=0.9200 | NZ=  2016 | sparsity=0.0667 | d_m=8.6151e-03
step  145 | acc=0.9200 | NZ=  2015 | sparsity=0.0671 | d_m=8.8619e-03
step  146 | acc=0.9200 | NZ=  2014 | sparsity=0.0676 | d_m=9.3640e-03
step  147 | acc=0.9200 | NZ=  2013 | sparsity=0.0681 | d_m=9.6063e-03
step  148 | acc=0.9200 | NZ=  2012 | sparsity=0.0685 | d_m=9.1932e-03
step  149 | acc=0.9200 | NZ=  2011 | sparsity=0.0690 | d_m=9.7552e-03
step  150 | acc=0.9200 | NZ=  2010 | sparsity=0.0694 | d_m=1.0651e-02
step  151 | acc=0.9200 | NZ=  2009 | sparsity=0.0699 | d_m=1.1258e-02
step  152 | acc=0.9200 | NZ=  2008 | sparsity=0.0704 | d_m=1.0884e-02
step  153 | acc=0.9200 | NZ=  2007 | sparsity=0.0708 | d_m=1.1063e-02
step  154 | acc=0.9200 | NZ=  2006 | sparsity=0.0713 | d_m=1.0961e-02
step  155 | acc=0.9200 | NZ=  2005 | sparsity=0.0718 | d_m=1.1356e-02
step  156 | acc=0.9200 | NZ=  2004 | sparsity=0.0722 | d_m=1.2360e-02
step  157 | acc=0.9200 | NZ=  2003 | sparsity=0.0727 | d_m=1.3663e-02
step  158 | acc=0.9200 | NZ=  2002 | sparsity=0.0731 | d_m=1.5381e-02
step  159 | acc=0.9200 | NZ=  2001 | sparsity=0.0736 | d_m=1.4612e-02
step  160 | acc=0.9200 | NZ=  2000 | sparsity=0.0741 | d_m=1.5663e-02
step  161 | acc=0.9200 | NZ=  1999 | sparsity=0.0745 | d_m=1.4150e-02
step  162 | acc=0.9200 | NZ=  1998 | sparsity=0.0750 | d_m=1.5553e-02
step  163 | acc=0.9200 | NZ=  1997 | sparsity=0.0755 | d_m=1.5203e-02
step  164 | acc=0.9200 | NZ=  1996 | sparsity=0.0759 | d_m=1.5767e-02
step  165 | acc=0.9200 | NZ=  1995 | sparsity=0.0764 | d_m=1.6242e-02
step  166 | acc=0.9200 | NZ=  1994 | sparsity=0.0769 | d_m=1.5021e-02
step  167 | acc=0.9200 | NZ=  1993 | sparsity=0.0773 | d_m=1.5051e-02
step  168 | acc=0.9200 | NZ=  1992 | sparsity=0.0778 | d_m=1.4989e-02
step  169 | acc=0.9200 | NZ=  1991 | sparsity=0.0782 | d_m=1.4865e-02
step  170 | acc=0.9200 | NZ=  1990 | sparsity=0.0787 | d_m=1.4956e-02
step  171 | acc=0.9200 | NZ=  1989 | sparsity=0.0792 | d_m=1.5710e-02
step  172 | acc=0.9200 | NZ=  1988 | sparsity=0.0796 | d_m=1.6524e-02
step  173 | acc=0.9200 | NZ=  1987 | sparsity=0.0801 | d_m=1.7545e-02
step  174 | acc=0.9200 | NZ=  1986 | sparsity=0.0806 | d_m=1.6737e-02
step  175 | acc=0.9200 | NZ=  1985 | sparsity=0.0810 | d_m=1.7574e-02
step  176 | acc=0.9200 | NZ=  1984 | sparsity=0.0815 | d_m=1.8600e-02
step  177 | acc=0.9200 | NZ=  1983 | sparsity=0.0819 | d_m=1.8556e-02
step  178 | acc=0.9200 | NZ=  1982 | sparsity=0.0824 | d_m=1.7114e-02
step  179 | acc=0.9200 | NZ=  1981 | sparsity=0.0829 | d_m=1.7409e-02
step  180 | acc=0.9200 | NZ=  1980 | sparsity=0.0833 | d_m=1.9646e-02
step  181 | acc=0.9200 | NZ=  1979 | sparsity=0.0838 | d_m=1.9187e-02
step  182 | acc=0.9200 | NZ=  1978 | sparsity=0.0843 | d_m=2.1294e-02
step  183 | acc=0.9200 | NZ=  1977 | sparsity=0.0847 | d_m=2.0525e-02
step  184 | acc=0.9200 | NZ=  1976 | sparsity=0.0852 | d_m=2.2349e-02
step  185 | acc=0.9200 | NZ=  1975 | sparsity=0.0856 | d_m=2.0825e-02
step  186 | acc=0.9200 | NZ=  1974 | sparsity=0.0861 | d_m=2.2284e-02
step  187 | acc=0.9200 | NZ=  1973 | sparsity=0.0866 | d_m=2.2115e-02
step  188 | acc=0.9200 | NZ=  1972 | sparsity=0.0870 | d_m=2.4525e-02
step  189 | acc=0.9200 | NZ=  1971 | sparsity=0.0875 | d_m=2.3570e-02
step  190 | acc=0.9200 | NZ=  1970 | sparsity=0.0880 | d_m=2.6469e-02
step  191 | acc=0.9200 | NZ=  1969 | sparsity=0.0884 | d_m=2.4493e-02
step  192 | acc=0.9200 | NZ=  1968 | sparsity=0.0889 | d_m=2.6144e-02
step  193 | acc=0.9200 | NZ=  1967 | sparsity=0.0894 | d_m=2.6099e-02
step  194 | acc=0.9200 | NZ=  1966 | sparsity=0.0898 | d_m=2.8942e-02
step  195 | acc=0.9200 | NZ=  1965 | sparsity=0.0903 | d_m=2.4323e-02
step  196 | acc=0.9200 | NZ=  1964 | sparsity=0.0907 | d_m=2.5987e-02
step  197 | acc=0.9200 | NZ=  1963 | sparsity=0.0912 | d_m=2.5047e-02
step  198 | acc=0.9200 | NZ=  1962 | sparsity=0.0917 | d_m=2.7354e-02
step  199 | acc=0.9200 | NZ=  1961 | sparsity=0.0921 | d_m=2.6822e-02
step  200 | acc=0.9200 | NZ=  1960 | sparsity=0.0926 | d_m=2.6269e-02
step  201 | acc=0.9200 | NZ=  1959 | sparsity=0.0931 | d_m=2.6810e-02
step  202 | acc=0.9200 | NZ=  1958 | sparsity=0.0935 | d_m=2.8000e-02
step  203 | acc=0.9200 | NZ=  1957 | sparsity=0.0940 | d_m=2.7844e-02
step  204 | acc=0.9200 | NZ=  1956 | sparsity=0.0944 | d_m=2.7594e-02
step  205 | acc=0.9200 | NZ=  1955 | sparsity=0.0949 | d_m=2.7358e-02
step  206 | acc=0.9200 | NZ=  1954 | sparsity=0.0954 | d_m=2.6820e-02
step  207 | acc=0.9200 | NZ=  1953 | sparsity=0.0958 | d_m=3.0184e-02
step  208 | acc=0.9200 | NZ=  1952 | sparsity=0.0963 | d_m=2.7599e-02
step  209 | acc=0.9200 | NZ=  1951 | sparsity=0.0968 | d_m=2.9169e-02
step  210 | acc=0.9200 | NZ=  1950 | sparsity=0.0972 | d_m=2.9828e-02
step  211 | acc=0.9200 | NZ=  1949 | sparsity=0.0977 | d_m=2.7715e-02
step  212 | acc=0.9200 | NZ=  1948 | sparsity=0.0981 | d_m=2.7822e-02
step  213 | acc=0.9200 | NZ=  1947 | sparsity=0.0986 | d_m=3.0154e-02
step  214 | acc=0.9200 | NZ=  1946 | sparsity=0.0991 | d_m=3.0251e-02
step  215 | acc=0.9200 | NZ=  1945 | sparsity=0.0995 | d_m=3.2436e-02
step  216 | acc=0.9200 | NZ=  1944 | sparsity=0.1000 | d_m=3.2896e-02
step  217 | acc=0.9200 | NZ=  1943 | sparsity=0.1005 | d_m=3.3879e-02
step  218 | acc=0.9200 | NZ=  1942 | sparsity=0.1009 | d_m=3.5575e-02
step  219 | acc=0.9200 | NZ=  1941 | sparsity=0.1014 | d_m=3.4312e-02
step  220 | acc=0.9200 | NZ=  1940 | sparsity=0.1019 | d_m=3.3837e-02
step  221 | acc=0.9200 | NZ=  1939 | sparsity=0.1023 | d_m=3.5397e-02
step  222 | acc=0.9200 | NZ=  1938 | sparsity=0.1028 | d_m=3.6045e-02
step  223 | acc=0.9200 | NZ=  1937 | sparsity=0.1032 | d_m=3.4204e-02
step  224 | acc=0.9200 | NZ=  1936 | sparsity=0.1037 | d_m=3.6086e-02
step  225 | acc=0.9200 | NZ=  1935 | sparsity=0.1042 | d_m=3.8971e-02
step  226 | acc=0.9200 | NZ=  1934 | sparsity=0.1046 | d_m=3.8757e-02
step  227 | acc=0.9200 | NZ=  1933 | sparsity=0.1051 | d_m=3.8994e-02
step  228 | acc=0.9200 | NZ=  1932 | sparsity=0.1056 | d_m=4.0156e-02
step  229 | acc=0.9200 | NZ=  1931 | sparsity=0.1060 | d_m=3.8636e-02
step  230 | acc=0.9200 | NZ=  1930 | sparsity=0.1065 | d_m=4.0625e-02
step  231 | acc=0.9200 | NZ=  1929 | sparsity=0.1069 | d_m=3.8479e-02
step  232 | acc=0.9200 | NZ=  1928 | sparsity=0.1074 | d_m=4.0442e-02
step  233 | acc=0.9200 | NZ=  1927 | sparsity=0.1079 | d_m=4.0238e-02
step  234 | acc=0.9200 | NZ=  1926 | sparsity=0.1083 | d_m=3.9325e-02
step  235 | acc=0.9200 | NZ=  1925 | sparsity=0.1088 | d_m=4.0050e-02
step  236 | acc=0.9200 | NZ=  1924 | sparsity=0.1093 | d_m=4.2440e-02
step  237 | acc=0.9200 | NZ=  1923 | sparsity=0.1097 | d_m=4.1688e-02
step  238 | acc=0.9200 | NZ=  1922 | sparsity=0.1102 | d_m=4.3119e-02
step  239 | acc=0.9200 | NZ=  1921 | sparsity=0.1106 | d_m=4.4343e-02
step  240 | acc=0.9200 | NZ=  1920 | sparsity=0.1111 | d_m=4.4319e-02
step  241 | acc=0.9200 | NZ=  1919 | sparsity=0.1116 | d_m=4.4308e-02
step  242 | acc=0.9200 | NZ=  1918 | sparsity=0.1120 | d_m=4.4300e-02
step  243 | acc=0.9200 | NZ=  1917 | sparsity=0.1125 | d_m=4.4294e-02
step  244 | acc=0.9200 | NZ=  1916 | sparsity=0.1130 | d_m=4.4290e-02
step  245 | acc=0.9200 | NZ=  1915 | sparsity=0.1134 | d_m=4.4288e-02
step  246 | acc=0.9200 | NZ=  1914 | sparsity=0.1139 | d_m=4.5091e-02
step  247 | acc=0.9200 | NZ=  1913 | sparsity=0.1144 | d_m=4.5816e-02
step  248 | acc=0.9200 | NZ=  1912 | sparsity=0.1148 | d_m=4.7653e-02
step  249 | acc=0.9200 | NZ=  1911 | sparsity=0.1153 | d_m=5.0723e-02
step  250 | acc=0.9200 | NZ=  1910 | sparsity=0.1157 | d_m=5.3937e-02
step  251 | acc=0.9200 | NZ=  1909 | sparsity=0.1162 | d_m=5.7107e-02
step  252 | acc=0.9200 | NZ=  1908 | sparsity=0.1167 | d_m=5.9674e-02
step  253 | acc=0.9200 | NZ=  1907 | sparsity=0.1171 | d_m=6.3326e-02
step  254 | acc=0.9200 | NZ=  1906 | sparsity=0.1176 | d_m=6.9290e-02
step  255 | acc=0.9200 | NZ=  1905 | sparsity=0.1181 | d_m=7.5267e-02
step  256 | acc=0.9200 | NZ=  1904 | sparsity=0.1185 | d_m=8.1139e-02
step  257 | acc=0.9200 | NZ=  1903 | sparsity=0.1190 | d_m=8.7710e-02
step  258 | acc=0.9200 | NZ=  1902 | sparsity=0.1194 | d_m=1.0694e-01
step  259 | acc=0.9200 | NZ=  1901 | sparsity=0.1199 | d_m=1.2495e-01
step  260 | acc=0.9200 | NZ=  1900 | sparsity=0.1204 | d_m=1.5532e-01
step  261 | acc=0.9200 | NZ=  1899 | sparsity=0.1208 | d_m=1.9451e-01
step  262 | acc=0.9200 | NZ=  1898 | sparsity=0.1213 | d_m=2.2818e-01
step  263 | acc=0.9200 | NZ=  1897 | sparsity=0.1218 | d_m=2.6312e-01
step  264 | acc=0.9200 | NZ=  1896 | sparsity=0.1222 | d_m=3.0330e-01
step  265 | acc=0.9200 | NZ=  1895 | sparsity=0.1227 | d_m=3.5152e-01
step  266 | acc=0.9200 | NZ=  1894 | sparsity=0.1231 | d_m=3.9795e-01
step  267 | acc=0.9200 | NZ=  1893 | sparsity=0.1236 | d_m=4.4414e-01
step  268 | acc=0.9200 | NZ=  1892 | sparsity=0.1241 | d_m=4.9661e-01
step  269 | acc=0.9200 | NZ=  1891 | sparsity=0.1245 | d_m=5.5066e-01
step  270 | acc=0.9200 | NZ=  1890 | sparsity=0.1250 | d_m=6.2217e-01
step  271 | acc=0.9200 | NZ=  1889 | sparsity=0.1255 | d_m=6.6813e-01
step  272 | acc=0.9200 | NZ=  1888 | sparsity=0.1259 | d_m=7.4246e-01
step  273 | acc=0.9200 | NZ=  1887 | sparsity=0.1264 | d_m=7.0243e-01
step  274 | acc=0.9200 | NZ=  1886 | sparsity=0.1269 | d_m=7.9705e-01
step  275 | acc=0.9200 | NZ=  1885 | sparsity=0.1273 | d_m=8.7462e-01
step  276 | acc=0.9200 | NZ=  1884 | sparsity=0.1278 | d_m=9.5832e-01
step  277 | acc=0.9200 | NZ=  1883 | sparsity=0.1282 | d_m=1.0396e+00
step  278 | acc=0.9200 | NZ=  1882 | sparsity=0.1287 | d_m=1.1182e+00
step  279 | acc=0.9200 | NZ=  1881 | sparsity=0.1292 | d_m=1.2240e+00
step  280 | acc=0.9200 | NZ=  1880 | sparsity=0.1296 | d_m=1.3435e+00
step  281 | acc=0.9200 | NZ=  1879 | sparsity=0.1301 | d_m=1.4330e+00
step  282 | acc=0.9200 | NZ=  1878 | sparsity=0.1306 | d_m=1.3844e+00
step  283 | acc=0.9200 | NZ=  1877 | sparsity=0.1310 | d_m=1.5411e+00
step  284 | acc=0.9200 | NZ=  1876 | sparsity=0.1315 | d_m=1.6483e+00
step  285 | acc=0.9200 | NZ=  1875 | sparsity=0.1319 | d_m=1.7504e+00
step  286 | acc=0.9200 | NZ=  1874 | sparsity=0.1324 | d_m=1.8718e+00
step  287 | acc=0.9200 | NZ=  1873 | sparsity=0.1329 | d_m=2.0458e+00
step  288 | acc=0.9200 | NZ=  1872 | sparsity=0.1333 | d_m=2.1617e+00
step  289 | acc=0.9200 | NZ=  1871 | sparsity=0.1338 | d_m=2.3132e+00
step  290 | acc=0.9200 | NZ=  1870 | sparsity=0.1343 | d_m=2.4357e+00
step  291 | acc=0.9200 | NZ=  1869 | sparsity=0.1347 | d_m=2.5488e+00
step  292 | acc=0.9200 | NZ=  1868 | sparsity=0.1352 | d_m=2.7051e+00
step  293 | acc=0.9200 | NZ=  1867 | sparsity=0.1356 | d_m=2.8721e+00
step  294 | acc=0.9200 | NZ=  1866 | sparsity=0.1361 | d_m=3.0609e+00
step  295 | acc=0.9200 | NZ=  1865 | sparsity=0.1366 | d_m=3.2170e+00
step  296 | acc=0.9200 | NZ=  1864 | sparsity=0.1370 | d_m=3.3912e+00
step  297 | acc=0.9200 | NZ=  1863 | sparsity=0.1375 | d_m=3.6052e+00
step  298 | acc=0.9200 | NZ=  1862 | sparsity=0.1380 | d_m=3.8480e+00
step  299 | acc=0.9200 | NZ=  1861 | sparsity=0.1384 | d_m=4.0639e+00
step  300 | acc=0.9200 | NZ=  1860 | sparsity=0.1389 | d_m=4.2688e+00
step  301 | acc=0.9200 | NZ=  1859 | sparsity=0.1394 | d_m=4.4538e+00
step  302 | acc=0.9200 | NZ=  1858 | sparsity=0.1398 | d_m=4.6467e+00
step  303 | acc=0.9200 | NZ=  1857 | sparsity=0.1403 | d_m=4.8028e+00
step  304 | acc=0.9200 | NZ=  1856 | sparsity=0.1407 | d_m=4.9541e+00
step  305 | acc=0.9200 | NZ=  1855 | sparsity=0.1412 | d_m=5.2215e+00
step  306 | acc=0.9200 | NZ=  1854 | sparsity=0.1417 | d_m=5.5403e+00
step  307 | acc=0.9200 | NZ=  1853 | sparsity=0.1421 | d_m=5.8337e+00
step  308 | acc=0.9200 | NZ=  1852 | sparsity=0.1426 | d_m=6.1191e+00
step  309 | acc=0.9200 | NZ=  1851 | sparsity=0.1431 | d_m=6.4398e+00
step  310 | acc=0.9200 | NZ=  1850 | sparsity=0.1435 | d_m=6.6517e+00
step  311 | acc=0.9200 | NZ=  1849 | sparsity=0.1440 | d_m=7.0954e+00
step  312 | acc=0.9200 | NZ=  1848 | sparsity=0.1444 | d_m=7.5075e+00
step  313 | acc=0.9200 | NZ=  1847 | sparsity=0.1449 | d_m=7.8488e+00
step  314 | acc=0.9200 | NZ=  1846 | sparsity=0.1454 | d_m=8.1917e+00
step  315 | acc=0.9200 | NZ=  1845 | sparsity=0.1458 | d_m=8.6833e+00
step  316 | acc=0.9200 | NZ=  1844 | sparsity=0.1463 | d_m=9.2296e+00
step  317 | acc=0.9200 | NZ=  1843 | sparsity=0.1468 | d_m=9.7147e+00
step  318 | acc=0.9200 | NZ=  1842 | sparsity=0.1472 | d_m=1.0102e+01
step  319 | acc=0.9200 | NZ=  1841 | sparsity=0.1477 | d_m=1.0621e+01
step  320 | acc=0.9200 | NZ=  1840 | sparsity=0.1481 | d_m=1.1205e+01
step  321 | acc=0.9200 | NZ=  1839 | sparsity=0.1486 | d_m=1.1762e+01
step  322 | acc=0.9200 | NZ=  1838 | sparsity=0.1491 | d_m=1.2313e+01
step  323 | acc=0.9200 | NZ=  1837 | sparsity=0.1495 | d_m=1.2936e+01
step  324 | acc=0.9200 | NZ=  1836 | sparsity=0.1500 | d_m=1.3443e+01
step  325 | acc=0.9200 | NZ=  1835 | sparsity=0.1505 | d_m=1.4098e+01
step  326 | acc=0.9200 | NZ=  1834 | sparsity=0.1509 | d_m=1.4826e+01
step  327 | acc=0.9200 | NZ=  1833 | sparsity=0.1514 | d_m=1.5488e+01
step  328 | acc=0.9200 | NZ=  1832 | sparsity=0.1519 | d_m=1.6134e+01
step  329 | acc=0.9200 | NZ=  1831 | sparsity=0.1523 | d_m=1.6711e+01
step  330 | acc=0.9200 | NZ=  1830 | sparsity=0.1528 | d_m=1.7238e+01
step  331 | acc=0.9200 | NZ=  1829 | sparsity=0.1532 | d_m=1.7634e+01
step  332 | acc=0.9200 | NZ=  1828 | sparsity=0.1537 | d_m=1.8146e+01
step  333 | acc=0.9200 | NZ=  1827 | sparsity=0.1542 | d_m=1.8719e+01
step  334 | acc=0.9200 | NZ=  1826 | sparsity=0.1546 | d_m=1.9502e+01
step  335 | acc=0.9200 | NZ=  1825 | sparsity=0.1551 | d_m=2.0000e+01
step  336 | acc=0.9200 | NZ=  1824 | sparsity=0.1556 | d_m=2.0706e+01
step  337 | acc=0.9200 | NZ=  1823 | sparsity=0.1560 | d_m=2.1531e+01
step  338 | acc=0.9200 | NZ=  1822 | sparsity=0.1565 | d_m=2.2417e+01
step  339 | acc=0.9200 | NZ=  1821 | sparsity=0.1569 | d_m=2.3037e+01
step  340 | acc=0.9200 | NZ=  1820 | sparsity=0.1574 | d_m=2.3784e+01
step  341 | acc=0.9200 | NZ=  1819 | sparsity=0.1579 | d_m=2.4524e+01
step  342 | acc=0.9200 | NZ=  1818 | sparsity=0.1583 | d_m=2.5468e+01
step  343 | acc=0.9200 | NZ=  1817 | sparsity=0.1588 | d_m=2.6303e+01
step  344 | acc=0.9200 | NZ=  1816 | sparsity=0.1593 | d_m=2.6966e+01
step  345 | acc=0.9200 | NZ=  1815 | sparsity=0.1597 | d_m=2.7952e+01
step  346 | acc=0.9200 | NZ=  1814 | sparsity=0.1602 | d_m=2.9192e+01
step  347 | acc=0.9200 | NZ=  1813 | sparsity=0.1606 | d_m=2.9775e+01
step  348 | acc=0.9200 | NZ=  1812 | sparsity=0.1611 | d_m=3.0599e+01
step  349 | acc=0.9200 | NZ=  1811 | sparsity=0.1616 | d_m=3.1338e+01
step  350 | acc=0.9200 | NZ=  1810 | sparsity=0.1620 | d_m=3.1969e+01
step  351 | acc=0.9200 | NZ=  1809 | sparsity=0.1625 | d_m=3.2798e+01
step  352 | acc=0.9200 | NZ=  1808 | sparsity=0.1630 | d_m=3.3536e+01
step  353 | acc=0.9200 | NZ=  1807 | sparsity=0.1634 | d_m=3.4687e+01
step  354 | acc=0.9200 | NZ=  1806 | sparsity=0.1639 | d_m=3.5583e+01
step  355 | acc=0.9200 | NZ=  1805 | sparsity=0.1644 | d_m=3.6472e+01
step  356 | acc=0.9200 | NZ=  1804 | sparsity=0.1648 | d_m=3.7923e+01
step  357 | acc=0.9200 | NZ=  1803 | sparsity=0.1653 | d_m=3.8966e+01
step  358 | acc=0.9200 | NZ=  1802 | sparsity=0.1657 | d_m=3.9837e+01
step  359 | acc=0.9200 | NZ=  1801 | sparsity=0.1662 | d_m=4.0609e+01
step  360 | acc=0.9200 | NZ=  1800 | sparsity=0.1667 | d_m=4.1529e+01
step  361 | acc=0.9200 | NZ=  1799 | sparsity=0.1671 | d_m=4.2699e+01
step  362 | acc=0.9200 | NZ=  1798 | sparsity=0.1676 | d_m=4.4327e+01
step  363 | acc=0.9200 | NZ=  1797 | sparsity=0.1681 | d_m=4.6123e+01
step  364 | acc=0.9200 | NZ=  1796 | sparsity=0.1685 | d_m=4.7655e+01
step  365 | acc=0.9200 | NZ=  1795 | sparsity=0.1690 | d_m=4.9062e+01
step  366 | acc=0.9200 | NZ=  1794 | sparsity=0.1694 | d_m=5.0311e+01
step  367 | acc=0.9200 | NZ=  1793 | sparsity=0.1699 | d_m=5.1126e+01
step  368 | acc=0.9200 | NZ=  1792 | sparsity=0.1704 | d_m=5.2300e+01
step  369 | acc=0.9200 | NZ=  1791 | sparsity=0.1708 | d_m=5.3855e+01
step  370 | acc=0.9200 | NZ=  1790 | sparsity=0.1713 | d_m=5.5026e+01
step  371 | acc=0.9200 | NZ=  1789 | sparsity=0.1718 | d_m=5.6295e+01
step  372 | acc=0.9200 | NZ=  1788 | sparsity=0.1722 | d_m=5.7614e+01
step  373 | acc=0.9200 | NZ=  1787 | sparsity=0.1727 | d_m=5.8972e+01
step  374 | acc=0.9200 | NZ=  1786 | sparsity=0.1731 | d_m=6.0342e+01
step  375 | acc=0.9190 | NZ=  1785 | sparsity=0.1736 | d_m=6.1738e+01
step  376 | acc=0.9190 | NZ=  1784 | sparsity=0.1741 | d_m=6.3874e+01
step  377 | acc=0.9190 | NZ=  1783 | sparsity=0.1745 | d_m=6.5740e+01
step  378 | acc=0.9190 | NZ=  1782 | sparsity=0.1750 | d_m=6.6339e+01
step  379 | acc=0.9190 | NZ=  1781 | sparsity=0.1755 | d_m=6.7995e+01
step  380 | acc=0.9190 | NZ=  1780 | sparsity=0.1759 | d_m=6.9441e+01
step  381 | acc=0.9190 | NZ=  1779 | sparsity=0.1764 | d_m=7.0715e+01
step  382 | acc=0.9190 | NZ=  1778 | sparsity=0.1769 | d_m=7.2199e+01
step  383 | acc=0.9190 | NZ=  1777 | sparsity=0.1773 | d_m=7.3639e+01
step  384 | acc=0.9190 | NZ=  1776 | sparsity=0.1778 | d_m=7.2926e+01
step  385 | acc=0.9190 | NZ=  1775 | sparsity=0.1782 | d_m=7.4291e+01
step  386 | acc=0.9190 | NZ=  1774 | sparsity=0.1787 | d_m=7.6199e+01
step  387 | acc=0.9190 | NZ=  1773 | sparsity=0.1792 | d_m=7.7720e+01
step  388 | acc=0.9190 | NZ=  1772 | sparsity=0.1796 | d_m=7.8698e+01
step  389 | acc=0.9190 | NZ=  1771 | sparsity=0.1801 | d_m=7.9544e+01
step  390 | acc=0.9190 | NZ=  1770 | sparsity=0.1806 | d_m=8.1156e+01
step  391 | acc=0.9190 | NZ=  1769 | sparsity=0.1810 | d_m=8.2715e+01
step  392 | acc=0.9190 | NZ=  1768 | sparsity=0.1815 | d_m=8.3960e+01
step  393 | acc=0.9190 | NZ=  1767 | sparsity=0.1819 | d_m=8.5731e+01
step  394 | acc=0.9190 | NZ=  1766 | sparsity=0.1824 | d_m=8.7172e+01
step  395 | acc=0.9190 | NZ=  1765 | sparsity=0.1829 | d_m=8.8508e+01
step  396 | acc=0.9190 | NZ=  1764 | sparsity=0.1833 | d_m=9.0064e+01
step  397 | acc=0.9190 | NZ=  1763 | sparsity=0.1838 | d_m=9.1763e+01
step  398 | acc=0.9190 | NZ=  1762 | sparsity=0.1843 | d_m=9.3717e+01
step  399 | acc=0.9190 | NZ=  1761 | sparsity=0.1847 | d_m=9.6063e+01
step  400 | acc=0.9190 | NZ=  1760 | sparsity=0.1852 | d_m=9.8039e+01
step  401 | acc=0.9190 | NZ=  1759 | sparsity=0.1856 | d_m=1.0033e+02
step  402 | acc=0.9190 | NZ=  1758 | sparsity=0.1861 | d_m=1.0207e+02
step  403 | acc=0.9190 | NZ=  1757 | sparsity=0.1866 | d_m=1.0387e+02
step  404 | acc=0.9190 | NZ=  1756 | sparsity=0.1870 | d_m=1.0427e+02
step  405 | acc=0.9190 | NZ=  1755 | sparsity=0.1875 | d_m=1.0621e+02
step  406 | acc=0.9190 | NZ=  1754 | sparsity=0.1880 | d_m=1.0892e+02
step  407 | acc=0.9190 | NZ=  1753 | sparsity=0.1884 | d_m=1.1128e+02
step  408 | acc=0.9190 | NZ=  1752 | sparsity=0.1889 | d_m=1.1255e+02
step  409 | acc=0.9190 | NZ=  1751 | sparsity=0.1894 | d_m=1.1413e+02
step  410 | acc=0.9190 | NZ=  1750 | sparsity=0.1898 | d_m=1.1631e+02
step  411 | acc=0.9190 | NZ=  1749 | sparsity=0.1903 | d_m=1.1934e+02
step  412 | acc=0.9190 | NZ=  1748 | sparsity=0.1907 | d_m=1.2244e+02
step  413 | acc=0.9190 | NZ=  1747 | sparsity=0.1912 | d_m=1.2470e+02
step  414 | acc=0.9190 | NZ=  1746 | sparsity=0.1917 | d_m=1.2708e+02
step  415 | acc=0.9190 | NZ=  1745 | sparsity=0.1921 | d_m=1.2882e+02
step  416 | acc=0.9190 | NZ=  1744 | sparsity=0.1926 | d_m=1.3122e+02
step  417 | acc=0.9190 | NZ=  1743 | sparsity=0.1931 | d_m=1.3047e+02
step  418 | acc=0.9190 | NZ=  1742 | sparsity=0.1935 | d_m=1.3336e+02
step  419 | acc=0.9190 | NZ=  1741 | sparsity=0.1940 | d_m=1.3591e+02
step  420 | acc=0.9190 | NZ=  1740 | sparsity=0.1944 | d_m=1.3911e+02
step  421 | acc=0.9190 | NZ=  1739 | sparsity=0.1949 | d_m=1.4126e+02
step  422 | acc=0.9190 | NZ=  1738 | sparsity=0.1954 | d_m=1.4367e+02
step  423 | acc=0.9190 | NZ=  1737 | sparsity=0.1958 | d_m=1.4563e+02
step  424 | acc=0.9190 | NZ=  1736 | sparsity=0.1963 | d_m=1.4850e+02
step  425 | acc=0.9190 | NZ=  1735 | sparsity=0.1968 | d_m=1.5057e+02
step  426 | acc=0.9190 | NZ=  1734 | sparsity=0.1972 | d_m=1.4843e+02
step  427 | acc=0.9190 | NZ=  1733 | sparsity=0.1977 | d_m=1.5206e+02
step  428 | acc=0.9190 | NZ=  1732 | sparsity=0.1981 | d_m=1.5309e+02
step  429 | acc=0.9190 | NZ=  1731 | sparsity=0.1986 | d_m=1.5583e+02
step  430 | acc=0.9190 | NZ=  1730 | sparsity=0.1991 | d_m=1.5401e+02
step  431 | acc=0.9190 | NZ=  1729 | sparsity=0.1995 | d_m=1.5639e+02
step  432 | acc=0.9190 | NZ=  1728 | sparsity=0.2000 | d_m=1.5977e+02
step  433 | acc=0.9190 | NZ=  1727 | sparsity=0.2005 | d_m=1.6236e+02
step  434 | acc=0.9190 | NZ=  1726 | sparsity=0.2009 | d_m=1.6635e+02
step  435 | acc=0.9200 | NZ=  1725 | sparsity=0.2014 | d_m=1.7029e+02
step  436 | acc=0.9200 | NZ=  1724 | sparsity=0.2019 | d_m=1.7384e+02
step  437 | acc=0.9200 | NZ=  1723 | sparsity=0.2023 | d_m=1.7840e+02
step  438 | acc=0.9200 | NZ=  1722 | sparsity=0.2028 | d_m=1.8184e+02
step  439 | acc=0.9200 | NZ=  1721 | sparsity=0.2032 | d_m=1.8596e+02
step  440 | acc=0.9200 | NZ=  1720 | sparsity=0.2037 | d_m=1.8698e+02
step  441 | acc=0.9200 | NZ=  1719 | sparsity=0.2042 | d_m=1.8931e+02
step  442 | acc=0.9200 | NZ=  1718 | sparsity=0.2046 | d_m=1.9159e+02
step  443 | acc=0.9200 | NZ=  1717 | sparsity=0.2051 | d_m=1.9291e+02
step  444 | acc=0.9200 | NZ=  1716 | sparsity=0.2056 | d_m=1.9633e+02
step  445 | acc=0.9200 | NZ=  1715 | sparsity=0.2060 | d_m=1.9910e+02
step  446 | acc=0.9200 | NZ=  1714 | sparsity=0.2065 | d_m=1.9618e+02
step  447 | acc=0.9200 | NZ=  1713 | sparsity=0.2069 | d_m=2.0144e+02
step  448 | acc=0.9200 | NZ=  1712 | sparsity=0.2074 | d_m=2.0535e+02
step  449 | acc=0.9200 | NZ=  1711 | sparsity=0.2079 | d_m=2.0899e+02
step  450 | acc=0.9200 | NZ=  1710 | sparsity=0.2083 | d_m=2.1327e+02
step  451 | acc=0.9200 | NZ=  1709 | sparsity=0.2088 | d_m=2.1498e+02
step  452 | acc=0.9200 | NZ=  1708 | sparsity=0.2093 | d_m=2.1896e+02
step  453 | acc=0.9200 | NZ=  1707 | sparsity=0.2097 | d_m=2.2279e+02
step  454 | acc=0.9200 | NZ=  1706 | sparsity=0.2102 | d_m=2.2585e+02
step  455 | acc=0.9190 | NZ=  1705 | sparsity=0.2106 | d_m=2.2972e+02
step  456 | acc=0.9190 | NZ=  1704 | sparsity=0.2111 | d_m=2.3203e+02
step  457 | acc=0.9200 | NZ=  1703 | sparsity=0.2116 | d_m=2.3487e+02
step  458 | acc=0.9200 | NZ=  1702 | sparsity=0.2120 | d_m=2.3614e+02
step  459 | acc=0.9200 | NZ=  1701 | sparsity=0.2125 | d_m=2.4055e+02
step  460 | acc=0.9200 | NZ=  1700 | sparsity=0.2130 | d_m=2.4384e+02
step  461 | acc=0.9200 | NZ=  1699 | sparsity=0.2134 | d_m=2.4720e+02
step  462 | acc=0.9200 | NZ=  1698 | sparsity=0.2139 | d_m=2.5056e+02
step  463 | acc=0.9200 | NZ=  1697 | sparsity=0.2144 | d_m=2.5441e+02
step  464 | acc=0.9200 | NZ=  1696 | sparsity=0.2148 | d_m=2.5939e+02
step  465 | acc=0.9200 | NZ=  1695 | sparsity=0.2153 | d_m=2.6372e+02
step  466 | acc=0.9200 | NZ=  1694 | sparsity=0.2157 | d_m=2.6878e+02
step  467 | acc=0.9200 | NZ=  1693 | sparsity=0.2162 | d_m=2.7096e+02
step  468 | acc=0.9200 | NZ=  1692 | sparsity=0.2167 | d_m=2.7653e+02
step  469 | acc=0.9200 | NZ=  1691 | sparsity=0.2171 | d_m=2.8235e+02
step  470 | acc=0.9200 | NZ=  1690 | sparsity=0.2176 | d_m=2.8696e+02
step  471 | acc=0.9200 | NZ=  1689 | sparsity=0.2181 | d_m=2.9130e+02
step  472 | acc=0.9200 | NZ=  1688 | sparsity=0.2185 | d_m=2.9529e+02
step  473 | acc=0.9200 | NZ=  1687 | sparsity=0.2190 | d_m=2.9854e+02
step  474 | acc=0.9200 | NZ=  1686 | sparsity=0.2194 | d_m=3.0135e+02
step  475 | acc=0.9200 | NZ=  1685 | sparsity=0.2199 | d_m=3.0529e+02
step  476 | acc=0.9200 | NZ=  1684 | sparsity=0.2204 | d_m=3.1060e+02
step  477 | acc=0.9200 | NZ=  1683 | sparsity=0.2208 | d_m=3.1111e+02
step  478 | acc=0.9200 | NZ=  1682 | sparsity=0.2213 | d_m=3.1615e+02
step  479 | acc=0.9200 | NZ=  1681 | sparsity=0.2218 | d_m=3.2127e+02
step  480 | acc=0.9200 | NZ=  1680 | sparsity=0.2222 | d_m=3.2368e+02
step  481 | acc=0.9200 | NZ=  1679 | sparsity=0.2227 | d_m=3.2930e+02
step  482 | acc=0.9200 | NZ=  1678 | sparsity=0.2231 | d_m=3.3457e+02
step  483 | acc=0.9200 | NZ=  1677 | sparsity=0.2236 | d_m=3.3866e+02
step  484 | acc=0.9200 | NZ=  1676 | sparsity=0.2241 | d_m=3.4252e+02
step  485 | acc=0.9200 | NZ=  1675 | sparsity=0.2245 | d_m=3.4534e+02
step  486 | acc=0.9200 | NZ=  1674 | sparsity=0.2250 | d_m=3.4899e+02
step  487 | acc=0.9200 | NZ=  1673 | sparsity=0.2255 | d_m=3.5352e+02
step  488 | acc=0.9200 | NZ=  1672 | sparsity=0.2259 | d_m=3.5850e+02
step  489 | acc=0.9200 | NZ=  1671 | sparsity=0.2264 | d_m=3.6121e+02
step  490 | acc=0.9200 | NZ=  1670 | sparsity=0.2269 | d_m=3.6472e+02
step  491 | acc=0.9200 | NZ=  1669 | sparsity=0.2273 | d_m=3.6891e+02
step  492 | acc=0.9200 | NZ=  1668 | sparsity=0.2278 | d_m=3.7461e+02
step  493 | acc=0.9200 | NZ=  1667 | sparsity=0.2282 | d_m=3.8205e+02
step  494 | acc=0.9200 | NZ=  1666 | sparsity=0.2287 | d_m=3.8761e+02
step  495 | acc=0.9200 | NZ=  1665 | sparsity=0.2292 | d_m=3.9069e+02
step  496 | acc=0.9200 | NZ=  1664 | sparsity=0.2296 | d_m=3.9529e+02
step  497 | acc=0.9200 | NZ=  1663 | sparsity=0.2301 | d_m=4.0378e+02
step  498 | acc=0.9200 | NZ=  1662 | sparsity=0.2306 | d_m=4.1009e+02
step  499 | acc=0.9200 | NZ=  1661 | sparsity=0.2310 | d_m=4.1337e+02
step  500 | acc=0.9200 | NZ=  1660 | sparsity=0.2315 | d_m=4.1689e+02
step  501 | acc=0.9200 | NZ=  1659 | sparsity=0.2319 | d_m=4.2020e+02
step  502 | acc=0.9200 | NZ=  1658 | sparsity=0.2324 | d_m=4.2232e+02
step  503 | acc=0.9200 | NZ=  1657 | sparsity=0.2329 | d_m=4.3050e+02
step  504 | acc=0.9200 | NZ=  1656 | sparsity=0.2333 | d_m=4.3842e+02
step  505 | acc=0.9200 | NZ=  1655 | sparsity=0.2338 | d_m=4.4773e+02
step  506 | acc=0.9200 | NZ=  1654 | sparsity=0.2343 | d_m=4.5465e+02
step  507 | acc=0.9200 | NZ=  1653 | sparsity=0.2347 | d_m=4.6087e+02
step  508 | acc=0.9200 | NZ=  1652 | sparsity=0.2352 | d_m=4.6757e+02
step  509 | acc=0.9200 | NZ=  1651 | sparsity=0.2356 | d_m=4.7081e+02
step  510 | acc=0.9200 | NZ=  1650 | sparsity=0.2361 | d_m=4.7949e+02
step  511 | acc=0.9200 | NZ=  1649 | sparsity=0.2366 | d_m=4.8440e+02
step  512 | acc=0.9200 | NZ=  1648 | sparsity=0.2370 | d_m=4.8956e+02
step  513 | acc=0.9200 | NZ=  1647 | sparsity=0.2375 | d_m=4.9331e+02
step  514 | acc=0.9200 | NZ=  1646 | sparsity=0.2380 | d_m=4.9561e+02
step  515 | acc=0.9200 | NZ=  1645 | sparsity=0.2384 | d_m=4.9930e+02
step  516 | acc=0.9200 | NZ=  1644 | sparsity=0.2389 | d_m=5.0547e+02
step  517 | acc=0.9200 | NZ=  1643 | sparsity=0.2394 | d_m=5.0998e+02
step  518 | acc=0.9200 | NZ=  1642 | sparsity=0.2398 | d_m=5.1706e+02
step  519 | acc=0.9200 | NZ=  1641 | sparsity=0.2403 | d_m=5.2046e+02
step  520 | acc=0.9200 | NZ=  1640 | sparsity=0.2407 | d_m=5.2521e+02
step  521 | acc=0.9200 | NZ=  1639 | sparsity=0.2412 | d_m=5.3021e+02
step  522 | acc=0.9200 | NZ=  1638 | sparsity=0.2417 | d_m=5.2527e+02
step  523 | acc=0.9200 | NZ=  1637 | sparsity=0.2421 | d_m=5.3436e+02
step  524 | acc=0.9200 | NZ=  1636 | sparsity=0.2426 | d_m=5.4029e+02
step  525 | acc=0.9200 | NZ=  1635 | sparsity=0.2431 | d_m=5.4501e+02
step  526 | acc=0.9200 | NZ=  1634 | sparsity=0.2435 | d_m=5.4651e+02
step  527 | acc=0.9200 | NZ=  1633 | sparsity=0.2440 | d_m=5.5233e+02
step  528 | acc=0.9200 | NZ=  1632 | sparsity=0.2444 | d_m=5.6106e+02
step  529 | acc=0.9190 | NZ=  1631 | sparsity=0.2449 | d_m=5.6870e+02
step  530 | acc=0.9190 | NZ=  1630 | sparsity=0.2454 | d_m=5.7525e+02
step  531 | acc=0.9200 | NZ=  1629 | sparsity=0.2458 | d_m=5.7396e+02
step  532 | acc=0.9200 | NZ=  1628 | sparsity=0.2463 | d_m=5.8150e+02
step  533 | acc=0.9190 | NZ=  1627 | sparsity=0.2468 | d_m=5.8541e+02
step  534 | acc=0.9190 | NZ=  1626 | sparsity=0.2472 | d_m=5.8544e+02
step  535 | acc=0.9190 | NZ=  1625 | sparsity=0.2477 | d_m=5.9308e+02
step  536 | acc=0.9190 | NZ=  1624 | sparsity=0.2481 | d_m=5.9765e+02
step  537 | acc=0.9190 | NZ=  1623 | sparsity=0.2486 | d_m=6.0353e+02
step  538 | acc=0.9190 | NZ=  1622 | sparsity=0.2491 | d_m=6.1337e+02
step  539 | acc=0.9190 | NZ=  1621 | sparsity=0.2495 | d_m=6.2344e+02
step  540 | acc=0.9200 | NZ=  1620 | sparsity=0.2500 | d_m=6.3259e+02
step  541 | acc=0.9190 | NZ=  1619 | sparsity=0.2505 | d_m=6.5210e+02
step  542 | acc=0.9190 | NZ=  1618 | sparsity=0.2509 | d_m=6.5596e+02
step  543 | acc=0.9190 | NZ=  1617 | sparsity=0.2514 | d_m=6.5882e+02
step  544 | acc=0.9190 | NZ=  1616 | sparsity=0.2519 | d_m=6.6659e+02
step  545 | acc=0.9190 | NZ=  1615 | sparsity=0.2523 | d_m=6.7547e+02
step  546 | acc=0.9190 | NZ=  1614 | sparsity=0.2528 | d_m=6.8321e+02
step  547 | acc=0.9190 | NZ=  1613 | sparsity=0.2532 | d_m=6.9056e+02
step  548 | acc=0.9190 | NZ=  1612 | sparsity=0.2537 | d_m=6.9680e+02
step  549 | acc=0.9190 | NZ=  1611 | sparsity=0.2542 | d_m=7.0289e+02
step  550 | acc=0.9190 | NZ=  1610 | sparsity=0.2546 | d_m=7.0802e+02
step  551 | acc=0.9190 | NZ=  1609 | sparsity=0.2551 | d_m=7.1728e+02
step  552 | acc=0.9190 | NZ=  1608 | sparsity=0.2556 | d_m=7.2513e+02
step  553 | acc=0.9190 | NZ=  1607 | sparsity=0.2560 | d_m=7.3187e+02
step  554 | acc=0.9190 | NZ=  1606 | sparsity=0.2565 | d_m=7.3829e+02
step  555 | acc=0.9180 | NZ=  1605 | sparsity=0.2569 | d_m=7.4757e+02
step  556 | acc=0.9180 | NZ=  1604 | sparsity=0.2574 | d_m=7.5745e+02
step  557 | acc=0.9180 | NZ=  1603 | sparsity=0.2579 | d_m=7.6450e+02
step  558 | acc=0.9180 | NZ=  1602 | sparsity=0.2583 | d_m=7.7315e+02
step  559 | acc=0.9180 | NZ=  1601 | sparsity=0.2588 | d_m=7.8267e+02
step  560 | acc=0.9180 | NZ=  1600 | sparsity=0.2593 | d_m=7.9228e+02
step  561 | acc=0.9180 | NZ=  1599 | sparsity=0.2597 | d_m=8.0416e+02
step  562 | acc=0.9180 | NZ=  1598 | sparsity=0.2602 | d_m=8.1498e+02
step  563 | acc=0.9180 | NZ=  1597 | sparsity=0.2606 | d_m=8.2799e+02
step  564 | acc=0.9180 | NZ=  1596 | sparsity=0.2611 | d_m=8.4104e+02
step  565 | acc=0.9180 | NZ=  1595 | sparsity=0.2616 | d_m=8.5004e+02
step  566 | acc=0.9180 | NZ=  1594 | sparsity=0.2620 | d_m=8.5672e+02
step  567 | acc=0.9180 | NZ=  1593 | sparsity=0.2625 | d_m=8.5283e+02
step  568 | acc=0.9180 | NZ=  1592 | sparsity=0.2630 | d_m=8.6454e+02
step  569 | acc=0.9180 | NZ=  1591 | sparsity=0.2634 | d_m=8.7486e+02
step  570 | acc=0.9180 | NZ=  1590 | sparsity=0.2639 | d_m=8.8441e+02
step  571 | acc=0.9190 | NZ=  1589 | sparsity=0.2644 | d_m=8.8075e+02
step  572 | acc=0.9180 | NZ=  1588 | sparsity=0.2648 | d_m=8.9220e+02
step  573 | acc=0.9180 | NZ=  1587 | sparsity=0.2653 | d_m=9.0255e+02
step  574 | acc=0.9180 | NZ=  1586 | sparsity=0.2657 | d_m=9.1409e+02
step  575 | acc=0.9180 | NZ=  1585 | sparsity=0.2662 | d_m=9.2751e+02
step  576 | acc=0.9180 | NZ=  1584 | sparsity=0.2667 | d_m=9.4472e+02
step  577 | acc=0.9180 | NZ=  1583 | sparsity=0.2671 | d_m=9.5779e+02
step  578 | acc=0.9180 | NZ=  1582 | sparsity=0.2676 | d_m=9.6766e+02
step  579 | acc=0.9180 | NZ=  1581 | sparsity=0.2681 | d_m=9.8042e+02
step  580 | acc=0.9180 | NZ=  1580 | sparsity=0.2685 | d_m=9.9074e+02
step  581 | acc=0.9180 | NZ=  1579 | sparsity=0.2690 | d_m=9.9704e+02
step  582 | acc=0.9180 | NZ=  1578 | sparsity=0.2694 | d_m=1.0101e+03
step  583 | acc=0.9180 | NZ=  1577 | sparsity=0.2699 | d_m=1.0225e+03
step  584 | acc=0.9180 | NZ=  1576 | sparsity=0.2704 | d_m=1.0332e+03
step  585 | acc=0.9180 | NZ=  1575 | sparsity=0.2708 | d_m=1.0416e+03
step  586 | acc=0.9180 | NZ=  1574 | sparsity=0.2713 | d_m=1.0571e+03
step  587 | acc=0.9180 | NZ=  1573 | sparsity=0.2718 | d_m=1.0606e+03
step  588 | acc=0.9190 | NZ=  1572 | sparsity=0.2722 | d_m=1.0712e+03
step  589 | acc=0.9180 | NZ=  1571 | sparsity=0.2727 | d_m=1.0821e+03
step  590 | acc=0.9180 | NZ=  1570 | sparsity=0.2731 | d_m=1.0960e+03
step  591 | acc=0.9230 | NZ=  1569 | sparsity=0.2736 | d_m=1.1114e+03
step  592 | acc=0.9210 | NZ=  1568 | sparsity=0.2741 | d_m=1.1131e+03
step  593 | acc=0.9190 | NZ=  1567 | sparsity=0.2745 | d_m=1.1168e+03
step  594 | acc=0.9190 | NZ=  1566 | sparsity=0.2750 | d_m=1.1282e+03
step  595 | acc=0.9180 | NZ=  1565 | sparsity=0.2755 | d_m=1.1375e+03
step  596 | acc=0.9180 | NZ=  1564 | sparsity=0.2759 | d_m=1.1492e+03
step  597 | acc=0.9180 | NZ=  1563 | sparsity=0.2764 | d_m=1.1581e+03
step  598 | acc=0.9180 | NZ=  1562 | sparsity=0.2769 | d_m=1.1677e+03
step  599 | acc=0.9180 | NZ=  1561 | sparsity=0.2773 | d_m=1.1783e+03
step  600 | acc=0.9180 | NZ=  1560 | sparsity=0.2778 | d_m=1.1881e+03
step  601 | acc=0.9180 | NZ=  1559 | sparsity=0.2782 | d_m=1.1990e+03
step  602 | acc=0.9180 | NZ=  1558 | sparsity=0.2787 | d_m=1.2104e+03
step  603 | acc=0.9180 | NZ=  1557 | sparsity=0.2792 | d_m=1.2215e+03
step  604 | acc=0.9180 | NZ=  1556 | sparsity=0.2796 | d_m=1.2330e+03
step  605 | acc=0.9180 | NZ=  1555 | sparsity=0.2801 | d_m=1.2436e+03
step  606 | acc=0.9180 | NZ=  1554 | sparsity=0.2806 | d_m=1.2566e+03
step  607 | acc=0.9180 | NZ=  1553 | sparsity=0.2810 | d_m=1.2744e+03
step  608 | acc=0.9190 | NZ=  1552 | sparsity=0.2815 | d_m=1.2887e+03
step  609 | acc=0.9190 | NZ=  1551 | sparsity=0.2819 | d_m=1.3038e+03
step  610 | acc=0.9190 | NZ=  1550 | sparsity=0.2824 | d_m=1.3165e+03
step  611 | acc=0.9190 | NZ=  1549 | sparsity=0.2829 | d_m=1.3319e+03
step  612 | acc=0.9180 | NZ=  1548 | sparsity=0.2833 | d_m=1.3468e+03
step  613 | acc=0.9170 | NZ=  1547 | sparsity=0.2838 | d_m=1.3429e+03
step  614 | acc=0.9170 | NZ=  1546 | sparsity=0.2843 | d_m=1.3552e+03
step  615 | acc=0.9170 | NZ=  1545 | sparsity=0.2847 | d_m=1.3641e+03
step  616 | acc=0.9160 | NZ=  1544 | sparsity=0.2852 | d_m=1.3761e+03
step  617 | acc=0.9160 | NZ=  1543 | sparsity=0.2856 | d_m=1.3909e+03
step  618 | acc=0.9160 | NZ=  1542 | sparsity=0.2861 | d_m=1.3962e+03
step  619 | acc=0.9160 | NZ=  1541 | sparsity=0.2866 | d_m=1.4106e+03
step  620 | acc=0.9160 | NZ=  1540 | sparsity=0.2870 | d_m=1.4053e+03
step  621 | acc=0.9160 | NZ=  1539 | sparsity=0.2875 | d_m=1.4125e+03
step  622 | acc=0.9160 | NZ=  1538 | sparsity=0.2880 | d_m=1.4185e+03
step  623 | acc=0.9160 | NZ=  1537 | sparsity=0.2884 | d_m=1.4264e+03
step  624 | acc=0.9160 | NZ=  1536 | sparsity=0.2889 | d_m=1.4356e+03
step  625 | acc=0.9160 | NZ=  1535 | sparsity=0.2894 | d_m=1.4506e+03
step  626 | acc=0.9160 | NZ=  1534 | sparsity=0.2898 | d_m=1.4616e+03
step  627 | acc=0.9160 | NZ=  1533 | sparsity=0.2903 | d_m=1.4592e+03
step  628 | acc=0.9160 | NZ=  1532 | sparsity=0.2907 | d_m=1.4749e+03
step  629 | acc=0.9160 | NZ=  1531 | sparsity=0.2912 | d_m=1.4899e+03
step  630 | acc=0.9160 | NZ=  1530 | sparsity=0.2917 | d_m=1.5029e+03
step  631 | acc=0.9160 | NZ=  1529 | sparsity=0.2921 | d_m=1.5211e+03
step  632 | acc=0.9170 | NZ=  1528 | sparsity=0.2926 | d_m=1.5362e+03
step  633 | acc=0.9160 | NZ=  1527 | sparsity=0.2931 | d_m=1.5496e+03
step  634 | acc=0.9160 | NZ=  1526 | sparsity=0.2935 | d_m=1.5463e+03
step  635 | acc=0.9160 | NZ=  1525 | sparsity=0.2940 | d_m=1.5616e+03
step  636 | acc=0.9160 | NZ=  1524 | sparsity=0.2944 | d_m=1.5697e+03
step  637 | acc=0.9170 | NZ=  1523 | sparsity=0.2949 | d_m=1.5753e+03
step  638 | acc=0.9160 | NZ=  1522 | sparsity=0.2954 | d_m=1.5907e+03
step  639 | acc=0.9160 | NZ=  1521 | sparsity=0.2958 | d_m=1.6027e+03
step  640 | acc=0.9170 | NZ=  1520 | sparsity=0.2963 | d_m=1.6186e+03
step  641 | acc=0.9160 | NZ=  1519 | sparsity=0.2968 | d_m=1.6255e+03
step  642 | acc=0.9150 | NZ=  1518 | sparsity=0.2972 | d_m=1.6387e+03
step  643 | acc=0.9170 | NZ=  1517 | sparsity=0.2977 | d_m=1.6511e+03
step  644 | acc=0.9160 | NZ=  1516 | sparsity=0.2981 | d_m=1.6613e+03
step  645 | acc=0.9160 | NZ=  1515 | sparsity=0.2986 | d_m=1.6722e+03
step  646 | acc=0.9160 | NZ=  1514 | sparsity=0.2991 | d_m=1.6667e+03
step  647 | acc=0.9170 | NZ=  1513 | sparsity=0.2995 | d_m=1.6833e+03
step  648 | acc=0.9160 | NZ=  1512 | sparsity=0.3000 | d_m=1.6981e+03
step  649 | acc=0.9160 | NZ=  1511 | sparsity=0.3005 | d_m=1.7116e+03
step  650 | acc=0.9160 | NZ=  1510 | sparsity=0.3009 | d_m=1.7348e+03
step  651 | acc=0.9160 | NZ=  1509 | sparsity=0.3014 | d_m=1.7538e+03
step  652 | acc=0.9160 | NZ=  1508 | sparsity=0.3019 | d_m=1.7652e+03
step  653 | acc=0.9160 | NZ=  1507 | sparsity=0.3023 | d_m=1.7754e+03
step  654 | acc=0.9160 | NZ=  1506 | sparsity=0.3028 | d_m=1.7814e+03
step  655 | acc=0.9160 | NZ=  1505 | sparsity=0.3032 | d_m=1.7876e+03
step  656 | acc=0.9160 | NZ=  1504 | sparsity=0.3037 | d_m=1.7936e+03
step  657 | acc=0.9150 | NZ=  1503 | sparsity=0.3042 | d_m=1.8045e+03
step  658 | acc=0.9150 | NZ=  1502 | sparsity=0.3046 | d_m=1.8224e+03
step  659 | acc=0.9160 | NZ=  1501 | sparsity=0.3051 | d_m=1.8365e+03
step  660 | acc=0.9160 | NZ=  1500 | sparsity=0.3056 | d_m=1.8528e+03
step  661 | acc=0.9150 | NZ=  1499 | sparsity=0.3060 | d_m=1.8726e+03
step  662 | acc=0.9150 | NZ=  1498 | sparsity=0.3065 | d_m=1.8913e+03
step  663 | acc=0.9160 | NZ=  1497 | sparsity=0.3069 | d_m=1.9041e+03
step  664 | acc=0.9160 | NZ=  1496 | sparsity=0.3074 | d_m=1.9106e+03
step  665 | acc=0.9170 | NZ=  1495 | sparsity=0.3079 | d_m=1.9205e+03
step  666 | acc=0.9160 | NZ=  1494 | sparsity=0.3083 | d_m=1.9341e+03
step  667 | acc=0.9170 | NZ=  1493 | sparsity=0.3088 | d_m=1.9493e+03
step  668 | acc=0.9170 | NZ=  1492 | sparsity=0.3093 | d_m=1.9580e+03
step  669 | acc=0.9160 | NZ=  1491 | sparsity=0.3097 | d_m=1.9802e+03
step  670 | acc=0.9160 | NZ=  1490 | sparsity=0.3102 | d_m=2.0050e+03
step  671 | acc=0.9160 | NZ=  1489 | sparsity=0.3106 | d_m=2.0344e+03
step  672 | acc=0.9160 | NZ=  1488 | sparsity=0.3111 | d_m=2.0561e+03
step  673 | acc=0.9160 | NZ=  1487 | sparsity=0.3116 | d_m=2.0756e+03
step  674 | acc=0.9170 | NZ=  1486 | sparsity=0.3120 | d_m=2.0883e+03
step  675 | acc=0.9180 | NZ=  1485 | sparsity=0.3125 | d_m=2.0998e+03
step  676 | acc=0.9170 | NZ=  1484 | sparsity=0.3130 | d_m=2.1174e+03
step  677 | acc=0.9170 | NZ=  1483 | sparsity=0.3134 | d_m=2.1332e+03
step  678 | acc=0.9180 | NZ=  1482 | sparsity=0.3139 | d_m=2.1486e+03
step  679 | acc=0.9170 | NZ=  1481 | sparsity=0.3144 | d_m=2.1964e+03
step  680 | acc=0.9170 | NZ=  1480 | sparsity=0.3148 | d_m=2.2004e+03
step  681 | acc=0.9170 | NZ=  1479 | sparsity=0.3153 | d_m=2.2111e+03
step  682 | acc=0.9170 | NZ=  1478 | sparsity=0.3157 | d_m=2.2218e+03
step  683 | acc=0.9170 | NZ=  1477 | sparsity=0.3162 | d_m=2.2396e+03
step  684 | acc=0.9170 | NZ=  1476 | sparsity=0.3167 | d_m=2.2549e+03
step  685 | acc=0.9170 | NZ=  1475 | sparsity=0.3171 | d_m=2.2737e+03
step  686 | acc=0.9170 | NZ=  1474 | sparsity=0.3176 | d_m=2.3014e+03
step  687 | acc=0.9180 | NZ=  1473 | sparsity=0.3181 | d_m=2.3227e+03
step  688 | acc=0.9190 | NZ=  1472 | sparsity=0.3185 | d_m=2.3385e+03
step  689 | acc=0.9180 | NZ=  1471 | sparsity=0.3190 | d_m=2.3508e+03
step  690 | acc=0.9190 | NZ=  1470 | sparsity=0.3194 | d_m=2.3613e+03
step  691 | acc=0.9190 | NZ=  1469 | sparsity=0.3199 | d_m=2.3821e+03
step  692 | acc=0.9190 | NZ=  1468 | sparsity=0.3204 | d_m=2.3971e+03
step  693 | acc=0.9180 | NZ=  1467 | sparsity=0.3208 | d_m=2.3923e+03
step  694 | acc=0.9180 | NZ=  1466 | sparsity=0.3213 | d_m=2.4184e+03
step  695 | acc=0.9180 | NZ=  1465 | sparsity=0.3218 | d_m=2.4325e+03
step  696 | acc=0.9200 | NZ=  1464 | sparsity=0.3222 | d_m=2.4346e+03
step  697 | acc=0.9200 | NZ=  1463 | sparsity=0.3227 | d_m=2.4195e+03
step  698 | acc=0.9190 | NZ=  1462 | sparsity=0.3231 | d_m=2.4445e+03
step  699 | acc=0.9190 | NZ=  1461 | sparsity=0.3236 | d_m=2.4659e+03
step  700 | acc=0.9210 | NZ=  1460 | sparsity=0.3241 | d_m=2.4956e+03
step  701 | acc=0.9210 | NZ=  1459 | sparsity=0.3245 | d_m=2.5242e+03
step  702 | acc=0.9210 | NZ=  1458 | sparsity=0.3250 | d_m=2.5403e+03
step  703 | acc=0.9210 | NZ=  1457 | sparsity=0.3255 | d_m=2.5600e+03
step  704 | acc=0.9210 | NZ=  1456 | sparsity=0.3259 | d_m=2.5720e+03
step  705 | acc=0.9200 | NZ=  1455 | sparsity=0.3264 | d_m=2.5915e+03
step  706 | acc=0.9200 | NZ=  1454 | sparsity=0.3269 | d_m=2.6129e+03
step  707 | acc=0.9200 | NZ=  1453 | sparsity=0.3273 | d_m=2.6367e+03
step  708 | acc=0.9200 | NZ=  1452 | sparsity=0.3278 | d_m=2.6514e+03
step  709 | acc=0.9200 | NZ=  1451 | sparsity=0.3282 | d_m=2.6652e+03
step  710 | acc=0.9200 | NZ=  1450 | sparsity=0.3287 | d_m=2.6897e+03
step  711 | acc=0.9200 | NZ=  1449 | sparsity=0.3292 | d_m=2.7181e+03
step  712 | acc=0.9200 | NZ=  1448 | sparsity=0.3296 | d_m=2.7470e+03
step  713 | acc=0.9200 | NZ=  1447 | sparsity=0.3301 | d_m=2.7857e+03
step  714 | acc=0.9190 | NZ=  1446 | sparsity=0.3306 | d_m=2.7981e+03
step  715 | acc=0.9200 | NZ=  1445 | sparsity=0.3310 | d_m=2.8114e+03
step  716 | acc=0.9190 | NZ=  1444 | sparsity=0.3315 | d_m=2.8301e+03
step  717 | acc=0.9190 | NZ=  1443 | sparsity=0.3319 | d_m=2.8518e+03
step  718 | acc=0.9200 | NZ=  1442 | sparsity=0.3324 | d_m=2.8742e+03
step  719 | acc=0.9200 | NZ=  1441 | sparsity=0.3329 | d_m=2.8963e+03
step  720 | acc=0.9200 | NZ=  1440 | sparsity=0.3333 | d_m=2.9132e+03
step  721 | acc=0.9200 | NZ=  1439 | sparsity=0.3338 | d_m=2.9411e+03
step  722 | acc=0.9200 | NZ=  1438 | sparsity=0.3343 | d_m=2.9709e+03
step  723 | acc=0.9200 | NZ=  1437 | sparsity=0.3347 | d_m=2.9974e+03
step  724 | acc=0.9200 | NZ=  1436 | sparsity=0.3352 | d_m=3.0071e+03
step  725 | acc=0.9200 | NZ=  1435 | sparsity=0.3356 | d_m=3.0265e+03
step  726 | acc=0.9200 | NZ=  1434 | sparsity=0.3361 | d_m=3.0496e+03
step  727 | acc=0.9200 | NZ=  1433 | sparsity=0.3366 | d_m=3.0269e+03
step  728 | acc=0.9200 | NZ=  1432 | sparsity=0.3370 | d_m=3.0492e+03
step  729 | acc=0.9200 | NZ=  1431 | sparsity=0.3375 | d_m=3.0571e+03
step  730 | acc=0.9210 | NZ=  1430 | sparsity=0.3380 | d_m=3.0821e+03
step  731 | acc=0.9200 | NZ=  1429 | sparsity=0.3384 | d_m=3.0967e+03
step  732 | acc=0.9200 | NZ=  1428 | sparsity=0.3389 | d_m=3.0871e+03
step  733 | acc=0.9200 | NZ=  1427 | sparsity=0.3394 | d_m=3.1327e+03
step  734 | acc=0.9200 | NZ=  1426 | sparsity=0.3398 | d_m=3.1493e+03
step  735 | acc=0.9200 | NZ=  1425 | sparsity=0.3403 | d_m=3.1898e+03
step  736 | acc=0.9200 | NZ=  1424 | sparsity=0.3407 | d_m=3.2277e+03
step  737 | acc=0.9200 | NZ=  1423 | sparsity=0.3412 | d_m=3.2709e+03
step  738 | acc=0.9200 | NZ=  1422 | sparsity=0.3417 | d_m=3.2966e+03
step  739 | acc=0.9200 | NZ=  1421 | sparsity=0.3421 | d_m=3.3259e+03
step  740 | acc=0.9200 | NZ=  1420 | sparsity=0.3426 | d_m=3.3605e+03
step  741 | acc=0.9200 | NZ=  1419 | sparsity=0.3431 | d_m=3.4020e+03
step  742 | acc=0.9200 | NZ=  1418 | sparsity=0.3435 | d_m=3.4387e+03
step  743 | acc=0.9200 | NZ=  1417 | sparsity=0.3440 | d_m=3.4596e+03
step  744 | acc=0.9200 | NZ=  1416 | sparsity=0.3444 | d_m=3.4812e+03
step  745 | acc=0.9200 | NZ=  1415 | sparsity=0.3449 | d_m=3.4947e+03
step  746 | acc=0.9200 | NZ=  1414 | sparsity=0.3454 | d_m=3.4783e+03
step  747 | acc=0.9200 | NZ=  1413 | sparsity=0.3458 | d_m=3.4997e+03
step  748 | acc=0.9200 | NZ=  1412 | sparsity=0.3463 | d_m=3.5379e+03
step  749 | acc=0.9200 | NZ=  1411 | sparsity=0.3468 | d_m=3.5677e+03
step  750 | acc=0.9200 | NZ=  1410 | sparsity=0.3472 | d_m=3.5850e+03
step  751 | acc=0.9190 | NZ=  1409 | sparsity=0.3477 | d_m=3.5986e+03
step  752 | acc=0.9190 | NZ=  1408 | sparsity=0.3481 | d_m=3.6192e+03
step  753 | acc=0.9190 | NZ=  1407 | sparsity=0.3486 | d_m=3.6362e+03
step  754 | acc=0.9200 | NZ=  1406 | sparsity=0.3491 | d_m=3.6573e+03
step  755 | acc=0.9200 | NZ=  1405 | sparsity=0.3495 | d_m=3.6945e+03
step  756 | acc=0.9190 | NZ=  1404 | sparsity=0.3500 | d_m=3.7169e+03
step  757 | acc=0.9190 | NZ=  1403 | sparsity=0.3505 | d_m=3.7364e+03
step  758 | acc=0.9190 | NZ=  1402 | sparsity=0.3509 | d_m=3.7809e+03
step  759 | acc=0.9190 | NZ=  1401 | sparsity=0.3514 | d_m=3.8069e+03
step  760 | acc=0.9190 | NZ=  1400 | sparsity=0.3519 | d_m=3.8391e+03
step  761 | acc=0.9200 | NZ=  1399 | sparsity=0.3523 | d_m=3.8702e+03
step  762 | acc=0.9200 | NZ=  1398 | sparsity=0.3528 | d_m=3.8949e+03
step  763 | acc=0.9200 | NZ=  1397 | sparsity=0.3532 | d_m=3.9316e+03
step  764 | acc=0.9190 | NZ=  1396 | sparsity=0.3537 | d_m=3.9721e+03
step  765 | acc=0.9190 | NZ=  1395 | sparsity=0.3542 | d_m=3.9980e+03
step  766 | acc=0.9200 | NZ=  1394 | sparsity=0.3546 | d_m=4.0439e+03
step  767 | acc=0.9210 | NZ=  1393 | sparsity=0.3551 | d_m=4.0772e+03
step  768 | acc=0.9210 | NZ=  1392 | sparsity=0.3556 | d_m=4.1274e+03
step  769 | acc=0.9200 | NZ=  1391 | sparsity=0.3560 | d_m=4.1822e+03
step  770 | acc=0.9210 | NZ=  1390 | sparsity=0.3565 | d_m=4.2112e+03
step  771 | acc=0.9210 | NZ=  1389 | sparsity=0.3569 | d_m=4.2295e+03
step  772 | acc=0.9200 | NZ=  1388 | sparsity=0.3574 | d_m=4.2551e+03
step  773 | acc=0.9200 | NZ=  1387 | sparsity=0.3579 | d_m=4.2751e+03
step  774 | acc=0.9200 | NZ=  1386 | sparsity=0.3583 | d_m=4.3017e+03
step  775 | acc=0.9200 | NZ=  1385 | sparsity=0.3588 | d_m=4.2900e+03
step  776 | acc=0.9190 | NZ=  1384 | sparsity=0.3593 | d_m=4.3121e+03
step  777 | acc=0.9200 | NZ=  1383 | sparsity=0.3597 | d_m=4.3388e+03
step  778 | acc=0.9200 | NZ=  1382 | sparsity=0.3602 | d_m=4.3626e+03
step  779 | acc=0.9190 | NZ=  1381 | sparsity=0.3606 | d_m=4.3858e+03
step  780 | acc=0.9190 | NZ=  1380 | sparsity=0.3611 | d_m=4.4095e+03
step  781 | acc=0.9190 | NZ=  1379 | sparsity=0.3616 | d_m=4.4301e+03
step  782 | acc=0.9190 | NZ=  1378 | sparsity=0.3620 | d_m=4.4578e+03
step  783 | acc=0.9190 | NZ=  1377 | sparsity=0.3625 | d_m=4.4980e+03
step  784 | acc=0.9180 | NZ=  1376 | sparsity=0.3630 | d_m=4.5179e+03
step  785 | acc=0.9190 | NZ=  1375 | sparsity=0.3634 | d_m=4.5528e+03
step  786 | acc=0.9190 | NZ=  1374 | sparsity=0.3639 | d_m=4.5902e+03
step  787 | acc=0.9190 | NZ=  1373 | sparsity=0.3644 | d_m=4.5770e+03
step  788 | acc=0.9200 | NZ=  1372 | sparsity=0.3648 | d_m=4.6139e+03
step  789 | acc=0.9200 | NZ=  1371 | sparsity=0.3653 | d_m=4.6414e+03
step  790 | acc=0.9200 | NZ=  1370 | sparsity=0.3657 | d_m=4.6736e+03
step  791 | acc=0.9200 | NZ=  1369 | sparsity=0.3662 | d_m=4.7075e+03
step  792 | acc=0.9200 | NZ=  1368 | sparsity=0.3667 | d_m=4.7313e+03
step  793 | acc=0.9200 | NZ=  1367 | sparsity=0.3671 | d_m=4.7579e+03
step  794 | acc=0.9200 | NZ=  1366 | sparsity=0.3676 | d_m=4.7962e+03
step  795 | acc=0.9210 | NZ=  1365 | sparsity=0.3681 | d_m=4.8201e+03
step  796 | acc=0.9210 | NZ=  1364 | sparsity=0.3685 | d_m=4.8319e+03
step  797 | acc=0.9200 | NZ=  1363 | sparsity=0.3690 | d_m=4.8584e+03
step  798 | acc=0.9210 | NZ=  1362 | sparsity=0.3694 | d_m=4.8716e+03
step  799 | acc=0.9220 | NZ=  1361 | sparsity=0.3699 | d_m=4.9234e+03
step  800 | acc=0.9210 | NZ=  1360 | sparsity=0.3704 | d_m=4.9521e+03
step  801 | acc=0.9210 | NZ=  1359 | sparsity=0.3708 | d_m=4.9768e+03
step  802 | acc=0.9220 | NZ=  1358 | sparsity=0.3713 | d_m=4.9952e+03
step  803 | acc=0.9220 | NZ=  1357 | sparsity=0.3718 | d_m=4.9704e+03
step  804 | acc=0.9220 | NZ=  1356 | sparsity=0.3722 | d_m=5.0116e+03
step  805 | acc=0.9220 | NZ=  1355 | sparsity=0.3727 | d_m=5.0440e+03
step  806 | acc=0.9220 | NZ=  1354 | sparsity=0.3731 | d_m=5.0905e+03
step  807 | acc=0.9220 | NZ=  1353 | sparsity=0.3736 | d_m=5.1346e+03
step  808 | acc=0.9210 | NZ=  1352 | sparsity=0.3741 | d_m=5.1676e+03
step  809 | acc=0.9210 | NZ=  1351 | sparsity=0.3745 | d_m=5.2042e+03
step  810 | acc=0.9210 | NZ=  1350 | sparsity=0.3750 | d_m=5.2516e+03
step  811 | acc=0.9210 | NZ=  1349 | sparsity=0.3755 | d_m=5.2904e+03
step  812 | acc=0.9210 | NZ=  1348 | sparsity=0.3759 | d_m=5.3202e+03
step  813 | acc=0.9220 | NZ=  1347 | sparsity=0.3764 | d_m=5.3659e+03
step  814 | acc=0.9230 | NZ=  1346 | sparsity=0.3769 | d_m=5.4104e+03
step  815 | acc=0.9220 | NZ=  1345 | sparsity=0.3773 | d_m=5.4453e+03
step  816 | acc=0.9220 | NZ=  1344 | sparsity=0.3778 | d_m=5.4458e+03
step  817 | acc=0.9220 | NZ=  1343 | sparsity=0.3782 | d_m=5.4639e+03
step  818 | acc=0.9210 | NZ=  1342 | sparsity=0.3787 | d_m=5.4676e+03
step  819 | acc=0.9210 | NZ=  1341 | sparsity=0.3792 | d_m=5.4819e+03
step  820 | acc=0.9220 | NZ=  1340 | sparsity=0.3796 | d_m=5.5162e+03
step  821 | acc=0.9220 | NZ=  1339 | sparsity=0.3801 | d_m=5.5643e+03
step  822 | acc=0.9200 | NZ=  1338 | sparsity=0.3806 | d_m=5.5626e+03
step  823 | acc=0.9210 | NZ=  1337 | sparsity=0.3810 | d_m=5.6111e+03
step  824 | acc=0.9210 | NZ=  1336 | sparsity=0.3815 | d_m=5.6368e+03
step  825 | acc=0.9210 | NZ=  1335 | sparsity=0.3819 | d_m=5.6887e+03
step  826 | acc=0.9210 | NZ=  1334 | sparsity=0.3824 | d_m=5.7131e+03
step  827 | acc=0.9220 | NZ=  1333 | sparsity=0.3829 | d_m=5.7535e+03
step  828 | acc=0.9220 | NZ=  1332 | sparsity=0.3833 | d_m=5.7785e+03
step  829 | acc=0.9210 | NZ=  1331 | sparsity=0.3838 | d_m=5.7669e+03
step  830 | acc=0.9220 | NZ=  1330 | sparsity=0.3843 | d_m=5.8229e+03
step  831 | acc=0.9220 | NZ=  1329 | sparsity=0.3847 | d_m=5.8850e+03
step  832 | acc=0.9220 | NZ=  1328 | sparsity=0.3852 | d_m=5.9378e+03
step  833 | acc=0.9220 | NZ=  1327 | sparsity=0.3856 | d_m=5.9377e+03
step  834 | acc=0.9220 | NZ=  1326 | sparsity=0.3861 | d_m=5.9752e+03
step  835 | acc=0.9230 | NZ=  1325 | sparsity=0.3866 | d_m=6.0278e+03
step  836 | acc=0.9230 | NZ=  1324 | sparsity=0.3870 | d_m=6.0612e+03
step  837 | acc=0.9230 | NZ=  1323 | sparsity=0.3875 | d_m=6.1181e+03
step  838 | acc=0.9230 | NZ=  1322 | sparsity=0.3880 | d_m=6.1657e+03
step  839 | acc=0.9230 | NZ=  1321 | sparsity=0.3884 | d_m=6.2084e+03
step  840 | acc=0.9210 | NZ=  1320 | sparsity=0.3889 | d_m=6.2374e+03
step  841 | acc=0.9210 | NZ=  1319 | sparsity=0.3894 | d_m=6.2438e+03
step  842 | acc=0.9210 | NZ=  1318 | sparsity=0.3898 | d_m=6.2625e+03
step  843 | acc=0.9220 | NZ=  1317 | sparsity=0.3903 | d_m=6.2842e+03
step  844 | acc=0.9220 | NZ=  1316 | sparsity=0.3907 | d_m=6.3298e+03
step  845 | acc=0.9230 | NZ=  1315 | sparsity=0.3912 | d_m=6.3706e+03
step  846 | acc=0.9230 | NZ=  1314 | sparsity=0.3917 | d_m=6.3947e+03
step  847 | acc=0.9230 | NZ=  1313 | sparsity=0.3921 | d_m=6.4156e+03
step  848 | acc=0.9230 | NZ=  1312 | sparsity=0.3926 | d_m=6.4485e+03
step  849 | acc=0.9230 | NZ=  1311 | sparsity=0.3931 | d_m=6.4645e+03
step  850 | acc=0.9230 | NZ=  1310 | sparsity=0.3935 | d_m=6.4933e+03
step  851 | acc=0.9230 | NZ=  1309 | sparsity=0.3940 | d_m=6.5255e+03
step  852 | acc=0.9230 | NZ=  1308 | sparsity=0.3944 | d_m=6.5663e+03
step  853 | acc=0.9220 | NZ=  1307 | sparsity=0.3949 | d_m=6.6032e+03
step  854 | acc=0.9230 | NZ=  1306 | sparsity=0.3954 | d_m=6.6279e+03
step  855 | acc=0.9230 | NZ=  1305 | sparsity=0.3958 | d_m=6.6749e+03
step  856 | acc=0.9230 | NZ=  1304 | sparsity=0.3963 | d_m=6.6875e+03
step  857 | acc=0.9220 | NZ=  1303 | sparsity=0.3968 | d_m=6.6889e+03
step  858 | acc=0.9210 | NZ=  1302 | sparsity=0.3972 | d_m=6.7235e+03
step  859 | acc=0.9210 | NZ=  1301 | sparsity=0.3977 | d_m=6.7473e+03
step  860 | acc=0.9230 | NZ=  1300 | sparsity=0.3981 | d_m=6.8049e+03
step  861 | acc=0.9230 | NZ=  1299 | sparsity=0.3986 | d_m=6.8163e+03
step  862 | acc=0.9230 | NZ=  1298 | sparsity=0.3991 | d_m=6.8935e+03
step  863 | acc=0.9230 | NZ=  1297 | sparsity=0.3995 | d_m=6.9465e+03
step  864 | acc=0.9230 | NZ=  1296 | sparsity=0.4000 | d_m=7.0006e+03
step  865 | acc=0.9230 | NZ=  1295 | sparsity=0.4005 | d_m=7.0464e+03
step  866 | acc=0.9220 | NZ=  1294 | sparsity=0.4009 | d_m=7.1218e+03
step  867 | acc=0.9220 | NZ=  1293 | sparsity=0.4014 | d_m=7.1661e+03
step  868 | acc=0.9220 | NZ=  1292 | sparsity=0.4019 | d_m=7.2010e+03
step  869 | acc=0.9230 | NZ=  1291 | sparsity=0.4023 | d_m=7.2361e+03
step  870 | acc=0.9230 | NZ=  1290 | sparsity=0.4028 | d_m=7.2788e+03
step  871 | acc=0.9230 | NZ=  1289 | sparsity=0.4032 | d_m=7.3334e+03
step  872 | acc=0.9230 | NZ=  1288 | sparsity=0.4037 | d_m=7.3106e+03
step  873 | acc=0.9230 | NZ=  1287 | sparsity=0.4042 | d_m=7.3383e+03
step  874 | acc=0.9230 | NZ=  1286 | sparsity=0.4046 | d_m=7.3654e+03
step  875 | acc=0.9230 | NZ=  1285 | sparsity=0.4051 | d_m=7.4162e+03
step  876 | acc=0.9230 | NZ=  1284 | sparsity=0.4056 | d_m=7.4468e+03
step  877 | acc=0.9230 | NZ=  1283 | sparsity=0.4060 | d_m=7.5230e+03
step  878 | acc=0.9230 | NZ=  1282 | sparsity=0.4065 | d_m=7.5624e+03
step  879 | acc=0.9240 | NZ=  1281 | sparsity=0.4069 | d_m=7.6372e+03
step  880 | acc=0.9240 | NZ=  1280 | sparsity=0.4074 | d_m=7.6835e+03
step  881 | acc=0.9240 | NZ=  1279 | sparsity=0.4079 | d_m=7.7363e+03
step  882 | acc=0.9240 | NZ=  1278 | sparsity=0.4083 | d_m=7.7428e+03
step  883 | acc=0.9240 | NZ=  1277 | sparsity=0.4088 | d_m=7.8044e+03
step  884 | acc=0.9230 | NZ=  1276 | sparsity=0.4093 | d_m=7.8442e+03
step  885 | acc=0.9230 | NZ=  1275 | sparsity=0.4097 | d_m=7.8774e+03
step  886 | acc=0.9230 | NZ=  1274 | sparsity=0.4102 | d_m=7.9090e+03
step  887 | acc=0.9230 | NZ=  1273 | sparsity=0.4106 | d_m=7.9386e+03
step  888 | acc=0.9230 | NZ=  1272 | sparsity=0.4111 | d_m=7.9805e+03
step  889 | acc=0.9230 | NZ=  1271 | sparsity=0.4116 | d_m=8.0014e+03
step  890 | acc=0.9230 | NZ=  1270 | sparsity=0.4120 | d_m=8.0443e+03
step  891 | acc=0.9230 | NZ=  1269 | sparsity=0.4125 | d_m=8.1012e+03
step  892 | acc=0.9230 | NZ=  1268 | sparsity=0.4130 | d_m=8.1433e+03
step  893 | acc=0.9230 | NZ=  1267 | sparsity=0.4134 | d_m=8.1826e+03
step  894 | acc=0.9230 | NZ=  1266 | sparsity=0.4139 | d_m=8.2420e+03
step  895 | acc=0.9230 | NZ=  1265 | sparsity=0.4144 | d_m=8.3236e+03
step  896 | acc=0.9230 | NZ=  1264 | sparsity=0.4148 | d_m=8.3680e+03
step  897 | acc=0.9230 | NZ=  1263 | sparsity=0.4153 | d_m=8.3967e+03
step  898 | acc=0.9230 | NZ=  1262 | sparsity=0.4157 | d_m=8.3908e+03
step  899 | acc=0.9230 | NZ=  1261 | sparsity=0.4162 | d_m=8.4633e+03
step  900 | acc=0.9230 | NZ=  1260 | sparsity=0.4167 | d_m=8.4963e+03
step  901 | acc=0.9230 | NZ=  1259 | sparsity=0.4171 | d_m=8.5295e+03
step  902 | acc=0.9240 | NZ=  1258 | sparsity=0.4176 | d_m=8.5495e+03
step  903 | acc=0.9240 | NZ=  1257 | sparsity=0.4181 | d_m=8.5791e+03
step  904 | acc=0.9240 | NZ=  1256 | sparsity=0.4185 | d_m=8.6229e+03
step  905 | acc=0.9230 | NZ=  1255 | sparsity=0.4190 | d_m=8.6979e+03
step  906 | acc=0.9230 | NZ=  1254 | sparsity=0.4194 | d_m=8.7531e+03
step  907 | acc=0.9240 | NZ=  1253 | sparsity=0.4199 | d_m=8.8013e+03
step  908 | acc=0.9230 | NZ=  1252 | sparsity=0.4204 | d_m=8.7524e+03
step  909 | acc=0.9230 | NZ=  1251 | sparsity=0.4208 | d_m=8.7831e+03
step  910 | acc=0.9220 | NZ=  1250 | sparsity=0.4213 | d_m=8.8372e+03
step  911 | acc=0.9220 | NZ=  1249 | sparsity=0.4218 | d_m=8.8775e+03
step  912 | acc=0.9220 | NZ=  1248 | sparsity=0.4222 | d_m=8.9297e+03
step  913 | acc=0.9220 | NZ=  1247 | sparsity=0.4227 | d_m=8.9774e+03
step  914 | acc=0.9220 | NZ=  1246 | sparsity=0.4231 | d_m=9.0503e+03
step  915 | acc=0.9220 | NZ=  1245 | sparsity=0.4236 | d_m=9.1324e+03
step  916 | acc=0.9220 | NZ=  1244 | sparsity=0.4241 | d_m=9.1873e+03
step  917 | acc=0.9220 | NZ=  1243 | sparsity=0.4245 | d_m=9.2699e+03
step  918 | acc=0.9220 | NZ=  1242 | sparsity=0.4250 | d_m=9.3497e+03
step  919 | acc=0.9220 | NZ=  1241 | sparsity=0.4255 | d_m=9.4092e+03
step  920 | acc=0.9220 | NZ=  1240 | sparsity=0.4259 | d_m=9.4440e+03
step  921 | acc=0.9220 | NZ=  1239 | sparsity=0.4264 | d_m=9.4223e+03
step  922 | acc=0.9220 | NZ=  1238 | sparsity=0.4269 | d_m=9.4907e+03
step  923 | acc=0.9220 | NZ=  1237 | sparsity=0.4273 | d_m=9.5336e+03
step  924 | acc=0.9220 | NZ=  1236 | sparsity=0.4278 | d_m=9.5304e+03
step  925 | acc=0.9220 | NZ=  1235 | sparsity=0.4282 | d_m=9.6260e+03
step  926 | acc=0.9220 | NZ=  1234 | sparsity=0.4287 | d_m=9.6757e+03
step  927 | acc=0.9220 | NZ=  1233 | sparsity=0.4292 | d_m=9.7879e+03
step  928 | acc=0.9210 | NZ=  1232 | sparsity=0.4296 | d_m=9.8651e+03
step  929 | acc=0.9220 | NZ=  1231 | sparsity=0.4301 | d_m=9.9372e+03
step  930 | acc=0.9220 | NZ=  1230 | sparsity=0.4306 | d_m=1.0003e+04
step  931 | acc=0.9220 | NZ=  1229 | sparsity=0.4310 | d_m=1.0049e+04
step  932 | acc=0.9220 | NZ=  1228 | sparsity=0.4315 | d_m=1.0074e+04
step  933 | acc=0.9220 | NZ=  1227 | sparsity=0.4319 | d_m=1.0088e+04
step  934 | acc=0.9220 | NZ=  1226 | sparsity=0.4324 | d_m=1.0181e+04
step  935 | acc=0.9210 | NZ=  1225 | sparsity=0.4329 | d_m=1.0234e+04
step  936 | acc=0.9210 | NZ=  1224 | sparsity=0.4333 | d_m=1.0293e+04
step  937 | acc=0.9210 | NZ=  1223 | sparsity=0.4338 | d_m=1.0357e+04
step  938 | acc=0.9210 | NZ=  1222 | sparsity=0.4343 | d_m=1.0424e+04
step  939 | acc=0.9210 | NZ=  1221 | sparsity=0.4347 | d_m=1.0466e+04
step  940 | acc=0.9200 | NZ=  1220 | sparsity=0.4352 | d_m=1.0509e+04
step  941 | acc=0.9200 | NZ=  1219 | sparsity=0.4356 | d_m=1.0552e+04
step  942 | acc=0.9200 | NZ=  1218 | sparsity=0.4361 | d_m=1.0587e+04
step  943 | acc=0.9200 | NZ=  1217 | sparsity=0.4366 | d_m=1.0604e+04
step  944 | acc=0.9210 | NZ=  1216 | sparsity=0.4370 | d_m=1.0648e+04
step  945 | acc=0.9210 | NZ=  1215 | sparsity=0.4375 | d_m=1.0668e+04
step  946 | acc=0.9210 | NZ=  1214 | sparsity=0.4380 | d_m=1.0692e+04
step  947 | acc=0.9210 | NZ=  1213 | sparsity=0.4384 | d_m=1.0737e+04
step  948 | acc=0.9210 | NZ=  1212 | sparsity=0.4389 | d_m=1.0782e+04
step  949 | acc=0.9210 | NZ=  1211 | sparsity=0.4394 | d_m=1.0828e+04
step  950 | acc=0.9220 | NZ=  1210 | sparsity=0.4398 | d_m=1.0864e+04
step  951 | acc=0.9220 | NZ=  1209 | sparsity=0.4403 | d_m=1.0859e+04
step  952 | acc=0.9210 | NZ=  1208 | sparsity=0.4407 | d_m=1.0937e+04
step  953 | acc=0.9200 | NZ=  1207 | sparsity=0.4412 | d_m=1.0988e+04
step  954 | acc=0.9210 | NZ=  1206 | sparsity=0.4417 | d_m=1.1023e+04
step  955 | acc=0.9210 | NZ=  1205 | sparsity=0.4421 | d_m=1.1064e+04
step  956 | acc=0.9210 | NZ=  1204 | sparsity=0.4426 | d_m=1.1081e+04
step  957 | acc=0.9210 | NZ=  1203 | sparsity=0.4431 | d_m=1.1132e+04
step  958 | acc=0.9200 | NZ=  1202 | sparsity=0.4435 | d_m=1.1188e+04
step  959 | acc=0.9200 | NZ=  1201 | sparsity=0.4440 | d_m=1.1248e+04
step  960 | acc=0.9200 | NZ=  1200 | sparsity=0.4444 | d_m=1.1270e+04
step  961 | acc=0.9200 | NZ=  1199 | sparsity=0.4449 | d_m=1.1341e+04
step  962 | acc=0.9200 | NZ=  1198 | sparsity=0.4454 | d_m=1.1332e+04
step  963 | acc=0.9200 | NZ=  1197 | sparsity=0.4458 | d_m=1.1382e+04
step  964 | acc=0.9190 | NZ=  1196 | sparsity=0.4463 | d_m=1.1464e+04
step  965 | acc=0.9190 | NZ=  1195 | sparsity=0.4468 | d_m=1.1533e+04
step  966 | acc=0.9190 | NZ=  1194 | sparsity=0.4472 | d_m=1.1641e+04
step  967 | acc=0.9190 | NZ=  1193 | sparsity=0.4477 | d_m=1.1730e+04
step  968 | acc=0.9190 | NZ=  1192 | sparsity=0.4481 | d_m=1.1784e+04
step  969 | acc=0.9200 | NZ=  1191 | sparsity=0.4486 | d_m=1.1834e+04
step  970 | acc=0.9200 | NZ=  1190 | sparsity=0.4491 | d_m=1.1881e+04
step  971 | acc=0.9190 | NZ=  1189 | sparsity=0.4495 | d_m=1.1919e+04
step  972 | acc=0.9190 | NZ=  1188 | sparsity=0.4500 | d_m=1.1963e+04
step  973 | acc=0.9190 | NZ=  1187 | sparsity=0.4505 | d_m=1.1987e+04
step  974 | acc=0.9200 | NZ=  1186 | sparsity=0.4509 | d_m=1.2013e+04
step  975 | acc=0.9200 | NZ=  1185 | sparsity=0.4514 | d_m=1.2047e+04
step  976 | acc=0.9200 | NZ=  1184 | sparsity=0.4519 | d_m=1.2086e+04
step  977 | acc=0.9200 | NZ=  1183 | sparsity=0.4523 | d_m=1.2181e+04
step  978 | acc=0.9200 | NZ=  1182 | sparsity=0.4528 | d_m=1.2257e+04
step  979 | acc=0.9200 | NZ=  1181 | sparsity=0.4532 | d_m=1.2294e+04
step  980 | acc=0.9210 | NZ=  1180 | sparsity=0.4537 | d_m=1.2341e+04
step  981 | acc=0.9210 | NZ=  1179 | sparsity=0.4542 | d_m=1.2404e+04
step  982 | acc=0.9210 | NZ=  1178 | sparsity=0.4546 | d_m=1.2487e+04
step  983 | acc=0.9210 | NZ=  1177 | sparsity=0.4551 | d_m=1.2528e+04
step  984 | acc=0.9220 | NZ=  1176 | sparsity=0.4556 | d_m=1.2548e+04
step  985 | acc=0.9220 | NZ=  1175 | sparsity=0.4560 | d_m=1.2535e+04
step  986 | acc=0.9220 | NZ=  1174 | sparsity=0.4565 | d_m=1.2567e+04
step  987 | acc=0.9220 | NZ=  1173 | sparsity=0.4569 | d_m=1.2613e+04
step  988 | acc=0.9220 | NZ=  1172 | sparsity=0.4574 | d_m=1.2664e+04
step  989 | acc=0.9220 | NZ=  1171 | sparsity=0.4579 | d_m=1.2733e+04
step  990 | acc=0.9210 | NZ=  1170 | sparsity=0.4583 | d_m=1.2806e+04
step  991 | acc=0.9210 | NZ=  1169 | sparsity=0.4588 | d_m=1.2870e+04
step  992 | acc=0.9220 | NZ=  1168 | sparsity=0.4593 | d_m=1.2919e+04
step  993 | acc=0.9230 | NZ=  1167 | sparsity=0.4597 | d_m=1.2961e+04
step  994 | acc=0.9220 | NZ=  1166 | sparsity=0.4602 | d_m=1.3020e+04
step  995 | acc=0.9230 | NZ=  1165 | sparsity=0.4606 | d_m=1.3061e+04
step  996 | acc=0.9220 | NZ=  1164 | sparsity=0.4611 | d_m=1.3006e+04
step  997 | acc=0.9210 | NZ=  1163 | sparsity=0.4616 | d_m=1.3113e+04
step  998 | acc=0.9210 | NZ=  1162 | sparsity=0.4620 | d_m=1.3157e+04
step  999 | acc=0.9200 | NZ=  1161 | sparsity=0.4625 | d_m=1.3233e+04
step 1000 | acc=0.9200 | NZ=  1160 | sparsity=0.4630 | d_m=1.3270e+04
step 1001 | acc=0.9210 | NZ=  1159 | sparsity=0.4634 | d_m=1.3319e+04
step 1002 | acc=0.9190 | NZ=  1158 | sparsity=0.4639 | d_m=1.3415e+04
step 1003 | acc=0.9210 | NZ=  1157 | sparsity=0.4644 | d_m=1.3452e+04
step 1004 | acc=0.9210 | NZ=  1156 | sparsity=0.4648 | d_m=1.3490e+04
step 1005 | acc=0.9210 | NZ=  1155 | sparsity=0.4653 | d_m=1.3546e+04
step 1006 | acc=0.9210 | NZ=  1154 | sparsity=0.4657 | d_m=1.3607e+04
step 1007 | acc=0.9210 | NZ=  1153 | sparsity=0.4662 | d_m=1.3658e+04
step 1008 | acc=0.9220 | NZ=  1152 | sparsity=0.4667 | d_m=1.3743e+04
step 1009 | acc=0.9220 | NZ=  1151 | sparsity=0.4671 | d_m=1.3794e+04
step 1010 | acc=0.9210 | NZ=  1150 | sparsity=0.4676 | d_m=1.3847e+04
step 1011 | acc=0.9220 | NZ=  1149 | sparsity=0.4681 | d_m=1.3891e+04
step 1012 | acc=0.9210 | NZ=  1148 | sparsity=0.4685 | d_m=1.3899e+04
step 1013 | acc=0.9220 | NZ=  1147 | sparsity=0.4690 | d_m=1.3998e+04
step 1014 | acc=0.9210 | NZ=  1146 | sparsity=0.4694 | d_m=1.4096e+04
step 1015 | acc=0.9210 | NZ=  1145 | sparsity=0.4699 | d_m=1.4188e+04
step 1016 | acc=0.9210 | NZ=  1144 | sparsity=0.4704 | d_m=1.4281e+04
step 1017 | acc=0.9210 | NZ=  1143 | sparsity=0.4708 | d_m=1.4330e+04
step 1018 | acc=0.9210 | NZ=  1142 | sparsity=0.4713 | d_m=1.4429e+04
step 1019 | acc=0.9220 | NZ=  1141 | sparsity=0.4718 | d_m=1.4528e+04
step 1020 | acc=0.9210 | NZ=  1140 | sparsity=0.4722 | d_m=1.4577e+04
step 1021 | acc=0.9220 | NZ=  1139 | sparsity=0.4727 | d_m=1.4622e+04
step 1022 | acc=0.9220 | NZ=  1138 | sparsity=0.4731 | d_m=1.4701e+04
step 1023 | acc=0.9230 | NZ=  1137 | sparsity=0.4736 | d_m=1.4808e+04
step 1024 | acc=0.9210 | NZ=  1136 | sparsity=0.4741 | d_m=1.4849e+04
step 1025 | acc=0.9210 | NZ=  1135 | sparsity=0.4745 | d_m=1.4963e+04
step 1026 | acc=0.9210 | NZ=  1134 | sparsity=0.4750 | d_m=1.5027e+04
step 1027 | acc=0.9210 | NZ=  1133 | sparsity=0.4755 | d_m=1.5134e+04
step 1028 | acc=0.9200 | NZ=  1132 | sparsity=0.4759 | d_m=1.5195e+04
step 1029 | acc=0.9210 | NZ=  1131 | sparsity=0.4764 | d_m=1.5281e+04
step 1030 | acc=0.9230 | NZ=  1130 | sparsity=0.4769 | d_m=1.5344e+04
step 1031 | acc=0.9230 | NZ=  1129 | sparsity=0.4773 | d_m=1.5398e+04
step 1032 | acc=0.9220 | NZ=  1128 | sparsity=0.4778 | d_m=1.5519e+04
step 1033 | acc=0.9220 | NZ=  1127 | sparsity=0.4782 | d_m=1.5594e+04
step 1034 | acc=0.9220 | NZ=  1126 | sparsity=0.4787 | d_m=1.5657e+04
step 1035 | acc=0.9220 | NZ=  1125 | sparsity=0.4792 | d_m=1.5735e+04
step 1036 | acc=0.9240 | NZ=  1124 | sparsity=0.4796 | d_m=1.5781e+04
step 1037 | acc=0.9240 | NZ=  1123 | sparsity=0.4801 | d_m=1.5850e+04
step 1038 | acc=0.9230 | NZ=  1122 | sparsity=0.4806 | d_m=1.5942e+04
step 1039 | acc=0.9230 | NZ=  1121 | sparsity=0.4810 | d_m=1.6051e+04
step 1040 | acc=0.9230 | NZ=  1120 | sparsity=0.4815 | d_m=1.6134e+04
step 1041 | acc=0.9240 | NZ=  1119 | sparsity=0.4819 | d_m=1.6178e+04
step 1042 | acc=0.9240 | NZ=  1118 | sparsity=0.4824 | d_m=1.6313e+04
step 1043 | acc=0.9240 | NZ=  1117 | sparsity=0.4829 | d_m=1.6424e+04
step 1044 | acc=0.9230 | NZ=  1116 | sparsity=0.4833 | d_m=1.6466e+04
step 1045 | acc=0.9230 | NZ=  1115 | sparsity=0.4838 | d_m=1.6555e+04
step 1046 | acc=0.9220 | NZ=  1114 | sparsity=0.4843 | d_m=1.6672e+04
step 1047 | acc=0.9210 | NZ=  1113 | sparsity=0.4847 | d_m=1.6762e+04
step 1048 | acc=0.9210 | NZ=  1112 | sparsity=0.4852 | d_m=1.6864e+04
step 1049 | acc=0.9210 | NZ=  1111 | sparsity=0.4856 | d_m=1.6931e+04
step 1050 | acc=0.9230 | NZ=  1110 | sparsity=0.4861 | d_m=1.7054e+04
step 1051 | acc=0.9200 | NZ=  1109 | sparsity=0.4866 | d_m=1.7138e+04
step 1052 | acc=0.9210 | NZ=  1108 | sparsity=0.4870 | d_m=1.7175e+04
step 1053 | acc=0.9200 | NZ=  1107 | sparsity=0.4875 | d_m=1.7227e+04
step 1054 | acc=0.9200 | NZ=  1106 | sparsity=0.4880 | d_m=1.7313e+04
step 1055 | acc=0.9210 | NZ=  1105 | sparsity=0.4884 | d_m=1.7399e+04
step 1056 | acc=0.9210 | NZ=  1104 | sparsity=0.4889 | d_m=1.7464e+04
step 1057 | acc=0.9200 | NZ=  1103 | sparsity=0.4894 | d_m=1.7546e+04
step 1058 | acc=0.9200 | NZ=  1102 | sparsity=0.4898 | d_m=1.7611e+04
step 1059 | acc=0.9200 | NZ=  1101 | sparsity=0.4903 | d_m=1.7649e+04
step 1060 | acc=0.9210 | NZ=  1100 | sparsity=0.4907 | d_m=1.7736e+04
step 1061 | acc=0.9200 | NZ=  1099 | sparsity=0.4912 | d_m=1.7745e+04
step 1062 | acc=0.9200 | NZ=  1098 | sparsity=0.4917 | d_m=1.7858e+04
step 1063 | acc=0.9210 | NZ=  1097 | sparsity=0.4921 | d_m=1.7935e+04
step 1064 | acc=0.9200 | NZ=  1096 | sparsity=0.4926 | d_m=1.7964e+04
step 1065 | acc=0.9210 | NZ=  1095 | sparsity=0.4931 | d_m=1.8059e+04
step 1066 | acc=0.9200 | NZ=  1094 | sparsity=0.4935 | d_m=1.8160e+04
step 1067 | acc=0.9200 | NZ=  1093 | sparsity=0.4940 | d_m=1.8211e+04
step 1068 | acc=0.9200 | NZ=  1092 | sparsity=0.4944 | d_m=1.8324e+04
step 1069 | acc=0.9200 | NZ=  1091 | sparsity=0.4949 | d_m=1.8316e+04
step 1070 | acc=0.9200 | NZ=  1090 | sparsity=0.4954 | d_m=1.8417e+04
step 1071 | acc=0.9190 | NZ=  1089 | sparsity=0.4958 | d_m=1.8509e+04
step 1072 | acc=0.9160 | NZ=  1088 | sparsity=0.4963 | d_m=1.8593e+04
step 1073 | acc=0.9180 | NZ=  1087 | sparsity=0.4968 | d_m=1.8633e+04
step 1074 | acc=0.9190 | NZ=  1086 | sparsity=0.4972 | d_m=1.8760e+04
step 1075 | acc=0.9180 | NZ=  1085 | sparsity=0.4977 | d_m=1.8819e+04
step 1076 | acc=0.9150 | NZ=  1084 | sparsity=0.4981 | d_m=1.8925e+04
step 1077 | acc=0.9170 | NZ=  1083 | sparsity=0.4986 | d_m=1.9251e+04
step 1078 | acc=0.9170 | NZ=  1082 | sparsity=0.4991 | d_m=1.9331e+04
step 1079 | acc=0.9170 | NZ=  1081 | sparsity=0.4995 | d_m=1.9467e+04
step 1080 | acc=0.9180 | NZ=  1080 | sparsity=0.5000 | d_m=1.9509e+04
step 1081 | acc=0.9170 | NZ=  1079 | sparsity=0.5005 | d_m=1.9566e+04
step 1082 | acc=0.9160 | NZ=  1078 | sparsity=0.5009 | d_m=1.9603e+04
step 1083 | acc=0.9150 | NZ=  1077 | sparsity=0.5014 | d_m=1.9678e+04
step 1084 | acc=0.9150 | NZ=  1076 | sparsity=0.5019 | d_m=1.9791e+04
step 1085 | acc=0.9150 | NZ=  1075 | sparsity=0.5023 | d_m=1.9882e+04
step 1086 | acc=0.9150 | NZ=  1074 | sparsity=0.5028 | d_m=1.9956e+04
step 1087 | acc=0.9140 | NZ=  1073 | sparsity=0.5032 | d_m=2.0041e+04
step 1088 | acc=0.9150 | NZ=  1072 | sparsity=0.5037 | d_m=2.0211e+04
step 1089 | acc=0.9150 | NZ=  1071 | sparsity=0.5042 | d_m=2.0314e+04
step 1090 | acc=0.9130 | NZ=  1070 | sparsity=0.5046 | d_m=2.0321e+04
step 1091 | acc=0.9130 | NZ=  1069 | sparsity=0.5051 | d_m=2.0395e+04
step 1092 | acc=0.9120 | NZ=  1068 | sparsity=0.5056 | d_m=2.0465e+04
step 1093 | acc=0.9130 | NZ=  1067 | sparsity=0.5060 | d_m=2.0612e+04
step 1094 | acc=0.9110 | NZ=  1066 | sparsity=0.5065 | d_m=2.0729e+04
step 1095 | acc=0.9110 | NZ=  1065 | sparsity=0.5069 | d_m=2.0850e+04
step 1096 | acc=0.9120 | NZ=  1064 | sparsity=0.5074 | d_m=2.0974e+04
step 1097 | acc=0.9110 | NZ=  1063 | sparsity=0.5079 | d_m=2.1096e+04
step 1098 | acc=0.9100 | NZ=  1062 | sparsity=0.5083 | d_m=2.1155e+04
step 1099 | acc=0.9100 | NZ=  1061 | sparsity=0.5088 | d_m=2.1232e+04
step 1100 | acc=0.9110 | NZ=  1060 | sparsity=0.5093 | d_m=2.1266e+04
step 1101 | acc=0.9100 | NZ=  1059 | sparsity=0.5097 | d_m=2.1310e+04
step 1102 | acc=0.9100 | NZ=  1058 | sparsity=0.5102 | d_m=2.1333e+04
step 1103 | acc=0.9100 | NZ=  1057 | sparsity=0.5106 | d_m=2.1386e+04
step 1104 | acc=0.9100 | NZ=  1056 | sparsity=0.5111 | d_m=2.1438e+04
step 1105 | acc=0.9110 | NZ=  1055 | sparsity=0.5116 | d_m=2.1515e+04
step 1106 | acc=0.9110 | NZ=  1054 | sparsity=0.5120 | d_m=2.1674e+04
step 1107 | acc=0.9110 | NZ=  1053 | sparsity=0.5125 | d_m=2.1818e+04
step 1108 | acc=0.9110 | NZ=  1052 | sparsity=0.5130 | d_m=2.1886e+04
step 1109 | acc=0.9100 | NZ=  1051 | sparsity=0.5134 | d_m=2.2007e+04
step 1110 | acc=0.9120 | NZ=  1050 | sparsity=0.5139 | d_m=2.2073e+04
step 1111 | acc=0.9120 | NZ=  1049 | sparsity=0.5144 | d_m=2.2141e+04
step 1112 | acc=0.9110 | NZ=  1048 | sparsity=0.5148 | d_m=2.2244e+04
step 1113 | acc=0.9110 | NZ=  1047 | sparsity=0.5153 | d_m=2.2339e+04
step 1114 | acc=0.9110 | NZ=  1046 | sparsity=0.5157 | d_m=2.2391e+04
step 1115 | acc=0.9110 | NZ=  1045 | sparsity=0.5162 | d_m=2.2341e+04
step 1116 | acc=0.9120 | NZ=  1044 | sparsity=0.5167 | d_m=2.2422e+04
step 1117 | acc=0.9120 | NZ=  1043 | sparsity=0.5171 | d_m=2.2548e+04
step 1118 | acc=0.9120 | NZ=  1042 | sparsity=0.5176 | d_m=2.2619e+04
step 1119 | acc=0.9100 | NZ=  1041 | sparsity=0.5181 | d_m=2.2766e+04
step 1120 | acc=0.9100 | NZ=  1040 | sparsity=0.5185 | d_m=2.2863e+04
step 1121 | acc=0.9110 | NZ=  1039 | sparsity=0.5190 | d_m=2.2949e+04
step 1122 | acc=0.9100 | NZ=  1038 | sparsity=0.5194 | d_m=2.3076e+04
step 1123 | acc=0.9110 | NZ=  1037 | sparsity=0.5199 | d_m=2.3016e+04
step 1124 | acc=0.9120 | NZ=  1036 | sparsity=0.5204 | d_m=2.3158e+04
step 1125 | acc=0.9110 | NZ=  1035 | sparsity=0.5208 | d_m=2.3330e+04
step 1126 | acc=0.9100 | NZ=  1034 | sparsity=0.5213 | d_m=2.3394e+04
step 1127 | acc=0.9110 | NZ=  1033 | sparsity=0.5218 | d_m=2.3498e+04
step 1128 | acc=0.9090 | NZ=  1032 | sparsity=0.5222 | d_m=2.3691e+04
step 1129 | acc=0.9100 | NZ=  1031 | sparsity=0.5227 | d_m=2.3715e+04
step 1130 | acc=0.9100 | NZ=  1030 | sparsity=0.5231 | d_m=2.3763e+04
step 1131 | acc=0.9100 | NZ=  1029 | sparsity=0.5236 | d_m=2.3838e+04
step 1132 | acc=0.9090 | NZ=  1028 | sparsity=0.5241 | d_m=2.3909e+04
step 1133 | acc=0.9090 | NZ=  1027 | sparsity=0.5245 | d_m=2.3821e+04
step 1134 | acc=0.9090 | NZ=  1026 | sparsity=0.5250 | d_m=2.3983e+04
step 1135 | acc=0.9080 | NZ=  1025 | sparsity=0.5255 | d_m=2.4077e+04
step 1136 | acc=0.9090 | NZ=  1024 | sparsity=0.5259 | d_m=2.4157e+04
step 1137 | acc=0.9090 | NZ=  1023 | sparsity=0.5264 | d_m=2.4347e+04
step 1138 | acc=0.9090 | NZ=  1022 | sparsity=0.5269 | d_m=2.4499e+04
step 1139 | acc=0.9090 | NZ=  1021 | sparsity=0.5273 | d_m=2.4642e+04
step 1140 | acc=0.9110 | NZ=  1020 | sparsity=0.5278 | d_m=2.4806e+04
step 1141 | acc=0.9120 | NZ=  1019 | sparsity=0.5282 | d_m=2.4989e+04
step 1142 | acc=0.9110 | NZ=  1018 | sparsity=0.5287 | d_m=2.5117e+04
step 1143 | acc=0.9110 | NZ=  1017 | sparsity=0.5292 | d_m=2.5233e+04
step 1144 | acc=0.9090 | NZ=  1016 | sparsity=0.5296 | d_m=2.5307e+04
step 1145 | acc=0.9080 | NZ=  1015 | sparsity=0.5301 | d_m=2.5425e+04
step 1146 | acc=0.9090 | NZ=  1014 | sparsity=0.5306 | d_m=2.5511e+04
step 1147 | acc=0.9080 | NZ=  1013 | sparsity=0.5310 | d_m=2.5636e+04
step 1148 | acc=0.9090 | NZ=  1012 | sparsity=0.5315 | d_m=2.5727e+04
step 1149 | acc=0.9090 | NZ=  1011 | sparsity=0.5319 | d_m=2.5837e+04
step 1150 | acc=0.9090 | NZ=  1010 | sparsity=0.5324 | d_m=2.5921e+04
step 1151 | acc=0.9090 | NZ=  1009 | sparsity=0.5329 | d_m=2.6018e+04
step 1152 | acc=0.9080 | NZ=  1008 | sparsity=0.5333 | d_m=2.6128e+04
step 1153 | acc=0.9080 | NZ=  1007 | sparsity=0.5338 | d_m=2.6256e+04
step 1154 | acc=0.9090 | NZ=  1006 | sparsity=0.5343 | d_m=2.6343e+04
step 1155 | acc=0.9090 | NZ=  1005 | sparsity=0.5347 | d_m=2.6523e+04
step 1156 | acc=0.9090 | NZ=  1004 | sparsity=0.5352 | d_m=2.6736e+04
step 1157 | acc=0.9090 | NZ=  1003 | sparsity=0.5356 | d_m=2.6853e+04
step 1158 | acc=0.9080 | NZ=  1002 | sparsity=0.5361 | d_m=2.6937e+04
step 1159 | acc=0.9090 | NZ=  1001 | sparsity=0.5366 | d_m=2.7051e+04
step 1160 | acc=0.9100 | NZ=  1000 | sparsity=0.5370 | d_m=2.7074e+04
step 1161 | acc=0.9090 | NZ=   999 | sparsity=0.5375 | d_m=2.7255e+04
step 1162 | acc=0.9100 | NZ=   998 | sparsity=0.5380 | d_m=2.7469e+04
step 1163 | acc=0.9080 | NZ=   997 | sparsity=0.5384 | d_m=2.7658e+04
step 1164 | acc=0.9080 | NZ=   996 | sparsity=0.5389 | d_m=2.7790e+04
step 1165 | acc=0.9080 | NZ=   995 | sparsity=0.5394 | d_m=2.7903e+04
step 1166 | acc=0.9080 | NZ=   994 | sparsity=0.5398 | d_m=2.8009e+04
step 1167 | acc=0.9080 | NZ=   993 | sparsity=0.5403 | d_m=2.8044e+04
step 1168 | acc=0.9080 | NZ=   992 | sparsity=0.5407 | d_m=2.8223e+04
step 1169 | acc=0.9080 | NZ=   991 | sparsity=0.5412 | d_m=2.8364e+04
step 1170 | acc=0.9080 | NZ=   990 | sparsity=0.5417 | d_m=2.8355e+04
step 1171 | acc=0.9080 | NZ=   989 | sparsity=0.5421 | d_m=2.8323e+04
step 1172 | acc=0.9100 | NZ=   988 | sparsity=0.5426 | d_m=2.8494e+04
step 1173 | acc=0.9050 | NZ=   987 | sparsity=0.5431 | d_m=2.8699e+04
step 1174 | acc=0.9060 | NZ=   986 | sparsity=0.5435 | d_m=2.8799e+04
step 1175 | acc=0.9040 | NZ=   985 | sparsity=0.5440 | d_m=2.8895e+04
step 1176 | acc=0.9070 | NZ=   984 | sparsity=0.5444 | d_m=2.9027e+04
step 1177 | acc=0.9060 | NZ=   983 | sparsity=0.5449 | d_m=2.9178e+04
step 1178 | acc=0.9070 | NZ=   982 | sparsity=0.5454 | d_m=2.9259e+04
step 1179 | acc=0.9070 | NZ=   981 | sparsity=0.5458 | d_m=2.9381e+04
step 1180 | acc=0.9060 | NZ=   980 | sparsity=0.5463 | d_m=2.9404e+04
step 1181 | acc=0.9080 | NZ=   979 | sparsity=0.5468 | d_m=2.9484e+04
step 1182 | acc=0.9070 | NZ=   978 | sparsity=0.5472 | d_m=2.9595e+04
step 1183 | acc=0.9090 | NZ=   977 | sparsity=0.5477 | d_m=2.9783e+04
step 1184 | acc=0.9080 | NZ=   976 | sparsity=0.5481 | d_m=2.9903e+04
step 1185 | acc=0.9070 | NZ=   975 | sparsity=0.5486 | d_m=3.0083e+04
step 1186 | acc=0.9070 | NZ=   974 | sparsity=0.5491 | d_m=3.0008e+04
step 1187 | acc=0.9070 | NZ=   973 | sparsity=0.5495 | d_m=3.0193e+04
step 1188 | acc=0.9060 | NZ=   972 | sparsity=0.5500 | d_m=3.0383e+04
step 1189 | acc=0.9060 | NZ=   971 | sparsity=0.5505 | d_m=3.0525e+04
step 1190 | acc=0.9050 | NZ=   970 | sparsity=0.5509 | d_m=3.0642e+04
step 1191 | acc=0.9050 | NZ=   969 | sparsity=0.5514 | d_m=3.0803e+04
step 1192 | acc=0.9060 | NZ=   968 | sparsity=0.5519 | d_m=3.0939e+04
step 1193 | acc=0.9070 | NZ=   967 | sparsity=0.5523 | d_m=3.1060e+04
step 1194 | acc=0.9070 | NZ=   966 | sparsity=0.5528 | d_m=3.1228e+04
step 1195 | acc=0.9050 | NZ=   965 | sparsity=0.5532 | d_m=3.1432e+04
step 1196 | acc=0.9080 | NZ=   964 | sparsity=0.5537 | d_m=3.1691e+04
step 1197 | acc=0.9060 | NZ=   963 | sparsity=0.5542 | d_m=3.1812e+04
step 1198 | acc=0.9080 | NZ=   962 | sparsity=0.5546 | d_m=3.2039e+04
step 1199 | acc=0.9080 | NZ=   961 | sparsity=0.5551 | d_m=3.2146e+04
step 1200 | acc=0.9080 | NZ=   960 | sparsity=0.5556 | d_m=3.2210e+04
step 1201 | acc=0.9100 | NZ=   959 | sparsity=0.5560 | d_m=3.2387e+04
step 1202 | acc=0.9110 | NZ=   958 | sparsity=0.5565 | d_m=3.2431e+04
step 1203 | acc=0.9110 | NZ=   957 | sparsity=0.5569 | d_m=3.2633e+04
step 1204 | acc=0.9110 | NZ=   956 | sparsity=0.5574 | d_m=3.2745e+04
step 1205 | acc=0.9110 | NZ=   955 | sparsity=0.5579 | d_m=3.2808e+04
step 1206 | acc=0.9110 | NZ=   954 | sparsity=0.5583 | d_m=3.2788e+04
step 1207 | acc=0.9110 | NZ=   953 | sparsity=0.5588 | d_m=3.2789e+04
step 1208 | acc=0.9100 | NZ=   952 | sparsity=0.5593 | d_m=3.2894e+04
step 1209 | acc=0.9090 | NZ=   951 | sparsity=0.5597 | d_m=3.3015e+04
step 1210 | acc=0.9100 | NZ=   950 | sparsity=0.5602 | d_m=3.3142e+04
step 1211 | acc=0.9110 | NZ=   949 | sparsity=0.5606 | d_m=3.3333e+04
step 1212 | acc=0.9100 | NZ=   948 | sparsity=0.5611 | d_m=3.3448e+04
step 1213 | acc=0.9090 | NZ=   947 | sparsity=0.5616 | d_m=3.3487e+04
step 1214 | acc=0.9100 | NZ=   946 | sparsity=0.5620 | d_m=3.3692e+04
step 1215 | acc=0.9100 | NZ=   945 | sparsity=0.5625 | d_m=3.3830e+04
step 1216 | acc=0.9130 | NZ=   944 | sparsity=0.5630 | d_m=3.3911e+04
step 1217 | acc=0.9130 | NZ=   943 | sparsity=0.5634 | d_m=3.4018e+04
step 1218 | acc=0.9120 | NZ=   942 | sparsity=0.5639 | d_m=3.4104e+04
step 1219 | acc=0.9120 | NZ=   941 | sparsity=0.5644 | d_m=3.4222e+04
step 1220 | acc=0.9120 | NZ=   940 | sparsity=0.5648 | d_m=3.4130e+04
step 1221 | acc=0.9120 | NZ=   939 | sparsity=0.5653 | d_m=3.4313e+04
step 1222 | acc=0.9100 | NZ=   938 | sparsity=0.5657 | d_m=3.4368e+04
step 1223 | acc=0.9120 | NZ=   937 | sparsity=0.5662 | d_m=3.4535e+04
step 1224 | acc=0.9120 | NZ=   936 | sparsity=0.5667 | d_m=3.4779e+04
step 1225 | acc=0.9120 | NZ=   935 | sparsity=0.5671 | d_m=3.4903e+04
step 1226 | acc=0.9120 | NZ=   934 | sparsity=0.5676 | d_m=3.4921e+04
step 1227 | acc=0.9120 | NZ=   933 | sparsity=0.5681 | d_m=3.4990e+04
step 1228 | acc=0.9120 | NZ=   932 | sparsity=0.5685 | d_m=3.5123e+04
step 1229 | acc=0.9120 | NZ=   931 | sparsity=0.5690 | d_m=3.5060e+04
step 1230 | acc=0.9120 | NZ=   930 | sparsity=0.5694 | d_m=3.5079e+04
step 1231 | acc=0.9120 | NZ=   929 | sparsity=0.5699 | d_m=3.5095e+04
step 1232 | acc=0.9100 | NZ=   928 | sparsity=0.5704 | d_m=3.5246e+04
step 1233 | acc=0.9090 | NZ=   927 | sparsity=0.5708 | d_m=3.5253e+04
step 1234 | acc=0.9110 | NZ=   926 | sparsity=0.5713 | d_m=3.5546e+04
step 1235 | acc=0.9100 | NZ=   925 | sparsity=0.5718 | d_m=3.5707e+04
step 1236 | acc=0.9100 | NZ=   924 | sparsity=0.5722 | d_m=3.5874e+04
step 1237 | acc=0.9090 | NZ=   923 | sparsity=0.5727 | d_m=3.6108e+04
step 1238 | acc=0.9070 | NZ=   922 | sparsity=0.5731 | d_m=3.6413e+04
step 1239 | acc=0.9100 | NZ=   921 | sparsity=0.5736 | d_m=3.6596e+04
step 1240 | acc=0.9070 | NZ=   920 | sparsity=0.5741 | d_m=3.6876e+04
step 1241 | acc=0.9110 | NZ=   919 | sparsity=0.5745 | d_m=3.7127e+04
step 1242 | acc=0.9060 | NZ=   918 | sparsity=0.5750 | d_m=3.7347e+04
step 1243 | acc=0.9070 | NZ=   917 | sparsity=0.5755 | d_m=3.7561e+04
step 1244 | acc=0.9080 | NZ=   916 | sparsity=0.5759 | d_m=3.7715e+04
step 1245 | acc=0.9080 | NZ=   915 | sparsity=0.5764 | d_m=3.8006e+04
step 1246 | acc=0.9080 | NZ=   914 | sparsity=0.5769 | d_m=3.8212e+04
step 1247 | acc=0.9090 | NZ=   913 | sparsity=0.5773 | d_m=3.8475e+04
step 1248 | acc=0.9070 | NZ=   912 | sparsity=0.5778 | d_m=3.8732e+04
step 1249 | acc=0.9080 | NZ=   911 | sparsity=0.5782 | d_m=3.8785e+04
step 1250 | acc=0.9090 | NZ=   910 | sparsity=0.5787 | d_m=3.8861e+04
step 1251 | acc=0.9110 | NZ=   909 | sparsity=0.5792 | d_m=3.8728e+04
step 1252 | acc=0.9120 | NZ=   908 | sparsity=0.5796 | d_m=3.8907e+04
step 1253 | acc=0.9130 | NZ=   907 | sparsity=0.5801 | d_m=3.8968e+04
step 1254 | acc=0.9120 | NZ=   906 | sparsity=0.5806 | d_m=3.9165e+04
step 1255 | acc=0.9110 | NZ=   905 | sparsity=0.5810 | d_m=3.9374e+04
step 1256 | acc=0.9100 | NZ=   904 | sparsity=0.5815 | d_m=3.9515e+04
step 1257 | acc=0.9090 | NZ=   903 | sparsity=0.5819 | d_m=3.9762e+04
step 1258 | acc=0.9090 | NZ=   902 | sparsity=0.5824 | d_m=3.9983e+04
step 1259 | acc=0.9070 | NZ=   901 | sparsity=0.5829 | d_m=4.0279e+04
step 1260 | acc=0.9070 | NZ=   900 | sparsity=0.5833 | d_m=4.0433e+04
step 1261 | acc=0.9060 | NZ=   899 | sparsity=0.5838 | d_m=4.0569e+04
step 1262 | acc=0.9060 | NZ=   898 | sparsity=0.5843 | d_m=4.0514e+04
step 1263 | acc=0.9060 | NZ=   897 | sparsity=0.5847 | d_m=4.0606e+04
step 1264 | acc=0.9050 | NZ=   896 | sparsity=0.5852 | d_m=4.0874e+04
step 1265 | acc=0.9050 | NZ=   895 | sparsity=0.5856 | d_m=4.1049e+04
step 1266 | acc=0.9050 | NZ=   894 | sparsity=0.5861 | d_m=4.1123e+04
step 1267 | acc=0.9040 | NZ=   893 | sparsity=0.5866 | d_m=4.1371e+04
step 1268 | acc=0.9060 | NZ=   892 | sparsity=0.5870 | d_m=4.1397e+04
step 1269 | acc=0.9040 | NZ=   891 | sparsity=0.5875 | d_m=4.1670e+04
step 1270 | acc=0.9050 | NZ=   890 | sparsity=0.5880 | d_m=4.1845e+04
step 1271 | acc=0.9050 | NZ=   889 | sparsity=0.5884 | d_m=4.2073e+04
step 1272 | acc=0.9050 | NZ=   888 | sparsity=0.5889 | d_m=4.2214e+04
step 1273 | acc=0.9060 | NZ=   887 | sparsity=0.5894 | d_m=4.2345e+04
step 1274 | acc=0.9050 | NZ=   886 | sparsity=0.5898 | d_m=4.2209e+04
step 1275 | acc=0.9070 | NZ=   885 | sparsity=0.5903 | d_m=4.2404e+04
step 1276 | acc=0.9090 | NZ=   884 | sparsity=0.5907 | d_m=4.2523e+04
step 1277 | acc=0.9090 | NZ=   883 | sparsity=0.5912 | d_m=4.2557e+04
step 1278 | acc=0.9100 | NZ=   882 | sparsity=0.5917 | d_m=4.2860e+04
step 1279 | acc=0.9090 | NZ=   881 | sparsity=0.5921 | d_m=4.3009e+04
step 1280 | acc=0.9070 | NZ=   880 | sparsity=0.5926 | d_m=4.3082e+04
step 1281 | acc=0.9090 | NZ=   879 | sparsity=0.5931 | d_m=4.3237e+04
step 1282 | acc=0.9080 | NZ=   878 | sparsity=0.5935 | d_m=4.3383e+04
step 1283 | acc=0.9090 | NZ=   877 | sparsity=0.5940 | d_m=4.3423e+04
step 1284 | acc=0.9080 | NZ=   876 | sparsity=0.5944 | d_m=4.3692e+04
step 1285 | acc=0.9070 | NZ=   875 | sparsity=0.5949 | d_m=4.4008e+04
step 1286 | acc=0.9070 | NZ=   874 | sparsity=0.5954 | d_m=4.4137e+04
step 1287 | acc=0.9080 | NZ=   873 | sparsity=0.5958 | d_m=4.4219e+04
step 1288 | acc=0.9060 | NZ=   872 | sparsity=0.5963 | d_m=4.4397e+04
step 1289 | acc=0.9080 | NZ=   871 | sparsity=0.5968 | d_m=4.4541e+04
step 1290 | acc=0.9070 | NZ=   870 | sparsity=0.5972 | d_m=4.4702e+04
step 1291 | acc=0.9060 | NZ=   869 | sparsity=0.5977 | d_m=4.5063e+04
step 1292 | acc=0.9050 | NZ=   868 | sparsity=0.5981 | d_m=4.5320e+04
step 1293 | acc=0.9050 | NZ=   867 | sparsity=0.5986 | d_m=4.5440e+04
step 1294 | acc=0.9040 | NZ=   866 | sparsity=0.5991 | d_m=4.5778e+04
step 1295 | acc=0.9060 | NZ=   865 | sparsity=0.5995 | d_m=4.6083e+04
step 1296 | acc=0.9060 | NZ=   864 | sparsity=0.6000 | d_m=4.6329e+04
step 1297 | acc=0.9060 | NZ=   863 | sparsity=0.6005 | d_m=4.6718e+04
step 1298 | acc=0.9050 | NZ=   862 | sparsity=0.6009 | d_m=4.6875e+04
step 1299 | acc=0.9060 | NZ=   861 | sparsity=0.6014 | d_m=4.7217e+04
step 1300 | acc=0.9040 | NZ=   860 | sparsity=0.6019 | d_m=4.7473e+04
step 1301 | acc=0.9060 | NZ=   859 | sparsity=0.6023 | d_m=4.7859e+04
step 1302 | acc=0.9050 | NZ=   858 | sparsity=0.6028 | d_m=4.8213e+04
step 1303 | acc=0.9060 | NZ=   857 | sparsity=0.6032 | d_m=4.8471e+04
step 1304 | acc=0.9050 | NZ=   856 | sparsity=0.6037 | d_m=4.8750e+04
step 1305 | acc=0.9050 | NZ=   855 | sparsity=0.6042 | d_m=4.8950e+04
step 1306 | acc=0.9060 | NZ=   854 | sparsity=0.6046 | d_m=4.9114e+04
step 1307 | acc=0.9060 | NZ=   853 | sparsity=0.6051 | d_m=4.9155e+04
step 1308 | acc=0.9060 | NZ=   852 | sparsity=0.6056 | d_m=4.9278e+04
step 1309 | acc=0.9070 | NZ=   851 | sparsity=0.6060 | d_m=4.9652e+04
step 1310 | acc=0.9070 | NZ=   850 | sparsity=0.6065 | d_m=4.9795e+04
step 1311 | acc=0.9070 | NZ=   849 | sparsity=0.6069 | d_m=4.9793e+04
step 1312 | acc=0.9070 | NZ=   848 | sparsity=0.6074 | d_m=4.9921e+04
step 1313 | acc=0.9060 | NZ=   847 | sparsity=0.6079 | d_m=5.0331e+04
step 1314 | acc=0.9070 | NZ=   846 | sparsity=0.6083 | d_m=5.0704e+04
step 1315 | acc=0.9060 | NZ=   845 | sparsity=0.6088 | d_m=5.0984e+04
step 1316 | acc=0.9060 | NZ=   844 | sparsity=0.6093 | d_m=5.1033e+04
step 1317 | acc=0.9060 | NZ=   843 | sparsity=0.6097 | d_m=5.1252e+04
step 1318 | acc=0.9020 | NZ=   842 | sparsity=0.6102 | d_m=5.1459e+04
step 1319 | acc=0.9030 | NZ=   841 | sparsity=0.6106 | d_m=5.1659e+04
step 1320 | acc=0.9050 | NZ=   840 | sparsity=0.6111 | d_m=5.1906e+04
step 1321 | acc=0.9070 | NZ=   839 | sparsity=0.6116 | d_m=5.2270e+04
step 1322 | acc=0.9050 | NZ=   838 | sparsity=0.6120 | d_m=5.2570e+04
step 1323 | acc=0.9080 | NZ=   837 | sparsity=0.6125 | d_m=5.2827e+04
step 1324 | acc=0.9070 | NZ=   836 | sparsity=0.6130 | d_m=5.3032e+04
step 1325 | acc=0.9070 | NZ=   835 | sparsity=0.6134 | d_m=5.3424e+04
step 1326 | acc=0.9070 | NZ=   834 | sparsity=0.6139 | d_m=5.3890e+04
step 1327 | acc=0.9080 | NZ=   833 | sparsity=0.6144 | d_m=5.4289e+04
step 1328 | acc=0.9050 | NZ=   832 | sparsity=0.6148 | d_m=5.4576e+04
step 1329 | acc=0.9030 | NZ=   831 | sparsity=0.6153 | d_m=5.4941e+04
step 1330 | acc=0.9040 | NZ=   830 | sparsity=0.6157 | d_m=5.5223e+04
step 1331 | acc=0.9050 | NZ=   829 | sparsity=0.6162 | d_m=5.5379e+04
step 1332 | acc=0.9060 | NZ=   828 | sparsity=0.6167 | d_m=5.5547e+04
step 1333 | acc=0.9030 | NZ=   827 | sparsity=0.6171 | d_m=5.5856e+04
step 1334 | acc=0.9050 | NZ=   826 | sparsity=0.6176 | d_m=5.5954e+04
step 1335 | acc=0.9040 | NZ=   825 | sparsity=0.6181 | d_m=5.6157e+04
step 1336 | acc=0.9040 | NZ=   824 | sparsity=0.6185 | d_m=5.6024e+04
step 1337 | acc=0.9050 | NZ=   823 | sparsity=0.6190 | d_m=5.6412e+04
step 1338 | acc=0.9040 | NZ=   822 | sparsity=0.6194 | d_m=5.6513e+04
step 1339 | acc=0.9050 | NZ=   821 | sparsity=0.6199 | d_m=5.6595e+04
step 1340 | acc=0.9040 | NZ=   820 | sparsity=0.6204 | d_m=5.6984e+04
step 1341 | acc=0.9050 | NZ=   819 | sparsity=0.6208 | d_m=5.7176e+04
step 1342 | acc=0.9050 | NZ=   818 | sparsity=0.6213 | d_m=5.7198e+04
step 1343 | acc=0.9050 | NZ=   817 | sparsity=0.6218 | d_m=5.7073e+04
step 1344 | acc=0.9040 | NZ=   816 | sparsity=0.6222 | d_m=5.7257e+04
step 1345 | acc=0.9020 | NZ=   815 | sparsity=0.6227 | d_m=5.7366e+04
step 1346 | acc=0.9040 | NZ=   814 | sparsity=0.6231 | d_m=5.7347e+04
step 1347 | acc=0.9030 | NZ=   813 | sparsity=0.6236 | d_m=5.7458e+04
step 1348 | acc=0.9030 | NZ=   812 | sparsity=0.6241 | d_m=5.7462e+04
step 1349 | acc=0.9030 | NZ=   811 | sparsity=0.6245 | d_m=5.7619e+04
step 1350 | acc=0.9020 | NZ=   810 | sparsity=0.6250 | d_m=5.7972e+04
step 1351 | acc=0.9030 | NZ=   809 | sparsity=0.6255 | d_m=5.8316e+04
step 1352 | acc=0.9020 | NZ=   808 | sparsity=0.6259 | d_m=5.8387e+04
step 1353 | acc=0.9030 | NZ=   807 | sparsity=0.6264 | d_m=5.8301e+04
step 1354 | acc=0.9040 | NZ=   806 | sparsity=0.6269 | d_m=5.8548e+04
step 1355 | acc=0.9040 | NZ=   805 | sparsity=0.6273 | d_m=5.8859e+04
step 1356 | acc=0.9040 | NZ=   804 | sparsity=0.6278 | d_m=5.8751e+04
step 1357 | acc=0.9040 | NZ=   803 | sparsity=0.6282 | d_m=5.9216e+04
step 1358 | acc=0.9000 | NZ=   802 | sparsity=0.6287 | d_m=5.9402e+04
step 1359 | acc=0.9020 | NZ=   801 | sparsity=0.6292 | d_m=5.9496e+04
step 1360 | acc=0.9040 | NZ=   800 | sparsity=0.6296 | d_m=5.9904e+04
step 1361 | acc=0.9040 | NZ=   799 | sparsity=0.6301 | d_m=6.0152e+04
step 1362 | acc=0.9040 | NZ=   798 | sparsity=0.6306 | d_m=6.0510e+04
step 1363 | acc=0.9020 | NZ=   797 | sparsity=0.6310 | d_m=6.0880e+04
step 1364 | acc=0.9060 | NZ=   796 | sparsity=0.6315 | d_m=6.1613e+04
step 1365 | acc=0.9050 | NZ=   795 | sparsity=0.6319 | d_m=6.1733e+04
step 1366 | acc=0.9020 | NZ=   794 | sparsity=0.6324 | d_m=6.1760e+04
step 1367 | acc=0.9020 | NZ=   793 | sparsity=0.6329 | d_m=6.1813e+04
step 1368 | acc=0.9030 | NZ=   792 | sparsity=0.6333 | d_m=6.2006e+04
step 1369 | acc=0.9030 | NZ=   791 | sparsity=0.6338 | d_m=6.2241e+04
step 1370 | acc=0.9030 | NZ=   790 | sparsity=0.6343 | d_m=6.2406e+04
step 1371 | acc=0.9050 | NZ=   789 | sparsity=0.6347 | d_m=6.2597e+04
step 1372 | acc=0.9040 | NZ=   788 | sparsity=0.6352 | d_m=6.3040e+04
step 1373 | acc=0.9060 | NZ=   787 | sparsity=0.6356 | d_m=6.3215e+04
step 1374 | acc=0.9040 | NZ=   786 | sparsity=0.6361 | d_m=6.3517e+04
step 1375 | acc=0.9050 | NZ=   785 | sparsity=0.6366 | d_m=6.3463e+04
step 1376 | acc=0.9040 | NZ=   784 | sparsity=0.6370 | d_m=6.3598e+04
step 1377 | acc=0.9050 | NZ=   783 | sparsity=0.6375 | d_m=6.3802e+04
step 1378 | acc=0.9050 | NZ=   782 | sparsity=0.6380 | d_m=6.3970e+04
step 1379 | acc=0.9020 | NZ=   781 | sparsity=0.6384 | d_m=6.4081e+04
step 1380 | acc=0.9030 | NZ=   780 | sparsity=0.6389 | d_m=6.4219e+04
step 1381 | acc=0.9010 | NZ=   779 | sparsity=0.6394 | d_m=6.4304e+04
step 1382 | acc=0.9020 | NZ=   778 | sparsity=0.6398 | d_m=6.4486e+04
step 1383 | acc=0.9010 | NZ=   777 | sparsity=0.6403 | d_m=6.4494e+04
step 1384 | acc=0.9010 | NZ=   776 | sparsity=0.6407 | d_m=6.4582e+04
step 1385 | acc=0.9030 | NZ=   775 | sparsity=0.6412 | d_m=6.4940e+04
step 1386 | acc=0.8990 | NZ=   774 | sparsity=0.6417 | d_m=6.5135e+04
step 1387 | acc=0.8950 | NZ=   773 | sparsity=0.6421 | d_m=6.5204e+04
step 1388 | acc=0.8940 | NZ=   772 | sparsity=0.6426 | d_m=6.5303e+04
step 1389 | acc=0.8940 | NZ=   771 | sparsity=0.6431 | d_m=6.5364e+04
step 1390 | acc=0.8950 | NZ=   770 | sparsity=0.6435 | d_m=6.5562e+04
step 1391 | acc=0.8930 | NZ=   769 | sparsity=0.6440 | d_m=6.5451e+04
step 1392 | acc=0.8940 | NZ=   768 | sparsity=0.6444 | d_m=6.5661e+04
step 1393 | acc=0.8930 | NZ=   767 | sparsity=0.6449 | d_m=6.5968e+04
step 1394 | acc=0.8900 | NZ=   766 | sparsity=0.6454 | d_m=6.6250e+04
step 1395 | acc=0.8930 | NZ=   765 | sparsity=0.6458 | d_m=6.6639e+04
step 1396 | acc=0.8900 | NZ=   764 | sparsity=0.6463 | d_m=6.6883e+04
step 1397 | acc=0.8920 | NZ=   763 | sparsity=0.6468 | d_m=6.6988e+04
step 1398 | acc=0.8890 | NZ=   762 | sparsity=0.6472 | d_m=6.7182e+04
step 1399 | acc=0.8930 | NZ=   761 | sparsity=0.6477 | d_m=6.7645e+04
step 1400 | acc=0.8920 | NZ=   760 | sparsity=0.6481 | d_m=6.7814e+04
step 1401 | acc=0.8900 | NZ=   759 | sparsity=0.6486 | d_m=6.7950e+04
step 1402 | acc=0.8890 | NZ=   758 | sparsity=0.6491 | d_m=6.8148e+04
step 1403 | acc=0.8900 | NZ=   757 | sparsity=0.6495 | d_m=6.8366e+04
step 1404 | acc=0.8890 | NZ=   756 | sparsity=0.6500 | d_m=6.8869e+04
step 1405 | acc=0.8870 | NZ=   755 | sparsity=0.6505 | d_m=6.8908e+04
step 1406 | acc=0.8910 | NZ=   754 | sparsity=0.6509 | d_m=6.9102e+04
step 1407 | acc=0.8900 | NZ=   753 | sparsity=0.6514 | d_m=6.9032e+04
step 1408 | acc=0.8920 | NZ=   752 | sparsity=0.6519 | d_m=6.9227e+04
step 1409 | acc=0.8920 | NZ=   751 | sparsity=0.6523 | d_m=6.9422e+04
step 1410 | acc=0.8950 | NZ=   750 | sparsity=0.6528 | d_m=6.9957e+04
step 1411 | acc=0.8960 | NZ=   749 | sparsity=0.6532 | d_m=7.0317e+04
step 1412 | acc=0.8980 | NZ=   748 | sparsity=0.6537 | d_m=7.0723e+04
step 1413 | acc=0.8960 | NZ=   747 | sparsity=0.6542 | d_m=7.0891e+04
step 1414 | acc=0.8930 | NZ=   746 | sparsity=0.6546 | d_m=7.0805e+04
step 1415 | acc=0.8910 | NZ=   745 | sparsity=0.6551 | d_m=7.1019e+04
step 1416 | acc=0.8910 | NZ=   744 | sparsity=0.6556 | d_m=7.0943e+04
step 1417 | acc=0.8910 | NZ=   743 | sparsity=0.6560 | d_m=7.1386e+04
step 1418 | acc=0.8900 | NZ=   742 | sparsity=0.6565 | d_m=7.1748e+04
step 1419 | acc=0.8910 | NZ=   741 | sparsity=0.6569 | d_m=7.1871e+04
step 1420 | acc=0.8890 | NZ=   740 | sparsity=0.6574 | d_m=7.2181e+04
step 1421 | acc=0.8920 | NZ=   739 | sparsity=0.6579 | d_m=7.2853e+04
step 1422 | acc=0.8920 | NZ=   738 | sparsity=0.6583 | d_m=7.3411e+04
step 1423 | acc=0.8900 | NZ=   737 | sparsity=0.6588 | d_m=7.4080e+04
step 1424 | acc=0.8900 | NZ=   736 | sparsity=0.6593 | d_m=7.4530e+04
step 1425 | acc=0.8910 | NZ=   735 | sparsity=0.6597 | d_m=7.4570e+04
step 1426 | acc=0.8900 | NZ=   734 | sparsity=0.6602 | d_m=7.4583e+04
step 1427 | acc=0.8900 | NZ=   733 | sparsity=0.6606 | d_m=7.4803e+04
step 1428 | acc=0.8870 | NZ=   732 | sparsity=0.6611 | d_m=7.5118e+04
step 1429 | acc=0.8910 | NZ=   731 | sparsity=0.6616 | d_m=7.5633e+04
step 1430 | acc=0.8920 | NZ=   730 | sparsity=0.6620 | d_m=7.5960e+04
step 1431 | acc=0.8910 | NZ=   729 | sparsity=0.6625 | d_m=7.6230e+04
step 1432 | acc=0.8910 | NZ=   728 | sparsity=0.6630 | d_m=7.6513e+04
step 1433 | acc=0.8920 | NZ=   727 | sparsity=0.6634 | d_m=7.6364e+04
step 1434 | acc=0.8910 | NZ=   726 | sparsity=0.6639 | d_m=7.6786e+04
step 1435 | acc=0.8900 | NZ=   725 | sparsity=0.6644 | d_m=7.7319e+04
step 1436 | acc=0.8920 | NZ=   724 | sparsity=0.6648 | d_m=7.7861e+04
step 1437 | acc=0.8900 | NZ=   723 | sparsity=0.6653 | d_m=7.8201e+04
step 1438 | acc=0.8920 | NZ=   722 | sparsity=0.6657 | d_m=7.8758e+04
step 1439 | acc=0.8910 | NZ=   721 | sparsity=0.6662 | d_m=7.9063e+04
step 1440 | acc=0.8910 | NZ=   720 | sparsity=0.6667 | d_m=7.9411e+04
step 1441 | acc=0.8890 | NZ=   719 | sparsity=0.6671 | d_m=7.9615e+04
step 1442 | acc=0.8880 | NZ=   718 | sparsity=0.6676 | d_m=7.9726e+04
step 1443 | acc=0.8920 | NZ=   717 | sparsity=0.6681 | d_m=7.9953e+04
step 1444 | acc=0.8880 | NZ=   716 | sparsity=0.6685 | d_m=8.0256e+04
step 1445 | acc=0.8850 | NZ=   715 | sparsity=0.6690 | d_m=8.0920e+04
step 1446 | acc=0.8840 | NZ=   714 | sparsity=0.6694 | d_m=8.1319e+04
step 1447 | acc=0.8850 | NZ=   713 | sparsity=0.6699 | d_m=8.1541e+04
step 1448 | acc=0.8880 | NZ=   712 | sparsity=0.6704 | d_m=8.1679e+04
step 1449 | acc=0.8880 | NZ=   711 | sparsity=0.6708 | d_m=8.1974e+04
step 1450 | acc=0.8860 | NZ=   710 | sparsity=0.6713 | d_m=8.2311e+04
step 1451 | acc=0.8820 | NZ=   709 | sparsity=0.6718 | d_m=8.2728e+04
step 1452 | acc=0.8850 | NZ=   708 | sparsity=0.6722 | d_m=8.2979e+04
step 1453 | acc=0.8840 | NZ=   707 | sparsity=0.6727 | d_m=8.2884e+04
step 1454 | acc=0.8830 | NZ=   706 | sparsity=0.6731 | d_m=8.3184e+04
step 1455 | acc=0.8800 | NZ=   705 | sparsity=0.6736 | d_m=8.3325e+04
step 1456 | acc=0.8800 | NZ=   704 | sparsity=0.6741 | d_m=8.3670e+04
step 1457 | acc=0.8790 | NZ=   703 | sparsity=0.6745 | d_m=8.3865e+04
step 1458 | acc=0.8780 | NZ=   702 | sparsity=0.6750 | d_m=8.4026e+04
step 1459 | acc=0.8800 | NZ=   701 | sparsity=0.6755 | d_m=8.4353e+04
step 1460 | acc=0.8830 | NZ=   700 | sparsity=0.6759 | d_m=8.4846e+04
step 1461 | acc=0.8840 | NZ=   699 | sparsity=0.6764 | d_m=8.5029e+04
step 1462 | acc=0.8830 | NZ=   698 | sparsity=0.6769 | d_m=8.5174e+04
step 1463 | acc=0.8840 | NZ=   697 | sparsity=0.6773 | d_m=8.5273e+04
step 1464 | acc=0.8800 | NZ=   696 | sparsity=0.6778 | d_m=8.5225e+04
step 1465 | acc=0.8790 | NZ=   695 | sparsity=0.6782 | d_m=8.5376e+04
step 1466 | acc=0.8790 | NZ=   694 | sparsity=0.6787 | d_m=8.5338e+04
step 1467 | acc=0.8780 | NZ=   693 | sparsity=0.6792 | d_m=8.5684e+04
step 1468 | acc=0.8800 | NZ=   692 | sparsity=0.6796 | d_m=8.6004e+04
step 1469 | acc=0.8780 | NZ=   691 | sparsity=0.6801 | d_m=8.6256e+04
step 1470 | acc=0.8830 | NZ=   690 | sparsity=0.6806 | d_m=8.6659e+04
step 1471 | acc=0.8790 | NZ=   689 | sparsity=0.6810 | d_m=8.6658e+04
step 1472 | acc=0.8790 | NZ=   688 | sparsity=0.6815 | d_m=8.6811e+04
step 1473 | acc=0.8820 | NZ=   687 | sparsity=0.6819 | d_m=8.6638e+04
step 1474 | acc=0.8820 | NZ=   686 | sparsity=0.6824 | d_m=8.7035e+04
step 1475 | acc=0.8780 | NZ=   685 | sparsity=0.6829 | d_m=8.7344e+04
step 1476 | acc=0.8750 | NZ=   684 | sparsity=0.6833 | d_m=8.7915e+04
step 1477 | acc=0.8740 | NZ=   683 | sparsity=0.6838 | d_m=8.7959e+04
step 1478 | acc=0.8750 | NZ=   682 | sparsity=0.6843 | d_m=8.8627e+04
step 1479 | acc=0.8740 | NZ=   681 | sparsity=0.6847 | d_m=8.9062e+04
step 1480 | acc=0.8770 | NZ=   680 | sparsity=0.6852 | d_m=8.9462e+04
step 1481 | acc=0.8750 | NZ=   679 | sparsity=0.6856 | d_m=8.9733e+04
step 1482 | acc=0.8720 | NZ=   678 | sparsity=0.6861 | d_m=9.0316e+04
step 1483 | acc=0.8730 | NZ=   677 | sparsity=0.6866 | d_m=9.0888e+04
step 1484 | acc=0.8670 | NZ=   676 | sparsity=0.6870 | d_m=9.1158e+04
step 1485 | acc=0.8620 | NZ=   675 | sparsity=0.6875 | d_m=9.1611e+04
step 1486 | acc=0.8580 | NZ=   674 | sparsity=0.6880 | d_m=9.1977e+04
step 1487 | acc=0.8590 | NZ=   673 | sparsity=0.6884 | d_m=9.2405e+04
step 1488 | acc=0.8610 | NZ=   672 | sparsity=0.6889 | d_m=9.3005e+04
step 1489 | acc=0.8610 | NZ=   671 | sparsity=0.6894 | d_m=9.3539e+04
step 1490 | acc=0.8600 | NZ=   670 | sparsity=0.6898 | d_m=9.3731e+04
step 1491 | acc=0.8610 | NZ=   669 | sparsity=0.6903 | d_m=9.3876e+04
step 1492 | acc=0.8570 | NZ=   668 | sparsity=0.6907 | d_m=9.4179e+04
step 1493 | acc=0.8580 | NZ=   667 | sparsity=0.6912 | d_m=9.4264e+04
step 1494 | acc=0.8600 | NZ=   666 | sparsity=0.6917 | d_m=9.4587e+04
step 1495 | acc=0.8610 | NZ=   665 | sparsity=0.6921 | d_m=9.4821e+04
step 1496 | acc=0.8610 | NZ=   664 | sparsity=0.6926 | d_m=9.4991e+04
step 1497 | acc=0.8650 | NZ=   663 | sparsity=0.6931 | d_m=9.5214e+04
step 1498 | acc=0.8620 | NZ=   662 | sparsity=0.6935 | d_m=9.5201e+04
step 1499 | acc=0.8640 | NZ=   661 | sparsity=0.6940 | d_m=9.5290e+04
step 1500 | acc=0.8620 | NZ=   660 | sparsity=0.6944 | d_m=9.5649e+04
step 1501 | acc=0.8620 | NZ=   659 | sparsity=0.6949 | d_m=9.5853e+04
step 1502 | acc=0.8650 | NZ=   658 | sparsity=0.6954 | d_m=9.6517e+04
step 1503 | acc=0.8660 | NZ=   657 | sparsity=0.6958 | d_m=9.6580e+04
step 1504 | acc=0.8650 | NZ=   656 | sparsity=0.6963 | d_m=9.7241e+04
step 1505 | acc=0.8660 | NZ=   655 | sparsity=0.6968 | d_m=9.7522e+04
step 1506 | acc=0.8680 | NZ=   654 | sparsity=0.6972 | d_m=9.8025e+04
step 1507 | acc=0.8650 | NZ=   653 | sparsity=0.6977 | d_m=9.8609e+04
step 1508 | acc=0.8600 | NZ=   652 | sparsity=0.6981 | d_m=9.9426e+04
step 1509 | acc=0.8650 | NZ=   651 | sparsity=0.6986 | d_m=1.0024e+05
step 1510 | acc=0.8650 | NZ=   650 | sparsity=0.6991 | d_m=1.0116e+05
step 1511 | acc=0.8660 | NZ=   649 | sparsity=0.6995 | d_m=1.0170e+05
step 1512 | acc=0.8670 | NZ=   648 | sparsity=0.7000 | d_m=1.0230e+05
step 1513 | acc=0.8730 | NZ=   647 | sparsity=0.7005 | d_m=1.0293e+05
step 1514 | acc=0.8710 | NZ=   646 | sparsity=0.7009 | d_m=1.0361e+05
step 1515 | acc=0.8720 | NZ=   645 | sparsity=0.7014 | d_m=1.0444e+05
step 1516 | acc=0.8710 | NZ=   644 | sparsity=0.7019 | d_m=1.0510e+05
step 1517 | acc=0.8700 | NZ=   643 | sparsity=0.7023 | d_m=1.0577e+05
step 1518 | acc=0.8700 | NZ=   642 | sparsity=0.7028 | d_m=1.0617e+05
step 1519 | acc=0.8680 | NZ=   641 | sparsity=0.7032 | d_m=1.0601e+05
step 1520 | acc=0.8680 | NZ=   640 | sparsity=0.7037 | d_m=1.0594e+05
step 1521 | acc=0.8680 | NZ=   639 | sparsity=0.7042 | d_m=1.0631e+05
step 1522 | acc=0.8700 | NZ=   638 | sparsity=0.7046 | d_m=1.0711e+05
step 1523 | acc=0.8710 | NZ=   637 | sparsity=0.7051 | d_m=1.0749e+05
step 1524 | acc=0.8700 | NZ=   636 | sparsity=0.7056 | d_m=1.0812e+05
step 1525 | acc=0.8730 | NZ=   635 | sparsity=0.7060 | d_m=1.0865e+05
step 1526 | acc=0.8730 | NZ=   634 | sparsity=0.7065 | d_m=1.0869e+05
step 1527 | acc=0.8720 | NZ=   633 | sparsity=0.7069 | d_m=1.0901e+05
step 1528 | acc=0.8720 | NZ=   632 | sparsity=0.7074 | d_m=1.0987e+05
step 1529 | acc=0.8730 | NZ=   631 | sparsity=0.7079 | d_m=1.1004e+05
step 1530 | acc=0.8680 | NZ=   630 | sparsity=0.7083 | d_m=1.1069e+05
step 1531 | acc=0.8670 | NZ=   629 | sparsity=0.7088 | d_m=1.1072e+05
step 1532 | acc=0.8710 | NZ=   628 | sparsity=0.7093 | d_m=1.1113e+05
step 1533 | acc=0.8680 | NZ=   627 | sparsity=0.7097 | d_m=1.1105e+05
step 1534 | acc=0.8670 | NZ=   626 | sparsity=0.7102 | d_m=1.1182e+05
step 1535 | acc=0.8680 | NZ=   625 | sparsity=0.7106 | d_m=1.1221e+05
step 1536 | acc=0.8770 | NZ=   624 | sparsity=0.7111 | d_m=1.1249e+05
step 1537 | acc=0.8760 | NZ=   623 | sparsity=0.7116 | d_m=1.1241e+05
step 1538 | acc=0.8760 | NZ=   622 | sparsity=0.7120 | d_m=1.1282e+05
step 1539 | acc=0.8730 | NZ=   621 | sparsity=0.7125 | d_m=1.1328e+05
step 1540 | acc=0.8740 | NZ=   620 | sparsity=0.7130 | d_m=1.1348e+05
step 1541 | acc=0.8720 | NZ=   619 | sparsity=0.7134 | d_m=1.1373e+05
step 1542 | acc=0.8720 | NZ=   618 | sparsity=0.7139 | d_m=1.1357e+05
step 1543 | acc=0.8710 | NZ=   617 | sparsity=0.7144 | d_m=1.1400e+05
step 1544 | acc=0.8660 | NZ=   616 | sparsity=0.7148 | d_m=1.1381e+05
step 1545 | acc=0.8720 | NZ=   615 | sparsity=0.7153 | d_m=1.1447e+05
step 1546 | acc=0.8680 | NZ=   614 | sparsity=0.7157 | d_m=1.1493e+05
step 1547 | acc=0.8660 | NZ=   613 | sparsity=0.7162 | d_m=1.1485e+05
step 1548 | acc=0.8680 | NZ=   612 | sparsity=0.7167 | d_m=1.1533e+05
step 1549 | acc=0.8680 | NZ=   611 | sparsity=0.7171 | d_m=1.1603e+05
step 1550 | acc=0.8680 | NZ=   610 | sparsity=0.7176 | d_m=1.1583e+05
step 1551 | acc=0.8700 | NZ=   609 | sparsity=0.7181 | d_m=1.1675e+05
step 1552 | acc=0.8680 | NZ=   608 | sparsity=0.7185 | d_m=1.1704e+05
step 1553 | acc=0.8720 | NZ=   607 | sparsity=0.7190 | d_m=1.1762e+05
step 1554 | acc=0.8730 | NZ=   606 | sparsity=0.7194 | d_m=1.1831e+05
step 1555 | acc=0.8700 | NZ=   605 | sparsity=0.7199 | d_m=1.1878e+05
step 1556 | acc=0.8700 | NZ=   604 | sparsity=0.7204 | d_m=1.1884e+05
step 1557 | acc=0.8730 | NZ=   603 | sparsity=0.7208 | d_m=1.1943e+05
step 1558 | acc=0.8730 | NZ=   602 | sparsity=0.7213 | d_m=1.1958e+05
step 1559 | acc=0.8700 | NZ=   601 | sparsity=0.7218 | d_m=1.1953e+05
step 1560 | acc=0.8720 | NZ=   600 | sparsity=0.7222 | d_m=1.1922e+05
step 1561 | acc=0.8720 | NZ=   599 | sparsity=0.7227 | d_m=1.1917e+05
step 1562 | acc=0.8720 | NZ=   598 | sparsity=0.7231 | d_m=1.2005e+05
step 1563 | acc=0.8720 | NZ=   597 | sparsity=0.7236 | d_m=1.2036e+05
step 1564 | acc=0.8720 | NZ=   596 | sparsity=0.7241 | d_m=1.2147e+05
step 1565 | acc=0.8720 | NZ=   595 | sparsity=0.7245 | d_m=1.2220e+05
step 1566 | acc=0.8740 | NZ=   594 | sparsity=0.7250 | d_m=1.2327e+05
step 1567 | acc=0.8710 | NZ=   593 | sparsity=0.7255 | d_m=1.2376e+05
step 1568 | acc=0.8700 | NZ=   592 | sparsity=0.7259 | d_m=1.2423e+05
step 1569 | acc=0.8700 | NZ=   591 | sparsity=0.7264 | d_m=1.2420e+05
step 1570 | acc=0.8710 | NZ=   590 | sparsity=0.7269 | d_m=1.2483e+05
step 1571 | acc=0.8730 | NZ=   589 | sparsity=0.7273 | d_m=1.2512e+05
step 1572 | acc=0.8720 | NZ=   588 | sparsity=0.7278 | d_m=1.2548e+05
step 1573 | acc=0.8730 | NZ=   587 | sparsity=0.7282 | d_m=1.2588e+05
step 1574 | acc=0.8720 | NZ=   586 | sparsity=0.7287 | d_m=1.2602e+05
step 1575 | acc=0.8700 | NZ=   585 | sparsity=0.7292 | d_m=1.2704e+05
step 1576 | acc=0.8730 | NZ=   584 | sparsity=0.7296 | d_m=1.2813e+05
step 1577 | acc=0.8700 | NZ=   583 | sparsity=0.7301 | d_m=1.2877e+05
step 1578 | acc=0.8700 | NZ=   582 | sparsity=0.7306 | d_m=1.2933e+05
step 1579 | acc=0.8690 | NZ=   581 | sparsity=0.7310 | d_m=1.2954e+05
step 1580 | acc=0.8690 | NZ=   580 | sparsity=0.7315 | d_m=1.2949e+05
step 1581 | acc=0.8640 | NZ=   579 | sparsity=0.7319 | d_m=1.3072e+05
step 1582 | acc=0.8680 | NZ=   578 | sparsity=0.7324 | d_m=1.3165e+05
step 1583 | acc=0.8690 | NZ=   577 | sparsity=0.7329 | d_m=1.3228e+05
step 1584 | acc=0.8690 | NZ=   576 | sparsity=0.7333 | d_m=1.3304e+05
step 1585 | acc=0.8700 | NZ=   575 | sparsity=0.7338 | d_m=1.3391e+05
step 1586 | acc=0.8690 | NZ=   574 | sparsity=0.7343 | d_m=1.3410e+05
step 1587 | acc=0.8690 | NZ=   573 | sparsity=0.7347 | d_m=1.3469e+05
step 1588 | acc=0.8700 | NZ=   572 | sparsity=0.7352 | d_m=1.3484e+05
step 1589 | acc=0.8670 | NZ=   571 | sparsity=0.7356 | d_m=1.3538e+05
step 1590 | acc=0.8700 | NZ=   570 | sparsity=0.7361 | d_m=1.3513e+05
step 1591 | acc=0.8670 | NZ=   569 | sparsity=0.7366 | d_m=1.3595e+05
step 1592 | acc=0.8660 | NZ=   568 | sparsity=0.7370 | d_m=1.3701e+05
step 1593 | acc=0.8660 | NZ=   567 | sparsity=0.7375 | d_m=1.3767e+05
step 1594 | acc=0.8650 | NZ=   566 | sparsity=0.7380 | d_m=1.3840e+05
step 1595 | acc=0.8710 | NZ=   565 | sparsity=0.7384 | d_m=1.3952e+05
step 1596 | acc=0.8640 | NZ=   564 | sparsity=0.7389 | d_m=1.4023e+05
step 1597 | acc=0.8640 | NZ=   563 | sparsity=0.7394 | d_m=1.4150e+05
step 1598 | acc=0.8650 | NZ=   562 | sparsity=0.7398 | d_m=1.4208e+05
step 1599 | acc=0.8660 | NZ=   561 | sparsity=0.7403 | d_m=1.4228e+05
step 1600 | acc=0.8670 | NZ=   560 | sparsity=0.7407 | d_m=1.4266e+05
step 1601 | acc=0.8670 | NZ=   559 | sparsity=0.7412 | d_m=1.4306e+05
step 1602 | acc=0.8720 | NZ=   558 | sparsity=0.7417 | d_m=1.4374e+05
step 1603 | acc=0.8720 | NZ=   557 | sparsity=0.7421 | d_m=1.4408e+05
step 1604 | acc=0.8670 | NZ=   556 | sparsity=0.7426 | d_m=1.4502e+05
step 1605 | acc=0.8700 | NZ=   555 | sparsity=0.7431 | d_m=1.4595e+05
step 1606 | acc=0.8690 | NZ=   554 | sparsity=0.7435 | d_m=1.4625e+05
step 1607 | acc=0.8700 | NZ=   553 | sparsity=0.7440 | d_m=1.4713e+05
step 1608 | acc=0.8730 | NZ=   552 | sparsity=0.7444 | d_m=1.4772e+05
step 1609 | acc=0.8670 | NZ=   551 | sparsity=0.7449 | d_m=1.4910e+05
step 1610 | acc=0.8630 | NZ=   550 | sparsity=0.7454 | d_m=1.5026e+05
step 1611 | acc=0.8640 | NZ=   549 | sparsity=0.7458 | d_m=1.5142e+05
step 1612 | acc=0.8620 | NZ=   548 | sparsity=0.7463 | d_m=1.5134e+05
step 1613 | acc=0.8590 | NZ=   547 | sparsity=0.7468 | d_m=1.5227e+05
step 1614 | acc=0.8580 | NZ=   546 | sparsity=0.7472 | d_m=1.5258e+05
step 1615 | acc=0.8590 | NZ=   545 | sparsity=0.7477 | d_m=1.5371e+05
step 1616 | acc=0.8570 | NZ=   544 | sparsity=0.7481 | d_m=1.5492e+05
step 1617 | acc=0.8570 | NZ=   543 | sparsity=0.7486 | d_m=1.5469e+05
step 1618 | acc=0.8540 | NZ=   542 | sparsity=0.7491 | d_m=1.5604e+05
step 1619 | acc=0.8520 | NZ=   541 | sparsity=0.7495 | d_m=1.5653e+05
step 1620 | acc=0.8480 | NZ=   540 | sparsity=0.7500 | d_m=1.5716e+05
step 1621 | acc=0.8500 | NZ=   539 | sparsity=0.7505 | d_m=1.5765e+05
step 1622 | acc=0.8490 | NZ=   538 | sparsity=0.7509 | d_m=1.5867e+05
step 1623 | acc=0.8500 | NZ=   537 | sparsity=0.7514 | d_m=1.5983e+05
step 1624 | acc=0.8510 | NZ=   536 | sparsity=0.7519 | d_m=1.6008e+05
step 1625 | acc=0.8520 | NZ=   535 | sparsity=0.7523 | d_m=1.6131e+05
step 1626 | acc=0.8540 | NZ=   534 | sparsity=0.7528 | d_m=1.6215e+05
step 1627 | acc=0.8530 | NZ=   533 | sparsity=0.7532 | d_m=1.6287e+05
step 1628 | acc=0.8510 | NZ=   532 | sparsity=0.7537 | d_m=1.6343e+05
step 1629 | acc=0.8490 | NZ=   531 | sparsity=0.7542 | d_m=1.6384e+05
step 1630 | acc=0.8470 | NZ=   530 | sparsity=0.7546 | d_m=1.6400e+05
step 1631 | acc=0.8470 | NZ=   529 | sparsity=0.7551 | d_m=1.6464e+05
step 1632 | acc=0.8520 | NZ=   528 | sparsity=0.7556 | d_m=1.6595e+05
step 1633 | acc=0.8450 | NZ=   527 | sparsity=0.7560 | d_m=1.6652e+05
step 1634 | acc=0.8430 | NZ=   526 | sparsity=0.7565 | d_m=1.6744e+05
step 1635 | acc=0.8470 | NZ=   525 | sparsity=0.7569 | d_m=1.6802e+05
step 1636 | acc=0.8450 | NZ=   524 | sparsity=0.7574 | d_m=1.6882e+05
step 1637 | acc=0.8460 | NZ=   523 | sparsity=0.7579 | d_m=1.6862e+05
step 1638 | acc=0.8440 | NZ=   522 | sparsity=0.7583 | d_m=1.6951e+05
step 1639 | acc=0.8410 | NZ=   521 | sparsity=0.7588 | d_m=1.7023e+05
step 1640 | acc=0.8360 | NZ=   520 | sparsity=0.7593 | d_m=1.7069e+05
step 1641 | acc=0.8350 | NZ=   519 | sparsity=0.7597 | d_m=1.7100e+05
step 1642 | acc=0.8390 | NZ=   518 | sparsity=0.7602 | d_m=1.7187e+05
step 1643 | acc=0.8370 | NZ=   517 | sparsity=0.7606 | d_m=1.7255e+05
step 1644 | acc=0.8460 | NZ=   516 | sparsity=0.7611 | d_m=1.7303e+05
step 1645 | acc=0.8440 | NZ=   515 | sparsity=0.7616 | d_m=1.7254e+05
step 1646 | acc=0.8430 | NZ=   514 | sparsity=0.7620 | d_m=1.7242e+05
step 1647 | acc=0.8440 | NZ=   513 | sparsity=0.7625 | d_m=1.7343e+05
step 1648 | acc=0.8410 | NZ=   512 | sparsity=0.7630 | d_m=1.7364e+05
step 1649 | acc=0.8450 | NZ=   511 | sparsity=0.7634 | d_m=1.7510e+05
step 1650 | acc=0.8440 | NZ=   510 | sparsity=0.7639 | d_m=1.7506e+05
step 1651 | acc=0.8370 | NZ=   509 | sparsity=0.7644 | d_m=1.7575e+05
step 1652 | acc=0.8350 | NZ=   508 | sparsity=0.7648 | d_m=1.7671e+05
step 1653 | acc=0.8390 | NZ=   507 | sparsity=0.7653 | d_m=1.7681e+05
step 1654 | acc=0.8400 | NZ=   506 | sparsity=0.7657 | d_m=1.7722e+05
step 1655 | acc=0.8380 | NZ=   505 | sparsity=0.7662 | d_m=1.7791e+05
step 1656 | acc=0.8420 | NZ=   504 | sparsity=0.7667 | d_m=1.7849e+05
step 1657 | acc=0.8280 | NZ=   503 | sparsity=0.7671 | d_m=1.8050e+05
step 1658 | acc=0.8350 | NZ=   502 | sparsity=0.7676 | d_m=1.8107e+05
step 1659 | acc=0.8300 | NZ=   501 | sparsity=0.7681 | d_m=1.8202e+05
step 1660 | acc=0.8320 | NZ=   500 | sparsity=0.7685 | d_m=1.8290e+05
step 1661 | acc=0.8320 | NZ=   499 | sparsity=0.7690 | d_m=1.8348e+05
step 1662 | acc=0.8350 | NZ=   498 | sparsity=0.7694 | d_m=1.8376e+05
step 1663 | acc=0.8340 | NZ=   497 | sparsity=0.7699 | d_m=1.8524e+05
step 1664 | acc=0.8380 | NZ=   496 | sparsity=0.7704 | d_m=1.8596e+05
step 1665 | acc=0.8370 | NZ=   495 | sparsity=0.7708 | d_m=1.8690e+05
step 1666 | acc=0.8310 | NZ=   494 | sparsity=0.7713 | d_m=1.8843e+05
step 1667 | acc=0.8250 | NZ=   493 | sparsity=0.7718 | d_m=1.8947e+05
step 1668 | acc=0.8220 | NZ=   492 | sparsity=0.7722 | d_m=1.9002e+05
step 1669 | acc=0.8220 | NZ=   491 | sparsity=0.7727 | d_m=1.9028e+05
step 1670 | acc=0.8230 | NZ=   490 | sparsity=0.7731 | d_m=1.9127e+05
step 1671 | acc=0.8200 | NZ=   489 | sparsity=0.7736 | d_m=1.9314e+05
step 1672 | acc=0.8230 | NZ=   488 | sparsity=0.7741 | d_m=1.9503e+05
step 1673 | acc=0.8230 | NZ=   487 | sparsity=0.7745 | d_m=1.9616e+05
step 1674 | acc=0.8300 | NZ=   486 | sparsity=0.7750 | d_m=1.9765e+05
step 1675 | acc=0.8330 | NZ=   485 | sparsity=0.7755 | d_m=1.9876e+05
step 1676 | acc=0.8320 | NZ=   484 | sparsity=0.7759 | d_m=1.9983e+05
step 1677 | acc=0.8310 | NZ=   483 | sparsity=0.7764 | d_m=2.0092e+05
step 1678 | acc=0.8330 | NZ=   482 | sparsity=0.7769 | d_m=2.0212e+05
step 1679 | acc=0.8320 | NZ=   481 | sparsity=0.7773 | d_m=2.0242e+05
step 1680 | acc=0.8330 | NZ=   480 | sparsity=0.7778 | d_m=2.0311e+05
step 1681 | acc=0.8380 | NZ=   479 | sparsity=0.7782 | d_m=2.0482e+05
step 1682 | acc=0.8380 | NZ=   478 | sparsity=0.7787 | d_m=2.0512e+05
step 1683 | acc=0.8380 | NZ=   477 | sparsity=0.7792 | d_m=2.0570e+05
step 1684 | acc=0.8380 | NZ=   476 | sparsity=0.7796 | d_m=2.0724e+05
step 1685 | acc=0.8430 | NZ=   475 | sparsity=0.7801 | d_m=2.0858e+05
step 1686 | acc=0.8440 | NZ=   474 | sparsity=0.7806 | d_m=2.0953e+05
step 1687 | acc=0.8440 | NZ=   473 | sparsity=0.7810 | d_m=2.1127e+05
step 1688 | acc=0.8490 | NZ=   472 | sparsity=0.7815 | d_m=2.1319e+05
step 1689 | acc=0.8490 | NZ=   471 | sparsity=0.7819 | d_m=2.1258e+05
step 1690 | acc=0.8470 | NZ=   470 | sparsity=0.7824 | d_m=2.1240e+05
step 1691 | acc=0.8460 | NZ=   469 | sparsity=0.7829 | d_m=2.1280e+05
step 1692 | acc=0.8460 | NZ=   468 | sparsity=0.7833 | d_m=2.1353e+05
step 1693 | acc=0.8480 | NZ=   467 | sparsity=0.7838 | d_m=2.1444e+05
step 1694 | acc=0.8470 | NZ=   466 | sparsity=0.7843 | d_m=2.1587e+05
step 1695 | acc=0.8450 | NZ=   465 | sparsity=0.7847 | d_m=2.1780e+05
step 1696 | acc=0.8480 | NZ=   464 | sparsity=0.7852 | d_m=2.1982e+05
step 1697 | acc=0.8460 | NZ=   463 | sparsity=0.7856 | d_m=2.2205e+05
step 1698 | acc=0.8380 | NZ=   462 | sparsity=0.7861 | d_m=2.2448e+05
step 1699 | acc=0.8370 | NZ=   461 | sparsity=0.7866 | d_m=2.2607e+05
step 1700 | acc=0.8340 | NZ=   460 | sparsity=0.7870 | d_m=2.2748e+05
step 1701 | acc=0.8380 | NZ=   459 | sparsity=0.7875 | d_m=2.2780e+05
step 1702 | acc=0.8420 | NZ=   458 | sparsity=0.7880 | d_m=2.2883e+05
step 1703 | acc=0.8340 | NZ=   457 | sparsity=0.7884 | d_m=2.3085e+05
step 1704 | acc=0.8450 | NZ=   456 | sparsity=0.7889 | d_m=2.3100e+05
step 1705 | acc=0.8480 | NZ=   455 | sparsity=0.7894 | d_m=2.3228e+05
step 1706 | acc=0.8460 | NZ=   454 | sparsity=0.7898 | d_m=2.3359e+05
step 1707 | acc=0.8460 | NZ=   453 | sparsity=0.7903 | d_m=2.3425e+05
step 1708 | acc=0.8520 | NZ=   452 | sparsity=0.7907 | d_m=2.3686e+05
step 1709 | acc=0.8550 | NZ=   451 | sparsity=0.7912 | d_m=2.3917e+05
step 1710 | acc=0.8570 | NZ=   450 | sparsity=0.7917 | d_m=2.4048e+05
step 1711 | acc=0.8520 | NZ=   449 | sparsity=0.7921 | d_m=2.4303e+05
step 1712 | acc=0.8510 | NZ=   448 | sparsity=0.7926 | d_m=2.4566e+05
step 1713 | acc=0.8520 | NZ=   447 | sparsity=0.7931 | d_m=2.4832e+05
step 1714 | acc=0.8490 | NZ=   446 | sparsity=0.7935 | d_m=2.4947e+05
step 1715 | acc=0.8520 | NZ=   445 | sparsity=0.7940 | d_m=2.5053e+05
step 1716 | acc=0.8510 | NZ=   444 | sparsity=0.7944 | d_m=2.5041e+05
step 1717 | acc=0.8480 | NZ=   443 | sparsity=0.7949 | d_m=2.5304e+05
step 1718 | acc=0.8480 | NZ=   442 | sparsity=0.7954 | d_m=2.5459e+05
step 1719 | acc=0.8480 | NZ=   441 | sparsity=0.7958 | d_m=2.5555e+05
step 1720 | acc=0.8490 | NZ=   440 | sparsity=0.7963 | d_m=2.5636e+05
step 1721 | acc=0.8460 | NZ=   439 | sparsity=0.7968 | d_m=2.5705e+05
step 1722 | acc=0.8460 | NZ=   438 | sparsity=0.7972 | d_m=2.5894e+05
step 1723 | acc=0.8440 | NZ=   437 | sparsity=0.7977 | d_m=2.5977e+05
step 1724 | acc=0.8400 | NZ=   436 | sparsity=0.7981 | d_m=2.6133e+05
step 1725 | acc=0.8360 | NZ=   435 | sparsity=0.7986 | d_m=2.6268e+05
step 1726 | acc=0.8310 | NZ=   434 | sparsity=0.7991 | d_m=2.6446e+05
step 1727 | acc=0.8310 | NZ=   433 | sparsity=0.7995 | d_m=2.6399e+05
step 1728 | acc=0.8300 | NZ=   432 | sparsity=0.8000 | d_m=2.6372e+05
step 1729 | acc=0.8290 | NZ=   431 | sparsity=0.8005 | d_m=2.6553e+05
step 1730 | acc=0.8310 | NZ=   430 | sparsity=0.8009 | d_m=2.6732e+05
step 1731 | acc=0.8350 | NZ=   429 | sparsity=0.8014 | d_m=2.6733e+05
step 1732 | acc=0.8370 | NZ=   428 | sparsity=0.8019 | d_m=2.6851e+05
step 1733 | acc=0.8350 | NZ=   427 | sparsity=0.8023 | d_m=2.6941e+05
step 1734 | acc=0.8330 | NZ=   426 | sparsity=0.8028 | d_m=2.6934e+05
step 1735 | acc=0.8320 | NZ=   425 | sparsity=0.8032 | d_m=2.6955e+05
step 1736 | acc=0.8370 | NZ=   424 | sparsity=0.8037 | d_m=2.7142e+05
step 1737 | acc=0.8360 | NZ=   423 | sparsity=0.8042 | d_m=2.7131e+05
step 1738 | acc=0.8310 | NZ=   422 | sparsity=0.8046 | d_m=2.7190e+05
step 1739 | acc=0.8320 | NZ=   421 | sparsity=0.8051 | d_m=2.7322e+05
step 1740 | acc=0.8300 | NZ=   420 | sparsity=0.8056 | d_m=2.7347e+05
step 1741 | acc=0.8330 | NZ=   419 | sparsity=0.8060 | d_m=2.7390e+05
step 1742 | acc=0.8340 | NZ=   418 | sparsity=0.8065 | d_m=2.7582e+05
step 1743 | acc=0.8310 | NZ=   417 | sparsity=0.8069 | d_m=2.7597e+05
step 1744 | acc=0.8300 | NZ=   416 | sparsity=0.8074 | d_m=2.7838e+05
step 1745 | acc=0.8290 | NZ=   415 | sparsity=0.8079 | d_m=2.7993e+05
step 1746 | acc=0.8190 | NZ=   414 | sparsity=0.8083 | d_m=2.8119e+05
step 1747 | acc=0.8200 | NZ=   413 | sparsity=0.8088 | d_m=2.8290e+05
step 1748 | acc=0.8170 | NZ=   412 | sparsity=0.8093 | d_m=2.8575e+05
step 1749 | acc=0.8120 | NZ=   411 | sparsity=0.8097 | d_m=2.8783e+05
step 1750 | acc=0.8000 | NZ=   410 | sparsity=0.8102 | d_m=2.8965e+05
step 1751 | acc=0.7940 | NZ=   409 | sparsity=0.8106 | d_m=2.9099e+05
step 1752 | acc=0.7920 | NZ=   408 | sparsity=0.8111 | d_m=2.9161e+05
step 1753 | acc=0.7930 | NZ=   407 | sparsity=0.8116 | d_m=2.9447e+05
step 1754 | acc=0.7940 | NZ=   406 | sparsity=0.8120 | d_m=2.9479e+05
step 1755 | acc=0.8010 | NZ=   405 | sparsity=0.8125 | d_m=2.9488e+05
step 1756 | acc=0.7970 | NZ=   404 | sparsity=0.8130 | d_m=2.9796e+05
step 1757 | acc=0.8000 | NZ=   403 | sparsity=0.8134 | d_m=2.9948e+05
step 1758 | acc=0.7910 | NZ=   402 | sparsity=0.8139 | d_m=2.9990e+05
step 1759 | acc=0.7800 | NZ=   401 | sparsity=0.8144 | d_m=3.0139e+05
step 1760 | acc=0.7800 | NZ=   400 | sparsity=0.8148 | d_m=3.0378e+05
step 1761 | acc=0.7780 | NZ=   399 | sparsity=0.8153 | d_m=3.0542e+05
step 1762 | acc=0.7730 | NZ=   398 | sparsity=0.8157 | d_m=3.0604e+05
step 1763 | acc=0.7760 | NZ=   397 | sparsity=0.8162 | d_m=3.0528e+05
step 1764 | acc=0.7770 | NZ=   396 | sparsity=0.8167 | d_m=3.0600e+05
step 1765 | acc=0.7750 | NZ=   395 | sparsity=0.8171 | d_m=3.0898e+05
step 1766 | acc=0.7770 | NZ=   394 | sparsity=0.8176 | d_m=3.0976e+05
step 1767 | acc=0.7780 | NZ=   393 | sparsity=0.8181 | d_m=3.1074e+05
step 1768 | acc=0.7660 | NZ=   392 | sparsity=0.8185 | d_m=3.1101e+05
step 1769 | acc=0.7750 | NZ=   391 | sparsity=0.8190 | d_m=3.1377e+05
step 1770 | acc=0.7730 | NZ=   390 | sparsity=0.8194 | d_m=3.1563e+05
step 1771 | acc=0.7650 | NZ=   389 | sparsity=0.8199 | d_m=3.1584e+05
step 1772 | acc=0.7690 | NZ=   388 | sparsity=0.8204 | d_m=3.1604e+05
step 1773 | acc=0.7670 | NZ=   387 | sparsity=0.8208 | d_m=3.1749e+05
step 1774 | acc=0.7620 | NZ=   386 | sparsity=0.8213 | d_m=3.1849e+05
step 1775 | acc=0.7550 | NZ=   385 | sparsity=0.8218 | d_m=3.2009e+05
step 1776 | acc=0.7600 | NZ=   384 | sparsity=0.8222 | d_m=3.2234e+05
step 1777 | acc=0.7630 | NZ=   383 | sparsity=0.8227 | d_m=3.2350e+05
step 1778 | acc=0.7610 | NZ=   382 | sparsity=0.8231 | d_m=3.2680e+05
step 1779 | acc=0.7630 | NZ=   381 | sparsity=0.8236 | d_m=3.2788e+05
step 1780 | acc=0.7600 | NZ=   380 | sparsity=0.8241 | d_m=3.2903e+05
step 1781 | acc=0.7540 | NZ=   379 | sparsity=0.8245 | d_m=3.2993e+05
step 1782 | acc=0.7510 | NZ=   378 | sparsity=0.8250 | d_m=3.3210e+05
step 1783 | acc=0.7470 | NZ=   377 | sparsity=0.8255 | d_m=3.3291e+05
step 1784 | acc=0.7430 | NZ=   376 | sparsity=0.8259 | d_m=3.3288e+05
step 1785 | acc=0.7360 | NZ=   375 | sparsity=0.8264 | d_m=3.3456e+05
step 1786 | acc=0.7320 | NZ=   374 | sparsity=0.8269 | d_m=3.3674e+05
step 1787 | acc=0.7230 | NZ=   373 | sparsity=0.8273 | d_m=3.3857e+05
step 1788 | acc=0.7230 | NZ=   372 | sparsity=0.8278 | d_m=3.3847e+05
step 1789 | acc=0.7110 | NZ=   371 | sparsity=0.8282 | d_m=3.3929e+05
step 1790 | acc=0.7080 | NZ=   370 | sparsity=0.8287 | d_m=3.4082e+05
step 1791 | acc=0.7080 | NZ=   369 | sparsity=0.8292 | d_m=3.4083e+05
step 1792 | acc=0.7070 | NZ=   368 | sparsity=0.8296 | d_m=3.4112e+05
step 1793 | acc=0.7010 | NZ=   367 | sparsity=0.8301 | d_m=3.4151e+05
step 1794 | acc=0.6990 | NZ=   366 | sparsity=0.8306 | d_m=3.4115e+05
step 1795 | acc=0.7000 | NZ=   365 | sparsity=0.8310 | d_m=3.4237e+05
step 1796 | acc=0.6980 | NZ=   364 | sparsity=0.8315 | d_m=3.4312e+05
step 1797 | acc=0.6950 | NZ=   363 | sparsity=0.8319 | d_m=3.4598e+05
step 1798 | acc=0.6910 | NZ=   362 | sparsity=0.8324 | d_m=3.4902e+05
step 1799 | acc=0.6890 | NZ=   361 | sparsity=0.8329 | d_m=3.5108e+05
step 1800 | acc=0.6900 | NZ=   360 | sparsity=0.8333 | d_m=3.5324e+05
step 1801 | acc=0.6900 | NZ=   359 | sparsity=0.8338 | d_m=3.5528e+05
step 1802 | acc=0.6900 | NZ=   358 | sparsity=0.8343 | d_m=3.5715e+05
step 1803 | acc=0.6910 | NZ=   357 | sparsity=0.8347 | d_m=3.5755e+05
step 1804 | acc=0.6960 | NZ=   356 | sparsity=0.8352 | d_m=3.5784e+05
step 1805 | acc=0.7040 | NZ=   355 | sparsity=0.8356 | d_m=3.5786e+05
step 1806 | acc=0.7020 | NZ=   354 | sparsity=0.8361 | d_m=3.5967e+05
step 1807 | acc=0.7030 | NZ=   353 | sparsity=0.8366 | d_m=3.5940e+05
step 1808 | acc=0.7080 | NZ=   352 | sparsity=0.8370 | d_m=3.6144e+05
step 1809 | acc=0.7090 | NZ=   351 | sparsity=0.8375 | d_m=3.6280e+05
step 1810 | acc=0.7090 | NZ=   350 | sparsity=0.8380 | d_m=3.6268e+05
step 1811 | acc=0.7060 | NZ=   349 | sparsity=0.8384 | d_m=3.6374e+05
step 1812 | acc=0.7030 | NZ=   348 | sparsity=0.8389 | d_m=3.6538e+05
step 1813 | acc=0.7080 | NZ=   347 | sparsity=0.8394 | d_m=3.6689e+05
step 1814 | acc=0.6970 | NZ=   346 | sparsity=0.8398 | d_m=3.6960e+05
step 1815 | acc=0.6920 | NZ=   345 | sparsity=0.8403 | d_m=3.7078e+05
step 1816 | acc=0.6890 | NZ=   344 | sparsity=0.8407 | d_m=3.6987e+05
step 1817 | acc=0.6940 | NZ=   343 | sparsity=0.8412 | d_m=3.7159e+05
step 1818 | acc=0.6940 | NZ=   342 | sparsity=0.8417 | d_m=3.7216e+05
step 1819 | acc=0.6980 | NZ=   341 | sparsity=0.8421 | d_m=3.7355e+05
step 1820 | acc=0.6950 | NZ=   340 | sparsity=0.8426 | d_m=3.7452e+05
step 1821 | acc=0.6970 | NZ=   339 | sparsity=0.8431 | d_m=3.7508e+05
step 1822 | acc=0.6940 | NZ=   338 | sparsity=0.8435 | d_m=3.7578e+05
step 1823 | acc=0.6970 | NZ=   337 | sparsity=0.8440 | d_m=3.7891e+05
step 1824 | acc=0.6990 | NZ=   336 | sparsity=0.8444 | d_m=3.8213e+05
step 1825 | acc=0.6970 | NZ=   335 | sparsity=0.8449 | d_m=3.8304e+05
step 1826 | acc=0.6980 | NZ=   334 | sparsity=0.8454 | d_m=3.8656e+05
step 1827 | acc=0.7020 | NZ=   333 | sparsity=0.8458 | d_m=3.8840e+05
step 1828 | acc=0.6990 | NZ=   332 | sparsity=0.8463 | d_m=3.8906e+05
step 1829 | acc=0.6940 | NZ=   331 | sparsity=0.8468 | d_m=3.9094e+05
step 1830 | acc=0.6900 | NZ=   330 | sparsity=0.8472 | d_m=3.9342e+05
step 1831 | acc=0.6870 | NZ=   329 | sparsity=0.8477 | d_m=3.9373e+05
step 1832 | acc=0.6870 | NZ=   328 | sparsity=0.8481 | d_m=3.9468e+05
step 1833 | acc=0.6910 | NZ=   327 | sparsity=0.8486 | d_m=3.9436e+05
step 1834 | acc=0.6860 | NZ=   326 | sparsity=0.8491 | d_m=3.9560e+05
step 1835 | acc=0.6750 | NZ=   325 | sparsity=0.8495 | d_m=3.9811e+05
step 1836 | acc=0.6680 | NZ=   324 | sparsity=0.8500 | d_m=3.9876e+05
step 1837 | acc=0.6710 | NZ=   323 | sparsity=0.8505 | d_m=4.0064e+05
step 1838 | acc=0.6670 | NZ=   322 | sparsity=0.8509 | d_m=4.0214e+05
step 1839 | acc=0.6660 | NZ=   321 | sparsity=0.8514 | d_m=4.0317e+05
step 1840 | acc=0.6640 | NZ=   320 | sparsity=0.8519 | d_m=4.0488e+05
step 1841 | acc=0.6580 | NZ=   319 | sparsity=0.8523 | d_m=4.0803e+05
step 1842 | acc=0.6540 | NZ=   318 | sparsity=0.8528 | d_m=4.1072e+05
step 1843 | acc=0.6490 | NZ=   317 | sparsity=0.8532 | d_m=4.1202e+05
step 1844 | acc=0.6520 | NZ=   316 | sparsity=0.8537 | d_m=4.1193e+05
step 1845 | acc=0.6510 | NZ=   315 | sparsity=0.8542 | d_m=4.1554e+05
step 1846 | acc=0.6450 | NZ=   314 | sparsity=0.8546 | d_m=4.1823e+05
step 1847 | acc=0.6460 | NZ=   313 | sparsity=0.8551 | d_m=4.2121e+05
step 1848 | acc=0.6430 | NZ=   312 | sparsity=0.8556 | d_m=4.2100e+05
step 1849 | acc=0.6480 | NZ=   311 | sparsity=0.8560 | d_m=4.2260e+05
step 1850 | acc=0.6420 | NZ=   310 | sparsity=0.8565 | d_m=4.2707e+05
step 1851 | acc=0.6300 | NZ=   309 | sparsity=0.8569 | d_m=4.2778e+05
step 1852 | acc=0.6230 | NZ=   308 | sparsity=0.8574 | d_m=4.3212e+05
step 1853 | acc=0.6240 | NZ=   307 | sparsity=0.8579 | d_m=4.3664e+05
step 1854 | acc=0.6310 | NZ=   306 | sparsity=0.8583 | d_m=4.4071e+05
step 1855 | acc=0.6290 | NZ=   305 | sparsity=0.8588 | d_m=4.4545e+05
step 1856 | acc=0.6260 | NZ=   304 | sparsity=0.8593 | d_m=4.5011e+05
step 1857 | acc=0.6210 | NZ=   303 | sparsity=0.8597 | d_m=4.5228e+05
step 1858 | acc=0.6270 | NZ=   302 | sparsity=0.8602 | d_m=4.5418e+05
step 1859 | acc=0.6270 | NZ=   301 | sparsity=0.8606 | d_m=4.5384e+05
step 1860 | acc=0.6220 | NZ=   300 | sparsity=0.8611 | d_m=4.5839e+05
step 1861 | acc=0.6130 | NZ=   299 | sparsity=0.8616 | d_m=4.6117e+05
step 1862 | acc=0.6140 | NZ=   298 | sparsity=0.8620 | d_m=4.6240e+05
step 1863 | acc=0.6130 | NZ=   297 | sparsity=0.8625 | d_m=4.6393e+05
step 1864 | acc=0.6120 | NZ=   296 | sparsity=0.8630 | d_m=4.6565e+05
step 1865 | acc=0.6120 | NZ=   295 | sparsity=0.8634 | d_m=4.6745e+05
step 1866 | acc=0.6070 | NZ=   294 | sparsity=0.8639 | d_m=4.6727e+05
step 1867 | acc=0.6150 | NZ=   293 | sparsity=0.8644 | d_m=4.7021e+05
step 1868 | acc=0.6130 | NZ=   292 | sparsity=0.8648 | d_m=4.7365e+05
step 1869 | acc=0.6050 | NZ=   291 | sparsity=0.8653 | d_m=4.7673e+05
step 1870 | acc=0.6080 | NZ=   290 | sparsity=0.8657 | d_m=4.8052e+05
step 1871 | acc=0.6010 | NZ=   289 | sparsity=0.8662 | d_m=4.8411e+05
step 1872 | acc=0.6040 | NZ=   288 | sparsity=0.8667 | d_m=4.8828e+05
step 1873 | acc=0.5980 | NZ=   287 | sparsity=0.8671 | d_m=4.9337e+05
step 1874 | acc=0.5930 | NZ=   286 | sparsity=0.8676 | d_m=4.9412e+05
step 1875 | acc=0.5950 | NZ=   285 | sparsity=0.8681 | d_m=4.9851e+05
step 1876 | acc=0.5850 | NZ=   284 | sparsity=0.8685 | d_m=5.0273e+05
step 1877 | acc=0.5870 | NZ=   283 | sparsity=0.8690 | d_m=5.0510e+05
step 1878 | acc=0.5820 | NZ=   282 | sparsity=0.8694 | d_m=5.0979e+05
step 1879 | acc=0.5730 | NZ=   281 | sparsity=0.8699 | d_m=5.1422e+05
step 1880 | acc=0.5760 | NZ=   280 | sparsity=0.8704 | d_m=5.1870e+05
step 1881 | acc=0.5670 | NZ=   279 | sparsity=0.8708 | d_m=5.2294e+05
step 1882 | acc=0.5680 | NZ=   278 | sparsity=0.8713 | d_m=5.2630e+05
step 1883 | acc=0.5610 | NZ=   277 | sparsity=0.8718 | d_m=5.2605e+05
step 1884 | acc=0.5630 | NZ=   276 | sparsity=0.8722 | d_m=5.2742e+05
step 1885 | acc=0.5680 | NZ=   275 | sparsity=0.8727 | d_m=5.3099e+05
step 1886 | acc=0.5650 | NZ=   274 | sparsity=0.8731 | d_m=5.3618e+05
step 1887 | acc=0.5600 | NZ=   273 | sparsity=0.8736 | d_m=5.3898e+05
step 1888 | acc=0.5530 | NZ=   272 | sparsity=0.8741 | d_m=5.4443e+05
step 1889 | acc=0.5540 | NZ=   271 | sparsity=0.8745 | d_m=5.4539e+05
step 1890 | acc=0.5510 | NZ=   270 | sparsity=0.8750 | d_m=5.5063e+05
step 1891 | acc=0.5300 | NZ=   269 | sparsity=0.8755 | d_m=5.5671e+05
step 1892 | acc=0.5290 | NZ=   268 | sparsity=0.8759 | d_m=5.6184e+05
step 1893 | acc=0.5210 | NZ=   267 | sparsity=0.8764 | d_m=5.6752e+05
step 1894 | acc=0.5290 | NZ=   266 | sparsity=0.8769 | d_m=5.6788e+05
step 1895 | acc=0.5300 | NZ=   265 | sparsity=0.8773 | d_m=5.7252e+05
step 1896 | acc=0.5310 | NZ=   264 | sparsity=0.8778 | d_m=5.7367e+05
step 1897 | acc=0.5320 | NZ=   263 | sparsity=0.8782 | d_m=5.7878e+05
step 1898 | acc=0.5370 | NZ=   262 | sparsity=0.8787 | d_m=5.8366e+05
step 1899 | acc=0.5380 | NZ=   261 | sparsity=0.8792 | d_m=5.8548e+05
step 1900 | acc=0.5380 | NZ=   260 | sparsity=0.8796 | d_m=5.8372e+05
step 1901 | acc=0.5380 | NZ=   259 | sparsity=0.8801 | d_m=5.8792e+05
step 1902 | acc=0.5340 | NZ=   258 | sparsity=0.8806 | d_m=5.9326e+05
step 1903 | acc=0.5350 | NZ=   257 | sparsity=0.8810 | d_m=5.9482e+05
step 1904 | acc=0.5360 | NZ=   256 | sparsity=0.8815 | d_m=5.9503e+05
step 1905 | acc=0.5430 | NZ=   255 | sparsity=0.8819 | d_m=5.9990e+05
step 1906 | acc=0.5360 | NZ=   254 | sparsity=0.8824 | d_m=6.0038e+05
step 1907 | acc=0.5350 | NZ=   253 | sparsity=0.8829 | d_m=6.0025e+05
step 1908 | acc=0.5230 | NZ=   252 | sparsity=0.8833 | d_m=6.0338e+05
step 1909 | acc=0.5230 | NZ=   251 | sparsity=0.8838 | d_m=6.0515e+05
step 1910 | acc=0.5170 | NZ=   250 | sparsity=0.8843 | d_m=6.1122e+05
step 1911 | acc=0.5120 | NZ=   249 | sparsity=0.8847 | d_m=6.1676e+05
step 1912 | acc=0.5030 | NZ=   248 | sparsity=0.8852 | d_m=6.1732e+05
step 1913 | acc=0.4970 | NZ=   247 | sparsity=0.8856 | d_m=6.2026e+05
step 1914 | acc=0.4930 | NZ=   246 | sparsity=0.8861 | d_m=6.2149e+05
step 1915 | acc=0.4890 | NZ=   245 | sparsity=0.8866 | d_m=6.2283e+05
step 1916 | acc=0.4830 | NZ=   244 | sparsity=0.8870 | d_m=6.2781e+05
step 1917 | acc=0.4790 | NZ=   243 | sparsity=0.8875 | d_m=6.3402e+05
step 1918 | acc=0.4710 | NZ=   242 | sparsity=0.8880 | d_m=6.3653e+05
step 1919 | acc=0.4670 | NZ=   241 | sparsity=0.8884 | d_m=6.3859e+05
step 1920 | acc=0.4680 | NZ=   240 | sparsity=0.8889 | d_m=6.3836e+05
step 1921 | acc=0.4670 | NZ=   239 | sparsity=0.8894 | d_m=6.4061e+05
step 1922 | acc=0.4620 | NZ=   238 | sparsity=0.8898 | d_m=6.4074e+05
step 1923 | acc=0.4660 | NZ=   237 | sparsity=0.8903 | d_m=6.4133e+05
step 1924 | acc=0.4600 | NZ=   236 | sparsity=0.8907 | d_m=6.4699e+05
step 1925 | acc=0.4590 | NZ=   235 | sparsity=0.8912 | d_m=6.4653e+05
step 1926 | acc=0.4550 | NZ=   234 | sparsity=0.8917 | d_m=6.4605e+05
step 1927 | acc=0.4530 | NZ=   233 | sparsity=0.8921 | d_m=6.4537e+05
step 1928 | acc=0.4550 | NZ=   232 | sparsity=0.8926 | d_m=6.5167e+05
step 1929 | acc=0.4460 | NZ=   231 | sparsity=0.8931 | d_m=6.5379e+05
step 1930 | acc=0.4450 | NZ=   230 | sparsity=0.8935 | d_m=6.5974e+05
step 1931 | acc=0.4430 | NZ=   229 | sparsity=0.8940 | d_m=6.6030e+05
step 1932 | acc=0.4510 | NZ=   228 | sparsity=0.8944 | d_m=6.6137e+05
step 1933 | acc=0.4560 | NZ=   227 | sparsity=0.8949 | d_m=6.6073e+05
step 1934 | acc=0.4610 | NZ=   226 | sparsity=0.8954 | d_m=6.6209e+05
step 1935 | acc=0.4620 | NZ=   225 | sparsity=0.8958 | d_m=6.6057e+05
step 1936 | acc=0.4600 | NZ=   224 | sparsity=0.8963 | d_m=6.6358e+05
step 1937 | acc=0.4630 | NZ=   223 | sparsity=0.8968 | d_m=6.6555e+05
step 1938 | acc=0.4600 | NZ=   222 | sparsity=0.8972 | d_m=6.6866e+05
step 1939 | acc=0.4500 | NZ=   221 | sparsity=0.8977 | d_m=6.7097e+05
step 1940 | acc=0.4470 | NZ=   220 | sparsity=0.8981 | d_m=6.7592e+05
step 1941 | acc=0.4500 | NZ=   219 | sparsity=0.8986 | d_m=6.7694e+05
step 1942 | acc=0.4480 | NZ=   218 | sparsity=0.8991 | d_m=6.7667e+05
step 1943 | acc=0.4410 | NZ=   217 | sparsity=0.8995 | d_m=6.8063e+05
step 1944 | acc=0.4380 | NZ=   216 | sparsity=0.9000 | d_m=6.8290e+05
step 1945 | acc=0.4310 | NZ=   215 | sparsity=0.9005 | d_m=6.8287e+05
step 1946 | acc=0.4320 | NZ=   214 | sparsity=0.9009 | d_m=6.8305e+05
step 1947 | acc=0.4290 | NZ=   213 | sparsity=0.9014 | d_m=6.8887e+05
step 1948 | acc=0.4250 | NZ=   212 | sparsity=0.9019 | d_m=6.9633e+05
step 1949 | acc=0.3910 | NZ=   211 | sparsity=0.9023 | d_m=7.0129e+05
step 1950 | acc=0.3880 | NZ=   210 | sparsity=0.9028 | d_m=7.0833e+05
step 1951 | acc=0.3840 | NZ=   209 | sparsity=0.9032 | d_m=7.1563e+05
step 1952 | acc=0.3940 | NZ=   208 | sparsity=0.9037 | d_m=7.2291e+05
step 1953 | acc=0.3880 | NZ=   207 | sparsity=0.9042 | d_m=7.3044e+05
step 1954 | acc=0.3880 | NZ=   206 | sparsity=0.9046 | d_m=7.3900e+05
step 1955 | acc=0.3870 | NZ=   205 | sparsity=0.9051 | d_m=7.4693e+05
step 1956 | acc=0.3860 | NZ=   204 | sparsity=0.9056 | d_m=7.5507e+05
step 1957 | acc=0.3890 | NZ=   203 | sparsity=0.9060 | d_m=7.5944e+05
step 1958 | acc=0.3940 | NZ=   202 | sparsity=0.9065 | d_m=7.6411e+05
step 1959 | acc=0.3950 | NZ=   201 | sparsity=0.9069 | d_m=7.6877e+05
step 1960 | acc=0.3980 | NZ=   200 | sparsity=0.9074 | d_m=7.7124e+05
step 1961 | acc=0.3990 | NZ=   199 | sparsity=0.9079 | d_m=7.7434e+05
step 1962 | acc=0.3950 | NZ=   198 | sparsity=0.9083 | d_m=7.8319e+05
step 1963 | acc=0.3960 | NZ=   197 | sparsity=0.9088 | d_m=7.8387e+05
step 1964 | acc=0.3960 | NZ=   196 | sparsity=0.9093 | d_m=7.8786e+05
step 1965 | acc=0.3960 | NZ=   195 | sparsity=0.9097 | d_m=7.8760e+05
step 1966 | acc=0.3920 | NZ=   194 | sparsity=0.9102 | d_m=7.9152e+05
step 1967 | acc=0.3890 | NZ=   193 | sparsity=0.9106 | d_m=8.0065e+05
step 1968 | acc=0.3940 | NZ=   192 | sparsity=0.9111 | d_m=8.0264e+05
step 1969 | acc=0.3940 | NZ=   191 | sparsity=0.9116 | d_m=8.0414e+05
step 1970 | acc=0.3940 | NZ=   190 | sparsity=0.9120 | d_m=8.0486e+05
step 1971 | acc=0.3890 | NZ=   189 | sparsity=0.9125 | d_m=8.0925e+05
step 1972 | acc=0.3820 | NZ=   188 | sparsity=0.9130 | d_m=8.1375e+05
step 1973 | acc=0.3810 | NZ=   187 | sparsity=0.9134 | d_m=8.1697e+05
step 1974 | acc=0.3870 | NZ=   186 | sparsity=0.9139 | d_m=8.1847e+05
step 1975 | acc=0.3760 | NZ=   185 | sparsity=0.9144 | d_m=8.2539e+05
step 1976 | acc=0.3770 | NZ=   184 | sparsity=0.9148 | d_m=8.2848e+05
step 1977 | acc=0.3730 | NZ=   183 | sparsity=0.9153 | d_m=8.2876e+05
step 1978 | acc=0.3700 | NZ=   182 | sparsity=0.9157 | d_m=8.3065e+05
step 1979 | acc=0.3690 | NZ=   181 | sparsity=0.9162 | d_m=8.3346e+05
step 1980 | acc=0.3670 | NZ=   180 | sparsity=0.9167 | d_m=8.3203e+05
step 1981 | acc=0.3670 | NZ=   179 | sparsity=0.9171 | d_m=8.3129e+05
step 1982 | acc=0.3640 | NZ=   178 | sparsity=0.9176 | d_m=8.3661e+05
step 1983 | acc=0.3630 | NZ=   177 | sparsity=0.9181 | d_m=8.3766e+05
step 1984 | acc=0.3620 | NZ=   176 | sparsity=0.9185 | d_m=8.4818e+05
step 1985 | acc=0.3600 | NZ=   175 | sparsity=0.9190 | d_m=8.5989e+05
step 1986 | acc=0.3530 | NZ=   174 | sparsity=0.9194 | d_m=8.7099e+05
step 1987 | acc=0.3530 | NZ=   173 | sparsity=0.9199 | d_m=8.8259e+05
step 1988 | acc=0.3580 | NZ=   172 | sparsity=0.9204 | d_m=8.9413e+05
step 1989 | acc=0.3560 | NZ=   171 | sparsity=0.9208 | d_m=8.9757e+05
step 1990 | acc=0.3550 | NZ=   170 | sparsity=0.9213 | d_m=8.9852e+05
step 1991 | acc=0.3460 | NZ=   169 | sparsity=0.9218 | d_m=9.1016e+05
step 1992 | acc=0.3440 | NZ=   168 | sparsity=0.9222 | d_m=9.0990e+05
step 1993 | acc=0.3480 | NZ=   167 | sparsity=0.9227 | d_m=9.2184e+05
step 1994 | acc=0.3450 | NZ=   166 | sparsity=0.9231 | d_m=9.3478e+05
step 1995 | acc=0.3390 | NZ=   165 | sparsity=0.9236 | d_m=9.4807e+05
step 1996 | acc=0.3390 | NZ=   164 | sparsity=0.9241 | d_m=9.4797e+05
step 1997 | acc=0.3320 | NZ=   163 | sparsity=0.9245 | d_m=9.5365e+05
step 1998 | acc=0.3290 | NZ=   162 | sparsity=0.9250 | d_m=9.5982e+05
step 1999 | acc=0.3220 | NZ=   161 | sparsity=0.9255 | d_m=9.6004e+05
step 2000 | acc=0.3170 | NZ=   160 | sparsity=0.9259 | d_m=9.6187e+05
step 2001 | acc=0.3160 | NZ=   159 | sparsity=0.9264 | d_m=9.6115e+05
step 2002 | acc=0.3130 | NZ=   158 | sparsity=0.9269 | d_m=9.7452e+05
step 2003 | acc=0.3130 | NZ=   157 | sparsity=0.9273 | d_m=9.7561e+05
step 2004 | acc=0.3150 | NZ=   156 | sparsity=0.9278 | d_m=9.8715e+05
step 2005 | acc=0.3140 | NZ=   155 | sparsity=0.9282 | d_m=1.0007e+06
step 2006 | acc=0.2980 | NZ=   154 | sparsity=0.9287 | d_m=1.0112e+06
step 2007 | acc=0.3080 | NZ=   153 | sparsity=0.9292 | d_m=1.0191e+06
step 2008 | acc=0.3050 | NZ=   152 | sparsity=0.9296 | d_m=1.0314e+06
step 2009 | acc=0.3070 | NZ=   151 | sparsity=0.9301 | d_m=1.0349e+06
step 2010 | acc=0.3010 | NZ=   150 | sparsity=0.9306 | d_m=1.0471e+06
step 2011 | acc=0.3040 | NZ=   149 | sparsity=0.9310 | d_m=1.0486e+06
step 2012 | acc=0.3060 | NZ=   148 | sparsity=0.9315 | d_m=1.0628e+06
step 2013 | acc=0.3040 | NZ=   147 | sparsity=0.9319 | d_m=1.0664e+06
step 2014 | acc=0.2950 | NZ=   146 | sparsity=0.9324 | d_m=1.0796e+06
step 2015 | acc=0.3000 | NZ=   145 | sparsity=0.9329 | d_m=1.0809e+06
step 2016 | acc=0.2990 | NZ=   144 | sparsity=0.9333 | d_m=1.0794e+06
step 2017 | acc=0.2970 | NZ=   143 | sparsity=0.9338 | d_m=1.0853e+06
step 2018 | acc=0.2870 | NZ=   142 | sparsity=0.9343 | d_m=1.0872e+06
step 2019 | acc=0.2970 | NZ=   141 | sparsity=0.9347 | d_m=1.0856e+06
step 2020 | acc=0.2990 | NZ=   140 | sparsity=0.9352 | d_m=1.0839e+06
step 2021 | acc=0.3080 | NZ=   139 | sparsity=0.9356 | d_m=1.0990e+06
step 2022 | acc=0.3010 | NZ=   138 | sparsity=0.9361 | d_m=1.1141e+06
step 2023 | acc=0.2940 | NZ=   137 | sparsity=0.9366 | d_m=1.1294e+06
step 2024 | acc=0.2920 | NZ=   136 | sparsity=0.9370 | d_m=1.1450e+06
step 2025 | acc=0.2900 | NZ=   135 | sparsity=0.9375 | d_m=1.1458e+06
step 2026 | acc=0.2920 | NZ=   134 | sparsity=0.9380 | d_m=1.1613e+06
step 2027 | acc=0.2840 | NZ=   133 | sparsity=0.9384 | d_m=1.1665e+06
step 2028 | acc=0.2770 | NZ=   132 | sparsity=0.9389 | d_m=1.1698e+06
step 2029 | acc=0.2690 | NZ=   131 | sparsity=0.9394 | d_m=1.1742e+06
step 2030 | acc=0.2660 | NZ=   130 | sparsity=0.9398 | d_m=1.1841e+06
step 2031 | acc=0.2680 | NZ=   129 | sparsity=0.9403 | d_m=1.1842e+06
step 2032 | acc=0.2710 | NZ=   128 | sparsity=0.9407 | d_m=1.1849e+06
step 2033 | acc=0.2680 | NZ=   127 | sparsity=0.9412 | d_m=1.1916e+06
step 2034 | acc=0.2590 | NZ=   126 | sparsity=0.9417 | d_m=1.1929e+06
step 2035 | acc=0.2480 | NZ=   125 | sparsity=0.9421 | d_m=1.2021e+06
step 2036 | acc=0.2470 | NZ=   124 | sparsity=0.9426 | d_m=1.2024e+06
step 2037 | acc=0.2470 | NZ=   123 | sparsity=0.9431 | d_m=1.2107e+06
step 2038 | acc=0.2470 | NZ=   122 | sparsity=0.9435 | d_m=1.2110e+06
step 2039 | acc=0.2340 | NZ=   121 | sparsity=0.9440 | d_m=1.2110e+06
step 2040 | acc=0.2350 | NZ=   120 | sparsity=0.9444 | d_m=1.2229e+06
step 2041 | acc=0.2340 | NZ=   119 | sparsity=0.9449 | d_m=1.2264e+06
step 2042 | acc=0.2390 | NZ=   118 | sparsity=0.9454 | d_m=1.2254e+06
step 2043 | acc=0.2390 | NZ=   117 | sparsity=0.9458 | d_m=1.2258e+06
step 2044 | acc=0.2390 | NZ=   116 | sparsity=0.9463 | d_m=1.2251e+06
step 2045 | acc=0.2510 | NZ=   115 | sparsity=0.9468 | d_m=1.2315e+06
step 2046 | acc=0.2510 | NZ=   114 | sparsity=0.9472 | d_m=1.2341e+06
step 2047 | acc=0.2510 | NZ=   113 | sparsity=0.9477 | d_m=1.2488e+06
step 2048 | acc=0.2560 | NZ=   112 | sparsity=0.9481 | d_m=1.2653e+06
step 2049 | acc=0.2600 | NZ=   111 | sparsity=0.9486 | d_m=1.2702e+06
step 2050 | acc=0.2590 | NZ=   110 | sparsity=0.9491 | d_m=1.2800e+06
step 2051 | acc=0.2620 | NZ=   109 | sparsity=0.9495 | d_m=1.2957e+06
step 2052 | acc=0.2490 | NZ=   108 | sparsity=0.9500 | d_m=1.3115e+06
step 2053 | acc=0.2480 | NZ=   107 | sparsity=0.9505 | d_m=1.3154e+06
step 2054 | acc=0.2420 | NZ=   106 | sparsity=0.9509 | d_m=1.3174e+06
step 2055 | acc=0.2370 | NZ=   105 | sparsity=0.9514 | d_m=1.3318e+06
step 2056 | acc=0.2240 | NZ=   104 | sparsity=0.9519 | d_m=1.3391e+06
step 2057 | acc=0.2300 | NZ=   103 | sparsity=0.9523 | d_m=1.3564e+06
step 2058 | acc=0.2200 | NZ=   102 | sparsity=0.9528 | d_m=1.3664e+06
step 2059 | acc=0.2210 | NZ=   101 | sparsity=0.9532 | d_m=1.3647e+06
step 2060 | acc=0.2200 | NZ=   100 | sparsity=0.9537 | d_m=1.3702e+06
step 2061 | acc=0.2080 | NZ=    99 | sparsity=0.9542 | d_m=1.3732e+06
step 2062 | acc=0.2090 | NZ=    98 | sparsity=0.9546 | d_m=1.3751e+06
step 2063 | acc=0.2040 | NZ=    97 | sparsity=0.9551 | d_m=1.3725e+06
step 2064 | acc=0.2120 | NZ=    96 | sparsity=0.9556 | d_m=1.3719e+06
step 2065 | acc=0.2090 | NZ=    95 | sparsity=0.9560 | d_m=1.3749e+06
step 2066 | acc=0.2090 | NZ=    94 | sparsity=0.9565 | d_m=1.3755e+06
step 2067 | acc=0.2040 | NZ=    93 | sparsity=0.9569 | d_m=1.3833e+06
step 2068 | acc=0.2080 | NZ=    92 | sparsity=0.9574 | d_m=1.3912e+06
step 2069 | acc=0.2090 | NZ=    91 | sparsity=0.9579 | d_m=1.3904e+06
step 2070 | acc=0.2130 | NZ=    90 | sparsity=0.9583 | d_m=1.3959e+06
step 2071 | acc=0.2150 | NZ=    89 | sparsity=0.9588 | d_m=1.3985e+06
step 2072 | acc=0.2100 | NZ=    88 | sparsity=0.9593 | d_m=1.4094e+06
step 2073 | acc=0.2050 | NZ=    87 | sparsity=0.9597 | d_m=1.4134e+06
step 2074 | acc=0.1970 | NZ=    86 | sparsity=0.9602 | d_m=1.4291e+06
step 2075 | acc=0.1960 | NZ=    85 | sparsity=0.9606 | d_m=1.4369e+06
step 2076 | acc=0.2010 | NZ=    84 | sparsity=0.9611 | d_m=1.4591e+06
step 2077 | acc=0.1980 | NZ=    83 | sparsity=0.9616 | d_m=1.4825e+06
step 2078 | acc=0.1980 | NZ=    82 | sparsity=0.9620 | d_m=1.4840e+06
step 2079 | acc=0.1980 | NZ=    81 | sparsity=0.9625 | d_m=1.5017e+06
step 2080 | acc=0.2030 | NZ=    80 | sparsity=0.9630 | d_m=1.4964e+06
step 2081 | acc=0.2030 | NZ=    79 | sparsity=0.9634 | d_m=1.4963e+06
step 2082 | acc=0.1960 | NZ=    78 | sparsity=0.9639 | d_m=1.5005e+06
step 2083 | acc=0.1930 | NZ=    77 | sparsity=0.9644 | d_m=1.5222e+06
step 2084 | acc=0.2020 | NZ=    76 | sparsity=0.9648 | d_m=1.5481e+06
step 2085 | acc=0.2080 | NZ=    75 | sparsity=0.9653 | d_m=1.5500e+06
step 2086 | acc=0.2090 | NZ=    74 | sparsity=0.9657 | d_m=1.5528e+06
step 2087 | acc=0.2040 | NZ=    73 | sparsity=0.9662 | d_m=1.5573e+06
step 2088 | acc=0.1970 | NZ=    72 | sparsity=0.9667 | d_m=1.5655e+06
step 2089 | acc=0.1980 | NZ=    71 | sparsity=0.9671 | d_m=1.5733e+06
step 2090 | acc=0.2000 | NZ=    70 | sparsity=0.9676 | d_m=1.5729e+06
step 2091 | acc=0.2000 | NZ=    69 | sparsity=0.9681 | d_m=1.5837e+06
step 2092 | acc=0.1900 | NZ=    68 | sparsity=0.9685 | d_m=1.5906e+06
step 2093 | acc=0.1860 | NZ=    67 | sparsity=0.9690 | d_m=1.6015e+06
step 2094 | acc=0.1810 | NZ=    66 | sparsity=0.9694 | d_m=1.6158e+06
step 2095 | acc=0.1770 | NZ=    65 | sparsity=0.9699 | d_m=1.6147e+06
step 2096 | acc=0.1760 | NZ=    64 | sparsity=0.9704 | d_m=1.6141e+06
step 2097 | acc=0.1740 | NZ=    63 | sparsity=0.9708 | d_m=1.6189e+06
step 2098 | acc=0.1690 | NZ=    62 | sparsity=0.9713 | d_m=1.6212e+06
step 2099 | acc=0.1720 | NZ=    61 | sparsity=0.9718 | d_m=1.6422e+06
step 2100 | acc=0.1710 | NZ=    60 | sparsity=0.9722 | d_m=1.6449e+06
step 2101 | acc=0.1720 | NZ=    59 | sparsity=0.9727 | d_m=1.6441e+06
step 2102 | acc=0.1750 | NZ=    58 | sparsity=0.9731 | d_m=1.6627e+06
step 2103 | acc=0.1770 | NZ=    57 | sparsity=0.9736 | d_m=1.6674e+06
step 2104 | acc=0.1800 | NZ=    56 | sparsity=0.9741 | d_m=1.6757e+06
step 2105 | acc=0.1670 | NZ=    55 | sparsity=0.9745 | d_m=1.7004e+06
step 2106 | acc=0.1730 | NZ=    54 | sparsity=0.9750 | d_m=1.7220e+06
step 2107 | acc=0.1730 | NZ=    53 | sparsity=0.9755 | d_m=1.7284e+06
step 2108 | acc=0.1730 | NZ=    52 | sparsity=0.9759 | d_m=1.7277e+06
step 2109 | acc=0.1660 | NZ=    51 | sparsity=0.9764 | d_m=1.7375e+06
step 2110 | acc=0.1690 | NZ=    50 | sparsity=0.9769 | d_m=1.7654e+06
step 2111 | acc=0.1670 | NZ=    49 | sparsity=0.9773 | d_m=1.7649e+06
step 2112 | acc=0.1670 | NZ=    48 | sparsity=0.9778 | d_m=1.7700e+06
step 2113 | acc=0.1630 | NZ=    47 | sparsity=0.9782 | d_m=1.8068e+06
step 2114 | acc=0.1660 | NZ=    46 | sparsity=0.9787 | d_m=1.8051e+06
step 2115 | acc=0.1720 | NZ=    45 | sparsity=0.9792 | d_m=1.8120e+06
step 2116 | acc=0.1690 | NZ=    44 | sparsity=0.9796 | d_m=1.8136e+06
step 2117 | acc=0.1580 | NZ=    43 | sparsity=0.9801 | d_m=1.8538e+06
step 2118 | acc=0.1630 | NZ=    42 | sparsity=0.9806 | d_m=1.9011e+06
step 2119 | acc=0.1620 | NZ=    41 | sparsity=0.9810 | d_m=1.9562e+06
step 2120 | acc=0.1360 | NZ=    40 | sparsity=0.9815 | d_m=1.9913e+06
step 2121 | acc=0.1360 | NZ=    39 | sparsity=0.9819 | d_m=1.9986e+06
step 2122 | acc=0.1310 | NZ=    38 | sparsity=0.9824 | d_m=2.0003e+06
step 2123 | acc=0.1310 | NZ=    37 | sparsity=0.9829 | d_m=1.9988e+06
step 2124 | acc=0.1310 | NZ=    36 | sparsity=0.9833 | d_m=2.0011e+06
step 2125 | acc=0.1320 | NZ=    35 | sparsity=0.9838 | d_m=2.0117e+06
step 2126 | acc=0.1270 | NZ=    34 | sparsity=0.9843 | d_m=2.0161e+06
step 2127 | acc=0.1330 | NZ=    33 | sparsity=0.9847 | d_m=2.0489e+06
step 2128 | acc=0.1270 | NZ=    32 | sparsity=0.9852 | d_m=2.0582e+06
step 2129 | acc=0.1270 | NZ=    31 | sparsity=0.9856 | d_m=2.0566e+06
step 2130 | acc=0.1360 | NZ=    30 | sparsity=0.9861 | d_m=2.1221e+06
step 2131 | acc=0.1300 | NZ=    29 | sparsity=0.9866 | d_m=2.1944e+06
step 2132 | acc=0.1370 | NZ=    28 | sparsity=0.9870 | d_m=2.2831e+06
step 2133 | acc=0.1290 | NZ=    27 | sparsity=0.9875 | d_m=2.2923e+06
step 2134 | acc=0.1400 | NZ=    26 | sparsity=0.9880 | d_m=2.3064e+06
step 2135 | acc=0.1300 | NZ=    25 | sparsity=0.9884 | d_m=2.4110e+06
step 2136 | acc=0.1280 | NZ=    24 | sparsity=0.9889 | d_m=2.4057e+06
step 2137 | acc=0.0810 | NZ=    23 | sparsity=0.9894 | d_m=2.4311e+06
step 2138 | acc=0.0810 | NZ=    22 | sparsity=0.9898 | d_m=2.4249e+06
step 2139 | acc=0.0700 | NZ=    21 | sparsity=0.9903 | d_m=2.4362e+06
step 2140 | acc=0.0710 | NZ=    20 | sparsity=0.9907 | d_m=2.8246e+06
step 2141 | acc=0.0760 | NZ=    19 | sparsity=0.9912 | d_m=3.2181e+06
step 2142 | acc=0.0760 | NZ=    18 | sparsity=0.9917 | d_m=3.1855e+06
step 2143 | acc=0.0630 | NZ=    17 | sparsity=0.9921 | d_m=3.3022e+06
step 2144 | acc=0.0620 | NZ=    16 | sparsity=0.9926 | d_m=3.7778e+06
step 2145 | acc=0.0620 | NZ=    15 | sparsity=0.9931 | d_m=3.7108e+06
step 2146 | acc=0.1070 | NZ=    14 | sparsity=0.9935 | d_m=4.1600e+06
step 2147 | acc=0.1070 | NZ=    13 | sparsity=0.9940 | d_m=4.2987e+06
step 2148 | acc=0.1070 | NZ=    12 | sparsity=0.9944 | d_m=4.5271e+06
step 2149 | acc=0.1070 | NZ=    11 | sparsity=0.9949 | d_m=4.6214e+06
step 2150 | acc=0.1070 | NZ=    10 | sparsity=0.9954 | d_m=4.8319e+06
step 2151 | acc=0.1070 | NZ=     9 | sparsity=0.9958 | d_m=6.5952e+06
step 2152 | acc=0.1070 | NZ=     8 | sparsity=0.9963 | d_m=7.1456e+06
step 2153 | acc=0.1070 | NZ=     7 | sparsity=0.9968 | d_m=8.8938e+06
step 2154 | acc=0.1070 | NZ=     6 | sparsity=0.9972 | d_m=8.7943e+06
step 2155 | acc=0.1070 | NZ=     5 | sparsity=0.9977 | d_m=1.1681e+07
step 2156 | acc=0.1070 | NZ=     4 | sparsity=0.9981 | d_m=1.1547e+07
step 2157 | acc=0.1070 | NZ=     3 | sparsity=0.9986 | d_m=1.1919e+07
step 2158 | acc=0.1070 | NZ=     2 | sparsity=0.9991 | d_m=2.6981e+06
step 2159 | acc=0.1070 | NZ=     1 | sparsity=0.9995 | d_m=2.0138e+06
sparsification log saved to: /home/simon/repos/onnxmlir-pim-sparsify/artifacts/e25_stupidity_seed_4/sparsified/sparsification_log.csv
[supervise 01:50:08] DONE experiments/e25_stupidity_seed_4.json rc=0
[supervise 01:50:08] launch [/home/simon/venv/general/bin/python3 scripts/train.py experiments/e34_obd_full_seed_1.json] (attempt 0/5)
Output folder: /home/simon/repos/onnxmlir-pim-sparsify/artifacts/e34_obd_full_seed_1
Data loaded. (input_scale=1.0)
	X_train.shape = (10000, 196)
	X_test.shape  = (1000, 196)
Learning rate: 0.0100
Topology: [196, 10, 10, 10]
Training loop started
---------------------------------------------------------
	Epoch 0 of 1000 in 0.34 sec
	Train acc 0.05360 | Test acc 0.06800
---------------------------------------------------------
	Epoch 100 of 1000 in 0.00 sec
	Train acc 0.56170 | Test acc 0.54800
---------------------------------------------------------
	Epoch 200 of 1000 in 0.00 sec
	Train acc 0.81320 | Test acc 0.79200
---------------------------------------------------------
	Epoch 300 of 1000 in 0.00 sec
	Train acc 0.86630 | Test acc 0.85200
---------------------------------------------------------
	Epoch 400 of 1000 in 0.00 sec
	Train acc 0.88560 | Test acc 0.87200
---------------------------------------------------------
	Epoch 500 of 1000 in 0.00 sec
	Train acc 0.89620 | Test acc 0.88700
---------------------------------------------------------
	Epoch 600 of 1000 in 0.00 sec
	Train acc 0.90370 | Test acc 0.90000
---------------------------------------------------------
	Epoch 700 of 1000 in 0.00 sec
	Train acc 0.91210 | Test acc 0.90000
---------------------------------------------------------
	Epoch 800 of 1000 in 0.00 sec
	Train acc 0.91690 | Test acc 0.89900
---------------------------------------------------------
	Epoch 900 of 1000 in 0.00 sec
	Train acc 0.92210 | Test acc 0.90600
---------------------------------------------------------
Training log saved to: /home/simon/repos/onnxmlir-pim-sparsify/artifacts/e34_obd_full_seed_1/training_log.csv
Model saved to: /home/simon/repos/onnxmlir-pim-sparsify/artifacts/e34_obd_full_seed_1
[supervise 01:50:44] DONE experiments/e34_obd_full_seed_1.json rc=0
[supervise 01:50:44] launch [/home/simon/venv/general/bin/python3 -m sparsifier.obd_sparsifier experiments/e34_obd_full_seed_1.json] (attempt 0/5)
Load the parameters from the folder
Found 3 layers in /home/simon/repos/onnxmlir-pim-sparsify/artifacts/e34_obd_full_seed_1
Accuracy in validation: 0.9090
Total parameters: 2160
Perturbation distance (sanity check): 2.4720e+00
Starting OBD sparsification loop
step    0 | acc=0.9090 | NZ=  2160 | sparsity=0.0000 | d_m=0.0000e+00
step    1 | acc=0.9090 | NZ=  2159 | sparsity=0.0005 | d_m=0.0000e+00
step    2 | acc=0.9090 | NZ=  2158 | sparsity=0.0009 | d_m=6.3665e-06
step    3 | acc=0.9090 | NZ=  2157 | sparsity=0.0014 | d_m=6.3249e-06
step    4 | acc=0.9090 | NZ=  2156 | sparsity=0.0019 | d_m=6.3040e-06
step    5 | acc=0.9090 | NZ=  2155 | sparsity=0.0023 | d_m=6.2925e-06
step    6 | acc=0.9090 | NZ=  2154 | sparsity=0.0028 | d_m=6.2855e-06
step    7 | acc=0.9090 | NZ=  2153 | sparsity=0.0032 | d_m=6.2809e-06
step    8 | acc=0.9090 | NZ=  2152 | sparsity=0.0037 | d_m=6.2778e-06
step    9 | acc=0.9090 | NZ=  2151 | sparsity=0.0042 | d_m=7.3597e-05
step   10 | acc=0.9090 | NZ=  2150 | sparsity=0.0046 | d_m=7.2879e-05
step   11 | acc=0.9090 | NZ=  2149 | sparsity=0.0051 | d_m=7.2482e-05
step   12 | acc=0.9090 | NZ=  2148 | sparsity=0.0056 | d_m=7.2015e-05
step   13 | acc=0.9090 | NZ=  2147 | sparsity=0.0060 | d_m=7.1564e-05
step   14 | acc=0.9090 | NZ=  2146 | sparsity=0.0065 | d_m=7.0978e-05
step   15 | acc=0.9090 | NZ=  2145 | sparsity=0.0069 | d_m=6.9303e-05
step   16 | acc=0.9090 | NZ=  2144 | sparsity=0.0074 | d_m=6.9136e-05
step   17 | acc=0.9090 | NZ=  2143 | sparsity=0.0079 | d_m=6.8678e-05
step   18 | acc=0.9090 | NZ=  2142 | sparsity=0.0083 | d_m=6.9144e-05
step   19 | acc=0.9090 | NZ=  2141 | sparsity=0.0088 | d_m=7.0701e-05
step   20 | acc=0.9090 | NZ=  2140 | sparsity=0.0093 | d_m=7.2669e-05
step   21 | acc=0.9090 | NZ=  2139 | sparsity=0.0097 | d_m=7.1722e-05
step   22 | acc=0.9090 | NZ=  2138 | sparsity=0.0102 | d_m=2.3898e-02
step   23 | acc=0.9090 | NZ=  2137 | sparsity=0.0106 | d_m=2.2584e-02
step   24 | acc=0.9090 | NZ=  2136 | sparsity=0.0111 | d_m=2.1937e-02
step   25 | acc=0.9090 | NZ=  2135 | sparsity=0.0116 | d_m=2.1520e-02
step   26 | acc=0.9090 | NZ=  2134 | sparsity=0.0120 | d_m=2.1205e-02
step   27 | acc=0.9090 | NZ=  2133 | sparsity=0.0125 | d_m=2.0953e-02
step   28 | acc=0.9090 | NZ=  2132 | sparsity=0.0130 | d_m=2.0730e-02
step   29 | acc=0.9090 | NZ=  2131 | sparsity=0.0134 | d_m=2.0537e-02
step   30 | acc=0.9090 | NZ=  2130 | sparsity=0.0139 | d_m=2.0369e-02
step   31 | acc=0.9090 | NZ=  2129 | sparsity=0.0144 | d_m=2.0223e-02
step   32 | acc=0.9090 | NZ=  2128 | sparsity=0.0148 | d_m=2.0089e-02
step   33 | acc=0.9090 | NZ=  2127 | sparsity=0.0153 | d_m=2.0021e-02
step   34 | acc=0.9090 | NZ=  2126 | sparsity=0.0157 | d_m=1.9958e-02
step   35 | acc=0.9090 | NZ=  2125 | sparsity=0.0162 | d_m=1.9888e-02
step   36 | acc=0.9090 | NZ=  2124 | sparsity=0.0167 | d_m=1.9876e-02
step   37 | acc=0.9090 | NZ=  2123 | sparsity=0.0171 | d_m=1.9898e-02
step   38 | acc=0.9090 | NZ=  2122 | sparsity=0.0176 | d_m=1.9972e-02
step   39 | acc=0.9090 | NZ=  2121 | sparsity=0.0181 | d_m=2.0785e-02
step   40 | acc=0.9090 | NZ=  2120 | sparsity=0.0185 | d_m=1.4956e-02
step   41 | acc=0.9090 | NZ=  2119 | sparsity=0.0190 | d_m=1.5437e-02
step   42 | acc=0.9090 | NZ=  2118 | sparsity=0.0194 | d_m=1.7051e-02
step   43 | acc=0.9090 | NZ=  2117 | sparsity=0.0199 | d_m=1.9145e-02
step   44 | acc=0.9090 | NZ=  2116 | sparsity=0.0204 | d_m=3.2712e-02
step   45 | acc=0.9090 | NZ=  2115 | sparsity=0.0208 | d_m=3.6217e-02
step   46 | acc=0.9090 | NZ=  2114 | sparsity=0.0213 | d_m=4.2141e-02
step   47 | acc=0.9090 | NZ=  2113 | sparsity=0.0218 | d_m=3.1367e-02
step   48 | acc=0.9090 | NZ=  2112 | sparsity=0.0222 | d_m=3.8787e-02
step   49 | acc=0.9090 | NZ=  2111 | sparsity=0.0227 | d_m=5.2916e-02
step   50 | acc=0.9090 | NZ=  2110 | sparsity=0.0231 | d_m=4.9886e-02
step   51 | acc=0.9090 | NZ=  2109 | sparsity=0.0236 | d_m=3.1070e-02
step   52 | acc=0.9090 | NZ=  2108 | sparsity=0.0241 | d_m=2.8145e-02
step   53 | acc=0.9090 | NZ=  2107 | sparsity=0.0245 | d_m=2.6707e-02
step   54 | acc=0.9090 | NZ=  2106 | sparsity=0.0250 | d_m=2.5898e-02
step   55 | acc=0.9090 | NZ=  2105 | sparsity=0.0255 | d_m=2.5365e-02
step   56 | acc=0.9090 | NZ=  2104 | sparsity=0.0259 | d_m=3.0209e-02
step   57 | acc=0.9090 | NZ=  2103 | sparsity=0.0264 | d_m=4.4310e-02
step   58 | acc=0.9090 | NZ=  2102 | sparsity=0.0269 | d_m=4.5639e-02
step   59 | acc=0.9090 | NZ=  2101 | sparsity=0.0273 | d_m=4.8493e-02
step   60 | acc=0.9090 | NZ=  2100 | sparsity=0.0278 | d_m=5.1675e-02
step   61 | acc=0.9090 | NZ=  2099 | sparsity=0.0282 | d_m=5.6358e-02
step   62 | acc=0.9090 | NZ=  2098 | sparsity=0.0287 | d_m=7.6978e-02
step   63 | acc=0.9090 | NZ=  2097 | sparsity=0.0292 | d_m=1.1073e-01
step   64 | acc=0.9090 | NZ=  2096 | sparsity=0.0296 | d_m=9.3605e-02
step   65 | acc=0.9090 | NZ=  2095 | sparsity=0.0301 | d_m=8.0221e-02
step   66 | acc=0.9090 | NZ=  2094 | sparsity=0.0306 | d_m=1.2621e-01
step   67 | acc=0.9090 | NZ=  2093 | sparsity=0.0310 | d_m=1.2103e-01
step   68 | acc=0.9090 | NZ=  2092 | sparsity=0.0315 | d_m=1.2489e-01
step   69 | acc=0.9090 | NZ=  2091 | sparsity=0.0319 | d_m=1.8996e-01
step   70 | acc=0.9090 | NZ=  2090 | sparsity=0.0324 | d_m=1.9721e-01
step   71 | acc=0.9090 | NZ=  2089 | sparsity=0.0329 | d_m=2.2392e-01
step   72 | acc=0.9090 | NZ=  2088 | sparsity=0.0333 | d_m=2.8706e-01
step   73 | acc=0.9090 | NZ=  2087 | sparsity=0.0338 | d_m=2.7013e-01
step   74 | acc=0.9090 | NZ=  2086 | sparsity=0.0343 | d_m=2.6872e-01
step   75 | acc=0.9090 | NZ=  2085 | sparsity=0.0347 | d_m=2.7379e-01
step   76 | acc=0.9090 | NZ=  2084 | sparsity=0.0352 | d_m=2.9567e-01
step   77 | acc=0.9090 | NZ=  2083 | sparsity=0.0356 | d_m=2.9895e-01
step   78 | acc=0.9090 | NZ=  2082 | sparsity=0.0361 | d_m=3.5224e-01
step   79 | acc=0.9090 | NZ=  2081 | sparsity=0.0366 | d_m=4.3178e-01
step   80 | acc=0.9090 | NZ=  2080 | sparsity=0.0370 | d_m=3.4329e-01
step   81 | acc=0.9090 | NZ=  2079 | sparsity=0.0375 | d_m=3.5530e-01
step   82 | acc=0.9090 | NZ=  2078 | sparsity=0.0380 | d_m=4.0031e-01
step   83 | acc=0.9100 | NZ=  2077 | sparsity=0.0384 | d_m=4.2387e-01
step   84 | acc=0.9100 | NZ=  2076 | sparsity=0.0389 | d_m=4.7455e-01
step   85 | acc=0.9100 | NZ=  2075 | sparsity=0.0394 | d_m=4.7259e-01
step   86 | acc=0.9100 | NZ=  2074 | sparsity=0.0398 | d_m=5.1481e-01
step   87 | acc=0.9100 | NZ=  2073 | sparsity=0.0403 | d_m=5.0478e-01
step   88 | acc=0.9100 | NZ=  2072 | sparsity=0.0407 | d_m=6.1108e-01
step   89 | acc=0.9100 | NZ=  2071 | sparsity=0.0412 | d_m=6.1795e-01
step   90 | acc=0.9100 | NZ=  2070 | sparsity=0.0417 | d_m=8.2359e-01
step   91 | acc=0.9100 | NZ=  2069 | sparsity=0.0421 | d_m=9.7552e-01
step   92 | acc=0.9100 | NZ=  2068 | sparsity=0.0426 | d_m=1.0982e+00
step   93 | acc=0.9100 | NZ=  2067 | sparsity=0.0431 | d_m=1.0235e+00
step   94 | acc=0.9100 | NZ=  2066 | sparsity=0.0435 | d_m=9.2686e-01
step   95 | acc=0.9100 | NZ=  2065 | sparsity=0.0440 | d_m=9.4626e-01
step   96 | acc=0.9100 | NZ=  2064 | sparsity=0.0444 | d_m=1.0992e+00
step   97 | acc=0.9080 | NZ=  2063 | sparsity=0.0449 | d_m=1.2589e+00
step   98 | acc=0.9080 | NZ=  2062 | sparsity=0.0454 | d_m=1.4762e+00
step   99 | acc=0.9080 | NZ=  2061 | sparsity=0.0458 | d_m=1.3510e+00
step  100 | acc=0.9080 | NZ=  2060 | sparsity=0.0463 | d_m=1.3416e+00
step  101 | acc=0.9080 | NZ=  2059 | sparsity=0.0468 | d_m=1.4738e+00
step  102 | acc=0.9080 | NZ=  2058 | sparsity=0.0472 | d_m=1.5885e+00
step  103 | acc=0.9080 | NZ=  2057 | sparsity=0.0477 | d_m=1.5808e+00
step  104 | acc=0.9080 | NZ=  2056 | sparsity=0.0481 | d_m=1.6799e+00
step  105 | acc=0.9080 | NZ=  2055 | sparsity=0.0486 | d_m=1.8529e+00
step  106 | acc=0.9080 | NZ=  2054 | sparsity=0.0491 | d_m=1.7814e+00
step  107 | acc=0.9080 | NZ=  2053 | sparsity=0.0495 | d_m=1.7655e+00
step  108 | acc=0.9080 | NZ=  2052 | sparsity=0.0500 | d_m=1.9883e+00
step  109 | acc=0.9080 | NZ=  2051 | sparsity=0.0505 | d_m=1.9741e+00
step  110 | acc=0.9080 | NZ=  2050 | sparsity=0.0509 | d_m=2.0341e+00
step  111 | acc=0.9080 | NZ=  2049 | sparsity=0.0514 | d_m=2.0872e+00
step  112 | acc=0.9080 | NZ=  2048 | sparsity=0.0519 | d_m=2.2666e+00
step  113 | acc=0.9080 | NZ=  2047 | sparsity=0.0523 | d_m=2.2427e+00
step  114 | acc=0.9080 | NZ=  2046 | sparsity=0.0528 | d_m=2.6763e+00
step  115 | acc=0.9080 | NZ=  2045 | sparsity=0.0532 | d_m=3.0258e+00
step  116 | acc=0.9080 | NZ=  2044 | sparsity=0.0537 | d_m=2.8686e+00
step  117 | acc=0.9080 | NZ=  2043 | sparsity=0.0542 | d_m=2.8267e+00
step  118 | acc=0.9080 | NZ=  2042 | sparsity=0.0546 | d_m=2.8079e+00
step  119 | acc=0.9080 | NZ=  2041 | sparsity=0.0551 | d_m=2.8621e+00
step  120 | acc=0.9080 | NZ=  2040 | sparsity=0.0556 | d_m=2.9227e+00
step  121 | acc=0.9080 | NZ=  2039 | sparsity=0.0560 | d_m=2.9560e+00
step  122 | acc=0.9080 | NZ=  2038 | sparsity=0.0565 | d_m=3.4715e+00
step  123 | acc=0.9080 | NZ=  2037 | sparsity=0.0569 | d_m=3.4459e+00
step  124 | acc=0.9080 | NZ=  2036 | sparsity=0.0574 | d_m=3.4377e+00
step  125 | acc=0.9080 | NZ=  2035 | sparsity=0.0579 | d_m=3.8695e+00
step  126 | acc=0.9080 | NZ=  2034 | sparsity=0.0583 | d_m=3.7150e+00
step  127 | acc=0.9080 | NZ=  2033 | sparsity=0.0588 | d_m=3.8960e+00
step  128 | acc=0.9080 | NZ=  2032 | sparsity=0.0593 | d_m=3.7020e+00
step  129 | acc=0.9080 | NZ=  2031 | sparsity=0.0597 | d_m=3.6596e+00
step  130 | acc=0.9090 | NZ=  2030 | sparsity=0.0602 | d_m=3.9383e+00
step  131 | acc=0.9090 | NZ=  2029 | sparsity=0.0606 | d_m=3.6468e+00
step  132 | acc=0.9090 | NZ=  2028 | sparsity=0.0611 | d_m=3.9912e+00
step  133 | acc=0.9090 | NZ=  2027 | sparsity=0.0616 | d_m=3.7481e+00
step  134 | acc=0.9090 | NZ=  2026 | sparsity=0.0620 | d_m=3.8034e+00
step  135 | acc=0.9090 | NZ=  2025 | sparsity=0.0625 | d_m=3.9033e+00
step  136 | acc=0.9080 | NZ=  2024 | sparsity=0.0630 | d_m=4.2822e+00
step  137 | acc=0.9080 | NZ=  2023 | sparsity=0.0634 | d_m=4.1618e+00
step  138 | acc=0.9080 | NZ=  2022 | sparsity=0.0639 | d_m=4.2059e+00
step  139 | acc=0.9100 | NZ=  2021 | sparsity=0.0644 | d_m=4.3113e+00
step  140 | acc=0.9090 | NZ=  2020 | sparsity=0.0648 | d_m=4.8999e+00
step  141 | acc=0.9090 | NZ=  2019 | sparsity=0.0653 | d_m=4.6616e+00
step  142 | acc=0.9090 | NZ=  2018 | sparsity=0.0657 | d_m=4.7620e+00
step  143 | acc=0.9100 | NZ=  2017 | sparsity=0.0662 | d_m=5.2694e+00
step  144 | acc=0.9100 | NZ=  2016 | sparsity=0.0667 | d_m=4.9096e+00
step  145 | acc=0.9090 | NZ=  2015 | sparsity=0.0671 | d_m=5.0693e+00
step  146 | acc=0.9090 | NZ=  2014 | sparsity=0.0676 | d_m=5.1782e+00
step  147 | acc=0.9100 | NZ=  2013 | sparsity=0.0681 | d_m=5.2312e+00
step  148 | acc=0.9100 | NZ=  2012 | sparsity=0.0685 | d_m=5.4675e+00
step  149 | acc=0.9090 | NZ=  2011 | sparsity=0.0690 | d_m=5.4160e+00
step  150 | acc=0.9090 | NZ=  2010 | sparsity=0.0694 | d_m=5.4509e+00
step  151 | acc=0.9090 | NZ=  2009 | sparsity=0.0699 | d_m=5.4363e+00
step  152 | acc=0.9100 | NZ=  2008 | sparsity=0.0704 | d_m=6.4164e+00
step  153 | acc=0.9100 | NZ=  2007 | sparsity=0.0708 | d_m=6.2876e+00
step  154 | acc=0.9100 | NZ=  2006 | sparsity=0.0713 | d_m=7.2314e+00
step  155 | acc=0.9100 | NZ=  2005 | sparsity=0.0718 | d_m=6.2244e+00
step  156 | acc=0.9110 | NZ=  2004 | sparsity=0.0722 | d_m=7.1052e+00
step  157 | acc=0.9110 | NZ=  2003 | sparsity=0.0727 | d_m=7.0093e+00
step  158 | acc=0.9110 | NZ=  2002 | sparsity=0.0731 | d_m=6.9853e+00
step  159 | acc=0.9110 | NZ=  2001 | sparsity=0.0736 | d_m=7.0324e+00
step  160 | acc=0.9110 | NZ=  2000 | sparsity=0.0741 | d_m=7.0341e+00
step  161 | acc=0.9080 | NZ=  1999 | sparsity=0.0745 | d_m=7.4780e+00
step  162 | acc=0.9090 | NZ=  1998 | sparsity=0.0750 | d_m=7.6556e+00
step  163 | acc=0.9090 | NZ=  1997 | sparsity=0.0755 | d_m=9.1717e+00
step  164 | acc=0.9090 | NZ=  1996 | sparsity=0.0759 | d_m=7.7248e+00
step  165 | acc=0.9090 | NZ=  1995 | sparsity=0.0764 | d_m=8.2668e+00
step  166 | acc=0.9090 | NZ=  1994 | sparsity=0.0769 | d_m=8.0566e+00
step  167 | acc=0.9090 | NZ=  1993 | sparsity=0.0773 | d_m=8.2456e+00
step  168 | acc=0.9090 | NZ=  1992 | sparsity=0.0778 | d_m=8.3472e+00
step  169 | acc=0.9090 | NZ=  1991 | sparsity=0.0782 | d_m=8.4751e+00
step  170 | acc=0.9100 | NZ=  1990 | sparsity=0.0787 | d_m=9.0395e+00
step  171 | acc=0.9100 | NZ=  1989 | sparsity=0.0792 | d_m=8.9051e+00
step  172 | acc=0.9100 | NZ=  1988 | sparsity=0.0796 | d_m=8.8771e+00
step  173 | acc=0.9100 | NZ=  1987 | sparsity=0.0801 | d_m=1.0813e+01
step  174 | acc=0.9100 | NZ=  1986 | sparsity=0.0806 | d_m=1.0485e+01
step  175 | acc=0.9100 | NZ=  1985 | sparsity=0.0810 | d_m=1.1644e+01
step  176 | acc=0.9100 | NZ=  1984 | sparsity=0.0815 | d_m=1.1005e+01
step  177 | acc=0.9090 | NZ=  1983 | sparsity=0.0819 | d_m=1.1692e+01
step  178 | acc=0.9090 | NZ=  1982 | sparsity=0.0824 | d_m=1.3638e+01
step  179 | acc=0.9100 | NZ=  1981 | sparsity=0.0829 | d_m=1.5233e+01
step  180 | acc=0.9100 | NZ=  1980 | sparsity=0.0833 | d_m=1.3441e+01
step  181 | acc=0.9100 | NZ=  1979 | sparsity=0.0838 | d_m=1.3697e+01
step  182 | acc=0.9100 | NZ=  1978 | sparsity=0.0843 | d_m=1.3815e+01
step  183 | acc=0.9100 | NZ=  1977 | sparsity=0.0847 | d_m=1.5766e+01
step  184 | acc=0.9070 | NZ=  1976 | sparsity=0.0852 | d_m=1.8613e+01
step  185 | acc=0.9070 | NZ=  1975 | sparsity=0.0856 | d_m=1.8460e+01
step  186 | acc=0.9060 | NZ=  1974 | sparsity=0.0861 | d_m=1.9935e+01
step  187 | acc=0.9060 | NZ=  1973 | sparsity=0.0866 | d_m=2.1287e+01
step  188 | acc=0.9060 | NZ=  1972 | sparsity=0.0870 | d_m=2.3760e+01
step  189 | acc=0.9050 | NZ=  1971 | sparsity=0.0875 | d_m=2.2279e+01
step  190 | acc=0.9050 | NZ=  1970 | sparsity=0.0880 | d_m=2.4874e+01
step  191 | acc=0.9070 | NZ=  1969 | sparsity=0.0884 | d_m=2.3366e+01
step  192 | acc=0.9070 | NZ=  1968 | sparsity=0.0889 | d_m=2.1292e+01
step  193 | acc=0.9060 | NZ=  1967 | sparsity=0.0894 | d_m=2.1289e+01
step  194 | acc=0.9070 | NZ=  1966 | sparsity=0.0898 | d_m=2.1399e+01
step  195 | acc=0.9070 | NZ=  1965 | sparsity=0.0903 | d_m=2.3830e+01
step  196 | acc=0.9070 | NZ=  1964 | sparsity=0.0907 | d_m=2.3488e+01
step  197 | acc=0.9070 | NZ=  1963 | sparsity=0.0912 | d_m=2.2976e+01
step  198 | acc=0.9070 | NZ=  1962 | sparsity=0.0917 | d_m=2.2974e+01
step  199 | acc=0.9070 | NZ=  1961 | sparsity=0.0921 | d_m=2.3182e+01
step  200 | acc=0.9050 | NZ=  1960 | sparsity=0.0926 | d_m=2.4782e+01
step  201 | acc=0.9020 | NZ=  1959 | sparsity=0.0931 | d_m=2.8856e+01
step  202 | acc=0.9020 | NZ=  1958 | sparsity=0.0935 | d_m=2.7853e+01
step  203 | acc=0.9020 | NZ=  1957 | sparsity=0.0940 | d_m=2.8150e+01
step  204 | acc=0.9020 | NZ=  1956 | sparsity=0.0944 | d_m=2.8327e+01
step  205 | acc=0.9020 | NZ=  1955 | sparsity=0.0949 | d_m=2.8080e+01
step  206 | acc=0.9020 | NZ=  1954 | sparsity=0.0954 | d_m=2.7948e+01
step  207 | acc=0.9020 | NZ=  1953 | sparsity=0.0958 | d_m=2.7830e+01
step  208 | acc=0.9020 | NZ=  1952 | sparsity=0.0963 | d_m=2.8022e+01
step  209 | acc=0.9010 | NZ=  1951 | sparsity=0.0968 | d_m=2.8167e+01
step  210 | acc=0.9010 | NZ=  1950 | sparsity=0.0972 | d_m=2.8191e+01
step  211 | acc=0.9010 | NZ=  1949 | sparsity=0.0977 | d_m=2.8313e+01
step  212 | acc=0.9020 | NZ=  1948 | sparsity=0.0981 | d_m=2.8510e+01
step  213 | acc=0.9020 | NZ=  1947 | sparsity=0.0986 | d_m=3.1099e+01
step  214 | acc=0.9010 | NZ=  1946 | sparsity=0.0991 | d_m=3.3157e+01
step  215 | acc=0.9010 | NZ=  1945 | sparsity=0.0995 | d_m=2.7537e+01
step  216 | acc=0.9010 | NZ=  1944 | sparsity=0.1000 | d_m=2.7691e+01
step  217 | acc=0.9010 | NZ=  1943 | sparsity=0.1005 | d_m=2.7763e+01
step  218 | acc=0.9010 | NZ=  1942 | sparsity=0.1009 | d_m=2.8570e+01
step  219 | acc=0.9010 | NZ=  1941 | sparsity=0.1014 | d_m=2.8636e+01
step  220 | acc=0.9010 | NZ=  1940 | sparsity=0.1019 | d_m=2.8988e+01
step  221 | acc=0.9010 | NZ=  1939 | sparsity=0.1023 | d_m=2.9100e+01
step  222 | acc=0.9010 | NZ=  1938 | sparsity=0.1028 | d_m=2.9362e+01
step  223 | acc=0.9010 | NZ=  1937 | sparsity=0.1032 | d_m=2.9362e+01
step  224 | acc=0.9010 | NZ=  1936 | sparsity=0.1037 | d_m=2.9313e+01
step  225 | acc=0.9010 | NZ=  1935 | sparsity=0.1042 | d_m=2.9558e+01
step  226 | acc=0.9010 | NZ=  1934 | sparsity=0.1046 | d_m=2.9946e+01
step  227 | acc=0.9010 | NZ=  1933 | sparsity=0.1051 | d_m=3.0085e+01
step  228 | acc=0.9010 | NZ=  1932 | sparsity=0.1056 | d_m=3.0249e+01
step  229 | acc=0.9010 | NZ=  1931 | sparsity=0.1060 | d_m=3.2073e+01
step  230 | acc=0.9010 | NZ=  1930 | sparsity=0.1065 | d_m=3.5198e+01
step  231 | acc=0.9020 | NZ=  1929 | sparsity=0.1069 | d_m=3.2251e+01
step  232 | acc=0.9020 | NZ=  1928 | sparsity=0.1074 | d_m=3.2554e+01
step  233 | acc=0.9020 | NZ=  1927 | sparsity=0.1079 | d_m=3.2420e+01
step  234 | acc=0.9020 | NZ=  1926 | sparsity=0.1083 | d_m=3.2078e+01
step  235 | acc=0.9020 | NZ=  1925 | sparsity=0.1088 | d_m=3.3458e+01
step  236 | acc=0.9020 | NZ=  1924 | sparsity=0.1093 | d_m=3.3345e+01
step  237 | acc=0.9020 | NZ=  1923 | sparsity=0.1097 | d_m=3.3623e+01
step  238 | acc=0.9020 | NZ=  1922 | sparsity=0.1102 | d_m=3.4200e+01
step  239 | acc=0.9020 | NZ=  1921 | sparsity=0.1106 | d_m=3.5916e+01
step  240 | acc=0.9020 | NZ=  1920 | sparsity=0.1111 | d_m=3.6202e+01
step  241 | acc=0.9020 | NZ=  1919 | sparsity=0.1116 | d_m=3.6582e+01
step  242 | acc=0.9020 | NZ=  1918 | sparsity=0.1120 | d_m=3.6557e+01
step  243 | acc=0.9020 | NZ=  1917 | sparsity=0.1125 | d_m=3.6813e+01
step  244 | acc=0.9010 | NZ=  1916 | sparsity=0.1130 | d_m=3.8723e+01
step  245 | acc=0.9010 | NZ=  1915 | sparsity=0.1134 | d_m=3.8184e+01
step  246 | acc=0.9010 | NZ=  1914 | sparsity=0.1139 | d_m=3.7552e+01
step  247 | acc=0.9010 | NZ=  1913 | sparsity=0.1144 | d_m=3.7639e+01
step  248 | acc=0.9020 | NZ=  1912 | sparsity=0.1148 | d_m=3.7905e+01
step  249 | acc=0.9010 | NZ=  1911 | sparsity=0.1153 | d_m=3.8029e+01
step  250 | acc=0.9010 | NZ=  1910 | sparsity=0.1157 | d_m=3.8417e+01
step  251 | acc=0.9010 | NZ=  1909 | sparsity=0.1162 | d_m=3.8540e+01
step  252 | acc=0.9020 | NZ=  1908 | sparsity=0.1167 | d_m=3.9339e+01
step  253 | acc=0.9020 | NZ=  1907 | sparsity=0.1171 | d_m=4.2923e+01
step  254 | acc=0.9020 | NZ=  1906 | sparsity=0.1176 | d_m=4.0050e+01
step  255 | acc=0.9020 | NZ=  1905 | sparsity=0.1181 | d_m=4.0708e+01
step  256 | acc=0.9030 | NZ=  1904 | sparsity=0.1185 | d_m=4.1102e+01
step  257 | acc=0.9030 | NZ=  1903 | sparsity=0.1190 | d_m=4.5957e+01
step  258 | acc=0.9030 | NZ=  1902 | sparsity=0.1194 | d_m=4.4841e+01
step  259 | acc=0.9030 | NZ=  1901 | sparsity=0.1199 | d_m=4.4170e+01
step  260 | acc=0.9030 | NZ=  1900 | sparsity=0.1204 | d_m=4.3805e+01
step  261 | acc=0.9040 | NZ=  1899 | sparsity=0.1208 | d_m=4.6937e+01
step  262 | acc=0.9050 | NZ=  1898 | sparsity=0.1213 | d_m=4.5451e+01
step  263 | acc=0.9050 | NZ=  1897 | sparsity=0.1218 | d_m=4.4490e+01
step  264 | acc=0.9050 | NZ=  1896 | sparsity=0.1222 | d_m=4.4023e+01
step  265 | acc=0.9020 | NZ=  1895 | sparsity=0.1227 | d_m=4.9389e+01
step  266 | acc=0.9020 | NZ=  1894 | sparsity=0.1231 | d_m=4.7782e+01
step  267 | acc=0.9020 | NZ=  1893 | sparsity=0.1236 | d_m=4.4408e+01
step  268 | acc=0.9040 | NZ=  1892 | sparsity=0.1241 | d_m=4.7348e+01
step  269 | acc=0.9030 | NZ=  1891 | sparsity=0.1245 | d_m=4.7481e+01
step  270 | acc=0.9030 | NZ=  1890 | sparsity=0.1250 | d_m=4.8011e+01
step  271 | acc=0.9030 | NZ=  1889 | sparsity=0.1255 | d_m=4.8304e+01
step  272 | acc=0.9030 | NZ=  1888 | sparsity=0.1259 | d_m=4.9167e+01
step  273 | acc=0.9050 | NZ=  1887 | sparsity=0.1264 | d_m=5.4015e+01
step  274 | acc=0.9050 | NZ=  1886 | sparsity=0.1269 | d_m=5.3327e+01
step  275 | acc=0.9050 | NZ=  1885 | sparsity=0.1273 | d_m=5.2875e+01
step  276 | acc=0.9050 | NZ=  1884 | sparsity=0.1278 | d_m=5.2594e+01
step  277 | acc=0.9040 | NZ=  1883 | sparsity=0.1282 | d_m=5.2773e+01
step  278 | acc=0.9040 | NZ=  1882 | sparsity=0.1287 | d_m=5.2032e+01
step  279 | acc=0.9040 | NZ=  1881 | sparsity=0.1292 | d_m=5.2269e+01
step  280 | acc=0.9050 | NZ=  1880 | sparsity=0.1296 | d_m=5.1501e+01
step  281 | acc=0.9050 | NZ=  1879 | sparsity=0.1301 | d_m=4.9595e+01
step  282 | acc=0.9050 | NZ=  1878 | sparsity=0.1306 | d_m=4.9631e+01
step  283 | acc=0.9050 | NZ=  1877 | sparsity=0.1310 | d_m=4.9997e+01
step  284 | acc=0.9050 | NZ=  1876 | sparsity=0.1315 | d_m=5.0494e+01
step  285 | acc=0.9040 | NZ=  1875 | sparsity=0.1319 | d_m=5.0837e+01
step  286 | acc=0.9050 | NZ=  1874 | sparsity=0.1324 | d_m=5.3340e+01
step  287 | acc=0.9050 | NZ=  1873 | sparsity=0.1329 | d_m=5.2684e+01
step  288 | acc=0.9060 | NZ=  1872 | sparsity=0.1333 | d_m=5.2213e+01
step  289 | acc=0.9060 | NZ=  1871 | sparsity=0.1338 | d_m=5.7724e+01
step  290 | acc=0.9050 | NZ=  1870 | sparsity=0.1343 | d_m=5.5684e+01
step  291 | acc=0.9050 | NZ=  1869 | sparsity=0.1347 | d_m=5.4858e+01
step  292 | acc=0.9050 | NZ=  1868 | sparsity=0.1352 | d_m=5.4135e+01
step  293 | acc=0.9050 | NZ=  1867 | sparsity=0.1356 | d_m=5.5919e+01
step  294 | acc=0.9040 | NZ=  1866 | sparsity=0.1361 | d_m=6.0634e+01
step  295 | acc=0.9050 | NZ=  1865 | sparsity=0.1366 | d_m=6.0086e+01
step  296 | acc=0.9050 | NZ=  1864 | sparsity=0.1370 | d_m=5.9916e+01
step  297 | acc=0.9040 | NZ=  1863 | sparsity=0.1375 | d_m=6.0692e+01
step  298 | acc=0.9040 | NZ=  1862 | sparsity=0.1380 | d_m=6.1081e+01
step  299 | acc=0.9040 | NZ=  1861 | sparsity=0.1384 | d_m=6.1522e+01
step  300 | acc=0.9040 | NZ=  1860 | sparsity=0.1389 | d_m=6.5979e+01
step  301 | acc=0.9040 | NZ=  1859 | sparsity=0.1394 | d_m=7.1700e+01
step  302 | acc=0.9040 | NZ=  1858 | sparsity=0.1398 | d_m=7.0217e+01
step  303 | acc=0.9060 | NZ=  1857 | sparsity=0.1403 | d_m=7.2274e+01
step  304 | acc=0.9060 | NZ=  1856 | sparsity=0.1407 | d_m=7.2416e+01
step  305 | acc=0.9060 | NZ=  1855 | sparsity=0.1412 | d_m=7.2645e+01
step  306 | acc=0.9050 | NZ=  1854 | sparsity=0.1417 | d_m=7.2895e+01
step  307 | acc=0.9050 | NZ=  1853 | sparsity=0.1421 | d_m=7.3136e+01
step  308 | acc=0.9050 | NZ=  1852 | sparsity=0.1426 | d_m=7.3711e+01
step  309 | acc=0.9050 | NZ=  1851 | sparsity=0.1431 | d_m=7.4070e+01
step  310 | acc=0.9040 | NZ=  1850 | sparsity=0.1435 | d_m=7.4229e+01
step  311 | acc=0.9040 | NZ=  1849 | sparsity=0.1440 | d_m=7.3260e+01
step  312 | acc=0.9040 | NZ=  1848 | sparsity=0.1444 | d_m=7.4842e+01
step  313 | acc=0.9050 | NZ=  1847 | sparsity=0.1449 | d_m=7.5157e+01
step  314 | acc=0.9040 | NZ=  1846 | sparsity=0.1454 | d_m=7.9144e+01
step  315 | acc=0.9040 | NZ=  1845 | sparsity=0.1458 | d_m=7.7552e+01
step  316 | acc=0.9040 | NZ=  1844 | sparsity=0.1463 | d_m=7.6870e+01
step  317 | acc=0.9040 | NZ=  1843 | sparsity=0.1468 | d_m=7.7219e+01
step  318 | acc=0.9040 | NZ=  1842 | sparsity=0.1472 | d_m=7.7974e+01
step  319 | acc=0.9040 | NZ=  1841 | sparsity=0.1477 | d_m=7.8257e+01
step  320 | acc=0.9030 | NZ=  1840 | sparsity=0.1481 | d_m=8.0928e+01
step  321 | acc=0.9040 | NZ=  1839 | sparsity=0.1486 | d_m=7.1762e+01
step  322 | acc=0.9050 | NZ=  1838 | sparsity=0.1491 | d_m=7.7179e+01
step  323 | acc=0.9050 | NZ=  1837 | sparsity=0.1495 | d_m=7.5022e+01
step  324 | acc=0.9050 | NZ=  1836 | sparsity=0.1500 | d_m=7.6034e+01
step  325 | acc=0.9050 | NZ=  1835 | sparsity=0.1505 | d_m=7.7364e+01
step  326 | acc=0.9050 | NZ=  1834 | sparsity=0.1509 | d_m=7.8658e+01
step  327 | acc=0.9050 | NZ=  1833 | sparsity=0.1514 | d_m=7.9020e+01
step  328 | acc=0.9050 | NZ=  1832 | sparsity=0.1519 | d_m=7.9191e+01
step  329 | acc=0.9040 | NZ=  1831 | sparsity=0.1523 | d_m=8.4502e+01
step  330 | acc=0.9040 | NZ=  1830 | sparsity=0.1528 | d_m=8.4086e+01
step  331 | acc=0.9040 | NZ=  1829 | sparsity=0.1532 | d_m=8.5181e+01
step  332 | acc=0.9040 | NZ=  1828 | sparsity=0.1537 | d_m=8.6824e+01
step  333 | acc=0.9040 | NZ=  1827 | sparsity=0.1542 | d_m=8.7683e+01
step  334 | acc=0.9040 | NZ=  1826 | sparsity=0.1546 | d_m=8.8489e+01
step  335 | acc=0.9040 | NZ=  1825 | sparsity=0.1551 | d_m=8.9788e+01
step  336 | acc=0.9040 | NZ=  1824 | sparsity=0.1556 | d_m=9.1209e+01
step  337 | acc=0.9040 | NZ=  1823 | sparsity=0.1560 | d_m=9.2843e+01
step  338 | acc=0.9040 | NZ=  1822 | sparsity=0.1565 | d_m=9.3798e+01
step  339 | acc=0.9040 | NZ=  1821 | sparsity=0.1569 | d_m=9.4270e+01
step  340 | acc=0.9050 | NZ=  1820 | sparsity=0.1574 | d_m=9.5084e+01
step  341 | acc=0.9050 | NZ=  1819 | sparsity=0.1579 | d_m=9.5608e+01
step  342 | acc=0.9040 | NZ=  1818 | sparsity=0.1583 | d_m=9.5906e+01
step  343 | acc=0.9040 | NZ=  1817 | sparsity=0.1588 | d_m=9.6522e+01
step  344 | acc=0.9040 | NZ=  1816 | sparsity=0.1593 | d_m=9.6814e+01
step  345 | acc=0.9020 | NZ=  1815 | sparsity=0.1597 | d_m=1.0555e+02
step  346 | acc=0.9020 | NZ=  1814 | sparsity=0.1602 | d_m=1.0374e+02
step  347 | acc=0.9020 | NZ=  1813 | sparsity=0.1606 | d_m=1.0231e+02
step  348 | acc=0.9020 | NZ=  1812 | sparsity=0.1611 | d_m=1.0069e+02
step  349 | acc=0.9020 | NZ=  1811 | sparsity=0.1616 | d_m=1.0167e+02
step  350 | acc=0.9020 | NZ=  1810 | sparsity=0.1620 | d_m=1.0253e+02
step  351 | acc=0.9020 | NZ=  1809 | sparsity=0.1625 | d_m=1.0284e+02
step  352 | acc=0.9020 | NZ=  1808 | sparsity=0.1630 | d_m=1.0323e+02
step  353 | acc=0.9020 | NZ=  1807 | sparsity=0.1634 | d_m=1.0361e+02
step  354 | acc=0.9020 | NZ=  1806 | sparsity=0.1639 | d_m=1.0426e+02
step  355 | acc=0.9020 | NZ=  1805 | sparsity=0.1644 | d_m=1.0409e+02
step  356 | acc=0.9020 | NZ=  1804 | sparsity=0.1648 | d_m=1.0399e+02
step  357 | acc=0.9020 | NZ=  1803 | sparsity=0.1653 | d_m=1.0461e+02
step  358 | acc=0.9020 | NZ=  1802 | sparsity=0.1657 | d_m=1.0497e+02
step  359 | acc=0.9020 | NZ=  1801 | sparsity=0.1662 | d_m=1.0512e+02
step  360 | acc=0.9020 | NZ=  1800 | sparsity=0.1667 | d_m=1.0990e+02
step  361 | acc=0.9020 | NZ=  1799 | sparsity=0.1671 | d_m=1.0842e+02
step  362 | acc=0.9010 | NZ=  1798 | sparsity=0.1676 | d_m=1.0707e+02
step  363 | acc=0.9010 | NZ=  1797 | sparsity=0.1681 | d_m=1.0653e+02
step  364 | acc=0.9010 | NZ=  1796 | sparsity=0.1685 | d_m=1.0676e+02
step  365 | acc=0.9000 | NZ=  1795 | sparsity=0.1690 | d_m=1.0803e+02
step  366 | acc=0.9000 | NZ=  1794 | sparsity=0.1694 | d_m=1.0947e+02
step  367 | acc=0.9010 | NZ=  1793 | sparsity=0.1699 | d_m=1.1909e+02
step  368 | acc=0.9000 | NZ=  1792 | sparsity=0.1704 | d_m=1.1664e+02
step  369 | acc=0.9000 | NZ=  1791 | sparsity=0.1708 | d_m=1.1654e+02
step  370 | acc=0.9000 | NZ=  1790 | sparsity=0.1713 | d_m=1.1671e+02
step  371 | acc=0.8950 | NZ=  1789 | sparsity=0.1718 | d_m=1.1143e+02
step  372 | acc=0.9000 | NZ=  1788 | sparsity=0.1722 | d_m=1.1610e+02
step  373 | acc=0.8990 | NZ=  1787 | sparsity=0.1727 | d_m=1.1561e+02
step  374 | acc=0.9000 | NZ=  1786 | sparsity=0.1731 | d_m=1.1677e+02
step  375 | acc=0.9010 | NZ=  1785 | sparsity=0.1736 | d_m=1.2351e+02
step  376 | acc=0.9010 | NZ=  1784 | sparsity=0.1741 | d_m=1.2413e+02
step  377 | acc=0.9000 | NZ=  1783 | sparsity=0.1745 | d_m=1.2557e+02
step  378 | acc=0.9000 | NZ=  1782 | sparsity=0.1750 | d_m=1.2621e+02
step  379 | acc=0.9000 | NZ=  1781 | sparsity=0.1755 | d_m=1.2645e+02
step  380 | acc=0.9010 | NZ=  1780 | sparsity=0.1759 | d_m=1.4006e+02
step  381 | acc=0.9010 | NZ=  1779 | sparsity=0.1764 | d_m=1.3793e+02
step  382 | acc=0.9010 | NZ=  1778 | sparsity=0.1769 | d_m=1.3708e+02
step  383 | acc=0.9010 | NZ=  1777 | sparsity=0.1773 | d_m=1.3656e+02
step  384 | acc=0.9000 | NZ=  1776 | sparsity=0.1778 | d_m=1.3285e+02
step  385 | acc=0.9000 | NZ=  1775 | sparsity=0.1782 | d_m=1.3137e+02
step  386 | acc=0.8990 | NZ=  1774 | sparsity=0.1787 | d_m=1.3527e+02
step  387 | acc=0.8980 | NZ=  1773 | sparsity=0.1792 | d_m=1.3658e+02
step  388 | acc=0.8980 | NZ=  1772 | sparsity=0.1796 | d_m=1.3552e+02
step  389 | acc=0.8930 | NZ=  1771 | sparsity=0.1801 | d_m=1.3747e+02
step  390 | acc=0.8930 | NZ=  1770 | sparsity=0.1806 | d_m=1.4253e+02
step  391 | acc=0.8930 | NZ=  1769 | sparsity=0.1810 | d_m=1.4271e+02
step  392 | acc=0.8930 | NZ=  1768 | sparsity=0.1815 | d_m=1.4310e+02
step  393 | acc=0.8940 | NZ=  1767 | sparsity=0.1819 | d_m=1.4208e+02
step  394 | acc=0.8940 | NZ=  1766 | sparsity=0.1824 | d_m=1.4300e+02
step  395 | acc=0.8930 | NZ=  1765 | sparsity=0.1829 | d_m=1.5415e+02
step  396 | acc=0.8940 | NZ=  1764 | sparsity=0.1833 | d_m=1.5219e+02
step  397 | acc=0.8930 | NZ=  1763 | sparsity=0.1838 | d_m=1.5142e+02
step  398 | acc=0.8930 | NZ=  1762 | sparsity=0.1843 | d_m=1.5040e+02
step  399 | acc=0.8930 | NZ=  1761 | sparsity=0.1847 | d_m=1.4923e+02
step  400 | acc=0.8920 | NZ=  1760 | sparsity=0.1852 | d_m=1.5036e+02
step  401 | acc=0.8920 | NZ=  1759 | sparsity=0.1856 | d_m=1.5151e+02
step  402 | acc=0.8920 | NZ=  1758 | sparsity=0.1861 | d_m=1.7350e+02
step  403 | acc=0.8920 | NZ=  1757 | sparsity=0.1866 | d_m=1.6986e+02
step  404 | acc=0.8920 | NZ=  1756 | sparsity=0.1870 | d_m=1.6784e+02
step  405 | acc=0.8910 | NZ=  1755 | sparsity=0.1875 | d_m=1.6698e+02
step  406 | acc=0.8920 | NZ=  1754 | sparsity=0.1880 | d_m=1.6793e+02
step  407 | acc=0.8920 | NZ=  1753 | sparsity=0.1884 | d_m=1.6800e+02
step  408 | acc=0.8920 | NZ=  1752 | sparsity=0.1889 | d_m=1.6103e+02
step  409 | acc=0.8940 | NZ=  1751 | sparsity=0.1894 | d_m=1.6475e+02
step  410 | acc=0.8940 | NZ=  1750 | sparsity=0.1898 | d_m=1.6334e+02
step  411 | acc=0.8940 | NZ=  1749 | sparsity=0.1903 | d_m=1.6368e+02
step  412 | acc=0.8950 | NZ=  1748 | sparsity=0.1907 | d_m=1.6482e+02
step  413 | acc=0.8940 | NZ=  1747 | sparsity=0.1912 | d_m=1.6552e+02
step  414 | acc=0.8930 | NZ=  1746 | sparsity=0.1917 | d_m=1.6575e+02
step  415 | acc=0.8930 | NZ=  1745 | sparsity=0.1921 | d_m=1.6667e+02
step  416 | acc=0.8930 | NZ=  1744 | sparsity=0.1926 | d_m=1.6782e+02
step  417 | acc=0.8930 | NZ=  1743 | sparsity=0.1931 | d_m=1.6823e+02
step  418 | acc=0.8930 | NZ=  1742 | sparsity=0.1935 | d_m=1.6712e+02
step  419 | acc=0.8780 | NZ=  1741 | sparsity=0.1940 | d_m=1.7866e+02
step  420 | acc=0.8780 | NZ=  1740 | sparsity=0.1944 | d_m=1.7587e+02
step  421 | acc=0.8780 | NZ=  1739 | sparsity=0.1949 | d_m=1.8260e+02
step  422 | acc=0.8780 | NZ=  1738 | sparsity=0.1954 | d_m=1.7785e+02
step  423 | acc=0.8810 | NZ=  1737 | sparsity=0.1958 | d_m=1.9399e+02
step  424 | acc=0.8760 | NZ=  1736 | sparsity=0.1963 | d_m=1.8720e+02
step  425 | acc=0.8760 | NZ=  1735 | sparsity=0.1968 | d_m=1.9802e+02
step  426 | acc=0.8760 | NZ=  1734 | sparsity=0.1972 | d_m=2.2516e+02
step  427 | acc=0.8740 | NZ=  1733 | sparsity=0.1977 | d_m=2.2196e+02
step  428 | acc=0.8740 | NZ=  1732 | sparsity=0.1981 | d_m=2.1779e+02
step  429 | acc=0.8740 | NZ=  1731 | sparsity=0.1986 | d_m=2.1764e+02
step  430 | acc=0.8740 | NZ=  1730 | sparsity=0.1991 | d_m=2.1638e+02
step  431 | acc=0.8740 | NZ=  1729 | sparsity=0.1995 | d_m=2.4975e+02
step  432 | acc=0.8740 | NZ=  1728 | sparsity=0.2000 | d_m=2.4381e+02
step  433 | acc=0.8740 | NZ=  1727 | sparsity=0.2005 | d_m=2.3918e+02
step  434 | acc=0.8740 | NZ=  1726 | sparsity=0.2009 | d_m=2.3595e+02
step  435 | acc=0.8730 | NZ=  1725 | sparsity=0.2014 | d_m=2.3283e+02
step  436 | acc=0.8730 | NZ=  1724 | sparsity=0.2019 | d_m=2.3096e+02
step  437 | acc=0.8700 | NZ=  1723 | sparsity=0.2023 | d_m=2.1255e+02
step  438 | acc=0.8680 | NZ=  1722 | sparsity=0.2028 | d_m=2.0328e+02
step  439 | acc=0.8720 | NZ=  1721 | sparsity=0.2032 | d_m=2.1268e+02
step  440 | acc=0.8710 | NZ=  1720 | sparsity=0.2037 | d_m=2.0860e+02
step  441 | acc=0.8710 | NZ=  1719 | sparsity=0.2042 | d_m=2.1962e+02
step  442 | acc=0.8710 | NZ=  1718 | sparsity=0.2046 | d_m=2.0674e+02
step  443 | acc=0.8740 | NZ=  1717 | sparsity=0.2051 | d_m=2.1793e+02
step  444 | acc=0.8730 | NZ=  1716 | sparsity=0.2056 | d_m=2.5649e+02
step  445 | acc=0.8720 | NZ=  1715 | sparsity=0.2060 | d_m=2.5498e+02
step  446 | acc=0.8730 | NZ=  1714 | sparsity=0.2065 | d_m=2.5285e+02
step  447 | acc=0.8720 | NZ=  1713 | sparsity=0.2069 | d_m=2.5101e+02
step  448 | acc=0.8720 | NZ=  1712 | sparsity=0.2074 | d_m=2.4868e+02
step  449 | acc=0.8720 | NZ=  1711 | sparsity=0.2079 | d_m=2.4867e+02
step  450 | acc=0.8710 | NZ=  1710 | sparsity=0.2083 | d_m=2.4753e+02
step  451 | acc=0.8680 | NZ=  1709 | sparsity=0.2088 | d_m=2.3131e+02
step  452 | acc=0.8700 | NZ=  1708 | sparsity=0.2093 | d_m=2.4791e+02
step  453 | acc=0.8700 | NZ=  1707 | sparsity=0.2097 | d_m=2.5006e+02
step  454 | acc=0.8700 | NZ=  1706 | sparsity=0.2102 | d_m=3.0150e+02
step  455 | acc=0.8700 | NZ=  1705 | sparsity=0.2106 | d_m=2.9513e+02
step  456 | acc=0.8700 | NZ=  1704 | sparsity=0.2111 | d_m=2.8962e+02
step  457 | acc=0.8700 | NZ=  1703 | sparsity=0.2116 | d_m=2.8413e+02
step  458 | acc=0.8700 | NZ=  1702 | sparsity=0.2120 | d_m=2.8126e+02
step  459 | acc=0.8700 | NZ=  1701 | sparsity=0.2125 | d_m=2.8039e+02
step  460 | acc=0.8680 | NZ=  1700 | sparsity=0.2130 | d_m=2.7825e+02
step  461 | acc=0.8660 | NZ=  1699 | sparsity=0.2134 | d_m=2.5015e+02
step  462 | acc=0.8640 | NZ=  1698 | sparsity=0.2139 | d_m=2.7759e+02
step  463 | acc=0.8640 | NZ=  1697 | sparsity=0.2144 | d_m=2.7529e+02
step  464 | acc=0.8630 | NZ=  1696 | sparsity=0.2148 | d_m=2.7268e+02
step  465 | acc=0.8620 | NZ=  1695 | sparsity=0.2153 | d_m=2.7133e+02
step  466 | acc=0.8620 | NZ=  1694 | sparsity=0.2157 | d_m=2.6766e+02
step  467 | acc=0.8710 | NZ=  1693 | sparsity=0.2162 | d_m=3.1876e+02
step  468 | acc=0.8710 | NZ=  1692 | sparsity=0.2167 | d_m=3.1294e+02
step  469 | acc=0.8710 | NZ=  1691 | sparsity=0.2171 | d_m=3.0819e+02
step  470 | acc=0.8700 | NZ=  1690 | sparsity=0.2176 | d_m=3.0420e+02
step  471 | acc=0.8690 | NZ=  1689 | sparsity=0.2181 | d_m=3.0087e+02
step  472 | acc=0.8670 | NZ=  1688 | sparsity=0.2185 | d_m=2.9671e+02
step  473 | acc=0.8670 | NZ=  1687 | sparsity=0.2190 | d_m=2.9367e+02
step  474 | acc=0.8670 | NZ=  1686 | sparsity=0.2194 | d_m=2.9081e+02
step  475 | acc=0.8670 | NZ=  1685 | sparsity=0.2199 | d_m=2.8842e+02
step  476 | acc=0.8540 | NZ=  1684 | sparsity=0.2204 | d_m=2.5798e+02
step  477 | acc=0.8640 | NZ=  1683 | sparsity=0.2208 | d_m=2.9729e+02
step  478 | acc=0.8630 | NZ=  1682 | sparsity=0.2213 | d_m=2.9889e+02
step  479 | acc=0.8630 | NZ=  1681 | sparsity=0.2218 | d_m=3.0166e+02
step  480 | acc=0.8620 | NZ=  1680 | sparsity=0.2222 | d_m=3.0077e+02
step  481 | acc=0.8650 | NZ=  1679 | sparsity=0.2227 | d_m=3.6381e+02
step  482 | acc=0.8650 | NZ=  1678 | sparsity=0.2231 | d_m=3.5845e+02
step  483 | acc=0.8640 | NZ=  1677 | sparsity=0.2236 | d_m=3.5115e+02
step  484 | acc=0.8630 | NZ=  1676 | sparsity=0.2241 | d_m=3.4433e+02
step  485 | acc=0.8620 | NZ=  1675 | sparsity=0.2245 | d_m=3.3871e+02
step  486 | acc=0.8620 | NZ=  1674 | sparsity=0.2250 | d_m=3.3369e+02
step  487 | acc=0.8620 | NZ=  1673 | sparsity=0.2255 | d_m=3.3179e+02
step  488 | acc=0.8620 | NZ=  1672 | sparsity=0.2259 | d_m=3.2434e+02
step  489 | acc=0.8610 | NZ=  1671 | sparsity=0.2264 | d_m=3.2574e+02
step  490 | acc=0.8610 | NZ=  1670 | sparsity=0.2269 | d_m=3.2720e+02
step  491 | acc=0.8610 | NZ=  1669 | sparsity=0.2273 | d_m=3.2512e+02
step  492 | acc=0.8610 | NZ=  1668 | sparsity=0.2278 | d_m=3.2503e+02
step  493 | acc=0.8610 | NZ=  1667 | sparsity=0.2282 | d_m=2.8882e+02
step  494 | acc=0.8610 | NZ=  1666 | sparsity=0.2287 | d_m=3.3078e+02
step  495 | acc=0.8610 | NZ=  1665 | sparsity=0.2292 | d_m=3.3066e+02
step  496 | acc=0.8610 | NZ=  1664 | sparsity=0.2296 | d_m=3.3125e+02
step  497 | acc=0.8610 | NZ=  1663 | sparsity=0.2301 | d_m=3.3071e+02
step  498 | acc=0.8610 | NZ=  1662 | sparsity=0.2306 | d_m=3.2941e+02
step  499 | acc=0.8610 | NZ=  1661 | sparsity=0.2310 | d_m=3.2820e+02
step  500 | acc=0.8610 | NZ=  1660 | sparsity=0.2315 | d_m=3.2477e+02
step  501 | acc=0.8530 | NZ=  1659 | sparsity=0.2319 | d_m=3.0090e+02
step  502 | acc=0.8530 | NZ=  1658 | sparsity=0.2324 | d_m=3.3889e+02
step  503 | acc=0.8520 | NZ=  1657 | sparsity=0.2329 | d_m=3.4206e+02
step  504 | acc=0.8520 | NZ=  1656 | sparsity=0.2333 | d_m=3.4289e+02
step  505 | acc=0.8520 | NZ=  1655 | sparsity=0.2338 | d_m=3.4367e+02
step  506 | acc=0.8520 | NZ=  1654 | sparsity=0.2343 | d_m=3.4404e+02
step  507 | acc=0.8520 | NZ=  1653 | sparsity=0.2347 | d_m=3.4330e+02
step  508 | acc=0.8520 | NZ=  1652 | sparsity=0.2352 | d_m=3.4205e+02
step  509 | acc=0.8520 | NZ=  1651 | sparsity=0.2356 | d_m=3.4013e+02
step  510 | acc=0.8530 | NZ=  1650 | sparsity=0.2361 | d_m=4.1404e+02
step  511 | acc=0.8510 | NZ=  1649 | sparsity=0.2366 | d_m=4.0505e+02
step  512 | acc=0.8510 | NZ=  1648 | sparsity=0.2370 | d_m=4.0102e+02
step  513 | acc=0.8510 | NZ=  1647 | sparsity=0.2375 | d_m=3.9846e+02
step  514 | acc=0.8500 | NZ=  1646 | sparsity=0.2380 | d_m=3.9140e+02
step  515 | acc=0.8500 | NZ=  1645 | sparsity=0.2384 | d_m=3.8972e+02
step  516 | acc=0.8480 | NZ=  1644 | sparsity=0.2389 | d_m=3.8534e+02
step  517 | acc=0.8480 | NZ=  1643 | sparsity=0.2394 | d_m=3.8255e+02
step  518 | acc=0.8470 | NZ=  1642 | sparsity=0.2398 | d_m=3.7802e+02
step  519 | acc=0.8480 | NZ=  1641 | sparsity=0.2403 | d_m=3.7436e+02
step  520 | acc=0.8470 | NZ=  1640 | sparsity=0.2407 | d_m=3.7344e+02
step  521 | acc=0.8480 | NZ=  1639 | sparsity=0.2412 | d_m=3.7147e+02
step  522 | acc=0.8480 | NZ=  1638 | sparsity=0.2417 | d_m=3.7043e+02
step  523 | acc=0.8410 | NZ=  1637 | sparsity=0.2421 | d_m=3.3525e+02
step  524 | acc=0.8400 | NZ=  1636 | sparsity=0.2426 | d_m=4.0309e+02
step  525 | acc=0.8400 | NZ=  1635 | sparsity=0.2431 | d_m=4.0275e+02
step  526 | acc=0.8400 | NZ=  1634 | sparsity=0.2435 | d_m=4.0136e+02
step  527 | acc=0.8380 | NZ=  1633 | sparsity=0.2440 | d_m=4.0039e+02
step  528 | acc=0.8380 | NZ=  1632 | sparsity=0.2444 | d_m=3.9722e+02
step  529 | acc=0.8390 | NZ=  1631 | sparsity=0.2449 | d_m=3.9591e+02
step  530 | acc=0.8370 | NZ=  1630 | sparsity=0.2454 | d_m=3.9535e+02
step  531 | acc=0.8380 | NZ=  1629 | sparsity=0.2458 | d_m=3.9503e+02
step  532 | acc=0.8380 | NZ=  1628 | sparsity=0.2463 | d_m=3.9052e+02
step  533 | acc=0.8380 | NZ=  1627 | sparsity=0.2468 | d_m=3.9009e+02
step  534 | acc=0.8370 | NZ=  1626 | sparsity=0.2472 | d_m=3.8843e+02
step  535 | acc=0.8370 | NZ=  1625 | sparsity=0.2477 | d_m=3.9278e+02
step  536 | acc=0.8340 | NZ=  1624 | sparsity=0.2481 | d_m=3.9794e+02
step  537 | acc=0.8340 | NZ=  1623 | sparsity=0.2486 | d_m=3.9865e+02
step  538 | acc=0.8310 | NZ=  1622 | sparsity=0.2491 | d_m=3.6878e+02
step  539 | acc=0.8310 | NZ=  1621 | sparsity=0.2495 | d_m=4.1280e+02
step  540 | acc=0.8310 | NZ=  1620 | sparsity=0.2500 | d_m=4.1522e+02
step  541 | acc=0.8300 | NZ=  1619 | sparsity=0.2505 | d_m=4.1940e+02
step  542 | acc=0.8290 | NZ=  1618 | sparsity=0.2509 | d_m=4.1429e+02
step  543 | acc=0.8290 | NZ=  1617 | sparsity=0.2514 | d_m=4.1752e+02
step  544 | acc=0.8280 | NZ=  1616 | sparsity=0.2519 | d_m=4.1936e+02
step  545 | acc=0.8280 | NZ=  1615 | sparsity=0.2523 | d_m=4.2159e+02
step  546 | acc=0.8280 | NZ=  1614 | sparsity=0.2528 | d_m=4.2315e+02
step  547 | acc=0.8280 | NZ=  1613 | sparsity=0.2532 | d_m=4.2360e+02
step  548 | acc=0.8270 | NZ=  1612 | sparsity=0.2537 | d_m=4.2609e+02
step  549 | acc=0.8250 | NZ=  1611 | sparsity=0.2542 | d_m=3.9685e+02
step  550 | acc=0.8240 | NZ=  1610 | sparsity=0.2546 | d_m=4.4334e+02
step  551 | acc=0.8230 | NZ=  1609 | sparsity=0.2551 | d_m=4.4362e+02
step  552 | acc=0.8230 | NZ=  1608 | sparsity=0.2556 | d_m=4.4191e+02
step  553 | acc=0.8210 | NZ=  1607 | sparsity=0.2560 | d_m=4.4263e+02
step  554 | acc=0.8210 | NZ=  1606 | sparsity=0.2565 | d_m=4.4400e+02
step  555 | acc=0.8220 | NZ=  1605 | sparsity=0.2569 | d_m=4.4851e+02
step  556 | acc=0.8230 | NZ=  1604 | sparsity=0.2574 | d_m=4.5476e+02
step  557 | acc=0.8230 | NZ=  1603 | sparsity=0.2579 | d_m=4.6174e+02
step  558 | acc=0.8230 | NZ=  1602 | sparsity=0.2583 | d_m=4.6217e+02
step  559 | acc=0.8220 | NZ=  1601 | sparsity=0.2588 | d_m=4.6336e+02
step  560 | acc=0.8220 | NZ=  1600 | sparsity=0.2593 | d_m=4.6219e+02
step  561 | acc=0.8220 | NZ=  1599 | sparsity=0.2597 | d_m=5.8934e+02
step  562 | acc=0.8200 | NZ=  1598 | sparsity=0.2602 | d_m=5.7626e+02
step  563 | acc=0.8190 | NZ=  1597 | sparsity=0.2606 | d_m=5.6824e+02
step  564 | acc=0.8200 | NZ=  1596 | sparsity=0.2611 | d_m=5.5938e+02
step  565 | acc=0.8210 | NZ=  1595 | sparsity=0.2616 | d_m=5.5348e+02
step  566 | acc=0.8210 | NZ=  1594 | sparsity=0.2620 | d_m=5.4929e+02
step  567 | acc=0.8200 | NZ=  1593 | sparsity=0.2625 | d_m=5.5107e+02
step  568 | acc=0.8190 | NZ=  1592 | sparsity=0.2630 | d_m=5.3992e+02
step  569 | acc=0.8190 | NZ=  1591 | sparsity=0.2634 | d_m=5.3681e+02
step  570 | acc=0.8190 | NZ=  1590 | sparsity=0.2639 | d_m=5.4065e+02
step  571 | acc=0.8180 | NZ=  1589 | sparsity=0.2644 | d_m=5.3776e+02
step  572 | acc=0.8180 | NZ=  1588 | sparsity=0.2648 | d_m=5.2906e+02
step  573 | acc=0.8180 | NZ=  1587 | sparsity=0.2653 | d_m=5.3414e+02
step  574 | acc=0.8180 | NZ=  1586 | sparsity=0.2657 | d_m=5.3329e+02
step  575 | acc=0.8190 | NZ=  1585 | sparsity=0.2662 | d_m=5.3441e+02
step  576 | acc=0.8180 | NZ=  1584 | sparsity=0.2667 | d_m=5.3579e+02
step  577 | acc=0.8180 | NZ=  1583 | sparsity=0.2671 | d_m=5.3410e+02
step  578 | acc=0.8170 | NZ=  1582 | sparsity=0.2676 | d_m=5.3238e+02
step  579 | acc=0.8180 | NZ=  1581 | sparsity=0.2681 | d_m=5.3609e+02
step  580 | acc=0.8180 | NZ=  1580 | sparsity=0.2685 | d_m=5.3130e+02
step  581 | acc=0.8170 | NZ=  1579 | sparsity=0.2690 | d_m=5.3623e+02
step  582 | acc=0.8180 | NZ=  1578 | sparsity=0.2694 | d_m=5.3514e+02
step  583 | acc=0.8180 | NZ=  1577 | sparsity=0.2699 | d_m=5.3206e+02
step  584 | acc=0.8110 | NZ=  1576 | sparsity=0.2704 | d_m=4.8779e+02
step  585 | acc=0.8100 | NZ=  1575 | sparsity=0.2708 | d_m=5.5729e+02
step  586 | acc=0.8100 | NZ=  1574 | sparsity=0.2713 | d_m=5.5748e+02
step  587 | acc=0.8100 | NZ=  1573 | sparsity=0.2718 | d_m=5.5808e+02
step  588 | acc=0.8090 | NZ=  1572 | sparsity=0.2722 | d_m=5.5639e+02
step  589 | acc=0.8090 | NZ=  1571 | sparsity=0.2727 | d_m=5.5329e+02
step  590 | acc=0.8080 | NZ=  1570 | sparsity=0.2731 | d_m=5.5215e+02
step  591 | acc=0.8070 | NZ=  1569 | sparsity=0.2736 | d_m=5.4980e+02
step  592 | acc=0.8090 | NZ=  1568 | sparsity=0.2741 | d_m=5.4886e+02
step  593 | acc=0.8070 | NZ=  1567 | sparsity=0.2745 | d_m=5.4745e+02
step  594 | acc=0.8050 | NZ=  1566 | sparsity=0.2750 | d_m=5.5059e+02
step  595 | acc=0.8040 | NZ=  1565 | sparsity=0.2755 | d_m=5.5511e+02
step  596 | acc=0.8050 | NZ=  1564 | sparsity=0.2759 | d_m=5.5156e+02
step  597 | acc=0.7790 | NZ=  1563 | sparsity=0.2764 | d_m=4.9334e+02
step  598 | acc=0.7790 | NZ=  1562 | sparsity=0.2769 | d_m=4.8731e+02
step  599 | acc=0.7790 | NZ=  1561 | sparsity=0.2773 | d_m=4.8313e+02
step  600 | acc=0.7790 | NZ=  1560 | sparsity=0.2778 | d_m=4.7990e+02
step  601 | acc=0.7790 | NZ=  1559 | sparsity=0.2782 | d_m=4.7730e+02
step  602 | acc=0.7790 | NZ=  1558 | sparsity=0.2787 | d_m=4.7513e+02
step  603 | acc=0.7790 | NZ=  1557 | sparsity=0.2792 | d_m=4.7329e+02
step  604 | acc=0.7790 | NZ=  1556 | sparsity=0.2796 | d_m=4.7167e+02
step  605 | acc=0.7790 | NZ=  1555 | sparsity=0.2801 | d_m=4.7893e+02
step  606 | acc=0.7790 | NZ=  1554 | sparsity=0.2806 | d_m=4.8633e+02
step  607 | acc=0.7800 | NZ=  1553 | sparsity=0.2810 | d_m=4.8900e+02
step  608 | acc=0.7810 | NZ=  1552 | sparsity=0.2815 | d_m=4.9311e+02
step  609 | acc=0.7810 | NZ=  1551 | sparsity=0.2819 | d_m=4.9489e+02
step  610 | acc=0.7800 | NZ=  1550 | sparsity=0.2824 | d_m=5.0177e+02
step  611 | acc=0.7790 | NZ=  1549 | sparsity=0.2829 | d_m=5.0529e+02
step  612 | acc=0.7810 | NZ=  1548 | sparsity=0.2833 | d_m=5.0889e+02
step  613 | acc=0.7800 | NZ=  1547 | sparsity=0.2838 | d_m=5.1685e+02
step  614 | acc=0.7790 | NZ=  1546 | sparsity=0.2843 | d_m=5.2737e+02
step  615 | acc=0.7800 | NZ=  1545 | sparsity=0.2847 | d_m=5.3862e+02
step  616 | acc=0.7770 | NZ=  1544 | sparsity=0.2852 | d_m=5.4804e+02
step  617 | acc=0.7770 | NZ=  1543 | sparsity=0.2856 | d_m=5.5401e+02
step  618 | acc=0.7770 | NZ=  1542 | sparsity=0.2861 | d_m=5.5650e+02
step  619 | acc=0.7790 | NZ=  1541 | sparsity=0.2866 | d_m=5.5654e+02
step  620 | acc=0.7780 | NZ=  1540 | sparsity=0.2870 | d_m=5.6070e+02
step  621 | acc=0.7780 | NZ=  1539 | sparsity=0.2875 | d_m=5.5909e+02
step  622 | acc=0.7780 | NZ=  1538 | sparsity=0.2880 | d_m=5.5890e+02
step  623 | acc=0.7790 | NZ=  1537 | sparsity=0.2884 | d_m=5.6067e+02
step  624 | acc=0.7790 | NZ=  1536 | sparsity=0.2889 | d_m=5.5793e+02
step  625 | acc=0.7800 | NZ=  1535 | sparsity=0.2894 | d_m=5.6082e+02
step  626 | acc=0.7790 | NZ=  1534 | sparsity=0.2898 | d_m=5.6262e+02
step  627 | acc=0.7800 | NZ=  1533 | sparsity=0.2903 | d_m=5.6674e+02
step  628 | acc=0.7810 | NZ=  1532 | sparsity=0.2907 | d_m=5.7290e+02
step  629 | acc=0.7800 | NZ=  1531 | sparsity=0.2912 | d_m=5.8095e+02
step  630 | acc=0.7810 | NZ=  1530 | sparsity=0.2917 | d_m=5.7658e+02
step  631 | acc=0.7810 | NZ=  1529 | sparsity=0.2921 | d_m=5.7949e+02
step  632 | acc=0.7810 | NZ=  1528 | sparsity=0.2926 | d_m=5.8023e+02
step  633 | acc=0.7830 | NZ=  1527 | sparsity=0.2931 | d_m=5.8219e+02
step  634 | acc=0.7840 | NZ=  1526 | sparsity=0.2935 | d_m=5.8089e+02
step  635 | acc=0.7820 | NZ=  1525 | sparsity=0.2940 | d_m=5.9122e+02
step  636 | acc=0.7820 | NZ=  1524 | sparsity=0.2944 | d_m=5.9869e+02
step  637 | acc=0.7820 | NZ=  1523 | sparsity=0.2949 | d_m=6.0957e+02
step  638 | acc=0.7820 | NZ=  1522 | sparsity=0.2954 | d_m=6.0557e+02
step  639 | acc=0.7820 | NZ=  1521 | sparsity=0.2958 | d_m=6.0880e+02
step  640 | acc=0.7830 | NZ=  1520 | sparsity=0.2963 | d_m=6.1315e+02
step  641 | acc=0.7830 | NZ=  1519 | sparsity=0.2968 | d_m=6.1854e+02
step  642 | acc=0.7830 | NZ=  1518 | sparsity=0.2972 | d_m=6.2453e+02
step  643 | acc=0.7830 | NZ=  1517 | sparsity=0.2977 | d_m=6.2868e+02
step  644 | acc=0.7860 | NZ=  1516 | sparsity=0.2981 | d_m=6.3361e+02
step  645 | acc=0.7860 | NZ=  1515 | sparsity=0.2986 | d_m=6.4669e+02
step  646 | acc=0.7840 | NZ=  1514 | sparsity=0.2991 | d_m=6.5107e+02
step  647 | acc=0.7830 | NZ=  1513 | sparsity=0.2995 | d_m=6.5831e+02
step  648 | acc=0.7830 | NZ=  1512 | sparsity=0.3000 | d_m=6.5617e+02
step  649 | acc=0.7830 | NZ=  1511 | sparsity=0.3005 | d_m=6.5632e+02
step  650 | acc=0.7830 | NZ=  1510 | sparsity=0.3009 | d_m=6.6061e+02
step  651 | acc=0.7840 | NZ=  1509 | sparsity=0.3014 | d_m=6.6220e+02
step  652 | acc=0.7850 | NZ=  1508 | sparsity=0.3019 | d_m=6.6335e+02
step  653 | acc=0.7830 | NZ=  1507 | sparsity=0.3023 | d_m=6.7408e+02
step  654 | acc=0.7840 | NZ=  1506 | sparsity=0.3028 | d_m=6.7380e+02
step  655 | acc=0.7810 | NZ=  1505 | sparsity=0.3032 | d_m=6.7693e+02
step  656 | acc=0.7820 | NZ=  1504 | sparsity=0.3037 | d_m=6.7023e+02
step  657 | acc=0.7820 | NZ=  1503 | sparsity=0.3042 | d_m=6.8036e+02
step  658 | acc=0.7820 | NZ=  1502 | sparsity=0.3046 | d_m=6.9559e+02
step  659 | acc=0.7820 | NZ=  1501 | sparsity=0.3051 | d_m=7.1200e+02
step  660 | acc=0.7830 | NZ=  1500 | sparsity=0.3056 | d_m=7.1938e+02
step  661 | acc=0.7810 | NZ=  1499 | sparsity=0.3060 | d_m=7.2870e+02
step  662 | acc=0.7810 | NZ=  1498 | sparsity=0.3065 | d_m=7.2338e+02
step  663 | acc=0.7820 | NZ=  1497 | sparsity=0.3069 | d_m=7.3659e+02
step  664 | acc=0.7800 | NZ=  1496 | sparsity=0.3074 | d_m=7.4732e+02
step  665 | acc=0.7800 | NZ=  1495 | sparsity=0.3079 | d_m=7.4597e+02
step  666 | acc=0.7800 | NZ=  1494 | sparsity=0.3083 | d_m=7.4657e+02
step  667 | acc=0.7800 | NZ=  1493 | sparsity=0.3088 | d_m=7.5013e+02
step  668 | acc=0.7800 | NZ=  1492 | sparsity=0.3093 | d_m=7.4804e+02
step  669 | acc=0.7820 | NZ=  1491 | sparsity=0.3097 | d_m=7.4871e+02
step  670 | acc=0.7810 | NZ=  1490 | sparsity=0.3102 | d_m=7.4779e+02
step  671 | acc=0.7820 | NZ=  1489 | sparsity=0.3106 | d_m=7.5539e+02
step  672 | acc=0.7850 | NZ=  1488 | sparsity=0.3111 | d_m=7.5874e+02
step  673 | acc=0.7840 | NZ=  1487 | sparsity=0.3116 | d_m=7.6547e+02
step  674 | acc=0.7830 | NZ=  1486 | sparsity=0.3120 | d_m=7.6344e+02
step  675 | acc=0.7810 | NZ=  1485 | sparsity=0.3125 | d_m=7.6913e+02
step  676 | acc=0.7800 | NZ=  1484 | sparsity=0.3130 | d_m=7.7344e+02
step  677 | acc=0.7800 | NZ=  1483 | sparsity=0.3134 | d_m=7.7634e+02
step  678 | acc=0.7790 | NZ=  1482 | sparsity=0.3139 | d_m=7.8638e+02
step  679 | acc=0.7790 | NZ=  1481 | sparsity=0.3144 | d_m=7.7509e+02
step  680 | acc=0.7790 | NZ=  1480 | sparsity=0.3148 | d_m=7.7243e+02
step  681 | acc=0.7790 | NZ=  1479 | sparsity=0.3153 | d_m=7.8364e+02
step  682 | acc=0.7790 | NZ=  1478 | sparsity=0.3157 | d_m=7.9177e+02
step  683 | acc=0.7790 | NZ=  1477 | sparsity=0.3162 | d_m=7.9409e+02
step  684 | acc=0.7800 | NZ=  1476 | sparsity=0.3167 | d_m=8.0464e+02
step  685 | acc=0.7790 | NZ=  1475 | sparsity=0.3171 | d_m=8.0996e+02
step  686 | acc=0.7800 | NZ=  1474 | sparsity=0.3176 | d_m=8.1079e+02
step  687 | acc=0.7790 | NZ=  1473 | sparsity=0.3181 | d_m=8.1573e+02
step  688 | acc=0.7780 | NZ=  1472 | sparsity=0.3185 | d_m=8.3090e+02
step  689 | acc=0.7780 | NZ=  1471 | sparsity=0.3190 | d_m=8.3005e+02
step  690 | acc=0.7780 | NZ=  1470 | sparsity=0.3194 | d_m=8.3743e+02
step  691 | acc=0.7780 | NZ=  1469 | sparsity=0.3199 | d_m=8.4277e+02
step  692 | acc=0.7780 | NZ=  1468 | sparsity=0.3204 | d_m=8.4862e+02
step  693 | acc=0.7780 | NZ=  1467 | sparsity=0.3208 | d_m=8.6258e+02
step  694 | acc=0.7780 | NZ=  1466 | sparsity=0.3213 | d_m=8.7719e+02
step  695 | acc=0.7780 | NZ=  1465 | sparsity=0.3218 | d_m=8.8906e+02
step  696 | acc=0.7780 | NZ=  1464 | sparsity=0.3222 | d_m=8.9872e+02
step  697 | acc=0.7780 | NZ=  1463 | sparsity=0.3227 | d_m=9.0399e+02
step  698 | acc=0.7790 | NZ=  1462 | sparsity=0.3231 | d_m=9.0690e+02
step  699 | acc=0.7790 | NZ=  1461 | sparsity=0.3236 | d_m=9.1578e+02
step  700 | acc=0.7790 | NZ=  1460 | sparsity=0.3241 | d_m=9.2509e+02
step  701 | acc=0.7790 | NZ=  1459 | sparsity=0.3245 | d_m=9.2361e+02
step  702 | acc=0.7790 | NZ=  1458 | sparsity=0.3250 | d_m=9.2339e+02
step  703 | acc=0.7790 | NZ=  1457 | sparsity=0.3255 | d_m=9.3201e+02
step  704 | acc=0.7790 | NZ=  1456 | sparsity=0.3259 | d_m=9.3952e+02
step  705 | acc=0.7790 | NZ=  1455 | sparsity=0.3264 | d_m=9.4480e+02
step  706 | acc=0.7790 | NZ=  1454 | sparsity=0.3269 | d_m=9.5914e+02
step  707 | acc=0.7790 | NZ=  1453 | sparsity=0.3273 | d_m=9.6613e+02
step  708 | acc=0.7790 | NZ=  1452 | sparsity=0.3278 | d_m=9.6934e+02
step  709 | acc=0.7790 | NZ=  1451 | sparsity=0.3282 | d_m=9.5804e+02
step  710 | acc=0.7790 | NZ=  1450 | sparsity=0.3287 | d_m=9.5907e+02
step  711 | acc=0.7790 | NZ=  1449 | sparsity=0.3292 | d_m=9.6793e+02
step  712 | acc=0.7800 | NZ=  1448 | sparsity=0.3296 | d_m=9.8166e+02
step  713 | acc=0.7800 | NZ=  1447 | sparsity=0.3301 | d_m=9.8601e+02
step  714 | acc=0.7800 | NZ=  1446 | sparsity=0.3306 | d_m=9.9749e+02
step  715 | acc=0.7800 | NZ=  1445 | sparsity=0.3310 | d_m=1.0021e+03
step  716 | acc=0.7800 | NZ=  1444 | sparsity=0.3315 | d_m=1.0160e+03
step  717 | acc=0.7800 | NZ=  1443 | sparsity=0.3319 | d_m=1.0222e+03
step  718 | acc=0.7800 | NZ=  1442 | sparsity=0.3324 | d_m=1.0216e+03
step  719 | acc=0.7800 | NZ=  1441 | sparsity=0.3329 | d_m=1.0245e+03
step  720 | acc=0.7800 | NZ=  1440 | sparsity=0.3333 | d_m=1.0378e+03
step  721 | acc=0.7800 | NZ=  1439 | sparsity=0.3338 | d_m=1.0492e+03
step  722 | acc=0.7800 | NZ=  1438 | sparsity=0.3343 | d_m=1.0599e+03
step  723 | acc=0.7790 | NZ=  1437 | sparsity=0.3347 | d_m=1.0651e+03
step  724 | acc=0.7790 | NZ=  1436 | sparsity=0.3352 | d_m=1.0654e+03
step  725 | acc=0.7800 | NZ=  1435 | sparsity=0.3356 | d_m=1.0702e+03
step  726 | acc=0.7810 | NZ=  1434 | sparsity=0.3361 | d_m=1.0732e+03
step  727 | acc=0.7810 | NZ=  1433 | sparsity=0.3366 | d_m=1.0737e+03
step  728 | acc=0.7810 | NZ=  1432 | sparsity=0.3370 | d_m=1.0784e+03
step  729 | acc=0.7790 | NZ=  1431 | sparsity=0.3375 | d_m=1.0886e+03
step  730 | acc=0.7790 | NZ=  1430 | sparsity=0.3380 | d_m=1.1026e+03
step  731 | acc=0.7790 | NZ=  1429 | sparsity=0.3384 | d_m=1.1184e+03
step  732 | acc=0.7790 | NZ=  1428 | sparsity=0.3389 | d_m=1.1256e+03
step  733 | acc=0.7790 | NZ=  1427 | sparsity=0.3394 | d_m=1.1286e+03
step  734 | acc=0.7790 | NZ=  1426 | sparsity=0.3398 | d_m=1.1260e+03
step  735 | acc=0.7790 | NZ=  1425 | sparsity=0.3403 | d_m=1.1431e+03
step  736 | acc=0.7790 | NZ=  1424 | sparsity=0.3407 | d_m=1.1498e+03
step  737 | acc=0.7790 | NZ=  1423 | sparsity=0.3412 | d_m=1.1682e+03
step  738 | acc=0.7770 | NZ=  1422 | sparsity=0.3417 | d_m=1.1762e+03
step  739 | acc=0.7770 | NZ=  1421 | sparsity=0.3421 | d_m=1.1944e+03
step  740 | acc=0.7770 | NZ=  1420 | sparsity=0.3426 | d_m=1.2030e+03
step  741 | acc=0.7780 | NZ=  1419 | sparsity=0.3431 | d_m=1.2167e+03
step  742 | acc=0.7780 | NZ=  1418 | sparsity=0.3435 | d_m=1.2213e+03
step  743 | acc=0.7780 | NZ=  1417 | sparsity=0.3440 | d_m=1.2239e+03
step  744 | acc=0.7780 | NZ=  1416 | sparsity=0.3444 | d_m=1.2261e+03
step  745 | acc=0.7780 | NZ=  1415 | sparsity=0.3449 | d_m=1.2247e+03
step  746 | acc=0.7780 | NZ=  1414 | sparsity=0.3454 | d_m=1.2247e+03
step  747 | acc=0.7780 | NZ=  1413 | sparsity=0.3458 | d_m=1.2298e+03
step  748 | acc=0.7770 | NZ=  1412 | sparsity=0.3463 | d_m=1.2419e+03
step  749 | acc=0.7780 | NZ=  1411 | sparsity=0.3468 | d_m=1.2424e+03
step  750 | acc=0.7760 | NZ=  1410 | sparsity=0.3472 | d_m=1.2480e+03
step  751 | acc=0.7770 | NZ=  1409 | sparsity=0.3477 | d_m=1.2568e+03
step  752 | acc=0.7770 | NZ=  1408 | sparsity=0.3481 | d_m=1.2615e+03
step  753 | acc=0.7770 | NZ=  1407 | sparsity=0.3486 | d_m=1.2863e+03
step  754 | acc=0.7760 | NZ=  1406 | sparsity=0.3491 | d_m=1.3030e+03
step  755 | acc=0.7750 | NZ=  1405 | sparsity=0.3495 | d_m=1.3138e+03
step  756 | acc=0.7760 | NZ=  1404 | sparsity=0.3500 | d_m=1.3088e+03
step  757 | acc=0.7760 | NZ=  1403 | sparsity=0.3505 | d_m=1.3168e+03
step  758 | acc=0.7770 | NZ=  1402 | sparsity=0.3509 | d_m=1.3337e+03
step  759 | acc=0.7760 | NZ=  1401 | sparsity=0.3514 | d_m=1.3392e+03
step  760 | acc=0.7770 | NZ=  1400 | sparsity=0.3519 | d_m=1.3446e+03
step  761 | acc=0.7770 | NZ=  1399 | sparsity=0.3523 | d_m=1.3455e+03
step  762 | acc=0.7760 | NZ=  1398 | sparsity=0.3528 | d_m=1.3607e+03
step  763 | acc=0.7760 | NZ=  1397 | sparsity=0.3532 | d_m=1.3845e+03
step  764 | acc=0.7780 | NZ=  1396 | sparsity=0.3537 | d_m=1.3942e+03
step  765 | acc=0.7760 | NZ=  1395 | sparsity=0.3542 | d_m=1.4124e+03
step  766 | acc=0.7780 | NZ=  1394 | sparsity=0.3546 | d_m=1.4100e+03
step  767 | acc=0.7790 | NZ=  1393 | sparsity=0.3551 | d_m=1.4143e+03
step  768 | acc=0.7780 | NZ=  1392 | sparsity=0.3556 | d_m=1.4107e+03
step  769 | acc=0.7770 | NZ=  1391 | sparsity=0.3560 | d_m=1.4151e+03
step  770 | acc=0.7760 | NZ=  1390 | sparsity=0.3565 | d_m=1.4186e+03
step  771 | acc=0.7790 | NZ=  1389 | sparsity=0.3569 | d_m=1.4190e+03
step  772 | acc=0.7770 | NZ=  1388 | sparsity=0.3574 | d_m=1.4147e+03
step  773 | acc=0.7760 | NZ=  1387 | sparsity=0.3579 | d_m=1.4033e+03
step  774 | acc=0.7780 | NZ=  1386 | sparsity=0.3583 | d_m=1.4049e+03
step  775 | acc=0.7780 | NZ=  1385 | sparsity=0.3588 | d_m=1.4010e+03
step  776 | acc=0.7780 | NZ=  1384 | sparsity=0.3593 | d_m=1.4055e+03
step  777 | acc=0.7750 | NZ=  1383 | sparsity=0.3597 | d_m=1.4241e+03
step  778 | acc=0.7750 | NZ=  1382 | sparsity=0.3602 | d_m=1.4418e+03
step  779 | acc=0.7770 | NZ=  1381 | sparsity=0.3606 | d_m=1.4582e+03
step  780 | acc=0.7760 | NZ=  1380 | sparsity=0.3611 | d_m=1.4833e+03
step  781 | acc=0.7760 | NZ=  1379 | sparsity=0.3616 | d_m=1.5079e+03
step  782 | acc=0.7780 | NZ=  1378 | sparsity=0.3620 | d_m=1.5283e+03
step  783 | acc=0.7780 | NZ=  1377 | sparsity=0.3625 | d_m=1.5333e+03
step  784 | acc=0.7780 | NZ=  1376 | sparsity=0.3630 | d_m=1.5369e+03
step  785 | acc=0.7790 | NZ=  1375 | sparsity=0.3634 | d_m=1.5460e+03
step  786 | acc=0.7790 | NZ=  1374 | sparsity=0.3639 | d_m=1.5670e+03
step  787 | acc=0.7780 | NZ=  1373 | sparsity=0.3644 | d_m=1.5761e+03
step  788 | acc=0.7770 | NZ=  1372 | sparsity=0.3648 | d_m=1.5783e+03
step  789 | acc=0.7780 | NZ=  1371 | sparsity=0.3653 | d_m=1.5987e+03
step  790 | acc=0.7780 | NZ=  1370 | sparsity=0.3657 | d_m=1.6167e+03
step  791 | acc=0.7780 | NZ=  1369 | sparsity=0.3662 | d_m=1.6241e+03
step  792 | acc=0.7780 | NZ=  1368 | sparsity=0.3667 | d_m=1.6144e+03
step  793 | acc=0.7780 | NZ=  1367 | sparsity=0.3671 | d_m=1.6248e+03
step  794 | acc=0.7780 | NZ=  1366 | sparsity=0.3676 | d_m=1.6313e+03
step  795 | acc=0.7750 | NZ=  1365 | sparsity=0.3681 | d_m=1.6453e+03
step  796 | acc=0.7750 | NZ=  1364 | sparsity=0.3685 | d_m=1.6487e+03
step  797 | acc=0.7750 | NZ=  1363 | sparsity=0.3690 | d_m=1.6673e+03
step  798 | acc=0.7750 | NZ=  1362 | sparsity=0.3694 | d_m=1.6925e+03
step  799 | acc=0.7760 | NZ=  1361 | sparsity=0.3699 | d_m=1.7166e+03
step  800 | acc=0.7760 | NZ=  1360 | sparsity=0.3704 | d_m=1.7502e+03
step  801 | acc=0.7750 | NZ=  1359 | sparsity=0.3708 | d_m=1.7851e+03
step  802 | acc=0.7750 | NZ=  1358 | sparsity=0.3713 | d_m=1.7806e+03
step  803 | acc=0.7750 | NZ=  1357 | sparsity=0.3718 | d_m=1.7966e+03
step  804 | acc=0.7750 | NZ=  1356 | sparsity=0.3722 | d_m=1.8051e+03
step  805 | acc=0.7750 | NZ=  1355 | sparsity=0.3727 | d_m=1.8229e+03
step  806 | acc=0.7750 | NZ=  1354 | sparsity=0.3731 | d_m=1.8357e+03
step  807 | acc=0.7770 | NZ=  1353 | sparsity=0.3736 | d_m=1.8678e+03
step  808 | acc=0.7770 | NZ=  1352 | sparsity=0.3741 | d_m=1.8912e+03
step  809 | acc=0.7760 | NZ=  1351 | sparsity=0.3745 | d_m=1.9306e+03
step  810 | acc=0.7770 | NZ=  1350 | sparsity=0.3750 | d_m=1.9517e+03
step  811 | acc=0.7770 | NZ=  1349 | sparsity=0.3755 | d_m=1.9692e+03
step  812 | acc=0.7760 | NZ=  1348 | sparsity=0.3759 | d_m=1.9818e+03
step  813 | acc=0.7780 | NZ=  1347 | sparsity=0.3764 | d_m=1.9943e+03
step  814 | acc=0.7780 | NZ=  1346 | sparsity=0.3769 | d_m=2.0097e+03
step  815 | acc=0.7770 | NZ=  1345 | sparsity=0.3773 | d_m=2.0352e+03
step  816 | acc=0.7750 | NZ=  1344 | sparsity=0.3778 | d_m=2.0672e+03
step  817 | acc=0.7740 | NZ=  1343 | sparsity=0.3782 | d_m=2.0784e+03
step  818 | acc=0.7740 | NZ=  1342 | sparsity=0.3787 | d_m=2.1090e+03
step  819 | acc=0.7730 | NZ=  1341 | sparsity=0.3792 | d_m=2.1298e+03
step  820 | acc=0.7740 | NZ=  1340 | sparsity=0.3796 | d_m=2.1397e+03
step  821 | acc=0.7740 | NZ=  1339 | sparsity=0.3801 | d_m=2.1703e+03
step  822 | acc=0.7730 | NZ=  1338 | sparsity=0.3806 | d_m=2.1739e+03
step  823 | acc=0.7730 | NZ=  1337 | sparsity=0.3810 | d_m=2.1545e+03
step  824 | acc=0.7750 | NZ=  1336 | sparsity=0.3815 | d_m=2.1728e+03
step  825 | acc=0.7760 | NZ=  1335 | sparsity=0.3819 | d_m=2.1895e+03
step  826 | acc=0.7730 | NZ=  1334 | sparsity=0.3824 | d_m=2.1982e+03
step  827 | acc=0.7740 | NZ=  1333 | sparsity=0.3829 | d_m=2.2220e+03
step  828 | acc=0.7730 | NZ=  1332 | sparsity=0.3833 | d_m=2.2552e+03
step  829 | acc=0.7740 | NZ=  1331 | sparsity=0.3838 | d_m=2.2725e+03
step  830 | acc=0.7740 | NZ=  1330 | sparsity=0.3843 | d_m=2.3018e+03
step  831 | acc=0.7740 | NZ=  1329 | sparsity=0.3847 | d_m=2.3026e+03
step  832 | acc=0.7740 | NZ=  1328 | sparsity=0.3852 | d_m=2.3225e+03
step  833 | acc=0.7730 | NZ=  1327 | sparsity=0.3856 | d_m=2.3332e+03
step  834 | acc=0.7740 | NZ=  1326 | sparsity=0.3861 | d_m=2.3330e+03
step  835 | acc=0.7750 | NZ=  1325 | sparsity=0.3866 | d_m=2.3662e+03
step  836 | acc=0.7750 | NZ=  1324 | sparsity=0.3870 | d_m=2.3788e+03
step  837 | acc=0.7740 | NZ=  1323 | sparsity=0.3875 | d_m=2.3816e+03
step  838 | acc=0.7740 | NZ=  1322 | sparsity=0.3880 | d_m=2.3853e+03
step  839 | acc=0.7730 | NZ=  1321 | sparsity=0.3884 | d_m=2.3895e+03
step  840 | acc=0.7730 | NZ=  1320 | sparsity=0.3889 | d_m=2.3967e+03
step  841 | acc=0.7730 | NZ=  1319 | sparsity=0.3894 | d_m=2.4273e+03
step  842 | acc=0.7720 | NZ=  1318 | sparsity=0.3898 | d_m=2.4532e+03
step  843 | acc=0.7730 | NZ=  1317 | sparsity=0.3903 | d_m=2.4370e+03
step  844 | acc=0.7730 | NZ=  1316 | sparsity=0.3907 | d_m=2.4481e+03
step  845 | acc=0.7720 | NZ=  1315 | sparsity=0.3912 | d_m=2.4626e+03
step  846 | acc=0.7720 | NZ=  1314 | sparsity=0.3917 | d_m=2.4648e+03
step  847 | acc=0.7710 | NZ=  1313 | sparsity=0.3921 | d_m=2.4738e+03
step  848 | acc=0.7710 | NZ=  1312 | sparsity=0.3926 | d_m=2.4664e+03
step  849 | acc=0.7710 | NZ=  1311 | sparsity=0.3931 | d_m=2.4970e+03
step  850 | acc=0.7710 | NZ=  1310 | sparsity=0.3935 | d_m=2.5366e+03
step  851 | acc=0.7700 | NZ=  1309 | sparsity=0.3940 | d_m=2.5429e+03
step  852 | acc=0.7710 | NZ=  1308 | sparsity=0.3944 | d_m=2.5618e+03
step  853 | acc=0.7710 | NZ=  1307 | sparsity=0.3949 | d_m=2.5476e+03
step  854 | acc=0.7720 | NZ=  1306 | sparsity=0.3954 | d_m=2.5415e+03
step  855 | acc=0.7720 | NZ=  1305 | sparsity=0.3958 | d_m=2.5401e+03
step  856 | acc=0.7730 | NZ=  1304 | sparsity=0.3963 | d_m=2.5522e+03
step  857 | acc=0.7730 | NZ=  1303 | sparsity=0.3968 | d_m=2.5788e+03
step  858 | acc=0.7720 | NZ=  1302 | sparsity=0.3972 | d_m=2.6044e+03
step  859 | acc=0.7730 | NZ=  1301 | sparsity=0.3977 | d_m=2.6061e+03
step  860 | acc=0.7730 | NZ=  1300 | sparsity=0.3981 | d_m=2.6370e+03
step  861 | acc=0.7710 | NZ=  1299 | sparsity=0.3986 | d_m=2.6591e+03
step  862 | acc=0.7710 | NZ=  1298 | sparsity=0.3991 | d_m=2.6690e+03
step  863 | acc=0.7720 | NZ=  1297 | sparsity=0.3995 | d_m=2.6345e+03
step  864 | acc=0.7700 | NZ=  1296 | sparsity=0.4000 | d_m=2.6591e+03
step  865 | acc=0.7700 | NZ=  1295 | sparsity=0.4005 | d_m=2.6728e+03
step  866 | acc=0.7700 | NZ=  1294 | sparsity=0.4009 | d_m=2.6569e+03
step  867 | acc=0.7700 | NZ=  1293 | sparsity=0.4014 | d_m=2.6779e+03
step  868 | acc=0.7700 | NZ=  1292 | sparsity=0.4019 | d_m=2.6318e+03
step  869 | acc=0.7710 | NZ=  1291 | sparsity=0.4023 | d_m=2.6606e+03
step  870 | acc=0.7710 | NZ=  1290 | sparsity=0.4028 | d_m=2.6616e+03
step  871 | acc=0.7700 | NZ=  1289 | sparsity=0.4032 | d_m=2.6952e+03
step  872 | acc=0.7710 | NZ=  1288 | sparsity=0.4037 | d_m=2.7373e+03
step  873 | acc=0.7700 | NZ=  1287 | sparsity=0.4042 | d_m=2.7998e+03
step  874 | acc=0.7690 | NZ=  1286 | sparsity=0.4046 | d_m=2.8467e+03
step  875 | acc=0.7680 | NZ=  1285 | sparsity=0.4051 | d_m=2.8925e+03
step  876 | acc=0.7680 | NZ=  1284 | sparsity=0.4056 | d_m=2.9128e+03
step  877 | acc=0.7680 | NZ=  1283 | sparsity=0.4060 | d_m=2.9283e+03
step  878 | acc=0.7680 | NZ=  1282 | sparsity=0.4065 | d_m=2.9481e+03
step  879 | acc=0.7680 | NZ=  1281 | sparsity=0.4069 | d_m=3.0009e+03
step  880 | acc=0.7680 | NZ=  1280 | sparsity=0.4074 | d_m=3.0374e+03
step  881 | acc=0.7680 | NZ=  1279 | sparsity=0.4079 | d_m=3.0365e+03
step  882 | acc=0.7680 | NZ=  1278 | sparsity=0.4083 | d_m=3.0539e+03
step  883 | acc=0.7680 | NZ=  1277 | sparsity=0.4088 | d_m=3.1012e+03
step  884 | acc=0.7680 | NZ=  1276 | sparsity=0.4093 | d_m=3.1140e+03
step  885 | acc=0.7670 | NZ=  1275 | sparsity=0.4097 | d_m=3.1418e+03
step  886 | acc=0.7680 | NZ=  1274 | sparsity=0.4102 | d_m=3.1521e+03
step  887 | acc=0.7670 | NZ=  1273 | sparsity=0.4106 | d_m=3.1665e+03
step  888 | acc=0.7670 | NZ=  1272 | sparsity=0.4111 | d_m=3.1687e+03
step  889 | acc=0.7680 | NZ=  1271 | sparsity=0.4116 | d_m=3.1490e+03
step  890 | acc=0.7680 | NZ=  1270 | sparsity=0.4120 | d_m=3.1623e+03
step  891 | acc=0.7680 | NZ=  1269 | sparsity=0.4125 | d_m=3.2035e+03
step  892 | acc=0.7680 | NZ=  1268 | sparsity=0.4130 | d_m=3.2230e+03
step  893 | acc=0.7670 | NZ=  1267 | sparsity=0.4134 | d_m=3.2528e+03
step  894 | acc=0.7670 | NZ=  1266 | sparsity=0.4139 | d_m=3.2618e+03
step  895 | acc=0.7670 | NZ=  1265 | sparsity=0.4144 | d_m=3.2755e+03
step  896 | acc=0.7680 | NZ=  1264 | sparsity=0.4148 | d_m=3.2859e+03
step  897 | acc=0.7670 | NZ=  1263 | sparsity=0.4153 | d_m=3.3294e+03
step  898 | acc=0.7680 | NZ=  1262 | sparsity=0.4157 | d_m=3.3482e+03
step  899 | acc=0.7690 | NZ=  1261 | sparsity=0.4162 | d_m=3.3988e+03
step  900 | acc=0.7690 | NZ=  1260 | sparsity=0.4167 | d_m=3.4376e+03
step  901 | acc=0.7690 | NZ=  1259 | sparsity=0.4171 | d_m=3.4621e+03
step  902 | acc=0.7690 | NZ=  1258 | sparsity=0.4176 | d_m=3.4614e+03
step  903 | acc=0.7680 | NZ=  1257 | sparsity=0.4181 | d_m=3.4939e+03
step  904 | acc=0.7680 | NZ=  1256 | sparsity=0.4185 | d_m=3.5407e+03
step  905 | acc=0.7670 | NZ=  1255 | sparsity=0.4190 | d_m=3.5909e+03
step  906 | acc=0.7670 | NZ=  1254 | sparsity=0.4194 | d_m=3.6384e+03
step  907 | acc=0.7680 | NZ=  1253 | sparsity=0.4199 | d_m=3.6557e+03
step  908 | acc=0.7680 | NZ=  1252 | sparsity=0.4204 | d_m=3.6627e+03
step  909 | acc=0.7660 | NZ=  1251 | sparsity=0.4208 | d_m=3.7066e+03
step  910 | acc=0.7680 | NZ=  1250 | sparsity=0.4213 | d_m=3.7183e+03
step  911 | acc=0.7670 | NZ=  1249 | sparsity=0.4218 | d_m=3.7083e+03
step  912 | acc=0.7670 | NZ=  1248 | sparsity=0.4222 | d_m=3.7262e+03
step  913 | acc=0.7670 | NZ=  1247 | sparsity=0.4227 | d_m=3.7439e+03
step  914 | acc=0.7680 | NZ=  1246 | sparsity=0.4231 | d_m=3.7841e+03
step  915 | acc=0.7670 | NZ=  1245 | sparsity=0.4236 | d_m=3.8163e+03
step  916 | acc=0.7670 | NZ=  1244 | sparsity=0.4241 | d_m=3.8546e+03
step  917 | acc=0.7670 | NZ=  1243 | sparsity=0.4245 | d_m=3.8965e+03
step  918 | acc=0.7670 | NZ=  1242 | sparsity=0.4250 | d_m=3.9188e+03
step  919 | acc=0.7670 | NZ=  1241 | sparsity=0.4255 | d_m=3.9003e+03
step  920 | acc=0.7670 | NZ=  1240 | sparsity=0.4259 | d_m=3.9435e+03
step  921 | acc=0.7670 | NZ=  1239 | sparsity=0.4264 | d_m=3.9584e+03
step  922 | acc=0.7670 | NZ=  1238 | sparsity=0.4269 | d_m=3.9711e+03
step  923 | acc=0.7670 | NZ=  1237 | sparsity=0.4273 | d_m=3.9697e+03
step  924 | acc=0.7660 | NZ=  1236 | sparsity=0.4278 | d_m=4.0060e+03
step  925 | acc=0.7640 | NZ=  1235 | sparsity=0.4282 | d_m=4.0491e+03
step  926 | acc=0.7650 | NZ=  1234 | sparsity=0.4287 | d_m=4.0708e+03
step  927 | acc=0.7630 | NZ=  1233 | sparsity=0.4292 | d_m=4.0934e+03
step  928 | acc=0.7630 | NZ=  1232 | sparsity=0.4296 | d_m=4.1079e+03
step  929 | acc=0.7640 | NZ=  1231 | sparsity=0.4301 | d_m=4.1314e+03
step  930 | acc=0.7620 | NZ=  1230 | sparsity=0.4306 | d_m=4.1399e+03
step  931 | acc=0.7630 | NZ=  1229 | sparsity=0.4310 | d_m=4.1779e+03
step  932 | acc=0.7620 | NZ=  1228 | sparsity=0.4315 | d_m=4.2135e+03
step  933 | acc=0.7630 | NZ=  1227 | sparsity=0.4319 | d_m=4.2597e+03
step  934 | acc=0.7620 | NZ=  1226 | sparsity=0.4324 | d_m=4.3041e+03
step  935 | acc=0.7630 | NZ=  1225 | sparsity=0.4329 | d_m=4.3306e+03
step  936 | acc=0.7660 | NZ=  1224 | sparsity=0.4333 | d_m=4.3500e+03
step  937 | acc=0.7660 | NZ=  1223 | sparsity=0.4338 | d_m=4.3571e+03
step  938 | acc=0.7640 | NZ=  1222 | sparsity=0.4343 | d_m=4.3761e+03
step  939 | acc=0.7650 | NZ=  1221 | sparsity=0.4347 | d_m=4.3997e+03
step  940 | acc=0.7700 | NZ=  1220 | sparsity=0.4352 | d_m=4.4004e+03
step  941 | acc=0.7650 | NZ=  1219 | sparsity=0.4356 | d_m=4.4201e+03
step  942 | acc=0.7640 | NZ=  1218 | sparsity=0.4361 | d_m=4.4216e+03
step  943 | acc=0.7650 | NZ=  1217 | sparsity=0.4366 | d_m=4.4310e+03
step  944 | acc=0.7640 | NZ=  1216 | sparsity=0.4370 | d_m=4.4721e+03
step  945 | acc=0.7640 | NZ=  1215 | sparsity=0.4375 | d_m=4.4826e+03
step  946 | acc=0.7640 | NZ=  1214 | sparsity=0.4380 | d_m=4.5176e+03
step  947 | acc=0.7640 | NZ=  1213 | sparsity=0.4384 | d_m=4.5200e+03
step  948 | acc=0.7640 | NZ=  1212 | sparsity=0.4389 | d_m=4.5115e+03
step  949 | acc=0.7650 | NZ=  1211 | sparsity=0.4394 | d_m=4.5320e+03
step  950 | acc=0.7620 | NZ=  1210 | sparsity=0.4398 | d_m=4.5364e+03
step  951 | acc=0.7630 | NZ=  1209 | sparsity=0.4403 | d_m=4.5517e+03
step  952 | acc=0.7630 | NZ=  1208 | sparsity=0.4407 | d_m=4.5723e+03
step  953 | acc=0.7630 | NZ=  1207 | sparsity=0.4412 | d_m=4.5701e+03
step  954 | acc=0.7640 | NZ=  1206 | sparsity=0.4417 | d_m=4.6053e+03
step  955 | acc=0.7630 | NZ=  1205 | sparsity=0.4421 | d_m=4.6533e+03
step  956 | acc=0.7650 | NZ=  1204 | sparsity=0.4426 | d_m=4.6855e+03
step  957 | acc=0.7650 | NZ=  1203 | sparsity=0.4431 | d_m=4.7309e+03
step  958 | acc=0.7660 | NZ=  1202 | sparsity=0.4435 | d_m=4.7658e+03
step  959 | acc=0.7650 | NZ=  1201 | sparsity=0.4440 | d_m=4.8203e+03
step  960 | acc=0.7640 | NZ=  1200 | sparsity=0.4444 | d_m=4.8526e+03
step  961 | acc=0.7650 | NZ=  1199 | sparsity=0.4449 | d_m=4.8200e+03
step  962 | acc=0.7650 | NZ=  1198 | sparsity=0.4454 | d_m=4.8328e+03
step  963 | acc=0.7640 | NZ=  1197 | sparsity=0.4458 | d_m=4.8460e+03
step  964 | acc=0.7660 | NZ=  1196 | sparsity=0.4463 | d_m=4.8649e+03
step  965 | acc=0.7640 | NZ=  1195 | sparsity=0.4468 | d_m=4.8736e+03
step  966 | acc=0.7630 | NZ=  1194 | sparsity=0.4472 | d_m=4.8876e+03
step  967 | acc=0.7620 | NZ=  1193 | sparsity=0.4477 | d_m=4.9011e+03
step  968 | acc=0.7620 | NZ=  1192 | sparsity=0.4481 | d_m=4.9082e+03
step  969 | acc=0.7650 | NZ=  1191 | sparsity=0.4486 | d_m=4.9163e+03
step  970 | acc=0.7680 | NZ=  1190 | sparsity=0.4491 | d_m=4.9154e+03
step  971 | acc=0.7680 | NZ=  1189 | sparsity=0.4495 | d_m=4.9672e+03
step  972 | acc=0.7690 | NZ=  1188 | sparsity=0.4500 | d_m=4.9745e+03
step  973 | acc=0.7660 | NZ=  1187 | sparsity=0.4505 | d_m=5.0099e+03
step  974 | acc=0.7640 | NZ=  1186 | sparsity=0.4509 | d_m=5.0606e+03
step  975 | acc=0.7650 | NZ=  1185 | sparsity=0.4514 | d_m=5.1228e+03
step  976 | acc=0.7640 | NZ=  1184 | sparsity=0.4519 | d_m=5.1342e+03
step  977 | acc=0.7640 | NZ=  1183 | sparsity=0.4523 | d_m=5.1429e+03
step  978 | acc=0.7630 | NZ=  1182 | sparsity=0.4528 | d_m=5.1616e+03
step  979 | acc=0.7640 | NZ=  1181 | sparsity=0.4532 | d_m=5.1497e+03
step  980 | acc=0.7650 | NZ=  1180 | sparsity=0.4537 | d_m=5.1517e+03
step  981 | acc=0.7630 | NZ=  1179 | sparsity=0.4542 | d_m=5.1624e+03
step  982 | acc=0.7620 | NZ=  1178 | sparsity=0.4546 | d_m=5.1578e+03
step  983 | acc=0.7630 | NZ=  1177 | sparsity=0.4551 | d_m=5.1609e+03
step  984 | acc=0.7640 | NZ=  1176 | sparsity=0.4556 | d_m=5.1492e+03
step  985 | acc=0.7640 | NZ=  1175 | sparsity=0.4560 | d_m=5.1619e+03
step  986 | acc=0.7640 | NZ=  1174 | sparsity=0.4565 | d_m=5.1833e+03
step  987 | acc=0.7640 | NZ=  1173 | sparsity=0.4569 | d_m=5.2373e+03
step  988 | acc=0.7640 | NZ=  1172 | sparsity=0.4574 | d_m=5.2721e+03
step  989 | acc=0.7650 | NZ=  1171 | sparsity=0.4579 | d_m=5.2943e+03
step  990 | acc=0.7650 | NZ=  1170 | sparsity=0.4583 | d_m=5.3095e+03
step  991 | acc=0.7640 | NZ=  1169 | sparsity=0.4588 | d_m=5.3196e+03
step  992 | acc=0.7660 | NZ=  1168 | sparsity=0.4593 | d_m=5.3732e+03
step  993 | acc=0.7670 | NZ=  1167 | sparsity=0.4597 | d_m=5.4096e+03
step  994 | acc=0.7670 | NZ=  1166 | sparsity=0.4602 | d_m=5.4491e+03
step  995 | acc=0.7680 | NZ=  1165 | sparsity=0.4606 | d_m=5.3978e+03
step  996 | acc=0.7680 | NZ=  1164 | sparsity=0.4611 | d_m=5.4158e+03
step  997 | acc=0.7680 | NZ=  1163 | sparsity=0.4616 | d_m=5.3674e+03
step  998 | acc=0.7670 | NZ=  1162 | sparsity=0.4620 | d_m=5.3620e+03
step  999 | acc=0.7670 | NZ=  1161 | sparsity=0.4625 | d_m=5.3600e+03
step 1000 | acc=0.7670 | NZ=  1160 | sparsity=0.4630 | d_m=5.3539e+03
step 1001 | acc=0.7660 | NZ=  1159 | sparsity=0.4634 | d_m=5.3678e+03
step 1002 | acc=0.7680 | NZ=  1158 | sparsity=0.4639 | d_m=5.3916e+03
step 1003 | acc=0.7670 | NZ=  1157 | sparsity=0.4644 | d_m=5.4623e+03
step 1004 | acc=0.7660 | NZ=  1156 | sparsity=0.4648 | d_m=5.4896e+03
step 1005 | acc=0.7640 | NZ=  1155 | sparsity=0.4653 | d_m=5.5559e+03
step 1006 | acc=0.7640 | NZ=  1154 | sparsity=0.4657 | d_m=5.5954e+03
step 1007 | acc=0.7640 | NZ=  1153 | sparsity=0.4662 | d_m=5.6318e+03
step 1008 | acc=0.7650 | NZ=  1152 | sparsity=0.4667 | d_m=5.5587e+03
step 1009 | acc=0.7640 | NZ=  1151 | sparsity=0.4671 | d_m=5.6133e+03
step 1010 | acc=0.7650 | NZ=  1150 | sparsity=0.4676 | d_m=5.6447e+03
step 1011 | acc=0.7640 | NZ=  1149 | sparsity=0.4681 | d_m=5.6655e+03
step 1012 | acc=0.7640 | NZ=  1148 | sparsity=0.4685 | d_m=5.6623e+03
step 1013 | acc=0.7630 | NZ=  1147 | sparsity=0.4690 | d_m=5.7421e+03
step 1014 | acc=0.7640 | NZ=  1146 | sparsity=0.4694 | d_m=5.9919e+03
step 1015 | acc=0.7650 | NZ=  1145 | sparsity=0.4699 | d_m=5.9934e+03
step 1016 | acc=0.7660 | NZ=  1144 | sparsity=0.4704 | d_m=6.0257e+03
step 1017 | acc=0.7660 | NZ=  1143 | sparsity=0.4708 | d_m=6.0907e+03
step 1018 | acc=0.7660 | NZ=  1142 | sparsity=0.4713 | d_m=6.1458e+03
step 1019 | acc=0.7660 | NZ=  1141 | sparsity=0.4718 | d_m=6.2000e+03
step 1020 | acc=0.7660 | NZ=  1140 | sparsity=0.4722 | d_m=6.2152e+03
step 1021 | acc=0.7660 | NZ=  1139 | sparsity=0.4727 | d_m=6.2228e+03
step 1022 | acc=0.7650 | NZ=  1138 | sparsity=0.4731 | d_m=6.2899e+03
step 1023 | acc=0.7650 | NZ=  1137 | sparsity=0.4736 | d_m=6.3670e+03
step 1024 | acc=0.7650 | NZ=  1136 | sparsity=0.4741 | d_m=6.3867e+03
step 1025 | acc=0.7670 | NZ=  1135 | sparsity=0.4745 | d_m=6.4111e+03
step 1026 | acc=0.7650 | NZ=  1134 | sparsity=0.4750 | d_m=6.4586e+03
step 1027 | acc=0.7660 | NZ=  1133 | sparsity=0.4755 | d_m=6.4808e+03
step 1028 | acc=0.7660 | NZ=  1132 | sparsity=0.4759 | d_m=6.5393e+03
step 1029 | acc=0.7660 | NZ=  1131 | sparsity=0.4764 | d_m=6.5977e+03
step 1030 | acc=0.7650 | NZ=  1130 | sparsity=0.4769 | d_m=6.6191e+03
step 1031 | acc=0.7650 | NZ=  1129 | sparsity=0.4773 | d_m=6.6091e+03
step 1032 | acc=0.7630 | NZ=  1128 | sparsity=0.4778 | d_m=6.6219e+03
step 1033 | acc=0.7640 | NZ=  1127 | sparsity=0.4782 | d_m=6.6338e+03
step 1034 | acc=0.7640 | NZ=  1126 | sparsity=0.4787 | d_m=6.6821e+03
step 1035 | acc=0.7670 | NZ=  1125 | sparsity=0.4792 | d_m=6.7116e+03
step 1036 | acc=0.7640 | NZ=  1124 | sparsity=0.4796 | d_m=6.7612e+03
step 1037 | acc=0.7640 | NZ=  1123 | sparsity=0.4801 | d_m=6.8319e+03
step 1038 | acc=0.7700 | NZ=  1122 | sparsity=0.4806 | d_m=6.9036e+03
step 1039 | acc=0.7680 | NZ=  1121 | sparsity=0.4810 | d_m=6.9208e+03
step 1040 | acc=0.7700 | NZ=  1120 | sparsity=0.4815 | d_m=6.9744e+03
step 1041 | acc=0.7690 | NZ=  1119 | sparsity=0.4819 | d_m=7.0012e+03
step 1042 | acc=0.7690 | NZ=  1118 | sparsity=0.4824 | d_m=7.0210e+03
step 1043 | acc=0.7690 | NZ=  1117 | sparsity=0.4829 | d_m=7.0627e+03
step 1044 | acc=0.7680 | NZ=  1116 | sparsity=0.4833 | d_m=7.1059e+03
step 1045 | acc=0.7660 | NZ=  1115 | sparsity=0.4838 | d_m=7.1158e+03
step 1046 | acc=0.7660 | NZ=  1114 | sparsity=0.4843 | d_m=7.1880e+03
step 1047 | acc=0.7650 | NZ=  1113 | sparsity=0.4847 | d_m=7.2390e+03
step 1048 | acc=0.7650 | NZ=  1112 | sparsity=0.4852 | d_m=7.2914e+03
step 1049 | acc=0.7650 | NZ=  1111 | sparsity=0.4856 | d_m=7.2910e+03
step 1050 | acc=0.7650 | NZ=  1110 | sparsity=0.4861 | d_m=7.3734e+03
step 1051 | acc=0.7650 | NZ=  1109 | sparsity=0.4866 | d_m=7.4541e+03
step 1052 | acc=0.7640 | NZ=  1108 | sparsity=0.4870 | d_m=7.5081e+03
step 1053 | acc=0.7650 | NZ=  1107 | sparsity=0.4875 | d_m=7.5002e+03
step 1054 | acc=0.7640 | NZ=  1106 | sparsity=0.4880 | d_m=7.5100e+03
step 1055 | acc=0.7640 | NZ=  1105 | sparsity=0.4884 | d_m=7.5598e+03
step 1056 | acc=0.7640 | NZ=  1104 | sparsity=0.4889 | d_m=7.6187e+03
step 1057 | acc=0.7650 | NZ=  1103 | sparsity=0.4894 | d_m=7.6674e+03
step 1058 | acc=0.7650 | NZ=  1102 | sparsity=0.4898 | d_m=7.6920e+03
step 1059 | acc=0.7650 | NZ=  1101 | sparsity=0.4903 | d_m=7.6878e+03
step 1060 | acc=0.7660 | NZ=  1100 | sparsity=0.4907 | d_m=7.6873e+03
step 1061 | acc=0.7650 | NZ=  1099 | sparsity=0.4912 | d_m=7.7665e+03
step 1062 | acc=0.7660 | NZ=  1098 | sparsity=0.4917 | d_m=7.8283e+03
step 1063 | acc=0.7670 | NZ=  1097 | sparsity=0.4921 | d_m=7.8210e+03
step 1064 | acc=0.7650 | NZ=  1096 | sparsity=0.4926 | d_m=7.8122e+03
step 1065 | acc=0.7650 | NZ=  1095 | sparsity=0.4931 | d_m=7.8771e+03
step 1066 | acc=0.7660 | NZ=  1094 | sparsity=0.4935 | d_m=7.8322e+03
step 1067 | acc=0.7650 | NZ=  1093 | sparsity=0.4940 | d_m=7.8967e+03
step 1068 | acc=0.7660 | NZ=  1092 | sparsity=0.4944 | d_m=7.9180e+03
step 1069 | acc=0.7660 | NZ=  1091 | sparsity=0.4949 | d_m=7.9214e+03
step 1070 | acc=0.7660 | NZ=  1090 | sparsity=0.4954 | d_m=7.9240e+03
step 1071 | acc=0.7680 | NZ=  1089 | sparsity=0.4958 | d_m=7.9668e+03
step 1072 | acc=0.7680 | NZ=  1088 | sparsity=0.4963 | d_m=7.9921e+03
step 1073 | acc=0.7680 | NZ=  1087 | sparsity=0.4968 | d_m=7.9968e+03
step 1074 | acc=0.7680 | NZ=  1086 | sparsity=0.4972 | d_m=7.9988e+03
step 1075 | acc=0.7670 | NZ=  1085 | sparsity=0.4977 | d_m=8.0021e+03
step 1076 | acc=0.7670 | NZ=  1084 | sparsity=0.4981 | d_m=7.9190e+03
step 1077 | acc=0.7660 | NZ=  1083 | sparsity=0.4986 | d_m=7.9908e+03
step 1078 | acc=0.7650 | NZ=  1082 | sparsity=0.4991 | d_m=7.9577e+03
step 1079 | acc=0.7640 | NZ=  1081 | sparsity=0.4995 | d_m=7.9696e+03
step 1080 | acc=0.7640 | NZ=  1080 | sparsity=0.5000 | d_m=8.0336e+03
step 1081 | acc=0.7650 | NZ=  1079 | sparsity=0.5005 | d_m=8.0477e+03
step 1082 | acc=0.7630 | NZ=  1078 | sparsity=0.5009 | d_m=8.1288e+03
step 1083 | acc=0.7640 | NZ=  1077 | sparsity=0.5014 | d_m=8.1737e+03
step 1084 | acc=0.7690 | NZ=  1076 | sparsity=0.5019 | d_m=8.2624e+03
step 1085 | acc=0.7660 | NZ=  1075 | sparsity=0.5023 | d_m=8.2848e+03
step 1086 | acc=0.7670 | NZ=  1074 | sparsity=0.5028 | d_m=8.2682e+03
step 1087 | acc=0.7650 | NZ=  1073 | sparsity=0.5032 | d_m=8.3641e+03
step 1088 | acc=0.7650 | NZ=  1072 | sparsity=0.5037 | d_m=8.4710e+03
step 1089 | acc=0.7650 | NZ=  1071 | sparsity=0.5042 | d_m=8.5616e+03
step 1090 | acc=0.7650 | NZ=  1070 | sparsity=0.5046 | d_m=8.6092e+03
step 1091 | acc=0.7660 | NZ=  1069 | sparsity=0.5051 | d_m=8.6184e+03
step 1092 | acc=0.7660 | NZ=  1068 | sparsity=0.5056 | d_m=8.7019e+03
step 1093 | acc=0.7650 | NZ=  1067 | sparsity=0.5060 | d_m=8.7448e+03
step 1094 | acc=0.7660 | NZ=  1066 | sparsity=0.5065 | d_m=8.8251e+03
step 1095 | acc=0.7650 | NZ=  1065 | sparsity=0.5069 | d_m=8.8682e+03
step 1096 | acc=0.7660 | NZ=  1064 | sparsity=0.5074 | d_m=8.9140e+03
step 1097 | acc=0.7660 | NZ=  1063 | sparsity=0.5079 | d_m=8.9167e+03
step 1098 | acc=0.7660 | NZ=  1062 | sparsity=0.5083 | d_m=8.9069e+03
step 1099 | acc=0.7670 | NZ=  1061 | sparsity=0.5088 | d_m=8.9335e+03
step 1100 | acc=0.7630 | NZ=  1060 | sparsity=0.5093 | d_m=8.9429e+03
step 1101 | acc=0.7650 | NZ=  1059 | sparsity=0.5097 | d_m=8.9585e+03
step 1102 | acc=0.7650 | NZ=  1058 | sparsity=0.5102 | d_m=8.9765e+03
step 1103 | acc=0.7650 | NZ=  1057 | sparsity=0.5106 | d_m=9.0246e+03
step 1104 | acc=0.7650 | NZ=  1056 | sparsity=0.5111 | d_m=9.1463e+03
step 1105 | acc=0.7650 | NZ=  1055 | sparsity=0.5116 | d_m=9.1712e+03
step 1106 | acc=0.7650 | NZ=  1054 | sparsity=0.5120 | d_m=9.2360e+03
step 1107 | acc=0.7670 | NZ=  1053 | sparsity=0.5125 | d_m=9.2472e+03
step 1108 | acc=0.7650 | NZ=  1052 | sparsity=0.5130 | d_m=9.3090e+03
step 1109 | acc=0.7670 | NZ=  1051 | sparsity=0.5134 | d_m=9.3347e+03
step 1110 | acc=0.7650 | NZ=  1050 | sparsity=0.5139 | d_m=9.4121e+03
step 1111 | acc=0.7620 | NZ=  1049 | sparsity=0.5144 | d_m=9.3917e+03
step 1112 | acc=0.7620 | NZ=  1048 | sparsity=0.5148 | d_m=9.4372e+03
step 1113 | acc=0.7630 | NZ=  1047 | sparsity=0.5153 | d_m=9.4731e+03
step 1114 | acc=0.7630 | NZ=  1046 | sparsity=0.5157 | d_m=9.5556e+03
step 1115 | acc=0.7630 | NZ=  1045 | sparsity=0.5162 | d_m=9.5209e+03
step 1116 | acc=0.7650 | NZ=  1044 | sparsity=0.5167 | d_m=9.5816e+03
step 1117 | acc=0.7630 | NZ=  1043 | sparsity=0.5171 | d_m=9.6113e+03
step 1118 | acc=0.7650 | NZ=  1042 | sparsity=0.5176 | d_m=9.5494e+03
step 1119 | acc=0.7650 | NZ=  1041 | sparsity=0.5181 | d_m=9.5822e+03
step 1120 | acc=0.7650 | NZ=  1040 | sparsity=0.5185 | d_m=9.6621e+03
step 1121 | acc=0.7640 | NZ=  1039 | sparsity=0.5190 | d_m=9.7200e+03
step 1122 | acc=0.7610 | NZ=  1038 | sparsity=0.5194 | d_m=9.7702e+03
step 1123 | acc=0.7620 | NZ=  1037 | sparsity=0.5199 | d_m=9.8401e+03
step 1124 | acc=0.7610 | NZ=  1036 | sparsity=0.5204 | d_m=9.8809e+03
step 1125 | acc=0.7600 | NZ=  1035 | sparsity=0.5208 | d_m=9.9046e+03
step 1126 | acc=0.7600 | NZ=  1034 | sparsity=0.5213 | d_m=9.9863e+03
step 1127 | acc=0.7600 | NZ=  1033 | sparsity=0.5218 | d_m=1.0093e+04
step 1128 | acc=0.7590 | NZ=  1032 | sparsity=0.5222 | d_m=1.0169e+04
step 1129 | acc=0.7610 | NZ=  1031 | sparsity=0.5227 | d_m=1.0197e+04
step 1130 | acc=0.7610 | NZ=  1030 | sparsity=0.5231 | d_m=1.0294e+04
step 1131 | acc=0.7630 | NZ=  1029 | sparsity=0.5236 | d_m=1.0321e+04
step 1132 | acc=0.7610 | NZ=  1028 | sparsity=0.5241 | d_m=1.0387e+04
step 1133 | acc=0.7620 | NZ=  1027 | sparsity=0.5245 | d_m=1.0399e+04
step 1134 | acc=0.7600 | NZ=  1026 | sparsity=0.5250 | d_m=1.0471e+04
step 1135 | acc=0.7600 | NZ=  1025 | sparsity=0.5255 | d_m=1.0561e+04
step 1136 | acc=0.7580 | NZ=  1024 | sparsity=0.5259 | d_m=1.0595e+04
step 1137 | acc=0.7590 | NZ=  1023 | sparsity=0.5264 | d_m=1.0729e+04
step 1138 | acc=0.7600 | NZ=  1022 | sparsity=0.5269 | d_m=1.0793e+04
step 1139 | acc=0.7590 | NZ=  1021 | sparsity=0.5273 | d_m=1.0907e+04
step 1140 | acc=0.7590 | NZ=  1020 | sparsity=0.5278 | d_m=1.1038e+04
step 1141 | acc=0.7610 | NZ=  1019 | sparsity=0.5282 | d_m=1.1151e+04
step 1142 | acc=0.7610 | NZ=  1018 | sparsity=0.5287 | d_m=1.1209e+04
step 1143 | acc=0.7590 | NZ=  1017 | sparsity=0.5292 | d_m=1.1314e+04
step 1144 | acc=0.7590 | NZ=  1016 | sparsity=0.5296 | d_m=1.1383e+04
step 1145 | acc=0.7600 | NZ=  1015 | sparsity=0.5301 | d_m=1.1390e+04
step 1146 | acc=0.7590 | NZ=  1014 | sparsity=0.5306 | d_m=1.1407e+04
step 1147 | acc=0.7580 | NZ=  1013 | sparsity=0.5310 | d_m=1.1492e+04
step 1148 | acc=0.7570 | NZ=  1012 | sparsity=0.5315 | d_m=1.1565e+04
step 1149 | acc=0.7520 | NZ=  1011 | sparsity=0.5319 | d_m=1.1645e+04
step 1150 | acc=0.7550 | NZ=  1010 | sparsity=0.5324 | d_m=1.1698e+04
step 1151 | acc=0.7540 | NZ=  1009 | sparsity=0.5329 | d_m=1.1703e+04
step 1152 | acc=0.7540 | NZ=  1008 | sparsity=0.5333 | d_m=1.1817e+04
step 1153 | acc=0.7550 | NZ=  1007 | sparsity=0.5338 | d_m=1.1857e+04
step 1154 | acc=0.7560 | NZ=  1006 | sparsity=0.5343 | d_m=1.1844e+04
step 1155 | acc=0.7570 | NZ=  1005 | sparsity=0.5347 | d_m=1.1873e+04
step 1156 | acc=0.7550 | NZ=  1004 | sparsity=0.5352 | d_m=1.1974e+04
step 1157 | acc=0.7540 | NZ=  1003 | sparsity=0.5356 | d_m=1.2109e+04
step 1158 | acc=0.7550 | NZ=  1002 | sparsity=0.5361 | d_m=1.2168e+04
step 1159 | acc=0.7560 | NZ=  1001 | sparsity=0.5366 | d_m=1.2194e+04
step 1160 | acc=0.7560 | NZ=  1000 | sparsity=0.5370 | d_m=1.2299e+04
step 1161 | acc=0.7550 | NZ=   999 | sparsity=0.5375 | d_m=1.2291e+04
step 1162 | acc=0.7550 | NZ=   998 | sparsity=0.5380 | d_m=1.2348e+04
step 1163 | acc=0.7530 | NZ=   997 | sparsity=0.5384 | d_m=1.2453e+04
step 1164 | acc=0.7530 | NZ=   996 | sparsity=0.5389 | d_m=1.2499e+04
step 1165 | acc=0.7520 | NZ=   995 | sparsity=0.5394 | d_m=1.2536e+04
step 1166 | acc=0.7510 | NZ=   994 | sparsity=0.5398 | d_m=1.2623e+04
step 1167 | acc=0.7510 | NZ=   993 | sparsity=0.5403 | d_m=1.2643e+04
step 1168 | acc=0.7530 | NZ=   992 | sparsity=0.5407 | d_m=1.2629e+04
step 1169 | acc=0.7520 | NZ=   991 | sparsity=0.5412 | d_m=1.2707e+04
step 1170 | acc=0.7470 | NZ=   990 | sparsity=0.5417 | d_m=1.2796e+04
step 1171 | acc=0.7480 | NZ=   989 | sparsity=0.5421 | d_m=1.2912e+04
step 1172 | acc=0.7480 | NZ=   988 | sparsity=0.5426 | d_m=1.3060e+04
step 1173 | acc=0.7460 | NZ=   987 | sparsity=0.5431 | d_m=1.3108e+04
step 1174 | acc=0.7450 | NZ=   986 | sparsity=0.5435 | d_m=1.3179e+04
step 1175 | acc=0.7460 | NZ=   985 | sparsity=0.5440 | d_m=1.3308e+04
step 1176 | acc=0.7450 | NZ=   984 | sparsity=0.5444 | d_m=1.3392e+04
step 1177 | acc=0.7440 | NZ=   983 | sparsity=0.5449 | d_m=1.3523e+04
step 1178 | acc=0.7450 | NZ=   982 | sparsity=0.5454 | d_m=1.3501e+04
step 1179 | acc=0.7450 | NZ=   981 | sparsity=0.5458 | d_m=1.3484e+04
step 1180 | acc=0.7530 | NZ=   980 | sparsity=0.5463 | d_m=1.3655e+04
step 1181 | acc=0.7510 | NZ=   979 | sparsity=0.5468 | d_m=1.3738e+04
step 1182 | acc=0.7510 | NZ=   978 | sparsity=0.5472 | d_m=1.3734e+04
step 1183 | acc=0.7510 | NZ=   977 | sparsity=0.5477 | d_m=1.3744e+04
step 1184 | acc=0.7510 | NZ=   976 | sparsity=0.5481 | d_m=1.3745e+04
step 1185 | acc=0.7510 | NZ=   975 | sparsity=0.5486 | d_m=1.3899e+04
step 1186 | acc=0.7520 | NZ=   974 | sparsity=0.5491 | d_m=1.3935e+04
step 1187 | acc=0.7530 | NZ=   973 | sparsity=0.5495 | d_m=1.4071e+04
step 1188 | acc=0.7520 | NZ=   972 | sparsity=0.5500 | d_m=1.4138e+04
step 1189 | acc=0.7510 | NZ=   971 | sparsity=0.5505 | d_m=1.4030e+04
step 1190 | acc=0.7500 | NZ=   970 | sparsity=0.5509 | d_m=1.4067e+04
step 1191 | acc=0.7460 | NZ=   969 | sparsity=0.5514 | d_m=1.4193e+04
step 1192 | acc=0.7500 | NZ=   968 | sparsity=0.5519 | d_m=1.4356e+04
step 1193 | acc=0.7500 | NZ=   967 | sparsity=0.5523 | d_m=1.4483e+04
step 1194 | acc=0.7500 | NZ=   966 | sparsity=0.5528 | d_m=1.4501e+04
step 1195 | acc=0.7490 | NZ=   965 | sparsity=0.5532 | d_m=1.4523e+04
step 1196 | acc=0.7470 | NZ=   964 | sparsity=0.5537 | d_m=1.4662e+04
step 1197 | acc=0.7480 | NZ=   963 | sparsity=0.5542 | d_m=1.4806e+04
step 1198 | acc=0.7490 | NZ=   962 | sparsity=0.5546 | d_m=1.4893e+04
step 1199 | acc=0.7480 | NZ=   961 | sparsity=0.5551 | d_m=1.4965e+04
step 1200 | acc=0.7500 | NZ=   960 | sparsity=0.5556 | d_m=1.5118e+04
step 1201 | acc=0.7520 | NZ=   959 | sparsity=0.5560 | d_m=1.5273e+04
step 1202 | acc=0.7500 | NZ=   958 | sparsity=0.5565 | d_m=1.5428e+04
step 1203 | acc=0.7500 | NZ=   957 | sparsity=0.5569 | d_m=1.5381e+04
step 1204 | acc=0.7500 | NZ=   956 | sparsity=0.5574 | d_m=1.5484e+04
step 1205 | acc=0.7500 | NZ=   955 | sparsity=0.5579 | d_m=1.5575e+04
step 1206 | acc=0.7490 | NZ=   954 | sparsity=0.5583 | d_m=1.5584e+04
step 1207 | acc=0.7470 | NZ=   953 | sparsity=0.5588 | d_m=1.5616e+04
step 1208 | acc=0.7480 | NZ=   952 | sparsity=0.5593 | d_m=1.5612e+04
step 1209 | acc=0.7480 | NZ=   951 | sparsity=0.5597 | d_m=1.5659e+04
step 1210 | acc=0.7490 | NZ=   950 | sparsity=0.5602 | d_m=1.5510e+04
step 1211 | acc=0.7470 | NZ=   949 | sparsity=0.5606 | d_m=1.5596e+04
step 1212 | acc=0.7470 | NZ=   948 | sparsity=0.5611 | d_m=1.5643e+04
step 1213 | acc=0.7480 | NZ=   947 | sparsity=0.5616 | d_m=1.5832e+04
step 1214 | acc=0.7480 | NZ=   946 | sparsity=0.5620 | d_m=1.6022e+04
step 1215 | acc=0.7490 | NZ=   945 | sparsity=0.5625 | d_m=1.6184e+04
step 1216 | acc=0.7480 | NZ=   944 | sparsity=0.5630 | d_m=1.6354e+04
step 1217 | acc=0.7480 | NZ=   943 | sparsity=0.5634 | d_m=1.6432e+04
step 1218 | acc=0.7480 | NZ=   942 | sparsity=0.5639 | d_m=1.6587e+04
step 1219 | acc=0.7490 | NZ=   941 | sparsity=0.5644 | d_m=1.6535e+04
step 1220 | acc=0.7490 | NZ=   940 | sparsity=0.5648 | d_m=1.6628e+04
step 1221 | acc=0.7490 | NZ=   939 | sparsity=0.5653 | d_m=1.6678e+04
step 1222 | acc=0.7480 | NZ=   938 | sparsity=0.5657 | d_m=1.6701e+04
step 1223 | acc=0.7490 | NZ=   937 | sparsity=0.5662 | d_m=1.6649e+04
step 1224 | acc=0.7510 | NZ=   936 | sparsity=0.5667 | d_m=1.6736e+04
step 1225 | acc=0.7510 | NZ=   935 | sparsity=0.5671 | d_m=1.6794e+04
step 1226 | acc=0.7520 | NZ=   934 | sparsity=0.5676 | d_m=1.6909e+04
step 1227 | acc=0.7510 | NZ=   933 | sparsity=0.5681 | d_m=1.7088e+04
step 1228 | acc=0.7500 | NZ=   932 | sparsity=0.5685 | d_m=1.7277e+04
step 1229 | acc=0.7490 | NZ=   931 | sparsity=0.5690 | d_m=1.7447e+04
step 1230 | acc=0.7490 | NZ=   930 | sparsity=0.5694 | d_m=1.7634e+04
step 1231 | acc=0.7500 | NZ=   929 | sparsity=0.5699 | d_m=1.7738e+04
step 1232 | acc=0.7490 | NZ=   928 | sparsity=0.5704 | d_m=1.7761e+04
step 1233 | acc=0.7480 | NZ=   927 | sparsity=0.5708 | d_m=1.7926e+04
step 1234 | acc=0.7500 | NZ=   926 | sparsity=0.5713 | d_m=1.8086e+04
step 1235 | acc=0.7540 | NZ=   925 | sparsity=0.5718 | d_m=1.8279e+04
step 1236 | acc=0.7540 | NZ=   924 | sparsity=0.5722 | d_m=1.8497e+04
step 1237 | acc=0.7520 | NZ=   923 | sparsity=0.5727 | d_m=1.8694e+04
step 1238 | acc=0.7500 | NZ=   922 | sparsity=0.5731 | d_m=1.8754e+04
step 1239 | acc=0.7510 | NZ=   921 | sparsity=0.5736 | d_m=1.8868e+04
step 1240 | acc=0.7530 | NZ=   920 | sparsity=0.5741 | d_m=1.8964e+04
step 1241 | acc=0.7550 | NZ=   919 | sparsity=0.5745 | d_m=1.9063e+04
step 1242 | acc=0.7520 | NZ=   918 | sparsity=0.5750 | d_m=1.9249e+04
step 1243 | acc=0.7520 | NZ=   917 | sparsity=0.5755 | d_m=1.9406e+04
step 1244 | acc=0.7520 | NZ=   916 | sparsity=0.5759 | d_m=1.9418e+04
step 1245 | acc=0.7530 | NZ=   915 | sparsity=0.5764 | d_m=1.9588e+04
step 1246 | acc=0.7540 | NZ=   914 | sparsity=0.5769 | d_m=1.9575e+04
step 1247 | acc=0.7540 | NZ=   913 | sparsity=0.5773 | d_m=1.9573e+04
step 1248 | acc=0.7530 | NZ=   912 | sparsity=0.5778 | d_m=1.9619e+04
step 1249 | acc=0.7530 | NZ=   911 | sparsity=0.5782 | d_m=1.9603e+04
step 1250 | acc=0.7540 | NZ=   910 | sparsity=0.5787 | d_m=1.9780e+04
step 1251 | acc=0.7540 | NZ=   909 | sparsity=0.5792 | d_m=1.9889e+04
step 1252 | acc=0.7520 | NZ=   908 | sparsity=0.5796 | d_m=1.9957e+04
step 1253 | acc=0.7560 | NZ=   907 | sparsity=0.5801 | d_m=2.0115e+04
step 1254 | acc=0.7540 | NZ=   906 | sparsity=0.5806 | d_m=2.0029e+04
step 1255 | acc=0.7540 | NZ=   905 | sparsity=0.5810 | d_m=1.9965e+04
step 1256 | acc=0.7520 | NZ=   904 | sparsity=0.5815 | d_m=2.0080e+04
step 1257 | acc=0.7540 | NZ=   903 | sparsity=0.5819 | d_m=2.0058e+04
step 1258 | acc=0.7540 | NZ=   902 | sparsity=0.5824 | d_m=2.0293e+04
step 1259 | acc=0.7570 | NZ=   901 | sparsity=0.5829 | d_m=2.0439e+04
step 1260 | acc=0.7560 | NZ=   900 | sparsity=0.5833 | d_m=2.0580e+04
step 1261 | acc=0.7560 | NZ=   899 | sparsity=0.5838 | d_m=2.0524e+04
step 1262 | acc=0.7570 | NZ=   898 | sparsity=0.5843 | d_m=2.0515e+04
step 1263 | acc=0.7580 | NZ=   897 | sparsity=0.5847 | d_m=2.0552e+04
step 1264 | acc=0.7580 | NZ=   896 | sparsity=0.5852 | d_m=2.0764e+04
step 1265 | acc=0.7600 | NZ=   895 | sparsity=0.5856 | d_m=2.0912e+04
step 1266 | acc=0.7580 | NZ=   894 | sparsity=0.5861 | d_m=2.1059e+04
step 1267 | acc=0.7580 | NZ=   893 | sparsity=0.5866 | d_m=2.1198e+04
step 1268 | acc=0.7590 | NZ=   892 | sparsity=0.5870 | d_m=2.1421e+04
step 1269 | acc=0.7580 | NZ=   891 | sparsity=0.5875 | d_m=2.1670e+04
step 1270 | acc=0.7590 | NZ=   890 | sparsity=0.5880 | d_m=2.1886e+04
step 1271 | acc=0.7580 | NZ=   889 | sparsity=0.5884 | d_m=2.2168e+04
step 1272 | acc=0.7430 | NZ=   888 | sparsity=0.5889 | d_m=2.3148e+04
step 1273 | acc=0.7440 | NZ=   887 | sparsity=0.5894 | d_m=2.3222e+04
step 1274 | acc=0.7440 | NZ=   886 | sparsity=0.5898 | d_m=2.3291e+04
step 1275 | acc=0.7440 | NZ=   885 | sparsity=0.5903 | d_m=2.3263e+04
step 1276 | acc=0.7450 | NZ=   884 | sparsity=0.5907 | d_m=2.3265e+04
step 1277 | acc=0.7450 | NZ=   883 | sparsity=0.5912 | d_m=2.3470e+04
step 1278 | acc=0.7460 | NZ=   882 | sparsity=0.5917 | d_m=2.3382e+04
step 1279 | acc=0.7460 | NZ=   881 | sparsity=0.5921 | d_m=2.3584e+04
step 1280 | acc=0.7440 | NZ=   880 | sparsity=0.5926 | d_m=2.3722e+04
step 1281 | acc=0.7470 | NZ=   879 | sparsity=0.5931 | d_m=2.3886e+04
step 1282 | acc=0.7470 | NZ=   878 | sparsity=0.5935 | d_m=2.3987e+04
step 1283 | acc=0.7470 | NZ=   877 | sparsity=0.5940 | d_m=2.4151e+04
step 1284 | acc=0.7480 | NZ=   876 | sparsity=0.5944 | d_m=2.4220e+04
step 1285 | acc=0.7490 | NZ=   875 | sparsity=0.5949 | d_m=2.4370e+04
step 1286 | acc=0.7450 | NZ=   874 | sparsity=0.5954 | d_m=2.4622e+04
step 1287 | acc=0.7470 | NZ=   873 | sparsity=0.5958 | d_m=2.4837e+04
step 1288 | acc=0.7470 | NZ=   872 | sparsity=0.5963 | d_m=2.4894e+04
step 1289 | acc=0.7480 | NZ=   871 | sparsity=0.5968 | d_m=2.5055e+04
step 1290 | acc=0.7490 | NZ=   870 | sparsity=0.5972 | d_m=2.5215e+04
step 1291 | acc=0.7490 | NZ=   869 | sparsity=0.5977 | d_m=2.5250e+04
step 1292 | acc=0.7500 | NZ=   868 | sparsity=0.5981 | d_m=2.5237e+04
step 1293 | acc=0.7480 | NZ=   867 | sparsity=0.5986 | d_m=2.5450e+04
step 1294 | acc=0.7400 | NZ=   866 | sparsity=0.5991 | d_m=2.5617e+04
step 1295 | acc=0.7420 | NZ=   865 | sparsity=0.5995 | d_m=2.5565e+04
step 1296 | acc=0.7420 | NZ=   864 | sparsity=0.6000 | d_m=2.5680e+04
step 1297 | acc=0.7450 | NZ=   863 | sparsity=0.6005 | d_m=2.5862e+04
step 1298 | acc=0.7470 | NZ=   862 | sparsity=0.6009 | d_m=2.5845e+04
step 1299 | acc=0.7460 | NZ=   861 | sparsity=0.6014 | d_m=2.5989e+04
step 1300 | acc=0.7480 | NZ=   860 | sparsity=0.6019 | d_m=2.5908e+04
step 1301 | acc=0.7490 | NZ=   859 | sparsity=0.6023 | d_m=2.5948e+04
step 1302 | acc=0.7480 | NZ=   858 | sparsity=0.6028 | d_m=2.6193e+04
step 1303 | acc=0.7470 | NZ=   857 | sparsity=0.6032 | d_m=2.6275e+04
step 1304 | acc=0.7490 | NZ=   856 | sparsity=0.6037 | d_m=2.6308e+04
step 1305 | acc=0.7490 | NZ=   855 | sparsity=0.6042 | d_m=2.6376e+04
step 1306 | acc=0.7470 | NZ=   854 | sparsity=0.6046 | d_m=2.6412e+04
step 1307 | acc=0.7500 | NZ=   853 | sparsity=0.6051 | d_m=2.6298e+04
step 1308 | acc=0.7500 | NZ=   852 | sparsity=0.6056 | d_m=2.6470e+04
step 1309 | acc=0.7480 | NZ=   851 | sparsity=0.6060 | d_m=2.6632e+04
step 1310 | acc=0.7500 | NZ=   850 | sparsity=0.6065 | d_m=2.6738e+04
step 1311 | acc=0.7340 | NZ=   849 | sparsity=0.6069 | d_m=2.7484e+04
step 1312 | acc=0.7350 | NZ=   848 | sparsity=0.6074 | d_m=2.7689e+04
step 1313 | acc=0.7370 | NZ=   847 | sparsity=0.6079 | d_m=2.7935e+04
step 1314 | acc=0.7360 | NZ=   846 | sparsity=0.6083 | d_m=2.8217e+04
step 1315 | acc=0.7370 | NZ=   845 | sparsity=0.6088 | d_m=2.8478e+04
step 1316 | acc=0.7390 | NZ=   844 | sparsity=0.6093 | d_m=2.8593e+04
step 1317 | acc=0.7410 | NZ=   843 | sparsity=0.6097 | d_m=2.8754e+04
step 1318 | acc=0.7410 | NZ=   842 | sparsity=0.6102 | d_m=2.8940e+04
step 1319 | acc=0.7410 | NZ=   841 | sparsity=0.6106 | d_m=2.9008e+04
step 1320 | acc=0.7420 | NZ=   840 | sparsity=0.6111 | d_m=2.9091e+04
step 1321 | acc=0.7400 | NZ=   839 | sparsity=0.6116 | d_m=2.8951e+04
step 1322 | acc=0.7400 | NZ=   838 | sparsity=0.6120 | d_m=2.8875e+04
step 1323 | acc=0.7400 | NZ=   837 | sparsity=0.6125 | d_m=2.9127e+04
step 1324 | acc=0.7400 | NZ=   836 | sparsity=0.6130 | d_m=2.9339e+04
step 1325 | acc=0.7410 | NZ=   835 | sparsity=0.6134 | d_m=2.9601e+04
step 1326 | acc=0.7420 | NZ=   834 | sparsity=0.6139 | d_m=2.9884e+04
step 1327 | acc=0.7420 | NZ=   833 | sparsity=0.6144 | d_m=3.0252e+04
step 1328 | acc=0.7440 | NZ=   832 | sparsity=0.6148 | d_m=3.0483e+04
step 1329 | acc=0.7430 | NZ=   831 | sparsity=0.6153 | d_m=3.0668e+04
step 1330 | acc=0.7430 | NZ=   830 | sparsity=0.6157 | d_m=3.0689e+04
step 1331 | acc=0.7430 | NZ=   829 | sparsity=0.6162 | d_m=3.0981e+04
step 1332 | acc=0.7420 | NZ=   828 | sparsity=0.6167 | d_m=3.1214e+04
step 1333 | acc=0.7440 | NZ=   827 | sparsity=0.6171 | d_m=3.1412e+04
step 1334 | acc=0.7440 | NZ=   826 | sparsity=0.6176 | d_m=3.1622e+04
step 1335 | acc=0.7410 | NZ=   825 | sparsity=0.6181 | d_m=3.1843e+04
step 1336 | acc=0.7430 | NZ=   824 | sparsity=0.6185 | d_m=3.1838e+04
step 1337 | acc=0.7430 | NZ=   823 | sparsity=0.6190 | d_m=3.1802e+04
step 1338 | acc=0.7400 | NZ=   822 | sparsity=0.6194 | d_m=3.1788e+04
step 1339 | acc=0.7430 | NZ=   821 | sparsity=0.6199 | d_m=3.1837e+04
step 1340 | acc=0.7440 | NZ=   820 | sparsity=0.6204 | d_m=3.1798e+04
step 1341 | acc=0.7440 | NZ=   819 | sparsity=0.6208 | d_m=3.1979e+04
step 1342 | acc=0.7440 | NZ=   818 | sparsity=0.6213 | d_m=3.2330e+04
step 1343 | acc=0.7460 | NZ=   817 | sparsity=0.6218 | d_m=3.2532e+04
step 1344 | acc=0.7450 | NZ=   816 | sparsity=0.6222 | d_m=3.2716e+04
step 1345 | acc=0.7450 | NZ=   815 | sparsity=0.6227 | d_m=3.3007e+04
step 1346 | acc=0.7470 | NZ=   814 | sparsity=0.6231 | d_m=3.3204e+04
step 1347 | acc=0.7470 | NZ=   813 | sparsity=0.6236 | d_m=3.3405e+04
step 1348 | acc=0.7450 | NZ=   812 | sparsity=0.6241 | d_m=3.3699e+04
step 1349 | acc=0.7460 | NZ=   811 | sparsity=0.6245 | d_m=3.3768e+04
step 1350 | acc=0.7460 | NZ=   810 | sparsity=0.6250 | d_m=3.4093e+04
step 1351 | acc=0.7410 | NZ=   809 | sparsity=0.6255 | d_m=3.4354e+04
step 1352 | acc=0.7410 | NZ=   808 | sparsity=0.6259 | d_m=3.4499e+04
step 1353 | acc=0.7390 | NZ=   807 | sparsity=0.6264 | d_m=3.4768e+04
step 1354 | acc=0.7360 | NZ=   806 | sparsity=0.6269 | d_m=3.5045e+04
step 1355 | acc=0.7350 | NZ=   805 | sparsity=0.6273 | d_m=3.4974e+04
step 1356 | acc=0.7360 | NZ=   804 | sparsity=0.6278 | d_m=3.5064e+04
step 1357 | acc=0.7340 | NZ=   803 | sparsity=0.6282 | d_m=3.5362e+04
step 1358 | acc=0.7350 | NZ=   802 | sparsity=0.6287 | d_m=3.5485e+04
step 1359 | acc=0.7360 | NZ=   801 | sparsity=0.6292 | d_m=3.5866e+04
step 1360 | acc=0.7370 | NZ=   800 | sparsity=0.6296 | d_m=3.6024e+04
step 1361 | acc=0.7410 | NZ=   799 | sparsity=0.6301 | d_m=3.6068e+04
step 1362 | acc=0.7420 | NZ=   798 | sparsity=0.6306 | d_m=3.6246e+04
step 1363 | acc=0.7430 | NZ=   797 | sparsity=0.6310 | d_m=3.6713e+04
step 1364 | acc=0.7420 | NZ=   796 | sparsity=0.6315 | d_m=3.6941e+04
step 1365 | acc=0.7430 | NZ=   795 | sparsity=0.6319 | d_m=3.7063e+04
step 1366 | acc=0.7410 | NZ=   794 | sparsity=0.6324 | d_m=3.7461e+04
step 1367 | acc=0.7420 | NZ=   793 | sparsity=0.6329 | d_m=3.7785e+04
step 1368 | acc=0.7410 | NZ=   792 | sparsity=0.6333 | d_m=3.7909e+04
step 1369 | acc=0.7410 | NZ=   791 | sparsity=0.6338 | d_m=3.7884e+04
step 1370 | acc=0.7430 | NZ=   790 | sparsity=0.6343 | d_m=3.8139e+04
step 1371 | acc=0.7440 | NZ=   789 | sparsity=0.6347 | d_m=3.8349e+04
step 1372 | acc=0.7400 | NZ=   788 | sparsity=0.6352 | d_m=3.8551e+04
step 1373 | acc=0.7410 | NZ=   787 | sparsity=0.6356 | d_m=3.8853e+04
step 1374 | acc=0.7400 | NZ=   786 | sparsity=0.6361 | d_m=3.8782e+04
step 1375 | acc=0.7410 | NZ=   785 | sparsity=0.6366 | d_m=3.9068e+04
step 1376 | acc=0.7390 | NZ=   784 | sparsity=0.6370 | d_m=3.9416e+04
step 1377 | acc=0.7400 | NZ=   783 | sparsity=0.6375 | d_m=3.9268e+04
step 1378 | acc=0.7390 | NZ=   782 | sparsity=0.6380 | d_m=3.9293e+04
step 1379 | acc=0.7390 | NZ=   781 | sparsity=0.6384 | d_m=3.9403e+04
step 1380 | acc=0.7370 | NZ=   780 | sparsity=0.6389 | d_m=3.9493e+04
step 1381 | acc=0.7400 | NZ=   779 | sparsity=0.6394 | d_m=3.9668e+04
step 1382 | acc=0.7400 | NZ=   778 | sparsity=0.6398 | d_m=3.9894e+04
step 1383 | acc=0.7400 | NZ=   777 | sparsity=0.6403 | d_m=3.9671e+04
step 1384 | acc=0.7410 | NZ=   776 | sparsity=0.6407 | d_m=3.9783e+04
step 1385 | acc=0.7400 | NZ=   775 | sparsity=0.6412 | d_m=3.9797e+04
step 1386 | acc=0.7400 | NZ=   774 | sparsity=0.6417 | d_m=4.0098e+04
step 1387 | acc=0.7410 | NZ=   773 | sparsity=0.6421 | d_m=4.0107e+04
step 1388 | acc=0.7400 | NZ=   772 | sparsity=0.6426 | d_m=4.0513e+04
step 1389 | acc=0.7400 | NZ=   771 | sparsity=0.6431 | d_m=4.0869e+04
step 1390 | acc=0.7380 | NZ=   770 | sparsity=0.6435 | d_m=4.1237e+04
step 1391 | acc=0.7410 | NZ=   769 | sparsity=0.6440 | d_m=4.1303e+04
step 1392 | acc=0.7380 | NZ=   768 | sparsity=0.6444 | d_m=4.1529e+04
step 1393 | acc=0.7440 | NZ=   767 | sparsity=0.6449 | d_m=4.1805e+04
step 1394 | acc=0.7570 | NZ=   766 | sparsity=0.6454 | d_m=4.2932e+04
step 1395 | acc=0.7550 | NZ=   765 | sparsity=0.6458 | d_m=4.2729e+04
step 1396 | acc=0.7540 | NZ=   764 | sparsity=0.6463 | d_m=4.3018e+04
step 1397 | acc=0.7530 | NZ=   763 | sparsity=0.6468 | d_m=4.3224e+04
step 1398 | acc=0.7510 | NZ=   762 | sparsity=0.6472 | d_m=4.3275e+04
step 1399 | acc=0.7510 | NZ=   761 | sparsity=0.6477 | d_m=4.3418e+04
step 1400 | acc=0.7510 | NZ=   760 | sparsity=0.6481 | d_m=4.3799e+04
step 1401 | acc=0.7500 | NZ=   759 | sparsity=0.6486 | d_m=4.4204e+04
step 1402 | acc=0.7560 | NZ=   758 | sparsity=0.6491 | d_m=4.4344e+04
step 1403 | acc=0.7590 | NZ=   757 | sparsity=0.6495 | d_m=4.4627e+04
step 1404 | acc=0.7550 | NZ=   756 | sparsity=0.6500 | d_m=4.4546e+04
step 1405 | acc=0.7560 | NZ=   755 | sparsity=0.6505 | d_m=4.4732e+04
step 1406 | acc=0.7540 | NZ=   754 | sparsity=0.6509 | d_m=4.4344e+04
step 1407 | acc=0.7560 | NZ=   753 | sparsity=0.6514 | d_m=4.4359e+04
step 1408 | acc=0.7540 | NZ=   752 | sparsity=0.6519 | d_m=4.4707e+04
step 1409 | acc=0.7530 | NZ=   751 | sparsity=0.6523 | d_m=4.4751e+04
step 1410 | acc=0.7530 | NZ=   750 | sparsity=0.6528 | d_m=4.5135e+04
step 1411 | acc=0.7530 | NZ=   749 | sparsity=0.6532 | d_m=4.5491e+04
step 1412 | acc=0.7510 | NZ=   748 | sparsity=0.6537 | d_m=4.5535e+04
step 1413 | acc=0.7500 | NZ=   747 | sparsity=0.6542 | d_m=4.5496e+04
step 1414 | acc=0.7500 | NZ=   746 | sparsity=0.6546 | d_m=4.5746e+04
step 1415 | acc=0.7510 | NZ=   745 | sparsity=0.6551 | d_m=4.5822e+04
step 1416 | acc=0.7500 | NZ=   744 | sparsity=0.6556 | d_m=4.6106e+04
step 1417 | acc=0.7440 | NZ=   743 | sparsity=0.6560 | d_m=4.6441e+04
step 1418 | acc=0.7450 | NZ=   742 | sparsity=0.6565 | d_m=4.6814e+04
step 1419 | acc=0.7450 | NZ=   741 | sparsity=0.6569 | d_m=4.6805e+04
step 1420 | acc=0.7460 | NZ=   740 | sparsity=0.6574 | d_m=4.7134e+04
step 1421 | acc=0.7450 | NZ=   739 | sparsity=0.6579 | d_m=4.7174e+04
step 1422 | acc=0.7470 | NZ=   738 | sparsity=0.6583 | d_m=4.7299e+04
step 1423 | acc=0.7470 | NZ=   737 | sparsity=0.6588 | d_m=4.7190e+04
step 1424 | acc=0.7460 | NZ=   736 | sparsity=0.6593 | d_m=4.7439e+04
step 1425 | acc=0.7460 | NZ=   735 | sparsity=0.6597 | d_m=4.7452e+04
step 1426 | acc=0.7460 | NZ=   734 | sparsity=0.6602 | d_m=4.7531e+04
step 1427 | acc=0.7470 | NZ=   733 | sparsity=0.6606 | d_m=4.7864e+04
step 1428 | acc=0.7470 | NZ=   732 | sparsity=0.6611 | d_m=4.8097e+04
step 1429 | acc=0.7460 | NZ=   731 | sparsity=0.6616 | d_m=4.8260e+04
step 1430 | acc=0.7480 | NZ=   730 | sparsity=0.6620 | d_m=4.8077e+04
step 1431 | acc=0.7470 | NZ=   729 | sparsity=0.6625 | d_m=4.8567e+04
step 1432 | acc=0.7440 | NZ=   728 | sparsity=0.6630 | d_m=4.8937e+04
step 1433 | acc=0.7460 | NZ=   727 | sparsity=0.6634 | d_m=4.9330e+04
step 1434 | acc=0.7470 | NZ=   726 | sparsity=0.6639 | d_m=4.9504e+04
step 1435 | acc=0.7470 | NZ=   725 | sparsity=0.6644 | d_m=4.9692e+04
step 1436 | acc=0.7460 | NZ=   724 | sparsity=0.6648 | d_m=5.0017e+04
step 1437 | acc=0.7470 | NZ=   723 | sparsity=0.6653 | d_m=5.0092e+04
step 1438 | acc=0.7460 | NZ=   722 | sparsity=0.6657 | d_m=5.0465e+04
step 1439 | acc=0.7490 | NZ=   721 | sparsity=0.6662 | d_m=5.0718e+04
step 1440 | acc=0.7500 | NZ=   720 | sparsity=0.6667 | d_m=5.0799e+04
step 1441 | acc=0.7490 | NZ=   719 | sparsity=0.6671 | d_m=5.0924e+04
step 1442 | acc=0.7430 | NZ=   718 | sparsity=0.6676 | d_m=5.1181e+04
step 1443 | acc=0.7450 | NZ=   717 | sparsity=0.6681 | d_m=5.1138e+04
step 1444 | acc=0.7440 | NZ=   716 | sparsity=0.6685 | d_m=5.1152e+04
step 1445 | acc=0.7430 | NZ=   715 | sparsity=0.6690 | d_m=5.1394e+04
step 1446 | acc=0.7450 | NZ=   714 | sparsity=0.6694 | d_m=5.1627e+04
step 1447 | acc=0.7440 | NZ=   713 | sparsity=0.6699 | d_m=5.2153e+04
step 1448 | acc=0.7450 | NZ=   712 | sparsity=0.6704 | d_m=5.2747e+04
step 1449 | acc=0.7450 | NZ=   711 | sparsity=0.6708 | d_m=5.3135e+04
step 1450 | acc=0.7460 | NZ=   710 | sparsity=0.6713 | d_m=5.3444e+04
step 1451 | acc=0.7500 | NZ=   709 | sparsity=0.6718 | d_m=5.3840e+04
step 1452 | acc=0.7490 | NZ=   708 | sparsity=0.6722 | d_m=5.4096e+04
step 1453 | acc=0.7440 | NZ=   707 | sparsity=0.6727 | d_m=5.4096e+04
step 1454 | acc=0.7440 | NZ=   706 | sparsity=0.6731 | d_m=5.4133e+04
step 1455 | acc=0.7460 | NZ=   705 | sparsity=0.6736 | d_m=5.4052e+04
step 1456 | acc=0.7470 | NZ=   704 | sparsity=0.6741 | d_m=5.3941e+04
step 1457 | acc=0.7450 | NZ=   703 | sparsity=0.6745 | d_m=5.4132e+04
step 1458 | acc=0.7430 | NZ=   702 | sparsity=0.6750 | d_m=5.4360e+04
step 1459 | acc=0.7450 | NZ=   701 | sparsity=0.6755 | d_m=5.4420e+04
step 1460 | acc=0.7450 | NZ=   700 | sparsity=0.6759 | d_m=5.4310e+04
step 1461 | acc=0.7470 | NZ=   699 | sparsity=0.6764 | d_m=5.4531e+04
step 1462 | acc=0.7470 | NZ=   698 | sparsity=0.6769 | d_m=5.4724e+04
step 1463 | acc=0.7470 | NZ=   697 | sparsity=0.6773 | d_m=5.4965e+04
step 1464 | acc=0.7480 | NZ=   696 | sparsity=0.6778 | d_m=5.5192e+04
step 1465 | acc=0.7490 | NZ=   695 | sparsity=0.6782 | d_m=5.5562e+04
step 1466 | acc=0.7480 | NZ=   694 | sparsity=0.6787 | d_m=5.5892e+04
step 1467 | acc=0.7470 | NZ=   693 | sparsity=0.6792 | d_m=5.6113e+04
step 1468 | acc=0.7450 | NZ=   692 | sparsity=0.6796 | d_m=5.6233e+04
step 1469 | acc=0.7480 | NZ=   691 | sparsity=0.6801 | d_m=5.6646e+04
step 1470 | acc=0.7490 | NZ=   690 | sparsity=0.6806 | d_m=5.7166e+04
step 1471 | acc=0.7480 | NZ=   689 | sparsity=0.6810 | d_m=5.7326e+04
step 1472 | acc=0.7500 | NZ=   688 | sparsity=0.6815 | d_m=5.7782e+04
step 1473 | acc=0.7470 | NZ=   687 | sparsity=0.6819 | d_m=5.7973e+04
step 1474 | acc=0.7480 | NZ=   686 | sparsity=0.6824 | d_m=5.8093e+04
step 1475 | acc=0.7500 | NZ=   685 | sparsity=0.6829 | d_m=5.7782e+04
step 1476 | acc=0.7500 | NZ=   684 | sparsity=0.6833 | d_m=5.7781e+04
step 1477 | acc=0.7480 | NZ=   683 | sparsity=0.6838 | d_m=5.7862e+04
step 1478 | acc=0.7470 | NZ=   682 | sparsity=0.6843 | d_m=5.8166e+04
step 1479 | acc=0.7490 | NZ=   681 | sparsity=0.6847 | d_m=5.8370e+04
step 1480 | acc=0.7470 | NZ=   680 | sparsity=0.6852 | d_m=5.8659e+04
step 1481 | acc=0.7420 | NZ=   679 | sparsity=0.6856 | d_m=5.9002e+04
step 1482 | acc=0.7440 | NZ=   678 | sparsity=0.6861 | d_m=5.8782e+04
step 1483 | acc=0.7440 | NZ=   677 | sparsity=0.6866 | d_m=5.8951e+04
step 1484 | acc=0.7440 | NZ=   676 | sparsity=0.6870 | d_m=5.9189e+04
step 1485 | acc=0.7460 | NZ=   675 | sparsity=0.6875 | d_m=5.9762e+04
step 1486 | acc=0.7470 | NZ=   674 | sparsity=0.6880 | d_m=6.0382e+04
step 1487 | acc=0.7500 | NZ=   673 | sparsity=0.6884 | d_m=6.1039e+04
step 1488 | acc=0.7490 | NZ=   672 | sparsity=0.6889 | d_m=6.1661e+04
step 1489 | acc=0.7480 | NZ=   671 | sparsity=0.6894 | d_m=6.1794e+04
step 1490 | acc=0.7470 | NZ=   670 | sparsity=0.6898 | d_m=6.2274e+04
step 1491 | acc=0.7450 | NZ=   669 | sparsity=0.6903 | d_m=6.2421e+04
step 1492 | acc=0.7470 | NZ=   668 | sparsity=0.6907 | d_m=6.2838e+04
step 1493 | acc=0.7450 | NZ=   667 | sparsity=0.6912 | d_m=6.3169e+04
step 1494 | acc=0.7430 | NZ=   666 | sparsity=0.6917 | d_m=6.3359e+04
step 1495 | acc=0.7450 | NZ=   665 | sparsity=0.6921 | d_m=6.3667e+04
step 1496 | acc=0.7420 | NZ=   664 | sparsity=0.6926 | d_m=6.4171e+04
step 1497 | acc=0.7400 | NZ=   663 | sparsity=0.6931 | d_m=6.4588e+04
step 1498 | acc=0.7410 | NZ=   662 | sparsity=0.6935 | d_m=6.5238e+04
step 1499 | acc=0.7390 | NZ=   661 | sparsity=0.6940 | d_m=6.5275e+04
step 1500 | acc=0.7390 | NZ=   660 | sparsity=0.6944 | d_m=6.5660e+04
step 1501 | acc=0.7380 | NZ=   659 | sparsity=0.6949 | d_m=6.5497e+04
step 1502 | acc=0.7380 | NZ=   658 | sparsity=0.6954 | d_m=6.5607e+04
step 1503 | acc=0.7380 | NZ=   657 | sparsity=0.6958 | d_m=6.5540e+04
step 1504 | acc=0.7360 | NZ=   656 | sparsity=0.6963 | d_m=6.5884e+04
step 1505 | acc=0.7340 | NZ=   655 | sparsity=0.6968 | d_m=6.6381e+04
step 1506 | acc=0.7330 | NZ=   654 | sparsity=0.6972 | d_m=6.6812e+04
step 1507 | acc=0.7340 | NZ=   653 | sparsity=0.6977 | d_m=6.6850e+04
step 1508 | acc=0.7260 | NZ=   652 | sparsity=0.6981 | d_m=6.6852e+04
step 1509 | acc=0.7340 | NZ=   651 | sparsity=0.6986 | d_m=6.7043e+04
step 1510 | acc=0.7280 | NZ=   650 | sparsity=0.6991 | d_m=6.7471e+04
step 1511 | acc=0.7280 | NZ=   649 | sparsity=0.6995 | d_m=6.7823e+04
step 1512 | acc=0.7250 | NZ=   648 | sparsity=0.7000 | d_m=6.7692e+04
step 1513 | acc=0.7240 | NZ=   647 | sparsity=0.7005 | d_m=6.7801e+04
step 1514 | acc=0.7200 | NZ=   646 | sparsity=0.7009 | d_m=6.8173e+04
step 1515 | acc=0.7200 | NZ=   645 | sparsity=0.7014 | d_m=6.8430e+04
step 1516 | acc=0.7200 | NZ=   644 | sparsity=0.7019 | d_m=6.8806e+04
step 1517 | acc=0.7150 | NZ=   643 | sparsity=0.7023 | d_m=6.8904e+04
step 1518 | acc=0.7180 | NZ=   642 | sparsity=0.7028 | d_m=6.9381e+04
step 1519 | acc=0.7210 | NZ=   641 | sparsity=0.7032 | d_m=6.9699e+04
step 1520 | acc=0.7210 | NZ=   640 | sparsity=0.7037 | d_m=6.9821e+04
step 1521 | acc=0.7190 | NZ=   639 | sparsity=0.7042 | d_m=6.9739e+04
step 1522 | acc=0.7200 | NZ=   638 | sparsity=0.7046 | d_m=6.9892e+04
step 1523 | acc=0.7190 | NZ=   637 | sparsity=0.7051 | d_m=7.0486e+04
step 1524 | acc=0.7160 | NZ=   636 | sparsity=0.7056 | d_m=7.0804e+04
step 1525 | acc=0.7170 | NZ=   635 | sparsity=0.7060 | d_m=7.0745e+04
step 1526 | acc=0.7210 | NZ=   634 | sparsity=0.7065 | d_m=7.1040e+04
step 1527 | acc=0.7220 | NZ=   633 | sparsity=0.7069 | d_m=7.0924e+04
step 1528 | acc=0.7220 | NZ=   632 | sparsity=0.7074 | d_m=7.1017e+04
step 1529 | acc=0.7220 | NZ=   631 | sparsity=0.7079 | d_m=7.1246e+04
step 1530 | acc=0.7230 | NZ=   630 | sparsity=0.7083 | d_m=7.1370e+04
step 1531 | acc=0.7230 | NZ=   629 | sparsity=0.7088 | d_m=7.2026e+04
step 1532 | acc=0.7190 | NZ=   628 | sparsity=0.7093 | d_m=7.2667e+04
step 1533 | acc=0.7180 | NZ=   627 | sparsity=0.7097 | d_m=7.2955e+04
step 1534 | acc=0.7170 | NZ=   626 | sparsity=0.7102 | d_m=7.3448e+04
step 1535 | acc=0.7210 | NZ=   625 | sparsity=0.7106 | d_m=7.3797e+04
step 1536 | acc=0.7200 | NZ=   624 | sparsity=0.7111 | d_m=7.4523e+04
step 1537 | acc=0.7200 | NZ=   623 | sparsity=0.7116 | d_m=7.4890e+04
step 1538 | acc=0.7190 | NZ=   622 | sparsity=0.7120 | d_m=7.5094e+04
step 1539 | acc=0.7180 | NZ=   621 | sparsity=0.7125 | d_m=7.5200e+04
step 1540 | acc=0.7190 | NZ=   620 | sparsity=0.7130 | d_m=7.5585e+04
step 1541 | acc=0.7240 | NZ=   619 | sparsity=0.7134 | d_m=7.5957e+04
step 1542 | acc=0.7230 | NZ=   618 | sparsity=0.7139 | d_m=7.6291e+04
step 1543 | acc=0.7220 | NZ=   617 | sparsity=0.7144 | d_m=7.6464e+04
step 1544 | acc=0.7210 | NZ=   616 | sparsity=0.7148 | d_m=7.6221e+04
step 1545 | acc=0.7220 | NZ=   615 | sparsity=0.7153 | d_m=7.6696e+04
step 1546 | acc=0.7170 | NZ=   614 | sparsity=0.7157 | d_m=7.7012e+04
step 1547 | acc=0.7240 | NZ=   613 | sparsity=0.7162 | d_m=7.6943e+04
step 1548 | acc=0.7220 | NZ=   612 | sparsity=0.7167 | d_m=7.7610e+04
step 1549 | acc=0.7230 | NZ=   611 | sparsity=0.7171 | d_m=7.7790e+04
step 1550 | acc=0.7230 | NZ=   610 | sparsity=0.7176 | d_m=7.8022e+04
step 1551 | acc=0.7200 | NZ=   609 | sparsity=0.7181 | d_m=7.8629e+04
step 1552 | acc=0.7210 | NZ=   608 | sparsity=0.7185 | d_m=7.8582e+04
step 1553 | acc=0.7200 | NZ=   607 | sparsity=0.7190 | d_m=7.8691e+04
step 1554 | acc=0.7230 | NZ=   606 | sparsity=0.7194 | d_m=7.8441e+04
step 1555 | acc=0.7220 | NZ=   605 | sparsity=0.7199 | d_m=7.8227e+04
step 1556 | acc=0.7240 | NZ=   604 | sparsity=0.7204 | d_m=7.8434e+04
step 1557 | acc=0.7220 | NZ=   603 | sparsity=0.7208 | d_m=7.9179e+04
step 1558 | acc=0.7270 | NZ=   602 | sparsity=0.7213 | d_m=7.9463e+04
step 1559 | acc=0.7280 | NZ=   601 | sparsity=0.7218 | d_m=7.9854e+04
step 1560 | acc=0.7280 | NZ=   600 | sparsity=0.7222 | d_m=7.9555e+04
step 1561 | acc=0.7290 | NZ=   599 | sparsity=0.7227 | d_m=8.0161e+04
step 1562 | acc=0.7310 | NZ=   598 | sparsity=0.7231 | d_m=8.0325e+04
step 1563 | acc=0.7270 | NZ=   597 | sparsity=0.7236 | d_m=8.0636e+04
step 1564 | acc=0.7290 | NZ=   596 | sparsity=0.7241 | d_m=8.1335e+04
step 1565 | acc=0.7320 | NZ=   595 | sparsity=0.7245 | d_m=8.1564e+04
step 1566 | acc=0.7320 | NZ=   594 | sparsity=0.7250 | d_m=8.2327e+04
step 1567 | acc=0.7260 | NZ=   593 | sparsity=0.7255 | d_m=8.2546e+04
step 1568 | acc=0.7250 | NZ=   592 | sparsity=0.7259 | d_m=8.3179e+04
step 1569 | acc=0.7220 | NZ=   591 | sparsity=0.7264 | d_m=8.3512e+04
step 1570 | acc=0.7230 | NZ=   590 | sparsity=0.7269 | d_m=8.4188e+04
step 1571 | acc=0.7240 | NZ=   589 | sparsity=0.7273 | d_m=8.4600e+04
step 1572 | acc=0.7250 | NZ=   588 | sparsity=0.7278 | d_m=8.5059e+04
step 1573 | acc=0.7250 | NZ=   587 | sparsity=0.7282 | d_m=8.5703e+04
step 1574 | acc=0.7280 | NZ=   586 | sparsity=0.7287 | d_m=8.5698e+04
step 1575 | acc=0.7270 | NZ=   585 | sparsity=0.7292 | d_m=8.6274e+04
step 1576 | acc=0.7280 | NZ=   584 | sparsity=0.7296 | d_m=8.6571e+04
step 1577 | acc=0.7270 | NZ=   583 | sparsity=0.7301 | d_m=8.7493e+04
step 1578 | acc=0.7290 | NZ=   582 | sparsity=0.7306 | d_m=8.7745e+04
step 1579 | acc=0.7290 | NZ=   581 | sparsity=0.7310 | d_m=8.8100e+04
step 1580 | acc=0.7270 | NZ=   580 | sparsity=0.7315 | d_m=8.8278e+04
step 1581 | acc=0.7270 | NZ=   579 | sparsity=0.7319 | d_m=8.8804e+04
step 1582 | acc=0.7270 | NZ=   578 | sparsity=0.7324 | d_m=8.9377e+04
step 1583 | acc=0.7270 | NZ=   577 | sparsity=0.7329 | d_m=8.9704e+04
step 1584 | acc=0.7270 | NZ=   576 | sparsity=0.7333 | d_m=9.0671e+04
step 1585 | acc=0.7260 | NZ=   575 | sparsity=0.7338 | d_m=9.1155e+04
step 1586 | acc=0.7310 | NZ=   574 | sparsity=0.7343 | d_m=9.1478e+04
step 1587 | acc=0.7280 | NZ=   573 | sparsity=0.7347 | d_m=9.1963e+04
step 1588 | acc=0.7300 | NZ=   572 | sparsity=0.7352 | d_m=9.2897e+04
step 1589 | acc=0.7320 | NZ=   571 | sparsity=0.7356 | d_m=9.3952e+04
step 1590 | acc=0.7310 | NZ=   570 | sparsity=0.7361 | d_m=9.5046e+04
step 1591 | acc=0.7310 | NZ=   569 | sparsity=0.7366 | d_m=9.5227e+04
step 1592 | acc=0.7320 | NZ=   568 | sparsity=0.7370 | d_m=9.6341e+04
step 1593 | acc=0.7290 | NZ=   567 | sparsity=0.7375 | d_m=9.7342e+04
step 1594 | acc=0.7280 | NZ=   566 | sparsity=0.7380 | d_m=9.8178e+04
step 1595 | acc=0.7270 | NZ=   565 | sparsity=0.7384 | d_m=9.8549e+04
step 1596 | acc=0.7250 | NZ=   564 | sparsity=0.7389 | d_m=9.8965e+04
step 1597 | acc=0.7240 | NZ=   563 | sparsity=0.7394 | d_m=9.9248e+04
step 1598 | acc=0.7250 | NZ=   562 | sparsity=0.7398 | d_m=9.9060e+04
step 1599 | acc=0.7170 | NZ=   561 | sparsity=0.7403 | d_m=9.8991e+04
step 1600 | acc=0.7170 | NZ=   560 | sparsity=0.7407 | d_m=9.9916e+04
step 1601 | acc=0.7200 | NZ=   559 | sparsity=0.7412 | d_m=1.0008e+05
step 1602 | acc=0.7230 | NZ=   558 | sparsity=0.7417 | d_m=1.0043e+05
step 1603 | acc=0.7230 | NZ=   557 | sparsity=0.7421 | d_m=1.0091e+05
step 1604 | acc=0.7220 | NZ=   556 | sparsity=0.7426 | d_m=1.0153e+05
step 1605 | acc=0.7190 | NZ=   555 | sparsity=0.7431 | d_m=1.0266e+05
step 1606 | acc=0.7200 | NZ=   554 | sparsity=0.7435 | d_m=1.0345e+05
step 1607 | acc=0.7200 | NZ=   553 | sparsity=0.7440 | d_m=1.0359e+05
step 1608 | acc=0.7210 | NZ=   552 | sparsity=0.7444 | d_m=1.0364e+05
step 1609 | acc=0.7190 | NZ=   551 | sparsity=0.7449 | d_m=1.0427e+05
step 1610 | acc=0.7170 | NZ=   550 | sparsity=0.7454 | d_m=1.0487e+05
step 1611 | acc=0.7190 | NZ=   549 | sparsity=0.7458 | d_m=1.0516e+05
step 1612 | acc=0.7190 | NZ=   548 | sparsity=0.7463 | d_m=1.0504e+05
step 1613 | acc=0.7150 | NZ=   547 | sparsity=0.7468 | d_m=1.0495e+05
step 1614 | acc=0.7150 | NZ=   546 | sparsity=0.7472 | d_m=1.0496e+05
step 1615 | acc=0.7110 | NZ=   545 | sparsity=0.7477 | d_m=1.0533e+05
step 1616 | acc=0.7100 | NZ=   544 | sparsity=0.7481 | d_m=1.0575e+05
step 1617 | acc=0.7090 | NZ=   543 | sparsity=0.7486 | d_m=1.0575e+05
step 1618 | acc=0.7060 | NZ=   542 | sparsity=0.7491 | d_m=1.0639e+05
step 1619 | acc=0.7060 | NZ=   541 | sparsity=0.7495 | d_m=1.0749e+05
step 1620 | acc=0.7040 | NZ=   540 | sparsity=0.7500 | d_m=1.0834e+05
step 1621 | acc=0.6840 | NZ=   539 | sparsity=0.7505 | d_m=1.1170e+05
step 1622 | acc=0.6860 | NZ=   538 | sparsity=0.7509 | d_m=1.1218e+05
step 1623 | acc=0.6830 | NZ=   537 | sparsity=0.7514 | d_m=1.1221e+05
step 1624 | acc=0.6880 | NZ=   536 | sparsity=0.7519 | d_m=1.1209e+05
step 1625 | acc=0.6850 | NZ=   535 | sparsity=0.7523 | d_m=1.1281e+05
step 1626 | acc=0.6860 | NZ=   534 | sparsity=0.7528 | d_m=1.1291e+05
step 1627 | acc=0.6850 | NZ=   533 | sparsity=0.7532 | d_m=1.1406e+05
step 1628 | acc=0.6900 | NZ=   532 | sparsity=0.7537 | d_m=1.1498e+05
step 1629 | acc=0.6910 | NZ=   531 | sparsity=0.7542 | d_m=1.1508e+05
step 1630 | acc=0.6930 | NZ=   530 | sparsity=0.7546 | d_m=1.1596e+05
step 1631 | acc=0.6930 | NZ=   529 | sparsity=0.7551 | d_m=1.1674e+05
step 1632 | acc=0.6940 | NZ=   528 | sparsity=0.7556 | d_m=1.1793e+05
step 1633 | acc=0.6920 | NZ=   527 | sparsity=0.7560 | d_m=1.1863e+05
step 1634 | acc=0.6930 | NZ=   526 | sparsity=0.7565 | d_m=1.1900e+05
step 1635 | acc=0.6960 | NZ=   525 | sparsity=0.7569 | d_m=1.1941e+05
step 1636 | acc=0.6930 | NZ=   524 | sparsity=0.7574 | d_m=1.2019e+05
step 1637 | acc=0.6930 | NZ=   523 | sparsity=0.7579 | d_m=1.2133e+05
step 1638 | acc=0.6880 | NZ=   522 | sparsity=0.7583 | d_m=1.2272e+05
step 1639 | acc=0.6900 | NZ=   521 | sparsity=0.7588 | d_m=1.2330e+05
step 1640 | acc=0.6890 | NZ=   520 | sparsity=0.7593 | d_m=1.2387e+05
step 1641 | acc=0.6910 | NZ=   519 | sparsity=0.7597 | d_m=1.2363e+05
step 1642 | acc=0.6940 | NZ=   518 | sparsity=0.7602 | d_m=1.2368e+05
step 1643 | acc=0.6920 | NZ=   517 | sparsity=0.7606 | d_m=1.2404e+05
step 1644 | acc=0.6910 | NZ=   516 | sparsity=0.7611 | d_m=1.2420e+05
step 1645 | acc=0.6930 | NZ=   515 | sparsity=0.7616 | d_m=1.2503e+05
step 1646 | acc=0.6930 | NZ=   514 | sparsity=0.7620 | d_m=1.2596e+05
step 1647 | acc=0.6940 | NZ=   513 | sparsity=0.7625 | d_m=1.2614e+05
step 1648 | acc=0.6920 | NZ=   512 | sparsity=0.7630 | d_m=1.2643e+05
step 1649 | acc=0.6890 | NZ=   511 | sparsity=0.7634 | d_m=1.2639e+05
step 1650 | acc=0.6910 | NZ=   510 | sparsity=0.7639 | d_m=1.2777e+05
step 1651 | acc=0.6930 | NZ=   509 | sparsity=0.7644 | d_m=1.2926e+05
step 1652 | acc=0.6930 | NZ=   508 | sparsity=0.7648 | d_m=1.2976e+05
step 1653 | acc=0.6930 | NZ=   507 | sparsity=0.7653 | d_m=1.3124e+05
step 1654 | acc=0.6970 | NZ=   506 | sparsity=0.7657 | d_m=1.3275e+05
step 1655 | acc=0.7030 | NZ=   505 | sparsity=0.7662 | d_m=1.3411e+05
step 1656 | acc=0.7050 | NZ=   504 | sparsity=0.7667 | d_m=1.3482e+05
step 1657 | acc=0.7030 | NZ=   503 | sparsity=0.7671 | d_m=1.3546e+05
step 1658 | acc=0.6980 | NZ=   502 | sparsity=0.7676 | d_m=1.3588e+05
step 1659 | acc=0.6970 | NZ=   501 | sparsity=0.7681 | d_m=1.3747e+05
step 1660 | acc=0.6990 | NZ=   500 | sparsity=0.7685 | d_m=1.3734e+05
step 1661 | acc=0.6910 | NZ=   499 | sparsity=0.7690 | d_m=1.3871e+05
step 1662 | acc=0.6900 | NZ=   498 | sparsity=0.7694 | d_m=1.3961e+05
step 1663 | acc=0.6910 | NZ=   497 | sparsity=0.7699 | d_m=1.4041e+05
step 1664 | acc=0.6920 | NZ=   496 | sparsity=0.7704 | d_m=1.4144e+05
step 1665 | acc=0.6940 | NZ=   495 | sparsity=0.7708 | d_m=1.4191e+05
step 1666 | acc=0.6910 | NZ=   494 | sparsity=0.7713 | d_m=1.4344e+05
step 1667 | acc=0.6920 | NZ=   493 | sparsity=0.7718 | d_m=1.4421e+05
step 1668 | acc=0.6880 | NZ=   492 | sparsity=0.7722 | d_m=1.4539e+05
step 1669 | acc=0.6890 | NZ=   491 | sparsity=0.7727 | d_m=1.4504e+05
step 1670 | acc=0.6940 | NZ=   490 | sparsity=0.7731 | d_m=1.4555e+05
step 1671 | acc=0.6950 | NZ=   489 | sparsity=0.7736 | d_m=1.4592e+05
step 1672 | acc=0.6940 | NZ=   488 | sparsity=0.7741 | d_m=1.4730e+05
step 1673 | acc=0.6940 | NZ=   487 | sparsity=0.7745 | d_m=1.4714e+05
step 1674 | acc=0.6920 | NZ=   486 | sparsity=0.7750 | d_m=1.4804e+05
step 1675 | acc=0.6980 | NZ=   485 | sparsity=0.7755 | d_m=1.4805e+05
step 1676 | acc=0.6940 | NZ=   484 | sparsity=0.7759 | d_m=1.4940e+05
step 1677 | acc=0.6940 | NZ=   483 | sparsity=0.7764 | d_m=1.4981e+05
step 1678 | acc=0.6980 | NZ=   482 | sparsity=0.7769 | d_m=1.5083e+05
step 1679 | acc=0.7010 | NZ=   481 | sparsity=0.7773 | d_m=1.5159e+05
step 1680 | acc=0.6950 | NZ=   480 | sparsity=0.7778 | d_m=1.5302e+05
step 1681 | acc=0.6950 | NZ=   479 | sparsity=0.7782 | d_m=1.5415e+05
step 1682 | acc=0.6950 | NZ=   478 | sparsity=0.7787 | d_m=1.5601e+05
step 1683 | acc=0.6960 | NZ=   477 | sparsity=0.7792 | d_m=1.5607e+05
step 1684 | acc=0.6970 | NZ=   476 | sparsity=0.7796 | d_m=1.5665e+05
step 1685 | acc=0.6980 | NZ=   475 | sparsity=0.7801 | d_m=1.5689e+05
step 1686 | acc=0.6990 | NZ=   474 | sparsity=0.7806 | d_m=1.5791e+05
step 1687 | acc=0.7000 | NZ=   473 | sparsity=0.7810 | d_m=1.5860e+05
step 1688 | acc=0.7010 | NZ=   472 | sparsity=0.7815 | d_m=1.6002e+05
step 1689 | acc=0.6480 | NZ=   471 | sparsity=0.7819 | d_m=1.6537e+05
step 1690 | acc=0.6640 | NZ=   470 | sparsity=0.7824 | d_m=1.6544e+05
step 1691 | acc=0.6580 | NZ=   469 | sparsity=0.7829 | d_m=1.6550e+05
step 1692 | acc=0.6630 | NZ=   468 | sparsity=0.7833 | d_m=1.6566e+05
step 1693 | acc=0.6640 | NZ=   467 | sparsity=0.7838 | d_m=1.6529e+05
step 1694 | acc=0.6600 | NZ=   466 | sparsity=0.7843 | d_m=1.6493e+05
step 1695 | acc=0.6620 | NZ=   465 | sparsity=0.7847 | d_m=1.6415e+05
step 1696 | acc=0.6600 | NZ=   464 | sparsity=0.7852 | d_m=1.6479e+05
step 1697 | acc=0.6650 | NZ=   463 | sparsity=0.7856 | d_m=1.6599e+05
step 1698 | acc=0.6620 | NZ=   462 | sparsity=0.7861 | d_m=1.6736e+05
step 1699 | acc=0.6610 | NZ=   461 | sparsity=0.7866 | d_m=1.6802e+05
step 1700 | acc=0.6570 | NZ=   460 | sparsity=0.7870 | d_m=1.6799e+05
step 1701 | acc=0.6600 | NZ=   459 | sparsity=0.7875 | d_m=1.6878e+05
step 1702 | acc=0.6560 | NZ=   458 | sparsity=0.7880 | d_m=1.6887e+05
step 1703 | acc=0.6600 | NZ=   457 | sparsity=0.7884 | d_m=1.6951e+05
step 1704 | acc=0.6530 | NZ=   456 | sparsity=0.7889 | d_m=1.7001e+05
step 1705 | acc=0.6540 | NZ=   455 | sparsity=0.7894 | d_m=1.7178e+05
step 1706 | acc=0.6580 | NZ=   454 | sparsity=0.7898 | d_m=1.7178e+05
step 1707 | acc=0.6580 | NZ=   453 | sparsity=0.7903 | d_m=1.7244e+05
step 1708 | acc=0.6540 | NZ=   452 | sparsity=0.7907 | d_m=1.7295e+05
step 1709 | acc=0.6550 | NZ=   451 | sparsity=0.7912 | d_m=1.7256e+05
step 1710 | acc=0.6590 | NZ=   450 | sparsity=0.7917 | d_m=1.7286e+05
step 1711 | acc=0.6570 | NZ=   449 | sparsity=0.7921 | d_m=1.7313e+05
step 1712 | acc=0.6580 | NZ=   448 | sparsity=0.7926 | d_m=1.7335e+05
step 1713 | acc=0.6510 | NZ=   447 | sparsity=0.7931 | d_m=1.7340e+05
step 1714 | acc=0.6530 | NZ=   446 | sparsity=0.7935 | d_m=1.7405e+05
step 1715 | acc=0.6570 | NZ=   445 | sparsity=0.7940 | d_m=1.7538e+05
step 1716 | acc=0.6550 | NZ=   444 | sparsity=0.7944 | d_m=1.7588e+05
step 1717 | acc=0.6550 | NZ=   443 | sparsity=0.7949 | d_m=1.7786e+05
step 1718 | acc=0.6540 | NZ=   442 | sparsity=0.7954 | d_m=1.7956e+05
step 1719 | acc=0.6550 | NZ=   441 | sparsity=0.7958 | d_m=1.8058e+05
step 1720 | acc=0.6540 | NZ=   440 | sparsity=0.7963 | d_m=1.7971e+05
step 1721 | acc=0.6560 | NZ=   439 | sparsity=0.7968 | d_m=1.8124e+05
step 1722 | acc=0.6560 | NZ=   438 | sparsity=0.7972 | d_m=1.8137e+05
step 1723 | acc=0.6560 | NZ=   437 | sparsity=0.7977 | d_m=1.8198e+05
step 1724 | acc=0.6510 | NZ=   436 | sparsity=0.7981 | d_m=1.8381e+05
step 1725 | acc=0.6520 | NZ=   435 | sparsity=0.7986 | d_m=1.8417e+05
step 1726 | acc=0.6540 | NZ=   434 | sparsity=0.7991 | d_m=1.8590e+05
step 1727 | acc=0.6590 | NZ=   433 | sparsity=0.7995 | d_m=1.8581e+05
step 1728 | acc=0.6580 | NZ=   432 | sparsity=0.8000 | d_m=1.8593e+05
step 1729 | acc=0.6580 | NZ=   431 | sparsity=0.8005 | d_m=1.8622e+05
step 1730 | acc=0.6580 | NZ=   430 | sparsity=0.8009 | d_m=1.8686e+05
step 1731 | acc=0.6600 | NZ=   429 | sparsity=0.8014 | d_m=1.8874e+05
step 1732 | acc=0.6610 | NZ=   428 | sparsity=0.8019 | d_m=1.8842e+05
step 1733 | acc=0.6620 | NZ=   427 | sparsity=0.8023 | d_m=1.8896e+05
step 1734 | acc=0.6620 | NZ=   426 | sparsity=0.8028 | d_m=1.9104e+05
step 1735 | acc=0.6620 | NZ=   425 | sparsity=0.8032 | d_m=1.9221e+05
step 1736 | acc=0.6610 | NZ=   424 | sparsity=0.8037 | d_m=1.9203e+05
step 1737 | acc=0.6590 | NZ=   423 | sparsity=0.8042 | d_m=1.9253e+05
step 1738 | acc=0.6580 | NZ=   422 | sparsity=0.8046 | d_m=1.9464e+05
step 1739 | acc=0.6570 | NZ=   421 | sparsity=0.8051 | d_m=1.9708e+05
step 1740 | acc=0.6580 | NZ=   420 | sparsity=0.8056 | d_m=1.9949e+05
step 1741 | acc=0.6620 | NZ=   419 | sparsity=0.8060 | d_m=2.0027e+05
step 1742 | acc=0.6600 | NZ=   418 | sparsity=0.8065 | d_m=2.0058e+05
step 1743 | acc=0.6590 | NZ=   417 | sparsity=0.8069 | d_m=2.0310e+05
step 1744 | acc=0.6580 | NZ=   416 | sparsity=0.8074 | d_m=2.0389e+05
step 1745 | acc=0.6570 | NZ=   415 | sparsity=0.8079 | d_m=2.0611e+05
step 1746 | acc=0.6490 | NZ=   414 | sparsity=0.8083 | d_m=2.0731e+05
step 1747 | acc=0.6500 | NZ=   413 | sparsity=0.8088 | d_m=2.0684e+05
step 1748 | acc=0.6490 | NZ=   412 | sparsity=0.8093 | d_m=2.0716e+05
step 1749 | acc=0.5990 | NZ=   411 | sparsity=0.8097 | d_m=2.1464e+05
step 1750 | acc=0.6030 | NZ=   410 | sparsity=0.8102 | d_m=2.1417e+05
step 1751 | acc=0.6040 | NZ=   409 | sparsity=0.8106 | d_m=2.1628e+05
step 1752 | acc=0.6080 | NZ=   408 | sparsity=0.8111 | d_m=2.1649e+05
step 1753 | acc=0.6040 | NZ=   407 | sparsity=0.8116 | d_m=2.1763e+05
step 1754 | acc=0.6010 | NZ=   406 | sparsity=0.8120 | d_m=2.1837e+05
step 1755 | acc=0.5720 | NZ=   405 | sparsity=0.8125 | d_m=2.2386e+05
step 1756 | acc=0.5730 | NZ=   404 | sparsity=0.8130 | d_m=2.2195e+05
step 1757 | acc=0.5740 | NZ=   403 | sparsity=0.8134 | d_m=2.2125e+05
step 1758 | acc=0.5740 | NZ=   402 | sparsity=0.8139 | d_m=2.2038e+05
step 1759 | acc=0.5760 | NZ=   401 | sparsity=0.8144 | d_m=2.2003e+05
step 1760 | acc=0.5800 | NZ=   400 | sparsity=0.8148 | d_m=2.2129e+05
step 1761 | acc=0.5820 | NZ=   399 | sparsity=0.8153 | d_m=2.2098e+05
step 1762 | acc=0.5810 | NZ=   398 | sparsity=0.8157 | d_m=2.2132e+05
step 1763 | acc=0.5850 | NZ=   397 | sparsity=0.8162 | d_m=2.2232e+05
step 1764 | acc=0.5830 | NZ=   396 | sparsity=0.8167 | d_m=2.2468e+05
step 1765 | acc=0.5850 | NZ=   395 | sparsity=0.8171 | d_m=2.2682e+05
step 1766 | acc=0.5850 | NZ=   394 | sparsity=0.8176 | d_m=2.2648e+05
step 1767 | acc=0.5800 | NZ=   393 | sparsity=0.8181 | d_m=2.2769e+05
step 1768 | acc=0.5830 | NZ=   392 | sparsity=0.8185 | d_m=2.2998e+05
step 1769 | acc=0.5790 | NZ=   391 | sparsity=0.8190 | d_m=2.3044e+05
step 1770 | acc=0.5780 | NZ=   390 | sparsity=0.8194 | d_m=2.3248e+05
step 1771 | acc=0.5730 | NZ=   389 | sparsity=0.8199 | d_m=2.3355e+05
step 1772 | acc=0.5760 | NZ=   388 | sparsity=0.8204 | d_m=2.3263e+05
step 1773 | acc=0.5770 | NZ=   387 | sparsity=0.8208 | d_m=2.3267e+05
step 1774 | acc=0.5760 | NZ=   386 | sparsity=0.8213 | d_m=2.3379e+05
step 1775 | acc=0.5770 | NZ=   385 | sparsity=0.8218 | d_m=2.3490e+05
step 1776 | acc=0.5750 | NZ=   384 | sparsity=0.8222 | d_m=2.3742e+05
step 1777 | acc=0.5750 | NZ=   383 | sparsity=0.8227 | d_m=2.3883e+05
step 1778 | acc=0.5800 | NZ=   382 | sparsity=0.8231 | d_m=2.4082e+05
step 1779 | acc=0.5730 | NZ=   381 | sparsity=0.8236 | d_m=2.4279e+05
step 1780 | acc=0.5690 | NZ=   380 | sparsity=0.8241 | d_m=2.4351e+05
step 1781 | acc=0.5700 | NZ=   379 | sparsity=0.8245 | d_m=2.4578e+05
step 1782 | acc=0.5720 | NZ=   378 | sparsity=0.8250 | d_m=2.4581e+05
step 1783 | acc=0.5710 | NZ=   377 | sparsity=0.8255 | d_m=2.4808e+05
step 1784 | acc=0.5730 | NZ=   376 | sparsity=0.8259 | d_m=2.5079e+05
step 1785 | acc=0.5710 | NZ=   375 | sparsity=0.8264 | d_m=2.5300e+05
step 1786 | acc=0.5700 | NZ=   374 | sparsity=0.8269 | d_m=2.5566e+05
step 1787 | acc=0.5700 | NZ=   373 | sparsity=0.8273 | d_m=2.5855e+05
step 1788 | acc=0.5700 | NZ=   372 | sparsity=0.8278 | d_m=2.5905e+05
step 1789 | acc=0.5700 | NZ=   371 | sparsity=0.8282 | d_m=2.6171e+05
step 1790 | acc=0.5710 | NZ=   370 | sparsity=0.8287 | d_m=2.6227e+05
step 1791 | acc=0.5670 | NZ=   369 | sparsity=0.8292 | d_m=2.6465e+05
step 1792 | acc=0.5700 | NZ=   368 | sparsity=0.8296 | d_m=2.6588e+05
step 1793 | acc=0.5740 | NZ=   367 | sparsity=0.8301 | d_m=2.6524e+05
step 1794 | acc=0.5670 | NZ=   366 | sparsity=0.8306 | d_m=2.6682e+05
step 1795 | acc=0.5730 | NZ=   365 | sparsity=0.8310 | d_m=2.6688e+05
step 1796 | acc=0.5680 | NZ=   364 | sparsity=0.8315 | d_m=2.6829e+05
step 1797 | acc=0.5750 | NZ=   363 | sparsity=0.8319 | d_m=2.7041e+05
step 1798 | acc=0.5750 | NZ=   362 | sparsity=0.8324 | d_m=2.7083e+05
step 1799 | acc=0.5730 | NZ=   361 | sparsity=0.8329 | d_m=2.7209e+05
step 1800 | acc=0.5680 | NZ=   360 | sparsity=0.8333 | d_m=2.7282e+05
step 1801 | acc=0.5670 | NZ=   359 | sparsity=0.8338 | d_m=2.7287e+05
step 1802 | acc=0.5690 | NZ=   358 | sparsity=0.8343 | d_m=2.7260e+05
step 1803 | acc=0.5720 | NZ=   357 | sparsity=0.8347 | d_m=2.7585e+05
step 1804 | acc=0.5810 | NZ=   356 | sparsity=0.8352 | d_m=2.7670e+05
step 1805 | acc=0.5810 | NZ=   355 | sparsity=0.8356 | d_m=2.7986e+05
step 1806 | acc=0.5870 | NZ=   354 | sparsity=0.8361 | d_m=2.8298e+05
step 1807 | acc=0.5820 | NZ=   353 | sparsity=0.8366 | d_m=2.8574e+05
step 1808 | acc=0.5860 | NZ=   352 | sparsity=0.8370 | d_m=2.8912e+05
step 1809 | acc=0.5820 | NZ=   351 | sparsity=0.8375 | d_m=2.9075e+05
step 1810 | acc=0.5870 | NZ=   350 | sparsity=0.8380 | d_m=2.9263e+05
step 1811 | acc=0.5850 | NZ=   349 | sparsity=0.8384 | d_m=2.9529e+05
step 1812 | acc=0.5860 | NZ=   348 | sparsity=0.8389 | d_m=2.9678e+05
step 1813 | acc=0.5860 | NZ=   347 | sparsity=0.8394 | d_m=2.9691e+05
step 1814 | acc=0.5840 | NZ=   346 | sparsity=0.8398 | d_m=2.9702e+05
step 1815 | acc=0.5850 | NZ=   345 | sparsity=0.8403 | d_m=2.9777e+05
step 1816 | acc=0.5860 | NZ=   344 | sparsity=0.8407 | d_m=2.9972e+05
step 1817 | acc=0.5880 | NZ=   343 | sparsity=0.8412 | d_m=3.0191e+05
step 1818 | acc=0.5850 | NZ=   342 | sparsity=0.8417 | d_m=3.0339e+05
step 1819 | acc=0.5880 | NZ=   341 | sparsity=0.8421 | d_m=3.0251e+05
step 1820 | acc=0.5840 | NZ=   340 | sparsity=0.8426 | d_m=3.0449e+05
step 1821 | acc=0.5830 | NZ=   339 | sparsity=0.8431 | d_m=3.0465e+05
step 1822 | acc=0.5810 | NZ=   338 | sparsity=0.8435 | d_m=3.0598e+05
step 1823 | acc=0.5780 | NZ=   337 | sparsity=0.8440 | d_m=3.0724e+05
step 1824 | acc=0.5770 | NZ=   336 | sparsity=0.8444 | d_m=3.0787e+05
step 1825 | acc=0.5770 | NZ=   335 | sparsity=0.8449 | d_m=3.0985e+05
step 1826 | acc=0.5770 | NZ=   334 | sparsity=0.8454 | d_m=3.1347e+05
step 1827 | acc=0.5790 | NZ=   333 | sparsity=0.8458 | d_m=3.1709e+05
step 1828 | acc=0.5800 | NZ=   332 | sparsity=0.8463 | d_m=3.2077e+05
step 1829 | acc=0.5800 | NZ=   331 | sparsity=0.8468 | d_m=3.2173e+05
step 1830 | acc=0.5800 | NZ=   330 | sparsity=0.8472 | d_m=3.2359e+05
step 1831 | acc=0.5780 | NZ=   329 | sparsity=0.8477 | d_m=3.2436e+05
step 1832 | acc=0.5760 | NZ=   328 | sparsity=0.8481 | d_m=3.2659e+05
step 1833 | acc=0.5800 | NZ=   327 | sparsity=0.8486 | d_m=3.2723e+05
step 1834 | acc=0.5770 | NZ=   326 | sparsity=0.8491 | d_m=3.2801e+05
step 1835 | acc=0.5770 | NZ=   325 | sparsity=0.8495 | d_m=3.2782e+05
step 1836 | acc=0.5720 | NZ=   324 | sparsity=0.8500 | d_m=3.3174e+05
step 1837 | acc=0.5770 | NZ=   323 | sparsity=0.8505 | d_m=3.3248e+05
step 1838 | acc=0.5670 | NZ=   322 | sparsity=0.8509 | d_m=3.3625e+05
step 1839 | acc=0.5680 | NZ=   321 | sparsity=0.8514 | d_m=3.3719e+05
step 1840 | acc=0.5690 | NZ=   320 | sparsity=0.8519 | d_m=3.3756e+05
step 1841 | acc=0.5690 | NZ=   319 | sparsity=0.8523 | d_m=3.3884e+05
step 1842 | acc=0.5710 | NZ=   318 | sparsity=0.8528 | d_m=3.4255e+05
step 1843 | acc=0.5670 | NZ=   317 | sparsity=0.8532 | d_m=3.4659e+05
step 1844 | acc=0.5640 | NZ=   316 | sparsity=0.8537 | d_m=3.5050e+05
step 1845 | acc=0.5680 | NZ=   315 | sparsity=0.8542 | d_m=3.5319e+05
step 1846 | acc=0.5610 | NZ=   314 | sparsity=0.8546 | d_m=3.5715e+05
step 1847 | acc=0.5610 | NZ=   313 | sparsity=0.8551 | d_m=3.6164e+05
step 1848 | acc=0.5620 | NZ=   312 | sparsity=0.8556 | d_m=3.6631e+05
step 1849 | acc=0.5590 | NZ=   311 | sparsity=0.8560 | d_m=3.6900e+05
step 1850 | acc=0.5610 | NZ=   310 | sparsity=0.8565 | d_m=3.6938e+05
step 1851 | acc=0.5600 | NZ=   309 | sparsity=0.8569 | d_m=3.6943e+05
step 1852 | acc=0.5630 | NZ=   308 | sparsity=0.8574 | d_m=3.7001e+05
step 1853 | acc=0.5560 | NZ=   307 | sparsity=0.8579 | d_m=3.6986e+05
step 1854 | acc=0.5590 | NZ=   306 | sparsity=0.8583 | d_m=3.7191e+05
step 1855 | acc=0.5610 | NZ=   305 | sparsity=0.8588 | d_m=3.7381e+05
step 1856 | acc=0.5610 | NZ=   304 | sparsity=0.8593 | d_m=3.7693e+05
step 1857 | acc=0.5580 | NZ=   303 | sparsity=0.8597 | d_m=3.7839e+05
step 1858 | acc=0.5670 | NZ=   302 | sparsity=0.8602 | d_m=3.8006e+05
step 1859 | acc=0.5610 | NZ=   301 | sparsity=0.8606 | d_m=3.8425e+05
step 1860 | acc=0.5560 | NZ=   300 | sparsity=0.8611 | d_m=3.8764e+05
step 1861 | acc=0.5600 | NZ=   299 | sparsity=0.8616 | d_m=3.9169e+05
step 1862 | acc=0.5610 | NZ=   298 | sparsity=0.8620 | d_m=3.9141e+05
step 1863 | acc=0.5560 | NZ=   297 | sparsity=0.8625 | d_m=3.9448e+05
step 1864 | acc=0.5520 | NZ=   296 | sparsity=0.8630 | d_m=3.9393e+05
step 1865 | acc=0.5460 | NZ=   295 | sparsity=0.8634 | d_m=3.9656e+05
step 1866 | acc=0.5440 | NZ=   294 | sparsity=0.8639 | d_m=3.9738e+05
step 1867 | acc=0.5450 | NZ=   293 | sparsity=0.8644 | d_m=3.9652e+05
step 1868 | acc=0.5390 | NZ=   292 | sparsity=0.8648 | d_m=3.9942e+05
step 1869 | acc=0.5320 | NZ=   291 | sparsity=0.8653 | d_m=3.9899e+05
step 1870 | acc=0.5350 | NZ=   290 | sparsity=0.8657 | d_m=4.0360e+05
step 1871 | acc=0.5360 | NZ=   289 | sparsity=0.8662 | d_m=4.0527e+05
step 1872 | acc=0.5400 | NZ=   288 | sparsity=0.8667 | d_m=4.0787e+05
step 1873 | acc=0.5440 | NZ=   287 | sparsity=0.8671 | d_m=4.0892e+05
step 1874 | acc=0.5470 | NZ=   286 | sparsity=0.8676 | d_m=4.1223e+05
step 1875 | acc=0.5460 | NZ=   285 | sparsity=0.8681 | d_m=4.1314e+05
step 1876 | acc=0.5460 | NZ=   284 | sparsity=0.8685 | d_m=4.1403e+05
step 1877 | acc=0.5410 | NZ=   283 | sparsity=0.8690 | d_m=4.1831e+05
step 1878 | acc=0.5420 | NZ=   282 | sparsity=0.8694 | d_m=4.1995e+05
step 1879 | acc=0.5360 | NZ=   281 | sparsity=0.8699 | d_m=4.2127e+05
step 1880 | acc=0.5240 | NZ=   280 | sparsity=0.8704 | d_m=4.2130e+05
step 1881 | acc=0.5270 | NZ=   279 | sparsity=0.8708 | d_m=4.2105e+05
step 1882 | acc=0.5220 | NZ=   278 | sparsity=0.8713 | d_m=4.2404e+05
step 1883 | acc=0.5300 | NZ=   277 | sparsity=0.8718 | d_m=4.2472e+05
step 1884 | acc=0.5340 | NZ=   276 | sparsity=0.8722 | d_m=4.2968e+05
step 1885 | acc=0.5320 | NZ=   275 | sparsity=0.8727 | d_m=4.3343e+05
step 1886 | acc=0.5310 | NZ=   274 | sparsity=0.8731 | d_m=4.3885e+05
step 1887 | acc=0.5280 | NZ=   273 | sparsity=0.8736 | d_m=4.3957e+05
step 1888 | acc=0.5210 | NZ=   272 | sparsity=0.8741 | d_m=4.4497e+05
step 1889 | acc=0.5380 | NZ=   271 | sparsity=0.8745 | d_m=4.5743e+05
step 1890 | acc=0.5260 | NZ=   270 | sparsity=0.8750 | d_m=4.6002e+05
step 1891 | acc=0.5300 | NZ=   269 | sparsity=0.8755 | d_m=4.6042e+05
step 1892 | acc=0.5330 | NZ=   268 | sparsity=0.8759 | d_m=4.6086e+05
step 1893 | acc=0.5300 | NZ=   267 | sparsity=0.8764 | d_m=4.6483e+05
step 1894 | acc=0.5320 | NZ=   266 | sparsity=0.8769 | d_m=4.6641e+05
step 1895 | acc=0.5270 | NZ=   265 | sparsity=0.8773 | d_m=4.6722e+05
step 1896 | acc=0.5200 | NZ=   264 | sparsity=0.8778 | d_m=4.7278e+05
step 1897 | acc=0.5130 | NZ=   263 | sparsity=0.8782 | d_m=4.7489e+05
step 1898 | acc=0.5080 | NZ=   262 | sparsity=0.8787 | d_m=4.7487e+05
step 1899 | acc=0.5110 | NZ=   261 | sparsity=0.8792 | d_m=4.7591e+05
step 1900 | acc=0.5130 | NZ=   260 | sparsity=0.8796 | d_m=4.7636e+05
step 1901 | acc=0.5100 | NZ=   259 | sparsity=0.8801 | d_m=4.7672e+05
step 1902 | acc=0.5140 | NZ=   258 | sparsity=0.8806 | d_m=4.8198e+05
step 1903 | acc=0.5100 | NZ=   257 | sparsity=0.8810 | d_m=4.8218e+05
step 1904 | acc=0.5060 | NZ=   256 | sparsity=0.8815 | d_m=4.8190e+05
step 1905 | acc=0.5110 | NZ=   255 | sparsity=0.8819 | d_m=4.8645e+05
step 1906 | acc=0.5040 | NZ=   254 | sparsity=0.8824 | d_m=4.9227e+05
step 1907 | acc=0.5030 | NZ=   253 | sparsity=0.8829 | d_m=4.9265e+05
step 1908 | acc=0.5020 | NZ=   252 | sparsity=0.8833 | d_m=4.9870e+05
step 1909 | acc=0.5040 | NZ=   251 | sparsity=0.8838 | d_m=5.0297e+05
step 1910 | acc=0.5030 | NZ=   250 | sparsity=0.8843 | d_m=5.0427e+05
step 1911 | acc=0.4960 | NZ=   249 | sparsity=0.8847 | d_m=5.0614e+05
step 1912 | acc=0.4900 | NZ=   248 | sparsity=0.8852 | d_m=5.1244e+05
step 1913 | acc=0.4830 | NZ=   247 | sparsity=0.8856 | d_m=5.1621e+05
step 1914 | acc=0.4900 | NZ=   246 | sparsity=0.8861 | d_m=5.1682e+05
step 1915 | acc=0.4870 | NZ=   245 | sparsity=0.8866 | d_m=5.1457e+05
step 1916 | acc=0.4820 | NZ=   244 | sparsity=0.8870 | d_m=5.1585e+05
step 1917 | acc=0.4880 | NZ=   243 | sparsity=0.8875 | d_m=5.2233e+05
step 1918 | acc=0.4900 | NZ=   242 | sparsity=0.8880 | d_m=5.2395e+05
step 1919 | acc=0.4940 | NZ=   241 | sparsity=0.8884 | d_m=5.2549e+05
step 1920 | acc=0.4180 | NZ=   240 | sparsity=0.8889 | d_m=5.3535e+05
step 1921 | acc=0.4230 | NZ=   239 | sparsity=0.8894 | d_m=5.3405e+05
step 1922 | acc=0.4310 | NZ=   238 | sparsity=0.8898 | d_m=5.3329e+05
step 1923 | acc=0.4330 | NZ=   237 | sparsity=0.8903 | d_m=5.3275e+05
step 1924 | acc=0.4350 | NZ=   236 | sparsity=0.8907 | d_m=5.3233e+05
step 1925 | acc=0.4330 | NZ=   235 | sparsity=0.8912 | d_m=5.3189e+05
step 1926 | acc=0.4310 | NZ=   234 | sparsity=0.8917 | d_m=5.3212e+05
step 1927 | acc=0.4230 | NZ=   233 | sparsity=0.8921 | d_m=5.3641e+05
step 1928 | acc=0.4240 | NZ=   232 | sparsity=0.8926 | d_m=5.4255e+05
step 1929 | acc=0.4320 | NZ=   231 | sparsity=0.8931 | d_m=5.4211e+05
step 1930 | acc=0.4300 | NZ=   230 | sparsity=0.8935 | d_m=5.4737e+05
step 1931 | acc=0.4280 | NZ=   229 | sparsity=0.8940 | d_m=5.4768e+05
step 1932 | acc=0.4220 | NZ=   228 | sparsity=0.8944 | d_m=5.5433e+05
step 1933 | acc=0.4170 | NZ=   227 | sparsity=0.8949 | d_m=5.5778e+05
step 1934 | acc=0.4070 | NZ=   226 | sparsity=0.8954 | d_m=5.6414e+05
step 1935 | acc=0.4050 | NZ=   225 | sparsity=0.8958 | d_m=5.6625e+05
step 1936 | acc=0.4080 | NZ=   224 | sparsity=0.8963 | d_m=5.6664e+05
step 1937 | acc=0.4110 | NZ=   223 | sparsity=0.8968 | d_m=5.6828e+05
step 1938 | acc=0.4020 | NZ=   222 | sparsity=0.8972 | d_m=5.7048e+05
step 1939 | acc=0.4030 | NZ=   221 | sparsity=0.8977 | d_m=5.7415e+05
step 1940 | acc=0.3920 | NZ=   220 | sparsity=0.8981 | d_m=5.7948e+05
step 1941 | acc=0.3970 | NZ=   219 | sparsity=0.8986 | d_m=5.8333e+05
step 1942 | acc=0.4020 | NZ=   218 | sparsity=0.8991 | d_m=5.8550e+05
step 1943 | acc=0.4030 | NZ=   217 | sparsity=0.8995 | d_m=5.8663e+05
step 1944 | acc=0.4150 | NZ=   216 | sparsity=0.9000 | d_m=5.8754e+05
step 1945 | acc=0.4170 | NZ=   215 | sparsity=0.9005 | d_m=5.8803e+05
step 1946 | acc=0.4170 | NZ=   214 | sparsity=0.9009 | d_m=5.9146e+05
step 1947 | acc=0.4120 | NZ=   213 | sparsity=0.9014 | d_m=5.9182e+05
step 1948 | acc=0.3980 | NZ=   212 | sparsity=0.9019 | d_m=5.9325e+05
step 1949 | acc=0.4160 | NZ=   211 | sparsity=0.9023 | d_m=5.9351e+05
step 1950 | acc=0.4040 | NZ=   210 | sparsity=0.9028 | d_m=5.9320e+05
step 1951 | acc=0.4070 | NZ=   209 | sparsity=0.9032 | d_m=6.0013e+05
step 1952 | acc=0.4150 | NZ=   208 | sparsity=0.9037 | d_m=6.0287e+05
step 1953 | acc=0.4130 | NZ=   207 | sparsity=0.9042 | d_m=6.0952e+05
step 1954 | acc=0.4100 | NZ=   206 | sparsity=0.9046 | d_m=6.1380e+05
step 1955 | acc=0.4060 | NZ=   205 | sparsity=0.9051 | d_m=6.1499e+05
step 1956 | acc=0.4020 | NZ=   204 | sparsity=0.9056 | d_m=6.1771e+05
step 1957 | acc=0.3990 | NZ=   203 | sparsity=0.9060 | d_m=6.1987e+05
step 1958 | acc=0.3900 | NZ=   202 | sparsity=0.9065 | d_m=6.2740e+05
step 1959 | acc=0.3950 | NZ=   201 | sparsity=0.9069 | d_m=6.3538e+05
step 1960 | acc=0.3910 | NZ=   200 | sparsity=0.9074 | d_m=6.4347e+05
step 1961 | acc=0.3880 | NZ=   199 | sparsity=0.9079 | d_m=6.5186e+05
step 1962 | acc=0.3910 | NZ=   198 | sparsity=0.9083 | d_m=6.5162e+05
step 1963 | acc=0.3910 | NZ=   197 | sparsity=0.9088 | d_m=6.5137e+05
step 1964 | acc=0.3850 | NZ=   196 | sparsity=0.9093 | d_m=6.5203e+05
step 1965 | acc=0.3760 | NZ=   195 | sparsity=0.9097 | d_m=6.5751e+05
step 1966 | acc=0.3790 | NZ=   194 | sparsity=0.9102 | d_m=6.5661e+05
step 1967 | acc=0.3820 | NZ=   193 | sparsity=0.9106 | d_m=6.5682e+05
step 1968 | acc=0.3730 | NZ=   192 | sparsity=0.9111 | d_m=6.6464e+05
step 1969 | acc=0.3700 | NZ=   191 | sparsity=0.9116 | d_m=6.7370e+05
step 1970 | acc=0.3700 | NZ=   190 | sparsity=0.9120 | d_m=6.7434e+05
step 1971 | acc=0.3700 | NZ=   189 | sparsity=0.9125 | d_m=6.7767e+05
step 1972 | acc=0.3700 | NZ=   188 | sparsity=0.9130 | d_m=6.8237e+05
step 1973 | acc=0.3660 | NZ=   187 | sparsity=0.9134 | d_m=6.8322e+05
step 1974 | acc=0.3680 | NZ=   186 | sparsity=0.9139 | d_m=6.8753e+05
step 1975 | acc=0.3720 | NZ=   185 | sparsity=0.9144 | d_m=6.9254e+05
step 1976 | acc=0.3600 | NZ=   184 | sparsity=0.9148 | d_m=6.9594e+05
step 1977 | acc=0.3640 | NZ=   183 | sparsity=0.9153 | d_m=7.0177e+05
step 1978 | acc=0.3570 | NZ=   182 | sparsity=0.9157 | d_m=7.1068e+05
step 1979 | acc=0.3500 | NZ=   181 | sparsity=0.9162 | d_m=7.1222e+05
step 1980 | acc=0.3390 | NZ=   180 | sparsity=0.9167 | d_m=7.1396e+05
step 1981 | acc=0.3310 | NZ=   179 | sparsity=0.9171 | d_m=7.1901e+05
step 1982 | acc=0.3250 | NZ=   178 | sparsity=0.9176 | d_m=7.2231e+05
step 1983 | acc=0.3260 | NZ=   177 | sparsity=0.9181 | d_m=7.3225e+05
step 1984 | acc=0.3330 | NZ=   176 | sparsity=0.9185 | d_m=7.3278e+05
step 1985 | acc=0.3440 | NZ=   175 | sparsity=0.9190 | d_m=7.3784e+05
step 1986 | acc=0.3330 | NZ=   174 | sparsity=0.9194 | d_m=7.4737e+05
step 1987 | acc=0.3240 | NZ=   173 | sparsity=0.9199 | d_m=7.4638e+05
step 1988 | acc=0.3320 | NZ=   172 | sparsity=0.9204 | d_m=7.5395e+05
step 1989 | acc=0.3280 | NZ=   171 | sparsity=0.9208 | d_m=7.6094e+05
step 1990 | acc=0.3230 | NZ=   170 | sparsity=0.9213 | d_m=7.6180e+05
step 1991 | acc=0.3230 | NZ=   169 | sparsity=0.9218 | d_m=7.6711e+05
step 1992 | acc=0.3260 | NZ=   168 | sparsity=0.9222 | d_m=7.6687e+05
step 1993 | acc=0.3130 | NZ=   167 | sparsity=0.9227 | d_m=7.7659e+05
step 1994 | acc=0.3220 | NZ=   166 | sparsity=0.9231 | d_m=7.8676e+05
step 1995 | acc=0.3280 | NZ=   165 | sparsity=0.9236 | d_m=7.8764e+05
step 1996 | acc=0.3270 | NZ=   164 | sparsity=0.9241 | d_m=7.8855e+05
step 1997 | acc=0.3240 | NZ=   163 | sparsity=0.9245 | d_m=7.9020e+05
step 1998 | acc=0.3260 | NZ=   162 | sparsity=0.9250 | d_m=7.8990e+05
step 1999 | acc=0.3170 | NZ=   161 | sparsity=0.9255 | d_m=7.9529e+05
step 2000 | acc=0.3010 | NZ=   160 | sparsity=0.9259 | d_m=8.0586e+05
step 2001 | acc=0.3050 | NZ=   159 | sparsity=0.9264 | d_m=8.1703e+05
step 2002 | acc=0.2970 | NZ=   158 | sparsity=0.9269 | d_m=8.2772e+05
step 2003 | acc=0.2990 | NZ=   157 | sparsity=0.9273 | d_m=8.3194e+05
step 2004 | acc=0.2970 | NZ=   156 | sparsity=0.9278 | d_m=8.3310e+05
step 2005 | acc=0.2940 | NZ=   155 | sparsity=0.9282 | d_m=8.3624e+05
step 2006 | acc=0.2990 | NZ=   154 | sparsity=0.9287 | d_m=8.4042e+05
step 2007 | acc=0.2860 | NZ=   153 | sparsity=0.9292 | d_m=8.5190e+05
step 2008 | acc=0.2800 | NZ=   152 | sparsity=0.9296 | d_m=8.6358e+05
step 2009 | acc=0.2530 | NZ=   151 | sparsity=0.9301 | d_m=8.7546e+05
step 2010 | acc=0.2380 | NZ=   150 | sparsity=0.9306 | d_m=8.8757e+05
step 2011 | acc=0.2520 | NZ=   149 | sparsity=0.9310 | d_m=8.9157e+05
step 2012 | acc=0.2450 | NZ=   148 | sparsity=0.9315 | d_m=9.0211e+05
step 2013 | acc=0.2520 | NZ=   147 | sparsity=0.9319 | d_m=9.1127e+05
step 2014 | acc=0.2380 | NZ=   146 | sparsity=0.9324 | d_m=9.1458e+05
step 2015 | acc=0.2340 | NZ=   145 | sparsity=0.9329 | d_m=9.2642e+05
step 2016 | acc=0.2300 | NZ=   144 | sparsity=0.9333 | d_m=9.3240e+05
step 2017 | acc=0.2250 | NZ=   143 | sparsity=0.9338 | d_m=9.3684e+05
step 2018 | acc=0.2260 | NZ=   142 | sparsity=0.9343 | d_m=9.3794e+05
step 2019 | acc=0.2250 | NZ=   141 | sparsity=0.9347 | d_m=9.3743e+05
step 2020 | acc=0.2340 | NZ=   140 | sparsity=0.9352 | d_m=9.3875e+05
step 2021 | acc=0.2420 | NZ=   139 | sparsity=0.9356 | d_m=9.4200e+05
step 2022 | acc=0.2410 | NZ=   138 | sparsity=0.9361 | d_m=9.4609e+05
step 2023 | acc=0.2380 | NZ=   137 | sparsity=0.9366 | d_m=9.5740e+05
step 2024 | acc=0.2360 | NZ=   136 | sparsity=0.9370 | d_m=9.6467e+05
step 2025 | acc=0.2370 | NZ=   135 | sparsity=0.9375 | d_m=9.6710e+05
step 2026 | acc=0.2180 | NZ=   134 | sparsity=0.9380 | d_m=9.8005e+05
step 2027 | acc=0.2090 | NZ=   133 | sparsity=0.9384 | d_m=9.9315e+05
step 2028 | acc=0.2000 | NZ=   132 | sparsity=0.9389 | d_m=1.0069e+06
step 2029 | acc=0.2000 | NZ=   131 | sparsity=0.9394 | d_m=1.0068e+06
step 2030 | acc=0.2010 | NZ=   130 | sparsity=0.9398 | d_m=1.0066e+06
step 2031 | acc=0.1970 | NZ=   129 | sparsity=0.9403 | d_m=1.0204e+06
step 2032 | acc=0.1900 | NZ=   128 | sparsity=0.9407 | d_m=1.0345e+06
step 2033 | acc=0.1930 | NZ=   127 | sparsity=0.9412 | d_m=1.0494e+06
step 2034 | acc=0.1940 | NZ=   126 | sparsity=0.9417 | d_m=1.0643e+06
step 2035 | acc=0.2100 | NZ=   125 | sparsity=0.9421 | d_m=1.0798e+06
step 2036 | acc=0.2110 | NZ=   124 | sparsity=0.9426 | d_m=1.0943e+06
step 2037 | acc=0.2170 | NZ=   123 | sparsity=0.9431 | d_m=1.1097e+06
step 2038 | acc=0.2140 | NZ=   122 | sparsity=0.9435 | d_m=1.1216e+06
step 2039 | acc=0.2110 | NZ=   121 | sparsity=0.9440 | d_m=1.1238e+06
step 2040 | acc=0.2120 | NZ=   120 | sparsity=0.9444 | d_m=1.1243e+06
step 2041 | acc=0.2120 | NZ=   119 | sparsity=0.9449 | d_m=1.1286e+06
step 2042 | acc=0.1990 | NZ=   118 | sparsity=0.9454 | d_m=1.1314e+06
step 2043 | acc=0.1960 | NZ=   117 | sparsity=0.9458 | d_m=1.1367e+06
step 2044 | acc=0.1800 | NZ=   116 | sparsity=0.9463 | d_m=1.1494e+06
step 2045 | acc=0.1570 | NZ=   115 | sparsity=0.9468 | d_m=1.1640e+06
step 2046 | acc=0.1590 | NZ=   114 | sparsity=0.9472 | d_m=1.1806e+06
step 2047 | acc=0.1710 | NZ=   113 | sparsity=0.9477 | d_m=1.1922e+06
step 2048 | acc=0.1650 | NZ=   112 | sparsity=0.9481 | d_m=1.1978e+06
step 2049 | acc=0.1640 | NZ=   111 | sparsity=0.9486 | d_m=1.2137e+06
step 2050 | acc=0.1630 | NZ=   110 | sparsity=0.9491 | d_m=1.2295e+06
step 2051 | acc=0.1570 | NZ=   109 | sparsity=0.9495 | d_m=1.2399e+06
step 2052 | acc=0.1690 | NZ=   108 | sparsity=0.9500 | d_m=1.2533e+06
step 2053 | acc=0.1650 | NZ=   107 | sparsity=0.9505 | d_m=1.2583e+06
step 2054 | acc=0.1620 | NZ=   106 | sparsity=0.9509 | d_m=1.2607e+06
step 2055 | acc=0.1680 | NZ=   105 | sparsity=0.9514 | d_m=1.2783e+06
step 2056 | acc=0.1660 | NZ=   104 | sparsity=0.9519 | d_m=1.2956e+06
step 2057 | acc=0.1640 | NZ=   103 | sparsity=0.9523 | d_m=1.3138e+06
step 2058 | acc=0.1600 | NZ=   102 | sparsity=0.9528 | d_m=1.3155e+06
step 2059 | acc=0.1510 | NZ=   101 | sparsity=0.9532 | d_m=1.3238e+06
step 2060 | acc=0.1590 | NZ=   100 | sparsity=0.9537 | d_m=1.3420e+06
step 2061 | acc=0.1700 | NZ=    99 | sparsity=0.9542 | d_m=1.3611e+06
step 2062 | acc=0.1770 | NZ=    98 | sparsity=0.9546 | d_m=1.3801e+06
step 2063 | acc=0.1590 | NZ=    97 | sparsity=0.9551 | d_m=1.3929e+06
step 2064 | acc=0.1570 | NZ=    96 | sparsity=0.9556 | d_m=1.4145e+06
step 2065 | acc=0.1520 | NZ=    95 | sparsity=0.9560 | d_m=1.4335e+06
step 2066 | acc=0.1520 | NZ=    94 | sparsity=0.9565 | d_m=1.4339e+06
step 2067 | acc=0.1530 | NZ=    93 | sparsity=0.9569 | d_m=1.4487e+06
step 2068 | acc=0.1380 | NZ=    92 | sparsity=0.9574 | d_m=1.4574e+06
step 2069 | acc=0.1300 | NZ=    91 | sparsity=0.9579 | d_m=1.4738e+06
step 2070 | acc=0.1300 | NZ=    90 | sparsity=0.9583 | d_m=1.4811e+06
step 2071 | acc=0.1280 | NZ=    89 | sparsity=0.9588 | d_m=1.4820e+06
step 2072 | acc=0.1320 | NZ=    88 | sparsity=0.9593 | d_m=1.4944e+06
step 2073 | acc=0.1440 | NZ=    87 | sparsity=0.9597 | d_m=1.5042e+06
step 2074 | acc=0.1410 | NZ=    86 | sparsity=0.9602 | d_m=1.5258e+06
step 2075 | acc=0.1410 | NZ=    85 | sparsity=0.9606 | d_m=1.5471e+06
step 2076 | acc=0.1400 | NZ=    84 | sparsity=0.9611 | d_m=1.5463e+06
step 2077 | acc=0.1420 | NZ=    83 | sparsity=0.9616 | d_m=1.5589e+06
step 2078 | acc=0.1440 | NZ=    82 | sparsity=0.9620 | d_m=1.5570e+06
step 2079 | acc=0.1440 | NZ=    81 | sparsity=0.9625 | d_m=1.5558e+06
step 2080 | acc=0.1430 | NZ=    80 | sparsity=0.9630 | d_m=1.5548e+06
step 2081 | acc=0.1440 | NZ=    79 | sparsity=0.9634 | d_m=1.5716e+06
step 2082 | acc=0.1430 | NZ=    78 | sparsity=0.9639 | d_m=1.5749e+06
step 2083 | acc=0.1430 | NZ=    77 | sparsity=0.9644 | d_m=1.5921e+06
step 2084 | acc=0.1410 | NZ=    76 | sparsity=0.9648 | d_m=1.6102e+06
step 2085 | acc=0.1370 | NZ=    75 | sparsity=0.9653 | d_m=1.6284e+06
step 2086 | acc=0.1360 | NZ=    74 | sparsity=0.9657 | d_m=1.6496e+06
step 2087 | acc=0.1330 | NZ=    73 | sparsity=0.9662 | d_m=1.6502e+06
step 2088 | acc=0.1350 | NZ=    72 | sparsity=0.9667 | d_m=1.6608e+06
step 2089 | acc=0.1340 | NZ=    71 | sparsity=0.9671 | d_m=1.6656e+06
step 2090 | acc=0.1330 | NZ=    70 | sparsity=0.9676 | d_m=1.6633e+06
step 2091 | acc=0.1350 | NZ=    69 | sparsity=0.9681 | d_m=1.6675e+06
step 2092 | acc=0.1360 | NZ=    68 | sparsity=0.9685 | d_m=1.6888e+06
step 2093 | acc=0.1330 | NZ=    67 | sparsity=0.9690 | d_m=1.7107e+06
step 2094 | acc=0.1310 | NZ=    66 | sparsity=0.9694 | d_m=1.7356e+06
step 2095 | acc=0.1280 | NZ=    65 | sparsity=0.9699 | d_m=1.7409e+06
step 2096 | acc=0.1240 | NZ=    64 | sparsity=0.9704 | d_m=1.7986e+06
step 2097 | acc=0.1290 | NZ=    63 | sparsity=0.9708 | d_m=1.8234e+06
step 2098 | acc=0.1260 | NZ=    62 | sparsity=0.9713 | d_m=1.8481e+06
step 2099 | acc=0.1300 | NZ=    61 | sparsity=0.9718 | d_m=1.8460e+06
step 2100 | acc=0.1300 | NZ=    60 | sparsity=0.9722 | d_m=1.8725e+06
step 2101 | acc=0.1310 | NZ=    59 | sparsity=0.9727 | d_m=1.8718e+06
step 2102 | acc=0.1310 | NZ=    58 | sparsity=0.9731 | d_m=1.9003e+06
step 2103 | acc=0.1230 | NZ=    57 | sparsity=0.9736 | d_m=1.9304e+06
step 2104 | acc=0.1240 | NZ=    56 | sparsity=0.9741 | d_m=1.9311e+06
step 2105 | acc=0.1260 | NZ=    55 | sparsity=0.9745 | d_m=1.9589e+06
step 2106 | acc=0.1260 | NZ=    54 | sparsity=0.9750 | d_m=1.9621e+06
step 2107 | acc=0.1220 | NZ=    53 | sparsity=0.9755 | d_m=1.9685e+06
step 2108 | acc=0.1260 | NZ=    52 | sparsity=0.9759 | d_m=1.9950e+06
step 2109 | acc=0.1240 | NZ=    51 | sparsity=0.9764 | d_m=2.0233e+06
step 2110 | acc=0.1230 | NZ=    50 | sparsity=0.9769 | d_m=2.0230e+06
step 2111 | acc=0.1240 | NZ=    49 | sparsity=0.9773 | d_m=2.0554e+06
step 2112 | acc=0.1240 | NZ=    48 | sparsity=0.9778 | d_m=2.0899e+06
step 2113 | acc=0.1230 | NZ=    47 | sparsity=0.9782 | d_m=2.0881e+06
step 2114 | acc=0.1140 | NZ=    46 | sparsity=0.9787 | d_m=2.0846e+06
step 2115 | acc=0.1170 | NZ=    45 | sparsity=0.9792 | d_m=2.0906e+06
step 2116 | acc=0.1160 | NZ=    44 | sparsity=0.9796 | d_m=2.0893e+06
step 2117 | acc=0.1150 | NZ=    43 | sparsity=0.9801 | d_m=2.0968e+06
step 2118 | acc=0.1150 | NZ=    42 | sparsity=0.9806 | d_m=2.1386e+06
step 2119 | acc=0.1070 | NZ=    41 | sparsity=0.9810 | d_m=2.2827e+06
step 2120 | acc=0.1070 | NZ=    40 | sparsity=0.9815 | d_m=2.3273e+06
step 2121 | acc=0.1070 | NZ=    39 | sparsity=0.9819 | d_m=2.3823e+06
step 2122 | acc=0.1070 | NZ=    38 | sparsity=0.9824 | d_m=2.4354e+06
step 2123 | acc=0.1070 | NZ=    37 | sparsity=0.9829 | d_m=2.4416e+06
step 2124 | acc=0.1070 | NZ=    36 | sparsity=0.9833 | d_m=2.4608e+06
step 2125 | acc=0.1070 | NZ=    35 | sparsity=0.9838 | d_m=2.5323e+06
step 2126 | acc=0.1070 | NZ=    34 | sparsity=0.9843 | d_m=2.7509e+06
step 2127 | acc=0.1070 | NZ=    33 | sparsity=0.9847 | d_m=2.7521e+06
step 2128 | acc=0.1070 | NZ=    32 | sparsity=0.9852 | d_m=2.8325e+06
step 2129 | acc=0.1070 | NZ=    31 | sparsity=0.9856 | d_m=2.9340e+06
step 2130 | acc=0.1070 | NZ=    30 | sparsity=0.9861 | d_m=2.9724e+06
step 2131 | acc=0.1070 | NZ=    29 | sparsity=0.9866 | d_m=3.0993e+06
step 2132 | acc=0.1070 | NZ=    28 | sparsity=0.9870 | d_m=3.1718e+06
step 2133 | acc=0.1070 | NZ=    27 | sparsity=0.9875 | d_m=3.1679e+06
step 2134 | acc=0.1070 | NZ=    26 | sparsity=0.9880 | d_m=3.1623e+06
step 2135 | acc=0.1070 | NZ=    25 | sparsity=0.9884 | d_m=3.2195e+06
step 2136 | acc=0.1070 | NZ=    24 | sparsity=0.9889 | d_m=3.3442e+06
step 2137 | acc=0.1070 | NZ=    23 | sparsity=0.9894 | d_m=3.3324e+06
step 2138 | acc=0.1070 | NZ=    22 | sparsity=0.9898 | d_m=3.3332e+06
step 2139 | acc=0.1070 | NZ=    21 | sparsity=0.9903 | d_m=3.3435e+06
step 2140 | acc=0.1070 | NZ=    20 | sparsity=0.9907 | d_m=3.3248e+06
step 2141 | acc=0.1070 | NZ=    19 | sparsity=0.9912 | d_m=3.3071e+06
step 2142 | acc=0.1070 | NZ=    18 | sparsity=0.9917 | d_m=3.4344e+06
step 2143 | acc=0.1070 | NZ=    17 | sparsity=0.9921 | d_m=3.4168e+06
step 2144 | acc=0.1070 | NZ=    16 | sparsity=0.9926 | d_m=3.5949e+06
step 2145 | acc=0.1070 | NZ=    15 | sparsity=0.9931 | d_m=3.5737e+06
step 2146 | acc=0.1070 | NZ=    14 | sparsity=0.9935 | d_m=3.5625e+06
step 2147 | acc=0.1070 | NZ=    13 | sparsity=0.9940 | d_m=4.3447e+06
step 2148 | acc=0.1070 | NZ=    12 | sparsity=0.9944 | d_m=4.3000e+06
step 2149 | acc=0.1070 | NZ=    11 | sparsity=0.9949 | d_m=5.2057e+06
step 2150 | acc=0.1070 | NZ=    10 | sparsity=0.9954 | d_m=5.4534e+06
step 2151 | acc=0.1070 | NZ=     9 | sparsity=0.9958 | d_m=5.8480e+06
step 2152 | acc=0.1070 | NZ=     8 | sparsity=0.9963 | d_m=6.5350e+06
step 2153 | acc=0.1070 | NZ=     7 | sparsity=0.9968 | d_m=9.9301e+06
step 2154 | acc=0.1070 | NZ=     6 | sparsity=0.9972 | d_m=1.0886e+07
step 2155 | acc=0.1070 | NZ=     5 | sparsity=0.9977 | d_m=1.0747e+07
step 2156 | acc=0.1070 | NZ=     4 | sparsity=0.9981 | d_m=1.2971e+07
step 2157 | acc=0.1070 | NZ=     3 | sparsity=0.9986 | d_m=1.8998e+07
step 2158 | acc=0.1070 | NZ=     2 | sparsity=0.9991 | d_m=4.4005e+06
step 2159 | acc=0.1070 | NZ=     1 | sparsity=0.9995 | d_m=2.4391e+06
OBD sparsification log saved to: /home/simon/repos/onnxmlir-pim-sparsify/artifacts/e34_obd_full_seed_1/obd_sparsified/obd_sparsification_log.csv
[supervise 05:46:44] DONE experiments/e34_obd_full_seed_1.json rc=0
[supervise 05:46:44] launch [/home/simon/venv/general/bin/python3 scripts/train.py experiments/e34_obd_full_seed_2.json] (attempt 0/5)
Output folder: /home/simon/repos/onnxmlir-pim-sparsify/artifacts/e34_obd_full_seed_2
Data loaded. (input_scale=1.0)
	X_train.shape = (10000, 196)
	X_test.shape  = (1000, 196)
Learning rate: 0.0100
Topology: [196, 10, 10, 10]
Training loop started
---------------------------------------------------------
	Epoch 0 of 1000 in 0.37 sec
	Train acc 0.09730 | Test acc 0.08900
---------------------------------------------------------
	Epoch 100 of 1000 in 0.00 sec
	Train acc 0.18150 | Test acc 0.19900
---------------------------------------------------------
	Epoch 200 of 1000 in 0.00 sec
	Train acc 0.68730 | Test acc 0.65800
---------------------------------------------------------
	Epoch 300 of 1000 in 0.00 sec
	Train acc 0.83640 | Test acc 0.83200
---------------------------------------------------------
	Epoch 400 of 1000 in 0.00 sec
	Train acc 0.86590 | Test acc 0.85200
---------------------------------------------------------
	Epoch 500 of 1000 in 0.00 sec
	Train acc 0.88740 | Test acc 0.87300
---------------------------------------------------------
	Epoch 600 of 1000 in 0.00 sec
	Train acc 0.90330 | Test acc 0.88500
---------------------------------------------------------
	Epoch 700 of 1000 in 0.00 sec
	Train acc 0.90740 | Test acc 0.88900
---------------------------------------------------------
	Epoch 800 of 1000 in 0.00 sec
	Train acc 0.91490 | Test acc 0.90300
---------------------------------------------------------
	Epoch 900 of 1000 in 0.00 sec
	Train acc 0.91770 | Test acc 0.90300
---------------------------------------------------------
Training log saved to: /home/simon/repos/onnxmlir-pim-sparsify/artifacts/e34_obd_full_seed_2/training_log.csv
Model saved to: /home/simon/repos/onnxmlir-pim-sparsify/artifacts/e34_obd_full_seed_2
[supervise 05:47:21] DONE experiments/e34_obd_full_seed_2.json rc=0
[supervise 05:47:21] launch [/home/simon/venv/general/bin/python3 -m sparsifier.obd_sparsifier experiments/e34_obd_full_seed_2.json] (attempt 0/5)
Load the parameters from the folder
Found 3 layers in /home/simon/repos/onnxmlir-pim-sparsify/artifacts/e34_obd_full_seed_2
Accuracy in validation: 0.9110
Total parameters: 2160
Perturbation distance (sanity check): 4.4519e-01
Starting OBD sparsification loop
step    0 | acc=0.9110 | NZ=  2160 | sparsity=0.0000 | d_m=0.0000e+00
step    1 | acc=0.9110 | NZ=  2159 | sparsity=0.0005 | d_m=8.4528e-06
step    2 | acc=0.9110 | NZ=  2158 | sparsity=0.0009 | d_m=1.1483e-05
step    3 | acc=0.9110 | NZ=  2157 | sparsity=0.0014 | d_m=1.8984e-05
step    4 | acc=0.9110 | NZ=  2156 | sparsity=0.0019 | d_m=6.6973e-05
step    5 | acc=0.9110 | NZ=  2155 | sparsity=0.0023 | d_m=1.9767e-04
step    6 | acc=0.9110 | NZ=  2154 | sparsity=0.0028 | d_m=1.8991e-04
step    7 | acc=0.9110 | NZ=  2153 | sparsity=0.0032 | d_m=5.4022e-04
step    8 | acc=0.9110 | NZ=  2152 | sparsity=0.0037 | d_m=1.1628e-03
step    9 | acc=0.9110 | NZ=  2151 | sparsity=0.0042 | d_m=1.9538e-03
step   10 | acc=0.9110 | NZ=  2150 | sparsity=0.0046 | d_m=1.9272e-03
step   11 | acc=0.9110 | NZ=  2149 | sparsity=0.0051 | d_m=1.8440e-03
step   12 | acc=0.9110 | NZ=  2148 | sparsity=0.0056 | d_m=3.1987e-03
step   13 | acc=0.9110 | NZ=  2147 | sparsity=0.0060 | d_m=3.2560e-03
step   14 | acc=0.9110 | NZ=  2146 | sparsity=0.0065 | d_m=1.9323e-03
step   15 | acc=0.9110 | NZ=  2145 | sparsity=0.0069 | d_m=3.1538e-03
step   16 | acc=0.9110 | NZ=  2144 | sparsity=0.0074 | d_m=1.9254e-03
step   17 | acc=0.9110 | NZ=  2143 | sparsity=0.0079 | d_m=1.5052e-03
step   18 | acc=0.9110 | NZ=  2142 | sparsity=0.0083 | d_m=1.8843e-03
step   19 | acc=0.9110 | NZ=  2141 | sparsity=0.0088 | d_m=1.9320e-03
step   20 | acc=0.9110 | NZ=  2140 | sparsity=0.0093 | d_m=1.8579e-03
step   21 | acc=0.9110 | NZ=  2139 | sparsity=0.0097 | d_m=2.2093e-03
step   22 | acc=0.9110 | NZ=  2138 | sparsity=0.0102 | d_m=3.3268e-03
step   23 | acc=0.9110 | NZ=  2137 | sparsity=0.0106 | d_m=5.8455e-03
step   24 | acc=0.9110 | NZ=  2136 | sparsity=0.0111 | d_m=5.7301e-03
step   25 | acc=0.9110 | NZ=  2135 | sparsity=0.0116 | d_m=5.7184e-03
step   26 | acc=0.9110 | NZ=  2134 | sparsity=0.0120 | d_m=6.5357e-03
step   27 | acc=0.9110 | NZ=  2133 | sparsity=0.0125 | d_m=4.8283e-03
step   28 | acc=0.9110 | NZ=  2132 | sparsity=0.0130 | d_m=5.1271e-03
step   29 | acc=0.9110 | NZ=  2131 | sparsity=0.0134 | d_m=5.5917e-03
step   30 | acc=0.9110 | NZ=  2130 | sparsity=0.0139 | d_m=5.8422e-03
step   31 | acc=0.9110 | NZ=  2129 | sparsity=0.0144 | d_m=8.3200e-03
step   32 | acc=0.9110 | NZ=  2128 | sparsity=0.0148 | d_m=1.2743e-02
step   33 | acc=0.9110 | NZ=  2127 | sparsity=0.0153 | d_m=8.5230e-03
step   34 | acc=0.9110 | NZ=  2126 | sparsity=0.0157 | d_m=1.3085e-02
step   35 | acc=0.9110 | NZ=  2125 | sparsity=0.0162 | d_m=1.3790e-02
step   36 | acc=0.9110 | NZ=  2124 | sparsity=0.0167 | d_m=2.0825e-02
step   37 | acc=0.9110 | NZ=  2123 | sparsity=0.0171 | d_m=2.0369e-02
step   38 | acc=0.9110 | NZ=  2122 | sparsity=0.0176 | d_m=2.9713e-02
step   39 | acc=0.9110 | NZ=  2121 | sparsity=0.0181 | d_m=4.1717e-02
step   40 | acc=0.9110 | NZ=  2120 | sparsity=0.0185 | d_m=4.1307e-02
step   41 | acc=0.9110 | NZ=  2119 | sparsity=0.0190 | d_m=5.8778e-02
step   42 | acc=0.9110 | NZ=  2118 | sparsity=0.0194 | d_m=7.9606e-02
step   43 | acc=0.9110 | NZ=  2117 | sparsity=0.0199 | d_m=1.0393e-01
step   44 | acc=0.9110 | NZ=  2116 | sparsity=0.0204 | d_m=7.0035e-02
step   45 | acc=0.9110 | NZ=  2115 | sparsity=0.0208 | d_m=4.8285e-02
step   46 | acc=0.9110 | NZ=  2114 | sparsity=0.0213 | d_m=6.9312e-02
step   47 | acc=0.9110 | NZ=  2113 | sparsity=0.0218 | d_m=9.6092e-02
step   48 | acc=0.9110 | NZ=  2112 | sparsity=0.0222 | d_m=1.2682e-01
step   49 | acc=0.9110 | NZ=  2111 | sparsity=0.0227 | d_m=1.2351e-01
step   50 | acc=0.9110 | NZ=  2110 | sparsity=0.0231 | d_m=1.5863e-01
step   51 | acc=0.9110 | NZ=  2109 | sparsity=0.0236 | d_m=1.1151e-01
step   52 | acc=0.9110 | NZ=  2108 | sparsity=0.0241 | d_m=1.4920e-01
step   53 | acc=0.9110 | NZ=  2107 | sparsity=0.0245 | d_m=1.4452e-01
step   54 | acc=0.9110 | NZ=  2106 | sparsity=0.0250 | d_m=1.4081e-01
step   55 | acc=0.9110 | NZ=  2105 | sparsity=0.0255 | d_m=1.3806e-01
step   56 | acc=0.9110 | NZ=  2104 | sparsity=0.0259 | d_m=1.3443e-01
step   57 | acc=0.9110 | NZ=  2103 | sparsity=0.0264 | d_m=9.8052e-02
step   58 | acc=0.9110 | NZ=  2102 | sparsity=0.0269 | d_m=7.4757e-02
step   59 | acc=0.9110 | NZ=  2101 | sparsity=0.0273 | d_m=9.9292e-02
step   60 | acc=0.9110 | NZ=  2100 | sparsity=0.0278 | d_m=1.0216e-01
step   61 | acc=0.9110 | NZ=  2099 | sparsity=0.0282 | d_m=7.7392e-02
step   62 | acc=0.9110 | NZ=  2098 | sparsity=0.0287 | d_m=6.7429e-02
step   63 | acc=0.9110 | NZ=  2097 | sparsity=0.0292 | d_m=7.3878e-02
step   64 | acc=0.9110 | NZ=  2096 | sparsity=0.0296 | d_m=8.8377e-02
step   65 | acc=0.9110 | NZ=  2095 | sparsity=0.0301 | d_m=8.5522e-02
step   66 | acc=0.9110 | NZ=  2094 | sparsity=0.0306 | d_m=9.0640e-02
step   67 | acc=0.9110 | NZ=  2093 | sparsity=0.0310 | d_m=1.2121e-01
step   68 | acc=0.9110 | NZ=  2092 | sparsity=0.0315 | d_m=1.2147e-01
step   69 | acc=0.9110 | NZ=  2091 | sparsity=0.0319 | d_m=9.5034e-02
step   70 | acc=0.9110 | NZ=  2090 | sparsity=0.0324 | d_m=9.5696e-02
step   71 | acc=0.9110 | NZ=  2089 | sparsity=0.0329 | d_m=1.0444e-01
step   72 | acc=0.9110 | NZ=  2088 | sparsity=0.0333 | d_m=1.1775e-01
step   73 | acc=0.9110 | NZ=  2087 | sparsity=0.0338 | d_m=1.4568e-01
step   74 | acc=0.9110 | NZ=  2086 | sparsity=0.0343 | d_m=1.3525e-01
step   75 | acc=0.9110 | NZ=  2085 | sparsity=0.0347 | d_m=1.8091e-01
step   76 | acc=0.9110 | NZ=  2084 | sparsity=0.0352 | d_m=1.9325e-01
step   77 | acc=0.9110 | NZ=  2083 | sparsity=0.0356 | d_m=1.9176e-01
step   78 | acc=0.9110 | NZ=  2082 | sparsity=0.0361 | d_m=1.5247e-01
step   79 | acc=0.9110 | NZ=  2081 | sparsity=0.0366 | d_m=1.7025e-01
step   80 | acc=0.9110 | NZ=  2080 | sparsity=0.0370 | d_m=2.1315e-01
step   81 | acc=0.9110 | NZ=  2079 | sparsity=0.0375 | d_m=2.2043e-01
step   82 | acc=0.9110 | NZ=  2078 | sparsity=0.0380 | d_m=2.7934e-01
step   83 | acc=0.9110 | NZ=  2077 | sparsity=0.0384 | d_m=2.6962e-01
step   84 | acc=0.9110 | NZ=  2076 | sparsity=0.0389 | d_m=3.4730e-01
step   85 | acc=0.9110 | NZ=  2075 | sparsity=0.0394 | d_m=3.3843e-01
step   86 | acc=0.9110 | NZ=  2074 | sparsity=0.0398 | d_m=4.2753e-01
step   87 | acc=0.9110 | NZ=  2073 | sparsity=0.0403 | d_m=4.1491e-01
step   88 | acc=0.9110 | NZ=  2072 | sparsity=0.0407 | d_m=3.2217e-01
step   89 | acc=0.9110 | NZ=  2071 | sparsity=0.0412 | d_m=2.6179e-01
step   90 | acc=0.9110 | NZ=  2070 | sparsity=0.0417 | d_m=3.2174e-01
step   91 | acc=0.9110 | NZ=  2069 | sparsity=0.0421 | d_m=2.6328e-01
step   92 | acc=0.9110 | NZ=  2068 | sparsity=0.0426 | d_m=3.3142e-01
step   93 | acc=0.9110 | NZ=  2067 | sparsity=0.0431 | d_m=3.3755e-01
step   94 | acc=0.9110 | NZ=  2066 | sparsity=0.0435 | d_m=3.5259e-01
step   95 | acc=0.9110 | NZ=  2065 | sparsity=0.0440 | d_m=2.8524e-01
step   96 | acc=0.9110 | NZ=  2064 | sparsity=0.0444 | d_m=2.5755e-01
step   97 | acc=0.9110 | NZ=  2063 | sparsity=0.0449 | d_m=2.5685e-01
step   98 | acc=0.9110 | NZ=  2062 | sparsity=0.0454 | d_m=2.5929e-01
step   99 | acc=0.9110 | NZ=  2061 | sparsity=0.0458 | d_m=3.0517e-01
step  100 | acc=0.9110 | NZ=  2060 | sparsity=0.0463 | d_m=3.0824e-01
step  101 | acc=0.9110 | NZ=  2059 | sparsity=0.0468 | d_m=3.8978e-01
step  102 | acc=0.9110 | NZ=  2058 | sparsity=0.0472 | d_m=3.1482e-01
step  103 | acc=0.9110 | NZ=  2057 | sparsity=0.0477 | d_m=2.8787e-01
step  104 | acc=0.9110 | NZ=  2056 | sparsity=0.0481 | d_m=3.3189e-01
step  105 | acc=0.9110 | NZ=  2055 | sparsity=0.0486 | d_m=3.4918e-01
step  106 | acc=0.9110 | NZ=  2054 | sparsity=0.0491 | d_m=3.4408e-01
step  107 | acc=0.9110 | NZ=  2053 | sparsity=0.0495 | d_m=3.5347e-01
step  108 | acc=0.9110 | NZ=  2052 | sparsity=0.0500 | d_m=3.5860e-01
step  109 | acc=0.9110 | NZ=  2051 | sparsity=0.0505 | d_m=3.6974e-01
step  110 | acc=0.9110 | NZ=  2050 | sparsity=0.0509 | d_m=3.4617e-01
step  111 | acc=0.9110 | NZ=  2049 | sparsity=0.0514 | d_m=3.8005e-01
step  112 | acc=0.9110 | NZ=  2048 | sparsity=0.0519 | d_m=4.2572e-01
step  113 | acc=0.9110 | NZ=  2047 | sparsity=0.0523 | d_m=4.4931e-01
step  114 | acc=0.9110 | NZ=  2046 | sparsity=0.0528 | d_m=4.4316e-01
step  115 | acc=0.9110 | NZ=  2045 | sparsity=0.0532 | d_m=4.6914e-01
step  116 | acc=0.9110 | NZ=  2044 | sparsity=0.0537 | d_m=4.8685e-01
step  117 | acc=0.9110 | NZ=  2043 | sparsity=0.0542 | d_m=5.2139e-01
step  118 | acc=0.9110 | NZ=  2042 | sparsity=0.0546 | d_m=5.1979e-01
step  119 | acc=0.9110 | NZ=  2041 | sparsity=0.0551 | d_m=5.8693e-01
step  120 | acc=0.9110 | NZ=  2040 | sparsity=0.0556 | d_m=6.1907e-01
step  121 | acc=0.9110 | NZ=  2039 | sparsity=0.0560 | d_m=6.6271e-01
step  122 | acc=0.9110 | NZ=  2038 | sparsity=0.0565 | d_m=5.8861e-01
step  123 | acc=0.9110 | NZ=  2037 | sparsity=0.0569 | d_m=6.4442e-01
step  124 | acc=0.9110 | NZ=  2036 | sparsity=0.0574 | d_m=6.1193e-01
step  125 | acc=0.9110 | NZ=  2035 | sparsity=0.0579 | d_m=6.2560e-01
step  126 | acc=0.9110 | NZ=  2034 | sparsity=0.0583 | d_m=5.8555e-01
step  127 | acc=0.9110 | NZ=  2033 | sparsity=0.0588 | d_m=5.9820e-01
step  128 | acc=0.9110 | NZ=  2032 | sparsity=0.0593 | d_m=6.0793e-01
step  129 | acc=0.9110 | NZ=  2031 | sparsity=0.0597 | d_m=6.9220e-01
step  130 | acc=0.9110 | NZ=  2030 | sparsity=0.0602 | d_m=7.2207e-01
step  131 | acc=0.9110 | NZ=  2029 | sparsity=0.0606 | d_m=7.1104e-01
step  132 | acc=0.9110 | NZ=  2028 | sparsity=0.0611 | d_m=6.5517e-01
step  133 | acc=0.9110 | NZ=  2027 | sparsity=0.0616 | d_m=6.6939e-01
step  134 | acc=0.9110 | NZ=  2026 | sparsity=0.0620 | d_m=7.2537e-01
step  135 | acc=0.9110 | NZ=  2025 | sparsity=0.0625 | d_m=6.6888e-01
step  136 | acc=0.9110 | NZ=  2024 | sparsity=0.0630 | d_m=7.0302e-01
step  137 | acc=0.9110 | NZ=  2023 | sparsity=0.0634 | d_m=6.8999e-01
step  138 | acc=0.9110 | NZ=  2022 | sparsity=0.0639 | d_m=7.2793e-01
step  139 | acc=0.9110 | NZ=  2021 | sparsity=0.0644 | d_m=7.6341e-01
step  140 | acc=0.9110 | NZ=  2020 | sparsity=0.0648 | d_m=8.7088e-01
step  141 | acc=0.9110 | NZ=  2019 | sparsity=0.0653 | d_m=8.7653e-01
step  142 | acc=0.9110 | NZ=  2018 | sparsity=0.0657 | d_m=9.2571e-01
step  143 | acc=0.9110 | NZ=  2017 | sparsity=0.0662 | d_m=8.8368e-01
step  144 | acc=0.9110 | NZ=  2016 | sparsity=0.0667 | d_m=8.9221e-01
step  145 | acc=0.9110 | NZ=  2015 | sparsity=0.0671 | d_m=9.3058e-01
step  146 | acc=0.9110 | NZ=  2014 | sparsity=0.0676 | d_m=8.5765e-01
step  147 | acc=0.9110 | NZ=  2013 | sparsity=0.0681 | d_m=9.3206e-01
step  148 | acc=0.9110 | NZ=  2012 | sparsity=0.0685 | d_m=9.5607e-01
step  149 | acc=0.9110 | NZ=  2011 | sparsity=0.0690 | d_m=1.0054e+00
step  150 | acc=0.9110 | NZ=  2010 | sparsity=0.0694 | d_m=1.0081e+00
step  151 | acc=0.9110 | NZ=  2009 | sparsity=0.0699 | d_m=9.5996e-01
step  152 | acc=0.9110 | NZ=  2008 | sparsity=0.0704 | d_m=9.7982e-01
step  153 | acc=0.9110 | NZ=  2007 | sparsity=0.0708 | d_m=1.0436e+00
step  154 | acc=0.9110 | NZ=  2006 | sparsity=0.0713 | d_m=1.1165e+00
step  155 | acc=0.9110 | NZ=  2005 | sparsity=0.0718 | d_m=1.2207e+00
step  156 | acc=0.9110 | NZ=  2004 | sparsity=0.0722 | d_m=1.0824e+00
step  157 | acc=0.9110 | NZ=  2003 | sparsity=0.0727 | d_m=1.0464e+00
step  158 | acc=0.9110 | NZ=  2002 | sparsity=0.0731 | d_m=1.0933e+00
step  159 | acc=0.9110 | NZ=  2001 | sparsity=0.0736 | d_m=1.0747e+00
step  160 | acc=0.9110 | NZ=  2000 | sparsity=0.0741 | d_m=1.1211e+00
step  161 | acc=0.9110 | NZ=  1999 | sparsity=0.0745 | d_m=1.2273e+00
step  162 | acc=0.9110 | NZ=  1998 | sparsity=0.0750 | d_m=1.3566e+00
step  163 | acc=0.9110 | NZ=  1997 | sparsity=0.0755 | d_m=1.2174e+00
step  164 | acc=0.9110 | NZ=  1996 | sparsity=0.0759 | d_m=1.3522e+00
step  165 | acc=0.9110 | NZ=  1995 | sparsity=0.0764 | d_m=1.2385e+00
step  166 | acc=0.9110 | NZ=  1994 | sparsity=0.0769 | d_m=1.3741e+00
step  167 | acc=0.9110 | NZ=  1993 | sparsity=0.0773 | d_m=1.5277e+00
step  168 | acc=0.9110 | NZ=  1992 | sparsity=0.0778 | d_m=1.3677e+00
step  169 | acc=0.9110 | NZ=  1991 | sparsity=0.0782 | d_m=1.2753e+00
step  170 | acc=0.9110 | NZ=  1990 | sparsity=0.0787 | d_m=1.2773e+00
step  171 | acc=0.9110 | NZ=  1989 | sparsity=0.0792 | d_m=1.2877e+00
step  172 | acc=0.9110 | NZ=  1988 | sparsity=0.0796 | d_m=1.2944e+00
step  173 | acc=0.9110 | NZ=  1987 | sparsity=0.0801 | d_m=1.3700e+00
step  174 | acc=0.9110 | NZ=  1986 | sparsity=0.0806 | d_m=1.4020e+00
step  175 | acc=0.9110 | NZ=  1985 | sparsity=0.0810 | d_m=1.4706e+00
step  176 | acc=0.9110 | NZ=  1984 | sparsity=0.0815 | d_m=1.4083e+00
step  177 | acc=0.9110 | NZ=  1983 | sparsity=0.0819 | d_m=1.5584e+00
step  178 | acc=0.9110 | NZ=  1982 | sparsity=0.0824 | d_m=1.5562e+00
step  179 | acc=0.9110 | NZ=  1981 | sparsity=0.0829 | d_m=1.5612e+00
step  180 | acc=0.9110 | NZ=  1980 | sparsity=0.0833 | d_m=1.5806e+00
step  181 | acc=0.9110 | NZ=  1979 | sparsity=0.0838 | d_m=1.5993e+00
step  182 | acc=0.9110 | NZ=  1978 | sparsity=0.0843 | d_m=1.4992e+00
step  183 | acc=0.9110 | NZ=  1977 | sparsity=0.0847 | d_m=1.5070e+00
step  184 | acc=0.9110 | NZ=  1976 | sparsity=0.0852 | d_m=1.5314e+00
step  185 | acc=0.9110 | NZ=  1975 | sparsity=0.0856 | d_m=1.6712e+00
step  186 | acc=0.9110 | NZ=  1974 | sparsity=0.0861 | d_m=1.7003e+00
step  187 | acc=0.9110 | NZ=  1973 | sparsity=0.0866 | d_m=1.7026e+00
step  188 | acc=0.9110 | NZ=  1972 | sparsity=0.0870 | d_m=1.6076e+00
step  189 | acc=0.9110 | NZ=  1971 | sparsity=0.0875 | d_m=1.7335e+00
step  190 | acc=0.9110 | NZ=  1970 | sparsity=0.0880 | d_m=1.7971e+00
step  191 | acc=0.9110 | NZ=  1969 | sparsity=0.0884 | d_m=2.0473e+00
step  192 | acc=0.9110 | NZ=  1968 | sparsity=0.0889 | d_m=2.1164e+00
step  193 | acc=0.9110 | NZ=  1967 | sparsity=0.0894 | d_m=2.1079e+00
step  194 | acc=0.9110 | NZ=  1966 | sparsity=0.0898 | d_m=2.0474e+00
step  195 | acc=0.9110 | NZ=  1965 | sparsity=0.0903 | d_m=2.0944e+00
step  196 | acc=0.9110 | NZ=  1964 | sparsity=0.0907 | d_m=2.1680e+00
step  197 | acc=0.9110 | NZ=  1963 | sparsity=0.0912 | d_m=2.2905e+00
step  198 | acc=0.9110 | NZ=  1962 | sparsity=0.0917 | d_m=2.4166e+00
step  199 | acc=0.9110 | NZ=  1961 | sparsity=0.0921 | d_m=2.2294e+00
step  200 | acc=0.9110 | NZ=  1960 | sparsity=0.0926 | d_m=2.2545e+00
step  201 | acc=0.9110 | NZ=  1959 | sparsity=0.0931 | d_m=2.2611e+00
step  202 | acc=0.9110 | NZ=  1958 | sparsity=0.0935 | d_m=2.1048e+00
step  203 | acc=0.9110 | NZ=  1957 | sparsity=0.0940 | d_m=2.0636e+00
step  204 | acc=0.9110 | NZ=  1956 | sparsity=0.0944 | d_m=2.1098e+00
step  205 | acc=0.9110 | NZ=  1955 | sparsity=0.0949 | d_m=2.0629e+00
step  206 | acc=0.9110 | NZ=  1954 | sparsity=0.0954 | d_m=2.0839e+00
step  207 | acc=0.9110 | NZ=  1953 | sparsity=0.0958 | d_m=2.1982e+00
step  208 | acc=0.9110 | NZ=  1952 | sparsity=0.0963 | d_m=2.3221e+00
step  209 | acc=0.9110 | NZ=  1951 | sparsity=0.0968 | d_m=2.4724e+00
step  210 | acc=0.9110 | NZ=  1950 | sparsity=0.0972 | d_m=2.2703e+00
step  211 | acc=0.9110 | NZ=  1949 | sparsity=0.0977 | d_m=2.4285e+00
step  212 | acc=0.9110 | NZ=  1948 | sparsity=0.0981 | d_m=2.2662e+00
step  213 | acc=0.9110 | NZ=  1947 | sparsity=0.0986 | d_m=2.4146e+00
step  214 | acc=0.9110 | NZ=  1946 | sparsity=0.0991 | d_m=2.2769e+00
step  215 | acc=0.9110 | NZ=  1945 | sparsity=0.0995 | d_m=2.2082e+00
step  216 | acc=0.9110 | NZ=  1944 | sparsity=0.1000 | d_m=2.2319e+00
step  217 | acc=0.9110 | NZ=  1943 | sparsity=0.1005 | d_m=2.3684e+00
step  218 | acc=0.9110 | NZ=  1942 | sparsity=0.1009 | d_m=2.6447e+00
step  219 | acc=0.9110 | NZ=  1941 | sparsity=0.1014 | d_m=2.7160e+00
step  220 | acc=0.9110 | NZ=  1940 | sparsity=0.1019 | d_m=2.7298e+00
step  221 | acc=0.9110 | NZ=  1939 | sparsity=0.1023 | d_m=2.7530e+00
step  222 | acc=0.9110 | NZ=  1938 | sparsity=0.1028 | d_m=2.8385e+00
step  223 | acc=0.9110 | NZ=  1937 | sparsity=0.1032 | d_m=3.1638e+00
step  224 | acc=0.9110 | NZ=  1936 | sparsity=0.1037 | d_m=3.1743e+00
step  225 | acc=0.9110 | NZ=  1935 | sparsity=0.1042 | d_m=3.1833e+00
step  226 | acc=0.9110 | NZ=  1934 | sparsity=0.1046 | d_m=3.1509e+00
step  227 | acc=0.9110 | NZ=  1933 | sparsity=0.1051 | d_m=3.2270e+00
step  228 | acc=0.9110 | NZ=  1932 | sparsity=0.1056 | d_m=3.1749e+00
step  229 | acc=0.9110 | NZ=  1931 | sparsity=0.1060 | d_m=3.2500e+00
step  230 | acc=0.9110 | NZ=  1930 | sparsity=0.1065 | d_m=3.2183e+00
step  231 | acc=0.9110 | NZ=  1929 | sparsity=0.1069 | d_m=3.2861e+00
step  232 | acc=0.9110 | NZ=  1928 | sparsity=0.1074 | d_m=3.4407e+00
step  233 | acc=0.9110 | NZ=  1927 | sparsity=0.1079 | d_m=3.7995e+00
step  234 | acc=0.9110 | NZ=  1926 | sparsity=0.1083 | d_m=3.7718e+00
step  235 | acc=0.9110 | NZ=  1925 | sparsity=0.1088 | d_m=3.9275e+00
step  236 | acc=0.9110 | NZ=  1924 | sparsity=0.1093 | d_m=3.8902e+00
step  237 | acc=0.9110 | NZ=  1923 | sparsity=0.1097 | d_m=3.8648e+00
step  238 | acc=0.9110 | NZ=  1922 | sparsity=0.1102 | d_m=4.0820e+00
step  239 | acc=0.9110 | NZ=  1921 | sparsity=0.1106 | d_m=4.3340e+00
step  240 | acc=0.9110 | NZ=  1920 | sparsity=0.1111 | d_m=4.6126e+00
step  241 | acc=0.9110 | NZ=  1919 | sparsity=0.1116 | d_m=4.1788e+00
step  242 | acc=0.9110 | NZ=  1918 | sparsity=0.1120 | d_m=4.1674e+00
step  243 | acc=0.9110 | NZ=  1917 | sparsity=0.1125 | d_m=4.1842e+00
step  244 | acc=0.9110 | NZ=  1916 | sparsity=0.1130 | d_m=4.2003e+00
step  245 | acc=0.9110 | NZ=  1915 | sparsity=0.1134 | d_m=4.0982e+00
step  246 | acc=0.9110 | NZ=  1914 | sparsity=0.1139 | d_m=4.1255e+00
step  247 | acc=0.9110 | NZ=  1913 | sparsity=0.1144 | d_m=3.8343e+00
step  248 | acc=0.9110 | NZ=  1912 | sparsity=0.1148 | d_m=4.1220e+00
step  249 | acc=0.9110 | NZ=  1911 | sparsity=0.1153 | d_m=4.6144e+00
step  250 | acc=0.9110 | NZ=  1910 | sparsity=0.1157 | d_m=4.7510e+00
step  251 | acc=0.9110 | NZ=  1909 | sparsity=0.1162 | d_m=4.6296e+00
step  252 | acc=0.9090 | NZ=  1908 | sparsity=0.1167 | d_m=4.8330e+00
step  253 | acc=0.9090 | NZ=  1907 | sparsity=0.1171 | d_m=4.8528e+00
step  254 | acc=0.9090 | NZ=  1906 | sparsity=0.1176 | d_m=4.8592e+00
step  255 | acc=0.9090 | NZ=  1905 | sparsity=0.1181 | d_m=4.8914e+00
step  256 | acc=0.9090 | NZ=  1904 | sparsity=0.1185 | d_m=5.0292e+00
step  257 | acc=0.9090 | NZ=  1903 | sparsity=0.1190 | d_m=4.9533e+00
step  258 | acc=0.9110 | NZ=  1902 | sparsity=0.1194 | d_m=4.7730e+00
step  259 | acc=0.9110 | NZ=  1901 | sparsity=0.1199 | d_m=4.8483e+00
step  260 | acc=0.9110 | NZ=  1900 | sparsity=0.1204 | d_m=4.8362e+00
step  261 | acc=0.9110 | NZ=  1899 | sparsity=0.1208 | d_m=4.8497e+00
step  262 | acc=0.9110 | NZ=  1898 | sparsity=0.1213 | d_m=4.8946e+00
step  263 | acc=0.9110 | NZ=  1897 | sparsity=0.1218 | d_m=4.5804e+00
step  264 | acc=0.9110 | NZ=  1896 | sparsity=0.1222 | d_m=4.9314e+00
step  265 | acc=0.9110 | NZ=  1895 | sparsity=0.1227 | d_m=4.9609e+00
step  266 | acc=0.9110 | NZ=  1894 | sparsity=0.1231 | d_m=5.5097e+00
step  267 | acc=0.9110 | NZ=  1893 | sparsity=0.1236 | d_m=5.6318e+00
step  268 | acc=0.9110 | NZ=  1892 | sparsity=0.1241 | d_m=5.5068e+00
step  269 | acc=0.9110 | NZ=  1891 | sparsity=0.1245 | d_m=5.5883e+00
step  270 | acc=0.9110 | NZ=  1890 | sparsity=0.1250 | d_m=5.5954e+00
step  271 | acc=0.9110 | NZ=  1889 | sparsity=0.1255 | d_m=5.7807e+00
step  272 | acc=0.9110 | NZ=  1888 | sparsity=0.1259 | d_m=5.8237e+00
step  273 | acc=0.9110 | NZ=  1887 | sparsity=0.1264 | d_m=5.7874e+00
step  274 | acc=0.9110 | NZ=  1886 | sparsity=0.1269 | d_m=5.7176e+00
step  275 | acc=0.9110 | NZ=  1885 | sparsity=0.1273 | d_m=5.8116e+00
step  276 | acc=0.9110 | NZ=  1884 | sparsity=0.1278 | d_m=5.7739e+00
step  277 | acc=0.9110 | NZ=  1883 | sparsity=0.1282 | d_m=5.9081e+00
step  278 | acc=0.9110 | NZ=  1882 | sparsity=0.1287 | d_m=5.8536e+00
step  279 | acc=0.9110 | NZ=  1881 | sparsity=0.1292 | d_m=5.4692e+00
step  280 | acc=0.9110 | NZ=  1880 | sparsity=0.1296 | d_m=5.8626e+00
step  281 | acc=0.9110 | NZ=  1879 | sparsity=0.1301 | d_m=5.9353e+00
step  282 | acc=0.9110 | NZ=  1878 | sparsity=0.1306 | d_m=6.0461e+00
step  283 | acc=0.9110 | NZ=  1877 | sparsity=0.1310 | d_m=6.0318e+00
step  284 | acc=0.9110 | NZ=  1876 | sparsity=0.1315 | d_m=6.1305e+00
step  285 | acc=0.9110 | NZ=  1875 | sparsity=0.1319 | d_m=6.1252e+00
step  286 | acc=0.9110 | NZ=  1874 | sparsity=0.1324 | d_m=6.7271e+00
step  287 | acc=0.9110 | NZ=  1873 | sparsity=0.1329 | d_m=6.7893e+00
step  288 | acc=0.9110 | NZ=  1872 | sparsity=0.1333 | d_m=6.8666e+00
step  289 | acc=0.9110 | NZ=  1871 | sparsity=0.1338 | d_m=6.8545e+00
step  290 | acc=0.9110 | NZ=  1870 | sparsity=0.1343 | d_m=6.9196e+00
step  291 | acc=0.9110 | NZ=  1869 | sparsity=0.1347 | d_m=6.9686e+00
step  292 | acc=0.9110 | NZ=  1868 | sparsity=0.1352 | d_m=6.9857e+00
step  293 | acc=0.9110 | NZ=  1867 | sparsity=0.1356 | d_m=7.0488e+00
step  294 | acc=0.9110 | NZ=  1866 | sparsity=0.1361 | d_m=7.2514e+00
step  295 | acc=0.9110 | NZ=  1865 | sparsity=0.1366 | d_m=6.8257e+00
step  296 | acc=0.9110 | NZ=  1864 | sparsity=0.1370 | d_m=7.2854e+00
step  297 | acc=0.9110 | NZ=  1863 | sparsity=0.1375 | d_m=7.3738e+00
step  298 | acc=0.9110 | NZ=  1862 | sparsity=0.1380 | d_m=7.4931e+00
step  299 | acc=0.9110 | NZ=  1861 | sparsity=0.1384 | d_m=7.6496e+00
step  300 | acc=0.9110 | NZ=  1860 | sparsity=0.1389 | d_m=7.1874e+00
step  301 | acc=0.9110 | NZ=  1859 | sparsity=0.1394 | d_m=6.9454e+00
step  302 | acc=0.9110 | NZ=  1858 | sparsity=0.1398 | d_m=7.2119e+00
step  303 | acc=0.9110 | NZ=  1857 | sparsity=0.1403 | d_m=6.9145e+00
step  304 | acc=0.9110 | NZ=  1856 | sparsity=0.1407 | d_m=7.2827e+00
step  305 | acc=0.9110 | NZ=  1855 | sparsity=0.1412 | d_m=7.9176e+00
step  306 | acc=0.9110 | NZ=  1854 | sparsity=0.1417 | d_m=7.9196e+00
step  307 | acc=0.9110 | NZ=  1853 | sparsity=0.1421 | d_m=7.9670e+00
step  308 | acc=0.9110 | NZ=  1852 | sparsity=0.1426 | d_m=8.0074e+00
step  309 | acc=0.9110 | NZ=  1851 | sparsity=0.1431 | d_m=8.1784e+00
step  310 | acc=0.9110 | NZ=  1850 | sparsity=0.1435 | d_m=8.4246e+00
step  311 | acc=0.9110 | NZ=  1849 | sparsity=0.1440 | d_m=7.8585e+00
step  312 | acc=0.9110 | NZ=  1848 | sparsity=0.1444 | d_m=8.3521e+00
step  313 | acc=0.9110 | NZ=  1847 | sparsity=0.1449 | d_m=8.4863e+00
step  314 | acc=0.9110 | NZ=  1846 | sparsity=0.1454 | d_m=8.4301e+00
step  315 | acc=0.9110 | NZ=  1845 | sparsity=0.1458 | d_m=8.6574e+00
step  316 | acc=0.9110 | NZ=  1844 | sparsity=0.1463 | d_m=8.6830e+00
step  317 | acc=0.9110 | NZ=  1843 | sparsity=0.1468 | d_m=8.7668e+00
step  318 | acc=0.9110 | NZ=  1842 | sparsity=0.1472 | d_m=8.3501e+00
step  319 | acc=0.9110 | NZ=  1841 | sparsity=0.1477 | d_m=8.8325e+00
step  320 | acc=0.9110 | NZ=  1840 | sparsity=0.1481 | d_m=8.9136e+00
step  321 | acc=0.9110 | NZ=  1839 | sparsity=0.1486 | d_m=8.4192e+00
step  322 | acc=0.9110 | NZ=  1838 | sparsity=0.1491 | d_m=8.1950e+00
step  323 | acc=0.9110 | NZ=  1837 | sparsity=0.1495 | d_m=8.3696e+00
step  324 | acc=0.9110 | NZ=  1836 | sparsity=0.1500 | d_m=8.7888e+00
step  325 | acc=0.9110 | NZ=  1835 | sparsity=0.1505 | d_m=8.4349e+00
step  326 | acc=0.9110 | NZ=  1834 | sparsity=0.1509 | d_m=8.7303e+00
step  327 | acc=0.9110 | NZ=  1833 | sparsity=0.1514 | d_m=9.4445e+00
step  328 | acc=0.9110 | NZ=  1832 | sparsity=0.1519 | d_m=9.4772e+00
step  329 | acc=0.9110 | NZ=  1831 | sparsity=0.1523 | d_m=9.7454e+00
step  330 | acc=0.9110 | NZ=  1830 | sparsity=0.1528 | d_m=1.0155e+01
step  331 | acc=0.9110 | NZ=  1829 | sparsity=0.1532 | d_m=9.6855e+00
step  332 | acc=0.9110 | NZ=  1828 | sparsity=0.1537 | d_m=9.6652e+00
step  333 | acc=0.9110 | NZ=  1827 | sparsity=0.1542 | d_m=9.7267e+00
step  334 | acc=0.9110 | NZ=  1826 | sparsity=0.1546 | d_m=9.8090e+00
step  335 | acc=0.9110 | NZ=  1825 | sparsity=0.1551 | d_m=1.0063e+01
step  336 | acc=0.9110 | NZ=  1824 | sparsity=0.1556 | d_m=1.0164e+01
step  337 | acc=0.9110 | NZ=  1823 | sparsity=0.1560 | d_m=1.0318e+01
step  338 | acc=0.9110 | NZ=  1822 | sparsity=0.1565 | d_m=1.0535e+01
step  339 | acc=0.9110 | NZ=  1821 | sparsity=0.1569 | d_m=1.1073e+01
step  340 | acc=0.9110 | NZ=  1820 | sparsity=0.1574 | d_m=1.0597e+01
step  341 | acc=0.9110 | NZ=  1819 | sparsity=0.1579 | d_m=1.1129e+01
step  342 | acc=0.9110 | NZ=  1818 | sparsity=0.1583 | d_m=1.1471e+01
step  343 | acc=0.9110 | NZ=  1817 | sparsity=0.1588 | d_m=1.2014e+01
step  344 | acc=0.9110 | NZ=  1816 | sparsity=0.1593 | d_m=1.1411e+01
step  345 | acc=0.9110 | NZ=  1815 | sparsity=0.1597 | d_m=1.1080e+01
step  346 | acc=0.9110 | NZ=  1814 | sparsity=0.1602 | d_m=1.1550e+01
step  347 | acc=0.9110 | NZ=  1813 | sparsity=0.1606 | d_m=1.1882e+01
step  348 | acc=0.9110 | NZ=  1812 | sparsity=0.1611 | d_m=1.1353e+01
step  349 | acc=0.9110 | NZ=  1811 | sparsity=0.1616 | d_m=1.1120e+01
step  350 | acc=0.9110 | NZ=  1810 | sparsity=0.1620 | d_m=1.1744e+01
step  351 | acc=0.9110 | NZ=  1809 | sparsity=0.1625 | d_m=1.1703e+01
step  352 | acc=0.9110 | NZ=  1808 | sparsity=0.1630 | d_m=1.1936e+01
step  353 | acc=0.9110 | NZ=  1807 | sparsity=0.1634 | d_m=1.1510e+01
step  354 | acc=0.9110 | NZ=  1806 | sparsity=0.1639 | d_m=1.1211e+01
step  355 | acc=0.9110 | NZ=  1805 | sparsity=0.1644 | d_m=1.1388e+01
step  356 | acc=0.9110 | NZ=  1804 | sparsity=0.1648 | d_m=1.1790e+01
step  357 | acc=0.9110 | NZ=  1803 | sparsity=0.1653 | d_m=1.2306e+01
step  358 | acc=0.9110 | NZ=  1802 | sparsity=0.1657 | d_m=1.2836e+01
step  359 | acc=0.9110 | NZ=  1801 | sparsity=0.1662 | d_m=1.2689e+01
step  360 | acc=0.9110 | NZ=  1800 | sparsity=0.1667 | d_m=1.2954e+01
step  361 | acc=0.9110 | NZ=  1799 | sparsity=0.1671 | d_m=1.3342e+01
step  362 | acc=0.9110 | NZ=  1798 | sparsity=0.1676 | d_m=1.2933e+01
step  363 | acc=0.9110 | NZ=  1797 | sparsity=0.1681 | d_m=1.3269e+01
step  364 | acc=0.9110 | NZ=  1796 | sparsity=0.1685 | d_m=1.3078e+01
step  365 | acc=0.9110 | NZ=  1795 | sparsity=0.1690 | d_m=1.3285e+01
step  366 | acc=0.9110 | NZ=  1794 | sparsity=0.1694 | d_m=1.3400e+01
step  367 | acc=0.9110 | NZ=  1793 | sparsity=0.1699 | d_m=1.3461e+01
step  368 | acc=0.9110 | NZ=  1792 | sparsity=0.1704 | d_m=1.3673e+01
step  369 | acc=0.9110 | NZ=  1791 | sparsity=0.1708 | d_m=1.3682e+01
step  370 | acc=0.9110 | NZ=  1790 | sparsity=0.1713 | d_m=1.3806e+01
step  371 | acc=0.9110 | NZ=  1789 | sparsity=0.1718 | d_m=1.3856e+01
step  372 | acc=0.9110 | NZ=  1788 | sparsity=0.1722 | d_m=1.3984e+01
step  373 | acc=0.9110 | NZ=  1787 | sparsity=0.1727 | d_m=1.4166e+01
step  374 | acc=0.9110 | NZ=  1786 | sparsity=0.1731 | d_m=1.4638e+01
step  375 | acc=0.9110 | NZ=  1785 | sparsity=0.1736 | d_m=1.5310e+01
step  376 | acc=0.9110 | NZ=  1784 | sparsity=0.1741 | d_m=1.4617e+01
step  377 | acc=0.9110 | NZ=  1783 | sparsity=0.1745 | d_m=1.4513e+01
step  378 | acc=0.9110 | NZ=  1782 | sparsity=0.1750 | d_m=1.4799e+01
step  379 | acc=0.9110 | NZ=  1781 | sparsity=0.1755 | d_m=1.4301e+01
step  380 | acc=0.9110 | NZ=  1780 | sparsity=0.1759 | d_m=1.3825e+01
step  381 | acc=0.9110 | NZ=  1779 | sparsity=0.1764 | d_m=1.4062e+01
step  382 | acc=0.9110 | NZ=  1778 | sparsity=0.1769 | d_m=1.3639e+01
step  383 | acc=0.9110 | NZ=  1777 | sparsity=0.1773 | d_m=1.4016e+01
step  384 | acc=0.9110 | NZ=  1776 | sparsity=0.1778 | d_m=1.4419e+01
step  385 | acc=0.9110 | NZ=  1775 | sparsity=0.1782 | d_m=1.4456e+01
step  386 | acc=0.9110 | NZ=  1774 | sparsity=0.1787 | d_m=1.4649e+01
step  387 | acc=0.9110 | NZ=  1773 | sparsity=0.1792 | d_m=1.4615e+01
step  388 | acc=0.9110 | NZ=  1772 | sparsity=0.1796 | d_m=1.4813e+01
step  389 | acc=0.9110 | NZ=  1771 | sparsity=0.1801 | d_m=1.5076e+01
step  390 | acc=0.9110 | NZ=  1770 | sparsity=0.1806 | d_m=1.5166e+01
step  391 | acc=0.9110 | NZ=  1769 | sparsity=0.1810 | d_m=1.5341e+01
step  392 | acc=0.9110 | NZ=  1768 | sparsity=0.1815 | d_m=1.5438e+01
step  393 | acc=0.9110 | NZ=  1767 | sparsity=0.1819 | d_m=1.5566e+01
step  394 | acc=0.9110 | NZ=  1766 | sparsity=0.1824 | d_m=1.5743e+01
step  395 | acc=0.9110 | NZ=  1765 | sparsity=0.1829 | d_m=1.6223e+01
step  396 | acc=0.9110 | NZ=  1764 | sparsity=0.1833 | d_m=1.5949e+01
step  397 | acc=0.9110 | NZ=  1763 | sparsity=0.1838 | d_m=1.6118e+01
step  398 | acc=0.9110 | NZ=  1762 | sparsity=0.1843 | d_m=1.6129e+01
step  399 | acc=0.9110 | NZ=  1761 | sparsity=0.1847 | d_m=1.6382e+01
step  400 | acc=0.9110 | NZ=  1760 | sparsity=0.1852 | d_m=1.6475e+01
step  401 | acc=0.9100 | NZ=  1759 | sparsity=0.1856 | d_m=1.6894e+01
step  402 | acc=0.9100 | NZ=  1758 | sparsity=0.1861 | d_m=1.7563e+01
step  403 | acc=0.9100 | NZ=  1757 | sparsity=0.1866 | d_m=1.8429e+01
step  404 | acc=0.9100 | NZ=  1756 | sparsity=0.1870 | d_m=1.8907e+01
step  405 | acc=0.9100 | NZ=  1755 | sparsity=0.1875 | d_m=1.9917e+01
step  406 | acc=0.9110 | NZ=  1754 | sparsity=0.1880 | d_m=1.8737e+01
step  407 | acc=0.9110 | NZ=  1753 | sparsity=0.1884 | d_m=1.9600e+01
step  408 | acc=0.9110 | NZ=  1752 | sparsity=0.1889 | d_m=1.8744e+01
step  409 | acc=0.9110 | NZ=  1751 | sparsity=0.1894 | d_m=1.8827e+01
step  410 | acc=0.9110 | NZ=  1750 | sparsity=0.1898 | d_m=1.8584e+01
step  411 | acc=0.9110 | NZ=  1749 | sparsity=0.1903 | d_m=1.8950e+01
step  412 | acc=0.9110 | NZ=  1748 | sparsity=0.1907 | d_m=1.8671e+01
step  413 | acc=0.9110 | NZ=  1747 | sparsity=0.1912 | d_m=1.8911e+01
step  414 | acc=0.9110 | NZ=  1746 | sparsity=0.1917 | d_m=1.8959e+01
step  415 | acc=0.9110 | NZ=  1745 | sparsity=0.1921 | d_m=1.9074e+01
step  416 | acc=0.9110 | NZ=  1744 | sparsity=0.1926 | d_m=1.9063e+01
step  417 | acc=0.9100 | NZ=  1743 | sparsity=0.1931 | d_m=1.9139e+01
step  418 | acc=0.9110 | NZ=  1742 | sparsity=0.1935 | d_m=1.9222e+01
step  419 | acc=0.9110 | NZ=  1741 | sparsity=0.1940 | d_m=2.0590e+01
step  420 | acc=0.9110 | NZ=  1740 | sparsity=0.1944 | d_m=2.0810e+01
step  421 | acc=0.9110 | NZ=  1739 | sparsity=0.1949 | d_m=2.0849e+01
step  422 | acc=0.9110 | NZ=  1738 | sparsity=0.1954 | d_m=2.1026e+01
step  423 | acc=0.9110 | NZ=  1737 | sparsity=0.1958 | d_m=2.1309e+01
step  424 | acc=0.9110 | NZ=  1736 | sparsity=0.1963 | d_m=2.1613e+01
step  425 | acc=0.9110 | NZ=  1735 | sparsity=0.1968 | d_m=2.1910e+01
step  426 | acc=0.9110 | NZ=  1734 | sparsity=0.1972 | d_m=2.2628e+01
step  427 | acc=0.9110 | NZ=  1733 | sparsity=0.1977 | d_m=2.1979e+01
step  428 | acc=0.9110 | NZ=  1732 | sparsity=0.1981 | d_m=2.2628e+01
step  429 | acc=0.9110 | NZ=  1731 | sparsity=0.1986 | d_m=2.2189e+01
step  430 | acc=0.9110 | NZ=  1730 | sparsity=0.1991 | d_m=2.2763e+01
step  431 | acc=0.9110 | NZ=  1729 | sparsity=0.1995 | d_m=2.2479e+01
step  432 | acc=0.9110 | NZ=  1728 | sparsity=0.2000 | d_m=2.2964e+01
step  433 | acc=0.9110 | NZ=  1727 | sparsity=0.2005 | d_m=2.3868e+01
step  434 | acc=0.9110 | NZ=  1726 | sparsity=0.2009 | d_m=2.3052e+01
step  435 | acc=0.9110 | NZ=  1725 | sparsity=0.2014 | d_m=2.3841e+01
step  436 | acc=0.9110 | NZ=  1724 | sparsity=0.2019 | d_m=2.4253e+01
step  437 | acc=0.9110 | NZ=  1723 | sparsity=0.2023 | d_m=2.5316e+01
step  438 | acc=0.9110 | NZ=  1722 | sparsity=0.2028 | d_m=2.6486e+01
step  439 | acc=0.9110 | NZ=  1721 | sparsity=0.2032 | d_m=2.4801e+01
step  440 | acc=0.9110 | NZ=  1720 | sparsity=0.2037 | d_m=2.6065e+01
step  441 | acc=0.9110 | NZ=  1719 | sparsity=0.2042 | d_m=2.7445e+01
step  442 | acc=0.9110 | NZ=  1718 | sparsity=0.2046 | d_m=2.5728e+01
step  443 | acc=0.9110 | NZ=  1717 | sparsity=0.2051 | d_m=2.4772e+01
step  444 | acc=0.9110 | NZ=  1716 | sparsity=0.2056 | d_m=2.5797e+01
step  445 | acc=0.9110 | NZ=  1715 | sparsity=0.2060 | d_m=2.4940e+01
step  446 | acc=0.9110 | NZ=  1714 | sparsity=0.2065 | d_m=2.5848e+01
step  447 | acc=0.9110 | NZ=  1713 | sparsity=0.2069 | d_m=2.6660e+01
step  448 | acc=0.9110 | NZ=  1712 | sparsity=0.2074 | d_m=2.6153e+01
step  449 | acc=0.9110 | NZ=  1711 | sparsity=0.2079 | d_m=2.7010e+01
step  450 | acc=0.9110 | NZ=  1710 | sparsity=0.2083 | d_m=2.8324e+01
step  451 | acc=0.9110 | NZ=  1709 | sparsity=0.2088 | d_m=2.7123e+01
step  452 | acc=0.9110 | NZ=  1708 | sparsity=0.2093 | d_m=2.6533e+01
step  453 | acc=0.9110 | NZ=  1707 | sparsity=0.2097 | d_m=2.6050e+01
step  454 | acc=0.9110 | NZ=  1706 | sparsity=0.2102 | d_m=2.5918e+01
step  455 | acc=0.9110 | NZ=  1705 | sparsity=0.2106 | d_m=2.5824e+01
step  456 | acc=0.9110 | NZ=  1704 | sparsity=0.2111 | d_m=2.5639e+01
step  457 | acc=0.9110 | NZ=  1703 | sparsity=0.2116 | d_m=2.5635e+01
step  458 | acc=0.9110 | NZ=  1702 | sparsity=0.2120 | d_m=2.5497e+01
step  459 | acc=0.9110 | NZ=  1701 | sparsity=0.2125 | d_m=2.5535e+01
step  460 | acc=0.9110 | NZ=  1700 | sparsity=0.2130 | d_m=2.5489e+01
step  461 | acc=0.9110 | NZ=  1699 | sparsity=0.2134 | d_m=2.6343e+01
step  462 | acc=0.9110 | NZ=  1698 | sparsity=0.2139 | d_m=2.5821e+01
step  463 | acc=0.9110 | NZ=  1697 | sparsity=0.2144 | d_m=2.6160e+01
step  464 | acc=0.9110 | NZ=  1696 | sparsity=0.2148 | d_m=2.6248e+01
step  465 | acc=0.9110 | NZ=  1695 | sparsity=0.2153 | d_m=2.6585e+01
step  466 | acc=0.9120 | NZ=  1694 | sparsity=0.2157 | d_m=2.6799e+01
step  467 | acc=0.9110 | NZ=  1693 | sparsity=0.2162 | d_m=2.7044e+01
step  468 | acc=0.9110 | NZ=  1692 | sparsity=0.2167 | d_m=2.8101e+01
step  469 | acc=0.9110 | NZ=  1691 | sparsity=0.2171 | d_m=2.8889e+01
step  470 | acc=0.9110 | NZ=  1690 | sparsity=0.2176 | d_m=2.8349e+01
step  471 | acc=0.9110 | NZ=  1689 | sparsity=0.2181 | d_m=2.8545e+01
step  472 | acc=0.9110 | NZ=  1688 | sparsity=0.2185 | d_m=2.9047e+01
step  473 | acc=0.9110 | NZ=  1687 | sparsity=0.2190 | d_m=2.9335e+01
step  474 | acc=0.9110 | NZ=  1686 | sparsity=0.2194 | d_m=3.0242e+01
step  475 | acc=0.9110 | NZ=  1685 | sparsity=0.2199 | d_m=2.9754e+01
step  476 | acc=0.9110 | NZ=  1684 | sparsity=0.2204 | d_m=3.0036e+01
step  477 | acc=0.9110 | NZ=  1683 | sparsity=0.2208 | d_m=3.0258e+01
step  478 | acc=0.9110 | NZ=  1682 | sparsity=0.2213 | d_m=3.0499e+01
step  479 | acc=0.9110 | NZ=  1681 | sparsity=0.2218 | d_m=3.1313e+01
step  480 | acc=0.9110 | NZ=  1680 | sparsity=0.2222 | d_m=3.2491e+01
step  481 | acc=0.9110 | NZ=  1679 | sparsity=0.2227 | d_m=3.2693e+01
step  482 | acc=0.9110 | NZ=  1678 | sparsity=0.2231 | d_m=3.1644e+01
step  483 | acc=0.9110 | NZ=  1677 | sparsity=0.2236 | d_m=3.1381e+01
step  484 | acc=0.9110 | NZ=  1676 | sparsity=0.2241 | d_m=3.1500e+01
step  485 | acc=0.9110 | NZ=  1675 | sparsity=0.2245 | d_m=3.1831e+01
step  486 | acc=0.9110 | NZ=  1674 | sparsity=0.2250 | d_m=3.2295e+01
step  487 | acc=0.9110 | NZ=  1673 | sparsity=0.2255 | d_m=3.2028e+01
step  488 | acc=0.9110 | NZ=  1672 | sparsity=0.2259 | d_m=3.2120e+01
step  489 | acc=0.9110 | NZ=  1671 | sparsity=0.2264 | d_m=3.1896e+01
step  490 | acc=0.9110 | NZ=  1670 | sparsity=0.2269 | d_m=3.2369e+01
step  491 | acc=0.9110 | NZ=  1669 | sparsity=0.2273 | d_m=3.2580e+01
step  492 | acc=0.9110 | NZ=  1668 | sparsity=0.2278 | d_m=3.2886e+01
step  493 | acc=0.9110 | NZ=  1667 | sparsity=0.2282 | d_m=3.3198e+01
step  494 | acc=0.9110 | NZ=  1666 | sparsity=0.2287 | d_m=3.3653e+01
step  495 | acc=0.9110 | NZ=  1665 | sparsity=0.2292 | d_m=3.3886e+01
step  496 | acc=0.9110 | NZ=  1664 | sparsity=0.2296 | d_m=3.4140e+01
step  497 | acc=0.9110 | NZ=  1663 | sparsity=0.2301 | d_m=3.4903e+01
step  498 | acc=0.9110 | NZ=  1662 | sparsity=0.2306 | d_m=3.5288e+01
step  499 | acc=0.9110 | NZ=  1661 | sparsity=0.2310 | d_m=3.5402e+01
step  500 | acc=0.9110 | NZ=  1660 | sparsity=0.2315 | d_m=3.5134e+01
step  501 | acc=0.9110 | NZ=  1659 | sparsity=0.2319 | d_m=3.5405e+01
step  502 | acc=0.9110 | NZ=  1658 | sparsity=0.2324 | d_m=3.6308e+01
step  503 | acc=0.9110 | NZ=  1657 | sparsity=0.2329 | d_m=3.5827e+01
step  504 | acc=0.9110 | NZ=  1656 | sparsity=0.2333 | d_m=3.6481e+01
step  505 | acc=0.9110 | NZ=  1655 | sparsity=0.2338 | d_m=3.6198e+01
step  506 | acc=0.9110 | NZ=  1654 | sparsity=0.2343 | d_m=3.6444e+01
step  507 | acc=0.9110 | NZ=  1653 | sparsity=0.2347 | d_m=3.7530e+01
step  508 | acc=0.9110 | NZ=  1652 | sparsity=0.2352 | d_m=3.7881e+01
step  509 | acc=0.9110 | NZ=  1651 | sparsity=0.2356 | d_m=3.8325e+01
step  510 | acc=0.9110 | NZ=  1650 | sparsity=0.2361 | d_m=3.8382e+01
step  511 | acc=0.9110 | NZ=  1649 | sparsity=0.2366 | d_m=3.8339e+01
step  512 | acc=0.9110 | NZ=  1648 | sparsity=0.2370 | d_m=3.8032e+01
step  513 | acc=0.9110 | NZ=  1647 | sparsity=0.2375 | d_m=3.8827e+01
step  514 | acc=0.9110 | NZ=  1646 | sparsity=0.2380 | d_m=3.9400e+01
step  515 | acc=0.9110 | NZ=  1645 | sparsity=0.2384 | d_m=3.9152e+01
step  516 | acc=0.9110 | NZ=  1644 | sparsity=0.2389 | d_m=3.9447e+01
step  517 | acc=0.9110 | NZ=  1643 | sparsity=0.2394 | d_m=3.9897e+01
step  518 | acc=0.9110 | NZ=  1642 | sparsity=0.2398 | d_m=4.0399e+01
step  519 | acc=0.9110 | NZ=  1641 | sparsity=0.2403 | d_m=3.9882e+01
step  520 | acc=0.9110 | NZ=  1640 | sparsity=0.2407 | d_m=4.0454e+01
step  521 | acc=0.9100 | NZ=  1639 | sparsity=0.2412 | d_m=4.0832e+01
step  522 | acc=0.9100 | NZ=  1638 | sparsity=0.2417 | d_m=4.1537e+01
step  523 | acc=0.9100 | NZ=  1637 | sparsity=0.2421 | d_m=4.2314e+01
step  524 | acc=0.9100 | NZ=  1636 | sparsity=0.2426 | d_m=4.2043e+01
step  525 | acc=0.9100 | NZ=  1635 | sparsity=0.2431 | d_m=4.2668e+01
step  526 | acc=0.9100 | NZ=  1634 | sparsity=0.2435 | d_m=4.2676e+01
step  527 | acc=0.9100 | NZ=  1633 | sparsity=0.2440 | d_m=4.2766e+01
step  528 | acc=0.9100 | NZ=  1632 | sparsity=0.2444 | d_m=4.3484e+01
step  529 | acc=0.9110 | NZ=  1631 | sparsity=0.2449 | d_m=4.3998e+01
step  530 | acc=0.9110 | NZ=  1630 | sparsity=0.2454 | d_m=4.3863e+01
step  531 | acc=0.9110 | NZ=  1629 | sparsity=0.2458 | d_m=4.3946e+01
step  532 | acc=0.9110 | NZ=  1628 | sparsity=0.2463 | d_m=4.3815e+01
step  533 | acc=0.9110 | NZ=  1627 | sparsity=0.2468 | d_m=4.3637e+01
step  534 | acc=0.9110 | NZ=  1626 | sparsity=0.2472 | d_m=4.3559e+01
step  535 | acc=0.9110 | NZ=  1625 | sparsity=0.2477 | d_m=4.3869e+01
step  536 | acc=0.9110 | NZ=  1624 | sparsity=0.2481 | d_m=4.4216e+01
step  537 | acc=0.9110 | NZ=  1623 | sparsity=0.2486 | d_m=4.5021e+01
step  538 | acc=0.9110 | NZ=  1622 | sparsity=0.2491 | d_m=4.4742e+01
step  539 | acc=0.9110 | NZ=  1621 | sparsity=0.2495 | d_m=4.5194e+01
step  540 | acc=0.9110 | NZ=  1620 | sparsity=0.2500 | d_m=4.5949e+01
step  541 | acc=0.9110 | NZ=  1619 | sparsity=0.2505 | d_m=4.6346e+01
step  542 | acc=0.9110 | NZ=  1618 | sparsity=0.2509 | d_m=4.7024e+01
step  543 | acc=0.9110 | NZ=  1617 | sparsity=0.2514 | d_m=4.8068e+01
step  544 | acc=0.9110 | NZ=  1616 | sparsity=0.2519 | d_m=4.8200e+01
step  545 | acc=0.9110 | NZ=  1615 | sparsity=0.2523 | d_m=4.8309e+01
step  546 | acc=0.9110 | NZ=  1614 | sparsity=0.2528 | d_m=4.9487e+01
step  547 | acc=0.9110 | NZ=  1613 | sparsity=0.2532 | d_m=5.0549e+01
step  548 | acc=0.9110 | NZ=  1612 | sparsity=0.2537 | d_m=4.9358e+01
step  549 | acc=0.9110 | NZ=  1611 | sparsity=0.2542 | d_m=4.9865e+01
step  550 | acc=0.9110 | NZ=  1610 | sparsity=0.2546 | d_m=5.0951e+01
step  551 | acc=0.9110 | NZ=  1609 | sparsity=0.2551 | d_m=5.1135e+01
step  552 | acc=0.9110 | NZ=  1608 | sparsity=0.2556 | d_m=5.1440e+01
step  553 | acc=0.9110 | NZ=  1607 | sparsity=0.2560 | d_m=5.2100e+01
step  554 | acc=0.9110 | NZ=  1606 | sparsity=0.2565 | d_m=5.3133e+01
step  555 | acc=0.9110 | NZ=  1605 | sparsity=0.2569 | d_m=5.2608e+01
step  556 | acc=0.9110 | NZ=  1604 | sparsity=0.2574 | d_m=5.2902e+01
step  557 | acc=0.9110 | NZ=  1603 | sparsity=0.2579 | d_m=5.3569e+01
step  558 | acc=0.9110 | NZ=  1602 | sparsity=0.2583 | d_m=5.4184e+01
step  559 | acc=0.9110 | NZ=  1601 | sparsity=0.2588 | d_m=5.4830e+01
step  560 | acc=0.9110 | NZ=  1600 | sparsity=0.2593 | d_m=5.6124e+01
step  561 | acc=0.9110 | NZ=  1599 | sparsity=0.2597 | d_m=5.6249e+01
step  562 | acc=0.9110 | NZ=  1598 | sparsity=0.2602 | d_m=5.6658e+01
step  563 | acc=0.9110 | NZ=  1597 | sparsity=0.2606 | d_m=5.7371e+01
step  564 | acc=0.9110 | NZ=  1596 | sparsity=0.2611 | d_m=5.7325e+01
step  565 | acc=0.9110 | NZ=  1595 | sparsity=0.2616 | d_m=5.8451e+01
step  566 | acc=0.9110 | NZ=  1594 | sparsity=0.2620 | d_m=6.0170e+01
step  567 | acc=0.9110 | NZ=  1593 | sparsity=0.2625 | d_m=5.9229e+01
step  568 | acc=0.9110 | NZ=  1592 | sparsity=0.2630 | d_m=5.9530e+01
step  569 | acc=0.9110 | NZ=  1591 | sparsity=0.2634 | d_m=6.0206e+01
step  570 | acc=0.9110 | NZ=  1590 | sparsity=0.2639 | d_m=6.1909e+01
step  571 | acc=0.9110 | NZ=  1589 | sparsity=0.2644 | d_m=6.2231e+01
step  572 | acc=0.9110 | NZ=  1588 | sparsity=0.2648 | d_m=6.2909e+01
step  573 | acc=0.9110 | NZ=  1587 | sparsity=0.2653 | d_m=6.3868e+01
step  574 | acc=0.9110 | NZ=  1586 | sparsity=0.2657 | d_m=6.4363e+01
step  575 | acc=0.9110 | NZ=  1585 | sparsity=0.2662 | d_m=6.4878e+01
step  576 | acc=0.9110 | NZ=  1584 | sparsity=0.2667 | d_m=6.5463e+01
step  577 | acc=0.9110 | NZ=  1583 | sparsity=0.2671 | d_m=6.5801e+01
step  578 | acc=0.9110 | NZ=  1582 | sparsity=0.2676 | d_m=6.7728e+01
step  579 | acc=0.9110 | NZ=  1581 | sparsity=0.2681 | d_m=6.7652e+01
step  580 | acc=0.9110 | NZ=  1580 | sparsity=0.2685 | d_m=6.8472e+01
step  581 | acc=0.9110 | NZ=  1579 | sparsity=0.2690 | d_m=6.8682e+01
step  582 | acc=0.9120 | NZ=  1578 | sparsity=0.2694 | d_m=6.8913e+01
step  583 | acc=0.9120 | NZ=  1577 | sparsity=0.2699 | d_m=6.9938e+01
step  584 | acc=0.9120 | NZ=  1576 | sparsity=0.2704 | d_m=6.9870e+01
step  585 | acc=0.9120 | NZ=  1575 | sparsity=0.2708 | d_m=7.0375e+01
step  586 | acc=0.9120 | NZ=  1574 | sparsity=0.2713 | d_m=7.0872e+01
step  587 | acc=0.9120 | NZ=  1573 | sparsity=0.2718 | d_m=7.1609e+01
step  588 | acc=0.9120 | NZ=  1572 | sparsity=0.2722 | d_m=7.2612e+01
step  589 | acc=0.9120 | NZ=  1571 | sparsity=0.2727 | d_m=7.2681e+01
step  590 | acc=0.9120 | NZ=  1570 | sparsity=0.2731 | d_m=7.3224e+01
step  591 | acc=0.9120 | NZ=  1569 | sparsity=0.2736 | d_m=7.4329e+01
step  592 | acc=0.9110 | NZ=  1568 | sparsity=0.2741 | d_m=7.4917e+01
step  593 | acc=0.9110 | NZ=  1567 | sparsity=0.2745 | d_m=7.6771e+01
step  594 | acc=0.9120 | NZ=  1566 | sparsity=0.2750 | d_m=7.6986e+01
step  595 | acc=0.9110 | NZ=  1565 | sparsity=0.2755 | d_m=7.7378e+01
step  596 | acc=0.9120 | NZ=  1564 | sparsity=0.2759 | d_m=7.7927e+01
step  597 | acc=0.9110 | NZ=  1563 | sparsity=0.2764 | d_m=7.8679e+01
step  598 | acc=0.9110 | NZ=  1562 | sparsity=0.2769 | d_m=7.9498e+01
step  599 | acc=0.9110 | NZ=  1561 | sparsity=0.2773 | d_m=7.9980e+01
step  600 | acc=0.9110 | NZ=  1560 | sparsity=0.2778 | d_m=8.1255e+01
step  601 | acc=0.9110 | NZ=  1559 | sparsity=0.2782 | d_m=8.4131e+01
step  602 | acc=0.9120 | NZ=  1558 | sparsity=0.2787 | d_m=8.2332e+01
step  603 | acc=0.9120 | NZ=  1557 | sparsity=0.2792 | d_m=8.3121e+01
step  604 | acc=0.9120 | NZ=  1556 | sparsity=0.2796 | d_m=8.3732e+01
step  605 | acc=0.9120 | NZ=  1555 | sparsity=0.2801 | d_m=8.4360e+01
step  606 | acc=0.9120 | NZ=  1554 | sparsity=0.2806 | d_m=8.5836e+01
step  607 | acc=0.9120 | NZ=  1553 | sparsity=0.2810 | d_m=8.9296e+01
step  608 | acc=0.9110 | NZ=  1552 | sparsity=0.2815 | d_m=9.2863e+01
step  609 | acc=0.9110 | NZ=  1551 | sparsity=0.2819 | d_m=9.7001e+01
step  610 | acc=0.9110 | NZ=  1550 | sparsity=0.2824 | d_m=9.0199e+01
step  611 | acc=0.9110 | NZ=  1549 | sparsity=0.2829 | d_m=9.0194e+01
step  612 | acc=0.9120 | NZ=  1548 | sparsity=0.2833 | d_m=9.0594e+01
step  613 | acc=0.9120 | NZ=  1547 | sparsity=0.2838 | d_m=9.1269e+01
step  614 | acc=0.9120 | NZ=  1546 | sparsity=0.2843 | d_m=9.1735e+01
step  615 | acc=0.9120 | NZ=  1545 | sparsity=0.2847 | d_m=9.2825e+01
step  616 | acc=0.9120 | NZ=  1544 | sparsity=0.2852 | d_m=9.4287e+01
step  617 | acc=0.9120 | NZ=  1543 | sparsity=0.2856 | d_m=9.4262e+01
step  618 | acc=0.9120 | NZ=  1542 | sparsity=0.2861 | d_m=9.6402e+01
step  619 | acc=0.9110 | NZ=  1541 | sparsity=0.2866 | d_m=9.6574e+01
step  620 | acc=0.9110 | NZ=  1540 | sparsity=0.2870 | d_m=9.6011e+01
step  621 | acc=0.9110 | NZ=  1539 | sparsity=0.2875 | d_m=9.5942e+01
step  622 | acc=0.9110 | NZ=  1538 | sparsity=0.2880 | d_m=9.5818e+01
step  623 | acc=0.9110 | NZ=  1537 | sparsity=0.2884 | d_m=9.6098e+01
step  624 | acc=0.9110 | NZ=  1536 | sparsity=0.2889 | d_m=9.6128e+01
step  625 | acc=0.9110 | NZ=  1535 | sparsity=0.2894 | d_m=9.5610e+01
step  626 | acc=0.9110 | NZ=  1534 | sparsity=0.2898 | d_m=9.5906e+01
step  627 | acc=0.9110 | NZ=  1533 | sparsity=0.2903 | d_m=9.8004e+01
step  628 | acc=0.9110 | NZ=  1532 | sparsity=0.2907 | d_m=9.7767e+01
step  629 | acc=0.9110 | NZ=  1531 | sparsity=0.2912 | d_m=1.0034e+02
step  630 | acc=0.9120 | NZ=  1530 | sparsity=0.2917 | d_m=1.0104e+02
step  631 | acc=0.9120 | NZ=  1529 | sparsity=0.2921 | d_m=1.0140e+02
step  632 | acc=0.9120 | NZ=  1528 | sparsity=0.2926 | d_m=1.0208e+02
step  633 | acc=0.9110 | NZ=  1527 | sparsity=0.2931 | d_m=1.0459e+02
step  634 | acc=0.9110 | NZ=  1526 | sparsity=0.2935 | d_m=1.0488e+02
step  635 | acc=0.9100 | NZ=  1525 | sparsity=0.2940 | d_m=1.0560e+02
step  636 | acc=0.9100 | NZ=  1524 | sparsity=0.2944 | d_m=1.0667e+02
step  637 | acc=0.9100 | NZ=  1523 | sparsity=0.2949 | d_m=1.0862e+02
step  638 | acc=0.9090 | NZ=  1522 | sparsity=0.2954 | d_m=1.1163e+02
step  639 | acc=0.9100 | NZ=  1521 | sparsity=0.2958 | d_m=1.0988e+02
step  640 | acc=0.9100 | NZ=  1520 | sparsity=0.2963 | d_m=1.1196e+02
step  641 | acc=0.9100 | NZ=  1519 | sparsity=0.2968 | d_m=1.1247e+02
step  642 | acc=0.9100 | NZ=  1518 | sparsity=0.2972 | d_m=1.1198e+02
step  643 | acc=0.9100 | NZ=  1517 | sparsity=0.2977 | d_m=1.1366e+02
step  644 | acc=0.9100 | NZ=  1516 | sparsity=0.2981 | d_m=1.1404e+02
step  645 | acc=0.9100 | NZ=  1515 | sparsity=0.2986 | d_m=1.1528e+02
step  646 | acc=0.9100 | NZ=  1514 | sparsity=0.2991 | d_m=1.1569e+02
step  647 | acc=0.9100 | NZ=  1513 | sparsity=0.2995 | d_m=1.1625e+02
step  648 | acc=0.9090 | NZ=  1512 | sparsity=0.3000 | d_m=1.1646e+02
step  649 | acc=0.9090 | NZ=  1511 | sparsity=0.3005 | d_m=1.1911e+02
step  650 | acc=0.9090 | NZ=  1510 | sparsity=0.3009 | d_m=1.2528e+02
step  651 | acc=0.9080 | NZ=  1509 | sparsity=0.3014 | d_m=1.2509e+02
step  652 | acc=0.9080 | NZ=  1508 | sparsity=0.3019 | d_m=1.2418e+02
step  653 | acc=0.9080 | NZ=  1507 | sparsity=0.3023 | d_m=1.2327e+02
step  654 | acc=0.9080 | NZ=  1506 | sparsity=0.3028 | d_m=1.2435e+02
step  655 | acc=0.9080 | NZ=  1505 | sparsity=0.3032 | d_m=1.2548e+02
step  656 | acc=0.9080 | NZ=  1504 | sparsity=0.3037 | d_m=1.2670e+02
step  657 | acc=0.9080 | NZ=  1503 | sparsity=0.3042 | d_m=1.2804e+02
step  658 | acc=0.9090 | NZ=  1502 | sparsity=0.3046 | d_m=1.2954e+02
step  659 | acc=0.9090 | NZ=  1501 | sparsity=0.3051 | d_m=1.3348e+02
step  660 | acc=0.9090 | NZ=  1500 | sparsity=0.3056 | d_m=1.3277e+02
step  661 | acc=0.9090 | NZ=  1499 | sparsity=0.3060 | d_m=1.3372e+02
step  662 | acc=0.9090 | NZ=  1498 | sparsity=0.3065 | d_m=1.3511e+02
step  663 | acc=0.9090 | NZ=  1497 | sparsity=0.3069 | d_m=1.3929e+02
step  664 | acc=0.9090 | NZ=  1496 | sparsity=0.3074 | d_m=1.4425e+02
step  665 | acc=0.9090 | NZ=  1495 | sparsity=0.3079 | d_m=1.4376e+02
step  666 | acc=0.9090 | NZ=  1494 | sparsity=0.3083 | d_m=1.4154e+02
step  667 | acc=0.9090 | NZ=  1493 | sparsity=0.3088 | d_m=1.4450e+02
step  668 | acc=0.9090 | NZ=  1492 | sparsity=0.3093 | d_m=1.4850e+02
step  669 | acc=0.9090 | NZ=  1491 | sparsity=0.3097 | d_m=1.4252e+02
step  670 | acc=0.9090 | NZ=  1490 | sparsity=0.3102 | d_m=1.4764e+02
step  671 | acc=0.9100 | NZ=  1489 | sparsity=0.3106 | d_m=1.4557e+02
step  672 | acc=0.9100 | NZ=  1488 | sparsity=0.3111 | d_m=1.4955e+02
step  673 | acc=0.9100 | NZ=  1487 | sparsity=0.3116 | d_m=1.4994e+02
step  674 | acc=0.9100 | NZ=  1486 | sparsity=0.3120 | d_m=1.5068e+02
step  675 | acc=0.9100 | NZ=  1485 | sparsity=0.3125 | d_m=1.5207e+02
step  676 | acc=0.9100 | NZ=  1484 | sparsity=0.3130 | d_m=1.5251e+02
step  677 | acc=0.9100 | NZ=  1483 | sparsity=0.3134 | d_m=1.5276e+02
step  678 | acc=0.9090 | NZ=  1482 | sparsity=0.3139 | d_m=1.5834e+02
step  679 | acc=0.9100 | NZ=  1481 | sparsity=0.3144 | d_m=1.5584e+02
step  680 | acc=0.9100 | NZ=  1480 | sparsity=0.3148 | d_m=1.5845e+02
step  681 | acc=0.9100 | NZ=  1479 | sparsity=0.3153 | d_m=1.6493e+02
step  682 | acc=0.9110 | NZ=  1478 | sparsity=0.3157 | d_m=1.7401e+02
step  683 | acc=0.9110 | NZ=  1477 | sparsity=0.3162 | d_m=1.6767e+02
step  684 | acc=0.9110 | NZ=  1476 | sparsity=0.3167 | d_m=1.6595e+02
step  685 | acc=0.9110 | NZ=  1475 | sparsity=0.3171 | d_m=1.7038e+02
step  686 | acc=0.9110 | NZ=  1474 | sparsity=0.3176 | d_m=1.7053e+02
step  687 | acc=0.9110 | NZ=  1473 | sparsity=0.3181 | d_m=1.6845e+02
step  688 | acc=0.9110 | NZ=  1472 | sparsity=0.3185 | d_m=1.7243e+02
step  689 | acc=0.9110 | NZ=  1471 | sparsity=0.3190 | d_m=1.7318e+02
step  690 | acc=0.9110 | NZ=  1470 | sparsity=0.3194 | d_m=1.7236e+02
step  691 | acc=0.9110 | NZ=  1469 | sparsity=0.3199 | d_m=1.7703e+02
step  692 | acc=0.9110 | NZ=  1468 | sparsity=0.3204 | d_m=1.7619e+02
step  693 | acc=0.9110 | NZ=  1467 | sparsity=0.3208 | d_m=1.8090e+02
step  694 | acc=0.9110 | NZ=  1466 | sparsity=0.3213 | d_m=1.8199e+02
step  695 | acc=0.9110 | NZ=  1465 | sparsity=0.3218 | d_m=1.8085e+02
step  696 | acc=0.9110 | NZ=  1464 | sparsity=0.3222 | d_m=1.8570e+02
step  697 | acc=0.9110 | NZ=  1463 | sparsity=0.3227 | d_m=1.8629e+02
step  698 | acc=0.9110 | NZ=  1462 | sparsity=0.3231 | d_m=1.8772e+02
step  699 | acc=0.9110 | NZ=  1461 | sparsity=0.3236 | d_m=1.8956e+02
step  700 | acc=0.9110 | NZ=  1460 | sparsity=0.3241 | d_m=1.8953e+02
step  701 | acc=0.9110 | NZ=  1459 | sparsity=0.3245 | d_m=1.9369e+02
step  702 | acc=0.9110 | NZ=  1458 | sparsity=0.3250 | d_m=1.9541e+02
step  703 | acc=0.9110 | NZ=  1457 | sparsity=0.3255 | d_m=1.9420e+02
step  704 | acc=0.9110 | NZ=  1456 | sparsity=0.3259 | d_m=1.9727e+02
step  705 | acc=0.9100 | NZ=  1455 | sparsity=0.3264 | d_m=1.9960e+02
step  706 | acc=0.9090 | NZ=  1454 | sparsity=0.3269 | d_m=1.9991e+02
step  707 | acc=0.9090 | NZ=  1453 | sparsity=0.3273 | d_m=2.0336e+02
step  708 | acc=0.9090 | NZ=  1452 | sparsity=0.3278 | d_m=2.0502e+02
step  709 | acc=0.9090 | NZ=  1451 | sparsity=0.3282 | d_m=2.0542e+02
step  710 | acc=0.9090 | NZ=  1450 | sparsity=0.3287 | d_m=2.0901e+02
step  711 | acc=0.9090 | NZ=  1449 | sparsity=0.3292 | d_m=2.0622e+02
step  712 | acc=0.9080 | NZ=  1448 | sparsity=0.3296 | d_m=2.1482e+02
step  713 | acc=0.9080 | NZ=  1447 | sparsity=0.3301 | d_m=2.1604e+02
step  714 | acc=0.9080 | NZ=  1446 | sparsity=0.3306 | d_m=2.1760e+02
step  715 | acc=0.9080 | NZ=  1445 | sparsity=0.3310 | d_m=2.1845e+02
step  716 | acc=0.9080 | NZ=  1444 | sparsity=0.3315 | d_m=2.2018e+02
step  717 | acc=0.9080 | NZ=  1443 | sparsity=0.3319 | d_m=2.2200e+02
step  718 | acc=0.9080 | NZ=  1442 | sparsity=0.3324 | d_m=2.2429e+02
step  719 | acc=0.9070 | NZ=  1441 | sparsity=0.3329 | d_m=2.2692e+02
step  720 | acc=0.9070 | NZ=  1440 | sparsity=0.3333 | d_m=2.2506e+02
step  721 | acc=0.9070 | NZ=  1439 | sparsity=0.3338 | d_m=2.2901e+02
step  722 | acc=0.9080 | NZ=  1438 | sparsity=0.3343 | d_m=2.2750e+02
step  723 | acc=0.9080 | NZ=  1437 | sparsity=0.3347 | d_m=2.3419e+02
step  724 | acc=0.9080 | NZ=  1436 | sparsity=0.3352 | d_m=2.3538e+02
step  725 | acc=0.9080 | NZ=  1435 | sparsity=0.3356 | d_m=2.3714e+02
step  726 | acc=0.9080 | NZ=  1434 | sparsity=0.3361 | d_m=2.3908e+02
step  727 | acc=0.9080 | NZ=  1433 | sparsity=0.3366 | d_m=2.4086e+02
step  728 | acc=0.9080 | NZ=  1432 | sparsity=0.3370 | d_m=2.4184e+02
step  729 | acc=0.9080 | NZ=  1431 | sparsity=0.3375 | d_m=2.4342e+02
step  730 | acc=0.9070 | NZ=  1430 | sparsity=0.3380 | d_m=2.4244e+02
step  731 | acc=0.9080 | NZ=  1429 | sparsity=0.3384 | d_m=2.4617e+02
step  732 | acc=0.9080 | NZ=  1428 | sparsity=0.3389 | d_m=2.4719e+02
step  733 | acc=0.9080 | NZ=  1427 | sparsity=0.3394 | d_m=2.4864e+02
step  734 | acc=0.9080 | NZ=  1426 | sparsity=0.3398 | d_m=2.5062e+02
step  735 | acc=0.9080 | NZ=  1425 | sparsity=0.3403 | d_m=2.5333e+02
step  736 | acc=0.9080 | NZ=  1424 | sparsity=0.3407 | d_m=2.5586e+02
step  737 | acc=0.9080 | NZ=  1423 | sparsity=0.3412 | d_m=2.5823e+02
step  738 | acc=0.9080 | NZ=  1422 | sparsity=0.3417 | d_m=2.6065e+02
step  739 | acc=0.9080 | NZ=  1421 | sparsity=0.3421 | d_m=2.7382e+02
step  740 | acc=0.9080 | NZ=  1420 | sparsity=0.3426 | d_m=2.7304e+02
step  741 | acc=0.9080 | NZ=  1419 | sparsity=0.3431 | d_m=2.7354e+02
step  742 | acc=0.9080 | NZ=  1418 | sparsity=0.3435 | d_m=2.7461e+02
step  743 | acc=0.9080 | NZ=  1417 | sparsity=0.3440 | d_m=2.7491e+02
step  744 | acc=0.9080 | NZ=  1416 | sparsity=0.3444 | d_m=2.8760e+02
step  745 | acc=0.9080 | NZ=  1415 | sparsity=0.3449 | d_m=2.8787e+02
step  746 | acc=0.9080 | NZ=  1414 | sparsity=0.3454 | d_m=2.8908e+02
step  747 | acc=0.9070 | NZ=  1413 | sparsity=0.3458 | d_m=2.9099e+02
step  748 | acc=0.9070 | NZ=  1412 | sparsity=0.3463 | d_m=2.9189e+02
step  749 | acc=0.9080 | NZ=  1411 | sparsity=0.3468 | d_m=2.9399e+02
step  750 | acc=0.9080 | NZ=  1410 | sparsity=0.3472 | d_m=2.9648e+02
step  751 | acc=0.9080 | NZ=  1409 | sparsity=0.3477 | d_m=2.9751e+02
step  752 | acc=0.9080 | NZ=  1408 | sparsity=0.3481 | d_m=2.9928e+02
step  753 | acc=0.9080 | NZ=  1407 | sparsity=0.3486 | d_m=3.0198e+02
step  754 | acc=0.9080 | NZ=  1406 | sparsity=0.3491 | d_m=3.0446e+02
step  755 | acc=0.9080 | NZ=  1405 | sparsity=0.3495 | d_m=3.0746e+02
step  756 | acc=0.9080 | NZ=  1404 | sparsity=0.3500 | d_m=3.0988e+02
step  757 | acc=0.9080 | NZ=  1403 | sparsity=0.3505 | d_m=3.2368e+02
step  758 | acc=0.9080 | NZ=  1402 | sparsity=0.3509 | d_m=3.2264e+02
step  759 | acc=0.9080 | NZ=  1401 | sparsity=0.3514 | d_m=3.2212e+02
step  760 | acc=0.9080 | NZ=  1400 | sparsity=0.3519 | d_m=3.2114e+02
step  761 | acc=0.9070 | NZ=  1399 | sparsity=0.3523 | d_m=3.2303e+02
step  762 | acc=0.9070 | NZ=  1398 | sparsity=0.3528 | d_m=3.2573e+02
step  763 | acc=0.9070 | NZ=  1397 | sparsity=0.3532 | d_m=3.2804e+02
step  764 | acc=0.9080 | NZ=  1396 | sparsity=0.3537 | d_m=3.3057e+02
step  765 | acc=0.9080 | NZ=  1395 | sparsity=0.3542 | d_m=3.3305e+02
step  766 | acc=0.9080 | NZ=  1394 | sparsity=0.3546 | d_m=3.3418e+02
step  767 | acc=0.9080 | NZ=  1393 | sparsity=0.3551 | d_m=3.3852e+02
step  768 | acc=0.9080 | NZ=  1392 | sparsity=0.3556 | d_m=3.3515e+02
step  769 | acc=0.9080 | NZ=  1391 | sparsity=0.3560 | d_m=3.4592e+02
step  770 | acc=0.9080 | NZ=  1390 | sparsity=0.3565 | d_m=3.4972e+02
step  771 | acc=0.9080 | NZ=  1389 | sparsity=0.3569 | d_m=3.5318e+02
step  772 | acc=0.9080 | NZ=  1388 | sparsity=0.3574 | d_m=3.5692e+02
step  773 | acc=0.9080 | NZ=  1387 | sparsity=0.3579 | d_m=3.6113e+02
step  774 | acc=0.9080 | NZ=  1386 | sparsity=0.3583 | d_m=3.6419e+02
step  775 | acc=0.9080 | NZ=  1385 | sparsity=0.3588 | d_m=3.6775e+02
step  776 | acc=0.9080 | NZ=  1384 | sparsity=0.3593 | d_m=3.6955e+02
step  777 | acc=0.9080 | NZ=  1383 | sparsity=0.3597 | d_m=3.7367e+02
step  778 | acc=0.9070 | NZ=  1382 | sparsity=0.3602 | d_m=3.9355e+02
step  779 | acc=0.9080 | NZ=  1381 | sparsity=0.3606 | d_m=3.9389e+02
step  780 | acc=0.9080 | NZ=  1380 | sparsity=0.3611 | d_m=3.9611e+02
step  781 | acc=0.9080 | NZ=  1379 | sparsity=0.3616 | d_m=3.9919e+02
step  782 | acc=0.9080 | NZ=  1378 | sparsity=0.3620 | d_m=4.0199e+02
step  783 | acc=0.9080 | NZ=  1377 | sparsity=0.3625 | d_m=4.0505e+02
step  784 | acc=0.9070 | NZ=  1376 | sparsity=0.3630 | d_m=4.0836e+02
step  785 | acc=0.9080 | NZ=  1375 | sparsity=0.3634 | d_m=4.1168e+02
step  786 | acc=0.9080 | NZ=  1374 | sparsity=0.3639 | d_m=4.1513e+02
step  787 | acc=0.9080 | NZ=  1373 | sparsity=0.3644 | d_m=4.1664e+02
step  788 | acc=0.9080 | NZ=  1372 | sparsity=0.3648 | d_m=4.2040e+02
step  789 | acc=0.9080 | NZ=  1371 | sparsity=0.3653 | d_m=4.2484e+02
step  790 | acc=0.9080 | NZ=  1370 | sparsity=0.3657 | d_m=4.2842e+02
step  791 | acc=0.9080 | NZ=  1369 | sparsity=0.3662 | d_m=4.3126e+02
step  792 | acc=0.9070 | NZ=  1368 | sparsity=0.3667 | d_m=4.2307e+02
step  793 | acc=0.9080 | NZ=  1367 | sparsity=0.3671 | d_m=4.2357e+02
step  794 | acc=0.9080 | NZ=  1366 | sparsity=0.3676 | d_m=4.2672e+02
step  795 | acc=0.9080 | NZ=  1365 | sparsity=0.3681 | d_m=4.2229e+02
step  796 | acc=0.9070 | NZ=  1364 | sparsity=0.3685 | d_m=4.2236e+02
step  797 | acc=0.9070 | NZ=  1363 | sparsity=0.3690 | d_m=4.2143e+02
step  798 | acc=0.9070 | NZ=  1362 | sparsity=0.3694 | d_m=4.3164e+02
step  799 | acc=0.9080 | NZ=  1361 | sparsity=0.3699 | d_m=4.5799e+02
step  800 | acc=0.9080 | NZ=  1360 | sparsity=0.3704 | d_m=4.5784e+02
step  801 | acc=0.9070 | NZ=  1359 | sparsity=0.3708 | d_m=4.5895e+02
step  802 | acc=0.9070 | NZ=  1358 | sparsity=0.3713 | d_m=4.6034e+02
step  803 | acc=0.9070 | NZ=  1357 | sparsity=0.3718 | d_m=4.6173e+02
step  804 | acc=0.9060 | NZ=  1356 | sparsity=0.3722 | d_m=4.6439e+02
step  805 | acc=0.9060 | NZ=  1355 | sparsity=0.3727 | d_m=4.6750e+02
step  806 | acc=0.9070 | NZ=  1354 | sparsity=0.3731 | d_m=4.6581e+02
step  807 | acc=0.9070 | NZ=  1353 | sparsity=0.3736 | d_m=4.6959e+02
step  808 | acc=0.9070 | NZ=  1352 | sparsity=0.3741 | d_m=4.7375e+02
step  809 | acc=0.9070 | NZ=  1351 | sparsity=0.3745 | d_m=4.7639e+02
step  810 | acc=0.9070 | NZ=  1350 | sparsity=0.3750 | d_m=4.7797e+02
step  811 | acc=0.9070 | NZ=  1349 | sparsity=0.3755 | d_m=4.8091e+02
step  812 | acc=0.9060 | NZ=  1348 | sparsity=0.3759 | d_m=4.8560e+02
step  813 | acc=0.9060 | NZ=  1347 | sparsity=0.3764 | d_m=4.9139e+02
step  814 | acc=0.9060 | NZ=  1346 | sparsity=0.3769 | d_m=4.9694e+02
step  815 | acc=0.9060 | NZ=  1345 | sparsity=0.3773 | d_m=4.9970e+02
step  816 | acc=0.9060 | NZ=  1344 | sparsity=0.3778 | d_m=5.0117e+02
step  817 | acc=0.9070 | NZ=  1343 | sparsity=0.3782 | d_m=5.0495e+02
step  818 | acc=0.9060 | NZ=  1342 | sparsity=0.3787 | d_m=5.1087e+02
step  819 | acc=0.9060 | NZ=  1341 | sparsity=0.3792 | d_m=5.0503e+02
step  820 | acc=0.9060 | NZ=  1340 | sparsity=0.3796 | d_m=5.1496e+02
step  821 | acc=0.9070 | NZ=  1339 | sparsity=0.3801 | d_m=5.1949e+02
step  822 | acc=0.9070 | NZ=  1338 | sparsity=0.3806 | d_m=5.2204e+02
step  823 | acc=0.9080 | NZ=  1337 | sparsity=0.3810 | d_m=5.2396e+02
step  824 | acc=0.9080 | NZ=  1336 | sparsity=0.3815 | d_m=5.2555e+02
step  825 | acc=0.9060 | NZ=  1335 | sparsity=0.3819 | d_m=5.2987e+02
step  826 | acc=0.9060 | NZ=  1334 | sparsity=0.3824 | d_m=5.3470e+02
step  827 | acc=0.9070 | NZ=  1333 | sparsity=0.3829 | d_m=5.4055e+02
step  828 | acc=0.9070 | NZ=  1332 | sparsity=0.3833 | d_m=5.4570e+02
step  829 | acc=0.9070 | NZ=  1331 | sparsity=0.3838 | d_m=5.4853e+02
step  830 | acc=0.9070 | NZ=  1330 | sparsity=0.3843 | d_m=5.5472e+02
step  831 | acc=0.9070 | NZ=  1329 | sparsity=0.3847 | d_m=5.6133e+02
step  832 | acc=0.9070 | NZ=  1328 | sparsity=0.3852 | d_m=5.6666e+02
step  833 | acc=0.9070 | NZ=  1327 | sparsity=0.3856 | d_m=5.7057e+02
step  834 | acc=0.9060 | NZ=  1326 | sparsity=0.3861 | d_m=5.7504e+02
step  835 | acc=0.9060 | NZ=  1325 | sparsity=0.3866 | d_m=5.7870e+02
step  836 | acc=0.9060 | NZ=  1324 | sparsity=0.3870 | d_m=5.8424e+02
step  837 | acc=0.9060 | NZ=  1323 | sparsity=0.3875 | d_m=5.8919e+02
step  838 | acc=0.9050 | NZ=  1322 | sparsity=0.3880 | d_m=5.9464e+02
step  839 | acc=0.9060 | NZ=  1321 | sparsity=0.3884 | d_m=6.0209e+02
step  840 | acc=0.9060 | NZ=  1320 | sparsity=0.3889 | d_m=6.0595e+02
step  841 | acc=0.9060 | NZ=  1319 | sparsity=0.3894 | d_m=6.1289e+02
step  842 | acc=0.9060 | NZ=  1318 | sparsity=0.3898 | d_m=6.1822e+02
step  843 | acc=0.9060 | NZ=  1317 | sparsity=0.3903 | d_m=6.2393e+02
step  844 | acc=0.9060 | NZ=  1316 | sparsity=0.3907 | d_m=6.3142e+02
step  845 | acc=0.9060 | NZ=  1315 | sparsity=0.3912 | d_m=6.3745e+02
step  846 | acc=0.9060 | NZ=  1314 | sparsity=0.3917 | d_m=6.4306e+02
step  847 | acc=0.9060 | NZ=  1313 | sparsity=0.3921 | d_m=6.4773e+02
step  848 | acc=0.9060 | NZ=  1312 | sparsity=0.3926 | d_m=6.7354e+02
step  849 | acc=0.9060 | NZ=  1311 | sparsity=0.3931 | d_m=6.7436e+02
step  850 | acc=0.9060 | NZ=  1310 | sparsity=0.3935 | d_m=6.7435e+02
step  851 | acc=0.9060 | NZ=  1309 | sparsity=0.3940 | d_m=6.7917e+02
step  852 | acc=0.9060 | NZ=  1308 | sparsity=0.3944 | d_m=6.8462e+02
step  853 | acc=0.9060 | NZ=  1307 | sparsity=0.3949 | d_m=6.9195e+02
step  854 | acc=0.9060 | NZ=  1306 | sparsity=0.3954 | d_m=6.9991e+02
step  855 | acc=0.9060 | NZ=  1305 | sparsity=0.3958 | d_m=7.0617e+02
step  856 | acc=0.9060 | NZ=  1304 | sparsity=0.3963 | d_m=7.1270e+02
step  857 | acc=0.9060 | NZ=  1303 | sparsity=0.3968 | d_m=7.1550e+02
step  858 | acc=0.9060 | NZ=  1302 | sparsity=0.3972 | d_m=7.2145e+02
step  859 | acc=0.9060 | NZ=  1301 | sparsity=0.3977 | d_m=7.2803e+02
step  860 | acc=0.9060 | NZ=  1300 | sparsity=0.3981 | d_m=7.3491e+02
step  861 | acc=0.9060 | NZ=  1299 | sparsity=0.3986 | d_m=7.3915e+02
step  862 | acc=0.9060 | NZ=  1298 | sparsity=0.3991 | d_m=7.4572e+02
step  863 | acc=0.9060 | NZ=  1297 | sparsity=0.3995 | d_m=7.5230e+02
step  864 | acc=0.9060 | NZ=  1296 | sparsity=0.4000 | d_m=7.5577e+02
step  865 | acc=0.9060 | NZ=  1295 | sparsity=0.4005 | d_m=7.5937e+02
step  866 | acc=0.9060 | NZ=  1294 | sparsity=0.4009 | d_m=7.6645e+02
step  867 | acc=0.9060 | NZ=  1293 | sparsity=0.4014 | d_m=7.7575e+02
step  868 | acc=0.9060 | NZ=  1292 | sparsity=0.4019 | d_m=7.8266e+02
step  869 | acc=0.9060 | NZ=  1291 | sparsity=0.4023 | d_m=7.8846e+02
step  870 | acc=0.9060 | NZ=  1290 | sparsity=0.4028 | d_m=7.9237e+02
step  871 | acc=0.9060 | NZ=  1289 | sparsity=0.4032 | d_m=7.9970e+02
step  872 | acc=0.9060 | NZ=  1288 | sparsity=0.4037 | d_m=8.0824e+02
step  873 | acc=0.9060 | NZ=  1287 | sparsity=0.4042 | d_m=8.1561e+02
step  874 | acc=0.9060 | NZ=  1286 | sparsity=0.4046 | d_m=8.1954e+02
step  875 | acc=0.9060 | NZ=  1285 | sparsity=0.4051 | d_m=8.2265e+02
step  876 | acc=0.9060 | NZ=  1284 | sparsity=0.4056 | d_m=8.2851e+02
step  877 | acc=0.9060 | NZ=  1283 | sparsity=0.4060 | d_m=8.3195e+02
step  878 | acc=0.9060 | NZ=  1282 | sparsity=0.4065 | d_m=8.3577e+02
step  879 | acc=0.9060 | NZ=  1281 | sparsity=0.4069 | d_m=8.4405e+02
step  880 | acc=0.9060 | NZ=  1280 | sparsity=0.4074 | d_m=8.4874e+02
step  881 | acc=0.9060 | NZ=  1279 | sparsity=0.4079 | d_m=8.4887e+02
step  882 | acc=0.9060 | NZ=  1278 | sparsity=0.4083 | d_m=8.5849e+02
step  883 | acc=0.9060 | NZ=  1277 | sparsity=0.4088 | d_m=8.6743e+02
step  884 | acc=0.9060 | NZ=  1276 | sparsity=0.4093 | d_m=8.7223e+02
step  885 | acc=0.9060 | NZ=  1275 | sparsity=0.4097 | d_m=8.7879e+02
step  886 | acc=0.9050 | NZ=  1274 | sparsity=0.4102 | d_m=8.8815e+02
step  887 | acc=0.9050 | NZ=  1273 | sparsity=0.4106 | d_m=9.0118e+02
step  888 | acc=0.9050 | NZ=  1272 | sparsity=0.4111 | d_m=9.0960e+02
step  889 | acc=0.9060 | NZ=  1271 | sparsity=0.4116 | d_m=9.2283e+02
step  890 | acc=0.9060 | NZ=  1270 | sparsity=0.4120 | d_m=9.3498e+02
step  891 | acc=0.9060 | NZ=  1269 | sparsity=0.4125 | d_m=9.4747e+02
step  892 | acc=0.9060 | NZ=  1268 | sparsity=0.4130 | d_m=9.5599e+02
step  893 | acc=0.9060 | NZ=  1267 | sparsity=0.4134 | d_m=9.6837e+02
step  894 | acc=0.9060 | NZ=  1266 | sparsity=0.4139 | d_m=9.8116e+02
step  895 | acc=0.9060 | NZ=  1265 | sparsity=0.4144 | d_m=9.9208e+02
step  896 | acc=0.9060 | NZ=  1264 | sparsity=0.4148 | d_m=1.0028e+03
step  897 | acc=0.9060 | NZ=  1263 | sparsity=0.4153 | d_m=1.0074e+03
step  898 | acc=0.9060 | NZ=  1262 | sparsity=0.4157 | d_m=1.0182e+03
step  899 | acc=0.9060 | NZ=  1261 | sparsity=0.4162 | d_m=1.0289e+03
step  900 | acc=0.9070 | NZ=  1260 | sparsity=0.4167 | d_m=1.0418e+03
step  901 | acc=0.9070 | NZ=  1259 | sparsity=0.4171 | d_m=1.0484e+03
step  902 | acc=0.9070 | NZ=  1258 | sparsity=0.4176 | d_m=1.0829e+03
step  903 | acc=0.9050 | NZ=  1257 | sparsity=0.4181 | d_m=1.0891e+03
step  904 | acc=0.9070 | NZ=  1256 | sparsity=0.4185 | d_m=1.0978e+03
step  905 | acc=0.9080 | NZ=  1255 | sparsity=0.4190 | d_m=1.1096e+03
step  906 | acc=0.9070 | NZ=  1254 | sparsity=0.4194 | d_m=1.1224e+03
step  907 | acc=0.9070 | NZ=  1253 | sparsity=0.4199 | d_m=1.1358e+03
step  908 | acc=0.9060 | NZ=  1252 | sparsity=0.4204 | d_m=1.1476e+03
step  909 | acc=0.9080 | NZ=  1251 | sparsity=0.4208 | d_m=1.1601e+03
step  910 | acc=0.9060 | NZ=  1250 | sparsity=0.4213 | d_m=1.1741e+03
step  911 | acc=0.9070 | NZ=  1249 | sparsity=0.4218 | d_m=1.1877e+03
step  912 | acc=0.9060 | NZ=  1248 | sparsity=0.4222 | d_m=1.2020e+03
step  913 | acc=0.9070 | NZ=  1247 | sparsity=0.4227 | d_m=1.2156e+03
step  914 | acc=0.9060 | NZ=  1246 | sparsity=0.4231 | d_m=1.2187e+03
step  915 | acc=0.9050 | NZ=  1245 | sparsity=0.4236 | d_m=1.2349e+03
step  916 | acc=0.9040 | NZ=  1244 | sparsity=0.4241 | d_m=1.2257e+03
step  917 | acc=0.9040 | NZ=  1243 | sparsity=0.4245 | d_m=1.2187e+03
step  918 | acc=0.9040 | NZ=  1242 | sparsity=0.4250 | d_m=1.2215e+03
step  919 | acc=0.9040 | NZ=  1241 | sparsity=0.4255 | d_m=1.2293e+03
step  920 | acc=0.9060 | NZ=  1240 | sparsity=0.4259 | d_m=1.2372e+03
step  921 | acc=0.9060 | NZ=  1239 | sparsity=0.4264 | d_m=1.2473e+03
step  922 | acc=0.9060 | NZ=  1238 | sparsity=0.4269 | d_m=1.2606e+03
step  923 | acc=0.9050 | NZ=  1237 | sparsity=0.4273 | d_m=1.2724e+03
step  924 | acc=0.9060 | NZ=  1236 | sparsity=0.4278 | d_m=1.2873e+03
step  925 | acc=0.9050 | NZ=  1235 | sparsity=0.4282 | d_m=1.2966e+03
step  926 | acc=0.9050 | NZ=  1234 | sparsity=0.4287 | d_m=1.3040e+03
step  927 | acc=0.9060 | NZ=  1233 | sparsity=0.4292 | d_m=1.3176e+03
step  928 | acc=0.9050 | NZ=  1232 | sparsity=0.4296 | d_m=1.3291e+03
step  929 | acc=0.9050 | NZ=  1231 | sparsity=0.4301 | d_m=1.3428e+03
step  930 | acc=0.9060 | NZ=  1230 | sparsity=0.4306 | d_m=1.3559e+03
step  931 | acc=0.9060 | NZ=  1229 | sparsity=0.4310 | d_m=1.3711e+03
step  932 | acc=0.9040 | NZ=  1228 | sparsity=0.4315 | d_m=1.3827e+03
step  933 | acc=0.9040 | NZ=  1227 | sparsity=0.4319 | d_m=1.3983e+03
step  934 | acc=0.9050 | NZ=  1226 | sparsity=0.4324 | d_m=1.4094e+03
step  935 | acc=0.9050 | NZ=  1225 | sparsity=0.4329 | d_m=1.4234e+03
step  936 | acc=0.9040 | NZ=  1224 | sparsity=0.4333 | d_m=1.4396e+03
step  937 | acc=0.9050 | NZ=  1223 | sparsity=0.4338 | d_m=1.4538e+03
step  938 | acc=0.9040 | NZ=  1222 | sparsity=0.4343 | d_m=1.4712e+03
step  939 | acc=0.9040 | NZ=  1221 | sparsity=0.4347 | d_m=1.4879e+03
step  940 | acc=0.9040 | NZ=  1220 | sparsity=0.4352 | d_m=1.4970e+03
step  941 | acc=0.9040 | NZ=  1219 | sparsity=0.4356 | d_m=1.5119e+03
step  942 | acc=0.9040 | NZ=  1218 | sparsity=0.4361 | d_m=1.5187e+03
step  943 | acc=0.9040 | NZ=  1217 | sparsity=0.4366 | d_m=1.5255e+03
step  944 | acc=0.9040 | NZ=  1216 | sparsity=0.4370 | d_m=1.5358e+03
step  945 | acc=0.9040 | NZ=  1215 | sparsity=0.4375 | d_m=1.5473e+03
step  946 | acc=0.9060 | NZ=  1214 | sparsity=0.4380 | d_m=1.5569e+03
step  947 | acc=0.9060 | NZ=  1213 | sparsity=0.4384 | d_m=1.5711e+03
step  948 | acc=0.9060 | NZ=  1212 | sparsity=0.4389 | d_m=1.5900e+03
step  949 | acc=0.9060 | NZ=  1211 | sparsity=0.4394 | d_m=1.6066e+03
step  950 | acc=0.9060 | NZ=  1210 | sparsity=0.4398 | d_m=1.6152e+03
step  951 | acc=0.9060 | NZ=  1209 | sparsity=0.4403 | d_m=1.6249e+03
step  952 | acc=0.9070 | NZ=  1208 | sparsity=0.4407 | d_m=1.6362e+03
step  953 | acc=0.9060 | NZ=  1207 | sparsity=0.4412 | d_m=1.6525e+03
step  954 | acc=0.9070 | NZ=  1206 | sparsity=0.4417 | d_m=1.6656e+03
step  955 | acc=0.9070 | NZ=  1205 | sparsity=0.4421 | d_m=1.6770e+03
step  956 | acc=0.9050 | NZ=  1204 | sparsity=0.4426 | d_m=1.6830e+03
step  957 | acc=0.9060 | NZ=  1203 | sparsity=0.4431 | d_m=1.6967e+03
step  958 | acc=0.9060 | NZ=  1202 | sparsity=0.4435 | d_m=1.7123e+03
step  959 | acc=0.9060 | NZ=  1201 | sparsity=0.4440 | d_m=1.7251e+03
step  960 | acc=0.9080 | NZ=  1200 | sparsity=0.4444 | d_m=1.7424e+03
step  961 | acc=0.9070 | NZ=  1199 | sparsity=0.4449 | d_m=1.7457e+03
step  962 | acc=0.9070 | NZ=  1198 | sparsity=0.4454 | d_m=1.7604e+03
step  963 | acc=0.9080 | NZ=  1197 | sparsity=0.4458 | d_m=1.7549e+03
step  964 | acc=0.9050 | NZ=  1196 | sparsity=0.4463 | d_m=1.7683e+03
step  965 | acc=0.9050 | NZ=  1195 | sparsity=0.4468 | d_m=1.7830e+03
step  966 | acc=0.9040 | NZ=  1194 | sparsity=0.4472 | d_m=1.8002e+03
step  967 | acc=0.9050 | NZ=  1193 | sparsity=0.4477 | d_m=1.8105e+03
step  968 | acc=0.9040 | NZ=  1192 | sparsity=0.4481 | d_m=1.8193e+03
step  969 | acc=0.9050 | NZ=  1191 | sparsity=0.4486 | d_m=1.8045e+03
step  970 | acc=0.9040 | NZ=  1190 | sparsity=0.4491 | d_m=1.8288e+03
step  971 | acc=0.9050 | NZ=  1189 | sparsity=0.4495 | d_m=1.8501e+03
step  972 | acc=0.9050 | NZ=  1188 | sparsity=0.4500 | d_m=1.8668e+03
step  973 | acc=0.9050 | NZ=  1187 | sparsity=0.4505 | d_m=1.8858e+03
step  974 | acc=0.9060 | NZ=  1186 | sparsity=0.4509 | d_m=1.8948e+03
step  975 | acc=0.9060 | NZ=  1185 | sparsity=0.4514 | d_m=1.9128e+03
step  976 | acc=0.9080 | NZ=  1184 | sparsity=0.4519 | d_m=1.9325e+03
step  977 | acc=0.9070 | NZ=  1183 | sparsity=0.4523 | d_m=1.9524e+03
step  978 | acc=0.9070 | NZ=  1182 | sparsity=0.4528 | d_m=1.9697e+03
step  979 | acc=0.9070 | NZ=  1181 | sparsity=0.4532 | d_m=1.9929e+03
step  980 | acc=0.9060 | NZ=  1180 | sparsity=0.4537 | d_m=2.0131e+03
step  981 | acc=0.9060 | NZ=  1179 | sparsity=0.4542 | d_m=2.0344e+03
step  982 | acc=0.9070 | NZ=  1178 | sparsity=0.4546 | d_m=2.0587e+03
step  983 | acc=0.9050 | NZ=  1177 | sparsity=0.4551 | d_m=2.0739e+03
step  984 | acc=0.9050 | NZ=  1176 | sparsity=0.4556 | d_m=2.0846e+03
step  985 | acc=0.9040 | NZ=  1175 | sparsity=0.4560 | d_m=2.0894e+03
step  986 | acc=0.9040 | NZ=  1174 | sparsity=0.4565 | d_m=2.1003e+03
step  987 | acc=0.9030 | NZ=  1173 | sparsity=0.4569 | d_m=2.1163e+03
step  988 | acc=0.9030 | NZ=  1172 | sparsity=0.4574 | d_m=2.1094e+03
step  989 | acc=0.9050 | NZ=  1171 | sparsity=0.4579 | d_m=2.1254e+03
step  990 | acc=0.9030 | NZ=  1170 | sparsity=0.4583 | d_m=2.1406e+03
step  991 | acc=0.9040 | NZ=  1169 | sparsity=0.4588 | d_m=2.1601e+03
step  992 | acc=0.9040 | NZ=  1168 | sparsity=0.4593 | d_m=2.1801e+03
step  993 | acc=0.9040 | NZ=  1167 | sparsity=0.4597 | d_m=2.2050e+03
step  994 | acc=0.9050 | NZ=  1166 | sparsity=0.4602 | d_m=2.2203e+03
step  995 | acc=0.9050 | NZ=  1165 | sparsity=0.4606 | d_m=2.2365e+03
step  996 | acc=0.9050 | NZ=  1164 | sparsity=0.4611 | d_m=2.2361e+03
step  997 | acc=0.9040 | NZ=  1163 | sparsity=0.4616 | d_m=2.2528e+03
step  998 | acc=0.9050 | NZ=  1162 | sparsity=0.4620 | d_m=2.2712e+03
step  999 | acc=0.9040 | NZ=  1161 | sparsity=0.4625 | d_m=2.2961e+03
step 1000 | acc=0.9040 | NZ=  1160 | sparsity=0.4630 | d_m=2.3076e+03
step 1001 | acc=0.9040 | NZ=  1159 | sparsity=0.4634 | d_m=2.3252e+03
step 1002 | acc=0.9040 | NZ=  1158 | sparsity=0.4639 | d_m=2.3401e+03
step 1003 | acc=0.9040 | NZ=  1157 | sparsity=0.4644 | d_m=2.3481e+03
step 1004 | acc=0.9020 | NZ=  1156 | sparsity=0.4648 | d_m=2.3618e+03
step 1005 | acc=0.9030 | NZ=  1155 | sparsity=0.4653 | d_m=2.3585e+03
step 1006 | acc=0.9020 | NZ=  1154 | sparsity=0.4657 | d_m=2.3672e+03
step 1007 | acc=0.9040 | NZ=  1153 | sparsity=0.4662 | d_m=2.3874e+03
step 1008 | acc=0.9030 | NZ=  1152 | sparsity=0.4667 | d_m=2.4066e+03
step 1009 | acc=0.9030 | NZ=  1151 | sparsity=0.4671 | d_m=2.4184e+03
step 1010 | acc=0.9020 | NZ=  1150 | sparsity=0.4676 | d_m=2.4421e+03
step 1011 | acc=0.9020 | NZ=  1149 | sparsity=0.4681 | d_m=2.4343e+03
step 1012 | acc=0.9030 | NZ=  1148 | sparsity=0.4685 | d_m=2.4607e+03
step 1013 | acc=0.9030 | NZ=  1147 | sparsity=0.4690 | d_m=2.4838e+03
step 1014 | acc=0.9030 | NZ=  1146 | sparsity=0.4694 | d_m=2.4901e+03
step 1015 | acc=0.9030 | NZ=  1145 | sparsity=0.4699 | d_m=2.4974e+03
step 1016 | acc=0.9040 | NZ=  1144 | sparsity=0.4704 | d_m=2.5186e+03
step 1017 | acc=0.9040 | NZ=  1143 | sparsity=0.4708 | d_m=2.5373e+03
step 1018 | acc=0.9040 | NZ=  1142 | sparsity=0.4713 | d_m=2.5535e+03
step 1019 | acc=0.9040 | NZ=  1141 | sparsity=0.4718 | d_m=2.5778e+03
step 1020 | acc=0.9040 | NZ=  1140 | sparsity=0.4722 | d_m=2.5948e+03
step 1021 | acc=0.9040 | NZ=  1139 | sparsity=0.4727 | d_m=2.6105e+03
step 1022 | acc=0.9050 | NZ=  1138 | sparsity=0.4731 | d_m=2.6238e+03
step 1023 | acc=0.9040 | NZ=  1137 | sparsity=0.4736 | d_m=2.6466e+03
step 1024 | acc=0.9040 | NZ=  1136 | sparsity=0.4741 | d_m=2.6707e+03
step 1025 | acc=0.9040 | NZ=  1135 | sparsity=0.4745 | d_m=2.6888e+03
step 1026 | acc=0.9040 | NZ=  1134 | sparsity=0.4750 | d_m=2.7019e+03
step 1027 | acc=0.9040 | NZ=  1133 | sparsity=0.4755 | d_m=2.6887e+03
step 1028 | acc=0.9040 | NZ=  1132 | sparsity=0.4759 | d_m=2.7121e+03
step 1029 | acc=0.9040 | NZ=  1131 | sparsity=0.4764 | d_m=2.7372e+03
step 1030 | acc=0.9040 | NZ=  1130 | sparsity=0.4769 | d_m=2.7609e+03
step 1031 | acc=0.9020 | NZ=  1129 | sparsity=0.4773 | d_m=2.7823e+03
step 1032 | acc=0.9040 | NZ=  1128 | sparsity=0.4778 | d_m=2.8137e+03
step 1033 | acc=0.9040 | NZ=  1127 | sparsity=0.4782 | d_m=2.8370e+03
step 1034 | acc=0.9040 | NZ=  1126 | sparsity=0.4787 | d_m=2.8570e+03
step 1035 | acc=0.9030 | NZ=  1125 | sparsity=0.4792 | d_m=2.8852e+03
step 1036 | acc=0.9040 | NZ=  1124 | sparsity=0.4796 | d_m=2.9094e+03
step 1037 | acc=0.9010 | NZ=  1123 | sparsity=0.4801 | d_m=2.9361e+03
step 1038 | acc=0.9010 | NZ=  1122 | sparsity=0.4806 | d_m=2.9671e+03
step 1039 | acc=0.9010 | NZ=  1121 | sparsity=0.4810 | d_m=2.9806e+03
step 1040 | acc=0.9010 | NZ=  1120 | sparsity=0.4815 | d_m=3.0017e+03
step 1041 | acc=0.9010 | NZ=  1119 | sparsity=0.4819 | d_m=3.0262e+03
step 1042 | acc=0.9000 | NZ=  1118 | sparsity=0.4824 | d_m=3.0421e+03
step 1043 | acc=0.8990 | NZ=  1117 | sparsity=0.4829 | d_m=3.0567e+03
step 1044 | acc=0.8990 | NZ=  1116 | sparsity=0.4833 | d_m=3.0665e+03
step 1045 | acc=0.8980 | NZ=  1115 | sparsity=0.4838 | d_m=3.0690e+03
step 1046 | acc=0.8990 | NZ=  1114 | sparsity=0.4843 | d_m=3.0907e+03
step 1047 | acc=0.8990 | NZ=  1113 | sparsity=0.4847 | d_m=3.1090e+03
step 1048 | acc=0.9000 | NZ=  1112 | sparsity=0.4852 | d_m=3.1214e+03
step 1049 | acc=0.9010 | NZ=  1111 | sparsity=0.4856 | d_m=3.1422e+03
step 1050 | acc=0.9000 | NZ=  1110 | sparsity=0.4861 | d_m=3.1730e+03
step 1051 | acc=0.9000 | NZ=  1109 | sparsity=0.4866 | d_m=3.2006e+03
step 1052 | acc=0.9000 | NZ=  1108 | sparsity=0.4870 | d_m=3.2167e+03
step 1053 | acc=0.8980 | NZ=  1107 | sparsity=0.4875 | d_m=3.2410e+03
step 1054 | acc=0.8970 | NZ=  1106 | sparsity=0.4880 | d_m=3.2578e+03
step 1055 | acc=0.8970 | NZ=  1105 | sparsity=0.4884 | d_m=3.2881e+03
step 1056 | acc=0.8970 | NZ=  1104 | sparsity=0.4889 | d_m=3.3013e+03
step 1057 | acc=0.8970 | NZ=  1103 | sparsity=0.4894 | d_m=3.3241e+03
step 1058 | acc=0.8980 | NZ=  1102 | sparsity=0.4898 | d_m=3.3554e+03
step 1059 | acc=0.8990 | NZ=  1101 | sparsity=0.4903 | d_m=3.3694e+03
step 1060 | acc=0.8990 | NZ=  1100 | sparsity=0.4907 | d_m=3.3932e+03
step 1061 | acc=0.9000 | NZ=  1099 | sparsity=0.4912 | d_m=3.4223e+03
step 1062 | acc=0.9000 | NZ=  1098 | sparsity=0.4917 | d_m=3.4508e+03
step 1063 | acc=0.9000 | NZ=  1097 | sparsity=0.4921 | d_m=3.4764e+03
step 1064 | acc=0.9000 | NZ=  1096 | sparsity=0.4926 | d_m=3.5009e+03
step 1065 | acc=0.9000 | NZ=  1095 | sparsity=0.4931 | d_m=3.5995e+03
step 1066 | acc=0.9020 | NZ=  1094 | sparsity=0.4935 | d_m=3.5889e+03
step 1067 | acc=0.9020 | NZ=  1093 | sparsity=0.4940 | d_m=3.6146e+03
step 1068 | acc=0.9030 | NZ=  1092 | sparsity=0.4944 | d_m=3.6385e+03
step 1069 | acc=0.9020 | NZ=  1091 | sparsity=0.4949 | d_m=3.6543e+03
step 1070 | acc=0.9010 | NZ=  1090 | sparsity=0.4954 | d_m=3.6811e+03
step 1071 | acc=0.9020 | NZ=  1089 | sparsity=0.4958 | d_m=3.7017e+03
step 1072 | acc=0.9030 | NZ=  1088 | sparsity=0.4963 | d_m=3.7360e+03
step 1073 | acc=0.9000 | NZ=  1087 | sparsity=0.4968 | d_m=3.7678e+03
step 1074 | acc=0.9000 | NZ=  1086 | sparsity=0.4972 | d_m=3.7942e+03
step 1075 | acc=0.9010 | NZ=  1085 | sparsity=0.4977 | d_m=3.7989e+03
step 1076 | acc=0.9050 | NZ=  1084 | sparsity=0.4981 | d_m=3.8133e+03
step 1077 | acc=0.9050 | NZ=  1083 | sparsity=0.4986 | d_m=3.8274e+03
step 1078 | acc=0.9020 | NZ=  1082 | sparsity=0.4991 | d_m=3.8560e+03
step 1079 | acc=0.9030 | NZ=  1081 | sparsity=0.4995 | d_m=3.8896e+03
step 1080 | acc=0.9020 | NZ=  1080 | sparsity=0.5000 | d_m=3.9203e+03
step 1081 | acc=0.9030 | NZ=  1079 | sparsity=0.5005 | d_m=3.9260e+03
step 1082 | acc=0.9010 | NZ=  1078 | sparsity=0.5009 | d_m=3.9376e+03
step 1083 | acc=0.8990 | NZ=  1077 | sparsity=0.5014 | d_m=3.9712e+03
step 1084 | acc=0.8990 | NZ=  1076 | sparsity=0.5019 | d_m=4.0000e+03
step 1085 | acc=0.9000 | NZ=  1075 | sparsity=0.5023 | d_m=4.0373e+03
step 1086 | acc=0.9000 | NZ=  1074 | sparsity=0.5028 | d_m=4.0756e+03
step 1087 | acc=0.9010 | NZ=  1073 | sparsity=0.5032 | d_m=4.1131e+03
step 1088 | acc=0.9000 | NZ=  1072 | sparsity=0.5037 | d_m=4.1375e+03
step 1089 | acc=0.9010 | NZ=  1071 | sparsity=0.5042 | d_m=4.1669e+03
step 1090 | acc=0.8990 | NZ=  1070 | sparsity=0.5046 | d_m=4.2001e+03
step 1091 | acc=0.8980 | NZ=  1069 | sparsity=0.5051 | d_m=4.2445e+03
step 1092 | acc=0.8990 | NZ=  1068 | sparsity=0.5056 | d_m=4.2776e+03
step 1093 | acc=0.8980 | NZ=  1067 | sparsity=0.5060 | d_m=4.3006e+03
step 1094 | acc=0.9000 | NZ=  1066 | sparsity=0.5065 | d_m=4.2860e+03
step 1095 | acc=0.9000 | NZ=  1065 | sparsity=0.5069 | d_m=4.3139e+03
step 1096 | acc=0.9010 | NZ=  1064 | sparsity=0.5074 | d_m=4.3280e+03
step 1097 | acc=0.9010 | NZ=  1063 | sparsity=0.5079 | d_m=4.3581e+03
step 1098 | acc=0.9020 | NZ=  1062 | sparsity=0.5083 | d_m=4.3760e+03
step 1099 | acc=0.9010 | NZ=  1061 | sparsity=0.5088 | d_m=4.4057e+03
step 1100 | acc=0.9000 | NZ=  1060 | sparsity=0.5093 | d_m=4.4423e+03
step 1101 | acc=0.9000 | NZ=  1059 | sparsity=0.5097 | d_m=4.4800e+03
step 1102 | acc=0.9010 | NZ=  1058 | sparsity=0.5102 | d_m=4.5211e+03
step 1103 | acc=0.9060 | NZ=  1057 | sparsity=0.5106 | d_m=4.6763e+03
step 1104 | acc=0.9050 | NZ=  1056 | sparsity=0.5111 | d_m=4.6921e+03
step 1105 | acc=0.9050 | NZ=  1055 | sparsity=0.5116 | d_m=4.7224e+03
step 1106 | acc=0.9040 | NZ=  1054 | sparsity=0.5120 | d_m=4.7424e+03
step 1107 | acc=0.9050 | NZ=  1053 | sparsity=0.5125 | d_m=4.7723e+03
step 1108 | acc=0.9040 | NZ=  1052 | sparsity=0.5130 | d_m=4.8025e+03
step 1109 | acc=0.9030 | NZ=  1051 | sparsity=0.5134 | d_m=4.8152e+03
step 1110 | acc=0.9030 | NZ=  1050 | sparsity=0.5139 | d_m=4.8572e+03
step 1111 | acc=0.9020 | NZ=  1049 | sparsity=0.5144 | d_m=4.9006e+03
step 1112 | acc=0.9040 | NZ=  1048 | sparsity=0.5148 | d_m=4.9385e+03
step 1113 | acc=0.9020 | NZ=  1047 | sparsity=0.5153 | d_m=4.9732e+03
step 1114 | acc=0.9020 | NZ=  1046 | sparsity=0.5157 | d_m=5.0162e+03
step 1115 | acc=0.9020 | NZ=  1045 | sparsity=0.5162 | d_m=5.0353e+03
step 1116 | acc=0.9020 | NZ=  1044 | sparsity=0.5167 | d_m=5.0661e+03
step 1117 | acc=0.9010 | NZ=  1043 | sparsity=0.5171 | d_m=5.1075e+03
step 1118 | acc=0.9030 | NZ=  1042 | sparsity=0.5176 | d_m=5.1536e+03
step 1119 | acc=0.9060 | NZ=  1041 | sparsity=0.5181 | d_m=5.1950e+03
step 1120 | acc=0.9030 | NZ=  1040 | sparsity=0.5185 | d_m=5.2404e+03
step 1121 | acc=0.9040 | NZ=  1039 | sparsity=0.5190 | d_m=5.3028e+03
step 1122 | acc=0.9030 | NZ=  1038 | sparsity=0.5194 | d_m=5.3349e+03
step 1123 | acc=0.9040 | NZ=  1037 | sparsity=0.5199 | d_m=5.3863e+03
step 1124 | acc=0.9020 | NZ=  1036 | sparsity=0.5204 | d_m=5.4286e+03
step 1125 | acc=0.9000 | NZ=  1035 | sparsity=0.5208 | d_m=5.4848e+03
step 1126 | acc=0.9000 | NZ=  1034 | sparsity=0.5213 | d_m=5.5277e+03
step 1127 | acc=0.9020 | NZ=  1033 | sparsity=0.5218 | d_m=5.5520e+03
step 1128 | acc=0.9000 | NZ=  1032 | sparsity=0.5222 | d_m=5.5807e+03
step 1129 | acc=0.8990 | NZ=  1031 | sparsity=0.5227 | d_m=5.6307e+03
step 1130 | acc=0.8990 | NZ=  1030 | sparsity=0.5231 | d_m=5.6553e+03
step 1131 | acc=0.8990 | NZ=  1029 | sparsity=0.5236 | d_m=5.6993e+03
step 1132 | acc=0.8990 | NZ=  1028 | sparsity=0.5241 | d_m=5.7483e+03
step 1133 | acc=0.8980 | NZ=  1027 | sparsity=0.5245 | d_m=5.7703e+03
step 1134 | acc=0.8990 | NZ=  1026 | sparsity=0.5250 | d_m=5.7768e+03
step 1135 | acc=0.8990 | NZ=  1025 | sparsity=0.5255 | d_m=5.7718e+03
step 1136 | acc=0.9010 | NZ=  1024 | sparsity=0.5259 | d_m=5.8124e+03
step 1137 | acc=0.9000 | NZ=  1023 | sparsity=0.5264 | d_m=5.8599e+03
step 1138 | acc=0.8990 | NZ=  1022 | sparsity=0.5269 | d_m=5.9155e+03
step 1139 | acc=0.8990 | NZ=  1021 | sparsity=0.5273 | d_m=5.9751e+03
step 1140 | acc=0.8990 | NZ=  1020 | sparsity=0.5278 | d_m=6.0048e+03
step 1141 | acc=0.8990 | NZ=  1019 | sparsity=0.5282 | d_m=6.0551e+03
step 1142 | acc=0.8990 | NZ=  1018 | sparsity=0.5287 | d_m=6.1148e+03
step 1143 | acc=0.8970 | NZ=  1017 | sparsity=0.5292 | d_m=6.1466e+03
step 1144 | acc=0.8980 | NZ=  1016 | sparsity=0.5296 | d_m=6.1666e+03
step 1145 | acc=0.8940 | NZ=  1015 | sparsity=0.5301 | d_m=6.2000e+03
step 1146 | acc=0.8950 | NZ=  1014 | sparsity=0.5306 | d_m=6.2382e+03
step 1147 | acc=0.8960 | NZ=  1013 | sparsity=0.5310 | d_m=6.2844e+03
step 1148 | acc=0.8970 | NZ=  1012 | sparsity=0.5315 | d_m=6.3064e+03
step 1149 | acc=0.8910 | NZ=  1011 | sparsity=0.5319 | d_m=6.4751e+03
step 1150 | acc=0.8920 | NZ=  1010 | sparsity=0.5324 | d_m=6.5025e+03
step 1151 | acc=0.8900 | NZ=  1009 | sparsity=0.5329 | d_m=6.5564e+03
step 1152 | acc=0.8900 | NZ=  1008 | sparsity=0.5333 | d_m=6.5993e+03
step 1153 | acc=0.8870 | NZ=  1007 | sparsity=0.5338 | d_m=6.6216e+03
step 1154 | acc=0.8870 | NZ=  1006 | sparsity=0.5343 | d_m=6.6818e+03
step 1155 | acc=0.8870 | NZ=  1005 | sparsity=0.5347 | d_m=6.7268e+03
step 1156 | acc=0.8870 | NZ=  1004 | sparsity=0.5352 | d_m=6.7651e+03
step 1157 | acc=0.8880 | NZ=  1003 | sparsity=0.5356 | d_m=6.7968e+03
step 1158 | acc=0.8890 | NZ=  1002 | sparsity=0.5361 | d_m=6.8546e+03
step 1159 | acc=0.8800 | NZ=  1001 | sparsity=0.5366 | d_m=6.9045e+03
step 1160 | acc=0.8790 | NZ=  1000 | sparsity=0.5370 | d_m=6.9651e+03
step 1161 | acc=0.8780 | NZ=   999 | sparsity=0.5375 | d_m=7.0092e+03
step 1162 | acc=0.8800 | NZ=   998 | sparsity=0.5380 | d_m=7.0526e+03
step 1163 | acc=0.8800 | NZ=   997 | sparsity=0.5384 | d_m=7.1049e+03
step 1164 | acc=0.8770 | NZ=   996 | sparsity=0.5389 | d_m=7.1722e+03
step 1165 | acc=0.8780 | NZ=   995 | sparsity=0.5394 | d_m=7.1776e+03
step 1166 | acc=0.8790 | NZ=   994 | sparsity=0.5398 | d_m=7.2404e+03
step 1167 | acc=0.8790 | NZ=   993 | sparsity=0.5403 | d_m=7.3047e+03
step 1168 | acc=0.8780 | NZ=   992 | sparsity=0.5407 | d_m=7.3569e+03
step 1169 | acc=0.8780 | NZ=   991 | sparsity=0.5412 | d_m=7.4071e+03
step 1170 | acc=0.8780 | NZ=   990 | sparsity=0.5417 | d_m=7.4633e+03
step 1171 | acc=0.8650 | NZ=   989 | sparsity=0.5421 | d_m=7.6352e+03
step 1172 | acc=0.8660 | NZ=   988 | sparsity=0.5426 | d_m=7.6545e+03
step 1173 | acc=0.8670 | NZ=   987 | sparsity=0.5431 | d_m=7.6817e+03
step 1174 | acc=0.8690 | NZ=   986 | sparsity=0.5435 | d_m=7.7149e+03
step 1175 | acc=0.8650 | NZ=   985 | sparsity=0.5440 | d_m=7.7733e+03
step 1176 | acc=0.8660 | NZ=   984 | sparsity=0.5444 | d_m=7.8091e+03
step 1177 | acc=0.8640 | NZ=   983 | sparsity=0.5449 | d_m=7.8333e+03
step 1178 | acc=0.8630 | NZ=   982 | sparsity=0.5454 | d_m=7.8812e+03
step 1179 | acc=0.8640 | NZ=   981 | sparsity=0.5458 | d_m=7.9412e+03
step 1180 | acc=0.8690 | NZ=   980 | sparsity=0.5463 | d_m=7.9755e+03
step 1181 | acc=0.8680 | NZ=   979 | sparsity=0.5468 | d_m=8.0278e+03
step 1182 | acc=0.8680 | NZ=   978 | sparsity=0.5472 | d_m=8.0866e+03
step 1183 | acc=0.8680 | NZ=   977 | sparsity=0.5477 | d_m=8.0731e+03
step 1184 | acc=0.8690 | NZ=   976 | sparsity=0.5481 | d_m=8.1473e+03
step 1185 | acc=0.8670 | NZ=   975 | sparsity=0.5486 | d_m=8.2155e+03
step 1186 | acc=0.8680 | NZ=   974 | sparsity=0.5491 | d_m=8.2631e+03
step 1187 | acc=0.8660 | NZ=   973 | sparsity=0.5495 | d_m=8.2920e+03
step 1188 | acc=0.8660 | NZ=   972 | sparsity=0.5500 | d_m=8.3325e+03
step 1189 | acc=0.8670 | NZ=   971 | sparsity=0.5505 | d_m=8.3972e+03
step 1190 | acc=0.8670 | NZ=   970 | sparsity=0.5509 | d_m=8.4414e+03
step 1191 | acc=0.8670 | NZ=   969 | sparsity=0.5514 | d_m=8.5052e+03
step 1192 | acc=0.8660 | NZ=   968 | sparsity=0.5519 | d_m=8.5119e+03
step 1193 | acc=0.8670 | NZ=   967 | sparsity=0.5523 | d_m=8.5689e+03
step 1194 | acc=0.8690 | NZ=   966 | sparsity=0.5528 | d_m=8.6303e+03
step 1195 | acc=0.8680 | NZ=   965 | sparsity=0.5532 | d_m=8.6838e+03
step 1196 | acc=0.8680 | NZ=   964 | sparsity=0.5537 | d_m=8.7221e+03
step 1197 | acc=0.8680 | NZ=   963 | sparsity=0.5542 | d_m=8.7571e+03
step 1198 | acc=0.8630 | NZ=   962 | sparsity=0.5546 | d_m=8.8322e+03
step 1199 | acc=0.8640 | NZ=   961 | sparsity=0.5551 | d_m=8.8847e+03
step 1200 | acc=0.8640 | NZ=   960 | sparsity=0.5556 | d_m=8.9358e+03
step 1201 | acc=0.8600 | NZ=   959 | sparsity=0.5560 | d_m=9.0235e+03
step 1202 | acc=0.8620 | NZ=   958 | sparsity=0.5565 | d_m=9.0839e+03
step 1203 | acc=0.8590 | NZ=   957 | sparsity=0.5569 | d_m=9.1592e+03
step 1204 | acc=0.8590 | NZ=   956 | sparsity=0.5574 | d_m=9.1633e+03
step 1205 | acc=0.8610 | NZ=   955 | sparsity=0.5579 | d_m=9.2495e+03
step 1206 | acc=0.8590 | NZ=   954 | sparsity=0.5583 | d_m=9.3355e+03
step 1207 | acc=0.8610 | NZ=   953 | sparsity=0.5588 | d_m=9.4179e+03
step 1208 | acc=0.8620 | NZ=   952 | sparsity=0.5593 | d_m=9.4156e+03
step 1209 | acc=0.8610 | NZ=   951 | sparsity=0.5597 | d_m=9.5019e+03
step 1210 | acc=0.8610 | NZ=   950 | sparsity=0.5602 | d_m=9.5767e+03
step 1211 | acc=0.8610 | NZ=   949 | sparsity=0.5606 | d_m=9.6456e+03
step 1212 | acc=0.8610 | NZ=   948 | sparsity=0.5611 | d_m=9.7285e+03
step 1213 | acc=0.8610 | NZ=   947 | sparsity=0.5616 | d_m=9.7730e+03
step 1214 | acc=0.8610 | NZ=   946 | sparsity=0.5620 | d_m=9.8080e+03
step 1215 | acc=0.8610 | NZ=   945 | sparsity=0.5625 | d_m=9.8897e+03
step 1216 | acc=0.8610 | NZ=   944 | sparsity=0.5630 | d_m=9.9386e+03
step 1217 | acc=0.8610 | NZ=   943 | sparsity=0.5634 | d_m=1.0017e+04
step 1218 | acc=0.8560 | NZ=   942 | sparsity=0.5639 | d_m=1.0086e+04
step 1219 | acc=0.8580 | NZ=   941 | sparsity=0.5644 | d_m=1.0149e+04
step 1220 | acc=0.8570 | NZ=   940 | sparsity=0.5648 | d_m=1.0192e+04
step 1221 | acc=0.8560 | NZ=   939 | sparsity=0.5653 | d_m=1.0258e+04
step 1222 | acc=0.8560 | NZ=   938 | sparsity=0.5657 | d_m=1.0342e+04
step 1223 | acc=0.8570 | NZ=   937 | sparsity=0.5662 | d_m=1.0400e+04
step 1224 | acc=0.8580 | NZ=   936 | sparsity=0.5667 | d_m=1.0468e+04
step 1225 | acc=0.8570 | NZ=   935 | sparsity=0.5671 | d_m=1.0671e+04
step 1226 | acc=0.8570 | NZ=   934 | sparsity=0.5676 | d_m=1.0721e+04
step 1227 | acc=0.8550 | NZ=   933 | sparsity=0.5681 | d_m=1.0777e+04
step 1228 | acc=0.8560 | NZ=   932 | sparsity=0.5685 | d_m=1.0830e+04
step 1229 | acc=0.8400 | NZ=   931 | sparsity=0.5690 | d_m=1.1057e+04
step 1230 | acc=0.8400 | NZ=   930 | sparsity=0.5694 | d_m=1.1093e+04
step 1231 | acc=0.8410 | NZ=   929 | sparsity=0.5699 | d_m=1.1174e+04
step 1232 | acc=0.8420 | NZ=   928 | sparsity=0.5704 | d_m=1.1210e+04
step 1233 | acc=0.8420 | NZ=   927 | sparsity=0.5708 | d_m=1.1318e+04
step 1234 | acc=0.8420 | NZ=   926 | sparsity=0.5713 | d_m=1.1376e+04
step 1235 | acc=0.8440 | NZ=   925 | sparsity=0.5718 | d_m=1.1439e+04
step 1236 | acc=0.8460 | NZ=   924 | sparsity=0.5722 | d_m=1.1543e+04
step 1237 | acc=0.8420 | NZ=   923 | sparsity=0.5727 | d_m=1.1549e+04
step 1238 | acc=0.8390 | NZ=   922 | sparsity=0.5731 | d_m=1.1648e+04
step 1239 | acc=0.8390 | NZ=   921 | sparsity=0.5736 | d_m=1.1716e+04
step 1240 | acc=0.8390 | NZ=   920 | sparsity=0.5741 | d_m=1.1764e+04
step 1241 | acc=0.8390 | NZ=   919 | sparsity=0.5745 | d_m=1.1817e+04
step 1242 | acc=0.8390 | NZ=   918 | sparsity=0.5750 | d_m=1.1916e+04
step 1243 | acc=0.8400 | NZ=   917 | sparsity=0.5755 | d_m=1.1984e+04
step 1244 | acc=0.8390 | NZ=   916 | sparsity=0.5759 | d_m=1.2024e+04
step 1245 | acc=0.8400 | NZ=   915 | sparsity=0.5764 | d_m=1.2084e+04
step 1246 | acc=0.8370 | NZ=   914 | sparsity=0.5769 | d_m=1.2169e+04
step 1247 | acc=0.8350 | NZ=   913 | sparsity=0.5773 | d_m=1.2206e+04
step 1248 | acc=0.8370 | NZ=   912 | sparsity=0.5778 | d_m=1.2299e+04
step 1249 | acc=0.8360 | NZ=   911 | sparsity=0.5782 | d_m=1.2367e+04
step 1250 | acc=0.8340 | NZ=   910 | sparsity=0.5787 | d_m=1.2445e+04
step 1251 | acc=0.8340 | NZ=   909 | sparsity=0.5792 | d_m=1.2523e+04
step 1252 | acc=0.8350 | NZ=   908 | sparsity=0.5796 | d_m=1.2572e+04
step 1253 | acc=0.8330 | NZ=   907 | sparsity=0.5801 | d_m=1.2593e+04
step 1254 | acc=0.8330 | NZ=   906 | sparsity=0.5806 | d_m=1.2667e+04
step 1255 | acc=0.8330 | NZ=   905 | sparsity=0.5810 | d_m=1.2657e+04
step 1256 | acc=0.8340 | NZ=   904 | sparsity=0.5815 | d_m=1.2986e+04
step 1257 | acc=0.8320 | NZ=   903 | sparsity=0.5819 | d_m=1.3014e+04
step 1258 | acc=0.8290 | NZ=   902 | sparsity=0.5824 | d_m=1.3090e+04
step 1259 | acc=0.8300 | NZ=   901 | sparsity=0.5829 | d_m=1.3111e+04
step 1260 | acc=0.8280 | NZ=   900 | sparsity=0.5833 | d_m=1.3159e+04
step 1261 | acc=0.8280 | NZ=   899 | sparsity=0.5838 | d_m=1.3238e+04
step 1262 | acc=0.8310 | NZ=   898 | sparsity=0.5843 | d_m=1.3381e+04
step 1263 | acc=0.8300 | NZ=   897 | sparsity=0.5847 | d_m=1.3454e+04
step 1264 | acc=0.8320 | NZ=   896 | sparsity=0.5852 | d_m=1.3523e+04
step 1265 | acc=0.8300 | NZ=   895 | sparsity=0.5856 | d_m=1.3613e+04
step 1266 | acc=0.8300 | NZ=   894 | sparsity=0.5861 | d_m=1.3673e+04
step 1267 | acc=0.8310 | NZ=   893 | sparsity=0.5866 | d_m=1.3755e+04
step 1268 | acc=0.8320 | NZ=   892 | sparsity=0.5870 | d_m=1.3832e+04
step 1269 | acc=0.8330 | NZ=   891 | sparsity=0.5875 | d_m=1.3866e+04
step 1270 | acc=0.8320 | NZ=   890 | sparsity=0.5880 | d_m=1.3850e+04
step 1271 | acc=0.8310 | NZ=   889 | sparsity=0.5884 | d_m=1.3948e+04
step 1272 | acc=0.8310 | NZ=   888 | sparsity=0.5889 | d_m=1.4047e+04
step 1273 | acc=0.8320 | NZ=   887 | sparsity=0.5894 | d_m=1.4170e+04
step 1274 | acc=0.8310 | NZ=   886 | sparsity=0.5898 | d_m=1.4287e+04
step 1275 | acc=0.8330 | NZ=   885 | sparsity=0.5903 | d_m=1.4398e+04
step 1276 | acc=0.8330 | NZ=   884 | sparsity=0.5907 | d_m=1.4523e+04
step 1277 | acc=0.8320 | NZ=   883 | sparsity=0.5912 | d_m=1.4548e+04
step 1278 | acc=0.8310 | NZ=   882 | sparsity=0.5917 | d_m=1.4634e+04
step 1279 | acc=0.8310 | NZ=   881 | sparsity=0.5921 | d_m=1.4718e+04
step 1280 | acc=0.8310 | NZ=   880 | sparsity=0.5926 | d_m=1.4800e+04
step 1281 | acc=0.8310 | NZ=   879 | sparsity=0.5931 | d_m=1.4863e+04
step 1282 | acc=0.8310 | NZ=   878 | sparsity=0.5935 | d_m=1.4935e+04
step 1283 | acc=0.8320 | NZ=   877 | sparsity=0.5940 | d_m=1.5018e+04
step 1284 | acc=0.8310 | NZ=   876 | sparsity=0.5944 | d_m=1.5081e+04
step 1285 | acc=0.8330 | NZ=   875 | sparsity=0.5949 | d_m=1.5126e+04
step 1286 | acc=0.8320 | NZ=   874 | sparsity=0.5954 | d_m=1.5231e+04
step 1287 | acc=0.8330 | NZ=   873 | sparsity=0.5958 | d_m=1.5297e+04
step 1288 | acc=0.8310 | NZ=   872 | sparsity=0.5963 | d_m=1.5409e+04
step 1289 | acc=0.8300 | NZ=   871 | sparsity=0.5968 | d_m=1.5529e+04
step 1290 | acc=0.8160 | NZ=   870 | sparsity=0.5972 | d_m=1.5965e+04
step 1291 | acc=0.8190 | NZ=   869 | sparsity=0.5977 | d_m=1.6049e+04
step 1292 | acc=0.8190 | NZ=   868 | sparsity=0.5981 | d_m=1.6244e+04
step 1293 | acc=0.8090 | NZ=   867 | sparsity=0.5986 | d_m=1.6338e+04
step 1294 | acc=0.8060 | NZ=   866 | sparsity=0.5991 | d_m=1.6385e+04
step 1295 | acc=0.8090 | NZ=   865 | sparsity=0.5995 | d_m=1.6530e+04
step 1296 | acc=0.8100 | NZ=   864 | sparsity=0.6000 | d_m=1.6552e+04
step 1297 | acc=0.8100 | NZ=   863 | sparsity=0.6005 | d_m=1.6647e+04
step 1298 | acc=0.8080 | NZ=   862 | sparsity=0.6009 | d_m=1.6676e+04
step 1299 | acc=0.8080 | NZ=   861 | sparsity=0.6014 | d_m=1.6788e+04
step 1300 | acc=0.8080 | NZ=   860 | sparsity=0.6019 | d_m=1.6876e+04
step 1301 | acc=0.8070 | NZ=   859 | sparsity=0.6023 | d_m=1.6976e+04
step 1302 | acc=0.8070 | NZ=   858 | sparsity=0.6028 | d_m=1.7055e+04
step 1303 | acc=0.8060 | NZ=   857 | sparsity=0.6032 | d_m=1.7135e+04
step 1304 | acc=0.8050 | NZ=   856 | sparsity=0.6037 | d_m=1.7264e+04
step 1305 | acc=0.8060 | NZ=   855 | sparsity=0.6042 | d_m=1.7344e+04
step 1306 | acc=0.8050 | NZ=   854 | sparsity=0.6046 | d_m=1.7535e+04
step 1307 | acc=0.8070 | NZ=   853 | sparsity=0.6051 | d_m=1.7591e+04
step 1308 | acc=0.8080 | NZ=   852 | sparsity=0.6056 | d_m=1.7703e+04
step 1309 | acc=0.8050 | NZ=   851 | sparsity=0.6060 | d_m=1.7802e+04
step 1310 | acc=0.8030 | NZ=   850 | sparsity=0.6065 | d_m=1.7880e+04
step 1311 | acc=0.8030 | NZ=   849 | sparsity=0.6069 | d_m=1.7956e+04
step 1312 | acc=0.8030 | NZ=   848 | sparsity=0.6074 | d_m=1.8040e+04
step 1313 | acc=0.8030 | NZ=   847 | sparsity=0.6079 | d_m=1.8044e+04
step 1314 | acc=0.8030 | NZ=   846 | sparsity=0.6083 | d_m=1.8013e+04
step 1315 | acc=0.8080 | NZ=   845 | sparsity=0.6088 | d_m=1.8143e+04
step 1316 | acc=0.8050 | NZ=   844 | sparsity=0.6093 | d_m=1.8237e+04
step 1317 | acc=0.8050 | NZ=   843 | sparsity=0.6097 | d_m=1.8387e+04
step 1318 | acc=0.8060 | NZ=   842 | sparsity=0.6102 | d_m=1.8444e+04
step 1319 | acc=0.8090 | NZ=   841 | sparsity=0.6106 | d_m=1.8552e+04
step 1320 | acc=0.8070 | NZ=   840 | sparsity=0.6111 | d_m=1.8665e+04
step 1321 | acc=0.8040 | NZ=   839 | sparsity=0.6116 | d_m=1.8794e+04
step 1322 | acc=0.8060 | NZ=   838 | sparsity=0.6120 | d_m=1.8833e+04
step 1323 | acc=0.8050 | NZ=   837 | sparsity=0.6125 | d_m=1.8923e+04
step 1324 | acc=0.8040 | NZ=   836 | sparsity=0.6130 | d_m=1.9008e+04
step 1325 | acc=0.8030 | NZ=   835 | sparsity=0.6134 | d_m=1.9137e+04
step 1326 | acc=0.8000 | NZ=   834 | sparsity=0.6139 | d_m=1.9162e+04
step 1327 | acc=0.7990 | NZ=   833 | sparsity=0.6144 | d_m=1.9243e+04
step 1328 | acc=0.7980 | NZ=   832 | sparsity=0.6148 | d_m=1.9209e+04
step 1329 | acc=0.7970 | NZ=   831 | sparsity=0.6153 | d_m=1.9344e+04
step 1330 | acc=0.7990 | NZ=   830 | sparsity=0.6157 | d_m=1.9455e+04
step 1331 | acc=0.7980 | NZ=   829 | sparsity=0.6162 | d_m=1.9601e+04
step 1332 | acc=0.7950 | NZ=   828 | sparsity=0.6167 | d_m=1.9866e+04
step 1333 | acc=0.7950 | NZ=   827 | sparsity=0.6171 | d_m=1.9652e+04
step 1334 | acc=0.7950 | NZ=   826 | sparsity=0.6176 | d_m=1.9775e+04
step 1335 | acc=0.7980 | NZ=   825 | sparsity=0.6181 | d_m=1.9895e+04
step 1336 | acc=0.7970 | NZ=   824 | sparsity=0.6185 | d_m=2.0038e+04
step 1337 | acc=0.7980 | NZ=   823 | sparsity=0.6190 | d_m=2.0198e+04
step 1338 | acc=0.7990 | NZ=   822 | sparsity=0.6194 | d_m=2.0465e+04
step 1339 | acc=0.7970 | NZ=   821 | sparsity=0.6199 | d_m=2.0533e+04
step 1340 | acc=0.7970 | NZ=   820 | sparsity=0.6204 | d_m=2.0630e+04
step 1341 | acc=0.7970 | NZ=   819 | sparsity=0.6208 | d_m=2.0768e+04
step 1342 | acc=0.7970 | NZ=   818 | sparsity=0.6213 | d_m=2.0873e+04
step 1343 | acc=0.7980 | NZ=   817 | sparsity=0.6218 | d_m=2.1004e+04
step 1344 | acc=0.8000 | NZ=   816 | sparsity=0.6222 | d_m=2.1083e+04
step 1345 | acc=0.8000 | NZ=   815 | sparsity=0.6227 | d_m=2.1224e+04
step 1346 | acc=0.7990 | NZ=   814 | sparsity=0.6231 | d_m=2.1282e+04
step 1347 | acc=0.7990 | NZ=   813 | sparsity=0.6236 | d_m=2.1302e+04
step 1348 | acc=0.7960 | NZ=   812 | sparsity=0.6241 | d_m=2.1399e+04
step 1349 | acc=0.7970 | NZ=   811 | sparsity=0.6245 | d_m=2.1540e+04
step 1350 | acc=0.7990 | NZ=   810 | sparsity=0.6250 | d_m=2.1659e+04
step 1351 | acc=0.7930 | NZ=   809 | sparsity=0.6255 | d_m=2.2246e+04
step 1352 | acc=0.7910 | NZ=   808 | sparsity=0.6259 | d_m=2.2500e+04
step 1353 | acc=0.7920 | NZ=   807 | sparsity=0.6264 | d_m=2.2379e+04
step 1354 | acc=0.7910 | NZ=   806 | sparsity=0.6269 | d_m=2.2561e+04
step 1355 | acc=0.7900 | NZ=   805 | sparsity=0.6273 | d_m=2.2669e+04
step 1356 | acc=0.7910 | NZ=   804 | sparsity=0.6278 | d_m=2.2732e+04
step 1357 | acc=0.7890 | NZ=   803 | sparsity=0.6282 | d_m=2.2790e+04
step 1358 | acc=0.7900 | NZ=   802 | sparsity=0.6287 | d_m=2.2874e+04
step 1359 | acc=0.7910 | NZ=   801 | sparsity=0.6292 | d_m=2.2982e+04
step 1360 | acc=0.7880 | NZ=   800 | sparsity=0.6296 | d_m=2.3016e+04
step 1361 | acc=0.7920 | NZ=   799 | sparsity=0.6301 | d_m=2.3161e+04
step 1362 | acc=0.7920 | NZ=   798 | sparsity=0.6306 | d_m=2.3217e+04
step 1363 | acc=0.7930 | NZ=   797 | sparsity=0.6310 | d_m=2.3209e+04
step 1364 | acc=0.7930 | NZ=   796 | sparsity=0.6315 | d_m=2.3372e+04
step 1365 | acc=0.7950 | NZ=   795 | sparsity=0.6319 | d_m=2.3520e+04
step 1366 | acc=0.7950 | NZ=   794 | sparsity=0.6324 | d_m=2.3578e+04
step 1367 | acc=0.7960 | NZ=   793 | sparsity=0.6329 | d_m=2.3675e+04
step 1368 | acc=0.7980 | NZ=   792 | sparsity=0.6333 | d_m=2.3784e+04
step 1369 | acc=0.7950 | NZ=   791 | sparsity=0.6338 | d_m=2.3822e+04
step 1370 | acc=0.7980 | NZ=   790 | sparsity=0.6343 | d_m=2.3938e+04
step 1371 | acc=0.7950 | NZ=   789 | sparsity=0.6347 | d_m=2.4068e+04
step 1372 | acc=0.7950 | NZ=   788 | sparsity=0.6352 | d_m=2.4168e+04
step 1373 | acc=0.7950 | NZ=   787 | sparsity=0.6356 | d_m=2.4284e+04
step 1374 | acc=0.7930 | NZ=   786 | sparsity=0.6361 | d_m=2.4251e+04
step 1375 | acc=0.7940 | NZ=   785 | sparsity=0.6366 | d_m=2.4456e+04
step 1376 | acc=0.7940 | NZ=   784 | sparsity=0.6370 | d_m=2.4626e+04
step 1377 | acc=0.7940 | NZ=   783 | sparsity=0.6375 | d_m=2.4789e+04
step 1378 | acc=0.7940 | NZ=   782 | sparsity=0.6380 | d_m=2.4891e+04
step 1379 | acc=0.7940 | NZ=   781 | sparsity=0.6384 | d_m=2.4952e+04
step 1380 | acc=0.7950 | NZ=   780 | sparsity=0.6389 | d_m=2.5007e+04
step 1381 | acc=0.7980 | NZ=   779 | sparsity=0.6394 | d_m=2.5081e+04
step 1382 | acc=0.7950 | NZ=   778 | sparsity=0.6398 | d_m=2.5208e+04
step 1383 | acc=0.7940 | NZ=   777 | sparsity=0.6403 | d_m=2.5578e+04
step 1384 | acc=0.7950 | NZ=   776 | sparsity=0.6407 | d_m=2.5658e+04
step 1385 | acc=0.7920 | NZ=   775 | sparsity=0.6412 | d_m=2.5649e+04
step 1386 | acc=0.7900 | NZ=   774 | sparsity=0.6417 | d_m=2.5686e+04
step 1387 | acc=0.7910 | NZ=   773 | sparsity=0.6421 | d_m=2.5716e+04
step 1388 | acc=0.7920 | NZ=   772 | sparsity=0.6426 | d_m=2.5614e+04
step 1389 | acc=0.7960 | NZ=   771 | sparsity=0.6431 | d_m=2.5758e+04
step 1390 | acc=0.7970 | NZ=   770 | sparsity=0.6435 | d_m=2.5701e+04
step 1391 | acc=0.7940 | NZ=   769 | sparsity=0.6440 | d_m=2.5799e+04
step 1392 | acc=0.7950 | NZ=   768 | sparsity=0.6444 | d_m=2.5885e+04
step 1393 | acc=0.7960 | NZ=   767 | sparsity=0.6449 | d_m=2.6052e+04
step 1394 | acc=0.7920 | NZ=   766 | sparsity=0.6454 | d_m=2.6242e+04
step 1395 | acc=0.7910 | NZ=   765 | sparsity=0.6458 | d_m=2.6307e+04
step 1396 | acc=0.7910 | NZ=   764 | sparsity=0.6463 | d_m=2.6379e+04
step 1397 | acc=0.7900 | NZ=   763 | sparsity=0.6468 | d_m=2.6454e+04
step 1398 | acc=0.7920 | NZ=   762 | sparsity=0.6472 | d_m=2.6579e+04
step 1399 | acc=0.7920 | NZ=   761 | sparsity=0.6477 | d_m=2.6538e+04
step 1400 | acc=0.7910 | NZ=   760 | sparsity=0.6481 | d_m=2.6654e+04
step 1401 | acc=0.7910 | NZ=   759 | sparsity=0.6486 | d_m=2.6782e+04
step 1402 | acc=0.7910 | NZ=   758 | sparsity=0.6491 | d_m=2.6963e+04
step 1403 | acc=0.7930 | NZ=   757 | sparsity=0.6495 | d_m=2.7050e+04
step 1404 | acc=0.7900 | NZ=   756 | sparsity=0.6500 | d_m=2.7205e+04
step 1405 | acc=0.7900 | NZ=   755 | sparsity=0.6505 | d_m=2.7350e+04
step 1406 | acc=0.7920 | NZ=   754 | sparsity=0.6509 | d_m=2.7556e+04
step 1407 | acc=0.7920 | NZ=   753 | sparsity=0.6514 | d_m=2.7794e+04
step 1408 | acc=0.7900 | NZ=   752 | sparsity=0.6519 | d_m=2.7941e+04
step 1409 | acc=0.7910 | NZ=   751 | sparsity=0.6523 | d_m=2.8112e+04
step 1410 | acc=0.7940 | NZ=   750 | sparsity=0.6528 | d_m=2.8216e+04
step 1411 | acc=0.7920 | NZ=   749 | sparsity=0.6532 | d_m=2.8416e+04
step 1412 | acc=0.7910 | NZ=   748 | sparsity=0.6537 | d_m=2.8588e+04
step 1413 | acc=0.7880 | NZ=   747 | sparsity=0.6542 | d_m=2.8752e+04
step 1414 | acc=0.7910 | NZ=   746 | sparsity=0.6546 | d_m=2.8926e+04
step 1415 | acc=0.7920 | NZ=   745 | sparsity=0.6551 | d_m=2.8849e+04
step 1416 | acc=0.7930 | NZ=   744 | sparsity=0.6556 | d_m=2.9100e+04
step 1417 | acc=0.7920 | NZ=   743 | sparsity=0.6560 | d_m=2.9288e+04
step 1418 | acc=0.7890 | NZ=   742 | sparsity=0.6565 | d_m=2.9454e+04
step 1419 | acc=0.7900 | NZ=   741 | sparsity=0.6569 | d_m=2.9501e+04
step 1420 | acc=0.7900 | NZ=   740 | sparsity=0.6574 | d_m=2.9568e+04
step 1421 | acc=0.7890 | NZ=   739 | sparsity=0.6579 | d_m=2.9710e+04
step 1422 | acc=0.7870 | NZ=   738 | sparsity=0.6583 | d_m=2.9893e+04
step 1423 | acc=0.7870 | NZ=   737 | sparsity=0.6588 | d_m=3.0109e+04
step 1424 | acc=0.7890 | NZ=   736 | sparsity=0.6593 | d_m=3.0336e+04
step 1425 | acc=0.7890 | NZ=   735 | sparsity=0.6597 | d_m=3.0605e+04
step 1426 | acc=0.7870 | NZ=   734 | sparsity=0.6602 | d_m=3.0653e+04
step 1427 | acc=0.7870 | NZ=   733 | sparsity=0.6606 | d_m=3.0725e+04
step 1428 | acc=0.7870 | NZ=   732 | sparsity=0.6611 | d_m=3.0898e+04
step 1429 | acc=0.7870 | NZ=   731 | sparsity=0.6616 | d_m=3.0957e+04
step 1430 | acc=0.7870 | NZ=   730 | sparsity=0.6620 | d_m=3.1006e+04
step 1431 | acc=0.7860 | NZ=   729 | sparsity=0.6625 | d_m=3.1213e+04
step 1432 | acc=0.7820 | NZ=   728 | sparsity=0.6630 | d_m=3.1222e+04
step 1433 | acc=0.7800 | NZ=   727 | sparsity=0.6634 | d_m=3.1367e+04
step 1434 | acc=0.7820 | NZ=   726 | sparsity=0.6639 | d_m=3.1474e+04
step 1435 | acc=0.7790 | NZ=   725 | sparsity=0.6644 | d_m=3.1665e+04
step 1436 | acc=0.7790 | NZ=   724 | sparsity=0.6648 | d_m=3.1821e+04
step 1437 | acc=0.7750 | NZ=   723 | sparsity=0.6653 | d_m=3.1769e+04
step 1438 | acc=0.7770 | NZ=   722 | sparsity=0.6657 | d_m=3.2056e+04
step 1439 | acc=0.7790 | NZ=   721 | sparsity=0.6662 | d_m=3.2318e+04
step 1440 | acc=0.7780 | NZ=   720 | sparsity=0.6667 | d_m=3.2616e+04
step 1441 | acc=0.7840 | NZ=   719 | sparsity=0.6671 | d_m=3.2893e+04
step 1442 | acc=0.7830 | NZ=   718 | sparsity=0.6676 | d_m=3.3133e+04
step 1443 | acc=0.7790 | NZ=   717 | sparsity=0.6681 | d_m=3.3382e+04
step 1444 | acc=0.7830 | NZ=   716 | sparsity=0.6685 | d_m=3.3662e+04
step 1445 | acc=0.7790 | NZ=   715 | sparsity=0.6690 | d_m=3.3878e+04
step 1446 | acc=0.7840 | NZ=   714 | sparsity=0.6694 | d_m=3.4010e+04
step 1447 | acc=0.7840 | NZ=   713 | sparsity=0.6699 | d_m=3.4127e+04
step 1448 | acc=0.7850 | NZ=   712 | sparsity=0.6704 | d_m=3.4400e+04
step 1449 | acc=0.7870 | NZ=   711 | sparsity=0.6708 | d_m=3.4712e+04
step 1450 | acc=0.7860 | NZ=   710 | sparsity=0.6713 | d_m=3.4861e+04
step 1451 | acc=0.7860 | NZ=   709 | sparsity=0.6718 | d_m=3.5028e+04
step 1452 | acc=0.7860 | NZ=   708 | sparsity=0.6722 | d_m=3.5226e+04
step 1453 | acc=0.7850 | NZ=   707 | sparsity=0.6727 | d_m=3.5445e+04
step 1454 | acc=0.7730 | NZ=   706 | sparsity=0.6731 | d_m=3.5660e+04
step 1455 | acc=0.7770 | NZ=   705 | sparsity=0.6736 | d_m=3.5900e+04
step 1456 | acc=0.7780 | NZ=   704 | sparsity=0.6741 | d_m=3.5954e+04
step 1457 | acc=0.7740 | NZ=   703 | sparsity=0.6745 | d_m=3.5936e+04
step 1458 | acc=0.7770 | NZ=   702 | sparsity=0.6750 | d_m=3.5877e+04
step 1459 | acc=0.7760 | NZ=   701 | sparsity=0.6755 | d_m=3.6066e+04
step 1460 | acc=0.7790 | NZ=   700 | sparsity=0.6759 | d_m=3.6226e+04
step 1461 | acc=0.7780 | NZ=   699 | sparsity=0.6764 | d_m=3.6429e+04
step 1462 | acc=0.7780 | NZ=   698 | sparsity=0.6769 | d_m=3.6634e+04
step 1463 | acc=0.7730 | NZ=   697 | sparsity=0.6773 | d_m=3.6870e+04
step 1464 | acc=0.7720 | NZ=   696 | sparsity=0.6778 | d_m=3.7173e+04
step 1465 | acc=0.7730 | NZ=   695 | sparsity=0.6782 | d_m=3.7454e+04
step 1466 | acc=0.7730 | NZ=   694 | sparsity=0.6787 | d_m=3.7674e+04
step 1467 | acc=0.7740 | NZ=   693 | sparsity=0.6792 | d_m=3.7989e+04
step 1468 | acc=0.7720 | NZ=   692 | sparsity=0.6796 | d_m=3.8319e+04
step 1469 | acc=0.7710 | NZ=   691 | sparsity=0.6801 | d_m=3.8683e+04
step 1470 | acc=0.7690 | NZ=   690 | sparsity=0.6806 | d_m=3.9005e+04
step 1471 | acc=0.7690 | NZ=   689 | sparsity=0.6810 | d_m=3.9281e+04
step 1472 | acc=0.7680 | NZ=   688 | sparsity=0.6815 | d_m=3.9599e+04
step 1473 | acc=0.7630 | NZ=   687 | sparsity=0.6819 | d_m=3.9898e+04
step 1474 | acc=0.7580 | NZ=   686 | sparsity=0.6824 | d_m=4.0231e+04
step 1475 | acc=0.7580 | NZ=   685 | sparsity=0.6829 | d_m=4.1135e+04
step 1476 | acc=0.7590 | NZ=   684 | sparsity=0.6833 | d_m=4.1216e+04
step 1477 | acc=0.7560 | NZ=   683 | sparsity=0.6838 | d_m=4.1373e+04
step 1478 | acc=0.7590 | NZ=   682 | sparsity=0.6843 | d_m=4.1241e+04
step 1479 | acc=0.7580 | NZ=   681 | sparsity=0.6847 | d_m=4.1607e+04
step 1480 | acc=0.7600 | NZ=   680 | sparsity=0.6852 | d_m=4.1997e+04
step 1481 | acc=0.7580 | NZ=   679 | sparsity=0.6856 | d_m=4.2416e+04
step 1482 | acc=0.7600 | NZ=   678 | sparsity=0.6861 | d_m=4.2787e+04
step 1483 | acc=0.7820 | NZ=   677 | sparsity=0.6866 | d_m=4.3590e+04
step 1484 | acc=0.7800 | NZ=   676 | sparsity=0.6870 | d_m=4.3695e+04
step 1485 | acc=0.7750 | NZ=   675 | sparsity=0.6875 | d_m=4.3852e+04
step 1486 | acc=0.7760 | NZ=   674 | sparsity=0.6880 | d_m=4.3973e+04
step 1487 | acc=0.7720 | NZ=   673 | sparsity=0.6884 | d_m=4.3974e+04
step 1488 | acc=0.7730 | NZ=   672 | sparsity=0.6889 | d_m=4.4061e+04
step 1489 | acc=0.7700 | NZ=   671 | sparsity=0.6894 | d_m=4.3967e+04
step 1490 | acc=0.7640 | NZ=   670 | sparsity=0.6898 | d_m=4.4080e+04
step 1491 | acc=0.7680 | NZ=   669 | sparsity=0.6903 | d_m=4.3982e+04
step 1492 | acc=0.7660 | NZ=   668 | sparsity=0.6907 | d_m=4.4197e+04
step 1493 | acc=0.7650 | NZ=   667 | sparsity=0.6912 | d_m=4.4374e+04
step 1494 | acc=0.7660 | NZ=   666 | sparsity=0.6917 | d_m=4.4430e+04
step 1495 | acc=0.7650 | NZ=   665 | sparsity=0.6921 | d_m=4.4513e+04
step 1496 | acc=0.7670 | NZ=   664 | sparsity=0.6926 | d_m=4.4745e+04
step 1497 | acc=0.7670 | NZ=   663 | sparsity=0.6931 | d_m=4.4952e+04
step 1498 | acc=0.7700 | NZ=   662 | sparsity=0.6935 | d_m=4.4793e+04
step 1499 | acc=0.7680 | NZ=   661 | sparsity=0.6940 | d_m=4.5062e+04
step 1500 | acc=0.7680 | NZ=   660 | sparsity=0.6944 | d_m=4.5248e+04
step 1501 | acc=0.7670 | NZ=   659 | sparsity=0.6949 | d_m=4.5541e+04
step 1502 | acc=0.7650 | NZ=   658 | sparsity=0.6954 | d_m=4.5580e+04
step 1503 | acc=0.7660 | NZ=   657 | sparsity=0.6958 | d_m=4.5661e+04
step 1504 | acc=0.7620 | NZ=   656 | sparsity=0.6963 | d_m=4.5791e+04
step 1505 | acc=0.7610 | NZ=   655 | sparsity=0.6968 | d_m=4.6009e+04
step 1506 | acc=0.7610 | NZ=   654 | sparsity=0.6972 | d_m=4.6330e+04
step 1507 | acc=0.7660 | NZ=   653 | sparsity=0.6977 | d_m=4.6374e+04
step 1508 | acc=0.7660 | NZ=   652 | sparsity=0.6981 | d_m=4.6506e+04
step 1509 | acc=0.7690 | NZ=   651 | sparsity=0.6986 | d_m=4.6692e+04
step 1510 | acc=0.7670 | NZ=   650 | sparsity=0.6991 | d_m=4.6956e+04
step 1511 | acc=0.7690 | NZ=   649 | sparsity=0.6995 | d_m=4.7316e+04
step 1512 | acc=0.7670 | NZ=   648 | sparsity=0.7000 | d_m=4.7546e+04
step 1513 | acc=0.7630 | NZ=   647 | sparsity=0.7005 | d_m=4.7721e+04
step 1514 | acc=0.7660 | NZ=   646 | sparsity=0.7009 | d_m=4.7945e+04
step 1515 | acc=0.7590 | NZ=   645 | sparsity=0.7014 | d_m=4.8148e+04
step 1516 | acc=0.7600 | NZ=   644 | sparsity=0.7019 | d_m=4.8600e+04
step 1517 | acc=0.7610 | NZ=   643 | sparsity=0.7023 | d_m=4.8399e+04
step 1518 | acc=0.7600 | NZ=   642 | sparsity=0.7028 | d_m=4.8258e+04
step 1519 | acc=0.7590 | NZ=   641 | sparsity=0.7032 | d_m=4.8280e+04
step 1520 | acc=0.7610 | NZ=   640 | sparsity=0.7037 | d_m=4.8372e+04
step 1521 | acc=0.7590 | NZ=   639 | sparsity=0.7042 | d_m=4.8577e+04
step 1522 | acc=0.7650 | NZ=   638 | sparsity=0.7046 | d_m=4.8935e+04
step 1523 | acc=0.7700 | NZ=   637 | sparsity=0.7051 | d_m=4.9243e+04
step 1524 | acc=0.7690 | NZ=   636 | sparsity=0.7056 | d_m=4.9322e+04
step 1525 | acc=0.7690 | NZ=   635 | sparsity=0.7060 | d_m=4.9460e+04
step 1526 | acc=0.7670 | NZ=   634 | sparsity=0.7065 | d_m=4.9741e+04
step 1527 | acc=0.7670 | NZ=   633 | sparsity=0.7069 | d_m=5.0084e+04
step 1528 | acc=0.7640 | NZ=   632 | sparsity=0.7074 | d_m=5.0549e+04
step 1529 | acc=0.7650 | NZ=   631 | sparsity=0.7079 | d_m=5.1030e+04
step 1530 | acc=0.7660 | NZ=   630 | sparsity=0.7083 | d_m=5.1474e+04
step 1531 | acc=0.7650 | NZ=   629 | sparsity=0.7088 | d_m=5.1938e+04
step 1532 | acc=0.7680 | NZ=   628 | sparsity=0.7093 | d_m=5.2219e+04
step 1533 | acc=0.7620 | NZ=   627 | sparsity=0.7097 | d_m=5.3110e+04
step 1534 | acc=0.7590 | NZ=   626 | sparsity=0.7102 | d_m=5.3430e+04
step 1535 | acc=0.7540 | NZ=   625 | sparsity=0.7106 | d_m=5.3739e+04
step 1536 | acc=0.7580 | NZ=   624 | sparsity=0.7111 | d_m=5.4128e+04
step 1537 | acc=0.7590 | NZ=   623 | sparsity=0.7116 | d_m=5.4577e+04
step 1538 | acc=0.7540 | NZ=   622 | sparsity=0.7120 | d_m=5.4851e+04
step 1539 | acc=0.7590 | NZ=   621 | sparsity=0.7125 | d_m=5.5013e+04
step 1540 | acc=0.7590 | NZ=   620 | sparsity=0.7130 | d_m=5.5302e+04
step 1541 | acc=0.7530 | NZ=   619 | sparsity=0.7134 | d_m=5.5663e+04
step 1542 | acc=0.7490 | NZ=   618 | sparsity=0.7139 | d_m=5.6021e+04
step 1543 | acc=0.7490 | NZ=   617 | sparsity=0.7144 | d_m=5.6211e+04
step 1544 | acc=0.7500 | NZ=   616 | sparsity=0.7148 | d_m=5.6325e+04
step 1545 | acc=0.7490 | NZ=   615 | sparsity=0.7153 | d_m=5.6382e+04
step 1546 | acc=0.7440 | NZ=   614 | sparsity=0.7157 | d_m=5.6583e+04
step 1547 | acc=0.7460 | NZ=   613 | sparsity=0.7162 | d_m=5.6796e+04
step 1548 | acc=0.7470 | NZ=   612 | sparsity=0.7167 | d_m=5.6947e+04
step 1549 | acc=0.7470 | NZ=   611 | sparsity=0.7171 | d_m=5.7115e+04
step 1550 | acc=0.7440 | NZ=   610 | sparsity=0.7176 | d_m=5.6860e+04
step 1551 | acc=0.7460 | NZ=   609 | sparsity=0.7181 | d_m=5.6989e+04
step 1552 | acc=0.7510 | NZ=   608 | sparsity=0.7185 | d_m=5.7118e+04
step 1553 | acc=0.7470 | NZ=   607 | sparsity=0.7190 | d_m=5.7302e+04
step 1554 | acc=0.7450 | NZ=   606 | sparsity=0.7194 | d_m=5.7064e+04
step 1555 | acc=0.7490 | NZ=   605 | sparsity=0.7199 | d_m=5.7250e+04
step 1556 | acc=0.7480 | NZ=   604 | sparsity=0.7204 | d_m=5.7463e+04
step 1557 | acc=0.7480 | NZ=   603 | sparsity=0.7208 | d_m=5.7527e+04
step 1558 | acc=0.7470 | NZ=   602 | sparsity=0.7213 | d_m=5.7363e+04
step 1559 | acc=0.7440 | NZ=   601 | sparsity=0.7218 | d_m=5.7624e+04
step 1560 | acc=0.7350 | NZ=   600 | sparsity=0.7222 | d_m=5.8014e+04
step 1561 | acc=0.7360 | NZ=   599 | sparsity=0.7227 | d_m=5.8564e+04
step 1562 | acc=0.7370 | NZ=   598 | sparsity=0.7231 | d_m=5.9149e+04
step 1563 | acc=0.7280 | NZ=   597 | sparsity=0.7236 | d_m=5.9609e+04
step 1564 | acc=0.7230 | NZ=   596 | sparsity=0.7241 | d_m=6.0506e+04
step 1565 | acc=0.7280 | NZ=   595 | sparsity=0.7245 | d_m=6.0553e+04
step 1566 | acc=0.7170 | NZ=   594 | sparsity=0.7250 | d_m=6.1449e+04
step 1567 | acc=0.7230 | NZ=   593 | sparsity=0.7255 | d_m=6.1392e+04
step 1568 | acc=0.7240 | NZ=   592 | sparsity=0.7259 | d_m=6.1053e+04
step 1569 | acc=0.7260 | NZ=   591 | sparsity=0.7264 | d_m=6.0869e+04
step 1570 | acc=0.7270 | NZ=   590 | sparsity=0.7269 | d_m=6.0562e+04
step 1571 | acc=0.7250 | NZ=   589 | sparsity=0.7273 | d_m=6.0931e+04
step 1572 | acc=0.7240 | NZ=   588 | sparsity=0.7278 | d_m=6.1137e+04
step 1573 | acc=0.7250 | NZ=   587 | sparsity=0.7282 | d_m=6.1258e+04
step 1574 | acc=0.7220 | NZ=   586 | sparsity=0.7287 | d_m=6.1300e+04
step 1575 | acc=0.7140 | NZ=   585 | sparsity=0.7292 | d_m=6.2837e+04
step 1576 | acc=0.7160 | NZ=   584 | sparsity=0.7296 | d_m=6.3169e+04
step 1577 | acc=0.7130 | NZ=   583 | sparsity=0.7301 | d_m=6.3518e+04
step 1578 | acc=0.7230 | NZ=   582 | sparsity=0.7306 | d_m=6.4010e+04
step 1579 | acc=0.7210 | NZ=   581 | sparsity=0.7310 | d_m=6.4267e+04
step 1580 | acc=0.7230 | NZ=   580 | sparsity=0.7315 | d_m=6.4055e+04
step 1581 | acc=0.7210 | NZ=   579 | sparsity=0.7319 | d_m=6.4368e+04
step 1582 | acc=0.7240 | NZ=   578 | sparsity=0.7324 | d_m=6.4550e+04
step 1583 | acc=0.7160 | NZ=   577 | sparsity=0.7329 | d_m=6.4785e+04
step 1584 | acc=0.7170 | NZ=   576 | sparsity=0.7333 | d_m=6.5367e+04
step 1585 | acc=0.7250 | NZ=   575 | sparsity=0.7338 | d_m=6.5810e+04
step 1586 | acc=0.7250 | NZ=   574 | sparsity=0.7343 | d_m=6.5691e+04
step 1587 | acc=0.7240 | NZ=   573 | sparsity=0.7347 | d_m=6.6273e+04
step 1588 | acc=0.7220 | NZ=   572 | sparsity=0.7352 | d_m=6.6694e+04
step 1589 | acc=0.7150 | NZ=   571 | sparsity=0.7356 | d_m=6.6614e+04
step 1590 | acc=0.7180 | NZ=   570 | sparsity=0.7361 | d_m=6.7179e+04
step 1591 | acc=0.7140 | NZ=   569 | sparsity=0.7366 | d_m=6.7711e+04
step 1592 | acc=0.7110 | NZ=   568 | sparsity=0.7370 | d_m=6.8316e+04
step 1593 | acc=0.7140 | NZ=   567 | sparsity=0.7375 | d_m=6.8572e+04
step 1594 | acc=0.7160 | NZ=   566 | sparsity=0.7380 | d_m=6.8672e+04
step 1595 | acc=0.7190 | NZ=   565 | sparsity=0.7384 | d_m=6.8988e+04
step 1596 | acc=0.7200 | NZ=   564 | sparsity=0.7389 | d_m=6.9476e+04
step 1597 | acc=0.7230 | NZ=   563 | sparsity=0.7394 | d_m=6.9792e+04
step 1598 | acc=0.7220 | NZ=   562 | sparsity=0.7398 | d_m=6.9924e+04
step 1599 | acc=0.7270 | NZ=   561 | sparsity=0.7403 | d_m=7.0145e+04
step 1600 | acc=0.7260 | NZ=   560 | sparsity=0.7407 | d_m=7.0480e+04
step 1601 | acc=0.7030 | NZ=   559 | sparsity=0.7412 | d_m=7.2177e+04
step 1602 | acc=0.7100 | NZ=   558 | sparsity=0.7417 | d_m=7.2239e+04
step 1603 | acc=0.7070 | NZ=   557 | sparsity=0.7421 | d_m=7.2886e+04
step 1604 | acc=0.7090 | NZ=   556 | sparsity=0.7426 | d_m=7.2596e+04
step 1605 | acc=0.7090 | NZ=   555 | sparsity=0.7431 | d_m=7.2401e+04
step 1606 | acc=0.7090 | NZ=   554 | sparsity=0.7435 | d_m=7.2258e+04
step 1607 | acc=0.7100 | NZ=   553 | sparsity=0.7440 | d_m=7.2149e+04
step 1608 | acc=0.7090 | NZ=   552 | sparsity=0.7444 | d_m=7.2249e+04
step 1609 | acc=0.7110 | NZ=   551 | sparsity=0.7449 | d_m=7.2583e+04
step 1610 | acc=0.7080 | NZ=   550 | sparsity=0.7454 | d_m=7.3146e+04
step 1611 | acc=0.7140 | NZ=   549 | sparsity=0.7458 | d_m=7.3760e+04
step 1612 | acc=0.7130 | NZ=   548 | sparsity=0.7463 | d_m=7.4079e+04
step 1613 | acc=0.7140 | NZ=   547 | sparsity=0.7468 | d_m=7.4345e+04
step 1614 | acc=0.7140 | NZ=   546 | sparsity=0.7472 | d_m=7.4339e+04
step 1615 | acc=0.7130 | NZ=   545 | sparsity=0.7477 | d_m=7.4639e+04
step 1616 | acc=0.7100 | NZ=   544 | sparsity=0.7481 | d_m=7.5290e+04
step 1617 | acc=0.7110 | NZ=   543 | sparsity=0.7486 | d_m=7.5565e+04
step 1618 | acc=0.7130 | NZ=   542 | sparsity=0.7491 | d_m=7.5991e+04
step 1619 | acc=0.7100 | NZ=   541 | sparsity=0.7495 | d_m=7.6651e+04
step 1620 | acc=0.7090 | NZ=   540 | sparsity=0.7500 | d_m=7.7105e+04
step 1621 | acc=0.7090 | NZ=   539 | sparsity=0.7505 | d_m=7.7327e+04
step 1622 | acc=0.7040 | NZ=   538 | sparsity=0.7509 | d_m=7.7293e+04
step 1623 | acc=0.7050 | NZ=   537 | sparsity=0.7514 | d_m=7.7877e+04
step 1624 | acc=0.7060 | NZ=   536 | sparsity=0.7519 | d_m=7.8662e+04
step 1625 | acc=0.7070 | NZ=   535 | sparsity=0.7523 | d_m=7.9106e+04
step 1626 | acc=0.7090 | NZ=   534 | sparsity=0.7528 | d_m=7.8837e+04
step 1627 | acc=0.7010 | NZ=   533 | sparsity=0.7532 | d_m=7.9606e+04
step 1628 | acc=0.6970 | NZ=   532 | sparsity=0.7537 | d_m=8.0190e+04
step 1629 | acc=0.6960 | NZ=   531 | sparsity=0.7542 | d_m=8.0572e+04
step 1630 | acc=0.6900 | NZ=   530 | sparsity=0.7546 | d_m=8.2484e+04
step 1631 | acc=0.6950 | NZ=   529 | sparsity=0.7551 | d_m=8.2512e+04
step 1632 | acc=0.6910 | NZ=   528 | sparsity=0.7556 | d_m=8.2638e+04
step 1633 | acc=0.6870 | NZ=   527 | sparsity=0.7560 | d_m=8.3016e+04
step 1634 | acc=0.6820 | NZ=   526 | sparsity=0.7565 | d_m=8.3511e+04
step 1635 | acc=0.6800 | NZ=   525 | sparsity=0.7569 | d_m=8.3233e+04
step 1636 | acc=0.6730 | NZ=   524 | sparsity=0.7574 | d_m=8.4009e+04
step 1637 | acc=0.6750 | NZ=   523 | sparsity=0.7579 | d_m=8.4552e+04
step 1638 | acc=0.6760 | NZ=   522 | sparsity=0.7583 | d_m=8.4912e+04
step 1639 | acc=0.6760 | NZ=   521 | sparsity=0.7588 | d_m=8.5477e+04
step 1640 | acc=0.6760 | NZ=   520 | sparsity=0.7593 | d_m=8.5426e+04
step 1641 | acc=0.6770 | NZ=   519 | sparsity=0.7597 | d_m=8.6046e+04
step 1642 | acc=0.6800 | NZ=   518 | sparsity=0.7602 | d_m=8.6389e+04
step 1643 | acc=0.6860 | NZ=   517 | sparsity=0.7606 | d_m=8.7057e+04
step 1644 | acc=0.6850 | NZ=   516 | sparsity=0.7611 | d_m=8.7254e+04
step 1645 | acc=0.6840 | NZ=   515 | sparsity=0.7616 | d_m=8.8045e+04
step 1646 | acc=0.6830 | NZ=   514 | sparsity=0.7620 | d_m=8.8270e+04
step 1647 | acc=0.6990 | NZ=   513 | sparsity=0.7625 | d_m=8.9355e+04
step 1648 | acc=0.6930 | NZ=   512 | sparsity=0.7630 | d_m=8.9705e+04
step 1649 | acc=0.6890 | NZ=   511 | sparsity=0.7634 | d_m=8.9945e+04
step 1650 | acc=0.6880 | NZ=   510 | sparsity=0.7639 | d_m=9.0483e+04
step 1651 | acc=0.6850 | NZ=   509 | sparsity=0.7644 | d_m=9.0201e+04
step 1652 | acc=0.6790 | NZ=   508 | sparsity=0.7648 | d_m=9.1048e+04
step 1653 | acc=0.6830 | NZ=   507 | sparsity=0.7653 | d_m=9.1461e+04
step 1654 | acc=0.6810 | NZ=   506 | sparsity=0.7657 | d_m=9.2349e+04
step 1655 | acc=0.6770 | NZ=   505 | sparsity=0.7662 | d_m=9.3318e+04
step 1656 | acc=0.6730 | NZ=   504 | sparsity=0.7667 | d_m=9.3797e+04
step 1657 | acc=0.6710 | NZ=   503 | sparsity=0.7671 | d_m=9.4502e+04
step 1658 | acc=0.6700 | NZ=   502 | sparsity=0.7676 | d_m=9.4748e+04
step 1659 | acc=0.6720 | NZ=   501 | sparsity=0.7681 | d_m=9.4887e+04
step 1660 | acc=0.6700 | NZ=   500 | sparsity=0.7685 | d_m=9.5790e+04
step 1661 | acc=0.6670 | NZ=   499 | sparsity=0.7690 | d_m=9.5781e+04
step 1662 | acc=0.6690 | NZ=   498 | sparsity=0.7694 | d_m=9.6270e+04
step 1663 | acc=0.6630 | NZ=   497 | sparsity=0.7699 | d_m=9.6912e+04
step 1664 | acc=0.6670 | NZ=   496 | sparsity=0.7704 | d_m=9.7477e+04
step 1665 | acc=0.6660 | NZ=   495 | sparsity=0.7708 | d_m=9.7179e+04
step 1666 | acc=0.6680 | NZ=   494 | sparsity=0.7713 | d_m=9.8098e+04
step 1667 | acc=0.6670 | NZ=   493 | sparsity=0.7718 | d_m=9.8515e+04
step 1668 | acc=0.6500 | NZ=   492 | sparsity=0.7722 | d_m=1.0025e+05
step 1669 | acc=0.6410 | NZ=   491 | sparsity=0.7727 | d_m=1.0202e+05
step 1670 | acc=0.6440 | NZ=   490 | sparsity=0.7731 | d_m=1.0184e+05
step 1671 | acc=0.6420 | NZ=   489 | sparsity=0.7736 | d_m=1.0188e+05
step 1672 | acc=0.6430 | NZ=   488 | sparsity=0.7741 | d_m=1.0210e+05
step 1673 | acc=0.6430 | NZ=   487 | sparsity=0.7745 | d_m=1.0227e+05
step 1674 | acc=0.6370 | NZ=   486 | sparsity=0.7750 | d_m=1.0305e+05
step 1675 | acc=0.6400 | NZ=   485 | sparsity=0.7755 | d_m=1.0310e+05
step 1676 | acc=0.6430 | NZ=   484 | sparsity=0.7759 | d_m=1.0320e+05
step 1677 | acc=0.6440 | NZ=   483 | sparsity=0.7764 | d_m=1.0400e+05
step 1678 | acc=0.6460 | NZ=   482 | sparsity=0.7769 | d_m=1.0442e+05
step 1679 | acc=0.6460 | NZ=   481 | sparsity=0.7773 | d_m=1.0518e+05
step 1680 | acc=0.6470 | NZ=   480 | sparsity=0.7778 | d_m=1.0569e+05
step 1681 | acc=0.6470 | NZ=   479 | sparsity=0.7782 | d_m=1.0668e+05
step 1682 | acc=0.6450 | NZ=   478 | sparsity=0.7787 | d_m=1.0688e+05
step 1683 | acc=0.6480 | NZ=   477 | sparsity=0.7792 | d_m=1.0787e+05
step 1684 | acc=0.6470 | NZ=   476 | sparsity=0.7796 | d_m=1.0838e+05
step 1685 | acc=0.6440 | NZ=   475 | sparsity=0.7801 | d_m=1.0898e+05
step 1686 | acc=0.6390 | NZ=   474 | sparsity=0.7806 | d_m=1.1174e+05
step 1687 | acc=0.6400 | NZ=   473 | sparsity=0.7810 | d_m=1.1220e+05
step 1688 | acc=0.6390 | NZ=   472 | sparsity=0.7815 | d_m=1.1268e+05
step 1689 | acc=0.6350 | NZ=   471 | sparsity=0.7819 | d_m=1.1358e+05
step 1690 | acc=0.6420 | NZ=   470 | sparsity=0.7824 | d_m=1.1475e+05
step 1691 | acc=0.6390 | NZ=   469 | sparsity=0.7829 | d_m=1.1593e+05
step 1692 | acc=0.6400 | NZ=   468 | sparsity=0.7833 | d_m=1.1689e+05
step 1693 | acc=0.6390 | NZ=   467 | sparsity=0.7838 | d_m=1.1705e+05
step 1694 | acc=0.6390 | NZ=   466 | sparsity=0.7843 | d_m=1.1713e+05
step 1695 | acc=0.6430 | NZ=   465 | sparsity=0.7847 | d_m=1.1773e+05
step 1696 | acc=0.6430 | NZ=   464 | sparsity=0.7852 | d_m=1.1873e+05
step 1697 | acc=0.6420 | NZ=   463 | sparsity=0.7856 | d_m=1.1929e+05
step 1698 | acc=0.6470 | NZ=   462 | sparsity=0.7861 | d_m=1.2041e+05
step 1699 | acc=0.6450 | NZ=   461 | sparsity=0.7866 | d_m=1.2092e+05
step 1700 | acc=0.6460 | NZ=   460 | sparsity=0.7870 | d_m=1.2201e+05
step 1701 | acc=0.6490 | NZ=   459 | sparsity=0.7875 | d_m=1.2240e+05
step 1702 | acc=0.6500 | NZ=   458 | sparsity=0.7880 | d_m=1.2217e+05
step 1703 | acc=0.6530 | NZ=   457 | sparsity=0.7884 | d_m=1.2273e+05
step 1704 | acc=0.6530 | NZ=   456 | sparsity=0.7889 | d_m=1.2239e+05
step 1705 | acc=0.6510 | NZ=   455 | sparsity=0.7894 | d_m=1.2377e+05
step 1706 | acc=0.6500 | NZ=   454 | sparsity=0.7898 | d_m=1.2497e+05
step 1707 | acc=0.6470 | NZ=   453 | sparsity=0.7903 | d_m=1.2640e+05
step 1708 | acc=0.6480 | NZ=   452 | sparsity=0.7907 | d_m=1.2703e+05
step 1709 | acc=0.6470 | NZ=   451 | sparsity=0.7912 | d_m=1.2713e+05
step 1710 | acc=0.6500 | NZ=   450 | sparsity=0.7917 | d_m=1.2796e+05
step 1711 | acc=0.6510 | NZ=   449 | sparsity=0.7921 | d_m=1.2917e+05
step 1712 | acc=0.6560 | NZ=   448 | sparsity=0.7926 | d_m=1.2972e+05
step 1713 | acc=0.6550 | NZ=   447 | sparsity=0.7931 | d_m=1.3021e+05
step 1714 | acc=0.6540 | NZ=   446 | sparsity=0.7935 | d_m=1.3052e+05
step 1715 | acc=0.6570 | NZ=   445 | sparsity=0.7940 | d_m=1.3114e+05
step 1716 | acc=0.6570 | NZ=   444 | sparsity=0.7944 | d_m=1.3133e+05
step 1717 | acc=0.6560 | NZ=   443 | sparsity=0.7949 | d_m=1.3130e+05
step 1718 | acc=0.6590 | NZ=   442 | sparsity=0.7954 | d_m=1.3236e+05
step 1719 | acc=0.6590 | NZ=   441 | sparsity=0.7958 | d_m=1.3402e+05
step 1720 | acc=0.6600 | NZ=   440 | sparsity=0.7963 | d_m=1.3552e+05
step 1721 | acc=0.6600 | NZ=   439 | sparsity=0.7968 | d_m=1.3647e+05
step 1722 | acc=0.6620 | NZ=   438 | sparsity=0.7972 | d_m=1.3728e+05
step 1723 | acc=0.6670 | NZ=   437 | sparsity=0.7977 | d_m=1.3831e+05
step 1724 | acc=0.6610 | NZ=   436 | sparsity=0.7981 | d_m=1.3986e+05
step 1725 | acc=0.6630 | NZ=   435 | sparsity=0.7986 | d_m=1.4008e+05
step 1726 | acc=0.6610 | NZ=   434 | sparsity=0.7991 | d_m=1.4135e+05
step 1727 | acc=0.6620 | NZ=   433 | sparsity=0.7995 | d_m=1.4278e+05
step 1728 | acc=0.6630 | NZ=   432 | sparsity=0.8000 | d_m=1.4455e+05
step 1729 | acc=0.6630 | NZ=   431 | sparsity=0.8005 | d_m=1.4416e+05
step 1730 | acc=0.6640 | NZ=   430 | sparsity=0.8009 | d_m=1.4397e+05
step 1731 | acc=0.6650 | NZ=   429 | sparsity=0.8014 | d_m=1.4383e+05
step 1732 | acc=0.6660 | NZ=   428 | sparsity=0.8019 | d_m=1.4371e+05
step 1733 | acc=0.6660 | NZ=   427 | sparsity=0.8023 | d_m=1.4361e+05
step 1734 | acc=0.6670 | NZ=   426 | sparsity=0.8028 | d_m=1.4352e+05
step 1735 | acc=0.6670 | NZ=   425 | sparsity=0.8032 | d_m=1.4343e+05
step 1736 | acc=0.6670 | NZ=   424 | sparsity=0.8037 | d_m=1.4414e+05
step 1737 | acc=0.6650 | NZ=   423 | sparsity=0.8042 | d_m=1.4406e+05
step 1738 | acc=0.6650 | NZ=   422 | sparsity=0.8046 | d_m=1.4477e+05
step 1739 | acc=0.6640 | NZ=   421 | sparsity=0.8051 | d_m=1.4505e+05
step 1740 | acc=0.6620 | NZ=   420 | sparsity=0.8056 | d_m=1.4699e+05
step 1741 | acc=0.6610 | NZ=   419 | sparsity=0.8060 | d_m=1.4718e+05
step 1742 | acc=0.6620 | NZ=   418 | sparsity=0.8065 | d_m=1.4819e+05
step 1743 | acc=0.6610 | NZ=   417 | sparsity=0.8069 | d_m=1.4780e+05
step 1744 | acc=0.6610 | NZ=   416 | sparsity=0.8074 | d_m=1.4984e+05
step 1745 | acc=0.6600 | NZ=   415 | sparsity=0.8079 | d_m=1.5090e+05
step 1746 | acc=0.6590 | NZ=   414 | sparsity=0.8083 | d_m=1.5276e+05
step 1747 | acc=0.6570 | NZ=   413 | sparsity=0.8088 | d_m=1.5374e+05
step 1748 | acc=0.6550 | NZ=   412 | sparsity=0.8093 | d_m=1.5349e+05
step 1749 | acc=0.6560 | NZ=   411 | sparsity=0.8097 | d_m=1.5384e+05
step 1750 | acc=0.6570 | NZ=   410 | sparsity=0.8102 | d_m=1.5490e+05
step 1751 | acc=0.6590 | NZ=   409 | sparsity=0.8106 | d_m=1.5549e+05
step 1752 | acc=0.6580 | NZ=   408 | sparsity=0.8111 | d_m=1.5725e+05
step 1753 | acc=0.6580 | NZ=   407 | sparsity=0.8116 | d_m=1.5842e+05
step 1754 | acc=0.6510 | NZ=   406 | sparsity=0.8120 | d_m=1.5963e+05
step 1755 | acc=0.6480 | NZ=   405 | sparsity=0.8125 | d_m=1.5989e+05
step 1756 | acc=0.6530 | NZ=   404 | sparsity=0.8130 | d_m=1.5960e+05
step 1757 | acc=0.6530 | NZ=   403 | sparsity=0.8134 | d_m=1.6011e+05
step 1758 | acc=0.6480 | NZ=   402 | sparsity=0.8139 | d_m=1.6087e+05
step 1759 | acc=0.6470 | NZ=   401 | sparsity=0.8144 | d_m=1.6149e+05
step 1760 | acc=0.6460 | NZ=   400 | sparsity=0.8148 | d_m=1.6267e+05
step 1761 | acc=0.6460 | NZ=   399 | sparsity=0.8153 | d_m=1.6276e+05
step 1762 | acc=0.6440 | NZ=   398 | sparsity=0.8157 | d_m=1.6343e+05
step 1763 | acc=0.6450 | NZ=   397 | sparsity=0.8162 | d_m=1.6402e+05
step 1764 | acc=0.6460 | NZ=   396 | sparsity=0.8167 | d_m=1.6436e+05
step 1765 | acc=0.6510 | NZ=   395 | sparsity=0.8171 | d_m=1.6391e+05
step 1766 | acc=0.6550 | NZ=   394 | sparsity=0.8176 | d_m=1.6526e+05
step 1767 | acc=0.6560 | NZ=   393 | sparsity=0.8181 | d_m=1.6437e+05
step 1768 | acc=0.6570 | NZ=   392 | sparsity=0.8185 | d_m=1.6375e+05
step 1769 | acc=0.6580 | NZ=   391 | sparsity=0.8190 | d_m=1.6328e+05
step 1770 | acc=0.6580 | NZ=   390 | sparsity=0.8194 | d_m=1.6292e+05
step 1771 | acc=0.6580 | NZ=   389 | sparsity=0.8199 | d_m=1.6375e+05
step 1772 | acc=0.6590 | NZ=   388 | sparsity=0.8204 | d_m=1.6487e+05
step 1773 | acc=0.6610 | NZ=   387 | sparsity=0.8208 | d_m=1.6620e+05
step 1774 | acc=0.6600 | NZ=   386 | sparsity=0.8213 | d_m=1.6722e+05
step 1775 | acc=0.6550 | NZ=   385 | sparsity=0.8218 | d_m=1.6944e+05
step 1776 | acc=0.6560 | NZ=   384 | sparsity=0.8222 | d_m=1.6973e+05
step 1777 | acc=0.6570 | NZ=   383 | sparsity=0.8227 | d_m=1.6964e+05
step 1778 | acc=0.6550 | NZ=   382 | sparsity=0.8231 | d_m=1.7102e+05
step 1779 | acc=0.6540 | NZ=   381 | sparsity=0.8236 | d_m=1.7159e+05
step 1780 | acc=0.6550 | NZ=   380 | sparsity=0.8241 | d_m=1.7176e+05
step 1781 | acc=0.6480 | NZ=   379 | sparsity=0.8245 | d_m=1.7166e+05
step 1782 | acc=0.6490 | NZ=   378 | sparsity=0.8250 | d_m=1.7144e+05
step 1783 | acc=0.6450 | NZ=   377 | sparsity=0.8255 | d_m=1.7365e+05
step 1784 | acc=0.6420 | NZ=   376 | sparsity=0.8259 | d_m=1.7507e+05
step 1785 | acc=0.6460 | NZ=   375 | sparsity=0.8264 | d_m=1.7713e+05
step 1786 | acc=0.6440 | NZ=   374 | sparsity=0.8269 | d_m=1.7863e+05
step 1787 | acc=0.6410 | NZ=   373 | sparsity=0.8273 | d_m=1.7849e+05
step 1788 | acc=0.6480 | NZ=   372 | sparsity=0.8278 | d_m=1.7869e+05
step 1789 | acc=0.6480 | NZ=   371 | sparsity=0.8282 | d_m=1.8023e+05
step 1790 | acc=0.6460 | NZ=   370 | sparsity=0.8287 | d_m=1.8078e+05
step 1791 | acc=0.6470 | NZ=   369 | sparsity=0.8292 | d_m=1.8097e+05
step 1792 | acc=0.6490 | NZ=   368 | sparsity=0.8296 | d_m=1.8191e+05
step 1793 | acc=0.6460 | NZ=   367 | sparsity=0.8301 | d_m=1.8146e+05
step 1794 | acc=0.6460 | NZ=   366 | sparsity=0.8306 | d_m=1.8243e+05
step 1795 | acc=0.6460 | NZ=   365 | sparsity=0.8310 | d_m=1.8304e+05
step 1796 | acc=0.6470 | NZ=   364 | sparsity=0.8315 | d_m=1.8469e+05
step 1797 | acc=0.6450 | NZ=   363 | sparsity=0.8319 | d_m=1.8643e+05
step 1798 | acc=0.6430 | NZ=   362 | sparsity=0.8324 | d_m=1.8667e+05
step 1799 | acc=0.6430 | NZ=   361 | sparsity=0.8329 | d_m=1.8749e+05
step 1800 | acc=0.6460 | NZ=   360 | sparsity=0.8333 | d_m=1.8963e+05
step 1801 | acc=0.6440 | NZ=   359 | sparsity=0.8338 | d_m=1.9115e+05
step 1802 | acc=0.6430 | NZ=   358 | sparsity=0.8343 | d_m=1.9196e+05
step 1803 | acc=0.6450 | NZ=   357 | sparsity=0.8347 | d_m=1.9178e+05
step 1804 | acc=0.6450 | NZ=   356 | sparsity=0.8352 | d_m=1.9389e+05
step 1805 | acc=0.6410 | NZ=   355 | sparsity=0.8356 | d_m=1.9495e+05
step 1806 | acc=0.6420 | NZ=   354 | sparsity=0.8361 | d_m=1.9471e+05
step 1807 | acc=0.6410 | NZ=   353 | sparsity=0.8366 | d_m=1.9550e+05
step 1808 | acc=0.6410 | NZ=   352 | sparsity=0.8370 | d_m=1.9491e+05
step 1809 | acc=0.6400 | NZ=   351 | sparsity=0.8375 | d_m=1.9695e+05
step 1810 | acc=0.6360 | NZ=   350 | sparsity=0.8380 | d_m=1.9743e+05
step 1811 | acc=0.6350 | NZ=   349 | sparsity=0.8384 | d_m=1.9884e+05
step 1812 | acc=0.6370 | NZ=   348 | sparsity=0.8389 | d_m=2.0053e+05
step 1813 | acc=0.6380 | NZ=   347 | sparsity=0.8394 | d_m=2.0085e+05
step 1814 | acc=0.6390 | NZ=   346 | sparsity=0.8398 | d_m=2.0146e+05
step 1815 | acc=0.6400 | NZ=   345 | sparsity=0.8403 | d_m=2.0236e+05
step 1816 | acc=0.6400 | NZ=   344 | sparsity=0.8407 | d_m=2.0333e+05
step 1817 | acc=0.6420 | NZ=   343 | sparsity=0.8412 | d_m=2.0341e+05
step 1818 | acc=0.6350 | NZ=   342 | sparsity=0.8417 | d_m=2.0395e+05
step 1819 | acc=0.6310 | NZ=   341 | sparsity=0.8421 | d_m=2.0352e+05
step 1820 | acc=0.6300 | NZ=   340 | sparsity=0.8426 | d_m=2.0364e+05
step 1821 | acc=0.6350 | NZ=   339 | sparsity=0.8431 | d_m=2.0430e+05
step 1822 | acc=0.6400 | NZ=   338 | sparsity=0.8435 | d_m=2.0611e+05
step 1823 | acc=0.6410 | NZ=   337 | sparsity=0.8440 | d_m=2.0658e+05
step 1824 | acc=0.6400 | NZ=   336 | sparsity=0.8444 | d_m=2.0759e+05
step 1825 | acc=0.6430 | NZ=   335 | sparsity=0.8449 | d_m=2.0962e+05
step 1826 | acc=0.6390 | NZ=   334 | sparsity=0.8454 | d_m=2.1102e+05
step 1827 | acc=0.6330 | NZ=   333 | sparsity=0.8458 | d_m=2.1173e+05
step 1828 | acc=0.6350 | NZ=   332 | sparsity=0.8463 | d_m=2.1356e+05
step 1829 | acc=0.6350 | NZ=   331 | sparsity=0.8468 | d_m=2.1558e+05
step 1830 | acc=0.6330 | NZ=   330 | sparsity=0.8472 | d_m=2.1671e+05
step 1831 | acc=0.6310 | NZ=   329 | sparsity=0.8477 | d_m=2.1709e+05
step 1832 | acc=0.6260 | NZ=   328 | sparsity=0.8481 | d_m=2.1770e+05
step 1833 | acc=0.6230 | NZ=   327 | sparsity=0.8486 | d_m=2.1948e+05
step 1834 | acc=0.6340 | NZ=   326 | sparsity=0.8491 | d_m=2.1981e+05
step 1835 | acc=0.6330 | NZ=   325 | sparsity=0.8495 | d_m=2.1935e+05
step 1836 | acc=0.6320 | NZ=   324 | sparsity=0.8500 | d_m=2.2030e+05
step 1837 | acc=0.6340 | NZ=   323 | sparsity=0.8505 | d_m=2.2235e+05
step 1838 | acc=0.6310 | NZ=   322 | sparsity=0.8509 | d_m=2.2499e+05
step 1839 | acc=0.6290 | NZ=   321 | sparsity=0.8514 | d_m=2.2542e+05
step 1840 | acc=0.6320 | NZ=   320 | sparsity=0.8519 | d_m=2.2790e+05
step 1841 | acc=0.6260 | NZ=   319 | sparsity=0.8523 | d_m=2.3002e+05
step 1842 | acc=0.6250 | NZ=   318 | sparsity=0.8528 | d_m=2.3129e+05
step 1843 | acc=0.6260 | NZ=   317 | sparsity=0.8532 | d_m=2.3146e+05
step 1844 | acc=0.6260 | NZ=   316 | sparsity=0.8537 | d_m=2.3272e+05
step 1845 | acc=0.6270 | NZ=   315 | sparsity=0.8542 | d_m=2.3353e+05
step 1846 | acc=0.6230 | NZ=   314 | sparsity=0.8546 | d_m=2.3604e+05
step 1847 | acc=0.6250 | NZ=   313 | sparsity=0.8551 | d_m=2.3769e+05
step 1848 | acc=0.6170 | NZ=   312 | sparsity=0.8556 | d_m=2.3785e+05
step 1849 | acc=0.6180 | NZ=   311 | sparsity=0.8560 | d_m=2.3919e+05
step 1850 | acc=0.6150 | NZ=   310 | sparsity=0.8565 | d_m=2.4242e+05
step 1851 | acc=0.6150 | NZ=   309 | sparsity=0.8569 | d_m=2.4536e+05
step 1852 | acc=0.6210 | NZ=   308 | sparsity=0.8574 | d_m=2.4796e+05
step 1853 | acc=0.6180 | NZ=   307 | sparsity=0.8579 | d_m=2.4839e+05
step 1854 | acc=0.6120 | NZ=   306 | sparsity=0.8583 | d_m=2.4825e+05
step 1855 | acc=0.6070 | NZ=   305 | sparsity=0.8588 | d_m=2.5081e+05
step 1856 | acc=0.5940 | NZ=   304 | sparsity=0.8593 | d_m=2.5342e+05
step 1857 | acc=0.5960 | NZ=   303 | sparsity=0.8597 | d_m=2.5316e+05
step 1858 | acc=0.5980 | NZ=   302 | sparsity=0.8602 | d_m=2.5299e+05
step 1859 | acc=0.5990 | NZ=   301 | sparsity=0.8606 | d_m=2.5286e+05
step 1860 | acc=0.5940 | NZ=   300 | sparsity=0.8611 | d_m=2.5411e+05
step 1861 | acc=0.5970 | NZ=   299 | sparsity=0.8616 | d_m=2.5423e+05
step 1862 | acc=0.5880 | NZ=   298 | sparsity=0.8620 | d_m=2.5623e+05
step 1863 | acc=0.5970 | NZ=   297 | sparsity=0.8625 | d_m=2.5747e+05
step 1864 | acc=0.5950 | NZ=   296 | sparsity=0.8630 | d_m=2.6084e+05
step 1865 | acc=0.5940 | NZ=   295 | sparsity=0.8634 | d_m=2.6211e+05
step 1866 | acc=0.5890 | NZ=   294 | sparsity=0.8639 | d_m=2.6230e+05
step 1867 | acc=0.5930 | NZ=   293 | sparsity=0.8644 | d_m=2.6365e+05
step 1868 | acc=0.5880 | NZ=   292 | sparsity=0.8648 | d_m=2.6666e+05
step 1869 | acc=0.5800 | NZ=   291 | sparsity=0.8653 | d_m=2.6987e+05
step 1870 | acc=0.5810 | NZ=   290 | sparsity=0.8657 | d_m=2.7044e+05
step 1871 | acc=0.5800 | NZ=   289 | sparsity=0.8662 | d_m=2.7003e+05
step 1872 | acc=0.5800 | NZ=   288 | sparsity=0.8667 | d_m=2.7094e+05
step 1873 | acc=0.5810 | NZ=   287 | sparsity=0.8671 | d_m=2.7097e+05
step 1874 | acc=0.5770 | NZ=   286 | sparsity=0.8676 | d_m=2.7419e+05
step 1875 | acc=0.5740 | NZ=   285 | sparsity=0.8681 | d_m=2.7514e+05
step 1876 | acc=0.5680 | NZ=   284 | sparsity=0.8685 | d_m=2.7436e+05
step 1877 | acc=0.5720 | NZ=   283 | sparsity=0.8690 | d_m=2.7442e+05
step 1878 | acc=0.5670 | NZ=   282 | sparsity=0.8694 | d_m=2.7748e+05
step 1879 | acc=0.5590 | NZ=   281 | sparsity=0.8699 | d_m=2.7917e+05
step 1880 | acc=0.5570 | NZ=   280 | sparsity=0.8704 | d_m=2.8049e+05
step 1881 | acc=0.5570 | NZ=   279 | sparsity=0.8708 | d_m=2.8376e+05
step 1882 | acc=0.5530 | NZ=   278 | sparsity=0.8713 | d_m=2.8669e+05
step 1883 | acc=0.5470 | NZ=   277 | sparsity=0.8718 | d_m=2.8795e+05
step 1884 | acc=0.5460 | NZ=   276 | sparsity=0.8722 | d_m=2.9185e+05
step 1885 | acc=0.5420 | NZ=   275 | sparsity=0.8727 | d_m=2.9393e+05
step 1886 | acc=0.5460 | NZ=   274 | sparsity=0.8731 | d_m=2.9736e+05
step 1887 | acc=0.5480 | NZ=   273 | sparsity=0.8736 | d_m=3.0025e+05
step 1888 | acc=0.5410 | NZ=   272 | sparsity=0.8741 | d_m=3.0316e+05
step 1889 | acc=0.5380 | NZ=   271 | sparsity=0.8745 | d_m=3.0406e+05
step 1890 | acc=0.5340 | NZ=   270 | sparsity=0.8750 | d_m=3.0344e+05
step 1891 | acc=0.5230 | NZ=   269 | sparsity=0.8755 | d_m=3.1074e+05
step 1892 | acc=0.5160 | NZ=   268 | sparsity=0.8759 | d_m=3.1234e+05
step 1893 | acc=0.5200 | NZ=   267 | sparsity=0.8764 | d_m=3.1543e+05
step 1894 | acc=0.5230 | NZ=   266 | sparsity=0.8769 | d_m=3.1570e+05
step 1895 | acc=0.5230 | NZ=   265 | sparsity=0.8773 | d_m=3.1901e+05
step 1896 | acc=0.5260 | NZ=   264 | sparsity=0.8778 | d_m=3.2233e+05
step 1897 | acc=0.5270 | NZ=   263 | sparsity=0.8782 | d_m=3.2608e+05
step 1898 | acc=0.5260 | NZ=   262 | sparsity=0.8787 | d_m=3.2709e+05
step 1899 | acc=0.5260 | NZ=   261 | sparsity=0.8792 | d_m=3.2590e+05
step 1900 | acc=0.5220 | NZ=   260 | sparsity=0.8796 | d_m=3.3009e+05
step 1901 | acc=0.5130 | NZ=   259 | sparsity=0.8801 | d_m=3.3442e+05
step 1902 | acc=0.5100 | NZ=   258 | sparsity=0.8806 | d_m=3.4161e+05
step 1903 | acc=0.5050 | NZ=   257 | sparsity=0.8810 | d_m=3.4121e+05
step 1904 | acc=0.5110 | NZ=   256 | sparsity=0.8815 | d_m=3.4178e+05
step 1905 | acc=0.5010 | NZ=   255 | sparsity=0.8819 | d_m=3.4216e+05
step 1906 | acc=0.5060 | NZ=   254 | sparsity=0.8824 | d_m=3.4377e+05
step 1907 | acc=0.4990 | NZ=   253 | sparsity=0.8829 | d_m=3.4364e+05
step 1908 | acc=0.4870 | NZ=   252 | sparsity=0.8833 | d_m=3.4742e+05
step 1909 | acc=0.4840 | NZ=   251 | sparsity=0.8838 | d_m=3.5166e+05
step 1910 | acc=0.4810 | NZ=   250 | sparsity=0.8843 | d_m=3.5283e+05
step 1911 | acc=0.4840 | NZ=   249 | sparsity=0.8847 | d_m=3.5358e+05
step 1912 | acc=0.4870 | NZ=   248 | sparsity=0.8852 | d_m=3.5716e+05
step 1913 | acc=0.4870 | NZ=   247 | sparsity=0.8856 | d_m=3.6152e+05
step 1914 | acc=0.4790 | NZ=   246 | sparsity=0.8861 | d_m=3.6119e+05
step 1915 | acc=0.4810 | NZ=   245 | sparsity=0.8866 | d_m=3.6108e+05
step 1916 | acc=0.4850 | NZ=   244 | sparsity=0.8870 | d_m=3.6180e+05
step 1917 | acc=0.4840 | NZ=   243 | sparsity=0.8875 | d_m=3.6092e+05
step 1918 | acc=0.4780 | NZ=   242 | sparsity=0.8880 | d_m=3.6242e+05
step 1919 | acc=0.4680 | NZ=   241 | sparsity=0.8884 | d_m=3.6383e+05
step 1920 | acc=0.4640 | NZ=   240 | sparsity=0.8889 | d_m=3.6837e+05
step 1921 | acc=0.4570 | NZ=   239 | sparsity=0.8894 | d_m=3.7214e+05
step 1922 | acc=0.4430 | NZ=   238 | sparsity=0.8898 | d_m=3.7694e+05
step 1923 | acc=0.4430 | NZ=   237 | sparsity=0.8903 | d_m=3.8190e+05
step 1924 | acc=0.4480 | NZ=   236 | sparsity=0.8907 | d_m=3.8699e+05
step 1925 | acc=0.4420 | NZ=   235 | sparsity=0.8912 | d_m=3.9179e+05
step 1926 | acc=0.4320 | NZ=   234 | sparsity=0.8917 | d_m=3.9431e+05
step 1927 | acc=0.4050 | NZ=   233 | sparsity=0.8921 | d_m=4.0305e+05
step 1928 | acc=0.3930 | NZ=   232 | sparsity=0.8926 | d_m=4.0727e+05
step 1929 | acc=0.3980 | NZ=   231 | sparsity=0.8931 | d_m=4.1181e+05
step 1930 | acc=0.4010 | NZ=   230 | sparsity=0.8935 | d_m=4.1050e+05
step 1931 | acc=0.3870 | NZ=   229 | sparsity=0.8940 | d_m=4.1539e+05
step 1932 | acc=0.3900 | NZ=   228 | sparsity=0.8944 | d_m=4.1449e+05
step 1933 | acc=0.3850 | NZ=   227 | sparsity=0.8949 | d_m=4.1641e+05
step 1934 | acc=0.3920 | NZ=   226 | sparsity=0.8954 | d_m=4.2098e+05
step 1935 | acc=0.3820 | NZ=   225 | sparsity=0.8958 | d_m=4.2482e+05
step 1936 | acc=0.3920 | NZ=   224 | sparsity=0.8963 | d_m=4.2645e+05
step 1937 | acc=0.4010 | NZ=   223 | sparsity=0.8968 | d_m=4.3163e+05
step 1938 | acc=0.3930 | NZ=   222 | sparsity=0.8972 | d_m=4.3860e+05
step 1939 | acc=0.3810 | NZ=   221 | sparsity=0.8977 | d_m=4.4171e+05
step 1940 | acc=0.3700 | NZ=   220 | sparsity=0.8981 | d_m=4.4339e+05
step 1941 | acc=0.3830 | NZ=   219 | sparsity=0.8986 | d_m=4.4995e+05
step 1942 | acc=0.3750 | NZ=   218 | sparsity=0.8991 | d_m=4.5689e+05
step 1943 | acc=0.3660 | NZ=   217 | sparsity=0.8995 | d_m=4.6421e+05
step 1944 | acc=0.3750 | NZ=   216 | sparsity=0.9000 | d_m=4.6419e+05
step 1945 | acc=0.3630 | NZ=   215 | sparsity=0.9005 | d_m=4.6402e+05
step 1946 | acc=0.3700 | NZ=   214 | sparsity=0.9009 | d_m=4.6427e+05
step 1947 | acc=0.3790 | NZ=   213 | sparsity=0.9014 | d_m=4.6965e+05
step 1948 | acc=0.3710 | NZ=   212 | sparsity=0.9019 | d_m=4.7129e+05
step 1949 | acc=0.3780 | NZ=   211 | sparsity=0.9023 | d_m=4.7078e+05
step 1950 | acc=0.3670 | NZ=   210 | sparsity=0.9028 | d_m=4.7824e+05
step 1951 | acc=0.3590 | NZ=   209 | sparsity=0.9032 | d_m=4.8721e+05
step 1952 | acc=0.3400 | NZ=   208 | sparsity=0.9037 | d_m=4.9651e+05
step 1953 | acc=0.3440 | NZ=   207 | sparsity=0.9042 | d_m=4.9641e+05
step 1954 | acc=0.3530 | NZ=   206 | sparsity=0.9046 | d_m=5.0208e+05
step 1955 | acc=0.3380 | NZ=   205 | sparsity=0.9051 | d_m=5.0320e+05
step 1956 | acc=0.3450 | NZ=   204 | sparsity=0.9056 | d_m=5.0272e+05
step 1957 | acc=0.3270 | NZ=   203 | sparsity=0.9060 | d_m=5.1256e+05
step 1958 | acc=0.3160 | NZ=   202 | sparsity=0.9065 | d_m=5.1962e+05
step 1959 | acc=0.3140 | NZ=   201 | sparsity=0.9069 | d_m=5.2130e+05
step 1960 | acc=0.3210 | NZ=   200 | sparsity=0.9074 | d_m=5.2794e+05
step 1961 | acc=0.3080 | NZ=   199 | sparsity=0.9079 | d_m=5.3733e+05
step 1962 | acc=0.2970 | NZ=   198 | sparsity=0.9083 | d_m=5.4510e+05
step 1963 | acc=0.2950 | NZ=   197 | sparsity=0.9088 | d_m=5.4725e+05
step 1964 | acc=0.3100 | NZ=   196 | sparsity=0.9093 | d_m=5.5343e+05
step 1965 | acc=0.2980 | NZ=   195 | sparsity=0.9097 | d_m=5.5522e+05
step 1966 | acc=0.3010 | NZ=   194 | sparsity=0.9102 | d_m=5.5984e+05
step 1967 | acc=0.3040 | NZ=   193 | sparsity=0.9106 | d_m=5.6924e+05
step 1968 | acc=0.3030 | NZ=   192 | sparsity=0.9111 | d_m=5.6918e+05
step 1969 | acc=0.3060 | NZ=   191 | sparsity=0.9116 | d_m=5.7671e+05
step 1970 | acc=0.3030 | NZ=   190 | sparsity=0.9120 | d_m=5.8210e+05
step 1971 | acc=0.3100 | NZ=   189 | sparsity=0.9125 | d_m=5.9161e+05
step 1972 | acc=0.3090 | NZ=   188 | sparsity=0.9130 | d_m=5.9178e+05
step 1973 | acc=0.2930 | NZ=   187 | sparsity=0.9134 | d_m=5.9768e+05
step 1974 | acc=0.2750 | NZ=   186 | sparsity=0.9139 | d_m=6.0426e+05
step 1975 | acc=0.2800 | NZ=   185 | sparsity=0.9144 | d_m=6.0984e+05
step 1976 | acc=0.2710 | NZ=   184 | sparsity=0.9148 | d_m=6.1186e+05
step 1977 | acc=0.2660 | NZ=   183 | sparsity=0.9153 | d_m=6.1383e+05
step 1978 | acc=0.2050 | NZ=   182 | sparsity=0.9157 | d_m=6.1700e+05
step 1979 | acc=0.2060 | NZ=   181 | sparsity=0.9162 | d_m=6.1613e+05
step 1980 | acc=0.2060 | NZ=   180 | sparsity=0.9167 | d_m=6.1557e+05
step 1981 | acc=0.2000 | NZ=   179 | sparsity=0.9171 | d_m=6.1786e+05
step 1982 | acc=0.2010 | NZ=   178 | sparsity=0.9176 | d_m=6.1695e+05
step 1983 | acc=0.2030 | NZ=   177 | sparsity=0.9181 | d_m=6.1628e+05
step 1984 | acc=0.2040 | NZ=   176 | sparsity=0.9185 | d_m=6.1598e+05
step 1985 | acc=0.1980 | NZ=   175 | sparsity=0.9190 | d_m=6.1869e+05
step 1986 | acc=0.1920 | NZ=   174 | sparsity=0.9194 | d_m=6.2218e+05
step 1987 | acc=0.1740 | NZ=   173 | sparsity=0.9199 | d_m=6.2341e+05
step 1988 | acc=0.1620 | NZ=   172 | sparsity=0.9204 | d_m=6.3194e+05
step 1989 | acc=0.1650 | NZ=   171 | sparsity=0.9208 | d_m=6.3833e+05
step 1990 | acc=0.1670 | NZ=   170 | sparsity=0.9213 | d_m=6.4033e+05
step 1991 | acc=0.1680 | NZ=   169 | sparsity=0.9218 | d_m=6.3903e+05
step 1992 | acc=0.1790 | NZ=   168 | sparsity=0.9222 | d_m=6.4918e+05
step 1993 | acc=0.1680 | NZ=   167 | sparsity=0.9227 | d_m=6.5697e+05
step 1994 | acc=0.1720 | NZ=   166 | sparsity=0.9231 | d_m=6.6312e+05
step 1995 | acc=0.1670 | NZ=   165 | sparsity=0.9236 | d_m=6.6469e+05
step 1996 | acc=0.1680 | NZ=   164 | sparsity=0.9241 | d_m=6.6798e+05
step 1997 | acc=0.1700 | NZ=   163 | sparsity=0.9245 | d_m=6.6993e+05
step 1998 | acc=0.1800 | NZ=   162 | sparsity=0.9250 | d_m=6.8054e+05
step 1999 | acc=0.1940 | NZ=   161 | sparsity=0.9255 | d_m=6.8903e+05
step 2000 | acc=0.1860 | NZ=   160 | sparsity=0.9259 | d_m=6.9963e+05
step 2001 | acc=0.1800 | NZ=   159 | sparsity=0.9264 | d_m=7.1162e+05
step 2002 | acc=0.1870 | NZ=   158 | sparsity=0.9269 | d_m=7.2397e+05
step 2003 | acc=0.1830 | NZ=   157 | sparsity=0.9273 | d_m=7.2615e+05
step 2004 | acc=0.1840 | NZ=   156 | sparsity=0.9278 | d_m=7.3223e+05
step 2005 | acc=0.1770 | NZ=   155 | sparsity=0.9282 | d_m=7.3341e+05
step 2006 | acc=0.1830 | NZ=   154 | sparsity=0.9287 | d_m=7.4577e+05
step 2007 | acc=0.1960 | NZ=   153 | sparsity=0.9292 | d_m=7.5952e+05
step 2008 | acc=0.1930 | NZ=   152 | sparsity=0.9296 | d_m=7.7284e+05
step 2009 | acc=0.1830 | NZ=   151 | sparsity=0.9301 | d_m=7.7827e+05
step 2010 | acc=0.1920 | NZ=   150 | sparsity=0.9306 | d_m=7.8037e+05
step 2011 | acc=0.1950 | NZ=   149 | sparsity=0.9310 | d_m=7.8257e+05
step 2012 | acc=0.1920 | NZ=   148 | sparsity=0.9315 | d_m=7.8450e+05
step 2013 | acc=0.1830 | NZ=   147 | sparsity=0.9319 | d_m=7.9109e+05
step 2014 | acc=0.1710 | NZ=   146 | sparsity=0.9324 | d_m=8.0571e+05
step 2015 | acc=0.1780 | NZ=   145 | sparsity=0.9329 | d_m=8.2045e+05
step 2016 | acc=0.1750 | NZ=   144 | sparsity=0.9333 | d_m=8.2238e+05
step 2017 | acc=0.1740 | NZ=   143 | sparsity=0.9338 | d_m=8.2266e+05
step 2018 | acc=0.1830 | NZ=   142 | sparsity=0.9343 | d_m=8.3302e+05
step 2019 | acc=0.1660 | NZ=   141 | sparsity=0.9347 | d_m=8.4707e+05
step 2020 | acc=0.1640 | NZ=   140 | sparsity=0.9352 | d_m=8.6200e+05
step 2021 | acc=0.1530 | NZ=   139 | sparsity=0.9356 | d_m=8.7675e+05
step 2022 | acc=0.1560 | NZ=   138 | sparsity=0.9361 | d_m=8.7383e+05
step 2023 | acc=0.1500 | NZ=   137 | sparsity=0.9366 | d_m=8.7388e+05
step 2024 | acc=0.1460 | NZ=   136 | sparsity=0.9370 | d_m=8.7437e+05
step 2025 | acc=0.1460 | NZ=   135 | sparsity=0.9375 | d_m=8.7428e+05
step 2026 | acc=0.1470 | NZ=   134 | sparsity=0.9380 | d_m=8.7508e+05
step 2027 | acc=0.1480 | NZ=   133 | sparsity=0.9384 | d_m=8.7739e+05
step 2028 | acc=0.1480 | NZ=   132 | sparsity=0.9389 | d_m=8.8517e+05
step 2029 | acc=0.1480 | NZ=   131 | sparsity=0.9394 | d_m=8.8771e+05
step 2030 | acc=0.1530 | NZ=   130 | sparsity=0.9398 | d_m=8.8638e+05
step 2031 | acc=0.1500 | NZ=   129 | sparsity=0.9403 | d_m=9.0385e+05
step 2032 | acc=0.1450 | NZ=   128 | sparsity=0.9407 | d_m=9.0380e+05
step 2033 | acc=0.1430 | NZ=   127 | sparsity=0.9412 | d_m=9.0467e+05
step 2034 | acc=0.1430 | NZ=   126 | sparsity=0.9417 | d_m=9.0780e+05
step 2035 | acc=0.1400 | NZ=   125 | sparsity=0.9421 | d_m=9.1275e+05
step 2036 | acc=0.1380 | NZ=   124 | sparsity=0.9426 | d_m=9.1613e+05
step 2037 | acc=0.1360 | NZ=   123 | sparsity=0.9431 | d_m=9.3228e+05
step 2038 | acc=0.1360 | NZ=   122 | sparsity=0.9435 | d_m=9.5080e+05
step 2039 | acc=0.1380 | NZ=   121 | sparsity=0.9440 | d_m=9.6942e+05
step 2040 | acc=0.1400 | NZ=   120 | sparsity=0.9444 | d_m=9.7238e+05
step 2041 | acc=0.1340 | NZ=   119 | sparsity=0.9449 | d_m=9.8548e+05
step 2042 | acc=0.1310 | NZ=   118 | sparsity=0.9454 | d_m=9.8828e+05
step 2043 | acc=0.1310 | NZ=   117 | sparsity=0.9458 | d_m=9.8924e+05
step 2044 | acc=0.1390 | NZ=   116 | sparsity=0.9463 | d_m=9.9316e+05
step 2045 | acc=0.1320 | NZ=   115 | sparsity=0.9468 | d_m=9.9356e+05
step 2046 | acc=0.1350 | NZ=   114 | sparsity=0.9472 | d_m=1.0148e+06
step 2047 | acc=0.1410 | NZ=   113 | sparsity=0.9477 | d_m=1.0361e+06
step 2048 | acc=0.1400 | NZ=   112 | sparsity=0.9481 | d_m=1.0406e+06
step 2049 | acc=0.1390 | NZ=   111 | sparsity=0.9486 | d_m=1.0410e+06
step 2050 | acc=0.1320 | NZ=   110 | sparsity=0.9491 | d_m=1.0410e+06
step 2051 | acc=0.1390 | NZ=   109 | sparsity=0.9495 | d_m=1.0652e+06
step 2052 | acc=0.1430 | NZ=   108 | sparsity=0.9500 | d_m=1.0902e+06
step 2053 | acc=0.1380 | NZ=   107 | sparsity=0.9505 | d_m=1.0949e+06
step 2054 | acc=0.1440 | NZ=   106 | sparsity=0.9509 | d_m=1.1052e+06
step 2055 | acc=0.1500 | NZ=   105 | sparsity=0.9514 | d_m=1.1311e+06
step 2056 | acc=0.1500 | NZ=   104 | sparsity=0.9519 | d_m=1.1357e+06
step 2057 | acc=0.1360 | NZ=   103 | sparsity=0.9523 | d_m=1.1602e+06
step 2058 | acc=0.1390 | NZ=   102 | sparsity=0.9528 | d_m=1.1696e+06
step 2059 | acc=0.1340 | NZ=   101 | sparsity=0.9532 | d_m=1.1719e+06
step 2060 | acc=0.1280 | NZ=   100 | sparsity=0.9537 | d_m=1.1786e+06
step 2061 | acc=0.1210 | NZ=    99 | sparsity=0.9542 | d_m=1.1790e+06
step 2062 | acc=0.1290 | NZ=    98 | sparsity=0.9546 | d_m=1.1859e+06
step 2063 | acc=0.1280 | NZ=    97 | sparsity=0.9551 | d_m=1.1861e+06
step 2064 | acc=0.1350 | NZ=    96 | sparsity=0.9556 | d_m=1.2040e+06
step 2065 | acc=0.1340 | NZ=    95 | sparsity=0.9560 | d_m=1.2077e+06
step 2066 | acc=0.1320 | NZ=    94 | sparsity=0.9565 | d_m=1.2086e+06
step 2067 | acc=0.1330 | NZ=    93 | sparsity=0.9569 | d_m=1.2085e+06
step 2068 | acc=0.1210 | NZ=    92 | sparsity=0.9574 | d_m=1.2072e+06
step 2069 | acc=0.1240 | NZ=    91 | sparsity=0.9579 | d_m=1.2102e+06
step 2070 | acc=0.1210 | NZ=    90 | sparsity=0.9583 | d_m=1.2080e+06
step 2071 | acc=0.1250 | NZ=    89 | sparsity=0.9588 | d_m=1.2139e+06
step 2072 | acc=0.1180 | NZ=    88 | sparsity=0.9593 | d_m=1.2155e+06
step 2073 | acc=0.1210 | NZ=    87 | sparsity=0.9597 | d_m=1.2142e+06
step 2074 | acc=0.1220 | NZ=    86 | sparsity=0.9602 | d_m=1.2277e+06
step 2075 | acc=0.1240 | NZ=    85 | sparsity=0.9606 | d_m=1.2260e+06
step 2076 | acc=0.1240 | NZ=    84 | sparsity=0.9611 | d_m=1.2312e+06
step 2077 | acc=0.1160 | NZ=    83 | sparsity=0.9616 | d_m=1.2579e+06
step 2078 | acc=0.1210 | NZ=    82 | sparsity=0.9620 | d_m=1.2534e+06
step 2079 | acc=0.1160 | NZ=    81 | sparsity=0.9625 | d_m=1.2591e+06
step 2080 | acc=0.1180 | NZ=    80 | sparsity=0.9630 | d_m=1.2592e+06
step 2081 | acc=0.1170 | NZ=    79 | sparsity=0.9634 | d_m=1.2625e+06
step 2082 | acc=0.1210 | NZ=    78 | sparsity=0.9639 | d_m=1.2694e+06
step 2083 | acc=0.1230 | NZ=    77 | sparsity=0.9644 | d_m=1.2791e+06
step 2084 | acc=0.1250 | NZ=    76 | sparsity=0.9648 | d_m=1.2789e+06
step 2085 | acc=0.1250 | NZ=    75 | sparsity=0.9653 | d_m=1.2807e+06
step 2086 | acc=0.1280 | NZ=    74 | sparsity=0.9657 | d_m=1.2947e+06
step 2087 | acc=0.1300 | NZ=    73 | sparsity=0.9662 | d_m=1.3284e+06
step 2088 | acc=0.1350 | NZ=    72 | sparsity=0.9667 | d_m=1.3305e+06
step 2089 | acc=0.1560 | NZ=    71 | sparsity=0.9671 | d_m=1.3337e+06
step 2090 | acc=0.1580 | NZ=    70 | sparsity=0.9676 | d_m=1.3323e+06
step 2091 | acc=0.1580 | NZ=    69 | sparsity=0.9681 | d_m=1.3374e+06
step 2092 | acc=0.1530 | NZ=    68 | sparsity=0.9685 | d_m=1.3466e+06
step 2093 | acc=0.1330 | NZ=    67 | sparsity=0.9690 | d_m=1.3543e+06
step 2094 | acc=0.1420 | NZ=    66 | sparsity=0.9694 | d_m=1.3574e+06
step 2095 | acc=0.1480 | NZ=    65 | sparsity=0.9699 | d_m=1.3591e+06
step 2096 | acc=0.1280 | NZ=    64 | sparsity=0.9704 | d_m=1.3696e+06
step 2097 | acc=0.1340 | NZ=    63 | sparsity=0.9708 | d_m=1.3857e+06
step 2098 | acc=0.1390 | NZ=    62 | sparsity=0.9713 | d_m=1.3860e+06
step 2099 | acc=0.1410 | NZ=    61 | sparsity=0.9718 | d_m=1.3842e+06
step 2100 | acc=0.1460 | NZ=    60 | sparsity=0.9722 | d_m=1.3855e+06
step 2101 | acc=0.1320 | NZ=    59 | sparsity=0.9727 | d_m=1.3978e+06
step 2102 | acc=0.1340 | NZ=    58 | sparsity=0.9731 | d_m=1.4126e+06
step 2103 | acc=0.1300 | NZ=    57 | sparsity=0.9736 | d_m=1.4368e+06
step 2104 | acc=0.1310 | NZ=    56 | sparsity=0.9741 | d_m=1.4343e+06
step 2105 | acc=0.1330 | NZ=    55 | sparsity=0.9745 | d_m=1.4424e+06
step 2106 | acc=0.1420 | NZ=    54 | sparsity=0.9750 | d_m=1.4521e+06
step 2107 | acc=0.1320 | NZ=    53 | sparsity=0.9755 | d_m=1.4560e+06
step 2108 | acc=0.1370 | NZ=    52 | sparsity=0.9759 | d_m=1.4870e+06
step 2109 | acc=0.1360 | NZ=    51 | sparsity=0.9764 | d_m=1.4933e+06
step 2110 | acc=0.1360 | NZ=    50 | sparsity=0.9769 | d_m=1.4883e+06
step 2111 | acc=0.1340 | NZ=    49 | sparsity=0.9773 | d_m=1.4999e+06
step 2112 | acc=0.1350 | NZ=    48 | sparsity=0.9778 | d_m=1.5012e+06
step 2113 | acc=0.1370 | NZ=    47 | sparsity=0.9782 | d_m=1.4986e+06
step 2114 | acc=0.1380 | NZ=    46 | sparsity=0.9787 | d_m=1.4959e+06
step 2115 | acc=0.1380 | NZ=    45 | sparsity=0.9792 | d_m=1.5040e+06
step 2116 | acc=0.1370 | NZ=    44 | sparsity=0.9796 | d_m=1.5493e+06
step 2117 | acc=0.1380 | NZ=    43 | sparsity=0.9801 | d_m=1.6817e+06
step 2118 | acc=0.1370 | NZ=    42 | sparsity=0.9806 | d_m=1.7367e+06
step 2119 | acc=0.1410 | NZ=    41 | sparsity=0.9810 | d_m=1.8001e+06
step 2120 | acc=0.1430 | NZ=    40 | sparsity=0.9815 | d_m=1.8800e+06
step 2121 | acc=0.1440 | NZ=    39 | sparsity=0.9819 | d_m=1.9819e+06
step 2122 | acc=0.1470 | NZ=    38 | sparsity=0.9824 | d_m=2.0997e+06
step 2123 | acc=0.1380 | NZ=    37 | sparsity=0.9829 | d_m=2.2363e+06
step 2124 | acc=0.1400 | NZ=    36 | sparsity=0.9833 | d_m=2.2408e+06
step 2125 | acc=0.1190 | NZ=    35 | sparsity=0.9838 | d_m=2.4140e+06
step 2126 | acc=0.1210 | NZ=    34 | sparsity=0.9843 | d_m=2.4154e+06
step 2127 | acc=0.1180 | NZ=    33 | sparsity=0.9847 | d_m=2.4087e+06
step 2128 | acc=0.1180 | NZ=    32 | sparsity=0.9852 | d_m=2.4043e+06
step 2129 | acc=0.0730 | NZ=    31 | sparsity=0.9856 | d_m=2.5086e+06
step 2130 | acc=0.0820 | NZ=    30 | sparsity=0.9861 | d_m=2.7302e+06
step 2131 | acc=0.0820 | NZ=    29 | sparsity=0.9866 | d_m=2.7042e+06
step 2132 | acc=0.0590 | NZ=    28 | sparsity=0.9870 | d_m=2.8380e+06
step 2133 | acc=0.0550 | NZ=    27 | sparsity=0.9875 | d_m=3.4982e+06
step 2134 | acc=0.0810 | NZ=    26 | sparsity=0.9880 | d_m=3.4858e+06
step 2135 | acc=0.0760 | NZ=    25 | sparsity=0.9884 | d_m=3.4684e+06
step 2136 | acc=0.0680 | NZ=    24 | sparsity=0.9889 | d_m=3.5651e+06
step 2137 | acc=0.0880 | NZ=    23 | sparsity=0.9894 | d_m=3.7175e+06
step 2138 | acc=0.0860 | NZ=    22 | sparsity=0.9898 | d_m=4.1943e+06
step 2139 | acc=0.0880 | NZ=    21 | sparsity=0.9903 | d_m=5.7690e+06
step 2140 | acc=0.0900 | NZ=    20 | sparsity=0.9907 | d_m=6.9358e+06
step 2141 | acc=0.0910 | NZ=    19 | sparsity=0.9912 | d_m=8.4455e+06
step 2142 | acc=0.0770 | NZ=    18 | sparsity=0.9917 | d_m=8.3639e+06
step 2143 | acc=0.0750 | NZ=    17 | sparsity=0.9921 | d_m=8.2965e+06
step 2144 | acc=0.1070 | NZ=    16 | sparsity=0.9926 | d_m=8.8888e+06
step 2145 | acc=0.1070 | NZ=    15 | sparsity=0.9931 | d_m=8.8454e+06
step 2146 | acc=0.1070 | NZ=    14 | sparsity=0.9935 | d_m=8.7878e+06
step 2147 | acc=0.1070 | NZ=    13 | sparsity=0.9940 | d_m=1.0664e+07
step 2148 | acc=0.1070 | NZ=    12 | sparsity=0.9944 | d_m=1.0603e+07
step 2149 | acc=0.1070 | NZ=    11 | sparsity=0.9949 | d_m=1.0542e+07
step 2150 | acc=0.1070 | NZ=    10 | sparsity=0.9954 | d_m=1.0538e+07
step 2151 | acc=0.1070 | NZ=     9 | sparsity=0.9958 | d_m=1.0483e+07
step 2152 | acc=0.1070 | NZ=     8 | sparsity=0.9963 | d_m=1.5678e+06
step 2153 | acc=0.1070 | NZ=     7 | sparsity=0.9968 | d_m=1.5678e+06
step 2154 | acc=0.1070 | NZ=     6 | sparsity=0.9972 | d_m=1.5678e+06
step 2155 | acc=0.1070 | NZ=     5 | sparsity=0.9977 | d_m=1.5678e+06
step 2156 | acc=0.1070 | NZ=     4 | sparsity=0.9981 | d_m=1.5678e+06
step 2157 | acc=0.1070 | NZ=     3 | sparsity=0.9986 | d_m=1.5678e+06
step 2158 | acc=0.1070 | NZ=     2 | sparsity=0.9991 | d_m=1.5678e+06
step 2159 | acc=0.1070 | NZ=     1 | sparsity=0.9995 | d_m=1.5678e+06
OBD sparsification log saved to: /home/simon/repos/onnxmlir-pim-sparsify/artifacts/e34_obd_full_seed_2/obd_sparsified/obd_sparsification_log.csv
[supervise 09:43:05] DONE experiments/e34_obd_full_seed_2.json rc=0
[supervise 09:43:05] QUEUE COMPLETE: /home/simon/venv/general/bin/python3 -m sparsifier.sparsifier experiments/e25_stupidity_seed_1.json=ok, /home/simon/venv/general/bin/python3 scripts/train.py experiments/e25_stupidity_seed_2.json=ok, /home/simon/venv/general/bin/python3 -m sparsifier.sparsifier experiments/e25_stupidity_seed_2.json=ok, /home/simon/venv/general/bin/python3 scripts/train.py experiments/e25_stupidity_seed_3.json=ok, /home/simon/venv/general/bin/python3 -m sparsifier.sparsifier experiments/e25_stupidity_seed_3.json=ok, /home/simon/venv/general/bin/python3 scripts/train.py experiments/e25_stupidity_seed_4.json=ok, /home/simon/venv/general/bin/python3 -m sparsifier.sparsifier experiments/e25_stupidity_seed_4.json=ok, /home/simon/venv/general/bin/python3 scripts/train.py experiments/e34_obd_full_seed_1.json=ok, /home/simon/venv/general/bin/python3 -m sparsifier.obd_sparsifier experiments/e34_obd_full_seed_1.json=ok, /home/simon/venv/general/bin/python3 scripts/train.py experiments/e34_obd_full_seed_2.json=ok, /home/simon/venv/general/bin/python3 -m sparsifier.obd_sparsifier experiments/e34_obd_full_seed_2.json=ok
