Load the parameters from the folder
Found 3 layers in /home/simon/repos/onnxmlir-pim-sparsify/artifacts/e16_kwon_full
Accuracy in validation: 0.9160
Total parameters: 2160
Perturbation distance (sanity check): 1.7101e+00
Starting Kwon sparsification loop
step    0 | acc=0.9160 | NZ=  2160 | sparsity=0.0000 | d_m=0.0000e+00
step    1 | acc=0.9160 | NZ=  2159 | sparsity=0.0005 | d_m=1.7994e+01
step    2 | acc=0.9160 | NZ=  2158 | sparsity=0.0009 | d_m=9.8847e+00
step    3 | acc=0.9160 | NZ=  2157 | sparsity=0.0014 | d_m=7.2907e+00
step    4 | acc=0.9160 | NZ=  2156 | sparsity=0.0019 | d_m=6.2061e+00
step    5 | acc=0.9160 | NZ=  2155 | sparsity=0.0023 | d_m=5.6255e+00
step    6 | acc=0.9160 | NZ=  2154 | sparsity=0.0028 | d_m=5.2649e+00
step    7 | acc=0.9160 | NZ=  2153 | sparsity=0.0032 | d_m=5.0173e+00
step    8 | acc=0.9160 | NZ=  2152 | sparsity=0.0037 | d_m=4.8400e+00
step    9 | acc=0.9160 | NZ=  2151 | sparsity=0.0042 | d_m=4.7088e+00
step   10 | acc=0.9160 | NZ=  2150 | sparsity=0.0046 | d_m=4.5975e+00
step   11 | acc=0.9160 | NZ=  2149 | sparsity=0.0051 | d_m=4.5196e+00
step   12 | acc=0.9160 | NZ=  2148 | sparsity=0.0056 | d_m=4.4551e+00
step   13 | acc=0.9160 | NZ=  2147 | sparsity=0.0060 | d_m=4.3998e+00
step   14 | acc=0.9160 | NZ=  2146 | sparsity=0.0065 | d_m=4.3566e+00
step   15 | acc=0.9160 | NZ=  2145 | sparsity=0.0069 | d_m=4.3191e+00
step   16 | acc=0.9160 | NZ=  2144 | sparsity=0.0074 | d_m=4.2875e+00
step   17 | acc=0.9160 | NZ=  2143 | sparsity=0.0079 | d_m=4.2581e+00
step   18 | acc=0.9160 | NZ=  2142 | sparsity=0.0083 | d_m=4.2321e+00
step   19 | acc=0.9160 | NZ=  2141 | sparsity=0.0088 | d_m=4.2076e+00
step   20 | acc=0.9160 | NZ=  2140 | sparsity=0.0093 | d_m=4.6423e+00
step   21 | acc=0.9160 | NZ=  2139 | sparsity=0.0097 | d_m=4.4467e+00
step   22 | acc=0.9170 | NZ=  2138 | sparsity=0.0102 | d_m=4.3594e+00
step   23 | acc=0.9170 | NZ=  2137 | sparsity=0.0106 | d_m=4.3115e+00
step   24 | acc=0.9170 | NZ=  2136 | sparsity=0.0111 | d_m=4.2781e+00
step   25 | acc=0.9170 | NZ=  2135 | sparsity=0.0116 | d_m=4.2535e+00
step   26 | acc=0.9170 | NZ=  2134 | sparsity=0.0120 | d_m=4.2327e+00
step   27 | acc=0.9170 | NZ=  2133 | sparsity=0.0125 | d_m=4.2146e+00
step   28 | acc=0.9170 | NZ=  2132 | sparsity=0.0130 | d_m=4.1983e+00
step   29 | acc=0.9170 | NZ=  2131 | sparsity=0.0134 | d_m=4.1830e+00
step   30 | acc=0.9170 | NZ=  2130 | sparsity=0.0139 | d_m=4.1691e+00
step   31 | acc=0.9170 | NZ=  2129 | sparsity=0.0144 | d_m=4.1556e+00
step   32 | acc=0.9170 | NZ=  2128 | sparsity=0.0148 | d_m=4.1430e+00
step   33 | acc=0.9170 | NZ=  2127 | sparsity=0.0153 | d_m=4.1306e+00
step   34 | acc=0.9170 | NZ=  2126 | sparsity=0.0157 | d_m=4.1183e+00
step   35 | acc=0.9170 | NZ=  2125 | sparsity=0.0162 | d_m=4.1059e+00
step   36 | acc=0.9170 | NZ=  2124 | sparsity=0.0167 | d_m=4.0947e+00
step   37 | acc=0.9170 | NZ=  2123 | sparsity=0.0171 | d_m=4.0835e+00
step   38 | acc=0.9170 | NZ=  2122 | sparsity=0.0176 | d_m=4.0725e+00
step   39 | acc=0.9170 | NZ=  2121 | sparsity=0.0181 | d_m=4.0622e+00
step   40 | acc=0.9170 | NZ=  2120 | sparsity=0.0185 | d_m=4.0525e+00
step   41 | acc=0.9170 | NZ=  2119 | sparsity=0.0190 | d_m=4.0428e+00
step   42 | acc=0.9170 | NZ=  2118 | sparsity=0.0194 | d_m=4.0336e+00
step   43 | acc=0.9170 | NZ=  2117 | sparsity=0.0199 | d_m=4.0248e+00
step   44 | acc=0.9170 | NZ=  2116 | sparsity=0.0204 | d_m=4.0164e+00
step   45 | acc=0.9170 | NZ=  2115 | sparsity=0.0208 | d_m=4.0076e+00
step   46 | acc=0.9170 | NZ=  2114 | sparsity=0.0213 | d_m=4.0012e+00
step   47 | acc=0.9170 | NZ=  2113 | sparsity=0.0218 | d_m=3.9931e+00
step   48 | acc=0.9170 | NZ=  2112 | sparsity=0.0222 | d_m=3.9848e+00
step   49 | acc=0.9170 | NZ=  2111 | sparsity=0.0227 | d_m=3.9771e+00
step   50 | acc=0.9170 | NZ=  2110 | sparsity=0.0231 | d_m=5.3990e+00
step   51 | acc=0.9170 | NZ=  2109 | sparsity=0.0236 | d_m=5.0249e+00
step   52 | acc=0.9170 | NZ=  2108 | sparsity=0.0241 | d_m=4.8080e+00
step   53 | acc=0.9170 | NZ=  2107 | sparsity=0.0245 | d_m=4.6644e+00
step   54 | acc=0.9170 | NZ=  2106 | sparsity=0.0250 | d_m=4.5580e+00
step   55 | acc=0.9170 | NZ=  2105 | sparsity=0.0255 | d_m=4.4785e+00
step   56 | acc=0.9150 | NZ=  2104 | sparsity=0.0259 | d_m=5.2324e+02
step   57 | acc=0.9150 | NZ=  2103 | sparsity=0.0264 | d_m=3.7922e+02
step   58 | acc=0.9150 | NZ=  2102 | sparsity=0.0269 | d_m=3.0741e+02
step   59 | acc=0.9150 | NZ=  2101 | sparsity=0.0273 | d_m=2.6702e+02
step   60 | acc=0.9150 | NZ=  2100 | sparsity=0.0278 | d_m=2.4124e+02
step   61 | acc=0.9150 | NZ=  2099 | sparsity=0.0282 | d_m=2.2300e+02
step   62 | acc=0.9160 | NZ=  2098 | sparsity=0.0287 | d_m=2.0897e+02
step   63 | acc=0.9160 | NZ=  2097 | sparsity=0.0292 | d_m=1.9770e+02
step   64 | acc=0.9160 | NZ=  2096 | sparsity=0.0296 | d_m=1.8829e+02
step   65 | acc=0.9160 | NZ=  2095 | sparsity=0.0301 | d_m=1.8028e+02
step   66 | acc=0.9160 | NZ=  2094 | sparsity=0.0306 | d_m=1.7328e+02
step   67 | acc=0.9160 | NZ=  2093 | sparsity=0.0310 | d_m=1.6716e+02
step   68 | acc=0.9160 | NZ=  2092 | sparsity=0.0315 | d_m=1.6168e+02
step   69 | acc=0.9160 | NZ=  2091 | sparsity=0.0319 | d_m=1.5704e+02
step   70 | acc=0.9160 | NZ=  2090 | sparsity=0.0324 | d_m=1.5257e+02
step   71 | acc=0.9160 | NZ=  2089 | sparsity=0.0329 | d_m=1.4856e+02
step   72 | acc=0.9160 | NZ=  2088 | sparsity=0.0333 | d_m=1.4492e+02
step   73 | acc=0.9160 | NZ=  2087 | sparsity=0.0338 | d_m=1.4160e+02
step   74 | acc=0.9160 | NZ=  2086 | sparsity=0.0343 | d_m=1.3857e+02
step   75 | acc=0.9160 | NZ=  2085 | sparsity=0.0347 | d_m=1.3579e+02
step   76 | acc=0.9160 | NZ=  2084 | sparsity=0.0352 | d_m=1.3422e+02
step   77 | acc=0.9160 | NZ=  2083 | sparsity=0.0356 | d_m=1.3157e+02
step   78 | acc=0.9160 | NZ=  2082 | sparsity=0.0361 | d_m=1.2921e+02
step   79 | acc=0.9160 | NZ=  2081 | sparsity=0.0366 | d_m=1.2763e+02
step   80 | acc=0.9160 | NZ=  2080 | sparsity=0.0370 | d_m=1.2547e+02
step   81 | acc=0.9160 | NZ=  2079 | sparsity=0.0375 | d_m=1.2866e+02
step   82 | acc=0.9160 | NZ=  2078 | sparsity=0.0380 | d_m=1.2643e+02
step   83 | acc=0.9150 | NZ=  2077 | sparsity=0.0384 | d_m=6.2326e+02
step   84 | acc=0.9150 | NZ=  2076 | sparsity=0.0389 | d_m=5.0164e+02
step   85 | acc=0.9150 | NZ=  2075 | sparsity=0.0394 | d_m=4.2890e+02
step   86 | acc=0.9150 | NZ=  2074 | sparsity=0.0398 | d_m=3.8228e+02
step   87 | acc=0.9160 | NZ=  2073 | sparsity=0.0403 | d_m=4.0250e+02
step   88 | acc=0.9160 | NZ=  2072 | sparsity=0.0407 | d_m=3.6614e+02
step   89 | acc=0.9160 | NZ=  2071 | sparsity=0.0412 | d_m=3.4201e+02
step   90 | acc=0.9160 | NZ=  2070 | sparsity=0.0417 | d_m=3.2482e+02
step   91 | acc=0.9160 | NZ=  2069 | sparsity=0.0421 | d_m=3.1161e+02
step   92 | acc=0.9150 | NZ=  2068 | sparsity=0.0426 | d_m=4.9114e+02
step   93 | acc=0.9150 | NZ=  2067 | sparsity=0.0431 | d_m=4.3588e+02
step   94 | acc=0.9150 | NZ=  2066 | sparsity=0.0435 | d_m=4.0401e+02
step   95 | acc=0.9150 | NZ=  2065 | sparsity=0.0440 | d_m=3.7992e+02
step   96 | acc=0.9150 | NZ=  2064 | sparsity=0.0444 | d_m=3.6238e+02
step   97 | acc=0.9150 | NZ=  2063 | sparsity=0.0449 | d_m=4.3692e+02
step   98 | acc=0.9160 | NZ=  2062 | sparsity=0.0454 | d_m=2.1208e+03
step   99 | acc=0.9160 | NZ=  2061 | sparsity=0.0458 | d_m=1.6793e+03
step  100 | acc=0.9170 | NZ=  2060 | sparsity=0.0463 | d_m=1.4190e+03
step  101 | acc=0.9160 | NZ=  2059 | sparsity=0.0468 | d_m=1.2522e+03
step  102 | acc=0.9160 | NZ=  2058 | sparsity=0.0472 | d_m=1.1390e+03
step  103 | acc=0.9160 | NZ=  2057 | sparsity=0.0477 | d_m=1.0676e+03
step  104 | acc=0.9160 | NZ=  2056 | sparsity=0.0481 | d_m=1.0168e+03
step  105 | acc=0.9160 | NZ=  2055 | sparsity=0.0486 | d_m=1.0180e+03
step  106 | acc=0.9160 | NZ=  2054 | sparsity=0.0491 | d_m=9.6807e+02
step  107 | acc=0.9150 | NZ=  2053 | sparsity=0.0495 | d_m=9.2924e+02
step  108 | acc=0.9140 | NZ=  2052 | sparsity=0.0500 | d_m=1.1546e+03
step  109 | acc=0.9140 | NZ=  2051 | sparsity=0.0505 | d_m=1.0611e+03
step  110 | acc=0.9140 | NZ=  2050 | sparsity=0.0509 | d_m=1.0056e+03
step  111 | acc=0.9150 | NZ=  2049 | sparsity=0.0514 | d_m=9.7296e+02
step  112 | acc=0.9150 | NZ=  2048 | sparsity=0.0519 | d_m=9.4728e+02
step  113 | acc=0.9150 | NZ=  2047 | sparsity=0.0523 | d_m=9.2496e+02
step  114 | acc=0.9160 | NZ=  2046 | sparsity=0.0528 | d_m=9.6700e+02
step  115 | acc=0.9160 | NZ=  2045 | sparsity=0.0532 | d_m=9.3232e+02
step  116 | acc=0.9160 | NZ=  2044 | sparsity=0.0537 | d_m=9.1502e+02
step  117 | acc=0.9160 | NZ=  2043 | sparsity=0.0542 | d_m=8.9496e+02
step  118 | acc=0.9150 | NZ=  2042 | sparsity=0.0546 | d_m=8.8148e+02
step  119 | acc=0.9160 | NZ=  2041 | sparsity=0.0551 | d_m=1.3026e+03
step  120 | acc=0.9150 | NZ=  2040 | sparsity=0.0556 | d_m=1.1873e+03
step  121 | acc=0.9150 | NZ=  2039 | sparsity=0.0560 | d_m=1.1145e+03
step  122 | acc=0.9150 | NZ=  2038 | sparsity=0.0565 | d_m=1.0676e+03
step  123 | acc=0.9150 | NZ=  2037 | sparsity=0.0569 | d_m=1.0715e+03
step  124 | acc=0.9150 | NZ=  2036 | sparsity=0.0574 | d_m=1.0388e+03
step  125 | acc=0.9150 | NZ=  2035 | sparsity=0.0579 | d_m=1.0562e+03
step  126 | acc=0.9150 | NZ=  2034 | sparsity=0.0583 | d_m=1.1358e+03
step  127 | acc=0.9150 | NZ=  2033 | sparsity=0.0588 | d_m=1.0911e+03
step  128 | acc=0.9150 | NZ=  2032 | sparsity=0.0593 | d_m=1.0606e+03
step  129 | acc=0.9170 | NZ=  2031 | sparsity=0.0597 | d_m=1.1530e+03
step  130 | acc=0.9150 | NZ=  2030 | sparsity=0.0602 | d_m=1.3087e+03
step  131 | acc=0.9150 | NZ=  2029 | sparsity=0.0606 | d_m=1.2717e+03
step  132 | acc=0.9150 | NZ=  2028 | sparsity=0.0611 | d_m=1.3160e+03
step  133 | acc=0.9150 | NZ=  2027 | sparsity=0.0616 | d_m=1.2562e+03
step  134 | acc=0.9160 | NZ=  2026 | sparsity=0.0620 | d_m=1.2151e+03
step  135 | acc=0.9140 | NZ=  2025 | sparsity=0.0625 | d_m=1.2931e+03
step  136 | acc=0.9140 | NZ=  2024 | sparsity=0.0630 | d_m=1.2384e+03
step  137 | acc=0.9150 | NZ=  2023 | sparsity=0.0634 | d_m=1.7192e+03
step  138 | acc=0.9160 | NZ=  2022 | sparsity=0.0639 | d_m=2.0561e+03
step  139 | acc=0.9160 | NZ=  2021 | sparsity=0.0644 | d_m=1.8180e+03
step  140 | acc=0.9160 | NZ=  2020 | sparsity=0.0648 | d_m=1.6817e+03
step  141 | acc=0.9150 | NZ=  2019 | sparsity=0.0653 | d_m=1.6077e+03
step  142 | acc=0.9150 | NZ=  2018 | sparsity=0.0657 | d_m=1.5525e+03
step  143 | acc=0.9150 | NZ=  2017 | sparsity=0.0662 | d_m=1.5026e+03
step  144 | acc=0.9150 | NZ=  2016 | sparsity=0.0667 | d_m=1.4636e+03
step  145 | acc=0.9150 | NZ=  2015 | sparsity=0.0671 | d_m=1.4592e+03
step  146 | acc=0.9150 | NZ=  2014 | sparsity=0.0676 | d_m=1.4244e+03
step  147 | acc=0.9150 | NZ=  2013 | sparsity=0.0681 | d_m=1.4084e+03
step  148 | acc=0.9150 | NZ=  2012 | sparsity=0.0685 | d_m=1.3840e+03
step  149 | acc=0.9150 | NZ=  2011 | sparsity=0.0690 | d_m=1.3640e+03
step  150 | acc=0.9160 | NZ=  2010 | sparsity=0.0694 | d_m=1.4993e+03
step  151 | acc=0.9150 | NZ=  2009 | sparsity=0.0699 | d_m=1.5582e+03
step  152 | acc=0.9160 | NZ=  2008 | sparsity=0.0704 | d_m=1.5082e+03
step  153 | acc=0.9160 | NZ=  2007 | sparsity=0.0708 | d_m=1.4618e+03
step  154 | acc=0.9160 | NZ=  2006 | sparsity=0.0713 | d_m=2.5249e+03
step  155 | acc=0.9160 | NZ=  2005 | sparsity=0.0718 | d_m=2.2325e+03
step  156 | acc=0.9160 | NZ=  2004 | sparsity=0.0722 | d_m=2.0436e+03
step  157 | acc=0.9150 | NZ=  2003 | sparsity=0.0727 | d_m=1.9523e+03
step  158 | acc=0.9150 | NZ=  2002 | sparsity=0.0731 | d_m=1.8788e+03
step  159 | acc=0.9150 | NZ=  2001 | sparsity=0.0736 | d_m=1.8016e+03
step  160 | acc=0.9150 | NZ=  2000 | sparsity=0.0741 | d_m=1.7493e+03
step  161 | acc=0.9140 | NZ=  1999 | sparsity=0.0745 | d_m=3.1752e+03
step  162 | acc=0.9140 | NZ=  1998 | sparsity=0.0750 | d_m=2.7398e+03
step  163 | acc=0.9150 | NZ=  1997 | sparsity=0.0755 | d_m=2.4577e+03
step  164 | acc=0.9160 | NZ=  1996 | sparsity=0.0759 | d_m=2.2633e+03
step  165 | acc=0.9160 | NZ=  1995 | sparsity=0.0764 | d_m=2.1141e+03
step  166 | acc=0.9160 | NZ=  1994 | sparsity=0.0769 | d_m=1.9936e+03
step  167 | acc=0.9160 | NZ=  1993 | sparsity=0.0773 | d_m=2.5690e+03
step  168 | acc=0.9160 | NZ=  1992 | sparsity=0.0778 | d_m=2.3086e+03
step  169 | acc=0.9180 | NZ=  1991 | sparsity=0.0782 | d_m=2.1539e+03
step  170 | acc=0.9180 | NZ=  1990 | sparsity=0.0787 | d_m=2.0591e+03
step  171 | acc=0.9170 | NZ=  1989 | sparsity=0.0792 | d_m=2.0298e+03
step  172 | acc=0.9170 | NZ=  1988 | sparsity=0.0796 | d_m=1.9610e+03
step  173 | acc=0.9160 | NZ=  1987 | sparsity=0.0801 | d_m=1.9050e+03
step  174 | acc=0.9160 | NZ=  1986 | sparsity=0.0806 | d_m=2.9111e+03
step  175 | acc=0.9170 | NZ=  1985 | sparsity=0.0810 | d_m=2.5991e+03
step  176 | acc=0.9170 | NZ=  1984 | sparsity=0.0815 | d_m=2.4078e+03
step  177 | acc=0.9170 | NZ=  1983 | sparsity=0.0819 | d_m=2.3029e+03
step  178 | acc=0.9160 | NZ=  1982 | sparsity=0.0824 | d_m=2.2057e+03
step  179 | acc=0.9160 | NZ=  1981 | sparsity=0.0829 | d_m=2.1321e+03
step  180 | acc=0.9160 | NZ=  1980 | sparsity=0.0833 | d_m=2.0841e+03
step  181 | acc=0.9170 | NZ=  1979 | sparsity=0.0838 | d_m=2.0482e+03
step  182 | acc=0.9160 | NZ=  1978 | sparsity=0.0843 | d_m=2.0320e+03
step  183 | acc=0.9160 | NZ=  1977 | sparsity=0.0847 | d_m=2.0245e+03
step  184 | acc=0.9160 | NZ=  1976 | sparsity=0.0852 | d_m=1.9853e+03
step  185 | acc=0.9150 | NZ=  1975 | sparsity=0.0856 | d_m=2.6601e+03
step  186 | acc=0.9150 | NZ=  1974 | sparsity=0.0861 | d_m=2.4573e+03
step  187 | acc=0.9150 | NZ=  1973 | sparsity=0.0866 | d_m=2.3767e+03
step  188 | acc=0.9150 | NZ=  1972 | sparsity=0.0870 | d_m=2.2861e+03
step  189 | acc=0.9150 | NZ=  1971 | sparsity=0.0875 | d_m=2.2205e+03
step  190 | acc=0.9150 | NZ=  1970 | sparsity=0.0880 | d_m=2.1726e+03
step  191 | acc=0.9150 | NZ=  1969 | sparsity=0.0884 | d_m=2.1389e+03
step  192 | acc=0.9150 | NZ=  1968 | sparsity=0.0889 | d_m=2.1724e+03
step  193 | acc=0.9150 | NZ=  1967 | sparsity=0.0894 | d_m=2.1404e+03
step  194 | acc=0.9150 | NZ=  1966 | sparsity=0.0898 | d_m=2.1226e+03
step  195 | acc=0.9150 | NZ=  1965 | sparsity=0.0903 | d_m=2.1792e+03
step  196 | acc=0.9150 | NZ=  1964 | sparsity=0.0907 | d_m=2.1483e+03
step  197 | acc=0.9140 | NZ=  1963 | sparsity=0.0912 | d_m=2.3620e+03
step  198 | acc=0.9140 | NZ=  1962 | sparsity=0.0917 | d_m=2.3151e+03
step  199 | acc=0.9140 | NZ=  1961 | sparsity=0.0921 | d_m=2.2765e+03
step  200 | acc=0.9140 | NZ=  1960 | sparsity=0.0926 | d_m=2.2443e+03
step  201 | acc=0.9130 | NZ=  1959 | sparsity=0.0931 | d_m=2.4668e+03
step  202 | acc=0.9140 | NZ=  1958 | sparsity=0.0935 | d_m=2.4470e+03
step  203 | acc=0.9140 | NZ=  1957 | sparsity=0.0940 | d_m=2.3871e+03
step  204 | acc=0.9140 | NZ=  1956 | sparsity=0.0944 | d_m=2.3407e+03
step  205 | acc=0.9140 | NZ=  1955 | sparsity=0.0949 | d_m=2.3021e+03
step  206 | acc=0.9140 | NZ=  1954 | sparsity=0.0954 | d_m=2.2694e+03
step  207 | acc=0.9140 | NZ=  1953 | sparsity=0.0958 | d_m=2.2434e+03
step  208 | acc=0.9140 | NZ=  1952 | sparsity=0.0963 | d_m=2.2197e+03
step  209 | acc=0.9150 | NZ=  1951 | sparsity=0.0968 | d_m=2.3793e+03
step  210 | acc=0.9140 | NZ=  1950 | sparsity=0.0972 | d_m=2.3067e+03
step  211 | acc=0.9140 | NZ=  1949 | sparsity=0.0977 | d_m=2.2620e+03
step  212 | acc=0.9140 | NZ=  1948 | sparsity=0.0981 | d_m=2.2714e+03
step  213 | acc=0.9120 | NZ=  1947 | sparsity=0.0986 | d_m=2.5023e+03
step  214 | acc=0.9130 | NZ=  1946 | sparsity=0.0991 | d_m=3.8477e+03
step  215 | acc=0.9130 | NZ=  1945 | sparsity=0.0995 | d_m=3.3774e+03
step  216 | acc=0.9120 | NZ=  1944 | sparsity=0.1000 | d_m=3.2460e+03
step  217 | acc=0.9130 | NZ=  1943 | sparsity=0.1005 | d_m=3.0910e+03
step  218 | acc=0.9130 | NZ=  1942 | sparsity=0.1009 | d_m=2.9764e+03
step  219 | acc=0.9130 | NZ=  1941 | sparsity=0.1014 | d_m=2.9134e+03
step  220 | acc=0.9130 | NZ=  1940 | sparsity=0.1019 | d_m=2.8620e+03
step  221 | acc=0.9130 | NZ=  1939 | sparsity=0.1023 | d_m=2.8211e+03
step  222 | acc=0.9130 | NZ=  1938 | sparsity=0.1028 | d_m=2.7691e+03
step  223 | acc=0.9120 | NZ=  1937 | sparsity=0.1032 | d_m=2.7719e+03
step  224 | acc=0.9130 | NZ=  1936 | sparsity=0.1037 | d_m=2.7204e+03
step  225 | acc=0.9130 | NZ=  1935 | sparsity=0.1042 | d_m=2.6810e+03
step  226 | acc=0.9130 | NZ=  1934 | sparsity=0.1046 | d_m=3.1553e+03
step  227 | acc=0.9130 | NZ=  1933 | sparsity=0.1051 | d_m=2.9987e+03
step  228 | acc=0.9130 | NZ=  1932 | sparsity=0.1056 | d_m=2.8999e+03
step  229 | acc=0.9130 | NZ=  1931 | sparsity=0.1060 | d_m=2.9895e+03
step  230 | acc=0.9120 | NZ=  1930 | sparsity=0.1065 | d_m=2.8949e+03
step  231 | acc=0.9120 | NZ=  1929 | sparsity=0.1069 | d_m=2.8402e+03
step  232 | acc=0.9140 | NZ=  1928 | sparsity=0.1074 | d_m=2.8617e+03
step  233 | acc=0.9140 | NZ=  1927 | sparsity=0.1079 | d_m=2.8810e+03
step  234 | acc=0.9140 | NZ=  1926 | sparsity=0.1083 | d_m=2.8218e+03
step  235 | acc=0.9140 | NZ=  1925 | sparsity=0.1088 | d_m=2.7835e+03
step  236 | acc=0.9120 | NZ=  1924 | sparsity=0.1093 | d_m=2.7572e+03
step  237 | acc=0.9120 | NZ=  1923 | sparsity=0.1097 | d_m=2.7319e+03
step  238 | acc=0.9070 | NZ=  1922 | sparsity=0.1102 | d_m=6.0564e+03
step  239 | acc=0.9080 | NZ=  1921 | sparsity=0.1106 | d_m=5.0683e+03
step  240 | acc=0.9100 | NZ=  1920 | sparsity=0.1111 | d_m=4.5307e+03
step  241 | acc=0.9110 | NZ=  1919 | sparsity=0.1116 | d_m=4.0688e+03
step  242 | acc=0.9100 | NZ=  1918 | sparsity=0.1120 | d_m=3.7405e+03
step  243 | acc=0.9100 | NZ=  1917 | sparsity=0.1125 | d_m=3.5735e+03
step  244 | acc=0.9100 | NZ=  1916 | sparsity=0.1130 | d_m=3.3732e+03
step  245 | acc=0.9090 | NZ=  1915 | sparsity=0.1134 | d_m=3.2269e+03
step  246 | acc=0.9090 | NZ=  1914 | sparsity=0.1139 | d_m=3.1124e+03
step  247 | acc=0.9090 | NZ=  1913 | sparsity=0.1144 | d_m=3.0412e+03
step  248 | acc=0.9100 | NZ=  1912 | sparsity=0.1148 | d_m=3.0203e+03
step  249 | acc=0.9100 | NZ=  1911 | sparsity=0.1153 | d_m=2.9598e+03
step  250 | acc=0.9110 | NZ=  1910 | sparsity=0.1157 | d_m=3.4446e+03
step  251 | acc=0.9110 | NZ=  1909 | sparsity=0.1162 | d_m=4.7364e+03
step  252 | acc=0.9120 | NZ=  1908 | sparsity=0.1167 | d_m=4.2931e+03
step  253 | acc=0.9120 | NZ=  1907 | sparsity=0.1171 | d_m=4.0276e+03
step  254 | acc=0.9120 | NZ=  1906 | sparsity=0.1176 | d_m=3.8754e+03
step  255 | acc=0.9120 | NZ=  1905 | sparsity=0.1181 | d_m=3.7488e+03
step  256 | acc=0.9120 | NZ=  1904 | sparsity=0.1185 | d_m=3.6535e+03
step  257 | acc=0.9120 | NZ=  1903 | sparsity=0.1190 | d_m=3.6344e+03
step  258 | acc=0.9120 | NZ=  1902 | sparsity=0.1194 | d_m=3.5619e+03
step  259 | acc=0.9120 | NZ=  1901 | sparsity=0.1199 | d_m=3.5033e+03
step  260 | acc=0.9120 | NZ=  1900 | sparsity=0.1204 | d_m=3.4596e+03
step  261 | acc=0.9120 | NZ=  1899 | sparsity=0.1208 | d_m=3.4210e+03
step  262 | acc=0.9120 | NZ=  1898 | sparsity=0.1213 | d_m=3.3844e+03
step  263 | acc=0.9120 | NZ=  1897 | sparsity=0.1218 | d_m=3.4100e+03
step  264 | acc=0.9120 | NZ=  1896 | sparsity=0.1222 | d_m=3.5572e+03
step  265 | acc=0.9130 | NZ=  1895 | sparsity=0.1227 | d_m=4.2283e+03
step  266 | acc=0.9130 | NZ=  1894 | sparsity=0.1231 | d_m=3.9716e+03
step  267 | acc=0.9120 | NZ=  1893 | sparsity=0.1236 | d_m=3.8445e+03
step  268 | acc=0.9120 | NZ=  1892 | sparsity=0.1241 | d_m=3.7004e+03
step  269 | acc=0.9110 | NZ=  1891 | sparsity=0.1245 | d_m=3.6031e+03
step  270 | acc=0.9110 | NZ=  1890 | sparsity=0.1250 | d_m=3.5509e+03
step  271 | acc=0.9140 | NZ=  1889 | sparsity=0.1255 | d_m=3.7948e+03
step  272 | acc=0.9130 | NZ=  1888 | sparsity=0.1259 | d_m=3.6477e+03
step  273 | acc=0.9120 | NZ=  1887 | sparsity=0.1264 | d_m=3.5621e+03
step  274 | acc=0.9140 | NZ=  1886 | sparsity=0.1269 | d_m=3.5137e+03
step  275 | acc=0.9140 | NZ=  1885 | sparsity=0.1273 | d_m=3.4626e+03
step  276 | acc=0.9110 | NZ=  1884 | sparsity=0.1278 | d_m=3.6708e+03
step  277 | acc=0.9110 | NZ=  1883 | sparsity=0.1282 | d_m=3.5605e+03
step  278 | acc=0.9120 | NZ=  1882 | sparsity=0.1287 | d_m=3.5342e+03
step  279 | acc=0.9080 | NZ=  1881 | sparsity=0.1292 | d_m=3.9983e+03
step  280 | acc=0.9090 | NZ=  1880 | sparsity=0.1296 | d_m=3.7732e+03
step  281 | acc=0.9090 | NZ=  1879 | sparsity=0.1301 | d_m=3.7054e+03
step  282 | acc=0.9100 | NZ=  1878 | sparsity=0.1306 | d_m=3.6889e+03
step  283 | acc=0.9110 | NZ=  1877 | sparsity=0.1310 | d_m=3.7349e+03
step  284 | acc=0.9090 | NZ=  1876 | sparsity=0.1315 | d_m=3.6693e+03
step  285 | acc=0.9090 | NZ=  1875 | sparsity=0.1319 | d_m=3.6042e+03
step  286 | acc=0.9100 | NZ=  1874 | sparsity=0.1324 | d_m=3.5529e+03
step  287 | acc=0.9090 | NZ=  1873 | sparsity=0.1329 | d_m=3.6717e+03
step  288 | acc=0.9090 | NZ=  1872 | sparsity=0.1333 | d_m=3.6104e+03
step  289 | acc=0.9090 | NZ=  1871 | sparsity=0.1338 | d_m=3.5510e+03
step  290 | acc=0.9090 | NZ=  1870 | sparsity=0.1343 | d_m=3.5075e+03
step  291 | acc=0.9090 | NZ=  1869 | sparsity=0.1347 | d_m=3.7253e+03
step  292 | acc=0.9100 | NZ=  1868 | sparsity=0.1352 | d_m=3.6165e+03
step  293 | acc=0.9090 | NZ=  1867 | sparsity=0.1356 | d_m=3.5803e+03
step  294 | acc=0.9090 | NZ=  1866 | sparsity=0.1361 | d_m=3.5257e+03
step  295 | acc=0.9100 | NZ=  1865 | sparsity=0.1366 | d_m=3.5035e+03
step  296 | acc=0.9100 | NZ=  1864 | sparsity=0.1370 | d_m=3.4642e+03
step  297 | acc=0.9100 | NZ=  1863 | sparsity=0.1375 | d_m=3.4316e+03
step  298 | acc=0.9100 | NZ=  1862 | sparsity=0.1380 | d_m=3.4986e+03
step  299 | acc=0.9100 | NZ=  1861 | sparsity=0.1384 | d_m=3.4640e+03
step  300 | acc=0.9110 | NZ=  1860 | sparsity=0.1389 | d_m=3.7494e+03
step  301 | acc=0.9110 | NZ=  1859 | sparsity=0.1394 | d_m=3.6380e+03
step  302 | acc=0.9110 | NZ=  1858 | sparsity=0.1398 | d_m=3.5667e+03
step  303 | acc=0.9100 | NZ=  1857 | sparsity=0.1403 | d_m=3.5425e+03
step  304 | acc=0.9100 | NZ=  1856 | sparsity=0.1407 | d_m=3.4986e+03
step  305 | acc=0.9110 | NZ=  1855 | sparsity=0.1412 | d_m=3.4981e+03
step  306 | acc=0.9120 | NZ=  1854 | sparsity=0.1417 | d_m=3.4885e+03
step  307 | acc=0.9110 | NZ=  1853 | sparsity=0.1421 | d_m=3.5568e+03
step  308 | acc=0.9110 | NZ=  1852 | sparsity=0.1426 | d_m=3.5171e+03
step  309 | acc=0.9120 | NZ=  1851 | sparsity=0.1431 | d_m=3.7320e+03
step  310 | acc=0.9130 | NZ=  1850 | sparsity=0.1435 | d_m=3.6322e+03
step  311 | acc=0.9130 | NZ=  1849 | sparsity=0.1440 | d_m=3.5742e+03
step  312 | acc=0.9050 | NZ=  1848 | sparsity=0.1444 | d_m=5.8767e+03
step  313 | acc=0.9070 | NZ=  1847 | sparsity=0.1449 | d_m=5.0076e+03
step  314 | acc=0.9060 | NZ=  1846 | sparsity=0.1454 | d_m=4.5920e+03
step  315 | acc=0.9080 | NZ=  1845 | sparsity=0.1458 | d_m=4.3462e+03
step  316 | acc=0.9080 | NZ=  1844 | sparsity=0.1463 | d_m=5.0288e+03
step  317 | acc=0.9080 | NZ=  1843 | sparsity=0.1468 | d_m=4.7180e+03
step  318 | acc=0.9100 | NZ=  1842 | sparsity=0.1472 | d_m=4.5547e+03
step  319 | acc=0.9130 | NZ=  1841 | sparsity=0.1477 | d_m=5.5100e+03
step  320 | acc=0.9130 | NZ=  1840 | sparsity=0.1481 | d_m=5.2202e+03
step  321 | acc=0.9140 | NZ=  1839 | sparsity=0.1486 | d_m=5.1003e+03
step  322 | acc=0.9130 | NZ=  1838 | sparsity=0.1491 | d_m=4.9079e+03
step  323 | acc=0.9130 | NZ=  1837 | sparsity=0.1495 | d_m=4.7379e+03
step  324 | acc=0.9130 | NZ=  1836 | sparsity=0.1500 | d_m=4.6024e+03
step  325 | acc=0.9110 | NZ=  1835 | sparsity=0.1505 | d_m=5.8347e+03
step  326 | acc=0.9110 | NZ=  1834 | sparsity=0.1509 | d_m=5.3792e+03
step  327 | acc=0.9110 | NZ=  1833 | sparsity=0.1514 | d_m=5.0959e+03
step  328 | acc=0.9110 | NZ=  1832 | sparsity=0.1519 | d_m=4.9045e+03
step  329 | acc=0.9110 | NZ=  1831 | sparsity=0.1523 | d_m=4.7839e+03
step  330 | acc=0.9110 | NZ=  1830 | sparsity=0.1528 | d_m=5.1120e+03
step  331 | acc=0.9110 | NZ=  1829 | sparsity=0.1532 | d_m=4.8968e+03
step  332 | acc=0.9110 | NZ=  1828 | sparsity=0.1537 | d_m=4.7558e+03
step  333 | acc=0.9100 | NZ=  1827 | sparsity=0.1542 | d_m=4.7977e+03
step  334 | acc=0.9100 | NZ=  1826 | sparsity=0.1546 | d_m=4.7341e+03
step  335 | acc=0.9110 | NZ=  1825 | sparsity=0.1551 | d_m=4.6870e+03
step  336 | acc=0.9100 | NZ=  1824 | sparsity=0.1556 | d_m=4.6331e+03
step  337 | acc=0.9100 | NZ=  1823 | sparsity=0.1560 | d_m=4.5534e+03
step  338 | acc=0.9110 | NZ=  1822 | sparsity=0.1565 | d_m=4.5486e+03
step  339 | acc=0.9080 | NZ=  1821 | sparsity=0.1569 | d_m=5.0042e+03
step  340 | acc=0.9100 | NZ=  1820 | sparsity=0.1574 | d_m=5.5216e+03
step  341 | acc=0.9090 | NZ=  1819 | sparsity=0.1579 | d_m=5.2025e+03
step  342 | acc=0.9110 | NZ=  1818 | sparsity=0.1583 | d_m=5.1704e+03
step  343 | acc=0.9110 | NZ=  1817 | sparsity=0.1588 | d_m=5.0250e+03
step  344 | acc=0.9120 | NZ=  1816 | sparsity=0.1593 | d_m=5.3746e+03
step  345 | acc=0.9110 | NZ=  1815 | sparsity=0.1597 | d_m=5.6639e+03
step  346 | acc=0.9100 | NZ=  1814 | sparsity=0.1602 | d_m=5.4628e+03
step  347 | acc=0.9090 | NZ=  1813 | sparsity=0.1606 | d_m=5.3618e+03
step  348 | acc=0.9100 | NZ=  1812 | sparsity=0.1611 | d_m=5.2815e+03
step  349 | acc=0.9100 | NZ=  1811 | sparsity=0.1616 | d_m=5.1694e+03
step  350 | acc=0.9100 | NZ=  1810 | sparsity=0.1620 | d_m=5.0840e+03
step  351 | acc=0.9100 | NZ=  1809 | sparsity=0.1625 | d_m=5.1895e+03
step  352 | acc=0.9090 | NZ=  1808 | sparsity=0.1630 | d_m=5.0924e+03
step  353 | acc=0.9100 | NZ=  1807 | sparsity=0.1634 | d_m=5.1059e+03
step  354 | acc=0.9100 | NZ=  1806 | sparsity=0.1639 | d_m=5.0229e+03
step  355 | acc=0.9090 | NZ=  1805 | sparsity=0.1644 | d_m=5.0244e+03
step  356 | acc=0.9090 | NZ=  1804 | sparsity=0.1648 | d_m=4.9647e+03
step  357 | acc=0.9110 | NZ=  1803 | sparsity=0.1653 | d_m=5.0069e+03
step  358 | acc=0.9120 | NZ=  1802 | sparsity=0.1657 | d_m=4.9708e+03
step  359 | acc=0.9120 | NZ=  1801 | sparsity=0.1662 | d_m=4.9207e+03
step  360 | acc=0.9120 | NZ=  1800 | sparsity=0.1667 | d_m=4.8785e+03
step  361 | acc=0.9110 | NZ=  1799 | sparsity=0.1671 | d_m=5.1947e+03
step  362 | acc=0.9100 | NZ=  1798 | sparsity=0.1676 | d_m=5.1108e+03
step  363 | acc=0.9100 | NZ=  1797 | sparsity=0.1681 | d_m=5.1196e+03
step  364 | acc=0.9110 | NZ=  1796 | sparsity=0.1685 | d_m=5.0621e+03
step  365 | acc=0.9100 | NZ=  1795 | sparsity=0.1690 | d_m=5.0247e+03
step  366 | acc=0.9110 | NZ=  1794 | sparsity=0.1694 | d_m=7.3227e+03
step  367 | acc=0.9110 | NZ=  1793 | sparsity=0.1699 | d_m=6.6900e+03
step  368 | acc=0.9110 | NZ=  1792 | sparsity=0.1704 | d_m=6.3090e+03
step  369 | acc=0.9100 | NZ=  1791 | sparsity=0.1708 | d_m=5.9979e+03
step  370 | acc=0.9080 | NZ=  1790 | sparsity=0.1713 | d_m=6.2901e+03
step  371 | acc=0.9080 | NZ=  1789 | sparsity=0.1718 | d_m=6.1157e+03
step  372 | acc=0.9070 | NZ=  1788 | sparsity=0.1722 | d_m=5.8857e+03
step  373 | acc=0.9060 | NZ=  1787 | sparsity=0.1727 | d_m=5.7904e+03
step  374 | acc=0.9050 | NZ=  1786 | sparsity=0.1731 | d_m=5.6600e+03
step  375 | acc=0.9070 | NZ=  1785 | sparsity=0.1736 | d_m=5.5437e+03
step  376 | acc=0.9090 | NZ=  1784 | sparsity=0.1741 | d_m=5.7534e+03
step  377 | acc=0.9090 | NZ=  1783 | sparsity=0.1745 | d_m=5.6500e+03
step  378 | acc=0.9090 | NZ=  1782 | sparsity=0.1750 | d_m=5.5860e+03
step  379 | acc=0.9090 | NZ=  1781 | sparsity=0.1755 | d_m=5.5092e+03
step  380 | acc=0.9070 | NZ=  1780 | sparsity=0.1759 | d_m=5.5525e+03
step  381 | acc=0.9080 | NZ=  1779 | sparsity=0.1764 | d_m=5.4845e+03
step  382 | acc=0.9070 | NZ=  1778 | sparsity=0.1769 | d_m=5.4448e+03
step  383 | acc=0.9070 | NZ=  1777 | sparsity=0.1773 | d_m=5.3953e+03
step  384 | acc=0.9080 | NZ=  1776 | sparsity=0.1778 | d_m=6.8623e+03
step  385 | acc=0.9080 | NZ=  1775 | sparsity=0.1782 | d_m=6.4886e+03
step  386 | acc=0.9080 | NZ=  1774 | sparsity=0.1787 | d_m=6.3996e+03
step  387 | acc=0.9080 | NZ=  1773 | sparsity=0.1792 | d_m=6.1972e+03
step  388 | acc=0.9080 | NZ=  1772 | sparsity=0.1796 | d_m=7.0842e+03
step  389 | acc=0.9060 | NZ=  1771 | sparsity=0.1801 | d_m=7.5730e+03
step  390 | acc=0.9070 | NZ=  1770 | sparsity=0.1806 | d_m=7.1281e+03
step  391 | acc=0.9080 | NZ=  1769 | sparsity=0.1810 | d_m=6.8579e+03
step  392 | acc=0.9060 | NZ=  1768 | sparsity=0.1815 | d_m=9.4833e+03
step  393 | acc=0.9060 | NZ=  1767 | sparsity=0.1819 | d_m=8.4829e+03
step  394 | acc=0.9060 | NZ=  1766 | sparsity=0.1824 | d_m=7.9777e+03
step  395 | acc=0.9060 | NZ=  1765 | sparsity=0.1829 | d_m=7.6730e+03
step  396 | acc=0.9060 | NZ=  1764 | sparsity=0.1833 | d_m=7.4637e+03
step  397 | acc=0.9060 | NZ=  1763 | sparsity=0.1838 | d_m=7.4235e+03
step  398 | acc=0.9050 | NZ=  1762 | sparsity=0.1843 | d_m=8.1804e+03
step  399 | acc=0.9050 | NZ=  1761 | sparsity=0.1847 | d_m=8.2739e+03
step  400 | acc=0.9050 | NZ=  1760 | sparsity=0.1852 | d_m=8.1135e+03
step  401 | acc=0.9060 | NZ=  1759 | sparsity=0.1856 | d_m=8.4801e+03
step  402 | acc=0.9070 | NZ=  1758 | sparsity=0.1861 | d_m=8.1196e+03
step  403 | acc=0.9050 | NZ=  1757 | sparsity=0.1866 | d_m=7.9163e+03
step  404 | acc=0.9060 | NZ=  1756 | sparsity=0.1870 | d_m=7.7163e+03
step  405 | acc=0.9050 | NZ=  1755 | sparsity=0.1875 | d_m=7.5845e+03
step  406 | acc=0.9050 | NZ=  1754 | sparsity=0.1880 | d_m=7.4468e+03
step  407 | acc=0.9060 | NZ=  1753 | sparsity=0.1884 | d_m=7.8927e+03
step  408 | acc=0.9060 | NZ=  1752 | sparsity=0.1889 | d_m=7.7838e+03
step  409 | acc=0.9070 | NZ=  1751 | sparsity=0.1894 | d_m=7.8760e+03
step  410 | acc=0.9070 | NZ=  1750 | sparsity=0.1898 | d_m=7.7043e+03
step  411 | acc=0.9070 | NZ=  1749 | sparsity=0.1903 | d_m=7.5469e+03
step  412 | acc=0.9060 | NZ=  1748 | sparsity=0.1907 | d_m=7.4795e+03
step  413 | acc=0.9060 | NZ=  1747 | sparsity=0.1912 | d_m=7.4187e+03
step  414 | acc=0.9060 | NZ=  1746 | sparsity=0.1917 | d_m=7.3077e+03
step  415 | acc=0.9060 | NZ=  1745 | sparsity=0.1921 | d_m=7.2141e+03
step  416 | acc=0.9070 | NZ=  1744 | sparsity=0.1926 | d_m=7.3795e+03
step  417 | acc=0.9070 | NZ=  1743 | sparsity=0.1931 | d_m=7.2412e+03
step  418 | acc=0.9070 | NZ=  1742 | sparsity=0.1935 | d_m=7.5790e+03
step  419 | acc=0.9070 | NZ=  1741 | sparsity=0.1940 | d_m=7.4408e+03
step  420 | acc=0.9060 | NZ=  1740 | sparsity=0.1944 | d_m=7.3982e+03
step  421 | acc=0.9070 | NZ=  1739 | sparsity=0.1949 | d_m=7.4173e+03
step  422 | acc=0.9070 | NZ=  1738 | sparsity=0.1954 | d_m=7.3229e+03
step  423 | acc=0.9080 | NZ=  1737 | sparsity=0.1958 | d_m=7.2412e+03
step  424 | acc=0.9070 | NZ=  1736 | sparsity=0.1963 | d_m=7.5139e+03
step  425 | acc=0.9070 | NZ=  1735 | sparsity=0.1968 | d_m=8.0748e+03
step  426 | acc=0.9070 | NZ=  1734 | sparsity=0.1972 | d_m=7.7732e+03
step  427 | acc=0.9070 | NZ=  1733 | sparsity=0.1977 | d_m=7.6538e+03
step  428 | acc=0.9080 | NZ=  1732 | sparsity=0.1981 | d_m=7.5904e+03
step  429 | acc=0.9080 | NZ=  1731 | sparsity=0.1986 | d_m=7.4756e+03
step  430 | acc=0.9070 | NZ=  1730 | sparsity=0.1991 | d_m=7.3918e+03
step  431 | acc=0.9070 | NZ=  1729 | sparsity=0.1995 | d_m=7.3164e+03
step  432 | acc=0.9070 | NZ=  1728 | sparsity=0.2000 | d_m=7.5756e+03
step  433 | acc=0.9070 | NZ=  1727 | sparsity=0.2005 | d_m=7.5386e+03
step  434 | acc=0.9070 | NZ=  1726 | sparsity=0.2009 | d_m=7.4550e+03
step  435 | acc=0.9050 | NZ=  1725 | sparsity=0.2014 | d_m=1.0351e+04
step  436 | acc=0.9050 | NZ=  1724 | sparsity=0.2019 | d_m=1.0028e+04
step  437 | acc=0.9050 | NZ=  1723 | sparsity=0.2023 | d_m=9.7649e+03
step  438 | acc=0.9050 | NZ=  1722 | sparsity=0.2028 | d_m=9.7590e+03
step  439 | acc=0.9050 | NZ=  1721 | sparsity=0.2032 | d_m=9.7493e+03
step  440 | acc=0.9040 | NZ=  1720 | sparsity=0.2037 | d_m=9.5973e+03
step  441 | acc=0.9040 | NZ=  1719 | sparsity=0.2042 | d_m=9.4124e+03
step  442 | acc=0.9040 | NZ=  1718 | sparsity=0.2046 | d_m=1.0034e+04
step  443 | acc=0.9050 | NZ=  1717 | sparsity=0.2051 | d_m=9.7536e+03
step  444 | acc=0.9040 | NZ=  1716 | sparsity=0.2056 | d_m=9.5708e+03
step  445 | acc=0.9050 | NZ=  1715 | sparsity=0.2060 | d_m=9.3534e+03
step  446 | acc=0.9040 | NZ=  1714 | sparsity=0.2065 | d_m=9.4409e+03
step  447 | acc=0.9040 | NZ=  1713 | sparsity=0.2069 | d_m=9.2477e+03
step  448 | acc=0.9040 | NZ=  1712 | sparsity=0.2074 | d_m=9.0715e+03
step  449 | acc=0.9040 | NZ=  1711 | sparsity=0.2079 | d_m=8.9097e+03
step  450 | acc=0.9050 | NZ=  1710 | sparsity=0.2083 | d_m=8.7697e+03
step  451 | acc=0.9040 | NZ=  1709 | sparsity=0.2088 | d_m=8.6998e+03
step  452 | acc=0.9040 | NZ=  1708 | sparsity=0.2093 | d_m=8.5823e+03
step  453 | acc=0.9060 | NZ=  1707 | sparsity=0.2097 | d_m=8.6973e+03
step  454 | acc=0.9020 | NZ=  1706 | sparsity=0.2102 | d_m=2.0301e+04
step  455 | acc=0.9030 | NZ=  1705 | sparsity=0.2106 | d_m=1.7776e+04
step  456 | acc=0.9030 | NZ=  1704 | sparsity=0.2111 | d_m=1.6354e+04
step  457 | acc=0.9040 | NZ=  1703 | sparsity=0.2116 | d_m=1.5313e+04
step  458 | acc=0.9050 | NZ=  1702 | sparsity=0.2120 | d_m=1.4476e+04
step  459 | acc=0.9090 | NZ=  1701 | sparsity=0.2125 | d_m=1.7250e+04
step  460 | acc=0.9090 | NZ=  1700 | sparsity=0.2130 | d_m=1.6265e+04
step  461 | acc=0.9080 | NZ=  1699 | sparsity=0.2134 | d_m=1.5472e+04
step  462 | acc=0.9060 | NZ=  1698 | sparsity=0.2139 | d_m=1.4802e+04
step  463 | acc=0.9060 | NZ=  1697 | sparsity=0.2144 | d_m=1.4881e+04
step  464 | acc=0.9060 | NZ=  1696 | sparsity=0.2148 | d_m=1.4236e+04
step  465 | acc=0.9070 | NZ=  1695 | sparsity=0.2153 | d_m=1.3798e+04
step  466 | acc=0.9070 | NZ=  1694 | sparsity=0.2157 | d_m=1.3379e+04
step  467 | acc=0.9050 | NZ=  1693 | sparsity=0.2162 | d_m=1.3495e+04
step  468 | acc=0.9050 | NZ=  1692 | sparsity=0.2167 | d_m=1.3077e+04
step  469 | acc=0.9060 | NZ=  1691 | sparsity=0.2171 | d_m=1.2752e+04
step  470 | acc=0.9060 | NZ=  1690 | sparsity=0.2176 | d_m=1.2617e+04
step  471 | acc=0.9060 | NZ=  1689 | sparsity=0.2181 | d_m=1.2374e+04
step  472 | acc=0.9100 | NZ=  1688 | sparsity=0.2185 | d_m=1.2436e+04
step  473 | acc=0.9090 | NZ=  1687 | sparsity=0.2190 | d_m=1.2143e+04
step  474 | acc=0.9090 | NZ=  1686 | sparsity=0.2194 | d_m=1.1922e+04
step  475 | acc=0.9090 | NZ=  1685 | sparsity=0.2199 | d_m=1.1741e+04
step  476 | acc=0.9080 | NZ=  1684 | sparsity=0.2204 | d_m=1.1585e+04
step  477 | acc=0.9080 | NZ=  1683 | sparsity=0.2208 | d_m=1.1462e+04
step  478 | acc=0.9080 | NZ=  1682 | sparsity=0.2213 | d_m=1.1335e+04
step  479 | acc=0.9070 | NZ=  1681 | sparsity=0.2218 | d_m=1.1217e+04
step  480 | acc=0.9070 | NZ=  1680 | sparsity=0.2222 | d_m=1.1110e+04
step  481 | acc=0.9080 | NZ=  1679 | sparsity=0.2227 | d_m=1.1223e+04
step  482 | acc=0.9080 | NZ=  1678 | sparsity=0.2231 | d_m=1.3468e+04
step  483 | acc=0.9090 | NZ=  1677 | sparsity=0.2236 | d_m=1.4705e+04
step  484 | acc=0.9100 | NZ=  1676 | sparsity=0.2241 | d_m=1.4031e+04
step  485 | acc=0.9090 | NZ=  1675 | sparsity=0.2245 | d_m=1.3521e+04
step  486 | acc=0.9090 | NZ=  1674 | sparsity=0.2250 | d_m=1.3140e+04
step  487 | acc=0.9090 | NZ=  1673 | sparsity=0.2255 | d_m=1.2836e+04
step  488 | acc=0.9070 | NZ=  1672 | sparsity=0.2259 | d_m=1.3155e+04
step  489 | acc=0.9060 | NZ=  1671 | sparsity=0.2264 | d_m=1.2940e+04
step  490 | acc=0.9070 | NZ=  1670 | sparsity=0.2269 | d_m=1.2582e+04
step  491 | acc=0.9070 | NZ=  1669 | sparsity=0.2273 | d_m=1.2325e+04
step  492 | acc=0.9070 | NZ=  1668 | sparsity=0.2278 | d_m=1.2104e+04
step  493 | acc=0.9060 | NZ=  1667 | sparsity=0.2282 | d_m=1.1991e+04
step  494 | acc=0.9060 | NZ=  1666 | sparsity=0.2287 | d_m=1.2045e+04
step  495 | acc=0.9060 | NZ=  1665 | sparsity=0.2292 | d_m=1.2463e+04
step  496 | acc=0.9060 | NZ=  1664 | sparsity=0.2296 | d_m=1.2149e+04
step  497 | acc=0.9070 | NZ=  1663 | sparsity=0.2301 | d_m=1.2146e+04
step  498 | acc=0.9070 | NZ=  1662 | sparsity=0.2306 | d_m=1.2017e+04
step  499 | acc=0.9060 | NZ=  1661 | sparsity=0.2310 | d_m=1.1995e+04
step  500 | acc=0.9060 | NZ=  1660 | sparsity=0.2315 | d_m=1.1847e+04
step  501 | acc=0.9040 | NZ=  1659 | sparsity=0.2319 | d_m=1.1809e+04
step  502 | acc=0.9040 | NZ=  1658 | sparsity=0.2324 | d_m=1.1660e+04
step  503 | acc=0.9030 | NZ=  1657 | sparsity=0.2329 | d_m=1.1549e+04
step  504 | acc=0.9050 | NZ=  1656 | sparsity=0.2333 | d_m=1.2077e+04
step  505 | acc=0.9050 | NZ=  1655 | sparsity=0.2338 | d_m=1.1894e+04
step  506 | acc=0.9050 | NZ=  1654 | sparsity=0.2343 | d_m=1.1755e+04
step  507 | acc=0.9050 | NZ=  1653 | sparsity=0.2347 | d_m=1.1643e+04
step  508 | acc=0.9080 | NZ=  1652 | sparsity=0.2352 | d_m=1.2267e+04
step  509 | acc=0.9050 | NZ=  1651 | sparsity=0.2356 | d_m=1.2776e+04
step  510 | acc=0.9060 | NZ=  1650 | sparsity=0.2361 | d_m=1.2440e+04
step  511 | acc=0.9050 | NZ=  1649 | sparsity=0.2366 | d_m=1.2458e+04
step  512 | acc=0.9040 | NZ=  1648 | sparsity=0.2370 | d_m=1.2201e+04
step  513 | acc=0.9050 | NZ=  1647 | sparsity=0.2375 | d_m=1.2686e+04
step  514 | acc=0.9050 | NZ=  1646 | sparsity=0.2380 | d_m=1.2391e+04
step  515 | acc=0.9050 | NZ=  1645 | sparsity=0.2384 | d_m=1.2220e+04
step  516 | acc=0.9060 | NZ=  1644 | sparsity=0.2389 | d_m=1.2199e+04
step  517 | acc=0.9030 | NZ=  1643 | sparsity=0.2394 | d_m=1.5473e+04
step  518 | acc=0.9020 | NZ=  1642 | sparsity=0.2398 | d_m=1.4300e+04
step  519 | acc=0.9030 | NZ=  1641 | sparsity=0.2403 | d_m=1.3627e+04
step  520 | acc=0.9020 | NZ=  1640 | sparsity=0.2407 | d_m=1.3183e+04
step  521 | acc=0.9060 | NZ=  1639 | sparsity=0.2412 | d_m=1.3312e+04
step  522 | acc=0.9040 | NZ=  1638 | sparsity=0.2417 | d_m=1.3232e+04
step  523 | acc=0.9030 | NZ=  1637 | sparsity=0.2421 | d_m=1.8104e+04
step  524 | acc=0.9020 | NZ=  1636 | sparsity=0.2426 | d_m=1.6618e+04
step  525 | acc=0.9050 | NZ=  1635 | sparsity=0.2431 | d_m=1.5719e+04
step  526 | acc=0.9040 | NZ=  1634 | sparsity=0.2435 | d_m=1.4933e+04
step  527 | acc=0.9030 | NZ=  1633 | sparsity=0.2440 | d_m=1.4462e+04
step  528 | acc=0.9030 | NZ=  1632 | sparsity=0.2444 | d_m=1.4062e+04
step  529 | acc=0.9040 | NZ=  1631 | sparsity=0.2449 | d_m=1.3753e+04
step  530 | acc=0.9040 | NZ=  1630 | sparsity=0.2454 | d_m=1.3590e+04
step  531 | acc=0.9040 | NZ=  1629 | sparsity=0.2458 | d_m=1.3412e+04
step  532 | acc=0.9040 | NZ=  1628 | sparsity=0.2463 | d_m=1.3264e+04
step  533 | acc=0.9040 | NZ=  1627 | sparsity=0.2468 | d_m=1.3383e+04
step  534 | acc=0.9040 | NZ=  1626 | sparsity=0.2472 | d_m=1.3807e+04
step  535 | acc=0.9030 | NZ=  1625 | sparsity=0.2477 | d_m=1.3734e+04
step  536 | acc=0.9030 | NZ=  1624 | sparsity=0.2481 | d_m=1.3808e+04
step  537 | acc=0.9020 | NZ=  1623 | sparsity=0.2486 | d_m=1.5091e+04
step  538 | acc=0.9010 | NZ=  1622 | sparsity=0.2491 | d_m=1.4598e+04
step  539 | acc=0.9030 | NZ=  1621 | sparsity=0.2495 | d_m=1.7574e+04
step  540 | acc=0.9020 | NZ=  1620 | sparsity=0.2500 | d_m=1.6549e+04
step  541 | acc=0.9060 | NZ=  1619 | sparsity=0.2505 | d_m=1.6389e+04
step  542 | acc=0.9060 | NZ=  1618 | sparsity=0.2509 | d_m=1.5795e+04
step  543 | acc=0.9070 | NZ=  1617 | sparsity=0.2514 | d_m=1.5506e+04
step  544 | acc=0.9070 | NZ=  1616 | sparsity=0.2519 | d_m=1.5383e+04
step  545 | acc=0.9060 | NZ=  1615 | sparsity=0.2523 | d_m=1.5244e+04
step  546 | acc=0.9060 | NZ=  1614 | sparsity=0.2528 | d_m=1.5044e+04
step  547 | acc=0.9070 | NZ=  1613 | sparsity=0.2532 | d_m=1.7906e+04
step  548 | acc=0.9060 | NZ=  1612 | sparsity=0.2537 | d_m=1.7134e+04
step  549 | acc=0.9070 | NZ=  1611 | sparsity=0.2542 | d_m=1.6667e+04
step  550 | acc=0.9060 | NZ=  1610 | sparsity=0.2546 | d_m=1.6331e+04
step  551 | acc=0.9050 | NZ=  1609 | sparsity=0.2551 | d_m=1.6063e+04
step  552 | acc=0.9050 | NZ=  1608 | sparsity=0.2556 | d_m=1.5843e+04
step  553 | acc=0.9060 | NZ=  1607 | sparsity=0.2560 | d_m=1.5645e+04
step  554 | acc=0.9050 | NZ=  1606 | sparsity=0.2565 | d_m=1.5613e+04
step  555 | acc=0.9040 | NZ=  1605 | sparsity=0.2569 | d_m=1.5482e+04
step  556 | acc=0.9050 | NZ=  1604 | sparsity=0.2574 | d_m=1.6187e+04
step  557 | acc=0.9050 | NZ=  1603 | sparsity=0.2579 | d_m=1.6082e+04
step  558 | acc=0.9060 | NZ=  1602 | sparsity=0.2583 | d_m=1.5791e+04
step  559 | acc=0.9060 | NZ=  1601 | sparsity=0.2588 | d_m=1.5782e+04
step  560 | acc=0.9050 | NZ=  1600 | sparsity=0.2593 | d_m=1.5521e+04
step  561 | acc=0.9050 | NZ=  1599 | sparsity=0.2597 | d_m=1.5323e+04
step  562 | acc=0.9050 | NZ=  1598 | sparsity=0.2602 | d_m=1.7182e+04
step  563 | acc=0.9050 | NZ=  1597 | sparsity=0.2606 | d_m=1.6820e+04
step  564 | acc=0.9040 | NZ=  1596 | sparsity=0.2611 | d_m=1.6553e+04
step  565 | acc=0.9040 | NZ=  1595 | sparsity=0.2616 | d_m=1.6338e+04
step  566 | acc=0.9050 | NZ=  1594 | sparsity=0.2620 | d_m=1.6209e+04
step  567 | acc=0.9050 | NZ=  1593 | sparsity=0.2625 | d_m=1.6124e+04
step  568 | acc=0.9060 | NZ=  1592 | sparsity=0.2630 | d_m=1.6013e+04
step  569 | acc=0.9030 | NZ=  1591 | sparsity=0.2634 | d_m=2.0008e+04
step  570 | acc=0.9030 | NZ=  1590 | sparsity=0.2639 | d_m=1.9079e+04
step  571 | acc=0.9030 | NZ=  1589 | sparsity=0.2644 | d_m=1.8351e+04
step  572 | acc=0.9030 | NZ=  1588 | sparsity=0.2648 | d_m=1.7857e+04
step  573 | acc=0.9030 | NZ=  1587 | sparsity=0.2653 | d_m=1.7478e+04
step  574 | acc=0.9000 | NZ=  1586 | sparsity=0.2657 | d_m=1.7336e+04
step  575 | acc=0.9010 | NZ=  1585 | sparsity=0.2662 | d_m=1.7060e+04
step  576 | acc=0.9040 | NZ=  1584 | sparsity=0.2667 | d_m=1.6981e+04
step  577 | acc=0.9040 | NZ=  1583 | sparsity=0.2671 | d_m=1.7816e+04
step  578 | acc=0.9050 | NZ=  1582 | sparsity=0.2676 | d_m=1.7592e+04
step  579 | acc=0.9050 | NZ=  1581 | sparsity=0.2681 | d_m=1.7456e+04
step  580 | acc=0.9050 | NZ=  1580 | sparsity=0.2685 | d_m=1.7139e+04
step  581 | acc=0.9040 | NZ=  1579 | sparsity=0.2690 | d_m=1.6905e+04
step  582 | acc=0.9040 | NZ=  1578 | sparsity=0.2694 | d_m=1.6911e+04
step  583 | acc=0.9030 | NZ=  1577 | sparsity=0.2699 | d_m=1.6847e+04
step  584 | acc=0.9020 | NZ=  1576 | sparsity=0.2704 | d_m=1.6659e+04
step  585 | acc=0.9020 | NZ=  1575 | sparsity=0.2708 | d_m=1.6508e+04
step  586 | acc=0.8990 | NZ=  1574 | sparsity=0.2713 | d_m=1.8768e+04
step  587 | acc=0.8990 | NZ=  1573 | sparsity=0.2718 | d_m=1.8291e+04
step  588 | acc=0.8980 | NZ=  1572 | sparsity=0.2722 | d_m=1.8488e+04
step  589 | acc=0.8990 | NZ=  1571 | sparsity=0.2727 | d_m=1.8111e+04
step  590 | acc=0.8980 | NZ=  1570 | sparsity=0.2731 | d_m=1.8064e+04
step  591 | acc=0.9000 | NZ=  1569 | sparsity=0.2736 | d_m=1.8597e+04
step  592 | acc=0.9000 | NZ=  1568 | sparsity=0.2741 | d_m=1.8245e+04
step  593 | acc=0.9000 | NZ=  1567 | sparsity=0.2745 | d_m=1.8222e+04
step  594 | acc=0.9010 | NZ=  1566 | sparsity=0.2750 | d_m=1.8897e+04
step  595 | acc=0.9000 | NZ=  1565 | sparsity=0.2755 | d_m=1.8349e+04
step  596 | acc=0.8980 | NZ=  1564 | sparsity=0.2759 | d_m=1.8567e+04
step  597 | acc=0.8990 | NZ=  1563 | sparsity=0.2764 | d_m=1.8504e+04
step  598 | acc=0.9000 | NZ=  1562 | sparsity=0.2769 | d_m=1.8238e+04
step  599 | acc=0.8990 | NZ=  1561 | sparsity=0.2773 | d_m=1.8025e+04
step  600 | acc=0.8980 | NZ=  1560 | sparsity=0.2778 | d_m=1.8254e+04
step  601 | acc=0.8980 | NZ=  1559 | sparsity=0.2782 | d_m=1.8018e+04
step  602 | acc=0.8970 | NZ=  1558 | sparsity=0.2787 | d_m=1.8165e+04
step  603 | acc=0.8960 | NZ=  1557 | sparsity=0.2792 | d_m=1.8008e+04
step  604 | acc=0.8960 | NZ=  1556 | sparsity=0.2796 | d_m=1.7863e+04
step  605 | acc=0.8970 | NZ=  1555 | sparsity=0.2801 | d_m=1.7710e+04
step  606 | acc=0.8970 | NZ=  1554 | sparsity=0.2806 | d_m=1.7587e+04
step  607 | acc=0.8980 | NZ=  1553 | sparsity=0.2810 | d_m=1.7625e+04
step  608 | acc=0.8990 | NZ=  1552 | sparsity=0.2815 | d_m=1.7603e+04
step  609 | acc=0.8990 | NZ=  1551 | sparsity=0.2819 | d_m=1.7501e+04
step  610 | acc=0.8970 | NZ=  1550 | sparsity=0.2824 | d_m=1.7539e+04
step  611 | acc=0.8970 | NZ=  1549 | sparsity=0.2829 | d_m=1.7564e+04
step  612 | acc=0.8970 | NZ=  1548 | sparsity=0.2833 | d_m=1.7447e+04
step  613 | acc=0.8990 | NZ=  1547 | sparsity=0.2838 | d_m=1.7417e+04
step  614 | acc=0.8990 | NZ=  1546 | sparsity=0.2843 | d_m=1.7329e+04
step  615 | acc=0.8990 | NZ=  1545 | sparsity=0.2847 | d_m=1.7536e+04
step  616 | acc=0.8990 | NZ=  1544 | sparsity=0.2852 | d_m=1.7479e+04
step  617 | acc=0.9010 | NZ=  1543 | sparsity=0.2856 | d_m=1.8575e+04
step  618 | acc=0.9020 | NZ=  1542 | sparsity=0.2861 | d_m=1.8555e+04
step  619 | acc=0.9020 | NZ=  1541 | sparsity=0.2866 | d_m=1.8285e+04
step  620 | acc=0.9020 | NZ=  1540 | sparsity=0.2870 | d_m=1.8111e+04
step  621 | acc=0.9020 | NZ=  1539 | sparsity=0.2875 | d_m=1.8414e+04
step  622 | acc=0.9020 | NZ=  1538 | sparsity=0.2880 | d_m=1.8223e+04
step  623 | acc=0.9020 | NZ=  1537 | sparsity=0.2884 | d_m=1.8038e+04
step  624 | acc=0.9010 | NZ=  1536 | sparsity=0.2889 | d_m=1.8023e+04
step  625 | acc=0.8980 | NZ=  1535 | sparsity=0.2894 | d_m=1.8587e+04
step  626 | acc=0.8970 | NZ=  1534 | sparsity=0.2898 | d_m=1.9180e+04
step  627 | acc=0.8980 | NZ=  1533 | sparsity=0.2903 | d_m=1.8869e+04
step  628 | acc=0.8980 | NZ=  1532 | sparsity=0.2907 | d_m=1.8590e+04
step  629 | acc=0.8970 | NZ=  1531 | sparsity=0.2912 | d_m=1.8626e+04
step  630 | acc=0.8970 | NZ=  1530 | sparsity=0.2917 | d_m=1.8453e+04
step  631 | acc=0.9020 | NZ=  1529 | sparsity=0.2921 | d_m=2.3556e+04
step  632 | acc=0.8990 | NZ=  1528 | sparsity=0.2926 | d_m=2.1797e+04
step  633 | acc=0.9000 | NZ=  1527 | sparsity=0.2931 | d_m=2.1069e+04
step  634 | acc=0.9040 | NZ=  1526 | sparsity=0.2935 | d_m=2.1950e+04
step  635 | acc=0.9040 | NZ=  1525 | sparsity=0.2940 | d_m=2.1169e+04
step  636 | acc=0.9010 | NZ=  1524 | sparsity=0.2944 | d_m=2.1767e+04
step  637 | acc=0.9010 | NZ=  1523 | sparsity=0.2949 | d_m=2.1452e+04
step  638 | acc=0.9000 | NZ=  1522 | sparsity=0.2954 | d_m=2.1202e+04
step  639 | acc=0.8990 | NZ=  1521 | sparsity=0.2958 | d_m=2.0978e+04
step  640 | acc=0.9010 | NZ=  1520 | sparsity=0.2963 | d_m=2.1271e+04
step  641 | acc=0.8990 | NZ=  1519 | sparsity=0.2968 | d_m=2.1576e+04
step  642 | acc=0.8970 | NZ=  1518 | sparsity=0.2972 | d_m=2.1630e+04
step  643 | acc=0.8990 | NZ=  1517 | sparsity=0.2977 | d_m=2.3448e+04
step  644 | acc=0.8990 | NZ=  1516 | sparsity=0.2981 | d_m=2.2775e+04
step  645 | acc=0.8990 | NZ=  1515 | sparsity=0.2986 | d_m=2.2349e+04
step  646 | acc=0.8990 | NZ=  1514 | sparsity=0.2991 | d_m=2.1930e+04
step  647 | acc=0.8990 | NZ=  1513 | sparsity=0.2995 | d_m=2.1601e+04
step  648 | acc=0.8990 | NZ=  1512 | sparsity=0.3000 | d_m=2.1436e+04
step  649 | acc=0.8990 | NZ=  1511 | sparsity=0.3005 | d_m=2.1192e+04
step  650 | acc=0.8990 | NZ=  1510 | sparsity=0.3009 | d_m=2.0991e+04
step  651 | acc=0.8990 | NZ=  1509 | sparsity=0.3014 | d_m=2.0857e+04
step  652 | acc=0.9020 | NZ=  1508 | sparsity=0.3019 | d_m=2.0756e+04
step  653 | acc=0.8990 | NZ=  1507 | sparsity=0.3023 | d_m=2.1538e+04
step  654 | acc=0.9000 | NZ=  1506 | sparsity=0.3028 | d_m=2.1193e+04
step  655 | acc=0.9000 | NZ=  1505 | sparsity=0.3032 | d_m=2.0946e+04
step  656 | acc=0.9000 | NZ=  1504 | sparsity=0.3037 | d_m=2.0758e+04
step  657 | acc=0.9000 | NZ=  1503 | sparsity=0.3042 | d_m=2.0611e+04
step  658 | acc=0.9000 | NZ=  1502 | sparsity=0.3046 | d_m=2.0491e+04
step  659 | acc=0.8990 | NZ=  1501 | sparsity=0.3051 | d_m=2.1237e+04
step  660 | acc=0.9000 | NZ=  1500 | sparsity=0.3056 | d_m=2.0816e+04
step  661 | acc=0.8990 | NZ=  1499 | sparsity=0.3060 | d_m=2.0615e+04
step  662 | acc=0.8990 | NZ=  1498 | sparsity=0.3065 | d_m=2.0489e+04
step  663 | acc=0.8990 | NZ=  1497 | sparsity=0.3069 | d_m=2.0393e+04
step  664 | acc=0.8950 | NZ=  1496 | sparsity=0.3074 | d_m=3.2579e+04
step  665 | acc=0.9010 | NZ=  1495 | sparsity=0.3079 | d_m=2.9269e+04
step  666 | acc=0.9030 | NZ=  1494 | sparsity=0.3083 | d_m=2.7654e+04
step  667 | acc=0.9030 | NZ=  1493 | sparsity=0.3088 | d_m=2.6268e+04
step  668 | acc=0.8990 | NZ=  1492 | sparsity=0.3093 | d_m=2.6582e+04
step  669 | acc=0.8980 | NZ=  1491 | sparsity=0.3097 | d_m=2.5403e+04
step  670 | acc=0.8960 | NZ=  1490 | sparsity=0.3102 | d_m=2.6599e+04
step  671 | acc=0.8990 | NZ=  1489 | sparsity=0.3106 | d_m=2.5616e+04
step  672 | acc=0.9000 | NZ=  1488 | sparsity=0.3111 | d_m=2.4928e+04
step  673 | acc=0.9020 | NZ=  1487 | sparsity=0.3116 | d_m=2.5168e+04
step  674 | acc=0.9010 | NZ=  1486 | sparsity=0.3120 | d_m=2.4558e+04
step  675 | acc=0.9010 | NZ=  1485 | sparsity=0.3125 | d_m=2.4100e+04
step  676 | acc=0.9010 | NZ=  1484 | sparsity=0.3130 | d_m=2.3898e+04
step  677 | acc=0.9010 | NZ=  1483 | sparsity=0.3134 | d_m=2.4371e+04
step  678 | acc=0.9010 | NZ=  1482 | sparsity=0.3139 | d_m=2.3845e+04
step  679 | acc=0.9000 | NZ=  1481 | sparsity=0.3144 | d_m=2.3461e+04
step  680 | acc=0.9000 | NZ=  1480 | sparsity=0.3148 | d_m=2.3961e+04
step  681 | acc=0.9000 | NZ=  1479 | sparsity=0.3153 | d_m=2.3423e+04
step  682 | acc=0.8990 | NZ=  1478 | sparsity=0.3157 | d_m=2.3076e+04
step  683 | acc=0.9000 | NZ=  1477 | sparsity=0.3162 | d_m=2.2832e+04
step  684 | acc=0.8960 | NZ=  1476 | sparsity=0.3167 | d_m=2.4080e+04
step  685 | acc=0.8900 | NZ=  1475 | sparsity=0.3171 | d_m=3.6782e+04
step  686 | acc=0.8910 | NZ=  1474 | sparsity=0.3176 | d_m=3.3240e+04
step  687 | acc=0.8920 | NZ=  1473 | sparsity=0.3181 | d_m=3.1062e+04
step  688 | acc=0.8920 | NZ=  1472 | sparsity=0.3185 | d_m=2.9629e+04
step  689 | acc=0.8930 | NZ=  1471 | sparsity=0.3190 | d_m=2.8601e+04
step  690 | acc=0.8940 | NZ=  1470 | sparsity=0.3194 | d_m=2.7934e+04
step  691 | acc=0.8960 | NZ=  1469 | sparsity=0.3199 | d_m=2.8253e+04
step  692 | acc=0.8970 | NZ=  1468 | sparsity=0.3204 | d_m=2.7306e+04
step  693 | acc=0.8960 | NZ=  1467 | sparsity=0.3208 | d_m=2.6672e+04
step  694 | acc=0.8960 | NZ=  1466 | sparsity=0.3213 | d_m=2.6176e+04
step  695 | acc=0.8930 | NZ=  1465 | sparsity=0.3218 | d_m=2.6098e+04
step  696 | acc=0.8940 | NZ=  1464 | sparsity=0.3222 | d_m=2.5673e+04
step  697 | acc=0.8940 | NZ=  1463 | sparsity=0.3227 | d_m=2.5315e+04
step  698 | acc=0.8940 | NZ=  1462 | sparsity=0.3231 | d_m=2.5007e+04
step  699 | acc=0.8950 | NZ=  1461 | sparsity=0.3236 | d_m=2.4949e+04
step  700 | acc=0.8950 | NZ=  1460 | sparsity=0.3241 | d_m=2.4684e+04
step  701 | acc=0.8960 | NZ=  1459 | sparsity=0.3245 | d_m=2.4673e+04
step  702 | acc=0.8970 | NZ=  1458 | sparsity=0.3250 | d_m=2.4416e+04
step  703 | acc=0.8980 | NZ=  1457 | sparsity=0.3255 | d_m=2.4966e+04
step  704 | acc=0.8980 | NZ=  1456 | sparsity=0.3259 | d_m=2.4674e+04
step  705 | acc=0.8980 | NZ=  1455 | sparsity=0.3264 | d_m=2.4431e+04
step  706 | acc=0.8970 | NZ=  1454 | sparsity=0.3269 | d_m=2.4654e+04
step  707 | acc=0.8960 | NZ=  1453 | sparsity=0.3273 | d_m=2.4358e+04
step  708 | acc=0.8970 | NZ=  1452 | sparsity=0.3278 | d_m=2.4669e+04
step  709 | acc=0.8980 | NZ=  1451 | sparsity=0.3282 | d_m=2.4398e+04
step  710 | acc=0.8980 | NZ=  1450 | sparsity=0.3287 | d_m=2.4184e+04
step  711 | acc=0.8960 | NZ=  1449 | sparsity=0.3292 | d_m=2.4625e+04
step  712 | acc=0.8980 | NZ=  1448 | sparsity=0.3296 | d_m=2.4369e+04
step  713 | acc=0.8990 | NZ=  1447 | sparsity=0.3301 | d_m=2.4138e+04
step  714 | acc=0.8990 | NZ=  1446 | sparsity=0.3306 | d_m=2.3966e+04
step  715 | acc=0.8980 | NZ=  1445 | sparsity=0.3310 | d_m=2.3825e+04
step  716 | acc=0.8980 | NZ=  1444 | sparsity=0.3315 | d_m=2.3703e+04
step  717 | acc=0.8980 | NZ=  1443 | sparsity=0.3319 | d_m=2.3596e+04
step  718 | acc=0.8980 | NZ=  1442 | sparsity=0.3324 | d_m=2.3499e+04
step  719 | acc=0.8980 | NZ=  1441 | sparsity=0.3329 | d_m=2.3466e+04
step  720 | acc=0.8980 | NZ=  1440 | sparsity=0.3333 | d_m=2.3392e+04
step  721 | acc=0.8980 | NZ=  1439 | sparsity=0.3338 | d_m=2.3306e+04
step  722 | acc=0.8960 | NZ=  1438 | sparsity=0.3343 | d_m=2.3241e+04
step  723 | acc=0.8960 | NZ=  1437 | sparsity=0.3347 | d_m=2.8012e+04
step  724 | acc=0.8960 | NZ=  1436 | sparsity=0.3352 | d_m=2.6790e+04
step  725 | acc=0.8960 | NZ=  1435 | sparsity=0.3356 | d_m=2.5928e+04
step  726 | acc=0.8960 | NZ=  1434 | sparsity=0.3361 | d_m=2.5305e+04
step  727 | acc=0.8970 | NZ=  1433 | sparsity=0.3366 | d_m=2.4838e+04
step  728 | acc=0.8970 | NZ=  1432 | sparsity=0.3370 | d_m=2.4482e+04
step  729 | acc=0.8970 | NZ=  1431 | sparsity=0.3375 | d_m=2.4200e+04
step  730 | acc=0.8970 | NZ=  1430 | sparsity=0.3380 | d_m=2.3972e+04
step  731 | acc=0.8970 | NZ=  1429 | sparsity=0.3384 | d_m=2.3783e+04
step  732 | acc=0.8960 | NZ=  1428 | sparsity=0.3389 | d_m=2.3697e+04
step  733 | acc=0.8960 | NZ=  1427 | sparsity=0.3394 | d_m=2.3594e+04
step  734 | acc=0.8970 | NZ=  1426 | sparsity=0.3398 | d_m=2.3487e+04
step  735 | acc=0.8970 | NZ=  1425 | sparsity=0.3403 | d_m=2.3390e+04
step  736 | acc=0.8980 | NZ=  1424 | sparsity=0.3407 | d_m=2.5595e+04
step  737 | acc=0.8990 | NZ=  1423 | sparsity=0.3412 | d_m=2.5195e+04
step  738 | acc=0.9000 | NZ=  1422 | sparsity=0.3417 | d_m=2.6840e+04
step  739 | acc=0.9000 | NZ=  1421 | sparsity=0.3421 | d_m=2.6157e+04
step  740 | acc=0.8990 | NZ=  1420 | sparsity=0.3426 | d_m=2.5652e+04
step  741 | acc=0.9000 | NZ=  1419 | sparsity=0.3431 | d_m=2.5520e+04
step  742 | acc=0.9000 | NZ=  1418 | sparsity=0.3435 | d_m=2.5120e+04
step  743 | acc=0.9020 | NZ=  1417 | sparsity=0.3440 | d_m=2.4841e+04
step  744 | acc=0.9000 | NZ=  1416 | sparsity=0.3444 | d_m=2.5026e+04
step  745 | acc=0.9000 | NZ=  1415 | sparsity=0.3449 | d_m=2.5093e+04
step  746 | acc=0.9000 | NZ=  1414 | sparsity=0.3454 | d_m=2.5086e+04
step  747 | acc=0.9000 | NZ=  1413 | sparsity=0.3458 | d_m=2.4867e+04
step  748 | acc=0.9000 | NZ=  1412 | sparsity=0.3463 | d_m=2.4691e+04
step  749 | acc=0.9000 | NZ=  1411 | sparsity=0.3468 | d_m=2.4543e+04
step  750 | acc=0.9000 | NZ=  1410 | sparsity=0.3472 | d_m=2.4454e+04
step  751 | acc=0.9000 | NZ=  1409 | sparsity=0.3477 | d_m=2.4837e+04
step  752 | acc=0.9020 | NZ=  1408 | sparsity=0.3481 | d_m=2.4865e+04
step  753 | acc=0.9020 | NZ=  1407 | sparsity=0.3486 | d_m=2.4652e+04
step  754 | acc=0.9030 | NZ=  1406 | sparsity=0.3491 | d_m=2.6673e+04
step  755 | acc=0.9030 | NZ=  1405 | sparsity=0.3495 | d_m=2.6159e+04
step  756 | acc=0.9020 | NZ=  1404 | sparsity=0.3500 | d_m=2.5750e+04
step  757 | acc=0.9000 | NZ=  1403 | sparsity=0.3505 | d_m=2.7238e+04
step  758 | acc=0.9000 | NZ=  1402 | sparsity=0.3509 | d_m=2.6429e+04
step  759 | acc=0.8990 | NZ=  1401 | sparsity=0.3514 | d_m=2.6890e+04
step  760 | acc=0.8980 | NZ=  1400 | sparsity=0.3519 | d_m=2.6455e+04
step  761 | acc=0.8980 | NZ=  1399 | sparsity=0.3523 | d_m=2.6126e+04
step  762 | acc=0.8990 | NZ=  1398 | sparsity=0.3528 | d_m=2.5866e+04
step  763 | acc=0.8970 | NZ=  1397 | sparsity=0.3532 | d_m=2.6391e+04
step  764 | acc=0.8970 | NZ=  1396 | sparsity=0.3537 | d_m=2.6197e+04
step  765 | acc=0.8970 | NZ=  1395 | sparsity=0.3542 | d_m=2.6153e+04
step  766 | acc=0.8980 | NZ=  1394 | sparsity=0.3546 | d_m=2.5963e+04
step  767 | acc=0.8970 | NZ=  1393 | sparsity=0.3551 | d_m=2.6042e+04
step  768 | acc=0.8980 | NZ=  1392 | sparsity=0.3556 | d_m=2.5868e+04
step  769 | acc=0.8980 | NZ=  1391 | sparsity=0.3560 | d_m=2.5726e+04
step  770 | acc=0.8960 | NZ=  1390 | sparsity=0.3565 | d_m=2.5706e+04
step  771 | acc=0.8960 | NZ=  1389 | sparsity=0.3569 | d_m=2.8123e+04
step  772 | acc=0.8950 | NZ=  1388 | sparsity=0.3574 | d_m=2.9197e+04
step  773 | acc=0.8950 | NZ=  1387 | sparsity=0.3579 | d_m=2.8727e+04
step  774 | acc=0.8970 | NZ=  1386 | sparsity=0.3583 | d_m=2.8418e+04
step  775 | acc=0.8970 | NZ=  1385 | sparsity=0.3588 | d_m=2.8121e+04
step  776 | acc=0.8970 | NZ=  1384 | sparsity=0.3593 | d_m=2.7881e+04
step  777 | acc=0.8970 | NZ=  1383 | sparsity=0.3597 | d_m=2.7678e+04
step  778 | acc=0.8970 | NZ=  1382 | sparsity=0.3602 | d_m=2.7506e+04
step  779 | acc=0.8920 | NZ=  1381 | sparsity=0.3606 | d_m=2.8038e+04
step  780 | acc=0.8950 | NZ=  1380 | sparsity=0.3611 | d_m=2.8325e+04
step  781 | acc=0.8970 | NZ=  1379 | sparsity=0.3616 | d_m=2.7842e+04
step  782 | acc=0.8970 | NZ=  1378 | sparsity=0.3620 | d_m=2.7593e+04
step  783 | acc=0.8950 | NZ=  1377 | sparsity=0.3625 | d_m=2.8440e+04
step  784 | acc=0.8960 | NZ=  1376 | sparsity=0.3630 | d_m=2.8141e+04
step  785 | acc=0.8960 | NZ=  1375 | sparsity=0.3634 | d_m=2.9134e+04
step  786 | acc=0.8960 | NZ=  1374 | sparsity=0.3639 | d_m=2.8539e+04
step  787 | acc=0.8940 | NZ=  1373 | sparsity=0.3644 | d_m=2.8371e+04
step  788 | acc=0.8940 | NZ=  1372 | sparsity=0.3648 | d_m=2.8552e+04
step  789 | acc=0.8940 | NZ=  1371 | sparsity=0.3653 | d_m=2.8451e+04
step  790 | acc=0.8930 | NZ=  1370 | sparsity=0.3657 | d_m=2.8511e+04
step  791 | acc=0.8950 | NZ=  1369 | sparsity=0.3662 | d_m=2.8175e+04
step  792 | acc=0.8950 | NZ=  1368 | sparsity=0.3667 | d_m=2.8050e+04
step  793 | acc=0.8960 | NZ=  1367 | sparsity=0.3671 | d_m=2.8080e+04
step  794 | acc=0.8950 | NZ=  1366 | sparsity=0.3676 | d_m=2.7878e+04
step  795 | acc=0.8950 | NZ=  1365 | sparsity=0.3681 | d_m=2.7737e+04
step  796 | acc=0.8940 | NZ=  1364 | sparsity=0.3685 | d_m=2.7616e+04
step  797 | acc=0.8920 | NZ=  1363 | sparsity=0.3690 | d_m=3.3519e+04
step  798 | acc=0.8930 | NZ=  1362 | sparsity=0.3694 | d_m=3.2512e+04
step  799 | acc=0.8920 | NZ=  1361 | sparsity=0.3699 | d_m=3.1952e+04
step  800 | acc=0.8940 | NZ=  1360 | sparsity=0.3704 | d_m=3.1588e+04
step  801 | acc=0.8960 | NZ=  1359 | sparsity=0.3708 | d_m=3.2079e+04
step  802 | acc=0.8960 | NZ=  1358 | sparsity=0.3713 | d_m=3.1613e+04
step  803 | acc=0.8940 | NZ=  1357 | sparsity=0.3718 | d_m=3.1400e+04
step  804 | acc=0.8940 | NZ=  1356 | sparsity=0.3722 | d_m=3.1307e+04
step  805 | acc=0.8920 | NZ=  1355 | sparsity=0.3727 | d_m=3.1124e+04
step  806 | acc=0.8960 | NZ=  1354 | sparsity=0.3731 | d_m=3.2082e+04
step  807 | acc=0.8960 | NZ=  1353 | sparsity=0.3736 | d_m=3.1593e+04
step  808 | acc=0.8960 | NZ=  1352 | sparsity=0.3741 | d_m=3.1218e+04
step  809 | acc=0.8960 | NZ=  1351 | sparsity=0.3745 | d_m=3.0924e+04
step  810 | acc=0.8960 | NZ=  1350 | sparsity=0.3750 | d_m=3.0678e+04
step  811 | acc=0.8970 | NZ=  1349 | sparsity=0.3755 | d_m=3.1003e+04
step  812 | acc=0.8970 | NZ=  1348 | sparsity=0.3759 | d_m=3.0765e+04
step  813 | acc=0.8960 | NZ=  1347 | sparsity=0.3764 | d_m=3.0593e+04
step  814 | acc=0.8960 | NZ=  1346 | sparsity=0.3769 | d_m=3.1308e+04
step  815 | acc=0.8960 | NZ=  1345 | sparsity=0.3773 | d_m=3.0927e+04
step  816 | acc=0.8950 | NZ=  1344 | sparsity=0.3778 | d_m=3.0613e+04
step  817 | acc=0.8980 | NZ=  1343 | sparsity=0.3782 | d_m=3.1901e+04
step  818 | acc=0.8970 | NZ=  1342 | sparsity=0.3787 | d_m=3.1603e+04
step  819 | acc=0.8950 | NZ=  1341 | sparsity=0.3792 | d_m=3.1656e+04
step  820 | acc=0.8950 | NZ=  1340 | sparsity=0.3796 | d_m=3.1330e+04
step  821 | acc=0.8940 | NZ=  1339 | sparsity=0.3801 | d_m=3.7624e+04
step  822 | acc=0.8910 | NZ=  1338 | sparsity=0.3806 | d_m=3.5382e+04
step  823 | acc=0.8930 | NZ=  1337 | sparsity=0.3810 | d_m=3.4383e+04
step  824 | acc=0.8930 | NZ=  1336 | sparsity=0.3815 | d_m=3.3472e+04
step  825 | acc=0.8940 | NZ=  1335 | sparsity=0.3819 | d_m=3.2820e+04
step  826 | acc=0.8920 | NZ=  1334 | sparsity=0.3824 | d_m=3.2643e+04
step  827 | acc=0.8920 | NZ=  1333 | sparsity=0.3829 | d_m=3.2228e+04
step  828 | acc=0.8940 | NZ=  1332 | sparsity=0.3833 | d_m=3.1920e+04
step  829 | acc=0.8960 | NZ=  1331 | sparsity=0.3838 | d_m=3.6252e+04
step  830 | acc=0.8960 | NZ=  1330 | sparsity=0.3843 | d_m=3.5769e+04
step  831 | acc=0.8930 | NZ=  1329 | sparsity=0.3847 | d_m=3.5365e+04
step  832 | acc=0.8950 | NZ=  1328 | sparsity=0.3852 | d_m=3.6950e+04
step  833 | acc=0.8950 | NZ=  1327 | sparsity=0.3856 | d_m=3.6311e+04
step  834 | acc=0.8960 | NZ=  1326 | sparsity=0.3861 | d_m=3.5995e+04
step  835 | acc=0.8970 | NZ=  1325 | sparsity=0.3866 | d_m=3.6064e+04
step  836 | acc=0.8960 | NZ=  1324 | sparsity=0.3870 | d_m=3.5700e+04
step  837 | acc=0.8950 | NZ=  1323 | sparsity=0.3875 | d_m=3.6144e+04
step  838 | acc=0.8880 | NZ=  1322 | sparsity=0.3880 | d_m=3.8843e+04
step  839 | acc=0.8900 | NZ=  1321 | sparsity=0.3884 | d_m=3.8718e+04
step  840 | acc=0.8880 | NZ=  1320 | sparsity=0.3889 | d_m=3.7726e+04
step  841 | acc=0.8910 | NZ=  1319 | sparsity=0.3894 | d_m=3.7084e+04
step  842 | acc=0.8920 | NZ=  1318 | sparsity=0.3898 | d_m=3.6582e+04
step  843 | acc=0.8920 | NZ=  1317 | sparsity=0.3903 | d_m=3.7199e+04
step  844 | acc=0.8940 | NZ=  1316 | sparsity=0.3907 | d_m=3.6603e+04
step  845 | acc=0.8920 | NZ=  1315 | sparsity=0.3912 | d_m=3.6474e+04
step  846 | acc=0.8930 | NZ=  1314 | sparsity=0.3917 | d_m=3.7851e+04
step  847 | acc=0.8930 | NZ=  1313 | sparsity=0.3921 | d_m=3.6954e+04
step  848 | acc=0.8940 | NZ=  1312 | sparsity=0.3926 | d_m=3.6401e+04
step  849 | acc=0.8940 | NZ=  1311 | sparsity=0.3931 | d_m=3.7446e+04
step  850 | acc=0.8970 | NZ=  1310 | sparsity=0.3935 | d_m=3.7995e+04
step  851 | acc=0.8950 | NZ=  1309 | sparsity=0.3940 | d_m=3.7487e+04
step  852 | acc=0.8940 | NZ=  1308 | sparsity=0.3944 | d_m=3.7227e+04
step  853 | acc=0.8940 | NZ=  1307 | sparsity=0.3949 | d_m=3.6970e+04
step  854 | acc=0.8940 | NZ=  1306 | sparsity=0.3954 | d_m=3.6757e+04
step  855 | acc=0.8950 | NZ=  1305 | sparsity=0.3958 | d_m=3.6900e+04
step  856 | acc=0.8940 | NZ=  1304 | sparsity=0.3963 | d_m=3.6702e+04
step  857 | acc=0.8940 | NZ=  1303 | sparsity=0.3968 | d_m=3.6545e+04
step  858 | acc=0.8950 | NZ=  1302 | sparsity=0.3972 | d_m=3.6378e+04
step  859 | acc=0.8950 | NZ=  1301 | sparsity=0.3977 | d_m=3.6227e+04
step  860 | acc=0.8950 | NZ=  1300 | sparsity=0.3981 | d_m=3.6089e+04
step  861 | acc=0.8940 | NZ=  1299 | sparsity=0.3986 | d_m=3.5976e+04
step  862 | acc=0.8960 | NZ=  1298 | sparsity=0.3991 | d_m=3.5863e+04
step  863 | acc=0.8940 | NZ=  1297 | sparsity=0.3995 | d_m=3.5742e+04
step  864 | acc=0.8960 | NZ=  1296 | sparsity=0.4000 | d_m=3.5713e+04
step  865 | acc=0.8950 | NZ=  1295 | sparsity=0.4005 | d_m=3.5632e+04
step  866 | acc=0.8950 | NZ=  1294 | sparsity=0.4009 | d_m=3.5572e+04
step  867 | acc=0.8940 | NZ=  1293 | sparsity=0.4014 | d_m=3.5892e+04
step  868 | acc=0.8930 | NZ=  1292 | sparsity=0.4019 | d_m=3.5693e+04
step  869 | acc=0.8930 | NZ=  1291 | sparsity=0.4023 | d_m=3.5535e+04
step  870 | acc=0.8940 | NZ=  1290 | sparsity=0.4028 | d_m=3.5821e+04
step  871 | acc=0.8940 | NZ=  1289 | sparsity=0.4032 | d_m=3.5631e+04
step  872 | acc=0.8940 | NZ=  1288 | sparsity=0.4037 | d_m=3.5497e+04
step  873 | acc=0.8930 | NZ=  1287 | sparsity=0.4042 | d_m=3.5901e+04
step  874 | acc=0.8930 | NZ=  1286 | sparsity=0.4046 | d_m=3.5702e+04
step  875 | acc=0.8910 | NZ=  1285 | sparsity=0.4051 | d_m=3.5818e+04
step  876 | acc=0.8920 | NZ=  1284 | sparsity=0.4056 | d_m=3.5890e+04
step  877 | acc=0.8930 | NZ=  1283 | sparsity=0.4060 | d_m=3.5814e+04
step  878 | acc=0.8920 | NZ=  1282 | sparsity=0.4065 | d_m=3.5657e+04
step  879 | acc=0.8930 | NZ=  1281 | sparsity=0.4069 | d_m=3.5708e+04
step  880 | acc=0.8920 | NZ=  1280 | sparsity=0.4074 | d_m=3.8221e+04
step  881 | acc=0.8930 | NZ=  1279 | sparsity=0.4079 | d_m=3.7680e+04
step  882 | acc=0.8930 | NZ=  1278 | sparsity=0.4083 | d_m=3.7339e+04
step  883 | acc=0.8910 | NZ=  1277 | sparsity=0.4088 | d_m=3.7766e+04
step  884 | acc=0.8880 | NZ=  1276 | sparsity=0.4093 | d_m=3.7389e+04
step  885 | acc=0.8870 | NZ=  1275 | sparsity=0.4097 | d_m=3.7066e+04
step  886 | acc=0.8890 | NZ=  1274 | sparsity=0.4102 | d_m=3.7092e+04
step  887 | acc=0.8880 | NZ=  1273 | sparsity=0.4106 | d_m=3.6759e+04
step  888 | acc=0.8900 | NZ=  1272 | sparsity=0.4111 | d_m=3.7436e+04
step  889 | acc=0.8900 | NZ=  1271 | sparsity=0.4116 | d_m=3.7222e+04
step  890 | acc=0.8910 | NZ=  1270 | sparsity=0.4120 | d_m=3.7026e+04
step  891 | acc=0.8910 | NZ=  1269 | sparsity=0.4125 | d_m=3.6856e+04
step  892 | acc=0.8900 | NZ=  1268 | sparsity=0.4130 | d_m=3.9012e+04
step  893 | acc=0.8900 | NZ=  1267 | sparsity=0.4134 | d_m=3.8260e+04
step  894 | acc=0.8900 | NZ=  1266 | sparsity=0.4139 | d_m=3.7987e+04
step  895 | acc=0.8890 | NZ=  1265 | sparsity=0.4144 | d_m=3.7621e+04
step  896 | acc=0.8900 | NZ=  1264 | sparsity=0.4148 | d_m=3.7688e+04
step  897 | acc=0.8920 | NZ=  1263 | sparsity=0.4153 | d_m=3.7562e+04
step  898 | acc=0.8910 | NZ=  1262 | sparsity=0.4157 | d_m=3.7298e+04
step  899 | acc=0.8910 | NZ=  1261 | sparsity=0.4162 | d_m=3.7323e+04
step  900 | acc=0.8880 | NZ=  1260 | sparsity=0.4167 | d_m=4.8768e+04
step  901 | acc=0.8890 | NZ=  1259 | sparsity=0.4171 | d_m=4.6918e+04
step  902 | acc=0.8890 | NZ=  1258 | sparsity=0.4176 | d_m=4.5810e+04
step  903 | acc=0.8890 | NZ=  1257 | sparsity=0.4181 | d_m=4.4920e+04
step  904 | acc=0.8890 | NZ=  1256 | sparsity=0.4185 | d_m=4.4122e+04
step  905 | acc=0.8890 | NZ=  1255 | sparsity=0.4190 | d_m=4.6862e+04
step  906 | acc=0.8900 | NZ=  1254 | sparsity=0.4194 | d_m=5.1990e+04
step  907 | acc=0.8900 | NZ=  1253 | sparsity=0.4199 | d_m=4.9969e+04
step  908 | acc=0.8880 | NZ=  1252 | sparsity=0.4204 | d_m=5.0217e+04
step  909 | acc=0.8880 | NZ=  1251 | sparsity=0.4208 | d_m=4.8383e+04
step  910 | acc=0.8850 | NZ=  1250 | sparsity=0.4213 | d_m=4.8929e+04
step  911 | acc=0.8870 | NZ=  1249 | sparsity=0.4218 | d_m=4.8425e+04
step  912 | acc=0.8870 | NZ=  1248 | sparsity=0.4222 | d_m=4.7110e+04
step  913 | acc=0.8880 | NZ=  1247 | sparsity=0.4227 | d_m=4.6080e+04
step  914 | acc=0.8860 | NZ=  1246 | sparsity=0.4231 | d_m=4.7863e+04
step  915 | acc=0.8840 | NZ=  1245 | sparsity=0.4236 | d_m=4.6390e+04
step  916 | acc=0.8820 | NZ=  1244 | sparsity=0.4241 | d_m=4.5292e+04
step  917 | acc=0.8850 | NZ=  1243 | sparsity=0.4245 | d_m=4.4439e+04
step  918 | acc=0.8850 | NZ=  1242 | sparsity=0.4250 | d_m=4.3762e+04
step  919 | acc=0.8830 | NZ=  1241 | sparsity=0.4255 | d_m=4.3402e+04
step  920 | acc=0.8830 | NZ=  1240 | sparsity=0.4259 | d_m=4.2867e+04
step  921 | acc=0.8820 | NZ=  1239 | sparsity=0.4264 | d_m=4.2439e+04
step  922 | acc=0.8800 | NZ=  1238 | sparsity=0.4269 | d_m=5.3304e+04
step  923 | acc=0.8780 | NZ=  1237 | sparsity=0.4273 | d_m=5.1437e+04
step  924 | acc=0.8780 | NZ=  1236 | sparsity=0.4278 | d_m=5.0084e+04
step  925 | acc=0.8780 | NZ=  1235 | sparsity=0.4282 | d_m=4.8990e+04
step  926 | acc=0.8800 | NZ=  1234 | sparsity=0.4287 | d_m=4.8063e+04
step  927 | acc=0.8780 | NZ=  1233 | sparsity=0.4292 | d_m=5.2759e+04
step  928 | acc=0.8790 | NZ=  1232 | sparsity=0.4296 | d_m=5.0178e+04
step  929 | acc=0.8790 | NZ=  1231 | sparsity=0.4301 | d_m=4.9361e+04
step  930 | acc=0.8800 | NZ=  1230 | sparsity=0.4306 | d_m=4.8628e+04
step  931 | acc=0.8810 | NZ=  1229 | sparsity=0.4310 | d_m=4.7616e+04
step  932 | acc=0.8710 | NZ=  1228 | sparsity=0.4315 | d_m=5.8543e+04
step  933 | acc=0.8780 | NZ=  1227 | sparsity=0.4319 | d_m=5.3507e+04
step  934 | acc=0.8780 | NZ=  1226 | sparsity=0.4324 | d_m=5.1189e+04
step  935 | acc=0.8790 | NZ=  1225 | sparsity=0.4329 | d_m=4.9780e+04
step  936 | acc=0.8780 | NZ=  1224 | sparsity=0.4333 | d_m=4.8731e+04
step  937 | acc=0.8770 | NZ=  1223 | sparsity=0.4338 | d_m=4.7912e+04
step  938 | acc=0.8770 | NZ=  1222 | sparsity=0.4343 | d_m=4.7224e+04
step  939 | acc=0.8760 | NZ=  1221 | sparsity=0.4347 | d_m=4.6644e+04
step  940 | acc=0.8770 | NZ=  1220 | sparsity=0.4352 | d_m=4.6134e+04
step  941 | acc=0.8770 | NZ=  1219 | sparsity=0.4356 | d_m=4.5684e+04
step  942 | acc=0.8780 | NZ=  1218 | sparsity=0.4361 | d_m=4.5282e+04
step  943 | acc=0.8780 | NZ=  1217 | sparsity=0.4366 | d_m=4.4923e+04
step  944 | acc=0.8770 | NZ=  1216 | sparsity=0.4370 | d_m=4.4596e+04
step  945 | acc=0.8770 | NZ=  1215 | sparsity=0.4375 | d_m=4.4298e+04
step  946 | acc=0.8770 | NZ=  1214 | sparsity=0.4380 | d_m=4.4027e+04
step  947 | acc=0.8770 | NZ=  1213 | sparsity=0.4384 | d_m=4.3779e+04
step  948 | acc=0.8770 | NZ=  1212 | sparsity=0.4389 | d_m=4.3546e+04
step  949 | acc=0.8760 | NZ=  1211 | sparsity=0.4394 | d_m=4.3333e+04
step  950 | acc=0.8760 | NZ=  1210 | sparsity=0.4398 | d_m=4.5977e+04
step  951 | acc=0.8760 | NZ=  1209 | sparsity=0.4403 | d_m=4.4971e+04
step  952 | acc=0.8760 | NZ=  1208 | sparsity=0.4407 | d_m=4.4334e+04
step  953 | acc=0.8760 | NZ=  1207 | sparsity=0.4412 | d_m=4.3890e+04
step  954 | acc=0.8780 | NZ=  1206 | sparsity=0.4417 | d_m=4.9803e+04
step  955 | acc=0.8800 | NZ=  1205 | sparsity=0.4421 | d_m=4.7200e+04
step  956 | acc=0.8780 | NZ=  1204 | sparsity=0.4426 | d_m=4.5746e+04
step  957 | acc=0.8760 | NZ=  1203 | sparsity=0.4431 | d_m=4.5179e+04
step  958 | acc=0.8760 | NZ=  1202 | sparsity=0.4435 | d_m=4.4621e+04
step  959 | acc=0.8770 | NZ=  1201 | sparsity=0.4440 | d_m=4.4229e+04
step  960 | acc=0.8780 | NZ=  1200 | sparsity=0.4444 | d_m=4.4045e+04
step  961 | acc=0.8780 | NZ=  1199 | sparsity=0.4449 | d_m=4.3822e+04
step  962 | acc=0.8780 | NZ=  1198 | sparsity=0.4454 | d_m=4.3635e+04
step  963 | acc=0.8760 | NZ=  1197 | sparsity=0.4458 | d_m=4.3491e+04
step  964 | acc=0.8760 | NZ=  1196 | sparsity=0.4463 | d_m=4.3415e+04
step  965 | acc=0.8760 | NZ=  1195 | sparsity=0.4468 | d_m=4.3268e+04
step  966 | acc=0.8760 | NZ=  1194 | sparsity=0.4472 | d_m=4.3136e+04
step  967 | acc=0.8750 | NZ=  1193 | sparsity=0.4477 | d_m=4.3789e+04
step  968 | acc=0.8750 | NZ=  1192 | sparsity=0.4481 | d_m=4.3523e+04
step  969 | acc=0.8750 | NZ=  1191 | sparsity=0.4486 | d_m=4.3773e+04
step  970 | acc=0.8720 | NZ=  1190 | sparsity=0.4491 | d_m=4.3703e+04
step  971 | acc=0.8730 | NZ=  1189 | sparsity=0.4495 | d_m=4.3432e+04
step  972 | acc=0.8740 | NZ=  1188 | sparsity=0.4500 | d_m=4.4049e+04
step  973 | acc=0.8740 | NZ=  1187 | sparsity=0.4505 | d_m=4.4327e+04
step  974 | acc=0.8760 | NZ=  1186 | sparsity=0.4509 | d_m=4.4547e+04
step  975 | acc=0.8750 | NZ=  1185 | sparsity=0.4514 | d_m=4.7233e+04
step  976 | acc=0.8770 | NZ=  1184 | sparsity=0.4519 | d_m=4.5755e+04
step  977 | acc=0.8760 | NZ=  1183 | sparsity=0.4523 | d_m=4.5008e+04
step  978 | acc=0.8760 | NZ=  1182 | sparsity=0.4528 | d_m=4.4494e+04
step  979 | acc=0.8740 | NZ=  1181 | sparsity=0.4532 | d_m=4.4258e+04
step  980 | acc=0.8750 | NZ=  1180 | sparsity=0.4537 | d_m=4.4024e+04
step  981 | acc=0.8750 | NZ=  1179 | sparsity=0.4542 | d_m=4.3831e+04
step  982 | acc=0.8750 | NZ=  1178 | sparsity=0.4546 | d_m=4.3692e+04
step  983 | acc=0.8750 | NZ=  1177 | sparsity=0.4551 | d_m=4.7663e+04
step  984 | acc=0.8740 | NZ=  1176 | sparsity=0.4556 | d_m=4.6178e+04
step  985 | acc=0.8740 | NZ=  1175 | sparsity=0.4560 | d_m=4.5809e+04
step  986 | acc=0.8740 | NZ=  1174 | sparsity=0.4565 | d_m=4.5137e+04
step  987 | acc=0.8720 | NZ=  1173 | sparsity=0.4569 | d_m=4.4683e+04
step  988 | acc=0.8720 | NZ=  1172 | sparsity=0.4574 | d_m=4.4547e+04
step  989 | acc=0.8740 | NZ=  1171 | sparsity=0.4579 | d_m=4.4344e+04
step  990 | acc=0.8730 | NZ=  1170 | sparsity=0.4583 | d_m=4.4086e+04
step  991 | acc=0.8740 | NZ=  1169 | sparsity=0.4588 | d_m=4.3869e+04
step  992 | acc=0.8720 | NZ=  1168 | sparsity=0.4593 | d_m=4.4042e+04
step  993 | acc=0.8640 | NZ=  1167 | sparsity=0.4597 | d_m=4.5311e+04
step  994 | acc=0.8620 | NZ=  1166 | sparsity=0.4602 | d_m=4.5965e+04
step  995 | acc=0.8630 | NZ=  1165 | sparsity=0.4606 | d_m=4.5261e+04
step  996 | acc=0.8640 | NZ=  1164 | sparsity=0.4611 | d_m=4.4799e+04
step  997 | acc=0.8650 | NZ=  1163 | sparsity=0.4616 | d_m=4.4463e+04
step  998 | acc=0.8660 | NZ=  1162 | sparsity=0.4620 | d_m=4.4205e+04
step  999 | acc=0.8650 | NZ=  1161 | sparsity=0.4625 | d_m=4.3991e+04
step 1000 | acc=0.8660 | NZ=  1160 | sparsity=0.4630 | d_m=4.4194e+04
step 1001 | acc=0.8660 | NZ=  1159 | sparsity=0.4634 | d_m=4.3941e+04
step 1002 | acc=0.8660 | NZ=  1158 | sparsity=0.4639 | d_m=4.4483e+04
step 1003 | acc=0.8670 | NZ=  1157 | sparsity=0.4644 | d_m=4.4142e+04
step 1004 | acc=0.8670 | NZ=  1156 | sparsity=0.4648 | d_m=4.3925e+04
step 1005 | acc=0.8670 | NZ=  1155 | sparsity=0.4653 | d_m=4.3759e+04
step 1006 | acc=0.8650 | NZ=  1154 | sparsity=0.4657 | d_m=4.7912e+04
step 1007 | acc=0.8650 | NZ=  1153 | sparsity=0.4662 | d_m=4.7637e+04
step 1008 | acc=0.8640 | NZ=  1152 | sparsity=0.4667 | d_m=4.7733e+04
step 1009 | acc=0.8640 | NZ=  1151 | sparsity=0.4671 | d_m=4.7568e+04
step 1010 | acc=0.8650 | NZ=  1150 | sparsity=0.4676 | d_m=4.7434e+04
step 1011 | acc=0.8650 | NZ=  1149 | sparsity=0.4681 | d_m=4.7317e+04
step 1012 | acc=0.8650 | NZ=  1148 | sparsity=0.4685 | d_m=4.7212e+04
step 1013 | acc=0.8670 | NZ=  1147 | sparsity=0.4690 | d_m=4.7468e+04
step 1014 | acc=0.8650 | NZ=  1146 | sparsity=0.4694 | d_m=4.7872e+04
step 1015 | acc=0.8640 | NZ=  1145 | sparsity=0.4699 | d_m=4.7632e+04
step 1016 | acc=0.8650 | NZ=  1144 | sparsity=0.4704 | d_m=4.7424e+04
step 1017 | acc=0.8650 | NZ=  1143 | sparsity=0.4708 | d_m=4.7258e+04
step 1018 | acc=0.8660 | NZ=  1142 | sparsity=0.4713 | d_m=4.7113e+04
step 1019 | acc=0.8660 | NZ=  1141 | sparsity=0.4718 | d_m=4.6985e+04
step 1020 | acc=0.8670 | NZ=  1140 | sparsity=0.4722 | d_m=4.6873e+04
step 1021 | acc=0.8680 | NZ=  1139 | sparsity=0.4727 | d_m=4.7471e+04
step 1022 | acc=0.8670 | NZ=  1138 | sparsity=0.4731 | d_m=4.7262e+04
step 1023 | acc=0.8680 | NZ=  1137 | sparsity=0.4736 | d_m=4.7395e+04
step 1024 | acc=0.8680 | NZ=  1136 | sparsity=0.4741 | d_m=4.7275e+04
step 1025 | acc=0.8670 | NZ=  1135 | sparsity=0.4745 | d_m=4.7200e+04
step 1026 | acc=0.8680 | NZ=  1134 | sparsity=0.4750 | d_m=4.7043e+04
step 1027 | acc=0.8680 | NZ=  1133 | sparsity=0.4755 | d_m=4.8555e+04
step 1028 | acc=0.8650 | NZ=  1132 | sparsity=0.4759 | d_m=4.8580e+04
step 1029 | acc=0.8630 | NZ=  1131 | sparsity=0.4764 | d_m=4.8149e+04
step 1030 | acc=0.8620 | NZ=  1130 | sparsity=0.4769 | d_m=4.7950e+04
step 1031 | acc=0.8620 | NZ=  1129 | sparsity=0.4773 | d_m=4.7774e+04
step 1032 | acc=0.8640 | NZ=  1128 | sparsity=0.4778 | d_m=4.7755e+04
step 1033 | acc=0.8610 | NZ=  1127 | sparsity=0.4782 | d_m=4.8322e+04
step 1034 | acc=0.8610 | NZ=  1126 | sparsity=0.4787 | d_m=4.8086e+04
step 1035 | acc=0.8600 | NZ=  1125 | sparsity=0.4792 | d_m=4.7991e+04
step 1036 | acc=0.8600 | NZ=  1124 | sparsity=0.4796 | d_m=4.7836e+04
step 1037 | acc=0.8610 | NZ=  1123 | sparsity=0.4801 | d_m=4.7707e+04
step 1038 | acc=0.8620 | NZ=  1122 | sparsity=0.4806 | d_m=4.7592e+04
step 1039 | acc=0.8620 | NZ=  1121 | sparsity=0.4810 | d_m=4.7490e+04
step 1040 | acc=0.8610 | NZ=  1120 | sparsity=0.4815 | d_m=4.8305e+04
step 1041 | acc=0.8610 | NZ=  1119 | sparsity=0.4819 | d_m=4.7954e+04
step 1042 | acc=0.8630 | NZ=  1118 | sparsity=0.4824 | d_m=4.7701e+04
step 1043 | acc=0.8630 | NZ=  1117 | sparsity=0.4829 | d_m=4.7503e+04
step 1044 | acc=0.8630 | NZ=  1116 | sparsity=0.4833 | d_m=4.7344e+04
step 1045 | acc=0.8640 | NZ=  1115 | sparsity=0.4838 | d_m=4.7225e+04
step 1046 | acc=0.8640 | NZ=  1114 | sparsity=0.4843 | d_m=4.7108e+04
step 1047 | acc=0.8630 | NZ=  1113 | sparsity=0.4847 | d_m=4.7009e+04
step 1048 | acc=0.8630 | NZ=  1112 | sparsity=0.4852 | d_m=4.6921e+04
step 1049 | acc=0.8600 | NZ=  1111 | sparsity=0.4856 | d_m=4.7103e+04
step 1050 | acc=0.8600 | NZ=  1110 | sparsity=0.4861 | d_m=4.6982e+04
step 1051 | acc=0.8610 | NZ=  1109 | sparsity=0.4866 | d_m=4.6891e+04
step 1052 | acc=0.8610 | NZ=  1108 | sparsity=0.4870 | d_m=4.6809e+04
step 1053 | acc=0.8610 | NZ=  1107 | sparsity=0.4875 | d_m=4.6750e+04
step 1054 | acc=0.8610 | NZ=  1106 | sparsity=0.4880 | d_m=4.6678e+04
step 1055 | acc=0.8620 | NZ=  1105 | sparsity=0.4884 | d_m=4.6614e+04
step 1056 | acc=0.8610 | NZ=  1104 | sparsity=0.4889 | d_m=4.6569e+04
step 1057 | acc=0.8610 | NZ=  1103 | sparsity=0.4894 | d_m=4.6506e+04
step 1058 | acc=0.8610 | NZ=  1102 | sparsity=0.4898 | d_m=4.6449e+04
step 1059 | acc=0.8670 | NZ=  1101 | sparsity=0.4903 | d_m=5.2232e+04
step 1060 | acc=0.8680 | NZ=  1100 | sparsity=0.4907 | d_m=5.1695e+04
step 1061 | acc=0.8690 | NZ=  1099 | sparsity=0.4912 | d_m=5.4554e+04
step 1062 | acc=0.8680 | NZ=  1098 | sparsity=0.4917 | d_m=5.3377e+04
step 1063 | acc=0.8650 | NZ=  1097 | sparsity=0.4921 | d_m=5.2507e+04
step 1064 | acc=0.8660 | NZ=  1096 | sparsity=0.4926 | d_m=5.1846e+04
step 1065 | acc=0.8670 | NZ=  1095 | sparsity=0.4931 | d_m=5.1703e+04
step 1066 | acc=0.8670 | NZ=  1094 | sparsity=0.4935 | d_m=5.3144e+04
step 1067 | acc=0.8650 | NZ=  1093 | sparsity=0.4940 | d_m=5.2324e+04
step 1068 | acc=0.8560 | NZ=  1092 | sparsity=0.4944 | d_m=5.8446e+04
step 1069 | acc=0.8560 | NZ=  1091 | sparsity=0.4949 | d_m=5.8117e+04
step 1070 | acc=0.8580 | NZ=  1090 | sparsity=0.4954 | d_m=5.6677e+04
step 1071 | acc=0.8580 | NZ=  1089 | sparsity=0.4958 | d_m=5.5672e+04
step 1072 | acc=0.8570 | NZ=  1088 | sparsity=0.4963 | d_m=5.4907e+04
step 1073 | acc=0.8550 | NZ=  1087 | sparsity=0.4968 | d_m=5.5018e+04
step 1074 | acc=0.8580 | NZ=  1086 | sparsity=0.4972 | d_m=5.4359e+04
step 1075 | acc=0.8570 | NZ=  1085 | sparsity=0.4977 | d_m=5.3837e+04
step 1076 | acc=0.8570 | NZ=  1084 | sparsity=0.4981 | d_m=5.3391e+04
step 1077 | acc=0.8570 | NZ=  1083 | sparsity=0.4986 | d_m=5.3000e+04
step 1078 | acc=0.8580 | NZ=  1082 | sparsity=0.4991 | d_m=5.3518e+04
step 1079 | acc=0.8590 | NZ=  1081 | sparsity=0.4995 | d_m=5.2899e+04
step 1080 | acc=0.8600 | NZ=  1080 | sparsity=0.5000 | d_m=5.2446e+04
step 1081 | acc=0.8590 | NZ=  1079 | sparsity=0.5005 | d_m=5.2140e+04
step 1082 | acc=0.8580 | NZ=  1078 | sparsity=0.5009 | d_m=5.2534e+04
step 1083 | acc=0.8590 | NZ=  1077 | sparsity=0.5014 | d_m=5.2168e+04
step 1084 | acc=0.8580 | NZ=  1076 | sparsity=0.5019 | d_m=5.1900e+04
step 1085 | acc=0.8590 | NZ=  1075 | sparsity=0.5023 | d_m=5.1679e+04
step 1086 | acc=0.8590 | NZ=  1074 | sparsity=0.5028 | d_m=5.1520e+04
step 1087 | acc=0.8600 | NZ=  1073 | sparsity=0.5032 | d_m=5.2072e+04
step 1088 | acc=0.8570 | NZ=  1072 | sparsity=0.5037 | d_m=5.2658e+04
step 1089 | acc=0.8570 | NZ=  1071 | sparsity=0.5042 | d_m=5.2177e+04
step 1090 | acc=0.8560 | NZ=  1070 | sparsity=0.5046 | d_m=5.1826e+04
step 1091 | acc=0.8560 | NZ=  1069 | sparsity=0.5051 | d_m=5.1545e+04
step 1092 | acc=0.8590 | NZ=  1068 | sparsity=0.5056 | d_m=5.2448e+04
step 1093 | acc=0.8580 | NZ=  1067 | sparsity=0.5060 | d_m=5.1853e+04
step 1094 | acc=0.8580 | NZ=  1066 | sparsity=0.5065 | d_m=5.1514e+04
step 1095 | acc=0.8580 | NZ=  1065 | sparsity=0.5069 | d_m=5.1971e+04
step 1096 | acc=0.8580 | NZ=  1064 | sparsity=0.5074 | d_m=5.1677e+04
step 1097 | acc=0.8590 | NZ=  1063 | sparsity=0.5079 | d_m=5.1514e+04
step 1098 | acc=0.8600 | NZ=  1062 | sparsity=0.5083 | d_m=5.1389e+04
step 1099 | acc=0.8590 | NZ=  1061 | sparsity=0.5088 | d_m=5.1245e+04
step 1100 | acc=0.8590 | NZ=  1060 | sparsity=0.5093 | d_m=5.1117e+04
step 1101 | acc=0.8580 | NZ=  1059 | sparsity=0.5097 | d_m=5.1000e+04
step 1102 | acc=0.8620 | NZ=  1058 | sparsity=0.5102 | d_m=5.1228e+04
step 1103 | acc=0.8630 | NZ=  1057 | sparsity=0.5106 | d_m=5.1073e+04
step 1104 | acc=0.8630 | NZ=  1056 | sparsity=0.5111 | d_m=5.0944e+04
step 1105 | acc=0.8650 | NZ=  1055 | sparsity=0.5116 | d_m=5.2061e+04
step 1106 | acc=0.8600 | NZ=  1054 | sparsity=0.5120 | d_m=5.3694e+04
step 1107 | acc=0.8590 | NZ=  1053 | sparsity=0.5125 | d_m=5.2963e+04
step 1108 | acc=0.8590 | NZ=  1052 | sparsity=0.5130 | d_m=5.2536e+04
step 1109 | acc=0.8600 | NZ=  1051 | sparsity=0.5134 | d_m=5.2256e+04
step 1110 | acc=0.8600 | NZ=  1050 | sparsity=0.5139 | d_m=5.2225e+04
step 1111 | acc=0.8580 | NZ=  1049 | sparsity=0.5144 | d_m=5.2018e+04
step 1112 | acc=0.8600 | NZ=  1048 | sparsity=0.5148 | d_m=5.1968e+04
step 1113 | acc=0.8590 | NZ=  1047 | sparsity=0.5153 | d_m=5.2544e+04
step 1114 | acc=0.8590 | NZ=  1046 | sparsity=0.5157 | d_m=5.2603e+04
step 1115 | acc=0.8440 | NZ=  1045 | sparsity=0.5162 | d_m=8.5955e+04
step 1116 | acc=0.8480 | NZ=  1044 | sparsity=0.5167 | d_m=7.6607e+04
step 1117 | acc=0.8470 | NZ=  1043 | sparsity=0.5171 | d_m=7.2118e+04
step 1118 | acc=0.8460 | NZ=  1042 | sparsity=0.5176 | d_m=6.9486e+04
step 1119 | acc=0.8470 | NZ=  1041 | sparsity=0.5181 | d_m=6.7308e+04
step 1120 | acc=0.8460 | NZ=  1040 | sparsity=0.5185 | d_m=6.5216e+04
step 1121 | acc=0.8520 | NZ=  1039 | sparsity=0.5190 | d_m=6.4627e+04
step 1122 | acc=0.8510 | NZ=  1038 | sparsity=0.5194 | d_m=7.1127e+04
step 1123 | acc=0.8510 | NZ=  1037 | sparsity=0.5199 | d_m=6.8110e+04
step 1124 | acc=0.8500 | NZ=  1036 | sparsity=0.5204 | d_m=6.6325e+04
step 1125 | acc=0.8520 | NZ=  1035 | sparsity=0.5208 | d_m=6.7428e+04
step 1126 | acc=0.8490 | NZ=  1034 | sparsity=0.5213 | d_m=7.4538e+04
step 1127 | acc=0.8530 | NZ=  1033 | sparsity=0.5218 | d_m=7.0119e+04
step 1128 | acc=0.8540 | NZ=  1032 | sparsity=0.5222 | d_m=6.7886e+04
step 1129 | acc=0.8540 | NZ=  1031 | sparsity=0.5227 | d_m=6.8170e+04
step 1130 | acc=0.8520 | NZ=  1030 | sparsity=0.5231 | d_m=6.6629e+04
step 1131 | acc=0.8520 | NZ=  1029 | sparsity=0.5236 | d_m=6.6254e+04
step 1132 | acc=0.8540 | NZ=  1028 | sparsity=0.5241 | d_m=6.5087e+04
step 1133 | acc=0.8510 | NZ=  1027 | sparsity=0.5245 | d_m=6.5183e+04
step 1134 | acc=0.8530 | NZ=  1026 | sparsity=0.5250 | d_m=6.4451e+04
step 1135 | acc=0.8500 | NZ=  1025 | sparsity=0.5255 | d_m=6.3902e+04
step 1136 | acc=0.8490 | NZ=  1024 | sparsity=0.5259 | d_m=6.3725e+04
step 1137 | acc=0.8500 | NZ=  1023 | sparsity=0.5264 | d_m=6.3191e+04
step 1138 | acc=0.8480 | NZ=  1022 | sparsity=0.5269 | d_m=6.3110e+04
step 1139 | acc=0.8490 | NZ=  1021 | sparsity=0.5273 | d_m=6.3520e+04
step 1140 | acc=0.8470 | NZ=  1020 | sparsity=0.5278 | d_m=6.6433e+04
step 1141 | acc=0.8470 | NZ=  1019 | sparsity=0.5282 | d_m=6.5338e+04
step 1142 | acc=0.8470 | NZ=  1018 | sparsity=0.5287 | d_m=6.6274e+04
step 1143 | acc=0.8450 | NZ=  1017 | sparsity=0.5292 | d_m=6.4872e+04
step 1144 | acc=0.8440 | NZ=  1016 | sparsity=0.5296 | d_m=6.4491e+04
step 1145 | acc=0.8430 | NZ=  1015 | sparsity=0.5301 | d_m=6.4079e+04
step 1146 | acc=0.8430 | NZ=  1014 | sparsity=0.5306 | d_m=6.3487e+04
step 1147 | acc=0.8440 | NZ=  1013 | sparsity=0.5310 | d_m=6.3045e+04
step 1148 | acc=0.8440 | NZ=  1012 | sparsity=0.5315 | d_m=6.2681e+04
step 1149 | acc=0.8430 | NZ=  1011 | sparsity=0.5319 | d_m=6.2372e+04
step 1150 | acc=0.8430 | NZ=  1010 | sparsity=0.5324 | d_m=6.2103e+04
step 1151 | acc=0.8430 | NZ=  1009 | sparsity=0.5329 | d_m=6.1867e+04
step 1152 | acc=0.8420 | NZ=  1008 | sparsity=0.5333 | d_m=6.1654e+04
step 1153 | acc=0.8420 | NZ=  1007 | sparsity=0.5338 | d_m=6.1459e+04
step 1154 | acc=0.8410 | NZ=  1006 | sparsity=0.5343 | d_m=6.1279e+04
step 1155 | acc=0.8400 | NZ=  1005 | sparsity=0.5347 | d_m=6.1114e+04
step 1156 | acc=0.8390 | NZ=  1004 | sparsity=0.5352 | d_m=6.1021e+04
step 1157 | acc=0.8370 | NZ=  1003 | sparsity=0.5356 | d_m=6.1594e+04
step 1158 | acc=0.8370 | NZ=  1002 | sparsity=0.5361 | d_m=6.1247e+04
step 1159 | acc=0.8370 | NZ=  1001 | sparsity=0.5366 | d_m=6.1028e+04
step 1160 | acc=0.8370 | NZ=  1000 | sparsity=0.5370 | d_m=6.0801e+04
step 1161 | acc=0.8390 | NZ=   999 | sparsity=0.5375 | d_m=6.3310e+04
step 1162 | acc=0.8310 | NZ=   998 | sparsity=0.5380 | d_m=6.4635e+04
step 1163 | acc=0.8510 | NZ=   997 | sparsity=0.5384 | d_m=8.0094e+04
step 1164 | acc=0.8510 | NZ=   996 | sparsity=0.5389 | d_m=7.4752e+04
step 1165 | acc=0.8500 | NZ=   995 | sparsity=0.5394 | d_m=7.2232e+04
step 1166 | acc=0.8460 | NZ=   994 | sparsity=0.5398 | d_m=7.0197e+04
step 1167 | acc=0.8420 | NZ=   993 | sparsity=0.5403 | d_m=7.3173e+04
step 1168 | acc=0.8420 | NZ=   992 | sparsity=0.5407 | d_m=7.1200e+04
step 1169 | acc=0.8440 | NZ=   991 | sparsity=0.5412 | d_m=6.9727e+04
step 1170 | acc=0.8400 | NZ=   990 | sparsity=0.5417 | d_m=6.8633e+04
step 1171 | acc=0.8360 | NZ=   989 | sparsity=0.5421 | d_m=6.9174e+04
step 1172 | acc=0.8360 | NZ=   988 | sparsity=0.5426 | d_m=6.8284e+04
step 1173 | acc=0.8350 | NZ=   987 | sparsity=0.5431 | d_m=6.7588e+04
step 1174 | acc=0.8350 | NZ=   986 | sparsity=0.5435 | d_m=6.7396e+04
step 1175 | acc=0.8340 | NZ=   985 | sparsity=0.5440 | d_m=6.6983e+04
step 1176 | acc=0.8320 | NZ=   984 | sparsity=0.5444 | d_m=7.1471e+04
step 1177 | acc=0.8300 | NZ=   983 | sparsity=0.5449 | d_m=7.0325e+04
step 1178 | acc=0.8300 | NZ=   982 | sparsity=0.5454 | d_m=6.9504e+04
step 1179 | acc=0.8260 | NZ=   981 | sparsity=0.5458 | d_m=6.9483e+04
step 1180 | acc=0.8250 | NZ=   980 | sparsity=0.5463 | d_m=7.4262e+04
step 1181 | acc=0.8280 | NZ=   979 | sparsity=0.5468 | d_m=7.1761e+04
step 1182 | acc=0.8270 | NZ=   978 | sparsity=0.5472 | d_m=7.0745e+04
step 1183 | acc=0.8300 | NZ=   977 | sparsity=0.5477 | d_m=7.0055e+04
step 1184 | acc=0.8290 | NZ=   976 | sparsity=0.5481 | d_m=6.9341e+04
step 1185 | acc=0.8320 | NZ=   975 | sparsity=0.5486 | d_m=7.2008e+04
step 1186 | acc=0.8320 | NZ=   974 | sparsity=0.5491 | d_m=7.0982e+04
step 1187 | acc=0.8370 | NZ=   973 | sparsity=0.5495 | d_m=7.3391e+04
step 1188 | acc=0.8350 | NZ=   972 | sparsity=0.5500 | d_m=7.1489e+04
step 1189 | acc=0.8340 | NZ=   971 | sparsity=0.5505 | d_m=7.1261e+04
step 1190 | acc=0.8330 | NZ=   970 | sparsity=0.5509 | d_m=7.0384e+04
step 1191 | acc=0.8330 | NZ=   969 | sparsity=0.5514 | d_m=6.9839e+04
step 1192 | acc=0.8340 | NZ=   968 | sparsity=0.5519 | d_m=6.9498e+04
step 1193 | acc=0.8340 | NZ=   967 | sparsity=0.5523 | d_m=6.9229e+04
step 1194 | acc=0.8340 | NZ=   966 | sparsity=0.5528 | d_m=6.8965e+04
step 1195 | acc=0.8340 | NZ=   965 | sparsity=0.5532 | d_m=6.8736e+04
step 1196 | acc=0.8350 | NZ=   964 | sparsity=0.5537 | d_m=6.8535e+04
step 1197 | acc=0.8350 | NZ=   963 | sparsity=0.5542 | d_m=6.8352e+04
step 1198 | acc=0.8350 | NZ=   962 | sparsity=0.5546 | d_m=6.8185e+04
step 1199 | acc=0.8330 | NZ=   961 | sparsity=0.5551 | d_m=6.9914e+04
step 1200 | acc=0.8320 | NZ=   960 | sparsity=0.5556 | d_m=6.9433e+04
step 1201 | acc=0.8330 | NZ=   959 | sparsity=0.5560 | d_m=7.5047e+04
step 1202 | acc=0.8310 | NZ=   958 | sparsity=0.5565 | d_m=7.3975e+04
step 1203 | acc=0.8310 | NZ=   957 | sparsity=0.5569 | d_m=7.3090e+04
step 1204 | acc=0.8310 | NZ=   956 | sparsity=0.5574 | d_m=7.2500e+04
step 1205 | acc=0.8350 | NZ=   955 | sparsity=0.5579 | d_m=8.3052e+04
step 1206 | acc=0.8290 | NZ=   954 | sparsity=0.5583 | d_m=7.9370e+04
step 1207 | acc=0.8240 | NZ=   953 | sparsity=0.5588 | d_m=7.7190e+04
step 1208 | acc=0.8240 | NZ=   952 | sparsity=0.5593 | d_m=7.9393e+04
step 1209 | acc=0.8240 | NZ=   951 | sparsity=0.5597 | d_m=7.9127e+04
step 1210 | acc=0.8250 | NZ=   950 | sparsity=0.5602 | d_m=7.8720e+04
step 1211 | acc=0.8240 | NZ=   949 | sparsity=0.5606 | d_m=7.7936e+04
step 1212 | acc=0.8220 | NZ=   948 | sparsity=0.5611 | d_m=7.7874e+04
step 1213 | acc=0.8200 | NZ=   947 | sparsity=0.5616 | d_m=7.7279e+04
step 1214 | acc=0.8210 | NZ=   946 | sparsity=0.5620 | d_m=7.7053e+04
step 1215 | acc=0.8210 | NZ=   945 | sparsity=0.5625 | d_m=7.6477e+04
step 1216 | acc=0.8200 | NZ=   944 | sparsity=0.5630 | d_m=7.7007e+04
step 1217 | acc=0.8200 | NZ=   943 | sparsity=0.5634 | d_m=7.6955e+04
step 1218 | acc=0.8230 | NZ=   942 | sparsity=0.5639 | d_m=8.0209e+04
step 1219 | acc=0.8220 | NZ=   941 | sparsity=0.5644 | d_m=7.9682e+04
step 1220 | acc=0.8230 | NZ=   940 | sparsity=0.5648 | d_m=7.9580e+04
step 1221 | acc=0.8220 | NZ=   939 | sparsity=0.5653 | d_m=7.9336e+04
step 1222 | acc=0.8200 | NZ=   938 | sparsity=0.5657 | d_m=8.1368e+04
step 1223 | acc=0.8180 | NZ=   937 | sparsity=0.5662 | d_m=8.0703e+04
step 1224 | acc=0.8200 | NZ=   936 | sparsity=0.5667 | d_m=8.0432e+04
step 1225 | acc=0.8190 | NZ=   935 | sparsity=0.5671 | d_m=8.0019e+04
step 1226 | acc=0.8180 | NZ=   934 | sparsity=0.5676 | d_m=7.9701e+04
step 1227 | acc=0.8180 | NZ=   933 | sparsity=0.5681 | d_m=7.9548e+04
step 1228 | acc=0.8180 | NZ=   932 | sparsity=0.5685 | d_m=8.0199e+04
step 1229 | acc=0.8170 | NZ=   931 | sparsity=0.5690 | d_m=7.9834e+04
step 1230 | acc=0.8160 | NZ=   930 | sparsity=0.5694 | d_m=7.9572e+04
step 1231 | acc=0.8170 | NZ=   929 | sparsity=0.5699 | d_m=7.9362e+04
step 1232 | acc=0.8170 | NZ=   928 | sparsity=0.5704 | d_m=7.9168e+04
step 1233 | acc=0.8170 | NZ=   927 | sparsity=0.5708 | d_m=8.0307e+04
step 1234 | acc=0.8170 | NZ=   926 | sparsity=0.5713 | d_m=8.0009e+04
step 1235 | acc=0.8170 | NZ=   925 | sparsity=0.5718 | d_m=7.9813e+04
step 1236 | acc=0.8170 | NZ=   924 | sparsity=0.5722 | d_m=7.9631e+04
step 1237 | acc=0.8170 | NZ=   923 | sparsity=0.5727 | d_m=7.9834e+04
step 1238 | acc=0.8160 | NZ=   922 | sparsity=0.5731 | d_m=7.9744e+04
step 1239 | acc=0.8150 | NZ=   921 | sparsity=0.5736 | d_m=7.9676e+04
step 1240 | acc=0.8140 | NZ=   920 | sparsity=0.5741 | d_m=7.9471e+04
step 1241 | acc=0.8120 | NZ=   919 | sparsity=0.5745 | d_m=7.9308e+04
step 1242 | acc=0.8110 | NZ=   918 | sparsity=0.5750 | d_m=7.9164e+04
step 1243 | acc=0.8100 | NZ=   917 | sparsity=0.5755 | d_m=7.9031e+04
step 1244 | acc=0.8100 | NZ=   916 | sparsity=0.5759 | d_m=7.8923e+04
step 1245 | acc=0.8120 | NZ=   915 | sparsity=0.5764 | d_m=7.9114e+04
step 1246 | acc=0.8110 | NZ=   914 | sparsity=0.5769 | d_m=7.8869e+04
step 1247 | acc=0.8100 | NZ=   913 | sparsity=0.5773 | d_m=7.8764e+04
step 1248 | acc=0.8110 | NZ=   912 | sparsity=0.5778 | d_m=7.8704e+04
step 1249 | acc=0.8100 | NZ=   911 | sparsity=0.5782 | d_m=7.9785e+04
step 1250 | acc=0.8100 | NZ=   910 | sparsity=0.5787 | d_m=7.9899e+04
step 1251 | acc=0.8070 | NZ=   909 | sparsity=0.5792 | d_m=8.2865e+04
step 1252 | acc=0.8050 | NZ=   908 | sparsity=0.5796 | d_m=8.2093e+04
step 1253 | acc=0.8060 | NZ=   907 | sparsity=0.5801 | d_m=8.2407e+04
step 1254 | acc=0.8050 | NZ=   906 | sparsity=0.5806 | d_m=8.2949e+04
step 1255 | acc=0.8040 | NZ=   905 | sparsity=0.5810 | d_m=8.4387e+04
step 1256 | acc=0.8050 | NZ=   904 | sparsity=0.5815 | d_m=8.3112e+04
step 1257 | acc=0.8080 | NZ=   903 | sparsity=0.5819 | d_m=8.2635e+04
step 1258 | acc=0.8090 | NZ=   902 | sparsity=0.5824 | d_m=8.2733e+04
step 1259 | acc=0.8150 | NZ=   901 | sparsity=0.5829 | d_m=8.4693e+04
step 1260 | acc=0.8120 | NZ=   900 | sparsity=0.5833 | d_m=8.4209e+04
step 1261 | acc=0.8110 | NZ=   899 | sparsity=0.5838 | d_m=8.3699e+04
step 1262 | acc=0.8080 | NZ=   898 | sparsity=0.5843 | d_m=8.5218e+04
step 1263 | acc=0.8130 | NZ=   897 | sparsity=0.5847 | d_m=8.4019e+04
step 1264 | acc=0.8140 | NZ=   896 | sparsity=0.5852 | d_m=8.3578e+04
step 1265 | acc=0.8160 | NZ=   895 | sparsity=0.5856 | d_m=8.3223e+04
step 1266 | acc=0.8170 | NZ=   894 | sparsity=0.5861 | d_m=8.2967e+04
step 1267 | acc=0.8180 | NZ=   893 | sparsity=0.5866 | d_m=8.4196e+04
step 1268 | acc=0.8160 | NZ=   892 | sparsity=0.5870 | d_m=8.3721e+04
step 1269 | acc=0.8150 | NZ=   891 | sparsity=0.5875 | d_m=8.3437e+04
step 1270 | acc=0.8150 | NZ=   890 | sparsity=0.5880 | d_m=8.3241e+04
step 1271 | acc=0.8150 | NZ=   889 | sparsity=0.5884 | d_m=8.3776e+04
step 1272 | acc=0.8110 | NZ=   888 | sparsity=0.5889 | d_m=9.0315e+04
step 1273 | acc=0.8100 | NZ=   887 | sparsity=0.5894 | d_m=8.8508e+04
step 1274 | acc=0.8140 | NZ=   886 | sparsity=0.5898 | d_m=9.1318e+04
step 1275 | acc=0.8120 | NZ=   885 | sparsity=0.5903 | d_m=9.0698e+04
step 1276 | acc=0.8130 | NZ=   884 | sparsity=0.5907 | d_m=8.9714e+04
step 1277 | acc=0.8240 | NZ=   883 | sparsity=0.5912 | d_m=9.1048e+04
step 1278 | acc=0.8160 | NZ=   882 | sparsity=0.5917 | d_m=9.4579e+04
step 1279 | acc=0.8160 | NZ=   881 | sparsity=0.5921 | d_m=9.1621e+04
step 1280 | acc=0.8140 | NZ=   880 | sparsity=0.5926 | d_m=9.1813e+04
step 1281 | acc=0.8150 | NZ=   879 | sparsity=0.5931 | d_m=9.1135e+04
step 1282 | acc=0.8190 | NZ=   878 | sparsity=0.5935 | d_m=9.1469e+04
step 1283 | acc=0.8180 | NZ=   877 | sparsity=0.5940 | d_m=9.1920e+04
step 1284 | acc=0.8180 | NZ=   876 | sparsity=0.5944 | d_m=9.1302e+04
step 1285 | acc=0.8180 | NZ=   875 | sparsity=0.5949 | d_m=9.0388e+04
step 1286 | acc=0.8160 | NZ=   874 | sparsity=0.5954 | d_m=8.9813e+04
step 1287 | acc=0.8160 | NZ=   873 | sparsity=0.5958 | d_m=8.9404e+04
step 1288 | acc=0.8130 | NZ=   872 | sparsity=0.5963 | d_m=8.9326e+04
step 1289 | acc=0.8120 | NZ=   871 | sparsity=0.5968 | d_m=8.9729e+04
step 1290 | acc=0.8120 | NZ=   870 | sparsity=0.5972 | d_m=8.9351e+04
step 1291 | acc=0.8150 | NZ=   869 | sparsity=0.5977 | d_m=8.9103e+04
step 1292 | acc=0.8140 | NZ=   868 | sparsity=0.5981 | d_m=8.8903e+04
step 1293 | acc=0.8160 | NZ=   867 | sparsity=0.5986 | d_m=8.8830e+04
step 1294 | acc=0.8130 | NZ=   866 | sparsity=0.5991 | d_m=9.0075e+04
step 1295 | acc=0.8120 | NZ=   865 | sparsity=0.5995 | d_m=8.9545e+04
step 1296 | acc=0.8140 | NZ=   864 | sparsity=0.6000 | d_m=8.9364e+04
step 1297 | acc=0.8150 | NZ=   863 | sparsity=0.6005 | d_m=8.9930e+04
step 1298 | acc=0.8090 | NZ=   862 | sparsity=0.6009 | d_m=1.0254e+05
step 1299 | acc=0.8030 | NZ=   861 | sparsity=0.6014 | d_m=1.0272e+05
step 1300 | acc=0.8070 | NZ=   860 | sparsity=0.6019 | d_m=1.0505e+05
step 1301 | acc=0.8080 | NZ=   859 | sparsity=0.6023 | d_m=1.1090e+05
step 1302 | acc=0.8180 | NZ=   858 | sparsity=0.6028 | d_m=1.1172e+05
step 1303 | acc=0.8170 | NZ=   857 | sparsity=0.6032 | d_m=1.0970e+05
step 1304 | acc=0.8190 | NZ=   856 | sparsity=0.6037 | d_m=1.0836e+05
step 1305 | acc=0.8180 | NZ=   855 | sparsity=0.6042 | d_m=1.0799e+05
step 1306 | acc=0.8180 | NZ=   854 | sparsity=0.6046 | d_m=1.0707e+05
step 1307 | acc=0.8180 | NZ=   853 | sparsity=0.6051 | d_m=1.0633e+05
step 1308 | acc=0.8190 | NZ=   852 | sparsity=0.6056 | d_m=1.0569e+05
step 1309 | acc=0.8260 | NZ=   851 | sparsity=0.6060 | d_m=1.1044e+05
step 1310 | acc=0.8250 | NZ=   850 | sparsity=0.6065 | d_m=1.0842e+05
step 1311 | acc=0.8230 | NZ=   849 | sparsity=0.6069 | d_m=1.0743e+05
step 1312 | acc=0.8240 | NZ=   848 | sparsity=0.6074 | d_m=1.0684e+05
step 1313 | acc=0.8230 | NZ=   847 | sparsity=0.6079 | d_m=1.0650e+05
step 1314 | acc=0.8220 | NZ=   846 | sparsity=0.6083 | d_m=1.0589e+05
step 1315 | acc=0.8230 | NZ=   845 | sparsity=0.6088 | d_m=1.0546e+05
step 1316 | acc=0.8220 | NZ=   844 | sparsity=0.6093 | d_m=1.0495e+05
step 1317 | acc=0.8220 | NZ=   843 | sparsity=0.6097 | d_m=1.0450e+05
step 1318 | acc=0.8210 | NZ=   842 | sparsity=0.6102 | d_m=1.0422e+05
step 1319 | acc=0.8200 | NZ=   841 | sparsity=0.6106 | d_m=1.0464e+05
step 1320 | acc=0.8160 | NZ=   840 | sparsity=0.6111 | d_m=1.0832e+05
step 1321 | acc=0.8160 | NZ=   839 | sparsity=0.6116 | d_m=1.0696e+05
step 1322 | acc=0.8160 | NZ=   838 | sparsity=0.6120 | d_m=1.0603e+05
step 1323 | acc=0.8100 | NZ=   837 | sparsity=0.6125 | d_m=1.0677e+05
step 1324 | acc=0.8110 | NZ=   836 | sparsity=0.6130 | d_m=1.0677e+05
step 1325 | acc=0.8100 | NZ=   835 | sparsity=0.6134 | d_m=1.0618e+05
step 1326 | acc=0.8100 | NZ=   834 | sparsity=0.6139 | d_m=1.0578e+05
step 1327 | acc=0.8110 | NZ=   833 | sparsity=0.6144 | d_m=1.0548e+05
step 1328 | acc=0.8100 | NZ=   832 | sparsity=0.6148 | d_m=1.0675e+05
step 1329 | acc=0.8120 | NZ=   831 | sparsity=0.6153 | d_m=1.0599e+05
step 1330 | acc=0.8160 | NZ=   830 | sparsity=0.6157 | d_m=1.0787e+05
step 1331 | acc=0.8120 | NZ=   829 | sparsity=0.6162 | d_m=1.0752e+05
step 1332 | acc=0.8200 | NZ=   828 | sparsity=0.6167 | d_m=1.1435e+05
step 1333 | acc=0.8180 | NZ=   827 | sparsity=0.6171 | d_m=1.1481e+05
step 1334 | acc=0.8130 | NZ=   826 | sparsity=0.6176 | d_m=1.1445e+05
step 1335 | acc=0.8210 | NZ=   825 | sparsity=0.6181 | d_m=1.1608e+05
step 1336 | acc=0.8190 | NZ=   824 | sparsity=0.6185 | d_m=1.1452e+05
step 1337 | acc=0.8200 | NZ=   823 | sparsity=0.6190 | d_m=1.1548e+05
step 1338 | acc=0.8220 | NZ=   822 | sparsity=0.6194 | d_m=1.1410e+05
step 1339 | acc=0.8230 | NZ=   821 | sparsity=0.6199 | d_m=1.1326e+05
step 1340 | acc=0.8230 | NZ=   820 | sparsity=0.6204 | d_m=1.1261e+05
step 1341 | acc=0.8230 | NZ=   819 | sparsity=0.6208 | d_m=1.1409e+05
step 1342 | acc=0.8220 | NZ=   818 | sparsity=0.6213 | d_m=1.1340e+05
step 1343 | acc=0.8220 | NZ=   817 | sparsity=0.6218 | d_m=1.1286e+05
step 1344 | acc=0.8230 | NZ=   816 | sparsity=0.6222 | d_m=1.1314e+05
step 1345 | acc=0.8240 | NZ=   815 | sparsity=0.6227 | d_m=1.1351e+05
step 1346 | acc=0.8240 | NZ=   814 | sparsity=0.6231 | d_m=1.1312e+05
step 1347 | acc=0.8230 | NZ=   813 | sparsity=0.6236 | d_m=1.1296e+05
step 1348 | acc=0.8100 | NZ=   812 | sparsity=0.6241 | d_m=1.2501e+05
step 1349 | acc=0.8120 | NZ=   811 | sparsity=0.6245 | d_m=1.2435e+05
step 1350 | acc=0.8070 | NZ=   810 | sparsity=0.6250 | d_m=1.2393e+05
step 1351 | acc=0.8050 | NZ=   809 | sparsity=0.6255 | d_m=1.2351e+05
step 1352 | acc=0.8030 | NZ=   808 | sparsity=0.6259 | d_m=1.2317e+05
step 1353 | acc=0.8030 | NZ=   807 | sparsity=0.6264 | d_m=1.3333e+05
step 1354 | acc=0.8010 | NZ=   806 | sparsity=0.6269 | d_m=1.3050e+05
step 1355 | acc=0.7980 | NZ=   805 | sparsity=0.6273 | d_m=1.2682e+05
step 1356 | acc=0.8000 | NZ=   804 | sparsity=0.6278 | d_m=1.2651e+05
step 1357 | acc=0.7950 | NZ=   803 | sparsity=0.6282 | d_m=1.2953e+05
step 1358 | acc=0.7950 | NZ=   802 | sparsity=0.6287 | d_m=1.2787e+05
step 1359 | acc=0.7940 | NZ=   801 | sparsity=0.6292 | d_m=1.2635e+05
step 1360 | acc=0.7950 | NZ=   800 | sparsity=0.6296 | d_m=1.2547e+05
step 1361 | acc=0.7950 | NZ=   799 | sparsity=0.6301 | d_m=1.2487e+05
step 1362 | acc=0.7930 | NZ=   798 | sparsity=0.6306 | d_m=1.2444e+05
step 1363 | acc=0.7950 | NZ=   797 | sparsity=0.6310 | d_m=1.2438e+05
step 1364 | acc=0.7940 | NZ=   796 | sparsity=0.6315 | d_m=1.2403e+05
step 1365 | acc=0.7930 | NZ=   795 | sparsity=0.6319 | d_m=1.2404e+05
step 1366 | acc=0.7930 | NZ=   794 | sparsity=0.6324 | d_m=1.2647e+05
step 1367 | acc=0.7930 | NZ=   793 | sparsity=0.6329 | d_m=1.2597e+05
step 1368 | acc=0.7940 | NZ=   792 | sparsity=0.6333 | d_m=1.2589e+05
step 1369 | acc=0.7940 | NZ=   791 | sparsity=0.6338 | d_m=1.2567e+05
step 1370 | acc=0.7920 | NZ=   790 | sparsity=0.6343 | d_m=1.2691e+05
step 1371 | acc=0.7940 | NZ=   789 | sparsity=0.6347 | d_m=1.2896e+05
step 1372 | acc=0.7910 | NZ=   788 | sparsity=0.6352 | d_m=1.2782e+05
step 1373 | acc=0.7960 | NZ=   787 | sparsity=0.6356 | d_m=1.2865e+05
step 1374 | acc=0.7920 | NZ=   786 | sparsity=0.6361 | d_m=1.3033e+05
step 1375 | acc=0.7880 | NZ=   785 | sparsity=0.6366 | d_m=1.3019e+05
step 1376 | acc=0.7870 | NZ=   784 | sparsity=0.6370 | d_m=1.2947e+05
step 1377 | acc=0.7840 | NZ=   783 | sparsity=0.6375 | d_m=1.3053e+05
step 1378 | acc=0.7860 | NZ=   782 | sparsity=0.6380 | d_m=1.3009e+05
step 1379 | acc=0.7840 | NZ=   781 | sparsity=0.6384 | d_m=1.3009e+05
step 1380 | acc=0.7860 | NZ=   780 | sparsity=0.6389 | d_m=1.3107e+05
step 1381 | acc=0.7860 | NZ=   779 | sparsity=0.6394 | d_m=1.3109e+05
step 1382 | acc=0.7870 | NZ=   778 | sparsity=0.6398 | d_m=1.3079e+05
step 1383 | acc=0.7870 | NZ=   777 | sparsity=0.6403 | d_m=1.3063e+05
step 1384 | acc=0.7890 | NZ=   776 | sparsity=0.6407 | d_m=1.3285e+05
step 1385 | acc=0.7900 | NZ=   775 | sparsity=0.6412 | d_m=1.3245e+05
step 1386 | acc=0.7860 | NZ=   774 | sparsity=0.6417 | d_m=1.3222e+05
step 1387 | acc=0.7860 | NZ=   773 | sparsity=0.6421 | d_m=1.3194e+05
step 1388 | acc=0.7860 | NZ=   772 | sparsity=0.6426 | d_m=1.3170e+05
step 1389 | acc=0.7840 | NZ=   771 | sparsity=0.6431 | d_m=1.3249e+05
step 1390 | acc=0.7800 | NZ=   770 | sparsity=0.6435 | d_m=1.3750e+05
step 1391 | acc=0.7800 | NZ=   769 | sparsity=0.6440 | d_m=1.3630e+05
step 1392 | acc=0.7820 | NZ=   768 | sparsity=0.6444 | d_m=1.3668e+05
step 1393 | acc=0.7810 | NZ=   767 | sparsity=0.6449 | d_m=1.3661e+05
step 1394 | acc=0.7830 | NZ=   766 | sparsity=0.6454 | d_m=1.3616e+05
step 1395 | acc=0.7820 | NZ=   765 | sparsity=0.6458 | d_m=1.3591e+05
step 1396 | acc=0.7780 | NZ=   764 | sparsity=0.6463 | d_m=1.3604e+05
step 1397 | acc=0.7770 | NZ=   763 | sparsity=0.6468 | d_m=1.4573e+05
step 1398 | acc=0.7810 | NZ=   762 | sparsity=0.6472 | d_m=1.4521e+05
step 1399 | acc=0.7770 | NZ=   761 | sparsity=0.6477 | d_m=1.5228e+05
step 1400 | acc=0.7810 | NZ=   760 | sparsity=0.6481 | d_m=1.4914e+05
step 1401 | acc=0.7810 | NZ=   759 | sparsity=0.6486 | d_m=1.5158e+05
step 1402 | acc=0.7820 | NZ=   758 | sparsity=0.6491 | d_m=1.4987e+05
step 1403 | acc=0.7820 | NZ=   757 | sparsity=0.6495 | d_m=1.5186e+05
step 1404 | acc=0.7890 | NZ=   756 | sparsity=0.6500 | d_m=1.5285e+05
step 1405 | acc=0.7890 | NZ=   755 | sparsity=0.6505 | d_m=1.5176e+05
step 1406 | acc=0.7910 | NZ=   754 | sparsity=0.6509 | d_m=1.5085e+05
step 1407 | acc=0.7920 | NZ=   753 | sparsity=0.6514 | d_m=1.5076e+05
step 1408 | acc=0.7930 | NZ=   752 | sparsity=0.6519 | d_m=1.5009e+05
step 1409 | acc=0.7910 | NZ=   751 | sparsity=0.6523 | d_m=1.5026e+05
step 1410 | acc=0.7930 | NZ=   750 | sparsity=0.6528 | d_m=1.5099e+05
step 1411 | acc=0.8000 | NZ=   749 | sparsity=0.6532 | d_m=1.5544e+05
step 1412 | acc=0.8010 | NZ=   748 | sparsity=0.6537 | d_m=1.6174e+05
step 1413 | acc=0.8000 | NZ=   747 | sparsity=0.6542 | d_m=1.5984e+05
step 1414 | acc=0.8070 | NZ=   746 | sparsity=0.6546 | d_m=1.6177e+05
step 1415 | acc=0.8090 | NZ=   745 | sparsity=0.6551 | d_m=1.7263e+05
step 1416 | acc=0.8070 | NZ=   744 | sparsity=0.6556 | d_m=1.7524e+05
step 1417 | acc=0.8050 | NZ=   743 | sparsity=0.6560 | d_m=1.7234e+05
step 1418 | acc=0.8050 | NZ=   742 | sparsity=0.6565 | d_m=1.7115e+05
step 1419 | acc=0.8010 | NZ=   741 | sparsity=0.6569 | d_m=1.7377e+05
step 1420 | acc=0.7880 | NZ=   740 | sparsity=0.6574 | d_m=1.8259e+05
step 1421 | acc=0.7930 | NZ=   739 | sparsity=0.6579 | d_m=1.7793e+05
step 1422 | acc=0.7930 | NZ=   738 | sparsity=0.6583 | d_m=1.7599e+05
step 1423 | acc=0.7910 | NZ=   737 | sparsity=0.6588 | d_m=1.7982e+05
step 1424 | acc=0.7920 | NZ=   736 | sparsity=0.6593 | d_m=1.7861e+05
step 1425 | acc=0.7910 | NZ=   735 | sparsity=0.6597 | d_m=1.7792e+05
step 1426 | acc=0.7980 | NZ=   734 | sparsity=0.6602 | d_m=1.8120e+05
step 1427 | acc=0.7930 | NZ=   733 | sparsity=0.6606 | d_m=1.8308e+05
step 1428 | acc=0.7920 | NZ=   732 | sparsity=0.6611 | d_m=1.8096e+05
step 1429 | acc=0.7930 | NZ=   731 | sparsity=0.6616 | d_m=1.8153e+05
step 1430 | acc=0.7930 | NZ=   730 | sparsity=0.6620 | d_m=1.8531e+05
step 1431 | acc=0.8000 | NZ=   729 | sparsity=0.6625 | d_m=1.8591e+05
step 1432 | acc=0.8000 | NZ=   728 | sparsity=0.6630 | d_m=1.8403e+05
step 1433 | acc=0.7980 | NZ=   727 | sparsity=0.6634 | d_m=1.8531e+05
step 1434 | acc=0.7990 | NZ=   726 | sparsity=0.6639 | d_m=1.8386e+05
step 1435 | acc=0.7980 | NZ=   725 | sparsity=0.6644 | d_m=1.8803e+05
step 1436 | acc=0.7990 | NZ=   724 | sparsity=0.6648 | d_m=1.8633e+05
step 1437 | acc=0.7990 | NZ=   723 | sparsity=0.6653 | d_m=1.8527e+05
step 1438 | acc=0.7990 | NZ=   722 | sparsity=0.6657 | d_m=1.8551e+05
step 1439 | acc=0.8030 | NZ=   721 | sparsity=0.6662 | d_m=1.8489e+05
step 1440 | acc=0.8010 | NZ=   720 | sparsity=0.6667 | d_m=1.8612e+05
step 1441 | acc=0.7980 | NZ=   719 | sparsity=0.6671 | d_m=1.8536e+05
step 1442 | acc=0.8000 | NZ=   718 | sparsity=0.6676 | d_m=1.8472e+05
step 1443 | acc=0.7980 | NZ=   717 | sparsity=0.6681 | d_m=1.8716e+05
step 1444 | acc=0.7940 | NZ=   716 | sparsity=0.6685 | d_m=1.9606e+05
step 1445 | acc=0.7950 | NZ=   715 | sparsity=0.6690 | d_m=2.0013e+05
step 1446 | acc=0.7930 | NZ=   714 | sparsity=0.6694 | d_m=1.9936e+05
step 1447 | acc=0.7920 | NZ=   713 | sparsity=0.6699 | d_m=1.9867e+05
step 1448 | acc=0.7900 | NZ=   712 | sparsity=0.6704 | d_m=1.9827e+05
step 1449 | acc=0.7860 | NZ=   711 | sparsity=0.6708 | d_m=2.0131e+05
step 1450 | acc=0.7870 | NZ=   710 | sparsity=0.6713 | d_m=1.9975e+05
step 1451 | acc=0.7870 | NZ=   709 | sparsity=0.6718 | d_m=1.9879e+05
step 1452 | acc=0.7930 | NZ=   708 | sparsity=0.6722 | d_m=2.1436e+05
step 1453 | acc=0.7920 | NZ=   707 | sparsity=0.6727 | d_m=2.1007e+05
step 1454 | acc=0.7900 | NZ=   706 | sparsity=0.6731 | d_m=2.0744e+05
step 1455 | acc=0.7910 | NZ=   705 | sparsity=0.6736 | d_m=2.0575e+05
step 1456 | acc=0.7910 | NZ=   704 | sparsity=0.6741 | d_m=2.0460e+05
step 1457 | acc=0.7890 | NZ=   703 | sparsity=0.6745 | d_m=2.0381e+05
step 1458 | acc=0.7870 | NZ=   702 | sparsity=0.6750 | d_m=2.0340e+05
step 1459 | acc=0.7900 | NZ=   701 | sparsity=0.6755 | d_m=2.0365e+05
step 1460 | acc=0.7880 | NZ=   700 | sparsity=0.6759 | d_m=2.0310e+05
step 1461 | acc=0.7880 | NZ=   699 | sparsity=0.6764 | d_m=2.0272e+05
step 1462 | acc=0.7870 | NZ=   698 | sparsity=0.6769 | d_m=2.0234e+05
step 1463 | acc=0.7850 | NZ=   697 | sparsity=0.6773 | d_m=2.0266e+05
step 1464 | acc=0.7850 | NZ=   696 | sparsity=0.6778 | d_m=2.0231e+05
step 1465 | acc=0.7720 | NZ=   695 | sparsity=0.6782 | d_m=2.0534e+05
step 1466 | acc=0.7710 | NZ=   694 | sparsity=0.6787 | d_m=2.0469e+05
step 1467 | acc=0.7720 | NZ=   693 | sparsity=0.6792 | d_m=2.0427e+05
step 1468 | acc=0.7750 | NZ=   692 | sparsity=0.6796 | d_m=2.0440e+05
step 1469 | acc=0.7740 | NZ=   691 | sparsity=0.6801 | d_m=2.1417e+05
step 1470 | acc=0.7750 | NZ=   690 | sparsity=0.6806 | d_m=2.1537e+05
step 1471 | acc=0.7750 | NZ=   689 | sparsity=0.6810 | d_m=2.2133e+05
step 1472 | acc=0.7720 | NZ=   688 | sparsity=0.6815 | d_m=2.2055e+05
step 1473 | acc=0.7720 | NZ=   687 | sparsity=0.6819 | d_m=2.2004e+05
step 1474 | acc=0.7620 | NZ=   686 | sparsity=0.6824 | d_m=2.2088e+05
step 1475 | acc=0.7620 | NZ=   685 | sparsity=0.6829 | d_m=2.2006e+05
step 1476 | acc=0.7600 | NZ=   684 | sparsity=0.6833 | d_m=2.1971e+05
step 1477 | acc=0.7630 | NZ=   683 | sparsity=0.6838 | d_m=2.2023e+05
step 1478 | acc=0.7630 | NZ=   682 | sparsity=0.6843 | d_m=2.3321e+05
step 1479 | acc=0.7560 | NZ=   681 | sparsity=0.6847 | d_m=2.4450e+05
step 1480 | acc=0.7490 | NZ=   680 | sparsity=0.6852 | d_m=2.4030e+05
step 1481 | acc=0.7500 | NZ=   679 | sparsity=0.6856 | d_m=2.3797e+05
step 1482 | acc=0.7500 | NZ=   678 | sparsity=0.6861 | d_m=2.4495e+05
step 1483 | acc=0.7480 | NZ=   677 | sparsity=0.6866 | d_m=2.4339e+05
step 1484 | acc=0.7480 | NZ=   676 | sparsity=0.6870 | d_m=2.4240e+05
step 1485 | acc=0.7410 | NZ=   675 | sparsity=0.6875 | d_m=2.9506e+05
step 1486 | acc=0.7410 | NZ=   674 | sparsity=0.6880 | d_m=2.8847e+05
step 1487 | acc=0.7420 | NZ=   673 | sparsity=0.6884 | d_m=2.8519e+05
step 1488 | acc=0.7430 | NZ=   672 | sparsity=0.6889 | d_m=2.8510e+05
step 1489 | acc=0.7440 | NZ=   671 | sparsity=0.6894 | d_m=2.8609e+05
step 1490 | acc=0.7450 | NZ=   670 | sparsity=0.6898 | d_m=2.8603e+05
step 1491 | acc=0.7490 | NZ=   669 | sparsity=0.6903 | d_m=2.8481e+05
step 1492 | acc=0.7520 | NZ=   668 | sparsity=0.6907 | d_m=2.8368e+05
step 1493 | acc=0.7530 | NZ=   667 | sparsity=0.6912 | d_m=2.8769e+05
step 1494 | acc=0.7540 | NZ=   666 | sparsity=0.6917 | d_m=2.8518e+05
step 1495 | acc=0.7560 | NZ=   665 | sparsity=0.6921 | d_m=2.8525e+05
step 1496 | acc=0.7540 | NZ=   664 | sparsity=0.6926 | d_m=2.8358e+05
step 1497 | acc=0.7560 | NZ=   663 | sparsity=0.6931 | d_m=2.8235e+05
step 1498 | acc=0.7550 | NZ=   662 | sparsity=0.6935 | d_m=2.8132e+05
step 1499 | acc=0.7570 | NZ=   661 | sparsity=0.6940 | d_m=2.8034e+05
step 1500 | acc=0.7640 | NZ=   660 | sparsity=0.6944 | d_m=2.8065e+05
step 1501 | acc=0.7620 | NZ=   659 | sparsity=0.6949 | d_m=2.7914e+05
step 1502 | acc=0.7680 | NZ=   658 | sparsity=0.6954 | d_m=2.7992e+05
step 1503 | acc=0.7680 | NZ=   657 | sparsity=0.6958 | d_m=2.8010e+05
step 1504 | acc=0.7720 | NZ=   656 | sparsity=0.6963 | d_m=2.7903e+05
step 1505 | acc=0.7720 | NZ=   655 | sparsity=0.6968 | d_m=2.8545e+05
step 1506 | acc=0.7660 | NZ=   654 | sparsity=0.6972 | d_m=2.8439e+05
step 1507 | acc=0.7670 | NZ=   653 | sparsity=0.6977 | d_m=2.8311e+05
step 1508 | acc=0.7740 | NZ=   652 | sparsity=0.6981 | d_m=3.0345e+05
step 1509 | acc=0.7760 | NZ=   651 | sparsity=0.6986 | d_m=3.0201e+05
step 1510 | acc=0.7750 | NZ=   650 | sparsity=0.6991 | d_m=3.0118e+05
step 1511 | acc=0.7740 | NZ=   649 | sparsity=0.6995 | d_m=3.0033e+05
step 1512 | acc=0.7740 | NZ=   648 | sparsity=0.7000 | d_m=2.9969e+05
step 1513 | acc=0.7730 | NZ=   647 | sparsity=0.7005 | d_m=3.0027e+05
step 1514 | acc=0.7720 | NZ=   646 | sparsity=0.7009 | d_m=3.0096e+05
step 1515 | acc=0.7800 | NZ=   645 | sparsity=0.7014 | d_m=3.0861e+05
step 1516 | acc=0.7830 | NZ=   644 | sparsity=0.7019 | d_m=3.0733e+05
step 1517 | acc=0.7840 | NZ=   643 | sparsity=0.7023 | d_m=3.0577e+05
step 1518 | acc=0.7840 | NZ=   642 | sparsity=0.7028 | d_m=3.0456e+05
step 1519 | acc=0.7830 | NZ=   641 | sparsity=0.7032 | d_m=3.0408e+05
step 1520 | acc=0.7830 | NZ=   640 | sparsity=0.7037 | d_m=3.0322e+05
step 1521 | acc=0.7830 | NZ=   639 | sparsity=0.7042 | d_m=3.0286e+05
step 1522 | acc=0.7820 | NZ=   638 | sparsity=0.7046 | d_m=3.0169e+05
step 1523 | acc=0.7790 | NZ=   637 | sparsity=0.7051 | d_m=3.0542e+05
step 1524 | acc=0.7780 | NZ=   636 | sparsity=0.7056 | d_m=3.0198e+05
step 1525 | acc=0.7800 | NZ=   635 | sparsity=0.7060 | d_m=3.0087e+05
step 1526 | acc=0.7810 | NZ=   634 | sparsity=0.7065 | d_m=3.0000e+05
step 1527 | acc=0.7800 | NZ=   633 | sparsity=0.7069 | d_m=2.9938e+05
step 1528 | acc=0.7830 | NZ=   632 | sparsity=0.7074 | d_m=3.0426e+05
step 1529 | acc=0.7840 | NZ=   631 | sparsity=0.7079 | d_m=3.0315e+05
step 1530 | acc=0.7850 | NZ=   630 | sparsity=0.7083 | d_m=3.0253e+05
step 1531 | acc=0.7820 | NZ=   629 | sparsity=0.7088 | d_m=3.0947e+05
step 1532 | acc=0.7820 | NZ=   628 | sparsity=0.7093 | d_m=3.0803e+05
step 1533 | acc=0.7820 | NZ=   627 | sparsity=0.7097 | d_m=3.0992e+05
step 1534 | acc=0.7820 | NZ=   626 | sparsity=0.7102 | d_m=3.1726e+05
step 1535 | acc=0.7860 | NZ=   625 | sparsity=0.7106 | d_m=3.1726e+05
step 1536 | acc=0.7830 | NZ=   624 | sparsity=0.7111 | d_m=3.1733e+05
step 1537 | acc=0.7830 | NZ=   623 | sparsity=0.7116 | d_m=3.1656e+05
step 1538 | acc=0.7860 | NZ=   622 | sparsity=0.7120 | d_m=3.1735e+05
step 1539 | acc=0.7870 | NZ=   621 | sparsity=0.7125 | d_m=3.1708e+05
step 1540 | acc=0.7890 | NZ=   620 | sparsity=0.7130 | d_m=3.1966e+05
step 1541 | acc=0.7880 | NZ=   619 | sparsity=0.7134 | d_m=3.1759e+05
step 1542 | acc=0.7890 | NZ=   618 | sparsity=0.7139 | d_m=3.1639e+05
step 1543 | acc=0.7870 | NZ=   617 | sparsity=0.7144 | d_m=3.1554e+05
step 1544 | acc=0.7680 | NZ=   616 | sparsity=0.7148 | d_m=3.2319e+05
step 1545 | acc=0.7660 | NZ=   615 | sparsity=0.7153 | d_m=3.2206e+05
step 1546 | acc=0.7680 | NZ=   614 | sparsity=0.7157 | d_m=3.2986e+05
step 1547 | acc=0.7650 | NZ=   613 | sparsity=0.7162 | d_m=3.2808e+05
step 1548 | acc=0.7670 | NZ=   612 | sparsity=0.7167 | d_m=3.2635e+05
step 1549 | acc=0.7630 | NZ=   611 | sparsity=0.7171 | d_m=3.2537e+05
step 1550 | acc=0.7640 | NZ=   610 | sparsity=0.7176 | d_m=3.2657e+05
step 1551 | acc=0.7660 | NZ=   609 | sparsity=0.7181 | d_m=3.2905e+05
step 1552 | acc=0.7640 | NZ=   608 | sparsity=0.7185 | d_m=3.2918e+05
step 1553 | acc=0.7640 | NZ=   607 | sparsity=0.7190 | d_m=3.2761e+05
step 1554 | acc=0.7660 | NZ=   606 | sparsity=0.7194 | d_m=3.2666e+05
step 1555 | acc=0.7580 | NZ=   605 | sparsity=0.7199 | d_m=3.2794e+05
step 1556 | acc=0.7570 | NZ=   604 | sparsity=0.7204 | d_m=3.2664e+05
step 1557 | acc=0.7570 | NZ=   603 | sparsity=0.7208 | d_m=3.2588e+05
step 1558 | acc=0.7500 | NZ=   602 | sparsity=0.7213 | d_m=3.2889e+05
step 1559 | acc=0.7550 | NZ=   601 | sparsity=0.7218 | d_m=3.2977e+05
step 1560 | acc=0.7530 | NZ=   600 | sparsity=0.7222 | d_m=3.2883e+05
step 1561 | acc=0.7510 | NZ=   599 | sparsity=0.7227 | d_m=3.2854e+05
step 1562 | acc=0.7510 | NZ=   598 | sparsity=0.7231 | d_m=3.2801e+05
step 1563 | acc=0.7520 | NZ=   597 | sparsity=0.7236 | d_m=3.2755e+05
step 1564 | acc=0.7500 | NZ=   596 | sparsity=0.7241 | d_m=3.2758e+05
step 1565 | acc=0.7530 | NZ=   595 | sparsity=0.7245 | d_m=3.2699e+05
step 1566 | acc=0.7530 | NZ=   594 | sparsity=0.7250 | d_m=3.2653e+05
step 1567 | acc=0.7540 | NZ=   593 | sparsity=0.7255 | d_m=3.3155e+05
step 1568 | acc=0.7520 | NZ=   592 | sparsity=0.7259 | d_m=3.2869e+05
step 1569 | acc=0.7400 | NZ=   591 | sparsity=0.7264 | d_m=3.3615e+05
step 1570 | acc=0.7370 | NZ=   590 | sparsity=0.7269 | d_m=3.3350e+05
step 1571 | acc=0.7340 | NZ=   589 | sparsity=0.7273 | d_m=3.3297e+05
step 1572 | acc=0.7300 | NZ=   588 | sparsity=0.7278 | d_m=3.3147e+05
step 1573 | acc=0.7290 | NZ=   587 | sparsity=0.7282 | d_m=3.3492e+05
step 1574 | acc=0.7270 | NZ=   586 | sparsity=0.7287 | d_m=3.3772e+05
step 1575 | acc=0.7270 | NZ=   585 | sparsity=0.7292 | d_m=3.3633e+05
step 1576 | acc=0.7270 | NZ=   584 | sparsity=0.7296 | d_m=3.3577e+05
step 1577 | acc=0.7260 | NZ=   583 | sparsity=0.7301 | d_m=3.4084e+05
step 1578 | acc=0.7240 | NZ=   582 | sparsity=0.7306 | d_m=3.4160e+05
step 1579 | acc=0.7250 | NZ=   581 | sparsity=0.7310 | d_m=3.4082e+05
step 1580 | acc=0.7160 | NZ=   580 | sparsity=0.7315 | d_m=3.4596e+05
step 1581 | acc=0.7080 | NZ=   579 | sparsity=0.7319 | d_m=3.4494e+05
step 1582 | acc=0.7090 | NZ=   578 | sparsity=0.7324 | d_m=3.4364e+05
step 1583 | acc=0.7090 | NZ=   577 | sparsity=0.7329 | d_m=3.4322e+05
step 1584 | acc=0.7070 | NZ=   576 | sparsity=0.7333 | d_m=3.4618e+05
step 1585 | acc=0.7090 | NZ=   575 | sparsity=0.7338 | d_m=3.4566e+05
step 1586 | acc=0.7110 | NZ=   574 | sparsity=0.7343 | d_m=3.4514e+05
step 1587 | acc=0.7090 | NZ=   573 | sparsity=0.7347 | d_m=3.4469e+05
step 1588 | acc=0.7090 | NZ=   572 | sparsity=0.7352 | d_m=3.4447e+05
step 1589 | acc=0.7100 | NZ=   571 | sparsity=0.7356 | d_m=3.4429e+05
step 1590 | acc=0.7070 | NZ=   570 | sparsity=0.7361 | d_m=3.5065e+05
step 1591 | acc=0.7060 | NZ=   569 | sparsity=0.7366 | d_m=3.5329e+05
step 1592 | acc=0.7040 | NZ=   568 | sparsity=0.7370 | d_m=3.5347e+05
step 1593 | acc=0.7030 | NZ=   567 | sparsity=0.7375 | d_m=3.5300e+05
step 1594 | acc=0.7050 | NZ=   566 | sparsity=0.7380 | d_m=3.5287e+05
step 1595 | acc=0.7040 | NZ=   565 | sparsity=0.7384 | d_m=3.5434e+05
step 1596 | acc=0.7020 | NZ=   564 | sparsity=0.7389 | d_m=3.5389e+05
step 1597 | acc=0.7020 | NZ=   563 | sparsity=0.7394 | d_m=3.5346e+05
step 1598 | acc=0.6940 | NZ=   562 | sparsity=0.7398 | d_m=3.7111e+05
step 1599 | acc=0.6980 | NZ=   561 | sparsity=0.7403 | d_m=3.6540e+05
step 1600 | acc=0.6960 | NZ=   560 | sparsity=0.7407 | d_m=3.6277e+05
step 1601 | acc=0.7020 | NZ=   559 | sparsity=0.7412 | d_m=3.6170e+05
step 1602 | acc=0.6920 | NZ=   558 | sparsity=0.7417 | d_m=3.8473e+05
step 1603 | acc=0.6910 | NZ=   557 | sparsity=0.7421 | d_m=3.7739e+05
step 1604 | acc=0.6920 | NZ=   556 | sparsity=0.7426 | d_m=3.7452e+05
step 1605 | acc=0.6920 | NZ=   555 | sparsity=0.7431 | d_m=3.7384e+05
step 1606 | acc=0.6880 | NZ=   554 | sparsity=0.7435 | d_m=3.7499e+05
step 1607 | acc=0.6900 | NZ=   553 | sparsity=0.7440 | d_m=3.7412e+05
step 1608 | acc=0.6890 | NZ=   552 | sparsity=0.7444 | d_m=3.7390e+05
step 1609 | acc=0.6900 | NZ=   551 | sparsity=0.7449 | d_m=3.7355e+05
step 1610 | acc=0.6920 | NZ=   550 | sparsity=0.7454 | d_m=3.7531e+05
step 1611 | acc=0.6930 | NZ=   549 | sparsity=0.7458 | d_m=3.9439e+05
step 1612 | acc=0.6910 | NZ=   548 | sparsity=0.7463 | d_m=3.9446e+05
step 1613 | acc=0.6940 | NZ=   547 | sparsity=0.7468 | d_m=3.9510e+05
step 1614 | acc=0.6920 | NZ=   546 | sparsity=0.7472 | d_m=3.9611e+05
step 1615 | acc=0.6910 | NZ=   545 | sparsity=0.7477 | d_m=3.9579e+05
step 1616 | acc=0.6920 | NZ=   544 | sparsity=0.7481 | d_m=3.9845e+05
step 1617 | acc=0.6880 | NZ=   543 | sparsity=0.7486 | d_m=3.9973e+05
step 1618 | acc=0.6870 | NZ=   542 | sparsity=0.7491 | d_m=3.9820e+05
step 1619 | acc=0.6850 | NZ=   541 | sparsity=0.7495 | d_m=3.9948e+05
step 1620 | acc=0.6870 | NZ=   540 | sparsity=0.7500 | d_m=4.0140e+05
step 1621 | acc=0.6900 | NZ=   539 | sparsity=0.7505 | d_m=3.9896e+05
step 1622 | acc=0.6890 | NZ=   538 | sparsity=0.7509 | d_m=3.9819e+05
step 1623 | acc=0.6890 | NZ=   537 | sparsity=0.7514 | d_m=3.9762e+05
step 1624 | acc=0.6850 | NZ=   536 | sparsity=0.7519 | d_m=4.0572e+05
step 1625 | acc=0.6880 | NZ=   535 | sparsity=0.7523 | d_m=4.0509e+05
step 1626 | acc=0.6840 | NZ=   534 | sparsity=0.7528 | d_m=4.0491e+05
step 1627 | acc=0.6810 | NZ=   533 | sparsity=0.7532 | d_m=4.0584e+05
step 1628 | acc=0.6820 | NZ=   532 | sparsity=0.7537 | d_m=4.0494e+05
step 1629 | acc=0.6820 | NZ=   531 | sparsity=0.7542 | d_m=4.0489e+05
step 1630 | acc=0.6800 | NZ=   530 | sparsity=0.7546 | d_m=4.0487e+05
step 1631 | acc=0.6760 | NZ=   529 | sparsity=0.7551 | d_m=4.2160e+05
step 1632 | acc=0.6750 | NZ=   528 | sparsity=0.7556 | d_m=4.2322e+05
step 1633 | acc=0.6480 | NZ=   527 | sparsity=0.7560 | d_m=4.3244e+05
step 1634 | acc=0.6470 | NZ=   526 | sparsity=0.7565 | d_m=4.3159e+05
step 1635 | acc=0.6480 | NZ=   525 | sparsity=0.7569 | d_m=4.3145e+05
step 1636 | acc=0.6440 | NZ=   524 | sparsity=0.7574 | d_m=4.3726e+05
step 1637 | acc=0.6390 | NZ=   523 | sparsity=0.7579 | d_m=4.3688e+05
step 1638 | acc=0.6400 | NZ=   522 | sparsity=0.7583 | d_m=4.3621e+05
step 1639 | acc=0.6400 | NZ=   521 | sparsity=0.7588 | d_m=4.3875e+05
step 1640 | acc=0.6400 | NZ=   520 | sparsity=0.7593 | d_m=4.3781e+05
step 1641 | acc=0.6430 | NZ=   519 | sparsity=0.7597 | d_m=4.3901e+05
step 1642 | acc=0.6400 | NZ=   518 | sparsity=0.7602 | d_m=4.3816e+05
step 1643 | acc=0.6390 | NZ=   517 | sparsity=0.7606 | d_m=4.3900e+05
step 1644 | acc=0.6360 | NZ=   516 | sparsity=0.7611 | d_m=4.4439e+05
step 1645 | acc=0.6350 | NZ=   515 | sparsity=0.7616 | d_m=4.4358e+05
step 1646 | acc=0.6270 | NZ=   514 | sparsity=0.7620 | d_m=4.4704e+05
step 1647 | acc=0.6280 | NZ=   513 | sparsity=0.7625 | d_m=4.6232e+05
step 1648 | acc=0.6290 | NZ=   512 | sparsity=0.7630 | d_m=4.6202e+05
step 1649 | acc=0.6280 | NZ=   511 | sparsity=0.7634 | d_m=4.5911e+05
step 1650 | acc=0.6300 | NZ=   510 | sparsity=0.7639 | d_m=4.5738e+05
step 1651 | acc=0.6340 | NZ=   509 | sparsity=0.7644 | d_m=4.5612e+05
step 1652 | acc=0.6250 | NZ=   508 | sparsity=0.7648 | d_m=4.6163e+05
step 1653 | acc=0.6260 | NZ=   507 | sparsity=0.7653 | d_m=4.6111e+05
step 1654 | acc=0.6270 | NZ=   506 | sparsity=0.7657 | d_m=4.6664e+05
step 1655 | acc=0.6310 | NZ=   505 | sparsity=0.7662 | d_m=4.6675e+05
step 1656 | acc=0.6310 | NZ=   504 | sparsity=0.7667 | d_m=4.6605e+05
step 1657 | acc=0.6340 | NZ=   503 | sparsity=0.7671 | d_m=4.6597e+05
step 1658 | acc=0.6200 | NZ=   502 | sparsity=0.7676 | d_m=4.7044e+05
step 1659 | acc=0.6220 | NZ=   501 | sparsity=0.7681 | d_m=4.7958e+05
step 1660 | acc=0.6250 | NZ=   500 | sparsity=0.7685 | d_m=4.7487e+05
step 1661 | acc=0.6280 | NZ=   499 | sparsity=0.7690 | d_m=4.7607e+05
step 1662 | acc=0.6280 | NZ=   498 | sparsity=0.7694 | d_m=4.7460e+05
step 1663 | acc=0.6310 | NZ=   497 | sparsity=0.7699 | d_m=4.7368e+05
step 1664 | acc=0.6310 | NZ=   496 | sparsity=0.7704 | d_m=4.7518e+05
step 1665 | acc=0.6300 | NZ=   495 | sparsity=0.7708 | d_m=4.7435e+05
step 1666 | acc=0.5410 | NZ=   494 | sparsity=0.7713 | d_m=6.0248e+05
step 1667 | acc=0.5560 | NZ=   493 | sparsity=0.7718 | d_m=5.5757e+05
step 1668 | acc=0.5680 | NZ=   492 | sparsity=0.7722 | d_m=5.3613e+05
step 1669 | acc=0.5720 | NZ=   491 | sparsity=0.7727 | d_m=5.2375e+05
step 1670 | acc=0.5900 | NZ=   490 | sparsity=0.7731 | d_m=5.1556e+05
step 1671 | acc=0.5970 | NZ=   489 | sparsity=0.7736 | d_m=5.0964e+05
step 1672 | acc=0.5980 | NZ=   488 | sparsity=0.7741 | d_m=5.0539e+05
step 1673 | acc=0.6000 | NZ=   487 | sparsity=0.7745 | d_m=5.0195e+05
step 1674 | acc=0.6100 | NZ=   486 | sparsity=0.7750 | d_m=4.9917e+05
step 1675 | acc=0.6160 | NZ=   485 | sparsity=0.7755 | d_m=4.9691e+05
step 1676 | acc=0.6250 | NZ=   484 | sparsity=0.7759 | d_m=4.9619e+05
step 1677 | acc=0.6300 | NZ=   483 | sparsity=0.7764 | d_m=4.9506e+05
step 1678 | acc=0.6310 | NZ=   482 | sparsity=0.7769 | d_m=4.9338e+05
step 1679 | acc=0.5690 | NZ=   481 | sparsity=0.7773 | d_m=5.2374e+05
step 1680 | acc=0.5840 | NZ=   480 | sparsity=0.7778 | d_m=5.0237e+05
step 1681 | acc=0.5930 | NZ=   479 | sparsity=0.7782 | d_m=5.0870e+05
step 1682 | acc=0.5580 | NZ=   478 | sparsity=0.7787 | d_m=5.6765e+05
step 1683 | acc=0.5740 | NZ=   477 | sparsity=0.7792 | d_m=5.3703e+05
step 1684 | acc=0.5710 | NZ=   476 | sparsity=0.7796 | d_m=5.3196e+05
step 1685 | acc=0.5750 | NZ=   475 | sparsity=0.7801 | d_m=5.3642e+05
step 1686 | acc=0.5700 | NZ=   474 | sparsity=0.7806 | d_m=5.3065e+05
step 1687 | acc=0.5790 | NZ=   473 | sparsity=0.7810 | d_m=5.2715e+05
step 1688 | acc=0.5750 | NZ=   472 | sparsity=0.7815 | d_m=5.3462e+05
step 1689 | acc=0.5800 | NZ=   471 | sparsity=0.7819 | d_m=5.3352e+05
step 1690 | acc=0.5770 | NZ=   470 | sparsity=0.7824 | d_m=5.3603e+05
step 1691 | acc=0.5750 | NZ=   469 | sparsity=0.7829 | d_m=5.3645e+05
step 1692 | acc=0.5630 | NZ=   468 | sparsity=0.7833 | d_m=5.4795e+05
step 1693 | acc=0.5670 | NZ=   467 | sparsity=0.7838 | d_m=5.4690e+05
step 1694 | acc=0.5650 | NZ=   466 | sparsity=0.7843 | d_m=5.5188e+05
step 1695 | acc=0.5650 | NZ=   465 | sparsity=0.7847 | d_m=5.5110e+05
step 1696 | acc=0.5600 | NZ=   464 | sparsity=0.7852 | d_m=5.5299e+05
step 1697 | acc=0.5610 | NZ=   463 | sparsity=0.7856 | d_m=5.5206e+05
step 1698 | acc=0.5550 | NZ=   462 | sparsity=0.7861 | d_m=5.5572e+05
step 1699 | acc=0.5530 | NZ=   461 | sparsity=0.7866 | d_m=5.5360e+05
step 1700 | acc=0.5550 | NZ=   460 | sparsity=0.7870 | d_m=5.5249e+05
step 1701 | acc=0.5540 | NZ=   459 | sparsity=0.7875 | d_m=5.5171e+05
step 1702 | acc=0.5510 | NZ=   458 | sparsity=0.7880 | d_m=5.5125e+05
step 1703 | acc=0.5540 | NZ=   457 | sparsity=0.7884 | d_m=5.5610e+05
step 1704 | acc=0.5540 | NZ=   456 | sparsity=0.7889 | d_m=5.5653e+05
step 1705 | acc=0.5540 | NZ=   455 | sparsity=0.7894 | d_m=5.6125e+05
step 1706 | acc=0.5500 | NZ=   454 | sparsity=0.7898 | d_m=5.5987e+05
step 1707 | acc=0.5500 | NZ=   453 | sparsity=0.7903 | d_m=5.5891e+05
step 1708 | acc=0.5520 | NZ=   452 | sparsity=0.7907 | d_m=5.5808e+05
step 1709 | acc=0.5440 | NZ=   451 | sparsity=0.7912 | d_m=5.6690e+05
step 1710 | acc=0.5490 | NZ=   450 | sparsity=0.7917 | d_m=5.6410e+05
step 1711 | acc=0.5500 | NZ=   449 | sparsity=0.7921 | d_m=5.6315e+05
step 1712 | acc=0.5500 | NZ=   448 | sparsity=0.7926 | d_m=5.6199e+05
step 1713 | acc=0.5490 | NZ=   447 | sparsity=0.7931 | d_m=5.6109e+05
step 1714 | acc=0.5510 | NZ=   446 | sparsity=0.7935 | d_m=5.6032e+05
step 1715 | acc=0.5530 | NZ=   445 | sparsity=0.7940 | d_m=5.6321e+05
step 1716 | acc=0.5540 | NZ=   444 | sparsity=0.7944 | d_m=5.6259e+05
step 1717 | acc=0.5530 | NZ=   443 | sparsity=0.7949 | d_m=5.6204e+05
step 1718 | acc=0.5540 | NZ=   442 | sparsity=0.7954 | d_m=5.6152e+05
step 1719 | acc=0.5640 | NZ=   441 | sparsity=0.7958 | d_m=5.6197e+05
step 1720 | acc=0.5610 | NZ=   440 | sparsity=0.7963 | d_m=5.6377e+05
step 1721 | acc=0.5620 | NZ=   439 | sparsity=0.7968 | d_m=5.6282e+05
step 1722 | acc=0.5470 | NZ=   438 | sparsity=0.7972 | d_m=5.8023e+05
step 1723 | acc=0.5480 | NZ=   437 | sparsity=0.7977 | d_m=5.7340e+05
step 1724 | acc=0.5400 | NZ=   436 | sparsity=0.7981 | d_m=5.8243e+05
step 1725 | acc=0.5450 | NZ=   435 | sparsity=0.7986 | d_m=5.7936e+05
step 1726 | acc=0.5360 | NZ=   434 | sparsity=0.7991 | d_m=5.7815e+05
step 1727 | acc=0.5070 | NZ=   433 | sparsity=0.7995 | d_m=5.8292e+05
step 1728 | acc=0.5090 | NZ=   432 | sparsity=0.8000 | d_m=5.8013e+05
step 1729 | acc=0.5130 | NZ=   431 | sparsity=0.8005 | d_m=5.7750e+05
step 1730 | acc=0.5120 | NZ=   430 | sparsity=0.8009 | d_m=5.7598e+05
step 1731 | acc=0.4970 | NZ=   429 | sparsity=0.8014 | d_m=6.0466e+05
step 1732 | acc=0.4990 | NZ=   428 | sparsity=0.8019 | d_m=5.9952e+05
step 1733 | acc=0.4970 | NZ=   427 | sparsity=0.8023 | d_m=6.1131e+05
step 1734 | acc=0.4860 | NZ=   426 | sparsity=0.8028 | d_m=6.0684e+05
step 1735 | acc=0.5060 | NZ=   425 | sparsity=0.8032 | d_m=6.1852e+05
step 1736 | acc=0.5220 | NZ=   424 | sparsity=0.8037 | d_m=6.2661e+05
step 1737 | acc=0.5300 | NZ=   423 | sparsity=0.8042 | d_m=6.2376e+05
step 1738 | acc=0.5250 | NZ=   422 | sparsity=0.8046 | d_m=6.1864e+05
step 1739 | acc=0.5220 | NZ=   421 | sparsity=0.8051 | d_m=6.1490e+05
step 1740 | acc=0.5220 | NZ=   420 | sparsity=0.8056 | d_m=6.1286e+05
step 1741 | acc=0.5190 | NZ=   419 | sparsity=0.8060 | d_m=6.1096e+05
step 1742 | acc=0.5130 | NZ=   418 | sparsity=0.8065 | d_m=6.1001e+05
step 1743 | acc=0.5020 | NZ=   417 | sparsity=0.8069 | d_m=6.3231e+05
step 1744 | acc=0.4960 | NZ=   416 | sparsity=0.8074 | d_m=6.2427e+05
step 1745 | acc=0.4910 | NZ=   415 | sparsity=0.8079 | d_m=6.2209e+05
step 1746 | acc=0.4920 | NZ=   414 | sparsity=0.8083 | d_m=6.1845e+05
step 1747 | acc=0.4930 | NZ=   413 | sparsity=0.8088 | d_m=6.1537e+05
step 1748 | acc=0.4850 | NZ=   412 | sparsity=0.8093 | d_m=6.2955e+05
step 1749 | acc=0.4800 | NZ=   411 | sparsity=0.8097 | d_m=6.2725e+05
step 1750 | acc=0.4760 | NZ=   410 | sparsity=0.8102 | d_m=6.4841e+05
step 1751 | acc=0.4940 | NZ=   409 | sparsity=0.8106 | d_m=6.5994e+05
step 1752 | acc=0.4960 | NZ=   408 | sparsity=0.8111 | d_m=6.5670e+05
step 1753 | acc=0.5200 | NZ=   407 | sparsity=0.8116 | d_m=6.6211e+05
step 1754 | acc=0.5040 | NZ=   406 | sparsity=0.8120 | d_m=6.7042e+05
step 1755 | acc=0.4880 | NZ=   405 | sparsity=0.8125 | d_m=6.7306e+05
step 1756 | acc=0.4800 | NZ=   404 | sparsity=0.8130 | d_m=6.8595e+05
step 1757 | acc=0.4480 | NZ=   403 | sparsity=0.8134 | d_m=7.4049e+05
step 1758 | acc=0.4440 | NZ=   402 | sparsity=0.8139 | d_m=7.3636e+05
step 1759 | acc=0.4430 | NZ=   401 | sparsity=0.8144 | d_m=7.3058e+05
step 1760 | acc=0.4410 | NZ=   400 | sparsity=0.8148 | d_m=7.2676e+05
step 1761 | acc=0.4430 | NZ=   399 | sparsity=0.8153 | d_m=7.2198e+05
step 1762 | acc=0.4440 | NZ=   398 | sparsity=0.8157 | d_m=7.1804e+05
step 1763 | acc=0.4440 | NZ=   397 | sparsity=0.8162 | d_m=7.1770e+05
step 1764 | acc=0.4520 | NZ=   396 | sparsity=0.8167 | d_m=7.1950e+05
step 1765 | acc=0.3390 | NZ=   395 | sparsity=0.8171 | d_m=7.9915e+05
step 1766 | acc=0.3610 | NZ=   394 | sparsity=0.8176 | d_m=7.6650e+05
step 1767 | acc=0.2870 | NZ=   393 | sparsity=0.8181 | d_m=8.1104e+05
step 1768 | acc=0.2400 | NZ=   392 | sparsity=0.8185 | d_m=1.1139e+06
step 1769 | acc=0.2360 | NZ=   391 | sparsity=0.8190 | d_m=8.9562e+05
step 1770 | acc=0.2390 | NZ=   390 | sparsity=0.8194 | d_m=8.7122e+05
step 1771 | acc=0.2460 | NZ=   389 | sparsity=0.8199 | d_m=8.5711e+05
step 1772 | acc=0.2410 | NZ=   388 | sparsity=0.8204 | d_m=8.5558e+05
step 1773 | acc=0.2470 | NZ=   387 | sparsity=0.8208 | d_m=8.4592e+05
step 1774 | acc=0.2460 | NZ=   386 | sparsity=0.8213 | d_m=8.9072e+05
step 1775 | acc=0.2420 | NZ=   385 | sparsity=0.8218 | d_m=8.8266e+05
step 1776 | acc=0.2520 | NZ=   384 | sparsity=0.8222 | d_m=8.7446e+05
step 1777 | acc=0.2520 | NZ=   383 | sparsity=0.8227 | d_m=8.6396e+05
step 1778 | acc=0.2560 | NZ=   382 | sparsity=0.8231 | d_m=8.5497e+05
step 1779 | acc=0.2550 | NZ=   381 | sparsity=0.8236 | d_m=8.4686e+05
step 1780 | acc=0.2580 | NZ=   380 | sparsity=0.8241 | d_m=8.3880e+05
step 1781 | acc=0.2490 | NZ=   379 | sparsity=0.8245 | d_m=8.4150e+05
step 1782 | acc=0.2490 | NZ=   378 | sparsity=0.8250 | d_m=8.3471e+05
step 1783 | acc=0.2550 | NZ=   377 | sparsity=0.8255 | d_m=8.2876e+05
step 1784 | acc=0.2560 | NZ=   376 | sparsity=0.8259 | d_m=8.2337e+05
step 1785 | acc=0.2580 | NZ=   375 | sparsity=0.8264 | d_m=8.1893e+05
step 1786 | acc=0.2590 | NZ=   374 | sparsity=0.8269 | d_m=8.1458e+05
step 1787 | acc=0.2680 | NZ=   373 | sparsity=0.8273 | d_m=8.2613e+05
step 1788 | acc=0.2640 | NZ=   372 | sparsity=0.8278 | d_m=8.1919e+05
step 1789 | acc=0.2690 | NZ=   371 | sparsity=0.8282 | d_m=8.1367e+05
step 1790 | acc=0.2690 | NZ=   370 | sparsity=0.8287 | d_m=8.0982e+05
step 1791 | acc=0.2660 | NZ=   369 | sparsity=0.8292 | d_m=8.0657e+05
step 1792 | acc=0.2680 | NZ=   368 | sparsity=0.8296 | d_m=8.0382e+05
step 1793 | acc=0.2750 | NZ=   367 | sparsity=0.8301 | d_m=8.0838e+05
step 1794 | acc=0.2710 | NZ=   366 | sparsity=0.8306 | d_m=8.0948e+05
step 1795 | acc=0.2730 | NZ=   365 | sparsity=0.8310 | d_m=8.0750e+05
step 1796 | acc=0.2770 | NZ=   364 | sparsity=0.8315 | d_m=8.1177e+05
step 1797 | acc=0.2710 | NZ=   363 | sparsity=0.8319 | d_m=8.1277e+05
step 1798 | acc=0.2720 | NZ=   362 | sparsity=0.8324 | d_m=8.1087e+05
step 1799 | acc=0.2780 | NZ=   361 | sparsity=0.8329 | d_m=8.1455e+05
step 1800 | acc=0.2940 | NZ=   360 | sparsity=0.8333 | d_m=8.2674e+05
step 1801 | acc=0.2910 | NZ=   359 | sparsity=0.8338 | d_m=8.3419e+05
step 1802 | acc=0.2810 | NZ=   358 | sparsity=0.8343 | d_m=8.3388e+05
step 1803 | acc=0.2840 | NZ=   357 | sparsity=0.8347 | d_m=8.3314e+05
step 1804 | acc=0.2840 | NZ=   356 | sparsity=0.8352 | d_m=8.5713e+05
step 1805 | acc=0.2820 | NZ=   355 | sparsity=0.8356 | d_m=8.5102e+05
step 1806 | acc=0.2700 | NZ=   354 | sparsity=0.8361 | d_m=8.7620e+05
step 1807 | acc=0.2710 | NZ=   353 | sparsity=0.8366 | d_m=8.7278e+05
step 1808 | acc=0.2680 | NZ=   352 | sparsity=0.8370 | d_m=8.7039e+05
step 1809 | acc=0.2670 | NZ=   351 | sparsity=0.8375 | d_m=8.7040e+05
step 1810 | acc=0.2620 | NZ=   350 | sparsity=0.8380 | d_m=8.6887e+05
step 1811 | acc=0.2700 | NZ=   349 | sparsity=0.8384 | d_m=8.7060e+05
step 1812 | acc=0.2700 | NZ=   348 | sparsity=0.8389 | d_m=8.9024e+05
step 1813 | acc=0.2740 | NZ=   347 | sparsity=0.8394 | d_m=8.8350e+05
step 1814 | acc=0.2760 | NZ=   346 | sparsity=0.8398 | d_m=8.8475e+05
step 1815 | acc=0.2760 | NZ=   345 | sparsity=0.8403 | d_m=8.8128e+05
step 1816 | acc=0.2720 | NZ=   344 | sparsity=0.8407 | d_m=8.7946e+05
step 1817 | acc=0.2780 | NZ=   343 | sparsity=0.8412 | d_m=8.7944e+05
step 1818 | acc=0.2680 | NZ=   342 | sparsity=0.8417 | d_m=8.8118e+05
step 1819 | acc=0.2510 | NZ=   341 | sparsity=0.8421 | d_m=8.8500e+05
step 1820 | acc=0.2500 | NZ=   340 | sparsity=0.8426 | d_m=8.8850e+05
step 1821 | acc=0.2510 | NZ=   339 | sparsity=0.8431 | d_m=8.8684e+05
step 1822 | acc=0.2480 | NZ=   338 | sparsity=0.8435 | d_m=8.9160e+05
step 1823 | acc=0.2490 | NZ=   337 | sparsity=0.8440 | d_m=8.8999e+05
step 1824 | acc=0.2500 | NZ=   336 | sparsity=0.8444 | d_m=8.9364e+05
step 1825 | acc=0.2420 | NZ=   335 | sparsity=0.8449 | d_m=9.5589e+05
step 1826 | acc=0.2450 | NZ=   334 | sparsity=0.8454 | d_m=9.4957e+05
step 1827 | acc=0.2440 | NZ=   333 | sparsity=0.8458 | d_m=9.4488e+05
step 1828 | acc=0.2400 | NZ=   332 | sparsity=0.8463 | d_m=9.5027e+05
step 1829 | acc=0.2380 | NZ=   331 | sparsity=0.8468 | d_m=9.4679e+05
step 1830 | acc=0.2410 | NZ=   330 | sparsity=0.8472 | d_m=9.5273e+05
step 1831 | acc=0.2420 | NZ=   329 | sparsity=0.8477 | d_m=9.4870e+05
step 1832 | acc=0.2420 | NZ=   328 | sparsity=0.8481 | d_m=9.4617e+05
step 1833 | acc=0.2370 | NZ=   327 | sparsity=0.8486 | d_m=9.5412e+05
step 1834 | acc=0.2400 | NZ=   326 | sparsity=0.8491 | d_m=9.5824e+05
step 1835 | acc=0.2350 | NZ=   325 | sparsity=0.8495 | d_m=9.6842e+05
step 1836 | acc=0.2360 | NZ=   324 | sparsity=0.8500 | d_m=9.6673e+05
step 1837 | acc=0.2370 | NZ=   323 | sparsity=0.8505 | d_m=9.6535e+05
step 1838 | acc=0.2330 | NZ=   322 | sparsity=0.8509 | d_m=9.6587e+05
step 1839 | acc=0.2320 | NZ=   321 | sparsity=0.8514 | d_m=9.6466e+05
step 1840 | acc=0.2330 | NZ=   320 | sparsity=0.8519 | d_m=9.7412e+05
step 1841 | acc=0.2310 | NZ=   319 | sparsity=0.8523 | d_m=9.7416e+05
step 1842 | acc=0.2280 | NZ=   318 | sparsity=0.8528 | d_m=9.7179e+05
step 1843 | acc=0.2280 | NZ=   317 | sparsity=0.8532 | d_m=9.7031e+05
step 1844 | acc=0.2310 | NZ=   316 | sparsity=0.8537 | d_m=9.7285e+05
step 1845 | acc=0.2300 | NZ=   315 | sparsity=0.8542 | d_m=9.7148e+05
step 1846 | acc=0.2510 | NZ=   314 | sparsity=0.8546 | d_m=9.7976e+05
step 1847 | acc=0.2510 | NZ=   313 | sparsity=0.8551 | d_m=9.7770e+05
step 1848 | acc=0.2470 | NZ=   312 | sparsity=0.8556 | d_m=9.7850e+05
step 1849 | acc=0.2500 | NZ=   311 | sparsity=0.8560 | d_m=9.7722e+05
step 1850 | acc=0.2490 | NZ=   310 | sparsity=0.8565 | d_m=9.7583e+05
step 1851 | acc=0.2490 | NZ=   309 | sparsity=0.8569 | d_m=9.7454e+05
step 1852 | acc=0.2490 | NZ=   308 | sparsity=0.8574 | d_m=9.7424e+05
step 1853 | acc=0.2490 | NZ=   307 | sparsity=0.8579 | d_m=9.7403e+05
step 1854 | acc=0.2450 | NZ=   306 | sparsity=0.8583 | d_m=1.0121e+06
step 1855 | acc=0.2420 | NZ=   305 | sparsity=0.8588 | d_m=1.0008e+06
step 1856 | acc=0.2300 | NZ=   304 | sparsity=0.8593 | d_m=1.0021e+06
step 1857 | acc=0.2280 | NZ=   303 | sparsity=0.8597 | d_m=1.0002e+06
step 1858 | acc=0.2140 | NZ=   302 | sparsity=0.8602 | d_m=1.0113e+06
step 1859 | acc=0.2030 | NZ=   301 | sparsity=0.8606 | d_m=1.0291e+06
step 1860 | acc=0.2030 | NZ=   300 | sparsity=0.8611 | d_m=1.0247e+06
step 1861 | acc=0.2020 | NZ=   299 | sparsity=0.8616 | d_m=1.0221e+06
step 1862 | acc=0.2000 | NZ=   298 | sparsity=0.8620 | d_m=1.0198e+06
step 1863 | acc=0.1990 | NZ=   297 | sparsity=0.8625 | d_m=1.0256e+06
step 1864 | acc=0.1990 | NZ=   296 | sparsity=0.8630 | d_m=1.0230e+06
step 1865 | acc=0.1940 | NZ=   295 | sparsity=0.8634 | d_m=1.0235e+06
step 1866 | acc=0.1950 | NZ=   294 | sparsity=0.8639 | d_m=1.0306e+06
step 1867 | acc=0.1950 | NZ=   293 | sparsity=0.8644 | d_m=1.0970e+06
step 1868 | acc=0.1920 | NZ=   292 | sparsity=0.8648 | d_m=1.0954e+06
step 1869 | acc=0.1930 | NZ=   291 | sparsity=0.8653 | d_m=1.1013e+06
step 1870 | acc=0.1920 | NZ=   290 | sparsity=0.8657 | d_m=1.1012e+06
step 1871 | acc=0.1910 | NZ=   289 | sparsity=0.8662 | d_m=1.1002e+06
step 1872 | acc=0.1960 | NZ=   288 | sparsity=0.8667 | d_m=1.1194e+06
step 1873 | acc=0.1960 | NZ=   287 | sparsity=0.8671 | d_m=1.1180e+06
step 1874 | acc=0.1980 | NZ=   286 | sparsity=0.8676 | d_m=1.1220e+06
step 1875 | acc=0.1980 | NZ=   285 | sparsity=0.8681 | d_m=1.1206e+06
step 1876 | acc=0.1930 | NZ=   284 | sparsity=0.8685 | d_m=1.1203e+06
step 1877 | acc=0.1950 | NZ=   283 | sparsity=0.8690 | d_m=1.1192e+06
step 1878 | acc=0.1930 | NZ=   282 | sparsity=0.8694 | d_m=1.1750e+06
step 1879 | acc=0.1870 | NZ=   281 | sparsity=0.8699 | d_m=1.1678e+06
step 1880 | acc=0.1890 | NZ=   280 | sparsity=0.8704 | d_m=1.1595e+06
step 1881 | acc=0.1840 | NZ=   279 | sparsity=0.8708 | d_m=1.1558e+06
step 1882 | acc=0.1870 | NZ=   278 | sparsity=0.8713 | d_m=1.1511e+06
step 1883 | acc=0.1860 | NZ=   277 | sparsity=0.8718 | d_m=1.1474e+06