step,NZ,total_W,sparsity,val_acc,d_manifold,d_W,prune_time_s,adjust_time_s,candidate_layer,candidate_i,candidate_j,layer_0_NZ,layer_1_NZ,layer_2_NZ
0,2160,2160,0.0,0.916,0.000000e+00,2.137296e-06,0.0001,4.8603,0,8,7,1959,100,100
1,2159,2160,0.000463,0.916,2.300307e-06,4.069174e-05,0.0001,3.3539,0,2,14,1958,100,100
2,2158,2160,0.000926,0.916,1.423211e-03,4.202321e-05,0.0001,3.3327,0,2,25,1957,100,100
3,2157,2160,0.001389,0.916,2.377414e-03,5.371869e-05,0.0001,3.3316,0,8,25,1956,100,100
4,2156,2160,0.001852,0.916,6.790853e-03,6.016984e-05,0.0001,3.415,0,2,169,1955,100,100
5,2155,2160,0.002315,0.916,9.255878e-03,5.864943e-05,0.0001,3.3364,0,6,0,1954,100,100
6,2154,2160,0.002778,0.916,7.417242e-03,5.861708e-05,0.0001,3.3406,0,6,21,1953,100,100
7,2153,2160,0.003241,0.916,6.286801e-03,6.362779e-05,0.0001,3.3378,0,3,55,1952,100,100
8,2152,2160,0.003704,0.916,8.865668e-03,7.022743e-05,0.0001,3.3415,0,5,156,1951,100,100
9,2151,2160,0.004167,0.916,1.740934e-02,7.311011e-05,0.0001,3.3374,0,6,6,1950,100,100
10,2150,2160,0.00463,0.916,1.181754e-02,7.999352e-05,0.0001,3.3473,0,0,153,1949,100,100
11,2149,2160,0.005093,0.916,1.166825e-02,1.048057e-04,0.0001,3.3475,0,7,155,1948,100,100
12,2148,2160,0.005556,0.916,2.438201e-02,1.085973e-04,0.0001,3.336,0,6,51,1947,100,100
13,2147,2160,0.006019,0.916,1.831285e-02,1.169878e-04,0.0001,3.3306,0,1,175,1946,100,100
14,2146,2160,0.006481,0.916,2.458459e-02,1.176990e-04,0.0001,3.3434,0,9,30,1945,100,100
15,2145,2160,0.006944,0.916,2.561812e-02,1.331199e-04,0.0001,3.3751,0,5,29,1944,100,100
16,2144,2160,0.007407,0.916,6.444251e-02,1.436204e-04,0.0001,3.3713,0,8,4,1943,100,100
17,2143,2160,0.00787,0.916,6.501045e-02,1.376785e-04,0.0001,3.3535,0,1,4,1942,100,100
18,2142,2160,0.008333,0.916,6.695808e-02,1.377515e-04,0.0001,3.3811,0,6,28,1941,100,100
19,2141,2160,0.008796,0.916,5.892742e-02,1.827477e-04,0.0001,3.3546,0,0,68,1940,100,100
20,2140,2160,0.009259,0.916,7.109852e-02,1.929281e-04,0.0001,3.3322,0,8,88,1939,100,100
21,2139,2160,0.009722,0.916,1.062310e-01,1.906531e-04,0.0001,3.3358,0,6,105,1938,100,100
22,2138,2160,0.010185,0.916,8.925883e-02,2.460081e-04,0.0001,3.338,0,8,183,1937,100,100
23,2137,2160,0.010648,0.916,1.547200e-01,2.643470e-04,0.0001,3.3447,0,6,67,1936,100,100
24,2136,2160,0.011111,0.916,1.304959e-01,2.708409e-04,0.0001,3.3383,0,9,42,1935,100,100
25,2135,2160,0.011574,0.916,1.575690e-01,2.787424e-04,0.0001,3.3397,0,9,40,1934,100,100
26,2134,2160,0.012037,0.916,1.758843e-01,2.823450e-04,0.0001,3.3313,0,6,120,1933,100,100
27,2133,2160,0.0125,0.916,1.484775e-01,3.052808e-04,0.0001,3.3427,0,9,4,1932,100,100
28,2132,2160,0.012963,0.916,1.869648e-01,3.146275e-04,0.0001,3.3263,0,8,98,1931,100,100
29,2131,2160,0.013426,0.916,2.856506e-01,3.186199e-04,0.0001,3.339,0,3,191,1930,100,100
30,2130,2160,0.013889,0.916,3.356422e-01,3.492375e-04,0.0001,3.3409,0,7,56,1929,100,100
31,2129,2160,0.014352,0.916,5.080875e-01,3.603392e-04,0.0001,3.3292,0,0,116,1928,100,100
32,2128,2160,0.014815,0.916,4.935520e-01,3.780174e-04,0.0001,3.3285,0,3,123,1927,100,100
33,2127,2160,0.015278,0.916,5.568278e-01,3.827765e-04,0.0001,3.341,0,6,136,1926,100,100
34,2126,2160,0.015741,0.916,4.861891e-01,3.911734e-04,0.0001,3.3284,0,4,67,1925,100,100
35,2125,2160,0.016204,0.916,5.881084e-01,3.919661e-04,0.0001,3.3334,0,6,104,1924,100,100
36,2124,2160,0.016667,0.917,5.149772e-01,4.067071e-04,0.0001,3.3382,0,8,112,1923,100,100
37,2123,2160,0.01713,0.917,6.694751e-01,4.057338e-04,0.0001,3.3188,0,9,73,1922,100,100
38,2122,2160,0.017593,0.916,6.710229e-01,4.085355e-04,0.0001,3.3246,0,9,184,1921,100,100
39,2121,2160,0.018056,0.916,6.841892e-01,4.318731e-04,0.0001,3.3372,0,5,75,1920,100,100
40,2120,2160,0.018519,0.917,1.036942e+00,4.332335e-04,0.0001,3.3286,0,1,97,1919,100,100
41,2119,2160,0.018981,0.917,9.436977e-01,4.417947e-04,0.0001,3.3338,0,3,10,1918,100,100
42,2118,2160,0.019444,0.917,9.627858e-01,4.458705e-04,0.0001,3.3288,0,3,158,1917,100,100
43,2117,2160,0.019907,0.917,1.037007e+00,4.568218e-04,0.0001,3.3281,0,6,153,1916,100,100
44,2116,2160,0.02037,0.917,9.267247e-01,4.673518e-04,0.0001,3.3361,0,1,41,1915,100,100
45,2115,2160,0.020833,0.917,1.026376e+00,4.779297e-04,0.0001,3.32,0,3,170,1914,100,100
46,2114,2160,0.021296,0.917,1.139449e+00,4.956991e-04,0.0001,3.3258,0,8,180,1913,100,100
47,2113,2160,0.021759,0.917,1.333486e+00,5.126886e-04,0.0001,3.3189,0,8,96,1912,100,100
48,2112,2160,0.022222,0.917,1.506252e+00,5.312886e-04,0.0001,3.3382,0,7,188,1911,100,100
49,2111,2160,0.022685,0.917,1.816793e+00,5.298174e-04,0.0001,3.3341,0,9,54,1910,100,100
50,2110,2160,0.023148,0.916,1.748519e+00,5.434793e-04,0.0001,3.3296,0,8,11,1909,100,100
51,2109,2160,0.023611,0.916,1.923979e+00,5.481553e-04,0.0001,3.3379,0,0,155,1908,100,100
52,2108,2160,0.024074,0.917,1.854864e+00,5.411915e-04,0.0001,3.3299,0,6,59,1907,100,100
53,2107,2160,0.024537,0.916,1.644528e+00,5.522285e-04,0.0001,3.3403,0,8,61,1906,100,100
54,2106,2160,0.025,0.917,1.883121e+00,5.558808e-04,0.0001,3.3368,0,1,21,1905,100,100
55,2105,2160,0.025463,0.916,1.935433e+00,5.631485e-04,0.0001,3.3264,0,9,104,1904,100,100
56,2104,2160,0.025926,0.916,1.929191e+00,6.093934e-04,0.0001,3.3185,0,5,42,1903,100,100
57,2103,2160,0.026389,0.916,2.739962e+00,6.107306e-04,0.0001,3.3343,0,2,185,1902,100,100
58,2102,2160,0.026852,0.916,2.714025e+00,6.262817e-04,0.0001,3.3289,0,1,115,1901,100,100
59,2101,2160,0.027315,0.916,2.591269e+00,6.294079e-04,0.0001,3.3231,0,1,193,1900,100,100
60,2100,2160,0.027778,0.916,2.570928e+00,6.496107e-04,0.0001,3.3349,0,2,119,1899,100,100
61,2099,2160,0.028241,0.917,2.813315e+00,6.531046e-04,0.0001,3.3422,0,7,27,1898,100,100
62,2098,2160,0.028704,0.917,3.209821e+00,6.560403e-04,0.0001,3.3245,0,6,190,1897,100,100
63,2097,2160,0.029167,0.917,2.824117e+00,6.619585e-04,0.0001,3.3595,0,9,137,1896,100,100
64,2096,2160,0.02963,0.917,2.799472e+00,6.605043e-04,0.0001,3.3454,0,6,15,1895,100,100
65,2095,2160,0.030093,0.917,2.538902e+00,6.811190e-04,0.0001,3.328,0,8,125,1894,100,100
66,2094,2160,0.030556,0.917,2.922804e+00,6.850598e-04,0.0001,3.3374,0,6,40,1893,100,100
67,2093,2160,0.031019,0.917,2.642878e+00,6.963437e-04,0.0001,3.3379,0,7,186,1892,100,100
68,2092,2160,0.031481,0.917,3.315752e+00,7.096236e-04,0.0001,3.331,0,8,39,1891,100,100
69,2091,2160,0.031944,0.916,3.578172e+00,6.989655e-04,0.0001,3.3431,0,6,140,1890,100,100
70,2090,2160,0.032407,0.916,3.214906e+00,7.202410e-04,0.0001,3.3336,0,2,167,1889,100,100
71,2089,2160,0.03287,0.917,3.707934e+00,7.319433e-04,0.0001,3.3429,0,7,126,1888,100,100
72,2088,2160,0.033333,0.916,4.277909e+00,7.335445e-04,0.0001,3.3443,0,4,0,1887,100,100
73,2087,2160,0.033796,0.917,4.354432e+00,7.594041e-04,0.0001,3.3379,0,5,27,1886,100,100
74,2086,2160,0.034259,0.917,5.316214e+00,7.617372e-04,0.0001,3.342,1,4,3,1886,99,100
75,2085,2160,0.034722,0.916,4.652965e+00,7.486753e-04,0.0001,3.3516,0,9,194,1885,99,100
76,2084,2160,0.035185,0.916,4.338608e+00,7.686631e-04,0.0001,3.3392,0,0,158,1884,99,100
77,2083,2160,0.035648,0.916,4.173348e+00,7.655975e-04,0.0001,3.3312,0,4,168,1883,99,100
78,2082,2160,0.036111,0.916,4.310264e+00,7.600316e-04,0.0002,3.3264,0,6,189,1882,99,100
79,2081,2160,0.036574,0.916,3.914055e+00,7.625085e-04,0.0001,3.3342,0,3,138,1881,99,100
80,2080,2160,0.037037,0.916,4.231413e+00,7.839595e-04,0.0001,3.3364,0,8,10,1880,99,100
81,2079,2160,0.0375,0.916,4.768385e+00,8.014361e-04,0.0001,3.3229,0,0,94,1879,99,100
82,2078,2160,0.037963,0.916,4.679387e+00,7.998262e-04,0.0001,3.3306,0,7,127,1878,99,100
83,2077,2160,0.038426,0.916,5.354450e+00,7.930166e-04,0.0001,3.3325,0,3,143,1877,99,100
84,2076,2160,0.038889,0.917,5.452637e+00,8.024164e-04,0.0001,3.3324,0,9,75,1876,99,100
85,2075,2160,0.039352,0.917,5.425610e+00,8.114889e-04,0.0001,3.3303,0,7,5,1875,99,100
86,2074,2160,0.039815,0.917,6.131373e+00,8.192819e-04,0.0001,3.3375,0,7,184,1874,99,100
87,2073,2160,0.040278,0.917,6.763235e+00,8.436297e-04,0.0001,3.3253,0,0,163,1873,99,100
88,2072,2160,0.040741,0.917,6.448468e+00,8.284361e-04,0.0001,3.3388,1,0,5,1873,98,100
89,2071,2160,0.041204,0.916,5.846588e+00,8.273808e-04,0.0001,3.341,0,0,27,1872,98,100
90,2070,2160,0.041667,0.916,5.969837e+00,8.530350e-04,0.0001,3.3393,0,7,119,1871,98,100
91,2069,2160,0.04213,0.916,6.933964e+00,8.557731e-04,0.0001,3.3227,0,2,195,1870,98,100
92,2068,2160,0.042593,0.916,7.315629e+00,8.577096e-04,0.0001,3.331,0,6,53,1869,98,100
93,2067,2160,0.043056,0.916,6.661371e+00,8.938987e-04,0.0001,3.339,0,1,191,1868,98,100
94,2066,2160,0.043519,0.916,6.876853e+00,8.882151e-04,0.0001,3.3239,2,5,0,1868,98,99
95,2065,2160,0.043981,0.916,6.374364e+00,9.265770e-04,0.0001,3.3306,0,8,146,1867,98,99
96,2064,2160,0.044444,0.917,7.011581e+00,9.732415e-04,0.0001,3.3318,0,2,32,1866,98,99
97,2063,2160,0.044907,0.917,7.726551e+00,9.862699e-04,0.0001,3.3279,0,9,154,1865,98,99
98,2062,2160,0.04537,0.917,7.634314e+00,9.785538e-04,0.0001,3.3252,0,6,74,1864,98,99
99,2061,2160,0.045833,0.916,7.059319e+00,9.794655e-04,0.0001,3.3356,0,3,27,1863,98,99
100,2060,2160,0.046296,0.916,7.590856e+00,9.855815e-04,0.0001,3.3273,0,6,33,1862,98,99
101,2059,2160,0.046759,0.916,7.184904e+00,1.016796e-03,0.0001,3.3349,0,6,188,1861,98,99
102,2058,2160,0.047222,0.916,6.863155e+00,1.041194e-03,0.0001,3.3359,0,8,181,1860,98,99
103,2057,2160,0.047685,0.916,7.931724e+00,1.077136e-03,0.0001,3.3274,0,5,83,1859,98,99
104,2056,2160,0.048148,0.917,1.041033e+01,1.050204e-03,0.0001,3.3307,0,6,23,1858,98,99
105,2055,2160,0.048611,0.917,8.911598e+00,1.053344e-03,0.0001,3.3431,0,2,99,1857,98,99
106,2054,2160,0.049074,0.917,9.526121e+00,1.060891e-03,0.0001,3.3332,0,8,47,1856,98,99
107,2053,2160,0.049537,0.916,9.839615e+00,1.047978e-03,0.0001,3.3378,0,9,87,1855,98,99
108,2052,2160,0.05,0.916,9.516902e+00,1.069165e-03,0.0001,3.354,0,4,9,1854,98,99
109,2051,2160,0.050463,0.916,9.940877e+00,1.083145e-03,0.0001,3.336,0,9,25,1853,98,99
110,2050,2160,0.050926,0.916,9.953626e+00,1.128715e-03,0.0001,3.3434,0,2,182,1852,98,99
111,2049,2160,0.051389,0.916,1.097789e+01,1.184330e-03,0.0001,3.3374,0,0,151,1851,98,99
112,2048,2160,0.051852,0.916,1.072155e+01,1.173166e-03,0.0001,3.3309,0,3,180,1850,98,99
113,2047,2160,0.052315,0.916,1.113602e+01,1.230185e-03,0.0001,3.3277,0,5,180,1849,98,99
114,2046,2160,0.052778,0.916,1.442150e+01,1.175575e-03,0.0001,3.3376,0,4,180,1848,98,99
115,2045,2160,0.053241,0.916,1.267942e+01,1.229910e-03,0.0001,3.326,0,7,16,1847,98,99
116,2044,2160,0.053704,0.916,1.419975e+01,1.225422e-03,0.0001,3.3393,0,1,62,1846,98,99
117,2043,2160,0.054167,0.917,1.386462e+01,1.235099e-03,0.0001,3.3396,0,2,111,1845,98,99
118,2042,2160,0.05463,0.917,1.456881e+01,1.278260e-03,0.0001,3.3361,2,7,4,1845,98,98
119,2041,2160,0.055093,0.918,1.385569e+01,1.246697e-03,0.0001,3.3203,0,7,183,1844,98,98
120,2040,2160,0.055556,0.918,1.536914e+01,1.301263e-03,0.0001,3.3207,0,8,108,1843,98,98
121,2039,2160,0.056019,0.918,1.588768e+01,1.292926e-03,0.0001,3.3266,0,6,137,1842,98,98
122,2038,2160,0.056481,0.918,1.443020e+01,1.327286e-03,0.0001,3.3246,0,0,7,1841,98,98
123,2037,2160,0.056944,0.918,1.461874e+01,1.351901e-03,0.0001,3.338,0,0,19,1840,98,98
124,2036,2160,0.057407,0.918,1.445177e+01,1.350807e-03,0.0001,3.3333,0,0,32,1839,98,98
125,2035,2160,0.05787,0.918,1.425101e+01,1.352023e-03,0.0001,3.3281,0,8,111,1838,98,98
126,2034,2160,0.058333,0.918,1.482026e+01,1.343015e-03,0.0001,3.3278,0,4,194,1837,98,98
127,2033,2160,0.058796,0.918,1.559673e+01,1.340201e-03,0.0001,3.326,0,4,15,1836,98,98
128,2032,2160,0.059259,0.918,1.642040e+01,1.374077e-03,0.0001,3.3355,0,7,115,1835,98,98
129,2031,2160,0.059722,0.918,1.906133e+01,1.402940e-03,0.0001,3.3249,0,0,28,1834,98,98
130,2030,2160,0.060185,0.918,1.878019e+01,1.415078e-03,0.0001,3.3211,0,8,19,1833,98,98
131,2029,2160,0.060648,0.917,2.020592e+01,1.425704e-03,0.0001,3.3359,0,0,184,1832,98,98
132,2028,2160,0.061111,0.917,1.984626e+01,1.423376e-03,0.0001,3.3301,0,0,111,1831,98,98
133,2027,2160,0.061574,0.917,1.952727e+01,1.466387e-03,0.0001,3.3465,0,5,168,1830,98,98
134,2026,2160,0.062037,0.916,2.453343e+01,1.430544e-03,0.0001,3.3377,0,6,118,1829,98,98
135,2025,2160,0.0625,0.917,2.163583e+01,1.441087e-03,0.0001,3.3367,0,4,28,1828,98,98
136,2024,2160,0.062963,0.917,2.142740e+01,1.455700e-03,0.0001,3.3304,0,0,16,1827,98,98
137,2023,2160,0.063426,0.917,2.084530e+01,1.439970e-03,0.0001,3.3437,0,6,75,1826,98,98
138,2022,2160,0.063889,0.917,1.928734e+01,1.451313e-03,0.0001,3.34,0,9,95,1825,98,98
139,2021,2160,0.064352,0.916,1.951572e+01,1.458158e-03,0.0001,3.3305,0,3,126,1824,98,98
140,2020,2160,0.064815,0.916,2.067783e+01,1.482249e-03,0.0001,3.3335,0,1,195,1823,98,98
141,2019,2160,0.065278,0.916,2.148975e+01,1.506676e-03,0.0001,3.333,0,7,82,1822,98,98
142,2018,2160,0.065741,0.916,2.389318e+01,1.520195e-03,0.0001,3.3329,0,7,3,1821,98,98
143,2017,2160,0.066204,0.916,2.593013e+01,1.540194e-03,0.0001,3.3359,0,2,184,1820,98,98
144,2016,2160,0.066667,0.916,2.746308e+01,1.528841e-03,0.0001,3.3377,1,9,0,1820,97,98
145,2015,2160,0.06713,0.916,2.549693e+01,1.541764e-03,0.0001,3.3377,0,4,73,1819,97,98
146,2014,2160,0.067593,0.916,2.611205e+01,1.613278e-03,0.0001,3.3332,0,5,2,1818,97,98
147,2013,2160,0.068056,0.916,3.106100e+01,1.647234e-03,0.0001,3.3341,0,5,47,1817,97,98
148,2012,2160,0.068519,0.916,3.454625e+01,1.686616e-03,0.0001,3.3226,0,5,88,1816,97,98
149,2011,2160,0.068981,0.916,3.721963e+01,1.623860e-03,0.0001,3.3252,0,6,62,1815,97,98
150,2010,2160,0.069444,0.916,3.151714e+01,1.654676e-03,0.0001,3.3251,0,0,169,1814,97,98
151,2009,2160,0.069907,0.916,2.912144e+01,1.636425e-03,0.0001,3.327,0,9,78,1813,97,98
152,2008,2160,0.07037,0.916,2.760041e+01,1.631519e-03,0.0001,3.3274,0,1,152,1812,97,98
153,2007,2160,0.070833,0.916,2.753236e+01,1.631464e-03,0.0001,3.3328,0,1,25,1811,97,98
154,2006,2160,0.071296,0.916,2.803078e+01,1.638834e-03,0.0001,3.3152,0,2,56,1810,97,98
155,2005,2160,0.071759,0.916,3.018524e+01,1.636639e-03,0.0001,3.3348,0,0,2,1809,97,98
156,2004,2160,0.072222,0.916,2.963762e+01,1.617400e-03,0.0001,3.3131,0,9,126,1808,97,98
157,2003,2160,0.072685,0.916,2.829182e+01,1.638221e-03,0.0001,3.3348,0,3,151,1807,97,98
158,2002,2160,0.073148,0.916,2.909248e+01,1.610551e-03,0.0001,3.3288,0,9,152,1806,97,98
159,2001,2160,0.073611,0.916,2.830415e+01,1.715245e-03,0.0001,3.3358,0,5,183,1805,97,98
160,2000,2160,0.074074,0.916,3.576267e+01,1.706154e-03,0.0001,3.3333,0,0,154,1804,97,98
161,1999,2160,0.074537,0.916,3.315636e+01,1.705615e-03,0.0001,3.3349,0,7,55,1803,97,98
162,1998,2160,0.075,0.916,3.473507e+01,1.714401e-03,0.0001,3.3326,0,8,110,1802,97,98
163,1997,2160,0.075463,0.916,3.489384e+01,1.761179e-03,0.0001,3.3338,1,1,5,1802,96,98
164,1996,2160,0.075926,0.917,3.299413e+01,1.706313e-03,0.0001,3.3404,0,4,178,1801,96,98
165,1995,2160,0.076389,0.916,3.335657e+01,1.736549e-03,0.0001,3.3331,0,8,150,1800,96,98
166,1994,2160,0.076852,0.916,3.490134e+01,1.713427e-03,0.0001,3.3462,0,3,92,1799,96,98
167,1993,2160,0.077315,0.916,3.535197e+01,1.764181e-03,0.0001,3.3356,0,4,31,1798,96,98
168,1992,2160,0.077778,0.916,3.643227e+01,1.787734e-03,0.0001,3.3386,0,2,59,1797,96,98
169,1991,2160,0.078241,0.916,3.863919e+01,1.787157e-03,0.0001,3.3306,0,1,65,1796,96,98
170,1990,2160,0.078704,0.917,3.845318e+01,1.804733e-03,0.0001,3.3172,0,0,185,1795,96,98
171,1989,2160,0.079167,0.917,3.763594e+01,1.813934e-03,0.0001,3.3448,0,0,125,1794,96,98
172,1988,2160,0.07963,0.917,3.722496e+01,1.826798e-03,0.0001,3.3554,0,0,72,1793,96,98
173,1987,2160,0.080093,0.917,3.652846e+01,1.795092e-03,0.0001,3.3319,0,3,56,1792,96,98
174,1986,2160,0.080556,0.917,3.680761e+01,1.830616e-03,0.0001,3.3251,0,0,127,1791,96,98
175,1985,2160,0.081019,0.917,3.692980e+01,1.840957e-03,0.0001,3.3354,0,8,57,1790,96,98
176,1984,2160,0.081481,0.917,3.913388e+01,1.816186e-03,0.0002,3.3488,2,6,2,1790,96,97
177,1983,2160,0.081944,0.917,3.731241e+01,1.804055e-03,0.0001,3.3333,0,9,193,1789,96,97
178,1982,2160,0.082407,0.917,3.787550e+01,1.820219e-03,0.0001,3.3363,0,9,28,1788,96,97
179,1981,2160,0.08287,0.917,3.842011e+01,1.836607e-03,0.0001,3.3439,0,1,42,1787,96,97
180,1980,2160,0.083333,0.917,3.959982e+01,1.823879e-03,0.0001,3.3532,0,6,20,1786,96,97
181,1979,2160,0.083796,0.917,3.775167e+01,1.878510e-03,0.0001,3.3225,0,7,69,1785,96,97
182,1978,2160,0.084259,0.917,4.263525e+01,1.901543e-03,0.0001,3.3392,0,0,83,1784,96,97
183,1977,2160,0.084722,0.917,4.354760e+01,1.894550e-03,0.0001,3.3437,1,0,0,1784,95,97
184,1976,2160,0.085185,0.917,4.109298e+01,1.933453e-03,0.0001,3.333,0,8,126,1783,95,97
185,1975,2160,0.085648,0.917,4.426122e+01,1.951962e-03,0.0001,3.3312,0,0,54,1782,95,97
186,1974,2160,0.086111,0.917,4.386724e+01,1.962414e-03,0.0001,3.3438,0,8,124,1781,95,97
187,1973,2160,0.086574,0.917,4.600000e+01,1.968869e-03,0.0001,3.3406,0,1,11,1780,95,97
188,1972,2160,0.087037,0.917,4.653839e+01,1.951884e-03,0.0001,3.331,1,5,0,1780,94,97
189,1971,2160,0.0875,0.917,4.529329e+01,1.942561e-03,0.0001,3.3388,0,6,24,1779,94,97
190,1970,2160,0.087963,0.917,4.361095e+01,1.966628e-03,0.0001,3.3524,0,4,56,1778,94,97
191,1969,2160,0.088426,0.917,4.673287e+01,1.982471e-03,0.0001,3.3338,0,1,46,1777,94,97
192,1968,2160,0.088889,0.917,4.845888e+01,2.001371e-03,0.0001,3.3222,0,7,84,1776,94,97
193,1967,2160,0.089352,0.917,5.352521e+01,2.090054e-03,0.0001,3.3286,0,5,140,1775,94,97
194,1966,2160,0.089815,0.917,6.143114e+01,2.066591e-03,0.0001,3.3305,0,0,36,1774,94,97
195,1965,2160,0.090278,0.917,5.707170e+01,2.008953e-03,0.0001,3.3319,0,9,175,1773,94,97
196,1964,2160,0.090741,0.917,5.504569e+01,2.008470e-03,0.0001,3.3289,0,9,164,1772,94,97
197,1963,2160,0.091204,0.917,5.419782e+01,1.987471e-03,0.0001,3.3362,0,6,42,1771,94,97
198,1962,2160,0.091667,0.917,5.161238e+01,2.012306e-03,0.0001,3.336,0,7,4,1770,94,97
199,1961,2160,0.09213,0.917,5.827878e+01,2.022339e-03,0.0001,3.35,0,8,2,1769,94,97
200,1960,2160,0.092593,0.917,6.366157e+01,2.007806e-03,0.0001,3.3428,0,6,194,1768,94,97
201,1959,2160,0.093056,0.917,6.110666e+01,2.030455e-03,0.0001,3.3375,0,6,171,1767,94,97
202,1958,2160,0.093519,0.917,5.922309e+01,2.040679e-03,0.0001,3.3323,0,3,112,1766,94,97
203,1957,2160,0.093981,0.917,6.185014e+01,2.093027e-03,0.0001,3.3342,0,0,45,1765,94,97
204,1956,2160,0.094444,0.917,6.200118e+01,2.137158e-03,0.0001,3.3347,0,0,123,1764,94,97
205,1955,2160,0.094907,0.917,6.186931e+01,2.133386e-03,0.0001,3.3249,0,4,169,1763,94,97
206,1954,2160,0.09537,0.917,6.397269e+01,2.117568e-03,0.0001,3.3413,0,6,38,1762,94,97
207,1953,2160,0.095833,0.917,6.147079e+01,2.239623e-03,0.0001,3.3255,0,5,191,1761,94,97
208,1952,2160,0.096296,0.917,7.286435e+01,2.216379e-03,0.0001,3.3347,0,4,185,1760,94,97
209,1951,2160,0.096759,0.917,7.127638e+01,2.146716e-03,0.0001,3.3372,0,9,2,1759,94,97
210,1950,2160,0.097222,0.916,6.674893e+01,2.155889e-03,0.0001,3.3277,0,3,185,1758,94,97
211,1949,2160,0.097685,0.917,6.566335e+01,2.237284e-03,0.0001,3.3051,0,0,170,1757,94,97
212,1948,2160,0.098148,0.916,6.635598e+01,2.254336e-03,0.0001,3.3397,0,7,148,1756,94,97
213,1947,2160,0.098611,0.916,7.225001e+01,2.353787e-03,0.0001,3.318,0,5,186,1755,94,97
214,1946,2160,0.099074,0.916,8.291372e+01,2.269909e-03,0.0001,3.3395,0,6,72,1754,94,97
215,1945,2160,0.099537,0.916,7.535345e+01,2.256209e-03,0.0001,3.3214,0,9,179,1753,94,97
216,1944,2160,0.1,0.917,7.388647e+01,2.344044e-03,0.0001,3.3385,0,7,7,1752,94,97
217,1943,2160,0.100463,0.917,7.983579e+01,2.343992e-03,0.0001,3.3165,0,7,112,1751,94,97
218,1942,2160,0.100926,0.916,8.391660e+01,2.320358e-03,0.0001,3.334,0,3,195,1750,94,97
219,1941,2160,0.101389,0.917,8.376733e+01,2.389061e-03,0.0001,3.3289,0,0,182,1749,94,97
220,1940,2160,0.101852,0.917,8.235855e+01,2.338206e-03,0.0001,3.3354,0,6,166,1748,94,97
221,1939,2160,0.102315,0.917,7.824745e+01,2.342573e-03,0.0001,3.3277,0,3,70,1747,94,97
222,1938,2160,0.102778,0.917,8.105826e+01,2.353949e-03,0.0001,3.3423,0,6,172,1746,94,97
223,1937,2160,0.103241,0.917,7.851995e+01,2.384492e-03,0.0001,3.3254,0,1,148,1745,94,97
224,1936,2160,0.103704,0.917,8.057326e+01,2.419030e-03,0.0001,3.3364,0,7,59,1744,94,97
225,1935,2160,0.104167,0.917,8.927580e+01,2.402208e-03,0.0001,3.3414,2,8,0,1744,94,96
226,1934,2160,0.10463,0.917,8.512271e+01,2.430826e-03,0.0001,3.3399,0,4,6,1743,94,96
227,1933,2160,0.105093,0.917,8.757135e+01,2.442764e-03,0.0001,3.3356,0,2,8,1742,94,96
228,1932,2160,0.105556,0.917,9.143074e+01,2.409709e-03,0.0001,3.3247,0,6,37,1741,94,96
229,1931,2160,0.106019,0.917,8.681309e+01,2.408256e-03,0.0001,3.3359,0,6,148,1740,94,96
230,1930,2160,0.106481,0.917,8.365996e+01,2.417721e-03,0.0001,3.3394,0,3,181,1739,94,96
231,1929,2160,0.106944,0.917,8.728872e+01,2.375947e-03,0.0001,3.3473,0,4,8,1738,94,96
232,1928,2160,0.107407,0.918,8.655287e+01,2.482071e-03,0.0001,3.3419,0,0,152,1737,94,96
233,1927,2160,0.10787,0.918,8.655855e+01,2.480864e-03,0.0001,3.3246,0,0,26,1736,94,96
234,1926,2160,0.108333,0.918,8.591943e+01,2.432778e-03,0.0001,3.3272,0,6,18,1735,94,96
235,1925,2160,0.108796,0.918,8.250903e+01,2.459538e-03,0.0001,3.3302,0,4,16,1734,94,96
236,1924,2160,0.109259,0.917,8.684918e+01,2.489559e-03,0.0001,3.3291,0,7,18,1733,94,96
237,1923,2160,0.109722,0.917,9.458908e+01,2.483697e-03,0.0001,3.338,0,3,142,1732,94,96
238,1922,2160,0.110185,0.918,9.627049e+01,2.463311e-03,0.0001,3.3326,0,6,57,1731,94,96
239,1921,2160,0.110648,0.918,9.256146e+01,2.520789e-03,0.0001,3.3314,0,5,7,1730,94,96
240,1920,2160,0.111111,0.918,1.147162e+02,2.541380e-03,0.0001,3.3376,0,2,28,1729,94,96
241,1919,2160,0.111574,0.918,1.174638e+02,2.581176e-03,0.0001,3.3307,0,0,134,1728,94,96
242,1918,2160,0.112037,0.917,1.143932e+02,2.528033e-03,0.0002,3.3455,0,3,9,1727,94,96
243,1917,2160,0.1125,0.918,1.151929e+02,2.512359e-03,0.0001,3.336,0,9,9,1726,94,96
244,1916,2160,0.112963,0.919,1.078768e+02,2.528771e-03,0.0001,3.3331,0,6,4,1725,94,96
245,1915,2160,0.113426,0.919,1.041101e+02,2.557273e-03,0.0001,3.348,1,2,1,1725,93,96
246,1914,2160,0.113889,0.919,1.025922e+02,2.599052e-03,0.0001,3.3405,0,4,71,1724,93,96
247,1913,2160,0.114352,0.919,1.063623e+02,2.639158e-03,0.0001,3.3312,0,8,5,1723,93,96
248,1912,2160,0.114815,0.919,1.111309e+02,2.668570e-03,0.0001,3.3427,0,8,153,1722,93,96
249,1911,2160,0.115278,0.917,1.159902e+02,2.627065e-03,0.0001,3.3356,0,3,166,1721,93,96
250,1910,2160,0.115741,0.918,1.177661e+02,2.659943e-03,0.0001,3.339,0,2,30,1720,93,96
251,1909,2160,0.116204,0.918,1.234339e+02,2.569588e-03,0.0001,3.3344,0,5,153,1719,93,96
252,1908,2160,0.116667,0.917,1.386933e+02,2.655436e-03,0.0001,3.341,0,1,184,1718,93,96
253,1907,2160,0.11713,0.917,1.390873e+02,2.688856e-03,0.0001,3.3259,0,4,97,1717,93,96
254,1906,2160,0.117593,0.918,1.400041e+02,2.700143e-03,0.0001,3.3273,0,9,99,1716,93,96
255,1905,2160,0.118056,0.918,1.378034e+02,2.697374e-03,0.0001,3.3186,0,3,83,1715,93,96
256,1904,2160,0.118519,0.918,1.395886e+02,2.627190e-03,0.0001,3.3285,0,4,83,1714,93,96
257,1903,2160,0.118981,0.917,1.365497e+02,2.696465e-03,0.0001,3.3349,0,2,5,1713,93,96
258,1902,2160,0.119444,0.917,1.404183e+02,2.698147e-03,0.0001,3.3407,0,3,164,1712,93,96
259,1901,2160,0.119907,0.917,1.418887e+02,2.726114e-03,0.0001,3.3413,0,1,113,1711,93,96
260,1900,2160,0.12037,0.917,1.424423e+02,2.734975e-03,0.0001,3.3137,0,1,18,1710,93,96
261,1899,2160,0.120833,0.917,1.440772e+02,2.796030e-03,0.0001,3.3283,0,0,85,1709,93,96
262,1898,2160,0.121296,0.917,1.426269e+02,2.780611e-03,0.0001,3.3257,0,2,153,1708,93,96
263,1897,2160,0.121759,0.917,1.467102e+02,2.816364e-03,0.0001,3.3218,0,7,189,1707,93,96
264,1896,2160,0.122222,0.918,1.534546e+02,2.846939e-03,0.0001,3.3349,0,0,20,1706,93,96
265,1895,2160,0.122685,0.918,1.495272e+02,2.777327e-03,0.0001,3.3454,0,6,43,1705,93,96
266,1894,2160,0.123148,0.918,1.426131e+02,2.815606e-03,0.0001,3.3308,0,4,41,1704,93,96
267,1893,2160,0.123611,0.918,1.455563e+02,2.948189e-03,0.0001,3.3225,0,5,93,1703,93,96
268,1892,2160,0.124074,0.918,1.602628e+02,2.995201e-03,0.0001,3.3276,0,5,167,1702,93,96
269,1891,2160,0.124537,0.918,1.710168e+02,3.015357e-03,0.0001,3.3312,0,5,101,1701,93,96
270,1890,2160,0.125,0.918,1.761659e+02,2.953207e-03,0.0001,3.3253,0,0,91,1700,93,96
271,1889,2160,0.125463,0.918,1.618621e+02,2.903141e-03,0.0001,3.3278,0,0,171,1699,93,96
272,1888,2160,0.125926,0.918,1.542476e+02,2.878834e-03,0.0001,3.33,0,0,37,1698,93,96
273,1887,2160,0.126389,0.918,1.496262e+02,2.870701e-03,0.0001,3.3351,0,7,23,1697,93,96
274,1886,2160,0.126852,0.917,1.562245e+02,2.858571e-03,0.0001,3.3341,0,4,154,1696,93,96
275,1885,2160,0.127315,0.918,1.564942e+02,2.860925e-03,0.0001,3.324,0,3,131,1695,93,96
276,1884,2160,0.127778,0.918,1.574516e+02,2.849333e-03,0.0001,3.3255,0,6,113,1694,93,96
277,1883,2160,0.128241,0.918,1.520691e+02,2.902325e-03,0.0001,3.3402,0,0,189,1693,93,96
278,1882,2160,0.128704,0.918,1.519065e+02,2.908394e-03,0.0001,3.329,0,7,89,1692,93,96
279,1881,2160,0.129167,0.918,1.603956e+02,2.953759e-03,0.0001,3.3356,0,8,187,1691,93,96
280,1880,2160,0.12963,0.917,1.636386e+02,2.886781e-03,0.0001,3.346,0,6,81,1690,93,96
281,1879,2160,0.130093,0.917,1.566414e+02,2.893545e-03,0.0001,3.3294,0,9,84,1689,93,96
282,1878,2160,0.130556,0.917,1.571656e+02,2.885296e-03,0.0001,3.3389,0,9,92,1688,93,96
283,1877,2160,0.131019,0.917,1.569647e+02,2.949815e-03,0.0001,3.3519,0,0,95,1687,93,96
284,1876,2160,0.131481,0.917,1.567540e+02,2.930203e-03,0.0001,3.3381,0,2,152,1686,93,96
285,1875,2160,0.131944,0.917,1.639503e+02,2.981354e-03,0.0001,3.3282,0,0,10,1685,93,96
286,1874,2160,0.132407,0.917,1.628110e+02,2.835873e-03,0.0001,3.3406,0,1,10,1684,93,96
287,1873,2160,0.13287,0.917,1.607124e+02,2.938966e-03,0.0001,3.3355,0,0,29,1683,93,96
288,1872,2160,0.133333,0.917,1.639405e+02,2.972046e-03,0.0001,3.3608,0,7,42,1682,93,96
289,1871,2160,0.133796,0.917,1.762093e+02,2.959226e-03,0.0001,3.3392,0,6,173,1681,93,96
290,1870,2160,0.134259,0.917,1.702523e+02,3.001053e-03,0.0001,3.323,0,4,54,1680,93,96
291,1869,2160,0.134722,0.918,1.742441e+02,3.032461e-03,0.0001,3.3362,2,0,5,1680,93,95
292,1868,2160,0.135185,0.918,1.781424e+02,3.066370e-03,0.0001,3.3271,0,7,105,1679,93,95
293,1867,2160,0.135648,0.918,1.867404e+02,3.068149e-03,0.0001,3.3468,0,4,135,1678,93,95
294,1866,2160,0.136111,0.918,1.869043e+02,3.090375e-03,0.0001,3.3274,0,4,25,1677,93,95
295,1865,2160,0.136574,0.918,1.889520e+02,3.056674e-03,0.0001,3.3252,0,3,42,1676,93,95
296,1864,2160,0.137037,0.918,1.878701e+02,3.116291e-03,0.0001,3.3285,0,4,24,1675,93,95
297,1863,2160,0.1375,0.918,1.903259e+02,3.113538e-03,0.0001,3.335,0,2,69,1674,93,95
298,1862,2160,0.137963,0.918,1.976353e+02,3.144958e-03,0.0001,3.3264,0,9,157,1673,93,95
299,1861,2160,0.138426,0.918,1.943885e+02,3.109844e-03,0.0001,3.3319,0,9,29,1672,93,95
300,1860,2160,0.138889,0.918,1.901436e+02,3.140684e-03,0.0001,3.3225,0,0,101,1671,93,95
301,1859,2160,0.139352,0.918,1.905428e+02,3.147991e-03,0.0001,3.3214,0,1,111,1670,93,95
302,1858,2160,0.139815,0.918,1.909113e+02,3.282104e-03,0.0001,3.3326,0,5,57,1669,93,95
303,1857,2160,0.140278,0.918,2.145518e+02,3.253599e-03,0.0001,3.3288,2,1,8,1669,93,94
304,1856,2160,0.140741,0.918,2.000687e+02,3.186192e-03,0.0001,3.3379,0,3,63,1668,93,94
305,1855,2160,0.141204,0.917,1.973565e+02,3.224710e-03,0.0001,3.3246,0,1,139,1667,93,94
306,1854,2160,0.141667,0.917,1.965789e+02,3.203961e-03,0.0001,3.3272,1,8,6,1667,92,94
307,1853,2160,0.14213,0.917,1.880591e+02,3.382636e-03,0.0001,3.3388,0,5,188,1666,92,94
308,1852,2160,0.142593,0.917,2.107800e+02,3.319524e-03,0.0001,3.3314,2,2,2,1666,92,93
309,1851,2160,0.143056,0.917,1.968120e+02,3.317040e-03,0.0001,3.3338,2,6,6,1666,92,92
310,1850,2160,0.143519,0.917,1.937859e+02,3.219318e-03,0.0001,3.3389,0,6,114,1665,92,92
311,1849,2160,0.143981,0.917,1.862619e+02,3.385820e-03,0.0001,3.3274,0,5,98,1664,92,92
312,1848,2160,0.144444,0.917,2.156333e+02,3.486999e-03,0.0001,3.3364,0,5,12,1663,92,92
313,1847,2160,0.144907,0.917,2.289243e+02,3.413534e-03,0.0001,3.3385,0,1,15,1662,92,92
314,1846,2160,0.14537,0.917,2.155944e+02,3.312454e-03,0.0001,3.3378,0,7,98,1661,92,92
315,1845,2160,0.145833,0.916,2.112190e+02,3.341876e-03,0.0001,3.3221,0,9,70,1660,92,92
316,1844,2160,0.146296,0.917,2.048990e+02,3.398610e-03,0.0001,3.326,0,4,192,1659,92,92
317,1843,2160,0.146759,0.916,2.072873e+02,3.390568e-03,0.0001,3.3373,0,2,151,1658,92,92
318,1842,2160,0.147222,0.916,2.143042e+02,3.537621e-03,0.0001,3.3387,0,5,139,1657,92,92
319,1841,2160,0.147685,0.915,2.347795e+02,3.398296e-03,0.0001,3.3366,0,3,29,1656,92,92
320,1840,2160,0.148148,0.915,2.260156e+02,3.054636e-03,0.0001,3.3401,0,4,139,1655,92,92
321,1839,2160,0.148611,0.916,2.179599e+02,3.317124e-03,0.0001,3.3044,0,6,187,1654,92,92
322,1838,2160,0.149074,0.916,2.126042e+02,3.358617e-03,0.0001,3.3403,0,7,62,1653,92,92
323,1837,2160,0.149537,0.916,2.292911e+02,3.376483e-03,0.0001,3.3291,0,9,170,1652,92,92
324,1836,2160,0.15,0.916,2.289723e+02,3.418437e-03,0.0001,3.3332,0,7,19,1651,92,92
325,1835,2160,0.150463,0.916,2.417400e+02,3.462617e-03,0.0001,3.3274,0,8,26,1650,92,92
326,1834,2160,0.150926,0.916,2.478636e+02,3.281465e-03,0.0001,3.3307,0,9,26,1649,92,92
327,1833,2160,0.151389,0.916,2.369292e+02,3.444962e-03,0.0001,3.3231,0,7,182,1648,92,92
328,1832,2160,0.151852,0.916,2.527138e+02,3.423870e-03,0.0001,3.33,0,6,36,1647,92,92
329,1831,2160,0.152315,0.916,2.431789e+02,3.438212e-03,0.0001,3.3229,0,4,29,1646,92,92
330,1830,2160,0.152778,0.916,2.459269e+02,3.470155e-03,0.0001,3.3307,0,9,55,1645,92,92
331,1829,2160,0.153241,0.916,2.449082e+02,3.395590e-03,0.0001,3.336,0,1,182,1644,92,92
332,1828,2160,0.153704,0.916,2.367574e+02,3.461831e-03,0.0001,3.3355,0,6,2,1643,92,92
333,1827,2160,0.154167,0.916,2.313478e+02,3.461499e-03,0.0001,3.3326,0,4,55,1642,92,92
334,1826,2160,0.15463,0.916,2.341571e+02,3.545078e-03,0.0001,3.3464,0,7,168,1641,92,92
335,1825,2160,0.155093,0.916,2.513049e+02,3.574114e-03,0.0001,3.3383,0,8,56,1640,92,92
336,1824,2160,0.155556,0.916,2.606720e+02,3.565089e-03,0.0001,3.3272,0,2,75,1639,92,92
337,1823,2160,0.156019,0.915,2.702769e+02,3.556365e-03,0.0001,3.3346,0,0,168,1638,92,92
338,1822,2160,0.156481,0.915,2.679454e+02,3.573807e-03,0.0001,3.3514,0,7,169,1637,92,92
339,1821,2160,0.156944,0.915,2.826617e+02,3.567086e-03,0.0001,3.3396,0,1,3,1636,92,92
340,1820,2160,0.157407,0.915,2.850805e+02,3.738919e-03,0.0001,3.3314,0,5,96,1635,92,92
341,1819,2160,0.15787,0.915,3.167207e+02,3.638987e-03,0.0001,3.3285,0,6,8,1634,92,92
342,1818,2160,0.158333,0.915,2.953651e+02,3.616739e-03,0.0001,3.3319,0,3,43,1633,92,92
343,1817,2160,0.158796,0.915,2.939019e+02,3.641005e-03,0.0001,3.3296,0,9,132,1632,92,92
344,1816,2160,0.159259,0.916,2.891284e+02,3.665416e-03,0.0001,3.3392,0,9,19,1631,92,92
345,1815,2160,0.159722,0.915,2.871095e+02,3.638436e-03,0.0001,3.3391,0,9,182,1630,92,92
346,1814,2160,0.160185,0.915,2.836539e+02,3.753125e-03,0.0001,3.3325,1,1,3,1630,91,92
347,1813,2160,0.160648,0.915,2.793175e+02,3.673069e-03,0.0001,3.3314,0,4,3,1629,91,92
348,1812,2160,0.161111,0.915,2.782068e+02,3.446243e-03,0.0001,3.344,0,3,3,1628,91,92
349,1811,2160,0.161574,0.915,2.711551e+02,3.721932e-03,0.0001,3.3334,0,8,161,1627,91,92
350,1810,2160,0.162037,0.917,2.810198e+02,3.829169e-03,0.0001,3.3234,0,5,170,1626,91,92
351,1809,2160,0.1625,0.917,3.184340e+02,3.764021e-03,0.0001,3.3384,0,2,29,1625,91,92
352,1808,2160,0.162963,0.917,3.199687e+02,3.745040e-03,0.0001,3.3322,0,9,1,1624,91,92
353,1807,2160,0.163426,0.917,3.128870e+02,3.701596e-03,0.0001,3.3367,0,6,94,1623,91,92
354,1806,2160,0.163889,0.917,3.017537e+02,3.679033e-03,0.0001,3.3439,0,6,9,1622,91,92
355,1805,2160,0.164352,0.917,2.945624e+02,3.772842e-03,0.0001,3.334,0,4,79,1621,91,92
356,1804,2160,0.164815,0.917,3.028203e+02,3.760449e-03,0.0001,3.3223,0,4,98,1620,91,92
357,1803,2160,0.165278,0.917,3.152739e+02,3.786761e-03,0.0001,3.3335,0,1,167,1619,91,92
358,1802,2160,0.165741,0.916,3.200545e+02,3.791028e-03,0.0001,3.3387,0,2,4,1618,91,92
359,1801,2160,0.166204,0.915,3.358752e+02,3.775726e-03,0.0001,3.3394,0,3,154,1617,91,92
360,1800,2160,0.166667,0.915,3.429035e+02,3.852593e-03,0.0001,3.333,0,0,14,1616,91,92
361,1799,2160,0.16713,0.915,3.431463e+02,3.794729e-03,0.0001,3.3404,0,6,191,1615,91,92
362,1798,2160,0.167593,0.915,3.346892e+02,3.835805e-03,0.0001,3.3349,0,2,125,1614,91,92
363,1797,2160,0.168056,0.914,3.492801e+02,3.879421e-03,0.0001,3.3076,0,2,120,1613,91,92
364,1796,2160,0.168519,0.917,3.602134e+02,3.925589e-03,0.0001,3.3339,0,0,80,1612,91,92
365,1795,2160,0.168981,0.916,3.563841e+02,3.790789e-03,0.0001,3.3383,0,9,125,1611,91,92
366,1794,2160,0.169444,0.916,3.477159e+02,3.823615e-03,0.0001,3.3298,0,9,98,1610,91,92
367,1793,2160,0.169907,0.917,3.488843e+02,3.912146e-03,0.0001,3.3362,0,8,177,1609,91,92
368,1792,2160,0.17037,0.917,3.576954e+02,3.836182e-03,0.0001,3.3342,0,7,167,1608,91,92
369,1791,2160,0.170833,0.917,3.783011e+02,3.855019e-03,0.0001,3.3326,0,3,113,1607,91,92
370,1790,2160,0.171296,0.916,3.841778e+02,3.861277e-03,0.0001,3.3283,0,2,27,1606,91,92
371,1789,2160,0.171759,0.916,4.017292e+02,3.919153e-03,0.0001,3.3265,0,4,184,1605,91,92
372,1788,2160,0.172222,0.915,4.087656e+02,3.941837e-03,0.0001,3.3343,0,9,112,1604,91,92
373,1787,2160,0.172685,0.915,4.084764e+02,3.946519e-03,0.0001,3.3268,0,6,84,1603,91,92
374,1786,2160,0.173148,0.915,3.992259e+02,3.975625e-03,0.0001,3.3211,0,9,33,1602,91,92
375,1785,2160,0.173611,0.916,4.004939e+02,3.950914e-03,0.0001,3.2991,0,9,27,1601,91,92
376,1784,2160,0.174074,0.915,4.034749e+02,3.935476e-03,0.0001,3.3305,0,6,108,1600,91,92
377,1783,2160,0.174537,0.915,3.966689e+02,3.939522e-03,0.0001,3.3347,0,6,127,1599,91,92
378,1782,2160,0.175,0.915,3.914627e+02,3.976650e-03,0.0001,3.3337,0,4,191,1598,91,92
379,1781,2160,0.175463,0.915,4.091989e+02,4.054002e-03,0.0001,3.337,0,8,3,1597,91,92
380,1780,2160,0.175926,0.915,4.204086e+02,3.941784e-03,0.0001,3.3456,0,3,184,1596,91,92
381,1779,2160,0.176389,0.915,4.224270e+02,4.009946e-03,0.0001,3.3294,0,1,73,1595,91,92
382,1778,2160,0.176852,0.915,4.279982e+02,4.282550e-03,0.0001,3.3338,0,5,40,1594,91,92
383,1777,2160,0.177315,0.915,4.639308e+02,4.188753e-03,0.0001,3.3325,0,7,10,1593,91,92
384,1776,2160,0.177778,0.915,4.723249e+02,4.173701e-03,0.0001,3.3484,0,7,139,1592,91,92
385,1775,2160,0.178241,0.915,4.889227e+02,3.688799e-03,0.0001,3.3435,0,2,139,1591,91,92
386,1774,2160,0.178704,0.915,4.751882e+02,4.003415e-03,0.0001,3.316,0,8,40,1590,91,92
387,1773,2160,0.179167,0.915,4.882897e+02,4.158157e-03,0.0001,3.3341,0,0,100,1589,91,92
388,1772,2160,0.17963,0.915,4.880358e+02,4.188572e-03,0.0001,3.3559,0,8,102,1588,91,92
389,1771,2160,0.180093,0.915,4.981125e+02,4.299675e-03,0.0001,3.3324,1,9,5,1588,90,92
390,1770,2160,0.180556,0.914,4.953517e+02,4.081042e-03,0.0001,3.3379,0,0,180,1587,90,92
391,1769,2160,0.181019,0.914,5.039126e+02,4.106872e-03,0.0001,3.3388,0,3,97,1586,90,92
392,1768,2160,0.181481,0.915,5.136604e+02,4.184479e-03,0.0001,3.3385,0,8,90,1585,90,92
393,1767,2160,0.181944,0.915,5.233247e+02,4.391928e-03,0.0001,3.3333,0,5,46,1584,90,92
394,1766,2160,0.182407,0.915,5.582720e+02,4.287187e-03,0.0001,3.3456,0,7,25,1583,90,92
395,1765,2160,0.18287,0.916,5.720073e+02,3.954611e-03,0.0001,3.3362,0,4,46,1582,90,92
396,1764,2160,0.183333,0.915,5.603594e+02,4.194848e-03,0.0001,3.3389,0,9,124,1581,90,92
397,1763,2160,0.183796,0.915,5.609344e+02,4.293914e-03,0.0001,3.3299,0,0,82,1580,90,92
398,1762,2160,0.184259,0.915,5.591939e+02,4.258973e-03,0.0001,3.3225,0,1,94,1579,90,92
399,1761,2160,0.184722,0.915,5.613220e+02,4.223737e-03,0.0001,3.321,0,9,183,1578,90,92
400,1760,2160,0.185185,0.915,5.613784e+02,4.282490e-03,0.0001,3.3281,0,4,26,1577,90,92
401,1759,2160,0.185648,0.916,5.678466e+02,4.267387e-03,0.0001,3.3334,0,2,168,1576,90,92
402,1758,2160,0.186111,0.915,5.868281e+02,4.160419e-03,0.0001,3.3352,0,5,26,1575,90,92
403,1757,2160,0.186574,0.915,6.407782e+02,4.329051e-03,0.0002,3.33,0,7,106,1574,90,92
404,1756,2160,0.187037,0.915,6.599977e+02,4.415425e-03,0.0001,3.3224,0,5,182,1573,90,92
405,1755,2160,0.1875,0.915,7.124247e+02,4.329269e-03,0.0001,3.3415,1,0,7,1573,89,92
406,1754,2160,0.187963,0.916,6.881547e+02,4.374072e-03,0.0001,3.3336,0,7,123,1572,89,92
407,1753,2160,0.188426,0.916,7.027714e+02,4.354160e-03,0.0001,3.3331,0,9,0,1571,89,92
408,1752,2160,0.188889,0.916,6.945988e+02,4.238550e-03,0.0001,3.3306,0,4,123,1570,89,92
409,1751,2160,0.189352,0.916,6.784790e+02,4.230386e-03,0.0001,3.3364,0,9,106,1569,89,92
410,1750,2160,0.189815,0.916,6.723448e+02,4.388358e-03,0.0001,3.3377,0,0,22,1568,89,92
411,1749,2160,0.190278,0.915,6.695565e+02,4.398776e-03,0.0001,3.3396,0,0,148,1567,89,92
412,1748,2160,0.190741,0.915,6.662871e+02,4.307664e-03,0.0001,3.3343,0,3,102,1566,89,92
413,1747,2160,0.191204,0.915,6.716122e+02,4.295567e-03,0.0001,3.3307,0,6,180,1565,89,92
414,1746,2160,0.191667,0.915,6.617344e+02,4.315025e-03,0.0001,3.3307,0,3,32,1564,89,92
415,1745,2160,0.19213,0.915,6.733907e+02,4.366320e-03,0.0001,3.3249,0,9,192,1563,89,92
416,1744,2160,0.192593,0.915,6.757697e+02,4.631564e-03,0.0001,3.3321,0,5,84,1562,89,92
417,1743,2160,0.193056,0.915,7.191342e+02,4.151368e-03,0.0001,3.3231,0,8,84,1561,89,92
418,1742,2160,0.193519,0.915,6.915269e+02,4.538292e-03,0.0001,3.343,0,8,53,1560,89,92
419,1741,2160,0.193981,0.916,7.033240e+02,4.415219e-03,0.0001,3.3414,0,9,102,1559,89,92
420,1740,2160,0.194444,0.917,6.910067e+02,4.447823e-03,0.0001,3.3279,0,9,156,1558,89,92
421,1739,2160,0.194907,0.916,6.902762e+02,4.323807e-03,0.0001,3.3268,0,3,192,1557,89,92
422,1738,2160,0.19537,0.917,6.875038e+02,4.429074e-03,0.0001,3.3414,0,3,57,1556,89,92
423,1737,2160,0.195833,0.916,6.987675e+02,4.461580e-03,0.0001,3.3331,0,3,44,1555,89,92
424,1736,2160,0.196296,0.916,7.097224e+02,4.504095e-03,0.0001,3.3223,0,8,32,1554,89,92
425,1735,2160,0.196759,0.915,7.225466e+02,4.500616e-03,0.0001,3.3309,0,2,191,1553,89,92
426,1734,2160,0.197222,0.915,7.424279e+02,4.467473e-03,0.0001,3.3456,0,3,168,1552,89,92
427,1733,2160,0.197685,0.916,7.491252e+02,4.450507e-03,0.0001,3.3325,1,0,3,1552,88,92
428,1732,2160,0.198148,0.916,7.379187e+02,4.478214e-03,0.0001,3.3353,0,3,26,1551,88,92
429,1731,2160,0.198611,0.915,7.506685e+02,4.591159e-03,0.0001,3.345,0,0,138,1550,88,92
430,1730,2160,0.199074,0.915,7.515545e+02,4.546688e-03,0.0001,3.3447,0,9,103,1549,88,92
431,1729,2160,0.199537,0.915,7.519399e+02,4.522188e-03,0.0001,3.335,0,9,153,1548,88,92
432,1728,2160,0.2,0.915,7.553541e+02,4.398631e-03,0.0001,3.3286,0,3,103,1547,88,92
433,1727,2160,0.200463,0.915,7.468251e+02,4.438945e-03,0.0001,3.3428,0,0,103,1546,88,92
434,1726,2160,0.200926,0.915,7.482287e+02,4.598854e-03,0.0002,3.3255,0,0,164,1545,88,92
435,1725,2160,0.201389,0.915,7.496220e+02,4.787728e-03,0.0001,3.3463,0,5,63,1544,88,92
436,1724,2160,0.201852,0.916,7.852870e+02,4.688160e-03,0.0001,3.3314,0,9,155,1543,88,92
437,1723,2160,0.202315,0.916,7.686565e+02,4.831354e-03,0.0001,3.3349,0,5,31,1542,88,92
438,1722,2160,0.202778,0.916,8.054034e+02,4.614549e-03,0.0001,3.3341,0,1,153,1541,88,92
439,1721,2160,0.203241,0.916,7.810878e+02,4.667167e-03,0.0001,3.3501,0,9,109,1540,88,92
440,1720,2160,0.203704,0.916,7.682208e+02,4.656504e-03,0.0001,3.3271,0,1,177,1539,88,92
441,1719,2160,0.204167,0.917,7.647268e+02,4.717714e-03,0.0001,3.3347,0,8,86,1538,88,92
442,1718,2160,0.20463,0.918,7.706813e+02,4.654413e-03,0.0001,3.3612,0,9,38,1537,88,92
443,1717,2160,0.205093,0.916,7.647472e+02,4.593215e-03,0.0001,3.3271,2,6,0,1537,88,91
444,1716,2160,0.205556,0.917,7.501509e+02,4.692846e-03,0.0001,3.3242,0,0,0,1536,88,91
445,1715,2160,0.206019,0.918,7.514704e+02,4.597089e-03,0.0001,3.3301,0,6,158,1535,88,91
446,1714,2160,0.206481,0.917,7.391792e+02,4.588954e-03,0.0001,3.3403,0,1,155,1534,88,91
447,1713,2160,0.206944,0.917,7.503535e+02,4.615430e-03,0.0001,3.342,0,4,40,1533,88,91
448,1712,2160,0.207407,0.918,7.680421e+02,4.607943e-03,0.0001,3.3613,0,6,126,1532,88,91
449,1711,2160,0.20787,0.918,7.563244e+02,4.739994e-03,0.0001,3.3433,0,0,162,1531,88,91
450,1710,2160,0.208333,0.919,7.573888e+02,4.739684e-03,0.0001,3.3427,0,4,193,1530,88,91
451,1709,2160,0.208796,0.919,7.664426e+02,4.768705e-03,0.0001,3.3249,0,0,126,1529,88,91
452,1708,2160,0.209259,0.919,7.683305e+02,4.719235e-03,0.0001,3.3335,0,9,185,1528,88,91
453,1707,2160,0.209722,0.918,7.703665e+02,4.749737e-03,0.0001,3.3268,0,1,95,1527,88,91
454,1706,2160,0.210185,0.917,7.772491e+02,4.696688e-03,0.0001,3.3364,0,6,89,1526,88,91
455,1705,2160,0.210648,0.917,7.649362e+02,4.798745e-03,0.0001,3.3296,0,8,55,1525,88,91
456,1704,2160,0.211111,0.917,7.864668e+02,4.994718e-03,0.0001,3.3256,0,5,6,1524,88,91
457,1703,2160,0.211574,0.917,8.409016e+02,4.831220e-03,0.0001,3.3404,0,6,132,1523,88,91
458,1702,2160,0.212037,0.917,8.064042e+02,4.813350e-03,0.0001,3.3442,0,0,75,1522,88,91
459,1701,2160,0.2125,0.918,8.056875e+02,4.874902e-03,0.0001,3.338,0,8,17,1521,88,91
460,1700,2160,0.212963,0.917,8.146474e+02,4.888108e-03,0.0001,3.3364,0,8,66,1520,88,91
461,1699,2160,0.213426,0.918,8.208301e+02,4.779842e-03,0.0001,3.3279,0,1,126,1519,88,91
462,1698,2160,0.213889,0.918,8.283028e+02,4.762846e-03,0.0001,3.3329,0,6,115,1518,88,91
463,1697,2160,0.214352,0.918,8.154397e+02,4.813764e-03,0.0001,3.3383,0,1,50,1517,88,91
464,1696,2160,0.214815,0.917,8.227788e+02,4.763011e-03,0.0001,3.3328,0,6,133,1516,88,91
465,1695,2160,0.215278,0.917,8.105229e+02,4.859314e-03,0.0001,3.3406,2,8,8,1516,88,90
466,1694,2160,0.215741,0.917,8.092729e+02,4.796085e-03,0.0001,3.3374,0,2,155,1515,88,90
467,1693,2160,0.216204,0.918,8.346366e+02,4.796227e-03,0.0001,3.3463,0,6,181,1514,88,90
468,1692,2160,0.216667,0.918,8.217027e+02,4.818872e-03,0.0001,3.3277,0,1,183,1513,88,90
469,1691,2160,0.21713,0.918,8.373170e+02,4.993159e-03,0.0001,3.3295,0,0,44,1512,88,90
470,1690,2160,0.217593,0.918,8.362870e+02,4.947501e-03,0.0001,3.3395,0,3,132,1511,88,90
471,1689,2160,0.218056,0.919,8.465544e+02,5.020785e-03,0.0001,3.3361,0,7,164,1510,88,90
472,1688,2160,0.218519,0.919,8.772912e+02,4.911895e-03,0.0001,3.329,0,2,183,1509,88,90
473,1687,2160,0.218981,0.919,8.865040e+02,4.961491e-03,0.0001,3.325,0,3,172,1508,88,90
474,1686,2160,0.219444,0.919,8.914145e+02,5.064156e-03,0.0001,3.3285,0,0,130,1507,88,90
475,1685,2160,0.219907,0.919,8.859788e+02,4.963838e-03,0.0001,3.3399,0,6,128,1506,88,90
476,1684,2160,0.22037,0.919,8.679772e+02,4.972376e-03,0.0001,3.3389,0,3,98,1505,88,90
477,1683,2160,0.220833,0.919,8.850154e+02,5.363551e-03,0.0001,3.3489,1,3,1,1505,87,90
478,1682,2160,0.221296,0.917,8.824586e+02,4.985361e-03,0.0001,3.3327,0,3,6,1504,87,90
479,1681,2160,0.221759,0.917,8.915564e+02,4.991257e-03,0.0001,3.3185,0,3,125,1503,87,90
480,1680,2160,0.222222,0.917,9.052076e+02,4.949707e-03,0.0001,3.3201,0,3,155,1502,87,90
481,1679,2160,0.222685,0.918,9.119859e+02,5.031515e-03,0.0001,3.3283,0,8,42,1501,87,90
482,1678,2160,0.223148,0.918,9.463167e+02,5.010085e-03,0.0001,3.3411,0,3,182,1500,87,90
483,1677,2160,0.223611,0.919,9.563589e+02,5.065890e-03,0.0001,3.3368,0,4,148,1499,87,90
484,1676,2160,0.224074,0.918,9.673526e+02,5.301276e-03,0.0001,3.3405,0,5,130,1498,87,90
485,1675,2160,0.224537,0.916,1.029470e+03,5.222870e-03,0.0001,3.3294,0,1,44,1497,87,90
486,1674,2160,0.225,0.916,1.008163e+03,5.111804e-03,0.0001,3.3393,0,6,3,1496,87,90
487,1673,2160,0.225463,0.916,9.795174e+02,5.093774e-03,0.0001,3.3291,0,3,99,1495,87,90
488,1672,2160,0.225926,0.917,9.893783e+02,5.262198e-03,0.0001,3.3238,0,0,24,1494,87,90
489,1671,2160,0.226389,0.917,9.870985e+02,5.187347e-03,0.0002,3.3247,0,1,80,1493,87,90
490,1670,2160,0.226852,0.917,9.901893e+02,5.269360e-03,0.0001,3.3226,0,0,92,1492,87,90
491,1669,2160,0.227315,0.917,9.885417e+02,5.256771e-03,0.0001,3.3306,0,7,142,1491,87,90
492,1668,2160,0.227778,0.917,1.018825e+03,5.273193e-03,0.0001,3.3324,0,7,133,1490,87,90
493,1667,2160,0.228241,0.917,1.041030e+03,5.223102e-03,0.0001,3.3321,0,3,177,1489,87,90
494,1666,2160,0.228704,0.918,1.039827e+03,5.257533e-03,0.0001,3.3409,0,4,121,1488,87,90
495,1665,2160,0.229167,0.918,1.044458e+03,5.222041e-03,0.0001,3.3365,0,4,103,1487,87,90
496,1664,2160,0.22963,0.918,1.046947e+03,5.231535e-03,0.0001,3.3546,0,9,5,1486,87,90
497,1663,2160,0.230093,0.918,1.045635e+03,5.458931e-03,0.0001,3.333,0,5,92,1485,87,90
498,1662,2160,0.230556,0.919,1.110261e+03,5.556248e-03,0.0001,3.3361,0,5,189,1484,87,90
499,1661,2160,0.231019,0.918,1.153508e+03,5.369635e-03,0.0001,3.3319,0,6,159,1483,87,90
500,1660,2160,0.231481,0.918,1.100238e+03,5.369187e-03,0.0001,3.3297,0,4,190,1482,87,90
501,1659,2160,0.231944,0.918,1.092258e+03,5.377490e-03,0.0001,3.3402,0,8,14,1481,87,90
502,1658,2160,0.232407,0.918,1.103447e+03,5.391230e-03,0.0001,3.3381,0,8,20,1480,87,90
503,1657,2160,0.23287,0.918,1.114915e+03,5.520391e-03,0.0001,3.3387,0,5,187,1479,87,90
504,1656,2160,0.233333,0.918,1.169463e+03,5.377268e-03,0.0001,3.3256,0,3,5,1478,87,90
505,1655,2160,0.233796,0.917,1.144457e+03,5.407915e-03,0.0001,3.3269,0,5,32,1477,87,90
506,1654,2160,0.234259,0.917,1.231455e+03,5.442986e-03,0.0001,3.3367,0,2,60,1476,87,90
507,1653,2160,0.234722,0.917,1.227296e+03,5.447222e-03,0.0001,3.348,0,0,57,1475,87,90
508,1652,2160,0.235185,0.917,1.218810e+03,5.735132e-03,0.0001,3.3407,0,5,81,1474,87,90
509,1651,2160,0.235648,0.917,1.254786e+03,5.533128e-03,0.0001,3.3277,0,2,98,1473,87,90
510,1650,2160,0.236111,0.915,1.253932e+03,5.558050e-03,0.0001,3.3433,0,7,31,1472,87,90
511,1649,2160,0.236574,0.917,1.265691e+03,5.512861e-03,0.0001,3.3274,0,7,99,1471,87,90
512,1648,2160,0.237037,0.916,1.286079e+03,5.230841e-03,0.0001,3.3297,0,4,32,1470,87,90
513,1647,2160,0.2375,0.917,1.257981e+03,5.523607e-03,0.0001,3.3299,0,0,35,1469,87,90
514,1646,2160,0.237963,0.917,1.241942e+03,5.418185e-03,0.0001,3.3395,0,3,16,1468,87,90
515,1645,2160,0.238426,0.917,1.245766e+03,5.358060e-03,0.0001,3.3276,0,1,20,1467,87,90
516,1644,2160,0.238889,0.917,1.234060e+03,5.511652e-03,0.0001,3.3379,0,7,12,1466,87,90
517,1643,2160,0.239352,0.917,1.259964e+03,5.475122e-03,0.0001,3.3311,0,9,195,1465,87,90
518,1642,2160,0.239815,0.917,1.251271e+03,5.431511e-03,0.0001,3.3401,0,6,129,1464,87,90
519,1641,2160,0.240278,0.917,1.227813e+03,5.410552e-03,0.0001,3.3331,0,9,14,1463,87,90
520,1640,2160,0.240741,0.917,1.220711e+03,5.427401e-03,0.0001,3.3392,0,0,12,1462,87,90
521,1639,2160,0.241204,0.918,1.214039e+03,5.383026e-03,0.0001,3.3395,0,2,20,1461,87,90
522,1638,2160,0.241667,0.918,1.228164e+03,5.718629e-03,0.0001,3.3401,0,5,45,1460,87,90
523,1637,2160,0.24213,0.917,1.297946e+03,4.985631e-03,0.0001,3.3333,0,4,45,1459,87,90
524,1636,2160,0.242593,0.917,1.239119e+03,5.529210e-03,0.0001,3.3527,0,7,53,1458,87,90
525,1635,2160,0.243056,0.918,1.266803e+03,5.469885e-03,0.0001,3.3289,0,6,29,1457,87,90
526,1634,2160,0.243519,0.918,1.238548e+03,5.775946e-03,0.0001,3.3345,0,5,79,1456,87,90
527,1633,2160,0.243981,0.919,1.299869e+03,5.617332e-03,0.0001,3.346,0,6,134,1455,87,90
528,1632,2160,0.244444,0.919,1.251690e+03,5.599295e-03,0.0001,3.3457,0,1,194,1454,87,90
529,1631,2160,0.244907,0.919,1.247317e+03,5.644648e-03,0.0001,3.3368,0,4,108,1453,87,90
530,1630,2160,0.24537,0.919,1.252430e+03,5.540305e-03,0.0001,3.3291,0,6,170,1452,87,90
531,1629,2160,0.245833,0.919,1.228373e+03,5.561533e-03,0.0001,3.3306,0,3,36,1451,87,90
532,1628,2160,0.246296,0.919,1.243023e+03,5.578338e-03,0.0001,3.3202,0,9,41,1450,87,90
533,1627,2160,0.246759,0.919,1.244648e+03,5.638860e-03,0.0001,3.3335,0,0,194,1449,87,90
534,1626,2160,0.247222,0.919,1.235814e+03,5.694882e-03,0.0001,3.3405,0,8,59,1448,87,90
535,1625,2160,0.247685,0.918,1.255739e+03,5.729281e-03,0.0001,3.3385,0,8,15,1447,87,90
536,1624,2160,0.248148,0.917,1.274798e+03,5.717776e-03,0.0001,3.322,0,2,181,1446,87,90
537,1623,2160,0.248611,0.917,1.297819e+03,5.651735e-03,0.0001,3.3335,0,1,19,1445,87,90
538,1622,2160,0.249074,0.917,1.308906e+03,5.627649e-03,0.0001,3.3407,0,9,11,1444,87,90
539,1621,2160,0.249537,0.917,1.312574e+03,5.736653e-03,0.0001,3.3366,0,7,2,1443,87,90
540,1620,2160,0.25,0.917,1.348026e+03,5.785882e-03,0.0001,3.3414,0,0,102,1442,87,90
541,1619,2160,0.250463,0.917,1.340121e+03,5.806461e-03,0.0001,3.3452,0,0,192,1441,87,90
542,1618,2160,0.250926,0.917,1.329293e+03,5.491036e-03,0.0001,3.3238,0,5,192,1440,87,90
543,1617,2160,0.251389,0.917,1.368686e+03,5.733497e-03,0.0001,3.3463,0,2,7,1439,87,90
544,1616,2160,0.251852,0.917,1.398485e+03,5.717656e-03,0.0001,3.3287,0,0,40,1438,87,90
545,1615,2160,0.252315,0.917,1.413869e+03,5.749396e-03,0.0001,3.3408,0,7,11,1437,87,90
546,1614,2160,0.252778,0.917,1.449262e+03,5.756720e-03,0.0001,3.3286,0,6,78,1436,87,90
547,1613,2160,0.253241,0.917,1.422724e+03,5.586417e-03,0.0001,3.3319,0,4,11,1435,87,90
548,1612,2160,0.253704,0.918,1.395999e+03,5.846985e-03,0.0001,3.3357,0,0,56,1434,87,90
549,1611,2160,0.254167,0.918,1.394638e+03,5.824366e-03,0.0001,3.3369,0,1,85,1433,87,90
550,1610,2160,0.25463,0.918,1.396565e+03,5.746061e-03,0.0001,3.3547,0,3,194,1432,87,90
551,1609,2160,0.255093,0.918,1.411375e+03,5.714248e-03,0.0001,3.3348,0,6,156,1431,87,90
552,1608,2160,0.255556,0.918,1.397201e+03,5.772074e-03,0.0001,3.3318,1,9,9,1431,86,90
553,1607,2160,0.256019,0.918,1.389025e+03,5.764094e-03,0.0001,3.321,0,9,119,1430,86,90
554,1606,2160,0.256481,0.917,1.397757e+03,5.758338e-03,0.0001,3.3365,0,9,189,1429,86,90
555,1605,2160,0.256944,0.917,1.402868e+03,5.885202e-03,0.0001,3.3453,0,0,38,1428,86,90
556,1604,2160,0.257407,0.917,1.400288e+03,6.082966e-03,0.0001,3.3297,0,5,100,1427,86,90
557,1603,2160,0.25787,0.917,1.485011e+03,6.035449e-03,0.0001,3.343,0,7,61,1426,86,90
558,1602,2160,0.258333,0.917,1.492213e+03,5.877529e-03,0.0001,3.3416,0,6,138,1425,86,90
559,1601,2160,0.258796,0.917,1.449135e+03,5.987394e-03,0.0001,3.337,0,8,13,1424,86,90
560,1600,2160,0.259259,0.917,1.463656e+03,5.841665e-03,0.0001,3.338,0,6,111,1423,86,90
561,1599,2160,0.259722,0.917,1.435701e+03,5.707162e-03,0.0001,3.3409,0,9,13,1422,86,90
562,1598,2160,0.260185,0.916,1.424444e+03,5.832984e-03,0.0001,3.3183,0,1,98,1421,86,90
563,1597,2160,0.260648,0.917,1.452951e+03,5.940766e-03,0.0001,3.3218,0,8,139,1420,86,90
564,1596,2160,0.261111,0.917,1.506374e+03,6.002657e-03,0.0001,3.3335,0,4,133,1419,86,90
565,1595,2160,0.261574,0.918,1.518776e+03,5.946989e-03,0.0001,3.3254,0,6,106,1418,86,90
566,1594,2160,0.262037,0.917,1.495642e+03,6.029647e-03,0.0001,3.325,0,4,58,1417,86,90
567,1593,2160,0.2625,0.917,1.510881e+03,5.956796e-03,0.0001,3.3321,0,3,109,1416,86,90
568,1592,2160,0.262963,0.917,1.525209e+03,6.007875e-03,0.0001,3.3356,0,3,130,1415,86,90
569,1591,2160,0.263426,0.917,1.540219e+03,5.950565e-03,0.0001,3.3317,0,0,98,1414,86,90
570,1590,2160,0.263889,0.917,1.563754e+03,5.953553e-03,0.0001,3.3262,2,3,0,1414,86,89
571,1589,2160,0.264352,0.917,1.548462e+03,6.016913e-03,0.0001,3.3346,0,2,192,1413,86,89
572,1588,2160,0.264815,0.917,1.597779e+03,6.080595e-03,0.0001,3.3396,0,2,162,1412,86,89
573,1587,2160,0.265278,0.917,1.625439e+03,6.015215e-03,0.0001,3.3374,0,2,42,1411,86,89
574,1586,2160,0.265741,0.916,1.672183e+03,5.977093e-03,0.0001,3.3342,0,3,15,1410,86,89
575,1585,2160,0.266204,0.916,1.688807e+03,6.037530e-03,0.0001,3.3303,0,0,96,1409,86,89
576,1584,2160,0.266667,0.916,1.715178e+03,6.092298e-03,0.0001,3.3322,0,0,11,1408,86,89
577,1583,2160,0.26713,0.916,1.717215e+03,6.103999e-03,0.0001,3.3372,0,9,114,1407,86,89
578,1582,2160,0.267593,0.916,1.710421e+03,6.047017e-03,0.0001,3.3348,0,6,177,1406,86,89
579,1581,2160,0.268056,0.916,1.685882e+03,7.157738e-03,0.0001,3.3389,2,6,3,1406,86,88
580,1580,2160,0.268519,0.918,1.700043e+03,6.111420e-03,0.0001,3.3344,0,8,162,1405,86,88
581,1579,2160,0.268981,0.918,1.705193e+03,6.308096e-03,0.0001,3.3482,1,1,2,1405,85,88
582,1578,2160,0.269444,0.916,1.688477e+03,6.295536e-03,0.0001,3.344,0,0,71,1404,85,88
583,1577,2160,0.269907,0.916,1.682223e+03,6.162188e-03,0.0001,3.3296,0,9,15,1403,85,88
584,1576,2160,0.27037,0.916,1.661046e+03,6.292424e-03,0.0001,3.33,0,0,114,1402,85,88
585,1575,2160,0.270833,0.916,1.657152e+03,6.525556e-03,0.0001,3.3302,0,5,85,1401,85,88
586,1574,2160,0.271296,0.917,1.759894e+03,6.350085e-03,0.0001,3.332,0,6,31,1400,85,88
587,1573,2160,0.271759,0.916,1.708058e+03,6.408405e-03,0.0001,3.3324,0,2,21,1399,85,88
588,1572,2160,0.272222,0.916,1.735528e+03,6.453468e-03,0.0001,3.3268,0,5,125,1398,85,88
589,1571,2160,0.272685,0.917,1.879931e+03,6.610624e-03,0.0001,3.3375,0,5,4,1397,85,88
590,1570,2160,0.273148,0.916,1.976001e+03,6.849772e-03,0.0001,3.3251,0,5,72,1396,85,88
591,1569,2160,0.273611,0.916,2.024477e+03,6.662623e-03,0.0001,3.3324,0,2,164,1395,85,88
592,1568,2160,0.274074,0.916,1.993379e+03,6.467473e-03,0.0001,3.3356,0,8,85,1394,85,88
593,1567,2160,0.274537,0.915,1.983726e+03,6.568810e-03,0.0001,3.3216,0,0,137,1393,85,88
594,1566,2160,0.275,0.915,1.948220e+03,6.367794e-03,0.0001,3.3238,0,6,160,1392,85,88
595,1565,2160,0.275463,0.915,1.905199e+03,6.490989e-03,0.0001,3.3323,0,0,8,1391,85,88
596,1564,2160,0.275926,0.915,1.893101e+03,6.329497e-03,0.0001,3.3218,0,1,55,1390,85,88
597,1563,2160,0.276389,0.917,1.907977e+03,6.292424e-03,0.0001,3.3315,0,6,119,1389,85,88
598,1562,2160,0.276852,0.917,1.885559e+03,6.414378e-03,0.0001,3.3323,0,2,129,1388,85,88
599,1561,2160,0.277315,0.917,1.917916e+03,6.500134e-03,0.0001,3.3385,0,4,93,1387,85,88
600,1560,2160,0.277778,0.916,1.937807e+03,6.425845e-03,0.0001,3.3335,0,6,130,1386,85,88
601,1559,2160,0.278241,0.916,1.907148e+03,6.545218e-03,0.0001,3.3457,0,7,187,1385,85,88
602,1558,2160,0.278704,0.916,1.952488e+03,6.573451e-03,0.0001,3.3367,0,2,86,1384,85,88
603,1557,2160,0.279167,0.916,1.970999e+03,6.587144e-03,0.0001,3.3294,0,2,106,1383,85,88
604,1556,2160,0.27963,0.917,1.993521e+03,6.489032e-03,0.0001,3.3591,1,4,6,1383,84,88
605,1555,2160,0.280093,0.917,1.953840e+03,6.456795e-03,0.0001,3.3315,0,6,60,1382,84,88
606,1554,2160,0.280556,0.917,1.925651e+03,6.613898e-03,0.0001,3.3459,0,8,1,1381,84,88
607,1553,2160,0.281019,0.917,1.953994e+03,6.490826e-03,0.0001,3.3296,0,6,157,1380,84,88
608,1552,2160,0.281481,0.917,1.924764e+03,6.500478e-03,0.0001,3.3475,0,6,131,1379,84,88
609,1551,2160,0.281944,0.917,1.906004e+03,6.488521e-03,0.0001,3.3417,0,6,146,1378,84,88
610,1550,2160,0.282407,0.917,1.891762e+03,6.888563e-03,0.0001,3.331,0,5,80,1377,84,88
611,1549,2160,0.28287,0.916,2.010650e+03,6.851282e-03,0.0001,3.3399,0,7,166,1376,84,88
612,1548,2160,0.283333,0.917,2.024232e+03,6.785773e-03,0.0001,3.3387,0,0,1,1375,84,88
613,1547,2160,0.283796,0.917,1.987462e+03,6.759158e-03,0.0001,3.3306,0,8,28,1374,84,88
614,1546,2160,0.284259,0.917,2.014099e+03,6.670471e-03,0.0001,3.325,0,9,143,1373,84,88
615,1545,2160,0.284722,0.918,2.003625e+03,6.655436e-03,0.0001,3.3218,0,1,43,1372,84,88
616,1544,2160,0.285185,0.919,2.008525e+03,6.568647e-03,0.0001,3.3238,0,6,56,1371,84,88
617,1543,2160,0.285648,0.919,1.981805e+03,6.573364e-03,0.0001,3.3419,0,9,191,1370,84,88
618,1542,2160,0.286111,0.919,1.995888e+03,6.613701e-03,0.0001,3.3417,0,1,116,1369,84,88
619,1541,2160,0.286574,0.919,2.007819e+03,6.722806e-03,0.0001,3.3318,0,7,163,1368,84,88
620,1540,2160,0.287037,0.919,2.056046e+03,7.060942e-03,0.0001,3.3408,0,5,58,1367,84,88
621,1539,2160,0.2875,0.919,2.140615e+03,6.916668e-03,0.0001,3.3268,0,8,8,1366,84,88
622,1538,2160,0.287963,0.919,2.132337e+03,6.843997e-03,0.0001,3.3233,0,8,46,1365,84,88
623,1537,2160,0.288426,0.919,2.158602e+03,6.998708e-03,0.0001,3.333,0,5,151,1364,84,88
624,1536,2160,0.288889,0.919,2.262578e+03,6.809812e-03,0.0001,3.3292,0,1,166,1363,84,88
625,1535,2160,0.289352,0.918,2.227191e+03,6.938506e-03,0.0001,3.3277,0,8,176,1362,84,88
626,1534,2160,0.289815,0.918,2.227990e+03,7.048740e-03,0.0001,3.3458,0,5,24,1361,84,88
627,1533,2160,0.290278,0.918,2.343228e+03,6.673122e-03,0.0001,3.3364,0,8,151,1360,84,88
628,1532,2160,0.290741,0.918,2.318941e+03,6.928989e-03,0.0001,3.3232,0,8,114,1359,84,88
629,1531,2160,0.291204,0.918,2.326994e+03,6.763257e-03,0.0001,3.3225,0,6,70,1358,84,88
630,1530,2160,0.291667,0.918,2.277942e+03,7.217506e-03,0.0001,3.3332,0,5,165,1357,84,88
631,1529,2160,0.29213,0.918,2.350873e+03,7.036779e-03,0.0001,3.3354,0,8,70,1356,84,88
632,1528,2160,0.292593,0.918,2.331686e+03,6.821216e-03,0.0001,3.3324,0,6,110,1355,84,88
633,1527,2160,0.293056,0.918,2.278275e+03,6.819271e-03,0.0001,3.3325,0,2,114,1354,84,88
634,1526,2160,0.293519,0.918,2.273784e+03,6.944568e-03,0.0001,3.331,0,8,97,1353,84,88
635,1525,2160,0.293981,0.918,2.296114e+03,5.814630e-03,0.0001,3.3281,0,5,97,1352,84,88
636,1524,2160,0.294444,0.918,2.312590e+03,6.374734e-03,0.0001,3.3262,0,3,114,1351,84,88
637,1523,2160,0.294907,0.918,2.281114e+03,6.779462e-03,0.0001,3.3291,0,1,16,1350,84,88
638,1522,2160,0.29537,0.919,2.299185e+03,6.867035e-03,0.0001,3.3449,0,4,176,1349,84,88
639,1521,2160,0.295833,0.919,2.308719e+03,6.752360e-03,0.0001,3.3394,0,6,14,1348,84,88
640,1520,2160,0.296296,0.919,2.274947e+03,7.328182e-03,0.0001,3.3398,0,5,76,1347,84,88
641,1519,2160,0.296759,0.918,2.340847e+03,7.022729e-03,0.0001,3.3184,0,1,140,1346,84,88
642,1518,2160,0.297222,0.917,2.312772e+03,7.052103e-03,0.0001,3.355,0,8,132,1345,84,88
643,1517,2160,0.297685,0.917,2.323793e+03,7.283864e-03,0.0001,3.3286,0,5,74,1344,84,88
644,1516,2160,0.298148,0.917,2.384218e+03,6.895515e-03,0.0001,3.3358,0,0,97,1343,84,88
645,1515,2160,0.298611,0.917,2.354649e+03,6.993082e-03,0.0001,3.3277,0,8,195,1342,84,88
646,1514,2160,0.299074,0.917,2.375866e+03,6.867478e-03,0.0001,3.3423,0,6,123,1341,84,88
647,1513,2160,0.299537,0.917,2.339990e+03,7.008772e-03,0.0001,3.3225,0,7,131,1340,84,88
648,1512,2160,0.3,0.917,2.392432e+03,7.190812e-03,0.0001,3.3382,0,5,154,1339,84,88
649,1511,2160,0.300463,0.917,2.532367e+03,7.251404e-03,0.0001,3.3295,0,7,179,1338,84,88
650,1510,2160,0.300926,0.917,2.541796e+03,7.130036e-03,0.0001,3.3432,0,9,45,1337,84,88
651,1509,2160,0.301389,0.917,2.502166e+03,7.014926e-03,0.0001,3.3409,0,6,112,1336,84,88
652,1508,2160,0.301852,0.917,2.448488e+03,7.117665e-03,0.0001,3.3451,0,2,135,1335,84,88
653,1507,2160,0.302315,0.917,2.475941e+03,7.029682e-03,0.0002,3.3223,0,9,8,1334,84,88
654,1506,2160,0.302778,0.917,2.454207e+03,7.003312e-03,0.0001,3.3425,0,3,54,1333,84,88
655,1505,2160,0.303241,0.917,2.469335e+03,6.946311e-03,0.0001,3.3243,0,6,80,1332,84,88
656,1504,2160,0.303704,0.917,2.439970e+03,7.130910e-03,0.0001,3.3336,0,2,68,1331,84,88
657,1503,2160,0.304167,0.917,2.477393e+03,7.063907e-03,0.0001,3.3316,0,9,21,1330,84,88
658,1502,2160,0.30463,0.917,2.467586e+03,7.123516e-03,0.0001,3.3407,0,2,54,1329,84,88
659,1501,2160,0.305093,0.917,2.477915e+03,7.082084e-03,0.0001,3.343,0,9,171,1328,84,88
660,1500,2160,0.305556,0.917,2.462900e+03,7.032491e-03,0.0001,3.3397,0,6,65,1327,84,88
661,1499,2160,0.306019,0.917,2.426787e+03,6.992473e-03,0.0001,3.3429,0,6,61,1326,84,88
662,1498,2160,0.306481,0.917,2.401389e+03,7.102082e-03,0.0001,3.3389,0,4,112,1325,84,88
663,1497,2160,0.306944,0.918,2.438556e+03,7.065361e-03,0.0001,3.3388,0,9,138,1324,84,88
664,1496,2160,0.307407,0.918,2.442384e+03,7.202428e-03,0.0001,3.3293,0,8,30,1323,84,88
665,1495,2160,0.30787,0.918,2.488904e+03,7.172694e-03,0.0001,3.3416,0,4,70,1322,84,88
666,1494,2160,0.308333,0.917,2.511675e+03,7.177161e-03,0.0001,3.3316,0,4,158,1321,84,88
667,1493,2160,0.308796,0.918,2.533787e+03,7.542429e-03,0.0001,3.3341,0,5,60,1320,84,88
668,1492,2160,0.309259,0.917,2.633887e+03,7.351745e-03,0.0001,3.3283,0,1,136,1319,84,88
669,1491,2160,0.309722,0.917,2.595051e+03,7.199147e-03,0.0001,3.3457,0,3,167,1318,84,88
670,1490,2160,0.310185,0.918,2.597768e+03,7.347015e-03,0.0001,3.3509,0,0,142,1317,84,88
671,1489,2160,0.310648,0.917,2.582335e+03,7.149872e-03,0.0001,3.3475,0,6,186,1316,84,88
672,1488,2160,0.311111,0.918,2.547071e+03,7.109069e-03,0.0001,3.3264,0,6,30,1315,84,88
673,1487,2160,0.311574,0.918,2.525131e+03,7.217269e-03,0.0001,3.3381,0,0,30,1314,84,88
674,1486,2160,0.312037,0.917,2.523111e+03,7.163987e-03,0.0001,3.3324,0,8,167,1313,84,88
675,1485,2160,0.3125,0.917,2.574438e+03,7.306762e-03,0.0001,3.3498,0,0,110,1312,84,88
676,1484,2160,0.312963,0.916,2.564450e+03,6.987393e-03,0.0001,3.3415,0,5,110,1311,84,88
677,1483,2160,0.313426,0.916,2.611752e+03,7.308880e-03,0.0001,3.337,0,4,111,1310,84,88
678,1482,2160,0.313889,0.918,2.616964e+03,7.180950e-03,0.0001,3.3317,0,3,85,1309,84,88
679,1481,2160,0.314352,0.916,2.619319e+03,7.432500e-03,0.0001,3.3461,0,5,70,1308,84,88
680,1480,2160,0.314815,0.917,2.749093e+03,6.008952e-03,0.0001,3.3257,0,0,70,1307,84,88
681,1479,2160,0.315278,0.917,2.585158e+03,7.160001e-03,0.0001,3.3302,0,0,140,1306,84,88
682,1478,2160,0.315741,0.917,2.604633e+03,7.175722e-03,0.0001,3.3308,0,1,132,1305,84,88
683,1477,2160,0.316204,0.916,2.611109e+03,7.170058e-03,0.0001,3.3301,0,8,27,1304,84,88
684,1476,2160,0.316667,0.918,2.687404e+03,7.209691e-03,0.0001,3.326,0,1,83,1303,84,88
685,1475,2160,0.31713,0.918,2.697960e+03,7.229369e-03,0.0001,3.3343,0,1,176,1302,84,88
686,1474,2160,0.317593,0.918,2.703225e+03,7.354127e-03,0.0001,3.3181,0,4,146,1301,84,88
687,1473,2160,0.318056,0.918,2.721133e+03,7.392929e-03,0.0001,3.3303,0,4,44,1300,84,88
688,1472,2160,0.318519,0.917,2.740605e+03,7.414242e-03,0.0001,3.3337,0,7,135,1299,84,88
689,1471,2160,0.318981,0.917,2.794720e+03,7.456626e-03,0.0001,3.3394,1,9,3,1299,83,88
690,1470,2160,0.319444,0.916,2.766390e+03,7.290996e-03,0.0001,3.3272,0,6,150,1298,83,88
691,1469,2160,0.319907,0.916,2.728453e+03,7.251425e-03,0.0001,3.3349,0,6,193,1297,83,88
692,1468,2160,0.32037,0.916,2.702851e+03,7.234707e-03,0.0001,3.338,0,9,83,1296,83,88
693,1467,2160,0.320833,0.915,2.706275e+03,7.183837e-03,0.0002,3.34,0,9,135,1295,83,88
694,1466,2160,0.321296,0.917,2.705194e+03,7.282387e-03,0.0001,3.3363,0,1,7,1294,83,88
695,1465,2160,0.321759,0.917,2.746160e+03,7.347534e-03,0.0001,3.3332,0,2,3,1293,83,88
696,1464,2160,0.322222,0.917,2.821796e+03,6.685027e-03,0.0001,3.3439,0,5,3,1292,83,88
697,1463,2160,0.322685,0.916,2.882094e+03,7.352077e-03,0.0001,3.3166,0,9,97,1291,83,88
698,1462,2160,0.323148,0.917,2.871280e+03,7.329040e-03,0.0001,3.3185,0,3,4,1290,83,88
699,1461,2160,0.323611,0.917,2.891635e+03,7.352779e-03,0.0001,3.3317,0,8,189,1289,83,88
700,1460,2160,0.324074,0.916,2.968639e+03,7.288112e-03,0.0001,3.324,0,7,97,1288,83,88
701,1459,2160,0.324537,0.916,3.030990e+03,7.218209e-03,0.0001,3.3255,0,4,4,1287,83,88
702,1458,2160,0.325,0.916,3.045984e+03,7.386536e-03,0.0001,3.3362,0,9,127,1286,83,88
703,1457,2160,0.325463,0.916,3.051307e+03,7.572037e-03,0.0001,3.3192,0,0,9,1285,83,88
704,1456,2160,0.325926,0.916,3.046322e+03,7.733077e-03,0.0001,3.3333,0,5,148,1284,83,88
705,1455,2160,0.326389,0.916,3.203534e+03,7.639280e-03,0.0001,3.309,0,4,72,1283,83,88
706,1454,2160,0.326852,0.917,3.190093e+03,7.639077e-03,0.0001,3.3123,0,0,195,1282,83,88
707,1453,2160,0.327315,0.917,3.148377e+03,7.487152e-03,0.0001,3.3239,0,3,45,1281,83,88
708,1452,2160,0.327778,0.917,3.153535e+03,7.417107e-03,0.0001,3.3309,0,6,50,1280,83,88
709,1451,2160,0.328241,0.917,3.115020e+03,7.615820e-03,0.0001,3.3351,0,8,62,1279,83,88
710,1450,2160,0.328704,0.917,3.155331e+03,7.423921e-03,0.0001,3.3384,0,6,88,1278,83,88
711,1449,2160,0.329167,0.917,3.117650e+03,7.579417e-03,0.0001,3.3415,0,7,141,1277,83,88
712,1448,2160,0.32963,0.917,3.180851e+03,7.607657e-03,0.0001,3.3554,0,2,154,1276,83,88
713,1447,2160,0.330093,0.917,3.240373e+03,7.699628e-03,0.0001,3.3462,0,4,157,1275,83,88
714,1446,2160,0.330556,0.917,3.255379e+03,7.707856e-03,0.0001,3.3456,0,8,22,1274,83,88
715,1445,2160,0.331019,0.916,3.291064e+03,7.696900e-03,0.0001,3.3404,0,0,6,1273,83,88
716,1444,2160,0.331481,0.917,3.303030e+03,7.716110e-03,0.0001,3.3486,0,0,124,1272,83,88
717,1443,2160,0.331944,0.918,3.293637e+03,7.565273e-03,0.0001,3.3377,0,8,29,1271,83,88
718,1442,2160,0.332407,0.918,3.386869e+03,7.744106e-03,0.0001,3.332,0,0,73,1270,83,88
719,1441,2160,0.33287,0.918,3.383761e+03,7.795116e-03,0.0001,3.3388,0,8,64,1269,83,88
720,1440,2160,0.333333,0.917,3.421329e+03,7.415913e-03,0.0001,3.3308,0,9,64,1268,83,88
721,1439,2160,0.333796,0.917,3.386513e+03,7.543836e-03,0.0001,3.3333,0,6,41,1267,83,88
722,1438,2160,0.334259,0.917,3.365169e+03,7.760693e-03,0.0001,3.3323,0,7,1,1266,83,88
723,1437,2160,0.334722,0.917,3.446884e+03,7.670587e-03,0.0001,3.3305,0,9,167,1265,83,88
724,1436,2160,0.335185,0.917,3.458779e+03,7.772052e-03,0.0001,3.3152,0,7,94,1264,83,88
725,1435,2160,0.335648,0.917,3.533348e+03,7.692335e-03,0.0001,3.3372,0,6,7,1263,83,88
726,1434,2160,0.336111,0.917,3.490792e+03,7.905694e-03,0.0001,3.3353,0,0,89,1262,83,88
727,1433,2160,0.336574,0.918,3.484231e+03,7.873776e-03,0.0001,3.329,0,4,14,1261,83,88
728,1432,2160,0.337037,0.918,3.513142e+03,7.841898e-03,0.0001,3.3438,0,1,34,1260,83,88
729,1431,2160,0.3375,0.916,3.518810e+03,7.710630e-03,0.0001,3.3305,0,6,26,1259,83,88
730,1430,2160,0.337963,0.916,3.482736e+03,7.921132e-03,0.0001,3.3308,0,0,181,1258,83,88
731,1429,2160,0.338426,0.916,3.490130e+03,7.866668e-03,0.0001,3.3291,0,0,93,1257,83,88
732,1428,2160,0.338889,0.916,3.513506e+03,7.944268e-03,0.0001,3.3388,0,4,37,1256,83,88
733,1427,2160,0.339352,0.916,3.534229e+03,7.787243e-03,0.0001,3.3301,1,0,8,1256,82,88
734,1426,2160,0.339815,0.916,3.493164e+03,7.770565e-03,0.0001,3.3399,0,6,91,1255,82,88
735,1425,2160,0.340278,0.916,3.467036e+03,7.768691e-03,0.0001,3.3286,1,0,1,1255,81,88
736,1424,2160,0.340741,0.916,3.448188e+03,7.909480e-03,0.0001,3.3327,0,2,166,1254,81,88
737,1423,2160,0.341204,0.915,3.538895e+03,8.012634e-03,0.0001,3.327,0,8,0,1253,81,88
738,1422,2160,0.341667,0.916,3.601863e+03,7.911017e-03,0.0001,3.3344,0,7,195,1252,81,88
739,1421,2160,0.34213,0.916,3.700249e+03,7.848300e-03,0.0001,3.3357,0,8,168,1251,81,88
740,1420,2160,0.342593,0.915,3.806674e+03,8.033987e-03,0.0001,3.3393,0,0,105,1250,81,88
741,1419,2160,0.343056,0.916,3.800345e+03,7.897838e-03,0.0001,3.3356,0,7,0,1249,81,88
742,1418,2160,0.343519,0.916,3.861483e+03,7.878302e-03,0.0001,3.337,0,6,10,1248,81,88
743,1417,2160,0.343981,0.916,3.818178e+03,7.868654e-03,0.0001,3.3416,0,6,163,1247,81,88
744,1416,2160,0.344444,0.916,3.788181e+03,7.877504e-03,0.0001,3.3326,0,6,17,1246,81,88
745,1415,2160,0.344907,0.916,3.764925e+03,8.017715e-03,0.0001,3.3333,0,2,37,1245,81,88
746,1414,2160,0.34537,0.916,3.814370e+03,7.938814e-03,0.0001,3.3378,0,6,152,1244,81,88
747,1413,2160,0.345833,0.916,3.773710e+03,7.625214e-03,0.0001,3.351,0,1,0,1243,81,88
748,1412,2160,0.346296,0.916,3.753318e+03,8.569880e-03,0.0001,3.3351,0,5,113,1242,81,88
749,1411,2160,0.346759,0.916,3.868771e+03,6.924659e-03,0.0001,3.3318,0,2,113,1241,81,88
750,1410,2160,0.347222,0.917,3.787661e+03,8.132402e-03,0.0001,3.3414,0,0,51,1240,81,88
751,1409,2160,0.347685,0.916,3.777884e+03,7.954229e-03,0.0001,3.3382,0,9,72,1239,81,88
752,1408,2160,0.348148,0.917,3.779503e+03,7.918945e-03,0.0001,3.3463,0,6,164,1238,81,88
753,1407,2160,0.348611,0.917,3.750571e+03,7.928415e-03,0.0001,3.3325,0,6,77,1237,81,88
754,1406,2160,0.349074,0.916,3.730874e+03,8.190700e-03,0.0001,3.3285,0,2,131,1236,81,88
755,1405,2160,0.349537,0.915,3.805169e+03,8.275397e-03,0.0001,3.327,0,8,137,1235,81,88
756,1404,2160,0.35,0.915,3.861024e+03,8.550386e-03,0.0001,3.3464,0,5,135,1234,81,88
757,1403,2160,0.350463,0.915,4.021299e+03,8.283098e-03,0.0001,3.3418,0,3,152,1233,81,88
758,1402,2160,0.350926,0.916,4.006685e+03,8.160527e-03,0.0002,3.3472,0,4,153,1232,81,88
759,1401,2160,0.351389,0.916,4.064386e+03,8.213971e-03,0.0001,3.3366,0,0,113,1231,81,88
760,1400,2160,0.351852,0.915,4.069264e+03,8.136960e-03,0.0001,3.331,0,3,178,1230,81,88
761,1399,2160,0.352315,0.916,4.090926e+03,8.400243e-03,0.0001,3.3295,0,8,158,1229,81,88
762,1398,2160,0.352778,0.915,4.142682e+03,8.233157e-03,0.0001,3.3435,0,6,64,1228,81,88
763,1397,2160,0.353241,0.915,4.086338e+03,8.178065e-03,0.0001,3.3295,0,3,139,1227,81,88
764,1396,2160,0.353704,0.916,4.131943e+03,8.159839e-03,0.0001,3.3405,0,4,7,1226,81,88
765,1395,2160,0.354167,0.914,4.211320e+03,8.276704e-03,0.0001,3.336,0,9,150,1225,81,88
766,1394,2160,0.35463,0.914,4.214741e+03,8.276068e-03,0.0001,3.3647,0,3,69,1224,81,88
767,1393,2160,0.355093,0.914,4.247360e+03,8.230802e-03,0.0001,3.3398,0,6,143,1223,81,88
768,1392,2160,0.355556,0.914,4.207243e+03,8.238308e-03,0.0001,3.3438,0,6,48,1222,81,88
769,1391,2160,0.356019,0.914,4.175282e+03,8.196088e-03,0.0001,3.3384,0,1,69,1221,81,88
770,1390,2160,0.356481,0.914,4.202763e+03,8.362384e-03,0.0001,3.3486,0,1,158,1220,81,88
771,1389,2160,0.356944,0.915,4.189525e+03,8.534877e-03,0.0001,3.3484,0,7,149,1219,81,88
772,1388,2160,0.357407,0.915,4.250302e+03,8.395929e-03,0.0001,3.3361,2,4,9,1219,81,87
773,1387,2160,0.35787,0.915,4.196723e+03,8.604798e-03,0.0001,3.3117,0,8,145,1218,81,87
774,1386,2160,0.358333,0.915,4.236610e+03,8.350504e-03,0.0001,3.3298,0,6,149,1217,81,87
775,1385,2160,0.358796,0.915,4.183933e+03,8.572391e-03,0.0001,3.3405,0,0,99,1216,81,87
776,1384,2160,0.359259,0.916,4.184769e+03,8.451030e-03,0.0001,3.33,0,9,77,1215,81,87
777,1383,2160,0.359722,0.915,4.183176e+03,8.394264e-03,0.0001,3.3337,0,2,77,1214,81,87
778,1382,2160,0.360185,0.916,4.194918e+03,8.361320e-03,0.0002,3.3322,0,6,83,1213,81,87
779,1381,2160,0.360648,0.916,4.150379e+03,9.061460e-03,0.0001,3.3275,0,5,91,1212,81,87
780,1380,2160,0.361111,0.916,4.290111e+03,8.705385e-03,0.0001,3.3244,0,9,68,1211,81,87
781,1379,2160,0.361574,0.916,4.235020e+03,8.731612e-03,0.0001,3.3306,0,7,130,1210,81,87
782,1378,2160,0.362037,0.916,4.284116e+03,9.108524e-03,0.0001,3.3373,0,5,138,1209,81,87
783,1377,2160,0.3625,0.916,4.403517e+03,8.700148e-03,0.0001,3.3328,0,6,144,1208,81,87
784,1376,2160,0.362963,0.916,4.282926e+03,8.635010e-03,0.0002,3.3393,0,2,83,1207,81,87
785,1375,2160,0.363426,0.916,4.355230e+03,8.705135e-03,0.0001,3.3311,0,4,13,1206,81,87
786,1374,2160,0.363889,0.917,4.368232e+03,8.661952e-03,0.0001,3.3308,0,9,37,1205,81,87
787,1373,2160,0.364352,0.917,4.350164e+03,8.921452e-03,0.0001,3.3439,0,5,181,1204,81,87
788,1372,2160,0.364815,0.916,4.609713e+03,9.482328e-03,0.0001,3.3138,0,5,43,1203,81,87
789,1371,2160,0.365278,0.916,4.673777e+03,8.348766e-03,0.0001,3.3235,0,4,43,1202,81,87
790,1370,2160,0.365741,0.915,4.523078e+03,9.320796e-03,0.0001,3.3232,0,5,120,1201,81,87
791,1369,2160,0.366204,0.915,4.641716e+03,7.162745e-03,0.0001,3.328,0,0,120,1200,81,87
792,1368,2160,0.366667,0.915,4.454077e+03,8.973135e-03,0.0001,3.3353,0,5,126,1199,81,87
793,1367,2160,0.36713,0.915,4.697133e+03,9.365641e-03,0.0001,3.3285,0,5,61,1198,81,87
794,1366,2160,0.367593,0.916,4.774000e+03,8.858903e-03,0.0001,3.3324,0,9,181,1197,81,87
795,1365,2160,0.368056,0.916,4.618188e+03,8.910049e-03,0.0001,3.3328,0,2,134,1196,81,87
796,1364,2160,0.368519,0.916,4.620292e+03,8.438371e-03,0.0001,3.3363,0,7,181,1195,81,87
797,1363,2160,0.368981,0.916,4.606566e+03,8.814785e-03,0.0001,3.3462,0,4,52,1194,81,87
798,1362,2160,0.369444,0.916,4.606775e+03,8.644992e-03,0.0001,3.3486,0,9,22,1193,81,87
799,1361,2160,0.369907,0.916,4.591955e+03,8.706967e-03,0.0001,3.3288,0,9,65,1192,81,87
800,1360,2160,0.37037,0.916,4.582711e+03,8.733612e-03,0.0001,3.3126,0,1,157,1191,81,87
801,1359,2160,0.370833,0.917,4.589664e+03,8.636582e-03,0.0001,3.3382,0,3,96,1190,81,87
802,1358,2160,0.371296,0.916,4.608943e+03,9.381106e-03,0.0001,3.3453,1,3,3,1190,80,87
803,1357,2160,0.371759,0.917,4.585077e+03,8.823527e-03,0.0001,3.3318,0,9,18,1189,80,87
804,1356,2160,0.372222,0.917,4.578253e+03,8.897237e-03,0.0001,3.3356,0,2,46,1188,80,87
805,1355,2160,0.372685,0.917,4.678959e+03,8.835917e-03,0.0001,3.3307,0,9,139,1187,80,87
806,1354,2160,0.373148,0.917,4.692054e+03,9.026365e-03,0.0001,3.3352,0,7,147,1186,80,87
807,1353,2160,0.373611,0.916,4.761340e+03,9.063431e-03,0.0001,3.3352,0,2,179,1185,80,87
808,1352,2160,0.374074,0.917,4.814317e+03,9.379960e-03,0.0001,3.341,0,5,99,1184,80,87
809,1351,2160,0.374537,0.917,5.015847e+03,9.153333e-03,0.0001,3.3289,0,9,165,1183,80,87
810,1350,2160,0.375,0.917,4.940328e+03,9.052492e-03,0.0001,3.3314,0,9,188,1182,80,87
811,1349,2160,0.375463,0.916,4.899781e+03,9.071533e-03,0.0001,3.3309,0,7,165,1181,80,87
812,1348,2160,0.375926,0.917,4.948517e+03,9.192448e-03,0.0001,3.3359,0,2,112,1180,80,87
813,1347,2160,0.376389,0.916,5.014953e+03,9.305548e-03,0.0001,3.3455,0,0,193,1179,80,87
814,1346,2160,0.376852,0.917,4.986040e+03,8.989532e-03,0.0001,3.335,0,4,99,1178,80,87
815,1345,2160,0.377315,0.917,5.019448e+03,8.981179e-03,0.0001,3.3366,0,3,140,1177,80,87
816,1344,2160,0.377778,0.917,5.052156e+03,9.207745e-03,0.0001,3.3335,0,4,69,1176,80,87
817,1343,2160,0.378241,0.918,5.096105e+03,9.349463e-03,0.0001,3.3331,0,0,141,1175,80,87
818,1342,2160,0.378704,0.918,5.081311e+03,9.051329e-03,0.0001,3.3296,0,6,85,1174,80,87
819,1341,2160,0.379167,0.918,5.033479e+03,9.231870e-03,0.0001,3.3344,0,2,133,1173,80,87
820,1340,2160,0.37963,0.917,5.124548e+03,9.256290e-03,0.0001,3.3586,0,4,75,1172,80,87
821,1339,2160,0.380093,0.918,5.184576e+03,9.156646e-03,0.0001,3.3559,0,4,167,1171,80,87
822,1338,2160,0.380556,0.917,5.275500e+03,9.110865e-03,0.0001,3.3443,0,3,25,1170,80,87
823,1337,2160,0.381019,0.917,5.326189e+03,9.173159e-03,0.0001,3.3348,0,0,43,1169,80,87
824,1336,2160,0.381481,0.917,5.358351e+03,9.320050e-03,0.0001,3.3314,2,8,1,1169,80,86
825,1335,2160,0.381944,0.916,5.376235e+03,9.026789e-03,0.0001,3.3328,0,8,133,1168,80,86
826,1334,2160,0.382407,0.917,5.384120e+03,9.000218e-03,0.0001,3.3445,0,3,137,1167,80,86
827,1333,2160,0.38287,0.918,5.402321e+03,9.351954e-03,0.0001,3.3391,0,5,30,1166,80,86
828,1332,2160,0.383333,0.918,5.701241e+03,9.136967e-03,0.0001,3.3323,0,8,43,1165,80,86
829,1331,2160,0.383796,0.918,5.731284e+03,9.192685e-03,0.0001,3.3398,0,1,147,1164,80,86
830,1330,2160,0.384259,0.917,5.734008e+03,9.329651e-03,0.0001,3.3284,0,1,26,1163,80,86
831,1329,2160,0.384722,0.918,5.741668e+03,9.279456e-03,0.0001,3.338,0,1,14,1162,80,86
832,1328,2160,0.385185,0.918,5.757779e+03,9.189299e-03,0.0001,3.3367,0,6,90,1161,80,86
833,1327,2160,0.385648,0.918,5.692661e+03,9.522459e-03,0.0001,3.3374,0,0,39,1160,80,86
834,1326,2160,0.386111,0.917,5.691530e+03,9.013919e-03,0.0001,3.3285,0,5,39,1159,80,86
835,1325,2160,0.386574,0.918,5.764763e+03,8.629071e-03,0.0001,3.3361,0,4,39,1158,80,86
836,1324,2160,0.387037,0.918,5.649808e+03,9.291444e-03,0.0001,3.3429,0,0,13,1157,80,86
837,1323,2160,0.3875,0.918,5.662280e+03,9.291091e-03,0.0001,3.3214,0,0,165,1156,80,86
838,1322,2160,0.387963,0.918,5.679126e+03,9.248269e-03,0.0001,3.3291,0,3,193,1155,80,86
839,1321,2160,0.388426,0.918,5.717916e+03,9.107312e-03,0.0001,3.3293,0,3,46,1154,80,86
840,1320,2160,0.388889,0.918,5.764731e+03,9.211742e-03,0.0001,3.3459,1,2,0,1154,79,86
841,1319,2160,0.389352,0.918,5.726995e+03,9.409972e-03,0.0001,3.3235,0,2,10,1153,79,86
842,1318,2160,0.389815,0.917,5.853680e+03,9.527201e-03,0.0001,3.3338,0,7,161,1152,79,86
843,1317,2160,0.390278,0.916,5.944403e+03,9.617724e-03,0.0001,3.3226,0,8,41,1151,79,86
844,1316,2160,0.390741,0.915,5.989266e+03,9.463868e-03,0.0001,3.3472,0,6,183,1150,79,86
845,1315,2160,0.391204,0.915,5.912780e+03,9.697387e-03,0.0001,3.3251,0,7,96,1149,79,86
846,1314,2160,0.391667,0.916,6.001064e+03,9.531965e-03,0.0001,3.3367,0,6,71,1148,79,86
847,1313,2160,0.39213,0.916,5.925990e+03,9.536156e-03,0.0001,3.3367,0,8,148,1147,79,86
848,1312,2160,0.392593,0.916,6.061483e+03,9.684808e-03,0.0001,3.3243,0,1,145,1146,79,86
849,1311,2160,0.393056,0.916,6.072585e+03,9.630092e-03,0.0001,3.3272,0,3,127,1145,79,86
850,1310,2160,0.393519,0.916,6.096849e+03,9.755115e-03,0.0001,3.3341,0,7,116,1144,79,86
851,1309,2160,0.393981,0.916,6.205235e+03,8.819269e-03,0.0001,3.3378,0,2,116,1143,79,86
852,1308,2160,0.394444,0.916,6.140136e+03,9.794618e-03,0.0001,3.3329,0,2,175,1142,79,86
853,1307,2160,0.394907,0.916,6.213205e+03,9.642038e-03,0.0001,3.348,0,6,135,1141,79,86
854,1306,2160,0.39537,0.916,6.132633e+03,9.805941e-03,0.0001,3.3407,0,8,37,1140,79,86
855,1305,2160,0.395833,0.916,6.213407e+03,9.667567e-03,0.0001,3.3349,0,3,41,1139,79,86
856,1304,2160,0.396296,0.916,6.242456e+03,9.577910e-03,0.0001,3.3375,0,5,41,1138,79,86
857,1303,2160,0.396759,0.916,6.388492e+03,1.016508e-02,0.0001,3.3335,0,0,106,1137,79,86
858,1302,2160,0.397222,0.916,6.301301e+03,9.894934e-03,0.0001,3.345,0,1,185,1136,79,86
859,1301,2160,0.397685,0.916,6.287376e+03,9.959994e-03,0.0001,3.3309,0,4,10,1135,79,86
860,1300,2160,0.398148,0.916,6.307014e+03,1.002023e-02,0.0001,3.3382,0,7,160,1134,79,86
861,1299,2160,0.398611,0.915,6.359379e+03,9.867345e-03,0.0001,3.332,0,9,71,1133,79,86
862,1298,2160,0.399074,0.915,6.324987e+03,9.649703e-03,0.0001,3.3345,0,7,185,1132,79,86
863,1297,2160,0.399537,0.915,6.378906e+03,1.017854e-02,0.0001,3.3297,0,5,22,1131,79,86
864,1296,2160,0.4,0.915,6.646693e+03,9.800147e-03,0.0001,3.3342,0,9,10,1130,79,86
865,1295,2160,0.400463,0.915,6.562301e+03,9.773633e-03,0.0001,3.3374,0,4,57,1129,79,86
866,1294,2160,0.400926,0.915,6.657666e+03,9.827374e-03,0.0001,3.3214,0,4,101,1128,79,86
867,1293,2160,0.401389,0.915,6.717081e+03,9.805576e-03,0.0001,3.3332,0,8,185,1127,79,86
868,1292,2160,0.401852,0.915,6.711808e+03,9.312682e-03,0.0001,3.3378,0,2,57,1126,79,86
869,1291,2160,0.402315,0.915,6.676748e+03,9.845600e-03,0.0001,3.3395,0,2,110,1125,79,86
870,1290,2160,0.402778,0.915,6.759138e+03,9.930521e-03,0.0001,3.3468,0,8,166,1124,79,86
871,1289,2160,0.403241,0.915,6.802024e+03,1.003610e-02,0.0001,3.329,0,0,121,1123,79,86
872,1288,2160,0.403704,0.915,6.767640e+03,9.647610e-03,0.0001,3.3251,0,9,148,1122,79,86
873,1287,2160,0.404167,0.915,6.771676e+03,9.660170e-03,0.0001,3.3386,0,6,117,1121,79,86
874,1286,2160,0.40463,0.915,6.726093e+03,9.684553e-03,0.0001,3.3428,0,6,103,1120,79,86
875,1285,2160,0.405093,0.915,6.692572e+03,9.727410e-03,0.0001,3.342,0,1,5,1119,79,86
876,1284,2160,0.405556,0.915,6.793999e+03,1.000887e-02,0.0001,3.3295,0,8,36,1118,79,86
877,1283,2160,0.406019,0.915,6.895618e+03,1.008519e-02,0.0001,3.346,0,2,103,1117,79,86
878,1282,2160,0.406481,0.913,6.968684e+03,9.840959e-03,0.0001,3.3278,0,6,54,1116,79,86
879,1281,2160,0.406944,0.913,6.895621e+03,1.008232e-02,0.0001,3.4369,0,7,190,1115,79,86
880,1280,2160,0.407407,0.913,7.007181e+03,1.004372e-02,0.0001,3.4598,0,4,183,1114,79,86
881,1279,2160,0.40787,0.914,7.117365e+03,1.020123e-02,0.0001,3.5776,0,2,17,1113,79,86
882,1278,2160,0.408333,0.914,7.178139e+03,9.196494e-03,0.0001,3.3324,0,7,17,1112,79,86
883,1277,2160,0.408796,0.914,7.154710e+03,9.955261e-03,0.0001,3.3451,0,3,111,1111,79,86
884,1276,2160,0.409259,0.914,7.220394e+03,1.018225e-02,0.0001,3.3452,0,7,81,1110,79,86
885,1275,2160,0.409722,0.914,7.313637e+03,9.549359e-03,0.0001,3.341,0,1,81,1109,79,86
886,1274,2160,0.410185,0.915,7.186805e+03,1.009949e-02,0.0001,3.3433,1,2,5,1109,78,86
887,1273,2160,0.410648,0.915,7.155140e+03,9.946668e-03,0.0002,3.3422,0,5,111,1108,78,86
888,1272,2160,0.411111,0.915,7.587990e+03,1.014415e-02,0.0001,3.3453,0,7,28,1107,78,86
889,1271,2160,0.411574,0.915,7.715882e+03,1.004852e-02,0.0001,3.3472,0,6,13,1106,78,86
890,1270,2160,0.412037,0.915,7.628762e+03,1.004072e-02,0.0001,3.3382,0,3,17,1105,78,86
891,1269,2160,0.4125,0.915,7.609673e+03,1.034235e-02,0.0001,3.3415,0,7,117,1104,78,86
892,1268,2160,0.412963,0.914,7.684714e+03,1.023861e-02,0.0001,3.3402,0,3,12,1103,78,86
893,1267,2160,0.413426,0.915,7.690516e+03,1.013828e-02,0.0001,3.3509,0,6,182,1102,78,86
894,1266,2160,0.413889,0.915,7.604074e+03,1.041043e-02,0.0001,3.333,0,5,184,1101,78,86
895,1265,2160,0.414352,0.915,8.005162e+03,1.047494e-02,0.0001,3.3452,0,5,13,1100,78,86
896,1264,2160,0.414815,0.915,8.366633e+03,8.606547e-03,0.0001,3.3455,0,2,13,1099,78,86
897,1263,2160,0.415278,0.915,8.173406e+03,8.401010e-03,0.0001,3.3542,0,3,13,1098,78,86
898,1262,2160,0.415741,0.915,8.071430e+03,9.016998e-03,0.0001,3.3463,0,8,184,1097,78,86
899,1261,2160,0.416204,0.915,8.109909e+03,1.023823e-02,0.0001,3.3369,0,8,190,1096,78,86
900,1260,2160,0.416667,0.915,8.196919e+03,1.051916e-02,0.0001,3.352,1,4,5,1096,77,86
901,1259,2160,0.41713,0.915,8.170526e+03,1.037309e-02,0.0001,3.3388,0,0,128,1095,77,86
902,1258,2160,0.417593,0.915,8.145245e+03,1.022935e-02,0.0001,3.3373,0,0,17,1094,77,86
903,1257,2160,0.418056,0.915,8.141146e+03,9.787006e-03,0.0001,3.3423,0,9,128,1093,77,86
904,1256,2160,0.418519,0.915,8.113673e+03,9.814763e-03,0.0001,3.3266,0,3,128,1092,77,86
905,1255,2160,0.418981,0.915,8.089820e+03,1.005477e-02,0.0001,3.3294,0,6,155,1091,77,86
906,1254,2160,0.419444,0.915,8.052752e+03,1.038244e-02,0.0001,3.3387,0,4,51,1090,77,86
907,1253,2160,0.419907,0.914,8.123714e+03,1.011813e-02,0.0001,3.3387,0,6,109,1089,77,86
908,1252,2160,0.42037,0.915,8.070113e+03,1.035717e-02,0.0001,3.3389,0,0,5,1088,77,86
909,1251,2160,0.420833,0.915,8.072790e+03,1.031814e-02,0.0001,3.3414,0,8,91,1087,77,86
910,1250,2160,0.421296,0.914,8.182219e+03,1.042087e-02,0.0001,3.333,0,0,178,1086,77,86
911,1249,2160,0.421759,0.913,8.156494e+03,1.013894e-02,0.0001,3.3447,1,0,6,1086,76,86
912,1248,2160,0.422222,0.913,8.096892e+03,1.059208e-02,0.0001,3.3415,0,5,194,1085,76,86
913,1247,2160,0.422685,0.913,8.448351e+03,1.066264e-02,0.0001,3.3385,0,4,155,1084,76,86
914,1246,2160,0.423148,0.913,8.447976e+03,9.819058e-03,0.0001,3.3556,0,8,194,1083,76,86
915,1245,2160,0.423611,0.914,8.315318e+03,8.996584e-03,0.0001,3.3585,0,2,194,1082,76,86
916,1244,2160,0.424074,0.914,8.272424e+03,1.013046e-02,0.0001,3.3456,0,6,79,1081,76,86
917,1243,2160,0.424537,0.915,8.245500e+03,1.023085e-02,0.0001,3.3444,0,6,86,1080,76,86
918,1242,2160,0.425,0.915,8.225553e+03,1.016730e-02,0.0001,3.3421,0,9,91,1079,76,86
919,1241,2160,0.425463,0.912,8.240465e+03,1.044944e-02,0.0001,3.346,0,7,15,1078,76,86
920,1240,2160,0.425926,0.912,8.438714e+03,1.038791e-02,0.0001,3.3282,0,7,194,1077,76,86
921,1239,2160,0.426389,0.912,8.625556e+03,1.040068e-02,0.0001,3.3432,0,1,13,1076,76,86
922,1238,2160,0.426852,0.913,8.674739e+03,1.037117e-02,0.0001,3.3479,0,6,176,1075,76,86
923,1237,2160,0.427315,0.913,8.627490e+03,1.049233e-02,0.0001,3.3317,0,8,24,1074,76,86
924,1236,2160,0.427778,0.912,8.826110e+03,1.069338e-02,0.0001,3.3227,0,8,18,1073,76,86
925,1235,2160,0.428241,0.913,8.932617e+03,1.004772e-02,0.0001,3.3451,0,5,18,1072,76,86
926,1234,2160,0.428704,0.913,8.994274e+03,1.069182e-02,0.0001,3.3438,0,3,110,1071,76,86
927,1233,2160,0.429167,0.914,8.979924e+03,1.064856e-02,0.0001,3.3391,0,0,79,1070,76,86
928,1232,2160,0.42963,0.913,8.996748e+03,1.037557e-02,0.0002,3.3676,0,9,24,1069,76,86
929,1231,2160,0.430093,0.912,8.881271e+03,1.043482e-02,0.0001,3.3403,0,6,46,1068,76,86
930,1230,2160,0.430556,0.912,8.818926e+03,1.056090e-02,0.0001,3.3286,0,1,180,1067,76,86
931,1229,2160,0.431019,0.913,8.865113e+03,1.066927e-02,0.0001,3.3405,0,7,40,1066,76,86
932,1228,2160,0.431481,0.913,8.992343e+03,1.078433e-02,0.0001,3.3272,0,0,179,1065,76,86
933,1227,2160,0.431944,0.913,8.966519e+03,1.044352e-02,0.0001,3.3335,0,0,167,1064,76,86
934,1226,2160,0.432407,0.912,9.068543e+03,1.066243e-02,0.0001,3.348,0,2,123,1063,76,86
935,1225,2160,0.43287,0.913,9.205157e+03,1.051209e-02,0.0001,3.342,1,2,6,1063,75,86
936,1224,2160,0.433333,0.913,9.132071e+03,1.070317e-02,0.0001,3.3413,0,4,63,1062,75,86
937,1223,2160,0.433796,0.914,9.243704e+03,1.057499e-02,0.0001,3.3385,0,9,79,1061,75,86
938,1222,2160,0.434259,0.916,9.222415e+03,1.066836e-02,0.0001,3.346,0,1,137,1060,75,86
939,1221,2160,0.434722,0.916,9.240697e+03,1.060614e-02,0.0001,3.3464,0,6,35,1059,75,86
940,1220,2160,0.435185,0.916,9.167978e+03,1.056552e-02,0.0001,3.3414,0,6,142,1058,75,86
941,1219,2160,0.435648,0.916,9.121488e+03,1.053863e-02,0.0001,3.3344,0,6,141,1057,75,86
942,1218,2160,0.436111,0.916,9.088479e+03,1.071121e-02,0.0001,3.332,0,9,107,1056,75,86
943,1217,2160,0.436574,0.911,9.127902e+03,1.072066e-02,0.0001,3.3383,0,3,124,1055,75,86
944,1216,2160,0.437037,0.913,9.196450e+03,1.062534e-02,0.0001,3.3321,1,0,9,1055,74,86
945,1215,2160,0.4375,0.912,9.149589e+03,1.093274e-02,0.0001,3.3319,0,4,107,1054,74,86
946,1214,2160,0.437963,0.914,9.177774e+03,1.066681e-02,0.0001,3.3451,0,6,195,1053,74,86
947,1213,2160,0.438426,0.911,9.129173e+03,1.126885e-02,0.0001,3.3343,0,5,19,1052,74,86
948,1212,2160,0.438889,0.913,9.513713e+03,1.133751e-02,0.0001,3.3478,0,5,25,1051,74,86
949,1211,2160,0.439352,0.911,9.889750e+03,1.105697e-02,0.0001,3.3412,0,6,102,1050,74,86
950,1210,2160,0.439815,0.91,9.720252e+03,9.943016e-03,0.0001,3.3397,0,0,25,1049,74,86
951,1209,2160,0.440278,0.91,9.452146e+03,1.069098e-02,0.0001,3.3335,0,6,16,1048,74,86
952,1208,2160,0.440741,0.91,9.427353e+03,1.086932e-02,0.0001,3.349,0,1,129,1047,74,86
953,1207,2160,0.441204,0.911,9.507723e+03,1.091726e-02,0.0001,3.3391,0,1,30,1046,74,86
954,1206,2160,0.441667,0.91,9.579226e+03,1.074722e-02,0.0001,3.3373,0,7,30,1045,74,86
955,1205,2160,0.44213,0.91,9.584301e+03,1.069822e-02,0.0001,3.3901,0,6,185,1044,74,86
956,1204,2160,0.442593,0.91,9.563146e+03,1.105398e-02,0.0001,3.3483,0,2,53,1043,74,86
957,1203,2160,0.443056,0.911,9.733294e+03,1.087360e-02,0.0001,3.341,0,6,101,1042,74,86
958,1202,2160,0.443519,0.91,9.673506e+03,1.090225e-02,0.0001,3.3446,0,6,147,1041,74,86
959,1201,2160,0.443981,0.91,9.633717e+03,1.105493e-02,0.0001,3.3337,0,9,82,1040,74,86
960,1200,2160,0.444444,0.91,9.679312e+03,1.095610e-02,0.0001,3.3402,1,0,4,1040,73,86
961,1199,2160,0.444907,0.91,9.630292e+03,1.163402e-02,0.0001,3.3377,0,5,124,1039,73,86
962,1198,2160,0.44537,0.91,9.970673e+03,1.131237e-02,0.0001,3.3404,0,3,100,1038,73,86
963,1197,2160,0.445833,0.91,9.945169e+03,1.113345e-02,0.0001,3.3473,0,6,124,1037,73,86
964,1196,2160,0.446296,0.91,9.838706e+03,1.126895e-02,0.0001,3.343,2,8,5,1037,73,85
965,1195,2160,0.446759,0.91,9.915433e+03,1.135135e-02,0.0001,3.3453,0,8,129,1036,73,85
966,1194,2160,0.447222,0.91,9.972126e+03,1.128002e-02,0.0001,3.3422,0,4,18,1035,73,85
967,1193,2160,0.447685,0.91,1.008140e+04,1.129567e-02,0.0001,3.3361,0,4,182,1034,73,85
968,1192,2160,0.448148,0.91,1.023723e+04,1.074808e-02,0.0001,3.3294,0,8,182,1033,73,85
969,1191,2160,0.448611,0.909,1.023149e+04,1.178201e-02,0.0001,3.3469,1,8,5,1033,72,85
970,1190,2160,0.449074,0.909,1.021310e+04,1.120339e-02,0.0001,3.3396,0,1,28,1032,72,85
971,1189,2160,0.449537,0.909,1.032562e+04,1.119218e-02,0.0001,3.3394,0,1,27,1031,72,85
972,1188,2160,0.45,0.909,1.045326e+04,1.191670e-02,0.0001,3.341,2,3,6,1031,72,84
973,1187,2160,0.450463,0.908,1.055412e+04,1.147122e-02,0.0001,3.345,0,7,157,1030,72,84
974,1186,2160,0.450926,0.91,1.073383e+04,1.149255e-02,0.0001,3.3466,2,3,8,1030,72,83
975,1185,2160,0.451389,0.91,1.066021e+04,1.120781e-02,0.0001,3.3404,0,6,154,1029,72,83
976,1184,2160,0.451852,0.91,1.060877e+04,1.123730e-02,0.0001,3.333,0,6,1,1028,72,83
977,1183,2160,0.452315,0.91,1.057586e+04,1.140059e-02,0.0001,3.3437,0,3,144,1027,72,83
978,1182,2160,0.452778,0.91,1.067671e+04,1.155832e-02,0.0001,3.3519,0,8,155,1026,72,83
979,1181,2160,0.453241,0.911,1.087220e+04,1.178585e-02,0.0001,3.34,0,4,136,1025,72,83
980,1180,2160,0.453704,0.909,1.092967e+04,1.150374e-02,0.0001,3.3479,0,6,58,1024,72,83
981,1179,2160,0.454167,0.91,1.085624e+04,1.208574e-02,0.0001,3.3434,0,5,9,1023,72,83
982,1178,2160,0.45463,0.91,1.132009e+04,1.160583e-02,0.0001,3.3493,0,2,9,1022,72,83
983,1177,2160,0.455093,0.911,1.104398e+04,1.183342e-02,0.0001,3.3555,0,2,170,1021,72,83
984,1176,2160,0.455556,0.911,1.117123e+04,1.173885e-02,0.0001,3.3306,0,2,6,1020,72,83
985,1175,2160,0.456019,0.911,1.131507e+04,1.089429e-02,0.0001,3.3507,0,7,6,1019,72,83
986,1174,2160,0.456481,0.911,1.128134e+04,1.162371e-02,0.0001,3.3457,0,3,122,1018,72,83
987,1173,2160,0.456944,0.911,1.134842e+04,1.169297e-02,0.0001,3.3311,0,9,53,1017,72,83
988,1172,2160,0.457407,0.91,1.136082e+04,1.185164e-02,0.0001,3.3495,2,9,8,1017,72,82
989,1171,2160,0.45787,0.909,1.130998e+04,1.160810e-02,0.0001,3.3488,0,6,32,1016,72,82
990,1170,2160,0.458333,0.91,1.124420e+04,1.186598e-02,0.0001,3.3469,0,7,162,1015,72,82
991,1169,2160,0.458796,0.91,1.142695e+04,1.182089e-02,0.0001,3.3414,0,9,129,1014,72,82
992,1168,2160,0.459259,0.91,1.140005e+04,1.205453e-02,0.0001,3.336,0,2,73,1013,72,82
993,1167,2160,0.459722,0.91,1.149821e+04,1.225158e-02,0.0001,3.3405,0,4,122,1012,72,82
994,1166,2160,0.460185,0.911,1.147646e+04,1.209297e-02,0.0001,3.331,0,8,51,1011,72,82
995,1165,2160,0.460648,0.91,1.154793e+04,1.173824e-02,0.0001,3.3497,0,6,178,1010,72,82
996,1164,2160,0.461111,0.91,1.143334e+04,1.179892e-02,0.0001,3.347,0,7,9,1009,72,82
997,1163,2160,0.461574,0.909,1.158113e+04,1.267293e-02,0.0001,3.3507,0,5,62,1008,72,82
998,1162,2160,0.462037,0.91,1.176890e+04,1.205971e-02,0.0001,3.3532,0,6,44,1007,72,82
999,1161,2160,0.4625,0.911,1.154316e+04,1.197865e-02,0.0001,3.3307,0,1,134,1006,72,82
1000,1160,2160,0.462963,0.91,1.153883e+04,1.190010e-02,0.0001,3.3364,0,1,125,1005,72,82
1001,1159,2160,0.463426,0.911,1.156542e+04,1.213874e-02,0.0001,3.3518,0,7,100,1004,72,82
1002,1158,2160,0.463889,0.91,1.167325e+04,1.185868e-02,0.0001,3.3393,0,6,25,1003,72,82
1003,1157,2160,0.464352,0.909,1.155852e+04,1.240220e-02,0.0001,3.3463,0,5,16,1002,72,82
1004,1156,2160,0.464815,0.909,1.201249e+04,1.201448e-02,0.0001,3.3407,0,9,85,1001,72,82
1005,1155,2160,0.465278,0.91,1.196072e+04,1.189403e-02,0.0001,3.3582,2,7,0,1001,72,81
1006,1154,2160,0.465741,0.91,1.183776e+04,1.049023e-02,0.0001,3.3482,0,2,16,1000,72,81
1007,1153,2160,0.466204,0.91,1.179852e+04,1.209319e-02,0.0001,3.3408,0,7,38,999,72,81
1008,1152,2160,0.466667,0.91,1.195458e+04,1.187676e-02,0.0001,3.3385,0,8,45,998,72,81
1009,1151,2160,0.46713,0.91,1.218573e+04,1.204017e-02,0.0001,3.3392,0,0,74,997,72,81
1010,1150,2160,0.467593,0.91,1.223531e+04,1.214520e-02,0.0001,3.3514,0,2,15,996,72,81
1011,1149,2160,0.468056,0.908,1.244764e+04,1.231320e-02,0.0001,3.345,0,5,15,995,72,81
1012,1148,2160,0.468519,0.909,1.271635e+04,1.219813e-02,0.0001,3.3443,0,9,166,994,72,81
1013,1147,2160,0.468981,0.909,1.267022e+04,1.132610e-02,0.0001,3.3295,0,0,15,993,72,81
1014,1146,2160,0.469444,0.909,1.233018e+04,1.216646e-02,0.0001,3.3474,0,0,21,992,72,81
1015,1145,2160,0.469907,0.909,1.236216e+04,1.205151e-02,0.0001,3.3491,0,1,92,991,72,81
1016,1144,2160,0.47037,0.906,1.242431e+04,1.212655e-02,0.0001,3.3378,0,8,74,990,72,81
1017,1143,2160,0.470833,0.907,1.257368e+04,1.199183e-02,0.0001,3.3389,0,1,6,989,72,81
1018,1142,2160,0.471296,0.906,1.267733e+04,1.201329e-02,0.0001,3.3425,0,9,43,988,72,81
1019,1141,2160,0.471759,0.906,1.276738e+04,1.149505e-02,0.0001,3.344,0,7,43,987,72,81
1020,1140,2160,0.472222,0.905,1.289917e+04,1.217766e-02,0.0001,3.3387,0,7,134,986,72,81
1021,1139,2160,0.472685,0.906,1.317145e+04,1.255869e-02,0.0001,3.3326,0,4,141,985,72,81
1022,1138,2160,0.473148,0.905,1.323494e+04,1.252025e-02,0.0001,3.3386,0,0,119,984,72,81
1023,1137,2160,0.473611,0.905,1.318673e+04,1.210997e-02,0.0001,3.3403,0,6,122,983,72,81
1024,1136,2160,0.474074,0.905,1.309710e+04,1.208290e-02,0.0001,3.3479,0,6,52,982,72,81
1025,1135,2160,0.474537,0.905,1.304067e+04,1.251106e-02,0.0001,3.335,0,7,104,981,72,81
1026,1134,2160,0.475,0.906,1.321648e+04,1.226231e-02,0.0001,3.3252,0,6,167,980,72,81
1027,1133,2160,0.475463,0.906,1.311959e+04,1.247749e-02,0.0001,3.3329,0,0,166,979,72,81
1028,1132,2160,0.475926,0.906,1.309289e+04,1.228482e-02,0.0001,3.3328,0,2,126,978,72,81
1029,1131,2160,0.476389,0.905,1.339005e+04,1.230913e-02,0.0001,3.3298,0,5,28,977,72,81
1030,1130,2160,0.476852,0.906,1.417031e+04,1.244772e-02,0.0001,3.3401,0,2,84,976,72,81
1031,1129,2160,0.477315,0.905,1.443071e+04,1.241828e-02,0.0001,3.3416,0,3,14,975,72,81
1032,1128,2160,0.477778,0.906,1.452899e+04,1.239370e-02,0.0001,3.3417,0,3,84,974,72,81
1033,1127,2160,0.478241,0.906,1.447871e+04,1.263124e-02,0.0001,3.3401,0,4,188,973,72,81
1034,1126,2160,0.478704,0.905,1.461944e+04,1.256418e-02,0.0001,3.3541,0,9,23,972,72,81
1035,1125,2160,0.479167,0.906,1.457733e+04,1.267516e-02,0.0001,3.3401,0,0,63,971,72,81
1036,1124,2160,0.47963,0.906,1.458131e+04,1.340827e-02,0.0001,3.3459,0,5,21,970,72,81
1037,1123,2160,0.480093,0.905,1.491901e+04,1.250851e-02,0.0001,3.3366,0,8,63,969,72,81
1038,1122,2160,0.480556,0.905,1.482538e+04,1.365911e-02,0.0001,3.3393,0,5,149,968,72,81
1039,1121,2160,0.481019,0.903,1.495320e+04,1.237987e-02,0.0001,3.344,0,1,84,967,72,81
1040,1120,2160,0.481481,0.905,1.482899e+04,1.271088e-02,0.0001,3.3436,0,4,23,966,72,81
1041,1119,2160,0.481944,0.904,1.484819e+04,1.229571e-02,0.0001,3.3545,0,9,6,965,72,81
1042,1118,2160,0.482407,0.904,1.485944e+04,1.234391e-02,0.0001,3.3485,0,1,188,964,72,81
1043,1117,2160,0.48287,0.905,1.489957e+04,1.277704e-02,0.0001,3.3364,0,7,63,963,72,81
1044,1116,2160,0.483333,0.905,1.504310e+04,1.224438e-02,0.0001,3.332,0,8,6,962,72,81
1045,1115,2160,0.483796,0.903,1.516880e+04,1.267750e-02,0.0001,3.3422,0,7,118,961,72,81
1046,1114,2160,0.484259,0.905,1.528584e+04,1.257828e-02,0.0001,3.3402,0,9,76,960,72,81
1047,1113,2160,0.484722,0.903,1.525972e+04,1.243158e-02,0.0001,3.3569,0,6,174,959,72,81
1048,1112,2160,0.485185,0.903,1.516469e+04,1.311221e-02,0.0001,3.3519,0,5,44,958,72,81
1049,1111,2160,0.485648,0.903,1.567323e+04,1.311588e-02,0.0001,3.3521,0,0,33,957,72,81
1050,1110,2160,0.486111,0.904,1.553643e+04,1.256664e-02,0.0001,3.34,0,8,33,956,72,81
1051,1109,2160,0.486574,0.904,1.550182e+04,1.258231e-02,0.0001,3.3356,0,1,74,955,72,81
1052,1108,2160,0.487037,0.905,1.548239e+04,1.251946e-02,0.0001,3.3367,0,6,12,954,72,81
1053,1107,2160,0.4875,0.905,1.537767e+04,1.264697e-02,0.0001,3.3321,0,3,173,953,72,81
1054,1106,2160,0.487963,0.905,1.546121e+04,1.255254e-02,0.0001,3.3286,0,1,56,952,72,81
1055,1105,2160,0.488426,0.907,1.559906e+04,1.262377e-02,0.0001,3.3399,0,8,21,951,72,81
1056,1104,2160,0.488889,0.904,1.583984e+04,1.385545e-02,0.0001,3.3448,0,5,104,950,72,81
1057,1103,2160,0.489352,0.904,1.602604e+04,1.282132e-02,0.0001,3.3305,0,4,27,949,72,81
1058,1102,2160,0.489815,0.905,1.621983e+04,1.269319e-02,0.0001,3.3316,0,3,71,948,72,81
1059,1101,2160,0.490278,0.906,1.631545e+04,1.290915e-02,0.0001,3.3282,0,2,176,947,72,81
1060,1100,2160,0.490741,0.906,1.651018e+04,1.282584e-02,0.0001,3.3336,0,0,176,946,72,81
1061,1099,2160,0.491204,0.905,1.656931e+04,1.282374e-02,0.0001,3.3428,0,2,71,945,72,81
1062,1098,2160,0.491667,0.905,1.661720e+04,1.267292e-02,0.0001,3.3472,0,0,156,944,72,81
1063,1097,2160,0.49213,0.906,1.661129e+04,1.286638e-02,0.0001,3.3339,0,2,124,943,72,81
1064,1096,2160,0.492593,0.905,1.676547e+04,1.281888e-02,0.0001,3.3485,0,5,71,942,72,81
1065,1095,2160,0.493056,0.904,1.712974e+04,1.328454e-02,0.0001,3.3212,0,0,69,941,72,81
1066,1094,2160,0.493519,0.904,1.698394e+04,1.299329e-02,0.0001,3.3338,0,1,12,940,72,81
1067,1093,2160,0.493981,0.902,1.699598e+04,1.308934e-02,0.0001,3.3359,0,8,127,939,72,81
1068,1092,2160,0.494444,0.903,1.711097e+04,1.320121e-02,0.0001,3.3396,0,7,102,938,72,81
1069,1091,2160,0.494907,0.902,1.722226e+04,1.319861e-02,0.0001,3.3366,0,7,109,937,72,81
1070,1090,2160,0.49537,0.902,1.729141e+04,1.289468e-02,0.0001,3.3329,0,9,187,936,72,81
1071,1089,2160,0.495833,0.902,1.723556e+04,1.240934e-02,0.0001,3.3393,0,1,102,935,72,81
1072,1088,2160,0.496296,0.901,1.712748e+04,1.292978e-02,0.0001,3.3268,0,1,89,934,72,81
1073,1087,2160,0.496759,0.896,1.719178e+04,1.295229e-02,0.0001,3.3347,0,8,12,933,72,81
1074,1086,2160,0.497222,0.898,1.727493e+04,1.221693e-02,0.0001,3.3132,0,2,12,932,72,81
1075,1085,2160,0.497685,0.899,1.724717e+04,1.147546e-02,0.0001,3.3385,0,4,12,931,72,81
1076,1084,2160,0.498148,0.9,1.712659e+04,1.185847e-02,0.0001,3.3317,0,3,176,930,72,81
1077,1083,2160,0.498611,0.9,1.718701e+04,1.212010e-02,0.0001,3.3354,0,7,71,929,72,81
1078,1082,2160,0.499074,0.901,1.729181e+04,1.293399e-02,0.0001,3.3405,0,2,63,928,72,81
1079,1081,2160,0.499537,0.902,1.750111e+04,1.319591e-02,0.0001,3.3285,0,2,141,927,72,81
1080,1080,2160,0.5,0.901,1.758765e+04,1.330656e-02,0.0001,3.3452,0,8,107,926,72,81
1081,1079,2160,0.500463,0.902,1.761329e+04,1.247488e-02,0.0001,3.3414,0,5,141,925,72,81
1082,1078,2160,0.500926,0.902,1.776892e+04,1.249220e-02,0.0001,3.3395,0,9,141,924,72,81
1083,1077,2160,0.501389,0.901,1.759541e+04,1.334081e-02,0.0001,3.3341,0,5,114,923,72,81
1084,1076,2160,0.501852,0.903,1.807481e+04,1.319237e-02,0.0001,3.3308,0,1,79,922,72,81
1085,1075,2160,0.502315,0.903,1.795401e+04,1.016288e-02,0.0001,3.3311,0,4,114,921,72,81
1086,1074,2160,0.502778,0.903,1.768003e+04,1.248724e-02,0.0001,3.3313,0,7,176,920,72,81
1087,1073,2160,0.503241,0.903,1.787143e+04,1.253616e-02,0.0001,3.3438,0,3,93,919,72,81
1088,1072,2160,0.503704,0.902,1.795913e+04,1.280086e-02,0.0001,3.3378,0,2,165,918,72,81
1089,1071,2160,0.504167,0.901,1.816642e+04,1.317213e-02,0.0001,3.3451,0,4,33,917,72,81
1090,1070,2160,0.50463,0.901,1.814725e+04,1.323267e-02,0.0001,3.3525,0,8,122,916,72,81
1091,1069,2160,0.505093,0.902,1.815174e+04,1.329699e-02,0.0001,3.3334,0,8,81,915,72,81
1092,1068,2160,0.505556,0.901,1.821583e+04,1.394601e-02,0.0001,3.3434,0,5,38,914,72,81
1093,1067,2160,0.506019,0.901,1.844077e+04,1.347390e-02,0.0001,3.3419,0,1,88,913,72,81
1094,1066,2160,0.506481,0.899,1.826221e+04,1.301603e-02,0.0001,3.3615,1,0,2,913,71,81
1095,1065,2160,0.506944,0.899,1.806882e+04,1.273700e-02,0.0001,3.354,0,3,33,912,71,81
1096,1064,2160,0.507407,0.9,1.809299e+04,1.300875e-02,0.0001,3.3421,0,1,107,911,71,81
1097,1063,2160,0.50787,0.9,1.809590e+04,1.288056e-02,0.0001,3.3422,1,1,6,911,70,81
1098,1062,2160,0.508333,0.9,1.798953e+04,1.303757e-02,0.0001,3.3416,0,5,37,910,70,81
1099,1061,2160,0.508796,0.9,1.880797e+04,1.321623e-02,0.0001,3.3487,0,2,74,909,70,81
1100,1060,2160,0.509259,0.903,1.900210e+04,1.372398e-02,0.0001,3.3437,0,4,150,908,70,81
1101,1059,2160,0.509722,0.901,1.900911e+04,1.337117e-02,0.0001,3.3312,0,8,191,907,70,81
1102,1058,2160,0.510185,0.901,1.917984e+04,1.282526e-02,0.0001,3.3461,0,7,191,906,70,81
1103,1057,2160,0.510648,0.9,1.924940e+04,1.315853e-02,0.0001,3.345,0,3,165,905,70,81
1104,1056,2160,0.511111,0.9,1.927859e+04,1.333195e-02,0.0001,3.3357,0,7,132,904,70,81
1105,1055,2160,0.511574,0.899,1.948113e+04,1.330181e-02,0.0001,3.3538,0,2,2,903,70,81
1106,1054,2160,0.512037,0.898,1.968961e+04,1.333535e-02,0.0001,3.3379,0,0,42,902,70,81
1107,1053,2160,0.5125,0.898,1.975674e+04,1.257439e-02,0.0001,3.3405,0,4,2,901,70,81
1108,1052,2160,0.512963,0.897,1.972509e+04,1.259032e-02,0.0001,3.338,0,4,42,900,70,81
1109,1051,2160,0.513426,0.898,1.979984e+04,1.331473e-02,0.0001,3.3457,0,8,152,899,70,81
1110,1050,2160,0.513889,0.896,1.999043e+04,1.343755e-02,0.0001,3.3409,0,0,59,898,70,81
1111,1049,2160,0.514352,0.896,1.996832e+04,1.189798e-02,0.0001,3.3394,0,3,2,897,70,81
1112,1048,2160,0.514815,0.899,1.989418e+04,1.296716e-02,0.0001,3.3471,0,6,125,896,70,81
1113,1047,2160,0.515278,0.899,1.984446e+04,1.295848e-02,0.0001,3.3399,0,6,168,895,70,81
1114,1046,2160,0.515741,0.899,1.980617e+04,1.304113e-02,0.0001,3.3284,2,1,0,895,70,80
1115,1045,2160,0.516204,0.899,1.977443e+04,1.402407e-02,0.0001,3.3365,0,5,107,894,70,80
1116,1044,2160,0.516667,0.898,2.031466e+04,1.371193e-02,0.0001,3.3307,0,1,127,893,70,80
1117,1043,2160,0.51713,0.898,2.025509e+04,1.373916e-02,0.0001,3.3284,0,7,136,892,70,80
1118,1042,2160,0.517593,0.898,2.036170e+04,1.337249e-02,0.0001,3.3415,0,6,175,891,70,80
1119,1041,2160,0.518056,0.898,2.019312e+04,1.325352e-02,0.0001,3.3386,0,6,121,890,70,80
1120,1040,2160,0.518519,0.898,2.009045e+04,1.334938e-02,0.0001,3.3286,0,3,104,889,70,80
1121,1039,2160,0.518981,0.896,2.020804e+04,1.365124e-02,0.0001,3.3389,0,7,58,888,70,80
1122,1038,2160,0.519444,0.897,2.037836e+04,1.331171e-02,0.0001,3.3368,1,9,6,888,69,80
1123,1037,2160,0.519907,0.898,2.025886e+04,1.334201e-02,0.0001,3.3124,0,9,3,887,69,80
1124,1036,2160,0.52037,0.898,2.037394e+04,1.331649e-02,0.0001,3.3336,0,6,139,886,69,80
1125,1035,2160,0.520833,0.897,2.030730e+04,1.348904e-02,0.0001,3.3354,0,5,176,885,69,80
1126,1034,2160,0.521296,0.899,2.122724e+04,1.366062e-02,0.0001,3.3395,0,7,37,884,69,80
1127,1033,2160,0.521759,0.899,2.144545e+04,1.390317e-02,0.0001,3.3463,0,0,177,883,69,80
1128,1032,2160,0.522222,0.898,2.137837e+04,1.352073e-02,0.0001,3.3346,0,6,68,882,69,80
1129,1031,2160,0.522685,0.898,2.123223e+04,1.370299e-02,0.0001,3.3437,0,7,26,881,69,80
1130,1030,2160,0.523148,0.899,2.150531e+04,1.384571e-02,0.0001,3.3391,0,9,52,880,69,80
1131,1029,2160,0.523611,0.901,2.149453e+04,1.363861e-02,0.0001,3.3282,0,6,100,879,69,80
1132,1028,2160,0.524074,0.901,2.137853e+04,1.403534e-02,0.0001,3.351,0,8,169,878,69,80
1133,1027,2160,0.524537,0.901,2.160130e+04,1.371919e-02,0.0001,3.3389,0,2,97,877,69,80
1134,1026,2160,0.525,0.899,2.198332e+04,1.405742e-02,0.0001,3.3336,0,1,159,876,69,80
1135,1025,2160,0.525463,0.9,2.206036e+04,1.382838e-02,0.0001,3.3444,2,2,0,876,69,79
1136,1024,2160,0.525926,0.9,2.195754e+04,1.387206e-02,0.0001,3.3451,0,6,5,875,69,79
1137,1023,2160,0.526389,0.9,2.189607e+04,1.438046e-02,0.0001,3.3265,0,0,175,874,69,79
1138,1022,2160,0.526852,0.898,2.194641e+04,1.416853e-02,0.0001,3.3407,0,1,114,873,69,79
1139,1021,2160,0.527315,0.895,2.206632e+04,1.463988e-02,0.0001,3.3391,0,5,112,872,69,79
1140,1020,2160,0.527778,0.896,2.276988e+04,1.447579e-02,0.0001,3.3318,0,7,152,871,69,79
1141,1019,2160,0.528241,0.897,2.293413e+04,1.439267e-02,0.0001,3.3444,0,9,44,870,69,79
1142,1018,2160,0.528704,0.898,2.285921e+04,1.485247e-02,0.0001,3.337,0,4,50,869,69,79
1143,1017,2160,0.529167,0.896,2.283698e+04,1.463428e-02,0.0001,3.3387,0,0,53,868,69,79
1144,1016,2160,0.52963,0.897,2.275394e+04,1.412819e-02,0.0001,3.3748,0,0,46,867,69,79
1145,1015,2160,0.530093,0.897,2.286555e+04,1.429663e-02,0.0001,3.3468,0,2,45,866,69,79
1146,1014,2160,0.530556,0.896,2.311393e+04,1.416783e-02,0.0001,3.3285,0,3,169,865,69,79
1147,1013,2160,0.531019,0.895,2.314749e+04,1.511872e-02,0.0001,3.3409,0,5,134,864,69,79
1148,1012,2160,0.531481,0.895,2.359755e+04,1.478491e-02,0.0001,3.3425,0,4,76,863,69,79
1149,1011,2160,0.531944,0.895,2.357013e+04,1.462145e-02,0.0001,3.3371,0,1,156,862,69,79
1150,1010,2160,0.532407,0.896,2.346477e+04,1.433067e-02,0.0001,3.3453,0,1,169,861,69,79
1151,1009,2160,0.53287,0.896,2.338644e+04,1.343419e-02,0.0001,3.3379,0,9,169,860,69,79
1152,1008,2160,0.533333,0.897,2.303041e+04,1.388692e-02,0.0001,3.3422,0,5,169,859,69,79
1153,1007,2160,0.533796,0.896,2.385673e+04,1.436082e-02,0.0001,3.3391,0,8,147,858,69,79
1154,1006,2160,0.534259,0.894,2.401334e+04,1.413889e-02,0.0001,3.342,0,6,55,857,69,79
1155,1005,2160,0.534722,0.894,2.389043e+04,1.422546e-02,0.0001,3.3425,0,4,147,856,69,79
1156,1004,2160,0.535185,0.895,2.401494e+04,1.436913e-02,0.0001,3.3282,0,1,64,855,69,79
1157,1003,2160,0.535648,0.899,2.406752e+04,1.401147e-02,0.0001,3.3397,0,3,64,854,69,79
1158,1002,2160,0.536111,0.9,2.416941e+04,1.442459e-02,0.0002,3.3349,0,1,192,853,69,79
1159,1001,2160,0.536574,0.899,2.431821e+04,1.456935e-02,0.0001,3.342,0,0,147,852,69,79
1160,1000,2160,0.537037,0.9,2.422386e+04,1.333996e-02,0.0001,3.3326,0,7,192,851,69,79
1161,999,2160,0.5375,0.9,2.422915e+04,1.296754e-02,0.0001,3.3499,0,5,147,850,69,79
1162,998,2160,0.537963,0.899,2.470769e+04,1.433310e-02,0.0001,3.341,0,6,145,849,69,79
1163,997,2160,0.538426,0.899,2.454520e+04,1.507961e-02,0.0001,3.349,0,5,53,848,69,79
1164,996,2160,0.538889,0.898,2.516423e+04,1.488262e-02,0.0001,3.3386,0,7,57,847,69,79
1165,995,2160,0.539352,0.898,2.522796e+04,1.428642e-02,0.0001,3.3433,0,9,57,846,69,79
1166,994,2160,0.539815,0.898,2.509812e+04,1.457306e-02,0.0001,3.3494,0,0,60,845,69,79
1167,993,2160,0.540278,0.897,2.511886e+04,1.428703e-02,0.0001,3.3443,0,1,112,844,69,79
1168,992,2160,0.540741,0.896,2.528142e+04,1.420025e-02,0.0001,3.3377,0,6,63,843,69,79
1169,991,2160,0.541204,0.896,2.517090e+04,1.435016e-02,0.0001,3.3382,0,9,86,842,69,79
1170,990,2160,0.541667,0.897,2.522796e+04,1.486599e-02,0.0001,3.3432,0,4,195,841,69,79
1171,989,2160,0.54213,0.895,2.542101e+04,1.470829e-02,0.0001,3.342,0,0,61,840,69,79
1172,988,2160,0.542593,0.896,2.546439e+04,1.469724e-02,0.0001,3.3355,0,7,41,839,69,79
1173,987,2160,0.543056,0.897,2.574231e+04,1.537842e-02,0.0002,3.339,0,5,162,838,69,79
1174,986,2160,0.543519,0.897,2.628648e+04,1.440666e-02,0.0001,3.3542,0,9,162,837,69,79
1175,985,2160,0.543981,0.896,2.588648e+04,1.433615e-02,0.0001,3.341,0,2,41,836,69,79
1176,984,2160,0.544444,0.896,2.602765e+04,1.459812e-02,0.0001,3.3405,0,7,60,835,69,79
1177,983,2160,0.544907,0.898,2.623781e+04,1.481847e-02,0.0001,3.3392,0,7,177,834,69,79
1178,982,2160,0.54537,0.896,2.644301e+04,1.474544e-02,0.0001,3.3542,0,1,29,833,69,79
1179,981,2160,0.545833,0.897,2.646981e+04,1.608524e-02,0.0001,3.3457,0,5,117,832,69,79
1180,980,2160,0.546296,0.897,2.652844e+04,1.528259e-02,0.0001,3.3463,0,2,67,831,69,79
1181,979,2160,0.546759,0.895,2.651036e+04,1.454738e-02,0.0001,3.3332,0,2,43,830,69,79
1182,978,2160,0.547222,0.898,2.686552e+04,1.434156e-02,0.0001,3.3421,2,1,9,830,69,78
1183,977,2160,0.547685,0.897,2.676430e+04,1.466103e-02,0.0001,3.3396,0,1,101,829,69,78
1184,976,2160,0.548148,0.899,2.683858e+04,1.409590e-02,0.0001,3.3609,0,1,60,828,69,78
1185,975,2160,0.548611,0.899,2.686120e+04,1.364396e-02,0.0001,3.3478,0,9,101,827,69,78
1186,974,2160,0.549074,0.899,2.685317e+04,1.434210e-02,0.0002,3.3484,0,6,69,826,69,78
1187,973,2160,0.549537,0.898,2.675214e+04,1.428123e-02,0.0001,3.34,0,6,82,825,69,78
1188,972,2160,0.55,0.898,2.667537e+04,1.427508e-02,0.0001,3.3374,0,6,66,824,69,78
1189,971,2160,0.550463,0.899,2.661035e+04,1.467404e-02,0.0001,3.3529,0,8,67,823,69,78
1190,970,2160,0.550926,0.897,2.674719e+04,1.493453e-02,0.0001,3.3373,0,0,174,822,69,78
1191,969,2160,0.551389,0.898,2.672799e+04,1.452407e-02,0.0001,3.3347,0,9,147,821,69,78
1192,968,2160,0.551852,0.9,2.688101e+04,1.464678e-02,0.0001,3.336,0,3,186,820,69,78
1193,967,2160,0.552315,0.899,2.705267e+04,1.508144e-02,0.0001,3.3499,0,8,186,819,69,78
1194,966,2160,0.552778,0.899,2.722197e+04,1.507276e-02,0.0001,3.3383,0,9,145,818,69,78
1195,965,2160,0.553241,0.897,2.721332e+04,1.517391e-02,0.0001,3.3439,0,2,11,817,69,78
1196,964,2160,0.553704,0.898,2.751078e+04,1.483235e-02,0.0001,3.3418,0,6,179,816,69,78
1197,963,2160,0.554167,0.898,2.733620e+04,1.476953e-02,0.0001,3.3403,2,0,0,816,69,77
1198,962,2160,0.55463,0.898,2.723873e+04,1.480722e-02,0.0001,3.3575,0,9,180,815,69,77
1199,961,2160,0.555093,0.898,2.744819e+04,1.465320e-02,0.0001,3.3467,0,6,22,814,69,77
1200,960,2160,0.555556,0.898,2.735894e+04,1.498860e-02,0.0001,3.3269,0,5,8,813,69,77
1201,959,2160,0.556019,0.897,2.856325e+04,1.484607e-02,0.0001,3.3349,0,1,186,812,69,77
1202,958,2160,0.556481,0.896,2.862577e+04,1.495796e-02,0.0001,3.3338,0,5,14,811,69,77
1203,957,2160,0.556944,0.897,2.977459e+04,1.506459e-02,0.0001,3.3422,0,8,101,810,69,77
1204,956,2160,0.557407,0.897,3.025627e+04,1.564898e-02,0.0001,3.3427,0,4,102,809,69,77
1205,955,2160,0.55787,0.895,3.048267e+04,1.500183e-02,0.0001,3.3323,0,6,34,808,69,77
1206,954,2160,0.558333,0.895,3.031715e+04,1.570091e-02,0.0001,3.3425,0,8,144,807,69,77
1207,953,2160,0.558796,0.894,3.050238e+04,1.540681e-02,0.0001,3.3418,0,7,180,806,69,77
1208,952,2160,0.559259,0.896,3.082381e+04,1.558686e-02,0.0001,3.3303,1,7,3,806,68,77
1209,951,2160,0.559722,0.896,3.077588e+04,1.497549e-02,0.0001,3.3387,0,6,11,805,68,77
1210,950,2160,0.560185,0.897,3.061961e+04,1.501777e-02,0.0001,3.3261,0,6,45,804,68,77
1211,949,2160,0.560648,0.896,3.050193e+04,1.534776e-02,0.0001,3.3138,0,7,44,803,68,77
1212,948,2160,0.561111,0.895,3.087089e+04,1.833546e-02,0.0001,3.3303,2,2,3,803,68,76
1213,947,2160,0.561574,0.894,3.101441e+04,1.518194e-02,0.0001,3.3417,0,5,11,802,68,76
1214,946,2160,0.562037,0.894,3.217245e+04,1.493352e-02,0.0001,3.3169,0,3,11,801,68,76
1215,945,2160,0.5625,0.897,3.201044e+04,1.561579e-02,0.0001,3.3426,0,4,17,800,68,76
1216,944,2160,0.562963,0.896,3.225089e+04,1.500695e-02,0.0001,3.3304,0,6,95,799,68,76
1217,943,2160,0.563426,0.896,3.207350e+04,1.488655e-02,0.0001,3.3298,1,5,6,799,67,76
1218,942,2160,0.563889,0.896,3.195896e+04,1.519256e-02,0.0001,3.333,0,5,17,798,67,76
1219,941,2160,0.564352,0.892,3.290772e+04,1.305448e-02,0.0001,3.3243,0,9,17,797,67,76
1220,940,2160,0.564815,0.894,3.248040e+04,1.492644e-02,0.0001,3.3219,0,0,4,796,67,76
1221,939,2160,0.565278,0.895,3.279784e+04,1.485446e-02,0.0001,3.3378,0,0,139,795,67,76
1222,938,2160,0.565741,0.893,3.315819e+04,1.480031e-02,0.0001,3.3199,0,1,17,794,67,76
1223,937,2160,0.566204,0.891,3.319946e+04,1.508488e-02,0.0001,3.3298,0,1,124,793,67,76
1224,936,2160,0.566667,0.892,3.338907e+04,1.578437e-02,0.0001,3.3396,1,1,4,793,66,76
1225,935,2160,0.56713,0.892,3.333141e+04,1.627733e-02,0.0001,3.3273,0,5,106,792,66,76
1226,934,2160,0.567593,0.893,3.384016e+04,1.569120e-02,0.0001,3.3384,0,0,64,791,66,76
1227,933,2160,0.568056,0.893,3.369862e+04,1.564890e-02,0.0001,3.3172,0,2,158,790,66,76
1228,932,2160,0.568519,0.894,3.388973e+04,1.497312e-02,0.0001,3.3194,0,1,106,789,66,76
1229,931,2160,0.568981,0.891,3.378838e+04,1.527091e-02,0.0001,3.3295,0,1,123,788,66,76
1230,930,2160,0.569444,0.889,3.401156e+04,1.581268e-02,0.0001,3.3291,0,5,0,787,66,76
1231,929,2160,0.569907,0.891,3.500080e+04,1.624584e-02,0.0001,3.3232,0,2,33,786,66,76
1232,928,2160,0.57037,0.891,3.510346e+04,1.685026e-02,0.0001,3.3265,0,5,55,785,66,76
1233,927,2160,0.570833,0.891,3.565469e+04,1.518517e-02,0.0001,3.3365,0,2,55,784,66,76
1234,926,2160,0.571296,0.89,3.534910e+04,1.501824e-02,0.0001,3.3345,0,2,0,783,66,76
1235,925,2160,0.571759,0.889,3.554987e+04,1.699867e-02,0.0001,3.3364,1,3,8,783,65,76
1236,924,2160,0.572222,0.893,3.548317e+04,1.530316e-02,0.0001,3.3442,0,6,98,782,65,76
1237,923,2160,0.572685,0.891,3.529929e+04,1.520273e-02,0.0001,3.3354,0,6,87,781,65,76
1238,922,2160,0.573148,0.891,3.516736e+04,1.553925e-02,0.0001,3.3336,0,1,187,780,65,76
1239,921,2160,0.573611,0.889,3.537820e+04,1.529425e-02,0.0001,3.3312,0,6,162,779,65,76
1240,920,2160,0.574074,0.889,3.522451e+04,1.533019e-02,0.0001,3.3364,0,9,39,778,65,76
1241,919,2160,0.574537,0.889,3.536928e+04,1.538347e-02,0.0001,3.3242,0,4,187,777,65,76
1242,918,2160,0.575,0.89,3.554898e+04,1.538546e-02,0.0001,3.3244,0,6,192,776,65,76
1243,917,2160,0.575463,0.89,3.529935e+04,1.523643e-02,0.0001,3.3282,1,6,6,776,64,76
1244,916,2160,0.575926,0.891,3.511757e+04,1.552506e-02,0.0001,3.3193,0,9,60,775,64,76
1245,915,2160,0.576389,0.889,3.515677e+04,1.575054e-02,0.0001,3.3095,0,1,87,774,64,76
1246,914,2160,0.576852,0.889,3.517362e+04,1.658429e-02,0.0001,3.327,0,5,20,773,64,76
1247,913,2160,0.577315,0.89,3.572344e+04,1.379714e-02,0.0001,3.3345,0,9,20,772,64,76
1248,912,2160,0.577778,0.892,3.523325e+04,1.531701e-02,0.0001,3.3288,0,6,49,771,64,76
1249,911,2160,0.578241,0.891,3.502798e+04,1.571647e-02,0.0001,3.3309,0,0,186,770,64,76
1250,910,2160,0.578704,0.89,3.514567e+04,1.594443e-02,0.0001,3.3337,0,7,70,769,64,76
1251,909,2160,0.579167,0.89,3.530334e+04,1.497785e-02,0.0001,3.3272,0,2,70,768,64,76
1252,908,2160,0.57963,0.889,3.541861e+04,1.535149e-02,0.0001,3.3522,0,7,20,767,64,76
1253,907,2160,0.580093,0.889,3.569754e+04,1.519043e-02,0.0001,3.3385,0,6,99,766,64,76
1254,906,2160,0.580556,0.889,3.561285e+04,1.585104e-02,0.0001,3.3386,0,4,47,765,64,76
1255,905,2160,0.581019,0.89,3.594724e+04,1.561734e-02,0.0001,3.3378,0,3,108,764,64,76
1256,904,2160,0.581481,0.89,3.603415e+04,1.568138e-02,0.0001,3.3373,0,1,179,763,64,76
1257,903,2160,0.581944,0.892,3.625866e+04,1.632646e-02,0.0001,3.3309,0,4,48,762,64,76
1258,902,2160,0.582407,0.892,3.629884e+04,1.588910e-02,0.0001,3.3291,0,3,163,761,64,76
1259,901,2160,0.58287,0.892,3.634630e+04,1.581226e-02,0.0001,3.33,0,7,14,760,64,76
1260,900,2160,0.583333,0.892,3.678375e+04,1.607608e-02,0.0001,3.3309,0,7,95,759,64,76
1261,899,2160,0.583796,0.892,3.704318e+04,1.601777e-02,0.0001,3.328,0,1,31,758,64,76
1262,898,2160,0.584259,0.893,3.706926e+04,1.622685e-02,0.0001,3.3298,0,7,170,757,64,76
1263,897,2160,0.584722,0.893,3.726940e+04,1.629946e-02,0.0001,3.327,0,1,72,756,64,76
1264,896,2160,0.585185,0.892,3.720987e+04,1.660886e-02,0.0001,3.3209,0,4,179,755,64,76
1265,895,2160,0.585648,0.893,3.715516e+04,1.559686e-02,0.0001,3.324,0,9,108,754,64,76
1266,894,2160,0.586111,0.893,3.695223e+04,1.602827e-02,0.0001,3.327,0,1,120,753,64,76
1267,893,2160,0.586574,0.89,3.702403e+04,1.520420e-02,0.0001,3.312,0,3,179,752,64,76
1268,892,2160,0.587037,0.888,3.697780e+04,1.580378e-02,0.0001,3.3292,0,3,171,751,64,76
1269,891,2160,0.5875,0.89,3.712390e+04,1.596451e-02,0.0001,3.3448,0,1,82,750,64,76
1270,890,2160,0.587963,0.889,3.724486e+04,1.572783e-02,0.0001,3.3146,0,1,99,749,64,76
1271,889,2160,0.588426,0.89,3.750403e+04,1.587779e-02,0.0001,3.3241,0,1,142,748,64,76
1272,888,2160,0.588889,0.889,3.762497e+04,1.654273e-02,0.0001,3.3216,0,4,173,747,64,76
1273,887,2160,0.589352,0.892,3.772992e+04,1.579082e-02,0.0001,3.3389,0,7,120,746,64,76
1274,886,2160,0.589815,0.89,3.803158e+04,1.566581e-02,0.0001,3.3384,0,4,120,745,64,76
1275,885,2160,0.590278,0.887,3.836511e+04,1.588633e-02,0.0001,3.329,1,8,0,745,63,76
1276,884,2160,0.590741,0.887,3.822431e+04,1.601930e-02,0.0001,3.3384,0,8,16,744,63,76
1277,883,2160,0.591204,0.886,3.873221e+04,1.587587e-02,0.0001,3.3326,1,2,9,744,62,76
1278,882,2160,0.591667,0.886,3.855043e+04,1.649598e-02,0.0001,3.3389,0,0,150,743,62,76
1279,881,2160,0.59213,0.887,3.857653e+04,1.612643e-02,0.0001,3.3375,0,1,141,742,62,76
1280,880,2160,0.592593,0.886,3.881622e+04,1.588675e-02,0.0001,3.3321,0,9,173,741,62,76
1281,879,2160,0.593056,0.886,3.868960e+04,1.680795e-02,0.0001,3.3353,0,8,65,740,62,76
1282,878,2160,0.593519,0.887,3.890183e+04,1.653902e-02,0.0001,3.3303,0,8,156,739,62,76
1283,877,2160,0.593981,0.888,3.932163e+04,1.548821e-02,0.0001,3.3347,0,9,16,738,62,76
1284,876,2160,0.594444,0.888,3.926923e+04,1.618424e-02,0.0001,3.3333,0,1,190,737,62,76
1285,875,2160,0.594907,0.888,3.944348e+04,1.650525e-02,0.0001,3.3097,0,7,137,736,62,76
1286,874,2160,0.59537,0.888,3.972672e+04,1.664393e-02,0.0001,3.3244,0,3,117,735,62,76
1287,873,2160,0.595833,0.885,3.978224e+04,1.639071e-02,0.0001,3.3297,0,3,153,734,62,76
1288,872,2160,0.596296,0.888,4.000383e+04,1.614978e-02,0.0002,3.3199,0,6,184,733,62,76
1289,871,2160,0.596759,0.888,3.990065e+04,1.649081e-02,0.0001,3.3275,0,2,62,732,62,76
1290,870,2160,0.597222,0.888,4.047383e+04,1.708588e-02,0.0001,3.3343,0,4,166,731,62,76
1291,869,2160,0.597685,0.887,4.072757e+04,1.730043e-02,0.0001,3.3274,0,2,122,730,62,76
1292,868,2160,0.598148,0.886,4.089251e+04,1.755382e-02,0.0001,3.3262,0,4,159,729,62,76
1293,867,2160,0.598611,0.886,4.090437e+04,1.601049e-02,0.0001,3.3343,0,5,166,728,62,76
1294,866,2160,0.599074,0.885,4.202216e+04,1.655046e-02,0.0001,3.3188,0,8,192,727,62,76
1295,865,2160,0.599537,0.886,4.275575e+04,1.652891e-02,0.0001,3.3235,0,6,107,726,62,76
1296,864,2160,0.6,0.886,4.267247e+04,1.665111e-02,0.0001,3.3219,0,4,85,725,62,76
1297,863,2160,0.600463,0.885,4.332831e+04,1.656939e-02,0.0001,3.333,0,3,8,724,62,76
1298,862,2160,0.600926,0.885,4.355796e+04,1.779429e-02,0.0001,3.3244,0,5,137,723,62,76
1299,861,2160,0.601389,0.888,4.411499e+04,1.788308e-02,0.0001,3.3309,0,4,66,722,62,76
1300,860,2160,0.601852,0.886,4.398079e+04,1.737529e-02,0.0001,3.3312,0,2,24,721,62,76
1301,859,2160,0.602315,0.885,4.421628e+04,1.793465e-02,0.0001,3.3306,0,8,142,720,62,76
1302,858,2160,0.602778,0.886,4.427392e+04,1.722284e-02,0.0001,3.3326,2,9,2,720,62,75
1303,857,2160,0.603241,0.885,4.398837e+04,1.676925e-02,0.0001,3.3327,0,3,28,719,62,75
1304,856,2160,0.603704,0.888,4.423701e+04,1.800005e-02,0.0001,3.3288,0,5,1,718,62,75
1305,855,2160,0.604167,0.887,4.502396e+04,1.554852e-02,0.0001,3.3312,0,2,1,717,62,75
1306,854,2160,0.60463,0.886,4.484923e+04,1.523214e-02,0.0001,3.3367,0,4,1,716,62,75
1307,853,2160,0.605093,0.887,4.505078e+04,1.631777e-02,0.0001,3.327,0,1,1,715,62,75
1308,852,2160,0.605556,0.888,4.521185e+04,1.694744e-02,0.0001,3.3295,0,0,122,714,62,75
1309,851,2160,0.606019,0.889,4.519537e+04,1.713816e-02,0.0001,3.3306,0,0,52,713,62,75
1310,850,2160,0.606481,0.889,4.512839e+04,1.571206e-02,0.0001,3.3153,0,5,122,712,62,75
1311,849,2160,0.606944,0.89,4.609054e+04,1.667060e-02,0.0001,3.3242,0,8,52,711,62,75
1312,848,2160,0.607407,0.891,4.629068e+04,1.667488e-02,0.0001,3.3304,0,1,168,710,62,75
1313,847,2160,0.60787,0.889,4.655264e+04,1.647583e-02,0.0001,3.3386,0,3,1,709,62,75
1314,846,2160,0.608333,0.89,4.662064e+04,1.687703e-02,0.0001,3.3265,0,2,88,708,62,75
1315,845,2160,0.608796,0.888,4.706515e+04,1.715581e-02,0.0001,3.3279,0,1,32,707,62,75
1316,844,2160,0.609259,0.886,4.714746e+04,1.723490e-02,0.0001,3.3316,2,6,8,707,62,74
1317,843,2160,0.609722,0.885,4.693418e+04,1.715925e-02,0.0001,3.3286,0,2,38,706,62,74
1318,842,2160,0.610185,0.885,4.726124e+04,1.720932e-02,0.0001,3.3337,0,1,103,705,62,74
1319,841,2160,0.610648,0.882,4.725770e+04,1.766460e-02,0.0001,3.3254,0,8,31,704,62,74
1320,840,2160,0.611111,0.885,4.739185e+04,1.698697e-02,0.0001,3.3173,0,9,7,703,62,74
1321,839,2160,0.611574,0.884,4.744556e+04,1.717861e-02,0.0001,3.3216,0,1,154,702,62,74
1322,838,2160,0.612037,0.885,4.755629e+04,1.704007e-02,0.0001,3.3282,0,3,34,701,62,74
1323,837,2160,0.6125,0.883,4.759869e+04,1.520604e-02,0.0001,3.3308,0,7,154,700,62,74
1324,836,2160,0.612963,0.882,4.754363e+04,1.703153e-02,0.0001,3.3265,0,1,110,699,62,74
1325,835,2160,0.613426,0.883,4.772748e+04,1.678423e-02,0.0001,3.336,0,1,181,698,62,74
1326,834,2160,0.613889,0.883,4.808243e+04,1.674262e-02,0.0001,3.3347,2,0,7,698,62,73
1327,833,2160,0.614352,0.883,4.804657e+04,1.736585e-02,0.0001,3.338,0,1,128,697,62,73
1328,832,2160,0.614815,0.882,4.813666e+04,1.711565e-02,0.0001,3.3361,0,5,56,696,62,73
1329,831,2160,0.615278,0.881,4.959499e+04,1.797401e-02,0.0001,3.3366,0,7,121,695,62,73
1330,830,2160,0.615741,0.884,4.978830e+04,1.770613e-02,0.0001,3.3239,0,7,33,694,62,73
1331,829,2160,0.616204,0.884,5.008731e+04,1.758483e-02,0.0001,3.3378,0,8,44,693,62,73
1332,828,2160,0.616667,0.887,5.076417e+04,1.649682e-02,0.0001,3.3294,0,9,56,692,62,73
1333,827,2160,0.61713,0.885,5.068423e+04,1.771024e-02,0.0001,3.3253,0,4,81,691,62,73
1334,826,2160,0.617593,0.888,5.112316e+04,1.612006e-02,0.0001,3.3271,0,0,81,690,62,73
1335,825,2160,0.618056,0.889,5.080462e+04,1.757873e-02,0.0001,3.3214,0,0,84,689,62,73
1336,824,2160,0.618519,0.887,5.110145e+04,1.643949e-02,0.0001,3.3259,0,9,81,688,62,73
1337,823,2160,0.618981,0.887,5.113574e+04,1.777787e-02,0.0001,3.3293,0,0,23,687,62,73
1338,822,2160,0.619444,0.887,5.115705e+04,1.716013e-02,0.0001,3.3081,0,3,76,686,62,73
1339,821,2160,0.619907,0.886,5.133252e+04,1.718008e-02,0.0001,3.3297,0,9,32,685,62,73
1340,820,2160,0.62037,0.888,5.166918e+04,1.851775e-02,0.0001,3.3239,0,5,23,684,62,73
1341,819,2160,0.620833,0.887,5.250125e+04,1.837892e-02,0.0001,3.3201,0,0,188,683,62,73
1342,818,2160,0.621296,0.884,5.235387e+04,1.940831e-02,0.0001,3.3333,0,5,164,682,62,73
1343,817,2160,0.621759,0.884,5.282659e+04,1.853667e-02,0.0001,3.3354,0,0,62,681,62,73
1344,816,2160,0.622222,0.886,5.255315e+04,1.768283e-02,0.0001,3.3284,0,0,183,680,62,73
1345,815,2160,0.622685,0.886,5.275289e+04,1.752435e-02,0.0002,3.3293,0,3,150,679,62,73
1346,814,2160,0.623148,0.885,5.286134e+04,1.794822e-02,0.0001,3.3139,0,9,130,678,62,73
1347,813,2160,0.623611,0.883,5.291093e+04,1.746930e-02,0.0001,3.3269,0,1,70,677,62,73
1348,812,2160,0.624074,0.882,5.336259e+04,1.743640e-02,0.0001,3.3363,0,3,40,676,62,73
1349,811,2160,0.624537,0.884,5.367756e+04,1.767005e-02,0.0001,3.3354,0,5,10,675,62,73
1350,810,2160,0.625,0.883,5.555944e+04,1.763572e-02,0.0001,3.3297,0,8,154,674,62,73
1351,809,2160,0.625463,0.881,5.658967e+04,1.824053e-02,0.0001,3.3147,0,9,94,673,62,73
1352,808,2160,0.625926,0.882,5.675006e+04,2.016834e-02,0.0001,3.3277,0,5,161,672,62,73
1353,807,2160,0.626389,0.88,5.712767e+04,1.734567e-02,0.0001,3.3242,0,2,161,671,62,73
1354,806,2160,0.626852,0.879,5.686541e+04,1.769953e-02,0.0001,3.3311,0,9,161,670,62,73
1355,805,2160,0.627315,0.878,5.666969e+04,1.829517e-02,0.0001,3.3186,0,4,170,669,62,73
1356,804,2160,0.627778,0.877,5.731354e+04,1.814964e-02,0.0001,3.3161,0,4,84,668,62,73
1357,803,2160,0.628241,0.879,5.818002e+04,1.645536e-02,0.0001,3.3421,0,8,170,667,62,73
1358,802,2160,0.628704,0.879,5.847019e+04,1.917951e-02,0.0001,3.327,1,4,4,667,61,73
1359,801,2160,0.629167,0.88,5.849899e+04,1.797177e-02,0.0001,3.3296,0,9,74,666,61,73
1360,800,2160,0.62963,0.88,5.868778e+04,1.773855e-02,0.0001,3.3599,1,4,7,666,60,73
1361,799,2160,0.630093,0.88,5.857306e+04,1.858881e-02,0.0001,3.3505,0,0,78,665,60,73
1362,798,2160,0.630556,0.877,5.848860e+04,2.037345e-02,0.0001,3.3284,0,5,109,664,60,73
1363,797,2160,0.631019,0.877,5.883056e+04,2.087282e-02,0.0001,3.335,0,5,145,663,60,73
1364,796,2160,0.631481,0.878,5.908647e+04,1.901697e-02,0.0001,3.3301,0,0,109,662,60,73
1365,795,2160,0.631944,0.878,5.848041e+04,2.030971e-02,0.0001,3.3202,0,5,94,661,60,73
1366,794,2160,0.632407,0.881,5.897592e+04,1.846918e-02,0.0001,3.3314,0,7,145,660,60,73
1367,793,2160,0.63287,0.879,5.892001e+04,1.861201e-02,0.0001,3.3262,0,6,96,659,60,73
1368,792,2160,0.633333,0.881,5.866816e+04,1.902633e-02,0.0001,3.3359,0,9,123,658,60,73
1369,791,2160,0.633796,0.883,5.881662e+04,1.875385e-02,0.0002,3.3275,0,3,119,657,60,73
1370,790,2160,0.634259,0.882,5.896879e+04,1.891086e-02,0.0001,3.3357,0,8,123,656,60,73
1371,789,2160,0.634722,0.881,5.924194e+04,1.937670e-02,0.0001,3.3354,0,4,36,655,60,73
1372,788,2160,0.635185,0.883,5.946388e+04,2.018309e-02,0.0001,3.3281,0,5,190,654,60,73
1373,787,2160,0.635648,0.884,6.019881e+04,1.968455e-02,0.0001,3.321,0,7,65,653,60,73
1374,786,2160,0.636111,0.88,6.014219e+04,1.725077e-02,0.0001,3.3265,0,3,190,652,60,73
1375,785,2160,0.636574,0.878,5.969744e+04,1.832718e-02,0.0002,3.3365,0,4,65,651,60,73
1376,784,2160,0.637037,0.88,5.935957e+04,1.827890e-02,0.0001,3.3247,0,6,151,650,60,73
1377,783,2160,0.6375,0.88,5.916442e+04,1.880771e-02,0.0001,3.3279,0,0,108,649,60,73
1378,782,2160,0.637963,0.88,5.921763e+04,1.788776e-02,0.0001,3.3267,0,2,190,648,60,73
1379,781,2160,0.638426,0.879,5.957682e+04,1.847403e-02,0.0001,3.3236,0,3,161,647,60,73
1380,780,2160,0.638889,0.877,5.972010e+04,1.960203e-02,0.0001,3.3336,0,4,90,646,60,73
1381,779,2160,0.639352,0.879,5.978961e+04,1.883037e-02,0.0001,3.3279,0,7,83,645,60,73
1382,778,2160,0.639815,0.877,6.038511e+04,1.809477e-02,0.0001,3.3342,0,4,161,644,60,73
1383,777,2160,0.640278,0.875,6.067970e+04,1.805357e-02,0.0001,3.3225,0,8,83,643,60,73
1384,776,2160,0.640741,0.878,6.133134e+04,1.874688e-02,0.0001,3.3219,0,0,31,642,60,73
1385,775,2160,0.641204,0.878,6.156355e+04,1.928656e-02,0.0001,3.3162,0,4,88,641,60,73
1386,774,2160,0.641667,0.878,6.197759e+04,1.897362e-02,0.0001,3.3276,0,7,46,640,60,73
1387,773,2160,0.64213,0.878,6.249753e+04,2.120846e-02,0.0001,3.3295,2,5,6,640,60,72
1388,772,2160,0.642593,0.876,6.246371e+04,1.889226e-02,0.0001,3.3204,0,0,187,639,60,72
1389,771,2160,0.643056,0.874,6.278785e+04,1.942888e-02,0.0001,3.3154,2,2,5,639,60,71
1390,770,2160,0.643519,0.873,6.293956e+04,2.024442e-02,0.0001,3.3272,0,8,157,638,60,71
1391,769,2160,0.643981,0.872,6.317833e+04,2.014564e-02,0.0001,3.3227,0,8,109,637,60,71
1392,768,2160,0.644444,0.875,6.352410e+04,2.018305e-02,0.0001,3.3274,0,5,157,636,60,71
1393,767,2160,0.644907,0.877,6.414505e+04,1.981499e-02,0.0001,3.3183,0,0,88,635,60,71
1394,766,2160,0.64537,0.875,6.388230e+04,1.989508e-02,0.0001,3.3226,0,9,172,634,60,71
1395,765,2160,0.645833,0.877,6.351193e+04,1.868266e-02,0.0001,3.3226,0,3,157,633,60,71
1396,764,2160,0.646296,0.875,6.337193e+04,1.901025e-02,0.0001,3.3219,0,2,186,632,60,71
1397,763,2160,0.646759,0.874,6.405652e+04,1.895760e-02,0.0001,3.3309,2,9,0,632,60,70
1398,762,2160,0.647222,0.875,6.380059e+04,1.922797e-02,0.0001,3.3308,0,3,30,631,60,70
1399,761,2160,0.647685,0.875,6.404605e+04,2.001639e-02,0.0001,3.3356,0,4,100,630,60,70
1400,760,2160,0.648148,0.875,6.462122e+04,1.972210e-02,0.0001,3.3176,0,7,125,629,60,70
1401,759,2160,0.648611,0.874,6.523794e+04,1.948633e-02,0.0001,3.3424,0,2,102,628,60,70
1402,758,2160,0.649074,0.873,6.603963e+04,1.973553e-02,0.0001,3.3392,0,3,68,627,60,70
1403,757,2160,0.649537,0.872,6.626744e+04,2.021372e-02,0.0001,3.3268,0,7,108,626,60,70
1404,756,2160,0.65,0.872,6.661465e+04,1.972350e-02,0.0001,3.3272,0,3,87,625,60,70
1405,755,2160,0.650463,0.873,6.672517e+04,1.987897e-02,0.0001,3.3401,0,8,23,624,60,70
1406,754,2160,0.650926,0.871,6.753665e+04,2.155316e-02,0.0001,3.3151,0,5,173,623,60,70
1407,753,2160,0.651389,0.87,6.804603e+04,2.018064e-02,0.0002,3.3403,0,6,93,622,60,70
1408,752,2160,0.651852,0.871,6.743182e+04,2.076531e-02,0.0001,3.3302,0,4,5,621,60,70
1409,751,2160,0.652315,0.871,6.765573e+04,2.108578e-02,0.0001,3.321,0,8,128,620,60,70
1410,750,2160,0.652778,0.872,6.784215e+04,1.858754e-02,0.0001,3.3302,0,5,5,619,60,70
1411,749,2160,0.653241,0.871,6.895856e+04,1.949357e-02,0.0001,3.3321,0,2,148,618,60,70
1412,748,2160,0.653704,0.869,6.988060e+04,2.092550e-02,0.0001,3.3224,0,8,171,617,60,70
1413,747,2160,0.654167,0.868,7.017905e+04,2.049858e-02,0.0001,3.3314,0,4,140,616,60,70
1414,746,2160,0.65463,0.872,7.070348e+04,2.041862e-02,0.0001,3.3503,0,2,173,615,60,70
1415,745,2160,0.655093,0.871,7.068242e+04,1.944228e-02,0.0001,3.3263,0,7,140,614,60,70
1416,744,2160,0.655556,0.868,7.065831e+04,2.067825e-02,0.0001,3.3356,0,1,178,613,60,70
1417,743,2160,0.656019,0.869,7.051200e+04,2.059964e-02,0.0001,3.3314,0,0,144,612,60,70
1418,742,2160,0.656481,0.869,7.032356e+04,2.050903e-02,0.0001,3.3172,0,2,61,611,60,70
1419,741,2160,0.656944,0.867,7.068712e+04,2.054545e-02,0.0001,3.3424,0,1,108,610,60,70
1420,740,2160,0.657407,0.868,7.071063e+04,2.069248e-02,0.0001,3.3232,0,0,104,609,60,70
1421,739,2160,0.65787,0.868,7.059514e+04,2.155790e-02,0.0001,3.335,0,8,87,608,60,70
1422,738,2160,0.658333,0.868,7.065116e+04,2.044853e-02,0.0001,3.3318,0,3,189,607,60,70
1423,737,2160,0.658796,0.869,7.067972e+04,2.042654e-02,0.0001,3.3245,0,1,173,606,60,70
1424,736,2160,0.659259,0.87,7.080381e+04,1.997162e-02,0.0001,3.3368,0,3,23,605,60,70
1425,735,2160,0.659722,0.868,7.111826e+04,2.009806e-02,0.0001,3.3319,2,0,2,605,60,69
1426,734,2160,0.660185,0.869,7.090336e+04,2.027355e-02,0.0001,3.3321,0,4,22,604,60,69
1427,733,2160,0.660648,0.869,7.180160e+04,1.939743e-02,0.0001,3.3273,0,7,173,603,60,69
1428,732,2160,0.661111,0.871,7.205574e+04,1.967835e-02,0.0001,3.3379,0,6,39,602,60,69
1429,731,2160,0.661574,0.871,7.181674e+04,2.056807e-02,0.0001,3.3177,0,1,143,601,60,69
1430,730,2160,0.662037,0.868,7.186909e+04,1.879377e-02,0.0001,3.3298,0,7,143,600,60,69
1431,729,2160,0.6625,0.87,7.180798e+04,1.983713e-02,0.0002,3.3202,0,7,93,599,60,69
1432,728,2160,0.662963,0.874,7.208850e+04,1.985994e-02,0.0001,3.3322,0,3,19,598,60,69
1433,727,2160,0.663426,0.871,7.224550e+04,2.042294e-02,0.0001,3.3398,1,5,1,598,59,69
1434,726,2160,0.663889,0.872,7.216560e+04,2.041746e-02,0.0001,3.3247,0,9,58,597,59,69
1435,725,2160,0.664352,0.872,7.208828e+04,2.057886e-02,0.0001,3.3288,0,0,90,596,59,69
1436,724,2160,0.664815,0.874,7.202502e+04,2.006472e-02,0.0001,3.337,0,9,110,595,59,69
1437,723,2160,0.665278,0.872,7.243382e+04,2.086054e-02,0.0001,3.3323,0,7,39,594,59,69
1438,722,2160,0.665741,0.871,7.278048e+04,2.077595e-02,0.0001,3.3123,0,9,178,593,59,69
1439,721,2160,0.666204,0.874,7.277038e+04,2.088965e-02,0.0001,3.3349,0,1,144,592,59,69
1440,720,2160,0.666667,0.875,7.278292e+04,2.023760e-02,0.0001,3.3211,0,1,9,591,59,69
1441,719,2160,0.66713,0.873,7.335743e+04,2.024766e-02,0.0001,3.3155,0,3,133,590,59,69
1442,718,2160,0.667593,0.872,7.376063e+04,2.053029e-02,0.0001,3.3327,0,7,144,589,59,69
1443,717,2160,0.668056,0.873,7.414621e+04,2.078010e-02,0.0001,3.3261,0,2,189,588,59,69
1444,716,2160,0.668519,0.874,7.463668e+04,2.069855e-02,0.0001,3.3205,0,3,82,587,59,69
1445,715,2160,0.668981,0.874,7.462623e+04,2.030361e-02,0.0001,3.3385,0,1,37,586,59,69
1446,714,2160,0.669444,0.874,7.534738e+04,2.074696e-02,0.0001,3.334,0,2,177,585,59,69
1447,713,2160,0.669907,0.874,7.603783e+04,2.144703e-02,0.0001,3.314,0,7,172,584,59,69
1448,712,2160,0.67037,0.873,7.610596e+04,2.035956e-02,0.0001,3.3339,0,3,39,583,59,69
1449,711,2160,0.670833,0.872,7.632080e+04,2.014440e-02,0.0001,3.3269,0,2,172,582,59,69
1450,710,2160,0.671296,0.873,7.646223e+04,2.124104e-02,0.0001,3.3283,0,8,164,581,59,69
1451,709,2160,0.671759,0.871,7.703693e+04,2.071824e-02,0.0001,3.336,0,5,185,580,59,69
1452,708,2160,0.672222,0.872,7.899335e+04,2.049002e-02,0.0001,3.3175,2,4,0,580,59,68
1453,707,2160,0.672685,0.872,7.873828e+04,2.073118e-02,0.0001,3.3378,0,2,39,579,59,68
1454,706,2160,0.673148,0.871,7.906575e+04,2.077911e-02,0.0001,3.3251,0,5,123,578,59,68
1455,705,2160,0.673611,0.871,8.116354e+04,2.092795e-02,0.0001,3.3146,0,3,38,577,59,68
1456,704,2160,0.674074,0.87,8.135674e+04,2.188954e-02,0.0001,3.3376,0,5,133,576,59,68
1457,703,2160,0.674537,0.871,8.254248e+04,2.184792e-02,0.0001,3.3222,0,4,156,575,59,68
1458,702,2160,0.675,0.873,8.302270e+04,2.167690e-02,0.0001,3.3275,0,1,133,574,59,68
1459,701,2160,0.675463,0.874,8.234321e+04,2.114269e-02,0.0001,3.3318,0,1,161,573,59,68
1460,700,2160,0.675926,0.871,8.290510e+04,1.912360e-02,0.0001,3.3264,0,9,133,572,59,68
1461,699,2160,0.676389,0.873,8.282546e+04,2.171041e-02,0.0001,3.332,0,9,105,571,59,68
1462,698,2160,0.676852,0.869,8.281885e+04,2.132311e-02,0.0001,3.3204,0,9,151,570,59,68
1463,697,2160,0.677315,0.87,8.309682e+04,2.235679e-02,0.0001,3.3332,0,8,104,569,59,68
1464,696,2160,0.677778,0.871,8.356863e+04,2.201294e-02,0.0001,3.3315,0,9,160,568,59,68
1465,695,2160,0.678241,0.874,8.328467e+04,2.132538e-02,0.0001,3.3239,0,9,158,567,59,68
1466,694,2160,0.678704,0.874,8.365101e+04,2.103951e-02,0.0001,3.3272,0,5,158,566,59,68
1467,693,2160,0.679167,0.873,8.506329e+04,2.048025e-02,0.0001,3.3391,0,4,104,565,59,68
1468,692,2160,0.67963,0.872,8.586766e+04,2.106079e-02,0.0001,3.3491,0,3,116,564,59,68
1469,691,2160,0.680093,0.872,8.597166e+04,2.066304e-02,0.0001,3.3271,0,4,181,563,59,68
1470,690,2160,0.680556,0.872,8.721746e+04,2.106717e-02,0.0001,3.3143,1,5,7,563,58,68
1471,689,2160,0.681019,0.87,8.718826e+04,2.082113e-02,0.0001,3.3174,0,9,12,562,58,68
1472,688,2160,0.681481,0.868,8.788692e+04,2.055981e-02,0.0001,3.3369,0,7,158,561,58,68
1473,687,2160,0.681944,0.868,8.864786e+04,2.159191e-02,0.0001,3.3358,0,9,146,560,58,68
1474,686,2160,0.682407,0.866,8.874684e+04,2.118836e-02,0.0001,3.3296,0,0,145,559,58,68
1475,685,2160,0.68287,0.864,8.900630e+04,2.099859e-02,0.0002,3.3384,0,5,155,558,58,68
1476,684,2160,0.683333,0.864,9.132341e+04,2.180428e-02,0.0001,3.325,0,0,58,557,58,68
1477,683,2160,0.683796,0.864,9.156553e+04,2.296369e-02,0.0001,3.3226,0,4,77,556,58,68
1478,682,2160,0.684259,0.863,9.169705e+04,2.157867e-02,0.0001,3.3385,0,2,19,555,58,68
1479,681,2160,0.684722,0.861,9.279002e+04,2.298712e-02,0.0001,3.3336,0,8,175,554,58,68
1480,680,2160,0.685185,0.864,9.365414e+04,2.157196e-02,0.0001,3.3341,0,1,2,553,58,68
1481,679,2160,0.685648,0.863,9.450173e+04,2.257861e-02,0.0001,3.3289,0,7,171,552,58,68
1482,678,2160,0.686111,0.862,9.483194e+04,2.177812e-02,0.0001,3.3232,0,7,13,551,58,68
1483,677,2160,0.686574,0.862,9.576387e+04,2.280361e-02,0.0001,3.3342,0,8,58,550,58,68
1484,676,2160,0.687037,0.863,9.661983e+04,2.310272e-02,0.0001,3.3384,0,0,159,549,58,68
1485,675,2160,0.6875,0.864,9.632648e+04,2.116491e-02,0.0001,3.3265,0,3,58,548,58,68
1486,674,2160,0.687963,0.861,9.623899e+04,2.172040e-02,0.0001,3.3232,0,3,31,547,58,68
1487,673,2160,0.688426,0.865,9.685848e+04,2.259925e-02,0.0001,3.3218,0,9,159,546,58,68
1488,672,2160,0.688889,0.864,9.692224e+04,2.246919e-02,0.0001,3.3078,2,0,8,546,58,67
1489,671,2160,0.689352,0.864,9.680304e+04,2.175841e-02,0.0001,3.3227,0,2,26,545,58,67
1490,670,2160,0.689815,0.863,9.814088e+04,2.249695e-02,0.0001,3.3332,0,8,179,544,58,67
1491,669,2160,0.690278,0.864,9.951734e+04,2.417109e-02,0.0001,3.315,0,8,149,543,58,67
1492,668,2160,0.690741,0.865,9.968826e+04,2.015227e-02,0.0001,3.3241,0,0,149,542,58,67
1493,667,2160,0.691204,0.865,9.949001e+04,2.157521e-02,0.0001,3.3167,1,9,1,542,57,67
1494,666,2160,0.691667,0.862,9.955639e+04,2.123524e-02,0.0001,3.3471,0,3,159,541,57,67
1495,665,2160,0.69213,0.865,9.971697e+04,2.214592e-02,0.0001,3.3406,0,0,131,540,57,67
1496,664,2160,0.692593,0.863,9.964139e+04,2.167108e-02,0.0001,3.3063,0,9,111,539,57,67
1497,663,2160,0.693056,0.863,1.004716e+05,2.382635e-02,0.0001,3.3239,0,8,78,538,57,67
1498,662,2160,0.693519,0.867,1.008278e+05,2.225437e-02,0.0001,3.3154,0,2,78,537,57,67
1499,661,2160,0.693981,0.864,1.004843e+05,2.179409e-02,0.0001,3.3243,0,3,118,536,57,67
1500,660,2160,0.694444,0.863,1.005994e+05,2.109807e-02,0.0001,3.3167,0,7,111,535,57,67
1501,659,2160,0.694907,0.87,1.013660e+05,2.131688e-02,0.0001,3.3309,0,1,78,534,57,67
1502,658,2160,0.69537,0.873,1.017232e+05,2.225958e-02,0.0001,3.3367,0,9,149,533,57,67
1503,657,2160,0.695833,0.873,1.018418e+05,2.391796e-02,0.0001,3.3303,0,5,64,532,57,67
1504,656,2160,0.696296,0.868,1.027618e+05,2.362563e-02,0.0001,3.3329,0,4,106,531,57,67
1505,655,2160,0.696759,0.865,1.029227e+05,2.229844e-02,0.0001,3.3369,0,8,99,530,57,67
1506,654,2160,0.697222,0.866,1.046123e+05,2.251199e-02,0.0001,3.3146,0,9,118,529,57,67
1507,653,2160,0.697685,0.867,1.043371e+05,1.946277e-02,0.0001,3.3176,0,4,64,528,57,67
1508,652,2160,0.698148,0.868,1.048950e+05,2.178760e-02,0.0001,3.3382,0,2,149,527,57,67
1509,651,2160,0.698611,0.868,1.054303e+05,2.304010e-02,0.0001,3.3243,0,9,47,526,57,67
1510,650,2160,0.699074,0.871,1.053159e+05,2.266797e-02,0.0001,3.326,0,4,149,525,57,67
1511,649,2160,0.699537,0.866,1.055611e+05,2.517698e-02,0.0001,3.3421,0,5,87,524,57,67
1512,648,2160,0.7,0.866,1.057329e+05,2.456167e-02,0.0001,3.3181,0,4,175,523,57,67
1513,647,2160,0.700463,0.868,1.051876e+05,2.314858e-02,0.0001,3.3294,0,7,107,522,57,67
1514,646,2160,0.700926,0.869,1.054574e+05,2.310907e-02,0.0001,3.3375,0,7,146,521,57,67
1515,645,2160,0.701389,0.867,1.055798e+05,2.242132e-02,0.0002,3.3327,0,3,162,520,57,67
1516,644,2160,0.701852,0.869,1.057656e+05,2.242321e-02,0.0001,3.345,0,7,64,519,57,67
1517,643,2160,0.702315,0.87,1.061834e+05,2.345153e-02,0.0001,3.3345,0,5,54,518,57,67
1518,642,2160,0.702778,0.865,1.074621e+05,2.216131e-02,0.0001,3.33,0,2,107,517,57,67
1519,641,2160,0.703241,0.865,1.080310e+05,2.314054e-02,0.0001,3.3301,0,8,72,516,57,67
1520,640,2160,0.703704,0.865,1.090543e+05,2.213326e-02,0.0001,3.3351,0,2,180,515,57,67
1521,639,2160,0.704167,0.867,1.101838e+05,2.214870e-02,0.0001,3.3239,0,4,109,514,57,67
1522,638,2160,0.70463,0.864,1.115181e+05,2.256057e-02,0.0001,3.3489,0,3,77,513,57,67
1523,637,2160,0.705093,0.864,1.119018e+05,2.258668e-02,0.0001,3.3486,0,1,149,512,57,67
1524,636,2160,0.705556,0.862,1.129113e+05,2.360632e-02,0.0001,3.33,0,8,75,511,57,67
1525,635,2160,0.706019,0.861,1.143111e+05,2.301417e-02,0.0001,3.3254,0,5,108,510,57,67
1526,634,2160,0.706481,0.862,1.165905e+05,2.300850e-02,0.0001,3.3254,1,6,9,510,56,67
1527,633,2160,0.706944,0.865,1.163909e+05,2.504920e-02,0.0001,3.3345,0,5,78,509,56,67
1528,632,2160,0.707407,0.865,1.172284e+05,2.358455e-02,0.0001,3.3324,0,1,75,508,56,67
1529,631,2160,0.70787,0.866,1.167601e+05,2.405050e-02,0.0001,3.3402,0,7,193,507,56,67
1530,630,2160,0.708333,0.864,1.169591e+05,2.255989e-02,0.0001,3.3308,0,7,153,506,56,67
1531,629,2160,0.708796,0.866,1.178318e+05,2.414813e-02,0.0001,3.3268,0,5,127,505,56,67
1532,628,2160,0.709259,0.863,1.188868e+05,2.579211e-02,0.0001,3.3155,1,3,2,505,55,67
1533,627,2160,0.709722,0.861,1.182688e+05,2.367228e-02,0.0001,3.3306,0,0,132,504,55,67
1534,626,2160,0.710185,0.86,1.181777e+05,2.272606e-02,0.0001,3.3332,0,5,195,503,55,67
1535,625,2160,0.710648,0.862,1.209409e+05,2.259613e-02,0.0001,3.3325,0,2,147,502,55,67
1536,624,2160,0.711111,0.869,1.223820e+05,2.296496e-02,0.0001,3.341,0,9,31,501,55,67
1537,623,2160,0.711574,0.868,1.227772e+05,2.376178e-02,0.0001,3.3334,0,7,101,500,55,67
1538,622,2160,0.712037,0.869,1.233830e+05,2.457481e-02,0.0001,3.3352,0,8,188,499,55,67
1539,621,2160,0.7125,0.868,1.244018e+05,2.342331e-02,0.0001,3.3297,0,2,81,498,55,67
1540,620,2160,0.712963,0.864,1.254161e+05,2.113090e-02,0.0001,3.3254,0,2,101,497,55,67
1541,619,2160,0.713426,0.862,1.261998e+05,2.327897e-02,0.0001,3.3331,0,3,49,496,55,67
1542,618,2160,0.713889,0.862,1.263713e+05,2.165240e-02,0.0001,3.3351,0,3,188,495,55,67
1543,617,2160,0.714352,0.862,1.267033e+05,2.359500e-02,0.0001,3.3406,0,0,86,494,55,67
1544,616,2160,0.714815,0.86,1.268581e+05,2.457455e-02,0.0001,3.3181,0,4,68,493,55,67
1545,615,2160,0.715278,0.863,1.270512e+05,2.563419e-02,0.0001,3.3321,0,5,143,492,55,67
1546,614,2160,0.715741,0.861,1.274763e+05,2.357490e-02,0.0001,3.3347,0,2,145,491,55,67
1547,613,2160,0.716204,0.866,1.285786e+05,2.387051e-02,0.0001,3.3242,0,1,86,490,55,67
1548,612,2160,0.716667,0.867,1.287454e+05,2.415045e-02,0.0001,3.3305,0,1,171,489,55,67
1549,611,2160,0.71713,0.866,1.289467e+05,2.315698e-02,0.0001,3.3278,0,3,24,488,55,67
1550,610,2160,0.717593,0.867,1.294005e+05,2.349781e-02,0.0001,3.3323,0,7,68,487,55,67
1551,609,2160,0.718056,0.865,1.294782e+05,2.382656e-02,0.0001,3.3321,0,4,92,486,55,67
1552,608,2160,0.718519,0.865,1.301112e+05,2.362247e-02,0.0001,3.3306,0,7,24,485,55,67
1553,607,2160,0.718981,0.862,1.302348e+05,2.370928e-02,0.0001,3.3412,0,0,143,484,55,67
1554,606,2160,0.719444,0.864,1.298997e+05,2.267328e-02,0.0002,3.3328,0,6,76,483,55,67
1555,605,2160,0.719907,0.86,1.295917e+05,2.349204e-02,0.0001,3.3395,0,4,113,482,55,67
1556,604,2160,0.72037,0.863,1.305726e+05,2.225051e-02,0.0001,3.3313,0,6,92,481,55,67
1557,603,2160,0.720833,0.86,1.301513e+05,2.251532e-02,0.0001,3.3451,0,3,183,480,55,67
1558,602,2160,0.721296,0.861,1.309254e+05,2.264990e-02,0.0001,3.3311,0,3,7,479,55,67
1559,601,2160,0.721759,0.861,1.317290e+05,2.308951e-02,0.0001,3.3197,0,7,113,478,55,67
1560,600,2160,0.722222,0.861,1.328852e+05,2.370449e-02,0.0001,3.3243,0,1,130,477,55,67
1561,599,2160,0.722685,0.859,1.333975e+05,2.288314e-02,0.0001,3.3307,0,7,29,476,55,67
1562,598,2160,0.723148,0.856,1.346886e+05,2.436765e-02,0.0001,3.3163,0,8,73,475,55,67
1563,597,2160,0.723611,0.858,1.360628e+05,2.324603e-02,0.0001,3.3246,0,3,0,474,55,67
1564,596,2160,0.724074,0.859,1.365798e+05,2.389830e-02,0.0001,3.329,0,7,79,473,55,67
1565,595,2160,0.724537,0.857,1.374066e+05,2.350699e-02,0.0001,3.3258,0,0,191,472,55,67
1566,594,2160,0.725,0.854,1.383309e+05,2.434297e-02,0.0001,3.3314,0,5,73,471,55,67
1567,593,2160,0.725463,0.856,1.396558e+05,2.492319e-02,0.0001,3.3305,0,1,165,470,55,67
1568,592,2160,0.725926,0.858,1.400996e+05,2.322176e-02,0.0001,3.3215,0,6,73,469,55,67
1569,591,2160,0.726389,0.859,1.390027e+05,2.398946e-02,0.0001,3.3335,2,3,5,469,55,66
1570,590,2160,0.726852,0.857,1.392785e+05,2.399996e-02,0.0001,3.3279,0,1,71,468,55,66
1571,589,2160,0.727315,0.855,1.400870e+05,2.461845e-02,0.0001,3.3307,0,0,115,467,55,66
1572,588,2160,0.727778,0.855,1.398605e+05,2.455168e-02,0.0002,3.3161,0,1,172,466,55,66
1573,587,2160,0.728241,0.857,1.402798e+05,2.436463e-02,0.0001,3.32,0,3,20,465,55,66
1574,586,2160,0.728704,0.858,1.402096e+05,2.529302e-02,0.0001,3.3348,2,8,6,465,55,65
1575,585,2160,0.729167,0.854,1.401665e+05,2.694090e-02,0.0001,3.3314,0,5,34,464,55,65
1576,584,2160,0.72963,0.854,1.405183e+05,2.554039e-02,0.0001,3.3384,0,1,131,463,55,65
1577,583,2160,0.730093,0.856,1.403343e+05,2.330025e-02,0.0001,3.3429,0,7,34,462,55,65
1578,582,2160,0.730556,0.852,1.404422e+05,2.423798e-02,0.0001,3.3337,0,9,131,461,55,65
1579,581,2160,0.731019,0.851,1.404252e+05,2.681344e-02,0.0001,3.3233,0,5,160,460,55,65
1580,580,2160,0.731481,0.854,1.408592e+05,2.588307e-02,0.0001,3.3139,0,2,96,459,55,65
1581,579,2160,0.731944,0.853,1.410309e+05,2.593427e-02,0.0001,3.3326,0,4,119,458,55,65
1582,578,2160,0.732407,0.854,1.410722e+05,2.381408e-02,0.0001,3.3345,0,4,126,457,55,65
1583,577,2160,0.73287,0.853,1.429482e+05,2.441258e-02,0.0001,3.3279,0,3,115,456,55,65
1584,576,2160,0.733333,0.856,1.433063e+05,2.520049e-02,0.0001,3.3285,0,5,52,455,55,65
1585,575,2160,0.733796,0.857,1.455320e+05,2.638160e-02,0.0001,3.3199,0,2,66,454,55,65
1586,574,2160,0.734259,0.859,1.455952e+05,2.396294e-02,0.0001,3.314,0,0,66,453,55,65
1587,573,2160,0.734722,0.858,1.452176e+05,2.537009e-02,0.0001,3.3272,0,1,117,452,55,65
1588,572,2160,0.735185,0.854,1.453216e+05,2.448606e-02,0.0001,3.3234,0,0,117,451,55,65
1589,571,2160,0.735648,0.85,1.453466e+05,2.364484e-02,0.0001,3.3108,0,6,165,450,55,65
1590,570,2160,0.736111,0.849,1.450317e+05,2.532750e-02,0.0001,3.3011,0,2,40,449,55,65
1591,569,2160,0.736574,0.849,1.458614e+05,2.015685e-02,0.0001,3.329,0,1,40,448,55,65
1592,568,2160,0.737037,0.85,1.451350e+05,2.556403e-02,0.0001,3.3224,0,2,100,447,55,65
1593,567,2160,0.7375,0.853,1.453937e+05,2.409125e-02,0.0001,3.3226,2,7,2,447,55,64
1594,566,2160,0.737963,0.851,1.451066e+05,2.347225e-02,0.0001,3.3159,0,6,116,446,55,64
1595,565,2160,0.738426,0.852,1.448817e+05,2.397167e-02,0.0001,3.3182,0,3,78,445,55,64
1596,564,2160,0.738889,0.851,1.453087e+05,2.395594e-02,0.0001,3.3364,0,2,18,444,55,64
1597,563,2160,0.739352,0.851,1.470045e+05,2.492859e-02,0.0001,3.3229,0,7,52,443,55,64
1598,562,2160,0.739815,0.85,1.473160e+05,2.487037e-02,0.0001,3.3301,0,9,34,442,55,64
1599,561,2160,0.740278,0.85,1.471742e+05,2.519094e-02,0.0001,3.3272,0,8,60,441,55,64
1600,560,2160,0.740741,0.851,1.489994e+05,2.573941e-02,0.0001,3.3103,0,1,77,440,55,64
1601,559,2160,0.741204,0.854,1.489960e+05,2.525290e-02,0.0001,3.3321,0,4,38,439,55,64
1602,558,2160,0.741667,0.853,1.498275e+05,2.744259e-02,0.0001,3.3433,0,8,138,438,55,64
1603,557,2160,0.74213,0.851,1.501079e+05,2.792867e-02,0.0001,3.3365,0,5,48,437,55,64
1604,556,2160,0.742593,0.85,1.501284e+05,2.528185e-02,0.0001,3.3277,0,3,141,436,55,64
1605,555,2160,0.743056,0.847,1.502765e+05,2.544172e-02,0.0001,3.3143,0,0,190,435,55,64
1606,554,2160,0.743519,0.845,1.504975e+05,2.529047e-02,0.0001,3.3107,0,3,90,434,55,64
1607,553,2160,0.743981,0.842,1.506796e+05,2.464670e-02,0.0001,3.3284,0,1,57,433,55,64
1608,552,2160,0.744444,0.846,1.520781e+05,2.488128e-02,0.0001,3.3311,0,0,3,432,55,64
1609,551,2160,0.744907,0.841,1.530927e+05,2.702807e-02,0.0001,3.3344,0,4,105,431,55,64
1610,550,2160,0.74537,0.846,1.532467e+05,2.574847e-02,0.0001,3.3247,0,7,90,430,55,64
1611,549,2160,0.745833,0.847,1.533145e+05,2.568967e-02,0.0001,3.3349,0,2,85,429,55,64
1612,548,2160,0.746296,0.847,1.547837e+05,2.708178e-02,0.0001,3.3159,0,5,66,428,55,64
1613,547,2160,0.746759,0.843,1.560947e+05,2.805385e-02,0.0001,3.3275,0,4,174,427,55,64
1614,546,2160,0.747222,0.843,1.554762e+05,2.262308e-02,0.0001,3.3297,0,3,66,426,55,64
1615,545,2160,0.747685,0.841,1.547021e+05,2.445578e-02,0.0001,3.3298,0,7,66,425,55,64
1616,544,2160,0.748148,0.843,1.545045e+05,2.443048e-02,0.0001,3.3303,0,9,168,424,55,64
1617,543,2160,0.748611,0.846,1.559552e+05,2.572905e-02,0.0001,3.3382,0,1,45,423,55,64
1618,542,2160,0.749074,0.843,1.568878e+05,2.764501e-02,0.0001,3.3153,0,5,136,422,55,64
1619,541,2160,0.749537,0.842,1.577731e+05,2.793417e-02,0.0001,3.3204,0,2,174,421,55,64
1620,540,2160,0.75,0.841,1.569915e+05,2.602852e-02,0.0001,3.3345,0,0,34,420,55,64
1621,539,2160,0.750463,0.84,1.569271e+05,2.713658e-02,0.0001,3.3333,0,2,82,419,55,64
1622,538,2160,0.750926,0.844,1.573369e+05,2.678531e-02,0.0001,3.3363,0,9,136,418,55,64
1623,537,2160,0.751389,0.841,1.567648e+05,2.638139e-02,0.0001,3.3338,0,9,59,417,55,64
1624,536,2160,0.751852,0.843,1.571474e+05,2.764393e-02,0.0001,3.3291,0,2,51,416,55,64
1625,535,2160,0.752315,0.846,1.572431e+05,2.732109e-02,0.0001,3.3261,0,9,36,415,55,64
1626,534,2160,0.752778,0.848,1.573202e+05,2.542128e-02,0.0001,3.3334,0,0,41,414,55,64
1627,533,2160,0.753241,0.846,1.583814e+05,2.560446e-02,0.0001,3.3349,0,2,36,413,55,64
1628,532,2160,0.753704,0.847,1.590030e+05,2.808804e-02,0.0001,3.3372,0,5,51,412,55,64
1629,531,2160,0.754167,0.847,1.603827e+05,2.889434e-02,0.0001,3.3096,0,5,59,411,55,64
1630,530,2160,0.75463,0.847,1.606831e+05,2.174129e-02,0.0001,3.3354,0,1,59,410,55,64
1631,529,2160,0.755093,0.848,1.603294e+05,2.757310e-02,0.0001,3.3637,0,9,140,409,55,64
1632,528,2160,0.755556,0.847,1.602646e+05,2.757947e-02,0.0001,3.3341,0,9,69,408,55,64
1633,527,2160,0.756019,0.846,1.605271e+05,2.147754e-02,0.0001,3.3353,0,8,69,407,55,64
1634,526,2160,0.756481,0.847,1.609085e+05,2.329981e-02,0.0001,3.3354,0,4,59,406,55,64
1635,525,2160,0.756944,0.847,1.614027e+05,2.688802e-02,0.0001,3.3406,0,7,129,405,55,64
1636,524,2160,0.757407,0.847,1.624786e+05,2.658389e-02,0.0001,3.3392,0,0,18,404,55,64
1637,523,2160,0.75787,0.845,1.634225e+05,2.828327e-02,0.0001,3.3313,0,9,163,403,55,64
1638,522,2160,0.758333,0.844,1.634012e+05,2.520534e-02,0.0001,3.3274,0,3,59,402,55,64
1639,521,2160,0.758796,0.847,1.636245e+05,2.607095e-02,0.0001,3.3159,0,4,125,401,55,64
1640,520,2160,0.759259,0.844,1.661974e+05,2.803982e-02,0.0001,3.3118,0,9,50,400,55,64
1641,519,2160,0.759722,0.843,1.662583e+05,2.631305e-02,0.0001,3.3346,0,8,9,399,55,64
1642,518,2160,0.760185,0.846,1.701606e+05,2.627352e-02,0.0001,3.3268,0,5,179,398,55,64
1643,517,2160,0.760648,0.84,1.741707e+05,2.621602e-02,0.0001,3.3187,1,2,3,398,54,64
1644,516,2160,0.761111,0.84,1.739710e+05,2.603411e-02,0.0001,3.3303,1,8,3,398,53,64
1645,515,2160,0.761574,0.839,1.740220e+05,2.862451e-02,0.0001,3.3274,0,4,82,397,53,64
1646,514,2160,0.762037,0.84,1.746188e+05,2.610184e-02,0.0001,3.3194,2,0,9,397,53,63
1647,513,2160,0.7625,0.839,1.744013e+05,2.674173e-02,0.0001,3.3311,0,2,65,396,53,63
1648,512,2160,0.762963,0.84,1.767605e+05,2.531199e-02,0.0001,3.3271,0,0,65,395,53,63
1649,511,2160,0.763426,0.839,1.755487e+05,2.322240e-02,0.0001,3.337,0,5,65,394,53,63
1650,510,2160,0.763889,0.839,1.767080e+05,2.854360e-02,0.0001,3.3334,0,4,128,393,53,63
1651,509,2160,0.764352,0.838,1.771843e+05,2.892087e-02,0.0001,3.3232,0,2,136,392,53,63
1652,508,2160,0.764815,0.838,1.777540e+05,2.934527e-02,0.0001,3.3172,0,2,47,391,53,63
1653,507,2160,0.765278,0.836,1.780876e+05,2.380532e-02,0.0001,3.3272,0,1,47,390,53,63
1654,506,2160,0.765741,0.841,1.775514e+05,3.070310e-02,0.0001,3.3227,0,5,174,389,53,63
1655,505,2160,0.766204,0.841,1.787364e+05,2.981478e-02,0.0001,3.3233,0,9,121,388,53,63
1656,504,2160,0.766667,0.837,1.781408e+05,2.796293e-02,0.0001,3.3295,0,4,19,387,53,63
1657,503,2160,0.76713,0.832,1.803444e+05,2.753045e-02,0.0001,3.3214,0,6,97,386,53,63
1658,502,2160,0.767593,0.83,1.800735e+05,3.047026e-02,0.0001,3.334,0,2,160,385,53,63
1659,501,2160,0.768056,0.829,1.801463e+05,3.030781e-02,0.0001,3.3358,0,8,160,384,53,63
1660,500,2160,0.768519,0.831,1.799445e+05,2.919578e-02,0.0001,3.3321,0,1,8,383,53,63
1661,499,2160,0.768981,0.831,1.805929e+05,2.733615e-02,0.0001,3.324,0,7,8,382,53,63
1662,498,2160,0.769444,0.833,1.803635e+05,2.728101e-02,0.0001,3.3304,0,0,161,381,53,63
1663,497,2160,0.769907,0.832,1.813156e+05,2.881015e-02,0.0001,3.3305,0,0,118,380,53,63
1664,496,2160,0.77037,0.831,1.812563e+05,2.919997e-02,0.0001,3.3355,2,0,6,380,53,62
1665,495,2160,0.770833,0.827,1.814784e+05,3.005644e-02,0.0001,3.3315,0,4,134,379,53,62
1666,494,2160,0.771296,0.829,1.823797e+05,2.838756e-02,0.0001,3.3117,0,4,151,378,53,62
1667,493,2160,0.771759,0.824,1.848406e+05,2.821865e-02,0.0001,3.3337,0,3,101,377,53,62
1668,492,2160,0.772222,0.821,1.860041e+05,2.933103e-02,0.0001,3.3295,0,4,145,376,53,62
1669,491,2160,0.772685,0.823,1.881192e+05,3.142782e-02,0.0001,3.335,0,4,35,375,53,62
1670,490,2160,0.773148,0.823,1.878664e+05,3.064991e-02,0.0001,3.3219,1,8,2,375,52,62
1671,489,2160,0.773611,0.823,1.872978e+05,3.002762e-02,0.0001,3.3276,0,7,91,374,52,62
1672,488,2160,0.774074,0.822,1.877586e+05,2.952502e-02,0.0001,3.3189,0,0,76,373,52,62
1673,487,2160,0.774537,0.822,1.878436e+05,3.027545e-02,0.0001,3.322,0,9,80,372,52,62
1674,486,2160,0.775,0.817,1.878534e+05,2.832236e-02,0.0001,3.3196,0,9,88,371,52,62
1675,485,2160,0.775463,0.817,1.892879e+05,2.907688e-02,0.0001,3.3299,0,5,150,370,52,62
1676,484,2160,0.775926,0.809,1.929449e+05,2.785979e-02,0.0001,3.3262,0,3,88,369,52,62
1677,483,2160,0.776389,0.809,1.935190e+05,2.889517e-02,0.0001,3.3272,0,4,164,368,52,62
1678,482,2160,0.776852,0.806,1.963817e+05,3.169487e-02,0.0001,3.3202,0,4,142,367,52,62
1679,481,2160,0.777315,0.801,1.969724e+05,2.851687e-02,0.0001,3.32,0,4,189,366,52,62
1680,480,2160,0.777778,0.805,1.996366e+05,3.214839e-02,0.0001,3.3197,0,5,171,365,52,62
1681,479,2160,0.778241,0.8,2.014022e+05,2.953499e-02,0.0001,3.3257,0,7,32,364,52,62
1682,478,2160,0.778704,0.799,2.029664e+05,2.616841e-02,0.0001,3.3343,0,4,171,363,52,62
1683,477,2160,0.779167,0.795,2.039856e+05,2.819638e-02,0.0001,3.3181,0,6,27,362,52,62
1684,476,2160,0.77963,0.794,2.042317e+05,3.076757e-02,0.0001,3.3139,0,4,21,361,52,62
1685,475,2160,0.780093,0.794,2.062531e+05,3.292971e-02,0.0001,3.3669,0,8,135,360,52,62
1686,474,2160,0.780556,0.787,2.076367e+05,2.190151e-02,0.0002,3.3379,0,0,135,359,52,62
1687,473,2160,0.781019,0.793,2.058581e+05,2.970341e-02,0.0001,3.331,0,2,137,358,52,62
1688,472,2160,0.781481,0.797,2.086440e+05,3.123766e-02,0.0001,3.3334,0,9,142,357,52,62
1689,471,2160,0.781944,0.797,2.087152e+05,2.990298e-02,0.0001,3.3209,0,3,22,356,52,62
1690,470,2160,0.782407,0.795,2.095728e+05,3.087308e-02,0.0001,3.3241,0,9,61,355,52,62
1691,469,2160,0.78287,0.789,2.101958e+05,2.521344e-02,0.0001,3.3287,0,1,61,354,52,62
1692,468,2160,0.783333,0.79,2.101395e+05,2.932061e-02,0.0001,3.3187,1,7,4,354,51,62
1693,467,2160,0.783796,0.792,2.100242e+05,3.105900e-02,0.0001,3.3263,0,9,93,353,51,62
1694,466,2160,0.784259,0.79,2.101647e+05,2.901988e-02,0.0001,3.3116,2,2,7,353,51,61
1695,465,2160,0.784722,0.782,2.101176e+05,3.091016e-02,0.0001,3.322,0,1,122,352,51,61
1696,464,2160,0.785185,0.781,2.111731e+05,2.032031e-02,0.0001,3.3339,0,7,122,351,51,61
1697,463,2160,0.785648,0.78,2.107944e+05,3.012861e-02,0.0001,3.3264,0,7,67,350,51,61
1698,462,2160,0.786111,0.783,2.117618e+05,2.880585e-02,0.0001,3.3163,2,3,9,350,51,60
1699,461,2160,0.786574,0.777,2.112893e+05,2.880020e-02,0.0001,3.3281,0,3,72,349,51,60
1700,460,2160,0.787037,0.773,2.126527e+05,2.956477e-02,0.0001,3.3258,0,7,47,348,51,60
1701,459,2160,0.7875,0.769,2.149552e+05,3.018661e-02,0.0002,3.3439,0,1,66,347,51,60
1702,458,2160,0.787963,0.765,2.167805e+05,2.966111e-02,0.0001,3.3122,0,6,47,346,51,60
1703,457,2160,0.788426,0.766,2.159610e+05,2.992726e-02,0.0001,3.3171,0,2,187,345,51,60
1704,456,2160,0.788889,0.763,2.190898e+05,2.984614e-02,0.0001,3.3231,0,6,169,344,51,60
1705,455,2160,0.789352,0.763,2.195567e+05,3.229188e-02,0.0001,3.3256,0,1,23,343,51,60
1706,454,2160,0.789815,0.764,2.208044e+05,3.163420e-02,0.0001,3.3239,0,1,135,342,51,60
1707,453,2160,0.790278,0.763,2.229663e+05,3.402193e-02,0.0001,3.3145,0,9,89,341,51,60
1708,452,2160,0.790741,0.759,2.230463e+05,3.250422e-02,0.0001,3.3284,0,8,89,340,51,60
1709,451,2160,0.791204,0.763,2.230638e+05,3.101053e-02,0.0001,3.3295,0,3,89,339,51,60
1710,450,2160,0.791667,0.763,2.230026e+05,3.190209e-02,0.0001,3.3148,0,2,89,338,51,60
1711,449,2160,0.79213,0.756,2.248996e+05,3.449094e-02,0.0001,3.334,0,2,193,337,51,60
1712,448,2160,0.792593,0.755,2.261551e+05,3.119209e-02,0.0001,3.3209,0,8,193,336,51,60
1713,447,2160,0.793056,0.756,2.251086e+05,1.803933e-02,0.0001,3.3191,0,5,193,335,51,60
1714,446,2160,0.793519,0.755,2.257387e+05,3.633605e-02,0.0001,3.3317,0,5,152,334,51,60
1715,445,2160,0.793981,0.759,2.285901e+05,1.874541e-02,0.0001,3.3306,0,4,152,333,51,60
1716,444,2160,0.794444,0.755,2.278079e+05,3.451232e-02,0.0001,3.3237,0,2,117,332,51,60
1717,443,2160,0.794907,0.762,2.291652e+05,3.212760e-02,0.0001,3.3287,0,0,107,331,51,60
1718,442,2160,0.79537,0.759,2.309475e+05,3.578335e-02,0.0001,3.3326,0,2,48,330,51,60
1719,441,2160,0.795833,0.756,2.311875e+05,3.857107e-02,0.0002,3.3317,0,8,105,329,51,60
1720,440,2160,0.796296,0.746,2.316344e+05,3.362408e-02,0.0001,3.3432,0,3,135,328,51,60
1721,439,2160,0.796759,0.753,2.333785e+05,3.914592e-02,0.0001,3.3374,0,5,95,327,51,60
1722,438,2160,0.797222,0.757,2.353886e+05,3.616003e-02,0.0001,3.3388,0,2,95,326,51,60
1723,437,2160,0.797685,0.756,2.345580e+05,3.389796e-02,0.0001,3.3082,0,9,46,325,51,60
1724,436,2160,0.798148,0.752,2.377140e+05,3.430653e-02,0.0001,3.3188,0,3,79,324,51,60
1725,435,2160,0.798611,0.749,2.394221e+05,3.649507e-02,0.0001,3.3125,0,1,36,323,51,60
1726,434,2160,0.799074,0.749,2.407258e+05,3.977547e-02,0.0001,3.3178,0,8,48,322,51,60
1727,433,2160,0.799537,0.751,2.407844e+05,3.018335e-02,0.0001,3.3348,0,9,48,321,51,60
1728,432,2160,0.8,0.753,2.399270e+05,3.692739e-02,0.0001,3.3194,0,9,113,320,51,60
1729,431,2160,0.800463,0.759,2.405569e+05,3.417123e-02,0.0001,3.3281,0,3,73,319,51,60
1730,430,2160,0.800926,0.752,2.424576e+05,3.588752e-02,0.0001,3.3371,0,7,92,318,51,60
1731,429,2160,0.801389,0.761,2.442286e+05,3.397515e-02,0.0001,3.323,0,4,30,317,51,60
1732,428,2160,0.801852,0.764,2.499289e+05,3.517408e-02,0.0001,3.3286,1,9,4,317,50,60
1733,427,2160,0.802315,0.766,2.502050e+05,3.450343e-02,0.0001,3.3238,0,3,75,316,50,60
1734,426,2160,0.802778,0.763,2.520813e+05,3.510872e-02,0.0001,3.3259,0,4,110,315,50,60
1735,425,2160,0.803241,0.763,2.568704e+05,3.603136e-02,0.0001,3.3331,0,7,103,314,50,60
1736,424,2160,0.803704,0.756,2.583508e+05,4.016233e-02,0.0001,3.335,0,4,86,313,50,60
1737,423,2160,0.804167,0.756,2.582047e+05,3.797563e-02,0.0001,3.3343,0,2,104,312,50,60
1738,422,2160,0.80463,0.761,2.598687e+05,3.368913e-02,0.0001,3.3421,0,1,104,311,50,60
1739,421,2160,0.805093,0.748,2.594626e+05,3.572422e-02,0.0001,3.3405,0,8,103,310,50,60
1740,420,2160,0.805556,0.743,2.623887e+05,3.310924e-02,0.0001,3.3431,0,5,103,309,50,60
1741,419,2160,0.806019,0.741,2.677070e+05,3.404341e-02,0.0001,3.3348,0,8,141,308,50,60
1742,418,2160,0.806481,0.744,2.741862e+05,3.446595e-02,0.0001,3.3293,0,3,52,307,50,60
1743,417,2160,0.806944,0.744,2.761986e+05,3.336021e-02,0.0001,3.33,0,1,52,306,50,60
1744,416,2160,0.807407,0.745,2.759266e+05,2.524461e-02,0.0001,3.3261,0,2,52,305,50,60
1745,415,2160,0.80787,0.741,2.763420e+05,3.546408e-02,0.0001,3.325,0,1,76,304,50,60
1746,414,2160,0.808333,0.737,2.772708e+05,3.560238e-02,0.0001,3.3191,0,3,35,303,50,60
1747,413,2160,0.808796,0.741,2.777857e+05,3.829500e-02,0.0001,3.3114,0,1,67,302,50,60
1748,412,2160,0.809259,0.738,2.786448e+05,4.088121e-02,0.0001,3.3315,0,8,35,301,50,60
1749,411,2160,0.809722,0.743,2.776634e+05,3.815491e-02,0.0001,3.3281,0,5,86,300,50,60
1750,410,2160,0.810185,0.738,2.830531e+05,4.202652e-02,0.0001,3.313,0,5,121,299,50,60
1751,409,2160,0.810648,0.74,2.845852e+05,2.649333e-02,0.0001,3.3374,0,3,121,298,50,60
1752,408,2160,0.811111,0.745,2.840852e+05,2.573407e-02,0.0001,3.326,0,8,121,297,50,60
1753,407,2160,0.811574,0.748,2.847223e+05,2.549688e-02,0.0001,3.3255,0,3,86,296,50,60
1754,406,2160,0.812037,0.749,2.847135e+05,3.568300e-02,0.0001,3.3234,0,9,122,295,50,60
1755,405,2160,0.8125,0.749,2.888792e+05,4.185553e-02,0.0001,3.326,0,5,177,294,50,60
1756,404,2160,0.812963,0.744,2.918346e+05,2.327409e-02,0.0001,3.3357,0,4,177,293,50,60
1757,403,2160,0.813426,0.745,2.913707e+05,4.055585e-02,0.0001,3.3378,0,5,131,292,50,60
1758,402,2160,0.813889,0.752,2.942305e+05,3.751497e-02,0.0001,3.3285,0,7,178,291,50,60
1759,401,2160,0.814352,0.751,2.957448e+05,3.676317e-02,0.0001,3.324,0,7,80,290,50,60
1760,400,2160,0.814815,0.748,2.970631e+05,3.647161e-02,0.0001,3.3288,0,1,121,289,50,60
1761,399,2160,0.815278,0.748,2.975293e+05,2.410451e-02,0.0001,3.3307,0,2,121,288,50,60
1762,398,2160,0.815741,0.746,2.972846e+05,3.465961e-02,0.0001,3.3319,1,8,9,288,49,60
1763,397,2160,0.816204,0.752,2.971974e+05,3.670661e-02,0.0001,3.3383,2,7,6,288,49,59
1764,396,2160,0.816667,0.751,2.975257e+05,3.753208e-02,0.0001,3.3463,0,9,96,287,49,59
1765,395,2160,0.81713,0.754,2.992914e+05,2.659121e-02,0.0001,3.3362,0,4,96,286,49,59
1766,394,2160,0.817593,0.748,3.001194e+05,2.068270e-02,0.0001,3.3172,0,1,96,285,49,59
1767,393,2160,0.818056,0.749,3.002416e+05,3.897100e-02,0.0001,3.3249,0,5,172,284,49,59
1768,392,2160,0.818519,0.748,3.026305e+05,3.759803e-02,0.0001,3.3331,0,0,173,283,49,59
1769,391,2160,0.818981,0.747,3.028256e+05,3.790978e-02,0.0001,3.3287,0,2,92,282,49,59
1770,390,2160,0.819444,0.746,3.048500e+05,3.760245e-02,0.0001,3.3257,0,3,120,281,49,59
1771,389,2160,0.819907,0.739,3.066897e+05,4.036834e-02,0.0001,3.3327,0,4,172,280,49,59
1772,388,2160,0.82037,0.743,3.080844e+05,3.688020e-02,0.0001,3.3362,0,8,71,279,49,59
1773,387,2160,0.820833,0.735,3.149908e+05,3.908453e-02,0.0001,3.3292,0,1,68,278,49,59
1774,386,2160,0.821296,0.74,3.166013e+05,3.997175e-02,0.0001,3.3255,0,4,53,277,49,59
1775,385,2160,0.821759,0.73,3.201199e+05,3.828242e-02,0.0001,3.3358,0,8,92,276,49,59
1776,384,2160,0.822222,0.712,3.262363e+05,3.482869e-02,0.0001,3.3266,0,3,53,275,49,59
1777,383,2160,0.822685,0.714,3.249914e+05,4.051385e-02,0.0001,3.3294,0,8,172,274,49,59
1778,382,2160,0.823148,0.716,3.264441e+05,4.034898e-02,0.0001,3.3354,0,9,49,273,49,59
1779,381,2160,0.823611,0.723,3.248948e+05,3.969877e-02,0.0001,3.3325,0,1,49,272,49,59
1780,380,2160,0.824074,0.724,3.241920e+05,3.680141e-02,0.0001,3.3327,0,1,162,271,49,59
1781,379,2160,0.824537,0.728,3.279229e+05,3.836877e-02,0.0001,3.3082,0,2,130,270,49,59
1782,378,2160,0.825,0.724,3.307351e+05,3.772312e-02,0.0001,3.3304,0,3,106,269,49,59
1783,377,2160,0.825463,0.719,3.324297e+05,3.865175e-02,0.0001,3.3318,0,0,160,268,49,59
1784,376,2160,0.825926,0.726,3.335851e+05,3.926711e-02,0.0002,3.3323,0,1,58,267,49,59
1785,375,2160,0.826389,0.727,3.345578e+05,3.718229e-02,0.0001,3.3456,0,3,18,266,49,59
1786,374,2160,0.826852,0.726,3.368126e+05,3.707323e-02,0.0001,3.3351,0,5,102,265,49,59
1787,373,2160,0.827315,0.713,3.468908e+05,3.854639e-02,0.0001,3.3387,0,3,94,264,49,59
1788,372,2160,0.827778,0.716,3.477628e+05,4.144270e-02,0.0001,3.3319,0,4,130,263,49,59
1789,371,2160,0.828241,0.71,3.489949e+05,1.664099e-02,0.0001,3.3207,0,8,130,262,49,59
1790,370,2160,0.828704,0.71,3.481433e+05,4.050058e-02,0.0001,3.3225,0,4,87,261,49,59
1791,369,2160,0.829167,0.709,3.528300e+05,3.836832e-02,0.0001,3.3414,0,8,113,260,49,59
1792,368,2160,0.82963,0.699,3.599430e+05,4.171339e-02,0.0001,3.3324,0,2,146,259,49,59
1793,367,2160,0.830093,0.692,3.612496e+05,3.907484e-02,0.0001,3.3414,0,4,127,258,49,59
1794,366,2160,0.830556,0.686,3.677858e+05,4.452253e-02,0.0001,3.3281,0,5,129,257,49,59
1795,365,2160,0.831019,0.69,3.697474e+05,3.461604e-02,0.0001,3.3183,0,0,129,256,49,59
1796,364,2160,0.831481,0.693,3.697610e+05,4.035395e-02,0.0001,3.3211,0,4,186,255,49,59
1797,363,2160,0.831944,0.706,3.753034e+05,4.128192e-02,0.0001,3.3268,2,1,1,255,49,58
1798,362,2160,0.832407,0.71,3.751273e+05,3.859860e-02,0.0001,3.3189,0,3,37,254,49,58
1799,361,2160,0.83287,0.703,3.782392e+05,3.947175e-02,0.0001,3.3243,0,3,95,253,49,58
1800,360,2160,0.833333,0.704,3.794776e+05,3.734639e-02,0.0001,3.3278,0,9,186,252,49,58
1801,359,2160,0.833796,0.685,3.832823e+05,3.946554e-02,0.0001,3.3212,0,0,87,251,49,58
1802,358,2160,0.834259,0.683,3.849080e+05,4.395356e-02,0.0001,3.3297,0,4,49,250,49,58
1803,357,2160,0.834722,0.689,3.853698e+05,4.105113e-02,0.0001,3.328,0,2,87,249,49,58
1804,356,2160,0.835185,0.696,3.869590e+05,4.453600e-02,0.0001,3.3236,0,5,116,248,49,58
1805,355,2160,0.835648,0.706,3.895003e+05,4.151063e-02,0.0001,3.3149,0,9,62,247,49,58
1806,354,2160,0.836111,0.71,3.917728e+05,4.112822e-02,0.0001,3.314,0,1,54,246,49,58
1807,353,2160,0.836574,0.708,3.936090e+05,4.020764e-02,0.0001,3.3239,0,3,65,245,49,58
1808,352,2160,0.837037,0.696,3.961226e+05,4.255557e-02,0.0001,3.3482,0,8,76,244,49,58
1809,351,2160,0.8375,0.696,4.009477e+05,3.423124e-02,0.0001,3.3302,0,2,76,243,49,58
1810,350,2160,0.837963,0.7,4.001655e+05,4.092771e-02,0.0001,3.3242,0,3,146,242,49,58
1811,349,2160,0.838426,0.695,4.014274e+05,4.140431e-02,0.0001,3.3199,0,0,77,241,49,58
1812,348,2160,0.838889,0.686,4.014941e+05,4.223672e-02,0.0001,3.3457,0,2,50,240,49,58
1813,347,2160,0.839352,0.685,4.018996e+05,4.436926e-02,0.0001,3.3196,0,5,82,239,49,58
1814,346,2160,0.839815,0.682,4.053910e+05,4.254352e-02,0.0001,3.3245,0,4,74,238,49,58
1815,345,2160,0.840278,0.684,4.090466e+05,3.028147e-02,0.0001,3.3208,0,3,74,237,49,58
1816,344,2160,0.840741,0.678,4.065378e+05,3.943289e-02,0.0001,3.3287,1,2,4,237,48,58
1817,343,2160,0.841204,0.68,4.062525e+05,3.834951e-02,0.0001,3.3189,0,1,38,236,48,58
1818,342,2160,0.841667,0.678,4.104067e+05,4.043974e-02,0.0001,3.3265,0,1,109,235,48,58
1819,341,2160,0.84213,0.685,4.126283e+05,4.526499e-02,0.0001,3.3221,1,3,7,235,47,58
1820,340,2160,0.842593,0.685,4.136804e+05,4.007423e-02,0.0001,3.3328,0,0,112,234,47,58
1821,339,2160,0.843056,0.675,4.171445e+05,4.168015e-02,0.0001,3.3221,0,2,143,233,47,58
1822,338,2160,0.843519,0.668,4.210500e+05,4.076853e-02,0.0002,3.3325,0,2,108,232,47,58
1823,337,2160,0.843981,0.669,4.267056e+05,4.414103e-02,0.0001,3.329,0,8,143,231,47,58
1824,336,2160,0.844444,0.671,4.254029e+05,4.060706e-02,0.0001,3.3287,0,3,81,230,47,58
1825,335,2160,0.844907,0.671,4.290076e+05,3.987907e-02,0.0001,3.3418,0,4,162,229,47,58
1826,334,2160,0.84537,0.679,4.396249e+05,3.833459e-02,0.0001,3.3241,0,4,143,228,47,58
1827,333,2160,0.845833,0.664,4.489733e+05,4.065679e-02,0.0001,3.3328,0,3,107,227,47,58
1828,332,2160,0.846296,0.659,4.535998e+05,4.289008e-02,0.0001,3.328,0,2,94,226,47,58
1829,331,2160,0.846759,0.663,4.577051e+05,4.584275e-02,0.0001,3.3144,0,1,35,225,47,58
1830,330,2160,0.847222,0.662,4.574798e+05,4.414278e-02,0.0001,3.332,0,9,116,224,47,58
1831,329,2160,0.847685,0.665,4.582161e+05,4.533027e-02,0.0001,3.3355,0,4,94,223,47,58
1832,328,2160,0.848148,0.666,4.573672e+05,4.218883e-02,0.0001,3.3306,0,1,24,222,47,58
1833,327,2160,0.848611,0.67,4.624302e+05,4.962499e-02,0.0001,3.3188,0,5,115,221,47,58
1834,326,2160,0.849074,0.67,4.649854e+05,5.177124e-02,0.0001,3.3438,0,5,144,220,47,58
1835,325,2160,0.849537,0.668,4.667589e+05,4.718107e-02,0.0001,3.3234,0,4,115,219,47,58
1836,324,2160,0.85,0.664,4.686711e+05,4.172536e-02,0.0001,3.327,0,2,144,218,47,58
1837,323,2160,0.850463,0.664,4.687722e+05,4.195129e-02,0.0001,3.3297,0,3,187,217,47,58
1838,322,2160,0.850926,0.672,4.727990e+05,4.039784e-02,0.0001,3.3276,0,9,144,216,47,58
1839,321,2160,0.851389,0.675,4.726323e+05,4.416779e-02,0.0001,3.3254,1,6,8,216,46,58
1840,320,2160,0.851852,0.668,4.728456e+05,4.237251e-02,0.0001,3.3268,0,2,64,215,46,58
1841,319,2160,0.852315,0.682,4.792889e+05,4.363812e-02,0.0001,3.3319,1,4,8,215,45,58
1842,318,2160,0.852778,0.678,4.792376e+05,4.233743e-02,0.0001,3.3262,0,2,140,214,45,58
1843,317,2160,0.853241,0.683,4.836879e+05,3.444636e-02,0.0001,3.3298,0,8,140,213,45,58
1844,316,2160,0.853704,0.673,4.882380e+05,4.511398e-02,0.0001,3.3316,0,9,115,212,45,58
1845,315,2160,0.854167,0.672,4.887720e+05,3.620877e-02,0.0001,3.3222,0,2,115,211,45,58
1846,314,2160,0.85463,0.672,4.916296e+05,4.111345e-02,0.0001,3.3313,0,3,148,210,45,58
1847,313,2160,0.855093,0.668,4.968629e+05,4.112799e-02,0.0001,3.3371,0,3,47,209,45,58
1848,312,2160,0.855556,0.667,5.016888e+05,4.487485e-02,0.0001,3.3402,0,2,156,208,45,58
1849,311,2160,0.856019,0.66,5.060326e+05,4.138678e-02,0.0001,3.3297,0,3,156,207,45,58
1850,310,2160,0.856481,0.656,5.090460e+05,4.402352e-02,0.0001,3.3165,0,5,36,206,45,58
1851,309,2160,0.856944,0.64,5.248067e+05,3.831363e-02,0.0001,3.3355,0,7,36,205,45,58
1852,308,2160,0.857407,0.641,5.274187e+05,4.323808e-02,0.0001,3.3282,0,8,115,204,45,58
1853,307,2160,0.85787,0.652,5.382857e+05,4.253115e-02,0.0001,3.3249,0,9,176,203,45,58
1854,306,2160,0.858333,0.638,5.447969e+05,4.336041e-02,0.0001,3.3206,0,2,109,202,45,58
1855,305,2160,0.858796,0.637,5.519973e+05,4.643637e-02,0.0001,3.0992,1,6,1,202,44,58
1856,304,2160,0.859259,0.63,5.527793e+05,4.527285e-02,0.0001,3.3323,0,1,160,201,44,58
1857,303,2160,0.859722,0.634,5.578202e+05,4.389663e-02,0.0001,3.3089,0,1,189,200,44,58
1858,302,2160,0.860185,0.621,5.642383e+05,4.647379e-02,0.0001,3.3186,2,8,2,200,44,57
1859,301,2160,0.860648,0.621,5.642581e+05,4.784972e-02,0.0001,3.3255,0,2,22,199,44,57
1860,300,2160,0.861111,0.617,5.671618e+05,4.491486e-02,0.0001,3.3083,0,0,55,198,44,57
1861,299,2160,0.861574,0.602,5.730548e+05,4.326296e-02,0.0001,3.3283,0,0,133,197,44,57
1862,298,2160,0.862037,0.592,5.788390e+05,4.850839e-02,0.0001,3.3269,0,9,117,196,44,57
1863,297,2160,0.8625,0.594,5.811659e+05,5.139560e-02,0.0001,3.3267,0,2,35,195,44,57
1864,296,2160,0.862963,0.594,5.836440e+05,4.501745e-02,0.0001,3.3179,1,4,9,195,43,57
1865,295,2160,0.863426,0.601,5.820829e+05,4.773315e-02,0.0001,3.3225,0,4,124,194,43,57
1866,294,2160,0.863889,0.589,5.971411e+05,5.067002e-02,0.0001,3.3209,0,7,159,193,43,57
1867,293,2160,0.864352,0.587,6.003201e+05,4.995500e-02,0.0001,3.3124,0,3,105,192,43,57
1868,292,2160,0.864815,0.605,6.029037e+05,5.416612e-02,0.0001,3.3193,2,2,4,192,43,56
1869,291,2160,0.865278,0.602,6.034990e+05,4.958437e-02,0.0001,3.3272,0,2,79,191,43,56
1870,290,2160,0.865741,0.614,6.088532e+05,4.154457e-02,0.0001,3.3288,0,8,79,190,43,56
1871,289,2160,0.866204,0.609,6.152332e+05,5.123808e-02,0.0001,3.3381,0,7,49,189,43,56
1872,288,2160,0.866667,0.595,6.183325e+05,4.836833e-02,0.0001,3.326,0,2,171,188,43,56
1873,287,2160,0.86713,0.597,6.262996e+05,4.771610e-02,0.0001,3.3333,0,1,53,187,43,56
1874,286,2160,0.867593,0.598,6.338988e+05,5.143701e-02,0.0001,3.3307,0,3,160,186,43,56
1875,285,2160,0.868056,0.602,6.356826e+05,5.446521e-02,0.0001,3.3291,2,0,4,186,43,55
1876,284,2160,0.868519,0.585,6.368567e+05,4.691808e-02,0.0001,3.3212,2,5,2,186,43,54
1877,283,2160,0.868981,0.595,6.364557e+05,4.448523e-02,0.0001,3.33,0,4,160,185,43,54
1878,282,2160,0.869444,0.606,6.511726e+05,5.837956e-02,0.0001,3.3263,2,5,1,185,43,53
1879,281,2160,0.869907,0.602,6.520042e+05,4.938232e-02,0.0001,3.3264,0,1,170,184,43,53
1880,280,2160,0.87037,0.601,6.598068e+05,5.190012e-02,0.0001,3.3335,0,0,49,183,43,53
1881,279,2160,0.870833,0.605,6.601068e+05,4.867207e-02,0.0001,3.3391,0,5,69,182,43,53
1882,278,2160,0.871296,0.588,6.811824e+05,5.332805e-02,0.0001,3.3334,0,2,128,181,43,53
1883,277,2160,0.871759,0.582,6.856600e+05,5.412036e-02,0.0001,3.3283,0,2,178,180,43,53
1884,276,2160,0.872222,0.566,6.898662e+05,5.094900e-02,0.0001,3.3241,0,3,147,179,43,53
1885,275,2160,0.872685,0.572,6.958427e+05,5.230686e-02,0.0001,3.3328,0,7,77,178,43,53
1886,274,2160,0.873148,0.581,7.003051e+05,4.952239e-02,0.0001,3.3272,0,7,21,177,43,53
1887,273,2160,0.873611,0.583,7.054305e+05,5.642746e-02,0.0001,3.3258,0,8,178,176,43,53
1888,272,2160,0.874074,0.591,7.047984e+05,2.493617e-02,0.0001,3.3211,0,5,178,175,43,53
1889,271,2160,0.874537,0.583,7.071711e+05,5.722115e-02,0.0001,3.3233,2,0,1,175,43,52
1890,270,2160,0.875,0.564,7.101290e+05,5.700404e-02,0.0001,3.3247,0,4,163,174,43,52
1891,269,2160,0.875463,0.567,7.108284e+05,4.218315e-02,0.0001,3.3298,0,5,163,173,43,52
1892,268,2160,0.875926,0.58,7.122129e+05,5.251410e-02,0.0001,3.3248,0,8,77,172,43,52
1893,267,2160,0.876389,0.587,7.137423e+05,3.580023e-02,0.0001,3.3211,0,5,77,171,43,52
1894,266,2160,0.876852,0.587,7.218340e+05,5.340830e-02,0.0001,3.337,0,4,118,170,43,52
1895,265,2160,0.877315,0.589,7.223299e+05,5.132001e-02,0.0001,3.3317,0,7,150,169,43,52
1896,264,2160,0.877778,0.594,7.242602e+05,4.515914e-02,0.0001,3.3325,0,1,150,168,43,52
1897,263,2160,0.878241,0.597,7.277928e+05,4.784581e-02,0.0001,3.3259,0,2,23,167,43,52
1898,262,2160,0.878704,0.607,7.364352e+05,4.828684e-02,0.0001,3.3164,0,2,44,166,43,52
1899,261,2160,0.879167,0.577,7.457434e+05,5.153915e-02,0.0001,3.3151,1,5,2,166,42,52
1900,260,2160,0.87963,0.576,7.453685e+05,6.177857e-02,0.0001,3.3118,0,5,90,165,42,52
1901,259,2160,0.880093,0.565,7.479420e+05,5.258614e-02,0.0001,3.3333,0,3,50,164,42,52
1902,258,2160,0.880556,0.556,7.482285e+05,4.857242e-02,0.0001,3.3637,0,2,188,163,42,52
1903,257,2160,0.881019,0.538,7.572243e+05,4.829679e-02,0.0001,3.3379,0,8,94,162,42,52
1904,256,2160,0.881481,0.544,7.693707e+05,6.074627e-02,0.0001,3.3394,0,4,34,161,42,52
1905,255,2160,0.881944,0.533,7.732335e+05,1.984927e-02,0.0001,3.3357,0,8,34,160,42,52
1906,254,2160,0.882407,0.534,7.710519e+05,5.396169e-02,0.0001,3.3214,0,2,72,159,42,52
1907,253,2160,0.88287,0.526,7.761332e+05,3.952408e-02,0.0001,3.3258,0,7,72,158,42,52
1908,252,2160,0.883333,0.528,7.767803e+05,4.660988e-02,0.0001,3.3242,1,9,2,158,41,52
1909,251,2160,0.883796,0.526,7.763742e+05,4.606177e-02,0.0001,3.3281,0,2,34,157,41,52
1910,250,2160,0.884259,0.528,7.859499e+05,4.908296e-02,0.0001,3.3182,0,9,90,156,41,52
1911,249,2160,0.884722,0.531,7.879628e+05,6.028867e-02,0.0001,3.3235,0,8,134,155,41,52
1912,248,2160,0.885185,0.514,7.895218e+05,3.842557e-02,0.0001,3.3113,0,3,134,154,41,52
1913,247,2160,0.885648,0.527,7.907675e+05,3.445943e-02,0.0001,3.3231,0,9,134,153,41,52
1914,246,2160,0.886111,0.538,7.928291e+05,5.309900e-02,0.0001,3.3222,0,0,157,152,41,52
1915,245,2160,0.886574,0.555,7.976224e+05,3.432329e-02,0.0001,3.319,0,2,157,151,41,52
1916,244,2160,0.887037,0.545,8.000013e+05,5.188277e-02,0.0001,3.3383,0,2,132,150,41,52
1917,243,2160,0.8875,0.512,8.073617e+05,5.390563e-02,0.0001,3.3291,0,2,90,149,41,52
1918,242,2160,0.887963,0.502,8.133412e+05,5.095146e-02,0.0001,3.3119,2,1,7,149,41,51
1919,241,2160,0.888426,0.508,8.119280e+05,5.218896e-02,0.0001,3.3257,2,2,9,149,41,50
1920,240,2160,0.888889,0.505,8.111213e+05,5.550419e-02,0.0001,3.3077,0,5,142,148,41,50
1921,239,2160,0.889352,0.482,8.303022e+05,6.024259e-02,0.0001,3.3387,0,8,68,147,41,50
1922,238,2160,0.889815,0.478,8.314842e+05,5.277107e-02,0.0001,3.3162,0,0,47,146,41,50
1923,237,2160,0.890278,0.485,8.397207e+05,5.690385e-02,0.0001,3.3308,0,1,93,145,41,50
1924,236,2160,0.890741,0.491,8.431335e+05,6.695512e-02,0.0001,3.3354,0,8,174,144,41,50
1925,235,2160,0.891204,0.485,8.421508e+05,5.327468e-02,0.0001,3.3363,0,3,174,143,41,50
1926,234,2160,0.891667,0.483,8.426233e+05,5.506168e-02,0.0001,3.3275,0,1,174,142,41,50
1927,233,2160,0.89213,0.485,8.404035e+05,5.203026e-02,0.0001,3.3264,0,7,174,141,41,50
1928,232,2160,0.892593,0.481,8.409414e+05,5.171411e-02,0.0001,3.3328,0,7,85,140,41,50
1929,231,2160,0.893056,0.483,8.485905e+05,5.252339e-02,0.0001,3.3331,1,7,5,140,40,50
1930,230,2160,0.893519,0.476,8.480008e+05,5.743634e-02,0.0001,3.3265,0,2,93,139,40,50
1931,229,2160,0.893981,0.489,8.496836e+05,3.138701e-02,0.0001,3.3217,0,8,93,138,40,50
1932,228,2160,0.894444,0.473,8.526511e+05,4.904523e-02,0.0001,3.3277,0,7,175,137,40,50
1933,227,2160,0.894907,0.478,8.583285e+05,4.515673e-02,0.0001,3.3395,0,3,175,136,40,50
1934,226,2160,0.89537,0.475,8.589011e+05,5.102444e-02,0.0001,3.3281,2,4,8,136,40,49
1935,225,2160,0.895833,0.476,8.587533e+05,5.121552e-02,0.0001,3.3359,0,8,38,135,40,49
1936,224,2160,0.896296,0.469,8.759058e+05,6.305357e-02,0.0001,3.3194,0,8,119,134,40,49
1937,223,2160,0.896759,0.491,8.793200e+05,5.471256e-02,0.0001,3.3077,0,4,144,133,40,49
1938,222,2160,0.897222,0.479,9.047604e+05,5.952775e-02,0.0001,3.3261,0,9,67,132,40,49
1939,221,2160,0.897685,0.474,9.055029e+05,5.082265e-02,0.0001,3.3379,0,0,67,131,40,49
1940,220,2160,0.898148,0.474,9.056644e+05,4.871742e-02,0.0001,3.3213,0,1,119,130,40,49
1941,219,2160,0.898611,0.462,9.078643e+05,3.721798e-02,0.0001,3.3232,0,5,119,129,40,49
1942,218,2160,0.899074,0.455,9.191686e+05,5.090911e-02,0.0001,3.3305,1,6,5,129,39,49
1943,217,2160,0.899537,0.456,9.201948e+05,5.677847e-02,0.0001,3.3156,2,9,4,129,39,48
1944,216,2160,0.9,0.454,9.206674e+05,6.155776e-02,0.0001,3.3343,0,5,33,128,39,48
1945,215,2160,0.900463,0.44,9.405353e+05,3.027191e-02,0.0001,3.3281,0,1,33,127,39,48
1946,214,2160,0.900926,0.43,9.375611e+05,5.275122e-02,0.0001,3.3266,1,5,5,127,38,48
1947,213,2160,0.901389,0.435,9.380088e+05,5.912946e-02,0.0001,3.3259,2,5,7,127,38,47
1948,212,2160,0.901852,0.431,9.404301e+05,5.871630e-02,0.0001,3.3315,2,1,4,127,38,46
1949,211,2160,0.902315,0.426,9.406857e+05,5.494360e-02,0.0001,3.333,0,1,146,126,38,46
1950,210,2160,0.902778,0.436,9.431881e+05,5.720527e-02,0.0001,3.3246,0,4,20,125,38,46
1951,209,2160,0.903241,0.429,9.700340e+05,6.729280e-02,0.0001,3.3237,0,5,67,124,38,46
1952,208,2160,0.903704,0.422,9.869768e+05,3.148395e-02,0.0001,3.3322,0,3,67,123,38,46
1953,207,2160,0.904167,0.426,9.841978e+05,5.678718e-02,0.0001,3.3305,0,8,106,122,38,46
1954,206,2160,0.90463,0.392,1.007090e+06,5.760644e-02,0.0001,3.3317,0,7,114,121,38,46
1955,205,2160,0.905093,0.393,1.016720e+06,5.669869e-02,0.0001,3.3329,0,9,66,120,38,46
1956,204,2160,0.905556,0.389,1.028143e+06,5.815725e-02,0.0001,3.3419,2,9,9,120,38,45
1957,203,2160,0.906019,0.389,1.027801e+06,6.940008e-02,0.0001,3.3368,2,2,1,120,38,44
1958,202,2160,0.906481,0.388,1.030339e+06,7.645088e-02,0.0001,3.3329,0,4,116,119,38,44
1959,201,2160,0.906944,0.386,1.034481e+06,7.180226e-02,0.0001,3.3314,2,5,5,119,38,43
1960,200,2160,0.907407,0.375,1.039742e+06,6.459618e-02,0.0001,3.3126,0,3,91,118,38,43
1961,199,2160,0.90787,0.38,1.040995e+06,6.039705e-02,0.0001,3.3294,0,9,51,117,38,43
1962,198,2160,0.908333,0.382,1.048430e+06,5.830370e-02,0.0001,3.3435,0,8,116,116,38,43
1963,197,2160,0.908796,0.369,1.068294e+06,6.043926e-02,0.0001,3.3203,0,7,151,115,38,43
1964,196,2160,0.909259,0.369,1.075189e+06,6.600079e-02,0.0001,3.3197,0,0,48,114,38,43
1965,195,2160,0.909722,0.377,1.082003e+06,5.842391e-02,0.0001,3.321,0,1,151,113,38,43
1966,194,2160,0.910185,0.368,1.086280e+06,6.090796e-02,0.0001,3.3256,2,1,6,113,38,42
1967,193,2160,0.910648,0.365,1.085958e+06,6.361013e-02,0.0001,3.3357,0,1,138,112,38,42
1968,192,2160,0.911111,0.368,1.085662e+06,6.448886e-02,0.0001,3.3186,0,3,129,111,38,42
1969,191,2160,0.911574,0.366,1.087271e+06,4.825728e-02,0.0001,3.3192,0,4,129,110,38,42
1970,190,2160,0.912037,0.357,1.100788e+06,6.178832e-02,0.0001,3.3185,0,7,110,109,38,42
1971,189,2160,0.9125,0.356,1.111483e+06,6.166254e-02,0.0001,3.3339,0,9,177,108,38,42
1972,188,2160,0.912963,0.357,1.126578e+06,6.346231e-02,0.0001,3.326,2,8,9,108,38,41
1973,187,2160,0.913426,0.365,1.126892e+06,6.703772e-02,0.0001,3.3226,0,4,78,107,38,41
1974,186,2160,0.913889,0.348,1.152636e+06,6.001585e-02,0.0001,3.3342,0,7,78,106,38,41
1975,185,2160,0.914352,0.341,1.157911e+06,6.249591e-02,0.0001,3.3193,0,7,88,105,38,41
1976,184,2160,0.914815,0.337,1.169151e+06,6.274203e-02,0.0001,3.3342,0,5,175,104,38,41
1977,183,2160,0.915278,0.339,1.203380e+06,6.211538e-02,0.0001,3.33,0,1,39,103,38,41
1978,182,2160,0.915741,0.323,1.212664e+06,6.595492e-02,0.0001,3.3409,0,1,22,102,38,41
1979,181,2160,0.916204,0.31,1.222312e+06,6.159004e-02,0.0001,3.3308,0,7,22,101,38,41
1980,180,2160,0.916667,0.312,1.230139e+06,6.812853e-02,0.0001,3.3316,2,7,1,101,38,40
1981,179,2160,0.91713,0.316,1.230493e+06,6.254830e-02,0.0001,3.3352,1,7,2,101,37,40
1982,178,2160,0.917593,0.317,1.230654e+06,6.651745e-02,0.0001,3.3401,2,4,7,101,37,39
1983,177,2160,0.918056,0.312,1.230123e+06,6.718476e-02,0.0001,3.3215,0,8,54,100,37,39
1984,176,2160,0.918519,0.289,1.256034e+06,6.551661e-02,0.0001,3.3244,0,9,190,99,37,39
1985,175,2160,0.918981,0.277,1.274408e+06,6.180421e-02,0.0001,3.3251,0,7,54,98,37,39
1986,174,2160,0.919444,0.268,1.282783e+06,6.491544e-02,0.0001,3.3271,1,1,0,98,36,39
1987,173,2160,0.919907,0.266,1.282800e+06,8.599863e-02,0.0001,3.3228,0,8,136,97,36,39
1988,172,2160,0.92037,0.27,1.286888e+06,4.775850e-02,0.0001,3.3418,0,0,136,96,36,39
1989,171,2160,0.920833,0.263,1.284884e+06,4.781872e-02,0.0001,3.3266,0,3,136,95,36,39
1990,170,2160,0.921296,0.254,1.290058e+06,6.237964e-02,0.0001,3.3354,0,3,80,94,36,39
1991,169,2160,0.921759,0.258,1.293825e+06,6.450153e-02,0.0001,3.3463,1,5,4,94,35,39
1992,168,2160,0.922222,0.254,1.294570e+06,6.517556e-02,0.0001,3.3478,1,7,9,94,34,39
1993,167,2160,0.922685,0.251,1.294206e+06,6.500588e-02,0.0001,3.3325,0,7,45,93,34,39
1994,166,2160,0.923148,0.254,1.305061e+06,8.159208e-02,0.0001,3.3354,2,8,4,93,34,38
1995,165,2160,0.923611,0.247,1.308052e+06,8.401579e-02,0.0001,3.3326,0,8,165,92,34,38
1996,164,2160,0.924074,0.258,1.311296e+06,3.679086e-02,0.0001,3.3241,0,4,165,91,34,38
1997,163,2160,0.924537,0.258,1.316021e+06,6.752737e-02,0.0001,3.3398,0,3,60,90,34,38
1998,162,2160,0.925,0.263,1.321926e+06,5.359609e-02,0.0001,3.3284,0,4,60,89,34,38
1999,161,2160,0.925463,0.273,1.339422e+06,6.503611e-02,0.0001,3.339,0,2,58,88,34,38
2000,160,2160,0.925926,0.256,1.362750e+06,6.936813e-02,0.0001,3.3346,0,7,74,87,34,38
2001,159,2160,0.926389,0.247,1.376634e+06,6.997755e-02,0.0001,3.322,0,2,31,86,34,38
2002,158,2160,0.926852,0.234,1.404335e+06,7.090985e-02,0.0001,3.3148,0,3,145,85,34,38
2003,157,2160,0.927315,0.232,1.422400e+06,7.513826e-02,0.0001,3.3308,0,3,61,84,34,38
2004,156,2160,0.927778,0.231,1.429587e+06,6.186025e-02,0.0001,3.3335,0,4,61,83,34,38
2005,155,2160,0.928241,0.237,1.454436e+06,8.402722e-02,0.0001,3.3133,0,4,80,82,34,38
2006,154,2160,0.928704,0.237,1.459345e+06,7.301310e-02,0.0001,3.3402,0,7,73,81,34,38
2007,153,2160,0.929167,0.234,1.474132e+06,8.262702e-02,0.0001,3.3245,0,2,105,80,34,38
2008,152,2160,0.92963,0.231,1.485919e+06,8.856142e-02,0.0001,3.3233,0,2,138,79,34,38
2009,151,2160,0.930093,0.249,1.490600e+06,5.012146e-02,0.0001,3.3323,0,4,138,78,34,38
2010,150,2160,0.930556,0.246,1.501519e+06,6.250840e-02,0.0001,3.3464,0,7,138,77,34,38
2011,149,2160,0.931019,0.244,1.513235e+06,8.781097e-02,0.0001,3.3284,0,4,89,76,34,38
2012,148,2160,0.931481,0.237,1.516897e+06,2.900004e-02,0.0001,3.3218,0,5,89,75,34,38
2013,147,2160,0.931944,0.235,1.522119e+06,9.425434e-02,0.0001,3.3282,0,5,105,74,34,38
2014,146,2160,0.932407,0.223,1.532061e+06,3.878781e-02,0.0001,3.3313,0,1,105,73,34,38
2015,145,2160,0.93287,0.216,1.528204e+06,7.163956e-02,0.0001,3.3243,2,6,9,73,34,37
2016,144,2160,0.933333,0.216,1.527633e+06,7.458791e-02,0.0001,3.3173,0,2,127,72,34,37
2017,143,2160,0.933796,0.202,1.563533e+06,9.421732e-02,0.0001,3.3259,0,5,159,71,34,37
2018,142,2160,0.934259,0.202,1.574144e+06,8.854625e-02,0.0001,3.3239,0,8,159,70,34,37
2019,141,2160,0.934722,0.202,1.567035e+06,4.863840e-02,0.0001,3.3279,0,2,159,69,34,37
2020,140,2160,0.935185,0.209,1.578363e+06,7.678623e-02,0.0001,3.3272,0,3,149,68,34,37
2021,139,2160,0.935648,0.21,1.601337e+06,7.794598e-02,0.0001,3.3227,0,1,164,67,34,37
2022,138,2160,0.936111,0.207,1.623895e+06,8.659993e-02,0.0001,3.3284,0,1,100,66,34,37
2023,137,2160,0.936574,0.205,1.633292e+06,8.463691e-02,0.0001,3.3225,0,7,124,65,34,37
2024,136,2160,0.937037,0.211,1.650831e+06,8.380050e-02,0.0001,3.3335,1,7,6,65,33,37
2025,135,2160,0.9375,0.207,1.651876e+06,8.619097e-02,0.0001,3.3275,1,5,9,65,32,37
2026,134,2160,0.937963,0.202,1.654794e+06,9.095807e-02,0.0001,3.3297,1,1,1,65,31,37
2027,133,2160,0.938426,0.204,1.654061e+06,8.581111e-02,0.0001,3.339,0,8,173,64,31,37
2028,132,2160,0.938889,0.195,1.709869e+06,1.148244e-01,0.0001,3.327,0,8,80,63,31,37
2029,131,2160,0.939352,0.196,1.715358e+06,2.691324e-02,0.0001,3.3272,0,2,80,62,31,37
2030,130,2160,0.939815,0.197,1.715944e+06,8.838403e-02,0.0001,3.3341,1,1,7,62,30,37
2031,129,2160,0.940278,0.203,1.716234e+06,8.782414e-02,0.0001,3.3297,0,3,21,61,30,37
2032,128,2160,0.940741,0.21,1.745561e+06,1.157261e-01,0.0001,3.3375,0,8,117,60,30,37
2033,127,2160,0.941204,0.205,1.751746e+06,4.032860e-02,0.0001,3.3445,0,4,117,59,30,37
2034,126,2160,0.941667,0.201,1.760537e+06,9.870244e-02,0.0001,3.3213,0,3,62,58,30,37
2035,125,2160,0.94213,0.194,1.773668e+06,6.775247e-02,0.0001,3.3228,0,4,62,57,30,37
2036,124,2160,0.942593,0.191,1.807717e+06,9.529108e-02,0.0001,3.3227,2,2,8,57,30,36
2037,123,2160,0.943056,0.192,1.809079e+06,9.232491e-02,0.0001,3.335,1,6,0,57,29,36
2038,122,2160,0.943519,0.183,1.811170e+06,9.657548e-02,0.0001,3.3262,0,7,156,56,29,36
2039,121,2160,0.943981,0.197,1.830975e+06,9.765001e-02,0.0001,3.3086,2,4,2,56,29,35
2040,120,2160,0.944444,0.195,1.830194e+06,1.083760e-01,0.0001,3.3175,0,0,146,55,29,35
2041,119,2160,0.944907,0.191,1.832968e+06,6.582964e-02,0.0001,3.3289,0,5,146,54,29,35
2042,118,2160,0.94537,0.196,1.876110e+06,9.378432e-02,0.0001,3.3311,1,8,4,54,28,35
2043,117,2160,0.945833,0.203,1.877143e+06,1.316063e-01,0.0001,3.3286,0,8,100,53,28,35
2044,116,2160,0.946296,0.201,1.878100e+06,2.501211e-02,0.0001,3.328,0,9,100,52,28,35
2045,115,2160,0.946759,0.202,1.877492e+06,9.531560e-02,0.0001,3.3227,2,7,9,52,28,34
2046,114,2160,0.947222,0.202,1.876347e+06,9.648235e-02,0.0001,3.334,0,2,150,51,28,34
2047,113,2160,0.947685,0.193,1.940475e+06,1.221488e-01,0.0001,3.3304,2,8,7,51,28,33
2048,112,2160,0.948148,0.178,1.964232e+06,1.015439e-01,0.0001,3.3277,1,2,2,51,27,33
2049,111,2160,0.948611,0.169,1.962630e+06,1.072914e-01,0.0001,3.3239,1,8,1,51,26,33
2050,110,2160,0.949074,0.169,1.960483e+06,1.038428e-01,0.0001,3.3291,0,7,75,50,26,33
2051,109,2160,0.949537,0.138,1.990973e+06,1.309106e-01,0.0001,3.327,0,5,118,49,26,33
2052,108,2160,0.95,0.135,1.997456e+06,1.259842e-01,0.0001,3.3323,0,2,118,48,26,33
2053,107,2160,0.950463,0.151,2.010722e+06,1.516666e-01,0.0001,3.3481,0,5,132,47,26,33
2054,106,2160,0.950926,0.127,2.018604e+06,3.470362e-02,0.0001,3.3392,0,4,132,46,26,33
2055,105,2160,0.951389,0.129,2.018602e+06,9.826159e-02,0.0001,3.3344,0,1,118,45,26,33
2056,104,2160,0.951852,0.121,2.016925e+06,3.498736e-02,0.0001,3.3354,0,8,118,44,26,33
2057,103,2160,0.952315,0.118,2.023193e+06,1.039785e-01,0.0001,3.3319,1,9,8,44,25,33
2058,102,2160,0.952778,0.117,2.022865e+06,1.235317e-01,0.0001,3.3393,2,3,3,44,25,32
2059,101,2160,0.953241,0.109,2.037281e+06,1.036256e-01,0.0001,3.3334,0,7,87,43,25,32
2060,100,2160,0.953704,0.094,2.066294e+06,1.114433e-01,0.0001,3.3315,2,4,5,43,25,31
2061,99,2160,0.954167,0.094,2.065333e+06,1.209434e-01,0.0001,3.3259,0,2,91,42,25,31
2062,98,2160,0.95463,0.097,2.087771e+06,1.213929e-01,0.0001,3.3177,1,7,8,42,24,31
2063,97,2160,0.955093,0.096,2.087199e+06,1.281347e-01,0.0001,3.3258,0,2,163,41,24,31
2064,96,2160,0.955556,0.091,2.095419e+06,1.103390e-01,0.0001,3.343,0,7,86,40,24,31
2065,95,2160,0.956019,0.093,2.129015e+06,1.102122e-01,0.0001,3.3276,2,7,8,40,24,30
2066,94,2160,0.956481,0.094,2.126549e+06,1.207696e-01,0.0001,3.3284,0,7,50,39,24,30
2067,93,2160,0.956944,0.089,2.135675e+06,2.501381e-01,0.0001,3.321,2,8,3,39,24,29
2068,92,2160,0.957407,0.092,2.197054e+06,1.040841e-01,0.0001,3.3224,2,0,3,39,24,28
2069,91,2160,0.95787,0.095,2.211103e+06,4.064916e-02,0.0001,3.3369,2,2,6,39,24,27
2070,90,2160,0.958333,0.099,2.201468e+06,1.028878e-01,0.0001,3.3308,2,3,2,39,24,26
2071,89,2160,0.958796,0.099,2.196481e+06,1.323427e-01,0.0001,3.3249,0,5,50,38,24,26
2072,88,2160,0.959259,0.102,2.197271e+06,8.903223e-02,0.0001,3.3383,1,7,0,38,23,26
2073,87,2160,0.959722,0.101,2.193686e+06,1.139689e-01,0.0001,3.3278,2,9,1,38,23,25
2074,86,2160,0.960185,0.103,2.200148e+06,1.225705e-01,0.0001,3.3274,0,7,51,37,23,25
2075,85,2160,0.960648,0.106,2.208203e+06,1.550715e-01,0.0001,3.3274,0,8,163,36,23,25
2076,84,2160,0.961111,0.107,2.214907e+06,4.678199e-02,0.0001,3.326,0,1,163,35,23,25
2077,83,2160,0.961574,0.106,2.210219e+06,1.223349e-01,0.0001,3.3261,0,2,142,34,23,25
2078,82,2160,0.962037,0.101,2.294234e+06,1.656144e-01,0.0001,3.3252,2,5,4,34,23,24
2079,81,2160,0.9625,0.108,2.322808e+06,8.538994e-02,0.0001,3.3245,0,7,48,33,23,24
2080,80,2160,0.962963,0.117,2.318230e+06,1.025827e-01,0.0001,3.318,0,1,63,32,23,24
2081,79,2160,0.963426,0.115,2.313152e+06,1.496059e-01,0.0001,3.3384,0,4,91,31,23,24
2082,78,2160,0.963889,0.112,2.320265e+06,8.785017e-02,0.0001,3.3294,0,1,91,30,23,24
2083,77,2160,0.964352,0.111,2.312480e+06,9.219476e-02,0.0001,3.3291,1,6,2,30,22,24
2084,76,2160,0.964815,0.113,2.311072e+06,1.157411e-01,0.0001,3.3412,0,9,63,29,22,24
2085,75,2160,0.965278,0.109,2.364065e+06,1.214718e-01,0.0001,3.33,0,7,76,28,22,24
2086,74,2160,0.965741,0.114,2.402123e+06,1.248613e-01,0.0001,3.3352,1,6,3,28,21,24
2087,73,2160,0.966204,0.116,2.398315e+06,1.253895e-01,0.0001,3.3255,0,4,137,27,21,24
2088,72,2160,0.966667,0.116,2.523962e+06,1.634096e-01,0.0001,3.3203,2,3,1,27,21,23
2089,71,2160,0.96713,0.118,2.537139e+06,1.457447e-01,0.0001,3.3363,1,8,7,27,20,23
2090,70,2160,0.967593,0.116,2.535403e+06,2.501596e-01,0.0001,3.3148,0,5,128,26,20,23
2091,69,2160,0.968056,0.114,2.660913e+06,1.313401e-01,0.0001,3.3434,2,5,9,26,20,22
2092,68,2160,0.968519,0.111,2.616260e+06,1.128093e-01,0.0001,3.3287,1,9,7,26,19,22
2093,67,2160,0.968981,0.111,2.603432e+06,6.186130e-02,0.0001,3.3354,1,2,7,26,18,22
2094,66,2160,0.969444,0.111,2.594906e+06,1.197955e-01,0.0001,3.3273,0,7,35,25,18,22
2095,65,2160,0.969907,0.112,2.603995e+06,1.530240e-01,0.0001,3.3414,2,3,7,25,18,21
2096,64,2160,0.97037,0.114,2.607514e+06,9.858632e-02,0.0001,3.3301,2,3,4,25,18,20
2097,63,2160,0.970833,0.094,2.736799e+06,1.381690e-01,0.0001,3.3265,1,7,7,25,17,20
2098,62,2160,0.971296,0.093,2.741356e+06,2.479296e-01,0.0001,3.3217,0,4,95,24,17,20
2099,61,2160,0.971759,0.088,2.752111e+06,4.736300e-02,0.0001,3.3361,0,8,95,23,17,20
2100,60,2160,0.972222,0.088,2.746131e+06,1.514599e-01,0.0001,3.3319,0,5,68,22,17,20
2101,59,2160,0.972685,0.087,3.027968e+06,1.515285e-01,0.0001,3.3312,0,9,174,21,17,20
2102,58,2160,0.973148,0.087,3.173435e+06,2.770395e-01,0.0001,3.325,0,5,35,20,17,20
2103,57,2160,0.973611,0.087,3.188017e+06,1.025992e-01,0.0001,3.3275,0,9,35,19,17,20
2104,56,2160,0.974074,0.087,3.261107e+06,1.495848e-01,0.0001,3.3304,0,0,172,18,17,20
2105,55,2160,0.974537,0.087,3.489616e+06,1.720405e-01,0.0001,3.3251,0,6,161,17,17,20
2106,54,2160,0.975,0.087,3.641774e+06,1.847579e-01,0.0001,3.3151,0,6,19,16,17,20
2107,53,2160,0.975463,0.087,3.838735e+06,1.784349e-01,0.0001,3.3279,1,6,4,16,16,20
2108,52,2160,0.975926,0.087,3.831234e+06,2.064690e-01,0.0001,3.3158,0,3,51,15,16,20
2109,51,2160,0.976389,0.087,3.886519e+06,2.142801e-01,0.0001,3.346,0,3,48,14,16,20
2110,50,2160,0.976852,0.087,3.943128e+06,2.174161e-01,0.0001,3.3516,0,2,49,13,16,20
2111,49,2160,0.977315,0.087,3.982314e+06,2.047405e-01,0.0001,3.341,1,4,0,13,15,20
2112,48,2160,0.977778,0.087,3.964637e+06,1.813923e-01,0.0001,3.3426,1,1,9,13,14,20
2113,47,2160,0.978241,0.087,3.934206e+06,2.085805e-01,0.0001,3.3425,0,8,82,12,14,20
2114,46,2160,0.978704,0.087,4.532836e+06,4.088861e-01,0.0001,3.3574,0,4,131,11,14,20
2115,45,2160,0.979167,0.087,4.536514e+06,1.504127e-01,0.0001,3.3405,0,8,131,10,14,20
2116,44,2160,0.97963,0.087,4.794026e+06,5.754775e-01,0.0001,3.3384,0,5,49,9,14,20
2117,43,2160,0.980093,0.087,4.889656e+06,1.837815e-01,0.0001,3.3371,0,8,49,8,14,20
2118,42,2160,0.980556,0.087,5.194788e+06,3.378792e-01,0.0001,3.3576,2,9,5,8,14,19
2119,41,2160,0.981019,0.087,5.106102e+06,7.554454e-01,0.0001,3.3493,0,9,120,7,14,19
2120,40,2160,0.981481,0.087,4.986340e+06,3.420182e-01,0.0001,3.34,1,8,8,7,13,19
2121,39,2160,0.981944,0.087,4.572264e+06,8.379420e-01,0.0001,3.3503,0,0,50,6,13,19
2122,38,2160,0.982407,0.087,3.805956e+06,1.013715e+00,0.0001,3.3405,2,7,5,6,13,18
2123,37,2160,0.98287,0.087,3.403923e+06,1.201734e+00,0.0001,3.3446,2,6,7,6,13,17
2124,36,2160,0.983333,0.087,2.877745e+06,6.504101e-01,0.0001,3.3524,0,1,90,5,13,17
2125,35,2160,0.983796,0.087,2.798371e+06,2.163076e-01,0.0001,3.3383,2,4,1,5,13,16
2126,34,2160,0.984259,0.087,2.775721e+06,1.008790e-01,0.0001,3.3374,2,7,7,5,13,15
2127,33,2160,0.984722,0.087,2.762714e+06,1.706979e-01,0.0001,3.3538,0,1,51,4,13,15
2128,32,2160,0.985185,0.087,2.821138e+06,3.095342e-01,0.0001,3.3414,0,1,48,3,13,15
2129,31,2160,0.985648,0.087,2.922253e+06,3.518939e-01,0.0001,3.3453,1,7,1,3,12,15
2130,30,2160,0.986111,0.087,2.858749e+06,4.457745e-01,0.0001,3.3483,0,7,128,2,12,15
2131,29,2160,0.986574,0.087,2.848951e+06,3.795015e-01,0.0001,3.3531,2,9,7,2,12,14
2132,28,2160,0.987037,0.087,2.783329e+06,9.471927e-01,0.0001,3.3542,1,1,8,2,11,14
2133,27,2160,0.9875,0.087,2.696754e+06,1.200435e-01,0.0001,3.3395,0,8,120,1,11,14
2134,26,2160,0.987963,0.087,2.691133e+06,1.595893e-01,0.0001,3.3357,0,8,50,0,11,14
2135,25,2160,0.988426,0.087,2.700437e+06,1.320643e-01,0.0001,0.0179,1,2,8,0,10,14
2136,24,2160,0.988889,0.087,2.700437e+06,1.772033e-01,0.0001,0.0186,2,1,2,0,10,13
2137,23,2160,0.989352,0.087,2.700437e+06,2.635743e-01,0.0001,0.0182,1,5,8,0,9,13
2138,22,2160,0.989815,0.087,2.700437e+06,2.834043e-01,0.0001,3.3568,2,4,4,0,9,12
2139,21,2160,0.990278,0.087,2.699072e+06,3.319691e-01,0.0001,3.3524,2,9,6,0,9,11
2140,20,2160,0.990741,0.087,2.698418e+06,3.930168e-01,0.0001,0.0182,1,6,7,0,8,11
2141,19,2160,0.991204,0.087,2.698430e+06,3.959865e-01,0.0001,0.0182,1,5,3,0,7,11
2142,18,2160,0.991667,0.087,2.698430e+06,4.806544e-01,0.0001,3.3401,2,5,3,0,7,10
2143,17,2160,0.99213,0.107,2.845799e+06,5.504957e-01,0.0001,3.3477,2,6,5,0,7,9
2144,16,2160,0.992593,0.087,2.715869e+06,5.543527e-01,0.0001,3.3524,2,4,6,0,7,8
2145,15,2160,0.993056,0.087,2.699228e+06,5.572851e-01,0.0001,0.0771,2,5,8,0,7,7
2146,14,2160,0.993519,0.087,2.699228e+06,6.401435e-01,0.0001,3.356,2,1,5,0,7,6
2147,13,2160,0.993981,0.087,2.697938e+06,7.067605e-01,0.0001,0.0784,2,6,1,0,7,5
2148,12,2160,0.994444,0.087,2.697938e+06,1.026024e+00,0.0001,3.3485,1,3,6,0,6,5
2149,11,2160,0.994907,0.087,2.697835e+06,1.343501e+00,0.0001,0.9566,1,3,0,0,5,5
2150,10,2160,0.99537,0.087,2.697833e+06,1.518106e+00,0.0001,1.9537,1,4,1,0,4,5
2151,9,2160,0.995833,0.087,2.697827e+06,1.549699e+00,0.0001,3.3546,2,1,3,0,4,4
2152,8,2160,0.996296,0.087,2.816467e+06,1.543766e+00,0.0001,3.3553,1,3,9,0,3,4
2153,7,2160,0.996759,0.087,2.702112e+06,1.986569e+00,0.0001,3.3502,1,4,2,0,2,4
2154,6,2160,0.997222,0.087,2.697980e+06,1.906947e+00,0.0001,3.3311,2,9,3,0,2,3
2155,5,2160,0.997685,0.087,2.739800e+06,1.917053e+00,0.0001,3.3443,1,3,4,0,1,3
2156,4,2160,0.998148,0.087,2.698277e+06,2.137960e+00,0.0001,3.3229,2,7,3,0,1,2
2157,3,2160,0.998611,0.087,2.703102e+06,3.475345e+00,0.0001,1.72,1,3,5,0,0,2
2158,2,2160,0.999074,0.087,2.697825e+06,3.417829e+00,0.0001,1.8907,2,6,4,0,0,1
2159,1,2160,0.999537,0.087,2.697826e+06,5.572164e+00,0.0001,0.6788,2,4,3,0,0,0
