step,NZ,total_W,sparsity,val_acc,d_manifold,d_W,prune_time_s,adjust_time_s,candidate_layer,candidate_i,candidate_j,layer_0_NZ,layer_1_NZ,layer_2_NZ
0,2160,2160,0.0,0.916,0.000000e+00,5.689984e-05,1.0316,0.8459,0,6,0,1959,100,100
1,2159,2160,0.000463,0.916,0.000000e+00,1.110331e-02,0.4326,0.0922,0,6,1,1958,100,100
2,2158,2160,0.000926,0.916,0.000000e+00,3.423426e-03,0.4333,0.0786,0,6,2,1957,100,100
3,2157,2160,0.001389,0.916,0.000000e+00,4.966523e-03,0.4347,0.0839,0,6,3,1956,100,100
4,2156,2160,0.001852,0.916,0.000000e+00,2.492971e-03,0.4256,0.0818,0,6,4,1955,100,100
5,2155,2160,0.002315,0.916,0.000000e+00,1.435691e-02,0.4247,0.0836,0,6,5,1954,100,100
6,2154,2160,0.002778,0.916,0.000000e+00,7.026572e-05,0.4129,0.0832,0,6,6,1953,100,100
7,2153,2160,0.003241,0.916,0.000000e+00,7.540648e-03,0.3999,0.0801,0,6,7,1952,100,100
8,2152,2160,0.003704,0.916,0.000000e+00,3.490606e-03,0.3928,0.0857,0,6,8,1951,100,100
9,2151,2160,0.004167,0.916,0.000000e+00,3.630354e-03,0.3877,0.0845,0,6,9,1950,100,100
10,2150,2160,0.00463,0.916,0.000000e+00,7.726777e-03,0.4074,0.0829,0,6,10,1949,100,100
11,2149,2160,0.005093,0.916,0.000000e+00,1.626251e-02,0.395,0.0836,0,6,11,1948,100,100
12,2148,2160,0.005556,0.916,0.000000e+00,1.198841e-02,0.3925,0.0825,0,6,12,1947,100,100
13,2147,2160,0.006019,0.916,0.000000e+00,6.619408e-03,0.3966,0.0844,0,6,14,1946,100,100
14,2146,2160,0.006481,0.916,0.000000e+00,6.511355e-04,0.4084,0.0865,0,6,15,1945,100,100
15,2145,2160,0.006944,0.916,0.000000e+00,2.399735e-03,0.4027,0.0826,0,6,18,1944,100,100
16,2144,2160,0.007407,0.916,0.000000e+00,1.631799e-02,0.4017,0.0842,0,6,19,1943,100,100
17,2143,2160,0.00787,0.916,0.000000e+00,9.800349e-03,0.408,0.0826,0,6,13,1942,100,100
18,2142,2160,0.008333,0.916,0.000000e+00,1.799538e-03,0.4019,0.0833,0,6,20,1941,100,100
19,2141,2160,0.008796,0.916,0.000000e+00,5.734072e-05,0.3955,0.0811,0,6,21,1940,100,100
20,2140,2160,0.009259,0.916,0.000000e+00,1.016928e-03,0.4027,0.0798,0,6,23,1939,100,100
21,2139,2160,0.009722,0.916,0.000000e+00,1.921759e-03,0.3958,0.0819,0,6,24,1938,100,100
22,2138,2160,0.010185,0.916,0.000000e+00,1.181205e-02,0.4118,0.0816,0,6,25,1937,100,100
23,2137,2160,0.010648,0.916,0.000000e+00,1.062031e-02,0.4084,0.0822,0,6,16,1936,100,100
24,2136,2160,0.011111,0.916,0.000000e+00,7.583330e-03,0.3963,0.0831,0,6,26,1935,100,100
25,2135,2160,0.011574,0.916,0.000000e+00,2.017391e-02,0.398,0.0836,0,6,27,1934,100,100
26,2134,2160,0.012037,0.916,0.000000e+00,7.796101e-03,0.4042,0.0804,0,6,17,1933,100,100
27,2133,2160,0.0125,0.916,0.000000e+00,1.503972e-02,0.4654,0.0816,0,6,22,1932,100,100
28,2132,2160,0.012963,0.916,0.000000e+00,1.355160e-04,0.4075,0.0829,0,6,28,1931,100,100
29,2131,2160,0.013426,0.916,0.000000e+00,6.134243e-03,0.3979,0.0823,0,6,31,1930,100,100
30,2130,2160,0.013889,0.916,0.000000e+00,5.334481e-03,0.4132,0.0817,0,6,29,1929,100,100
31,2129,2160,0.014352,0.916,0.000000e+00,7.025445e-03,0.3934,0.0847,0,6,30,1928,100,100
32,2128,2160,0.014815,0.916,0.000000e+00,1.041372e-02,0.4052,0.0807,0,6,35,1927,100,100
33,2127,2160,0.015278,0.916,0.000000e+00,9.759305e-04,0.41,0.0835,0,6,33,1926,100,100
34,2126,2160,0.015741,0.916,0.000000e+00,3.354483e-03,0.4051,0.0845,0,6,36,1925,100,100
35,2125,2160,0.016204,0.916,0.000000e+00,2.089038e-03,0.4029,0.0833,0,6,38,1924,100,100
36,2124,2160,0.016667,0.916,0.000000e+00,6.755160e-04,0.404,0.082,0,6,40,1923,100,100
37,2123,2160,0.01713,0.916,0.000000e+00,2.717119e-03,0.3889,0.0812,0,6,43,1922,100,100
38,2122,2160,0.017593,0.916,0.000000e+00,2.363296e-03,0.3943,0.0801,0,6,37,1921,100,100
39,2121,2160,0.018056,0.916,0.000000e+00,7.465823e-03,0.4088,0.0834,0,6,41,1920,100,100
40,2120,2160,0.018519,0.916,0.000000e+00,1.956499e-03,0.3885,0.0795,0,6,42,1919,100,100
41,2119,2160,0.018981,0.916,0.000000e+00,1.027037e-02,0.3908,0.0825,0,6,46,1918,100,100
42,2118,2160,0.019444,0.916,0.000000e+00,1.137846e-02,0.3952,0.0829,0,6,32,1917,100,100
43,2117,2160,0.019907,0.916,0.000000e+00,1.137068e-02,0.4029,0.0827,0,6,44,1916,100,100
44,2116,2160,0.02037,0.916,0.000000e+00,1.922522e-02,0.3977,0.0917,0,6,47,1915,100,100
45,2115,2160,0.020833,0.917,0.000000e+00,3.417794e-02,0.4187,0.0811,0,6,39,1914,100,100
46,2114,2160,0.021296,0.917,0.000000e+00,8.131019e-03,0.408,0.0818,0,6,48,1913,100,100
47,2113,2160,0.021759,0.917,0.000000e+00,1.728683e-02,0.3994,0.0829,0,6,45,1912,100,100
48,2112,2160,0.022222,0.917,0.000000e+00,1.059461e-04,0.3951,0.082,0,6,51,1911,100,100
49,2111,2160,0.022685,0.917,0.000000e+00,8.400211e-04,0.4088,0.082,0,6,53,1910,100,100
50,2110,2160,0.023148,0.917,0.000000e+00,9.631104e-03,0.3943,0.0846,0,6,54,1909,100,100
51,2109,2160,0.023611,0.917,0.000000e+00,1.424170e-02,0.3974,0.0834,0,6,55,1908,100,100
52,2108,2160,0.024074,0.917,0.000000e+00,2.073074e-02,0.4067,0.0823,0,6,49,1907,100,100
53,2107,2160,0.024537,0.917,0.000000e+00,2.426755e-03,0.4569,0.084,0,6,57,1906,100,100
54,2106,2160,0.025,0.917,0.000000e+00,6.461619e-03,0.4483,0.0852,0,6,56,1905,100,100
55,2105,2160,0.025463,0.917,0.000000e+00,5.319796e-04,0.4489,0.0842,0,6,59,1904,100,100
56,2104,2160,0.025926,0.917,0.000000e+00,6.340904e-03,0.4328,0.0937,0,6,60,1903,100,100
57,2103,2160,0.026389,0.917,0.000000e+00,1.176224e-02,0.429,0.0838,0,6,52,1902,100,100
58,2102,2160,0.026852,0.917,0.000000e+00,1.129077e-02,0.4259,0.0847,0,6,58,1901,100,100
59,2101,2160,0.027315,0.917,0.000000e+00,1.539042e-03,0.3967,0.0813,0,6,62,1900,100,100
60,2100,2160,0.027778,0.917,0.000000e+00,2.615431e-04,0.3905,0.0821,0,6,67,1899,100,100
61,2099,2160,0.028241,0.917,0.000000e+00,9.309210e-03,0.4049,0.083,0,6,71,1898,100,100
62,2098,2160,0.028704,0.917,0.000000e+00,7.273654e-03,0.4013,0.0802,0,6,50,1897,100,100
63,2097,2160,0.029167,0.917,0.000000e+00,6.895029e-03,0.3901,0.0833,0,6,61,1896,100,100
64,2096,2160,0.02963,0.917,0.000000e+00,2.190075e-03,0.3998,0.0818,0,6,72,1895,100,100
65,2095,2160,0.030093,0.917,0.000000e+00,2.179312e-02,0.4058,0.0837,0,6,73,1894,100,100
66,2094,2160,0.030556,0.917,0.000000e+00,1.595946e-02,0.4128,0.0828,0,6,34,1893,100,100
67,2093,2160,0.031019,0.917,0.000000e+00,9.647790e-04,0.3972,0.0809,0,6,74,1892,100,100
68,2092,2160,0.031481,0.917,0.000000e+00,1.414653e-03,0.4116,0.0844,0,6,75,1891,100,100
69,2091,2160,0.031944,0.917,0.000000e+00,1.485993e-02,0.4028,0.0845,0,6,76,1890,100,100
70,2090,2160,0.032407,0.917,0.000000e+00,1.355799e-02,0.3925,0.0825,0,6,63,1889,100,100
71,2089,2160,0.03287,0.918,0.000000e+00,8.045632e-03,0.4088,0.0819,0,6,64,1888,100,100
72,2088,2160,0.033333,0.918,0.000000e+00,6.894391e-03,0.386,0.0871,0,6,65,1887,100,100
73,2087,2160,0.033796,0.918,0.000000e+00,7.859657e-03,0.3967,0.0833,0,6,77,1886,100,100
74,2086,2160,0.034259,0.917,0.000000e+00,1.278232e-02,0.4022,0.0844,0,6,68,1885,100,100
75,2085,2160,0.034722,0.917,0.000000e+00,5.636190e-03,0.3858,0.0827,0,6,78,1884,100,100
76,2084,2160,0.035185,0.917,0.000000e+00,1.389491e-02,0.3906,0.0842,0,6,69,1883,100,100
77,2083,2160,0.035648,0.917,0.000000e+00,8.906665e-03,0.3955,0.0845,0,6,85,1882,100,100
78,2082,2160,0.036111,0.917,0.000000e+00,6.832110e-03,0.4113,0.0829,0,6,80,1881,100,100
79,2081,2160,0.036574,0.917,0.000000e+00,7.285997e-03,0.3983,0.0827,0,6,88,1880,100,100
80,2080,2160,0.037037,0.917,0.000000e+00,6.569455e-03,0.4075,0.0829,0,6,70,1879,100,100
81,2079,2160,0.0375,0.917,0.000000e+00,2.827419e-03,0.4113,0.0834,0,6,81,1878,100,100
82,2078,2160,0.037963,0.917,0.000000e+00,8.214979e-03,0.4153,0.0852,0,6,83,1877,100,100
83,2077,2160,0.038426,0.917,0.000000e+00,4.630650e-03,0.4075,0.0833,0,6,89,1876,100,100
84,2076,2160,0.038889,0.917,0.000000e+00,1.005470e-02,0.4165,0.0802,0,6,79,1875,100,100
85,2075,2160,0.039352,0.917,0.000000e+00,7.676195e-03,0.3937,0.0809,0,6,91,1874,100,100
86,2074,2160,0.039815,0.917,0.000000e+00,3.887787e-03,0.3994,0.0823,0,6,84,1873,100,100
87,2073,2160,0.040278,0.917,0.000000e+00,1.477906e-02,0.4096,0.0903,0,6,92,1872,100,100
88,2072,2160,0.040741,0.917,0.000000e+00,1.422852e-02,0.4,0.0841,0,6,66,1871,100,100
89,2071,2160,0.041204,0.917,0.000000e+00,2.400314e-02,0.3966,0.0827,0,6,93,1870,100,100
90,2070,2160,0.041667,0.917,0.000000e+00,1.410225e-02,0.3998,0.0832,0,6,82,1869,100,100
91,2069,2160,0.04213,0.917,0.000000e+00,1.985023e-02,0.4134,0.0842,0,6,87,1868,100,100
92,2068,2160,0.042593,0.917,0.000000e+00,3.625539e-03,0.4015,0.0815,0,6,94,1867,100,100
93,2067,2160,0.043056,0.917,0.000000e+00,1.487687e-02,0.393,0.0847,0,6,96,1866,100,100
94,2066,2160,0.043519,0.917,0.000000e+00,1.017434e-02,0.4112,0.0814,0,6,86,1865,100,100
95,2065,2160,0.043981,0.917,0.000000e+00,8.987253e-03,0.4005,0.0824,0,6,90,1864,100,100
96,2064,2160,0.044444,0.917,0.000000e+00,1.977571e-02,0.4021,0.0832,0,6,97,1863,100,100
97,2063,2160,0.044907,0.917,0.000000e+00,1.621248e-02,0.4128,0.0829,0,6,98,1862,100,100
98,2062,2160,0.04537,0.917,0.000000e+00,1.060904e-02,0.4099,0.0814,0,6,102,1861,100,100
99,2061,2160,0.045833,0.917,0.000000e+00,3.873763e-04,0.4035,0.0869,0,6,104,1860,100,100
100,2060,2160,0.046296,0.917,0.000000e+00,1.879450e-04,0.4276,0.0837,0,6,105,1859,100,100
101,2059,2160,0.046759,0.917,0.000000e+00,5.844791e-03,0.3894,0.082,0,6,106,1858,100,100
102,2058,2160,0.047222,0.917,0.000000e+00,1.497688e-02,0.3944,0.0834,0,6,107,1857,100,100
103,2057,2160,0.047685,0.917,0.000000e+00,1.070585e-02,0.3997,0.0839,0,6,101,1856,100,100
104,2056,2160,0.048148,0.917,0.000000e+00,3.892321e-03,0.3946,0.0865,0,6,108,1855,100,100
105,2055,2160,0.048611,0.917,0.000000e+00,1.933496e-02,0.3896,0.0827,0,6,99,1854,100,100
106,2054,2160,0.049074,0.917,0.000000e+00,5.716705e-03,0.3974,0.084,0,6,111,1853,100,100
107,2053,2160,0.049537,0.917,0.000000e+00,6.611300e-03,0.4081,0.0843,0,6,110,1852,100,100
108,2052,2160,0.05,0.917,0.000000e+00,4.693496e-03,0.3991,0.0846,0,6,115,1851,100,100
109,2051,2160,0.050463,0.917,0.000000e+00,2.802846e-03,0.4043,0.0827,0,6,113,1850,100,100
110,2050,2160,0.050926,0.917,0.000000e+00,2.207814e-02,0.4153,0.0824,0,6,116,1849,100,100
111,2049,2160,0.051389,0.917,0.000000e+00,1.755151e-02,0.4015,0.0825,0,6,95,1848,100,100
112,2048,2160,0.051852,0.917,0.000000e+00,3.162124e-03,0.4062,0.0844,0,6,114,1847,100,100
113,2047,2160,0.052315,0.917,0.000000e+00,9.526075e-03,0.4101,0.0847,0,6,117,1846,100,100
114,2046,2160,0.052778,0.917,0.000000e+00,9.586588e-03,0.4032,0.0826,0,6,103,1845,100,100
115,2045,2160,0.053241,0.917,0.000000e+00,6.807106e-03,0.4158,0.0828,0,6,112,1844,100,100
116,2044,2160,0.053704,0.917,0.000000e+00,1.382835e-03,0.4061,0.0843,0,6,118,1843,100,100
117,2043,2160,0.054167,0.917,0.000000e+00,2.791553e-04,0.4046,0.082,0,6,120,1842,100,100
118,2042,2160,0.05463,0.917,0.000000e+00,1.218696e-02,0.3957,0.0843,0,6,122,1841,100,100
119,2041,2160,0.055093,0.917,0.000000e+00,9.970072e-03,0.4055,0.0851,0,6,109,1840,100,100
120,2040,2160,0.055556,0.917,0.000000e+00,6.728343e-03,0.4119,0.083,0,6,123,1839,100,100
121,2039,2160,0.056019,0.917,0.000000e+00,6.198060e-03,0.4096,0.0833,0,6,119,1838,100,100
122,2038,2160,0.056481,0.917,0.000000e+00,1.335756e-02,0.3987,0.0813,0,6,125,1837,100,100
123,2037,2160,0.056944,0.917,0.000000e+00,1.303028e-02,0.4039,0.0857,0,6,100,1836,100,100
124,2036,2160,0.057407,0.917,0.000000e+00,4.542419e-03,0.393,0.085,0,6,126,1835,100,100
125,2035,2160,0.05787,0.917,0.000000e+00,1.084483e-02,0.3972,0.0824,0,6,124,1834,100,100
126,2034,2160,0.058333,0.917,0.000000e+00,5.319266e-03,0.4064,0.082,0,6,129,1833,100,100
127,2033,2160,0.058796,0.917,0.000000e+00,3.906704e-03,0.4024,0.085,0,6,127,1832,100,100
128,2032,2160,0.059259,0.917,0.000000e+00,4.872074e-03,0.398,0.0847,0,6,128,1831,100,100
129,2031,2160,0.059722,0.917,0.000000e+00,6.424742e-03,0.4011,0.0851,0,6,131,1830,100,100
130,2030,2160,0.060185,0.917,0.000000e+00,4.648936e-03,0.3956,0.0812,0,6,132,1829,100,100
131,2029,2160,0.060648,0.917,0.000000e+00,4.697940e-03,0.394,0.0812,0,6,133,1828,100,100
132,2028,2160,0.061111,0.917,0.000000e+00,3.776712e-04,0.3898,0.0824,0,6,136,1827,100,100
133,2027,2160,0.061574,0.917,0.000000e+00,1.266644e-03,0.4041,0.0819,0,6,137,1826,100,100
134,2026,2160,0.062037,0.917,0.000000e+00,5.684475e-03,0.4034,0.0809,0,6,138,1825,100,100
135,2025,2160,0.0625,0.917,0.000000e+00,5.393086e-03,0.4017,0.0806,0,6,134,1824,100,100
136,2024,2160,0.062963,0.917,0.000000e+00,6.871196e-04,0.407,0.0809,0,6,140,1823,100,100
137,2023,2160,0.063426,0.917,0.000000e+00,1.044262e-02,0.3909,0.0821,0,6,142,1822,100,100
138,2022,2160,0.063889,0.917,0.000000e+00,6.298928e-03,0.3987,0.0831,0,6,130,1821,100,100
139,2021,2160,0.064352,0.917,0.000000e+00,1.044433e-02,0.4026,0.0835,0,6,141,1820,100,100
140,2020,2160,0.064815,0.917,0.000000e+00,6.430098e-03,0.3995,0.0827,0,6,146,1819,100,100
141,2019,2160,0.065278,0.917,0.000000e+00,9.406386e-03,0.3911,0.0828,0,6,135,1818,100,100
142,2018,2160,0.065741,0.917,0.000000e+00,2.376357e-03,0.4005,0.0827,0,6,148,1817,100,100
143,2017,2160,0.066204,0.917,0.000000e+00,8.315158e-03,0.4025,0.0818,0,6,144,1816,100,100
144,2016,2160,0.066667,0.917,0.000000e+00,7.148751e-03,0.3946,0.0841,0,6,150,1815,100,100
145,2015,2160,0.06713,0.917,0.000000e+00,8.179034e-03,0.3977,0.0813,0,6,149,1814,100,100
146,2014,2160,0.067593,0.917,0.000000e+00,7.798279e-03,0.3998,0.0837,0,6,152,1813,100,100
147,2013,2160,0.068056,0.917,0.000000e+00,1.354501e-02,0.3945,0.0812,0,6,145,1812,100,100
148,2012,2160,0.068519,0.917,0.000000e+00,4.509844e-04,0.3983,0.0812,0,6,153,1811,100,100
149,2011,2160,0.068981,0.917,0.000000e+00,5.649884e-03,0.4039,0.0822,0,6,156,1810,100,100
150,2010,2160,0.069444,0.917,0.000000e+00,1.078807e-02,0.395,0.0824,0,6,147,1809,100,100
151,2009,2160,0.069907,0.917,0.000000e+00,6.372768e-03,0.3984,0.0834,0,6,157,1808,100,100
152,2008,2160,0.07037,0.917,0.000000e+00,8.095028e-03,0.408,0.0836,0,6,143,1807,100,100
153,2007,2160,0.070833,0.917,0.000000e+00,4.529968e-03,0.4086,0.0856,0,6,158,1806,100,100
154,2006,2160,0.071296,0.917,0.000000e+00,5.108892e-03,0.3916,0.0841,0,6,159,1805,100,100
155,2005,2160,0.071759,0.917,0.000000e+00,6.187781e-03,0.4126,0.0805,0,6,160,1804,100,100
156,2004,2160,0.072222,0.917,0.000000e+00,1.259920e-02,0.3941,0.0832,0,6,121,1803,100,100
157,2003,2160,0.072685,0.917,0.000000e+00,1.794226e-02,0.3928,0.0821,0,6,161,1802,100,100
158,2002,2160,0.073148,0.917,0.000000e+00,1.281543e-02,0.3837,0.0842,0,6,139,1801,100,100
159,2001,2160,0.073611,0.917,0.000000e+00,2.777656e-02,0.402,0.0805,0,6,151,1800,100,100
160,2000,2160,0.074074,0.917,0.000000e+00,7.763804e-03,0.3972,0.0813,0,6,163,1799,100,100
161,1999,2160,0.074537,0.917,0.000000e+00,9.950364e-03,0.3876,0.0805,0,6,155,1798,100,100
162,1998,2160,0.075,0.917,0.000000e+00,7.818899e-03,0.3992,0.0845,0,6,164,1797,100,100
163,1997,2160,0.075463,0.917,0.000000e+00,2.296070e-03,0.4023,0.0839,0,6,166,1796,100,100
164,1996,2160,0.075926,0.917,0.000000e+00,1.337247e-02,0.3949,0.0797,0,6,168,1795,100,100
165,1995,2160,0.076389,0.917,0.000000e+00,1.103386e-02,0.4091,0.0825,0,6,154,1794,100,100
166,1994,2160,0.076852,0.917,0.000000e+00,1.176780e-02,0.39,0.0842,0,6,167,1793,100,100
167,1993,2160,0.077315,0.917,0.000000e+00,5.428353e-03,0.3926,0.0824,0,6,170,1792,100,100
168,1992,2160,0.077778,0.917,0.000000e+00,1.251080e-02,0.3973,0.0839,0,6,174,1791,100,100
169,1991,2160,0.078241,0.917,0.000000e+00,2.008096e-03,0.399,0.0824,0,6,171,1790,100,100
170,1990,2160,0.078704,0.917,0.000000e+00,2.327863e-03,0.3887,0.0831,0,6,172,1789,100,100
171,1989,2160,0.079167,0.917,0.000000e+00,2.909136e-03,0.3931,0.0827,0,6,173,1788,100,100
172,1988,2160,0.07963,0.917,0.000000e+00,1.161808e-02,0.4078,0.0839,0,6,178,1787,100,100
173,1987,2160,0.080093,0.917,0.000000e+00,2.121396e-02,0.4001,0.0815,0,6,162,1786,100,100
174,1986,2160,0.080556,0.917,0.000000e+00,4.237622e-03,0.3986,0.0823,0,6,180,1785,100,100
175,1985,2160,0.081019,0.917,0.000000e+00,5.939323e-03,0.4077,0.0813,0,6,177,1784,100,100
176,1984,2160,0.081481,0.917,0.000000e+00,9.895488e-03,0.4033,0.0849,0,6,182,1783,100,100
177,1983,2160,0.081944,0.917,0.000000e+00,1.959657e-02,0.3981,0.0801,0,6,184,1782,100,100
178,1982,2160,0.082407,0.917,0.000000e+00,1.916990e-02,0.3989,0.0829,0,6,165,1781,100,100
179,1981,2160,0.08287,0.917,0.000000e+00,1.459728e-02,0.393,0.0813,0,6,169,1780,100,100
180,1980,2160,0.083333,0.917,0.000000e+00,1.024085e-02,0.396,0.0814,0,6,176,1779,100,100
181,1979,2160,0.083796,0.917,0.000000e+00,1.064965e-02,0.4036,0.0837,0,6,185,1778,100,100
182,1978,2160,0.084259,0.917,0.000000e+00,1.278338e-02,0.4066,0.0815,0,6,175,1777,100,100
183,1977,2160,0.084722,0.917,0.000000e+00,1.504177e-02,0.3952,0.0822,0,6,179,1776,100,100
184,1976,2160,0.085185,0.917,0.000000e+00,4.727751e-03,0.3927,0.0834,0,6,181,1775,100,100
185,1975,2160,0.085648,0.917,0.000000e+00,7.018507e-03,0.399,0.0811,0,6,186,1774,100,100
186,1974,2160,0.086111,0.917,0.000000e+00,9.236403e-03,0.3988,0.0819,0,6,183,1773,100,100
187,1973,2160,0.086574,0.917,0.000000e+00,3.276661e-03,0.4005,0.0807,0,6,187,1772,100,100
188,1972,2160,0.087037,0.917,0.000000e+00,1.009329e-03,0.3972,0.0819,0,6,188,1771,100,100
189,1971,2160,0.0875,0.917,0.000000e+00,7.478845e-04,0.4011,0.0841,0,6,189,1770,100,100
190,1970,2160,0.087963,0.917,0.000000e+00,6.422311e-04,0.3934,0.0816,0,6,190,1769,100,100
191,1969,2160,0.088426,0.917,0.000000e+00,3.739734e-03,0.4076,0.083,0,6,191,1768,100,100
192,1968,2160,0.088889,0.917,0.000000e+00,2.227369e-02,0.3936,0.0854,0,6,192,1767,100,100
193,1967,2160,0.089352,0.917,0.000000e+00,1.977193e-03,0.3971,0.083,0,6,194,1766,100,100
194,1966,2160,0.089815,0.917,0.000000e+00,1.863756e-03,0.3946,0.0814,1,0,0,1766,99,100
195,1965,2160,0.090278,0.917,0.000000e+00,7.702104e-03,0.4071,0.0818,1,0,1,1766,98,100
196,1964,2160,0.090741,0.917,0.000000e+00,1.256231e-02,0.3889,0.0827,1,0,2,1766,97,100
197,1963,2160,0.091204,0.917,0.000000e+00,4.386955e-03,0.3953,0.083,1,0,3,1766,96,100
198,1962,2160,0.091667,0.917,0.000000e+00,8.116362e-04,0.4019,0.083,1,0,5,1766,95,100
199,1961,2160,0.09213,0.917,0.000000e+00,9.973673e-03,0.4074,0.0842,1,0,6,1766,94,100
200,1960,2160,0.092593,0.917,0.000000e+00,4.187547e-03,0.3908,0.082,1,0,7,1766,93,100
201,1959,2160,0.093056,0.917,0.000000e+00,7.643526e-03,0.4079,0.0815,1,0,8,1766,92,100
202,1958,2160,0.093519,0.917,0.000000e+00,1.049970e-02,0.3967,0.083,1,0,9,1766,91,100
203,1957,2160,0.093981,0.917,0.000000e+00,1.082802e-02,0.3948,0.0838,1,0,4,1766,90,100
204,1956,2160,0.094444,0.917,0.000000e+00,1.283277e-02,0.3978,0.081,1,1,6,1766,89,100
205,1955,2160,0.094907,0.917,0.000000e+00,1.031353e-02,0.3996,0.0823,1,2,6,1766,88,100
206,1954,2160,0.09537,0.917,0.000000e+00,2.491174e-02,0.3893,0.0832,1,3,6,1766,87,100
207,1953,2160,0.095833,0.917,0.000000e+00,6.327346e-03,0.4007,0.0839,1,4,6,1766,86,100
208,1952,2160,0.096296,0.917,0.000000e+00,1.634076e-02,0.4012,0.0819,1,5,6,1766,85,100
209,1951,2160,0.096759,0.917,0.000000e+00,1.803996e-02,0.389,0.0818,1,6,6,1766,84,100
210,1950,2160,0.097222,0.917,0.000000e+00,1.547124e-02,0.3877,0.0817,1,7,6,1766,83,100
211,1949,2160,0.097685,0.917,0.000000e+00,3.137874e-03,0.4076,0.0805,1,8,6,1766,82,100
212,1948,2160,0.098148,0.917,0.000000e+00,1.321177e-02,0.3812,0.0833,1,9,6,1766,81,100
213,1947,2160,0.098611,0.917,0.000000e+00,7.154397e-03,0.3859,0.0855,0,6,193,1765,81,100
214,1946,2160,0.099074,0.917,0.000000e+00,1.053766e-02,0.4043,0.0835,0,6,195,1764,81,100
215,1945,2160,0.099537,0.917,0.000000e+00,1.457766e-02,0.3953,0.0844,2,0,0,1764,81,99
216,1944,2160,0.1,0.917,0.000000e+00,1.296852e-02,0.4021,0.0808,2,1,0,1764,81,98
217,1943,2160,0.100463,0.917,0.000000e+00,1.361023e-02,0.3995,0.0819,2,2,0,1764,81,97
218,1942,2160,0.100926,0.917,0.000000e+00,5.886506e-03,0.3855,0.0835,2,3,0,1764,81,96
219,1941,2160,0.101389,0.917,0.000000e+00,2.006271e-02,0.3868,0.0805,2,4,0,1764,81,95
220,1940,2160,0.101852,0.917,0.000000e+00,8.751014e-04,0.3994,0.0804,2,5,0,1764,81,94
221,1939,2160,0.102315,0.917,0.000000e+00,4.512192e-03,0.4051,0.0815,2,6,0,1764,81,93
222,1938,2160,0.102778,0.917,0.000000e+00,1.158697e-02,0.3941,0.0826,2,7,0,1764,81,92
223,1937,2160,0.103241,0.917,0.000000e+00,2.359671e-03,0.3903,0.0809,2,8,0,1764,81,91
224,1936,2160,0.103704,0.917,0.000000e+00,1.851887e-02,0.4126,0.0804,2,9,0,1764,81,90
225,1935,2160,0.104167,0.917,0.000000e+00,2.138549e-06,0.3835,3.3874,0,8,7,1763,81,90
226,1934,2160,0.10463,0.917,2.235892e-06,4.085496e-05,0.3987,3.3207,0,2,14,1762,81,90
227,1933,2160,0.105093,0.917,1.405545e-03,4.222367e-05,0.3929,3.3136,0,2,25,1761,81,90
228,1932,2160,0.105556,0.917,2.339109e-03,6.384865e-05,0.4015,3.3334,0,3,55,1760,81,90
229,1931,2160,0.106019,0.917,4.728566e-03,6.034399e-05,0.3996,3.3221,0,2,169,1759,81,90
230,1930,2160,0.106481,0.917,7.126862e-03,6.020471e-05,0.4084,3.3202,0,8,25,1758,81,90
231,1929,2160,0.106944,0.917,1.068712e-02,7.990651e-05,0.3948,3.3154,0,0,153,1757,81,90
232,1928,2160,0.107407,0.917,1.112435e-02,1.175509e-04,0.4131,3.3282,0,9,30,1756,81,90
233,1927,2160,0.10787,0.917,1.419740e-02,1.169708e-04,0.3947,3.3522,0,1,175,1755,81,90
234,1926,2160,0.108333,0.917,1.952708e-02,7.033494e-05,0.3902,3.3462,0,5,156,1754,81,90
235,1925,2160,0.108796,0.917,2.584165e-02,1.053887e-04,0.4042,3.333,0,7,155,1753,81,90
236,1924,2160,0.109259,0.917,3.512281e-02,1.435487e-04,0.397,3.3347,0,1,4,1752,81,90
237,1923,2160,0.109722,0.917,4.142044e-02,1.352205e-04,0.3994,3.3166,0,8,4,1751,81,90
238,1922,2160,0.110185,0.917,5.959468e-02,1.848906e-04,0.4189,3.3285,0,0,68,1750,81,90
239,1921,2160,0.110648,0.917,6.990030e-02,2.700133e-04,0.3922,3.3114,0,9,42,1749,81,90
240,1920,2160,0.111111,0.918,9.630645e-02,2.787000e-04,0.3869,3.3093,0,9,40,1748,81,90
241,1919,2160,0.111574,0.917,1.171474e-01,1.368921e-04,0.418,3.3134,0,5,29,1747,81,90
242,1918,2160,0.112037,0.917,1.355516e-01,1.945148e-04,0.3925,3.3027,0,8,88,1746,81,90
243,1917,2160,0.1125,0.918,1.475092e-01,3.093613e-04,0.4017,3.2898,0,9,4,1745,81,90
244,1916,2160,0.112963,0.918,1.745869e-01,3.172323e-04,0.4053,3.3237,0,3,191,1744,81,90
245,1915,2160,0.113426,0.918,2.384701e-01,2.482578e-04,0.3951,3.3213,0,8,183,1743,81,90
246,1914,2160,0.113889,0.917,2.790523e-01,4.020705e-04,0.3964,3.3273,0,9,73,1742,81,90
247,1913,2160,0.114352,0.917,3.227692e-01,4.077592e-04,0.4023,3.3142,0,9,184,1741,81,90
248,1912,2160,0.114815,0.918,3.579939e-01,3.749683e-04,0.3994,3.3143,0,3,123,1740,81,90
249,1911,2160,0.115278,0.917,4.402104e-01,3.589771e-04,0.391,3.3199,0,0,116,1739,81,90
250,1910,2160,0.115741,0.917,4.426386e-01,3.187796e-04,0.4141,3.3208,0,8,98,1738,81,90
251,1909,2160,0.116204,0.917,4.905046e-01,4.397983e-04,0.3897,3.3008,0,3,10,1737,81,90
252,1908,2160,0.116667,0.918,5.995351e-01,4.266103e-04,0.3864,3.318,0,1,97,1736,81,90
253,1907,2160,0.11713,0.918,6.699432e-01,4.442558e-04,0.4025,3.3216,0,3,158,1735,81,90
254,1906,2160,0.117593,0.917,7.763745e-01,3.903732e-04,0.3869,3.3096,0,4,67,1734,81,90
255,1905,2160,0.118056,0.918,8.353491e-01,5.259170e-04,0.4064,3.3178,0,9,54,1733,81,90
256,1904,2160,0.118519,0.918,8.837335e-01,4.654624e-04,0.4022,3.3206,0,1,41,1732,81,90
257,1903,2160,0.118981,0.918,9.317021e-01,4.785476e-04,0.3934,3.3132,0,3,170,1731,81,90
258,1902,2160,0.119444,0.917,1.031841e+00,5.546459e-04,0.3926,3.3233,0,9,104,1730,81,90
259,1901,2160,0.119907,0.917,1.073600e+00,3.576273e-04,0.3833,3.3136,0,7,56,1729,81,90
260,1900,2160,0.12037,0.917,1.141911e+00,4.112421e-04,0.3879,3.3265,0,8,112,1728,81,90
261,1899,2160,0.120833,0.917,1.195973e+00,5.539511e-04,0.3866,3.3245,0,1,21,1727,81,90
262,1898,2160,0.121296,0.917,1.265560e+00,6.643326e-04,0.3907,3.3125,0,9,137,1726,81,90
263,1897,2160,0.121759,0.917,1.328514e+00,5.463305e-04,0.3939,3.3156,0,0,155,1725,81,90
264,1896,2160,0.122222,0.917,1.292550e+00,1.571913e-03,0.3862,3.3168,1,9,0,1725,80,90
265,1895,2160,0.122685,0.917,1.370991e+00,7.131779e-04,0.389,3.3159,0,9,75,1724,80,90
266,1894,2160,0.123148,0.917,1.445603e+00,6.151231e-04,0.4005,3.316,0,1,193,1723,80,90
267,1893,2160,0.123611,0.917,1.544866e+00,6.244970e-04,0.3992,3.2963,0,1,115,1722,80,90
268,1892,2160,0.124074,0.917,1.645774e+00,7.463691e-04,0.3891,3.3376,0,9,194,1721,80,90
269,1891,2160,0.124537,0.917,1.722788e+00,4.988667e-04,0.3847,3.3129,0,8,180,1720,80,90
270,1890,2160,0.125,0.917,1.772448e+00,5.197770e-04,0.3979,3.3096,0,8,96,1719,80,90
271,1889,2160,0.125463,0.917,1.860814e+00,5.464001e-04,0.3869,3.3074,0,8,11,1718,80,90
272,1888,2160,0.125926,0.917,2.004575e+00,5.307827e-04,0.3883,3.3178,0,7,188,1717,80,90
273,1887,2160,0.126389,0.917,2.249784e+00,5.958989e-04,0.3818,3.3163,0,2,185,1716,80,90
274,1886,2160,0.126852,0.917,2.472688e+00,5.789202e-04,0.3891,3.3202,0,8,61,1715,80,90
275,1885,2160,0.127315,0.917,2.598190e+00,7.748618e-04,0.3866,3.3221,0,3,138,1714,80,90
276,1884,2160,0.127778,0.917,2.902270e+00,7.869328e-04,0.3939,3.3134,0,3,143,1713,80,90
277,1883,2160,0.128241,0.917,3.220623e+00,6.321683e-04,0.3897,3.3152,0,2,119,1712,80,90
278,1882,2160,0.128704,0.917,3.442637e+00,7.716292e-04,0.3984,3.3284,0,0,158,1711,80,90
279,1881,2160,0.129167,0.917,3.382500e+00,9.778553e-04,0.403,3.322,0,9,154,1710,80,90
280,1880,2160,0.12963,0.917,3.521244e+00,7.299569e-04,0.3937,3.3153,0,4,0,1709,80,90
281,1879,2160,0.130093,0.917,3.629228e+00,8.175113e-04,0.3822,3.3164,0,0,94,1708,80,90
282,1878,2160,0.130556,0.917,3.547309e+00,8.257684e-04,0.4086,3.3665,0,0,163,1707,80,90
283,1877,2160,0.131019,0.917,3.455217e+00,7.687309e-04,0.3816,3.3264,0,4,168,1706,80,90
284,1876,2160,0.131481,0.917,3.603871e+00,8.858043e-04,0.3901,3.3343,0,1,191,1705,80,90
285,1875,2160,0.131944,0.917,3.864701e+00,1.044828e-03,0.3921,3.3078,0,9,87,1704,80,90
286,1874,2160,0.132407,0.917,4.027758e+00,6.923130e-04,0.3908,3.3083,0,8,125,1703,80,90
287,1873,2160,0.13287,0.917,4.130623e+00,7.203121e-04,0.3942,3.3177,0,2,167,1702,80,90
288,1872,2160,0.133333,0.917,4.353685e+00,7.091038e-04,0.3931,3.3081,0,8,39,1701,80,90
289,1871,2160,0.133796,0.917,4.473601e+00,6.786210e-04,0.3937,3.3225,0,7,27,1700,80,90
290,1870,2160,0.134259,0.917,4.807157e+00,1.091727e-03,0.396,3.3188,0,9,25,1699,80,90
291,1869,2160,0.134722,0.918,5.085482e+00,5.072163e-04,0.3991,3.3156,0,5,75,1698,80,90
292,1868,2160,0.135185,0.917,5.128321e+00,7.105927e-04,0.3859,3.3126,0,7,186,1697,80,90
293,1867,2160,0.135648,0.917,5.367235e+00,7.791187e-04,0.3998,3.2966,0,8,10,1696,80,90
294,1866,2160,0.136111,0.918,5.526445e+00,7.515451e-04,0.4065,3.3115,0,7,126,1695,80,90
295,1865,2160,0.136574,0.918,5.908405e+00,7.860896e-04,0.388,3.3136,0,7,119,1694,80,90
296,1864,2160,0.137037,0.917,6.469522e+00,1.126039e-03,0.3899,3.3038,0,3,27,1693,80,90
297,1863,2160,0.1375,0.917,7.182900e+00,8.792729e-04,0.3827,3.3106,0,2,195,1692,80,90
298,1862,2160,0.137963,0.917,7.628501e+00,8.144429e-04,0.3888,3.3064,0,7,127,1691,80,90
299,1861,2160,0.138426,0.917,8.033988e+00,8.378661e-04,0.3855,3.3107,0,7,5,1690,80,90
300,1860,2160,0.138889,0.917,8.416008e+00,2.020652e-03,0.3942,3.3288,1,5,0,1690,79,90
301,1859,2160,0.139352,0.917,8.537641e+00,8.620174e-04,0.3923,3.3216,0,7,184,1689,79,90
302,1858,2160,0.139815,0.917,8.943076e+00,1.145114e-03,0.3888,3.3204,0,0,151,1688,79,90
303,1857,2160,0.140278,0.917,8.686466e+00,1.234870e-03,0.3863,3.3207,0,3,180,1687,79,90
304,1856,2160,0.140741,0.917,9.241090e+00,9.170903e-04,0.3815,3.3033,0,8,146,1686,79,90
305,1855,2160,0.141204,0.917,9.370361e+00,6.559210e-04,0.387,3.3188,0,5,27,1685,79,90
306,1854,2160,0.141667,0.917,9.416341e+00,1.211111e-03,0.3885,3.3124,0,0,27,1684,79,90
307,1853,2160,0.14213,0.917,8.232695e+00,1.057839e-03,0.382,3.3104,0,4,9,1683,79,90
308,1852,2160,0.142593,0.917,8.875472e+00,6.524334e-04,0.3913,3.3214,0,5,42,1682,79,90
309,1851,2160,0.143056,0.917,9.284475e+00,9.827797e-04,0.3963,3.3283,0,2,32,1681,79,90
310,1850,2160,0.143519,0.917,9.687031e+00,1.443086e-03,0.3883,3.3272,0,9,95,1680,79,90
311,1849,2160,0.143981,0.917,9.913758e+00,1.228397e-03,0.3844,3.3252,0,1,62,1679,79,90
312,1848,2160,0.144444,0.918,1.010706e+01,1.047026e-03,0.4042,3.3139,0,2,99,1678,79,90
313,1847,2160,0.144907,0.918,1.059404e+01,1.023191e-03,0.3853,3.3185,0,8,47,1677,79,90
314,1846,2160,0.14537,0.918,1.075728e+01,1.556833e-03,0.3872,3.3121,0,9,78,1676,79,90
315,1845,2160,0.145833,0.917,1.106366e+01,1.397593e-03,0.3937,3.3169,0,3,126,1675,79,90
316,1844,2160,0.146296,0.918,1.209175e+01,1.644532e-03,0.3898,3.3333,0,9,28,1674,79,90
317,1843,2160,0.146759,0.917,1.269417e+01,1.323501e-03,0.3905,3.3111,0,0,28,1673,79,90
318,1842,2160,0.147222,0.917,1.148185e+01,1.319742e-03,0.3871,3.3164,0,0,7,1672,79,90
319,1841,2160,0.147685,0.917,1.160009e+01,1.147087e-03,0.3829,3.309,0,2,182,1671,79,90
320,1840,2160,0.148148,0.917,1.227876e+01,1.376021e-03,0.3915,3.3137,0,0,32,1670,79,90
321,1839,2160,0.148611,0.917,1.204679e+01,1.345233e-03,0.386,3.3097,0,0,19,1669,79,90
322,1838,2160,0.149074,0.917,1.180693e+01,1.112698e-03,0.3826,3.3159,0,8,181,1668,79,90
323,1837,2160,0.149537,0.917,1.218582e+01,1.363063e-03,0.3819,3.317,0,0,16,1667,79,90
324,1836,2160,0.15,0.917,1.215805e+01,1.472048e-03,0.3825,3.3182,0,1,184,1666,79,90
325,1835,2160,0.150463,0.917,1.340226e+01,1.492893e-03,0.3911,3.3147,0,1,195,1665,79,90
326,1834,2160,0.150926,0.917,1.463680e+01,1.854796e-03,0.3815,3.3206,0,9,126,1664,79,90
327,1833,2160,0.151389,0.917,1.426798e+01,1.376275e-03,0.4022,3.3203,0,4,15,1663,79,90
328,1832,2160,0.151852,0.917,1.501808e+01,1.257346e-03,0.3821,3.3145,0,2,111,1662,79,90
329,1831,2160,0.152315,0.917,1.594833e+01,1.378073e-03,0.3874,3.3144,0,4,194,1661,79,90
330,1830,2160,0.152778,0.917,1.654204e+01,1.630539e-03,0.3861,3.323,0,3,151,1660,79,90
331,1829,2160,0.153241,0.917,1.783543e+01,1.887337e-03,0.4095,3.324,0,9,193,1659,79,90
332,1828,2160,0.153704,0.917,1.872424e+01,1.945571e-03,0.3873,3.3188,0,9,152,1658,79,90
333,1827,2160,0.154167,0.917,1.931699e+01,1.512167e-03,0.382,3.3103,0,1,152,1657,79,90
334,1826,2160,0.15463,0.917,1.751691e+01,7.636545e-04,0.3827,3.3168,1,4,3,1657,78,90
335,1825,2160,0.155093,0.917,1.653275e+01,1.721967e-03,0.3858,3.3001,0,3,92,1656,78,90
336,1824,2160,0.155556,0.918,1.837269e+01,1.605961e-03,0.3899,3.2949,0,0,169,1655,78,90
337,1823,2160,0.156019,0.918,1.842240e+01,1.315005e-03,0.3862,3.3212,0,8,111,1654,78,90
338,1822,2160,0.156481,0.918,1.833840e+01,1.597316e-03,0.383,3.3016,0,0,111,1653,78,90
339,1821,2160,0.156944,0.918,1.748945e+01,1.979972e-03,0.3851,3.3153,0,9,164,1652,78,90
340,1820,2160,0.157407,0.918,1.865961e+01,1.296435e-03,0.3843,3.3259,0,8,108,1651,78,90
341,1819,2160,0.15787,0.918,1.918618e+01,1.499879e-03,0.3831,3.3056,0,4,73,1650,78,90
342,1818,2160,0.158333,0.918,1.992613e+01,1.241699e-03,0.3877,3.3144,0,7,183,1649,78,90
343,1817,2160,0.158796,0.918,2.109039e+01,1.693422e-03,0.3887,3.3199,0,1,25,1648,78,90
344,1816,2160,0.159259,0.918,2.222197e+01,1.549265e-03,0.3853,3.3177,0,4,28,1647,78,90
345,1815,2160,0.159722,0.918,2.273458e+01,1.672699e-03,0.3876,3.3201,0,0,154,1646,78,90
346,1814,2160,0.160185,0.918,2.232860e+01,2.069984e-03,0.3795,3.3296,0,9,175,1645,78,90
347,1813,2160,0.160648,0.918,2.309464e+01,1.316545e-03,0.3771,3.3049,0,7,16,1644,78,90
348,1812,2160,0.161111,0.918,2.418721e+01,1.850215e-03,0.3833,3.307,0,1,42,1643,78,90
349,1811,2160,0.161574,0.918,2.515254e+01,1.861597e-03,0.3837,3.327,0,1,65,1642,78,90
350,1810,2160,0.162037,0.918,2.573187e+01,1.451264e-03,0.3835,3.3204,0,8,19,1641,78,90
351,1809,2160,0.1625,0.918,2.648697e+01,1.800412e-03,0.3832,3.3153,0,0,127,1640,78,90
352,1808,2160,0.162963,0.918,2.602687e+01,1.666736e-03,0.3825,3.3124,0,4,178,1639,78,90
353,1807,2160,0.163426,0.918,2.661044e+01,1.691619e-03,0.3789,3.3221,0,4,31,1638,78,90
354,1806,2160,0.163889,0.918,2.753645e+01,2.225437e-03,0.3815,3.3212,0,9,179,1637,78,90
355,1805,2160,0.164352,0.918,2.843185e+01,1.009394e-03,0.3828,3.322,0,5,180,1636,78,90
356,1804,2160,0.164815,0.918,2.919214e+01,1.536384e-03,0.3803,3.3148,0,4,180,1635,78,90
357,1803,2160,0.165278,0.919,2.713312e+01,1.905017e-03,0.3908,3.3187,0,1,46,1634,78,90
358,1802,2160,0.165741,0.919,2.860012e+01,1.871921e-03,0.3817,3.3141,0,0,125,1633,78,90
359,1801,2160,0.166204,0.918,2.880861e+01,1.844110e-03,0.3826,3.3192,0,0,72,1632,78,90
360,1800,2160,0.166667,0.918,2.817681e+01,1.437419e-03,0.3767,3.3125,0,7,82,1631,78,90
361,1799,2160,0.16713,0.918,2.917993e+01,1.959078e-03,0.3832,3.3006,0,1,11,1630,78,90
362,1798,2160,0.167593,0.918,3.015813e+01,1.857991e-03,0.3814,3.3174,0,0,184,1629,78,90
363,1797,2160,0.168056,0.918,3.003163e+01,1.906665e-03,0.3872,3.3164,0,0,123,1628,78,90
364,1796,2160,0.168519,0.918,2.965206e+01,2.056267e-03,0.3866,3.3223,0,3,112,1627,78,90
365,1795,2160,0.168981,0.918,3.182757e+01,1.885299e-03,0.3858,3.3225,0,0,185,1626,78,90
366,1794,2160,0.169444,0.918,3.208587e+01,1.951744e-03,0.3807,3.325,0,0,54,1625,78,90
367,1793,2160,0.169907,0.918,3.207954e+01,1.652424e-03,0.3898,3.3289,0,2,56,1624,78,90
368,1792,2160,0.17037,0.918,3.409600e+01,1.511690e-03,0.3761,3.3258,0,7,115,1623,78,90
369,1791,2160,0.170833,0.918,3.642068e+01,2.451895e-03,0.3789,3.3259,0,9,84,1622,78,90
370,1790,2160,0.171296,0.919,3.767434e+01,1.144713e-03,0.3801,3.3265,0,5,83,1621,78,90
371,1789,2160,0.171759,0.919,3.810056e+01,2.053614e-03,0.3829,3.3177,0,0,170,1620,78,90
372,1788,2160,0.172222,0.919,3.710549e+01,1.692192e-03,0.3806,3.3223,0,8,110,1619,78,90
373,1787,2160,0.172685,0.918,3.746099e+01,2.265273e-03,0.3726,3.3222,0,3,181,1618,78,90
374,1786,2160,0.173148,0.919,4.004989e+01,2.308109e-03,0.3835,3.3249,0,3,56,1617,78,90
375,1785,2160,0.173611,0.918,4.075152e+01,2.078822e-03,0.3829,3.3174,0,0,36,1616,78,90
376,1784,2160,0.174074,0.918,4.063068e+01,1.612543e-03,0.3642,3.3269,0,7,3,1615,78,90
377,1783,2160,0.174537,0.918,4.226585e+01,1.627642e-03,0.3748,3.3152,0,7,55,1614,78,90
378,1782,2160,0.175,0.918,4.401017e+01,2.155747e-03,0.3811,3.3266,0,0,45,1613,78,90
379,1781,2160,0.175463,0.918,4.332620e+01,2.614644e-03,0.3716,3.3336,0,9,9,1612,78,90
380,1780,2160,0.175926,0.918,4.389332e+01,2.435191e-03,0.3917,3.314,0,3,9,1611,78,90
381,1779,2160,0.176389,0.919,4.087403e+01,1.769743e-03,0.3835,3.3184,0,2,59,1610,78,90
382,1778,2160,0.176852,0.918,4.282132e+01,2.150579e-03,0.377,3.3223,0,0,168,1609,78,90
383,1777,2160,0.177315,0.918,4.261138e+01,2.346533e-03,0.3708,3.3224,0,3,70,1608,78,90
384,1776,2160,0.177778,0.918,4.530334e+01,2.199769e-03,0.3896,3.3124,0,0,83,1607,78,90
385,1775,2160,0.178241,0.918,4.708607e+01,2.381017e-03,0.3681,3.3201,0,3,195,1606,78,90
386,1774,2160,0.178704,0.918,4.963768e+01,1.767820e-03,0.3662,3.3158,0,8,150,1605,78,90
387,1773,2160,0.179167,0.918,5.064470e+01,2.058632e-03,0.3808,3.3091,0,4,169,1604,78,90
388,1772,2160,0.17963,0.918,5.209829e+01,2.066211e-03,0.3746,3.3142,0,4,56,1603,78,90
389,1771,2160,0.180093,0.919,5.343747e+01,2.443711e-03,0.3712,3.313,0,3,185,1602,78,90
390,1770,2160,0.180556,0.918,5.716702e+01,1.952016e-03,0.3667,3.3191,0,4,185,1601,78,90
391,1769,2160,0.181019,0.918,5.518768e+01,2.843111e-03,0.3721,3.3268,0,9,99,1600,78,90
392,1768,2160,0.181481,0.918,5.798199e+01,2.328994e-03,0.3808,3.3133,0,0,134,1599,78,90
393,1767,2160,0.181944,0.918,5.780180e+01,1.875122e-03,0.3728,3.3073,0,8,126,1598,78,90
394,1766,2160,0.182407,0.918,5.909823e+01,2.841030e-03,0.3668,3.3186,0,9,157,1597,78,90
395,1765,2160,0.18287,0.918,6.056734e+01,2.526570e-03,0.376,3.3211,0,3,83,1596,78,90
396,1764,2160,0.183333,0.918,6.374498e+01,2.544646e-03,0.3735,3.327,0,3,142,1595,78,90
397,1763,2160,0.183796,0.918,6.708908e+01,1.913018e-03,0.3893,3.3264,0,8,57,1594,78,90
398,1762,2160,0.184259,0.918,6.850336e+01,2.362737e-03,0.3811,3.3078,0,4,83,1593,78,90
399,1761,2160,0.184722,0.919,6.821681e+01,2.582402e-03,0.38,3.3328,0,3,166,1592,78,90
400,1760,2160,0.185185,0.918,7.167820e+01,1.948487e-03,0.3645,3.3147,0,8,124,1591,78,90
401,1759,2160,0.185648,0.919,7.267998e+01,2.966455e-03,0.3662,3.3274,0,9,2,1590,78,90
402,1758,2160,0.186111,0.919,7.368349e+01,2.022463e-03,0.3634,3.3166,0,8,2,1589,78,90
403,1757,2160,0.186574,0.919,7.198603e+01,2.393102e-03,0.3661,3.3238,0,0,85,1588,78,90
404,1756,2160,0.187037,0.919,7.130147e+01,2.442628e-03,0.3674,3.3389,0,0,26,1587,78,90
405,1755,2160,0.1875,0.919,7.058071e+01,2.990865e-03,0.3745,3.3277,0,9,92,1586,78,90
406,1754,2160,0.187963,0.918,7.183637e+01,1.897685e-03,0.3775,3.3173,0,7,69,1585,78,90
407,1753,2160,0.188426,0.918,7.422573e+01,2.484638e-03,0.3753,3.3284,0,0,182,1584,78,90
408,1752,2160,0.188889,0.918,7.357404e+01,2.684008e-03,0.3714,3.334,0,3,164,1583,78,90
409,1751,2160,0.189352,0.918,7.689599e+01,2.667035e-03,0.3716,3.2986,0,1,113,1582,78,90
410,1750,2160,0.189815,0.918,7.945631e+01,2.557455e-03,0.3692,3.3314,0,0,171,1581,78,90
411,1749,2160,0.190278,0.918,7.847268e+01,2.570516e-03,0.3702,3.3102,0,0,2,1580,78,90
412,1748,2160,0.190741,0.918,7.822052e+01,1.453448e-03,0.3633,3.3223,0,5,2,1579,78,90
413,1747,2160,0.191204,0.918,7.468055e+01,2.799022e-03,0.3684,3.3206,0,3,131,1578,78,90
414,1746,2160,0.191667,0.918,7.941357e+01,2.598006e-03,0.3737,3.3292,0,0,152,1577,78,90
415,1745,2160,0.19213,0.918,7.973531e+01,2.021612e-03,0.3726,3.3174,0,7,4,1576,78,90
416,1744,2160,0.192593,0.918,8.409490e+01,2.900430e-03,0.3852,3.3315,0,3,4,1575,78,90
417,1743,2160,0.193056,0.918,8.820839e+01,2.853616e-03,0.3721,3.3271,0,3,97,1574,78,90
418,1742,2160,0.193519,0.918,9.435159e+01,2.422791e-03,0.3767,3.3059,0,4,184,1573,78,90
419,1741,2160,0.193981,0.918,9.736554e+01,3.030976e-03,0.366,3.3224,0,3,184,1572,78,90
420,1740,2160,0.194444,0.918,9.652067e+01,2.484606e-03,0.3624,3.3274,0,4,8,1571,78,90
421,1739,2160,0.194907,0.917,9.994276e+01,2.247241e-03,0.3619,3.3169,0,2,8,1570,78,90
422,1738,2160,0.19537,0.918,9.852457e+01,3.295695e-03,0.3618,3.3223,0,9,26,1569,78,90
423,1737,2160,0.195833,0.918,1.005329e+02,3.345323e-03,0.3592,3.3215,0,9,55,1568,78,90
424,1736,2160,0.196296,0.918,1.028753e+02,2.125714e-03,0.3846,3.311,0,7,112,1567,78,90
425,1735,2160,0.196759,0.918,1.055331e+02,1.973645e-03,0.3727,3.3106,2,6,2,1567,78,89
426,1734,2160,0.197222,0.918,1.009690e+02,2.537825e-03,0.3682,3.3121,0,4,16,1566,78,89
427,1733,2160,0.197685,0.918,1.037751e+02,3.395261e-03,0.37,3.3081,0,9,170,1565,78,89
428,1732,2160,0.198148,0.918,1.066489e+02,2.797006e-03,0.3626,3.3551,0,0,20,1564,78,89
429,1731,2160,0.198611,0.918,1.059084e+02,3.455938e-03,0.3764,3.3472,0,9,70,1563,78,89
430,1730,2160,0.199074,0.918,1.072126e+02,2.909133e-03,0.3648,3.3272,0,1,10,1562,78,89
431,1729,2160,0.199537,0.918,1.096414e+02,2.608030e-03,0.3639,3.3326,0,4,6,1561,78,89
432,1728,2160,0.2,0.918,1.113509e+02,2.648808e-03,0.3701,3.3146,0,4,191,1560,78,89
433,1727,2160,0.200463,0.918,1.137514e+02,2.887350e-03,0.354,3.3088,0,0,91,1559,78,89
434,1726,2160,0.200926,0.919,1.124351e+02,3.132648e-03,0.3625,3.3236,0,3,63,1558,78,89
435,1725,2160,0.201389,0.918,1.165624e+02,3.118661e-03,0.3613,3.3085,0,3,42,1557,78,89
436,1724,2160,0.201852,0.918,1.218900e+02,2.228227e-03,0.3596,3.3223,0,7,84,1556,78,89
437,1723,2160,0.202315,0.918,1.260455e+02,1.656863e-03,0.3608,3.3222,0,5,47,1555,78,89
438,1722,2160,0.202778,0.918,1.279336e+02,2.793893e-03,0.3644,3.3198,0,4,55,1554,78,89
439,1721,2160,0.203241,0.918,1.280162e+02,2.970654e-03,0.3694,3.303,0,0,37,1553,78,89
440,1720,2160,0.203704,0.918,1.262193e+02,2.787018e-03,0.3658,3.3172,0,4,71,1552,78,89
441,1719,2160,0.204167,0.918,1.275390e+02,3.066161e-03,0.3603,3.3125,0,1,111,1551,78,89
442,1718,2160,0.20463,0.918,1.301827e+02,2.514547e-03,0.3686,3.319,0,2,28,1550,78,89
443,1717,2160,0.205093,0.916,1.330533e+02,3.688829e-03,0.3682,3.309,0,9,132,1549,78,89
444,1716,2160,0.205556,0.917,1.344811e+02,3.677206e-03,0.3653,3.3142,0,9,1,1548,78,89
445,1715,2160,0.206019,0.917,1.353150e+02,2.318020e-03,0.3714,3.3246,0,7,18,1547,78,89
446,1714,2160,0.206481,0.917,1.372240e+02,2.303574e-03,0.359,3.3164,0,7,7,1546,78,89
447,1713,2160,0.206944,0.917,1.390458e+02,2.379101e-03,0.3504,3.3148,0,7,148,1545,78,89
448,1712,2160,0.207407,0.917,1.415608e+02,3.405861e-03,0.3738,3.3163,0,1,148,1544,78,89
449,1711,2160,0.20787,0.917,1.337506e+02,3.265073e-03,0.3601,3.3171,0,1,18,1543,78,89
450,1710,2160,0.208333,0.917,1.335118e+02,1.701931e-03,0.3523,3.3049,0,5,88,1542,78,89
451,1709,2160,0.208796,0.917,1.375229e+02,3.762207e-03,0.3613,3.3184,0,9,192,1541,78,89
452,1708,2160,0.209259,0.917,1.395919e+02,3.265914e-03,0.3519,3.3125,0,1,139,1540,78,89
453,1707,2160,0.209722,0.917,1.413914e+02,2.918681e-03,0.3616,3.3096,0,4,154,1539,78,89
454,1706,2160,0.210185,0.917,1.431051e+02,2.889446e-03,0.355,3.3309,0,4,41,1538,78,89
455,1705,2160,0.210648,0.917,1.445401e+02,3.125183e-03,0.3546,3.309,0,0,189,1537,78,89
456,1704,2160,0.211111,0.917,1.430279e+02,3.296191e-03,0.3538,3.3239,0,1,15,1536,78,89
457,1703,2160,0.211574,0.917,1.456192e+02,2.943937e-03,0.3566,3.3259,0,4,54,1535,78,89
458,1702,2160,0.212037,0.917,1.475694e+02,3.154131e-03,0.3643,3.315,0,0,29,1534,78,89
459,1701,2160,0.2125,0.917,1.511267e+02,4.007791e-03,0.3499,3.3221,0,9,29,1533,78,89
460,1700,2160,0.212963,0.917,1.456190e+02,3.200666e-03,0.3768,3.3195,0,0,10,1532,78,89
461,1699,2160,0.213426,0.917,1.470337e+02,2.483290e-03,0.3637,3.3172,0,7,42,1531,78,89
462,1698,2160,0.213889,0.917,1.512995e+02,3.352327e-03,0.3592,3.3136,0,1,3,1530,78,89
463,1697,2160,0.214352,0.917,1.571098e+02,2.730050e-03,0.3587,3.3108,0,2,30,1529,78,89
464,1696,2160,0.214815,0.917,1.610741e+02,2.474455e-03,0.3735,3.3178,0,7,59,1528,78,89
465,1695,2160,0.215278,0.917,1.654243e+02,3.328252e-03,0.3587,3.3044,0,0,4,1527,78,89
466,1694,2160,0.215741,0.917,1.631329e+02,4.036231e-03,0.3596,3.3143,0,9,5,1526,78,89
467,1693,2160,0.216204,0.917,1.645414e+02,2.396822e-03,0.3778,3.3129,0,8,5,1525,78,89
468,1692,2160,0.216667,0.917,1.586604e+02,3.613178e-03,0.3615,3.3339,0,3,5,1524,78,89
469,1691,2160,0.21713,0.916,1.548651e+02,3.985813e-03,0.3522,3.319,0,9,19,1523,78,89
470,1690,2160,0.217593,0.916,1.614352e+02,1.813050e-03,0.3703,3.3266,0,5,183,1522,78,89
471,1689,2160,0.218056,0.916,1.649678e+02,2.691938e-03,0.3588,3.3265,0,8,153,1521,78,89
472,1688,2160,0.218519,0.916,1.669774e+02,2.586769e-03,0.348,3.3221,0,7,19,1520,78,89
473,1687,2160,0.218981,0.916,1.691145e+02,3.645651e-03,0.3678,3.3211,0,3,29,1519,78,89
474,1686,2160,0.219444,0.916,1.734111e+02,3.080814e-03,0.3636,3.3078,0,4,24,1518,78,89
475,1685,2160,0.219907,0.916,1.765582e+02,3.143789e-03,0.3606,3.3207,0,4,3,1517,78,89
476,1684,2160,0.22037,0.916,1.763187e+02,3.561307e-03,0.3604,3.3131,0,3,3,1516,78,89
477,1683,2160,0.220833,0.916,1.735456e+02,4.074645e-03,0.3606,3.3462,0,9,112,1515,78,89
478,1682,2160,0.221296,0.916,1.804396e+02,3.094783e-03,0.3537,3.3372,0,4,135,1514,78,89
479,1681,2160,0.221759,0.916,1.837851e+02,3.079717e-03,0.3658,3.3182,0,4,25,1513,78,89
480,1680,2160,0.222222,0.916,1.869978e+02,3.667386e-03,0.3535,3.2989,0,3,43,1512,78,89
481,1679,2160,0.222685,0.916,1.934325e+02,4.130327e-03,0.3685,3.3119,0,9,33,1511,78,89
482,1678,2160,0.223148,0.916,1.958743e+02,4.163815e-03,0.3575,3.3222,0,9,0,1510,78,89
483,1677,2160,0.223611,0.916,1.974720e+02,3.687084e-03,0.349,3.3329,0,3,26,1509,78,89
484,1676,2160,0.224074,0.915,2.030172e+02,3.478196e-03,0.3537,3.317,0,0,95,1508,78,89
485,1675,2160,0.224537,0.915,2.022335e+02,4.298635e-03,0.3612,3.3266,0,9,182,1507,78,89
486,1674,2160,0.225,0.915,2.047406e+02,4.279724e-03,0.3544,3.3189,0,9,125,1506,78,89
487,1673,2160,0.225463,0.915,2.075943e+02,3.312403e-03,0.3511,3.3283,0,4,29,1505,78,89
488,1672,2160,0.225926,0.916,2.074185e+02,2.966237e-03,0.3502,3.3289,0,2,152,1504,78,89
489,1671,2160,0.226389,0.915,2.102212e+02,4.354479e-03,0.3578,3.3307,0,9,155,1503,78,89
490,1670,2160,0.226852,0.916,2.117509e+02,4.303121e-03,0.359,3.3231,0,9,7,1502,78,89
491,1669,2160,0.227315,0.915,2.135566e+02,3.818035e-03,0.3492,3.3126,0,1,182,1501,78,89
492,1668,2160,0.227778,0.915,2.102966e+02,2.712707e-03,0.3668,3.327,0,7,89,1500,78,89
493,1667,2160,0.228241,0.915,2.111477e+02,3.350047e-03,0.35,3.3224,0,4,79,1499,78,89
494,1666,2160,0.228704,0.916,2.116086e+02,4.379390e-03,0.3547,3.3154,0,9,27,1498,78,89
495,1665,2160,0.229167,0.916,2.145104e+02,2.784855e-03,0.3618,3.3093,0,7,182,1497,78,89
496,1664,2160,0.22963,0.916,2.134329e+02,3.063585e-03,0.3535,3.3173,0,2,125,1496,78,89
497,1663,2160,0.230093,0.915,2.166620e+02,1.275506e-03,0.3536,3.3242,2,7,4,1496,78,88
498,1662,2160,0.230556,0.915,2.085146e+02,2.752476e-03,0.3578,3.3183,0,7,189,1495,78,88
499,1661,2160,0.231019,0.915,2.148518e+02,2.772483e-03,0.3522,3.3135,0,7,23,1494,78,88
500,1660,2160,0.231481,0.915,2.191789e+02,3.984676e-03,0.3517,3.3074,0,3,154,1493,78,88
501,1659,2160,0.231944,0.915,2.277081e+02,4.522721e-03,0.3536,3.3212,0,9,102,1492,78,88
502,1658,2160,0.232407,0.916,2.318668e+02,3.976619e-03,0.3662,3.3217,0,3,102,1491,78,88
503,1657,2160,0.23287,0.914,2.222824e+02,4.499869e-03,0.3574,3.3331,0,9,124,1490,78,88
504,1656,2160,0.233333,0.914,2.270945e+02,4.496382e-03,0.3459,3.3392,0,9,38,1489,78,88
505,1655,2160,0.233796,0.915,2.293526e+02,3.150518e-03,0.3421,3.3372,0,2,153,1488,78,88
506,1654,2160,0.234259,0.914,2.324420e+02,2.127443e-03,0.3503,3.3211,0,5,153,1487,78,88
507,1653,2160,0.234722,0.915,2.355422e+02,3.925587e-03,0.3565,3.3153,0,1,167,1486,78,88
508,1652,2160,0.235185,0.915,2.409540e+02,3.751974e-03,0.3552,3.3249,0,0,82,1485,78,88
509,1651,2160,0.235648,0.915,2.387397e+02,4.100646e-03,0.3625,3.3228,0,3,113,1484,78,88
510,1650,2160,0.236111,0.915,2.463636e+02,3.835220e-03,0.3542,3.3235,0,0,14,1483,78,88
511,1649,2160,0.236574,0.915,2.453142e+02,4.723052e-03,0.3482,3.3339,0,9,103,1482,78,88
512,1648,2160,0.237037,0.915,2.482945e+02,4.538057e-03,0.3542,3.3199,0,3,103,1481,78,88
513,1647,2160,0.2375,0.915,2.389105e+02,4.684630e-03,0.3536,3.3445,0,9,156,1480,78,88
514,1646,2160,0.237963,0.915,2.437196e+02,2.209973e-03,0.3439,3.3038,0,5,186,1479,78,88
515,1645,2160,0.238426,0.915,2.463904e+02,3.180491e-03,0.3459,3.3072,0,8,187,1478,78,88
516,1644,2160,0.238889,0.915,2.468741e+02,4.797482e-03,0.3513,3.3124,0,9,183,1477,78,88
517,1643,2160,0.239352,0.915,2.525442e+02,4.200615e-03,0.3505,3.3055,0,3,32,1476,78,88
518,1642,2160,0.239815,0.915,2.599056e+02,4.757385e-03,0.3536,3.3193,0,9,106,1475,78,88
519,1641,2160,0.240278,0.916,2.625501e+02,8.807583e-03,0.344,3.3226,2,4,9,1475,78,87
520,1640,2160,0.240741,0.916,2.628596e+02,3.964677e-03,0.3558,3.3303,0,0,80,1474,78,87
521,1639,2160,0.241204,0.914,2.587486e+02,3.304925e-03,0.3553,3.3296,0,2,151,1473,78,87
522,1638,2160,0.241667,0.913,2.614944e+02,3.337049e-03,0.3412,3.3039,0,2,29,1472,78,87
523,1637,2160,0.24213,0.913,2.684983e+02,4.072804e-03,0.3519,3.3262,0,0,22,1471,78,87
524,1636,2160,0.242593,0.913,2.672668e+02,3.954647e-03,0.3541,3.315,0,0,164,1470,78,87
525,1635,2160,0.243056,0.913,2.655646e+02,3.366224e-03,0.3456,3.3157,0,2,69,1469,78,87
526,1634,2160,0.243519,0.912,2.732839e+02,4.898299e-03,0.3445,3.3281,0,9,109,1468,78,87
527,1633,2160,0.243981,0.912,2.772678e+02,4.306907e-03,0.3507,3.3273,0,3,44,1467,78,87
528,1632,2160,0.244444,0.913,2.847556e+02,3.985800e-03,0.3569,3.3136,0,0,56,1466,78,87
529,1631,2160,0.244907,0.913,2.811240e+02,4.071681e-03,0.3561,3.3165,0,0,0,1465,78,87
530,1630,2160,0.24537,0.912,2.779676e+02,3.779895e-03,0.3537,3.3154,0,4,192,1464,78,87
531,1629,2160,0.245833,0.913,2.799847e+02,3.317649e-03,0.3396,3.3117,0,8,3,1463,78,87
532,1628,2160,0.246296,0.912,2.826727e+02,4.463637e-03,0.3498,3.3135,0,3,167,1462,78,87
533,1627,2160,0.246759,0.913,2.905796e+02,4.591886e-03,0.3446,3.3088,0,3,192,1461,78,87
534,1626,2160,0.247222,0.912,2.920647e+02,4.242307e-03,0.3559,3.3285,0,1,183,1460,78,87
535,1625,2160,0.247685,0.912,3.050993e+02,3.174876e-03,0.3365,3.3138,0,7,105,1459,78,87
536,1624,2160,0.248148,0.912,3.133345e+02,4.251607e-03,0.3504,3.3292,0,0,148,1458,78,87
537,1623,2160,0.248611,0.913,3.112979e+02,5.610555e-03,0.3425,3.3309,0,9,167,1457,78,87
538,1622,2160,0.249074,0.915,3.017498e+02,3.561956e-03,0.3434,3.3189,0,2,75,1456,78,87
539,1621,2160,0.249537,0.914,3.107914e+02,4.257945e-03,0.3469,3.3162,0,0,138,1455,78,87
540,1620,2160,0.25,0.914,3.085786e+02,4.502879e-03,0.347,3.3049,0,1,73,1454,78,87
541,1619,2160,0.250463,0.914,3.144204e+02,2.406077e-03,0.3298,3.3129,0,5,168,1453,78,87
542,1618,2160,0.250926,0.913,3.232237e+02,3.382835e-03,0.3313,3.3202,0,7,168,1452,78,87
543,1617,2160,0.251389,0.912,3.241616e+02,4.435770e-03,0.3474,3.3276,0,1,94,1451,78,87
544,1616,2160,0.251852,0.912,3.274876e+02,5.285814e-03,0.3287,3.3183,0,9,185,1450,78,87
545,1615,2160,0.252315,0.913,3.343293e+02,3.397624e-03,0.3467,3.3179,0,7,169,1449,78,87
546,1614,2160,0.252778,0.913,3.454368e+02,4.109473e-03,0.3537,3.3197,0,4,97,1448,78,87
547,1613,2160,0.253241,0.913,3.516472e+02,3.711696e-03,0.3351,3.3141,0,2,183,1447,78,87
548,1612,2160,0.253704,0.913,3.631769e+02,4.654333e-03,0.333,3.3217,0,1,155,1446,78,87
549,1611,2160,0.254167,0.913,3.777543e+02,4.559701e-03,0.344,3.3092,0,0,100,1445,78,87
550,1610,2160,0.25463,0.913,3.770923e+02,4.506745e-03,0.3403,3.299,0,0,103,1444,78,87
551,1609,2160,0.255093,0.913,3.752139e+02,2.520833e-03,0.3418,3.3156,0,5,140,1443,78,87
552,1608,2160,0.255556,0.913,3.778904e+02,4.581956e-03,0.3372,3.3138,0,0,96,1442,78,87
553,1607,2160,0.256019,0.913,3.760591e+02,4.560576e-03,0.3289,3.3289,0,0,162,1441,78,87
554,1606,2160,0.256481,0.913,3.711501e+02,4.573058e-03,0.3382,3.3229,0,0,101,1440,78,87
555,1605,2160,0.256944,0.913,3.676969e+02,1.697144e-03,0.3373,3.3152,0,5,101,1439,78,87
556,1604,2160,0.257407,0.913,3.557286e+02,4.901359e-03,0.349,3.3177,0,3,99,1438,78,87
557,1603,2160,0.25787,0.913,3.753469e+02,5.711004e-03,0.3278,3.3121,0,9,195,1437,78,87
558,1602,2160,0.258333,0.914,3.906482e+02,3.178153e-03,0.3455,3.3189,2,2,2,1437,78,86
559,1601,2160,0.258796,0.913,3.833028e+02,5.692689e-03,0.3432,3.3234,0,9,17,1436,78,86
560,1600,2160,0.259259,0.914,3.936635e+02,3.798348e-03,0.3391,3.3182,0,8,90,1435,78,86
561,1599,2160,0.259722,0.914,3.973582e+02,4.891650e-03,0.3303,3.3151,0,1,50,1434,78,86
562,1598,2160,0.260185,0.915,4.019176e+02,4.763020e-03,0.3561,3.3118,0,0,40,1433,78,86
563,1597,2160,0.260648,0.915,4.001780e+02,3.623021e-03,0.3434,3.3225,0,7,62,1432,78,86
564,1596,2160,0.261111,0.915,4.106848e+02,4.748202e-03,0.3407,3.3159,0,0,71,1431,78,86
565,1595,2160,0.261574,0.915,4.087036e+02,4.745370e-03,0.333,3.3226,0,0,24,1430,78,86
566,1594,2160,0.262037,0.915,4.045669e+02,4.762627e-03,0.3315,3.3199,0,0,11,1429,78,86
567,1593,2160,0.2625,0.914,4.060631e+02,5.011366e-03,0.3328,3.3163,0,1,95,1428,78,86
568,1592,2160,0.262963,0.913,4.118579e+02,2.644552e-03,0.3247,3.3058,0,5,26,1427,78,86
569,1591,2160,0.263426,0.913,4.210514e+02,5.226005e-03,0.3428,3.3119,0,3,41,1426,78,86
570,1590,2160,0.263889,0.914,4.359608e+02,5.967721e-03,0.3573,3.3194,0,9,153,1425,78,86
571,1589,2160,0.264352,0.914,4.460396e+02,5.994116e-03,0.3304,3.3034,0,9,191,1424,78,86
572,1588,2160,0.264815,0.914,4.560114e+02,5.262113e-03,0.3409,3.3123,0,3,177,1423,78,86
573,1587,2160,0.265278,0.913,4.691247e+02,3.846137e-03,0.3315,3.3118,0,8,177,1422,78,86
574,1586,2160,0.265741,0.913,4.706219e+02,3.901940e-03,0.3319,3.3165,0,8,32,1421,78,86
575,1585,2160,0.266204,0.913,4.757121e+02,5.292796e-03,0.3304,3.3399,0,1,153,1420,78,86
576,1584,2160,0.266667,0.913,4.717832e+02,5.219322e-03,0.3585,3.3265,0,3,172,1419,78,86
577,1583,2160,0.26713,0.913,4.816168e+02,5.250010e-03,0.3372,3.3326,0,3,98,1418,78,86
578,1582,2160,0.267593,0.913,4.945694e+02,6.527596e-03,0.327,3.3238,0,9,98,1417,78,86
579,1581,2160,0.268056,0.913,4.741320e+02,3.561713e-03,0.3264,3.3318,0,7,98,1416,78,86
580,1580,2160,0.268519,0.913,4.702500e+02,2.197252e-03,0.3268,3.3173,0,5,98,1415,78,86
581,1579,2160,0.268981,0.913,4.654352e+02,3.963765e-03,0.3306,3.3073,0,2,98,1414,78,86
582,1578,2160,0.269444,0.913,4.691152e+02,5.176797e-03,0.342,3.3276,0,3,36,1413,78,86
583,1577,2160,0.269907,0.914,4.857223e+02,5.254384e-03,0.3363,3.3212,0,3,125,1412,78,86
584,1576,2160,0.27037,0.914,5.039945e+02,6.041032e-03,0.3343,3.3248,0,9,114,1411,78,86
585,1575,2160,0.270833,0.914,5.128322e+02,4.898454e-03,0.3393,3.3233,0,0,180,1410,78,86
586,1574,2160,0.271296,0.914,5.277794e+02,5.370418e-03,0.3257,3.3227,0,3,132,1409,78,86
587,1573,2160,0.271759,0.913,5.425105e+02,2.375075e-03,0.3318,3.3151,2,6,6,1409,78,85
588,1572,2160,0.272222,0.914,5.302698e+02,4.210989e-03,0.3366,3.3257,0,2,120,1408,78,85
589,1571,2160,0.272685,0.913,5.410246e+02,4.679655e-03,0.3275,3.3158,0,4,193,1407,78,85
590,1570,2160,0.273148,0.913,5.453415e+02,4.212399e-03,0.3316,3.3188,0,2,155,1406,78,85
591,1569,2160,0.273611,0.913,5.541254e+02,5.392381e-03,0.3355,3.3229,0,3,194,1405,78,85
592,1568,2160,0.274074,0.913,5.710124e+02,6.160155e-03,0.3469,3.3343,0,9,171,1404,78,85
593,1567,2160,0.274537,0.914,5.772590e+02,5.062255e-03,0.3378,3.3319,0,0,130,1403,78,85
594,1566,2160,0.275,0.913,5.709056e+02,4.072603e-03,0.3392,3.3151,0,8,161,1402,78,85
595,1565,2160,0.275463,0.916,5.707636e+02,5.798221e-03,0.3401,3.3057,0,3,155,1401,78,85
596,1564,2160,0.275926,0.916,5.730112e+02,4.062006e-03,0.3421,3.3124,0,8,102,1400,78,85
597,1563,2160,0.276389,0.914,5.774641e+02,5.210717e-03,0.3285,3.3287,0,0,92,1399,78,85
598,1562,2160,0.276852,0.915,5.745553e+02,1.440916e-03,0.343,3.3141,1,1,5,1399,77,85
599,1561,2160,0.277315,0.915,5.586477e+02,4.768562e-03,0.3169,3.3115,0,4,121,1398,77,85
600,1560,2160,0.277778,0.915,5.700744e+02,5.546378e-03,0.3275,3.3254,0,3,16,1397,77,85
601,1559,2160,0.278241,0.914,5.893518e+02,1.353311e-02,0.3177,3.3044,1,2,0,1397,76,85
602,1558,2160,0.278704,0.916,5.966575e+02,5.210804e-03,0.3403,3.3144,0,0,126,1396,76,85
603,1557,2160,0.279167,0.916,5.981116e+02,5.329038e-03,0.3173,3.324,0,1,126,1395,76,85
604,1556,2160,0.27963,0.917,6.010055e+02,4.832318e-03,0.315,3.3204,0,4,139,1394,76,85
605,1555,2160,0.280093,0.917,6.115204e+02,4.864848e-03,0.3333,3.3244,0,4,123,1393,76,85
606,1554,2160,0.280556,0.916,6.202023e+02,5.442219e-03,0.327,3.3063,0,0,194,1392,76,85
607,1553,2160,0.281019,0.916,6.092540e+02,4.095295e-03,0.3187,3.3278,0,7,123,1391,76,85
608,1552,2160,0.281481,0.916,5.993216e+02,2.803475e-03,0.3269,3.3279,0,5,139,1390,76,85
609,1551,2160,0.281944,0.916,5.990267e+02,5.546565e-03,0.3206,3.3179,0,1,177,1389,76,85
610,1550,2160,0.282407,0.918,5.994983e+02,4.179819e-03,0.3188,3.3156,0,8,53,1388,76,85
611,1549,2160,0.28287,0.918,5.995464e+02,5.387660e-03,0.3245,3.3215,0,1,80,1387,76,85
612,1548,2160,0.283333,0.917,6.033921e+02,3.259206e-03,0.333,3.315,1,2,1,1387,75,85
613,1547,2160,0.283796,0.917,5.886710e+02,6.386006e-03,0.3266,3.3187,0,9,18,1386,75,85
614,1546,2160,0.284259,0.916,6.059526e+02,5.352178e-03,0.3205,3.3153,0,0,142,1385,75,85
615,1545,2160,0.284722,0.916,6.039004e+02,4.401896e-03,0.3329,3.3168,0,2,168,1384,75,85
616,1544,2160,0.285185,0.917,6.226347e+02,2.942649e-03,0.3205,3.325,0,5,191,1383,75,85
617,1543,2160,0.285648,0.917,6.327606e+02,5.949013e-03,0.3346,3.3134,0,3,168,1382,75,85
618,1542,2160,0.286111,0.916,6.403262e+02,5.577911e-03,0.3174,3.3181,0,1,98,1381,75,85
619,1541,2160,0.286574,0.917,6.640500e+02,5.297580e-03,0.3211,3.3223,0,0,75,1380,75,85
620,1540,2160,0.287037,0.917,6.765350e+02,4.366487e-03,0.3218,3.3175,0,8,66,1379,75,85
621,1539,2160,0.2875,0.917,6.804508e+02,4.251397e-03,0.3195,3.309,0,8,56,1378,75,85
622,1538,2160,0.287963,0.917,6.897103e+02,5.045803e-03,0.328,3.315,0,4,148,1377,75,85
623,1537,2160,0.288426,0.918,6.998465e+02,2.960627e-03,0.3222,3.3218,0,5,57,1376,75,85
624,1536,2160,0.288889,0.918,7.096315e+02,6.008258e-03,0.3195,3.3179,0,3,57,1375,75,85
625,1535,2160,0.289352,0.917,7.171293e+02,5.433290e-03,0.3303,3.3556,0,0,35,1374,75,85
626,1534,2160,0.289815,0.917,7.123809e+02,5.019919e-03,0.3138,3.313,0,4,46,1373,75,85
627,1533,2160,0.290278,0.916,7.175631e+02,4.169621e-03,0.3287,3.3079,0,7,139,1372,75,85
628,1532,2160,0.290741,0.915,7.341444e+02,4.163438e-03,0.3161,3.3039,0,2,139,1371,75,85
629,1531,2160,0.291204,0.915,7.232911e+02,5.433967e-03,0.3263,3.3219,0,0,44,1370,75,85
630,1530,2160,0.291667,0.915,7.248944e+02,5.506992e-03,0.3134,3.3284,0,0,110,1369,75,85
631,1529,2160,0.29213,0.914,7.268770e+02,3.126682e-03,0.3213,3.3056,0,5,93,1368,75,85
632,1528,2160,0.292593,0.914,7.320807e+02,5.195120e-03,0.3247,3.3195,0,4,93,1367,75,85
633,1527,2160,0.293056,0.914,7.260911e+02,5.780241e-03,0.3227,3.3037,0,1,44,1366,75,85
634,1526,2160,0.293519,0.913,7.380050e+02,6.667242e-03,0.3211,3.3143,0,9,138,1365,75,85
635,1525,2160,0.293981,0.913,7.472978e+02,4.184014e-03,0.315,3.33,0,7,25,1364,75,85
636,1524,2160,0.294444,0.913,7.716123e+02,4.689675e-03,0.3186,3.2955,0,2,5,1363,75,85
637,1523,2160,0.294907,0.913,7.966297e+02,3.141288e-03,0.3154,3.3211,0,5,46,1362,75,85
638,1522,2160,0.29537,0.914,8.097931e+02,3.136630e-03,0.3199,3.3136,0,5,188,1361,75,85
639,1521,2160,0.295833,0.914,8.130634e+02,6.918693e-03,0.3169,3.3031,0,9,13,1360,75,85
640,1520,2160,0.296296,0.915,8.168981e+02,3.258406e-03,0.3191,3.3042,0,5,12,1359,75,85
641,1519,2160,0.296759,0.913,8.171226e+02,6.897297e-03,0.32,3.3319,0,9,119,1358,75,85
642,1518,2160,0.297222,0.914,8.207530e+02,6.058760e-03,0.3337,3.3261,0,1,19,1357,75,85
643,1517,2160,0.297685,0.914,8.361101e+02,6.196337e-03,0.3112,3.314,0,3,15,1356,75,85
644,1516,2160,0.298148,0.914,8.557974e+02,7.261319e-03,0.3142,3.3129,0,9,15,1355,75,85
645,1515,2160,0.298611,0.914,8.197441e+02,2.480835e-03,0.3169,3.3088,1,9,5,1355,74,85
646,1514,2160,0.299074,0.913,8.018226e+02,4.878680e-03,0.3189,3.3254,0,2,60,1354,74,85
647,1513,2160,0.299537,0.913,8.186056e+02,6.990371e-03,0.3188,3.3183,0,9,127,1353,74,85
648,1512,2160,0.3,0.913,8.303727e+02,4.689606e-03,0.3219,3.31,0,8,84,1352,74,85
649,1511,2160,0.300463,0.914,8.361561e+02,4.684658e-03,0.3321,3.3161,0,8,86,1351,74,85
650,1510,2160,0.300926,0.915,8.374404e+02,7.148843e-03,0.3184,3.3157,0,9,64,1350,74,85
651,1509,2160,0.301389,0.914,8.436649e+02,5.514809e-03,0.3243,3.316,0,4,167,1349,74,85
652,1508,2160,0.301852,0.914,8.540530e+02,4.449826e-03,0.3201,3.3175,0,8,167,1348,74,85
653,1507,2160,0.302315,0.913,8.621911e+02,6.176802e-03,0.3184,3.3374,0,1,20,1347,74,85
654,1506,2160,0.302778,0.913,8.776563e+02,7.154431e-03,0.3154,3.3213,0,9,143,1346,74,85
655,1505,2160,0.303241,0.913,8.877374e+02,4.795330e-03,0.3179,3.3261,0,8,55,1345,74,85
656,1504,2160,0.303704,0.914,8.990827e+02,6.353621e-03,0.3286,3.3067,0,1,85,1344,74,85
657,1503,2160,0.304167,0.915,9.079665e+02,4.629947e-03,0.3235,3.3316,0,7,10,1343,74,85
658,1502,2160,0.30463,0.915,9.262739e+02,6.593544e-03,0.3173,3.3276,0,3,114,1342,74,85
659,1501,2160,0.305093,0.915,9.491454e+02,7.307249e-03,0.3175,3.3257,0,9,11,1341,74,85
660,1500,2160,0.305556,0.915,9.688669e+02,4.725492e-03,0.315,3.3236,0,7,106,1340,74,85
661,1499,2160,0.306019,0.915,9.804082e+02,6.775468e-03,0.3122,3.3272,0,3,13,1339,74,85
662,1498,2160,0.306481,0.917,9.959769e+02,4.987019e-03,0.3128,3.3493,0,2,13,1338,74,85
663,1497,2160,0.306944,0.916,9.823790e+02,4.953455e-03,0.3262,3.3268,0,8,20,1337,74,85
664,1496,2160,0.307407,0.916,9.739879e+02,6.223826e-03,0.3192,3.3154,0,0,73,1336,74,85
665,1495,2160,0.30787,0.916,9.613408e+02,8.088308e-03,0.3215,3.3241,0,9,20,1335,74,85
666,1494,2160,0.308333,0.916,9.459857e+02,6.137418e-03,0.322,3.3144,0,0,38,1334,74,85
667,1493,2160,0.308796,0.917,9.412281e+02,5.149133e-03,0.3196,3.308,0,2,114,1333,74,85
668,1492,2160,0.309259,0.915,9.356897e+02,5.620125e-03,0.3163,3.3323,0,4,11,1332,74,85
669,1491,2160,0.309722,0.914,9.359920e+02,4.861776e-03,0.325,3.3355,0,7,11,1331,74,85
670,1490,2160,0.310185,0.915,9.246233e+02,5.175477e-03,0.3156,3.3236,0,2,27,1330,74,85
671,1489,2160,0.310648,0.914,9.534388e+02,5.838857e-03,0.308,3.3104,0,4,45,1329,74,85
672,1488,2160,0.311111,0.913,9.673509e+02,5.866379e-03,0.3158,3.3171,0,4,40,1328,74,85
673,1487,2160,0.311574,0.913,9.788907e+02,4.993543e-03,0.3192,3.3262,0,8,40,1327,74,85
674,1486,2160,0.312037,0.914,9.878405e+02,5.045354e-03,0.3201,3.3276,0,8,42,1326,74,85
675,1485,2160,0.3125,0.914,1.011704e+03,7.612054e-03,0.3309,3.3495,0,9,14,1325,74,85
676,1484,2160,0.312963,0.915,1.023734e+03,4.665202e-03,0.314,3.3195,0,8,14,1324,74,85
677,1483,2160,0.313426,0.915,9.989301e+02,8.328923e-03,0.3197,3.3179,1,9,9,1324,73,85
678,1482,2160,0.313889,0.915,9.847475e+02,6.691911e-03,0.3205,3.3003,0,1,140,1323,73,85
679,1481,2160,0.314352,0.914,9.999076e+02,6.012112e-03,0.3157,3.3218,0,4,44,1322,73,85
680,1480,2160,0.314815,0.914,1.011691e+03,5.266879e-03,0.3155,3.3183,0,8,114,1321,73,85
681,1479,2160,0.315278,0.914,1.017467e+03,6.362843e-03,0.3065,3.3242,0,0,12,1320,73,85
682,1478,2160,0.315741,0.914,1.032275e+03,6.898244e-03,0.3133,3.3119,0,3,6,1319,73,85
683,1477,2160,0.316204,0.914,1.058006e+03,6.951149e-03,0.3126,3.3122,0,3,109,1318,73,85
684,1476,2160,0.316667,0.914,1.086650e+03,6.692273e-03,0.3072,3.3097,0,0,114,1317,73,85
685,1475,2160,0.31713,0.915,1.081064e+03,5.241632e-03,0.3089,3.3053,0,8,17,1316,73,85
686,1474,2160,0.317593,0.914,1.086736e+03,7.006277e-03,0.3174,3.3111,0,3,182,1315,73,85
687,1473,2160,0.318056,0.914,1.114251e+03,6.137436e-03,0.3072,3.3058,0,4,190,1314,73,85
688,1472,2160,0.318519,0.914,1.128504e+03,5.008718e-03,0.3135,3.3014,0,7,12,1313,73,85
689,1471,2160,0.318981,0.913,1.134340e+03,6.838168e-03,0.3097,3.3212,0,1,16,1312,73,85
690,1470,2160,0.319444,0.914,1.154617e+03,5.058950e-03,0.3118,3.3254,0,7,142,1311,73,85
691,1469,2160,0.319907,0.914,1.169128e+03,3.708146e-03,0.3202,3.3404,0,5,6,1310,73,85
692,1468,2160,0.32037,0.914,1.164883e+03,6.964408e-03,0.3165,3.3138,0,1,83,1309,73,85
693,1467,2160,0.320833,0.913,1.165665e+03,8.061570e-03,0.3183,3.3199,0,9,83,1308,73,85
694,1466,2160,0.321296,0.914,1.142167e+03,6.041036e-03,0.3243,3.3297,0,4,108,1307,73,85
695,1465,2160,0.321759,0.914,1.157195e+03,6.702739e-03,0.3105,3.3018,0,0,9,1306,73,85
696,1464,2160,0.322222,0.915,1.153586e+03,6.975910e-03,0.3106,3.3087,0,1,116,1305,73,85
697,1463,2160,0.322685,0.914,1.162291e+03,6.726787e-03,0.3131,3.3185,0,0,102,1304,73,85
698,1462,2160,0.323148,0.913,1.163802e+03,6.233731e-03,0.3113,3.3293,0,4,1,1303,73,85
699,1461,2160,0.323611,0.914,1.173599e+03,7.033351e-03,0.3179,3.3059,0,1,55,1302,73,85
700,1460,2160,0.324074,0.913,1.204314e+03,6.291554e-03,0.314,3.3282,0,4,146,1301,73,85
701,1459,2160,0.324537,0.915,1.220643e+03,6.339321e-03,0.3203,3.3282,0,4,72,1300,73,85
702,1458,2160,0.325,0.914,1.229130e+03,5.281555e-03,0.3164,3.3239,0,7,179,1299,73,85
703,1457,2160,0.325463,0.915,1.245701e+03,3.728833e-03,0.327,3.3293,0,5,182,1298,73,85
704,1456,2160,0.325926,0.914,1.257941e+03,7.366522e-03,0.3078,3.3218,0,3,54,1297,73,85
705,1455,2160,0.326389,0.914,1.284329e+03,5.479215e-03,0.3125,3.307,0,8,59,1296,73,85
706,1454,2160,0.326852,0.914,1.296308e+03,8.235415e-03,0.3137,3.3342,0,9,181,1295,73,85
707,1453,2160,0.327315,0.914,1.316999e+03,5.389838e-03,0.3153,3.3308,0,2,181,1294,73,85
708,1452,2160,0.327778,0.912,1.310304e+03,3.716430e-03,0.3134,3.3153,0,5,170,1293,73,85
709,1451,2160,0.328241,0.913,1.336166e+03,6.795886e-03,0.3124,3.3221,0,0,99,1292,73,85
710,1450,2160,0.328704,0.913,1.331635e+03,5.420369e-03,0.3122,3.323,0,8,15,1291,73,85
711,1449,2160,0.329167,0.914,1.342150e+03,6.743114e-03,0.3165,3.3142,0,0,57,1290,73,85
712,1448,2160,0.32963,0.914,1.368873e+03,5.695714e-03,0.3103,3.3289,0,2,191,1289,73,85
713,1447,2160,0.330093,0.914,1.402778e+03,7.323458e-03,0.3093,3.3101,0,1,43,1288,73,85
714,1446,2160,0.330556,0.914,1.420919e+03,5.352037e-03,0.3203,3.3143,0,7,133,1287,73,85
715,1445,2160,0.331019,0.914,1.438039e+03,6.860923e-03,0.3128,3.3128,0,0,6,1286,73,85
716,1444,2160,0.331481,0.914,1.454222e+03,8.329038e-03,0.3145,3.3107,0,9,189,1285,73,85
717,1443,2160,0.331944,0.914,1.465972e+03,8.598007e-03,0.3146,3.3256,0,9,68,1284,73,85
718,1442,2160,0.332407,0.914,1.467996e+03,8.485529e-03,0.3086,3.3357,0,9,8,1283,73,85
719,1441,2160,0.33287,0.914,1.471009e+03,1.623673e-02,0.314,3.3358,2,1,9,1283,73,84
720,1440,2160,0.333333,0.915,1.468007e+03,7.628851e-03,0.3128,3.3149,0,3,152,1282,73,84
721,1439,2160,0.333796,0.915,1.485117e+03,5.875771e-03,0.3169,3.3179,0,2,184,1281,73,84
722,1438,2160,0.334259,0.914,1.513039e+03,3.849362e-03,0.3162,3.322,0,5,40,1280,73,84
723,1437,2160,0.334722,0.914,1.547556e+03,7.474094e-03,0.309,3.3297,0,1,34,1279,73,84
724,1436,2160,0.335185,0.914,1.561863e+03,7.148541e-03,0.3472,3.3394,0,0,192,1278,73,84
725,1435,2160,0.335648,0.914,1.551976e+03,5.531379e-03,0.3199,3.3401,0,7,53,1277,73,84
726,1434,2160,0.336111,0.914,1.566791e+03,5.503635e-03,0.3122,3.3177,0,7,31,1276,73,84
727,1433,2160,0.336574,0.914,1.580910e+03,6.053375e-03,0.3177,3.3278,0,2,86,1275,73,84
728,1432,2160,0.337037,0.914,1.591916e+03,4.144696e-03,0.3076,3.3066,0,5,63,1274,73,84
729,1431,2160,0.3375,0.914,1.591026e+03,8.672657e-03,0.3142,3.3238,0,9,37,1273,73,84
730,1430,2160,0.337963,0.915,1.596596e+03,7.113984e-03,0.3066,3.3118,0,0,88,1272,73,84
731,1429,2160,0.338426,0.914,1.613136e+03,8.638640e-03,0.3142,3.3192,0,9,96,1271,73,84
732,1428,2160,0.338889,0.915,1.627070e+03,5.894892e-03,0.3015,3.3179,0,8,64,1270,73,84
733,1427,2160,0.339352,0.914,1.630410e+03,6.190774e-03,0.3062,3.3087,0,2,96,1269,73,84
734,1426,2160,0.339815,0.914,1.618555e+03,5.773936e-03,0.3227,3.3126,0,8,8,1268,73,84
735,1425,2160,0.340278,0.914,1.626765e+03,5.618541e-03,0.3075,3.3107,0,7,131,1267,73,84
736,1424,2160,0.340741,0.915,1.640967e+03,7.634746e-03,0.303,3.321,0,1,136,1266,73,84
737,1423,2160,0.341204,0.915,1.648365e+03,6.914235e-03,0.3103,3.3269,0,4,58,1265,73,84
738,1422,2160,0.341667,0.915,1.654340e+03,7.662274e-03,0.3102,3.3228,0,1,194,1264,73,84
739,1421,2160,0.34213,0.915,1.671081e+03,6.905964e-03,0.3149,3.3214,0,4,103,1263,73,84
740,1420,2160,0.342593,0.915,1.683912e+03,6.215031e-03,0.3063,3.3281,0,2,21,1262,73,84
741,1419,2160,0.343056,0.915,1.699309e+03,3.179210e-03,0.3171,3.325,1,1,3,1262,72,84
742,1418,2160,0.343519,0.915,1.664925e+03,5.753224e-03,0.3145,3.3145,0,7,163,1261,72,84
743,1417,2160,0.343981,0.915,1.691062e+03,6.278076e-03,0.2981,3.3202,0,2,54,1260,72,84
744,1416,2160,0.344444,0.915,1.708150e+03,8.986622e-03,0.3076,3.3188,0,9,150,1259,72,84
745,1415,2160,0.344907,0.915,1.720121e+03,8.953393e-03,0.3076,3.3288,0,9,158,1258,72,84
746,1414,2160,0.34537,0.915,1.733206e+03,7.724786e-03,0.3048,3.3188,0,0,124,1257,72,84
747,1413,2160,0.345833,0.915,1.727428e+03,6.993230e-03,0.307,3.3093,0,4,133,1256,72,84
748,1412,2160,0.346296,0.915,1.733606e+03,7.071274e-03,0.3087,3.3129,0,4,26,1255,72,84
749,1411,2160,0.346759,0.916,1.764870e+03,5.699889e-03,0.314,3.2994,0,8,26,1254,72,84
750,1410,2160,0.347222,0.915,1.755995e+03,7.922204e-03,0.3147,3.2975,0,1,159,1253,72,84
751,1409,2160,0.347685,0.915,1.781100e+03,7.251617e-03,0.3112,3.3223,0,4,176,1252,72,84
752,1408,2160,0.348148,0.915,1.797266e+03,4.676196e-03,0.2931,3.3159,2,8,8,1252,72,83
753,1407,2160,0.348611,0.915,1.769590e+03,6.458709e-03,0.315,3.3061,0,2,129,1251,72,83
754,1406,2160,0.349074,0.916,1.797341e+03,5.232135e-03,0.3141,3.3163,2,0,5,1251,72,82
755,1405,2160,0.349537,0.916,1.787945e+03,7.771426e-03,0.3192,3.3212,0,0,89,1250,72,82
756,1404,2160,0.35,0.916,1.781263e+03,6.198667e-03,0.305,3.3106,0,8,139,1249,72,82
757,1403,2160,0.350463,0.917,1.811371e+03,6.050827e-03,0.3125,3.3432,0,7,166,1248,72,82
758,1402,2160,0.350926,0.917,1.835996e+03,7.294131e-03,0.3047,3.3327,0,4,111,1247,72,82
759,1401,2160,0.351389,0.918,1.849599e+03,9.384410e-03,0.3075,3.3242,0,9,188,1246,72,82
760,1400,2160,0.351852,0.918,1.860035e+03,7.901986e-03,0.3104,3.3358,0,0,8,1245,72,82
761,1399,2160,0.352315,0.918,1.844407e+03,8.414298e-03,0.3019,3.3285,0,1,166,1244,72,82
762,1398,2160,0.352778,0.918,1.828702e+03,6.279767e-03,0.3117,3.3292,0,8,176,1243,72,82
763,1397,2160,0.353241,0.918,1.836381e+03,7.414926e-03,0.3157,3.3145,0,4,112,1242,72,82
764,1396,2160,0.353704,0.918,1.864640e+03,4.388646e-03,0.3155,3.318,0,5,31,1241,72,82
765,1395,2160,0.354167,0.918,1.883771e+03,8.284952e-03,0.3152,3.3224,0,1,154,1240,72,82
766,1394,2160,0.35463,0.918,1.906024e+03,7.378275e-03,0.3028,3.3194,0,4,70,1239,72,82
767,1393,2160,0.355093,0.918,1.924321e+03,5.968051e-03,0.3096,3.3189,0,8,70,1238,72,82
768,1392,2160,0.355556,0.918,1.933880e+03,8.000448e-03,0.3125,3.323,0,0,141,1237,72,82
769,1391,2160,0.356019,0.918,1.933400e+03,9.605714e-03,0.3049,3.3204,0,9,21,1236,72,82
770,1390,2160,0.356481,0.918,1.950963e+03,6.510528e-03,0.3006,3.3088,0,2,42,1235,72,82
771,1389,2160,0.356944,0.918,1.999965e+03,7.420728e-03,0.2973,3.3211,0,4,98,1234,72,82
772,1388,2160,0.357407,0.917,2.059270e+03,6.151698e-03,0.3074,3.3364,0,7,61,1233,72,82
773,1387,2160,0.35787,0.918,2.092691e+03,8.277051e-03,0.3093,3.3387,0,0,98,1232,72,82
774,1386,2160,0.358333,0.918,2.101712e+03,7.966593e-03,0.297,3.3545,0,0,178,1231,72,82
775,1385,2160,0.358796,0.918,2.105412e+03,6.695614e-03,0.3149,3.3275,0,2,162,1230,72,82
776,1384,2160,0.359259,0.918,2.129744e+03,6.611658e-03,0.2971,3.3283,0,2,4,1229,72,82
777,1383,2160,0.359722,0.917,2.175742e+03,8.176310e-03,0.2921,3.3303,0,0,59,1228,72,82
778,1382,2160,0.360185,0.917,2.187666e+03,6.703448e-03,0.3148,3.308,0,8,162,1227,72,82
779,1381,2160,0.360648,0.917,2.178638e+03,6.412228e-03,0.314,3.321,0,8,195,1226,72,82
780,1380,2160,0.361111,0.917,2.205264e+03,8.720397e-03,0.3071,3.3187,0,3,69,1225,72,82
781,1379,2160,0.361574,0.918,2.259723e+03,8.767929e-03,0.3078,3.3292,0,1,69,1224,72,82
782,1378,2160,0.362037,0.917,2.300514e+03,6.319132e-03,0.3137,3.3193,0,7,164,1223,72,82
783,1377,2160,0.3625,0.917,2.336986e+03,7.206659e-03,0.3086,3.3293,0,2,164,1222,72,82
784,1376,2160,0.362963,0.917,2.327450e+03,6.219658e-03,0.2982,3.3146,0,7,2,1221,72,82
785,1375,2160,0.363426,0.917,2.364167e+03,6.613851e-03,0.308,3.3283,0,8,28,1220,72,82
786,1374,2160,0.363889,0.917,2.390913e+03,8.449556e-03,0.3079,3.3123,0,0,195,1219,72,82
787,1373,2160,0.364352,0.917,2.375453e+03,8.953637e-03,0.3048,3.3238,0,3,162,1218,72,82
788,1372,2160,0.364815,0.915,2.401210e+03,6.418317e-03,0.3049,3.3127,0,7,187,1217,72,82
789,1371,2160,0.365278,0.916,2.433338e+03,9.912390e-03,0.3081,3.3158,0,9,71,1216,72,82
790,1370,2160,0.365741,0.916,2.453309e+03,8.945003e-03,0.2994,3.3199,0,3,124,1215,72,82
791,1369,2160,0.366204,0.916,2.485161e+03,7.764500e-03,0.2957,3.3196,0,4,32,1214,72,82
792,1368,2160,0.366667,0.917,2.509556e+03,3.415450e-03,0.2971,3.3094,0,5,32,1213,72,82
793,1367,2160,0.36713,0.916,2.473393e+03,8.660895e-03,0.3028,3.3178,0,1,176,1212,72,82
794,1366,2160,0.367593,0.916,2.488671e+03,1.007139e-02,0.3017,3.3059,0,9,151,1211,72,82
795,1365,2160,0.368056,0.916,2.509914e+03,6.934649e-03,0.3003,3.3359,0,2,113,1210,72,82
796,1364,2160,0.368519,0.916,2.531905e+03,1.004454e-02,0.2997,3.3265,0,9,113,1209,72,82
797,1363,2160,0.368981,0.916,2.512251e+03,6.845919e-03,0.3087,3.32,0,2,166,1208,72,82
798,1362,2160,0.369444,0.917,2.558836e+03,8.732826e-03,0.2954,3.3191,0,1,157,1207,72,82
799,1361,2160,0.369907,0.916,2.588669e+03,8.616976e-03,0.2975,3.3118,0,0,30,1206,72,82
800,1360,2160,0.37037,0.916,2.578561e+03,6.645123e-03,0.3038,3.3363,0,8,30,1205,72,82
801,1359,2160,0.370833,0.918,2.569840e+03,8.434189e-03,0.2911,3.324,0,0,120,1204,72,82
802,1358,2160,0.371296,0.917,2.572395e+03,3.158954e-03,0.3011,3.3136,0,5,120,1203,72,82
803,1357,2160,0.371759,0.917,2.541337e+03,9.026174e-03,0.3013,3.3177,0,3,71,1202,72,82
804,1356,2160,0.372222,0.917,2.598451e+03,4.552298e-03,0.2959,3.329,0,5,189,1201,72,82
805,1355,2160,0.372685,0.917,2.642081e+03,9.053248e-03,0.2967,3.3318,0,3,178,1200,72,82
806,1354,2160,0.373148,0.916,2.692216e+03,8.435278e-03,0.2917,3.3355,0,0,70,1199,72,82
807,1353,2160,0.373611,0.916,2.690099e+03,4.889600e-03,0.3035,3.3208,0,5,70,1198,72,82
808,1352,2160,0.374074,0.916,2.667516e+03,6.871366e-03,0.2972,3.3122,0,2,106,1197,72,82
809,1351,2160,0.374537,0.918,2.708977e+03,8.565346e-03,0.3031,3.3186,0,0,193,1196,72,82
810,1350,2160,0.375,0.918,2.707702e+03,8.940248e-03,0.3001,3.3072,0,3,25,1195,72,82
811,1349,2160,0.375463,0.917,2.760716e+03,8.528237e-03,0.3006,3.3257,0,0,17,1194,72,82
812,1348,2160,0.375926,0.917,2.776385e+03,6.912386e-03,0.2916,3.3164,0,8,97,1193,72,82
813,1347,2160,0.376389,0.917,2.793265e+03,8.505371e-03,0.2983,3.3211,0,0,119,1192,72,82
814,1346,2160,0.376852,0.917,2.784948e+03,1.037768e-02,0.3142,3.3269,0,9,77,1191,72,82
815,1345,2160,0.377315,0.916,2.803196e+03,8.204607e-03,0.2928,3.3161,0,4,69,1190,72,82
816,1344,2160,0.377778,0.916,2.824434e+03,1.032578e-02,0.2962,3.3196,0,9,12,1189,72,82
817,1343,2160,0.378241,0.916,2.857943e+03,8.123977e-03,0.2898,3.3155,0,4,14,1188,72,82
818,1342,2160,0.378704,0.916,2.879450e+03,9.340571e-03,0.298,3.3221,0,3,140,1187,72,82
819,1341,2160,0.379167,0.917,2.909294e+03,9.255085e-03,0.3032,3.3114,0,3,139,1186,72,82
820,1340,2160,0.37963,0.915,2.965002e+03,6.668025e-03,0.2964,3.3269,0,7,99,1185,72,82
821,1339,2160,0.380093,0.915,3.008920e+03,9.291278e-03,0.3012,3.3118,0,3,1,1184,72,82
822,1338,2160,0.380556,0.918,3.061165e+03,7.277521e-03,0.2913,3.3255,0,2,135,1183,72,82
823,1337,2160,0.381019,0.915,3.091941e+03,1.132533e-02,0.3018,3.3336,0,9,135,1182,72,82
824,1336,2160,0.381481,0.915,3.071393e+03,7.066400e-03,0.3126,3.3364,0,8,46,1181,72,82
825,1335,2160,0.381944,0.916,3.111007e+03,1.073415e-02,0.297,3.32,0,9,165,1180,72,82
826,1334,2160,0.382407,0.915,3.122399e+03,5.112598e-03,0.297,3.3278,0,5,92,1179,72,82
827,1333,2160,0.38287,0.916,3.131402e+03,9.162846e-03,0.2876,3.313,0,0,1,1178,72,82
828,1332,2160,0.383333,0.916,3.081178e+03,9.707922e-03,0.3005,3.3166,0,3,153,1177,72,82
829,1331,2160,0.383796,0.916,3.117110e+03,1.096610e-02,0.2909,3.3198,0,9,23,1176,72,82
830,1330,2160,0.384259,0.916,3.142426e+03,7.208249e-03,0.2862,3.3182,0,8,37,1175,72,82
831,1329,2160,0.384722,0.916,3.157847e+03,1.114209e-02,0.2823,3.3211,0,9,139,1174,72,82
832,1328,2160,0.385185,0.916,3.175827e+03,4.940436e-03,0.2866,3.3258,0,5,192,1173,72,82
833,1327,2160,0.385648,0.916,3.214068e+03,9.734190e-03,0.2883,3.3279,0,1,129,1172,72,82
834,1326,2160,0.386111,0.915,3.235826e+03,9.381447e-03,0.294,3.3167,0,0,165,1171,72,82
835,1325,2160,0.386574,0.916,3.214047e+03,8.774882e-03,0.2959,3.3247,0,4,76,1170,72,82
836,1324,2160,0.387037,0.917,3.222815e+03,7.931187e-03,0.2857,3.3268,0,2,192,1169,72,82
837,1323,2160,0.3875,0.917,3.225704e+03,7.419374e-03,0.2853,3.3137,0,8,0,1168,72,82
838,1322,2160,0.387963,0.917,3.259860e+03,9.427084e-03,0.2892,3.3203,0,0,128,1167,72,82
839,1321,2160,0.388426,0.917,3.249749e+03,1.151979e-02,0.2856,3.3364,0,9,128,1166,72,82
840,1320,2160,0.388889,0.917,3.235683e+03,9.975080e-03,0.2922,3.3226,0,3,193,1165,72,82
841,1319,2160,0.389352,0.917,3.310681e+03,9.665609e-03,0.289,3.3114,0,1,5,1164,72,82
842,1318,2160,0.389815,0.917,3.402179e+03,7.121773e-03,0.2884,3.3172,0,7,135,1163,72,82
843,1317,2160,0.390278,0.917,3.463785e+03,9.439687e-03,0.2782,3.3194,0,0,179,1162,72,82
844,1316,2160,0.390741,0.917,3.468483e+03,9.964991e-03,0.2925,3.3263,0,3,119,1161,72,82
845,1315,2160,0.391204,0.917,3.518741e+03,5.178379e-03,0.2743,3.3192,0,5,45,1160,72,82
846,1314,2160,0.391667,0.918,3.565927e+03,1.103129e-02,0.309,3.318,0,9,45,1159,72,82
847,1313,2160,0.39213,0.918,3.551774e+03,9.939916e-03,0.2841,3.3156,0,3,111,1158,72,82
848,1312,2160,0.392593,0.917,3.605019e+03,1.028134e-02,0.2783,3.3222,0,3,128,1157,72,82
849,1311,2160,0.393056,0.917,3.633874e+03,7.596792e-03,0.2741,3.3276,0,8,13,1156,72,82
850,1310,2160,0.393519,0.917,3.659314e+03,8.790910e-03,0.2764,3.3247,0,4,141,1155,72,82
851,1309,2160,0.393981,0.917,3.678019e+03,1.011248e-02,0.2739,3.3223,0,3,137,1154,72,82
852,1308,2160,0.394444,0.917,3.712958e+03,1.012524e-02,0.2773,3.3174,0,3,144,1153,72,82
853,1307,2160,0.394907,0.917,3.741624e+03,9.736294e-03,0.2859,3.3151,0,0,137,1152,72,82
854,1306,2160,0.39537,0.917,3.701291e+03,7.496389e-03,0.2758,3.3255,0,7,13,1151,72,82
855,1305,2160,0.395833,0.917,3.719532e+03,9.921392e-03,0.287,3.3269,0,1,120,1150,72,82
856,1304,2160,0.396296,0.917,3.736795e+03,9.878225e-03,0.2811,3.3241,0,1,7,1149,72,82
857,1303,2160,0.396759,0.917,3.775176e+03,1.047048e-02,0.2896,3.3269,0,3,45,1148,72,82
858,1302,2160,0.397222,0.916,3.786423e+03,7.420612e-03,0.2753,3.3198,0,7,0,1147,72,82
859,1301,2160,0.397685,0.917,3.821415e+03,9.387892e-03,0.2682,3.316,0,1,0,1146,72,82
860,1300,2160,0.398148,0.917,3.728847e+03,8.698263e-03,0.2791,3.3207,0,4,157,1145,72,82
861,1299,2160,0.398611,0.917,3.764223e+03,7.544531e-03,0.2846,3.3228,0,8,62,1144,72,82
862,1298,2160,0.399074,0.917,3.782379e+03,7.454449e-03,0.2754,3.3188,0,7,17,1143,72,82
863,1297,2160,0.399537,0.917,3.817299e+03,1.029071e-02,0.2782,3.3109,0,3,68,1142,72,82
864,1296,2160,0.4,0.917,3.853946e+03,1.160873e-02,0.2767,3.3298,0,9,65,1141,72,82
865,1295,2160,0.400463,0.917,3.875107e+03,5.480153e-03,0.2792,3.3176,0,5,81,1140,72,82
866,1294,2160,0.400926,0.915,3.869343e+03,1.205380e-02,0.2782,3.322,0,9,120,1139,72,82
867,1293,2160,0.401389,0.917,3.868754e+03,5.467890e-03,0.2812,3.3304,0,5,80,1138,72,82
868,1292,2160,0.401852,0.917,3.868682e+03,9.877034e-03,0.2888,3.3186,0,0,5,1137,72,82
869,1291,2160,0.402315,0.917,3.816762e+03,9.659463e-03,0.2714,3.3245,0,0,42,1136,72,82
870,1290,2160,0.402778,0.917,3.865679e+03,7.444633e-03,0.2748,3.3164,0,7,195,1135,72,82
871,1289,2160,0.403241,0.917,3.940682e+03,5.322149e-03,0.2762,3.3188,0,5,84,1134,72,82
872,1288,2160,0.403704,0.917,3.980688e+03,1.163322e-02,0.2817,3.3164,0,9,94,1133,72,82
873,1287,2160,0.404167,0.917,4.006419e+03,1.021183e-02,0.2721,3.3281,0,1,174,1132,72,82
874,1286,2160,0.40463,0.916,4.015319e+03,9.872362e-03,0.2862,3.3398,0,0,121,1131,72,82
875,1285,2160,0.405093,0.917,3.980982e+03,5.493415e-03,0.2901,3.3233,0,5,97,1130,72,82
876,1284,2160,0.405556,0.918,4.013631e+03,9.778753e-03,0.2724,3.3162,0,0,156,1129,72,82
877,1283,2160,0.406019,0.917,4.036630e+03,1.122175e-02,0.2751,3.3096,0,0,97,1128,72,82
878,1282,2160,0.406481,0.918,3.983509e+03,2.958257e-03,0.2798,3.3165,1,3,1,1128,71,82
879,1281,2160,0.406944,0.916,3.946668e+03,9.964010e-03,0.2788,3.3239,0,0,84,1127,71,82
880,1280,2160,0.407407,0.916,3.995365e+03,7.590725e-03,0.2714,3.312,0,7,1,1126,71,82
881,1279,2160,0.40787,0.917,4.055820e+03,5.449243e-03,0.2792,3.3076,0,5,187,1125,71,82
882,1278,2160,0.408333,0.917,4.088280e+03,8.063457e-03,0.2826,3.3231,0,2,179,1124,71,82
883,1277,2160,0.408796,0.916,4.121156e+03,1.236785e-02,0.2783,3.3171,0,9,97,1123,71,82
884,1276,2160,0.409259,0.915,4.112750e+03,7.934816e-03,0.2646,3.3219,0,7,97,1122,71,82
885,1275,2160,0.409722,0.916,4.134670e+03,9.693142e-03,0.2724,3.3163,0,0,39,1121,71,82
886,1274,2160,0.410185,0.915,4.147163e+03,5.707445e-03,0.2721,3.3202,2,1,8,1121,71,81
887,1273,2160,0.410648,0.915,4.103127e+03,1.028237e-02,0.2777,3.3041,0,3,127,1120,71,81
888,1272,2160,0.411111,0.916,4.174779e+03,7.941572e-03,0.2771,3.316,0,2,3,1119,71,81
889,1271,2160,0.411574,0.917,4.254716e+03,1.205087e-02,0.2708,3.3164,0,9,100,1118,71,81
890,1270,2160,0.412037,0.916,4.299503e+03,1.056487e-02,0.2835,3.3216,0,3,24,1117,71,81
891,1269,2160,0.4125,0.917,4.364325e+03,1.007517e-02,0.2755,3.3121,0,0,51,1116,71,81
892,1268,2160,0.412963,0.917,4.349420e+03,9.029484e-03,0.2697,3.3168,0,4,51,1115,71,81
893,1267,2160,0.413426,0.916,4.381359e+03,1.010676e-02,0.2703,3.3171,0,0,21,1114,71,81
894,1266,2160,0.413889,0.916,4.366864e+03,1.051590e-02,0.2837,3.3276,0,3,14,1113,71,81
895,1265,2160,0.414352,0.914,4.433853e+03,1.036791e-02,0.2794,3.3498,0,1,14,1112,71,81
896,1264,2160,0.414815,0.916,4.501308e+03,5.411380e-03,0.2706,3.3284,0,5,3,1111,71,81
897,1263,2160,0.415278,0.914,4.545011e+03,1.198332e-02,0.2777,3.3144,0,9,86,1110,71,81
898,1262,2160,0.415741,0.915,4.572156e+03,5.662484e-03,0.276,3.3299,0,5,74,1109,71,81
899,1261,2160,0.416204,0.914,4.559059e+03,1.083193e-02,0.2759,3.3244,0,3,7,1108,71,81
900,1260,2160,0.416667,0.915,4.583747e+03,8.289124e-03,0.2826,3.3096,0,2,24,1107,71,81
901,1259,2160,0.41713,0.915,4.573643e+03,7.863863e-03,0.2687,3.3199,0,8,27,1106,71,81
902,1258,2160,0.417593,0.915,4.639352e+03,1.216309e-02,0.2804,3.3236,0,9,107,1105,71,81
903,1257,2160,0.418056,0.914,4.666992e+03,1.238276e-02,0.2673,3.3091,0,9,22,1104,71,81
904,1256,2160,0.418519,0.915,4.684261e+03,7.968881e-03,0.2755,3.3302,0,8,22,1103,71,81
905,1255,2160,0.418981,0.915,4.630726e+03,7.829419e-03,0.2748,3.3154,0,8,24,1102,71,81
906,1254,2160,0.419444,0.915,4.628391e+03,1.012706e-02,0.2687,3.3218,0,0,105,1101,71,81
907,1253,2160,0.419907,0.915,4.611948e+03,1.062830e-02,0.2711,3.3054,0,1,180,1100,71,81
908,1252,2160,0.42037,0.915,4.646267e+03,7.973819e-03,0.2644,3.3272,0,7,147,1099,71,81
909,1251,2160,0.420833,0.916,4.687669e+03,1.149185e-02,0.283,3.3169,0,1,147,1098,71,81
910,1250,2160,0.421296,0.916,4.635200e+03,8.265780e-03,0.2622,3.3259,0,2,77,1097,71,81
911,1249,2160,0.421759,0.916,4.684213e+03,9.548196e-03,0.27,3.3354,0,4,107,1096,71,81
912,1248,2160,0.422222,0.915,4.709607e+03,5.397656e-03,0.2667,3.301,0,5,39,1095,71,81
913,1247,2160,0.422685,0.916,4.766544e+03,9.278676e-03,0.2785,3.3025,0,4,155,1094,71,81
914,1246,2160,0.423148,0.915,4.819055e+03,1.010167e-02,0.2611,3.3176,0,4,39,1093,71,81
915,1245,2160,0.423611,0.916,4.818743e+03,1.216871e-02,0.2647,3.3151,0,9,110,1092,71,81
916,1244,2160,0.424074,0.916,4.871917e+03,8.034414e-03,0.2615,3.3265,0,8,148,1091,71,81
917,1243,2160,0.424537,0.916,4.898442e+03,5.737512e-03,0.2653,3.3144,0,5,79,1090,71,81
918,1242,2160,0.425,0.916,4.908239e+03,5.869854e-03,0.2651,3.3238,0,5,110,1089,71,81
919,1241,2160,0.425463,0.916,4.898139e+03,8.135861e-03,0.2624,3.3152,0,2,17,1088,71,81
920,1240,2160,0.425926,0.916,4.927538e+03,5.545533e-03,0.2743,3.3315,0,5,96,1087,71,81
921,1239,2160,0.426389,0.916,4.993893e+03,1.066533e-02,0.2645,3.3123,0,1,125,1086,71,81
922,1238,2160,0.426852,0.916,5.046661e+03,1.098495e-02,0.2829,3.3133,0,3,90,1085,71,81
923,1237,2160,0.427315,0.916,5.093862e+03,1.087845e-02,0.2555,3.3249,0,3,150,1084,71,81
924,1236,2160,0.427778,0.915,5.144033e+03,1.029803e-02,0.2753,3.3654,0,0,13,1083,71,81
925,1235,2160,0.428241,0.915,5.139525e+03,1.097200e-02,0.2596,3.3264,0,3,85,1082,71,81
926,1234,2160,0.428704,0.915,5.185437e+03,1.104431e-02,0.2537,3.3128,0,3,163,1081,71,81
927,1233,2160,0.429167,0.915,5.230594e+03,9.819547e-03,0.2729,3.3266,0,4,52,1080,71,81
928,1232,2160,0.42963,0.915,5.240594e+03,8.508424e-03,0.2743,3.3294,0,2,71,1079,71,81
929,1231,2160,0.430093,0.915,5.250222e+03,8.401685e-03,0.257,3.3262,0,8,63,1078,71,81
930,1230,2160,0.430556,0.915,5.262598e+03,1.269188e-02,0.2717,3.3464,0,9,41,1077,71,81
931,1229,2160,0.431019,0.915,5.288081e+03,8.183820e-03,0.2682,3.3106,0,8,29,1076,71,81
932,1228,2160,0.431481,0.915,5.365249e+03,8.429070e-03,0.2756,3.3263,0,2,46,1075,71,81
933,1227,2160,0.431944,0.915,5.436331e+03,1.049192e-02,0.2598,3.3167,0,0,108,1074,71,81
934,1226,2160,0.432407,0.914,5.436694e+03,1.308868e-02,0.276,3.3179,0,9,72,1073,71,81
935,1225,2160,0.43287,0.914,5.466341e+03,1.077085e-02,0.2748,3.3289,0,0,106,1072,71,81
936,1224,2160,0.433333,0.915,5.442969e+03,1.041362e-02,0.2582,3.3259,0,0,93,1071,71,81
937,1223,2160,0.433796,0.916,5.463947e+03,1.341443e-02,0.267,3.3185,0,9,85,1070,71,81
938,1222,2160,0.434259,0.916,5.461675e+03,5.620027e-03,0.2575,3.3204,0,5,85,1069,71,81
939,1221,2160,0.434722,0.916,5.434866e+03,1.131383e-02,0.2645,3.308,0,3,46,1068,71,81
940,1220,2160,0.435185,0.916,5.477440e+03,9.956238e-03,0.2544,3.3134,0,4,4,1067,71,81
941,1219,2160,0.435648,0.915,5.532918e+03,5.940268e-03,0.2633,3.3359,0,5,72,1066,71,81
942,1218,2160,0.436111,0.916,5.579364e+03,1.120752e-02,0.2668,3.3176,0,1,27,1065,71,81
943,1217,2160,0.436574,0.916,5.670222e+03,8.235058e-03,0.276,3.3254,0,8,189,1064,71,81
944,1216,2160,0.437037,0.915,5.751290e+03,8.551374e-03,0.2622,3.3184,0,8,145,1063,71,81
945,1215,2160,0.4375,0.914,5.777349e+03,8.642602e-03,0.2492,3.318,0,2,10,1062,71,81
946,1214,2160,0.437963,0.914,5.848003e+03,1.330121e-02,0.2551,3.3323,0,9,187,1061,71,81
947,1213,2160,0.438426,0.915,5.922938e+03,1.015543e-02,0.2896,3.3202,0,4,183,1060,71,81
948,1212,2160,0.438889,0.916,6.000228e+03,8.722958e-03,0.262,3.3389,0,8,51,1059,71,81
949,1211,2160,0.439352,0.916,6.026877e+03,1.334758e-02,0.2611,3.3176,0,9,79,1058,71,81
950,1210,2160,0.439815,0.917,6.040122e+03,8.914934e-03,0.2551,3.3247,0,2,134,1057,71,81
951,1209,2160,0.440278,0.918,6.043430e+03,1.022275e-02,0.2542,3.3165,0,4,85,1056,71,81
952,1208,2160,0.440741,0.917,6.074015e+03,1.338823e-02,0.2575,3.318,0,9,91,1055,71,81
953,1207,2160,0.441204,0.916,6.079839e+03,8.765695e-03,0.2623,3.3177,0,8,81,1054,71,81
954,1206,2160,0.441667,0.916,6.098784e+03,1.151881e-02,0.262,3.3134,0,1,81,1053,71,81
955,1205,2160,0.44213,0.916,6.134175e+03,8.141272e-03,0.2549,3.324,0,7,81,1052,71,81
956,1204,2160,0.442593,0.916,6.051004e+03,1.154738e-02,0.2508,3.3259,0,1,185,1051,71,81
957,1203,2160,0.443056,0.916,6.123366e+03,1.364447e-02,0.2635,3.3184,0,9,160,1050,71,81
958,1202,2160,0.443519,0.915,6.155695e+03,1.039910e-02,0.2626,3.3047,0,4,10,1049,71,81
959,1201,2160,0.443981,0.916,6.175493e+03,1.395181e-02,0.2507,3.3226,0,9,10,1048,71,81
960,1200,2160,0.444444,0.915,6.134118e+03,1.358778e-02,0.2548,3.3224,0,9,3,1047,71,81
961,1199,2160,0.444907,0.915,6.251905e+03,1.179851e-02,0.2583,3.3216,0,1,132,1046,71,81
962,1198,2160,0.44537,0.916,6.323914e+03,1.175921e-02,0.2681,3.3232,0,1,89,1045,71,81
963,1197,2160,0.445833,0.912,6.399805e+03,1.172977e-02,0.255,3.3135,0,3,17,1044,71,81
964,1196,2160,0.446296,0.912,6.486132e+03,1.016732e-02,0.2469,3.3184,0,4,17,1043,71,81
965,1195,2160,0.446759,0.912,6.403435e+03,8.886290e-03,0.2622,3.3258,0,7,190,1042,71,81
966,1194,2160,0.447222,0.913,6.479949e+03,9.014411e-03,0.2816,3.3213,0,2,83,1041,71,81
967,1193,2160,0.447685,0.913,6.582776e+03,9.041368e-03,0.2647,3.3173,0,2,158,1040,71,81
968,1192,2160,0.448148,0.913,6.634412e+03,9.042820e-03,0.2603,3.3041,0,7,63,1039,71,81
969,1191,2160,0.448611,0.913,6.684852e+03,9.156706e-03,0.2514,3.3142,0,2,20,1038,71,81
970,1190,2160,0.449074,0.913,6.728611e+03,1.191242e-02,0.2696,3.3091,0,1,96,1037,71,81
971,1189,2160,0.449537,0.913,6.781018e+03,1.199524e-02,0.2491,3.3212,0,1,88,1036,71,81
972,1188,2160,0.45,0.915,6.805870e+03,9.002500e-03,0.2497,3.3418,0,2,126,1035,71,81
973,1187,2160,0.450463,0.914,6.873155e+03,8.870616e-03,0.2493,3.3409,0,7,185,1034,71,81
974,1186,2160,0.450926,0.914,6.982992e+03,1.049484e-02,0.2647,3.3246,0,4,101,1033,71,81
975,1185,2160,0.451389,0.914,7.066089e+03,9.023623e-03,0.2419,3.339,0,7,57,1032,71,81
976,1184,2160,0.451852,0.915,7.126507e+03,1.389371e-02,0.2517,3.3196,0,9,57,1031,71,81
977,1183,2160,0.452315,0.915,7.145376e+03,1.210934e-02,0.2506,3.3245,0,3,30,1030,71,81
978,1182,2160,0.452778,0.914,7.258348e+03,9.234952e-03,0.2596,3.3278,0,8,132,1029,71,81
979,1181,2160,0.453241,0.913,7.287252e+03,9.199276e-03,0.2511,3.3239,0,8,129,1028,71,81
980,1180,2160,0.453704,0.913,7.316120e+03,9.221733e-03,0.2627,3.2957,0,8,185,1027,71,81
981,1179,2160,0.454167,0.913,7.328430e+03,1.202833e-02,0.251,3.3091,0,1,29,1026,71,81
982,1178,2160,0.45463,0.913,7.395443e+03,1.214814e-02,0.2532,3.3129,0,3,39,1025,71,81
983,1177,2160,0.455093,0.912,7.485458e+03,1.461673e-02,0.2539,3.313,0,9,129,1024,71,81
984,1176,2160,0.455556,0.913,7.522969e+03,6.502753e-03,0.2462,3.3237,0,5,130,1023,71,81
985,1175,2160,0.456019,0.913,7.556036e+03,9.104784e-03,0.2521,3.3203,0,7,130,1022,71,81
986,1174,2160,0.456481,0.913,7.533933e+03,1.214698e-02,0.2654,3.3248,0,1,145,1021,71,81
987,1173,2160,0.456944,0.913,7.536330e+03,6.382635e-03,0.2537,3.3302,0,5,151,1020,71,81
988,1172,2160,0.457407,0.912,7.562657e+03,6.658820e-03,0.254,3.3262,0,5,113,1019,71,81
989,1171,2160,0.45787,0.912,7.569800e+03,1.239478e-02,0.2443,3.333,0,0,113,1018,71,81
990,1170,2160,0.458333,0.912,7.467340e+03,6.530277e-03,0.2664,3.3314,0,5,58,1017,71,81
991,1169,2160,0.458796,0.912,7.502440e+03,1.073460e-02,0.2814,3.3263,0,4,96,1016,71,81
992,1168,2160,0.459259,0.912,7.587792e+03,1.211271e-02,0.2451,3.3236,0,1,64,1015,71,81
993,1167,2160,0.459722,0.911,7.637818e+03,1.159613e-02,0.244,3.3228,0,0,140,1014,71,81
994,1166,2160,0.460185,0.911,7.686030e+03,9.303720e-03,0.2527,3.3125,0,8,166,1013,71,81
995,1165,2160,0.460648,0.912,7.713478e+03,1.087180e-02,0.2413,3.3223,0,4,18,1012,71,81
996,1164,2160,0.461111,0.912,7.764691e+03,1.242268e-02,0.2524,3.3125,0,1,102,1011,71,81
997,1163,2160,0.461574,0.911,7.825940e+03,8.061774e-03,0.2558,3.3271,0,7,102,1010,71,81
998,1162,2160,0.462037,0.909,7.734427e+03,9.303953e-03,0.2478,3.3198,0,2,123,1009,71,81
999,1161,2160,0.4625,0.91,7.836160e+03,9.613682e-03,0.243,3.3263,0,8,190,1008,71,81
1000,1160,2160,0.462963,0.909,7.879236e+03,1.208037e-02,0.2473,3.33,0,0,181,1007,71,81
1001,1159,2160,0.463426,0.909,7.886262e+03,9.732245e-03,0.2545,3.3184,0,7,100,1006,71,81
1002,1158,2160,0.463889,0.91,7.944451e+03,9.497878e-03,0.2487,3.3303,0,7,94,1005,71,81
1003,1157,2160,0.464352,0.91,8.019546e+03,1.119652e-02,0.2482,3.333,0,4,188,1004,71,81
1004,1156,2160,0.464815,0.911,8.097904e+03,1.124563e-02,0.2463,3.3189,0,4,170,1003,71,81
1005,1155,2160,0.465278,0.911,8.196821e+03,9.841745e-03,0.2486,3.3179,0,7,181,1002,71,81
1006,1154,2160,0.465741,0.911,8.271406e+03,6.840430e-03,0.2688,3.3247,0,5,99,1001,71,81
1007,1153,2160,0.466204,0.911,8.332558e+03,6.812115e-03,0.2495,3.3311,0,5,181,1000,71,81
1008,1152,2160,0.466667,0.911,8.350970e+03,1.138741e-02,0.2516,3.3334,0,4,99,999,71,81
1009,1151,2160,0.46713,0.91,8.343477e+03,1.269383e-02,0.2605,3.3261,0,1,26,998,71,81
1010,1150,2160,0.467593,0.91,8.415316e+03,1.296233e-02,0.2451,3.3357,0,1,188,997,71,81
1011,1149,2160,0.468056,0.91,8.468314e+03,9.728209e-03,0.2452,3.3249,0,7,28,996,71,81
1012,1148,2160,0.468519,0.91,8.568903e+03,9.691307e-03,0.2445,3.3329,0,2,103,995,71,81
1013,1147,2160,0.468981,0.91,8.597201e+03,1.282294e-02,0.2656,3.3241,0,1,17,994,71,81
1014,1146,2160,0.469444,0.91,8.723085e+03,1.518772e-02,0.2454,3.3233,0,9,166,993,71,81
1015,1145,2160,0.469907,0.911,8.841834e+03,7.039876e-03,0.2412,3.3171,0,5,41,992,71,81
1016,1144,2160,0.47037,0.911,8.891086e+03,8.949188e-03,0.2406,3.3111,0,8,41,991,71,81
1017,1143,2160,0.470833,0.911,8.838700e+03,9.856092e-03,0.2506,3.3209,0,2,124,990,71,81
1018,1142,2160,0.471296,0.912,8.923260e+03,1.006341e-02,0.2358,3.3221,0,7,161,989,71,81
1019,1141,2160,0.471759,0.912,9.010253e+03,1.162084e-02,0.2456,3.3208,0,4,37,988,71,81
1020,1140,2160,0.472222,0.911,9.056914e+03,1.338541e-02,0.2486,3.3141,0,1,28,987,71,81
1021,1139,2160,0.472685,0.912,9.121245e+03,1.319054e-02,0.2533,3.325,0,1,141,986,71,81
1022,1138,2160,0.473148,0.911,9.195521e+03,1.692300e-02,0.2424,3.3175,0,9,141,985,71,81
1023,1137,2160,0.473611,0.912,9.176713e+03,1.279349e-02,0.2454,3.315,0,0,166,984,71,81
1024,1136,2160,0.474074,0.911,9.141235e+03,1.322943e-02,0.2383,3.3234,0,3,130,983,71,81
1025,1135,2160,0.474537,0.91,9.225307e+03,1.573100e-02,0.2495,3.3465,0,9,52,982,71,81
1026,1134,2160,0.475,0.91,9.278830e+03,1.340983e-02,0.2426,3.3279,0,1,112,981,71,81
1027,1133,2160,0.475463,0.909,9.372282e+03,1.024207e-02,0.2388,3.3217,0,7,154,980,71,81
1028,1132,2160,0.475926,0.908,9.475719e+03,1.032382e-02,0.2452,3.3063,0,7,170,979,71,81
1029,1131,2160,0.476389,0.908,9.537894e+03,1.228660e-02,0.242,3.3232,0,4,43,978,71,81
1030,1130,2160,0.476852,0.907,9.591461e+03,1.188349e-02,0.2541,3.3267,0,4,109,977,71,81
1031,1129,2160,0.477315,0.908,9.646348e+03,1.032376e-02,0.2429,3.3124,0,2,37,976,71,81
1032,1128,2160,0.477778,0.907,9.659807e+03,1.031986e-02,0.2376,3.3234,0,8,18,975,71,81
1033,1127,2160,0.478241,0.906,9.697330e+03,1.384814e-02,0.2423,3.3141,0,0,18,974,71,81
1034,1126,2160,0.478704,0.908,9.590867e+03,1.259190e-02,0.2453,3.3239,0,0,79,973,71,81
1035,1125,2160,0.479167,0.908,9.685938e+03,7.147641e-03,0.2519,3.3325,0,5,7,972,71,81
1036,1124,2160,0.47963,0.909,9.785925e+03,1.183477e-02,0.2504,3.3139,0,4,84,971,71,81
1037,1123,2160,0.480093,0.909,9.906005e+03,7.286524e-03,0.247,3.3306,0,5,135,970,71,81
1038,1122,2160,0.480556,0.91,9.959531e+03,1.050514e-02,0.2461,3.325,0,7,117,969,71,81
1039,1121,2160,0.481019,0.911,9.999581e+03,1.193328e-02,0.2494,3.3227,0,4,75,968,71,81
1040,1120,2160,0.481481,0.911,1.003847e+04,1.361879e-02,0.2467,3.3059,0,1,79,967,71,81
1041,1119,2160,0.481944,0.913,1.002994e+04,7.343036e-03,0.2419,3.3173,0,5,43,966,71,81
1042,1118,2160,0.482407,0.912,1.002510e+04,1.056427e-02,0.2368,3.3233,0,8,169,965,71,81
1043,1117,2160,0.48287,0.911,1.007474e+04,1.676595e-02,0.243,3.3229,0,9,43,964,71,81
1044,1116,2160,0.483333,0.912,1.013466e+04,1.035012e-02,0.2398,3.3343,0,7,43,963,71,81
1045,1115,2160,0.483796,0.912,1.018479e+04,1.015096e-02,0.2433,3.3219,0,2,131,962,71,81
1046,1114,2160,0.484259,0.912,1.027882e+04,1.354762e-02,0.242,3.312,0,3,169,961,71,81
1047,1113,2160,0.484722,0.911,1.037498e+04,1.353568e-02,0.2447,3.3266,0,1,134,960,71,81
1048,1112,2160,0.485185,0.91,1.044384e+04,1.403951e-02,0.2403,3.3216,0,1,169,959,71,81
1049,1111,2160,0.485648,0.912,1.049031e+04,1.720449e-02,0.248,3.3245,0,9,169,958,71,81
1050,1110,2160,0.486111,0.911,1.010250e+04,1.017613e-02,0.245,3.3208,0,2,116,957,71,81
1051,1109,2160,0.486574,0.912,1.018602e+04,9.258637e-03,0.2412,3.3459,0,7,116,956,71,81
1052,1108,2160,0.487037,0.911,1.017564e+04,1.045630e-02,0.2403,3.3192,0,8,91,955,71,81
1053,1107,2160,0.4875,0.908,1.027135e+04,1.039772e-02,0.2573,3.3242,0,8,152,954,71,81
1054,1106,2160,0.487963,0.908,1.036571e+04,1.303928e-02,0.241,3.3138,0,0,118,953,71,81
1055,1105,2160,0.488426,0.908,1.035671e+04,1.351357e-02,0.2406,3.3088,0,3,108,952,71,81
1056,1104,2160,0.488889,0.909,1.049258e+04,1.035198e-02,0.2393,3.3356,0,7,167,951,71,81
1057,1103,2160,0.489352,0.908,1.067261e+04,1.064748e-02,0.2404,3.3058,0,8,21,950,71,81
1058,1102,2160,0.489815,0.908,1.077639e+04,1.310889e-02,0.2397,3.3193,0,0,86,949,71,81
1059,1101,2160,0.490278,0.907,1.077800e+04,1.051542e-02,0.2426,3.3197,0,2,154,948,71,81
1060,1100,2160,0.490741,0.908,1.087272e+04,7.464312e-03,0.2407,3.3147,0,5,154,947,71,81
1061,1099,2160,0.491204,0.908,1.082381e+04,1.417670e-02,0.2352,3.3243,0,1,9,946,71,81
1062,1098,2160,0.491667,0.909,1.090663e+04,1.697805e-02,0.2424,3.3093,0,9,174,945,71,81
1063,1097,2160,0.49213,0.91,1.095669e+04,1.469626e-02,0.2455,3.3349,0,1,107,944,71,81
1064,1096,2160,0.492593,0.908,1.100363e+04,1.102513e-02,0.2378,3.322,0,7,15,943,71,81
1065,1095,2160,0.493056,0.906,1.111626e+04,1.830192e-02,0.2415,3.3314,0,9,108,942,71,81
1066,1094,2160,0.493519,0.906,1.109831e+04,7.685902e-03,0.2412,3.3167,0,5,167,941,71,81
1067,1093,2160,0.493981,0.906,1.119374e+04,1.455433e-02,0.2333,3.3145,0,1,137,940,71,81
1068,1092,2160,0.494444,0.909,1.123171e+04,1.717329e-02,0.2395,3.3213,0,9,134,939,71,81
1069,1091,2160,0.494907,0.909,1.125979e+04,1.388780e-02,0.2351,3.3247,0,0,175,938,71,81
1070,1090,2160,0.49537,0.909,1.120220e+04,1.091335e-02,0.2403,3.3218,0,2,110,937,71,81
1071,1089,2160,0.495833,0.908,1.126000e+04,1.724867e-02,0.2388,3.3265,0,9,173,936,71,81
1072,1088,2160,0.496296,0.909,1.129490e+04,1.440453e-02,0.2526,3.3186,0,0,167,935,71,81
1073,1087,2160,0.496759,0.908,1.127647e+04,1.244432e-02,0.2562,3.323,0,4,42,934,71,81
1074,1086,2160,0.497222,0.908,1.147044e+04,1.445598e-02,0.2434,3.3194,0,3,122,933,71,81
1075,1085,2160,0.497685,0.907,1.162095e+04,1.384644e-02,0.2416,3.3315,0,4,122,932,71,81
1076,1084,2160,0.498148,0.909,1.151683e+04,7.797395e-03,0.2349,3.334,0,5,91,931,71,81
1077,1083,2160,0.498611,0.907,1.160915e+04,1.673004e-02,0.2418,3.3312,2,1,7,931,71,80
1078,1082,2160,0.499074,0.91,1.160259e+04,1.754463e-02,0.2372,3.3345,0,9,82,930,71,80
1079,1081,2160,0.499537,0.91,1.168885e+04,1.118235e-02,0.2504,3.3162,0,8,182,929,71,80
1080,1080,2160,0.5,0.908,1.185652e+04,1.203101e-02,0.2418,3.3248,0,4,182,928,71,80
1081,1079,2160,0.500463,0.909,1.187204e+04,1.454521e-02,0.246,3.3243,0,3,12,927,71,80
1082,1078,2160,0.500926,0.908,1.204672e+04,1.743866e-02,0.2375,3.3151,0,9,56,926,71,80
1083,1077,2160,0.501389,0.909,1.224518e+04,1.421425e-02,0.2371,3.3232,0,0,69,925,71,80
1084,1076,2160,0.501852,0.908,1.225249e+04,1.170802e-02,0.2457,3.316,0,8,107,924,71,80
1085,1075,2160,0.502315,0.91,1.228279e+04,1.477615e-02,0.2387,3.3224,0,0,107,923,71,80
1086,1074,2160,0.502778,0.911,1.214746e+04,1.464288e-02,0.2337,3.3175,0,3,171,922,71,80
1087,1073,2160,0.503241,0.913,1.231479e+04,5.040240e-03,0.2428,3.3285,1,2,5,922,70,80
1088,1072,2160,0.503704,0.912,1.224112e+04,1.474975e-02,0.2353,3.3194,0,3,105,921,70,80
1089,1071,2160,0.504167,0.913,1.238560e+04,1.473808e-02,0.2465,3.3355,0,3,58,920,70,80
1090,1070,2160,0.50463,0.914,1.253775e+04,1.756580e-02,0.2332,3.3234,0,9,145,919,70,80
1091,1069,2160,0.505093,0.913,1.262001e+04,1.424315e-02,0.2365,3.3189,0,0,25,918,70,80
1092,1068,2160,0.505556,0.912,1.259877e+04,7.114218e-03,0.2296,3.3248,0,5,25,917,70,80
1093,1067,2160,0.506019,0.912,1.248152e+04,1.487244e-02,0.2431,3.3167,0,3,35,916,70,80
1094,1066,2160,0.506481,0.914,1.258446e+04,1.511013e-02,0.2383,3.322,0,3,118,915,70,80
1095,1065,2160,0.506944,0.913,1.263107e+04,1.748324e-02,0.2443,3.3188,0,9,168,914,70,80
1096,1064,2160,0.507407,0.913,1.272324e+04,1.486190e-02,0.235,3.3262,0,1,2,913,70,80
1097,1063,2160,0.50787,0.914,1.284756e+04,1.439127e-02,0.2394,3.3282,0,0,60,912,70,80
1098,1062,2160,0.508333,0.913,1.280775e+04,1.296385e-02,0.2357,3.3306,0,4,187,911,70,80
1099,1061,2160,0.508796,0.912,1.290310e+04,1.776946e-02,0.2329,3.3187,0,9,180,910,70,80
1100,1060,2160,0.509259,0.912,1.305349e+04,1.141969e-02,0.2417,3.2974,0,8,36,909,70,80
1101,1059,2160,0.509722,0.911,1.313577e+04,1.276471e-02,0.2481,3.3177,0,4,153,908,70,80
1102,1058,2160,0.510185,0.911,1.332046e+04,1.520810e-02,0.2385,3.3183,0,1,110,907,70,80
1103,1057,2160,0.510648,0.91,1.344844e+04,1.149644e-02,0.2386,3.3212,0,7,157,906,70,80
1104,1056,2160,0.511111,0.911,1.357778e+04,1.540859e-02,0.2295,3.3219,0,1,187,905,70,80
1105,1055,2160,0.511574,0.911,1.365137e+04,1.486862e-02,0.2397,3.3167,0,3,133,904,70,80
1106,1054,2160,0.512037,0.912,1.380679e+04,1.154263e-02,0.2259,3.3385,0,2,133,903,70,80
1107,1053,2160,0.5125,0.907,1.375328e+04,1.493568e-02,0.2391,3.3227,0,3,33,902,70,80
1108,1052,2160,0.512963,0.909,1.385679e+04,1.993504e-02,0.2298,3.3232,0,9,133,901,70,80
1109,1051,2160,0.513426,0.909,1.367307e+04,1.763274e-02,0.2382,3.3146,0,9,140,900,70,80
1110,1050,2160,0.513889,0.91,1.384380e+04,1.525582e-02,0.236,3.3329,0,3,110,899,70,80
1111,1049,2160,0.514352,0.909,1.396729e+04,1.484543e-02,0.2367,3.3245,0,3,78,898,70,80
1112,1048,2160,0.514815,0.909,1.410108e+04,1.161716e-02,0.2396,3.3244,0,7,40,897,70,80
1113,1047,2160,0.515278,0.908,1.421021e+04,1.156906e-02,0.2303,3.3168,0,8,151,896,70,80
1114,1046,2160,0.515741,0.908,1.436804e+04,1.144181e-02,0.2319,3.3328,0,2,148,895,70,80
1115,1045,2160,0.516204,0.908,1.449319e+04,1.329944e-02,0.2404,3.3075,0,4,33,894,70,80
1116,1044,2160,0.516667,0.907,1.445599e+04,1.513258e-02,0.2428,3.3344,0,3,186,893,70,80
1117,1043,2160,0.51713,0.906,1.456920e+04,1.836379e-02,0.2418,3.3128,0,9,76,892,70,80
1118,1042,2160,0.517593,0.907,1.459584e+04,1.182924e-02,0.2356,3.3191,0,8,155,891,70,80
1119,1041,2160,0.518056,0.908,1.467608e+04,1.189396e-02,0.2417,3.3319,0,7,162,890,70,80
1120,1040,2160,0.518519,0.908,1.478294e+04,1.528680e-02,0.2368,3.3218,0,3,136,889,70,80
1121,1039,2160,0.518981,0.908,1.485700e+04,1.334333e-02,0.2363,3.3204,0,4,158,888,70,80
1122,1038,2160,0.519444,0.909,1.490921e+04,1.553466e-02,0.2321,3.3196,0,1,192,887,70,80
1123,1037,2160,0.519907,0.907,1.498919e+04,1.559024e-02,0.2358,3.323,0,1,6,886,70,80
1124,1036,2160,0.52037,0.908,1.503452e+04,1.072764e-02,0.2217,3.3242,0,7,6,885,70,80
1125,1035,2160,0.520833,0.908,1.486745e+04,1.143820e-02,0.2346,3.3125,0,7,192,884,70,80
1126,1034,2160,0.521296,0.908,1.487386e+04,1.785891e-02,0.2432,3.3799,0,9,44,883,70,80
1127,1033,2160,0.521759,0.908,1.505925e+04,1.514289e-02,0.2262,3.3348,0,3,40,882,70,80
1128,1032,2160,0.522222,0.908,1.529109e+04,1.795392e-02,0.2328,3.3213,0,9,6,881,70,80
1129,1031,2160,0.522685,0.908,1.543571e+04,1.040245e-02,0.2286,3.3307,0,2,6,880,70,80
1130,1030,2160,0.523148,0.907,1.553790e+04,1.122487e-02,0.2294,3.3302,0,2,73,879,70,80
1131,1029,2160,0.523611,0.91,1.567337e+04,1.188291e-02,0.2272,3.3261,0,8,33,878,70,80
1132,1028,2160,0.524074,0.907,1.575119e+04,1.580689e-02,0.2316,3.3315,0,0,33,877,70,80
1133,1027,2160,0.524537,0.907,1.561356e+04,1.152139e-02,0.2253,3.332,0,8,6,876,70,80
1134,1026,2160,0.525,0.907,1.581761e+04,1.315055e-02,0.2342,3.3314,0,4,38,875,70,80
1135,1025,2160,0.525463,0.907,1.595789e+04,1.549273e-02,0.2296,3.3306,0,3,0,874,70,80
1136,1024,2160,0.525926,0.908,1.620335e+04,1.301629e-02,0.2368,3.3085,0,4,27,873,70,80
1137,1023,2160,0.526389,0.908,1.648102e+04,1.544547e-02,0.2304,3.3187,0,3,93,872,70,80
1138,1022,2160,0.526852,0.909,1.671296e+04,1.575090e-02,0.2317,3.3179,0,1,179,871,70,80
1139,1021,2160,0.527315,0.909,1.697205e+04,1.359205e-02,0.2273,3.3227,0,4,77,870,70,80
1140,1020,2160,0.527778,0.909,1.707527e+04,1.560617e-02,0.2278,3.3323,0,1,123,869,70,80
1141,1019,2160,0.528241,0.91,1.726426e+04,1.373409e-02,0.2276,3.3168,0,4,179,868,70,80
1142,1018,2160,0.528704,0.91,1.729197e+04,1.588243e-02,0.23,3.3205,0,1,127,867,70,80
1143,1017,2160,0.529167,0.91,1.745120e+04,1.689526e-02,0.221,3.3209,0,3,179,866,70,80
1144,1016,2160,0.52963,0.911,1.743915e+04,1.860340e-02,0.2305,3.3329,0,9,123,865,70,80
1145,1015,2160,0.530093,0.91,1.747871e+04,1.569535e-02,0.2304,3.3225,0,3,176,864,70,80
1146,1014,2160,0.530556,0.91,1.769111e+04,1.134793e-02,0.2403,3.3059,0,2,176,863,70,80
1147,1013,2160,0.531019,0.909,1.765885e+04,1.541926e-02,0.2322,3.3096,0,0,174,862,70,80
1148,1012,2160,0.531481,0.911,1.763377e+04,8.394232e-03,0.2298,3.3145,0,5,125,861,70,80
1149,1011,2160,0.531944,0.912,1.779669e+04,1.232611e-02,0.2259,3.322,0,7,104,860,70,80
1150,1010,2160,0.532407,0.911,1.788523e+04,1.616987e-02,0.2417,3.3246,0,1,101,859,70,80
1151,1009,2160,0.53287,0.913,1.794215e+04,1.555737e-02,0.2294,3.3198,0,0,186,858,70,80
1152,1008,2160,0.533333,0.911,1.798257e+04,1.613431e-02,0.2178,3.3208,0,3,64,857,70,80
1153,1007,2160,0.533796,0.911,1.809388e+04,1.610961e-02,0.2346,3.322,0,3,77,856,70,80
1154,1006,2160,0.534259,0.91,1.825830e+04,1.905778e-02,0.2256,3.332,0,9,101,855,70,80
1155,1005,2160,0.534722,0.91,1.828554e+04,1.391780e-02,0.2296,3.3353,0,4,134,854,70,80
1156,1004,2160,0.535185,0.91,1.833579e+04,8.421178e-03,0.2306,3.3164,0,5,4,853,70,80
1157,1003,2160,0.535648,0.909,1.854794e+04,1.236526e-02,0.2343,3.3253,0,8,191,852,70,80
1158,1002,2160,0.536111,0.91,1.872987e+04,1.232360e-02,0.2198,3.3219,0,7,191,851,70,80
1159,1001,2160,0.536574,0.91,1.881951e+04,8.451964e-03,0.2331,3.3246,0,5,114,850,70,80
1160,1000,2160,0.537037,0.91,1.903562e+04,1.371200e-02,0.2366,3.3239,0,4,114,849,70,80
1161,999,2160,0.5375,0.909,1.893455e+04,8.431987e-03,0.221,3.3149,0,5,76,848,70,80
1162,998,2160,0.537963,0.911,1.899762e+04,1.260951e-02,0.2217,3.3222,0,7,160,847,70,80
1163,997,2160,0.538426,0.909,1.909805e+04,1.626281e-02,0.2327,3.3118,0,3,53,846,70,80
1164,996,2160,0.538889,0.909,1.922014e+04,1.390545e-02,0.2237,3.327,0,4,102,845,70,80
1165,995,2160,0.539352,0.91,1.931973e+04,1.408774e-02,0.2309,3.3267,0,4,50,844,70,80
1166,994,2160,0.539815,0.911,1.936578e+04,1.670664e-02,0.218,3.3334,0,1,114,843,70,80
1167,993,2160,0.540278,0.91,1.940886e+04,1.477476e-02,0.2296,3.3121,0,4,53,842,70,80
1168,992,2160,0.540741,0.914,1.934635e+04,1.882981e-02,0.2254,3.3296,0,9,163,841,70,80
1169,991,2160,0.541204,0.911,1.949130e+04,1.640257e-02,0.2252,3.3169,0,3,76,840,70,80
1170,990,2160,0.541667,0.909,1.967101e+04,1.185653e-02,0.2146,3.3274,0,2,15,839,70,80
1171,989,2160,0.54213,0.91,1.983289e+04,1.186053e-02,0.2382,3.3064,0,2,11,838,70,80
1172,988,2160,0.542593,0.908,1.998785e+04,1.255405e-02,0.2266,3.3198,0,8,133,837,70,80
1173,987,2160,0.543056,0.909,2.012004e+04,1.642681e-02,0.2155,3.3101,0,0,15,836,70,80
1174,986,2160,0.543519,0.909,2.000490e+04,6.124740e-03,0.2184,3.3284,0,5,15,835,70,80
1175,985,2160,0.543981,0.909,1.984847e+04,1.670008e-02,0.232,3.3273,0,1,72,834,70,80
1176,984,2160,0.544444,0.909,2.000435e+04,1.639926e-02,0.232,3.3201,0,3,88,833,70,80
1177,983,2160,0.544907,0.909,2.016093e+04,1.392750e-02,0.2275,3.3584,0,4,166,832,70,80
1178,982,2160,0.54537,0.91,2.028945e+04,1.660706e-02,0.2268,3.3242,0,1,70,831,70,80
1179,981,2160,0.545833,0.909,2.039524e+04,1.197035e-02,0.2313,3.3046,0,2,175,830,70,80
1180,980,2160,0.546296,0.908,2.045006e+04,1.203810e-02,0.2176,3.3004,0,2,70,829,70,80
1181,979,2160,0.546759,0.908,2.058729e+04,1.179212e-02,0.2271,3.3105,0,2,186,828,70,80
1182,978,2160,0.547222,0.909,2.081314e+04,1.246915e-02,0.2309,3.3112,0,8,119,827,70,80
1183,977,2160,0.547685,0.91,2.095935e+04,1.675448e-02,0.2195,3.3084,0,1,142,826,70,80
1184,976,2160,0.548148,0.911,2.112259e+04,1.670189e-02,0.2258,3.3177,0,1,24,825,70,80
1185,975,2160,0.548611,0.91,2.125141e+04,1.705405e-02,0.2284,3.3288,0,1,87,824,70,80
1186,974,2160,0.549074,0.912,2.130418e+04,1.673992e-02,0.2109,3.3208,0,1,124,823,70,80
1187,973,2160,0.549537,0.912,2.135722e+04,4.559675e-03,0.2207,3.3306,1,3,3,823,69,80
1188,972,2160,0.55,0.912,2.119133e+04,1.666919e-02,0.2298,3.324,0,1,45,822,69,80
1189,971,2160,0.550463,0.912,2.129377e+04,1.673927e-02,0.2164,3.3153,0,1,32,821,69,80
1190,970,2160,0.550926,0.911,2.139466e+04,1.631751e-02,0.2123,3.3174,0,3,11,820,69,80
1191,969,2160,0.551389,0.911,2.159664e+04,6.814998e-03,0.2224,3.3154,1,7,3,820,68,80
1192,968,2160,0.551852,0.91,2.149427e+04,1.662194e-02,0.2346,3.3213,0,1,92,819,68,80
1193,967,2160,0.552315,0.907,2.161840e+04,1.702266e-02,0.2165,3.3206,0,1,82,818,68,80
1194,966,2160,0.552778,0.907,2.173806e+04,9.021239e-03,0.2202,3.3145,0,5,138,817,68,80
1195,965,2160,0.553241,0.907,2.180669e+04,1.647157e-02,0.2174,3.3099,0,3,190,816,68,80
1196,964,2160,0.553704,0.907,2.195961e+04,1.276412e-02,0.221,3.3175,0,7,194,815,68,80
1197,963,2160,0.554167,0.906,2.211105e+04,1.632537e-02,0.2281,3.3107,0,0,87,814,68,80
1198,962,2160,0.55463,0.907,2.205443e+04,1.684145e-02,0.2161,3.3254,0,3,82,813,68,80
1199,961,2160,0.555093,0.907,2.209323e+04,1.684129e-02,0.2161,3.3252,0,1,156,812,68,80
1200,960,2160,0.555556,0.907,2.211300e+04,1.917429e-02,0.2213,3.3194,0,9,172,811,68,80
1201,959,2160,0.556019,0.907,2.216902e+04,1.240384e-02,0.2269,3.3237,0,2,194,810,68,80
1202,958,2160,0.556481,0.907,2.220786e+04,9.122603e-03,0.2288,3.3248,0,5,184,809,68,80
1203,957,2160,0.556944,0.907,2.238183e+04,1.134236e-02,0.2111,3.3287,0,8,184,808,68,80
1204,956,2160,0.557407,0.908,2.227677e+04,7.683205e-03,0.2216,3.3234,0,5,194,807,68,80
1205,955,2160,0.55787,0.907,2.229603e+04,1.191912e-02,0.2258,3.3147,0,8,194,806,68,80
1206,954,2160,0.558333,0.909,2.219405e+04,8.791394e-03,0.2197,3.3177,0,5,30,805,68,80
1207,953,2160,0.558796,0.91,2.246091e+04,9.385719e-03,0.2282,3.3312,0,5,61,804,68,80
1208,952,2160,0.559259,0.908,2.251584e+04,1.194952e-02,0.2283,3.3314,0,2,61,803,68,80
1209,951,2160,0.559722,0.908,2.249394e+04,1.261982e-02,0.2252,3.3187,0,8,75,802,68,80
1210,950,2160,0.560185,0.905,2.272091e+04,1.718140e-02,0.2161,3.3353,0,1,181,801,68,80
1211,949,2160,0.560648,0.908,2.302249e+04,1.679964e-02,0.2122,3.3295,0,0,43,800,68,80
1212,948,2160,0.561111,0.906,2.325197e+04,1.077135e-02,0.2202,3.3248,0,8,43,799,68,80
1213,947,2160,0.561574,0.908,2.304299e+04,1.736840e-02,0.2223,3.3386,0,1,8,798,68,80
1214,946,2160,0.562037,0.909,2.326127e+04,1.218815e-02,0.227,3.3331,0,7,8,797,68,80
1215,945,2160,0.5625,0.906,2.310669e+04,1.721154e-02,0.2129,3.3108,0,3,87,796,68,80
1216,944,2160,0.562963,0.908,2.335687e+04,1.721856e-02,0.2208,3.3155,0,1,99,795,68,80
1217,943,2160,0.563426,0.907,2.365797e+04,1.766018e-02,0.2251,3.3432,0,1,74,794,68,80
1218,942,2160,0.563889,0.91,2.380469e+04,1.672414e-02,0.2296,3.3084,0,0,139,793,68,80
1219,941,2160,0.564352,0.908,2.411362e+04,1.747915e-02,0.2192,3.3246,0,1,106,792,68,80
1220,940,2160,0.564815,0.904,2.439592e+04,5.775178e-03,0.2295,3.3127,2,3,6,792,68,79
1221,939,2160,0.565278,0.903,2.431697e+04,1.775730e-02,0.2196,3.3238,0,1,86,791,68,79
1222,938,2160,0.565741,0.905,2.447296e+04,1.774753e-02,0.2119,3.3129,0,3,22,790,68,79
1223,937,2160,0.566204,0.906,2.466142e+04,1.325736e-02,0.2136,3.3284,0,8,123,789,68,79
1224,936,2160,0.566667,0.904,2.484984e+04,1.330702e-02,0.217,3.3353,0,7,152,788,68,79
1225,935,2160,0.56713,0.903,2.510152e+04,1.820041e-02,0.2285,3.3322,0,1,31,787,68,79
1226,934,2160,0.567593,0.903,2.528875e+04,1.483190e-02,0.2106,3.3269,0,4,36,786,68,79
1227,933,2160,0.568056,0.902,2.538880e+04,1.366539e-02,0.2123,3.3276,0,7,71,785,68,79
1228,932,2160,0.568519,0.903,2.553170e+04,9.168673e-03,0.2221,3.3366,0,5,71,784,68,79
1229,931,2160,0.568981,0.902,2.555791e+04,1.476100e-02,0.2122,3.334,0,4,126,783,68,79
1230,930,2160,0.569444,0.902,2.568643e+04,1.825320e-02,0.2239,3.3235,0,1,190,782,68,79
1231,929,2160,0.569907,0.904,2.585043e+04,1.817200e-02,0.2109,3.3358,0,1,178,781,68,79
1232,928,2160,0.57037,0.903,2.593796e+04,1.763680e-02,0.2156,3.3153,0,3,165,780,68,79
1233,927,2160,0.570833,0.903,2.610750e+04,1.773278e-02,0.2064,3.3238,0,0,112,779,68,79
1234,926,2160,0.571296,0.904,2.613046e+04,1.363346e-02,0.2232,3.3208,0,7,141,778,68,79
1235,925,2160,0.571759,0.906,2.625477e+04,1.759170e-02,0.2088,3.3226,0,0,64,777,68,79
1236,924,2160,0.572222,0.904,2.626923e+04,1.351687e-02,0.2035,3.3266,0,2,165,776,68,79
1237,923,2160,0.572685,0.905,2.617884e+04,1.419325e-02,0.2166,3.3299,0,7,165,775,68,79
1238,922,2160,0.573148,0.906,2.614883e+04,2.017081e-02,0.2126,3.3317,0,9,105,774,68,79
1239,921,2160,0.573611,0.901,2.627212e+04,2.035186e-02,0.2081,3.329,0,9,146,773,68,79
1240,920,2160,0.574074,0.905,2.637988e+04,1.843864e-02,0.2064,3.3199,0,1,128,772,68,79
1241,919,2160,0.574537,0.903,2.639145e+04,1.366804e-02,0.2023,3.3202,0,7,113,771,68,79
1242,918,2160,0.575,0.903,2.656443e+04,1.367626e-02,0.2054,3.3202,0,7,118,770,68,79
1243,917,2160,0.575463,0.901,2.660390e+04,3.070896e-02,0.2018,3.3179,2,3,9,770,68,78
1244,916,2160,0.575926,0.902,2.664361e+04,7.065406e-03,0.2042,3.3213,2,3,8,770,68,77
1245,915,2160,0.576389,0.901,2.637743e+04,1.355688e-02,0.2057,3.3276,0,8,89,769,68,77
1246,914,2160,0.576852,0.9,2.653155e+04,5.385352e-03,0.1961,3.3311,1,5,2,769,67,77
1247,913,2160,0.577315,0.9,2.636043e+04,1.840462e-02,0.2075,3.3236,0,1,100,768,67,77
1248,912,2160,0.577778,0.899,2.659213e+04,1.317240e-02,0.1952,3.3314,0,2,161,767,67,77
1249,911,2160,0.578241,0.901,2.674052e+04,1.933636e-02,0.2058,3.3319,0,1,161,766,67,77
1250,910,2160,0.578704,0.898,2.673484e+04,1.372921e-02,0.2117,3.3234,0,7,26,765,67,77
1251,909,2160,0.579167,0.899,2.700678e+04,1.854468e-02,0.2061,3.333,0,3,100,764,67,77
1252,908,2160,0.57963,0.901,2.707981e+04,1.387346e-02,0.2056,3.3305,0,8,67,763,67,77
1253,907,2160,0.580093,0.902,2.711437e+04,1.391316e-02,0.206,3.3289,0,7,30,762,67,77
1254,906,2160,0.580556,0.9,2.724678e+04,1.673333e-02,0.2026,3.3299,0,1,30,761,67,77
1255,905,2160,0.581019,0.901,2.695010e+04,1.803943e-02,0.2108,3.3203,0,1,75,760,67,77
1256,904,2160,0.581481,0.899,2.712755e+04,1.494983e-02,0.228,3.3186,0,4,23,759,67,77
1257,903,2160,0.581944,0.9,2.721558e+04,1.390018e-02,0.1979,3.3186,0,7,95,758,67,77
1258,902,2160,0.582407,0.897,2.732588e+04,9.960968e-03,0.1946,3.3291,0,5,176,757,67,77
1259,901,2160,0.58287,0.897,2.749066e+04,1.335447e-02,0.1941,3.3206,0,7,176,756,67,77
1260,900,2160,0.583333,0.9,2.760459e+04,1.525344e-02,0.2133,3.3265,0,4,66,755,67,77
1261,899,2160,0.583796,0.9,2.768115e+04,1.389098e-02,0.1976,3.3342,0,7,9,754,67,77
1262,898,2160,0.584259,0.9,2.784197e+04,5.874220e-03,0.2034,3.3285,1,4,5,754,66,77
1263,897,2160,0.584722,0.898,2.767665e+04,1.389404e-02,0.2038,3.3169,0,7,145,753,66,77
1264,896,2160,0.585185,0.899,2.791450e+04,2.401397e-02,0.2004,3.319,1,4,7,753,65,77
1265,895,2160,0.585648,0.899,2.804781e+04,5.208412e-03,0.2041,3.3355,2,6,3,753,65,76
1266,894,2160,0.586111,0.897,2.783683e+04,2.038741e-02,0.2001,3.3364,0,9,32,752,65,76
1267,893,2160,0.586574,0.898,2.816332e+04,1.279534e-02,0.2071,3.3295,0,2,43,751,65,76
1268,892,2160,0.587037,0.899,2.855678e+04,1.002881e-02,0.2003,3.3175,0,5,100,750,65,76
1269,891,2160,0.5875,0.9,2.870325e+04,1.432488e-02,0.2206,3.3294,0,7,180,749,65,76
1270,890,2160,0.587963,0.901,2.893586e+04,9.671553e-03,0.1961,3.3093,0,5,56,748,65,76
1271,889,2160,0.588426,0.9,2.927787e+04,1.544134e-02,0.1984,3.32,0,4,195,747,65,76
1272,888,2160,0.588889,0.901,2.954800e+04,9.505959e-03,0.2016,3.3289,0,5,28,746,65,76
1273,887,2160,0.589352,0.903,2.995821e+04,1.316858e-02,0.2037,3.3392,0,2,67,745,65,76
1274,886,2160,0.589815,0.903,3.012078e+04,1.440845e-02,0.1937,3.3305,0,7,149,744,65,76
1275,885,2160,0.590278,0.902,3.027550e+04,2.083455e-02,0.2012,3.3238,0,9,53,743,65,76
1276,884,2160,0.590741,0.905,3.053682e+04,1.360956e-02,0.2056,3.3116,0,2,68,742,65,76
1277,883,2160,0.591204,0.904,3.061231e+04,1.876025e-02,0.193,3.3234,0,1,57,741,65,76
1278,882,2160,0.591667,0.905,3.084357e+04,1.457786e-02,0.2108,3.3095,0,7,109,740,65,76
1279,881,2160,0.59213,0.901,3.100636e+04,9.790985e-03,0.2161,3.3513,0,5,17,739,65,76
1280,880,2160,0.592593,0.902,3.134375e+04,1.420909e-02,0.2006,3.3186,0,7,44,738,65,76
1281,879,2160,0.593056,0.902,3.160815e+04,1.826044e-02,0.1985,3.3126,0,0,23,737,65,76
1282,878,2160,0.593519,0.901,3.159573e+04,1.839940e-02,0.2077,3.3332,0,0,122,736,65,76
1283,877,2160,0.593981,0.901,3.156429e+04,1.787845e-02,0.2053,3.3351,0,0,53,735,65,76
1284,876,2160,0.594444,0.9,3.151668e+04,2.094807e-02,0.1957,3.3181,0,9,149,734,65,76
1285,875,2160,0.594907,0.902,3.158934e+04,1.586484e-02,0.1939,3.3194,0,4,150,733,65,76
1286,874,2160,0.59537,0.903,3.169274e+04,1.891548e-02,0.1969,3.3175,0,1,103,732,65,76
1287,873,2160,0.595833,0.893,3.181030e+04,1.361418e-02,0.217,3.3203,0,2,137,731,65,76
1288,872,2160,0.596296,0.897,3.184979e+04,1.870799e-02,0.1994,3.3162,0,0,149,730,65,76
1289,871,2160,0.596759,0.895,3.174538e+04,2.122171e-02,0.2092,3.3196,0,9,74,729,65,76
1290,870,2160,0.597222,0.895,3.183620e+04,1.606358e-02,0.1891,3.3303,0,4,161,728,65,76
1291,869,2160,0.597685,0.896,3.194098e+04,1.909556e-02,0.2044,3.3266,0,1,13,727,65,76
1292,868,2160,0.598148,0.896,3.226232e+04,1.856296e-02,0.1954,3.3217,0,0,52,726,65,76
1293,867,2160,0.598611,0.897,3.226928e+04,1.284992e-02,0.195,3.3433,0,8,52,725,65,76
1294,866,2160,0.599074,0.898,3.222587e+04,1.372407e-02,0.1944,3.3041,0,8,74,724,65,76
1295,865,2160,0.599537,0.895,3.242166e+04,1.973283e-02,0.1927,3.3195,0,0,74,723,65,76
1296,864,2160,0.6,0.895,3.234827e+04,1.322614e-02,0.1984,3.3212,0,2,74,722,65,76
1297,863,2160,0.600463,0.896,3.243922e+04,1.443680e-02,0.1878,3.3211,0,7,151,721,65,76
1298,862,2160,0.600926,0.896,3.269766e+04,5.286265e-03,0.1897,3.3203,1,1,4,721,64,76
1299,861,2160,0.601389,0.897,3.252777e+04,1.334511e-02,0.1883,3.3153,0,2,97,720,64,76
1300,860,2160,0.601852,0.897,3.297568e+04,1.657183e-02,0.1988,3.3253,0,4,159,719,64,76
1301,859,2160,0.602315,0.9,3.316099e+04,1.973330e-02,0.1918,3.3467,0,0,150,718,64,76
1302,858,2160,0.602778,0.9,3.317075e+04,3.777543e-02,0.1937,3.3175,1,2,7,718,63,76
1303,857,2160,0.603241,0.899,3.317394e+04,1.543324e-02,0.1842,3.3173,0,7,125,717,63,76
1304,856,2160,0.603704,0.9,3.349634e+04,1.552099e-02,0.1881,3.3265,0,7,177,716,63,76
1305,855,2160,0.604167,0.901,3.374081e+04,1.578026e-02,0.2072,3.314,0,7,60,715,63,76
1306,854,2160,0.60463,0.9,3.389089e+04,1.979875e-02,0.1978,3.3209,0,1,189,714,63,76
1307,853,2160,0.605093,0.898,3.408975e+04,1.676747e-02,0.1889,3.312,0,4,189,713,63,76
1308,852,2160,0.605556,0.898,3.415854e+04,1.075844e-02,0.1871,3.3264,0,5,60,712,63,76
1309,851,2160,0.606019,0.898,3.418399e+04,2.228354e-02,0.1955,3.3327,0,9,59,711,63,76
1310,850,2160,0.606481,0.898,3.434012e+04,2.211360e-02,0.1895,3.3141,0,1,59,710,63,76
1311,849,2160,0.606944,0.898,3.414957e+04,1.908378e-02,0.1868,3.3354,0,3,157,709,63,76
1312,848,2160,0.607407,0.899,3.453575e+04,1.923405e-02,0.1916,3.3233,0,3,183,708,63,76
1313,847,2160,0.60787,0.9,3.497896e+04,1.936456e-02,0.1957,3.3314,0,3,19,707,63,76
1314,846,2160,0.608333,0.899,3.532962e+04,1.055095e-02,0.2014,3.3225,0,5,111,706,63,76
1315,845,2160,0.608796,0.9,3.574617e+04,1.559549e-02,0.1976,3.3261,0,7,41,705,63,76
1316,844,2160,0.609259,0.9,3.610250e+04,1.564981e-02,0.1965,3.3264,0,7,146,704,63,76
1317,843,2160,0.609722,0.899,3.630551e+04,1.384437e-02,0.1839,3.3164,0,2,7,703,63,76
1318,842,2160,0.610185,0.898,3.670230e+04,1.337719e-02,0.1872,3.3292,0,2,41,702,63,76
1319,841,2160,0.610648,0.901,3.692938e+04,2.219491e-02,0.1907,3.3118,0,9,16,701,63,76
1320,840,2160,0.611111,0.901,3.730434e+04,1.965134e-02,0.1942,3.3283,0,3,28,700,63,76
1321,839,2160,0.611574,0.902,3.779312e+04,1.721329e-02,0.1903,3.3183,0,4,90,699,63,76
1322,838,2160,0.612037,0.901,3.806457e+04,1.143792e-02,0.1787,3.3166,0,5,105,698,63,76
1323,837,2160,0.6125,0.901,3.817749e+04,1.534949e-02,0.2012,3.3311,2,2,5,698,63,75
1324,836,2160,0.612963,0.901,3.810685e+04,2.307385e-02,0.1857,3.3194,0,9,186,697,63,75
1325,835,2160,0.613426,0.9,3.836177e+04,2.009895e-02,0.1794,3.3216,0,0,188,696,63,75
1326,834,2160,0.613889,0.9,3.853156e+04,1.971916e-02,0.183,3.3027,0,0,131,695,63,75
1327,833,2160,0.614352,0.899,3.836721e+04,2.200550e-02,0.1952,3.316,1,2,9,695,62,75
1328,832,2160,0.614815,0.899,3.820261e+04,1.763056e-02,0.1934,3.3158,0,4,106,694,62,75
1329,831,2160,0.615278,0.901,3.835850e+04,2.079446e-02,0.1886,3.3268,0,1,158,693,62,75
1330,830,2160,0.615741,0.901,3.857365e+04,2.026451e-02,0.1856,3.3534,0,3,161,692,62,75
1331,829,2160,0.616204,0.898,3.893703e+04,2.272581e-02,0.1796,3.3269,0,9,161,691,62,75
1332,828,2160,0.616667,0.899,3.872961e+04,1.758143e-02,0.1859,3.3137,0,4,5,690,62,75
1333,827,2160,0.61713,0.9,3.910608e+04,1.666072e-02,0.1879,3.3183,0,7,121,689,62,75
1334,826,2160,0.617593,0.897,3.933703e+04,2.355175e-02,0.1984,3.3178,0,9,80,688,62,75
1335,825,2160,0.618056,0.899,3.956421e+04,1.561380e-02,0.1823,3.3195,0,8,1,687,62,75
1336,824,2160,0.618519,0.898,3.979063e+04,2.169286e-02,0.1747,3.3284,0,1,39,686,62,75
1337,823,2160,0.618981,0.897,3.985726e+04,2.143990e-02,0.1884,3.3214,0,1,58,685,62,75
1338,822,2160,0.619444,0.899,3.988702e+04,2.063928e-02,0.182,3.3253,0,3,107,684,62,75
1339,821,2160,0.619907,0.9,4.024397e+04,1.686430e-02,0.1786,3.3159,0,7,20,683,62,75
1340,820,2160,0.62037,0.901,4.066078e+04,2.102838e-02,0.1734,3.3258,0,3,91,682,62,75
1341,819,2160,0.620833,0.898,4.093655e+04,1.200946e-02,0.1749,3.3208,0,5,1,681,62,75
1342,818,2160,0.621296,0.897,4.111569e+04,1.758342e-02,0.1934,3.3226,0,7,171,680,62,75
1343,817,2160,0.621759,0.897,4.121638e+04,1.743032e-02,0.1849,3.3334,0,7,37,679,62,75
1344,816,2160,0.622222,0.897,4.145201e+04,1.176525e-02,0.2077,3.3263,0,5,37,678,62,75
1345,815,2160,0.622685,0.896,4.182648e+04,1.552438e-02,0.176,3.3241,0,2,107,677,62,75
1346,814,2160,0.623148,0.896,4.198989e+04,2.074392e-02,0.1723,3.3346,0,0,144,676,62,75
1347,813,2160,0.623611,0.897,4.189893e+04,2.059156e-02,0.1814,3.3134,0,0,161,675,62,75
1348,812,2160,0.624074,0.9,4.178330e+04,1.662884e-02,0.184,3.3122,0,7,107,674,62,75
1349,811,2160,0.624537,0.898,4.197899e+04,1.873682e-02,0.1735,3.3522,0,4,48,673,62,75
1350,810,2160,0.625,0.898,4.217050e+04,2.428890e-02,0.1841,3.3219,0,9,177,672,62,75
1351,809,2160,0.625463,0.898,4.253790e+04,2.118901e-02,0.1893,3.322,0,0,66,671,62,75
1352,808,2160,0.625926,0.899,4.258976e+04,2.664828e-02,0.1827,3.3097,0,9,66,670,62,75
1353,807,2160,0.626389,0.9,4.250221e+04,2.453317e-02,0.1717,3.3144,0,9,88,669,62,75
1354,806,2160,0.626852,0.902,4.294247e+04,1.593360e-02,0.1856,3.3078,0,8,16,668,62,75
1355,805,2160,0.627315,0.9,4.322733e+04,1.200747e-02,0.1739,3.3054,0,5,16,667,62,75
1356,804,2160,0.627778,0.9,4.300749e+04,1.597008e-02,0.1947,3.3224,0,2,16,666,62,75
1357,803,2160,0.628241,0.901,4.284562e+04,2.064642e-02,0.1831,3.317,0,0,46,665,62,75
1358,802,2160,0.628704,0.9,4.344698e+04,2.071939e-02,0.1799,3.3236,0,0,58,664,62,75
1359,801,2160,0.629167,0.9,4.370268e+04,1.286581e-02,0.1844,3.3309,0,5,157,663,62,75
1360,800,2160,0.62963,0.899,4.366734e+04,1.252180e-02,0.1763,3.3302,0,5,53,662,62,75
1361,799,2160,0.630093,0.897,4.391113e+04,1.727526e-02,0.1858,3.3287,0,7,70,661,62,75
1362,798,2160,0.630556,0.897,4.440234e+04,1.239907e-02,0.1718,3.3251,0,5,19,660,62,75
1363,797,2160,0.631019,0.897,4.470813e+04,2.060332e-02,0.1877,3.3276,0,0,81,659,62,75
1364,796,2160,0.631481,0.894,4.504939e+04,2.308851e-02,0.178,3.328,0,9,81,658,62,75
1365,795,2160,0.631944,0.899,4.469701e+04,1.728870e-02,0.1815,3.3265,0,4,81,657,62,75
1366,794,2160,0.632407,0.897,4.488513e+04,2.180858e-02,0.1658,3.3319,0,1,171,656,62,75
1367,793,2160,0.63287,0.895,4.529321e+04,2.053423e-02,0.1773,3.3289,0,0,61,655,62,75
1368,792,2160,0.633333,0.892,4.564875e+04,2.171572e-02,0.1749,3.3252,0,3,20,654,62,75
1369,791,2160,0.633796,0.891,4.593855e+04,1.931182e-02,0.1761,3.3169,0,4,173,653,62,75
1370,790,2160,0.634259,0.891,4.598694e+04,2.196036e-02,0.1871,3.3143,0,3,89,652,62,75
1371,789,2160,0.634722,0.891,4.614015e+04,1.231359e-02,0.1764,3.3226,0,5,8,651,62,75
1372,788,2160,0.635185,0.891,4.653087e+04,2.190169e-02,0.1647,3.3198,0,1,165,650,62,75
1373,787,2160,0.635648,0.895,4.691875e+04,1.342353e-02,0.1724,3.3198,0,5,62,649,62,75
1374,786,2160,0.636111,0.893,4.690736e+04,1.364298e-02,0.1795,3.3211,0,2,62,648,62,75
1375,785,2160,0.636574,0.894,4.675967e+04,2.257493e-02,0.1794,3.3074,0,3,173,647,62,75
1376,784,2160,0.637037,0.895,4.707530e+04,1.916699e-02,0.1688,3.3082,0,4,47,646,62,75
1377,783,2160,0.6375,0.896,4.739820e+04,1.314601e-02,0.1664,3.3204,0,5,22,645,62,75
1378,782,2160,0.637963,0.894,4.755752e+04,2.145220e-02,0.1703,3.3173,0,0,31,644,62,75
1379,781,2160,0.638426,0.894,4.760681e+04,2.479673e-02,0.1666,3.3323,0,9,89,643,62,75
1380,780,2160,0.638889,0.889,4.769952e+04,2.191796e-02,0.1972,3.3196,0,3,31,642,62,75
1381,779,2160,0.639352,0.888,4.806608e+04,2.142348e-02,0.1725,3.337,0,1,151,641,62,75
1382,778,2160,0.639815,0.893,4.850637e+04,8.499777e-03,0.1657,3.3346,1,3,8,641,61,75
1383,777,2160,0.640278,0.891,4.824419e+04,2.148158e-02,0.1724,3.3204,0,1,168,640,61,75
1384,776,2160,0.640741,0.89,4.880232e+04,1.583668e-02,0.1683,3.3221,0,2,44,639,61,75
1385,775,2160,0.641204,0.891,4.908525e+04,2.170587e-02,0.1835,3.3228,0,0,147,638,61,75
1386,774,2160,0.641667,0.891,4.894170e+04,1.367207e-02,0.1702,3.3159,0,8,147,637,61,75
1387,773,2160,0.64213,0.891,4.879652e+04,2.255066e-02,0.1715,3.3285,0,3,117,636,61,75
1388,772,2160,0.642593,0.891,4.906432e+04,1.647970e-02,0.1677,3.3111,0,2,147,635,61,75
1389,771,2160,0.643056,0.892,4.909233e+04,1.622523e-02,0.1747,3.3073,0,2,174,634,61,75
1390,770,2160,0.643519,0.891,4.908703e+04,2.524760e-02,0.172,3.3419,0,9,31,633,61,75
1391,769,2160,0.643981,0.893,4.895115e+04,2.259040e-02,0.1713,3.3329,0,1,47,632,61,75
1392,768,2160,0.644444,0.893,4.903328e+04,2.256406e-02,0.1753,3.335,0,3,23,631,61,75
1393,767,2160,0.644907,0.891,4.949383e+04,5.537983e-02,0.1736,3.3067,2,9,9,631,61,74
1394,766,2160,0.64537,0.895,4.973426e+04,1.643724e-02,0.1717,3.3355,0,8,140,630,61,74
1395,765,2160,0.645833,0.893,5.013142e+04,1.507610e-02,0.1707,3.3338,2,8,1,630,61,73
1396,764,2160,0.646296,0.893,5.004764e+04,5.414827e-02,0.1761,3.317,2,0,9,630,61,72
1397,763,2160,0.646759,0.891,5.035665e+04,1.597707e-02,0.1677,3.3116,0,2,88,629,61,72
1398,762,2160,0.647222,0.893,5.062539e+04,2.299036e-02,0.1741,3.3357,0,1,33,628,61,72
1399,761,2160,0.647685,0.892,5.071128e+04,1.654789e-02,0.169,3.3102,0,2,23,627,61,72
1400,760,2160,0.648148,0.892,5.054583e+04,1.943739e-02,0.1706,3.3199,0,7,38,626,61,72
1401,759,2160,0.648611,0.892,5.062818e+04,1.283805e-02,0.1692,3.308,0,5,169,625,61,72
1402,758,2160,0.649074,0.891,5.119957e+04,1.635704e-02,0.1652,3.313,0,2,38,624,61,72
1403,757,2160,0.649537,0.89,5.137465e+04,2.266972e-02,0.1751,3.3225,0,1,53,623,61,72
1404,756,2160,0.65,0.889,5.172407e+04,2.318875e-02,0.1748,3.2999,0,3,18,622,61,72
1405,755,2160,0.650463,0.89,5.230389e+04,2.270522e-02,0.1709,3.3184,0,1,60,621,61,72
1406,754,2160,0.650926,0.891,5.291257e+04,2.254184e-02,0.1683,3.3151,0,0,115,620,61,72
1407,753,2160,0.651389,0.89,5.290630e+04,1.672363e-02,0.1699,3.3243,0,8,175,619,61,72
1408,752,2160,0.651852,0.889,5.321568e+04,1.619132e-02,0.1771,3.3324,0,2,18,618,61,72
1409,751,2160,0.652315,0.891,5.336253e+04,7.832854e-03,0.1778,3.3326,1,4,4,618,60,72
1410,750,2160,0.652778,0.892,5.316340e+04,2.501545e-02,0.173,3.3268,0,9,51,617,60,72
1411,749,2160,0.653241,0.892,5.360079e+04,2.055226e-02,0.1655,3.3233,0,4,147,616,60,72
1412,748,2160,0.653704,0.891,5.376748e+04,2.636214e-02,0.171,3.3202,0,9,60,615,60,72
1413,747,2160,0.654167,0.891,5.356041e+04,1.395123e-02,0.1771,3.3344,0,5,52,614,60,72
1414,746,2160,0.65463,0.889,5.373115e+04,1.982699e-02,0.18,3.3292,0,7,108,613,60,72
1415,745,2160,0.655093,0.889,5.393964e+04,2.028396e-02,0.1717,3.3136,0,7,22,612,60,72
1416,744,2160,0.655556,0.887,5.404493e+04,1.701100e-02,0.1674,3.3299,0,2,52,611,60,72
1417,743,2160,0.656019,0.889,5.392341e+04,1.303901e-02,0.172,3.3221,0,5,11,610,60,72
1418,742,2160,0.656481,0.889,5.450978e+04,2.393912e-02,0.1711,3.3295,0,3,134,609,60,72
1419,741,2160,0.656944,0.892,5.519028e+04,1.980058e-02,0.169,3.3201,0,7,156,608,60,72
1420,740,2160,0.657407,0.891,5.555586e+04,1.615860e-02,0.1717,3.3364,0,8,192,607,60,72
1421,739,2160,0.65787,0.89,5.622880e+04,1.652862e-02,0.1719,3.3225,0,2,55,606,60,72
1422,738,2160,0.658333,0.891,5.674257e+04,1.018903e-02,0.1707,3.311,0,5,55,605,60,72
1423,737,2160,0.658796,0.891,5.659255e+04,1.683041e-02,0.1654,3.3289,0,8,137,604,60,72
1424,736,2160,0.659259,0.892,5.696209e+04,1.714028e-02,0.1669,3.3173,0,8,193,603,60,72
1425,735,2160,0.659722,0.893,5.730996e+04,1.665277e-02,0.1723,3.3234,0,2,45,602,60,72
1426,734,2160,0.660185,0.893,5.777179e+04,1.366704e-02,0.1652,3.338,0,5,89,601,60,72
1427,733,2160,0.660648,0.888,5.797646e+04,1.687280e-02,0.1703,3.3267,0,8,154,600,60,72
1428,732,2160,0.661111,0.888,5.865458e+04,1.682007e-02,0.168,3.3186,0,8,38,599,60,72
1429,731,2160,0.661574,0.887,5.916499e+04,2.206772e-02,0.1696,3.3203,0,0,62,598,60,72
1430,730,2160,0.662037,0.888,5.962455e+04,1.639582e-02,0.1691,3.3122,0,2,140,597,60,72
1431,729,2160,0.6625,0.888,6.003235e+04,2.368234e-02,0.1583,3.3254,0,1,36,596,60,72
1432,728,2160,0.662963,0.888,6.006881e+04,1.414635e-02,0.1662,3.3212,0,2,36,595,60,72
1433,727,2160,0.663426,0.889,5.990920e+04,2.233310e-02,0.165,3.3408,0,0,90,594,60,72
1434,726,2160,0.663889,0.888,5.997937e+04,1.328123e-02,0.1648,3.3205,0,5,20,593,60,72
1435,725,2160,0.664352,0.888,6.041609e+04,2.355691e-02,0.169,3.3097,0,1,77,592,60,72
1436,724,2160,0.664815,0.888,6.062787e+04,2.311145e-02,0.1696,3.3107,0,1,61,591,60,72
1437,723,2160,0.665278,0.886,6.097457e+04,2.246118e-02,0.1774,3.3109,0,0,133,590,60,72
1438,722,2160,0.665741,0.885,6.109983e+04,1.685980e-02,0.1719,3.3209,0,8,45,589,60,72
1439,721,2160,0.666204,0.884,6.166618e+04,1.676665e-02,0.1657,3.3276,0,2,87,588,60,72
1440,720,2160,0.666667,0.885,6.178375e+04,2.322577e-02,0.164,3.3301,0,1,71,587,60,72
1441,719,2160,0.66713,0.886,6.240560e+04,1.663013e-02,0.1661,3.3119,0,8,58,586,60,72
1442,718,2160,0.667593,0.886,6.284187e+04,1.727558e-02,0.1705,3.3167,0,8,178,585,60,72
1443,717,2160,0.668056,0.884,6.301885e+04,2.623556e-02,0.1724,3.3246,0,9,178,584,60,72
1444,716,2160,0.668519,0.885,6.299300e+04,3.479424e-02,0.1608,3.3275,2,0,7,584,60,71
1445,715,2160,0.668981,0.886,6.324618e+04,2.348624e-02,0.1757,3.3261,0,1,84,583,60,71
1446,714,2160,0.669444,0.885,6.360092e+04,1.587021e-02,0.1673,3.3348,0,2,84,582,60,71
1447,713,2160,0.669907,0.886,6.349116e+04,3.313008e-02,0.1662,3.322,1,5,7,582,59,71
1448,712,2160,0.67037,0.882,6.389412e+04,1.607870e-02,0.1696,3.3129,0,2,85,581,59,71
1449,711,2160,0.670833,0.883,6.417886e+04,6.118098e-02,0.1613,3.3236,2,7,9,581,59,70
1450,710,2160,0.671296,0.884,6.420721e+04,2.456329e-02,0.1687,3.3294,0,3,116,580,59,70
1451,709,2160,0.671759,0.883,6.443238e+04,2.467814e-02,0.161,3.3122,0,3,84,579,59,70
1452,708,2160,0.672222,0.884,6.481071e+04,1.644983e-02,0.1587,3.3195,0,2,47,578,59,70
1453,707,2160,0.672685,0.885,6.517050e+04,2.227487e-02,0.1651,3.3274,0,0,160,577,59,70
1454,706,2160,0.673148,0.883,6.498741e+04,1.646412e-02,0.1558,3.3148,0,8,85,576,59,70
1455,705,2160,0.673611,0.881,6.534109e+04,2.209346e-02,0.1643,3.3361,0,0,47,575,59,70
1456,704,2160,0.674074,0.882,6.544810e+04,1.413152e-02,0.162,3.3296,0,5,104,574,59,70
1457,703,2160,0.674537,0.883,6.526879e+04,3.329363e-02,0.1616,3.3231,2,2,7,574,59,69
1458,702,2160,0.675,0.883,6.521099e+04,7.275208e-03,0.1781,3.3244,1,8,3,574,58,69
1459,701,2160,0.675463,0.881,6.492786e+04,2.106578e-02,0.1701,3.3112,0,0,183,573,58,69
1460,700,2160,0.675926,0.883,6.574683e+04,1.584112e-02,0.1715,3.3113,0,2,145,572,58,69
1461,699,2160,0.676389,0.883,6.612412e+04,1.605019e-02,0.1608,3.3165,2,6,8,572,58,68
1462,698,2160,0.676852,0.885,6.590246e+04,2.046654e-02,0.1588,3.3113,0,4,149,571,58,68
1463,697,2160,0.677315,0.885,6.611453e+04,1.902980e-02,0.1787,3.3218,0,7,14,570,58,68
1464,696,2160,0.677778,0.886,6.680951e+04,2.341635e-02,0.1776,3.3089,0,1,12,569,58,68
1465,695,2160,0.678241,0.888,6.723074e+04,1.460316e-02,0.1723,3.3216,0,2,12,568,58,68
1466,694,2160,0.678704,0.888,6.708437e+04,1.240885e-02,0.1616,3.3262,0,5,14,567,58,68
1467,693,2160,0.679167,0.886,6.792192e+04,2.358277e-02,0.1686,3.3095,0,1,173,566,58,68
1468,692,2160,0.67963,0.886,6.821654e+04,1.457608e-02,0.1624,3.3164,0,2,173,565,58,68
1469,691,2160,0.680093,0.885,6.815806e+04,1.990500e-02,0.1696,3.3182,0,4,12,564,58,68
1470,690,2160,0.680556,0.886,6.859254e+04,1.650265e-02,0.1674,3.3169,0,8,12,563,58,68
1471,689,2160,0.681019,0.887,6.883341e+04,2.452619e-02,0.169,3.3164,0,3,8,562,58,68
1472,688,2160,0.681481,0.884,6.982357e+04,2.029216e-02,0.1626,3.3326,0,7,144,561,58,68
1473,687,2160,0.681944,0.885,7.017078e+04,1.700241e-02,0.1656,3.3227,0,2,66,560,58,68
1474,686,2160,0.682407,0.885,7.026431e+04,2.477295e-02,0.1619,3.3214,0,1,66,559,58,68
1475,685,2160,0.68287,0.883,7.040180e+04,2.459524e-02,0.1645,3.3204,0,3,145,558,58,68
1476,684,2160,0.683333,0.886,7.100373e+04,1.721079e-02,0.1692,3.3344,0,2,141,557,58,68
1477,683,2160,0.683796,0.886,7.124253e+04,2.130992e-02,0.1731,3.3129,0,4,127,556,58,68
1478,682,2160,0.684259,0.885,7.143827e+04,1.295925e-02,0.1786,3.3233,0,5,141,555,58,68
1479,681,2160,0.684722,0.884,7.142606e+04,1.764188e-02,0.1631,3.3246,0,8,142,554,58,68
1480,680,2160,0.685185,0.886,7.164049e+04,1.466062e-02,0.1733,3.3464,0,5,190,553,58,68
1481,679,2160,0.685648,0.885,7.170214e+04,1.736822e-02,0.1671,3.3144,0,2,190,552,58,68
1482,678,2160,0.686111,0.886,7.188496e+04,1.371341e-02,0.1591,3.3295,0,5,173,551,58,68
1483,677,2160,0.686574,0.885,7.232034e+04,2.373348e-02,0.1747,3.3243,0,1,164,550,58,68
1484,676,2160,0.687037,0.884,7.279326e+04,2.111353e-02,0.1618,3.3147,0,7,173,549,58,68
1485,675,2160,0.6875,0.884,7.298679e+04,2.570741e-02,0.1739,3.3338,0,3,115,548,58,68
1486,674,2160,0.687963,0.885,7.339888e+04,1.464883e-02,0.1706,3.3165,0,5,9,547,58,68
1487,673,2160,0.688426,0.884,7.351977e+04,1.558910e-02,0.1687,3.3161,0,2,9,546,58,68
1488,672,2160,0.688889,0.884,7.315761e+04,1.703132e-02,0.1674,3.3192,0,8,113,545,58,68
1489,671,2160,0.689352,0.883,7.388179e+04,2.429460e-02,0.1691,3.3225,0,1,160,544,58,68
1490,670,2160,0.689815,0.883,7.413823e+04,2.140723e-02,0.1715,3.3267,0,4,143,543,58,68
1491,669,2160,0.690278,0.883,7.442319e+04,2.450201e-02,0.171,3.3214,0,9,144,542,58,68
1492,668,2160,0.690741,0.885,7.465702e+04,2.326122e-02,0.1629,3.3199,0,0,63,541,58,68
1493,667,2160,0.691204,0.883,7.501685e+04,1.750067e-02,0.1537,3.3179,0,8,92,540,58,68
1494,666,2160,0.691667,0.884,7.539077e+04,2.413140e-02,0.1727,3.3184,0,1,23,539,58,68
1495,665,2160,0.69213,0.883,7.568111e+04,1.992072e-02,0.1683,3.3259,0,7,46,538,58,68
1496,664,2160,0.692593,0.883,7.633275e+04,2.395915e-02,0.1687,3.3239,0,1,186,537,58,68
1497,663,2160,0.693056,0.883,7.705900e+04,2.069457e-02,0.1744,3.3302,0,7,136,536,58,68
1498,662,2160,0.693519,0.883,7.726623e+04,2.132115e-02,0.164,3.3402,0,4,136,535,58,68
1499,661,2160,0.693981,0.882,7.698132e+04,2.596617e-02,0.171,3.3267,0,3,47,534,58,68
1500,660,2160,0.694444,0.885,7.769576e+04,2.050600e-02,0.1702,3.3212,0,7,47,533,58,68
1501,659,2160,0.694907,0.884,7.761957e+04,2.470617e-02,0.1694,3.3137,0,1,78,532,58,68
1502,658,2160,0.69537,0.884,7.761972e+04,1.754115e-02,0.1643,3.3267,0,2,65,531,58,68
1503,657,2160,0.695833,0.885,7.762379e+04,1.403620e-02,0.1609,3.3344,0,5,165,530,58,68
1504,656,2160,0.696296,0.885,7.785778e+04,2.306445e-02,0.1603,3.3238,0,0,78,529,58,68
1505,655,2160,0.696759,0.886,7.757811e+04,2.398946e-02,0.1591,3.3208,0,9,148,528,58,68
1506,654,2160,0.697222,0.888,7.820211e+04,1.760739e-02,0.1644,3.3283,0,8,69,527,58,68
1507,653,2160,0.697685,0.889,7.860785e+04,2.113524e-02,0.1552,3.3205,0,9,69,526,58,68
1508,652,2160,0.698148,0.888,7.820650e+04,2.276929e-02,0.1678,3.3249,0,0,65,525,58,68
1509,651,2160,0.698611,0.885,7.820524e+04,9.325500e-03,0.1722,3.3056,0,5,65,524,58,68
1510,650,2160,0.699074,0.885,7.811375e+04,1.744976e-02,0.1557,3.3121,0,2,95,523,58,68
1511,649,2160,0.699537,0.886,7.833509e+04,2.133024e-02,0.167,3.3345,0,4,65,522,58,68
1512,648,2160,0.7,0.885,7.835217e+04,1.747788e-02,0.1608,3.3175,0,8,65,521,58,68
1513,647,2160,0.700463,0.885,7.872001e+04,2.426704e-02,0.1599,3.3108,0,1,172,520,58,68
1514,646,2160,0.700926,0.888,7.893504e+04,1.967290e-02,0.1658,3.3243,0,7,172,519,58,68
1515,645,2160,0.701389,0.887,7.890496e+04,1.278742e-02,0.1662,3.3195,0,5,166,518,58,68
1516,644,2160,0.701852,0.886,7.982089e+04,1.818537e-02,0.1569,3.3142,2,0,2,518,58,67
1517,643,2160,0.702315,0.884,7.970978e+04,1.686765e-02,0.1655,3.3065,0,2,170,517,58,67
1518,642,2160,0.702778,0.885,8.041808e+04,2.396274e-02,0.1591,3.3114,0,9,61,516,58,67
1519,641,2160,0.703241,0.884,8.109027e+04,2.948376e-02,0.164,3.3115,1,8,0,516,57,67
1520,640,2160,0.703704,0.884,8.099984e+04,2.271518e-02,0.1676,3.3197,0,0,191,515,57,67
1521,639,2160,0.704167,0.884,8.187591e+04,2.003090e-02,0.1586,3.3198,2,8,5,515,57,66
1522,638,2160,0.70463,0.879,8.207050e+04,2.315223e-02,0.1663,3.3293,0,0,41,514,57,66
1523,637,2160,0.705093,0.879,8.311453e+04,1.876402e-02,0.163,3.3244,2,9,2,514,57,65
1524,636,2160,0.705556,0.879,8.297124e+04,1.771944e-02,0.1697,3.3232,0,8,100,513,57,65
1525,635,2160,0.706019,0.876,8.378347e+04,1.583908e-02,0.1664,3.3206,2,8,6,513,57,64
1526,634,2160,0.706481,0.88,8.357971e+04,2.485874e-02,0.1676,3.3259,0,1,143,512,57,64
1527,633,2160,0.706944,0.878,8.378016e+04,1.433255e-02,0.1614,3.3197,0,5,21,511,57,64
1528,632,2160,0.707407,0.878,8.439450e+04,1.786484e-02,0.161,3.3205,0,2,177,510,57,64
1529,631,2160,0.70787,0.879,8.475805e+04,2.490416e-02,0.1636,3.3254,0,1,162,509,57,64
1530,630,2160,0.708333,0.882,8.508202e+04,2.479703e-02,0.1679,3.324,0,1,56,508,57,64
1531,629,2160,0.708796,0.883,8.590508e+04,2.650205e-02,0.1552,3.306,0,3,188,507,57,64
1532,628,2160,0.709259,0.882,8.676381e+04,2.452700e-02,0.1698,3.3217,0,0,146,506,57,64
1533,627,2160,0.709722,0.883,8.700628e+04,1.732682e-02,0.1584,3.3225,0,2,188,505,57,64
1534,626,2160,0.710185,0.883,8.760620e+04,2.724413e-02,0.1669,3.319,0,3,2,504,57,64
1535,625,2160,0.710648,0.881,8.820771e+04,1.976991e-02,0.1628,3.3179,0,4,2,503,57,64
1536,624,2160,0.711111,0.879,8.793233e+04,1.406714e-02,0.1529,3.3383,0,2,2,502,57,64
1537,623,2160,0.711574,0.882,8.815036e+04,2.101461e-02,0.1681,3.3387,0,7,96,501,57,64
1538,622,2160,0.712037,0.885,8.925317e+04,7.075395e-02,0.148,3.3352,1,9,7,501,56,64
1539,621,2160,0.7125,0.88,8.968387e+04,2.543230e-02,0.1566,3.3222,0,1,67,500,56,64
1540,620,2160,0.712963,0.881,8.989568e+04,2.028582e-02,0.1582,3.3318,0,7,67,499,56,64
1541,619,2160,0.713426,0.884,8.993738e+04,1.508992e-02,0.1614,3.3167,0,5,177,498,56,64
1542,618,2160,0.713889,0.883,9.015939e+04,2.116892e-02,0.1706,3.3216,0,4,57,497,56,64
1543,617,2160,0.714352,0.883,9.101878e+04,2.080890e-02,0.161,3.3181,0,4,7,496,56,64
1544,616,2160,0.714815,0.884,9.212570e+04,2.139178e-02,0.1566,3.3229,0,4,162,495,56,64
1545,615,2160,0.715278,0.888,9.258287e+04,2.194049e-02,0.1587,3.3171,0,4,164,494,56,64
1546,614,2160,0.715741,0.884,9.300697e+04,2.366869e-02,0.1628,3.3275,0,0,3,493,56,64
1547,613,2160,0.716204,0.885,9.419518e+04,1.362540e-02,0.1745,3.3208,0,5,5,492,56,64
1548,612,2160,0.716667,0.886,9.548349e+04,2.159238e-02,0.1561,3.3307,0,7,24,491,56,64
1549,611,2160,0.71713,0.888,9.661152e+04,1.939280e-02,0.1449,3.3167,0,8,143,490,56,64
1550,610,2160,0.717593,0.886,9.683485e+04,2.606367e-02,0.1526,3.315,0,1,108,489,56,64
1551,609,2160,0.718056,0.886,9.712174e+04,1.952162e-02,0.1486,3.3282,0,2,122,488,56,64
1552,608,2160,0.718519,0.886,9.723850e+04,1.382558e-02,0.1522,3.3302,0,5,122,487,56,64
1553,607,2160,0.718981,0.888,9.733567e+04,1.639401e-02,0.1606,3.3083,0,5,117,486,56,64
1554,606,2160,0.719444,0.885,9.728270e+04,1.370184e-02,0.1463,3.3134,1,5,1,486,55,64
1555,605,2160,0.719907,0.886,9.706272e+04,2.365208e-02,0.1449,3.3044,0,0,187,485,55,64
1556,604,2160,0.72037,0.888,9.824861e+04,2.563057e-02,0.1502,3.3073,0,1,38,484,55,64
1557,603,2160,0.720833,0.889,9.902397e+04,2.854442e-02,0.1585,3.3206,0,3,21,483,55,64
1558,602,2160,0.721296,0.886,9.989587e+04,2.215482e-02,0.1542,3.3267,0,7,153,482,55,64
1559,601,2160,0.721759,0.887,1.011480e+05,2.264825e-02,0.1494,3.3185,0,4,120,481,55,64
1560,600,2160,0.722222,0.888,1.020491e+05,1.923995e-02,0.1598,3.3315,0,2,101,480,55,64
1561,599,2160,0.722685,0.888,1.028639e+05,1.858354e-02,0.1508,3.3227,0,2,57,479,55,64
1562,598,2160,0.723148,0.886,1.040855e+05,1.919450e-02,0.1531,3.316,0,8,179,478,55,64
1563,597,2160,0.723611,0.886,1.052015e+05,7.877968e-02,0.1619,3.3124,2,2,9,478,55,63
1564,596,2160,0.724074,0.885,1.059796e+05,2.362168e-02,0.1529,3.3272,0,4,128,477,55,63
1565,595,2160,0.724537,0.883,1.061397e+05,2.785458e-02,0.1478,3.3251,0,1,149,476,55,63
1566,594,2160,0.725,0.883,1.064296e+05,1.874379e-02,0.1507,3.3419,0,2,149,475,55,63
1567,593,2160,0.725463,0.884,1.062922e+05,2.392331e-02,0.146,3.3228,0,4,68,474,55,63
1568,592,2160,0.725926,0.882,1.064369e+05,1.898507e-02,0.1648,3.3133,0,8,149,473,55,63
1569,591,2160,0.726389,0.883,1.067221e+05,2.070394e-02,0.1584,3.3162,0,2,193,472,55,63
1570,590,2160,0.726852,0.884,1.071272e+05,1.225777e-02,0.1496,3.3167,0,5,193,471,55,63
1571,589,2160,0.727315,0.885,1.073983e+05,2.195198e-02,0.1622,3.3228,0,7,193,470,55,63
1572,588,2160,0.727778,0.886,1.081935e+05,2.036402e-02,0.1528,3.326,0,8,78,469,55,63
1573,587,2160,0.728241,0.884,1.087783e+05,2.880219e-02,0.1676,3.3179,0,1,51,468,55,63
1574,586,2160,0.728704,0.881,1.090136e+05,1.975057e-02,0.1458,3.3112,0,2,51,467,55,63
1575,585,2160,0.729167,0.882,1.091170e+05,2.105571e-02,0.1387,3.3304,0,2,63,466,55,63
1576,584,2160,0.72963,0.878,1.098717e+05,2.198998e-02,0.1407,3.3063,0,2,78,465,55,63
1577,583,2160,0.730093,0.879,1.097982e+05,2.468268e-02,0.1447,3.326,0,4,142,464,55,63
1578,582,2160,0.730556,0.881,1.101806e+05,2.456792e-02,0.1527,3.3122,0,7,129,463,55,63
1579,581,2160,0.731019,0.879,1.111470e+05,2.797990e-02,0.1478,3.3216,0,9,176,462,55,63
1580,580,2160,0.731481,0.88,1.118828e+05,2.502792e-02,0.1483,3.328,0,7,68,461,55,63
1581,579,2160,0.731944,0.882,1.120435e+05,2.468004e-02,0.1613,3.3257,0,7,101,460,55,63
1582,578,2160,0.732407,0.882,1.125327e+05,2.079328e-02,0.1473,3.3224,0,8,60,459,55,63
1583,577,2160,0.73287,0.879,1.133601e+05,2.048881e-02,0.1514,3.3286,0,8,101,458,55,63
1584,576,2160,0.733333,0.876,1.140832e+05,2.142529e-02,0.1433,3.307,0,8,128,457,55,63
1585,575,2160,0.733796,0.876,1.144960e+05,3.099300e-02,0.1522,3.3292,0,3,38,456,55,63
1586,574,2160,0.734259,0.875,1.156488e+05,2.168602e-02,0.1426,3.3157,0,8,122,455,55,63
1587,573,2160,0.734722,0.875,1.162697e+05,3.142129e-02,0.1465,3.3233,0,3,73,454,55,63
1588,572,2160,0.735185,0.877,1.173631e+05,2.695615e-02,0.1467,3.351,0,0,129,453,55,63
1589,571,2160,0.735648,0.877,1.174438e+05,2.121888e-02,0.1517,3.3399,0,2,82,452,55,63
1590,570,2160,0.736111,0.876,1.177222e+05,1.752510e-02,0.1391,3.3321,0,5,129,451,55,63
1591,569,2160,0.736574,0.876,1.179922e+05,2.039049e-02,0.1421,3.3248,0,2,157,450,55,63
1592,568,2160,0.737037,0.876,1.188255e+05,2.719758e-02,0.1528,3.3441,0,0,109,449,55,63
1593,567,2160,0.7375,0.876,1.187119e+05,1.600647e-02,0.1516,3.3301,0,5,109,448,55,63
1594,566,2160,0.737963,0.875,1.185190e+05,2.117384e-02,0.1573,3.329,0,8,127,447,55,63
1595,565,2160,0.738426,0.875,1.192196e+05,2.414308e-02,0.158,3.3255,0,7,29,446,55,63
1596,564,2160,0.738889,0.877,1.204004e+05,2.028682e-02,0.153,3.319,0,8,168,445,55,63
1597,563,2160,0.739352,0.877,1.217550e+05,1.798895e-02,0.1542,3.3254,0,5,94,444,55,63
1598,562,2160,0.739815,0.874,1.220025e+05,2.515970e-02,0.1441,3.3197,0,7,58,443,55,63
1599,561,2160,0.740278,0.872,1.224496e+05,2.565972e-02,0.1575,3.3336,0,4,34,442,55,63
1600,560,2160,0.740741,0.874,1.224924e+05,3.128577e-02,0.1589,3.3233,0,3,34,441,55,63
1601,559,2160,0.741204,0.873,1.223966e+05,3.162150e-02,0.1359,3.3253,0,3,37,440,55,63
1602,558,2160,0.741667,0.874,1.240129e+05,2.862304e-02,0.1468,3.3149,0,9,147,439,55,63
1603,557,2160,0.74213,0.877,1.254164e+05,2.120828e-02,0.1479,3.319,0,2,1,438,55,63
1604,556,2160,0.742593,0.879,1.263689e+05,2.846418e-02,0.1421,3.3196,0,1,1,437,55,63
1605,555,2160,0.743056,0.88,1.259130e+05,3.209423e-02,0.1366,3.3308,0,3,101,436,55,63
1606,554,2160,0.743519,0.88,1.275728e+05,2.364284e-02,0.1435,3.3228,2,7,2,436,55,62
1607,553,2160,0.743981,0.882,1.274556e+05,2.461237e-02,0.1547,3.3177,0,4,181,435,55,62
1608,552,2160,0.744444,0.879,1.292058e+05,1.565948e-02,0.145,3.3126,0,5,10,434,55,62
1609,551,2160,0.744907,0.881,1.309365e+05,2.870278e-02,0.1491,3.3074,0,9,111,433,55,62
1610,550,2160,0.74537,0.88,1.323366e+05,2.632207e-02,0.1427,3.3202,0,7,39,432,55,62
1611,549,2160,0.745833,0.879,1.330602e+05,2.518483e-02,0.1443,3.3272,0,7,111,431,55,62
1612,548,2160,0.746296,0.878,1.337826e+05,9.577584e-02,0.1451,3.324,2,6,9,431,55,61
1613,547,2160,0.746759,0.877,1.346653e+05,2.664085e-02,0.1401,3.3207,0,4,175,430,55,61
1614,546,2160,0.747222,0.88,1.348734e+05,3.013603e-02,0.1523,3.3113,0,1,150,429,55,61
1615,545,2160,0.747685,0.881,1.349351e+05,2.223635e-02,0.1487,3.338,0,8,135,428,55,61
1616,544,2160,0.748148,0.883,1.356398e+05,2.886489e-02,0.1446,3.3377,0,1,135,427,55,61
1617,543,2160,0.748611,0.878,1.361936e+05,2.716952e-02,0.1425,3.3287,0,4,174,426,55,61
1618,542,2160,0.749074,0.875,1.363470e+05,2.765613e-02,0.1435,3.3231,0,0,135,425,55,61
1619,541,2160,0.749537,0.877,1.369067e+05,2.188046e-02,0.1428,3.3333,0,2,102,424,55,61
1620,540,2160,0.75,0.878,1.377889e+05,2.559817e-02,0.1442,3.3119,0,7,65,423,55,61
1621,539,2160,0.750463,0.88,1.394581e+05,2.596211e-02,0.1469,3.3149,0,7,83,422,55,61
1622,538,2160,0.750926,0.878,1.407214e+05,1.649930e-02,0.1417,3.3055,0,8,83,421,55,61
1623,537,2160,0.751389,0.879,1.407392e+05,1.609531e-02,0.1426,3.325,0,5,126,420,55,61
1624,536,2160,0.751852,0.879,1.426192e+05,1.724498e-02,0.146,3.3164,0,5,59,419,55,61
1625,535,2160,0.752315,0.878,1.437485e+05,2.311696e-02,0.1498,3.3134,0,4,59,418,55,61
1626,534,2160,0.752778,0.88,1.433006e+05,3.368182e-02,0.1377,3.3094,0,3,59,417,55,61
1627,533,2160,0.753241,0.878,1.434087e+05,1.623868e-02,0.1456,3.3393,0,5,148,416,55,61
1628,532,2160,0.753704,0.879,1.453133e+05,1.863039e-02,0.1433,3.3292,2,3,5,416,55,60
1629,531,2160,0.754167,0.876,1.455769e+05,2.184229e-02,0.1442,3.3216,0,2,72,415,55,60
1630,530,2160,0.75463,0.874,1.466026e+05,2.098359e-02,0.1426,3.3236,0,2,26,414,55,60
1631,529,2160,0.755093,0.872,1.482347e+05,3.419911e-02,0.1462,3.3327,0,3,96,413,55,60
1632,528,2160,0.755556,0.873,1.499548e+05,2.991219e-02,0.1464,3.3146,0,1,131,412,55,60
1633,527,2160,0.756019,0.872,1.505557e+05,2.575927e-02,0.14,3.3235,1,6,9,412,54,60
1634,526,2160,0.756481,0.872,1.504042e+05,3.507661e-02,0.1437,3.3222,0,3,159,411,54,60
1635,525,2160,0.756944,0.872,1.516769e+05,1.745829e-02,0.1415,3.3222,0,5,147,410,54,60
1636,524,2160,0.757407,0.871,1.531491e+05,3.172503e-02,0.1432,3.3241,0,9,159,409,54,60
1637,523,2160,0.75787,0.87,1.520758e+05,1.628302e-02,0.1418,3.3183,0,5,123,408,54,60
1638,522,2160,0.758333,0.869,1.537101e+05,2.156686e-02,0.1413,3.3214,0,2,31,407,54,60
1639,521,2160,0.758796,0.87,1.552994e+05,3.020562e-02,0.1398,3.3239,0,1,117,406,54,60
1640,520,2160,0.759259,0.863,1.556320e+05,2.600558e-02,0.1378,3.3411,0,4,63,405,54,60
1641,519,2160,0.759722,0.868,1.570920e+05,2.744681e-02,0.149,3.3121,0,7,66,404,54,60
1642,518,2160,0.760185,0.872,1.588841e+05,2.159929e-02,0.1395,3.3231,0,2,180,403,54,60
1643,517,2160,0.760648,0.872,1.607771e+05,2.146626e-02,0.1334,3.3197,0,2,81,402,54,60
1644,516,2160,0.761111,0.874,1.625312e+05,2.391106e-02,0.1402,3.3349,0,2,159,401,54,60
1645,515,2160,0.761574,0.873,1.626313e+05,1.325654e-02,0.133,3.3266,0,5,159,400,54,60
1646,514,2160,0.762037,0.871,1.621923e+05,3.673437e-02,0.1366,3.3129,0,3,49,399,54,60
1647,513,2160,0.7625,0.873,1.631022e+05,2.799390e-02,0.1315,3.3196,0,7,32,398,54,60
1648,512,2160,0.762963,0.869,1.647745e+05,3.109884e-02,0.1362,3.3233,0,9,36,397,54,60
1649,511,2160,0.763426,0.871,1.660244e+05,3.685474e-02,0.1272,3.3091,0,3,86,396,54,60
1650,510,2160,0.763889,0.867,1.671075e+05,1.115288e-01,0.1304,3.3223,2,8,9,396,54,59
1651,509,2160,0.764352,0.867,1.688801e+05,2.836761e-02,0.1254,3.3297,0,4,91,395,54,59
1652,508,2160,0.764815,0.866,1.695328e+05,2.463412e-02,0.1321,3.3413,0,2,112,394,54,59
1653,507,2160,0.765278,0.863,1.698912e+05,3.026845e-02,0.1378,3.3315,0,7,90,393,54,59
1654,506,2160,0.765741,0.862,1.699643e+05,3.716525e-02,0.1358,3.3227,0,3,156,392,54,59
1655,505,2160,0.766204,0.863,1.707211e+05,3.014556e-02,0.1293,3.3251,0,7,79,391,54,59
1656,504,2160,0.766667,0.866,1.709499e+05,1.871055e-02,0.1341,3.3334,0,5,155,390,54,59
1657,503,2160,0.76713,0.865,1.725819e+05,3.649316e-02,0.1451,3.334,0,3,189,389,54,59
1658,502,2160,0.767593,0.863,1.744464e+05,3.183366e-02,0.1255,3.3329,0,1,37,388,54,59
1659,501,2160,0.768056,0.864,1.765043e+05,2.836920e-02,0.1221,3.319,0,4,13,387,54,59
1660,500,2160,0.768519,0.864,1.772401e+05,1.112448e-02,0.1267,3.3307,0,5,13,386,54,59
1661,499,2160,0.768981,0.865,1.771353e+05,2.878493e-02,0.1374,3.3312,0,4,160,385,54,59
1662,498,2160,0.769444,0.864,1.775366e+05,3.998876e-02,0.1281,3.3282,0,3,160,384,54,59
1663,497,2160,0.769907,0.861,1.779749e+05,3.037319e-02,0.1288,3.3337,0,0,132,383,54,59
1664,496,2160,0.77037,0.859,1.785814e+05,2.605621e-02,0.1325,3.3251,0,2,160,382,54,59
1665,495,2160,0.770833,0.859,1.783942e+05,2.076912e-02,0.127,3.3076,0,8,160,381,54,59
1666,494,2160,0.771296,0.86,1.777422e+05,2.422563e-02,0.125,3.3251,0,8,156,380,54,59
1667,493,2160,0.771759,0.86,1.786654e+05,3.080314e-02,0.1255,3.3162,0,7,93,379,54,59
1668,492,2160,0.772222,0.861,1.788910e+05,3.092016e-02,0.1258,3.3157,0,7,120,378,54,59
1669,491,2160,0.772685,0.862,1.800246e+05,5.892570e-02,0.1263,3.3387,1,9,4,378,53,59
1670,490,2160,0.773148,0.861,1.798154e+05,1.465961e-01,0.1286,3.3248,1,9,8,378,52,59
1671,489,2160,0.773611,0.858,1.793379e+05,7.891502e-02,0.1231,3.3209,1,9,1,378,51,59
1672,488,2160,0.774074,0.858,1.790794e+05,4.021704e-02,0.1223,3.3316,1,9,2,378,50,59
1673,487,2160,0.774537,0.859,1.789003e+05,6.027854e-02,0.1245,3.3293,1,9,3,378,49,59
1674,486,2160,0.775,0.859,1.787592e+05,6.128844e-02,0.1266,3.3254,2,5,9,378,49,58
1675,485,2160,0.775463,0.859,1.786390e+05,1.741295e-02,0.1358,3.327,0,5,149,377,49,58
1676,484,2160,0.775926,0.858,1.807063e+05,1.936107e-02,0.1253,3.312,0,5,77,376,49,58
1677,483,2160,0.776389,0.859,1.815332e+05,3.349089e-02,0.1197,3.3254,0,1,144,375,49,58
1678,482,2160,0.776852,0.862,1.817813e+05,3.473917e-02,0.134,3.3183,0,1,22,374,49,58
1679,481,2160,0.777315,0.863,1.824148e+05,2.450706e-02,0.1331,3.3054,0,8,99,373,49,58
1680,480,2160,0.777778,0.864,1.844021e+05,1.785532e-02,0.1239,3.3214,0,5,185,372,49,58
1681,479,2160,0.778241,0.864,1.868174e+05,2.472049e-02,0.1273,1.3121,0,8,158,371,49,58
1682,478,2160,0.778704,0.863,1.888300e+05,1.988045e-02,0.1227,3.3097,0,5,158,370,49,58
1683,477,2160,0.779167,0.859,1.896325e+05,2.992431e-02,0.1173,3.3272,0,7,158,369,49,58
1684,476,2160,0.77963,0.856,1.896586e+05,3.124122e-02,0.1218,3.3139,0,7,122,368,49,58
1685,475,2160,0.780093,0.857,1.911168e+05,2.749399e-02,0.1145,3.3103,0,1,122,367,49,58
1686,474,2160,0.780556,0.859,1.909658e+05,2.635846e-02,0.1234,3.3299,0,8,171,366,49,58
1687,473,2160,0.781019,0.856,1.923698e+05,1.968832e-02,0.1262,2.0852,0,5,78,365,49,58
1688,472,2160,0.781481,0.856,1.935378e+05,2.529961e-02,0.1216,3.3291,0,2,19,364,49,58
1689,471,2160,0.781944,0.859,1.946916e+05,3.469148e-02,0.1279,3.3274,0,9,50,363,49,58
1690,470,2160,0.782407,0.861,1.944341e+05,3.454686e-02,0.1175,3.3293,0,9,67,362,49,58
1691,469,2160,0.78287,0.858,1.952416e+05,3.310498e-02,0.1195,3.3321,2,4,5,362,49,57
1692,468,2160,0.783333,0.845,1.950240e+05,2.679075e-02,0.1159,3.3175,0,4,125,361,49,57
1693,467,2160,0.783796,0.846,1.973065e+05,1.807285e-02,0.1255,2.7211,0,5,195,360,49,57
1694,466,2160,0.784259,0.846,1.998157e+05,2.668256e-02,0.1266,3.3348,0,4,88,359,49,57
1695,465,2160,0.784722,0.846,2.021596e+05,3.357050e-02,0.119,3.3198,0,9,162,358,49,57
1696,464,2160,0.785185,0.846,2.045452e+05,3.827099e-02,0.1237,3.3257,0,3,141,357,49,57
1697,463,2160,0.785648,0.844,2.071484e+05,3.539823e-02,0.1219,3.3309,0,1,76,356,49,57
1698,462,2160,0.786111,0.839,2.077334e+05,3.149895e-02,0.1309,3.3128,0,7,51,355,49,57
1699,461,2160,0.786574,0.844,2.101596e+05,2.141250e-02,0.1205,3.3208,0,5,124,354,49,57
1700,460,2160,0.787037,0.843,2.111958e+05,3.540214e-02,0.123,3.3174,0,9,34,353,49,57
1701,459,2160,0.7875,0.842,2.111826e+05,1.960219e-02,0.1181,3.3148,0,5,73,352,49,57
1702,458,2160,0.787963,0.843,2.129802e+05,3.311080e-02,0.1296,3.3149,0,7,103,351,49,57
1703,457,2160,0.788426,0.84,2.142838e+05,2.652545e-02,0.1232,3.3205,0,2,109,350,49,57
1704,456,2160,0.788889,0.84,2.151871e+05,3.625978e-02,0.1357,3.3161,0,1,133,349,49,57
1705,455,2160,0.789352,0.84,2.163215e+05,3.428712e-02,0.1223,3.3244,0,1,109,348,49,57
1706,454,2160,0.789815,0.838,2.165659e+05,2.720834e-02,0.1186,3.3175,0,8,73,347,49,57
1707,453,2160,0.790278,0.839,2.178321e+05,3.121402e-02,0.1134,3.3204,0,0,76,346,49,57
1708,452,2160,0.790741,0.837,2.182945e+05,2.771704e-02,0.1174,3.3186,0,4,177,345,49,57
1709,451,2160,0.791204,0.839,2.194885e+05,3.581746e-02,0.1188,3.3137,0,9,121,344,49,57
1710,450,2160,0.791667,0.834,2.194217e+05,2.228354e-02,0.1314,3.3143,0,5,145,343,49,57
1711,449,2160,0.79213,0.836,2.192709e+05,3.158500e-02,0.1145,3.3216,0,0,190,342,49,57
1712,448,2160,0.792593,0.834,2.206064e+05,3.908320e-02,0.1262,3.313,0,3,72,341,49,57
1713,447,2160,0.793056,0.84,2.227437e+05,3.244901e-02,0.1324,3.3142,0,7,140,340,49,57
1714,446,2160,0.793519,0.84,2.250647e+05,2.790592e-02,0.1186,3.3111,0,8,121,339,49,57
1715,445,2160,0.793981,0.839,2.264631e+05,2.903294e-02,0.1079,3.3205,0,8,76,338,49,57
1716,444,2160,0.794444,0.839,2.271638e+05,2.559702e-02,0.1267,3.3164,0,2,76,337,49,57
1717,443,2160,0.794907,0.842,2.285139e+05,3.441112e-02,0.1068,3.3122,0,9,136,336,49,57
1718,442,2160,0.79537,0.842,2.286614e+05,2.386742e-02,0.1068,3.314,1,2,3,336,48,57
1719,441,2160,0.795833,0.839,2.280143e+05,2.527324e-02,0.1099,3.3259,2,0,8,336,48,56
1720,440,2160,0.796296,0.841,2.278505e+05,3.085173e-02,0.1047,3.3183,0,0,145,335,48,56
1721,439,2160,0.796759,0.846,2.296403e+05,3.426315e-02,0.1024,3.3233,0,7,64,334,48,56
1722,438,2160,0.797222,0.841,2.311326e+05,1.920043e-02,0.109,3.3169,0,5,112,333,48,56
1723,437,2160,0.797685,0.838,2.333390e+05,3.290301e-02,0.1056,3.3122,0,0,104,332,48,56
1724,436,2160,0.798148,0.833,2.338553e+05,1.127787e-02,0.1152,3.312,2,5,1,332,48,55
1725,435,2160,0.798611,0.832,2.331897e+05,2.629157e-02,0.1028,3.3266,0,4,64,331,48,55
1726,434,2160,0.799074,0.832,2.330830e+05,3.259529e-02,0.1114,3.321,0,0,136,330,48,55
1727,433,2160,0.799537,0.829,2.331412e+05,2.021514e-02,0.1151,3.3337,0,5,64,329,48,55
1728,432,2160,0.8,0.831,2.339248e+05,1.872364e-02,0.1064,3.3212,0,5,44,328,48,55
1729,431,2160,0.800463,0.826,2.363093e+05,3.849253e-02,0.1018,3.3049,0,3,135,327,48,55
1730,430,2160,0.800926,0.825,2.390454e+05,2.836202e-02,0.0993,3.3264,0,8,138,326,48,55
1731,429,2160,0.801389,0.826,2.405939e+05,2.542996e-02,0.1178,3.3256,0,2,187,325,48,55
1732,428,2160,0.801852,0.823,2.431414e+05,3.517655e-02,0.0986,3.3278,0,7,33,324,48,55
1733,427,2160,0.802315,0.825,2.450445e+05,3.693601e-02,0.1014,3.3069,0,9,48,323,48,55
1734,426,2160,0.802778,0.82,2.447210e+05,2.746607e-02,0.1065,3.3274,0,4,138,322,48,55
1735,425,2160,0.803241,0.817,2.455649e+05,3.927100e-02,0.0994,3.3133,0,1,48,321,48,55
1736,424,2160,0.803704,0.817,2.454230e+05,2.907740e-02,0.0975,3.328,0,8,79,320,48,55
1737,423,2160,0.804167,0.81,2.475180e+05,2.025595e-02,0.1027,3.3185,0,5,23,319,48,55
1738,422,2160,0.80463,0.81,2.501569e+05,2.821505e-02,0.119,3.316,2,7,8,319,48,54
1739,421,2160,0.805093,0.811,2.497421e+05,3.869612e-02,0.1095,3.3344,0,1,121,318,48,54
1740,420,2160,0.805556,0.813,2.505389e+05,2.258896e-02,0.1071,3.3332,0,2,121,317,48,54
1741,419,2160,0.806019,0.813,2.500710e+05,1.850588e-02,0.0893,3.3214,0,5,121,316,48,54
1742,418,2160,0.806481,0.814,2.516763e+05,4.112926e-02,0.1235,3.3202,0,3,121,315,48,54
1743,417,2160,0.806944,0.819,2.527789e+05,3.855439e-02,0.1079,3.3219,0,1,130,314,48,54
1744,416,2160,0.807407,0.822,2.537237e+05,3.679388e-02,0.1111,3.3184,0,1,170,313,48,54
1745,415,2160,0.80787,0.813,2.560818e+05,2.830975e-02,0.1005,3.321,0,4,92,312,48,54
1746,414,2160,0.808333,0.811,2.579412e+05,2.762571e-02,0.1139,3.3471,0,4,186,311,48,54
1747,413,2160,0.808796,0.807,2.602425e+05,3.089807e-02,0.1069,3.3214,0,8,54,310,48,54
1748,412,2160,0.809259,0.806,2.618105e+05,3.769932e-02,0.0925,3.3243,0,0,34,309,48,54
1749,411,2160,0.809722,0.804,2.616266e+05,2.939085e-02,0.11,3.3201,2,9,8,309,48,53
1750,410,2160,0.810185,0.804,2.610092e+05,3.586953e-02,0.0894,3.3265,0,7,54,308,48,53
1751,409,2160,0.810648,0.801,2.623221e+05,2.714856e-02,0.1013,3.3289,2,0,1,308,48,52
1752,408,2160,0.811111,0.799,2.621305e+05,2.965315e-02,0.0971,3.3206,0,8,120,307,48,52
1753,407,2160,0.811574,0.795,2.648601e+05,3.072460e-02,0.0885,3.3167,0,8,173,306,48,52
1754,406,2160,0.812037,0.793,2.665732e+05,3.252055e-02,0.0897,3.3222,0,8,172,305,48,52
1755,405,2160,0.8125,0.795,2.668838e+05,1.812327e-02,0.0957,3.3251,1,8,5,305,47,52
1756,404,2160,0.812963,0.794,2.656241e+05,3.028934e-02,0.0973,3.3198,0,8,103,304,47,52
1757,403,2160,0.813426,0.783,2.685669e+05,3.597773e-02,0.0953,3.3125,0,0,55,303,47,52
1758,402,2160,0.813889,0.781,2.718298e+05,1.985527e-02,0.1207,3.3216,0,5,179,302,47,52
1759,401,2160,0.814352,0.778,2.754024e+05,3.869265e-02,0.0933,3.3075,0,7,34,301,47,52
1760,400,2160,0.814815,0.779,2.771039e+05,2.496666e-02,0.0876,3.3156,0,8,34,300,47,52
1761,399,2160,0.815278,0.781,2.774423e+05,3.918675e-02,0.0934,3.3212,0,9,130,299,47,52
1762,398,2160,0.815741,0.778,2.783017e+05,3.043704e-02,0.0912,3.3223,0,8,141,298,47,52
1763,397,2160,0.816204,0.777,2.811985e+05,3.155090e-02,0.1025,3.3278,0,8,134,297,47,52
1764,396,2160,0.816667,0.775,2.835454e+05,3.414095e-02,0.1101,3.3234,0,7,134,296,47,52
1765,395,2160,0.81713,0.772,2.832224e+05,4.233575e-02,0.0977,3.3264,0,3,75,295,47,52
1766,394,2160,0.817593,0.774,2.866650e+05,1.926237e-02,0.0928,3.3122,0,5,134,294,47,52
1767,393,2160,0.818056,0.774,2.900011e+05,2.927931e-02,0.1126,3.332,1,2,8,294,46,52
1768,392,2160,0.818519,0.776,2.898443e+05,3.924014e-02,0.0988,3.3261,0,9,122,293,46,52
1769,391,2160,0.818981,0.772,2.938698e+05,2.164078e-02,0.092,3.3169,0,5,54,292,46,52
1770,390,2160,0.819444,0.766,2.964486e+05,4.045301e-02,0.104,3.3104,0,9,142,291,46,52
1771,389,2160,0.819907,0.766,2.987679e+05,4.572246e-02,0.1162,3.3173,0,3,174,290,46,52
1772,388,2160,0.82037,0.764,3.005803e+05,4.157707e-02,0.0905,3.3055,0,7,174,289,46,52
1773,387,2160,0.820833,0.764,3.009870e+05,4.134225e-02,0.093,3.3164,0,9,24,288,46,52
1774,386,2160,0.821296,0.765,3.040329e+05,1.749099e-02,0.0925,3.3356,0,5,24,287,46,52
1775,385,2160,0.821759,0.764,3.060742e+05,3.226351e-02,0.1027,3.3334,0,8,9,286,46,52
1776,384,2160,0.822222,0.764,3.102182e+05,4.037870e-02,0.1098,3.2986,0,9,46,285,46,52
1777,383,2160,0.822685,0.767,3.144116e+05,4.180541e-02,0.1199,3.3101,0,1,40,284,46,52
1778,382,2160,0.823148,0.769,3.157278e+05,1.284104e-02,0.098,3.3153,0,2,40,283,46,52
1779,381,2160,0.823611,0.77,3.151189e+05,2.937349e-02,0.0973,3.3228,0,2,178,282,46,52
1780,380,2160,0.824074,0.77,3.160194e+05,1.399083e-02,0.0963,3.3318,0,5,178,281,46,52
1781,379,2160,0.824537,0.768,3.169158e+05,3.667157e-02,0.0928,3.3175,0,7,178,280,46,52
1782,378,2160,0.825,0.765,3.195732e+05,4.280153e-02,0.0957,3.3123,0,0,117,279,46,52
1783,377,2160,0.825463,0.765,3.204923e+05,4.083637e-02,0.1095,3.323,0,7,36,278,46,52
1784,376,2160,0.825926,0.763,3.246427e+05,3.264508e-02,0.0969,3.3225,0,8,165,277,46,52
1785,375,2160,0.826389,0.76,3.289664e+05,2.860166e-02,0.0932,3.3222,0,4,165,276,46,52
1786,374,2160,0.826852,0.754,3.331239e+05,4.568185e-02,0.0897,3.3368,0,3,65,275,46,52
1787,373,2160,0.827315,0.748,3.375007e+05,3.152523e-02,0.108,3.3114,0,4,35,274,46,52
1788,372,2160,0.827778,0.747,3.381193e+05,4.128897e-02,0.0904,3.3087,0,7,175,273,46,52
1789,371,2160,0.828241,0.746,3.421834e+05,2.669122e-02,0.0978,3.3195,0,2,64,272,46,52
1790,370,2160,0.828704,0.749,3.465205e+05,2.981880e-02,0.101,3.3131,0,2,0,271,46,52
1791,369,2160,0.829167,0.751,3.479944e+05,1.001089e-02,0.1066,3.3311,0,5,0,270,46,52
1792,368,2160,0.82963,0.751,3.481521e+05,2.748431e-02,0.1007,3.3195,0,2,79,269,46,52
1793,367,2160,0.830093,0.75,3.521058e+05,3.302835e-02,0.0956,3.325,0,4,80,268,46,52
1794,366,2160,0.830556,0.751,3.531240e+05,2.436324e-02,0.0981,3.3019,0,2,80,267,46,52
1795,365,2160,0.831019,0.751,3.518762e+05,4.312650e-02,0.1024,3.3174,0,0,67,266,46,52
1796,364,2160,0.831481,0.751,3.539025e+05,3.157175e-02,0.101,3.3073,0,2,48,265,46,52
1797,363,2160,0.831944,0.748,3.536615e+05,2.541351e-02,0.0923,3.3112,0,5,48,264,46,52
1798,362,2160,0.832407,0.742,3.545325e+05,3.245947e-02,0.095,3.3187,1,2,4,264,45,52
1799,361,2160,0.83287,0.739,3.533948e+05,4.809598e-02,0.0908,3.3591,0,3,175,263,45,52
1800,360,2160,0.833333,0.734,3.561949e+05,3.203683e-02,0.1002,3.3278,0,2,143,262,45,52
1801,359,2160,0.833796,0.735,3.568566e+05,3.706231e-02,0.0967,3.3387,0,8,130,261,45,52
1802,358,2160,0.834259,0.735,3.597588e+05,2.766109e-02,0.0963,3.3318,0,2,130,260,45,52
1803,357,2160,0.834722,0.734,3.586894e+05,1.548860e-02,0.0934,3.3254,0,4,130,259,45,52
1804,356,2160,0.835185,0.733,3.583048e+05,4.467049e-02,0.0922,3.3289,0,0,143,258,45,52
1805,355,2160,0.835648,0.731,3.599027e+05,4.851982e-02,0.0993,3.3133,0,3,81,257,45,52
1806,354,2160,0.836111,0.733,3.649556e+05,2.216498e-02,0.0915,3.332,0,5,133,256,45,52
1807,353,2160,0.836574,0.735,3.703812e+05,3.020516e-02,0.0933,3.3272,0,4,151,255,45,52
1808,352,2160,0.837037,0.727,3.757507e+05,2.215944e-02,0.0983,3.3288,0,5,103,254,45,52
1809,351,2160,0.8375,0.719,3.813039e+05,3.039261e-02,0.093,3.3236,0,4,30,253,45,52
1810,350,2160,0.837963,0.728,3.867711e+05,4.489031e-02,0.0915,3.3178,0,9,62,252,45,52
1811,349,2160,0.838426,0.723,3.914119e+05,3.667280e-02,0.0981,3.3199,0,8,164,251,45,52
1812,348,2160,0.838889,0.723,3.962988e+05,4.755314e-02,0.0885,3.3295,0,1,163,250,45,52
1813,347,2160,0.839352,0.721,3.974350e+05,4.639166e-02,0.0914,3.3258,0,7,91,249,45,52
1814,346,2160,0.839815,0.727,3.997905e+05,4.480675e-02,0.1025,3.3151,0,7,143,248,45,52
1815,345,2160,0.840278,0.724,4.044026e+05,2.195341e-02,0.0896,3.3183,0,5,143,247,45,52
1816,344,2160,0.840741,0.72,4.086767e+05,5.193178e-02,0.0991,3.3526,0,3,66,246,45,52
1817,343,2160,0.841204,0.715,4.119926e+05,3.125932e-02,0.0955,3.3265,0,4,110,245,45,52
1818,342,2160,0.841667,0.716,4.173888e+05,3.734441e-02,0.0968,3.3381,0,8,109,244,45,52
1819,341,2160,0.84213,0.714,4.231027e+05,3.718288e-02,0.0977,3.3289,0,8,186,243,45,52
1820,340,2160,0.842593,0.716,4.288333e+05,3.901635e-02,0.1096,3.3211,0,8,80,242,45,52
1821,339,2160,0.843056,0.713,4.323482e+05,2.967018e-02,0.092,3.3263,0,5,146,241,45,52
1822,338,2160,0.843519,0.708,4.328970e+05,2.366211e-02,0.0956,3.3211,0,5,107,240,45,52
1823,337,2160,0.843981,0.704,4.382877e+05,5.142385e-02,0.0948,3.3106,0,3,187,239,45,52
1824,336,2160,0.844444,0.705,4.442111e+05,4.191666e-02,0.0957,3.3126,2,3,2,239,45,51
1825,335,2160,0.844907,0.704,4.439341e+05,4.777298e-02,0.0969,3.3238,0,7,80,238,45,51
1826,334,2160,0.84537,0.704,4.494469e+05,4.782362e-02,0.1097,3.3116,0,7,87,237,45,51
1827,333,2160,0.845833,0.699,4.520918e+05,2.442053e-02,0.0856,3.3322,0,5,66,236,45,51
1828,332,2160,0.846296,0.697,4.576204e+05,2.606890e-02,0.0878,3.3237,0,5,106,235,45,51
1829,331,2160,0.846759,0.701,4.615703e+05,3.187860e-02,0.0954,3.3177,0,2,39,234,45,51
1830,330,2160,0.847222,0.704,4.666649e+05,3.945030e-02,0.0915,3.32,0,8,71,233,45,51
1831,329,2160,0.847685,0.705,4.727352e+05,3.268345e-02,0.0904,3.3278,0,2,58,232,45,51
1832,328,2160,0.848148,0.712,4.776320e+05,4.882438e-02,0.0909,3.3233,0,1,63,231,45,51
1833,327,2160,0.848611,0.706,4.793693e+05,5.049036e-02,0.0994,3.2994,0,1,35,230,45,51
1834,326,2160,0.849074,0.709,4.778596e+05,2.535277e-02,0.0973,3.3146,0,5,164,229,45,51
1835,325,2160,0.849537,0.708,4.834826e+05,4.988923e-02,0.0876,3.3301,0,0,176,228,45,51
1836,324,2160,0.85,0.704,4.901507e+05,5.197360e-02,0.0986,3.3317,0,3,148,227,45,51
1837,323,2160,0.850463,0.706,4.971302e+05,3.649857e-02,0.0938,3.3301,0,4,82,226,45,51
1838,322,2160,0.850926,0.706,4.975586e+05,2.412041e-02,0.0947,3.3246,0,5,18,225,45,51
1839,321,2160,0.851389,0.705,5.045656e+05,5.359367e-02,0.0903,3.3344,0,7,150,224,45,51
1840,320,2160,0.851852,0.703,5.100148e+05,5.238422e-02,0.0901,3.3148,0,1,90,223,45,51
1841,319,2160,0.852315,0.703,5.102062e+05,3.343371e-02,0.0932,3.3246,0,2,189,222,45,51
1842,318,2160,0.852778,0.705,5.167071e+05,5.965538e-02,0.0829,3.3294,2,4,2,222,45,50
1843,317,2160,0.853241,0.708,5.161378e+05,4.421674e-02,0.0941,3.3418,0,8,68,221,45,50
1844,316,2160,0.853704,0.705,5.217274e+05,4.552434e-02,0.0902,3.3288,0,1,68,220,45,50
1845,315,2160,0.854167,0.702,5.193334e+05,4.452009e-02,0.0905,3.33,0,8,35,219,45,50
1846,314,2160,0.85463,0.694,5.203035e+05,5.397870e-02,0.0874,3.3188,0,0,159,218,45,50
1847,313,2160,0.855093,0.698,5.246698e+05,3.811269e-02,0.0928,3.3209,0,8,159,217,45,50
1848,312,2160,0.855556,0.702,5.242128e+05,5.081562e-02,0.0943,3.3227,0,7,159,216,45,50
1849,311,2160,0.856019,0.693,5.254296e+05,5.146700e-02,0.0869,3.3314,0,7,92,215,45,50
1850,310,2160,0.856481,0.695,5.312549e+05,2.903612e-02,0.0906,3.3118,0,2,92,214,45,50
1851,309,2160,0.856944,0.687,5.356474e+05,4.471311e-02,0.096,3.3506,2,0,6,214,45,49
1852,308,2160,0.857407,0.681,5.368271e+05,3.100255e-02,0.0963,3.3368,0,4,113,213,45,49
1853,307,2160,0.85787,0.675,5.449195e+05,5.454090e-02,0.0919,3.3095,0,7,21,212,45,49
1854,306,2160,0.858333,0.682,5.531624e+05,5.411784e-02,0.0923,3.3188,0,7,77,211,45,49
1855,305,2160,0.858796,0.688,5.578575e+05,5.359909e-02,0.0945,3.3125,0,3,80,210,45,49
1856,304,2160,0.859259,0.682,5.654358e+05,3.595392e-02,0.0902,3.3379,1,6,5,210,44,49
1857,303,2160,0.859722,0.684,5.658387e+05,3.185572e-02,0.0928,3.321,0,4,140,209,44,49
1858,302,2160,0.860185,0.675,5.737114e+05,2.553348e-02,0.0897,3.3184,0,5,161,208,44,49
1859,301,2160,0.860648,0.675,5.824332e+05,5.808491e-02,0.0994,3.3154,0,3,104,207,44,49
1860,300,2160,0.861111,0.687,5.847024e+05,3.297608e-02,0.0813,2.9924,0,4,19,206,44,49
1861,299,2160,0.861574,0.685,5.935485e+05,6.817301e-02,0.0829,3.326,2,1,2,206,44,48
1862,298,2160,0.862037,0.681,5.933090e+05,4.950102e-02,0.0943,3.3292,0,8,104,205,44,48
1863,297,2160,0.8625,0.684,5.967083e+05,4.234603e-02,0.0931,3.3228,0,2,117,204,44,48
1864,296,2160,0.862963,0.686,5.965013e+05,2.911771e-02,0.0864,3.3209,0,4,117,203,44,48
1865,295,2160,0.863426,0.687,5.973861e+05,5.667012e-02,0.0919,3.3294,0,3,120,202,44,48
1866,294,2160,0.863889,0.67,6.053710e+05,4.068202e-02,0.094,3.3083,0,2,163,201,44,48
1867,293,2160,0.864352,0.665,6.056790e+05,4.480876e-02,0.0938,3.3225,0,8,163,200,44,48
1868,292,2160,0.864815,0.668,6.092859e+05,5.098371e-02,0.0931,3.3327,0,8,72,199,44,48
1869,291,2160,0.865278,0.658,6.158780e+05,4.897809e-02,0.0961,3.3248,0,7,72,198,44,48
1870,290,2160,0.865741,0.66,6.155601e+05,3.769997e-02,0.0922,3.3303,0,4,104,197,44,48
1871,289,2160,0.866204,0.67,6.185431e+05,5.896678e-02,0.101,3.3131,0,7,48,196,44,48
1872,288,2160,0.866667,0.663,6.230902e+05,4.607730e-02,0.0985,3.3173,0,8,48,195,44,48
1873,287,2160,0.86713,0.655,6.221461e+05,2.347377e-02,0.0957,3.3047,2,5,6,195,44,47
1874,286,2160,0.867593,0.654,6.207072e+05,5.387261e-02,0.0905,3.3108,0,3,48,194,44,47
1875,285,2160,0.868056,0.648,6.246449e+05,4.775946e-02,0.0852,3.3186,2,7,6,194,44,46
1876,284,2160,0.868519,0.649,6.244808e+05,6.236251e-02,0.0889,3.3175,2,9,1,194,44,45
1877,283,2160,0.868981,0.644,6.253958e+05,5.772470e-02,0.0922,3.3147,0,0,157,193,44,45
1878,282,2160,0.869444,0.646,6.303930e+05,3.793188e-02,0.0897,3.3099,0,8,157,192,44,45
1879,281,2160,0.869907,0.641,6.308652e+05,6.116488e-02,0.0874,3.326,0,7,50,191,44,45
1880,280,2160,0.87037,0.646,6.352355e+05,4.186459e-02,0.086,3.3205,0,2,104,190,44,45
1881,279,2160,0.870833,0.64,6.368295e+05,4.643996e-02,0.0845,3.1273,0,1,104,189,44,45
1882,278,2160,0.871296,0.651,6.357203e+05,1.296931e-01,0.0947,3.3305,2,9,7,189,44,44
1883,277,2160,0.871759,0.654,6.374662e+05,5.710210e-02,0.0881,3.3198,0,3,147,188,44,44
1884,276,2160,0.872222,0.652,6.465363e+05,4.081057e-02,0.087,3.3109,0,4,137,187,44,44
1885,275,2160,0.872685,0.655,6.468168e+05,5.949733e-02,0.0874,3.3201,0,7,45,186,44,44
1886,274,2160,0.873148,0.656,6.561790e+05,6.053932e-02,0.0844,3.3342,0,3,74,185,44,44
1887,273,2160,0.873611,0.654,6.584401e+05,2.427506e-02,0.0964,3.3409,0,4,74,184,44,44
1888,272,2160,0.874074,0.664,6.594747e+05,4.022089e-02,0.0882,3.3077,0,4,116,183,44,44
1889,271,2160,0.874537,0.672,6.596106e+05,3.849382e-02,0.0873,3.3372,0,4,89,182,44,44
1890,270,2160,0.875,0.666,6.636889e+05,3.779315e-02,0.083,3.3207,0,2,89,181,44,44
1891,269,2160,0.875463,0.667,6.689939e+05,4.904615e-02,0.0854,0.4273,0,8,44,180,44,44
1892,268,2160,0.875926,0.654,6.790683e+05,5.879565e-02,0.0934,3.3115,0,7,85,179,44,44
1893,267,2160,0.876389,0.657,6.886688e+05,5.872567e-02,0.1004,3.3229,0,7,110,178,44,44
1894,266,2160,0.876852,0.654,6.980849e+05,5.410035e-02,0.0788,3.316,0,9,47,177,44,44
1895,265,2160,0.877315,0.662,7.077802e+05,3.990606e-02,0.0854,3.3179,0,2,53,176,44,44
1896,264,2160,0.877778,0.665,7.183867e+05,5.662286e-02,0.08,3.3175,0,9,190,175,44,44
1897,263,2160,0.878241,0.655,7.290448e+05,5.567532e-02,0.0895,3.3202,0,9,39,174,44,44
1898,262,2160,0.878704,0.665,7.400577e+05,6.077614e-02,0.0823,3.3227,1,3,7,174,43,44
1899,261,2160,0.879167,0.66,7.447993e+05,6.359544e-02,0.0903,3.3387,0,7,114,173,43,44
1900,260,2160,0.87963,0.657,7.550899e+05,6.242726e-02,0.0899,3.3397,0,1,138,172,43,44
1901,259,2160,0.880093,0.659,7.560827e+05,6.478280e-02,0.0826,3.3284,0,3,52,171,43,44
1902,258,2160,0.880556,0.653,7.639386e+05,4.900279e-02,0.0939,3.313,0,2,108,170,43,44
1903,257,2160,0.881019,0.647,7.657449e+05,1.673759e-02,0.0843,3.3112,0,5,108,169,43,44
1904,256,2160,0.881481,0.648,7.666235e+05,3.180877e-02,0.0895,3.3057,1,5,8,169,42,44
1905,255,2160,0.881944,0.642,7.661202e+05,6.572889e-02,0.0858,3.3393,0,1,52,168,42,44
1906,254,2160,0.882407,0.643,7.691540e+05,3.931039e-02,0.086,2.3773,0,7,52,167,42,44
1907,253,2160,0.88287,0.644,7.665054e+05,4.315428e-02,0.084,3.3308,0,4,115,166,42,44
1908,252,2160,0.883333,0.651,7.675469e+05,2.951605e-02,0.0959,3.3135,0,5,102,165,42,44
1909,251,2160,0.883796,0.642,7.788195e+05,4.819753e-02,0.0837,3.3238,0,2,22,164,42,44
1910,250,2160,0.884259,0.645,7.840106e+05,3.581150e-02,0.0831,3.3205,0,4,22,163,42,44
1911,249,2160,0.884722,0.638,7.913813e+05,6.233329e-02,0.0876,3.3435,0,3,79,162,42,44
1912,248,2160,0.885185,0.613,8.024490e+05,5.721988e-02,0.087,3.3236,0,8,144,161,42,44
1913,247,2160,0.885648,0.608,8.091412e+05,4.017154e-02,0.0824,3.3169,0,4,144,160,42,44
1914,246,2160,0.886111,0.61,8.080377e+05,4.951143e-02,0.0865,3.327,0,2,144,159,42,44
1915,245,2160,0.886574,0.615,8.071847e+05,4.649300e-02,0.0816,3.3251,0,4,132,158,42,44
1916,244,2160,0.887037,0.618,8.077885e+05,7.288799e-02,0.0775,3.3327,1,4,0,158,41,44
1917,243,2160,0.8875,0.618,8.080459e+05,6.970365e-02,0.0943,3.3288,0,3,146,157,41,44
1918,242,2160,0.887963,0.6,8.150946e+05,6.263208e-02,0.082,3.311,0,7,74,156,41,44
1919,241,2160,0.888426,0.587,8.269380e+05,8.716780e-02,0.0746,3.3177,2,8,2,156,41,43
1920,240,2160,0.888889,0.57,8.269602e+05,5.265239e-02,0.0839,3.3228,2,8,4,156,41,42
1921,239,2160,0.889352,0.588,8.269739e+05,6.331050e-02,0.0965,3.3255,0,7,124,155,41,42
1922,238,2160,0.889815,0.576,8.383112e+05,7.414024e-02,0.0898,3.3173,0,0,172,154,41,42
1923,237,2160,0.890278,0.567,8.417139e+05,5.518534e-02,0.0771,3.315,0,8,23,153,41,42
1924,236,2160,0.890741,0.59,8.520004e+05,6.807800e-02,0.079,3.3266,1,4,9,153,40,42
1925,235,2160,0.891204,0.578,8.523489e+05,7.310519e-02,0.0933,3.32,1,7,0,153,39,42
1926,234,2160,0.891667,0.585,8.527212e+05,7.391274e-02,0.0882,3.3138,0,3,129,152,39,42
1927,233,2160,0.89213,0.579,8.557894e+05,5.630220e-02,0.079,3.324,0,8,170,151,39,42
1928,232,2160,0.892593,0.572,8.670909e+05,4.026366e-02,0.077,3.3203,0,4,129,150,39,42
1929,231,2160,0.893056,0.566,8.767674e+05,4.354589e-02,0.0791,3.3196,0,5,152,149,39,42
1930,230,2160,0.893519,0.57,8.781927e+05,2.044648e-02,0.0854,3.3163,0,4,152,148,39,42
1931,229,2160,0.893981,0.57,8.780877e+05,3.857855e-02,0.0848,3.3077,0,5,51,147,39,42
1932,228,2160,0.894444,0.567,8.864508e+05,5.356252e-02,0.0903,3.3146,0,3,51,146,39,42
1933,227,2160,0.894907,0.564,8.871755e+05,4.906636e-02,0.08,3.3294,0,4,100,145,39,42
1934,226,2160,0.89537,0.569,8.944304e+05,2.992564e-02,0.0905,3.3124,0,2,100,144,39,42
1935,225,2160,0.895833,0.57,8.962498e+05,4.884700e-02,0.0782,3.3179,2,1,4,144,39,41
1936,224,2160,0.896296,0.52,8.968149e+05,5.092872e-02,0.0848,3.316,0,4,163,143,39,41
1937,223,2160,0.896759,0.534,8.982653e+05,3.131966e-02,0.088,3.3136,0,5,163,142,39,41
1938,222,2160,0.897222,0.549,9.077266e+05,5.772387e-02,0.079,3.3219,1,7,4,142,38,41
1939,221,2160,0.897685,0.552,9.079783e+05,1.306123e-01,0.0857,3.3146,2,7,7,142,38,40
1940,220,2160,0.898148,0.557,9.092438e+05,4.270187e-02,0.0815,3.3297,0,5,131,141,38,40
1941,219,2160,0.898611,0.57,9.106915e+05,4.072301e-02,0.0902,3.3121,0,4,131,140,38,40
1942,218,2160,0.899074,0.559,9.136507e+05,3.898048e-02,0.0806,3.3149,2,5,5,140,38,39
1943,217,2160,0.899537,0.565,9.141952e+05,7.258299e-02,0.0823,3.3243,0,3,67,139,38,39
1944,216,2160,0.9,0.565,9.226479e+05,2.403788e-02,0.0791,3.329,0,5,67,138,38,39
1945,215,2160,0.900463,0.555,9.275950e+05,6.527356e-02,0.0901,3.3174,0,7,128,137,38,39
1946,214,2160,0.900926,0.547,9.360783e+05,6.321938e-02,0.0822,3.3217,0,7,86,136,38,39
1947,213,2160,0.901389,0.558,9.402780e+05,5.593637e-02,0.0892,3.3097,0,2,156,135,38,39
1948,212,2160,0.901852,0.548,9.452601e+05,5.453755e-02,0.0691,3.3251,0,4,171,134,38,39
1949,211,2160,0.902315,0.549,9.473204e+05,5.805548e-02,0.0815,3.3268,0,8,188,133,38,39
1950,210,2160,0.902778,0.527,9.592789e+05,7.516840e-02,0.0885,3.3287,0,3,149,132,38,39
1951,209,2160,0.903241,0.534,9.715238e+05,6.406991e-02,0.0899,3.3165,0,7,73,131,38,39
1952,208,2160,0.903704,0.532,9.849585e+05,6.082901e-02,0.0682,3.3125,0,8,87,130,38,39
1953,207,2160,0.904167,0.527,9.962613e+05,5.905012e-02,0.0765,3.3151,0,8,174,129,38,39
1954,206,2160,0.90463,0.524,1.008280e+06,6.220277e-02,0.0893,3.3111,0,8,82,128,38,39
1955,205,2160,0.905093,0.518,1.020601e+06,5.946370e-02,0.0768,3.3188,0,8,106,127,38,39
1956,204,2160,0.905556,0.492,1.032187e+06,6.634312e-02,0.0789,3.3302,0,7,137,126,38,39
1957,203,2160,0.906019,0.485,1.044053e+06,1.249431e-01,0.0856,3.3244,1,1,7,126,37,39
1958,202,2160,0.906481,0.479,1.051292e+06,4.913601e-02,0.0684,3.3424,0,4,145,125,37,39
1959,201,2160,0.906944,0.472,1.062658e+06,8.916281e-02,0.0853,3.3444,1,5,4,125,36,39
1960,200,2160,0.907407,0.462,1.061503e+06,3.537232e-02,0.0846,3.3197,1,6,8,125,35,39
1961,199,2160,0.90787,0.453,1.059434e+06,5.430820e-02,0.0765,3.3257,0,2,33,124,35,39
1962,198,2160,0.908333,0.451,1.060960e+06,5.730185e-02,0.0714,3.3151,0,2,34,123,35,39
1963,197,2160,0.908796,0.45,1.063287e+06,2.416429e-02,0.0857,3.3241,0,5,34,122,35,39
1964,196,2160,0.909259,0.447,1.066197e+06,3.742041e-02,0.0753,3.3225,1,5,5,122,34,39
1965,195,2160,0.909722,0.457,1.064668e+06,7.682616e-02,0.086,3.3287,0,3,50,121,34,39
1966,194,2160,0.910185,0.451,1.070981e+06,8.815671e-02,0.0808,3.3089,0,0,177,120,34,39
1967,193,2160,0.910648,0.438,1.084925e+06,1.545084e-01,0.0851,3.3302,1,8,7,120,33,39
1968,192,2160,0.911111,0.429,1.091043e+06,5.040901e-02,0.0807,3.347,0,2,138,119,33,39
1969,191,2160,0.911574,0.439,1.099888e+06,8.491480e-02,0.0694,3.3321,0,7,88,118,33,39
1970,190,2160,0.912037,0.416,1.114704e+06,9.071847e-02,0.0678,3.3291,0,7,138,117,33,39
1971,189,2160,0.9125,0.413,1.127083e+06,7.788946e-02,0.0781,3.3167,0,3,106,116,33,39
1972,188,2160,0.912963,0.398,1.141023e+06,6.865294e-02,0.0749,3.3246,0,8,136,115,33,39
1973,187,2160,0.913426,0.39,1.149078e+06,4.083914e-02,0.0875,3.3302,0,2,136,114,33,39
1974,186,2160,0.913889,0.392,1.142767e+06,2.585846e-02,0.0756,3.3185,0,5,136,113,33,39
1975,185,2160,0.914352,0.388,1.148201e+06,5.055783e-02,0.0634,3.322,0,5,50,112,33,39
1976,184,2160,0.914815,0.389,1.146901e+06,4.676028e-02,0.062,3.3247,2,1,3,112,33,38
1977,183,2160,0.915278,0.364,1.147386e+06,5.985396e-02,0.075,3.312,0,2,35,111,33,38
1978,182,2160,0.915741,0.372,1.146318e+06,5.895867e-02,0.0793,3.3183,0,2,142,110,33,38
1979,181,2160,0.916204,0.381,1.148885e+06,4.455901e-02,0.0817,3.3229,0,5,35,109,33,38
1980,180,2160,0.916667,0.376,1.159873e+06,6.696679e-02,0.0844,3.3272,0,9,35,108,33,38
1981,179,2160,0.91713,0.384,1.164457e+06,8.709180e-02,0.0671,3.3204,0,7,35,107,33,38
1982,178,2160,0.917593,0.381,1.170650e+06,3.826568e-02,0.0791,3.3321,1,8,2,107,32,38
1983,177,2160,0.918056,0.383,1.170086e+06,7.594106e-02,0.0817,3.3278,0,1,146,106,32,38
1984,176,2160,0.918519,0.37,1.173372e+06,4.020850e-02,0.0741,3.3116,0,5,162,105,32,38
1985,175,2160,0.918981,0.373,1.189948e+06,9.516042e-02,0.0784,3.3342,0,0,77,104,32,38
1986,174,2160,0.919444,0.364,1.196927e+06,3.608238e-02,0.0752,3.3288,0,8,77,103,32,38
1987,173,2160,0.919907,0.36,1.197770e+06,4.086115e-02,0.0749,3.3173,0,5,33,102,32,38
1988,172,2160,0.92037,0.349,1.216825e+06,7.132715e-02,0.0682,3.3183,0,8,31,101,32,38
1989,171,2160,0.920833,0.327,1.237702e+06,6.247118e-02,0.0697,3.3241,1,8,9,101,31,38
1990,170,2160,0.921296,0.326,1.238416e+06,1.367712e-01,0.0797,3.3361,2,4,8,101,31,37
1991,169,2160,0.921759,0.323,1.239835e+06,7.148741e-02,0.0661,3.3147,0,2,127,100,31,37
1992,168,2160,0.922222,0.321,1.244610e+06,4.247442e-02,0.069,3.3275,0,5,127,99,31,37
1993,167,2160,0.922685,0.317,1.263500e+06,1.019465e-01,0.0863,3.3145,0,3,60,98,31,37
1994,166,2160,0.923148,0.304,1.273632e+06,4.109691e-02,0.0726,3.3249,0,4,60,97,31,37
1995,165,2160,0.923611,0.31,1.282649e+06,8.560682e-02,0.078,3.324,1,8,4,97,30,37
1996,164,2160,0.924074,0.307,1.286367e+06,3.813754e-02,0.0713,3.3223,2,5,4,97,30,36
1997,163,2160,0.924537,0.313,1.285465e+06,1.740002e-01,0.0768,3.3354,2,2,8,97,30,35
1998,162,2160,0.925,0.297,1.288564e+06,6.363814e-02,0.0715,3.3105,0,4,78,96,30,35
1999,161,2160,0.925463,0.29,1.305614e+06,1.039176e-01,0.0779,3.3265,0,7,78,95,30,35
2000,160,2160,0.925926,0.286,1.316754e+06,1.101996e-01,0.0729,3.3282,0,7,75,94,30,35
2001,159,2160,0.926389,0.258,1.339756e+06,8.565878e-02,0.0745,3.3123,2,4,4,94,30,34
2002,158,2160,0.926852,0.249,1.340768e+06,1.020591e-01,0.0741,3.3302,2,1,1,94,30,33
2003,157,2160,0.927315,0.267,1.342023e+06,1.170992e-01,0.0794,3.3364,0,7,132,93,30,33
2004,156,2160,0.927778,0.232,1.361726e+06,2.608257e-01,0.0764,3.3398,1,6,7,93,29,33
2005,155,2160,0.928241,0.225,1.373986e+06,1.181280e-01,0.0822,3.3206,0,7,76,92,29,33
2006,154,2160,0.928704,0.225,1.389216e+06,1.043096e-01,0.076,3.3277,2,2,1,92,29,32
2007,153,2160,0.929167,0.257,1.389902e+06,6.979606e-02,0.0843,3.3306,0,2,132,91,29,32
2008,152,2160,0.92963,0.276,1.389106e+06,2.386491e-02,0.0685,3.3253,0,5,132,90,29,32
2009,151,2160,0.930093,0.277,1.392755e+06,5.641926e-02,0.0844,3.3206,0,4,49,89,29,32
2010,150,2160,0.930556,0.273,1.393218e+06,2.891448e-02,0.0757,3.314,0,5,49,88,29,32
2011,149,2160,0.931019,0.271,1.391420e+06,9.232119e-02,0.0785,3.3213,0,3,61,87,29,32
2012,148,2160,0.931481,0.26,1.400059e+06,4.542544e-02,0.0884,3.3235,0,4,61,86,29,32
2013,147,2160,0.931944,0.27,1.411664e+06,8.901907e-02,0.0745,3.3322,2,3,1,86,29,31
2014,146,2160,0.932407,0.253,1.413850e+06,1.439527e-01,0.0796,3.3198,0,7,49,85,29,31
2015,145,2160,0.93287,0.284,1.414458e+06,2.383575e-01,0.0724,3.3078,1,7,7,85,28,31
2016,144,2160,0.933333,0.285,1.412709e+06,8.308366e-02,0.0701,3.3101,0,8,105,84,28,31
2017,143,2160,0.933796,0.264,1.421293e+06,1.071084e-01,0.0692,3.312,0,1,119,83,28,31
2018,142,2160,0.934259,0.264,1.428701e+06,7.626484e-02,0.0788,3.3149,0,4,119,82,28,31
2019,141,2160,0.934722,0.262,1.424284e+06,2.871601e-02,0.0793,3.3223,0,5,119,81,28,31
2020,140,2160,0.935185,0.262,1.430434e+06,8.327224e-02,0.0807,3.3289,0,9,58,80,28,31
2021,139,2160,0.935648,0.244,1.456037e+06,7.513592e-02,0.0803,3.3116,0,4,105,79,28,31
2022,138,2160,0.936111,0.235,1.465347e+06,5.152641e-02,0.0774,3.3169,0,5,36,78,28,31
2023,137,2160,0.936574,0.232,1.490289e+06,5.224244e-02,0.0759,3.3215,0,5,160,77,28,31
2024,136,2160,0.937037,0.228,1.518633e+06,1.096782e-01,0.0627,3.3285,0,8,115,76,28,31
2025,135,2160,0.9375,0.237,1.522645e+06,6.113862e-02,0.0757,3.3277,0,9,115,75,28,31
2026,134,2160,0.937963,0.232,1.524086e+06,1.326381e-01,0.07,3.3081,0,1,93,74,28,31
2027,133,2160,0.938426,0.229,1.530434e+06,7.468302e-02,0.0657,3.3115,0,2,93,73,28,31
2028,132,2160,0.938889,0.228,1.537375e+06,9.756121e-02,0.0779,3.3101,0,8,93,72,28,31
2029,131,2160,0.939352,0.224,1.527727e+06,2.709026e-02,0.0776,3.3253,0,9,93,71,28,31
2030,130,2160,0.939815,0.233,1.525547e+06,1.303764e-01,0.0705,3.32,0,1,49,70,28,31
2031,129,2160,0.940278,0.203,1.532285e+06,7.242259e-02,0.0784,3.3279,1,8,1,70,27,31
2032,128,2160,0.940741,0.215,1.531407e+06,1.307811e-01,0.0723,3.321,1,2,2,70,26,31
2033,127,2160,0.941204,0.211,1.530017e+06,5.718864e-02,0.0655,3.3163,2,5,2,70,26,30
2034,126,2160,0.941667,0.214,1.529231e+06,7.085095e-02,0.0751,3.314,0,4,172,69,26,30
2035,125,2160,0.94213,0.208,1.534744e+06,1.370888e-01,0.078,3.3066,0,1,105,68,26,30
2036,124,2160,0.942593,0.197,1.542319e+06,2.761027e-02,0.0753,3.3134,0,2,105,67,26,30
2037,123,2160,0.943056,0.194,1.541603e+06,1.094849e-01,0.0793,3.3181,2,0,4,67,26,29
2038,122,2160,0.943519,0.18,1.551078e+06,5.953243e-02,0.0678,3.3097,1,1,2,67,25,29
2039,121,2160,0.943981,0.185,1.550983e+06,1.119946e-01,0.0769,3.3211,0,9,49,66,25,29
2040,120,2160,0.944444,0.184,1.549097e+06,5.665521e-02,0.0758,3.3098,0,5,69,65,25,29
2041,119,2160,0.944907,0.178,1.576783e+06,7.063757e-02,0.0784,3.3288,0,4,21,64,25,29
2042,118,2160,0.94537,0.171,1.607876e+06,9.736918e-02,0.0724,3.3383,0,0,48,63,25,29
2043,117,2160,0.945833,0.19,1.640101e+06,1.148632e-01,0.0714,3.3286,0,8,49,62,25,29
2044,116,2160,0.946296,0.175,1.645542e+06,1.019985e-01,0.0676,3.3277,0,2,49,61,25,29
2045,115,2160,0.946759,0.179,1.643819e+06,7.311042e-02,0.0688,3.3228,0,4,156,60,25,29
2046,114,2160,0.947222,0.181,1.676304e+06,1.088648e-01,0.0738,3.3112,0,0,49,59,25,29
2047,113,2160,0.947685,0.208,1.704200e+06,5.752128e-02,0.0643,3.3293,0,5,38,58,25,29
2048,112,2160,0.948148,0.197,1.740340e+06,1.503455e-01,0.0766,3.3235,2,1,6,58,25,28
2049,111,2160,0.948611,0.207,1.755709e+06,1.092798e-01,0.0723,3.3228,0,9,118,57,25,28
2050,110,2160,0.949074,0.221,1.751816e+06,9.859206e-02,0.0618,3.3308,0,8,118,56,25,28
2051,109,2160,0.949537,0.202,1.752016e+06,1.723040e-01,0.0608,3.3207,1,1,9,56,24,28
2052,108,2160,0.95,0.195,1.756860e+06,1.374864e-01,0.0637,3.3216,0,9,117,55,24,28
2053,107,2160,0.950463,0.192,1.772020e+06,6.113472e-02,0.0734,3.3178,0,8,117,54,24,28
2054,106,2160,0.950926,0.18,1.768035e+06,1.264312e-01,0.0603,3.3297,1,7,9,54,23,28
2055,105,2160,0.951389,0.178,1.776205e+06,9.631061e-02,0.0655,3.3183,0,2,118,53,23,28
2056,104,2160,0.951852,0.166,1.773851e+06,1.031590e-01,0.0692,3.3249,0,2,90,52,23,28
2057,103,2160,0.952315,0.145,1.774403e+06,6.901363e-02,0.0745,3.3158,0,5,95,51,23,28
2058,102,2160,0.952778,0.155,1.774298e+06,1.613906e-01,0.0717,3.31,2,1,5,51,23,27
2059,101,2160,0.953241,0.153,1.779826e+06,9.288736e-02,0.0701,3.3393,0,2,94,50,23,27
2060,100,2160,0.953704,0.16,1.780606e+06,1.174006e-01,0.0713,3.3266,0,2,50,49,23,27
2061,99,2160,0.954167,0.158,1.788303e+06,1.148602e-01,0.0619,3.3228,0,2,115,48,23,27
2062,98,2160,0.95463,0.154,1.790248e+06,1.879248e-02,0.0644,3.3183,0,5,115,47,23,27
2063,97,2160,0.955093,0.153,1.789121e+06,1.122027e-01,0.0717,3.3161,0,8,50,46,23,27
2064,96,2160,0.955556,0.143,1.789966e+06,1.604203e-01,0.0602,3.3262,0,0,173,45,23,27
2065,95,2160,0.956019,0.135,1.833150e+06,2.090844e-01,0.0637,3.3523,1,1,0,45,22,27
2066,94,2160,0.956481,0.137,1.841169e+06,1.691457e-01,0.074,3.3355,1,6,0,45,21,27
2067,93,2160,0.956944,0.15,1.844050e+06,1.435601e-01,0.0628,3.3242,0,0,50,44,21,27
2068,92,2160,0.957407,0.158,1.866989e+06,1.866445e-01,0.063,3.3137,1,3,0,44,20,27
2069,91,2160,0.95787,0.156,1.866530e+06,1.353276e-01,0.0678,3.3272,0,8,94,43,20,27
2070,90,2160,0.958333,0.155,1.880910e+06,1.100354e-01,0.0704,3.3128,0,4,94,42,20,27
2071,89,2160,0.958796,0.164,1.873797e+06,5.046592e-02,0.0716,3.3434,0,3,94,41,20,27
2072,88,2160,0.959259,0.163,1.872078e+06,8.403012e-02,0.0653,3.3302,0,5,116,40,20,27
2073,87,2160,0.959722,0.174,1.886701e+06,1.493305e-01,0.0762,3.3216,0,9,90,39,20,27
2074,86,2160,0.960185,0.186,1.903264e+06,5.160671e-02,0.0732,3.3259,0,5,90,38,20,27
2075,85,2160,0.960648,0.195,1.930510e+06,1.715038e-01,0.0724,3.333,0,9,116,37,20,27
2076,84,2160,0.961111,0.186,1.931053e+06,7.340059e-02,0.0725,3.3175,0,8,116,36,20,27
2077,83,2160,0.961574,0.163,1.933905e+06,1.520972e-01,0.0675,3.334,0,1,54,35,20,27
2078,82,2160,0.962037,0.145,1.979626e+06,1.268301e-01,0.0697,3.3277,0,2,146,34,20,27
2079,81,2160,0.9625,0.168,2.030267e+06,1.777470e-01,0.072,3.3211,1,7,8,34,19,27
2080,80,2160,0.962963,0.166,2.037439e+06,1.833538e-01,0.062,3.3248,2,6,5,34,19,26
2081,79,2160,0.963426,0.159,2.042429e+06,1.589294e-01,0.0614,3.3227,0,9,63,33,19,26
2082,78,2160,0.963889,0.157,2.091454e+06,2.764806e-01,0.0611,3.3219,1,5,9,33,18,26
2083,77,2160,0.964352,0.156,2.093070e+06,1.938482e-01,0.0619,3.3205,2,9,5,33,18,25
2084,76,2160,0.964815,0.155,2.095699e+06,7.381406e-02,0.0621,3.3247,2,9,3,33,18,24
2085,75,2160,0.965278,0.155,2.102236e+06,2.246507e-01,0.0637,3.3258,1,1,8,33,17,24
2086,74,2160,0.965741,0.161,2.104561e+06,1.915585e-01,0.0656,3.3245,2,6,1,33,17,23
2087,73,2160,0.966204,0.16,2.102880e+06,2.586685e-01,0.067,3.3232,1,5,3,33,16,23
2088,72,2160,0.966667,0.163,2.103457e+06,2.640918e-01,0.0751,0.4049,2,7,5,33,16,22
2089,71,2160,0.96713,0.164,2.103297e+06,7.578594e-02,0.0716,3.3218,2,7,3,33,16,21
2090,70,2160,0.967593,0.166,2.111866e+06,1.649753e-01,0.0673,3.3193,0,8,131,32,16,21
2091,69,2160,0.968056,0.139,2.132148e+06,1.015180e-01,0.0732,3.3163,0,9,131,31,16,21
2092,68,2160,0.968519,0.141,2.140641e+06,1.943550e-01,0.0618,3.3333,1,3,9,31,15,21
2093,67,2160,0.968981,0.142,2.139843e+06,1.798844e-01,0.0616,3.3309,1,8,8,31,14,21
2094,66,2160,0.969444,0.133,2.148130e+06,1.649711e-01,0.0699,3.336,2,5,8,31,14,20
2095,65,2160,0.969907,0.133,2.147149e+06,2.116678e-01,0.061,3.3253,2,4,1,31,14,19
2096,64,2160,0.97037,0.134,2.146787e+06,1.552015e-01,0.0703,3.3192,0,3,62,30,14,19
2097,63,2160,0.970833,0.136,2.157796e+06,8.711889e-02,0.0614,3.3277,0,4,62,29,14,19
2098,62,2160,0.971296,0.138,2.202314e+06,2.372670e-01,0.06,3.3303,0,8,95,28,14,19
2099,61,2160,0.971759,0.14,2.235226e+06,2.883720e-01,0.0637,3.3364,1,4,8,28,13,19
2100,60,2160,0.972222,0.138,2.230493e+06,1.159988e-01,0.0583,3.3514,0,4,95,27,13,19
2101,59,2160,0.972685,0.139,2.230561e+06,7.149725e-02,0.0594,3.3374,0,3,95,26,13,19
2102,58,2160,0.973148,0.137,2.228255e+06,2.789910e-01,0.0609,3.3162,1,6,3,26,12,19
2103,57,2160,0.973611,0.136,2.227654e+06,3.111411e-01,0.0689,3.3363,1,6,4,26,11,19
2104,56,2160,0.974074,0.136,2.275891e+06,1.568743e-01,0.0667,3.3386,0,4,20,25,11,19
2105,55,2160,0.974537,0.138,2.341388e+06,1.562969e-01,0.0633,3.3402,0,4,87,24,11,19
2106,54,2160,0.975,0.134,2.348729e+06,4.606276e-02,0.0695,3.3359,0,5,87,23,11,19
2107,53,2160,0.975463,0.131,2.352849e+06,1.495686e-01,0.0598,3.3307,0,2,128,22,11,19
2108,52,2160,0.975926,0.13,2.354185e+06,1.902413e-01,0.0642,3.3452,1,4,1,22,10,19
2109,51,2160,0.976389,0.124,2.358227e+06,1.791798e-01,0.0588,3.3476,2,2,4,22,10,18
2110,50,2160,0.976852,0.127,2.358379e+06,8.876992e-02,0.0557,3.346,2,2,6,22,10,17
2111,49,2160,0.977315,0.128,2.355384e+06,1.248457e-01,0.059,3.3314,0,2,150,21,10,17
2112,48,2160,0.977778,0.116,2.358520e+06,2.156744e-01,0.0639,3.3331,2,9,4,21,10,16
2113,47,2160,0.978241,0.116,2.365621e+06,1.003164e-01,0.0607,3.3459,1,6,2,21,9,16
2114,46,2160,0.978704,0.117,2.364363e+06,1.239253e-01,0.054,3.3312,0,2,171,20,9,16
2115,45,2160,0.979167,0.121,2.370194e+06,5.058261e-02,0.0585,3.3365,0,5,171,19,9,16
2116,44,2160,0.97963,0.121,2.394320e+06,2.714150e-01,0.0628,3.3388,2,3,4,19,9,15
2117,43,2160,0.980093,0.087,2.409446e+06,5.856613e-02,0.053,3.3346,2,3,7,19,9,14
2118,42,2160,0.980556,0.087,2.404479e+06,1.270877e-01,0.0659,3.3361,0,2,172,18,9,14
2119,41,2160,0.981019,0.087,2.408853e+06,3.492246e-01,0.0613,3.36,1,4,2,18,8,14
2120,40,2160,0.981481,0.087,2.431216e+06,3.100143e-01,0.0572,3.3456,2,6,4,18,8,13
2121,39,2160,0.981944,0.087,2.428560e+06,4.578491e-02,0.0575,3.3462,2,6,7,18,8,12
2122,38,2160,0.982407,0.087,2.434415e+06,1.630684e-01,0.0524,3.3479,1,7,2,18,7,12
2123,37,2160,0.98287,0.087,2.435287e+06,1.743160e-01,0.0564,3.333,0,4,118,17,7,12
2124,36,2160,0.983333,0.087,2.442162e+06,1.314373e-01,0.052,3.3396,1,7,1,17,6,12
2125,35,2160,0.983796,0.087,2.447740e+06,1.845814e-01,0.0515,3.3476,0,2,91,16,6,12
2126,34,2160,0.984259,0.087,2.460971e+06,1.978787e-01,0.0496,3.3363,1,3,2,16,5,12
2127,33,2160,0.984722,0.087,2.456745e+06,1.200405e-01,0.0549,3.3392,0,1,91,15,5,12
2128,32,2160,0.985185,0.087,2.478184e+06,4.060314e-01,0.0509,3.3425,2,4,6,15,5,11
2129,31,2160,0.985648,0.087,2.507569e+06,2.491425e-01,0.0523,3.3448,1,6,1,15,4,11
2130,30,2160,0.986111,0.087,2.629295e+06,4.116165e-01,0.0641,3.3274,2,9,6,15,4,10
2131,29,2160,0.986574,0.087,2.630271e+06,5.024661e-02,0.0542,3.3455,0,5,118,14,4,10
2132,28,2160,0.987037,0.087,2.648757e+06,2.480107e-01,0.045,3.3328,0,1,118,13,4,10
2133,27,2160,0.9875,0.087,2.792165e+06,3.201042e-01,0.0494,3.3354,1,1,1,13,3,10
2134,26,2160,0.987963,0.087,2.786041e+06,3.774612e-01,0.0426,3.3545,2,7,1,13,3,9
2135,25,2160,0.988426,0.087,2.782320e+06,8.850745e-02,0.0475,3.3466,0,5,144,12,3,9
2136,24,2160,0.988889,0.087,2.855946e+06,2.428985e-01,0.0404,3.3419,0,4,124,11,3,9
2137,23,2160,0.989352,0.087,3.019486e+06,1.821678e-01,0.0432,3.3418,0,4,86,10,3,9
2138,22,2160,0.989815,0.087,3.011113e+06,3.706357e-01,0.0381,3.3324,1,3,4,10,2,9
2139,21,2160,0.990278,0.087,3.004637e+06,5.258384e-02,0.036,3.3454,0,5,86,9,2,9
2140,20,2160,0.990741,0.087,3.030972e+06,1.041729e-01,0.0427,3.3289,0,5,150,8,2,9
2141,19,2160,0.991204,0.087,3.165820e+06,2.484190e-01,0.0405,3.3322,2,4,7,8,2,8
2142,18,2160,0.991667,0.087,3.155972e+06,2.704093e-01,0.0356,3.327,2,8,7,8,2,7
2143,17,2160,0.99213,0.087,3.147438e+06,1.156984e-01,0.0334,3.3402,0,5,175,7,2,7
2144,16,2160,0.992593,0.087,3.340025e+06,1.320201e-01,0.0416,3.3418,0,5,174,6,2,7
2145,15,2160,0.993056,0.087,3.618876e+06,1.460915e-01,0.0364,3.3167,0,5,142,5,2,7
2146,14,2160,0.993519,0.087,4.015417e+06,2.510456e-01,0.0276,3.3476,1,7,5,5,1,7
2147,13,2160,0.993981,0.087,3.985489e+06,3.655649e-01,0.0266,3.3422,2,5,7,5,1,6
2148,12,2160,0.994444,0.087,3.978420e+06,1.616601e-01,0.0259,3.3283,0,5,172,4,1,6
2149,11,2160,0.994907,0.087,4.569157e+06,3.059607e-01,0.0239,3.3398,2,4,3,4,1,5
2150,10,2160,0.99537,0.087,6.683808e+06,1.939561e-01,0.022,3.3287,0,5,137,3,1,5
2151,9,2160,0.995833,0.087,7.498543e+06,4.164147e-01,0.0237,3.3168,2,2,3,3,1,4
2152,8,2160,0.996296,0.087,1.132647e+07,4.696372e-01,0.0308,3.3295,2,8,3,3,1,3
2153,7,2160,0.996759,0.087,1.454519e+07,5.224111e-01,0.0217,3.3387,2,0,3,3,1,2
2154,6,2160,0.997222,0.087,1.721760e+07,6.514452e-01,0.0206,3.3162,2,3,3,3,1,1
2155,5,2160,0.997685,0.087,2.007237e+07,1.762472e-01,0.0177,3.342,0,5,128,2,1,1
2156,4,2160,0.998148,0.087,2.083130e+07,3.317176e-01,0.0166,3.331,0,5,82,1,1,1
2157,3,2160,0.998611,0.087,2.299568e+07,2.010456e+00,0.0145,3.3406,0,5,68,0,1,1
2158,2,2160,0.999074,0.087,6.315981e+06,2.537135e+00,0.0177,3.3323,1,3,5,0,0,1
2159,1,2160,0.999537,0.087,2.740611e+06,4.378401e+00,0.0143,0.8813,2,5,3,0,0,0
