step,NZ,total_W,sparsity,val_acc,d_manifold,d_W,prune_time_s,adjust_time_s,candidate_layer,candidate_i,candidate_j,layer_0_NZ,layer_1_NZ,layer_2_NZ
0,2160,2160,0.0,0.911,0.000000e+00,7.669534e-05,5.5716,4.0761,0,2,136,1959,100,100
1,2159,2160,0.000463,0.911,8.452807e-06,1.502118e-05,3.1975,3.319,0,5,160,1958,100,100
2,2158,2160,0.000926,0.911,1.148292e-05,2.194248e-05,3.1642,3.2903,0,5,41,1957,100,100
3,2157,2160,0.001389,0.911,1.898377e-05,1.484897e-04,3.1887,3.3191,0,2,138,1956,100,100
4,2156,2160,0.001852,0.911,6.697280e-05,2.025786e-04,3.1404,3.3215,0,2,81,1955,100,100
5,2155,2160,0.002315,0.911,1.976684e-04,3.927042e-06,3.1747,3.3243,0,3,2,1954,100,100
6,2154,2160,0.002778,0.911,1.899134e-04,3.233989e-04,3.1785,3.3349,0,2,111,1953,100,100
7,2153,2160,0.003241,0.911,5.402219e-04,3.781241e-04,3.1561,3.3254,0,2,144,1952,100,100
8,2152,2160,0.003704,0.911,1.162773e-03,3.835182e-04,3.1787,3.3148,0,2,140,1951,100,100
9,2151,2160,0.004167,0.911,1.953768e-03,1.598507e-04,3.1908,3.338,0,8,77,1950,100,100
10,2150,2160,0.00463,0.911,1.927217e-03,1.568759e-05,3.1745,3.3156,0,0,148,1949,100,100
11,2149,2160,0.005093,0.911,1.844027e-03,5.160375e-04,3.1917,3.3321,0,2,42,1948,100,100
12,2148,2160,0.005556,0.911,3.198676e-03,1.873817e-04,3.1709,3.3265,0,8,124,1947,100,100
13,2147,2160,0.006019,0.911,3.255997e-03,5.265729e-04,3.1782,3.3249,0,2,14,1946,100,100
14,2146,2160,0.006481,0.911,1.932303e-03,5.369258e-04,3.2057,3.3277,0,2,84,1945,100,100
15,2145,2160,0.006944,0.911,3.153829e-03,5.559769e-04,3.1693,3.3473,0,2,186,1944,100,100
16,2144,2160,0.007407,0.911,1.925350e-03,6.238707e-04,3.1687,3.3318,0,2,48,1943,100,100
17,2143,2160,0.00787,0.911,1.505232e-03,2.253732e-04,3.1703,3.3186,0,8,145,1942,100,100
18,2142,2160,0.008333,0.911,1.884316e-03,2.179221e-05,3.1884,3.322,0,0,110,1941,100,100
19,2141,2160,0.008796,0.911,1.931976e-03,2.399297e-04,3.1894,3.3103,0,8,94,1940,100,100
20,2140,2160,0.009259,0.911,1.857908e-03,6.762867e-04,3.1872,3.2955,0,2,6,1939,100,100
21,2139,2160,0.009722,0.911,2.209315e-03,6.760198e-04,3.1961,3.3299,0,2,152,1938,100,100
22,2138,2160,0.010185,0.911,3.326827e-03,8.458607e-04,3.2071,3.3342,0,2,33,1937,100,100
23,2137,2160,0.010648,0.911,5.845485e-03,1.518636e-04,3.1864,3.3058,0,5,26,1936,100,100
24,2136,2160,0.011111,0.911,5.730051e-03,4.822548e-05,3.2307,3.3308,0,1,195,1935,100,100
25,2135,2160,0.011574,0.911,5.718371e-03,1.359708e-04,3.1865,3.3185,2,6,5,1935,100,99
26,2134,2160,0.012037,0.911,6.535657e-03,9.717228e-04,3.1902,3.3385,0,2,121,1934,100,99
27,2133,2160,0.0125,0.911,4.828341e-03,5.307159e-05,3.173,3.331,0,1,22,1933,100,99
28,2132,2160,0.012963,0.911,5.127124e-03,1.001730e-03,3.1858,3.3221,0,2,95,1932,100,99
29,2131,2160,0.013426,0.911,5.591663e-03,1.013585e-03,3.1695,3.3217,0,2,158,1931,100,99
30,2130,2160,0.013889,0.911,5.842249e-03,1.044727e-03,3.1674,3.3116,0,2,82,1930,100,99
31,2129,2160,0.014352,0.911,8.320045e-03,1.068942e-03,3.1822,3.3159,0,2,189,1929,100,99
32,2128,2160,0.014815,0.911,1.274273e-02,1.087951e-03,3.1926,3.3235,0,2,143,1928,100,99
33,2127,2160,0.015278,0.911,8.523003e-03,1.166899e-03,3.1874,3.3287,0,2,40,1927,100,99
34,2126,2160,0.015741,0.911,1.308527e-02,4.336054e-04,3.1941,3.3369,0,8,76,1926,100,99
35,2125,2160,0.016204,0.911,1.378983e-02,1.247927e-03,3.1918,3.3263,0,2,93,1925,100,99
36,2124,2160,0.016667,0.911,2.082482e-02,7.132684e-05,3.1676,3.32,0,1,36,1924,100,99
37,2123,2160,0.01713,0.911,2.036888e-02,1.290891e-03,3.1885,3.3263,0,2,43,1923,100,99
38,2122,2160,0.017593,0.911,2.971266e-02,1.329971e-03,3.1704,3.319,0,2,88,1922,100,99
39,2121,2160,0.018056,0.911,4.171680e-02,5.402056e-04,3.1726,3.332,0,8,193,1921,100,99
40,2120,2160,0.018519,0.911,4.130692e-02,1.659372e-03,3.1827,3.3368,0,2,57,1920,100,99
41,2119,2160,0.018981,0.911,5.877770e-02,1.692490e-03,3.1761,3.3397,0,2,97,1919,100,99
42,2118,2160,0.019444,0.911,7.960641e-02,1.680963e-03,3.1859,3.3259,0,2,59,1918,100,99
43,2117,2160,0.019907,0.911,1.039278e-01,1.760159e-03,3.1856,3.3313,0,2,151,1917,100,99
44,2116,2160,0.02037,0.911,7.003539e-02,1.768333e-03,3.1781,3.3119,0,2,68,1916,100,99
45,2115,2160,0.020833,0.911,4.828456e-02,1.908865e-03,3.175,3.3168,0,2,113,1915,100,99
46,2114,2160,0.021296,0.911,6.931245e-02,1.904112e-03,3.1834,3.3268,0,2,18,1914,100,99
47,2113,2160,0.021759,0.911,9.609230e-02,1.960791e-03,3.1821,3.3356,0,2,162,1913,100,99
48,2112,2160,0.022222,0.911,1.268154e-01,7.655385e-04,3.1793,3.3396,0,8,144,1912,100,99
49,2111,2160,0.022685,0.911,1.235129e-01,2.056900e-03,3.1742,3.334,0,2,169,1911,100,99
50,2110,2160,0.023148,0.911,1.586337e-01,2.079812e-03,3.1928,3.3321,0,2,44,1910,100,99
51,2109,2160,0.023611,0.911,1.115070e-01,2.231635e-03,3.1782,3.3184,0,2,154,1909,100,99
52,2108,2160,0.024074,0.911,1.492029e-01,8.491753e-05,3.1658,3.3256,0,0,162,1908,100,99
53,2107,2160,0.024537,0.911,1.445187e-01,9.321766e-04,3.1827,3.3196,0,8,6,1907,100,99
54,2106,2160,0.025,0.911,1.408076e-01,4.578681e-04,3.1858,3.3346,0,5,12,1906,100,99
55,2105,2160,0.025463,0.911,1.380602e-01,6.026379e-05,3.1864,3.3286,0,9,169,1905,100,99
56,2104,2160,0.025926,0.911,1.344294e-01,2.315633e-03,3.1723,3.3243,0,2,39,1904,100,99
57,2103,2160,0.026389,0.911,9.805243e-02,2.415954e-03,3.228,3.3112,0,2,89,1903,100,99
58,2102,2160,0.026852,0.911,7.475732e-02,2.479970e-03,3.2017,3.3312,0,2,120,1902,100,99
59,2101,2160,0.027315,0.911,9.929180e-02,9.609411e-04,3.2035,3.3302,0,8,2,1901,100,99
60,2100,2160,0.027778,0.911,1.021574e-01,2.466898e-03,3.1767,3.3333,0,2,7,1900,100,99
61,2099,2160,0.028241,0.911,7.739240e-02,2.681398e-03,3.1604,3.3205,0,2,52,1899,100,99
62,2098,2160,0.028704,0.911,6.742873e-02,1.004596e-03,3.1753,3.3458,0,8,178,1898,100,99
63,2097,2160,0.029167,0.911,7.387784e-02,2.850056e-03,3.1873,3.324,0,2,4,1897,100,99
64,2096,2160,0.02963,0.911,8.837712e-02,1.036994e-03,3.2084,3.306,0,8,107,1896,100,99
65,2095,2160,0.030093,0.911,8.552184e-02,1.071126e-03,3.1766,3.3346,0,8,44,1895,100,99
66,2094,2160,0.030556,0.911,9.064031e-02,2.767095e-03,3.1837,3.3327,0,2,137,1894,100,99
67,2093,2160,0.031019,0.911,1.212098e-01,5.182331e-04,3.1928,3.33,0,5,181,1893,100,99
68,2092,2160,0.031481,0.911,1.214746e-01,2.768712e-03,3.1834,3.3017,0,2,28,1892,100,99
69,2091,2160,0.031944,0.911,9.503413e-02,4.869191e-05,3.1673,3.3402,0,6,17,1891,100,99
70,2090,2160,0.032407,0.911,9.569579e-02,1.082765e-03,3.2203,3.321,0,8,86,1890,100,99
71,2089,2160,0.03287,0.911,1.044437e-01,1.094040e-03,3.1893,3.3258,0,8,4,1889,100,99
72,2088,2160,0.033333,0.911,1.177502e-01,3.048100e-03,3.1801,3.3363,0,2,146,1888,100,99
73,2087,2160,0.033796,0.911,1.456800e-01,1.162376e-03,3.1847,3.3391,0,8,92,1887,100,99
74,2086,2160,0.034259,0.911,1.352527e-01,3.084364e-03,3.2054,3.3346,0,2,123,1886,100,99
75,2085,2160,0.034722,0.911,1.809109e-01,7.731004e-03,3.1899,3.3242,1,5,5,1886,99,99
76,2084,2160,0.035185,0.911,1.932486e-01,7.467786e-05,3.174,3.3295,0,9,111,1885,99,99
77,2083,2160,0.035648,0.911,1.917577e-01,3.076972e-03,3.1988,3.3353,0,2,156,1884,99,99
78,2082,2160,0.036111,0.911,1.524667e-01,3.256921e-03,3.1998,3.3261,1,6,5,1884,98,99
79,2081,2160,0.036574,0.911,1.702465e-01,3.264289e-03,3.1922,3.3302,0,2,11,1883,98,99
80,2080,2160,0.037037,0.911,2.131503e-01,1.212861e-03,3.2121,3.3339,0,8,23,1882,98,99
81,2079,2160,0.0375,0.911,2.204275e-01,3.383048e-03,3.18,3.3136,0,2,149,1881,98,99
82,2078,2160,0.037963,0.911,2.793355e-01,1.356190e-03,3.1802,3.3428,0,8,30,1880,98,99
83,2077,2160,0.038426,0.911,2.696226e-01,3.478071e-03,3.2161,3.3416,0,2,23,1879,98,99
84,2076,2160,0.038889,0.911,3.473006e-01,7.288608e-05,3.198,3.3358,0,4,113,1878,98,99
85,2075,2160,0.039352,0.911,3.384275e-01,3.484507e-03,3.1894,3.3354,0,2,74,1877,98,99
86,2074,2160,0.039815,0.911,4.275313e-01,6.883313e-05,3.2171,3.3052,0,7,123,1876,98,99
87,2073,2160,0.040278,0.911,4.149075e-01,3.421228e-03,3.2251,3.3332,0,2,13,1875,98,99
88,2072,2160,0.040741,0.911,3.221739e-01,3.416986e-03,3.2075,3.3342,0,2,61,1874,98,99
89,2071,2160,0.041204,0.911,2.617892e-01,3.584356e-03,3.1751,3.3288,0,2,75,1873,98,99
90,2070,2160,0.041667,0.911,3.217435e-01,3.504363e-03,3.183,3.3321,0,2,21,1872,98,99
91,2069,2160,0.04213,0.911,2.632830e-01,3.805965e-03,3.2071,3.3338,0,2,125,1871,98,99
92,2068,2160,0.042593,0.911,3.314234e-01,1.465977e-03,3.164,3.3164,0,8,190,1870,98,99
93,2067,2160,0.043056,0.911,3.375535e-01,1.549020e-03,3.237,3.3258,0,8,28,1869,98,99
94,2066,2160,0.043519,0.911,3.525949e-01,3.869416e-03,3.1779,3.3276,0,2,187,1868,98,99
95,2065,2160,0.043981,0.911,2.852379e-01,4.072745e-03,3.1957,3.3151,0,2,87,1867,98,99
96,2064,2160,0.044444,0.911,2.575516e-01,4.093666e-03,3.1912,3.3184,0,2,60,1866,98,99
97,2063,2160,0.044907,0.911,2.568489e-01,4.461025e-03,3.1898,3.3204,0,2,66,1865,98,99
98,2062,2160,0.04537,0.911,2.592874e-01,4.354043e-03,3.1714,3.3202,0,2,119,1864,98,99
99,2061,2160,0.045833,0.911,3.051671e-01,1.607760e-03,3.1905,3.3155,0,8,185,1863,98,99
100,2060,2160,0.046296,0.911,3.082407e-01,4.442235e-03,3.1733,3.3281,0,2,98,1862,98,99
101,2059,2160,0.046759,0.911,3.897770e-01,4.448474e-03,3.1791,3.3216,0,2,36,1861,98,99
102,2058,2160,0.047222,0.911,3.148232e-01,4.623541e-03,3.198,3.3316,0,2,70,1860,98,99
103,2057,2160,0.047685,0.911,2.878656e-01,4.929361e-03,3.2098,3.3031,0,2,94,1859,98,99
104,2056,2160,0.048148,0.911,3.318892e-01,1.818687e-03,3.1855,3.3215,0,8,21,1858,98,99
105,2055,2160,0.048611,0.911,3.491817e-01,1.868559e-03,3.1987,3.3209,0,8,48,1857,98,99
106,2054,2160,0.049074,0.911,3.440753e-01,8.888957e-04,3.2063,3.3339,0,5,55,1856,98,99
107,2053,2160,0.049537,0.911,3.534737e-01,7.748641e-05,3.1917,3.3316,0,7,25,1855,98,99
108,2052,2160,0.05,0.911,3.585973e-01,8.817282e-04,3.1918,3.3461,0,5,18,1854,98,99
109,2051,2160,0.050463,0.911,3.697414e-01,4.837374e-03,3.1987,3.3298,0,2,193,1853,98,99
110,2050,2160,0.050926,0.911,3.461661e-01,1.985018e-03,3.1801,3.3443,1,3,2,1853,97,99
111,2049,2160,0.051389,0.911,3.800517e-01,5.973557e-03,3.2143,3.3334,1,5,2,1853,96,99
112,2048,2160,0.051852,0.911,4.257192e-01,2.185332e-03,3.2073,3.3277,1,8,2,1853,95,99
113,2047,2160,0.052315,0.911,4.493086e-01,4.981500e-03,3.1785,3.3251,0,2,106,1852,95,99
114,2046,2160,0.052778,0.911,4.431649e-01,5.321043e-03,3.1676,3.3108,0,2,168,1851,95,99
115,2045,2160,0.053241,0.911,4.691447e-01,1.965311e-03,3.1924,3.3273,0,8,152,1850,95,99
116,2044,2160,0.053704,0.911,4.868537e-01,1.932341e-03,3.1718,3.3283,0,8,177,1849,95,99
117,2043,2160,0.054167,0.911,5.213879e-01,9.518373e-04,3.197,3.3268,0,5,124,1848,95,99
118,2042,2160,0.05463,0.911,5.197866e-01,5.316649e-03,3.2555,3.3386,0,2,35,1847,95,99
119,2041,2160,0.055093,0.911,5.869314e-01,2.022452e-03,3.1858,3.3272,0,8,72,1846,95,99
120,2040,2160,0.055556,0.911,6.190742e-01,1.996330e-03,3.1978,3.3137,0,8,35,1845,95,99
121,2039,2160,0.056019,0.911,6.627061e-01,5.202761e-03,3.2094,3.3204,0,2,135,1844,95,99
122,2038,2160,0.056481,0.911,5.886095e-01,5.667865e-03,3.1944,3.3352,0,2,114,1843,95,99
123,2037,2160,0.056944,0.911,6.444152e-01,2.051717e-03,3.183,3.3286,0,8,79,1842,95,99
124,2036,2160,0.057407,0.911,6.119276e-01,9.982764e-04,3.1781,3.3292,0,5,53,1841,95,99
125,2035,2160,0.05787,0.911,6.256016e-01,5.545980e-03,3.2033,3.3297,0,2,102,1840,95,99
126,2034,2160,0.058333,0.911,5.855477e-01,5.560197e-03,3.1996,3.3243,0,2,77,1839,95,99
127,2033,2160,0.058796,0.911,5.981981e-01,6.092077e-03,3.2222,3.3269,0,2,12,1838,95,99
128,2032,2160,0.059259,0.911,6.079330e-01,6.026073e-03,3.1968,3.3183,0,2,53,1837,95,99
129,2031,2160,0.059722,0.911,6.922040e-01,1.071003e-03,3.1897,1.4509,0,5,29,1836,95,99
130,2030,2160,0.060185,0.911,7.220672e-01,1.045732e-04,3.1644,3.3247,0,6,116,1835,95,99
131,2029,2160,0.060648,0.911,7.110353e-01,5.603462e-03,3.1957,3.3262,0,2,118,1834,95,99
132,2028,2160,0.061111,0.911,6.551712e-01,5.798369e-03,3.1985,3.3054,0,2,194,1833,95,99
133,2027,2160,0.061574,0.911,6.693851e-01,5.951971e-03,3.1908,3.3257,0,2,16,1832,95,99
134,2026,2160,0.062037,0.911,7.253719e-01,6.262176e-03,3.1842,3.319,0,2,178,1831,95,99
135,2025,2160,0.0625,0.911,6.688812e-01,6.513186e-03,3.1742,3.3323,0,2,100,1830,95,99
136,2024,2160,0.062963,0.911,7.030185e-01,5.905283e-03,3.1854,3.3154,0,2,128,1829,95,99
137,2023,2160,0.063426,0.911,6.899865e-01,6.549552e-03,3.2306,3.3408,0,2,188,1828,95,99
138,2022,2160,0.063889,0.911,7.279283e-01,2.359953e-03,3.1843,3.3268,0,8,38,1827,95,99
139,2021,2160,0.064352,0.911,7.634136e-01,6.408913e-03,3.1932,3.325,0,2,116,1826,95,99
140,2020,2160,0.064815,0.911,8.708763e-01,1.124175e-03,3.2146,3.3032,0,5,127,1825,95,99
141,2019,2160,0.065278,0.911,8.765250e-01,2.394280e-03,3.2116,3.301,0,8,176,1824,95,99
142,2018,2160,0.065741,0.911,9.257079e-01,2.477664e-03,3.1989,3.3252,0,8,66,1823,95,99
143,2017,2160,0.066204,0.911,8.836759e-01,2.496032e-03,3.2104,3.3315,0,8,135,1822,95,99
144,2016,2160,0.066667,0.911,8.922055e-01,2.510133e-03,3.2022,3.3227,0,8,15,1821,95,99
145,2015,2160,0.06713,0.911,9.305843e-01,6.061239e-03,3.1853,3.3261,0,2,30,1820,95,99
146,2014,2160,0.067593,0.911,8.576528e-01,6.669315e-03,3.1787,3.3275,0,2,175,1819,95,99
147,2013,2160,0.068056,0.911,9.320570e-01,1.272681e-03,3.1893,3.3118,0,5,75,1818,95,99
148,2012,2160,0.068519,0.911,9.560711e-01,2.588166e-03,3.1873,3.3292,0,8,106,1817,95,99
149,2011,2160,0.068981,0.911,1.005355e+00,3.925563e-04,3.1766,3.3221,0,1,34,1816,95,99
150,2010,2160,0.069444,0.911,1.008102e+00,6.514765e-03,3.1863,3.3259,0,2,31,1815,95,99
151,2009,2160,0.069907,0.911,9.599583e-01,6.496375e-03,3.176,3.332,0,2,174,1814,95,99
152,2008,2160,0.07037,0.911,9.798239e-01,5.597417e-03,3.1884,3.3343,1,6,2,1814,94,99
153,2007,2160,0.070833,0.911,1.043618e+00,6.746748e-03,3.2,3.321,0,2,1,1813,94,99
154,2006,2160,0.071296,0.911,1.116488e+00,6.998071e-03,3.1826,3.3089,0,2,90,1812,94,99
155,2005,2160,0.071759,0.911,1.220703e+00,7.609041e-03,3.1892,3.3012,0,2,155,1811,94,99
156,2004,2160,0.072222,0.911,1.082448e+00,7.423744e-03,3.1783,3.3193,0,2,15,1810,94,99
157,2003,2160,0.072685,0.911,1.046438e+00,7.026171e-03,3.1741,3.3508,0,2,141,1809,94,99
158,2002,2160,0.073148,0.911,1.093315e+00,7.394695e-03,3.2398,3.3325,0,2,112,1808,94,99
159,2001,2160,0.073611,0.911,1.074671e+00,6.960913e-03,3.1728,3.3252,0,2,131,1807,94,99
160,2000,2160,0.074074,0.911,1.121097e+00,7.014399e-03,3.2129,3.3075,0,2,181,1806,94,99
161,1999,2160,0.074537,0.911,1.227334e+00,7.153685e-03,3.1918,3.3028,0,2,41,1805,94,99
162,1998,2160,0.075,0.911,1.356596e+00,8.084507e-03,3.1852,3.323,0,2,103,1804,94,99
163,1997,2160,0.075463,0.911,1.217419e+00,7.475865e-03,3.1847,3.3174,0,2,115,1803,94,99
164,1996,2160,0.075926,0.911,1.352188e+00,7.997706e-03,3.2033,3.3161,0,2,166,1802,94,99
165,1995,2160,0.076389,0.911,1.238522e+00,7.338814e-03,3.1887,3.3266,0,2,34,1801,94,99
166,1994,2160,0.076852,0.911,1.374117e+00,7.408262e-03,3.1875,3.3319,0,2,32,1800,94,99
167,1993,2160,0.077315,0.911,1.527702e+00,7.956926e-03,3.2131,3.3398,0,2,110,1799,94,99
168,1992,2160,0.077778,0.911,1.367684e+00,7.792415e-03,3.1763,3.3394,0,2,58,1798,94,99
169,1991,2160,0.078241,0.911,1.275322e+00,8.297218e-03,3.2146,3.3317,0,2,167,1797,94,99
170,1990,2160,0.078704,0.911,1.277310e+00,1.244228e-04,3.2106,3.3378,0,4,56,1796,94,99
171,1989,2160,0.079167,0.911,1.287680e+00,1.244394e-03,3.1764,3.3305,0,5,122,1795,94,99
172,1988,2160,0.07963,0.911,1.294424e+00,8.196586e-03,3.1812,3.3268,0,2,99,1794,94,99
173,1987,2160,0.080093,0.911,1.369985e+00,2.667088e-03,3.163,3.3221,0,8,164,1793,94,99
174,1986,2160,0.080556,0.911,1.401969e+00,2.749992e-03,3.1661,3.3274,0,8,52,1792,94,99
175,1985,2160,0.081019,0.911,1.470604e+00,2.956057e-03,3.1883,3.3378,0,8,128,1791,94,99
176,1984,2160,0.081481,0.911,1.408338e+00,8.329636e-03,3.1822,3.3333,0,2,54,1790,94,99
177,1983,2160,0.081944,0.911,1.558376e+00,2.952115e-03,3.1982,3.3286,0,8,9,1789,94,99
178,1982,2160,0.082407,0.911,1.556163e+00,2.931037e-03,3.2006,3.3404,0,8,172,1788,94,99
179,1981,2160,0.08287,0.911,1.561235e+00,4.557279e-04,3.1931,3.332,0,1,57,1787,94,99
180,1980,2160,0.083333,0.911,1.580569e+00,3.084139e-03,3.2267,3.3288,0,8,40,1786,94,99
181,1979,2160,0.083796,0.911,1.599258e+00,7.735383e-03,3.1877,3.3354,0,2,192,1785,94,99
182,1978,2160,0.084259,0.911,1.499185e+00,7.698092e-03,3.1887,3.322,0,2,19,1784,94,99
183,1977,2160,0.084722,0.911,1.507047e+00,8.605385e-03,3.2197,3.3359,0,2,183,1783,94,99
184,1976,2160,0.085185,0.911,1.531355e+00,8.497908e-03,3.2323,3.3332,0,2,150,1782,94,99
185,1975,2160,0.085648,0.911,1.671245e+00,3.069693e-03,3.1948,3.3209,0,8,133,1781,94,99
186,1974,2160,0.086111,0.911,1.700272e+00,3.162558e-03,3.1828,3.3138,0,8,47,1780,94,99
187,1973,2160,0.086574,0.911,1.702590e+00,7.767926e-03,3.1894,3.3225,0,2,142,1779,94,99
188,1972,2160,0.087037,0.911,1.607554e+00,8.347511e-03,3.1837,3.3178,0,2,26,1778,94,99
189,1971,2160,0.0875,0.911,1.733504e+00,3.193042e-03,3.2028,3.34,0,8,109,1777,94,99
190,1970,2160,0.087963,0.911,1.797100e+00,8.444028e-03,3.1849,3.3396,0,2,133,1776,94,99
191,1969,2160,0.088426,0.911,2.047259e+00,3.186995e-03,3.1907,3.3291,0,8,112,1775,94,99
192,1968,2160,0.088889,0.911,2.116449e+00,1.545888e-03,3.1835,3.3324,0,5,195,1774,94,99
193,1967,2160,0.089352,0.911,2.107857e+00,3.214148e-03,3.2007,3.3255,0,8,43,1773,94,99
194,1966,2160,0.089815,0.911,2.047396e+00,3.269079e-03,3.196,3.3304,0,8,116,1772,94,99
195,1965,2160,0.090278,0.911,2.094444e+00,3.295496e-03,3.1912,3.3185,0,8,143,1771,94,99
196,1964,2160,0.090741,0.911,2.167980e+00,3.273637e-03,3.2079,3.3363,0,8,25,1770,94,99
197,1963,2160,0.091204,0.911,2.290491e+00,3.408310e-03,3.1959,3.3128,0,8,181,1769,94,99
198,1962,2160,0.091667,0.911,2.416556e+00,3.477428e-03,3.2266,3.3507,0,8,113,1768,94,99
199,1961,2160,0.09213,0.911,2.229449e+00,1.682747e-03,3.2035,3.322,0,5,89,1767,94,99
200,1960,2160,0.092593,0.911,2.254550e+00,1.647824e-03,3.2113,3.3015,0,5,4,1766,94,99
201,1959,2160,0.093056,0.911,2.261054e+00,7.834211e-03,3.1984,3.3228,0,2,20,1765,94,99
202,1958,2160,0.093519,0.911,2.104841e+00,7.791432e-03,3.2136,3.3166,0,2,72,1764,94,99
203,1957,2160,0.093981,0.911,2.063648e+00,8.582252e-03,3.1836,3.3346,0,2,47,1763,94,99
204,1956,2160,0.094444,0.911,2.109819e+00,8.095663e-03,3.2024,3.3387,0,2,172,1762,94,99
205,1955,2160,0.094907,0.911,2.062913e+00,8.104756e-03,3.1939,3.3201,0,2,80,1761,94,99
206,1954,2160,0.09537,0.911,2.083908e+00,8.196939e-03,3.1822,3.3305,0,2,147,1760,94,99
207,1953,2160,0.095833,0.911,2.198158e+00,8.328630e-03,3.1892,3.3424,0,2,180,1759,94,99
208,1952,2160,0.096296,0.911,2.322108e+00,8.316967e-03,3.1731,3.3042,0,2,29,1758,94,99
209,1951,2160,0.096759,0.911,2.472413e+00,8.833066e-03,3.1949,3.3079,0,2,91,1757,94,99
210,1950,2160,0.097222,0.911,2.270319e+00,8.283455e-03,3.2148,3.3247,0,2,132,1756,94,99
211,1949,2160,0.097685,0.911,2.428503e+00,9.268639e-03,3.1802,3.3244,0,2,145,1755,94,99
212,1948,2160,0.098148,0.911,2.266167e+00,8.345387e-03,3.1922,3.31,0,2,129,1754,94,99
213,1947,2160,0.098611,0.911,2.414636e+00,9.214961e-03,3.1666,3.3159,0,2,109,1753,94,99
214,1946,2160,0.099074,0.911,2.276902e+00,9.711226e-03,3.2343,3.2937,0,2,164,1752,94,99
215,1945,2160,0.099537,0.911,2.208246e+00,9.551567e-03,3.1948,3.3199,0,2,185,1751,94,99
216,1944,2160,0.1,0.911,2.231925e+00,9.858175e-03,3.2071,3.3349,0,2,176,1750,94,99
217,1943,2160,0.100463,0.911,2.368380e+00,9.689760e-03,3.1839,3.3277,0,2,25,1749,94,99
218,1942,2160,0.100926,0.911,2.644651e+00,3.458890e-03,3.1801,3.3289,1,2,1,1749,93,99
219,1941,2160,0.101389,0.911,2.716048e+00,1.699822e-03,3.195,3.3092,0,5,19,1748,93,99
220,1940,2160,0.101852,0.911,2.729791e+00,3.617488e-03,3.2079,3.3276,0,8,51,1747,93,99
221,1939,2160,0.102315,0.911,2.753018e+00,3.706965e-03,3.1936,3.3046,0,8,81,1746,93,99
222,1938,2160,0.102778,0.911,2.838508e+00,1.017642e-02,3.1907,3.3187,0,2,160,1745,93,99
223,1937,2160,0.103241,0.911,3.163833e+00,1.908790e-03,3.1726,3.3215,0,5,189,1744,93,99
224,1936,2160,0.103704,0.911,3.174276e+00,1.870217e-03,3.1808,3.336,0,5,111,1743,93,99
225,1935,2160,0.104167,0.911,3.183286e+00,3.887925e-03,3.2271,3.3271,0,8,10,1742,93,99
226,1934,2160,0.10463,0.911,3.150901e+00,3.969648e-03,3.195,3.3089,0,8,121,1741,93,99
227,1933,2160,0.105093,0.911,3.227013e+00,4.064690e-03,3.2028,3.313,0,8,58,1740,93,99
228,1932,2160,0.105556,0.911,3.174874e+00,4.014913e-03,3.1961,3.3232,0,8,194,1739,93,99
229,1931,2160,0.106019,0.911,3.249955e+00,3.951086e-03,3.2058,3.3293,0,8,98,1738,93,99
230,1930,2160,0.106481,0.911,3.218321e+00,4.112963e-03,3.2194,3.3322,0,8,105,1737,93,99
231,1929,2160,0.106944,0.911,3.286095e+00,4.166063e-03,3.2093,3.3114,0,8,46,1736,93,99
232,1928,2160,0.107407,0.911,3.440745e+00,9.865121e-03,3.1872,3.3164,0,2,177,1735,93,99
233,1927,2160,0.10787,0.911,3.799540e+00,2.017314e-03,3.1931,3.3256,0,5,128,1734,93,99
234,1926,2160,0.108333,0.911,3.771837e+00,4.284051e-03,3.2045,3.3366,0,8,1,1733,93,99
235,1925,2160,0.108796,0.911,3.927470e+00,2.715657e-04,3.2133,3.3331,0,9,140,1732,93,99
236,1924,2160,0.109259,0.911,3.890238e+00,1.847832e-04,3.211,3.321,0,7,126,1731,93,99
237,1923,2160,0.109722,0.911,3.864762e+00,4.498076e-03,3.185,3.3205,0,8,141,1730,93,99
238,1922,2160,0.110185,0.911,4.082008e+00,4.560932e-03,3.1608,3.3479,0,8,186,1729,93,99
239,1921,2160,0.110648,0.911,4.333998e+00,4.514022e-03,3.1881,3.3171,0,8,140,1728,93,99
240,1920,2160,0.111111,0.911,4.612566e+00,4.728060e-03,3.1839,3.3308,0,8,34,1727,93,99
241,1919,2160,0.111574,0.911,4.178783e+00,3.955955e-04,3.1969,3.3308,0,0,90,1726,93,99
242,1918,2160,0.112037,0.911,4.167353e+00,2.114209e-03,3.2185,3.3245,0,5,173,1725,93,99
243,1917,2160,0.1125,0.911,4.184220e+00,2.181011e-03,3.1918,3.3425,0,5,78,1724,93,99
244,1916,2160,0.112963,0.911,4.200322e+00,4.662825e-03,3.188,3.3222,0,8,104,1723,93,99
245,1915,2160,0.113426,0.911,4.098171e+00,6.432513e-04,3.203,3.3235,0,1,24,1722,93,99
246,1914,2160,0.113889,0.911,4.125516e+00,9.076020e-03,3.1823,3.3314,0,2,157,1721,93,99
247,1913,2160,0.114352,0.911,3.834260e+00,1.013081e-02,3.1956,3.3291,0,2,159,1720,93,99
248,1912,2160,0.114815,0.911,4.122014e+00,1.013495e-02,3.2217,3.3106,0,2,92,1719,93,99
249,1911,2160,0.115278,0.911,4.614383e+00,4.629736e-03,3.1965,3.3369,0,8,108,1718,93,99
250,1910,2160,0.115741,0.911,4.751034e+00,4.788973e-03,3.1799,3.3315,0,8,167,1717,93,99
251,1909,2160,0.116204,0.911,4.629567e+00,7.533370e-03,3.1919,3.3174,1,9,5,1717,92,99
252,1908,2160,0.116667,0.909,4.832956e+00,2.168649e-03,3.1983,3.3192,0,5,125,1716,92,99
253,1907,2160,0.11713,0.909,4.852780e+00,2.181582e-03,3.1978,3.3215,0,5,14,1715,92,99
254,1906,2160,0.117593,0.909,4.859180e+00,2.257721e-03,3.1847,3.3195,0,5,84,1714,92,99
255,1905,2160,0.118056,0.909,4.891448e+00,4.606895e-03,3.1956,3.3283,0,8,8,1713,92,99
256,1904,2160,0.118519,0.909,5.029195e+00,4.747251e-03,3.2198,3.3163,0,8,131,1712,92,99
257,1903,2160,0.118981,0.909,4.953298e+00,1.653242e-02,3.2216,3.3321,1,2,5,1712,91,99
258,1902,2160,0.119444,0.911,4.772978e+00,4.838560e-03,3.1953,3.3184,0,8,151,1711,91,99
259,1901,2160,0.119907,0.911,4.848349e+00,2.149269e-04,3.2081,3.3282,0,6,18,1710,91,99
260,1900,2160,0.12037,0.911,4.836218e+00,2.982703e-04,3.2231,3.3172,0,9,40,1709,91,99
261,1899,2160,0.120833,0.911,4.849742e+00,4.714683e-03,3.2159,3.3208,0,8,175,1708,91,99
262,1898,2160,0.121296,0.911,4.894599e+00,9.450017e-03,3.2049,3.332,0,2,8,1707,91,99
263,1897,2160,0.121759,0.911,4.580445e+00,1.052846e-02,3.1991,3.3089,0,2,78,1706,91,99
264,1896,2160,0.122222,0.911,4.931397e+00,2.285327e-03,3.2109,3.3192,0,5,135,1705,91,99
265,1895,2160,0.122685,0.911,4.960937e+00,1.038767e-02,3.1954,3.3145,0,2,101,1704,91,99
266,1894,2160,0.123148,0.911,5.509737e+00,5.026155e-03,3.1771,3.3394,0,8,96,1703,91,99
267,1893,2160,0.123611,0.911,5.631848e+00,5.105136e-03,3.1766,3.3333,0,8,99,1702,91,99
268,1892,2160,0.124074,0.911,5.506826e+00,5.030817e-03,3.1843,3.3495,0,8,174,1701,91,99
269,1891,2160,0.124537,0.911,5.588270e+00,4.576094e-04,3.1847,3.3441,0,0,149,1700,91,99
270,1890,2160,0.125,0.911,5.595376e+00,5.096175e-03,3.2092,3.3379,0,8,49,1699,91,99
271,1889,2160,0.125463,0.911,5.780739e+00,2.457931e-03,3.2155,3.3451,0,5,185,1698,91,99
272,1888,2160,0.125926,0.911,5.823747e+00,2.331520e-04,3.2009,3.3369,0,6,195,1697,91,99
273,1887,2160,0.126389,0.911,5.787363e+00,4.996306e-03,3.1838,3.3344,0,8,163,1696,91,99
274,1886,2160,0.126852,0.911,5.717642e+00,5.068729e-03,3.1854,3.3277,0,8,24,1695,91,99
275,1885,2160,0.127315,0.911,5.811569e+00,5.105899e-03,3.245,3.3504,0,8,183,1694,91,99
276,1884,2160,0.127778,0.911,5.773938e+00,4.995465e-03,3.1892,3.3315,0,8,11,1693,91,99
277,1883,2160,0.128241,0.911,5.908122e+00,5.305480e-03,3.2008,3.3404,0,8,60,1692,91,99
278,1882,2160,0.128704,0.911,5.853624e+00,9.682215e-03,3.2221,3.3169,0,2,64,1691,91,99
279,1881,2160,0.129167,0.911,5.469200e+00,1.061942e-02,3.2071,3.3262,0,2,179,1690,91,99
280,1880,2160,0.12963,0.911,5.862585e+00,2.489858e-03,3.1852,3.3335,0,5,151,1689,91,99
281,1879,2160,0.130093,0.911,5.935333e+00,5.334545e-03,3.2087,3.3333,0,8,41,1688,91,99
282,1878,2160,0.130556,0.911,6.046082e+00,5.574587e-03,3.1864,3.3217,0,8,156,1687,91,99
283,1877,2160,0.131019,0.911,6.031821e+00,5.287164e-03,3.2107,3.3426,0,8,142,1686,91,99
284,1876,2160,0.131481,0.911,6.130452e+00,5.605098e-03,3.1976,3.3359,0,8,55,1685,91,99
285,1875,2160,0.131944,0.911,6.125245e+00,1.113689e-02,3.2205,3.3247,0,2,73,1684,91,99
286,1874,2160,0.132407,0.911,6.727096e+00,2.505414e-03,3.1991,3.3238,0,5,179,1683,91,99
287,1873,2160,0.13287,0.911,6.789340e+00,5.453852e-03,3.2294,3.3503,0,8,18,1682,91,99
288,1872,2160,0.133333,0.911,6.866551e+00,5.659642e-03,3.2005,3.3395,0,8,42,1681,91,99
289,1871,2160,0.133796,0.911,6.854468e+00,2.681049e-03,3.2088,3.3498,0,5,66,1680,91,99
290,1870,2160,0.134259,0.911,6.919591e+00,5.457497e-03,3.2223,3.3225,0,8,154,1679,91,99
291,1869,2160,0.134722,0.911,6.968641e+00,5.725015e-03,3.2102,3.3475,0,8,136,1678,91,99
292,1868,2160,0.135185,0.911,6.985711e+00,5.312842e-04,3.2341,3.3247,0,0,191,1677,91,99
293,1867,2160,0.135648,0.911,7.048804e+00,1.150348e-02,3.1939,3.3403,1,1,5,1677,90,99
294,1866,2160,0.136111,0.911,7.251382e+00,1.036269e-02,3.233,3.3431,0,2,50,1676,90,99
295,1865,2160,0.136574,0.911,6.825657e+00,1.160784e-02,3.2253,3.3267,0,2,0,1675,90,99
296,1864,2160,0.137037,0.911,7.285395e+00,8.626080e-04,3.1809,3.3362,0,1,180,1674,90,99
297,1863,2160,0.1375,0.911,7.373759e+00,2.962231e-03,3.1827,3.3223,0,5,10,1673,90,99
298,1862,2160,0.137963,0.911,7.493087e+00,6.084953e-03,3.1696,3.3292,0,8,73,1672,90,99
299,1861,2160,0.138426,0.911,7.649582e+00,1.086002e-02,3.2031,3.3147,0,2,46,1671,90,99
300,1860,2160,0.138889,0.911,7.187375e+00,1.124103e-02,3.1897,3.3175,0,2,10,1670,90,99
301,1859,2160,0.139352,0.911,6.945426e+00,1.262973e-02,3.2047,3.3228,0,2,195,1669,90,99
302,1858,2160,0.139815,0.911,7.211883e+00,1.140012e-02,3.1964,3.3321,0,2,153,1668,90,99
303,1857,2160,0.140278,0.911,6.914453e+00,1.299405e-02,3.2156,3.3261,0,2,62,1667,90,99
304,1856,2160,0.140741,0.911,7.282658e+00,1.316535e-02,3.2085,3.324,0,2,37,1666,90,99
305,1855,2160,0.141204,0.911,7.917556e+00,5.924857e-03,3.1754,3.3221,0,8,70,1665,90,99
306,1854,2160,0.141667,0.911,7.919553e+00,6.133928e-03,3.188,3.3174,0,8,26,1664,90,99
307,1853,2160,0.14213,0.911,7.966993e+00,3.119988e-03,3.195,3.3216,0,5,175,1663,90,99
308,1852,2160,0.142593,0.911,8.007393e+00,4.934525e-03,3.1733,3.3358,1,2,8,1663,89,99
309,1851,2160,0.143056,0.911,8.178442e+00,6.581430e-03,3.181,3.3216,0,8,97,1662,89,99
310,1850,2160,0.143519,0.911,8.424633e+00,1.180682e-02,3.2114,3.3369,0,2,17,1661,89,99
311,1849,2160,0.143981,0.911,7.858463e+00,1.364491e-02,3.1896,3.3448,0,2,49,1660,89,99
312,1848,2160,0.144444,0.911,8.352109e+00,3.468755e-03,3.1909,3.338,0,5,187,1659,89,99
313,1847,2160,0.144907,0.911,8.486276e+00,6.477015e-03,3.2252,3.3205,0,8,157,1658,89,99
314,1846,2160,0.14537,0.911,8.430075e+00,6.768917e-03,3.2092,3.3067,0,8,123,1657,89,99
315,1845,2160,0.145833,0.911,8.657445e+00,3.324592e-04,3.1953,3.3223,0,3,66,1656,89,99
316,1844,2160,0.146296,0.911,8.683010e+00,1.016216e-03,3.1883,3.3293,0,1,42,1655,89,99
317,1843,2160,0.146759,0.911,8.766810e+00,1.218625e-02,3.2042,3.3243,0,2,191,1654,89,99
318,1842,2160,0.147222,0.911,8.350111e+00,1.359263e-02,3.2,3.3477,0,2,190,1653,89,99
319,1841,2160,0.147685,0.911,8.832537e+00,2.802341e-04,3.2225,3.3276,0,7,5,1652,89,99
320,1840,2160,0.148148,0.911,8.913565e+00,1.233829e-02,3.2106,3.3292,0,2,3,1651,89,99
321,1839,2160,0.148611,0.911,8.419221e+00,1.224417e-02,3.1868,3.3286,0,2,76,1650,89,99
322,1838,2160,0.149074,0.911,8.195032e+00,6.704702e-03,3.1944,3.3349,1,1,2,1650,88,99
323,1837,2160,0.149537,0.911,8.369640e+00,5.742736e-03,3.1826,3.3127,1,9,2,1650,87,99
324,1836,2160,0.15,0.911,8.788772e+00,1.235578e-02,3.1994,3.3195,0,2,24,1649,87,99
325,1835,2160,0.150463,0.911,8.434944e+00,1.427491e-02,3.1907,3.3152,0,2,126,1648,87,99
326,1834,2160,0.150926,0.911,8.730263e+00,1.464623e-02,3.2051,3.3313,0,2,67,1647,87,99
327,1833,2160,0.151389,0.911,9.444466e+00,6.618579e-03,3.1841,3.3319,0,8,159,1646,87,99
328,1832,2160,0.151852,0.911,9.477203e+00,6.649376e-03,3.1833,3.3352,0,8,129,1645,87,99
329,1831,2160,0.152315,0.911,9.745365e+00,6.778456e-03,3.1907,3.3381,0,8,134,1644,87,99
330,1830,2160,0.152778,0.911,1.015515e+01,7.096656e-03,3.1862,3.3314,0,8,184,1643,87,99
331,1829,2160,0.153241,0.911,9.685521e+00,7.073332e-03,3.2066,3.3354,0,8,45,1642,87,99
332,1828,2160,0.153704,0.911,9.665208e+00,3.510861e-03,3.2049,3.3187,0,5,80,1641,87,99
333,1827,2160,0.154167,0.911,9.726726e+00,1.064905e-03,3.193,3.3515,0,1,154,1640,87,99
334,1826,2160,0.15463,0.911,9.809040e+00,7.030332e-03,3.2147,3.3339,0,8,100,1639,87,99
335,1825,2160,0.155093,0.911,1.006279e+01,3.407372e-03,3.2392,3.3244,0,5,62,1638,87,99
336,1824,2160,0.155556,0.911,1.016361e+01,3.632945e-03,3.1958,3.2999,0,5,46,1637,87,99
337,1823,2160,0.156019,0.911,1.031845e+01,3.459547e-03,3.2068,3.2888,0,5,64,1636,87,99
338,1822,2160,0.156481,0.911,1.053475e+01,1.268216e-02,3.2251,3.3331,1,8,5,1636,86,99
339,1821,2160,0.156944,0.911,1.107258e+01,1.228082e-02,3.2184,3.3252,0,2,173,1635,86,99
340,1820,2160,0.157407,0.911,1.059713e+01,1.490568e-02,3.2088,3.3047,0,2,96,1634,86,99
341,1819,2160,0.15787,0.911,1.112920e+01,7.124125e-03,3.2462,3.3386,0,8,56,1633,86,99
342,1818,2160,0.158333,0.911,1.147143e+01,7.283566e-03,3.2037,3.3432,0,8,127,1632,86,99
343,1817,2160,0.158796,0.911,1.201404e+01,1.284152e-02,3.185,3.3347,0,2,55,1631,86,99
344,1816,2160,0.159259,0.911,1.141093e+01,1.314540e-02,3.2075,3.3312,0,2,83,1630,86,99
345,1815,2160,0.159722,0.911,1.108007e+01,1.145039e-02,3.2149,3.3356,1,0,2,1630,85,99
346,1814,2160,0.160185,0.911,1.155045e+01,1.530773e-02,3.2187,3.3387,0,2,51,1629,85,99
347,1813,2160,0.160648,0.911,1.188188e+01,1.300894e-02,3.2192,3.3352,0,2,130,1628,85,99
348,1812,2160,0.161111,0.911,1.135296e+01,1.349046e-02,3.2325,3.3316,0,2,182,1627,85,99
349,1811,2160,0.161574,0.911,1.111976e+01,9.044284e-03,3.2107,3.3293,1,7,2,1627,84,99
350,1810,2160,0.162037,0.911,1.174433e+01,2.064390e-02,3.1944,3.3169,1,2,2,1627,83,99
351,1809,2160,0.1625,0.911,1.170325e+01,1.694652e-02,3.1992,3.3209,0,2,22,1626,83,99
352,1808,2160,0.162963,0.911,1.193552e+01,1.366669e-02,3.1997,3.3165,0,2,161,1625,83,99
353,1807,2160,0.163426,0.911,1.151020e+01,1.366866e-02,3.1845,3.3443,0,2,117,1624,83,99
354,1806,2160,0.163889,0.911,1.121085e+01,1.745909e-02,3.2175,3.3392,0,2,134,1623,83,99
355,1805,2160,0.164352,0.911,1.138765e+01,1.791997e-02,3.1977,3.3392,0,2,69,1622,83,99
356,1804,2160,0.164815,0.911,1.179047e+01,1.815737e-02,3.1925,3.3424,0,2,163,1621,83,99
357,1803,2160,0.165278,0.911,1.230613e+01,1.769335e-02,3.1866,3.3274,0,2,65,1620,83,99
358,1802,2160,0.165741,0.911,1.283568e+01,7.105185e-03,3.2007,3.3148,0,8,146,1619,83,99
359,1801,2160,0.166204,0.911,1.268866e+01,7.183591e-03,3.2355,3.3373,0,8,195,1618,83,99
360,1800,2160,0.166667,0.911,1.295390e+01,7.341636e-03,3.189,3.3357,0,8,85,1617,83,99
361,1799,2160,0.16713,0.911,1.334180e+01,7.666872e-03,3.2061,3.338,0,8,103,1616,83,99
362,1798,2160,0.167593,0.911,1.293299e+01,7.595218e-03,3.1925,3.3447,0,8,170,1615,83,99
363,1797,2160,0.168056,0.911,1.326937e+01,7.964553e-03,3.1939,3.353,0,8,78,1614,83,99
364,1796,2160,0.168519,0.911,1.307754e+01,7.370381e-03,3.1935,3.3495,0,8,68,1613,83,99
365,1795,2160,0.168981,0.911,1.328515e+01,3.675517e-03,3.1984,3.3238,0,5,137,1612,83,99
366,1794,2160,0.169444,0.911,1.339961e+01,3.885965e-03,3.2084,3.329,0,5,86,1611,83,99
367,1793,2160,0.169907,0.911,1.346087e+01,3.838981e-03,3.1983,3.3315,0,5,156,1610,83,99
368,1792,2160,0.17037,0.911,1.367259e+01,8.161230e-03,3.1934,3.3287,0,8,137,1609,83,99
369,1791,2160,0.170833,0.911,1.368223e+01,1.152130e-03,3.1874,3.3339,0,1,23,1608,83,99
370,1790,2160,0.171296,0.911,1.380585e+01,3.851182e-04,3.2402,3.3412,0,3,26,1607,83,99
371,1789,2160,0.171759,0.911,1.385554e+01,7.231648e-04,3.1858,3.3258,0,0,186,1606,83,99
372,1788,2160,0.172222,0.911,1.398396e+01,7.872612e-03,3.1883,3.3366,0,8,130,1605,83,99
373,1787,2160,0.172685,0.911,1.416647e+01,8.005392e-03,3.2041,3.3376,0,8,84,1604,83,99
374,1786,2160,0.173148,0.911,1.463765e+01,7.871597e-03,3.1981,3.3341,0,8,67,1603,83,99
375,1785,2160,0.173611,0.911,1.531026e+01,8.279971e-03,3.2151,3.3219,0,8,166,1602,83,99
376,1784,2160,0.174074,0.911,1.461694e+01,8.405062e-03,3.1844,3.325,0,8,32,1601,83,99
377,1783,2160,0.174537,0.911,1.451338e+01,8.132163e-03,3.1866,3.3209,0,8,53,1600,83,99
378,1782,2160,0.175,0.911,1.479937e+01,1.467793e-02,3.1961,3.3385,0,2,56,1599,83,99
379,1781,2160,0.175463,0.911,1.430082e+01,1.501370e-02,3.2317,3.3319,0,2,9,1598,83,99
380,1780,2160,0.175926,0.911,1.382461e+01,1.806703e-02,3.2123,3.3358,0,2,105,1597,83,99
381,1779,2160,0.176389,0.911,1.406162e+01,1.528216e-02,3.2173,3.3308,0,2,38,1596,83,99
382,1778,2160,0.176852,0.911,1.363850e+01,1.894857e-02,3.1731,3.3405,0,2,45,1595,83,99
383,1777,2160,0.177315,0.911,1.401581e+01,1.888376e-02,3.199,3.3206,0,2,170,1594,83,99
384,1776,2160,0.177778,0.911,1.441933e+01,3.780910e-03,3.2041,3.324,0,5,28,1593,83,99
385,1775,2160,0.178241,0.911,1.445627e+01,3.842589e-03,3.2119,3.3294,0,5,32,1592,83,99
386,1774,2160,0.178704,0.911,1.464895e+01,4.332213e-03,3.2046,3.3041,0,5,113,1591,83,99
387,1773,2160,0.179167,0.911,1.461465e+01,7.514949e-04,3.19,3.3123,0,0,61,1590,83,99
388,1772,2160,0.17963,0.911,1.481302e+01,8.128497e-03,3.1829,3.3155,0,8,188,1589,83,99
389,1771,2160,0.180093,0.911,1.507604e+01,8.592349e-03,3.1796,3.3271,0,8,110,1588,83,99
390,1770,2160,0.180556,0.911,1.516633e+01,8.169671e-03,3.2216,3.3471,0,8,29,1587,83,99
391,1769,2160,0.181019,0.911,1.534093e+01,8.463811e-03,3.1985,3.3419,0,8,20,1586,83,99
392,1768,2160,0.181481,0.911,1.543817e+01,5.160348e-04,3.1992,3.3351,0,9,100,1585,83,99
393,1767,2160,0.181944,0.911,1.556644e+01,8.385990e-03,3.2045,3.3294,0,8,80,1584,83,99
394,1766,2160,0.182407,0.911,1.574271e+01,8.163802e-03,3.197,3.3543,0,8,160,1583,83,99
395,1765,2160,0.18287,0.911,1.622285e+01,8.808475e-03,3.2266,3.356,0,8,31,1582,83,99
396,1764,2160,0.183333,0.911,1.594946e+01,8.678512e-03,3.223,3.3327,0,8,39,1581,83,99
397,1763,2160,0.183796,0.911,1.611818e+01,3.703998e-04,3.2217,3.3412,0,6,55,1580,83,99
398,1762,2160,0.184259,0.911,1.612916e+01,4.116504e-03,3.2247,3.3276,0,5,3,1579,83,99
399,1761,2160,0.184722,0.911,1.638219e+01,8.648916e-03,3.1788,3.3337,0,8,114,1578,83,99
400,1760,2160,0.185185,0.911,1.647546e+01,8.372353e-03,3.1971,3.3379,0,8,62,1577,83,99
401,1759,2160,0.185648,0.91,1.689368e+01,8.474146e-03,3.1869,3.3236,0,8,182,1576,83,99
402,1758,2160,0.186111,0.91,1.756279e+01,8.614562e-03,3.1861,3.3441,0,8,0,1575,83,99
403,1757,2160,0.186574,0.91,1.842946e+01,1.116841e-02,3.1828,3.33,1,5,8,1575,82,99
404,1756,2160,0.187037,0.91,1.890660e+01,8.695791e-03,3.2066,3.3447,0,8,149,1574,82,99
405,1755,2160,0.1875,0.91,1.991665e+01,9.112372e-03,3.269,3.3314,0,8,90,1573,82,99
406,1754,2160,0.187963,0.911,1.873658e+01,8.830571e-03,3.2039,3.3207,0,8,57,1572,82,99
407,1753,2160,0.188426,0.911,1.959970e+01,9.355710e-03,3.2047,3.3349,0,8,65,1571,82,99
408,1752,2160,0.188889,0.911,1.874407e+01,3.311079e-04,3.1996,3.3313,0,7,139,1570,82,99
409,1751,2160,0.189352,0.911,1.882721e+01,9.415390e-03,3.1827,3.3249,0,8,36,1569,82,99
410,1750,2160,0.189815,0.911,1.858421e+01,8.907045e-03,3.1734,3.3261,0,8,187,1568,82,99
411,1749,2160,0.190278,0.911,1.894986e+01,9.422125e-03,3.1861,3.3341,0,8,115,1567,82,99
412,1748,2160,0.190741,0.911,1.867052e+01,4.300532e-03,3.1766,3.361,0,5,142,1566,82,99
413,1747,2160,0.191204,0.911,1.891081e+01,4.224489e-04,3.1821,3.327,0,4,194,1565,82,99
414,1746,2160,0.191667,0.911,1.895887e+01,9.465473e-03,3.1854,3.3381,0,8,61,1564,82,99
415,1745,2160,0.19213,0.911,1.907390e+01,1.902154e-02,3.2181,3.3269,0,2,122,1563,82,99
416,1744,2160,0.192593,0.911,1.906299e+01,4.229295e-03,3.227,3.3253,0,5,42,1562,82,99
417,1743,2160,0.193056,0.91,1.913877e+01,1.346990e-03,3.1989,3.3473,0,1,96,1561,82,99
418,1742,2160,0.193519,0.911,1.922212e+01,2.184885e-02,3.2034,3.3364,1,0,5,1561,81,99
419,1741,2160,0.193981,0.911,2.058998e+01,4.329432e-03,3.1997,3.3352,0,5,169,1560,81,99
420,1740,2160,0.194444,0.911,2.081035e+01,4.445860e-03,3.1955,3.32,0,5,70,1559,81,99
421,1739,2160,0.194907,0.911,2.084893e+01,1.324297e-03,3.1885,3.327,0,1,85,1558,81,99
422,1738,2160,0.19537,0.911,2.102563e+01,4.221263e-03,3.1751,3.3323,0,5,167,1557,81,99
423,1737,2160,0.195833,0.911,2.130929e+01,4.339793e-03,3.1658,3.3404,0,5,112,1556,81,99
424,1736,2160,0.196296,0.911,2.161304e+01,9.370611e-03,3.1823,3.345,0,8,91,1555,81,99
425,1735,2160,0.196759,0.911,2.191019e+01,9.230622e-03,3.1896,3.3355,0,8,101,1554,81,99
426,1734,2160,0.197222,0.911,2.262798e+01,9.632407e-03,3.2289,3.3197,0,8,147,1553,81,99
427,1733,2160,0.197685,0.911,2.197926e+01,9.375225e-03,3.2126,3.3451,0,8,171,1552,81,99
428,1732,2160,0.198148,0.911,2.262793e+01,1.014782e-02,3.2024,3.3386,0,8,122,1551,81,99
429,1731,2160,0.198611,0.911,2.218900e+01,9.586450e-03,3.2002,3.3457,0,8,82,1550,81,99
430,1730,2160,0.199074,0.911,2.276307e+01,1.000586e-02,3.1845,3.3333,0,8,17,1549,81,99
431,1729,2160,0.199537,0.911,2.247943e+01,9.582182e-03,3.205,3.3348,0,8,162,1548,81,99
432,1728,2160,0.2,0.911,2.296370e+01,9.766650e-03,3.2031,3.3348,0,8,168,1547,81,99
433,1727,2160,0.200463,0.911,2.386827e+01,1.065310e-02,3.2114,3.3236,0,8,153,1546,81,99
434,1726,2160,0.200926,0.911,2.305232e+01,9.939958e-03,3.2075,3.3353,0,8,71,1545,81,99
435,1725,2160,0.201389,0.911,2.384108e+01,4.497393e-03,3.2161,3.3353,1,9,8,1545,80,99
436,1724,2160,0.201852,0.911,2.425337e+01,1.019562e-02,3.2015,3.3351,0,8,102,1544,80,99
437,1723,2160,0.202315,0.911,2.531617e+01,1.043223e-02,3.2133,3.3214,0,8,118,1543,80,99
438,1722,2160,0.202778,0.911,2.648614e+01,1.181296e-02,3.1952,3.3289,0,8,150,1542,80,99
439,1721,2160,0.203241,0.911,2.480149e+01,1.097547e-02,3.1914,3.3319,0,8,180,1541,80,99
440,1720,2160,0.203704,0.911,2.606456e+01,1.095572e-02,3.2048,3.3183,0,8,75,1540,80,99
441,1719,2160,0.204167,0.911,2.744459e+01,1.188850e-02,3.2196,3.3237,0,8,132,1539,80,99
442,1718,2160,0.20463,0.911,2.572763e+01,1.232646e-02,3.2055,3.3296,0,8,22,1538,80,99
443,1717,2160,0.205093,0.911,2.477217e+01,1.136481e-02,3.1877,3.3131,0,8,138,1537,80,99
444,1716,2160,0.205556,0.911,2.579664e+01,1.248086e-02,3.227,3.3244,0,8,89,1536,80,99
445,1715,2160,0.206019,0.911,2.494005e+01,1.185065e-02,3.1996,3.3386,0,8,169,1535,80,99
446,1714,2160,0.206481,0.911,2.584752e+01,5.259147e-03,3.1786,3.3266,1,7,8,1535,79,99
447,1713,2160,0.206944,0.911,2.666022e+01,1.324870e-02,3.2043,3.352,0,8,5,1534,79,99
448,1712,2160,0.207407,0.911,2.615311e+01,1.201723e-02,3.1922,3.3354,0,8,88,1533,79,99
449,1711,2160,0.20787,0.911,2.701039e+01,1.247573e-02,3.2134,3.3208,0,8,158,1532,79,99
450,1710,2160,0.208333,0.911,2.832450e+01,1.370131e-02,3.1856,3.3118,0,8,111,1531,79,99
451,1709,2160,0.208796,0.911,2.712313e+01,1.416016e-02,3.185,3.3263,0,8,139,1530,79,99
452,1708,2160,0.209259,0.911,2.653281e+01,1.623415e-02,3.1863,3.3337,0,2,5,1529,79,99
453,1707,2160,0.209722,0.911,2.604974e+01,1.939286e-02,3.2178,3.3331,0,2,85,1528,79,99
454,1706,2160,0.210185,0.911,2.591792e+01,1.663368e-02,3.1867,3.3152,0,2,27,1527,79,99
455,1705,2160,0.210648,0.911,2.582407e+01,1.675646e-02,3.1937,3.3326,0,2,171,1526,79,99
456,1704,2160,0.211111,0.911,2.563909e+01,2.024703e-02,3.2084,3.3298,0,2,79,1525,79,99
457,1703,2160,0.211574,0.911,2.563539e+01,1.697289e-02,3.1909,3.3316,0,2,139,1524,79,99
458,1702,2160,0.212037,0.911,2.549707e+01,2.053886e-02,3.2033,3.3404,0,2,148,1523,79,99
459,1701,2160,0.2125,0.911,2.553466e+01,2.093017e-02,3.2034,3.3418,0,2,71,1522,79,99
460,1700,2160,0.212963,0.911,2.548913e+01,1.284831e-02,3.2209,3.3337,0,8,83,1521,79,99
461,1699,2160,0.213426,0.911,2.634290e+01,1.413489e-02,3.1791,3.3177,0,8,161,1520,79,99
462,1698,2160,0.213889,0.911,2.582139e+01,4.731590e-03,3.2013,3.3369,0,5,61,1519,79,99
463,1697,2160,0.214352,0.911,2.616010e+01,6.099318e-04,3.2,3.3454,0,9,105,1518,79,99
464,1696,2160,0.214815,0.911,2.624842e+01,5.085720e-03,3.2006,3.3365,0,5,188,1517,79,99
465,1695,2160,0.215278,0.911,2.658529e+01,9.008958e-04,3.2002,3.3295,0,0,133,1516,79,99
466,1694,2160,0.215741,0.912,2.679930e+01,9.098957e-04,3.1965,3.3379,0,0,16,1515,79,99
467,1693,2160,0.216204,0.911,2.704437e+01,9.667386e-03,3.2218,3.3163,1,6,1,1515,78,99
468,1692,2160,0.216667,0.911,2.810055e+01,1.294992e-02,3.1914,3.3286,0,8,54,1514,78,99
469,1691,2160,0.21713,0.911,2.888889e+01,1.460898e-02,3.2007,3.3334,0,8,148,1513,78,99
470,1690,2160,0.217593,0.911,2.834851e+01,9.281481e-04,3.2143,3.3339,0,0,136,1512,78,99
471,1689,2160,0.218056,0.911,2.854505e+01,4.958081e-03,3.175,3.3304,0,5,193,1511,78,99
472,1688,2160,0.218519,0.911,2.904721e+01,5.124217e-03,3.2128,3.345,0,5,97,1510,78,99
473,1687,2160,0.218981,0.911,2.933545e+01,1.346645e-02,3.1806,3.3438,0,8,63,1509,78,99
474,1686,2160,0.219444,0.911,3.024156e+01,1.463459e-02,3.2179,3.3518,0,8,165,1508,78,99
475,1685,2160,0.219907,0.911,2.975445e+01,1.507551e-03,3.272,3.326,0,1,94,1507,78,99
476,1684,2160,0.22037,0.911,3.003614e+01,4.246573e-04,3.1933,3.337,0,7,194,1506,78,99
477,1683,2160,0.220833,0.911,3.025772e+01,6.428671e-04,3.1925,3.3236,0,9,185,1505,78,99
478,1682,2160,0.221296,0.911,3.049930e+01,1.330982e-02,3.2132,3.3413,0,8,179,1504,78,99
479,1681,2160,0.221759,0.911,3.131348e+01,1.391783e-02,3.2218,3.3353,0,8,19,1503,78,99
480,1680,2160,0.222222,0.911,3.249127e+01,7.107240e-03,3.1936,3.3292,1,8,8,1503,77,99
481,1679,2160,0.222685,0.911,3.269348e+01,1.569598e-02,3.1907,3.3531,0,8,69,1502,77,99
482,1678,2160,0.223148,0.911,3.164393e+01,1.534931e-02,3.2256,3.3629,0,8,59,1501,77,99
483,1677,2160,0.223611,0.911,3.138081e+01,9.542261e-04,3.2142,3.3288,0,0,14,1500,77,99
484,1676,2160,0.224074,0.911,3.150043e+01,5.146358e-03,3.2236,3.3302,0,5,161,1499,77,99
485,1675,2160,0.224537,0.911,3.183140e+01,5.152892e-03,3.1842,3.3435,0,5,165,1498,77,99
486,1674,2160,0.225,0.911,3.229527e+01,5.535436e-03,3.1831,3.3101,0,5,123,1497,77,99
487,1673,2160,0.225463,0.911,3.202845e+01,1.783327e-02,3.1806,3.3147,0,2,2,1496,77,99
488,1672,2160,0.225926,0.911,3.211951e+01,2.127061e-02,3.1964,3.3297,0,2,107,1495,77,99
489,1671,2160,0.226389,0.911,3.189607e+01,5.260184e-03,3.1776,3.3533,0,5,85,1494,77,99
490,1670,2160,0.226852,0.911,3.236894e+01,5.647093e-03,3.2046,3.3301,0,5,52,1493,77,99
491,1669,2160,0.227315,0.911,3.257987e+01,1.614122e-03,3.1853,3.3466,0,1,113,1492,77,99
492,1668,2160,0.227778,0.911,3.288650e+01,1.602032e-03,3.1807,3.3309,0,1,104,1491,77,99
493,1667,2160,0.228241,0.911,3.319835e+01,5.244098e-03,3.2389,3.3359,0,5,182,1490,77,99
494,1666,2160,0.228704,0.911,3.365287e+01,5.758097e-03,3.2017,3.3405,0,5,54,1489,77,99
495,1665,2160,0.229167,0.911,3.388613e+01,4.478826e-04,3.1921,3.3554,0,7,163,1488,77,99
496,1664,2160,0.22963,0.911,3.413991e+01,5.341209e-03,3.2185,3.3405,0,5,148,1487,77,99
497,1663,2160,0.230093,0.911,3.490325e+01,6.000163e-03,3.1985,3.3189,0,5,6,1486,77,99
498,1662,2160,0.230556,0.911,3.528773e+01,1.819519e-02,3.1828,3.3236,0,2,124,1485,77,99
499,1661,2160,0.231019,0.911,3.540201e+01,2.306336e-02,3.1776,3.3206,0,2,184,1484,77,99
500,1660,2160,0.231481,0.911,3.513435e+01,1.690581e-03,3.2017,3.3365,0,1,14,1483,77,99
501,1659,2160,0.231944,0.911,3.540546e+01,1.432685e-02,3.2037,3.3219,0,8,95,1482,77,99
502,1658,2160,0.232407,0.911,3.630814e+01,1.670750e-02,3.2073,3.3123,0,8,191,1481,77,99
503,1657,2160,0.23287,0.911,3.582698e+01,1.482874e-02,3.2118,3.3358,0,8,33,1480,77,99
504,1656,2160,0.233333,0.911,3.648109e+01,1.658769e-02,3.2004,3.326,0,8,120,1479,77,99
505,1655,2160,0.233796,0.911,3.619758e+01,5.931171e-03,3.1845,3.3316,0,5,108,1478,77,99
506,1654,2160,0.234259,0.911,3.644409e+01,4.673114e-03,3.2026,3.3424,2,2,5,1478,77,98
507,1653,2160,0.234722,0.911,3.753040e+01,5.423223e-03,3.1972,3.3303,0,5,194,1477,77,98
508,1652,2160,0.235185,0.911,3.788064e+01,6.185027e-03,3.1971,3.331,0,5,38,1476,77,98
509,1651,2160,0.235648,0.911,3.832532e+01,1.867016e-02,3.1988,3.3368,0,2,127,1475,77,98
510,1650,2160,0.236111,0.911,3.838189e+01,2.028565e-02,3.1815,3.3338,0,2,86,1474,77,98
511,1649,2160,0.236574,0.911,3.833919e+01,2.645183e-02,3.2033,3.3318,0,2,165,1473,77,98
512,1648,2160,0.237037,0.911,3.803164e+01,6.083207e-03,3.1802,3.3384,0,5,45,1472,77,98
513,1647,2160,0.2375,0.911,3.882697e+01,1.505785e-02,3.1883,3.3462,0,8,7,1471,77,98
514,1646,2160,0.237963,0.911,3.939961e+01,1.692764e-02,3.1976,3.3329,0,8,12,1470,77,98
515,1645,2160,0.238426,0.911,3.915193e+01,6.120147e-03,3.2156,3.3303,0,5,34,1469,77,98
516,1644,2160,0.238889,0.911,3.944732e+01,5.859491e-03,3.1952,3.3414,0,5,141,1468,77,98
517,1643,2160,0.239352,0.911,3.989670e+01,5.745963e-03,3.1753,3.346,0,5,2,1467,77,98
518,1642,2160,0.239815,0.911,4.039895e+01,6.145877e-03,3.1811,3.3374,0,5,0,1466,77,98
519,1641,2160,0.240278,0.911,3.988227e+01,6.100197e-03,3.2041,3.3354,0,5,129,1465,77,98
520,1640,2160,0.240741,0.911,4.045401e+01,5.921963e-03,3.186,3.3446,0,5,76,1464,77,98
521,1639,2160,0.241204,0.91,4.083197e+01,5.904424e-03,3.1794,3.345,0,5,107,1463,77,98
522,1638,2160,0.241667,0.91,4.153730e+01,5.946866e-03,3.2323,3.3423,0,5,8,1462,77,98
523,1637,2160,0.24213,0.91,4.231415e+01,6.464058e-03,3.1933,3.3326,0,5,131,1461,77,98
524,1636,2160,0.242593,0.91,4.204300e+01,6.214213e-03,3.1947,3.3424,0,5,25,1460,77,98
525,1635,2160,0.243056,0.91,4.266774e+01,5.949606e-04,3.1853,3.3553,0,3,8,1459,77,98
526,1634,2160,0.243519,0.91,4.267574e+01,5.870618e-03,3.2019,3.3333,0,5,145,1458,77,98
527,1633,2160,0.243981,0.91,4.276615e+01,6.257628e-03,3.1929,3.3425,0,5,186,1457,77,98
528,1632,2160,0.244444,0.91,4.348433e+01,6.124535e-03,3.2007,3.3379,0,5,1,1456,77,98
529,1631,2160,0.244907,0.911,4.399755e+01,6.726349e-03,3.1939,3.3416,0,5,101,1455,77,98
530,1630,2160,0.24537,0.911,4.386313e+01,2.074190e-02,3.1996,3.3333,0,2,104,1454,77,98
531,1629,2160,0.245833,0.911,4.394557e+01,7.843989e-03,3.2142,3.3244,1,4,2,1454,76,98
532,1628,2160,0.246296,0.911,4.381530e+01,2.689904e-02,3.1861,3.3177,0,2,63,1453,76,98
533,1627,2160,0.246759,0.911,4.363736e+01,2.365890e-02,3.1997,3.3378,0,2,108,1452,76,98
534,1626,2160,0.247222,0.911,4.355932e+01,5.514503e-04,3.2113,3.3311,0,6,121,1451,76,98
535,1625,2160,0.247685,0.911,4.386865e+01,6.126170e-04,3.1721,3.3357,0,4,11,1450,76,98
536,1624,2160,0.248148,0.911,4.421647e+01,1.608082e-02,3.1762,3.324,0,8,155,1449,76,98
537,1623,2160,0.248611,0.911,4.502056e+01,1.795768e-02,3.1924,3.3216,0,8,37,1448,76,98
538,1622,2160,0.249074,0.911,4.474157e+01,1.191925e-03,3.196,3.3415,0,0,109,1447,76,98
539,1621,2160,0.249537,0.911,4.519364e+01,6.456615e-03,3.1903,3.3104,0,5,155,1446,76,98
540,1620,2160,0.25,0.911,4.594874e+01,7.124716e-03,3.2049,3.3408,0,5,191,1445,76,98
541,1619,2160,0.250463,0.911,4.634620e+01,1.635182e-02,3.1872,3.3268,0,8,192,1444,76,98
542,1618,2160,0.250926,0.911,4.702448e+01,1.194943e-02,3.1844,3.3362,1,6,8,1444,75,98
543,1617,2160,0.251389,0.911,4.806828e+01,1.865974e-02,3.2047,3.3348,0,8,27,1443,75,98
544,1616,2160,0.251852,0.911,4.819952e+01,6.790588e-04,3.2023,3.3412,0,3,22,1442,75,98
545,1615,2160,0.252315,0.911,4.830887e+01,6.474178e-03,3.1914,3.3289,0,5,50,1441,75,98
546,1614,2160,0.252778,0.911,4.948748e+01,6.829665e-03,3.1989,3.3424,0,5,17,1440,75,98
547,1613,2160,0.253241,0.911,5.054894e+01,7.447159e-03,3.1827,3.3443,0,5,13,1439,75,98
548,1612,2160,0.253704,0.911,4.935824e+01,1.263189e-03,3.1711,3.3305,0,0,35,1438,75,98
549,1611,2160,0.254167,0.911,4.986487e+01,7.262699e-03,3.1959,3.3593,0,5,48,1437,75,98
550,1610,2160,0.25463,0.911,5.095075e+01,8.840013e-04,3.2131,3.3291,0,9,109,1436,75,98
551,1609,2160,0.255093,0.911,5.113479e+01,2.139994e-03,3.207,3.3443,0,1,155,1435,75,98
552,1608,2160,0.255556,0.911,5.144030e+01,6.932665e-03,3.2445,3.336,0,5,73,1434,75,98
553,1607,2160,0.256019,0.911,5.209964e+01,7.102875e-03,3.219,3.3157,0,5,5,1433,75,98
554,1606,2160,0.256481,0.911,5.313269e+01,7.534287e-03,3.2237,3.3423,0,5,115,1432,75,98
555,1605,2160,0.256944,0.911,5.260780e+01,6.190949e-04,3.2145,3.3418,0,6,97,1431,75,98
556,1604,2160,0.257407,0.911,5.290197e+01,7.070411e-03,3.198,3.3248,0,5,92,1430,75,98
557,1603,2160,0.25787,0.911,5.356868e+01,7.935441e-03,3.1761,3.3242,0,5,35,1429,75,98
558,1602,2160,0.258333,0.911,5.418416e+01,2.193842e-03,3.1968,3.3492,0,1,188,1428,75,98
559,1601,2160,0.258796,0.911,5.482993e+01,7.039990e-03,3.2256,3.3286,0,5,140,1427,75,98
560,1600,2160,0.259259,0.911,5.612382e+01,7.680476e-03,3.2088,3.3206,0,5,98,1426,75,98
561,1599,2160,0.259722,0.911,5.624917e+01,7.142420e-04,3.2265,3.3365,0,4,83,1425,75,98
562,1598,2160,0.260185,0.911,5.665821e+01,1.783688e-02,3.1941,3.3483,0,8,87,1424,75,98
563,1597,2160,0.260648,0.911,5.737137e+01,2.080722e-02,3.1799,3.3414,0,8,189,1423,75,98
564,1596,2160,0.261111,0.911,5.732493e+01,7.356262e-03,3.1921,3.3354,0,5,100,1422,75,98
565,1595,2160,0.261574,0.911,5.845071e+01,7.435245e-03,3.1881,3.34,0,5,20,1421,75,98
566,1594,2160,0.262037,0.911,6.017020e+01,8.524609e-03,3.2031,3.3263,0,5,158,1420,75,98
567,1593,2160,0.2625,0.911,5.922934e+01,7.367234e-04,3.1798,3.3259,0,3,112,1419,75,98
568,1592,2160,0.262963,0.911,5.952955e+01,2.317677e-03,3.2012,3.3097,0,1,83,1418,75,98
569,1591,2160,0.263426,0.911,6.020638e+01,7.853884e-03,3.1992,3.3237,0,5,9,1417,75,98
570,1590,2160,0.263889,0.911,6.190860e+01,1.426116e-03,3.2392,3.3242,0,0,183,1416,75,98
571,1589,2160,0.264352,0.911,6.223135e+01,7.504476e-03,3.189,3.3381,0,5,91,1415,75,98
572,1588,2160,0.264815,0.911,6.290875e+01,8.309648e-03,3.254,3.333,0,5,24,1414,75,98
573,1587,2160,0.265278,0.911,6.386802e+01,9.654764e-04,3.1977,3.3309,0,9,154,1413,75,98
574,1586,2160,0.265741,0.911,6.436261e+01,9.859136e-04,3.1919,3.3236,0,9,16,1412,75,98
575,1585,2160,0.266204,0.911,6.487775e+01,1.470004e-03,3.1854,3.3326,0,0,87,1411,75,98
576,1584,2160,0.266667,0.911,6.546310e+01,7.608897e-03,3.1974,3.3121,0,5,69,1410,75,98
577,1583,2160,0.26713,0.911,6.580092e+01,7.928662e-03,3.1952,3.3572,0,5,40,1409,75,98
578,1582,2160,0.267593,0.911,6.772826e+01,8.887622e-03,3.2037,3.3378,0,5,180,1408,75,98
579,1581,2160,0.268056,0.911,6.765224e+01,1.914278e-02,3.1929,3.3351,0,8,125,1407,75,98
580,1580,2160,0.268519,0.911,6.847153e+01,2.269374e-02,3.2105,3.3362,0,8,64,1406,75,98
581,1579,2160,0.268981,0.911,6.868208e+01,7.980382e-04,3.1793,3.3428,0,3,1,1405,75,98
582,1578,2160,0.269444,0.912,6.891328e+01,8.583262e-03,3.1933,3.3167,0,5,152,1404,75,98
583,1577,2160,0.269907,0.912,6.993763e+01,7.787957e-04,3.2125,3.3244,0,4,152,1403,75,98
584,1576,2160,0.27037,0.912,6.986982e+01,2.388268e-03,3.207,3.3388,0,1,139,1402,75,98
585,1575,2160,0.270833,0.912,7.037548e+01,7.915737e-04,3.1954,3.3218,0,4,14,1401,75,98
586,1574,2160,0.271296,0.912,7.087249e+01,1.540635e-03,3.1959,3.3109,0,0,124,1400,75,98
587,1573,2160,0.271759,0.912,7.160862e+01,8.189861e-03,3.1921,3.3377,0,5,22,1399,75,98
588,1572,2160,0.272222,0.912,7.261228e+01,9.214802e-03,3.2227,3.3356,0,5,138,1398,75,98
589,1571,2160,0.272685,0.912,7.268058e+01,2.516183e-03,3.2179,3.3328,0,1,147,1397,75,98
590,1570,2160,0.273148,0.912,7.322379e+01,2.260839e-02,3.2072,3.3438,0,8,126,1396,75,98
591,1569,2160,0.273611,0.912,7.432870e+01,1.048827e-03,3.1977,3.3377,0,9,123,1395,75,98
592,1568,2160,0.274074,0.911,7.491715e+01,9.515474e-03,3.2035,3.3337,0,5,83,1394,75,98
593,1567,2160,0.274537,0.911,7.677136e+01,2.584768e-03,3.1871,3.3457,0,1,186,1393,75,98
594,1566,2160,0.275,0.912,7.698600e+01,8.580185e-04,3.2089,3.3376,0,3,17,1392,75,98
595,1565,2160,0.275463,0.911,7.737837e+01,2.682395e-03,3.1987,3.3391,0,1,184,1391,75,98
596,1564,2160,0.275926,0.912,7.792678e+01,1.107820e-03,3.1834,3.3338,0,9,195,1390,75,98
597,1563,2160,0.276389,0.911,7.867947e+01,1.674735e-03,3.1884,3.3401,0,0,142,1389,75,98
598,1562,2160,0.276852,0.911,7.949803e+01,7.919525e-04,3.1882,3.3264,0,6,10,1388,75,98
599,1561,2160,0.277315,0.911,7.997959e+01,8.890289e-03,3.1844,3.3574,0,5,146,1387,75,98
600,1560,2160,0.277778,0.911,8.125452e+01,8.918927e-03,3.1907,3.345,0,5,96,1386,75,98
601,1559,2160,0.278241,0.911,8.413091e+01,1.030475e-02,3.195,3.3473,0,5,153,1385,75,98
602,1558,2160,0.278704,0.912,8.233190e+01,7.510817e-04,3.1944,3.3536,0,7,73,1384,75,98
603,1557,2160,0.279167,0.912,8.312135e+01,2.021669e-02,3.2129,3.3298,0,8,173,1383,75,98
604,1556,2160,0.27963,0.912,8.373228e+01,2.355106e-02,3.2018,3.3609,0,8,117,1382,75,98
605,1555,2160,0.280093,0.912,8.436029e+01,9.287863e-03,3.191,3.329,0,5,94,1381,75,98
606,1554,2160,0.280556,0.912,8.583592e+01,9.487715e-03,3.1931,3.321,0,5,106,1380,75,98
607,1553,2160,0.281019,0.912,8.929637e+01,9.552655e-03,3.1998,3.3452,0,5,164,1379,75,98
608,1552,2160,0.281481,0.911,9.286260e+01,1.002432e-02,3.2065,3.3437,0,5,57,1378,75,98
609,1551,2160,0.281944,0.911,9.700099e+01,1.088274e-02,3.1847,3.3145,0,5,154,1377,75,98
610,1550,2160,0.282407,0.911,9.019924e+01,1.114371e-02,3.1752,3.3527,0,5,56,1376,75,98
611,1549,2160,0.28287,0.911,9.019383e+01,8.233966e-04,3.2283,3.3492,0,6,77,1375,75,98
612,1548,2160,0.283333,0.912,9.059388e+01,7.992351e-04,3.2078,3.3369,0,7,135,1374,75,98
613,1547,2160,0.283796,0.912,9.126935e+01,8.588229e-04,3.1997,3.3296,0,6,30,1373,75,98
614,1546,2160,0.284259,0.912,9.173450e+01,2.991966e-03,3.2005,3.3272,0,1,12,1372,75,98
615,1545,2160,0.284722,0.912,9.282530e+01,1.142561e-02,3.1987,3.324,0,5,7,1371,75,98
616,1544,2160,0.285185,0.912,9.428657e+01,2.183045e-02,3.2084,3.3379,0,8,93,1370,75,98
617,1543,2160,0.285648,0.912,9.426212e+01,1.481742e-02,3.2138,3.3396,1,0,8,1370,74,98
618,1542,2160,0.286111,0.912,9.640184e+01,2.296125e-02,3.2479,3.3184,0,8,119,1369,74,98
619,1541,2160,0.286574,0.911,9.657367e+01,2.633540e-02,3.2408,3.3362,0,8,14,1368,74,98
620,1540,2160,0.287037,0.911,9.601144e+01,2.843586e-02,3.2106,3.3402,0,8,16,1367,74,98
621,1539,2160,0.2875,0.911,9.594156e+01,2.661564e-02,3.2176,3.3415,0,8,3,1366,74,98
622,1538,2160,0.287963,0.911,9.581822e+01,2.808525e-02,3.201,3.3497,0,8,50,1365,74,98
623,1537,2160,0.288426,0.911,9.609818e+01,2.730635e-02,3.1951,3.3367,0,8,13,1364,74,98
624,1536,2160,0.288889,0.911,9.612826e+01,6.843377e-03,3.2133,3.3383,1,4,8,1364,73,98
625,1535,2160,0.289352,0.911,9.561003e+01,1.185379e-02,3.2214,3.3264,1,3,8,1364,72,98
626,1534,2160,0.289815,0.911,9.590606e+01,9.925192e-03,3.2285,3.3224,0,5,44,1363,72,98
627,1533,2160,0.290278,0.911,9.800382e+01,1.125517e-02,3.1853,3.3371,0,5,43,1362,72,98
628,1532,2160,0.290741,0.911,9.776695e+01,4.685519e-03,3.2113,3.3494,2,0,6,1362,72,97
629,1531,2160,0.291204,0.911,1.003356e+02,3.110217e-03,3.2377,3.3412,0,1,183,1361,72,97
630,1530,2160,0.291667,0.912,1.010382e+02,9.102009e-04,3.1953,3.3375,0,6,51,1360,72,97
631,1529,2160,0.29213,0.912,1.013980e+02,1.308802e-03,3.2045,3.3586,0,9,183,1359,72,97
632,1528,2160,0.292593,0.912,1.020786e+02,1.104179e-02,3.187,3.3453,0,5,27,1358,72,97
633,1527,2160,0.293056,0.911,1.045879e+02,1.964158e-03,3.1793,3.3433,0,0,34,1357,72,97
634,1526,2160,0.293519,0.911,1.048789e+02,3.172175e-03,3.1743,3.3239,0,1,66,1356,72,97
635,1525,2160,0.293981,0.91,1.056021e+02,3.090506e-03,3.2022,3.3455,0,1,103,1355,72,97
636,1524,2160,0.294444,0.91,1.066659e+02,1.038614e-02,3.22,3.3309,0,5,126,1354,72,97
637,1523,2160,0.294907,0.91,1.086168e+02,1.047408e-02,3.2321,3.3593,0,5,109,1353,72,97
638,1522,2160,0.29537,0.909,1.116291e+02,1.158470e-02,3.204,3.3439,0,5,63,1352,72,97
639,1521,2160,0.295833,0.91,1.098793e+02,1.187262e-02,3.2323,3.3323,0,5,150,1351,72,97
640,1520,2160,0.296296,0.91,1.119594e+02,1.427394e-03,3.2286,3.3323,0,9,53,1350,72,97
641,1519,2160,0.296759,0.91,1.124730e+02,1.045934e-02,3.2259,3.3422,0,5,60,1349,72,97
642,1518,2160,0.297222,0.91,1.119815e+02,1.225591e-02,3.2025,3.3384,0,5,68,1348,72,97
643,1517,2160,0.297685,0.91,1.136598e+02,1.042249e-02,3.2131,3.3353,0,5,99,1347,72,97
644,1516,2160,0.298148,0.91,1.140406e+02,1.194872e-02,3.2003,3.3189,0,5,178,1346,72,97
645,1515,2160,0.298611,0.91,1.152811e+02,1.061512e-02,3.185,3.3255,0,5,177,1345,72,97
646,1514,2160,0.299074,0.91,1.156892e+02,1.196398e-02,3.1979,3.3404,0,5,30,1344,72,97
647,1513,2160,0.299537,0.91,1.162463e+02,1.073679e-02,3.2069,3.3472,0,5,104,1343,72,97
648,1512,2160,0.3,0.909,1.164645e+02,1.210213e-02,3.2273,3.3608,0,5,37,1342,72,97
649,1511,2160,0.300463,0.909,1.191075e+02,1.230544e-02,3.2192,3.331,0,5,110,1341,72,97
650,1510,2160,0.300926,0.909,1.252792e+02,3.513588e-03,3.2085,3.3414,0,1,6,1340,72,97
651,1509,2160,0.301389,0.908,1.250861e+02,2.917874e-02,3.2068,3.3352,0,8,74,1339,72,97
652,1508,2160,0.301852,0.908,1.241776e+02,1.973000e-02,3.2128,3.3442,1,1,8,1339,71,97
653,1507,2160,0.302315,0.908,1.232700e+02,1.034588e-02,3.206,3.3396,0,5,163,1338,71,97
654,1506,2160,0.302778,0.908,1.243494e+02,1.338089e-02,3.1981,3.3338,0,5,170,1337,71,97
655,1505,2160,0.303241,0.908,1.254820e+02,2.182643e-03,3.2011,3.3193,0,0,30,1336,71,97
656,1504,2160,0.303704,0.908,1.267025e+02,1.474445e-03,3.1842,3.3317,0,9,23,1335,71,97
657,1503,2160,0.304167,0.908,1.280374e+02,3.625035e-03,3.1891,3.3264,0,1,71,1334,71,97
658,1502,2160,0.30463,0.909,1.295393e+02,1.309549e-02,3.2418,3.3398,0,5,67,1333,71,97
659,1501,2160,0.305093,0.909,1.334772e+02,1.262622e-03,3.2094,3.3414,0,3,145,1332,71,97
660,1500,2160,0.305556,0.909,1.327699e+02,2.296883e-03,3.2175,3.3339,0,0,154,1331,71,97
661,1499,2160,0.306019,0.909,1.337211e+02,2.317756e-03,3.2152,3.3439,0,0,40,1330,71,97
662,1498,2160,0.306481,0.909,1.351098e+02,1.280585e-02,3.2041,3.3517,0,5,121,1329,71,97
663,1497,2160,0.306944,0.909,1.392943e+02,1.414902e-02,3.2154,3.3503,1,1,1,1329,70,97
664,1496,2160,0.307407,0.909,1.442465e+02,1.170363e-03,3.1892,3.3486,0,6,7,1328,70,97
665,1495,2160,0.30787,0.909,1.437571e+02,1.149512e-02,3.2104,3.3449,0,5,21,1327,70,97
666,1494,2160,0.308333,0.909,1.415352e+02,1.182007e-02,3.2145,3.3341,0,5,87,1326,70,97
667,1493,2160,0.308796,0.909,1.445037e+02,1.188365e-02,3.1971,3.3229,0,5,139,1325,70,97
668,1492,2160,0.309259,0.909,1.485049e+02,1.425849e-02,3.1848,3.3359,0,5,15,1324,70,97
669,1491,2160,0.309722,0.909,1.425212e+02,1.201732e-02,3.207,3.3292,0,5,72,1323,70,97
670,1490,2160,0.310185,0.909,1.476416e+02,1.424753e-02,3.2355,3.3338,0,5,90,1322,70,97
671,1489,2160,0.310648,0.91,1.455708e+02,1.428859e-02,3.2098,3.3329,0,5,171,1321,70,97
672,1488,2160,0.311111,0.91,1.495488e+02,1.608833e-03,3.1878,3.337,0,9,193,1320,70,97
673,1487,2160,0.311574,0.91,1.499428e+02,1.597032e-03,3.2013,3.3435,0,9,24,1319,70,97
674,1486,2160,0.312037,0.91,1.506799e+02,2.360709e-03,3.2112,3.3357,0,0,97,1318,70,97
675,1485,2160,0.3125,0.91,1.520712e+02,1.269701e-03,3.2126,3.3411,0,3,65,1317,70,97
676,1484,2160,0.312963,0.91,1.525109e+02,1.239694e-02,3.2339,3.3353,0,5,183,1316,70,97
677,1483,2160,0.313426,0.91,1.527561e+02,1.278513e-02,3.2113,3.3361,0,5,176,1315,70,97
678,1482,2160,0.313889,0.909,1.583406e+02,1.585980e-02,3.2036,3.3261,0,5,79,1314,70,97
679,1481,2160,0.314352,0.91,1.558442e+02,1.319517e-02,3.1911,3.3323,0,5,16,1313,70,97
680,1480,2160,0.314815,0.91,1.584474e+02,1.291315e-02,3.2175,3.3308,0,5,184,1312,70,97
681,1479,2160,0.315278,0.91,1.649295e+02,5.787065e-02,3.1868,3.3377,1,7,5,1312,69,97
682,1478,2160,0.315741,0.911,1.740122e+02,1.623848e-02,3.2217,3.3331,0,5,116,1311,69,97
683,1477,2160,0.316204,0.911,1.676749e+02,1.509497e-02,3.1936,3.3187,0,5,149,1310,69,97
684,1476,2160,0.316667,0.911,1.659463e+02,1.656088e-02,3.1811,3.3304,0,5,168,1309,69,97
685,1475,2160,0.31713,0.911,1.703787e+02,1.602123e-03,3.1836,3.3179,0,9,190,1308,69,97
686,1474,2160,0.317593,0.911,1.705271e+02,1.354779e-02,3.2314,3.3399,0,5,58,1307,69,97
687,1473,2160,0.318056,0.911,1.684533e+02,1.613870e-02,3.2233,3.3467,0,5,192,1306,69,97
688,1472,2160,0.318519,0.911,1.724273e+02,1.217883e-03,3.1871,3.3518,0,4,7,1305,69,97
689,1471,2160,0.318981,0.911,1.731799e+02,1.331591e-02,3.1893,3.346,0,5,33,1304,69,97
690,1470,2160,0.319444,0.911,1.723612e+02,1.366162e-02,3.2254,3.3569,0,5,95,1303,69,97
691,1469,2160,0.319907,0.911,1.770313e+02,1.664326e-02,3.2058,3.3468,0,5,157,1302,69,97
692,1468,2160,0.32037,0.911,1.761923e+02,1.702611e-02,3.1875,3.3448,0,5,39,1301,69,97
693,1467,2160,0.320833,0.911,1.808995e+02,3.899627e-03,3.2121,3.33,0,1,9,1300,69,97
694,1466,2160,0.321296,0.911,1.819948e+02,1.423986e-02,3.2,3.3481,0,5,74,1299,69,97
695,1465,2160,0.321759,0.911,1.808469e+02,1.732859e-02,3.2153,3.3392,0,5,117,1298,69,97
696,1464,2160,0.322222,0.911,1.857023e+02,1.054070e-03,3.2137,3.3439,0,7,9,1297,69,97
697,1463,2160,0.322685,0.911,1.862891e+02,1.126861e-03,3.2363,3.3382,0,7,24,1296,69,97
698,1462,2160,0.323148,0.911,1.877188e+02,4.107443e-03,3.2007,3.3294,0,1,31,1295,69,97
699,1461,2160,0.323611,0.911,1.895601e+02,1.454157e-02,3.2131,3.3371,0,5,81,1294,69,97
700,1460,2160,0.324074,0.911,1.895311e+02,1.748284e-02,3.1813,3.3381,0,5,136,1293,69,97
701,1459,2160,0.324537,0.911,1.936906e+02,4.084482e-03,3.215,3.3298,0,1,15,1292,69,97
702,1458,2160,0.325,0.911,1.954056e+02,1.429518e-02,3.2239,3.3321,0,5,105,1291,69,97
703,1457,2160,0.325463,0.911,1.941953e+02,1.808469e-02,3.201,3.3492,0,5,172,1290,69,97
704,1456,2160,0.325926,0.911,1.972725e+02,4.257606e-03,3.1854,3.3577,0,1,76,1289,69,97
705,1455,2160,0.326389,0.91,1.995978e+02,1.443275e-02,3.2065,3.3208,0,5,174,1288,69,97
706,1454,2160,0.326852,0.909,1.999081e+02,1.811442e-02,3.2107,3.3389,0,5,11,1287,69,97
707,1453,2160,0.327315,0.909,2.033558e+02,1.729265e-03,3.2052,3.3459,0,9,178,1286,69,97
708,1452,2160,0.327778,0.909,2.050242e+02,1.454513e-02,3.2302,3.3286,0,5,166,1285,69,97
709,1451,2160,0.328241,0.909,2.054219e+02,1.561741e-02,3.2074,3.3408,0,5,59,1284,69,97
710,1450,2160,0.328704,0.909,2.090098e+02,1.956517e-02,3.2028,3.3315,0,5,88,1283,69,97
711,1449,2160,0.329167,0.909,2.062191e+02,1.920299e-02,3.2064,3.3335,0,5,102,1282,69,97
712,1448,2160,0.32963,0.908,2.148202e+02,2.550975e-03,3.1961,3.3288,0,0,93,1281,69,97
713,1447,2160,0.330093,0.908,2.160374e+02,1.173766e-03,3.1926,3.3412,0,7,4,1280,69,97
714,1446,2160,0.330556,0.908,2.175982e+02,1.402845e-03,3.2211,3.349,0,3,139,1279,69,97
715,1445,2160,0.331019,0.908,2.184514e+02,1.200592e-03,3.2177,3.3456,0,7,195,1278,69,97
716,1444,2160,0.331481,0.908,2.201842e+02,4.288141e-03,3.2074,3.3349,0,1,99,1277,69,97
717,1443,2160,0.331944,0.908,2.219992e+02,2.652250e-03,3.2035,3.3333,0,0,185,1276,69,97
718,1442,2160,0.332407,0.908,2.242918e+02,2.677965e-03,3.2155,3.3403,0,0,17,1275,69,97
719,1441,2160,0.33287,0.907,2.269208e+02,1.519485e-02,3.2016,3.3358,0,5,47,1274,69,97
720,1440,2160,0.333333,0.907,2.250575e+02,1.558146e-02,3.1847,3.3279,0,5,93,1273,69,97
721,1439,2160,0.333796,0.907,2.290062e+02,2.013813e-02,3.2033,3.3262,0,5,120,1272,69,97
722,1438,2160,0.334259,0.908,2.274989e+02,2.186181e-02,3.209,3.3204,0,5,190,1271,69,97
723,1437,2160,0.334722,0.908,2.341887e+02,1.812796e-03,3.2095,3.3535,0,9,156,1270,69,97
724,1436,2160,0.335185,0.908,2.353753e+02,4.330917e-03,3.2031,3.3345,0,1,179,1269,69,97
725,1435,2160,0.335648,0.908,2.371428e+02,4.513247e-03,3.1847,3.341,0,1,10,1268,69,97
726,1434,2160,0.336111,0.908,2.390769e+02,1.221880e-03,3.1999,3.314,0,7,182,1267,69,97
727,1433,2160,0.336574,0.908,2.408633e+02,1.491985e-03,3.2048,3.3358,0,3,47,1266,69,97
728,1432,2160,0.337037,0.908,2.418426e+02,4.445003e-03,3.1945,3.356,0,1,43,1265,69,97
729,1431,2160,0.3375,0.908,2.434224e+02,1.605020e-02,3.207,3.322,0,5,162,1264,69,97
730,1430,2160,0.337963,0.907,2.424389e+02,2.237968e-02,3.2097,3.3588,0,5,143,1263,69,97
731,1429,2160,0.338426,0.908,2.461725e+02,1.332626e-03,3.2336,3.3497,0,6,180,1262,69,97
732,1428,2160,0.338889,0.908,2.471861e+02,1.917924e-03,3.218,3.3435,0,9,139,1261,69,97
733,1427,2160,0.339352,0.908,2.486388e+02,1.936602e-03,3.2043,3.3436,0,9,192,1260,69,97
734,1426,2160,0.339815,0.908,2.506249e+02,4.690280e-03,3.2163,3.3353,0,1,67,1259,69,97
735,1425,2160,0.340278,0.908,2.533329e+02,4.648789e-03,3.2033,3.3433,0,1,56,1258,69,97
736,1424,2160,0.340741,0.908,2.558608e+02,4.769286e-03,3.1831,3.3271,0,1,157,1257,69,97
737,1423,2160,0.341204,0.908,2.582346e+02,4.744276e-03,3.1982,3.3221,0,1,19,1256,69,97
738,1422,2160,0.341667,0.908,2.606473e+02,2.168030e-02,3.2159,3.3378,0,5,159,1255,69,97
739,1421,2160,0.34213,0.908,2.738210e+02,1.277945e-03,3.1983,3.3222,0,7,130,1254,69,97
740,1420,2160,0.342593,0.908,2.730375e+02,1.325289e-03,3.1976,3.3126,0,7,48,1253,69,97
741,1419,2160,0.343056,0.908,2.735358e+02,1.327351e-03,3.1828,3.3322,0,7,6,1252,69,97
742,1418,2160,0.343519,0.908,2.746116e+02,1.372746e-03,3.1806,3.3402,0,6,178,1251,69,97
743,1417,2160,0.343981,0.908,2.749072e+02,5.100391e-02,3.2094,3.3439,1,5,1,1251,68,97
744,1416,2160,0.344444,0.908,2.876024e+02,1.606720e-03,3.2313,3.3476,0,3,32,1250,68,97
745,1415,2160,0.344907,0.908,2.878658e+02,1.570738e-03,3.192,3.3471,0,4,140,1249,68,97
746,1414,2160,0.34537,0.908,2.890755e+02,1.313338e-03,3.2107,3.3347,0,7,32,1248,68,97
747,1413,2160,0.345833,0.907,2.909897e+02,1.426742e-03,3.1994,3.3369,0,6,46,1247,68,97
748,1412,2160,0.346296,0.907,2.918931e+02,2.993395e-03,3.2089,3.3371,0,0,83,1246,68,97
749,1411,2160,0.346759,0.908,2.939938e+02,5.087791e-03,3.2014,3.3297,0,1,21,1245,68,97
750,1410,2160,0.347222,0.908,2.964760e+02,1.649936e-03,3.2023,3.3292,0,3,167,1244,68,97
751,1409,2160,0.347685,0.908,2.975133e+02,1.427878e-03,3.1778,3.3303,0,7,47,1243,68,97
752,1408,2160,0.348148,0.908,2.992764e+02,3.206149e-03,3.1839,3.3432,0,0,60,1242,68,97
753,1407,2160,0.348611,0.908,3.019796e+02,2.123022e-03,3.2228,3.3469,0,9,121,1241,68,97
754,1406,2160,0.349074,0.908,3.044625e+02,5.115150e-03,3.2274,3.3581,0,1,30,1240,68,97
755,1405,2160,0.349537,0.908,3.074568e+02,2.148804e-03,3.2268,3.346,0,9,70,1239,68,97
756,1404,2160,0.35,0.908,3.098773e+02,2.338618e-02,3.2289,3.3536,0,5,23,1238,68,97
757,1403,2160,0.350463,0.908,3.236804e+02,1.612113e-03,3.195,3.3276,0,6,169,1237,68,97
758,1402,2160,0.350926,0.908,3.226435e+02,1.582283e-03,3.2089,3.3377,0,6,98,1236,68,97
759,1401,2160,0.351389,0.908,3.221183e+02,1.353725e-03,3.2157,3.338,0,7,98,1235,68,97
760,1400,2160,0.351852,0.908,3.211445e+02,5.218475e-03,3.1902,3.3537,0,1,29,1234,68,97
761,1399,2160,0.352315,0.907,3.230284e+02,3.244689e-03,3.197,3.3354,0,0,170,1233,68,97
762,1398,2160,0.352778,0.907,3.257267e+02,5.455960e-03,3.1957,3.3393,0,1,26,1232,68,97
763,1397,2160,0.353241,0.907,3.280368e+02,5.471119e-03,3.2001,3.3465,0,1,105,1231,68,97
764,1396,2160,0.353704,0.908,3.305736e+02,1.738090e-03,3.1848,3.3345,0,3,97,1230,68,97
765,1395,2160,0.354167,0.908,3.330462e+02,1.614016e-03,3.2387,3.3295,0,6,92,1229,68,97
766,1394,2160,0.35463,0.908,3.341830e+02,5.466776e-03,3.2282,3.3418,0,1,194,1228,68,97
767,1393,2160,0.355093,0.908,3.385166e+02,1.710389e-02,3.2328,3.3417,0,5,134,1227,68,97
768,1392,2160,0.355556,0.908,3.351526e+02,2.593147e-02,3.2081,3.339,0,5,36,1226,68,97
769,1391,2160,0.356019,0.908,3.459156e+02,5.633013e-03,3.2102,3.3307,0,1,7,1225,68,97
770,1390,2160,0.356481,0.908,3.497189e+02,3.424122e-03,3.2055,3.327,0,0,27,1224,68,97
771,1389,2160,0.356944,0.908,3.531802e+02,5.800185e-03,3.2016,3.3299,0,1,153,1223,68,97
772,1388,2160,0.357407,0.908,3.569152e+02,3.547215e-03,3.2437,3.3442,0,0,6,1222,68,97
773,1387,2160,0.35787,0.908,3.611322e+02,1.865625e-03,3.1971,3.336,0,4,99,1221,68,97
774,1386,2160,0.358333,0.908,3.641872e+02,3.609678e-03,3.2142,3.3245,0,0,98,1220,68,97
775,1385,2160,0.358796,0.908,3.677465e+02,1.753886e-03,3.1966,3.3431,0,6,131,1219,68,97
776,1384,2160,0.359259,0.908,3.695478e+02,5.910054e-03,3.218,3.339,0,1,123,1218,68,97
777,1383,2160,0.359722,0.908,3.736682e+02,2.486603e-02,3.2369,3.3372,0,5,71,1217,68,97
778,1382,2160,0.360185,0.907,3.935503e+02,1.714602e-03,3.22,3.3301,0,7,191,1216,68,97
779,1381,2160,0.360648,0.908,3.938916e+02,3.731257e-03,3.2342,3.3484,0,0,184,1215,68,97
780,1380,2160,0.361111,0.908,3.961150e+02,3.752840e-03,3.2215,3.3292,0,0,54,1214,68,97
781,1379,2160,0.361574,0.908,3.991931e+02,1.962260e-03,3.2282,3.3282,0,4,112,1213,68,97
782,1378,2160,0.362037,0.908,4.019861e+02,3.677614e-03,3.2078,3.3437,0,0,85,1212,68,97
783,1377,2160,0.3625,0.908,4.050540e+02,1.693170e-03,3.2407,3.3455,0,7,18,1211,68,97
784,1376,2160,0.362963,0.907,4.083645e+02,2.563685e-03,3.2105,3.3304,0,9,115,1210,68,97
785,1375,2160,0.363426,0.908,4.116794e+02,3.795634e-03,3.1904,3.3302,0,0,126,1209,68,97
786,1374,2160,0.363889,0.908,4.151329e+02,1.867537e-03,3.191,3.3442,0,6,82,1208,68,97
787,1373,2160,0.364352,0.908,4.166374e+02,3.940349e-03,3.1999,3.3406,0,0,28,1207,68,97
788,1372,2160,0.364815,0.908,4.204038e+02,6.325924e-03,3.1793,3.3541,0,1,140,1206,68,97
789,1371,2160,0.365278,0.908,4.248358e+02,2.620702e-03,3.2312,3.347,0,9,43,1205,68,97
790,1370,2160,0.365741,0.908,4.284231e+02,1.773019e-03,3.2067,3.3273,0,7,44,1204,68,97
791,1369,2160,0.366204,0.908,4.312635e+02,1.790342e-02,3.1882,3.333,0,5,77,1203,68,97
792,1368,2160,0.366667,0.907,4.230696e+02,4.442388e-02,3.1949,3.3365,1,4,5,1203,67,97
793,1367,2160,0.36713,0.908,4.235742e+02,2.789418e-02,3.1894,3.3407,0,5,65,1202,67,97
794,1366,2160,0.367593,0.908,4.267158e+02,1.802230e-02,3.2174,3.3369,0,5,31,1201,67,97
795,1365,2160,0.368056,0.908,4.222948e+02,1.811418e-02,3.2315,3.3356,0,5,119,1200,67,97
796,1364,2160,0.368519,0.907,4.223554e+02,2.602553e-02,3.2198,3.3368,0,5,51,1199,67,97
797,1363,2160,0.368981,0.907,4.214278e+02,2.725511e-02,3.2139,3.3546,0,5,114,1198,67,97
798,1362,2160,0.369444,0.907,4.316407e+02,2.930955e-02,3.1923,3.3546,0,5,103,1197,67,97
799,1361,2160,0.369907,0.908,4.579880e+02,6.391857e-03,3.2319,3.3478,0,1,167,1196,67,97
800,1360,2160,0.37037,0.908,4.578389e+02,6.445646e-03,3.1988,3.3253,0,1,70,1195,67,97
801,1359,2160,0.370833,0.907,4.589463e+02,2.123555e-03,3.1984,3.3392,0,4,45,1194,67,97
802,1358,2160,0.371296,0.907,4.603432e+02,6.438643e-03,3.2077,3.3491,0,1,119,1193,67,97
803,1357,2160,0.371759,0.907,4.617264e+02,6.449624e-03,3.207,3.3414,0,1,112,1192,67,97
804,1356,2160,0.372222,0.906,4.643905e+02,1.816337e-03,3.2019,3.3449,0,7,122,1191,67,97
805,1355,2160,0.372685,0.906,4.675005e+02,2.080331e-03,3.1884,3.3335,2,9,1,1191,67,96
806,1354,2160,0.373148,0.907,4.658142e+02,2.703071e-03,3.2263,3.3392,0,9,55,1190,67,96
807,1353,2160,0.373611,0.907,4.695935e+02,4.067401e-03,3.2186,3.3362,0,0,55,1189,67,96
808,1352,2160,0.374074,0.907,4.737513e+02,6.574384e-03,3.2166,3.3273,0,1,28,1188,67,96
809,1351,2160,0.374537,0.907,4.763859e+02,1.963489e-03,3.1991,3.3381,0,6,115,1187,67,96
810,1350,2160,0.375,0.907,4.779707e+02,6.552367e-03,3.2013,3.3337,0,1,50,1186,67,96
811,1349,2160,0.375463,0.907,4.809137e+02,6.587425e-03,3.2181,3.3506,0,1,190,1185,67,96
812,1348,2160,0.375926,0.906,4.856022e+02,4.192162e-03,3.2275,3.3404,0,0,43,1184,67,96
813,1347,2160,0.376389,0.906,4.913875e+02,4.178781e-03,3.1921,3.3228,0,0,37,1183,67,96
814,1346,2160,0.376852,0.906,4.969387e+02,2.268715e-03,3.2343,3.3316,0,3,12,1182,67,96
815,1345,2160,0.377315,0.906,4.997003e+02,2.274596e-03,3.2056,3.3505,0,3,88,1181,67,96
816,1344,2160,0.377778,0.906,5.011745e+02,7.074853e-03,3.2343,3.3338,0,1,11,1180,67,96
817,1343,2160,0.378241,0.907,5.049517e+02,4.322662e-03,3.2053,3.3502,0,0,9,1179,67,96
818,1342,2160,0.378704,0.906,5.108672e+02,2.059211e-02,3.1801,3.3274,0,5,118,1178,67,96
819,1341,2160,0.379167,0.906,5.050330e+02,3.285336e-02,3.1892,3.3433,0,5,82,1177,67,96
820,1340,2160,0.37963,0.906,5.149645e+02,7.334438e-03,3.2076,3.3358,0,1,125,1176,67,96
821,1339,2160,0.380093,0.907,5.194932e+02,2.050172e-03,3.2176,3.3388,0,6,85,1175,67,96
822,1338,2160,0.380556,0.907,5.220441e+02,2.087408e-03,3.2035,3.3117,0,6,57,1174,67,96
823,1337,2160,0.381019,0.908,5.239631e+02,2.121849e-03,3.2107,3.3473,0,6,165,1173,67,96
824,1336,2160,0.381481,0.908,5.255531e+02,4.376570e-03,3.2266,3.3411,0,0,157,1172,67,96
825,1335,2160,0.381944,0.906,5.298705e+02,6.967502e-03,3.1931,3.3378,0,1,5,1171,67,96
826,1334,2160,0.382407,0.906,5.346955e+02,7.137926e-03,3.196,3.338,0,1,13,1170,67,96
827,1333,2160,0.38287,0.907,5.405470e+02,2.942952e-03,3.2241,3.3263,0,9,189,1169,67,96
828,1332,2160,0.383333,0.907,5.456959e+02,7.440976e-03,3.2247,3.3394,0,1,17,1168,67,96
829,1331,2160,0.383796,0.907,5.485337e+02,4.405085e-03,3.2193,3.3406,0,0,182,1167,67,96
830,1330,2160,0.384259,0.907,5.547227e+02,4.415973e-03,3.1863,3.3333,0,0,192,1166,67,96
831,1329,2160,0.384722,0.907,5.613323e+02,2.957800e-03,3.1937,3.3509,0,9,89,1165,67,96
832,1328,2160,0.385185,0.907,5.666638e+02,2.347785e-03,3.2127,3.3608,0,4,35,1164,67,96
833,1327,2160,0.385648,0.907,5.705732e+02,2.986441e-03,3.21,3.3433,0,9,132,1163,67,96
834,1326,2160,0.386111,0.906,5.750393e+02,7.278978e-03,3.1808,3.3366,0,1,8,1162,67,96
835,1325,2160,0.386574,0.906,5.787008e+02,7.214844e-03,3.1926,3.3133,0,1,144,1161,67,96
836,1324,2160,0.387037,0.906,5.842384e+02,3.060626e-03,3.2211,3.3432,0,9,13,1160,67,96
837,1323,2160,0.3875,0.906,5.891873e+02,4.545427e-03,3.2273,3.3534,0,0,194,1159,67,96
838,1322,2160,0.387963,0.905,5.946389e+02,7.687338e-03,3.1964,3.355,0,1,133,1158,67,96
839,1321,2160,0.388426,0.906,6.020857e+02,7.250170e-03,3.2024,3.3376,0,1,182,1157,67,96
840,1320,2160,0.388889,0.906,6.059458e+02,7.537053e-03,3.2067,3.3363,0,1,0,1156,67,96
841,1319,2160,0.389352,0.906,6.128898e+02,2.465505e-03,3.1999,3.3261,0,4,29,1155,67,96
842,1318,2160,0.389815,0.906,6.182222e+02,7.795541e-03,3.1943,3.3395,0,1,20,1154,67,96
843,1317,2160,0.390278,0.906,6.239335e+02,7.546594e-03,3.2013,3.3383,0,1,2,1153,67,96
844,1316,2160,0.390741,0.906,6.314205e+02,3.186470e-03,3.2123,3.3404,0,9,153,1152,67,96
845,1315,2160,0.391204,0.906,6.374528e+02,2.140382e-03,3.2223,3.3446,0,7,12,1151,67,96
846,1314,2160,0.391667,0.906,6.430586e+02,2.627055e-03,3.219,3.3459,0,3,115,1150,67,96
847,1313,2160,0.39213,0.906,6.477268e+02,3.473020e-02,3.1982,3.347,0,5,49,1149,67,96
848,1312,2160,0.392593,0.906,6.735384e+02,8.187592e-03,3.197,3.3458,0,1,181,1148,67,96
849,1311,2160,0.393056,0.906,6.743592e+02,2.738383e-03,3.2179,3.3457,0,3,9,1147,67,96
850,1310,2160,0.393519,0.906,6.743472e+02,5.066637e-03,3.2319,3.3312,0,0,111,1146,67,96
851,1309,2160,0.393981,0.906,6.791703e+02,5.085913e-03,3.2118,3.3455,0,0,169,1145,67,96
852,1308,2160,0.394444,0.906,6.846169e+02,5.023752e-03,3.2202,3.3323,0,0,57,1144,67,96
853,1307,2160,0.394907,0.906,6.919462e+02,8.441393e-03,3.2019,3.3328,0,1,120,1143,67,96
854,1306,2160,0.39537,0.906,6.999098e+02,7.957443e-03,3.1897,3.3167,0,1,191,1142,67,96
855,1305,2160,0.395833,0.906,7.061733e+02,2.655980e-03,3.201,3.3314,0,4,127,1141,67,96
856,1304,2160,0.396296,0.906,7.126990e+02,3.383182e-03,3.2036,3.3462,0,9,9,1140,67,96
857,1303,2160,0.396759,0.906,7.155032e+02,3.424003e-03,3.2247,3.3559,0,9,141,1139,67,96
858,1302,2160,0.397222,0.906,7.214455e+02,2.306144e-03,3.2025,3.3581,0,7,167,1138,67,96
859,1301,2160,0.397685,0.906,7.280292e+02,8.390330e-03,3.2007,3.3354,0,1,156,1137,67,96
860,1300,2160,0.398148,0.906,7.349145e+02,2.503532e-03,3.1876,3.3236,0,6,184,1136,67,96
861,1299,2160,0.398611,0.906,7.391469e+02,3.493393e-03,3.1993,3.3413,0,9,17,1135,67,96
862,1298,2160,0.399074,0.906,7.457202e+02,3.534702e-03,3.1908,3.3276,0,9,54,1134,67,96
863,1297,2160,0.399537,0.906,7.523039e+02,2.872940e-03,3.197,3.334,0,3,123,1133,67,96
864,1296,2160,0.4,0.906,7.557706e+02,8.848669e-03,3.2069,3.3286,0,1,193,1132,67,96
865,1295,2160,0.400463,0.906,7.593656e+02,3.611833e-03,3.196,3.3258,0,9,0,1131,67,96
866,1294,2160,0.400926,0.906,7.664511e+02,5.401436e-03,3.2157,3.3495,0,0,139,1130,67,96
867,1293,2160,0.401389,0.906,7.757505e+02,9.008717e-03,3.2236,3.3489,0,1,44,1129,67,96
868,1292,2160,0.401852,0.906,7.826618e+02,2.921788e-03,3.2276,3.3328,0,3,113,1128,67,96
869,1291,2160,0.402315,0.906,7.884590e+02,2.905785e-03,3.2249,3.3195,0,4,184,1127,67,96
870,1290,2160,0.402778,0.906,7.923652e+02,2.533027e-03,3.2095,3.3377,0,7,70,1126,67,96
871,1289,2160,0.403241,0.906,7.997007e+02,9.074778e-03,3.1849,3.3333,0,1,164,1125,67,96
872,1288,2160,0.403704,0.906,8.082436e+02,2.930881e-03,3.2016,3.3553,0,4,5,1124,67,96
873,1287,2160,0.404167,0.906,8.156061e+02,3.013865e-03,3.2261,3.3451,0,3,3,1123,67,96
874,1286,2160,0.40463,0.906,8.195443e+02,3.089818e-03,3.2034,3.3443,0,3,42,1122,67,96
875,1285,2160,0.405093,0.906,8.226464e+02,2.458183e-03,3.2169,3.3494,0,7,42,1121,67,96
876,1284,2160,0.405556,0.906,8.285083e+02,3.592177e-03,3.2048,3.332,0,9,5,1120,67,96
877,1283,2160,0.406019,0.906,8.319524e+02,2.466992e-03,3.1984,3.3365,0,6,3,1119,67,96
878,1282,2160,0.406481,0.906,8.357693e+02,3.831926e-03,3.2107,3.344,0,9,167,1118,67,96
879,1281,2160,0.406944,0.906,8.440537e+02,3.053506e-03,3.2488,3.3529,0,3,185,1117,67,96
880,1280,2160,0.407407,0.906,8.487369e+02,2.119756e-02,3.2464,3.3532,0,5,147,1116,67,96
881,1279,2160,0.40787,0.906,8.488677e+02,3.611516e-02,3.1996,3.3396,0,5,144,1115,67,96
882,1278,2160,0.408333,0.906,8.584923e+02,5.811922e-03,3.2006,3.3319,0,0,140,1114,67,96
883,1277,2160,0.408796,0.906,8.674317e+02,2.866851e-03,3.1984,3.3398,0,6,16,1113,67,96
884,1276,2160,0.409259,0.906,8.722339e+02,3.108539e-03,3.193,3.3361,0,4,0,1112,67,96
885,1275,2160,0.409722,0.906,8.787936e+02,5.961256e-03,3.1957,3.3186,0,0,160,1111,67,96
886,1274,2160,0.410185,0.905,8.881537e+02,9.805278e-03,3.1991,3.3366,0,1,98,1110,67,96
887,1273,2160,0.410648,0.905,9.011751e+02,9.330570e-03,3.2008,3.3588,0,1,3,1109,67,96
888,1272,2160,0.411111,0.905,9.096041e+02,6.108933e-03,3.1944,3.3344,0,0,158,1108,67,96
889,1271,2160,0.411574,0.906,9.228264e+02,9.741534e-03,3.2053,3.3388,0,1,52,1107,67,96
890,1270,2160,0.412037,0.906,9.349762e+02,1.009600e-02,3.2363,3.3379,0,1,129,1106,67,96
891,1269,2160,0.4125,0.906,9.474739e+02,1.020660e-02,3.2,3.3267,0,1,173,1105,67,96
892,1268,2160,0.412963,0.906,9.559924e+02,9.715319e-03,3.2144,3.333,0,1,126,1104,67,96
893,1267,2160,0.413426,0.906,9.683675e+02,1.020415e-02,3.2244,3.3345,0,1,27,1103,67,96
894,1266,2160,0.413889,0.906,9.811647e+02,9.862242e-03,3.2249,3.3285,0,1,111,1102,67,96
895,1265,2160,0.414352,0.906,9.920799e+02,3.216953e-03,3.2029,3.3546,0,4,96,1101,67,96
896,1264,2160,0.414815,0.906,1.002781e+03,3.240643e-03,3.2041,3.346,0,3,5,1100,67,96
897,1263,2160,0.415278,0.906,1.007434e+03,6.291547e-03,3.2126,3.334,0,0,18,1099,67,96
898,1262,2160,0.415741,0.906,1.018153e+03,1.067031e-02,3.2006,3.3191,0,1,64,1098,67,96
899,1261,2160,0.416204,0.906,1.028896e+03,6.318743e-03,3.181,3.3331,0,0,174,1097,67,96
900,1260,2160,0.416667,0.907,1.041807e+03,3.315843e-03,3.2052,3.3551,0,3,154,1096,67,96
901,1259,2160,0.41713,0.907,1.048373e+03,2.742607e-02,3.2202,3.3227,2,1,5,1096,67,95
902,1258,2160,0.417593,0.907,1.082896e+03,1.064984e-02,3.1852,3.3454,0,1,185,1095,67,95
903,1257,2160,0.418056,0.905,1.089135e+03,3.340396e-03,3.1938,3.3361,0,4,143,1094,67,95
904,1256,2160,0.418519,0.907,1.097752e+03,3.352956e-03,3.2024,3.3338,0,4,167,1093,67,95
905,1255,2160,0.418981,0.908,1.109597e+03,1.037301e-02,3.2001,3.3391,0,1,143,1092,67,95
906,1254,2160,0.419444,0.907,1.122387e+03,6.354047e-03,3.1941,3.3378,0,0,15,1091,67,95
907,1253,2160,0.419907,0.907,1.135849e+03,4.346114e-03,3.2153,3.3439,0,9,28,1090,67,95
908,1252,2160,0.42037,0.906,1.147642e+03,1.074625e-02,3.1979,3.3381,0,1,187,1089,67,95
909,1251,2160,0.420833,0.908,1.160143e+03,6.442877e-03,3.2001,3.3461,0,0,168,1088,67,95
910,1250,2160,0.421296,0.906,1.174060e+03,6.355618e-03,3.1916,3.3472,0,0,25,1087,67,95
911,1249,2160,0.421759,0.907,1.187707e+03,6.536073e-03,3.1947,3.3537,0,0,7,1086,67,95
912,1248,2160,0.422222,0.906,1.201982e+03,6.409020e-03,3.237,3.3483,0,0,99,1085,67,95
913,1247,2160,0.422685,0.907,1.215586e+03,2.182182e-02,3.1854,3.3461,0,5,133,1084,67,95
914,1246,2160,0.423148,0.906,1.218693e+03,7.519330e-02,3.2278,3.3411,1,3,5,1084,66,95
915,1245,2160,0.423611,0.905,1.234900e+03,4.348921e-02,3.201,3.3512,0,5,130,1083,66,95
916,1244,2160,0.424074,0.904,1.225712e+03,2.932085e-02,3.2031,3.3419,0,5,132,1082,66,95
917,1243,2160,0.424537,0.904,1.218703e+03,3.469666e-03,3.1885,3.3362,0,3,25,1081,66,95
918,1242,2160,0.425,0.904,1.221540e+03,2.996270e-03,3.1859,3.348,0,7,21,1080,66,95
919,1241,2160,0.425463,0.904,1.229251e+03,1.043968e-02,3.1944,3.325,0,1,25,1079,66,95
920,1240,2160,0.425926,0.906,1.237172e+03,2.981955e-03,3.1948,3.3369,0,7,171,1078,66,95
921,1239,2160,0.426389,0.906,1.247264e+03,3.460207e-03,3.1754,3.3388,0,4,123,1077,66,95
922,1238,2160,0.426852,0.906,1.260591e+03,1.104214e-02,3.2065,3.3435,0,1,150,1076,66,95
923,1237,2160,0.427315,0.905,1.272441e+03,6.646004e-03,3.2139,3.3236,0,0,13,1075,66,95
924,1236,2160,0.427778,0.906,1.287296e+03,1.089838e-02,3.2093,3.3394,0,1,35,1074,66,95
925,1235,2160,0.428241,0.905,1.296550e+03,3.636446e-03,3.1875,3.344,0,3,109,1073,66,95
926,1234,2160,0.428704,0.905,1.303970e+03,6.768127e-03,3.2503,3.3587,0,0,2,1072,66,95
927,1233,2160,0.429167,0.906,1.317582e+03,3.585116e-03,3.2006,3.3306,0,4,157,1071,66,95
928,1232,2160,0.42963,0.905,1.329102e+03,6.872122e-03,3.19,3.3338,0,0,63,1070,66,95
929,1231,2160,0.430093,0.905,1.342789e+03,6.785180e-03,3.2058,3.3521,0,0,173,1069,66,95
930,1230,2160,0.430556,0.906,1.355874e+03,6.735059e-03,3.2009,3.3433,0,0,4,1068,66,95
931,1229,2160,0.431019,0.906,1.371084e+03,1.148470e-02,3.205,3.3499,0,1,18,1067,66,95
932,1228,2160,0.431481,0.904,1.382680e+03,3.031330e-03,3.1971,3.3357,0,7,10,1066,66,95
933,1227,2160,0.431944,0.904,1.398296e+03,1.201162e-02,3.2164,3.3552,0,1,177,1065,66,95
934,1226,2160,0.432407,0.905,1.409432e+03,4.668197e-03,3.1875,3.361,0,9,69,1064,66,95
935,1225,2160,0.43287,0.905,1.423449e+03,7.200888e-03,3.1902,3.3429,0,0,69,1063,66,95
936,1224,2160,0.433333,0.904,1.439579e+03,7.031510e-03,3.2124,3.3432,0,0,180,1062,66,95
937,1223,2160,0.433796,0.905,1.453763e+03,7.097323e-03,3.2097,3.3259,0,0,156,1061,66,95
938,1222,2160,0.434259,0.904,1.471233e+03,7.183464e-03,3.1955,3.3331,0,0,150,1060,66,95
939,1221,2160,0.434722,0.904,1.487911e+03,3.877277e-03,3.1956,3.351,0,3,41,1059,66,95
940,1220,2160,0.435185,0.904,1.496964e+03,7.356240e-03,3.1981,3.3469,0,0,166,1058,66,95
941,1219,2160,0.435648,0.904,1.511871e+03,3.951964e-03,3.1967,3.3543,0,3,168,1057,66,95
942,1218,2160,0.436111,0.904,1.518739e+03,3.541312e-03,3.2175,3.3507,0,6,83,1056,66,95
943,1217,2160,0.436574,0.904,1.525539e+03,3.953469e-03,3.217,3.3421,0,4,179,1055,66,95
944,1216,2160,0.437037,0.904,1.535808e+03,4.927550e-03,3.1855,3.3505,0,9,101,1054,66,95
945,1215,2160,0.4375,0.904,1.547291e+03,1.270919e-02,3.2258,3.3332,0,1,168,1053,66,95
946,1214,2160,0.437963,0.906,1.556868e+03,1.199479e-02,3.2209,3.3518,0,1,118,1052,66,95
947,1213,2160,0.438426,0.906,1.571114e+03,7.535400e-03,3.2212,3.328,0,0,176,1051,66,95
948,1212,2160,0.438889,0.906,1.590024e+03,4.997962e-03,3.2306,3.3303,0,9,6,1050,66,95
949,1211,2160,0.439352,0.906,1.606604e+03,3.605422e-03,3.2085,3.311,0,6,186,1049,66,95
950,1210,2160,0.439815,0.906,1.615202e+03,1.250583e-02,3.2205,3.3225,0,1,45,1048,66,95
951,1209,2160,0.440278,0.906,1.624897e+03,1.260052e-02,3.2157,3.3471,0,1,166,1047,66,95
952,1208,2160,0.440741,0.907,1.636165e+03,3.975985e-03,3.1862,3.3569,0,4,1,1046,66,95
953,1207,2160,0.441204,0.906,1.652493e+03,5.043873e-03,3.2158,3.3351,0,9,120,1045,66,95
954,1206,2160,0.441667,0.907,1.665620e+03,5.086371e-03,3.2011,3.3245,0,9,172,1044,66,95
955,1205,2160,0.44213,0.907,1.676966e+03,3.709372e-03,3.2266,3.3317,0,6,106,1043,66,95
956,1204,2160,0.442593,0.905,1.682964e+03,7.804418e-03,3.2377,3.3394,0,0,52,1042,66,95
957,1203,2160,0.443056,0.906,1.696726e+03,5.141970e-03,3.1887,3.3409,0,9,157,1041,66,95
958,1202,2160,0.443519,0.906,1.712323e+03,4.082605e-03,3.2162,3.335,0,4,142,1040,66,95
959,1201,2160,0.443981,0.906,1.725102e+03,1.342292e-02,3.1962,3.3543,0,1,141,1039,66,95
960,1200,2160,0.444444,0.908,1.742428e+03,3.692858e-03,3.1824,3.3466,0,6,52,1038,66,95
961,1199,2160,0.444907,0.907,1.745712e+03,7.779158e-03,3.205,3.3742,0,0,41,1037,66,95
962,1198,2160,0.44537,0.907,1.760450e+03,3.614753e-03,3.2159,3.3367,0,3,52,1036,66,95
963,1197,2160,0.445833,0.908,1.754916e+03,1.277926e-02,3.2328,3.3459,0,1,16,1035,66,95
964,1196,2160,0.446296,0.905,1.768342e+03,4.160580e-03,3.1957,3.3509,0,4,84,1034,66,95
965,1195,2160,0.446759,0.905,1.783047e+03,1.268313e-02,3.2032,3.3431,0,1,189,1033,66,95
966,1194,2160,0.447222,0.904,1.800233e+03,3.806489e-03,3.2184,3.3316,0,6,59,1032,66,95
967,1193,2160,0.447685,0.905,1.810506e+03,3.772782e-03,3.1972,3.3206,0,6,4,1031,66,95
968,1192,2160,0.448148,0.904,1.819303e+03,3.300707e-03,3.2095,3.3456,0,3,4,1030,66,95
969,1191,2160,0.448611,0.905,1.804527e+03,7.977220e-03,3.2069,3.3484,0,0,112,1029,66,95
970,1190,2160,0.449074,0.904,1.828784e+03,8.095793e-03,3.195,3.3363,0,0,70,1028,66,95
971,1189,2160,0.449537,0.905,1.850069e+03,5.313194e-03,3.1823,3.3394,0,9,186,1027,66,95
972,1188,2160,0.45,0.905,1.866753e+03,7.972227e-03,3.1791,3.3593,0,0,1,1026,66,95
973,1187,2160,0.450463,0.905,1.885794e+03,4.271261e-03,3.2147,3.3498,0,3,100,1025,66,95
974,1186,2160,0.450926,0.906,1.894810e+03,5.340753e-03,3.2414,3.3462,0,9,45,1024,66,95
975,1185,2160,0.451389,0.906,1.912821e+03,1.359552e-02,3.2065,3.3194,0,1,137,1023,66,95
976,1184,2160,0.451852,0.908,1.932507e+03,8.099220e-03,3.2192,3.3311,0,0,105,1022,66,95
977,1183,2160,0.452315,0.907,1.952385e+03,1.421127e-02,3.2082,3.3423,0,1,41,1021,66,95
978,1182,2160,0.452778,0.907,1.969738e+03,8.228949e-03,3.2066,3.3413,0,0,39,1020,66,95
979,1181,2160,0.453241,0.907,1.992864e+03,5.469872e-03,3.1973,3.336,0,9,163,1019,66,95
980,1180,2160,0.453704,0.906,2.013130e+03,8.520034e-03,3.1997,3.3249,0,0,164,1018,66,95
981,1179,2160,0.454167,0.906,2.034410e+03,1.384877e-02,3.1898,3.3415,0,1,163,1017,66,95
982,1178,2160,0.45463,0.907,2.058739e+03,5.548101e-03,3.1754,3.3487,0,9,106,1016,66,95
983,1177,2160,0.455093,0.905,2.073891e+03,4.451503e-03,3.2002,3.3341,0,3,11,1015,66,95
984,1176,2160,0.455556,0.905,2.084604e+03,4.540820e-03,3.2046,3.3462,0,3,34,1014,66,95
985,1175,2160,0.456019,0.904,2.089424e+03,3.904876e-03,3.1983,3.352,0,7,119,1013,66,95
986,1174,2160,0.456481,0.904,2.100345e+03,5.624643e-03,3.2041,3.3407,0,9,57,1012,66,95
987,1173,2160,0.456944,0.903,2.116292e+03,3.666987e-03,3.2091,3.34,1,3,0,1012,65,95
988,1172,2160,0.457407,0.903,2.109378e+03,1.445051e-02,3.2378,3.3403,0,1,192,1011,65,95
989,1171,2160,0.45787,0.905,2.125425e+03,1.374140e-02,3.2273,3.3281,0,1,169,1010,65,95
990,1170,2160,0.458333,0.903,2.140580e+03,3.856739e-03,3.2404,3.3336,0,7,183,1009,65,95
991,1169,2160,0.458796,0.904,2.160147e+03,8.764650e-03,3.1911,3.3355,0,0,137,1008,65,95
992,1168,2160,0.459259,0.904,2.180070e+03,8.665246e-03,3.2023,3.3494,0,0,167,1007,65,95
993,1167,2160,0.459722,0.904,2.204974e+03,4.384513e-03,3.1958,3.3489,0,4,57,1006,65,95
994,1166,2160,0.460185,0.905,2.220283e+03,4.488309e-03,3.2016,3.3615,0,4,183,1005,65,95
995,1165,2160,0.460648,0.905,2.236549e+03,4.494161e-03,3.1955,3.3498,0,3,183,1004,65,95
996,1164,2160,0.461111,0.905,2.236099e+03,4.561537e-03,3.1961,3.3385,0,4,158,1003,65,95
997,1163,2160,0.461574,0.904,2.252777e+03,8.504709e-03,3.2041,3.3334,0,0,94,1002,65,95
998,1162,2160,0.462037,0.905,2.271211e+03,8.811163e-03,3.2159,3.3474,0,0,0,1001,65,95
999,1161,2160,0.4625,0.904,2.296054e+03,4.638457e-03,3.2522,3.3454,0,3,192,1000,65,95
1000,1160,2160,0.462963,0.904,2.307557e+03,3.971227e-03,3.2076,3.3438,0,7,99,999,65,95
1001,1159,2160,0.463426,0.904,2.325229e+03,4.652833e-03,3.2182,3.3489,0,4,144,998,65,95
1002,1158,2160,0.463889,0.904,2.340075e+03,4.641945e-03,3.2249,3.3373,0,3,73,997,65,95
1003,1157,2160,0.464352,0.904,2.348108e+03,1.444725e-02,3.2308,3.3444,0,1,49,996,65,95
1004,1156,2160,0.464815,0.902,2.361836e+03,3.758265e-03,3.218,3.363,2,8,7,996,65,94
1005,1155,2160,0.465278,0.903,2.358544e+03,4.309465e-03,3.1982,3.328,0,6,50,995,65,94
1006,1154,2160,0.465741,0.902,2.367248e+03,1.539417e-02,3.2054,3.3321,0,1,40,994,65,94
1007,1153,2160,0.466204,0.904,2.387361e+03,1.473175e-02,3.2,3.3358,0,1,80,993,65,94
1008,1152,2160,0.466667,0.903,2.406623e+03,4.289647e-03,3.2023,3.3548,0,6,159,992,65,94
1009,1151,2160,0.46713,0.903,2.418406e+03,9.105662e-03,3.1931,3.3539,0,0,193,991,65,94
1010,1150,2160,0.467593,0.902,2.442136e+03,4.109418e-03,3.1971,3.3563,1,2,6,991,64,94
1011,1149,2160,0.468056,0.902,2.434316e+03,4.001811e-03,3.1843,3.3346,0,7,7,990,64,94
1012,1148,2160,0.468519,0.903,2.460656e+03,5.960748e-03,3.2105,3.3309,0,9,126,989,64,94
1013,1147,2160,0.468981,0.903,2.483772e+03,4.608028e-03,3.2293,3.3279,0,3,159,988,64,94
1014,1146,2160,0.469444,0.903,2.490113e+03,4.819794e-03,3.1939,3.3504,0,3,108,987,64,94
1015,1145,2160,0.469907,0.903,2.497396e+03,1.614289e-02,3.2081,3.3421,0,1,32,986,64,94
1016,1144,2160,0.47037,0.904,2.518572e+03,1.497829e-02,3.2234,3.3417,0,1,81,985,64,94
1017,1143,2160,0.470833,0.904,2.537292e+03,4.799845e-03,3.1987,3.347,0,4,164,984,64,94
1018,1142,2160,0.471296,0.904,2.553517e+03,9.123401e-03,3.1844,3.3311,0,0,23,983,64,94
1019,1141,2160,0.471759,0.904,2.577837e+03,4.825335e-03,3.1738,3.3349,0,4,166,982,64,94
1020,1140,2160,0.472222,0.904,2.594797e+03,4.889915e-03,3.2047,3.3278,0,4,71,981,64,94
1021,1139,2160,0.472685,0.904,2.610536e+03,1.472697e-02,3.2151,3.3387,0,1,175,980,64,94
1022,1138,2160,0.473148,0.905,2.623763e+03,1.584242e-02,3.2027,3.3481,0,1,97,979,64,94
1023,1137,2160,0.473611,0.904,2.646606e+03,4.209795e-03,3.2049,3.3346,0,7,181,978,64,94
1024,1136,2160,0.474074,0.904,2.670737e+03,6.181572e-03,3.2163,3.3263,0,9,87,977,64,94
1025,1135,2160,0.474537,0.904,2.688846e+03,4.987242e-03,3.195,3.3317,0,4,128,976,64,94
1026,1134,2160,0.475,0.904,2.701863e+03,3.776258e-03,3.2258,3.348,2,5,2,976,64,93
1027,1133,2160,0.475463,0.904,2.688704e+03,9.488539e-03,3.2155,3.3354,0,0,59,975,64,93
1028,1132,2160,0.475926,0.904,2.712107e+03,6.180464e-03,3.1904,3.3018,0,9,113,974,64,93
1029,1131,2160,0.476389,0.904,2.737170e+03,4.917212e-03,3.1922,3.3449,0,3,10,973,64,93
1030,1130,2160,0.476852,0.904,2.760856e+03,1.549389e-02,3.1814,3.3382,0,1,106,972,64,93
1031,1129,2160,0.477315,0.902,2.782262e+03,1.651028e-02,3.2051,3.3373,0,1,93,971,64,93
1032,1128,2160,0.477778,0.904,2.813736e+03,1.553480e-02,3.2203,3.3291,0,1,146,970,64,93
1033,1127,2160,0.478241,0.904,2.836967e+03,6.327877e-03,3.2211,3.3272,0,9,181,969,64,93
1034,1126,2160,0.478704,0.904,2.856987e+03,9.708406e-03,3.2059,3.3383,0,0,155,968,64,93
1035,1125,2160,0.479167,0.903,2.885216e+03,5.063715e-03,3.2392,3.342,0,4,111,967,64,93
1036,1124,2160,0.47963,0.904,2.909439e+03,9.624591e-03,3.2151,3.3358,0,0,159,966,64,93
1037,1123,2160,0.480093,0.901,2.936055e+03,6.326769e-03,3.2405,3.3357,0,9,14,965,64,93
1038,1122,2160,0.480556,0.901,2.967105e+03,4.686328e-03,3.2051,3.3413,0,6,94,964,64,93
1039,1121,2160,0.481019,0.901,2.980580e+03,9.849315e-03,3.1999,3.3381,0,0,67,963,64,93
1040,1120,2160,0.481481,0.901,3.001730e+03,1.572286e-02,3.1984,3.3254,0,1,165,962,64,93
1041,1119,2160,0.481944,0.901,3.026190e+03,5.149969e-03,3.1989,3.3428,0,3,6,961,64,93
1042,1118,2160,0.482407,0.9,3.042082e+03,5.248499e-03,3.2018,3.3344,0,4,119,960,64,93
1043,1117,2160,0.48287,0.899,3.056700e+03,4.763920e-03,3.2191,3.3498,0,6,56,959,64,93
1044,1116,2160,0.483333,0.899,3.066498e+03,5.221338e-03,3.2127,3.3608,0,3,111,958,64,93
1045,1115,2160,0.483796,0.898,3.069018e+03,1.705692e-02,3.2,3.3553,0,1,142,957,64,93
1046,1114,2160,0.484259,0.899,3.090661e+03,1.656280e-02,3.2053,3.3266,0,1,158,956,64,93
1047,1113,2160,0.484722,0.899,3.108964e+03,5.217460e-03,3.2263,3.3232,0,3,61,955,64,93
1048,1112,2160,0.485185,0.9,3.121430e+03,1.681322e-02,3.2283,3.3401,0,1,148,954,64,93
1049,1111,2160,0.485648,0.901,3.142241e+03,5.190150e-03,3.1952,3.3573,0,4,6,953,64,93
1050,1110,2160,0.486111,0.9,3.172968e+03,5.237812e-03,3.2148,3.3294,0,4,28,952,64,93
1051,1109,2160,0.486574,0.9,3.200579e+03,4.821054e-03,3.202,3.3484,0,6,40,951,64,93
1052,1108,2160,0.487037,0.9,3.216700e+03,1.758280e-02,3.2163,3.3561,0,1,170,950,64,93
1053,1107,2160,0.4875,0.898,3.241013e+03,4.865635e-03,3.2023,3.341,0,6,153,949,64,93
1054,1106,2160,0.487963,0.897,3.257764e+03,5.304474e-03,3.204,3.3415,0,4,139,948,64,93
1055,1105,2160,0.488426,0.897,3.288089e+03,5.290221e-03,3.2184,3.3484,0,3,150,947,64,93
1056,1104,2160,0.488889,0.897,3.301348e+03,6.676211e-03,3.1846,3.3421,0,9,177,946,64,93
1057,1103,2160,0.489352,0.897,3.324127e+03,1.011761e-02,3.2047,3.3523,0,0,11,945,64,93
1058,1102,2160,0.489815,0.898,3.355362e+03,4.310273e-03,3.2346,3.3277,0,7,177,944,64,93
1059,1101,2160,0.490278,0.899,3.369447e+03,1.027486e-02,3.2321,3.344,0,0,117,943,64,93
1060,1100,2160,0.490741,0.899,3.393237e+03,4.546985e-03,3.1989,3.3385,0,7,88,942,64,93
1061,1099,2160,0.491204,0.9,3.422296e+03,4.593324e-03,3.1898,3.3365,0,7,14,941,64,93
1062,1098,2160,0.491667,0.9,3.450802e+03,6.767373e-03,3.2388,3.346,0,9,8,940,64,93
1063,1097,2160,0.49213,0.9,3.476414e+03,6.837267e-03,3.2083,3.354,0,9,2,939,64,93
1064,1096,2160,0.492593,0.9,3.500896e+03,4.533471e-02,3.2404,3.3376,2,4,5,939,64,92
1065,1095,2160,0.493056,0.9,3.599536e+03,5.023060e-03,3.2003,3.3289,0,4,2,938,64,92
1066,1094,2160,0.493519,0.902,3.588893e+03,4.628694e-03,3.2041,3.3471,0,7,46,937,64,92
1067,1093,2160,0.493981,0.902,3.614605e+03,1.005672e-02,3.1872,3.345,0,0,72,936,64,92
1068,1092,2160,0.494444,0.903,3.638482e+03,5.529615e-03,3.2129,3.3269,0,4,117,935,64,92
1069,1091,2160,0.494907,0.902,3.654296e+03,1.869172e-02,3.2063,3.3368,0,1,84,934,64,92
1070,1090,2160,0.49537,0.901,3.681139e+03,1.752729e-02,3.2031,3.3381,0,1,1,933,64,92
1071,1089,2160,0.495833,0.902,3.701749e+03,1.064130e-02,3.2231,3.3397,0,0,20,932,64,92
1072,1088,2160,0.496296,0.903,3.735999e+03,1.048927e-02,3.2085,3.34,0,0,26,931,64,92
1073,1087,2160,0.496759,0.9,3.767816e+03,5.551629e-03,3.2074,3.3435,0,4,85,930,64,92
1074,1086,2160,0.497222,0.9,3.794229e+03,5.102132e-03,3.201,3.3397,0,6,72,929,64,92
1075,1085,2160,0.497685,0.901,3.798912e+03,1.855072e-02,3.2174,3.3168,0,1,149,928,64,92
1076,1084,2160,0.498148,0.905,3.813274e+03,5.197294e-03,3.2186,3.3385,0,6,170,927,64,92
1077,1083,2160,0.498611,0.905,3.827381e+03,1.065080e-02,3.2474,3.3548,0,0,96,926,64,92
1078,1082,2160,0.499074,0.902,3.856045e+03,6.988377e-03,3.2394,3.3494,0,9,112,925,64,92
1079,1081,2160,0.499537,0.903,3.889618e+03,5.677385e-03,3.2116,3.3578,0,4,53,924,64,92
1080,1080,2160,0.5,0.902,3.920287e+03,5.474935e-03,3.227,3.3346,0,3,177,923,64,92
1081,1079,2160,0.500463,0.903,3.926021e+03,5.762975e-03,3.227,3.3467,0,4,116,922,64,92
1082,1078,2160,0.500926,0.901,3.937582e+03,1.921456e-02,3.2072,3.3433,0,1,108,921,64,92
1083,1077,2160,0.501389,0.899,3.971233e+03,4.894893e-03,3.24,3.344,0,7,29,920,64,92
1084,1076,2160,0.501852,0.899,3.999980e+03,1.088031e-02,3.2705,3.3603,0,0,113,919,64,92
1085,1075,2160,0.502315,0.9,4.037271e+03,5.726976e-03,3.206,3.3404,0,4,8,918,64,92
1086,1074,2160,0.502778,0.9,4.075620e+03,4.850090e-03,3.21,3.3486,0,7,185,917,64,92
1087,1073,2160,0.503241,0.901,4.113104e+03,5.409142e-03,3.192,3.3519,0,6,44,916,64,92
1088,1072,2160,0.503704,0.9,4.137481e+03,5.004280e-03,3.2298,3.353,0,7,84,915,64,92
1089,1071,2160,0.504167,0.901,4.166866e+03,1.887202e-02,3.225,3.3426,0,1,78,914,64,92
1090,1070,2160,0.50463,0.899,4.200127e+03,5.907989e-03,3.2238,3.3354,0,4,154,913,64,92
1091,1069,2160,0.505093,0.898,4.244497e+03,5.828250e-03,3.2055,3.3376,0,3,55,912,64,92
1092,1068,2160,0.505556,0.899,4.277613e+03,5.868583e-03,3.1965,3.33,0,3,194,911,64,92
1093,1067,2160,0.506019,0.898,4.300636e+03,5.281039e-03,3.1967,3.342,0,6,194,910,64,92
1094,1066,2160,0.506481,0.9,4.285994e+03,6.130323e-03,3.2383,3.3458,0,4,76,909,64,92
1095,1065,2160,0.506944,0.9,4.313864e+03,6.123522e-03,3.1894,3.3415,0,3,79,908,64,92
1096,1064,2160,0.507407,0.901,4.327975e+03,2.068266e-02,3.1897,3.3371,0,1,69,907,64,92
1097,1063,2160,0.50787,0.901,4.358144e+03,6.109302e-03,3.2261,3.3407,0,3,27,906,64,92
1098,1062,2160,0.508333,0.902,4.375964e+03,5.223013e-03,3.198,3.3483,0,7,31,905,64,92
1099,1061,2160,0.508796,0.901,4.405710e+03,5.208989e-03,3.1931,3.3508,0,7,22,904,64,92
1100,1060,2160,0.509259,0.9,4.442334e+03,5.268664e-03,3.2333,3.3267,0,7,193,903,64,92
1101,1059,2160,0.509722,0.9,4.479993e+03,1.148151e-02,3.2312,3.3613,0,0,127,902,64,92
1102,1058,2160,0.510185,0.901,4.521106e+03,3.963635e-02,3.2581,3.3475,1,4,1,902,63,92
1103,1057,2160,0.510648,0.906,4.676267e+03,5.832524e-03,3.2072,3.3405,0,6,15,901,63,92
1104,1056,2160,0.511111,0.905,4.692061e+03,6.313506e-03,3.2254,3.3303,0,4,12,900,63,92
1105,1055,2160,0.511574,0.905,4.722435e+03,5.886963e-03,3.2196,3.3503,0,6,122,899,63,92
1106,1054,2160,0.512037,0.904,4.742358e+03,5.725906e-03,3.2291,3.3561,0,6,47,898,63,92
1107,1053,2160,0.5125,0.905,4.772294e+03,6.296916e-03,3.2248,3.3432,0,4,156,897,63,92
1108,1052,2160,0.512963,0.904,4.802531e+03,7.774039e-03,3.2281,3.3476,0,9,12,896,63,92
1109,1051,2160,0.513426,0.903,4.815182e+03,5.234364e-03,3.2343,3.3422,0,7,85,895,63,92
1110,1050,2160,0.513889,0.903,4.857244e+03,1.198397e-02,3.1922,3.3509,0,0,147,894,63,92
1111,1049,2160,0.514352,0.902,4.900637e+03,7.994773e-03,3.1911,3.356,0,9,41,893,63,92
1112,1048,2160,0.514815,0.904,4.938511e+03,2.007649e-02,3.2061,3.3601,0,1,79,892,63,92
1113,1047,2160,0.515278,0.902,4.973158e+03,2.138072e-02,3.1965,3.3423,0,1,121,891,63,92
1114,1046,2160,0.515741,0.902,5.016200e+03,6.552493e-03,3.1885,3.3421,0,3,80,890,63,92
1115,1045,2160,0.516204,0.902,5.035336e+03,7.995054e-03,3.2176,3.3365,0,9,98,889,63,92
1116,1044,2160,0.516667,0.902,5.066145e+03,5.829631e-03,3.2359,3.3362,0,6,25,888,63,92
1117,1043,2160,0.51713,0.901,5.107463e+03,1.204557e-02,3.199,3.3401,0,0,195,887,63,92
1118,1042,2160,0.517593,0.903,5.153555e+03,2.025365e-02,3.19,3.3413,0,1,151,886,63,92
1119,1041,2160,0.518056,0.906,5.195038e+03,2.119806e-02,3.2008,3.3543,0,1,171,885,63,92
1120,1040,2160,0.518519,0.903,5.240371e+03,2.144203e-02,3.1918,3.3642,0,1,92,884,63,92
1121,1039,2160,0.518981,0.904,5.302803e+03,1.986158e-02,3.2155,3.3364,0,1,176,883,63,92
1122,1038,2160,0.519444,0.903,5.334879e+03,1.241898e-02,3.2102,3.324,0,0,163,882,63,92
1123,1037,2160,0.519907,0.904,5.386291e+03,2.088460e-02,3.1969,3.3298,0,1,48,881,63,92
1124,1036,2160,0.52037,0.902,5.428631e+03,2.182153e-02,3.1879,3.3281,0,1,178,880,63,92
1125,1035,2160,0.520833,0.9,5.484785e+03,5.645819e-03,3.189,3.3333,0,7,75,879,63,92
1126,1034,2160,0.521296,0.9,5.527657e+03,6.758850e-03,3.1978,3.3454,0,3,60,878,63,92
1127,1033,2160,0.521759,0.902,5.552012e+03,2.105838e-02,3.1912,3.3575,0,1,145,877,63,92
1128,1032,2160,0.522222,0.9,5.580658e+03,1.289051e-02,3.1933,3.3556,0,0,175,876,63,92
1129,1031,2160,0.522685,0.899,5.630727e+03,6.790718e-03,3.1829,3.3446,0,3,38,875,63,92
1130,1030,2160,0.523148,0.899,5.655274e+03,8.447637e-03,3.1914,3.3343,0,9,1,874,63,92
1131,1029,2160,0.523611,0.899,5.699315e+03,1.292799e-02,3.2337,3.3352,0,0,152,873,63,92
1132,1028,2160,0.524074,0.899,5.748251e+03,6.813102e-03,3.1923,3.3455,0,3,69,872,63,92
1133,1027,2160,0.524537,0.898,5.770299e+03,6.701522e-03,3.1922,3.3312,0,3,86,871,63,92
1134,1026,2160,0.525,0.899,5.776754e+03,6.601756e-03,3.1999,3.3407,0,3,152,870,63,92
1135,1025,2160,0.525463,0.899,5.771845e+03,2.418950e-02,3.1975,3.3459,0,1,77,869,63,92
1136,1024,2160,0.525926,0.901,5.812389e+03,5.765449e-03,3.1956,3.3422,0,7,125,868,63,92
1137,1023,2160,0.526389,0.9,5.859872e+03,1.322806e-02,3.2213,3.3488,0,0,129,867,63,92
1138,1022,2160,0.526852,0.899,5.915510e+03,6.286942e-03,3.2095,3.3479,0,6,9,866,63,92
1139,1021,2160,0.527315,0.899,5.975092e+03,6.909825e-03,3.2067,3.3481,0,3,125,865,63,92
1140,1020,2160,0.527778,0.899,6.004776e+03,2.374773e-02,3.2351,3.338,0,1,82,864,63,92
1141,1019,2160,0.528241,0.899,6.055070e+03,1.327774e-02,3.1957,3.3603,0,0,42,863,63,92
1142,1018,2160,0.528704,0.899,6.114835e+03,7.198786e-03,3.2303,3.3405,0,3,146,862,63,92
1143,1017,2160,0.529167,0.897,6.146590e+03,7.114780e-03,3.192,3.3445,0,3,151,861,63,92
1144,1016,2160,0.52963,0.898,6.166625e+03,6.066428e-03,3.1916,3.3365,0,7,49,860,63,92
1145,1015,2160,0.530093,0.894,6.200001e+03,7.010731e-03,3.2067,3.3201,0,4,163,859,63,92
1146,1014,2160,0.530556,0.895,6.238210e+03,5.986682e-03,3.2186,3.3436,0,7,43,858,63,92
1147,1013,2160,0.531019,0.896,6.284378e+03,7.176759e-03,3.2096,3.3307,0,3,101,857,63,92
1148,1012,2160,0.531481,0.897,6.306381e+03,7.805993e-02,3.2055,3.3513,1,3,1,857,62,92
1149,1011,2160,0.531944,0.891,6.475082e+03,2.231079e-02,3.1988,3.3391,0,1,73,856,62,92
1150,1010,2160,0.532407,0.892,6.502534e+03,2.592463e-02,3.2124,3.3435,0,1,4,855,62,92
1151,1009,2160,0.53287,0.89,6.556449e+03,2.333419e-02,3.2066,3.3455,0,1,72,854,62,92
1152,1008,2160,0.533333,0.89,6.599326e+03,2.423796e-02,3.2199,3.3476,0,1,47,853,62,92
1153,1007,2160,0.533796,0.887,6.621557e+03,2.759269e-02,3.2024,3.3419,0,1,38,852,62,92
1154,1006,2160,0.534259,0.887,6.681751e+03,7.178936e-03,3.2124,3.3497,0,4,15,851,62,92
1155,1005,2160,0.534722,0.887,6.726757e+03,9.012784e-03,3.2004,3.3197,0,9,187,850,62,92
1156,1004,2160,0.535185,0.887,6.765147e+03,2.632833e-02,3.1896,3.3324,0,1,127,849,62,92
1157,1003,2160,0.535648,0.888,6.796803e+03,1.344355e-02,3.1842,3.3511,0,0,100,848,62,92
1158,1002,2160,0.536111,0.889,6.854554e+03,2.413819e-02,3.2101,3.3414,0,1,51,847,62,92
1159,1001,2160,0.536574,0.88,6.904483e+03,1.364882e-02,3.2123,3.3504,0,0,22,846,62,92
1160,1000,2160,0.537037,0.879,6.965118e+03,2.687888e-02,3.1726,3.348,0,1,55,845,62,92
1161,999,2160,0.5375,0.878,7.009201e+03,2.431054e-02,3.1892,3.3488,0,1,124,844,62,92
1162,998,2160,0.537963,0.88,7.052640e+03,7.406468e-03,3.2152,3.3553,0,4,31,843,62,92
1163,997,2160,0.538426,0.88,7.104922e+03,1.400891e-02,3.1883,3.3555,0,0,10,842,62,92
1164,996,2160,0.538889,0.877,7.172233e+03,8.812383e-03,3.2151,3.3447,0,9,31,841,62,92
1165,995,2160,0.539352,0.878,7.177590e+03,1.370850e-02,3.2019,3.3499,0,0,71,840,62,92
1166,994,2160,0.539815,0.879,7.240372e+03,7.494478e-03,3.1859,3.3549,0,4,153,839,62,92
1167,993,2160,0.540278,0.879,7.304711e+03,1.392862e-02,3.2164,3.3531,0,0,116,838,62,92
1168,992,2160,0.540741,0.878,7.356890e+03,7.383415e-03,3.2233,3.3332,0,3,180,837,62,92
1169,991,2160,0.541204,0.878,7.407116e+03,6.956837e-03,3.2286,3.3515,0,6,112,836,62,92
1170,990,2160,0.541667,0.878,7.463318e+03,3.628644e-02,3.1864,3.3293,2,9,6,836,62,91
1171,989,2160,0.54213,0.865,7.635249e+03,7.477925e-03,3.2068,3.3494,0,3,153,835,62,91
1172,988,2160,0.542593,0.866,7.654482e+03,7.114181e-03,3.1873,3.3438,0,6,64,834,62,91
1173,987,2160,0.543056,0.867,7.681727e+03,2.574930e-02,3.2149,3.33,0,1,46,833,62,91
1174,986,2160,0.543519,0.869,7.714886e+03,2.786555e-02,3.2065,3.3314,0,1,100,832,62,91
1175,985,2160,0.543981,0.865,7.773279e+03,7.196459e-03,3.2072,3.3387,0,6,162,831,62,91
1176,984,2160,0.544444,0.866,7.809148e+03,7.871374e-03,3.2131,3.3396,0,3,33,830,62,91
1177,983,2160,0.544907,0.864,7.833299e+03,6.591008e-03,3.2027,3.3405,0,7,28,829,62,91
1178,982,2160,0.54537,0.863,7.881247e+03,1.482207e-02,3.1808,3.3415,0,0,21,828,62,91
1179,981,2160,0.545833,0.864,7.941204e+03,2.533807e-02,3.1976,3.3511,0,1,95,827,62,91
1180,980,2160,0.546296,0.869,7.975535e+03,7.385598e-03,3.2126,3.3411,0,6,193,826,62,91
1181,979,2160,0.546759,0.868,8.027788e+03,8.004255e-03,3.2215,3.3634,0,4,43,825,62,91
1182,978,2160,0.547222,0.868,8.086608e+03,7.365605e-03,3.2008,3.3488,0,3,193,824,62,91
1183,977,2160,0.547685,0.868,8.073083e+03,6.624316e-03,3.1909,3.3546,0,7,184,823,62,91
1184,976,2160,0.548148,0.869,8.147292e+03,7.774972e-03,3.2071,3.3384,0,3,15,822,62,91
1185,975,2160,0.548611,0.867,8.215460e+03,7.958250e-03,3.2093,3.3402,0,3,14,821,62,91
1186,974,2160,0.549074,0.868,8.263099e+03,7.644010e-03,3.2046,3.3519,0,6,63,820,62,91
1187,973,2160,0.549537,0.866,8.291962e+03,6.377896e-03,3.1973,3.353,0,7,15,819,62,91
1188,972,2160,0.55,0.866,8.332496e+03,6.518063e-03,3.1983,3.3285,0,7,26,818,62,91
1189,971,2160,0.550463,0.867,8.397158e+03,8.037306e-03,3.1926,3.3472,0,3,84,817,62,91
1190,970,2160,0.550926,0.867,8.441370e+03,1.482995e-02,3.1856,3.3286,0,0,5,816,62,91
1191,969,2160,0.551389,0.867,8.505218e+03,5.853002e-03,3.2039,2.4223,1,3,3,816,61,91
1192,968,2160,0.551852,0.866,8.511944e+03,8.017371e-03,3.2155,3.3242,0,4,168,815,61,91
1193,967,2160,0.552315,0.867,8.568898e+03,6.711257e-03,3.202,3.3408,0,7,13,814,61,91
1194,966,2160,0.552778,0.869,8.630308e+03,7.402014e-03,3.2075,3.3393,0,6,84,813,61,91
1195,965,2160,0.553241,0.868,8.683771e+03,9.707652e-03,3.1949,3.337,0,9,26,812,61,91
1196,964,2160,0.553704,0.868,8.722109e+03,6.776797e-03,3.2479,3.3493,0,6,26,811,61,91
1197,963,2160,0.554167,0.868,8.757094e+03,3.068481e-02,3.2137,3.3365,0,1,114,810,61,91
1198,962,2160,0.55463,0.863,8.832198e+03,2.534945e-02,3.1862,3.3495,0,1,75,809,61,91
1199,961,2160,0.555093,0.864,8.884732e+03,2.701887e-02,3.1837,3.3417,0,1,65,808,61,91
1200,960,2160,0.555556,0.864,8.935830e+03,2.957315e-02,3.1961,3.3545,0,1,122,807,61,91
1201,959,2160,0.556019,0.86,9.023471e+03,7.464237e-03,3.2197,3.3506,0,6,13,806,61,91
1202,958,2160,0.556481,0.862,9.083908e+03,1.006754e-02,3.1935,3.3549,0,9,166,805,61,91
1203,957,2160,0.556944,0.859,9.159214e+03,7.915110e-03,3.226,3.3152,0,3,13,804,61,91
1204,956,2160,0.557407,0.859,9.163275e+03,7.373291e-03,3.2096,3.3374,0,6,5,803,61,91
1205,955,2160,0.55787,0.861,9.249489e+03,1.528169e-02,3.1855,3.3483,0,0,179,802,61,91
1206,954,2160,0.558333,0.859,9.335528e+03,1.512142e-02,3.1922,3.33,0,0,84,801,61,91
1207,953,2160,0.558796,0.861,9.417946e+03,8.134186e-03,3.1972,3.3387,2,1,1,801,61,90
1208,952,2160,0.559259,0.862,9.415603e+03,1.011312e-02,3.1847,3.3413,0,9,96,800,61,90
1209,951,2160,0.559722,0.861,9.501927e+03,7.705417e-03,3.2085,3.3429,0,6,38,799,61,90
1210,950,2160,0.560185,0.861,9.576693e+03,7.616483e-03,3.1827,3.3304,0,6,11,798,61,90
1211,949,2160,0.560648,0.861,9.645603e+03,1.533680e-02,3.2111,3.3586,0,0,8,797,61,90
1212,948,2160,0.561111,0.861,9.728513e+03,8.552623e-03,3.2162,3.36,0,3,21,796,61,90
1213,947,2160,0.561574,0.861,9.772964e+03,7.868799e-03,3.1936,3.352,0,6,188,795,61,90
1214,946,2160,0.562037,0.861,9.808047e+03,1.042458e-02,3.2162,3.3432,0,9,184,794,61,90
1215,945,2160,0.5625,0.861,9.889749e+03,7.998140e-03,3.1845,3.3271,0,6,71,793,61,90
1216,944,2160,0.562963,0.861,9.938561e+03,7.003962e-03,3.1845,3.3418,0,7,169,792,61,90
1217,943,2160,0.563426,0.861,1.001716e+04,1.535002e-02,3.1971,3.3352,0,0,64,791,61,90
1218,942,2160,0.563889,0.856,1.008615e+04,7.877666e-03,3.1892,3.348,0,6,79,790,61,90
1219,941,2160,0.564352,0.858,1.014887e+04,8.159838e-03,3.191,3.329,0,6,142,789,61,90
1220,940,2160,0.564815,0.857,1.019209e+04,1.587149e-02,3.211,3.3275,0,0,161,788,61,90
1221,939,2160,0.565278,0.856,1.025798e+04,7.911149e-03,3.1878,3.3413,0,6,42,787,61,90
1222,938,2160,0.565741,0.856,1.034198e+04,8.610665e-03,3.2098,3.3436,0,4,95,786,61,90
1223,937,2160,0.566204,0.857,1.040003e+04,7.112584e-03,3.2129,3.3552,0,7,96,785,61,90
1224,936,2160,0.566667,0.858,1.046762e+04,3.435495e-02,3.1878,3.3645,2,1,8,785,61,89
1225,935,2160,0.56713,0.857,1.067088e+04,3.249533e-02,3.1986,3.3388,0,1,115,784,61,89
1226,934,2160,0.567593,0.857,1.072148e+04,8.766749e-03,3.1907,3.3486,0,4,25,783,61,89
1227,933,2160,0.568056,0.855,1.077676e+04,2.805862e-02,3.2031,3.3152,0,1,62,782,61,89
1228,932,2160,0.568519,0.856,1.082950e+04,1.716711e-01,3.1998,3.3439,1,0,1,782,60,89
1229,931,2160,0.568981,0.84,1.105676e+04,3.189875e-02,3.1833,3.3463,0,1,53,781,60,89
1230,930,2160,0.569444,0.84,1.109262e+04,3.439592e-02,3.2378,3.349,0,1,134,780,60,89
1231,929,2160,0.569907,0.841,1.117406e+04,6.816100e-03,3.2005,3.3399,0,7,62,779,60,89
1232,928,2160,0.57037,0.842,1.121008e+04,3.488936e-02,3.1918,3.3372,0,1,37,778,60,89
1233,927,2160,0.570833,0.842,1.131786e+04,8.280795e-03,3.1799,3.3424,0,3,169,777,60,89
1234,926,2160,0.571296,0.842,1.137555e+04,3.125683e-02,3.1794,3.3383,0,1,152,776,60,89
1235,925,2160,0.571759,0.844,1.143870e+04,3.326634e-02,3.1944,3.3483,0,1,58,775,60,89
1236,924,2160,0.572222,0.846,1.154325e+04,8.638376e-03,3.2408,3.3535,0,3,161,774,60,89
1237,923,2160,0.572685,0.842,1.154868e+04,3.416811e-02,3.2038,3.3587,0,1,160,773,60,89
1238,922,2160,0.573148,0.839,1.164788e+04,3.877914e-02,3.1874,3.3592,0,1,39,772,60,89
1239,921,2160,0.573611,0.839,1.171612e+04,8.393178e-03,3.1826,3.338,0,6,187,771,60,89
1240,920,2160,0.574074,0.839,1.176381e+04,7.285143e-03,3.2074,3.3494,0,7,58,770,60,89
1241,919,2160,0.574537,0.839,1.181679e+04,8.251417e-03,3.237,3.3529,0,6,6,769,60,89
1242,918,2160,0.575,0.839,1.191580e+04,7.226630e-03,3.1943,3.3563,0,7,132,768,60,89
1243,917,2160,0.575463,0.84,1.198374e+04,9.345998e-03,3.2123,3.3529,0,3,138,767,60,89
1244,916,2160,0.575926,0.839,1.202361e+04,7.545195e-03,3.213,3.3431,0,7,72,766,60,89
1245,915,2160,0.576389,0.84,1.208359e+04,1.659469e-02,3.1962,3.3477,0,0,29,765,60,89
1246,914,2160,0.576852,0.837,1.216855e+04,8.835472e-03,3.2101,3.3544,0,3,187,764,60,89
1247,913,2160,0.577315,0.835,1.220577e+04,1.628906e-02,3.2293,3.3468,0,0,123,763,60,89
1248,912,2160,0.577778,0.837,1.229944e+04,3.411755e-02,3.2012,3.3629,0,1,159,762,60,89
1249,911,2160,0.578241,0.836,1.236728e+04,1.704095e-02,3.1818,3.3413,0,0,24,761,60,89
1250,910,2160,0.578704,0.834,1.244525e+04,7.528788e-03,3.1899,3.3648,0,7,102,760,60,89
1251,909,2160,0.579167,0.834,1.252308e+04,9.177494e-03,3.1955,3.3593,0,3,144,759,60,89
1252,908,2160,0.57963,0.835,1.257250e+04,9.011129e-03,3.2234,3.3566,0,3,29,758,60,89
1253,907,2160,0.580093,0.833,1.259260e+04,8.637073e-03,3.1986,3.345,0,6,154,757,60,89
1254,906,2160,0.580556,0.833,1.266708e+04,7.487901e-03,3.1928,3.3431,0,6,29,756,60,89
1255,905,2160,0.581019,0.833,1.265679e+04,7.695878e-02,3.1859,3.3548,2,8,5,756,60,88
1256,904,2160,0.581481,0.834,1.298634e+04,1.636623e-02,3.2003,3.3543,0,0,118,755,60,88
1257,903,2160,0.581944,0.832,1.301378e+04,7.660075e-03,3.1888,3.3313,0,7,111,754,60,88
1258,902,2160,0.582407,0.829,1.309001e+04,9.187074e-03,3.2027,3.3152,0,3,120,753,60,88
1259,901,2160,0.58287,0.83,1.311052e+04,7.687105e-03,3.2023,3.3589,0,7,156,752,60,88
1260,900,2160,0.583333,0.828,1.315924e+04,1.689159e-02,3.2325,3.3507,0,0,56,751,60,88
1261,899,2160,0.583796,0.828,1.323771e+04,3.567558e-02,3.2056,3.3546,2,3,5,751,60,87
1262,898,2160,0.584259,0.831,1.338148e+04,9.490955e-03,3.1986,3.3473,0,4,170,750,60,87
1263,897,2160,0.584722,0.83,1.345382e+04,7.693838e-03,3.1927,3.3357,0,7,64,749,60,87
1264,896,2160,0.585185,0.832,1.352342e+04,4.285660e-02,3.2013,3.3537,0,1,91,748,60,87
1265,895,2160,0.585648,0.83,1.361298e+04,1.168014e-02,3.1859,3.3476,0,9,125,747,60,87
1266,894,2160,0.586111,0.83,1.367311e+04,7.913576e-03,3.2025,3.3443,0,7,27,746,60,87
1267,893,2160,0.586574,0.831,1.375546e+04,1.167850e-02,3.1863,3.3479,0,9,4,745,60,87
1268,892,2160,0.587037,0.832,1.383162e+04,9.421144e-03,3.193,3.3605,0,3,70,744,60,87
1269,891,2160,0.5875,0.833,1.386600e+04,8.637337e-03,3.191,3.3271,0,4,4,743,60,87
1270,890,2160,0.587963,0.832,1.384998e+04,7.715617e-03,3.1869,3.3365,0,7,57,742,60,87
1271,889,2160,0.588426,0.831,1.394831e+04,1.777592e-02,3.1982,3.3334,0,0,36,741,60,87
1272,888,2160,0.588889,0.831,1.404699e+04,9.338499e-03,3.2272,3.3575,0,3,7,740,60,87
1273,887,2160,0.589352,0.832,1.417032e+04,9.127855e-03,3.1993,3.3331,0,3,85,739,60,87
1274,886,2160,0.589815,0.831,1.428684e+04,7.901344e-03,3.1951,3.3426,0,7,121,738,60,87
1275,885,2160,0.590278,0.833,1.439781e+04,9.751047e-03,3.1936,3.3536,0,4,55,737,60,87
1276,884,2160,0.590741,0.833,1.452324e+04,2.230465e-02,3.1849,3.3558,2,6,0,737,60,86
1277,883,2160,0.591204,0.832,1.454839e+04,9.346782e-03,3.1994,3.338,0,3,56,736,60,86
1278,882,2160,0.591667,0.831,1.463390e+04,8.132529e-03,3.1883,3.3306,0,7,131,735,60,86
1279,881,2160,0.59213,0.831,1.471760e+04,8.026423e-03,3.1852,3.3419,0,7,170,734,60,86
1280,880,2160,0.592593,0.831,1.479993e+04,1.000574e-02,3.1844,3.341,0,4,19,733,60,86
1281,879,2160,0.593056,0.831,1.486323e+04,9.912854e-03,3.215,3.356,0,3,18,732,60,86
1282,878,2160,0.593519,0.831,1.493515e+04,3.673194e-02,3.2255,3.3563,0,1,109,731,60,86
1283,877,2160,0.593981,0.832,1.501780e+04,4.139240e-02,3.1987,3.3358,0,1,87,730,60,86
1284,876,2160,0.594444,0.831,1.508092e+04,9.870255e-03,3.1881,3.3301,0,3,140,729,60,86
1285,875,2160,0.594907,0.833,1.512643e+04,1.866292e-02,3.1875,3.3429,0,0,32,728,60,86
1286,874,2160,0.59537,0.832,1.523112e+04,9.299856e-03,3.1883,3.3612,0,6,24,727,60,86
1287,873,2160,0.595833,0.833,1.529684e+04,9.134027e-03,3.2202,3.3514,0,6,183,726,60,86
1288,872,2160,0.596296,0.831,1.540929e+04,3.675444e-02,3.238,3.3588,0,1,174,725,60,86
1289,871,2160,0.596759,0.83,1.552857e+04,1.388880e-01,3.193,3.3509,1,8,1,725,59,86
1290,870,2160,0.597222,0.816,1.596483e+04,4.550007e-02,3.1927,3.327,0,1,107,724,59,86
1291,869,2160,0.597685,0.819,1.604904e+04,4.746162e-02,3.182,3.3464,2,1,6,724,59,85
1292,868,2160,0.598148,0.819,1.624415e+04,7.768072e-02,3.1992,3.325,2,9,5,724,59,84
1293,867,2160,0.598611,0.809,1.633778e+04,3.913555e-02,3.2032,3.3274,0,1,61,723,59,84
1294,866,2160,0.599074,0.806,1.638543e+04,3.973554e-02,3.1969,3.3502,0,1,162,722,59,84
1295,865,2160,0.599537,0.809,1.653033e+04,5.050724e-02,3.2057,3.3291,0,1,135,721,59,84
1296,864,2160,0.6,0.81,1.655238e+04,8.370379e-03,3.1877,3.333,0,7,69,720,59,84
1297,863,2160,0.600463,0.81,1.664744e+04,1.018693e-02,3.1956,3.3319,0,3,36,719,59,84
1298,862,2160,0.600926,0.808,1.667570e+04,9.302847e-03,3.2139,3.3483,0,6,167,718,59,84
1299,861,2160,0.601389,0.808,1.678816e+04,1.011554e-02,3.1986,3.3472,0,3,16,717,59,84
1300,860,2160,0.601852,0.808,1.687592e+04,1.919139e-02,3.2086,3.3392,0,0,31,716,59,84
1301,859,2160,0.602315,0.807,1.697611e+04,9.621177e-03,3.1894,3.3445,0,6,182,715,59,84
1302,858,2160,0.602778,0.807,1.705503e+04,9.756872e-03,3.1865,3.3414,0,6,109,714,59,84
1303,857,2160,0.603241,0.806,1.713525e+04,1.049816e-02,3.2105,3.3338,0,4,9,713,59,84
1304,856,2160,0.603704,0.805,1.726400e+04,8.678304e-03,3.2208,3.3398,0,7,86,712,59,84
1305,855,2160,0.604167,0.806,1.734450e+04,5.138277e-02,3.1854,3.3414,0,1,172,711,59,84
1306,854,2160,0.60463,0.805,1.753508e+04,1.977643e-02,3.2122,3.3364,0,0,80,710,59,84
1307,853,2160,0.605093,0.807,1.759139e+04,2.121612e-02,3.1959,3.3502,0,0,146,709,59,84
1308,852,2160,0.605556,0.808,1.770308e+04,4.019413e-02,3.1861,3.3431,0,1,117,708,59,84
1309,851,2160,0.606019,0.805,1.780198e+04,4.948621e-02,3.227,3.3475,0,1,136,707,59,84
1310,850,2160,0.606481,0.803,1.788035e+04,8.802085e-03,3.1883,3.3436,0,7,127,706,59,84
1311,849,2160,0.606944,0.803,1.795638e+04,4.119880e-02,3.1889,3.3304,0,1,110,705,59,84
1312,848,2160,0.607407,0.803,1.803974e+04,5.184098e-02,3.214,3.3491,0,1,86,704,59,84
1313,847,2160,0.60787,0.803,1.804383e+04,8.327326e-03,3.204,3.3311,2,5,1,704,59,83
1314,846,2160,0.608333,0.803,1.801273e+04,1.992487e-02,3.1944,3.3421,0,0,125,703,59,83
1315,845,2160,0.608796,0.808,1.814326e+04,1.028764e-02,3.2076,3.3287,0,3,162,702,59,83
1316,844,2160,0.609259,0.805,1.823705e+04,4.176434e-02,3.2,3.3353,0,1,63,701,59,83
1317,843,2160,0.609722,0.805,1.838708e+04,5.247160e-02,3.1974,3.3358,0,1,33,700,59,83
1318,842,2160,0.610185,0.806,1.844441e+04,1.987580e-02,3.2173,3.3532,0,0,51,699,59,83
1319,841,2160,0.610648,0.809,1.855198e+04,9.755013e-03,3.1961,3.3428,0,6,145,698,59,83
1320,840,2160,0.611111,0.807,1.866527e+04,4.189337e-02,3.2147,3.3282,0,1,161,697,59,83
1321,839,2160,0.611574,0.804,1.879387e+04,5.406748e-02,3.1951,3.3313,0,1,54,696,59,83
1322,838,2160,0.612037,0.806,1.883336e+04,9.805127e-03,3.2104,3.3476,0,6,28,695,59,83
1323,837,2160,0.6125,0.805,1.892318e+04,2.017181e-02,3.1923,3.3436,0,0,50,694,59,83
1324,836,2160,0.612963,0.804,1.900821e+04,2.108960e-02,3.188,3.3262,0,0,19,693,59,83
1325,835,2160,0.613426,0.803,1.913686e+04,9.022016e-03,3.193,3.319,0,3,28,692,59,83
1326,834,2160,0.613889,0.8,1.916196e+04,9.858994e-03,3.1719,3.3436,0,6,158,691,59,83
1327,833,2160,0.614352,0.799,1.924331e+04,8.510575e-03,3.2148,3.349,0,3,158,690,59,83
1328,832,2160,0.614815,0.798,1.920873e+04,8.739830e-03,3.1841,3.3394,0,7,192,689,59,83
1329,831,2160,0.615278,0.797,1.934440e+04,8.896721e-03,3.2026,3.3526,0,7,166,688,59,83
1330,830,2160,0.615741,0.799,1.945468e+04,4.218210e-02,3.1982,3.3428,0,1,130,687,59,83
1331,829,2160,0.616204,0.798,1.960120e+04,4.361732e-02,3.2021,3.3459,0,1,59,686,59,83
1332,828,2160,0.616667,0.795,1.986572e+04,5.445184e-02,3.2029,3.3262,0,1,68,685,59,83
1333,827,2160,0.61713,0.795,1.965229e+04,8.337349e-03,3.1965,3.3503,0,7,138,684,59,83
1334,826,2160,0.617593,0.795,1.977526e+04,1.062907e-02,3.2024,3.346,0,4,3,683,59,83
1335,825,2160,0.618056,0.798,1.989478e+04,2.185688e-02,3.1947,3.3579,0,0,145,682,59,83
1336,824,2160,0.618519,0.797,2.003767e+04,8.865089e-03,3.2229,3.3484,0,7,17,681,59,83
1337,823,2160,0.618981,0.798,2.019760e+04,6.141215e-02,3.2095,3.3253,0,1,128,680,59,83
1338,822,2160,0.619444,0.799,2.046506e+04,2.159522e-02,3.1843,3.3296,0,0,38,679,59,83
1339,821,2160,0.619907,0.797,2.053283e+04,2.128319e-02,3.209,3.3463,0,0,132,678,59,83
1340,820,2160,0.62037,0.797,2.062960e+04,1.319955e-02,3.1909,3.3242,0,9,99,677,59,83
1341,819,2160,0.620833,0.797,2.076827e+04,1.116487e-02,3.1935,3.3318,0,4,136,676,59,83
1342,818,2160,0.621296,0.797,2.087300e+04,2.225684e-02,3.2074,3.34,0,0,143,675,59,83
1343,817,2160,0.621759,0.798,2.100361e+04,1.121566e-02,3.1969,3.3335,0,4,78,674,59,83
1344,816,2160,0.622222,0.8,2.108337e+04,2.116919e-02,3.206,3.3343,0,0,12,673,59,83
1345,815,2160,0.622685,0.8,2.122390e+04,1.026443e-02,3.2183,3.3583,0,6,107,672,59,83
1346,814,2160,0.623148,0.799,2.128203e+04,8.065743e-03,3.1922,3.3416,0,7,107,671,59,83
1347,813,2160,0.623611,0.799,2.130194e+04,2.170795e-02,3.1934,3.346,0,0,49,670,59,83
1348,812,2160,0.624074,0.796,2.139936e+04,9.554381e-03,3.1972,3.3516,0,7,1,669,59,83
1349,811,2160,0.624537,0.797,2.153957e+04,4.512903e-02,3.2122,3.3506,0,1,138,668,59,83
1350,810,2160,0.625,0.799,2.165857e+04,1.460357e-01,3.2224,3.3405,1,7,1,668,58,83
1351,809,2160,0.625463,0.793,2.224618e+04,5.069560e-02,3.1922,3.3391,0,1,74,667,58,83
1352,808,2160,0.625926,0.791,2.249987e+04,8.128131e-02,3.1965,3.3561,0,1,88,666,58,83
1353,807,2160,0.626389,0.792,2.237939e+04,5.366189e-02,3.2156,3.3485,0,1,116,665,58,83
1354,806,2160,0.626852,0.791,2.256139e+04,9.150119e-02,3.2083,3.3473,0,1,102,664,58,83
1355,805,2160,0.627315,0.79,2.266941e+04,9.719028e-03,3.2026,3.3412,0,7,74,663,58,83
1356,804,2160,0.627778,0.791,2.273173e+04,1.064930e-02,3.2457,3.3452,0,6,129,662,58,83
1357,803,2160,0.628241,0.789,2.279009e+04,1.133700e-02,3.1987,3.3507,0,4,89,661,58,83
1358,802,2160,0.628704,0.79,2.287392e+04,1.379083e-02,3.1894,3.3332,0,9,148,660,58,83
1359,801,2160,0.629167,0.791,2.298225e+04,1.157666e-02,3.1869,3.3327,0,3,102,659,58,83
1360,800,2160,0.62963,0.788,2.301620e+04,1.368180e-02,3.1951,3.3299,0,9,29,658,58,83
1361,799,2160,0.630093,0.792,2.316106e+04,1.161854e-02,3.1941,3.3533,0,3,155,657,58,83
1362,798,2160,0.630556,0.792,2.321714e+04,1.013105e-02,3.1966,3.3494,0,4,155,656,58,83
1363,797,2160,0.631019,0.793,2.320904e+04,1.144516e-02,3.19,3.3533,0,4,100,655,58,83
1364,796,2160,0.631481,0.793,2.337171e+04,1.364860e-02,3.2026,3.3232,0,9,127,654,58,83
1365,795,2160,0.631944,0.795,2.352020e+04,1.154876e-02,3.1923,3.3433,0,4,129,653,58,83
1366,794,2160,0.632407,0.795,2.357783e+04,1.130762e-02,3.215,3.3275,0,3,46,652,58,83
1367,793,2160,0.63287,0.796,2.367456e+04,2.220235e-02,3.2287,3.3306,0,0,172,651,58,83
1368,792,2160,0.633333,0.798,2.378422e+04,1.086877e-02,3.2059,3.3223,0,3,129,650,58,83
1369,791,2160,0.633796,0.795,2.382191e+04,2.186477e-02,3.1941,3.3365,0,0,171,649,58,83
1370,790,2160,0.634259,0.798,2.393759e+04,2.272116e-02,3.2144,3.3533,0,0,95,648,58,83
1371,789,2160,0.634722,0.795,2.406837e+04,1.171049e-02,3.1963,3.351,0,4,46,647,58,83
1372,788,2160,0.635185,0.795,2.416754e+04,2.232807e-02,3.1947,3.3545,0,0,47,646,58,83
1373,787,2160,0.635648,0.795,2.428409e+04,1.271887e-02,3.2138,3.3382,0,9,46,645,58,83
1374,786,2160,0.636111,0.793,2.425105e+04,1.379690e-02,3.1924,3.331,0,9,15,644,58,83
1375,785,2160,0.636574,0.794,2.445592e+04,1.193095e-02,3.1976,3.3299,0,4,181,643,58,83
1376,784,2160,0.637037,0.794,2.462650e+04,1.169902e-02,3.1892,3.3145,0,4,101,642,58,83
1377,783,2160,0.6375,0.794,2.478908e+04,1.153510e-02,3.2182,3.3411,0,3,188,641,58,83
1378,782,2160,0.637963,0.794,2.489079e+04,1.183717e-02,3.1991,3.358,0,3,0,640,58,83
1379,781,2160,0.638426,0.794,2.495154e+04,1.217798e-02,3.1978,3.3454,0,4,77,639,58,83
1380,780,2160,0.638889,0.795,2.500730e+04,2.223504e-02,3.186,3.322,0,0,58,638,58,83
1381,779,2160,0.639352,0.798,2.508067e+04,2.354966e-02,3.1865,3.3297,0,0,165,637,58,83
1382,778,2160,0.639815,0.795,2.520847e+04,6.169809e-02,3.2047,3.3413,2,6,6,637,58,82
1383,777,2160,0.640278,0.794,2.557835e+04,1.449514e-02,3.2051,3.3251,0,9,94,636,58,82
1384,776,2160,0.640741,0.795,2.565841e+04,2.648281e-02,3.2013,3.3353,2,1,0,636,58,81
1385,775,2160,0.641204,0.792,2.564858e+04,1.222847e-02,3.1977,3.3349,0,4,103,635,58,81
1386,774,2160,0.641667,0.79,2.568627e+04,1.140302e-02,3.2055,3.3481,0,6,37,634,58,81
1387,773,2160,0.64213,0.791,2.571572e+04,9.412011e-03,3.1987,3.3352,0,3,37,633,58,81
1388,772,2160,0.642593,0.792,2.561428e+04,2.416902e-02,3.2248,3.3377,0,0,141,632,58,81
1389,771,2160,0.643056,0.796,2.575820e+04,4.744807e-03,3.2079,3.332,2,4,3,632,58,80
1390,770,2160,0.643519,0.797,2.570121e+04,1.109144e-02,3.1969,3.3348,0,6,74,631,58,80
1391,769,2160,0.643981,0.794,2.579889e+04,2.550578e-02,3.1863,3.336,0,0,131,630,58,80
1392,768,2160,0.644444,0.795,2.588538e+04,1.229644e-02,3.1895,3.3253,0,4,41,629,58,80
1393,767,2160,0.644907,0.796,2.605235e+04,2.498232e-02,3.2008,3.3387,0,0,3,628,58,80
1394,766,2160,0.64537,0.792,2.624218e+04,1.200588e-02,3.1786,3.3343,0,3,179,627,58,80
1395,765,2160,0.645833,0.791,2.630661e+04,1.212103e-02,3.2011,3.3348,0,3,50,626,58,80
1396,764,2160,0.646296,0.791,2.637909e+04,1.147673e-02,3.2282,3.3431,0,6,191,625,58,80
1397,763,2160,0.646759,0.79,2.645412e+04,1.060505e-02,3.2051,3.3582,0,7,2,624,58,80
1398,762,2160,0.647222,0.792,2.657919e+04,9.695827e-03,3.1933,3.3464,0,6,2,623,58,80
1399,761,2160,0.647685,0.792,2.653831e+04,1.140733e-02,3.1953,3.3509,0,6,181,622,58,80
1400,760,2160,0.648148,0.791,2.665421e+04,1.464571e-02,3.1986,3.3445,0,9,116,621,58,80
1401,759,2160,0.648611,0.791,2.678211e+04,1.120908e-02,3.1979,3.317,0,6,125,620,58,80
1402,758,2160,0.649074,0.791,2.696311e+04,2.458922e-02,3.1884,3.3232,0,0,181,619,58,80
1403,757,2160,0.649537,0.793,2.704988e+04,2.540583e-02,3.1894,3.3512,0,0,138,618,58,80
1404,756,2160,0.65,0.79,2.720547e+04,1.263004e-02,3.1956,3.3403,0,4,97,617,58,80
1405,755,2160,0.650463,0.79,2.734961e+04,1.128681e-02,3.1934,3.3455,0,6,123,616,58,80
1406,754,2160,0.650926,0.792,2.755555e+04,1.482132e-02,3.207,3.3469,0,9,11,615,58,80
1407,753,2160,0.651389,0.792,2.779432e+04,1.086406e-02,3.2301,3.3622,0,7,124,614,58,80
1408,752,2160,0.651852,0.79,2.794110e+04,1.084494e-02,3.213,3.3303,0,7,168,613,58,80
1409,751,2160,0.652315,0.791,2.811220e+04,1.250611e-02,3.24,3.3364,0,3,99,612,58,80
1410,750,2160,0.652778,0.794,2.821557e+04,1.151308e-02,3.2069,3.3351,0,6,12,611,58,80
1411,749,2160,0.653241,0.792,2.841594e+04,1.088638e-02,3.2163,3.3386,0,7,155,610,58,80
1412,748,2160,0.653704,0.791,2.858775e+04,1.092100e-02,3.2232,3.3415,0,7,113,609,58,80
1413,747,2160,0.654167,0.788,2.875230e+04,1.244438e-02,3.2207,3.3384,0,3,195,608,58,80
1414,746,2160,0.65463,0.791,2.892583e+04,5.281805e-03,3.1906,3.3339,1,7,7,608,57,80
1415,745,2160,0.655093,0.792,2.884885e+04,1.507098e-02,3.1883,3.3318,0,9,84,607,57,80
1416,744,2160,0.655556,0.793,2.909978e+04,1.257295e-02,3.2103,3.3322,0,3,191,606,57,80
1417,743,2160,0.656019,0.792,2.928836e+04,1.483760e-02,3.2249,3.3435,0,9,168,605,57,80
1418,742,2160,0.656481,0.789,2.945361e+04,1.289699e-02,3.2088,3.3515,0,3,134,604,57,80
1419,741,2160,0.656944,0.79,2.950107e+04,1.037347e-02,3.1934,3.3463,0,6,168,603,57,80
1420,740,2160,0.657407,0.79,2.956823e+04,1.331110e-02,3.2028,3.3625,0,4,44,602,57,80
1421,739,2160,0.65787,0.789,2.971001e+04,2.695471e-02,3.2023,3.3418,0,0,151,601,57,80
1422,738,2160,0.658333,0.787,2.989316e+04,1.499644e-02,3.1958,3.335,0,9,170,600,57,80
1423,737,2160,0.658796,0.787,3.010902e+04,2.666498e-02,3.179,3.3394,0,0,128,599,57,80
1424,736,2160,0.659259,0.789,3.033589e+04,1.102448e-02,3.2073,3.3301,0,7,158,598,57,80
1425,735,2160,0.659722,0.789,3.060509e+04,4.694631e-02,3.1849,3.3302,1,5,0,598,56,80
1426,734,2160,0.660185,0.787,3.065279e+04,1.291518e-02,3.1917,3.3209,0,3,68,597,56,80
1427,733,2160,0.660648,0.787,3.072488e+04,1.584644e-02,3.2102,3.3334,0,9,38,596,56,80
1428,732,2160,0.661111,0.787,3.089796e+04,1.236181e-02,3.2084,3.3294,0,6,176,595,56,80
1429,731,2160,0.661574,0.787,3.095685e+04,1.246227e-02,3.1982,3.3094,0,6,174,594,56,80
1430,730,2160,0.662037,0.787,3.100555e+04,2.781715e-02,3.1918,3.3344,0,0,144,593,56,80
1431,729,2160,0.6625,0.786,3.121304e+04,1.265408e-02,3.1958,3.3343,0,3,174,592,56,80
1432,728,2160,0.662963,0.782,3.122226e+04,1.581188e-02,3.2062,3.3323,0,9,147,591,56,80
1433,727,2160,0.663426,0.78,3.136687e+04,1.408954e-02,3.1956,3.342,0,4,82,590,56,80
1434,726,2160,0.663889,0.782,3.147424e+04,2.747101e-02,3.2169,3.3394,0,0,178,589,56,80
1435,725,2160,0.664352,0.779,3.166523e+04,1.178755e-02,3.179,3.3491,0,7,19,588,56,80
1436,724,2160,0.664815,0.779,3.182128e+04,1.317427e-02,3.1964,3.3636,2,8,2,588,56,79
1437,723,2160,0.665278,0.775,3.176860e+04,1.138624e-02,3.1968,3.3312,0,7,11,587,56,79
1438,722,2160,0.665741,0.777,3.205631e+04,1.584977e-02,3.2011,3.339,0,9,83,586,56,79
1439,721,2160,0.666204,0.779,3.231823e+04,1.215265e-02,3.203,3.3512,0,6,139,585,56,79
1440,720,2160,0.666667,0.778,3.261586e+04,2.735219e-02,3.2285,3.34,0,0,33,584,56,79
1441,719,2160,0.66713,0.784,3.289279e+04,1.629424e-02,3.187,3.332,0,9,76,583,56,79
1442,718,2160,0.667593,0.783,3.313262e+04,2.871082e-02,3.205,3.3342,0,0,81,582,56,79
1443,717,2160,0.668056,0.779,3.338158e+04,2.780591e-02,3.2311,3.3549,0,0,153,581,56,79
1444,716,2160,0.668519,0.783,3.366213e+04,1.431241e-02,3.2128,3.357,0,4,23,580,56,79
1445,715,2160,0.668981,0.779,3.387810e+04,1.637662e-02,3.2402,3.3343,0,9,93,579,56,79
1446,714,2160,0.669444,0.784,3.401030e+04,1.355639e-02,3.1892,3.343,0,3,30,578,56,79
1447,713,2160,0.669907,0.784,3.412724e+04,1.439482e-02,3.1994,3.3261,0,4,193,577,56,79
1448,712,2160,0.67037,0.785,3.440000e+04,7.782120e-02,3.2027,3.3207,0,1,90,576,56,79
1449,711,2160,0.670833,0.787,3.471180e+04,1.458635e-02,3.2137,3.337,0,4,109,575,56,79
1450,710,2160,0.671296,0.786,3.486136e+04,2.768981e-02,3.2209,3.3458,0,0,44,574,56,79
1451,709,2160,0.671759,0.786,3.502788e+04,1.208362e-02,3.209,3.3389,0,7,83,573,56,79
1452,708,2160,0.672222,0.786,3.522574e+04,2.814787e-02,3.2328,3.3265,0,0,188,572,56,79
1453,707,2160,0.672685,0.785,3.544510e+04,2.776689e-02,3.2174,3.3298,0,0,92,571,56,79
1454,706,2160,0.673148,0.773,3.566043e+04,2.955167e-02,3.2022,3.3488,0,0,62,570,56,79
1455,705,2160,0.673611,0.777,3.590037e+04,1.296582e-02,3.229,3.3323,0,6,23,569,56,79
1456,704,2160,0.674074,0.778,3.595438e+04,1.322812e-02,3.2335,3.3497,0,3,62,568,56,79
1457,703,2160,0.674537,0.774,3.593555e+04,1.219081e-02,3.2219,3.3641,0,6,62,567,56,79
1458,702,2160,0.675,0.777,3.587684e+04,1.656195e-02,3.2257,3.3302,0,9,88,566,56,79
1459,701,2160,0.675463,0.776,3.606582e+04,1.266987e-02,3.2004,3.3376,0,7,87,565,56,79
1460,700,2160,0.675926,0.779,3.622629e+04,1.665064e-02,3.2304,3.3259,0,9,95,564,56,79
1461,699,2160,0.676389,0.778,3.642927e+04,1.473739e-02,3.207,3.3476,0,4,180,563,56,79
1462,698,2160,0.676852,0.778,3.663437e+04,2.951560e-02,3.1861,3.331,0,0,134,562,56,79
1463,697,2160,0.677315,0.773,3.686977e+04,1.199305e-02,3.2114,3.3547,0,7,56,561,56,79
1464,696,2160,0.677778,0.772,3.717332e+04,2.862743e-02,3.1982,3.3603,0,0,45,560,56,79
1465,695,2160,0.678241,0.773,3.745381e+04,1.498815e-02,3.2053,3.3218,0,4,150,559,56,79
1466,694,2160,0.678704,0.773,3.767446e+04,1.701987e-02,3.2233,3.3296,0,9,7,558,56,79
1467,693,2160,0.679167,0.774,3.798891e+04,1.520399e-02,3.2214,3.3496,0,4,16,557,56,79
1468,692,2160,0.67963,0.772,3.831889e+04,1.235951e-02,3.2168,3.3261,0,7,112,556,56,79
1469,691,2160,0.680093,0.771,3.868324e+04,3.100524e-02,3.1961,3.3375,0,0,130,555,56,79
1470,690,2160,0.680556,0.769,3.900505e+04,1.778170e-02,3.19,3.3347,0,9,10,554,56,79
1471,689,2160,0.681019,0.769,3.928130e+04,1.568690e-02,3.1908,3.3289,0,4,70,553,56,79
1472,688,2160,0.681481,0.768,3.959907e+04,3.097548e-02,3.1839,3.3525,0,0,187,552,56,79
1473,687,2160,0.681944,0.763,3.989846e+04,2.938927e-02,3.204,1.5151,0,0,107,551,56,79
1474,686,2160,0.682407,0.758,4.023108e+04,8.602202e-02,3.1868,3.3418,2,5,6,551,56,78
1475,685,2160,0.68287,0.758,4.113494e+04,1.630961e-02,3.2055,3.3247,0,4,165,550,56,78
1476,684,2160,0.683333,0.759,4.121605e+04,1.594987e-02,3.2076,3.3458,0,4,98,549,56,78
1477,683,2160,0.683796,0.756,4.137326e+04,1.166732e-02,3.1911,3.3372,0,3,98,548,56,78
1478,682,2160,0.684259,0.759,4.124072e+04,1.265051e-02,3.2062,3.3168,0,7,3,547,56,78
1479,681,2160,0.684722,0.758,4.160747e+04,1.352115e-02,3.205,3.3368,0,6,70,546,56,78
1480,680,2160,0.685185,0.76,4.199664e+04,1.345273e-02,3.1985,3.3257,0,6,14,545,56,78
1481,679,2160,0.685648,0.758,4.241562e+04,1.334762e-02,3.1927,3.3448,0,6,185,544,56,78
1482,678,2160,0.686111,0.76,4.278685e+04,6.623626e-02,3.2341,3.3406,2,9,8,544,56,77
1483,677,2160,0.686574,0.782,4.358980e+04,1.435687e-02,3.2029,3.3344,0,6,43,543,56,77
1484,676,2160,0.687037,0.78,4.369541e+04,1.567737e-02,3.1841,3.3412,0,4,185,542,56,77
1485,675,2160,0.6875,0.775,4.385171e+04,1.490889e-02,3.1883,3.3402,0,3,19,541,56,77
1486,674,2160,0.687963,0.776,4.397294e+04,1.262369e-02,3.2092,3.357,0,3,43,540,56,77
1487,673,2160,0.688426,0.772,4.397442e+04,1.410310e-02,3.1922,3.3498,0,6,81,539,56,77
1488,672,2160,0.688889,0.773,4.406051e+04,1.377204e-02,3.2265,3.3232,0,3,81,538,56,77
1489,671,2160,0.689352,0.77,4.396703e+04,1.421032e-02,3.2171,3.3487,0,6,133,537,56,77
1490,670,2160,0.689815,0.764,4.408002e+04,1.266061e-02,3.1816,3.3383,0,3,133,536,56,77
1491,669,2160,0.690278,0.768,4.398206e+04,1.592329e-02,3.2138,3.3355,0,4,172,535,56,77
1492,668,2160,0.690741,0.766,4.419654e+04,1.810862e-02,3.2475,3.3448,0,9,32,534,56,77
1493,667,2160,0.691204,0.765,4.437423e+04,1.460048e-02,3.2153,3.348,0,6,110,533,56,77
1494,666,2160,0.691667,0.766,4.443043e+04,1.782195e-02,3.2012,3.3425,0,9,110,532,56,77
1495,665,2160,0.69213,0.765,4.451326e+04,1.330266e-02,3.2078,3.3397,0,7,59,531,56,77
1496,664,2160,0.692593,0.767,4.474540e+04,1.851098e-02,3.1866,3.33,0,9,42,530,56,77
1497,663,2160,0.693056,0.767,4.495197e+04,1.504322e-02,3.1841,3.3408,0,4,42,529,56,77
1498,662,2160,0.693519,0.77,4.479342e+04,1.318627e-02,3.2196,3.3452,0,7,179,528,56,77
1499,661,2160,0.693981,0.768,4.506224e+04,1.344436e-02,3.1905,3.3408,0,7,157,527,56,77
1500,660,2160,0.694444,0.768,4.524823e+04,5.452205e-02,3.1867,3.3475,0,1,132,526,56,77
1501,659,2160,0.694907,0.767,4.554111e+04,7.090705e-02,3.2223,3.3481,0,1,89,525,56,77
1502,658,2160,0.69537,0.765,4.558021e+04,1.365268e-02,3.2466,3.333,0,6,157,524,56,77
1503,657,2160,0.695833,0.766,4.566148e+04,1.859726e-02,3.1809,3.3261,0,9,149,523,56,77
1504,656,2160,0.696296,0.762,4.579101e+04,1.410794e-02,3.2015,3.3254,0,6,179,522,56,77
1505,655,2160,0.696759,0.761,4.600915e+04,1.608968e-02,3.1856,3.3284,0,4,69,521,56,77
1506,654,2160,0.697222,0.761,4.633032e+04,2.592490e-02,3.2063,3.3303,2,5,0,521,56,76
1507,653,2160,0.697685,0.766,4.637420e+04,1.442847e-02,3.2091,3.3624,0,6,58,520,56,76
1508,652,2160,0.698148,0.766,4.650642e+04,1.842582e-02,3.1832,3.3448,0,9,30,519,56,76
1509,651,2160,0.698611,0.769,4.669216e+04,1.822446e-02,3.1993,3.3592,0,9,152,518,56,76
1510,650,2160,0.699074,0.767,4.695562e+04,1.816023e-02,3.2004,3.3672,0,9,56,517,56,76
1511,649,2160,0.699537,0.769,4.731556e+04,1.373222e-02,3.1997,3.3411,0,7,190,516,56,76
1512,648,2160,0.7,0.767,4.754591e+04,1.864142e-02,3.191,3.3445,0,9,114,515,56,76
1513,647,2160,0.700463,0.763,4.772143e+04,1.650074e-02,3.2259,3.3273,0,4,33,514,56,76
1514,646,2160,0.700926,0.766,4.794548e+04,5.425489e-02,3.2048,3.3454,0,1,60,513,56,76
1515,645,2160,0.701389,0.759,4.814770e+04,1.538157e-01,3.1919,3.3397,1,9,1,513,55,76
1516,644,2160,0.701852,0.76,4.860021e+04,7.328941e-02,3.1965,3.3455,0,1,101,512,55,76
1517,643,2160,0.702315,0.761,4.839936e+04,6.835143e-02,3.2317,3.344,0,1,131,511,55,76
1518,642,2160,0.702778,0.76,4.825769e+04,1.488517e-02,3.2424,3.3482,0,4,58,510,55,76
1519,641,2160,0.703241,0.759,4.828030e+04,1.702253e-02,3.2473,3.3395,0,9,33,509,55,76
1520,640,2160,0.703704,0.761,4.837225e+04,1.831014e-02,3.2496,3.3704,0,9,188,508,55,76
1521,639,2160,0.704167,0.759,4.857701e+04,1.589732e-02,3.2506,3.3305,0,4,125,507,55,76
1522,638,2160,0.70463,0.765,4.893526e+04,3.256699e-02,3.2033,3.3445,0,0,114,506,55,76
1523,637,2160,0.705093,0.77,4.924332e+04,1.510133e-02,3.2054,3.3372,0,3,189,505,55,76
1524,636,2160,0.705556,0.769,4.932160e+04,1.183399e-02,3.2415,3.3462,0,7,189,504,55,76
1525,635,2160,0.706019,0.769,4.946020e+04,3.294601e-02,3.232,3.3295,0,0,189,503,55,76
1526,634,2160,0.706481,0.767,4.974064e+04,3.342948e-02,3.2231,3.3703,0,0,75,502,55,76
1527,633,2160,0.706944,0.767,5.008382e+04,1.596054e-02,3.2072,3.3377,0,4,13,501,55,76
1528,632,2160,0.707407,0.764,5.054922e+04,1.316824e-02,3.2309,3.3397,0,7,154,500,55,76
1529,631,2160,0.70787,0.765,5.103011e+04,3.274812e-02,3.2322,3.3481,0,0,88,499,55,76
1530,630,2160,0.708333,0.766,5.147415e+04,1.845486e-02,3.2141,3.3321,0,9,194,498,55,76
1531,629,2160,0.708796,0.765,5.193786e+04,1.475629e-02,3.1982,3.3338,0,6,161,497,55,76
1532,628,2160,0.709259,0.768,5.221942e+04,9.452950e-02,3.2106,3.3394,2,8,6,497,55,75
1533,627,2160,0.709722,0.762,5.311025e+04,3.581589e-02,3.2237,3.3267,0,0,190,496,55,75
1534,626,2160,0.710185,0.759,5.342993e+04,3.542202e-02,3.1984,3.3442,0,0,177,495,55,75
1535,625,2160,0.710648,0.754,5.373854e+04,3.505550e-02,3.1903,3.3276,0,0,66,494,55,75
1536,624,2160,0.711111,0.758,5.412755e+04,1.613455e-02,3.1796,3.336,0,4,17,493,55,75
1537,623,2160,0.711574,0.759,5.457666e+04,1.913369e-02,3.2046,3.3355,0,9,145,492,55,75
1538,622,2160,0.712037,0.754,5.485141e+04,1.917021e-02,3.219,3.3475,0,9,72,491,55,75
1539,621,2160,0.7125,0.759,5.501269e+04,3.598280e-02,3.2308,3.3409,0,0,135,490,55,75
1540,620,2160,0.712963,0.759,5.530236e+04,3.511147e-02,3.2274,3.355,0,0,78,489,55,75
1541,619,2160,0.713426,0.753,5.566343e+04,3.842084e-02,3.2098,3.3381,0,0,68,488,55,75
1542,618,2160,0.713889,0.749,5.602055e+04,1.710309e-02,3.2069,3.3555,0,4,107,487,55,75
1543,617,2160,0.714352,0.749,5.621113e+04,1.592162e-02,3.2295,3.3577,0,6,190,486,55,75
1544,616,2160,0.714815,0.75,5.632493e+04,1.598508e-02,3.2116,3.3492,0,6,45,485,55,75
1545,615,2160,0.715278,0.749,5.638203e+04,1.750052e-02,3.2171,3.3331,0,4,102,484,55,75
1546,614,2160,0.715741,0.744,5.658302e+04,1.393954e-02,3.2057,3.3415,0,7,45,483,55,75
1547,613,2160,0.716204,0.746,5.679587e+04,1.742471e-02,3.2297,3.3381,0,4,171,482,55,75
1548,612,2160,0.716667,0.747,5.694650e+04,1.604903e-02,3.2051,3.355,0,6,126,481,55,75
1549,611,2160,0.71713,0.747,5.711464e+04,1.256627e-02,3.1982,3.3458,0,3,126,480,55,75
1550,610,2160,0.717593,0.744,5.685974e+04,1.457846e-02,3.209,3.3416,0,3,190,479,55,75
1551,609,2160,0.718056,0.746,5.698869e+04,2.012264e-02,3.2027,3.3436,0,9,135,478,55,75
1552,608,2160,0.718519,0.751,5.711806e+04,1.599789e-02,3.2161,3.3331,0,6,108,477,55,75
1553,607,2160,0.718981,0.747,5.730238e+04,1.938357e-02,3.2258,3.3604,1,1,0,477,54,75
1554,606,2160,0.719444,0.745,5.706422e+04,1.963594e-02,3.2308,3.3606,0,9,108,476,54,75
1555,605,2160,0.719907,0.749,5.725012e+04,1.779387e-02,3.1879,3.3506,0,4,68,475,54,75
1556,604,2160,0.72037,0.748,5.746261e+04,1.663465e-02,3.1896,3.3492,0,6,175,474,54,75
1557,603,2160,0.720833,0.748,5.752750e+04,1.435204e-02,3.2249,3.3217,0,3,175,473,54,75
1558,602,2160,0.721296,0.747,5.736313e+04,1.729808e-02,3.2202,3.3385,0,4,132,472,54,75
1559,601,2160,0.721759,0.744,5.762436e+04,3.861138e-02,3.2252,3.3425,0,0,86,471,54,75
1560,600,2160,0.722222,0.735,5.801450e+04,1.716554e-02,3.2268,3.3414,0,4,169,470,54,75
1561,599,2160,0.722685,0.736,5.856435e+04,1.559273e-02,3.2084,3.3548,0,6,111,469,54,75
1562,598,2160,0.723148,0.737,5.914925e+04,3.846254e-02,3.2208,3.3432,0,0,104,468,54,75
1563,597,2160,0.723611,0.728,5.960938e+04,7.997998e-02,3.1982,3.3397,2,6,8,468,54,74
1564,596,2160,0.724074,0.723,6.050564e+04,1.785955e-02,3.2167,3.342,0,4,124,467,54,74
1565,595,2160,0.724537,0.728,6.055283e+04,7.801804e-02,3.2446,3.3386,2,8,8,467,54,73
1566,594,2160,0.725,0.717,6.144937e+04,1.838573e-02,3.2434,3.3216,0,4,20,466,54,73
1567,593,2160,0.725463,0.723,6.139162e+04,1.655050e-02,3.2291,3.3434,0,3,20,465,54,73
1568,592,2160,0.725926,0.724,6.105313e+04,1.692420e-02,3.2543,3.359,0,3,135,464,54,73
1569,591,2160,0.726389,0.726,6.086921e+04,1.789751e-02,3.2317,3.3177,2,2,1,464,54,72
1570,590,2160,0.726852,0.727,6.056209e+04,1.750504e-02,3.2436,3.3193,0,4,108,463,54,72
1571,589,2160,0.727315,0.725,6.093124e+04,1.672938e-02,3.2335,3.3481,0,6,66,462,54,72
1572,588,2160,0.727778,0.724,6.113684e+04,2.064200e-02,3.225,3.3535,0,9,75,461,54,72
1573,587,2160,0.728241,0.725,6.125825e+04,1.690290e-02,3.2414,3.3435,0,6,53,460,54,72
1574,586,2160,0.728704,0.722,6.130016e+04,1.520930e-01,3.2114,3.3495,2,0,5,460,54,71
1575,585,2160,0.729167,0.714,6.283728e+04,1.699373e-02,3.2269,3.3405,0,6,192,459,54,71
1576,584,2160,0.72963,0.716,6.316947e+04,4.002460e-02,3.221,3.3353,0,0,79,458,54,71
1577,583,2160,0.730093,0.713,6.351773e+04,1.567881e-02,3.2347,3.3435,0,7,133,457,54,71
1578,582,2160,0.730556,0.723,6.400951e+04,1.749243e-02,3.2123,3.3309,0,3,96,456,54,71
1579,581,2160,0.731019,0.721,6.426747e+04,1.105454e-02,3.2218,3.3417,2,8,9,456,54,70
1580,580,2160,0.731481,0.723,6.405501e+04,1.845646e-02,3.229,3.3454,0,4,54,455,54,70
1581,579,2160,0.731944,0.721,6.436821e+04,1.545719e-02,3.2577,3.3356,0,6,96,454,54,70
1582,578,2160,0.732407,0.724,6.455035e+04,4.090916e-02,3.2234,3.3443,2,8,0,454,54,69
1583,577,2160,0.73287,0.716,6.478462e+04,4.414440e-02,3.1899,3.3432,0,0,74,453,54,69
1584,576,2160,0.733333,0.717,6.536716e+04,4.059206e-02,3.2311,3.3454,0,0,122,452,54,69
1585,575,2160,0.733796,0.725,6.580984e+04,1.460201e-02,3.221,3.3452,1,2,7,452,53,69
1586,574,2160,0.734259,0.725,6.569081e+04,2.002620e-02,3.2299,3.3443,0,9,97,451,53,69
1587,573,2160,0.734722,0.724,6.627264e+04,1.711474e-02,3.2233,3.3412,0,6,8,450,53,69
1588,572,2160,0.735185,0.722,6.669412e+04,1.211506e-02,3.2063,3.3375,0,7,8,449,53,69
1589,571,2160,0.735648,0.715,6.661356e+04,1.690290e-02,3.2376,3.3285,0,6,27,448,53,69
1590,570,2160,0.736111,0.718,6.717912e+04,1.723796e-02,3.2065,3.3355,0,6,102,447,53,69
1591,569,2160,0.736574,0.714,6.771117e+04,1.997337e-02,3.1989,3.3446,0,9,85,446,53,69
1592,568,2160,0.737037,0.711,6.831647e+04,1.771816e-02,3.2476,3.3335,0,3,186,445,53,69
1593,567,2160,0.7375,0.714,6.857210e+04,1.811653e-02,3.239,3.3486,0,3,35,444,53,69
1594,566,2160,0.737963,0.716,6.867153e+04,1.856694e-02,3.2387,3.3503,0,4,18,443,53,69
1595,565,2160,0.738426,0.719,6.898813e+04,2.015820e-02,3.2198,3.3401,0,9,3,442,53,69
1596,564,2160,0.738889,0.72,6.947583e+04,1.854136e-02,3.2186,3.3477,0,4,21,441,53,69
1597,563,2160,0.739352,0.723,6.979192e+04,1.683070e-02,3.2002,3.3317,0,7,118,440,53,69
1598,562,2160,0.739815,0.722,6.992406e+04,1.807449e-02,3.1901,3.3431,0,6,146,439,53,69
1599,561,2160,0.740278,0.727,7.014494e+04,1.649454e-02,3.2074,3.346,0,7,0,438,53,69
1600,560,2160,0.740741,0.726,7.047990e+04,1.728028e-01,3.2208,3.3425,2,7,5,438,53,68
1601,559,2160,0.741204,0.703,7.217681e+04,2.577407e-02,3.2281,3.3471,1,5,9,438,52,68
1602,558,2160,0.741667,0.71,7.223891e+04,1.107432e-01,3.1821,3.3399,2,5,5,438,52,67
1603,557,2160,0.74213,0.707,7.288558e+04,1.122614e-01,3.2028,3.3367,1,5,3,438,51,67
1604,556,2160,0.742593,0.709,7.259578e+04,1.092345e-01,3.2062,3.3483,1,5,4,438,50,67
1605,555,2160,0.743056,0.709,7.240084e+04,2.216432e-01,3.2378,3.3522,1,5,6,438,49,67
1606,554,2160,0.743519,0.709,7.225828e+04,4.823847e-02,3.2225,3.3345,1,5,7,438,48,67
1607,553,2160,0.743981,0.71,7.214874e+04,1.364160e-02,3.2336,3.3457,0,7,91,437,48,67
1608,552,2160,0.744444,0.709,7.224914e+04,1.650644e-02,3.2232,3.3617,0,3,107,436,48,67
1609,551,2160,0.744907,0.711,7.258288e+04,1.941161e-02,3.1924,3.3454,0,9,158,435,48,67
1610,550,2160,0.74537,0.708,7.314632e+04,4.273778e-02,3.1875,3.3492,0,0,108,434,48,67
1611,549,2160,0.745833,0.714,7.375957e+04,1.750196e-02,3.2159,3.3441,0,6,60,433,48,67
1612,548,2160,0.746296,0.713,7.407865e+04,1.802281e-02,3.212,3.3547,0,3,182,432,48,67
1613,547,2160,0.746759,0.714,7.434458e+04,1.859579e-02,3.1974,3.3367,0,3,160,431,48,67
1614,546,2160,0.747222,0.714,7.433864e+04,1.818586e-02,3.2135,3.3394,0,3,59,430,48,67
1615,545,2160,0.747685,0.713,7.463948e+04,1.621357e-02,3.1968,3.3325,0,7,153,429,48,67
1616,544,2160,0.748148,0.71,7.529042e+04,1.705337e-02,3.2016,3.3351,0,7,105,428,48,67
1617,543,2160,0.748611,0.711,7.556452e+04,1.661365e-02,3.2242,3.3611,0,7,110,427,48,67
1618,542,2160,0.749074,0.713,7.599109e+04,1.620355e-02,3.2357,3.3488,0,7,16,426,48,67
1619,541,2160,0.749537,0.71,7.665093e+04,1.879991e-02,3.2332,3.3465,0,3,116,425,48,67
1620,540,2160,0.75,0.709,7.710530e+04,1.910485e-02,3.2019,3.3489,0,3,40,424,48,67
1621,539,2160,0.750463,0.709,7.732720e+04,1.581295e-02,3.2176,3.3303,0,4,40,423,48,67
1622,538,2160,0.750926,0.704,7.729267e+04,1.762091e-02,3.2238,3.3319,0,6,22,422,48,67
1623,537,2160,0.751389,0.705,7.787732e+04,1.848885e-02,3.2197,3.3499,0,4,26,421,48,67
1624,536,2160,0.751852,0.706,7.866196e+04,1.813262e-02,3.2249,3.3323,0,6,166,420,48,67
1625,535,2160,0.752315,0.707,7.910563e+04,1.621788e-02,3.2205,3.339,0,3,166,419,48,67
1626,534,2160,0.752778,0.709,7.883726e+04,4.689383e-02,3.2151,3.3556,0,0,103,418,48,67
1627,533,2160,0.753241,0.701,7.960604e+04,1.685045e-02,3.2043,3.337,0,7,50,417,48,67
1628,532,2160,0.753704,0.697,8.018981e+04,1.752192e-02,3.2247,3.3443,0,7,120,416,48,67
1629,531,2160,0.754167,0.696,8.057183e+04,1.292904e-01,3.2298,3.3627,2,7,6,416,48,66
1630,530,2160,0.75463,0.69,8.248421e+04,2.010711e-02,3.2073,3.3361,0,4,160,415,48,66
1631,529,2160,0.755093,0.695,8.251155e+04,1.998593e-02,3.2242,3.3376,0,4,36,414,48,66
1632,528,2160,0.755556,0.691,8.263756e+04,4.694881e-02,3.2711,3.365,0,0,48,413,48,66
1633,527,2160,0.756019,0.687,8.301569e+04,4.713919e-02,3.2221,3.3281,0,0,65,412,48,66
1634,526,2160,0.756481,0.682,8.351109e+04,2.515794e-02,3.2083,3.3488,1,9,0,412,47,66
1635,525,2160,0.756944,0.68,8.323277e+04,5.107316e-02,3.2237,3.3463,0,0,82,411,47,66
1636,524,2160,0.757407,0.673,8.400888e+04,1.746376e-02,3.2113,3.3329,0,7,165,410,47,66
1637,523,2160,0.75787,0.675,8.455230e+04,1.990574e-02,3.2377,3.3324,0,4,59,409,47,66
1638,522,2160,0.758333,0.676,8.491180e+04,1.997811e-02,3.2416,3.3276,0,4,38,408,47,66
1639,521,2160,0.758796,0.676,8.547662e+04,1.875151e-02,3.2225,3.291,0,9,59,407,47,66
1640,520,2160,0.759259,0.676,8.542554e+04,1.702370e-02,3.2256,3.3398,0,7,81,406,47,66
1641,519,2160,0.759722,0.677,8.604552e+04,1.895431e-02,3.2094,3.3328,0,6,61,405,47,66
1642,518,2160,0.760185,0.68,8.638882e+04,4.860367e-02,3.2083,3.344,0,0,53,404,47,66
1643,517,2160,0.760648,0.686,8.705695e+04,1.895183e-02,3.204,3.3581,0,6,90,403,47,66
1644,516,2160,0.761111,0.685,8.725383e+04,1.715592e-02,3.2409,3.3413,0,7,38,402,47,66
1645,515,2160,0.761574,0.684,8.804539e+04,2.065529e-02,3.2124,3.3547,0,3,143,401,47,66
1646,514,2160,0.762037,0.683,8.827048e+04,5.450289e-02,3.2321,3.3488,2,5,8,401,47,65
1647,513,2160,0.7625,0.699,8.935548e+04,2.110974e-02,3.2137,3.3508,0,4,148,400,47,65
1648,512,2160,0.762963,0.693,8.970461e+04,2.183016e-02,3.2019,3.34,0,9,37,399,47,65
1649,511,2160,0.763426,0.689,8.994509e+04,1.952257e-02,3.237,3.3346,0,6,177,398,47,65
1650,510,2160,0.763889,0.688,9.048329e+04,9.837070e-03,3.2036,3.3323,1,8,9,398,46,65
1651,509,2160,0.764352,0.685,9.020109e+04,2.062839e-02,3.2084,3.3447,0,9,25,397,46,65
1652,508,2160,0.764815,0.679,9.104816e+04,1.965387e-02,3.2208,3.3477,0,4,37,396,46,65
1653,507,2160,0.765278,0.683,9.146107e+04,5.401441e-02,3.2353,3.3522,0,0,73,395,46,65
1654,506,2160,0.765741,0.681,9.234878e+04,2.048511e-02,3.2446,3.3495,0,4,126,394,46,65
1655,505,2160,0.766204,0.677,9.331806e+04,2.158594e-02,3.2308,3.3278,0,4,162,393,46,65
1656,504,2160,0.766667,0.673,9.379653e+04,1.854107e-02,3.2172,3.3452,0,7,180,392,46,65
1657,503,2160,0.76713,0.671,9.450234e+04,2.203064e-02,3.2376,3.3567,0,3,94,391,46,65
1658,502,2160,0.767593,0.67,9.474774e+04,2.140348e-02,3.2182,3.354,0,6,141,390,46,65
1659,501,2160,0.768056,0.672,9.488687e+04,2.145262e-02,3.226,3.3659,0,3,184,389,46,65
1660,500,2160,0.768519,0.67,9.579022e+04,4.431788e-02,3.2392,3.3482,1,0,0,389,45,65
1661,499,2160,0.768981,0.667,9.578083e+04,1.901042e-02,3.2523,3.3337,0,7,106,388,45,65
1662,498,2160,0.769444,0.669,9.626983e+04,5.532366e-02,3.2043,3.339,0,0,102,387,45,65
1663,497,2160,0.769907,0.663,9.691192e+04,1.903896e-02,3.2251,3.3456,0,7,152,386,45,65
1664,496,2160,0.77037,0.667,9.747740e+04,1.557475e-02,3.2104,3.3373,0,6,152,385,45,65
1665,495,2160,0.770833,0.666,9.717890e+04,1.854048e-02,3.2161,3.3307,0,7,186,384,45,65
1666,494,2160,0.771296,0.668,9.809819e+04,2.210434e-02,3.2156,3.3391,0,4,134,383,45,65
1667,493,2160,0.771759,0.667,9.851492e+04,1.031345e-01,3.2248,3.3224,2,4,8,383,45,64
1668,492,2160,0.772222,0.65,1.002513e+05,1.513796e-01,3.2243,3.3562,2,2,6,383,45,63
1669,491,2160,0.772685,0.641,1.020187e+05,2.264743e-02,3.2426,3.3348,0,3,54,382,45,63
1670,490,2160,0.773148,0.644,1.018426e+05,2.219676e-02,3.213,3.335,0,3,156,381,45,63
1671,489,2160,0.773611,0.642,1.018822e+05,2.264314e-02,3.1992,3.3448,0,9,165,380,45,63
1672,488,2160,0.774074,0.643,1.021006e+05,2.243559e-02,3.2446,3.322,0,9,71,379,45,63
1673,487,2160,0.774537,0.643,1.022674e+05,1.920962e-02,3.2204,3.3459,0,7,55,378,45,63
1674,486,2160,0.775,0.637,1.030528e+05,2.279085e-02,3.2094,3.358,0,3,48,377,45,63
1675,485,2160,0.775463,0.64,1.031000e+05,2.255931e-02,3.2302,3.3646,0,3,51,376,45,63
1676,484,2160,0.775926,0.643,1.032016e+05,1.932821e-02,3.2287,3.3377,0,7,187,375,45,63
1677,483,2160,0.776389,0.644,1.039996e+05,2.254153e-02,3.2603,3.3363,0,4,73,374,45,63
1678,482,2160,0.776852,0.646,1.044234e+05,5.641563e-02,3.2254,3.3397,0,0,115,373,45,63
1679,481,2160,0.777315,0.646,1.051838e+05,2.000272e-02,3.2248,3.3424,0,7,35,372,45,63
1680,480,2160,0.777778,0.647,1.056874e+05,2.165981e-02,3.2196,3.3434,0,3,57,371,45,63
1681,479,2160,0.778241,0.647,1.066798e+05,2.250547e-02,3.2026,3.3404,0,6,103,370,45,63
1682,478,2160,0.778704,0.645,1.068775e+05,6.146552e-02,3.2174,3.3344,0,0,76,369,45,63
1683,477,2160,0.779167,0.648,1.078719e+05,2.262346e-02,3.2394,3.3385,0,3,127,368,45,63
1684,476,2160,0.77963,0.647,1.083777e+05,5.784276e-02,3.2338,3.3544,0,0,46,367,45,63
1685,475,2160,0.780093,0.644,1.089820e+05,1.942217e-01,3.1986,3.3283,2,4,6,367,45,62
1686,474,2160,0.780556,0.639,1.117381e+05,6.158296e-02,3.2306,3.3457,0,0,77,366,45,62
1687,473,2160,0.781019,0.64,1.122049e+05,6.015379e-02,3.1933,3.3465,0,0,91,365,45,62
1688,472,2160,0.781481,0.639,1.126819e+05,6.140852e-02,3.2335,3.3503,0,0,121,364,45,62
1689,471,2160,0.781944,0.635,1.135762e+05,6.401049e-02,3.2146,3.3362,0,0,119,363,45,62
1690,470,2160,0.782407,0.642,1.147544e+05,2.236528e-02,3.2211,3.3533,0,4,195,362,45,62
1691,469,2160,0.78287,0.639,1.159347e+05,2.215869e-02,3.2246,3.3533,0,4,115,361,45,62
1692,468,2160,0.783333,0.64,1.168929e+05,2.316549e-02,3.2134,3.3375,0,3,87,360,45,62
1693,467,2160,0.783796,0.639,1.170468e+05,6.409726e-02,3.2288,3.3471,2,7,0,360,45,61
1694,466,2160,0.784259,0.639,1.171308e+05,2.055067e-02,3.1951,3.3493,0,7,23,359,45,61
1695,465,2160,0.784722,0.643,1.177320e+05,2.090512e-02,3.1958,3.3613,0,6,1,358,45,61
1696,464,2160,0.785185,0.643,1.187311e+05,2.075491e-02,3.2164,3.3298,0,7,36,357,45,61
1697,463,2160,0.785648,0.642,1.192925e+05,2.255029e-02,3.2025,3.3617,0,4,10,356,45,61
1698,462,2160,0.786111,0.647,1.204084e+05,2.255078e-02,3.2177,3.3436,0,3,122,355,45,61
1699,461,2160,0.786574,0.645,1.209229e+05,2.077750e-02,3.2186,3.3348,0,6,99,354,45,61
1700,460,2160,0.787037,0.646,1.220056e+05,2.351757e-02,3.2167,3.336,0,9,74,353,45,61
1701,459,2160,0.7875,0.649,1.224008e+05,2.573573e-02,3.2477,3.3514,2,3,0,353,45,60
1702,458,2160,0.787963,0.65,1.221672e+05,2.116375e-02,3.2221,3.3476,0,7,101,352,45,60
1703,457,2160,0.788426,0.653,1.227259e+05,6.213531e-03,3.2312,3.3366,1,4,9,352,44,60
1704,456,2160,0.788889,0.653,1.223906e+05,2.055114e-02,3.1912,3.3548,0,7,97,351,44,60
1705,455,2160,0.789352,0.651,1.237668e+05,2.085950e-02,3.2109,3.3452,0,7,30,350,44,60
1706,454,2160,0.789815,0.65,1.249701e+05,2.331762e-02,3.2393,3.3514,0,9,179,349,44,60
1707,453,2160,0.790278,0.647,1.263961e+05,2.237946e-02,3.2317,3.3589,0,7,147,348,44,60
1708,452,2160,0.790741,0.648,1.270269e+05,2.498199e-02,3.2261,3.3606,0,3,137,347,44,60
1709,451,2160,0.791204,0.647,1.271341e+05,2.414129e-02,3.2291,3.3401,0,3,44,346,44,60
1710,450,2160,0.791667,0.65,1.279610e+05,2.215364e-02,3.2181,3.3455,0,7,188,345,44,60
1711,449,2160,0.79213,0.651,1.291651e+05,2.375192e-02,3.2298,3.3368,0,6,31,344,44,60
1712,448,2160,0.792593,0.656,1.297177e+05,2.653473e-02,3.22,3.3485,0,4,122,343,44,60
1713,447,2160,0.793056,0.655,1.302084e+05,2.678087e-02,3.2168,3.338,0,4,159,342,44,60
1714,446,2160,0.793519,0.654,1.305153e+05,2.644718e-02,3.2062,3.3413,0,4,24,341,44,60
1715,445,2160,0.793981,0.657,1.311369e+05,2.642019e-02,3.1983,3.3227,0,4,137,340,44,60
1716,444,2160,0.794444,0.657,1.313251e+05,2.492634e-02,3.2098,3.3307,0,6,173,339,44,60
1717,443,2160,0.794907,0.656,1.313047e+05,2.355550e-02,3.2329,3.3268,0,9,122,338,44,60
1718,442,2160,0.79537,0.659,1.323637e+05,2.234498e-02,3.2173,3.3447,0,7,40,337,44,60
1719,441,2160,0.795833,0.659,1.340227e+05,2.582275e-02,3.223,3.3328,0,4,94,336,44,60
1720,440,2160,0.796296,0.66,1.355240e+05,2.451893e-02,3.2259,3.3467,0,9,159,335,44,60
1721,439,2160,0.796759,0.66,1.364693e+05,2.416787e-02,3.2294,3.3517,0,7,77,334,44,60
1722,438,2160,0.797222,0.662,1.372812e+05,2.613323e-02,3.2324,3.3473,0,9,155,333,44,60
1723,437,2160,0.797685,0.667,1.383064e+05,2.561809e-02,3.2436,3.3446,0,4,177,332,44,60
1724,436,2160,0.798148,0.661,1.398634e+05,2.650119e-02,3.2311,3.3501,0,3,149,331,44,60
1725,435,2160,0.798611,0.663,1.400752e+05,2.418233e-02,3.2204,3.3235,0,7,61,330,44,60
1726,434,2160,0.799074,0.661,1.413546e+05,2.313512e-02,3.2095,3.3521,0,6,155,329,44,60
1727,433,2160,0.799537,0.662,1.427802e+05,8.640798e-02,3.2107,3.344,2,3,6,329,44,59
1728,432,2160,0.8,0.663,1.445526e+05,2.539569e-01,3.2298,3.339,1,6,0,329,43,59
1729,431,2160,0.800463,0.663,1.441649e+05,9.242240e-02,3.2138,3.3341,1,6,3,329,42,59
1730,430,2160,0.800926,0.664,1.439678e+05,8.374882e-02,3.2071,3.3536,1,6,4,329,41,59
1731,429,2160,0.801389,0.665,1.438273e+05,9.045002e-02,3.2091,3.3488,1,6,6,329,40,59
1732,428,2160,0.801852,0.666,1.437091e+05,3.706758e-02,3.2265,3.3444,1,6,7,329,39,59
1733,427,2160,0.802315,0.666,1.436090e+05,1.362705e-01,3.2155,3.3541,1,6,9,329,38,59
1734,426,2160,0.802778,0.667,1.435190e+05,4.915718e-03,3.2104,3.3355,2,3,9,329,38,58
1735,425,2160,0.803241,0.667,1.434323e+05,2.346325e-02,3.1945,3.351,0,7,114,328,38,58
1736,424,2160,0.803704,0.667,1.441380e+05,1.993318e-02,3.2194,3.3504,0,6,114,327,38,58
1737,423,2160,0.804167,0.665,1.440643e+05,2.533425e-02,3.2018,3.3516,0,9,78,326,38,58
1738,422,2160,0.80463,0.665,1.447747e+05,2.439365e-02,3.1997,3.3403,0,6,78,325,38,58
1739,421,2160,0.805093,0.664,1.450548e+05,2.570306e-02,3.2283,3.3427,0,3,83,324,38,58
1740,420,2160,0.805556,0.662,1.469893e+05,2.812252e-02,3.1864,3.3445,2,4,1,324,38,57
1741,419,2160,0.806019,0.661,1.471752e+05,2.583896e-02,3.2051,3.3344,0,7,140,323,38,57
1742,418,2160,0.806481,0.662,1.481868e+05,1.739172e-02,3.176,3.3354,0,6,140,322,38,57
1743,417,2160,0.806944,0.661,1.477982e+05,2.608945e-02,3.2055,3.3421,0,4,192,321,38,57
1744,416,2160,0.807407,0.661,1.498431e+05,2.559193e-02,3.1918,3.3411,0,7,100,320,38,57
1745,415,2160,0.80787,0.66,1.509029e+05,2.593921e-02,3.2141,3.3468,0,3,45,319,38,57
1746,414,2160,0.808333,0.659,1.527604e+05,2.775639e-02,3.2098,3.3409,0,9,58,318,38,57
1747,413,2160,0.808796,0.657,1.537398e+05,2.433976e-02,3.2032,3.3385,1,1,3,318,37,57
1748,412,2160,0.809259,0.655,1.534942e+05,2.853797e-02,3.1936,3.3538,0,9,104,317,37,57
1749,411,2160,0.809722,0.656,1.538406e+05,2.497010e-02,3.2163,3.3462,0,7,104,316,37,57
1750,410,2160,0.810185,0.657,1.549047e+05,2.830737e-02,3.2093,3.3378,0,4,138,315,37,57
1751,409,2160,0.810648,0.659,1.554917e+05,2.567999e-02,3.2019,3.3423,0,6,69,314,37,57
1752,408,2160,0.811111,0.658,1.572520e+05,2.629767e-02,3.2299,3.3317,0,7,176,313,37,57
1753,407,2160,0.811574,0.658,1.584207e+05,8.704545e-02,3.2204,3.3429,2,9,0,313,37,56
1754,406,2160,0.812037,0.651,1.596269e+05,2.969967e-02,3.2228,3.3366,0,4,131,312,37,56
1755,405,2160,0.8125,0.648,1.598891e+05,2.790274e-02,3.2422,3.3307,0,3,176,311,37,56
1756,404,2160,0.812963,0.653,1.595958e+05,2.868941e-02,3.2118,3.3621,0,4,104,310,37,56
1757,403,2160,0.813426,0.653,1.601094e+05,2.851718e-02,3.1993,3.3488,0,4,147,309,37,56
1758,402,2160,0.813889,0.648,1.608715e+05,2.722856e-02,3.2201,3.3479,0,7,136,308,37,56
1759,401,2160,0.814352,0.647,1.614858e+05,2.683948e-02,3.194,3.248,0,9,136,307,37,56
1760,400,2160,0.814815,0.646,1.626673e+05,2.850382e-02,3.1883,3.3516,2,5,7,307,37,55
1761,399,2160,0.815278,0.646,1.627590e+05,2.676889e-02,3.2015,3.3359,0,7,20,306,37,55
1762,398,2160,0.815741,0.644,1.634320e+05,9.991557e-02,3.2231,3.3378,2,2,0,306,37,54
1763,397,2160,0.816204,0.645,1.640165e+05,1.017570e-01,3.22,3.3405,2,0,0,306,37,53
1764,396,2160,0.816667,0.646,1.643640e+05,4.358341e-02,3.2325,3.3461,1,0,7,306,36,53
1765,395,2160,0.81713,0.651,1.639134e+05,1.391340e-01,3.225,3.352,2,4,0,306,36,52
1766,394,2160,0.817593,0.655,1.652591e+05,1.101266e-01,3.2212,3.3469,1,0,3,306,35,52
1767,393,2160,0.818056,0.656,1.643728e+05,5.500456e-02,3.2198,3.349,1,0,4,306,34,52
1768,392,2160,0.818519,0.657,1.637455e+05,4.065570e-02,3.2179,3.3337,1,0,6,306,33,52
1769,391,2160,0.818981,0.658,1.632800e+05,6.015767e-02,3.23,3.3251,1,0,9,306,32,52
1770,390,2160,0.819444,0.658,1.629169e+05,2.679394e-02,3.2215,3.3378,0,7,34,305,32,52
1771,389,2160,0.819907,0.658,1.637549e+05,2.698392e-02,3.2349,3.3484,0,7,71,304,32,52
1772,388,2160,0.82037,0.659,1.648657e+05,2.658946e-02,3.2058,3.3535,0,7,146,303,32,52
1773,387,2160,0.820833,0.661,1.661987e+05,2.580558e-02,3.2045,3.341,0,3,71,302,32,52
1774,386,2160,0.821296,0.66,1.672181e+05,2.740210e-02,3.2632,3.3564,0,4,186,301,32,52
1775,385,2160,0.821759,0.655,1.694387e+05,2.889795e-02,3.2291,3.3489,0,3,164,300,32,52
1776,384,2160,0.822222,0.656,1.697308e+05,1.965223e-02,3.2504,3.3529,0,6,164,299,32,52
1777,383,2160,0.822685,0.657,1.696401e+05,2.749953e-02,3.1967,3.3549,0,6,73,298,32,52
1778,382,2160,0.823148,0.655,1.710242e+05,2.948238e-02,3.201,3.3608,0,4,151,297,32,52
1779,381,2160,0.823611,0.654,1.715866e+05,3.098114e-02,3.2185,3.3531,0,9,92,296,32,52
1780,380,2160,0.824074,0.655,1.717564e+05,2.462004e-02,3.226,3.3449,0,3,92,295,32,52
1781,379,2160,0.824537,0.648,1.716591e+05,2.797441e-02,3.2287,3.3384,2,0,2,295,32,51
1782,378,2160,0.825,0.649,1.714431e+05,2.808519e-02,3.2239,3.3396,0,9,73,294,32,51
1783,377,2160,0.825463,0.645,1.736507e+05,2.828051e-02,3.2308,3.3512,0,6,48,293,32,51
1784,376,2160,0.825926,0.642,1.750736e+05,9.652939e-02,3.2655,3.353,0,0,101,292,32,51
1785,375,2160,0.826389,0.646,1.771304e+05,2.760570e-02,3.2315,3.3442,0,7,103,291,32,51
1786,374,2160,0.826852,0.644,1.786284e+05,1.616466e-02,3.2207,3.3383,2,2,4,291,32,50
1787,373,2160,0.827315,0.641,1.784892e+05,2.850301e-02,3.2025,3.3472,0,3,103,290,32,50
1788,372,2160,0.827778,0.648,1.786947e+05,2.741455e-02,3.2019,3.3499,0,7,60,289,32,50
1789,371,2160,0.828241,0.648,1.802310e+05,3.012767e-02,3.2334,3.3343,0,3,82,288,32,50
1790,370,2160,0.828704,0.646,1.807784e+05,3.157047e-02,3.2067,3.3557,0,9,86,287,32,50
1791,369,2160,0.829167,0.647,1.809675e+05,2.859948e-02,3.2297,3.3645,0,7,41,286,32,50
1792,368,2160,0.82963,0.649,1.819051e+05,2.074868e-02,3.1816,3.3601,0,6,41,285,32,50
1793,367,2160,0.830093,0.646,1.814567e+05,2.793565e-02,3.2139,3.3612,0,7,151,284,32,50
1794,366,2160,0.830556,0.646,1.824318e+05,2.982855e-02,3.2393,3.341,0,6,171,283,32,50
1795,365,2160,0.831019,0.646,1.830447e+05,2.960552e-02,3.2273,3.3133,0,4,87,282,32,50
1796,364,2160,0.831481,0.647,1.846936e+05,3.035563e-02,3.2353,3.3562,0,9,82,281,32,50
1797,363,2160,0.831944,0.645,1.864336e+05,2.736628e-02,3.2042,3.3389,0,3,171,280,32,50
1798,362,2160,0.832407,0.643,1.866688e+05,2.940579e-02,3.2114,3.3297,0,7,33,279,32,50
1799,361,2160,0.83287,0.643,1.874948e+05,2.709235e-02,3.225,3.3336,0,7,108,278,32,50
1800,360,2160,0.833333,0.646,1.896276e+05,3.076511e-02,3.2074,3.3485,0,9,150,277,32,50
1801,359,2160,0.833796,0.644,1.911478e+05,3.048236e-02,3.188,3.3355,0,4,182,276,32,50
1802,358,2160,0.834259,0.643,1.919619e+05,2.990622e-02,3.2079,3.3413,0,9,182,275,32,50
1803,357,2160,0.834722,0.645,1.917840e+05,2.756437e-02,3.2263,3.3389,0,7,51,274,32,50
1804,356,2160,0.835185,0.645,1.938882e+05,2.964126e-02,3.249,3.3473,0,7,93,273,32,50
1805,355,2160,0.835648,0.641,1.949454e+05,2.631459e-02,3.2256,3.3611,0,6,93,272,32,50
1806,354,2160,0.836111,0.642,1.947146e+05,3.326153e-02,3.2338,3.3456,0,9,52,271,32,50
1807,353,2160,0.836574,0.641,1.955034e+05,1.819088e-02,3.2251,3.3628,0,4,52,270,32,50
1808,352,2160,0.837037,0.641,1.949144e+05,3.072009e-02,3.2317,3.3411,0,6,19,269,32,50
1809,351,2160,0.8375,0.64,1.969463e+05,3.036190e-02,3.2093,3.3449,0,3,93,268,32,50
1810,350,2160,0.837963,0.636,1.974274e+05,3.192058e-02,3.2234,3.3416,0,9,35,267,32,50
1811,349,2160,0.838426,0.635,1.988427e+05,3.252178e-02,3.2074,3.3244,0,9,68,266,32,50
1812,348,2160,0.838889,0.637,2.005317e+05,3.254015e-02,3.2341,3.3438,0,6,39,265,32,50
1813,347,2160,0.839352,0.638,2.008504e+05,3.284709e-02,3.2401,3.3567,0,6,65,264,32,50
1814,346,2160,0.839815,0.639,2.014642e+05,2.694118e-02,3.218,3.3336,0,7,39,263,32,50
1815,345,2160,0.840278,0.64,2.023598e+05,2.575918e-02,3.1906,3.3248,0,7,65,262,32,50
1816,344,2160,0.840741,0.64,2.033292e+05,2.991678e-02,3.196,3.3444,0,4,39,261,32,50
1817,343,2160,0.841204,0.642,2.034125e+05,3.200690e-02,3.23,3.3292,0,4,146,260,32,50
1818,342,2160,0.841667,0.635,2.039488e+05,3.111927e-02,3.205,3.3292,0,9,39,259,32,50
1819,341,2160,0.84213,0.631,2.035186e+05,3.341231e-02,3.1917,3.3431,0,6,117,258,32,50
1820,340,2160,0.842593,0.63,2.036426e+05,2.657927e-02,3.1981,3.3501,0,7,117,257,32,50
1821,339,2160,0.843056,0.635,2.043006e+05,2.768451e-02,3.2038,3.3455,0,3,39,256,32,50
1822,338,2160,0.843519,0.64,2.061103e+05,3.311023e-02,3.2181,3.364,0,6,128,255,32,50
1823,337,2160,0.843981,0.641,2.065849e+05,3.095507e-02,3.2366,3.3547,0,7,148,254,32,50
1824,336,2160,0.844444,0.64,2.075860e+05,3.302299e-02,3.2286,3.3135,0,9,160,253,32,50
1825,335,2160,0.844907,0.643,2.096198e+05,3.121262e-02,3.2426,3.3416,0,3,53,252,32,50
1826,334,2160,0.84537,0.639,2.110241e+05,3.375436e-02,3.2207,3.3628,0,9,117,251,32,50
1827,333,2160,0.845833,0.633,2.117345e+05,3.042178e-02,3.2261,3.3521,0,4,88,250,32,50
1828,332,2160,0.846296,0.635,2.135630e+05,3.160201e-02,3.2053,3.3503,0,6,189,249,32,50
1829,331,2160,0.846759,0.635,2.155768e+05,3.161694e-02,3.2298,3.3285,0,7,134,248,32,50
1830,330,2160,0.847222,0.633,2.167128e+05,3.331637e-02,3.2221,3.3528,0,3,142,247,32,50
1831,329,2160,0.847685,0.631,2.170928e+05,3.156389e-02,3.2252,3.3498,0,7,137,246,32,50
1832,328,2160,0.848148,0.626,2.177005e+05,3.079413e-02,3.2577,3.3345,0,4,149,245,32,50
1833,327,2160,0.848611,0.623,2.194816e+05,3.194850e-02,3.2172,3.3392,0,6,149,244,32,50
1834,326,2160,0.849074,0.634,2.198056e+05,2.092251e-02,3.1949,3.3547,2,2,9,244,32,49
1835,325,2160,0.849537,0.633,2.193514e+05,3.132947e-02,3.2096,3.3534,0,6,75,243,32,49
1836,324,2160,0.85,0.632,2.202982e+05,3.198087e-02,3.2118,3.3344,0,9,142,242,32,49
1837,323,2160,0.850463,0.634,2.223514e+05,3.232316e-02,3.1943,3.3453,0,9,180,241,32,49
1838,322,2160,0.850926,0.631,2.249857e+05,3.473885e-02,3.2309,3.3372,0,9,130,240,32,49
1839,321,2160,0.851389,0.629,2.254223e+05,3.295149e-02,3.2207,3.3352,0,9,164,239,32,49
1840,320,2160,0.851852,0.632,2.278980e+05,2.792351e-02,3.2285,3.347,0,7,164,238,32,49
1841,319,2160,0.852315,0.626,2.300169e+05,3.157471e-02,3.2093,3.3373,0,3,110,237,32,49
1842,318,2160,0.852778,0.625,2.312903e+05,2.570283e-02,3.236,3.3532,0,4,110,236,32,49
1843,317,2160,0.853241,0.626,2.314551e+05,3.173392e-02,3.2257,3.3537,0,7,143,235,32,49
1844,316,2160,0.853704,0.626,2.327237e+05,3.258212e-02,3.2174,3.349,0,3,163,234,32,49
1845,315,2160,0.854167,0.627,2.335301e+05,3.018716e-02,3.1948,3.3352,0,3,170,233,32,49
1846,314,2160,0.85463,0.623,2.360416e+05,2.858374e-02,3.2039,3.328,0,6,163,232,32,49
1847,313,2160,0.855093,0.625,2.376877e+05,3.402916e-02,3.2204,3.3348,1,8,7,232,31,49
1848,312,2160,0.855556,0.617,2.378478e+05,3.250771e-02,3.2441,3.3439,0,4,141,231,31,49
1849,311,2160,0.856019,0.618,2.391919e+05,2.939592e-02,3.2309,3.3576,0,7,141,230,31,49
1850,310,2160,0.856481,0.615,2.424182e+05,2.938188e-02,3.2142,3.3388,0,3,157,229,31,49
1851,309,2160,0.856944,0.615,2.453557e+05,1.088459e-01,3.2287,3.3459,0,0,89,228,31,49
1852,308,2160,0.857407,0.621,2.479558e+05,9.266312e-02,3.2305,3.3466,1,8,0,228,30,49
1853,307,2160,0.85787,0.618,2.483864e+05,3.002420e-02,3.2171,3.3422,0,3,89,227,30,49
1854,306,2160,0.858333,0.612,2.482513e+05,1.128340e-01,3.1922,3.3576,0,0,120,226,30,49
1855,305,2160,0.858796,0.607,2.508106e+05,1.166161e-01,3.2302,3.3416,0,0,106,225,30,49
1856,304,2160,0.859259,0.594,2.534177e+05,1.608703e-01,3.224,3.345,1,2,0,225,29,49
1857,303,2160,0.859722,0.596,2.531570e+05,1.159435e-01,3.2415,3.344,1,7,0,225,28,49
1858,302,2160,0.860185,0.598,2.529910e+05,9.355169e-02,3.2337,3.351,1,4,0,225,27,49
1859,301,2160,0.860648,0.599,2.528599e+05,3.184653e-02,3.2486,3.3697,0,4,74,224,27,49
1860,300,2160,0.861111,0.594,2.541067e+05,3.384757e-02,3.2198,3.324,0,6,95,223,27,49
1861,299,2160,0.861574,0.597,2.542300e+05,2.966445e-02,3.2467,3.3374,0,3,74,222,27,49
1862,298,2160,0.862037,0.588,2.562288e+05,3.278530e-02,3.2354,3.3544,0,3,64,221,27,49
1863,297,2160,0.8625,0.597,2.574740e+05,3.005137e-02,3.2074,3.3536,0,7,37,220,27,49
1864,296,2160,0.862963,0.595,2.608417e+05,3.720529e-02,3.2378,3.3396,0,9,64,219,27,49
1865,295,2160,0.863426,0.594,2.621093e+05,5.005746e-02,3.232,3.3504,2,7,1,219,27,48
1866,294,2160,0.863889,0.589,2.622995e+05,3.402887e-02,3.2201,3.3393,0,4,130,218,27,48
1867,293,2160,0.864352,0.593,2.636537e+05,3.085803e-02,3.2233,3.3464,0,3,181,217,27,48
1868,292,2160,0.864815,0.588,2.666570e+05,3.115173e-02,3.2387,3.3647,0,6,88,216,27,48
1869,291,2160,0.865278,0.58,2.698716e+05,3.829484e-02,3.2129,3.3592,0,9,67,215,27,48
1870,290,2160,0.865741,0.581,2.704374e+05,2.753334e-02,3.2298,3.3504,0,3,67,214,27,48
1871,289,2160,0.866204,0.58,2.700319e+05,3.817184e-02,3.2084,3.3383,0,9,22,213,27,48
1872,288,2160,0.866667,0.58,2.709449e+05,2.855456e-02,3.2219,3.3517,0,4,22,212,27,48
1873,287,2160,0.86713,0.581,2.709650e+05,3.025863e-02,3.2131,3.3356,0,7,66,211,27,48
1874,286,2160,0.867593,0.577,2.741870e+05,3.882483e-02,3.2153,3.3453,0,9,133,210,27,48
1875,285,2160,0.868056,0.574,2.751406e+05,1.745762e-02,3.217,3.3516,0,4,133,209,27,48
1876,284,2160,0.868519,0.568,2.743649e+05,2.036309e-02,3.2002,3.3659,1,8,4,209,26,48
1877,283,2160,0.868981,0.572,2.744182e+05,3.659665e-02,3.2176,3.3544,0,9,21,208,26,48
1878,282,2160,0.869444,0.567,2.774770e+05,2.815538e-02,3.2276,3.3565,0,6,21,207,26,48
1879,281,2160,0.869907,0.559,2.791717e+05,3.374698e-02,3.2239,3.341,0,7,144,206,26,48
1880,280,2160,0.87037,0.557,2.804858e+05,3.356771e-02,3.23,3.3339,0,4,187,205,26,48
1881,279,2160,0.870833,0.557,2.837581e+05,3.402742e-02,3.2259,3.3262,0,4,32,204,26,48
1882,278,2160,0.871296,0.553,2.866853e+05,2.574934e-02,3.2234,3.3382,0,6,32,203,26,48
1883,277,2160,0.871759,0.547,2.879534e+05,3.279892e-02,3.2244,3.3152,0,4,190,202,26,48
1884,276,2160,0.872222,0.546,2.918454e+05,3.345324e-02,3.2146,3.3596,0,7,128,201,26,48
1885,275,2160,0.872685,0.542,2.939331e+05,3.767174e-02,3.24,3.3309,0,9,18,200,26,48
1886,274,2160,0.873148,0.546,2.973562e+05,3.499041e-02,3.2229,3.3416,0,4,67,199,26,48
1887,273,2160,0.873611,0.548,3.002467e+05,3.775688e-02,3.1862,3.3405,0,9,36,198,26,48
1888,272,2160,0.874074,0.541,3.031611e+05,3.526506e-02,3.1936,3.3367,0,6,130,197,26,48
1889,271,2160,0.874537,0.538,3.040579e+05,1.474325e-02,3.2264,3.3154,0,3,130,196,26,48
1890,270,2160,0.875,0.534,3.034362e+05,1.683162e-01,3.2282,3.3431,2,0,8,196,26,47
1891,269,2160,0.875463,0.523,3.107355e+05,3.419707e-02,3.1943,3.3502,0,7,173,195,26,47
1892,268,2160,0.875926,0.516,3.123374e+05,3.873800e-02,3.2083,3.3573,0,9,19,194,26,47
1893,267,2160,0.876389,0.52,3.154289e+05,3.659139e-02,3.2342,3.3543,0,6,67,193,26,47
1894,266,2160,0.876852,0.523,3.156981e+05,3.262789e-02,3.2098,3.341,0,6,36,192,26,47
1895,265,2160,0.877315,0.523,3.190081e+05,3.516707e-02,3.2009,3.359,0,4,92,191,26,47
1896,264,2160,0.877778,0.526,3.223291e+05,3.832361e-02,3.2426,3.3605,0,9,162,190,26,47
1897,263,2160,0.878241,0.527,3.260763e+05,3.863641e-02,3.2163,3.3651,0,4,27,189,26,47
1898,262,2160,0.878704,0.526,3.270920e+05,2.070017e-02,3.2343,3.3485,0,9,27,188,26,47
1899,261,2160,0.879167,0.526,3.259040e+05,3.201487e-02,3.2107,3.3478,0,7,92,187,26,47
1900,260,2160,0.87963,0.522,3.300855e+05,3.242119e-02,3.2514,3.3389,0,7,52,186,26,47
1901,259,2160,0.880093,0.513,3.344247e+05,1.850329e-01,3.2064,3.3449,2,7,8,186,26,46
1902,258,2160,0.880556,0.51,3.416093e+05,3.868722e-02,3.2291,3.3249,0,3,124,185,26,46
1903,257,2160,0.881019,0.505,3.412062e+05,4.420221e-02,3.2197,3.3606,0,9,191,184,26,46
1904,256,2160,0.881481,0.511,3.417807e+05,3.448854e-02,3.2192,3.333,0,4,191,183,26,46
1905,255,2160,0.881944,0.501,3.421574e+05,3.613100e-02,3.2172,3.3429,0,3,121,182,26,46
1906,254,2160,0.882407,0.506,3.437713e+05,2.715598e-02,3.2264,3.3363,0,4,121,181,26,46
1907,253,2160,0.88287,0.499,3.436426e+05,3.380695e-02,3.2466,3.3398,0,7,175,180,26,46
1908,252,2160,0.883333,0.487,3.474238e+05,3.595449e-02,3.2265,3.3337,0,4,93,179,26,46
1909,251,2160,0.883796,0.484,3.516589e+05,3.719810e-02,3.2185,3.3496,0,6,150,178,26,46
1910,250,2160,0.884259,0.481,3.528268e+05,3.896664e-02,3.2404,3.3421,0,6,49,177,26,46
1911,249,2160,0.884722,0.484,3.535817e+05,3.569771e-02,3.2178,3.3419,0,7,161,176,26,46
1912,248,2160,0.885185,0.487,3.571616e+05,3.468784e-02,3.2419,3.3497,0,7,159,175,26,46
1913,247,2160,0.885648,0.487,3.615161e+05,3.546701e-02,3.2292,3.3196,0,3,49,174,26,46
1914,246,2160,0.886111,0.479,3.611870e+05,5.445982e-02,3.229,3.3423,1,1,7,174,25,46
1915,245,2160,0.886574,0.481,3.610782e+05,4.588474e-02,3.2138,3.3355,0,9,81,173,25,46
1916,244,2160,0.887037,0.485,3.617990e+05,2.990624e-02,3.2036,3.3418,2,8,4,173,25,45
1917,243,2160,0.8875,0.484,3.609194e+05,3.027025e-02,3.2322,3.348,0,4,81,172,25,45
1918,242,2160,0.887963,0.478,3.624190e+05,3.844830e-02,3.2217,3.3452,0,3,72,171,25,45
1919,241,2160,0.888426,0.468,3.638321e+05,3.474213e-02,3.218,3.3398,0,7,53,170,25,45
1920,240,2160,0.888889,0.464,3.683684e+05,3.540029e-02,3.2211,3.3459,0,7,174,169,25,45
1921,239,2160,0.889352,0.457,3.721427e+05,4.312770e-02,3.2248,3.3415,0,9,102,168,25,45
1922,238,2160,0.889815,0.443,3.769427e+05,3.462931e-02,3.2268,3.3418,0,7,162,167,25,45
1923,237,2160,0.890278,0.443,3.818969e+05,3.384147e-02,3.2419,3.3528,0,7,109,166,25,45
1924,236,2160,0.890741,0.448,3.869935e+05,3.627534e-02,3.2362,3.3604,0,4,188,165,25,45
1925,235,2160,0.891204,0.442,3.917889e+05,3.724272e-02,3.2234,3.3475,0,3,131,164,25,45
1926,234,2160,0.891667,0.432,3.943090e+05,1.930241e-01,3.2124,3.3605,2,2,8,164,25,44
1927,233,2160,0.89213,0.405,4.030541e+05,3.654016e-02,3.251,3.3515,0,6,0,163,25,44
1928,232,2160,0.892593,0.393,4.072669e+05,3.555160e-02,3.2135,3.3423,0,6,101,162,25,44
1929,231,2160,0.893056,0.398,4.118067e+05,4.172640e-02,3.2348,3.3406,2,9,2,162,25,43
1930,230,2160,0.893519,0.401,4.105048e+05,3.665761e-02,3.2096,3.3413,0,4,189,161,25,43
1931,229,2160,0.893981,0.387,4.153937e+05,6.684719e-02,3.2165,3.3494,2,6,1,161,25,42
1932,228,2160,0.894444,0.39,4.144854e+05,3.719268e-02,3.271,3.3495,0,3,77,160,25,42
1933,227,2160,0.894907,0.385,4.164104e+05,4.467455e-02,3.2201,3.3413,0,9,129,159,25,42
1934,226,2160,0.89537,0.392,4.209759e+05,3.319203e-02,3.2246,3.3441,0,7,129,158,25,42
1935,225,2160,0.895833,0.382,4.248178e+05,3.742507e-02,3.2312,3.3508,0,7,95,157,25,42
1936,224,2160,0.896296,0.392,4.264549e+05,3.227699e-02,3.2323,3.3455,0,3,24,156,25,42
1937,223,2160,0.896759,0.401,4.316290e+05,3.419053e-02,3.2463,3.3305,0,3,141,155,25,42
1938,222,2160,0.897222,0.393,4.386031e+05,4.081838e-02,3.2254,3.3446,0,7,178,154,25,42
1939,221,2160,0.897685,0.381,4.417098e+05,6.669493e-02,3.2257,3.3587,1,3,7,154,24,42
1940,220,2160,0.898148,0.37,4.433924e+05,3.667262e-02,3.2467,3.3274,0,3,165,153,24,42
1941,219,2160,0.898611,0.383,4.499525e+05,3.901782e-02,3.2114,3.3398,0,6,113,152,24,42
1942,218,2160,0.899074,0.375,4.568945e+05,3.946303e-02,3.2389,3.332,0,6,127,151,24,42
1943,217,2160,0.899537,0.366,4.642091e+05,4.283739e-02,3.2443,3.3588,0,3,178,150,24,42
1944,216,2160,0.9,0.375,4.641924e+05,2.607269e-02,3.2457,3.3523,0,4,178,149,24,42
1945,215,2160,0.900463,0.363,4.640191e+05,4.421013e-02,3.2251,3.3449,0,4,90,148,24,42
1946,214,2160,0.900926,0.37,4.642693e+05,5.161728e-02,3.2483,3.3183,0,9,124,147,24,42
1947,213,2160,0.901389,0.379,4.696513e+05,5.567306e-02,3.2136,3.3286,0,9,34,146,24,42
1948,212,2160,0.901852,0.371,4.712934e+05,3.501652e-02,3.2393,3.3535,0,4,34,145,24,42
1949,211,2160,0.902315,0.378,4.707838e+05,3.937167e-02,3.2309,3.3498,0,6,124,144,24,42
1950,210,2160,0.902778,0.367,4.782354e+05,5.089736e-02,3.2364,3.3475,0,9,103,143,24,42
1951,209,2160,0.903241,0.359,4.872103e+05,5.185859e-02,3.2392,3.3553,0,9,44,142,24,42
1952,208,2160,0.903704,0.34,4.965134e+05,5.605234e-02,3.2344,3.3424,2,1,2,142,24,41
1953,207,2160,0.904167,0.344,4.964130e+05,4.799547e-02,3.2082,3.3409,0,6,135,141,24,41
1954,206,2160,0.90463,0.353,5.020778e+05,2.801778e-02,3.2366,3.3334,0,4,135,140,24,41
1955,205,2160,0.905093,0.338,5.032042e+05,5.660357e-02,3.219,3.3465,2,2,2,140,24,40
1956,204,2160,0.905556,0.345,5.027227e+05,4.361048e-02,3.237,3.3332,0,4,30,139,24,40
1957,203,2160,0.906019,0.327,5.125553e+05,5.710228e-02,3.2215,3.3424,0,9,144,138,24,40
1958,202,2160,0.906481,0.316,5.196192e+05,4.635599e-02,3.2329,3.3496,0,3,76,137,24,40
1959,201,2160,0.906944,0.314,5.213002e+05,5.723775e-02,3.2131,3.3525,0,9,20,136,24,40
1960,200,2160,0.907407,0.321,5.279363e+05,5.419585e-02,3.1921,3.3573,0,9,171,135,24,40
1961,199,2160,0.90787,0.308,5.373306e+05,4.148304e-02,3.2436,3.3619,0,6,20,134,24,40
1962,198,2160,0.908333,0.297,5.450982e+05,4.597918e-02,3.2304,3.3597,0,3,104,133,24,40
1963,197,2160,0.908796,0.295,5.472491e+05,5.705504e-02,3.2367,3.3644,0,9,151,132,24,40
1964,196,2160,0.909259,0.31,5.534301e+05,6.242997e-02,3.2299,3.3475,0,9,47,131,24,40
1965,195,2160,0.909722,0.298,5.552208e+05,4.335159e-02,3.2376,3.3601,0,4,47,130,24,40
1966,194,2160,0.910185,0.301,5.598421e+05,4.549521e-02,3.2145,3.3659,0,6,104,129,24,40
1967,193,2160,0.910648,0.304,5.692378e+05,2.710879e-02,3.2356,3.3333,1,9,9,129,23,40
1968,192,2160,0.911111,0.303,5.691779e+05,5.757364e-02,3.2676,3.3514,0,9,138,128,23,40
1969,191,2160,0.911574,0.306,5.767083e+05,4.170560e-02,3.2145,3.3599,0,6,138,127,23,40
1970,190,2160,0.912037,0.303,5.821034e+05,4.175319e-02,3.2425,3.3252,0,7,115,126,23,40
1971,189,2160,0.9125,0.31,5.916073e+05,3.435680e-02,3.2105,3.3389,2,0,3,126,23,39
1972,188,2160,0.912963,0.309,5.917820e+05,4.932773e-02,3.194,3.3517,0,4,86,125,23,39
1973,187,2160,0.913426,0.293,5.976777e+05,5.899899e-02,3.2039,3.3331,0,9,143,124,23,39
1974,186,2160,0.913889,0.275,6.042557e+05,4.948982e-02,3.1927,3.3303,0,4,120,123,23,39
1975,185,2160,0.914352,0.28,6.098408e+05,3.501047e-02,3.2416,3.3438,0,6,120,122,23,39
1976,184,2160,0.914815,0.271,6.118584e+05,4.686726e-02,3.2347,3.3378,0,3,148,121,23,39
1977,183,2160,0.915278,0.266,6.138334e+05,8.574936e-02,3.2245,3.3446,2,3,8,121,23,38
1978,182,2160,0.915741,0.205,6.169990e+05,2.711670e-01,3.2509,3.3508,1,8,3,121,22,38
1979,181,2160,0.916204,0.206,6.161326e+05,1.783951e-01,3.224,3.349,1,8,6,121,21,38
1980,180,2160,0.916667,0.206,6.155699e+05,5.313621e-02,3.2099,3.3423,0,7,76,120,21,38
1981,179,2160,0.91713,0.2,6.178629e+05,2.593511e-02,3.2303,3.3373,0,6,76,119,21,38
1982,178,2160,0.917593,0.201,6.169451e+05,2.165304e-02,3.2082,3.3327,2,3,2,119,21,37
1983,177,2160,0.918056,0.203,6.162761e+05,2.287600e-02,3.1956,3.3424,2,3,1,119,21,36
1984,176,2160,0.918519,0.204,6.159848e+05,5.766689e-02,3.2011,3.3491,0,6,132,118,21,36
1985,175,2160,0.918981,0.198,6.186914e+05,3.237520e-02,3.2342,3.3416,0,3,132,117,21,36
1986,174,2160,0.919444,0.192,6.221768e+05,7.935537e-02,3.2205,3.3629,2,0,7,117,21,35
1987,173,2160,0.919907,0.174,6.234118e+05,6.193005e-02,3.2383,3.3372,0,9,134,116,21,35
1988,172,2160,0.92037,0.162,6.319442e+05,4.848669e-02,3.2307,3.335,0,6,134,115,21,35
1989,171,2160,0.920833,0.165,6.383279e+05,8.288359e-02,3.2571,3.3369,2,4,7,115,21,34
1990,170,2160,0.921296,0.167,6.403287e+05,6.575881e-02,3.2338,3.3428,2,4,2,115,21,33
1991,169,2160,0.921759,0.168,6.390259e+05,5.870250e-02,3.214,3.3484,0,9,107,114,21,33
1992,168,2160,0.922222,0.179,6.491750e+05,4.825381e-02,3.2143,3.3517,0,4,145,113,21,33
1993,167,2160,0.922685,0.168,6.569652e+05,3.817839e-02,3.2306,3.3477,0,7,145,112,21,33
1994,166,2160,0.923148,0.172,6.631164e+05,6.606689e-02,3.2151,3.3366,1,1,6,112,20,33
1995,165,2160,0.923611,0.167,6.646861e+05,5.301651e-02,3.2465,3.3108,0,3,136,111,20,33
1996,164,2160,0.924074,0.168,6.679812e+05,4.493028e-02,3.2407,3.3407,0,6,136,110,20,33
1997,163,2160,0.924537,0.17,6.699276e+05,5.431528e-02,3.223,3.3299,0,6,100,109,20,33
1998,162,2160,0.925,0.18,6.805396e+05,6.120930e-02,3.1979,3.3283,0,9,137,108,20,33
1999,161,2160,0.925463,0.194,6.890267e+05,4.352407e-02,3.2391,3.35,0,3,31,107,20,33
2000,160,2160,0.925926,0.186,6.996318e+05,4.592363e-02,3.2289,3.3436,0,3,117,106,20,33
2001,159,2160,0.926389,0.18,7.116211e+05,5.947824e-02,3.2267,3.3623,0,6,148,105,20,33
2002,158,2160,0.926852,0.187,7.239739e+05,7.111020e-02,3.2434,3.352,0,9,49,104,20,33
2003,157,2160,0.927315,0.183,7.261526e+05,5.731348e-02,3.2333,3.3373,0,7,78,103,20,33
2004,156,2160,0.927778,0.184,7.322287e+05,2.211521e-02,3.2526,3.3534,0,3,78,102,20,33
2005,155,2160,0.928241,0.177,7.334129e+05,4.698025e-02,3.2319,3.3628,0,4,49,101,20,33
2006,154,2160,0.928704,0.183,7.457690e+05,4.846279e-02,3.2493,3.342,0,3,23,100,20,33
2007,153,2160,0.929167,0.196,7.595238e+05,4.831864e-02,3.2233,3.3494,0,4,64,99,20,33
2008,152,2160,0.92963,0.193,7.728415e+05,5.896577e-02,3.2499,3.3411,0,3,147,98,20,33
2009,151,2160,0.930093,0.183,7.782711e+05,4.659976e-02,3.2311,3.3344,0,6,147,97,20,33
2010,150,2160,0.930556,0.192,7.803686e+05,7.282864e-02,3.2354,3.3418,0,6,80,96,20,33
2011,149,2160,0.931019,0.195,7.825656e+05,6.265358e-02,3.2506,3.3439,0,4,114,95,20,33
2012,148,2160,0.931481,0.192,7.844997e+05,4.115682e-02,3.231,3.3462,0,3,114,94,20,33
2013,147,2160,0.931944,0.183,7.910927e+05,6.823003e-02,3.2634,3.3542,0,9,146,93,20,33
2014,146,2160,0.932407,0.171,8.057109e+05,6.736346e-02,3.2143,3.3339,0,6,86,92,20,33
2015,145,2160,0.93287,0.178,8.204475e+05,7.645759e-02,3.2289,3.3507,0,6,172,91,20,33
2016,144,2160,0.933333,0.175,8.223828e+05,3.610281e-02,3.2306,3.3553,0,7,172,90,20,33
2017,143,2160,0.933796,0.174,8.226649e+05,5.966017e-02,3.2213,3.3511,0,7,80,89,20,33
2018,142,2160,0.934259,0.183,8.330195e+05,6.877531e-02,3.1972,3.3587,0,6,156,88,20,33
2019,141,2160,0.934722,0.166,8.470658e+05,5.637793e-02,3.2329,3.3589,0,7,94,87,20,33
2020,140,2160,0.935185,0.164,8.620016e+05,6.877083e-02,3.2166,3.3584,0,6,33,86,20,33
2021,139,2160,0.935648,0.153,8.767508e+05,7.656883e-02,3.2197,3.3507,0,9,80,85,20,33
2022,138,2160,0.936111,0.156,8.738277e+05,1.486887e-02,3.2142,3.3318,0,4,80,84,20,33
2023,137,2160,0.936574,0.15,8.738848e+05,5.586860e-02,3.2243,3.3482,2,4,9,84,20,32
2024,136,2160,0.937037,0.146,8.743704e+05,4.406724e-02,3.2042,3.357,2,7,3,84,20,31
2025,135,2160,0.9375,0.146,8.742759e+05,4.383886e-02,3.2152,3.3558,2,0,4,84,20,30
2026,134,2160,0.937963,0.147,8.750828e+05,8.095463e-02,3.2137,3.3403,0,6,54,83,20,30
2027,133,2160,0.938426,0.148,8.773905e+05,5.009367e-02,3.2064,3.3331,0,7,54,82,20,30
2028,132,2160,0.938889,0.148,8.851716e+05,7.296741e-02,3.2234,3.3315,0,9,173,81,20,30
2029,131,2160,0.939352,0.148,8.877069e+05,3.245718e-02,3.2164,3.3529,0,4,173,80,20,30
2030,130,2160,0.939815,0.153,8.863757e+05,5.783225e-02,3.2333,3.3531,0,7,67,79,20,30
2031,129,2160,0.940278,0.15,9.038537e+05,4.461497e-02,3.2285,3.3386,1,2,4,79,19,30
2032,128,2160,0.940741,0.145,9.038034e+05,4.452418e-02,3.2328,3.314,2,1,4,79,19,29
2033,127,2160,0.941204,0.143,9.046667e+05,1.289980e-01,3.2442,3.3341,2,7,7,79,19,28
2034,126,2160,0.941667,0.143,9.077983e+05,1.399594e-01,3.2094,3.3409,2,2,7,79,19,27
2035,125,2160,0.94213,0.14,9.127505e+05,9.018098e-02,3.2234,3.3489,2,2,3,79,19,26
2036,124,2160,0.942593,0.138,9.161342e+05,7.450348e-02,3.2648,3.3483,0,6,151,78,19,26
2037,123,2160,0.943056,0.136,9.322796e+05,7.685507e-02,3.259,3.349,0,6,35,77,19,26
2038,122,2160,0.943519,0.136,9.508038e+05,7.743305e-02,3.2436,3.3156,0,6,87,76,19,26
2039,121,2160,0.943981,0.138,9.694225e+05,8.850096e-02,3.2523,3.3332,0,9,65,75,19,26
2040,120,2160,0.944444,0.14,9.723833e+05,5.321141e-02,3.2351,3.3464,0,4,65,74,19,26
2041,119,2160,0.944907,0.134,9.854846e+05,8.831628e-02,3.22,3.3453,0,9,50,73,19,26
2042,118,2160,0.94537,0.131,9.882802e+05,2.324938e-02,3.2144,3.348,0,4,50,72,19,26
2043,117,2160,0.945833,0.131,9.892381e+05,9.305161e-02,3.2251,3.352,0,9,176,71,19,26
2044,116,2160,0.946296,0.139,9.931560e+05,1.941107e-02,3.2323,3.355,0,4,176,70,19,26
2045,115,2160,0.946759,0.132,9.935624e+05,5.933403e-02,3.222,3.3409,0,7,142,69,19,26
2046,114,2160,0.947222,0.135,1.014806e+06,5.522239e-02,3.2217,3.3588,0,3,95,68,19,26
2047,113,2160,0.947685,0.141,1.036105e+06,9.928474e-02,3.2233,3.3634,0,9,62,67,19,26
2048,112,2160,0.948148,0.14,1.040629e+06,1.836474e-02,3.205,3.3375,0,4,62,66,19,26
2049,111,2160,0.948611,0.139,1.041002e+06,5.900694e-02,3.2204,3.3491,1,1,4,66,18,26
2050,110,2160,0.949074,0.132,1.041020e+06,6.298380e-02,3.2105,3.3398,0,7,149,65,18,26
2051,109,2160,0.949537,0.139,1.065240e+06,6.277669e-02,3.2202,3.3085,0,7,116,64,18,26
2052,108,2160,0.95,0.143,1.090166e+06,1.006474e-01,3.2081,3.3577,0,9,51,63,18,26
2053,107,2160,0.950463,0.138,1.094860e+06,4.810722e-02,3.2148,3.3583,0,4,51,62,18,26
2054,106,2160,0.950926,0.144,1.105225e+06,9.192610e-02,3.2,3.346,0,9,131,61,18,26
2055,105,2160,0.951389,0.15,1.131095e+06,1.666096e-01,3.2347,3.3326,2,1,7,61,18,25
2056,104,2160,0.951852,0.15,1.135654e+06,8.972719e-02,3.2212,3.3389,0,9,77,60,18,25
2057,103,2160,0.952315,0.136,1.160241e+06,1.021277e-01,3.2379,3.3705,0,9,128,59,18,25
2058,102,2160,0.952778,0.139,1.169556e+06,1.010039e-01,3.2246,3.3336,0,9,118,58,18,25
2059,101,2160,0.953241,0.134,1.171926e+06,1.062461e-01,3.2147,3.3527,0,9,90,57,18,25
2060,100,2160,0.953704,0.128,1.178595e+06,1.082959e-01,3.2054,3.3504,0,9,48,56,18,25
2061,99,2160,0.954167,0.121,1.178967e+06,4.725550e-02,3.2189,3.3436,0,4,48,55,18,25
2062,98,2160,0.95463,0.129,1.185882e+06,6.783607e-02,3.2248,3.3578,0,3,90,54,18,25
2063,97,2160,0.955093,0.128,1.186141e+06,5.905863e-02,3.2206,3.3294,0,7,90,53,18,25
2064,96,2160,0.955556,0.135,1.203984e+06,8.185175e-02,3.2187,3.3341,0,4,106,52,18,25
2065,95,2160,0.956019,0.134,1.207705e+06,2.203348e-02,3.2102,3.3443,0,3,106,51,18,25
2066,94,2160,0.956481,0.132,1.208576e+06,9.015784e-02,3.2031,3.3315,1,9,3,51,17,25
2067,93,2160,0.956944,0.133,1.208500e+06,6.611221e-02,3.231,3.3528,1,9,6,51,16,25
2068,92,2160,0.957407,0.121,1.207164e+06,8.484416e-02,3.2692,3.3487,1,3,6,51,15,25
2069,91,2160,0.95787,0.124,1.210236e+06,6.996336e-02,3.2422,3.3336,0,3,63,50,15,25
2070,90,2160,0.958333,0.121,1.208001e+06,5.968877e-02,3.2324,3.3516,0,7,63,49,15,25
2071,89,2160,0.958796,0.125,1.213856e+06,7.269184e-02,3.2433,3.3424,0,3,75,48,15,25
2072,88,2160,0.959259,0.118,1.215484e+06,2.325220e-02,3.1901,3.3458,0,4,75,47,15,25
2073,87,2160,0.959722,0.121,1.214229e+06,6.990653e-02,3.1939,3.3321,0,7,79,46,15,25
2074,86,2160,0.960185,0.122,1.227707e+06,1.182631e-01,3.2224,3.3584,0,9,63,45,15,25
2075,85,2160,0.960648,0.124,1.225951e+06,5.086931e-02,3.2318,3.3498,0,4,63,44,15,25
2076,84,2160,0.961111,0.124,1.231213e+06,6.249649e-02,3.2241,3.3609,0,3,58,43,15,25
2077,83,2160,0.961574,0.116,1.257908e+06,1.137981e-01,3.2419,3.3478,0,9,79,42,15,25
2078,82,2160,0.962037,0.121,1.253420e+06,4.253543e-02,3.2211,2.7771,0,4,79,41,15,25
2079,81,2160,0.9625,0.116,1.259077e+06,8.193962e-02,3.2281,3.3496,2,9,9,41,15,24
2080,80,2160,0.962963,0.118,1.259208e+06,1.831573e-01,3.2063,3.3408,2,9,7,41,15,23
2081,79,2160,0.963426,0.117,1.262502e+06,1.346575e-01,3.233,3.3579,0,9,66,40,15,23
2082,78,2160,0.963889,0.121,1.269441e+06,5.339740e-02,3.2119,3.3396,0,4,66,39,15,23
2083,77,2160,0.964352,0.123,1.279139e+06,1.141333e-01,3.207,3.3356,2,6,2,39,15,22
2084,76,2160,0.964815,0.125,1.278910e+06,1.212619e-01,3.2355,3.3532,0,9,91,38,15,22
2085,75,2160,0.965278,0.125,1.280689e+06,1.235579e-01,3.2485,3.3424,0,9,119,37,15,22
2086,74,2160,0.965741,0.128,1.294720e+06,7.382131e-02,3.226,3.3246,0,6,143,36,15,22
2087,73,2160,0.966204,0.13,1.328413e+06,9.268299e-02,3.2119,3.3532,2,9,3,36,15,21
2088,72,2160,0.966667,0.135,1.330467e+06,9.222005e-02,3.2169,3.358,2,5,4,36,15,20
2089,71,2160,0.96713,0.156,1.333741e+06,8.711876e-02,3.2293,3.3616,0,3,119,35,15,20
2090,70,2160,0.967593,0.158,1.332325e+06,3.264136e-02,3.2386,3.3532,0,6,119,34,15,20
2091,69,2160,0.968056,0.158,1.337380e+06,1.669127e-01,3.2251,3.3562,1,2,3,34,14,20
2092,68,2160,0.968519,0.153,1.346632e+06,1.519582e-01,3.2419,3.3569,0,9,61,33,14,20
2093,67,2160,0.968981,0.133,1.354305e+06,3.943729e-02,3.2375,3.3683,0,4,61,32,14,20
2094,66,2160,0.969444,0.142,1.357406e+06,1.673455e-01,3.261,3.3505,2,8,1,32,14,19
2095,65,2160,0.969907,0.148,1.359144e+06,1.549874e-01,3.2221,3.3377,0,9,161,31,14,19
2096,64,2160,0.97037,0.128,1.369629e+06,6.686466e-02,3.236,3.3245,0,4,161,30,14,19
2097,63,2160,0.970833,0.134,1.385725e+06,1.970643e-01,3.2125,3.3536,1,2,9,30,13,19
2098,62,2160,0.971296,0.139,1.386021e+06,2.596452e-01,3.198,3.3502,2,7,2,30,13,18
2099,61,2160,0.971759,0.141,1.384202e+06,8.602948e-02,3.2253,3.3478,2,7,9,30,13,17
2100,60,2160,0.972222,0.146,1.385528e+06,1.596475e-01,3.2089,3.3455,0,9,60,29,13,17
2101,59,2160,0.972685,0.132,1.397833e+06,5.766389e-02,3.2535,3.3451,0,4,60,28,13,17
2102,58,2160,0.973148,0.134,1.412606e+06,3.176332e-01,3.2232,3.3572,1,1,9,28,12,17
2103,57,2160,0.973611,0.13,1.436781e+06,2.622967e-01,3.1956,3.3358,2,0,1,28,12,16
2104,56,2160,0.974074,0.131,1.434315e+06,8.546458e-02,3.2448,3.3361,2,0,9,28,12,15
2105,55,2160,0.974537,0.133,1.442354e+06,1.598540e-01,3.2274,3.3448,0,9,175,27,12,15
2106,54,2160,0.975,0.142,1.452143e+06,2.460490e-01,3.2134,3.3227,1,3,9,27,11,15
2107,53,2160,0.975463,0.132,1.455984e+06,7.527183e-02,3.2109,3.3624,0,4,175,26,11,15
2108,52,2160,0.975926,0.137,1.486971e+06,1.776025e-01,3.2324,3.3524,2,6,9,26,11,14
2109,51,2160,0.976389,0.136,1.493307e+06,9.103113e-02,3.2117,3.3249,1,7,6,26,10,14
2110,50,2160,0.976852,0.136,1.488333e+06,3.304435e-01,3.196,3.3381,2,6,7,26,10,13
2111,49,2160,0.977315,0.134,1.499899e+06,3.529316e-01,3.222,3.3414,1,7,9,26,9,13
2112,48,2160,0.977778,0.135,1.501199e+06,1.517301e-01,3.2076,3.3467,0,9,174,25,9,13
2113,47,2160,0.978241,0.137,1.498626e+06,7.641777e-02,3.2358,3.3353,1,7,4,25,8,13
2114,46,2160,0.978704,0.138,1.495861e+06,1.182581e-01,3.2551,3.3374,2,6,3,25,8,12
2115,45,2160,0.979167,0.138,1.503954e+06,1.225717e-01,3.2227,3.3472,0,4,72,24,8,12
2116,44,2160,0.97963,0.137,1.549293e+06,1.122706e-01,3.2329,3.3281,2,8,3,24,8,11
2117,43,2160,0.980093,0.138,1.681676e+06,1.328804e-01,3.216,3.351,0,4,174,23,8,11
2118,42,2160,0.980556,0.137,1.736662e+06,7.257328e-02,3.2195,3.339,0,6,144,22,8,11
2119,41,2160,0.981019,0.141,1.800148e+06,7.402462e-02,3.2392,3.3384,0,3,172,21,8,11
2120,40,2160,0.981481,0.143,1.879996e+06,9.634429e-02,3.2309,3.3297,0,7,82,20,8,11
2121,39,2160,0.981944,0.144,1.981907e+06,1.005522e-01,3.2116,3.3368,0,7,150,19,8,11
2122,38,2160,0.982407,0.147,2.099731e+06,9.251715e-02,3.2132,3.3383,0,6,137,18,8,11
2123,37,2160,0.98287,0.138,2.236251e+06,1.508838e-01,3.2207,3.3228,0,6,68,17,8,11
2124,36,2160,0.983333,0.14,2.240772e+06,1.096406e-01,3.2166,3.3481,0,6,34,16,8,11
2125,35,2160,0.983796,0.119,2.414030e+06,1.613839e-01,3.2521,3.3425,2,3,7,16,8,10
2126,34,2160,0.984259,0.121,2.415406e+06,2.219640e-01,3.2047,3.3505,1,7,3,16,7,10
2127,33,2160,0.984722,0.118,2.408717e+06,5.083987e-02,3.2429,3.3442,2,3,3,16,7,9
2128,32,2160,0.985185,0.118,2.404262e+06,2.252833e-01,3.2288,3.3425,1,9,7,16,6,9
2129,31,2160,0.985648,0.073,2.508561e+06,1.106924e-01,3.2225,3.3567,0,3,173,15,6,9
2130,30,2160,0.986111,0.082,2.730228e+06,1.753946e-01,3.2063,3.3245,0,6,160,14,6,9
2131,29,2160,0.986574,0.082,2.704228e+06,1.443858e-01,3.2159,3.3437,0,7,160,13,6,9
2132,28,2160,0.987037,0.059,2.837973e+06,2.655069e-01,3.2371,3.3334,2,9,4,13,6,8
2133,27,2160,0.9875,0.055,3.498181e+06,1.396784e-01,3.227,3.3505,0,6,118,12,6,8
2134,26,2160,0.987963,0.081,3.485840e+06,1.542494e-01,3.2289,3.3536,0,6,105,11,6,8
2135,25,2160,0.988426,0.076,3.468390e+06,2.314230e-01,3.241,3.3493,0,6,89,10,6,8
2136,24,2160,0.988889,0.068,3.565112e+06,1.249712e-01,3.2478,3.3585,0,7,89,9,6,8
2137,23,2160,0.989352,0.088,3.717536e+06,1.420394e-01,3.2375,3.3384,0,3,128,8,6,8
2138,22,2160,0.989815,0.086,4.194255e+06,4.578716e-01,3.2179,3.3354,2,7,4,8,6,7
2139,21,2160,0.990278,0.088,5.768954e+06,4.230942e-01,3.2326,3.344,2,6,4,8,6,6
2140,20,2160,0.990741,0.09,6.935814e+06,4.824854e-01,3.2169,3.3584,2,4,4,8,6,5
2141,19,2160,0.991204,0.091,8.445491e+06,2.239179e-01,3.2037,3.3432,0,6,91,7,6,5
2142,18,2160,0.991667,0.077,8.363855e+06,4.184857e-01,3.2311,3.3491,1,4,6,7,5,5
2143,17,2160,0.99213,0.075,8.296454e+06,1.829129e-01,3.2301,3.3516,0,7,68,6,5,5
2144,16,2160,0.992593,0.107,8.888846e+06,3.620641e-01,3.2391,3.3589,1,4,7,6,4,5
2145,15,2160,0.993056,0.107,8.845418e+06,3.818932e-01,3.2075,3.3376,2,5,9,6,4,4
2146,14,2160,0.993519,0.107,8.787766e+06,3.255823e-01,3.2023,3.3341,2,5,3,6,4,3
2147,13,2160,0.993981,0.107,1.066372e+07,4.605058e-01,3.214,3.3388,1,3,4,6,3,3
2148,12,2160,0.994444,0.107,1.060315e+07,3.533182e-01,3.1997,3.3323,2,1,3,6,3,2
2149,11,2160,0.994907,0.107,1.054232e+07,1.171568e-01,3.2452,3.3333,2,1,9,6,3,1
2150,10,2160,0.99537,0.107,1.053793e+07,1.852435e-01,3.2213,3.3578,1,9,4,6,2,1
2151,9,2160,0.995833,0.107,1.048346e+07,9.343038e-01,3.2141,0.7497,2,3,4,6,2,0
2152,8,2160,0.996296,0.107,1.567781e+06,2.510189e-01,3.2014,0.0181,0,3,91,5,2,0
2153,7,2160,0.996759,0.107,1.567781e+06,2.516939e-01,3.2116,0.0188,0,3,105,4,2,0
2154,6,2160,0.997222,0.107,1.567781e+06,3.073924e-01,3.245,0.0186,0,3,118,3,2,0
2155,5,2160,0.997685,0.107,1.567781e+06,2.910633e-01,3.2063,0.0192,0,4,91,2,2,0
2156,4,2160,0.998148,0.107,1.567781e+06,2.899315e-01,3.2125,0.0188,0,4,105,1,2,0
2157,3,2160,0.998611,0.107,1.567781e+06,3.352220e-01,3.1885,0.0189,0,4,118,0,2,0
2158,2,2160,0.999074,0.107,1.567781e+06,4.798329e-01,2.8579,0.019,1,4,3,0,1,0
2159,1,2160,0.999537,0.107,1.567781e+06,5.496909e-01,2.8856,0.0189,1,4,4,0,0,0
