step,NZ,total_W,sparsity,val_acc,d_manifold,d_W,prune_time_s,adjust_time_s,candidate_layer,candidate_i,candidate_j,layer_0_NZ,layer_1_NZ,layer_2_NZ
0,2160,2160,0.0,0.916,0.000000e+00,1.025429e-03,0.968,0.8386,1,7,0,1960,99,100
1,2159,2160,0.000463,0.916,0.000000e+00,6.287730e-03,0.3739,0.0928,1,7,1,1960,98,100
2,2158,2160,0.000926,0.916,0.000000e+00,7.634198e-04,0.3858,0.0839,1,7,2,1960,97,100
3,2157,2160,0.001389,0.916,0.000000e+00,1.901539e-02,0.3786,0.0836,1,7,3,1960,96,100
4,2156,2160,0.001852,0.916,0.000000e+00,1.459953e-03,0.3914,0.0841,1,7,4,1960,95,100
5,2155,2160,0.002315,0.916,0.000000e+00,7.018513e-04,0.3776,0.0838,1,7,5,1960,94,100
6,2154,2160,0.002778,0.916,0.000000e+00,1.540995e-02,0.3737,0.0827,1,7,6,1960,93,100
7,2153,2160,0.003241,0.916,0.000000e+00,1.221367e-03,0.3689,0.081,1,7,8,1960,92,100
8,2152,2160,0.003704,0.916,0.000000e+00,5.801829e-03,0.366,0.0836,1,7,7,1960,91,100
9,2151,2160,0.004167,0.916,0.000000e+00,2.078468e-02,0.3654,0.0822,1,7,9,1960,90,100
10,2150,2160,0.00463,0.916,0.000000e+00,1.996164e-03,0.3644,0.0835,2,0,7,1960,90,99
11,2149,2160,0.005093,0.916,0.000000e+00,9.783588e-03,0.3522,0.0835,2,1,7,1960,90,98
12,2148,2160,0.005556,0.916,0.000000e+00,7.565580e-03,0.3596,0.0809,2,2,7,1960,90,97
13,2147,2160,0.006019,0.916,0.000000e+00,5.735306e-04,0.3591,0.0807,2,3,7,1960,90,96
14,2146,2160,0.006481,0.916,0.000000e+00,1.305450e-02,0.3545,0.083,2,4,7,1960,90,95
15,2145,2160,0.006944,0.916,0.000000e+00,4.544929e-03,0.3604,0.0812,2,5,7,1960,90,94
16,2144,2160,0.007407,0.916,0.000000e+00,1.428911e-02,0.3564,0.0838,2,6,7,1960,90,93
17,2143,2160,0.00787,0.916,0.000000e+00,5.826837e-03,0.3586,0.0837,2,7,7,1960,90,92
18,2142,2160,0.008333,0.916,0.000000e+00,8.586071e-04,0.3592,0.0793,2,8,7,1960,90,91
19,2141,2160,0.008796,0.916,0.000000e+00,4.021948e-03,0.3586,0.0811,2,9,7,1960,90,90
20,2140,2160,0.009259,0.916,0.000000e+00,6.228632e-05,0.3554,3.3585,0,5,166,1959,90,90
21,2139,2160,0.009722,0.916,5.979113e-05,7.591085e-05,0.3624,3.3108,0,5,58,1958,90,90
22,2138,2160,0.010185,0.916,1.021449e-04,6.051985e-05,0.3633,3.3085,0,5,6,1957,90,90
23,2137,2160,0.010648,0.916,1.343207e-04,1.019877e-05,0.3623,3.3078,0,9,12,1956,90,90
24,2136,2160,0.011111,0.916,1.898417e-04,2.019075e-04,0.3558,3.3121,0,5,154,1955,90,90
25,2135,2160,0.011574,0.916,8.546797e-04,3.548099e-04,0.3546,3.3096,0,5,113,1954,90,90
26,2134,2160,0.012037,0.916,2.211152e-03,2.986124e-04,0.3726,3.3184,0,5,179,1953,90,90
27,2133,2160,0.0125,0.916,3.071154e-03,4.528580e-04,0.3627,3.2888,0,5,54,1952,90,90
28,2132,2160,0.012963,0.916,6.519594e-03,4.621640e-05,0.3602,3.3126,0,7,125,1951,90,90
29,2131,2160,0.013426,0.916,7.926759e-03,5.352495e-05,0.3554,3.3108,0,7,192,1950,90,90
30,2130,2160,0.013889,0.916,9.971399e-03,5.354772e-05,0.3618,3.3188,0,7,157,1949,90,90
31,2129,2160,0.014352,0.916,1.135901e-02,7.325935e-04,0.3618,3.3172,0,5,134,1948,90,90
32,2128,2160,0.014815,0.916,1.810332e-02,9.865798e-04,0.3639,3.3157,0,5,16,1947,90,90
33,2127,2160,0.015278,0.916,2.332604e-02,4.644052e-05,0.3618,3.3028,0,4,192,1946,90,90
34,2126,2160,0.015741,0.916,2.422688e-02,1.206193e-03,0.364,3.3056,0,5,32,1945,90,90
35,2125,2160,0.016204,0.916,4.429863e-02,1.078854e-03,0.3598,3.323,0,5,157,1944,90,90
36,2124,2160,0.016667,0.916,5.253291e-02,1.317622e-03,0.3616,3.3185,0,5,97,1943,90,90
37,2123,2160,0.01713,0.916,7.066025e-02,1.160427e-03,0.3623,3.3172,0,5,137,1942,90,90
38,2122,2160,0.017593,0.916,7.721778e-02,1.157636e-04,0.359,3.3138,0,9,26,1941,90,90
39,2121,2160,0.018056,0.916,8.248714e-02,3.837102e-04,0.3584,3.3115,0,1,111,1940,90,90
40,2120,2160,0.018519,0.916,9.382382e-02,3.870461e-04,0.364,3.2895,0,1,37,1939,90,90
41,2119,2160,0.018981,0.916,1.067286e-01,1.226950e-03,0.3635,3.3204,0,5,185,1938,90,90
42,2118,2160,0.019444,0.916,1.288186e-01,1.331676e-03,0.3601,3.2929,0,5,98,1937,90,90
43,2117,2160,0.019907,0.916,1.428961e-01,1.373603e-03,0.3574,3.2992,0,5,13,1936,90,90
44,2116,2160,0.02037,0.916,1.548871e-01,1.455797e-03,0.3669,3.3104,0,5,88,1935,90,90
45,2115,2160,0.020833,0.916,1.828695e-01,1.451197e-03,0.3686,3.3013,0,5,139,1934,90,90
46,2114,2160,0.021296,0.916,2.051423e-01,1.815255e-03,0.365,3.3203,0,5,155,1933,90,90
47,2113,2160,0.021759,0.916,2.307079e-01,1.527406e-03,0.3636,3.3177,0,5,135,1932,90,90
48,2112,2160,0.022222,0.916,2.429993e-01,1.886273e-03,0.3633,3.3071,0,5,65,1931,90,90
49,2111,2160,0.022685,0.916,2.797626e-01,1.976069e-03,0.3589,3.2977,0,5,64,1930,90,90
50,2110,2160,0.023148,0.916,2.929489e-01,1.646790e-03,0.3644,3.3135,0,5,123,1929,90,90
51,2109,2160,0.023611,0.916,3.254173e-01,1.682389e-03,0.3616,3.3105,0,5,140,1928,90,90
52,2108,2160,0.024074,0.916,3.662920e-01,2.149929e-03,0.3622,3.3056,0,5,148,1927,90,90
53,2107,2160,0.024537,0.916,3.917284e-01,4.991676e-04,0.3613,3.2952,0,1,96,1926,90,90
54,2106,2160,0.025,0.916,4.008283e-01,1.527449e-04,0.3608,3.3138,0,7,97,1925,90,90
55,2105,2160,0.025463,0.916,4.189665e-01,5.807844e-04,0.3607,3.3015,0,1,154,1924,90,90
56,2104,2160,0.025926,0.916,4.438294e-01,6.080836e-04,0.3601,3.3135,0,1,1,1923,90,90
57,2103,2160,0.026389,0.916,4.726102e-01,1.524675e-04,0.3572,3.2984,0,0,8,1922,90,90
58,2102,2160,0.026852,0.916,4.874568e-01,2.161705e-03,0.3563,3.2961,0,5,129,1921,90,90
59,2101,2160,0.027315,0.916,5.626235e-01,2.351059e-03,0.3641,3.3114,0,5,141,1920,90,90
60,2100,2160,0.027778,0.916,5.910663e-01,2.512336e-03,0.3637,3.3005,0,5,21,1919,90,90
61,2099,2160,0.028241,0.916,5.868381e-01,2.503458e-03,0.3625,3.3121,0,5,167,1918,90,90
62,2098,2160,0.028704,0.916,6.124607e-01,2.244031e-03,0.3598,3.3121,0,5,9,1917,90,90
63,2097,2160,0.029167,0.916,6.733685e-01,2.120849e-03,0.3579,3.3083,0,5,158,1916,90,90
64,2096,2160,0.02963,0.916,7.367335e-01,2.335135e-03,0.3562,3.3049,0,5,11,1915,90,90
65,2095,2160,0.030093,0.916,7.847296e-01,2.420392e-03,0.3561,3.2935,0,5,170,1914,90,90
66,2094,2160,0.030556,0.916,9.054731e-01,2.451871e-03,0.3607,3.2991,0,5,19,1913,90,90
67,2093,2160,0.031019,0.916,9.875882e-01,2.666187e-03,0.3656,3.3046,0,5,81,1912,90,90
68,2092,2160,0.031481,0.916,1.058115e+00,2.322680e-03,0.3651,3.3044,0,5,136,1911,90,90
69,2091,2160,0.031944,0.916,1.109031e+00,1.140687e-04,0.3606,3.3101,0,4,48,1910,90,90
70,2090,2160,0.032407,0.916,1.125538e+00,1.889456e-04,0.3677,3.3039,0,6,135,1909,90,90
71,2089,2160,0.03287,0.916,1.146079e+00,2.207539e-04,0.367,3.3057,0,3,6,1908,90,90
72,2088,2160,0.033333,0.916,1.149064e+00,2.064692e-04,0.3645,3.3106,0,7,143,1907,90,90
73,2087,2160,0.033796,0.916,1.166096e+00,7.790408e-04,0.3634,3.3178,0,1,165,1906,90,90
74,2086,2160,0.034259,0.916,1.203545e+00,2.351550e-04,0.3543,3.3086,0,3,123,1905,90,90
75,2085,2160,0.034722,0.916,1.209554e+00,2.614121e-04,0.3649,3.3082,0,9,29,1904,90,90
76,2084,2160,0.035185,0.916,1.225791e+00,3.004861e-03,0.3588,3.3105,0,5,12,1903,90,90
77,2083,2160,0.035648,0.916,1.298477e+00,3.065781e-03,0.3564,3.2896,0,5,159,1902,90,90
78,2082,2160,0.036111,0.916,1.290744e+00,2.624968e-04,0.3656,3.3145,0,2,18,1901,90,90
79,2081,2160,0.036574,0.916,1.330310e+00,1.440095e-04,0.3691,3.3135,0,4,57,1900,90,90
80,2080,2160,0.037037,0.916,1.354985e+00,8.869039e-04,0.3613,3.311,0,1,97,1899,90,90
81,2079,2160,0.0375,0.916,1.402351e+00,2.780448e-04,0.3761,3.307,0,9,79,1898,90,90
82,2078,2160,0.037963,0.916,1.422243e+00,3.374012e-03,0.3632,3.3123,0,5,153,1897,90,90
83,2077,2160,0.038426,0.916,1.537735e+00,3.531041e-03,0.3558,3.3138,0,5,29,1896,90,90
84,2076,2160,0.038889,0.916,1.535531e+00,3.275464e-03,0.3686,3.3078,0,5,55,1895,90,90
85,2075,2160,0.039352,0.916,1.694010e+00,3.193097e-03,0.3635,3.3045,0,5,3,1894,90,90
86,2074,2160,0.039815,0.916,1.852605e+00,3.938958e-03,0.3645,3.3009,0,5,89,1893,90,90
87,2073,2160,0.040278,0.916,1.918524e+00,3.317944e-03,0.3587,3.297,0,5,39,1892,90,90
88,2072,2160,0.040741,0.916,2.067318e+00,3.567902e-03,0.357,3.3153,0,5,40,1891,90,90
89,2071,2160,0.041204,0.916,2.210647e+00,4.265070e-03,0.3606,3.3112,0,5,4,1890,90,90
90,2070,2160,0.041667,0.916,2.315832e+00,3.379338e-03,0.3585,3.3099,0,5,75,1889,90,90
91,2069,2160,0.04213,0.916,2.447160e+00,3.853854e-04,0.3561,3.2936,0,8,159,1888,90,90
92,2068,2160,0.042593,0.916,2.487274e+00,3.885193e-04,0.3562,3.3018,0,8,2,1887,90,90
93,2067,2160,0.043056,0.916,2.528885e+00,6.918989e-02,0.3527,3.3079,1,8,5,1887,89,90
94,2066,2160,0.043519,0.917,2.929954e+00,2.949112e-04,0.3521,3.2998,0,7,188,1886,89,90
95,2065,2160,0.043981,0.917,2.994067e+00,1.174980e-03,0.3553,3.3063,0,1,70,1885,89,90
96,2064,2160,0.044444,0.917,3.075594e+00,3.085102e-04,0.361,3.2962,0,6,13,1884,89,90
97,2063,2160,0.044907,0.917,3.145975e+00,1.212704e-03,0.355,3.2996,0,1,21,1883,89,90
98,2062,2160,0.04537,0.917,3.247110e+00,3.682530e-04,0.3529,3.2977,0,9,80,1882,89,90
99,2061,2160,0.045833,0.917,3.286581e+00,4.664123e-04,0.3605,3.3065,0,8,16,1881,89,90
100,2060,2160,0.046296,0.917,3.320103e+00,3.783995e-03,0.3538,3.304,0,5,10,1880,89,90
101,2059,2160,0.046759,0.917,3.573247e+00,3.782017e-03,0.3585,3.3019,0,5,181,1879,89,90
102,2058,2160,0.047222,0.917,3.599727e+00,4.690061e-04,0.3593,3.3062,0,8,56,1878,89,90
103,2057,2160,0.047685,0.917,3.641662e+00,1.187758e-03,0.3673,3.3027,0,1,139,1877,89,90
104,2056,2160,0.048148,0.917,3.736866e+00,3.949995e-04,0.3543,3.3066,0,2,6,1876,89,90
105,2055,2160,0.048611,0.917,3.861178e+00,5.236270e-04,0.3592,3.3021,0,8,85,1875,89,90
106,2054,2160,0.049074,0.917,3.930681e+00,4.185070e-03,0.361,3.3056,0,5,130,1874,89,90
107,2053,2160,0.049537,0.918,4.238657e+00,5.292505e-03,0.3552,3.3054,0,5,57,1873,89,90
108,2052,2160,0.05,0.918,4.509440e+00,4.314794e-03,0.3668,3.3095,0,5,119,1872,89,90
109,2051,2160,0.050463,0.918,4.598553e+00,4.235874e-04,0.3624,3.3059,0,3,186,1871,89,90
110,2050,2160,0.050926,0.918,4.599354e+00,1.447735e-03,0.3563,3.3122,0,1,166,1870,89,90
111,2049,2160,0.051389,0.917,4.705249e+00,4.430044e-04,0.3613,3.298,0,9,47,1869,89,90
112,2048,2160,0.051852,0.916,4.771086e+00,3.098109e-04,0.3606,3.3077,0,0,47,1868,89,90
113,2047,2160,0.052315,0.916,4.693013e+00,5.808439e-04,0.3636,3.3078,0,8,170,1867,89,90
114,2046,2160,0.052778,0.916,4.781844e+00,1.543393e-03,0.3589,3.3105,0,1,17,1866,89,90
115,2045,2160,0.053241,0.916,4.874470e+00,4.694338e-04,0.3523,3.3203,0,2,194,1865,89,90
116,2044,2160,0.053704,0.916,5.038810e+00,4.783698e-03,0.3549,3.3136,0,5,52,1864,89,90
117,2043,2160,0.054167,0.916,5.509260e+00,6.043262e-03,0.3552,3.3056,0,5,111,1863,89,90
118,2042,2160,0.05463,0.916,5.792977e+00,5.313352e-03,0.3591,3.3213,0,5,45,1862,89,90
119,2041,2160,0.055093,0.917,6.036800e+00,5.693675e-03,0.3573,3.3153,0,5,43,1861,89,90
120,2040,2160,0.055556,0.917,6.545281e+00,5.668568e-03,0.3564,3.3049,0,5,189,1860,89,90
121,2039,2160,0.056019,0.917,6.632342e+00,6.841571e-03,0.3501,3.3005,0,5,168,1859,89,90
122,2038,2160,0.056481,0.917,6.940447e+00,5.048820e-03,0.3554,3.309,0,5,99,1858,89,90
123,2037,2160,0.056944,0.917,6.917273e+00,4.191841e-04,0.3633,3.3195,0,6,163,1857,89,90
124,2036,2160,0.057407,0.917,7.033919e+00,1.644660e-03,0.3565,3.2991,0,1,28,1856,89,90
125,2035,2160,0.05787,0.917,7.228413e+00,4.636307e-04,0.3551,3.298,0,7,98,1855,89,90
126,2034,2160,0.058333,0.917,7.373865e+00,5.408949e-04,0.3552,3.3095,0,2,25,1854,89,90
127,2033,2160,0.058796,0.917,7.537317e+00,5.264023e-03,0.3591,3.3063,0,5,106,1853,89,90
128,2032,2160,0.059259,0.917,8.129825e+00,6.844508e-03,0.359,3.2976,0,5,22,1852,89,90
129,2031,2160,0.059722,0.917,8.199233e+00,6.059777e-03,0.3584,3.2946,0,5,194,1851,89,90
130,2030,2160,0.060185,0.917,8.409267e+00,6.691676e-03,0.3541,3.309,0,5,180,1850,89,90
131,2029,2160,0.060648,0.917,8.813804e+00,6.942150e-03,0.3599,3.301,0,5,51,1849,89,90
132,2028,2160,0.061111,0.915,8.703587e+00,6.760601e-03,0.3615,3.3107,0,5,41,1848,89,90
133,2027,2160,0.061574,0.915,8.973634e+00,5.579839e-03,0.3591,3.3184,0,5,110,1847,89,90
134,2026,2160,0.062037,0.915,9.173124e+00,8.045683e-03,0.3608,3.2992,0,5,2,1846,89,90
135,2025,2160,0.0625,0.915,9.773601e+00,6.399595e-03,0.3568,3.28,0,5,164,1845,89,90
136,2024,2160,0.062963,0.915,9.660164e+00,6.236926e-03,0.3542,3.298,0,5,67,1844,89,90
137,2023,2160,0.063426,0.916,1.049397e+01,6.077154e-03,0.3574,3.2987,0,5,5,1843,89,90
138,2022,2160,0.063889,0.916,1.051926e+01,5.568050e-04,0.35,3.2981,0,2,162,1842,89,90
139,2021,2160,0.064352,0.916,1.072959e+01,1.841622e-03,0.3671,3.3127,0,1,167,1841,89,90
140,2020,2160,0.064815,0.916,1.095970e+01,4.596289e-04,0.3598,3.3207,0,0,115,1840,89,90
141,2019,2160,0.065278,0.916,1.107515e+01,5.859135e-04,0.3641,3.3206,0,2,91,1839,89,90
142,2018,2160,0.065741,0.916,1.125198e+01,6.370198e-03,0.3553,3.324,0,5,192,1838,89,90
143,2017,2160,0.066204,0.916,1.195653e+01,8.343629e-03,0.3529,3.3113,0,5,173,1837,89,90
144,2016,2160,0.066667,0.916,1.214275e+01,6.896702e-03,0.3633,3.3182,0,5,70,1836,89,90
145,2015,2160,0.06713,0.916,1.200670e+01,5.140059e-04,0.3524,3.3081,0,6,84,1835,89,90
146,2014,2160,0.067593,0.917,1.215404e+01,5.813252e-04,0.3607,3.3127,0,3,168,1834,89,90
147,2013,2160,0.068056,0.916,1.216958e+01,8.256327e-04,0.3524,3.3249,0,8,33,1833,89,90
148,2012,2160,0.068519,0.916,1.228450e+01,6.564315e-03,0.3515,3.303,0,5,23,1832,89,90
149,2011,2160,0.068981,0.916,1.307942e+01,9.051737e-03,0.3636,3.3177,0,5,26,1831,89,90
150,2010,2160,0.069444,0.916,1.320134e+01,7.380175e-03,0.3566,3.3024,0,5,0,1830,89,90
151,2009,2160,0.069907,0.916,1.335446e+01,8.482581e-03,0.3535,3.3212,0,5,169,1829,89,90
152,2008,2160,0.07037,0.916,1.389722e+01,8.807864e-03,0.3589,3.3084,0,5,80,1828,89,90
153,2007,2160,0.070833,0.916,1.370701e+01,8.203791e-03,0.3591,3.3061,0,5,126,1827,89,90
154,2006,2160,0.071296,0.916,1.433308e+01,6.648423e-03,0.3623,3.3086,0,5,125,1826,89,90
155,2005,2160,0.071759,0.917,1.454574e+01,2.103105e-03,0.3512,3.3141,0,1,10,1825,89,90
156,2004,2160,0.072222,0.917,1.486660e+01,1.342837e-02,0.355,3.3084,2,8,8,1825,89,89
157,2003,2160,0.072685,0.916,1.663700e+01,2.200408e-03,0.3567,3.3107,0,1,117,1824,89,89
158,2002,2160,0.073148,0.917,1.692861e+01,6.562261e-04,0.3517,3.2999,0,3,64,1823,89,89
159,2001,2160,0.073611,0.917,1.703857e+01,1.865000e-02,0.3555,3.3162,2,7,8,1823,89,88
160,2000,2160,0.074074,0.916,1.875540e+01,6.860381e-04,0.3606,3.2955,0,9,103,1822,89,88
161,1999,2160,0.074537,0.916,1.890235e+01,7.910377e-03,0.3522,3.3075,0,5,109,1821,89,88
162,1998,2160,0.075,0.916,1.995796e+01,1.077458e-02,0.3552,3.3198,0,5,133,1820,89,88
163,1997,2160,0.075463,0.915,2.034384e+01,9.329052e-03,0.3509,3.3075,0,5,184,1819,89,88
164,1996,2160,0.075926,0.915,2.004191e+01,8.710900e-03,0.3509,3.3273,0,5,66,1818,89,88
165,1995,2160,0.076389,0.915,2.102233e+01,7.210254e-03,0.3536,3.3117,0,5,187,1817,89,88
166,1994,2160,0.076852,0.915,2.114112e+01,2.398049e-03,0.3546,3.3105,0,1,146,1816,89,88
167,1993,2160,0.077315,0.915,2.159962e+01,8.894698e-04,0.3551,3.3163,0,8,35,1815,89,88
168,1992,2160,0.077778,0.915,2.181854e+01,7.083447e-04,0.3447,3.3158,0,9,154,1814,89,88
169,1991,2160,0.078241,0.915,2.194476e+01,6.834765e-04,0.3564,3.3162,0,3,88,1813,89,88
170,1990,2160,0.078704,0.915,2.193909e+01,2.360925e-03,0.3532,3.3086,0,1,129,1812,89,88
171,1989,2160,0.079167,0.915,2.216232e+01,8.147429e-03,0.3631,3.3084,0,5,38,1811,89,88
172,1988,2160,0.07963,0.915,2.332167e+01,1.008919e-02,0.3538,3.3018,0,5,37,1810,89,88
173,1987,2160,0.080093,0.915,2.366787e+01,8.860236e-03,0.3579,3.3034,0,5,1,1809,89,88
174,1986,2160,0.080556,0.915,2.412846e+01,1.098833e-02,0.3615,3.3042,0,5,14,1808,89,88
175,1985,2160,0.081019,0.915,2.480572e+01,8.282224e-03,0.3565,3.3138,0,5,191,1807,89,88
176,1984,2160,0.081481,0.915,2.453348e+01,9.911382e-03,0.353,3.3074,0,5,25,1806,89,88
177,1983,2160,0.081944,0.915,2.594850e+01,9.208842e-03,0.3577,3.3047,0,5,86,1805,89,88
178,1982,2160,0.082407,0.915,2.560638e+01,1.109624e-02,0.3579,3.303,0,5,96,1804,89,88
179,1981,2160,0.08287,0.915,2.710560e+01,8.882263e-03,0.3484,3.3315,0,5,17,1803,89,88
180,1980,2160,0.083333,0.915,2.634547e+01,6.021440e-04,0.3581,3.3277,0,0,171,1802,89,88
181,1979,2160,0.083796,0.915,2.657286e+01,2.398809e-03,0.3498,3.2904,0,1,192,1801,89,88
182,1978,2160,0.084259,0.915,2.708715e+01,6.344686e-04,0.3631,3.3017,0,0,182,1800,89,88
183,1977,2160,0.084722,0.915,2.730359e+01,7.039734e-04,0.3577,3.2917,0,7,25,1799,89,88
184,1976,2160,0.085185,0.915,2.752681e+01,3.268419e-02,0.3503,3.3189,1,1,5,1799,88,88
185,1975,2160,0.085648,0.916,2.999401e+01,7.922341e-04,0.3556,3.3008,0,3,60,1798,88,88
186,1974,2160,0.086111,0.916,3.000758e+01,8.115516e-04,0.3544,3.3177,0,2,27,1797,88,88
187,1973,2160,0.086574,0.916,3.034052e+01,7.246234e-04,0.3513,3.2923,0,7,159,1796,88,88
188,1972,2160,0.087037,0.916,3.061530e+01,1.104876e-03,0.3492,3.3167,0,8,114,1795,88,88
189,1971,2160,0.0875,0.916,3.075378e+01,3.028288e-03,0.3528,3.3107,0,1,20,1794,88,88
190,1970,2160,0.087963,0.916,3.120929e+01,7.981867e-03,0.3481,3.3023,0,5,62,1793,88,88
191,1969,2160,0.088426,0.916,3.345736e+01,1.149766e-02,0.3598,3.3129,0,5,50,1792,88,88
192,1968,2160,0.088889,0.916,3.332411e+01,1.068223e-02,0.3512,3.3067,0,5,84,1791,88,88
193,1967,2160,0.089352,0.916,3.314077e+01,1.073639e-02,0.3549,3.3149,0,5,114,1790,88,88
194,1966,2160,0.089815,0.916,3.441200e+01,1.140537e-02,0.3557,3.3064,0,5,190,1789,88,88
195,1965,2160,0.090278,0.916,3.420869e+01,1.123937e-02,0.3481,3.313,0,5,127,1788,88,88
196,1964,2160,0.090741,0.916,3.522736e+01,9.312887e-03,0.3528,3.3232,0,5,178,1787,88,88
197,1963,2160,0.091204,0.916,3.538321e+01,9.765448e-03,0.3565,3.3175,0,5,72,1786,88,88
198,1962,2160,0.091667,0.916,3.729682e+01,1.022852e-02,0.3594,3.3143,0,5,161,1785,88,88
199,1961,2160,0.09213,0.916,3.780266e+01,1.344166e-02,0.3496,3.2934,0,5,27,1784,88,88
200,1960,2160,0.092593,0.916,3.917999e+01,1.153620e-02,0.3551,3.306,0,5,188,1783,88,88
201,1959,2160,0.093056,0.916,3.820634e+01,1.194819e-02,0.3532,3.308,0,5,34,1782,88,88
202,1958,2160,0.093519,0.916,3.978571e+01,9.207600e-03,0.3525,3.3008,0,5,69,1781,88,88
203,1957,2160,0.093981,0.916,3.993963e+01,1.225621e-02,0.3559,3.3039,0,5,83,1780,88,88
204,1956,2160,0.094444,0.916,4.208427e+01,1.294704e-02,0.3528,3.3181,0,5,132,1779,88,88
205,1955,2160,0.094907,0.916,4.157232e+01,1.127023e-02,0.3507,3.3051,0,5,79,1778,88,88
206,1954,2160,0.09537,0.916,4.306898e+01,1.177803e-02,0.351,3.3258,0,5,108,1777,88,88
207,1953,2160,0.095833,0.916,4.339558e+01,1.359386e-02,0.357,3.2936,0,5,71,1776,88,88
208,1952,2160,0.096296,0.916,4.475622e+01,1.403942e-02,0.3522,3.3153,0,5,33,1775,88,88
209,1951,2160,0.096759,0.916,4.430297e+01,4.421287e-02,0.349,3.3036,1,9,5,1775,87,88
210,1950,2160,0.097222,0.917,4.679562e+01,1.359065e-02,0.3486,3.3147,0,5,56,1774,87,88
211,1949,2160,0.097685,0.917,4.842315e+01,1.527331e-02,0.3475,3.3235,0,5,149,1773,87,88
212,1948,2160,0.098148,0.917,4.853670e+01,3.058890e-03,0.3533,3.3175,0,1,112,1772,87,88
213,1947,2160,0.098611,0.917,4.917164e+01,8.170775e-04,0.349,3.3183,0,7,153,1771,87,88
214,1946,2160,0.099074,0.917,4.962242e+01,1.505382e-02,0.3571,3.3039,1,0,1,1771,86,88
215,1945,2160,0.099537,0.916,5.278500e+01,1.217851e-03,0.3527,3.2978,0,8,123,1770,86,88
216,1944,2160,0.1,0.917,5.297720e+01,7.635165e-04,0.3435,3.3093,0,0,18,1769,86,88
217,1943,2160,0.100463,0.917,5.301507e+01,3.108023e-03,0.3442,3.2919,0,1,159,1768,86,88
218,1942,2160,0.100926,0.917,5.346904e+01,1.016944e-03,0.3472,3.3239,0,9,75,1767,86,88
219,1941,2160,0.101389,0.917,5.368490e+01,3.388854e-03,0.348,3.3027,0,1,39,1766,86,88
220,1940,2160,0.101852,0.917,5.446325e+01,3.244679e-03,0.3461,3.3102,0,1,11,1765,86,88
221,1939,2160,0.102315,0.917,5.544361e+01,3.642700e-03,0.3473,3.3086,0,1,186,1764,86,88
222,1938,2160,0.102778,0.917,5.628195e+01,9.654549e-04,0.3455,3.3097,0,7,42,1763,86,88
223,1937,2160,0.103241,0.917,5.699276e+01,3.658948e-03,0.3558,3.3158,0,1,73,1762,86,88
224,1936,2160,0.103704,0.917,5.779401e+01,1.404941e-03,0.3518,3.3062,0,8,59,1761,86,88
225,1935,2160,0.104167,0.917,5.824729e+01,1.433469e-02,0.3577,3.3117,1,8,8,1761,85,88
226,1934,2160,0.10463,0.917,6.059641e+01,3.848651e-03,0.3442,3.3145,0,1,49,1760,85,88
227,1933,2160,0.105093,0.919,6.141919e+01,3.733786e-03,0.3609,3.3175,0,1,35,1759,85,88
228,1932,2160,0.105556,0.917,6.251398e+01,3.874702e-03,0.3456,3.3187,0,1,43,1758,85,88
229,1931,2160,0.106019,0.919,6.335453e+01,3.768116e-03,0.3448,3.3176,0,1,185,1757,85,88
230,1930,2160,0.106481,0.916,6.423649e+01,3.816868e-03,0.3589,3.3081,0,1,72,1756,85,88
231,1929,2160,0.106944,0.919,6.517270e+01,4.028920e-03,0.3472,3.3238,0,1,42,1755,85,88
232,1928,2160,0.107407,0.916,6.559456e+01,1.005576e-03,0.3473,3.3178,0,7,162,1754,85,88
233,1927,2160,0.10787,0.916,6.634675e+01,1.074635e-02,0.3548,3.2997,0,5,24,1753,85,88
234,1926,2160,0.108333,0.917,6.987030e+01,1.375112e-02,0.3467,3.3062,0,5,142,1752,85,88
235,1925,2160,0.108796,0.917,7.053781e+01,1.301579e-02,0.3478,3.319,0,5,112,1751,85,88
236,1924,2160,0.109259,0.917,7.167776e+01,8.295376e-02,0.3567,3.3146,1,5,5,1751,84,88
237,1923,2160,0.109722,0.917,7.427851e+01,1.233716e-02,0.344,3.3242,0,5,7,1750,84,88
238,1922,2160,0.110185,0.917,7.706850e+01,1.814221e-02,0.3565,3.3137,0,5,20,1749,84,88
239,1921,2160,0.110648,0.917,7.697738e+01,1.498924e-02,0.3462,3.3213,0,5,138,1748,84,88
240,1920,2160,0.111111,0.917,7.557522e+01,1.115793e-02,0.3568,3.3016,0,5,30,1747,84,88
241,1919,2160,0.111574,0.917,7.735462e+01,1.096960e-02,0.3475,3.3138,0,5,78,1746,84,88
242,1918,2160,0.112037,0.918,7.835803e+01,1.716847e-02,0.3464,3.3162,0,5,28,1745,84,88
243,1917,2160,0.1125,0.918,8.134674e+01,1.436923e-02,0.3533,3.2909,0,5,15,1744,84,88
244,1916,2160,0.112963,0.918,7.987019e+01,4.950315e-02,0.3492,3.3185,1,2,5,1744,83,88
245,1915,2160,0.113426,0.918,8.374952e+01,1.723146e-02,0.3522,3.2964,0,5,193,1743,83,88
246,1914,2160,0.113889,0.918,8.741886e+01,1.384803e-02,0.3484,3.2895,0,5,163,1742,83,88
247,1913,2160,0.114352,0.918,8.629286e+01,1.726375e-02,0.3501,3.3144,0,5,42,1741,83,88
248,1912,2160,0.114815,0.918,9.052357e+01,1.756732e-02,0.3524,3.3245,0,5,182,1740,83,88
249,1911,2160,0.115278,0.918,8.961388e+01,1.855293e-02,0.3441,3.3073,0,5,156,1739,83,88
250,1910,2160,0.115741,0.918,9.251511e+01,1.979969e-02,0.3423,3.3182,0,5,186,1738,83,88
251,1909,2160,0.116204,0.918,9.050050e+01,9.407026e-04,0.3506,3.3154,0,0,17,1737,83,88
252,1908,2160,0.116667,0.918,9.088718e+01,4.015880e-03,0.3521,3.3156,0,1,9,1736,83,88
253,1907,2160,0.11713,0.919,9.195321e+01,3.943278e-03,0.359,3.3226,0,1,183,1735,83,88
254,1906,2160,0.117593,0.918,9.306982e+01,4.005480e-03,0.3536,3.3064,0,1,101,1734,83,88
255,1905,2160,0.118056,0.918,9.422985e+01,9.725002e-04,0.3481,3.3132,0,0,64,1733,83,88
256,1904,2160,0.118519,0.918,9.475354e+01,4.153160e-03,0.3504,3.3056,0,1,83,1732,83,88
257,1903,2160,0.118981,0.918,9.601134e+01,3.237466e-02,0.3487,3.2986,2,6,8,1732,83,87
258,1902,2160,0.119444,0.918,1.018096e+02,4.125980e-03,0.3551,3.3141,0,1,136,1731,83,87
259,1901,2160,0.119907,0.918,1.034430e+02,4.017478e-03,0.3597,3.3085,0,1,178,1730,83,87
260,1900,2160,0.12037,0.918,1.045160e+02,4.332461e-03,0.3517,3.296,0,1,14,1729,83,87
261,1899,2160,0.120833,0.919,1.059097e+02,1.203197e-03,0.361,3.3182,0,3,161,1728,83,87
262,1898,2160,0.121296,0.919,1.061799e+02,1.216800e-03,0.3523,3.3071,0,3,75,1727,83,87
263,1897,2160,0.121759,0.92,1.061926e+02,1.630062e-03,0.3521,3.3049,0,8,186,1726,83,87
264,1896,2160,0.122222,0.92,1.066687e+02,1.617251e-03,0.3466,3.313,0,8,3,1725,83,87
265,1895,2160,0.122685,0.92,1.070309e+02,1.246118e-03,0.3479,3.3083,0,3,141,1724,83,87
266,1894,2160,0.123148,0.92,1.069870e+02,1.045279e-03,0.3457,3.328,0,0,53,1723,83,87
267,1893,2160,0.123611,0.92,1.070697e+02,1.121703e-03,0.3587,3.3194,0,6,112,1722,83,87
268,1892,2160,0.124074,0.919,1.076012e+02,4.321701e-03,0.3503,3.2935,0,1,175,1721,83,87
269,1891,2160,0.124537,0.917,1.089619e+02,1.051471e-03,0.3514,3.3114,0,0,85,1720,83,87
270,1890,2160,0.125,0.917,1.094738e+02,4.360693e-03,0.3424,3.3095,0,1,66,1719,83,87
271,1889,2160,0.125463,0.918,1.108012e+02,1.198353e-03,0.3503,3.2997,0,7,61,1718,83,87
272,1888,2160,0.125926,0.918,1.115676e+02,4.611720e-03,0.3518,3.3018,0,1,123,1717,83,87
273,1887,2160,0.126389,0.918,1.121020e+02,1.745852e-03,0.3567,3.2966,0,8,140,1716,83,87
274,1886,2160,0.126852,0.918,1.126570e+02,1.373720e-03,0.3441,3.3112,0,9,116,1715,83,87
275,1885,2160,0.127315,0.918,1.128582e+02,1.785096e-03,0.3487,3.2977,0,8,116,1714,83,87
276,1884,2160,0.127778,0.918,1.129296e+02,1.393497e-03,0.3512,3.3094,0,9,182,1713,83,87
277,1883,2160,0.128241,0.918,1.134956e+02,1.543772e-02,0.3417,3.3099,0,5,177,1712,83,87
278,1882,2160,0.128704,0.917,1.182779e+02,1.904695e-02,0.3434,3.3102,0,5,128,1711,83,87
279,1881,2160,0.129167,0.917,1.184199e+02,1.602002e-02,0.346,3.3186,0,5,174,1710,83,87
280,1880,2160,0.12963,0.917,1.212581e+02,2.210038e-02,0.3466,3.3086,0,5,76,1709,83,87
281,1879,2160,0.130093,0.915,1.233706e+02,2.656795e-02,0.3541,3.3072,0,5,48,1708,83,87
282,1878,2160,0.130556,0.917,1.219510e+02,2.145260e-02,0.3531,3.3081,0,5,36,1707,83,87
283,1877,2160,0.131019,0.917,1.214170e+02,1.985540e-02,0.3575,3.3226,0,5,121,1706,83,87
284,1876,2160,0.131481,0.917,1.237505e+02,1.799140e-02,0.3501,3.3078,0,5,146,1705,83,87
285,1875,2160,0.131944,0.916,1.263558e+02,1.706551e-02,0.3481,3.2992,0,5,160,1704,83,87
286,1874,2160,0.132407,0.918,1.284020e+02,1.530425e-02,0.3464,3.3167,0,5,35,1703,83,87
287,1873,2160,0.13287,0.917,1.327079e+02,1.955916e-02,0.3507,3.3067,0,5,195,1702,83,87
288,1872,2160,0.133333,0.917,1.358007e+02,2.049580e-02,0.3455,3.3187,0,5,31,1701,83,87
289,1871,2160,0.133796,0.917,1.376173e+02,2.657100e-02,0.3468,3.319,0,5,162,1700,83,87
290,1870,2160,0.134259,0.918,1.378907e+02,1.739755e-02,0.3489,3.313,0,5,82,1699,83,87
291,1869,2160,0.134722,0.918,1.387625e+02,1.356241e-03,0.342,3.3073,0,9,70,1698,83,87
292,1868,2160,0.135185,0.918,1.394813e+02,1.770142e-03,0.3446,3.321,0,8,14,1697,83,87
293,1867,2160,0.135648,0.918,1.401400e+02,1.781650e-03,0.3541,3.3175,0,8,160,1696,83,87
294,1866,2160,0.136111,0.918,1.406476e+02,1.407672e-03,0.34,3.3023,0,9,174,1695,83,87
295,1865,2160,0.136574,0.918,1.408497e+02,4.549289e-03,0.3491,3.3157,0,1,27,1694,83,87
296,1864,2160,0.137037,0.918,1.417313e+02,1.422255e-03,0.3444,3.3202,0,9,93,1693,83,87
297,1863,2160,0.1375,0.918,1.421849e+02,1.776176e-03,0.345,3.303,0,8,62,1692,83,87
298,1862,2160,0.137963,0.918,1.425493e+02,7.600587e-03,0.3483,3.3176,1,8,7,1692,82,87
299,1861,2160,0.138426,0.916,1.438296e+02,1.375760e-03,0.3552,3.3113,0,3,167,1691,82,87
300,1860,2160,0.138889,0.916,1.439373e+02,1.257635e-03,0.357,3.3216,0,7,11,1690,82,87
301,1859,2160,0.139352,0.916,1.445687e+02,1.239299e-03,0.3533,3.3158,0,7,104,1689,82,87
302,1858,2160,0.139815,0.916,1.448982e+02,1.925608e-03,0.3553,3.3221,0,8,167,1688,82,87
303,1857,2160,0.140278,0.916,1.449106e+02,1.920686e-03,0.3493,3.3193,0,8,64,1687,82,87
304,1856,2160,0.140741,0.916,1.455739e+02,1.301117e-03,0.3582,3.3023,0,6,149,1686,82,87
305,1855,2160,0.141204,0.916,1.462691e+02,5.021928e-03,0.3522,3.3172,0,1,140,1685,82,87
306,1854,2160,0.141667,0.916,1.479588e+02,1.348830e-03,0.3533,3.3121,0,7,82,1684,82,87
307,1853,2160,0.14213,0.916,1.488214e+02,1.316429e-03,0.3465,3.3236,0,6,185,1683,82,87
308,1852,2160,0.142593,0.915,1.494449e+02,1.322647e-03,0.3441,3.3003,0,6,28,1682,82,87
309,1851,2160,0.143056,0.916,1.501386e+02,1.385505e-03,0.3422,3.3212,0,7,161,1681,82,87
310,1850,2160,0.143519,0.915,1.506248e+02,8.418272e-04,0.3445,3.3145,0,4,28,1680,82,87
311,1849,2160,0.143981,0.915,1.507038e+02,1.976001e-02,0.3433,3.3039,0,5,152,1679,82,87
312,1848,2160,0.144444,0.915,1.568497e+02,2.360655e-02,0.3599,3.3289,0,5,44,1678,82,87
313,1847,2160,0.144907,0.915,1.560658e+02,2.911429e-02,0.347,3.3195,0,5,118,1677,82,87
314,1846,2160,0.14537,0.915,1.539557e+02,2.071347e-02,0.3442,3.3172,0,5,143,1676,82,87
315,1845,2160,0.145833,0.914,1.567109e+02,2.272884e-02,0.3501,3.3274,0,5,124,1675,82,87
316,1844,2160,0.146296,0.915,1.584256e+02,2.475362e-02,0.3441,3.3096,0,5,122,1674,82,87
317,1843,2160,0.146759,0.914,1.617429e+02,2.794002e-02,0.3492,3.3087,0,5,59,1673,82,87
318,1842,2160,0.147222,0.913,1.608642e+02,2.571888e-02,0.3471,3.3116,0,5,145,1672,82,87
319,1841,2160,0.147685,0.914,1.653894e+02,1.734761e-02,0.3488,3.3131,0,5,151,1671,82,87
320,1840,2160,0.148148,0.914,1.625184e+02,1.355304e-03,0.3451,3.3069,0,2,28,1670,82,87
321,1839,2160,0.148611,0.914,1.635147e+02,2.008993e-03,0.3491,3.2952,0,8,32,1669,82,87
322,1838,2160,0.149074,0.914,1.646361e+02,1.983678e-03,0.3594,3.3071,0,8,10,1668,82,87
323,1837,2160,0.149537,0.914,1.655053e+02,5.315232e-03,0.3442,3.3113,0,1,2,1667,82,87
324,1836,2160,0.15,0.914,1.678623e+02,5.221749e-03,0.3494,3.3122,0,1,152,1666,82,87
325,1835,2160,0.150463,0.914,1.701848e+02,5.396474e-03,0.3454,3.314,0,1,52,1665,82,87
326,1834,2160,0.150926,0.916,1.722778e+02,1.621020e-03,0.3417,3.322,0,2,35,1664,82,87
327,1833,2160,0.151389,0.916,1.742246e+02,1.624128e-03,0.3414,3.3137,0,2,185,1663,82,87
328,1832,2160,0.151852,0.916,1.758799e+02,1.557666e-03,0.3475,3.2998,0,9,185,1662,82,87
329,1831,2160,0.152315,0.916,1.738261e+02,8.720534e-04,0.3519,3.2958,0,4,1,1661,82,87
330,1830,2160,0.152778,0.916,1.749382e+02,1.638929e-03,0.3425,3.3091,0,2,119,1660,82,87
331,1829,2160,0.153241,0.916,1.762057e+02,1.655353e-03,0.3448,3.33,0,9,168,1659,82,87
332,1828,2160,0.153704,0.916,1.766182e+02,2.059443e-02,0.3456,3.3139,0,5,176,1658,82,87
333,1827,2160,0.154167,0.916,1.845246e+02,3.442639e-02,0.3417,3.3153,0,5,63,1657,82,87
334,1826,2160,0.15463,0.916,1.807841e+02,2.173020e-02,0.344,3.3224,0,5,8,1656,82,87
335,1825,2160,0.155093,0.916,1.778064e+02,3.048480e-02,0.3482,3.3101,0,5,68,1655,82,87
336,1824,2160,0.155556,0.917,1.873961e+02,2.810571e-02,0.3443,3.3103,0,5,103,1654,82,87
337,1823,2160,0.156019,0.918,1.791249e+02,1.251470e-01,0.3497,3.3179,1,0,5,1654,81,87
338,1822,2160,0.156481,0.916,1.899586e+02,2.263832e-02,0.347,3.3025,0,5,175,1653,81,87
339,1821,2160,0.156944,0.916,1.936692e+02,1.205335e-01,0.3462,3.3198,1,6,5,1653,80,87
340,1820,2160,0.157407,0.911,1.961488e+02,2.220263e-02,0.3391,3.3024,0,5,183,1652,80,87
341,1819,2160,0.15787,0.911,1.951438e+02,2.345424e-02,0.3475,3.3067,0,5,53,1651,80,87
342,1818,2160,0.158333,0.911,2.017187e+02,3.340085e-02,0.3471,3.3189,0,5,172,1650,80,87
343,1817,2160,0.158796,0.911,1.985806e+02,2.422593e-02,0.3426,3.3229,0,5,102,1649,80,87
344,1816,2160,0.159259,0.911,1.979461e+02,3.415060e-02,0.345,3.3213,0,5,93,1648,80,87
345,1815,2160,0.159722,0.907,2.069707e+02,2.462977e-02,0.3502,3.3032,0,5,46,1647,80,87
346,1814,2160,0.160185,0.91,2.021966e+02,2.233934e-02,0.3423,3.3212,0,5,94,1646,80,87
347,1813,2160,0.160648,0.91,2.063444e+02,3.709886e-02,0.3352,3.3012,0,5,144,1645,80,87
348,1812,2160,0.161111,0.907,2.092778e+02,2.337296e-02,0.3434,3.2914,0,5,74,1644,80,87
349,1811,2160,0.161574,0.908,2.067885e+02,1.987308e-02,0.341,3.2983,0,5,18,1643,80,87
350,1810,2160,0.162037,0.908,2.128899e+02,3.801991e-02,0.3496,3.3053,0,5,147,1642,80,87
351,1809,2160,0.1625,0.905,2.152295e+02,2.450360e-02,0.3469,3.307,0,5,100,1641,80,87
352,1808,2160,0.162963,0.905,2.134373e+02,2.354635e-02,0.3491,3.3027,0,5,85,1640,80,87
353,1807,2160,0.163426,0.905,2.227207e+02,3.429351e-02,0.3464,3.3125,0,5,104,1639,80,87
354,1806,2160,0.163889,0.902,2.208724e+02,2.616543e-02,0.3423,3.3137,0,5,107,1638,80,87
355,1805,2160,0.164352,0.903,2.235313e+02,2.998164e-02,0.3519,3.3254,0,5,171,1637,80,87
356,1804,2160,0.164815,0.903,2.316483e+02,3.084863e-02,0.353,3.3062,0,5,73,1636,80,87
357,1803,2160,0.165278,0.903,2.290577e+02,3.717778e-02,0.3443,3.3044,0,5,49,1635,80,87
358,1802,2160,0.165741,0.898,2.376672e+02,4.579994e-02,0.3485,3.3085,0,5,101,1634,80,87
359,1801,2160,0.166204,0.898,2.341892e+02,4.745273e-02,0.3413,3.3179,0,5,90,1633,80,87
360,1800,2160,0.166667,0.897,2.428257e+02,4.676490e-02,0.3414,3.322,0,5,95,1632,80,87
361,1799,2160,0.16713,0.897,2.335232e+02,2.985160e-02,0.348,3.3193,0,5,120,1631,80,87
362,1798,2160,0.167593,0.897,2.416375e+02,5.654762e-02,0.344,3.3144,0,5,105,1630,80,87
363,1797,2160,0.168056,0.896,2.482075e+02,3.594737e-02,0.3519,3.297,0,5,87,1629,80,87
364,1796,2160,0.168519,0.896,2.422157e+02,3.001434e-02,0.3384,3.3054,0,5,150,1628,80,87
365,1795,2160,0.168981,0.896,2.469663e+02,5.504259e-02,0.347,3.3106,0,5,77,1627,80,87
366,1794,2160,0.169444,0.897,2.568273e+02,3.213219e-02,0.3438,3.3109,0,5,165,1626,80,87
367,1793,2160,0.169907,0.897,2.487911e+02,4.800179e-02,0.3412,3.3205,0,5,115,1625,80,87
368,1792,2160,0.17037,0.897,2.512430e+02,6.101549e-02,0.349,3.3066,0,5,92,1624,80,87
369,1791,2160,0.170833,0.897,2.612216e+02,4.419313e-02,0.3511,3.3272,0,5,60,1623,80,87
370,1790,2160,0.171296,0.897,2.563142e+02,3.331425e-02,0.3482,3.3119,0,5,131,1622,80,87
371,1789,2160,0.171759,0.898,2.580479e+02,7.611523e-02,0.3429,3.3123,0,5,91,1621,80,87
372,1788,2160,0.172222,0.897,2.650090e+02,6.114142e-02,0.339,3.3052,0,5,47,1620,80,87
373,1787,2160,0.172685,0.897,2.647392e+02,3.716711e-02,0.3395,3.2965,0,5,61,1619,80,87
374,1786,2160,0.173148,0.897,2.645532e+02,7.793172e-02,0.3459,3.3109,0,5,116,1618,80,87
375,1785,2160,0.173611,0.897,2.644005e+02,7.868477e-02,0.3475,3.312,1,3,5,1618,79,87
376,1784,2160,0.174074,0.897,2.642656e+02,1.267947e-01,0.3461,1.4664,1,4,5,1618,78,87
377,1783,2160,0.174537,0.897,2.642117e+02,7.474035e-02,0.3337,3.3197,0,5,117,1617,78,87
378,1782,2160,0.175,0.897,2.640910e+02,2.036905e-03,0.3419,3.3019,0,8,5,1616,78,87
379,1781,2160,0.175463,0.897,2.657308e+02,1.647217e-03,0.3467,3.3108,0,9,83,1615,78,87
380,1780,2160,0.175926,0.897,2.667784e+02,5.562843e-03,0.3399,3.3077,0,1,19,1614,78,87
381,1779,2160,0.176389,0.897,2.688973e+02,1.650309e-03,0.3404,3.3073,0,3,31,1613,78,87
382,1778,2160,0.176852,0.897,2.694846e+02,1.674557e-03,0.3427,3.2946,0,3,156,1612,78,87
383,1777,2160,0.177315,0.897,2.697215e+02,5.614718e-03,0.3474,3.3055,0,1,173,1611,78,87
384,1776,2160,0.177778,0.897,2.725244e+02,1.395316e-03,0.3414,3.3132,0,0,111,1610,78,87
385,1775,2160,0.178241,0.897,2.736004e+02,2.194846e-03,0.337,3.321,0,8,0,1609,78,87
386,1774,2160,0.178704,0.897,2.746251e+02,2.225466e-03,0.3389,3.3108,0,8,29,1608,78,87
387,1773,2160,0.179167,0.897,2.756146e+02,1.393055e-03,0.3368,3.3069,0,0,98,1607,78,87
388,1772,2160,0.17963,0.897,2.763794e+02,2.221353e-03,0.3465,3.3105,0,8,70,1606,78,87
389,1771,2160,0.180093,0.897,2.771901e+02,2.246333e-03,0.3407,3.3217,0,8,185,1605,78,87
390,1770,2160,0.180556,0.897,2.779724e+02,1.461379e-03,0.3389,3.3138,0,0,40,1604,78,87
391,1769,2160,0.181019,0.897,2.784596e+02,1.779937e-03,0.338,3.3099,0,2,7,1603,78,87
392,1768,2160,0.181481,0.897,2.800607e+02,6.122065e-03,0.3419,3.2847,0,1,181,1602,78,87
393,1767,2160,0.181944,0.897,2.819571e+02,5.841012e-03,0.3363,3.3245,0,1,162,1601,78,87
394,1766,2160,0.182407,0.896,2.840926e+02,6.415683e-03,0.3354,3.3158,0,1,182,1600,78,87
395,1765,2160,0.18287,0.896,2.866123e+02,1.509801e-03,0.3316,3.3222,0,0,2,1599,78,87
396,1764,2160,0.183333,0.896,2.882218e+02,6.415725e-03,0.3369,3.3034,0,1,40,1598,78,87
397,1763,2160,0.183796,0.896,2.918118e+02,6.260383e-03,0.3365,3.3187,0,1,25,1597,78,87
398,1762,2160,0.184259,0.896,2.949257e+02,1.004110e-03,0.3393,3.3052,0,4,17,1596,78,87
399,1761,2160,0.184722,0.896,2.969463e+02,1.561700e-03,0.3502,3.3079,0,0,99,1595,78,87
400,1760,2160,0.185185,0.896,2.976237e+02,1.874083e-03,0.3394,3.2998,0,3,192,1594,78,87
401,1759,2160,0.185648,0.896,2.990449e+02,1.689507e-03,0.3328,3.3163,0,6,3,1593,78,87
402,1758,2160,0.186111,0.896,3.003178e+02,1.074205e-03,0.3477,3.3171,0,4,0,1592,78,87
403,1757,2160,0.186574,0.896,3.009789e+02,6.896796e-03,0.3409,3.3125,0,1,184,1591,78,87
404,1756,2160,0.187037,0.896,3.023066e+02,1.724596e-03,0.3405,3.3135,0,6,192,1590,78,87
405,1755,2160,0.1875,0.896,3.034103e+02,1.934915e-03,0.3291,3.316,0,3,193,1589,78,87
406,1754,2160,0.187963,0.896,3.039924e+02,2.006689e-03,0.3401,3.3012,0,2,134,1588,78,87
407,1753,2160,0.188426,0.896,3.060450e+02,7.047809e-03,0.3436,3.3066,0,1,194,1587,78,87
408,1752,2160,0.188889,0.896,3.084462e+02,7.174218e-03,0.3281,3.304,0,1,13,1586,78,87
409,1751,2160,0.189352,0.896,3.114386e+02,2.114640e-03,0.3276,3.2954,0,2,195,1585,78,87
410,1750,2160,0.189815,0.896,3.145659e+02,7.047845e-03,0.333,3.306,0,1,149,1584,78,87
411,1749,2160,0.190278,0.896,3.179506e+02,2.081811e-03,0.3315,3.3032,0,3,42,1583,78,87
412,1748,2160,0.190741,0.896,3.187956e+02,2.145478e-03,0.3404,3.3123,0,3,97,1582,78,87
413,1747,2160,0.191204,0.895,3.191009e+02,2.783126e-03,0.3325,3.295,0,8,148,1581,78,87
414,1746,2160,0.191667,0.896,3.199423e+02,1.879431e-03,0.3339,3.3041,0,6,137,1580,78,87
415,1745,2160,0.19213,0.896,3.215451e+02,7.603984e-03,0.3353,3.3014,0,1,41,1579,78,87
416,1744,2160,0.192593,0.895,3.241454e+02,1.808216e-03,0.3381,3.3137,0,0,30,1578,78,87
417,1743,2160,0.193056,0.895,3.253492e+02,2.160969e-03,0.34,3.3123,0,3,38,1577,78,87
418,1742,2160,0.193519,0.895,3.252312e+02,1.221719e-03,0.3352,3.3106,0,4,14,1576,78,87
419,1741,2160,0.193981,0.895,3.262580e+02,2.005780e-03,0.3426,3.321,0,7,191,1575,78,87
420,1740,2160,0.194444,0.895,3.273859e+02,2.934115e-03,0.337,3.3153,0,8,142,1574,78,87
421,1739,2160,0.194907,0.895,3.279068e+02,2.290188e-03,0.3391,3.3137,0,9,136,1573,78,87
422,1738,2160,0.19537,0.896,3.278033e+02,1.863430e-03,0.3394,3.3162,0,0,20,1572,78,87
423,1737,2160,0.195833,0.895,3.276673e+02,2.297872e-03,0.3495,3.3268,0,9,14,1571,78,87
424,1736,2160,0.196296,0.895,3.279754e+02,7.245337e-03,0.3358,3.3186,0,1,170,1570,78,87
425,1735,2160,0.196759,0.896,3.328515e+02,7.528849e-03,0.3391,3.3227,0,1,126,1569,78,87
426,1734,2160,0.197222,0.895,3.370044e+02,7.910361e-03,0.3349,3.3163,0,1,67,1568,78,87
427,1733,2160,0.197685,0.896,3.378771e+02,8.314314e-03,0.3399,3.297,0,1,64,1567,78,87
428,1732,2160,0.198148,0.894,3.394468e+02,7.673445e-03,0.3272,3.3221,0,1,174,1566,78,87
429,1731,2160,0.198611,0.895,3.421678e+02,4.949593e-03,0.3304,3.3119,1,9,8,1566,77,87
430,1730,2160,0.199074,0.895,3.462824e+02,2.351477e-03,0.3306,3.3231,0,2,171,1565,77,87
431,1729,2160,0.199537,0.894,3.482229e+02,1.891589e-03,0.3253,3.3079,0,0,186,1564,77,87
432,1728,2160,0.2,0.894,3.494860e+02,2.301334e-03,0.3288,3.3035,0,3,104,1563,77,87
433,1727,2160,0.200463,0.894,3.491616e+02,8.141392e-03,0.3231,3.3022,0,1,100,1562,77,87
434,1726,2160,0.200926,0.894,3.512728e+02,2.985742e-03,0.3233,3.3046,0,8,42,1561,77,87
435,1725,2160,0.201389,0.894,3.535389e+02,7.966234e-03,0.3298,3.3021,0,1,141,1560,77,87
436,1724,2160,0.201852,0.894,3.574405e+02,1.278501e-03,0.3333,3.3177,0,4,132,1559,77,87
437,1723,2160,0.202315,0.895,3.588762e+02,3.846618e-02,0.3272,3.3036,1,1,1,1559,76,87
438,1722,2160,0.202778,0.895,3.779183e+02,1.205695e-01,0.3232,3.3197,1,8,1,1559,75,87
439,1721,2160,0.203241,0.896,3.970995e+02,1.234739e-03,0.3227,3.3111,0,4,97,1558,75,87
440,1720,2160,0.203704,0.896,4.002602e+02,8.175924e-03,0.3238,3.3211,0,1,36,1557,75,87
441,1719,2160,0.204167,0.896,4.041491e+02,8.509806e-03,0.324,3.2971,0,1,46,1556,75,87
442,1718,2160,0.20463,0.896,4.071937e+02,2.968944e-03,0.33,3.3021,0,8,117,1555,75,87
443,1717,2160,0.205093,0.896,4.092185e+02,2.405251e-03,0.3276,3.3173,0,9,112,1554,75,87
444,1716,2160,0.205556,0.896,4.106025e+02,2.410392e-03,0.3298,3.3164,0,2,42,1553,75,87
445,1715,2160,0.206019,0.896,4.128858e+02,2.057748e-03,0.3248,3.3111,0,6,8,1552,75,87
446,1714,2160,0.206481,0.896,4.149298e+02,8.466902e-03,0.3388,3.3041,0,1,5,1551,75,87
447,1713,2160,0.206944,0.896,4.165676e+02,3.092874e-03,0.3373,3.3026,0,8,43,1550,75,87
448,1712,2160,0.207407,0.896,4.180938e+02,1.312782e-03,0.3296,3.2922,0,4,8,1549,75,87
449,1711,2160,0.20787,0.896,4.200025e+02,2.009331e-03,0.3247,3.3069,0,0,194,1548,75,87
450,1710,2160,0.208333,0.896,4.199810e+02,1.993695e-03,0.3248,3.3108,0,0,4,1547,75,87
451,1709,2160,0.208796,0.896,4.196138e+02,8.836508e-03,0.33,3.3109,0,1,99,1546,75,87
452,1708,2160,0.209259,0.895,4.212521e+02,2.171447e-03,0.3416,3.3124,0,6,30,1545,75,87
453,1707,2160,0.209722,0.895,4.236579e+02,2.031637e-03,0.3198,3.3198,0,0,43,1544,75,87
454,1706,2160,0.210185,0.895,4.232763e+02,2.526260e-03,0.3336,3.3078,0,9,194,1543,75,87
455,1705,2160,0.210648,0.895,4.238779e+02,8.395916e-03,0.3366,3.3135,0,1,65,1542,75,87
456,1704,2160,0.211111,0.896,4.291863e+02,8.330671e-03,0.3246,3.3237,0,1,71,1541,75,87
457,1703,2160,0.211574,0.896,4.355482e+02,2.200430e-03,0.3257,3.306,0,7,84,1540,75,87
458,1702,2160,0.212037,0.896,4.396373e+02,2.009591e-03,0.319,3.3061,0,0,70,1539,75,87
459,1701,2160,0.2125,0.896,4.417566e+02,2.066046e-03,0.3364,3.3096,0,0,16,1538,75,87
460,1700,2160,0.212963,0.896,4.431953e+02,8.284822e-03,0.3265,3.2974,0,1,8,1537,75,87
461,1699,2160,0.213426,0.896,4.476214e+02,2.573423e-03,0.3206,3.3221,0,2,29,1536,75,87
462,1698,2160,0.213889,0.896,4.525456e+02,1.408479e-03,0.3313,3.323,0,4,84,1535,75,87
463,1697,2160,0.214352,0.896,4.528735e+02,9.023798e-03,0.3235,3.3162,0,1,57,1534,75,87
464,1696,2160,0.214815,0.896,4.567603e+02,9.194030e-03,0.3324,3.3112,0,1,163,1533,75,87
465,1695,2160,0.215278,0.896,4.605816e+02,9.054115e-03,0.3213,3.3146,0,1,169,1532,75,87
466,1694,2160,0.215741,0.896,4.639302e+02,2.256660e-03,0.3244,3.3126,0,7,8,1531,75,87
467,1693,2160,0.216204,0.896,4.688215e+02,2.590346e-03,0.3272,3.2864,0,9,139,1530,75,87
468,1692,2160,0.216667,0.896,4.707602e+02,2.588263e-03,0.328,3.3147,0,9,60,1529,75,87
469,1691,2160,0.21713,0.896,4.714129e+02,3.284195e-03,0.3338,3.3039,0,8,18,1528,75,87
470,1690,2160,0.217593,0.896,4.735446e+02,2.138510e-03,0.3198,3.3001,0,0,151,1527,75,87
471,1689,2160,0.218056,0.896,4.740838e+02,2.606779e-03,0.3252,3.302,0,3,169,1526,75,87
472,1688,2160,0.218519,0.896,4.732628e+02,2.390783e-03,0.3258,3.3209,0,7,87,1525,75,87
473,1687,2160,0.218981,0.896,4.744025e+02,2.313341e-03,0.3297,3.3123,0,6,14,1524,75,87
474,1686,2160,0.219444,0.896,4.760775e+02,2.400013e-03,0.3231,3.3087,0,7,83,1523,75,87
475,1685,2160,0.219907,0.896,4.774599e+02,1.505652e-03,0.3295,3.3111,0,4,29,1522,75,87
476,1684,2160,0.22037,0.896,4.780742e+02,1.528317e-03,0.3214,3.314,0,4,107,1521,75,87
477,1683,2160,0.220833,0.896,4.777626e+02,9.873706e-03,0.3202,3.3227,0,1,29,1520,75,87
478,1682,2160,0.221296,0.896,4.800009e+02,2.747581e-03,0.3309,3.3068,0,9,55,1519,75,87
479,1681,2160,0.221759,0.896,4.809873e+02,2.449289e-03,0.3314,3.3206,0,7,40,1518,75,87
480,1680,2160,0.222222,0.896,4.830978e+02,3.505308e-03,0.322,3.3255,0,8,80,1517,75,87
481,1679,2160,0.222685,0.897,4.835890e+02,2.473836e-03,0.3267,3.3133,0,7,16,1516,75,87
482,1678,2160,0.223148,0.897,4.857314e+02,2.089553e-03,0.3286,3.3127,0,6,16,1515,75,87
483,1677,2160,0.223611,0.897,4.810345e+02,4.161539e-02,0.3246,3.3204,1,6,1,1515,74,87
484,1676,2160,0.224074,0.896,5.098096e+02,5.071629e-02,0.3284,3.3029,1,9,1,1515,73,87
485,1675,2160,0.224537,0.893,4.971688e+02,9.584418e-03,0.3281,3.2942,0,1,26,1514,73,87
486,1674,2160,0.225,0.893,5.042596e+02,9.558944e-03,0.3255,3.3058,0,1,193,1513,73,87
487,1673,2160,0.225463,0.893,5.102078e+02,9.385433e-03,0.3214,3.3021,0,1,187,1512,73,87
488,1672,2160,0.225926,0.893,5.179021e+02,9.726997e-03,0.3291,3.2964,0,1,164,1511,73,87
489,1671,2160,0.226389,0.893,5.260111e+02,2.490887e-03,0.3228,3.3043,0,7,27,1510,73,87
490,1670,2160,0.226852,0.893,5.306951e+02,2.598053e-03,0.3254,3.3034,0,7,147,1509,73,87
491,1669,2160,0.227315,0.892,5.339310e+02,2.879403e-03,0.3195,3.3183,0,3,188,1508,73,87
492,1668,2160,0.227778,0.892,5.334105e+02,3.745502e-03,0.3233,3.311,0,8,6,1507,73,87
493,1667,2160,0.228241,0.892,5.343552e+02,2.545148e-03,0.3193,3.2894,0,6,98,1506,73,87
494,1666,2160,0.228704,0.892,5.383138e+02,2.995150e-03,0.3224,3.3205,0,2,158,1505,73,87
495,1665,2160,0.229167,0.892,5.432891e+02,3.807049e-03,0.3314,3.2991,0,8,41,1504,73,87
496,1664,2160,0.22963,0.893,5.455827e+02,1.060726e-02,0.3309,2.3352,0,1,176,1503,73,87
497,1663,2160,0.230093,0.893,5.534635e+02,1.104043e-02,0.3281,3.3112,0,1,16,1502,73,87
498,1662,2160,0.230556,0.892,5.599472e+02,1.155529e-02,0.3311,3.3126,0,1,4,1501,73,87
499,1661,2160,0.231019,0.892,5.623550e+02,2.988968e-03,0.3257,3.3233,0,9,192,1500,73,87
500,1660,2160,0.231481,0.893,5.662079e+02,1.166201e-02,0.3301,3.3055,0,1,15,1499,73,87
501,1659,2160,0.231944,0.892,5.636597e+02,2.612098e-03,0.3231,3.3173,0,6,41,1498,73,87
502,1658,2160,0.232407,0.892,5.656806e+02,2.501022e-03,0.3279,3.2862,0,0,155,1497,73,87
503,1657,2160,0.23287,0.892,5.667931e+02,4.001796e-03,0.327,3.3256,0,8,37,1496,73,87
504,1656,2160,0.233333,0.892,5.685841e+02,2.653292e-03,0.3295,3.3104,0,6,167,1495,73,87
505,1655,2160,0.233796,0.892,5.726335e+02,1.130577e-02,0.3297,3.3067,0,1,12,1494,73,87
506,1654,2160,0.234259,0.892,5.774827e+02,3.011328e-03,0.3174,3.3088,0,3,182,1493,73,87
507,1653,2160,0.234722,0.892,5.780654e+02,2.535764e-03,0.3202,3.2969,0,0,139,1492,73,87
508,1652,2160,0.235185,0.892,5.797377e+02,9.801803e-04,0.3264,3.3202,1,3,6,1492,72,87
509,1651,2160,0.235648,0.892,5.753616e+02,3.132974e-03,0.3201,3.3208,0,9,17,1491,72,87
510,1650,2160,0.236111,0.892,5.818000e+02,2.754917e-03,0.3248,3.307,0,7,189,1490,72,87
511,1649,2160,0.236574,0.891,5.850939e+02,1.765342e-03,0.3303,3.3228,0,4,61,1489,72,87
512,1648,2160,0.237037,0.891,5.864084e+02,2.765487e-03,0.3293,3.3209,0,6,169,1488,72,87
513,1647,2160,0.2375,0.891,5.898896e+02,3.404604e-03,0.3184,3.316,0,2,17,1487,72,87
514,1646,2160,0.237963,0.891,5.891684e+02,2.700902e-03,0.3214,3.3043,0,6,168,1486,72,87
515,1645,2160,0.238426,0.891,5.939178e+02,2.600434e-03,0.3193,3.3134,0,7,168,1485,72,87
516,1644,2160,0.238889,0.891,5.883977e+02,3.189120e-03,0.3175,3.3113,0,2,154,1484,72,87
517,1643,2160,0.239352,0.891,5.952377e+02,2.810090e-03,0.3196,3.3224,0,7,138,1483,72,87
518,1642,2160,0.239815,0.891,5.989335e+02,3.265112e-03,0.3333,3.3241,0,2,143,1482,72,87
519,1641,2160,0.240278,0.892,6.034759e+02,2.594734e-03,0.3231,3.3147,0,0,67,1481,72,87
520,1640,2160,0.240741,0.892,6.033092e+02,3.249498e-03,0.3217,3.2929,0,9,95,1480,72,87
521,1639,2160,0.241204,0.892,6.027952e+02,2.815862e-03,0.3233,3.3023,0,6,85,1479,72,87
522,1638,2160,0.241667,0.892,6.047836e+02,1.156345e-02,0.3262,3.2989,0,1,30,1478,72,87
523,1637,2160,0.24213,0.891,6.092646e+02,1.207243e-02,0.3173,3.3084,0,1,45,1477,72,87
524,1636,2160,0.242593,0.892,6.204620e+02,3.249349e-03,0.3241,3.3029,0,2,26,1476,72,87
525,1635,2160,0.243056,0.893,6.284049e+02,4.190351e-03,0.3193,3.3392,0,8,188,1475,72,87
526,1634,2160,0.243519,0.893,6.335675e+02,4.229423e-03,0.3322,3.2978,0,8,65,1474,72,87
527,1633,2160,0.243981,0.893,6.369360e+02,3.332074e-03,0.3159,3.3284,0,2,101,1473,72,87
528,1632,2160,0.244444,0.893,6.420843e+02,3.407931e-03,0.3284,3.3144,0,9,101,1472,72,87
529,1631,2160,0.244907,0.893,6.327938e+02,3.398515e-03,0.324,3.3135,0,2,71,1471,72,87
530,1630,2160,0.24537,0.893,6.395180e+02,2.699664e-03,0.3226,3.3195,0,0,3,1470,72,87
531,1629,2160,0.245833,0.893,6.426493e+02,3.298249e-03,0.3181,3.323,0,3,4,1469,72,87
532,1628,2160,0.246296,0.894,6.420183e+02,3.025793e-03,0.3182,3.3293,0,7,166,1468,72,87
533,1627,2160,0.246759,0.894,6.442256e+02,1.253792e-02,0.3247,3.307,0,1,56,1467,72,87
534,1626,2160,0.247222,0.893,6.489543e+02,3.347816e-03,0.3211,3.3169,0,3,9,1466,72,87
535,1625,2160,0.247685,0.893,6.489406e+02,3.367767e-03,0.3189,3.3145,0,9,146,1465,72,87
536,1624,2160,0.248148,0.894,6.491175e+02,2.937155e-03,0.3228,3.3077,0,6,97,1464,72,87
537,1623,2160,0.248611,0.895,6.559654e+02,4.535228e-03,0.314,3.2903,0,8,71,1463,72,87
538,1622,2160,0.249074,0.895,6.566643e+02,1.275665e-02,0.3258,3.2971,0,1,85,1462,72,87
539,1621,2160,0.249537,0.893,6.636567e+02,3.465832e-03,0.3259,3.3167,0,9,30,1461,72,87
540,1620,2160,0.25,0.895,6.686594e+02,4.428454e-03,0.3161,3.3166,0,8,84,1460,72,87
541,1619,2160,0.250463,0.894,6.729385e+02,1.222413e-02,0.3255,3.3161,0,1,69,1459,72,87
542,1618,2160,0.250926,0.895,6.801280e+02,1.259991e-02,0.311,3.3205,0,1,168,1458,72,87
543,1617,2160,0.251389,0.894,6.862963e+02,1.210080e-02,0.3216,3.3066,0,1,188,1457,72,87
544,1616,2160,0.251852,0.895,6.942526e+02,3.453028e-03,0.3184,3.3198,0,3,125,1456,72,87
545,1615,2160,0.252315,0.895,6.970272e+02,3.583346e-03,0.318,3.3135,0,9,140,1455,72,87
546,1614,2160,0.252778,0.894,7.000612e+02,4.529838e-03,0.3204,3.3196,0,8,111,1454,72,87
547,1613,2160,0.253241,0.895,7.049534e+02,8.356098e-02,0.3156,3.2948,2,0,8,1454,72,86
548,1612,2160,0.253704,0.888,7.549061e+02,4.594153e-03,0.3114,3.3116,0,8,125,1453,72,86
549,1611,2160,0.254167,0.888,7.587588e+02,2.916339e-03,0.3157,3.32,0,0,22,1452,72,86
550,1610,2160,0.25463,0.888,7.608851e+02,3.056404e-03,0.3204,3.3099,0,0,125,1451,72,86
551,1609,2160,0.255093,0.888,7.558314e+02,3.626088e-03,0.3314,3.3183,0,2,125,1450,72,86
552,1608,2160,0.255556,0.887,7.610059e+02,1.281506e-02,0.3176,3.3078,0,1,58,1449,72,86
553,1607,2160,0.256019,0.889,7.713078e+02,1.279898e-02,0.3146,3.3148,0,1,53,1448,72,86
554,1606,2160,0.256481,0.887,7.787342e+02,1.261237e-02,0.3233,3.3113,0,1,125,1447,72,86
555,1605,2160,0.256944,0.889,7.860289e+02,3.557290e-03,0.3238,3.3111,0,2,150,1446,72,86
556,1604,2160,0.257407,0.888,7.952917e+02,2.898092e-03,0.3192,3.3138,0,0,79,1445,72,86
557,1603,2160,0.25787,0.889,7.989832e+02,2.861207e-03,0.3151,3.301,0,0,0,1444,72,86
558,1602,2160,0.258333,0.888,8.040930e+02,3.224563e-03,0.3186,3.3016,0,7,22,1443,72,86
559,1601,2160,0.258796,0.888,8.073783e+02,3.689194e-03,0.321,3.3175,0,9,115,1442,72,86
560,1600,2160,0.259259,0.889,8.097031e+02,3.326178e-03,0.3152,3.3236,0,7,111,1441,72,86
561,1599,2160,0.259722,0.889,8.112336e+02,1.371098e-02,0.3252,3.3236,0,1,93,1440,72,86
562,1598,2160,0.260185,0.886,8.180166e+02,1.276983e-02,0.3257,3.3088,0,1,98,1439,72,86
563,1597,2160,0.260648,0.888,8.267682e+02,4.726692e-03,0.3216,3.3169,0,8,168,1438,72,86
564,1596,2160,0.261111,0.888,8.326428e+02,3.303385e-03,0.3214,3.3184,0,7,194,1437,72,86
565,1595,2160,0.261574,0.888,8.386169e+02,3.660074e-03,0.3182,3.3144,0,3,37,1436,72,86
566,1594,2160,0.262037,0.887,8.370766e+02,3.662207e-03,0.3109,3.3085,0,3,195,1435,72,86
567,1593,2160,0.2625,0.886,8.353889e+02,3.674680e-03,0.3192,3.316,0,3,183,1434,72,86
568,1592,2160,0.262963,0.887,8.337202e+02,3.014548e-03,0.3181,3.31,0,0,168,1433,72,86
569,1591,2160,0.263426,0.888,8.311463e+02,1.983848e-03,0.3157,3.313,0,4,16,1432,72,86
570,1590,2160,0.263889,0.888,8.363123e+02,2.033592e-03,0.3173,3.3227,0,4,42,1431,72,86
571,1589,2160,0.264352,0.887,8.422353e+02,3.739624e-03,0.3103,3.3157,0,3,71,1430,72,86
572,1588,2160,0.264815,0.887,8.409103e+02,4.931600e-03,0.3162,3.2966,0,8,22,1429,72,86
573,1587,2160,0.265278,0.888,8.447045e+02,1.400179e-02,0.3229,3.3239,0,1,51,1428,72,86
574,1586,2160,0.265741,0.888,8.485828e+02,1.396909e-02,0.3138,3.3078,0,1,3,1427,72,86
575,1585,2160,0.266204,0.888,8.597793e+02,4.798406e-03,0.3273,3.3133,0,8,94,1426,72,86
576,1584,2160,0.266667,0.887,8.657299e+02,4.897105e-03,0.3198,3.3206,0,8,23,1425,72,86
577,1583,2160,0.26713,0.888,8.705735e+02,3.856549e-03,0.3099,3.3067,0,2,5,1424,72,86
578,1582,2160,0.267593,0.888,8.792629e+02,4.972955e-03,0.3095,3.3218,0,8,74,1423,72,86
579,1581,2160,0.268056,0.887,8.834791e+02,2.133527e-03,0.3248,3.3164,0,4,2,1422,72,86
580,1580,2160,0.268519,0.888,8.887690e+02,3.803012e-03,0.3151,3.295,0,3,115,1421,72,86
581,1579,2160,0.268981,0.887,8.852606e+02,5.089477e-03,0.315,3.3151,0,8,175,1420,72,86
582,1578,2160,0.269444,0.886,8.866505e+02,3.982211e-03,0.312,3.317,0,2,13,1419,72,86
583,1577,2160,0.269907,0.885,8.941164e+02,1.471476e-02,0.3221,3.3186,0,1,195,1418,72,86
584,1576,2160,0.27037,0.887,9.080994e+02,3.563018e-03,0.3181,3.3324,0,7,140,1417,72,86
585,1575,2160,0.270833,0.887,9.149562e+02,3.415698e-03,0.3192,3.3205,0,6,140,1416,72,86
586,1574,2160,0.271296,0.886,9.082093e+02,5.155859e-03,0.3224,3.3065,0,8,11,1415,72,86
587,1573,2160,0.271759,0.887,9.154991e+02,4.049386e-03,0.3202,3.3049,0,2,2,1414,72,86
588,1572,2160,0.272222,0.888,9.231010e+02,4.059121e-03,0.3144,3.3115,0,2,16,1413,72,86
589,1571,2160,0.272685,0.888,9.303656e+02,3.616754e-03,0.3195,3.3093,0,7,75,1412,72,86
590,1570,2160,0.273148,0.888,9.346330e+02,3.933315e-03,0.3198,3.3116,0,3,121,1411,72,86
591,1569,2160,0.273611,0.889,9.316359e+02,5.251002e-03,0.3218,3.3043,0,8,8,1410,72,86
592,1568,2160,0.274074,0.889,9.400636e+02,4.088712e-03,0.3266,3.3177,0,3,184,1409,72,86
593,1567,2160,0.274537,0.89,9.400822e+02,3.411984e-03,0.3208,3.3315,0,0,178,1408,72,86
594,1566,2160,0.275,0.89,9.403295e+02,3.818046e-03,0.3228,3.3103,0,9,178,1407,72,86
595,1565,2160,0.275463,0.889,9.326294e+02,1.510434e-02,0.319,3.3188,0,1,153,1406,72,86
596,1564,2160,0.275926,0.888,9.473671e+02,1.547680e-02,0.3142,3.2921,0,1,18,1405,72,86
597,1563,2160,0.276389,0.889,9.587431e+02,3.692297e-03,0.3188,3.3154,0,7,187,1404,72,86
598,1562,2160,0.276852,0.889,9.679448e+02,3.792933e-03,0.3209,3.3056,0,7,54,1403,72,86
599,1561,2160,0.277315,0.888,9.738417e+02,5.783375e-03,0.32,3.3094,0,8,187,1402,72,86
600,1560,2160,0.277778,0.889,9.686626e+02,5.311856e-03,0.3155,3.3078,0,8,194,1401,72,86
601,1559,2160,0.278241,0.889,9.795909e+02,3.411931e-03,0.3175,3.3284,0,0,21,1400,72,86
602,1558,2160,0.278704,0.889,9.835831e+02,3.393848e-03,0.3221,3.3147,0,0,37,1399,72,86
603,1557,2160,0.279167,0.889,9.872438e+02,1.624394e-02,0.3139,3.3167,0,1,102,1398,72,86
604,1556,2160,0.27963,0.886,9.982068e+02,1.644814e-02,0.3163,3.2998,0,1,55,1397,72,86
605,1555,2160,0.280093,0.887,1.010322e+03,3.393050e-03,0.3086,3.3106,0,0,32,1396,72,86
606,1554,2160,0.280556,0.887,1.017533e+03,3.414516e-03,0.3168,3.3157,0,0,54,1395,72,86
607,1553,2160,0.281019,0.887,1.020306e+03,4.201022e-03,0.3144,3.3139,0,3,140,1394,72,86
608,1552,2160,0.281481,0.888,1.023131e+03,3.560319e-03,0.3145,3.3141,0,0,72,1393,72,86
609,1551,2160,0.281944,0.887,1.026635e+03,5.264556e-03,0.3151,3.3091,0,8,72,1392,72,86
610,1550,2160,0.282407,0.888,1.018990e+03,4.197744e-03,0.3075,3.3168,0,3,126,1391,72,86
611,1549,2160,0.28287,0.887,1.023507e+03,4.234822e-03,0.316,3.3003,0,3,73,1390,72,86
612,1548,2160,0.283333,0.888,1.024820e+03,3.853849e-03,0.3131,3.3014,0,7,4,1389,72,86
613,1547,2160,0.283796,0.888,1.033702e+03,1.094781e-01,0.3117,3.3299,2,9,8,1389,72,85
614,1546,2160,0.284259,0.867,1.106054e+03,3.735778e-03,0.3124,3.3128,0,6,42,1388,72,85
615,1545,2160,0.284722,0.867,1.120397e+03,3.792242e-03,0.3161,3.3169,0,6,4,1387,72,85
616,1544,2160,0.285185,0.867,1.122543e+03,1.592956e-02,0.3165,3.3175,0,1,44,1386,72,85
617,1543,2160,0.285648,0.87,1.141457e+03,1.605779e-02,0.3202,3.3186,0,1,124,1385,72,85
618,1542,2160,0.286111,0.868,1.158315e+03,5.644697e-03,0.3139,3.3227,0,8,141,1384,72,85
619,1541,2160,0.286574,0.868,1.167142e+03,3.949890e-03,0.3133,3.3061,0,7,145,1383,72,85
620,1540,2160,0.287037,0.868,1.175188e+03,3.625877e-03,0.3151,3.3071,0,0,126,1382,72,85
621,1539,2160,0.2875,0.868,1.174889e+03,3.624261e-03,0.32,3.2607,0,0,112,1381,72,85
622,1538,2160,0.287963,0.868,1.178085e+03,4.313537e-03,0.3157,3.328,0,3,0,1380,72,85
623,1537,2160,0.288426,0.868,1.185544e+03,3.631877e-03,0.313,3.3194,0,0,190,1379,72,85
624,1536,2160,0.288889,0.868,1.187181e+03,4.100080e-03,0.3066,3.2981,0,7,68,1378,72,85
625,1535,2160,0.289352,0.868,1.190568e+03,4.540718e-03,0.3128,3.3041,0,2,183,1377,72,85
626,1534,2160,0.289815,0.868,1.197988e+03,3.904922e-03,0.3093,3.3295,0,6,2,1376,72,85
627,1533,2160,0.290278,0.868,1.203433e+03,3.716365e-03,0.3169,3.3078,0,0,108,1375,72,85
628,1532,2160,0.290741,0.868,1.202361e+03,1.684271e-02,0.3225,3.3059,0,1,132,1374,72,85
629,1531,2160,0.291204,0.869,1.205791e+03,1.781314e-02,0.3098,3.2972,0,1,86,1373,72,85
630,1530,2160,0.291667,0.87,1.216106e+03,1.710069e-02,0.3117,3.3062,0,1,142,1372,72,85
631,1529,2160,0.29213,0.869,1.223856e+03,2.340629e-03,0.3036,3.3085,0,4,86,1371,72,85
632,1528,2160,0.292593,0.869,1.228220e+03,4.480432e-03,0.3168,3.3087,0,2,0,1370,72,85
633,1527,2160,0.293056,0.868,1.235149e+03,3.668941e-03,0.3134,3.3036,0,0,55,1369,72,85
634,1526,2160,0.293519,0.868,1.239502e+03,4.689573e-03,0.3178,3.2995,0,2,55,1368,72,85
635,1525,2160,0.293981,0.868,1.248035e+03,3.926511e-03,0.3096,3.3058,0,6,0,1367,72,85
636,1524,2160,0.294444,0.868,1.261157e+03,5.876682e-03,0.309,3.3232,0,8,39,1366,72,85
637,1523,2160,0.294907,0.868,1.267948e+03,2.562682e-03,0.3079,3.2942,0,4,177,1365,72,85
638,1522,2160,0.29537,0.868,1.273365e+03,4.636999e-03,0.3107,3.3145,0,9,167,1364,72,85
639,1521,2160,0.295833,0.867,1.275096e+03,4.155837e-03,0.3062,3.305,0,7,29,1363,72,85
640,1520,2160,0.296296,0.868,1.284215e+03,4.698680e-03,0.3147,3.3206,0,2,181,1362,72,85
641,1519,2160,0.296759,0.868,1.295751e+03,5.996232e-03,0.3064,3.3072,0,8,97,1361,72,85
642,1518,2160,0.297222,0.868,1.302513e+03,4.136005e-03,0.3115,3.3123,0,7,163,1360,72,85
643,1517,2160,0.297685,0.868,1.309605e+03,4.185778e-03,0.309,3.3005,0,7,113,1359,72,85
644,1516,2160,0.298148,0.868,1.313612e+03,4.778447e-03,0.3137,3.3112,0,2,145,1358,72,85
645,1515,2160,0.298611,0.868,1.319430e+03,6.532821e-03,0.3112,3.3006,0,8,113,1357,72,85
646,1514,2160,0.299074,0.868,1.311702e+03,4.133174e-03,0.307,3.3173,0,6,55,1356,72,85
647,1513,2160,0.299537,0.869,1.317960e+03,4.615382e-03,0.3135,3.3251,0,3,118,1355,72,85
648,1512,2160,0.3,0.869,1.314467e+03,4.751491e-03,0.323,3.3181,0,9,126,1354,72,85
649,1511,2160,0.300463,0.869,1.317840e+03,3.866234e-03,0.3115,3.3136,0,0,165,1353,72,85
650,1510,2160,0.300926,0.869,1.317847e+03,4.273203e-03,0.3187,3.2987,0,7,180,1352,72,85
651,1509,2160,0.301389,0.869,1.321739e+03,4.880057e-03,0.3128,3.3054,0,9,85,1351,72,85
652,1508,2160,0.301852,0.869,1.324777e+03,1.638158e-02,0.3058,3.3179,0,1,54,1350,72,85
653,1507,2160,0.302315,0.872,1.334586e+03,1.862111e-02,0.3099,3.3372,0,1,23,1349,72,85
654,1506,2160,0.302778,0.871,1.342574e+03,1.670848e-02,0.3227,3.3127,0,1,6,1348,72,85
655,1505,2160,0.303241,0.871,1.354086e+03,1.813066e-02,0.3046,3.3225,0,1,24,1347,72,85
656,1504,2160,0.303704,0.872,1.375652e+03,1.901872e-02,0.311,3.3156,0,1,151,1346,72,85
657,1503,2160,0.304167,0.871,1.386704e+03,4.115867e-03,0.3076,3.3164,0,6,1,1345,72,85
658,1502,2160,0.30463,0.871,1.401150e+03,4.248608e-03,0.3165,3.3035,0,7,70,1344,72,85
659,1501,2160,0.305093,0.871,1.414132e+03,4.221101e-03,0.3096,3.3037,0,6,70,1343,72,85
660,1500,2160,0.305556,0.871,1.406113e+03,3.875746e-03,0.3204,3.3166,0,0,181,1342,72,85
661,1499,2160,0.306019,0.871,1.410511e+03,4.013966e-03,0.3117,3.3143,0,0,173,1341,72,85
662,1498,2160,0.306481,0.871,1.414586e+03,6.308754e-02,0.3066,3.3014,1,4,1,1341,71,85
663,1497,2160,0.306944,0.87,1.496781e+03,1.730693e-02,0.311,3.3106,0,1,84,1340,71,85
664,1496,2160,0.307407,0.87,1.514181e+03,1.989311e-02,0.3093,3.302,0,1,109,1339,71,85
665,1495,2160,0.30787,0.87,1.526139e+03,1.790267e-02,0.3046,3.3188,0,1,113,1338,71,85
666,1494,2160,0.308333,0.869,1.545123e+03,1.819985e-02,0.3197,3.3105,0,1,22,1337,71,85
667,1493,2160,0.308796,0.871,1.564627e+03,1.918757e-02,0.312,3.3054,0,1,90,1336,71,85
668,1492,2160,0.309259,0.87,1.569035e+03,1.832383e-02,0.3126,3.3106,0,1,147,1335,71,85
669,1491,2160,0.309722,0.871,1.587772e+03,1.847080e-02,0.3097,3.3293,0,1,74,1334,71,85
670,1490,2160,0.310185,0.869,1.608997e+03,1.895439e-02,0.3101,3.3142,0,1,179,1333,71,85
671,1489,2160,0.310648,0.874,1.638721e+03,1.898816e-02,0.3052,3.3014,0,1,104,1332,71,85
672,1488,2160,0.311111,0.876,1.647871e+03,4.198977e-03,0.3168,3.3085,0,6,116,1331,71,85
673,1487,2160,0.311574,0.875,1.662568e+03,1.738201e-02,0.3152,3.3223,0,1,110,1330,71,85
674,1486,2160,0.312037,0.875,1.681635e+03,4.814785e-03,0.3133,3.3047,0,9,87,1329,71,85
675,1485,2160,0.3125,0.875,1.688225e+03,4.008057e-03,0.303,3.3141,0,0,122,1328,71,85
676,1484,2160,0.312963,0.875,1.693157e+03,2.017378e-02,0.3085,3.3068,0,1,155,1327,71,85
677,1483,2160,0.313426,0.876,1.709581e+03,5.087976e-03,0.3066,3.3283,0,9,91,1326,71,85
678,1482,2160,0.313889,0.876,1.718597e+03,4.895797e-03,0.3106,3.3186,0,3,100,1325,71,85
679,1481,2160,0.314352,0.876,1.719922e+03,3.047712e-02,0.3039,3.3051,1,8,0,1325,70,85
680,1480,2160,0.314815,0.877,1.738410e+03,5.020572e-03,0.3092,3.3147,0,2,1,1324,70,85
681,1479,2160,0.315278,0.876,1.751218e+03,4.371826e-03,0.3184,3.2877,0,6,143,1323,70,85
682,1478,2160,0.315741,0.875,1.765605e+03,1.947576e-02,0.3133,3.317,0,1,127,1322,70,85
683,1477,2160,0.316204,0.874,1.779190e+03,2.753983e-03,0.3134,3.3099,0,4,59,1321,70,85
684,1476,2160,0.316667,0.874,1.787058e+03,5.028223e-03,0.3127,3.3134,0,3,85,1320,70,85
685,1475,2160,0.31713,0.874,1.785870e+03,5.250487e-03,0.3069,3.307,0,3,59,1319,70,85
686,1474,2160,0.317593,0.874,1.776706e+03,4.393051e-03,0.2989,3.3238,0,6,11,1318,70,85
687,1473,2160,0.318056,0.874,1.791265e+03,5.149620e-03,0.2969,3.3078,0,9,123,1317,70,85
688,1472,2160,0.318519,0.873,1.797020e+03,4.437235e-03,0.3111,3.3177,0,6,15,1316,70,85
689,1471,2160,0.318981,0.873,1.805722e+03,5.170559e-03,0.2994,3.3202,0,9,15,1315,70,85
690,1470,2160,0.319444,0.873,1.798518e+03,1.395547e-01,0.3108,3.315,2,3,8,1315,70,84
691,1469,2160,0.319907,0.876,1.891772e+03,4.132484e-03,0.3144,3.294,0,0,25,1314,70,84
692,1468,2160,0.32037,0.877,1.897469e+03,6.618095e-03,0.311,3.3225,0,8,57,1313,70,84
693,1467,2160,0.320833,0.877,1.903267e+03,4.241285e-03,0.3038,3.3043,0,0,46,1312,70,84
694,1466,2160,0.321296,0.877,1.905354e+03,5.132208e-03,0.3021,3.3043,0,2,118,1311,70,84
695,1465,2160,0.321759,0.877,1.914959e+03,5.117177e-03,0.3064,3.3044,0,9,100,1310,70,84
696,1464,2160,0.322222,0.877,1.915797e+03,4.484476e-03,0.3124,3.3031,0,6,150,1309,70,84
697,1463,2160,0.322685,0.876,1.919389e+03,4.646676e-03,0.3007,3.328,0,7,114,1308,70,84
698,1462,2160,0.323148,0.876,1.925367e+03,6.667067e-03,0.3105,3.2918,0,8,161,1307,70,84
699,1461,2160,0.323611,0.876,1.928610e+03,1.495364e-01,0.3084,3.3215,2,2,8,1307,70,83
700,1460,2160,0.324074,0.847,2.003912e+03,5.195741e-03,0.3137,3.3169,0,3,158,1306,70,83
701,1459,2160,0.324537,0.847,1.998434e+03,5.197352e-03,0.2988,3.3167,0,3,52,1305,70,83
702,1458,2160,0.325,0.846,1.992874e+03,5.140838e-03,0.3044,3.3246,0,2,168,1304,70,83
703,1457,2160,0.325463,0.846,2.008456e+03,5.189214e-03,0.3081,3.313,0,3,5,1303,70,83
704,1456,2160,0.325926,0.844,2.010888e+03,6.831544e-03,0.307,3.2998,0,8,127,1302,70,83
705,1455,2160,0.326389,0.844,2.017184e+03,6.779456e-03,0.3041,3.3202,0,8,13,1301,70,83
706,1454,2160,0.326852,0.844,2.022460e+03,4.270227e-03,0.3055,3.3102,0,0,179,1300,70,83
707,1453,2160,0.327315,0.844,2.024764e+03,4.743331e-03,0.3081,3.3183,0,7,38,1299,70,83
708,1452,2160,0.327778,0.844,2.032078e+03,4.320939e-03,0.3066,3.3139,0,0,65,1298,70,83
709,1451,2160,0.328241,0.845,2.033533e+03,5.284082e-03,0.2997,3.3081,0,3,89,1297,70,83
710,1450,2160,0.328704,0.844,2.030358e+03,2.959790e-03,0.309,3.324,0,4,120,1296,70,83
711,1449,2160,0.329167,0.844,2.032625e+03,4.589095e-03,0.2979,3.3004,0,7,120,1295,70,83
712,1448,2160,0.32963,0.844,2.018109e+03,6.876258e-03,0.2974,3.3134,0,8,7,1294,70,83
713,1447,2160,0.330093,0.844,2.024454e+03,5.325384e-03,0.3034,3.3137,0,9,102,1293,70,83
714,1446,2160,0.330556,0.846,2.028323e+03,6.971753e-03,0.2912,3.3156,0,8,183,1292,70,83
715,1445,2160,0.331019,0.846,2.033136e+03,6.989268e-03,0.3117,3.3069,0,8,174,1291,70,83
716,1444,2160,0.331481,0.846,2.039187e+03,5.516788e-03,0.3127,3.3058,0,9,41,1290,70,83
717,1443,2160,0.331944,0.846,2.044338e+03,3.901454e-03,0.3044,3.2995,0,0,41,1289,70,83
718,1442,2160,0.332407,0.846,2.031605e+03,5.375698e-03,0.3001,3.3206,0,3,113,1288,70,83
719,1441,2160,0.33287,0.846,2.033628e+03,5.405542e-03,0.2932,3.3113,0,3,139,1287,70,83
720,1440,2160,0.333333,0.846,2.033594e+03,7.061379e-03,0.2996,3.3111,0,8,191,1286,70,83
721,1439,2160,0.333796,0.846,2.042819e+03,2.919543e-03,0.2999,3.3105,0,4,55,1285,70,83
722,1438,2160,0.334259,0.846,2.056909e+03,5.555664e-03,0.3076,3.2979,0,2,56,1284,70,83
723,1437,2160,0.334722,0.846,2.071675e+03,7.022199e-03,0.2979,3.325,0,8,83,1283,70,83
724,1436,2160,0.335185,0.846,2.080978e+03,5.747384e-03,0.2909,3.3263,0,9,56,1282,70,83
725,1435,2160,0.335648,0.845,2.057885e+03,3.068815e-03,0.2988,3.3316,0,4,11,1281,70,83
726,1434,2160,0.336111,0.845,2.066718e+03,4.957695e-03,0.2999,3.3195,0,7,102,1280,70,83
727,1433,2160,0.336574,0.845,2.072281e+03,5.523249e-03,0.3006,3.3166,0,2,182,1279,70,83
728,1432,2160,0.337037,0.846,2.089159e+03,4.883673e-03,0.2955,3.3168,0,7,64,1278,70,83
729,1431,2160,0.3375,0.846,2.105089e+03,5.546534e-03,0.315,3.3116,0,3,26,1277,70,83
730,1430,2160,0.337963,0.846,2.105525e+03,5.557667e-03,0.3004,3.3036,0,2,179,1276,70,83
731,1429,2160,0.338426,0.846,2.118152e+03,2.313604e-03,0.3147,3.3116,2,8,4,1276,70,82
732,1428,2160,0.338889,0.846,2.105803e+03,5.538747e-03,0.2927,3.3167,0,9,1,1275,70,82
733,1427,2160,0.339352,0.846,2.120031e+03,2.063715e-02,0.2967,3.3116,0,1,171,1274,70,82
734,1426,2160,0.339815,0.842,2.144184e+03,2.174829e-02,0.3027,3.2892,0,1,75,1273,70,82
735,1425,2160,0.340278,0.841,2.180292e+03,2.110027e-02,0.3091,3.318,0,1,130,1272,70,82
736,1424,2160,0.340741,0.841,2.197662e+03,2.326155e-02,0.3031,3.3166,0,1,95,1271,70,82
737,1423,2160,0.341204,0.842,2.237152e+03,2.117483e-02,0.3015,3.3147,0,1,172,1270,70,82
738,1422,2160,0.341667,0.84,2.273190e+03,4.852144e-03,0.2933,3.3174,0,6,43,1269,70,82
739,1421,2160,0.34213,0.839,2.291440e+03,5.735911e-03,0.2959,3.316,0,9,179,1268,70,82
740,1420,2160,0.342593,0.84,2.292830e+03,4.893157e-03,0.2995,3.3142,0,6,7,1267,70,82
741,1419,2160,0.343056,0.84,2.305506e+03,5.222772e-03,0.2902,3.3161,0,7,7,1266,70,82
742,1418,2160,0.343519,0.84,2.296872e+03,4.539450e-03,0.2986,3.3007,0,0,6,1265,70,82
743,1417,2160,0.343981,0.84,2.306615e+03,4.733327e-03,0.2993,3.3148,0,0,184,1264,70,82
744,1416,2160,0.344444,0.84,2.310872e+03,5.941546e-03,0.2994,3.31,0,2,45,1263,70,82
745,1415,2160,0.344907,0.84,2.328060e+03,2.329400e-02,0.2899,3.3193,0,1,32,1262,70,82
746,1414,2160,0.34537,0.841,2.345781e+03,2.159592e-02,0.2882,3.3128,0,1,191,1261,70,82
747,1413,2160,0.345833,0.84,2.356692e+03,2.583995e-02,0.2995,3.3097,0,1,119,1260,70,82
748,1412,2160,0.346296,0.835,2.395802e+03,2.135608e-02,0.2971,3.3169,0,1,189,1259,70,82
749,1411,2160,0.346759,0.834,2.413720e+03,7.630926e-03,0.3057,3.3132,0,8,189,1258,70,82
750,1410,2160,0.347222,0.833,2.428771e+03,2.265977e-02,0.303,3.3117,0,1,62,1257,70,82
751,1409,2160,0.347685,0.834,2.457065e+03,4.812568e-03,0.3014,3.3038,0,0,26,1256,70,82
752,1408,2160,0.348148,0.834,2.466099e+03,2.273098e-02,0.3058,3.308,0,1,59,1255,70,82
753,1407,2160,0.348611,0.835,2.498831e+03,5.992446e-03,0.2972,3.3133,0,9,135,1254,70,82
754,1406,2160,0.349074,0.832,2.505400e+03,4.880397e-03,0.2957,3.3166,0,0,124,1253,70,82
755,1405,2160,0.349537,0.832,2.508368e+03,2.491314e-02,0.2996,3.3077,0,1,156,1252,70,82
756,1404,2160,0.35,0.831,2.520224e+03,6.027768e-03,0.302,3.3115,0,9,180,1251,70,82
757,1403,2160,0.350463,0.832,2.527620e+03,6.033071e-03,0.2959,3.3132,0,9,155,1250,70,82
758,1402,2160,0.350926,0.831,2.535027e+03,4.952806e-03,0.2939,3.3122,0,0,31,1249,70,82
759,1401,2160,0.351389,0.832,2.535417e+03,4.976220e-03,0.3007,3.3195,0,0,153,1248,70,82
760,1400,2160,0.351852,0.831,2.538743e+03,6.156086e-03,0.2992,3.2974,0,9,46,1247,70,82
761,1399,2160,0.352315,0.831,2.544830e+03,7.775854e-03,0.2937,3.3083,0,8,106,1246,70,82
762,1398,2160,0.352778,0.83,2.549224e+03,7.741574e-03,0.2991,3.2983,0,8,176,1245,70,82
763,1397,2160,0.353241,0.829,2.553133e+03,4.980796e-03,0.295,3.3068,0,0,110,1244,70,82
764,1396,2160,0.353704,0.829,2.554138e+03,7.940544e-03,0.2979,3.313,0,8,155,1243,70,82
765,1395,2160,0.354167,0.831,2.562286e+03,5.461649e-03,0.2961,3.3174,0,7,133,1242,70,82
766,1394,2160,0.35463,0.833,2.573072e+03,6.209276e-03,0.2892,3.3149,0,9,69,1241,70,82
767,1393,2160,0.355093,0.835,2.573939e+03,5.554778e-03,0.288,3.3064,0,7,69,1240,70,82
768,1392,2160,0.355556,0.835,2.573795e+03,5.557636e-03,0.2885,3.3207,0,0,69,1239,70,82
769,1391,2160,0.356019,0.835,2.544283e+03,6.334328e-03,0.2895,3.3131,0,9,111,1238,70,82
770,1390,2160,0.356481,0.836,2.559697e+03,4.990053e-03,0.2957,3.3206,0,0,28,1237,70,82
771,1389,2160,0.356944,0.836,2.570780e+03,5.157580e-03,0.2873,3.311,0,0,113,1236,70,82
772,1388,2160,0.357407,0.836,2.580006e+03,3.414821e-03,0.2867,3.3121,0,4,40,1235,70,82
773,1387,2160,0.35787,0.836,2.593059e+03,8.006308e-03,0.2875,3.2946,0,8,61,1234,70,82
774,1386,2160,0.358333,0.834,2.604081e+03,6.320492e-03,0.2902,3.2946,0,9,4,1233,70,82
775,1385,2160,0.358796,0.835,2.612107e+03,6.271614e-03,0.2881,3.2956,0,3,27,1232,70,82
776,1384,2160,0.359259,0.834,2.609126e+03,5.406101e-03,0.2949,3.3078,0,6,27,1231,70,82
777,1383,2160,0.359722,0.834,2.601899e+03,4.970924e-03,0.2926,3.3087,0,0,7,1230,70,82
778,1382,2160,0.360185,0.834,2.619790e+03,6.302176e-03,0.3011,3.3206,0,2,166,1229,70,82
779,1381,2160,0.360648,0.833,2.647018e+03,6.405027e-03,0.2855,3.3147,0,2,153,1228,70,82
780,1380,2160,0.361111,0.833,2.669241e+03,5.763628e-03,0.2876,3.3165,0,9,153,1227,70,82
781,1379,2160,0.361574,0.832,2.633696e+03,5.668073e-03,0.2843,3.3114,0,7,18,1226,70,82
782,1378,2160,0.362037,0.833,2.659438e+03,3.467228e-03,0.2885,3.3003,0,4,39,1225,70,82
783,1377,2160,0.3625,0.833,2.669845e+03,6.430899e-03,0.2814,3.3269,0,9,20,1224,70,82
784,1376,2160,0.362963,0.832,2.676923e+03,6.840017e-03,0.2816,3.3294,0,9,166,1223,70,82
785,1375,2160,0.363426,0.832,2.657660e+03,8.302142e-03,0.2845,3.3203,0,8,48,1222,70,82
786,1374,2160,0.363889,0.832,2.663894e+03,6.426998e-03,0.2894,3.3036,0,3,145,1221,70,82
787,1373,2160,0.364352,0.832,2.659097e+03,5.072231e-03,0.289,3.311,0,0,166,1220,70,82
788,1372,2160,0.364815,0.834,2.651686e+03,6.471213e-03,0.2756,3.3006,0,9,129,1219,70,82
789,1371,2160,0.365278,0.833,2.659049e+03,5.345699e-03,0.2813,3.3082,0,0,71,1218,70,82
790,1370,2160,0.365741,0.832,2.666450e+03,6.635677e-03,0.2855,3.3193,0,2,99,1217,70,82
791,1369,2160,0.366204,0.834,2.688525e+03,8.489202e-03,0.2824,3.304,0,8,151,1216,70,82
792,1368,2160,0.366667,0.832,2.708182e+03,2.736912e-02,0.2859,3.3211,0,1,0,1215,70,82
793,1367,2160,0.36713,0.834,2.754433e+03,2.604839e-02,0.283,3.3206,0,1,31,1214,70,82
794,1366,2160,0.367593,0.832,2.776382e+03,2.716700e-02,0.2764,3.3013,0,1,180,1213,70,82
795,1365,2160,0.368056,0.836,2.833708e+03,2.484639e-02,0.279,3.3081,0,1,47,1212,70,82
796,1364,2160,0.368519,0.836,2.862352e+03,6.527126e-03,0.2777,3.2984,0,9,99,1211,70,82
797,1363,2160,0.368981,0.835,2.859959e+03,2.729168e-02,0.2753,3.3067,0,1,88,1210,70,82
798,1362,2160,0.369444,0.832,2.911051e+03,2.694845e-02,0.2815,3.3059,0,1,7,1209,70,82
799,1361,2160,0.369907,0.83,2.940658e+03,6.616759e-03,0.2869,3.3142,0,9,32,1208,70,82
800,1360,2160,0.37037,0.83,2.961245e+03,2.474953e-02,0.2988,3.311,0,1,80,1207,70,82
801,1359,2160,0.370833,0.83,2.998168e+03,2.790978e-02,0.2831,3.3105,0,1,94,1206,70,82
802,1358,2160,0.371296,0.83,3.040738e+03,2.594287e-02,0.2765,3.2949,0,1,190,1205,70,82
803,1357,2160,0.371759,0.83,3.062185e+03,5.782848e-03,0.2785,2.9273,0,7,0,1204,70,82
804,1356,2160,0.372222,0.83,3.102315e+03,6.553810e-03,0.2799,3.3155,0,9,7,1203,70,82
805,1355,2160,0.372685,0.829,3.132200e+03,8.603931e-03,0.2691,3.3078,0,8,27,1202,70,82
806,1354,2160,0.373148,0.831,3.151664e+03,5.720815e-03,0.2724,3.3115,0,6,26,1201,70,82
807,1353,2160,0.373611,0.832,3.177458e+03,2.636480e-02,0.2863,3.324,0,1,158,1200,70,82
808,1352,2160,0.374074,0.833,3.225190e+03,2.726108e-02,0.285,3.3192,0,1,148,1199,70,82
809,1351,2160,0.374537,0.825,3.265751e+03,2.927492e-02,0.2774,3.3212,0,1,33,1198,70,82
810,1350,2160,0.375,0.826,3.306791e+03,3.116244e-02,0.2808,3.3151,0,1,116,1197,70,82
811,1349,2160,0.375463,0.821,3.344625e+03,2.883679e-02,0.2828,3.3061,0,1,60,1196,70,82
812,1348,2160,0.375926,0.823,3.389188e+03,6.663668e-03,0.2845,3.3221,0,3,7,1195,70,82
813,1347,2160,0.376389,0.823,3.380941e+03,5.828794e-03,0.2828,3.3176,0,7,151,1194,70,82
814,1346,2160,0.376852,0.823,3.401109e+03,6.830661e-03,0.2795,3.3134,0,2,169,1193,70,82
815,1345,2160,0.377315,0.822,3.434245e+03,6.836341e-03,0.2752,3.3044,0,3,12,1192,70,82
816,1344,2160,0.377778,0.823,3.437230e+03,5.878793e-03,0.2742,3.3144,0,6,121,1191,70,82
817,1343,2160,0.378241,0.823,3.455313e+03,5.929259e-03,0.2787,3.3039,0,6,184,1190,70,82
818,1342,2160,0.378704,0.823,3.478517e+03,5.999041e-03,0.2721,3.3125,0,6,178,1189,70,82
819,1341,2160,0.379167,0.822,3.492927e+03,6.271942e-03,0.2714,3.2959,0,7,52,1188,70,82
820,1340,2160,0.37963,0.823,3.502756e+03,6.123910e-03,0.2873,3.3124,0,7,78,1187,70,82
821,1339,2160,0.380093,0.82,3.505359e+03,7.020708e-03,0.2785,3.3092,0,2,173,1186,70,82
822,1338,2160,0.380556,0.82,3.519107e+03,1.347990e-01,0.2801,3.3134,2,1,8,1186,70,81
823,1337,2160,0.381019,0.787,3.688866e+03,1.405932e-01,0.2766,3.3072,2,4,8,1186,70,80
824,1336,2160,0.381481,0.759,3.853944e+03,4.794646e-03,0.2766,3.3162,2,8,9,1186,70,79
825,1335,2160,0.381944,0.759,3.838717e+03,5.706559e-03,0.2685,3.3115,0,0,45,1185,70,79
826,1334,2160,0.382407,0.76,3.842200e+03,6.569449e-03,0.2733,3.2902,0,9,45,1184,70,79
827,1333,2160,0.38287,0.76,3.825682e+03,5.656489e-03,0.2757,3.3101,0,0,12,1183,70,79
828,1332,2160,0.383333,0.762,3.836402e+03,8.761169e-03,0.2733,3.3104,0,8,12,1182,70,79
829,1331,2160,0.383796,0.76,3.816365e+03,6.114148e-03,0.2771,3.3149,0,7,184,1181,70,79
830,1330,2160,0.384259,0.759,3.846616e+03,9.102033e-03,0.2804,3.3157,0,8,26,1180,70,79
831,1329,2160,0.384722,0.761,3.863150e+03,7.220573e-03,0.2823,3.3022,0,9,127,1179,70,79
832,1328,2160,0.385185,0.761,3.874027e+03,7.190571e-03,0.2744,3.3149,0,3,173,1178,70,79
833,1327,2160,0.385648,0.762,3.869757e+03,5.922916e-03,0.2741,3.3259,0,0,135,1177,70,79
834,1326,2160,0.386111,0.761,3.877380e+03,7.096377e-03,0.2731,3.3165,0,3,18,1176,70,79
835,1325,2160,0.386574,0.76,3.871011e+03,6.187538e-03,0.2705,3.3092,0,6,110,1175,70,79
836,1324,2160,0.387037,0.76,3.882357e+03,6.434964e-03,0.2755,3.3124,0,7,183,1174,70,79
837,1323,2160,0.3875,0.761,3.899956e+03,7.259670e-03,0.2786,3.3171,0,2,10,1173,70,79
838,1322,2160,0.387963,0.761,3.921510e+03,9.419220e-03,0.2847,3.3181,0,8,73,1172,70,79
839,1321,2160,0.388426,0.762,3.928630e+03,3.848631e-03,0.28,3.3178,0,4,183,1171,70,79
840,1320,2160,0.388889,0.762,3.922467e+03,5.695312e-03,0.2786,3.3079,0,6,183,1170,70,79
841,1319,2160,0.389352,0.761,3.915558e+03,5.270323e-03,0.2712,3.2917,0,0,73,1169,70,79
842,1318,2160,0.389815,0.761,3.909229e+03,3.802171e-03,0.2766,3.3241,0,4,112,1168,70,79
843,1317,2160,0.390278,0.761,3.941157e+03,9.501398e-03,0.2707,3.3165,0,8,31,1167,70,79
844,1316,2160,0.390741,0.761,3.966810e+03,7.398986e-03,0.2739,3.3238,0,9,19,1166,70,79
845,1315,2160,0.391204,0.761,3.972662e+03,7.365374e-03,0.2769,3.3129,0,2,9,1165,70,79
846,1314,2160,0.391667,0.761,3.996736e+03,6.609362e-03,0.2702,3.3255,0,7,71,1164,70,79
847,1313,2160,0.39213,0.761,4.019211e+03,4.145511e-03,0.276,3.3015,0,4,24,1163,70,79
848,1312,2160,0.392593,0.761,4.026619e+03,7.544835e-03,0.279,3.3157,0,3,109,1162,70,79
849,1311,2160,0.393056,0.76,4.013828e+03,4.060496e-03,0.2692,3.301,0,4,70,1161,70,79
850,1310,2160,0.393519,0.76,4.030798e+03,7.584920e-03,0.2751,3.3071,0,2,11,1160,70,79
851,1309,2160,0.393981,0.761,4.054409e+03,6.602428e-03,0.2753,3.2935,0,6,94,1159,70,79
852,1308,2160,0.394444,0.762,4.066692e+03,7.695780e-03,0.2783,3.316,0,3,180,1158,70,79
853,1307,2160,0.394907,0.762,4.058563e+03,9.711118e-03,0.2848,3.3197,0,8,53,1157,70,79
854,1306,2160,0.39537,0.761,4.075862e+03,3.172072e-02,0.283,3.3244,0,1,161,1156,70,79
855,1305,2160,0.395833,0.759,4.115103e+03,3.387594e-02,0.2753,3.3121,0,1,79,1155,70,79
856,1304,2160,0.396296,0.756,4.187114e+03,3.285080e-02,0.2646,3.2915,0,1,82,1154,70,79
857,1303,2160,0.396759,0.753,4.206104e+03,1.947072e-01,0.2769,3.3109,1,5,1,1154,69,79
858,1302,2160,0.397222,0.742,4.352523e+03,3.199428e-02,0.2785,3.3122,0,1,114,1153,69,79
859,1301,2160,0.397685,0.741,4.370994e+03,3.376994e-02,0.2743,3.313,0,1,134,1152,69,79
860,1300,2160,0.398148,0.74,4.426196e+03,3.057943e-02,0.2737,3.3165,0,1,157,1151,69,79
861,1299,2160,0.398611,0.74,4.422591e+03,6.177164e-03,0.2722,3.313,0,7,112,1150,69,79
862,1298,2160,0.399074,0.74,4.454300e+03,3.236471e-02,0.2737,3.3143,0,1,150,1149,69,79
863,1297,2160,0.399537,0.737,4.497437e+03,3.665432e-02,0.2721,3.3067,0,1,78,1148,69,79
864,1296,2160,0.4,0.737,4.559044e+03,3.420589e-02,0.2723,3.3057,0,1,68,1147,69,79
865,1295,2160,0.400463,0.737,4.564475e+03,3.868820e-02,0.2705,3.3211,0,1,87,1146,69,79
866,1294,2160,0.400926,0.736,4.654273e+03,3.474582e-02,0.2676,3.3047,0,1,76,1145,69,79
867,1293,2160,0.401389,0.735,4.640929e+03,3.812316e-02,0.2728,3.2941,0,1,115,1144,69,79
868,1292,2160,0.401852,0.734,4.711516e+03,3.440309e-02,0.274,3.3149,0,1,81,1143,69,79
869,1291,2160,0.402315,0.734,4.719016e+03,5.153387e-03,0.2793,3.307,0,0,11,1142,69,79
870,1290,2160,0.402778,0.734,4.742450e+03,6.048247e-03,0.2818,3.3206,0,0,44,1141,69,79
871,1289,2160,0.403241,0.734,4.756685e+03,3.994853e-03,0.2782,3.3191,0,4,25,1140,69,79
872,1288,2160,0.403704,0.734,4.780257e+03,7.006778e-03,0.2752,3.3032,0,3,25,1139,69,79
873,1287,2160,0.404167,0.735,4.745620e+03,7.402078e-03,0.2695,3.3162,0,2,105,1138,69,79
874,1286,2160,0.40463,0.736,4.778680e+03,7.382382e-03,0.276,3.2929,0,3,11,1137,69,79
875,1285,2160,0.405093,0.735,4.808221e+03,3.569320e-02,0.2776,3.2942,0,1,34,1136,69,79
876,1284,2160,0.405556,0.736,4.862354e+03,3.950752e-02,0.2716,3.3125,0,1,107,1135,69,79
877,1283,2160,0.406019,0.734,4.905988e+03,3.544511e-02,0.2775,3.3188,0,1,48,1134,69,79
878,1282,2160,0.406481,0.734,4.962068e+03,4.390625e-02,0.2717,3.3148,0,1,121,1133,69,79
879,1281,2160,0.406944,0.731,5.071794e+03,4.124130e-02,0.2748,3.3201,0,1,138,1132,69,79
880,1280,2160,0.407407,0.731,5.048503e+03,9.450683e-03,0.2756,3.3071,0,8,105,1131,69,79
881,1279,2160,0.40787,0.73,5.052620e+03,5.887761e-03,0.2687,3.3129,0,0,169,1130,69,79
882,1278,2160,0.408333,0.732,5.061875e+03,7.323750e-03,0.274,3.3143,0,2,72,1129,69,79
883,1277,2160,0.408796,0.732,5.089957e+03,7.359928e-03,0.2728,3.3205,0,9,27,1128,69,79
884,1276,2160,0.409259,0.73,5.111659e+03,7.400830e-03,0.2672,3.3203,0,2,96,1127,69,79
885,1275,2160,0.409722,0.73,5.142879e+03,3.666605e-02,0.2745,3.3139,0,1,131,1126,69,79
886,1274,2160,0.410185,0.732,5.237434e+03,5.327798e-02,0.2723,3.3077,0,1,135,1125,69,79
887,1273,2160,0.410648,0.729,5.336760e+03,4.433011e-02,0.2713,3.3159,0,1,61,1124,69,79
888,1272,2160,0.411111,0.731,5.312392e+03,1.906300e-01,0.2729,3.3116,1,2,1,1124,68,79
889,1271,2160,0.411574,0.719,5.525849e+03,5.021077e-02,0.2786,3.3177,0,1,133,1123,68,79
890,1270,2160,0.412037,0.717,5.664540e+03,3.754618e-02,0.2677,3.3099,0,1,177,1122,68,79
891,1269,2160,0.4125,0.717,5.608747e+03,5.768412e-02,0.2731,3.3175,0,1,103,1121,68,79
892,1268,2160,0.412963,0.716,5.741429e+03,5.085756e-02,0.2647,3.3125,0,1,63,1120,68,79
893,1267,2160,0.413426,0.717,5.682156e+03,3.956975e-02,0.2756,3.3234,0,1,50,1119,68,79
894,1266,2160,0.413889,0.717,5.778236e+03,6.028648e-02,0.2753,3.3251,0,1,92,1118,68,79
895,1265,2160,0.414352,0.716,5.831567e+03,4.374600e-02,0.2689,3.3193,0,1,128,1117,68,79
896,1264,2160,0.414815,0.717,5.845065e+03,6.556250e-02,0.2765,3.3103,0,1,108,1116,68,79
897,1263,2160,0.415278,0.715,5.935008e+03,5.465178e-02,0.2784,3.3152,0,1,118,1115,68,79
898,1262,2160,0.415741,0.715,5.898302e+03,4.896571e-02,0.2738,3.3122,0,1,145,1114,68,79
899,1261,2160,0.416204,0.716,5.985179e+03,6.563973e-02,0.2698,3.3169,0,1,122,1113,68,79
900,1260,2160,0.416667,0.715,5.982038e+03,5.400735e-02,0.2679,3.3105,0,1,105,1112,68,79
901,1259,2160,0.41713,0.716,5.994686e+03,9.261614e-02,0.2684,3.3237,0,1,89,1111,68,79
902,1258,2160,0.417593,0.712,6.074593e+03,5.647597e-02,0.2686,3.3192,0,1,143,1110,68,79
903,1257,2160,0.418056,0.712,6.025700e+03,5.696461e-02,0.2699,3.3183,0,1,160,1109,68,79
904,1256,2160,0.418519,0.712,6.020915e+03,6.643236e-02,0.2681,3.3028,0,1,106,1108,68,79
905,1255,2160,0.418981,0.711,6.079249e+03,6.453510e-02,0.2695,3.3162,0,1,137,1107,68,79
906,1254,2160,0.419444,0.711,6.064622e+03,1.594105e-01,0.2729,3.303,1,3,1,1107,67,79
907,1253,2160,0.419907,0.709,6.104145e+03,6.063685e-02,0.2808,3.308,0,1,38,1106,67,79
908,1252,2160,0.42037,0.709,6.101205e+03,7.049734e-02,0.2714,3.3126,0,1,77,1105,67,79
909,1251,2160,0.420833,0.709,6.098762e+03,6.602944e-02,0.2819,3.3127,0,1,91,1104,67,79
910,1250,2160,0.421296,0.709,6.096548e+03,8.727955e-02,0.2748,3.3123,0,1,120,1103,67,79
911,1249,2160,0.421759,0.709,6.094570e+03,1.176332e-01,0.2706,3.3234,0,1,144,1102,67,79
912,1248,2160,0.422222,0.709,6.092683e+03,6.065518e-03,0.2723,3.3137,0,7,177,1101,67,79
913,1247,2160,0.422685,0.708,6.130759e+03,5.650373e-03,0.275,3.3108,0,0,9,1100,67,79
914,1246,2160,0.423148,0.708,6.144124e+03,7.401334e-03,0.268,3.307,0,3,84,1099,67,79
915,1245,2160,0.423611,0.709,6.186030e+03,3.998437e-03,0.2705,3.3044,0,4,181,1098,67,79
916,1244,2160,0.424074,0.709,6.214261e+03,2.637153e-03,0.2669,3.3181,1,4,2,1098,66,79
917,1243,2160,0.424537,0.709,6.191958e+03,7.432709e-03,0.2727,3.327,0,2,83,1097,66,79
918,1242,2160,0.425,0.71,6.237789e+03,6.460962e-03,0.2739,3.3205,0,6,181,1096,66,79
919,1241,2160,0.425463,0.71,6.269308e+03,6.220158e-03,0.2804,3.326,0,0,96,1095,66,79
920,1240,2160,0.425926,0.71,6.277071e+03,7.657124e-03,0.2727,3.316,0,9,89,1094,66,79
921,1239,2160,0.426389,0.709,6.283671e+03,9.833855e-03,0.2769,3.3197,0,8,102,1093,66,79
922,1238,2160,0.426852,0.711,6.301137e+03,7.552233e-03,0.2698,3.3202,0,2,192,1092,66,79
923,1237,2160,0.427315,0.711,6.342819e+03,7.662571e-03,0.2656,3.3041,0,9,43,1091,66,79
924,1236,2160,0.427778,0.71,6.368144e+03,7.819128e-03,0.2767,3.3033,0,2,43,1090,66,79
925,1235,2160,0.428241,0.711,6.345373e+03,7.527939e-03,0.2581,3.3175,0,2,85,1089,66,79
926,1234,2160,0.428704,0.709,6.403263e+03,6.874848e-03,0.2691,3.3149,0,7,109,1088,66,79
927,1233,2160,0.429167,0.709,6.435523e+03,4.100034e-03,0.2663,3.3228,0,4,166,1087,66,79
928,1232,2160,0.42963,0.71,6.467730e+03,8.481603e-03,0.2632,3.3269,0,3,166,1086,66,79
929,1231,2160,0.430093,0.709,6.438101e+03,6.675542e-03,0.2568,3.317,0,6,109,1085,66,79
930,1230,2160,0.430556,0.711,6.452732e+03,6.859657e-03,0.266,3.3002,0,7,185,1084,66,79
931,1229,2160,0.431019,0.709,6.495084e+03,5.584648e-03,0.2597,3.3062,0,0,185,1083,66,79
932,1228,2160,0.431481,0.71,6.466988e+03,6.338441e-03,0.2677,3.3241,0,6,166,1082,66,79
933,1227,2160,0.431944,0.708,6.491184e+03,6.678231e-03,0.2584,3.3194,0,6,195,1081,66,79
934,1226,2160,0.432407,0.708,6.535733e+03,1.014818e-02,0.2719,3.2995,0,8,162,1080,66,79
935,1225,2160,0.43287,0.708,6.566073e+03,8.000636e-03,0.2677,3.3092,0,2,144,1079,66,79
936,1224,2160,0.433333,0.707,6.599534e+03,8.109873e-03,0.2576,3.3203,0,3,105,1078,66,79
937,1223,2160,0.433796,0.712,6.596258e+03,1.033157e-02,0.2566,3.3058,0,8,96,1077,66,79
938,1222,2160,0.434259,0.712,6.618070e+03,7.205663e-03,0.2591,3.3142,0,7,126,1076,66,79
939,1221,2160,0.434722,0.712,6.643310e+03,4.250744e-03,0.2583,3.3201,0,4,9,1075,66,79
940,1220,2160,0.435185,0.711,6.667990e+03,7.150120e-03,0.2686,3.3123,0,7,181,1074,66,79
941,1219,2160,0.435648,0.709,6.697778e+03,8.153899e-03,0.2684,3.3046,0,3,10,1073,66,79
942,1218,2160,0.436111,0.711,6.690206e+03,4.361304e-03,0.2684,3.3122,0,4,126,1072,66,79
943,1217,2160,0.436574,0.71,6.711579e+03,7.421247e-03,0.2584,3.308,0,7,175,1071,66,79
944,1216,2160,0.437037,0.71,6.732114e+03,7.210584e-03,0.262,3.3085,0,6,92,1070,66,79
945,1215,2160,0.4375,0.711,6.738939e+03,1.056628e-02,0.2638,3.3013,0,8,139,1069,66,79
946,1214,2160,0.437963,0.712,6.758113e+03,6.843117e-03,0.2583,3.3143,0,0,143,1068,66,79
947,1213,2160,0.438426,0.712,6.764943e+03,8.398112e-03,0.2622,3.3039,0,2,37,1067,66,79
948,1212,2160,0.438889,0.712,6.796957e+03,8.581945e-03,0.2567,3.3044,0,3,187,1066,66,79
949,1211,2160,0.439352,0.711,6.790462e+03,8.686671e-03,0.2595,3.308,0,9,44,1065,66,79
950,1210,2160,0.439815,0.711,6.797018e+03,8.545403e-03,0.2567,3.3114,0,3,122,1064,66,79
951,1209,2160,0.440278,0.712,6.780118e+03,8.609718e-03,0.2571,3.3107,0,3,163,1063,66,79
952,1208,2160,0.440741,0.712,6.775186e+03,8.642716e-03,0.26,3.3126,0,9,156,1062,66,79
953,1207,2160,0.441204,0.712,6.781373e+03,7.682150e-03,0.2603,3.2947,0,7,128,1061,66,79
954,1206,2160,0.441667,0.712,6.788868e+03,1.107100e-02,0.2577,3.309,0,8,128,1060,66,79
955,1205,2160,0.44213,0.711,6.754809e+03,6.827952e-03,0.2499,3.3168,0,0,156,1059,66,79
956,1204,2160,0.442593,0.711,6.747364e+03,1.191400e-02,0.2613,3.3108,0,8,156,1058,66,79
957,1203,2160,0.443056,0.714,6.735646e+03,1.075349e-02,0.2502,3.319,0,8,92,1057,66,79
958,1202,2160,0.443519,0.71,6.757179e+03,7.504337e-03,0.2635,3.3185,0,7,60,1056,66,79
959,1201,2160,0.443981,0.71,6.784159e+03,8.504950e-03,0.2659,3.3097,0,3,132,1055,66,79
960,1200,2160,0.444444,0.712,6.801497e+03,8.421140e-03,0.2691,3.3034,0,9,6,1054,66,79
961,1199,2160,0.444907,0.713,6.831216e+03,7.335265e-03,0.2563,3.3159,0,6,99,1053,66,79
962,1198,2160,0.44537,0.714,6.856808e+03,6.533142e-03,0.2554,3.3239,0,7,99,1052,66,79
963,1197,2160,0.445833,0.714,6.824265e+03,7.250753e-03,0.2624,3.3102,0,6,5,1051,66,79
964,1196,2160,0.446296,0.715,6.865884e+03,8.690195e-03,0.2537,3.3181,0,2,104,1050,66,79
965,1195,2160,0.446759,0.711,6.910657e+03,1.112873e-02,0.2524,3.3186,0,8,19,1049,66,79
966,1194,2160,0.447222,0.713,6.926307e+03,8.812302e-03,0.2579,3.3262,0,9,74,1048,66,79
967,1193,2160,0.447685,0.711,6.930797e+03,7.033266e-03,0.2445,3.2988,0,0,14,1047,66,79
968,1192,2160,0.448148,0.71,6.964153e+03,7.009777e-03,0.2483,3.3029,0,0,152,1046,66,79
969,1191,2160,0.448611,0.71,6.964068e+03,1.137190e-02,0.2506,3.3257,0,8,152,1045,66,79
970,1190,2160,0.449074,0.709,6.929360e+03,8.673364e-03,0.2593,3.2957,0,2,193,1044,66,79
971,1189,2160,0.449537,0.709,6.980604e+03,8.929360e-03,0.2588,3.3045,0,3,172,1043,66,79
972,1188,2160,0.45,0.709,6.977833e+03,7.086385e-03,0.252,3.2943,0,0,95,1042,66,79
973,1187,2160,0.450463,0.709,6.986136e+03,7.586888e-03,0.2627,3.3157,0,6,6,1041,66,79
974,1186,2160,0.450926,0.711,7.006998e+03,6.982647e-03,0.2572,3.315,0,7,6,1040,66,79
975,1185,2160,0.451389,0.711,6.959478e+03,8.900015e-03,0.2596,3.3054,0,3,3,1039,66,79
976,1184,2160,0.451852,0.711,6.978968e+03,7.202077e-03,0.2652,3.3283,0,0,170,1038,66,79
977,1183,2160,0.452315,0.711,6.994303e+03,9.226079e-03,0.2513,3.2959,0,9,170,1037,66,79
978,1182,2160,0.452778,0.711,6.969010e+03,8.824491e-03,0.2556,3.3207,0,9,134,1036,66,79
979,1181,2160,0.453241,0.711,6.994423e+03,8.873665e-03,0.2511,3.3101,0,2,14,1035,66,79
980,1180,2160,0.453704,0.71,7.048354e+03,8.797266e-03,0.2589,3.3118,0,2,24,1034,66,79
981,1179,2160,0.454167,0.711,7.096115e+03,7.574272e-03,0.2599,3.2998,0,6,162,1033,66,79
982,1178,2160,0.45463,0.711,7.131257e+03,8.834496e-03,0.257,3.3112,0,2,63,1032,66,79
983,1177,2160,0.455093,0.71,7.164127e+03,7.941041e-03,0.2455,3.3136,0,7,169,1031,66,79
984,1176,2160,0.455556,0.711,7.205276e+03,8.982663e-03,0.2475,3.3182,0,3,17,1030,66,79
985,1175,2160,0.456019,0.71,7.237887e+03,8.944737e-03,0.2412,3.3083,0,3,70,1029,66,79
986,1174,2160,0.456481,0.71,7.286576e+03,4.887025e-03,0.2486,3.3223,0,4,154,1028,66,79
987,1173,2160,0.456944,0.71,7.309830e+03,9.368599e-03,0.2459,3.3127,0,9,24,1027,66,79
988,1172,2160,0.457407,0.711,7.295486e+03,7.985380e-03,0.2522,3.3167,0,6,17,1026,66,79
989,1171,2160,0.45787,0.71,7.285403e+03,9.168300e-03,0.2438,3.2988,0,2,33,1025,66,79
990,1170,2160,0.458333,0.709,7.315676e+03,9.261767e-03,0.2458,3.3131,0,3,51,1024,66,79
991,1169,2160,0.458796,0.709,7.305397e+03,9.290731e-03,0.2512,3.3038,0,9,133,1023,66,79
992,1168,2160,0.459259,0.706,7.303057e+03,1.153337e-02,0.2445,3.3228,0,8,81,1022,66,79
993,1167,2160,0.459722,0.709,7.306005e+03,8.123501e-03,0.2556,3.3208,0,7,13,1021,66,79
994,1166,2160,0.460185,0.706,7.332814e+03,9.320263e-03,0.2492,3.3238,0,9,177,1020,66,79
995,1165,2160,0.460648,0.705,7.346891e+03,9.308907e-03,0.2489,3.3191,0,9,193,1019,66,79
996,1164,2160,0.461111,0.707,7.347468e+03,9.325706e-03,0.249,3.2944,0,3,95,1018,66,79
997,1163,2160,0.461574,0.707,7.325719e+03,9.286579e-03,0.2527,3.3122,0,3,191,1017,66,79
998,1162,2160,0.462037,0.707,7.311176e+03,1.166611e-02,0.2483,3.3161,0,8,20,1016,66,79
999,1161,2160,0.4625,0.706,7.337662e+03,8.026981e-03,0.2446,3.3197,0,6,81,1015,66,79
1000,1160,2160,0.462963,0.706,7.345947e+03,9.298523e-03,0.2454,3.3126,0,3,13,1014,66,79
1001,1159,2160,0.463426,0.708,7.326093e+03,8.223621e-03,0.2395,3.2795,0,7,74,1013,66,79
1002,1158,2160,0.463889,0.708,7.343036e+03,9.292224e-03,0.2448,3.3172,0,2,40,1012,66,79
1003,1157,2160,0.464352,0.71,7.375405e+03,4.732347e-03,0.2519,3.3187,0,4,13,1011,66,79
1004,1156,2160,0.464815,0.71,7.370836e+03,6.152596e-03,0.2521,0.1966,0,0,74,1010,66,79
1005,1155,2160,0.465278,0.709,7.406864e+03,5.419680e-03,0.2418,3.3175,0,4,165,1009,66,79
1006,1154,2160,0.465741,0.707,7.402933e+03,9.404918e-03,0.2362,3.3073,0,3,101,1008,66,79
1007,1153,2160,0.466204,0.707,7.390770e+03,9.627602e-03,0.2436,3.3119,0,9,175,1007,66,79
1008,1152,2160,0.466667,0.708,7.392680e+03,1.202643e-02,0.2517,3.316,0,8,165,1006,66,79
1009,1151,2160,0.46713,0.71,7.404629e+03,8.285418e-03,0.2496,3.3164,0,7,20,1005,66,79
1010,1150,2160,0.467593,0.711,7.405130e+03,8.172950e-03,0.2462,3.3091,0,6,130,1004,66,79
1011,1149,2160,0.468056,0.71,7.421829e+03,1.193629e-02,0.254,3.3148,0,8,66,1003,66,79
1012,1148,2160,0.468519,0.711,7.430934e+03,9.554577e-03,0.2509,3.3096,0,2,165,1002,66,79
1013,1147,2160,0.468981,0.71,7.438085e+03,8.007865e-03,0.2502,3.3206,0,6,180,1001,66,79
1014,1146,2160,0.469444,0.71,7.482752e+03,1.179044e-02,0.2548,3.3129,0,8,25,1000,66,79
1015,1145,2160,0.469907,0.714,7.544288e+03,8.146453e-03,0.2458,3.3072,0,6,154,999,66,79
1016,1144,2160,0.47037,0.711,7.582226e+03,8.108204e-03,0.2478,3.3073,0,6,101,998,66,79
1017,1143,2160,0.470833,0.713,7.618314e+03,8.084544e-03,0.2493,3.3191,0,6,139,997,66,79
1018,1142,2160,0.471296,0.712,7.659143e+03,8.213929e-03,0.2483,3.3046,0,6,153,996,66,79
1019,1141,2160,0.471759,0.709,7.705067e+03,1.211439e-02,0.2514,3.2985,0,8,58,995,66,79
1020,1140,2160,0.472222,0.708,7.727562e+03,5.055168e-03,0.2451,3.2972,0,4,58,994,66,79
1021,1139,2160,0.472685,0.708,7.748834e+03,9.877384e-03,0.2556,3.3112,0,9,106,993,66,79
1022,1138,2160,0.473148,0.708,7.752496e+03,8.567139e-03,0.2424,3.3229,0,7,165,992,66,79
1023,1137,2160,0.473611,0.709,7.776928e+03,9.620850e-03,0.2446,3.3209,0,3,1,991,66,79
1024,1136,2160,0.474074,0.709,7.825477e+03,1.189820e-02,0.2476,3.2912,0,8,1,990,66,79
1025,1135,2160,0.474537,0.709,7.840617e+03,9.559444e-03,0.2428,3.3137,0,3,154,989,66,79
1026,1134,2160,0.475,0.707,7.893305e+03,8.425250e-03,0.2507,3.3108,0,7,173,988,66,79
1027,1133,2160,0.475463,0.707,7.935162e+03,9.736537e-03,0.2451,3.3183,0,2,8,987,66,79
1028,1132,2160,0.475926,0.707,7.987591e+03,8.558135e-03,0.2382,3.3244,0,7,2,986,66,79
1029,1131,2160,0.476389,0.707,8.060968e+03,9.732825e-03,0.2405,3.297,0,2,170,985,66,79
1030,1130,2160,0.476852,0.707,8.133191e+03,8.448058e-03,0.242,3.313,0,6,127,984,66,79
1031,1129,2160,0.477315,0.708,8.181393e+03,9.851700e-03,0.2363,3.3032,0,2,3,983,66,79
1032,1128,2160,0.477778,0.707,8.241055e+03,9.881841e-03,0.2402,3.3219,0,9,50,982,66,79
1033,1127,2160,0.478241,0.711,8.253613e+03,7.760694e-03,0.2468,3.3141,0,0,183,981,66,79
1034,1126,2160,0.478704,0.71,8.301053e+03,7.879102e-03,0.2502,3.3097,0,0,193,980,66,79
1035,1125,2160,0.479167,0.71,8.302758e+03,1.235278e-02,0.2436,3.3193,0,8,69,979,66,79
1036,1124,2160,0.47963,0.709,8.355090e+03,1.264242e-02,0.2427,3.3132,0,8,190,978,66,79
1037,1123,2160,0.480093,0.708,8.408386e+03,1.240321e-02,0.2412,3.3135,0,8,122,977,66,79
1038,1122,2160,0.480556,0.708,8.449612e+03,8.609188e-03,0.2474,3.3158,0,6,141,976,66,79
1039,1121,2160,0.481019,0.709,8.491055e+03,9.729562e-03,0.2398,3.3155,0,3,2,975,66,79
1040,1120,2160,0.481481,0.71,8.558279e+03,8.087016e-03,0.2502,3.3036,0,0,142,974,66,79
1041,1119,2160,0.481944,0.709,8.583627e+03,8.518743e-03,0.2358,3.3138,0,6,142,973,66,79
1042,1118,2160,0.482407,0.711,8.615484e+03,1.076384e-02,0.246,3.3034,0,9,142,972,66,79
1043,1117,2160,0.48287,0.71,8.565889e+03,1.014005e-02,0.2481,3.3124,0,9,110,971,66,79
1044,1116,2160,0.483333,0.712,8.602428e+03,1.012639e-02,0.2474,3.3122,0,3,61,970,66,79
1045,1115,2160,0.483796,0.71,8.629713e+03,1.272477e-02,0.2512,3.319,0,8,55,969,66,79
1046,1114,2160,0.484259,0.708,8.677801e+03,1.063048e-02,0.239,3.2963,0,2,142,968,66,79
1047,1113,2160,0.484722,0.709,8.678471e+03,9.977027e-03,0.2426,3.3291,0,2,141,967,66,79
1048,1112,2160,0.485185,0.709,8.720144e+03,1.001170e-02,0.2439,3.3244,0,3,170,966,66,79
1049,1111,2160,0.485648,0.708,8.695930e+03,8.718594e-03,0.2384,3.2948,0,7,55,965,66,79
1050,1110,2160,0.486111,0.709,8.728467e+03,1.018741e-02,0.2421,3.3033,0,3,155,964,66,79
1051,1109,2160,0.486574,0.71,8.742975e+03,1.012928e-02,0.254,3.3111,0,3,29,963,66,79
1052,1108,2160,0.487037,0.71,8.791751e+03,1.260286e-02,0.2446,3.3218,0,8,193,962,66,79
1053,1107,2160,0.4875,0.712,8.839738e+03,1.312529e-01,0.246,3.303,1,8,2,962,65,79
1054,1106,2160,0.487963,0.693,9.218326e+03,1.348231e-01,0.2468,3.3117,1,8,6,962,64,79
1055,1105,2160,0.488426,0.696,9.188960e+03,3.569615e-02,0.2446,3.3192,1,8,4,962,63,79
1056,1104,2160,0.488889,0.701,9.122693e+03,1.784942e-01,0.2488,3.3226,1,8,9,962,62,79
1057,1103,2160,0.489352,0.69,9.153664e+03,1.627531e-01,0.2358,3.3191,1,8,3,962,61,79
1058,1102,2160,0.489815,0.69,9.140170e+03,1.171554e-01,0.2467,3.3243,2,5,8,962,61,78
1059,1101,2160,0.490278,0.69,9.128447e+03,1.004520e-02,0.2417,3.3208,0,2,184,961,61,78
1060,1100,2160,0.490741,0.692,9.217534e+03,1.054560e-02,0.2377,3.3113,0,9,141,960,61,78
1061,1099,2160,0.491204,0.692,9.249746e+03,9.025112e-03,0.2459,3.3193,0,7,178,959,61,78
1062,1098,2160,0.491667,0.69,9.320581e+03,8.720807e-03,0.2535,3.3157,0,6,138,958,61,78
1063,1097,2160,0.49213,0.692,9.370602e+03,1.020170e-02,0.2428,3.3042,0,2,12,957,61,78
1064,1096,2160,0.492593,0.692,9.450988e+03,1.029998e-02,0.2413,3.3138,0,2,19,956,61,78
1065,1095,2160,0.493056,0.691,9.529521e+03,9.251733e-03,0.245,3.3096,0,7,62,955,61,78
1066,1094,2160,0.493519,0.691,9.569853e+03,8.104858e-03,0.2479,3.3152,0,0,154,954,61,78
1067,1093,2160,0.493981,0.689,9.608244e+03,8.755925e-03,0.2345,3.3155,0,6,60,953,61,78
1068,1092,2160,0.494444,0.688,9.653224e+03,8.640158e-03,0.2386,3.3254,0,6,12,952,61,78
1069,1091,2160,0.494907,0.688,9.682328e+03,5.647435e-03,0.241,3.3115,0,4,62,951,61,78
1070,1090,2160,0.49537,0.686,9.664967e+03,1.320331e-02,0.2453,3.3183,0,8,154,950,61,78
1071,1089,2160,0.495833,0.687,9.631568e+03,8.436267e-03,0.2464,3.319,0,0,121,949,61,78
1072,1088,2160,0.496296,0.686,9.642770e+03,8.351926e-03,0.2415,3.3167,0,0,123,948,61,78
1073,1087,2160,0.496759,0.684,9.666573e+03,8.860872e-03,0.242,3.319,0,6,193,947,61,78
1074,1086,2160,0.497222,0.683,9.699487e+03,8.908643e-03,0.2451,3.3112,0,7,193,946,61,78
1075,1085,2160,0.497685,0.683,9.649137e+03,3.862876e-03,0.2364,3.3227,0,4,193,945,61,78
1076,1084,2160,0.498148,0.683,9.670140e+03,1.338306e-02,0.2466,3.3145,0,8,138,944,61,78
1077,1083,2160,0.498611,0.682,9.728114e+03,9.272618e-03,0.2401,3.3149,0,7,107,943,61,78
1078,1082,2160,0.499074,0.679,9.784011e+03,1.418001e-02,0.2351,3.3047,0,8,107,942,61,78
1079,1081,2160,0.499537,0.683,9.765735e+03,1.072617e-02,0.2413,3.319,0,2,148,941,61,78
1080,1080,2160,0.5,0.682,9.824155e+03,1.100521e-02,0.2435,3.3063,0,9,120,940,61,78
1081,1079,2160,0.500463,0.682,9.859237e+03,9.140460e-03,0.242,3.3167,0,6,194,939,61,78
1082,1078,2160,0.500926,0.683,9.907288e+03,1.028658e-02,0.2412,3.2974,0,3,194,938,61,78
1083,1077,2160,0.501389,0.684,9.820130e+03,9.404785e-03,0.2464,3.3248,0,7,10,937,61,78
1084,1076,2160,0.501852,0.684,9.866663e+03,9.062774e-03,0.2386,3.3179,0,6,125,936,61,78
1085,1075,2160,0.502315,0.682,9.937406e+03,1.074812e-02,0.2406,3.3193,0,2,59,935,61,78
1086,1074,2160,0.502778,0.683,1.000840e+04,8.449546e-03,0.2431,3.3057,0,0,138,934,61,78
1087,1073,2160,0.503241,0.686,1.002336e+04,1.115321e-02,0.2395,3.3105,0,9,125,933,61,78
1088,1072,2160,0.503704,0.684,1.004380e+04,9.369916e-03,0.243,3.3202,0,7,59,932,61,78
1089,1071,2160,0.504167,0.685,1.007775e+04,1.104298e-02,0.2429,3.3099,0,9,137,931,61,78
1090,1070,2160,0.50463,0.685,1.009774e+04,1.092294e-02,0.2382,3.3124,0,2,4,930,61,78
1091,1069,2160,0.505093,0.684,1.018045e+04,1.366780e-02,0.2482,3.3068,0,8,4,929,61,78
1092,1068,2160,0.505556,0.687,1.024787e+04,9.768331e-03,0.2441,3.2957,0,7,100,928,61,78
1093,1067,2160,0.506019,0.686,1.030066e+04,1.001962e-02,0.2465,3.3092,0,7,86,927,61,78
1094,1066,2160,0.506481,0.684,1.032976e+04,1.129501e-02,0.2461,3.3256,0,2,38,926,61,78
1095,1065,2160,0.506944,0.686,1.039118e+04,8.954494e-03,0.2422,3.319,0,0,58,925,61,78
1096,1064,2160,0.507407,0.687,1.043737e+04,6.351502e-03,0.2438,3.3069,0,4,15,924,61,78
1097,1063,2160,0.50787,0.686,1.045945e+04,1.033162e-02,0.2478,3.3142,0,7,137,923,61,78
1098,1062,2160,0.508333,0.686,1.047241e+04,9.907273e-03,0.2452,3.306,0,6,134,922,61,78
1099,1061,2160,0.508796,0.689,1.048008e+04,1.150606e-02,0.243,3.3212,0,2,140,921,61,78
1100,1060,2160,0.509259,0.687,1.055452e+04,1.192561e-02,0.2375,3.3276,0,9,195,920,61,78
1101,1059,2160,0.509722,0.686,1.061220e+04,8.889199e-03,0.2415,3.303,0,0,195,919,61,78
1102,1058,2160,0.510185,0.686,1.055390e+04,1.160331e-02,0.2375,3.3161,0,2,127,918,61,78
1103,1057,2160,0.510648,0.687,1.063917e+04,5.039986e-03,0.2405,3.3117,1,4,6,918,60,78
1104,1056,2160,0.511111,0.686,1.059582e+04,1.164516e-02,0.2385,3.2972,0,3,43,917,60,78
1105,1055,2160,0.511574,0.686,1.064250e+04,1.153698e-02,0.2406,3.3235,0,2,69,916,60,78
1106,1054,2160,0.512037,0.685,1.074433e+04,1.158454e-02,0.2389,3.3044,0,2,57,915,60,78
1107,1053,2160,0.5125,0.686,1.082762e+04,1.041292e-02,0.2401,3.3077,0,7,19,914,60,78
1108,1052,2160,0.512963,0.685,1.086690e+04,1.199336e-02,0.2457,3.3086,0,3,151,913,60,78
1109,1051,2160,0.513426,0.685,1.084008e+04,1.056894e-02,0.2424,3.3156,0,7,57,912,60,78
1110,1050,2160,0.513889,0.684,1.085056e+04,1.065925e-02,0.2394,3.3168,0,7,103,911,60,78
1111,1049,2160,0.514352,0.687,1.087813e+04,1.549795e-02,0.2323,3.3242,0,8,103,910,60,78
1112,1048,2160,0.514815,0.681,1.082015e+04,1.181840e-02,0.2436,3.2994,0,3,98,909,60,78
1113,1047,2160,0.515278,0.681,1.084596e+04,5.052348e-03,0.2438,3.3229,0,4,98,908,60,78
1114,1046,2160,0.515741,0.681,1.081120e+04,1.168920e-02,0.2409,3.318,0,2,147,907,60,78
1115,1045,2160,0.516204,0.68,1.088846e+04,4.876267e-03,0.2409,3.3233,2,1,0,907,60,77
1116,1044,2160,0.516667,0.681,1.083697e+04,1.025805e-02,0.2467,3.3165,0,7,110,906,60,77
1117,1043,2160,0.51713,0.681,1.092220e+04,1.507861e-02,0.2423,3.2945,0,8,36,905,60,77
1118,1042,2160,0.517593,0.681,1.094842e+04,1.214306e-02,0.2405,3.3133,0,3,56,904,60,77
1119,1041,2160,0.518056,0.68,1.094970e+04,8.739576e-03,0.2385,3.3007,0,6,56,903,60,77
1120,1040,2160,0.518519,0.681,1.089872e+04,1.216152e-02,0.237,3.3117,0,2,30,902,60,77
1121,1039,2160,0.518981,0.681,1.101138e+04,1.420037e-02,0.2368,3.292,1,2,0,902,59,77
1122,1038,2160,0.519444,0.682,1.102652e+04,1.268823e-02,0.2394,3.3115,0,9,97,901,59,77
1123,1037,2160,0.519907,0.68,1.108460e+04,9.818244e-03,0.236,3.3168,0,0,167,900,59,77
1124,1036,2160,0.52037,0.679,1.110625e+04,1.064983e-02,0.2475,3.3116,0,7,167,899,59,77
1125,1035,2160,0.520833,0.682,1.105335e+04,9.058283e-03,0.2399,3.3278,0,0,97,898,59,77
1126,1034,2160,0.521296,0.682,1.112593e+04,1.182655e-02,0.2413,3.3068,0,3,57,897,59,77
1127,1033,2160,0.521759,0.683,1.116976e+04,1.251114e-02,0.2348,3.31,0,3,65,896,59,77
1128,1032,2160,0.522222,0.683,1.116216e+04,1.244387e-02,0.2407,3.3187,0,3,146,895,59,77
1129,1031,2160,0.522685,0.684,1.115485e+04,6.514168e-03,0.2327,3.3242,0,4,30,894,59,77
1130,1030,2160,0.523148,0.684,1.118758e+04,1.265230e-02,0.2388,3.3178,0,9,65,893,59,77
1131,1029,2160,0.523611,0.684,1.118416e+04,1.041141e-02,0.2372,3.332,0,6,115,892,59,77
1132,1028,2160,0.524074,0.684,1.123561e+04,1.242558e-02,0.2398,3.3332,0,2,58,891,59,77
1133,1027,2160,0.524537,0.682,1.128068e+04,1.164269e-02,0.2441,3.3222,0,9,58,890,59,77
1134,1026,2160,0.525,0.682,1.119002e+04,1.547580e-02,0.2352,3.317,0,8,120,889,59,77
1135,1025,2160,0.525463,0.686,1.124931e+04,1.559354e-02,0.2421,3.3157,0,8,28,888,59,77
1136,1024,2160,0.525926,0.683,1.133263e+04,9.801013e-03,0.2306,3.316,0,0,191,887,59,77
1137,1023,2160,0.526389,0.684,1.137078e+04,1.280734e-02,0.2258,3.3253,0,9,173,886,59,77
1138,1022,2160,0.526852,0.682,1.143807e+04,9.833777e-03,0.2284,3.3052,0,0,23,885,59,77
1139,1021,2160,0.527315,0.684,1.145643e+04,1.236730e-02,0.2416,3.3195,0,2,155,884,59,77
1140,1020,2160,0.527778,0.685,1.157515e+04,6.690633e-03,0.2432,3.304,0,4,108,883,59,77
1141,1019,2160,0.528241,0.685,1.164266e+04,7.063737e-03,0.237,3.3244,0,4,157,882,59,77
1142,1018,2160,0.528704,0.685,1.167471e+04,1.243902e-02,0.2386,3.3042,0,2,97,881,59,77
1143,1017,2160,0.529167,0.684,1.177650e+04,1.569231e-02,0.2352,3.3048,0,8,115,880,59,77
1144,1016,2160,0.52963,0.68,1.179859e+04,1.292529e-02,0.2375,3.3036,0,3,157,879,59,77
1145,1015,2160,0.530093,0.679,1.175228e+04,1.253830e-02,0.2238,3.3179,0,3,55,878,59,77
1146,1014,2160,0.530556,0.679,1.186901e+04,1.598385e-02,0.2317,3.3163,0,8,47,877,59,77
1147,1013,2160,0.531019,0.682,1.196005e+04,1.576540e-02,0.2346,3.3272,0,8,82,876,59,77
1148,1012,2160,0.531481,0.683,1.200930e+04,8.111855e-03,0.2338,3.3194,0,0,82,875,59,77
1149,1011,2160,0.531944,0.681,1.191468e+04,1.245154e-02,0.2327,3.3119,0,2,66,874,59,77
1150,1010,2160,0.532407,0.68,1.200155e+04,8.391614e-03,0.2392,3.297,2,2,1,874,59,76
1151,1009,2160,0.53287,0.678,1.199774e+04,1.586700e-02,0.227,3.307,0,8,44,873,59,76
1152,1008,2160,0.533333,0.678,1.207351e+04,1.083568e-02,0.2256,3.3094,0,7,41,872,59,76
1153,1007,2160,0.533796,0.676,1.218219e+04,1.089935e-02,0.218,3.3214,0,7,28,871,59,76
1154,1006,2160,0.534259,0.677,1.231529e+04,1.235699e-02,0.2364,3.307,0,3,8,870,59,76
1155,1005,2160,0.534722,0.678,1.245457e+04,1.285389e-02,0.2363,3.3195,0,3,96,869,59,76
1156,1004,2160,0.535185,0.678,1.247813e+04,6.954098e-03,0.2375,3.319,0,4,46,868,59,76
1157,1003,2160,0.535648,0.678,1.254472e+04,6.997901e-03,0.2401,3.3244,0,4,111,867,59,76
1158,1002,2160,0.536111,0.679,1.262814e+04,1.146643e-02,0.2178,3.3204,0,7,36,866,59,76
1159,1001,2160,0.536574,0.68,1.266984e+04,1.300308e-02,0.2383,3.3145,0,2,36,865,59,76
1160,1000,2160,0.537037,0.679,1.267241e+04,1.006269e-02,0.232,3.3218,0,0,117,864,59,76
1161,999,2160,0.5375,0.678,1.265145e+04,6.795969e-03,0.2319,3.3151,0,4,12,863,59,76
1162,998,2160,0.537963,0.678,1.275006e+04,1.335565e-02,0.229,3.3072,0,9,42,862,59,76
1163,997,2160,0.538426,0.677,1.285309e+04,1.320023e-02,0.2312,3.3058,0,3,41,861,59,76
1164,996,2160,0.538889,0.678,1.283553e+04,1.649610e-02,0.2392,3.3195,0,8,9,860,59,76
1165,995,2160,0.539352,0.676,1.292055e+04,1.603774e-02,0.2321,3.3136,0,8,118,859,59,76
1166,994,2160,0.539815,0.674,1.295172e+04,1.360235e-02,0.238,3.311,0,9,49,858,59,76
1167,993,2160,0.540278,0.673,1.296449e+04,1.313478e-02,0.2278,3.3083,0,2,133,857,59,76
1168,992,2160,0.540741,0.671,1.305367e+04,1.655939e-02,0.2365,3.3197,0,8,24,856,59,76
1169,991,2160,0.541204,0.668,1.309610e+04,1.321442e-02,0.2391,3.3141,0,2,41,855,59,76
1170,990,2160,0.541667,0.668,1.317123e+04,1.060400e-02,0.2273,3.2981,0,0,35,854,59,76
1171,989,2160,0.54213,0.665,1.321628e+04,6.912127e-03,0.2341,3.3041,0,4,184,853,59,76
1172,988,2160,0.542593,0.665,1.332829e+04,1.311482e-02,0.2298,3.3145,0,2,46,852,59,76
1173,987,2160,0.543056,0.667,1.342528e+04,1.316804e-02,0.2405,3.3306,0,2,53,851,59,76
1174,986,2160,0.543519,0.666,1.349076e+04,1.173587e-02,0.2358,3.3255,0,7,35,850,59,76
1175,985,2160,0.543981,0.668,1.348337e+04,1.379240e-02,0.234,3.306,0,9,22,849,59,76
1176,984,2160,0.544444,0.666,1.351034e+04,1.141400e-02,0.2296,3.3148,0,6,22,848,59,76
1177,983,2160,0.544907,0.666,1.353263e+04,1.105181e-02,0.2211,3.3242,0,6,155,847,59,76
1178,982,2160,0.54537,0.666,1.362310e+04,1.194097e-02,0.217,3.3097,0,7,155,846,59,76
1179,981,2160,0.545833,0.667,1.356587e+04,9.869717e-03,0.2191,3.3049,0,0,19,845,59,76
1180,980,2160,0.546296,0.666,1.364691e+04,1.155624e-02,0.2194,3.3146,0,7,49,844,59,76
1181,979,2160,0.546759,0.66,1.370952e+04,1.318962e-02,0.236,3.2912,0,2,98,843,59,76
1182,978,2160,0.547222,0.661,1.379587e+04,1.680886e-02,0.2246,3.3222,0,8,153,842,59,76
1183,977,2160,0.547685,0.66,1.390699e+04,1.640708e-02,0.2263,3.3091,0,8,40,841,59,76
1184,976,2160,0.548148,0.661,1.403192e+04,1.105910e-02,0.2281,3.3207,0,6,126,840,59,76
1185,975,2160,0.548611,0.663,1.418165e+04,1.341122e-02,0.2236,3.2851,0,2,39,839,59,76
1186,974,2160,0.549074,0.663,1.428229e+04,1.122362e-02,0.2163,3.3172,0,6,182,838,59,76
1187,973,2160,0.549537,0.661,1.436504e+04,7.773643e-03,0.2227,3.3097,2,9,6,838,59,75
1188,972,2160,0.55,0.66,1.429634e+04,1.373760e-02,0.226,3.3043,0,9,9,837,59,75
1189,971,2160,0.550463,0.661,1.444136e+04,7.001923e-03,0.2297,3.3172,0,4,19,836,59,75
1190,970,2160,0.550926,0.661,1.453855e+04,1.192028e-02,0.2261,3.3215,0,7,182,835,59,75
1191,969,2160,0.551389,0.663,1.455461e+04,1.122975e-02,0.2183,3.3009,0,6,18,834,59,75
1192,968,2160,0.551852,0.662,1.467711e+04,1.404751e-02,0.2263,3.3061,0,9,18,833,59,75
1193,967,2160,0.552315,0.663,1.467271e+04,1.826638e-02,0.2209,3.3133,0,8,182,832,59,75
1194,966,2160,0.552778,0.659,1.463272e+04,1.187691e-02,0.2321,3.3353,0,7,51,831,59,75
1195,965,2160,0.553241,0.66,1.470801e+04,1.386094e-02,0.2463,3.3093,0,9,59,830,59,75
1196,964,2160,0.553704,0.66,1.479330e+04,1.120373e-02,0.2327,3.3183,0,6,191,829,59,75
1197,963,2160,0.554167,0.658,1.490145e+04,7.782362e-03,0.2245,3.3077,1,9,9,829,58,75
1198,962,2160,0.55463,0.659,1.485061e+04,1.049238e-02,0.2188,3.311,0,0,140,828,58,75
1199,961,2160,0.555093,0.658,1.494476e+04,7.252801e-03,0.2191,3.3181,0,4,179,827,58,75
1200,960,2160,0.555556,0.657,1.505571e+04,1.729578e-02,0.2126,3.3165,0,8,104,826,58,75
1201,959,2160,0.556019,0.656,1.512551e+04,1.258305e-02,0.2193,3.319,0,7,179,825,58,75
1202,958,2160,0.556481,0.655,1.512506e+04,1.208667e-02,0.2198,3.3304,0,7,134,824,58,75
1203,957,2160,0.556944,0.654,1.519287e+04,7.280854e-03,0.2263,3.3187,0,4,7,823,58,75
1204,956,2160,0.557407,0.655,1.533750e+04,1.807505e-02,0.2294,3.3185,0,8,179,822,58,75
1205,955,2160,0.55787,0.656,1.534974e+04,1.353490e-02,0.2199,3.3119,0,2,191,821,58,75
1206,954,2160,0.558333,0.655,1.543746e+04,1.369351e-02,0.2263,3.3087,0,2,111,820,58,75
1207,953,2160,0.558796,0.656,1.556089e+04,1.235084e-02,0.2215,3.3069,0,7,56,819,58,75
1208,952,2160,0.559259,0.655,1.567611e+04,1.378658e-02,0.2153,3.3033,0,2,136,818,58,75
1209,951,2160,0.559722,0.655,1.577598e+04,7.550361e-03,0.2174,3.3107,0,4,186,817,58,75
1210,950,2160,0.560185,0.655,1.588388e+04,1.384887e-02,0.2143,3.3192,0,2,167,816,58,75
1211,949,2160,0.560648,0.656,1.602507e+04,1.552510e-02,0.2186,3.3168,0,9,186,815,58,75
1212,948,2160,0.561111,0.656,1.598804e+04,1.467838e-02,0.2152,3.3117,0,9,176,814,58,75
1213,947,2160,0.561574,0.656,1.599000e+04,7.926105e-03,0.2141,3.3076,0,4,153,813,58,75
1214,946,2160,0.562037,0.655,1.606725e+04,1.760284e-02,0.2248,3.3103,0,8,15,812,58,75
1215,945,2160,0.5625,0.656,1.609467e+04,1.103011e-02,0.2211,3.3202,0,0,157,811,58,75
1216,944,2160,0.562963,0.656,1.613174e+04,1.466379e-02,0.2323,3.3127,0,9,68,810,58,75
1217,943,2160,0.563426,0.655,1.610141e+04,1.270861e-02,0.2188,3.307,0,7,186,809,58,75
1218,942,2160,0.563889,0.654,1.611794e+04,1.100783e-02,0.2296,3.3053,0,0,60,808,58,75
1219,941,2160,0.564352,0.653,1.614274e+04,7.933427e-03,0.2218,3.3134,0,4,21,807,58,75
1220,940,2160,0.564815,0.654,1.620234e+04,1.219754e-02,0.2245,3.3153,0,6,158,806,58,75
1221,939,2160,0.565278,0.651,1.625925e+04,1.395005e-02,0.2151,3.3168,0,2,139,805,58,75
1222,938,2160,0.565741,0.653,1.638345e+04,1.358812e-02,0.2187,3.3274,0,7,158,804,58,75
1223,937,2160,0.566204,0.653,1.635289e+04,1.464858e-02,0.2184,3.3162,0,9,0,803,58,75
1224,936,2160,0.566667,0.654,1.650084e+04,7.976341e-03,0.2202,3.3143,0,4,158,802,58,75
1225,935,2160,0.56713,0.654,1.650427e+04,1.213288e-02,0.2196,3.314,0,6,40,801,58,75
1226,934,2160,0.567593,0.654,1.662790e+04,1.302781e-02,0.2286,3.3022,0,7,176,800,58,75
1227,933,2160,0.568056,0.654,1.670295e+04,1.832026e-02,0.2154,3.3065,0,8,21,799,58,75
1228,932,2160,0.568519,0.656,1.680121e+04,1.415255e-02,0.229,3.3019,0,3,99,798,58,75
1229,931,2160,0.568981,0.658,1.686158e+04,1.145329e-02,0.2226,3.3147,0,0,66,797,58,75
1230,930,2160,0.569444,0.659,1.689987e+04,1.248152e-02,0.2299,3.3104,0,6,132,796,58,75
1231,929,2160,0.569907,0.66,1.698304e+04,1.423086e-02,0.2116,3.3149,0,3,86,795,58,75
1232,928,2160,0.57037,0.659,1.700819e+04,1.563128e-02,0.2162,3.3201,0,9,81,794,58,75
1233,927,2160,0.570833,0.661,1.702923e+04,1.417214e-02,0.2156,3.3021,0,3,102,793,58,75
1234,926,2160,0.571296,0.663,1.700320e+04,1.458748e-02,0.2206,3.3123,0,2,135,792,58,75
1235,925,2160,0.571759,0.659,1.711222e+04,1.854488e-02,0.2222,3.3261,0,8,171,791,58,75
1236,924,2160,0.572222,0.658,1.720889e+04,8.578025e-03,0.2166,3.3267,0,4,76,790,58,75
1237,923,2160,0.572685,0.659,1.721357e+04,1.540842e-02,0.2119,3.308,0,9,183,789,58,75
1238,922,2160,0.573148,0.658,1.736430e+04,1.596890e-02,0.2074,3.3149,0,9,76,788,58,75
1239,921,2160,0.573611,0.663,1.735594e+04,1.325465e-02,0.2188,3.304,0,7,23,787,58,75
1240,920,2160,0.574074,0.664,1.745176e+04,1.311299e-02,0.2155,3.3192,0,7,63,786,58,75
1241,919,2160,0.574537,0.656,1.747456e+04,1.274657e-02,0.2113,3.3132,0,6,105,785,58,75
1242,918,2160,0.575,0.658,1.751474e+04,1.322634e-02,0.2111,3.3099,0,7,5,784,58,75
1243,917,2160,0.575463,0.654,1.760268e+04,1.025566e-02,0.2183,3.294,0,0,5,783,58,75
1244,916,2160,0.575926,0.654,1.743152e+04,1.851429e-02,0.2123,3.3217,0,8,135,782,58,75
1245,915,2160,0.576389,0.652,1.748181e+04,1.249728e-02,0.2129,3.319,0,6,83,781,58,75
1246,914,2160,0.576852,0.654,1.760968e+04,1.356117e-02,0.2185,3.2963,0,3,83,780,58,75
1247,913,2160,0.577315,0.653,1.749628e+04,1.091595e-02,0.2079,1.0272,0,0,1,779,58,75
1248,912,2160,0.577778,0.652,1.773478e+04,8.173488e-03,0.2045,3.3053,0,4,145,778,58,75
1249,911,2160,0.578241,0.65,1.784391e+04,7.565896e-03,0.2018,3.3049,0,4,3,777,58,75
1250,910,2160,0.578704,0.649,1.799183e+04,1.267031e-02,0.2167,3.3187,0,6,21,776,58,75
1251,909,2160,0.579167,0.649,1.807190e+04,1.579841e-02,0.1992,3.3199,0,9,34,775,58,75
1252,908,2160,0.57963,0.65,1.808434e+04,1.602056e-02,0.1991,3.3053,0,9,152,774,58,75
1253,907,2160,0.580093,0.65,1.811824e+04,8.586185e-03,0.1985,3.318,0,4,147,773,58,75
1254,906,2160,0.580556,0.65,1.812979e+04,1.290777e-02,0.2072,3.3174,0,7,3,772,58,75
1255,905,2160,0.581019,0.651,1.826349e+04,1.249134e-02,0.2058,3.3257,0,6,25,771,58,75
1256,904,2160,0.581481,0.649,1.843671e+04,1.464269e-02,0.2118,3.3177,0,2,84,770,58,75
1257,903,2160,0.581944,0.646,1.860148e+04,1.739853e-02,0.2067,3.3193,0,9,84,769,58,75
1258,902,2160,0.582407,0.651,1.847965e+04,1.061638e-02,0.2011,3.3128,0,0,84,768,58,75
1259,901,2160,0.58287,0.651,1.849929e+04,1.272835e-02,0.2058,3.3318,0,6,152,767,58,75
1260,900,2160,0.583333,0.65,1.861518e+04,1.318631e-02,0.2054,3.3175,0,7,105,766,58,75
1261,899,2160,0.583796,0.645,1.873473e+04,1.394825e-02,0.2009,3.3203,0,7,152,765,58,75
1262,898,2160,0.584259,0.646,1.873765e+04,1.859522e-02,0.2108,3.3268,0,8,130,764,58,75
1263,897,2160,0.584722,0.647,1.881035e+04,8.145316e-03,0.1968,3.3082,0,4,105,763,58,75
1264,896,2160,0.585185,0.645,1.882222e+04,1.580735e-02,0.2089,3.3055,0,9,130,762,58,75
1265,895,2160,0.585648,0.642,1.886026e+04,1.838494e-02,0.21,3.3209,0,8,112,761,58,75
1266,894,2160,0.586111,0.645,1.901102e+04,8.227826e-03,0.222,3.3241,0,4,185,760,58,75
1267,893,2160,0.586574,0.646,1.915125e+04,8.518717e-03,0.2094,3.3247,0,4,176,759,58,75
1268,892,2160,0.587037,0.647,1.921916e+04,8.709791e-03,0.1992,3.3208,0,4,91,758,58,75
1269,891,2160,0.5875,0.642,1.920854e+04,1.176946e-02,0.1969,3.3146,0,0,188,757,58,75
1270,890,2160,0.587963,0.643,1.924774e+04,8.171596e-03,0.2036,3.295,0,4,51,756,58,75
1271,889,2160,0.588426,0.642,1.929201e+04,1.386088e-02,0.1954,3.2963,0,3,62,755,58,75
1272,888,2160,0.588889,0.641,1.932476e+04,8.655995e-03,0.207,3.31,0,4,160,754,58,75
1273,887,2160,0.589352,0.64,1.931080e+04,8.425891e-03,0.2038,3.3112,0,4,189,753,58,75
1274,886,2160,0.589815,0.642,1.932129e+04,1.621985e-02,0.2034,3.3168,0,9,88,752,58,75
1275,885,2160,0.590278,0.641,1.935364e+04,1.302482e-02,0.2029,3.3151,0,6,71,751,58,75
1276,884,2160,0.590741,0.643,1.947694e+04,1.405458e-02,0.2106,3.3082,0,3,148,750,58,75
1277,883,2160,0.591204,0.641,1.947412e+04,1.415051e-02,0.2039,3.3123,0,7,33,749,58,75
1278,882,2160,0.591667,0.638,1.954719e+04,1.952049e-02,0.2113,3.3003,0,8,143,748,58,75
1279,881,2160,0.59213,0.635,1.967284e+04,1.970460e-02,0.2011,3.3132,0,8,52,747,58,75
1280,880,2160,0.592593,0.637,1.974416e+04,1.402459e-02,0.1972,3.3188,0,7,48,746,58,75
1281,879,2160,0.593056,0.636,1.983384e+04,8.456813e-03,0.2078,3.309,1,5,6,746,57,75
1282,878,2160,0.593519,0.633,1.974912e+04,1.362256e-02,0.2093,3.307,0,6,131,745,57,75
1283,877,2160,0.593981,0.635,1.982311e+04,1.562003e-02,0.2022,3.3102,0,2,107,744,57,75
1284,876,2160,0.594444,0.635,1.991490e+04,1.570961e-02,0.1926,3.3108,0,2,152,743,57,75
1285,875,2160,0.594907,0.634,2.003687e+04,1.484615e-02,0.1954,3.3164,0,3,22,742,57,75
1286,874,2160,0.59537,0.633,2.005467e+04,6.862808e-03,0.1924,3.3101,0,4,22,741,57,75
1287,873,2160,0.595833,0.634,2.001838e+04,1.372827e-02,0.2043,3.3216,0,6,46,740,57,75
1288,872,2160,0.596296,0.634,2.013228e+04,1.700792e-02,0.199,3.3109,0,9,181,739,57,75
1289,871,2160,0.596759,0.639,2.029843e+04,8.574928e-03,0.2017,3.3125,0,4,140,738,57,75
1290,870,2160,0.597222,0.636,2.052576e+04,1.369046e-02,0.1995,3.3127,0,6,31,737,57,75
1291,869,2160,0.597685,0.635,2.065762e+04,9.132074e-03,0.2024,3.3246,0,4,31,736,57,75
1292,868,2160,0.598148,0.637,2.074831e+04,8.455001e-03,0.2008,3.3074,0,4,4,735,57,75
1293,867,2160,0.598611,0.638,2.095155e+04,1.335454e-02,0.199,3.3202,0,6,151,734,57,75
1294,866,2160,0.599074,0.636,2.113550e+04,1.733410e-02,0.1937,3.3046,0,9,107,733,57,75
1295,865,2160,0.599537,0.637,2.120157e+04,1.694625e-02,0.2004,3.2926,0,9,158,732,57,75
1296,864,2160,0.6,0.639,2.134974e+04,1.715089e-02,0.2036,3.319,0,9,188,731,57,75
1297,863,2160,0.600463,0.639,2.139090e+04,1.966507e-02,0.1965,3.3277,0,8,181,730,57,75
1298,862,2160,0.600926,0.64,2.148050e+04,1.286666e-02,0.196,3.3146,0,3,181,729,57,75
1299,861,2160,0.601389,0.64,2.147402e+04,1.554541e-02,0.2015,3.3132,0,2,123,728,57,75
1300,860,2160,0.601852,0.636,2.170675e+04,1.703169e-02,0.2002,3.3161,0,9,187,727,57,75
1301,859,2160,0.602315,0.639,2.180334e+04,1.599488e-02,0.2017,3.3268,0,2,151,726,57,75
1302,858,2160,0.602778,0.635,2.184479e+04,9.296911e-03,0.2014,3.2983,2,6,6,726,57,74
1303,857,2160,0.603241,0.636,2.171306e+04,1.360541e-02,0.1957,3.3301,0,6,19,725,57,74
1304,856,2160,0.603704,0.642,2.187934e+04,2.068088e-02,0.2015,3.3246,0,8,119,724,57,74
1305,855,2160,0.604167,0.643,2.193399e+04,1.452638e-02,0.2012,3.3306,0,3,66,723,57,74
1306,854,2160,0.60463,0.645,2.191653e+04,1.679935e-02,0.1915,3.3052,0,9,2,722,57,74
1307,853,2160,0.605093,0.642,2.212756e+04,1.380913e-02,0.1967,3.311,0,6,164,721,57,74
1308,852,2160,0.605556,0.644,2.222643e+04,1.706867e-02,0.1942,3.3042,0,9,13,720,57,74
1309,851,2160,0.606019,0.645,2.242581e+04,2.089141e-02,0.1923,3.3118,0,8,17,719,57,74
1310,850,2160,0.606481,0.64,2.265322e+04,1.213682e-02,0.1968,3.3001,0,0,13,718,57,74
1311,849,2160,0.606944,0.64,2.281127e+04,2.002895e-02,0.1995,3.2985,0,8,50,717,57,74
1312,848,2160,0.607407,0.639,2.290508e+04,8.978061e-03,0.1905,3.3185,0,4,100,716,57,74
1313,847,2160,0.60787,0.638,2.306440e+04,2.084070e-02,0.1939,3.3111,0,8,169,715,57,74
1314,846,2160,0.608333,0.638,2.328179e+04,1.404601e-02,0.2003,3.3146,0,6,93,714,57,74
1315,845,2160,0.608796,0.638,2.340751e+04,2.038112e-02,0.1994,3.3179,0,8,101,713,57,74
1316,844,2160,0.609259,0.637,2.347122e+04,1.402369e-02,0.1866,3.3221,0,6,38,712,57,74
1317,843,2160,0.609722,0.639,2.363458e+04,1.512426e-02,0.1911,3.3093,0,3,162,711,57,74
1318,842,2160,0.610185,0.639,2.365761e+04,2.113550e-02,0.1822,3.3131,0,8,100,710,57,74
1319,841,2160,0.610648,0.639,2.363368e+04,1.746057e-02,0.1958,3.3114,0,9,73,709,57,74
1320,840,2160,0.611111,0.637,2.366673e+04,1.478154e-02,0.1837,3.3204,0,6,53,708,57,74
1321,839,2160,0.611574,0.643,2.367431e+04,1.340277e-02,0.1909,3.3247,0,0,93,707,57,74
1322,838,2160,0.612037,0.642,2.361190e+04,8.867703e-03,0.1994,3.2982,1,2,4,707,56,74
1323,837,2160,0.6125,0.64,2.347408e+04,1.440116e-02,0.2041,3.3,0,6,29,706,56,74
1324,836,2160,0.612963,0.638,2.372101e+04,1.440017e-02,0.189,3.3233,0,6,32,705,56,74
1325,835,2160,0.613426,0.642,2.387570e+04,1.640721e-02,0.199,3.3119,0,2,95,704,56,74
1326,834,2160,0.613889,0.64,2.408317e+04,8.956779e-03,0.1885,3.3242,0,4,182,703,56,74
1327,833,2160,0.614352,0.643,2.434647e+04,9.348348e-03,0.1861,3.3099,0,4,69,702,56,74
1328,832,2160,0.614815,0.642,2.455590e+04,8.856128e-03,0.1805,3.3033,0,4,194,701,56,74
1329,831,2160,0.615278,0.643,2.481795e+04,1.782094e-02,0.1885,3.3162,0,9,143,700,56,74
1330,830,2160,0.615741,0.641,2.499762e+04,1.266610e-02,0.183,3.3148,0,0,100,699,56,74
1331,829,2160,0.616204,0.642,2.518624e+04,2.104938e-02,0.1796,3.3125,0,8,166,698,56,74
1332,828,2160,0.616667,0.643,2.542194e+04,1.464174e-02,0.1903,3.3107,0,6,122,697,56,74
1333,827,2160,0.61713,0.64,2.555090e+04,1.517477e-02,0.1936,3.3317,0,7,30,696,56,74
1334,826,2160,0.617593,0.641,2.575555e+04,9.453963e-03,0.1836,3.3133,0,4,122,695,56,74
1335,825,2160,0.618056,0.642,2.587502e+04,1.316198e-02,0.19,3.294,0,0,101,694,56,74
1336,824,2160,0.618519,0.643,2.589392e+04,1.321531e-02,0.1875,3.317,0,0,120,693,56,74
1337,823,2160,0.618981,0.643,2.606915e+04,1.675594e-02,0.1922,3.3091,0,2,190,692,56,74
1338,822,2160,0.619444,0.643,2.617333e+04,1.342812e-02,0.185,3.3174,0,0,158,691,56,74
1339,821,2160,0.619907,0.643,2.631589e+04,1.483896e-02,0.188,3.3186,0,6,145,690,56,74
1340,820,2160,0.62037,0.642,2.643218e+04,1.744544e-02,0.1879,3.3158,0,9,8,689,56,74
1341,819,2160,0.620833,0.642,2.663439e+04,1.474407e-02,0.1911,3.3182,0,6,106,688,56,74
1342,818,2160,0.621296,0.641,2.670651e+04,1.538697e-02,0.1842,3.3211,0,7,73,687,56,74
1343,817,2160,0.621759,0.641,2.680105e+04,1.519759e-02,0.1812,3.3064,0,6,37,686,56,74
1344,816,2160,0.622222,0.641,2.687855e+04,1.518328e-02,0.1767,3.3229,0,7,37,685,56,74
1345,815,2160,0.622685,0.642,2.673546e+04,1.769751e-02,0.1787,3.3318,0,9,64,684,56,74
1346,814,2160,0.623148,0.645,2.683111e+04,1.501801e-02,0.1772,3.3218,0,6,73,683,56,74
1347,813,2160,0.623611,0.647,2.691174e+04,1.534307e-02,0.1792,3.3204,0,7,119,682,56,74
1348,812,2160,0.624074,0.647,2.700711e+04,9.596926e-03,0.1752,3.3067,0,4,26,681,56,74
1349,811,2160,0.624537,0.649,2.722831e+04,1.718214e-02,0.1894,3.3128,0,2,64,680,56,74
1350,810,2160,0.625,0.644,2.737340e+04,1.486817e-02,0.1954,3.3115,0,6,190,679,56,74
1351,809,2160,0.625463,0.643,2.746788e+04,2.091453e-02,0.1911,3.2958,0,8,95,678,56,74
1352,808,2160,0.625926,0.64,2.753411e+04,1.356953e-02,0.1806,3.3194,0,0,48,677,56,74
1353,807,2160,0.626389,0.637,2.771382e+04,1.562522e-02,0.1727,3.3211,0,7,106,676,56,74
1354,806,2160,0.626852,0.637,2.780572e+04,1.612446e-02,0.1859,3.3046,0,3,120,675,56,74
1355,805,2160,0.627315,0.64,2.788125e+04,1.796742e-02,0.1875,3.3109,0,2,32,674,56,74
1356,804,2160,0.627778,0.639,2.802110e+04,2.245999e-02,0.1852,3.3178,0,8,163,673,56,74
1357,803,2160,0.628241,0.643,2.804968e+04,1.451200e-02,0.1826,3.3026,0,0,106,672,56,74
1358,802,2160,0.628704,0.641,2.797648e+04,3.236720e-02,0.1829,3.3104,1,0,8,672,55,74
1359,801,2160,0.629167,0.638,2.807459e+04,2.298085e-02,0.1757,3.3147,0,8,177,671,55,74
1360,800,2160,0.62963,0.639,2.809958e+04,1.006268e-02,0.1775,3.3086,0,4,139,670,55,74
1361,799,2160,0.630093,0.64,2.832561e+04,2.281784e-02,0.1682,3.325,0,8,137,669,55,74
1362,798,2160,0.630556,0.637,2.840493e+04,1.607639e-02,0.1761,3.3279,0,6,104,668,55,74
1363,797,2160,0.631019,0.639,2.860964e+04,1.882323e-02,0.1785,3.3302,0,2,149,667,55,74
1364,796,2160,0.631481,0.64,2.868572e+04,1.636132e-02,0.1893,3.3169,0,6,148,666,55,74
1365,795,2160,0.631944,0.639,2.873816e+04,1.635342e-02,0.1802,3.3091,0,3,179,665,55,74
1366,794,2160,0.632407,0.637,2.889330e+04,1.119925e-02,0.1809,3.3233,0,4,159,664,55,74
1367,793,2160,0.63287,0.638,2.895495e+04,1.983581e-02,0.1709,3.3284,0,9,114,663,55,74
1368,792,2160,0.633333,0.635,2.897064e+04,2.386390e-02,0.1718,3.3212,0,8,89,662,55,74
1369,791,2160,0.633796,0.636,2.895358e+04,2.266761e-02,0.1788,3.3145,0,8,98,661,55,74
1370,790,2160,0.634259,0.633,2.921177e+04,1.037379e-02,0.172,3.2926,0,4,114,660,55,74
1371,789,2160,0.634722,0.632,2.926734e+04,1.574774e-02,0.1716,3.314,0,6,114,659,55,74
1372,788,2160,0.635185,0.631,2.957965e+04,1.069317e-02,0.1759,3.3095,0,4,32,658,55,74
1373,787,2160,0.635648,0.631,2.974937e+04,1.463549e-02,0.1665,3.3246,0,0,177,657,55,74
1374,786,2160,0.636111,0.628,2.996073e+04,1.124513e-02,0.1717,3.3143,0,4,133,656,55,74
1375,785,2160,0.636574,0.626,3.005234e+04,1.445738e-02,0.1746,3.3014,0,0,24,655,55,74
1376,784,2160,0.637037,0.626,3.025521e+04,1.850846e-02,0.1809,3.3183,0,2,189,654,55,74
1377,783,2160,0.6375,0.627,3.039640e+04,1.180963e-02,0.1701,3.3178,0,4,136,653,55,74
1378,782,2160,0.637963,0.627,3.038550e+04,1.671886e-02,0.167,3.3023,0,7,79,652,55,74
1379,781,2160,0.638426,0.626,3.045380e+04,2.351567e-02,0.172,3.3086,0,8,79,651,55,74
1380,780,2160,0.638889,0.625,3.025953e+04,2.319304e-02,0.168,3.3146,0,8,180,650,55,74
1381,779,2160,0.639352,0.627,3.035734e+04,1.112590e-02,0.1722,3.3074,0,0,180,649,55,74
1382,778,2160,0.639815,0.626,3.014381e+04,1.592319e-02,0.1713,3.3197,0,3,108,648,55,74
1383,777,2160,0.640278,0.626,3.031222e+04,1.717507e-02,0.1732,3.3244,1,4,7,648,54,74
1384,776,2160,0.640741,0.625,3.020280e+04,1.832604e-02,0.1691,3.317,0,2,102,647,54,74
1385,775,2160,0.641204,0.621,3.052286e+04,2.329588e-02,0.1661,3.2967,0,8,54,646,54,74
1386,774,2160,0.641667,0.622,3.075342e+04,1.633290e-02,0.1688,3.3156,0,3,39,645,54,74
1387,773,2160,0.64213,0.62,3.093961e+04,2.405425e-02,0.1656,3.308,0,8,108,644,54,74
1388,772,2160,0.642593,0.62,3.109340e+04,2.353568e-02,0.1663,3.3177,0,8,68,643,54,74
1389,771,2160,0.643056,0.623,3.112536e+04,2.399062e-02,0.1664,3.3353,0,8,173,642,54,74
1390,770,2160,0.643519,0.627,3.128038e+04,1.668811e-02,0.1719,3.3093,0,6,113,641,54,74
1391,769,2160,0.643981,0.625,3.154633e+04,1.496946e-02,0.1702,3.3039,0,0,39,640,54,74
1392,768,2160,0.644444,0.622,3.170455e+04,1.170887e-02,0.1717,3.3023,0,4,149,639,54,74
1393,767,2160,0.644907,0.619,3.166926e+04,1.507122e-02,0.1671,3.3201,0,0,27,638,54,74
1394,766,2160,0.64537,0.62,3.178094e+04,2.469813e-02,0.1695,3.3312,0,8,133,637,54,74
1395,765,2160,0.645833,0.63,3.179401e+04,1.946880e-02,0.1711,3.3244,0,9,39,636,54,74
1396,764,2160,0.646296,0.626,3.181097e+04,1.925524e-02,0.1758,3.2977,0,9,113,635,54,74
1397,763,2160,0.646759,0.627,3.181386e+04,1.443861e-02,0.1685,3.3226,0,0,68,634,54,74
1398,762,2160,0.647222,0.626,3.184173e+04,7.972891e-03,0.1697,3.2965,2,0,0,634,54,73
1399,761,2160,0.647685,0.627,3.172773e+04,1.915540e-02,0.1657,3.3074,0,2,138,633,54,73
1400,760,2160,0.648148,0.627,3.193608e+04,1.888226e-02,0.1649,3.3263,0,2,126,632,54,73
1401,759,2160,0.648611,0.629,3.226573e+04,1.932215e-02,0.1687,3.2971,0,2,172,631,54,73
1402,758,2160,0.649074,0.632,3.248065e+04,2.428116e-02,0.1708,3.3017,0,8,192,630,54,73
1403,757,2160,0.649537,0.636,3.259002e+04,2.003622e-02,0.1672,3.3227,0,9,33,629,54,73
1404,756,2160,0.65,0.637,3.264104e+04,1.606626e-02,0.1775,3.3297,0,0,192,628,54,73
1405,755,2160,0.650463,0.637,3.269654e+04,1.641612e-02,0.1634,3.3216,0,6,102,627,54,73
1406,754,2160,0.650926,0.637,3.300529e+04,1.643635e-02,0.1654,3.314,0,7,190,626,54,73
1407,753,2160,0.651389,0.638,3.332609e+04,1.870521e-02,0.1708,3.3216,0,2,180,625,54,73
1408,752,2160,0.651852,0.633,3.373946e+04,1.964631e-02,0.1726,3.32,0,9,21,624,54,73
1409,751,2160,0.652315,0.634,3.399175e+04,2.070942e-02,0.1647,3.3222,0,2,21,623,54,73
1410,750,2160,0.652778,0.632,3.389049e+04,1.106784e-02,0.1693,3.3124,0,4,190,622,54,73
1411,749,2160,0.653241,0.632,3.401562e+04,1.912455e-02,0.172,3.3196,0,2,34,621,54,73
1412,748,2160,0.653704,0.636,3.420254e+04,1.664042e-02,0.1676,3.307,0,3,24,620,54,73
1413,747,2160,0.654167,0.635,3.438338e+04,1.683717e-02,0.1654,3.3109,0,6,59,619,54,73
1414,746,2160,0.65463,0.636,3.462448e+04,1.950747e-02,0.1736,3.3038,0,2,132,618,54,73
1415,745,2160,0.655093,0.632,3.467369e+04,2.022460e-02,0.1669,3.3075,0,9,128,617,54,73
1416,744,2160,0.655556,0.634,3.462992e+04,1.179975e-02,0.1719,3.3163,0,4,10,616,54,73
1417,743,2160,0.656019,0.634,3.472185e+04,1.712113e-02,0.1665,3.3097,0,7,24,615,54,73
1418,742,2160,0.656481,0.635,3.476143e+04,1.765693e-02,0.1749,3.3293,0,3,144,614,54,73
1419,741,2160,0.656944,0.632,3.470202e+04,1.963384e-02,0.1671,3.3285,0,2,112,613,54,73
1420,740,2160,0.657407,0.634,3.498569e+04,1.699143e-02,0.1682,3.3096,0,7,81,612,54,73
1421,739,2160,0.65787,0.635,3.521006e+04,1.700846e-02,0.1686,3.3091,0,7,85,611,54,73
1422,738,2160,0.658333,0.637,3.550854e+04,1.956705e-02,0.1639,3.3132,0,9,184,610,54,73
1423,737,2160,0.658796,0.636,3.592233e+04,1.715380e-02,0.1693,3.3005,0,3,72,609,54,73
1424,736,2160,0.659259,0.636,3.597895e+04,1.969491e-02,0.1764,3.3058,0,2,163,608,54,73
1425,735,2160,0.659722,0.638,3.621420e+04,1.627872e-02,0.1689,3.3141,0,3,112,607,54,73
1426,734,2160,0.660185,0.638,3.655005e+04,1.909596e-02,0.1776,3.3052,0,2,65,606,54,73
1427,733,2160,0.660648,0.638,3.686623e+04,1.563744e-02,0.17,3.3342,0,0,81,605,54,73
1428,732,2160,0.661111,0.638,3.695967e+04,1.214675e-02,0.1641,3.3134,0,4,77,604,54,73
1429,731,2160,0.661574,0.635,3.698389e+04,2.387788e-02,0.1653,3.3055,0,8,51,603,54,73
1430,730,2160,0.662037,0.636,3.703634e+04,1.094625e-02,0.1636,3.3216,0,4,5,602,54,73
1431,729,2160,0.6625,0.636,3.737060e+04,2.036895e-02,0.1599,3.3025,0,9,5,601,54,73
1432,728,2160,0.662963,0.633,3.763391e+04,1.710719e-02,0.1637,3.3184,0,6,156,600,54,73
1433,727,2160,0.663426,0.634,3.794275e+04,1.765766e-02,0.165,3.3051,0,6,54,599,54,73
1434,726,2160,0.663889,0.636,3.817614e+04,1.167350e-02,0.1636,3.3227,0,4,83,598,54,73
1435,725,2160,0.664352,0.634,3.841963e+04,2.066269e-02,0.1673,3.2819,0,9,157,597,54,73
1436,724,2160,0.664815,0.632,3.861211e+04,2.545039e-02,0.1693,3.3268,0,8,134,596,54,73
1437,723,2160,0.665278,0.632,3.868895e+04,2.515809e-02,0.1708,3.3215,0,8,93,595,54,73
1438,722,2160,0.665741,0.636,3.879387e+04,2.072337e-02,0.1768,3.3108,0,2,159,594,54,73
1439,721,2160,0.666204,0.636,3.893454e+04,1.769256e-02,0.1627,3.3149,0,7,17,593,54,73
1440,720,2160,0.666667,0.637,3.929051e+04,2.065165e-02,0.163,3.3156,0,2,82,592,54,73
1441,719,2160,0.66713,0.64,3.950931e+04,1.584020e-02,0.1736,3.32,0,0,42,591,54,73
1442,718,2160,0.667593,0.638,3.990975e+04,1.828516e-02,0.1675,3.3199,0,7,160,590,54,73
1443,717,2160,0.668056,0.633,4.018331e+04,2.098433e-02,0.1743,3.3223,0,2,109,589,54,73
1444,716,2160,0.668519,0.63,4.036691e+04,2.615069e-02,0.1742,3.3156,0,8,150,588,54,73
1445,715,2160,0.668981,0.635,4.041235e+04,2.086236e-02,0.16,3.3157,0,9,71,587,54,73
1446,714,2160,0.669444,0.635,4.072577e+04,2.027063e-02,0.1676,3.3061,0,2,70,586,54,73
1447,713,2160,0.669907,0.639,4.116477e+04,1.688262e-02,0.1627,3.301,0,0,150,585,54,73
1448,712,2160,0.67037,0.64,4.114440e+04,1.809903e-02,0.168,3.3152,0,7,80,584,54,73
1449,711,2160,0.670833,0.637,4.127746e+04,2.669649e-02,0.1691,3.3097,0,8,157,583,54,73
1450,710,2160,0.671296,0.633,4.150895e+04,2.179974e-02,0.1661,3.3112,0,9,159,582,54,73
1451,709,2160,0.671759,0.633,4.161955e+04,2.130405e-02,0.1739,3.3184,0,2,115,581,54,73
1452,708,2160,0.672222,0.632,4.197266e+04,2.139190e-02,0.1675,3.3052,0,9,109,580,54,73
1453,707,2160,0.672685,0.637,4.235126e+04,2.120012e-02,0.1727,3.3192,0,9,150,579,54,73
1454,706,2160,0.673148,0.635,4.264282e+04,1.752441e-02,0.1598,3.3068,0,0,144,578,54,73
1455,705,2160,0.673611,0.633,4.262485e+04,1.889678e-02,0.1734,3.3021,0,7,47,577,54,73
1456,704,2160,0.674074,0.636,4.276249e+04,2.714902e-02,0.1708,3.3171,0,8,195,576,54,73
1457,703,2160,0.674537,0.632,4.302143e+04,1.810348e-02,0.1751,3.3302,0,7,195,575,54,73
1458,702,2160,0.675,0.636,4.290658e+04,1.787164e-02,0.171,3.3217,0,7,1,574,54,73
1459,701,2160,0.675463,0.636,4.340732e+04,1.245822e-02,0.1667,3.3152,0,4,138,573,54,73
1460,700,2160,0.675926,0.635,4.371379e+04,1.210737e-02,0.1619,3.3142,0,4,156,572,54,73
1461,699,2160,0.676389,0.636,4.406728e+04,1.921563e-02,0.1693,3.3121,0,3,47,571,54,73
1462,698,2160,0.676852,0.636,4.406836e+04,1.237076e-02,0.1621,3.304,0,4,121,570,54,73
1463,697,2160,0.677315,0.634,4.428880e+04,1.870203e-02,0.1723,3.3129,0,6,69,569,54,73
1464,696,2160,0.677778,0.632,4.461148e+04,1.354397e-02,0.1621,3.3164,0,4,127,568,54,73
1465,695,2160,0.678241,0.632,4.464795e+04,1.538783e-02,0.1734,3.3092,0,0,127,567,54,73
1466,694,2160,0.678704,0.632,4.456971e+04,1.176303e-02,0.1709,3.3015,0,4,43,566,54,73
1467,693,2160,0.679167,0.631,4.499116e+04,1.850409e-02,0.1665,3.3216,0,6,20,565,54,73
1468,692,2160,0.67963,0.63,4.537181e+04,1.220207e-02,0.1607,3.3207,0,4,72,564,54,73
1469,691,2160,0.680093,0.63,4.572854e+04,1.867377e-02,0.1747,3.3169,0,6,75,563,54,73
1470,690,2160,0.680556,0.629,4.602066e+04,2.556555e-02,0.1696,3.3296,0,8,75,562,54,73
1471,689,2160,0.681019,0.629,4.598272e+04,1.831867e-02,0.1679,3.324,0,7,15,561,54,73
1472,688,2160,0.681481,0.629,4.635852e+04,8.801336e-03,0.1633,3.3179,2,5,9,561,54,72
1473,687,2160,0.681944,0.63,4.620207e+04,2.096047e-02,0.1683,3.3119,0,2,120,560,54,72
1474,686,2160,0.682407,0.625,4.670452e+04,1.882149e-02,0.1687,3.3083,0,6,74,559,54,72
1475,685,2160,0.68287,0.624,4.704304e+04,1.866300e-02,0.1668,3.3158,0,6,9,558,54,72
1476,684,2160,0.683333,0.628,4.742763e+04,1.663740e-02,0.1683,3.2989,0,7,9,557,54,72
1477,683,2160,0.683796,0.63,4.746652e+04,1.261928e-02,0.1642,3.2956,0,4,89,556,54,72
1478,682,2160,0.684259,0.628,4.763848e+04,1.949504e-02,0.159,3.3129,0,6,124,555,54,72
1479,681,2160,0.684722,0.628,4.769917e+04,2.697377e-02,0.1581,3.3138,0,8,124,554,54,72
1480,680,2160,0.685185,0.622,4.784986e+04,2.187126e-02,0.1617,3.3155,0,9,63,553,54,72
1481,679,2160,0.685648,0.629,4.801713e+04,1.776071e-02,0.1674,3.3126,0,0,94,552,54,72
1482,678,2160,0.686111,0.632,4.800952e+04,2.276677e-02,0.1729,3.3112,0,9,94,551,54,72
1483,677,2160,0.686574,0.631,4.790565e+04,2.240696e-02,0.1702,3.3219,0,9,169,550,54,72
1484,676,2160,0.687037,0.63,4.827722e+04,1.962907e-02,0.1701,3.3146,0,3,33,549,54,72
1485,675,2160,0.6875,0.629,4.834908e+04,1.200337e-02,0.1625,3.3158,0,4,169,548,54,72
1486,674,2160,0.687963,0.629,4.883386e+04,2.817101e-02,0.1632,3.3159,0,8,109,547,54,72
1487,673,2160,0.688426,0.626,4.908627e+04,3.753150e-02,0.1566,3.3107,1,6,8,547,53,72
1488,672,2160,0.688889,0.63,4.925069e+04,2.739444e-02,0.1586,3.318,0,8,184,546,53,72
1489,671,2160,0.689352,0.633,4.983750e+04,1.224588e-02,0.1583,3.3261,0,4,73,545,53,72
1490,670,2160,0.689815,0.634,5.037806e+04,1.833549e-02,0.1576,3.2988,0,0,49,544,53,72
1491,669,2160,0.690278,0.632,5.054190e+04,2.679027e-02,0.1705,3.2968,0,8,49,543,53,72
1492,668,2160,0.690741,0.619,5.036584e+04,2.823585e-02,0.1621,3.3267,0,8,147,542,53,72
1493,667,2160,0.691204,0.629,5.051713e+04,1.905655e-02,0.1681,3.309,0,7,124,541,53,72
1494,666,2160,0.691667,0.63,5.078988e+04,1.946332e-02,0.1646,3.315,0,3,63,540,53,72
1495,665,2160,0.69213,0.637,5.082235e+04,1.960345e-02,0.1655,3.3118,0,3,94,539,53,72
1496,664,2160,0.692593,0.631,5.092746e+04,1.267212e-02,0.1627,3.3264,0,4,63,538,53,72
1497,663,2160,0.693056,0.631,5.102635e+04,1.419358e-02,0.1613,3.325,0,4,131,537,53,72
1498,662,2160,0.693519,0.633,5.100884e+04,2.913125e-02,0.1622,3.3093,0,8,136,536,53,72
1499,661,2160,0.693981,0.635,5.104858e+04,2.017718e-02,0.1629,3.3204,0,3,87,535,53,72
1500,660,2160,0.694444,0.636,5.098604e+04,2.018099e-02,0.1628,3.3153,0,6,144,534,53,72
1501,659,2160,0.694907,0.635,5.121223e+04,1.860057e-02,0.1631,3.3153,0,0,163,533,53,72
1502,658,2160,0.69537,0.635,5.133699e+04,1.858453e-02,0.1636,3.3184,0,7,144,532,53,72
1503,657,2160,0.695833,0.635,5.128686e+04,1.802967e-02,0.1625,3.3117,0,0,136,531,53,72
1504,656,2160,0.696296,0.637,5.162213e+04,2.907093e-02,0.1544,3.3151,0,8,129,530,53,72
1505,655,2160,0.696759,0.634,5.174757e+04,1.936863e-02,0.172,3.3206,0,7,164,529,53,72
1506,654,2160,0.697222,0.634,5.193043e+04,1.853302e-02,0.1605,3.2947,0,0,129,528,53,72
1507,653,2160,0.697685,0.633,5.172748e+04,2.205614e-02,0.1647,3.3096,0,2,129,527,53,72
1508,652,2160,0.698148,0.633,5.177672e+04,2.901501e-02,0.1619,3.3166,0,8,164,526,53,72
1509,651,2160,0.698611,0.636,5.178535e+04,1.346072e-02,0.1598,3.3274,0,4,135,525,53,72
1510,650,2160,0.699074,0.637,5.197120e+04,1.348617e-02,0.1563,3.3195,0,4,150,524,53,72
1511,649,2160,0.699537,0.633,5.203581e+04,1.930724e-02,0.1692,3.3198,0,3,147,523,53,72
1512,648,2160,0.7,0.634,5.213481e+04,2.033835e-02,0.1554,3.3057,1,1,7,523,52,72
1513,647,2160,0.700463,0.635,5.201482e+04,1.384262e-02,0.158,3.2946,0,4,90,522,52,72
1514,646,2160,0.700926,0.634,5.194493e+04,1.315714e-02,0.1648,3.3135,0,4,143,521,52,72
1515,645,2160,0.701389,0.634,5.211880e+04,2.363689e-02,0.1618,3.3102,0,9,67,520,52,72
1516,644,2160,0.701852,0.632,5.220715e+04,1.812069e-02,0.1671,3.3149,0,0,57,519,52,72
1517,643,2160,0.702315,0.632,5.250412e+04,1.854068e-02,0.1698,3.3163,0,3,127,518,52,72
1518,642,2160,0.702778,0.63,5.287730e+04,2.281316e-02,0.166,3.3156,0,9,11,517,52,72
1519,641,2160,0.703241,0.631,5.342029e+04,1.778264e-02,0.1618,3.3161,0,0,164,516,52,72
1520,640,2160,0.703704,0.633,5.358352e+04,2.308786e-02,0.1601,3.311,0,9,28,515,52,72
1521,639,2160,0.704167,0.635,5.410420e+04,1.592727e-02,0.1659,3.3098,0,3,28,514,52,72
1522,638,2160,0.70463,0.636,5.424153e+04,1.342742e-02,0.1644,3.3013,0,4,78,513,52,72
1523,637,2160,0.705093,0.636,5.444722e+04,1.879480e-02,0.1567,3.3246,0,3,30,512,52,72
1524,636,2160,0.705556,0.639,5.495827e+04,2.005509e-02,0.1563,3.301,0,6,133,511,52,72
1525,635,2160,0.706019,0.636,5.532442e+04,1.432206e-02,0.1531,3.3171,0,4,137,510,52,72
1526,634,2160,0.706481,0.635,5.544449e+04,1.432825e-02,0.1611,3.3182,0,4,118,509,52,72
1527,633,2160,0.706944,0.637,5.548082e+04,1.937534e-02,0.1648,3.3083,0,7,44,508,52,72
1528,632,2160,0.707407,0.636,5.561052e+04,2.387962e-02,0.1613,3.3126,0,9,10,507,52,72
1529,631,2160,0.70787,0.64,5.596581e+04,1.923786e-02,0.1623,3.3204,0,3,138,506,52,72
1530,630,2160,0.708333,0.637,5.641462e+04,1.887616e-02,0.1618,3.3087,0,7,12,505,52,72
1531,629,2160,0.708796,0.634,5.703578e+04,2.518231e-02,0.1592,3.3328,0,9,78,504,52,72
1532,628,2160,0.709259,0.631,5.722347e+04,2.572111e-02,0.1592,3.3129,0,2,78,503,52,72
1533,627,2160,0.709722,0.631,5.718656e+04,3.594719e-02,0.161,3.3155,2,9,5,503,52,71
1534,626,2160,0.710185,0.629,5.730959e+04,3.047085e-02,0.1564,3.3116,0,8,144,502,52,71
1535,625,2160,0.710648,0.632,5.774129e+04,2.911456e-02,0.1535,3.3048,0,8,99,501,52,71
1536,624,2160,0.711111,0.635,5.824981e+04,1.316508e-02,0.1622,3.3106,0,4,151,500,52,71
1537,623,2160,0.711574,0.632,5.883980e+04,1.939864e-02,0.1541,3.3077,0,3,165,499,52,71
1538,622,2160,0.712037,0.628,5.911106e+04,1.945587e-02,0.1571,3.3139,0,0,36,498,52,71
1539,621,2160,0.7125,0.624,5.925214e+04,2.474349e-02,0.1622,3.3008,0,9,36,497,52,71
1540,620,2160,0.712963,0.625,5.922530e+04,1.863694e-02,0.1532,3.3075,0,0,10,496,52,71
1541,619,2160,0.713426,0.624,5.962986e+04,2.049245e-02,0.1588,3.3138,0,6,72,495,52,71
1542,618,2160,0.713889,0.623,5.994528e+04,2.071027e-02,0.1649,3.3232,0,6,36,494,52,71
1543,617,2160,0.714352,0.627,6.018259e+04,1.395711e-02,0.1527,3.3183,0,4,75,493,52,71
1544,616,2160,0.714815,0.63,6.047022e+04,1.241464e-02,0.1597,3.3148,2,3,1,493,52,70
1545,615,2160,0.715278,0.631,6.035056e+04,1.954168e-02,0.1614,3.3081,0,3,107,492,52,70
1546,614,2160,0.715741,0.63,6.067021e+04,1.919812e-02,0.1522,3.3128,0,0,80,491,52,70
1547,613,2160,0.716204,0.623,6.085399e+04,1.829106e-02,0.1629,3.3193,0,0,75,490,52,70
1548,612,2160,0.716667,0.626,6.144131e+04,1.445350e-02,0.1554,3.3047,0,4,164,489,52,70
1549,611,2160,0.71713,0.623,6.175990e+04,1.516549e-02,0.163,3.3165,0,4,148,488,52,70
1550,610,2160,0.717593,0.627,6.183604e+04,2.102306e-02,0.1625,3.3196,0,3,149,487,52,70
1551,609,2160,0.718056,0.623,6.178844e+04,1.433556e-02,0.1423,3.3002,0,4,113,486,52,70
1552,608,2160,0.718519,0.623,6.239830e+04,1.343196e-02,0.1477,3.3259,0,4,168,485,52,70
1553,607,2160,0.718981,0.624,6.314786e+04,2.482820e-02,0.1477,3.32,0,9,145,484,52,70
1554,606,2160,0.719444,0.624,6.383859e+04,3.196269e-02,0.1506,3.316,0,8,60,483,52,70
1555,605,2160,0.719907,0.619,6.439526e+04,1.401919e-02,0.1502,3.3189,0,4,155,482,52,70
1556,604,2160,0.72037,0.619,6.521126e+04,1.462882e-02,0.1645,3.3065,0,4,79,481,52,70
1557,603,2160,0.720833,0.622,6.553787e+04,2.066705e-02,0.1488,3.3036,0,3,79,480,52,70
1558,602,2160,0.721296,0.621,6.528430e+04,1.976400e-02,0.1629,3.3085,0,0,145,479,52,70
1559,601,2160,0.721759,0.62,6.541302e+04,2.630575e-02,0.1641,3.3158,0,9,92,478,52,70
1560,600,2160,0.722222,0.621,6.553240e+04,2.190426e-02,0.1502,3.3294,0,3,92,477,52,70
1561,599,2160,0.722685,0.625,6.485556e+04,1.851480e-02,0.1574,3.32,0,0,92,476,52,70
1562,598,2160,0.723148,0.626,6.497233e+04,2.499984e-02,0.1505,3.309,0,9,164,475,52,70
1563,597,2160,0.723611,0.623,6.518545e+04,2.537388e-02,0.1507,3.3078,0,2,146,474,52,70
1564,596,2160,0.724074,0.624,6.558870e+04,2.046232e-02,0.1433,3.3245,0,3,58,473,52,70
1565,595,2160,0.724537,0.626,6.577090e+04,1.527683e-02,0.1567,3.3314,0,4,162,472,52,70
1566,594,2160,0.725,0.626,6.591368e+04,1.999467e-02,0.1553,3.3142,0,7,58,471,52,70
1567,593,2160,0.725463,0.626,6.596078e+04,1.395467e-02,0.1463,3.3155,0,4,41,470,52,70
1568,592,2160,0.725926,0.627,6.672787e+04,2.197041e-02,0.1545,3.3101,0,6,159,469,52,70
1569,591,2160,0.726389,0.626,6.722280e+04,2.180637e-02,0.157,3.3051,0,3,128,468,52,70
1570,590,2160,0.726852,0.625,6.724279e+04,2.193589e-02,0.1498,3.3078,0,3,174,467,52,70
1571,589,2160,0.727315,0.63,6.726410e+04,2.083878e-02,0.1504,3.3166,0,0,34,466,52,70
1572,588,2160,0.727778,0.632,6.741381e+04,9.988686e-03,0.1478,3.3043,0,4,34,465,52,70
1573,587,2160,0.728241,0.63,6.718281e+04,8.502168e-03,0.15,3.3104,1,9,3,465,51,70
1574,586,2160,0.728704,0.63,6.705686e+04,1.357876e-02,0.1578,3.3057,0,4,85,464,51,70
1575,585,2160,0.729167,0.633,6.801119e+04,2.576356e-02,0.1527,3.3084,0,2,174,463,51,70
1576,584,2160,0.72963,0.628,6.868586e+04,2.109138e-02,0.1469,3.2996,0,3,114,462,51,70
1577,583,2160,0.730093,0.625,6.915698e+04,1.444865e-02,0.1458,3.307,0,4,125,461,51,70
1578,582,2160,0.730556,0.63,6.998874e+04,2.111026e-02,0.1677,3.3059,0,7,170,460,51,70
1579,581,2160,0.731019,0.631,7.040075e+04,2.055498e-02,0.1549,3.3253,0,3,153,459,51,70
1580,580,2160,0.731481,0.636,7.127216e+04,2.203200e-02,0.1508,3.328,0,7,174,458,51,70
1581,579,2160,0.731944,0.634,7.135440e+04,2.219883e-02,0.1537,3.3173,0,6,128,457,51,70
1582,578,2160,0.732407,0.635,7.176675e+04,1.598798e-02,0.1475,3.3044,0,4,49,456,51,70
1583,577,2160,0.73287,0.635,7.207411e+04,2.153071e-02,0.1448,3.3093,0,7,130,455,51,70
1584,576,2160,0.733333,0.631,7.231183e+04,2.179102e-02,0.1452,3.304,0,0,130,454,51,70
1585,575,2160,0.733796,0.636,7.195293e+04,2.120478e-02,0.143,3.3142,0,0,87,453,51,70
1586,574,2160,0.734259,0.633,7.207912e+04,2.234729e-02,0.1446,3.3069,0,6,34,452,51,70
1587,573,2160,0.734722,0.633,7.238212e+04,4.113385e-02,0.158,3.3105,2,7,5,452,51,69
1588,572,2160,0.735185,0.633,7.230179e+04,2.246105e-02,0.1545,3.3088,0,3,171,451,51,69
1589,571,2160,0.735648,0.637,7.220889e+04,1.482466e-02,0.1566,3.3254,0,4,171,450,51,69
1590,570,2160,0.736111,0.637,7.243904e+04,2.198477e-02,0.1573,3.3108,0,3,110,449,51,69
1591,569,2160,0.736574,0.635,7.236434e+04,2.079032e-02,0.1449,3.3079,0,0,128,448,51,69
1592,568,2160,0.737037,0.638,7.252118e+04,3.050949e-02,0.1553,3.3146,0,8,87,447,51,69
1593,567,2160,0.7375,0.639,7.257534e+04,1.574782e-02,0.1414,3.3143,0,4,74,446,51,69
1594,566,2160,0.737963,0.644,7.287590e+04,2.640039e-02,0.1499,3.3084,0,9,98,445,51,69
1595,565,2160,0.738426,0.643,7.369515e+04,2.330838e-02,0.1387,3.3108,0,6,171,444,51,69
1596,564,2160,0.738889,0.643,7.407096e+04,2.231355e-02,0.1507,3.3236,0,7,50,443,51,69
1597,563,2160,0.739352,0.653,7.419439e+04,2.241432e-02,0.1531,3.3034,0,3,74,442,51,69
1598,562,2160,0.739815,0.652,7.439886e+04,2.149808e-02,0.1482,3.3183,0,3,185,441,51,69
1599,561,2160,0.740278,0.653,7.521189e+04,2.788710e-02,0.1456,3.3057,0,9,86,440,51,69
1600,560,2160,0.740741,0.651,7.552040e+04,2.230512e-02,0.145,3.3045,0,6,86,439,51,69
1601,559,2160,0.741204,0.65,7.522608e+04,2.329088e-02,0.1494,3.306,0,3,90,438,51,69
1602,558,2160,0.741667,0.649,7.520469e+04,2.145880e-02,0.1458,3.3149,0,0,116,437,51,69
1603,557,2160,0.74213,0.65,7.539194e+04,2.749423e-02,0.1497,3.3197,0,2,68,436,51,69
1604,556,2160,0.742593,0.651,7.600703e+04,2.783490e-02,0.1415,3.3194,0,2,48,435,51,69
1605,555,2160,0.743056,0.648,7.647081e+04,2.352904e-02,0.1579,3.3109,0,6,33,434,51,69
1606,554,2160,0.743519,0.645,7.699858e+04,1.714621e-02,0.1457,3.2904,0,4,178,433,51,69
1607,553,2160,0.743981,0.643,7.730512e+04,2.386940e-02,0.1428,3.303,0,3,67,432,51,69
1608,552,2160,0.744444,0.644,7.708155e+04,2.229535e-02,0.1491,3.3083,0,7,14,431,51,69
1609,551,2160,0.744907,0.643,7.787413e+04,2.151817e-02,0.1528,3.3128,0,7,154,430,51,69
1610,550,2160,0.74537,0.643,7.884952e+04,2.368612e-02,0.1384,3.3168,0,6,96,429,51,69
1611,549,2160,0.745833,0.642,7.932765e+04,1.401916e-02,0.1486,3.3051,0,4,96,428,51,69
1612,548,2160,0.746296,0.643,7.905391e+04,2.162359e-02,0.15,3.3049,0,0,159,427,51,69
1613,547,2160,0.746759,0.639,7.966856e+04,2.256921e-02,0.1466,3.3151,0,3,14,426,51,69
1614,546,2160,0.747222,0.64,8.063863e+04,2.080027e-02,0.143,3.2975,0,0,29,425,51,69
1615,545,2160,0.747685,0.637,8.177691e+04,2.751168e-02,0.1397,3.3102,0,9,57,424,51,69
1616,544,2160,0.748148,0.638,8.269613e+04,2.498121e-02,0.1457,3.3034,0,6,77,423,51,69
1617,543,2160,0.748611,0.642,8.296703e+04,2.563313e-02,0.1475,3.3158,0,9,77,422,51,69
1618,542,2160,0.749074,0.643,8.278997e+04,2.390986e-02,0.1428,3.2971,0,6,129,421,51,69
1619,541,2160,0.749537,0.643,8.323678e+04,2.965249e-02,0.1497,3.3115,0,2,77,420,51,69
1620,540,2160,0.75,0.634,8.322576e+04,2.226005e-02,0.1505,3.3128,0,0,146,419,51,69
1621,539,2160,0.750463,0.635,8.326488e+04,2.853023e-02,0.1491,3.3062,0,9,16,418,51,69
1622,538,2160,0.750926,0.632,8.395305e+04,2.898465e-02,0.1481,3.3011,0,2,31,417,51,69
1623,537,2160,0.751389,0.634,8.444897e+04,2.722743e-02,0.1422,3.3096,0,9,31,416,51,69
1624,536,2160,0.751852,0.632,8.434600e+04,1.884873e-02,0.1445,3.3152,0,3,16,415,51,69
1625,535,2160,0.752315,0.632,8.494621e+04,1.492126e-02,0.1468,3.3046,0,4,18,414,51,69
1626,534,2160,0.752778,0.629,8.620441e+04,2.948123e-02,0.1447,3.3155,0,9,40,413,51,69
1627,533,2160,0.753241,0.633,8.716299e+04,2.191906e-02,0.1497,3.3219,0,3,40,412,51,69
1628,532,2160,0.753704,0.63,8.747174e+04,2.970489e-02,0.1433,3.3062,0,2,175,411,51,69
1629,531,2160,0.754167,0.63,8.850242e+04,2.537795e-02,0.1437,3.3229,0,3,81,410,51,69
1630,530,2160,0.75463,0.634,8.868382e+04,2.515631e-02,0.1431,3.3141,0,6,111,409,51,69
1631,529,2160,0.755093,0.631,8.944824e+04,1.948582e-02,0.148,3.306,0,3,111,408,51,69
1632,528,2160,0.755556,0.632,8.947731e+04,2.518289e-02,0.1351,3.3125,0,6,175,407,51,69
1633,527,2160,0.756019,0.627,8.999382e+04,2.105481e-02,0.1398,3.3148,0,3,175,406,51,69
1634,526,2160,0.756481,0.627,8.937678e+04,2.501673e-02,0.1379,3.3197,0,3,44,405,51,69
1635,525,2160,0.756944,0.625,8.948388e+04,2.305855e-02,0.1377,3.3094,0,0,134,404,51,69
1636,524,2160,0.757407,0.623,8.990492e+04,1.752375e-02,0.1424,3.3316,0,4,38,403,51,69
1637,523,2160,0.75787,0.619,9.054191e+04,2.949634e-02,0.1483,3.3093,0,2,186,402,51,69
1638,522,2160,0.758333,0.62,9.166676e+04,3.234091e-02,0.1373,3.3202,0,8,126,401,51,69
1639,521,2160,0.758796,0.62,9.300864e+04,2.502096e-02,0.1328,3.3086,0,3,15,400,51,69
1640,520,2160,0.759259,0.622,9.370939e+04,1.952873e-02,0.1412,3.2926,0,0,15,399,51,69
1641,519,2160,0.759722,0.62,9.382748e+04,3.366862e-02,0.1382,3.3123,0,8,45,398,51,69
1642,518,2160,0.760185,0.62,9.436637e+04,3.041410e-02,0.1322,3.3024,0,2,15,397,51,69
1643,517,2160,0.760648,0.619,9.515006e+04,2.282927e-02,0.1367,3.3224,0,7,45,396,51,69
1644,516,2160,0.761111,0.622,9.538041e+04,2.440758e-02,0.1334,3.2979,0,3,45,395,51,69
1645,515,2160,0.761574,0.622,9.509718e+04,2.485013e-02,0.1294,3.3212,0,3,106,394,51,69
1646,514,2160,0.762037,0.621,9.527393e+04,2.404628e-02,0.1396,3.3201,0,7,108,393,51,69
1647,513,2160,0.7625,0.621,9.620225e+04,1.566701e-02,0.1347,3.3072,1,5,9,393,50,69
1648,512,2160,0.762963,0.62,9.608093e+04,2.528963e-02,0.1367,3.3079,0,6,87,392,50,69
1649,511,2160,0.763426,0.619,9.716014e+04,3.047510e-02,0.1295,3.302,0,9,172,391,50,69
1650,510,2160,0.763889,0.617,9.795060e+04,1.917056e-02,0.1299,3.3208,1,0,4,391,49,69
1651,509,2160,0.764352,0.617,9.773332e+04,1.835858e-02,0.1322,3.3117,0,4,161,390,49,69
1652,508,2160,0.764815,0.624,9.816343e+04,2.697064e-02,0.1302,3.3135,0,3,23,389,49,69
1653,507,2160,0.765278,0.622,9.798371e+04,2.481472e-02,0.1334,3.3055,0,6,157,388,49,69
1654,506,2160,0.765741,0.62,9.909549e+04,2.499947e-02,0.1397,3.309,0,7,172,387,49,69
1655,505,2160,0.766204,0.618,9.916774e+04,3.146361e-02,0.1277,3.3361,0,2,176,386,49,69
1656,504,2160,0.766667,0.615,9.998685e+04,2.580829e-02,0.129,3.3322,0,3,176,385,49,69
1657,503,2160,0.76713,0.617,9.952219e+04,3.112918e-02,0.1299,3.3245,0,2,161,384,49,69
1658,502,2160,0.767593,0.617,1.003211e+05,3.151687e-02,0.1288,3.3083,0,2,60,383,49,69
1659,501,2160,0.768056,0.619,1.015522e+05,3.478684e-02,0.13,3.3076,0,8,90,382,49,69
1660,500,2160,0.768519,0.614,1.017978e+05,1.782831e-02,0.1273,3.3204,0,4,87,381,49,69
1661,499,2160,0.768981,0.617,1.028968e+05,1.947461e-02,0.1377,3.3012,0,4,20,380,49,69
1662,498,2160,0.769444,0.616,1.034058e+05,3.233789e-02,0.1312,3.3122,0,2,188,379,49,69
1663,497,2160,0.769907,0.615,1.045431e+05,1.993214e-02,0.136,3.3205,0,4,124,378,49,69
1664,496,2160,0.77037,0.618,1.050129e+05,3.322810e-02,0.1325,3.3158,0,9,61,377,49,69
1665,495,2160,0.770833,0.622,1.052992e+05,3.241758e-02,0.128,3.298,0,2,61,376,49,69
1666,494,2160,0.771296,0.618,1.050282e+05,1.926382e-02,0.1321,3.3271,0,4,134,375,49,69
1667,493,2160,0.771759,0.615,1.054615e+05,2.598884e-02,0.1262,3.3026,0,6,61,374,49,69
1668,492,2160,0.772222,0.613,1.056514e+05,3.298966e-02,0.1255,3.3072,0,9,131,373,49,69
1669,491,2160,0.772685,0.607,1.061261e+05,3.300073e-02,0.137,3.3588,0,9,117,372,49,69
1670,490,2160,0.773148,0.61,1.061933e+05,1.847228e-02,0.1362,3.4156,0,4,23,371,49,69
1671,489,2160,0.773611,0.608,1.071099e+05,2.704436e-02,0.1237,3.3189,0,6,95,370,49,69
1672,488,2160,0.774074,0.61,1.078061e+05,1.904714e-02,0.1239,3.322,0,4,95,369,49,69
1673,487,2160,0.774537,0.608,1.075769e+05,2.734621e-02,0.1319,3.2904,0,6,146,368,49,69
1674,486,2160,0.775,0.606,1.079294e+05,2.053448e-02,0.1233,3.3139,0,4,141,367,49,69
1675,485,2160,0.775463,0.606,1.078945e+05,2.730271e-02,0.1218,3.3189,0,6,123,366,49,69
1676,484,2160,0.775926,0.606,1.084897e+05,2.068049e-02,0.123,3.2986,0,4,129,365,49,69
1677,483,2160,0.776389,0.603,1.086863e+05,1.747498e-02,0.1223,3.3209,0,7,129,364,49,69
1678,482,2160,0.776852,0.608,1.088963e+05,1.359433e-02,0.1311,3.3134,2,7,4,364,49,68
1679,481,2160,0.777315,0.607,1.087183e+05,2.601506e-02,0.1279,3.3111,0,6,23,363,49,68
1680,480,2160,0.777778,0.606,1.095389e+05,2.531280e-02,0.1259,3.3361,0,7,94,362,49,68
1681,479,2160,0.778241,0.601,1.100508e+05,2.493242e-02,0.1286,3.3282,0,7,156,361,49,68
1682,478,2160,0.778704,0.602,1.109881e+05,2.440146e-02,0.1264,3.3015,0,0,83,360,49,68
1683,477,2160,0.779167,0.6,1.123225e+05,3.385693e-02,0.1282,3.3166,1,9,0,360,48,68
1684,476,2160,0.77963,0.601,1.124495e+05,2.710273e-02,0.1204,3.3117,0,3,82,359,48,68
1685,475,2160,0.780093,0.598,1.123371e+05,3.457480e-02,0.1285,3.2965,0,9,82,358,48,68
1686,474,2160,0.780556,0.6,1.126217e+05,2.383519e-02,0.1226,3.3129,0,7,139,357,48,68
1687,473,2160,0.781019,0.603,1.140490e+05,3.238429e-02,0.1308,3.315,0,2,47,356,48,68
1688,472,2160,0.781481,0.591,1.154321e+05,2.429103e-02,0.1242,3.3138,0,7,32,355,48,68
1689,471,2160,0.781944,0.592,1.167300e+05,3.233433e-02,0.127,3.2598,0,2,22,354,48,68
1690,470,2160,0.782407,0.589,1.182793e+05,2.661905e-02,0.1297,3.325,0,6,179,353,48,68
1691,469,2160,0.78287,0.59,1.199726e+05,3.331483e-02,0.122,3.3205,0,9,122,352,48,68
1692,468,2160,0.783333,0.592,1.212618e+05,3.606859e-02,0.1257,3.3168,0,2,122,351,48,68
1693,467,2160,0.783796,0.593,1.209642e+05,2.702983e-02,0.1248,3.3176,0,7,67,350,48,68
1694,466,2160,0.784259,0.591,1.212884e+05,2.715048e-02,0.126,3.3321,0,3,136,349,48,68
1695,465,2160,0.784722,0.592,1.218046e+05,2.762503e-02,0.1251,3.3368,0,3,189,348,48,68
1696,464,2160,0.785185,0.592,1.220240e+05,2.768943e-02,0.1337,3.3034,0,6,189,347,48,68
1697,463,2160,0.785648,0.59,1.229694e+05,3.271363e-02,0.1264,3.3086,0,2,79,346,48,68
1698,462,2160,0.786111,0.587,1.244267e+05,2.111027e-02,0.1229,3.3153,0,4,119,345,48,68
1699,461,2160,0.786574,0.588,1.247572e+05,1.808271e-02,0.1176,3.3095,0,4,180,344,48,68
1700,460,2160,0.787037,0.587,1.263071e+05,2.491000e-02,0.1181,3.3128,0,7,53,343,48,68
1701,459,2160,0.7875,0.586,1.272370e+05,1.641977e-02,0.118,3.3034,1,2,9,343,47,68
1702,458,2160,0.787963,0.585,1.271532e+05,3.343043e-02,0.121,3.3166,0,2,20,342,47,68
1703,457,2160,0.788426,0.584,1.282742e+05,1.909649e-02,0.1231,3.2938,2,4,0,342,47,67
1704,456,2160,0.788889,0.584,1.281260e+05,2.419647e-02,0.1201,3.3018,0,7,150,341,47,67
1705,455,2160,0.789352,0.584,1.292978e+05,3.370666e-02,0.1164,3.3169,0,2,108,340,47,67
1706,454,2160,0.789815,0.58,1.303363e+05,3.276097e-02,0.1174,3.3107,0,2,81,339,47,67
1707,453,2160,0.790278,0.585,1.315861e+05,2.781988e-02,0.1162,3.3073,0,6,48,338,47,67
1708,452,2160,0.790741,0.588,1.322337e+05,2.532703e-02,0.1195,3.3063,0,7,142,337,47,67
1709,451,2160,0.791204,0.589,1.328630e+05,3.444029e-02,0.1206,3.2985,0,2,54,336,47,67
1710,450,2160,0.791667,0.592,1.335442e+05,3.458752e-02,0.1141,3.312,0,2,52,335,47,67
1711,449,2160,0.79213,0.592,1.344510e+05,2.581146e-02,0.1198,3.3194,0,7,34,334,47,67
1712,448,2160,0.792593,0.594,1.350574e+05,3.580923e-02,0.1122,3.3075,0,9,52,333,47,67
1713,447,2160,0.793056,0.589,1.345445e+05,2.638840e-02,0.1224,3.3216,0,7,21,332,47,67
1714,446,2160,0.793519,0.586,1.352794e+05,3.554375e-02,0.115,3.3039,0,2,137,331,47,67
1715,445,2160,0.793981,0.585,1.359483e+05,2.716648e-02,0.1067,3.3082,0,0,107,330,47,67
1716,444,2160,0.794444,0.583,1.370224e+05,3.403202e-02,0.1093,3.3133,0,9,3,329,47,67
1717,443,2160,0.794907,0.585,1.385719e+05,3.335629e-02,0.1189,3.3062,0,9,25,328,47,67
1718,442,2160,0.79537,0.584,1.401946e+05,2.651040e-02,0.0993,3.3083,0,0,89,327,47,67
1719,441,2160,0.795833,0.587,1.414865e+05,3.443246e-02,0.1046,3.3204,0,9,104,326,47,67
1720,440,2160,0.796296,0.594,1.430909e+05,2.511692e-02,0.1068,3.3041,0,7,26,325,47,67
1721,439,2160,0.796759,0.593,1.448466e+05,3.002754e-02,0.0998,3.3133,0,6,147,324,47,67
1722,438,2160,0.797222,0.591,1.457093e+05,2.966309e-02,0.1126,3.3159,0,6,176,323,47,67
1723,437,2160,0.797685,0.586,1.468111e+05,3.574160e-02,0.1086,3.3046,0,2,187,322,47,67
1724,436,2160,0.798148,0.59,1.483189e+05,2.030543e-02,0.1045,3.3208,0,4,187,321,47,67
1725,435,2160,0.798611,0.592,1.483668e+05,3.737893e-02,0.0982,3.3216,0,8,88,320,47,67
1726,434,2160,0.799074,0.589,1.485549e+05,1.933376e-02,0.0973,3.3155,0,4,27,319,47,67
1727,433,2160,0.799537,0.591,1.501730e+05,2.856175e-02,0.0984,3.3127,0,3,152,318,47,67
1728,432,2160,0.8,0.588,1.507150e+05,2.907072e-02,0.0988,3.3273,0,0,88,317,47,67
1729,431,2160,0.800463,0.59,1.507607e+05,2.849560e-02,0.0951,3.3275,0,0,137,316,47,67
1730,430,2160,0.800926,0.587,1.519085e+05,3.641841e-02,0.1,3.3218,0,2,110,315,47,67
1731,429,2160,0.801389,0.585,1.536836e+05,1.863648e-02,0.1064,3.3216,0,4,110,314,47,67
1732,428,2160,0.801852,0.586,1.551465e+05,3.650007e-02,0.0933,3.3155,0,9,108,313,47,67
1733,427,2160,0.802315,0.595,1.563685e+05,2.751155e-02,0.1083,3.3259,0,6,108,312,47,67
1734,426,2160,0.802778,0.589,1.567513e+05,3.009205e-02,0.1159,3.3185,0,6,103,311,47,67
1735,425,2160,0.803241,0.591,1.580555e+05,2.998178e-02,0.1124,3.3156,0,0,52,310,47,67
1736,424,2160,0.803704,0.591,1.585062e+05,2.979342e-02,0.0929,3.3224,0,6,52,309,47,67
1737,423,2160,0.804167,0.592,1.598437e+05,2.303910e-02,0.0992,3.3151,0,4,103,308,47,67
1738,422,2160,0.80463,0.589,1.596045e+05,2.725963e-02,0.0917,3.3143,0,0,103,307,47,67
1739,421,2160,0.805093,0.592,1.605875e+05,3.127387e-02,0.0897,3.3163,0,6,161,306,47,67
1740,420,2160,0.805556,0.589,1.617001e+05,3.566994e-02,0.0898,3.3271,0,9,161,305,47,67
1741,419,2160,0.806019,0.591,1.617556e+05,3.907365e-02,0.0946,3.3278,0,8,149,304,47,67
1742,418,2160,0.806481,0.592,1.626471e+05,2.620289e-02,0.0962,3.3243,0,0,149,303,47,67
1743,417,2160,0.806944,0.59,1.626276e+05,3.703478e-02,0.0961,3.3212,0,2,121,302,47,67
1744,416,2160,0.807407,0.589,1.634078e+05,3.472680e-02,0.1036,3.3203,0,9,121,301,47,67
1745,415,2160,0.80787,0.588,1.635916e+05,3.641304e-02,0.0973,3.3185,0,9,96,300,47,67
1746,414,2160,0.808333,0.584,1.657559e+05,3.740939e-02,0.0986,3.3225,0,2,51,299,47,67
1747,413,2160,0.808796,0.585,1.674524e+05,2.125230e-02,0.1033,3.3048,0,4,64,298,47,67
1748,412,2160,0.809259,0.585,1.693983e+05,3.953463e-02,0.1037,3.3121,0,8,158,297,47,67
1749,411,2160,0.809722,0.586,1.717522e+05,3.173577e-02,0.0953,3.3151,0,6,174,296,47,67
1750,410,2160,0.810185,0.58,1.734808e+05,2.809579e-02,0.0935,3.3067,0,0,174,295,47,67
1751,409,2160,0.810648,0.581,1.734714e+05,2.036459e-02,0.0902,3.3239,0,4,6,294,47,67
1752,408,2160,0.811111,0.581,1.757693e+05,4.270669e-02,0.0922,3.3191,0,8,76,293,47,67
1753,407,2160,0.811574,0.583,1.762318e+05,2.371740e-02,0.0885,3.3144,0,4,102,292,47,67
1754,406,2160,0.812037,0.582,1.771894e+05,3.333818e-02,0.0949,3.3228,0,6,165,291,47,67
1755,405,2160,0.8125,0.585,1.784567e+05,2.183719e-02,0.0995,3.3115,0,4,99,290,47,67
1756,404,2160,0.812963,0.585,1.804790e+05,2.504686e-02,0.0976,3.3021,0,4,35,289,47,67
1757,403,2160,0.813426,0.584,1.812498e+05,4.112704e-02,0.0957,3.3102,0,9,35,288,47,67
1758,402,2160,0.813889,0.582,1.803852e+05,2.382524e-02,0.0924,3.3034,0,6,35,287,47,67
1759,401,2160,0.814352,0.583,1.808305e+05,2.083883e-02,0.0955,3.3177,2,4,6,287,47,66
1760,400,2160,0.814815,0.582,1.808514e+05,6.184012e-02,0.0921,3.3359,2,1,5,287,47,65
1761,399,2160,0.815278,0.582,1.812884e+05,4.392333e-02,0.0979,3.3213,0,8,172,286,47,65
1762,398,2160,0.815741,0.584,1.819893e+05,2.876422e-02,0.0985,3.3266,0,0,172,285,47,65
1763,397,2160,0.816204,0.585,1.815564e+05,3.793348e-02,0.0897,3.3121,0,9,51,284,47,65
1764,396,2160,0.816667,0.585,1.821941e+05,2.995267e-02,0.0917,3.3263,0,7,135,283,47,65
1765,395,2160,0.81713,0.593,1.835821e+05,3.924993e-02,0.0912,3.313,0,2,157,282,47,65
1766,394,2160,0.817593,0.585,1.857300e+05,3.234876e-02,0.1006,3.3193,0,6,188,281,47,65
1767,393,2160,0.818056,0.58,1.878833e+05,2.099568e-02,0.0955,3.3169,0,4,81,280,47,65
1768,392,2160,0.818519,0.585,1.904513e+05,2.772837e-02,0.0951,3.314,0,3,129,279,47,65
1769,391,2160,0.818981,0.582,1.930106e+05,3.870640e-02,0.0915,3.31,0,2,100,278,47,65
1770,390,2160,0.819444,0.585,1.955709e+05,2.789397e-02,0.0951,3.3244,0,7,43,277,47,65
1771,389,2160,0.819907,0.58,1.981838e+05,3.183616e-02,0.1085,1.7166,0,0,133,276,47,65
1772,388,2160,0.82037,0.578,2.004329e+05,2.496168e-02,0.099,3.3193,0,3,133,275,47,65
1773,387,2160,0.820833,0.579,2.007309e+05,2.222874e-02,0.0897,3.3128,0,4,47,274,47,65
1774,386,2160,0.821296,0.577,2.032378e+05,3.250050e-02,0.1006,3.3217,0,3,160,273,47,65
1775,385,2160,0.821759,0.573,2.038409e+05,2.312120e-02,0.0893,3.3299,0,4,45,272,47,65
1776,384,2160,0.822222,0.571,2.060809e+05,4.175560e-02,0.0886,3.3086,0,2,160,271,47,65
1777,383,2160,0.822685,0.571,2.074348e+05,3.818392e-02,0.1099,3.3119,0,9,191,270,47,65
1778,382,2160,0.823148,0.576,2.098601e+05,4.556472e-02,0.0901,3.3139,0,8,132,269,47,65
1779,381,2160,0.823611,0.579,2.106697e+05,3.897668e-02,0.1138,3.3168,0,9,37,268,47,65
1780,380,2160,0.824074,0.576,2.129500e+05,2.247057e-02,0.0912,3.3238,0,4,170,267,47,65
1781,379,2160,0.824537,0.573,2.152522e+05,3.000480e-02,0.0886,3.3205,0,7,39,266,47,65
1782,378,2160,0.825,0.581,2.173212e+05,3.987757e-02,0.1114,3.3226,0,9,124,265,47,65
1783,377,2160,0.825463,0.578,2.187145e+05,3.711651e-02,0.1083,3.3178,0,6,91,264,47,65
1784,376,2160,0.825926,0.576,2.192968e+05,4.150323e-02,0.1048,3.3338,0,2,113,263,47,65
1785,375,2160,0.826389,0.566,2.217948e+05,3.307617e-02,0.0969,3.3,0,0,59,262,47,65
1786,374,2160,0.826852,0.567,2.245610e+05,3.303809e-02,0.0932,3.3003,0,3,91,261,47,65
1787,373,2160,0.827315,0.564,2.249362e+05,2.832985e-02,0.104,3.3144,0,7,91,260,47,65
1788,372,2160,0.827778,0.566,2.255130e+05,3.713823e-02,0.0961,3.3206,0,6,160,259,47,65
1789,371,2160,0.828241,0.566,2.261498e+05,3.009380e-02,0.0979,3.3007,0,9,160,258,47,65
1790,370,2160,0.828704,0.568,2.253758e+05,2.262691e-02,0.0926,3.3295,0,4,44,257,47,65
1791,369,2160,0.829167,0.567,2.275265e+05,1.520106e-02,0.0953,3.3054,2,5,2,257,47,64
1792,368,2160,0.82963,0.566,2.272263e+05,3.043225e-02,0.0926,3.307,0,7,116,256,47,64
1793,367,2160,0.830093,0.565,2.283448e+05,2.280697e-02,0.0969,3.3164,0,4,163,255,47,64
1794,366,2160,0.830556,0.569,2.310774e+05,2.270278e-02,0.0988,3.3081,0,4,191,254,47,64
1795,365,2160,0.831019,0.566,2.339571e+05,2.536712e-02,0.1029,3.3041,0,4,115,253,47,64
1796,364,2160,0.831481,0.569,2.355194e+05,3.577568e-02,0.0903,3.2999,0,6,51,252,47,64
1797,363,2160,0.831944,0.567,2.379531e+05,3.524806e-02,0.0918,3.3058,0,6,100,251,47,64
1798,362,2160,0.832407,0.57,2.407836e+05,3.482123e-02,0.0924,3.3086,0,0,189,250,47,64
1799,361,2160,0.83287,0.566,2.437661e+05,4.371585e-02,0.0911,3.3088,0,2,124,249,47,64
1800,360,2160,0.833333,0.562,2.453935e+05,3.766027e-02,0.0913,3.3249,0,6,177,248,47,64
1801,359,2160,0.833796,0.562,2.477405e+05,3.762223e-02,0.0956,3.3156,0,6,187,247,47,64
1802,358,2160,0.834259,0.558,2.504585e+05,3.801278e-02,0.0944,3.304,0,6,173,246,47,64
1803,357,2160,0.834722,0.559,2.533174e+05,4.311700e-02,0.0876,3.3153,0,9,105,245,47,64
1804,356,2160,0.835185,0.558,2.558545e+05,4.562088e-02,0.0919,3.3166,0,2,49,244,47,64
1805,355,2160,0.835648,0.557,2.570413e+05,2.329004e-02,0.092,3.3205,0,3,49,243,47,64
1806,354,2160,0.836111,0.565,2.565939e+05,5.255068e-02,0.0963,3.3091,2,3,5,243,47,63
1807,353,2160,0.836574,0.564,2.570876e+05,3.383810e-02,0.0979,3.3228,0,3,48,242,47,63
1808,352,2160,0.837037,0.574,2.591430e+05,4.081607e-02,0.1031,3.318,0,6,117,241,47,63
1809,351,2160,0.8375,0.569,2.601441e+05,4.080076e-02,0.0956,3.3025,1,5,4,241,46,63
1810,350,2160,0.837963,0.571,2.598491e+05,3.164963e-02,0.0858,3.3308,0,7,141,240,46,63
1811,349,2160,0.838426,0.567,2.624919e+05,4.986996e-02,0.0982,3.3251,0,8,86,239,46,63
1812,348,2160,0.838889,0.566,2.638455e+05,3.807546e-02,0.0931,3.3159,0,0,90,238,46,63
1813,347,2160,0.839352,0.576,2.650859e+05,2.976963e-02,0.0964,3.2972,0,4,56,237,46,63
1814,346,2160,0.839815,0.573,2.660844e+05,3.296884e-02,0.0908,3.3152,0,0,56,236,46,63
1815,345,2160,0.840278,0.574,2.658959e+05,4.060796e-02,0.0937,3.3039,0,6,67,235,46,63
1816,344,2160,0.840741,0.574,2.676528e+05,5.367020e-02,0.0991,3.318,0,8,67,234,46,63
1817,343,2160,0.841204,0.568,2.675019e+05,6.376120e-02,0.0963,3.3107,1,2,8,234,45,63
1818,342,2160,0.841667,0.572,2.683264e+05,4.428645e-02,0.0878,3.301,0,2,67,233,45,63
1819,341,2160,0.84213,0.576,2.698778e+05,4.741779e-02,0.0991,3.2915,0,8,178,232,45,63
1820,340,2160,0.842593,0.573,2.719807e+05,3.996721e-02,0.0908,3.3111,2,0,2,232,45,62
1821,339,2160,0.843056,0.569,2.720513e+05,3.732294e-02,0.0966,3.3217,0,6,10,231,45,62
1822,338,2160,0.843519,0.569,2.750953e+05,3.643227e-02,0.091,3.3165,0,3,68,230,45,62
1823,337,2160,0.843981,0.574,2.757531e+05,2.814373e-02,0.095,3.3212,0,4,88,229,45,62
1824,336,2160,0.844444,0.574,2.770549e+05,3.862454e-02,0.0908,3.3098,0,0,63,228,45,62
1825,335,2160,0.844907,0.573,2.789927e+05,4.145769e-02,0.0889,3.3172,0,6,88,227,45,62
1826,334,2160,0.84537,0.575,2.790471e+05,2.917673e-02,0.0973,3.3133,0,7,88,226,45,62
1827,333,2160,0.845833,0.569,2.783694e+05,2.583147e-02,0.0979,3.3074,0,4,152,225,45,62
1828,332,2160,0.846296,0.572,2.814146e+05,4.565159e-02,0.0957,3.3202,0,2,88,224,45,62
1829,331,2160,0.846759,0.562,2.833645e+05,2.401558e-02,0.0893,3.3124,0,4,195,223,45,62
1830,330,2160,0.847222,0.553,2.866687e+05,2.444419e-02,0.0962,3.3057,0,4,37,222,45,62
1831,329,2160,0.847685,0.548,2.901637e+05,3.711552e-02,0.0978,3.3278,0,0,114,221,45,62
1832,328,2160,0.848148,0.547,2.936386e+05,2.916227e-02,0.0986,3.311,0,4,36,220,45,62
1833,327,2160,0.848611,0.552,2.951114e+05,3.052276e-02,0.0981,3.3048,0,4,101,219,45,62
1834,326,2160,0.849074,0.552,2.968400e+05,2.550136e-02,0.0982,3.3196,0,4,167,218,45,62
1835,325,2160,0.849537,0.548,3.003390e+05,3.302075e-02,0.0944,3.3041,1,1,4,218,44,62
1836,324,2160,0.85,0.547,3.005291e+05,3.019400e-02,0.0856,3.3234,0,4,142,217,44,62
1837,323,2160,0.850463,0.545,3.020059e+05,4.617094e-02,0.0845,3.3145,1,1,0,217,43,62
1838,322,2160,0.850926,0.545,3.021658e+05,4.799817e-02,0.0963,3.3279,0,8,30,216,43,62
1839,321,2160,0.851389,0.544,3.057169e+05,3.420119e-02,0.0919,3.3086,0,3,190,215,43,62
1840,320,2160,0.851852,0.544,3.089798e+05,3.935597e-02,0.0851,3.3252,0,9,190,214,43,62
1841,319,2160,0.852315,0.544,3.111089e+05,2.800950e-02,0.0897,3.2984,2,5,5,214,43,61
1842,318,2160,0.852778,0.54,3.111973e+05,4.715807e-02,0.0932,3.3021,0,2,62,213,43,61
1843,317,2160,0.853241,0.532,3.138783e+05,2.679339e-02,0.0934,3.3121,1,9,6,213,42,61
1844,316,2160,0.853704,0.536,3.133400e+05,4.348746e-02,0.0935,3.307,0,9,62,212,42,61
1845,315,2160,0.854167,0.542,3.122222e+05,3.945081e-02,0.1017,3.2854,0,6,62,211,42,61
1846,314,2160,0.85463,0.537,3.128032e+05,3.104297e-02,0.094,3.3349,0,4,117,210,42,61
1847,313,2160,0.855093,0.542,3.136557e+05,3.416063e-02,0.0908,3.319,0,3,69,209,42,61
1848,312,2160,0.855556,0.536,3.173840e+05,3.908232e-02,0.0906,3.3251,0,0,132,208,42,61
1849,311,2160,0.856019,0.537,3.200083e+05,3.841439e-02,0.0873,3.3122,0,0,62,207,42,61
1850,310,2160,0.856481,0.537,3.237313e+05,3.647075e-02,0.0914,3.3031,0,7,146,206,42,61
1851,309,2160,0.856944,0.536,3.248842e+05,3.179703e-02,0.0939,3.311,0,7,31,205,42,61
1852,308,2160,0.857407,0.528,3.286139e+05,4.838174e-02,0.0957,3.319,0,2,23,204,42,61
1853,307,2160,0.85787,0.533,3.315552e+05,4.809368e-02,0.0937,3.3164,0,8,121,203,42,61
1854,306,2160,0.858333,0.535,3.347426e+05,4.166040e-02,0.0889,3.3338,0,6,120,202,42,61
1855,305,2160,0.858796,0.529,3.388864e+05,2.025848e-02,0.0951,3.3244,1,4,9,202,41,61
1856,304,2160,0.859259,0.528,3.387705e+05,4.369766e-02,0.1017,3.3086,0,9,163,201,41,61
1857,303,2160,0.859722,0.533,3.431095e+05,5.058233e-02,0.0957,3.3091,0,8,110,200,41,61
1858,302,2160,0.860185,0.532,3.474329e+05,3.365920e-02,0.0862,3.3148,0,7,72,199,41,61
1859,301,2160,0.860648,0.524,3.512891e+05,4.382357e-02,0.0875,3.3089,0,6,45,198,41,61
1860,300,2160,0.861111,0.525,3.558092e+05,5.409099e-02,0.0844,3.3093,0,8,46,197,41,61
1861,299,2160,0.861574,0.527,3.581137e+05,4.320671e-02,0.0916,3.3033,0,3,46,196,41,61
1862,298,2160,0.862037,0.527,3.571656e+05,3.113857e-02,0.0929,3.3145,0,7,46,195,41,61
1863,297,2160,0.8625,0.523,3.591260e+05,4.384892e-02,0.0931,3.3103,0,0,119,194,41,61
1864,296,2160,0.862963,0.522,3.608564e+05,4.140818e-02,0.0846,3.3194,0,0,61,193,41,61
1865,295,2160,0.863426,0.521,3.647980e+05,5.518899e-02,0.0913,3.3102,0,2,76,192,41,61
1866,294,2160,0.863889,0.519,3.662837e+05,4.417349e-02,0.0906,3.3193,0,6,107,191,41,61
1867,293,2160,0.864352,0.52,3.702920e+05,4.402038e-02,0.0885,3.3109,2,8,1,191,41,60
1868,292,2160,0.864815,0.511,3.708769e+05,3.361942e-02,0.0841,3.3218,2,8,6,191,41,59
1869,291,2160,0.865278,0.52,3.706854e+05,4.471740e-02,0.0955,3.3085,0,6,172,190,41,59
1870,290,2160,0.865741,0.51,3.747720e+05,7.398231e-02,0.0938,3.3194,2,4,5,190,41,58
1871,289,2160,0.866204,0.51,3.751071e+05,3.469808e-02,0.0942,3.2942,0,7,127,189,41,58
1872,288,2160,0.866667,0.503,3.796900e+05,5.618701e-02,0.0842,3.316,0,2,164,188,41,58
1873,287,2160,0.86713,0.507,3.817156e+05,4.540564e-02,0.0827,3.3174,2,4,1,188,41,57
1874,286,2160,0.867593,0.508,3.812572e+05,5.776618e-02,0.0884,3.3086,0,2,103,187,41,57
1875,285,2160,0.868056,0.495,3.833089e+05,4.439881e-02,0.0915,3.311,0,6,24,186,41,57
1876,284,2160,0.868519,0.502,3.880926e+05,2.872489e-02,0.0936,3.3163,0,4,188,185,41,57
1877,283,2160,0.868981,0.497,3.932910e+05,3.703071e-02,0.0879,3.3173,0,7,118,184,41,57
1878,282,2160,0.869444,0.489,3.953881e+05,3.744731e-02,0.0949,3.323,0,7,171,183,41,57
1879,281,2160,0.869907,0.472,3.988755e+05,4.159667e-02,0.0948,3.3201,0,3,78,182,41,57
1880,280,2160,0.87037,0.471,4.006745e+05,3.681468e-02,0.0947,3.3005,2,2,6,182,41,56
1881,279,2160,0.870833,0.47,4.001987e+05,3.543919e-02,0.0866,3.3106,0,7,132,181,41,56
1882,278,2160,0.871296,0.478,4.031347e+05,5.852575e-02,0.0921,3.3007,0,2,94,180,41,56
1883,277,2160,0.871759,0.488,4.074594e+05,4.342764e-02,0.088,3.3188,0,3,177,179,41,56
1884,276,2160,0.872222,0.485,4.108022e+05,5.034966e-02,0.0777,3.3195,0,2,177,178,41,56
1885,275,2160,0.872685,0.491,4.107113e+05,7.980006e-02,0.0915,3.3149,1,5,7,178,40,56
1886,274,2160,0.873148,0.471,4.125581e+05,5.862733e-02,0.0796,3.3251,0,2,44,177,40,56
1887,273,2160,0.873611,0.468,4.175982e+05,4.558582e-02,0.086,3.3106,0,9,151,176,40,56
1888,272,2160,0.874074,0.468,4.229121e+05,2.518583e-02,0.0831,3.3219,2,9,3,176,40,55
1889,271,2160,0.874537,0.472,4.227204e+05,4.963324e-02,0.0897,3.3082,1,9,4,176,39,55
1890,270,2160,0.875,0.468,4.234931e+05,3.797821e-02,0.0869,3.3203,0,4,175,175,39,55
1891,269,2160,0.875463,0.464,4.242027e+05,4.998306e-02,0.0922,3.3227,0,6,90,174,39,55
1892,268,2160,0.875926,0.47,4.251334e+05,4.113559e-02,0.0869,3.2983,0,3,103,173,39,55
1893,267,2160,0.876389,0.473,4.302122e+05,6.307676e-02,0.0875,3.3151,0,2,131,172,39,55
1894,266,2160,0.876852,0.472,4.325424e+05,6.354282e-02,0.0946,3.3258,0,2,130,171,39,55
1895,265,2160,0.877315,0.473,4.348032e+05,4.124468e-02,0.0898,3.3176,0,3,130,170,39,55
1896,264,2160,0.877778,0.472,4.328649e+05,6.175829e-02,0.078,3.3127,0,2,106,169,39,55
1897,263,2160,0.878241,0.44,4.378921e+05,5.433343e-02,0.0892,3.3198,2,1,1,169,39,54
1898,262,2160,0.878704,0.443,4.384453e+05,4.688063e-02,0.0884,3.3167,0,6,186,168,39,54
1899,261,2160,0.879167,0.438,4.436946e+05,6.583700e-02,0.0918,3.3313,0,2,117,167,39,54
1900,260,2160,0.87963,0.429,4.465830e+05,5.119897e-02,0.0928,3.3216,2,1,2,167,39,53
1901,259,2160,0.880093,0.427,4.463786e+05,5.426660e-02,0.0929,3.3055,1,6,4,167,38,53
1902,258,2160,0.880556,0.429,4.467073e+05,8.185898e-02,0.0783,3.3162,2,2,5,167,38,52
1903,257,2160,0.881019,0.425,4.465374e+05,2.210771e-02,0.0829,3.3217,2,2,3,167,38,51
1904,256,2160,0.881481,0.428,4.464221e+05,6.079241e-02,0.0891,3.3209,0,8,131,166,38,51
1905,255,2160,0.881944,0.42,4.481456e+05,2.996454e-02,0.0865,3.3154,0,0,131,165,38,51
1906,254,2160,0.882407,0.42,4.470673e+05,5.781989e-02,0.0796,3.3267,0,8,38,164,38,51
1907,253,2160,0.88287,0.416,4.492516e+05,4.494819e-02,0.0869,3.3231,0,3,19,163,38,51
1908,252,2160,0.883333,0.413,4.546005e+05,3.076784e-02,0.0839,3.2966,0,4,130,162,38,51
1909,251,2160,0.883796,0.413,4.604954e+05,4.936608e-02,0.0865,3.2964,0,6,170,161,38,51
1910,250,2160,0.884259,0.411,4.669199e+05,4.762786e-02,0.0803,3.3177,0,9,38,160,38,51
1911,249,2160,0.884722,0.413,4.700691e+05,3.769357e-02,0.0781,3.3098,0,0,38,159,38,51
1912,248,2160,0.885185,0.414,4.737657e+05,5.011011e-02,0.091,3.1,0,6,57,158,38,51
1913,247,2160,0.885648,0.403,4.807742e+05,4.868525e-02,0.0904,3.321,0,9,23,157,38,51
1914,246,2160,0.886111,0.411,4.878347e+05,6.984571e-02,0.082,3.3136,1,0,0,157,37,51
1915,245,2160,0.886574,0.407,4.897624e+05,4.409778e-02,0.0823,3.3028,0,0,187,156,37,51
1916,244,2160,0.887037,0.411,4.961951e+05,3.776043e-02,0.089,3.3151,0,7,96,155,37,51
1917,243,2160,0.8875,0.42,5.030387e+05,3.680432e-02,0.0867,3.3056,0,7,121,154,37,51
1918,242,2160,0.887963,0.421,5.098528e+05,4.334318e-02,0.0832,3.3086,0,7,66,153,37,51
1919,241,2160,0.888426,0.43,5.109257e+05,5.226754e-02,0.086,3.3099,0,9,148,152,37,51
1920,240,2160,0.888889,0.428,5.151862e+05,3.018881e-02,0.0874,3.3118,0,7,148,151,37,51
1921,239,2160,0.889352,0.435,5.168868e+05,4.940896e-02,0.0751,3.3351,0,9,189,150,37,51
1922,238,2160,0.889815,0.425,5.239333e+05,5.284586e-02,0.0774,3.3139,0,9,66,149,37,51
1923,237,2160,0.890278,0.427,5.241261e+05,2.875087e-02,0.0834,3.3148,0,6,66,148,37,51
1924,236,2160,0.890741,0.424,5.239355e+05,7.211194e-02,0.0818,3.3226,0,8,77,147,37,51
1925,235,2160,0.891204,0.429,5.266860e+05,1.370343e-01,0.0778,3.3111,1,5,8,147,36,51
1926,234,2160,0.891667,0.432,5.309818e+05,1.096489e-01,0.083,3.3156,2,0,5,147,36,50
1927,233,2160,0.89213,0.412,5.319863e+05,6.944858e-02,0.0777,3.3193,0,8,34,146,36,50
1928,232,2160,0.892593,0.405,5.372778e+05,4.034267e-02,0.0758,3.3187,0,4,146,145,36,50
1929,231,2160,0.893056,0.396,5.405752e+05,5.416887e-02,0.0797,3.3169,0,0,91,144,36,50
1930,230,2160,0.893519,0.392,5.414794e+05,7.613604e-02,0.084,3.3031,0,2,178,143,36,50
1931,229,2160,0.893981,0.402,5.447087e+05,3.873037e-02,0.0796,1.4625,0,3,178,142,36,50
1932,228,2160,0.894444,0.397,5.469041e+05,5.166587e-02,0.0794,3.3059,0,9,138,141,36,50
1933,227,2160,0.894907,0.411,5.538672e+05,6.198763e-02,0.085,3.3148,2,7,2,141,36,49
1934,226,2160,0.89537,0.409,5.538318e+05,4.101435e-02,0.0761,3.3191,0,7,122,140,36,49
1935,225,2160,0.895833,0.405,5.607935e+05,4.860655e-02,0.0826,3.3096,0,3,21,139,36,49
1936,224,2160,0.896296,0.397,5.681544e+05,7.422479e-02,0.0839,3.3045,0,2,80,138,36,49
1937,223,2160,0.896759,0.388,5.722295e+05,6.208120e-02,0.08,3.3175,2,7,9,138,36,48
1938,222,2160,0.897222,0.388,5.715829e+05,2.780359e-02,0.0791,3.305,2,3,4,138,36,47
1939,221,2160,0.897685,0.392,5.702968e+05,4.701119e-02,0.0874,3.2932,0,3,80,137,36,47
1940,220,2160,0.898148,0.396,5.687698e+05,4.763374e-02,0.0814,3.3087,0,6,80,136,36,47
1941,219,2160,0.898611,0.392,5.719354e+05,2.394676e-02,0.0741,3.3153,0,4,80,135,36,47
1942,218,2160,0.899074,0.394,5.752376e+05,5.538845e-02,0.0761,3.3286,0,3,53,134,36,47
1943,217,2160,0.899537,0.397,5.760946e+05,5.127006e-02,0.0784,3.3149,0,9,53,133,36,47
1944,216,2160,0.9,0.407,5.772101e+05,2.897635e-02,0.0804,3.3121,0,4,53,132,36,47
1945,215,2160,0.900463,0.4,5.823238e+05,4.512227e-02,0.0736,3.3127,0,0,176,131,36,47
1946,214,2160,0.900926,0.395,5.902783e+05,1.240742e-01,0.0775,3.3043,1,5,0,131,35,47
1947,213,2160,0.901389,0.386,5.948191e+05,1.303589e-01,0.0783,3.3044,2,6,5,131,35,46
1948,212,2160,0.901852,0.385,5.946645e+05,7.660425e-02,0.0797,3.3195,0,2,128,130,35,46
1949,211,2160,0.902315,0.384,6.017006e+05,5.702744e-02,0.0798,3.326,0,6,82,129,35,46
1950,210,2160,0.902778,0.394,6.084323e+05,5.929389e-02,0.0923,3.3233,0,6,68,128,35,46
1951,209,2160,0.903241,0.397,6.143760e+05,6.006318e-02,0.0757,3.3162,0,6,50,127,35,46
1952,208,2160,0.903704,0.404,6.198330e+05,8.087421e-02,0.0781,3.3185,0,2,50,126,35,46
1953,207,2160,0.904167,0.394,6.207219e+05,3.414665e-02,0.0887,3.3135,0,3,50,125,35,46
1954,206,2160,0.90463,0.393,6.172015e+05,5.620877e-02,0.0762,3.3028,0,6,39,124,35,46
1955,205,2160,0.905093,0.404,6.249557e+05,5.762707e-02,0.0835,3.3089,0,6,44,123,35,46
1956,204,2160,0.905556,0.396,6.328177e+05,4.939868e-02,0.0768,3.3142,0,7,65,122,35,46
1957,203,2160,0.906019,0.392,6.337940e+05,5.273155e-02,0.0746,3.3246,0,6,65,121,35,46
1958,202,2160,0.906481,0.389,6.387379e+05,6.494097e-02,0.0835,3.3136,1,6,6,121,34,46
1959,201,2160,0.906944,0.394,6.399273e+05,5.367271e-02,0.0762,3.3295,0,3,119,120,34,46
1960,200,2160,0.907407,0.406,6.430296e+05,7.884716e-02,0.0795,3.3212,0,2,92,119,34,46
1961,199,2160,0.90787,0.394,6.472540e+05,7.923636e-02,0.0731,3.3108,0,2,114,118,34,46
1962,198,2160,0.908333,0.385,6.543170e+05,4.976161e-02,0.0677,3.3164,0,0,86,117,34,46
1963,197,2160,0.908796,0.386,6.591939e+05,4.792119e-02,0.0757,3.3147,0,0,51,116,34,46
1964,196,2160,0.909259,0.386,6.670957e+05,5.509410e-02,0.0746,3.3127,0,0,118,115,34,46
1965,195,2160,0.909722,0.389,6.696604e+05,5.161110e-02,0.0757,3.3069,0,7,92,114,34,46
1966,194,2160,0.910185,0.396,6.700543e+05,4.894948e-02,0.079,3.3126,0,9,165,113,34,46
1967,193,2160,0.910648,0.403,6.764465e+05,5.775747e-02,0.0697,3.2995,0,6,89,112,34,46
1968,192,2160,0.911111,0.398,6.812372e+05,8.012255e-02,0.0724,3.3261,0,2,89,111,34,46
1969,191,2160,0.911574,0.388,6.850329e+05,3.477848e-02,0.079,3.3207,0,7,89,110,34,46
1970,190,2160,0.912037,0.394,6.895138e+05,7.101194e-02,0.0749,3.3186,1,5,2,110,33,46
1971,189,2160,0.9125,0.388,6.903724e+05,5.536063e-02,0.0728,3.3293,2,2,2,110,33,45
1972,188,2160,0.912963,0.389,6.905886e+05,5.454194e-02,0.0759,3.3115,0,6,49,109,33,45
1973,187,2160,0.913426,0.404,6.981443e+05,2.809987e-02,0.0712,3.321,1,1,3,109,32,45
1974,186,2160,0.913889,0.402,6.975101e+05,5.699887e-02,0.0803,3.3093,2,3,6,109,32,44
1975,185,2160,0.914352,0.419,6.975338e+05,5.635045e-02,0.0733,3.3027,0,6,64,108,32,44
1976,184,2160,0.914815,0.413,7.058924e+05,5.477933e-02,0.0754,3.3187,0,3,159,107,32,44
1977,183,2160,0.915278,0.409,7.149559e+05,8.590508e-02,0.0655,3.2924,0,2,73,106,32,44
1978,182,2160,0.915741,0.406,7.240061e+05,3.584716e-02,0.0694,3.3108,0,4,92,105,32,44
1979,181,2160,0.916204,0.4,7.330508e+05,8.731089e-02,0.0753,3.3143,0,2,156,104,32,44
1980,180,2160,0.916667,0.399,7.420635e+05,4.390879e-02,0.0829,3.3021,0,7,115,103,32,44
1981,179,2160,0.91713,0.409,7.514105e+05,3.601780e-02,0.0804,3.3303,0,4,52,102,32,44
1982,178,2160,0.917593,0.402,7.605913e+05,3.673062e-02,0.0728,3.3048,0,4,71,101,32,44
1983,177,2160,0.918056,0.395,7.702887e+05,8.432306e-02,0.0693,3.3162,0,8,78,100,32,44
1984,176,2160,0.918519,0.411,7.728839e+05,1.166789e-01,0.0661,3.3211,1,1,8,100,31,44
1985,175,2160,0.918981,0.393,7.772787e+05,5.271565e-02,0.0768,3.3367,0,0,78,99,31,44
1986,174,2160,0.919444,0.396,7.845279e+05,9.279703e-02,0.0775,3.326,0,2,74,98,31,44
1987,173,2160,0.919907,0.382,7.940267e+05,6.016502e-02,0.0672,3.3151,0,9,162,97,31,44
1988,172,2160,0.92037,0.378,7.996473e+05,4.775863e-02,0.0701,3.3249,0,0,162,96,31,44
1989,171,2160,0.920833,0.377,8.063461e+05,3.938057e-02,0.0759,3.3119,0,4,66,95,31,44
1990,170,2160,0.921296,0.372,8.165257e+05,7.050586e-02,0.0668,3.3163,1,3,8,95,30,44
1991,169,2160,0.921759,0.377,8.196639e+05,5.285256e-02,0.0735,3.3101,0,7,101,94,30,44
1992,168,2160,0.922222,0.378,8.288149e+05,6.767008e-02,0.0643,3.3264,0,6,47,93,30,44
1993,167,2160,0.922685,0.375,8.385925e+05,6.630026e-02,0.0735,3.3169,0,6,136,92,30,44
1994,166,2160,0.923148,0.376,8.469447e+05,6.202431e-02,0.0725,3.3195,0,9,48,91,30,44
1995,165,2160,0.923611,0.381,8.580349e+05,6.206664e-02,0.0732,3.3024,0,3,32,90,30,44
1996,164,2160,0.924074,0.375,8.694841e+05,8.845921e-02,0.0765,3.3262,2,0,9,90,30,43
1997,163,2160,0.924537,0.375,8.711496e+05,1.070495e-01,0.0706,3.3301,1,0,7,90,29,43
1998,162,2160,0.925,0.357,8.731009e+05,6.686078e-02,0.0775,3.3157,0,9,149,89,29,43
1999,161,2160,0.925463,0.364,8.780010e+05,6.368192e-02,0.0757,3.3278,0,3,34,88,29,43
2000,160,2160,0.925926,0.364,8.895180e+05,4.431550e-02,0.0852,3.3199,0,4,106,87,29,43
2001,159,2160,0.926389,0.362,9.023714e+05,5.890694e-02,0.0772,3.3114,1,0,2,87,28,43
2002,158,2160,0.926852,0.359,9.023038e+05,9.575132e-02,0.0733,3.3354,0,8,145,86,28,43
2003,157,2160,0.927315,0.353,9.166313e+05,6.511460e-02,0.0661,3.3155,0,3,164,85,28,43
2004,156,2160,0.927778,0.347,9.296658e+05,7.313500e-02,0.0802,3.3198,2,8,2,85,28,42
2005,155,2160,0.928241,0.345,9.291809e+05,7.755396e-02,0.0637,3.3203,0,6,79,84,28,42
2006,154,2160,0.928704,0.348,9.422284e+05,7.757434e-02,0.0672,3.3147,0,9,54,83,28,42
2007,153,2160,0.929167,0.347,9.485712e+05,6.892657e-02,0.0817,3.3216,0,3,54,82,28,42
2008,152,2160,0.92963,0.348,9.447705e+05,7.188417e-02,0.0721,3.3315,0,3,93,81,28,42
2009,151,2160,0.930093,0.344,9.458870e+05,8.657422e-02,0.0743,3.3237,2,9,1,81,28,41
2010,150,2160,0.930556,0.346,9.467218e+05,7.943627e-02,0.0738,3.3096,0,9,144,80,28,41
2011,149,2160,0.931019,0.345,9.551147e+05,7.446480e-02,0.0751,3.3155,0,9,72,79,28,41
2012,148,2160,0.931481,0.343,9.689074e+05,8.209920e-02,0.0691,3.3039,0,9,147,78,28,41
2013,147,2160,0.931944,0.326,9.779945e+05,4.663052e-02,0.0678,3.3108,0,0,147,77,28,41
2014,146,2160,0.932407,0.331,9.844534e+05,1.055525e-01,0.0789,3.3137,0,2,93,76,28,41
2015,145,2160,0.93287,0.324,9.927365e+05,7.201996e-02,0.0707,3.3173,0,0,77,75,28,41
2016,144,2160,0.933333,0.326,9.959961e+05,1.124548e-01,0.0679,3.3085,2,6,9,75,28,40
2017,143,2160,0.933796,0.326,9.968173e+05,6.777721e-02,0.0778,3.333,0,7,93,74,28,40
2018,142,2160,0.934259,0.333,9.968665e+05,2.506626e-02,0.079,3.3092,0,4,93,73,28,40
2019,141,2160,0.934722,0.333,9.980667e+05,1.201594e-01,0.0748,3.3265,2,4,9,73,28,39
2020,140,2160,0.935185,0.334,9.992213e+05,9.619907e-02,0.0686,3.3262,2,7,1,73,28,38
2021,139,2160,0.935648,0.331,9.989225e+05,5.842894e-02,0.0651,3.2962,2,3,0,73,28,37
2022,138,2160,0.936111,0.326,9.977156e+05,1.011942e-01,0.0712,3.3087,1,5,3,73,27,37
2023,137,2160,0.936574,0.324,9.984834e+05,2.171486e-01,0.0749,3.3166,2,8,5,73,27,36
2024,136,2160,0.937037,0.322,9.975169e+05,4.474973e-02,0.0703,3.3085,2,5,0,73,27,35
2025,135,2160,0.9375,0.325,9.970285e+05,9.672073e-02,0.066,3.3206,2,9,0,73,27,34
2026,134,2160,0.937963,0.322,9.981267e+05,4.846183e-02,0.0634,3.2952,0,4,60,72,27,34
2027,133,2160,0.938426,0.32,1.012097e+06,1.525074e-01,0.0701,3.3132,1,6,7,72,26,34
2028,132,2160,0.938889,0.303,1.018568e+06,4.492849e-02,0.0717,3.3064,2,0,3,72,26,33
2029,131,2160,0.939352,0.304,1.016286e+06,1.291292e-01,0.0736,3.3075,2,9,9,72,26,32
2030,130,2160,0.939815,0.306,1.020565e+06,1.160259e-01,0.072,3.3217,0,2,87,71,26,32
2031,129,2160,0.940278,0.312,1.036177e+06,6.536394e-02,0.0754,3.3076,0,0,161,70,26,32
2032,128,2160,0.940741,0.312,1.052218e+06,5.012962e-02,0.0723,3.3009,0,4,65,69,26,32
2033,127,2160,0.941204,0.313,1.067973e+06,9.966365e-02,0.0647,3.3216,1,6,2,69,25,32
2034,126,2160,0.941667,0.319,1.069577e+06,9.923185e-02,0.0652,3.317,0,6,58,68,25,32
2035,125,2160,0.94213,0.321,1.085673e+06,6.586967e-02,0.0663,3.3085,0,0,105,67,25,32
2036,124,2160,0.942593,0.318,1.101582e+06,9.015858e-02,0.0751,3.3031,1,2,6,67,24,32
2037,123,2160,0.943056,0.317,1.103453e+06,1.290259e-01,0.0718,3.3104,2,6,0,67,24,31
2038,122,2160,0.943519,0.318,1.105138e+06,6.598878e-02,0.0724,3.3234,0,0,160,66,24,31
2039,121,2160,0.943981,0.32,1.120299e+06,1.187239e-01,0.0652,3.3264,0,6,76,65,24,31
2040,120,2160,0.944444,0.32,1.126686e+06,6.807827e-02,0.0698,3.3271,0,7,76,64,24,31
2041,119,2160,0.944907,0.312,1.123767e+06,1.276759e-01,0.0744,3.3132,1,2,7,64,23,31
2042,118,2160,0.94537,0.313,1.125800e+06,1.297486e-01,0.0812,3.3157,0,2,90,63,23,31
2043,117,2160,0.945833,0.269,1.137000e+06,1.416798e-01,0.0693,3.3078,2,2,0,63,23,30
2044,116,2160,0.946296,0.273,1.140883e+06,1.079796e-01,0.0692,3.3073,1,2,2,63,22,30
2045,115,2160,0.946759,0.273,1.139525e+06,5.209164e-02,0.0625,3.3124,1,3,2,63,21,30
2046,114,2160,0.947222,0.277,1.139943e+06,1.313858e-01,0.0666,3.321,0,2,116,62,21,30
2047,113,2160,0.947685,0.282,1.152101e+06,1.449446e-01,0.0729,3.3104,2,3,9,62,21,29
2048,112,2160,0.948148,0.281,1.161020e+06,1.264799e-01,0.0686,3.3141,1,1,2,62,20,29
2049,111,2160,0.948611,0.291,1.162897e+06,1.831881e-01,0.0652,3.3187,2,2,9,62,20,28
2050,110,2160,0.949074,0.275,1.173543e+06,1.360201e-01,0.0769,3.3289,0,2,75,61,20,28
2051,109,2160,0.949537,0.281,1.189168e+06,1.636118e-01,0.062,3.2927,1,9,7,61,19,28
2052,108,2160,0.95,0.281,1.193569e+06,4.829223e-02,0.0624,3.3136,2,1,3,61,19,27
2053,107,2160,0.950463,0.282,1.191190e+06,9.021811e-02,0.0783,3.3079,2,9,2,61,19,26
2054,106,2160,0.950926,0.278,1.191912e+06,1.136206e-01,0.0729,3.3312,0,9,132,60,19,26
2055,105,2160,0.951389,0.269,1.209004e+06,5.306448e-02,0.0616,3.3124,0,4,54,59,19,26
2056,104,2160,0.951852,0.258,1.226321e+06,5.275216e-02,0.0839,3.3082,0,4,94,58,19,26
2057,103,2160,0.952315,0.266,1.243775e+06,1.222119e-01,0.0701,3.3177,0,9,171,57,19,26
2058,102,2160,0.952778,0.249,1.262981e+06,8.666104e-02,0.0669,3.3136,0,7,149,56,19,26
2059,101,2160,0.953241,0.268,1.282352e+06,6.632049e-02,0.0715,3.3098,0,0,102,55,19,26
2060,100,2160,0.953704,0.255,1.302667e+06,5.776415e-02,0.0757,3.3134,0,4,144,54,19,26
2061,99,2160,0.954167,0.266,1.323971e+06,1.537798e-01,0.074,3.3085,0,2,86,53,19,26
2062,98,2160,0.95463,0.266,1.346386e+06,4.062699e-01,0.069,3.3172,1,9,2,53,18,26
2063,97,2160,0.955093,0.266,1.346101e+06,3.244427e-01,0.0646,3.3163,2,1,9,53,18,25
2064,96,2160,0.955556,0.265,1.345900e+06,1.428607e-01,0.0663,3.3066,0,9,119,52,18,25
2065,95,2160,0.956019,0.24,1.361708e+06,9.568695e-02,0.0672,3.3187,0,7,95,51,18,25
2066,94,2160,0.956481,0.234,1.384098e+06,8.745431e-02,0.0616,3.3199,0,3,143,50,18,25
2067,93,2160,0.956944,0.229,1.407151e+06,1.217692e-01,0.0609,3.3171,0,6,78,49,18,25
2068,92,2160,0.957407,0.226,1.428607e+06,1.244263e-01,0.0688,3.3201,1,0,6,49,17,25
2069,91,2160,0.95787,0.23,1.429298e+06,1.691413e-01,0.0681,3.3166,1,6,9,49,16,25
2070,90,2160,0.958333,0.223,1.436332e+06,1.625608e-01,0.0759,3.3197,1,1,9,49,15,25
2071,89,2160,0.958796,0.236,1.434766e+06,1.500361e-01,0.0767,3.3256,0,9,118,48,15,25
2072,88,2160,0.959259,0.193,1.444526e+06,1.200514e-01,0.0792,3.3214,1,3,9,48,14,25
2073,87,2160,0.959722,0.19,1.445840e+06,7.719135e-02,0.0696,3.3139,0,7,90,47,14,25
2074,86,2160,0.960185,0.184,1.451638e+06,1.575740e-01,0.0643,3.3068,2,7,6,47,14,24
2075,85,2160,0.960648,0.187,1.453192e+06,7.109119e-02,0.0627,3.3164,0,0,141,46,14,24
2076,84,2160,0.961111,0.181,1.476147e+06,1.620183e-01,0.0657,3.3297,1,6,0,46,13,24
2077,83,2160,0.961574,0.172,1.480556e+06,8.716727e-02,0.0714,3.3146,0,0,33,45,13,24
2078,82,2160,0.962037,0.172,1.481145e+06,1.383680e-01,0.0657,3.3116,0,6,63,44,13,24
2079,81,2160,0.9625,0.171,1.483820e+06,1.012856e-01,0.0657,3.3176,0,8,63,43,13,24
2080,80,2160,0.962963,0.178,1.494396e+06,2.164650e-01,0.0739,3.3162,2,6,1,43,13,23
2081,79,2160,0.963426,0.182,1.499335e+06,2.687062e-01,0.0691,3.2996,2,0,1,43,13,22
2082,78,2160,0.963889,0.128,1.516053e+06,1.192420e-01,0.0615,3.325,0,6,119,42,13,22
2083,77,2160,0.964352,0.142,1.534708e+06,1.161696e-01,0.0605,3.3276,0,3,117,41,13,22
2084,76,2160,0.964815,0.138,1.542890e+06,3.790462e-02,0.0652,3.3204,0,7,117,40,13,22
2085,75,2160,0.965278,0.136,1.542766e+06,8.968474e-02,0.0673,3.3042,0,4,50,39,13,22
2086,74,2160,0.965741,0.138,1.542097e+06,4.458345e-02,0.0725,3.3047,0,0,50,38,13,22
2087,73,2160,0.966204,0.138,1.547962e+06,1.590135e-01,0.0621,3.3248,2,3,2,38,13,21
2088,72,2160,0.966667,0.164,1.551703e+06,1.184681e-01,0.0618,3.3175,2,8,0,38,13,20
2089,71,2160,0.96713,0.155,1.552351e+06,1.360320e-01,0.0616,3.3029,2,4,2,38,13,19
2090,70,2160,0.967593,0.144,1.550863e+06,1.078295e-01,0.0737,3.3008,0,3,116,37,13,19
2091,69,2160,0.968056,0.144,1.551219e+06,4.062703e-02,0.0674,3.3093,0,4,116,36,13,19
2092,68,2160,0.968519,0.146,1.559640e+06,8.623729e-02,0.0724,3.3145,0,0,148,35,13,19
2093,67,2160,0.968981,0.157,1.586944e+06,1.267894e-01,0.0611,3.3199,0,6,118,34,13,19
2094,66,2160,0.969444,0.151,1.611428e+06,3.432652e-01,0.0611,3.3224,1,1,6,34,12,19
2095,65,2160,0.969907,0.149,1.611034e+06,2.168808e-01,0.0625,3.3274,2,5,1,34,12,18
2096,64,2160,0.97037,0.147,1.610794e+06,1.083148e-01,0.0606,3.3199,0,3,135,33,12,18
2097,63,2160,0.970833,0.156,1.640411e+06,2.220458e-01,0.06,3.3189,0,9,90,32,12,18
2098,62,2160,0.971296,0.156,1.671708e+06,3.146011e-01,0.066,3.3057,1,0,9,32,11,18
2099,61,2160,0.971759,0.157,1.671391e+06,1.116306e-01,0.0595,3.3208,0,4,123,31,11,18
2100,60,2160,0.972222,0.154,1.678611e+06,5.203999e-02,0.0599,3.3245,0,7,123,30,11,18
2101,59,2160,0.972685,0.161,1.678519e+06,1.164958e-01,0.0589,3.3188,0,3,35,29,11,18
2102,58,2160,0.973148,0.165,1.712723e+06,1.658173e-01,0.058,3.3181,1,2,3,29,10,18
2103,57,2160,0.973611,0.159,1.714195e+06,2.134183e-01,0.0582,3.3123,2,6,2,29,10,17
2104,56,2160,0.974074,0.158,1.713321e+06,1.173267e-01,0.0593,3.3027,1,0,3,29,9,17
2105,55,2160,0.974537,0.154,1.718961e+06,3.299605e-01,0.0585,3.3174,2,7,0,29,9,16
2106,54,2160,0.975,0.156,1.718189e+06,5.167392e-02,0.0626,1.4713,2,4,4,29,9,15
2107,53,2160,0.975463,0.157,1.717540e+06,9.821618e-02,0.0659,3.3135,2,9,4,29,9,14
2108,52,2160,0.975926,0.165,1.717811e+06,1.186337e-01,0.0605,3.3117,0,0,109,28,9,14
2109,51,2160,0.976389,0.161,1.719194e+06,2.722594e-02,0.0607,3.3098,0,4,109,27,9,14
2110,50,2160,0.976852,0.163,1.721881e+06,1.523167e-01,0.0663,3.3122,0,8,91,26,9,14
2111,49,2160,0.977315,0.132,1.757846e+06,8.218635e-02,0.064,3.3236,0,4,33,25,9,14
2112,48,2160,0.977778,0.143,1.794777e+06,1.544965e-01,0.0626,3.3207,0,7,136,24,9,14
2113,47,2160,0.978241,0.131,1.840449e+06,1.638806e-01,0.0567,3.3184,0,7,131,23,9,14
2114,46,2160,0.978704,0.12,1.855317e+06,5.582477e-02,0.0561,3.3176,0,3,131,22,9,14
2115,45,2160,0.979167,0.115,1.858335e+06,1.995266e-01,0.0555,3.327,2,0,6,22,9,13
2116,44,2160,0.97963,0.128,1.864055e+06,1.259595e-01,0.055,3.3024,0,3,20,21,9,13
2117,43,2160,0.980093,0.125,1.908476e+06,2.879130e-01,0.0551,3.2979,2,1,6,21,9,12
2118,42,2160,0.980556,0.122,1.920895e+06,1.199507e-01,0.0552,3.3093,0,3,124,20,9,12
2119,41,2160,0.981019,0.118,1.971093e+06,2.173372e-01,0.0545,3.3203,1,6,3,20,8,12
2120,40,2160,0.981481,0.121,1.978049e+06,1.336279e-01,0.0541,3.3071,2,5,6,20,8,11
2121,39,2160,0.981944,0.121,1.977487e+06,1.152654e-01,0.0558,1.2002,0,3,36,19,8,11
2122,38,2160,0.982407,0.12,2.032026e+06,1.426949e-01,0.0617,3.3231,0,0,175,18,8,11
2123,37,2160,0.98287,0.12,2.097463e+06,3.320953e-01,0.0569,3.323,1,4,0,18,7,11
2124,36,2160,0.983333,0.119,2.124281e+06,2.588590e-02,0.0523,3.3067,0,3,76,17,7,11
2125,35,2160,0.983796,0.118,2.126318e+06,2.011864e-01,0.059,3.3036,0,0,76,16,7,11
2126,34,2160,0.984259,0.12,2.157291e+06,1.826126e-01,0.0635,3.3092,0,0,104,15,7,11
2127,33,2160,0.984722,0.121,2.155871e+06,1.979467e-01,0.052,3.3157,1,3,0,15,6,11
2128,32,2160,0.985185,0.121,2.155095e+06,6.991854e-02,0.0508,3.3121,0,4,104,14,6,11
2129,31,2160,0.985648,0.12,2.187451e+06,1.469341e-01,0.0489,3.3172,0,3,137,13,6,11
2130,30,2160,0.986111,0.123,2.271344e+06,2.761403e-01,0.0515,3.3241,1,4,3,13,5,11
2131,29,2160,0.986574,0.115,2.338575e+06,1.470110e-01,0.0464,3.3154,0,3,134,12,5,11
2132,28,2160,0.987037,0.127,2.424959e+06,1.900326e-01,0.0436,3.3005,0,3,150,11,5,11
2133,27,2160,0.9875,0.126,2.546787e+06,2.687735e-01,0.0425,3.2956,0,3,142,10,5,11
2134,26,2160,0.987963,0.104,2.748388e+06,2.023171e-01,0.0407,3.3125,0,3,77,9,5,11
2135,25,2160,0.988426,0.105,2.742328e+06,3.749768e-01,0.0407,3.3209,1,3,3,9,4,11
2136,24,2160,0.988889,0.107,2.739066e+06,1.410461e-01,0.0422,3.3067,0,7,77,8,4,11
2137,23,2160,0.989352,0.083,2.784530e+06,2.321597e-01,0.0388,3.3187,1,3,7,8,3,11
2138,22,2160,0.989815,0.081,2.781086e+06,6.164947e-02,0.038,3.3219,2,5,3,8,3,10
2139,21,2160,0.990278,0.082,2.777024e+06,1.718884e-01,0.0356,3.3132,2,1,4,8,3,9
2140,20,2160,0.990741,0.083,2.977084e+06,1.671213e-01,0.0404,3.3047,2,7,3,8,3,8
2141,19,2160,0.991204,0.083,3.334771e+06,2.342995e-01,0.0342,3.3037,0,8,146,7,3,8
2142,18,2160,0.991667,0.087,3.542478e+06,3.471359e-01,0.0358,3.3109,1,4,8,7,2,8
2143,17,2160,0.99213,0.087,3.522179e+06,1.550105e-01,0.0402,3.3101,0,4,67,6,2,8
2144,16,2160,0.992593,0.087,3.787699e+06,2.464255e-01,0.0371,3.3192,2,6,3,6,2,7
2145,15,2160,0.993056,0.087,3.763303e+06,1.736404e-01,0.0289,3.312,2,6,4,6,2,6
2146,14,2160,0.993519,0.087,4.361162e+06,1.647668e-01,0.0272,3.3205,0,4,173,5,2,6
2147,13,2160,0.993981,0.087,4.758111e+06,1.882834e-01,0.0263,3.3212,0,4,172,4,2,6
2148,12,2160,0.994444,0.087,5.377125e+06,2.210657e-01,0.0306,3.3196,0,4,174,3,2,6
2149,11,2160,0.994907,0.087,6.377773e+06,4.759331e-01,0.0236,3.3109,2,4,3,3,2,5
2150,10,2160,0.99537,0.087,8.889698e+06,2.857844e-01,0.0215,3.3124,0,4,82,2,2,5
2151,9,2160,0.995833,0.087,1.040685e+07,6.066728e-01,0.0208,3.3102,2,2,4,2,2,4
2152,8,2160,0.996296,0.087,1.441249e+07,6.787776e-01,0.0188,3.3177,2,8,3,2,2,3
2153,7,2160,0.996759,0.087,1.736932e+07,7.989569e-01,0.0185,3.3149,2,0,4,2,2,2
2154,6,2160,0.997222,0.087,1.998602e+07,7.547340e-01,0.0175,3.3327,1,3,4,2,1,2
2155,5,2160,0.997685,0.087,2.232345e+07,9.714895e-01,0.0228,3.3193,2,3,3,2,1,1
2156,4,2160,0.998148,0.087,2.233617e+07,2.486326e-01,0.0162,3.3257,0,4,128,1,1,1
2157,3,2160,0.998611,0.087,2.386546e+07,1.676115e+00,0.014,3.3175,0,4,68,0,1,1
2158,2,2160,0.999074,0.087,6.009017e+06,2.426327e+00,0.0131,3.3093,1,4,4,0,0,1
2159,1,2160,0.999537,0.087,2.302118e+06,4.251279e+00,0.011,0.7659,2,5,4,0,0,0
