step,NZ,total_W,sparsity,val_acc,d_manifold,d_W,prune_time_s,adjust_time_s,candidate_layer,candidate_i,candidate_j,layer_0_NZ,layer_1_NZ,layer_2_NZ
0,2160,2160,0.0,0.909,0.000000e+00,2.126580e-02,5.5956,0.7998,1,0,0,1960,99,100
1,2159,2160,0.000463,0.909,0.000000e+00,2.586972e-03,3.1955,3.3821,1,0,1,1960,98,100
2,2158,2160,0.000926,0.909,6.366541e-06,1.279777e-02,3.1571,3.305,1,0,9,1960,97,100
3,2157,2160,0.001389,0.909,6.324894e-06,7.601362e-03,3.1742,3.3135,1,3,0,1960,96,100
4,2156,2160,0.001852,0.909,6.303957e-06,4.035663e-03,3.1446,3.3206,1,3,1,1960,95,100
5,2155,2160,0.002315,0.909,6.292492e-06,6.640579e-03,3.1516,3.3172,1,3,2,1960,94,100
6,2154,2160,0.002778,0.909,6.285511e-06,2.048607e-03,3.1563,3.3307,1,3,3,1960,93,100
7,2153,2160,0.003241,0.909,6.280946e-06,3.633084e-03,3.169,3.3085,1,3,4,1960,92,100
8,2152,2160,0.003704,0.909,6.277762e-06,8.115184e-03,3.1626,3.3035,1,3,5,1960,91,100
9,2151,2160,0.004167,0.909,7.359680e-05,1.012715e-02,3.1654,3.3055,1,3,9,1960,90,100
10,2150,2160,0.00463,0.909,7.287865e-05,1.161195e-03,3.1415,3.3162,2,2,0,1960,90,99
11,2149,2160,0.005093,0.909,7.248228e-05,3.404645e-04,3.1505,3.3047,2,3,3,1960,90,98
12,2148,2160,0.005556,0.909,7.201536e-05,3.095933e-03,3.1448,3.3043,2,7,0,1960,90,97
13,2147,2160,0.006019,0.909,7.156423e-05,3.292648e-03,3.1573,3.281,2,8,0,1960,90,96
14,2146,2160,0.006481,0.909,7.097796e-05,5.237716e-03,3.2066,3.298,2,9,0,1960,90,95
15,2145,2160,0.006944,0.909,6.930332e-05,6.587587e-03,3.1509,3.321,2,4,0,1960,90,94
16,2144,2160,0.007407,0.909,6.913595e-05,7.075389e-03,3.1711,3.3175,2,5,0,1960,90,93
17,2143,2160,0.00787,0.909,6.867801e-05,8.634272e-03,3.1581,3.3143,2,3,0,1960,90,92
18,2142,2160,0.008333,0.909,6.914407e-05,1.232623e-03,3.1496,3.2981,2,0,3,1960,90,91
19,2141,2160,0.008796,0.909,7.070123e-05,1.194904e-02,3.1494,3.3069,2,1,0,1960,90,90
20,2140,2160,0.009259,0.909,7.266874e-05,1.464109e-03,3.1733,3.3167,2,8,3,1960,90,89
21,2139,2160,0.009722,0.909,7.172223e-05,2.295178e-02,3.1609,3.313,1,0,7,1960,89,89
22,2138,2160,0.010185,0.909,2.389787e-02,3.089267e-03,3.1583,3.3189,2,5,3,1960,89,88
23,2137,2160,0.010648,0.909,2.258413e-02,3.062206e-03,3.1852,3.3159,2,7,3,1960,89,87
24,2136,2160,0.011111,0.909,2.193694e-02,3.580752e-03,3.1963,3.3114,2,4,3,1960,89,86
25,2135,2160,0.011574,0.909,2.152033e-02,4.431415e-03,3.1533,3.2917,2,1,3,1960,89,85
26,2134,2160,0.012037,0.909,2.120487e-02,4.659115e-03,3.1672,3.3091,2,9,3,1960,89,84
27,2133,2160,0.0125,0.909,2.095337e-02,5.482485e-03,3.165,3.2927,2,6,3,1960,89,83
28,2132,2160,0.012963,0.909,2.072967e-02,1.155258e-03,3.1593,3.3165,1,3,8,1960,88,83
29,2131,2160,0.013426,0.909,2.053704e-02,6.547631e-03,3.1706,3.3031,2,2,3,1960,88,82
30,2130,2160,0.013889,0.909,2.036871e-02,1.175479e-03,3.1761,3.2875,1,3,6,1960,87,82
31,2129,2160,0.014352,0.909,2.022255e-02,1.745898e-02,3.1443,3.298,1,3,7,1960,86,82
32,2128,2160,0.014815,0.909,2.008881e-02,3.228871e-05,3.1594,3.3138,0,3,43,1959,86,82
33,2127,2160,0.015278,0.909,2.002113e-02,1.161880e-05,3.2005,3.3116,0,8,33,1958,86,82
34,2126,2160,0.015741,0.909,1.995773e-02,1.230351e-05,3.1958,3.3141,0,8,189,1957,86,82
35,2125,2160,0.016204,0.909,1.988801e-02,9.799298e-06,3.2364,3.3188,0,7,168,1956,86,82
36,2124,2160,0.016667,0.909,1.987644e-02,6.034932e-05,3.1923,3.3051,0,3,159,1955,86,82
37,2123,2160,0.01713,0.909,1.989817e-02,1.298704e-05,3.2007,3.3028,0,7,28,1954,86,82
38,2122,2160,0.017593,0.909,1.997224e-02,2.768685e-04,3.1889,3.3111,0,9,42,1953,86,82
39,2121,2160,0.018056,0.909,2.078508e-02,2.978825e-03,3.1749,3.3219,1,0,3,1953,85,82
40,2120,2160,0.018519,0.909,1.495590e-02,2.864320e-05,3.178,3.3175,0,2,194,1952,85,82
41,2119,2160,0.018981,0.909,1.543697e-02,3.674317e-04,3.1885,3.3104,0,9,156,1951,85,82
42,2118,2160,0.019444,0.909,1.705122e-02,4.512192e-04,3.1857,3.302,0,9,190,1950,85,82
43,2117,2160,0.019907,0.909,1.914505e-02,7.924445e-04,3.1839,3.309,1,0,5,1950,84,82
44,2116,2160,0.02037,0.909,3.271174e-02,6.627174e-04,3.1741,3.3058,0,9,23,1949,84,82
45,2115,2160,0.020833,0.909,3.621678e-02,7.021632e-04,3.1832,3.3203,0,9,34,1948,84,82
46,2114,2160,0.021296,0.909,4.214124e-02,1.391926e-02,3.1831,3.3202,2,0,0,1948,84,81
47,2113,2160,0.021759,0.909,3.136683e-02,8.625596e-04,3.1687,3.3078,0,9,20,1947,84,81
48,2112,2160,0.022222,0.909,3.878705e-02,9.803054e-04,3.191,3.3208,0,9,43,1946,84,81
49,2111,2160,0.022685,0.909,5.291642e-02,2.887049e-04,3.177,3.3143,0,3,31,1945,84,81
50,2110,2160,0.023148,0.909,4.988649e-02,1.814013e-02,3.167,3.3101,2,6,0,1945,84,80
51,2109,2160,0.023611,0.909,3.106963e-02,5.836474e-03,3.1798,3.3236,1,0,2,1945,83,80
52,2108,2160,0.024074,0.909,2.814485e-02,1.000019e-02,3.1899,3.3125,1,0,4,1945,82,80
53,2107,2160,0.024537,0.909,2.670651e-02,2.845393e-03,3.2131,3.3013,1,0,6,1945,81,80
54,2106,2160,0.025,0.909,2.589807e-02,3.315474e-03,3.173,3.3056,1,0,8,1945,80,80
55,2105,2160,0.025463,0.909,2.536536e-02,2.926836e-04,3.1887,3.3085,0,3,4,1944,80,80
56,2104,2160,0.025926,0.909,3.020940e-02,9.635306e-04,3.1889,3.3103,0,9,192,1943,80,80
57,2103,2160,0.026389,0.909,4.431029e-02,8.597400e-05,3.1962,3.2974,0,2,152,1942,80,80
58,2102,2160,0.026852,0.909,4.563897e-02,2.986648e-04,3.2064,3.3086,0,3,67,1941,80,80
59,2101,2160,0.027315,0.909,4.849293e-02,3.686685e-04,3.1777,3.3014,0,3,116,1940,80,80
60,2100,2160,0.027778,0.909,5.167450e-02,3.690500e-04,3.1772,3.3086,0,3,17,1939,80,80
61,2099,2160,0.028241,0.909,5.635846e-02,1.378431e-03,3.2143,3.3026,0,9,153,1938,80,80
62,2098,2160,0.028704,0.909,7.697763e-02,1.562802e-03,3.1875,3.3101,0,9,17,1937,80,80
63,2097,2160,0.029167,0.909,1.107266e-01,1.179554e-04,3.2061,3.3098,0,0,24,1936,80,80
64,2096,2160,0.02963,0.909,9.360531e-02,1.550747e-03,3.19,3.3069,0,9,163,1935,80,80
65,2095,2160,0.030093,0.909,8.022100e-02,1.597750e-03,3.1966,3.3106,0,9,44,1934,80,80
66,2094,2160,0.030556,0.909,1.262050e-01,4.497119e-04,3.1806,3.3119,0,3,72,1933,80,80
67,2093,2160,0.031019,0.909,1.210333e-01,1.846776e-03,3.1819,3.3114,0,9,184,1932,80,80
68,2092,2160,0.031481,0.909,1.248878e-01,7.124051e-03,3.1803,3.3149,1,9,9,1932,79,80
69,2091,2160,0.031944,0.909,1.899637e-01,4.653482e-04,3.1875,3.3155,0,3,40,1931,79,80
70,2090,2160,0.032407,0.909,1.972108e-01,1.654367e-03,3.253,3.3165,0,9,15,1930,79,80
71,2089,2160,0.03287,0.909,2.239239e-01,1.802827e-03,3.2245,3.2968,0,9,112,1929,79,80
72,2088,2160,0.033333,0.909,2.870643e-01,4.912151e-04,3.1938,3.315,0,3,60,1928,79,80
73,2087,2160,0.033796,0.909,2.701268e-01,4.967564e-04,3.1969,3.3122,0,3,194,1927,79,80
74,2086,2160,0.034259,0.909,2.687171e-01,5.108809e-04,3.2002,3.2989,0,3,88,1926,79,80
75,2085,2160,0.034722,0.909,2.737935e-01,1.670987e-03,3.2064,3.3096,0,9,4,1925,79,80
76,2084,2160,0.035185,0.909,2.956721e-01,5.109105e-04,3.2209,3.2998,0,3,101,1924,79,80
77,2083,2160,0.035648,0.909,2.989547e-01,1.905675e-03,3.1971,3.303,0,9,26,1923,79,80
78,2082,2160,0.036111,0.909,3.522442e-01,1.954516e-03,3.1937,3.2832,0,9,113,1922,79,80
79,2081,2160,0.036574,0.909,4.317842e-01,2.190288e-03,3.1883,3.3228,0,9,171,1921,79,80
80,2080,2160,0.037037,0.909,3.432937e-01,1.519582e-04,3.1991,3.3205,0,6,9,1920,79,80
81,2079,2160,0.0375,0.909,3.553017e-01,2.122426e-03,3.199,3.3134,0,9,96,1919,79,80
82,2078,2160,0.037963,0.909,4.003099e-01,2.178229e-03,3.1935,3.3162,0,9,104,1918,79,80
83,2077,2160,0.038426,0.91,4.238723e-01,2.093651e-03,3.214,3.2876,0,9,165,1917,79,80
84,2076,2160,0.038889,0.91,4.745458e-01,2.241616e-03,3.187,3.3029,0,9,193,1916,79,80
85,2075,2160,0.039352,0.91,4.725931e-01,2.224551e-03,3.1782,3.3014,0,9,70,1915,79,80
86,2074,2160,0.039815,0.91,5.148073e-01,2.401596e-03,3.1871,3.3146,0,9,27,1914,79,80
87,2073,2160,0.040278,0.91,5.047803e-01,2.432337e-03,3.1795,3.3158,0,9,101,1913,79,80
88,2072,2160,0.040741,0.91,6.110780e-01,2.154772e-04,3.1907,3.3136,0,8,21,1912,79,80
89,2071,2160,0.041204,0.91,6.179467e-01,2.877728e-02,3.2114,3.3307,1,7,9,1912,78,80
90,2070,2160,0.041667,0.91,8.235934e-01,3.474975e-03,3.2106,3.326,0,9,71,1911,78,80
91,2069,2160,0.04213,0.91,9.755221e-01,2.581120e-03,3.2102,3.3167,0,9,12,1910,78,80
92,2068,2160,0.042593,0.91,1.098163e+00,1.511861e-04,3.21,3.3025,0,7,84,1909,78,80
93,2067,2160,0.043056,0.91,1.023497e+00,2.985869e-03,3.187,3.2999,0,9,124,1908,78,80
94,2066,2160,0.043519,0.91,9.268635e-01,8.375141e-04,3.199,3.318,0,3,91,1907,78,80
95,2065,2160,0.043981,0.91,9.462576e-01,2.883021e-03,3.2097,3.3049,0,9,1,1906,78,80
96,2064,2160,0.044444,0.91,1.099206e+00,3.263319e-03,3.1838,3.3183,0,9,9,1905,78,80
97,2063,2160,0.044907,0.908,1.258855e+00,2.959850e-03,3.2247,3.3024,0,9,64,1904,78,80
98,2062,2160,0.04537,0.908,1.476163e+00,9.314272e-04,3.191,3.3119,0,3,192,1903,78,80
99,2061,2160,0.045833,0.908,1.351046e+00,2.953307e-04,3.167,3.3042,0,2,179,1902,78,80
100,2060,2160,0.046296,0.908,1.341623e+00,3.431243e-03,3.1802,3.3017,0,9,140,1901,78,80
101,2059,2160,0.046759,0.908,1.473824e+00,3.613058e-03,3.2066,3.3278,0,9,170,1900,78,80
102,2058,2160,0.047222,0.908,1.588529e+00,3.101151e-04,3.2187,3.3161,0,8,179,1899,78,80
103,2057,2160,0.047685,0.908,1.580835e+00,3.710785e-03,3.1989,3.3075,0,9,179,1898,78,80
104,2056,2160,0.048148,0.908,1.679883e+00,3.733165e-03,3.215,3.3053,0,9,66,1897,78,80
105,2055,2160,0.048611,0.908,1.852883e+00,1.036136e-03,3.2155,3.302,0,3,136,1896,78,80
106,2054,2160,0.049074,0.908,1.781406e+00,1.046021e-03,3.201,3.3389,0,3,15,1895,78,80
107,2053,2160,0.049537,0.908,1.765470e+00,3.600924e-03,3.2131,3.3055,0,9,131,1894,78,80
108,2052,2160,0.05,0.908,1.988276e+00,4.383531e-03,3.2067,3.2982,0,9,189,1893,78,80
109,2051,2160,0.050463,0.908,1.974085e+00,1.136010e-03,3.1924,3.3084,0,3,5,1892,78,80
110,2050,2160,0.050926,0.908,2.034068e+00,1.148085e-03,3.1851,3.3143,0,3,96,1891,78,80
111,2049,2160,0.051389,0.908,2.087214e+00,3.696516e-03,3.199,3.3196,0,9,65,1890,78,80
112,2048,2160,0.051852,0.908,2.266570e+00,4.433279e-03,3.2104,3.3138,0,9,6,1889,78,80
113,2047,2160,0.052315,0.908,2.242692e+00,4.386368e-03,3.2019,3.3087,0,9,31,1888,78,80
114,2046,2160,0.052778,0.908,2.676308e+00,3.823381e-03,3.2034,3.3165,0,9,2,1887,78,80
115,2045,2160,0.053241,0.908,3.025764e+00,1.239182e-03,3.1918,3.3008,0,3,84,1886,78,80
116,2044,2160,0.053704,0.908,2.868567e+00,1.253259e-03,3.1982,3.3135,0,3,154,1885,78,80
117,2043,2160,0.054167,0.908,2.826715e+00,4.575377e-03,3.196,3.3074,0,9,98,1884,78,80
118,2042,2160,0.05463,0.908,2.807862e+00,1.266666e-03,3.1934,3.3197,0,3,2,1883,78,80
119,2041,2160,0.055093,0.908,2.862093e+00,1.288654e-03,3.19,3.3042,0,3,162,1882,78,80
120,2040,2160,0.055556,0.908,2.922726e+00,3.735195e-04,3.1913,3.3099,0,2,2,1881,78,80
121,2039,2160,0.056019,0.908,2.955977e+00,4.627766e-03,3.1947,3.3073,0,9,138,1880,78,80
122,2038,2160,0.056481,0.908,3.471505e+00,3.708541e-04,3.1792,3.3194,0,1,177,1879,78,80
123,2037,2160,0.056944,0.908,3.445933e+00,3.966589e-04,3.2079,3.3021,0,8,186,1878,78,80
124,2036,2160,0.057407,0.908,3.437747e+00,4.866137e-03,3.2152,3.3089,0,9,40,1877,78,80
125,2035,2160,0.05787,0.908,3.869536e+00,3.893729e-04,3.2062,3.3065,0,0,133,1876,78,80
126,2034,2160,0.058333,0.908,3.714953e+00,5.453806e-03,3.2352,3.3172,0,9,39,1875,78,80
127,2033,2160,0.058796,0.908,3.896048e+00,1.425568e-03,3.2038,3.3245,0,3,12,1874,78,80
128,2032,2160,0.059259,0.908,3.702009e+00,1.441899e-03,3.1948,3.3265,0,3,172,1873,78,80
129,2031,2160,0.059722,0.908,3.659615e+00,5.046230e-03,3.1942,3.3033,0,9,80,1872,78,80
130,2030,2160,0.060185,0.909,3.938251e+00,5.389106e-03,3.1861,3.3175,0,9,123,1871,78,80
131,2029,2160,0.060648,0.909,3.646829e+00,4.993310e-03,3.1742,3.3095,0,9,114,1870,78,80
132,2028,2160,0.061111,0.909,3.991214e+00,5.235783e-03,3.2046,3.3235,0,9,79,1869,78,80
133,2027,2160,0.061574,0.909,3.748121e+00,3.760117e-04,3.1979,3.3221,0,6,8,1868,78,80
134,2026,2160,0.062037,0.909,3.803429e+00,1.521070e-03,3.1873,3.3181,0,3,153,1867,78,80
135,2025,2160,0.0625,0.909,3.903266e+00,5.016021e-03,3.2014,3.3062,0,9,176,1866,78,80
136,2024,2160,0.062963,0.908,4.282173e+00,5.210025e-03,3.2077,3.3095,0,9,83,1865,78,80
137,2023,2160,0.063426,0.908,4.161758e+00,4.363273e-04,3.2186,3.3127,0,0,195,1864,78,80
138,2022,2160,0.063889,0.908,4.205884e+00,4.944894e-03,3.1985,3.3214,0,9,175,1863,78,80
139,2021,2160,0.064352,0.91,4.311286e+00,5.240473e-03,3.2006,3.2944,0,9,14,1862,78,80
140,2020,2160,0.064815,0.909,4.899863e+00,5.280008e-03,3.1945,3.3119,0,9,56,1861,78,80
141,2019,2160,0.065278,0.909,4.661641e+00,3.030731e-04,3.2309,3.3211,0,4,42,1860,78,80
142,2018,2160,0.065741,0.909,4.762039e+00,5.508459e-03,3.1973,3.2998,0,9,41,1859,78,80
143,2017,2160,0.066204,0.91,5.269352e+00,5.198804e-03,3.2246,3.3183,0,9,11,1858,78,80
144,2016,2160,0.066667,0.91,4.909617e+00,4.821827e-04,3.1903,3.3375,0,2,97,1857,78,80
145,2015,2160,0.06713,0.909,5.069256e+00,3.531738e-04,3.2035,3.3152,0,5,194,1856,78,80
146,2014,2160,0.067593,0.909,5.178221e+00,2.844921e-04,3.196,3.3153,0,7,120,1855,78,80
147,2013,2160,0.068056,0.91,5.231195e+00,5.320863e-03,3.2117,3.3135,0,9,185,1854,78,80
148,2012,2160,0.068519,0.91,5.467488e+00,3.631759e-04,3.198,3.3094,0,4,83,1853,78,80
149,2011,2160,0.068981,0.909,5.415992e+00,3.518874e-04,3.21,3.3233,0,4,28,1852,78,80
150,2010,2160,0.069444,0.909,5.450856e+00,5.005280e-04,3.1918,3.311,0,0,178,1851,78,80
151,2009,2160,0.069907,0.909,5.436266e+00,6.635272e-03,3.1856,3.3062,0,9,90,1850,78,80
152,2008,2160,0.07037,0.91,6.416375e+00,1.881557e-03,3.1965,3.3193,0,3,33,1849,78,80
153,2007,2160,0.070833,0.91,6.287614e+00,6.181855e-03,3.1804,3.295,0,9,97,1848,78,80
154,2006,2160,0.071296,0.91,7.231389e+00,6.066971e-03,3.2057,3.3095,0,9,111,1847,78,80
155,2005,2160,0.071759,0.91,6.224418e+00,6.187726e-03,3.2054,3.3169,0,9,117,1846,78,80
156,2004,2160,0.072222,0.911,7.105155e+00,3.201996e-04,3.2043,3.3166,0,7,178,1845,78,80
157,2003,2160,0.072685,0.911,7.009271e+00,5.079805e-04,3.2137,3.3083,0,6,6,1844,78,80
158,2002,2160,0.073148,0.911,6.985301e+00,1.898022e-03,3.2259,3.3117,0,3,54,1843,78,80
159,2001,2160,0.073611,0.911,7.032351e+00,5.407591e-04,3.2016,3.3128,0,0,72,1842,78,80
160,2000,2160,0.074074,0.911,7.034082e+00,3.056006e-02,3.1987,3.3025,1,6,9,1842,77,80
161,1999,2160,0.074537,0.908,7.477959e+00,7.545032e-03,3.189,3.3007,0,9,159,1841,77,80
162,1998,2160,0.075,0.909,7.655563e+00,7.187504e-03,3.1915,3.3105,0,9,180,1840,77,80
163,1997,2160,0.075463,0.909,9.171666e+00,6.461385e-03,3.2142,2.8572,0,9,29,1839,77,80
164,1996,2160,0.075926,0.909,7.724811e+00,6.138283e-03,3.1961,3.319,0,9,77,1838,77,80
165,1995,2160,0.076389,0.909,8.266767e+00,7.849170e-03,3.1914,3.2997,0,9,102,1837,77,80
166,1994,2160,0.076852,0.909,8.056567e+00,2.071746e-03,3.2079,3.3076,0,3,58,1836,77,80
167,1993,2160,0.077315,0.909,8.245615e+00,5.554215e-04,3.2082,3.295,0,6,123,1835,77,80
168,1992,2160,0.077778,0.909,8.347152e+00,2.152301e-03,3.1757,3.3126,0,3,41,1834,77,80
169,1991,2160,0.078241,0.909,8.475065e+00,8.724125e-03,3.233,3.3123,0,9,116,1833,77,80
170,1990,2160,0.078704,0.91,9.039478e+00,4.590758e-04,3.2258,3.3084,0,5,55,1832,77,80
171,1989,2160,0.079167,0.91,8.905124e+00,3.687287e-04,3.1938,3.3168,0,7,16,1831,77,80
172,1988,2160,0.07963,0.91,8.877078e+00,7.984271e-03,3.1953,3.3252,0,9,13,1830,77,80
173,1987,2160,0.080093,0.91,1.081339e+01,2.300363e-03,3.1968,3.3151,0,3,79,1829,77,80
174,1986,2160,0.080556,0.91,1.048481e+01,8.281253e-03,3.2205,3.3198,0,9,125,1828,77,80
175,1985,2160,0.081019,0.91,1.164409e+01,7.108725e-03,3.1997,3.3117,0,9,63,1827,77,80
176,1984,2160,0.081481,0.91,1.100536e+01,7.676238e-03,3.183,3.3242,0,9,61,1826,77,80
177,1983,2160,0.081944,0.909,1.169155e+01,7.474002e-03,3.2316,3.2983,0,9,110,1825,77,80
178,1982,2160,0.082407,0.909,1.363802e+01,7.815199e-03,3.208,3.3192,0,9,186,1824,77,80
179,1981,2160,0.08287,0.91,1.523254e+01,7.984852e-03,3.2122,3.303,0,9,169,1823,77,80
180,1980,2160,0.083333,0.91,1.344126e+01,6.867561e-04,3.2102,3.3052,0,2,106,1822,77,80
181,1979,2160,0.083796,0.91,1.369714e+01,4.658972e-04,3.2038,3.325,0,4,194,1821,77,80
182,1978,2160,0.084259,0.91,1.381475e+01,8.617887e-03,3.1899,3.326,0,9,195,1820,77,80
183,1977,2160,0.084722,0.91,1.576562e+01,2.728005e-02,3.1882,3.3119,1,5,9,1820,76,80
184,1976,2160,0.085185,0.907,1.861285e+01,8.389417e-03,3.2221,3.3091,0,9,154,1819,76,80
185,1975,2160,0.085648,0.907,1.846005e+01,8.294977e-03,3.2247,3.3085,0,9,75,1818,76,80
186,1974,2160,0.086111,0.906,1.993466e+01,9.226222e-03,3.2294,3.3067,0,9,69,1817,76,80
187,1973,2160,0.086574,0.906,2.128713e+01,8.898356e-03,3.1935,3.3126,0,9,3,1816,76,80
188,1972,2160,0.087037,0.906,2.376020e+01,2.580047e-03,3.214,3.3269,0,3,0,1815,76,80
189,1971,2160,0.0875,0.905,2.227874e+01,8.648956e-03,3.2313,3.3168,0,9,168,1814,76,80
190,1970,2160,0.087963,0.905,2.487414e+01,2.624830e-03,3.2174,3.305,0,3,150,1813,76,80
191,1969,2160,0.088426,0.907,2.336633e+01,8.514671e-03,3.1917,3.3034,0,9,100,1812,76,80
192,1968,2160,0.088889,0.907,2.129199e+01,8.319395e-03,3.2055,3.3164,0,9,99,1811,76,80
193,1967,2160,0.089352,0.906,2.128883e+01,9.936188e-03,3.2315,3.3001,0,9,136,1810,76,80
194,1966,2160,0.089815,0.907,2.139878e+01,9.222246e-03,3.2084,3.3268,0,9,87,1809,76,80
195,1965,2160,0.090278,0.907,2.383042e+01,7.411657e-04,3.196,3.3118,0,1,98,1808,76,80
196,1964,2160,0.090741,0.907,2.348845e+01,6.533569e-04,3.1961,3.3156,0,6,98,1807,76,80
197,1963,2160,0.091204,0.907,2.297592e+01,8.034828e-04,3.2098,3.2868,0,8,127,1806,76,80
198,1962,2160,0.091667,0.907,2.297393e+01,8.142815e-03,3.1979,3.309,0,9,194,1805,76,80
199,1961,2160,0.09213,0.907,2.318227e+01,9.262555e-03,3.1873,3.3102,0,9,146,1804,76,80
200,1960,2160,0.092593,0.905,2.478183e+01,3.924229e-02,3.1982,3.3314,1,8,9,1804,75,80
201,1959,2160,0.093056,0.902,2.885587e+01,9.844488e-03,3.2131,3.3256,0,9,126,1803,75,80
202,1958,2160,0.093519,0.902,2.785300e+01,2.639891e-03,3.2236,3.3082,0,3,186,1802,75,80
203,1957,2160,0.093981,0.902,2.815012e+01,2.665227e-03,3.2045,3.3039,0,3,30,1801,75,80
204,1956,2160,0.094444,0.902,2.832716e+01,1.095997e-02,3.2424,3.3206,0,9,25,1800,75,80
205,1955,2160,0.094907,0.902,2.807986e+01,2.782631e-03,3.1867,3.3072,0,3,100,1799,75,80
206,1954,2160,0.09537,0.902,2.794784e+01,2.746946e-03,3.2042,3.3155,0,3,8,1798,75,80
207,1953,2160,0.095833,0.902,2.783047e+01,7.753809e-04,3.1939,3.327,0,1,174,1797,75,80
208,1952,2160,0.096296,0.902,2.802246e+01,5.752679e-04,3.1792,3.3177,0,5,13,1796,75,80
209,1951,2160,0.096759,0.901,2.816744e+01,7.864874e-04,3.2074,3.3157,0,0,83,1795,75,80
210,1950,2160,0.097222,0.901,2.819099e+01,5.806192e-04,3.1822,3.3054,0,5,182,1794,75,80
211,1949,2160,0.097685,0.901,2.831291e+01,9.812934e-03,3.1742,3.3144,0,9,7,1793,75,80
212,1948,2160,0.098148,0.902,2.851008e+01,9.891886e-03,3.2247,3.3085,0,9,8,1792,75,80
213,1947,2160,0.098611,0.902,3.109865e+01,1.063735e-02,3.1999,3.311,0,9,88,1791,75,80
214,1946,2160,0.099074,0.901,3.315722e+01,1.141330e-02,3.2232,3.3021,0,9,85,1790,75,80
215,1945,2160,0.099537,0.901,2.753693e+01,7.869892e-04,3.2213,3.3074,0,1,59,1789,75,80
216,1944,2160,0.1,0.901,2.769051e+01,5.902976e-04,3.2109,3.3214,0,5,140,1788,75,80
217,1943,2160,0.100463,0.901,2.776264e+01,1.180176e-02,3.1834,3.3254,0,9,28,1787,75,80
218,1942,2160,0.100926,0.901,2.857049e+01,8.758641e-04,3.2281,3.3273,0,8,16,1786,75,80
219,1941,2160,0.101389,0.901,2.863613e+01,2.882508e-03,3.2111,3.3061,0,3,28,1785,75,80
220,1940,2160,0.101852,0.901,2.898801e+01,6.073061e-04,3.1979,3.3067,0,5,4,1784,75,80
221,1939,2160,0.102315,0.901,2.909980e+01,3.011210e-03,3.1895,3.3146,0,3,47,1783,75,80
222,1938,2160,0.102778,0.901,2.936234e+01,8.545537e-04,3.2119,3.3013,0,0,41,1782,75,80
223,1937,2160,0.103241,0.901,2.936153e+01,9.039316e-04,3.2236,3.3274,0,8,4,1781,75,80
224,1936,2160,0.103704,0.901,2.931345e+01,8.479276e-04,3.2063,3.3085,0,1,29,1780,75,80
225,1935,2160,0.104167,0.901,2.955810e+01,8.905267e-04,3.2381,3.3063,0,2,69,1779,75,80
226,1934,2160,0.10463,0.901,2.994621e+01,4.998327e-04,3.2036,3.2963,0,7,69,1778,75,80
227,1933,2160,0.105093,0.901,3.008453e+01,3.078660e-03,3.2057,3.3214,0,3,10,1777,75,80
228,1932,2160,0.105556,0.901,3.024948e+01,1.065463e-02,3.1813,3.313,0,9,155,1776,75,80
229,1931,2160,0.106019,0.901,3.207269e+01,1.026967e-02,3.1937,3.304,0,9,55,1775,75,80
230,1930,2160,0.106481,0.901,3.519814e+01,1.219317e-02,3.1934,3.3023,0,9,53,1774,75,80
231,1929,2160,0.106944,0.902,3.225137e+01,6.192870e-04,3.2113,3.3079,0,4,5,1773,75,80
232,1928,2160,0.107407,0.902,3.255393e+01,8.924688e-04,3.193,3.3072,0,0,174,1772,75,80
233,1927,2160,0.10787,0.902,3.242007e+01,3.862015e-04,3.2097,3.3006,2,7,4,1772,75,79
234,1926,2160,0.108333,0.902,3.207759e+01,1.293404e-02,3.1868,3.3186,0,9,30,1771,75,79
235,1925,2160,0.108796,0.902,3.345828e+01,8.680089e-04,3.1857,3.3154,0,6,112,1770,75,79
236,1924,2160,0.109259,0.902,3.334482e+01,9.083201e-04,3.2294,3.3073,0,1,25,1769,75,79
237,1923,2160,0.109722,0.902,3.362339e+01,1.111819e-02,3.1973,3.3187,0,9,182,1768,75,79
238,1922,2160,0.110185,0.902,3.420037e+01,1.258658e-02,3.1929,3.3257,0,9,54,1767,75,79
239,1921,2160,0.110648,0.902,3.591649e+01,3.414162e-03,3.191,3.3081,0,3,56,1766,75,79
240,1920,2160,0.111111,0.902,3.620180e+01,3.450178e-03,3.1924,3.3152,0,3,128,1765,75,79
241,1919,2160,0.111574,0.902,3.658249e+01,3.446583e-03,3.1942,3.3135,0,3,98,1764,75,79
242,1918,2160,0.112037,0.902,3.655711e+01,3.491581e-03,3.1969,3.3239,0,3,143,1763,75,79
243,1917,2160,0.1125,0.902,3.681261e+01,1.295427e-02,3.1848,3.325,0,9,139,1762,75,79
244,1916,2160,0.112963,0.901,3.872303e+01,3.511658e-03,3.219,3.3214,0,3,127,1761,75,79
245,1915,2160,0.113426,0.901,3.818365e+01,9.940845e-04,3.2104,3.3282,0,0,112,1760,75,79
246,1914,2160,0.113889,0.901,3.755233e+01,3.514610e-03,3.241,3.3127,0,3,169,1759,75,79
247,1913,2160,0.114352,0.901,3.763943e+01,3.525931e-03,3.2106,3.314,0,3,184,1758,75,79
248,1912,2160,0.114815,0.902,3.790476e+01,3.576256e-03,3.2055,3.321,0,3,25,1757,75,79
249,1911,2160,0.115278,0.901,3.802861e+01,1.046230e-03,3.2065,3.3205,0,2,123,1756,75,79
250,1910,2160,0.115741,0.901,3.841656e+01,1.080508e-03,3.181,3.3153,0,8,103,1755,75,79
251,1909,2160,0.116204,0.901,3.853981e+01,1.143268e-02,3.1779,3.3174,0,9,47,1754,75,79
252,1908,2160,0.116667,0.902,3.933887e+01,1.299574e-02,3.1786,3.322,0,9,19,1753,75,79
253,1907,2160,0.11713,0.902,4.292292e+01,1.369419e-02,3.1822,3.315,0,9,16,1752,75,79
254,1906,2160,0.117593,0.902,4.005037e+01,1.245052e-02,3.1919,3.3031,0,9,24,1751,75,79
255,1905,2160,0.118056,0.902,4.070788e+01,1.032859e-03,3.2192,3.2935,0,1,47,1750,75,79
256,1904,2160,0.118519,0.903,4.110235e+01,1.436747e-02,3.2508,3.3393,0,9,84,1749,75,79
257,1903,2160,0.118981,0.903,4.595724e+01,1.164178e-03,3.2181,3.3186,0,8,59,1748,75,79
258,1902,2160,0.119444,0.903,4.484060e+01,1.161213e-03,3.19,3.3172,0,8,190,1747,75,79
259,1901,2160,0.119907,0.903,4.417032e+01,3.805101e-03,3.2161,3.3168,0,3,99,1746,75,79
260,1900,2160,0.12037,0.903,4.380485e+01,1.313671e-02,3.2034,3.3189,0,9,137,1745,75,79
261,1899,2160,0.120833,0.904,4.693713e+01,3.902769e-03,3.2093,3.3089,0,3,13,1744,75,79
262,1898,2160,0.121296,0.905,4.545066e+01,1.110411e-03,3.195,3.3295,0,0,18,1743,75,79
263,1897,2160,0.121759,0.905,4.449043e+01,1.048281e-03,3.1873,3.3228,0,6,67,1742,75,79
264,1896,2160,0.122222,0.905,4.402348e+01,1.407940e-02,3.1821,3.3217,0,9,48,1741,75,79
265,1895,2160,0.122685,0.902,4.938943e+01,8.456820e-04,3.1898,3.3128,0,4,1,1740,75,79
266,1894,2160,0.123148,0.902,4.778218e+01,1.208284e-02,3.2072,3.3293,0,9,21,1739,75,79
267,1893,2160,0.123611,0.902,4.440799e+01,1.428934e-02,3.1961,3.3087,0,9,93,1738,75,79
268,1892,2160,0.124074,0.904,4.734848e+01,1.547317e-02,3.2109,3.3188,0,9,60,1737,75,79
269,1891,2160,0.124537,0.903,4.748113e+01,4.039168e-03,3.1974,3.3238,0,3,195,1736,75,79
270,1890,2160,0.125,0.903,4.801073e+01,4.033946e-03,3.1895,3.3161,0,3,89,1735,75,79
271,1889,2160,0.125463,0.903,4.830443e+01,1.197236e-03,3.221,3.3268,0,2,182,1734,75,79
272,1888,2160,0.125926,0.903,4.916741e+01,1.484367e-02,3.1938,3.3127,0,9,145,1733,75,79
273,1887,2160,0.126389,0.905,5.401549e+01,1.288957e-03,3.1861,3.3079,0,8,56,1732,75,79
274,1886,2160,0.126852,0.905,5.332710e+01,1.293062e-03,3.204,3.3169,0,8,148,1731,75,79
275,1885,2160,0.127315,0.905,5.287533e+01,4.250132e-03,3.2066,3.3187,0,3,80,1730,75,79
276,1884,2160,0.127778,0.905,5.259416e+01,4.241673e-03,3.2063,3.3188,0,3,16,1729,75,79
277,1883,2160,0.128241,0.904,5.277257e+01,7.555454e-04,3.1921,3.3202,0,4,148,1728,75,79
278,1882,2160,0.128704,0.904,5.203226e+01,1.300717e-03,3.2055,3.3076,0,8,110,1727,75,79
279,1881,2160,0.129167,0.904,5.226886e+01,1.433012e-02,3.2116,3.3153,0,9,18,1726,75,79
280,1880,2160,0.12963,0.905,5.150145e+01,1.872509e-02,3.1852,3.3204,0,9,38,1725,75,79
281,1879,2160,0.130093,0.905,4.959471e+01,1.175794e-03,3.2306,3.3185,0,0,98,1724,75,79
282,1878,2160,0.130556,0.905,4.963073e+01,8.890485e-04,3.2029,3.3325,0,5,2,1723,75,79
283,1877,2160,0.131019,0.905,4.999738e+01,4.360567e-03,3.196,3.3169,0,3,82,1722,75,79
284,1876,2160,0.131481,0.905,5.049398e+01,4.424443e-03,3.2135,3.3272,0,3,70,1721,75,79
285,1875,2160,0.131944,0.904,5.083710e+01,1.700684e-02,3.2456,3.3166,0,9,174,1720,75,79
286,1874,2160,0.132407,0.905,5.333979e+01,4.521058e-03,3.2297,3.3119,0,3,124,1719,75,79
287,1873,2160,0.13287,0.905,5.268352e+01,1.182023e-03,3.1951,3.3196,0,6,73,1718,75,79
288,1872,2160,0.133333,0.906,5.221319e+01,1.536821e-02,3.1809,3.318,0,9,188,1717,75,79
289,1871,2160,0.133796,0.906,5.772429e+01,4.626609e-03,3.1835,3.3263,0,3,129,1716,75,79
290,1870,2160,0.134259,0.905,5.568365e+01,4.612845e-03,3.1995,3.3242,0,3,121,1715,75,79
291,1869,2160,0.134722,0.905,5.485795e+01,4.593212e-03,3.1756,3.3064,0,3,38,1714,75,79
292,1868,2160,0.135185,0.905,5.413516e+01,1.381585e-02,3.2238,3.3158,0,9,135,1713,75,79
293,1867,2160,0.135648,0.905,5.591923e+01,1.835486e-02,3.211,3.3183,0,9,128,1712,75,79
294,1866,2160,0.136111,0.904,6.063434e+01,1.197758e-03,3.197,3.318,0,6,124,1711,75,79
295,1865,2160,0.136574,0.905,6.008584e+01,1.271271e-03,3.1889,3.3248,0,0,38,1710,75,79
296,1864,2160,0.137037,0.905,5.991556e+01,1.247822e-03,3.193,3.3195,0,1,8,1709,75,79
297,1863,2160,0.1375,0.904,6.069197e+01,1.399248e-03,3.2,3.3205,0,8,97,1708,75,79
298,1862,2160,0.137963,0.904,6.108111e+01,4.713472e-03,3.2114,3.3288,0,3,29,1707,75,79
299,1861,2160,0.138426,0.904,6.152238e+01,1.508536e-02,3.2277,3.32,0,9,10,1706,75,79
300,1860,2160,0.138889,0.904,6.597901e+01,1.390408e-02,3.2053,3.3222,0,9,183,1705,75,79
301,1859,2160,0.139352,0.904,7.170035e+01,2.059010e-02,3.2728,3.333,0,9,167,1704,75,79
302,1858,2160,0.139815,0.904,7.021656e+01,1.613163e-02,3.2015,3.3308,0,9,161,1703,75,79
303,1857,2160,0.140278,0.906,7.227371e+01,1.339222e-03,3.2215,3.3122,0,0,57,1702,75,79
304,1856,2160,0.140741,0.906,7.241570e+01,1.253630e-03,3.1972,3.3205,0,6,85,1701,75,79
305,1855,2160,0.141204,0.906,7.264468e+01,8.033299e-04,3.2216,3.3271,0,7,161,1700,75,79
306,1854,2160,0.141667,0.905,7.289469e+01,1.278722e-03,3.2539,3.3277,0,6,169,1699,75,79
307,1853,2160,0.14213,0.905,7.313563e+01,9.592267e-04,3.2043,3.3294,0,4,180,1698,75,79
308,1852,2160,0.142593,0.905,7.371079e+01,1.510396e-03,3.1904,3.3203,0,8,47,1697,75,79
309,1851,2160,0.143056,0.905,7.406994e+01,1.527246e-03,3.1838,3.3097,0,8,86,1696,75,79
310,1850,2160,0.143519,0.904,7.422853e+01,2.192871e-03,3.2002,3.3258,2,2,7,1696,75,78
311,1849,2160,0.143981,0.904,7.326022e+01,1.708974e-02,3.2498,3.3129,0,9,94,1695,75,78
312,1848,2160,0.144444,0.904,7.484215e+01,1.983045e-02,3.2102,3.3253,0,9,187,1694,75,78
313,1847,2160,0.144907,0.905,7.515700e+01,2.009266e-02,3.1954,3.3292,0,9,22,1693,75,78
314,1846,2160,0.14537,0.904,7.914423e+01,5.212794e-03,3.2197,3.3289,0,3,85,1692,75,78
315,1845,2160,0.145833,0.904,7.755248e+01,1.478424e-03,3.2095,3.3257,0,0,27,1691,75,78
316,1844,2160,0.146296,0.904,7.687037e+01,1.459965e-03,3.1919,3.3266,0,1,164,1690,75,78
317,1843,2160,0.146759,0.904,7.721906e+01,1.461582e-03,3.2252,3.3322,0,1,167,1689,75,78
318,1842,2160,0.147222,0.904,7.797436e+01,1.709396e-02,3.2125,3.329,0,9,181,1688,75,78
319,1841,2160,0.147685,0.904,7.825741e+01,1.573603e-02,3.203,3.3102,0,9,33,1687,75,78
320,1840,2160,0.148148,0.903,8.092833e+01,2.091032e-02,3.2001,3.3218,0,9,58,1686,75,78
321,1839,2160,0.148611,0.904,7.176202e+01,1.664834e-02,3.2048,3.3085,0,9,158,1685,75,78
322,1838,2160,0.149074,0.905,7.717923e+01,2.124990e-02,3.2199,3.3367,0,9,37,1684,75,78
323,1837,2160,0.149537,0.905,7.502229e+01,5.295052e-03,3.2015,3.3276,0,3,87,1683,75,78
324,1836,2160,0.15,0.905,7.603423e+01,5.353802e-03,3.2045,3.3317,0,3,57,1682,75,78
325,1835,2160,0.150463,0.905,7.736446e+01,5.357683e-03,3.2162,3.3235,0,3,149,1681,75,78
326,1834,2160,0.150926,0.905,7.865783e+01,1.419351e-03,3.2227,3.3187,0,6,66,1680,75,78
327,1833,2160,0.151389,0.905,7.902012e+01,5.439869e-03,3.2054,3.3043,0,3,140,1679,75,78
328,1832,2160,0.151852,0.905,7.919098e+01,1.568221e-02,3.1892,3.3214,0,9,95,1678,75,78
329,1831,2160,0.152315,0.904,8.450183e+01,2.219013e-02,3.2284,3.303,0,9,166,1677,75,78
330,1830,2160,0.152778,0.904,8.408571e+01,5.444156e-03,3.21,3.3147,0,3,123,1676,75,78
331,1829,2160,0.153241,0.904,8.518073e+01,1.566994e-03,3.2289,3.323,0,2,15,1675,75,78
332,1828,2160,0.153704,0.904,8.682427e+01,1.658707e-03,3.2096,3.3129,0,8,125,1674,75,78
333,1827,2160,0.154167,0.904,8.768345e+01,1.504318e-03,3.2085,3.3247,0,0,84,1673,75,78
334,1826,2160,0.15463,0.904,8.848891e+01,1.601636e-03,3.2171,3.3238,0,2,184,1672,75,78
335,1825,2160,0.155093,0.904,8.978783e+01,1.618531e-03,3.1826,3.3205,0,2,169,1671,75,78
336,1824,2160,0.155556,0.904,9.120909e+01,1.616050e-03,3.1934,3.3114,0,2,183,1670,75,78
337,1823,2160,0.156019,0.904,9.284336e+01,5.637498e-03,3.2039,3.2996,0,3,71,1669,75,78
338,1822,2160,0.156481,0.904,9.379761e+01,5.631853e-03,3.2257,3.3268,0,3,156,1668,75,78
339,1821,2160,0.156944,0.904,9.426977e+01,5.642466e-03,3.1941,3.3268,0,3,148,1667,75,78
340,1820,2160,0.157407,0.905,9.508417e+01,1.179858e-03,3.1895,3.3204,0,5,129,1666,75,78
341,1819,2160,0.15787,0.905,9.560784e+01,5.705395e-03,3.2249,3.3179,0,3,126,1665,75,78
342,1818,2160,0.158333,0.904,9.590565e+01,1.140586e-03,3.2056,3.3206,0,4,39,1664,75,78
343,1817,2160,0.158796,0.904,9.652232e+01,1.488720e-03,3.2119,3.3255,0,6,186,1663,75,78
344,1816,2160,0.159259,0.904,9.681422e+01,1.985915e-02,3.2196,3.3246,0,9,141,1662,75,78
345,1815,2160,0.159722,0.902,1.055454e+02,1.019670e-03,3.1956,3.3177,0,7,164,1661,75,78
346,1814,2160,0.160185,0.902,1.037435e+02,1.536069e-03,3.1839,3.3094,0,6,148,1660,75,78
347,1813,2160,0.160648,0.902,1.023090e+02,2.374246e-03,3.1845,3.3128,2,5,7,1660,75,77
348,1812,2160,0.161111,0.902,1.006855e+02,1.634066e-03,3.2199,3.3133,0,1,141,1659,75,77
349,1811,2160,0.161574,0.902,1.016718e+02,5.907700e-03,3.1918,3.3232,0,3,109,1658,75,77
350,1810,2160,0.162037,0.902,1.025292e+02,1.191296e-03,3.1937,3.3356,0,5,170,1657,75,77
351,1809,2160,0.1625,0.902,1.028414e+02,1.770029e-03,3.2003,3.3049,0,8,191,1656,75,77
352,1808,2160,0.162963,0.902,1.032348e+02,5.890971e-03,3.1756,3.325,0,3,61,1655,75,77
353,1807,2160,0.163426,0.902,1.036068e+02,5.830504e-03,3.1973,3.3307,0,3,187,1654,75,77
354,1806,2160,0.163889,0.902,1.042570e+02,1.787897e-03,3.1991,3.3035,0,8,169,1653,75,77
355,1805,2160,0.164352,0.902,1.040920e+02,5.980678e-03,3.1986,3.3016,0,3,114,1652,75,77
356,1804,2160,0.164815,0.902,1.039890e+02,5.966340e-03,3.1975,3.3149,0,3,9,1651,75,77
357,1803,2160,0.165278,0.902,1.046098e+02,1.818252e-03,3.2148,3.3223,0,8,126,1650,75,77
358,1802,2160,0.165741,0.902,1.049668e+02,5.982560e-03,3.2244,3.3167,0,3,35,1649,75,77
359,1801,2160,0.166204,0.902,1.051155e+02,2.280292e-02,3.215,3.3114,0,9,129,1648,75,77
360,1800,2160,0.166667,0.902,1.099014e+02,6.037265e-03,3.1889,3.3298,0,3,160,1647,75,77
361,1799,2160,0.16713,0.902,1.084178e+02,1.715776e-03,3.1984,3.3261,0,0,154,1646,75,77
362,1798,2160,0.167593,0.901,1.070688e+02,1.640765e-03,3.1878,3.3232,0,6,60,1645,75,77
363,1797,2160,0.168056,0.901,1.065261e+02,6.114502e-03,3.2228,3.3268,0,3,73,1644,75,77
364,1796,2160,0.168519,0.901,1.067571e+02,1.685495e-03,3.2168,3.3144,0,1,2,1643,75,77
365,1795,2160,0.168981,0.9,1.080285e+02,1.714772e-03,3.2199,3.3154,0,1,128,1642,75,77
366,1794,2160,0.169444,0.9,1.094674e+02,2.167831e-02,3.2025,3.3113,0,9,57,1641,75,77
367,1793,2160,0.169907,0.901,1.190863e+02,1.703065e-03,3.2066,3.3332,0,6,56,1640,75,77
368,1792,2160,0.17037,0.9,1.166402e+02,6.316550e-03,3.1955,3.322,0,3,141,1639,75,77
369,1791,2160,0.170833,0.9,1.165426e+02,6.382197e-03,3.211,3.3196,0,3,76,1638,75,77
370,1790,2160,0.171296,0.9,1.167061e+02,1.735655e-02,3.2471,3.3153,0,9,148,1637,75,77
371,1789,2160,0.171759,0.895,1.114338e+02,2.377240e-02,3.2057,3.3222,0,9,162,1636,75,77
372,1788,2160,0.172222,0.9,1.160965e+02,6.349790e-03,3.2016,3.3212,0,3,14,1635,75,77
373,1787,2160,0.172685,0.899,1.156122e+02,1.871931e-02,3.2005,3.3303,0,9,59,1634,75,77
374,1786,2160,0.173148,0.9,1.167701e+02,2.447819e-02,3.1909,3.3213,0,9,35,1633,75,77
375,1785,2160,0.173611,0.901,1.235129e+02,6.375916e-03,3.2051,3.3175,0,3,68,1632,75,77
376,1784,2160,0.174074,0.901,1.241286e+02,1.271615e-03,3.2003,3.331,0,4,179,1631,75,77
377,1783,2160,0.174537,0.9,1.255696e+02,1.693643e-03,3.2299,3.3274,0,6,147,1630,75,77
378,1782,2160,0.175,0.9,1.262127e+02,1.679492e-03,3.2168,3.3345,0,6,2,1629,75,77
379,1781,2160,0.175463,0.9,1.264508e+02,2.231167e-02,3.1911,3.3044,0,9,127,1628,75,77
380,1780,2160,0.175926,0.901,1.400553e+02,1.942070e-03,3.2173,3.3143,0,0,55,1627,75,77
381,1779,2160,0.176389,0.901,1.379296e+02,6.868956e-03,3.2046,3.3258,0,3,81,1626,75,77
382,1778,2160,0.176852,0.901,1.370796e+02,2.092183e-03,3.2534,3.3268,0,8,29,1625,75,77
383,1777,2160,0.177315,0.901,1.365611e+02,1.075760e-03,3.2385,3.3219,0,4,29,1624,75,77
384,1776,2160,0.177778,0.9,1.328529e+02,2.002193e-02,3.2092,3.3114,0,9,115,1623,75,77
385,1775,2160,0.178241,0.9,1.313719e+02,1.987791e-02,3.2163,3.3214,0,9,109,1622,75,77
386,1774,2160,0.178704,0.899,1.352678e+02,2.489415e-02,3.1945,3.321,0,9,73,1621,75,77
387,1773,2160,0.179167,0.898,1.365755e+02,2.018484e-02,3.1873,3.3044,0,9,134,1620,75,77
388,1772,2160,0.17963,0.898,1.355150e+02,1.073594e-01,3.2033,3.3196,1,2,9,1620,74,77
389,1771,2160,0.180093,0.893,1.374669e+02,2.500755e-02,3.2273,3.3128,0,9,151,1619,74,77
390,1770,2160,0.180556,0.893,1.425320e+02,1.888886e-03,3.1803,3.3221,0,0,108,1618,74,77
391,1769,2160,0.181019,0.893,1.427135e+02,1.769286e-03,3.2252,3.312,0,6,139,1617,74,77
392,1768,2160,0.181481,0.893,1.431025e+02,6.853823e-03,3.2224,3.3119,0,3,139,1616,74,77
393,1767,2160,0.181944,0.894,1.420816e+02,6.952821e-03,3.1953,3.3318,0,3,107,1615,74,77
394,1766,2160,0.182407,0.894,1.430011e+02,2.823260e-02,3.1989,3.311,0,9,91,1614,74,77
395,1765,2160,0.18287,0.893,1.541452e+02,1.519623e-03,3.1837,3.314,0,5,24,1613,74,77
396,1764,2160,0.183333,0.894,1.521889e+02,7.040413e-03,3.2324,3.3168,0,3,170,1612,74,77
397,1763,2160,0.183796,0.893,1.514176e+02,7.117898e-03,3.2068,3.3224,0,3,32,1611,74,77
398,1762,2160,0.184259,0.893,1.504041e+02,2.003236e-03,3.2105,3.3154,0,0,56,1610,74,77
399,1761,2160,0.184722,0.893,1.492338e+02,2.050476e-03,3.2047,3.3139,0,1,150,1609,74,77
400,1760,2160,0.185185,0.892,1.503616e+02,7.365032e-03,3.1953,3.3089,0,3,20,1608,74,77
401,1759,2160,0.185648,0.892,1.515141e+02,2.665180e-02,3.1883,3.319,0,9,0,1607,74,77
402,1758,2160,0.186111,0.892,1.734951e+02,2.186330e-03,3.2111,3.3111,0,2,56,1606,74,77
403,1757,2160,0.186574,0.892,1.698612e+02,1.600588e-03,3.2129,3.3278,0,5,136,1605,74,77
404,1756,2160,0.187037,0.892,1.678389e+02,1.555494e-03,3.2122,3.3268,0,4,150,1604,74,77
405,1755,2160,0.1875,0.891,1.669814e+02,2.255698e-03,3.2398,3.3276,0,2,44,1603,74,77
406,1754,2160,0.187963,0.892,1.679301e+02,7.809794e-03,3.2024,3.3223,0,3,74,1602,74,77
407,1753,2160,0.188426,0.892,1.680043e+02,2.238084e-02,3.2338,3.3032,0,9,122,1601,74,77
408,1752,2160,0.188889,0.892,1.610336e+02,2.983633e-02,3.1944,3.3104,0,9,72,1600,74,77
409,1751,2160,0.189352,0.894,1.647472e+02,1.480270e-03,3.2023,3.325,0,5,44,1599,74,77
410,1750,2160,0.189815,0.894,1.633420e+02,2.032015e-03,3.2137,3.3121,0,6,83,1598,74,77
411,1749,2160,0.190278,0.894,1.636794e+02,7.838659e-03,3.2252,3.3226,0,3,7,1597,74,77
412,1748,2160,0.190741,0.895,1.648156e+02,2.331480e-03,3.2364,3.3166,0,8,17,1596,74,77
413,1747,2160,0.191204,0.894,1.655236e+02,7.883088e-03,3.2087,3.3271,0,3,137,1595,74,77
414,1746,2160,0.191667,0.893,1.657505e+02,7.921094e-03,3.2302,3.3065,0,3,26,1594,74,77
415,1745,2160,0.19213,0.893,1.666662e+02,2.055461e-03,3.2256,3.3198,0,6,168,1593,74,77
416,1744,2160,0.192593,0.893,1.678243e+02,1.313424e-03,3.1929,3.3032,0,7,25,1592,74,77
417,1743,2160,0.193056,0.893,1.682347e+02,2.161859e-02,3.2371,3.3294,0,9,103,1591,74,77
418,1742,2160,0.193519,0.893,1.671247e+02,1.396807e-01,3.2307,3.3342,1,4,9,1591,73,77
419,1741,2160,0.193981,0.878,1.786560e+02,2.754714e-02,3.1969,3.3151,0,9,152,1590,73,77
420,1740,2160,0.194444,0.878,1.758728e+02,3.324133e-02,3.1947,3.3277,0,9,191,1589,73,77
421,1739,2160,0.194907,0.878,1.826033e+02,2.251701e-02,3.2012,3.3165,0,9,5,1588,73,77
422,1738,2160,0.19537,0.878,1.778548e+02,2.743841e-02,3.204,3.3259,0,9,51,1587,73,77
423,1737,2160,0.195833,0.881,1.939893e+02,2.332381e-02,3.1936,3.323,0,9,89,1586,73,77
424,1736,2160,0.196296,0.876,1.871963e+02,2.586404e-02,3.1998,3.3183,0,9,172,1585,73,77
425,1735,2160,0.196759,0.876,1.980182e+02,2.940168e-02,3.1856,3.3136,0,9,157,1584,73,77
426,1734,2160,0.197222,0.876,2.251598e+02,7.983693e-03,3.2453,3.3372,0,3,151,1583,73,77
427,1733,2160,0.197685,0.874,2.219632e+02,4.584481e-03,3.1961,3.3357,1,6,3,1583,72,77
428,1732,2160,0.198148,0.874,2.177927e+02,2.361237e-03,3.2018,3.3081,0,2,195,1582,72,77
429,1731,2160,0.198611,0.874,2.176409e+02,1.685777e-03,3.2124,3.2943,0,5,116,1581,72,77
430,1730,2160,0.199074,0.874,2.163819e+02,3.145416e-02,3.232,3.3102,0,9,164,1580,72,77
431,1729,2160,0.199537,0.874,2.497486e+02,8.175847e-03,3.2029,3.3217,0,3,66,1579,72,77
432,1728,2160,0.2,0.874,2.438127e+02,8.292849e-03,3.1825,3.3238,0,3,44,1578,72,77
433,1727,2160,0.200463,0.874,2.391823e+02,1.782324e-03,3.1993,3.3347,0,5,28,1577,72,77
434,1726,2160,0.200926,0.874,2.359458e+02,2.295508e-03,3.2051,3.3379,0,1,28,1576,72,77
435,1725,2160,0.201389,0.873,2.328279e+02,8.303647e-03,3.2121,3.3313,0,3,189,1575,72,77
436,1724,2160,0.201852,0.873,2.309553e+02,2.554377e-02,3.2027,3.33,0,9,118,1574,72,77
437,1723,2160,0.202315,0.87,2.125541e+02,2.651701e-02,3.2202,3.317,0,9,147,1573,72,77
438,1722,2160,0.202778,0.868,2.032814e+02,3.323698e-02,3.2028,3.3111,0,9,62,1572,72,77
439,1721,2160,0.203241,0.872,2.126751e+02,2.643857e-02,3.1944,3.3088,0,9,45,1571,72,77
440,1720,2160,0.203704,0.871,2.085978e+02,3.784055e-02,3.2093,3.3183,0,9,52,1570,72,77
441,1719,2160,0.204167,0.871,2.196240e+02,2.732244e-02,3.2094,3.3101,0,9,46,1569,72,77
442,1718,2160,0.20463,0.871,2.067413e+02,4.018065e-02,3.1939,3.3199,0,9,76,1568,72,77
443,1717,2160,0.205093,0.874,2.179338e+02,3.436153e-02,3.1846,3.3111,0,9,149,1567,72,77
444,1716,2160,0.205556,0.873,2.564889e+02,2.533301e-03,3.1838,3.3143,0,2,78,1566,72,77
445,1715,2160,0.206019,0.872,2.549791e+02,8.649156e-03,3.2098,3.3246,0,3,51,1565,72,77
446,1714,2160,0.206481,0.873,2.528473e+02,2.699118e-03,3.1943,3.324,0,8,72,1564,72,77
447,1713,2160,0.206944,0.872,2.510123e+02,2.349423e-03,3.1945,3.3076,0,6,27,1563,72,77
448,1712,2160,0.207407,0.872,2.486782e+02,8.746685e-03,3.1997,3.2977,0,3,182,1562,72,77
449,1711,2160,0.20787,0.872,2.486651e+02,2.710375e-03,3.1784,3.3208,0,8,139,1561,72,77
450,1710,2160,0.208333,0.871,2.475293e+02,2.573090e-02,3.1822,3.3131,0,9,78,1560,72,77
451,1709,2160,0.208796,0.868,2.313143e+02,3.489575e-02,3.1961,3.3042,0,9,36,1559,72,77
452,1708,2160,0.209259,0.87,2.479115e+02,8.884193e-03,3.1942,3.3128,0,3,24,1558,72,77
453,1707,2160,0.209722,0.87,2.500553e+02,3.787425e-02,3.1893,3.3264,0,9,86,1557,72,77
454,1706,2160,0.210185,0.87,3.015017e+02,1.956780e-03,3.1916,3.3223,0,4,80,1556,72,77
455,1705,2160,0.210648,0.87,2.951261e+02,2.022888e-03,3.2186,3.3223,0,5,10,1555,72,77
456,1704,2160,0.211111,0.87,2.896240e+02,9.024766e-03,3.2212,3.3168,0,3,135,1554,72,77
457,1703,2160,0.211574,0.87,2.841346e+02,9.416792e-03,3.2105,3.317,0,3,188,1553,72,77
458,1702,2160,0.212037,0.87,2.812561e+02,2.695960e-03,3.1716,3.3149,0,1,1,1552,72,77
459,1701,2160,0.2125,0.87,2.803947e+02,2.595083e-03,3.2013,3.3106,0,6,192,1551,72,77
460,1700,2160,0.212963,0.868,2.782483e+02,2.851554e-02,3.2189,3.3218,0,9,132,1550,72,77
461,1699,2160,0.213426,0.866,2.501471e+02,3.584545e-02,3.1983,3.3182,0,9,178,1549,72,77
462,1698,2160,0.213889,0.864,2.775892e+02,1.580478e-03,3.1975,3.3074,0,7,188,1548,72,77
463,1697,2160,0.214352,0.864,2.752884e+02,1.572906e-03,3.1935,3.3073,0,7,91,1547,72,77
464,1696,2160,0.214815,0.863,2.726821e+02,9.600506e-03,3.1951,3.3258,0,3,106,1546,72,77
465,1695,2160,0.215278,0.862,2.713273e+02,2.666374e-03,3.2102,3.3315,0,0,1,1545,72,77
466,1694,2160,0.215741,0.862,2.676586e+02,4.026852e-02,3.1958,3.3208,0,9,50,1544,72,77
467,1693,2160,0.216204,0.871,3.187570e+02,9.494059e-03,3.2034,3.326,0,3,190,1543,72,77
468,1692,2160,0.216667,0.871,3.129365e+02,9.841084e-03,3.1868,3.3169,0,3,130,1542,72,77
469,1691,2160,0.21713,0.871,3.081937e+02,9.692796e-03,3.1986,3.3231,0,3,21,1541,72,77
470,1690,2160,0.217593,0.87,3.041996e+02,9.658155e-03,3.2115,3.3264,0,3,173,1540,72,77
471,1689,2160,0.218056,0.869,3.008688e+02,9.873898e-03,3.1868,3.3111,0,3,133,1539,72,77
472,1688,2160,0.218519,0.867,2.967079e+02,2.660568e-03,3.2066,3.3088,0,6,157,1538,72,77
473,1687,2160,0.218981,0.867,2.936691e+02,2.824491e-03,3.1935,3.3156,0,0,99,1537,72,77
474,1686,2160,0.219444,0.867,2.908057e+02,2.858053e-03,3.1807,3.3399,0,0,8,1536,72,77
475,1685,2160,0.219907,0.867,2.884184e+02,3.038056e-02,3.2094,3.316,0,9,92,1535,72,77
476,1684,2160,0.22037,0.854,2.579815e+02,4.619683e-02,3.2143,3.3176,0,9,74,1534,72,77
477,1683,2160,0.220833,0.864,2.972867e+02,1.016728e-02,3.2033,3.3294,0,3,171,1533,72,77
478,1682,2160,0.221296,0.863,2.988880e+02,3.005913e-03,3.2093,3.3217,0,2,103,1532,72,77
479,1681,2160,0.221759,0.863,3.016583e+02,2.938074e-03,3.1829,3.314,0,0,48,1531,72,77
480,1680,2160,0.222222,0.862,3.007652e+02,4.393835e-02,3.2025,3.3228,0,9,160,1530,72,77
481,1679,2160,0.222685,0.865,3.638068e+02,3.164782e-03,3.1933,3.3232,0,8,28,1529,72,77
482,1678,2160,0.223148,0.865,3.584458e+02,3.018983e-03,3.2094,3.3335,0,0,58,1528,72,77
483,1677,2160,0.223611,0.864,3.511521e+02,2.999734e-03,3.192,3.3211,0,0,6,1527,72,77
484,1676,2160,0.224074,0.863,3.443252e+02,2.817381e-03,3.1925,3.3037,0,6,61,1526,72,77
485,1675,2160,0.224537,0.862,3.387125e+02,2.914641e-03,3.1918,3.3095,0,0,115,1525,72,77
486,1674,2160,0.225,0.862,3.336860e+02,1.041887e-02,3.2066,3.3038,0,3,36,1524,72,77
487,1673,2160,0.225463,0.862,3.317945e+02,2.160158e-03,3.1888,3.3001,1,7,5,1524,71,77
488,1672,2160,0.225926,0.862,3.243370e+02,2.919792e-03,3.1822,3.3083,0,1,62,1523,71,77
489,1671,2160,0.226389,0.861,3.257440e+02,1.054062e-02,3.2131,3.3017,0,3,11,1522,71,77
490,1670,2160,0.226852,0.861,3.271980e+02,1.045736e-02,3.2155,3.3174,0,3,191,1521,71,77
491,1669,2160,0.227315,0.861,3.251232e+02,2.180605e-03,3.2103,3.3159,0,4,159,1520,71,77
492,1668,2160,0.227778,0.861,3.250339e+02,2.963329e-02,3.2006,3.3119,0,9,32,1519,71,77
493,1667,2160,0.228241,0.861,2.888159e+02,5.461741e-02,3.2033,3.3124,0,9,177,1518,71,77
494,1666,2160,0.228704,0.861,3.307772e+02,2.238841e-03,3.201,3.3306,0,5,30,1517,71,77
495,1665,2160,0.229167,0.861,3.306608e+02,3.300801e-03,3.2045,3.3333,0,8,27,1516,71,77
496,1664,2160,0.22963,0.861,3.312509e+02,2.214164e-03,3.1956,3.327,0,4,133,1515,71,77
497,1663,2160,0.230093,0.861,3.307120e+02,2.285028e-03,3.2505,3.3207,0,5,142,1514,71,77
498,1662,2160,0.230556,0.861,3.294100e+02,2.897736e-03,3.1887,3.3261,0,6,185,1513,71,77
499,1661,2160,0.231019,0.861,3.282038e+02,3.075965e-03,3.208,3.3253,0,0,62,1512,71,77
500,1660,2160,0.231481,0.861,3.247700e+02,3.119511e-02,3.2055,3.3156,0,9,121,1511,71,77
501,1659,2160,0.231944,0.853,3.009046e+02,5.011840e-02,3.2107,3.3071,0,9,142,1510,71,77
502,1658,2160,0.232407,0.853,3.388932e+02,1.118139e-02,3.213,3.3273,0,3,23,1509,71,77
503,1657,2160,0.23287,0.852,3.420561e+02,3.367454e-03,3.2202,3.3216,0,8,140,1508,71,77
504,1656,2160,0.233333,0.852,3.428883e+02,2.260388e-03,3.2492,3.322,0,4,60,1507,71,77
505,1655,2160,0.233796,0.852,3.436675e+02,2.274580e-03,3.1931,3.3166,0,4,160,1506,71,77
506,1654,2160,0.234259,0.852,3.440420e+02,3.424562e-03,3.1891,3.3252,0,8,74,1505,71,77
507,1653,2160,0.234722,0.852,3.432968e+02,3.455753e-03,3.1955,3.3132,0,8,166,1504,71,77
508,1652,2160,0.235185,0.852,3.420500e+02,1.139193e-02,3.1871,3.3102,0,3,131,1503,71,77
509,1651,2160,0.235648,0.852,3.401287e+02,5.225322e-02,3.2179,3.3189,0,9,173,1502,71,77
510,1650,2160,0.236111,0.853,4.140355e+02,1.151147e-02,3.2222,3.3096,0,3,119,1501,71,77
511,1649,2160,0.236574,0.851,4.050479e+02,1.161284e-02,3.2378,3.324,0,3,144,1500,71,77
512,1648,2160,0.237037,0.851,4.010224e+02,1.173577e-02,3.2088,3.3207,0,3,55,1499,71,77
513,1647,2160,0.2375,0.851,3.984598e+02,1.179203e-02,3.2054,3.3178,0,3,97,1498,71,77
514,1646,2160,0.237963,0.85,3.913961e+02,1.183480e-02,3.2023,3.3227,0,3,108,1497,71,77
515,1645,2160,0.238426,0.85,3.897194e+02,1.196312e-02,3.1874,3.3228,0,3,179,1496,71,77
516,1644,2160,0.238889,0.848,3.853430e+02,1.192707e-02,3.2131,3.3178,0,3,193,1495,71,77
517,1643,2160,0.239352,0.848,3.825534e+02,3.426720e-03,3.2008,3.2995,0,0,61,1494,71,77
518,1642,2160,0.239815,0.847,3.780209e+02,3.406119e-03,3.2155,3.3209,0,0,11,1493,71,77
519,1641,2160,0.240278,0.848,3.743600e+02,1.202913e-02,3.2205,3.325,0,3,165,1492,71,77
520,1640,2160,0.240741,0.847,3.734406e+02,1.210698e-02,3.2041,3.3336,0,3,77,1491,71,77
521,1639,2160,0.241204,0.848,3.714691e+02,1.195515e-02,3.2009,3.2964,0,3,34,1490,71,77
522,1638,2160,0.241667,0.848,3.704263e+02,2.930420e-02,3.219,3.326,0,9,107,1489,71,77
523,1637,2160,0.24213,0.841,3.352485e+02,6.798808e-02,3.2076,3.3255,0,9,82,1488,71,77
524,1636,2160,0.242593,0.84,4.030950e+02,1.214831e-02,3.1995,3.3055,0,3,158,1487,71,77
525,1635,2160,0.243056,0.84,4.027515e+02,1.199293e-02,3.1881,3.3088,0,3,64,1486,71,77
526,1634,2160,0.243519,0.84,4.013603e+02,1.216464e-02,3.1879,3.3215,0,3,118,1485,71,77
527,1633,2160,0.243981,0.838,4.003857e+02,3.197892e-03,3.1904,3.3096,0,6,97,1484,71,77
528,1632,2160,0.244444,0.838,3.972223e+02,2.030666e-03,3.1946,3.3326,0,7,15,1483,71,77
529,1631,2160,0.244907,0.839,3.959053e+02,1.210937e-02,3.1913,3.326,0,3,180,1482,71,77
530,1630,2160,0.24537,0.837,3.953457e+02,3.674976e-03,3.2125,3.3239,0,8,24,1481,71,77
531,1629,2160,0.245833,0.838,3.950255e+02,6.237480e-03,3.1827,3.3148,1,4,3,1481,70,77
532,1628,2160,0.246296,0.838,3.905166e+02,3.715163e-03,3.2045,3.3229,0,8,46,1480,70,77
533,1627,2160,0.246759,0.838,3.900884e+02,3.362574e-03,3.1858,3.3235,0,1,15,1479,70,77
534,1626,2160,0.247222,0.837,3.884301e+02,2.395613e-03,3.1893,3.3243,0,4,97,1478,70,77
535,1625,2160,0.247685,0.837,3.927804e+02,2.432032e-03,3.2325,3.329,0,4,4,1477,70,77
536,1624,2160,0.248148,0.834,3.979371e+02,3.493423e-03,3.1851,3.3181,0,0,9,1476,70,77
537,1623,2160,0.248611,0.834,3.986525e+02,3.056523e-02,3.1835,3.332,0,9,105,1475,70,77
538,1622,2160,0.249074,0.831,3.687762e+02,5.886037e-02,3.202,3.3364,0,9,81,1474,70,77
539,1621,2160,0.249537,0.831,4.128007e+02,3.756163e-03,3.201,3.3195,0,8,101,1473,70,77
540,1620,2160,0.25,0.831,4.152229e+02,3.508828e-03,3.2393,3.3222,0,1,48,1472,70,77
541,1619,2160,0.250463,0.83,4.193998e+02,5.588004e-03,3.1893,3.3223,2,6,7,1472,70,76
542,1618,2160,0.250926,0.829,4.142900e+02,1.230816e-02,3.1925,3.322,0,3,175,1471,70,76
543,1617,2160,0.251389,0.829,4.175201e+02,2.581578e-03,3.2152,3.3247,0,5,97,1470,70,76
544,1616,2160,0.251852,0.828,4.193613e+02,2.034062e-03,3.2097,3.3345,0,7,9,1469,70,76
545,1615,2160,0.252315,0.828,4.215895e+02,1.253905e-02,3.2009,3.3208,0,3,59,1468,70,76
546,1614,2160,0.252778,0.828,4.231522e+02,2.133428e-03,3.2184,3.321,0,7,53,1467,70,76
547,1613,2160,0.253241,0.828,4.236048e+02,1.257109e-02,3.2408,3.3218,0,3,147,1466,70,76
548,1612,2160,0.253704,0.827,4.260883e+02,3.158865e-02,3.2244,3.3166,0,9,108,1465,70,76
549,1611,2160,0.254167,0.825,3.968450e+02,6.197501e-02,3.1987,3.3144,0,9,67,1464,70,76
550,1610,2160,0.25463,0.824,4.433428e+02,2.140046e-03,3.2085,3.325,0,7,22,1463,70,76
551,1609,2160,0.255093,0.823,4.436246e+02,3.530789e-03,3.2165,3.3294,0,0,53,1462,70,76
552,1608,2160,0.255556,0.823,4.419101e+02,2.124701e-03,3.1857,3.3088,0,7,108,1461,70,76
553,1607,2160,0.256019,0.821,4.426308e+02,2.659205e-03,3.1992,3.3131,0,5,192,1460,70,76
554,1606,2160,0.256481,0.821,4.439972e+02,3.762476e-03,3.2285,3.2999,0,2,104,1459,70,76
555,1605,2160,0.256944,0.822,4.485111e+02,3.750026e-03,3.1988,3.3218,0,2,7,1458,70,76
556,1604,2160,0.257407,0.823,4.547617e+02,3.780930e-03,3.2144,3.3115,0,2,29,1457,70,76
557,1603,2160,0.25787,0.823,4.617372e+02,3.605180e-03,3.2013,3.3195,0,0,12,1456,70,76
558,1602,2160,0.258333,0.823,4.621678e+02,4.005393e-03,3.2111,3.3038,0,8,134,1455,70,76
559,1601,2160,0.258796,0.822,4.633566e+02,1.297901e-02,3.1798,3.3086,0,3,104,1454,70,76
560,1600,2160,0.259259,0.822,4.621936e+02,5.972896e-02,3.2218,3.3262,0,9,150,1453,70,76
561,1599,2160,0.259722,0.822,5.893353e+02,3.834249e-03,3.2607,3.3298,0,0,150,1452,70,76
562,1598,2160,0.260185,0.82,5.762594e+02,2.754019e-03,3.2086,3.3226,0,4,68,1451,70,76
563,1597,2160,0.260648,0.819,5.682437e+02,3.843019e-03,3.1947,3.3294,0,0,43,1450,70,76
564,1596,2160,0.261111,0.82,5.593844e+02,1.323440e-02,3.1962,3.3224,0,3,181,1449,70,76
565,1595,2160,0.261574,0.821,5.534803e+02,1.320315e-02,3.1933,3.3099,0,3,62,1448,70,76
566,1594,2160,0.262037,0.821,5.492912e+02,1.337962e-02,3.1914,3.3265,0,3,142,1447,70,76
567,1593,2160,0.2625,0.82,5.510701e+02,1.377242e-02,3.212,3.3291,0,3,132,1446,70,76
568,1592,2160,0.262963,0.819,5.399221e+02,2.307262e-03,3.2094,3.3441,0,7,140,1445,70,76
569,1591,2160,0.263426,0.819,5.368056e+02,1.345253e-02,3.2113,3.3243,0,3,178,1444,70,76
570,1590,2160,0.263889,0.819,5.406536e+02,2.850705e-03,3.211,3.2863,0,5,32,1443,70,76
571,1589,2160,0.264352,0.818,5.377614e+02,3.600873e-03,3.1942,3.3214,0,0,140,1442,70,76
572,1588,2160,0.264815,0.818,5.290563e+02,3.781775e-03,3.24,3.3352,0,1,195,1441,70,76
573,1587,2160,0.265278,0.818,5.341357e+02,1.371443e-02,3.1851,3.3183,0,3,46,1440,70,76
574,1586,2160,0.265741,0.818,5.332886e+02,3.760488e-03,3.1974,3.3182,0,0,120,1439,70,76
575,1585,2160,0.266204,0.819,5.344142e+02,4.179242e-03,3.1977,3.312,0,8,98,1438,70,76
576,1584,2160,0.266667,0.818,5.357897e+02,2.396315e-03,3.1892,3.3093,0,7,155,1437,70,76
577,1583,2160,0.26713,0.818,5.341041e+02,1.385648e-02,3.2082,3.3086,0,3,37,1436,70,76
578,1582,2160,0.267593,0.817,5.323820e+02,1.085399e-02,3.2421,3.3157,2,1,2,1436,70,75
579,1581,2160,0.268056,0.818,5.360944e+02,3.944483e-03,3.2101,3.3342,0,0,4,1435,70,75
580,1580,2160,0.268519,0.818,5.313030e+02,4.122197e-03,3.2141,3.3185,0,2,11,1434,70,75
581,1579,2160,0.268981,0.817,5.362336e+02,4.015845e-03,3.2026,3.3297,0,0,151,1433,70,75
582,1578,2160,0.269444,0.818,5.351399e+02,4.213864e-03,3.2341,3.3251,0,8,178,1432,70,75
583,1577,2160,0.269907,0.818,5.320605e+02,3.039219e-02,3.248,3.3272,0,9,133,1431,70,75
584,1576,2160,0.27037,0.811,4.877910e+02,7.524180e-02,3.1899,3.3351,0,9,68,1430,70,75
585,1575,2160,0.270833,0.81,5.572882e+02,1.389731e-02,3.2242,3.3348,0,3,3,1429,70,75
586,1574,2160,0.271296,0.81,5.574775e+02,4.297356e-03,3.1895,3.3461,0,8,99,1428,70,75
587,1573,2160,0.271759,0.81,5.580795e+02,1.441987e-02,3.2153,3.3418,0,3,19,1427,70,75
588,1572,2160,0.272222,0.809,5.563945e+02,4.046538e-03,3.214,3.3254,0,0,160,1426,70,75
589,1571,2160,0.272685,0.809,5.532915e+02,4.357730e-03,3.1814,3.3201,0,8,95,1425,70,75
590,1570,2160,0.273148,0.808,5.521490e+02,1.437876e-02,3.1999,3.3149,0,3,134,1424,70,75
591,1569,2160,0.273611,0.807,5.497986e+02,1.453815e-02,3.1905,3.321,0,3,113,1423,70,75
592,1568,2160,0.274074,0.809,5.488612e+02,1.421019e-02,3.1961,3.3221,0,3,90,1422,70,75
593,1567,2160,0.274537,0.807,5.474486e+02,1.453972e-02,3.1936,3.3336,0,3,18,1421,70,75
594,1566,2160,0.275,0.805,5.505859e+02,1.468570e-02,3.2181,3.3279,0,3,95,1420,70,75
595,1565,2160,0.275463,0.804,5.551098e+02,1.490466e-02,3.2008,3.3268,0,3,161,1419,70,75
596,1564,2160,0.275926,0.805,5.515598e+02,2.187358e-01,3.2157,3.3193,1,1,9,1419,69,75
597,1563,2160,0.276389,0.779,4.933374e+02,5.803147e-02,3.1823,3.3168,0,9,49,1418,69,75
598,1562,2160,0.276852,0.779,4.873126e+02,4.093394e-02,3.1949,3.3197,0,9,106,1417,69,75
599,1561,2160,0.277315,0.779,4.831315e+02,4.147677e-02,3.1955,3.3183,0,9,119,1416,69,75
600,1560,2160,0.277778,0.779,4.798980e+02,3.394190e-02,3.2028,3.3151,0,9,120,1415,69,75
601,1559,2160,0.278241,0.779,4.772976e+02,7.552013e-02,3.2098,3.3118,0,9,130,1414,69,75
602,1558,2160,0.278704,0.779,4.751334e+02,7.257193e-02,3.1961,3.3172,0,9,143,1413,69,75
603,1557,2160,0.279167,0.779,4.732862e+02,7.040684e-02,3.1865,3.3338,0,9,144,1412,69,75
604,1556,2160,0.27963,0.779,4.716732e+02,2.146529e-03,3.2064,3.3408,0,7,18,1411,69,75
605,1555,2160,0.280093,0.779,4.789265e+02,2.341001e-03,3.1948,3.3176,0,7,11,1410,69,75
606,1554,2160,0.280556,0.779,4.863296e+02,4.141785e-03,3.203,3.3196,0,0,123,1409,69,75
607,1553,2160,0.281019,0.78,4.890008e+02,1.480774e-02,3.2014,3.3277,0,3,174,1408,69,75
608,1552,2160,0.281481,0.781,4.931066e+02,2.827081e-03,3.2167,3.3272,0,4,123,1407,69,75
609,1551,2160,0.281944,0.781,4.948941e+02,4.029727e-03,3.2213,3.3198,0,0,15,1406,69,75
610,1550,2160,0.282407,0.78,5.017651e+02,3.897641e-03,3.2091,3.3185,0,6,144,1405,69,75
611,1549,2160,0.28287,0.779,5.052868e+02,4.453644e-03,3.2294,3.3187,0,8,22,1404,69,75
612,1548,2160,0.283333,0.781,5.088879e+02,2.909526e-03,3.1963,3.327,0,4,56,1403,69,75
613,1547,2160,0.283796,0.78,5.168513e+02,4.181659e-03,3.1983,3.3246,0,1,35,1402,69,75
614,1546,2160,0.284259,0.779,5.273660e+02,4.172836e-03,3.2105,3.3423,0,1,19,1401,69,75
615,1545,2160,0.284722,0.78,5.386184e+02,4.163333e-03,3.1884,3.3149,0,1,158,1400,69,75
616,1544,2160,0.285185,0.777,5.480418e+02,3.016591e-03,3.1953,3.3383,0,4,61,1399,69,75
617,1543,2160,0.285648,0.777,5.540097e+02,3.967759e-03,3.2261,3.3285,0,6,4,1398,69,75
618,1542,2160,0.286111,0.777,5.565043e+02,1.511518e-02,3.2408,3.3341,0,3,103,1397,69,75
619,1541,2160,0.286574,0.779,5.565373e+02,1.526457e-02,3.1873,3.3264,0,3,176,1396,69,75
620,1540,2160,0.287037,0.778,5.606958e+02,1.558116e-02,3.1933,3.3313,0,3,183,1395,69,75
621,1539,2160,0.2875,0.778,5.590890e+02,4.600601e-03,3.2199,3.3215,0,8,11,1394,69,75
622,1538,2160,0.287963,0.778,5.589010e+02,4.606159e-03,3.2114,3.3279,0,8,185,1393,69,75
623,1537,2160,0.288426,0.779,5.606668e+02,4.400298e-03,3.2086,3.324,0,0,50,1392,69,75
624,1536,2160,0.288889,0.779,5.579295e+02,3.223654e-03,3.218,3.3375,0,5,57,1391,69,75
625,1535,2160,0.289352,0.78,5.608168e+02,4.109890e-03,3.2079,3.3214,0,6,46,1390,69,75
626,1534,2160,0.289815,0.779,5.626208e+02,4.722926e-03,3.2231,3.3164,0,8,40,1389,69,75
627,1533,2160,0.290278,0.78,5.667435e+02,1.535270e-02,3.1997,3.3218,0,3,120,1388,69,75
628,1532,2160,0.290741,0.781,5.729006e+02,1.571260e-02,3.1981,3.3175,0,3,152,1387,69,75
629,1531,2160,0.291204,0.78,5.809460e+02,1.592019e-02,3.2171,3.3159,0,3,157,1386,69,75
630,1530,2160,0.291667,0.781,5.765816e+02,4.708295e-03,3.2055,3.3135,0,8,3,1385,69,75
631,1529,2160,0.29213,0.781,5.794882e+02,4.743877e-03,3.1904,3.3223,0,8,183,1384,69,75
632,1528,2160,0.292593,0.781,5.802340e+02,1.579817e-02,3.1951,3.3316,0,3,105,1383,69,75
633,1527,2160,0.293056,0.783,5.821857e+02,1.623862e-02,3.1951,3.3196,0,3,94,1382,69,75
634,1526,2160,0.293519,0.784,5.808858e+02,4.614094e-03,3.2141,3.3193,0,2,139,1381,69,75
635,1525,2160,0.293981,0.782,5.912226e+02,1.585362e-02,3.1962,3.3307,0,3,111,1380,69,75
636,1524,2160,0.294444,0.782,5.986897e+02,1.613398e-02,3.2013,3.3266,0,3,138,1379,69,75
637,1523,2160,0.294907,0.782,6.095671e+02,1.643929e-02,3.2454,3.3314,0,3,27,1378,69,75
638,1522,2160,0.29537,0.782,6.055672e+02,4.533295e-03,3.2075,3.3101,0,0,13,1377,69,75
639,1521,2160,0.295833,0.782,6.087981e+02,3.323057e-03,3.1962,3.3223,0,5,167,1376,69,75
640,1520,2160,0.296296,0.783,6.131509e+02,4.858133e-03,3.2466,3.3139,0,8,188,1375,69,75
641,1519,2160,0.296759,0.783,6.185442e+02,4.273497e-03,3.2194,3.3231,0,6,155,1374,69,75
642,1518,2160,0.297222,0.783,6.245288e+02,4.959731e-03,3.2174,3.3177,0,8,20,1373,69,75
643,1517,2160,0.297685,0.783,6.286752e+02,1.670394e-02,3.1897,3.3223,0,3,22,1372,69,75
644,1516,2160,0.298148,0.786,6.336107e+02,4.808978e-03,3.2005,3.3244,0,2,10,1371,69,75
645,1515,2160,0.298611,0.786,6.466913e+02,1.632163e-02,3.2178,3.3314,0,3,75,1370,69,75
646,1514,2160,0.299074,0.784,6.510656e+02,1.640264e-02,3.2198,3.3232,0,3,185,1369,69,75
647,1513,2160,0.299537,0.783,6.583118e+02,1.662917e-02,3.2073,3.332,0,3,122,1368,69,75
648,1512,2160,0.3,0.783,6.561676e+02,4.569150e-03,3.1865,3.3403,0,0,167,1367,69,75
649,1511,2160,0.300463,0.783,6.563161e+02,3.404399e-03,3.1942,3.328,0,5,190,1366,69,75
650,1510,2160,0.300926,0.783,6.606056e+02,2.655910e-03,3.1894,3.3405,0,7,185,1365,69,75
651,1509,2160,0.301389,0.784,6.621958e+02,4.393446e-03,3.2083,3.331,0,6,111,1364,69,75
652,1508,2160,0.301852,0.785,6.633513e+02,1.675023e-02,3.2051,3.3212,0,3,163,1363,69,75
653,1507,2160,0.302315,0.783,6.740763e+02,4.472709e-03,3.1977,3.3202,0,1,163,1362,69,75
654,1506,2160,0.302778,0.784,6.738017e+02,1.682610e-02,3.1937,3.3209,0,3,65,1361,69,75
655,1505,2160,0.303241,0.781,6.769280e+02,2.097237e-03,3.1934,3.3149,0,7,65,1360,69,75
656,1504,2160,0.303704,0.782,6.702302e+02,3.262520e-03,3.1956,3.3194,0,4,153,1359,69,75
657,1503,2160,0.304167,0.782,6.803551e+02,4.923833e-03,3.2344,3.335,0,2,13,1358,69,75
658,1502,2160,0.30463,0.782,6.955930e+02,4.856190e-03,3.2149,3.307,0,2,30,1357,69,75
659,1501,2160,0.305093,0.782,7.120031e+02,5.092749e-03,3.1864,3.3266,0,8,85,1356,69,75
660,1500,2160,0.305556,0.783,7.193765e+02,4.745455e-03,3.1815,3.3361,0,1,34,1355,69,75
661,1499,2160,0.306019,0.781,7.286967e+02,4.809958e-03,3.2024,3.3192,0,8,153,1354,69,75
662,1498,2160,0.306481,0.781,7.233765e+02,5.054819e-03,3.1923,3.3175,0,8,194,1353,69,75
663,1497,2160,0.306944,0.782,7.365914e+02,4.633339e-03,3.2123,3.3267,0,1,85,1352,69,75
664,1496,2160,0.307407,0.78,7.473218e+02,4.417464e-03,3.2083,3.3178,0,6,13,1351,69,75
665,1495,2160,0.30787,0.78,7.459710e+02,4.712483e-03,3.2066,3.3449,0,0,113,1350,69,75
666,1494,2160,0.308333,0.78,7.465683e+02,5.200284e-03,3.2085,3.3287,0,8,152,1349,69,75
667,1493,2160,0.308796,0.78,7.501273e+02,4.499377e-03,3.2057,3.3428,0,6,30,1348,69,75
668,1492,2160,0.309259,0.78,7.480416e+02,2.916338e-03,3.1913,3.3166,0,7,138,1347,69,75
669,1491,2160,0.309722,0.782,7.487118e+02,4.783839e-03,3.1878,3.3183,0,0,139,1346,69,75
670,1490,2160,0.310185,0.781,7.477856e+02,3.363423e-03,3.2099,3.3276,0,4,155,1345,69,75
671,1489,2160,0.310648,0.782,7.553919e+02,1.726696e-02,3.2069,3.3258,0,3,117,1344,69,75
672,1488,2160,0.311111,0.785,7.587422e+02,3.282052e-02,3.2006,3.3377,1,7,3,1344,68,75
673,1487,2160,0.311574,0.784,7.654709e+02,1.766588e-02,3.2079,3.3204,0,3,145,1343,68,75
674,1486,2160,0.312037,0.783,7.634359e+02,1.754510e-02,3.218,3.3246,0,3,63,1342,68,75
675,1485,2160,0.3125,0.781,7.691297e+02,1.852101e-02,3.1958,3.311,0,3,115,1341,68,75
676,1484,2160,0.312963,0.78,7.734418e+02,1.813921e-02,3.2158,3.3217,0,3,86,1340,68,75
677,1483,2160,0.313426,0.78,7.763380e+02,1.810968e-02,3.1977,3.318,0,3,42,1339,68,75
678,1482,2160,0.313889,0.779,7.863835e+02,2.405616e-03,3.1776,3.3128,0,7,42,1338,68,75
679,1481,2160,0.314352,0.779,7.750891e+02,1.854405e-02,3.2037,3.3123,0,3,78,1337,68,75
680,1480,2160,0.314815,0.779,7.724319e+02,1.814251e-02,3.1907,3.3373,0,3,1,1336,68,75
681,1479,2160,0.315278,0.779,7.836351e+02,4.675648e-03,3.2002,3.327,0,0,164,1335,68,75
682,1478,2160,0.315741,0.779,7.917712e+02,5.092933e-03,3.205,3.3267,0,8,7,1334,68,75
683,1477,2160,0.316204,0.779,7.940888e+02,4.984454e-03,3.2166,3.3165,0,2,27,1333,68,75
684,1476,2160,0.316667,0.78,8.046373e+02,2.780358e-03,3.2255,3.3357,0,7,154,1332,68,75
685,1475,2160,0.31713,0.779,8.099581e+02,2.868934e-03,3.1963,3.3192,0,7,165,1331,68,75
686,1474,2160,0.317593,0.78,8.107939e+02,1.922299e-02,3.2431,3.3402,0,3,53,1330,68,75
687,1473,2160,0.318056,0.779,8.157324e+02,1.374960e-02,3.2388,3.3414,2,2,2,1330,68,74
688,1472,2160,0.318519,0.778,8.309020e+02,3.558406e-03,3.216,3.3096,0,5,53,1329,68,74
689,1471,2160,0.318981,0.778,8.300542e+02,3.644048e-03,3.2194,3.303,0,5,98,1328,68,74
690,1470,2160,0.319444,0.778,8.374343e+02,4.712613e-03,3.2224,3.3217,0,6,55,1327,68,74
691,1469,2160,0.319907,0.778,8.427696e+02,1.961257e-02,3.2215,3.3215,0,3,52,1326,68,74
692,1468,2160,0.32037,0.778,8.486168e+02,5.178869e-03,3.2171,3.3206,0,2,100,1325,68,74
693,1467,2160,0.320833,0.778,8.625843e+02,4.928179e-03,3.2433,3.3236,0,1,117,1324,68,74
694,1466,2160,0.321296,0.778,8.771919e+02,5.001776e-03,3.2104,3.3327,0,0,25,1323,68,74
695,1465,2160,0.321759,0.778,8.890601e+02,2.917744e-03,3.2177,3.3208,0,7,24,1322,68,74
696,1464,2160,0.322222,0.778,8.987176e+02,3.687256e-03,3.2132,3.3211,0,5,66,1321,68,74
697,1463,2160,0.322685,0.778,9.039936e+02,1.946222e-02,3.2393,3.3268,0,3,102,1320,68,74
698,1462,2160,0.323148,0.779,9.068967e+02,1.975048e-02,3.1914,3.3147,0,3,177,1319,68,74
699,1461,2160,0.323611,0.779,9.157828e+02,2.011092e-02,3.2015,3.3098,0,3,167,1318,68,74
700,1460,2160,0.324074,0.779,9.250916e+02,5.397051e-03,3.2142,3.3266,0,8,154,1317,68,74
701,1459,2160,0.324537,0.779,9.236071e+02,1.970504e-02,3.1967,3.3328,0,3,50,1316,68,74
702,1458,2160,0.325,0.779,9.233881e+02,3.670489e-03,3.1916,3.3363,0,5,25,1315,68,74
703,1457,2160,0.325463,0.779,9.320073e+02,3.762026e-03,3.1926,3.3274,0,5,46,1314,68,74
704,1456,2160,0.325926,0.779,9.395205e+02,5.177088e-03,3.2361,3.3347,0,2,25,1313,68,74
705,1455,2160,0.326389,0.779,9.447953e+02,5.068663e-03,3.2175,3.3338,0,0,168,1312,68,74
706,1454,2160,0.326852,0.779,9.591439e+02,5.554567e-03,3.2133,3.3245,0,8,147,1311,68,74
707,1453,2160,0.327315,0.779,9.661336e+02,5.670585e-03,3.1996,3.3151,0,8,114,1310,68,74
708,1452,2160,0.327778,0.779,9.693427e+02,3.131886e-03,3.2791,3.3412,0,7,114,1309,68,74
709,1451,2160,0.328241,0.779,9.580380e+02,5.593033e-03,3.2232,3.3314,0,8,13,1308,68,74
710,1450,2160,0.328704,0.779,9.590685e+02,5.077021e-03,3.2112,3.3293,0,1,95,1307,68,74
711,1449,2160,0.329167,0.779,9.679305e+02,2.103206e-02,3.2284,3.3401,0,3,69,1306,68,74
712,1448,2160,0.32963,0.78,9.816576e+02,5.746226e-03,3.2312,3.3345,0,8,70,1305,68,74
713,1447,2160,0.330093,0.78,9.860087e+02,3.630165e-03,3.2132,3.3238,0,4,140,1304,68,74
714,1446,2160,0.330556,0.78,9.974896e+02,3.675519e-03,3.2089,3.3335,0,4,32,1303,68,74
715,1445,2160,0.331019,0.78,1.002065e+03,5.553407e-03,3.2129,3.3273,0,2,150,1302,68,74
716,1444,2160,0.331481,0.78,1.016038e+03,5.733366e-03,3.2296,3.3184,0,8,111,1301,68,74
717,1443,2160,0.331944,0.78,1.022193e+03,3.257317e-03,3.1884,3.3221,0,7,82,1300,68,74
718,1442,2160,0.332407,0.78,1.021622e+03,3.933710e-03,3.2305,3.336,0,5,43,1299,68,74
719,1441,2160,0.33287,0.78,1.024520e+03,5.282199e-03,3.211,3.3246,0,1,0,1298,68,74
720,1440,2160,0.333333,0.78,1.037779e+03,2.132209e-02,3.2119,3.3375,0,3,168,1297,68,74
721,1439,2160,0.333796,0.78,1.049156e+03,2.094495e-02,3.1925,3.3285,0,3,164,1296,68,74
722,1438,2160,0.334259,0.78,1.059923e+03,2.104601e-02,3.1915,3.3294,0,3,166,1295,68,74
723,1437,2160,0.334722,0.779,1.065070e+03,1.604898e-02,3.2349,3.309,1,8,3,1295,67,74
724,1436,2160,0.335185,0.779,1.065403e+03,2.089666e-02,3.2026,3.3287,0,3,93,1294,67,74
725,1435,2160,0.335648,0.78,1.070184e+03,2.173011e-02,3.2083,3.3044,0,3,45,1293,67,74
726,1434,2160,0.336111,0.781,1.073176e+03,3.097613e-03,3.212,3.3129,0,7,111,1292,67,74
727,1433,2160,0.336574,0.781,1.073699e+03,5.261879e-03,3.1939,3.3244,0,2,0,1291,67,74
728,1432,2160,0.337037,0.781,1.078447e+03,2.222663e-02,3.2018,3.3327,0,3,146,1290,67,74
729,1431,2160,0.3375,0.779,1.088556e+03,3.891528e-03,3.1891,3.3167,0,5,84,1289,67,74
730,1430,2160,0.337963,0.779,1.102597e+03,5.593813e-03,3.2192,3.317,0,2,92,1288,67,74
731,1429,2160,0.338426,0.779,1.118431e+03,2.211161e-02,3.2189,3.3251,0,3,83,1287,67,74
732,1428,2160,0.338889,0.779,1.125603e+03,5.394819e-03,3.2002,3.3259,0,0,85,1286,67,74
733,1427,2160,0.339352,0.779,1.128617e+03,4.018008e-03,3.2272,3.3247,0,5,92,1285,67,74
734,1426,2160,0.339815,0.779,1.125971e+03,2.288892e-02,3.213,3.3178,0,3,112,1284,67,74
735,1425,2160,0.340278,0.779,1.143132e+03,2.225363e-02,3.2062,3.3396,0,3,6,1283,67,74
736,1424,2160,0.340741,0.779,1.149810e+03,5.701678e-03,3.1969,3.3364,0,2,127,1282,67,74
737,1423,2160,0.341204,0.779,1.168160e+03,5.444250e-03,3.2232,3.3167,0,1,92,1281,67,74
738,1422,2160,0.341667,0.777,1.176229e+03,5.381913e-03,3.205,3.316,0,1,178,1280,67,74
739,1421,2160,0.34213,0.777,1.194355e+03,5.972519e-03,3.2334,3.3307,0,8,45,1279,67,74
740,1420,2160,0.342593,0.777,1.202995e+03,5.566302e-03,3.2188,3.3153,0,1,20,1278,67,74
741,1419,2160,0.343056,0.778,1.216668e+03,5.190023e-03,3.1826,3.3018,0,6,187,1277,67,74
742,1418,2160,0.343519,0.778,1.221342e+03,6.020164e-03,3.2098,3.3259,0,8,10,1276,67,74
743,1417,2160,0.343981,0.778,1.223881e+03,6.112780e-03,3.2065,3.3241,0,8,124,1275,67,74
744,1416,2160,0.344444,0.778,1.226129e+03,5.673819e-03,3.2739,3.325,0,0,46,1274,67,74
745,1415,2160,0.344907,0.778,1.224652e+03,5.461073e-03,3.211,3.3257,0,6,38,1273,67,74
746,1414,2160,0.34537,0.778,1.224703e+03,6.279699e-03,3.2269,3.3215,0,8,26,1272,67,74
747,1413,2160,0.345833,0.778,1.229775e+03,5.926331e-03,3.1884,3.3116,0,2,116,1271,67,74
748,1412,2160,0.346296,0.777,1.241881e+03,5.836907e-03,3.2102,3.3098,0,0,78,1270,67,74
749,1411,2160,0.346759,0.778,1.242354e+03,4.259975e-03,3.2162,3.331,0,5,73,1269,67,74
750,1410,2160,0.347222,0.776,1.248026e+03,3.989068e-03,3.2144,3.301,0,4,53,1268,67,74
751,1409,2160,0.347685,0.777,1.256803e+03,6.261852e-03,3.2072,3.3393,0,8,12,1267,67,74
752,1408,2160,0.348148,0.777,1.261459e+03,2.450214e-02,3.2213,3.3049,0,3,155,1266,67,74
753,1407,2160,0.348611,0.777,1.286282e+03,6.187707e-03,3.2144,3.3188,0,2,141,1265,67,74
754,1406,2160,0.349074,0.776,1.303034e+03,5.586937e-03,3.2356,3.3192,0,6,194,1264,67,74
755,1405,2160,0.349537,0.775,1.313759e+03,4.084626e-03,3.2089,3.3244,0,4,12,1263,67,74
756,1404,2160,0.35,0.776,1.308815e+03,5.720340e-03,3.2162,3.3242,0,6,68,1262,67,74
757,1403,2160,0.350463,0.776,1.316822e+03,4.122086e-03,3.2172,3.3184,0,4,169,1261,67,74
758,1402,2160,0.350926,0.777,1.333688e+03,6.023868e-03,3.2012,3.3169,0,0,180,1260,67,74
759,1401,2160,0.351389,0.776,1.339156e+03,5.721327e-03,3.2237,3.3333,0,6,193,1259,67,74
760,1400,2160,0.351852,0.777,1.344590e+03,6.534168e-03,3.1977,3.3378,0,8,0,1258,67,74
761,1399,2160,0.352315,0.777,1.345524e+03,6.106676e-03,3.2148,3.3215,0,1,16,1257,67,74
762,1398,2160,0.352778,0.776,1.360691e+03,6.356627e-03,3.2096,3.3072,0,2,98,1256,67,74
763,1397,2160,0.353241,0.776,1.384507e+03,6.103252e-03,3.2195,3.3185,0,0,190,1255,67,74
764,1396,2160,0.353704,0.778,1.394223e+03,6.136178e-03,3.1913,3.3206,0,1,64,1254,67,74
765,1395,2160,0.354167,0.776,1.412400e+03,2.531587e-02,3.2253,3.3062,0,3,92,1253,67,74
766,1394,2160,0.35463,0.778,1.410039e+03,2.542878e-02,3.2351,3.3262,0,3,48,1252,67,74
767,1393,2160,0.355093,0.779,1.414267e+03,2.509933e-02,3.2185,3.3325,1,9,3,1252,66,74
768,1392,2160,0.355556,0.778,1.410742e+03,2.554341e-02,3.208,3.321,0,3,39,1251,66,74
769,1391,2160,0.356019,0.777,1.415074e+03,4.036489e-02,3.2071,3.3244,1,2,3,1251,65,74
770,1390,2160,0.356481,0.776,1.418617e+03,2.817008e-02,3.2067,3.3269,0,3,110,1250,65,74
771,1389,2160,0.356944,0.779,1.418986e+03,2.730025e-02,3.2216,3.3257,0,3,125,1249,65,74
772,1388,2160,0.357407,0.777,1.414692e+03,2.940831e-02,3.2079,3.3389,1,5,3,1249,64,74
773,1387,2160,0.35787,0.776,1.403314e+03,5.425226e-03,3.2195,3.3389,0,1,125,1248,64,74
774,1386,2160,0.358333,0.778,1.404875e+03,5.718279e-03,3.2111,3.3416,0,0,169,1247,64,74
775,1385,2160,0.358796,0.778,1.400981e+03,6.328860e-03,3.2179,3.3148,0,8,73,1246,64,74
776,1384,2160,0.359259,0.778,1.405545e+03,6.418107e-03,3.243,3.3296,0,2,16,1245,64,74
777,1383,2160,0.359722,0.775,1.424062e+03,4.245866e-03,3.212,3.313,0,4,125,1244,64,74
778,1382,2160,0.360185,0.775,1.441826e+03,3.565511e-03,3.2176,3.3284,0,7,85,1243,64,74
779,1381,2160,0.360648,0.777,1.458193e+03,6.558654e-03,3.2389,3.3403,0,2,170,1242,64,74
780,1380,2160,0.361111,0.776,1.483297e+03,6.305755e-03,3.2205,3.3347,0,1,70,1241,64,74
781,1379,2160,0.361574,0.776,1.507924e+03,6.236473e-03,3.2174,3.3219,0,1,119,1240,64,74
782,1378,2160,0.362037,0.778,1.528289e+03,6.447046e-03,3.2265,3.3282,0,0,162,1239,64,74
783,1377,2160,0.3625,0.778,1.533295e+03,5.947850e-03,3.2193,3.328,0,6,180,1238,64,74
784,1376,2160,0.362963,0.778,1.536907e+03,4.789239e-03,3.2054,3.3168,0,5,177,1237,64,74
785,1375,2160,0.363426,0.779,1.546014e+03,6.434822e-03,3.2288,3.3194,0,1,52,1236,64,74
786,1374,2160,0.363889,0.779,1.566977e+03,4.531142e-03,3.2155,3.2992,0,4,76,1235,64,74
787,1373,2160,0.364352,0.778,1.576054e+03,6.561683e-03,3.2034,3.3373,0,0,126,1234,64,74
788,1372,2160,0.364815,0.777,1.578269e+03,6.939620e-03,3.2058,3.3114,0,2,85,1233,64,74
789,1371,2160,0.365278,0.778,1.598739e+03,6.171875e-03,3.223,3.3014,0,6,15,1232,64,74
790,1370,2160,0.365741,0.778,1.616736e+03,6.240590e-03,3.2071,3.3056,0,6,3,1231,64,74
791,1369,2160,0.366204,0.778,1.624143e+03,6.684968e-03,3.186,3.3116,0,0,52,1230,64,74
792,1368,2160,0.366667,0.778,1.614426e+03,4.519206e-03,3.2009,3.3213,0,4,15,1229,64,74
793,1367,2160,0.36713,0.778,1.624826e+03,7.325034e-03,3.1933,3.3156,0,8,135,1228,64,74
794,1366,2160,0.367593,0.778,1.631310e+03,3.912748e-03,3.1828,3.3195,0,7,97,1227,64,74
795,1365,2160,0.368056,0.775,1.645304e+03,7.541841e-03,3.1975,3.3121,0,8,69,1226,64,74
796,1364,2160,0.368519,0.775,1.648657e+03,6.847074e-03,3.1774,3.3235,0,1,168,1225,64,74
797,1363,2160,0.368981,0.775,1.667275e+03,6.770164e-03,3.2001,3.3059,0,1,192,1224,64,74
798,1362,2160,0.369444,0.775,1.692460e+03,6.710816e-03,3.2024,3.3279,0,1,93,1223,64,74
799,1361,2160,0.369907,0.776,1.716572e+03,7.139326e-03,3.1965,3.3269,0,2,4,1222,64,74
800,1360,2160,0.37037,0.776,1.750229e+03,6.816288e-03,3.2027,3.331,0,1,13,1221,64,74
801,1359,2160,0.370833,0.775,1.785069e+03,6.558490e-03,3.1874,3.3233,0,0,93,1220,64,74
802,1358,2160,0.371296,0.775,1.780629e+03,6.424793e-03,3.1897,3.3188,0,6,154,1219,64,74
803,1357,2160,0.371759,0.775,1.796631e+03,7.731085e-03,3.1873,3.3202,0,8,172,1218,64,74
804,1356,2160,0.372222,0.775,1.805114e+03,7.568827e-03,3.2039,3.3227,0,8,60,1217,64,74
805,1355,2160,0.372685,0.775,1.822933e+03,6.593154e-03,3.2082,3.3308,0,6,10,1216,64,74
806,1354,2160,0.373148,0.775,1.835698e+03,7.260653e-03,3.2061,3.3316,0,2,140,1215,64,74
807,1353,2160,0.373611,0.777,1.867794e+03,4.713057e-03,3.2146,3.3209,0,4,10,1214,64,74
808,1352,2160,0.374074,0.777,1.891238e+03,7.306033e-03,3.191,3.3325,0,2,55,1213,64,74
809,1351,2160,0.374537,0.776,1.930644e+03,5.101425e-03,3.1844,3.3271,0,5,191,1212,64,74
810,1350,2160,0.375,0.777,1.951681e+03,5.165564e-03,3.2172,3.3452,0,5,71,1211,64,74
811,1349,2160,0.375463,0.777,1.969215e+03,6.705428e-03,3.2187,3.3325,0,6,173,1210,64,74
812,1348,2160,0.375926,0.776,1.981813e+03,7.744032e-03,3.2558,3.3139,0,8,35,1209,64,74
813,1347,2160,0.376389,0.778,1.994347e+03,7.094507e-03,3.2237,3.3346,0,0,69,1208,64,74
814,1346,2160,0.376852,0.778,2.009698e+03,6.910989e-03,3.2267,3.3324,0,1,24,1207,64,74
815,1345,2160,0.377315,0.777,2.035244e+03,7.442703e-03,3.1869,3.3344,0,2,134,1206,64,74
816,1344,2160,0.377778,0.775,2.067221e+03,7.035984e-03,3.1936,3.3202,0,0,191,1205,64,74
817,1343,2160,0.378241,0.774,2.078419e+03,7.451159e-03,3.2015,3.3212,0,2,32,1204,64,74
818,1342,2160,0.378704,0.774,2.108990e+03,4.058942e-03,3.1946,3.3253,0,7,10,1203,64,74
819,1341,2160,0.379167,0.773,2.129751e+03,6.833232e-03,3.1999,3.3227,0,6,21,1202,64,74
820,1340,2160,0.37963,0.774,2.139705e+03,7.505373e-03,3.2017,3.3104,0,2,153,1201,64,74
821,1339,2160,0.380093,0.774,2.170325e+03,7.750990e-02,3.2,3.3276,1,1,3,1201,63,74
822,1338,2160,0.380556,0.773,2.173879e+03,3.187414e-02,3.2456,3.3175,0,3,49,1200,63,74
823,1337,2160,0.381019,0.773,2.154545e+03,5.479440e-03,3.216,3.3185,0,5,74,1199,63,74
824,1336,2160,0.381481,0.775,2.172775e+03,8.105567e-03,3.1818,3.3346,0,8,112,1198,63,74
825,1335,2160,0.381944,0.776,2.189540e+03,5.138735e-03,3.1908,3.3229,0,4,100,1197,63,74
826,1334,2160,0.382407,0.773,2.198164e+03,7.751575e-03,3.1994,3.3304,0,2,124,1196,63,74
827,1333,2160,0.38287,0.774,2.222045e+03,7.234131e-03,3.217,3.327,0,1,194,1195,63,74
828,1332,2160,0.383333,0.773,2.255162e+03,6.932450e-03,3.2293,3.3218,0,6,179,1194,63,74
829,1331,2160,0.383796,0.774,2.272455e+03,7.250543e-03,3.2153,3.338,0,1,180,1193,63,74
830,1330,2160,0.384259,0.774,2.301761e+03,8.218525e-03,3.1962,3.336,0,8,55,1192,63,74
831,1329,2160,0.384722,0.774,2.302636e+03,7.459103e-03,3.2105,3.3275,0,1,22,1191,63,74
832,1328,2160,0.385185,0.774,2.322463e+03,5.575179e-03,3.2028,3.3233,0,5,51,1190,63,74
833,1327,2160,0.385648,0.773,2.333160e+03,7.878978e-03,3.2419,3.3333,0,8,100,1189,63,74
834,1326,2160,0.386111,0.774,2.332960e+03,7.854672e-03,3.2104,3.3202,0,2,132,1188,63,74
835,1325,2160,0.386574,0.775,2.366228e+03,8.332855e-03,3.1909,3.3306,0,8,156,1187,63,74
836,1324,2160,0.387037,0.775,2.378803e+03,5.644863e-03,3.2033,3.3336,0,5,135,1186,63,74
837,1323,2160,0.3875,0.774,2.381645e+03,4.432427e-03,3.2129,3.311,0,7,153,1185,63,74
838,1322,2160,0.387963,0.774,2.385294e+03,8.464615e-03,3.2048,3.3301,0,8,138,1184,63,74
839,1321,2160,0.388426,0.773,2.389479e+03,5.743145e-03,3.2145,3.3242,0,5,184,1183,63,74
840,1320,2160,0.388889,0.773,2.396667e+03,8.038645e-03,3.23,3.3437,0,2,18,1182,63,74
841,1319,2160,0.389352,0.773,2.427333e+03,5.266256e-03,3.2218,3.3162,0,4,166,1181,63,74
842,1318,2160,0.389815,0.772,2.453204e+03,3.892609e-03,3.2025,3.3404,0,7,166,1180,63,74
843,1317,2160,0.390278,0.773,2.436996e+03,5.276043e-03,3.1966,3.3257,0,5,18,1179,63,74
844,1316,2160,0.390741,0.773,2.448077e+03,5.389433e-03,3.2445,3.3369,0,4,129,1178,63,74
845,1315,2160,0.391204,0.772,2.462623e+03,7.882489e-03,3.2235,3.3294,0,0,45,1177,63,74
846,1314,2160,0.391667,0.772,2.464800e+03,7.378162e-03,3.1908,3.3135,0,6,182,1176,63,74
847,1313,2160,0.39213,0.771,2.473765e+03,7.884078e-03,3.2273,3.3222,0,0,179,1175,63,74
848,1312,2160,0.392593,0.771,2.466399e+03,8.266462e-03,3.2304,3.3245,0,2,171,1174,63,74
849,1311,2160,0.393056,0.771,2.497020e+03,8.188451e-03,3.1975,3.3434,0,2,126,1173,63,74
850,1310,2160,0.393519,0.771,2.536586e+03,8.500447e-03,3.2201,3.3317,0,8,118,1172,63,74
851,1309,2160,0.393981,0.77,2.542860e+03,2.235692e-02,3.2129,3.3463,2,6,2,1172,63,73
852,1308,2160,0.394444,0.771,2.561769e+03,8.748674e-03,3.2021,3.3267,0,8,171,1171,63,73
853,1307,2160,0.394907,0.771,2.547606e+03,7.840157e-03,3.1752,3.3221,0,0,92,1170,63,73
854,1306,2160,0.39537,0.772,2.541483e+03,8.813264e-03,3.2041,3.3261,0,8,170,1169,63,73
855,1305,2160,0.395833,0.772,2.540060e+03,5.507744e-03,3.2078,3.3116,0,4,164,1168,63,73
856,1304,2160,0.396296,0.773,2.552174e+03,8.327918e-03,3.1972,3.3222,0,2,17,1167,63,73
857,1303,2160,0.396759,0.773,2.578849e+03,5.397040e-03,3.1884,3.33,0,4,139,1166,63,73
858,1302,2160,0.397222,0.772,2.604359e+03,8.202094e-03,3.2205,3.3296,0,0,173,1165,63,73
859,1301,2160,0.397685,0.773,2.606129e+03,8.695369e-03,3.2273,3.3331,0,8,42,1164,63,73
860,1300,2160,0.398148,0.773,2.637040e+03,4.683763e-03,3.2142,3.3304,0,7,27,1163,63,73
861,1299,2160,0.398611,0.771,2.659129e+03,8.830008e-03,3.2009,3.3306,0,8,23,1162,63,73
862,1298,2160,0.399074,0.771,2.669025e+03,7.496547e-03,3.1872,3.3222,0,0,23,1161,63,73
863,1297,2160,0.399537,0.772,2.634459e+03,7.607137e-03,3.2041,3.3166,0,1,42,1160,63,73
864,1296,2160,0.4,0.77,2.659063e+03,8.152016e-03,3.2255,3.3245,0,0,14,1159,63,73
865,1295,2160,0.400463,0.77,2.672818e+03,8.701854e-03,3.2065,3.3256,0,8,14,1158,63,73
866,1294,2160,0.400926,0.77,2.656915e+03,5.421835e-03,3.1856,3.3441,0,4,43,1157,63,73
867,1293,2160,0.401389,0.77,2.677871e+03,7.951987e-03,3.2067,3.3357,0,8,43,1156,63,73
868,1292,2160,0.401852,0.77,2.631806e+03,5.849491e-03,3.1998,3.3229,0,5,26,1155,63,73
869,1291,2160,0.402315,0.771,2.660622e+03,4.080735e-03,3.1978,3.3258,0,7,26,1154,63,73
870,1290,2160,0.402778,0.771,2.661595e+03,5.365049e-03,3.1924,3.2986,0,4,84,1153,63,73
871,1289,2160,0.403241,0.77,2.695163e+03,7.977333e-03,3.2116,3.3239,0,1,169,1152,63,73
872,1288,2160,0.403704,0.771,2.737308e+03,8.406646e-03,3.2132,0.9008,0,2,164,1151,63,73
873,1287,2160,0.404167,0.77,2.799781e+03,7.896012e-03,3.1948,3.3276,0,1,4,1150,63,73
874,1286,2160,0.40463,0.769,2.846694e+03,8.011090e-03,3.2055,3.3298,0,1,83,1149,63,73
875,1285,2160,0.405093,0.768,2.892520e+03,7.604407e-03,3.2104,3.3167,0,6,152,1148,63,73
876,1284,2160,0.405556,0.768,2.912758e+03,8.543887e-03,3.2061,3.3199,0,2,83,1147,63,73
877,1283,2160,0.406019,0.768,2.928340e+03,8.659699e-03,3.2239,3.3145,0,8,83,1146,63,73
878,1282,2160,0.406481,0.768,2.948080e+03,7.246514e-03,3.2219,3.3239,0,6,28,1145,63,73
879,1281,2160,0.406944,0.768,3.000864e+03,8.305067e-03,3.1959,3.322,0,2,84,1144,63,73
880,1280,2160,0.407407,0.768,3.037382e+03,7.526849e-03,3.2302,3.3221,0,1,84,1143,63,73
881,1279,2160,0.40787,0.768,3.036541e+03,7.440423e-03,3.202,3.3144,0,6,126,1142,63,73
882,1278,2160,0.408333,0.768,3.053868e+03,8.579287e-03,3.193,3.3284,0,2,193,1141,63,73
883,1277,2160,0.408796,0.768,3.101217e+03,7.755649e-03,3.1871,3.3194,0,1,126,1140,63,73
884,1276,2160,0.409259,0.768,3.113988e+03,8.959066e-03,3.1836,3.3258,0,8,167,1139,63,73
885,1275,2160,0.409722,0.767,3.141780e+03,7.845200e-03,3.1951,3.3195,0,1,193,1138,63,73
886,1274,2160,0.410185,0.768,3.152052e+03,8.455070e-03,3.1942,3.3111,0,0,189,1137,63,73
887,1273,2160,0.410648,0.767,3.166528e+03,4.861187e-03,3.239,3.3378,0,7,86,1136,63,73
888,1272,2160,0.411111,0.767,3.168662e+03,4.485881e-03,3.2227,3.3212,0,7,189,1135,63,73
889,1271,2160,0.411574,0.768,3.149029e+03,9.262595e-03,3.2162,3.3386,0,8,121,1134,63,73
890,1270,2160,0.412037,0.768,3.162292e+03,8.788695e-03,3.2757,3.3463,0,2,42,1133,63,73
891,1269,2160,0.4125,0.768,3.203521e+03,9.304393e-03,3.2075,3.3376,0,8,192,1132,63,73
892,1268,2160,0.412963,0.768,3.222979e+03,8.455457e-03,3.2112,3.3208,0,0,16,1131,63,73
893,1267,2160,0.413426,0.767,3.252813e+03,5.039297e-03,3.1903,3.3314,0,7,40,1130,63,73
894,1266,2160,0.413889,0.767,3.261772e+03,9.299196e-03,3.1976,3.3335,0,8,25,1129,63,73
895,1265,2160,0.414352,0.767,3.275501e+03,7.802142e-03,3.2196,3.329,0,6,99,1128,63,73
896,1264,2160,0.414815,0.768,3.285904e+03,8.370093e-03,3.2383,3.3172,0,1,112,1127,63,73
897,1263,2160,0.415278,0.767,3.329420e+03,8.868403e-03,3.2247,3.3227,0,0,172,1126,63,73
898,1262,2160,0.415741,0.768,3.348217e+03,8.420239e-03,3.2206,3.3077,0,1,10,1125,63,73
899,1261,2160,0.416204,0.769,3.398809e+03,7.903002e-03,3.2197,3.3169,0,6,26,1124,63,73
900,1260,2160,0.416667,0.769,3.437618e+03,7.730920e-03,3.2097,3.3261,0,6,25,1123,63,73
901,1259,2160,0.41713,0.769,3.462133e+03,5.525295e-03,3.2314,3.3246,0,4,25,1122,63,73
902,1258,2160,0.417593,0.769,3.461363e+03,8.996335e-03,3.1887,3.3161,0,2,26,1121,63,73
903,1257,2160,0.418056,0.768,3.493932e+03,8.433510e-03,3.1955,3.3331,0,1,137,1120,63,73
904,1256,2160,0.418519,0.768,3.540717e+03,9.166266e-03,3.2049,3.328,0,2,146,1119,63,73
905,1255,2160,0.418981,0.767,3.590869e+03,8.575221e-03,3.1926,3.3302,0,1,190,1118,63,73
906,1254,2160,0.419444,0.767,3.638428e+03,8.757345e-03,3.1818,3.334,0,0,0,1117,63,73
907,1253,2160,0.419907,0.768,3.655745e+03,8.998626e-03,3.2359,3.3414,0,0,157,1116,63,73
908,1252,2160,0.42037,0.768,3.662665e+03,9.378764e-03,3.2151,3.322,0,2,111,1115,63,73
909,1251,2160,0.420833,0.766,3.706592e+03,9.617946e-03,3.209,3.3243,0,8,119,1114,63,73
910,1250,2160,0.421296,0.768,3.718301e+03,7.983460e-03,3.2167,3.3318,0,6,0,1113,63,73
911,1249,2160,0.421759,0.767,3.708264e+03,5.305415e-03,3.1921,3.3114,0,7,5,1112,63,73
912,1248,2160,0.422222,0.767,3.726235e+03,5.290022e-03,3.2265,3.3442,0,7,14,1111,63,73
913,1247,2160,0.422685,0.767,3.743893e+03,9.450866e-03,3.2455,3.3319,0,2,87,1110,63,73
914,1246,2160,0.423148,0.768,3.784136e+03,6.521593e-03,3.2013,3.3352,0,5,180,1109,63,73
915,1245,2160,0.423611,0.767,3.816274e+03,9.476396e-03,3.2401,3.3409,0,2,5,1108,63,73
916,1244,2160,0.424074,0.767,3.854632e+03,9.328368e-03,3.2059,3.3292,0,2,156,1107,63,73
917,1243,2160,0.424537,0.767,3.896493e+03,6.517279e-03,3.2095,3.3264,0,5,79,1106,63,73
918,1242,2160,0.425,0.767,3.918755e+03,1.481942e-02,3.2144,3.3093,2,0,7,1106,63,72
919,1241,2160,0.425463,0.767,3.900290e+03,9.383769e-03,3.2067,3.3171,0,2,54,1105,63,72
920,1240,2160,0.425926,0.767,3.943538e+03,8.227989e-03,3.2104,3.3018,0,6,5,1104,63,72
921,1239,2160,0.426389,0.767,3.958409e+03,9.929316e-03,3.2212,3.3071,0,8,182,1103,63,72
922,1238,2160,0.426852,0.767,3.971089e+03,9.122008e-03,3.1924,3.3239,0,0,29,1102,63,72
923,1237,2160,0.427315,0.767,3.969746e+03,9.619103e-03,3.1958,3.3261,0,2,114,1101,63,72
924,1236,2160,0.427778,0.766,4.005993e+03,8.914200e-03,3.1944,3.2997,0,1,120,1100,63,72
925,1235,2160,0.428241,0.764,4.049114e+03,6.194828e-03,3.2068,3.3291,0,4,181,1099,63,72
926,1234,2160,0.428704,0.765,4.070798e+03,6.368464e-03,3.1915,3.3141,0,5,120,1098,63,72
927,1233,2160,0.429167,0.763,4.093449e+03,5.935132e-03,3.2047,3.3168,0,4,182,1097,63,72
928,1232,2160,0.42963,0.763,4.107946e+03,5.295738e-03,3.2221,3.3217,0,7,133,1096,63,72
929,1231,2160,0.430093,0.764,4.131369e+03,6.253163e-03,3.2366,3.3344,0,4,94,1095,63,72
930,1230,2160,0.430556,0.762,4.139909e+03,9.579502e-03,3.2107,3.3016,0,2,109,1094,63,72
931,1229,2160,0.431019,0.763,4.177949e+03,9.457911e-03,3.208,3.3313,0,2,53,1093,63,72
932,1228,2160,0.431481,0.762,4.213502e+03,9.538675e-03,3.2189,3.3514,0,2,180,1092,63,72
933,1227,2160,0.431944,0.763,4.259748e+03,9.488873e-03,3.2086,3.3346,0,2,158,1091,63,72
934,1226,2160,0.432407,0.762,4.304121e+03,5.289930e-03,3.2145,3.3176,0,7,112,1090,63,72
935,1225,2160,0.43287,0.763,4.330631e+03,9.609701e-03,3.1944,3.3333,0,2,133,1089,63,72
936,1224,2160,0.433333,0.766,4.350000e+03,9.854482e-03,3.1912,3.3189,0,8,89,1088,63,72
937,1223,2160,0.433796,0.766,4.357068e+03,6.113487e-03,3.1923,3.3172,0,4,17,1087,63,72
938,1222,2160,0.434259,0.764,4.376136e+03,9.662301e-03,3.1928,3.3385,0,2,77,1086,63,72
939,1221,2160,0.434722,0.765,4.399689e+03,9.827226e-03,3.1948,3.3428,0,8,117,1085,63,72
940,1220,2160,0.435185,0.77,4.400352e+03,2.547787e-02,3.199,3.3226,2,4,2,1085,63,71
941,1219,2160,0.435648,0.765,4.420139e+03,8.470404e-03,3.1933,3.3357,0,6,19,1084,63,71
942,1218,2160,0.436111,0.764,4.421559e+03,9.516697e-03,3.2009,3.3214,0,0,51,1083,63,71
943,1217,2160,0.436574,0.765,4.430976e+03,9.998443e-03,3.1988,3.3281,0,2,113,1082,63,71
944,1216,2160,0.437037,0.764,4.472104e+03,9.612108e-03,3.2191,3.324,0,0,121,1081,63,71
945,1215,2160,0.4375,0.764,4.482609e+03,1.005048e-02,3.227,3.3423,0,2,14,1080,63,71
946,1214,2160,0.437963,0.764,4.517611e+03,5.364161e-03,3.2019,3.3055,0,7,51,1079,63,71
947,1213,2160,0.438426,0.764,4.519966e+03,8.780640e-03,3.1848,3.314,0,1,113,1078,63,71
948,1212,2160,0.438889,0.764,4.511546e+03,6.683489e-03,3.1943,3.3216,0,5,19,1077,63,71
949,1211,2160,0.439352,0.765,4.531963e+03,5.651418e-03,3.197,3.3096,0,7,107,1076,63,71
950,1210,2160,0.439815,0.762,4.536399e+03,7.013684e-03,3.2296,3.3382,0,5,7,1075,63,71
951,1209,2160,0.440278,0.763,4.551679e+03,6.864586e-03,3.2035,3.3251,0,5,141,1074,63,71
952,1208,2160,0.440741,0.763,4.572264e+03,5.595275e-03,3.1955,3.3234,0,7,158,1073,63,71
953,1207,2160,0.441204,0.763,4.570149e+03,9.284576e-03,3.2444,3.3315,0,1,36,1072,63,71
954,1206,2160,0.441667,0.764,4.605256e+03,9.248570e-03,3.2106,3.3271,0,1,185,1071,63,71
955,1205,2160,0.44213,0.763,4.653319e+03,1.061717e-02,3.2009,3.3322,0,8,168,1070,63,71
956,1204,2160,0.442593,0.765,4.685530e+03,9.346959e-03,3.205,3.3246,0,1,3,1069,63,71
957,1203,2160,0.443056,0.765,4.730932e+03,5.477174e-03,3.1969,3.3287,0,7,191,1068,63,71
958,1202,2160,0.443519,0.766,4.765849e+03,1.024895e-02,3.2241,3.3434,0,2,142,1067,63,71
959,1201,2160,0.443981,0.765,4.820260e+03,2.618161e-02,3.2242,3.3301,2,7,2,1067,63,70
960,1200,2160,0.444444,0.764,4.852574e+03,8.546783e-03,3.2048,3.3301,0,6,142,1066,63,70
961,1199,2160,0.444907,0.765,4.820036e+03,8.758419e-03,3.212,3.3388,0,6,184,1065,63,70
962,1198,2160,0.44537,0.765,4.832840e+03,1.076623e-02,3.2053,3.346,0,8,2,1064,63,70
963,1197,2160,0.445833,0.764,4.846030e+03,6.701745e-03,3.1908,3.326,0,4,108,1063,63,70
964,1196,2160,0.446296,0.766,4.864882e+03,5.917240e-03,3.2069,3.3351,0,7,41,1062,63,70
965,1195,2160,0.446759,0.764,4.873643e+03,1.111736e-02,3.2095,3.345,0,8,6,1061,63,70
966,1194,2160,0.447222,0.763,4.887551e+03,6.813674e-03,3.2147,3.3427,0,4,135,1060,63,70
967,1193,2160,0.447685,0.762,4.901100e+03,7.194772e-03,3.2317,3.3471,0,5,64,1059,63,70
968,1192,2160,0.448148,0.762,4.908245e+03,8.784256e-03,3.2019,3.3277,0,6,119,1058,63,70
969,1191,2160,0.448611,0.765,4.916284e+03,1.032151e-02,3.2152,3.3419,0,0,137,1057,63,70
970,1190,2160,0.449074,0.768,4.915411e+03,1.064442e-02,3.2114,3.346,0,2,1,1056,63,70
971,1189,2160,0.449537,0.768,4.967215e+03,1.035873e-02,3.2436,3.3312,0,0,68,1055,63,70
972,1188,2160,0.45,0.769,4.974530e+03,5.858523e-03,3.2067,3.3178,0,7,179,1054,63,70
973,1187,2160,0.450463,0.766,5.009947e+03,1.078914e-02,3.1927,3.321,0,2,86,1053,63,70
974,1186,2160,0.450926,0.764,5.060557e+03,9.903510e-03,3.2038,3.3046,0,1,46,1052,63,70
975,1185,2160,0.451389,0.765,5.122841e+03,1.001699e-02,3.2386,3.3529,0,0,132,1051,63,70
976,1184,2160,0.451852,0.764,5.134207e+03,1.015547e-02,3.2234,3.3346,0,0,181,1050,63,70
977,1183,2160,0.452315,0.764,5.142928e+03,1.138477e-02,3.2171,3.3424,0,8,48,1049,63,70
978,1182,2160,0.452778,0.763,5.161603e+03,1.019249e-02,3.2578,3.3506,0,0,149,1048,63,70
979,1181,2160,0.453241,0.764,5.149659e+03,1.137133e-02,3.199,3.3317,0,8,113,1047,63,70
980,1180,2160,0.453704,0.765,5.151719e+03,1.158469e-02,3.2338,3.3314,0,8,157,1046,63,70
981,1179,2160,0.454167,0.763,5.162397e+03,7.129695e-03,3.1989,3.3312,0,4,184,1045,63,70
982,1178,2160,0.45463,0.762,5.157755e+03,9.760819e-03,3.1945,3.3329,0,1,184,1044,63,70
983,1177,2160,0.455093,0.763,5.160921e+03,1.028476e-02,3.2355,3.3386,0,0,142,1043,63,70
984,1176,2160,0.455556,0.764,5.149184e+03,7.321549e-03,3.2128,3.3223,0,5,3,1042,63,70
985,1175,2160,0.456019,0.764,5.161891e+03,9.818089e-03,3.2484,3.3353,0,1,132,1041,63,70
986,1174,2160,0.456481,0.764,5.183296e+03,1.011318e-02,3.2134,3.3135,0,1,127,1040,63,70
987,1173,2160,0.456944,0.764,5.237339e+03,7.256349e-03,3.2211,3.321,0,5,195,1039,63,70
988,1172,2160,0.457407,0.764,5.272141e+03,7.097130e-03,3.2006,3.3248,0,5,72,1038,63,70
989,1171,2160,0.45787,0.765,5.294252e+03,1.149859e-02,3.2794,3.3521,0,8,146,1037,63,70
990,1170,2160,0.458333,0.765,5.309497e+03,5.854758e-03,3.2169,3.349,0,7,195,1036,63,70
991,1169,2160,0.458796,0.764,5.319576e+03,1.131495e-02,3.2496,3.3389,0,8,61,1035,63,70
992,1168,2160,0.459259,0.766,5.373186e+03,9.857485e-03,3.2149,3.3247,0,1,149,1034,63,70
993,1167,2160,0.459722,0.767,5.409617e+03,9.935486e-03,3.2207,3.3258,0,1,181,1033,63,70
994,1166,2160,0.460185,0.767,5.449149e+03,8.216979e-03,3.2661,3.3537,0,6,181,1032,63,70
995,1165,2160,0.460648,0.768,5.397833e+03,1.019036e-02,3.2224,3.3365,0,0,170,1031,63,70
996,1164,2160,0.461111,0.768,5.415813e+03,1.128336e-02,3.2331,3.3158,0,8,195,1030,63,70
997,1163,2160,0.461574,0.768,5.367406e+03,1.006049e-02,3.2324,3.3377,0,0,81,1029,63,70
998,1162,2160,0.462037,0.767,5.361959e+03,1.040046e-02,3.2191,3.3156,0,0,175,1028,63,70
999,1161,2160,0.4625,0.767,5.359951e+03,6.307085e-03,3.2272,3.3404,0,7,146,1027,63,70
1000,1160,2160,0.462963,0.767,5.353912e+03,9.118160e-03,3.2161,3.3403,0,6,57,1026,63,70
1001,1159,2160,0.463426,0.766,5.367754e+03,6.664022e-03,3.2147,3.34,0,4,195,1025,63,70
1002,1158,2160,0.463889,0.768,5.391619e+03,9.972574e-03,3.23,3.3485,0,0,28,1024,63,70
1003,1157,2160,0.464352,0.767,5.462314e+03,1.040733e-02,3.2066,3.3276,0,0,71,1023,63,70
1004,1156,2160,0.464815,0.766,5.489620e+03,1.092742e-02,3.2058,3.3231,0,2,43,1022,63,70
1005,1155,2160,0.465278,0.764,5.555898e+03,1.084518e-02,3.2238,3.3502,0,2,57,1021,63,70
1006,1154,2160,0.465741,0.764,5.595362e+03,1.149732e-02,3.2285,3.3458,0,8,8,1020,63,70
1007,1153,2160,0.466204,0.764,5.631813e+03,5.545734e-03,3.2121,3.3282,0,4,8,1019,63,70
1008,1152,2160,0.466667,0.765,5.558743e+03,8.617348e-03,3.2104,3.3321,0,6,195,1018,63,70
1009,1151,2160,0.46713,0.764,5.613275e+03,1.162627e-02,3.2133,3.3296,0,8,19,1017,63,70
1010,1150,2160,0.467593,0.765,5.644672e+03,9.089462e-03,3.1982,3.3077,0,6,1,1016,63,70
1011,1149,2160,0.468056,0.764,5.665539e+03,5.124946e-03,3.2278,3.3196,0,7,1,1015,63,70
1012,1148,2160,0.468519,0.764,5.662343e+03,1.098379e-02,3.2092,3.3242,0,2,178,1014,63,70
1013,1147,2160,0.468981,0.763,5.742100e+03,3.642151e-02,3.2132,3.3281,2,1,6,1014,63,69
1014,1146,2160,0.469444,0.764,5.991888e+03,6.276136e-03,3.2236,3.3251,0,7,17,1013,63,69
1015,1145,2160,0.469907,0.765,5.993435e+03,1.021224e-02,3.2063,3.3234,0,1,81,1012,63,69
1016,1144,2160,0.47037,0.766,6.025669e+03,1.023760e-02,3.2395,3.3419,0,1,139,1011,63,69
1017,1143,2160,0.470833,0.766,6.090666e+03,1.015628e-02,3.2143,3.3314,0,1,69,1010,63,69
1018,1142,2160,0.471296,0.766,6.145815e+03,1.023614e-02,3.2094,3.3258,0,1,135,1009,63,69
1019,1141,2160,0.471759,0.766,6.199981e+03,9.155815e-03,3.2237,3.3096,0,6,109,1008,63,69
1020,1140,2160,0.472222,0.766,6.215180e+03,1.040615e-02,3.2133,3.3327,0,0,34,1007,63,69
1021,1139,2160,0.472685,0.766,6.222764e+03,1.134128e-02,3.2215,3.3342,0,2,6,1006,63,69
1022,1138,2160,0.473148,0.765,6.289855e+03,1.134495e-02,3.2094,3.3475,0,2,157,1005,63,69
1023,1137,2160,0.473611,0.765,6.366988e+03,1.092873e-02,3.2178,3.2992,0,0,31,1004,63,69
1024,1136,2160,0.474074,0.765,6.386749e+03,1.237010e-02,3.2355,3.3258,0,8,151,1003,63,69
1025,1135,2160,0.474537,0.767,6.411147e+03,1.177825e-02,3.2379,3.3298,0,2,41,1002,63,69
1026,1134,2160,0.475,0.765,6.458600e+03,1.056553e-02,3.249,3.3132,0,1,6,1001,63,69
1027,1133,2160,0.475463,0.766,6.480782e+03,1.061187e-02,3.2358,3.3251,0,1,136,1000,63,69
1028,1132,2160,0.475926,0.766,6.539291e+03,1.233878e-02,3.2447,3.3348,0,8,32,999,63,69
1029,1131,2160,0.476389,0.766,6.597724e+03,6.357995e-03,3.2006,3.3375,0,7,160,998,63,69
1030,1130,2160,0.476852,0.765,6.619128e+03,7.488792e-03,3.2257,3.3435,0,4,41,997,63,69
1031,1129,2160,0.477315,0.765,6.609137e+03,6.560271e-03,3.2182,3.3332,0,7,61,996,63,69
1032,1128,2160,0.477778,0.763,6.621938e+03,7.803442e-03,3.2266,3.3274,0,5,29,995,63,69
1033,1127,2160,0.478241,0.764,6.633797e+03,7.552944e-03,3.2372,3.323,0,5,9,994,63,69
1034,1126,2160,0.478704,0.764,6.682117e+03,9.596832e-03,3.2177,3.3157,0,6,167,993,63,69
1035,1125,2160,0.479167,0.767,6.711552e+03,1.065730e-02,3.2249,3.3301,0,1,175,992,63,69
1036,1124,2160,0.47963,0.764,6.761247e+03,1.185284e-02,3.2106,3.3156,0,2,144,991,63,69
1037,1123,2160,0.480093,0.764,6.831941e+03,1.097913e-02,3.2188,3.3124,0,1,21,990,63,69
1038,1122,2160,0.480556,0.77,6.903575e+03,1.254426e-02,3.2246,3.3337,0,8,96,989,63,69
1039,1121,2160,0.481019,0.768,6.920802e+03,7.473224e-03,3.2291,3.3046,0,4,111,988,63,69
1040,1120,2160,0.481481,0.77,6.974389e+03,9.837038e-03,3.2387,3.3462,0,6,22,987,63,69
1041,1119,2160,0.481944,0.769,7.001248e+03,7.629232e-03,3.2389,3.3298,0,5,111,986,63,69
1042,1118,2160,0.482407,0.769,7.020971e+03,1.082377e-02,3.215,3.3293,0,1,41,985,63,69
1043,1117,2160,0.48287,0.769,7.062669e+03,9.590786e-03,3.2179,3.3363,0,6,17,984,63,69
1044,1116,2160,0.483333,0.768,7.105902e+03,1.059843e-02,3.2099,3.3378,0,1,17,983,63,69
1045,1115,2160,0.483796,0.766,7.115842e+03,1.185155e-02,3.2131,3.3254,0,2,9,982,63,69
1046,1114,2160,0.484259,0.766,7.187976e+03,9.715262e-03,3.2039,3.3376,0,6,16,981,63,69
1047,1113,2160,0.484722,0.765,7.239023e+03,7.482069e-03,3.2076,3.3173,0,4,183,980,63,69
1048,1112,2160,0.485185,0.765,7.291449e+03,1.128757e-02,3.2449,3.3276,0,0,136,979,63,69
1049,1111,2160,0.485648,0.765,7.291009e+03,1.111708e-02,3.2264,3.3134,0,0,26,978,63,69
1050,1110,2160,0.486111,0.765,7.373363e+03,1.200103e-02,3.2067,3.3185,0,2,165,977,63,69
1051,1109,2160,0.486574,0.765,7.454110e+03,1.131366e-02,3.2487,3.3329,0,0,155,976,63,69
1052,1108,2160,0.487037,0.764,7.508062e+03,6.537181e-03,3.2197,3.3163,0,7,105,975,63,69
1053,1107,2160,0.4875,0.765,7.500189e+03,7.575210e-03,3.2205,3.3352,0,4,136,974,63,69
1054,1106,2160,0.487963,0.764,7.509988e+03,1.268432e-02,3.2424,3.3375,0,8,68,973,63,69
1055,1105,2160,0.488426,0.764,7.559805e+03,6.466064e-03,3.226,3.3081,0,7,98,972,63,69
1056,1104,2160,0.488889,0.764,7.618683e+03,9.767760e-03,3.2221,3.3329,0,6,41,971,63,69
1057,1103,2160,0.489352,0.765,7.667357e+03,1.286078e-02,3.2145,3.3372,0,8,62,970,63,69
1058,1102,2160,0.489815,0.765,7.692034e+03,1.141621e-02,3.2023,3.3229,0,0,186,969,63,69
1059,1101,2160,0.490278,0.765,7.687825e+03,1.098733e-02,3.2152,3.3363,0,0,105,968,63,69
1060,1100,2160,0.490741,0.766,7.687270e+03,1.234899e-02,3.236,3.3341,0,2,24,967,63,69
1061,1099,2160,0.491204,0.765,7.766497e+03,1.125553e-02,3.2373,3.3309,0,1,183,966,63,69
1062,1098,2160,0.491667,0.766,7.828332e+03,1.317441e-02,3.2009,3.3295,0,8,165,965,63,69
1063,1097,2160,0.49213,0.767,7.820956e+03,1.156855e-02,3.2006,3.3409,0,0,109,964,63,69
1064,1096,2160,0.492593,0.765,7.812209e+03,1.263372e-02,3.2512,3.3421,0,2,72,963,63,69
1065,1095,2160,0.493056,0.765,7.877139e+03,4.089090e-03,3.2286,3.3467,2,0,8,963,63,68
1066,1094,2160,0.493519,0.766,7.832215e+03,6.767826e-03,3.2065,3.3363,0,7,57,962,63,68
1067,1093,2160,0.493981,0.765,7.896734e+03,9.876990e-03,3.2089,3.3476,0,6,92,961,63,68
1068,1092,2160,0.494444,0.766,7.917957e+03,9.926586e-03,3.2188,3.3288,0,6,96,960,63,68
1069,1091,2160,0.494907,0.766,7.921429e+03,1.322536e-02,3.2232,3.3282,0,8,9,959,63,68
1070,1090,2160,0.49537,0.766,7.923959e+03,7.608353e-03,3.2039,3.314,0,4,96,958,63,68
1071,1089,2160,0.495833,0.768,7.966803e+03,1.172798e-02,3.2353,3.3217,0,0,44,957,63,68
1072,1088,2160,0.496296,0.768,7.992052e+03,1.324448e-02,3.2049,3.3278,0,8,87,956,63,68
1073,1087,2160,0.496759,0.768,7.996828e+03,1.342864e-02,3.2544,3.3126,0,8,187,955,63,68
1074,1086,2160,0.497222,0.768,7.998814e+03,1.376002e-02,3.2259,3.3248,0,8,58,954,63,68
1075,1085,2160,0.497685,0.767,8.002104e+03,6.770683e-03,3.2316,3.3343,0,7,58,953,63,68
1076,1084,2160,0.498148,0.767,7.918964e+03,1.246190e-02,3.1949,3.3257,0,2,35,952,63,68
1077,1083,2160,0.498611,0.766,7.990848e+03,1.112990e-02,3.2152,3.3123,0,0,96,951,63,68
1078,1082,2160,0.499074,0.765,7.957735e+03,1.168444e-02,3.2041,3.3073,0,0,60,950,63,68
1079,1081,2160,0.499537,0.764,7.969622e+03,8.008837e-03,3.2436,3.3323,0,5,153,949,63,68
1080,1080,2160,0.5,0.764,8.033575e+03,6.905412e-03,3.2135,3.3411,0,7,39,948,63,68
1081,1079,2160,0.500463,0.765,8.047681e+03,7.630880e-03,3.2087,3.3451,0,4,9,947,63,68
1082,1078,2160,0.500926,0.763,8.128834e+03,1.172248e-02,3.2405,3.3474,0,0,192,946,63,68
1083,1077,2160,0.501389,0.764,8.173748e+03,3.214303e-02,3.204,3.333,2,9,2,946,63,67
1084,1076,2160,0.501852,0.769,8.262394e+03,8.059539e-03,3.2415,3.3281,0,5,99,945,63,67
1085,1075,2160,0.502315,0.766,8.284848e+03,6.246777e-03,3.2227,3.3206,0,7,99,944,63,67
1086,1074,2160,0.502778,0.767,8.268241e+03,1.245899e-02,3.2342,3.3177,0,2,19,943,63,67
1087,1073,2160,0.503241,0.765,8.364112e+03,1.358425e-02,3.2224,3.3278,0,8,155,942,63,67
1088,1072,2160,0.503704,0.765,8.471000e+03,1.257268e-02,3.2166,3.3046,0,2,52,941,63,67
1089,1071,2160,0.504167,0.765,8.561608e+03,7.089670e-03,3.2255,3.3322,0,7,66,940,63,67
1090,1070,2160,0.50463,0.765,8.609236e+03,1.241365e-02,3.2322,3.3359,0,2,155,939,63,67
1091,1069,2160,0.505093,0.766,8.618419e+03,7.856718e-03,3.2254,3.3274,0,4,16,938,63,67
1092,1068,2160,0.505556,0.766,8.701852e+03,1.007965e-02,3.2181,3.3349,0,6,177,937,63,67
1093,1067,2160,0.506019,0.765,8.744815e+03,1.280958e-02,3.2443,3.3442,0,2,51,936,63,67
1094,1066,2160,0.506481,0.766,8.825089e+03,1.407914e-02,3.2578,3.3231,0,8,31,935,63,67
1095,1065,2160,0.506944,0.765,8.868187e+03,1.175369e-02,3.2229,3.3486,0,1,130,934,63,67
1096,1064,2160,0.507407,0.766,8.913982e+03,1.391791e-02,3.2269,3.3245,0,8,90,933,63,67
1097,1063,2160,0.50787,0.766,8.916713e+03,1.220399e-02,3.2148,3.3075,0,0,100,932,63,67
1098,1062,2160,0.508333,0.766,8.906918e+03,7.323468e-03,3.2134,3.3392,0,7,186,931,63,67
1099,1061,2160,0.508796,0.767,8.933534e+03,1.465136e-02,3.2235,3.3231,0,8,63,930,63,67
1100,1060,2160,0.509259,0.763,8.942880e+03,8.644614e-03,3.2085,3.3265,0,5,38,929,63,67
1101,1059,2160,0.509722,0.765,8.958490e+03,1.444055e-02,3.2493,3.328,0,8,82,928,63,67
1102,1058,2160,0.510185,0.765,8.976482e+03,1.244330e-02,3.209,3.3445,0,1,171,927,63,67
1103,1057,2160,0.510648,0.765,9.024584e+03,7.967733e-03,3.2337,0.7483,0,5,125,926,63,67
1104,1056,2160,0.511111,0.765,9.146279e+03,8.540483e-03,3.2123,3.3243,0,5,27,925,63,67
1105,1055,2160,0.511574,0.765,9.171181e+03,8.380294e-03,3.252,3.3321,0,4,11,924,63,67
1106,1054,2160,0.512037,0.765,9.235967e+03,1.233138e-02,3.2013,3.3302,0,0,88,923,63,67
1107,1053,2160,0.5125,0.767,9.247170e+03,1.235386e-02,3.2375,3.3145,0,1,86,922,63,67
1108,1052,2160,0.512963,0.765,9.309043e+03,1.452577e-02,3.2192,3.3389,0,8,177,921,63,67
1109,1051,2160,0.513426,0.767,9.334667e+03,8.393380e-03,3.1959,3.3331,0,4,185,920,63,67
1110,1050,2160,0.513889,0.765,9.412114e+03,1.200106e-02,3.2415,3.325,0,0,177,919,63,67
1111,1049,2160,0.514352,0.762,9.391743e+03,8.423242e-03,3.223,3.3163,0,5,82,918,63,67
1112,1048,2160,0.514815,0.762,9.437218e+03,8.371749e-03,3.195,3.344,0,5,185,917,63,67
1113,1047,2160,0.515278,0.763,9.473132e+03,1.222682e-02,3.2352,3.339,0,1,18,916,63,67
1114,1046,2160,0.515741,0.763,9.555624e+03,7.092724e-03,3.2214,3.3244,1,8,0,916,62,67
1115,1045,2160,0.516204,0.763,9.520934e+03,8.480012e-03,3.2404,3.3303,0,4,142,915,62,67
1116,1044,2160,0.516667,0.765,9.581555e+03,8.822724e-03,3.2576,3.3328,0,5,12,914,62,67
1117,1043,2160,0.51713,0.763,9.611256e+03,5.219879e-03,3.2296,3.3169,1,1,6,914,61,67
1118,1042,2160,0.517593,0.765,9.549414e+03,7.582775e-03,3.2303,3.3391,0,7,52,913,61,67
1119,1041,2160,0.518056,0.765,9.582241e+03,1.265883e-02,3.2095,3.3439,0,1,77,912,61,67
1120,1040,2160,0.518519,0.765,9.662058e+03,1.209638e-02,3.2268,3.3393,0,1,12,911,61,67
1121,1039,2160,0.518981,0.764,9.719998e+03,8.666041e-03,3.2163,3.3441,0,5,40,910,61,67
1122,1038,2160,0.519444,0.761,9.770165e+03,8.610927e-03,3.2044,3.3321,0,4,126,909,61,67
1123,1037,2160,0.519907,0.762,9.840133e+03,1.077598e-02,3.2331,3.335,0,6,141,908,61,67
1124,1036,2160,0.52037,0.761,9.880858e+03,1.063475e-02,3.2357,3.3393,0,6,74,907,61,67
1125,1035,2160,0.520833,0.76,9.904625e+03,1.251832e-02,3.2065,3.3501,0,1,37,906,61,67
1126,1034,2160,0.521296,0.76,9.986264e+03,1.278171e-02,3.2257,3.3459,0,1,123,905,61,67
1127,1033,2160,0.521759,0.76,1.009276e+04,8.751204e-03,3.2188,3.3243,0,4,45,904,61,67
1128,1032,2160,0.522222,0.759,1.016920e+04,1.079342e-02,3.2226,3.3302,0,6,79,903,61,67
1129,1031,2160,0.522685,0.761,1.019659e+04,1.280607e-02,3.2162,3.3205,0,1,96,902,61,67
1130,1030,2160,0.523148,0.761,1.029356e+04,1.292818e-02,3.2402,3.3237,0,0,159,901,61,67
1131,1029,2160,0.523611,0.763,1.032120e+04,1.376111e-02,3.2446,3.3178,0,2,12,900,61,67
1132,1028,2160,0.524074,0.761,1.038700e+04,7.074275e-03,3.2105,3.325,0,7,12,899,61,67
1133,1027,2160,0.524537,0.762,1.039948e+04,1.510146e-02,3.1988,3.3328,0,8,129,898,61,67
1134,1026,2160,0.525,0.76,1.047100e+04,8.824010e-03,3.2335,3.3263,0,5,154,897,61,67
1135,1025,2160,0.525463,0.76,1.056118e+04,1.279246e-02,3.2189,3.3476,0,1,154,896,61,67
1136,1024,2160,0.525926,0.758,1.059484e+04,1.396003e-02,3.2382,3.3409,0,2,46,895,61,67
1137,1023,2160,0.526389,0.759,1.072853e+04,1.294372e-02,3.2306,3.3277,0,0,3,894,61,67
1138,1022,2160,0.526852,0.76,1.079294e+04,1.300334e-02,3.2048,3.3478,0,1,182,893,61,67
1139,1021,2160,0.527315,0.759,1.090681e+04,1.069108e-02,3.2405,3.3457,0,6,140,892,61,67
1140,1020,2160,0.527778,0.759,1.103762e+04,1.318128e-02,3.2326,3.3366,0,1,188,891,61,67
1141,1019,2160,0.528241,0.761,1.115073e+04,1.554888e-02,3.2218,3.3352,0,8,141,890,61,67
1142,1018,2160,0.528704,0.761,1.120886e+04,1.433777e-02,3.2465,3.3344,0,2,20,889,61,67
1143,1017,2160,0.529167,0.759,1.131407e+04,9.133844e-03,3.2217,3.3349,0,4,161,888,61,67
1144,1016,2160,0.52963,0.759,1.138308e+04,1.335885e-02,3.2163,3.3174,0,0,171,887,61,67
1145,1015,2160,0.530093,0.76,1.139046e+04,8.990305e-03,3.1993,3.3213,0,4,141,886,61,67
1146,1014,2160,0.530556,0.759,1.140671e+04,1.315340e-02,3.2268,3.331,0,1,151,885,61,67
1147,1013,2160,0.531019,0.758,1.149177e+04,8.969473e-03,3.2417,3.3315,0,5,14,884,61,67
1148,1012,2160,0.531481,0.757,1.156461e+04,1.336726e-02,3.2389,3.3572,0,1,159,883,61,67
1149,1011,2160,0.531944,0.752,1.164493e+04,1.084694e-02,3.2275,3.3442,0,6,42,882,61,67
1150,1010,2160,0.532407,0.755,1.169785e+04,8.293384e-03,3.2217,3.3364,0,7,67,881,61,67
1151,1009,2160,0.53287,0.754,1.170289e+04,1.463300e-02,3.2027,3.3183,0,2,112,880,61,67
1152,1008,2160,0.533333,0.754,1.181673e+04,1.270033e-02,3.2296,3.3278,0,0,91,879,61,67
1153,1007,2160,0.533796,0.755,1.185656e+04,1.337862e-02,3.207,3.3344,0,0,67,878,61,67
1154,1006,2160,0.534259,0.756,1.184381e+04,1.140970e-02,3.2321,3.3189,0,6,71,877,61,67
1155,1005,2160,0.534722,0.757,1.187315e+04,1.462344e-02,3.2282,3.3259,0,2,108,876,61,67
1156,1004,2160,0.535185,0.755,1.197424e+04,8.835512e-03,3.2466,3.3591,0,5,15,875,61,67
1157,1003,2160,0.535648,0.754,1.210903e+04,1.545690e-02,3.2118,3.3354,0,8,115,874,61,67
1158,1002,2160,0.536111,0.755,1.216834e+04,9.287676e-03,3.2437,3.322,0,4,105,873,61,67
1159,1001,2160,0.536574,0.756,1.219351e+04,1.483291e-02,3.2297,3.3102,0,2,70,872,61,67
1160,1000,2160,0.537037,0.756,1.229861e+04,1.326244e-02,3.22,3.3184,0,0,79,871,61,67
1161,999,2160,0.5375,0.755,1.229123e+04,1.580840e-02,3.2157,3.3335,0,8,18,870,61,67
1162,998,2160,0.537963,0.755,1.234830e+04,1.364166e-02,3.2593,3.3253,0,1,56,869,61,67
1163,997,2160,0.538426,0.753,1.245279e+04,1.454434e-02,3.2367,3.323,0,2,105,868,61,67
1164,996,2160,0.538889,0.753,1.249868e+04,8.214341e-03,3.2097,3.3187,0,7,7,867,61,67
1165,995,2160,0.539352,0.752,1.253599e+04,9.656735e-03,3.2406,3.335,0,4,69,866,61,67
1166,994,2160,0.539815,0.751,1.262284e+04,1.379780e-02,3.2178,3.3443,0,0,64,865,61,67
1167,993,2160,0.540278,0.751,1.264301e+04,1.109919e-02,3.244,3.3258,0,6,69,864,61,67
1168,992,2160,0.540741,0.753,1.262929e+04,8.222168e-03,3.2269,3.3411,0,7,190,863,61,67
1169,991,2160,0.541204,0.752,1.270686e+04,9.488680e-03,3.2272,3.3308,0,4,62,862,61,67
1170,990,2160,0.541667,0.747,1.279646e+04,1.343059e-02,3.2294,3.3394,0,0,42,861,61,67
1171,989,2160,0.54213,0.748,1.291225e+04,1.601745e-02,3.229,3.3415,0,8,180,860,61,67
1172,988,2160,0.542593,0.748,1.305990e+04,1.370180e-02,3.2349,3.31,0,0,94,859,61,67
1173,987,2160,0.543056,0.746,1.310850e+04,9.391399e-03,3.2593,3.3398,0,5,148,858,61,67
1174,986,2160,0.543519,0.745,1.317884e+04,1.439142e-02,3.2278,3.3375,0,1,143,857,61,67
1175,985,2160,0.543981,0.746,1.330825e+04,9.505904e-03,3.2296,3.3423,0,5,0,856,61,67
1176,984,2160,0.544444,0.745,1.339232e+04,1.509969e-02,3.2267,3.329,0,2,95,855,61,67
1177,983,2160,0.544907,0.744,1.352284e+04,2.196840e-02,3.2404,3.3198,1,7,0,855,60,67
1178,982,2160,0.54537,0.745,1.350109e+04,2.528460e-02,3.1981,3.339,2,1,7,855,60,66
1179,981,2160,0.545833,0.745,1.348391e+04,5.451296e-02,3.2294,3.3291,1,7,1,855,59,66
1180,980,2160,0.546296,0.753,1.365492e+04,1.567673e-02,3.2379,3.3049,0,2,58,854,59,66
1181,979,2160,0.546759,0.751,1.373808e+04,8.714697e-03,3.2473,3.3073,0,7,103,853,59,66
1182,978,2160,0.547222,0.751,1.373392e+04,9.398461e-03,3.2255,3.318,0,5,58,852,59,66
1183,977,2160,0.547685,0.751,1.374412e+04,1.166834e-02,3.2579,3.3142,0,6,75,851,59,66
1184,976,2160,0.548148,0.751,1.374516e+04,1.507386e-02,3.2492,3.3293,0,2,28,850,59,66
1185,975,2160,0.548611,0.751,1.389880e+04,1.189557e-02,3.2457,3.3232,0,6,176,849,59,66
1186,974,2160,0.549074,0.752,1.393465e+04,1.536483e-02,3.2184,3.3128,0,2,64,848,59,66
1187,973,2160,0.549537,0.753,1.407081e+04,1.694931e-02,3.2525,3.3402,0,8,193,847,59,66
1188,972,2160,0.55,0.752,1.413757e+04,8.678057e-03,3.2012,3.316,0,4,193,846,59,66
1189,971,2160,0.550463,0.751,1.403023e+04,9.627347e-03,3.2536,3.3342,0,5,95,845,59,66
1190,970,2160,0.550926,0.75,1.406714e+04,1.409235e-02,3.2217,3.3405,0,1,73,844,59,66
1191,969,2160,0.551389,0.746,1.419306e+04,1.382221e-02,3.2115,3.3318,0,0,97,843,59,66
1192,968,2160,0.551852,0.75,1.435633e+04,1.555406e-02,3.2279,3.3422,0,2,143,842,59,66
1193,967,2160,0.552315,0.75,1.448255e+04,1.194971e-02,3.2274,3.3357,0,6,31,841,59,66
1194,966,2160,0.552778,0.75,1.450066e+04,9.707765e-03,3.2363,3.3471,0,5,70,840,59,66
1195,965,2160,0.553241,0.749,1.452346e+04,1.547189e-02,3.2261,3.3298,0,2,186,839,59,66
1196,964,2160,0.553704,0.747,1.466158e+04,1.486143e-02,3.2439,3.3242,0,1,166,838,59,66
1197,963,2160,0.554167,0.748,1.480563e+04,1.732590e-02,3.2435,3.3398,0,8,132,837,59,66
1198,962,2160,0.55463,0.749,1.489313e+04,1.027019e-02,3.2219,3.3322,0,5,83,836,59,66
1199,961,2160,0.555093,0.748,1.496529e+04,1.646200e-02,3.2402,3.3308,0,2,192,835,59,66
1200,960,2160,0.555556,0.75,1.511777e+04,1.535023e-02,3.2281,3.3268,0,1,11,834,59,66
1201,959,2160,0.556019,0.752,1.527252e+04,1.039111e-02,3.1897,3.3446,0,4,13,833,59,66
1202,958,2160,0.556481,0.75,1.542754e+04,1.691252e-02,3.2323,3.3264,1,7,4,833,58,66
1203,957,2160,0.556944,0.75,1.538096e+04,1.051715e-02,3.2334,3.3421,0,4,118,832,58,66
1204,956,2160,0.557407,0.75,1.548447e+04,1.821474e-02,3.2578,3.3429,0,8,38,831,58,66
1205,955,2160,0.55787,0.75,1.557500e+04,1.535114e-02,3.227,3.3342,0,0,33,830,58,66
1206,954,2160,0.558333,0.749,1.558422e+04,1.503529e-02,3.2224,3.321,0,0,2,829,58,66
1207,953,2160,0.558796,0.747,1.561624e+04,1.666560e-02,3.2557,3.3187,0,2,38,828,58,66
1208,952,2160,0.559259,0.748,1.561225e+04,1.836769e-02,3.2358,3.3286,0,8,176,827,58,66
1209,951,2160,0.559722,0.748,1.565865e+04,8.581606e-03,3.2259,3.3315,0,4,176,826,58,66
1210,950,2160,0.560185,0.749,1.550983e+04,1.246734e-02,3.2397,3.3377,0,6,166,825,58,66
1211,949,2160,0.560648,0.747,1.559608e+04,1.043036e-02,3.2475,3.3413,0,5,147,824,58,66
1212,948,2160,0.561111,0.747,1.564319e+04,1.591925e-02,3.261,3.3182,0,1,55,823,58,66
1213,947,2160,0.561574,0.748,1.583231e+04,1.662777e-02,3.2376,3.3292,0,2,23,822,58,66
1214,946,2160,0.562037,0.748,1.602166e+04,1.556443e-02,3.2137,3.3213,0,1,191,821,58,66
1215,945,2160,0.5625,0.749,1.618359e+04,1.593701e-02,3.2335,3.3378,0,1,170,820,58,66
1216,944,2160,0.562963,0.748,1.635389e+04,1.678797e-02,3.2568,3.337,0,2,191,819,58,66
1217,943,2160,0.563426,0.748,1.643188e+04,1.682126e-02,3.2291,3.3313,0,2,162,818,58,66
1218,942,2160,0.563889,0.748,1.658745e+04,1.148743e-02,3.2334,3.3119,0,6,191,817,58,66
1219,941,2160,0.564352,0.749,1.653502e+04,1.065995e-02,3.1964,3.3336,0,4,119,816,58,66
1220,940,2160,0.564815,0.749,1.662838e+04,1.093950e-02,3.2355,3.3297,0,4,143,815,58,66
1221,939,2160,0.565278,0.749,1.667821e+04,1.809217e-02,3.2501,3.3279,0,8,130,814,58,66
1222,938,2160,0.565741,0.748,1.670149e+04,1.634809e-02,3.243,3.3171,0,2,130,813,58,66
1223,937,2160,0.566204,0.749,1.664890e+04,1.102563e-02,3.2364,3.3305,0,4,47,812,58,66
1224,936,2160,0.566667,0.751,1.673567e+04,1.900861e-02,3.2275,3.3333,0,8,144,811,58,66
1225,935,2160,0.56713,0.751,1.679398e+04,1.042882e-02,3.2225,3.3234,0,5,168,810,58,66
1226,934,2160,0.567593,0.752,1.690896e+04,1.017893e-02,3.2124,3.3226,0,5,69,809,58,66
1227,933,2160,0.568056,0.751,1.708828e+04,1.744288e-02,3.2342,3.3407,0,2,45,808,58,66
1228,932,2160,0.568519,0.75,1.727724e+04,9.445452e-03,3.2448,3.3525,0,7,55,807,58,66
1229,931,2160,0.568981,0.749,1.744682e+04,1.595618e-02,3.2336,3.3321,0,1,9,806,58,66
1230,930,2160,0.569444,0.749,1.763429e+04,1.063204e-02,3.2375,3.3439,0,5,60,805,58,66
1231,929,2160,0.569907,0.75,1.773783e+04,1.090704e-02,3.2421,3.3315,0,5,115,804,58,66
1232,928,2160,0.57037,0.749,1.776062e+04,1.646793e-02,3.2433,3.3336,0,1,152,803,58,66
1233,927,2160,0.570833,0.748,1.792636e+04,1.599878e-02,3.2222,3.3504,0,1,7,802,58,66
1234,926,2160,0.571296,0.75,1.808633e+04,1.769507e-02,3.2127,3.3427,0,2,36,801,58,66
1235,925,2160,0.571759,0.754,1.827861e+04,1.883956e-02,3.2142,3.3369,0,8,1,800,58,66
1236,924,2160,0.572222,0.754,1.849658e+04,1.796016e-02,3.2347,3.3409,0,2,110,799,58,66
1237,923,2160,0.572685,0.752,1.869372e+04,1.603428e-02,3.2541,3.3324,0,0,35,798,58,66
1238,922,2160,0.573148,0.75,1.875410e+04,1.130622e-02,3.2525,3.3148,0,4,73,797,58,66
1239,921,2160,0.573611,0.751,1.886814e+04,1.087661e-02,3.2324,3.2938,0,5,133,796,58,66
1240,920,2160,0.574074,0.753,1.896357e+04,1.681643e-02,3.2327,3.3517,0,1,138,795,58,66
1241,919,2160,0.574537,0.755,1.906305e+04,1.675789e-02,3.2954,3.3357,0,1,99,794,58,66
1242,918,2160,0.575,0.752,1.924937e+04,1.172926e-02,3.2293,3.3318,0,4,74,793,58,66
1243,917,2160,0.575463,0.752,1.940580e+04,1.371493e-02,3.2325,3.3006,0,6,20,792,58,66
1244,916,2160,0.575926,0.752,1.941752e+04,1.629948e-02,3.2194,3.3488,0,0,66,791,58,66
1245,915,2160,0.576389,0.753,1.958760e+04,1.107312e-02,3.2095,3.328,0,5,110,790,58,66
1246,914,2160,0.576852,0.754,1.957502e+04,1.341903e-02,3.2278,3.3147,0,6,81,789,58,66
1247,913,2160,0.577315,0.754,1.957287e+04,1.031026e-02,3.2514,3.3373,0,7,70,788,58,66
1248,912,2160,0.577778,0.753,1.961906e+04,9.919131e-03,3.2069,3.3373,0,4,70,787,58,66
1249,911,2160,0.578241,0.753,1.960334e+04,1.705733e-02,3.2509,3.345,0,1,108,786,58,66
1250,910,2160,0.578704,0.754,1.978002e+04,1.174196e-02,3.2535,3.3503,0,4,81,785,58,66
1251,909,2160,0.579167,0.754,1.988945e+04,1.176763e-02,3.2219,3.3323,0,4,130,784,58,66
1252,908,2160,0.57963,0.752,1.995740e+04,1.862188e-02,3.2554,3.3326,0,2,33,783,58,66
1253,907,2160,0.580093,0.756,2.011518e+04,1.605112e-02,3.2285,3.3388,0,0,74,782,58,66
1254,906,2160,0.580556,0.754,2.002878e+04,1.971098e-02,3.2553,3.3469,0,8,36,781,58,66
1255,905,2160,0.581019,0.754,1.996504e+04,1.740346e-02,3.228,3.3199,0,1,153,780,58,66
1256,904,2160,0.581481,0.752,2.007974e+04,1.403434e-02,3.2439,3.3216,0,6,121,779,58,66
1257,903,2160,0.581944,0.754,2.005796e+04,4.348161e-02,3.2174,3.3159,2,0,2,779,58,65
1258,902,2160,0.582407,0.754,2.029306e+04,1.857944e-02,3.2498,3.3318,0,2,117,778,58,65
1259,901,2160,0.58287,0.757,2.043884e+04,9.866549e-03,3.223,3.341,0,7,194,777,58,65
1260,900,2160,0.583333,0.756,2.058001e+04,1.140176e-02,3.2247,3.3372,0,4,117,776,58,65
1261,899,2160,0.583796,0.756,2.052422e+04,1.652234e-02,3.2302,3.3394,0,0,20,775,58,65
1262,898,2160,0.584259,0.757,2.051515e+04,1.033240e-02,3.2243,3.3322,0,7,6,774,58,65
1263,897,2160,0.584722,0.758,2.055178e+04,1.083467e-02,3.2169,3.3107,0,5,16,773,58,65
1264,896,2160,0.585185,0.758,2.076367e+04,2.822105e-02,3.2451,3.3197,1,2,1,773,57,65
1265,895,2160,0.585648,0.76,2.091164e+04,1.757690e-02,3.2329,3.3159,0,1,89,772,57,65
1266,894,2160,0.586111,0.758,2.105861e+04,1.081196e-02,3.2239,3.3305,0,5,6,771,57,65
1267,893,2160,0.586574,0.758,2.119828e+04,1.775654e-02,3.2388,3.3213,0,1,155,770,57,65
1268,892,2160,0.587037,0.759,2.142144e+04,1.762000e-02,3.2373,3.3279,0,1,142,769,57,65
1269,891,2160,0.5875,0.758,2.166968e+04,1.764626e-02,3.2202,3.309,0,1,165,768,57,65
1270,890,2160,0.587963,0.759,2.188579e+04,1.891236e-02,3.2444,3.3271,0,2,3,767,57,65
1271,889,2160,0.588426,0.758,2.216754e+04,6.527599e-02,3.2282,3.3259,2,8,6,767,57,64
1272,888,2160,0.588889,0.743,2.314782e+04,1.043076e-02,3.22,3.3454,0,7,147,766,57,64
1273,887,2160,0.589352,0.744,2.322200e+04,1.027665e-02,3.2464,3.3071,0,7,73,765,57,64
1274,886,2160,0.589815,0.744,2.329091e+04,1.440702e-02,3.2315,3.3065,0,6,45,764,57,64
1275,885,2160,0.590278,0.744,2.326333e+04,1.201382e-02,3.2479,3.3389,0,5,100,763,57,64
1276,884,2160,0.590741,0.745,2.326458e+04,1.667055e-02,3.2322,3.3324,0,0,194,762,57,64
1277,883,2160,0.591204,0.745,2.346967e+04,4.296216e-03,3.2092,3.3199,2,3,9,762,57,63
1278,882,2160,0.591667,0.746,2.338183e+04,1.887827e-02,3.2486,3.3241,0,2,90,761,57,63
1279,881,2160,0.59213,0.746,2.358355e+04,1.231886e-02,3.2285,3.3118,0,4,134,760,57,63
1280,880,2160,0.592593,0.744,2.372218e+04,2.052193e-02,3.2065,3.3176,0,8,184,759,57,63
1281,879,2160,0.593056,0.747,2.388644e+04,1.084798e-02,3.246,3.3077,0,7,125,758,57,63
1282,878,2160,0.593519,0.747,2.398667e+04,1.827357e-02,3.2334,3.3122,0,1,66,757,57,63
1283,877,2160,0.593981,0.747,2.415085e+04,1.890837e-02,3.2062,3.3239,0,2,66,756,57,63
1284,876,2160,0.594444,0.748,2.422040e+04,1.329630e-02,3.2038,3.3092,0,6,125,755,57,63
1285,875,2160,0.594907,0.749,2.437036e+04,1.208983e-02,3.2547,3.3285,0,4,147,754,57,63
1286,874,2160,0.59537,0.745,2.462204e+04,1.940609e-02,3.2193,3.3223,0,2,37,753,57,63
1287,873,2160,0.595833,0.747,2.483743e+04,2.092450e-02,3.2332,3.3249,0,8,102,752,57,63
1288,872,2160,0.596296,0.747,2.489409e+04,2.017927e-02,3.2848,3.3281,0,2,189,751,57,63
1289,871,2160,0.596759,0.748,2.505463e+04,1.999663e-02,3.2469,3.3257,0,2,145,750,57,63
1290,870,2160,0.597222,0.749,2.521513e+04,2.069049e-02,3.2271,3.3241,0,8,75,749,57,63
1291,869,2160,0.597685,0.749,2.525035e+04,1.250807e-02,3.2143,3.3343,0,5,176,748,57,63
1292,868,2160,0.598148,0.75,2.523712e+04,1.278637e-02,3.2538,3.3166,0,4,26,747,57,63
1293,867,2160,0.598611,0.748,2.545023e+04,1.861447e-02,3.2333,3.341,0,1,102,746,57,63
1294,866,2160,0.599074,0.74,2.561671e+04,2.198094e-02,3.2396,3.3248,0,8,145,745,57,63
1295,865,2160,0.599537,0.742,2.556495e+04,1.873540e-02,3.2178,3.328,0,1,176,744,57,63
1296,864,2160,0.6,0.742,2.568039e+04,1.988026e-02,3.2356,3.3102,0,2,93,743,57,63
1297,863,2160,0.600463,0.745,2.586219e+04,1.482148e-02,3.2596,3.3321,0,6,189,742,57,63
1298,862,2160,0.600926,0.747,2.584489e+04,1.896388e-02,3.2664,3.3175,0,1,106,741,57,63
1299,861,2160,0.601389,0.746,2.598949e+04,3.259694e-02,3.2182,3.3284,1,7,8,741,56,63
1300,860,2160,0.601852,0.748,2.590825e+04,2.200930e-02,3.2376,3.3349,0,8,37,740,56,63
1301,859,2160,0.602315,0.749,2.594759e+04,2.072027e-02,3.2104,3.3188,0,2,125,739,56,63
1302,858,2160,0.602778,0.748,2.619279e+04,1.811201e-02,3.2377,3.3224,0,0,156,738,56,63
1303,857,2160,0.603241,0.747,2.627513e+04,1.491829e-02,3.2027,3.3245,0,6,161,737,56,63
1304,856,2160,0.603704,0.749,2.630792e+04,1.265969e-02,3.214,3.3189,0,5,81,736,56,63
1305,855,2160,0.604167,0.749,2.637626e+04,1.249965e-02,3.2354,3.3235,0,5,65,735,56,63
1306,854,2160,0.60463,0.747,2.641238e+04,1.720967e-02,3.231,3.3203,0,0,106,734,56,63
1307,853,2160,0.605093,0.75,2.629800e+04,1.089415e-02,3.2291,3.3279,0,7,167,733,56,63
1308,852,2160,0.605556,0.75,2.647010e+04,2.029235e-02,3.2232,3.3273,0,2,49,732,56,63
1309,851,2160,0.606019,0.748,2.663157e+04,1.110904e-02,3.2609,3.3226,0,7,139,731,56,63
1310,850,2160,0.606481,0.75,2.673818e+04,7.119560e-02,3.2059,3.3262,2,6,6,731,56,62
1311,849,2160,0.606944,0.734,2.748364e+04,1.192092e-02,3.2412,3.3172,0,5,41,730,56,62
1312,848,2160,0.607407,0.735,2.768942e+04,2.073026e-02,3.2087,3.3128,0,2,40,729,56,62
1313,847,2160,0.60787,0.737,2.793468e+04,1.278325e-02,3.1987,3.3169,0,4,154,728,56,62
1314,846,2160,0.608333,0.736,2.821687e+04,2.189900e-02,3.2435,3.3337,0,8,181,727,56,62
1315,845,2160,0.608796,0.737,2.847811e+04,1.153044e-02,3.233,3.3144,0,7,72,726,56,62
1316,844,2160,0.609259,0.739,2.859271e+04,1.330111e-02,3.2277,3.3125,0,4,82,725,56,62
1317,843,2160,0.609722,0.741,2.875448e+04,1.947029e-02,3.2148,3.3226,0,1,173,724,56,62
1318,842,2160,0.610185,0.741,2.894020e+04,2.293457e-02,3.2462,3.3213,0,8,122,723,56,62
1319,841,2160,0.610648,0.741,2.900794e+04,1.811269e-02,3.2451,3.0628,0,0,40,722,56,62
1320,840,2160,0.611111,0.742,2.909052e+04,1.289217e-02,3.2469,3.3317,0,4,122,721,56,62
1321,839,2160,0.611574,0.74,2.895111e+04,1.142004e-02,3.2382,3.3484,0,7,49,720,56,62
1322,838,2160,0.612037,0.74,2.887469e+04,2.076988e-02,3.2402,3.3394,0,2,154,719,56,62
1323,837,2160,0.6125,0.74,2.912683e+04,1.307527e-02,3.2257,3.3436,0,4,3,718,56,62
1324,836,2160,0.612963,0.74,2.933903e+04,2.080809e-02,3.2411,3.3319,0,2,181,717,56,62
1325,835,2160,0.613426,0.741,2.960134e+04,1.316109e-02,3.2341,3.331,0,4,112,716,56,62
1326,834,2160,0.613889,0.742,2.988395e+04,1.830359e-02,3.2246,3.3111,0,0,10,715,56,62
1327,833,2160,0.614352,0.742,3.025203e+04,1.322052e-02,3.2395,3.3253,0,4,40,714,56,62
1328,832,2160,0.614815,0.744,3.048263e+04,2.252003e-02,3.2378,3.3203,0,8,76,713,56,62
1329,831,2160,0.615278,0.743,3.066841e+04,1.591797e-02,3.2445,3.3494,0,6,127,712,56,62
1330,830,2160,0.615741,0.743,3.068932e+04,2.155099e-02,3.2339,3.3322,0,2,120,711,56,62
1331,829,2160,0.616204,0.743,3.098094e+04,2.337933e-02,3.2291,3.3217,0,8,44,710,56,62
1332,828,2160,0.616667,0.742,3.121422e+04,2.192705e-02,3.2175,3.3254,0,2,94,709,56,62
1333,827,2160,0.61713,0.744,3.141245e+04,2.228642e-02,3.245,3.3181,0,2,107,708,56,62
1334,826,2160,0.617593,0.744,3.162230e+04,1.889659e-02,3.2349,3.3219,0,0,153,707,56,62
1335,825,2160,0.618056,0.741,3.184297e+04,1.206725e-02,3.2076,3.3142,0,7,119,706,56,62
1336,824,2160,0.618519,0.743,3.183805e+04,2.066454e-02,3.2302,3.3175,0,1,107,705,56,62
1337,823,2160,0.618981,0.743,3.180247e+04,2.181271e-02,3.2235,3.3307,0,8,120,704,56,62
1338,822,2160,0.619444,0.74,3.178844e+04,1.317875e-02,3.2493,3.3515,0,5,113,703,56,62
1339,821,2160,0.619907,0.743,3.183729e+04,8.912079e-03,3.2514,3.3281,0,7,113,702,56,62
1340,820,2160,0.62037,0.744,3.179816e+04,1.561519e-02,3.2219,3.3063,0,6,29,701,56,62
1341,819,2160,0.620833,0.744,3.197918e+04,1.212153e-02,3.2299,3.327,0,5,1,700,56,62
1342,818,2160,0.621296,0.744,3.232990e+04,1.375212e-02,3.22,3.3215,0,4,102,699,56,62
1343,817,2160,0.621759,0.746,3.253193e+04,1.203621e-02,3.2463,3.3283,0,7,8,698,56,62
1344,816,2160,0.622222,0.745,3.271595e+04,2.253558e-02,3.2128,3.3213,0,2,187,697,56,62
1345,815,2160,0.622685,0.745,3.300688e+04,2.238259e-02,3.2232,3.3392,0,2,118,696,56,62
1346,814,2160,0.623148,0.747,3.320396e+04,2.119268e-02,3.2379,3.3381,0,1,44,695,56,62
1347,813,2160,0.623611,0.747,3.340452e+04,2.305224e-02,3.2161,3.3245,0,8,15,694,56,62
1348,812,2160,0.624074,0.745,3.369874e+04,1.347553e-02,3.2189,3.3333,0,5,33,693,56,62
1349,811,2160,0.624537,0.746,3.376801e+04,2.162507e-02,3.2311,3.3288,0,1,71,692,56,62
1350,810,2160,0.625,0.746,3.409326e+04,2.095000e-02,3.2284,3.3187,0,1,88,691,56,62
1351,809,2160,0.625463,0.741,3.435391e+04,2.297175e-02,3.234,3.3293,0,8,93,690,56,62
1352,808,2160,0.625926,0.741,3.449929e+04,5.407485e-02,3.2214,3.341,2,5,2,690,56,61
1353,807,2160,0.626389,0.739,3.476818e+04,2.333664e-02,3.2499,3.3377,0,2,185,689,56,61
1354,806,2160,0.626852,0.736,3.504492e+04,2.066541e-02,3.233,3.3442,0,0,187,688,56,61
1355,805,2160,0.627315,0.735,3.497409e+04,2.063113e-02,3.229,3.3414,0,0,158,687,56,61
1356,804,2160,0.627778,0.736,3.506372e+04,1.331719e-02,3.2513,3.3392,0,5,179,686,56,61
1357,803,2160,0.628241,0.734,3.536203e+04,1.366824e-02,3.2328,3.3478,0,5,56,685,56,61
1358,802,2160,0.628704,0.735,3.548480e+04,2.048406e-02,3.2348,3.343,0,0,111,684,56,61
1359,801,2160,0.629167,0.736,3.586556e+04,2.086544e-02,3.2533,3.3228,0,0,76,683,56,61
1360,800,2160,0.62963,0.737,3.602368e+04,1.695805e-02,3.2247,3.3238,0,6,174,682,56,61
1361,799,2160,0.630093,0.741,3.606761e+04,2.079621e-02,3.2272,3.3353,0,0,183,681,56,61
1362,798,2160,0.630556,0.742,3.624614e+04,1.430765e-02,3.2505,3.3142,0,4,98,680,56,61
1363,797,2160,0.631019,0.743,3.671266e+04,2.098061e-02,3.2238,3.3159,0,0,193,679,56,61
1364,796,2160,0.631481,0.742,3.694071e+04,1.269880e-02,3.2279,3.3381,0,7,187,678,56,61
1365,795,2160,0.631944,0.743,3.706297e+04,2.241481e-02,3.2251,3.3087,0,1,30,677,56,61
1366,794,2160,0.632407,0.741,3.746142e+04,2.089010e-02,3.243,3.3093,0,0,166,676,56,61
1367,793,2160,0.63287,0.742,3.778543e+04,2.386707e-02,3.2133,3.3259,0,2,166,675,56,61
1368,792,2160,0.633333,0.741,3.790906e+04,1.012184e-02,3.2244,3.3402,0,5,166,674,56,61
1369,791,2160,0.633796,0.741,3.788421e+04,1.482962e-02,3.2315,3.324,0,4,79,673,56,61
1370,790,2160,0.634259,0.743,3.813875e+04,1.496093e-02,3.2346,3.3176,0,4,152,672,56,61
1371,789,2160,0.634722,0.744,3.834855e+04,1.226698e-02,3.2158,3.3345,0,7,92,671,56,61
1372,788,2160,0.635185,0.74,3.855074e+04,2.466020e-02,3.2152,3.3254,0,8,123,670,56,61
1373,787,2160,0.635648,0.741,3.885314e+04,2.127752e-02,3.2279,3.333,0,0,30,669,56,61
1374,786,2160,0.636111,0.74,3.878244e+04,2.389217e-02,3.2153,3.3454,0,2,96,668,56,61
1375,785,2160,0.636574,0.741,3.906774e+04,2.388492e-02,3.2285,3.3421,0,2,190,667,56,61
1376,784,2160,0.637037,0.739,3.941639e+04,1.117275e-02,3.2137,3.3062,1,6,4,667,55,61
1377,783,2160,0.6375,0.74,3.926844e+04,1.614706e-02,3.248,3.3071,0,6,190,666,55,61
1378,782,2160,0.637963,0.739,3.929290e+04,1.172574e-02,3.2154,3.3241,0,7,30,665,55,61
1379,781,2160,0.638426,0.739,3.940349e+04,2.155584e-02,3.206,3.3157,0,0,143,664,55,61
1380,780,2160,0.638889,0.737,3.949291e+04,2.490568e-02,3.26,3.3428,0,8,173,663,55,61
1381,779,2160,0.639352,0.74,3.966772e+04,1.653433e-02,3.2092,3.335,0,6,53,662,55,61
1382,778,2160,0.639815,0.74,3.989351e+04,1.510590e-02,3.2548,3.3361,0,4,173,661,55,61
1383,777,2160,0.640278,0.74,3.967119e+04,2.192641e-02,3.2224,3.3138,0,0,127,660,55,61
1384,776,2160,0.640741,0.741,3.978292e+04,1.711580e-02,3.2036,3.3318,0,6,165,659,55,61
1385,775,2160,0.641204,0.74,3.979672e+04,1.470535e-02,3.2193,3.3446,0,4,85,658,55,61
1386,774,2160,0.641667,0.74,4.009818e+04,1.467236e-02,3.2155,3.3196,0,4,127,657,55,61
1387,773,2160,0.64213,0.741,4.010748e+04,1.582241e-02,3.2206,3.3246,0,6,84,656,55,61
1388,772,2160,0.642593,0.74,4.051337e+04,1.228658e-02,3.2678,3.3355,0,5,85,655,55,61
1389,771,2160,0.643056,0.74,4.086883e+04,2.158563e-02,3.2224,3.3236,0,1,74,654,55,61
1390,770,2160,0.643519,0.738,4.123713e+04,1.268887e-02,3.2063,3.3045,0,7,88,653,55,61
1391,769,2160,0.643981,0.741,4.130257e+04,2.168248e-02,3.2333,3.3377,0,0,176,652,55,61
1392,768,2160,0.644444,0.738,4.152860e+04,1.213998e-02,3.2176,3.3229,0,7,46,651,55,61
1393,767,2160,0.644907,0.744,4.180483e+04,7.957157e-02,3.2375,3.3256,2,9,6,651,55,60
1394,766,2160,0.64537,0.757,4.293228e+04,3.191370e-02,3.2213,3.3328,2,7,7,651,55,59
1395,765,2160,0.645833,0.755,4.272891e+04,2.258584e-02,3.2393,3.3289,0,1,61,650,55,59
1396,764,2160,0.646296,0.754,4.301771e+04,2.212563e-02,3.2321,3.3302,0,0,182,649,55,59
1397,763,2160,0.646759,0.753,4.322391e+04,1.774650e-02,3.2331,3.3193,0,6,114,648,55,59
1398,762,2160,0.647222,0.751,4.327526e+04,1.097162e-02,3.2159,3.3272,0,7,182,647,55,59
1399,761,2160,0.647685,0.751,4.341758e+04,2.347560e-02,3.2246,3.3414,0,1,129,646,55,59
1400,760,2160,0.648148,0.751,4.379903e+04,2.349420e-02,3.2305,3.3312,0,1,5,645,55,59
1401,759,2160,0.648611,0.75,4.420409e+04,2.266572e-02,3.224,3.3238,0,0,89,644,55,59
1402,758,2160,0.649074,0.756,4.434404e+04,2.389171e-02,3.2361,3.329,0,1,51,643,55,59
1403,757,2160,0.649537,0.759,4.462747e+04,1.473845e-02,3.2167,3.3342,0,6,51,642,55,59
1404,756,2160,0.65,0.755,4.454554e+04,2.272580e-02,3.243,3.3223,0,0,5,641,55,59
1405,755,2160,0.650463,0.756,4.473192e+04,2.419395e-02,3.2385,3.3343,0,8,5,640,55,59
1406,754,2160,0.650926,0.754,4.434406e+04,1.113217e-02,3.2254,3.3379,0,5,5,639,55,59
1407,753,2160,0.651389,0.756,4.435857e+04,2.467263e-02,3.2487,3.3298,0,8,30,638,55,59
1408,752,2160,0.651852,0.754,4.470694e+04,1.751957e-02,3.2275,3.3383,0,6,47,637,55,59
1409,751,2160,0.652315,0.753,4.475119e+04,1.311443e-02,3.2159,3.3256,0,7,192,636,55,59
1410,750,2160,0.652778,0.753,4.513498e+04,2.363001e-02,3.2217,3.3373,0,1,87,635,55,59
1411,749,2160,0.653241,0.753,4.549133e+04,1.830681e-02,3.2218,3.3292,0,6,137,634,55,59
1412,748,2160,0.653704,0.751,4.553452e+04,1.457766e-02,3.2382,3.3411,1,8,8,634,54,59
1413,747,2160,0.654167,0.75,4.549624e+04,2.556840e-02,3.2107,3.3293,0,8,88,633,54,59
1414,746,2160,0.65463,0.75,4.574562e+04,1.512274e-02,3.2344,3.3304,0,5,94,632,54,59
1415,745,2160,0.655093,0.751,4.582191e+04,2.383348e-02,3.2384,3.3243,0,0,141,631,54,59
1416,744,2160,0.655556,0.75,4.610629e+04,2.430434e-02,3.2067,3.3178,0,1,49,630,54,59
1417,743,2160,0.656019,0.744,4.644056e+04,2.629502e-02,3.2367,3.3153,0,2,128,629,54,59
1418,742,2160,0.656481,0.745,4.681365e+04,1.824898e-02,3.2275,3.3313,0,6,175,628,54,59
1419,741,2160,0.656944,0.745,4.680487e+04,2.295447e-02,3.2325,3.3216,0,0,17,627,54,59
1420,740,2160,0.657407,0.746,4.713383e+04,1.189661e-02,3.2068,3.3346,0,5,17,626,54,59
1421,739,2160,0.65787,0.745,4.717448e+04,1.375519e-02,3.245,3.317,0,5,175,625,54,59
1422,738,2160,0.658333,0.747,4.729855e+04,8.871188e-03,3.2236,3.3312,1,2,5,625,53,59
1423,737,2160,0.658796,0.747,4.718954e+04,1.445589e-02,3.237,3.3472,0,5,169,624,53,59
1424,736,2160,0.659259,0.746,4.743864e+04,1.132513e-02,3.2577,3.3406,0,7,169,623,53,59
1425,735,2160,0.659722,0.746,4.745217e+04,1.816018e-02,3.2234,3.3334,0,6,128,622,53,59
1426,734,2160,0.660185,0.746,4.753085e+04,1.543944e-02,3.2158,3.3174,0,4,170,621,53,59
1427,733,2160,0.660648,0.747,4.786396e+04,1.359570e-02,3.2341,3.3386,0,7,129,620,53,59
1428,732,2160,0.661111,0.747,4.809698e+04,1.599803e-02,3.2552,3.3183,0,4,109,619,53,59
1429,731,2160,0.661574,0.746,4.826020e+04,2.257255e-02,3.2293,3.3147,0,8,109,618,53,59
1430,730,2160,0.662037,0.748,4.807662e+04,2.386615e-02,3.2183,3.3303,0,1,60,617,53,59
1431,729,2160,0.6625,0.747,4.856707e+04,2.406120e-02,3.2494,3.3229,0,1,101,616,53,59
1432,728,2160,0.662963,0.744,4.893690e+04,2.659335e-02,3.247,3.3209,0,2,129,615,53,59
1433,727,2160,0.663426,0.746,4.933026e+04,1.464556e-02,3.2288,3.3336,0,5,45,614,53,59
1434,726,2160,0.663889,0.747,4.950352e+04,1.594865e-02,3.2359,3.3358,0,4,115,613,53,59
1435,725,2160,0.664352,0.747,4.969205e+04,1.258277e-02,3.2201,3.3313,0,7,45,612,53,59
1436,724,2160,0.664815,0.746,5.001740e+04,1.378916e-02,3.221,3.0704,0,5,109,611,53,59
1437,723,2160,0.665278,0.747,5.009167e+04,2.368633e-02,3.2445,3.3342,0,1,38,610,53,59
1438,722,2160,0.665741,0.746,5.046461e+04,2.246515e-02,3.1994,3.321,0,1,109,609,53,59
1439,721,2160,0.666204,0.749,5.071755e+04,1.726154e-02,3.2354,3.3172,0,6,62,608,53,59
1440,720,2160,0.666667,0.75,5.079870e+04,1.185646e-02,3.2405,3.3256,0,7,62,607,53,59
1441,719,2160,0.66713,0.749,5.092379e+04,2.341255e-02,3.2356,3.3105,0,0,107,606,53,59
1442,718,2160,0.667593,0.743,5.118076e+04,1.772747e-02,3.2186,3.336,0,6,54,605,53,59
1443,717,2160,0.668056,0.745,5.113773e+04,1.770445e-02,3.2429,3.3199,0,6,23,604,53,59
1444,716,2160,0.668519,0.744,5.115229e+04,2.377959e-02,3.2068,3.3185,0,0,36,603,53,59
1445,715,2160,0.668981,0.743,5.139436e+04,1.598980e-02,3.2576,3.3186,0,4,124,602,53,59
1446,714,2160,0.669444,0.745,5.162674e+04,1.531275e-02,3.2027,3.3334,0,4,6,601,53,59
1447,713,2160,0.669907,0.744,5.215274e+04,2.681418e-02,3.2184,3.3291,0,2,168,600,53,59
1448,712,2160,0.67037,0.745,5.274660e+04,2.561037e-02,3.2362,3.347,0,8,57,599,53,59
1449,711,2160,0.670833,0.745,5.313468e+04,2.402702e-02,3.2347,3.3311,0,1,131,598,53,59
1450,710,2160,0.671296,0.746,5.344435e+04,2.451054e-02,3.2486,3.332,0,1,186,597,53,59
1451,709,2160,0.671759,0.75,5.383987e+04,1.397777e-02,3.2132,3.3321,0,4,57,596,53,59
1452,708,2160,0.672222,0.749,5.409613e+04,1.798770e-02,3.2451,3.3173,0,6,162,595,53,59
1453,707,2160,0.672685,0.744,5.409623e+04,1.367664e-02,3.227,3.3419,0,7,124,594,53,59
1454,706,2160,0.673148,0.744,5.413269e+04,1.392368e-02,3.2259,3.3248,0,7,87,593,53,59
1455,705,2160,0.673611,0.746,5.405212e+04,9.792426e-03,3.2239,3.3262,1,2,6,593,52,59
1456,704,2160,0.674074,0.747,5.394082e+04,2.570740e-02,3.2389,3.3474,0,8,77,592,52,59
1457,703,2160,0.674537,0.745,5.413201e+04,2.548430e-02,3.2184,3.3502,0,8,39,591,52,59
1458,702,2160,0.675,0.743,5.436021e+04,2.611403e-02,3.2586,3.3539,0,2,39,590,52,59
1459,701,2160,0.675463,0.745,5.442047e+04,1.180437e-02,3.2304,3.3225,1,5,8,590,51,59
1460,700,2160,0.675926,0.745,5.431011e+04,1.537730e-02,3.2291,3.3121,0,4,107,589,51,59
1461,699,2160,0.676389,0.747,5.453066e+04,1.763884e-02,3.2225,3.3129,0,6,65,588,51,59
1462,698,2160,0.676852,0.747,5.472428e+04,2.506916e-02,3.2231,3.3184,0,1,124,587,51,59
1463,697,2160,0.677315,0.747,5.496514e+04,2.424291e-02,3.2404,3.3362,0,1,65,586,51,59
1464,696,2160,0.677778,0.748,5.519166e+04,2.365797e-02,3.2218,3.3203,0,1,160,585,51,59
1465,695,2160,0.678241,0.749,5.556203e+04,2.376460e-02,3.2235,3.3333,0,0,32,584,51,59
1466,694,2160,0.678704,0.748,5.589202e+04,1.621875e-02,3.197,3.3386,0,4,174,583,51,59
1467,693,2160,0.679167,0.747,5.611349e+04,2.356122e-02,3.2397,3.3262,0,0,80,582,51,59
1468,692,2160,0.67963,0.745,5.623321e+04,2.758651e-02,3.2284,3.3007,0,2,21,581,51,59
1469,691,2160,0.680093,0.748,5.664576e+04,2.354316e-02,3.2213,3.3085,0,0,185,580,51,59
1470,690,2160,0.680556,0.749,5.716598e+04,1.643806e-02,3.2066,3.3296,0,4,175,579,51,59
1471,689,2160,0.681019,0.748,5.732639e+04,2.464724e-02,3.2331,3.3431,0,1,140,578,51,59
1472,688,2160,0.681481,0.75,5.778182e+04,1.647428e-02,3.2189,3.3295,0,4,63,577,51,59
1473,687,2160,0.681944,0.747,5.797304e+04,2.555585e-02,3.2162,3.3259,0,8,34,576,51,59
1474,686,2160,0.682407,0.748,5.809340e+04,2.415987e-02,3.2162,3.3101,0,0,63,575,51,59
1475,685,2160,0.68287,0.75,5.778223e+04,2.440587e-02,3.2105,3.3298,0,8,175,574,51,59
1476,684,2160,0.683333,0.75,5.778115e+04,2.574333e-02,3.2292,3.3331,0,8,104,573,51,59
1477,683,2160,0.683796,0.748,5.786219e+04,2.567469e-02,3.2337,3.3157,0,8,136,572,51,59
1478,682,2160,0.684259,0.747,5.816596e+04,2.383402e-02,3.2244,3.3258,0,0,39,571,51,59
1479,681,2160,0.684722,0.749,5.836961e+04,2.771527e-02,3.2302,3.3515,0,2,91,570,51,59
1480,680,2160,0.685185,0.747,5.865948e+04,2.772496e-02,3.2408,3.3611,0,2,188,569,51,59
1481,679,2160,0.685648,0.742,5.900177e+04,2.401493e-02,3.2247,3.3327,0,0,188,568,51,59
1482,678,2160,0.686111,0.744,5.878169e+04,2.521857e-02,3.2399,3.3214,0,0,19,567,51,59
1483,677,2160,0.686574,0.744,5.895057e+04,2.572160e-02,3.2209,3.3069,0,1,145,566,51,59
1484,676,2160,0.687037,0.744,5.918897e+04,1.475521e-02,3.2068,3.3183,0,5,155,565,51,59
1485,675,2160,0.6875,0.746,5.976224e+04,2.784706e-02,3.2304,3.3148,0,2,99,564,51,59
1486,674,2160,0.687963,0.747,6.038226e+04,2.544980e-02,3.2218,3.3156,0,1,97,563,51,59
1487,673,2160,0.688426,0.75,6.103909e+04,2.492687e-02,3.2445,3.3057,0,1,179,562,51,59
1488,672,2160,0.688889,0.749,6.166084e+04,2.480403e-02,3.2109,3.3403,0,0,21,561,51,59
1489,671,2160,0.689352,0.748,6.179386e+04,2.620646e-02,3.2416,3.3203,0,8,133,560,51,59
1490,670,2160,0.689815,0.747,6.227433e+04,1.683528e-02,3.2143,3.3312,0,4,149,559,51,59
1491,669,2160,0.690278,0.745,6.242107e+04,2.844795e-02,3.2242,3.3303,0,2,34,558,51,59
1492,668,2160,0.690741,0.747,6.283833e+04,2.537624e-02,3.2579,3.3275,0,0,138,557,51,59
1493,667,2160,0.691204,0.745,6.316940e+04,1.725208e-02,3.2083,3.336,0,4,158,556,51,59
1494,666,2160,0.691667,0.743,6.335870e+04,1.828549e-02,3.2504,3.3425,0,6,18,555,51,59
1495,665,2160,0.69213,0.745,6.366678e+04,1.801128e-02,3.2285,3.3139,0,6,70,554,51,59
1496,664,2160,0.692593,0.742,6.417072e+04,2.611632e-02,3.2041,3.334,0,8,164,553,51,59
1497,663,2160,0.693056,0.74,6.458794e+04,1.589714e-02,3.2347,3.3372,0,4,99,552,51,59
1498,662,2160,0.693519,0.741,6.523844e+04,2.553573e-02,3.2284,3.333,0,0,145,551,51,59
1499,661,2160,0.693981,0.739,6.527457e+04,2.621167e-02,3.2379,3.3078,0,8,174,550,51,59
1500,660,2160,0.694444,0.739,6.565994e+04,1.376990e-02,3.2279,3.3298,0,5,174,549,51,59
1501,659,2160,0.694907,0.738,6.549727e+04,1.499481e-02,3.2331,3.3369,0,7,183,548,51,59
1502,658,2160,0.69537,0.738,6.560683e+04,1.378838e-02,3.2491,3.3304,0,6,183,547,51,59
1503,657,2160,0.695833,0.738,6.554033e+04,2.581506e-02,3.2269,3.3205,0,0,122,546,51,59
1504,656,2160,0.696296,0.736,6.588433e+04,2.631453e-02,3.2252,3.3134,0,1,14,545,51,59
1505,655,2160,0.696759,0.734,6.638084e+04,1.685926e-02,3.2273,3.3277,0,4,7,544,51,59
1506,654,2160,0.697222,0.733,6.681176e+04,1.537422e-02,3.2266,3.3399,0,7,48,543,51,59
1507,653,2160,0.697685,0.734,6.685039e+04,1.493290e-02,3.224,3.3264,0,7,104,542,51,59
1508,652,2160,0.698148,0.726,6.685180e+04,2.541732e-02,3.2125,3.3247,0,0,102,541,51,59
1509,651,2160,0.698611,0.734,6.704316e+04,2.661862e-02,3.2367,3.3246,0,8,108,540,51,59
1510,650,2160,0.699074,0.728,6.747145e+04,2.428067e-02,3.2356,3.3235,0,0,7,539,51,59
1511,649,2160,0.699537,0.728,6.782254e+04,3.997391e-02,3.2326,3.3282,2,4,7,539,51,58
1512,648,2160,0.7,0.725,6.769186e+04,1.823933e-02,3.226,3.3305,0,6,39,538,51,58
1513,647,2160,0.700463,0.724,6.780136e+04,2.841106e-02,3.2401,3.3254,0,2,102,537,51,58
1514,646,2160,0.700926,0.72,6.817326e+04,1.546076e-02,3.2393,3.3229,0,5,178,536,51,58
1515,645,2160,0.701389,0.72,6.842988e+04,2.634255e-02,3.2407,3.3254,0,8,159,535,51,58
1516,644,2160,0.701852,0.72,6.880558e+04,1.529135e-02,3.2307,3.329,0,7,162,534,51,58
1517,643,2160,0.702315,0.715,6.890406e+04,2.953290e-02,3.2187,3.3359,0,2,151,533,51,58
1518,642,2160,0.702778,0.718,6.938144e+04,2.655083e-02,3.2541,3.3166,0,1,122,532,51,58
1519,641,2160,0.703241,0.721,6.969877e+04,2.661198e-02,3.2181,3.3294,0,8,131,531,51,58
1520,640,2160,0.703704,0.721,6.982068e+04,2.863391e-02,3.2252,3.3264,0,2,131,530,51,58
1521,639,2160,0.704167,0.719,6.973885e+04,1.707273e-02,3.2231,3.3263,0,4,128,529,51,58
1522,638,2160,0.70463,0.72,6.989162e+04,2.956759e-02,3.2415,3.3331,0,2,167,528,51,58
1523,637,2160,0.705093,0.719,7.048579e+04,2.555114e-02,3.2222,3.3476,0,0,114,527,51,58
1524,636,2160,0.705556,0.716,7.080449e+04,1.891138e-02,3.2539,3.3125,0,6,63,526,51,58
1525,635,2160,0.706019,0.717,7.074479e+04,2.527738e-02,3.2471,3.3148,0,0,22,525,51,58
1526,634,2160,0.706481,0.721,7.104043e+04,1.547158e-02,3.2285,3.32,0,7,122,524,51,58
1527,633,2160,0.706944,0.722,7.092429e+04,1.709864e-02,3.2285,3.3229,0,4,162,523,51,58
1528,632,2160,0.707407,0.722,7.101727e+04,2.540337e-02,3.2161,3.3085,0,1,75,522,51,58
1529,631,2160,0.70787,0.722,7.124613e+04,1.606636e-02,3.2361,3.3302,0,5,173,521,51,58
1530,630,2160,0.708333,0.723,7.137006e+04,3.064249e-02,3.2219,3.3263,0,2,177,520,51,58
1531,629,2160,0.708796,0.723,7.202582e+04,3.057720e-02,3.2184,3.3488,0,2,136,519,51,58
1532,628,2160,0.709259,0.719,7.266697e+04,3.012990e-02,3.2423,3.332,0,2,22,518,51,58
1533,627,2160,0.709722,0.718,7.295490e+04,3.050835e-02,3.2025,3.3436,0,2,50,517,51,58
1534,626,2160,0.710185,0.717,7.344781e+04,2.623796e-02,3.2223,3.3215,0,1,100,516,51,58
1535,625,2160,0.710648,0.721,7.379735e+04,1.678318e-02,3.2199,3.338,0,4,168,515,51,58
1536,624,2160,0.711111,0.72,7.452283e+04,1.716026e-02,3.2342,3.3466,0,4,157,514,51,58
1537,623,2160,0.711574,0.72,7.489018e+04,2.497813e-02,3.2355,3.332,0,1,157,513,51,58
1538,622,2160,0.712037,0.719,7.509421e+04,1.586910e-02,3.2132,3.3272,0,5,144,512,51,58
1539,621,2160,0.7125,0.718,7.519996e+04,2.659220e-02,3.2445,3.3326,0,1,172,511,51,58
1540,620,2160,0.712963,0.719,7.558491e+04,3.399995e-02,3.2287,3.3239,1,1,1,511,50,58
1541,619,2160,0.713426,0.724,7.595729e+04,2.658214e-02,3.2065,3.3344,0,8,160,510,50,58
1542,618,2160,0.713889,0.723,7.629098e+04,3.115733e-02,3.2206,3.335,0,2,172,509,50,58
1543,617,2160,0.714352,0.722,7.646382e+04,2.740309e-02,3.2269,3.3251,1,7,2,509,49,58
1544,616,2160,0.714815,0.721,7.622139e+04,3.071640e-02,3.2255,3.3325,0,2,63,508,49,58
1545,615,2160,0.715278,0.722,7.669574e+04,2.669902e-02,3.2181,3.3462,0,1,110,507,49,58
1546,614,2160,0.715741,0.717,7.701174e+04,1.892713e-02,3.2364,3.3329,0,6,145,506,49,58
1547,613,2160,0.716204,0.724,7.694349e+04,1.705805e-02,3.2462,3.3294,0,6,153,505,49,58
1548,612,2160,0.716667,0.722,7.760995e+04,2.656964e-02,3.2313,3.3334,0,8,49,504,49,58
1549,611,2160,0.71713,0.723,7.778959e+04,1.745162e-02,3.2189,3.3359,0,4,75,503,49,58
1550,610,2160,0.717593,0.723,7.802161e+04,3.082212e-02,3.2287,3.3362,0,2,148,502,49,58
1551,609,2160,0.718056,0.72,7.862914e+04,1.874746e-02,3.2343,3.3452,0,6,86,501,49,58
1552,608,2160,0.718519,0.721,7.858249e+04,2.591331e-02,3.2453,3.3456,0,0,77,500,49,58
1553,607,2160,0.718981,0.72,7.869089e+04,3.126134e-02,3.2323,3.3253,1,7,7,500,48,58
1554,606,2160,0.719444,0.723,7.844120e+04,1.864465e-02,3.2221,3.3341,0,6,172,499,48,58
1555,605,2160,0.719907,0.722,7.822715e+04,1.836213e-02,3.238,3.3288,0,6,43,498,48,58
1556,604,2160,0.72037,0.724,7.843400e+04,1.466488e-02,3.2119,3.3118,0,7,176,497,48,58
1557,603,2160,0.720833,0.722,7.917922e+04,2.530012e-02,3.2304,3.3309,0,1,43,496,48,58
1558,602,2160,0.721296,0.727,7.946282e+04,1.612418e-02,3.2208,3.3283,0,5,11,495,48,58
1559,601,2160,0.721759,0.728,7.985444e+04,1.335463e-02,3.2366,3.3217,0,6,11,494,48,58
1560,600,2160,0.722222,0.728,7.955537e+04,1.471346e-02,3.2444,3.3193,0,5,61,493,48,58
1561,599,2160,0.722685,0.729,8.016086e+04,1.782096e-02,3.2337,3.3304,0,4,78,492,48,58
1562,598,2160,0.723148,0.731,8.032509e+04,1.617359e-02,3.2215,3.3212,0,5,165,491,48,58
1563,597,2160,0.723611,0.727,8.063574e+04,1.845685e-02,3.2361,3.3177,0,6,12,490,48,58
1564,596,2160,0.724074,0.729,8.133457e+04,1.702086e-02,3.237,3.3092,0,5,181,489,48,58
1565,595,2160,0.724537,0.732,8.156403e+04,1.498443e-02,3.2269,3.3199,0,7,4,488,48,58
1566,594,2160,0.725,0.732,8.232741e+04,2.584304e-02,3.2114,3.3222,0,0,90,487,48,58
1567,593,2160,0.725463,0.726,8.254566e+04,1.539055e-02,3.2372,3.3328,0,7,60,486,48,58
1568,592,2160,0.725926,0.725,8.317921e+04,1.909925e-02,3.2031,3.3258,0,6,82,485,48,58
1569,591,2160,0.726389,0.722,8.351227e+04,2.823367e-02,3.2175,3.3335,0,1,111,484,48,58
1570,590,2160,0.726852,0.723,8.418815e+04,2.033697e-02,3.2617,3.3398,0,6,178,483,48,58
1571,589,2160,0.727315,0.724,8.459968e+04,1.685782e-02,3.223,3.3362,0,5,62,482,48,58
1572,588,2160,0.727778,0.725,8.505884e+04,2.684994e-02,3.2273,3.3312,0,0,129,481,48,58
1573,587,2160,0.728241,0.725,8.570255e+04,1.825835e-02,3.2153,3.3366,0,5,106,480,48,58
1574,586,2160,0.728704,0.728,8.569822e+04,3.034000e-02,3.2307,3.3312,0,1,189,479,48,58
1575,585,2160,0.729167,0.727,8.627359e+04,1.951097e-02,3.2322,3.3436,0,4,110,478,48,58
1576,584,2160,0.72963,0.728,8.657118e+04,1.830748e-02,3.2259,3.35,0,4,191,477,48,58
1577,583,2160,0.730093,0.727,8.749257e+04,1.966558e-02,3.2376,3.3342,0,4,163,476,48,58
1578,582,2160,0.730556,0.729,8.774481e+04,1.980711e-02,3.2179,3.3324,0,4,35,475,48,58
1579,581,2160,0.731019,0.729,8.809998e+04,1.861453e-02,3.2224,3.3214,0,5,121,474,48,58
1580,580,2160,0.731481,0.727,8.827809e+04,3.061034e-02,3.2124,3.3198,0,1,67,473,48,58
1581,579,2160,0.731944,0.727,8.880378e+04,3.063210e-02,3.2557,3.3417,0,1,31,472,48,58
1582,578,2160,0.732407,0.727,8.937662e+04,3.461551e-02,3.2352,3.3382,0,2,67,471,48,58
1583,577,2160,0.73287,0.727,8.970409e+04,1.691374e-02,3.2205,3.3333,0,5,8,470,48,58
1584,576,2160,0.733333,0.727,9.067115e+04,3.577324e-02,3.236,3.3152,0,2,31,469,48,58
1585,575,2160,0.733796,0.726,9.115485e+04,1.970125e-02,3.2227,3.3267,0,4,77,468,48,58
1586,574,2160,0.734259,0.731,9.147819e+04,2.015305e-02,3.2452,3.344,0,4,24,467,48,58
1587,573,2160,0.734722,0.728,9.196258e+04,3.147009e-02,3.2742,3.3495,0,1,26,466,48,58
1588,572,2160,0.735185,0.73,9.289686e+04,2.725921e-02,3.2116,3.3426,0,0,125,465,48,58
1589,571,2160,0.735648,0.732,9.395249e+04,1.712778e-02,3.2356,3.3311,0,5,183,464,48,58
1590,570,2160,0.736111,0.731,9.504558e+04,1.882602e-02,3.2163,3.3373,0,5,36,463,48,58
1591,569,2160,0.736574,0.731,9.522716e+04,1.627858e-02,3.2384,3.3202,0,7,83,462,48,58
1592,568,2160,0.737037,0.732,9.634109e+04,3.647575e-02,3.2539,3.3199,0,2,161,461,48,58
1593,567,2160,0.7375,0.729,9.734202e+04,3.677579e-02,3.2359,3.3226,0,2,121,460,48,58
1594,566,2160,0.737963,0.728,9.817839e+04,2.812509e-02,3.2455,3.3019,0,0,135,459,48,58
1595,565,2160,0.738426,0.727,9.854914e+04,3.465373e-02,3.2354,3.3375,0,2,135,458,48,58
1596,564,2160,0.738889,0.725,9.896510e+04,2.748484e-02,3.2274,3.3366,0,0,59,457,48,58
1597,563,2160,0.739352,0.724,9.924764e+04,1.615403e-02,3.2279,3.3388,0,5,59,456,48,58
1598,562,2160,0.739815,0.725,9.906007e+04,4.912733e-02,3.2576,3.3491,2,8,7,456,48,57
1599,561,2160,0.740278,0.717,9.899085e+04,3.635539e-02,3.2312,3.3247,0,2,80,455,48,57
1600,560,2160,0.740741,0.717,9.991639e+04,1.928289e-02,3.2402,3.3463,0,5,103,454,48,57
1601,559,2160,0.741204,0.72,1.000782e+05,2.170161e-02,3.2342,3.3487,0,6,100,453,48,57
1602,558,2160,0.741667,0.723,1.004326e+05,3.177254e-02,3.2494,3.3561,0,1,161,452,48,57
1603,557,2160,0.74213,0.723,1.009123e+05,3.182513e-02,3.2329,3.3317,0,1,121,451,48,57
1604,556,2160,0.742593,0.722,1.015336e+05,1.891953e-02,3.2111,3.326,0,4,167,450,48,57
1605,555,2160,0.743056,0.719,1.026576e+05,3.628427e-02,3.229,3.3218,0,2,59,449,48,57
1606,554,2160,0.743519,0.72,1.034532e+05,2.165115e-02,3.2239,3.3339,0,6,188,448,48,57
1607,553,2160,0.743981,0.72,1.035930e+05,1.979906e-02,3.2388,3.3284,0,4,59,447,48,57
1608,552,2160,0.744444,0.721,1.036398e+05,1.815429e-02,3.2381,3.3215,0,5,124,446,48,57
1609,551,2160,0.744907,0.719,1.042738e+05,3.101764e-02,3.2342,3.3399,0,8,150,445,48,57
1610,550,2160,0.74537,0.717,1.048651e+05,2.053084e-02,3.2395,3.3342,0,4,58,444,48,57
1611,549,2160,0.745833,0.719,1.051583e+05,2.248109e-02,3.2192,3.3404,0,6,52,443,48,57
1612,548,2160,0.746296,0.719,1.050421e+05,1.295984e-02,3.2193,3.3304,0,5,52,442,48,57
1613,547,2160,0.746759,0.715,1.049499e+05,1.909129e-02,3.2575,3.3403,0,6,59,441,48,57
1614,546,2160,0.747222,0.715,1.049592e+05,3.072575e-02,3.224,3.3422,0,8,65,440,48,57
1615,545,2160,0.747685,0.711,1.053342e+05,2.039167e-02,3.2469,3.3317,0,4,144,439,48,57
1616,544,2160,0.748148,0.71,1.057488e+05,1.706378e-02,3.2051,3.3247,0,4,65,438,48,57
1617,543,2160,0.748611,0.709,1.057452e+05,2.024657e-02,3.267,3.3273,0,4,121,437,48,57
1618,542,2160,0.749074,0.706,1.063929e+05,1.702556e-02,3.2352,3.3253,0,7,13,436,48,57
1619,541,2160,0.749537,0.706,1.074865e+05,1.668476e-02,3.2243,3.3303,0,7,121,435,48,57
1620,540,2160,0.75,0.704,1.083401e+05,1.297229e-01,3.2298,3.324,2,7,6,435,48,56
1621,539,2160,0.750463,0.684,1.116969e+05,3.283252e-02,3.2291,3.3465,0,1,156,434,48,56
1622,538,2160,0.750926,0.686,1.121811e+05,1.915106e-02,3.248,3.3459,0,7,47,433,48,56
1623,537,2160,0.751389,0.683,1.122118e+05,2.334636e-02,3.2396,3.3336,1,2,0,433,47,56
1624,536,2160,0.751852,0.688,1.120864e+05,3.251826e-02,3.2214,3.3229,0,1,40,432,47,56
1625,535,2160,0.752315,0.685,1.128108e+05,2.245569e-02,3.2291,3.3179,0,6,44,431,47,56
1626,534,2160,0.752778,0.686,1.129066e+05,3.103214e-02,3.2054,3.3177,0,8,41,430,47,56
1627,533,2160,0.753241,0.685,1.140585e+05,3.248299e-02,3.2266,3.3299,0,1,27,429,47,56
1628,532,2160,0.753704,0.69,1.149828e+05,1.954628e-02,3.2587,3.3182,0,5,80,428,47,56
1629,531,2160,0.754167,0.691,1.150805e+05,1.952622e-02,3.2173,3.3138,0,4,27,427,47,56
1630,530,2160,0.75463,0.693,1.159603e+05,2.081827e-02,3.2417,3.3218,0,4,23,426,47,56
1631,529,2160,0.755093,0.693,1.167427e+05,3.773472e-02,3.2454,3.3291,0,2,159,425,47,56
1632,528,2160,0.755556,0.694,1.179268e+05,2.071827e-02,3.2458,3.3298,0,4,31,424,47,56
1633,527,2160,0.756019,0.692,1.186254e+05,1.924769e-02,3.2363,3.3444,0,7,157,423,47,56
1634,526,2160,0.756481,0.693,1.190039e+05,2.946329e-02,3.2418,3.3255,0,0,47,422,47,56
1635,525,2160,0.756944,0.696,1.194100e+05,3.222563e-02,3.214,3.3325,0,8,158,421,47,56
1636,524,2160,0.757407,0.693,1.201877e+05,3.236654e-02,3.2471,3.3372,0,8,81,420,47,56
1637,523,2160,0.75787,0.693,1.213320e+05,3.931861e-02,3.2507,3.3317,0,2,122,419,47,56
1638,522,2160,0.758333,0.688,1.227205e+05,3.309728e-02,3.2498,3.336,0,8,64,418,47,56
1639,521,2160,0.758796,0.69,1.233011e+05,3.354970e-02,3.23,3.3545,0,1,134,417,47,56
1640,520,2160,0.759259,0.689,1.238698e+05,2.184752e-02,3.2114,3.3438,0,6,64,416,47,56
1641,519,2160,0.759722,0.691,1.236287e+05,1.941864e-02,3.2224,3.3295,0,5,134,415,47,56
1642,518,2160,0.760185,0.694,1.236845e+05,1.700060e-02,3.2209,3.3338,0,7,64,414,47,56
1643,517,2160,0.760648,0.692,1.240439e+05,1.941487e-02,3.2245,3.3306,0,7,50,413,47,56
1644,516,2160,0.761111,0.691,1.242013e+05,3.380047e-02,3.2218,3.3242,0,1,33,412,47,56
1645,515,2160,0.761574,0.693,1.250341e+05,1.873477e-02,3.2185,3.3272,0,7,0,411,47,56
1646,514,2160,0.762037,0.693,1.259574e+05,1.704164e-02,3.2281,3.3159,0,4,0,410,47,56
1647,513,2160,0.7625,0.694,1.261370e+05,1.945339e-02,3.2508,3.3242,0,7,34,409,47,56
1648,512,2160,0.762963,0.692,1.264307e+05,1.959977e-02,3.2188,3.3324,1,6,5,409,46,56
1649,511,2160,0.763426,0.689,1.263856e+05,3.964162e-02,3.2476,3.3143,0,2,73,408,46,56
1650,510,2160,0.763889,0.691,1.277742e+05,4.017763e-02,3.2378,3.3467,0,2,8,407,46,56
1651,509,2160,0.764352,0.693,1.292624e+05,2.078855e-02,3.2456,3.3268,0,5,123,406,46,56
1652,508,2160,0.764815,0.693,1.297613e+05,1.882777e-02,3.2291,3.3017,0,7,180,405,46,56
1653,507,2160,0.765278,0.693,1.312402e+05,4.173762e-02,3.2492,3.3379,0,2,74,404,46,56
1654,506,2160,0.765741,0.697,1.327545e+05,3.524387e-02,3.2342,3.3344,0,1,82,403,46,56
1655,505,2160,0.766204,0.703,1.341110e+05,2.064457e-02,3.2224,3.3325,0,7,80,402,46,56
1656,504,2160,0.766667,0.705,1.348187e+05,4.110077e-02,3.225,3.3396,0,2,82,401,46,56
1657,503,2160,0.76713,0.703,1.354605e+05,2.368131e-02,3.2263,3.3344,0,4,116,400,46,56
1658,502,2160,0.767593,0.698,1.358767e+05,2.196428e-02,3.2435,3.3441,0,4,192,399,46,56
1659,501,2160,0.768056,0.697,1.374702e+05,1.523836e-02,3.2783,3.3478,1,8,5,399,45,56
1660,500,2160,0.768519,0.699,1.373448e+05,4.211792e-02,3.2468,3.338,0,2,88,398,45,56
1661,499,2160,0.768981,0.691,1.387114e+05,3.612464e-02,3.233,3.3317,0,1,187,397,45,56
1662,498,2160,0.769444,0.69,1.396096e+05,3.682731e-02,3.2354,3.3283,0,1,146,396,45,56
1663,497,2160,0.769907,0.691,1.404082e+05,1.947402e-02,3.2289,3.3247,0,5,187,395,45,56
1664,496,2160,0.77037,0.692,1.414364e+05,3.172242e-02,3.2413,3.3262,0,0,134,394,45,56
1665,495,2160,0.770833,0.694,1.419114e+05,3.603319e-02,3.2361,3.314,0,1,57,393,45,56
1666,494,2160,0.771296,0.691,1.434395e+05,3.620631e-02,3.2525,3.3287,0,1,76,392,45,56
1667,493,2160,0.771759,0.692,1.442080e+05,4.384897e-02,3.2161,3.3053,0,2,137,391,45,56
1668,492,2160,0.772222,0.688,1.453910e+05,1.889110e-02,3.2434,3.3167,2,4,9,391,45,55
1669,491,2160,0.772685,0.689,1.450427e+05,4.272118e-02,3.2372,3.3535,0,2,76,390,45,55
1670,490,2160,0.773148,0.694,1.455548e+05,3.256052e-02,3.2398,3.3472,0,0,86,389,45,55
1671,489,2160,0.773611,0.695,1.459238e+05,2.040501e-02,3.2273,3.3442,0,7,29,388,45,55
1672,488,2160,0.774074,0.694,1.472967e+05,2.509471e-02,3.2233,3.3371,0,6,91,387,45,55
1673,487,2160,0.774537,0.694,1.471415e+05,3.582808e-02,3.2313,3.336,0,8,149,386,45,55
1674,486,2160,0.775,0.692,1.480438e+05,3.418617e-02,3.2324,3.3477,1,1,8,386,44,55
1675,485,2160,0.775463,0.698,1.480464e+05,4.421183e-02,3.2481,3.3336,0,2,147,385,44,55
1676,484,2160,0.775926,0.694,1.494049e+05,3.304833e-02,3.2468,3.3299,0,0,148,384,44,55
1677,483,2160,0.776389,0.694,1.498109e+05,2.095371e-02,3.2436,3.3436,0,5,186,383,44,55
1678,482,2160,0.776852,0.698,1.508266e+05,3.648584e-02,3.2497,3.3292,0,8,92,382,44,55
1679,481,2160,0.777315,0.701,1.515908e+05,3.810695e-02,3.2561,3.342,0,1,53,381,44,55
1680,480,2160,0.777778,0.695,1.530173e+05,3.911068e-02,3.232,3.3503,0,1,32,380,44,55
1681,479,2160,0.778241,0.695,1.541502e+05,2.339154e-02,3.2369,3.3324,0,4,55,379,44,55
1682,478,2160,0.778704,0.695,1.560080e+05,2.646253e-02,3.2596,3.3446,0,6,88,378,44,55
1683,477,2160,0.779167,0.696,1.560712e+05,2.466485e-02,3.2235,3.3464,0,4,72,377,44,55
1684,476,2160,0.77963,0.697,1.566532e+05,2.564948e-02,3.2344,3.3175,0,6,32,376,44,55
1685,475,2160,0.780093,0.698,1.568852e+05,2.441115e-02,3.2307,3.3224,0,4,88,375,44,55
1686,474,2160,0.780556,0.699,1.579149e+05,2.433492e-02,3.2312,3.3412,0,4,151,374,44,55
1687,473,2160,0.781019,0.7,1.586041e+05,4.523881e-02,3.2326,3.3467,0,2,71,373,44,55
1688,472,2160,0.781481,0.701,1.600220e+05,1.505008e-01,3.2263,3.3387,2,2,6,373,44,54
1689,471,2160,0.781944,0.648,1.653668e+05,3.832993e-02,3.2386,3.3474,0,1,116,372,44,54
1690,470,2160,0.782407,0.664,1.654398e+05,2.569470e-02,3.2459,3.3363,0,6,130,371,44,54
1691,469,2160,0.78287,0.658,1.654995e+05,2.353459e-02,3.2161,3.3127,0,7,126,370,44,54
1692,468,2160,0.783333,0.663,1.656589e+05,1.460091e-02,3.2299,3.3407,0,5,126,369,44,54
1693,467,2160,0.783796,0.664,1.652863e+05,3.607578e-02,3.2386,3.3564,0,8,71,368,44,54
1694,466,2160,0.784259,0.66,1.649317e+05,2.159026e-02,3.2461,3.3327,0,4,71,367,44,54
1695,465,2160,0.784722,0.662,1.641475e+05,2.445648e-02,3.2406,3.3254,0,4,36,366,44,54
1696,464,2160,0.785185,0.66,1.647861e+05,4.401740e-02,3.2599,3.3489,0,2,79,365,44,54
1697,463,2160,0.785648,0.665,1.659934e+05,3.861770e-02,3.2492,3.3259,0,1,148,364,44,54
1698,462,2160,0.786111,0.662,1.673649e+05,3.326637e-02,3.2121,3.333,0,8,79,363,44,54
1699,461,2160,0.786574,0.661,1.680167e+05,2.285300e-02,3.2236,3.3307,0,5,37,362,44,54
1700,460,2160,0.787037,0.657,1.679901e+05,2.404287e-02,3.2324,3.3221,0,4,37,361,44,54
1701,459,2160,0.7875,0.66,1.687808e+05,2.356664e-02,3.2312,3.3283,0,7,76,360,44,54
1702,458,2160,0.787963,0.656,1.688707e+05,2.241645e-02,3.2315,3.3274,0,5,122,359,44,54
1703,457,2160,0.788426,0.66,1.695104e+05,2.256190e-02,3.2383,3.3365,0,7,106,358,44,54
1704,456,2160,0.788889,0.653,1.700129e+05,2.131138e-02,3.2194,3.3076,0,5,112,357,44,54
1705,455,2160,0.789352,0.654,1.717754e+05,3.326683e-02,3.2384,3.3341,0,0,37,356,44,54
1706,454,2160,0.789815,0.658,1.717771e+05,2.251251e-02,3.2439,3.3382,0,5,164,355,44,54
1707,453,2160,0.790278,0.658,1.724363e+05,2.688624e-02,3.2399,3.3011,0,6,113,354,44,54
1708,452,2160,0.790741,0.654,1.729491e+05,1.630414e-02,3.2235,3.3419,0,4,113,353,44,54
1709,451,2160,0.791204,0.655,1.725587e+05,3.481576e-02,3.2371,3.3395,0,0,54,352,44,54
1710,450,2160,0.791667,0.659,1.728583e+05,3.382624e-02,3.2474,3.3273,0,0,117,351,44,54
1711,449,2160,0.79213,0.657,1.731344e+05,2.400341e-02,3.2162,3.3374,0,5,130,350,44,54
1712,448,2160,0.792593,0.658,1.733453e+05,2.740917e-02,3.2313,3.34,0,6,163,349,44,54
1713,447,2160,0.793056,0.651,1.733967e+05,2.717948e-02,3.2376,3.322,0,6,110,348,44,54
1714,446,2160,0.793519,0.653,1.740451e+05,2.525693e-02,3.2385,3.3168,0,4,2,347,44,54
1715,445,2160,0.793981,0.657,1.753793e+05,1.720589e-02,3.2366,3.3319,0,7,2,346,44,54
1716,444,2160,0.794444,0.655,1.758785e+05,4.675992e-02,3.2499,3.347,0,2,173,345,44,54
1717,443,2160,0.794907,0.655,1.778596e+05,2.288535e-02,3.2613,3.3495,0,7,38,344,44,54
1718,442,2160,0.79537,0.654,1.795562e+05,3.688044e-02,3.2278,3.3346,0,8,94,343,44,54
1719,441,2160,0.795833,0.655,1.805846e+05,2.279535e-02,3.2425,3.3262,0,6,94,342,44,54
1720,440,2160,0.796296,0.654,1.797126e+05,2.219054e-02,3.2399,3.3367,0,5,189,341,44,54
1721,439,2160,0.796759,0.656,1.812375e+05,2.363716e-02,3.2472,3.3177,0,5,152,340,44,54
1722,438,2160,0.797222,0.656,1.813728e+05,2.604952e-02,3.2279,3.3284,0,4,137,339,44,54
1723,437,2160,0.797685,0.656,1.819846e+05,2.479671e-02,3.224,3.3366,0,4,38,338,44,54
1724,436,2160,0.798148,0.651,1.838069e+05,2.654896e-02,3.2508,3.337,0,6,118,337,44,54
1725,435,2160,0.798611,0.652,1.841714e+05,4.585340e-02,3.2303,3.3149,0,2,75,336,44,54
1726,434,2160,0.799074,0.654,1.859027e+05,2.383514e-02,3.2487,3.336,0,7,75,335,44,54
1727,433,2160,0.799537,0.659,1.858122e+05,2.842879e-02,3.2161,3.3206,0,6,146,334,44,54
1728,432,2160,0.8,0.658,1.859308e+05,2.427375e-02,3.2546,3.3383,0,7,156,333,44,54
1729,431,2160,0.800463,0.658,1.862211e+05,2.796035e-02,3.2304,3.3294,0,6,76,332,44,54
1730,430,2160,0.800926,0.658,1.868596e+05,3.231638e-02,3.22,3.3385,0,0,65,331,44,54
1731,429,2160,0.801389,0.66,1.887448e+05,1.820574e-02,3.2461,3.3439,2,2,1,331,44,53
1732,428,2160,0.801852,0.661,1.884183e+05,2.485597e-02,3.2563,3.3353,0,7,23,330,44,53
1733,427,2160,0.802315,0.662,1.889647e+05,3.563631e-02,3.241,3.3442,0,8,84,329,44,53
1734,426,2160,0.802778,0.662,1.910443e+05,2.907124e-02,3.2403,3.3354,0,6,14,328,44,53
1735,425,2160,0.803241,0.662,1.922130e+05,1.798200e-02,3.2008,3.3239,0,4,14,327,44,53
1736,424,2160,0.803704,0.661,1.920330e+05,2.597491e-02,3.2337,3.3519,0,7,137,326,44,53
1737,423,2160,0.804167,0.659,1.925281e+05,4.917074e-02,3.2286,3.3428,0,2,119,325,44,53
1738,422,2160,0.80463,0.658,1.946386e+05,4.085738e-02,3.241,3.3356,0,1,45,324,44,53
1739,421,2160,0.805093,0.657,1.970811e+05,2.631718e-02,3.2209,3.3198,0,4,46,323,44,53
1740,420,2160,0.805556,0.658,1.994890e+05,2.553825e-02,3.2305,3.3152,0,5,193,322,44,53
1741,419,2160,0.806019,0.662,2.002674e+05,1.896494e-02,3.2348,3.3459,0,7,193,321,44,53
1742,418,2160,0.806481,0.66,2.005750e+05,2.278143e-02,3.2335,3.3341,0,7,56,320,44,53
1743,417,2160,0.806944,0.659,2.031037e+05,2.559117e-02,3.2457,3.3263,0,5,20,319,44,53
1744,416,2160,0.807407,0.658,2.038888e+05,2.653963e-02,3.2451,3.3378,0,4,20,318,44,53
1745,415,2160,0.80787,0.657,2.061069e+05,2.800286e-02,3.2561,3.3392,0,4,156,317,44,53
1746,414,2160,0.808333,0.649,2.073071e+05,2.693388e-02,3.2246,3.3351,0,6,156,316,44,53
1747,413,2160,0.808796,0.65,2.068359e+05,2.961112e-02,3.2356,3.3378,0,6,93,315,44,53
1748,412,2160,0.809259,0.649,2.071604e+05,1.951312e-01,3.2334,3.3394,2,0,6,315,44,52
1749,411,2160,0.809722,0.599,2.146351e+05,2.042927e-02,3.2342,3.3359,1,4,7,315,43,52
1750,410,2160,0.810185,0.603,2.141747e+05,5.035717e-02,3.2283,3.34,0,2,160,314,43,52
1751,409,2160,0.810648,0.604,2.162806e+05,2.611469e-02,3.2535,3.345,0,5,77,313,43,52
1752,408,2160,0.811111,0.608,2.164884e+05,4.003532e-02,3.2348,3.3391,0,8,143,312,43,52
1753,407,2160,0.811574,0.604,2.176328e+05,4.026848e-02,3.2376,3.3441,0,8,78,311,43,52
1754,406,2160,0.812037,0.601,2.183683e+05,1.858277e-01,3.2403,3.3651,2,5,6,311,43,51
1755,405,2160,0.8125,0.572,2.238620e+05,2.732977e-02,3.2518,3.3414,2,5,5,311,43,50
1756,404,2160,0.812963,0.573,2.219463e+05,2.625311e-02,3.2226,3.3302,0,5,128,310,43,50
1757,403,2160,0.813426,0.574,2.212488e+05,1.371612e-02,3.2394,3.3104,1,8,6,310,42,50
1758,402,2160,0.813889,0.574,2.203841e+05,2.407212e-02,3.2153,3.3177,2,8,4,310,42,49
1759,401,2160,0.814352,0.576,2.200292e+05,4.120256e-02,3.2309,3.33,0,1,133,309,42,49
1760,400,2160,0.814815,0.58,2.212855e+05,2.524237e-02,3.2439,3.3258,2,8,9,309,42,48
1761,399,2160,0.815278,0.582,2.209814e+05,3.054146e-02,3.2317,3.3282,0,6,95,308,42,48
1762,398,2160,0.815741,0.581,2.213209e+05,3.052725e-02,3.2277,3.316,0,6,170,307,42,48
1763,397,2160,0.816204,0.585,2.223203e+05,2.806416e-02,3.24,3.3132,0,4,18,306,42,48
1764,396,2160,0.816667,0.583,2.246836e+05,2.874080e-02,3.2389,3.3324,0,4,177,305,42,48
1765,395,2160,0.81713,0.585,2.268226e+05,1.808707e-02,3.2472,3.3341,2,8,8,305,42,47
1766,394,2160,0.817593,0.585,2.264786e+05,3.049052e-02,3.2279,3.3518,0,6,135,304,42,47
1767,393,2160,0.818056,0.58,2.276941e+05,2.423768e-02,3.2281,3.3303,0,7,177,303,42,47
1768,392,2160,0.818519,0.583,2.299778e+05,2.720677e-02,3.2414,3.3483,0,7,151,302,42,47
1769,391,2160,0.818981,0.579,2.304403e+05,1.353259e-01,3.2374,3.351,2,8,2,302,42,46
1770,390,2160,0.819444,0.578,2.324784e+05,3.080207e-02,3.2392,3.3331,0,4,48,301,42,46
1771,389,2160,0.819907,0.573,2.335497e+05,2.481056e-02,3.2334,3.3373,0,6,48,300,42,46
1772,388,2160,0.82037,0.576,2.326313e+05,3.671164e-02,3.25,3.3222,0,0,131,299,42,46
1773,387,2160,0.820833,0.577,2.326703e+05,3.181897e-02,3.2133,3.3228,0,6,37,298,42,46
1774,386,2160,0.821296,0.576,2.337878e+05,4.342932e-02,3.2686,3.3162,0,1,50,297,42,46
1775,385,2160,0.821759,0.577,2.349003e+05,4.162316e-02,3.2494,3.3263,0,8,142,296,42,46
1776,384,2160,0.822222,0.575,2.374237e+05,2.630119e-02,3.2076,3.322,0,5,158,295,42,46
1777,383,2160,0.822685,0.575,2.388268e+05,2.519843e-02,3.2211,3.3244,0,5,48,294,42,46
1778,382,2160,0.823148,0.58,2.408199e+05,2.986778e-02,3.2246,3.3318,0,4,21,293,42,46
1779,381,2160,0.823611,0.573,2.427853e+05,2.819487e-02,3.2199,3.332,0,5,21,292,42,46
1780,380,2160,0.824074,0.569,2.435106e+05,3.088359e-02,3.2262,3.3289,0,6,158,291,42,46
1781,379,2160,0.824537,0.57,2.457754e+05,3.164811e-02,3.2345,3.3293,1,2,7,291,41,46
1782,378,2160,0.825,0.572,2.458091e+05,2.948478e-02,3.2516,3.3351,0,4,19,290,41,46
1783,377,2160,0.825463,0.571,2.480814e+05,2.818983e-02,3.2494,3.3276,0,4,186,289,41,46
1784,376,2160,0.825926,0.573,2.507946e+05,3.242601e-02,3.2319,3.3261,0,6,58,288,41,46
1785,375,2160,0.826389,0.571,2.529959e+05,2.699561e-02,3.2609,3.329,0,7,43,287,41,46
1786,374,2160,0.826852,0.57,2.556575e+05,3.723018e-02,3.2398,3.3137,0,0,165,286,41,46
1787,373,2160,0.827315,0.57,2.585465e+05,3.040809e-02,3.2249,3.3324,0,7,31,285,41,46
1788,372,2160,0.827778,0.57,2.590501e+05,5.230471e-02,3.2214,3.3218,0,2,65,284,41,46
1789,371,2160,0.828241,0.57,2.617140e+05,3.454448e-02,3.2548,3.3451,0,6,132,283,41,46
1790,370,2160,0.828704,0.571,2.622672e+05,4.332385e-02,3.2265,3.3387,0,8,128,282,41,46
1791,369,2160,0.829167,0.567,2.646537e+05,3.290883e-02,3.2383,3.3278,0,4,87,281,41,46
1792,368,2160,0.82963,0.57,2.658763e+05,2.845583e-02,3.233,3.3185,0,6,87,280,41,46
1793,367,2160,0.830093,0.574,2.652398e+05,3.414312e-02,3.2419,3.3257,0,6,136,279,41,46
1794,366,2160,0.830556,0.567,2.668233e+05,3.028452e-02,3.2259,3.3292,0,7,101,278,41,46
1795,365,2160,0.831019,0.573,2.668818e+05,2.747062e-02,3.2553,3.3226,0,5,138,277,41,46
1796,364,2160,0.831481,0.568,2.682870e+05,2.632179e-02,3.2442,3.3229,0,5,188,276,41,46
1797,363,2160,0.831944,0.575,2.704120e+05,3.044538e-02,3.2384,3.3345,0,7,128,275,41,46
1798,362,2160,0.832407,0.575,2.708279e+05,2.774515e-02,3.2398,3.3423,0,5,114,274,41,46
1799,361,2160,0.83287,0.573,2.720945e+05,3.526385e-02,3.2229,3.3279,0,6,120,273,41,46
1800,360,2160,0.833333,0.568,2.728174e+05,3.064475e-02,3.2218,3.3323,0,7,93,272,41,46
1801,359,2160,0.833796,0.567,2.728718e+05,1.309754e-02,3.2163,3.3253,0,5,93,271,41,46
1802,358,2160,0.834259,0.569,2.726030e+05,3.336001e-02,3.2356,3.3463,0,6,164,270,41,46
1803,357,2160,0.834722,0.572,2.758528e+05,6.281220e-02,3.2534,3.3447,1,6,2,270,40,46
1804,356,2160,0.835185,0.581,2.766964e+05,2.488315e-02,3.2444,3.3302,0,5,42,269,40,46
1805,355,2160,0.835648,0.581,2.798622e+05,2.682141e-02,3.2362,3.3264,0,7,181,268,40,46
1806,354,2160,0.836111,0.587,2.829758e+05,5.380520e-02,3.253,3.3327,0,2,149,267,40,46
1807,353,2160,0.836574,0.582,2.857402e+05,3.228114e-02,3.2309,3.3228,0,4,178,266,40,46
1808,352,2160,0.837037,0.586,2.891189e+05,4.375444e-02,3.2417,3.3264,0,1,115,265,40,46
1809,351,2160,0.8375,0.582,2.907481e+05,4.221501e-02,3.2253,3.3378,0,1,144,264,40,46
1810,350,2160,0.837963,0.587,2.926317e+05,5.444920e-02,3.2505,3.3239,0,2,163,263,40,46
1811,349,2160,0.838426,0.585,2.952921e+05,4.421034e-02,3.2345,3.335,0,1,68,262,40,46
1812,348,2160,0.838889,0.586,2.967752e+05,3.119525e-02,3.2146,3.3455,0,5,54,261,40,46
1813,347,2160,0.839352,0.586,2.969097e+05,2.366874e-02,3.2378,3.3322,0,7,54,260,40,46
1814,346,2160,0.839815,0.584,2.970153e+05,5.071565e-02,3.2382,3.344,0,2,68,259,40,46
1815,345,2160,0.840278,0.585,2.977675e+05,2.813186e-02,3.2412,3.3425,0,5,39,258,40,46
1816,344,2160,0.840741,0.586,2.997211e+05,4.288664e-02,3.2305,3.339,0,1,94,257,40,46
1817,343,2160,0.841204,0.588,3.019091e+05,2.965078e-02,3.2641,3.303,0,5,107,256,40,46
1818,342,2160,0.841667,0.585,3.033949e+05,2.760950e-02,3.2285,3.3283,0,6,107,255,40,46
1819,341,2160,0.84213,0.588,3.025128e+05,5.491174e-02,3.2699,3.3522,0,2,115,254,40,46
1820,340,2160,0.842593,0.584,3.044878e+05,3.108491e-02,3.2347,3.3188,0,5,159,253,40,46
1821,339,2160,0.843056,0.583,3.046524e+05,3.331855e-02,3.2417,3.3469,0,6,159,252,40,46
1822,338,2160,0.843519,0.581,3.059836e+05,3.702355e-02,3.2317,3.3287,0,6,115,251,40,46
1823,337,2160,0.843981,0.578,3.072403e+05,3.293425e-02,3.2319,3.3376,0,7,149,250,40,46
1824,336,2160,0.844444,0.577,3.078652e+05,3.525940e-02,3.2316,3.3188,0,6,149,249,40,46
1825,335,2160,0.844907,0.577,3.098532e+05,3.602853e-02,3.2349,3.3207,0,6,40,248,40,46
1826,334,2160,0.84537,0.577,3.134678e+05,2.843123e-02,3.2296,3.3335,0,7,59,247,40,46
1827,333,2160,0.845833,0.579,3.170894e+05,3.645309e-02,3.2528,3.3326,0,6,7,246,40,46
1828,332,2160,0.846296,0.58,3.207708e+05,4.072417e-02,3.2417,3.3318,0,6,171,245,40,46
1829,331,2160,0.846759,0.58,3.217298e+05,3.985378e-02,3.2239,3.319,0,6,102,244,40,46
1830,330,2160,0.847222,0.58,3.235863e+05,3.394348e-02,3.2494,3.3339,0,7,35,243,40,46
1831,329,2160,0.847685,0.578,3.243569e+05,3.613640e-02,3.2398,3.3421,0,6,35,242,40,46
1832,328,2160,0.848148,0.576,3.265949e+05,3.185280e-02,3.2784,3.3276,0,5,171,241,40,46
1833,327,2160,0.848611,0.58,3.272270e+05,2.552219e-02,3.2208,3.3437,0,7,171,240,40,46
1834,326,2160,0.849074,0.577,3.280072e+05,2.733926e-02,3.2335,3.3305,2,6,1,240,40,45
1835,325,2160,0.849537,0.577,3.278156e+05,3.993013e-02,3.2365,3.3364,0,0,82,239,40,45
1836,324,2160,0.85,0.572,3.317449e+05,4.446286e-02,3.2135,3.3231,1,1,0,239,39,45
1837,323,2160,0.850463,0.577,3.324785e+05,3.264780e-02,3.2444,3.3256,0,4,64,238,39,45
1838,322,2160,0.850926,0.567,3.362490e+05,3.225630e-02,3.2321,3.3455,0,5,127,237,39,45
1839,321,2160,0.851389,0.568,3.371947e+05,3.309256e-02,3.2166,3.3376,0,5,150,236,39,45
1840,320,2160,0.851852,0.569,3.375582e+05,3.121956e-02,3.2219,3.3207,0,6,150,235,39,45
1841,319,2160,0.852315,0.569,3.388383e+05,3.361263e-02,3.2389,3.3145,0,4,44,234,39,45
1842,318,2160,0.852778,0.571,3.425477e+05,3.025102e-02,3.2783,3.3083,0,7,37,233,39,45
1843,317,2160,0.853241,0.567,3.465892e+05,3.538935e-02,3.2381,3.3271,0,4,132,232,39,45
1844,316,2160,0.853704,0.564,3.504971e+05,3.229401e-02,3.222,3.3169,0,5,23,231,39,45
1845,315,2160,0.854167,0.568,3.531875e+05,4.120741e-02,3.2416,3.3034,0,6,133,230,39,45
1846,314,2160,0.85463,0.561,3.571457e+05,4.094668e-02,3.2288,3.3423,0,6,24,229,39,45
1847,313,2160,0.855093,0.561,3.616449e+05,4.093564e-02,3.2352,3.3254,0,6,122,228,39,45
1848,312,2160,0.855556,0.562,3.663129e+05,3.861503e-02,3.2429,3.3196,0,4,131,227,39,45
1849,311,2160,0.856019,0.559,3.689967e+05,3.711151e-02,3.2342,3.3199,0,7,117,226,39,45
1850,310,2160,0.856481,0.561,3.693838e+05,2.490566e-02,3.2205,3.3226,0,5,117,225,39,45
1851,309,2160,0.856944,0.56,3.694343e+05,3.545112e-02,3.245,3.3143,0,5,101,224,39,45
1852,308,2160,0.857407,0.563,3.700059e+05,3.803049e-02,3.2395,3.3409,0,0,101,223,39,45
1853,307,2160,0.85787,0.556,3.698640e+05,3.330218e-02,3.2687,3.3416,0,5,50,222,39,45
1854,306,2160,0.858333,0.559,3.719065e+05,4.478939e-02,3.237,3.3467,0,6,108,221,39,45
1855,305,2160,0.858796,0.561,3.738067e+05,2.904576e-02,3.2428,3.3462,0,5,108,220,39,45
1856,304,2160,0.859259,0.561,3.769257e+05,4.580613e-02,3.2371,3.3167,0,6,33,219,39,45
1857,303,2160,0.859722,0.558,3.783922e+05,3.186575e-02,3.2372,3.3225,0,4,33,218,39,45
1858,302,2160,0.860185,0.567,3.800596e+05,3.609633e-02,3.2317,3.3116,0,4,22,217,39,45
1859,301,2160,0.860648,0.561,3.842520e+05,2.678880e-02,3.2217,3.354,0,5,22,216,39,45
1860,300,2160,0.861111,0.556,3.876426e+05,3.036009e-02,3.247,3.3243,0,5,47,215,39,45
1861,299,2160,0.861574,0.56,3.916907e+05,1.370651e-02,3.2343,3.3293,1,5,4,215,38,45
1862,298,2160,0.862037,0.561,3.914051e+05,3.349866e-02,3.2206,3.3343,0,7,175,214,38,45
1863,297,2160,0.8625,0.556,3.944806e+05,3.381773e-02,3.2274,3.3237,2,9,1,214,38,44
1864,296,2160,0.862963,0.552,3.939334e+05,3.313669e-02,3.2612,3.34,0,7,174,213,38,44
1865,295,2160,0.863426,0.546,3.965555e+05,3.913477e-02,3.2372,3.3402,0,7,95,212,38,44
1866,294,2160,0.863889,0.544,3.973826e+05,3.579229e-02,3.2356,3.3339,2,5,1,212,38,43
1867,293,2160,0.864352,0.545,3.965155e+05,4.685605e-02,3.2541,3.3443,0,1,80,211,38,43
1868,292,2160,0.864815,0.539,3.994242e+05,2.644734e-02,3.2111,3.3229,1,5,2,211,37,43
1869,291,2160,0.865278,0.532,3.989945e+05,5.902369e-02,3.2364,3.3371,0,2,176,210,37,43
1870,290,2160,0.865741,0.535,4.035982e+05,4.825408e-02,3.2431,3.3264,0,1,162,209,37,43
1871,289,2160,0.866204,0.536,4.052689e+05,2.707176e-02,3.2221,3.3064,0,5,162,208,37,43
1872,288,2160,0.866667,0.54,4.078692e+05,4.715999e-02,3.2449,3.3234,0,0,118,207,37,43
1873,287,2160,0.86713,0.544,4.089165e+05,3.426466e-02,3.2291,3.3235,0,5,160,206,37,43
1874,286,2160,0.867593,0.547,4.122327e+05,3.812865e-02,3.2289,3.3399,0,5,145,205,37,43
1875,285,2160,0.868056,0.546,4.131383e+05,2.807121e-02,3.207,3.3273,0,7,145,204,37,43
1876,284,2160,0.868519,0.546,4.140293e+05,4.553926e-02,3.2312,3.3352,0,6,160,203,37,43
1877,283,2160,0.868981,0.541,4.183105e+05,5.579458e-02,3.2243,3.3331,0,8,91,202,37,43
1878,282,2160,0.869444,0.542,4.199514e+05,4.318992e-02,3.2531,3.3364,0,4,106,201,37,43
1879,281,2160,0.869907,0.536,4.212670e+05,5.157598e-02,3.2409,3.3454,0,0,161,200,37,43
1880,280,2160,0.87037,0.524,4.213004e+05,1.576945e-02,3.2414,3.3245,0,5,161,199,37,43
1881,279,2160,0.870833,0.527,4.210525e+05,4.865317e-02,3.2393,3.336,0,8,161,198,37,43
1882,278,2160,0.871296,0.522,4.240372e+05,4.960555e-02,3.2295,3.3336,0,0,49,197,37,43
1883,277,2160,0.871759,0.53,4.247241e+05,3.540379e-02,3.2154,3.338,0,7,100,196,37,43
1884,276,2160,0.872222,0.534,4.296775e+05,4.074842e-02,3.2514,3.3454,0,4,114,195,37,43
1885,275,2160,0.872685,0.532,4.334266e+05,3.299787e-02,3.2348,3.3468,0,5,35,194,37,43
1886,274,2160,0.873148,0.531,4.388541e+05,3.890043e-02,3.2322,3.3473,0,5,89,193,37,43
1887,273,2160,0.873611,0.528,4.395681e+05,3.283653e-02,3.2388,3.3277,0,5,139,192,37,43
1888,272,2160,0.874074,0.521,4.449675e+05,2.843069e-01,3.2258,3.3298,2,4,6,192,37,42
1889,271,2160,0.874537,0.538,4.574274e+05,1.416855e-01,3.2365,3.3233,1,6,8,192,36,42
1890,270,2160,0.875,0.526,4.600247e+05,4.336324e-02,3.2437,3.3391,0,7,96,191,36,42
1891,269,2160,0.875463,0.53,4.604207e+05,2.077415e-02,3.2349,3.3301,0,5,96,190,36,42
1892,268,2160,0.875926,0.533,4.608590e+05,4.905804e-02,3.2142,3.3334,0,6,134,189,36,42
1893,267,2160,0.876389,0.53,4.648307e+05,5.379378e-02,3.2431,3.3422,0,0,184,188,36,42
1894,266,2160,0.876852,0.532,4.664056e+05,2.565179e-02,3.2419,3.3337,0,7,184,187,36,42
1895,265,2160,0.877315,0.527,4.672179e+05,4.980279e-02,3.2348,3.352,0,0,70,186,36,42
1896,264,2160,0.877778,0.52,4.727823e+05,5.254028e-02,3.2522,3.3481,0,1,118,185,36,42
1897,263,2160,0.878241,0.513,4.748865e+05,6.905297e-02,3.2397,3.3211,1,2,2,185,35,42
1898,262,2160,0.878704,0.508,4.748742e+05,5.461072e-02,3.2357,3.3451,2,8,5,185,35,41
1899,261,2160,0.879167,0.511,4.759065e+05,7.645761e-02,3.2363,3.3381,1,2,8,185,34,41
1900,260,2160,0.87963,0.513,4.763588e+05,4.229685e-02,3.2597,3.3287,1,4,5,185,33,41
1901,259,2160,0.880093,0.51,4.767205e+05,5.200531e-02,3.2396,3.3269,0,0,73,184,33,41
1902,258,2160,0.880556,0.514,4.819780e+05,5.695349e-02,3.2485,3.3461,0,0,146,183,33,41
1903,257,2160,0.881019,0.51,4.821822e+05,1.894658e-02,3.2612,3.3296,0,5,146,182,33,41
1904,256,2160,0.881481,0.506,4.818992e+05,6.447559e-02,3.2209,3.3353,0,2,101,181,33,41
1905,255,2160,0.881944,0.511,4.864529e+05,4.142746e-02,3.2493,3.3389,0,7,19,180,33,41
1906,254,2160,0.882407,0.504,4.922694e+05,4.510006e-02,3.2407,3.3413,0,4,101,179,33,41
1907,253,2160,0.88287,0.503,4.926537e+05,5.862903e-02,3.2323,3.3238,0,8,53,178,33,41
1908,252,2160,0.883333,0.502,4.986977e+05,4.966015e-02,3.2362,3.3159,0,6,101,177,33,41
1909,251,2160,0.883796,0.504,5.029703e+05,4.967868e-02,3.2247,3.3303,2,6,5,177,33,40
1910,250,2160,0.884259,0.503,5.042680e+05,5.532539e-02,3.2675,3.3312,0,1,105,176,33,40
1911,249,2160,0.884722,0.496,5.061406e+05,5.438679e-02,3.2443,3.3169,0,1,114,175,33,40
1912,248,2160,0.885185,0.49,5.124425e+05,5.604370e-02,3.2236,3.3343,0,6,72,174,33,40
1913,247,2160,0.885648,0.483,5.162117e+05,6.270449e-02,3.2253,3.3409,0,8,105,173,33,40
1914,246,2160,0.886111,0.49,5.168223e+05,3.765975e-02,3.239,3.3334,0,6,105,172,33,40
1915,245,2160,0.886574,0.487,5.145699e+05,4.850635e-02,3.2289,3.3296,0,7,118,171,33,40
1916,244,2160,0.887037,0.482,5.158543e+05,4.135568e-02,3.231,3.3056,0,7,159,170,33,40
1917,243,2160,0.8875,0.488,5.223331e+05,5.932466e-02,3.2246,3.322,0,6,90,169,33,40
1918,242,2160,0.887963,0.49,5.239469e+05,4.397637e-02,3.2436,3.3388,0,4,90,168,33,40
1919,241,2160,0.888426,0.494,5.254929e+05,1.223474e-01,3.2396,3.3055,2,3,6,168,33,39
1920,240,2160,0.888889,0.418,5.353528e+05,2.449311e-01,3.2197,3.3377,1,6,0,168,32,39
1921,239,2160,0.889352,0.423,5.340534e+05,2.297295e-01,3.2633,3.3541,1,6,1,168,31,39
1922,238,2160,0.889815,0.431,5.332877e+05,1.548113e-01,3.2516,3.3479,1,6,6,168,30,39
1923,237,2160,0.890278,0.433,5.327514e+05,2.320797e-01,3.2521,3.3532,1,6,7,168,29,39
1924,236,2160,0.890741,0.435,5.323329e+05,3.052924e-02,3.2448,3.3325,0,5,90,167,29,39
1925,235,2160,0.891204,0.433,5.318852e+05,9.574507e-02,3.2374,3.3302,2,9,7,167,29,38
1926,234,2160,0.891667,0.431,5.321244e+05,5.332780e-02,3.2357,3.3346,0,1,147,166,29,38
1927,233,2160,0.89213,0.423,5.364080e+05,4.182027e-02,3.2496,3.3384,0,7,71,165,29,38
1928,232,2160,0.892593,0.424,5.425542e+05,1.838280e-02,3.2297,3.3127,2,3,1,165,29,37
1929,231,2160,0.893056,0.432,5.421115e+05,5.175982e-02,3.2433,3.3293,0,0,147,164,29,37
1930,230,2160,0.893519,0.43,5.473684e+05,4.443443e-02,3.2317,3.3203,2,6,4,164,29,36
1931,229,2160,0.893981,0.428,5.476838e+05,4.155510e-02,3.2347,3.305,0,4,188,163,29,36
1932,228,2160,0.894444,0.422,5.543277e+05,7.467989e-02,3.2514,3.3306,1,4,1,163,28,36
1933,227,2160,0.894907,0.417,5.577757e+05,3.949994e-02,3.2301,3.3392,0,5,88,162,28,36
1934,226,2160,0.89537,0.407,5.641408e+05,6.742778e-02,3.2446,3.3295,0,8,51,161,28,36
1935,225,2160,0.895833,0.405,5.662537e+05,2.257364e-02,3.2485,3.3233,0,4,51,160,28,36
1936,224,2160,0.896296,0.408,5.666351e+05,6.489780e-02,3.2333,3.3248,0,0,87,159,28,36
1937,223,2160,0.896759,0.411,5.682806e+05,6.105377e-02,3.2322,3.3379,0,6,103,158,28,36
1938,222,2160,0.897222,0.402,5.704787e+05,5.945831e-02,3.2336,3.3232,0,6,78,157,28,36
1939,221,2160,0.897685,0.403,5.741498e+05,5.770503e-02,3.228,3.3243,0,6,36,156,28,36
1940,220,2160,0.898148,0.392,5.794785e+05,3.603833e-02,3.2262,3.3182,0,7,36,155,28,36
1941,219,2160,0.898611,0.397,5.833291e+05,6.730110e-02,3.2386,3.3271,1,1,7,155,27,36
1942,218,2160,0.899074,0.402,5.855013e+05,6.208740e-02,3.2362,3.3202,0,0,75,154,27,36
1943,217,2160,0.899537,0.403,5.866316e+05,4.580259e-02,3.2317,3.0408,0,5,63,153,27,36
1944,216,2160,0.9,0.415,5.875397e+05,2.914705e-02,3.2432,3.3357,0,7,63,152,27,36
1945,215,2160,0.900463,0.417,5.880259e+05,6.444597e-02,3.2263,3.3362,0,6,80,151,27,36
1946,214,2160,0.900926,0.417,5.914554e+05,5.073754e-02,3.2493,3.3129,0,8,80,150,27,36
1947,213,2160,0.901389,0.412,5.918209e+05,7.737295e-02,3.2586,3.32,1,1,5,150,26,36
1948,212,2160,0.901852,0.398,5.932482e+05,5.456555e-02,3.2362,3.342,2,7,5,150,26,35
1949,211,2160,0.902315,0.416,5.935079e+05,4.323706e-02,3.2384,3.3363,2,1,9,150,26,34
1950,210,2160,0.902778,0.404,5.932049e+05,4.458413e-02,3.2336,3.3339,0,7,32,149,26,34
1951,209,2160,0.903241,0.407,6.001299e+05,5.154214e-02,3.2339,3.3268,0,7,110,148,26,34
1952,208,2160,0.903704,0.415,6.028740e+05,4.508680e-02,3.224,3.3426,0,7,3,147,26,34
1953,207,2160,0.904167,0.413,6.095155e+05,5.270647e-02,3.2363,3.33,0,0,110,146,26,34
1954,206,2160,0.90463,0.41,6.138020e+05,4.800887e-02,3.2435,3.359,0,5,78,145,26,34
1955,205,2160,0.905093,0.406,6.149870e+05,6.821395e-02,3.2315,3.3397,0,0,144,144,26,34
1956,204,2160,0.905556,0.402,6.177072e+05,6.647177e-02,3.2441,3.3389,1,9,0,144,25,34
1957,203,2160,0.906019,0.399,6.198736e+05,4.577025e-02,3.2282,3.3361,0,4,30,143,25,34
1958,202,2160,0.906481,0.39,6.273993e+05,4.585379e-02,3.2379,3.3304,0,4,165,142,25,34
1959,201,2160,0.906944,0.395,6.353840e+05,6.515285e-02,3.2472,3.3439,0,2,61,141,25,34
1960,200,2160,0.907407,0.391,6.434697e+05,4.588935e-02,3.2331,3.34,0,7,123,140,25,34
1961,199,2160,0.90787,0.388,6.518582e+05,9.596929e-02,3.217,3.3587,1,7,6,140,24,34
1962,198,2160,0.908333,0.391,6.516187e+05,5.615415e-02,3.2399,3.3308,2,3,7,140,24,33
1963,197,2160,0.908796,0.391,6.513703e+05,5.206729e-02,3.2236,3.3418,2,5,4,140,24,32
1964,196,2160,0.909259,0.385,6.520283e+05,6.383254e-02,3.2474,3.3394,0,6,143,139,24,32
1965,195,2160,0.909722,0.376,6.575100e+05,3.764189e-02,3.2458,3.3437,0,5,143,138,24,32
1966,194,2160,0.910185,0.379,6.566056e+05,2.808678e-02,3.2298,3.344,2,3,4,138,24,31
1967,193,2160,0.910648,0.382,6.568176e+05,4.847841e-02,3.2373,3.3379,0,4,86,137,24,31
1968,192,2160,0.911111,0.373,6.646422e+05,6.407578e-02,3.2559,3.3395,0,6,129,136,24,31
1969,191,2160,0.911574,0.37,6.737018e+05,9.140951e-02,3.2633,3.3212,2,0,1,136,24,30
1970,190,2160,0.912037,0.37,6.743359e+05,7.028808e-02,3.2334,3.3208,0,6,138,135,24,30
1971,189,2160,0.9125,0.37,6.776653e+05,5.423368e-02,3.2631,3.332,0,7,79,134,24,30
1972,188,2160,0.912963,0.37,6.823702e+05,2.838444e-02,3.2335,3.3211,0,1,79,133,24,30
1973,187,2160,0.913426,0.366,6.832177e+05,5.359442e-02,3.2378,3.3452,0,2,138,132,24,30
1974,186,2160,0.913889,0.368,6.875334e+05,3.913387e-02,3.2384,3.3367,0,4,138,131,24,30
1975,185,2160,0.914352,0.372,6.925384e+05,7.024100e-02,3.236,3.3275,0,6,34,130,24,30
1976,184,2160,0.914815,0.36,6.959357e+05,4.594158e-02,3.2269,3.3249,0,4,34,129,24,30
1977,183,2160,0.915278,0.364,7.017688e+05,4.689222e-02,3.2354,3.3257,0,7,141,128,24,30
1978,182,2160,0.915741,0.357,7.106764e+05,5.720069e-02,3.2797,3.3497,2,2,9,128,24,29
1979,181,2160,0.916204,0.35,7.122195e+05,5.682720e-02,3.2229,3.3374,0,5,132,127,24,29
1980,180,2160,0.916667,0.339,7.139649e+05,7.484126e-02,3.256,3.3404,0,6,106,126,24,29
1981,179,2160,0.91713,0.331,7.190073e+05,6.912506e-02,3.2438,3.3396,0,8,106,125,24,29
1982,178,2160,0.917593,0.325,7.223112e+05,4.920025e-02,3.2362,3.3534,0,7,136,124,24,29
1983,177,2160,0.918056,0.326,7.322500e+05,7.381033e-02,3.2544,3.3375,0,0,104,123,24,29
1984,176,2160,0.918519,0.333,7.327798e+05,1.294447e-01,3.2458,3.3262,1,1,2,123,23,29
1985,175,2160,0.918981,0.344,7.378385e+05,6.526295e-02,3.2421,2.8555,0,2,62,122,23,29
1986,174,2160,0.919444,0.333,7.473694e+05,1.078075e-01,3.247,3.339,2,1,1,122,23,28
1987,173,2160,0.919907,0.324,7.463823e+05,6.978518e-02,3.2422,3.3493,0,6,151,121,23,28
1988,172,2160,0.92037,0.332,7.539484e+05,3.829003e-02,3.2526,3.3532,0,5,151,120,23,28
1989,171,2160,0.920833,0.328,7.609406e+05,7.058352e-02,3.2592,3.3312,0,0,163,119,23,28
1990,170,2160,0.921296,0.323,7.617976e+05,7.273907e-02,3.2405,3.3098,0,8,163,118,23,28
1991,169,2160,0.921759,0.323,7.671131e+05,1.207346e-01,3.241,3.3283,2,7,1,118,23,27
1992,168,2160,0.922222,0.326,7.668711e+05,7.398649e-02,3.2348,3.3162,0,8,107,117,23,27
1993,167,2160,0.922685,0.313,7.765936e+05,4.961900e-02,3.239,3.3464,0,7,109,116,23,27
1994,166,2160,0.923148,0.322,7.867588e+05,5.984596e-02,3.2565,3.3369,0,7,163,115,23,27
1995,165,2160,0.923611,0.328,7.876425e+05,1.935706e-02,3.2304,3.3469,0,5,163,114,23,27
1996,164,2160,0.924074,0.327,7.885487e+05,5.399312e-02,3.2352,3.3296,0,5,172,113,23,27
1997,163,2160,0.924537,0.324,7.902003e+05,1.243338e-01,3.2432,3.3328,2,4,1,113,23,26
1998,162,2160,0.925,0.326,7.899030e+05,6.174237e-02,3.2479,3.3258,0,1,90,112,23,26
1999,161,2160,0.925463,0.317,7.952901e+05,5.052339e-02,3.2306,3.344,0,4,189,111,23,26
2000,160,2160,0.925926,0.301,8.058570e+05,5.219029e-02,3.2595,3.3309,0,7,132,110,23,26
2001,159,2160,0.926389,0.305,8.170275e+05,5.120716e-02,3.2374,3.3268,0,7,44,109,23,26
2002,158,2160,0.926852,0.297,8.277238e+05,7.621269e-02,3.2299,3.3169,0,6,50,108,23,26
2003,157,2160,0.927315,0.299,8.319419e+05,8.908724e-02,3.2285,3.3318,0,8,116,107,23,26
2004,156,2160,0.927778,0.297,8.330993e+05,6.226422e-02,3.26,3.3325,0,6,116,106,23,26
2005,155,2160,0.928241,0.294,8.362399e+05,6.949773e-02,3.2459,3.3387,0,0,116,105,23,26
2006,154,2160,0.928704,0.299,8.404227e+05,5.204329e-02,3.2379,3.3379,0,4,93,104,23,26
2007,153,2160,0.929167,0.286,8.519048e+05,5.339080e-02,3.2421,3.3267,0,7,170,103,23,26
2008,152,2160,0.92963,0.28,8.635787e+05,5.241981e-02,3.2381,3.3573,0,4,145,102,23,26
2009,151,2160,0.930093,0.253,8.754560e+05,5.201099e-02,3.2576,2.5509,0,4,190,101,23,26
2010,150,2160,0.930556,0.238,8.875747e+05,1.029169e-01,3.2351,3.3204,1,9,2,101,22,26
2011,149,2160,0.931019,0.252,8.915690e+05,6.409524e-02,3.2479,3.3232,0,2,60,100,22,26
2012,148,2160,0.931481,0.245,9.021057e+05,5.962313e-02,3.234,3.351,0,7,77,99,22,26
2013,147,2160,0.931944,0.252,9.112663e+05,9.005382e-02,3.2367,3.3489,2,0,9,99,22,25
2014,146,2160,0.932407,0.238,9.145768e+05,7.462744e-02,3.232,3.3433,0,6,77,98,22,25
2015,145,2160,0.93287,0.234,9.264224e+05,8.393958e-02,3.2458,3.3509,0,8,52,97,22,25
2016,144,2160,0.933333,0.23,9.324048e+05,3.744291e-02,3.2236,3.3406,0,4,52,96,22,25
2017,143,2160,0.933796,0.225,9.368362e+05,9.438306e-02,3.2246,3.3464,1,1,4,96,21,25
2018,142,2160,0.934259,0.226,9.379366e+05,2.013874e-01,3.2442,3.3502,2,8,1,96,21,24
2019,141,2160,0.934722,0.225,9.374282e+05,4.555260e-02,3.2139,3.3342,2,5,8,96,21,23
2020,140,2160,0.935185,0.234,9.387536e+05,6.615950e-02,3.216,3.3264,0,7,152,95,21,23
2021,139,2160,0.935648,0.242,9.419983e+05,5.899486e-02,3.2295,3.3312,0,0,152,94,21,23
2022,138,2160,0.936111,0.241,9.460941e+05,5.235907e-02,3.2328,3.3098,0,5,137,93,21,23
2023,137,2160,0.936574,0.238,9.574013e+05,8.867128e-02,3.2293,3.3331,0,8,66,92,21,23
2024,136,2160,0.937037,0.236,9.646685e+05,3.239807e-02,3.2352,3.3398,0,4,66,91,21,23
2025,135,2160,0.9375,0.237,9.671040e+05,5.878642e-02,3.2483,3.3376,0,4,146,90,21,23
2026,134,2160,0.937963,0.218,9.800533e+05,5.125781e-02,3.2302,3.3254,0,5,157,89,21,23
2027,133,2160,0.938426,0.209,9.931517e+05,6.042562e-02,3.2318,3.3396,0,4,187,88,21,23
2028,132,2160,0.938889,0.2,1.006943e+06,6.788914e-02,3.2482,3.3141,2,3,2,88,21,22
2029,131,2160,0.939352,0.2,1.006796e+06,7.728388e-02,3.2344,3.3306,1,2,4,88,20,22
2030,130,2160,0.939815,0.201,1.006615e+06,8.370890e-02,3.2379,3.2962,0,6,117,87,20,22
2031,129,2160,0.940278,0.197,1.020385e+06,5.750048e-02,3.2351,3.3261,0,7,142,86,20,22
2032,128,2160,0.940741,0.19,1.034546e+06,6.527417e-02,3.2346,3.3224,0,1,39,85,20,22
2033,127,2160,0.941204,0.193,1.049407e+06,6.239431e-02,3.2263,3.3401,0,1,63,84,20,22
2034,126,2160,0.941667,0.194,1.064286e+06,6.268517e-02,3.2415,0.2514,0,4,95,83,20,22
2035,125,2160,0.94213,0.21,1.079843e+06,6.374343e-02,3.2257,3.3277,0,4,120,82,20,22
2036,124,2160,0.942593,0.211,1.094330e+06,5.515352e-02,3.257,3.3178,0,5,149,81,20,22
2037,123,2160,0.943056,0.217,1.109750e+06,6.446350e-02,3.2412,3.3387,0,5,67,80,20,22
2038,122,2160,0.943519,0.214,1.121551e+06,6.007319e-02,3.244,3.3474,0,4,67,79,20,22
2039,121,2160,0.943981,0.211,1.123846e+06,4.000056e-02,3.2513,1.6269,0,8,67,78,20,22
2040,120,2160,0.944444,0.212,1.124328e+06,8.856021e-02,3.2164,3.3468,0,0,119,77,20,22
2041,119,2160,0.944907,0.212,1.128628e+06,9.096276e-02,3.2551,3.3239,0,0,130,76,20,22
2042,118,2160,0.94537,0.199,1.131430e+06,3.915603e-02,3.2373,3.3344,0,7,130,75,20,22
2043,117,2160,0.945833,0.196,1.136657e+06,1.032793e-01,3.2439,3.3155,2,0,5,75,20,21
2044,116,2160,0.946296,0.18,1.149401e+06,1.551810e-01,3.2341,3.3294,2,0,4,75,20,20
2045,115,2160,0.946759,0.157,1.163963e+06,6.852948e-02,3.209,3.3277,0,1,23,74,20,20
2046,114,2160,0.947222,0.159,1.180637e+06,7.502607e-02,3.2608,3.3089,0,4,50,73,20,20
2047,113,2160,0.947685,0.171,1.192150e+06,7.614830e-02,3.2327,3.3271,0,8,50,72,20,20
2048,112,2160,0.948148,0.165,1.197841e+06,6.192966e-02,3.2596,3.3367,0,7,94,71,20,20
2049,111,2160,0.948611,0.164,1.213658e+06,6.151059e-02,3.2339,3.3226,0,7,20,70,20,20
2050,110,2160,0.949074,0.163,1.229485e+06,1.124742e-01,3.2322,3.3289,0,6,49,69,20,20
2051,109,2160,0.949537,0.157,1.239909e+06,6.853130e-02,3.2458,3.3332,0,4,49,68,20,20
2052,108,2160,0.95,0.169,1.253344e+06,7.827638e-02,3.2322,3.3443,0,5,102,67,20,20
2053,107,2160,0.950463,0.165,1.258250e+06,3.144150e-02,3.2282,3.3375,0,7,102,66,20,20
2054,106,2160,0.950926,0.162,1.260659e+06,6.401477e-02,3.2308,3.3409,0,7,115,65,20,20
2055,105,2160,0.951389,0.168,1.278298e+06,6.372214e-02,3.2393,3.3457,0,7,148,64,20,20
2056,104,2160,0.951852,0.166,1.295565e+06,6.538692e-02,3.2583,3.3509,0,7,135,63,20,20
2057,103,2160,0.952315,0.164,1.313752e+06,8.083849e-02,3.2641,3.335,0,5,131,62,20,20
2058,102,2160,0.952778,0.16,1.315453e+06,7.247755e-02,3.2318,3.3421,0,7,131,61,20,20
2059,101,2160,0.953241,0.151,1.323792e+06,7.450991e-02,3.2197,3.3209,0,4,92,60,20,20
2060,100,2160,0.953704,0.159,1.341971e+06,1.080185e-01,3.2421,3.335,0,8,162,59,20,20
2061,99,2160,0.954167,0.17,1.361069e+06,8.949679e-02,3.2319,3.3272,0,0,95,58,20,20
2062,98,2160,0.95463,0.177,1.380128e+06,7.963851e-02,3.234,3.3416,0,7,172,57,20,20
2063,97,2160,0.955093,0.159,1.392916e+06,6.989397e-02,3.2466,3.305,0,5,86,56,20,20
2064,96,2160,0.955556,0.157,1.414489e+06,6.325606e-02,3.2427,3.3363,0,5,119,55,20,20
2065,95,2160,0.956019,0.152,1.433502e+06,7.157136e-02,3.2417,3.3349,2,9,8,55,20,19
2066,94,2160,0.956481,0.152,1.433934e+06,1.837324e-01,3.2415,3.3417,2,9,4,55,20,18
2067,93,2160,0.956944,0.153,1.448700e+06,1.688542e-01,3.2432,3.3467,1,4,2,55,19,18
2068,92,2160,0.957407,0.138,1.457404e+06,2.144597e-01,3.2788,3.3372,2,2,4,55,19,17
2069,91,2160,0.95787,0.13,1.473781e+06,7.844574e-02,3.2318,3.3343,0,7,81,54,19,17
2070,90,2160,0.958333,0.13,1.481053e+06,3.784669e-02,3.2435,3.3283,0,2,81,53,19,17
2071,89,2160,0.958796,0.128,1.482015e+06,1.308109e-01,3.224,3.3215,0,8,54,52,19,17
2072,88,2160,0.959259,0.132,1.494392e+06,1.949785e-01,3.2183,3.3324,1,9,8,52,18,17
2073,87,2160,0.959722,0.144,1.504155e+06,2.523556e-01,3.2331,3.3402,2,1,4,52,18,16
2074,86,2160,0.960185,0.141,1.525759e+06,1.899808e-01,3.2323,3.3552,0,8,137,51,18,16
2075,85,2160,0.960648,0.141,1.547142e+06,2.885483e-01,3.242,3.3386,1,4,8,51,17,16
2076,84,2160,0.961111,0.14,1.546275e+06,3.559312e-01,3.2463,3.327,2,4,4,51,17,15
2077,83,2160,0.961574,0.142,1.558888e+06,2.407625e-01,3.2272,3.329,1,4,0,51,16,15
2078,82,2160,0.962037,0.144,1.557022e+06,1.743739e-01,3.2452,3.3262,1,4,4,51,15,15
2079,81,2160,0.9625,0.144,1.555822e+06,2.421702e-01,3.2564,3.3238,1,4,6,51,14,15
2080,80,2160,0.962963,0.143,1.554834e+06,1.007137e-01,3.225,3.3151,0,6,131,50,14,15
2081,79,2160,0.963426,0.144,1.571605e+06,1.419182e-01,3.2337,3.339,0,0,103,49,14,15
2082,78,2160,0.963889,0.143,1.574865e+06,6.188876e-02,3.2273,3.3338,0,4,171,48,14,15
2083,77,2160,0.964352,0.143,1.592131e+06,7.076925e-02,3.2461,3.331,0,7,74,47,14,15
2084,76,2160,0.964815,0.141,1.610229e+06,1.345122e-01,3.2478,3.3344,0,0,124,46,14,15
2085,75,2160,0.965278,0.137,1.628423e+06,7.270919e-02,3.2301,3.3287,0,7,116,45,14,15
2086,74,2160,0.965741,0.136,1.649616e+06,1.464619e-01,3.2411,3.3266,1,9,6,45,13,15
2087,73,2160,0.966204,0.133,1.650164e+06,8.237903e-02,3.2449,3.3484,0,1,78,44,13,15
2088,72,2160,0.966667,0.135,1.660808e+06,4.920284e-02,3.2335,3.3298,0,7,78,43,13,15
2089,71,2160,0.96713,0.134,1.665641e+06,6.631810e-02,3.2431,3.3517,0,1,91,42,13,15
2090,70,2160,0.967593,0.133,1.663250e+06,5.736428e-02,3.2414,3.3548,0,4,91,41,13,15
2091,69,2160,0.968056,0.135,1.667475e+06,7.288351e-02,3.2952,3.343,0,7,21,40,13,15
2092,68,2160,0.968519,0.136,1.688783e+06,7.125679e-02,3.2255,3.3296,0,5,118,39,13,15
2093,67,2160,0.968981,0.133,1.710664e+06,7.110065e-02,3.249,3.3307,0,1,58,38,13,15
2094,66,2160,0.969444,0.131,1.735625e+06,1.002579e-01,3.2487,3.3268,2,2,8,38,13,14
2095,65,2160,0.969907,0.128,1.740942e+06,1.596355e-01,3.252,3.3393,2,2,5,38,13,13
2096,64,2160,0.97037,0.124,1.798639e+06,7.952996e-02,3.2407,3.3284,0,7,134,37,13,13
2097,63,2160,0.970833,0.129,1.823371e+06,7.725807e-02,3.2346,2.2226,0,5,76,36,13,13
2098,62,2160,0.971296,0.126,1.848099e+06,9.119922e-02,3.2318,3.3189,2,7,8,36,13,12
2099,61,2160,0.971759,0.13,1.845954e+06,7.983926e-02,3.24,3.3293,0,7,33,35,13,12
2100,60,2160,0.972222,0.13,1.872453e+06,8.742929e-02,3.2327,3.35,1,9,4,35,12,12
2101,59,2160,0.972685,0.131,1.871843e+06,1.007115e-01,3.2303,3.3316,0,2,47,34,12,12
2102,58,2160,0.973148,0.131,1.900306e+06,8.736023e-02,3.2302,3.3237,0,5,75,33,12,12
2103,57,2160,0.973611,0.123,1.930417e+06,9.568524e-02,3.2608,3.3392,0,4,89,32,12,12
2104,56,2160,0.974074,0.124,1.931079e+06,1.088908e-01,3.2583,3.3508,0,2,174,31,12,12
2105,55,2160,0.974537,0.126,1.958857e+06,1.265593e-01,3.2197,3.3426,0,2,89,30,12,12
2106,54,2160,0.975,0.126,1.962087e+06,1.232114e-01,3.2393,3.3314,2,1,5,30,12,11
2107,53,2160,0.975463,0.122,1.968547e+06,8.317643e-02,3.2376,3.3204,0,5,87,29,12,11
2108,52,2160,0.975926,0.126,1.995032e+06,1.043972e-01,3.2382,3.3259,0,2,48,28,12,11
2109,51,2160,0.976389,0.124,2.023276e+06,1.427697e-01,3.2375,3.3232,0,6,104,27,12,11
2110,50,2160,0.976852,0.123,2.023037e+06,9.773053e-02,3.2378,3.3413,0,7,127,26,12,11
2111,49,2160,0.977315,0.124,2.055429e+06,1.117542e-01,3.2498,3.3431,0,2,175,25,12,11
2112,48,2160,0.977778,0.124,2.089935e+06,2.893938e-01,3.2573,3.3345,1,8,2,25,11,11
2113,47,2160,0.978241,0.123,2.088057e+06,6.005809e-02,3.2321,3.3367,1,5,7,25,10,11
2114,46,2160,0.978704,0.114,2.084629e+06,2.527368e-01,3.2518,3.3299,1,5,6,25,9,11
2115,45,2160,0.979167,0.117,2.090647e+06,1.665623e-01,3.2542,3.3397,0,6,89,24,9,11
2116,44,2160,0.97963,0.116,2.089306e+06,5.819868e-02,3.2465,3.34,0,7,89,23,9,11
2117,43,2160,0.980093,0.115,2.096834e+06,1.005151e-01,3.2325,3.334,0,5,105,22,9,11
2118,42,2160,0.980556,0.115,2.138604e+06,1.318242e-01,3.2239,3.3368,2,5,9,22,9,10
2119,41,2160,0.981019,0.107,2.282690e+06,1.243808e-01,3.2437,3.3371,0,7,90,21,9,10
2120,40,2160,0.981481,0.107,2.327269e+06,2.368344e-01,3.2407,3.3272,2,9,5,21,9,9
2121,39,2160,0.981944,0.107,2.382333e+06,1.101037e-01,3.239,3.3348,0,5,31,20,9,9
2122,38,2160,0.982407,0.107,2.435395e+06,1.549522e-01,3.2354,3.3475,0,5,68,19,9,9
2123,37,2160,0.98287,0.107,2.441587e+06,1.112163e-01,3.2259,3.3349,0,7,68,18,9,9
2124,36,2160,0.983333,0.107,2.460779e+06,9.582285e-02,3.2608,3.3267,0,1,72,17,9,9
2125,35,2160,0.983796,0.107,2.532343e+06,1.100370e-01,3.2661,3.3309,2,7,9,17,9,8
2126,34,2160,0.984259,0.107,2.750909e+06,1.441577e-01,3.2299,3.3394,0,5,104,16,9,8
2127,33,2160,0.984722,0.107,2.752053e+06,1.333842e-01,3.2388,3.3202,0,5,34,15,9,8
2128,32,2160,0.985185,0.107,2.832458e+06,1.453205e-01,3.2409,3.3266,0,5,49,14,9,8
2129,31,2160,0.985648,0.107,2.934029e+06,2.109050e-01,3.236,3.3171,1,9,5,14,8,8
2130,30,2160,0.986111,0.107,2.972409e+06,4.422463e-01,3.2462,3.3569,2,4,5,14,8,7
2131,29,2160,0.986574,0.107,3.099337e+06,1.721949e-01,3.2397,3.344,0,5,156,13,8,7
2132,28,2160,0.987037,0.107,3.171822e+06,1.620179e-01,3.2323,3.3444,1,5,1,13,7,7
2133,27,2160,0.9875,0.107,3.167887e+06,1.786279e-01,3.2364,3.3333,0,1,54,12,7,7
2134,26,2160,0.987963,0.107,3.162289e+06,8.868682e-02,3.2402,3.3167,0,4,54,11,7,7
2135,25,2160,0.988426,0.107,3.219486e+06,2.761757e-01,3.2325,3.3186,0,0,128,10,7,7
2136,24,2160,0.988889,0.107,3.344240e+06,2.624305e-01,3.268,3.3413,1,5,0,10,6,7
2137,23,2160,0.989352,0.107,3.332446e+06,2.088424e-01,3.2481,3.335,0,1,103,9,6,7
2138,22,2160,0.989815,0.107,3.333167e+06,2.802389e-01,3.2466,3.3381,1,9,1,9,5,7
2139,21,2160,0.990278,0.107,3.343545e+06,2.424886e-01,3.2195,3.3314,1,8,1,9,4,7
2140,20,2160,0.990741,0.107,3.324767e+06,2.460945e-01,3.2534,3.3312,0,1,104,8,4,7
2141,19,2160,0.991204,0.107,3.307108e+06,1.385123e-01,3.2372,3.3164,0,4,103,7,4,7
2142,18,2160,0.991667,0.107,3.434429e+06,3.109058e-01,3.2448,3.3358,2,6,9,7,4,6
2143,17,2160,0.99213,0.107,3.416797e+06,1.688797e-01,3.2373,3.3175,0,5,91,6,4,6
2144,16,2160,0.992593,0.107,3.594922e+06,4.093090e-01,3.2377,3.349,1,5,5,6,3,6
2145,15,2160,0.993056,0.107,3.573654e+06,3.399286e-01,3.2388,3.3225,2,3,5,6,3,5
2146,14,2160,0.993519,0.107,3.562549e+06,4.074816e-01,3.2467,3.335,2,9,9,6,3,4
2147,13,2160,0.993981,0.107,4.344719e+06,2.931765e-01,3.2424,3.3289,1,9,7,6,2,4
2148,12,2160,0.994444,0.107,4.300049e+06,2.447511e-01,3.2416,3.3408,2,1,8,6,2,3
2149,11,2160,0.994907,0.107,5.205687e+06,1.468421e-01,3.2454,3.3105,0,7,144,5,2,3
2150,10,2160,0.99537,0.107,5.453432e+06,1.714769e-01,3.2399,3.3445,0,7,143,4,2,3
2151,9,2160,0.995833,0.107,5.847969e+06,2.123441e-01,3.2347,3.3374,0,7,150,3,2,3
2152,8,2160,0.996296,0.107,6.534984e+06,6.765580e-01,3.256,3.3407,2,6,8,3,2,2
2153,7,2160,0.996759,0.107,9.930060e+06,2.592150e-01,3.2494,3.3257,0,7,173,2,2,2
2154,6,2160,0.997222,0.107,1.088584e+07,6.107840e-01,3.2364,3.3435,1,8,7,2,1,2
2155,5,2160,0.997685,0.107,1.074713e+07,3.382405e-01,3.2564,3.3275,0,4,104,1,1,2
2156,4,2160,0.998148,0.107,1.297089e+07,1.685488e+00,3.2325,3.3546,2,4,8,1,1,1
2157,3,2160,0.998611,0.107,1.899826e+07,1.751353e+00,3.244,3.3459,0,4,172,0,1,1
2158,2,2160,0.999074,0.107,4.400532e+06,2.228441e+00,2.8876,3.3533,1,8,4,0,0,1
2159,1,2160,0.999537,0.107,2.439091e+06,3.925074e+00,2.8867,0.9053,2,3,8,0,0,0
