step,NZ,total_W,sparsity,val_acc,d_manifold,d_W,prune_time_s,adjust_time_s,candidate_layer,candidate_i,candidate_j,layer_0_NZ,layer_1_NZ,layer_2_NZ
0,2160,2160,0.0,0.916,0.000000e+00,5.884389e-03,0.6609,4.5595,0,0,0,1959,100,100
1,2159,2160,0.000463,0.916,1.788978e+01,6.077861e-04,0.0134,3.3151,0,6,0,1958,100,100
2,2158,2160,0.000926,0.916,9.543141e+00,1.110841e-02,0.0065,3.2962,0,6,1,1957,100,100
3,2157,2160,0.001389,0.916,6.950062e+00,3.430691e-03,0.0062,3.3026,0,6,2,1956,100,100
4,2156,2160,0.001852,0.916,5.838976e+00,4.969353e-03,0.0061,3.3165,0,6,3,1955,100,100
5,2155,2160,0.002315,0.916,5.233395e+00,2.496382e-03,0.0061,3.2947,0,6,4,1954,100,100
6,2154,2160,0.002778,0.916,4.864242e+00,1.435732e-02,0.0063,3.2971,0,6,5,1953,100,100
7,2153,2160,0.003241,0.916,4.607782e+00,1.193530e-04,0.0064,3.2897,0,6,6,1952,100,100
8,2152,2160,0.003704,0.916,4.417088e+00,7.541085e-03,0.0069,3.3054,0,6,7,1951,100,100
9,2151,2160,0.004167,0.916,4.278315e+00,3.491342e-03,0.0062,3.2991,0,6,8,1950,100,100
10,2150,2160,0.00463,0.916,4.171664e+00,3.630900e-03,0.0062,3.2974,0,6,9,1949,100,100
11,2149,2160,0.005093,0.916,4.088665e+00,7.727026e-03,0.0061,3.2924,0,6,10,1948,100,100
12,2148,2160,0.005556,0.916,4.015994e+00,1.626260e-02,0.006,3.3021,0,6,11,1947,100,100
13,2147,2160,0.006019,0.916,3.958495e+00,1.198852e-02,0.006,3.3053,0,6,12,1946,100,100
14,2146,2160,0.006481,0.916,3.909594e+00,9.800455e-03,0.0061,3.3039,0,6,13,1945,100,100
15,2145,2160,0.006944,0.916,3.869015e+00,6.619554e-03,0.0066,3.3022,0,6,14,1944,100,100
16,2144,2160,0.007407,0.916,3.832353e+00,6.526068e-04,0.0065,3.3078,0,6,15,1943,100,100
17,2143,2160,0.00787,0.916,3.798023e+00,1.062038e-02,0.0064,3.3043,0,6,16,1942,100,100
18,2142,2160,0.008333,0.916,3.770096e+00,7.796203e-03,0.0064,3.2959,0,6,17,1941,100,100
19,2141,2160,0.008796,0.916,3.741722e+00,2.400037e-03,0.0063,3.3094,0,6,18,1940,100,100
20,2140,2160,0.009259,0.916,3.715970e+00,1.631804e-02,0.0063,3.2951,0,6,19,1939,100,100
21,2139,2160,0.009722,0.916,3.690379e+00,1.799905e-03,0.0067,3.3134,0,6,20,1938,100,100
22,2138,2160,0.010185,0.916,3.667725e+00,6.844112e-05,0.0063,3.2938,0,6,21,1937,100,100
23,2137,2160,0.010648,0.916,3.645234e+00,1.503975e-02,0.0069,3.3009,0,6,22,1936,100,100
24,2136,2160,0.011111,0.916,3.626061e+00,1.017491e-03,0.0061,3.3116,0,6,23,1935,100,100
25,2135,2160,0.011574,0.916,3.606891e+00,1.922052e-03,0.0064,3.3117,0,6,24,1934,100,100
26,2134,2160,0.012037,0.916,3.588416e+00,1.181209e-02,0.0062,3.2953,0,6,25,1933,100,100
27,2133,2160,0.0125,0.916,3.571356e+00,7.583393e-03,0.0062,3.2974,0,6,26,1932,100,100
28,2132,2160,0.012963,0.916,3.555273e+00,2.017394e-02,0.0061,3.285,0,6,27,1931,100,100
29,2131,2160,0.013426,0.916,3.539227e+00,1.391489e-04,0.0064,3.2851,0,6,28,1930,100,100
30,2130,2160,0.013889,0.916,3.523567e+00,5.334572e-03,0.0061,3.2799,0,6,29,1929,100,100
31,2129,2160,0.014352,0.916,3.508411e+00,7.025513e-03,0.0065,3.2986,0,6,30,1928,100,100
32,2128,2160,0.014815,0.916,3.493727e+00,6.134313e-03,0.0067,3.292,0,6,31,1927,100,100
33,2127,2160,0.015278,0.916,3.480005e+00,1.137850e-02,0.006,3.2917,0,6,32,1926,100,100
34,2126,2160,0.015741,0.916,3.466653e+00,9.763381e-04,0.0066,3.2946,0,6,33,1925,100,100
35,2125,2160,0.016204,0.916,3.453995e+00,1.595948e-02,0.0062,3.279,0,6,34,1924,100,100
36,2124,2160,0.016667,0.916,3.442079e+00,1.863965e-03,0.006,3.2912,1,0,0,1924,99,100
37,2123,2160,0.01713,0.916,3.430039e+00,7.702150e-03,0.006,3.2802,1,0,1,1924,98,100
38,2122,2160,0.017593,0.916,3.418736e+00,1.256234e-02,0.0063,3.2929,1,0,2,1924,97,100
39,2121,2160,0.018056,0.916,3.407618e+00,4.387034e-03,0.0064,3.2979,1,0,3,1924,96,100
40,2120,2160,0.018519,0.916,3.396779e+00,1.082939e-02,0.0065,3.2735,1,0,4,1924,95,100
41,2119,2160,0.018981,0.916,3.845824e+00,1.321208e-02,0.0069,3.273,1,9,6,1924,94,100
42,2118,2160,0.019444,0.916,3.659183e+00,2.377114e-03,0.0064,3.2762,0,6,148,1923,94,100
43,2117,2160,0.019907,0.916,3.579956e+00,3.354777e-03,0.0065,3.2781,0,6,36,1922,94,100
44,2116,2160,0.02037,0.916,3.537979e+00,1.115941e-04,0.006,3.2815,0,6,51,1921,94,100
45,2115,2160,0.020833,0.916,3.512026e+00,7.485673e-04,0.0061,3.2765,0,6,189,1920,94,100
46,2114,2160,0.021296,0.916,3.492547e+00,2.874958e-05,0.0064,3.2754,0,8,7,1919,94,100
47,2113,2160,0.021759,0.916,3.477737e+00,2.538637e-05,0.0061,3.2749,0,4,0,1918,94,100
48,2112,2160,0.022222,0.916,3.465738e+00,7.772642e-04,0.0061,3.2639,0,7,127,1917,94,100
49,2111,2160,0.022685,0.916,4.500141e+00,3.139715e-03,0.006,3.2685,1,8,6,1917,93,100
50,2110,2160,0.023148,0.916,4.245879e+00,9.974070e-03,0.0068,3.2826,1,0,6,1917,92,100
51,2109,2160,0.023611,0.916,4.082226e+00,2.709693e-04,0.0063,3.2788,0,6,67,1916,92,100
52,2108,2160,0.024074,0.916,3.978571e+00,6.781680e-04,0.0064,3.2667,0,6,40,1915,92,100
53,2107,2160,0.024537,0.916,3.906628e+00,1.955373e-04,0.0062,3.2845,0,6,105,1914,92,100
54,2106,2160,0.025,0.916,3.851112e+00,2.296553e-03,0.0063,3.2821,0,6,166,1913,92,100
55,2105,2160,0.025463,0.916,3.809732e+00,6.894510e-03,0.0062,3.2743,0,6,65,1912,92,100
56,2104,2160,0.025926,0.916,3.778182e+00,1.161814e-02,0.0062,3.2859,0,6,178,1911,92,100
57,2103,2160,0.026389,0.916,3.751642e+00,1.283282e-02,0.0063,3.2715,1,1,6,1911,91,100
58,2102,2160,0.026852,0.916,3.729427e+00,2.491177e-02,0.0062,3.2899,1,3,6,1911,90,100
59,2101,2160,0.027315,0.919,3.709108e+00,6.431258e-04,0.0063,3.2796,0,6,190,1910,90,100
60,2100,2160,0.027778,0.919,3.690779e+00,6.531768e-05,0.0064,3.2823,0,2,169,1909,90,100
61,2099,2160,0.028241,0.919,3.679426e+00,5.529341e-04,0.0061,3.2771,0,1,21,1908,90,100
62,2098,2160,0.028704,0.919,3.910191e+00,4.872471e-03,0.0063,3.2803,0,6,128,1907,90,100
63,2097,2160,0.029167,0.919,3.830066e+00,6.895200e-03,0.0062,3.2727,0,6,61,1906,90,100
64,2096,2160,0.02963,0.919,3.784696e+00,1.256706e-04,0.0067,3.2803,0,1,175,1905,90,100
65,2095,2160,0.030093,0.919,3.765279e+00,7.022747e-04,0.0066,3.2829,0,8,39,1904,90,100
66,2094,2160,0.030556,0.919,4.344231e+00,9.448970e-05,0.0061,3.2653,0,2,25,1903,90,100
67,2093,2160,0.031019,0.919,4.173907e+00,2.962180e-03,0.0064,3.2754,0,9,55,1902,90,100
68,2092,2160,0.031481,0.919,9.063929e+00,3.892747e-04,0.0065,3.274,0,6,120,1901,90,100
69,2091,2160,0.031944,0.919,7.426824e+00,8.217618e-03,0.0065,3.2819,0,6,83,1900,90,100
70,2090,2160,0.032407,0.919,6.467464e+00,4.227360e-04,0.0061,3.2708,0,6,104,1899,90,100
71,2089,2160,0.03287,0.919,5.836396e+00,2.099219e-03,0.0063,3.2763,0,7,42,1898,90,100
72,2088,2160,0.033333,0.919,1.294868e+01,3.374496e-04,0.0065,3.2775,0,1,4,1897,90,100
73,2087,2160,0.033796,0.919,1.085969e+01,7.292053e-04,0.0061,3.2713,0,6,140,1896,90,100
74,2086,2160,0.034259,0.919,9.551230e+00,8.823323e-04,0.0065,3.2639,0,1,191,1895,90,100
75,2085,2160,0.034722,0.919,9.307758e+00,4.212174e-04,0.0064,3.2728,0,6,136,1894,90,100
76,2084,2160,0.035185,0.919,8.537730e+00,3.280253e-03,0.0062,3.2759,0,6,187,1893,90,100
77,2083,2160,0.035648,0.919,8.017073e+00,5.346849e-03,0.0068,3.2763,0,7,164,1892,90,100
78,2082,2160,0.036111,0.919,5.617206e+01,5.730082e-03,0.0065,3.2843,0,6,138,1891,90,100
79,2081,2160,0.036574,0.919,4.463296e+01,7.739356e-04,0.006,3.2687,0,6,59,1890,90,100
80,2080,2160,0.037037,0.919,3.766641e+01,6.347864e-04,0.0063,3.2785,0,6,153,1889,90,100
81,2079,2160,0.0375,0.919,3.322197e+01,5.899731e-03,0.0062,3.276,2,3,0,1889,90,99
82,2078,2160,0.037963,0.919,3.021693e+01,8.979416e-04,0.0067,3.2761,0,6,53,1888,90,99
83,2077,2160,0.038426,0.919,2.799885e+01,1.303313e-02,0.006,3.2814,0,6,100,1887,90,99
84,2076,2160,0.038889,0.919,2.635610e+01,1.547310e-02,0.0067,3.2837,1,7,6,1887,89,99
85,2075,2160,0.039352,0.918,2.509472e+01,1.399593e-03,0.0063,3.2756,0,6,118,1886,89,99
86,2074,2160,0.039815,0.918,2.408067e+01,1.027706e-03,0.0061,3.2774,0,6,188,1885,89,99
87,2073,2160,0.040278,0.918,2.326654e+01,5.164426e-04,0.0065,3.2824,0,1,41,1884,89,99
88,2072,2160,0.040741,0.918,2.282061e+01,2.333690e-03,0.0064,3.2723,0,6,172,1883,89,99
89,2071,2160,0.041204,0.918,2.222396e+01,4.532431e-03,0.0066,3.2716,0,6,158,1882,89,99
90,2070,2160,0.041667,0.918,2.173595e+01,1.634133e-02,0.0069,3.2836,1,5,6,1882,88,99
91,2069,2160,0.04213,0.918,2.133350e+01,5.429887e-03,0.0063,3.2785,0,6,170,1881,88,99
92,2068,2160,0.042593,0.918,2.098337e+01,1.423941e-03,0.0068,3.2638,0,3,126,1880,88,99
93,2067,2160,0.043056,0.918,2.276036e+01,3.909776e-03,0.0062,3.2722,0,6,127,1879,88,99
94,2066,2160,0.043519,0.918,2.223729e+01,6.328917e-03,0.006,3.273,1,4,6,1879,87,99
95,2065,2160,0.043981,0.918,2.180660e+01,4.285064e-04,0.0062,3.2731,0,7,188,1878,87,99
96,2064,2160,0.044444,0.918,2.174284e+01,1.273466e-03,0.0063,3.2827,0,6,137,1877,87,99
97,2063,2160,0.044907,0.918,2.136507e+01,1.851679e-02,0.0068,3.2751,2,9,0,1877,87,98
98,2062,2160,0.04537,0.918,2.118342e+01,1.774122e-03,0.0065,3.2873,0,1,65,1876,87,98
99,2061,2160,0.045833,0.918,2.340472e+01,1.359854e-03,0.0061,3.2824,0,7,82,1875,87,98
100,2060,2160,0.046296,0.918,2.542743e+01,2.422161e-04,0.0062,3.2761,0,2,14,1874,87,98
101,2059,2160,0.046759,0.918,2.413808e+01,2.363270e-03,0.006,3.2841,2,8,0,1874,87,97
102,2058,2160,0.047222,0.918,2.332521e+01,3.537827e-04,0.0066,3.2854,0,9,40,1873,87,97
103,2057,2160,0.047685,0.918,2.282400e+01,1.394249e-04,0.0062,3.2882,0,0,153,1872,87,97
104,2056,2160,0.048148,0.918,2.239418e+01,1.176288e-02,0.0066,3.2818,0,6,52,1871,87,97
105,2055,2160,0.048611,0.918,2.206148e+01,2.039486e-03,0.0061,3.2883,0,7,84,1870,87,97
106,2054,2160,0.049074,0.918,2.900037e+01,2.029647e-02,0.0067,3.2939,0,3,186,1869,87,97
107,2053,2160,0.049537,0.918,4.440174e+02,1.057295e-02,0.0068,3.2824,0,6,141,1868,87,97
108,2052,2160,0.05,0.918,3.849688e+02,4.144112e-03,0.0066,3.2837,0,6,108,1867,87,97
109,2051,2160,0.050463,0.918,3.404623e+02,3.082975e-03,0.006,3.2722,0,6,113,1866,87,97
110,2050,2160,0.050926,0.918,3.045354e+02,1.283578e-02,0.0062,3.2789,0,6,68,1865,87,97
111,2049,2160,0.051389,0.918,2.744815e+02,4.372678e-03,0.0066,3.279,0,6,180,1864,87,97
112,2048,2160,0.051852,0.918,2.489724e+02,4.798382e-03,0.0061,3.2791,0,6,115,1863,87,97
113,2047,2160,0.052315,0.918,2.271030e+02,1.919234e-02,0.0062,3.2708,0,6,165,1862,87,97
114,2046,2160,0.052778,0.918,2.080549e+02,1.057374e-02,0.0061,3.2847,0,6,195,1861,87,97
115,2045,2160,0.053241,0.918,1.914147e+02,2.141371e-03,0.0062,3.293,0,6,194,1860,87,97
116,2044,2160,0.053704,0.918,1.766617e+02,1.424962e-02,0.0067,3.2867,0,6,66,1859,87,97
117,2043,2160,0.054167,0.918,1.635857e+02,1.207672e-03,0.006,3.2852,0,6,74,1858,87,97
118,2042,2160,0.05463,0.918,1.519734e+02,6.921701e-04,0.0065,3.2737,0,9,30,1857,87,97
119,2041,2160,0.055093,0.918,1.416425e+02,6.925827e-04,0.0063,3.2812,0,3,191,1856,87,97
120,2040,2160,0.055556,0.918,1.325141e+02,1.145361e-02,0.0062,3.292,0,1,55,1855,87,97
121,2039,2160,0.056019,0.917,2.379634e+02,1.038724e-02,0.0061,3.2839,1,2,6,1855,86,97
122,2038,2160,0.056481,0.918,2.039907e+02,1.827588e-03,0.0064,3.2801,0,7,115,1854,86,97
123,2037,2160,0.056944,0.918,1.871673e+02,8.805867e-04,0.0067,3.2819,0,3,158,1853,86,97
124,2036,2160,0.057407,0.918,1.718020e+02,1.131395e-02,0.0065,3.28,0,6,58,1852,86,97
125,2035,2160,0.05787,0.918,1.602839e+02,3.575292e-03,0.0065,3.2735,0,7,168,1851,86,97
126,2034,2160,0.058333,0.918,1.719415e+02,7.583634e-04,0.0066,3.2779,0,8,25,1850,86,97
127,2033,2160,0.058796,0.918,1.592440e+02,1.677607e-03,0.0062,3.2746,0,6,62,1849,86,97
128,2032,2160,0.059259,0.918,1.493721e+02,4.234347e-03,0.0061,3.2862,1,0,7,1849,85,97
129,2031,2160,0.059722,0.918,1.415889e+02,1.025311e-03,0.0062,3.2786,2,5,0,1849,85,96
130,2030,2160,0.060185,0.918,1.349224e+02,8.377523e-04,0.006,3.2822,0,1,193,1848,85,96
131,2029,2160,0.060648,0.918,1.296323e+02,9.189810e-03,0.0102,3.2733,0,1,112,1847,85,96
132,2028,2160,0.061111,0.917,1.922316e+02,1.745384e-03,0.0063,3.2898,0,6,75,1846,85,96
133,2027,2160,0.061574,0.917,1.691023e+02,2.157639e-03,0.0065,3.2807,0,6,171,1845,85,96
134,2026,2160,0.062037,0.917,1.555997e+02,2.979624e-03,0.0068,3.2936,0,3,83,1844,85,96
135,2025,2160,0.0625,0.916,1.557280e+02,9.384924e-04,0.0063,3.2952,0,3,170,1843,85,96
136,2024,2160,0.062963,0.916,1.484747e+02,4.893497e-03,0.0062,3.2994,0,9,109,1842,85,96
137,2023,2160,0.063426,0.916,1.556101e+02,8.115162e-03,0.0067,3.2856,0,7,57,1841,85,96
138,2022,2160,0.063889,0.917,2.589668e+02,5.313832e-03,0.0062,3.2756,0,3,26,1840,85,96
139,2021,2160,0.064352,0.917,2.526422e+02,2.648520e-03,0.0067,3.2848,0,6,57,1839,85,96
140,2020,2160,0.064815,0.917,2.272861e+02,1.362920e-02,0.0065,3.2883,2,2,0,1839,85,95
141,2019,2160,0.065278,0.917,2.094571e+02,1.558815e-02,0.0061,3.281,0,7,185,1838,85,95
142,2018,2160,0.065741,0.917,6.145621e+02,2.962444e-03,0.0067,3.2823,0,6,42,1837,85,95
143,2017,2160,0.066204,0.916,5.055602e+02,4.811590e-03,0.0063,3.2877,2,6,0,1837,85,94
144,2016,2160,0.066667,0.916,4.378234e+02,4.983654e-02,0.0062,3.2677,0,1,170,1836,85,94
145,2015,2160,0.06713,0.915,2.417805e+03,5.121325e-03,0.0063,3.2882,0,3,55,1835,85,94
146,2014,2160,0.067593,0.915,1.835656e+03,4.646486e-03,0.0064,3.2873,0,6,81,1834,85,94
147,2013,2160,0.068056,0.915,1.533643e+03,3.554818e-03,0.0066,3.2805,0,1,184,1833,85,94
148,2012,2160,0.068519,0.915,1.362761e+03,3.226014e-03,0.0061,3.2792,0,7,148,1832,85,94
149,2011,2160,0.068981,0.915,1.258681e+03,2.272029e-03,0.0062,3.2763,0,7,16,1831,85,94
150,2010,2160,0.069444,0.915,1.177236e+03,1.005051e-02,0.0065,3.2824,0,6,182,1830,85,94
151,2009,2160,0.069907,0.915,1.110521e+03,1.169898e-02,0.0066,3.2795,2,7,0,1830,85,93
152,2008,2160,0.07037,0.916,1.057871e+03,2.781327e-02,0.0066,3.2949,0,6,151,1829,85,93
153,2007,2160,0.070833,0.916,1.013318e+03,3.636348e-03,0.0065,3.2885,0,1,15,1828,85,93
154,2006,2160,0.071296,0.916,9.850621e+02,1.069724e-02,0.0062,3.2939,0,9,8,1827,85,93
155,2005,2160,0.071759,0.916,1.015672e+03,3.448739e-03,0.0062,3.2762,0,9,2,1826,85,93
156,2004,2160,0.072222,0.916,9.698230e+02,2.802117e-03,0.0063,3.2909,0,3,56,1825,85,93
157,2003,2160,0.072685,0.916,9.348783e+02,1.055809e-02,0.0064,3.297,1,0,9,1825,84,93
158,2002,2160,0.073148,0.916,9.013490e+02,1.303765e-02,0.0062,3.3056,2,1,0,1825,84,92
159,2001,2160,0.073611,0.916,8.734469e+02,1.636135e-02,0.0063,3.2969,0,7,118,1824,84,92
160,2000,2160,0.074074,0.917,1.266663e+03,2.924163e-03,0.0067,3.2959,0,4,73,1823,84,92
161,1999,2160,0.074537,0.917,1.136870e+03,1.914141e-03,0.0066,3.2955,0,9,104,1822,84,92
162,1998,2160,0.075,0.917,1.059250e+03,2.782526e-03,0.0061,3.2949,0,3,70,1821,84,92
163,1997,2160,0.075463,0.917,1.012991e+03,1.331144e-02,0.0061,3.303,0,3,18,1820,84,92
164,1996,2160,0.075926,0.917,1.151014e+03,2.838028e-03,0.0064,3.297,0,6,37,1819,84,92
165,1995,2160,0.076389,0.917,1.097534e+03,7.292024e-03,0.0065,3.2975,0,6,193,1818,84,92
166,1994,2160,0.076852,0.917,1.055651e+03,5.074580e-03,0.0061,3.2986,0,3,29,1817,84,92
167,1993,2160,0.077315,0.917,1.045516e+03,1.373201e-03,0.0067,3.3068,0,4,67,1816,84,92
168,1992,2160,0.077778,0.917,1.013536e+03,1.554104e-03,0.0063,3.3004,0,3,151,1815,84,92
169,1991,2160,0.078241,0.917,9.872821e+02,1.683914e-03,0.0067,3.304,0,9,175,1814,84,92
170,1990,2160,0.078704,0.917,9.639462e+02,2.426912e-02,0.0061,3.3064,0,4,119,1813,84,92
171,1989,2160,0.079167,0.918,1.517799e+03,2.022901e-02,0.0063,3.3111,2,4,0,1813,84,91
172,1988,2160,0.07963,0.918,1.356486e+03,1.467639e-02,0.0062,3.2989,2,0,0,1813,84,90
173,1987,2160,0.080093,0.918,1.263414e+03,2.011336e-03,0.0062,3.2985,1,0,5,1813,83,90
174,1986,2160,0.080556,0.917,1.196859e+03,7.643625e-03,0.0061,3.2989,1,0,8,1813,82,90
175,1985,2160,0.081019,0.917,1.145348e+03,2.899223e-03,0.0064,3.3099,0,7,19,1812,82,90
176,1984,2160,0.081481,0.917,1.114816e+03,5.282311e-03,0.0065,3.3066,0,3,36,1811,82,90
177,1983,2160,0.081944,0.917,1.103343e+03,4.700745e-03,0.0062,3.2991,0,3,153,1810,82,90
178,1982,2160,0.082407,0.917,1.089037e+03,1.233876e-03,0.0061,3.3011,0,3,10,1809,82,90
179,1981,2160,0.08287,0.917,1.058396e+03,3.003048e-03,0.0062,3.2963,0,3,99,1808,82,90
180,1980,2160,0.083333,0.917,1.039814e+03,1.023335e-03,0.0061,3.2994,0,8,183,1807,82,90
181,1979,2160,0.083796,0.917,1.016853e+03,1.081530e-03,0.0065,3.292,0,9,54,1806,82,90
182,1978,2160,0.084259,0.917,9.972668e+02,9.289360e-04,0.0062,3.2991,0,3,123,1805,82,90
183,1977,2160,0.084722,0.917,9.799502e+02,1.154956e-03,0.0065,3.3099,0,9,137,1804,82,90
184,1976,2160,0.085185,0.917,9.647764e+02,1.259601e-02,0.0066,3.3092,0,3,64,1803,82,90
185,1975,2160,0.085648,0.917,1.109213e+03,1.327728e-03,0.0067,3.2885,0,7,5,1802,82,90
186,1974,2160,0.086111,0.917,1.074824e+03,1.212092e-03,0.0068,3.301,0,7,56,1801,82,90
187,1973,2160,0.086574,0.917,1.047466e+03,2.813505e-03,0.0063,3.3129,0,7,189,1800,82,90
188,1972,2160,0.087037,0.917,1.035058e+03,3.433870e-03,0.0061,3.3008,0,1,42,1799,82,90
189,1971,2160,0.0875,0.917,1.022374e+03,2.584735e-02,0.0065,3.2992,0,7,22,1798,82,90
190,1970,2160,0.087963,0.917,2.136833e+03,3.684862e-03,0.0063,3.3086,0,2,195,1797,82,90
191,1969,2160,0.088426,0.917,1.845314e+03,1.955522e-02,0.0066,3.305,0,6,99,1796,82,90
192,1968,2160,0.088889,0.917,1.666754e+03,1.135291e-02,0.0061,3.3166,0,7,40,1795,82,90
193,1967,2160,0.089352,0.918,1.763147e+03,8.454103e-03,0.0065,3.3051,0,1,159,1794,82,90
194,1966,2160,0.089815,0.919,1.685396e+03,1.998263e-02,0.0061,3.3057,0,6,87,1793,82,90
195,1965,2160,0.090278,0.919,1.579260e+03,1.839787e-03,0.0065,3.2967,0,8,88,1792,82,90
196,1964,2160,0.090741,0.919,1.505082e+03,8.189637e-03,0.0066,3.2843,0,7,141,1791,82,90
197,1963,2160,0.091204,0.918,1.556781e+03,2.967379e-03,0.007,3.3025,2,0,5,1791,82,89
198,1962,2160,0.091667,0.919,1.492257e+03,1.421151e-02,0.0062,3.2926,0,6,82,1790,82,89
199,1961,2160,0.09213,0.919,1.439429e+03,2.089041e-02,0.0062,3.2986,0,1,51,1789,82,89
200,1960,2160,0.092593,0.918,1.745395e+03,2.410770e-03,0.0061,3.3098,0,7,126,1788,82,89
201,1959,2160,0.093056,0.917,1.617512e+03,6.896233e-03,0.0063,3.2979,0,7,11,1787,82,89
202,1958,2160,0.093519,0.917,1.617636e+03,2.732313e-03,0.0063,3.3093,0,3,185,1786,82,89
203,1957,2160,0.093981,0.917,1.555793e+03,1.597981e-03,0.0062,3.3012,0,7,155,1785,82,89
204,1956,2160,0.094444,0.917,1.508974e+03,1.307634e-03,0.0066,3.2953,0,5,168,1784,82,89
205,1955,2160,0.094907,0.917,1.473526e+03,4.231822e-03,0.0062,3.3027,0,1,126,1783,82,89
206,1954,2160,0.09537,0.917,1.461769e+03,1.177862e-02,0.0069,3.305,0,7,14,1782,82,89
207,1953,2160,0.095833,0.917,1.694438e+03,2.133307e-02,0.0065,3.3044,0,6,162,1781,82,89
208,1952,2160,0.096296,0.917,1.619817e+03,5.415688e-03,0.0064,3.2933,0,1,194,1780,82,89
209,1951,2160,0.096759,0.917,1.585732e+03,2.001807e-03,0.0066,3.3026,0,1,115,1779,82,89
210,1950,2160,0.097222,0.917,1.537454e+03,1.341977e-03,0.0064,3.305,0,7,184,1778,82,89
211,1949,2160,0.097685,0.917,1.499250e+03,8.455594e-03,0.0063,3.3116,0,9,15,1777,82,89
212,1948,2160,0.098148,0.917,1.511050e+03,3.340069e-03,0.0065,3.2928,0,3,112,1776,82,89
213,1947,2160,0.098611,0.917,1.484985e+03,3.694946e-03,0.0066,3.2969,0,3,43,1775,82,89
214,1946,2160,0.099074,0.917,1.469455e+03,1.090874e-03,0.0062,3.2995,0,2,56,1774,82,89
215,1945,2160,0.099537,0.917,1.444997e+03,1.596714e-03,0.0061,3.3022,0,1,62,1773,82,89
216,1944,2160,0.1,0.917,1.426153e+03,1.908787e-02,0.0066,3.3016,0,3,53,1772,82,89
217,1943,2160,0.100463,0.917,1.772842e+03,2.891489e-02,0.0067,3.3097,0,7,66,1771,82,89
218,1942,2160,0.100926,0.917,3.081089e+03,8.798457e-03,0.006,3.3039,0,1,69,1770,82,89
219,1941,2160,0.101389,0.917,2.737000e+03,5.385987e-03,0.0063,3.3019,0,7,12,1769,82,89
220,1940,2160,0.101852,0.917,2.502202e+03,4.080277e-03,0.0065,3.3047,0,7,182,1768,82,89
221,1939,2160,0.102315,0.919,2.337464e+03,2.497747e-03,0.0063,3.2889,0,7,183,1767,82,89
222,1938,2160,0.102778,0.918,2.209762e+03,2.464142e-02,0.0066,3.3161,0,1,168,1766,82,89
223,1937,2160,0.103241,0.917,2.741391e+03,2.836898e-03,0.0062,3.3091,0,9,73,1765,82,89
224,1936,2160,0.103704,0.917,2.568877e+03,1.445861e-02,0.0062,3.295,0,3,39,1764,82,89
225,1935,2160,0.104167,0.918,2.657393e+03,1.240315e-02,0.0066,3.322,0,7,37,1763,82,89
226,1934,2160,0.10463,0.917,2.776750e+03,6.940033e-03,0.0068,3.2943,0,1,155,1762,82,89
227,1933,2160,0.105093,0.917,2.663955e+03,3.218768e-03,0.0063,3.3061,0,7,59,1761,82,89
228,1932,2160,0.105556,0.917,2.551317e+03,2.131633e-03,0.0068,3.3013,0,2,8,1760,82,89
229,1931,2160,0.106019,0.917,2.455994e+03,1.600950e-02,0.0061,3.2987,0,3,23,1759,82,89
230,1930,2160,0.106481,0.918,2.626639e+03,2.171496e-03,0.0061,3.2976,0,7,27,1758,82,89
231,1929,2160,0.106944,0.918,2.525994e+03,2.368211e-03,0.0066,3.2989,0,3,180,1757,82,89
232,1928,2160,0.107407,0.918,2.445729e+03,1.789544e-03,0.0063,3.2849,0,7,186,1756,82,89
233,1927,2160,0.10787,0.918,2.376003e+03,1.211780e-02,0.0063,3.3016,1,2,0,1756,81,89
234,1926,2160,0.108333,0.918,2.335109e+03,9.804455e-03,0.0065,3.2869,0,2,126,1755,81,89
235,1925,2160,0.108796,0.918,2.441388e+03,3.574083e-02,0.0063,3.3019,0,9,162,1754,81,89
236,1924,2160,0.109259,0.913,3.104569e+03,3.725082e-03,0.0063,3.3072,0,1,195,1753,81,89
237,1923,2160,0.109722,0.914,2.802276e+03,9.151137e-03,0.0061,3.3073,0,7,6,1752,81,89
238,1922,2160,0.110185,0.916,2.738142e+03,5.692527e-03,0.0065,3.2974,0,3,172,1751,81,89
239,1921,2160,0.110648,0.915,2.598474e+03,2.362172e-03,0.0062,3.3081,0,5,40,1750,81,89
240,1920,2160,0.111111,0.915,2.477406e+03,1.036032e-02,0.0061,3.2944,0,6,46,1749,81,89
241,1919,2160,0.111574,0.916,2.385282e+03,7.230239e-03,0.0062,3.2958,0,6,80,1748,81,89
242,1918,2160,0.112037,0.916,2.314125e+03,5.675868e-03,0.0065,3.2959,0,1,185,1747,81,89
243,1917,2160,0.1125,0.916,2.289250e+03,8.534143e-03,0.0062,3.2967,0,3,14,1746,81,89
244,1916,2160,0.112963,0.917,2.314568e+03,4.634643e-03,0.0068,3.2938,0,6,126,1745,81,89
245,1915,2160,0.113426,0.918,2.265103e+03,1.367095e-03,0.0065,3.2897,0,0,68,1744,81,89
246,1914,2160,0.113889,0.918,2.224636e+03,1.216612e-02,0.0066,3.3012,0,1,192,1743,81,89
247,1913,2160,0.114352,0.917,2.306678e+03,2.216935e-02,0.0062,3.299,0,7,171,1742,81,89
248,1912,2160,0.114815,0.915,3.040378e+03,5.907159e-03,0.0064,3.3003,0,6,133,1741,81,89
249,1911,2160,0.115278,0.915,2.796833e+03,2.604380e-03,0.006,3.2955,0,9,4,1740,81,89
250,1910,2160,0.115741,0.915,2.650303e+03,6.517711e-02,0.0062,3.3036,0,7,138,1739,81,89
251,1909,2160,0.116204,0.915,9.397837e+03,1.134310e-02,0.0067,3.2992,0,3,109,1738,81,89
252,1908,2160,0.116667,0.915,7.635617e+03,8.944294e-03,0.0067,3.298,0,6,156,1737,81,89
253,1907,2160,0.11713,0.914,6.546408e+03,2.699223e-02,0.0068,3.2912,0,9,159,1736,81,89
254,1906,2160,0.117593,0.915,6.357314e+03,5.230569e-03,0.0064,3.3116,0,8,4,1735,81,89
255,1905,2160,0.118056,0.916,5.766277e+03,4.539242e-03,0.0064,3.2922,0,9,29,1734,81,89
256,1904,2160,0.118519,0.916,5.357405e+03,7.196444e-03,0.0061,3.2854,0,6,157,1733,81,89
257,1903,2160,0.118981,0.916,5.058286e+03,1.425513e-02,0.0061,3.3011,0,0,86,1732,81,89
258,1902,2160,0.119444,0.916,4.921567e+03,5.300216e-03,0.0062,3.308,0,7,62,1731,81,89
259,1901,2160,0.119907,0.914,4.737074e+03,6.058771e-03,0.0061,3.3029,0,7,25,1730,81,89
260,1900,2160,0.12037,0.914,4.628506e+03,2.530627e-03,0.0071,3.301,0,9,171,1729,81,89
261,1899,2160,0.120833,0.913,4.492184e+03,9.289348e-03,0.0068,3.3037,0,2,20,1728,81,89
262,1898,2160,0.121296,0.914,4.485966e+03,1.198231e-02,0.0061,3.2963,0,1,129,1727,81,89
263,1897,2160,0.121759,0.915,4.478758e+03,2.379730e-03,0.0063,3.3066,0,9,75,1726,81,89
264,1896,2160,0.122222,0.915,4.357406e+03,2.091723e-03,0.0061,3.3102,0,2,32,1725,81,89
265,1895,2160,0.122685,0.914,4.272267e+03,1.196658e-02,0.0065,3.3038,0,2,67,1724,81,89
266,1894,2160,0.123148,0.913,4.392845e+03,5.855642e-03,0.0067,3.3076,0,2,98,1723,81,89
267,1893,2160,0.123611,0.913,4.333093e+03,4.440892e-02,0.0067,3.3046,0,9,34,1722,81,89
268,1892,2160,0.124074,0.908,5.398422e+03,8.005425e-03,0.006,3.2991,0,6,131,1721,81,89
269,1891,2160,0.124537,0.909,4.955297e+03,1.776388e-02,0.0061,3.2954,0,6,45,1720,81,89
270,1890,2160,0.125,0.91,4.688511e+03,4.764305e-03,0.0061,3.3012,0,6,191,1719,81,89
271,1889,2160,0.125463,0.91,4.507110e+03,6.539944e-03,0.0062,3.3082,0,6,160,1718,81,89
272,1888,2160,0.125926,0.91,4.375575e+03,2.896930e-03,0.0067,3.2898,0,6,38,1717,81,89
273,1887,2160,0.126389,0.91,4.276538e+03,7.888598e-03,0.0062,3.3153,0,6,164,1716,81,89
274,1886,2160,0.126852,0.91,4.200079e+03,6.975516e-03,0.0068,3.2812,0,6,70,1715,81,89
275,1885,2160,0.127315,0.91,4.139213e+03,5.428787e-03,0.0065,3.2948,0,4,123,1714,81,89
276,1884,2160,0.127778,0.91,4.118584e+03,3.890932e-03,0.0064,3.2958,0,9,102,1713,81,89
277,1883,2160,0.128241,0.91,4.078480e+03,1.074005e-02,0.0065,3.3163,0,9,12,1712,81,89
278,1882,2160,0.128704,0.91,4.107450e+03,4.307160e-03,0.0063,3.3008,0,6,84,1711,81,89
279,1881,2160,0.129167,0.91,4.053081e+03,1.383298e-03,0.0068,3.3071,0,9,193,1710,81,89
280,1880,2160,0.12963,0.91,4.011583e+03,2.469594e-02,0.0064,3.2914,0,7,172,1709,81,89
281,1879,2160,0.130093,0.91,4.953784e+03,7.475697e-03,0.006,3.3126,0,6,123,1708,81,89
282,1878,2160,0.130556,0.91,4.680170e+03,5.993276e-03,0.0069,3.2841,0,2,69,1707,81,89
283,1877,2160,0.131019,0.91,4.550635e+03,3.517393e-03,0.0069,3.3012,0,6,43,1706,81,89
284,1876,2160,0.131481,0.91,4.430647e+03,7.989988e-03,0.0062,3.3041,0,6,77,1705,81,89
285,1875,2160,0.131944,0.91,4.345687e+03,7.833588e-03,0.0066,3.294,0,6,41,1704,81,89
286,1874,2160,0.132407,0.909,4.282819e+03,4.812842e-03,0.0064,3.301,0,3,194,1703,81,89
287,1873,2160,0.13287,0.911,4.255081e+03,9.814410e-03,0.006,3.2995,0,6,103,1702,81,89
288,1872,2160,0.133333,0.911,4.213275e+03,4.646786e-03,0.0062,3.3108,2,2,2,1702,81,88
289,1871,2160,0.133796,0.91,4.183082e+03,2.763645e-03,0.0065,3.3001,0,1,152,1701,81,88
290,1870,2160,0.134259,0.91,4.159460e+03,3.194172e-03,0.0067,3.3007,0,6,173,1700,81,88
291,1869,2160,0.134722,0.91,4.133436e+03,2.383167e-03,0.0064,3.2938,0,6,72,1699,81,88
292,1868,2160,0.135185,0.91,4.111619e+03,1.831637e-03,0.0064,3.3087,0,4,71,1698,81,88
293,1867,2160,0.135648,0.91,4.094736e+03,6.952039e-03,0.0067,3.2982,0,6,112,1697,81,88
294,1866,2160,0.136111,0.91,4.077672e+03,9.449209e-04,0.0064,3.2955,0,0,162,1696,81,88
295,1865,2160,0.136574,0.91,4.063099e+03,1.435519e-02,0.0062,3.2987,0,9,110,1695,81,88
296,1864,2160,0.137037,0.911,4.175120e+03,2.718790e-03,0.0063,3.2939,0,9,155,1694,81,88
297,1863,2160,0.1375,0.911,4.128366e+03,1.296531e-03,0.0063,3.2935,0,1,97,1693,81,88
298,1862,2160,0.137963,0.911,4.093365e+03,4.456866e-03,0.0063,3.2979,0,7,55,1692,81,88
299,1861,2160,0.138426,0.911,4.104489e+03,1.131575e-03,0.0062,3.301,0,9,87,1691,81,88
300,1860,2160,0.138889,0.911,4.078739e+03,2.370248e-02,0.0062,3.3002,0,3,0,1690,81,88
301,1859,2160,0.139352,0.909,4.680457e+03,2.976344e-02,0.0067,3.3,0,1,52,1689,81,88
302,1858,2160,0.139815,0.907,5.297094e+03,3.526391e-03,0.0064,3.3041,1,1,3,1689,80,88
303,1857,2160,0.140278,0.906,5.029275e+03,2.693514e-03,0.0065,3.306,0,9,78,1688,80,88
304,1856,2160,0.140741,0.906,4.873203e+03,2.374618e-02,0.0063,3.2891,0,1,45,1687,80,88
305,1855,2160,0.141204,0.908,5.212807e+03,3.563376e-03,0.0072,3.2952,0,3,164,1686,80,88
306,1854,2160,0.141667,0.908,5.009223e+03,1.432771e-02,0.0068,3.3014,0,6,55,1685,80,88
307,1853,2160,0.14213,0.909,4.878889e+03,1.173007e-02,0.0068,3.2922,0,6,44,1684,80,88
308,1852,2160,0.142593,0.908,4.786591e+03,6.691600e-03,0.0068,3.3092,0,7,133,1683,80,88
309,1851,2160,0.143056,0.911,4.782434e+03,3.245857e-02,0.0062,3.2875,0,9,105,1682,80,88
310,1850,2160,0.143519,0.912,5.310529e+03,6.583955e-03,0.0062,3.2941,0,6,78,1681,80,88
311,1849,2160,0.143981,0.912,5.044735e+03,2.778728e-03,0.0067,3.3009,0,1,46,1680,80,88
312,1848,2160,0.144444,0.912,4.877919e+03,9.410036e-03,0.0065,3.3091,0,1,30,1679,80,88
313,1847,2160,0.144907,0.912,4.835020e+03,1.177647e-02,0.0061,3.2968,0,1,13,1678,80,88
314,1846,2160,0.14537,0.912,4.842053e+03,4.361703e-03,0.0065,3.2932,0,3,41,1677,80,88
315,1845,2160,0.145833,0.912,4.745050e+03,1.017394e-02,0.0061,3.3007,0,6,109,1676,80,88
316,1844,2160,0.146296,0.911,4.665051e+03,9.323208e-03,0.0066,3.2869,0,7,135,1675,80,88
317,1843,2160,0.146759,0.909,4.738760e+03,2.103521e-03,0.0061,3.3039,0,0,45,1674,80,88
318,1842,2160,0.147222,0.908,4.657239e+03,7.750366e-03,0.0065,3.2961,0,1,64,1673,80,88
319,1841,2160,0.147685,0.908,4.640637e+03,1.807099e-03,0.0063,3.3013,0,9,152,1672,80,88
320,1840,2160,0.148148,0.909,4.578925e+03,3.977835e-02,0.0061,3.2998,0,7,90,1671,80,88
321,1839,2160,0.148611,0.908,6.985444e+03,1.117392e-02,0.0067,3.3091,0,6,183,1670,80,88
322,1838,2160,0.149074,0.908,6.280236e+03,8.453541e-03,0.0063,3.3003,0,6,50,1669,80,88
323,1837,2160,0.149537,0.907,5.875557e+03,8.240104e-03,0.0068,3.3003,0,6,152,1668,80,88
324,1836,2160,0.15,0.905,5.621475e+03,1.627834e-02,0.0063,3.291,0,6,98,1667,80,88
325,1835,2160,0.150463,0.905,5.451496e+03,5.441922e-03,0.0063,3.3039,0,6,159,1666,80,88
326,1834,2160,0.150926,0.905,5.329959e+03,1.506420e-02,0.0068,3.291,0,0,3,1665,80,88
327,1833,2160,0.151389,0.906,5.353103e+03,4.617962e-03,0.0065,3.3029,0,3,103,1664,80,88
328,1832,2160,0.151852,0.906,5.246419e+03,3.840286e-03,0.0063,3.3032,0,6,94,1663,80,88
329,1831,2160,0.152315,0.907,5.170532e+03,8.296744e-03,0.0066,3.2913,0,6,64,1662,80,88
330,1830,2160,0.152778,0.907,5.114938e+03,4.054764e-03,0.0067,3.3062,0,3,5,1661,80,88
331,1829,2160,0.153241,0.907,5.086214e+03,7.623093e-03,0.0061,3.2834,0,6,91,1660,80,88
332,1828,2160,0.153704,0.907,5.047336e+03,4.615605e-03,0.0065,3.2981,0,6,132,1659,80,88
333,1827,2160,0.154167,0.907,5.014328e+03,1.027226e-02,0.0064,3.2971,0,6,79,1658,80,88
334,1826,2160,0.15463,0.907,4.985935e+03,1.062862e-03,0.0062,3.3091,0,4,28,1657,80,88
335,1825,2160,0.155093,0.907,4.961329e+03,1.081435e-02,0.0067,3.2893,0,6,102,1656,80,88
336,1824,2160,0.155556,0.907,4.939719e+03,9.430909e-04,0.0065,3.2939,0,0,151,1655,80,88
337,1823,2160,0.156019,0.907,4.920419e+03,8.920053e-04,0.0065,3.2997,0,8,150,1654,80,88
338,1822,2160,0.156481,0.908,4.903155e+03,8.777765e-03,0.0062,3.2998,0,6,85,1653,80,88
339,1821,2160,0.156944,0.908,4.887479e+03,3.328875e-03,0.0067,3.2994,0,6,114,1652,80,88
340,1820,2160,0.157407,0.908,4.873310e+03,7.714943e-03,0.0064,3.3035,0,6,163,1651,80,88
341,1819,2160,0.15787,0.908,4.860291e+03,1.081242e-03,0.0064,3.2896,0,3,98,1650,80,88
342,1818,2160,0.158333,0.908,4.848812e+03,6.797616e-03,0.0062,3.3115,0,6,186,1649,80,88
343,1817,2160,0.158796,0.908,4.837528e+03,1.305425e-02,0.0065,3.2986,0,6,175,1648,80,88
344,1816,2160,0.159259,0.908,4.827215e+03,5.935347e-03,0.0066,3.3096,0,3,155,1647,80,88
345,1815,2160,0.159722,0.908,4.855715e+03,5.440935e-03,0.0066,3.3052,0,7,31,1646,80,88
346,1814,2160,0.160185,0.908,4.889590e+03,1.042895e-03,0.006,3.3223,0,3,63,1645,80,88
347,1813,2160,0.160648,0.908,4.866402e+03,5.591577e-03,0.0069,3.3021,0,6,111,1644,80,88
348,1812,2160,0.161111,0.908,4.849042e+03,9.088061e-03,0.0063,3.3046,0,2,6,1643,80,88
349,1811,2160,0.161574,0.908,4.959424e+03,9.847403e-03,0.0063,3.3046,0,7,116,1642,80,88
350,1810,2160,0.162037,0.908,5.061451e+03,1.792810e-03,0.0066,3.3088,0,9,95,1641,80,88
351,1809,2160,0.1625,0.908,4.991522e+03,5.057946e-03,0.0063,3.2994,0,1,11,1640,80,88
352,1808,2160,0.162963,0.908,4.970837e+03,1.417024e-02,0.0061,3.3179,0,6,69,1639,80,88
353,1807,2160,0.163426,0.908,4.933847e+03,1.119315e-03,0.0068,3.2971,0,1,10,1638,80,88
354,1806,2160,0.163889,0.908,4.906521e+03,4.972514e-03,0.0064,2.245,0,6,181,1637,80,88
355,1805,2160,0.164352,0.908,4.891560e+03,1.101760e-02,0.0062,3.3058,0,6,147,1636,80,88
356,1804,2160,0.164815,0.908,4.873367e+03,1.114112e-02,0.0067,3.308,0,9,97,1635,80,88
357,1803,2160,0.165278,0.908,4.948570e+03,1.275003e-03,0.0067,3.307,0,3,34,1634,80,88
358,1802,2160,0.165741,0.908,4.912939e+03,7.060754e-03,0.0064,3.302,0,9,182,1633,80,88
359,1801,2160,0.166204,0.907,4.921016e+03,8.052489e-03,0.0063,3.3046,0,7,162,1632,80,88
360,1800,2160,0.166667,0.907,4.997606e+03,1.986049e-03,0.0062,3.3115,0,1,139,1631,80,88
361,1799,2160,0.16713,0.907,4.950499e+03,1.242930e-03,0.0071,3.2987,2,6,6,1631,80,87
362,1798,2160,0.167593,0.907,4.916704e+03,5.803600e-03,0.0061,3.3083,0,1,94,1630,80,87
363,1797,2160,0.168056,0.908,4.919146e+03,1.016831e-02,0.0064,3.3136,0,3,114,1629,80,87
364,1796,2160,0.168519,0.908,4.996638e+03,8.048761e-03,0.0069,3.3142,0,9,140,1628,80,87
365,1795,2160,0.168981,0.908,5.002966e+03,1.173945e-02,0.0068,3.3032,0,2,11,1627,80,87
366,1794,2160,0.169444,0.908,5.181651e+03,2.759656e-02,0.0061,3.313,0,1,106,1626,80,87
367,1793,2160,0.169907,0.909,5.727375e+03,5.306655e-03,0.0062,3.3063,0,3,42,1625,80,87
368,1792,2160,0.17037,0.911,5.507946e+03,2.499227e-03,0.0063,3.2976,0,9,5,1624,80,87
369,1791,2160,0.170833,0.911,5.371343e+03,2.025406e-03,0.0062,3.3073,0,4,90,1623,80,87
370,1790,2160,0.171296,0.911,5.282651e+03,3.785712e-03,0.0065,3.3,0,1,148,1622,80,87
371,1789,2160,0.171759,0.911,5.230793e+03,2.545155e-02,0.0061,3.2977,0,3,118,1621,80,87
372,1788,2160,0.172222,0.912,5.789554e+03,6.654157e-03,0.0066,3.3031,0,7,2,1620,80,87
373,1787,2160,0.172685,0.911,5.689569e+03,3.352341e-03,0.0061,3.3009,0,1,3,1619,80,87
374,1786,2160,0.173148,0.911,5.558806e+03,2.437596e-02,0.0062,3.3031,0,1,61,1618,80,87
375,1785,2160,0.173611,0.911,5.932440e+03,5.731626e-02,0.0061,3.3065,0,3,106,1617,80,87
376,1784,2160,0.174074,0.907,9.109734e+03,5.485329e-03,0.0066,3.3089,0,8,96,1616,80,87
377,1783,2160,0.174537,0.905,8.458580e+03,6.575277e-03,0.0065,3.3113,0,9,157,1615,80,87
378,1782,2160,0.175,0.905,7.995172e+03,4.134893e-03,0.0061,3.3189,0,7,23,1614,80,87
379,1781,2160,0.175463,0.905,7.626990e+03,4.707612e-02,0.0061,3.3051,2,7,8,1614,80,86
380,1780,2160,0.175926,0.904,7.813368e+03,1.401890e-02,0.0063,3.3059,0,6,168,1613,80,86
381,1779,2160,0.176389,0.904,7.386495e+03,3.783819e-03,0.0063,3.2993,0,7,3,1612,80,86
382,1778,2160,0.176852,0.904,7.081895e+03,4.588431e-03,0.0067,3.3051,0,9,181,1611,80,86
383,1777,2160,0.177315,0.904,6.854651e+03,8.724413e-03,0.0061,3.3163,0,7,17,1610,80,86
384,1776,2160,0.177778,0.904,6.768911e+03,5.457377e-03,0.0061,3.312,0,3,69,1609,80,86
385,1775,2160,0.178241,0.904,6.600196e+03,1.060664e-02,0.0065,3.3102,0,6,176,1608,80,86
386,1774,2160,0.178704,0.904,6.441846e+03,2.498839e-03,0.0063,3.3108,0,5,47,1607,80,86
387,1773,2160,0.179167,0.904,6.308820e+03,1.077659e-02,0.0065,3.3198,0,1,125,1606,80,86
388,1772,2160,0.17963,0.904,6.284777e+03,2.621093e-03,0.0063,3.3263,0,2,182,1605,80,86
389,1771,2160,0.180093,0.904,6.160363e+03,3.571403e-02,0.0062,3.2988,0,9,39,1604,80,86
390,1770,2160,0.180556,0.901,6.990348e+03,4.536276e-03,0.0063,3.3159,0,7,28,1603,80,86
391,1769,2160,0.181019,0.902,6.705688e+03,5.659096e-03,0.0063,3.3087,0,3,184,1602,80,86
392,1768,2160,0.181481,0.902,6.537064e+03,8.987484e-03,0.0061,3.3095,0,7,149,1601,80,86
393,1767,2160,0.181944,0.901,6.508089e+03,2.643018e-03,0.0065,3.3163,0,3,27,1600,80,86
394,1766,2160,0.182407,0.902,6.365441e+03,2.264168e-03,0.0063,3.2998,0,0,125,1599,80,86
395,1765,2160,0.18287,0.901,6.255827e+03,2.039653e-03,0.0063,3.2904,0,8,90,1598,80,86
396,1764,2160,0.183333,0.903,6.167025e+03,1.883283e-03,0.0063,3.3138,0,1,182,1597,80,86
397,1763,2160,0.183796,0.903,6.091719e+03,1.861172e-02,0.0066,3.3128,0,7,43,1596,80,86
398,1762,2160,0.184259,0.902,6.572098e+03,4.986093e-03,0.0064,3.3111,0,3,195,1595,80,86
399,1761,2160,0.184722,0.901,6.395399e+03,7.461058e-03,0.0064,3.2998,0,2,164,1594,80,86
400,1760,2160,0.185185,0.903,6.345732e+03,2.446026e-02,0.0064,3.31,0,7,93,1593,80,86
401,1759,2160,0.185648,0.904,7.148470e+03,4.036758e-03,0.0062,3.2996,0,9,51,1592,80,86
402,1758,2160,0.186111,0.906,6.822546e+03,5.830309e-03,0.0063,3.3026,0,9,192,1591,80,86
403,1757,2160,0.186574,0.906,6.639550e+03,4.085636e-03,0.007,3.3117,0,9,70,1590,80,86
404,1756,2160,0.187037,0.907,6.506817e+03,2.208367e-03,0.0062,3.2937,0,2,155,1589,80,86
405,1755,2160,0.1875,0.906,6.402840e+03,5.010423e-03,0.0063,3.3006,0,1,44,1588,80,86
406,1754,2160,0.187963,0.906,6.342600e+03,2.964935e-02,0.0067,3.304,0,3,134,1587,80,86
407,1753,2160,0.188426,0.907,7.170708e+03,3.120764e-03,0.0065,3.2888,0,1,25,1586,80,86
408,1752,2160,0.188889,0.907,6.968865e+03,2.706322e-03,0.0063,3.2964,0,4,9,1585,80,86
409,1751,2160,0.189352,0.907,6.813629e+03,5.023720e-03,0.0064,3.3026,0,4,72,1584,80,86
410,1750,2160,0.189815,0.907,6.708628e+03,1.833232e-02,0.0062,3.3091,0,3,176,1583,80,86
411,1749,2160,0.190278,0.908,6.941414e+03,6.005943e-03,0.0063,3.3182,0,7,163,1582,80,86
412,1748,2160,0.190741,0.907,6.841841e+03,3.749083e-03,0.0062,3.3115,0,8,125,1581,80,86
413,1747,2160,0.191204,0.907,6.729184e+03,2.239695e-03,0.0066,3.3029,0,4,184,1580,80,86
414,1746,2160,0.191667,0.908,6.621991e+03,2.741490e-03,0.0066,3.3153,0,4,31,1579,80,86
415,1745,2160,0.19213,0.908,6.538610e+03,1.891935e-03,0.007,3.3003,0,0,185,1578,80,86
416,1744,2160,0.192593,0.908,6.462444e+03,1.739252e-03,0.0062,3.2973,0,1,18,1577,80,86
417,1743,2160,0.193056,0.908,6.397390e+03,1.214223e-02,0.0061,3.2993,0,1,99,1576,80,86
418,1742,2160,0.193519,0.91,6.459658e+03,2.089799e-03,0.0062,3.2995,0,9,42,1575,80,86
419,1741,2160,0.193981,0.909,6.374454e+03,6.989971e-03,0.0065,3.3087,0,2,30,1574,80,86
420,1740,2160,0.194444,0.909,6.385847e+03,2.414116e-02,0.0067,3.3024,0,3,8,1573,80,86
421,1739,2160,0.194907,0.909,6.981436e+03,2.509115e-03,0.0062,3.3096,0,0,163,1572,80,86
422,1738,2160,0.19537,0.909,6.881746e+03,7.007578e-03,0.0065,3.3052,0,6,150,1571,80,86
423,1737,2160,0.195833,0.909,6.807129e+03,5.241076e-03,0.0064,3.3117,0,6,129,1570,80,86
424,1736,2160,0.196296,0.909,6.747580e+03,1.023725e-02,0.0063,3.3017,0,6,185,1569,80,86
425,1735,2160,0.196759,0.909,6.698455e+03,1.012652e-02,0.0065,3.3134,0,6,135,1568,80,86
426,1734,2160,0.197222,0.909,6.656514e+03,1.308761e-03,0.0062,3.3024,0,2,114,1567,80,86
427,1733,2160,0.197685,0.909,6.619891e+03,1.451453e-02,0.0064,3.3006,0,6,107,1566,80,86
428,1732,2160,0.198148,0.909,6.587607e+03,7.046402e-03,0.0066,3.3019,0,6,130,1565,80,86
429,1731,2160,0.198611,0.909,6.559148e+03,1.161714e-02,0.0062,3.2952,0,6,154,1564,80,86
430,1730,2160,0.199074,0.909,6.533821e+03,7.062139e-03,0.0069,3.3028,0,6,88,1563,80,86
431,1729,2160,0.199537,0.909,6.510763e+03,2.770626e-03,0.0062,3.2995,0,2,111,1562,80,86
432,1728,2160,0.2,0.909,6.499014e+03,1.161448e-02,0.0067,3.3088,0,6,122,1561,80,86
433,1727,2160,0.200463,0.908,6.477682e+03,1.514614e-02,0.0069,3.3075,0,3,193,1560,80,86
434,1726,2160,0.200926,0.909,6.701825e+03,9.264617e-03,0.0061,3.3145,0,2,116,1559,80,86
435,1725,2160,0.201389,0.908,6.778259e+03,1.859844e-03,0.0061,3.3079,0,0,116,1558,80,86
436,1724,2160,0.201852,0.908,6.712724e+03,2.516443e-03,0.0063,3.2991,0,3,142,1557,80,86
437,1723,2160,0.202315,0.908,6.668267e+03,1.883974e-02,0.0063,3.294,0,7,191,1556,80,86
438,1722,2160,0.202778,0.909,7.278861e+03,1.446184e-02,0.0066,3.2981,0,6,96,1555,80,86
439,1721,2160,0.203241,0.909,7.131236e+03,2.320211e-03,0.0063,3.2994,2,1,8,1555,80,85
440,1720,2160,0.203704,0.91,7.026102e+03,1.910200e-03,0.0063,3.3031,0,3,15,1554,80,85
441,1719,2160,0.204167,0.909,6.947917e+03,5.707920e-03,0.0063,3.3119,0,6,106,1553,80,85
442,1718,2160,0.20463,0.909,6.885977e+03,1.304496e-02,0.0062,3.3118,0,1,147,1552,80,85
443,1717,2160,0.205093,0.911,6.975391e+03,2.131231e-02,0.0067,3.3006,0,6,49,1551,80,85
444,1716,2160,0.205556,0.911,6.890997e+03,8.849540e-03,0.0062,3.3093,0,6,144,1550,80,85
445,1715,2160,0.206019,0.912,6.834280e+03,8.911349e-03,0.0069,3.3032,0,1,174,1549,80,85
446,1714,2160,0.206481,0.913,6.854453e+03,3.102228e-03,0.0063,3.3058,0,1,111,1548,80,85
447,1713,2160,0.206944,0.912,6.805978e+03,1.010550e-02,0.0065,3.3101,0,6,35,1547,80,85
448,1712,2160,0.207407,0.911,6.764604e+03,8.080945e-03,0.0063,3.3029,0,4,122,1546,80,85
449,1711,2160,0.20787,0.911,6.798914e+03,5.838418e-03,0.0065,3.3003,0,1,136,1545,80,85
450,1710,2160,0.208333,0.91,6.778696e+03,1.050945e-02,0.0062,3.3152,0,7,165,1544,80,85
451,1709,2160,0.208796,0.911,6.901315e+03,1.269079e-02,0.0067,3.2995,0,7,104,1543,80,85
452,1708,2160,0.209259,0.913,7.068998e+03,1.375331e-02,0.0061,3.3008,0,9,82,1542,80,85
453,1707,2160,0.209722,0.912,7.071100e+03,7.842788e-03,0.0062,3.311,0,6,48,1541,80,85
454,1706,2160,0.210185,0.913,6.958614e+03,1.173230e-02,0.0064,3.3184,0,2,2,1540,80,85
455,1705,2160,0.210648,0.914,7.101723e+03,2.281431e-02,0.0063,3.3028,0,7,156,1539,80,85
456,1704,2160,0.211111,0.914,7.775947e+03,3.754532e-03,0.0062,3.3088,0,1,50,1538,80,85
457,1703,2160,0.211574,0.914,7.485807e+03,1.700002e-02,0.0062,3.3117,0,3,140,1537,80,85
458,1702,2160,0.212037,0.914,7.618591e+03,2.680212e-03,0.0067,3.3042,0,5,88,1536,80,85
459,1701,2160,0.2125,0.914,7.465196e+03,2.546627e-02,0.0066,3.3084,0,9,161,1535,80,85
460,1700,2160,0.212963,0.907,7.747171e+03,7.361794e-02,0.0063,3.3121,1,4,0,1535,79,85
461,1699,2160,0.213426,0.905,8.747667e+03,7.577527e-03,0.0063,3.3017,0,3,102,1534,79,85
462,1698,2160,0.213889,0.907,8.241125e+03,3.864614e-03,0.0067,3.3097,0,0,154,1533,79,85
463,1697,2160,0.214352,0.907,7.918843e+03,3.152161e-03,0.0063,3.3059,0,8,19,1532,79,85
464,1696,2160,0.214815,0.909,7.704888e+03,1.404327e-02,0.0065,3.3108,0,1,84,1531,79,85
465,1695,2160,0.215278,0.909,7.753682e+03,2.657058e-03,0.0061,3.3086,0,5,140,1530,79,85
466,1694,2160,0.215741,0.91,7.603093e+03,5.677226e-03,0.0065,3.3173,0,8,11,1529,79,85
467,1693,2160,0.216204,0.91,7.534246e+03,8.779048e-03,0.0063,3.3152,0,4,93,1528,79,85
468,1692,2160,0.216667,0.908,7.516110e+03,1.404381e-02,0.0062,3.3065,0,6,145,1527,79,85
469,1691,2160,0.21713,0.909,7.428763e+03,2.007073e-02,0.0068,3.2916,0,6,97,1526,79,85
470,1690,2160,0.217593,0.908,7.363780e+03,5.134108e-03,0.0063,3.2982,0,2,21,1525,79,85
471,1689,2160,0.218056,0.909,7.343342e+03,5.584971e-03,0.0065,3.311,0,1,113,1524,79,85
472,1688,2160,0.218519,0.91,7.314217e+03,1.756962e-02,0.0067,3.3197,0,3,96,1523,79,85
473,1687,2160,0.218981,0.91,7.575869e+03,1.118006e-02,0.0063,3.3031,0,9,46,1522,79,85
474,1686,2160,0.219444,0.909,7.567049e+03,2.164635e-03,0.0063,3.3107,0,2,191,1521,79,85
475,1685,2160,0.219907,0.909,7.469271e+03,1.865076e-03,0.0062,3.3148,0,2,99,1520,79,85
476,1684,2160,0.22037,0.91,7.394362e+03,1.010587e-02,0.0067,3.3027,0,6,142,1519,79,85
477,1683,2160,0.220833,0.911,7.332306e+03,5.678388e-03,0.0066,3.3002,0,0,164,1518,79,85
478,1682,2160,0.221296,0.911,7.296510e+03,1.662086e-03,0.0062,3.312,0,2,185,1517,79,85
479,1681,2160,0.221759,0.911,7.247826e+03,5.603146e-03,0.0063,3.2961,0,2,52,1516,79,85
480,1680,2160,0.222222,0.911,7.253496e+03,4.243494e-03,0.0063,3.3152,0,9,126,1515,79,85
481,1679,2160,0.222685,0.911,7.224653e+03,1.021750e-02,0.0062,3.3108,0,6,155,1514,79,85
482,1678,2160,0.223148,0.911,7.187532e+03,4.682426e-03,0.0061,3.3009,0,7,53,1513,79,85
483,1677,2160,0.223611,0.911,7.189521e+03,1.287876e-02,0.0062,3.3093,0,6,121,1512,79,85
484,1676,2160,0.224074,0.911,7.154181e+03,4.513157e-03,0.0066,3.3129,0,3,16,1511,79,85
485,1675,2160,0.224537,0.911,7.144800e+03,1.143719e-03,0.0062,3.3208,0,0,193,1510,79,85
486,1674,2160,0.225,0.911,7.117028e+03,7.143566e-03,0.0063,3.3122,2,8,8,1510,79,84
487,1673,2160,0.225463,0.911,7.110461e+03,4.298619e-03,0.0068,3.299,0,9,38,1509,79,84
488,1672,2160,0.225926,0.911,7.096309e+03,2.900413e-03,0.0063,3.2964,0,3,181,1508,79,84
489,1671,2160,0.226389,0.911,7.079945e+03,9.555619e-03,0.0067,3.3032,0,6,90,1507,79,84
490,1670,2160,0.226852,0.911,7.058363e+03,4.232104e-03,0.0062,3.3072,0,3,92,1506,79,84
491,1669,2160,0.227315,0.911,7.056222e+03,1.027032e-03,0.0065,3.3051,0,0,16,1505,79,84
492,1668,2160,0.227778,0.91,7.036048e+03,6.052845e-02,0.0062,3.2905,0,7,150,1504,79,84
493,1667,2160,0.228241,0.909,1.259926e+04,1.728903e-02,0.0068,3.298,2,3,8,1504,79,83
494,1666,2160,0.228704,0.907,1.114135e+04,1.627677e-02,0.0066,3.3144,0,3,130,1503,79,83
495,1665,2160,0.229167,0.908,1.046049e+04,1.611269e-02,0.0065,3.3023,0,9,11,1502,79,83
496,1664,2160,0.22963,0.908,1.010391e+04,1.418170e-02,0.0062,3.3071,0,6,139,1501,79,83
497,1663,2160,0.230093,0.908,9.706230e+03,1.821285e-02,0.0062,3.3004,0,1,17,1500,79,83
498,1662,2160,0.230556,0.907,9.771999e+03,7.202825e-03,0.0061,3.2916,0,6,177,1499,79,83
499,1661,2160,0.231019,0.908,9.507114e+03,5.485530e-03,0.0063,3.2992,0,3,3,1498,79,83
500,1660,2160,0.231481,0.908,9.339343e+03,3.508361e-03,0.0071,3.3063,0,1,154,1497,79,83
501,1659,2160,0.231944,0.908,9.193247e+03,6.851468e-03,0.0062,3.3083,0,7,131,1496,79,83
502,1658,2160,0.232407,0.909,9.135349e+03,1.481512e-02,0.006,3.2968,0,7,83,1495,79,83
503,1657,2160,0.23287,0.908,9.344181e+03,2.051781e-02,0.0066,3.3103,0,3,157,1494,79,83
504,1656,2160,0.233333,0.908,9.612743e+03,7.398873e-03,0.0062,3.3065,0,2,86,1493,79,83
505,1655,2160,0.233796,0.905,9.493762e+03,3.082257e-03,0.0062,3.2976,0,2,183,1492,79,83
506,1654,2160,0.234259,0.905,9.348218e+03,2.273726e-03,0.0063,3.3094,0,8,47,1491,79,83
507,1653,2160,0.234722,0.905,9.236336e+03,1.487558e-02,0.0064,3.3044,0,4,10,1490,79,83
508,1652,2160,0.235185,0.904,9.407798e+03,3.017274e-03,0.0061,3.3001,0,7,61,1489,79,83
509,1651,2160,0.235648,0.903,9.287730e+03,8.825382e-03,0.0068,3.3135,0,4,2,1488,79,83
510,1650,2160,0.236111,0.905,9.281770e+03,2.019955e-02,0.0065,3.3054,0,3,7,1487,79,83
511,1649,2160,0.236574,0.907,9.600658e+03,1.156081e-02,0.0067,3.297,0,7,63,1486,79,83
512,1648,2160,0.237037,0.907,9.626773e+03,2.825410e-03,0.0061,3.2998,0,8,111,1485,79,83
513,1647,2160,0.2375,0.908,9.454350e+03,1.561821e-02,0.0061,3.2987,0,1,79,1484,79,83
514,1646,2160,0.237963,0.909,9.523090e+03,4.891311e-03,0.0062,3.2986,0,3,166,1483,79,83
515,1645,2160,0.238426,0.91,9.381471e+03,1.366969e-02,0.0069,3.306,0,3,173,1482,79,83
516,1644,2160,0.238889,0.91,9.451080e+03,2.401465e-02,0.0062,3.3037,0,3,20,1481,79,83
517,1643,2160,0.239352,0.909,9.934283e+03,5.381904e-03,0.0062,3.2914,0,7,18,1480,79,83
518,1642,2160,0.239815,0.909,9.791980e+03,2.768694e-03,0.0065,3.3183,0,7,123,1479,79,83
519,1641,2160,0.240278,0.909,9.649148e+03,1.022512e-02,0.0062,3.2986,0,4,108,1478,79,83
520,1640,2160,0.240741,0.91,9.659075e+03,2.036942e-02,0.006,3.3044,0,7,146,1477,79,83
521,1639,2160,0.241204,0.909,1.013761e+04,3.532028e-03,0.0065,3.3068,0,9,156,1476,79,83
522,1638,2160,0.241667,0.909,9.874850e+03,2.797790e-03,0.0067,3.3112,0,9,103,1475,79,83
523,1637,2160,0.24213,0.909,9.707838e+03,1.579394e-02,0.0066,3.299,0,6,179,1474,79,83
524,1636,2160,0.242593,0.909,9.592426e+03,6.028778e-03,0.0063,3.2993,0,1,26,1473,79,83
525,1635,2160,0.243056,0.909,9.532135e+03,7.439239e-03,0.0065,3.3018,0,6,56,1472,79,83
526,1634,2160,0.243519,0.909,9.451327e+03,4.597304e-03,0.0062,3.2976,0,6,89,1471,79,83
527,1633,2160,0.243981,0.908,9.387540e+03,5.919532e-03,0.0066,3.2889,0,9,189,1470,79,83
528,1632,2160,0.244444,0.908,9.354497e+03,1.631532e-03,0.0063,3.2965,0,0,2,1469,79,83
529,1631,2160,0.244907,0.909,9.300448e+03,1.439057e-03,0.0062,3.3008,2,4,9,1469,79,82
530,1630,2160,0.24537,0.909,9.255443e+03,2.133557e-02,0.0065,3.299,0,9,139,1468,79,82
531,1629,2160,0.245833,0.908,9.566740e+03,1.628572e-02,0.0061,3.2927,0,1,66,1467,79,82
532,1628,2160,0.246296,0.906,9.714104e+03,1.784120e-02,0.0063,3.297,0,1,141,1466,79,82
533,1627,2160,0.246759,0.906,9.901793e+03,9.164189e-03,0.0062,3.2956,0,6,149,1465,79,82
534,1626,2160,0.247222,0.906,9.735688e+03,3.112774e-03,0.0065,3.3035,0,2,97,1464,79,82
535,1625,2160,0.247685,0.907,9.626675e+03,3.279808e-03,0.0065,3.2997,0,4,41,1463,79,82
536,1624,2160,0.248148,0.906,9.545602e+03,1.964887e-02,0.0063,3.3001,0,7,153,1462,79,82
537,1623,2160,0.248611,0.908,1.005238e+04,8.027747e-03,0.0067,3.2885,0,6,110,1461,79,82
538,1622,2160,0.249074,0.909,9.830144e+03,2.570576e-03,0.0064,3.2955,0,4,97,1460,79,82
539,1621,2160,0.249537,0.908,9.687046e+03,3.716183e-03,0.0062,3.3001,0,7,69,1459,79,82
540,1620,2160,0.25,0.908,9.603470e+03,6.214492e-03,0.0063,3.3116,0,6,134,1458,79,82
541,1619,2160,0.250463,0.908,9.523685e+03,9.709949e-03,0.0067,3.3026,0,3,188,1457,79,82
542,1618,2160,0.250926,0.908,9.554286e+03,1.198593e-02,0.0064,3.3036,0,6,174,1456,79,82
543,1617,2160,0.251389,0.908,9.482473e+03,5.687308e-03,0.0063,3.3035,0,6,60,1455,79,82
544,1616,2160,0.251852,0.908,9.422465e+03,2.619229e-03,0.0064,3.2921,0,1,183,1454,79,82
545,1615,2160,0.252315,0.907,9.375746e+03,1.198708e-02,0.0063,3.3221,0,4,189,1453,79,82
546,1614,2160,0.252778,0.907,9.496968e+03,2.568538e-02,0.0063,3.2917,0,7,143,1452,79,82
547,1613,2160,0.253241,0.91,1.037129e+04,2.144985e-02,0.0068,3.3007,0,3,107,1451,79,82
548,1612,2160,0.253704,0.909,1.050056e+04,1.945115e-02,0.0061,3.3082,0,1,179,1450,79,82
549,1611,2160,0.254167,0.909,1.054157e+04,2.560692e-02,0.0062,3.3046,0,1,87,1449,79,82
550,1610,2160,0.25463,0.906,1.084327e+04,4.786663e-03,0.0068,3.3099,0,2,17,1448,79,82
551,1609,2160,0.255093,0.907,1.052225e+04,7.663732e-03,0.0063,3.3032,0,2,176,1447,79,82
552,1608,2160,0.255556,0.907,1.039569e+04,2.849643e-02,0.0065,3.2977,0,7,34,1446,79,82
553,1607,2160,0.256019,0.908,1.148745e+04,1.181057e-02,0.0062,3.2997,0,6,86,1445,79,82
554,1606,2160,0.256481,0.907,1.102175e+04,2.457005e-02,0.0062,3.3013,0,3,95,1444,79,82
555,1605,2160,0.256944,0.908,1.135132e+04,3.694970e-03,0.0065,3.2929,0,8,26,1443,79,82
556,1604,2160,0.257407,0.907,1.106542e+04,3.072794e-03,0.0064,3.2887,0,4,178,1442,79,82
557,1603,2160,0.25787,0.907,1.086414e+04,1.869662e-02,0.0064,3.3103,0,6,47,1441,79,82
558,1602,2160,0.258333,0.906,1.071107e+04,8.910337e-03,0.0063,3.3086,0,6,117,1440,79,82
559,1601,2160,0.258796,0.906,1.058669e+04,3.149307e-02,0.0063,3.3088,0,2,44,1439,79,82
560,1600,2160,0.259259,0.906,1.201499e+04,9.948837e-03,0.0063,3.3108,0,6,71,1438,79,82
561,1599,2160,0.259722,0.907,1.152238e+04,1.254882e-02,0.0064,3.2902,0,3,165,1437,79,82
562,1598,2160,0.260185,0.907,1.135162e+04,3.891573e-03,0.0064,3.3078,0,2,113,1436,79,82
563,1597,2160,0.260648,0.907,1.110406e+04,6.320908e-03,0.0066,3.311,0,6,146,1435,79,82
564,1596,2160,0.261111,0.907,1.091533e+04,7.303956e-03,0.0061,3.3053,0,7,0,1434,79,82
565,1595,2160,0.261574,0.907,1.083807e+04,2.622933e-03,0.0063,3.3166,0,3,132,1433,79,82
566,1594,2160,0.262037,0.908,1.070167e+04,9.856775e-03,0.0061,3.3133,0,7,7,1432,79,82
567,1593,2160,0.2625,0.906,1.074160e+04,2.564156e-03,0.0066,3.2948,0,1,120,1431,79,82
568,1592,2160,0.262963,0.907,1.061030e+04,1.011866e-02,0.0068,3.3006,0,1,81,1430,79,82
569,1591,2160,0.263426,0.906,1.059046e+04,1.280949e-02,0.0067,3.3031,0,9,194,1429,79,82
570,1590,2160,0.263889,0.907,1.061941e+04,5.524354e-03,0.0062,3.3027,0,9,119,1428,79,82
571,1589,2160,0.264352,0.907,1.052770e+04,4.183767e-03,0.0069,3.3093,0,7,112,1427,79,82
572,1588,2160,0.264815,0.907,1.046862e+04,1.880859e-03,0.0066,3.3139,2,6,2,1427,79,81
573,1587,2160,0.265278,0.907,1.039421e+04,5.618763e-03,0.0062,3.3002,0,9,167,1426,79,81
574,1586,2160,0.265741,0.907,1.035171e+04,9.139714e-03,0.0061,3.301,0,2,175,1425,79,81
575,1585,2160,0.266204,0.907,1.041327e+04,2.605852e-03,0.0062,3.3098,0,2,59,1424,79,81
576,1584,2160,0.266667,0.907,1.033353e+04,3.828249e-03,0.0066,3.3046,0,0,7,1423,79,81
577,1583,2160,0.26713,0.907,1.026990e+04,4.114749e-03,0.0063,3.3002,0,7,30,1422,79,81
578,1582,2160,0.267593,0.906,1.024237e+04,1.768471e-03,0.0061,3.2993,0,4,15,1421,79,81
579,1581,2160,0.268056,0.906,1.019174e+04,2.070358e-03,0.0066,3.3043,0,7,190,1420,79,81
580,1580,2160,0.268519,0.906,1.015031e+04,1.370532e-03,0.0061,3.2971,1,9,5,1420,78,81
581,1579,2160,0.268981,0.905,1.011066e+04,2.458949e-03,0.0062,3.3001,0,3,32,1419,78,81
582,1578,2160,0.269444,0.905,1.007953e+04,1.804215e-03,0.0066,3.2996,0,9,98,1418,78,81
583,1577,2160,0.269907,0.905,1.004869e+04,2.550418e-03,0.0064,3.3036,0,9,83,1417,78,81
584,1576,2160,0.27037,0.905,1.002338e+04,1.258294e-03,0.0062,3.2978,0,0,127,1416,78,81
585,1575,2160,0.270833,0.904,9.995000e+03,1.275197e-02,0.0063,3.3104,0,3,136,1415,78,81
586,1574,2160,0.271296,0.905,1.012638e+04,6.103668e-02,0.0064,3.3106,0,9,35,1414,78,81
587,1573,2160,0.271759,0.903,1.239061e+04,6.688165e-03,0.0068,3.3099,0,3,2,1413,78,81
588,1572,2160,0.272222,0.902,1.152843e+04,4.844234e-03,0.0065,3.2982,0,9,107,1412,78,81
589,1571,2160,0.272685,0.901,1.102978e+04,4.588564e-03,0.0063,3.2998,0,1,177,1411,78,81
590,1570,2160,0.273148,0.901,1.071089e+04,1.955323e-02,0.0062,3.3075,0,1,142,1410,78,81
591,1569,2160,0.273611,0.901,1.079176e+04,3.606300e-03,0.0063,3.3203,0,2,107,1409,78,81
592,1568,2160,0.274074,0.9,1.053317e+04,1.196409e-02,0.0063,3.3012,0,6,124,1408,78,81
593,1567,2160,0.274537,0.899,1.036903e+04,5.038146e-03,0.0063,3.3021,0,9,26,1407,78,81
594,1566,2160,0.275,0.899,1.026942e+04,4.903173e-03,0.0067,3.2996,0,3,154,1406,78,81
595,1565,2160,0.275463,0.899,1.020055e+04,1.816237e-02,0.0064,3.2996,0,7,137,1405,78,81
596,1564,2160,0.275926,0.897,1.061801e+04,4.346333e-03,0.0061,3.2963,0,7,4,1404,78,81
597,1563,2160,0.276389,0.899,1.044369e+04,2.427269e-03,0.0066,3.2926,0,2,120,1403,78,81
598,1562,2160,0.276852,0.899,1.032262e+04,1.227193e-02,0.0068,3.3165,0,9,100,1402,78,81
599,1561,2160,0.277315,0.899,1.034045e+04,2.110003e-02,0.0065,3.3029,0,6,73,1401,78,81
600,1560,2160,0.277778,0.899,1.024659e+04,3.890088e-03,0.0065,3.3047,0,9,19,1400,78,81
601,1559,2160,0.278241,0.899,1.019058e+04,2.519681e-03,0.0061,3.3115,0,2,151,1399,78,81
602,1558,2160,0.278704,0.899,1.014373e+04,1.144532e-02,0.0061,3.3069,0,6,101,1398,78,81
603,1557,2160,0.279167,0.899,1.009974e+04,1.318668e-03,0.0063,3.3038,0,1,89,1397,78,81
604,1556,2160,0.27963,0.899,1.006339e+04,1.513037e-02,0.0063,3.3043,0,7,38,1396,78,81
605,1555,2160,0.280093,0.9,1.037067e+04,2.486135e-03,0.0065,3.2942,0,2,77,1395,78,81
606,1554,2160,0.280556,0.901,1.024458e+04,5.728273e-03,0.0062,3.2937,0,1,14,1394,78,81
607,1553,2160,0.281019,0.9,1.020792e+04,1.623047e-03,0.0063,3.3121,0,0,10,1393,78,81
608,1552,2160,0.281481,0.901,1.015227e+04,1.393406e-03,0.0063,3.3006,0,0,152,1392,78,81
609,1551,2160,0.281944,0.901,1.011131e+04,1.242463e-03,0.0066,3.3027,0,3,144,1391,78,81
610,1550,2160,0.282407,0.901,1.007856e+04,1.598744e-02,0.0067,3.3051,0,1,47,1390,78,81
611,1549,2160,0.28287,0.903,1.026998e+04,2.203157e-03,0.0065,3.3049,0,3,113,1389,78,81
612,1548,2160,0.283333,0.902,1.017311e+04,1.063196e-02,0.0064,3.3042,0,7,41,1388,78,81
613,1547,2160,0.283796,0.901,1.032711e+04,1.328003e-02,0.0065,3.3186,0,2,110,1387,78,81
614,1546,2160,0.284259,0.901,1.051865e+04,1.019207e-02,0.0063,3.316,0,7,177,1386,78,81
615,1545,2160,0.284722,0.903,1.057721e+04,2.391404e-02,0.0063,3.3094,0,3,88,1385,78,81
616,1544,2160,0.285185,0.901,1.105773e+04,3.018630e-03,0.0063,3.3079,0,4,158,1384,78,81
617,1543,2160,0.285648,0.902,1.086583e+04,5.853086e-03,0.0064,3.3057,0,9,27,1383,78,81
618,1542,2160,0.286111,0.902,1.075732e+04,2.242437e-03,0.0063,3.2979,0,3,90,1382,78,81
619,1541,2160,0.286574,0.902,1.065217e+04,4.151646e-02,0.0066,3.2997,0,2,178,1381,78,81
620,1540,2160,0.287037,0.905,1.313189e+04,1.394104e-02,0.0064,3.3011,0,3,84,1380,78,81
621,1539,2160,0.2875,0.904,1.260508e+04,2.321503e-02,0.0064,3.306,0,6,192,1379,78,81
622,1538,2160,0.287963,0.904,1.220370e+04,4.008922e-03,0.0066,3.2945,0,3,167,1378,78,81
623,1537,2160,0.288426,0.903,1.196427e+04,1.434086e-02,0.0062,3.2991,0,1,59,1377,78,81
624,1536,2160,0.288889,0.904,1.204103e+04,3.323060e-03,0.0062,3.3091,0,9,1,1376,78,81
625,1535,2160,0.289352,0.904,1.187689e+04,7.285678e-03,0.0063,3.3077,0,1,19,1375,78,81
626,1534,2160,0.289815,0.904,1.180676e+04,1.878566e-02,0.0063,3.2975,0,6,184,1374,78,81
627,1533,2160,0.290278,0.904,1.169162e+04,2.896000e-03,0.0067,3.305,0,1,88,1373,78,81
628,1532,2160,0.290741,0.903,1.159614e+04,6.766839e-03,0.0064,3.3087,0,9,134,1372,78,81
629,1531,2160,0.291204,0.903,1.154181e+04,1.520535e-02,0.0064,3.3059,0,3,190,1371,78,81
630,1530,2160,0.291667,0.902,1.169796e+04,1.083037e-02,0.0062,3.3113,0,2,16,1370,78,81
631,1529,2160,0.29213,0.902,1.177747e+04,5.289064e-03,0.0063,3.3098,0,7,181,1369,78,81
632,1528,2160,0.292593,0.903,1.167596e+04,2.999728e-03,0.0061,3.2964,0,7,1,1368,78,81
633,1527,2160,0.293056,0.903,1.156572e+04,4.353019e-03,0.0061,3.2934,0,7,139,1367,78,81
634,1526,2160,0.293519,0.903,1.149971e+04,1.977927e-03,0.0066,3.3281,0,0,19,1366,78,81
635,1525,2160,0.293981,0.903,1.141801e+04,3.529296e-02,0.0065,3.2998,0,3,189,1365,78,81
636,1524,2160,0.294444,0.904,1.286448e+04,5.007594e-03,0.0061,3.3064,0,2,27,1364,78,81
637,1523,2160,0.294907,0.904,1.275536e+04,2.519985e-02,0.0066,3.3029,0,3,115,1363,78,81
638,1522,2160,0.29537,0.904,1.330407e+04,2.972933e-02,0.0061,3.3083,0,7,173,1362,78,81
639,1521,2160,0.295833,0.901,1.434129e+04,6.935494e-03,0.0062,3.3148,0,7,195,1361,78,81
640,1520,2160,0.296296,0.901,1.384210e+04,2.215802e-02,0.006,3.305,0,2,94,1360,78,81
641,1519,2160,0.296759,0.899,1.426879e+04,4.899393e-03,0.006,3.3009,0,9,37,1359,78,81
642,1518,2160,0.297222,0.9,1.383211e+04,1.627672e-02,0.0065,3.3104,0,1,29,1358,78,81
643,1517,2160,0.297685,0.9,1.378013e+04,7.681578e-03,0.0065,3.3015,0,9,185,1357,78,81
644,1516,2160,0.298148,0.9,1.355058e+04,1.830217e-02,0.0067,3.3144,0,9,164,1356,78,81
645,1515,2160,0.298611,0.9,1.364807e+04,5.367437e-03,0.0064,3.3051,0,7,97,1355,78,81
646,1514,2160,0.299074,0.9,1.347521e+04,2.871771e-03,0.0065,3.2976,0,4,79,1354,78,81
647,1513,2160,0.299537,0.9,1.330542e+04,4.227237e-03,0.0068,3.3065,0,3,177,1353,78,81
648,1512,2160,0.3,0.9,1.317868e+04,4.069421e-02,0.0063,3.2998,1,2,7,1353,77,81
649,1511,2160,0.300463,0.903,1.333338e+04,3.374675e-03,0.0065,3.3078,0,2,167,1352,77,81
650,1510,2160,0.300926,0.903,1.309208e+04,1.932003e-02,0.0061,3.3083,0,0,150,1351,77,81
651,1509,2160,0.301389,0.903,1.314309e+04,1.417795e-02,0.0064,3.3029,0,1,180,1350,77,81
652,1508,2160,0.301852,0.904,1.311019e+04,1.380833e-02,0.0064,3.3115,0,1,176,1349,77,81
653,1507,2160,0.302315,0.903,1.309791e+04,1.195411e-02,0.0064,3.3003,0,7,100,1348,77,81
654,1506,2160,0.302778,0.904,1.313643e+04,3.248782e-02,0.0061,3.305,0,3,145,1347,77,81
655,1505,2160,0.303241,0.904,1.399375e+04,4.188529e-02,0.0068,3.3121,0,7,175,1346,77,81
656,1504,2160,0.303704,0.902,1.705098e+04,5.647264e-03,0.0065,3.3025,0,0,111,1345,77,81
657,1503,2160,0.304167,0.903,1.640548e+04,1.785880e-02,0.0062,3.3066,0,1,70,1344,77,81
658,1502,2160,0.30463,0.902,1.622557e+04,5.689582e-03,0.0065,3.3167,0,1,167,1343,77,81
659,1501,2160,0.305093,0.903,1.579671e+04,5.200041e-03,0.0067,3.2976,0,9,22,1342,77,81
660,1500,2160,0.305556,0.904,1.548005e+04,3.546293e-03,0.0064,3.3043,0,8,180,1341,77,81
661,1499,2160,0.306019,0.904,1.522120e+04,1.718086e-02,0.0061,3.3015,0,1,31,1340,77,81
662,1498,2160,0.306481,0.903,1.531660e+04,1.328736e-02,0.0069,3.3061,0,3,133,1339,77,81
663,1497,2160,0.306944,0.902,1.524153e+04,1.897672e-02,0.0063,3.3124,0,7,113,1338,77,81
664,1496,2160,0.307407,0.903,1.567638e+04,4.121453e-03,0.0061,3.303,0,2,75,1337,77,81
665,1495,2160,0.30787,0.903,1.538928e+04,3.436139e-03,0.0065,3.3033,1,1,4,1337,76,81
666,1494,2160,0.308333,0.904,1.514996e+04,1.212272e-02,0.0063,3.3043,0,7,26,1336,76,81
667,1493,2160,0.308796,0.903,1.520467e+04,4.209472e-03,0.0066,3.3221,0,9,151,1335,76,81
668,1492,2160,0.309259,0.903,1.500465e+04,3.113520e-03,0.0064,3.3183,0,7,89,1334,76,81
669,1491,2160,0.309722,0.903,1.483260e+04,2.877832e-03,0.0064,3.3067,0,8,181,1333,76,81
670,1490,2160,0.310185,0.903,1.468641e+04,4.973746e-03,0.0061,3.3139,0,1,5,1332,76,81
671,1489,2160,0.310648,0.903,1.458157e+04,4.888873e-03,0.0068,3.3142,0,9,84,1331,76,81
672,1488,2160,0.311111,0.903,1.448155e+04,4.352424e-02,0.0066,3.3077,1,8,0,1331,75,81
673,1487,2160,0.311574,0.901,1.488250e+04,2.204733e-02,0.0063,3.3038,0,4,107,1330,75,81
674,1486,2160,0.312037,0.902,1.523151e+04,1.113515e-02,0.0062,3.2955,0,3,85,1329,75,81
675,1485,2160,0.3125,0.902,1.508365e+04,3.477046e-03,0.0062,3.3022,0,4,56,1328,75,81
676,1484,2160,0.312963,0.902,1.489435e+04,4.208781e-03,0.0062,3.3142,0,5,43,1327,75,81
677,1483,2160,0.313426,0.902,1.477077e+04,8.081111e-03,0.0067,3.3181,0,2,70,1326,75,81
678,1482,2160,0.313889,0.903,1.473066e+04,1.348415e-02,0.0064,3.3007,0,1,127,1325,75,81
679,1481,2160,0.314352,0.902,1.477086e+04,2.790986e-03,0.0065,3.2963,0,0,94,1324,75,81
680,1480,2160,0.314815,0.902,1.461190e+04,2.479807e-03,0.0066,3.306,0,4,179,1323,75,81
681,1479,2160,0.315278,0.904,1.448653e+04,2.257554e-03,0.0062,3.2967,0,4,133,1322,75,81
682,1478,2160,0.315741,0.904,1.438194e+04,3.871488e-02,0.006,3.2863,0,7,80,1321,75,81
683,1477,2160,0.316204,0.904,1.629708e+04,6.523588e-03,0.0063,3.31,0,0,126,1320,75,81
684,1476,2160,0.316667,0.904,1.560727e+04,7.168195e-03,0.0064,3.3149,0,7,10,1319,75,81
685,1475,2160,0.31713,0.903,1.526743e+04,5.712142e-02,0.0062,3.2982,0,3,50,1318,75,81
686,1474,2160,0.317593,0.901,1.802871e+04,3.130671e-02,0.0066,3.3052,0,1,57,1317,75,81
687,1473,2160,0.318056,0.901,1.809114e+04,8.147415e-03,0.0063,3.3166,0,9,25,1316,75,81
688,1472,2160,0.318519,0.901,1.726476e+04,6.380697e-03,0.0063,3.3026,0,1,143,1315,75,81
689,1471,2160,0.318981,0.902,1.668551e+04,1.318980e-02,0.0064,3.3086,0,3,78,1314,75,81
690,1470,2160,0.319444,0.902,1.640241e+04,4.335891e-03,0.0061,3.3077,0,7,142,1313,75,81
691,1469,2160,0.319907,0.902,1.603026e+04,5.480031e-03,0.0063,3.3006,0,3,57,1312,75,81
692,1468,2160,0.32037,0.902,1.575177e+04,7.413273e-03,0.0069,3.293,0,9,114,1311,75,81
693,1467,2160,0.320833,0.902,1.554615e+04,3.254581e-03,0.0067,3.3039,0,4,154,1310,75,81
694,1466,2160,0.321296,0.902,1.533058e+04,3.370470e-03,0.0064,3.3133,0,4,121,1309,75,81
695,1465,2160,0.321759,0.902,1.515461e+04,2.762980e-03,0.0067,3.2998,0,3,137,1308,75,81
696,1464,2160,0.322222,0.902,1.499920e+04,9.990039e-03,0.0068,3.31,0,7,13,1307,75,81
697,1463,2160,0.322685,0.902,1.500539e+04,3.207330e-03,0.0065,3.3053,0,9,65,1306,75,81
698,1462,2160,0.323148,0.902,1.485082e+04,6.069311e-02,0.0063,3.3102,2,0,9,1306,75,80
699,1461,2160,0.323611,0.899,1.556977e+04,2.441766e-02,0.0062,3.3108,0,1,133,1305,75,80
700,1460,2160,0.324074,0.902,1.581815e+04,4.309869e-03,0.0068,3.315,0,4,192,1304,75,80
701,1459,2160,0.324537,0.901,1.543583e+04,1.961659e-02,0.0065,3.3172,0,3,6,1303,75,80
702,1458,2160,0.325,0.9,1.558480e+04,3.513639e-03,0.0067,3.3018,0,4,95,1302,75,80
703,1457,2160,0.325463,0.901,1.533640e+04,1.315369e-02,0.0062,3.2898,0,7,187,1301,75,80
704,1456,2160,0.325926,0.902,1.536618e+04,1.500647e-02,0.0065,3.3022,0,9,41,1300,75,80
705,1455,2160,0.326389,0.901,1.534517e+04,1.071879e-02,0.0062,3.3135,0,3,127,1299,75,80
706,1454,2160,0.326852,0.9,1.526562e+04,6.378909e-03,0.0067,3.3015,0,0,9,1298,75,80
707,1453,2160,0.327315,0.9,1.511372e+04,1.273843e-02,0.0065,3.3115,0,3,131,1297,75,80
708,1452,2160,0.327778,0.902,1.512567e+04,5.452735e-03,0.0061,3.3032,0,4,103,1296,75,80
709,1451,2160,0.328241,0.901,1.501089e+04,1.172281e-02,0.0066,3.3058,0,0,159,1295,75,80
710,1450,2160,0.328704,0.903,1.494665e+04,1.472543e-02,0.0062,3.3068,0,2,122,1294,75,80
711,1449,2160,0.329167,0.907,1.512765e+04,1.452976e-02,0.0065,3.3067,0,9,68,1293,75,80
712,1448,2160,0.32963,0.907,1.509722e+04,3.071498e-03,0.0065,3.3059,0,9,33,1292,75,80
713,1447,2160,0.330093,0.907,1.492730e+04,3.608437e-02,0.0065,3.312,0,3,121,1291,75,80
714,1446,2160,0.330556,0.907,1.628037e+04,1.725204e-02,0.0065,3.2977,0,2,135,1290,75,80
715,1445,2160,0.331019,0.904,1.641991e+04,1.243022e-02,0.0064,3.3052,0,9,71,1289,75,80
716,1444,2160,0.331481,0.904,1.614054e+04,4.018834e-02,0.0061,3.3155,0,3,175,1288,75,80
717,1443,2160,0.331944,0.905,1.757961e+04,1.915688e-02,0.0067,3.3054,0,3,87,1287,75,80
718,1442,2160,0.332407,0.905,1.745828e+04,4.884787e-03,0.0067,3.3069,0,7,99,1286,75,80
719,1441,2160,0.33287,0.906,1.704881e+04,4.932568e-02,0.0068,3.3018,1,6,9,1286,74,80
720,1440,2160,0.333333,0.906,1.801831e+04,5.659310e-03,0.0062,3.3077,0,1,34,1285,74,80
721,1439,2160,0.333796,0.908,1.736346e+04,4.521886e-03,0.0063,3.3008,0,1,116,1284,74,80
722,1438,2160,0.334259,0.909,1.694045e+04,1.161930e-02,0.0062,3.3054,0,9,118,1283,74,80
723,1437,2160,0.334722,0.909,1.670209e+04,3.650908e-03,0.0066,3.2923,0,8,146,1282,74,80
724,1436,2160,0.335185,0.909,1.643458e+04,1.643879e-02,0.0064,3.305,0,4,18,1281,74,80
725,1435,2160,0.335648,0.911,1.665961e+04,1.151615e-02,0.0064,3.3084,0,3,1,1280,74,80
726,1434,2160,0.336111,0.911,1.658072e+04,7.483874e-03,0.0067,3.3053,0,3,182,1279,74,80
727,1433,2160,0.336574,0.911,1.644993e+04,1.736401e-02,0.0063,3.2961,0,3,13,1278,74,80
728,1432,2160,0.337037,0.91,1.660857e+04,4.535966e-03,0.0066,3.3154,0,9,16,1277,74,80
729,1431,2160,0.3375,0.91,1.641221e+04,1.862737e-02,0.0062,3.3125,0,1,23,1276,74,80
730,1430,2160,0.337963,0.908,1.657143e+04,9.300346e-03,0.0069,3.3052,0,0,42,1275,74,80
731,1429,2160,0.338426,0.908,1.637520e+04,3.067264e-03,0.0064,3.3196,0,4,194,1274,74,80
732,1428,2160,0.338889,0.908,1.618612e+04,8.396104e-03,0.0063,3.3259,0,7,166,1273,74,80
733,1427,2160,0.339352,0.908,1.612136e+04,1.970867e-02,0.0068,3.3084,0,1,172,1272,74,80
734,1426,2160,0.339815,0.909,1.633575e+04,3.722234e-03,0.0065,3.2968,0,4,111,1271,74,80
735,1425,2160,0.340278,0.909,1.611797e+04,2.636264e-02,0.0065,3.2817,0,2,82,1270,74,80
736,1424,2160,0.340741,0.909,1.702778e+04,1.242085e-02,0.0065,3.3036,0,4,195,1269,74,80
737,1423,2160,0.341204,0.908,1.680967e+04,3.893420e-03,0.0064,3.3083,0,4,94,1268,74,80
738,1422,2160,0.341667,0.907,1.649816e+04,2.181486e-02,0.0064,3.3089,0,1,165,1267,74,80
739,1421,2160,0.34213,0.907,1.673682e+04,8.452721e-03,0.0067,3.301,0,9,72,1266,74,80
740,1420,2160,0.342593,0.907,1.647352e+04,3.268140e-03,0.0062,3.3055,0,9,132,1265,74,80
741,1419,2160,0.343056,0.907,1.625360e+04,2.829126e-03,0.0068,3.2889,0,1,110,1264,74,80
742,1418,2160,0.343519,0.906,1.608977e+04,1.483597e-02,0.0061,3.3089,0,6,169,1263,74,80
743,1417,2160,0.343981,0.906,1.595560e+04,8.324136e-03,0.0062,3.2999,0,7,192,1262,74,80
744,1416,2160,0.344444,0.907,1.594878e+04,7.972525e-03,0.0062,3.3009,0,9,112,1261,74,80
745,1415,2160,0.344907,0.908,1.588266e+04,1.702265e-02,0.0061,3.3054,0,9,7,1260,74,80
746,1414,2160,0.34537,0.908,1.603978e+04,1.243930e-02,0.0061,3.301,0,1,9,1259,74,80
747,1413,2160,0.345833,0.908,1.600165e+04,1.118905e-02,0.0068,3.3009,0,1,150,1258,74,80
748,1412,2160,0.346296,0.909,1.597445e+04,2.645357e-03,0.0065,3.2901,0,5,27,1257,74,80
749,1411,2160,0.346759,0.909,1.583097e+04,4.020979e-02,0.007,3.2955,0,2,35,1256,74,80
750,1410,2160,0.347222,0.909,1.806601e+04,9.476508e-03,0.0063,3.3012,0,4,6,1255,74,80
751,1409,2160,0.347685,0.91,1.737822e+04,6.108912e-03,0.0063,3.3034,0,3,11,1254,74,80
752,1408,2160,0.348148,0.912,1.692596e+04,8.435751e-03,0.0063,3.3043,0,7,119,1253,74,80
753,1407,2160,0.348611,0.911,1.670444e+04,3.633212e-03,0.0066,3.2972,0,4,39,1252,74,80
754,1406,2160,0.349074,0.911,1.646374e+04,1.400563e-02,0.0068,3.3091,0,3,97,1251,74,80
755,1405,2160,0.349537,0.912,1.653097e+04,4.332536e-03,0.0067,3.3037,0,4,69,1250,74,80
756,1404,2160,0.35,0.912,1.638448e+04,5.526619e-03,0.0063,3.3097,0,1,101,1249,74,80
757,1403,2160,0.350463,0.912,1.626417e+04,6.932089e-03,0.0063,3.3004,0,3,150,1248,74,80
758,1402,2160,0.350926,0.912,1.618491e+04,2.394384e-03,0.0062,3.3217,0,5,63,1247,74,80
759,1401,2160,0.351389,0.912,1.606795e+04,2.225092e-02,0.0063,3.3101,0,6,116,1246,74,80
760,1400,2160,0.351852,0.912,1.596699e+04,2.493199e-02,0.0063,3.3046,2,3,9,1246,74,79
761,1399,2160,0.352315,0.911,1.605986e+04,2.669129e-03,0.0064,3.3084,0,1,188,1245,74,79
762,1398,2160,0.352778,0.911,1.592047e+04,2.272782e-03,0.0061,3.3041,0,0,20,1244,74,79
763,1397,2160,0.353241,0.911,1.581557e+04,9.444697e-03,0.0062,3.298,0,4,180,1243,74,79
764,1396,2160,0.353704,0.911,1.585974e+04,2.232274e-03,0.0064,3.3028,0,0,103,1242,74,79
765,1395,2160,0.354167,0.911,1.575896e+04,5.506270e-03,0.0067,3.3037,0,2,60,1241,74,79
766,1394,2160,0.35463,0.912,1.571459e+04,2.039785e-03,0.0067,3.2912,0,0,180,1240,74,79
767,1393,2160,0.355093,0.912,1.563122e+04,2.253081e-02,0.0063,3.3129,0,9,111,1239,74,79
768,1392,2160,0.355556,0.911,1.614859e+04,2.622802e-03,0.0066,3.3006,0,8,102,1238,74,79
769,1391,2160,0.356019,0.911,1.600888e+04,1.075654e-02,0.0064,3.3033,0,9,187,1237,74,79
770,1390,2160,0.356481,0.912,1.597673e+04,1.387099e-01,0.0064,3.3188,1,6,3,1237,73,79
771,1389,2160,0.356944,0.899,2.771793e+04,1.431972e-02,0.0061,3.2935,0,1,7,1236,73,79
772,1388,2160,0.357407,0.901,2.347984e+04,1.077920e-02,0.0062,3.294,0,3,122,1235,73,79
773,1387,2160,0.35787,0.899,2.107807e+04,8.507505e-03,0.0062,3.3022,0,5,139,1234,73,79
774,1386,2160,0.358333,0.903,1.958203e+04,1.187554e-02,0.0069,3.3139,0,3,192,1233,73,79
775,1385,2160,0.358796,0.904,1.869022e+04,7.467368e-02,0.0063,3.3186,1,9,7,1233,72,79
776,1384,2160,0.359259,0.901,1.894623e+04,6.609033e-03,0.0062,3.3182,0,9,143,1232,72,79
777,1383,2160,0.359722,0.905,1.821281e+04,8.766310e-03,0.0066,3.2984,0,9,174,1231,72,79
778,1382,2160,0.360185,0.906,1.777611e+04,2.863465e-02,0.0062,3.3067,0,4,13,1230,72,79
779,1381,2160,0.360648,0.905,1.867363e+04,4.420839e-03,0.0063,3.3154,0,5,8,1229,72,79
780,1380,2160,0.361111,0.905,1.827139e+04,4.094955e-03,0.0069,3.3097,0,0,107,1228,72,79
781,1379,2160,0.361574,0.906,1.801096e+04,7.577394e-03,0.0062,3.2997,0,3,24,1227,72,79
782,1378,2160,0.362037,0.907,1.784636e+04,2.341555e-02,0.0065,3.3164,0,6,93,1226,72,79
783,1377,2160,0.3625,0.906,1.767138e+04,1.554342e-02,0.0062,3.2946,0,6,92,1225,72,79
784,1376,2160,0.362963,0.906,1.752651e+04,1.351240e-02,0.0062,3.3087,0,7,167,1224,72,79
785,1375,2160,0.363426,0.905,1.773841e+04,1.819986e-02,0.0063,3.3102,0,8,171,1223,72,79
786,1374,2160,0.363889,0.905,1.804896e+04,1.179905e-02,0.0067,3.3068,0,4,42,1222,72,79
787,1373,2160,0.364352,0.903,1.799212e+04,1.166502e-02,0.0062,3.301,0,6,167,1221,72,79
788,1372,2160,0.364815,0.903,1.780940e+04,2.692037e-02,0.0068,3.3119,0,2,142,1220,72,79
789,1371,2160,0.365278,0.901,1.894841e+04,8.093545e-03,0.0068,3.315,0,3,124,1219,72,79
790,1370,2160,0.365741,0.901,1.863245e+04,1.689152e-02,0.0065,3.2988,0,0,29,1218,72,79
791,1369,2160,0.366204,0.901,1.858260e+04,4.692958e-03,0.0065,3.3032,0,7,117,1217,72,79
792,1368,2160,0.366667,0.901,1.834815e+04,1.792926e-02,0.0064,3.2979,0,1,181,1216,72,79
793,1367,2160,0.36713,0.901,1.856382e+04,8.810516e-03,0.0064,3.3135,0,8,17,1215,72,79
794,1366,2160,0.367593,0.9,1.847281e+04,1.416682e-02,0.0062,3.3225,0,2,61,1214,72,79
795,1365,2160,0.368056,0.9,1.864677e+04,7.379239e-03,0.0066,3.3177,0,6,143,1213,72,79
796,1364,2160,0.368519,0.9,1.844740e+04,1.113313e-02,0.0068,3.3082,0,7,157,1212,72,79
797,1363,2160,0.368981,0.9,1.846315e+04,4.783350e-02,0.0066,3.3,0,4,20,1211,72,79
798,1362,2160,0.369444,0.901,2.138273e+04,9.522198e-03,0.0063,3.3091,0,3,9,1210,72,79
799,1361,2160,0.369907,0.902,2.069451e+04,7.122912e-03,0.0066,3.2962,0,3,139,1209,72,79
800,1360,2160,0.37037,0.902,2.028436e+04,1.758416e-02,0.0068,3.3093,0,6,95,1208,72,79
801,1359,2160,0.370833,0.903,1.995479e+04,5.124484e-02,0.0063,3.3157,2,0,1,1208,72,78
802,1358,2160,0.371296,0.899,2.172643e+04,4.418198e-02,0.0061,3.3135,0,1,151,1207,72,78
803,1357,2160,0.371759,0.9,2.309598e+04,6.776893e-03,0.0069,3.3054,0,0,169,1206,72,78
804,1356,2160,0.372222,0.9,2.216956e+04,1.461766e-02,0.0066,3.3095,0,6,125,1205,72,78
805,1355,2160,0.372685,0.9,2.155386e+04,6.318130e-03,0.0061,3.3108,0,2,83,1204,72,78
806,1354,2160,0.373148,0.898,2.113659e+04,1.538152e-02,0.0063,3.318,0,6,76,1203,72,78
807,1353,2160,0.373611,0.898,2.079076e+04,6.695843e-03,0.0062,3.3146,0,7,179,1202,72,78
808,1352,2160,0.374074,0.898,2.057144e+04,4.773660e-03,0.0061,3.3054,0,7,98,1201,72,78
809,1351,2160,0.374537,0.899,2.035716e+04,1.694763e-02,0.0066,3.3163,1,6,6,1201,71,78
810,1350,2160,0.375,0.9,2.016355e+04,3.515697e-02,0.0062,3.3095,0,6,39,1200,71,78
811,1349,2160,0.375463,0.9,2.000220e+04,9.475647e-03,0.0066,3.3015,0,6,54,1199,71,78
812,1348,2160,0.375926,0.9,1.986582e+04,1.326323e-02,0.0061,3.2945,0,6,63,1198,71,78
813,1347,2160,0.376389,0.9,1.974633e+04,4.215897e-03,0.006,3.2972,0,6,119,1197,71,78
814,1346,2160,0.376852,0.9,1.964143e+04,1.860939e-02,0.0065,3.2866,0,6,161,1196,71,78
815,1345,2160,0.377315,0.899,1.954780e+04,1.171263e-02,0.0062,3.2881,0,3,33,1195,71,78
816,1344,2160,0.377778,0.899,1.958706e+04,1.759756e-02,0.0062,3.2968,0,9,88,1194,71,78
817,1343,2160,0.378241,0.899,1.979845e+04,5.186579e-02,0.0069,3.2936,0,3,62,1193,71,78
818,1342,2160,0.378704,0.903,2.186621e+04,5.096750e-03,0.0068,3.3091,2,7,4,1193,71,77
819,1341,2160,0.379167,0.902,2.134836e+04,7.789030e-03,0.0061,3.3058,0,7,160,1192,71,77
820,1340,2160,0.37963,0.903,2.101549e+04,2.152094e-02,0.0065,3.287,0,3,143,1191,71,77
821,1339,2160,0.380093,0.902,2.109779e+04,1.241031e-02,0.0067,3.293,0,7,102,1190,71,77
822,1338,2160,0.380556,0.901,2.100699e+04,1.592303e-02,0.0061,3.2963,0,7,9,1189,71,77
823,1337,2160,0.381019,0.901,2.111940e+04,7.628055e-03,0.0063,3.2944,0,2,84,1188,71,77
824,1336,2160,0.381481,0.9,2.093182e+04,3.067133e-02,0.0067,3.2806,0,1,109,1187,71,77
825,1335,2160,0.381944,0.897,2.158173e+04,4.393846e-03,0.0065,3.2978,0,0,192,1186,71,77
826,1334,2160,0.382407,0.898,2.119131e+04,1.893719e-02,0.0063,3.2876,0,9,61,1185,71,77
827,1333,2160,0.38287,0.897,2.135353e+04,3.515193e-03,0.0065,3.2959,0,0,168,1184,71,77
828,1332,2160,0.383333,0.897,2.110604e+04,2.516709e-02,0.0066,3.2941,0,1,2,1183,71,77
829,1331,2160,0.383796,0.896,2.179254e+04,1.443232e-02,0.006,3.2907,0,9,163,1182,71,77
830,1330,2160,0.384259,0.897,2.174703e+04,6.328061e-03,0.0063,3.2873,0,0,167,1181,71,77
831,1329,2160,0.384722,0.897,2.153273e+04,3.422943e-03,0.0065,3.3027,0,2,68,1180,71,77
832,1328,2160,0.385185,0.897,2.135928e+04,6.516653e-03,0.0068,3.298,0,9,17,1179,71,77
833,1327,2160,0.385648,0.897,2.125463e+04,3.860391e-03,0.0065,3.2923,0,8,167,1178,71,77
834,1326,2160,0.386111,0.897,2.115040e+04,2.035799e-02,0.0062,3.2925,0,1,107,1177,71,77
835,1325,2160,0.386574,0.895,2.149914e+04,4.768583e-03,0.0068,3.2955,0,3,30,1176,71,77
836,1324,2160,0.387037,0.895,2.132268e+04,2.568837e-03,0.0064,3.3054,0,1,102,1175,71,77
837,1323,2160,0.3875,0.895,2.118871e+04,2.688706e-02,0.0063,3.2929,0,1,74,1174,71,77
838,1322,2160,0.387963,0.896,2.159833e+04,1.231346e-02,0.0065,3.3035,0,0,88,1173,71,77
839,1321,2160,0.388426,0.898,2.156822e+04,2.867948e-03,0.0061,3.2942,0,0,26,1172,71,77
840,1320,2160,0.388889,0.898,2.141225e+04,1.372517e-02,0.0063,3.307,0,1,56,1171,71,77
841,1319,2160,0.389352,0.897,2.150560e+04,6.619069e-02,0.0068,3.3013,0,2,34,1170,71,77
842,1318,2160,0.389815,0.891,2.994955e+04,9.010318e-03,0.0061,3.2899,0,0,1,1169,71,77
843,1317,2160,0.390278,0.893,2.835421e+04,7.545359e-03,0.0064,3.2935,0,3,77,1168,71,77
844,1316,2160,0.390741,0.893,2.722549e+04,6.544256e-03,0.0065,3.3034,0,9,135,1167,71,77
845,1315,2160,0.391204,0.893,2.638658e+04,1.894773e-02,0.0065,3.2977,0,7,24,1166,71,77
846,1314,2160,0.391667,0.89,2.618649e+04,2.140917e-02,0.0062,3.296,0,3,40,1165,71,77
847,1313,2160,0.39213,0.89,2.598567e+04,2.045872e-02,0.0065,3.2987,0,7,129,1164,71,77
848,1312,2160,0.392593,0.892,2.612723e+04,5.125007e-03,0.0065,3.3056,0,8,168,1163,71,77
849,1311,2160,0.393056,0.892,2.563599e+04,2.671636e-02,0.0065,3.2967,0,3,45,1162,71,77
850,1310,2160,0.393519,0.889,2.587844e+04,4.903644e-03,0.0066,3.2984,0,8,29,1161,71,77
851,1309,2160,0.393981,0.891,2.551796e+04,3.807144e-03,0.0062,3.3061,0,4,25,1160,71,77
852,1308,2160,0.394444,0.89,2.523054e+04,6.151600e-03,0.0062,3.3045,0,2,13,1159,71,77
853,1307,2160,0.394907,0.891,2.504914e+04,4.674357e-03,0.0064,3.2928,0,3,128,1158,71,77
854,1306,2160,0.39537,0.891,2.486009e+04,1.220728e-02,0.0062,3.3095,0,4,91,1157,71,77
855,1305,2160,0.395833,0.893,2.483345e+04,2.344749e-02,0.0064,3.299,0,3,100,1156,71,77
856,1304,2160,0.396296,0.892,2.513346e+04,3.249908e-03,0.0064,3.3031,0,4,55,1155,71,77
857,1303,2160,0.396759,0.892,2.492385e+04,6.123601e-03,0.0063,3.282,0,1,85,1154,71,77
858,1302,2160,0.397222,0.891,2.477640e+04,3.859308e-03,0.0063,3.2983,0,4,109,1153,71,77
859,1301,2160,0.397685,0.892,2.462956e+04,4.188623e-03,0.0065,3.2973,0,9,153,1152,71,77
860,1300,2160,0.398148,0.892,2.451419e+04,2.378701e-03,0.0063,3.2981,0,0,123,1151,71,77
861,1299,2160,0.398611,0.892,2.440227e+04,1.210099e-02,0.0062,3.3022,0,7,92,1150,71,77
862,1298,2160,0.399074,0.892,2.449229e+04,1.922207e-02,0.0068,3.2929,0,1,33,1149,71,77
863,1297,2160,0.399537,0.891,2.467478e+04,6.317945e-03,0.006,3.2995,0,7,194,1148,71,77
864,1296,2160,0.4,0.892,2.453873e+04,1.405215e-02,0.0064,3.2929,0,9,76,1147,71,77
865,1295,2160,0.400463,0.89,2.452204e+04,4.768823e-03,0.006,3.3017,0,9,141,1146,71,77
866,1294,2160,0.400926,0.89,2.438397e+04,2.502163e-02,0.0063,3.3046,0,9,149,1145,71,77
867,1293,2160,0.401389,0.889,2.474386e+04,1.693947e-02,0.0068,3.3082,0,7,47,1144,71,77
868,1292,2160,0.401852,0.89,2.491630e+04,1.550740e-02,0.0063,3.297,2,2,7,1144,71,76
869,1291,2160,0.402315,0.888,2.475818e+04,3.612701e-03,0.0067,3.3018,0,9,59,1143,71,76
870,1290,2160,0.402778,0.888,2.454853e+04,4.390081e-03,0.0067,3.2878,0,5,92,1142,71,76
871,1289,2160,0.403241,0.888,2.441882e+04,2.496609e-03,0.0061,3.2822,0,8,175,1141,71,76
872,1288,2160,0.403704,0.888,2.429332e+04,2.178192e-02,0.0068,3.2926,0,2,133,1140,71,76
873,1287,2160,0.404167,0.889,2.502820e+04,1.916080e-02,0.0063,3.2888,0,2,7,1139,71,76
874,1286,2160,0.40463,0.89,2.558422e+04,8.031305e-03,0.0064,3.3004,0,1,132,1138,71,76
875,1285,2160,0.405093,0.89,2.541525e+04,2.575662e-02,0.0062,3.3072,0,7,134,1137,71,76
876,1284,2160,0.405556,0.888,2.614110e+04,4.365454e-03,0.0066,3.3049,0,1,189,1136,71,76
877,1283,2160,0.406019,0.888,2.575546e+04,1.714431e-02,0.0063,3.2965,0,3,17,1135,71,76
878,1282,2160,0.406481,0.889,2.578935e+04,2.734219e-02,0.0066,3.2993,0,7,125,1134,71,76
879,1281,2160,0.406944,0.889,2.685062e+04,1.138776e-02,0.0065,3.2955,0,9,9,1133,71,76
880,1280,2160,0.407407,0.89,2.655825e+04,4.647585e-03,0.0065,3.2958,0,0,6,1132,71,76
881,1279,2160,0.40787,0.89,2.625824e+04,2.045199e-02,0.0061,3.3041,0,3,54,1131,71,76
882,1278,2160,0.408333,0.889,2.640504e+04,7.621327e-03,0.0065,3.2965,0,2,41,1130,71,76
883,1277,2160,0.408796,0.889,2.629476e+04,6.313541e-03,0.0063,3.3024,2,8,5,1130,71,75
884,1276,2160,0.409259,0.886,2.614225e+04,1.652436e-02,0.0064,3.2997,0,9,93,1129,71,75
885,1275,2160,0.409722,0.887,2.618925e+04,5.048290e-02,0.006,3.2889,0,7,85,1128,71,75
886,1274,2160,0.410185,0.887,2.973249e+04,7.361721e-03,0.0062,3.3069,0,4,76,1127,71,75
887,1273,2160,0.410648,0.887,2.864598e+04,5.592777e-03,0.0062,3.2897,0,2,54,1126,71,75
888,1272,2160,0.411111,0.886,2.801348e+04,4.604161e-03,0.0061,3.3005,0,2,125,1125,71,75
889,1271,2160,0.411574,0.886,2.759166e+04,3.923197e-02,0.0065,3.2856,0,1,131,1124,71,75
890,1270,2160,0.412037,0.89,2.859182e+04,4.063969e-02,0.0065,3.3001,0,7,51,1123,71,75
891,1269,2160,0.4125,0.889,3.044249e+04,1.643819e-02,0.0061,3.3009,0,3,163,1122,71,75
892,1268,2160,0.412963,0.887,2.969153e+04,5.525820e-03,0.0064,3.2955,0,4,48,1121,71,75
893,1267,2160,0.413426,0.887,2.908408e+04,4.635347e-02,0.0064,3.2955,0,3,149,1120,71,75
894,1266,2160,0.413889,0.888,3.059805e+04,1.003838e-02,0.0064,3.2992,0,2,161,1119,71,75
895,1265,2160,0.414352,0.886,3.013334e+04,1.406759e-02,0.0061,3.2924,0,3,108,1118,71,75
896,1264,2160,0.414815,0.888,2.982489e+04,8.113914e-03,0.0065,3.3014,0,9,127,1117,71,75
897,1263,2160,0.415278,0.888,2.947503e+04,1.115667e-02,0.0061,3.2909,0,9,138,1116,71,75
898,1262,2160,0.415741,0.888,2.922157e+04,4.271754e-03,0.0063,3.3014,0,2,168,1115,71,75
899,1261,2160,0.416204,0.888,2.890924e+04,1.370792e-02,0.006,3.2998,0,7,154,1114,71,75
900,1260,2160,0.416667,0.889,2.894885e+04,3.610927e-03,0.006,3.2964,0,5,135,1113,71,75
901,1259,2160,0.41713,0.889,2.868679e+04,7.003994e-03,0.0069,3.2964,0,8,185,1112,71,75
902,1258,2160,0.417593,0.889,2.855310e+04,1.835275e-02,0.0064,3.302,0,7,96,1111,71,75
903,1257,2160,0.418056,0.89,2.881586e+04,4.244154e-02,0.0064,3.3086,0,9,186,1110,71,75
904,1256,2160,0.418519,0.889,2.994791e+04,5.909475e-03,0.0063,3.287,0,4,3,1109,71,75
905,1255,2160,0.418981,0.89,2.924303e+04,5.586323e-03,0.0065,3.3069,0,9,154,1108,71,75
906,1254,2160,0.419444,0.89,2.884318e+04,3.706761e-03,0.0061,3.2908,0,0,54,1107,71,75
907,1253,2160,0.419907,0.891,2.856333e+04,3.258149e-03,0.0062,3.3043,0,8,177,1106,71,75
908,1252,2160,0.42037,0.891,2.834978e+04,2.470432e-02,0.0063,3.2977,0,4,66,1105,71,75
909,1251,2160,0.420833,0.888,2.906116e+04,2.121976e-02,0.0063,3.3084,0,0,143,1104,71,75
910,1250,2160,0.421296,0.889,2.901467e+04,9.891526e-03,0.0062,3.3054,0,9,113,1103,71,75
911,1249,2160,0.421759,0.889,2.883835e+04,3.097000e-03,0.0062,3.2865,0,0,106,1102,71,75
912,1248,2160,0.422222,0.889,2.864581e+04,2.050229e-02,0.0067,3.296,0,0,115,1101,71,75
913,1247,2160,0.422685,0.889,2.868382e+04,5.059653e-03,0.0068,3.2943,0,7,95,1100,71,75
914,1246,2160,0.423148,0.888,2.847978e+04,5.746594e-03,0.0062,3.2934,0,2,4,1099,71,75
915,1245,2160,0.423611,0.888,2.838848e+04,4.547955e-03,0.0063,3.2978,0,7,109,1098,71,75
916,1244,2160,0.424074,0.888,2.829266e+04,7.796826e-03,0.0065,3.2996,0,2,152,1097,71,75
917,1243,2160,0.424537,0.888,2.828474e+04,1.098121e-02,0.0069,3.2934,0,2,18,1096,71,75
918,1242,2160,0.425,0.889,2.836690e+04,1.733531e-02,0.0061,3.3019,0,2,55,1095,71,75
919,1241,2160,0.425463,0.888,2.879825e+04,1.361284e-02,0.0064,3.3082,0,0,137,1094,71,75
920,1240,2160,0.425926,0.888,2.868048e+04,1.127200e-02,0.0063,3.2943,0,9,160,1093,71,75
921,1239,2160,0.426389,0.888,2.854663e+04,5.899594e-03,0.0065,3.2863,0,0,32,1092,71,75
922,1238,2160,0.426852,0.888,2.836699e+04,4.374831e-03,0.0063,3.3028,0,2,5,1091,71,75
923,1237,2160,0.427315,0.888,2.824302e+04,3.174707e-02,0.0067,3.2887,0,9,0,1090,71,75
924,1236,2160,0.427778,0.887,2.908852e+04,1.441797e-02,0.0063,3.288,0,3,82,1089,71,75
925,1235,2160,0.428241,0.888,2.892668e+04,3.104545e-03,0.0064,3.3028,0,0,36,1088,71,75
926,1234,2160,0.428704,0.888,2.873229e+04,1.465307e-02,0.0062,3.3125,0,2,139,1087,71,75
927,1233,2160,0.429167,0.887,2.908487e+04,1.211854e-02,0.0063,3.299,0,1,95,1086,71,75
928,1232,2160,0.42963,0.888,2.910126e+04,6.803542e-03,0.0063,3.3029,0,2,129,1085,71,75
929,1231,2160,0.430093,0.888,2.902258e+04,2.093632e-02,0.0061,3.3033,0,2,141,1084,71,75
930,1230,2160,0.430556,0.886,2.970948e+04,1.051115e-02,0.0066,3.3036,0,9,183,1083,71,75
931,1229,2160,0.431019,0.885,2.953773e+04,4.628543e-02,0.0064,3.2939,0,1,58,1082,71,75
932,1228,2160,0.431481,0.883,3.079909e+04,2.125668e-02,0.0061,3.303,0,1,24,1081,71,75
933,1227,2160,0.431944,0.886,3.042120e+04,1.962001e-02,0.0062,3.3042,0,2,134,1080,71,75
934,1226,2160,0.432407,0.89,3.055508e+04,1.160036e-02,0.0063,3.2991,0,1,72,1079,71,75
935,1225,2160,0.43287,0.887,3.018645e+04,2.147532e-02,0.007,3.2949,0,2,145,1078,71,75
936,1224,2160,0.433333,0.887,3.044926e+04,3.625431e-02,0.0067,3.2927,0,1,48,1077,71,75
937,1223,2160,0.433796,0.888,3.096111e+04,1.760407e-02,0.0064,3.295,0,2,96,1076,71,75
938,1222,2160,0.434259,0.886,3.088096e+04,1.809466e-02,0.0068,3.3067,0,3,179,1075,71,75
939,1221,2160,0.434722,0.886,3.076513e+04,4.399090e-02,0.0061,3.2549,2,9,9,1075,71,74
940,1220,2160,0.435185,0.888,3.070848e+04,2.152598e-02,0.0066,3.2984,0,7,180,1074,71,74
941,1219,2160,0.435648,0.89,3.129973e+04,3.945482e-03,0.0063,3.3136,0,5,141,1073,71,74
942,1218,2160,0.436111,0.89,3.099052e+04,1.290598e-02,0.0068,3.2956,0,3,169,1072,71,74
943,1217,2160,0.436574,0.892,3.090924e+04,1.881487e-02,0.0063,3.3029,0,7,29,1071,71,74
944,1216,2160,0.437037,0.891,3.130664e+04,1.530358e-02,0.0065,3.2974,0,7,111,1070,71,74
945,1215,2160,0.4375,0.89,3.153880e+04,8.491452e-03,0.0065,3.2942,0,2,123,1069,71,74
946,1214,2160,0.437963,0.889,3.141118e+04,6.848102e-03,0.0061,3.288,0,8,62,1068,71,74
947,1213,2160,0.438426,0.891,3.126663e+04,3.547402e-02,0.0062,3.28,0,7,159,1067,71,74
948,1212,2160,0.438889,0.888,3.299353e+04,6.631813e-03,0.0061,3.2962,0,0,96,1066,71,74
949,1211,2160,0.439352,0.888,3.242097e+04,2.009779e-02,0.0065,3.2967,0,2,74,1065,71,74
950,1210,2160,0.439815,0.888,3.264493e+04,8.330419e-03,0.0067,3.2951,0,2,166,1064,71,74
951,1209,2160,0.440278,0.886,3.229822e+04,6.541541e-03,0.0067,3.2993,0,2,12,1063,71,74
952,1208,2160,0.440741,0.888,3.205017e+04,2.364996e-02,0.0064,3.2978,0,7,152,1062,71,74
953,1207,2160,0.441204,0.885,3.276810e+04,1.016832e-02,0.0069,3.3,0,7,15,1061,71,74
954,1206,2160,0.441667,0.886,3.255202e+04,9.501171e-03,0.0065,3.3,0,3,152,1060,71,74
955,1205,2160,0.44213,0.886,3.230228e+04,6.596884e-03,0.0063,3.3062,0,4,161,1059,71,74
956,1204,2160,0.442593,0.886,3.210242e+04,3.200828e-03,0.0064,3.2987,0,4,49,1058,71,74
957,1203,2160,0.443056,0.885,3.190158e+04,2.829000e-03,0.0066,3.2851,0,4,1,1057,71,74
958,1202,2160,0.443519,0.885,3.174135e+04,8.766313e-03,0.0062,3.3007,0,0,14,1056,71,74
959,1201,2160,0.443981,0.886,3.165842e+04,2.722498e-02,0.0064,3.3139,1,2,4,1056,70,74
960,1200,2160,0.444444,0.886,3.165682e+04,2.787532e-03,0.0066,3.3026,0,8,45,1055,70,74
961,1199,2160,0.444907,0.886,3.150153e+04,4.417095e-03,0.0064,3.3025,0,2,181,1054,70,74
962,1198,2160,0.44537,0.886,3.142013e+04,2.207903e-03,0.0062,3.3029,0,8,176,1053,70,74
963,1197,2160,0.445833,0.886,3.132323e+04,6.006020e-03,0.0065,3.2992,0,8,161,1052,70,74
964,1196,2160,0.446296,0.886,3.127955e+04,9.800098e-03,0.0063,3.2986,0,1,166,1051,70,74
965,1195,2160,0.446759,0.89,3.128596e+04,1.943309e-02,0.0062,3.2982,0,2,42,1050,70,74
966,1194,2160,0.447222,0.887,3.192448e+04,3.056095e-02,0.0066,3.2986,0,1,124,1049,70,74
967,1193,2160,0.447685,0.886,3.232544e+04,4.562480e-03,0.0066,3.301,0,2,103,1048,70,74
968,1192,2160,0.448148,0.887,3.190867e+04,7.141345e-03,0.0065,3.2955,0,9,191,1047,70,74
969,1191,2160,0.448611,0.887,3.173612e+04,2.823810e-03,0.0061,3.2928,0,2,137,1046,70,74
970,1190,2160,0.449074,0.887,3.157721e+04,3.998748e-02,0.0066,3.2926,0,2,108,1045,70,74
971,1189,2160,0.449537,0.892,3.362284e+04,6.961660e-03,0.0064,3.2986,0,0,174,1044,70,74
972,1188,2160,0.45,0.893,3.286129e+04,9.220467e-03,0.0062,3.284,0,7,81,1043,70,74
973,1187,2160,0.450463,0.893,3.260923e+04,2.434623e-02,0.0061,3.2923,0,2,143,1042,70,74
974,1186,2160,0.450926,0.891,3.346965e+04,5.243940e-03,0.0062,3.2977,0,1,8,1041,70,74
975,1185,2160,0.451389,0.891,3.304158e+04,7.576676e-03,0.0066,3.3067,0,1,0,1040,70,74
976,1184,2160,0.451852,0.891,3.278450e+04,1.608233e-02,0.0066,3.2928,0,1,82,1039,70,74
977,1183,2160,0.452315,0.891,3.283459e+04,3.488122e-03,0.0063,3.3076,0,0,191,1038,70,74
978,1182,2160,0.452778,0.892,3.259284e+04,9.593623e-03,0.0066,3.2937,0,9,57,1037,70,74
979,1181,2160,0.453241,0.891,3.248476e+04,4.885672e-03,0.0062,3.3055,0,0,38,1036,70,74
980,1180,2160,0.453704,0.89,3.232840e+04,9.257874e-03,0.0066,3.3073,2,1,9,1036,70,73
981,1179,2160,0.454167,0.888,3.219889e+04,2.282939e-02,0.0062,3.2945,0,7,120,1035,70,73
982,1178,2160,0.45463,0.89,3.289924e+04,1.440159e-02,0.0066,3.2914,0,4,38,1034,70,73
983,1177,2160,0.455093,0.89,3.289052e+04,1.033023e-02,0.0066,3.3009,0,2,153,1033,70,73
984,1176,2160,0.455556,0.889,3.277176e+04,5.881928e-03,0.0061,3.3053,0,9,128,1032,70,73
985,1175,2160,0.456019,0.889,3.254996e+04,1.744520e-02,0.006,3.2954,0,2,186,1031,70,73
986,1174,2160,0.456481,0.886,3.285067e+04,3.813560e-03,0.0062,3.2974,0,5,81,1030,70,73
987,1173,2160,0.456944,0.885,3.256235e+04,9.765562e-03,0.0063,3.2966,0,2,28,1029,70,73
988,1172,2160,0.457407,0.887,3.249495e+04,3.120065e-03,0.0061,3.2947,0,1,6,1028,70,73
989,1171,2160,0.45787,0.886,3.231122e+04,1.956165e-02,0.0066,3.3001,0,7,60,1027,70,73
990,1170,2160,0.458333,0.885,3.266963e+04,3.663223e-03,0.0065,3.2972,0,5,84,1026,70,73
991,1169,2160,0.458796,0.884,3.240515e+04,1.702107e-02,0.0066,3.3042,0,2,162,1025,70,73
992,1168,2160,0.459259,0.887,3.268875e+04,1.673089e-02,0.0063,3.3117,0,1,137,1024,70,73
993,1167,2160,0.459722,0.883,3.277301e+04,3.242795e-02,0.0069,3.3016,0,7,103,1023,70,73
994,1166,2160,0.460185,0.884,3.413685e+04,1.244834e-02,0.0064,3.2931,0,2,3,1022,70,73
995,1165,2160,0.460648,0.884,3.378791e+04,1.108528e-02,0.0063,3.2976,0,9,158,1021,70,73
996,1164,2160,0.461111,0.883,3.347137e+04,3.706089e-03,0.0062,3.2895,0,8,40,1020,70,73
997,1163,2160,0.461574,0.882,3.319767e+04,2.999405e-03,0.0062,3.294,0,0,84,1019,70,73
998,1162,2160,0.462037,0.882,3.302017e+04,2.537517e-03,0.0066,3.3025,0,0,79,1018,70,73
999,1161,2160,0.4625,0.882,3.289263e+04,1.322699e-02,0.0063,3.286,0,9,96,1017,70,73
1000,1160,2160,0.462963,0.881,3.300605e+04,1.503168e-02,0.0063,3.2996,0,2,154,1016,70,73
1001,1159,2160,0.463426,0.883,3.330844e+04,6.640803e-02,0.0065,3.2922,0,4,86,1015,70,73
1002,1158,2160,0.463889,0.883,3.858363e+04,9.720050e-03,0.0063,3.284,0,3,125,1014,70,73
1003,1157,2160,0.464352,0.88,3.670033e+04,1.614968e-02,0.0068,3.3127,0,7,145,1013,70,73
1004,1156,2160,0.464815,0.88,3.603164e+04,3.270036e-02,0.0062,3.2966,0,3,156,1012,70,73
1005,1155,2160,0.465278,0.878,3.625619e+04,1.644246e-02,0.0063,3.2938,0,9,74,1011,70,73
1006,1154,2160,0.465741,0.88,3.588789e+04,4.881403e-02,0.0065,3.2989,0,7,35,1010,70,73
1007,1153,2160,0.466204,0.875,3.854790e+04,4.017499e-02,0.0066,3.2984,0,1,173,1009,70,73
1008,1152,2160,0.466667,0.877,3.847811e+04,1.061771e-02,0.0064,3.3093,0,9,91,1008,70,73
1009,1151,2160,0.46713,0.878,3.726774e+04,1.340562e-02,0.0063,3.3038,0,9,125,1007,70,73
1010,1150,2160,0.467593,0.878,3.677898e+04,4.800133e-03,0.0063,3.2965,0,9,124,1006,70,73
1011,1149,2160,0.468056,0.877,3.631946e+04,3.270435e-02,0.0064,3.3056,0,2,101,1005,70,73
1012,1148,2160,0.468519,0.877,3.747485e+04,6.256682e-03,0.0061,3.3006,0,9,28,1004,70,73
1013,1147,2160,0.468981,0.876,3.669079e+04,6.077120e-02,0.0062,3.2932,0,2,115,1003,70,73
1014,1146,2160,0.469444,0.881,4.219423e+04,1.324893e-02,0.0061,3.2921,0,1,187,1002,70,73
1015,1145,2160,0.469907,0.881,3.997865e+04,8.186036e-03,0.0064,3.2942,0,3,94,1001,70,73
1016,1144,2160,0.47037,0.879,3.865399e+04,1.343561e-02,0.0062,3.2995,0,9,99,1000,70,73
1017,1143,2160,0.470833,0.879,3.803238e+04,4.886102e-02,0.0062,3.2981,2,0,2,1000,70,72
1018,1142,2160,0.471296,0.879,3.782480e+04,1.363227e-01,0.0061,3.2955,2,2,8,1000,70,71
1019,1141,2160,0.471759,0.871,4.396930e+04,1.390096e-02,0.0064,3.2925,0,3,25,999,70,71
1020,1140,2160,0.472222,0.873,4.246543e+04,8.640048e-03,0.0065,3.3052,0,0,138,998,70,71
1021,1139,2160,0.472685,0.876,4.134715e+04,4.598436e-02,0.0063,3.2933,0,2,189,997,70,71
1022,1138,2160,0.473148,0.873,4.422599e+04,9.212362e-03,0.0067,3.2889,1,8,3,997,69,71
1023,1137,2160,0.473611,0.876,4.249359e+04,2.259914e-02,0.0061,3.2892,0,1,12,996,69,71
1024,1136,2160,0.474074,0.873,4.187060e+04,2.087804e-02,0.0061,3.2912,0,7,106,995,69,71
1025,1135,2160,0.474537,0.873,4.133901e+04,2.330811e-02,0.0068,3.2996,0,9,44,994,69,71
1026,1134,2160,0.475,0.876,4.097762e+04,6.373715e-03,0.0063,3.2798,0,0,120,993,69,71
1027,1133,2160,0.475463,0.877,4.016372e+04,4.862120e-02,0.0062,3.2994,0,1,37,992,69,71
1028,1132,2160,0.475926,0.876,4.194328e+04,3.523852e-02,0.0061,3.2966,0,2,51,991,69,71
1029,1131,2160,0.476389,0.878,4.288862e+04,1.641233e-02,0.0068,3.2977,0,8,8,990,69,71
1030,1130,2160,0.476852,0.877,4.202534e+04,5.372663e-02,0.0063,3.3025,0,7,158,989,69,71
1031,1129,2160,0.477315,0.877,4.486625e+04,8.377112e-03,0.0069,3.3052,0,2,37,988,69,71
1032,1128,2160,0.477778,0.88,4.344591e+04,1.394359e-02,0.0066,3.2957,0,3,110,987,69,71
1033,1127,2160,0.478241,0.88,4.283932e+04,1.201218e-02,0.0066,3.2953,0,1,80,986,69,71
1034,1126,2160,0.478704,0.881,4.240207e+04,4.705698e-03,0.006,3.2936,0,5,72,985,69,71
1035,1125,2160,0.479167,0.882,4.195795e+04,4.753794e-03,0.0061,3.3149,0,8,5,984,69,71
1036,1124,2160,0.47963,0.881,4.161446e+04,5.073458e-03,0.0065,3.2828,0,5,138,983,69,71
1037,1123,2160,0.480093,0.88,4.133915e+04,9.818275e-02,0.0064,3.297,0,3,67,982,69,71
1038,1122,2160,0.480556,0.882,5.055220e+04,1.768491e-02,0.0064,3.3026,0,2,128,981,69,71
1039,1121,2160,0.481019,0.881,4.917089e+04,2.601791e-02,0.0064,3.2946,0,2,177,980,69,71
1040,1120,2160,0.481481,0.881,4.905215e+04,8.002633e-03,0.0062,3.2974,0,0,12,979,69,71
1041,1119,2160,0.481944,0.88,4.778868e+04,3.824247e-02,0.0067,3.3055,0,7,79,978,69,71
1042,1118,2160,0.482407,0.877,4.893596e+04,2.473669e-02,0.0064,3.2994,0,2,0,977,69,71
1043,1117,2160,0.48287,0.877,4.889919e+04,7.676682e-03,0.0061,3.3062,0,7,70,976,69,71
1044,1116,2160,0.483333,0.877,4.783967e+04,1.520471e-02,0.0063,3.3018,0,3,19,975,69,71
1045,1115,2160,0.483796,0.877,4.726048e+04,4.472528e-02,0.0072,3.3001,0,7,20,974,69,71
1046,1114,2160,0.484259,0.879,4.932169e+04,9.661145e-03,0.0064,3.3055,0,9,92,973,69,71
1047,1113,2160,0.484722,0.88,4.819577e+04,1.277690e-02,0.0063,3.3008,0,9,47,972,69,71
1048,1112,2160,0.485185,0.879,4.757994e+04,7.183262e-03,0.0063,3.3048,0,0,72,971,69,71
1049,1111,2160,0.485648,0.879,4.701479e+04,4.919118e-03,0.0066,3.2834,0,4,43,970,69,71
1050,1110,2160,0.486111,0.878,4.654249e+04,4.409239e-03,0.0064,3.2921,0,5,22,969,69,71
1051,1109,2160,0.486574,0.878,4.615685e+04,4.115118e-03,0.0063,3.293,0,0,80,968,69,71
1052,1108,2160,0.487037,0.878,4.582246e+04,3.585117e-02,0.0061,3.292,0,1,178,967,69,71
1053,1107,2160,0.4875,0.881,4.657387e+04,5.864357e-03,0.0062,3.3023,0,4,32,966,69,71
1054,1106,2160,0.487963,0.881,4.588160e+04,7.993530e-03,0.0066,3.2927,0,8,145,965,69,71
1055,1105,2160,0.488426,0.881,4.556292e+04,1.490774e-02,0.0065,3.2897,0,9,36,964,69,71
1056,1104,2160,0.488889,0.883,4.544329e+04,4.185649e-03,0.0067,3.3063,0,9,52,963,69,71
1057,1103,2160,0.489352,0.882,4.514166e+04,1.941307e-02,0.0063,3.2948,0,9,77,962,69,71
1058,1102,2160,0.489815,0.884,4.527841e+04,6.866340e-03,0.0064,3.3056,2,1,7,962,69,70
1059,1101,2160,0.490278,0.884,4.493823e+04,7.204708e-03,0.0063,3.3044,0,9,43,961,69,70
1060,1100,2160,0.490741,0.883,4.469691e+04,3.575495e-03,0.0061,3.3,0,7,151,960,69,70
1061,1099,2160,0.491204,0.882,4.446155e+04,2.294780e-02,0.0067,3.2913,0,2,89,959,69,70
1062,1098,2160,0.491667,0.881,4.502083e+04,1.339379e-02,0.0063,3.3036,0,2,192,958,69,70
1063,1097,2160,0.49213,0.88,4.482517e+04,2.169809e-02,0.0065,3.2954,0,9,190,957,69,70
1064,1096,2160,0.492593,0.88,4.482516e+04,2.551321e-02,0.0062,3.2982,0,2,73,956,69,70
1065,1095,2160,0.493056,0.882,4.523431e+04,4.483219e-02,0.0063,3.3114,0,9,177,955,69,70
1066,1094,2160,0.493519,0.879,4.783057e+04,1.647753e-02,0.0066,3.2954,0,2,39,954,69,70
1067,1093,2160,0.493981,0.883,4.741351e+04,1.582431e-02,0.0063,3.2849,0,0,15,953,69,70
1068,1092,2160,0.494444,0.882,4.683863e+04,1.812563e-02,0.0063,3.303,0,2,71,952,69,70
1069,1091,2160,0.494907,0.883,4.660723e+04,5.720946e-03,0.0067,3.2951,0,1,96,951,69,70
1070,1090,2160,0.49537,0.882,4.598384e+04,1.788276e-02,0.0065,3.3035,0,2,10,950,69,70
1071,1089,2160,0.495833,0.881,4.597220e+04,2.608461e-02,0.0064,3.2957,0,1,164,949,69,70
1072,1088,2160,0.496296,0.881,4.633203e+04,5.515926e-03,0.0062,3.3095,0,8,162,948,69,70
1073,1087,2160,0.496759,0.881,4.572616e+04,5.204705e-03,0.0068,3.2952,0,0,66,947,69,70
1074,1086,2160,0.497222,0.882,4.527104e+04,4.272304e-03,0.0064,3.3045,1,4,5,947,68,70
1075,1085,2160,0.497685,0.881,4.491711e+04,2.144020e-02,0.0067,3.2976,0,0,89,946,68,70
1076,1084,2160,0.498148,0.888,4.493671e+04,7.584842e-03,0.0064,3.2896,0,9,45,945,68,70
1077,1083,2160,0.498611,0.887,4.461550e+04,4.128917e-03,0.0068,3.2934,1,7,4,945,67,70
1078,1082,2160,0.499074,0.887,4.434939e+04,1.327819e-02,0.0063,3.3076,0,2,124,944,67,70
1079,1081,2160,0.499537,0.886,4.437055e+04,6.164472e-03,0.0061,3.2967,0,4,77,943,67,70
1080,1080,2160,0.5,0.886,4.411112e+04,1.049471e-02,0.0065,3.2948,0,4,40,942,67,70
1081,1079,2160,0.500463,0.883,4.412507e+04,5.654832e-02,0.0062,3.2963,0,1,138,941,67,70
1082,1078,2160,0.500926,0.882,4.771731e+04,7.054538e-03,0.0062,3.3073,0,4,37,940,67,70
1083,1077,2160,0.501389,0.882,4.668904e+04,7.222931e-03,0.0067,3.3012,0,2,148,939,67,70
1084,1076,2160,0.501852,0.882,4.623855e+04,5.656165e-03,0.0064,3.2893,0,0,67,938,67,70
1085,1075,2160,0.502315,0.882,4.590011e+04,2.239515e-02,0.0064,3.2935,0,8,0,937,67,70
1086,1074,2160,0.502778,0.881,4.726799e+04,2.655408e-02,0.0066,3.3095,0,3,187,936,67,70
1087,1073,2160,0.503241,0.882,4.759334e+04,4.000798e-03,0.0061,3.2856,0,4,135,935,67,70
1088,1072,2160,0.503704,0.881,4.727320e+04,1.977773e-02,0.0064,3.2978,0,9,172,934,67,70
1089,1071,2160,0.504167,0.881,4.738746e+04,9.913483e-03,0.0063,3.3047,0,2,24,933,67,70
1090,1070,2160,0.50463,0.881,4.715815e+04,1.050022e-02,0.0065,3.2987,0,9,133,932,67,70
1091,1069,2160,0.505093,0.881,4.699194e+04,1.896331e-02,0.0062,3.3105,0,4,47,931,67,70
1092,1068,2160,0.505556,0.882,4.749281e+04,4.163807e-03,0.0063,3.2977,0,4,169,930,67,70
1093,1067,2160,0.506019,0.882,4.715634e+04,1.459603e-02,0.0063,3.2987,0,8,41,929,67,70
1094,1066,2160,0.506481,0.882,4.744878e+04,3.761473e-02,0.0062,3.2998,0,8,118,928,67,70
1095,1065,2160,0.506944,0.883,4.862626e+04,2.037956e-02,0.0061,3.2957,0,7,147,927,67,70
1096,1064,2160,0.507407,0.881,4.807220e+04,2.487700e-02,0.0063,3.29,0,9,166,926,67,70
1097,1063,2160,0.50787,0.883,4.829028e+04,8.709575e-03,0.0067,3.3073,0,2,15,925,67,70
1098,1062,2160,0.508333,0.885,4.781253e+04,6.319027e-03,0.0065,3.3005,0,1,100,924,67,70
1099,1061,2160,0.508796,0.885,4.739331e+04,4.081421e-03,0.0064,3.2881,0,5,59,923,67,70
1100,1060,2160,0.509259,0.885,4.706050e+04,3.618955e-03,0.0064,3.3019,0,5,45,922,67,70
1101,1059,2160,0.509722,0.886,4.679783e+04,3.349132e-03,0.0065,3.2967,0,4,50,921,67,70
1102,1058,2160,0.510185,0.885,4.657895e+04,4.051884e-02,0.0063,3.2994,2,0,8,921,67,69
1103,1057,2160,0.510648,0.881,4.692384e+04,1.485306e-02,0.0063,3.2996,0,7,161,920,67,69
1104,1056,2160,0.511111,0.877,4.696967e+04,3.154717e-02,0.0065,3.2915,0,2,180,919,67,69
1105,1055,2160,0.511574,0.875,4.905769e+04,5.394394e-03,0.0062,3.2894,0,8,105,918,67,69
1106,1054,2160,0.512037,0.876,4.847401e+04,4.378164e-02,0.0067,3.301,0,3,160,917,67,69
1107,1053,2160,0.5125,0.871,4.988218e+04,1.694295e-02,0.0067,3.2941,0,1,186,916,67,69
1108,1052,2160,0.512963,0.875,4.962729e+04,1.721879e-02,0.0064,3.2985,0,7,108,915,67,69
1109,1051,2160,0.513426,0.873,4.944365e+04,5.746895e-02,0.0064,3.2945,0,9,120,914,67,69
1110,1050,2160,0.513889,0.873,5.355951e+04,3.569350e-02,0.0062,3.29,0,2,22,913,67,69
1111,1049,2160,0.514352,0.873,5.402260e+04,9.044045e-03,0.0062,3.3029,0,9,56,912,67,69
1112,1048,2160,0.514815,0.873,5.239627e+04,9.382754e-03,0.0065,3.3066,0,2,46,911,67,69
1113,1047,2160,0.515278,0.87,5.142295e+04,1.298675e-02,0.0064,3.2968,0,9,146,910,67,69
1114,1046,2160,0.515741,0.87,5.076015e+04,5.568949e-03,0.0067,3.3046,2,8,6,910,67,68
1115,1045,2160,0.516204,0.871,5.014331e+04,5.499366e-03,0.0062,3.3022,0,4,74,909,67,68
1116,1044,2160,0.516667,0.87,4.969468e+04,6.335141e-03,0.0064,3.2953,0,7,136,908,67,68
1117,1043,2160,0.51713,0.869,4.935876e+04,3.955409e-03,0.0064,3.2965,0,8,122,907,67,68
1118,1042,2160,0.517593,0.869,4.905135e+04,4.484768e-02,0.0068,3.2889,0,1,36,906,67,68
1119,1041,2160,0.518056,0.868,5.057964e+04,7.402094e-03,0.0064,3.2781,0,1,153,905,67,68
1120,1040,2160,0.518519,0.869,4.983870e+04,4.077487e-03,0.0062,3.2951,0,0,85,904,67,68
1121,1039,2160,0.518981,0.869,4.950529e+04,3.320449e-03,0.0062,3.3046,1,2,5,904,66,68
1122,1038,2160,0.519444,0.87,4.928738e+04,1.087765e-01,0.0063,3.2945,2,7,7,904,66,67
1123,1037,2160,0.519907,0.872,5.276022e+04,2.759718e-02,0.007,3.2871,0,1,75,903,66,67
1124,1036,2160,0.52037,0.873,5.227087e+04,1.037329e-02,0.0065,3.2935,0,9,101,902,66,67
1125,1035,2160,0.520833,0.875,5.129787e+04,1.324297e-02,0.0066,3.2949,0,2,147,901,66,67
1126,1034,2160,0.521296,0.876,5.083048e+04,5.958730e-03,0.0066,3.2992,0,1,156,900,66,67
1127,1033,2160,0.521759,0.877,5.028058e+04,2.852957e-02,0.0065,3.3038,0,2,47,899,66,67
1128,1032,2160,0.522222,0.877,5.218792e+04,8.004277e-03,0.0063,3.2938,0,8,61,898,66,67
1129,1031,2160,0.522685,0.875,5.184967e+04,5.196147e-02,0.0065,3.298,0,9,136,897,66,67
1130,1030,2160,0.523148,0.871,5.416487e+04,8.045048e-03,0.0061,3.3027,0,0,92,896,66,67
1131,1029,2160,0.523611,0.874,5.302510e+04,4.935770e-02,0.0065,3.2913,0,9,145,895,66,67
1132,1028,2160,0.524074,0.872,5.537700e+04,6.474100e-02,0.0062,3.2898,0,1,20,894,66,67
1133,1027,2160,0.524537,0.875,5.948936e+04,1.092847e-02,0.0061,3.2992,0,1,123,893,66,67
1134,1026,2160,0.525,0.874,5.707868e+04,8.214904e-03,0.0062,3.3016,0,3,116,892,66,67
1135,1025,2160,0.525463,0.876,5.581594e+04,1.061606e-02,0.0066,3.3041,0,3,161,891,66,67
1136,1024,2160,0.525926,0.876,5.512393e+04,4.001094e-02,0.0066,3.2961,0,7,45,890,66,67
1137,1023,2160,0.526389,0.875,5.704987e+04,1.426113e-02,0.0067,3.303,0,7,105,889,66,67
1138,1022,2160,0.526852,0.874,5.626451e+04,5.666215e-03,0.0062,3.295,0,0,166,888,66,67
1139,1021,2160,0.527315,0.873,5.561669e+04,7.660417e-03,0.0061,3.3,0,8,166,887,66,67
1140,1020,2160,0.527778,0.872,5.532482e+04,5.780478e-03,0.0068,3.3001,0,9,169,886,66,67
1141,1019,2160,0.528241,0.874,5.502347e+04,3.599375e-03,0.0067,3.2961,0,0,35,885,66,67
1142,1018,2160,0.528704,0.874,5.476933e+04,5.079649e-03,0.0062,3.2982,0,3,168,884,66,67
1143,1017,2160,0.529167,0.873,5.457581e+04,3.108413e-03,0.0061,3.2982,0,8,75,883,66,67
1144,1016,2160,0.52963,0.873,5.439146e+04,6.848126e-03,0.0064,3.2986,0,3,44,882,66,67
1145,1015,2160,0.530093,0.872,5.426246e+04,2.430305e-02,0.0067,3.3041,1,2,8,882,65,67
1146,1014,2160,0.530556,0.87,5.421672e+04,3.002182e-03,0.0069,3.2933,0,2,23,881,65,67
1147,1013,2160,0.531019,0.871,5.403529e+04,2.982529e-02,0.0069,3.3006,0,2,158,880,65,67
1148,1012,2160,0.531481,0.87,5.502430e+04,9.681006e-03,0.0065,3.2984,0,2,173,879,65,67
1149,1011,2160,0.531944,0.869,5.449676e+04,4.086345e-03,0.0062,3.2919,0,9,21,878,65,67
1150,1010,2160,0.532407,0.871,5.415711e+04,9.360158e-02,0.0064,3.3004,0,2,104,877,65,67
1151,1009,2160,0.53287,0.853,6.451439e+04,2.770180e-02,0.0066,3.2909,0,2,184,876,65,67
1152,1008,2160,0.533333,0.862,6.055345e+04,1.062046e-02,0.0061,3.3015,0,2,165,875,65,67
1153,1007,2160,0.533796,0.862,5.839662e+04,8.488253e-03,0.0065,3.2924,0,3,79,874,65,67
1154,1006,2160,0.534259,0.867,5.735233e+04,2.555690e-02,0.0068,3.2839,0,7,130,873,65,67
1155,1005,2160,0.534722,0.868,5.735588e+04,1.476708e-02,0.0063,3.2967,0,2,26,872,65,67
1156,1004,2160,0.535185,0.867,5.725557e+04,2.886504e-02,0.0061,3.2944,0,5,91,871,65,67
1157,1003,2160,0.535648,0.865,5.906993e+04,3.583739e-02,0.0067,3.2908,0,9,18,870,65,67
1158,1002,2160,0.536111,0.863,5.941499e+04,1.350545e-02,0.0063,3.2893,0,3,71,869,65,67
1159,1001,2160,0.536574,0.866,5.837091e+04,6.173291e-03,0.0062,3.2904,0,5,184,868,65,67
1160,1000,2160,0.537037,0.866,5.761112e+04,5.152681e-03,0.0063,3.2769,0,5,131,867,65,67
1161,999,2160,0.5375,0.867,5.708236e+04,1.379257e-02,0.0064,3.3085,0,9,3,866,65,67
1162,998,2160,0.537963,0.871,5.695584e+04,4.197854e-03,0.0066,3.2995,0,5,15,865,65,67
1163,997,2160,0.538426,0.869,5.661179e+04,1.882967e-02,0.0062,3.2986,0,9,66,864,65,67
1164,996,2160,0.538889,0.872,5.669534e+04,1.662952e-02,0.0065,3.2954,0,2,109,863,65,67
1165,995,2160,0.539352,0.87,5.674374e+04,4.242156e-02,0.0071,3.2974,0,7,44,862,65,67
1166,994,2160,0.539815,0.87,5.865362e+04,1.392711e-02,0.0064,3.2905,0,2,57,861,65,67
1167,993,2160,0.540278,0.872,5.784362e+04,6.028842e-03,0.0067,3.3034,0,9,60,860,65,67
1168,992,2160,0.540741,0.872,5.716277e+04,5.148438e-02,0.0065,3.2933,0,4,85,859,65,67
1169,991,2160,0.541204,0.87,6.116951e+04,2.771698e-02,0.0065,3.2897,0,2,81,858,65,67
1170,990,2160,0.541667,0.873,6.145119e+04,1.666885e-02,0.0061,3.3055,0,3,4,857,65,67
1171,989,2160,0.54213,0.871,6.081905e+04,8.797006e-02,0.0066,3.2888,0,2,93,856,65,67
1172,988,2160,0.542593,0.865,7.007978e+04,1.533935e-02,0.0065,3.2942,0,8,57,855,65,67
1173,987,2160,0.543056,0.867,6.534122e+04,2.498795e-02,0.0061,3.2961,0,2,157,854,65,67
1174,986,2160,0.543519,0.872,6.405548e+04,1.186943e-02,0.0065,3.2933,0,3,117,853,65,67
1175,985,2160,0.543981,0.869,6.282358e+04,1.934257e-02,0.0067,3.2999,0,1,122,852,65,67
1176,984,2160,0.544444,0.872,6.237708e+04,3.433462e-02,0.0065,3.296,0,2,163,851,65,67
1177,983,2160,0.544907,0.868,6.319277e+04,8.065420e-03,0.0062,3.307,0,0,93,850,65,67
1178,982,2160,0.54537,0.868,6.204309e+04,2.058738e-02,0.0063,3.2935,0,2,131,849,65,67
1179,981,2160,0.545833,0.865,6.211522e+04,6.510992e-03,0.0066,3.2934,0,4,185,848,65,67
1180,980,2160,0.546296,0.863,6.158231e+04,2.095298e-02,0.0063,3.2928,0,3,68,847,65,67
1181,979,2160,0.546759,0.865,6.157607e+04,4.470039e-03,0.0062,3.3018,0,8,10,846,65,67
1182,978,2160,0.547222,0.864,6.118492e+04,4.042614e-03,0.0065,3.286,0,8,13,845,65,67
1183,977,2160,0.547685,0.864,6.086740e+04,3.216970e-02,0.0061,3.2821,0,9,94,844,65,67
1184,976,2160,0.548148,0.869,6.218389e+04,1.749922e-02,0.0061,3.2881,0,8,18,843,65,67
1185,975,2160,0.548611,0.868,6.244678e+04,5.386794e-02,0.0061,3.2948,0,9,80,842,65,67
1186,974,2160,0.549074,0.868,6.460515e+04,1.509584e-02,0.0064,3.3087,0,2,106,841,65,67
1187,973,2160,0.549537,0.869,6.333330e+04,1.089550e-02,0.0064,3.298,0,2,174,840,65,67
1188,972,2160,0.55,0.869,6.250386e+04,1.380943e-02,0.0064,3.2955,0,2,190,839,65,67
1189,971,2160,0.550463,0.869,6.206885e+04,5.383048e-03,0.0069,3.2937,1,9,0,839,64,67
1190,970,2160,0.550926,0.87,6.153806e+04,2.129208e-02,0.0065,3.2934,0,8,151,838,64,67
1191,969,2160,0.551389,0.866,6.281387e+04,5.927821e-03,0.0065,3.2903,0,3,91,837,64,67
1192,968,2160,0.551852,0.866,6.240924e+04,2.727162e-02,0.0073,3.2949,2,9,2,837,64,66
1193,967,2160,0.552315,0.866,6.216442e+04,1.898747e-02,0.0067,3.2991,0,8,78,836,64,66
1194,966,2160,0.552778,0.868,6.227599e+04,4.548486e-03,0.0061,3.2961,0,4,146,835,64,66
1195,965,2160,0.553241,0.87,6.187290e+04,3.551964e-03,0.0061,3.3007,0,4,193,834,64,66
1196,964,2160,0.553704,0.871,6.163317e+04,1.974404e-02,0.0065,3.3069,0,3,28,833,64,66
1197,963,2160,0.554167,0.87,6.191346e+04,3.392165e-03,0.007,3.2953,0,4,44,832,64,66
1198,962,2160,0.55463,0.87,6.171091e+04,2.696474e-02,0.0062,3.2835,0,7,58,831,64,66
1199,961,2160,0.555093,0.869,6.234821e+04,1.872421e-02,0.0064,3.2907,0,8,135,830,64,66
1200,960,2160,0.555556,0.867,6.275295e+04,5.211494e-03,0.0061,3.285,0,9,170,829,64,66
1201,959,2160,0.556019,0.868,6.225572e+04,3.975645e-03,0.0062,3.3021,0,5,130,828,64,66
1202,958,2160,0.556481,0.868,6.194970e+04,3.385983e-03,0.0063,3.3016,0,0,128,827,64,66
1203,957,2160,0.556944,0.867,6.172914e+04,2.275290e-02,0.0063,3.3052,0,9,173,826,64,66
1204,956,2160,0.557407,0.867,6.215486e+04,6.526367e-03,0.0069,3.3007,0,9,188,825,64,66
1205,955,2160,0.55787,0.866,6.180307e+04,3.663942e-03,0.0065,3.2975,0,8,53,824,64,66
1206,954,2160,0.558333,0.866,6.154268e+04,9.795436e-03,0.0067,3.3022,0,0,129,823,64,66
1207,953,2160,0.558796,0.866,6.138288e+04,1.103367e-02,0.0064,3.313,0,9,6,822,64,66
1208,952,2160,0.559259,0.868,6.135455e+04,1.190257e-02,0.0061,3.3025,0,1,169,821,64,66
1209,951,2160,0.559722,0.867,6.129571e+04,3.277655e-03,0.0069,3.2881,0,9,180,820,64,66
1210,950,2160,0.560185,0.866,6.109992e+04,3.365653e-02,0.0068,3.307,0,2,65,819,64,66
1211,949,2160,0.560648,0.869,6.231815e+04,6.539722e-03,0.0067,3.291,0,1,77,818,64,66
1212,948,2160,0.561111,0.867,6.158340e+04,4.219117e-02,0.0063,3.3065,0,3,73,817,64,66
1213,947,2160,0.561574,0.871,6.344447e+04,4.868284e-03,0.0065,3.2947,0,2,179,816,64,66
1214,946,2160,0.562037,0.871,6.299928e+04,6.219456e-02,0.0064,3.293,0,7,72,815,64,66
1215,945,2160,0.5625,0.87,6.823775e+04,9.420159e-03,0.0067,3.306,0,9,108,814,64,66
1216,944,2160,0.562963,0.872,6.730567e+04,4.820705e-03,0.0064,3.2875,0,2,9,813,64,66
1217,943,2160,0.563426,0.871,6.686909e+04,1.783081e-02,0.0067,3.2994,0,2,102,812,64,66
1218,942,2160,0.563889,0.868,6.730760e+04,1.410962e-02,0.0064,3.3079,0,4,36,811,64,66
1219,941,2160,0.564352,0.868,6.712479e+04,4.493761e-03,0.0064,3.3151,0,8,59,810,64,66
1220,940,2160,0.564815,0.869,6.673710e+04,1.858167e-02,0.0063,3.2922,0,3,22,809,64,66
1221,939,2160,0.565278,0.869,6.682568e+04,1.629388e-02,0.0061,3.3126,0,7,193,808,64,66
1222,938,2160,0.565741,0.866,6.685169e+04,5.502904e-03,0.0062,3.2913,0,9,179,807,64,66
1223,937,2160,0.566204,0.867,6.655354e+04,6.719461e-03,0.0066,3.3161,0,8,169,806,64,66
1224,936,2160,0.566667,0.865,6.643947e+04,4.493036e-02,0.0064,3.2971,0,2,150,805,64,66
1225,935,2160,0.56713,0.865,7.082355e+04,3.296859e-02,0.0066,3.3032,0,0,28,804,64,66
1226,934,2160,0.567593,0.864,7.073617e+04,7.553851e-03,0.0064,3.2981,0,0,165,803,64,66
1227,933,2160,0.568056,0.863,6.964348e+04,2.919970e-02,0.0063,3.3023,0,9,168,802,64,66
1228,932,2160,0.568519,0.868,7.089183e+04,1.542741e-02,0.0062,3.2974,0,8,127,801,64,66
1229,931,2160,0.568981,0.868,7.097636e+04,8.996356e-02,0.0061,3.2908,0,3,61,800,64,66
1230,930,2160,0.569444,0.86,7.937966e+04,3.053812e-02,0.0065,3.2895,1,2,9,800,63,66
1231,929,2160,0.569907,0.857,7.724914e+04,1.162075e-02,0.0065,3.2879,0,3,37,799,63,66
1232,928,2160,0.57037,0.856,7.587977e+04,4.657031e-02,0.0071,3.2879,0,9,130,798,63,66
1233,927,2160,0.570833,0.856,7.698866e+04,1.924665e-02,0.0065,3.2925,0,2,19,797,63,66
1234,926,2160,0.571296,0.855,7.642376e+04,7.212154e-03,0.0071,3.2974,0,4,12,796,63,66
1235,925,2160,0.571759,0.856,7.543050e+04,2.686606e-02,0.0065,3.2854,0,4,7,795,63,66
1236,924,2160,0.572222,0.855,7.632868e+04,5.634213e-03,0.0063,3.2963,0,4,183,794,63,66
1237,923,2160,0.572685,0.855,7.571933e+04,5.404449e-03,0.0063,3.2936,0,2,160,793,63,66
1238,922,2160,0.573148,0.855,7.530273e+04,2.012928e-02,0.0062,3.3036,0,7,132,792,63,66
1239,921,2160,0.573611,0.857,7.537967e+04,4.678600e-03,0.0066,3.2932,0,4,155,791,63,66
1240,920,2160,0.574074,0.857,7.501806e+04,3.692187e-03,0.0068,3.2955,0,5,9,790,63,66
1241,919,2160,0.574537,0.857,7.475807e+04,3.993880e-02,0.0063,3.296,0,8,156,789,63,66
1242,918,2160,0.575,0.855,7.714334e+04,5.662530e-02,0.0067,3.2852,0,3,72,788,63,66
1243,917,2160,0.575463,0.853,8.035151e+04,2.975846e-02,0.0061,3.3038,0,4,57,787,63,66
1244,916,2160,0.575926,0.852,8.149070e+04,1.417745e-02,0.0063,3.3007,1,4,4,787,62,66
1245,915,2160,0.576389,0.852,8.116501e+04,3.445298e-02,0.0067,3.2937,0,0,119,786,62,66
1246,914,2160,0.576852,0.855,8.166164e+04,5.329989e-03,0.0065,3.3023,0,0,21,785,62,66
1247,913,2160,0.577315,0.851,8.111184e+04,2.798414e-02,0.0064,3.2996,0,7,170,784,62,66
1248,912,2160,0.577778,0.852,8.162957e+04,1.759404e-02,0.0062,3.2974,0,9,32,783,62,66
1249,911,2160,0.578241,0.852,8.161226e+04,9.240469e-03,0.0064,3.2971,0,0,44,782,62,66
1250,910,2160,0.578704,0.852,8.135944e+04,8.333728e-02,0.0062,3.2971,0,7,75,781,62,66
1251,909,2160,0.579167,0.853,9.146726e+04,3.669570e-02,0.0063,3.3021,0,2,194,780,62,66
1252,908,2160,0.57963,0.852,8.909057e+04,1.737980e-02,0.0064,3.3101,0,9,10,779,62,66
1253,907,2160,0.580093,0.852,8.647130e+04,1.152870e-02,0.0062,3.3039,0,3,162,778,62,66
1254,906,2160,0.580556,0.852,8.497892e+04,6.917942e-03,0.0066,3.2885,0,5,32,777,62,66
1255,905,2160,0.581019,0.85,8.408631e+04,3.075786e-02,0.0062,3.2925,0,0,156,776,62,66
1256,904,2160,0.581481,0.85,8.517706e+04,2.536785e-02,0.0061,3.2865,0,2,76,775,62,66
1257,903,2160,0.581944,0.854,8.502758e+04,5.768095e-03,0.0064,3.3037,0,0,65,774,62,66
1258,902,2160,0.582407,0.852,8.439769e+04,4.229047e-03,0.0066,3.3038,0,8,170,773,62,66
1259,901,2160,0.58287,0.851,8.406401e+04,5.793776e-03,0.007,3.298,0,8,91,772,62,66
1260,900,2160,0.583333,0.849,8.386841e+04,3.161918e-03,0.0064,3.3048,0,2,58,771,62,66
1261,899,2160,0.583796,0.85,8.368070e+04,3.128686e-02,0.0061,3.3058,0,5,175,770,62,66
1262,898,2160,0.584259,0.855,8.857720e+04,8.062638e-02,0.0065,3.2975,0,2,90,769,62,66
1263,897,2160,0.584722,0.841,9.768044e+04,1.399651e-02,0.0071,3.2859,0,1,32,768,62,66
1264,896,2160,0.585185,0.846,9.456777e+04,2.060450e-02,0.0065,3.3025,0,7,140,767,62,66
1265,895,2160,0.585648,0.849,9.402536e+04,1.060571e-02,0.0069,3.3041,0,3,93,766,62,66
1266,894,2160,0.586111,0.848,9.363801e+04,7.821202e-02,0.0067,3.2913,0,7,49,765,62,66
1267,893,2160,0.586574,0.838,9.960922e+04,9.735350e-03,0.0064,3.3095,0,2,79,764,62,66
1268,892,2160,0.587037,0.839,9.802252e+04,7.433129e-03,0.0063,3.2998,0,4,64,763,62,66
1269,891,2160,0.5875,0.839,9.714435e+04,6.970917e-03,0.0064,3.3088,0,7,169,762,62,66
1270,890,2160,0.587963,0.84,9.653050e+04,2.692567e-02,0.0067,3.3033,0,1,93,761,62,66
1271,889,2160,0.588426,0.841,9.691119e+04,2.758209e-02,0.0063,3.3003,0,0,149,760,62,66
1272,888,2160,0.588889,0.845,9.681188e+04,2.653570e-02,0.0064,3.3053,0,2,36,759,62,66
1273,887,2160,0.589352,0.839,9.698896e+04,6.322754e-03,0.0065,3.3068,0,0,194,758,62,66
1274,886,2160,0.589815,0.843,9.623302e+04,5.873521e-03,0.0063,3.3053,2,6,8,758,62,65
1275,885,2160,0.590278,0.843,9.582981e+04,4.144953e-02,0.0064,3.3004,0,3,66,757,62,65
1276,884,2160,0.590741,0.842,9.794611e+04,1.526606e-02,0.0061,3.2926,0,7,68,756,62,65
1277,883,2160,0.591204,0.841,9.779226e+04,4.346468e-03,0.0063,3.2928,0,8,158,755,62,65
1278,882,2160,0.591667,0.842,9.745710e+04,1.437792e-02,0.0065,3.2986,0,2,88,754,62,65
1279,881,2160,0.59213,0.842,9.780511e+04,3.278737e-02,0.0063,3.3008,1,5,7,754,61,65
1280,880,2160,0.592593,0.842,9.810018e+04,3.464925e-02,0.0061,3.2939,0,3,147,753,61,65
1281,879,2160,0.593056,0.842,9.851358e+04,1.505059e-02,0.0061,3.297,0,9,90,752,61,65
1282,878,2160,0.593519,0.842,9.814628e+04,6.832443e-03,0.0067,3.2984,0,4,114,751,61,65
1283,877,2160,0.593981,0.841,9.766365e+04,4.376786e-03,0.0061,3.2823,0,0,148,750,61,65
1284,876,2160,0.594444,0.841,9.730986e+04,4.593607e-02,0.0066,3.2952,0,2,156,749,61,65
1285,875,2160,0.594907,0.844,1.033349e+05,8.856597e-03,0.0068,3.2997,0,1,98,748,61,65
1286,874,2160,0.59537,0.843,1.024384e+05,5.597938e-03,0.0067,3.2968,0,0,136,747,61,65
1287,873,2160,0.595833,0.843,1.018473e+05,1.479652e-02,0.0063,3.2917,0,0,51,746,61,65
1288,872,2160,0.596296,0.843,1.015884e+05,4.874370e-03,0.0068,3.2925,0,0,98,745,61,65
1289,871,2160,0.596759,0.842,1.011585e+05,1.544291e-02,0.0066,3.3088,0,4,5,744,61,65
1290,870,2160,0.597222,0.843,1.013106e+05,9.612358e-02,0.0063,3.2925,1,7,9,744,60,65
1291,869,2160,0.597685,0.839,1.047656e+05,3.011545e-02,0.0062,3.2974,0,9,31,743,60,65
1292,868,2160,0.598148,0.841,1.042269e+05,7.705327e-03,0.0064,3.305,0,0,78,742,60,65
1293,867,2160,0.598611,0.84,1.034239e+05,6.373299e-03,0.0067,3.296,0,5,188,741,60,65
1294,866,2160,0.599074,0.84,1.029277e+05,1.930342e-02,0.0064,3.3004,0,4,190,740,60,65
1295,865,2160,0.599537,0.838,1.030748e+05,4.740000e-03,0.0067,3.2944,0,4,139,739,60,65
1296,864,2160,0.6,0.838,1.026427e+05,4.269211e-03,0.0065,3.3053,0,8,143,738,60,65
1297,863,2160,0.600463,0.837,1.022977e+05,2.414200e-02,0.0062,3.3101,0,1,83,737,60,65
1298,862,2160,0.600926,0.836,1.024575e+05,3.464504e-02,0.0069,3.3051,0,9,148,736,60,65
1299,861,2160,0.601389,0.842,1.030989e+05,2.343703e-02,0.0066,3.3022,0,8,43,735,60,65
1300,860,2160,0.601852,0.84,1.031354e+05,6.626350e-03,0.0061,3.2994,0,5,125,734,60,65
1301,859,2160,0.602315,0.837,1.022894e+05,1.868113e-02,0.0065,3.3101,0,1,22,733,60,65
1302,858,2160,0.602778,0.837,1.021792e+05,2.058936e-02,0.0068,3.2938,0,9,89,732,60,65
1303,857,2160,0.603241,0.835,1.021921e+05,4.844720e-03,0.0066,3.3074,0,4,173,731,60,65
1304,856,2160,0.603704,0.834,1.017405e+05,1.456743e-02,0.0067,3.2954,0,1,171,730,60,65
1305,855,2160,0.604167,0.836,1.015879e+05,4.050871e-03,0.0068,3.3015,0,3,105,729,60,65
1306,854,2160,0.60463,0.836,1.012717e+05,6.106832e-02,0.0063,3.3039,0,3,59,728,60,65
1307,853,2160,0.605093,0.84,1.058723e+05,1.425618e-02,0.0065,3.2996,0,1,71,727,60,65
1308,852,2160,0.605556,0.838,1.047669e+05,6.581922e-02,0.0062,3.3023,0,7,74,726,60,65
1309,851,2160,0.606019,0.835,1.103594e+05,1.625184e-02,0.0068,3.2922,0,2,188,725,60,65
1310,850,2160,0.606481,0.836,1.086106e+05,8.298118e-03,0.0066,3.296,0,9,144,724,60,65
1311,849,2160,0.606944,0.837,1.073499e+05,3.259555e-02,0.0066,3.2938,0,1,157,723,60,65
1312,848,2160,0.607407,0.835,1.073637e+05,9.916636e-03,0.0067,3.3028,0,0,4,722,60,65
1313,847,2160,0.60787,0.834,1.065854e+05,5.665747e-03,0.0064,3.2854,0,5,190,721,60,65
1314,846,2160,0.608333,0.835,1.059709e+05,4.934906e-03,0.0064,3.298,0,0,64,720,60,65
1315,845,2160,0.608796,0.836,1.055046e+05,1.326061e-02,0.0063,3.3076,0,9,165,719,60,65
1316,844,2160,0.609259,0.835,1.053195e+05,4.437470e-03,0.0064,3.3208,0,5,114,718,60,65
1317,843,2160,0.609722,0.835,1.049396e+05,1.611198e-02,0.0065,3.2977,0,2,29,717,60,65
1318,842,2160,0.610185,0.832,1.053632e+05,2.513014e-02,0.0063,3.3072,0,7,144,716,60,65
1319,841,2160,0.610648,0.834,1.055857e+05,1.223060e-02,0.0063,3.3124,0,3,171,715,60,65
1320,840,2160,0.611111,0.834,1.052485e+05,4.359911e-03,0.0062,3.316,0,8,153,714,60,65
1321,839,2160,0.611574,0.834,1.048804e+05,4.057963e-03,0.0067,3.3095,1,3,1,714,59,65
1322,838,2160,0.612037,0.834,1.045729e+05,6.437909e-03,0.0062,3.314,0,2,72,713,59,65
1323,837,2160,0.6125,0.834,1.043824e+05,1.673740e-02,0.0067,3.3037,0,4,52,712,59,65
1324,836,2160,0.612963,0.833,1.044253e+05,4.183012e-03,0.0062,3.3018,0,5,150,711,59,65
1325,835,2160,0.613426,0.834,1.040897e+05,1.384548e-02,0.0064,3.3151,0,0,130,710,59,65
1326,834,2160,0.613889,0.834,1.040387e+05,2.245226e-02,0.0066,3.2987,0,3,46,709,59,65
1327,833,2160,0.614352,0.832,1.043446e+05,6.096849e-03,0.0063,3.2917,0,3,58,708,59,65
1328,832,2160,0.614815,0.833,1.039873e+05,5.993328e-03,0.0061,3.2979,0,4,61,707,59,65
1329,831,2160,0.615278,0.832,1.037427e+05,3.554763e-03,0.0065,3.299,0,0,135,706,59,65
1330,830,2160,0.615741,0.833,1.035053e+05,3.303837e-02,0.0067,3.3046,0,4,104,705,59,65
1331,829,2160,0.616204,0.829,1.048607e+05,9.090788e-03,0.0063,3.298,0,8,148,704,59,65
1332,828,2160,0.616667,0.826,1.044996e+05,6.985452e-03,0.0066,3.303,0,9,69,703,59,65
1333,827,2160,0.61713,0.826,1.041538e+05,4.057876e-03,0.0062,3.2924,0,8,27,702,59,65
1334,826,2160,0.617593,0.829,1.038435e+05,3.703089e-03,0.0063,3.2857,0,0,43,701,59,65
1335,825,2160,0.618056,0.829,1.035860e+05,3.665760e-02,0.006,3.3009,0,1,134,700,59,65
1336,824,2160,0.618519,0.824,1.044370e+05,1.051950e-02,0.0062,3.3043,0,9,23,699,59,65
1337,823,2160,0.618981,0.823,1.039849e+05,4.275804e-03,0.0067,3.3009,0,1,68,698,59,65
1338,822,2160,0.619444,0.825,1.036350e+05,3.723220e-03,0.0065,3.3113,0,5,143,697,59,65
1339,821,2160,0.619907,0.825,1.033815e+05,3.190156e-02,0.006,3.2897,0,8,120,696,59,65
1340,820,2160,0.62037,0.838,1.074946e+05,4.295164e-02,0.0063,3.2921,0,1,121,695,59,65
1341,819,2160,0.620833,0.833,1.078415e+05,2.682745e-02,0.0062,3.2875,0,7,107,694,59,65
1342,818,2160,0.621296,0.834,1.081109e+05,2.634249e-02,0.0062,3.3015,0,2,187,693,59,65
1343,817,2160,0.621759,0.836,1.081860e+05,9.078808e-03,0.0062,3.3044,0,9,184,692,59,65
1344,816,2160,0.622222,0.833,1.072383e+05,5.518536e-03,0.0067,3.3028,0,3,86,691,59,65
1345,815,2160,0.622685,0.833,1.066736e+05,1.209335e-02,0.0066,3.2971,0,4,33,690,59,65
1346,814,2160,0.623148,0.833,1.064620e+05,6.076684e-03,0.0068,3.301,0,8,21,689,59,65
1347,813,2160,0.623611,0.833,1.061699e+05,4.142873e-02,0.0065,3.293,0,7,32,688,59,65
1348,812,2160,0.624074,0.829,1.089967e+05,3.371822e-02,0.0061,3.2925,0,7,39,687,59,65
1349,811,2160,0.624537,0.831,1.105353e+05,5.340840e-02,0.0062,3.2929,0,8,66,686,59,65
1350,810,2160,0.625,0.826,1.190532e+05,1.299137e-02,0.0068,3.2957,0,2,118,685,59,65
1351,809,2160,0.625463,0.827,1.157878e+05,1.607974e-02,0.0061,3.305,0,8,134,684,59,65
1352,808,2160,0.625926,0.826,1.145228e+05,8.773357e-03,0.0068,3.2976,0,1,108,683,59,65
1353,807,2160,0.626389,0.828,1.131869e+05,4.477086e-02,0.0062,3.2941,0,2,64,682,59,65
1354,806,2160,0.626852,0.823,1.142536e+05,1.775381e-02,0.0068,3.3027,0,8,97,681,59,65
1355,805,2160,0.627315,0.83,1.134273e+05,6.181903e-02,0.0062,3.2981,0,3,129,680,59,65
1356,804,2160,0.627778,0.83,1.160708e+05,3.894204e-02,0.0065,3.302,0,1,160,679,59,65
1357,803,2160,0.628241,0.836,1.158400e+05,1.575414e-02,0.0063,3.3071,0,8,182,678,59,65
1358,802,2160,0.628704,0.837,1.153029e+05,4.407408e-02,0.0065,3.3094,0,2,33,677,59,65
1359,801,2160,0.629167,0.828,1.166302e+05,2.079986e-02,0.0065,3.298,0,9,123,676,59,65
1360,800,2160,0.62963,0.831,1.156057e+05,1.781485e-02,0.0063,3.3021,0,1,117,675,59,65
1361,799,2160,0.630093,0.831,1.150375e+05,2.828035e-02,0.0061,3.2946,0,0,46,674,59,65
1362,798,2160,0.630556,0.827,1.156192e+05,1.303794e-02,0.0067,3.293,0,0,90,673,59,65
1363,797,2160,0.631019,0.824,1.154536e+05,5.151175e-02,0.0067,3.2979,0,7,110,672,59,65
1364,796,2160,0.631481,0.831,1.182598e+05,6.828873e-02,0.0062,3.2963,0,2,117,671,59,65
1365,795,2160,0.631944,0.82,1.217539e+05,1.321494e-02,0.0066,3.2892,0,1,43,670,59,65
1366,794,2160,0.632407,0.822,1.186623e+05,7.842828e-02,0.0063,3.3092,0,1,163,669,59,65
1367,793,2160,0.63287,0.819,1.236391e+05,5.876265e-02,0.0062,3.2956,0,9,106,668,59,65
1368,792,2160,0.633333,0.812,1.261631e+05,1.045679e-02,0.0066,3.3005,1,2,1,668,58,65
1369,791,2160,0.633796,0.811,1.240875e+05,2.413936e-02,0.0066,3.308,0,1,144,667,58,65
1370,790,2160,0.634259,0.814,1.233658e+05,2.343490e-02,0.0062,3.3202,0,2,170,666,58,65
1371,789,2160,0.634722,0.814,1.238562e+05,6.078954e-02,0.0061,3.3101,0,4,81,665,58,65
1372,788,2160,0.635185,0.817,1.285183e+05,2.148180e-02,0.006,3.3022,0,1,130,664,58,65
1373,787,2160,0.635648,0.819,1.258914e+05,8.768818e-03,0.0062,3.3012,0,0,121,663,58,65
1374,786,2160,0.636111,0.819,1.244774e+05,1.559501e-02,0.0066,3.2945,0,7,94,662,58,65
1375,785,2160,0.636574,0.817,1.240581e+05,5.385519e-03,0.0066,3.3005,0,8,64,661,58,65
1376,784,2160,0.637037,0.819,1.235267e+05,2.837853e-02,0.0061,3.3011,0,2,138,660,58,65
1377,783,2160,0.6375,0.817,1.247635e+05,1.275531e-02,0.0062,3.303,0,8,114,659,58,65
1378,782,2160,0.637963,0.813,1.243416e+05,2.965761e-02,0.0065,3.3053,0,1,92,658,58,65
1379,781,2160,0.638426,0.818,1.246585e+05,1.179845e-01,0.0067,3.2889,2,2,9,658,58,64
1380,780,2160,0.638889,0.816,1.269312e+05,8.526156e-03,0.0063,3.3024,0,0,141,657,58,64
1381,779,2160,0.639352,0.817,1.262146e+05,5.385838e-03,0.0062,3.2962,0,1,67,656,58,64
1382,778,2160,0.639815,0.816,1.256949e+05,2.009920e-02,0.0062,3.3068,0,5,60,655,58,64
1383,777,2160,0.640278,0.817,1.268812e+05,5.040011e-02,0.0066,3.2954,0,2,1,654,58,64
1384,776,2160,0.640741,0.82,1.291680e+05,1.899669e-02,0.0065,3.3002,0,9,49,653,58,64
1385,775,2160,0.641204,0.821,1.272781e+05,1.017762e-02,0.0061,3.2984,0,7,121,652,58,64
1386,774,2160,0.641667,0.814,1.264733e+05,5.366232e-02,0.0065,3.295,0,7,65,651,58,64
1387,773,2160,0.64213,0.804,1.292463e+05,6.758706e-02,0.0061,3.3015,0,2,172,650,58,64
1388,772,2160,0.642593,0.803,1.330852e+05,4.124418e-02,0.0064,3.293,0,2,45,649,58,64
1389,771,2160,0.643056,0.807,1.352001e+05,2.054193e-02,0.0062,3.2924,0,1,27,648,58,64
1390,770,2160,0.643519,0.805,1.342116e+05,5.430989e-02,0.0063,3.3005,0,9,150,647,58,64
1391,769,2160,0.643981,0.803,1.392009e+05,2.672267e-02,0.0064,3.3001,0,4,171,646,58,64
1392,768,2160,0.644444,0.803,1.397060e+05,3.609372e-02,0.0067,3.2904,0,1,35,645,58,64
1393,767,2160,0.644907,0.802,1.401398e+05,2.052660e-02,0.0066,3.2939,0,7,8,644,58,64
1394,766,2160,0.64537,0.803,1.400767e+05,5.745178e-03,0.0067,3.3016,0,8,73,643,58,64
1395,765,2160,0.645833,0.8,1.394907e+05,6.954801e-03,0.0067,3.2974,0,4,176,642,58,64
1396,764,2160,0.646296,0.798,1.391256e+05,2.458699e-02,0.0063,3.2922,0,2,130,641,58,64
1397,763,2160,0.646759,0.799,1.401107e+05,6.995846e-03,0.0063,3.3125,0,8,35,640,58,64
1398,762,2160,0.647222,0.8,1.395729e+05,5.623610e-03,0.0069,3.3068,0,0,27,639,58,64
1399,761,2160,0.647685,0.801,1.391394e+05,5.923280e-03,0.0061,3.303,0,4,141,638,58,64
1400,760,2160,0.648148,0.802,1.388258e+05,3.619584e-02,0.0061,3.2998,0,2,38,637,58,64
1401,759,2160,0.648611,0.799,1.399048e+05,3.189337e-02,0.0065,3.3132,0,2,66,636,58,64
1402,758,2160,0.649074,0.796,1.418278e+05,5.718870e-03,0.0066,3.3004,0,8,81,635,58,64
1403,757,2160,0.649537,0.796,1.412235e+05,5.507013e-03,0.0066,3.2942,0,0,181,634,58,64
1404,756,2160,0.65,0.796,1.409216e+05,6.103856e-02,0.0065,3.3066,0,2,144,633,58,64
1405,755,2160,0.650463,0.794,1.450347e+05,2.110066e-02,0.0065,3.3007,0,1,78,632,58,64
1406,754,2160,0.650926,0.793,1.427931e+05,7.198853e-03,0.0064,3.3123,1,3,3,632,57,64
1407,753,2160,0.651389,0.796,1.418310e+05,3.249636e-02,0.0064,3.2979,0,1,161,631,57,64
1408,752,2160,0.651852,0.794,1.425452e+05,5.911232e-03,0.0063,3.2947,0,0,105,630,57,64
1409,751,2160,0.652315,0.793,1.419159e+05,3.875348e-02,0.006,3.2842,0,7,33,629,57,64
1410,750,2160,0.652778,0.798,1.437272e+05,2.269177e-02,0.0062,3.3042,0,2,112,628,57,64
1411,749,2160,0.653241,0.8,1.436012e+05,3.887982e-02,0.0064,3.3075,0,1,135,627,57,64
1412,748,2160,0.653704,0.796,1.453524e+05,1.591827e-02,0.0061,3.2997,2,8,1,627,57,63
1413,747,2160,0.654167,0.791,1.450889e+05,4.246625e-03,0.0065,3.3132,0,4,160,626,57,63
1414,746,2160,0.65463,0.791,1.447602e+05,3.033765e-02,0.0066,3.3155,0,5,49,625,57,63
1415,745,2160,0.655093,0.795,1.464702e+05,7.762448e-02,0.0068,3.2842,0,5,48,624,57,63
1416,744,2160,0.655556,0.789,1.583286e+05,2.060548e-02,0.0062,3.303,0,3,81,623,57,63
1417,743,2160,0.656019,0.788,1.507822e+05,1.331134e-02,0.0067,3.2849,0,8,34,622,57,63
1418,742,2160,0.656481,0.786,1.475742e+05,2.143086e-02,0.0066,3.2967,0,1,86,621,57,63
1419,741,2160,0.656944,0.782,1.463074e+05,8.629122e-03,0.0062,3.2911,0,9,142,620,57,63
1420,740,2160,0.657407,0.785,1.454163e+05,5.409653e-03,0.0061,3.2914,0,5,71,619,57,63
1421,739,2160,0.65787,0.783,1.448814e+05,2.347110e-02,0.0066,3.2958,0,4,162,618,57,63
1422,738,2160,0.658333,0.777,1.458413e+05,5.591551e-03,0.0065,3.3025,0,2,78,617,57,63
1423,737,2160,0.658796,0.779,1.453883e+05,2.869539e-02,0.0068,3.302,0,3,12,616,57,63
1424,736,2160,0.659259,0.777,1.463043e+05,1.695119e-02,0.0065,3.2923,0,8,110,615,57,63
1425,735,2160,0.659722,0.778,1.467048e+05,6.540628e-03,0.0063,3.2947,0,8,93,614,57,63
1426,734,2160,0.660185,0.778,1.463849e+05,4.481335e-03,0.0067,3.3012,0,8,79,613,57,63
1427,733,2160,0.660648,0.779,1.461233e+05,2.783657e-01,0.0061,3.3089,1,4,2,613,56,63
1428,732,2160,0.661111,0.727,1.972278e+05,5.482290e-02,0.0062,3.3001,0,8,101,612,56,63
1429,731,2160,0.661574,0.737,1.926242e+05,5.193044e-02,0.0063,3.2998,0,9,14,611,56,63
1430,730,2160,0.662037,0.745,1.884726e+05,1.817008e-02,0.0063,3.3036,0,4,65,610,56,63
1431,729,2160,0.6625,0.75,1.826388e+05,7.815268e-02,0.0065,3.3085,0,3,52,609,56,63
1432,728,2160,0.662963,0.748,1.872427e+05,3.788596e-02,0.0063,3.299,0,1,28,608,56,63
1433,727,2160,0.663426,0.753,1.833067e+05,4.197449e-02,0.0066,3.2913,0,3,76,607,56,63
1434,726,2160,0.663889,0.758,1.812743e+05,3.297574e-02,0.0062,3.2934,0,9,13,606,56,63
1435,725,2160,0.664352,0.764,1.788168e+05,2.136060e-02,0.0065,3.2988,0,1,114,605,56,63
1436,724,2160,0.664815,0.763,1.755808e+05,1.275818e-02,0.0066,3.3008,0,5,182,604,56,63
1437,723,2160,0.665278,0.765,1.726689e+05,1.165721e-02,0.0068,3.3071,0,3,49,603,56,63
1438,722,2160,0.665741,0.766,1.702465e+05,1.088352e-02,0.0065,3.3031,1,3,8,603,55,63
1439,721,2160,0.666204,0.771,1.681668e+05,2.937203e-02,0.0067,3.2885,0,9,176,602,55,63
1440,720,2160,0.666667,0.772,1.676872e+05,1.007069e-02,0.0062,3.3038,0,8,28,601,55,63
1441,719,2160,0.66713,0.774,1.659096e+05,1.314441e-02,0.0069,3.2982,0,9,195,600,55,63
1442,718,2160,0.667593,0.775,1.645534e+05,8.533345e-03,0.0064,3.2895,0,5,110,599,55,63
1443,717,2160,0.668056,0.782,1.632670e+05,9.151480e-02,0.0068,3.3001,0,7,73,598,55,63
1444,716,2160,0.668519,0.782,1.774542e+05,3.668747e-02,0.0065,3.2882,0,9,122,597,55,63
1445,715,2160,0.668981,0.779,1.758276e+05,1.192790e-02,0.0066,3.2979,0,5,100,596,55,63
1446,714,2160,0.669444,0.779,1.733062e+05,1.315226e-02,0.0067,3.308,0,4,59,595,55,63
1447,713,2160,0.669907,0.78,1.717711e+05,8.703954e-03,0.0062,3.2973,0,4,101,594,55,63
1448,712,2160,0.67037,0.781,1.704189e+05,9.447700e-03,0.0068,3.2951,0,8,132,593,55,63
1449,711,2160,0.670833,0.781,1.693326e+05,7.249333e-03,0.0067,3.2828,0,5,181,592,55,63
1450,710,2160,0.671296,0.784,1.683957e+05,2.280812e-02,0.0062,3.2934,0,2,100,591,55,63
1451,709,2160,0.671759,0.781,1.682681e+05,6.792804e-03,0.0062,3.288,0,0,59,590,55,63
1452,708,2160,0.672222,0.784,1.674473e+05,1.185060e-02,0.0065,3.2952,0,5,62,589,55,63
1453,707,2160,0.672685,0.781,1.670388e+05,6.427877e-03,0.0066,3.29,0,0,31,588,55,63
1454,706,2160,0.673148,0.783,1.663061e+05,3.670022e-02,0.0064,3.2935,0,1,128,587,55,63
1455,705,2160,0.673611,0.783,1.667139e+05,4.047265e-02,0.0061,3.2976,0,1,1,586,55,63
1456,704,2160,0.674074,0.781,1.675892e+05,7.018376e-03,0.0064,3.2958,0,7,176,585,55,63
1457,703,2160,0.674537,0.783,1.666977e+05,5.729183e-03,0.0063,3.3116,0,8,112,584,55,63
1458,702,2160,0.675,0.782,1.661058e+05,1.861341e-02,0.0068,3.2937,0,1,53,583,55,63
1459,701,2160,0.675463,0.781,1.658980e+05,4.020580e-02,0.0062,3.2953,0,5,87,582,55,63
1460,700,2160,0.675926,0.772,1.697028e+05,1.186132e-02,0.0064,3.3054,1,5,1,582,54,63
1461,699,2160,0.676389,0.775,1.673646e+05,1.253039e-02,0.0061,3.2909,0,8,195,581,54,63
1462,698,2160,0.676852,0.775,1.662807e+05,7.143332e-03,0.0061,3.2943,0,0,69,580,54,63
1463,697,2160,0.677315,0.775,1.653785e+05,6.333070e-02,0.0064,3.2964,0,7,36,579,54,63
1464,696,2160,0.677778,0.773,1.714636e+05,1.363560e-02,0.006,3.2982,0,4,166,578,54,63
1465,695,2160,0.678241,0.771,1.698424e+05,1.039599e-02,0.0063,3.3021,0,0,23,577,54,63
1466,694,2160,0.678704,0.773,1.689647e+05,1.327766e-02,0.0064,3.2969,0,8,99,576,54,63
1467,693,2160,0.679167,0.774,1.687060e+05,1.365420e-02,0.0066,3.3107,0,1,190,575,54,63
1468,692,2160,0.67963,0.775,1.683833e+05,4.790185e-03,0.0068,3.2871,0,0,81,574,54,63
1469,691,2160,0.680093,0.775,1.679775e+05,4.344040e-03,0.0061,3.2975,0,0,40,573,54,63
1470,690,2160,0.680556,0.774,1.676448e+05,7.104678e-03,0.0061,3.2987,0,8,60,572,54,63
1471,689,2160,0.681019,0.773,1.673761e+05,2.309133e-02,0.0063,3.2946,0,2,43,571,54,63
1472,688,2160,0.681481,0.771,1.680763e+05,8.064260e-03,0.0064,3.3018,0,0,5,570,54,63
1473,687,2160,0.681944,0.77,1.679498e+05,1.152046e-02,0.0069,3.3046,0,8,154,569,54,63
1474,686,2160,0.682407,0.77,1.683191e+05,1.178020e-02,0.0062,3.2894,0,4,120,568,54,63
1475,685,2160,0.68287,0.768,1.683577e+05,2.712780e-01,0.0064,3.3104,2,2,6,568,54,62
1476,684,2160,0.683333,0.676,2.322039e+05,2.321870e-02,0.0062,3.301,0,4,157,567,54,62
1477,683,2160,0.683796,0.676,2.278336e+05,1.399714e-02,0.0067,3.2953,0,0,131,566,54,62
1478,682,2160,0.684259,0.671,2.243279e+05,5.589995e-02,0.0068,3.3041,0,1,60,565,54,62
1479,681,2160,0.684722,0.681,2.256257e+05,2.512508e-02,0.0062,3.29,0,4,151,564,54,62
1480,680,2160,0.685185,0.684,2.237111e+05,1.652864e-01,0.0063,3.304,2,9,7,564,54,61
1481,679,2160,0.685648,0.685,2.325381e+05,1.586111e-02,0.0065,3.2897,0,1,49,563,54,61
1482,678,2160,0.686111,0.688,2.283926e+05,4.891535e-02,0.0062,3.2855,0,2,95,562,54,61
1483,677,2160,0.686574,0.686,2.263597e+05,3.850587e-02,0.0064,3.2892,0,2,121,561,54,61
1484,676,2160,0.687037,0.695,2.237428e+05,1.082009e-01,0.0064,3.3081,0,9,116,560,54,61
1485,675,2160,0.6875,0.681,2.355514e+05,1.911002e-02,0.0062,3.2899,0,2,87,559,54,61
1486,674,2160,0.687963,0.687,2.290852e+05,2.150919e-02,0.0067,3.2894,0,7,52,558,54,61
1487,673,2160,0.688426,0.69,2.253320e+05,1.324019e-02,0.0066,3.303,0,8,107,557,54,61
1488,672,2160,0.688889,0.692,2.221536e+05,2.133735e-02,0.0065,3.2952,0,0,39,556,54,61
1489,671,2160,0.689352,0.69,2.199000e+05,6.357775e-02,0.0065,3.2984,0,0,37,555,54,61
1490,670,2160,0.689815,0.689,2.218577e+05,4.206026e-02,0.0063,3.3048,0,3,119,554,54,61
1491,669,2160,0.690278,0.703,2.202553e+05,1.207930e-02,0.0065,3.3154,0,8,52,553,54,61
1492,668,2160,0.690741,0.704,2.176536e+05,2.981522e-02,0.0063,3.3026,0,3,111,552,54,61
1493,667,2160,0.691204,0.701,2.170517e+05,1.176623e-01,0.0063,3.289,0,9,129,551,54,61
1494,666,2160,0.691667,0.701,2.328866e+05,3.304141e-02,0.0065,3.3097,0,0,63,550,54,61
1495,665,2160,0.69213,0.708,2.279123e+05,1.489023e-02,0.0061,3.2943,0,8,37,549,54,61
1496,664,2160,0.692593,0.708,2.239317e+05,1.529731e-02,0.0065,3.2939,0,4,164,548,54,61
1497,663,2160,0.693056,0.713,2.212307e+05,1.732307e-01,0.0067,3.3037,2,0,4,548,54,60
1498,662,2160,0.693519,0.679,2.335198e+05,1.443951e-02,0.0064,3.2914,2,9,1,548,54,59
1499,661,2160,0.693981,0.685,2.298164e+05,8.753782e-02,0.0062,3.2842,0,9,115,547,54,59
1500,660,2160,0.694444,0.687,2.359062e+05,1.659941e-02,0.006,3.2877,0,0,118,546,54,59
1501,659,2160,0.694907,0.689,2.308910e+05,4.027886e-02,0.0066,3.3038,1,5,4,546,53,59
1502,658,2160,0.69537,0.695,2.275437e+05,1.349975e-02,0.0064,3.2907,0,8,137,545,53,59
1503,657,2160,0.695833,0.697,2.242318e+05,8.539485e-02,0.0068,3.2926,0,0,77,544,53,59
1504,656,2160,0.696296,0.686,2.301848e+05,6.697263e-02,0.0068,3.3156,0,4,34,543,53,59
1505,655,2160,0.696759,0.674,2.317403e+05,1.363375e-02,0.0066,3.2962,0,8,155,542,53,59
1506,654,2160,0.697222,0.683,2.285114e+05,3.274485e-02,0.0068,3.2976,0,9,63,541,53,59
1507,653,2160,0.697685,0.687,2.278369e+05,3.714202e-02,0.0064,3.2922,0,4,124,540,53,59
1508,652,2160,0.698148,0.688,2.265439e+05,1.115502e-02,0.0062,3.3031,0,5,34,539,53,59
1509,651,2160,0.698611,0.689,2.243249e+05,8.423488e-02,0.0062,3.2974,0,7,128,538,53,59
1510,650,2160,0.699074,0.693,2.294227e+05,1.856666e-02,0.0067,3.3107,0,9,48,537,53,59
1511,649,2160,0.699537,0.692,2.254934e+05,2.078913e-01,0.0064,3.2983,0,4,138,536,53,59
1512,648,2160,0.7,0.686,2.721757e+05,4.768403e-02,0.0065,3.303,0,2,85,535,53,59
1513,647,2160,0.700463,0.693,2.526418e+05,5.313054e-02,0.0062,3.2961,0,7,64,534,53,59
1514,646,2160,0.700926,0.692,2.483061e+05,4.143810e-02,0.0063,3.3058,0,2,40,533,53,59
1515,645,2160,0.701389,0.698,2.450127e+05,1.527373e-02,0.0061,3.2964,0,8,194,532,53,59
1516,644,2160,0.701852,0.698,2.417969e+05,1.469839e-02,0.0062,3.3055,0,4,167,531,53,59
1517,643,2160,0.702315,0.698,2.394838e+05,6.469074e-02,0.0067,3.3076,0,9,117,530,53,59
1518,642,2160,0.702778,0.675,2.422580e+05,1.981986e-02,0.0061,3.312,0,0,132,529,53,59
1519,641,2160,0.703241,0.675,2.395973e+05,1.146954e-02,0.0063,3.2988,0,4,23,528,53,59
1520,640,2160,0.703704,0.674,2.373706e+05,1.484669e-02,0.0067,3.2921,0,7,122,527,53,59
1521,639,2160,0.704167,0.674,2.359143e+05,1.420189e-02,0.006,3.2929,1,8,9,527,52,59
1522,638,2160,0.70463,0.675,2.344654e+05,8.477767e-03,0.0063,3.282,0,7,91,526,52,59
1523,637,2160,0.705093,0.678,2.332367e+05,5.194525e-02,0.0072,3.2915,0,3,148,525,52,59
1524,636,2160,0.705556,0.678,2.356909e+05,8.228537e-02,0.0069,3.3074,0,4,78,524,52,59
1525,635,2160,0.706019,0.689,2.418605e+05,1.795412e-02,0.0065,3.3066,0,4,21,523,52,59
1526,634,2160,0.706481,0.688,2.382421e+05,1.162176e-02,0.0064,3.2972,0,5,122,522,52,59
1527,633,2160,0.706944,0.691,2.358784e+05,4.664444e-02,0.0063,3.2985,0,9,81,521,52,59
1528,632,2160,0.707407,0.69,2.388464e+05,8.759757e-03,0.0068,3.3059,0,8,129,520,52,59
1529,631,2160,0.70787,0.695,2.375249e+05,2.777475e-02,0.0066,3.3033,0,9,79,519,52,59
1530,630,2160,0.708333,0.691,2.376483e+05,4.646675e-02,0.0067,3.2924,0,3,21,518,52,59
1531,629,2160,0.708796,0.687,2.397628e+05,8.083304e-03,0.0067,3.2986,0,4,19,517,52,59
1532,628,2160,0.709259,0.686,2.386099e+05,1.950118e-01,0.0065,3.3037,2,3,7,517,52,58
1533,627,2160,0.709722,0.671,2.652943e+05,3.253593e-02,0.0064,3.3094,0,8,140,516,52,58
1534,626,2160,0.710185,0.669,2.527159e+05,1.937804e-02,0.0063,3.298,0,0,114,515,52,58
1535,625,2160,0.710648,0.672,2.460073e+05,1.544016e-02,0.0066,3.3166,0,4,82,514,52,58
1536,624,2160,0.711111,0.674,2.421118e+05,1.190409e-02,0.0063,3.3061,0,1,76,513,52,58
1537,623,2160,0.711574,0.678,2.396106e+05,9.948957e-03,0.007,3.3039,0,5,11,512,52,58
1538,622,2160,0.712037,0.672,2.378467e+05,3.330358e-02,0.0061,3.2913,0,4,83,511,52,58
1539,621,2160,0.7125,0.67,2.375560e+05,1.988281e-02,0.0062,3.2959,0,1,16,510,52,58
1540,620,2160,0.712963,0.675,2.368840e+05,6.315514e-02,0.0063,3.3029,0,4,46,509,52,58
1541,619,2160,0.713426,0.673,2.391797e+05,1.021338e-02,0.0061,3.2971,0,5,16,508,52,58
1542,618,2160,0.713889,0.674,2.373360e+05,1.535141e-02,0.0063,3.2912,0,9,58,507,52,58
1543,617,2160,0.714352,0.673,2.365429e+05,8.654877e-03,0.0065,3.3019,0,8,69,506,52,58
1544,616,2160,0.714815,0.674,2.358875e+05,1.827801e-01,0.0062,3.2977,1,4,1,506,51,58
1545,615,2160,0.715278,0.622,2.627571e+05,1.702353e-02,0.0064,3.2987,1,7,3,506,50,58
1546,614,2160,0.715741,0.633,2.575400e+05,2.096893e-02,0.0061,3.2867,0,4,145,505,50,58
1547,613,2160,0.716204,0.631,2.550733e+05,1.642122e-02,0.0065,3.29,0,8,46,504,50,58
1548,612,2160,0.716667,0.634,2.537312e+05,4.905966e-02,0.0065,3.2952,0,8,193,503,50,58
1549,611,2160,0.71713,0.637,2.600564e+05,3.364498e-02,0.0067,3.3079,0,4,8,502,50,58
1550,610,2160,0.717593,0.639,2.586039e+05,4.910692e-02,0.0061,3.2973,0,7,174,501,50,58
1551,609,2160,0.718056,0.644,2.581748e+05,6.348986e-02,0.0065,3.2876,0,3,138,500,50,58
1552,608,2160,0.718519,0.647,2.640635e+05,2.791596e-02,0.0061,3.2906,0,7,71,499,50,58
1553,607,2160,0.718981,0.649,2.628979e+05,2.190498e-02,0.0069,3.3141,2,4,4,499,50,57
1554,606,2160,0.719444,0.649,2.614227e+05,3.159010e-02,0.0064,3.2974,0,9,64,498,50,57
1555,605,2160,0.719907,0.647,2.616985e+05,9.215255e-03,0.0063,3.2949,0,0,113,497,50,57
1556,604,2160,0.72037,0.651,2.605258e+05,2.552910e-02,0.0068,3.2921,0,3,146,496,50,57
1557,603,2160,0.720833,0.656,2.603231e+05,1.039898e-02,0.0064,3.2997,0,4,126,495,50,57
1558,602,2160,0.721296,0.655,2.594305e+05,2.930996e-02,0.0064,3.3152,0,8,147,494,50,57
1559,601,2160,0.721759,0.649,2.600006e+05,8.807985e-03,0.0065,3.3026,0,3,38,493,50,57
1560,600,2160,0.722222,0.653,2.587854e+05,8.594020e-03,0.0062,3.2864,0,8,24,492,50,57
1561,599,2160,0.722685,0.654,2.579813e+05,6.515796e-02,0.0068,3.3127,0,8,85,491,50,57
1562,598,2160,0.723148,0.651,2.740386e+05,5.851369e-02,0.0064,3.2994,0,1,145,490,50,57
1563,597,2160,0.723611,0.638,2.783755e+05,5.988294e-02,0.0065,3.2986,0,9,20,489,50,57
1564,596,2160,0.724074,0.651,2.804247e+05,1.274531e-02,0.0065,3.2932,0,8,121,488,50,57
1565,595,2160,0.724537,0.652,2.775319e+05,1.183903e-01,0.0065,3.3002,1,9,8,488,49,57
1566,594,2160,0.725,0.647,2.797434e+05,7.896735e-02,0.0066,3.2966,0,3,80,487,49,57
1567,593,2160,0.725463,0.641,2.857475e+05,4.031837e-02,0.0062,3.2975,0,4,188,486,49,57
1568,592,2160,0.725926,0.643,2.851640e+05,1.281062e-01,0.0065,3.3026,0,4,156,485,49,57
1569,591,2160,0.726389,0.653,3.108944e+05,1.298801e-02,0.0066,3.3034,0,8,126,484,49,57
1570,590,2160,0.726852,0.654,3.079017e+05,8.966991e-03,0.006,3.2977,0,8,113,483,49,57
1571,589,2160,0.727315,0.658,3.065368e+05,7.298134e-03,0.0068,3.2988,2,0,7,483,49,56
1572,588,2160,0.727778,0.66,3.056058e+05,6.775739e-03,0.0062,3.2863,0,8,30,482,49,56
1573,587,2160,0.728241,0.66,3.048427e+05,6.157469e-03,0.0068,3.2975,0,7,178,481,49,56
1574,586,2160,0.728704,0.662,3.041829e+05,3.451571e-02,0.0067,3.2871,0,8,71,480,49,56
1575,585,2160,0.729167,0.665,3.065634e+05,2.212943e-02,0.0061,3.2977,0,8,124,479,49,56
1576,584,2160,0.72963,0.668,3.061518e+05,1.101985e-02,0.0062,3.3015,0,1,40,478,49,56
1577,583,2160,0.730093,0.668,3.055019e+05,3.071415e-02,0.0067,3.2973,0,8,187,477,49,56
1578,582,2160,0.730556,0.669,3.068108e+05,4.287407e-02,0.0068,3.2851,0,1,158,476,49,56
1579,581,2160,0.731019,0.661,3.091570e+05,1.699062e-02,0.0063,3.3032,0,2,63,475,49,56
1580,580,2160,0.731481,0.664,3.075708e+05,8.168840e-03,0.0064,3.296,0,9,147,474,49,56
1581,579,2160,0.731944,0.666,3.063935e+05,2.583437e-01,0.0067,3.2947,0,2,91,473,49,56
1582,578,2160,0.732407,0.562,3.660241e+05,9.646378e-02,0.0061,3.2892,0,7,50,472,49,56
1583,577,2160,0.73287,0.57,3.626721e+05,2.212502e-02,0.0065,3.3044,0,5,6,471,49,56
1584,576,2160,0.733333,0.579,3.540564e+05,1.954536e-01,0.0063,3.3075,2,3,4,471,49,55
1585,575,2160,0.733796,0.576,3.634913e+05,1.830489e-02,0.0065,3.2908,0,2,193,470,49,55
1586,574,2160,0.734259,0.584,3.575878e+05,1.595188e-02,0.0065,3.2974,0,8,123,469,49,55
1587,573,2160,0.734722,0.587,3.536092e+05,1.305157e-02,0.0061,3.2941,0,5,171,468,49,55
1588,572,2160,0.735185,0.59,3.506399e+05,1.160661e-02,0.0065,3.298,1,9,3,468,48,55
1589,571,2160,0.735648,0.591,3.483253e+05,1.026065e-02,0.0061,3.2991,0,0,158,467,48,55
1590,570,2160,0.736111,0.592,3.465241e+05,1.240902e-02,0.0061,3.2937,0,4,17,466,48,55
1591,569,2160,0.736574,0.598,3.451206e+05,3.503999e-02,0.0062,3.2962,0,3,48,465,48,55
1592,568,2160,0.737037,0.598,3.465032e+05,3.205706e-02,0.0064,3.3005,0,9,131,464,48,55
1593,567,2160,0.7375,0.599,3.472083e+05,8.510457e-03,0.0067,3.304,2,9,8,464,48,54
1594,566,2160,0.737963,0.602,3.459645e+05,7.765093e-03,0.0062,3.2977,0,0,124,463,48,54
1595,565,2160,0.738426,0.605,3.449336e+05,1.754049e-02,0.0065,3.2941,0,8,84,462,48,54
1596,564,2160,0.738889,0.61,3.448092e+05,1.407219e-02,0.0062,3.2997,0,4,11,461,48,54
1597,563,2160,0.739352,0.61,3.440680e+05,1.930268e-02,0.0063,3.304,0,3,31,460,48,54
1598,562,2160,0.739815,0.61,3.437727e+05,9.197792e-02,0.0065,3.2912,0,2,171,459,48,54
1599,561,2160,0.740278,0.607,3.540860e+05,4.786198e-02,0.0066,3.2994,2,2,5,459,48,53
1600,560,2160,0.740741,0.608,3.552068e+05,2.672914e-02,0.0063,3.303,0,8,189,458,48,53
1601,559,2160,0.741204,0.611,3.558935e+05,1.404425e-02,0.0065,3.2966,0,8,55,457,48,53
1602,558,2160,0.741667,0.615,3.553046e+05,1.010751e-02,0.0065,3.29,0,0,184,456,48,53
1603,557,2160,0.74213,0.614,3.547363e+05,4.278757e-02,0.0064,3.3076,0,7,46,455,48,53
1604,556,2160,0.742593,0.613,3.570595e+05,6.228719e-03,0.0063,3.3021,2,4,6,455,48,52
1605,555,2160,0.743056,0.612,3.563916e+05,3.004459e-02,0.0063,3.2988,0,3,89,454,48,52
1606,554,2160,0.743519,0.606,3.570212e+05,8.998682e-03,0.0067,3.2862,0,4,148,453,48,52
1607,553,2160,0.743981,0.606,3.564694e+05,1.372499e-02,0.0066,3.3097,0,0,178,452,48,52
1608,552,2160,0.744444,0.603,3.563119e+05,6.019723e-03,0.0065,3.2941,0,8,22,451,48,52
1609,551,2160,0.744907,0.604,3.557838e+05,4.849201e-02,0.0068,3.2951,0,4,144,450,48,52
1610,550,2160,0.74537,0.595,3.573121e+05,1.216231e-02,0.0063,3.3146,0,0,161,449,48,52
1611,549,2160,0.745833,0.597,3.569820e+05,7.105872e-03,0.0065,3.2937,0,8,16,448,48,52
1612,548,2160,0.746296,0.597,3.565192e+05,4.999026e-03,0.0068,3.2877,0,9,50,447,48,52
1613,547,2160,0.746759,0.596,3.561012e+05,4.927636e-03,0.0063,3.2852,0,8,139,446,48,52
1614,546,2160,0.747222,0.595,3.557409e+05,9.122369e-03,0.0063,3.2844,0,4,35,445,48,52
1615,545,2160,0.747685,0.592,3.555073e+05,8.938322e-03,0.0066,3.3147,0,8,98,444,48,52
1616,544,2160,0.748148,0.592,3.553621e+05,5.137385e-02,0.0066,3.3082,0,4,165,443,48,52
1617,543,2160,0.748611,0.598,3.575624e+05,7.462892e-03,0.0067,3.3145,0,4,16,442,48,52
1618,542,2160,0.749074,0.6,3.566197e+05,7.528166e-02,0.0063,3.3164,0,8,159,441,48,52
1619,541,2160,0.749537,0.606,3.675378e+05,1.292776e-01,0.0067,3.3108,0,4,105,440,48,52
1620,540,2160,0.75,0.601,3.788677e+05,2.703969e-02,0.0066,3.3211,0,8,191,439,48,52
1621,539,2160,0.750463,0.606,3.721928e+05,1.601189e-02,0.0064,3.3151,0,5,31,438,48,52
1622,538,2160,0.750926,0.605,3.690623e+05,7.294089e-02,0.0064,3.3057,0,1,149,437,48,52
1623,537,2160,0.751389,0.611,3.729312e+05,3.951085e-02,0.0061,3.3001,0,1,91,436,48,52
1624,536,2160,0.751852,0.602,3.725941e+05,2.636609e-02,0.006,3.3148,0,1,162,435,48,52
1625,535,2160,0.752315,0.601,3.727381e+05,1.608327e-02,0.0063,3.2977,0,5,191,434,48,52
1626,534,2160,0.752778,0.6,3.728402e+05,1.241641e-02,0.0067,3.2928,0,7,54,433,48,52
1627,533,2160,0.753241,0.599,3.721963e+05,1.043689e-02,0.0061,3.2971,0,4,4,432,48,52
1628,532,2160,0.753704,0.601,3.717084e+05,2.898352e-02,0.0064,3.2973,0,8,142,431,48,52
1629,531,2160,0.754167,0.603,3.724643e+05,1.018471e-02,0.0062,3.2935,0,8,63,430,48,52
1630,530,2160,0.75463,0.604,3.717810e+05,1.281525e-02,0.0061,3.3027,0,4,98,429,48,52
1631,529,2160,0.755093,0.608,3.713801e+05,1.548312e-01,0.0063,3.3058,0,2,49,428,48,52
1632,528,2160,0.755556,0.572,3.947942e+05,2.837545e-01,0.0066,3.3126,2,3,3,428,48,51
1633,527,2160,0.756019,0.518,4.715867e+05,4.158068e-02,0.0063,3.295,0,5,65,427,48,51
1634,526,2160,0.756481,0.523,4.429963e+05,3.012415e-02,0.0064,3.2959,0,4,24,426,48,51
1635,525,2160,0.756944,0.53,4.282461e+05,4.323071e-02,0.0067,3.3051,0,4,186,425,48,51
1636,524,2160,0.757407,0.542,4.194007e+05,8.774547e-02,0.0062,3.2991,0,4,152,424,48,51
1637,523,2160,0.75787,0.549,4.185055e+05,2.859210e-02,0.0068,3.2825,0,7,77,423,48,51
1638,522,2160,0.758333,0.556,4.121283e+05,3.972691e-02,0.0063,3.2946,0,4,100,422,48,51
1639,521,2160,0.758796,0.555,4.084384e+05,3.018430e-02,0.0066,3.2996,0,0,76,421,48,51
1640,520,2160,0.759259,0.563,4.059884e+05,1.642196e-02,0.0066,3.2926,0,3,183,420,48,51
1641,519,2160,0.759722,0.573,4.030881e+05,3.483902e-02,0.0067,3.289,0,4,30,419,48,51
1642,518,2160,0.760185,0.576,4.020876e+05,4.245590e-02,0.0063,3.3032,2,1,1,419,48,50
1643,517,2160,0.760648,0.569,4.011568e+05,1.312485e-01,0.0064,3.3061,0,8,50,418,48,50
1644,516,2160,0.761111,0.584,4.259420e+05,4.131737e-02,0.0066,3.3067,0,8,174,417,48,50
1645,515,2160,0.761574,0.583,4.167868e+05,1.030116e-01,0.0066,3.3108,0,7,67,416,48,50
1646,514,2160,0.762037,0.589,4.221458e+05,4.628929e-02,0.0064,3.303,0,4,53,415,48,50
1647,513,2160,0.7625,0.585,4.167227e+05,1.573267e-02,0.0061,3.2931,0,0,83,414,48,50
1648,512,2160,0.762963,0.581,4.124862e+05,1.314435e-02,0.0062,3.3101,0,0,183,413,48,50
1649,511,2160,0.763426,0.582,4.095447e+05,1.051062e-01,0.0067,3.2973,0,1,119,412,48,50
1650,510,2160,0.763889,0.571,4.213191e+05,1.851725e-02,0.0064,3.2991,1,9,9,412,47,50
1651,509,2160,0.764352,0.578,4.153568e+05,1.276059e-02,0.0067,3.3071,0,8,133,411,47,50
1652,508,2160,0.764815,0.575,4.125928e+05,6.814951e-02,0.0063,3.3082,0,1,39,410,47,50
1653,507,2160,0.765278,0.566,4.240654e+05,9.487069e-03,0.0065,3.3006,0,0,30,409,47,50
1654,506,2160,0.765741,0.567,4.227469e+05,4.236219e-02,0.0063,3.3094,0,4,153,408,47,50
1655,505,2160,0.766204,0.575,4.238976e+05,7.975192e-03,0.0064,3.3085,0,5,1,407,47,50
1656,504,2160,0.766667,0.575,4.228314e+05,9.136278e-03,0.0061,3.3013,0,8,89,406,47,50
1657,503,2160,0.76713,0.579,4.221292e+05,3.280501e-02,0.0063,3.3056,0,4,134,405,47,50
1658,502,2160,0.767593,0.568,4.224441e+05,6.895478e-03,0.0067,3.3034,0,5,153,404,47,50
1659,501,2160,0.768056,0.568,4.216834e+05,1.249360e-01,0.0068,3.2892,2,4,2,404,47,49
1660,500,2160,0.768519,0.561,4.267349e+05,1.267999e-02,0.0063,3.2981,1,2,3,404,46,49
1661,499,2160,0.768981,0.567,4.251078e+05,3.260292e-02,0.0063,3.2881,0,4,29,403,46,49
1662,498,2160,0.769444,0.573,4.253411e+05,4.561058e-02,0.0063,3.3003,0,1,103,402,46,49
1663,497,2160,0.769907,0.563,4.277191e+05,1.037143e-02,0.0066,3.2973,0,8,67,401,46,49
1664,496,2160,0.77037,0.565,4.259374e+05,3.843316e-02,0.0067,3.2994,0,3,47,400,46,49
1665,495,2160,0.770833,0.562,4.283962e+05,1.425408e-02,0.0062,3.304,0,4,191,399,46,49
1666,494,2160,0.771296,0.566,4.277832e+05,6.259581e-03,0.0067,3.2997,0,8,119,398,46,49
1667,493,2160,0.771759,0.568,4.271069e+05,5.691232e-03,0.0061,3.2976,0,2,159,397,46,49
1668,492,2160,0.772222,0.57,4.265380e+05,5.520767e-03,0.0068,3.2973,0,8,51,396,46,49
1669,491,2160,0.772685,0.571,4.260470e+05,5.202692e-03,0.0063,3.2943,0,0,134,395,46,49
1670,490,2160,0.773148,0.573,4.255920e+05,2.131575e-02,0.0071,3.2891,0,2,53,394,46,49
1671,489,2160,0.773611,0.569,4.257413e+05,1.174964e-02,0.0063,3.2963,0,8,12,393,46,49
1672,488,2160,0.774074,0.574,4.257175e+05,1.515187e-01,0.0062,3.2974,0,2,105,392,46,49
1673,487,2160,0.774537,0.526,4.517138e+05,8.978993e-02,0.006,3.296,1,1,7,392,45,49
1674,486,2160,0.775,0.516,4.497772e+05,2.892370e-02,0.0063,3.2986,0,4,147,391,45,49
1675,485,2160,0.775463,0.503,4.459260e+05,1.238855e-02,0.0063,3.3127,0,8,184,390,45,49
1676,484,2160,0.775926,0.502,4.435590e+05,3.941936e-02,0.0064,3.3017,0,0,147,389,45,49
1677,483,2160,0.776389,0.497,4.464135e+05,5.979957e-02,0.0063,3.3015,0,8,87,388,45,49
1678,482,2160,0.776852,0.491,4.513517e+05,1.251075e-02,0.0068,3.2915,0,2,50,387,45,49
1679,481,2160,0.777315,0.492,4.485829e+05,1.557622e-02,0.0067,3.2891,0,4,177,386,45,49
1680,480,2160,0.777778,0.49,4.475114e+05,2.798612e-02,0.0065,3.3024,2,3,5,386,45,48
1681,479,2160,0.778241,0.487,4.476264e+05,1.149260e-02,0.0061,3.2922,1,8,2,386,44,48
1682,478,2160,0.778704,0.483,4.470528e+05,2.616528e-02,0.0064,3.3004,0,8,65,385,44,48
1683,477,2160,0.779167,0.484,4.492465e+05,2.276648e-01,0.0063,3.2938,2,3,2,385,44,47
1684,476,2160,0.77963,0.463,4.810444e+05,1.633255e-02,0.0062,3.3036,1,6,5,385,43,47
1685,475,2160,0.780093,0.466,4.763566e+05,1.287725e-02,0.0062,3.3074,0,8,152,384,43,47
1686,474,2160,0.780556,0.476,4.736091e+05,1.371783e-01,0.0063,3.2941,0,9,86,383,43,47
1687,473,2160,0.781019,0.478,4.969093e+05,3.893564e-02,0.0061,3.2847,0,8,49,382,43,47
1688,472,2160,0.781481,0.478,4.918129e+05,2.068888e-02,0.0061,3.2983,0,4,129,381,43,47
1689,471,2160,0.781944,0.485,4.875544e+05,2.439410e-02,0.0061,3.2924,0,4,14,380,43,47
1690,470,2160,0.782407,0.483,4.848392e+05,1.684343e-02,0.0064,3.3067,0,8,178,379,43,47
1691,469,2160,0.78287,0.483,4.828155e+05,9.761468e-02,0.0067,3.3001,0,1,146,378,43,47
1692,468,2160,0.783333,0.49,4.927852e+05,4.353667e-02,0.0067,3.3086,0,8,144,377,43,47
1693,467,2160,0.783796,0.482,4.899748e+05,1.059787e-01,0.0065,3.3012,2,8,3,377,43,46
1694,466,2160,0.784259,0.445,4.938650e+05,1.526496e-02,0.0072,3.3066,0,8,6,376,43,46
1695,465,2160,0.784722,0.461,4.905197e+05,1.210342e-02,0.0062,3.2906,0,8,1,375,43,46
1696,464,2160,0.785185,0.467,4.883050e+05,9.942504e-03,0.0062,3.2953,0,5,29,374,43,46
1697,463,2160,0.785648,0.468,4.865889e+05,5.092112e-02,0.0063,3.3045,0,9,24,373,43,46
1698,462,2160,0.786111,0.465,4.890618e+05,2.365898e-02,0.006,3.2998,0,4,140,372,43,46
1699,461,2160,0.786574,0.467,4.877539e+05,1.105174e-02,0.0069,3.2939,0,8,56,371,43,46
1700,460,2160,0.787037,0.467,4.864221e+05,1.401740e-01,0.0065,3.3005,2,6,5,371,43,45
1701,459,2160,0.7875,0.431,4.982320e+05,1.386979e-02,0.0068,3.2901,0,2,146,370,43,45
1702,458,2160,0.787963,0.442,4.948319e+05,3.185291e-02,0.0062,3.2971,0,5,142,369,43,45
1703,457,2160,0.788426,0.443,4.959473e+05,1.653845e-02,0.0065,3.2869,0,0,56,368,43,45
1704,456,2160,0.788889,0.443,4.942343e+05,3.328088e-02,0.0067,3.2861,0,8,106,367,43,45
1705,455,2160,0.789352,0.451,4.951176e+05,1.841469e-02,0.0062,3.3055,0,2,140,366,43,45
1706,454,2160,0.789815,0.458,4.932314e+05,6.169891e-02,0.0066,3.2953,0,4,58,365,43,45
1707,453,2160,0.790278,0.46,4.946176e+05,2.878402e-02,0.0066,3.2779,0,4,70,364,43,45
1708,452,2160,0.790741,0.462,4.931294e+05,9.357427e-03,0.0063,3.299,2,5,7,364,43,44
1709,451,2160,0.791204,0.464,4.916018e+05,6.145402e-02,0.0065,3.2928,0,4,45,363,43,44
1710,450,2160,0.791667,0.466,4.975372e+05,1.315010e-01,0.0065,3.2945,0,4,54,362,43,44
1711,449,2160,0.79213,0.468,5.084170e+05,6.808510e-02,0.0064,3.2984,0,2,31,361,43,44
1712,448,2160,0.792593,0.47,5.071635e+05,2.692800e-02,0.0063,3.2966,0,4,181,360,43,44
1713,447,2160,0.793056,0.471,5.059635e+05,7.449904e-02,0.0069,3.2894,0,2,149,359,43,44
1714,446,2160,0.793519,0.469,5.077512e+05,1.389351e-01,0.0063,3.2943,0,7,76,358,43,44
1715,445,2160,0.793981,0.461,5.291304e+05,1.621948e-02,0.0069,3.3017,0,5,28,357,43,44
1716,444,2160,0.794444,0.458,5.248440e+05,1.173183e-02,0.0068,3.3053,0,5,86,356,43,44
1717,443,2160,0.794907,0.457,5.223341e+05,9.309206e-02,0.0063,3.2911,0,4,172,355,43,44
1718,442,2160,0.79537,0.461,5.275114e+05,1.456870e-02,0.0063,3.2864,2,3,6,355,43,43
1719,441,2160,0.795833,0.462,5.250067e+05,9.513863e-02,0.0063,3.2857,0,0,48,354,43,43
1720,440,2160,0.796296,0.467,5.423621e+05,1.789384e-02,0.0063,3.2966,0,8,70,353,43,43
1721,439,2160,0.796759,0.471,5.365468e+05,1.996576e-01,0.0065,3.3045,2,9,4,353,43,42
1722,438,2160,0.797222,0.459,5.439091e+05,1.334872e-02,0.0063,3.2967,0,8,83,352,43,42
1723,437,2160,0.797685,0.459,5.417047e+05,1.110334e-02,0.0063,3.2969,0,8,15,351,43,42
1724,436,2160,0.798148,0.459,5.401108e+05,3.555543e-02,0.0067,3.3079,2,6,9,351,43,41
1725,435,2160,0.798611,0.457,5.393455e+05,1.258362e-02,0.0065,3.3032,0,0,155,350,43,41
1726,434,2160,0.799074,0.457,5.383299e+05,8.587721e-02,0.0062,3.2941,0,8,76,349,43,41
1727,433,2160,0.799537,0.458,5.671151e+05,1.075839e-02,0.0063,3.3077,0,8,48,348,43,41
1728,432,2160,0.8,0.46,5.649726e+05,8.185582e-03,0.0062,3.3006,1,1,9,348,42,41
1729,431,2160,0.800463,0.464,5.637279e+05,2.339193e-02,0.0063,3.2848,0,0,102,347,42,41
1730,430,2160,0.800926,0.46,5.642075e+05,1.086702e-02,0.0067,3.2926,0,8,54,346,42,41
1731,429,2160,0.801389,0.462,5.634315e+05,9.639649e-03,0.0064,3.2848,1,4,8,346,41,41
1732,428,2160,0.801852,0.463,5.626423e+05,6.943673e-03,0.006,3.2933,0,0,195,345,41,41
1733,427,2160,0.802315,0.463,5.620562e+05,2.899222e-02,0.0064,3.2965,0,0,33,344,41,41
1734,426,2160,0.802778,0.462,5.629085e+05,5.146694e-02,0.0064,3.2954,0,5,137,343,41,41
1735,425,2160,0.803241,0.446,5.726590e+05,4.506077e-02,0.0066,3.3019,0,4,96,342,41,41
1736,424,2160,0.803704,0.453,5.737436e+05,8.122134e-02,0.0062,3.2935,0,3,178,341,41,41
1737,423,2160,0.804167,0.454,5.785865e+05,1.935590e-02,0.0061,3.3033,0,0,95,340,41,41
1738,422,2160,0.80463,0.454,5.760006e+05,2.377575e-02,0.0067,3.2993,0,3,60,339,41,41
1739,421,2160,0.805093,0.449,5.750608e+05,1.453653e-02,0.0062,3.2944,0,0,144,338,41,41
1740,420,2160,0.805556,0.455,5.740877e+05,1.104167e-02,0.0061,3.3008,0,0,108,337,41,41
1741,419,2160,0.806019,0.453,5.731233e+05,4.408546e-02,0.0064,3.3117,0,0,160,336,41,41
1742,418,2160,0.806481,0.471,5.756693e+05,8.656083e-02,0.0061,3.2933,0,1,104,335,41,41
1743,417,2160,0.806944,0.444,5.824717e+05,1.501985e-01,0.0062,3.2939,0,1,118,334,41,41
1744,416,2160,0.807407,0.424,6.245311e+05,1.961970e-02,0.0062,3.2955,0,5,98,333,41,41
1745,415,2160,0.80787,0.423,6.175829e+05,1.594677e-02,0.0064,3.297,0,8,160,332,41,41
1746,414,2160,0.808333,0.423,6.131054e+05,2.721682e-02,0.0066,3.3009,0,0,53,331,41,41
1747,413,2160,0.808796,0.424,6.117493e+05,5.310340e-02,0.0062,3.2887,0,3,120,330,41,41
1748,412,2160,0.809259,0.416,6.135012e+05,3.587212e-02,0.0062,3.2989,0,4,175,329,41,41
1749,411,2160,0.809722,0.42,6.132578e+05,8.950944e-02,0.0065,3.2928,0,3,35,328,41,41
1750,410,2160,0.810185,0.418,6.235184e+05,5.347867e-02,0.0069,3.2897,0,7,88,327,41,41
1751,409,2160,0.810648,0.41,6.243983e+05,3.439714e-02,0.0065,3.2964,0,3,65,326,41,41
1752,408,2160,0.811111,0.406,6.247931e+05,2.454307e-02,0.0067,3.2995,0,3,159,325,41,41
1753,407,2160,0.811574,0.404,6.241542e+05,5.825986e-02,0.0067,3.2995,0,2,119,324,41,41
1754,406,2160,0.812037,0.402,6.283641e+05,9.753651e-03,0.0068,3.3125,2,5,1,324,41,40
1755,405,2160,0.8125,0.405,6.275686e+05,6.611319e-03,0.0068,3.2952,0,0,13,323,41,40
1756,404,2160,0.812963,0.403,6.268982e+05,5.769916e-03,0.0066,3.2962,0,5,159,322,41,40
1757,403,2160,0.813426,0.406,6.263348e+05,8.295948e-03,0.0061,3.312,0,5,13,321,41,40
1758,402,2160,0.813889,0.403,6.260451e+05,1.060076e-01,0.006,3.2897,0,4,132,320,41,40
1759,401,2160,0.814352,0.408,6.401753e+05,1.442632e-02,0.0067,3.3063,0,8,104,319,41,40
1760,400,2160,0.814815,0.404,6.365004e+05,2.039096e-02,0.0063,3.298,1,6,8,319,40,40
1761,399,2160,0.815278,0.41,6.348454e+05,1.590093e-02,0.0064,3.299,2,2,1,319,40,39
1762,398,2160,0.815741,0.41,6.337215e+05,1.591362e-02,0.0065,3.2987,0,4,182,318,40,39
1763,397,2160,0.816204,0.41,6.332222e+05,9.921750e-02,0.0065,3.2951,0,4,150,317,40,39
1764,396,2160,0.816667,0.401,6.553167e+05,1.391474e-02,0.0066,3.2908,0,0,82,316,40,39
1765,395,2160,0.81713,0.398,6.547928e+05,8.341469e-02,0.0063,3.3003,0,8,149,315,40,39
1766,394,2160,0.817593,0.399,6.730629e+05,1.731009e-02,0.0066,3.3005,0,0,182,314,40,39
1767,393,2160,0.818056,0.402,6.682069e+05,3.801667e-02,0.0063,3.303,0,4,159,313,40,39
1768,392,2160,0.818519,0.4,6.686893e+05,6.664682e-02,0.0063,3.2936,1,5,0,313,39,39
1769,391,2160,0.818981,0.393,6.702258e+05,2.195311e-02,0.0064,3.3068,0,4,99,312,39,39
1770,390,2160,0.819444,0.391,6.683785e+05,5.315154e-02,0.0062,3.2903,0,1,105,311,39,39
1771,389,2160,0.819907,0.391,6.726838e+05,8.636241e-02,0.0063,3.2974,1,9,2,311,38,39
1772,388,2160,0.82037,0.392,6.733257e+05,9.313921e-03,0.006,3.306,0,5,55,310,38,39
1773,387,2160,0.820833,0.393,6.718873e+05,2.195498e-02,0.0061,3.3078,0,4,75,309,38,39
1774,386,2160,0.821296,0.393,6.710714e+05,2.928124e-02,0.0061,3.2887,0,4,92,308,38,39
1775,385,2160,0.821759,0.386,6.709628e+05,8.626870e-02,0.006,3.302,0,4,130,307,38,39
1776,384,2160,0.822222,0.375,6.774573e+05,1.432457e-02,0.0067,3.3029,0,3,104,306,38,39
1777,383,2160,0.822685,0.377,6.741295e+05,1.692444e-02,0.0067,3.3198,0,4,84,305,38,39
1778,382,2160,0.823148,0.374,6.733139e+05,1.942454e-01,0.0062,3.316,1,4,3,305,37,39
1779,381,2160,0.823611,0.361,6.979839e+05,1.578981e-02,0.0066,3.3012,0,5,51,304,37,39
1780,380,2160,0.824074,0.365,6.950168e+05,3.575632e-02,0.0063,3.2973,1,8,5,304,36,39
1781,379,2160,0.824537,0.364,6.948768e+05,1.595353e-02,0.0061,3.2998,2,8,7,304,36,38
1782,378,2160,0.825,0.363,6.934639e+05,9.405795e-03,0.0067,3.3012,0,8,86,303,36,38
1783,377,2160,0.825463,0.363,6.924343e+05,7.709667e-03,0.0062,3.3096,0,5,113,302,36,38
1784,376,2160,0.825926,0.365,6.914642e+05,3.541645e-02,0.0063,3.3005,0,5,149,301,36,38
1785,375,2160,0.826389,0.37,6.959457e+05,7.872580e-02,0.0063,3.3306,0,1,90,300,36,38
1786,374,2160,0.826852,0.371,7.081268e+05,3.648025e-02,0.0067,3.3141,1,3,2,300,35,38
1787,373,2160,0.827315,0.371,7.073488e+05,9.129886e-02,0.0066,3.3209,0,8,68,299,35,38
1788,372,2160,0.827778,0.372,7.255035e+05,1.033154e-01,0.0061,3.3166,0,2,136,298,35,38
1789,371,2160,0.828241,0.368,7.246610e+05,1.611686e-02,0.0067,3.3013,0,5,12,297,35,38
1790,370,2160,0.828704,0.371,7.201067e+05,1.634257e-02,0.0063,3.2914,2,5,5,297,35,37
1791,369,2160,0.829167,0.375,7.180933e+05,1.381716e-02,0.0063,3.3139,0,4,27,296,35,37
1792,368,2160,0.82963,0.377,7.164777e+05,1.101846e-02,0.0063,3.3258,0,0,58,295,35,37
1793,367,2160,0.830093,0.378,7.151682e+05,8.074638e-03,0.0064,3.3231,0,0,97,294,35,37
1794,366,2160,0.830556,0.378,7.140562e+05,7.303659e-02,0.0062,3.3118,0,4,88,293,35,37
1795,365,2160,0.831019,0.369,7.275889e+05,7.250838e-03,0.0064,3.3206,0,0,17,292,35,37
1796,364,2160,0.831481,0.369,7.267193e+05,3.197218e-02,0.0068,3.3022,0,8,9,291,35,37
1797,363,2160,0.831944,0.37,7.310623e+05,4.286823e-02,0.0062,3.3114,0,8,164,290,35,37
1798,362,2160,0.832407,0.37,7.369833e+05,8.213406e-03,0.0063,3.3053,0,5,127,289,35,37
1799,361,2160,0.83287,0.369,7.357942e+05,6.729660e-02,0.0062,3.2991,0,4,87,288,35,37
1800,360,2160,0.833333,0.365,7.406746e+05,9.899002e-02,0.0062,3.2972,0,3,174,287,35,37
1801,359,2160,0.833796,0.365,7.461173e+05,1.846299e-01,0.0063,3.3109,0,3,75,286,35,37
1802,358,2160,0.834259,0.355,7.854126e+05,2.992977e-01,0.0064,3.3138,2,6,7,286,35,36
1803,357,2160,0.834722,0.35,8.396854e+05,2.583368e-02,0.0067,3.3103,0,5,194,285,35,36
1804,356,2160,0.835185,0.349,8.282526e+05,2.208068e-02,0.0061,3.3261,0,5,192,284,35,36
1805,355,2160,0.835648,0.35,8.201461e+05,5.865030e-02,0.0062,3.3132,0,1,38,283,35,36
1806,354,2160,0.836111,0.349,8.190498e+05,2.386966e-02,0.0065,3.2969,0,8,192,282,35,36
1807,353,2160,0.836574,0.35,8.142668e+05,1.904616e-02,0.0065,3.3036,0,4,118,281,35,36
1808,352,2160,0.837037,0.345,8.098920e+05,7.211996e-02,0.0067,3.3125,0,9,178,280,35,36
1809,351,2160,0.8375,0.343,8.119624e+05,4.196505e-02,0.0067,3.3151,0,3,141,279,35,36
1810,350,2160,0.837963,0.338,8.097127e+05,1.038728e-01,0.0063,3.3069,0,1,63,278,35,36
1811,349,2160,0.838426,0.339,8.297414e+05,3.266460e-01,0.0063,3.2946,2,9,5,278,35,35
1812,348,2160,0.838889,0.301,9.202180e+05,8.242259e-02,0.0061,3.3108,0,8,92,277,35,35
1813,347,2160,0.839352,0.281,9.334916e+05,3.282361e-02,0.0067,3.3043,0,8,138,276,35,35
1814,346,2160,0.839815,0.281,9.254556e+05,2.164584e-02,0.0066,3.3069,0,8,38,275,35,35
1815,345,2160,0.840278,0.284,9.180124e+05,2.009698e-02,0.0062,3.3172,0,5,177,274,35,35
1816,344,2160,0.840741,0.281,9.118343e+05,1.027602e-01,0.0068,3.3069,0,9,62,273,35,35
1817,343,2160,0.841204,0.272,9.147707e+05,2.073629e-02,0.0063,3.298,0,8,128,272,35,35
1818,342,2160,0.841667,0.273,9.082008e+05,1.120059e-01,0.0062,3.3056,0,8,163,271,35,35
1819,341,2160,0.84213,0.262,9.257863e+05,2.941898e-02,0.0064,3.3008,0,4,60,270,35,35
1820,340,2160,0.842593,0.263,9.147665e+05,3.950721e-02,0.0066,3.3072,0,5,121,269,35,35
1821,339,2160,0.843056,0.263,9.104924e+05,5.002228e-02,0.0063,3.3071,0,4,68,268,35,35
1822,338,2160,0.843519,0.266,9.083176e+05,3.455675e-02,0.0061,3.3093,0,2,127,267,35,35
1823,337,2160,0.843981,0.265,9.035115e+05,1.116214e-01,0.0064,3.2974,0,9,85,266,35,35
1824,336,2160,0.844444,0.261,9.110055e+05,2.739334e-02,0.0065,3.3149,2,8,2,266,35,34
1825,335,2160,0.844907,0.259,9.051080e+05,8.752854e-02,0.0066,3.3156,0,8,80,265,35,34
1826,334,2160,0.84537,0.258,9.101702e+05,5.489326e-02,0.0061,3.31,0,3,135,264,35,34
1827,333,2160,0.845833,0.263,9.071768e+05,6.326280e-02,0.0067,3.3088,0,0,62,263,35,34
1828,332,2160,0.846296,0.261,9.123165e+05,2.609099e-01,0.0061,3.2963,1,6,7,263,34,34
1829,331,2160,0.846759,0.255,9.425527e+05,6.267841e-02,0.0062,3.3194,0,4,115,262,34,34
1830,330,2160,0.847222,0.254,9.377446e+05,1.981507e-02,0.0061,3.3016,0,9,121,261,34,34
1831,329,2160,0.847685,0.255,9.327709e+05,1.661850e-02,0.0068,3.3062,0,5,115,260,34,34
1832,328,2160,0.848148,0.255,9.293539e+05,4.219340e-02,0.0068,3.2905,0,4,125,259,34,34
1833,327,2160,0.848611,0.254,9.303285e+05,6.872861e-02,0.0063,3.3007,0,2,132,258,34,34
1834,326,2160,0.849074,0.251,9.316859e+05,7.046346e-02,0.0066,3.3004,0,4,51,257,34,34
1835,325,2160,0.849537,0.252,9.391697e+05,4.351552e-02,0.0067,3.2975,0,7,78,256,34,34
1836,324,2160,0.85,0.254,9.373861e+05,3.272897e-02,0.0067,3.2927,0,4,163,255,34,34
1837,323,2160,0.850463,0.253,9.369251e+05,1.280398e-02,0.0064,3.2942,2,0,3,255,34,33
1838,322,2160,0.850926,0.25,9.351226e+05,2.054961e-02,0.0061,3.2992,0,0,173,254,34,33
1839,321,2160,0.851389,0.251,9.339965e+05,2.943000e-01,0.0062,3.2913,1,5,9,254,33,33
1840,320,2160,0.851852,0.25,9.417511e+05,9.858938e-02,0.0064,3.3047,0,3,101,253,33,33
1841,319,2160,0.852315,0.237,9.474325e+05,1.539658e-01,0.0062,3.2965,0,7,87,252,33,33
1842,318,2160,0.852778,0.231,9.644249e+05,2.285123e-01,0.0065,3.3108,1,1,0,252,32,33
1843,317,2160,0.853241,0.222,1.023529e+06,4.748495e-02,0.0065,3.3101,0,3,51,251,32,33
1844,316,2160,0.853704,0.222,1.009807e+06,3.612835e-02,0.006,3.2992,0,8,186,250,32,33
1845,315,2160,0.854167,0.219,1.003328e+06,1.698434e-01,0.0065,3.2927,1,7,8,250,31,33
1846,314,2160,0.85463,0.214,1.002371e+06,2.290681e-02,0.0064,3.2875,0,5,61,249,31,33
1847,313,2160,0.855093,0.216,9.964436e+05,1.770613e-01,0.0065,3.2912,0,5,73,248,31,33
1848,312,2160,0.855556,0.222,1.029636e+06,1.337783e-01,0.0062,3.3005,1,6,0,248,30,33
1849,311,2160,0.856019,0.228,1.018041e+06,3.097196e-02,0.0066,3.3137,0,5,101,247,30,33
1850,310,2160,0.856481,0.23,1.007514e+06,1.113254e-01,0.0064,3.312,0,4,117,246,30,33
1851,309,2160,0.856944,0.23,1.005674e+06,1.415500e-01,0.0061,3.3292,0,7,124,245,30,33
1852,308,2160,0.857407,0.226,1.015205e+06,2.251452e-01,0.0069,3.3366,1,7,7,245,29,33
1853,307,2160,0.85787,0.223,1.014239e+06,9.951053e-02,0.0064,3.3418,0,9,53,244,29,33
1854,306,2160,0.858333,0.218,1.013657e+06,5.421297e-02,0.0067,3.3124,0,0,52,243,29,33
1855,305,2160,0.858796,0.218,1.014325e+06,1.732104e-02,0.0068,3.3147,2,7,6,243,29,32
1856,304,2160,0.859259,0.217,1.011296e+06,9.141069e-02,0.0061,3.3112,0,3,74,242,29,32
1857,303,2160,0.859722,0.205,1.015815e+06,3.338131e-01,0.0063,3.3107,1,5,3,242,28,32
1858,302,2160,0.860185,0.205,1.013842e+06,2.179199e-02,0.0068,3.3044,0,0,73,241,28,32
1859,301,2160,0.860648,0.205,1.013581e+06,1.906680e-02,0.0063,3.3017,0,4,62,240,28,32
1860,300,2160,0.861111,0.205,1.012507e+06,1.652543e-02,0.0062,3.2938,0,8,36,239,28,32
1861,299,2160,0.861574,0.207,1.011613e+06,8.220912e-02,0.0062,3.3,0,1,73,238,28,32
1862,298,2160,0.862037,0.204,1.018489e+06,1.073400e-02,0.0064,3.3072,0,4,80,237,28,32
1863,297,2160,0.8625,0.203,1.017505e+06,2.191469e-02,0.0065,3.2999,0,5,99,236,28,32
1864,296,2160,0.862963,0.204,1.017365e+06,2.214132e-02,0.0066,3.3032,0,4,187,235,28,32
1865,295,2160,0.863426,0.202,1.016522e+06,1.369077e-02,0.0064,3.3102,0,0,139,234,28,32
1866,294,2160,0.863889,0.204,1.015983e+06,8.627017e-03,0.0066,3.302,0,5,172,233,28,32
1867,293,2160,0.864352,0.204,1.015245e+06,6.323779e-02,0.0063,3.296,1,6,1,233,27,32
1868,292,2160,0.864815,0.202,1.014843e+06,3.039932e-02,0.0062,3.3068,0,0,70,232,27,32
1869,291,2160,0.865278,0.202,1.015092e+06,5.234604e-02,0.0064,3.3071,0,2,92,231,27,32
1870,290,2160,0.865741,0.203,1.017529e+06,9.108303e-03,0.0062,3.3034,0,8,42,230,27,32
1871,289,2160,0.866204,0.203,1.016895e+06,9.247906e-03,0.0064,3.3028,0,5,42,229,27,32
1872,288,2160,0.866667,0.202,1.016410e+06,1.076445e-02,0.0065,3.3037,0,0,74,228,27,32
1873,287,2160,0.86713,0.201,1.016041e+06,2.940980e-01,0.0062,3.3184,1,2,2,228,26,32
1874,286,2160,0.867593,0.227,1.023393e+06,1.456913e-02,0.0063,3.3138,2,1,2,228,26,31
1875,285,2160,0.868056,0.223,1.022154e+06,3.071919e-02,0.0068,3.3068,0,0,87,227,26,31
1876,284,2160,0.868519,0.225,1.023981e+06,4.828403e-02,0.0061,3.3026,2,5,2,227,26,30
1877,283,2160,0.868981,0.225,1.023108e+06,1.363882e-01,0.0066,3.3016,2,7,2,227,26,29
1878,282,2160,0.869444,0.224,1.022356e+06,8.669385e-03,0.007,3.2941,2,7,9,227,26,28
1879,281,2160,0.869907,0.223,1.021657e+06,1.352085e-02,0.0063,1.1185,0,8,72,226,26,28
1880,280,2160,0.87037,0.219,1.021962e+06,1.121413e-02,0.0065,3.3016,0,7,101,225,26,28
1881,279,2160,0.870833,0.219,1.021346e+06,8.151513e-03,0.0067,3.3018,0,5,70,224,26,28
1882,278,2160,0.871296,0.22,1.020742e+06,9.088743e-02,0.0067,3.3001,0,4,22,223,26,28
1883,277,2160,0.871759,0.223,1.028099e+06,1.935120e-02,0.0063,3.2965,1,7,0,223,25,28
1884,276,2160,0.872222,0.223,1.025372e+06,1.037796e-02,0.0064,3.3008,0,5,167,222,25,28
1885,275,2160,0.872685,0.221,1.024417e+06,5.298003e-02,0.0066,3.2962,0,1,140,221,25,28
1886,274,2160,0.873148,0.216,1.027067e+06,9.082169e-03,0.0062,3.2942,0,8,14,220,25,28
1887,273,2160,0.873611,0.217,1.026630e+06,1.303521e-01,0.0062,3.3042,0,4,131,219,25,28
1888,272,2160,0.874074,0.208,1.043399e+06,9.893812e-02,0.0071,1.8523,2,9,6,219,25,27
1889,271,2160,0.874537,0.208,1.042149e+06,7.710616e-02,0.0064,3.3047,2,5,4,219,25,26
1890,270,2160,0.875,0.206,1.040389e+06,1.877999e-01,0.0061,3.2998,2,7,1,219,25,25
1891,269,2160,0.875463,0.2,1.067356e+06,3.197129e-02,0.0062,3.2972,0,0,100,218,25,25
1892,268,2160,0.875926,0.198,1.066060e+06,1.873857e-02,0.0067,3.2986,1,3,9,218,24,25
1893,267,2160,0.876389,0.196,1.063943e+06,5.350253e-02,0.0068,3.3052,0,8,74,217,24,25
1894,266,2160,0.876852,0.197,1.068340e+06,2.918848e-01,0.0061,3.288,2,0,6,217,24,24
1895,265,2160,0.877315,0.188,1.188301e+06,7.536133e-02,0.0066,3.3168,0,8,190,216,24,24
1896,264,2160,0.877778,0.175,1.151711e+06,4.860458e-02,0.0066,3.2962,0,8,130,215,24,24
1897,263,2160,0.878241,0.173,1.135956e+06,1.554524e-01,0.0066,3.3046,0,2,62,214,24,24
1898,262,2160,0.878704,0.18,1.153069e+06,3.126654e-02,0.0063,3.2977,0,5,44,213,24,24
1899,261,2160,0.879167,0.182,1.151181e+06,1.968413e-01,0.0068,3.3077,0,7,86,212,24,24
1900,260,2160,0.87963,0.183,1.175128e+06,1.248169e-01,0.0065,3.2863,0,0,75,211,24,24
1901,259,2160,0.880093,0.177,1.183155e+06,2.869541e-02,0.0067,3.2927,0,8,20,210,24,24
1902,258,2160,0.880556,0.176,1.175722e+06,1.636695e-01,0.0065,3.2888,1,7,2,210,23,24
1903,257,2160,0.881019,0.176,1.175773e+06,1.057007e-01,0.006,3.3,0,0,176,209,23,24
1904,256,2160,0.881481,0.174,1.184017e+06,3.337352e-02,0.0066,3.287,0,4,149,208,23,24
1905,255,2160,0.881944,0.173,1.181107e+06,7.343102e-02,0.0063,3.281,1,6,2,208,22,24
1906,254,2160,0.882407,0.174,1.180256e+06,2.603589e-02,0.0063,3.2929,0,4,142,207,22,24
1907,253,2160,0.88287,0.174,1.179502e+06,9.164265e-02,0.0064,3.3022,0,0,189,206,22,24
1908,252,2160,0.883333,0.173,1.186149e+06,2.124297e-02,0.0068,3.2805,0,8,3,205,22,24
1909,251,2160,0.883796,0.173,1.182292e+06,8.538490e-02,0.0063,3.2806,0,8,115,204,22,24
1910,250,2160,0.884259,0.175,1.198864e+06,1.003104e-02,0.0067,3.292,0,0,188,203,22,24
1911,249,2160,0.884722,0.175,1.198004e+06,9.260320e-03,0.0062,3.2857,0,5,152,202,22,24
1912,248,2160,0.885185,0.175,1.197332e+06,8.638458e-03,0.0062,3.3028,0,4,112,201,22,24
1913,247,2160,0.885648,0.174,1.196723e+06,1.692522e-01,0.0065,3.3047,0,2,48,200,22,24
1914,246,2160,0.886111,0.182,1.216324e+06,2.217082e-01,0.0062,3.3055,1,1,2,200,21,24
1915,245,2160,0.886574,0.18,1.217611e+06,1.381748e-02,0.0061,3.294,0,5,39,199,21,24
1916,244,2160,0.887037,0.181,1.216073e+06,1.232556e-02,0.0066,3.2861,0,5,179,198,21,24
1917,243,2160,0.8875,0.179,1.214848e+06,9.596158e-02,0.0062,3.2866,0,5,109,197,21,24
1918,242,2160,0.887963,0.18,1.222944e+06,2.610621e-01,0.0065,3.2983,1,4,9,197,20,24
1919,241,2160,0.888426,0.175,1.224736e+06,1.661965e-01,0.0064,3.2986,0,9,67,196,20,24
1920,240,2160,0.888889,0.175,1.222598e+06,1.388790e-01,0.0067,3.2963,1,4,7,196,19,24
1921,239,2160,0.889352,0.174,1.221096e+06,2.079746e-01,0.0062,3.3165,2,2,4,196,19,23
1922,238,2160,0.889815,0.174,1.219963e+06,1.450836e-01,0.0063,3.3214,2,6,4,196,19,22
1923,237,2160,0.890278,0.174,1.219092e+06,1.751943e-01,0.0063,3.301,2,1,4,196,19,21
1924,236,2160,0.890741,0.174,1.218403e+06,8.304616e-03,0.0067,3.3124,0,8,172,195,19,21
1925,235,2160,0.891204,0.174,1.217835e+06,4.510771e-02,0.0063,3.3168,0,5,106,194,19,21
1926,234,2160,0.891667,0.174,1.220174e+06,1.840551e-01,0.0068,3.3156,2,8,4,194,19,20
1927,233,2160,0.89213,0.173,1.219532e+06,6.398824e-02,0.0062,3.3081,0,4,127,193,19,20
1928,232,2160,0.892593,0.175,1.238166e+06,9.358322e-03,0.0064,3.32,0,0,109,192,19,20
1929,231,2160,0.893056,0.175,1.237674e+06,1.235604e-02,0.0064,3.3065,0,8,32,191,19,20
1930,230,2160,0.893519,0.175,1.237611e+06,4.847845e-02,0.0063,3.2965,0,5,156,190,19,20
1931,229,2160,0.893981,0.176,1.244547e+06,7.600989e-03,0.0067,3.2992,0,5,85,189,19,20
1932,228,2160,0.894444,0.176,1.244349e+06,6.863671e-03,0.0062,3.2975,0,5,97,188,19,20
1933,227,2160,0.894907,0.175,1.244180e+06,3.204827e-02,0.0063,3.3027,0,8,33,187,19,20
1934,226,2160,0.89537,0.175,1.246088e+06,5.572566e-02,0.0064,3.3014,0,0,179,186,19,20
1935,225,2160,0.895833,0.175,1.251998e+06,8.243058e-02,0.0062,3.2938,1,8,8,186,18,20
1936,224,2160,0.896296,0.178,1.254995e+06,7.578169e-02,0.0064,3.3091,0,7,114,185,18,20
1937,223,2160,0.896759,0.178,1.259309e+06,1.121420e-02,0.0062,3.3416,0,5,4,184,18,20
1938,222,2160,0.897222,0.178,1.258636e+06,2.605913e-02,0.0062,3.3073,0,5,108,183,18,20
1939,221,2160,0.897685,0.175,1.260083e+06,5.243308e-02,0.0061,3.2995,0,8,109,182,18,20
1940,220,2160,0.898148,0.174,1.265291e+06,1.195477e-02,0.0064,3.3033,0,5,58,181,18,20
1941,219,2160,0.898611,0.175,1.265090e+06,1.857187e-01,0.0066,3.3186,2,5,8,181,18,19
1942,218,2160,0.899074,0.168,1.273022e+06,5.844828e-02,0.0063,3.3221,0,8,173,180,18,19
1943,217,2160,0.899537,0.167,1.276701e+06,8.557943e-02,0.0063,3.3199,0,4,110,179,18,19
1944,216,2160,0.9,0.168,1.281004e+06,5.031767e-02,0.0066,3.3044,2,3,1,179,18,18
1945,215,2160,0.900463,0.168,1.303461e+06,1.836668e-02,0.0063,3.3042,0,5,17,178,18,18
1946,214,2160,0.900926,0.169,1.301481e+06,5.429488e-02,0.0064,3.2954,0,7,21,177,18,18
1947,213,2160,0.901389,0.169,1.302132e+06,8.267733e-02,0.0063,3.2943,0,8,31,176,18,18
1948,212,2160,0.901852,0.169,1.315901e+06,8.014174e-03,0.0062,3.3058,0,5,2,175,18,18
1949,211,2160,0.902315,0.169,1.315260e+06,3.608082e-02,0.0061,3.2951,0,5,26,174,18,18
1950,210,2160,0.902778,0.169,1.316269e+06,1.712061e-02,0.0067,3.3026,0,8,94,173,18,18
1951,209,2160,0.903241,0.169,1.316142e+06,5.094250e-02,0.0061,3.3239,0,8,131,172,18,18
1952,208,2160,0.903704,0.163,1.321192e+06,8.345868e-03,0.0066,3.35,0,5,112,171,18,18
1953,207,2160,0.904167,0.163,1.320837e+06,2.004048e-02,0.007,3.4845,0,8,179,170,18,18
1954,206,2160,0.90463,0.163,1.321342e+06,2.648320e-02,0.0069,3.3175,0,5,25,169,18,18
1955,205,2160,0.905093,0.163,1.321561e+06,8.007225e-02,0.0061,3.3347,0,8,136,168,18,18
1956,204,2160,0.905556,0.164,1.327598e+06,1.531672e-02,0.0066,3.3312,0,0,25,167,18,18
1957,203,2160,0.906019,0.164,1.325956e+06,1.148958e-01,0.0061,3.3527,0,1,54,166,18,18
1958,202,2160,0.906481,0.164,1.333058e+06,6.864017e-02,0.0069,3.3539,1,1,1,166,17,18
1959,201,2160,0.906944,0.164,1.332065e+06,2.344691e-01,0.0067,3.3285,1,7,1,166,16,18
1960,200,2160,0.907407,0.164,1.331458e+06,1.584994e-01,0.0063,3.3117,1,8,1,166,15,18
1961,199,2160,0.90787,0.164,1.331014e+06,1.964713e-01,0.0067,3.3201,1,9,1,166,14,18
1962,198,2160,0.908333,0.164,1.330668e+06,4.216692e-03,0.007,3.332,0,0,41,165,14,18
1963,197,2160,0.908796,0.164,1.330366e+06,5.183870e-03,0.0065,3.317,0,0,157,164,14,18
1964,196,2160,0.909259,0.164,1.330089e+06,8.882492e-02,0.0069,3.3148,0,5,118,163,14,18
1965,195,2160,0.909722,0.159,1.357350e+06,1.016864e-02,0.0061,3.3375,0,0,133,162,14,18
1966,194,2160,0.910185,0.158,1.357102e+06,2.859030e-02,0.0068,3.3375,0,8,157,161,14,18
1967,193,2160,0.910648,0.156,1.358431e+06,3.170687e-02,0.0069,3.3253,0,5,174,160,14,18
1968,192,2160,0.911111,0.158,1.359097e+06,1.853338e-02,0.0063,3.3215,0,8,2,159,14,18
1969,191,2160,0.911574,0.158,1.359371e+06,3.655830e-02,0.0063,3.323,1,5,5,159,13,18
1970,190,2160,0.912037,0.158,1.361400e+06,3.020682e-02,0.0066,3.3323,0,5,67,158,13,18
1971,189,2160,0.9125,0.157,1.364044e+06,2.846115e-02,0.0064,3.3298,0,4,136,157,13,18
1972,188,2160,0.912963,0.159,1.365269e+06,3.725110e-02,0.0065,3.331,0,5,57,156,13,18
1973,187,2160,0.913426,0.158,1.365712e+06,2.284736e-01,0.0064,3.3369,1,5,8,156,12,18
1974,186,2160,0.913889,0.16,1.398680e+06,4.001021e-02,0.0064,3.3273,0,5,136,155,12,18
1975,185,2160,0.914352,0.162,1.399385e+06,1.252768e-02,0.0067,0.9558,0,0,57,154,12,18
1976,184,2160,0.914815,0.162,1.399313e+06,1.371893e-02,0.0066,3.3112,0,4,26,153,12,18
1977,183,2160,0.915278,0.163,1.397929e+06,8.648191e-02,0.0066,3.3165,0,5,50,152,12,18
1978,182,2160,0.915741,0.162,1.402151e+06,9.210750e-02,0.0062,3.3332,0,8,58,151,12,18
1979,181,2160,0.916204,0.159,1.414671e+06,1.231875e-02,0.0062,3.3283,0,5,52,150,12,18
1980,180,2160,0.916667,0.159,1.413689e+06,1.020400e-02,0.0066,3.3211,0,5,180,149,12,18
1981,179,2160,0.91713,0.159,1.413071e+06,5.605961e-02,0.0061,3.3344,0,8,165,148,12,18
1982,178,2160,0.917593,0.16,1.416897e+06,1.902968e-01,0.006,3.3223,1,3,7,148,11,18
1983,177,2160,0.918056,0.165,1.428891e+06,2.252870e-02,0.0068,3.3143,0,5,3,147,11,18
1984,176,2160,0.918519,0.166,1.429456e+06,3.676244e-02,0.0066,3.3114,0,8,77,146,11,18
1985,175,2160,0.918981,0.165,1.430548e+06,1.161500e-02,0.0064,3.3136,0,5,64,145,11,18
1986,174,2160,0.919444,0.164,1.429966e+06,6.368528e-02,0.0066,3.3136,0,8,44,144,11,18
1987,173,2160,0.919907,0.163,1.436231e+06,1.097843e-02,0.0064,3.3169,0,0,8,143,11,18
1988,172,2160,0.92037,0.162,1.435703e+06,2.298645e-01,0.007,3.3154,2,8,9,143,11,17
1989,171,2160,0.920833,0.163,1.477397e+06,1.102529e-01,0.0063,3.3084,0,4,128,142,11,17
1990,170,2160,0.921296,0.155,1.496261e+06,9.641062e-02,0.0067,3.3135,0,4,137,141,11,17
1991,169,2160,0.921759,0.155,1.537585e+06,1.542910e-02,0.0063,3.308,0,5,7,140,11,17
1992,168,2160,0.922222,0.155,1.536041e+06,2.181012e-02,0.0063,3.3141,0,5,5,139,11,17
1993,167,2160,0.922685,0.156,1.536236e+06,4.432315e-02,0.0063,3.3253,2,5,6,139,11,16
1994,166,2160,0.923148,0.156,1.535423e+06,7.018171e-02,0.0066,3.325,0,0,24,138,11,16
1995,165,2160,0.923611,0.159,1.539432e+06,4.147539e-02,0.0062,3.3152,0,8,103,137,11,16
1996,164,2160,0.924074,0.15,1.539456e+06,1.208359e-01,0.0066,3.3074,0,5,187,136,11,16
1997,163,2160,0.924537,0.15,1.549653e+06,5.873387e-02,0.0062,3.3132,0,5,21,135,11,16
1998,162,2160,0.925,0.15,1.555205e+06,6.164795e-02,0.0065,3.3172,0,2,80,134,11,16
1999,161,2160,0.925463,0.15,1.555052e+06,1.792421e-01,0.0064,3.3175,1,5,2,134,10,16
2000,160,2160,0.925926,0.15,1.554361e+06,1.092052e-01,0.0065,3.3224,2,4,5,134,10,15
2001,159,2160,0.926389,0.15,1.553779e+06,1.202702e-01,0.0065,3.3119,2,7,5,134,10,14
2002,158,2160,0.926852,0.15,1.553237e+06,3.744257e-01,0.0065,3.3154,2,1,5,134,10,13
2003,157,2160,0.927315,0.15,1.552719e+06,2.257326e-02,0.0064,3.3158,0,0,104,133,10,13
2004,156,2160,0.927778,0.149,1.552763e+06,1.074324e-02,0.0061,3.3088,0,5,0,132,10,13
2005,155,2160,0.928241,0.149,1.552363e+06,1.243476e-02,0.007,3.3192,0,5,76,131,10,13
2006,154,2160,0.928704,0.149,1.552289e+06,1.536106e-02,0.0064,3.3132,0,5,104,130,10,13
2007,153,2160,0.929167,0.151,1.552388e+06,1.429340e-01,0.0061,3.3068,1,8,4,130,9,13
2008,152,2160,0.92963,0.152,1.552740e+06,6.732205e-02,0.0067,3.3229,0,5,102,129,9,13
2009,151,2160,0.930093,0.156,1.556903e+06,1.622142e-01,0.0062,3.307,1,6,4,129,8,13
2010,150,2160,0.930556,0.157,1.556095e+06,3.643921e-03,0.0063,3.3084,2,1,6,129,8,12
2011,149,2160,0.931019,0.156,1.555680e+06,1.365430e-01,0.0065,3.3151,0,5,128,128,8,12
2012,148,2160,0.931481,0.152,1.611106e+06,3.437275e-02,0.0068,3.3068,0,5,157,127,8,12
2013,147,2160,0.931944,0.153,1.614235e+06,2.291935e-02,0.0066,3.31,0,5,123,126,8,12
2014,146,2160,0.932407,0.153,1.615419e+06,1.013130e-01,0.0061,3.3054,0,4,116,125,8,12
2015,145,2160,0.93287,0.149,1.622697e+06,5.352133e-02,0.007,3.307,0,8,108,124,8,12
2016,144,2160,0.933333,0.141,1.623820e+06,7.409777e-02,0.0063,3.3107,0,5,117,123,8,12
2017,143,2160,0.933796,0.143,1.627161e+06,5.751360e-02,0.0064,3.2876,0,0,71,122,8,12
2018,142,2160,0.934259,0.14,1.635576e+06,1.696300e-02,0.0064,3.3066,0,5,75,121,8,12
2019,141,2160,0.934722,0.136,1.635034e+06,7.540811e-02,0.0068,3.319,0,8,188,120,8,12
2020,140,2160,0.935185,0.126,1.643743e+06,2.967361e-02,0.0068,3.323,0,0,170,119,8,12
2021,139,2160,0.935648,0.122,1.642779e+06,4.661578e-01,0.0061,3.3139,1,1,5,119,7,12
2022,138,2160,0.936111,0.118,1.738552e+06,4.542333e-02,0.0063,3.3217,0,5,80,118,7,12
2023,137,2160,0.936574,0.118,1.732634e+06,1.215879e-01,0.0063,3.313,0,0,142,117,7,12
2024,136,2160,0.937037,0.108,1.772088e+06,1.999181e-02,0.0061,3.3097,0,0,187,116,7,12
2025,135,2160,0.9375,0.104,1.769505e+06,4.620162e-02,0.0068,3.3163,0,8,100,115,7,12
2026,134,2160,0.937963,0.104,1.770158e+06,1.485576e-02,0.0061,3.2962,0,0,101,114,7,12
2027,133,2160,0.938426,0.103,1.769083e+06,8.662617e-02,0.0064,3.3195,0,5,170,113,7,12
2028,132,2160,0.938889,0.102,1.771172e+06,1.785141e-02,0.0067,3.3154,0,8,116,112,7,12
2029,131,2160,0.939352,0.101,1.769734e+06,1.090905e-02,0.0064,3.3198,0,5,24,111,7,12
2030,130,2160,0.939815,0.101,1.769155e+06,4.901407e-02,0.0066,3.3137,0,0,146,110,7,12
2031,129,2160,0.940278,0.1,1.768497e+06,9.762084e-02,0.0065,3.3165,0,8,95,109,7,12
2032,128,2160,0.940741,0.09,1.773970e+06,1.268729e-02,0.0065,3.3136,0,5,165,108,7,12
2033,127,2160,0.941204,0.09,1.773465e+06,1.944357e-02,0.0066,3.3207,0,4,168,107,7,12
2034,126,2160,0.941667,0.09,1.774383e+06,4.811449e-02,0.0064,3.3064,0,4,143,106,7,12
2035,125,2160,0.94213,0.09,1.783391e+06,9.271089e-03,0.0061,3.3071,0,5,166,105,7,12
2036,124,2160,0.942593,0.09,1.783029e+06,1.012001e-02,0.0061,3.3126,0,5,169,104,7,12
2037,123,2160,0.943056,0.09,1.782717e+06,2.558651e-01,0.0065,3.3008,1,8,7,104,6,12
2038,122,2160,0.943519,0.09,1.791952e+06,2.005001e-01,0.0061,3.3062,0,7,48,103,6,12
2039,121,2160,0.943981,0.09,1.791439e+06,2.557060e-01,0.0065,3.3165,2,4,8,103,6,11
2040,120,2160,0.944444,0.09,1.790951e+06,1.640577e-02,0.0065,3.3192,0,8,82,102,6,11
2041,119,2160,0.944907,0.09,1.790703e+06,5.949993e-02,0.0063,3.304,0,0,145,101,6,11
2042,118,2160,0.94537,0.09,1.790549e+06,6.311108e-02,0.0065,3.3095,0,4,89,100,6,11
2043,117,2160,0.945833,0.092,1.791939e+06,1.361802e-02,0.0064,3.3041,0,5,111,99,6,11
2044,116,2160,0.946296,0.092,1.791159e+06,3.199831e-02,0.0063,3.3106,0,5,145,98,6,11
2045,115,2160,0.946759,0.092,1.794160e+06,9.069372e-03,0.0068,3.3157,0,5,154,97,6,11
2046,114,2160,0.947222,0.091,1.794007e+06,6.085019e-03,0.0066,3.3202,0,5,89,96,6,11
2047,113,2160,0.947685,0.091,1.793705e+06,1.192540e-02,0.0063,3.3188,0,0,99,95,6,11
2048,112,2160,0.948148,0.091,1.793720e+06,1.362228e-02,0.0062,3.3094,0,5,183,94,6,11
2049,111,2160,0.948611,0.09,1.793974e+06,1.549141e-02,0.0062,3.3192,0,5,56,93,6,11
2050,110,2160,0.949074,0.09,1.794438e+06,2.725589e-01,0.0064,3.3151,1,1,8,93,5,11
2051,109,2160,0.949537,0.09,1.810513e+06,1.223443e-01,0.0066,3.3232,0,8,23,92,5,11
2052,108,2160,0.95,0.09,1.809558e+06,6.940716e-02,0.0065,3.303,0,8,117,91,5,11
2053,107,2160,0.950463,0.09,1.809141e+06,5.345234e-02,0.0067,3.325,0,8,141,90,5,11
2054,106,2160,0.950926,0.09,1.808777e+06,3.581514e-01,0.0061,3.3119,2,4,1,90,5,10
2055,105,2160,0.951389,0.09,1.808420e+06,4.078934e-01,0.0067,3.3112,2,6,1,90,5,9
2056,104,2160,0.951852,0.09,1.808068e+06,4.729622e-03,0.0068,3.3163,0,5,23,89,5,9
2057,103,2160,0.952315,0.09,1.807784e+06,8.739255e-03,0.0068,3.306,0,0,117,88,5,9
2058,102,2160,0.952778,0.09,1.807650e+06,1.305516e-02,0.0064,3.3161,0,5,41,87,5,9
2059,101,2160,0.953241,0.09,1.807894e+06,1.457389e-02,0.0063,1.4708,0,5,185,86,5,9
2060,100,2160,0.953704,0.09,1.808471e+06,1.622698e-01,0.0066,3.3089,2,5,9,86,5,8
2061,99,2160,0.954167,0.091,1.809812e+06,1.835448e-01,0.0067,3.3141,1,9,4,86,4,8
2062,98,2160,0.95463,0.09,1.809445e+06,1.634719e-02,0.0063,3.3022,0,5,74,85,4,8
2063,97,2160,0.955093,0.09,1.810004e+06,2.081040e-02,0.0065,3.3177,0,0,11,84,4,8
2064,96,2160,0.955556,0.09,1.810870e+06,1.614754e-02,0.0063,3.3027,0,5,126,83,4,8
2065,95,2160,0.956019,0.09,1.811406e+06,1.939106e-02,0.0064,3.3068,0,5,193,82,4,8
2066,94,2160,0.956481,0.09,1.812342e+06,2.970425e-02,0.0061,3.3058,0,0,18,81,4,8
2067,93,2160,0.956944,0.09,1.812185e+06,2.489396e-01,0.0062,3.3047,2,4,7,81,4,7
2068,92,2160,0.957407,0.091,1.818729e+06,2.222724e-01,0.0067,3.3077,1,7,5,81,3,7
2069,91,2160,0.95787,0.091,1.818381e+06,4.231600e-02,0.0063,3.3076,0,5,18,80,3,7
2070,90,2160,0.958333,0.09,1.824626e+06,2.445320e-02,0.0066,3.315,0,5,37,79,3,7
2071,89,2160,0.958796,0.09,1.826518e+06,2.358546e-02,0.0065,3.3119,0,0,171,78,3,7
2072,88,2160,0.959259,0.089,1.827741e+06,2.125363e-02,0.0062,3.3116,0,5,96,77,3,7
2073,87,2160,0.959722,0.09,1.829064e+06,2.138183e-02,0.0061,3.2977,0,5,30,76,3,7
2074,86,2160,0.960185,0.089,1.830445e+06,1.528734e-02,0.0067,3.3073,0,4,170,75,3,7
2075,85,2160,0.960648,0.089,1.831749e+06,2.150214e-02,0.0067,3.3075,0,5,83,74,3,7
2076,84,2160,0.961111,0.089,1.833160e+06,3.134751e-02,0.0069,3.3263,0,0,122,73,3,7
2077,83,2160,0.961574,0.089,1.835649e+06,2.138654e-02,0.0064,3.3076,0,5,178,72,3,7
2078,82,2160,0.962037,0.089,1.837022e+06,2.374242e-02,0.0065,3.3123,0,5,105,71,3,7
2079,81,2160,0.9625,0.089,1.838791e+06,2.588386e-02,0.0061,3.3147,0,5,10,70,3,7
2080,80,2160,0.962963,0.089,1.840974e+06,2.481186e-02,0.0068,3.1439,0,5,189,69,3,7
2081,79,2160,0.963426,0.089,1.842954e+06,2.486760e-02,0.0063,3.3082,0,5,53,68,3,7
2082,78,2160,0.963889,0.089,1.844917e+06,4.006613e-02,0.0069,3.3199,2,2,3,68,3,6
2083,77,2160,0.964352,0.089,1.940021e+06,2.609766e-02,0.0065,3.3158,0,5,46,67,3,6
2084,76,2160,0.964815,0.089,1.941434e+06,2.592836e-02,0.0062,3.3094,0,5,79,66,3,6
2085,75,2160,0.965278,0.089,1.942802e+06,3.098525e-02,0.0066,3.3041,0,0,47,65,3,6
2086,74,2160,0.965741,0.09,1.944503e+06,2.785214e-02,0.0065,1.4448,0,5,158,64,3,6
2087,73,2160,0.966204,0.09,1.946931e+06,2.984904e-02,0.0065,3.3154,0,5,107,63,3,6
2088,72,2160,0.966667,0.09,1.949214e+06,2.782382e-02,0.0061,3.309,0,5,14,62,3,6
2089,71,2160,0.96713,0.09,1.950992e+06,3.009140e-02,0.0063,3.3203,0,5,120,61,3,6
2090,70,2160,0.967593,0.088,1.953346e+06,3.231001e-02,0.0066,3.3163,0,5,103,60,3,6
2091,69,2160,0.968056,0.088,1.956237e+06,3.365686e-02,0.0065,3.3062,0,5,35,59,3,6
2092,68,2160,0.968519,0.088,1.959447e+06,3.277023e-02,0.0061,3.3201,0,5,133,58,3,6
2093,67,2160,0.968981,0.088,1.962420e+06,3.364702e-02,0.0064,3.314,0,5,148,57,3,6
2094,66,2160,0.969444,0.088,1.965572e+06,3.468853e-02,0.0062,3.3221,0,5,132,56,3,6
2095,65,2160,0.969907,0.092,1.969046e+06,3.612601e-02,0.0068,3.3215,0,5,164,55,3,6
2096,64,2160,0.97037,0.093,1.972933e+06,3.521470e-02,0.0062,3.3197,0,5,147,54,3,6
2097,63,2160,0.970833,0.094,1.976628e+06,4.784660e-02,0.0068,3.3238,0,0,140,53,3,6
2098,62,2160,0.971296,0.094,1.982662e+06,3.708034e-02,0.0064,3.3128,0,5,195,52,3,6
2099,61,2160,0.971759,0.093,1.986836e+06,4.751546e-02,0.0064,3.3091,0,0,34,51,3,6
2100,60,2160,0.972222,0.093,1.992920e+06,3.211596e-02,0.0065,3.3103,0,5,77,50,3,6
2101,59,2160,0.972685,0.09,1.995873e+06,3.705491e-02,0.0068,3.3193,0,5,93,49,3,6
2102,58,2160,0.973148,0.093,2.000262e+06,4.528879e-02,0.0068,3.3064,0,0,49,48,3,6
2103,57,2160,0.973611,0.093,2.005533e+06,4.643044e-02,0.0064,3.3142,0,0,50,47,3,6
2104,56,2160,0.974074,0.092,2.011254e+06,3.903891e-02,0.0061,3.3137,0,5,94,46,3,6
2105,55,2160,0.974537,0.093,2.016321e+06,3.997564e-02,0.0069,3.3159,0,5,134,45,3,6
2106,54,2160,0.975,0.094,2.021620e+06,4.693414e-02,0.0065,3.304,0,0,112,44,3,6
2107,53,2160,0.975463,0.093,2.027627e+06,4.577614e-02,0.0064,1.7742,0,5,119,43,3,6
2108,52,2160,0.975926,0.094,2.035334e+06,4.128156e-02,0.0063,3.2953,0,5,155,42,3,6
2109,51,2160,0.976389,0.092,2.041152e+06,5.195390e-02,0.0063,3.3073,0,0,91,41,3,6
2110,50,2160,0.976852,0.091,2.048990e+06,4.767589e-02,0.0062,3.3013,0,0,55,40,3,6
2111,49,2160,0.977315,0.091,2.055220e+06,4.254656e-02,0.0064,3.3102,0,5,151,39,3,6
2112,48,2160,0.977778,0.091,2.061520e+06,5.250088e-02,0.0062,3.3097,0,5,90,38,3,6
2113,47,2160,0.978241,0.095,2.071957e+06,6.262111e-02,0.0068,3.3007,0,0,22,37,3,6
2114,46,2160,0.978704,0.095,2.084011e+06,4.467736e-02,0.0064,3.3107,0,5,163,36,3,6
2115,45,2160,0.979167,0.093,2.091286e+06,6.533919e-02,0.0062,3.3102,0,0,177,35,3,6
2116,44,2160,0.97963,0.093,2.104820e+06,5.193666e-02,0.0065,3.3208,0,5,176,34,3,6
2117,43,2160,0.980093,0.095,2.115358e+06,5.218737e-02,0.0064,3.3105,0,5,78,33,3,6
2118,42,2160,0.980556,0.09,2.126022e+06,6.554985e-02,0.0066,3.31,0,0,110,32,3,6
2119,41,2160,0.981019,0.088,2.139722e+06,4.056009e-02,0.0063,3.3143,0,4,102,31,3,6
2120,40,2160,0.981481,0.088,2.151175e+06,5.767827e-02,0.0062,3.3092,0,5,116,30,3,6
2121,39,2160,0.981944,0.088,2.164967e+06,5.814206e-02,0.0069,3.3069,0,5,161,29,3,6
2122,38,2160,0.982407,0.095,2.178644e+06,7.836773e-02,0.0064,3.3038,0,5,186,28,3,6
2123,37,2160,0.98287,0.095,2.177837e+06,7.753202e-02,0.0062,3.3089,0,0,190,27,3,6
2124,36,2160,0.983333,0.094,2.197393e+06,8.554300e-02,0.0061,3.3103,0,0,60,26,3,6
2125,35,2160,0.983796,0.094,2.222243e+06,3.757762e-02,0.0067,3.3176,0,0,186,25,3,6
2126,34,2160,0.984259,0.093,2.226271e+06,3.754753e-02,0.0063,3.3173,0,4,106,24,3,6
2127,33,2160,0.984722,0.091,2.236859e+06,7.097070e-02,0.0063,3.3159,0,5,19,23,3,6
2128,32,2160,0.985185,0.09,2.259288e+06,5.120030e-02,0.007,3.3092,0,4,63,22,3,6
2129,31,2160,0.985648,0.094,2.279273e+06,5.691545e-02,0.0063,3.3147,0,5,95,21,3,6
2130,30,2160,0.986111,0.095,2.294390e+06,6.707826e-02,0.0065,3.2995,0,5,162,20,3,6
2131,29,2160,0.986574,0.099,2.315460e+06,7.176483e-02,0.0066,3.3139,0,5,54,19,3,6
2132,28,2160,0.987037,0.097,2.340474e+06,6.179429e-02,0.0063,3.3126,0,4,113,18,3,6
2133,27,2160,0.9875,0.095,2.370891e+06,8.184822e-02,0.0064,3.3217,0,5,160,17,3,6
2134,26,2160,0.987963,0.111,2.407039e+06,8.413370e-02,0.006,3.3035,0,5,66,16,3,6
2135,25,2160,0.988426,0.108,2.446751e+06,8.710663e-02,0.0067,3.3195,0,5,129,15,3,6
2136,24,2160,0.988889,0.105,2.491198e+06,1.119063e-01,0.0065,3.3199,0,0,61,14,3,6
2137,23,2160,0.989352,0.101,2.547946e+06,1.023183e-01,0.0063,3.3056,0,5,146,13,3,6
2138,22,2160,0.989815,0.103,2.620298e+06,1.048062e-01,0.0072,3.3143,0,5,38,12,3,6
2139,21,2160,0.990278,0.095,2.699652e+06,4.654881e-01,0.0064,3.3039,1,3,4,12,2,6
2140,20,2160,0.990741,0.096,2.846166e+06,1.192960e-01,0.0065,3.3194,0,4,174,11,2,6
2141,19,2160,0.991204,0.097,2.843226e+06,2.442320e-01,0.0064,3.3161,2,6,3,11,2,5
2142,18,2160,0.991667,0.095,5.643546e+06,2.183076e-01,0.0066,3.309,2,1,3,11,2,4
2143,17,2160,0.99213,0.09,7.580617e+06,1.045327e-01,0.0065,3.3,0,5,33,10,2,4
2144,16,2160,0.992593,0.114,7.596240e+06,1.128742e-01,0.0067,3.303,0,5,20,9,2,4
2145,15,2160,0.993056,0.111,7.638394e+06,1.199939e-01,0.0062,3.3145,0,5,36,8,2,4
2146,14,2160,0.993519,0.107,7.709855e+06,1.597956e-01,0.0062,3.3086,0,0,175,7,2,4
2147,13,2160,0.993981,0.105,7.835986e+06,2.929518e-01,0.0063,3.306,2,9,3,7,2,3
2148,12,2160,0.994444,0.103,1.041081e+07,3.004152e-01,0.0068,3.3106,2,7,3,7,2,2
2149,11,2160,0.994907,0.103,1.283479e+07,1.241412e-01,0.0067,3.3101,0,5,144,6,2,2
2150,10,2160,0.99537,0.115,1.282805e+07,1.399411e-01,0.0063,3.3087,0,5,124,5,2,2
2151,9,2160,0.995833,0.116,1.291208e+07,1.585179e-01,0.0069,3.3088,0,5,69,4,2,2
2152,8,2160,0.996296,0.119,1.312811e+07,6.096464e-01,0.0063,3.3025,2,4,3,4,2,1
2153,7,2160,0.996759,0.115,1.923814e+07,2.049172e-01,0.007,3.3101,0,5,173,3,2,1
2154,6,2160,0.997222,0.115,1.927950e+07,2.895157e-01,0.0063,3.3201,0,0,172,2,2,1
2155,5,2160,0.997685,0.126,1.993332e+07,4.778532e-01,0.0063,3.3259,1,3,0,2,1,1
2156,4,2160,0.998148,0.129,1.952465e+07,3.689527e-01,0.0067,3.3336,0,5,68,1,1,1
2157,3,2160,0.998611,0.087,2.186645e+07,2.111064e+00,0.0061,3.3256,0,5,82,0,1,1
2158,2,2160,0.999074,0.087,5.990835e+06,2.415411e+00,0.0064,3.3195,1,3,5,0,0,1
2159,1,2160,0.999537,0.087,2.714082e+06,4.448805e+00,0.0066,0.8657,2,5,3,0,0,0
