[08:15:03] === Experiment run started ===
[08:15:03] Repo: /home/simon/repos/onnxmlir-pim-sparsify
[08:15:03] Log:  /home/simon/repos/onnxmlir-pim-sparsify/run_experiments.log
[08:15:03] --- e01_no_adjust ---
[08:15:03]   train: starting
Output folder: /home/simon/repos/onnxmlir-pim-sparsify/artifacts/e01_no_adjust
Data loaded.
	X_train.shape = (10000, 196)
	X_test.shape  = (1000, 196)
Topology: [196, 10, 10, 10]
Training loop started
---------------------------------------------------------
	Epoch 0 of 1000 in 0.43 sec
	Train acc 0.10080 | Test acc 0.08000
---------------------------------------------------------
	Epoch 100 of 1000 in 0.00 sec
	Train acc 0.39360 | Test acc 0.34400
---------------------------------------------------------
	Epoch 200 of 1000 in 0.00 sec
	Train acc 0.78830 | Test acc 0.75400
---------------------------------------------------------
	Epoch 300 of 1000 in 0.00 sec
	Train acc 0.86430 | Test acc 0.85600
---------------------------------------------------------
	Epoch 400 of 1000 in 0.00 sec
	Train acc 0.87500 | Test acc 0.85800
---------------------------------------------------------
	Epoch 500 of 1000 in 0.00 sec
	Train acc 0.89360 | Test acc 0.87700
---------------------------------------------------------
	Epoch 600 of 1000 in 0.00 sec
	Train acc 0.89350 | Test acc 0.88400
---------------------------------------------------------
	Epoch 700 of 1000 in 0.00 sec
	Train acc 0.90370 | Test acc 0.89400
---------------------------------------------------------
	Epoch 800 of 1000 in 0.00 sec
	Train acc 0.91080 | Test acc 0.90100
---------------------------------------------------------
	Epoch 900 of 1000 in 0.00 sec
	Train acc 0.91850 | Test acc 0.90500
---------------------------------------------------------
Training log saved to: /home/simon/repos/onnxmlir-pim-sparsify/artifacts/e01_no_adjust/training_log.csv
Model saved to: /home/simon/repos/onnxmlir-pim-sparsify/artifacts/e01_no_adjust
[08:15:42]   train: done
[08:15:42]   sparsify: starting
Load the parameters from the folder
Found 3 layers in /home/simon/repos/onnxmlir-pim-sparsify/artifacts/e01_no_adjust
Accuracy in validation: 0.9120
Total parameters: 2160
Perturbation distance (sanity check): 3.8276e+00
Starting sparsification loop
At every iteration the network gets:
	 1. Pruned   — remove the least influential parameter
	 2. Adjusted — compensate via remaining parameters
step    0 | acc=0.9120 | NZ=  2160 | sparsity=0.0000 | d_m=0.0000e+00
step    1 | acc=0.9120 | NZ=  2159 | sparsity=0.0005 | d_m=0.0000e+00
step    2 | acc=0.9120 | NZ=  2158 | sparsity=0.0009 | d_m=0.0000e+00
step    3 | acc=0.9120 | NZ=  2157 | sparsity=0.0014 | d_m=0.0000e+00
step    4 | acc=0.9120 | NZ=  2156 | sparsity=0.0019 | d_m=0.0000e+00
step    5 | acc=0.9120 | NZ=  2155 | sparsity=0.0023 | d_m=0.0000e+00
step    6 | acc=0.9120 | NZ=  2154 | sparsity=0.0028 | d_m=0.0000e+00
step    7 | acc=0.9120 | NZ=  2153 | sparsity=0.0032 | d_m=0.0000e+00
step    8 | acc=0.9120 | NZ=  2152 | sparsity=0.0037 | d_m=0.0000e+00
step    9 | acc=0.9120 | NZ=  2151 | sparsity=0.0042 | d_m=0.0000e+00
step   10 | acc=0.9120 | NZ=  2150 | sparsity=0.0046 | d_m=0.0000e+00
step   11 | acc=0.9120 | NZ=  2149 | sparsity=0.0051 | d_m=0.0000e+00
step   12 | acc=0.9120 | NZ=  2148 | sparsity=0.0056 | d_m=0.0000e+00
step   13 | acc=0.9120 | NZ=  2147 | sparsity=0.0060 | d_m=0.0000e+00
step   14 | acc=0.9120 | NZ=  2146 | sparsity=0.0065 | d_m=0.0000e+00
step   15 | acc=0.9120 | NZ=  2145 | sparsity=0.0069 | d_m=0.0000e+00
step   16 | acc=0.9120 | NZ=  2144 | sparsity=0.0074 | d_m=0.0000e+00
step   17 | acc=0.9120 | NZ=  2143 | sparsity=0.0079 | d_m=0.0000e+00
step   18 | acc=0.9120 | NZ=  2142 | sparsity=0.0083 | d_m=0.0000e+00
step   19 | acc=0.9120 | NZ=  2141 | sparsity=0.0088 | d_m=0.0000e+00
step   20 | acc=0.9120 | NZ=  2140 | sparsity=0.0093 | d_m=0.0000e+00
step   21 | acc=0.9120 | NZ=  2139 | sparsity=0.0097 | d_m=0.0000e+00
step   22 | acc=0.9120 | NZ=  2138 | sparsity=0.0102 | d_m=0.0000e+00
step   23 | acc=0.9120 | NZ=  2137 | sparsity=0.0106 | d_m=0.0000e+00
step   24 | acc=0.9120 | NZ=  2136 | sparsity=0.0111 | d_m=0.0000e+00
step   25 | acc=0.9120 | NZ=  2135 | sparsity=0.0116 | d_m=0.0000e+00
step   26 | acc=0.9120 | NZ=  2134 | sparsity=0.0120 | d_m=0.0000e+00
step   27 | acc=0.9120 | NZ=  2133 | sparsity=0.0125 | d_m=0.0000e+00
step   28 | acc=0.9120 | NZ=  2132 | sparsity=0.0130 | d_m=0.0000e+00
step   29 | acc=0.9120 | NZ=  2131 | sparsity=0.0134 | d_m=0.0000e+00
step   30 | acc=0.9120 | NZ=  2130 | sparsity=0.0139 | d_m=0.0000e+00
step   31 | acc=0.9120 | NZ=  2129 | sparsity=0.0144 | d_m=0.0000e+00
step   32 | acc=0.9120 | NZ=  2128 | sparsity=0.0148 | d_m=0.0000e+00
step   33 | acc=0.9120 | NZ=  2127 | sparsity=0.0153 | d_m=0.0000e+00
step   34 | acc=0.9120 | NZ=  2126 | sparsity=0.0157 | d_m=0.0000e+00
step   35 | acc=0.9120 | NZ=  2125 | sparsity=0.0162 | d_m=0.0000e+00
step   36 | acc=0.9120 | NZ=  2124 | sparsity=0.0167 | d_m=0.0000e+00
step   37 | acc=0.9120 | NZ=  2123 | sparsity=0.0171 | d_m=0.0000e+00
step   38 | acc=0.9120 | NZ=  2122 | sparsity=0.0176 | d_m=0.0000e+00
step   39 | acc=0.9120 | NZ=  2121 | sparsity=0.0181 | d_m=0.0000e+00
step   40 | acc=0.9120 | NZ=  2120 | sparsity=0.0185 | d_m=0.0000e+00
step   41 | acc=0.9120 | NZ=  2119 | sparsity=0.0190 | d_m=0.0000e+00
step   42 | acc=0.9120 | NZ=  2118 | sparsity=0.0194 | d_m=0.0000e+00
step   43 | acc=0.9120 | NZ=  2117 | sparsity=0.0199 | d_m=0.0000e+00
step   44 | acc=0.9120 | NZ=  2116 | sparsity=0.0204 | d_m=0.0000e+00
step   45 | acc=0.9120 | NZ=  2115 | sparsity=0.0208 | d_m=0.0000e+00
step   46 | acc=0.9120 | NZ=  2114 | sparsity=0.0213 | d_m=0.0000e+00
step   47 | acc=0.9120 | NZ=  2113 | sparsity=0.0218 | d_m=0.0000e+00
step   48 | acc=0.9120 | NZ=  2112 | sparsity=0.0222 | d_m=0.0000e+00
step   49 | acc=0.9120 | NZ=  2111 | sparsity=0.0227 | d_m=0.0000e+00
step   50 | acc=0.9120 | NZ=  2110 | sparsity=0.0231 | d_m=0.0000e+00
step   51 | acc=0.9120 | NZ=  2109 | sparsity=0.0236 | d_m=0.0000e+00
step   52 | acc=0.9120 | NZ=  2108 | sparsity=0.0241 | d_m=0.0000e+00
step   53 | acc=0.9120 | NZ=  2107 | sparsity=0.0245 | d_m=0.0000e+00
step   54 | acc=0.9120 | NZ=  2106 | sparsity=0.0250 | d_m=0.0000e+00
step   55 | acc=0.9120 | NZ=  2105 | sparsity=0.0255 | d_m=0.0000e+00
step   56 | acc=0.9120 | NZ=  2104 | sparsity=0.0259 | d_m=0.0000e+00
step   57 | acc=0.9120 | NZ=  2103 | sparsity=0.0264 | d_m=0.0000e+00
step   58 | acc=0.9120 | NZ=  2102 | sparsity=0.0269 | d_m=0.0000e+00
step   59 | acc=0.9120 | NZ=  2101 | sparsity=0.0273 | d_m=0.0000e+00
step   60 | acc=0.9120 | NZ=  2100 | sparsity=0.0278 | d_m=0.0000e+00
step   61 | acc=0.9120 | NZ=  2099 | sparsity=0.0282 | d_m=0.0000e+00
step   62 | acc=0.9120 | NZ=  2098 | sparsity=0.0287 | d_m=0.0000e+00
step   63 | acc=0.9120 | NZ=  2097 | sparsity=0.0292 | d_m=0.0000e+00
step   64 | acc=0.9120 | NZ=  2096 | sparsity=0.0296 | d_m=0.0000e+00
step   65 | acc=0.9120 | NZ=  2095 | sparsity=0.0301 | d_m=0.0000e+00
step   66 | acc=0.9120 | NZ=  2094 | sparsity=0.0306 | d_m=0.0000e+00
step   67 | acc=0.9120 | NZ=  2093 | sparsity=0.0310 | d_m=0.0000e+00
step   68 | acc=0.9120 | NZ=  2092 | sparsity=0.0315 | d_m=0.0000e+00
step   69 | acc=0.9120 | NZ=  2091 | sparsity=0.0319 | d_m=0.0000e+00
step   70 | acc=0.9120 | NZ=  2090 | sparsity=0.0324 | d_m=0.0000e+00
step   71 | acc=0.9120 | NZ=  2089 | sparsity=0.0329 | d_m=0.0000e+00
step   72 | acc=0.9120 | NZ=  2088 | sparsity=0.0333 | d_m=0.0000e+00
step   73 | acc=0.9120 | NZ=  2087 | sparsity=0.0338 | d_m=0.0000e+00
step   74 | acc=0.9120 | NZ=  2086 | sparsity=0.0343 | d_m=0.0000e+00
step   75 | acc=0.9120 | NZ=  2085 | sparsity=0.0347 | d_m=0.0000e+00
step   76 | acc=0.9120 | NZ=  2084 | sparsity=0.0352 | d_m=0.0000e+00
step   77 | acc=0.9120 | NZ=  2083 | sparsity=0.0356 | d_m=0.0000e+00
step   78 | acc=0.9120 | NZ=  2082 | sparsity=0.0361 | d_m=0.0000e+00
step   79 | acc=0.9120 | NZ=  2081 | sparsity=0.0366 | d_m=0.0000e+00
step   80 | acc=0.9120 | NZ=  2080 | sparsity=0.0370 | d_m=0.0000e+00
step   81 | acc=0.9120 | NZ=  2079 | sparsity=0.0375 | d_m=0.0000e+00
step   82 | acc=0.9120 | NZ=  2078 | sparsity=0.0380 | d_m=0.0000e+00
step   83 | acc=0.9120 | NZ=  2077 | sparsity=0.0384 | d_m=0.0000e+00
step   84 | acc=0.9120 | NZ=  2076 | sparsity=0.0389 | d_m=0.0000e+00
step   85 | acc=0.9120 | NZ=  2075 | sparsity=0.0394 | d_m=0.0000e+00
step   86 | acc=0.9120 | NZ=  2074 | sparsity=0.0398 | d_m=0.0000e+00
step   87 | acc=0.9120 | NZ=  2073 | sparsity=0.0403 | d_m=0.0000e+00
step   88 | acc=0.9120 | NZ=  2072 | sparsity=0.0407 | d_m=0.0000e+00
step   89 | acc=0.9120 | NZ=  2071 | sparsity=0.0412 | d_m=0.0000e+00
step   90 | acc=0.9120 | NZ=  2070 | sparsity=0.0417 | d_m=0.0000e+00
step   91 | acc=0.9120 | NZ=  2069 | sparsity=0.0421 | d_m=0.0000e+00
step   92 | acc=0.9120 | NZ=  2068 | sparsity=0.0426 | d_m=0.0000e+00
step   93 | acc=0.9120 | NZ=  2067 | sparsity=0.0431 | d_m=0.0000e+00
step   94 | acc=0.9120 | NZ=  2066 | sparsity=0.0435 | d_m=0.0000e+00
step   95 | acc=0.9120 | NZ=  2065 | sparsity=0.0440 | d_m=0.0000e+00
step   96 | acc=0.9120 | NZ=  2064 | sparsity=0.0444 | d_m=0.0000e+00
step   97 | acc=0.9120 | NZ=  2063 | sparsity=0.0449 | d_m=0.0000e+00
step   98 | acc=0.9120 | NZ=  2062 | sparsity=0.0454 | d_m=0.0000e+00
step   99 | acc=0.9120 | NZ=  2061 | sparsity=0.0458 | d_m=0.0000e+00
step  100 | acc=0.9120 | NZ=  2060 | sparsity=0.0463 | d_m=0.0000e+00
step  101 | acc=0.9120 | NZ=  2059 | sparsity=0.0468 | d_m=0.0000e+00
step  102 | acc=0.9120 | NZ=  2058 | sparsity=0.0472 | d_m=0.0000e+00
step  103 | acc=0.9120 | NZ=  2057 | sparsity=0.0477 | d_m=0.0000e+00
step  104 | acc=0.9120 | NZ=  2056 | sparsity=0.0481 | d_m=0.0000e+00
step  105 | acc=0.9120 | NZ=  2055 | sparsity=0.0486 | d_m=0.0000e+00
step  106 | acc=0.9120 | NZ=  2054 | sparsity=0.0491 | d_m=0.0000e+00
step  107 | acc=0.9120 | NZ=  2053 | sparsity=0.0495 | d_m=0.0000e+00
step  108 | acc=0.9120 | NZ=  2052 | sparsity=0.0500 | d_m=0.0000e+00
step  109 | acc=0.9120 | NZ=  2051 | sparsity=0.0505 | d_m=0.0000e+00
step  110 | acc=0.9120 | NZ=  2050 | sparsity=0.0509 | d_m=0.0000e+00
step  111 | acc=0.9120 | NZ=  2049 | sparsity=0.0514 | d_m=0.0000e+00
step  112 | acc=0.9120 | NZ=  2048 | sparsity=0.0519 | d_m=0.0000e+00
step  113 | acc=0.9120 | NZ=  2047 | sparsity=0.0523 | d_m=0.0000e+00
step  114 | acc=0.9120 | NZ=  2046 | sparsity=0.0528 | d_m=0.0000e+00
step  115 | acc=0.9120 | NZ=  2045 | sparsity=0.0532 | d_m=0.0000e+00
step  116 | acc=0.9120 | NZ=  2044 | sparsity=0.0537 | d_m=0.0000e+00
step  117 | acc=0.9120 | NZ=  2043 | sparsity=0.0542 | d_m=0.0000e+00
step  118 | acc=0.9120 | NZ=  2042 | sparsity=0.0546 | d_m=0.0000e+00
step  119 | acc=0.9120 | NZ=  2041 | sparsity=0.0551 | d_m=0.0000e+00
step  120 | acc=0.9120 | NZ=  2040 | sparsity=0.0556 | d_m=0.0000e+00
step  121 | acc=0.9120 | NZ=  2039 | sparsity=0.0560 | d_m=0.0000e+00
step  122 | acc=0.9120 | NZ=  2038 | sparsity=0.0565 | d_m=0.0000e+00
step  123 | acc=0.9120 | NZ=  2037 | sparsity=0.0569 | d_m=0.0000e+00
step  124 | acc=0.9120 | NZ=  2036 | sparsity=0.0574 | d_m=0.0000e+00
step  125 | acc=0.9120 | NZ=  2035 | sparsity=0.0579 | d_m=0.0000e+00
step  126 | acc=0.9120 | NZ=  2034 | sparsity=0.0583 | d_m=0.0000e+00
step  127 | acc=0.9120 | NZ=  2033 | sparsity=0.0588 | d_m=0.0000e+00
step  128 | acc=0.9120 | NZ=  2032 | sparsity=0.0593 | d_m=0.0000e+00
step  129 | acc=0.9120 | NZ=  2031 | sparsity=0.0597 | d_m=0.0000e+00
step  130 | acc=0.9120 | NZ=  2030 | sparsity=0.0602 | d_m=0.0000e+00
step  131 | acc=0.9120 | NZ=  2029 | sparsity=0.0606 | d_m=0.0000e+00
step  132 | acc=0.9120 | NZ=  2028 | sparsity=0.0611 | d_m=0.0000e+00
step  133 | acc=0.9120 | NZ=  2027 | sparsity=0.0616 | d_m=0.0000e+00
step  134 | acc=0.9120 | NZ=  2026 | sparsity=0.0620 | d_m=0.0000e+00
step  135 | acc=0.9120 | NZ=  2025 | sparsity=0.0625 | d_m=0.0000e+00
step  136 | acc=0.9120 | NZ=  2024 | sparsity=0.0630 | d_m=0.0000e+00
step  137 | acc=0.9120 | NZ=  2023 | sparsity=0.0634 | d_m=0.0000e+00
step  138 | acc=0.9120 | NZ=  2022 | sparsity=0.0639 | d_m=0.0000e+00
step  139 | acc=0.9120 | NZ=  2021 | sparsity=0.0644 | d_m=0.0000e+00
step  140 | acc=0.9120 | NZ=  2020 | sparsity=0.0648 | d_m=0.0000e+00
step  141 | acc=0.9120 | NZ=  2019 | sparsity=0.0653 | d_m=0.0000e+00
step  142 | acc=0.9120 | NZ=  2018 | sparsity=0.0657 | d_m=0.0000e+00
step  143 | acc=0.9120 | NZ=  2017 | sparsity=0.0662 | d_m=0.0000e+00
step  144 | acc=0.9120 | NZ=  2016 | sparsity=0.0667 | d_m=0.0000e+00
step  145 | acc=0.9120 | NZ=  2015 | sparsity=0.0671 | d_m=0.0000e+00
step  146 | acc=0.9120 | NZ=  2014 | sparsity=0.0676 | d_m=0.0000e+00
step  147 | acc=0.9120 | NZ=  2013 | sparsity=0.0681 | d_m=0.0000e+00
step  148 | acc=0.9120 | NZ=  2012 | sparsity=0.0685 | d_m=0.0000e+00
step  149 | acc=0.9120 | NZ=  2011 | sparsity=0.0690 | d_m=0.0000e+00
step  150 | acc=0.9120 | NZ=  2010 | sparsity=0.0694 | d_m=0.0000e+00
step  151 | acc=0.9120 | NZ=  2009 | sparsity=0.0699 | d_m=0.0000e+00
step  152 | acc=0.9120 | NZ=  2008 | sparsity=0.0704 | d_m=0.0000e+00
step  153 | acc=0.9120 | NZ=  2007 | sparsity=0.0708 | d_m=0.0000e+00
step  154 | acc=0.9120 | NZ=  2006 | sparsity=0.0713 | d_m=0.0000e+00
step  155 | acc=0.9120 | NZ=  2005 | sparsity=0.0718 | d_m=0.0000e+00
step  156 | acc=0.9120 | NZ=  2004 | sparsity=0.0722 | d_m=0.0000e+00
step  157 | acc=0.9120 | NZ=  2003 | sparsity=0.0727 | d_m=0.0000e+00
step  158 | acc=0.9120 | NZ=  2002 | sparsity=0.0731 | d_m=0.0000e+00
step  159 | acc=0.9120 | NZ=  2001 | sparsity=0.0736 | d_m=0.0000e+00
step  160 | acc=0.9120 | NZ=  2000 | sparsity=0.0741 | d_m=0.0000e+00
step  161 | acc=0.9120 | NZ=  1999 | sparsity=0.0745 | d_m=0.0000e+00
step  162 | acc=0.9120 | NZ=  1998 | sparsity=0.0750 | d_m=0.0000e+00
step  163 | acc=0.9120 | NZ=  1997 | sparsity=0.0755 | d_m=0.0000e+00
step  164 | acc=0.9120 | NZ=  1996 | sparsity=0.0759 | d_m=0.0000e+00
step  165 | acc=0.9120 | NZ=  1995 | sparsity=0.0764 | d_m=0.0000e+00
step  166 | acc=0.9120 | NZ=  1994 | sparsity=0.0769 | d_m=0.0000e+00
step  167 | acc=0.9120 | NZ=  1993 | sparsity=0.0773 | d_m=0.0000e+00
step  168 | acc=0.9120 | NZ=  1992 | sparsity=0.0778 | d_m=0.0000e+00
step  169 | acc=0.9120 | NZ=  1991 | sparsity=0.0782 | d_m=0.0000e+00
step  170 | acc=0.9120 | NZ=  1990 | sparsity=0.0787 | d_m=0.0000e+00
step  171 | acc=0.9120 | NZ=  1989 | sparsity=0.0792 | d_m=0.0000e+00
step  172 | acc=0.9120 | NZ=  1988 | sparsity=0.0796 | d_m=0.0000e+00
step  173 | acc=0.9120 | NZ=  1987 | sparsity=0.0801 | d_m=0.0000e+00
step  174 | acc=0.9120 | NZ=  1986 | sparsity=0.0806 | d_m=0.0000e+00
step  175 | acc=0.9120 | NZ=  1985 | sparsity=0.0810 | d_m=0.0000e+00
step  176 | acc=0.9120 | NZ=  1984 | sparsity=0.0815 | d_m=0.0000e+00
step  177 | acc=0.9120 | NZ=  1983 | sparsity=0.0819 | d_m=0.0000e+00
step  178 | acc=0.9120 | NZ=  1982 | sparsity=0.0824 | d_m=0.0000e+00
step  179 | acc=0.9120 | NZ=  1981 | sparsity=0.0829 | d_m=0.0000e+00
step  180 | acc=0.9120 | NZ=  1980 | sparsity=0.0833 | d_m=0.0000e+00
step  181 | acc=0.9120 | NZ=  1979 | sparsity=0.0838 | d_m=0.0000e+00
step  182 | acc=0.9120 | NZ=  1978 | sparsity=0.0843 | d_m=0.0000e+00
step  183 | acc=0.9120 | NZ=  1977 | sparsity=0.0847 | d_m=0.0000e+00
step  184 | acc=0.9120 | NZ=  1976 | sparsity=0.0852 | d_m=0.0000e+00
step  185 | acc=0.9120 | NZ=  1975 | sparsity=0.0856 | d_m=0.0000e+00
step  186 | acc=0.9120 | NZ=  1974 | sparsity=0.0861 | d_m=0.0000e+00
step  187 | acc=0.9120 | NZ=  1973 | sparsity=0.0866 | d_m=0.0000e+00
step  188 | acc=0.9120 | NZ=  1972 | sparsity=0.0870 | d_m=0.0000e+00
step  189 | acc=0.9120 | NZ=  1971 | sparsity=0.0875 | d_m=0.0000e+00
step  190 | acc=0.9120 | NZ=  1970 | sparsity=0.0880 | d_m=0.0000e+00
step  191 | acc=0.9120 | NZ=  1969 | sparsity=0.0884 | d_m=0.0000e+00
step  192 | acc=0.9120 | NZ=  1968 | sparsity=0.0889 | d_m=0.0000e+00
step  193 | acc=0.9120 | NZ=  1967 | sparsity=0.0894 | d_m=0.0000e+00
step  194 | acc=0.9120 | NZ=  1966 | sparsity=0.0898 | d_m=0.0000e+00
step  195 | acc=0.9120 | NZ=  1965 | sparsity=0.0903 | d_m=0.0000e+00
step  196 | acc=0.9120 | NZ=  1964 | sparsity=0.0907 | d_m=0.0000e+00
step  197 | acc=0.9120 | NZ=  1963 | sparsity=0.0912 | d_m=0.0000e+00
step  198 | acc=0.9120 | NZ=  1962 | sparsity=0.0917 | d_m=0.0000e+00
step  199 | acc=0.9120 | NZ=  1961 | sparsity=0.0921 | d_m=0.0000e+00
step  200 | acc=0.9120 | NZ=  1960 | sparsity=0.0926 | d_m=0.0000e+00
step  201 | acc=0.9120 | NZ=  1959 | sparsity=0.0931 | d_m=0.0000e+00
step  202 | acc=0.9120 | NZ=  1958 | sparsity=0.0935 | d_m=0.0000e+00
step  203 | acc=0.9120 | NZ=  1957 | sparsity=0.0940 | d_m=0.0000e+00
step  204 | acc=0.9120 | NZ=  1956 | sparsity=0.0944 | d_m=0.0000e+00
step  205 | acc=0.9120 | NZ=  1955 | sparsity=0.0949 | d_m=0.0000e+00
step  206 | acc=0.9120 | NZ=  1954 | sparsity=0.0954 | d_m=0.0000e+00
step  207 | acc=0.9120 | NZ=  1953 | sparsity=0.0958 | d_m=0.0000e+00
step  208 | acc=0.9120 | NZ=  1952 | sparsity=0.0963 | d_m=0.0000e+00
step  209 | acc=0.9120 | NZ=  1951 | sparsity=0.0968 | d_m=0.0000e+00
step  210 | acc=0.9120 | NZ=  1950 | sparsity=0.0972 | d_m=0.0000e+00
step  211 | acc=0.9120 | NZ=  1949 | sparsity=0.0977 | d_m=0.0000e+00
step  212 | acc=0.9120 | NZ=  1948 | sparsity=0.0981 | d_m=0.0000e+00
step  213 | acc=0.9120 | NZ=  1947 | sparsity=0.0986 | d_m=0.0000e+00
step  214 | acc=0.9120 | NZ=  1946 | sparsity=0.0991 | d_m=0.0000e+00
step  215 | acc=0.9120 | NZ=  1945 | sparsity=0.0995 | d_m=0.0000e+00
step  216 | acc=0.9120 | NZ=  1944 | sparsity=0.1000 | d_m=0.0000e+00
step  217 | acc=0.9120 | NZ=  1943 | sparsity=0.1005 | d_m=0.0000e+00
step  218 | acc=0.9120 | NZ=  1942 | sparsity=0.1009 | d_m=0.0000e+00
step  219 | acc=0.9120 | NZ=  1941 | sparsity=0.1014 | d_m=0.0000e+00
step  220 | acc=0.9120 | NZ=  1940 | sparsity=0.1019 | d_m=0.0000e+00
step  221 | acc=0.9120 | NZ=  1939 | sparsity=0.1023 | d_m=0.0000e+00
step  222 | acc=0.9120 | NZ=  1938 | sparsity=0.1028 | d_m=0.0000e+00
step  223 | acc=0.9120 | NZ=  1937 | sparsity=0.1032 | d_m=0.0000e+00
step  224 | acc=0.9120 | NZ=  1936 | sparsity=0.1037 | d_m=0.0000e+00
step  225 | acc=0.9120 | NZ=  1935 | sparsity=0.1042 | d_m=0.0000e+00
step  226 | acc=0.9120 | NZ=  1934 | sparsity=0.1046 | d_m=1.3896e-04
step  227 | acc=0.9120 | NZ=  1933 | sparsity=0.1051 | d_m=2.0605e-04
step  228 | acc=0.9120 | NZ=  1932 | sparsity=0.1056 | d_m=2.5664e-03
step  229 | acc=0.9120 | NZ=  1931 | sparsity=0.1060 | d_m=9.5531e-03
step  230 | acc=0.9120 | NZ=  1930 | sparsity=0.1065 | d_m=3.0987e-02
step  231 | acc=0.9120 | NZ=  1929 | sparsity=0.1069 | d_m=3.1063e-02
step  232 | acc=0.9120 | NZ=  1928 | sparsity=0.1074 | d_m=7.9289e-02
step  233 | acc=0.9120 | NZ=  1927 | sparsity=0.1079 | d_m=1.8891e-01
step  234 | acc=0.9120 | NZ=  1926 | sparsity=0.1083 | d_m=2.9774e-01
step  235 | acc=0.9120 | NZ=  1925 | sparsity=0.1088 | d_m=4.5062e-01
step  236 | acc=0.9120 | NZ=  1924 | sparsity=0.1093 | d_m=4.5059e-01
step  237 | acc=0.9120 | NZ=  1923 | sparsity=0.1097 | d_m=6.4393e-01
step  238 | acc=0.9120 | NZ=  1922 | sparsity=0.1102 | d_m=5.6207e-01
step  239 | acc=0.9120 | NZ=  1921 | sparsity=0.1106 | d_m=7.4769e-01
step  240 | acc=0.9120 | NZ=  1920 | sparsity=0.1111 | d_m=1.0053e+00
step  241 | acc=0.9120 | NZ=  1919 | sparsity=0.1116 | d_m=1.1531e+00
step  242 | acc=0.9120 | NZ=  1918 | sparsity=0.1120 | d_m=1.4395e+00
step  243 | acc=0.9120 | NZ=  1917 | sparsity=0.1125 | d_m=1.6062e+00
step  244 | acc=0.9120 | NZ=  1916 | sparsity=0.1130 | d_m=1.5856e+00
step  245 | acc=0.9120 | NZ=  1915 | sparsity=0.1134 | d_m=2.0856e+00
step  246 | acc=0.9130 | NZ=  1914 | sparsity=0.1139 | d_m=2.1418e+00
step  247 | acc=0.9130 | NZ=  1913 | sparsity=0.1144 | d_m=2.2462e+00
step  248 | acc=0.9130 | NZ=  1912 | sparsity=0.1148 | d_m=2.8497e+00
step  249 | acc=0.9130 | NZ=  1911 | sparsity=0.1153 | d_m=3.0709e+00
step  250 | acc=0.9130 | NZ=  1910 | sparsity=0.1157 | d_m=3.6734e+00
step  251 | acc=0.9130 | NZ=  1909 | sparsity=0.1162 | d_m=3.3346e+00
step  252 | acc=0.9130 | NZ=  1908 | sparsity=0.1167 | d_m=4.1705e+00
step  253 | acc=0.9130 | NZ=  1907 | sparsity=0.1171 | d_m=4.2423e+00
step  254 | acc=0.9130 | NZ=  1906 | sparsity=0.1176 | d_m=4.8802e+00
step  255 | acc=0.9130 | NZ=  1905 | sparsity=0.1181 | d_m=5.1771e+00
step  256 | acc=0.9130 | NZ=  1904 | sparsity=0.1185 | d_m=5.4898e+00
step  257 | acc=0.9130 | NZ=  1903 | sparsity=0.1190 | d_m=6.0700e+00
step  258 | acc=0.9130 | NZ=  1902 | sparsity=0.1194 | d_m=6.5709e+00
step  259 | acc=0.9130 | NZ=  1901 | sparsity=0.1199 | d_m=6.4628e+00
step  260 | acc=0.9130 | NZ=  1900 | sparsity=0.1204 | d_m=7.4728e+00
step  261 | acc=0.9130 | NZ=  1899 | sparsity=0.1208 | d_m=6.9969e+00
step  262 | acc=0.9130 | NZ=  1898 | sparsity=0.1213 | d_m=8.6012e+00
step  263 | acc=0.9130 | NZ=  1897 | sparsity=0.1218 | d_m=8.0394e+00
step  264 | acc=0.9130 | NZ=  1896 | sparsity=0.1222 | d_m=9.9261e+00
step  265 | acc=0.9130 | NZ=  1895 | sparsity=0.1227 | d_m=9.1859e+00
step  266 | acc=0.9130 | NZ=  1894 | sparsity=0.1231 | d_m=1.1046e+01
step  267 | acc=0.9130 | NZ=  1893 | sparsity=0.1236 | d_m=1.0431e+01
step  268 | acc=0.9130 | NZ=  1892 | sparsity=0.1241 | d_m=1.2508e+01
step  269 | acc=0.9130 | NZ=  1891 | sparsity=0.1245 | d_m=1.2478e+01
step  270 | acc=0.9130 | NZ=  1890 | sparsity=0.1250 | d_m=1.3871e+01
step  271 | acc=0.9130 | NZ=  1889 | sparsity=0.1255 | d_m=1.4639e+01
step  272 | acc=0.9130 | NZ=  1888 | sparsity=0.1259 | d_m=1.6171e+01
step  273 | acc=0.9130 | NZ=  1887 | sparsity=0.1264 | d_m=1.5573e+01
step  274 | acc=0.9130 | NZ=  1886 | sparsity=0.1269 | d_m=1.7546e+01
step  275 | acc=0.9130 | NZ=  1885 | sparsity=0.1273 | d_m=1.6764e+01
step  276 | acc=0.9130 | NZ=  1884 | sparsity=0.1278 | d_m=1.9003e+01
step  277 | acc=0.9130 | NZ=  1883 | sparsity=0.1282 | d_m=1.8425e+01
step  278 | acc=0.9130 | NZ=  1882 | sparsity=0.1287 | d_m=2.0332e+01
step  279 | acc=0.9130 | NZ=  1881 | sparsity=0.1292 | d_m=1.9810e+01
step  280 | acc=0.9130 | NZ=  1880 | sparsity=0.1296 | d_m=2.2351e+01
step  281 | acc=0.9130 | NZ=  1879 | sparsity=0.1301 | d_m=2.2070e+01
step  282 | acc=0.9130 | NZ=  1878 | sparsity=0.1306 | d_m=2.4179e+01
step  283 | acc=0.9130 | NZ=  1877 | sparsity=0.1310 | d_m=2.5244e+01
step  284 | acc=0.9130 | NZ=  1876 | sparsity=0.1315 | d_m=2.6174e+01
step  285 | acc=0.9130 | NZ=  1875 | sparsity=0.1319 | d_m=2.7526e+01
step  286 | acc=0.9130 | NZ=  1874 | sparsity=0.1324 | d_m=2.8087e+01
step  287 | acc=0.9130 | NZ=  1873 | sparsity=0.1329 | d_m=3.0574e+01
step  288 | acc=0.9130 | NZ=  1872 | sparsity=0.1333 | d_m=2.9996e+01
step  289 | acc=0.9130 | NZ=  1871 | sparsity=0.1338 | d_m=3.1902e+01
step  290 | acc=0.9130 | NZ=  1870 | sparsity=0.1343 | d_m=3.2584e+01
step  291 | acc=0.9130 | NZ=  1869 | sparsity=0.1347 | d_m=3.4432e+01
step  292 | acc=0.9130 | NZ=  1868 | sparsity=0.1352 | d_m=3.5555e+01
step  293 | acc=0.9130 | NZ=  1867 | sparsity=0.1356 | d_m=3.6626e+01
step  294 | acc=0.9130 | NZ=  1866 | sparsity=0.1361 | d_m=4.0281e+01
step  295 | acc=0.9130 | NZ=  1865 | sparsity=0.1366 | d_m=4.0439e+01
step  296 | acc=0.9130 | NZ=  1864 | sparsity=0.1370 | d_m=4.4427e+01
step  297 | acc=0.9130 | NZ=  1863 | sparsity=0.1375 | d_m=4.3420e+01
step  298 | acc=0.9130 | NZ=  1862 | sparsity=0.1380 | d_m=4.7762e+01
step  299 | acc=0.9130 | NZ=  1861 | sparsity=0.1384 | d_m=4.7509e+01
step  300 | acc=0.9130 | NZ=  1860 | sparsity=0.1389 | d_m=5.0144e+01
step  301 | acc=0.9130 | NZ=  1859 | sparsity=0.1394 | d_m=5.2414e+01
step  302 | acc=0.9130 | NZ=  1858 | sparsity=0.1398 | d_m=5.6440e+01
step  303 | acc=0.9130 | NZ=  1857 | sparsity=0.1403 | d_m=5.7521e+01
step  304 | acc=0.9130 | NZ=  1856 | sparsity=0.1407 | d_m=5.9586e+01
step  305 | acc=0.9130 | NZ=  1855 | sparsity=0.1412 | d_m=5.7196e+01
step  306 | acc=0.9130 | NZ=  1854 | sparsity=0.1417 | d_m=6.1466e+01
step  307 | acc=0.9130 | NZ=  1853 | sparsity=0.1421 | d_m=6.4262e+01
step  308 | acc=0.9130 | NZ=  1852 | sparsity=0.1426 | d_m=6.4362e+01
step  309 | acc=0.9130 | NZ=  1851 | sparsity=0.1431 | d_m=6.7939e+01
step  310 | acc=0.9130 | NZ=  1850 | sparsity=0.1435 | d_m=6.6305e+01
step  311 | acc=0.9130 | NZ=  1849 | sparsity=0.1440 | d_m=6.8896e+01
step  312 | acc=0.9130 | NZ=  1848 | sparsity=0.1444 | d_m=7.1395e+01
step  313 | acc=0.9130 | NZ=  1847 | sparsity=0.1449 | d_m=7.3645e+01
step  314 | acc=0.9130 | NZ=  1846 | sparsity=0.1454 | d_m=7.6280e+01
step  315 | acc=0.9120 | NZ=  1845 | sparsity=0.1458 | d_m=7.8623e+01
step  316 | acc=0.9120 | NZ=  1844 | sparsity=0.1463 | d_m=8.2855e+01
step  317 | acc=0.9120 | NZ=  1843 | sparsity=0.1468 | d_m=8.2858e+01
step  318 | acc=0.9130 | NZ=  1842 | sparsity=0.1472 | d_m=8.5813e+01
step  319 | acc=0.9130 | NZ=  1841 | sparsity=0.1477 | d_m=8.9599e+01
step  320 | acc=0.9130 | NZ=  1840 | sparsity=0.1481 | d_m=8.9556e+01
step  321 | acc=0.9130 | NZ=  1839 | sparsity=0.1486 | d_m=9.6638e+01
step  322 | acc=0.9130 | NZ=  1838 | sparsity=0.1491 | d_m=9.9626e+01
step  323 | acc=0.9130 | NZ=  1837 | sparsity=0.1495 | d_m=1.0368e+02
step  324 | acc=0.9130 | NZ=  1836 | sparsity=0.1500 | d_m=1.0320e+02
step  325 | acc=0.9130 | NZ=  1835 | sparsity=0.1505 | d_m=1.0997e+02
step  326 | acc=0.9130 | NZ=  1834 | sparsity=0.1509 | d_m=1.0813e+02
step  327 | acc=0.9130 | NZ=  1833 | sparsity=0.1514 | d_m=1.1604e+02
step  328 | acc=0.9130 | NZ=  1832 | sparsity=0.1519 | d_m=1.1062e+02
step  329 | acc=0.9130 | NZ=  1831 | sparsity=0.1523 | d_m=1.1494e+02
step  330 | acc=0.9130 | NZ=  1830 | sparsity=0.1528 | d_m=1.1721e+02
step  331 | acc=0.9130 | NZ=  1829 | sparsity=0.1532 | d_m=1.2177e+02
step  332 | acc=0.9130 | NZ=  1828 | sparsity=0.1537 | d_m=1.1879e+02
step  333 | acc=0.9130 | NZ=  1827 | sparsity=0.1542 | d_m=1.2614e+02
step  334 | acc=0.9130 | NZ=  1826 | sparsity=0.1546 | d_m=1.2366e+02
step  335 | acc=0.9130 | NZ=  1825 | sparsity=0.1551 | d_m=1.3197e+02
step  336 | acc=0.9130 | NZ=  1824 | sparsity=0.1556 | d_m=1.3108e+02
step  337 | acc=0.9130 | NZ=  1823 | sparsity=0.1560 | d_m=1.3251e+02
step  338 | acc=0.9130 | NZ=  1822 | sparsity=0.1565 | d_m=1.4172e+02
step  339 | acc=0.9130 | NZ=  1821 | sparsity=0.1569 | d_m=1.4214e+02
step  340 | acc=0.9130 | NZ=  1820 | sparsity=0.1574 | d_m=1.4859e+02
step  341 | acc=0.9130 | NZ=  1819 | sparsity=0.1579 | d_m=1.4711e+02
step  342 | acc=0.9130 | NZ=  1818 | sparsity=0.1583 | d_m=1.5345e+02
step  343 | acc=0.9130 | NZ=  1817 | sparsity=0.1588 | d_m=1.5669e+02
step  344 | acc=0.9130 | NZ=  1816 | sparsity=0.1593 | d_m=1.5685e+02
step  345 | acc=0.9130 | NZ=  1815 | sparsity=0.1597 | d_m=1.6163e+02
step  346 | acc=0.9130 | NZ=  1814 | sparsity=0.1602 | d_m=1.7072e+02
step  347 | acc=0.9130 | NZ=  1813 | sparsity=0.1606 | d_m=1.7152e+02
step  348 | acc=0.9130 | NZ=  1812 | sparsity=0.1611 | d_m=1.7610e+02
step  349 | acc=0.9130 | NZ=  1811 | sparsity=0.1616 | d_m=1.8306e+02
step  350 | acc=0.9130 | NZ=  1810 | sparsity=0.1620 | d_m=1.8703e+02
step  351 | acc=0.9130 | NZ=  1809 | sparsity=0.1625 | d_m=1.9395e+02
step  352 | acc=0.9130 | NZ=  1808 | sparsity=0.1630 | d_m=1.9631e+02
step  353 | acc=0.9130 | NZ=  1807 | sparsity=0.1634 | d_m=2.0583e+02
step  354 | acc=0.9130 | NZ=  1806 | sparsity=0.1639 | d_m=2.0284e+02
step  355 | acc=0.9120 | NZ=  1805 | sparsity=0.1644 | d_m=2.1139e+02
step  356 | acc=0.9120 | NZ=  1804 | sparsity=0.1648 | d_m=2.1034e+02
step  357 | acc=0.9120 | NZ=  1803 | sparsity=0.1653 | d_m=2.1314e+02
step  358 | acc=0.9120 | NZ=  1802 | sparsity=0.1657 | d_m=2.2238e+02
step  359 | acc=0.9120 | NZ=  1801 | sparsity=0.1662 | d_m=2.2415e+02
step  360 | acc=0.9120 | NZ=  1800 | sparsity=0.1667 | d_m=2.3496e+02
step  361 | acc=0.9120 | NZ=  1799 | sparsity=0.1671 | d_m=2.3369e+02
step  362 | acc=0.9120 | NZ=  1798 | sparsity=0.1676 | d_m=2.4699e+02
step  363 | acc=0.9120 | NZ=  1797 | sparsity=0.1681 | d_m=2.4428e+02
step  364 | acc=0.9120 | NZ=  1796 | sparsity=0.1685 | d_m=2.5954e+02
step  365 | acc=0.9120 | NZ=  1795 | sparsity=0.1690 | d_m=2.5295e+02
step  366 | acc=0.9120 | NZ=  1794 | sparsity=0.1694 | d_m=2.6104e+02
step  367 | acc=0.9120 | NZ=  1793 | sparsity=0.1699 | d_m=2.6618e+02
step  368 | acc=0.9120 | NZ=  1792 | sparsity=0.1704 | d_m=2.7165e+02
step  369 | acc=0.9120 | NZ=  1791 | sparsity=0.1708 | d_m=2.7915e+02
step  370 | acc=0.9120 | NZ=  1790 | sparsity=0.1713 | d_m=2.8343e+02
step  371 | acc=0.9120 | NZ=  1789 | sparsity=0.1718 | d_m=2.9522e+02
step  372 | acc=0.9120 | NZ=  1788 | sparsity=0.1722 | d_m=3.0461e+02
step  373 | acc=0.9120 | NZ=  1787 | sparsity=0.1727 | d_m=3.0965e+02
step  374 | acc=0.9120 | NZ=  1786 | sparsity=0.1731 | d_m=3.2238e+02
step  375 | acc=0.9120 | NZ=  1785 | sparsity=0.1736 | d_m=3.1999e+02
step  376 | acc=0.9120 | NZ=  1784 | sparsity=0.1741 | d_m=3.3490e+02
step  377 | acc=0.9120 | NZ=  1783 | sparsity=0.1745 | d_m=3.3725e+02
step  378 | acc=0.9120 | NZ=  1782 | sparsity=0.1750 | d_m=3.5206e+02
step  379 | acc=0.9120 | NZ=  1781 | sparsity=0.1755 | d_m=3.4640e+02
step  380 | acc=0.9120 | NZ=  1780 | sparsity=0.1759 | d_m=3.4826e+02
step  381 | acc=0.9120 | NZ=  1779 | sparsity=0.1764 | d_m=3.5546e+02
step  382 | acc=0.9120 | NZ=  1778 | sparsity=0.1769 | d_m=3.6352e+02
step  383 | acc=0.9120 | NZ=  1777 | sparsity=0.1773 | d_m=3.7097e+02
step  384 | acc=0.9120 | NZ=  1776 | sparsity=0.1778 | d_m=3.7885e+02
step  385 | acc=0.9120 | NZ=  1775 | sparsity=0.1782 | d_m=3.8408e+02
step  386 | acc=0.9120 | NZ=  1774 | sparsity=0.1787 | d_m=3.9744e+02
step  387 | acc=0.9120 | NZ=  1773 | sparsity=0.1792 | d_m=4.0400e+02
step  388 | acc=0.9120 | NZ=  1772 | sparsity=0.1796 | d_m=4.0622e+02
step  389 | acc=0.9120 | NZ=  1771 | sparsity=0.1801 | d_m=4.1630e+02
step  390 | acc=0.9120 | NZ=  1770 | sparsity=0.1806 | d_m=4.2079e+02
step  391 | acc=0.9120 | NZ=  1769 | sparsity=0.1810 | d_m=4.2300e+02
step  392 | acc=0.9120 | NZ=  1768 | sparsity=0.1815 | d_m=4.3623e+02
step  393 | acc=0.9120 | NZ=  1767 | sparsity=0.1819 | d_m=4.3891e+02
step  394 | acc=0.9120 | NZ=  1766 | sparsity=0.1824 | d_m=4.5129e+02
step  395 | acc=0.9120 | NZ=  1765 | sparsity=0.1829 | d_m=4.5670e+02
step  396 | acc=0.9120 | NZ=  1764 | sparsity=0.1833 | d_m=4.6493e+02
step  397 | acc=0.9120 | NZ=  1763 | sparsity=0.1838 | d_m=4.7530e+02
step  398 | acc=0.9120 | NZ=  1762 | sparsity=0.1843 | d_m=4.6629e+02
step  399 | acc=0.9120 | NZ=  1761 | sparsity=0.1847 | d_m=4.7600e+02
step  400 | acc=0.9120 | NZ=  1760 | sparsity=0.1852 | d_m=4.8830e+02
step  401 | acc=0.9120 | NZ=  1759 | sparsity=0.1856 | d_m=4.9027e+02
step  402 | acc=0.9120 | NZ=  1758 | sparsity=0.1861 | d_m=4.9296e+02
step  403 | acc=0.9120 | NZ=  1757 | sparsity=0.1866 | d_m=4.9880e+02
step  404 | acc=0.9120 | NZ=  1756 | sparsity=0.1870 | d_m=5.1040e+02
step  405 | acc=0.9120 | NZ=  1755 | sparsity=0.1875 | d_m=5.1606e+02
step  406 | acc=0.9120 | NZ=  1754 | sparsity=0.1880 | d_m=5.3461e+02
step  407 | acc=0.9110 | NZ=  1753 | sparsity=0.1884 | d_m=5.3600e+02
step  408 | acc=0.9110 | NZ=  1752 | sparsity=0.1889 | d_m=5.5556e+02
step  409 | acc=0.9110 | NZ=  1751 | sparsity=0.1894 | d_m=5.5932e+02
step  410 | acc=0.9110 | NZ=  1750 | sparsity=0.1898 | d_m=5.7692e+02
step  411 | acc=0.9110 | NZ=  1749 | sparsity=0.1903 | d_m=5.6949e+02
step  412 | acc=0.9110 | NZ=  1748 | sparsity=0.1907 | d_m=5.8931e+02
step  413 | acc=0.9110 | NZ=  1747 | sparsity=0.1912 | d_m=5.8156e+02
step  414 | acc=0.9110 | NZ=  1746 | sparsity=0.1917 | d_m=6.0295e+02
step  415 | acc=0.9120 | NZ=  1745 | sparsity=0.1921 | d_m=6.0698e+02
step  416 | acc=0.9120 | NZ=  1744 | sparsity=0.1926 | d_m=6.1607e+02
step  417 | acc=0.9120 | NZ=  1743 | sparsity=0.1931 | d_m=6.2742e+02
step  418 | acc=0.9120 | NZ=  1742 | sparsity=0.1935 | d_m=6.3850e+02
step  419 | acc=0.9120 | NZ=  1741 | sparsity=0.1940 | d_m=6.5206e+02
step  420 | acc=0.9120 | NZ=  1740 | sparsity=0.1944 | d_m=6.6530e+02
step  421 | acc=0.9120 | NZ=  1739 | sparsity=0.1949 | d_m=6.6473e+02
step  422 | acc=0.9120 | NZ=  1738 | sparsity=0.1954 | d_m=6.8478e+02
step  423 | acc=0.9120 | NZ=  1737 | sparsity=0.1958 | d_m=6.8885e+02
step  424 | acc=0.9120 | NZ=  1736 | sparsity=0.1963 | d_m=7.1057e+02
step  425 | acc=0.9120 | NZ=  1735 | sparsity=0.1968 | d_m=7.0836e+02
step  426 | acc=0.9120 | NZ=  1734 | sparsity=0.1972 | d_m=7.2895e+02
step  427 | acc=0.9120 | NZ=  1733 | sparsity=0.1977 | d_m=7.1779e+02
step  428 | acc=0.9120 | NZ=  1732 | sparsity=0.1981 | d_m=7.4070e+02
step  429 | acc=0.9120 | NZ=  1731 | sparsity=0.1986 | d_m=7.3123e+02
step  430 | acc=0.9120 | NZ=  1730 | sparsity=0.1991 | d_m=7.5945e+02
step  431 | acc=0.9120 | NZ=  1729 | sparsity=0.1995 | d_m=7.5110e+02
step  432 | acc=0.9120 | NZ=  1728 | sparsity=0.2000 | d_m=7.6868e+02
step  433 | acc=0.9120 | NZ=  1727 | sparsity=0.2005 | d_m=7.8638e+02
step  434 | acc=0.9120 | NZ=  1726 | sparsity=0.2009 | d_m=7.8278e+02
step  435 | acc=0.9120 | NZ=  1725 | sparsity=0.2014 | d_m=8.0021e+02
step  436 | acc=0.9120 | NZ=  1724 | sparsity=0.2019 | d_m=8.2149e+02
step  437 | acc=0.9120 | NZ=  1723 | sparsity=0.2023 | d_m=8.1761e+02
step  438 | acc=0.9120 | NZ=  1722 | sparsity=0.2028 | d_m=8.4209e+02
step  439 | acc=0.9120 | NZ=  1721 | sparsity=0.2032 | d_m=8.4156e+02
step  440 | acc=0.9120 | NZ=  1720 | sparsity=0.2037 | d_m=8.6988e+02
step  441 | acc=0.9120 | NZ=  1719 | sparsity=0.2042 | d_m=8.6971e+02
step  442 | acc=0.9120 | NZ=  1718 | sparsity=0.2046 | d_m=9.0108e+02
step  443 | acc=0.9120 | NZ=  1717 | sparsity=0.2051 | d_m=8.8471e+02
step  444 | acc=0.9120 | NZ=  1716 | sparsity=0.2056 | d_m=9.0204e+02
step  445 | acc=0.9120 | NZ=  1715 | sparsity=0.2060 | d_m=9.1932e+02
step  446 | acc=0.9120 | NZ=  1714 | sparsity=0.2065 | d_m=9.2241e+02
step  447 | acc=0.9120 | NZ=  1713 | sparsity=0.2069 | d_m=9.4772e+02
step  448 | acc=0.9130 | NZ=  1712 | sparsity=0.2074 | d_m=9.5505e+02
step  449 | acc=0.9130 | NZ=  1711 | sparsity=0.2079 | d_m=9.6732e+02
step  450 | acc=0.9130 | NZ=  1710 | sparsity=0.2083 | d_m=9.8607e+02
step  451 | acc=0.9130 | NZ=  1709 | sparsity=0.2088 | d_m=9.8714e+02
step  452 | acc=0.9130 | NZ=  1708 | sparsity=0.2093 | d_m=1.0171e+03
step  453 | acc=0.9130 | NZ=  1707 | sparsity=0.2097 | d_m=1.0122e+03
step  454 | acc=0.9130 | NZ=  1706 | sparsity=0.2102 | d_m=1.0440e+03
step  455 | acc=0.9130 | NZ=  1705 | sparsity=0.2106 | d_m=1.0302e+03
step  456 | acc=0.9130 | NZ=  1704 | sparsity=0.2111 | d_m=1.0719e+03
step  457 | acc=0.9130 | NZ=  1703 | sparsity=0.2116 | d_m=1.0621e+03
step  458 | acc=0.9130 | NZ=  1702 | sparsity=0.2120 | d_m=1.0787e+03
step  459 | acc=0.9130 | NZ=  1701 | sparsity=0.2125 | d_m=1.0633e+03
step  460 | acc=0.9130 | NZ=  1700 | sparsity=0.2130 | d_m=1.0789e+03
step  461 | acc=0.9130 | NZ=  1699 | sparsity=0.2134 | d_m=1.1016e+03
step  462 | acc=0.9130 | NZ=  1698 | sparsity=0.2139 | d_m=1.1056e+03
step  463 | acc=0.9130 | NZ=  1697 | sparsity=0.2144 | d_m=1.1140e+03
step  464 | acc=0.9130 | NZ=  1696 | sparsity=0.2148 | d_m=1.1292e+03
step  465 | acc=0.9130 | NZ=  1695 | sparsity=0.2153 | d_m=1.1355e+03
step  466 | acc=0.9130 | NZ=  1694 | sparsity=0.2157 | d_m=1.1532e+03
step  467 | acc=0.9130 | NZ=  1693 | sparsity=0.2162 | d_m=1.1673e+03
step  468 | acc=0.9130 | NZ=  1692 | sparsity=0.2167 | d_m=1.1915e+03
step  469 | acc=0.9130 | NZ=  1691 | sparsity=0.2171 | d_m=1.1935e+03
step  470 | acc=0.9130 | NZ=  1690 | sparsity=0.2176 | d_m=1.2284e+03
step  471 | acc=0.9130 | NZ=  1689 | sparsity=0.2181 | d_m=1.2222e+03
step  472 | acc=0.9130 | NZ=  1688 | sparsity=0.2185 | d_m=1.2467e+03
step  473 | acc=0.9130 | NZ=  1687 | sparsity=0.2190 | d_m=1.2496e+03
step  474 | acc=0.9130 | NZ=  1686 | sparsity=0.2194 | d_m=1.2575e+03
step  475 | acc=0.9130 | NZ=  1685 | sparsity=0.2199 | d_m=1.2609e+03
step  476 | acc=0.9130 | NZ=  1684 | sparsity=0.2204 | d_m=1.2836e+03
step  477 | acc=0.9130 | NZ=  1683 | sparsity=0.2208 | d_m=1.2810e+03
step  478 | acc=0.9130 | NZ=  1682 | sparsity=0.2213 | d_m=1.3088e+03
step  479 | acc=0.9130 | NZ=  1681 | sparsity=0.2218 | d_m=1.3113e+03
step  480 | acc=0.9130 | NZ=  1680 | sparsity=0.2222 | d_m=1.3396e+03
step  481 | acc=0.9130 | NZ=  1679 | sparsity=0.2227 | d_m=1.3452e+03
step  482 | acc=0.9130 | NZ=  1678 | sparsity=0.2231 | d_m=1.3776e+03
step  483 | acc=0.9130 | NZ=  1677 | sparsity=0.2236 | d_m=1.3764e+03
step  484 | acc=0.9130 | NZ=  1676 | sparsity=0.2241 | d_m=1.4150e+03
step  485 | acc=0.9130 | NZ=  1675 | sparsity=0.2245 | d_m=1.4134e+03
step  486 | acc=0.9130 | NZ=  1674 | sparsity=0.2250 | d_m=1.4565e+03
step  487 | acc=0.9130 | NZ=  1673 | sparsity=0.2255 | d_m=1.4473e+03
step  488 | acc=0.9130 | NZ=  1672 | sparsity=0.2259 | d_m=1.4904e+03
step  489 | acc=0.9130 | NZ=  1671 | sparsity=0.2264 | d_m=1.4817e+03
step  490 | acc=0.9130 | NZ=  1670 | sparsity=0.2269 | d_m=1.5298e+03
step  491 | acc=0.9130 | NZ=  1669 | sparsity=0.2273 | d_m=1.5272e+03
step  492 | acc=0.9130 | NZ=  1668 | sparsity=0.2278 | d_m=1.5754e+03
step  493 | acc=0.9130 | NZ=  1667 | sparsity=0.2282 | d_m=1.5812e+03
step  494 | acc=0.9130 | NZ=  1666 | sparsity=0.2287 | d_m=1.6195e+03
step  495 | acc=0.9130 | NZ=  1665 | sparsity=0.2292 | d_m=1.6534e+03
step  496 | acc=0.9130 | NZ=  1664 | sparsity=0.2296 | d_m=1.6414e+03
step  497 | acc=0.9130 | NZ=  1663 | sparsity=0.2301 | d_m=1.6623e+03
step  498 | acc=0.9130 | NZ=  1662 | sparsity=0.2306 | d_m=1.6809e+03
step  499 | acc=0.9130 | NZ=  1661 | sparsity=0.2310 | d_m=1.7027e+03
Sparsification log saved to: /home/simon/repos/onnxmlir-pim-sparsify/artifacts/e01_no_adjust/sparsified/sparsification_log.csv
[08:43:15]   sparsify: done
[08:43:15] --- e02_omega_100 ---
[08:43:15]   train: starting
Output folder: /home/simon/repos/onnxmlir-pim-sparsify/artifacts/e02_omega_100
Data loaded.
	X_train.shape = (10000, 196)
	X_test.shape  = (1000, 196)
Topology: [196, 10, 10, 10]
Training loop started
---------------------------------------------------------
	Epoch 0 of 1000 in 0.44 sec
	Train acc 0.10260 | Test acc 0.08200
---------------------------------------------------------
	Epoch 100 of 1000 in 0.00 sec
	Train acc 0.42000 | Test acc 0.36700
---------------------------------------------------------
	Epoch 200 of 1000 in 0.00 sec
	Train acc 0.78210 | Test acc 0.74300
---------------------------------------------------------
	Epoch 300 of 1000 in 0.00 sec
	Train acc 0.86650 | Test acc 0.84900
---------------------------------------------------------
	Epoch 400 of 1000 in 0.00 sec
	Train acc 0.87950 | Test acc 0.86400
---------------------------------------------------------
	Epoch 500 of 1000 in 0.00 sec
	Train acc 0.88820 | Test acc 0.87100
---------------------------------------------------------
	Epoch 600 of 1000 in 0.00 sec
	Train acc 0.89620 | Test acc 0.88800
---------------------------------------------------------
	Epoch 700 of 1000 in 0.00 sec
	Train acc 0.90780 | Test acc 0.89200
---------------------------------------------------------
	Epoch 800 of 1000 in 0.00 sec
	Train acc 0.91340 | Test acc 0.89600
---------------------------------------------------------
	Epoch 900 of 1000 in 0.00 sec
	Train acc 0.92210 | Test acc 0.90800
---------------------------------------------------------
Training log saved to: /home/simon/repos/onnxmlir-pim-sparsify/artifacts/e02_omega_100/training_log.csv
Model saved to: /home/simon/repos/onnxmlir-pim-sparsify/artifacts/e02_omega_100
[08:43:55]   train: done
[08:43:55]   sparsify: starting
Load the parameters from the folder
Found 3 layers in /home/simon/repos/onnxmlir-pim-sparsify/artifacts/e02_omega_100
Accuracy in validation: 0.9160
Total parameters: 2160
Perturbation distance (sanity check): 1.4759e-02
Starting sparsification loop
At every iteration the network gets:
	 1. Pruned   — remove the least influential parameter
	 2. Adjusted — compensate via remaining parameters
step    0 | acc=0.9160 | NZ=  2160 | sparsity=0.0000 | d_m=0.0000e+00
step    1 | acc=0.9160 | NZ=  2159 | sparsity=0.0005 | d_m=0.0000e+00
step    2 | acc=0.9160 | NZ=  2158 | sparsity=0.0009 | d_m=0.0000e+00
step    3 | acc=0.9160 | NZ=  2157 | sparsity=0.0014 | d_m=0.0000e+00
step    4 | acc=0.9160 | NZ=  2156 | sparsity=0.0019 | d_m=0.0000e+00
step    5 | acc=0.9160 | NZ=  2155 | sparsity=0.0023 | d_m=0.0000e+00
step    6 | acc=0.9160 | NZ=  2154 | sparsity=0.0028 | d_m=0.0000e+00
step    7 | acc=0.9160 | NZ=  2153 | sparsity=0.0032 | d_m=0.0000e+00
step    8 | acc=0.9160 | NZ=  2152 | sparsity=0.0037 | d_m=0.0000e+00
step    9 | acc=0.9160 | NZ=  2151 | sparsity=0.0042 | d_m=0.0000e+00
step   10 | acc=0.9160 | NZ=  2150 | sparsity=0.0046 | d_m=0.0000e+00
step   11 | acc=0.9160 | NZ=  2149 | sparsity=0.0051 | d_m=0.0000e+00
step   12 | acc=0.9160 | NZ=  2148 | sparsity=0.0056 | d_m=0.0000e+00
step   13 | acc=0.9160 | NZ=  2147 | sparsity=0.0060 | d_m=0.0000e+00
step   14 | acc=0.9160 | NZ=  2146 | sparsity=0.0065 | d_m=0.0000e+00
step   15 | acc=0.9160 | NZ=  2145 | sparsity=0.0069 | d_m=0.0000e+00
step   16 | acc=0.9160 | NZ=  2144 | sparsity=0.0074 | d_m=0.0000e+00
step   17 | acc=0.9160 | NZ=  2143 | sparsity=0.0079 | d_m=0.0000e+00
step   18 | acc=0.9160 | NZ=  2142 | sparsity=0.0083 | d_m=0.0000e+00
step   19 | acc=0.9160 | NZ=  2141 | sparsity=0.0088 | d_m=0.0000e+00
step   20 | acc=0.9160 | NZ=  2140 | sparsity=0.0093 | d_m=0.0000e+00
step   21 | acc=0.9160 | NZ=  2139 | sparsity=0.0097 | d_m=0.0000e+00
step   22 | acc=0.9160 | NZ=  2138 | sparsity=0.0102 | d_m=0.0000e+00
step   23 | acc=0.9160 | NZ=  2137 | sparsity=0.0106 | d_m=0.0000e+00
step   24 | acc=0.9160 | NZ=  2136 | sparsity=0.0111 | d_m=0.0000e+00
step   25 | acc=0.9160 | NZ=  2135 | sparsity=0.0116 | d_m=0.0000e+00
step   26 | acc=0.9160 | NZ=  2134 | sparsity=0.0120 | d_m=0.0000e+00
step   27 | acc=0.9160 | NZ=  2133 | sparsity=0.0125 | d_m=0.0000e+00
step   28 | acc=0.9160 | NZ=  2132 | sparsity=0.0130 | d_m=0.0000e+00
step   29 | acc=0.9160 | NZ=  2131 | sparsity=0.0134 | d_m=0.0000e+00
step   30 | acc=0.9160 | NZ=  2130 | sparsity=0.0139 | d_m=0.0000e+00
step   31 | acc=0.9160 | NZ=  2129 | sparsity=0.0144 | d_m=0.0000e+00
step   32 | acc=0.9160 | NZ=  2128 | sparsity=0.0148 | d_m=0.0000e+00
step   33 | acc=0.9160 | NZ=  2127 | sparsity=0.0153 | d_m=0.0000e+00
step   34 | acc=0.9160 | NZ=  2126 | sparsity=0.0157 | d_m=0.0000e+00
step   35 | acc=0.9160 | NZ=  2125 | sparsity=0.0162 | d_m=0.0000e+00
step   36 | acc=0.9160 | NZ=  2124 | sparsity=0.0167 | d_m=0.0000e+00
step   37 | acc=0.9160 | NZ=  2123 | sparsity=0.0171 | d_m=0.0000e+00
step   38 | acc=0.9160 | NZ=  2122 | sparsity=0.0176 | d_m=0.0000e+00
step   39 | acc=0.9160 | NZ=  2121 | sparsity=0.0181 | d_m=0.0000e+00
step   40 | acc=0.9160 | NZ=  2120 | sparsity=0.0185 | d_m=0.0000e+00
step   41 | acc=0.9160 | NZ=  2119 | sparsity=0.0190 | d_m=0.0000e+00
step   42 | acc=0.9160 | NZ=  2118 | sparsity=0.0194 | d_m=0.0000e+00
step   43 | acc=0.9160 | NZ=  2117 | sparsity=0.0199 | d_m=0.0000e+00
step   44 | acc=0.9160 | NZ=  2116 | sparsity=0.0204 | d_m=0.0000e+00
step   45 | acc=0.9160 | NZ=  2115 | sparsity=0.0208 | d_m=0.0000e+00
step   46 | acc=0.9160 | NZ=  2114 | sparsity=0.0213 | d_m=0.0000e+00
step   47 | acc=0.9160 | NZ=  2113 | sparsity=0.0218 | d_m=0.0000e+00
step   48 | acc=0.9160 | NZ=  2112 | sparsity=0.0222 | d_m=0.0000e+00
step   49 | acc=0.9160 | NZ=  2111 | sparsity=0.0227 | d_m=0.0000e+00
step   50 | acc=0.9160 | NZ=  2110 | sparsity=0.0231 | d_m=0.0000e+00
step   51 | acc=0.9160 | NZ=  2109 | sparsity=0.0236 | d_m=0.0000e+00
step   52 | acc=0.9160 | NZ=  2108 | sparsity=0.0241 | d_m=0.0000e+00
step   53 | acc=0.9160 | NZ=  2107 | sparsity=0.0245 | d_m=0.0000e+00
step   54 | acc=0.9160 | NZ=  2106 | sparsity=0.0250 | d_m=0.0000e+00
step   55 | acc=0.9160 | NZ=  2105 | sparsity=0.0255 | d_m=0.0000e+00
step   56 | acc=0.9160 | NZ=  2104 | sparsity=0.0259 | d_m=0.0000e+00
step   57 | acc=0.9160 | NZ=  2103 | sparsity=0.0264 | d_m=0.0000e+00
step   58 | acc=0.9160 | NZ=  2102 | sparsity=0.0269 | d_m=0.0000e+00
step   59 | acc=0.9160 | NZ=  2101 | sparsity=0.0273 | d_m=0.0000e+00
step   60 | acc=0.9160 | NZ=  2100 | sparsity=0.0278 | d_m=0.0000e+00
step   61 | acc=0.9160 | NZ=  2099 | sparsity=0.0282 | d_m=0.0000e+00
step   62 | acc=0.9160 | NZ=  2098 | sparsity=0.0287 | d_m=0.0000e+00
step   63 | acc=0.9160 | NZ=  2097 | sparsity=0.0292 | d_m=0.0000e+00
step   64 | acc=0.9160 | NZ=  2096 | sparsity=0.0296 | d_m=0.0000e+00
step   65 | acc=0.9160 | NZ=  2095 | sparsity=0.0301 | d_m=0.0000e+00
step   66 | acc=0.9160 | NZ=  2094 | sparsity=0.0306 | d_m=0.0000e+00
step   67 | acc=0.9160 | NZ=  2093 | sparsity=0.0310 | d_m=0.0000e+00
step   68 | acc=0.9160 | NZ=  2092 | sparsity=0.0315 | d_m=0.0000e+00
step   69 | acc=0.9160 | NZ=  2091 | sparsity=0.0319 | d_m=0.0000e+00
step   70 | acc=0.9160 | NZ=  2090 | sparsity=0.0324 | d_m=0.0000e+00
step   71 | acc=0.9160 | NZ=  2089 | sparsity=0.0329 | d_m=0.0000e+00
step   72 | acc=0.9160 | NZ=  2088 | sparsity=0.0333 | d_m=0.0000e+00
step   73 | acc=0.9160 | NZ=  2087 | sparsity=0.0338 | d_m=0.0000e+00
step   74 | acc=0.9160 | NZ=  2086 | sparsity=0.0343 | d_m=0.0000e+00
step   75 | acc=0.9160 | NZ=  2085 | sparsity=0.0347 | d_m=0.0000e+00
step   76 | acc=0.9160 | NZ=  2084 | sparsity=0.0352 | d_m=0.0000e+00
step   77 | acc=0.9160 | NZ=  2083 | sparsity=0.0356 | d_m=0.0000e+00
step   78 | acc=0.9160 | NZ=  2082 | sparsity=0.0361 | d_m=0.0000e+00
step   79 | acc=0.9160 | NZ=  2081 | sparsity=0.0366 | d_m=0.0000e+00
step   80 | acc=0.9160 | NZ=  2080 | sparsity=0.0370 | d_m=0.0000e+00
step   81 | acc=0.9160 | NZ=  2079 | sparsity=0.0375 | d_m=0.0000e+00
step   82 | acc=0.9160 | NZ=  2078 | sparsity=0.0380 | d_m=0.0000e+00
step   83 | acc=0.9160 | NZ=  2077 | sparsity=0.0384 | d_m=0.0000e+00
step   84 | acc=0.9160 | NZ=  2076 | sparsity=0.0389 | d_m=0.0000e+00
step   85 | acc=0.9160 | NZ=  2075 | sparsity=0.0394 | d_m=0.0000e+00
step   86 | acc=0.9160 | NZ=  2074 | sparsity=0.0398 | d_m=0.0000e+00
step   87 | acc=0.9160 | NZ=  2073 | sparsity=0.0403 | d_m=0.0000e+00
step   88 | acc=0.9160 | NZ=  2072 | sparsity=0.0407 | d_m=0.0000e+00
step   89 | acc=0.9160 | NZ=  2071 | sparsity=0.0412 | d_m=0.0000e+00
step   90 | acc=0.9160 | NZ=  2070 | sparsity=0.0417 | d_m=0.0000e+00
step   91 | acc=0.9160 | NZ=  2069 | sparsity=0.0421 | d_m=0.0000e+00
step   92 | acc=0.9160 | NZ=  2068 | sparsity=0.0426 | d_m=0.0000e+00
step   93 | acc=0.9160 | NZ=  2067 | sparsity=0.0431 | d_m=0.0000e+00
step   94 | acc=0.9160 | NZ=  2066 | sparsity=0.0435 | d_m=0.0000e+00
step   95 | acc=0.9160 | NZ=  2065 | sparsity=0.0440 | d_m=0.0000e+00
step   96 | acc=0.9160 | NZ=  2064 | sparsity=0.0444 | d_m=0.0000e+00
step   97 | acc=0.9160 | NZ=  2063 | sparsity=0.0449 | d_m=0.0000e+00
step   98 | acc=0.9160 | NZ=  2062 | sparsity=0.0454 | d_m=0.0000e+00
step   99 | acc=0.9160 | NZ=  2061 | sparsity=0.0458 | d_m=0.0000e+00
step  100 | acc=0.9160 | NZ=  2060 | sparsity=0.0463 | d_m=0.0000e+00
step  101 | acc=0.9160 | NZ=  2059 | sparsity=0.0468 | d_m=0.0000e+00
step  102 | acc=0.9160 | NZ=  2058 | sparsity=0.0472 | d_m=0.0000e+00
step  103 | acc=0.9160 | NZ=  2057 | sparsity=0.0477 | d_m=0.0000e+00
step  104 | acc=0.9160 | NZ=  2056 | sparsity=0.0481 | d_m=0.0000e+00
step  105 | acc=0.9160 | NZ=  2055 | sparsity=0.0486 | d_m=0.0000e+00
step  106 | acc=0.9160 | NZ=  2054 | sparsity=0.0491 | d_m=0.0000e+00
step  107 | acc=0.9160 | NZ=  2053 | sparsity=0.0495 | d_m=0.0000e+00
step  108 | acc=0.9160 | NZ=  2052 | sparsity=0.0500 | d_m=0.0000e+00
step  109 | acc=0.9160 | NZ=  2051 | sparsity=0.0505 | d_m=0.0000e+00
step  110 | acc=0.9160 | NZ=  2050 | sparsity=0.0509 | d_m=0.0000e+00
step  111 | acc=0.9160 | NZ=  2049 | sparsity=0.0514 | d_m=0.0000e+00
step  112 | acc=0.9160 | NZ=  2048 | sparsity=0.0519 | d_m=0.0000e+00
step  113 | acc=0.9160 | NZ=  2047 | sparsity=0.0523 | d_m=0.0000e+00
step  114 | acc=0.9160 | NZ=  2046 | sparsity=0.0528 | d_m=0.0000e+00
step  115 | acc=0.9160 | NZ=  2045 | sparsity=0.0532 | d_m=0.0000e+00
step  116 | acc=0.9160 | NZ=  2044 | sparsity=0.0537 | d_m=0.0000e+00
step  117 | acc=0.9160 | NZ=  2043 | sparsity=0.0542 | d_m=0.0000e+00
step  118 | acc=0.9160 | NZ=  2042 | sparsity=0.0546 | d_m=0.0000e+00
step  119 | acc=0.9160 | NZ=  2041 | sparsity=0.0551 | d_m=0.0000e+00
step  120 | acc=0.9160 | NZ=  2040 | sparsity=0.0556 | d_m=0.0000e+00
step  121 | acc=0.9160 | NZ=  2039 | sparsity=0.0560 | d_m=0.0000e+00
step  122 | acc=0.9160 | NZ=  2038 | sparsity=0.0565 | d_m=0.0000e+00
step  123 | acc=0.9160 | NZ=  2037 | sparsity=0.0569 | d_m=0.0000e+00
step  124 | acc=0.9160 | NZ=  2036 | sparsity=0.0574 | d_m=0.0000e+00
step  125 | acc=0.9160 | NZ=  2035 | sparsity=0.0579 | d_m=0.0000e+00
step  126 | acc=0.9160 | NZ=  2034 | sparsity=0.0583 | d_m=0.0000e+00
step  127 | acc=0.9160 | NZ=  2033 | sparsity=0.0588 | d_m=0.0000e+00
step  128 | acc=0.9160 | NZ=  2032 | sparsity=0.0593 | d_m=0.0000e+00
step  129 | acc=0.9160 | NZ=  2031 | sparsity=0.0597 | d_m=0.0000e+00
step  130 | acc=0.9160 | NZ=  2030 | sparsity=0.0602 | d_m=0.0000e+00
step  131 | acc=0.9160 | NZ=  2029 | sparsity=0.0606 | d_m=0.0000e+00
step  132 | acc=0.9160 | NZ=  2028 | sparsity=0.0611 | d_m=0.0000e+00
step  133 | acc=0.9160 | NZ=  2027 | sparsity=0.0616 | d_m=0.0000e+00
step  134 | acc=0.9160 | NZ=  2026 | sparsity=0.0620 | d_m=0.0000e+00
step  135 | acc=0.9160 | NZ=  2025 | sparsity=0.0625 | d_m=0.0000e+00
step  136 | acc=0.9160 | NZ=  2024 | sparsity=0.0630 | d_m=0.0000e+00
step  137 | acc=0.9160 | NZ=  2023 | sparsity=0.0634 | d_m=0.0000e+00
step  138 | acc=0.9160 | NZ=  2022 | sparsity=0.0639 | d_m=0.0000e+00
step  139 | acc=0.9160 | NZ=  2021 | sparsity=0.0644 | d_m=0.0000e+00
step  140 | acc=0.9160 | NZ=  2020 | sparsity=0.0648 | d_m=0.0000e+00
step  141 | acc=0.9160 | NZ=  2019 | sparsity=0.0653 | d_m=0.0000e+00
step  142 | acc=0.9160 | NZ=  2018 | sparsity=0.0657 | d_m=0.0000e+00
step  143 | acc=0.9160 | NZ=  2017 | sparsity=0.0662 | d_m=0.0000e+00
step  144 | acc=0.9160 | NZ=  2016 | sparsity=0.0667 | d_m=0.0000e+00
step  145 | acc=0.9160 | NZ=  2015 | sparsity=0.0671 | d_m=0.0000e+00
step  146 | acc=0.9160 | NZ=  2014 | sparsity=0.0676 | d_m=0.0000e+00
step  147 | acc=0.9160 | NZ=  2013 | sparsity=0.0681 | d_m=0.0000e+00
step  148 | acc=0.9160 | NZ=  2012 | sparsity=0.0685 | d_m=0.0000e+00
step  149 | acc=0.9160 | NZ=  2011 | sparsity=0.0690 | d_m=0.0000e+00
step  150 | acc=0.9160 | NZ=  2010 | sparsity=0.0694 | d_m=0.0000e+00
step  151 | acc=0.9160 | NZ=  2009 | sparsity=0.0699 | d_m=0.0000e+00
step  152 | acc=0.9160 | NZ=  2008 | sparsity=0.0704 | d_m=0.0000e+00
step  153 | acc=0.9160 | NZ=  2007 | sparsity=0.0708 | d_m=0.0000e+00
step  154 | acc=0.9160 | NZ=  2006 | sparsity=0.0713 | d_m=0.0000e+00
step  155 | acc=0.9160 | NZ=  2005 | sparsity=0.0718 | d_m=0.0000e+00
step  156 | acc=0.9160 | NZ=  2004 | sparsity=0.0722 | d_m=0.0000e+00
step  157 | acc=0.9160 | NZ=  2003 | sparsity=0.0727 | d_m=0.0000e+00
step  158 | acc=0.9160 | NZ=  2002 | sparsity=0.0731 | d_m=0.0000e+00
step  159 | acc=0.9160 | NZ=  2001 | sparsity=0.0736 | d_m=0.0000e+00
step  160 | acc=0.9160 | NZ=  2000 | sparsity=0.0741 | d_m=0.0000e+00
step  161 | acc=0.9160 | NZ=  1999 | sparsity=0.0745 | d_m=0.0000e+00
step  162 | acc=0.9160 | NZ=  1998 | sparsity=0.0750 | d_m=0.0000e+00
step  163 | acc=0.9160 | NZ=  1997 | sparsity=0.0755 | d_m=0.0000e+00
step  164 | acc=0.9160 | NZ=  1996 | sparsity=0.0759 | d_m=0.0000e+00
step  165 | acc=0.9160 | NZ=  1995 | sparsity=0.0764 | d_m=0.0000e+00
step  166 | acc=0.9160 | NZ=  1994 | sparsity=0.0769 | d_m=0.0000e+00
step  167 | acc=0.9160 | NZ=  1993 | sparsity=0.0773 | d_m=0.0000e+00
step  168 | acc=0.9160 | NZ=  1992 | sparsity=0.0778 | d_m=0.0000e+00
step  169 | acc=0.9160 | NZ=  1991 | sparsity=0.0782 | d_m=0.0000e+00
step  170 | acc=0.9160 | NZ=  1990 | sparsity=0.0787 | d_m=0.0000e+00
step  171 | acc=0.9160 | NZ=  1989 | sparsity=0.0792 | d_m=0.0000e+00
step  172 | acc=0.9160 | NZ=  1988 | sparsity=0.0796 | d_m=0.0000e+00
step  173 | acc=0.9160 | NZ=  1987 | sparsity=0.0801 | d_m=0.0000e+00
step  174 | acc=0.9160 | NZ=  1986 | sparsity=0.0806 | d_m=0.0000e+00
step  175 | acc=0.9160 | NZ=  1985 | sparsity=0.0810 | d_m=0.0000e+00
step  176 | acc=0.9160 | NZ=  1984 | sparsity=0.0815 | d_m=0.0000e+00
step  177 | acc=0.9160 | NZ=  1983 | sparsity=0.0819 | d_m=0.0000e+00
step  178 | acc=0.9160 | NZ=  1982 | sparsity=0.0824 | d_m=0.0000e+00
step  179 | acc=0.9160 | NZ=  1981 | sparsity=0.0829 | d_m=0.0000e+00
step  180 | acc=0.9160 | NZ=  1980 | sparsity=0.0833 | d_m=0.0000e+00
step  181 | acc=0.9160 | NZ=  1979 | sparsity=0.0838 | d_m=0.0000e+00
step  182 | acc=0.9160 | NZ=  1978 | sparsity=0.0843 | d_m=0.0000e+00
step  183 | acc=0.9160 | NZ=  1977 | sparsity=0.0847 | d_m=0.0000e+00
step  184 | acc=0.9160 | NZ=  1976 | sparsity=0.0852 | d_m=0.0000e+00
step  185 | acc=0.9160 | NZ=  1975 | sparsity=0.0856 | d_m=0.0000e+00
step  186 | acc=0.9160 | NZ=  1974 | sparsity=0.0861 | d_m=0.0000e+00
step  187 | acc=0.9160 | NZ=  1973 | sparsity=0.0866 | d_m=0.0000e+00
step  188 | acc=0.9160 | NZ=  1972 | sparsity=0.0870 | d_m=0.0000e+00
step  189 | acc=0.9160 | NZ=  1971 | sparsity=0.0875 | d_m=0.0000e+00
step  190 | acc=0.9160 | NZ=  1970 | sparsity=0.0880 | d_m=0.0000e+00
step  191 | acc=0.9160 | NZ=  1969 | sparsity=0.0884 | d_m=0.0000e+00
step  192 | acc=0.9160 | NZ=  1968 | sparsity=0.0889 | d_m=0.0000e+00
step  193 | acc=0.9160 | NZ=  1967 | sparsity=0.0894 | d_m=0.0000e+00
step  194 | acc=0.9160 | NZ=  1966 | sparsity=0.0898 | d_m=0.0000e+00
step  195 | acc=0.9160 | NZ=  1965 | sparsity=0.0903 | d_m=0.0000e+00
step  196 | acc=0.9160 | NZ=  1964 | sparsity=0.0907 | d_m=0.0000e+00
step  197 | acc=0.9160 | NZ=  1963 | sparsity=0.0912 | d_m=0.0000e+00
step  198 | acc=0.9160 | NZ=  1962 | sparsity=0.0917 | d_m=0.0000e+00
step  199 | acc=0.9160 | NZ=  1961 | sparsity=0.0921 | d_m=0.0000e+00
step  200 | acc=0.9160 | NZ=  1960 | sparsity=0.0926 | d_m=0.0000e+00
step  201 | acc=0.9160 | NZ=  1959 | sparsity=0.0931 | d_m=0.0000e+00
step  202 | acc=0.9160 | NZ=  1958 | sparsity=0.0935 | d_m=0.0000e+00
step  203 | acc=0.9160 | NZ=  1957 | sparsity=0.0940 | d_m=0.0000e+00
step  204 | acc=0.9160 | NZ=  1956 | sparsity=0.0944 | d_m=0.0000e+00
step  205 | acc=0.9160 | NZ=  1955 | sparsity=0.0949 | d_m=0.0000e+00
step  206 | acc=0.9160 | NZ=  1954 | sparsity=0.0954 | d_m=0.0000e+00
step  207 | acc=0.9160 | NZ=  1953 | sparsity=0.0958 | d_m=0.0000e+00
step  208 | acc=0.9160 | NZ=  1952 | sparsity=0.0963 | d_m=0.0000e+00
step  209 | acc=0.9160 | NZ=  1951 | sparsity=0.0968 | d_m=0.0000e+00
step  210 | acc=0.9160 | NZ=  1950 | sparsity=0.0972 | d_m=0.0000e+00
step  211 | acc=0.9160 | NZ=  1949 | sparsity=0.0977 | d_m=0.0000e+00
step  212 | acc=0.9160 | NZ=  1948 | sparsity=0.0981 | d_m=0.0000e+00
step  213 | acc=0.9160 | NZ=  1947 | sparsity=0.0986 | d_m=0.0000e+00
step  214 | acc=0.9160 | NZ=  1946 | sparsity=0.0991 | d_m=0.0000e+00
step  215 | acc=0.9160 | NZ=  1945 | sparsity=0.0995 | d_m=0.0000e+00
step  216 | acc=0.9160 | NZ=  1944 | sparsity=0.1000 | d_m=0.0000e+00
step  217 | acc=0.9160 | NZ=  1943 | sparsity=0.1005 | d_m=0.0000e+00
step  218 | acc=0.9160 | NZ=  1942 | sparsity=0.1009 | d_m=0.0000e+00
step  219 | acc=0.9160 | NZ=  1941 | sparsity=0.1014 | d_m=0.0000e+00
step  220 | acc=0.9160 | NZ=  1940 | sparsity=0.1019 | d_m=0.0000e+00
step  221 | acc=0.9160 | NZ=  1939 | sparsity=0.1023 | d_m=0.0000e+00
step  222 | acc=0.9160 | NZ=  1938 | sparsity=0.1028 | d_m=0.0000e+00
step  223 | acc=0.9160 | NZ=  1937 | sparsity=0.1032 | d_m=0.0000e+00
step  224 | acc=0.9160 | NZ=  1936 | sparsity=0.1037 | d_m=0.0000e+00
step  225 | acc=0.9160 | NZ=  1935 | sparsity=0.1042 | d_m=0.0000e+00
step  226 | acc=0.9160 | NZ=  1934 | sparsity=0.1046 | d_m=1.6232e-06
step  227 | acc=0.9160 | NZ=  1933 | sparsity=0.1051 | d_m=4.4799e-06
step  228 | acc=0.9160 | NZ=  1932 | sparsity=0.1056 | d_m=6.5081e-05
step  229 | acc=0.9160 | NZ=  1931 | sparsity=0.1060 | d_m=6.6456e-05
step  230 | acc=0.9160 | NZ=  1930 | sparsity=0.1065 | d_m=1.8500e-05
step  231 | acc=0.9160 | NZ=  1929 | sparsity=0.1069 | d_m=1.7016e-04
step  232 | acc=0.9160 | NZ=  1928 | sparsity=0.1074 | d_m=1.0981e-04
step  233 | acc=0.9160 | NZ=  1927 | sparsity=0.1079 | d_m=9.2188e-05
step  234 | acc=0.9160 | NZ=  1926 | sparsity=0.1083 | d_m=2.2053e-04
step  235 | acc=0.9160 | NZ=  1925 | sparsity=0.1088 | d_m=2.0351e-04
step  236 | acc=0.9160 | NZ=  1924 | sparsity=0.1093 | d_m=3.1503e-04
step  237 | acc=0.9160 | NZ=  1923 | sparsity=0.1097 | d_m=4.3550e-04
step  238 | acc=0.9160 | NZ=  1922 | sparsity=0.1102 | d_m=4.9795e-04
step  239 | acc=0.9160 | NZ=  1921 | sparsity=0.1106 | d_m=4.2713e-04
step  240 | acc=0.9160 | NZ=  1920 | sparsity=0.1111 | d_m=5.3275e-04
step  241 | acc=0.9160 | NZ=  1919 | sparsity=0.1116 | d_m=1.0506e-03
step  242 | acc=0.9160 | NZ=  1918 | sparsity=0.1120 | d_m=1.0262e-03
step  243 | acc=0.9160 | NZ=  1917 | sparsity=0.1125 | d_m=9.3242e-04
step  244 | acc=0.9160 | NZ=  1916 | sparsity=0.1130 | d_m=1.1680e-03
step  245 | acc=0.9160 | NZ=  1915 | sparsity=0.1134 | d_m=1.7164e-03
step  246 | acc=0.9160 | NZ=  1914 | sparsity=0.1139 | d_m=1.4167e-03
step  247 | acc=0.9160 | NZ=  1913 | sparsity=0.1144 | d_m=1.4691e-03
step  248 | acc=0.9160 | NZ=  1912 | sparsity=0.1148 | d_m=1.4389e-03
step  249 | acc=0.9160 | NZ=  1911 | sparsity=0.1153 | d_m=1.6076e-03
step  250 | acc=0.9160 | NZ=  1910 | sparsity=0.1157 | d_m=1.4840e-03
step  251 | acc=0.9160 | NZ=  1909 | sparsity=0.1162 | d_m=1.3976e-03
step  252 | acc=0.9160 | NZ=  1908 | sparsity=0.1167 | d_m=1.8522e-03
step  253 | acc=0.9160 | NZ=  1907 | sparsity=0.1171 | d_m=2.2769e-03
step  254 | acc=0.9160 | NZ=  1906 | sparsity=0.1176 | d_m=2.5918e-03
step  255 | acc=0.9160 | NZ=  1905 | sparsity=0.1181 | d_m=3.2404e-03
step  256 | acc=0.9160 | NZ=  1904 | sparsity=0.1185 | d_m=2.8289e-03
step  257 | acc=0.9160 | NZ=  1903 | sparsity=0.1190 | d_m=3.8472e-03
step  258 | acc=0.9160 | NZ=  1902 | sparsity=0.1194 | d_m=4.3302e-03
step  259 | acc=0.9160 | NZ=  1901 | sparsity=0.1199 | d_m=3.7851e-03
step  260 | acc=0.9160 | NZ=  1900 | sparsity=0.1204 | d_m=4.5439e-03
step  261 | acc=0.9160 | NZ=  1899 | sparsity=0.1208 | d_m=5.1614e-03
step  262 | acc=0.9160 | NZ=  1898 | sparsity=0.1213 | d_m=4.9011e-03
step  263 | acc=0.9160 | NZ=  1897 | sparsity=0.1218 | d_m=5.1221e-03
step  264 | acc=0.9160 | NZ=  1896 | sparsity=0.1222 | d_m=6.0987e-03
step  265 | acc=0.9160 | NZ=  1895 | sparsity=0.1227 | d_m=6.3804e-03
step  266 | acc=0.9160 | NZ=  1894 | sparsity=0.1231 | d_m=6.3764e-03
step  267 | acc=0.9160 | NZ=  1893 | sparsity=0.1236 | d_m=7.0463e-03
step  268 | acc=0.9160 | NZ=  1892 | sparsity=0.1241 | d_m=7.0484e-03
step  269 | acc=0.9160 | NZ=  1891 | sparsity=0.1245 | d_m=7.1864e-03
step  270 | acc=0.9160 | NZ=  1890 | sparsity=0.1250 | d_m=8.4114e-03
step  271 | acc=0.9160 | NZ=  1889 | sparsity=0.1255 | d_m=8.7684e-03
step  272 | acc=0.9160 | NZ=  1888 | sparsity=0.1259 | d_m=9.0022e-03
step  273 | acc=0.9160 | NZ=  1887 | sparsity=0.1264 | d_m=7.9851e-03
step  274 | acc=0.9160 | NZ=  1886 | sparsity=0.1269 | d_m=8.3880e-03
step  275 | acc=0.9160 | NZ=  1885 | sparsity=0.1273 | d_m=8.0912e-03
step  276 | acc=0.9160 | NZ=  1884 | sparsity=0.1278 | d_m=7.6808e-03
step  277 | acc=0.9160 | NZ=  1883 | sparsity=0.1282 | d_m=7.3817e-03
step  278 | acc=0.9160 | NZ=  1882 | sparsity=0.1287 | d_m=7.9956e-03
step  279 | acc=0.9160 | NZ=  1881 | sparsity=0.1292 | d_m=8.7166e-03
step  280 | acc=0.9160 | NZ=  1880 | sparsity=0.1296 | d_m=7.1243e-03
step  281 | acc=0.9160 | NZ=  1879 | sparsity=0.1301 | d_m=7.9441e-03
step  282 | acc=0.9160 | NZ=  1878 | sparsity=0.1306 | d_m=7.4017e-03
step  283 | acc=0.9160 | NZ=  1877 | sparsity=0.1310 | d_m=1.0386e-02
step  284 | acc=0.9160 | NZ=  1876 | sparsity=0.1315 | d_m=1.0883e-02
step  285 | acc=0.9160 | NZ=  1875 | sparsity=0.1319 | d_m=1.1177e-02
step  286 | acc=0.9160 | NZ=  1874 | sparsity=0.1324 | d_m=1.1307e-02
step  287 | acc=0.9160 | NZ=  1873 | sparsity=0.1329 | d_m=1.0429e-02
step  288 | acc=0.9160 | NZ=  1872 | sparsity=0.1333 | d_m=9.7057e-03
step  289 | acc=0.9160 | NZ=  1871 | sparsity=0.1338 | d_m=9.5600e-03
step  290 | acc=0.9160 | NZ=  1870 | sparsity=0.1343 | d_m=9.5755e-03
step  291 | acc=0.9160 | NZ=  1869 | sparsity=0.1347 | d_m=1.2979e-02
step  292 | acc=0.9160 | NZ=  1868 | sparsity=0.1352 | d_m=1.1204e-02
step  293 | acc=0.9160 | NZ=  1867 | sparsity=0.1356 | d_m=1.1301e-02
step  294 | acc=0.9160 | NZ=  1866 | sparsity=0.1361 | d_m=9.8034e-03
step  295 | acc=0.9160 | NZ=  1865 | sparsity=0.1366 | d_m=9.5000e-03
step  296 | acc=0.9160 | NZ=  1864 | sparsity=0.1370 | d_m=1.1029e-02
step  297 | acc=0.9160 | NZ=  1863 | sparsity=0.1375 | d_m=1.1649e-02
step  298 | acc=0.9160 | NZ=  1862 | sparsity=0.1380 | d_m=1.4773e-02
step  299 | acc=0.9160 | NZ=  1861 | sparsity=0.1384 | d_m=1.9354e-02
step  300 | acc=0.9160 | NZ=  1860 | sparsity=0.1389 | d_m=1.9346e-02
step  301 | acc=0.9160 | NZ=  1859 | sparsity=0.1394 | d_m=1.5999e-02
step  302 | acc=0.9160 | NZ=  1858 | sparsity=0.1398 | d_m=1.4671e-02
step  303 | acc=0.9160 | NZ=  1857 | sparsity=0.1403 | d_m=1.4338e-02
step  304 | acc=0.9160 | NZ=  1856 | sparsity=0.1407 | d_m=1.2223e-02
step  305 | acc=0.9160 | NZ=  1855 | sparsity=0.1412 | d_m=1.2877e-02
step  306 | acc=0.9160 | NZ=  1854 | sparsity=0.1417 | d_m=1.8465e-02
step  307 | acc=0.9160 | NZ=  1853 | sparsity=0.1421 | d_m=1.9278e-02
step  308 | acc=0.9160 | NZ=  1852 | sparsity=0.1426 | d_m=2.0902e-02
step  309 | acc=0.9160 | NZ=  1851 | sparsity=0.1431 | d_m=2.0401e-02
step  310 | acc=0.9160 | NZ=  1850 | sparsity=0.1435 | d_m=1.8089e-02
step  311 | acc=0.9160 | NZ=  1849 | sparsity=0.1440 | d_m=2.1380e-02
step  312 | acc=0.9160 | NZ=  1848 | sparsity=0.1444 | d_m=2.1674e-02
step  313 | acc=0.9160 | NZ=  1847 | sparsity=0.1449 | d_m=2.2032e-02
step  314 | acc=0.9160 | NZ=  1846 | sparsity=0.1454 | d_m=2.6032e-02
step  315 | acc=0.9160 | NZ=  1845 | sparsity=0.1458 | d_m=2.3407e-02
step  316 | acc=0.9160 | NZ=  1844 | sparsity=0.1463 | d_m=2.1895e-02
step  317 | acc=0.9160 | NZ=  1843 | sparsity=0.1468 | d_m=2.2899e-02
step  318 | acc=0.9160 | NZ=  1842 | sparsity=0.1472 | d_m=3.3679e-02
step  319 | acc=0.9160 | NZ=  1841 | sparsity=0.1477 | d_m=2.9751e-02
step  320 | acc=0.9160 | NZ=  1840 | sparsity=0.1481 | d_m=2.7426e-02
step  321 | acc=0.9160 | NZ=  1839 | sparsity=0.1486 | d_m=2.5908e-02
step  322 | acc=0.9160 | NZ=  1838 | sparsity=0.1491 | d_m=2.9825e-02
step  323 | acc=0.9160 | NZ=  1837 | sparsity=0.1495 | d_m=2.7409e-02
step  324 | acc=0.9160 | NZ=  1836 | sparsity=0.1500 | d_m=3.0770e-02
step  325 | acc=0.9160 | NZ=  1835 | sparsity=0.1505 | d_m=3.3311e-02
step  326 | acc=0.9160 | NZ=  1834 | sparsity=0.1509 | d_m=2.8899e-02
step  327 | acc=0.9160 | NZ=  1833 | sparsity=0.1514 | d_m=2.7827e-02
step  328 | acc=0.9160 | NZ=  1832 | sparsity=0.1519 | d_m=2.5772e-02
step  329 | acc=0.9160 | NZ=  1831 | sparsity=0.1523 | d_m=3.1064e-02
step  330 | acc=0.9160 | NZ=  1830 | sparsity=0.1528 | d_m=2.7880e-02
step  331 | acc=0.9160 | NZ=  1829 | sparsity=0.1532 | d_m=2.6520e-02
step  332 | acc=0.9160 | NZ=  1828 | sparsity=0.1537 | d_m=2.9209e-02
step  333 | acc=0.9160 | NZ=  1827 | sparsity=0.1542 | d_m=3.1766e-02
step  334 | acc=0.9160 | NZ=  1826 | sparsity=0.1546 | d_m=3.4753e-02
step  335 | acc=0.9160 | NZ=  1825 | sparsity=0.1551 | d_m=4.2733e-02
step  336 | acc=0.9160 | NZ=  1824 | sparsity=0.1556 | d_m=4.0220e-02
step  337 | acc=0.9160 | NZ=  1823 | sparsity=0.1560 | d_m=3.5494e-02
step  338 | acc=0.9160 | NZ=  1822 | sparsity=0.1565 | d_m=3.7254e-02
step  339 | acc=0.9160 | NZ=  1821 | sparsity=0.1569 | d_m=3.4015e-02
step  340 | acc=0.9160 | NZ=  1820 | sparsity=0.1574 | d_m=3.4974e-02
step  341 | acc=0.9160 | NZ=  1819 | sparsity=0.1579 | d_m=4.3694e-02
step  342 | acc=0.9160 | NZ=  1818 | sparsity=0.1583 | d_m=4.2865e-02
step  343 | acc=0.9160 | NZ=  1817 | sparsity=0.1588 | d_m=4.0393e-02
step  344 | acc=0.9160 | NZ=  1816 | sparsity=0.1593 | d_m=3.8934e-02
step  345 | acc=0.9160 | NZ=  1815 | sparsity=0.1597 | d_m=3.4274e-02
step  346 | acc=0.9170 | NZ=  1814 | sparsity=0.1602 | d_m=4.2211e-02
step  347 | acc=0.9170 | NZ=  1813 | sparsity=0.1606 | d_m=3.9147e-02
step  348 | acc=0.9170 | NZ=  1812 | sparsity=0.1611 | d_m=4.0679e-02
step  349 | acc=0.9170 | NZ=  1811 | sparsity=0.1616 | d_m=3.6471e-02
step  350 | acc=0.9160 | NZ=  1810 | sparsity=0.1620 | d_m=4.0060e-02
step  351 | acc=0.9160 | NZ=  1809 | sparsity=0.1625 | d_m=4.0044e-02
step  352 | acc=0.9160 | NZ=  1808 | sparsity=0.1630 | d_m=3.7331e-02
step  353 | acc=0.9160 | NZ=  1807 | sparsity=0.1634 | d_m=3.5230e-02
step  354 | acc=0.9160 | NZ=  1806 | sparsity=0.1639 | d_m=3.3384e-02
step  355 | acc=0.9160 | NZ=  1805 | sparsity=0.1644 | d_m=3.6509e-02
step  356 | acc=0.9160 | NZ=  1804 | sparsity=0.1648 | d_m=3.7294e-02
step  357 | acc=0.9160 | NZ=  1803 | sparsity=0.1653 | d_m=3.2851e-02
step  358 | acc=0.9170 | NZ=  1802 | sparsity=0.1657 | d_m=5.0551e-02
step  359 | acc=0.9160 | NZ=  1801 | sparsity=0.1662 | d_m=5.4497e-02
step  360 | acc=0.9160 | NZ=  1800 | sparsity=0.1667 | d_m=5.3097e-02
step  361 | acc=0.9160 | NZ=  1799 | sparsity=0.1671 | d_m=5.5378e-02
step  362 | acc=0.9140 | NZ=  1798 | sparsity=0.1676 | d_m=4.9651e-02
step  363 | acc=0.9140 | NZ=  1797 | sparsity=0.1681 | d_m=4.9190e-02
step  364 | acc=0.9150 | NZ=  1796 | sparsity=0.1685 | d_m=4.6992e-02
step  365 | acc=0.9150 | NZ=  1795 | sparsity=0.1690 | d_m=4.6106e-02
step  366 | acc=0.9150 | NZ=  1794 | sparsity=0.1694 | d_m=3.4984e-02
step  367 | acc=0.9150 | NZ=  1793 | sparsity=0.1699 | d_m=3.8124e-02
step  368 | acc=0.9150 | NZ=  1792 | sparsity=0.1704 | d_m=4.4545e-02
step  369 | acc=0.9160 | NZ=  1791 | sparsity=0.1708 | d_m=4.9154e-02
step  370 | acc=0.9140 | NZ=  1790 | sparsity=0.1713 | d_m=4.5925e-02
step  371 | acc=0.9160 | NZ=  1789 | sparsity=0.1718 | d_m=4.0142e-02
step  372 | acc=0.9160 | NZ=  1788 | sparsity=0.1722 | d_m=4.6254e-02
step  373 | acc=0.9150 | NZ=  1787 | sparsity=0.1727 | d_m=4.1407e-02
step  374 | acc=0.9150 | NZ=  1786 | sparsity=0.1731 | d_m=4.6762e-02
step  375 | acc=0.9150 | NZ=  1785 | sparsity=0.1736 | d_m=4.4568e-02
step  376 | acc=0.9150 | NZ=  1784 | sparsity=0.1741 | d_m=4.5585e-02
step  377 | acc=0.9160 | NZ=  1783 | sparsity=0.1745 | d_m=4.9867e-02
step  378 | acc=0.9160 | NZ=  1782 | sparsity=0.1750 | d_m=6.1845e-02
step  379 | acc=0.9150 | NZ=  1781 | sparsity=0.1755 | d_m=6.8523e-02
step  380 | acc=0.9150 | NZ=  1780 | sparsity=0.1759 | d_m=8.0929e-02
step  381 | acc=0.9150 | NZ=  1779 | sparsity=0.1764 | d_m=7.3721e-02
step  382 | acc=0.9150 | NZ=  1778 | sparsity=0.1769 | d_m=6.5436e-02
step  383 | acc=0.9150 | NZ=  1777 | sparsity=0.1773 | d_m=6.1180e-02
step  384 | acc=0.9160 | NZ=  1776 | sparsity=0.1778 | d_m=6.7780e-02
step  385 | acc=0.9150 | NZ=  1775 | sparsity=0.1782 | d_m=6.0691e-02
step  386 | acc=0.9150 | NZ=  1774 | sparsity=0.1787 | d_m=6.8124e-02
step  387 | acc=0.9150 | NZ=  1773 | sparsity=0.1792 | d_m=6.2965e-02
step  388 | acc=0.9150 | NZ=  1772 | sparsity=0.1796 | d_m=8.7938e-02
step  389 | acc=0.9150 | NZ=  1771 | sparsity=0.1801 | d_m=8.3980e-02
step  390 | acc=0.9150 | NZ=  1770 | sparsity=0.1806 | d_m=8.2391e-02
step  391 | acc=0.9150 | NZ=  1769 | sparsity=0.1810 | d_m=7.0745e-02
step  392 | acc=0.9150 | NZ=  1768 | sparsity=0.1815 | d_m=7.2287e-02
step  393 | acc=0.9150 | NZ=  1767 | sparsity=0.1819 | d_m=7.8801e-02
step  394 | acc=0.9160 | NZ=  1766 | sparsity=0.1824 | d_m=7.2217e-02
step  395 | acc=0.9150 | NZ=  1765 | sparsity=0.1829 | d_m=7.2751e-02
step  396 | acc=0.9150 | NZ=  1764 | sparsity=0.1833 | d_m=6.8859e-02
step  397 | acc=0.9150 | NZ=  1763 | sparsity=0.1838 | d_m=6.1622e-02
step  398 | acc=0.9160 | NZ=  1762 | sparsity=0.1843 | d_m=5.6866e-02
step  399 | acc=0.9150 | NZ=  1761 | sparsity=0.1847 | d_m=4.7318e-02
step  400 | acc=0.9150 | NZ=  1760 | sparsity=0.1852 | d_m=7.0775e-02
step  401 | acc=0.9150 | NZ=  1759 | sparsity=0.1856 | d_m=8.2122e-02
step  402 | acc=0.9150 | NZ=  1758 | sparsity=0.1861 | d_m=6.8828e-02
step  403 | acc=0.9150 | NZ=  1757 | sparsity=0.1866 | d_m=7.9950e-02
step  404 | acc=0.9170 | NZ=  1756 | sparsity=0.1870 | d_m=7.7877e-02
step  405 | acc=0.9170 | NZ=  1755 | sparsity=0.1875 | d_m=7.9607e-02
step  406 | acc=0.9170 | NZ=  1754 | sparsity=0.1880 | d_m=1.0327e-01
step  407 | acc=0.9160 | NZ=  1753 | sparsity=0.1884 | d_m=1.0032e-01
step  408 | acc=0.9160 | NZ=  1752 | sparsity=0.1889 | d_m=1.0349e-01
step  409 | acc=0.9160 | NZ=  1751 | sparsity=0.1894 | d_m=1.0013e-01
step  410 | acc=0.9160 | NZ=  1750 | sparsity=0.1898 | d_m=8.8838e-02
step  411 | acc=0.9160 | NZ=  1749 | sparsity=0.1903 | d_m=8.7991e-02
step  412 | acc=0.9160 | NZ=  1748 | sparsity=0.1907 | d_m=8.4201e-02
step  413 | acc=0.9160 | NZ=  1747 | sparsity=0.1912 | d_m=9.0134e-02
step  414 | acc=0.9160 | NZ=  1746 | sparsity=0.1917 | d_m=8.9711e-02
step  415 | acc=0.9160 | NZ=  1745 | sparsity=0.1921 | d_m=8.8608e-02
step  416 | acc=0.9160 | NZ=  1744 | sparsity=0.1926 | d_m=8.1303e-02
step  417 | acc=0.9160 | NZ=  1743 | sparsity=0.1931 | d_m=8.5484e-02
step  418 | acc=0.9170 | NZ=  1742 | sparsity=0.1935 | d_m=1.0793e-01
step  419 | acc=0.9170 | NZ=  1741 | sparsity=0.1940 | d_m=9.3838e-02
step  420 | acc=0.9170 | NZ=  1740 | sparsity=0.1944 | d_m=9.2370e-02
step  421 | acc=0.9170 | NZ=  1739 | sparsity=0.1949 | d_m=8.1988e-02
step  422 | acc=0.9170 | NZ=  1738 | sparsity=0.1954 | d_m=1.0548e-01
step  423 | acc=0.9170 | NZ=  1737 | sparsity=0.1958 | d_m=8.7150e-02
step  424 | acc=0.9160 | NZ=  1736 | sparsity=0.1963 | d_m=9.3590e-02
step  425 | acc=0.9150 | NZ=  1735 | sparsity=0.1968 | d_m=9.9420e-02
step  426 | acc=0.9150 | NZ=  1734 | sparsity=0.1972 | d_m=9.9116e-02
step  427 | acc=0.9150 | NZ=  1733 | sparsity=0.1977 | d_m=1.0196e-01
step  428 | acc=0.9150 | NZ=  1732 | sparsity=0.1981 | d_m=9.5306e-02
step  429 | acc=0.9150 | NZ=  1731 | sparsity=0.1986 | d_m=9.0763e-02
step  430 | acc=0.9150 | NZ=  1730 | sparsity=0.1991 | d_m=1.0275e-01
step  431 | acc=0.9150 | NZ=  1729 | sparsity=0.1995 | d_m=9.0155e-02
step  432 | acc=0.9150 | NZ=  1728 | sparsity=0.2000 | d_m=8.1721e-02
step  433 | acc=0.9150 | NZ=  1727 | sparsity=0.2005 | d_m=7.9211e-02
step  434 | acc=0.9150 | NZ=  1726 | sparsity=0.2009 | d_m=7.2971e-02
step  435 | acc=0.9150 | NZ=  1725 | sparsity=0.2014 | d_m=9.5754e-02
step  436 | acc=0.9150 | NZ=  1724 | sparsity=0.2019 | d_m=1.0851e-01
step  437 | acc=0.9150 | NZ=  1723 | sparsity=0.2023 | d_m=1.0699e-01
step  438 | acc=0.9150 | NZ=  1722 | sparsity=0.2028 | d_m=1.1937e-01
step  439 | acc=0.9150 | NZ=  1721 | sparsity=0.2032 | d_m=1.1727e-01
step  440 | acc=0.9150 | NZ=  1720 | sparsity=0.2037 | d_m=1.1974e-01
step  441 | acc=0.9150 | NZ=  1719 | sparsity=0.2042 | d_m=1.1523e-01
step  442 | acc=0.9160 | NZ=  1718 | sparsity=0.2046 | d_m=1.1801e-01
step  443 | acc=0.9160 | NZ=  1717 | sparsity=0.2051 | d_m=1.2633e-01
step  444 | acc=0.9170 | NZ=  1716 | sparsity=0.2056 | d_m=1.1484e-01
step  445 | acc=0.9160 | NZ=  1715 | sparsity=0.2060 | d_m=1.2805e-01
step  446 | acc=0.9160 | NZ=  1714 | sparsity=0.2065 | d_m=1.2759e-01
step  447 | acc=0.9160 | NZ=  1713 | sparsity=0.2069 | d_m=1.1319e-01
step  448 | acc=0.9160 | NZ=  1712 | sparsity=0.2074 | d_m=1.0758e-01
step  449 | acc=0.9160 | NZ=  1711 | sparsity=0.2079 | d_m=1.0740e-01
step  450 | acc=0.9160 | NZ=  1710 | sparsity=0.2083 | d_m=1.1856e-01
step  451 | acc=0.9160 | NZ=  1709 | sparsity=0.2088 | d_m=1.3036e-01
step  452 | acc=0.9160 | NZ=  1708 | sparsity=0.2093 | d_m=1.3539e-01
step  453 | acc=0.9160 | NZ=  1707 | sparsity=0.2097 | d_m=1.2566e-01
step  454 | acc=0.9160 | NZ=  1706 | sparsity=0.2102 | d_m=1.7370e-01
step  455 | acc=0.9160 | NZ=  1705 | sparsity=0.2106 | d_m=1.7508e-01
step  456 | acc=0.9160 | NZ=  1704 | sparsity=0.2111 | d_m=1.7471e-01
step  457 | acc=0.9160 | NZ=  1703 | sparsity=0.2116 | d_m=1.6606e-01
step  458 | acc=0.9160 | NZ=  1702 | sparsity=0.2120 | d_m=1.6095e-01
step  459 | acc=0.9160 | NZ=  1701 | sparsity=0.2125 | d_m=1.5047e-01
step  460 | acc=0.9160 | NZ=  1700 | sparsity=0.2130 | d_m=1.5940e-01
step  461 | acc=0.9160 | NZ=  1699 | sparsity=0.2134 | d_m=1.5364e-01
step  462 | acc=0.9160 | NZ=  1698 | sparsity=0.2139 | d_m=1.4849e-01
step  463 | acc=0.9160 | NZ=  1697 | sparsity=0.2144 | d_m=1.5019e-01
step  464 | acc=0.9160 | NZ=  1696 | sparsity=0.2148 | d_m=1.5000e-01
step  465 | acc=0.9160 | NZ=  1695 | sparsity=0.2153 | d_m=1.3850e-01
step  466 | acc=0.9160 | NZ=  1694 | sparsity=0.2157 | d_m=1.2746e-01
step  467 | acc=0.9160 | NZ=  1693 | sparsity=0.2162 | d_m=1.2449e-01
step  468 | acc=0.9160 | NZ=  1692 | sparsity=0.2167 | d_m=1.3411e-01
step  469 | acc=0.9160 | NZ=  1691 | sparsity=0.2171 | d_m=1.3671e-01
step  470 | acc=0.9160 | NZ=  1690 | sparsity=0.2176 | d_m=1.2456e-01
step  471 | acc=0.9160 | NZ=  1689 | sparsity=0.2181 | d_m=1.2842e-01
step  472 | acc=0.9160 | NZ=  1688 | sparsity=0.2185 | d_m=1.2944e-01
step  473 | acc=0.9160 | NZ=  1687 | sparsity=0.2190 | d_m=1.1786e-01
step  474 | acc=0.9160 | NZ=  1686 | sparsity=0.2194 | d_m=1.2662e-01
step  475 | acc=0.9160 | NZ=  1685 | sparsity=0.2199 | d_m=1.4961e-01
step  476 | acc=0.9170 | NZ=  1684 | sparsity=0.2204 | d_m=1.3227e-01
step  477 | acc=0.9170 | NZ=  1683 | sparsity=0.2208 | d_m=1.0624e-01
step  478 | acc=0.9170 | NZ=  1682 | sparsity=0.2213 | d_m=1.3011e-01
step  479 | acc=0.9160 | NZ=  1681 | sparsity=0.2218 | d_m=1.2598e-01
step  480 | acc=0.9160 | NZ=  1680 | sparsity=0.2222 | d_m=1.3426e-01
step  481 | acc=0.9160 | NZ=  1679 | sparsity=0.2227 | d_m=1.3829e-01
step  482 | acc=0.9160 | NZ=  1678 | sparsity=0.2231 | d_m=1.7266e-01
step  483 | acc=0.9160 | NZ=  1677 | sparsity=0.2236 | d_m=1.9091e-01
step  484 | acc=0.9160 | NZ=  1676 | sparsity=0.2241 | d_m=1.7155e-01
step  485 | acc=0.9160 | NZ=  1675 | sparsity=0.2245 | d_m=1.7275e-01
step  486 | acc=0.9160 | NZ=  1674 | sparsity=0.2250 | d_m=2.0526e-01
step  487 | acc=0.9160 | NZ=  1673 | sparsity=0.2255 | d_m=1.9951e-01
step  488 | acc=0.9160 | NZ=  1672 | sparsity=0.2259 | d_m=1.9149e-01
step  489 | acc=0.9170 | NZ=  1671 | sparsity=0.2264 | d_m=2.2426e-01
step  490 | acc=0.9170 | NZ=  1670 | sparsity=0.2269 | d_m=1.9180e-01
step  491 | acc=0.9160 | NZ=  1669 | sparsity=0.2273 | d_m=1.8333e-01
step  492 | acc=0.9160 | NZ=  1668 | sparsity=0.2278 | d_m=2.2411e-01
step  493 | acc=0.9160 | NZ=  1667 | sparsity=0.2282 | d_m=2.2667e-01
step  494 | acc=0.9160 | NZ=  1666 | sparsity=0.2287 | d_m=2.1182e-01
step  495 | acc=0.9160 | NZ=  1665 | sparsity=0.2292 | d_m=1.8894e-01
step  496 | acc=0.9160 | NZ=  1664 | sparsity=0.2296 | d_m=2.0621e-01
step  497 | acc=0.9170 | NZ=  1663 | sparsity=0.2301 | d_m=2.1806e-01
step  498 | acc=0.9170 | NZ=  1662 | sparsity=0.2306 | d_m=2.1112e-01
step  499 | acc=0.9170 | NZ=  1661 | sparsity=0.2310 | d_m=2.0414e-01
Sparsification log saved to: /home/simon/repos/onnxmlir-pim-sparsify/artifacts/e02_omega_100/sparsified/sparsification_log.csv
[08:48:11]   sparsify: done
[08:48:11] --- e02_omega_1000 ---
[08:48:11]   train: starting
Output folder: /home/simon/repos/onnxmlir-pim-sparsify/artifacts/e02_omega_1000
Data loaded.
	X_train.shape = (10000, 196)
	X_test.shape  = (1000, 196)
Topology: [196, 10, 10, 10]
Training loop started
---------------------------------------------------------
	Epoch 0 of 1000 in 0.44 sec
	Train acc 0.09980 | Test acc 0.08000
---------------------------------------------------------
	Epoch 100 of 1000 in 0.00 sec
	Train acc 0.41490 | Test acc 0.36400
---------------------------------------------------------
	Epoch 200 of 1000 in 0.00 sec
	Train acc 0.78550 | Test acc 0.75000
---------------------------------------------------------
	Epoch 300 of 1000 in 0.00 sec
	Train acc 0.86400 | Test acc 0.84800
---------------------------------------------------------
	Epoch 400 of 1000 in 0.00 sec
	Train acc 0.88200 | Test acc 0.86500
---------------------------------------------------------
	Epoch 500 of 1000 in 0.00 sec
	Train acc 0.89050 | Test acc 0.87900
---------------------------------------------------------
	Epoch 600 of 1000 in 0.00 sec
	Train acc 0.89600 | Test acc 0.88500
---------------------------------------------------------
	Epoch 700 of 1000 in 0.00 sec
	Train acc 0.90380 | Test acc 0.89600
---------------------------------------------------------
	Epoch 800 of 1000 in 0.00 sec
	Train acc 0.91280 | Test acc 0.90100
---------------------------------------------------------
	Epoch 900 of 1000 in 0.00 sec
	Train acc 0.92240 | Test acc 0.90900
---------------------------------------------------------
Training log saved to: /home/simon/repos/onnxmlir-pim-sparsify/artifacts/e02_omega_1000/training_log.csv
Model saved to: /home/simon/repos/onnxmlir-pim-sparsify/artifacts/e02_omega_1000
[08:48:51]   train: done
[08:48:51]   sparsify: starting
Load the parameters from the folder
Found 3 layers in /home/simon/repos/onnxmlir-pim-sparsify/artifacts/e02_omega_1000
Accuracy in validation: 0.9190
Total parameters: 2160
Perturbation distance (sanity check): 1.2592e-01
Starting sparsification loop
At every iteration the network gets:
	 1. Pruned   — remove the least influential parameter
	 2. Adjusted — compensate via remaining parameters
step    0 | acc=0.9190 | NZ=  2160 | sparsity=0.0000 | d_m=0.0000e+00
step    1 | acc=0.9190 | NZ=  2159 | sparsity=0.0005 | d_m=0.0000e+00
step    2 | acc=0.9190 | NZ=  2158 | sparsity=0.0009 | d_m=0.0000e+00
step    3 | acc=0.9190 | NZ=  2157 | sparsity=0.0014 | d_m=0.0000e+00
step    4 | acc=0.9190 | NZ=  2156 | sparsity=0.0019 | d_m=0.0000e+00
step    5 | acc=0.9190 | NZ=  2155 | sparsity=0.0023 | d_m=0.0000e+00
step    6 | acc=0.9190 | NZ=  2154 | sparsity=0.0028 | d_m=0.0000e+00
step    7 | acc=0.9190 | NZ=  2153 | sparsity=0.0032 | d_m=0.0000e+00
step    8 | acc=0.9190 | NZ=  2152 | sparsity=0.0037 | d_m=0.0000e+00
step    9 | acc=0.9190 | NZ=  2151 | sparsity=0.0042 | d_m=0.0000e+00
step   10 | acc=0.9190 | NZ=  2150 | sparsity=0.0046 | d_m=0.0000e+00
step   11 | acc=0.9190 | NZ=  2149 | sparsity=0.0051 | d_m=0.0000e+00
step   12 | acc=0.9190 | NZ=  2148 | sparsity=0.0056 | d_m=0.0000e+00
step   13 | acc=0.9190 | NZ=  2147 | sparsity=0.0060 | d_m=0.0000e+00
step   14 | acc=0.9190 | NZ=  2146 | sparsity=0.0065 | d_m=0.0000e+00
step   15 | acc=0.9190 | NZ=  2145 | sparsity=0.0069 | d_m=0.0000e+00
step   16 | acc=0.9190 | NZ=  2144 | sparsity=0.0074 | d_m=0.0000e+00
step   17 | acc=0.9190 | NZ=  2143 | sparsity=0.0079 | d_m=0.0000e+00
step   18 | acc=0.9190 | NZ=  2142 | sparsity=0.0083 | d_m=0.0000e+00
step   19 | acc=0.9190 | NZ=  2141 | sparsity=0.0088 | d_m=0.0000e+00
step   20 | acc=0.9180 | NZ=  2140 | sparsity=0.0093 | d_m=0.0000e+00
step   21 | acc=0.9180 | NZ=  2139 | sparsity=0.0097 | d_m=0.0000e+00
step   22 | acc=0.9180 | NZ=  2138 | sparsity=0.0102 | d_m=0.0000e+00
step   23 | acc=0.9180 | NZ=  2137 | sparsity=0.0106 | d_m=0.0000e+00
step   24 | acc=0.9180 | NZ=  2136 | sparsity=0.0111 | d_m=0.0000e+00
step   25 | acc=0.9180 | NZ=  2135 | sparsity=0.0116 | d_m=0.0000e+00
step   26 | acc=0.9190 | NZ=  2134 | sparsity=0.0120 | d_m=0.0000e+00
step   27 | acc=0.9190 | NZ=  2133 | sparsity=0.0125 | d_m=0.0000e+00
step   28 | acc=0.9190 | NZ=  2132 | sparsity=0.0130 | d_m=0.0000e+00
step   29 | acc=0.9190 | NZ=  2131 | sparsity=0.0134 | d_m=0.0000e+00
step   30 | acc=0.9190 | NZ=  2130 | sparsity=0.0139 | d_m=0.0000e+00
step   31 | acc=0.9190 | NZ=  2129 | sparsity=0.0144 | d_m=0.0000e+00
step   32 | acc=0.9190 | NZ=  2128 | sparsity=0.0148 | d_m=0.0000e+00
step   33 | acc=0.9190 | NZ=  2127 | sparsity=0.0153 | d_m=0.0000e+00
step   34 | acc=0.9190 | NZ=  2126 | sparsity=0.0157 | d_m=0.0000e+00
step   35 | acc=0.9190 | NZ=  2125 | sparsity=0.0162 | d_m=0.0000e+00
step   36 | acc=0.9190 | NZ=  2124 | sparsity=0.0167 | d_m=0.0000e+00
step   37 | acc=0.9190 | NZ=  2123 | sparsity=0.0171 | d_m=0.0000e+00
step   38 | acc=0.9190 | NZ=  2122 | sparsity=0.0176 | d_m=0.0000e+00
step   39 | acc=0.9190 | NZ=  2121 | sparsity=0.0181 | d_m=0.0000e+00
step   40 | acc=0.9190 | NZ=  2120 | sparsity=0.0185 | d_m=0.0000e+00
step   41 | acc=0.9190 | NZ=  2119 | sparsity=0.0190 | d_m=0.0000e+00
step   42 | acc=0.9190 | NZ=  2118 | sparsity=0.0194 | d_m=0.0000e+00
step   43 | acc=0.9190 | NZ=  2117 | sparsity=0.0199 | d_m=0.0000e+00
step   44 | acc=0.9190 | NZ=  2116 | sparsity=0.0204 | d_m=0.0000e+00
step   45 | acc=0.9190 | NZ=  2115 | sparsity=0.0208 | d_m=0.0000e+00
step   46 | acc=0.9190 | NZ=  2114 | sparsity=0.0213 | d_m=0.0000e+00
step   47 | acc=0.9190 | NZ=  2113 | sparsity=0.0218 | d_m=0.0000e+00
step   48 | acc=0.9190 | NZ=  2112 | sparsity=0.0222 | d_m=0.0000e+00
step   49 | acc=0.9190 | NZ=  2111 | sparsity=0.0227 | d_m=0.0000e+00
step   50 | acc=0.9190 | NZ=  2110 | sparsity=0.0231 | d_m=0.0000e+00
step   51 | acc=0.9190 | NZ=  2109 | sparsity=0.0236 | d_m=0.0000e+00
step   52 | acc=0.9190 | NZ=  2108 | sparsity=0.0241 | d_m=0.0000e+00
step   53 | acc=0.9190 | NZ=  2107 | sparsity=0.0245 | d_m=0.0000e+00
step   54 | acc=0.9190 | NZ=  2106 | sparsity=0.0250 | d_m=0.0000e+00
step   55 | acc=0.9190 | NZ=  2105 | sparsity=0.0255 | d_m=0.0000e+00
step   56 | acc=0.9190 | NZ=  2104 | sparsity=0.0259 | d_m=0.0000e+00
step   57 | acc=0.9190 | NZ=  2103 | sparsity=0.0264 | d_m=0.0000e+00
step   58 | acc=0.9190 | NZ=  2102 | sparsity=0.0269 | d_m=0.0000e+00
step   59 | acc=0.9190 | NZ=  2101 | sparsity=0.0273 | d_m=0.0000e+00
step   60 | acc=0.9190 | NZ=  2100 | sparsity=0.0278 | d_m=0.0000e+00
step   61 | acc=0.9190 | NZ=  2099 | sparsity=0.0282 | d_m=0.0000e+00
step   62 | acc=0.9190 | NZ=  2098 | sparsity=0.0287 | d_m=0.0000e+00
step   63 | acc=0.9190 | NZ=  2097 | sparsity=0.0292 | d_m=0.0000e+00
step   64 | acc=0.9190 | NZ=  2096 | sparsity=0.0296 | d_m=0.0000e+00
step   65 | acc=0.9190 | NZ=  2095 | sparsity=0.0301 | d_m=0.0000e+00
step   66 | acc=0.9190 | NZ=  2094 | sparsity=0.0306 | d_m=0.0000e+00
step   67 | acc=0.9190 | NZ=  2093 | sparsity=0.0310 | d_m=0.0000e+00
step   68 | acc=0.9190 | NZ=  2092 | sparsity=0.0315 | d_m=0.0000e+00
step   69 | acc=0.9190 | NZ=  2091 | sparsity=0.0319 | d_m=0.0000e+00
step   70 | acc=0.9190 | NZ=  2090 | sparsity=0.0324 | d_m=0.0000e+00
step   71 | acc=0.9190 | NZ=  2089 | sparsity=0.0329 | d_m=0.0000e+00
step   72 | acc=0.9190 | NZ=  2088 | sparsity=0.0333 | d_m=0.0000e+00
step   73 | acc=0.9190 | NZ=  2087 | sparsity=0.0338 | d_m=0.0000e+00
step   74 | acc=0.9190 | NZ=  2086 | sparsity=0.0343 | d_m=0.0000e+00
step   75 | acc=0.9190 | NZ=  2085 | sparsity=0.0347 | d_m=0.0000e+00
step   76 | acc=0.9190 | NZ=  2084 | sparsity=0.0352 | d_m=0.0000e+00
step   77 | acc=0.9190 | NZ=  2083 | sparsity=0.0356 | d_m=0.0000e+00
step   78 | acc=0.9190 | NZ=  2082 | sparsity=0.0361 | d_m=0.0000e+00
step   79 | acc=0.9190 | NZ=  2081 | sparsity=0.0366 | d_m=0.0000e+00
step   80 | acc=0.9190 | NZ=  2080 | sparsity=0.0370 | d_m=0.0000e+00
step   81 | acc=0.9190 | NZ=  2079 | sparsity=0.0375 | d_m=0.0000e+00
step   82 | acc=0.9190 | NZ=  2078 | sparsity=0.0380 | d_m=0.0000e+00
step   83 | acc=0.9190 | NZ=  2077 | sparsity=0.0384 | d_m=0.0000e+00
step   84 | acc=0.9190 | NZ=  2076 | sparsity=0.0389 | d_m=0.0000e+00
step   85 | acc=0.9190 | NZ=  2075 | sparsity=0.0394 | d_m=0.0000e+00
step   86 | acc=0.9190 | NZ=  2074 | sparsity=0.0398 | d_m=0.0000e+00
step   87 | acc=0.9190 | NZ=  2073 | sparsity=0.0403 | d_m=0.0000e+00
step   88 | acc=0.9190 | NZ=  2072 | sparsity=0.0407 | d_m=0.0000e+00
step   89 | acc=0.9190 | NZ=  2071 | sparsity=0.0412 | d_m=0.0000e+00
step   90 | acc=0.9190 | NZ=  2070 | sparsity=0.0417 | d_m=0.0000e+00
step   91 | acc=0.9190 | NZ=  2069 | sparsity=0.0421 | d_m=0.0000e+00
step   92 | acc=0.9190 | NZ=  2068 | sparsity=0.0426 | d_m=0.0000e+00
step   93 | acc=0.9190 | NZ=  2067 | sparsity=0.0431 | d_m=0.0000e+00
step   94 | acc=0.9190 | NZ=  2066 | sparsity=0.0435 | d_m=0.0000e+00
step   95 | acc=0.9190 | NZ=  2065 | sparsity=0.0440 | d_m=0.0000e+00
step   96 | acc=0.9190 | NZ=  2064 | sparsity=0.0444 | d_m=0.0000e+00
step   97 | acc=0.9190 | NZ=  2063 | sparsity=0.0449 | d_m=0.0000e+00
step   98 | acc=0.9190 | NZ=  2062 | sparsity=0.0454 | d_m=0.0000e+00
step   99 | acc=0.9190 | NZ=  2061 | sparsity=0.0458 | d_m=0.0000e+00
step  100 | acc=0.9190 | NZ=  2060 | sparsity=0.0463 | d_m=0.0000e+00
step  101 | acc=0.9190 | NZ=  2059 | sparsity=0.0468 | d_m=0.0000e+00
step  102 | acc=0.9190 | NZ=  2058 | sparsity=0.0472 | d_m=0.0000e+00
step  103 | acc=0.9190 | NZ=  2057 | sparsity=0.0477 | d_m=0.0000e+00
step  104 | acc=0.9190 | NZ=  2056 | sparsity=0.0481 | d_m=0.0000e+00
step  105 | acc=0.9190 | NZ=  2055 | sparsity=0.0486 | d_m=0.0000e+00
step  106 | acc=0.9190 | NZ=  2054 | sparsity=0.0491 | d_m=0.0000e+00
step  107 | acc=0.9190 | NZ=  2053 | sparsity=0.0495 | d_m=0.0000e+00
step  108 | acc=0.9190 | NZ=  2052 | sparsity=0.0500 | d_m=0.0000e+00
step  109 | acc=0.9190 | NZ=  2051 | sparsity=0.0505 | d_m=0.0000e+00
step  110 | acc=0.9190 | NZ=  2050 | sparsity=0.0509 | d_m=0.0000e+00
step  111 | acc=0.9190 | NZ=  2049 | sparsity=0.0514 | d_m=0.0000e+00
step  112 | acc=0.9190 | NZ=  2048 | sparsity=0.0519 | d_m=0.0000e+00
step  113 | acc=0.9190 | NZ=  2047 | sparsity=0.0523 | d_m=0.0000e+00
step  114 | acc=0.9190 | NZ=  2046 | sparsity=0.0528 | d_m=0.0000e+00
step  115 | acc=0.9190 | NZ=  2045 | sparsity=0.0532 | d_m=0.0000e+00
step  116 | acc=0.9190 | NZ=  2044 | sparsity=0.0537 | d_m=0.0000e+00
step  117 | acc=0.9190 | NZ=  2043 | sparsity=0.0542 | d_m=0.0000e+00
step  118 | acc=0.9190 | NZ=  2042 | sparsity=0.0546 | d_m=0.0000e+00
step  119 | acc=0.9190 | NZ=  2041 | sparsity=0.0551 | d_m=0.0000e+00
step  120 | acc=0.9190 | NZ=  2040 | sparsity=0.0556 | d_m=0.0000e+00
step  121 | acc=0.9190 | NZ=  2039 | sparsity=0.0560 | d_m=0.0000e+00
step  122 | acc=0.9190 | NZ=  2038 | sparsity=0.0565 | d_m=0.0000e+00
step  123 | acc=0.9190 | NZ=  2037 | sparsity=0.0569 | d_m=0.0000e+00
step  124 | acc=0.9190 | NZ=  2036 | sparsity=0.0574 | d_m=0.0000e+00
step  125 | acc=0.9190 | NZ=  2035 | sparsity=0.0579 | d_m=0.0000e+00
step  126 | acc=0.9190 | NZ=  2034 | sparsity=0.0583 | d_m=0.0000e+00
step  127 | acc=0.9190 | NZ=  2033 | sparsity=0.0588 | d_m=0.0000e+00
step  128 | acc=0.9190 | NZ=  2032 | sparsity=0.0593 | d_m=0.0000e+00
step  129 | acc=0.9190 | NZ=  2031 | sparsity=0.0597 | d_m=0.0000e+00
step  130 | acc=0.9190 | NZ=  2030 | sparsity=0.0602 | d_m=0.0000e+00
step  131 | acc=0.9190 | NZ=  2029 | sparsity=0.0606 | d_m=0.0000e+00
step  132 | acc=0.9190 | NZ=  2028 | sparsity=0.0611 | d_m=0.0000e+00
step  133 | acc=0.9190 | NZ=  2027 | sparsity=0.0616 | d_m=0.0000e+00
step  134 | acc=0.9190 | NZ=  2026 | sparsity=0.0620 | d_m=0.0000e+00
step  135 | acc=0.9190 | NZ=  2025 | sparsity=0.0625 | d_m=0.0000e+00
step  136 | acc=0.9190 | NZ=  2024 | sparsity=0.0630 | d_m=0.0000e+00
step  137 | acc=0.9190 | NZ=  2023 | sparsity=0.0634 | d_m=0.0000e+00
step  138 | acc=0.9190 | NZ=  2022 | sparsity=0.0639 | d_m=0.0000e+00
step  139 | acc=0.9190 | NZ=  2021 | sparsity=0.0644 | d_m=0.0000e+00
step  140 | acc=0.9190 | NZ=  2020 | sparsity=0.0648 | d_m=0.0000e+00
step  141 | acc=0.9190 | NZ=  2019 | sparsity=0.0653 | d_m=0.0000e+00
step  142 | acc=0.9190 | NZ=  2018 | sparsity=0.0657 | d_m=0.0000e+00
step  143 | acc=0.9190 | NZ=  2017 | sparsity=0.0662 | d_m=0.0000e+00
step  144 | acc=0.9190 | NZ=  2016 | sparsity=0.0667 | d_m=0.0000e+00
step  145 | acc=0.9190 | NZ=  2015 | sparsity=0.0671 | d_m=0.0000e+00
step  146 | acc=0.9190 | NZ=  2014 | sparsity=0.0676 | d_m=0.0000e+00
step  147 | acc=0.9190 | NZ=  2013 | sparsity=0.0681 | d_m=0.0000e+00
step  148 | acc=0.9190 | NZ=  2012 | sparsity=0.0685 | d_m=0.0000e+00
step  149 | acc=0.9190 | NZ=  2011 | sparsity=0.0690 | d_m=0.0000e+00
step  150 | acc=0.9190 | NZ=  2010 | sparsity=0.0694 | d_m=0.0000e+00
step  151 | acc=0.9190 | NZ=  2009 | sparsity=0.0699 | d_m=0.0000e+00
step  152 | acc=0.9190 | NZ=  2008 | sparsity=0.0704 | d_m=0.0000e+00
step  153 | acc=0.9190 | NZ=  2007 | sparsity=0.0708 | d_m=0.0000e+00
step  154 | acc=0.9190 | NZ=  2006 | sparsity=0.0713 | d_m=0.0000e+00
step  155 | acc=0.9190 | NZ=  2005 | sparsity=0.0718 | d_m=0.0000e+00
step  156 | acc=0.9190 | NZ=  2004 | sparsity=0.0722 | d_m=0.0000e+00
step  157 | acc=0.9190 | NZ=  2003 | sparsity=0.0727 | d_m=0.0000e+00
step  158 | acc=0.9190 | NZ=  2002 | sparsity=0.0731 | d_m=0.0000e+00
step  159 | acc=0.9190 | NZ=  2001 | sparsity=0.0736 | d_m=0.0000e+00
step  160 | acc=0.9190 | NZ=  2000 | sparsity=0.0741 | d_m=0.0000e+00
step  161 | acc=0.9190 | NZ=  1999 | sparsity=0.0745 | d_m=0.0000e+00
step  162 | acc=0.9190 | NZ=  1998 | sparsity=0.0750 | d_m=0.0000e+00
step  163 | acc=0.9190 | NZ=  1997 | sparsity=0.0755 | d_m=0.0000e+00
step  164 | acc=0.9190 | NZ=  1996 | sparsity=0.0759 | d_m=0.0000e+00
step  165 | acc=0.9190 | NZ=  1995 | sparsity=0.0764 | d_m=0.0000e+00
step  166 | acc=0.9190 | NZ=  1994 | sparsity=0.0769 | d_m=0.0000e+00
step  167 | acc=0.9190 | NZ=  1993 | sparsity=0.0773 | d_m=0.0000e+00
step  168 | acc=0.9190 | NZ=  1992 | sparsity=0.0778 | d_m=0.0000e+00
step  169 | acc=0.9190 | NZ=  1991 | sparsity=0.0782 | d_m=0.0000e+00
step  170 | acc=0.9190 | NZ=  1990 | sparsity=0.0787 | d_m=0.0000e+00
step  171 | acc=0.9190 | NZ=  1989 | sparsity=0.0792 | d_m=0.0000e+00
step  172 | acc=0.9190 | NZ=  1988 | sparsity=0.0796 | d_m=0.0000e+00
step  173 | acc=0.9190 | NZ=  1987 | sparsity=0.0801 | d_m=0.0000e+00
step  174 | acc=0.9190 | NZ=  1986 | sparsity=0.0806 | d_m=0.0000e+00
step  175 | acc=0.9190 | NZ=  1985 | sparsity=0.0810 | d_m=0.0000e+00
step  176 | acc=0.9190 | NZ=  1984 | sparsity=0.0815 | d_m=0.0000e+00
step  177 | acc=0.9190 | NZ=  1983 | sparsity=0.0819 | d_m=0.0000e+00
step  178 | acc=0.9190 | NZ=  1982 | sparsity=0.0824 | d_m=0.0000e+00
step  179 | acc=0.9190 | NZ=  1981 | sparsity=0.0829 | d_m=0.0000e+00
step  180 | acc=0.9190 | NZ=  1980 | sparsity=0.0833 | d_m=0.0000e+00
step  181 | acc=0.9190 | NZ=  1979 | sparsity=0.0838 | d_m=0.0000e+00
step  182 | acc=0.9190 | NZ=  1978 | sparsity=0.0843 | d_m=0.0000e+00
step  183 | acc=0.9190 | NZ=  1977 | sparsity=0.0847 | d_m=0.0000e+00
step  184 | acc=0.9190 | NZ=  1976 | sparsity=0.0852 | d_m=0.0000e+00
step  185 | acc=0.9190 | NZ=  1975 | sparsity=0.0856 | d_m=0.0000e+00
step  186 | acc=0.9190 | NZ=  1974 | sparsity=0.0861 | d_m=0.0000e+00
step  187 | acc=0.9190 | NZ=  1973 | sparsity=0.0866 | d_m=0.0000e+00
step  188 | acc=0.9190 | NZ=  1972 | sparsity=0.0870 | d_m=0.0000e+00
step  189 | acc=0.9190 | NZ=  1971 | sparsity=0.0875 | d_m=0.0000e+00
step  190 | acc=0.9190 | NZ=  1970 | sparsity=0.0880 | d_m=0.0000e+00
step  191 | acc=0.9190 | NZ=  1969 | sparsity=0.0884 | d_m=0.0000e+00
step  192 | acc=0.9190 | NZ=  1968 | sparsity=0.0889 | d_m=0.0000e+00
step  193 | acc=0.9190 | NZ=  1967 | sparsity=0.0894 | d_m=0.0000e+00
step  194 | acc=0.9190 | NZ=  1966 | sparsity=0.0898 | d_m=0.0000e+00
step  195 | acc=0.9190 | NZ=  1965 | sparsity=0.0903 | d_m=0.0000e+00
step  196 | acc=0.9190 | NZ=  1964 | sparsity=0.0907 | d_m=0.0000e+00
step  197 | acc=0.9190 | NZ=  1963 | sparsity=0.0912 | d_m=0.0000e+00
step  198 | acc=0.9190 | NZ=  1962 | sparsity=0.0917 | d_m=0.0000e+00
step  199 | acc=0.9190 | NZ=  1961 | sparsity=0.0921 | d_m=0.0000e+00
step  200 | acc=0.9190 | NZ=  1960 | sparsity=0.0926 | d_m=0.0000e+00
step  201 | acc=0.9190 | NZ=  1959 | sparsity=0.0931 | d_m=0.0000e+00
step  202 | acc=0.9190 | NZ=  1958 | sparsity=0.0935 | d_m=0.0000e+00
step  203 | acc=0.9190 | NZ=  1957 | sparsity=0.0940 | d_m=0.0000e+00
step  204 | acc=0.9190 | NZ=  1956 | sparsity=0.0944 | d_m=0.0000e+00
step  205 | acc=0.9190 | NZ=  1955 | sparsity=0.0949 | d_m=0.0000e+00
step  206 | acc=0.9190 | NZ=  1954 | sparsity=0.0954 | d_m=0.0000e+00
step  207 | acc=0.9190 | NZ=  1953 | sparsity=0.0958 | d_m=0.0000e+00
step  208 | acc=0.9190 | NZ=  1952 | sparsity=0.0963 | d_m=0.0000e+00
step  209 | acc=0.9190 | NZ=  1951 | sparsity=0.0968 | d_m=0.0000e+00
step  210 | acc=0.9190 | NZ=  1950 | sparsity=0.0972 | d_m=0.0000e+00
step  211 | acc=0.9190 | NZ=  1949 | sparsity=0.0977 | d_m=0.0000e+00
step  212 | acc=0.9190 | NZ=  1948 | sparsity=0.0981 | d_m=0.0000e+00
step  213 | acc=0.9190 | NZ=  1947 | sparsity=0.0986 | d_m=0.0000e+00
step  214 | acc=0.9190 | NZ=  1946 | sparsity=0.0991 | d_m=0.0000e+00
step  215 | acc=0.9190 | NZ=  1945 | sparsity=0.0995 | d_m=0.0000e+00
step  216 | acc=0.9190 | NZ=  1944 | sparsity=0.1000 | d_m=0.0000e+00
step  217 | acc=0.9190 | NZ=  1943 | sparsity=0.1005 | d_m=0.0000e+00
step  218 | acc=0.9190 | NZ=  1942 | sparsity=0.1009 | d_m=0.0000e+00
step  219 | acc=0.9190 | NZ=  1941 | sparsity=0.1014 | d_m=0.0000e+00
step  220 | acc=0.9190 | NZ=  1940 | sparsity=0.1019 | d_m=0.0000e+00
step  221 | acc=0.9190 | NZ=  1939 | sparsity=0.1023 | d_m=0.0000e+00
step  222 | acc=0.9190 | NZ=  1938 | sparsity=0.1028 | d_m=0.0000e+00
step  223 | acc=0.9190 | NZ=  1937 | sparsity=0.1032 | d_m=0.0000e+00
step  224 | acc=0.9190 | NZ=  1936 | sparsity=0.1037 | d_m=0.0000e+00
step  225 | acc=0.9190 | NZ=  1935 | sparsity=0.1042 | d_m=0.0000e+00
step  226 | acc=0.9190 | NZ=  1934 | sparsity=0.1046 | d_m=8.0564e-06
step  227 | acc=0.9190 | NZ=  1933 | sparsity=0.1051 | d_m=3.3093e-05
step  228 | acc=0.9190 | NZ=  1932 | sparsity=0.1056 | d_m=3.6877e-04
step  229 | acc=0.9190 | NZ=  1931 | sparsity=0.1060 | d_m=9.3515e-04
step  230 | acc=0.9190 | NZ=  1930 | sparsity=0.1065 | d_m=1.8482e-03
step  231 | acc=0.9190 | NZ=  1929 | sparsity=0.1069 | d_m=2.3931e-03
step  232 | acc=0.9190 | NZ=  1928 | sparsity=0.1074 | d_m=3.3170e-03
step  233 | acc=0.9190 | NZ=  1927 | sparsity=0.1079 | d_m=3.9290e-03
step  234 | acc=0.9190 | NZ=  1926 | sparsity=0.1083 | d_m=5.1532e-03
step  235 | acc=0.9190 | NZ=  1925 | sparsity=0.1088 | d_m=6.1864e-03
step  236 | acc=0.9190 | NZ=  1924 | sparsity=0.1093 | d_m=6.5491e-03
step  237 | acc=0.9190 | NZ=  1923 | sparsity=0.1097 | d_m=8.0786e-03
step  238 | acc=0.9190 | NZ=  1922 | sparsity=0.1102 | d_m=1.1593e-02
step  239 | acc=0.9190 | NZ=  1921 | sparsity=0.1106 | d_m=1.4256e-02
step  240 | acc=0.9190 | NZ=  1920 | sparsity=0.1111 | d_m=1.4911e-02
step  241 | acc=0.9190 | NZ=  1919 | sparsity=0.1116 | d_m=1.7950e-02
step  242 | acc=0.9190 | NZ=  1918 | sparsity=0.1120 | d_m=2.1135e-02
step  243 | acc=0.9190 | NZ=  1917 | sparsity=0.1125 | d_m=2.5449e-02
step  244 | acc=0.9190 | NZ=  1916 | sparsity=0.1130 | d_m=2.8888e-02
step  245 | acc=0.9190 | NZ=  1915 | sparsity=0.1134 | d_m=3.3157e-02
step  246 | acc=0.9190 | NZ=  1914 | sparsity=0.1139 | d_m=3.7808e-02
step  247 | acc=0.9190 | NZ=  1913 | sparsity=0.1144 | d_m=4.4168e-02
step  248 | acc=0.9190 | NZ=  1912 | sparsity=0.1148 | d_m=5.1483e-02
step  249 | acc=0.9190 | NZ=  1911 | sparsity=0.1153 | d_m=6.2564e-02
step  250 | acc=0.9190 | NZ=  1910 | sparsity=0.1157 | d_m=7.3291e-02
step  251 | acc=0.9190 | NZ=  1909 | sparsity=0.1162 | d_m=8.0100e-02
step  252 | acc=0.9190 | NZ=  1908 | sparsity=0.1167 | d_m=9.7081e-02
step  253 | acc=0.9190 | NZ=  1907 | sparsity=0.1171 | d_m=1.0570e-01
step  254 | acc=0.9190 | NZ=  1906 | sparsity=0.1176 | d_m=1.0527e-01
step  255 | acc=0.9190 | NZ=  1905 | sparsity=0.1181 | d_m=1.2006e-01
step  256 | acc=0.9190 | NZ=  1904 | sparsity=0.1185 | d_m=1.3197e-01
step  257 | acc=0.9190 | NZ=  1903 | sparsity=0.1190 | d_m=1.4546e-01
step  258 | acc=0.9190 | NZ=  1902 | sparsity=0.1194 | d_m=1.6092e-01
step  259 | acc=0.9190 | NZ=  1901 | sparsity=0.1199 | d_m=1.7126e-01
step  260 | acc=0.9190 | NZ=  1900 | sparsity=0.1204 | d_m=1.9287e-01
step  261 | acc=0.9190 | NZ=  1899 | sparsity=0.1208 | d_m=1.9161e-01
step  262 | acc=0.9190 | NZ=  1898 | sparsity=0.1213 | d_m=2.0551e-01
step  263 | acc=0.9190 | NZ=  1897 | sparsity=0.1218 | d_m=2.3056e-01
step  264 | acc=0.9190 | NZ=  1896 | sparsity=0.1222 | d_m=2.4826e-01
step  265 | acc=0.9190 | NZ=  1895 | sparsity=0.1227 | d_m=2.6670e-01
step  266 | acc=0.9190 | NZ=  1894 | sparsity=0.1231 | d_m=2.8703e-01
step  267 | acc=0.9190 | NZ=  1893 | sparsity=0.1236 | d_m=3.0846e-01
step  268 | acc=0.9190 | NZ=  1892 | sparsity=0.1241 | d_m=3.1247e-01
step  269 | acc=0.9190 | NZ=  1891 | sparsity=0.1245 | d_m=3.2842e-01
step  270 | acc=0.9190 | NZ=  1890 | sparsity=0.1250 | d_m=3.3695e-01
step  271 | acc=0.9190 | NZ=  1889 | sparsity=0.1255 | d_m=3.7146e-01
step  272 | acc=0.9190 | NZ=  1888 | sparsity=0.1259 | d_m=3.6380e-01
step  273 | acc=0.9190 | NZ=  1887 | sparsity=0.1264 | d_m=3.7724e-01
step  274 | acc=0.9190 | NZ=  1886 | sparsity=0.1269 | d_m=3.8752e-01
step  275 | acc=0.9190 | NZ=  1885 | sparsity=0.1273 | d_m=3.9825e-01
step  276 | acc=0.9190 | NZ=  1884 | sparsity=0.1278 | d_m=4.2196e-01
step  277 | acc=0.9190 | NZ=  1883 | sparsity=0.1282 | d_m=4.7113e-01
step  278 | acc=0.9190 | NZ=  1882 | sparsity=0.1287 | d_m=5.1647e-01
step  279 | acc=0.9190 | NZ=  1881 | sparsity=0.1292 | d_m=5.4802e-01
step  280 | acc=0.9190 | NZ=  1880 | sparsity=0.1296 | d_m=5.7150e-01
step  281 | acc=0.9190 | NZ=  1879 | sparsity=0.1301 | d_m=5.8733e-01
step  282 | acc=0.9190 | NZ=  1878 | sparsity=0.1306 | d_m=6.0586e-01
step  283 | acc=0.9180 | NZ=  1877 | sparsity=0.1310 | d_m=6.3531e-01
step  284 | acc=0.9180 | NZ=  1876 | sparsity=0.1315 | d_m=6.5830e-01
step  285 | acc=0.9180 | NZ=  1875 | sparsity=0.1319 | d_m=6.8386e-01
step  286 | acc=0.9180 | NZ=  1874 | sparsity=0.1324 | d_m=7.0826e-01
step  287 | acc=0.9180 | NZ=  1873 | sparsity=0.1329 | d_m=7.3093e-01
step  288 | acc=0.9180 | NZ=  1872 | sparsity=0.1333 | d_m=8.0759e-01
step  289 | acc=0.9180 | NZ=  1871 | sparsity=0.1338 | d_m=8.1183e-01
step  290 | acc=0.9180 | NZ=  1870 | sparsity=0.1343 | d_m=8.3872e-01
step  291 | acc=0.9180 | NZ=  1869 | sparsity=0.1347 | d_m=8.8373e-01
step  292 | acc=0.9180 | NZ=  1868 | sparsity=0.1352 | d_m=9.2980e-01
step  293 | acc=0.9190 | NZ=  1867 | sparsity=0.1356 | d_m=9.3873e-01
step  294 | acc=0.9190 | NZ=  1866 | sparsity=0.1361 | d_m=9.6218e-01
step  295 | acc=0.9180 | NZ=  1865 | sparsity=0.1366 | d_m=1.0101e+00
step  296 | acc=0.9180 | NZ=  1864 | sparsity=0.1370 | d_m=1.0518e+00
step  297 | acc=0.9180 | NZ=  1863 | sparsity=0.1375 | d_m=1.0267e+00
step  298 | acc=0.9180 | NZ=  1862 | sparsity=0.1380 | d_m=9.9256e-01
step  299 | acc=0.9180 | NZ=  1861 | sparsity=0.1384 | d_m=9.5903e-01
step  300 | acc=0.9180 | NZ=  1860 | sparsity=0.1389 | d_m=1.0186e+00
step  301 | acc=0.9180 | NZ=  1859 | sparsity=0.1394 | d_m=1.0621e+00
step  302 | acc=0.9180 | NZ=  1858 | sparsity=0.1398 | d_m=1.1261e+00
step  303 | acc=0.9180 | NZ=  1857 | sparsity=0.1403 | d_m=1.0543e+00
step  304 | acc=0.9180 | NZ=  1856 | sparsity=0.1407 | d_m=1.1463e+00
step  305 | acc=0.9180 | NZ=  1855 | sparsity=0.1412 | d_m=1.1749e+00
step  306 | acc=0.9180 | NZ=  1854 | sparsity=0.1417 | d_m=1.2311e+00
step  307 | acc=0.9180 | NZ=  1853 | sparsity=0.1421 | d_m=1.2824e+00
step  308 | acc=0.9180 | NZ=  1852 | sparsity=0.1426 | d_m=1.3134e+00
step  309 | acc=0.9180 | NZ=  1851 | sparsity=0.1431 | d_m=1.4070e+00
step  310 | acc=0.9180 | NZ=  1850 | sparsity=0.1435 | d_m=1.4314e+00
step  311 | acc=0.9180 | NZ=  1849 | sparsity=0.1440 | d_m=1.4109e+00
step  312 | acc=0.9180 | NZ=  1848 | sparsity=0.1444 | d_m=1.3147e+00
step  313 | acc=0.9180 | NZ=  1847 | sparsity=0.1449 | d_m=1.4143e+00
step  314 | acc=0.9180 | NZ=  1846 | sparsity=0.1454 | d_m=1.4884e+00
step  315 | acc=0.9180 | NZ=  1845 | sparsity=0.1458 | d_m=1.3759e+00
step  316 | acc=0.9180 | NZ=  1844 | sparsity=0.1463 | d_m=1.4582e+00
step  317 | acc=0.9180 | NZ=  1843 | sparsity=0.1468 | d_m=1.4640e+00
step  318 | acc=0.9180 | NZ=  1842 | sparsity=0.1472 | d_m=1.6169e+00
step  319 | acc=0.9180 | NZ=  1841 | sparsity=0.1477 | d_m=1.6783e+00
step  320 | acc=0.9180 | NZ=  1840 | sparsity=0.1481 | d_m=1.7646e+00
step  321 | acc=0.9180 | NZ=  1839 | sparsity=0.1486 | d_m=1.7494e+00
step  322 | acc=0.9180 | NZ=  1838 | sparsity=0.1491 | d_m=1.7276e+00
step  323 | acc=0.9180 | NZ=  1837 | sparsity=0.1495 | d_m=1.8015e+00
step  324 | acc=0.9180 | NZ=  1836 | sparsity=0.1500 | d_m=1.9237e+00
step  325 | acc=0.9180 | NZ=  1835 | sparsity=0.1505 | d_m=1.9988e+00
step  326 | acc=0.9180 | NZ=  1834 | sparsity=0.1509 | d_m=2.0688e+00
step  327 | acc=0.9190 | NZ=  1833 | sparsity=0.1514 | d_m=2.0958e+00
step  328 | acc=0.9190 | NZ=  1832 | sparsity=0.1519 | d_m=2.1183e+00
step  329 | acc=0.9180 | NZ=  1831 | sparsity=0.1523 | d_m=2.1906e+00
step  330 | acc=0.9180 | NZ=  1830 | sparsity=0.1528 | d_m=2.2802e+00
step  331 | acc=0.9180 | NZ=  1829 | sparsity=0.1532 | d_m=2.3582e+00
step  332 | acc=0.9180 | NZ=  1828 | sparsity=0.1537 | d_m=2.3799e+00
step  333 | acc=0.9190 | NZ=  1827 | sparsity=0.1542 | d_m=2.4140e+00
step  334 | acc=0.9190 | NZ=  1826 | sparsity=0.1546 | d_m=2.2821e+00
step  335 | acc=0.9190 | NZ=  1825 | sparsity=0.1551 | d_m=2.2930e+00
step  336 | acc=0.9190 | NZ=  1824 | sparsity=0.1556 | d_m=2.4001e+00
step  337 | acc=0.9190 | NZ=  1823 | sparsity=0.1560 | d_m=2.4685e+00
step  338 | acc=0.9190 | NZ=  1822 | sparsity=0.1565 | d_m=2.5745e+00
step  339 | acc=0.9190 | NZ=  1821 | sparsity=0.1569 | d_m=2.6673e+00
step  340 | acc=0.9190 | NZ=  1820 | sparsity=0.1574 | d_m=2.6790e+00
step  341 | acc=0.9190 | NZ=  1819 | sparsity=0.1579 | d_m=2.8634e+00
step  342 | acc=0.9190 | NZ=  1818 | sparsity=0.1583 | d_m=2.9989e+00
step  343 | acc=0.9190 | NZ=  1817 | sparsity=0.1588 | d_m=3.1639e+00
step  344 | acc=0.9190 | NZ=  1816 | sparsity=0.1593 | d_m=3.1603e+00
step  345 | acc=0.9190 | NZ=  1815 | sparsity=0.1597 | d_m=3.3510e+00
step  346 | acc=0.9190 | NZ=  1814 | sparsity=0.1602 | d_m=3.4807e+00
step  347 | acc=0.9190 | NZ=  1813 | sparsity=0.1606 | d_m=3.4503e+00
step  348 | acc=0.9190 | NZ=  1812 | sparsity=0.1611 | d_m=3.5397e+00
step  349 | acc=0.9190 | NZ=  1811 | sparsity=0.1616 | d_m=3.6063e+00
step  350 | acc=0.9190 | NZ=  1810 | sparsity=0.1620 | d_m=3.6060e+00
step  351 | acc=0.9190 | NZ=  1809 | sparsity=0.1625 | d_m=3.7929e+00
step  352 | acc=0.9190 | NZ=  1808 | sparsity=0.1630 | d_m=3.9922e+00
step  353 | acc=0.9190 | NZ=  1807 | sparsity=0.1634 | d_m=4.0790e+00
step  354 | acc=0.9190 | NZ=  1806 | sparsity=0.1639 | d_m=4.0446e+00
step  355 | acc=0.9190 | NZ=  1805 | sparsity=0.1644 | d_m=4.2435e+00
step  356 | acc=0.9190 | NZ=  1804 | sparsity=0.1648 | d_m=4.2893e+00
step  357 | acc=0.9190 | NZ=  1803 | sparsity=0.1653 | d_m=3.9672e+00
step  358 | acc=0.9190 | NZ=  1802 | sparsity=0.1657 | d_m=3.9918e+00
step  359 | acc=0.9180 | NZ=  1801 | sparsity=0.1662 | d_m=4.1570e+00
step  360 | acc=0.9180 | NZ=  1800 | sparsity=0.1667 | d_m=4.2257e+00
step  361 | acc=0.9190 | NZ=  1799 | sparsity=0.1671 | d_m=4.1694e+00
step  362 | acc=0.9190 | NZ=  1798 | sparsity=0.1676 | d_m=4.1141e+00
step  363 | acc=0.9200 | NZ=  1797 | sparsity=0.1681 | d_m=4.1851e+00
step  364 | acc=0.9190 | NZ=  1796 | sparsity=0.1685 | d_m=4.3042e+00
step  365 | acc=0.9190 | NZ=  1795 | sparsity=0.1690 | d_m=4.4632e+00
step  366 | acc=0.9190 | NZ=  1794 | sparsity=0.1694 | d_m=4.5421e+00
step  367 | acc=0.9190 | NZ=  1793 | sparsity=0.1699 | d_m=4.7773e+00
step  368 | acc=0.9190 | NZ=  1792 | sparsity=0.1704 | d_m=4.8254e+00
step  369 | acc=0.9190 | NZ=  1791 | sparsity=0.1708 | d_m=4.7826e+00
step  370 | acc=0.9190 | NZ=  1790 | sparsity=0.1713 | d_m=4.6485e+00
step  371 | acc=0.9190 | NZ=  1789 | sparsity=0.1718 | d_m=4.9475e+00
step  372 | acc=0.9190 | NZ=  1788 | sparsity=0.1722 | d_m=5.1978e+00
step  373 | acc=0.9190 | NZ=  1787 | sparsity=0.1727 | d_m=5.2991e+00
step  374 | acc=0.9190 | NZ=  1786 | sparsity=0.1731 | d_m=5.2582e+00
step  375 | acc=0.9190 | NZ=  1785 | sparsity=0.1736 | d_m=5.5307e+00
step  376 | acc=0.9190 | NZ=  1784 | sparsity=0.1741 | d_m=5.5966e+00
step  377 | acc=0.9190 | NZ=  1783 | sparsity=0.1745 | d_m=5.4440e+00
step  378 | acc=0.9200 | NZ=  1782 | sparsity=0.1750 | d_m=5.7468e+00
step  379 | acc=0.9200 | NZ=  1781 | sparsity=0.1755 | d_m=5.9609e+00
step  380 | acc=0.9190 | NZ=  1780 | sparsity=0.1759 | d_m=6.1727e+00
step  381 | acc=0.9190 | NZ=  1779 | sparsity=0.1764 | d_m=6.3230e+00
step  382 | acc=0.9190 | NZ=  1778 | sparsity=0.1769 | d_m=6.2587e+00
step  383 | acc=0.9190 | NZ=  1777 | sparsity=0.1773 | d_m=6.2418e+00
step  384 | acc=0.9190 | NZ=  1776 | sparsity=0.1778 | d_m=6.1616e+00
step  385 | acc=0.9190 | NZ=  1775 | sparsity=0.1782 | d_m=6.4000e+00
step  386 | acc=0.9190 | NZ=  1774 | sparsity=0.1787 | d_m=6.5007e+00
step  387 | acc=0.9190 | NZ=  1773 | sparsity=0.1792 | d_m=6.4953e+00
step  388 | acc=0.9190 | NZ=  1772 | sparsity=0.1796 | d_m=6.6512e+00
step  389 | acc=0.9180 | NZ=  1771 | sparsity=0.1801 | d_m=6.7240e+00
step  390 | acc=0.9180 | NZ=  1770 | sparsity=0.1806 | d_m=6.6421e+00
step  391 | acc=0.9180 | NZ=  1769 | sparsity=0.1810 | d_m=6.7399e+00
step  392 | acc=0.9180 | NZ=  1768 | sparsity=0.1815 | d_m=6.7128e+00
step  393 | acc=0.9190 | NZ=  1767 | sparsity=0.1819 | d_m=6.9522e+00
step  394 | acc=0.9190 | NZ=  1766 | sparsity=0.1824 | d_m=7.0436e+00
step  395 | acc=0.9190 | NZ=  1765 | sparsity=0.1829 | d_m=7.1449e+00
step  396 | acc=0.9190 | NZ=  1764 | sparsity=0.1833 | d_m=7.1270e+00
step  397 | acc=0.9190 | NZ=  1763 | sparsity=0.1838 | d_m=7.0796e+00
step  398 | acc=0.9190 | NZ=  1762 | sparsity=0.1843 | d_m=7.3862e+00
step  399 | acc=0.9190 | NZ=  1761 | sparsity=0.1847 | d_m=7.4927e+00
step  400 | acc=0.9190 | NZ=  1760 | sparsity=0.1852 | d_m=7.5517e+00
step  401 | acc=0.9190 | NZ=  1759 | sparsity=0.1856 | d_m=7.7578e+00
step  402 | acc=0.9190 | NZ=  1758 | sparsity=0.1861 | d_m=7.4809e+00
step  403 | acc=0.9190 | NZ=  1757 | sparsity=0.1866 | d_m=7.7357e+00
step  404 | acc=0.9190 | NZ=  1756 | sparsity=0.1870 | d_m=8.0899e+00
step  405 | acc=0.9190 | NZ=  1755 | sparsity=0.1875 | d_m=8.4395e+00
step  406 | acc=0.9190 | NZ=  1754 | sparsity=0.1880 | d_m=8.3653e+00
step  407 | acc=0.9190 | NZ=  1753 | sparsity=0.1884 | d_m=8.3779e+00
step  408 | acc=0.9190 | NZ=  1752 | sparsity=0.1889 | d_m=8.5449e+00
step  409 | acc=0.9190 | NZ=  1751 | sparsity=0.1894 | d_m=8.5786e+00
step  410 | acc=0.9190 | NZ=  1750 | sparsity=0.1898 | d_m=8.5331e+00
step  411 | acc=0.9190 | NZ=  1749 | sparsity=0.1903 | d_m=8.6853e+00
step  412 | acc=0.9190 | NZ=  1748 | sparsity=0.1907 | d_m=8.8914e+00
step  413 | acc=0.9190 | NZ=  1747 | sparsity=0.1912 | d_m=8.9668e+00
step  414 | acc=0.9190 | NZ=  1746 | sparsity=0.1917 | d_m=8.8882e+00
step  415 | acc=0.9190 | NZ=  1745 | sparsity=0.1921 | d_m=9.1026e+00
step  416 | acc=0.9190 | NZ=  1744 | sparsity=0.1926 | d_m=9.3951e+00
step  417 | acc=0.9190 | NZ=  1743 | sparsity=0.1931 | d_m=9.8082e+00
step  418 | acc=0.9190 | NZ=  1742 | sparsity=0.1935 | d_m=9.3548e+00
step  419 | acc=0.9190 | NZ=  1741 | sparsity=0.1940 | d_m=9.4960e+00
step  420 | acc=0.9180 | NZ=  1740 | sparsity=0.1944 | d_m=9.8137e+00
step  421 | acc=0.9180 | NZ=  1739 | sparsity=0.1949 | d_m=9.8164e+00
step  422 | acc=0.9180 | NZ=  1738 | sparsity=0.1954 | d_m=9.2497e+00
step  423 | acc=0.9180 | NZ=  1737 | sparsity=0.1958 | d_m=9.7685e+00
step  424 | acc=0.9170 | NZ=  1736 | sparsity=0.1963 | d_m=1.0166e+01
step  425 | acc=0.9170 | NZ=  1735 | sparsity=0.1968 | d_m=1.0439e+01
step  426 | acc=0.9170 | NZ=  1734 | sparsity=0.1972 | d_m=1.0718e+01
step  427 | acc=0.9170 | NZ=  1733 | sparsity=0.1977 | d_m=1.0794e+01
step  428 | acc=0.9180 | NZ=  1732 | sparsity=0.1981 | d_m=1.1064e+01
step  429 | acc=0.9180 | NZ=  1731 | sparsity=0.1986 | d_m=1.1079e+01
step  430 | acc=0.9170 | NZ=  1730 | sparsity=0.1991 | d_m=1.1482e+01
step  431 | acc=0.9170 | NZ=  1729 | sparsity=0.1995 | d_m=1.1532e+01
step  432 | acc=0.9170 | NZ=  1728 | sparsity=0.2000 | d_m=1.1938e+01
step  433 | acc=0.9160 | NZ=  1727 | sparsity=0.2005 | d_m=1.2288e+01
step  434 | acc=0.9160 | NZ=  1726 | sparsity=0.2009 | d_m=1.2640e+01
step  435 | acc=0.9170 | NZ=  1725 | sparsity=0.2014 | d_m=1.2843e+01
step  436 | acc=0.9170 | NZ=  1724 | sparsity=0.2019 | d_m=1.3058e+01
step  437 | acc=0.9160 | NZ=  1723 | sparsity=0.2023 | d_m=1.3124e+01
step  438 | acc=0.9160 | NZ=  1722 | sparsity=0.2028 | d_m=1.3156e+01
step  439 | acc=0.9170 | NZ=  1721 | sparsity=0.2032 | d_m=1.3224e+01
step  440 | acc=0.9170 | NZ=  1720 | sparsity=0.2037 | d_m=1.3266e+01
step  441 | acc=0.9170 | NZ=  1719 | sparsity=0.2042 | d_m=1.3387e+01
step  442 | acc=0.9170 | NZ=  1718 | sparsity=0.2046 | d_m=1.3354e+01
step  443 | acc=0.9170 | NZ=  1717 | sparsity=0.2051 | d_m=1.3141e+01
step  444 | acc=0.9170 | NZ=  1716 | sparsity=0.2056 | d_m=1.3288e+01
step  445 | acc=0.9170 | NZ=  1715 | sparsity=0.2060 | d_m=1.3107e+01
step  446 | acc=0.9150 | NZ=  1714 | sparsity=0.2065 | d_m=1.3370e+01
step  447 | acc=0.9150 | NZ=  1713 | sparsity=0.2069 | d_m=1.3605e+01
step  448 | acc=0.9150 | NZ=  1712 | sparsity=0.2074 | d_m=1.3975e+01
step  449 | acc=0.9150 | NZ=  1711 | sparsity=0.2079 | d_m=1.4131e+01
step  450 | acc=0.9160 | NZ=  1710 | sparsity=0.2083 | d_m=1.4453e+01
step  451 | acc=0.9160 | NZ=  1709 | sparsity=0.2088 | d_m=1.4695e+01
step  452 | acc=0.9160 | NZ=  1708 | sparsity=0.2093 | d_m=1.4991e+01
step  453 | acc=0.9160 | NZ=  1707 | sparsity=0.2097 | d_m=1.4814e+01
step  454 | acc=0.9160 | NZ=  1706 | sparsity=0.2102 | d_m=1.4836e+01
step  455 | acc=0.9160 | NZ=  1705 | sparsity=0.2106 | d_m=1.4921e+01
step  456 | acc=0.9160 | NZ=  1704 | sparsity=0.2111 | d_m=1.5201e+01
step  457 | acc=0.9170 | NZ=  1703 | sparsity=0.2116 | d_m=1.4896e+01
step  458 | acc=0.9170 | NZ=  1702 | sparsity=0.2120 | d_m=1.4775e+01
step  459 | acc=0.9170 | NZ=  1701 | sparsity=0.2125 | d_m=1.5242e+01
step  460 | acc=0.9160 | NZ=  1700 | sparsity=0.2130 | d_m=1.5350e+01
step  461 | acc=0.9160 | NZ=  1699 | sparsity=0.2134 | d_m=1.5603e+01
step  462 | acc=0.9160 | NZ=  1698 | sparsity=0.2139 | d_m=1.5685e+01
step  463 | acc=0.9160 | NZ=  1697 | sparsity=0.2144 | d_m=1.6095e+01
step  464 | acc=0.9170 | NZ=  1696 | sparsity=0.2148 | d_m=1.5181e+01
step  465 | acc=0.9170 | NZ=  1695 | sparsity=0.2153 | d_m=1.5385e+01
step  466 | acc=0.9180 | NZ=  1694 | sparsity=0.2157 | d_m=1.5750e+01
step  467 | acc=0.9170 | NZ=  1693 | sparsity=0.2162 | d_m=1.5957e+01
step  468 | acc=0.9170 | NZ=  1692 | sparsity=0.2167 | d_m=1.5979e+01
step  469 | acc=0.9170 | NZ=  1691 | sparsity=0.2171 | d_m=1.5809e+01
step  470 | acc=0.9170 | NZ=  1690 | sparsity=0.2176 | d_m=1.5949e+01
step  471 | acc=0.9170 | NZ=  1689 | sparsity=0.2181 | d_m=1.5850e+01
step  472 | acc=0.9170 | NZ=  1688 | sparsity=0.2185 | d_m=1.5956e+01
step  473 | acc=0.9170 | NZ=  1687 | sparsity=0.2190 | d_m=1.5302e+01
step  474 | acc=0.9170 | NZ=  1686 | sparsity=0.2194 | d_m=1.5490e+01
step  475 | acc=0.9170 | NZ=  1685 | sparsity=0.2199 | d_m=1.6082e+01
step  476 | acc=0.9170 | NZ=  1684 | sparsity=0.2204 | d_m=1.6919e+01
step  477 | acc=0.9170 | NZ=  1683 | sparsity=0.2208 | d_m=1.7355e+01
step  478 | acc=0.9170 | NZ=  1682 | sparsity=0.2213 | d_m=1.7624e+01
step  479 | acc=0.9170 | NZ=  1681 | sparsity=0.2218 | d_m=1.8200e+01
step  480 | acc=0.9170 | NZ=  1680 | sparsity=0.2222 | d_m=1.8698e+01
step  481 | acc=0.9160 | NZ=  1679 | sparsity=0.2227 | d_m=1.8909e+01
step  482 | acc=0.9170 | NZ=  1678 | sparsity=0.2231 | d_m=1.9412e+01
step  483 | acc=0.9170 | NZ=  1677 | sparsity=0.2236 | d_m=2.0015e+01
step  484 | acc=0.9170 | NZ=  1676 | sparsity=0.2241 | d_m=1.9290e+01
step  485 | acc=0.9170 | NZ=  1675 | sparsity=0.2245 | d_m=1.9558e+01
step  486 | acc=0.9160 | NZ=  1674 | sparsity=0.2250 | d_m=1.9696e+01
step  487 | acc=0.9170 | NZ=  1673 | sparsity=0.2255 | d_m=1.9981e+01
step  488 | acc=0.9180 | NZ=  1672 | sparsity=0.2259 | d_m=2.0473e+01
step  489 | acc=0.9180 | NZ=  1671 | sparsity=0.2264 | d_m=2.0998e+01
step  490 | acc=0.9180 | NZ=  1670 | sparsity=0.2269 | d_m=2.0780e+01
step  491 | acc=0.9170 | NZ=  1669 | sparsity=0.2273 | d_m=2.1030e+01
step  492 | acc=0.9170 | NZ=  1668 | sparsity=0.2278 | d_m=2.1046e+01
step  493 | acc=0.9170 | NZ=  1667 | sparsity=0.2282 | d_m=2.1129e+01
step  494 | acc=0.9170 | NZ=  1666 | sparsity=0.2287 | d_m=2.1421e+01
step  495 | acc=0.9160 | NZ=  1665 | sparsity=0.2292 | d_m=2.1651e+01
step  496 | acc=0.9160 | NZ=  1664 | sparsity=0.2296 | d_m=2.2367e+01
step  497 | acc=0.9160 | NZ=  1663 | sparsity=0.2301 | d_m=2.2687e+01
step  498 | acc=0.9170 | NZ=  1662 | sparsity=0.2306 | d_m=2.2937e+01
step  499 | acc=0.9160 | NZ=  1661 | sparsity=0.2310 | d_m=2.2758e+01
Sparsification log saved to: /home/simon/repos/onnxmlir-pim-sparsify/artifacts/e02_omega_1000/sparsified/sparsification_log.csv
[08:55:40]   sparsify: done
[08:55:40] --- e02_omega_100000 ---
[08:55:40]   train: starting
Output folder: /home/simon/repos/onnxmlir-pim-sparsify/artifacts/e02_omega_100000
Data loaded.
	X_train.shape = (10000, 196)
	X_test.shape  = (1000, 196)
Topology: [196, 10, 10, 10]
Training loop started
---------------------------------------------------------
	Epoch 0 of 1000 in 0.44 sec
	Train acc 0.10130 | Test acc 0.07800
---------------------------------------------------------
	Epoch 100 of 1000 in 0.00 sec
	Train acc 0.42840 | Test acc 0.37800
---------------------------------------------------------
	Epoch 200 of 1000 in 0.00 sec
	Train acc 0.78320 | Test acc 0.75000
---------------------------------------------------------
	Epoch 300 of 1000 in 0.00 sec
	Train acc 0.86300 | Test acc 0.84900
---------------------------------------------------------
	Epoch 400 of 1000 in 0.00 sec
	Train acc 0.88290 | Test acc 0.87000
---------------------------------------------------------
	Epoch 500 of 1000 in 0.00 sec
	Train acc 0.88990 | Test acc 0.87900
---------------------------------------------------------
	Epoch 600 of 1000 in 0.00 sec
	Train acc 0.90050 | Test acc 0.89300
---------------------------------------------------------
	Epoch 700 of 1000 in 0.00 sec
	Train acc 0.90420 | Test acc 0.89200
---------------------------------------------------------
	Epoch 800 of 1000 in 0.00 sec
	Train acc 0.91360 | Test acc 0.90800
---------------------------------------------------------
	Epoch 900 of 1000 in 0.00 sec
	Train acc 0.92360 | Test acc 0.91300
---------------------------------------------------------
Training log saved to: /home/simon/repos/onnxmlir-pim-sparsify/artifacts/e02_omega_100000/training_log.csv
Model saved to: /home/simon/repos/onnxmlir-pim-sparsify/artifacts/e02_omega_100000
[08:56:20]   train: done
[08:56:20]   sparsify: starting
Load the parameters from the folder
Found 3 layers in /home/simon/repos/onnxmlir-pim-sparsify/artifacts/e02_omega_100000
Accuracy in validation: 0.9200
Total parameters: 2160
Perturbation distance (sanity check): 2.7991e+01
Starting sparsification loop
At every iteration the network gets:
	 1. Pruned   — remove the least influential parameter
	 2. Adjusted — compensate via remaining parameters
step    0 | acc=0.9200 | NZ=  2160 | sparsity=0.0000 | d_m=0.0000e+00
step    1 | acc=0.9200 | NZ=  2159 | sparsity=0.0005 | d_m=0.0000e+00
step    2 | acc=0.9200 | NZ=  2158 | sparsity=0.0009 | d_m=0.0000e+00
step    3 | acc=0.9200 | NZ=  2157 | sparsity=0.0014 | d_m=0.0000e+00
step    4 | acc=0.9200 | NZ=  2156 | sparsity=0.0019 | d_m=0.0000e+00
step    5 | acc=0.9200 | NZ=  2155 | sparsity=0.0023 | d_m=0.0000e+00
step    6 | acc=0.9200 | NZ=  2154 | sparsity=0.0028 | d_m=0.0000e+00
step    7 | acc=0.9200 | NZ=  2153 | sparsity=0.0032 | d_m=0.0000e+00
step    8 | acc=0.9200 | NZ=  2152 | sparsity=0.0037 | d_m=0.0000e+00
step    9 | acc=0.9200 | NZ=  2151 | sparsity=0.0042 | d_m=0.0000e+00
step   10 | acc=0.9200 | NZ=  2150 | sparsity=0.0046 | d_m=0.0000e+00
step   11 | acc=0.9200 | NZ=  2149 | sparsity=0.0051 | d_m=0.0000e+00
step   12 | acc=0.9200 | NZ=  2148 | sparsity=0.0056 | d_m=0.0000e+00
step   13 | acc=0.9200 | NZ=  2147 | sparsity=0.0060 | d_m=0.0000e+00
step   14 | acc=0.9200 | NZ=  2146 | sparsity=0.0065 | d_m=0.0000e+00
step   15 | acc=0.9200 | NZ=  2145 | sparsity=0.0069 | d_m=0.0000e+00
step   16 | acc=0.9200 | NZ=  2144 | sparsity=0.0074 | d_m=0.0000e+00
step   17 | acc=0.9200 | NZ=  2143 | sparsity=0.0079 | d_m=0.0000e+00
step   18 | acc=0.9200 | NZ=  2142 | sparsity=0.0083 | d_m=0.0000e+00
step   19 | acc=0.9200 | NZ=  2141 | sparsity=0.0088 | d_m=0.0000e+00
step   20 | acc=0.9200 | NZ=  2140 | sparsity=0.0093 | d_m=0.0000e+00
step   21 | acc=0.9200 | NZ=  2139 | sparsity=0.0097 | d_m=5.2114e-10
step   22 | acc=0.9200 | NZ=  2138 | sparsity=0.0102 | d_m=1.0472e-08
step   23 | acc=0.9200 | NZ=  2137 | sparsity=0.0106 | d_m=1.0186e-10
step   24 | acc=0.9200 | NZ=  2136 | sparsity=0.0111 | d_m=1.0186e-10
step   25 | acc=0.9200 | NZ=  2135 | sparsity=0.0116 | d_m=1.6197e-08
step   26 | acc=0.9200 | NZ=  2134 | sparsity=0.0120 | d_m=4.8955e-08
step   27 | acc=0.9200 | NZ=  2133 | sparsity=0.0125 | d_m=1.1823e-10
step   28 | acc=0.9200 | NZ=  2132 | sparsity=0.0130 | d_m=1.3134e-07
step   29 | acc=0.9190 | NZ=  2131 | sparsity=0.0134 | d_m=5.3024e-10
step   30 | acc=0.9190 | NZ=  2130 | sparsity=0.0139 | d_m=3.0124e-07
step   31 | acc=0.9190 | NZ=  2129 | sparsity=0.0144 | d_m=1.2189e-08
step   32 | acc=0.9190 | NZ=  2128 | sparsity=0.0148 | d_m=4.9631e-07
step   33 | acc=0.9190 | NZ=  2127 | sparsity=0.0153 | d_m=4.4565e-11
step   34 | acc=0.9190 | NZ=  2126 | sparsity=0.0157 | d_m=6.8030e-07
step   35 | acc=0.9190 | NZ=  2125 | sparsity=0.0162 | d_m=1.1441e-09
step   36 | acc=0.9190 | NZ=  2124 | sparsity=0.0167 | d_m=2.4716e-06
step   37 | acc=0.9190 | NZ=  2123 | sparsity=0.0171 | d_m=3.6813e-06
step   38 | acc=0.9190 | NZ=  2122 | sparsity=0.0176 | d_m=2.4707e-06
step   39 | acc=0.9190 | NZ=  2121 | sparsity=0.0181 | d_m=3.9686e-06
step   40 | acc=0.9190 | NZ=  2120 | sparsity=0.0185 | d_m=2.4772e-06
step   41 | acc=0.9190 | NZ=  2119 | sparsity=0.0190 | d_m=3.7131e-06
step   42 | acc=0.9190 | NZ=  2118 | sparsity=0.0194 | d_m=3.5756e-06
step   43 | acc=0.9190 | NZ=  2117 | sparsity=0.0199 | d_m=2.5023e-06
step   44 | acc=0.9190 | NZ=  2116 | sparsity=0.0204 | d_m=3.8740e-06
step   45 | acc=0.9190 | NZ=  2115 | sparsity=0.0208 | d_m=2.6284e-06
step   46 | acc=0.9190 | NZ=  2114 | sparsity=0.0213 | d_m=4.0230e-06
step   47 | acc=0.9190 | NZ=  2113 | sparsity=0.0218 | d_m=7.2802e-06
step   48 | acc=0.9190 | NZ=  2112 | sparsity=0.0222 | d_m=3.4049e-06
step   49 | acc=0.9190 | NZ=  2111 | sparsity=0.0227 | d_m=2.7598e-06
step   50 | acc=0.9190 | NZ=  2110 | sparsity=0.0231 | d_m=3.8914e-06
step   51 | acc=0.9190 | NZ=  2109 | sparsity=0.0236 | d_m=2.6913e-06
step   52 | acc=0.9190 | NZ=  2108 | sparsity=0.0241 | d_m=4.5496e-06
step   53 | acc=0.9190 | NZ=  2107 | sparsity=0.0245 | d_m=5.4942e-06
step   54 | acc=0.9190 | NZ=  2106 | sparsity=0.0250 | d_m=2.5341e-06
step   55 | acc=0.9190 | NZ=  2105 | sparsity=0.0255 | d_m=6.7717e-06
step   56 | acc=0.9190 | NZ=  2104 | sparsity=0.0259 | d_m=1.1056e-05
step   57 | acc=0.9190 | NZ=  2103 | sparsity=0.0264 | d_m=6.3409e-06
step   58 | acc=0.9190 | NZ=  2102 | sparsity=0.0269 | d_m=9.4063e-06
step   59 | acc=0.9190 | NZ=  2101 | sparsity=0.0273 | d_m=6.3092e-06
step   60 | acc=0.9190 | NZ=  2100 | sparsity=0.0278 | d_m=1.2030e-05
step   61 | acc=0.9190 | NZ=  2099 | sparsity=0.0282 | d_m=6.2933e-06
step   62 | acc=0.9190 | NZ=  2098 | sparsity=0.0287 | d_m=1.4061e-05
step   63 | acc=0.9190 | NZ=  2097 | sparsity=0.0292 | d_m=7.6414e-06
step   64 | acc=0.9190 | NZ=  2096 | sparsity=0.0296 | d_m=1.2720e-05
step   65 | acc=0.9190 | NZ=  2095 | sparsity=0.0301 | d_m=1.4175e-05
step   66 | acc=0.9190 | NZ=  2094 | sparsity=0.0306 | d_m=6.3389e-06
step   67 | acc=0.9190 | NZ=  2093 | sparsity=0.0310 | d_m=1.7845e-05
step   68 | acc=0.9190 | NZ=  2092 | sparsity=0.0315 | d_m=1.7871e-05
step   69 | acc=0.9190 | NZ=  2091 | sparsity=0.0319 | d_m=1.5752e-05
step   70 | acc=0.9190 | NZ=  2090 | sparsity=0.0324 | d_m=1.6350e-05
step   71 | acc=0.9200 | NZ=  2089 | sparsity=0.0329 | d_m=1.8483e-05
step   72 | acc=0.9200 | NZ=  2088 | sparsity=0.0333 | d_m=1.5061e-05
step   73 | acc=0.9200 | NZ=  2087 | sparsity=0.0338 | d_m=2.2688e-05
step   74 | acc=0.9200 | NZ=  2086 | sparsity=0.0343 | d_m=1.6830e-05
step   75 | acc=0.9200 | NZ=  2085 | sparsity=0.0347 | d_m=2.3179e-05
step   76 | acc=0.9200 | NZ=  2084 | sparsity=0.0352 | d_m=1.4536e-05
step   77 | acc=0.9200 | NZ=  2083 | sparsity=0.0356 | d_m=3.6732e-05
step   78 | acc=0.9200 | NZ=  2082 | sparsity=0.0361 | d_m=1.4607e-05
step   79 | acc=0.9200 | NZ=  2081 | sparsity=0.0366 | d_m=3.6741e-05
step   80 | acc=0.9200 | NZ=  2080 | sparsity=0.0370 | d_m=1.5138e-05
step   81 | acc=0.9200 | NZ=  2079 | sparsity=0.0375 | d_m=3.5041e-05
step   82 | acc=0.9200 | NZ=  2078 | sparsity=0.0380 | d_m=1.4525e-05
step   83 | acc=0.9200 | NZ=  2077 | sparsity=0.0384 | d_m=4.9539e-05
step   84 | acc=0.9190 | NZ=  2076 | sparsity=0.0389 | d_m=1.4567e-05
step   85 | acc=0.9190 | NZ=  2075 | sparsity=0.0394 | d_m=4.9047e-05
step   86 | acc=0.9190 | NZ=  2074 | sparsity=0.0398 | d_m=1.5466e-05
step   87 | acc=0.9190 | NZ=  2073 | sparsity=0.0403 | d_m=5.7060e-05
step   88 | acc=0.9190 | NZ=  2072 | sparsity=0.0407 | d_m=1.5484e-05
step   89 | acc=0.9210 | NZ=  2071 | sparsity=0.0412 | d_m=7.5693e-05
step   90 | acc=0.9210 | NZ=  2070 | sparsity=0.0417 | d_m=1.1015e-04
step   91 | acc=0.9210 | NZ=  2069 | sparsity=0.0421 | d_m=8.1548e-05
step   92 | acc=0.9210 | NZ=  2068 | sparsity=0.0426 | d_m=1.0836e-04
step   93 | acc=0.9210 | NZ=  2067 | sparsity=0.0431 | d_m=8.2933e-05
step   94 | acc=0.9210 | NZ=  2066 | sparsity=0.0435 | d_m=1.1266e-04
step   95 | acc=0.9200 | NZ=  2065 | sparsity=0.0440 | d_m=1.2135e-04
step   96 | acc=0.9220 | NZ=  2064 | sparsity=0.0444 | d_m=1.5271e-04
step   97 | acc=0.9220 | NZ=  2063 | sparsity=0.0449 | d_m=1.6370e-04
step   98 | acc=0.9220 | NZ=  2062 | sparsity=0.0454 | d_m=1.9269e-04
step   99 | acc=0.9220 | NZ=  2061 | sparsity=0.0458 | d_m=1.3174e-04
step  100 | acc=0.9220 | NZ=  2060 | sparsity=0.0463 | d_m=1.8005e-04
step  101 | acc=0.9220 | NZ=  2059 | sparsity=0.0468 | d_m=1.3079e-04
step  102 | acc=0.9210 | NZ=  2058 | sparsity=0.0472 | d_m=2.2440e-04
step  103 | acc=0.9210 | NZ=  2057 | sparsity=0.0477 | d_m=3.2110e-04
step  104 | acc=0.9210 | NZ=  2056 | sparsity=0.0481 | d_m=2.3834e-04
step  105 | acc=0.9220 | NZ=  2055 | sparsity=0.0486 | d_m=2.7114e-04
step  106 | acc=0.9220 | NZ=  2054 | sparsity=0.0491 | d_m=2.2561e-04
step  107 | acc=0.9210 | NZ=  2053 | sparsity=0.0495 | d_m=3.2222e-04
step  108 | acc=0.9210 | NZ=  2052 | sparsity=0.0500 | d_m=3.0910e-04
step  109 | acc=0.9210 | NZ=  2051 | sparsity=0.0505 | d_m=3.3004e-04
step  110 | acc=0.9210 | NZ=  2050 | sparsity=0.0509 | d_m=2.7493e-04
step  111 | acc=0.9210 | NZ=  2049 | sparsity=0.0514 | d_m=2.2088e-04
step  112 | acc=0.9210 | NZ=  2048 | sparsity=0.0519 | d_m=3.6705e-04
step  113 | acc=0.9220 | NZ=  2047 | sparsity=0.0523 | d_m=4.1536e-04
step  114 | acc=0.9220 | NZ=  2046 | sparsity=0.0528 | d_m=3.0762e-04
step  115 | acc=0.9220 | NZ=  2045 | sparsity=0.0532 | d_m=3.5368e-04
step  116 | acc=0.9220 | NZ=  2044 | sparsity=0.0537 | d_m=2.2478e-04
step  117 | acc=0.9220 | NZ=  2043 | sparsity=0.0542 | d_m=3.8316e-04
step  118 | acc=0.9220 | NZ=  2042 | sparsity=0.0546 | d_m=2.6356e-04
step  119 | acc=0.9220 | NZ=  2041 | sparsity=0.0551 | d_m=2.8059e-04
step  120 | acc=0.9210 | NZ=  2040 | sparsity=0.0556 | d_m=4.4118e-04
step  121 | acc=0.9210 | NZ=  2039 | sparsity=0.0560 | d_m=4.4118e-04
step  122 | acc=0.9210 | NZ=  2038 | sparsity=0.0565 | d_m=4.4118e-04
step  123 | acc=0.9210 | NZ=  2037 | sparsity=0.0569 | d_m=4.4118e-04
step  124 | acc=0.9210 | NZ=  2036 | sparsity=0.0574 | d_m=4.4118e-04
step  125 | acc=0.9210 | NZ=  2035 | sparsity=0.0579 | d_m=4.4118e-04
step  126 | acc=0.9210 | NZ=  2034 | sparsity=0.0583 | d_m=4.4118e-04
step  127 | acc=0.9210 | NZ=  2033 | sparsity=0.0588 | d_m=4.4118e-04
step  128 | acc=0.9210 | NZ=  2032 | sparsity=0.0593 | d_m=4.4118e-04
step  129 | acc=0.9210 | NZ=  2031 | sparsity=0.0597 | d_m=4.4118e-04
step  130 | acc=0.9210 | NZ=  2030 | sparsity=0.0602 | d_m=4.4118e-04
step  131 | acc=0.9210 | NZ=  2029 | sparsity=0.0606 | d_m=4.4118e-04
step  132 | acc=0.9210 | NZ=  2028 | sparsity=0.0611 | d_m=4.4118e-04
step  133 | acc=0.9210 | NZ=  2027 | sparsity=0.0616 | d_m=4.4118e-04
step  134 | acc=0.9210 | NZ=  2026 | sparsity=0.0620 | d_m=4.4118e-04
step  135 | acc=0.9210 | NZ=  2025 | sparsity=0.0625 | d_m=4.4118e-04
step  136 | acc=0.9210 | NZ=  2024 | sparsity=0.0630 | d_m=4.4118e-04
step  137 | acc=0.9210 | NZ=  2023 | sparsity=0.0634 | d_m=4.4118e-04
step  138 | acc=0.9210 | NZ=  2022 | sparsity=0.0639 | d_m=4.4118e-04
step  139 | acc=0.9210 | NZ=  2021 | sparsity=0.0644 | d_m=4.4118e-04
step  140 | acc=0.9210 | NZ=  2020 | sparsity=0.0648 | d_m=4.4118e-04
step  141 | acc=0.9210 | NZ=  2019 | sparsity=0.0653 | d_m=4.4118e-04
step  142 | acc=0.9210 | NZ=  2018 | sparsity=0.0657 | d_m=4.4118e-04
step  143 | acc=0.9210 | NZ=  2017 | sparsity=0.0662 | d_m=4.4118e-04
step  144 | acc=0.9210 | NZ=  2016 | sparsity=0.0667 | d_m=4.4118e-04
step  145 | acc=0.9210 | NZ=  2015 | sparsity=0.0671 | d_m=4.4118e-04
step  146 | acc=0.9210 | NZ=  2014 | sparsity=0.0676 | d_m=4.4118e-04
step  147 | acc=0.9210 | NZ=  2013 | sparsity=0.0681 | d_m=4.4118e-04
step  148 | acc=0.9210 | NZ=  2012 | sparsity=0.0685 | d_m=4.4118e-04
step  149 | acc=0.9210 | NZ=  2011 | sparsity=0.0690 | d_m=4.4118e-04
step  150 | acc=0.9210 | NZ=  2010 | sparsity=0.0694 | d_m=4.4118e-04
step  151 | acc=0.9210 | NZ=  2009 | sparsity=0.0699 | d_m=4.4118e-04
step  152 | acc=0.9210 | NZ=  2008 | sparsity=0.0704 | d_m=4.4118e-04
step  153 | acc=0.9210 | NZ=  2007 | sparsity=0.0708 | d_m=4.4118e-04
step  154 | acc=0.9210 | NZ=  2006 | sparsity=0.0713 | d_m=4.4118e-04
step  155 | acc=0.9210 | NZ=  2005 | sparsity=0.0718 | d_m=4.4118e-04
step  156 | acc=0.9210 | NZ=  2004 | sparsity=0.0722 | d_m=4.4118e-04
step  157 | acc=0.9210 | NZ=  2003 | sparsity=0.0727 | d_m=4.4118e-04
step  158 | acc=0.9210 | NZ=  2002 | sparsity=0.0731 | d_m=4.4118e-04
step  159 | acc=0.9210 | NZ=  2001 | sparsity=0.0736 | d_m=4.4118e-04
step  160 | acc=0.9210 | NZ=  2000 | sparsity=0.0741 | d_m=4.4118e-04
step  161 | acc=0.9210 | NZ=  1999 | sparsity=0.0745 | d_m=4.4118e-04
step  162 | acc=0.9210 | NZ=  1998 | sparsity=0.0750 | d_m=4.4118e-04
step  163 | acc=0.9210 | NZ=  1997 | sparsity=0.0755 | d_m=4.4118e-04
step  164 | acc=0.9210 | NZ=  1996 | sparsity=0.0759 | d_m=4.4118e-04
step  165 | acc=0.9210 | NZ=  1995 | sparsity=0.0764 | d_m=4.4118e-04
step  166 | acc=0.9210 | NZ=  1994 | sparsity=0.0769 | d_m=4.4118e-04
step  167 | acc=0.9210 | NZ=  1993 | sparsity=0.0773 | d_m=4.4118e-04
step  168 | acc=0.9210 | NZ=  1992 | sparsity=0.0778 | d_m=4.4118e-04
step  169 | acc=0.9210 | NZ=  1991 | sparsity=0.0782 | d_m=4.4118e-04
step  170 | acc=0.9210 | NZ=  1990 | sparsity=0.0787 | d_m=4.4118e-04
step  171 | acc=0.9210 | NZ=  1989 | sparsity=0.0792 | d_m=4.4118e-04
step  172 | acc=0.9210 | NZ=  1988 | sparsity=0.0796 | d_m=4.4118e-04
step  173 | acc=0.9210 | NZ=  1987 | sparsity=0.0801 | d_m=4.4118e-04
step  174 | acc=0.9210 | NZ=  1986 | sparsity=0.0806 | d_m=4.4118e-04
step  175 | acc=0.9210 | NZ=  1985 | sparsity=0.0810 | d_m=4.4118e-04
step  176 | acc=0.9210 | NZ=  1984 | sparsity=0.0815 | d_m=4.4118e-04
step  177 | acc=0.9210 | NZ=  1983 | sparsity=0.0819 | d_m=4.4118e-04
step  178 | acc=0.9210 | NZ=  1982 | sparsity=0.0824 | d_m=4.4118e-04
step  179 | acc=0.9210 | NZ=  1981 | sparsity=0.0829 | d_m=4.4118e-04
step  180 | acc=0.9210 | NZ=  1980 | sparsity=0.0833 | d_m=4.4118e-04
step  181 | acc=0.9210 | NZ=  1979 | sparsity=0.0838 | d_m=4.4118e-04
step  182 | acc=0.9210 | NZ=  1978 | sparsity=0.0843 | d_m=4.4118e-04
step  183 | acc=0.9210 | NZ=  1977 | sparsity=0.0847 | d_m=4.4118e-04
step  184 | acc=0.9210 | NZ=  1976 | sparsity=0.0852 | d_m=4.4118e-04
step  185 | acc=0.9210 | NZ=  1975 | sparsity=0.0856 | d_m=4.4118e-04
step  186 | acc=0.9210 | NZ=  1974 | sparsity=0.0861 | d_m=4.4118e-04
step  187 | acc=0.9210 | NZ=  1973 | sparsity=0.0866 | d_m=4.4118e-04
step  188 | acc=0.9210 | NZ=  1972 | sparsity=0.0870 | d_m=4.4118e-04
step  189 | acc=0.9210 | NZ=  1971 | sparsity=0.0875 | d_m=4.4118e-04
step  190 | acc=0.9210 | NZ=  1970 | sparsity=0.0880 | d_m=4.4118e-04
step  191 | acc=0.9210 | NZ=  1969 | sparsity=0.0884 | d_m=4.4118e-04
step  192 | acc=0.9210 | NZ=  1968 | sparsity=0.0889 | d_m=4.4118e-04
step  193 | acc=0.9210 | NZ=  1967 | sparsity=0.0894 | d_m=4.4118e-04
step  194 | acc=0.9210 | NZ=  1966 | sparsity=0.0898 | d_m=4.4118e-04
step  195 | acc=0.9210 | NZ=  1965 | sparsity=0.0903 | d_m=4.4118e-04
step  196 | acc=0.9210 | NZ=  1964 | sparsity=0.0907 | d_m=4.4118e-04
step  197 | acc=0.9210 | NZ=  1963 | sparsity=0.0912 | d_m=4.4118e-04
step  198 | acc=0.9210 | NZ=  1962 | sparsity=0.0917 | d_m=4.4118e-04
step  199 | acc=0.9210 | NZ=  1961 | sparsity=0.0921 | d_m=4.4118e-04
step  200 | acc=0.9210 | NZ=  1960 | sparsity=0.0926 | d_m=4.4118e-04
step  201 | acc=0.9210 | NZ=  1959 | sparsity=0.0931 | d_m=4.4118e-04
step  202 | acc=0.9210 | NZ=  1958 | sparsity=0.0935 | d_m=4.4118e-04
step  203 | acc=0.9210 | NZ=  1957 | sparsity=0.0940 | d_m=4.4118e-04
step  204 | acc=0.9210 | NZ=  1956 | sparsity=0.0944 | d_m=4.4118e-04
step  205 | acc=0.9210 | NZ=  1955 | sparsity=0.0949 | d_m=4.4118e-04
step  206 | acc=0.9210 | NZ=  1954 | sparsity=0.0954 | d_m=4.4118e-04
step  207 | acc=0.9210 | NZ=  1953 | sparsity=0.0958 | d_m=4.4118e-04
step  208 | acc=0.9210 | NZ=  1952 | sparsity=0.0963 | d_m=4.4118e-04
step  209 | acc=0.9210 | NZ=  1951 | sparsity=0.0968 | d_m=4.4118e-04
step  210 | acc=0.9210 | NZ=  1950 | sparsity=0.0972 | d_m=4.4118e-04
step  211 | acc=0.9210 | NZ=  1949 | sparsity=0.0977 | d_m=4.4118e-04
step  212 | acc=0.9210 | NZ=  1948 | sparsity=0.0981 | d_m=4.4118e-04
step  213 | acc=0.9210 | NZ=  1947 | sparsity=0.0986 | d_m=4.4118e-04
step  214 | acc=0.9210 | NZ=  1946 | sparsity=0.0991 | d_m=4.4118e-04
step  215 | acc=0.9210 | NZ=  1945 | sparsity=0.0995 | d_m=4.4118e-04
step  216 | acc=0.9210 | NZ=  1944 | sparsity=0.1000 | d_m=4.4118e-04
step  217 | acc=0.9210 | NZ=  1943 | sparsity=0.1005 | d_m=4.4118e-04
step  218 | acc=0.9210 | NZ=  1942 | sparsity=0.1009 | d_m=4.4118e-04
step  219 | acc=0.9210 | NZ=  1941 | sparsity=0.1014 | d_m=4.4118e-04
step  220 | acc=0.9210 | NZ=  1940 | sparsity=0.1019 | d_m=4.4118e-04
step  221 | acc=0.9210 | NZ=  1939 | sparsity=0.1023 | d_m=4.4118e-04
step  222 | acc=0.9210 | NZ=  1938 | sparsity=0.1028 | d_m=4.4118e-04
step  223 | acc=0.9210 | NZ=  1937 | sparsity=0.1032 | d_m=4.4118e-04
step  224 | acc=0.9210 | NZ=  1936 | sparsity=0.1037 | d_m=4.4118e-04
step  225 | acc=0.9210 | NZ=  1935 | sparsity=0.1042 | d_m=4.4118e-04
step  226 | acc=0.9210 | NZ=  1934 | sparsity=0.1046 | d_m=4.4118e-04
step  227 | acc=0.9210 | NZ=  1933 | sparsity=0.1051 | d_m=5.5843e-04
step  228 | acc=0.9210 | NZ=  1932 | sparsity=0.1056 | d_m=7.1804e-04
step  229 | acc=0.9210 | NZ=  1931 | sparsity=0.1060 | d_m=9.5948e-04
step  230 | acc=0.9210 | NZ=  1930 | sparsity=0.1065 | d_m=2.9384e-03
step  231 | acc=0.9210 | NZ=  1929 | sparsity=0.1069 | d_m=8.4269e-03
step  232 | acc=0.9210 | NZ=  1928 | sparsity=0.1074 | d_m=7.7045e-02
step  233 | acc=0.9210 | NZ=  1927 | sparsity=0.1079 | d_m=1.6070e-01
step  234 | acc=0.9210 | NZ=  1926 | sparsity=0.1083 | d_m=2.7012e-01
step  235 | acc=0.9210 | NZ=  1925 | sparsity=0.1088 | d_m=4.3642e-01
step  236 | acc=0.9210 | NZ=  1924 | sparsity=0.1093 | d_m=6.9531e-01
step  237 | acc=0.9210 | NZ=  1923 | sparsity=0.1097 | d_m=8.8298e-01
step  238 | acc=0.9210 | NZ=  1922 | sparsity=0.1102 | d_m=1.0172e+00
step  239 | acc=0.9210 | NZ=  1921 | sparsity=0.1106 | d_m=1.0263e+00
step  240 | acc=0.9210 | NZ=  1920 | sparsity=0.1111 | d_m=1.2207e+00
step  241 | acc=0.9210 | NZ=  1919 | sparsity=0.1116 | d_m=1.3918e+00
step  242 | acc=0.9210 | NZ=  1918 | sparsity=0.1120 | d_m=1.7247e+00
step  243 | acc=0.9210 | NZ=  1917 | sparsity=0.1125 | d_m=2.1867e+00
step  244 | acc=0.9210 | NZ=  1916 | sparsity=0.1130 | d_m=2.6001e+00
step  245 | acc=0.9210 | NZ=  1915 | sparsity=0.1134 | d_m=2.2281e+00
step  246 | acc=0.9210 | NZ=  1914 | sparsity=0.1139 | d_m=3.3979e+00
step  247 | acc=0.9210 | NZ=  1913 | sparsity=0.1144 | d_m=4.5495e+00
step  248 | acc=0.9210 | NZ=  1912 | sparsity=0.1148 | d_m=5.1677e+00
step  249 | acc=0.9210 | NZ=  1911 | sparsity=0.1153 | d_m=6.1894e+00
step  250 | acc=0.9210 | NZ=  1910 | sparsity=0.1157 | d_m=7.2024e+00
step  251 | acc=0.9210 | NZ=  1909 | sparsity=0.1162 | d_m=8.1000e+00
step  252 | acc=0.9210 | NZ=  1908 | sparsity=0.1167 | d_m=8.5499e+00
step  253 | acc=0.9210 | NZ=  1907 | sparsity=0.1171 | d_m=9.5931e+00
step  254 | acc=0.9210 | NZ=  1906 | sparsity=0.1176 | d_m=9.8718e+00
step  255 | acc=0.9210 | NZ=  1905 | sparsity=0.1181 | d_m=1.0830e+01
step  256 | acc=0.9210 | NZ=  1904 | sparsity=0.1185 | d_m=1.1900e+01
step  257 | acc=0.9210 | NZ=  1903 | sparsity=0.1190 | d_m=1.2961e+01
step  258 | acc=0.9210 | NZ=  1902 | sparsity=0.1194 | d_m=1.3881e+01
step  259 | acc=0.9210 | NZ=  1901 | sparsity=0.1199 | d_m=1.4150e+01
step  260 | acc=0.9210 | NZ=  1900 | sparsity=0.1204 | d_m=1.4359e+01
step  261 | acc=0.9210 | NZ=  1899 | sparsity=0.1208 | d_m=1.5451e+01
step  262 | acc=0.9210 | NZ=  1898 | sparsity=0.1213 | d_m=1.6025e+01
step  263 | acc=0.9210 | NZ=  1897 | sparsity=0.1218 | d_m=1.6285e+01
step  264 | acc=0.9210 | NZ=  1896 | sparsity=0.1222 | d_m=1.7675e+01
step  265 | acc=0.9210 | NZ=  1895 | sparsity=0.1227 | d_m=1.9581e+01
step  266 | acc=0.9210 | NZ=  1894 | sparsity=0.1231 | d_m=2.1044e+01
step  267 | acc=0.9210 | NZ=  1893 | sparsity=0.1236 | d_m=2.2522e+01
step  268 | acc=0.9210 | NZ=  1892 | sparsity=0.1241 | d_m=2.3094e+01
step  269 | acc=0.9210 | NZ=  1891 | sparsity=0.1245 | d_m=2.5159e+01
step  270 | acc=0.9210 | NZ=  1890 | sparsity=0.1250 | d_m=2.6188e+01
step  271 | acc=0.9210 | NZ=  1889 | sparsity=0.1255 | d_m=2.7920e+01
step  272 | acc=0.9210 | NZ=  1888 | sparsity=0.1259 | d_m=3.0314e+01
step  273 | acc=0.9210 | NZ=  1887 | sparsity=0.1264 | d_m=3.2104e+01
step  274 | acc=0.9210 | NZ=  1886 | sparsity=0.1269 | d_m=3.2241e+01
step  275 | acc=0.9200 | NZ=  1885 | sparsity=0.1273 | d_m=3.3244e+01
step  276 | acc=0.9200 | NZ=  1884 | sparsity=0.1278 | d_m=3.4673e+01
step  277 | acc=0.9200 | NZ=  1883 | sparsity=0.1282 | d_m=3.5626e+01
step  278 | acc=0.9200 | NZ=  1882 | sparsity=0.1287 | d_m=3.6716e+01
step  279 | acc=0.9200 | NZ=  1881 | sparsity=0.1292 | d_m=4.0419e+01
step  280 | acc=0.9200 | NZ=  1880 | sparsity=0.1296 | d_m=4.3818e+01
step  281 | acc=0.9200 | NZ=  1879 | sparsity=0.1301 | d_m=4.4101e+01
step  282 | acc=0.9210 | NZ=  1878 | sparsity=0.1306 | d_m=4.7028e+01
step  283 | acc=0.9200 | NZ=  1877 | sparsity=0.1310 | d_m=4.8485e+01
step  284 | acc=0.9200 | NZ=  1876 | sparsity=0.1315 | d_m=5.2069e+01
step  285 | acc=0.9200 | NZ=  1875 | sparsity=0.1319 | d_m=5.4549e+01
step  286 | acc=0.9200 | NZ=  1874 | sparsity=0.1324 | d_m=5.7665e+01
step  287 | acc=0.9200 | NZ=  1873 | sparsity=0.1329 | d_m=5.8669e+01
step  288 | acc=0.9200 | NZ=  1872 | sparsity=0.1333 | d_m=5.9558e+01
step  289 | acc=0.9200 | NZ=  1871 | sparsity=0.1338 | d_m=5.9997e+01
step  290 | acc=0.9200 | NZ=  1870 | sparsity=0.1343 | d_m=6.3367e+01
step  291 | acc=0.9200 | NZ=  1869 | sparsity=0.1347 | d_m=6.4304e+01
step  292 | acc=0.9200 | NZ=  1868 | sparsity=0.1352 | d_m=6.8887e+01
step  293 | acc=0.9200 | NZ=  1867 | sparsity=0.1356 | d_m=7.1658e+01
step  294 | acc=0.9200 | NZ=  1866 | sparsity=0.1361 | d_m=7.3372e+01
step  295 | acc=0.9200 | NZ=  1865 | sparsity=0.1366 | d_m=7.6339e+01
step  296 | acc=0.9200 | NZ=  1864 | sparsity=0.1370 | d_m=8.1135e+01
step  297 | acc=0.9200 | NZ=  1863 | sparsity=0.1375 | d_m=8.4539e+01
step  298 | acc=0.9200 | NZ=  1862 | sparsity=0.1380 | d_m=8.8229e+01
step  299 | acc=0.9200 | NZ=  1861 | sparsity=0.1384 | d_m=9.7152e+01
step  300 | acc=0.9200 | NZ=  1860 | sparsity=0.1389 | d_m=1.0058e+02
step  301 | acc=0.9200 | NZ=  1859 | sparsity=0.1394 | d_m=1.0772e+02
step  302 | acc=0.9200 | NZ=  1858 | sparsity=0.1398 | d_m=1.0763e+02
step  303 | acc=0.9200 | NZ=  1857 | sparsity=0.1403 | d_m=1.1171e+02
step  304 | acc=0.9200 | NZ=  1856 | sparsity=0.1407 | d_m=1.0594e+02
step  305 | acc=0.9200 | NZ=  1855 | sparsity=0.1412 | d_m=1.0897e+02
step  306 | acc=0.9200 | NZ=  1854 | sparsity=0.1417 | d_m=1.1795e+02
step  307 | acc=0.9200 | NZ=  1853 | sparsity=0.1421 | d_m=1.2763e+02
step  308 | acc=0.9210 | NZ=  1852 | sparsity=0.1426 | d_m=1.3604e+02
step  309 | acc=0.9210 | NZ=  1851 | sparsity=0.1431 | d_m=1.3632e+02
step  310 | acc=0.9200 | NZ=  1850 | sparsity=0.1435 | d_m=1.4141e+02
step  311 | acc=0.9200 | NZ=  1849 | sparsity=0.1440 | d_m=1.5207e+02
step  312 | acc=0.9200 | NZ=  1848 | sparsity=0.1444 | d_m=1.5581e+02
step  313 | acc=0.9200 | NZ=  1847 | sparsity=0.1449 | d_m=1.5657e+02
step  314 | acc=0.9200 | NZ=  1846 | sparsity=0.1454 | d_m=1.4600e+02
step  315 | acc=0.9200 | NZ=  1845 | sparsity=0.1458 | d_m=1.5430e+02
step  316 | acc=0.9200 | NZ=  1844 | sparsity=0.1463 | d_m=1.6501e+02
step  317 | acc=0.9200 | NZ=  1843 | sparsity=0.1468 | d_m=1.7344e+02
step  318 | acc=0.9200 | NZ=  1842 | sparsity=0.1472 | d_m=1.7414e+02
step  319 | acc=0.9200 | NZ=  1841 | sparsity=0.1477 | d_m=1.8448e+02
step  320 | acc=0.9200 | NZ=  1840 | sparsity=0.1481 | d_m=1.9125e+02
step  321 | acc=0.9200 | NZ=  1839 | sparsity=0.1486 | d_m=1.9945e+02
step  322 | acc=0.9200 | NZ=  1838 | sparsity=0.1491 | d_m=2.0275e+02
step  323 | acc=0.9200 | NZ=  1837 | sparsity=0.1495 | d_m=2.1040e+02
step  324 | acc=0.9200 | NZ=  1836 | sparsity=0.1500 | d_m=2.1980e+02
step  325 | acc=0.9200 | NZ=  1835 | sparsity=0.1505 | d_m=2.1255e+02
step  326 | acc=0.9200 | NZ=  1834 | sparsity=0.1509 | d_m=2.2765e+02
step  327 | acc=0.9200 | NZ=  1833 | sparsity=0.1514 | d_m=2.4553e+02
step  328 | acc=0.9200 | NZ=  1832 | sparsity=0.1519 | d_m=2.6538e+02
step  329 | acc=0.9200 | NZ=  1831 | sparsity=0.1523 | d_m=2.7546e+02
step  330 | acc=0.9200 | NZ=  1830 | sparsity=0.1528 | d_m=2.7731e+02
step  331 | acc=0.9200 | NZ=  1829 | sparsity=0.1532 | d_m=2.8781e+02
step  332 | acc=0.9200 | NZ=  1828 | sparsity=0.1537 | d_m=2.8845e+02
step  333 | acc=0.9200 | NZ=  1827 | sparsity=0.1542 | d_m=2.8694e+02
step  334 | acc=0.9190 | NZ=  1826 | sparsity=0.1546 | d_m=2.9810e+02
step  335 | acc=0.9190 | NZ=  1825 | sparsity=0.1551 | d_m=3.0390e+02
step  336 | acc=0.9190 | NZ=  1824 | sparsity=0.1556 | d_m=3.2092e+02
step  337 | acc=0.9190 | NZ=  1823 | sparsity=0.1560 | d_m=3.3488e+02
step  338 | acc=0.9190 | NZ=  1822 | sparsity=0.1565 | d_m=3.4962e+02
step  339 | acc=0.9190 | NZ=  1821 | sparsity=0.1569 | d_m=3.5484e+02
step  340 | acc=0.9190 | NZ=  1820 | sparsity=0.1574 | d_m=3.5567e+02
step  341 | acc=0.9190 | NZ=  1819 | sparsity=0.1579 | d_m=3.5732e+02
step  342 | acc=0.9190 | NZ=  1818 | sparsity=0.1583 | d_m=3.5691e+02
step  343 | acc=0.9190 | NZ=  1817 | sparsity=0.1588 | d_m=3.5796e+02
step  344 | acc=0.9190 | NZ=  1816 | sparsity=0.1593 | d_m=3.6654e+02
step  345 | acc=0.9190 | NZ=  1815 | sparsity=0.1597 | d_m=3.4926e+02
step  346 | acc=0.9190 | NZ=  1814 | sparsity=0.1602 | d_m=3.5656e+02
step  347 | acc=0.9190 | NZ=  1813 | sparsity=0.1606 | d_m=3.6480e+02
step  348 | acc=0.9190 | NZ=  1812 | sparsity=0.1611 | d_m=3.8598e+02
step  349 | acc=0.9190 | NZ=  1811 | sparsity=0.1616 | d_m=3.9653e+02
step  350 | acc=0.9190 | NZ=  1810 | sparsity=0.1620 | d_m=4.1863e+02
step  351 | acc=0.9190 | NZ=  1809 | sparsity=0.1625 | d_m=4.2406e+02
step  352 | acc=0.9190 | NZ=  1808 | sparsity=0.1630 | d_m=4.3871e+02
step  353 | acc=0.9190 | NZ=  1807 | sparsity=0.1634 | d_m=4.5509e+02
step  354 | acc=0.9190 | NZ=  1806 | sparsity=0.1639 | d_m=4.5321e+02
step  355 | acc=0.9190 | NZ=  1805 | sparsity=0.1644 | d_m=4.6985e+02
step  356 | acc=0.9190 | NZ=  1804 | sparsity=0.1648 | d_m=4.8528e+02
step  357 | acc=0.9190 | NZ=  1803 | sparsity=0.1653 | d_m=4.6596e+02
step  358 | acc=0.9190 | NZ=  1802 | sparsity=0.1657 | d_m=4.7216e+02
step  359 | acc=0.9190 | NZ=  1801 | sparsity=0.1662 | d_m=4.9529e+02
step  360 | acc=0.9190 | NZ=  1800 | sparsity=0.1667 | d_m=4.9939e+02
step  361 | acc=0.9190 | NZ=  1799 | sparsity=0.1671 | d_m=5.1576e+02
step  362 | acc=0.9190 | NZ=  1798 | sparsity=0.1676 | d_m=5.1643e+02
step  363 | acc=0.9190 | NZ=  1797 | sparsity=0.1681 | d_m=5.1912e+02
step  364 | acc=0.9190 | NZ=  1796 | sparsity=0.1685 | d_m=5.1860e+02
step  365 | acc=0.9190 | NZ=  1795 | sparsity=0.1690 | d_m=5.3811e+02
step  366 | acc=0.9190 | NZ=  1794 | sparsity=0.1694 | d_m=5.4410e+02
step  367 | acc=0.9190 | NZ=  1793 | sparsity=0.1699 | d_m=5.6205e+02
step  368 | acc=0.9190 | NZ=  1792 | sparsity=0.1704 | d_m=5.6219e+02
step  369 | acc=0.9190 | NZ=  1791 | sparsity=0.1708 | d_m=5.9028e+02
step  370 | acc=0.9190 | NZ=  1790 | sparsity=0.1713 | d_m=6.0831e+02
step  371 | acc=0.9190 | NZ=  1789 | sparsity=0.1718 | d_m=5.8881e+02
step  372 | acc=0.9190 | NZ=  1788 | sparsity=0.1722 | d_m=5.9229e+02
step  373 | acc=0.9200 | NZ=  1787 | sparsity=0.1727 | d_m=6.0804e+02
step  374 | acc=0.9200 | NZ=  1786 | sparsity=0.1731 | d_m=6.1624e+02
step  375 | acc=0.9200 | NZ=  1785 | sparsity=0.1736 | d_m=6.4474e+02
step  376 | acc=0.9190 | NZ=  1784 | sparsity=0.1741 | d_m=6.5763e+02
step  377 | acc=0.9200 | NZ=  1783 | sparsity=0.1745 | d_m=6.6205e+02
step  378 | acc=0.9190 | NZ=  1782 | sparsity=0.1750 | d_m=6.8449e+02
step  379 | acc=0.9190 | NZ=  1781 | sparsity=0.1755 | d_m=7.1399e+02
step  380 | acc=0.9190 | NZ=  1780 | sparsity=0.1759 | d_m=7.1134e+02
step  381 | acc=0.9190 | NZ=  1779 | sparsity=0.1764 | d_m=7.0854e+02
step  382 | acc=0.9190 | NZ=  1778 | sparsity=0.1769 | d_m=7.2563e+02
step  383 | acc=0.9190 | NZ=  1777 | sparsity=0.1773 | d_m=7.4868e+02
step  384 | acc=0.9190 | NZ=  1776 | sparsity=0.1778 | d_m=7.5367e+02
step  385 | acc=0.9190 | NZ=  1775 | sparsity=0.1782 | d_m=7.8516e+02
step  386 | acc=0.9190 | NZ=  1774 | sparsity=0.1787 | d_m=7.9244e+02
step  387 | acc=0.9190 | NZ=  1773 | sparsity=0.1792 | d_m=7.9601e+02
step  388 | acc=0.9190 | NZ=  1772 | sparsity=0.1796 | d_m=7.7932e+02
step  389 | acc=0.9190 | NZ=  1771 | sparsity=0.1801 | d_m=7.9459e+02
step  390 | acc=0.9190 | NZ=  1770 | sparsity=0.1806 | d_m=8.0297e+02
step  391 | acc=0.9190 | NZ=  1769 | sparsity=0.1810 | d_m=8.2955e+02
step  392 | acc=0.9190 | NZ=  1768 | sparsity=0.1815 | d_m=8.3718e+02
step  393 | acc=0.9190 | NZ=  1767 | sparsity=0.1819 | d_m=8.3439e+02
step  394 | acc=0.9190 | NZ=  1766 | sparsity=0.1824 | d_m=8.6942e+02
step  395 | acc=0.9190 | NZ=  1765 | sparsity=0.1829 | d_m=8.9817e+02
step  396 | acc=0.9200 | NZ=  1764 | sparsity=0.1833 | d_m=9.2358e+02
step  397 | acc=0.9200 | NZ=  1763 | sparsity=0.1838 | d_m=9.2209e+02
step  398 | acc=0.9200 | NZ=  1762 | sparsity=0.1843 | d_m=9.4681e+02
step  399 | acc=0.9200 | NZ=  1761 | sparsity=0.1847 | d_m=9.7784e+02
step  400 | acc=0.9200 | NZ=  1760 | sparsity=0.1852 | d_m=9.7439e+02
step  401 | acc=0.9200 | NZ=  1759 | sparsity=0.1856 | d_m=1.0007e+03
step  402 | acc=0.9200 | NZ=  1758 | sparsity=0.1861 | d_m=1.0314e+03
step  403 | acc=0.9200 | NZ=  1757 | sparsity=0.1866 | d_m=1.0148e+03
step  404 | acc=0.9200 | NZ=  1756 | sparsity=0.1870 | d_m=1.0589e+03
step  405 | acc=0.9200 | NZ=  1755 | sparsity=0.1875 | d_m=1.0731e+03
step  406 | acc=0.9200 | NZ=  1754 | sparsity=0.1880 | d_m=1.0988e+03
step  407 | acc=0.9200 | NZ=  1753 | sparsity=0.1884 | d_m=1.1286e+03
step  408 | acc=0.9200 | NZ=  1752 | sparsity=0.1889 | d_m=1.1443e+03
step  409 | acc=0.9200 | NZ=  1751 | sparsity=0.1894 | d_m=1.1687e+03
step  410 | acc=0.9200 | NZ=  1750 | sparsity=0.1898 | d_m=1.1971e+03
step  411 | acc=0.9200 | NZ=  1749 | sparsity=0.1903 | d_m=1.2232e+03
step  412 | acc=0.9200 | NZ=  1748 | sparsity=0.1907 | d_m=1.2319e+03
step  413 | acc=0.9200 | NZ=  1747 | sparsity=0.1912 | d_m=1.1917e+03
step  414 | acc=0.9200 | NZ=  1746 | sparsity=0.1917 | d_m=1.2046e+03
step  415 | acc=0.9200 | NZ=  1745 | sparsity=0.1921 | d_m=1.2266e+03
step  416 | acc=0.9200 | NZ=  1744 | sparsity=0.1926 | d_m=1.2603e+03
step  417 | acc=0.9200 | NZ=  1743 | sparsity=0.1931 | d_m=1.2918e+03
step  418 | acc=0.9200 | NZ=  1742 | sparsity=0.1935 | d_m=1.2898e+03
step  419 | acc=0.9190 | NZ=  1741 | sparsity=0.1940 | d_m=1.2918e+03
step  420 | acc=0.9190 | NZ=  1740 | sparsity=0.1944 | d_m=1.3200e+03
step  421 | acc=0.9190 | NZ=  1739 | sparsity=0.1949 | d_m=1.3494e+03
step  422 | acc=0.9190 | NZ=  1738 | sparsity=0.1954 | d_m=1.3211e+03
step  423 | acc=0.9190 | NZ=  1737 | sparsity=0.1958 | d_m=1.3667e+03
step  424 | acc=0.9190 | NZ=  1736 | sparsity=0.1963 | d_m=1.3737e+03
step  425 | acc=0.9200 | NZ=  1735 | sparsity=0.1968 | d_m=1.4138e+03
step  426 | acc=0.9200 | NZ=  1734 | sparsity=0.1972 | d_m=1.4252e+03
step  427 | acc=0.9200 | NZ=  1733 | sparsity=0.1977 | d_m=1.4334e+03
step  428 | acc=0.9200 | NZ=  1732 | sparsity=0.1981 | d_m=1.4689e+03
step  429 | acc=0.9200 | NZ=  1731 | sparsity=0.1986 | d_m=1.5291e+03
step  430 | acc=0.9200 | NZ=  1730 | sparsity=0.1991 | d_m=1.5502e+03
step  431 | acc=0.9200 | NZ=  1729 | sparsity=0.1995 | d_m=1.5904e+03
step  432 | acc=0.9200 | NZ=  1728 | sparsity=0.2000 | d_m=1.6267e+03
step  433 | acc=0.9200 | NZ=  1727 | sparsity=0.2005 | d_m=1.6299e+03
step  434 | acc=0.9200 | NZ=  1726 | sparsity=0.2009 | d_m=1.6752e+03
step  435 | acc=0.9200 | NZ=  1725 | sparsity=0.2014 | d_m=1.6802e+03
step  436 | acc=0.9200 | NZ=  1724 | sparsity=0.2019 | d_m=1.6391e+03
step  437 | acc=0.9200 | NZ=  1723 | sparsity=0.2023 | d_m=1.6934e+03
step  438 | acc=0.9210 | NZ=  1722 | sparsity=0.2028 | d_m=1.7397e+03
step  439 | acc=0.9200 | NZ=  1721 | sparsity=0.2032 | d_m=1.7953e+03
step  440 | acc=0.9200 | NZ=  1720 | sparsity=0.2037 | d_m=1.8153e+03
step  441 | acc=0.9200 | NZ=  1719 | sparsity=0.2042 | d_m=1.8661e+03
step  442 | acc=0.9200 | NZ=  1718 | sparsity=0.2046 | d_m=1.8727e+03
step  443 | acc=0.9200 | NZ=  1717 | sparsity=0.2051 | d_m=1.9111e+03
step  444 | acc=0.9200 | NZ=  1716 | sparsity=0.2056 | d_m=1.9069e+03
step  445 | acc=0.9200 | NZ=  1715 | sparsity=0.2060 | d_m=1.9489e+03
step  446 | acc=0.9200 | NZ=  1714 | sparsity=0.2065 | d_m=1.9573e+03
step  447 | acc=0.9200 | NZ=  1713 | sparsity=0.2069 | d_m=1.9951e+03
step  448 | acc=0.9200 | NZ=  1712 | sparsity=0.2074 | d_m=2.0197e+03
step  449 | acc=0.9200 | NZ=  1711 | sparsity=0.2079 | d_m=2.0659e+03
step  450 | acc=0.9200 | NZ=  1710 | sparsity=0.2083 | d_m=2.0581e+03
step  451 | acc=0.9200 | NZ=  1709 | sparsity=0.2088 | d_m=2.0661e+03
step  452 | acc=0.9200 | NZ=  1708 | sparsity=0.2093 | d_m=2.0267e+03
step  453 | acc=0.9200 | NZ=  1707 | sparsity=0.2097 | d_m=2.0508e+03
step  454 | acc=0.9200 | NZ=  1706 | sparsity=0.2102 | d_m=2.0626e+03
step  455 | acc=0.9200 | NZ=  1705 | sparsity=0.2106 | d_m=2.0428e+03
step  456 | acc=0.9200 | NZ=  1704 | sparsity=0.2111 | d_m=2.0577e+03
step  457 | acc=0.9200 | NZ=  1703 | sparsity=0.2116 | d_m=2.1005e+03
step  458 | acc=0.9200 | NZ=  1702 | sparsity=0.2120 | d_m=2.1306e+03
step  459 | acc=0.9210 | NZ=  1701 | sparsity=0.2125 | d_m=2.1723e+03
step  460 | acc=0.9210 | NZ=  1700 | sparsity=0.2130 | d_m=2.2130e+03
step  461 | acc=0.9210 | NZ=  1699 | sparsity=0.2134 | d_m=2.2184e+03
step  462 | acc=0.9210 | NZ=  1698 | sparsity=0.2139 | d_m=2.2230e+03
step  463 | acc=0.9210 | NZ=  1697 | sparsity=0.2144 | d_m=2.1560e+03
step  464 | acc=0.9210 | NZ=  1696 | sparsity=0.2148 | d_m=2.1872e+03
step  465 | acc=0.9210 | NZ=  1695 | sparsity=0.2153 | d_m=2.1942e+03
step  466 | acc=0.9210 | NZ=  1694 | sparsity=0.2157 | d_m=2.2699e+03
step  467 | acc=0.9210 | NZ=  1693 | sparsity=0.2162 | d_m=2.3360e+03
step  468 | acc=0.9210 | NZ=  1692 | sparsity=0.2167 | d_m=2.3913e+03
step  469 | acc=0.9210 | NZ=  1691 | sparsity=0.2171 | d_m=2.4316e+03
step  470 | acc=0.9210 | NZ=  1690 | sparsity=0.2176 | d_m=2.4290e+03
step  471 | acc=0.9200 | NZ=  1689 | sparsity=0.2181 | d_m=2.4175e+03
step  472 | acc=0.9200 | NZ=  1688 | sparsity=0.2185 | d_m=2.4672e+03
step  473 | acc=0.9200 | NZ=  1687 | sparsity=0.2190 | d_m=2.4706e+03
step  474 | acc=0.9200 | NZ=  1686 | sparsity=0.2194 | d_m=2.4842e+03
step  475 | acc=0.9200 | NZ=  1685 | sparsity=0.2199 | d_m=2.4835e+03
step  476 | acc=0.9200 | NZ=  1684 | sparsity=0.2204 | d_m=2.5461e+03
step  477 | acc=0.9210 | NZ=  1683 | sparsity=0.2208 | d_m=2.6044e+03
step  478 | acc=0.9210 | NZ=  1682 | sparsity=0.2213 | d_m=2.6801e+03
step  479 | acc=0.9210 | NZ=  1681 | sparsity=0.2218 | d_m=2.7689e+03
step  480 | acc=0.9210 | NZ=  1680 | sparsity=0.2222 | d_m=2.8558e+03
step  481 | acc=0.9210 | NZ=  1679 | sparsity=0.2227 | d_m=2.8985e+03
step  482 | acc=0.9210 | NZ=  1678 | sparsity=0.2231 | d_m=2.9441e+03
step  483 | acc=0.9210 | NZ=  1677 | sparsity=0.2236 | d_m=2.9869e+03
step  484 | acc=0.9210 | NZ=  1676 | sparsity=0.2241 | d_m=3.0240e+03
step  485 | acc=0.9210 | NZ=  1675 | sparsity=0.2245 | d_m=3.0167e+03
step  486 | acc=0.9210 | NZ=  1674 | sparsity=0.2250 | d_m=2.9884e+03
step  487 | acc=0.9210 | NZ=  1673 | sparsity=0.2255 | d_m=3.0337e+03
step  488 | acc=0.9210 | NZ=  1672 | sparsity=0.2259 | d_m=3.0217e+03
step  489 | acc=0.9210 | NZ=  1671 | sparsity=0.2264 | d_m=3.0321e+03
step  490 | acc=0.9210 | NZ=  1670 | sparsity=0.2269 | d_m=3.0934e+03
step  491 | acc=0.9210 | NZ=  1669 | sparsity=0.2273 | d_m=3.1559e+03
step  492 | acc=0.9210 | NZ=  1668 | sparsity=0.2278 | d_m=3.2068e+03
step  493 | acc=0.9210 | NZ=  1667 | sparsity=0.2282 | d_m=3.2002e+03
step  494 | acc=0.9210 | NZ=  1666 | sparsity=0.2287 | d_m=3.2258e+03
step  495 | acc=0.9210 | NZ=  1665 | sparsity=0.2292 | d_m=3.2357e+03
step  496 | acc=0.9210 | NZ=  1664 | sparsity=0.2296 | d_m=3.2648e+03
step  497 | acc=0.9210 | NZ=  1663 | sparsity=0.2301 | d_m=3.2728e+03
step  498 | acc=0.9210 | NZ=  1662 | sparsity=0.2306 | d_m=3.2668e+03
step  499 | acc=0.9210 | NZ=  1661 | sparsity=0.2310 | d_m=3.3358e+03
Sparsification log saved to: /home/simon/repos/onnxmlir-pim-sparsify/artifacts/e02_omega_100000/sparsified/sparsification_log.csv
[14:15:06]   sparsify: done
[14:15:06] --- e06_act_tanh ---
[14:15:06]   train: starting
Output folder: /home/simon/repos/onnxmlir-pim-sparsify/artifacts/e06_act_tanh
Data loaded.
	X_train.shape = (10000, 196)
	X_test.shape  = (1000, 196)
Topology: [196, 10, 10, 10]
Training loop started
---------------------------------------------------------
	Epoch 0 of 1000 in 0.41 sec
	Train acc 0.09730 | Test acc 0.08900
---------------------------------------------------------
	Epoch 100 of 1000 in 0.00 sec
	Train acc 0.09440 | Test acc 0.08500
---------------------------------------------------------
	Epoch 200 of 1000 in 0.00 sec
	Train acc 0.11070 | Test acc 0.12600
---------------------------------------------------------
	Epoch 300 of 1000 in 0.00 sec
	Train acc 0.11070 | Test acc 0.12600
---------------------------------------------------------
	Epoch 400 of 1000 in 0.00 sec
	Train acc 0.17520 | Test acc 0.17300
---------------------------------------------------------
	Epoch 500 of 1000 in 0.00 sec
	Train acc 0.25140 | Test acc 0.24800
---------------------------------------------------------
	Epoch 600 of 1000 in 0.00 sec
	Train acc 0.31330 | Test acc 0.30300
---------------------------------------------------------
	Epoch 700 of 1000 in 0.00 sec
	Train acc 0.31200 | Test acc 0.30300
---------------------------------------------------------
	Epoch 800 of 1000 in 0.00 sec
	Train acc 0.31300 | Test acc 0.30200
---------------------------------------------------------
	Epoch 900 of 1000 in 0.00 sec
	Train acc 0.31410 | Test acc 0.30300
---------------------------------------------------------
Training log saved to: /home/simon/repos/onnxmlir-pim-sparsify/artifacts/e06_act_tanh/training_log.csv
Model saved to: /home/simon/repos/onnxmlir-pim-sparsify/artifacts/e06_act_tanh
[14:15:46]   train: done
[14:15:46]   sparsify: starting
Load the parameters from the folder
Found 3 layers in /home/simon/repos/onnxmlir-pim-sparsify/artifacts/e06_act_tanh
Accuracy in validation: 0.3020
Total parameters: 2160
Perturbation distance (sanity check): 8.2477e-03
Starting sparsification loop
At every iteration the network gets:
	 1. Pruned   — remove the least influential parameter
	 2. Adjusted — compensate via remaining parameters
step    0 | acc=0.3020 | NZ=  2160 | sparsity=0.0000 | d_m=0.0000e+00
step    1 | acc=0.3020 | NZ=  2159 | sparsity=0.0005 | d_m=1.2568e-06
step    2 | acc=0.3020 | NZ=  2158 | sparsity=0.0009 | d_m=2.8853e-06
step    3 | acc=0.3020 | NZ=  2157 | sparsity=0.0014 | d_m=2.5079e-06
step    4 | acc=0.3020 | NZ=  2156 | sparsity=0.0019 | d_m=1.6049e-05
step    5 | acc=0.3020 | NZ=  2155 | sparsity=0.0023 | d_m=2.8771e-05
step    6 | acc=0.3020 | NZ=  2154 | sparsity=0.0028 | d_m=4.5257e-05
step    7 | acc=0.3020 | NZ=  2153 | sparsity=0.0032 | d_m=3.7824e-05
step    8 | acc=0.3020 | NZ=  2152 | sparsity=0.0037 | d_m=5.7820e-05
step    9 | acc=0.3020 | NZ=  2151 | sparsity=0.0042 | d_m=8.4834e-05
step   10 | acc=0.3020 | NZ=  2150 | sparsity=0.0046 | d_m=1.1228e-04
step   11 | acc=0.3020 | NZ=  2149 | sparsity=0.0051 | d_m=1.4803e-04
step   12 | acc=0.3020 | NZ=  2148 | sparsity=0.0056 | d_m=1.2025e-04
step   13 | acc=0.3020 | NZ=  2147 | sparsity=0.0060 | d_m=3.1155e-05
step   14 | acc=0.3020 | NZ=  2146 | sparsity=0.0065 | d_m=4.1460e-05
step   15 | acc=0.3020 | NZ=  2145 | sparsity=0.0069 | d_m=5.4551e-05
step   16 | acc=0.3020 | NZ=  2144 | sparsity=0.0074 | d_m=1.3167e-04
step   17 | acc=0.3020 | NZ=  2143 | sparsity=0.0079 | d_m=2.1606e-04
step   18 | acc=0.3020 | NZ=  2142 | sparsity=0.0083 | d_m=2.0199e-04
step   19 | acc=0.3020 | NZ=  2141 | sparsity=0.0088 | d_m=1.4135e-04
step   20 | acc=0.3020 | NZ=  2140 | sparsity=0.0093 | d_m=2.2651e-04
step   21 | acc=0.3020 | NZ=  2139 | sparsity=0.0097 | d_m=1.1544e-04
step   22 | acc=0.3020 | NZ=  2138 | sparsity=0.0102 | d_m=1.9415e-04
step   23 | acc=0.3020 | NZ=  2137 | sparsity=0.0106 | d_m=6.3481e-05
step   24 | acc=0.3020 | NZ=  2136 | sparsity=0.0111 | d_m=1.8112e-04
step   25 | acc=0.3020 | NZ=  2135 | sparsity=0.0116 | d_m=1.3748e-04
step   26 | acc=0.3020 | NZ=  2134 | sparsity=0.0120 | d_m=1.8655e-04
step   27 | acc=0.3020 | NZ=  2133 | sparsity=0.0125 | d_m=2.4143e-04
step   28 | acc=0.3020 | NZ=  2132 | sparsity=0.0130 | d_m=2.7827e-04
step   29 | acc=0.3020 | NZ=  2131 | sparsity=0.0134 | d_m=4.2585e-04
step   30 | acc=0.3020 | NZ=  2130 | sparsity=0.0139 | d_m=4.9527e-04
step   31 | acc=0.3020 | NZ=  2129 | sparsity=0.0144 | d_m=4.7634e-04
step   32 | acc=0.3020 | NZ=  2128 | sparsity=0.0148 | d_m=3.3257e-04
step   33 | acc=0.3020 | NZ=  2127 | sparsity=0.0153 | d_m=1.9139e-04
step   34 | acc=0.3020 | NZ=  2126 | sparsity=0.0157 | d_m=1.6894e-04
step   35 | acc=0.3020 | NZ=  2125 | sparsity=0.0162 | d_m=2.0889e-04
step   36 | acc=0.3020 | NZ=  2124 | sparsity=0.0167 | d_m=4.9521e-04
step   37 | acc=0.3020 | NZ=  2123 | sparsity=0.0171 | d_m=3.1078e-04
step   38 | acc=0.3020 | NZ=  2122 | sparsity=0.0176 | d_m=5.5620e-04
step   39 | acc=0.3020 | NZ=  2121 | sparsity=0.0181 | d_m=4.0125e-04
step   40 | acc=0.3020 | NZ=  2120 | sparsity=0.0185 | d_m=2.3855e-04
step   41 | acc=0.3020 | NZ=  2119 | sparsity=0.0190 | d_m=2.1226e-04
step   42 | acc=0.3020 | NZ=  2118 | sparsity=0.0194 | d_m=6.0631e-04
step   43 | acc=0.3020 | NZ=  2117 | sparsity=0.0199 | d_m=1.0190e-03
step   44 | acc=0.3020 | NZ=  2116 | sparsity=0.0204 | d_m=5.8184e-04
step   45 | acc=0.3020 | NZ=  2115 | sparsity=0.0208 | d_m=1.0447e-03
step   46 | acc=0.3020 | NZ=  2114 | sparsity=0.0213 | d_m=1.0617e-03
step   47 | acc=0.3020 | NZ=  2113 | sparsity=0.0218 | d_m=1.3177e-03
step   48 | acc=0.3020 | NZ=  2112 | sparsity=0.0222 | d_m=1.4456e-03
step   49 | acc=0.3020 | NZ=  2111 | sparsity=0.0227 | d_m=1.3297e-03
step   50 | acc=0.3020 | NZ=  2110 | sparsity=0.0231 | d_m=6.0270e-04
step   51 | acc=0.3020 | NZ=  2109 | sparsity=0.0236 | d_m=5.6082e-04
step   52 | acc=0.3020 | NZ=  2108 | sparsity=0.0241 | d_m=1.2110e-03
step   53 | acc=0.3020 | NZ=  2107 | sparsity=0.0245 | d_m=5.9799e-04
step   54 | acc=0.3020 | NZ=  2106 | sparsity=0.0250 | d_m=9.8365e-04
step   55 | acc=0.3020 | NZ=  2105 | sparsity=0.0255 | d_m=1.0158e-03
step   56 | acc=0.3020 | NZ=  2104 | sparsity=0.0259 | d_m=6.6821e-04
step   57 | acc=0.3020 | NZ=  2103 | sparsity=0.0264 | d_m=8.9448e-04
step   58 | acc=0.3020 | NZ=  2102 | sparsity=0.0269 | d_m=1.2084e-03
step   59 | acc=0.3020 | NZ=  2101 | sparsity=0.0273 | d_m=1.7738e-03
step   60 | acc=0.3020 | NZ=  2100 | sparsity=0.0278 | d_m=1.3551e-03
step   61 | acc=0.3020 | NZ=  2099 | sparsity=0.0282 | d_m=1.5906e-03
step   62 | acc=0.3020 | NZ=  2098 | sparsity=0.0287 | d_m=8.1400e-04
step   63 | acc=0.3020 | NZ=  2097 | sparsity=0.0292 | d_m=1.4765e-03
step   64 | acc=0.3020 | NZ=  2096 | sparsity=0.0296 | d_m=1.9982e-03
step   65 | acc=0.3020 | NZ=  2095 | sparsity=0.0301 | d_m=1.2634e-03
step   66 | acc=0.3020 | NZ=  2094 | sparsity=0.0306 | d_m=9.1736e-04
step   67 | acc=0.3020 | NZ=  2093 | sparsity=0.0310 | d_m=8.3833e-04
step   68 | acc=0.3020 | NZ=  2092 | sparsity=0.0315 | d_m=8.7382e-04
step   69 | acc=0.3020 | NZ=  2091 | sparsity=0.0319 | d_m=8.5713e-04
step   70 | acc=0.3020 | NZ=  2090 | sparsity=0.0324 | d_m=9.4484e-04
step   71 | acc=0.3020 | NZ=  2089 | sparsity=0.0329 | d_m=2.1158e-03
step   72 | acc=0.3020 | NZ=  2088 | sparsity=0.0333 | d_m=2.1401e-03
step   73 | acc=0.3020 | NZ=  2087 | sparsity=0.0338 | d_m=3.4261e-03
step   74 | acc=0.3020 | NZ=  2086 | sparsity=0.0343 | d_m=2.0762e-03
step   75 | acc=0.3020 | NZ=  2085 | sparsity=0.0347 | d_m=2.2956e-03
step   76 | acc=0.3020 | NZ=  2084 | sparsity=0.0352 | d_m=1.3527e-03
step   77 | acc=0.3020 | NZ=  2083 | sparsity=0.0356 | d_m=9.5374e-04
step   78 | acc=0.3020 | NZ=  2082 | sparsity=0.0361 | d_m=2.4341e-03
step   79 | acc=0.3020 | NZ=  2081 | sparsity=0.0366 | d_m=3.3124e-03
step   80 | acc=0.3020 | NZ=  2080 | sparsity=0.0370 | d_m=1.8110e-03
step   81 | acc=0.3020 | NZ=  2079 | sparsity=0.0375 | d_m=1.3581e-03
step   82 | acc=0.3020 | NZ=  2078 | sparsity=0.0380 | d_m=2.9925e-03
step   83 | acc=0.3030 | NZ=  2077 | sparsity=0.0384 | d_m=1.6135e-03
step   84 | acc=0.3030 | NZ=  2076 | sparsity=0.0389 | d_m=3.3065e-03
step   85 | acc=0.3030 | NZ=  2075 | sparsity=0.0394 | d_m=2.0051e-03
step   86 | acc=0.3030 | NZ=  2074 | sparsity=0.0398 | d_m=2.4779e-03
step   87 | acc=0.3030 | NZ=  2073 | sparsity=0.0403 | d_m=4.4527e-03
step   88 | acc=0.3030 | NZ=  2072 | sparsity=0.0407 | d_m=2.9129e-03
step   89 | acc=0.3030 | NZ=  2071 | sparsity=0.0412 | d_m=3.3066e-03
step   90 | acc=0.3030 | NZ=  2070 | sparsity=0.0417 | d_m=3.6160e-03
step   91 | acc=0.3030 | NZ=  2069 | sparsity=0.0421 | d_m=3.1481e-03
step   92 | acc=0.3030 | NZ=  2068 | sparsity=0.0426 | d_m=4.8609e-03
step   93 | acc=0.3030 | NZ=  2067 | sparsity=0.0431 | d_m=3.4731e-03
step   94 | acc=0.3030 | NZ=  2066 | sparsity=0.0435 | d_m=4.5296e-03
step   95 | acc=0.3030 | NZ=  2065 | sparsity=0.0440 | d_m=3.5489e-03
step   96 | acc=0.3030 | NZ=  2064 | sparsity=0.0444 | d_m=4.9376e-03
step   97 | acc=0.3030 | NZ=  2063 | sparsity=0.0449 | d_m=3.0750e-03
step   98 | acc=0.3030 | NZ=  2062 | sparsity=0.0454 | d_m=3.3883e-03
step   99 | acc=0.3030 | NZ=  2061 | sparsity=0.0458 | d_m=3.1571e-03
step  100 | acc=0.3030 | NZ=  2060 | sparsity=0.0463 | d_m=3.9258e-03
step  101 | acc=0.3030 | NZ=  2059 | sparsity=0.0468 | d_m=3.3548e-03
step  102 | acc=0.3030 | NZ=  2058 | sparsity=0.0472 | d_m=3.6347e-03
step  103 | acc=0.3030 | NZ=  2057 | sparsity=0.0477 | d_m=3.6464e-03
step  104 | acc=0.3030 | NZ=  2056 | sparsity=0.0481 | d_m=3.2423e-03
step  105 | acc=0.3030 | NZ=  2055 | sparsity=0.0486 | d_m=3.2155e-03
step  106 | acc=0.3030 | NZ=  2054 | sparsity=0.0491 | d_m=3.3554e-03
step  107 | acc=0.3030 | NZ=  2053 | sparsity=0.0495 | d_m=3.3938e-03
step  108 | acc=0.3030 | NZ=  2052 | sparsity=0.0500 | d_m=5.7556e-03
step  109 | acc=0.3030 | NZ=  2051 | sparsity=0.0505 | d_m=4.8383e-03
step  110 | acc=0.3030 | NZ=  2050 | sparsity=0.0509 | d_m=7.6598e-03
step  111 | acc=0.3030 | NZ=  2049 | sparsity=0.0514 | d_m=5.7204e-03
step  112 | acc=0.3030 | NZ=  2048 | sparsity=0.0519 | d_m=8.3618e-03
step  113 | acc=0.3030 | NZ=  2047 | sparsity=0.0523 | d_m=6.1835e-03
step  114 | acc=0.3030 | NZ=  2046 | sparsity=0.0528 | d_m=7.2203e-03
step  115 | acc=0.3030 | NZ=  2045 | sparsity=0.0532 | d_m=6.0921e-03
step  116 | acc=0.3030 | NZ=  2044 | sparsity=0.0537 | d_m=5.5194e-03
step  117 | acc=0.3030 | NZ=  2043 | sparsity=0.0542 | d_m=5.3353e-03
step  118 | acc=0.3030 | NZ=  2042 | sparsity=0.0546 | d_m=5.1328e-03
step  119 | acc=0.3030 | NZ=  2041 | sparsity=0.0551 | d_m=5.3144e-03
step  120 | acc=0.3030 | NZ=  2040 | sparsity=0.0556 | d_m=5.6141e-03
step  121 | acc=0.3030 | NZ=  2039 | sparsity=0.0560 | d_m=5.6366e-03
step  122 | acc=0.3030 | NZ=  2038 | sparsity=0.0565 | d_m=5.9602e-03
step  123 | acc=0.3030 | NZ=  2037 | sparsity=0.0569 | d_m=1.0472e-02
step  124 | acc=0.3030 | NZ=  2036 | sparsity=0.0574 | d_m=9.4849e-03
step  125 | acc=0.3030 | NZ=  2035 | sparsity=0.0579 | d_m=7.0464e-03
step  126 | acc=0.3030 | NZ=  2034 | sparsity=0.0583 | d_m=6.4904e-03
step  127 | acc=0.3030 | NZ=  2033 | sparsity=0.0588 | d_m=1.1346e-02
step  128 | acc=0.3030 | NZ=  2032 | sparsity=0.0593 | d_m=7.2798e-03
step  129 | acc=0.3030 | NZ=  2031 | sparsity=0.0597 | d_m=1.0892e-02
step  130 | acc=0.3030 | NZ=  2030 | sparsity=0.0602 | d_m=8.9233e-03
step  131 | acc=0.3030 | NZ=  2029 | sparsity=0.0606 | d_m=8.6577e-03
step  132 | acc=0.3030 | NZ=  2028 | sparsity=0.0611 | d_m=1.3775e-02
step  133 | acc=0.3030 | NZ=  2027 | sparsity=0.0616 | d_m=9.0632e-03
step  134 | acc=0.3030 | NZ=  2026 | sparsity=0.0620 | d_m=8.1006e-03
step  135 | acc=0.3030 | NZ=  2025 | sparsity=0.0625 | d_m=1.4110e-02
step  136 | acc=0.3030 | NZ=  2024 | sparsity=0.0630 | d_m=9.1222e-03
step  137 | acc=0.3030 | NZ=  2023 | sparsity=0.0634 | d_m=1.2744e-02
step  138 | acc=0.3030 | NZ=  2022 | sparsity=0.0639 | d_m=1.8360e-02
step  139 | acc=0.3030 | NZ=  2021 | sparsity=0.0644 | d_m=1.4381e-02
step  140 | acc=0.3030 | NZ=  2020 | sparsity=0.0648 | d_m=8.4535e-03
step  141 | acc=0.3030 | NZ=  2019 | sparsity=0.0653 | d_m=8.0034e-03
step  142 | acc=0.3030 | NZ=  2018 | sparsity=0.0657 | d_m=7.5172e-03
step  143 | acc=0.3030 | NZ=  2017 | sparsity=0.0662 | d_m=1.4203e-02
step  144 | acc=0.3030 | NZ=  2016 | sparsity=0.0667 | d_m=9.0598e-03
step  145 | acc=0.3030 | NZ=  2015 | sparsity=0.0671 | d_m=9.9998e-03
step  146 | acc=0.3030 | NZ=  2014 | sparsity=0.0676 | d_m=8.5112e-03
step  147 | acc=0.3030 | NZ=  2013 | sparsity=0.0681 | d_m=1.1051e-02
step  148 | acc=0.3030 | NZ=  2012 | sparsity=0.0685 | d_m=1.2375e-02
step  149 | acc=0.3030 | NZ=  2011 | sparsity=0.0690 | d_m=1.2323e-02
step  150 | acc=0.3030 | NZ=  2010 | sparsity=0.0694 | d_m=1.1543e-02
step  151 | acc=0.3030 | NZ=  2009 | sparsity=0.0699 | d_m=1.0623e-02
step  152 | acc=0.3030 | NZ=  2008 | sparsity=0.0704 | d_m=1.4253e-02
step  153 | acc=0.3030 | NZ=  2007 | sparsity=0.0708 | d_m=1.2560e-02
step  154 | acc=0.3030 | NZ=  2006 | sparsity=0.0713 | d_m=9.8115e-03
step  155 | acc=0.3030 | NZ=  2005 | sparsity=0.0718 | d_m=1.6710e-02
step  156 | acc=0.3030 | NZ=  2004 | sparsity=0.0722 | d_m=1.5538e-02
step  157 | acc=0.3030 | NZ=  2003 | sparsity=0.0727 | d_m=1.5788e-02
step  158 | acc=0.3030 | NZ=  2002 | sparsity=0.0731 | d_m=2.2095e-02
step  159 | acc=0.3030 | NZ=  2001 | sparsity=0.0736 | d_m=1.7122e-02
step  160 | acc=0.3030 | NZ=  2000 | sparsity=0.0741 | d_m=1.9690e-02
step  161 | acc=0.3030 | NZ=  1999 | sparsity=0.0745 | d_m=2.5618e-02
step  162 | acc=0.3030 | NZ=  1998 | sparsity=0.0750 | d_m=2.0378e-02
step  163 | acc=0.3030 | NZ=  1997 | sparsity=0.0755 | d_m=1.2366e-02
step  164 | acc=0.3030 | NZ=  1996 | sparsity=0.0759 | d_m=1.9407e-02
step  165 | acc=0.3030 | NZ=  1995 | sparsity=0.0764 | d_m=2.3279e-02
step  166 | acc=0.3030 | NZ=  1994 | sparsity=0.0769 | d_m=1.3813e-02
step  167 | acc=0.3030 | NZ=  1993 | sparsity=0.0773 | d_m=2.1864e-02
step  168 | acc=0.3030 | NZ=  1992 | sparsity=0.0778 | d_m=1.1058e-02
step  169 | acc=0.3030 | NZ=  1991 | sparsity=0.0782 | d_m=1.8657e-02
step  170 | acc=0.3030 | NZ=  1990 | sparsity=0.0787 | d_m=1.0633e-02
step  171 | acc=0.3030 | NZ=  1989 | sparsity=0.0792 | d_m=1.1698e-02
step  172 | acc=0.3030 | NZ=  1988 | sparsity=0.0796 | d_m=1.1413e-02
step  173 | acc=0.3030 | NZ=  1987 | sparsity=0.0801 | d_m=1.2510e-02
step  174 | acc=0.3030 | NZ=  1986 | sparsity=0.0806 | d_m=1.1679e-02
step  175 | acc=0.3030 | NZ=  1985 | sparsity=0.0810 | d_m=1.0979e-02
step  176 | acc=0.3030 | NZ=  1984 | sparsity=0.0815 | d_m=2.0680e-02
step  177 | acc=0.3030 | NZ=  1983 | sparsity=0.0819 | d_m=2.6410e-02
step  178 | acc=0.3030 | NZ=  1982 | sparsity=0.0824 | d_m=1.7188e-02
step  179 | acc=0.3040 | NZ=  1981 | sparsity=0.0829 | d_m=2.6844e-02
step  180 | acc=0.3040 | NZ=  1980 | sparsity=0.0833 | d_m=1.8339e-02
step  181 | acc=0.3040 | NZ=  1979 | sparsity=0.0838 | d_m=1.8505e-02
step  182 | acc=0.3040 | NZ=  1978 | sparsity=0.0843 | d_m=2.9067e-02
step  183 | acc=0.3040 | NZ=  1977 | sparsity=0.0847 | d_m=2.7476e-02
step  184 | acc=0.3040 | NZ=  1976 | sparsity=0.0852 | d_m=3.6469e-02
step  185 | acc=0.3040 | NZ=  1975 | sparsity=0.0856 | d_m=2.7643e-02
step  186 | acc=0.3040 | NZ=  1974 | sparsity=0.0861 | d_m=2.4806e-02
step  187 | acc=0.3040 | NZ=  1973 | sparsity=0.0866 | d_m=3.6338e-02
step  188 | acc=0.3040 | NZ=  1972 | sparsity=0.0870 | d_m=2.6156e-02
step  189 | acc=0.3040 | NZ=  1971 | sparsity=0.0875 | d_m=2.2957e-02
step  190 | acc=0.3040 | NZ=  1970 | sparsity=0.0880 | d_m=2.2074e-02
step  191 | acc=0.3040 | NZ=  1969 | sparsity=0.0884 | d_m=2.2514e-02
step  192 | acc=0.3040 | NZ=  1968 | sparsity=0.0889 | d_m=3.4940e-02
step  193 | acc=0.3040 | NZ=  1967 | sparsity=0.0894 | d_m=3.2376e-02
step  194 | acc=0.3040 | NZ=  1966 | sparsity=0.0898 | d_m=3.2036e-02
step  195 | acc=0.3040 | NZ=  1965 | sparsity=0.0903 | d_m=2.7841e-02
step  196 | acc=0.3040 | NZ=  1964 | sparsity=0.0907 | d_m=2.5848e-02
step  197 | acc=0.3040 | NZ=  1963 | sparsity=0.0912 | d_m=2.4913e-02
step  198 | acc=0.3040 | NZ=  1962 | sparsity=0.0917 | d_m=2.4153e-02
step  199 | acc=0.3040 | NZ=  1961 | sparsity=0.0921 | d_m=3.7393e-02
step  200 | acc=0.3040 | NZ=  1960 | sparsity=0.0926 | d_m=2.6804e-02
step  201 | acc=0.3040 | NZ=  1959 | sparsity=0.0931 | d_m=2.9446e-02
step  202 | acc=0.3040 | NZ=  1958 | sparsity=0.0935 | d_m=3.2251e-02
step  203 | acc=0.3040 | NZ=  1957 | sparsity=0.0940 | d_m=2.9728e-02
step  204 | acc=0.3040 | NZ=  1956 | sparsity=0.0944 | d_m=3.4687e-02
step  205 | acc=0.3040 | NZ=  1955 | sparsity=0.0949 | d_m=2.1759e-02
step  206 | acc=0.3040 | NZ=  1954 | sparsity=0.0954 | d_m=2.0827e-02
step  207 | acc=0.3040 | NZ=  1953 | sparsity=0.0958 | d_m=2.1926e-02
step  208 | acc=0.3040 | NZ=  1952 | sparsity=0.0963 | d_m=2.0997e-02
step  209 | acc=0.3040 | NZ=  1951 | sparsity=0.0968 | d_m=2.1121e-02
step  210 | acc=0.3040 | NZ=  1950 | sparsity=0.0972 | d_m=3.6285e-02
step  211 | acc=0.3040 | NZ=  1949 | sparsity=0.0977 | d_m=2.1351e-02
step  212 | acc=0.3040 | NZ=  1948 | sparsity=0.0981 | d_m=2.1779e-02
step  213 | acc=0.3040 | NZ=  1947 | sparsity=0.0986 | d_m=3.6930e-02
step  214 | acc=0.3040 | NZ=  1946 | sparsity=0.0991 | d_m=3.9200e-02
step  215 | acc=0.3040 | NZ=  1945 | sparsity=0.0995 | d_m=2.9245e-02
step  216 | acc=0.3040 | NZ=  1944 | sparsity=0.1000 | d_m=4.0556e-02
step  217 | acc=0.3040 | NZ=  1943 | sparsity=0.1005 | d_m=2.6980e-02
step  218 | acc=0.3040 | NZ=  1942 | sparsity=0.1009 | d_m=2.8986e-02
step  219 | acc=0.3040 | NZ=  1941 | sparsity=0.1014 | d_m=2.5299e-02
step  220 | acc=0.3040 | NZ=  1940 | sparsity=0.1019 | d_m=2.6845e-02
step  221 | acc=0.3040 | NZ=  1939 | sparsity=0.1023 | d_m=4.1392e-02
step  222 | acc=0.3050 | NZ=  1938 | sparsity=0.1028 | d_m=2.4908e-02
step  223 | acc=0.3050 | NZ=  1937 | sparsity=0.1032 | d_m=2.3252e-02
step  224 | acc=0.3050 | NZ=  1936 | sparsity=0.1037 | d_m=2.2710e-02
step  225 | acc=0.3050 | NZ=  1935 | sparsity=0.1042 | d_m=2.5048e-02
step  226 | acc=0.3050 | NZ=  1934 | sparsity=0.1046 | d_m=2.6320e-02
step  227 | acc=0.3050 | NZ=  1933 | sparsity=0.1051 | d_m=2.6109e-02
step  228 | acc=0.3050 | NZ=  1932 | sparsity=0.1056 | d_m=2.4220e-02
step  229 | acc=0.3050 | NZ=  1931 | sparsity=0.1060 | d_m=4.3267e-02
step  230 | acc=0.3040 | NZ=  1930 | sparsity=0.1065 | d_m=2.5198e-02
step  231 | acc=0.3040 | NZ=  1929 | sparsity=0.1069 | d_m=3.1516e-02
step  232 | acc=0.3030 | NZ=  1928 | sparsity=0.1074 | d_m=4.4027e-02
step  233 | acc=0.3030 | NZ=  1927 | sparsity=0.1079 | d_m=3.0699e-02
step  234 | acc=0.3030 | NZ=  1926 | sparsity=0.1083 | d_m=3.8951e-02
step  235 | acc=0.3030 | NZ=  1925 | sparsity=0.1088 | d_m=3.2568e-02
step  236 | acc=0.3030 | NZ=  1924 | sparsity=0.1093 | d_m=2.5590e-02
step  237 | acc=0.3030 | NZ=  1923 | sparsity=0.1097 | d_m=2.5624e-02
step  238 | acc=0.3030 | NZ=  1922 | sparsity=0.1102 | d_m=3.5874e-02
step  239 | acc=0.3030 | NZ=  1921 | sparsity=0.1106 | d_m=3.4976e-02
step  240 | acc=0.3030 | NZ=  1920 | sparsity=0.1111 | d_m=3.2445e-02
step  241 | acc=0.3030 | NZ=  1919 | sparsity=0.1116 | d_m=2.5852e-02
step  242 | acc=0.3030 | NZ=  1918 | sparsity=0.1120 | d_m=2.4606e-02
step  243 | acc=0.3030 | NZ=  1917 | sparsity=0.1125 | d_m=2.5179e-02
step  244 | acc=0.3030 | NZ=  1916 | sparsity=0.1130 | d_m=2.8463e-02
step  245 | acc=0.3030 | NZ=  1915 | sparsity=0.1134 | d_m=2.9118e-02
step  246 | acc=0.3030 | NZ=  1914 | sparsity=0.1139 | d_m=2.7666e-02
step  247 | acc=0.3030 | NZ=  1913 | sparsity=0.1144 | d_m=4.8235e-02
step  248 | acc=0.3030 | NZ=  1912 | sparsity=0.1148 | d_m=3.4065e-02
step  249 | acc=0.3030 | NZ=  1911 | sparsity=0.1153 | d_m=5.5151e-02
step  250 | acc=0.3030 | NZ=  1910 | sparsity=0.1157 | d_m=6.1885e-02
step  251 | acc=0.3030 | NZ=  1909 | sparsity=0.1162 | d_m=3.9120e-02
step  252 | acc=0.3030 | NZ=  1908 | sparsity=0.1167 | d_m=3.6855e-02
step  253 | acc=0.3030 | NZ=  1907 | sparsity=0.1171 | d_m=3.7485e-02
step  254 | acc=0.3030 | NZ=  1906 | sparsity=0.1176 | d_m=3.6419e-02
step  255 | acc=0.3030 | NZ=  1905 | sparsity=0.1181 | d_m=4.1889e-02
step  256 | acc=0.3030 | NZ=  1904 | sparsity=0.1185 | d_m=5.0831e-02
step  257 | acc=0.3020 | NZ=  1903 | sparsity=0.1190 | d_m=4.2243e-02
step  258 | acc=0.3020 | NZ=  1902 | sparsity=0.1194 | d_m=4.6683e-02
step  259 | acc=0.3020 | NZ=  1901 | sparsity=0.1199 | d_m=3.7120e-02
step  260 | acc=0.3020 | NZ=  1900 | sparsity=0.1204 | d_m=5.5477e-02
step  261 | acc=0.3020 | NZ=  1899 | sparsity=0.1208 | d_m=4.1608e-02
step  262 | acc=0.3020 | NZ=  1898 | sparsity=0.1213 | d_m=5.9566e-02
step  263 | acc=0.3020 | NZ=  1897 | sparsity=0.1218 | d_m=3.7570e-02
step  264 | acc=0.3020 | NZ=  1896 | sparsity=0.1222 | d_m=5.1105e-02
step  265 | acc=0.3020 | NZ=  1895 | sparsity=0.1227 | d_m=4.4051e-02
step  266 | acc=0.3020 | NZ=  1894 | sparsity=0.1231 | d_m=4.8949e-02
step  267 | acc=0.3020 | NZ=  1893 | sparsity=0.1236 | d_m=3.9163e-02
step  268 | acc=0.3020 | NZ=  1892 | sparsity=0.1241 | d_m=5.1234e-02
step  269 | acc=0.3020 | NZ=  1891 | sparsity=0.1245 | d_m=4.0989e-02
step  270 | acc=0.3020 | NZ=  1890 | sparsity=0.1250 | d_m=5.4043e-02
step  271 | acc=0.3020 | NZ=  1889 | sparsity=0.1255 | d_m=4.9990e-02
step  272 | acc=0.3020 | NZ=  1888 | sparsity=0.1259 | d_m=4.2191e-02
step  273 | acc=0.3020 | NZ=  1887 | sparsity=0.1264 | d_m=4.1975e-02
step  274 | acc=0.3020 | NZ=  1886 | sparsity=0.1269 | d_m=4.2069e-02
step  275 | acc=0.3020 | NZ=  1885 | sparsity=0.1273 | d_m=4.0593e-02
step  276 | acc=0.3020 | NZ=  1884 | sparsity=0.1278 | d_m=6.1325e-02
step  277 | acc=0.3020 | NZ=  1883 | sparsity=0.1282 | d_m=7.5758e-02
step  278 | acc=0.3020 | NZ=  1882 | sparsity=0.1287 | d_m=8.2509e-02
step  279 | acc=0.3020 | NZ=  1881 | sparsity=0.1292 | d_m=4.8952e-02
step  280 | acc=0.3020 | NZ=  1880 | sparsity=0.1296 | d_m=4.6266e-02
step  281 | acc=0.3020 | NZ=  1879 | sparsity=0.1301 | d_m=4.7003e-02
step  282 | acc=0.3020 | NZ=  1878 | sparsity=0.1306 | d_m=4.7308e-02
step  283 | acc=0.3020 | NZ=  1877 | sparsity=0.1310 | d_m=4.8651e-02
step  284 | acc=0.3020 | NZ=  1876 | sparsity=0.1315 | d_m=7.1467e-02
step  285 | acc=0.3020 | NZ=  1875 | sparsity=0.1319 | d_m=5.7338e-02
step  286 | acc=0.3020 | NZ=  1874 | sparsity=0.1324 | d_m=5.0186e-02
step  287 | acc=0.3020 | NZ=  1873 | sparsity=0.1329 | d_m=4.7504e-02
step  288 | acc=0.3020 | NZ=  1872 | sparsity=0.1333 | d_m=4.8881e-02
step  289 | acc=0.3020 | NZ=  1871 | sparsity=0.1338 | d_m=4.8456e-02
step  290 | acc=0.3020 | NZ=  1870 | sparsity=0.1343 | d_m=5.0528e-02
step  291 | acc=0.3020 | NZ=  1869 | sparsity=0.1347 | d_m=5.2925e-02
step  292 | acc=0.3020 | NZ=  1868 | sparsity=0.1352 | d_m=5.2786e-02
step  293 | acc=0.3020 | NZ=  1867 | sparsity=0.1356 | d_m=5.1187e-02
step  294 | acc=0.3020 | NZ=  1866 | sparsity=0.1361 | d_m=7.4583e-02
step  295 | acc=0.3020 | NZ=  1865 | sparsity=0.1366 | d_m=6.3989e-02
step  296 | acc=0.3020 | NZ=  1864 | sparsity=0.1370 | d_m=4.8312e-02
step  297 | acc=0.3020 | NZ=  1863 | sparsity=0.1375 | d_m=5.6428e-02
step  298 | acc=0.3020 | NZ=  1862 | sparsity=0.1380 | d_m=8.0572e-02
step  299 | acc=0.3020 | NZ=  1861 | sparsity=0.1384 | d_m=5.2928e-02
step  300 | acc=0.3020 | NZ=  1860 | sparsity=0.1389 | d_m=5.5011e-02
step  301 | acc=0.3020 | NZ=  1859 | sparsity=0.1394 | d_m=5.4876e-02
step  302 | acc=0.3020 | NZ=  1858 | sparsity=0.1398 | d_m=5.3831e-02
step  303 | acc=0.3020 | NZ=  1857 | sparsity=0.1403 | d_m=7.9554e-02
step  304 | acc=0.3020 | NZ=  1856 | sparsity=0.1407 | d_m=6.2941e-02
step  305 | acc=0.3020 | NZ=  1855 | sparsity=0.1412 | d_m=5.9943e-02
step  306 | acc=0.3020 | NZ=  1854 | sparsity=0.1417 | d_m=5.6382e-02
step  307 | acc=0.3020 | NZ=  1853 | sparsity=0.1421 | d_m=5.6543e-02
step  308 | acc=0.3020 | NZ=  1852 | sparsity=0.1426 | d_m=5.9013e-02
step  309 | acc=0.3020 | NZ=  1851 | sparsity=0.1431 | d_m=6.1806e-02
step  310 | acc=0.3020 | NZ=  1850 | sparsity=0.1435 | d_m=6.4352e-02
step  311 | acc=0.3020 | NZ=  1849 | sparsity=0.1440 | d_m=9.4661e-02
step  312 | acc=0.3050 | NZ=  1848 | sparsity=0.1444 | d_m=8.1672e-02
step  313 | acc=0.3050 | NZ=  1847 | sparsity=0.1449 | d_m=6.2754e-02
step  314 | acc=0.3050 | NZ=  1846 | sparsity=0.1454 | d_m=6.6130e-02
step  315 | acc=0.3050 | NZ=  1845 | sparsity=0.1458 | d_m=6.5071e-02
step  316 | acc=0.3050 | NZ=  1844 | sparsity=0.1463 | d_m=6.6139e-02
step  317 | acc=0.3050 | NZ=  1843 | sparsity=0.1468 | d_m=7.4032e-02
step  318 | acc=0.3050 | NZ=  1842 | sparsity=0.1472 | d_m=7.3449e-02
step  319 | acc=0.3050 | NZ=  1841 | sparsity=0.1477 | d_m=7.2766e-02
step  320 | acc=0.3050 | NZ=  1840 | sparsity=0.1481 | d_m=6.9604e-02
step  321 | acc=0.3050 | NZ=  1839 | sparsity=0.1486 | d_m=7.8228e-02
step  322 | acc=0.3050 | NZ=  1838 | sparsity=0.1491 | d_m=7.3121e-02
step  323 | acc=0.3050 | NZ=  1837 | sparsity=0.1495 | d_m=7.5612e-02
step  324 | acc=0.3050 | NZ=  1836 | sparsity=0.1500 | d_m=1.0895e-01
step  325 | acc=0.3050 | NZ=  1835 | sparsity=0.1505 | d_m=9.9042e-02
step  326 | acc=0.3050 | NZ=  1834 | sparsity=0.1509 | d_m=1.0576e-01
step  327 | acc=0.3060 | NZ=  1833 | sparsity=0.1514 | d_m=9.1158e-02
step  328 | acc=0.3060 | NZ=  1832 | sparsity=0.1519 | d_m=8.6826e-02
step  329 | acc=0.3060 | NZ=  1831 | sparsity=0.1523 | d_m=8.6482e-02
step  330 | acc=0.3060 | NZ=  1830 | sparsity=0.1528 | d_m=7.9630e-02
step  331 | acc=0.3060 | NZ=  1829 | sparsity=0.1532 | d_m=7.9987e-02
step  332 | acc=0.3060 | NZ=  1828 | sparsity=0.1537 | d_m=8.1596e-02
step  333 | acc=0.3060 | NZ=  1827 | sparsity=0.1542 | d_m=1.2017e-01
step  334 | acc=0.3060 | NZ=  1826 | sparsity=0.1546 | d_m=8.3267e-02
step  335 | acc=0.3060 | NZ=  1825 | sparsity=0.1551 | d_m=1.2130e-01
step  336 | acc=0.3060 | NZ=  1824 | sparsity=0.1556 | d_m=8.8720e-02
step  337 | acc=0.3060 | NZ=  1823 | sparsity=0.1560 | d_m=8.7820e-02
step  338 | acc=0.3050 | NZ=  1822 | sparsity=0.1565 | d_m=8.6177e-02
step  339 | acc=0.3050 | NZ=  1821 | sparsity=0.1569 | d_m=9.0776e-02
step  340 | acc=0.3050 | NZ=  1820 | sparsity=0.1574 | d_m=8.7779e-02
step  341 | acc=0.3040 | NZ=  1819 | sparsity=0.1579 | d_m=9.4860e-02
step  342 | acc=0.3040 | NZ=  1818 | sparsity=0.1583 | d_m=1.0538e-01
step  343 | acc=0.3040 | NZ=  1817 | sparsity=0.1588 | d_m=9.4416e-02
step  344 | acc=0.3040 | NZ=  1816 | sparsity=0.1593 | d_m=9.0479e-02
step  345 | acc=0.3040 | NZ=  1815 | sparsity=0.1597 | d_m=8.7003e-02
step  346 | acc=0.3040 | NZ=  1814 | sparsity=0.1602 | d_m=9.3457e-02
step  347 | acc=0.3040 | NZ=  1813 | sparsity=0.1606 | d_m=9.0877e-02
step  348 | acc=0.3040 | NZ=  1812 | sparsity=0.1611 | d_m=9.3107e-02
step  349 | acc=0.3040 | NZ=  1811 | sparsity=0.1616 | d_m=9.2002e-02
step  350 | acc=0.3040 | NZ=  1810 | sparsity=0.1620 | d_m=1.3957e-01
step  351 | acc=0.3040 | NZ=  1809 | sparsity=0.1625 | d_m=9.9126e-02
step  352 | acc=0.3040 | NZ=  1808 | sparsity=0.1630 | d_m=8.8521e-02
step  353 | acc=0.3040 | NZ=  1807 | sparsity=0.1634 | d_m=9.1937e-02
step  354 | acc=0.3040 | NZ=  1806 | sparsity=0.1639 | d_m=1.3952e-01
step  355 | acc=0.3040 | NZ=  1805 | sparsity=0.1644 | d_m=1.0429e-01
step  356 | acc=0.3040 | NZ=  1804 | sparsity=0.1648 | d_m=8.6379e-02
step  357 | acc=0.3040 | NZ=  1803 | sparsity=0.1653 | d_m=8.6692e-02
step  358 | acc=0.3040 | NZ=  1802 | sparsity=0.1657 | d_m=8.9347e-02
step  359 | acc=0.3040 | NZ=  1801 | sparsity=0.1662 | d_m=9.1906e-02
step  360 | acc=0.3040 | NZ=  1800 | sparsity=0.1667 | d_m=1.1998e-01
step  361 | acc=0.3040 | NZ=  1799 | sparsity=0.1671 | d_m=9.8508e-02
step  362 | acc=0.3050 | NZ=  1798 | sparsity=0.1676 | d_m=9.4636e-02
step  363 | acc=0.3050 | NZ=  1797 | sparsity=0.1681 | d_m=9.3283e-02
step  364 | acc=0.3050 | NZ=  1796 | sparsity=0.1685 | d_m=9.7255e-02
step  365 | acc=0.3050 | NZ=  1795 | sparsity=0.1690 | d_m=1.0040e-01
step  366 | acc=0.3050 | NZ=  1794 | sparsity=0.1694 | d_m=1.0412e-01
step  367 | acc=0.3050 | NZ=  1793 | sparsity=0.1699 | d_m=1.0131e-01
step  368 | acc=0.3050 | NZ=  1792 | sparsity=0.1704 | d_m=1.0397e-01
step  369 | acc=0.3050 | NZ=  1791 | sparsity=0.1708 | d_m=1.0210e-01
step  370 | acc=0.3050 | NZ=  1790 | sparsity=0.1713 | d_m=1.1204e-01
step  371 | acc=0.3050 | NZ=  1789 | sparsity=0.1718 | d_m=1.5164e-01
step  372 | acc=0.3050 | NZ=  1788 | sparsity=0.1722 | d_m=1.6336e-01
step  373 | acc=0.3050 | NZ=  1787 | sparsity=0.1727 | d_m=1.5562e-01
step  374 | acc=0.3050 | NZ=  1786 | sparsity=0.1731 | d_m=2.0897e-01
step  375 | acc=0.3050 | NZ=  1785 | sparsity=0.1736 | d_m=1.5630e-01
step  376 | acc=0.3050 | NZ=  1784 | sparsity=0.1741 | d_m=1.5064e-01
step  377 | acc=0.3060 | NZ=  1783 | sparsity=0.1745 | d_m=1.5744e-01
step  378 | acc=0.3060 | NZ=  1782 | sparsity=0.1750 | d_m=1.6275e-01
step  379 | acc=0.3060 | NZ=  1781 | sparsity=0.1755 | d_m=1.7956e-01
step  380 | acc=0.3060 | NZ=  1780 | sparsity=0.1759 | d_m=1.7250e-01
step  381 | acc=0.3060 | NZ=  1779 | sparsity=0.1764 | d_m=1.8936e-01
step  382 | acc=0.3060 | NZ=  1778 | sparsity=0.1769 | d_m=1.8091e-01
step  383 | acc=0.3040 | NZ=  1777 | sparsity=0.1773 | d_m=1.6926e-01
step  384 | acc=0.3040 | NZ=  1776 | sparsity=0.1778 | d_m=1.7719e-01
step  385 | acc=0.3040 | NZ=  1775 | sparsity=0.1782 | d_m=1.9329e-01
step  386 | acc=0.3040 | NZ=  1774 | sparsity=0.1787 | d_m=1.8132e-01
step  387 | acc=0.3040 | NZ=  1773 | sparsity=0.1792 | d_m=1.6936e-01
step  388 | acc=0.3040 | NZ=  1772 | sparsity=0.1796 | d_m=1.7773e-01
step  389 | acc=0.3040 | NZ=  1771 | sparsity=0.1801 | d_m=2.0050e-01
step  390 | acc=0.3050 | NZ=  1770 | sparsity=0.1806 | d_m=1.8683e-01
step  391 | acc=0.3060 | NZ=  1769 | sparsity=0.1810 | d_m=1.7097e-01
step  392 | acc=0.3070 | NZ=  1768 | sparsity=0.1815 | d_m=1.7834e-01
step  393 | acc=0.3070 | NZ=  1767 | sparsity=0.1819 | d_m=1.8648e-01
step  394 | acc=0.3070 | NZ=  1766 | sparsity=0.1824 | d_m=1.7712e-01
step  395 | acc=0.3070 | NZ=  1765 | sparsity=0.1829 | d_m=1.9887e-01
step  396 | acc=0.3070 | NZ=  1764 | sparsity=0.1833 | d_m=1.8904e-01
step  397 | acc=0.3070 | NZ=  1763 | sparsity=0.1838 | d_m=1.8620e-01
step  398 | acc=0.3070 | NZ=  1762 | sparsity=0.1843 | d_m=1.7257e-01
step  399 | acc=0.3070 | NZ=  1761 | sparsity=0.1847 | d_m=1.6159e-01
step  400 | acc=0.3070 | NZ=  1760 | sparsity=0.1852 | d_m=1.7931e-01
step  401 | acc=0.3070 | NZ=  1759 | sparsity=0.1856 | d_m=2.3167e-01
step  402 | acc=0.3060 | NZ=  1758 | sparsity=0.1861 | d_m=2.0387e-01
step  403 | acc=0.3060 | NZ=  1757 | sparsity=0.1866 | d_m=1.8921e-01
step  404 | acc=0.3060 | NZ=  1756 | sparsity=0.1870 | d_m=2.0483e-01
step  405 | acc=0.3060 | NZ=  1755 | sparsity=0.1875 | d_m=2.1608e-01
step  406 | acc=0.3060 | NZ=  1754 | sparsity=0.1880 | d_m=2.1966e-01
step  407 | acc=0.3060 | NZ=  1753 | sparsity=0.1884 | d_m=2.1682e-01
step  408 | acc=0.3060 | NZ=  1752 | sparsity=0.1889 | d_m=2.1219e-01
step  409 | acc=0.3060 | NZ=  1751 | sparsity=0.1894 | d_m=2.2241e-01
step  410 | acc=0.3060 | NZ=  1750 | sparsity=0.1898 | d_m=2.2421e-01
step  411 | acc=0.3060 | NZ=  1749 | sparsity=0.1903 | d_m=2.1258e-01
step  412 | acc=0.3060 | NZ=  1748 | sparsity=0.1907 | d_m=2.1992e-01
step  413 | acc=0.3060 | NZ=  1747 | sparsity=0.1912 | d_m=2.5069e-01
step  414 | acc=0.3060 | NZ=  1746 | sparsity=0.1917 | d_m=2.2311e-01
step  415 | acc=0.3060 | NZ=  1745 | sparsity=0.1921 | d_m=2.3330e-01
step  416 | acc=0.3060 | NZ=  1744 | sparsity=0.1926 | d_m=2.3122e-01
step  417 | acc=0.3060 | NZ=  1743 | sparsity=0.1931 | d_m=2.2556e-01
step  418 | acc=0.3060 | NZ=  1742 | sparsity=0.1935 | d_m=2.1854e-01
step  419 | acc=0.3060 | NZ=  1741 | sparsity=0.1940 | d_m=2.5270e-01
step  420 | acc=0.3060 | NZ=  1740 | sparsity=0.1944 | d_m=2.4016e-01
step  421 | acc=0.3060 | NZ=  1739 | sparsity=0.1949 | d_m=2.7097e-01
step  422 | acc=0.3060 | NZ=  1738 | sparsity=0.1954 | d_m=2.2021e-01
step  423 | acc=0.3060 | NZ=  1737 | sparsity=0.1958 | d_m=2.0778e-01
step  424 | acc=0.3060 | NZ=  1736 | sparsity=0.1963 | d_m=2.6375e-01
step  425 | acc=0.3060 | NZ=  1735 | sparsity=0.1968 | d_m=2.1801e-01
step  426 | acc=0.3060 | NZ=  1734 | sparsity=0.1972 | d_m=2.1646e-01
step  427 | acc=0.3060 | NZ=  1733 | sparsity=0.1977 | d_m=2.1727e-01
step  428 | acc=0.3060 | NZ=  1732 | sparsity=0.1981 | d_m=2.0963e-01
step  429 | acc=0.3060 | NZ=  1731 | sparsity=0.1986 | d_m=2.0620e-01
step  430 | acc=0.3060 | NZ=  1730 | sparsity=0.1991 | d_m=2.2762e-01
step  431 | acc=0.3060 | NZ=  1729 | sparsity=0.1995 | d_m=2.1131e-01
step  432 | acc=0.3060 | NZ=  1728 | sparsity=0.2000 | d_m=2.1130e-01
step  433 | acc=0.3060 | NZ=  1727 | sparsity=0.2005 | d_m=2.5157e-01
step  434 | acc=0.3060 | NZ=  1726 | sparsity=0.2009 | d_m=2.0894e-01
step  435 | acc=0.3060 | NZ=  1725 | sparsity=0.2014 | d_m=2.1304e-01
step  436 | acc=0.3060 | NZ=  1724 | sparsity=0.2019 | d_m=2.2469e-01
step  437 | acc=0.3060 | NZ=  1723 | sparsity=0.2023 | d_m=2.3881e-01
step  438 | acc=0.3060 | NZ=  1722 | sparsity=0.2028 | d_m=2.1165e-01
step  439 | acc=0.3060 | NZ=  1721 | sparsity=0.2032 | d_m=2.1318e-01
step  440 | acc=0.3060 | NZ=  1720 | sparsity=0.2037 | d_m=2.0890e-01
step  441 | acc=0.3060 | NZ=  1719 | sparsity=0.2042 | d_m=2.5034e-01
step  442 | acc=0.3050 | NZ=  1718 | sparsity=0.2046 | d_m=2.1495e-01
step  443 | acc=0.3050 | NZ=  1717 | sparsity=0.2051 | d_m=1.9976e-01
step  444 | acc=0.3050 | NZ=  1716 | sparsity=0.2056 | d_m=2.0649e-01
step  445 | acc=0.3050 | NZ=  1715 | sparsity=0.2060 | d_m=1.9640e-01
step  446 | acc=0.3050 | NZ=  1714 | sparsity=0.2065 | d_m=2.0659e-01
step  447 | acc=0.3050 | NZ=  1713 | sparsity=0.2069 | d_m=2.4307e-01
step  448 | acc=0.3050 | NZ=  1712 | sparsity=0.2074 | d_m=2.1477e-01
step  449 | acc=0.3050 | NZ=  1711 | sparsity=0.2079 | d_m=2.0272e-01
step  450 | acc=0.3050 | NZ=  1710 | sparsity=0.2083 | d_m=1.9890e-01
step  451 | acc=0.3050 | NZ=  1709 | sparsity=0.2088 | d_m=2.0122e-01
step  452 | acc=0.3050 | NZ=  1708 | sparsity=0.2093 | d_m=2.0228e-01
step  453 | acc=0.3050 | NZ=  1707 | sparsity=0.2097 | d_m=2.0997e-01
step  454 | acc=0.3050 | NZ=  1706 | sparsity=0.2102 | d_m=2.1397e-01
step  455 | acc=0.3050 | NZ=  1705 | sparsity=0.2106 | d_m=2.0884e-01
step  456 | acc=0.3050 | NZ=  1704 | sparsity=0.2111 | d_m=2.0518e-01
step  457 | acc=0.3050 | NZ=  1703 | sparsity=0.2116 | d_m=2.7085e-01
step  458 | acc=0.3050 | NZ=  1702 | sparsity=0.2120 | d_m=2.2202e-01
step  459 | acc=0.3050 | NZ=  1701 | sparsity=0.2125 | d_m=2.4323e-01
step  460 | acc=0.3050 | NZ=  1700 | sparsity=0.2130 | d_m=2.3422e-01
step  461 | acc=0.3050 | NZ=  1699 | sparsity=0.2134 | d_m=2.2361e-01
step  462 | acc=0.3050 | NZ=  1698 | sparsity=0.2139 | d_m=2.5007e-01
step  463 | acc=0.3050 | NZ=  1697 | sparsity=0.2144 | d_m=1.9982e-01
step  464 | acc=0.3040 | NZ=  1696 | sparsity=0.2148 | d_m=2.0592e-01
step  465 | acc=0.3050 | NZ=  1695 | sparsity=0.2153 | d_m=2.4331e-01
step  466 | acc=0.3040 | NZ=  1694 | sparsity=0.2157 | d_m=1.9839e-01
step  467 | acc=0.3050 | NZ=  1693 | sparsity=0.2162 | d_m=1.9954e-01
step  468 | acc=0.3050 | NZ=  1692 | sparsity=0.2167 | d_m=2.1150e-01
step  469 | acc=0.3050 | NZ=  1691 | sparsity=0.2171 | d_m=2.3899e-01
step  470 | acc=0.3050 | NZ=  1690 | sparsity=0.2176 | d_m=2.0670e-01
step  471 | acc=0.3050 | NZ=  1689 | sparsity=0.2181 | d_m=2.0222e-01
step  472 | acc=0.3050 | NZ=  1688 | sparsity=0.2185 | d_m=2.2905e-01
step  473 | acc=0.3050 | NZ=  1687 | sparsity=0.2190 | d_m=2.6790e-01
step  474 | acc=0.3050 | NZ=  1686 | sparsity=0.2194 | d_m=2.3829e-01
step  475 | acc=0.3050 | NZ=  1685 | sparsity=0.2199 | d_m=1.9650e-01
step  476 | acc=0.3050 | NZ=  1684 | sparsity=0.2204 | d_m=2.0094e-01
step  477 | acc=0.3050 | NZ=  1683 | sparsity=0.2208 | d_m=2.0050e-01
step  478 | acc=0.3050 | NZ=  1682 | sparsity=0.2213 | d_m=1.9538e-01
step  479 | acc=0.3050 | NZ=  1681 | sparsity=0.2218 | d_m=1.9519e-01
step  480 | acc=0.3050 | NZ=  1680 | sparsity=0.2222 | d_m=1.9088e-01
step  481 | acc=0.3050 | NZ=  1679 | sparsity=0.2227 | d_m=2.0218e-01
step  482 | acc=0.3050 | NZ=  1678 | sparsity=0.2231 | d_m=2.0656e-01
step  483 | acc=0.3060 | NZ=  1677 | sparsity=0.2236 | d_m=2.1455e-01
step  484 | acc=0.3060 | NZ=  1676 | sparsity=0.2241 | d_m=2.2436e-01
step  485 | acc=0.3060 | NZ=  1675 | sparsity=0.2245 | d_m=2.2539e-01
step  486 | acc=0.3060 | NZ=  1674 | sparsity=0.2250 | d_m=2.3028e-01
step  487 | acc=0.3060 | NZ=  1673 | sparsity=0.2255 | d_m=2.3047e-01
step  488 | acc=0.3060 | NZ=  1672 | sparsity=0.2259 | d_m=2.3234e-01
step  489 | acc=0.3060 | NZ=  1671 | sparsity=0.2264 | d_m=3.1992e-01
step  490 | acc=0.3060 | NZ=  1670 | sparsity=0.2269 | d_m=2.4691e-01
step  491 | acc=0.3060 | NZ=  1669 | sparsity=0.2273 | d_m=2.6022e-01
step  492 | acc=0.3060 | NZ=  1668 | sparsity=0.2278 | d_m=2.2690e-01
step  493 | acc=0.3060 | NZ=  1667 | sparsity=0.2282 | d_m=2.1854e-01
step  494 | acc=0.3060 | NZ=  1666 | sparsity=0.2287 | d_m=2.1643e-01
step  495 | acc=0.3060 | NZ=  1665 | sparsity=0.2292 | d_m=2.3033e-01
step  496 | acc=0.3060 | NZ=  1664 | sparsity=0.2296 | d_m=2.3524e-01
step  497 | acc=0.3060 | NZ=  1663 | sparsity=0.2301 | d_m=2.4326e-01
step  498 | acc=0.3060 | NZ=  1662 | sparsity=0.2306 | d_m=2.4374e-01
step  499 | acc=0.3060 | NZ=  1661 | sparsity=0.2310 | d_m=2.3785e-01
Sparsification log saved to: /home/simon/repos/onnxmlir-pim-sparsify/artifacts/e06_act_tanh/sparsified/sparsification_log.csv
[14:54:47]   sparsify: done
[14:54:47] --- e06_act_sigmoid ---
[14:54:47]   train: starting
Output folder: /home/simon/repos/onnxmlir-pim-sparsify/artifacts/e06_act_sigmoid
Data loaded.
	X_train.shape = (10000, 196)
	X_test.shape  = (1000, 196)
Topology: [196, 10, 10, 10]
Training loop started
---------------------------------------------------------
	Epoch 0 of 1000 in 0.43 sec
	Train acc 0.10210 | Test acc 0.08700
---------------------------------------------------------
	Epoch 100 of 1000 in 0.00 sec
	Train acc 0.11070 | Test acc 0.12600
---------------------------------------------------------
	Epoch 200 of 1000 in 0.00 sec
	Train acc 0.11070 | Test acc 0.12600
---------------------------------------------------------
	Epoch 300 of 1000 in 0.00 sec
	Train acc 0.11070 | Test acc 0.12600
---------------------------------------------------------
	Epoch 400 of 1000 in 0.00 sec
	Train acc 0.11070 | Test acc 0.12600
---------------------------------------------------------
	Epoch 500 of 1000 in 0.00 sec
	Train acc 0.11070 | Test acc 0.12600
---------------------------------------------------------
	Epoch 600 of 1000 in 0.00 sec
	Train acc 0.11070 | Test acc 0.12600
---------------------------------------------------------
	Epoch 700 of 1000 in 0.00 sec
	Train acc 0.11070 | Test acc 0.12600
---------------------------------------------------------
	Epoch 800 of 1000 in 0.00 sec
	Train acc 0.11070 | Test acc 0.12600
---------------------------------------------------------
	Epoch 900 of 1000 in 0.00 sec
	Train acc 0.11070 | Test acc 0.12600
---------------------------------------------------------
Training log saved to: /home/simon/repos/onnxmlir-pim-sparsify/artifacts/e06_act_sigmoid/training_log.csv
Model saved to: /home/simon/repos/onnxmlir-pim-sparsify/artifacts/e06_act_sigmoid
[14:55:27]   train: done
[14:55:27]   sparsify: starting
Load the parameters from the folder
Found 3 layers in /home/simon/repos/onnxmlir-pim-sparsify/artifacts/e06_act_sigmoid
Accuracy in validation: 0.1260
Total parameters: 2160
Perturbation distance (sanity check): 2.8588e-05
Starting sparsification loop
At every iteration the network gets:
	 1. Pruned   — remove the least influential parameter
	 2. Adjusted — compensate via remaining parameters
step    0 | acc=0.1260 | NZ=  2160 | sparsity=0.0000 | d_m=0.0000e+00
step    1 | acc=0.1260 | NZ=  2159 | sparsity=0.0005 | d_m=0.0000e+00
step    2 | acc=0.1260 | NZ=  2158 | sparsity=0.0009 | d_m=0.0000e+00
step    3 | acc=0.1260 | NZ=  2157 | sparsity=0.0014 | d_m=0.0000e+00
step    4 | acc=0.1260 | NZ=  2156 | sparsity=0.0019 | d_m=0.0000e+00
step    5 | acc=0.1260 | NZ=  2155 | sparsity=0.0023 | d_m=0.0000e+00
step    6 | acc=0.1260 | NZ=  2154 | sparsity=0.0028 | d_m=0.0000e+00
step    7 | acc=0.1260 | NZ=  2153 | sparsity=0.0032 | d_m=0.0000e+00
step    8 | acc=0.1260 | NZ=  2152 | sparsity=0.0037 | d_m=0.0000e+00
step    9 | acc=0.1260 | NZ=  2151 | sparsity=0.0042 | d_m=0.0000e+00
step   10 | acc=0.1260 | NZ=  2150 | sparsity=0.0046 | d_m=0.0000e+00
step   11 | acc=0.1260 | NZ=  2149 | sparsity=0.0051 | d_m=0.0000e+00
step   12 | acc=0.1260 | NZ=  2148 | sparsity=0.0056 | d_m=0.0000e+00
step   13 | acc=0.1260 | NZ=  2147 | sparsity=0.0060 | d_m=0.0000e+00
step   14 | acc=0.1260 | NZ=  2146 | sparsity=0.0065 | d_m=0.0000e+00
step   15 | acc=0.1260 | NZ=  2145 | sparsity=0.0069 | d_m=0.0000e+00
step   16 | acc=0.1260 | NZ=  2144 | sparsity=0.0074 | d_m=0.0000e+00
step   17 | acc=0.1260 | NZ=  2143 | sparsity=0.0079 | d_m=0.0000e+00
step   18 | acc=0.1260 | NZ=  2142 | sparsity=0.0083 | d_m=0.0000e+00
step   19 | acc=0.1260 | NZ=  2141 | sparsity=0.0088 | d_m=0.0000e+00
step   20 | acc=0.1260 | NZ=  2140 | sparsity=0.0093 | d_m=0.0000e+00
step   21 | acc=0.1260 | NZ=  2139 | sparsity=0.0097 | d_m=0.0000e+00
step   22 | acc=0.1260 | NZ=  2138 | sparsity=0.0102 | d_m=0.0000e+00
step   23 | acc=0.1260 | NZ=  2137 | sparsity=0.0106 | d_m=0.0000e+00
step   24 | acc=0.1260 | NZ=  2136 | sparsity=0.0111 | d_m=0.0000e+00
step   25 | acc=0.1260 | NZ=  2135 | sparsity=0.0116 | d_m=0.0000e+00
step   26 | acc=0.1260 | NZ=  2134 | sparsity=0.0120 | d_m=1.7053e-13
step   27 | acc=0.1260 | NZ=  2133 | sparsity=0.0125 | d_m=4.5475e-13
step   28 | acc=0.1260 | NZ=  2132 | sparsity=0.0130 | d_m=1.1369e-13
step   29 | acc=0.1260 | NZ=  2131 | sparsity=0.0134 | d_m=4.5475e-13
step   30 | acc=0.1260 | NZ=  2130 | sparsity=0.0139 | d_m=4.5475e-13
step   31 | acc=0.1260 | NZ=  2129 | sparsity=0.0144 | d_m=4.5475e-13
step   32 | acc=0.1260 | NZ=  2128 | sparsity=0.0148 | d_m=4.5475e-13
step   33 | acc=0.1260 | NZ=  2127 | sparsity=0.0153 | d_m=4.5475e-13
step   34 | acc=0.1260 | NZ=  2126 | sparsity=0.0157 | d_m=1.1369e-13
step   35 | acc=0.1260 | NZ=  2125 | sparsity=0.0162 | d_m=4.5475e-13
step   36 | acc=0.1260 | NZ=  2124 | sparsity=0.0167 | d_m=4.5475e-13
step   37 | acc=0.1260 | NZ=  2123 | sparsity=0.0171 | d_m=4.5475e-13
step   38 | acc=0.1260 | NZ=  2122 | sparsity=0.0176 | d_m=4.5475e-13
step   39 | acc=0.1260 | NZ=  2121 | sparsity=0.0181 | d_m=4.5475e-13
step   40 | acc=0.1260 | NZ=  2120 | sparsity=0.0185 | d_m=4.5475e-13
step   41 | acc=0.1260 | NZ=  2119 | sparsity=0.0190 | d_m=4.5475e-13
step   42 | acc=0.1260 | NZ=  2118 | sparsity=0.0194 | d_m=4.5475e-13
step   43 | acc=0.1260 | NZ=  2117 | sparsity=0.0199 | d_m=4.5475e-13
step   44 | acc=0.1260 | NZ=  2116 | sparsity=0.0204 | d_m=1.1369e-13
step   45 | acc=0.1260 | NZ=  2115 | sparsity=0.0208 | d_m=4.5475e-13
step   46 | acc=0.1260 | NZ=  2114 | sparsity=0.0213 | d_m=4.5475e-13
step   47 | acc=0.1260 | NZ=  2113 | sparsity=0.0218 | d_m=4.5475e-13
step   48 | acc=0.1260 | NZ=  2112 | sparsity=0.0222 | d_m=5.1159e-13
step   49 | acc=0.1260 | NZ=  2111 | sparsity=0.0227 | d_m=4.5475e-13
step   50 | acc=0.1260 | NZ=  2110 | sparsity=0.0231 | d_m=5.1159e-13
step   51 | acc=0.1260 | NZ=  2109 | sparsity=0.0236 | d_m=5.1159e-13
step   52 | acc=0.1260 | NZ=  2108 | sparsity=0.0241 | d_m=5.1159e-13
step   53 | acc=0.1260 | NZ=  2107 | sparsity=0.0245 | d_m=5.1159e-13
step   54 | acc=0.1260 | NZ=  2106 | sparsity=0.0250 | d_m=5.1159e-13
step   55 | acc=0.1260 | NZ=  2105 | sparsity=0.0255 | d_m=5.1159e-13
step   56 | acc=0.1260 | NZ=  2104 | sparsity=0.0259 | d_m=4.5475e-13
step   57 | acc=0.1260 | NZ=  2103 | sparsity=0.0264 | d_m=5.1159e-13
step   58 | acc=0.1260 | NZ=  2102 | sparsity=0.0269 | d_m=4.5475e-13
step   59 | acc=0.1260 | NZ=  2101 | sparsity=0.0273 | d_m=5.1159e-13
step   60 | acc=0.1260 | NZ=  2100 | sparsity=0.0278 | d_m=4.5475e-13
step   61 | acc=0.1260 | NZ=  2099 | sparsity=0.0282 | d_m=5.1159e-13
step   62 | acc=0.1260 | NZ=  2098 | sparsity=0.0287 | d_m=1.6485e-12
step   63 | acc=0.1260 | NZ=  2097 | sparsity=0.0292 | d_m=1.6485e-12
step   64 | acc=0.1260 | NZ=  2096 | sparsity=0.0296 | d_m=1.7053e-12
step   65 | acc=0.1260 | NZ=  2095 | sparsity=0.0301 | d_m=1.7053e-12
step   66 | acc=0.1260 | NZ=  2094 | sparsity=0.0306 | d_m=1.1369e-12
step   67 | acc=0.1260 | NZ=  2093 | sparsity=0.0310 | d_m=1.1369e-12
step   68 | acc=0.1260 | NZ=  2092 | sparsity=0.0315 | d_m=1.3642e-12
step   69 | acc=0.1260 | NZ=  2091 | sparsity=0.0319 | d_m=7.3896e-13
step   70 | acc=0.1260 | NZ=  2090 | sparsity=0.0324 | d_m=1.3642e-12
step   71 | acc=0.1260 | NZ=  2089 | sparsity=0.0329 | d_m=1.1369e-12
step   72 | acc=0.1260 | NZ=  2088 | sparsity=0.0333 | d_m=1.3642e-12
step   73 | acc=0.1260 | NZ=  2087 | sparsity=0.0338 | d_m=1.3642e-12
step   74 | acc=0.1260 | NZ=  2086 | sparsity=0.0343 | d_m=1.6485e-12
step   75 | acc=0.1260 | NZ=  2085 | sparsity=0.0347 | d_m=2.2169e-12
step   76 | acc=0.1260 | NZ=  2084 | sparsity=0.0352 | d_m=1.7053e-12
step   77 | acc=0.1260 | NZ=  2083 | sparsity=0.0356 | d_m=1.6485e-12
step   78 | acc=0.1260 | NZ=  2082 | sparsity=0.0361 | d_m=0.0000e+00
step   79 | acc=0.1260 | NZ=  2081 | sparsity=0.0366 | d_m=0.0000e+00
step   80 | acc=0.1260 | NZ=  2080 | sparsity=0.0370 | d_m=0.0000e+00
step   81 | acc=0.1260 | NZ=  2079 | sparsity=0.0375 | d_m=5.6843e-13
step   82 | acc=0.1260 | NZ=  2078 | sparsity=0.0380 | d_m=0.0000e+00
step   83 | acc=0.1260 | NZ=  2077 | sparsity=0.0384 | d_m=0.0000e+00
step   84 | acc=0.1260 | NZ=  2076 | sparsity=0.0389 | d_m=0.0000e+00
step   85 | acc=0.1260 | NZ=  2075 | sparsity=0.0394 | d_m=5.6843e-13
step   86 | acc=0.1260 | NZ=  2074 | sparsity=0.0398 | d_m=5.6843e-13
step   87 | acc=0.1260 | NZ=  2073 | sparsity=0.0403 | d_m=5.6843e-13
step   88 | acc=0.1260 | NZ=  2072 | sparsity=0.0407 | d_m=5.6843e-13
step   89 | acc=0.1260 | NZ=  2071 | sparsity=0.0412 | d_m=5.6843e-13
step   90 | acc=0.1260 | NZ=  2070 | sparsity=0.0417 | d_m=5.6843e-13
step   91 | acc=0.1260 | NZ=  2069 | sparsity=0.0421 | d_m=5.6843e-13
step   92 | acc=0.1260 | NZ=  2068 | sparsity=0.0426 | d_m=5.6843e-13
step   93 | acc=0.1260 | NZ=  2067 | sparsity=0.0431 | d_m=0.0000e+00
step   94 | acc=0.1260 | NZ=  2066 | sparsity=0.0435 | d_m=0.0000e+00
step   95 | acc=0.1260 | NZ=  2065 | sparsity=0.0440 | d_m=0.0000e+00
step   96 | acc=0.1260 | NZ=  2064 | sparsity=0.0444 | d_m=0.0000e+00
step   97 | acc=0.1260 | NZ=  2063 | sparsity=0.0449 | d_m=0.0000e+00
step   98 | acc=0.1260 | NZ=  2062 | sparsity=0.0454 | d_m=0.0000e+00
step   99 | acc=0.1260 | NZ=  2061 | sparsity=0.0458 | d_m=0.0000e+00
step  100 | acc=0.1260 | NZ=  2060 | sparsity=0.0463 | d_m=0.0000e+00
step  101 | acc=0.1260 | NZ=  2059 | sparsity=0.0468 | d_m=0.0000e+00
step  102 | acc=0.1260 | NZ=  2058 | sparsity=0.0472 | d_m=0.0000e+00
step  103 | acc=0.1260 | NZ=  2057 | sparsity=0.0477 | d_m=0.0000e+00
step  104 | acc=0.1260 | NZ=  2056 | sparsity=0.0481 | d_m=0.0000e+00
step  105 | acc=0.1260 | NZ=  2055 | sparsity=0.0486 | d_m=0.0000e+00
step  106 | acc=0.1260 | NZ=  2054 | sparsity=0.0491 | d_m=0.0000e+00
step  107 | acc=0.1260 | NZ=  2053 | sparsity=0.0495 | d_m=0.0000e+00
step  108 | acc=0.1260 | NZ=  2052 | sparsity=0.0500 | d_m=0.0000e+00
step  109 | acc=0.1260 | NZ=  2051 | sparsity=0.0505 | d_m=0.0000e+00
step  110 | acc=0.1260 | NZ=  2050 | sparsity=0.0509 | d_m=0.0000e+00
step  111 | acc=0.1260 | NZ=  2049 | sparsity=0.0514 | d_m=0.0000e+00
step  112 | acc=0.1260 | NZ=  2048 | sparsity=0.0519 | d_m=0.0000e+00
step  113 | acc=0.1260 | NZ=  2047 | sparsity=0.0523 | d_m=0.0000e+00
step  114 | acc=0.1260 | NZ=  2046 | sparsity=0.0528 | d_m=0.0000e+00
step  115 | acc=0.1260 | NZ=  2045 | sparsity=0.0532 | d_m=6.8212e-13
step  116 | acc=0.1260 | NZ=  2044 | sparsity=0.0537 | d_m=0.0000e+00
step  117 | acc=0.1260 | NZ=  2043 | sparsity=0.0542 | d_m=0.0000e+00
step  118 | acc=0.1260 | NZ=  2042 | sparsity=0.0546 | d_m=6.8212e-13
step  119 | acc=0.1260 | NZ=  2041 | sparsity=0.0551 | d_m=6.8212e-13
step  120 | acc=0.1260 | NZ=  2040 | sparsity=0.0556 | d_m=0.0000e+00
step  121 | acc=0.1260 | NZ=  2039 | sparsity=0.0560 | d_m=0.0000e+00
step  122 | acc=0.1260 | NZ=  2038 | sparsity=0.0565 | d_m=0.0000e+00
step  123 | acc=0.1260 | NZ=  2037 | sparsity=0.0569 | d_m=0.0000e+00
step  124 | acc=0.1260 | NZ=  2036 | sparsity=0.0574 | d_m=0.0000e+00
step  125 | acc=0.1260 | NZ=  2035 | sparsity=0.0579 | d_m=0.0000e+00
step  126 | acc=0.1260 | NZ=  2034 | sparsity=0.0583 | d_m=0.0000e+00
step  127 | acc=0.1260 | NZ=  2033 | sparsity=0.0588 | d_m=0.0000e+00
step  128 | acc=0.1260 | NZ=  2032 | sparsity=0.0593 | d_m=0.0000e+00
step  129 | acc=0.1260 | NZ=  2031 | sparsity=0.0597 | d_m=5.1159e-13
step  130 | acc=0.1260 | NZ=  2030 | sparsity=0.0602 | d_m=5.1159e-13
step  131 | acc=0.1260 | NZ=  2029 | sparsity=0.0606 | d_m=0.0000e+00
step  132 | acc=0.1260 | NZ=  2028 | sparsity=0.0611 | d_m=5.6843e-13
step  133 | acc=0.1260 | NZ=  2027 | sparsity=0.0616 | d_m=5.6843e-14
step  134 | acc=0.1260 | NZ=  2026 | sparsity=0.0620 | d_m=5.6843e-13
step  135 | acc=0.1260 | NZ=  2025 | sparsity=0.0625 | d_m=5.6843e-14
step  136 | acc=0.1260 | NZ=  2024 | sparsity=0.0630 | d_m=5.6843e-13
step  137 | acc=0.1260 | NZ=  2023 | sparsity=0.0634 | d_m=0.0000e+00
step  138 | acc=0.1260 | NZ=  2022 | sparsity=0.0639 | d_m=0.0000e+00
step  139 | acc=0.1260 | NZ=  2021 | sparsity=0.0644 | d_m=0.0000e+00
step  140 | acc=0.1260 | NZ=  2020 | sparsity=0.0648 | d_m=5.1159e-13
step  141 | acc=0.1260 | NZ=  2019 | sparsity=0.0653 | d_m=2.3306e-12
step  142 | acc=0.1260 | NZ=  2018 | sparsity=0.0657 | d_m=1.8190e-12
step  143 | acc=0.1260 | NZ=  2017 | sparsity=0.0662 | d_m=1.8190e-12
step  144 | acc=0.1260 | NZ=  2016 | sparsity=0.0667 | d_m=3.0695e-12
step  145 | acc=0.1260 | NZ=  2015 | sparsity=0.0671 | d_m=1.8190e-12
step  146 | acc=0.1260 | NZ=  2014 | sparsity=0.0676 | d_m=1.9327e-12
step  147 | acc=0.1260 | NZ=  2013 | sparsity=0.0681 | d_m=3.2969e-12
step  148 | acc=0.1260 | NZ=  2012 | sparsity=0.0685 | d_m=2.3306e-12
step  149 | acc=0.1260 | NZ=  2011 | sparsity=0.0690 | d_m=3.2401e-12
step  150 | acc=0.1260 | NZ=  2010 | sparsity=0.0694 | d_m=1.8190e-12
step  151 | acc=0.1260 | NZ=  2009 | sparsity=0.0699 | d_m=1.8758e-12
step  152 | acc=0.1260 | NZ=  2008 | sparsity=0.0704 | d_m=3.0695e-12
step  153 | acc=0.1260 | NZ=  2007 | sparsity=0.0708 | d_m=1.8190e-12
step  154 | acc=0.1260 | NZ=  2006 | sparsity=0.0713 | d_m=3.2401e-12
step  155 | acc=0.1260 | NZ=  2005 | sparsity=0.0718 | d_m=3.5811e-12
step  156 | acc=0.1260 | NZ=  2004 | sparsity=0.0722 | d_m=1.8758e-12
step  157 | acc=0.1260 | NZ=  2003 | sparsity=0.0727 | d_m=4.4338e-12
step  158 | acc=0.1260 | NZ=  2002 | sparsity=0.0731 | d_m=2.6148e-12
step  159 | acc=0.1260 | NZ=  2001 | sparsity=0.0736 | d_m=2.5011e-12
step  160 | acc=0.1260 | NZ=  2000 | sparsity=0.0741 | d_m=4.6043e-12
step  161 | acc=0.1260 | NZ=  1999 | sparsity=0.0745 | d_m=2.6148e-12
step  162 | acc=0.1260 | NZ=  1998 | sparsity=0.0750 | d_m=3.2401e-12
step  163 | acc=0.1260 | NZ=  1997 | sparsity=0.0755 | d_m=2.7285e-12
step  164 | acc=0.1260 | NZ=  1996 | sparsity=0.0759 | d_m=1.8758e-12
step  165 | acc=0.1260 | NZ=  1995 | sparsity=0.0764 | d_m=3.2401e-12
step  166 | acc=0.1260 | NZ=  1994 | sparsity=0.0769 | d_m=3.4106e-12
step  167 | acc=0.1260 | NZ=  1993 | sparsity=0.0773 | d_m=2.6148e-12
step  168 | acc=0.1260 | NZ=  1992 | sparsity=0.0778 | d_m=2.5011e-12
step  169 | acc=0.1260 | NZ=  1991 | sparsity=0.0782 | d_m=1.8758e-12
step  170 | acc=0.1260 | NZ=  1990 | sparsity=0.0787 | d_m=2.6148e-12
step  171 | acc=0.1260 | NZ=  1989 | sparsity=0.0792 | d_m=3.0695e-12
step  172 | acc=0.1260 | NZ=  1988 | sparsity=0.0796 | d_m=1.8190e-12
step  173 | acc=0.1260 | NZ=  1987 | sparsity=0.0801 | d_m=2.1600e-12
step  174 | acc=0.1260 | NZ=  1986 | sparsity=0.0806 | d_m=6.7644e-12
step  175 | acc=0.1260 | NZ=  1985 | sparsity=0.0810 | d_m=1.9895e-12
step  176 | acc=0.1260 | NZ=  1984 | sparsity=0.0815 | d_m=3.2969e-12
step  177 | acc=0.1260 | NZ=  1983 | sparsity=0.0819 | d_m=2.6148e-12
step  178 | acc=0.1260 | NZ=  1982 | sparsity=0.0824 | d_m=3.3538e-12
step  179 | acc=0.1260 | NZ=  1981 | sparsity=0.0829 | d_m=2.6148e-12
step  180 | acc=0.1260 | NZ=  1980 | sparsity=0.0833 | d_m=2.8990e-12
step  181 | acc=0.1260 | NZ=  1979 | sparsity=0.0838 | d_m=2.3874e-12
step  182 | acc=0.1260 | NZ=  1978 | sparsity=0.0843 | d_m=2.7285e-12
step  183 | acc=0.1260 | NZ=  1977 | sparsity=0.0847 | d_m=3.5811e-12
step  184 | acc=0.1260 | NZ=  1976 | sparsity=0.0852 | d_m=4.0927e-12
step  185 | acc=0.1260 | NZ=  1975 | sparsity=0.0856 | d_m=2.0464e-12
step  186 | acc=0.1260 | NZ=  1974 | sparsity=0.0861 | d_m=3.0695e-12
step  187 | acc=0.1260 | NZ=  1973 | sparsity=0.0866 | d_m=1.8758e-12
step  188 | acc=0.1260 | NZ=  1972 | sparsity=0.0870 | d_m=1.9895e-12
step  189 | acc=0.1260 | NZ=  1971 | sparsity=0.0875 | d_m=3.3538e-12
step  190 | acc=0.1260 | NZ=  1970 | sparsity=0.0880 | d_m=1.8190e-12
step  191 | acc=0.1260 | NZ=  1969 | sparsity=0.0884 | d_m=2.8422e-12
step  192 | acc=0.1260 | NZ=  1968 | sparsity=0.0889 | d_m=6.7075e-12
step  193 | acc=0.1260 | NZ=  1967 | sparsity=0.0894 | d_m=1.8190e-12
step  194 | acc=0.1260 | NZ=  1966 | sparsity=0.0898 | d_m=2.4443e-12
step  195 | acc=0.1260 | NZ=  1965 | sparsity=0.0903 | d_m=3.1264e-12
step  196 | acc=0.1260 | NZ=  1964 | sparsity=0.0907 | d_m=6.1391e-12
step  197 | acc=0.1260 | NZ=  1963 | sparsity=0.0912 | d_m=1.8190e-12
step  198 | acc=0.1260 | NZ=  1962 | sparsity=0.0917 | d_m=1.8190e-12
step  199 | acc=0.1260 | NZ=  1961 | sparsity=0.0921 | d_m=1.8190e-12
step  200 | acc=0.1260 | NZ=  1960 | sparsity=0.0926 | d_m=1.8190e-12
step  201 | acc=0.1260 | NZ=  1959 | sparsity=0.0931 | d_m=1.8190e-12
step  202 | acc=0.1260 | NZ=  1958 | sparsity=0.0935 | d_m=1.8190e-12
step  203 | acc=0.1260 | NZ=  1957 | sparsity=0.0940 | d_m=1.8190e-12
step  204 | acc=0.1260 | NZ=  1956 | sparsity=0.0944 | d_m=1.8190e-12
step  205 | acc=0.1260 | NZ=  1955 | sparsity=0.0949 | d_m=1.8190e-12
step  206 | acc=0.1260 | NZ=  1954 | sparsity=0.0954 | d_m=1.8190e-12
step  207 | acc=0.1260 | NZ=  1953 | sparsity=0.0958 | d_m=1.8190e-12
step  208 | acc=0.1260 | NZ=  1952 | sparsity=0.0963 | d_m=2.9559e-12
step  209 | acc=0.1260 | NZ=  1951 | sparsity=0.0968 | d_m=4.6043e-11
step  210 | acc=0.1260 | NZ=  1950 | sparsity=0.0972 | d_m=7.0656e-11
step  211 | acc=0.1260 | NZ=  1949 | sparsity=0.0977 | d_m=7.0031e-11
step  212 | acc=0.1260 | NZ=  1948 | sparsity=0.0981 | d_m=1.3574e-10
step  213 | acc=0.1260 | NZ=  1947 | sparsity=0.0986 | d_m=2.4721e-10
step  214 | acc=0.1260 | NZ=  1946 | sparsity=0.0991 | d_m=3.2526e-10
step  215 | acc=0.1260 | NZ=  1945 | sparsity=0.0995 | d_m=2.9075e-10
step  216 | acc=0.1260 | NZ=  1944 | sparsity=0.1000 | d_m=3.7818e-10
step  217 | acc=0.1260 | NZ=  1943 | sparsity=0.1005 | d_m=5.3973e-10
step  218 | acc=0.1260 | NZ=  1942 | sparsity=0.1009 | d_m=4.9744e-10
step  219 | acc=0.1260 | NZ=  1941 | sparsity=0.1014 | d_m=4.8414e-10
step  220 | acc=0.1260 | NZ=  1940 | sparsity=0.1019 | d_m=6.1851e-10
step  221 | acc=0.1260 | NZ=  1939 | sparsity=0.1023 | d_m=8.7545e-10
step  222 | acc=0.1260 | NZ=  1938 | sparsity=0.1028 | d_m=8.3139e-10
step  223 | acc=0.1260 | NZ=  1937 | sparsity=0.1032 | d_m=1.0577e-09
step  224 | acc=0.1260 | NZ=  1936 | sparsity=0.1037 | d_m=1.2630e-09
step  225 | acc=0.1260 | NZ=  1935 | sparsity=0.1042 | d_m=1.1920e-09
step  226 | acc=0.1260 | NZ=  1934 | sparsity=0.1046 | d_m=1.4307e-09
step  227 | acc=0.1260 | NZ=  1933 | sparsity=0.1051 | d_m=1.3352e-09
step  228 | acc=0.1260 | NZ=  1932 | sparsity=0.1056 | d_m=1.6205e-09
step  229 | acc=0.1260 | NZ=  1931 | sparsity=0.1060 | d_m=2.0188e-09
step  230 | acc=0.1260 | NZ=  1930 | sparsity=0.1065 | d_m=2.0850e-09
step  231 | acc=0.1260 | NZ=  1929 | sparsity=0.1069 | d_m=2.0583e-09
step  232 | acc=0.1260 | NZ=  1928 | sparsity=0.1074 | d_m=2.4100e-09
step  233 | acc=0.1260 | NZ=  1927 | sparsity=0.1079 | d_m=2.4928e-09
step  234 | acc=0.1260 | NZ=  1926 | sparsity=0.1083 | d_m=2.7580e-09
step  235 | acc=0.1260 | NZ=  1925 | sparsity=0.1088 | d_m=3.0961e-09
step  236 | acc=0.1260 | NZ=  1924 | sparsity=0.1093 | d_m=3.3368e-09
step  237 | acc=0.1260 | NZ=  1923 | sparsity=0.1097 | d_m=3.3736e-09
step  238 | acc=0.1260 | NZ=  1922 | sparsity=0.1102 | d_m=3.7693e-09
step  239 | acc=0.1260 | NZ=  1921 | sparsity=0.1106 | d_m=3.7053e-09
step  240 | acc=0.1260 | NZ=  1920 | sparsity=0.1111 | d_m=4.1188e-09
step  241 | acc=0.1260 | NZ=  1919 | sparsity=0.1116 | d_m=4.2118e-09
step  242 | acc=0.1260 | NZ=  1918 | sparsity=0.1120 | d_m=4.3680e-09
step  243 | acc=0.1260 | NZ=  1917 | sparsity=0.1125 | d_m=4.9768e-09
step  244 | acc=0.1260 | NZ=  1916 | sparsity=0.1130 | d_m=5.5224e-09
step  245 | acc=0.1260 | NZ=  1915 | sparsity=0.1134 | d_m=5.4599e-09
step  246 | acc=0.1260 | NZ=  1914 | sparsity=0.1139 | d_m=6.0665e-09
step  247 | acc=0.1260 | NZ=  1913 | sparsity=0.1144 | d_m=6.6407e-09
step  248 | acc=0.1260 | NZ=  1912 | sparsity=0.1148 | d_m=6.3866e-09
step  249 | acc=0.1260 | NZ=  1911 | sparsity=0.1153 | d_m=7.1367e-09
step  250 | acc=0.1260 | NZ=  1910 | sparsity=0.1157 | d_m=7.3731e-09
step  251 | acc=0.1260 | NZ=  1909 | sparsity=0.1162 | d_m=7.8700e-09
step  252 | acc=0.1260 | NZ=  1908 | sparsity=0.1167 | d_m=8.8078e-09
step  253 | acc=0.1260 | NZ=  1907 | sparsity=0.1171 | d_m=8.7717e-09
step  254 | acc=0.1260 | NZ=  1906 | sparsity=0.1176 | d_m=9.7235e-09
step  255 | acc=0.1260 | NZ=  1905 | sparsity=0.1181 | d_m=9.6687e-09
step  256 | acc=0.1260 | NZ=  1904 | sparsity=0.1185 | d_m=1.0777e-08
step  257 | acc=0.1260 | NZ=  1903 | sparsity=0.1190 | d_m=1.1890e-08
step  258 | acc=0.1260 | NZ=  1902 | sparsity=0.1194 | d_m=1.1515e-08
step  259 | acc=0.1260 | NZ=  1901 | sparsity=0.1199 | d_m=1.3035e-08
step  260 | acc=0.1260 | NZ=  1900 | sparsity=0.1204 | d_m=1.2088e-08
step  261 | acc=0.1260 | NZ=  1899 | sparsity=0.1208 | d_m=1.3834e-08
step  262 | acc=0.1260 | NZ=  1898 | sparsity=0.1213 | d_m=1.5096e-08
step  263 | acc=0.1260 | NZ=  1897 | sparsity=0.1218 | d_m=1.4467e-08
step  264 | acc=0.1260 | NZ=  1896 | sparsity=0.1222 | d_m=1.6482e-08
step  265 | acc=0.1260 | NZ=  1895 | sparsity=0.1227 | d_m=1.5685e-08
step  266 | acc=0.1260 | NZ=  1894 | sparsity=0.1231 | d_m=1.7664e-08
step  267 | acc=0.1260 | NZ=  1893 | sparsity=0.1236 | d_m=1.7660e-08
step  268 | acc=0.1260 | NZ=  1892 | sparsity=0.1241 | d_m=1.8513e-08
step  269 | acc=0.1260 | NZ=  1891 | sparsity=0.1245 | d_m=1.8660e-08
step  270 | acc=0.1260 | NZ=  1890 | sparsity=0.1250 | d_m=2.0475e-08
step  271 | acc=0.1260 | NZ=  1889 | sparsity=0.1255 | d_m=2.1060e-08
step  272 | acc=0.1260 | NZ=  1888 | sparsity=0.1259 | d_m=2.3299e-08
step  273 | acc=0.1260 | NZ=  1887 | sparsity=0.1264 | d_m=2.3974e-08
step  274 | acc=0.1260 | NZ=  1886 | sparsity=0.1269 | d_m=2.5001e-08
step  275 | acc=0.1260 | NZ=  1885 | sparsity=0.1273 | d_m=2.7401e-08
step  276 | acc=0.1260 | NZ=  1884 | sparsity=0.1278 | d_m=2.6934e-08
step  277 | acc=0.1260 | NZ=  1883 | sparsity=0.1282 | d_m=2.9480e-08
step  278 | acc=0.1260 | NZ=  1882 | sparsity=0.1287 | d_m=2.9032e-08
step  279 | acc=0.1260 | NZ=  1881 | sparsity=0.1292 | d_m=3.1592e-08
step  280 | acc=0.1260 | NZ=  1880 | sparsity=0.1296 | d_m=3.0299e-08
step  281 | acc=0.1260 | NZ=  1879 | sparsity=0.1301 | d_m=3.1852e-08
step  282 | acc=0.1260 | NZ=  1878 | sparsity=0.1306 | d_m=3.4268e-08
step  283 | acc=0.1260 | NZ=  1877 | sparsity=0.1310 | d_m=3.6191e-08
step  284 | acc=0.1260 | NZ=  1876 | sparsity=0.1315 | d_m=3.8542e-08
step  285 | acc=0.1260 | NZ=  1875 | sparsity=0.1319 | d_m=4.0636e-08
step  286 | acc=0.1260 | NZ=  1874 | sparsity=0.1324 | d_m=4.1017e-08
step  287 | acc=0.1260 | NZ=  1873 | sparsity=0.1329 | d_m=4.4095e-08
step  288 | acc=0.1260 | NZ=  1872 | sparsity=0.1333 | d_m=4.2568e-08
step  289 | acc=0.1260 | NZ=  1871 | sparsity=0.1338 | d_m=4.5871e-08
step  290 | acc=0.1260 | NZ=  1870 | sparsity=0.1343 | d_m=4.9632e-08
step  291 | acc=0.1260 | NZ=  1869 | sparsity=0.1347 | d_m=5.3440e-08
step  292 | acc=0.1260 | NZ=  1868 | sparsity=0.1352 | d_m=5.2995e-08
step  293 | acc=0.1260 | NZ=  1867 | sparsity=0.1356 | d_m=5.6949e-08
step  294 | acc=0.1260 | NZ=  1866 | sparsity=0.1361 | d_m=6.1687e-08
step  295 | acc=0.1260 | NZ=  1865 | sparsity=0.1366 | d_m=6.1807e-08
step  296 | acc=0.1260 | NZ=  1864 | sparsity=0.1370 | d_m=6.7047e-08
step  297 | acc=0.1260 | NZ=  1863 | sparsity=0.1375 | d_m=7.1907e-08
step  298 | acc=0.1260 | NZ=  1862 | sparsity=0.1380 | d_m=7.6198e-08
step  299 | acc=0.1260 | NZ=  1861 | sparsity=0.1384 | d_m=7.7170e-08
step  300 | acc=0.1260 | NZ=  1860 | sparsity=0.1389 | d_m=8.2618e-08
step  301 | acc=0.1260 | NZ=  1859 | sparsity=0.1394 | d_m=8.1516e-08
step  302 | acc=0.1260 | NZ=  1858 | sparsity=0.1398 | d_m=8.8066e-08
step  303 | acc=0.1260 | NZ=  1857 | sparsity=0.1403 | d_m=8.4134e-08
step  304 | acc=0.1260 | NZ=  1856 | sparsity=0.1407 | d_m=8.6147e-08
step  305 | acc=0.1260 | NZ=  1855 | sparsity=0.1412 | d_m=9.3305e-08
step  306 | acc=0.1260 | NZ=  1854 | sparsity=0.1417 | d_m=9.0411e-08
step  307 | acc=0.1260 | NZ=  1853 | sparsity=0.1421 | d_m=9.4756e-08
step  308 | acc=0.1260 | NZ=  1852 | sparsity=0.1426 | d_m=9.6130e-08
step  309 | acc=0.1260 | NZ=  1851 | sparsity=0.1431 | d_m=9.9742e-08
step  310 | acc=0.1260 | NZ=  1850 | sparsity=0.1435 | d_m=1.0266e-07
step  311 | acc=0.1260 | NZ=  1849 | sparsity=0.1440 | d_m=1.0211e-07
step  312 | acc=0.1260 | NZ=  1848 | sparsity=0.1444 | d_m=1.0767e-07
step  313 | acc=0.1260 | NZ=  1847 | sparsity=0.1449 | d_m=1.0819e-07
step  314 | acc=0.1260 | NZ=  1846 | sparsity=0.1454 | d_m=1.1318e-07
step  315 | acc=0.1260 | NZ=  1845 | sparsity=0.1458 | d_m=1.1488e-07
step  316 | acc=0.1260 | NZ=  1844 | sparsity=0.1463 | d_m=1.1760e-07
step  317 | acc=0.1260 | NZ=  1843 | sparsity=0.1468 | d_m=1.2285e-07
step  318 | acc=0.1260 | NZ=  1842 | sparsity=0.1472 | d_m=1.2007e-07
step  319 | acc=0.1260 | NZ=  1841 | sparsity=0.1477 | d_m=1.2461e-07
step  320 | acc=0.1260 | NZ=  1840 | sparsity=0.1481 | d_m=1.3195e-07
step  321 | acc=0.1260 | NZ=  1839 | sparsity=0.1486 | d_m=1.2933e-07
step  322 | acc=0.1260 | NZ=  1838 | sparsity=0.1491 | d_m=1.3552e-07
step  323 | acc=0.1260 | NZ=  1837 | sparsity=0.1495 | d_m=1.3533e-07
step  324 | acc=0.1260 | NZ=  1836 | sparsity=0.1500 | d_m=1.3792e-07
step  325 | acc=0.1260 | NZ=  1835 | sparsity=0.1505 | d_m=1.4626e-07
step  326 | acc=0.1260 | NZ=  1834 | sparsity=0.1509 | d_m=1.4368e-07
step  327 | acc=0.1260 | NZ=  1833 | sparsity=0.1514 | d_m=1.5203e-07
step  328 | acc=0.1260 | NZ=  1832 | sparsity=0.1519 | d_m=1.5173e-07
step  329 | acc=0.1260 | NZ=  1831 | sparsity=0.1523 | d_m=1.6041e-07
step  330 | acc=0.1260 | NZ=  1830 | sparsity=0.1528 | d_m=1.5979e-07
step  331 | acc=0.1260 | NZ=  1829 | sparsity=0.1532 | d_m=1.5938e-07
step  332 | acc=0.1260 | NZ=  1828 | sparsity=0.1537 | d_m=1.6903e-07
step  333 | acc=0.1260 | NZ=  1827 | sparsity=0.1542 | d_m=1.7604e-07
step  334 | acc=0.1260 | NZ=  1826 | sparsity=0.1546 | d_m=1.8739e-07
step  335 | acc=0.1260 | NZ=  1825 | sparsity=0.1551 | d_m=1.8851e-07
step  336 | acc=0.1260 | NZ=  1824 | sparsity=0.1556 | d_m=1.9005e-07
step  337 | acc=0.1260 | NZ=  1823 | sparsity=0.1560 | d_m=2.0163e-07
step  338 | acc=0.1260 | NZ=  1822 | sparsity=0.1565 | d_m=2.0273e-07
step  339 | acc=0.1260 | NZ=  1821 | sparsity=0.1569 | d_m=2.0761e-07
step  340 | acc=0.1260 | NZ=  1820 | sparsity=0.1574 | d_m=2.1538e-07
step  341 | acc=0.1260 | NZ=  1819 | sparsity=0.1579 | d_m=2.2256e-07
step  342 | acc=0.1260 | NZ=  1818 | sparsity=0.1583 | d_m=2.3564e-07
step  343 | acc=0.1260 | NZ=  1817 | sparsity=0.1588 | d_m=2.2849e-07
step  344 | acc=0.1260 | NZ=  1816 | sparsity=0.1593 | d_m=2.4382e-07
step  345 | acc=0.1260 | NZ=  1815 | sparsity=0.1597 | d_m=2.3673e-07
step  346 | acc=0.1260 | NZ=  1814 | sparsity=0.1602 | d_m=2.5025e-07
step  347 | acc=0.1260 | NZ=  1813 | sparsity=0.1606 | d_m=2.4941e-07
step  348 | acc=0.1260 | NZ=  1812 | sparsity=0.1611 | d_m=2.6532e-07
step  349 | acc=0.1260 | NZ=  1811 | sparsity=0.1616 | d_m=2.6392e-07
step  350 | acc=0.1260 | NZ=  1810 | sparsity=0.1620 | d_m=2.7998e-07
step  351 | acc=0.1260 | NZ=  1809 | sparsity=0.1625 | d_m=2.7962e-07
step  352 | acc=0.1260 | NZ=  1808 | sparsity=0.1630 | d_m=2.9463e-07
step  353 | acc=0.1260 | NZ=  1807 | sparsity=0.1634 | d_m=2.9276e-07
step  354 | acc=0.1260 | NZ=  1806 | sparsity=0.1639 | d_m=3.1137e-07
step  355 | acc=0.1260 | NZ=  1805 | sparsity=0.1644 | d_m=3.0748e-07
step  356 | acc=0.1260 | NZ=  1804 | sparsity=0.1648 | d_m=3.2629e-07
step  357 | acc=0.1260 | NZ=  1803 | sparsity=0.1653 | d_m=3.2578e-07
step  358 | acc=0.1260 | NZ=  1802 | sparsity=0.1657 | d_m=3.3901e-07
step  359 | acc=0.1260 | NZ=  1801 | sparsity=0.1662 | d_m=3.3818e-07
step  360 | acc=0.1260 | NZ=  1800 | sparsity=0.1667 | d_m=3.5432e-07
step  361 | acc=0.1260 | NZ=  1799 | sparsity=0.1671 | d_m=3.5469e-07
step  362 | acc=0.1260 | NZ=  1798 | sparsity=0.1676 | d_m=3.6225e-07
step  363 | acc=0.1260 | NZ=  1797 | sparsity=0.1681 | d_m=3.6849e-07
step  364 | acc=0.1260 | NZ=  1796 | sparsity=0.1685 | d_m=3.8712e-07
step  365 | acc=0.1260 | NZ=  1795 | sparsity=0.1690 | d_m=3.7899e-07
step  366 | acc=0.1260 | NZ=  1794 | sparsity=0.1694 | d_m=3.9790e-07
step  367 | acc=0.1260 | NZ=  1793 | sparsity=0.1699 | d_m=3.9021e-07
step  368 | acc=0.1260 | NZ=  1792 | sparsity=0.1704 | d_m=4.0796e-07
step  369 | acc=0.1260 | NZ=  1791 | sparsity=0.1708 | d_m=4.0179e-07
step  370 | acc=0.1260 | NZ=  1790 | sparsity=0.1713 | d_m=4.2178e-07
step  371 | acc=0.1260 | NZ=  1789 | sparsity=0.1718 | d_m=4.2233e-07
step  372 | acc=0.1260 | NZ=  1788 | sparsity=0.1722 | d_m=4.3985e-07
step  373 | acc=0.1260 | NZ=  1787 | sparsity=0.1727 | d_m=4.4619e-07
step  374 | acc=0.1260 | NZ=  1786 | sparsity=0.1731 | d_m=4.5686e-07
step  375 | acc=0.1260 | NZ=  1785 | sparsity=0.1736 | d_m=4.7435e-07
step  376 | acc=0.1260 | NZ=  1784 | sparsity=0.1741 | d_m=4.7053e-07
step  377 | acc=0.1260 | NZ=  1783 | sparsity=0.1745 | d_m=4.8755e-07
step  378 | acc=0.1260 | NZ=  1782 | sparsity=0.1750 | d_m=4.9933e-07
step  379 | acc=0.1260 | NZ=  1781 | sparsity=0.1755 | d_m=5.2000e-07
step  380 | acc=0.1260 | NZ=  1780 | sparsity=0.1759 | d_m=5.4214e-07
step  381 | acc=0.1260 | NZ=  1779 | sparsity=0.1764 | d_m=5.6528e-07
step  382 | acc=0.1260 | NZ=  1778 | sparsity=0.1769 | d_m=5.5889e-07
step  383 | acc=0.1260 | NZ=  1777 | sparsity=0.1773 | d_m=5.7213e-07
step  384 | acc=0.1260 | NZ=  1776 | sparsity=0.1778 | d_m=5.7778e-07
step  385 | acc=0.1260 | NZ=  1775 | sparsity=0.1782 | d_m=5.8466e-07
step  386 | acc=0.1260 | NZ=  1774 | sparsity=0.1787 | d_m=5.9510e-07
step  387 | acc=0.1260 | NZ=  1773 | sparsity=0.1792 | d_m=5.9505e-07
step  388 | acc=0.1260 | NZ=  1772 | sparsity=0.1796 | d_m=6.1458e-07
step  389 | acc=0.1260 | NZ=  1771 | sparsity=0.1801 | d_m=6.0935e-07
step  390 | acc=0.1260 | NZ=  1770 | sparsity=0.1806 | d_m=6.3309e-07
step  391 | acc=0.1260 | NZ=  1769 | sparsity=0.1810 | d_m=6.5174e-07
step  392 | acc=0.1260 | NZ=  1768 | sparsity=0.1815 | d_m=6.4515e-07
step  393 | acc=0.1260 | NZ=  1767 | sparsity=0.1819 | d_m=6.6997e-07
step  394 | acc=0.1260 | NZ=  1766 | sparsity=0.1824 | d_m=6.6149e-07
step  395 | acc=0.1260 | NZ=  1765 | sparsity=0.1829 | d_m=6.8786e-07
step  396 | acc=0.1260 | NZ=  1764 | sparsity=0.1833 | d_m=6.7784e-07
step  397 | acc=0.1260 | NZ=  1763 | sparsity=0.1838 | d_m=7.0494e-07
step  398 | acc=0.1260 | NZ=  1762 | sparsity=0.1843 | d_m=7.0558e-07
step  399 | acc=0.1260 | NZ=  1761 | sparsity=0.1847 | d_m=7.2274e-07
step  400 | acc=0.1260 | NZ=  1760 | sparsity=0.1852 | d_m=7.2888e-07
step  401 | acc=0.1260 | NZ=  1759 | sparsity=0.1856 | d_m=7.4617e-07
step  402 | acc=0.1260 | NZ=  1758 | sparsity=0.1861 | d_m=7.5716e-07
step  403 | acc=0.1260 | NZ=  1757 | sparsity=0.1866 | d_m=7.7231e-07
step  404 | acc=0.1260 | NZ=  1756 | sparsity=0.1870 | d_m=7.8398e-07
step  405 | acc=0.1260 | NZ=  1755 | sparsity=0.1875 | d_m=7.7860e-07
step  406 | acc=0.1260 | NZ=  1754 | sparsity=0.1880 | d_m=7.7864e-07
step  407 | acc=0.1260 | NZ=  1753 | sparsity=0.1884 | d_m=7.9661e-07
step  408 | acc=0.1260 | NZ=  1752 | sparsity=0.1889 | d_m=8.1186e-07
step  409 | acc=0.1260 | NZ=  1751 | sparsity=0.1894 | d_m=8.2178e-07
step  410 | acc=0.1260 | NZ=  1750 | sparsity=0.1898 | d_m=8.3175e-07
step  411 | acc=0.1260 | NZ=  1749 | sparsity=0.1903 | d_m=8.6044e-07
step  412 | acc=0.1260 | NZ=  1748 | sparsity=0.1907 | d_m=8.5857e-07
step  413 | acc=0.1260 | NZ=  1747 | sparsity=0.1912 | d_m=8.9140e-07
step  414 | acc=0.1260 | NZ=  1746 | sparsity=0.1917 | d_m=8.9151e-07
step  415 | acc=0.1260 | NZ=  1745 | sparsity=0.1921 | d_m=9.2599e-07
step  416 | acc=0.1260 | NZ=  1744 | sparsity=0.1926 | d_m=9.2093e-07
step  417 | acc=0.1260 | NZ=  1743 | sparsity=0.1931 | d_m=9.5568e-07
step  418 | acc=0.1260 | NZ=  1742 | sparsity=0.1935 | d_m=9.3786e-07
step  419 | acc=0.1260 | NZ=  1741 | sparsity=0.1940 | d_m=9.7451e-07
step  420 | acc=0.1260 | NZ=  1740 | sparsity=0.1944 | d_m=9.5785e-07
step  421 | acc=0.1260 | NZ=  1739 | sparsity=0.1949 | d_m=9.9482e-07
step  422 | acc=0.1260 | NZ=  1738 | sparsity=0.1954 | d_m=1.0245e-06
step  423 | acc=0.1260 | NZ=  1737 | sparsity=0.1958 | d_m=1.0552e-06
step  424 | acc=0.1260 | NZ=  1736 | sparsity=0.1963 | d_m=1.0464e-06
step  425 | acc=0.1260 | NZ=  1735 | sparsity=0.1968 | d_m=1.0806e-06
step  426 | acc=0.1260 | NZ=  1734 | sparsity=0.1972 | d_m=1.0723e-06
step  427 | acc=0.1260 | NZ=  1733 | sparsity=0.1977 | d_m=1.1074e-06
step  428 | acc=0.1260 | NZ=  1732 | sparsity=0.1981 | d_m=1.0993e-06
step  429 | acc=0.1260 | NZ=  1731 | sparsity=0.1986 | d_m=1.1370e-06
step  430 | acc=0.1260 | NZ=  1730 | sparsity=0.1991 | d_m=1.1251e-06
step  431 | acc=0.1260 | NZ=  1729 | sparsity=0.1995 | d_m=1.1501e-06
step  432 | acc=0.1260 | NZ=  1728 | sparsity=0.2000 | d_m=1.1897e-06
step  433 | acc=0.1260 | NZ=  1727 | sparsity=0.2005 | d_m=1.1641e-06
step  434 | acc=0.1260 | NZ=  1726 | sparsity=0.2009 | d_m=1.2069e-06
step  435 | acc=0.1260 | NZ=  1725 | sparsity=0.2014 | d_m=1.2002e-06
step  436 | acc=0.1260 | NZ=  1724 | sparsity=0.2019 | d_m=1.2252e-06
step  437 | acc=0.1260 | NZ=  1723 | sparsity=0.2023 | d_m=1.2087e-06
step  438 | acc=0.1260 | NZ=  1722 | sparsity=0.2028 | d_m=1.2336e-06
step  439 | acc=0.1260 | NZ=  1721 | sparsity=0.2032 | d_m=1.2242e-06
step  440 | acc=0.1260 | NZ=  1720 | sparsity=0.2037 | d_m=1.2677e-06
step  441 | acc=0.1260 | NZ=  1719 | sparsity=0.2042 | d_m=1.2852e-06
step  442 | acc=0.1260 | NZ=  1718 | sparsity=0.2046 | d_m=1.2973e-06
step  443 | acc=0.1260 | NZ=  1717 | sparsity=0.2051 | d_m=1.3020e-06
step  444 | acc=0.1260 | NZ=  1716 | sparsity=0.2056 | d_m=1.3259e-06
step  445 | acc=0.1260 | NZ=  1715 | sparsity=0.2060 | d_m=1.3528e-06
step  446 | acc=0.1260 | NZ=  1714 | sparsity=0.2065 | d_m=1.3773e-06
step  447 | acc=0.1260 | NZ=  1713 | sparsity=0.2069 | d_m=1.3641e-06
step  448 | acc=0.1260 | NZ=  1712 | sparsity=0.2074 | d_m=1.3915e-06
step  449 | acc=0.1260 | NZ=  1711 | sparsity=0.2079 | d_m=1.3926e-06
step  450 | acc=0.1260 | NZ=  1710 | sparsity=0.2083 | d_m=1.4225e-06
step  451 | acc=0.1260 | NZ=  1709 | sparsity=0.2088 | d_m=1.4314e-06
step  452 | acc=0.1260 | NZ=  1708 | sparsity=0.2093 | d_m=1.4417e-06
step  453 | acc=0.1260 | NZ=  1707 | sparsity=0.2097 | d_m=1.4699e-06
step  454 | acc=0.1260 | NZ=  1706 | sparsity=0.2102 | d_m=1.4746e-06
step  455 | acc=0.1260 | NZ=  1705 | sparsity=0.2106 | d_m=1.5111e-06
step  456 | acc=0.1260 | NZ=  1704 | sparsity=0.2111 | d_m=1.4847e-06
step  457 | acc=0.1260 | NZ=  1703 | sparsity=0.2116 | d_m=1.5219e-06
step  458 | acc=0.1260 | NZ=  1702 | sparsity=0.2120 | d_m=1.5171e-06
step  459 | acc=0.1260 | NZ=  1701 | sparsity=0.2125 | d_m=1.5598e-06
step  460 | acc=0.1260 | NZ=  1700 | sparsity=0.2130 | d_m=1.6039e-06
step  461 | acc=0.1260 | NZ=  1699 | sparsity=0.2134 | d_m=1.5899e-06
step  462 | acc=0.1260 | NZ=  1698 | sparsity=0.2139 | d_m=1.6279e-06
step  463 | acc=0.1260 | NZ=  1697 | sparsity=0.2144 | d_m=1.6310e-06
step  464 | acc=0.1260 | NZ=  1696 | sparsity=0.2148 | d_m=1.6646e-06
step  465 | acc=0.1260 | NZ=  1695 | sparsity=0.2153 | d_m=1.6654e-06
step  466 | acc=0.1260 | NZ=  1694 | sparsity=0.2157 | d_m=1.7138e-06
step  467 | acc=0.1260 | NZ=  1693 | sparsity=0.2162 | d_m=1.7195e-06
step  468 | acc=0.1260 | NZ=  1692 | sparsity=0.2167 | d_m=1.7783e-06
step  469 | acc=0.1260 | NZ=  1691 | sparsity=0.2171 | d_m=1.7780e-06
step  470 | acc=0.1260 | NZ=  1690 | sparsity=0.2176 | d_m=1.8115e-06
step  471 | acc=0.1260 | NZ=  1689 | sparsity=0.2181 | d_m=1.8343e-06
step  472 | acc=0.1260 | NZ=  1688 | sparsity=0.2185 | d_m=1.8268e-06
step  473 | acc=0.1260 | NZ=  1687 | sparsity=0.2190 | d_m=1.8609e-06
step  474 | acc=0.1260 | NZ=  1686 | sparsity=0.2194 | d_m=1.8524e-06
step  475 | acc=0.1260 | NZ=  1685 | sparsity=0.2199 | d_m=1.8811e-06
step  476 | acc=0.1260 | NZ=  1684 | sparsity=0.2204 | d_m=1.8670e-06
step  477 | acc=0.1260 | NZ=  1683 | sparsity=0.2208 | d_m=1.9204e-06
step  478 | acc=0.1260 | NZ=  1682 | sparsity=0.2213 | d_m=1.9093e-06
step  479 | acc=0.1260 | NZ=  1681 | sparsity=0.2218 | d_m=1.9208e-06
step  480 | acc=0.1260 | NZ=  1680 | sparsity=0.2222 | d_m=1.9192e-06
step  481 | acc=0.1260 | NZ=  1679 | sparsity=0.2227 | d_m=1.9564e-06
step  482 | acc=0.1260 | NZ=  1678 | sparsity=0.2231 | d_m=1.9387e-06
step  483 | acc=0.1260 | NZ=  1677 | sparsity=0.2236 | d_m=1.9680e-06
step  484 | acc=0.1260 | NZ=  1676 | sparsity=0.2241 | d_m=1.9541e-06
step  485 | acc=0.1260 | NZ=  1675 | sparsity=0.2245 | d_m=1.9746e-06
step  486 | acc=0.1260 | NZ=  1674 | sparsity=0.2250 | d_m=1.9724e-06
step  487 | acc=0.1260 | NZ=  1673 | sparsity=0.2255 | d_m=2.0322e-06
step  488 | acc=0.1260 | NZ=  1672 | sparsity=0.2259 | d_m=2.0079e-06
step  489 | acc=0.1260 | NZ=  1671 | sparsity=0.2264 | d_m=2.0702e-06
step  490 | acc=0.1260 | NZ=  1670 | sparsity=0.2269 | d_m=2.0461e-06
step  491 | acc=0.1260 | NZ=  1669 | sparsity=0.2273 | d_m=2.0517e-06
step  492 | acc=0.1260 | NZ=  1668 | sparsity=0.2278 | d_m=2.1147e-06
step  493 | acc=0.1260 | NZ=  1667 | sparsity=0.2282 | d_m=2.1164e-06
step  494 | acc=0.1260 | NZ=  1666 | sparsity=0.2287 | d_m=2.1707e-06
step  495 | acc=0.1260 | NZ=  1665 | sparsity=0.2292 | d_m=2.1673e-06
step  496 | acc=0.1260 | NZ=  1664 | sparsity=0.2296 | d_m=2.2233e-06
step  497 | acc=0.1260 | NZ=  1663 | sparsity=0.2301 | d_m=2.2249e-06
step  498 | acc=0.1260 | NZ=  1662 | sparsity=0.2306 | d_m=2.2899e-06
step  499 | acc=0.1260 | NZ=  1661 | sparsity=0.2310 | d_m=2.2335e-06
Sparsification log saved to: /home/simon/repos/onnxmlir-pim-sparsify/artifacts/e06_act_sigmoid/sparsified/sparsification_log.csv
[15:23:35]   sparsify: done
[15:23:35] --- e10_seed_1 ---
[15:23:35]   train: starting
Output folder: /home/simon/repos/onnxmlir-pim-sparsify/artifacts/e10_seed_1
Data loaded.
	X_train.shape = (10000, 196)
	X_test.shape  = (1000, 196)
Topology: [196, 10, 10, 10]
Training loop started
---------------------------------------------------------
	Epoch 0 of 1000 in 0.44 sec
	Train acc 0.13090 | Test acc 0.12600
---------------------------------------------------------
	Epoch 100 of 1000 in 0.00 sec
	Train acc 0.65070 | Test acc 0.62900
---------------------------------------------------------
	Epoch 200 of 1000 in 0.00 sec
	Train acc 0.81460 | Test acc 0.80500
---------------------------------------------------------
	Epoch 300 of 1000 in 0.00 sec
	Train acc 0.84040 | Test acc 0.81500
---------------------------------------------------------
	Epoch 400 of 1000 in 0.00 sec
	Train acc 0.86260 | Test acc 0.84100
---------------------------------------------------------
	Epoch 500 of 1000 in 0.00 sec
	Train acc 0.88970 | Test acc 0.86800
---------------------------------------------------------
	Epoch 600 of 1000 in 0.00 sec
	Train acc 0.90240 | Test acc 0.88600
---------------------------------------------------------
	Epoch 700 of 1000 in 0.00 sec
	Train acc 0.91040 | Test acc 0.89700
---------------------------------------------------------
	Epoch 800 of 1000 in 0.00 sec
	Train acc 0.91390 | Test acc 0.89900
---------------------------------------------------------
	Epoch 900 of 1000 in 0.00 sec
	Train acc 0.92070 | Test acc 0.91300
---------------------------------------------------------
Training log saved to: /home/simon/repos/onnxmlir-pim-sparsify/artifacts/e10_seed_1/training_log.csv
Model saved to: /home/simon/repos/onnxmlir-pim-sparsify/artifacts/e10_seed_1
[15:24:14]   train: done
[15:24:14]   sparsify: starting
Load the parameters from the folder
Found 3 layers in /home/simon/repos/onnxmlir-pim-sparsify/artifacts/e10_seed_1
Accuracy in validation: 0.9070
Total parameters: 2160
Perturbation distance (sanity check): 1.1863e+00
Starting sparsification loop
At every iteration the network gets:
	 1. Pruned   — remove the least influential parameter
	 2. Adjusted — compensate via remaining parameters
step    0 | acc=0.9070 | NZ=  2160 | sparsity=0.0000 | d_m=0.0000e+00
step    1 | acc=0.9070 | NZ=  2159 | sparsity=0.0005 | d_m=0.0000e+00
step    2 | acc=0.9070 | NZ=  2158 | sparsity=0.0009 | d_m=0.0000e+00
step    3 | acc=0.9070 | NZ=  2157 | sparsity=0.0014 | d_m=0.0000e+00
step    4 | acc=0.9070 | NZ=  2156 | sparsity=0.0019 | d_m=0.0000e+00
step    5 | acc=0.9070 | NZ=  2155 | sparsity=0.0023 | d_m=0.0000e+00
step    6 | acc=0.9070 | NZ=  2154 | sparsity=0.0028 | d_m=0.0000e+00
step    7 | acc=0.9070 | NZ=  2153 | sparsity=0.0032 | d_m=0.0000e+00
step    8 | acc=0.9070 | NZ=  2152 | sparsity=0.0037 | d_m=0.0000e+00
step    9 | acc=0.9070 | NZ=  2151 | sparsity=0.0042 | d_m=0.0000e+00
step   10 | acc=0.9070 | NZ=  2150 | sparsity=0.0046 | d_m=0.0000e+00
step   11 | acc=0.9070 | NZ=  2149 | sparsity=0.0051 | d_m=0.0000e+00
step   12 | acc=0.9070 | NZ=  2148 | sparsity=0.0056 | d_m=0.0000e+00
step   13 | acc=0.9070 | NZ=  2147 | sparsity=0.0060 | d_m=0.0000e+00
step   14 | acc=0.9070 | NZ=  2146 | sparsity=0.0065 | d_m=0.0000e+00
step   15 | acc=0.9070 | NZ=  2145 | sparsity=0.0069 | d_m=0.0000e+00
step   16 | acc=0.9070 | NZ=  2144 | sparsity=0.0074 | d_m=0.0000e+00
step   17 | acc=0.9070 | NZ=  2143 | sparsity=0.0079 | d_m=0.0000e+00
step   18 | acc=0.9070 | NZ=  2142 | sparsity=0.0083 | d_m=0.0000e+00
step   19 | acc=0.9070 | NZ=  2141 | sparsity=0.0088 | d_m=0.0000e+00
step   20 | acc=0.9070 | NZ=  2140 | sparsity=0.0093 | d_m=0.0000e+00
step   21 | acc=0.9070 | NZ=  2139 | sparsity=0.0097 | d_m=1.1988e-06
step   22 | acc=0.9070 | NZ=  2138 | sparsity=0.0102 | d_m=1.3423e-05
step   23 | acc=0.9070 | NZ=  2137 | sparsity=0.0106 | d_m=3.2011e-04
step   24 | acc=0.9070 | NZ=  2136 | sparsity=0.0111 | d_m=1.1302e-03
step   25 | acc=0.9070 | NZ=  2135 | sparsity=0.0116 | d_m=1.8701e-03
step   26 | acc=0.9070 | NZ=  2134 | sparsity=0.0120 | d_m=3.1050e-03
step   27 | acc=0.9070 | NZ=  2133 | sparsity=0.0125 | d_m=3.1634e-03
step   28 | acc=0.9070 | NZ=  2132 | sparsity=0.0130 | d_m=4.2502e-03
step   29 | acc=0.9070 | NZ=  2131 | sparsity=0.0134 | d_m=6.6755e-03
step   30 | acc=0.9070 | NZ=  2130 | sparsity=0.0139 | d_m=7.9141e-03
step   31 | acc=0.9070 | NZ=  2129 | sparsity=0.0144 | d_m=1.2307e-02
step   32 | acc=0.9070 | NZ=  2128 | sparsity=0.0148 | d_m=1.5796e-02
step   33 | acc=0.9070 | NZ=  2127 | sparsity=0.0153 | d_m=2.0501e-02
step   34 | acc=0.9070 | NZ=  2126 | sparsity=0.0157 | d_m=2.5390e-02
step   35 | acc=0.9070 | NZ=  2125 | sparsity=0.0162 | d_m=3.0904e-02
step   36 | acc=0.9070 | NZ=  2124 | sparsity=0.0167 | d_m=3.8466e-02
step   37 | acc=0.9070 | NZ=  2123 | sparsity=0.0171 | d_m=5.4767e-02
step   38 | acc=0.9070 | NZ=  2122 | sparsity=0.0176 | d_m=1.1155e-01
step   39 | acc=0.9070 | NZ=  2121 | sparsity=0.0181 | d_m=1.0236e-01
step   40 | acc=0.9070 | NZ=  2120 | sparsity=0.0185 | d_m=1.0679e-01
step   41 | acc=0.9070 | NZ=  2119 | sparsity=0.0190 | d_m=1.1019e-01
step   42 | acc=0.9070 | NZ=  2118 | sparsity=0.0194 | d_m=1.2373e-01
step   43 | acc=0.9070 | NZ=  2117 | sparsity=0.0199 | d_m=1.4954e-01
step   44 | acc=0.9070 | NZ=  2116 | sparsity=0.0204 | d_m=1.8482e-01
step   45 | acc=0.9070 | NZ=  2115 | sparsity=0.0208 | d_m=1.9601e-01
step   46 | acc=0.9070 | NZ=  2114 | sparsity=0.0213 | d_m=2.2347e-01
step   47 | acc=0.9070 | NZ=  2113 | sparsity=0.0218 | d_m=2.7975e-01
step   48 | acc=0.9070 | NZ=  2112 | sparsity=0.0222 | d_m=2.9660e-01
step   49 | acc=0.9070 | NZ=  2111 | sparsity=0.0227 | d_m=2.8737e-01
step   50 | acc=0.9070 | NZ=  2110 | sparsity=0.0231 | d_m=3.3959e-01
step   51 | acc=0.9070 | NZ=  2109 | sparsity=0.0236 | d_m=4.1021e-01
step   52 | acc=0.9070 | NZ=  2108 | sparsity=0.0241 | d_m=4.6674e-01
step   53 | acc=0.9070 | NZ=  2107 | sparsity=0.0245 | d_m=5.1364e-01
step   54 | acc=0.9070 | NZ=  2106 | sparsity=0.0250 | d_m=5.1218e-01
step   55 | acc=0.9070 | NZ=  2105 | sparsity=0.0255 | d_m=5.6213e-01
step   56 | acc=0.9070 | NZ=  2104 | sparsity=0.0259 | d_m=5.6441e-01
step   57 | acc=0.9070 | NZ=  2103 | sparsity=0.0264 | d_m=6.3069e-01
step   58 | acc=0.9070 | NZ=  2102 | sparsity=0.0269 | d_m=7.3158e-01
step   59 | acc=0.9070 | NZ=  2101 | sparsity=0.0273 | d_m=8.0234e-01
step   60 | acc=0.9070 | NZ=  2100 | sparsity=0.0278 | d_m=8.9656e-01
step   61 | acc=0.9070 | NZ=  2099 | sparsity=0.0282 | d_m=9.8575e-01
step   62 | acc=0.9070 | NZ=  2098 | sparsity=0.0287 | d_m=1.0873e+00
step   63 | acc=0.9070 | NZ=  2097 | sparsity=0.0292 | d_m=1.1296e+00
step   64 | acc=0.9070 | NZ=  2096 | sparsity=0.0296 | d_m=1.1455e+00
step   65 | acc=0.9070 | NZ=  2095 | sparsity=0.0301 | d_m=1.2738e+00
step   66 | acc=0.9070 | NZ=  2094 | sparsity=0.0306 | d_m=1.4680e+00
step   67 | acc=0.9070 | NZ=  2093 | sparsity=0.0310 | d_m=1.6964e+00
step   68 | acc=0.9070 | NZ=  2092 | sparsity=0.0315 | d_m=1.8937e+00
step   69 | acc=0.9070 | NZ=  2091 | sparsity=0.0319 | d_m=2.0095e+00
step   70 | acc=0.9070 | NZ=  2090 | sparsity=0.0324 | d_m=2.7746e+00
step   71 | acc=0.9070 | NZ=  2089 | sparsity=0.0329 | d_m=2.8684e+00
step   72 | acc=0.9070 | NZ=  2088 | sparsity=0.0333 | d_m=2.9024e+00
step   73 | acc=0.9070 | NZ=  2087 | sparsity=0.0338 | d_m=3.0828e+00
step   74 | acc=0.9070 | NZ=  2086 | sparsity=0.0343 | d_m=3.3070e+00
step   75 | acc=0.9070 | NZ=  2085 | sparsity=0.0347 | d_m=3.4146e+00
step   76 | acc=0.9070 | NZ=  2084 | sparsity=0.0352 | d_m=3.4655e+00
step   77 | acc=0.9070 | NZ=  2083 | sparsity=0.0356 | d_m=3.5463e+00
step   78 | acc=0.9070 | NZ=  2082 | sparsity=0.0361 | d_m=3.7174e+00
step   79 | acc=0.9070 | NZ=  2081 | sparsity=0.0366 | d_m=3.7752e+00
step   80 | acc=0.9070 | NZ=  2080 | sparsity=0.0370 | d_m=3.7667e+00
step   81 | acc=0.9070 | NZ=  2079 | sparsity=0.0375 | d_m=4.0583e+00
step   82 | acc=0.9070 | NZ=  2078 | sparsity=0.0380 | d_m=4.4399e+00
step   83 | acc=0.9070 | NZ=  2077 | sparsity=0.0384 | d_m=4.5508e+00
step   84 | acc=0.9070 | NZ=  2076 | sparsity=0.0389 | d_m=4.6260e+00
step   85 | acc=0.9070 | NZ=  2075 | sparsity=0.0394 | d_m=4.4217e+00
step   86 | acc=0.9070 | NZ=  2074 | sparsity=0.0398 | d_m=4.5980e+00
step   87 | acc=0.9070 | NZ=  2073 | sparsity=0.0403 | d_m=4.9138e+00
step   88 | acc=0.9070 | NZ=  2072 | sparsity=0.0407 | d_m=5.0101e+00
step   89 | acc=0.9070 | NZ=  2071 | sparsity=0.0412 | d_m=5.3742e+00
step   90 | acc=0.9070 | NZ=  2070 | sparsity=0.0417 | d_m=5.0806e+00
step   91 | acc=0.9070 | NZ=  2069 | sparsity=0.0421 | d_m=5.6115e+00
step   92 | acc=0.9070 | NZ=  2068 | sparsity=0.0426 | d_m=6.0375e+00
step   93 | acc=0.9070 | NZ=  2067 | sparsity=0.0431 | d_m=6.0494e+00
step   94 | acc=0.9070 | NZ=  2066 | sparsity=0.0435 | d_m=5.8025e+00
step   95 | acc=0.9070 | NZ=  2065 | sparsity=0.0440 | d_m=5.8950e+00
step   96 | acc=0.9070 | NZ=  2064 | sparsity=0.0444 | d_m=5.8722e+00
step   97 | acc=0.9070 | NZ=  2063 | sparsity=0.0449 | d_m=6.1680e+00
step   98 | acc=0.9070 | NZ=  2062 | sparsity=0.0454 | d_m=6.0801e+00
step   99 | acc=0.9070 | NZ=  2061 | sparsity=0.0458 | d_m=6.6243e+00
step  100 | acc=0.9070 | NZ=  2060 | sparsity=0.0463 | d_m=6.9698e+00
step  101 | acc=0.9070 | NZ=  2059 | sparsity=0.0468 | d_m=7.3897e+00
step  102 | acc=0.9070 | NZ=  2058 | sparsity=0.0472 | d_m=7.7085e+00
step  103 | acc=0.9070 | NZ=  2057 | sparsity=0.0477 | d_m=8.0585e+00
step  104 | acc=0.9070 | NZ=  2056 | sparsity=0.0481 | d_m=8.6778e+00
step  105 | acc=0.9070 | NZ=  2055 | sparsity=0.0486 | d_m=9.5094e+00
step  106 | acc=0.9070 | NZ=  2054 | sparsity=0.0491 | d_m=9.6804e+00
step  107 | acc=0.9070 | NZ=  2053 | sparsity=0.0495 | d_m=1.0058e+01
step  108 | acc=0.9070 | NZ=  2052 | sparsity=0.0500 | d_m=1.0528e+01
step  109 | acc=0.9070 | NZ=  2051 | sparsity=0.0505 | d_m=1.0466e+01
step  110 | acc=0.9070 | NZ=  2050 | sparsity=0.0509 | d_m=1.0670e+01
step  111 | acc=0.9070 | NZ=  2049 | sparsity=0.0514 | d_m=1.1054e+01
step  112 | acc=0.9070 | NZ=  2048 | sparsity=0.0519 | d_m=1.1663e+01
step  113 | acc=0.9070 | NZ=  2047 | sparsity=0.0523 | d_m=1.2201e+01
step  114 | acc=0.9070 | NZ=  2046 | sparsity=0.0528 | d_m=1.2284e+01
step  115 | acc=0.9070 | NZ=  2045 | sparsity=0.0532 | d_m=1.2776e+01
step  116 | acc=0.9070 | NZ=  2044 | sparsity=0.0537 | d_m=1.3246e+01
step  117 | acc=0.9070 | NZ=  2043 | sparsity=0.0542 | d_m=1.3686e+01
step  118 | acc=0.9070 | NZ=  2042 | sparsity=0.0546 | d_m=1.3483e+01
step  119 | acc=0.9070 | NZ=  2041 | sparsity=0.0551 | d_m=1.4035e+01
step  120 | acc=0.9070 | NZ=  2040 | sparsity=0.0556 | d_m=1.4025e+01
step  121 | acc=0.9070 | NZ=  2039 | sparsity=0.0560 | d_m=1.4409e+01
step  122 | acc=0.9070 | NZ=  2038 | sparsity=0.0565 | d_m=1.4819e+01
step  123 | acc=0.9070 | NZ=  2037 | sparsity=0.0569 | d_m=1.5149e+01
step  124 | acc=0.9070 | NZ=  2036 | sparsity=0.0574 | d_m=1.4814e+01
step  125 | acc=0.9070 | NZ=  2035 | sparsity=0.0579 | d_m=1.4892e+01
step  126 | acc=0.9070 | NZ=  2034 | sparsity=0.0583 | d_m=1.4919e+01
step  127 | acc=0.9070 | NZ=  2033 | sparsity=0.0588 | d_m=1.4836e+01
step  128 | acc=0.9070 | NZ=  2032 | sparsity=0.0593 | d_m=1.4929e+01
step  129 | acc=0.9070 | NZ=  2031 | sparsity=0.0597 | d_m=1.5314e+01
step  130 | acc=0.9070 | NZ=  2030 | sparsity=0.0602 | d_m=1.5069e+01
step  131 | acc=0.9070 | NZ=  2029 | sparsity=0.0606 | d_m=1.5554e+01
step  132 | acc=0.9070 | NZ=  2028 | sparsity=0.0611 | d_m=1.5234e+01
step  133 | acc=0.9070 | NZ=  2027 | sparsity=0.0616 | d_m=1.5704e+01
step  134 | acc=0.9070 | NZ=  2026 | sparsity=0.0620 | d_m=1.6065e+01
step  135 | acc=0.9070 | NZ=  2025 | sparsity=0.0625 | d_m=1.6431e+01
step  136 | acc=0.9070 | NZ=  2024 | sparsity=0.0630 | d_m=1.7422e+01
step  137 | acc=0.9070 | NZ=  2023 | sparsity=0.0634 | d_m=1.8624e+01
step  138 | acc=0.9070 | NZ=  2022 | sparsity=0.0639 | d_m=2.0108e+01
step  139 | acc=0.9070 | NZ=  2021 | sparsity=0.0644 | d_m=2.1146e+01
step  140 | acc=0.9070 | NZ=  2020 | sparsity=0.0648 | d_m=2.1396e+01
step  141 | acc=0.9070 | NZ=  2019 | sparsity=0.0653 | d_m=2.2404e+01
step  142 | acc=0.9070 | NZ=  2018 | sparsity=0.0657 | d_m=2.3211e+01
step  143 | acc=0.9070 | NZ=  2017 | sparsity=0.0662 | d_m=2.3629e+01
step  144 | acc=0.9070 | NZ=  2016 | sparsity=0.0667 | d_m=2.3769e+01
step  145 | acc=0.9070 | NZ=  2015 | sparsity=0.0671 | d_m=2.4255e+01
step  146 | acc=0.9070 | NZ=  2014 | sparsity=0.0676 | d_m=2.4336e+01
step  147 | acc=0.9070 | NZ=  2013 | sparsity=0.0681 | d_m=2.5344e+01
step  148 | acc=0.9070 | NZ=  2012 | sparsity=0.0685 | d_m=2.5916e+01
step  149 | acc=0.9070 | NZ=  2011 | sparsity=0.0690 | d_m=2.5696e+01
step  150 | acc=0.9070 | NZ=  2010 | sparsity=0.0694 | d_m=2.6224e+01
step  151 | acc=0.9070 | NZ=  2009 | sparsity=0.0699 | d_m=2.6333e+01
step  152 | acc=0.9070 | NZ=  2008 | sparsity=0.0704 | d_m=2.6462e+01
step  153 | acc=0.9070 | NZ=  2007 | sparsity=0.0708 | d_m=2.5588e+01
step  154 | acc=0.9070 | NZ=  2006 | sparsity=0.0713 | d_m=2.5647e+01
step  155 | acc=0.9070 | NZ=  2005 | sparsity=0.0718 | d_m=2.6651e+01
step  156 | acc=0.9070 | NZ=  2004 | sparsity=0.0722 | d_m=2.6900e+01
step  157 | acc=0.9070 | NZ=  2003 | sparsity=0.0727 | d_m=2.7659e+01
step  158 | acc=0.9070 | NZ=  2002 | sparsity=0.0731 | d_m=2.8118e+01
step  159 | acc=0.9070 | NZ=  2001 | sparsity=0.0736 | d_m=2.7045e+01
step  160 | acc=0.9070 | NZ=  2000 | sparsity=0.0741 | d_m=2.8838e+01
step  161 | acc=0.9070 | NZ=  1999 | sparsity=0.0745 | d_m=3.0644e+01
step  162 | acc=0.9070 | NZ=  1998 | sparsity=0.0750 | d_m=3.2059e+01
step  163 | acc=0.9070 | NZ=  1997 | sparsity=0.0755 | d_m=3.3190e+01
step  164 | acc=0.9070 | NZ=  1996 | sparsity=0.0759 | d_m=3.4268e+01
step  165 | acc=0.9070 | NZ=  1995 | sparsity=0.0764 | d_m=3.5012e+01
step  166 | acc=0.9070 | NZ=  1994 | sparsity=0.0769 | d_m=3.5005e+01
step  167 | acc=0.9070 | NZ=  1993 | sparsity=0.0773 | d_m=3.5208e+01
step  168 | acc=0.9070 | NZ=  1992 | sparsity=0.0778 | d_m=3.5288e+01
step  169 | acc=0.9070 | NZ=  1991 | sparsity=0.0782 | d_m=3.6010e+01
step  170 | acc=0.9070 | NZ=  1990 | sparsity=0.0787 | d_m=3.6256e+01
step  171 | acc=0.9070 | NZ=  1989 | sparsity=0.0792 | d_m=3.7229e+01
step  172 | acc=0.9070 | NZ=  1988 | sparsity=0.0796 | d_m=3.5962e+01
step  173 | acc=0.9070 | NZ=  1987 | sparsity=0.0801 | d_m=3.7828e+01
step  174 | acc=0.9070 | NZ=  1986 | sparsity=0.0806 | d_m=3.8958e+01
step  175 | acc=0.9070 | NZ=  1985 | sparsity=0.0810 | d_m=4.0228e+01
step  176 | acc=0.9070 | NZ=  1984 | sparsity=0.0815 | d_m=4.1826e+01
step  177 | acc=0.9070 | NZ=  1983 | sparsity=0.0819 | d_m=4.2790e+01
step  178 | acc=0.9070 | NZ=  1982 | sparsity=0.0824 | d_m=4.3303e+01
step  179 | acc=0.9070 | NZ=  1981 | sparsity=0.0829 | d_m=4.4467e+01
step  180 | acc=0.9070 | NZ=  1980 | sparsity=0.0833 | d_m=4.5114e+01
step  181 | acc=0.9070 | NZ=  1979 | sparsity=0.0838 | d_m=4.4564e+01
step  182 | acc=0.9070 | NZ=  1978 | sparsity=0.0843 | d_m=4.4610e+01
step  183 | acc=0.9070 | NZ=  1977 | sparsity=0.0847 | d_m=4.5765e+01
step  184 | acc=0.9070 | NZ=  1976 | sparsity=0.0852 | d_m=4.6973e+01
step  185 | acc=0.9070 | NZ=  1975 | sparsity=0.0856 | d_m=4.7071e+01
step  186 | acc=0.9070 | NZ=  1974 | sparsity=0.0861 | d_m=4.8368e+01
step  187 | acc=0.9070 | NZ=  1973 | sparsity=0.0866 | d_m=4.9888e+01
step  188 | acc=0.9070 | NZ=  1972 | sparsity=0.0870 | d_m=5.0916e+01
step  189 | acc=0.9070 | NZ=  1971 | sparsity=0.0875 | d_m=5.0717e+01
step  190 | acc=0.9070 | NZ=  1970 | sparsity=0.0880 | d_m=4.9232e+01
step  191 | acc=0.9070 | NZ=  1969 | sparsity=0.0884 | d_m=5.1390e+01
step  192 | acc=0.9070 | NZ=  1968 | sparsity=0.0889 | d_m=5.2117e+01
step  193 | acc=0.9070 | NZ=  1967 | sparsity=0.0894 | d_m=5.1550e+01
step  194 | acc=0.9070 | NZ=  1966 | sparsity=0.0898 | d_m=5.2676e+01
step  195 | acc=0.9070 | NZ=  1965 | sparsity=0.0903 | d_m=5.3099e+01
step  196 | acc=0.9060 | NZ=  1964 | sparsity=0.0907 | d_m=5.4696e+01
step  197 | acc=0.9070 | NZ=  1963 | sparsity=0.0912 | d_m=5.4548e+01
step  198 | acc=0.9070 | NZ=  1962 | sparsity=0.0917 | d_m=5.5640e+01
step  199 | acc=0.9070 | NZ=  1961 | sparsity=0.0921 | d_m=5.6138e+01
step  200 | acc=0.9070 | NZ=  1960 | sparsity=0.0926 | d_m=5.6796e+01
step  201 | acc=0.9070 | NZ=  1959 | sparsity=0.0931 | d_m=5.7443e+01
step  202 | acc=0.9070 | NZ=  1958 | sparsity=0.0935 | d_m=5.6786e+01
step  203 | acc=0.9070 | NZ=  1957 | sparsity=0.0940 | d_m=5.7542e+01
step  204 | acc=0.9070 | NZ=  1956 | sparsity=0.0944 | d_m=5.6710e+01
step  205 | acc=0.9070 | NZ=  1955 | sparsity=0.0949 | d_m=5.6888e+01
step  206 | acc=0.9070 | NZ=  1954 | sparsity=0.0954 | d_m=5.8928e+01
step  207 | acc=0.9070 | NZ=  1953 | sparsity=0.0958 | d_m=6.1337e+01
step  208 | acc=0.9070 | NZ=  1952 | sparsity=0.0963 | d_m=6.2454e+01
step  209 | acc=0.9070 | NZ=  1951 | sparsity=0.0968 | d_m=6.3334e+01
step  210 | acc=0.9070 | NZ=  1950 | sparsity=0.0972 | d_m=6.4453e+01
step  211 | acc=0.9070 | NZ=  1949 | sparsity=0.0977 | d_m=6.5793e+01
step  212 | acc=0.9070 | NZ=  1948 | sparsity=0.0981 | d_m=6.5805e+01
step  213 | acc=0.9070 | NZ=  1947 | sparsity=0.0986 | d_m=6.7189e+01
step  214 | acc=0.9070 | NZ=  1946 | sparsity=0.0991 | d_m=6.6723e+01
step  215 | acc=0.9070 | NZ=  1945 | sparsity=0.0995 | d_m=6.8768e+01
step  216 | acc=0.9070 | NZ=  1944 | sparsity=0.1000 | d_m=7.0296e+01
step  217 | acc=0.9070 | NZ=  1943 | sparsity=0.1005 | d_m=7.3315e+01
step  218 | acc=0.9070 | NZ=  1942 | sparsity=0.1009 | d_m=7.4274e+01
step  219 | acc=0.9070 | NZ=  1941 | sparsity=0.1014 | d_m=7.4545e+01
step  220 | acc=0.9070 | NZ=  1940 | sparsity=0.1019 | d_m=7.4266e+01
step  221 | acc=0.9070 | NZ=  1939 | sparsity=0.1023 | d_m=7.5010e+01
step  222 | acc=0.9070 | NZ=  1938 | sparsity=0.1028 | d_m=7.6246e+01
step  223 | acc=0.9070 | NZ=  1937 | sparsity=0.1032 | d_m=7.7144e+01
step  224 | acc=0.9070 | NZ=  1936 | sparsity=0.1037 | d_m=7.8622e+01
step  225 | acc=0.9070 | NZ=  1935 | sparsity=0.1042 | d_m=7.8879e+01
step  226 | acc=0.9070 | NZ=  1934 | sparsity=0.1046 | d_m=7.9988e+01
step  227 | acc=0.9070 | NZ=  1933 | sparsity=0.1051 | d_m=7.8116e+01
step  228 | acc=0.9070 | NZ=  1932 | sparsity=0.1056 | d_m=7.7750e+01
step  229 | acc=0.9070 | NZ=  1931 | sparsity=0.1060 | d_m=8.0115e+01
step  230 | acc=0.9070 | NZ=  1930 | sparsity=0.1065 | d_m=8.2753e+01
step  231 | acc=0.9070 | NZ=  1929 | sparsity=0.1069 | d_m=8.2457e+01
step  232 | acc=0.9070 | NZ=  1928 | sparsity=0.1074 | d_m=8.3651e+01
step  233 | acc=0.9070 | NZ=  1927 | sparsity=0.1079 | d_m=8.4912e+01
step  234 | acc=0.9070 | NZ=  1926 | sparsity=0.1083 | d_m=8.6466e+01
step  235 | acc=0.9070 | NZ=  1925 | sparsity=0.1088 | d_m=8.6419e+01
step  236 | acc=0.9070 | NZ=  1924 | sparsity=0.1093 | d_m=8.5355e+01
step  237 | acc=0.9070 | NZ=  1923 | sparsity=0.1097 | d_m=8.3303e+01
step  238 | acc=0.9070 | NZ=  1922 | sparsity=0.1102 | d_m=8.5190e+01
step  239 | acc=0.9070 | NZ=  1921 | sparsity=0.1106 | d_m=8.5328e+01
step  240 | acc=0.9070 | NZ=  1920 | sparsity=0.1111 | d_m=8.6065e+01
step  241 | acc=0.9070 | NZ=  1919 | sparsity=0.1116 | d_m=8.8012e+01
step  242 | acc=0.9070 | NZ=  1918 | sparsity=0.1120 | d_m=9.1211e+01
step  243 | acc=0.9070 | NZ=  1917 | sparsity=0.1125 | d_m=9.4076e+01
step  244 | acc=0.9070 | NZ=  1916 | sparsity=0.1130 | d_m=9.5652e+01
step  245 | acc=0.9070 | NZ=  1915 | sparsity=0.1134 | d_m=9.6380e+01
step  246 | acc=0.9070 | NZ=  1914 | sparsity=0.1139 | d_m=9.8794e+01
step  247 | acc=0.9070 | NZ=  1913 | sparsity=0.1144 | d_m=1.0212e+02
step  248 | acc=0.9070 | NZ=  1912 | sparsity=0.1148 | d_m=1.0619e+02
step  249 | acc=0.9070 | NZ=  1911 | sparsity=0.1153 | d_m=1.0923e+02
step  250 | acc=0.9070 | NZ=  1910 | sparsity=0.1157 | d_m=1.0910e+02
step  251 | acc=0.9070 | NZ=  1909 | sparsity=0.1162 | d_m=1.1184e+02
step  252 | acc=0.9070 | NZ=  1908 | sparsity=0.1167 | d_m=1.1449e+02
step  253 | acc=0.9070 | NZ=  1907 | sparsity=0.1171 | d_m=1.1745e+02
step  254 | acc=0.9070 | NZ=  1906 | sparsity=0.1176 | d_m=1.1950e+02
step  255 | acc=0.9070 | NZ=  1905 | sparsity=0.1181 | d_m=1.2158e+02
step  256 | acc=0.9070 | NZ=  1904 | sparsity=0.1185 | d_m=1.2072e+02
step  257 | acc=0.9070 | NZ=  1903 | sparsity=0.1190 | d_m=1.1807e+02
step  258 | acc=0.9070 | NZ=  1902 | sparsity=0.1194 | d_m=1.2085e+02
step  259 | acc=0.9070 | NZ=  1901 | sparsity=0.1199 | d_m=1.2210e+02
step  260 | acc=0.9070 | NZ=  1900 | sparsity=0.1204 | d_m=1.1833e+02
step  261 | acc=0.9070 | NZ=  1899 | sparsity=0.1208 | d_m=1.2067e+02
step  262 | acc=0.9070 | NZ=  1898 | sparsity=0.1213 | d_m=1.2372e+02
step  263 | acc=0.9070 | NZ=  1897 | sparsity=0.1218 | d_m=1.2321e+02
step  264 | acc=0.9070 | NZ=  1896 | sparsity=0.1222 | d_m=1.2415e+02
step  265 | acc=0.9070 | NZ=  1895 | sparsity=0.1227 | d_m=1.2641e+02
step  266 | acc=0.9070 | NZ=  1894 | sparsity=0.1231 | d_m=1.2733e+02
step  267 | acc=0.9070 | NZ=  1893 | sparsity=0.1236 | d_m=1.2089e+02
step  268 | acc=0.9070 | NZ=  1892 | sparsity=0.1241 | d_m=1.2201e+02
step  269 | acc=0.9070 | NZ=  1891 | sparsity=0.1245 | d_m=1.2277e+02
step  270 | acc=0.9070 | NZ=  1890 | sparsity=0.1250 | d_m=1.2434e+02
step  271 | acc=0.9070 | NZ=  1889 | sparsity=0.1255 | d_m=1.2600e+02
step  272 | acc=0.9070 | NZ=  1888 | sparsity=0.1259 | d_m=1.2884e+02
step  273 | acc=0.9070 | NZ=  1887 | sparsity=0.1264 | d_m=1.3083e+02
step  274 | acc=0.9070 | NZ=  1886 | sparsity=0.1269 | d_m=1.3290e+02
step  275 | acc=0.9070 | NZ=  1885 | sparsity=0.1273 | d_m=1.3523e+02
step  276 | acc=0.9070 | NZ=  1884 | sparsity=0.1278 | d_m=1.3677e+02
step  277 | acc=0.9070 | NZ=  1883 | sparsity=0.1282 | d_m=1.4159e+02
step  278 | acc=0.9070 | NZ=  1882 | sparsity=0.1287 | d_m=1.4351e+02
step  279 | acc=0.9070 | NZ=  1881 | sparsity=0.1292 | d_m=1.4467e+02
step  280 | acc=0.9070 | NZ=  1880 | sparsity=0.1296 | d_m=1.4453e+02
step  281 | acc=0.9070 | NZ=  1879 | sparsity=0.1301 | d_m=1.4631e+02
step  282 | acc=0.9070 | NZ=  1878 | sparsity=0.1306 | d_m=1.4695e+02
step  283 | acc=0.9070 | NZ=  1877 | sparsity=0.1310 | d_m=1.5081e+02
step  284 | acc=0.9070 | NZ=  1876 | sparsity=0.1315 | d_m=1.5516e+02
step  285 | acc=0.9070 | NZ=  1875 | sparsity=0.1319 | d_m=1.5679e+02
step  286 | acc=0.9070 | NZ=  1874 | sparsity=0.1324 | d_m=1.6134e+02
step  287 | acc=0.9070 | NZ=  1873 | sparsity=0.1329 | d_m=1.6206e+02
step  288 | acc=0.9070 | NZ=  1872 | sparsity=0.1333 | d_m=1.6615e+02
step  289 | acc=0.9070 | NZ=  1871 | sparsity=0.1338 | d_m=1.7052e+02
step  290 | acc=0.9070 | NZ=  1870 | sparsity=0.1343 | d_m=1.7095e+02
step  291 | acc=0.9070 | NZ=  1869 | sparsity=0.1347 | d_m=1.7409e+02
step  292 | acc=0.9070 | NZ=  1868 | sparsity=0.1352 | d_m=1.7757e+02
step  293 | acc=0.9070 | NZ=  1867 | sparsity=0.1356 | d_m=1.7948e+02
step  294 | acc=0.9070 | NZ=  1866 | sparsity=0.1361 | d_m=1.8291e+02
step  295 | acc=0.9070 | NZ=  1865 | sparsity=0.1366 | d_m=1.8470e+02
step  296 | acc=0.9070 | NZ=  1864 | sparsity=0.1370 | d_m=1.8418e+02
step  297 | acc=0.9070 | NZ=  1863 | sparsity=0.1375 | d_m=1.7834e+02
step  298 | acc=0.9070 | NZ=  1862 | sparsity=0.1380 | d_m=1.8354e+02
step  299 | acc=0.9070 | NZ=  1861 | sparsity=0.1384 | d_m=1.8448e+02
step  300 | acc=0.9070 | NZ=  1860 | sparsity=0.1389 | d_m=1.8602e+02
step  301 | acc=0.9070 | NZ=  1859 | sparsity=0.1394 | d_m=1.8955e+02
step  302 | acc=0.9070 | NZ=  1858 | sparsity=0.1398 | d_m=1.9226e+02
step  303 | acc=0.9070 | NZ=  1857 | sparsity=0.1403 | d_m=1.9251e+02
step  304 | acc=0.9070 | NZ=  1856 | sparsity=0.1407 | d_m=1.9524e+02
step  305 | acc=0.9070 | NZ=  1855 | sparsity=0.1412 | d_m=1.9857e+02
step  306 | acc=0.9070 | NZ=  1854 | sparsity=0.1417 | d_m=1.9560e+02
step  307 | acc=0.9070 | NZ=  1853 | sparsity=0.1421 | d_m=1.9589e+02
step  308 | acc=0.9070 | NZ=  1852 | sparsity=0.1426 | d_m=1.9934e+02
step  309 | acc=0.9070 | NZ=  1851 | sparsity=0.1431 | d_m=1.9591e+02
step  310 | acc=0.9070 | NZ=  1850 | sparsity=0.1435 | d_m=1.9756e+02
step  311 | acc=0.9070 | NZ=  1849 | sparsity=0.1440 | d_m=1.9504e+02
step  312 | acc=0.9070 | NZ=  1848 | sparsity=0.1444 | d_m=1.9836e+02
step  313 | acc=0.9070 | NZ=  1847 | sparsity=0.1449 | d_m=1.9990e+02
step  314 | acc=0.9070 | NZ=  1846 | sparsity=0.1454 | d_m=2.0079e+02
step  315 | acc=0.9070 | NZ=  1845 | sparsity=0.1458 | d_m=2.0233e+02
step  316 | acc=0.9070 | NZ=  1844 | sparsity=0.1463 | d_m=2.0258e+02
step  317 | acc=0.9070 | NZ=  1843 | sparsity=0.1468 | d_m=2.0247e+02
step  318 | acc=0.9070 | NZ=  1842 | sparsity=0.1472 | d_m=2.0398e+02
step  319 | acc=0.9070 | NZ=  1841 | sparsity=0.1477 | d_m=2.0216e+02
step  320 | acc=0.9070 | NZ=  1840 | sparsity=0.1481 | d_m=2.0549e+02
step  321 | acc=0.9070 | NZ=  1839 | sparsity=0.1486 | d_m=2.0936e+02
step  322 | acc=0.9070 | NZ=  1838 | sparsity=0.1491 | d_m=2.1132e+02
step  323 | acc=0.9070 | NZ=  1837 | sparsity=0.1495 | d_m=2.1090e+02
step  324 | acc=0.9070 | NZ=  1836 | sparsity=0.1500 | d_m=2.1356e+02
step  325 | acc=0.9080 | NZ=  1835 | sparsity=0.1505 | d_m=2.0817e+02
step  326 | acc=0.9080 | NZ=  1834 | sparsity=0.1509 | d_m=2.1225e+02
step  327 | acc=0.9080 | NZ=  1833 | sparsity=0.1514 | d_m=2.1680e+02
step  328 | acc=0.9080 | NZ=  1832 | sparsity=0.1519 | d_m=2.1986e+02
step  329 | acc=0.9080 | NZ=  1831 | sparsity=0.1523 | d_m=2.2194e+02
step  330 | acc=0.9080 | NZ=  1830 | sparsity=0.1528 | d_m=2.2182e+02
step  331 | acc=0.9080 | NZ=  1829 | sparsity=0.1532 | d_m=2.2148e+02
step  332 | acc=0.9070 | NZ=  1828 | sparsity=0.1537 | d_m=2.1630e+02
step  333 | acc=0.9080 | NZ=  1827 | sparsity=0.1542 | d_m=2.1697e+02
step  334 | acc=0.9070 | NZ=  1826 | sparsity=0.1546 | d_m=2.2100e+02
step  335 | acc=0.9080 | NZ=  1825 | sparsity=0.1551 | d_m=2.2278e+02
step  336 | acc=0.9080 | NZ=  1824 | sparsity=0.1556 | d_m=2.2217e+02
step  337 | acc=0.9070 | NZ=  1823 | sparsity=0.1560 | d_m=2.2445e+02
step  338 | acc=0.9070 | NZ=  1822 | sparsity=0.1565 | d_m=2.2950e+02
step  339 | acc=0.9070 | NZ=  1821 | sparsity=0.1569 | d_m=2.3250e+02
step  340 | acc=0.9070 | NZ=  1820 | sparsity=0.1574 | d_m=2.3676e+02
step  341 | acc=0.9080 | NZ=  1819 | sparsity=0.1579 | d_m=2.3749e+02
step  342 | acc=0.9080 | NZ=  1818 | sparsity=0.1583 | d_m=2.3579e+02
step  343 | acc=0.9080 | NZ=  1817 | sparsity=0.1588 | d_m=2.4036e+02
step  344 | acc=0.9080 | NZ=  1816 | sparsity=0.1593 | d_m=2.4028e+02
step  345 | acc=0.9080 | NZ=  1815 | sparsity=0.1597 | d_m=2.4592e+02
step  346 | acc=0.9080 | NZ=  1814 | sparsity=0.1602 | d_m=2.5100e+02
step  347 | acc=0.9080 | NZ=  1813 | sparsity=0.1606 | d_m=2.5631e+02
step  348 | acc=0.9080 | NZ=  1812 | sparsity=0.1611 | d_m=2.6155e+02
step  349 | acc=0.9080 | NZ=  1811 | sparsity=0.1616 | d_m=2.6542e+02
step  350 | acc=0.9080 | NZ=  1810 | sparsity=0.1620 | d_m=2.6518e+02
step  351 | acc=0.9080 | NZ=  1809 | sparsity=0.1625 | d_m=2.6665e+02
step  352 | acc=0.9080 | NZ=  1808 | sparsity=0.1630 | d_m=2.6471e+02
step  353 | acc=0.9080 | NZ=  1807 | sparsity=0.1634 | d_m=2.6811e+02
step  354 | acc=0.9080 | NZ=  1806 | sparsity=0.1639 | d_m=2.6697e+02
step  355 | acc=0.9080 | NZ=  1805 | sparsity=0.1644 | d_m=2.6813e+02
step  356 | acc=0.9080 | NZ=  1804 | sparsity=0.1648 | d_m=2.6674e+02
step  357 | acc=0.9080 | NZ=  1803 | sparsity=0.1653 | d_m=2.7045e+02
step  358 | acc=0.9080 | NZ=  1802 | sparsity=0.1657 | d_m=2.7013e+02
step  359 | acc=0.9080 | NZ=  1801 | sparsity=0.1662 | d_m=2.6339e+02
step  360 | acc=0.9080 | NZ=  1800 | sparsity=0.1667 | d_m=2.6492e+02
step  361 | acc=0.9080 | NZ=  1799 | sparsity=0.1671 | d_m=2.5982e+02
step  362 | acc=0.9080 | NZ=  1798 | sparsity=0.1676 | d_m=2.6834e+02
step  363 | acc=0.9070 | NZ=  1797 | sparsity=0.1681 | d_m=2.7251e+02
step  364 | acc=0.9080 | NZ=  1796 | sparsity=0.1685 | d_m=2.7304e+02
step  365 | acc=0.9070 | NZ=  1795 | sparsity=0.1690 | d_m=2.7762e+02
step  366 | acc=0.9070 | NZ=  1794 | sparsity=0.1694 | d_m=2.8355e+02
step  367 | acc=0.9070 | NZ=  1793 | sparsity=0.1699 | d_m=2.8743e+02
step  368 | acc=0.9070 | NZ=  1792 | sparsity=0.1704 | d_m=2.9392e+02
step  369 | acc=0.9080 | NZ=  1791 | sparsity=0.1708 | d_m=2.9779e+02
step  370 | acc=0.9080 | NZ=  1790 | sparsity=0.1713 | d_m=2.9797e+02
step  371 | acc=0.9080 | NZ=  1789 | sparsity=0.1718 | d_m=2.9941e+02
step  372 | acc=0.9080 | NZ=  1788 | sparsity=0.1722 | d_m=3.0318e+02
step  373 | acc=0.9070 | NZ=  1787 | sparsity=0.1727 | d_m=3.0389e+02
step  374 | acc=0.9070 | NZ=  1786 | sparsity=0.1731 | d_m=3.0990e+02
step  375 | acc=0.9070 | NZ=  1785 | sparsity=0.1736 | d_m=3.1448e+02
step  376 | acc=0.9070 | NZ=  1784 | sparsity=0.1741 | d_m=3.1649e+02
step  377 | acc=0.9080 | NZ=  1783 | sparsity=0.1745 | d_m=3.1445e+02
step  378 | acc=0.9070 | NZ=  1782 | sparsity=0.1750 | d_m=3.1481e+02
step  379 | acc=0.9070 | NZ=  1781 | sparsity=0.1755 | d_m=3.1656e+02
step  380 | acc=0.9080 | NZ=  1780 | sparsity=0.1759 | d_m=3.1898e+02
step  381 | acc=0.9080 | NZ=  1779 | sparsity=0.1764 | d_m=3.2360e+02
step  382 | acc=0.9070 | NZ=  1778 | sparsity=0.1769 | d_m=3.2407e+02
step  383 | acc=0.9080 | NZ=  1777 | sparsity=0.1773 | d_m=3.1338e+02
step  384 | acc=0.9070 | NZ=  1776 | sparsity=0.1778 | d_m=3.2223e+02
step  385 | acc=0.9070 | NZ=  1775 | sparsity=0.1782 | d_m=3.3071e+02
step  386 | acc=0.9060 | NZ=  1774 | sparsity=0.1787 | d_m=3.3161e+02
step  387 | acc=0.9060 | NZ=  1773 | sparsity=0.1792 | d_m=3.3195e+02
step  388 | acc=0.9060 | NZ=  1772 | sparsity=0.1796 | d_m=3.2614e+02
step  389 | acc=0.9060 | NZ=  1771 | sparsity=0.1801 | d_m=3.3745e+02
step  390 | acc=0.9060 | NZ=  1770 | sparsity=0.1806 | d_m=3.4907e+02
step  391 | acc=0.9060 | NZ=  1769 | sparsity=0.1810 | d_m=3.5189e+02
step  392 | acc=0.9070 | NZ=  1768 | sparsity=0.1815 | d_m=3.5915e+02
step  393 | acc=0.9060 | NZ=  1767 | sparsity=0.1819 | d_m=3.7266e+02
step  394 | acc=0.9060 | NZ=  1766 | sparsity=0.1824 | d_m=3.8393e+02
step  395 | acc=0.9060 | NZ=  1765 | sparsity=0.1829 | d_m=3.9341e+02
step  396 | acc=0.9060 | NZ=  1764 | sparsity=0.1833 | d_m=3.9573e+02
step  397 | acc=0.9070 | NZ=  1763 | sparsity=0.1838 | d_m=4.0092e+02
step  398 | acc=0.9070 | NZ=  1762 | sparsity=0.1843 | d_m=4.0412e+02
step  399 | acc=0.9070 | NZ=  1761 | sparsity=0.1847 | d_m=4.0207e+02
step  400 | acc=0.9070 | NZ=  1760 | sparsity=0.1852 | d_m=4.0798e+02
step  401 | acc=0.9070 | NZ=  1759 | sparsity=0.1856 | d_m=4.0422e+02
step  402 | acc=0.9070 | NZ=  1758 | sparsity=0.1861 | d_m=4.1170e+02
step  403 | acc=0.9070 | NZ=  1757 | sparsity=0.1866 | d_m=4.2052e+02
step  404 | acc=0.9070 | NZ=  1756 | sparsity=0.1870 | d_m=4.2765e+02
step  405 | acc=0.9060 | NZ=  1755 | sparsity=0.1875 | d_m=4.2860e+02
step  406 | acc=0.9060 | NZ=  1754 | sparsity=0.1880 | d_m=4.2203e+02
step  407 | acc=0.9060 | NZ=  1753 | sparsity=0.1884 | d_m=4.2962e+02
step  408 | acc=0.9070 | NZ=  1752 | sparsity=0.1889 | d_m=4.2826e+02
step  409 | acc=0.9070 | NZ=  1751 | sparsity=0.1894 | d_m=4.2771e+02
step  410 | acc=0.9070 | NZ=  1750 | sparsity=0.1898 | d_m=4.3778e+02
step  411 | acc=0.9070 | NZ=  1749 | sparsity=0.1903 | d_m=4.3797e+02
step  412 | acc=0.9070 | NZ=  1748 | sparsity=0.1907 | d_m=4.4999e+02
step  413 | acc=0.9070 | NZ=  1747 | sparsity=0.1912 | d_m=4.5346e+02
step  414 | acc=0.9070 | NZ=  1746 | sparsity=0.1917 | d_m=4.5928e+02
step  415 | acc=0.9070 | NZ=  1745 | sparsity=0.1921 | d_m=4.6728e+02
step  416 | acc=0.9070 | NZ=  1744 | sparsity=0.1926 | d_m=4.6717e+02
step  417 | acc=0.9070 | NZ=  1743 | sparsity=0.1931 | d_m=4.6399e+02
step  418 | acc=0.9070 | NZ=  1742 | sparsity=0.1935 | d_m=4.7392e+02
step  419 | acc=0.9070 | NZ=  1741 | sparsity=0.1940 | d_m=4.7185e+02
step  420 | acc=0.9070 | NZ=  1740 | sparsity=0.1944 | d_m=4.7911e+02
step  421 | acc=0.9070 | NZ=  1739 | sparsity=0.1949 | d_m=4.9019e+02
step  422 | acc=0.9070 | NZ=  1738 | sparsity=0.1954 | d_m=5.0007e+02
step  423 | acc=0.9070 | NZ=  1737 | sparsity=0.1958 | d_m=5.0994e+02
step  424 | acc=0.9070 | NZ=  1736 | sparsity=0.1963 | d_m=5.1349e+02
step  425 | acc=0.9070 | NZ=  1735 | sparsity=0.1968 | d_m=5.1948e+02
step  426 | acc=0.9070 | NZ=  1734 | sparsity=0.1972 | d_m=5.2607e+02
step  427 | acc=0.9070 | NZ=  1733 | sparsity=0.1977 | d_m=5.3294e+02
step  428 | acc=0.9070 | NZ=  1732 | sparsity=0.1981 | d_m=5.3878e+02
step  429 | acc=0.9070 | NZ=  1731 | sparsity=0.1986 | d_m=5.3719e+02
step  430 | acc=0.9070 | NZ=  1730 | sparsity=0.1991 | d_m=5.2542e+02
step  431 | acc=0.9070 | NZ=  1729 | sparsity=0.1995 | d_m=5.3596e+02
step  432 | acc=0.9070 | NZ=  1728 | sparsity=0.2000 | d_m=5.3700e+02
step  433 | acc=0.9070 | NZ=  1727 | sparsity=0.2005 | d_m=5.4695e+02
step  434 | acc=0.9070 | NZ=  1726 | sparsity=0.2009 | d_m=5.4987e+02
step  435 | acc=0.9070 | NZ=  1725 | sparsity=0.2014 | d_m=5.5679e+02
step  436 | acc=0.9070 | NZ=  1724 | sparsity=0.2019 | d_m=5.4978e+02
step  437 | acc=0.9070 | NZ=  1723 | sparsity=0.2023 | d_m=5.6009e+02
step  438 | acc=0.9070 | NZ=  1722 | sparsity=0.2028 | d_m=5.6910e+02
step  439 | acc=0.9070 | NZ=  1721 | sparsity=0.2032 | d_m=5.7297e+02
step  440 | acc=0.9070 | NZ=  1720 | sparsity=0.2037 | d_m=5.7349e+02
step  441 | acc=0.9070 | NZ=  1719 | sparsity=0.2042 | d_m=5.8247e+02
step  442 | acc=0.9070 | NZ=  1718 | sparsity=0.2046 | d_m=5.8039e+02
step  443 | acc=0.9070 | NZ=  1717 | sparsity=0.2051 | d_m=5.7339e+02
step  444 | acc=0.9070 | NZ=  1716 | sparsity=0.2056 | d_m=5.8417e+02
step  445 | acc=0.9070 | NZ=  1715 | sparsity=0.2060 | d_m=5.8778e+02
step  446 | acc=0.9070 | NZ=  1714 | sparsity=0.2065 | d_m=6.0483e+02
step  447 | acc=0.9070 | NZ=  1713 | sparsity=0.2069 | d_m=6.1886e+02
step  448 | acc=0.9070 | NZ=  1712 | sparsity=0.2074 | d_m=6.2937e+02
step  449 | acc=0.9070 | NZ=  1711 | sparsity=0.2079 | d_m=6.3127e+02
step  450 | acc=0.9070 | NZ=  1710 | sparsity=0.2083 | d_m=6.2963e+02
step  451 | acc=0.9070 | NZ=  1709 | sparsity=0.2088 | d_m=6.3039e+02
step  452 | acc=0.9070 | NZ=  1708 | sparsity=0.2093 | d_m=6.3276e+02
step  453 | acc=0.9070 | NZ=  1707 | sparsity=0.2097 | d_m=6.4163e+02
step  454 | acc=0.9070 | NZ=  1706 | sparsity=0.2102 | d_m=6.5003e+02
step  455 | acc=0.9070 | NZ=  1705 | sparsity=0.2106 | d_m=6.5613e+02
step  456 | acc=0.9070 | NZ=  1704 | sparsity=0.2111 | d_m=6.6117e+02
step  457 | acc=0.9070 | NZ=  1703 | sparsity=0.2116 | d_m=6.7158e+02
step  458 | acc=0.9070 | NZ=  1702 | sparsity=0.2120 | d_m=6.7544e+02
step  459 | acc=0.9070 | NZ=  1701 | sparsity=0.2125 | d_m=6.8234e+02
step  460 | acc=0.9070 | NZ=  1700 | sparsity=0.2130 | d_m=6.8120e+02
step  461 | acc=0.9070 | NZ=  1699 | sparsity=0.2134 | d_m=6.9245e+02
step  462 | acc=0.9070 | NZ=  1698 | sparsity=0.2139 | d_m=6.9316e+02
step  463 | acc=0.9070 | NZ=  1697 | sparsity=0.2144 | d_m=6.9976e+02
step  464 | acc=0.9070 | NZ=  1696 | sparsity=0.2148 | d_m=6.9995e+02
step  465 | acc=0.9080 | NZ=  1695 | sparsity=0.2153 | d_m=7.1029e+02
step  466 | acc=0.9080 | NZ=  1694 | sparsity=0.2157 | d_m=7.0701e+02
step  467 | acc=0.9080 | NZ=  1693 | sparsity=0.2162 | d_m=7.2196e+02
step  468 | acc=0.9080 | NZ=  1692 | sparsity=0.2167 | d_m=7.2074e+02
step  469 | acc=0.9080 | NZ=  1691 | sparsity=0.2171 | d_m=7.3294e+02
step  470 | acc=0.9080 | NZ=  1690 | sparsity=0.2176 | d_m=7.4317e+02
step  471 | acc=0.9080 | NZ=  1689 | sparsity=0.2181 | d_m=7.5957e+02
step  472 | acc=0.9080 | NZ=  1688 | sparsity=0.2185 | d_m=7.6391e+02
step  473 | acc=0.9080 | NZ=  1687 | sparsity=0.2190 | d_m=7.6435e+02
step  474 | acc=0.9080 | NZ=  1686 | sparsity=0.2194 | d_m=7.6180e+02
step  475 | acc=0.9080 | NZ=  1685 | sparsity=0.2199 | d_m=7.5776e+02
step  476 | acc=0.9090 | NZ=  1684 | sparsity=0.2204 | d_m=7.6416e+02
step  477 | acc=0.9090 | NZ=  1683 | sparsity=0.2208 | d_m=7.7206e+02
step  478 | acc=0.9090 | NZ=  1682 | sparsity=0.2213 | d_m=7.7574e+02
step  479 | acc=0.9090 | NZ=  1681 | sparsity=0.2218 | d_m=7.7118e+02
step  480 | acc=0.9090 | NZ=  1680 | sparsity=0.2222 | d_m=7.6057e+02
step  481 | acc=0.9080 | NZ=  1679 | sparsity=0.2227 | d_m=7.7019e+02
step  482 | acc=0.9090 | NZ=  1678 | sparsity=0.2231 | d_m=7.8304e+02
step  483 | acc=0.9090 | NZ=  1677 | sparsity=0.2236 | d_m=7.9418e+02
step  484 | acc=0.9090 | NZ=  1676 | sparsity=0.2241 | d_m=8.0354e+02
step  485 | acc=0.9090 | NZ=  1675 | sparsity=0.2245 | d_m=8.1178e+02
step  486 | acc=0.9090 | NZ=  1674 | sparsity=0.2250 | d_m=8.1793e+02
step  487 | acc=0.9090 | NZ=  1673 | sparsity=0.2255 | d_m=8.2261e+02
step  488 | acc=0.9090 | NZ=  1672 | sparsity=0.2259 | d_m=8.3472e+02
step  489 | acc=0.9090 | NZ=  1671 | sparsity=0.2264 | d_m=8.4519e+02
step  490 | acc=0.9090 | NZ=  1670 | sparsity=0.2269 | d_m=8.4255e+02
step  491 | acc=0.9090 | NZ=  1669 | sparsity=0.2273 | d_m=8.4823e+02
step  492 | acc=0.9090 | NZ=  1668 | sparsity=0.2278 | d_m=8.5068e+02
step  493 | acc=0.9090 | NZ=  1667 | sparsity=0.2282 | d_m=8.5353e+02
step  494 | acc=0.9090 | NZ=  1666 | sparsity=0.2287 | d_m=8.4339e+02
step  495 | acc=0.9070 | NZ=  1665 | sparsity=0.2292 | d_m=8.3223e+02
step  496 | acc=0.9080 | NZ=  1664 | sparsity=0.2296 | d_m=8.3562e+02
step  497 | acc=0.9070 | NZ=  1663 | sparsity=0.2301 | d_m=8.4986e+02
step  498 | acc=0.9090 | NZ=  1662 | sparsity=0.2306 | d_m=8.5587e+02
step  499 | acc=0.9080 | NZ=  1661 | sparsity=0.2310 | d_m=8.6609e+02
Sparsification log saved to: /home/simon/repos/onnxmlir-pim-sparsify/artifacts/e10_seed_1/sparsified/sparsification_log.csv
[16:08:12]   sparsify: done
[16:08:12] --- e10_seed_2 ---
[16:08:12]   train: starting
Output folder: /home/simon/repos/onnxmlir-pim-sparsify/artifacts/e10_seed_2
Data loaded.
	X_train.shape = (10000, 196)
	X_test.shape  = (1000, 196)
Topology: [196, 10, 10, 10]
Training loop started
---------------------------------------------------------
	Epoch 0 of 1000 in 0.47 sec
	Train acc 0.08940 | Test acc 0.08700
---------------------------------------------------------
	Epoch 100 of 1000 in 0.00 sec
	Train acc 0.32700 | Test acc 0.33300
---------------------------------------------------------
	Epoch 200 of 1000 in 0.00 sec
	Train acc 0.74060 | Test acc 0.73400
---------------------------------------------------------
	Epoch 300 of 1000 in 0.00 sec
	Train acc 0.83460 | Test acc 0.82100
---------------------------------------------------------
	Epoch 400 of 1000 in 0.00 sec
	Train acc 0.87800 | Test acc 0.87800
---------------------------------------------------------
	Epoch 500 of 1000 in 0.00 sec
	Train acc 0.90040 | Test acc 0.89800
---------------------------------------------------------
	Epoch 600 of 1000 in 0.00 sec
	Train acc 0.91100 | Test acc 0.91200
---------------------------------------------------------
	Epoch 700 of 1000 in 0.00 sec
	Train acc 0.91870 | Test acc 0.91700
---------------------------------------------------------
	Epoch 800 of 1000 in 0.00 sec
	Train acc 0.92310 | Test acc 0.91900
---------------------------------------------------------
	Epoch 900 of 1000 in 0.00 sec
	Train acc 0.92570 | Test acc 0.92100
---------------------------------------------------------
Training log saved to: /home/simon/repos/onnxmlir-pim-sparsify/artifacts/e10_seed_2/training_log.csv
Model saved to: /home/simon/repos/onnxmlir-pim-sparsify/artifacts/e10_seed_2
[16:08:54]   train: done
[16:08:54]   sparsify: starting
Load the parameters from the folder
Found 3 layers in /home/simon/repos/onnxmlir-pim-sparsify/artifacts/e10_seed_2
Accuracy in validation: 0.9280
Total parameters: 2160
Perturbation distance (sanity check): 1.4764e+00
Starting sparsification loop
At every iteration the network gets:
	 1. Pruned   — remove the least influential parameter
	 2. Adjusted — compensate via remaining parameters
step    0 | acc=0.9280 | NZ=  2160 | sparsity=0.0000 | d_m=0.0000e+00
step    1 | acc=0.9280 | NZ=  2159 | sparsity=0.0005 | d_m=0.0000e+00
step    2 | acc=0.9280 | NZ=  2158 | sparsity=0.0009 | d_m=0.0000e+00
step    3 | acc=0.9280 | NZ=  2157 | sparsity=0.0014 | d_m=0.0000e+00
step    4 | acc=0.9280 | NZ=  2156 | sparsity=0.0019 | d_m=0.0000e+00
step    5 | acc=0.9280 | NZ=  2155 | sparsity=0.0023 | d_m=0.0000e+00
step    6 | acc=0.9280 | NZ=  2154 | sparsity=0.0028 | d_m=0.0000e+00
step    7 | acc=0.9280 | NZ=  2153 | sparsity=0.0032 | d_m=0.0000e+00
step    8 | acc=0.9280 | NZ=  2152 | sparsity=0.0037 | d_m=0.0000e+00
step    9 | acc=0.9100 | NZ=  2151 | sparsity=0.0042 | d_m=0.0000e+00
step   10 | acc=0.9100 | NZ=  2150 | sparsity=0.0046 | d_m=0.0000e+00
step   11 | acc=0.9100 | NZ=  2149 | sparsity=0.0051 | d_m=0.0000e+00
step   12 | acc=0.9100 | NZ=  2148 | sparsity=0.0056 | d_m=0.0000e+00
step   13 | acc=0.9100 | NZ=  2147 | sparsity=0.0060 | d_m=0.0000e+00
step   14 | acc=0.9100 | NZ=  2146 | sparsity=0.0065 | d_m=0.0000e+00
step   15 | acc=0.9100 | NZ=  2145 | sparsity=0.0069 | d_m=0.0000e+00
step   16 | acc=0.9100 | NZ=  2144 | sparsity=0.0074 | d_m=0.0000e+00
step   17 | acc=0.9100 | NZ=  2143 | sparsity=0.0079 | d_m=0.0000e+00
step   18 | acc=0.9100 | NZ=  2142 | sparsity=0.0083 | d_m=0.0000e+00
step   19 | acc=0.9100 | NZ=  2141 | sparsity=0.0088 | d_m=0.0000e+00
step   20 | acc=0.9100 | NZ=  2140 | sparsity=0.0093 | d_m=0.0000e+00
step   21 | acc=0.9100 | NZ=  2139 | sparsity=0.0097 | d_m=0.0000e+00
step   22 | acc=0.9100 | NZ=  2138 | sparsity=0.0102 | d_m=0.0000e+00
step   23 | acc=0.9100 | NZ=  2137 | sparsity=0.0106 | d_m=0.0000e+00
step   24 | acc=0.9100 | NZ=  2136 | sparsity=0.0111 | d_m=0.0000e+00
step   25 | acc=0.9100 | NZ=  2135 | sparsity=0.0116 | d_m=0.0000e+00
step   26 | acc=0.9070 | NZ=  2134 | sparsity=0.0120 | d_m=0.0000e+00
step   27 | acc=0.9070 | NZ=  2133 | sparsity=0.0125 | d_m=0.0000e+00
step   28 | acc=0.9070 | NZ=  2132 | sparsity=0.0130 | d_m=0.0000e+00
step   29 | acc=0.9060 | NZ=  2131 | sparsity=0.0134 | d_m=0.0000e+00
step   30 | acc=0.9060 | NZ=  2130 | sparsity=0.0139 | d_m=0.0000e+00
step   31 | acc=0.9060 | NZ=  2129 | sparsity=0.0144 | d_m=0.0000e+00
step   32 | acc=0.9060 | NZ=  2128 | sparsity=0.0148 | d_m=0.0000e+00
step   33 | acc=0.9040 | NZ=  2127 | sparsity=0.0153 | d_m=0.0000e+00
step   34 | acc=0.9020 | NZ=  2126 | sparsity=0.0157 | d_m=0.0000e+00
step   35 | acc=0.9020 | NZ=  2125 | sparsity=0.0162 | d_m=0.0000e+00
step   36 | acc=0.9020 | NZ=  2124 | sparsity=0.0167 | d_m=0.0000e+00
step   37 | acc=0.9020 | NZ=  2123 | sparsity=0.0171 | d_m=0.0000e+00
step   38 | acc=0.9020 | NZ=  2122 | sparsity=0.0176 | d_m=0.0000e+00
step   39 | acc=0.9020 | NZ=  2121 | sparsity=0.0181 | d_m=0.0000e+00
step   40 | acc=0.9030 | NZ=  2120 | sparsity=0.0185 | d_m=0.0000e+00
step   41 | acc=0.9030 | NZ=  2119 | sparsity=0.0190 | d_m=0.0000e+00
step   42 | acc=0.9000 | NZ=  2118 | sparsity=0.0194 | d_m=0.0000e+00
step   43 | acc=0.9000 | NZ=  2117 | sparsity=0.0199 | d_m=0.0000e+00
step   44 | acc=0.9000 | NZ=  2116 | sparsity=0.0204 | d_m=0.0000e+00
step   45 | acc=0.9010 | NZ=  2115 | sparsity=0.0208 | d_m=0.0000e+00
step   46 | acc=0.9010 | NZ=  2114 | sparsity=0.0213 | d_m=0.0000e+00
step   47 | acc=0.9040 | NZ=  2113 | sparsity=0.0218 | d_m=0.0000e+00
step   48 | acc=0.9010 | NZ=  2112 | sparsity=0.0222 | d_m=0.0000e+00
step   49 | acc=0.9010 | NZ=  2111 | sparsity=0.0227 | d_m=0.0000e+00
step   50 | acc=0.9010 | NZ=  2110 | sparsity=0.0231 | d_m=0.0000e+00
step   51 | acc=0.9010 | NZ=  2109 | sparsity=0.0236 | d_m=0.0000e+00
step   52 | acc=0.9010 | NZ=  2108 | sparsity=0.0241 | d_m=0.0000e+00
step   53 | acc=0.9010 | NZ=  2107 | sparsity=0.0245 | d_m=0.0000e+00
step   54 | acc=0.8990 | NZ=  2106 | sparsity=0.0250 | d_m=0.0000e+00
step   55 | acc=0.8990 | NZ=  2105 | sparsity=0.0255 | d_m=0.0000e+00
step   56 | acc=0.8990 | NZ=  2104 | sparsity=0.0259 | d_m=0.0000e+00
step   57 | acc=0.8990 | NZ=  2103 | sparsity=0.0264 | d_m=0.0000e+00
step   58 | acc=0.8990 | NZ=  2102 | sparsity=0.0269 | d_m=0.0000e+00
step   59 | acc=0.8990 | NZ=  2101 | sparsity=0.0273 | d_m=0.0000e+00
step   60 | acc=0.8990 | NZ=  2100 | sparsity=0.0278 | d_m=0.0000e+00
step   61 | acc=0.8970 | NZ=  2099 | sparsity=0.0282 | d_m=0.0000e+00
step   62 | acc=0.8970 | NZ=  2098 | sparsity=0.0287 | d_m=0.0000e+00
step   63 | acc=0.8970 | NZ=  2097 | sparsity=0.0292 | d_m=0.0000e+00
step   64 | acc=0.8970 | NZ=  2096 | sparsity=0.0296 | d_m=0.0000e+00
step   65 | acc=0.8970 | NZ=  2095 | sparsity=0.0301 | d_m=0.0000e+00
step   66 | acc=0.8970 | NZ=  2094 | sparsity=0.0306 | d_m=0.0000e+00
step   67 | acc=0.8970 | NZ=  2093 | sparsity=0.0310 | d_m=0.0000e+00
step   68 | acc=0.8960 | NZ=  2092 | sparsity=0.0315 | d_m=0.0000e+00
step   69 | acc=0.8910 | NZ=  2091 | sparsity=0.0319 | d_m=0.0000e+00
step   70 | acc=0.8910 | NZ=  2090 | sparsity=0.0324 | d_m=0.0000e+00
step   71 | acc=0.8900 | NZ=  2089 | sparsity=0.0329 | d_m=0.0000e+00
step   72 | acc=0.8920 | NZ=  2088 | sparsity=0.0333 | d_m=0.0000e+00
step   73 | acc=0.8800 | NZ=  2087 | sparsity=0.0338 | d_m=0.0000e+00
step   74 | acc=0.8800 | NZ=  2086 | sparsity=0.0343 | d_m=0.0000e+00
step   75 | acc=0.8790 | NZ=  2085 | sparsity=0.0347 | d_m=0.0000e+00
step   76 | acc=0.8790 | NZ=  2084 | sparsity=0.0352 | d_m=0.0000e+00
step   77 | acc=0.8790 | NZ=  2083 | sparsity=0.0356 | d_m=0.0000e+00
step   78 | acc=0.8790 | NZ=  2082 | sparsity=0.0361 | d_m=0.0000e+00
step   79 | acc=0.8790 | NZ=  2081 | sparsity=0.0366 | d_m=0.0000e+00
step   80 | acc=0.8790 | NZ=  2080 | sparsity=0.0370 | d_m=0.0000e+00
step   81 | acc=0.8790 | NZ=  2079 | sparsity=0.0375 | d_m=0.0000e+00
step   82 | acc=0.8790 | NZ=  2078 | sparsity=0.0380 | d_m=0.0000e+00
step   83 | acc=0.8790 | NZ=  2077 | sparsity=0.0384 | d_m=0.0000e+00
step   84 | acc=0.8780 | NZ=  2076 | sparsity=0.0389 | d_m=0.0000e+00
step   85 | acc=0.8770 | NZ=  2075 | sparsity=0.0394 | d_m=0.0000e+00
step   86 | acc=0.8770 | NZ=  2074 | sparsity=0.0398 | d_m=0.0000e+00
step   87 | acc=0.8770 | NZ=  2073 | sparsity=0.0403 | d_m=0.0000e+00
step   88 | acc=0.8770 | NZ=  2072 | sparsity=0.0407 | d_m=0.0000e+00
step   89 | acc=0.8770 | NZ=  2071 | sparsity=0.0412 | d_m=0.0000e+00
step   90 | acc=0.8780 | NZ=  2070 | sparsity=0.0417 | d_m=0.0000e+00
step   91 | acc=0.8780 | NZ=  2069 | sparsity=0.0421 | d_m=0.0000e+00
step   92 | acc=0.8780 | NZ=  2068 | sparsity=0.0426 | d_m=0.0000e+00
step   93 | acc=0.8780 | NZ=  2067 | sparsity=0.0431 | d_m=0.0000e+00
step   94 | acc=0.8780 | NZ=  2066 | sparsity=0.0435 | d_m=0.0000e+00
step   95 | acc=0.8780 | NZ=  2065 | sparsity=0.0440 | d_m=0.0000e+00
step   96 | acc=0.8770 | NZ=  2064 | sparsity=0.0444 | d_m=0.0000e+00
step   97 | acc=0.8770 | NZ=  2063 | sparsity=0.0449 | d_m=0.0000e+00
step   98 | acc=0.8770 | NZ=  2062 | sparsity=0.0454 | d_m=0.0000e+00
step   99 | acc=0.8770 | NZ=  2061 | sparsity=0.0458 | d_m=0.0000e+00
step  100 | acc=0.8770 | NZ=  2060 | sparsity=0.0463 | d_m=0.0000e+00
step  101 | acc=0.8770 | NZ=  2059 | sparsity=0.0468 | d_m=0.0000e+00
step  102 | acc=0.8770 | NZ=  2058 | sparsity=0.0472 | d_m=0.0000e+00
step  103 | acc=0.8770 | NZ=  2057 | sparsity=0.0477 | d_m=0.0000e+00
step  104 | acc=0.8770 | NZ=  2056 | sparsity=0.0481 | d_m=0.0000e+00
step  105 | acc=0.8780 | NZ=  2055 | sparsity=0.0486 | d_m=0.0000e+00
step  106 | acc=0.8780 | NZ=  2054 | sparsity=0.0491 | d_m=0.0000e+00
step  107 | acc=0.8780 | NZ=  2053 | sparsity=0.0495 | d_m=0.0000e+00
step  108 | acc=0.8760 | NZ=  2052 | sparsity=0.0500 | d_m=0.0000e+00
step  109 | acc=0.8760 | NZ=  2051 | sparsity=0.0505 | d_m=0.0000e+00
step  110 | acc=0.8760 | NZ=  2050 | sparsity=0.0509 | d_m=0.0000e+00
step  111 | acc=0.8760 | NZ=  2049 | sparsity=0.0514 | d_m=0.0000e+00
step  112 | acc=0.8760 | NZ=  2048 | sparsity=0.0519 | d_m=0.0000e+00
step  113 | acc=0.8760 | NZ=  2047 | sparsity=0.0523 | d_m=0.0000e+00
step  114 | acc=0.8750 | NZ=  2046 | sparsity=0.0528 | d_m=0.0000e+00
step  115 | acc=0.8750 | NZ=  2045 | sparsity=0.0532 | d_m=0.0000e+00
step  116 | acc=0.8750 | NZ=  2044 | sparsity=0.0537 | d_m=0.0000e+00
step  117 | acc=0.8750 | NZ=  2043 | sparsity=0.0542 | d_m=0.0000e+00
step  118 | acc=0.8750 | NZ=  2042 | sparsity=0.0546 | d_m=0.0000e+00
step  119 | acc=0.8750 | NZ=  2041 | sparsity=0.0551 | d_m=0.0000e+00
step  120 | acc=0.8750 | NZ=  2040 | sparsity=0.0556 | d_m=0.0000e+00
step  121 | acc=0.8740 | NZ=  2039 | sparsity=0.0560 | d_m=0.0000e+00
step  122 | acc=0.8740 | NZ=  2038 | sparsity=0.0565 | d_m=0.0000e+00
step  123 | acc=0.8740 | NZ=  2037 | sparsity=0.0569 | d_m=0.0000e+00
step  124 | acc=0.8740 | NZ=  2036 | sparsity=0.0574 | d_m=0.0000e+00
step  125 | acc=0.8740 | NZ=  2035 | sparsity=0.0579 | d_m=0.0000e+00
step  126 | acc=0.8740 | NZ=  2034 | sparsity=0.0583 | d_m=0.0000e+00
step  127 | acc=0.8740 | NZ=  2033 | sparsity=0.0588 | d_m=0.0000e+00
step  128 | acc=0.8740 | NZ=  2032 | sparsity=0.0593 | d_m=0.0000e+00
step  129 | acc=0.8740 | NZ=  2031 | sparsity=0.0597 | d_m=0.0000e+00
step  130 | acc=0.8740 | NZ=  2030 | sparsity=0.0602 | d_m=0.0000e+00
step  131 | acc=0.8740 | NZ=  2029 | sparsity=0.0606 | d_m=0.0000e+00
step  132 | acc=0.8700 | NZ=  2028 | sparsity=0.0611 | d_m=0.0000e+00
step  133 | acc=0.8690 | NZ=  2027 | sparsity=0.0616 | d_m=0.0000e+00
step  134 | acc=0.8690 | NZ=  2026 | sparsity=0.0620 | d_m=0.0000e+00
step  135 | acc=0.8690 | NZ=  2025 | sparsity=0.0625 | d_m=0.0000e+00
step  136 | acc=0.8690 | NZ=  2024 | sparsity=0.0630 | d_m=0.0000e+00
step  137 | acc=0.8700 | NZ=  2023 | sparsity=0.0634 | d_m=0.0000e+00
step  138 | acc=0.8700 | NZ=  2022 | sparsity=0.0639 | d_m=0.0000e+00
step  139 | acc=0.8690 | NZ=  2021 | sparsity=0.0644 | d_m=0.0000e+00
step  140 | acc=0.8690 | NZ=  2020 | sparsity=0.0648 | d_m=0.0000e+00
step  141 | acc=0.8690 | NZ=  2019 | sparsity=0.0653 | d_m=0.0000e+00
step  142 | acc=0.8680 | NZ=  2018 | sparsity=0.0657 | d_m=0.0000e+00
step  143 | acc=0.8680 | NZ=  2017 | sparsity=0.0662 | d_m=0.0000e+00
step  144 | acc=0.8680 | NZ=  2016 | sparsity=0.0667 | d_m=0.0000e+00
step  145 | acc=0.8680 | NZ=  2015 | sparsity=0.0671 | d_m=0.0000e+00
step  146 | acc=0.8680 | NZ=  2014 | sparsity=0.0676 | d_m=0.0000e+00
step  147 | acc=0.8680 | NZ=  2013 | sparsity=0.0681 | d_m=0.0000e+00
step  148 | acc=0.8680 | NZ=  2012 | sparsity=0.0685 | d_m=0.0000e+00
step  149 | acc=0.8680 | NZ=  2011 | sparsity=0.0690 | d_m=0.0000e+00
step  150 | acc=0.8680 | NZ=  2010 | sparsity=0.0694 | d_m=0.0000e+00
step  151 | acc=0.8680 | NZ=  2009 | sparsity=0.0699 | d_m=0.0000e+00
step  152 | acc=0.8680 | NZ=  2008 | sparsity=0.0704 | d_m=0.0000e+00
step  153 | acc=0.8680 | NZ=  2007 | sparsity=0.0708 | d_m=0.0000e+00
step  154 | acc=0.8680 | NZ=  2006 | sparsity=0.0713 | d_m=0.0000e+00
step  155 | acc=0.8680 | NZ=  2005 | sparsity=0.0718 | d_m=0.0000e+00
step  156 | acc=0.8680 | NZ=  2004 | sparsity=0.0722 | d_m=0.0000e+00
step  157 | acc=0.8680 | NZ=  2003 | sparsity=0.0727 | d_m=0.0000e+00
step  158 | acc=0.8680 | NZ=  2002 | sparsity=0.0731 | d_m=0.0000e+00
step  159 | acc=0.8680 | NZ=  2001 | sparsity=0.0736 | d_m=0.0000e+00
step  160 | acc=0.8680 | NZ=  2000 | sparsity=0.0741 | d_m=0.0000e+00
step  161 | acc=0.8680 | NZ=  1999 | sparsity=0.0745 | d_m=0.0000e+00
step  162 | acc=0.8680 | NZ=  1998 | sparsity=0.0750 | d_m=0.0000e+00
step  163 | acc=0.8680 | NZ=  1997 | sparsity=0.0755 | d_m=0.0000e+00
step  164 | acc=0.8680 | NZ=  1996 | sparsity=0.0759 | d_m=0.0000e+00
step  165 | acc=0.8690 | NZ=  1995 | sparsity=0.0764 | d_m=0.0000e+00
step  166 | acc=0.8690 | NZ=  1994 | sparsity=0.0769 | d_m=0.0000e+00
step  167 | acc=0.8690 | NZ=  1993 | sparsity=0.0773 | d_m=0.0000e+00
step  168 | acc=0.8690 | NZ=  1992 | sparsity=0.0778 | d_m=0.0000e+00
step  169 | acc=0.8680 | NZ=  1991 | sparsity=0.0782 | d_m=0.0000e+00
step  170 | acc=0.8690 | NZ=  1990 | sparsity=0.0787 | d_m=0.0000e+00
step  171 | acc=0.8680 | NZ=  1989 | sparsity=0.0792 | d_m=0.0000e+00
step  172 | acc=0.8680 | NZ=  1988 | sparsity=0.0796 | d_m=0.0000e+00
step  173 | acc=0.8690 | NZ=  1987 | sparsity=0.0801 | d_m=0.0000e+00
step  174 | acc=0.8690 | NZ=  1986 | sparsity=0.0806 | d_m=0.0000e+00
step  175 | acc=0.8690 | NZ=  1985 | sparsity=0.0810 | d_m=0.0000e+00
step  176 | acc=0.8690 | NZ=  1984 | sparsity=0.0815 | d_m=0.0000e+00
step  177 | acc=0.8690 | NZ=  1983 | sparsity=0.0819 | d_m=0.0000e+00
step  178 | acc=0.8690 | NZ=  1982 | sparsity=0.0824 | d_m=0.0000e+00
step  179 | acc=0.8690 | NZ=  1981 | sparsity=0.0829 | d_m=0.0000e+00
step  180 | acc=0.8690 | NZ=  1980 | sparsity=0.0833 | d_m=0.0000e+00
step  181 | acc=0.8690 | NZ=  1979 | sparsity=0.0838 | d_m=0.0000e+00
step  182 | acc=0.8690 | NZ=  1978 | sparsity=0.0843 | d_m=0.0000e+00
step  183 | acc=0.8690 | NZ=  1977 | sparsity=0.0847 | d_m=0.0000e+00
step  184 | acc=0.8690 | NZ=  1976 | sparsity=0.0852 | d_m=0.0000e+00
step  185 | acc=0.8690 | NZ=  1975 | sparsity=0.0856 | d_m=0.0000e+00
step  186 | acc=0.8690 | NZ=  1974 | sparsity=0.0861 | d_m=0.0000e+00
step  187 | acc=0.8690 | NZ=  1973 | sparsity=0.0866 | d_m=0.0000e+00
step  188 | acc=0.8690 | NZ=  1972 | sparsity=0.0870 | d_m=0.0000e+00
step  189 | acc=0.8690 | NZ=  1971 | sparsity=0.0875 | d_m=0.0000e+00
step  190 | acc=0.8690 | NZ=  1970 | sparsity=0.0880 | d_m=0.0000e+00
step  191 | acc=0.8690 | NZ=  1969 | sparsity=0.0884 | d_m=0.0000e+00
step  192 | acc=0.8690 | NZ=  1968 | sparsity=0.0889 | d_m=0.0000e+00
step  193 | acc=0.8690 | NZ=  1967 | sparsity=0.0894 | d_m=0.0000e+00
step  194 | acc=0.8690 | NZ=  1966 | sparsity=0.0898 | d_m=0.0000e+00
step  195 | acc=0.8690 | NZ=  1965 | sparsity=0.0903 | d_m=0.0000e+00
step  196 | acc=0.8690 | NZ=  1964 | sparsity=0.0907 | d_m=0.0000e+00
step  197 | acc=0.8690 | NZ=  1963 | sparsity=0.0912 | d_m=0.0000e+00
step  198 | acc=0.8690 | NZ=  1962 | sparsity=0.0917 | d_m=0.0000e+00
step  199 | acc=0.8690 | NZ=  1961 | sparsity=0.0921 | d_m=0.0000e+00
step  200 | acc=0.8680 | NZ=  1960 | sparsity=0.0926 | d_m=0.0000e+00
step  201 | acc=0.8680 | NZ=  1959 | sparsity=0.0931 | d_m=0.0000e+00
step  202 | acc=0.8660 | NZ=  1958 | sparsity=0.0935 | d_m=0.0000e+00
step  203 | acc=0.8660 | NZ=  1957 | sparsity=0.0940 | d_m=0.0000e+00
step  204 | acc=0.8660 | NZ=  1956 | sparsity=0.0944 | d_m=0.0000e+00
step  205 | acc=0.8660 | NZ=  1955 | sparsity=0.0949 | d_m=0.0000e+00
step  206 | acc=0.8660 | NZ=  1954 | sparsity=0.0954 | d_m=0.0000e+00
step  207 | acc=0.8660 | NZ=  1953 | sparsity=0.0958 | d_m=0.0000e+00
step  208 | acc=0.8660 | NZ=  1952 | sparsity=0.0963 | d_m=0.0000e+00
step  209 | acc=0.8660 | NZ=  1951 | sparsity=0.0968 | d_m=0.0000e+00
step  210 | acc=0.8660 | NZ=  1950 | sparsity=0.0972 | d_m=0.0000e+00
step  211 | acc=0.8660 | NZ=  1949 | sparsity=0.0977 | d_m=0.0000e+00
step  212 | acc=0.8660 | NZ=  1948 | sparsity=0.0981 | d_m=0.0000e+00
step  213 | acc=0.8660 | NZ=  1947 | sparsity=0.0986 | d_m=0.0000e+00
step  214 | acc=0.8660 | NZ=  1946 | sparsity=0.0991 | d_m=0.0000e+00
step  215 | acc=0.8660 | NZ=  1945 | sparsity=0.0995 | d_m=0.0000e+00
step  216 | acc=0.8660 | NZ=  1944 | sparsity=0.1000 | d_m=0.0000e+00
step  217 | acc=0.8660 | NZ=  1943 | sparsity=0.1005 | d_m=0.0000e+00
step  218 | acc=0.8660 | NZ=  1942 | sparsity=0.1009 | d_m=0.0000e+00
step  219 | acc=0.8660 | NZ=  1941 | sparsity=0.1014 | d_m=0.0000e+00
step  220 | acc=0.8660 | NZ=  1940 | sparsity=0.1019 | d_m=0.0000e+00
step  221 | acc=0.8660 | NZ=  1939 | sparsity=0.1023 | d_m=0.0000e+00
step  222 | acc=0.8660 | NZ=  1938 | sparsity=0.1028 | d_m=0.0000e+00
step  223 | acc=0.8660 | NZ=  1937 | sparsity=0.1032 | d_m=0.0000e+00
step  224 | acc=0.8660 | NZ=  1936 | sparsity=0.1037 | d_m=0.0000e+00
step  225 | acc=0.8660 | NZ=  1935 | sparsity=0.1042 | d_m=0.0000e+00
step  226 | acc=0.8660 | NZ=  1934 | sparsity=0.1046 | d_m=0.0000e+00
step  227 | acc=0.8660 | NZ=  1933 | sparsity=0.1051 | d_m=0.0000e+00
step  228 | acc=0.8660 | NZ=  1932 | sparsity=0.1056 | d_m=0.0000e+00
step  229 | acc=0.8660 | NZ=  1931 | sparsity=0.1060 | d_m=0.0000e+00
step  230 | acc=0.8660 | NZ=  1930 | sparsity=0.1065 | d_m=0.0000e+00
step  231 | acc=0.8660 | NZ=  1929 | sparsity=0.1069 | d_m=0.0000e+00
step  232 | acc=0.8660 | NZ=  1928 | sparsity=0.1074 | d_m=0.0000e+00
step  233 | acc=0.8660 | NZ=  1927 | sparsity=0.1079 | d_m=0.0000e+00
step  234 | acc=0.8660 | NZ=  1926 | sparsity=0.1083 | d_m=0.0000e+00
step  235 | acc=0.8660 | NZ=  1925 | sparsity=0.1088 | d_m=0.0000e+00
step  236 | acc=0.8660 | NZ=  1924 | sparsity=0.1093 | d_m=0.0000e+00
step  237 | acc=0.8660 | NZ=  1923 | sparsity=0.1097 | d_m=0.0000e+00
step  238 | acc=0.8660 | NZ=  1922 | sparsity=0.1102 | d_m=0.0000e+00
step  239 | acc=0.8660 | NZ=  1921 | sparsity=0.1106 | d_m=0.0000e+00
step  240 | acc=0.8660 | NZ=  1920 | sparsity=0.1111 | d_m=0.0000e+00
step  241 | acc=0.8660 | NZ=  1919 | sparsity=0.1116 | d_m=0.0000e+00
step  242 | acc=0.8660 | NZ=  1918 | sparsity=0.1120 | d_m=0.0000e+00
step  243 | acc=0.8660 | NZ=  1917 | sparsity=0.1125 | d_m=0.0000e+00
step  244 | acc=0.8660 | NZ=  1916 | sparsity=0.1130 | d_m=0.0000e+00
step  245 | acc=0.8660 | NZ=  1915 | sparsity=0.1134 | d_m=0.0000e+00
step  246 | acc=0.8660 | NZ=  1914 | sparsity=0.1139 | d_m=0.0000e+00
step  247 | acc=0.8660 | NZ=  1913 | sparsity=0.1144 | d_m=0.0000e+00
step  248 | acc=0.8660 | NZ=  1912 | sparsity=0.1148 | d_m=0.0000e+00
step  249 | acc=0.8660 | NZ=  1911 | sparsity=0.1153 | d_m=0.0000e+00
step  250 | acc=0.8660 | NZ=  1910 | sparsity=0.1157 | d_m=0.0000e+00
step  251 | acc=0.8660 | NZ=  1909 | sparsity=0.1162 | d_m=0.0000e+00
step  252 | acc=0.8660 | NZ=  1908 | sparsity=0.1167 | d_m=0.0000e+00
step  253 | acc=0.8660 | NZ=  1907 | sparsity=0.1171 | d_m=0.0000e+00
step  254 | acc=0.8660 | NZ=  1906 | sparsity=0.1176 | d_m=0.0000e+00
step  255 | acc=0.8660 | NZ=  1905 | sparsity=0.1181 | d_m=0.0000e+00
step  256 | acc=0.8660 | NZ=  1904 | sparsity=0.1185 | d_m=0.0000e+00
step  257 | acc=0.8660 | NZ=  1903 | sparsity=0.1190 | d_m=0.0000e+00
step  258 | acc=0.8660 | NZ=  1902 | sparsity=0.1194 | d_m=0.0000e+00
step  259 | acc=0.8660 | NZ=  1901 | sparsity=0.1199 | d_m=0.0000e+00
step  260 | acc=0.8660 | NZ=  1900 | sparsity=0.1204 | d_m=0.0000e+00
step  261 | acc=0.8660 | NZ=  1899 | sparsity=0.1208 | d_m=0.0000e+00
step  262 | acc=0.8660 | NZ=  1898 | sparsity=0.1213 | d_m=0.0000e+00
step  263 | acc=0.8660 | NZ=  1897 | sparsity=0.1218 | d_m=0.0000e+00
step  264 | acc=0.8660 | NZ=  1896 | sparsity=0.1222 | d_m=9.5270e-05
step  265 | acc=0.8660 | NZ=  1895 | sparsity=0.1227 | d_m=5.8556e-04
step  266 | acc=0.8660 | NZ=  1894 | sparsity=0.1231 | d_m=1.1358e-03
step  267 | acc=0.8660 | NZ=  1893 | sparsity=0.1236 | d_m=1.6392e-03
step  268 | acc=0.8660 | NZ=  1892 | sparsity=0.1241 | d_m=2.4653e-03
step  269 | acc=0.8660 | NZ=  1891 | sparsity=0.1245 | d_m=2.8786e-03
step  270 | acc=0.8660 | NZ=  1890 | sparsity=0.1250 | d_m=4.5535e-03
step  271 | acc=0.8660 | NZ=  1889 | sparsity=0.1255 | d_m=4.9619e-03
step  272 | acc=0.8660 | NZ=  1888 | sparsity=0.1259 | d_m=7.8151e-03
step  273 | acc=0.8660 | NZ=  1887 | sparsity=0.1264 | d_m=1.5185e-02
step  274 | acc=0.8660 | NZ=  1886 | sparsity=0.1269 | d_m=2.1563e-02
step  275 | acc=0.8660 | NZ=  1885 | sparsity=0.1273 | d_m=7.1843e-02
step  276 | acc=0.8660 | NZ=  1884 | sparsity=0.1278 | d_m=8.3317e-02
step  277 | acc=0.8660 | NZ=  1883 | sparsity=0.1282 | d_m=1.0292e-01
step  278 | acc=0.8660 | NZ=  1882 | sparsity=0.1287 | d_m=1.0948e-01
step  279 | acc=0.8660 | NZ=  1881 | sparsity=0.1292 | d_m=1.3448e-01
step  280 | acc=0.8660 | NZ=  1880 | sparsity=0.1296 | d_m=1.5574e-01
step  281 | acc=0.8660 | NZ=  1879 | sparsity=0.1301 | d_m=1.6127e-01
step  282 | acc=0.8660 | NZ=  1878 | sparsity=0.1306 | d_m=1.6383e-01
step  283 | acc=0.8660 | NZ=  1877 | sparsity=0.1310 | d_m=1.9524e-01
step  284 | acc=0.8660 | NZ=  1876 | sparsity=0.1315 | d_m=2.1955e-01
step  285 | acc=0.8660 | NZ=  1875 | sparsity=0.1319 | d_m=2.5049e-01
step  286 | acc=0.8660 | NZ=  1874 | sparsity=0.1324 | d_m=2.9739e-01
step  287 | acc=0.8660 | NZ=  1873 | sparsity=0.1329 | d_m=3.2458e-01
step  288 | acc=0.8660 | NZ=  1872 | sparsity=0.1333 | d_m=3.5105e-01
step  289 | acc=0.8660 | NZ=  1871 | sparsity=0.1338 | d_m=3.7837e-01
step  290 | acc=0.8660 | NZ=  1870 | sparsity=0.1343 | d_m=4.0203e-01
step  291 | acc=0.8660 | NZ=  1869 | sparsity=0.1347 | d_m=4.5907e-01
step  292 | acc=0.8660 | NZ=  1868 | sparsity=0.1352 | d_m=4.9371e-01
step  293 | acc=0.8660 | NZ=  1867 | sparsity=0.1356 | d_m=5.2710e-01
step  294 | acc=0.8650 | NZ=  1866 | sparsity=0.1361 | d_m=5.5723e-01
step  295 | acc=0.8650 | NZ=  1865 | sparsity=0.1366 | d_m=6.1993e-01
step  296 | acc=0.8650 | NZ=  1864 | sparsity=0.1370 | d_m=7.0863e-01
step  297 | acc=0.8650 | NZ=  1863 | sparsity=0.1375 | d_m=7.6143e-01
step  298 | acc=0.8650 | NZ=  1862 | sparsity=0.1380 | d_m=8.5286e-01
step  299 | acc=0.8650 | NZ=  1861 | sparsity=0.1384 | d_m=9.6352e-01
step  300 | acc=0.8650 | NZ=  1860 | sparsity=0.1389 | d_m=1.0677e+00
step  301 | acc=0.8650 | NZ=  1859 | sparsity=0.1394 | d_m=1.1943e+00
step  302 | acc=0.8650 | NZ=  1858 | sparsity=0.1398 | d_m=1.2547e+00
step  303 | acc=0.8650 | NZ=  1857 | sparsity=0.1403 | d_m=1.3141e+00
step  304 | acc=0.8650 | NZ=  1856 | sparsity=0.1407 | d_m=1.3704e+00
step  305 | acc=0.8650 | NZ=  1855 | sparsity=0.1412 | d_m=1.4566e+00
step  306 | acc=0.8650 | NZ=  1854 | sparsity=0.1417 | d_m=1.5213e+00
step  307 | acc=0.8650 | NZ=  1853 | sparsity=0.1421 | d_m=1.5270e+00
step  308 | acc=0.8650 | NZ=  1852 | sparsity=0.1426 | d_m=1.5286e+00
step  309 | acc=0.8650 | NZ=  1851 | sparsity=0.1431 | d_m=1.5866e+00
step  310 | acc=0.8650 | NZ=  1850 | sparsity=0.1435 | d_m=1.6466e+00
step  311 | acc=0.8650 | NZ=  1849 | sparsity=0.1440 | d_m=1.7983e+00
step  312 | acc=0.8650 | NZ=  1848 | sparsity=0.1444 | d_m=1.8176e+00
step  313 | acc=0.8650 | NZ=  1847 | sparsity=0.1449 | d_m=1.8767e+00
step  314 | acc=0.8650 | NZ=  1846 | sparsity=0.1454 | d_m=1.9896e+00
step  315 | acc=0.8650 | NZ=  1845 | sparsity=0.1458 | d_m=2.0747e+00
step  316 | acc=0.8650 | NZ=  1844 | sparsity=0.1463 | d_m=2.2410e+00
step  317 | acc=0.8650 | NZ=  1843 | sparsity=0.1468 | d_m=2.2721e+00
step  318 | acc=0.8650 | NZ=  1842 | sparsity=0.1472 | d_m=2.3424e+00
step  319 | acc=0.8650 | NZ=  1841 | sparsity=0.1477 | d_m=2.5320e+00
step  320 | acc=0.8650 | NZ=  1840 | sparsity=0.1481 | d_m=2.7033e+00
step  321 | acc=0.8650 | NZ=  1839 | sparsity=0.1486 | d_m=2.8309e+00
step  322 | acc=0.8650 | NZ=  1838 | sparsity=0.1491 | d_m=2.9394e+00
step  323 | acc=0.8650 | NZ=  1837 | sparsity=0.1495 | d_m=3.0730e+00
step  324 | acc=0.8650 | NZ=  1836 | sparsity=0.1500 | d_m=3.1376e+00
step  325 | acc=0.8650 | NZ=  1835 | sparsity=0.1505 | d_m=3.3087e+00
step  326 | acc=0.8650 | NZ=  1834 | sparsity=0.1509 | d_m=3.4492e+00
step  327 | acc=0.8650 | NZ=  1833 | sparsity=0.1514 | d_m=3.5801e+00
step  328 | acc=0.8650 | NZ=  1832 | sparsity=0.1519 | d_m=3.7602e+00
step  329 | acc=0.8650 | NZ=  1831 | sparsity=0.1523 | d_m=4.0022e+00
step  330 | acc=0.8650 | NZ=  1830 | sparsity=0.1528 | d_m=4.1570e+00
step  331 | acc=0.8650 | NZ=  1829 | sparsity=0.1532 | d_m=4.3092e+00
step  332 | acc=0.8650 | NZ=  1828 | sparsity=0.1537 | d_m=4.4122e+00
step  333 | acc=0.8650 | NZ=  1827 | sparsity=0.1542 | d_m=4.5274e+00
step  334 | acc=0.8650 | NZ=  1826 | sparsity=0.1546 | d_m=4.6201e+00
step  335 | acc=0.8650 | NZ=  1825 | sparsity=0.1551 | d_m=4.7283e+00
step  336 | acc=0.8650 | NZ=  1824 | sparsity=0.1556 | d_m=4.8420e+00
step  337 | acc=0.8650 | NZ=  1823 | sparsity=0.1560 | d_m=5.1792e+00
step  338 | acc=0.8650 | NZ=  1822 | sparsity=0.1565 | d_m=5.6618e+00
step  339 | acc=0.8650 | NZ=  1821 | sparsity=0.1569 | d_m=5.9504e+00
step  340 | acc=0.8650 | NZ=  1820 | sparsity=0.1574 | d_m=6.3818e+00
step  341 | acc=0.8650 | NZ=  1819 | sparsity=0.1579 | d_m=6.7388e+00
step  342 | acc=0.8650 | NZ=  1818 | sparsity=0.1583 | d_m=6.8520e+00
step  343 | acc=0.8650 | NZ=  1817 | sparsity=0.1588 | d_m=7.0746e+00
step  344 | acc=0.8650 | NZ=  1816 | sparsity=0.1593 | d_m=7.2285e+00
step  345 | acc=0.8650 | NZ=  1815 | sparsity=0.1597 | d_m=8.4818e+00
step  346 | acc=0.8650 | NZ=  1814 | sparsity=0.1602 | d_m=8.6278e+00
step  347 | acc=0.8660 | NZ=  1813 | sparsity=0.1606 | d_m=9.2792e+00
step  348 | acc=0.8660 | NZ=  1812 | sparsity=0.1611 | d_m=9.3633e+00
step  349 | acc=0.8660 | NZ=  1811 | sparsity=0.1616 | d_m=9.3675e+00
step  350 | acc=0.8660 | NZ=  1810 | sparsity=0.1620 | d_m=9.5106e+00
step  351 | acc=0.8650 | NZ=  1809 | sparsity=0.1625 | d_m=9.7268e+00
step  352 | acc=0.8650 | NZ=  1808 | sparsity=0.1630 | d_m=9.8153e+00
step  353 | acc=0.8650 | NZ=  1807 | sparsity=0.1634 | d_m=9.8404e+00
step  354 | acc=0.8650 | NZ=  1806 | sparsity=0.1639 | d_m=9.9854e+00
step  355 | acc=0.8650 | NZ=  1805 | sparsity=0.1644 | d_m=1.0138e+01
step  356 | acc=0.8650 | NZ=  1804 | sparsity=0.1648 | d_m=1.0150e+01
step  357 | acc=0.8650 | NZ=  1803 | sparsity=0.1653 | d_m=1.0215e+01
step  358 | acc=0.8650 | NZ=  1802 | sparsity=0.1657 | d_m=1.0406e+01
step  359 | acc=0.8650 | NZ=  1801 | sparsity=0.1662 | d_m=1.0985e+01
step  360 | acc=0.8650 | NZ=  1800 | sparsity=0.1667 | d_m=1.1317e+01
step  361 | acc=0.8650 | NZ=  1799 | sparsity=0.1671 | d_m=1.1882e+01
step  362 | acc=0.8650 | NZ=  1798 | sparsity=0.1676 | d_m=1.2061e+01
step  363 | acc=0.8650 | NZ=  1797 | sparsity=0.1681 | d_m=1.2872e+01
step  364 | acc=0.8650 | NZ=  1796 | sparsity=0.1685 | d_m=1.3134e+01
step  365 | acc=0.8650 | NZ=  1795 | sparsity=0.1690 | d_m=1.3780e+01
step  366 | acc=0.8650 | NZ=  1794 | sparsity=0.1694 | d_m=1.4318e+01
step  367 | acc=0.8650 | NZ=  1793 | sparsity=0.1699 | d_m=1.5171e+01
step  368 | acc=0.8650 | NZ=  1792 | sparsity=0.1704 | d_m=1.6088e+01
step  369 | acc=0.8650 | NZ=  1791 | sparsity=0.1708 | d_m=1.6409e+01
step  370 | acc=0.8650 | NZ=  1790 | sparsity=0.1713 | d_m=1.6814e+01
step  371 | acc=0.8650 | NZ=  1789 | sparsity=0.1718 | d_m=1.6916e+01
step  372 | acc=0.8650 | NZ=  1788 | sparsity=0.1722 | d_m=1.6925e+01
step  373 | acc=0.8650 | NZ=  1787 | sparsity=0.1727 | d_m=1.7188e+01
step  374 | acc=0.8650 | NZ=  1786 | sparsity=0.1731 | d_m=1.7523e+01
step  375 | acc=0.8650 | NZ=  1785 | sparsity=0.1736 | d_m=1.7849e+01
step  376 | acc=0.8650 | NZ=  1784 | sparsity=0.1741 | d_m=1.8156e+01
step  377 | acc=0.8650 | NZ=  1783 | sparsity=0.1745 | d_m=1.8534e+01
step  378 | acc=0.8650 | NZ=  1782 | sparsity=0.1750 | d_m=1.9401e+01
step  379 | acc=0.8650 | NZ=  1781 | sparsity=0.1755 | d_m=1.9749e+01
step  380 | acc=0.8650 | NZ=  1780 | sparsity=0.1759 | d_m=2.0307e+01
step  381 | acc=0.8650 | NZ=  1779 | sparsity=0.1764 | d_m=2.0998e+01
step  382 | acc=0.8650 | NZ=  1778 | sparsity=0.1769 | d_m=2.1403e+01
step  383 | acc=0.8650 | NZ=  1777 | sparsity=0.1773 | d_m=2.1534e+01
step  384 | acc=0.8650 | NZ=  1776 | sparsity=0.1778 | d_m=2.2157e+01
step  385 | acc=0.8650 | NZ=  1775 | sparsity=0.1782 | d_m=2.2449e+01
step  386 | acc=0.8650 | NZ=  1774 | sparsity=0.1787 | d_m=2.2832e+01
step  387 | acc=0.8650 | NZ=  1773 | sparsity=0.1792 | d_m=2.3251e+01
step  388 | acc=0.8650 | NZ=  1772 | sparsity=0.1796 | d_m=2.3265e+01
step  389 | acc=0.8650 | NZ=  1771 | sparsity=0.1801 | d_m=2.3554e+01
step  390 | acc=0.8640 | NZ=  1770 | sparsity=0.1806 | d_m=2.4129e+01
step  391 | acc=0.8650 | NZ=  1769 | sparsity=0.1810 | d_m=2.5094e+01
step  392 | acc=0.8660 | NZ=  1768 | sparsity=0.1815 | d_m=2.5543e+01
step  393 | acc=0.8660 | NZ=  1767 | sparsity=0.1819 | d_m=2.6013e+01
step  394 | acc=0.8660 | NZ=  1766 | sparsity=0.1824 | d_m=2.6469e+01
step  395 | acc=0.8660 | NZ=  1765 | sparsity=0.1829 | d_m=2.7098e+01
step  396 | acc=0.8660 | NZ=  1764 | sparsity=0.1833 | d_m=2.7574e+01
step  397 | acc=0.8660 | NZ=  1763 | sparsity=0.1838 | d_m=2.8731e+01
step  398 | acc=0.8660 | NZ=  1762 | sparsity=0.1843 | d_m=2.9174e+01
step  399 | acc=0.8660 | NZ=  1761 | sparsity=0.1847 | d_m=2.9748e+01
step  400 | acc=0.8660 | NZ=  1760 | sparsity=0.1852 | d_m=3.0273e+01
step  401 | acc=0.8660 | NZ=  1759 | sparsity=0.1856 | d_m=3.0725e+01
step  402 | acc=0.8660 | NZ=  1758 | sparsity=0.1861 | d_m=3.1218e+01
step  403 | acc=0.8660 | NZ=  1757 | sparsity=0.1866 | d_m=3.1509e+01
step  404 | acc=0.8660 | NZ=  1756 | sparsity=0.1870 | d_m=3.1910e+01
step  405 | acc=0.8660 | NZ=  1755 | sparsity=0.1875 | d_m=3.2798e+01
step  406 | acc=0.8660 | NZ=  1754 | sparsity=0.1880 | d_m=3.3671e+01
step  407 | acc=0.8660 | NZ=  1753 | sparsity=0.1884 | d_m=3.5133e+01
step  408 | acc=0.8660 | NZ=  1752 | sparsity=0.1889 | d_m=3.5740e+01
step  409 | acc=0.8670 | NZ=  1751 | sparsity=0.1894 | d_m=3.6563e+01
step  410 | acc=0.8660 | NZ=  1750 | sparsity=0.1898 | d_m=3.8535e+01
step  411 | acc=0.8660 | NZ=  1749 | sparsity=0.1903 | d_m=3.9130e+01
step  412 | acc=0.8660 | NZ=  1748 | sparsity=0.1907 | d_m=3.9759e+01
step  413 | acc=0.8660 | NZ=  1747 | sparsity=0.1912 | d_m=3.9944e+01
step  414 | acc=0.8660 | NZ=  1746 | sparsity=0.1917 | d_m=4.0472e+01
step  415 | acc=0.8660 | NZ=  1745 | sparsity=0.1921 | d_m=4.1045e+01
step  416 | acc=0.8660 | NZ=  1744 | sparsity=0.1926 | d_m=4.1637e+01
step  417 | acc=0.8660 | NZ=  1743 | sparsity=0.1931 | d_m=4.1790e+01
step  418 | acc=0.8660 | NZ=  1742 | sparsity=0.1935 | d_m=4.2389e+01
step  419 | acc=0.8660 | NZ=  1741 | sparsity=0.1940 | d_m=4.2868e+01
step  420 | acc=0.8660 | NZ=  1740 | sparsity=0.1944 | d_m=4.3255e+01
step  421 | acc=0.8660 | NZ=  1739 | sparsity=0.1949 | d_m=4.3453e+01
step  422 | acc=0.8660 | NZ=  1738 | sparsity=0.1954 | d_m=4.3740e+01
step  423 | acc=0.8660 | NZ=  1737 | sparsity=0.1958 | d_m=4.5417e+01
step  424 | acc=0.8670 | NZ=  1736 | sparsity=0.1963 | d_m=4.6948e+01
step  425 | acc=0.8660 | NZ=  1735 | sparsity=0.1968 | d_m=4.7749e+01
step  426 | acc=0.8670 | NZ=  1734 | sparsity=0.1972 | d_m=4.8904e+01
step  427 | acc=0.8660 | NZ=  1733 | sparsity=0.1977 | d_m=5.0174e+01
step  428 | acc=0.8670 | NZ=  1732 | sparsity=0.1981 | d_m=5.1808e+01
step  429 | acc=0.8670 | NZ=  1731 | sparsity=0.1986 | d_m=5.3336e+01
step  430 | acc=0.8670 | NZ=  1730 | sparsity=0.1991 | d_m=5.5510e+01
step  431 | acc=0.8670 | NZ=  1729 | sparsity=0.1995 | d_m=5.7677e+01
step  432 | acc=0.8670 | NZ=  1728 | sparsity=0.2000 | d_m=5.9084e+01
step  433 | acc=0.8670 | NZ=  1727 | sparsity=0.2005 | d_m=5.9889e+01
step  434 | acc=0.8670 | NZ=  1726 | sparsity=0.2009 | d_m=6.1021e+01
step  435 | acc=0.8670 | NZ=  1725 | sparsity=0.2014 | d_m=6.1959e+01
step  436 | acc=0.8670 | NZ=  1724 | sparsity=0.2019 | d_m=6.2876e+01
step  437 | acc=0.8670 | NZ=  1723 | sparsity=0.2023 | d_m=6.3803e+01
step  438 | acc=0.8670 | NZ=  1722 | sparsity=0.2028 | d_m=6.4571e+01
step  439 | acc=0.8670 | NZ=  1721 | sparsity=0.2032 | d_m=6.5464e+01
step  440 | acc=0.8660 | NZ=  1720 | sparsity=0.2037 | d_m=6.6701e+01
step  441 | acc=0.8660 | NZ=  1719 | sparsity=0.2042 | d_m=6.8356e+01
step  442 | acc=0.8660 | NZ=  1718 | sparsity=0.2046 | d_m=6.9900e+01
step  443 | acc=0.8660 | NZ=  1717 | sparsity=0.2051 | d_m=7.2429e+01
step  444 | acc=0.8660 | NZ=  1716 | sparsity=0.2056 | d_m=7.3244e+01
step  445 | acc=0.8660 | NZ=  1715 | sparsity=0.2060 | d_m=7.5980e+01
step  446 | acc=0.8660 | NZ=  1714 | sparsity=0.2065 | d_m=7.8019e+01
step  447 | acc=0.8660 | NZ=  1713 | sparsity=0.2069 | d_m=8.0296e+01
step  448 | acc=0.8660 | NZ=  1712 | sparsity=0.2074 | d_m=8.1510e+01
step  449 | acc=0.8660 | NZ=  1711 | sparsity=0.2079 | d_m=8.4842e+01
step  450 | acc=0.8660 | NZ=  1710 | sparsity=0.2083 | d_m=8.7617e+01
step  451 | acc=0.8670 | NZ=  1709 | sparsity=0.2088 | d_m=9.2104e+01
step  452 | acc=0.8660 | NZ=  1708 | sparsity=0.2093 | d_m=9.3349e+01
step  453 | acc=0.8660 | NZ=  1707 | sparsity=0.2097 | d_m=9.6508e+01
step  454 | acc=0.8660 | NZ=  1706 | sparsity=0.2102 | d_m=9.7403e+01
step  455 | acc=0.8660 | NZ=  1705 | sparsity=0.2106 | d_m=9.8231e+01
step  456 | acc=0.8660 | NZ=  1704 | sparsity=0.2111 | d_m=9.9397e+01
step  457 | acc=0.8660 | NZ=  1703 | sparsity=0.2116 | d_m=1.0072e+02
step  458 | acc=0.8660 | NZ=  1702 | sparsity=0.2120 | d_m=1.0193e+02
step  459 | acc=0.8660 | NZ=  1701 | sparsity=0.2125 | d_m=1.0288e+02
step  460 | acc=0.8670 | NZ=  1700 | sparsity=0.2130 | d_m=1.0400e+02
step  461 | acc=0.8670 | NZ=  1699 | sparsity=0.2134 | d_m=1.0588e+02
step  462 | acc=0.8670 | NZ=  1698 | sparsity=0.2139 | d_m=1.0704e+02
step  463 | acc=0.8670 | NZ=  1697 | sparsity=0.2144 | d_m=1.0817e+02
step  464 | acc=0.8670 | NZ=  1696 | sparsity=0.2148 | d_m=1.0911e+02
step  465 | acc=0.8670 | NZ=  1695 | sparsity=0.2153 | d_m=1.1007e+02
step  466 | acc=0.8670 | NZ=  1694 | sparsity=0.2157 | d_m=1.1299e+02
step  467 | acc=0.8670 | NZ=  1693 | sparsity=0.2162 | d_m=1.1597e+02
step  468 | acc=0.8670 | NZ=  1692 | sparsity=0.2167 | d_m=1.1832e+02
step  469 | acc=0.8670 | NZ=  1691 | sparsity=0.2171 | d_m=1.2013e+02
step  470 | acc=0.8670 | NZ=  1690 | sparsity=0.2176 | d_m=1.2321e+02
step  471 | acc=0.8660 | NZ=  1689 | sparsity=0.2181 | d_m=1.2295e+02
step  472 | acc=0.8660 | NZ=  1688 | sparsity=0.2185 | d_m=1.2379e+02
step  473 | acc=0.8640 | NZ=  1687 | sparsity=0.2190 | d_m=1.2548e+02
step  474 | acc=0.8660 | NZ=  1686 | sparsity=0.2194 | d_m=1.3031e+02
step  475 | acc=0.8640 | NZ=  1685 | sparsity=0.2199 | d_m=1.3309e+02
step  476 | acc=0.8650 | NZ=  1684 | sparsity=0.2204 | d_m=1.3405e+02
step  477 | acc=0.8650 | NZ=  1683 | sparsity=0.2208 | d_m=1.3541e+02
step  478 | acc=0.8660 | NZ=  1682 | sparsity=0.2213 | d_m=1.3799e+02
step  479 | acc=0.8650 | NZ=  1681 | sparsity=0.2218 | d_m=1.4133e+02
step  480 | acc=0.8650 | NZ=  1680 | sparsity=0.2222 | d_m=1.4563e+02
step  481 | acc=0.8650 | NZ=  1679 | sparsity=0.2227 | d_m=1.5036e+02
step  482 | acc=0.8650 | NZ=  1678 | sparsity=0.2231 | d_m=1.5258e+02
step  483 | acc=0.8650 | NZ=  1677 | sparsity=0.2236 | d_m=1.5468e+02
step  484 | acc=0.8640 | NZ=  1676 | sparsity=0.2241 | d_m=1.5752e+02
step  485 | acc=0.8640 | NZ=  1675 | sparsity=0.2245 | d_m=1.5840e+02
step  486 | acc=0.8640 | NZ=  1674 | sparsity=0.2250 | d_m=1.5946e+02
step  487 | acc=0.8590 | NZ=  1673 | sparsity=0.2255 | d_m=1.6836e+02
step  488 | acc=0.8590 | NZ=  1672 | sparsity=0.2259 | d_m=1.6942e+02
step  489 | acc=0.8590 | NZ=  1671 | sparsity=0.2264 | d_m=1.7049e+02
step  490 | acc=0.8590 | NZ=  1670 | sparsity=0.2269 | d_m=1.7134e+02
step  491 | acc=0.8590 | NZ=  1669 | sparsity=0.2273 | d_m=1.7251e+02
step  492 | acc=0.8590 | NZ=  1668 | sparsity=0.2278 | d_m=1.7397e+02
step  493 | acc=0.8590 | NZ=  1667 | sparsity=0.2282 | d_m=1.7549e+02
step  494 | acc=0.8590 | NZ=  1666 | sparsity=0.2287 | d_m=1.7699e+02
step  495 | acc=0.8590 | NZ=  1665 | sparsity=0.2292 | d_m=1.7869e+02
step  496 | acc=0.8590 | NZ=  1664 | sparsity=0.2296 | d_m=1.8011e+02
step  497 | acc=0.8600 | NZ=  1663 | sparsity=0.2301 | d_m=1.8077e+02
step  498 | acc=0.8590 | NZ=  1662 | sparsity=0.2306 | d_m=1.8153e+02
step  499 | acc=0.8600 | NZ=  1661 | sparsity=0.2310 | d_m=1.8139e+02
Sparsification log saved to: /home/simon/repos/onnxmlir-pim-sparsify/artifacts/e10_seed_2/sparsified/sparsification_log.csv
[16:45:42]   sparsify: done
[16:45:42] --- e10_seed_3 ---
[16:45:42]   train: starting
Output folder: /home/simon/repos/onnxmlir-pim-sparsify/artifacts/e10_seed_3
Data loaded.
	X_train.shape = (10000, 196)
	X_test.shape  = (1000, 196)
Topology: [196, 10, 10, 10]
Training loop started
---------------------------------------------------------
	Epoch 0 of 1000 in 0.47 sec
	Train acc 0.08340 | Test acc 0.08700
---------------------------------------------------------
	Epoch 100 of 1000 in 0.00 sec
	Train acc 0.20110 | Test acc 0.18000
---------------------------------------------------------
	Epoch 200 of 1000 in 0.00 sec
	Train acc 0.81160 | Test acc 0.80300
---------------------------------------------------------
	Epoch 300 of 1000 in 0.00 sec
	Train acc 0.84530 | Test acc 0.83000
---------------------------------------------------------
	Epoch 400 of 1000 in 0.00 sec
	Train acc 0.87750 | Test acc 0.87600
---------------------------------------------------------
	Epoch 500 of 1000 in 0.00 sec
	Train acc 0.89320 | Test acc 0.88100
---------------------------------------------------------
	Epoch 600 of 1000 in 0.00 sec
	Train acc 0.89810 | Test acc 0.88900
---------------------------------------------------------
	Epoch 700 of 1000 in 0.00 sec
	Train acc 0.90870 | Test acc 0.90600
---------------------------------------------------------
	Epoch 800 of 1000 in 0.00 sec
	Train acc 0.91320 | Test acc 0.90400
---------------------------------------------------------
	Epoch 900 of 1000 in 0.00 sec
	Train acc 0.91760 | Test acc 0.89700
---------------------------------------------------------
Training log saved to: /home/simon/repos/onnxmlir-pim-sparsify/artifacts/e10_seed_3/training_log.csv
Model saved to: /home/simon/repos/onnxmlir-pim-sparsify/artifacts/e10_seed_3
[16:46:25]   train: done
[16:46:25]   sparsify: starting
Load the parameters from the folder
Found 3 layers in /home/simon/repos/onnxmlir-pim-sparsify/artifacts/e10_seed_3
Accuracy in validation: 0.9080
Total parameters: 2160
Perturbation distance (sanity check): 1.0206e+00
Starting sparsification loop
At every iteration the network gets:
	 1. Pruned   — remove the least influential parameter
	 2. Adjusted — compensate via remaining parameters
step    0 | acc=0.9080 | NZ=  2160 | sparsity=0.0000 | d_m=0.0000e+00
step    1 | acc=0.9080 | NZ=  2159 | sparsity=0.0005 | d_m=0.0000e+00
step    2 | acc=0.9080 | NZ=  2158 | sparsity=0.0009 | d_m=0.0000e+00
step    3 | acc=0.9080 | NZ=  2157 | sparsity=0.0014 | d_m=0.0000e+00
step    4 | acc=0.9080 | NZ=  2156 | sparsity=0.0019 | d_m=0.0000e+00
step    5 | acc=0.9080 | NZ=  2155 | sparsity=0.0023 | d_m=0.0000e+00
step    6 | acc=0.9080 | NZ=  2154 | sparsity=0.0028 | d_m=0.0000e+00
step    7 | acc=0.9080 | NZ=  2153 | sparsity=0.0032 | d_m=0.0000e+00
step    8 | acc=0.9080 | NZ=  2152 | sparsity=0.0037 | d_m=0.0000e+00
step    9 | acc=0.9080 | NZ=  2151 | sparsity=0.0042 | d_m=0.0000e+00
step   10 | acc=0.9080 | NZ=  2150 | sparsity=0.0046 | d_m=0.0000e+00
step   11 | acc=0.9080 | NZ=  2149 | sparsity=0.0051 | d_m=0.0000e+00
step   12 | acc=0.9080 | NZ=  2148 | sparsity=0.0056 | d_m=0.0000e+00
step   13 | acc=0.9080 | NZ=  2147 | sparsity=0.0060 | d_m=0.0000e+00
step   14 | acc=0.9080 | NZ=  2146 | sparsity=0.0065 | d_m=0.0000e+00
step   15 | acc=0.9080 | NZ=  2145 | sparsity=0.0069 | d_m=0.0000e+00
step   16 | acc=0.9080 | NZ=  2144 | sparsity=0.0074 | d_m=0.0000e+00
step   17 | acc=0.9080 | NZ=  2143 | sparsity=0.0079 | d_m=0.0000e+00
step   18 | acc=0.9080 | NZ=  2142 | sparsity=0.0083 | d_m=0.0000e+00
step   19 | acc=0.9080 | NZ=  2141 | sparsity=0.0088 | d_m=0.0000e+00
step   20 | acc=0.9080 | NZ=  2140 | sparsity=0.0093 | d_m=0.0000e+00
step   21 | acc=0.9080 | NZ=  2139 | sparsity=0.0097 | d_m=3.1125e-06
step   22 | acc=0.9080 | NZ=  2138 | sparsity=0.0102 | d_m=2.5165e-06
step   23 | acc=0.9080 | NZ=  2137 | sparsity=0.0106 | d_m=7.2826e-06
step   24 | acc=0.9080 | NZ=  2136 | sparsity=0.0111 | d_m=2.7161e-05
step   25 | acc=0.9080 | NZ=  2135 | sparsity=0.0116 | d_m=1.8197e-04
step   26 | acc=0.9080 | NZ=  2134 | sparsity=0.0120 | d_m=1.7175e-04
step   27 | acc=0.9090 | NZ=  2133 | sparsity=0.0125 | d_m=7.7825e-04
step   28 | acc=0.9090 | NZ=  2132 | sparsity=0.0130 | d_m=1.7549e-03
step   29 | acc=0.9090 | NZ=  2131 | sparsity=0.0134 | d_m=1.8614e-03
step   30 | acc=0.9090 | NZ=  2130 | sparsity=0.0139 | d_m=4.0511e-03
step   31 | acc=0.9090 | NZ=  2129 | sparsity=0.0144 | d_m=1.6291e-03
step   32 | acc=0.9090 | NZ=  2128 | sparsity=0.0148 | d_m=4.5529e-03
step   33 | acc=0.9090 | NZ=  2127 | sparsity=0.0153 | d_m=4.0190e-03
step   34 | acc=0.9090 | NZ=  2126 | sparsity=0.0157 | d_m=8.2895e-03
step   35 | acc=0.9090 | NZ=  2125 | sparsity=0.0162 | d_m=6.4381e-03
step   36 | acc=0.9100 | NZ=  2124 | sparsity=0.0167 | d_m=1.8308e-02
step   37 | acc=0.9100 | NZ=  2123 | sparsity=0.0171 | d_m=2.9222e-02
step   38 | acc=0.9100 | NZ=  2122 | sparsity=0.0176 | d_m=3.3293e-02
step   39 | acc=0.9100 | NZ=  2121 | sparsity=0.0181 | d_m=3.0254e-02
step   40 | acc=0.9100 | NZ=  2120 | sparsity=0.0185 | d_m=4.2705e-02
step   41 | acc=0.9100 | NZ=  2119 | sparsity=0.0190 | d_m=3.6391e-02
step   42 | acc=0.9100 | NZ=  2118 | sparsity=0.0194 | d_m=4.1193e-02
step   43 | acc=0.9100 | NZ=  2117 | sparsity=0.0199 | d_m=3.9150e-02
step   44 | acc=0.9100 | NZ=  2116 | sparsity=0.0204 | d_m=5.6893e-02
step   45 | acc=0.9100 | NZ=  2115 | sparsity=0.0208 | d_m=5.5810e-02
step   46 | acc=0.9090 | NZ=  2114 | sparsity=0.0213 | d_m=8.1903e-02
step   47 | acc=0.9090 | NZ=  2113 | sparsity=0.0218 | d_m=9.4978e-02
step   48 | acc=0.9090 | NZ=  2112 | sparsity=0.0222 | d_m=7.2159e-02
step   49 | acc=0.9090 | NZ=  2111 | sparsity=0.0227 | d_m=9.5061e-02
step   50 | acc=0.9090 | NZ=  2110 | sparsity=0.0231 | d_m=1.0074e-01
step   51 | acc=0.9080 | NZ=  2109 | sparsity=0.0236 | d_m=8.6175e-02
step   52 | acc=0.9080 | NZ=  2108 | sparsity=0.0241 | d_m=8.8528e-02
step   53 | acc=0.9080 | NZ=  2107 | sparsity=0.0245 | d_m=8.8771e-02
step   54 | acc=0.9080 | NZ=  2106 | sparsity=0.0250 | d_m=1.2892e-01
step   55 | acc=0.9080 | NZ=  2105 | sparsity=0.0255 | d_m=9.2923e-02
step   56 | acc=0.9080 | NZ=  2104 | sparsity=0.0259 | d_m=1.3157e-01
step   57 | acc=0.9080 | NZ=  2103 | sparsity=0.0264 | d_m=8.2236e-02
step   58 | acc=0.9080 | NZ=  2102 | sparsity=0.0269 | d_m=7.7489e-02
step   59 | acc=0.9080 | NZ=  2101 | sparsity=0.0273 | d_m=6.8977e-02
step   60 | acc=0.9080 | NZ=  2100 | sparsity=0.0278 | d_m=9.8095e-02
step   61 | acc=0.9080 | NZ=  2099 | sparsity=0.0282 | d_m=9.6304e-02
step   62 | acc=0.9080 | NZ=  2098 | sparsity=0.0287 | d_m=1.0078e-01
step   63 | acc=0.9080 | NZ=  2097 | sparsity=0.0292 | d_m=1.0579e-01
step   64 | acc=0.9080 | NZ=  2096 | sparsity=0.0296 | d_m=1.5789e-01
step   65 | acc=0.9080 | NZ=  2095 | sparsity=0.0301 | d_m=8.2988e-02
step   66 | acc=0.9080 | NZ=  2094 | sparsity=0.0306 | d_m=1.5131e-01
step   67 | acc=0.9080 | NZ=  2093 | sparsity=0.0310 | d_m=8.5540e-02
step   68 | acc=0.9080 | NZ=  2092 | sparsity=0.0315 | d_m=1.3384e-01
step   69 | acc=0.9080 | NZ=  2091 | sparsity=0.0319 | d_m=1.6154e-01
step   70 | acc=0.9080 | NZ=  2090 | sparsity=0.0324 | d_m=1.4962e-01
step   71 | acc=0.9080 | NZ=  2089 | sparsity=0.0329 | d_m=1.4590e-01
step   72 | acc=0.9080 | NZ=  2088 | sparsity=0.0333 | d_m=1.1090e-01
step   73 | acc=0.9080 | NZ=  2087 | sparsity=0.0338 | d_m=1.4727e-01
step   74 | acc=0.9080 | NZ=  2086 | sparsity=0.0343 | d_m=7.9209e-02
step   75 | acc=0.9080 | NZ=  2085 | sparsity=0.0347 | d_m=8.8795e-02
step   76 | acc=0.9080 | NZ=  2084 | sparsity=0.0352 | d_m=1.0457e-01
step   77 | acc=0.9080 | NZ=  2083 | sparsity=0.0356 | d_m=1.0919e-01
step   78 | acc=0.9080 | NZ=  2082 | sparsity=0.0361 | d_m=1.1341e-01
step   79 | acc=0.9080 | NZ=  2081 | sparsity=0.0366 | d_m=1.2317e-01
step   80 | acc=0.9080 | NZ=  2080 | sparsity=0.0370 | d_m=2.4054e-01
step   81 | acc=0.9080 | NZ=  2079 | sparsity=0.0375 | d_m=2.0574e-01
step   82 | acc=0.9080 | NZ=  2078 | sparsity=0.0380 | d_m=1.9156e-01
step   83 | acc=0.9080 | NZ=  2077 | sparsity=0.0384 | d_m=2.3341e-01
step   84 | acc=0.9080 | NZ=  2076 | sparsity=0.0389 | d_m=1.7138e-01
step   85 | acc=0.9080 | NZ=  2075 | sparsity=0.0394 | d_m=2.1689e-01
step   86 | acc=0.9080 | NZ=  2074 | sparsity=0.0398 | d_m=1.3780e-01
step   87 | acc=0.9070 | NZ=  2073 | sparsity=0.0403 | d_m=2.3699e-01
step   88 | acc=0.9080 | NZ=  2072 | sparsity=0.0407 | d_m=1.5675e-01
step   89 | acc=0.9040 | NZ=  2071 | sparsity=0.0412 | d_m=3.0248e-01
step   90 | acc=0.9030 | NZ=  2070 | sparsity=0.0417 | d_m=3.9631e-01
step   91 | acc=0.9040 | NZ=  2069 | sparsity=0.0421 | d_m=3.2318e-01
step   92 | acc=0.9030 | NZ=  2068 | sparsity=0.0426 | d_m=3.2897e-01
step   93 | acc=0.9040 | NZ=  2067 | sparsity=0.0431 | d_m=3.2580e-01
step   94 | acc=0.9030 | NZ=  2066 | sparsity=0.0435 | d_m=2.8053e-01
step   95 | acc=0.9040 | NZ=  2065 | sparsity=0.0440 | d_m=3.1282e-01
step   96 | acc=0.9030 | NZ=  2064 | sparsity=0.0444 | d_m=2.7660e-01
step   97 | acc=0.9030 | NZ=  2063 | sparsity=0.0449 | d_m=2.8567e-01
step   98 | acc=0.9030 | NZ=  2062 | sparsity=0.0454 | d_m=3.1305e-01
step   99 | acc=0.9030 | NZ=  2061 | sparsity=0.0458 | d_m=4.1394e-01
step  100 | acc=0.9050 | NZ=  2060 | sparsity=0.0463 | d_m=2.8621e-01
step  101 | acc=0.9050 | NZ=  2059 | sparsity=0.0468 | d_m=3.1499e-01
step  102 | acc=0.9050 | NZ=  2058 | sparsity=0.0472 | d_m=4.6119e-01
step  103 | acc=0.9050 | NZ=  2057 | sparsity=0.0477 | d_m=2.8515e-01
step  104 | acc=0.9050 | NZ=  2056 | sparsity=0.0481 | d_m=3.0688e-01
step  105 | acc=0.9050 | NZ=  2055 | sparsity=0.0486 | d_m=3.3703e-01
step  106 | acc=0.9050 | NZ=  2054 | sparsity=0.0491 | d_m=5.0042e-01
step  107 | acc=0.9050 | NZ=  2053 | sparsity=0.0495 | d_m=4.7095e-01
step  108 | acc=0.9050 | NZ=  2052 | sparsity=0.0500 | d_m=5.0860e-01
step  109 | acc=0.9050 | NZ=  2051 | sparsity=0.0505 | d_m=4.8288e-01
step  110 | acc=0.9050 | NZ=  2050 | sparsity=0.0509 | d_m=3.7245e-01
step  111 | acc=0.9050 | NZ=  2049 | sparsity=0.0514 | d_m=6.1407e-01
step  112 | acc=0.9050 | NZ=  2048 | sparsity=0.0519 | d_m=5.5923e-01
step  113 | acc=0.9050 | NZ=  2047 | sparsity=0.0523 | d_m=4.9013e-01
step  114 | acc=0.9050 | NZ=  2046 | sparsity=0.0528 | d_m=3.5970e-01
step  115 | acc=0.9050 | NZ=  2045 | sparsity=0.0532 | d_m=4.6804e-01
step  116 | acc=0.9050 | NZ=  2044 | sparsity=0.0537 | d_m=4.0744e-01
step  117 | acc=0.9050 | NZ=  2043 | sparsity=0.0542 | d_m=5.7341e-01
step  118 | acc=0.9050 | NZ=  2042 | sparsity=0.0546 | d_m=3.9495e-01
step  119 | acc=0.9050 | NZ=  2041 | sparsity=0.0551 | d_m=4.6782e-01
step  120 | acc=0.9050 | NZ=  2040 | sparsity=0.0556 | d_m=5.7660e-01
step  121 | acc=0.9050 | NZ=  2039 | sparsity=0.0560 | d_m=5.3486e-01
step  122 | acc=0.9040 | NZ=  2038 | sparsity=0.0565 | d_m=6.3202e-01
step  123 | acc=0.9040 | NZ=  2037 | sparsity=0.0569 | d_m=3.4063e-01
step  124 | acc=0.9040 | NZ=  2036 | sparsity=0.0574 | d_m=3.6767e-01
step  125 | acc=0.9040 | NZ=  2035 | sparsity=0.0579 | d_m=3.8302e-01
step  126 | acc=0.9040 | NZ=  2034 | sparsity=0.0583 | d_m=4.4249e-01
step  127 | acc=0.9040 | NZ=  2033 | sparsity=0.0588 | d_m=4.8582e-01
step  128 | acc=0.9040 | NZ=  2032 | sparsity=0.0593 | d_m=5.0899e-01
step  129 | acc=0.9040 | NZ=  2031 | sparsity=0.0597 | d_m=5.5715e-01
step  130 | acc=0.9040 | NZ=  2030 | sparsity=0.0602 | d_m=9.4408e-01
step  131 | acc=0.9040 | NZ=  2029 | sparsity=0.0606 | d_m=8.0220e-01
step  132 | acc=0.9040 | NZ=  2028 | sparsity=0.0611 | d_m=8.6752e-01
step  133 | acc=0.9040 | NZ=  2027 | sparsity=0.0616 | d_m=1.0026e+00
step  134 | acc=0.9040 | NZ=  2026 | sparsity=0.0620 | d_m=1.2213e+00
step  135 | acc=0.9040 | NZ=  2025 | sparsity=0.0625 | d_m=8.8972e-01
step  136 | acc=0.9040 | NZ=  2024 | sparsity=0.0630 | d_m=1.0959e+00
step  137 | acc=0.9040 | NZ=  2023 | sparsity=0.0634 | d_m=9.0043e-01
step  138 | acc=0.9040 | NZ=  2022 | sparsity=0.0639 | d_m=1.1582e+00
step  139 | acc=0.9040 | NZ=  2021 | sparsity=0.0644 | d_m=1.0594e+00
step  140 | acc=0.9040 | NZ=  2020 | sparsity=0.0648 | d_m=1.1342e+00
step  141 | acc=0.9040 | NZ=  2019 | sparsity=0.0653 | d_m=1.6450e+00
step  142 | acc=0.9040 | NZ=  2018 | sparsity=0.0657 | d_m=1.8563e+00
step  143 | acc=0.9050 | NZ=  2017 | sparsity=0.0662 | d_m=1.8801e+00
step  144 | acc=0.9050 | NZ=  2016 | sparsity=0.0667 | d_m=1.6982e+00
step  145 | acc=0.9050 | NZ=  2015 | sparsity=0.0671 | d_m=1.2915e+00
step  146 | acc=0.9050 | NZ=  2014 | sparsity=0.0676 | d_m=1.5956e+00
step  147 | acc=0.9060 | NZ=  2013 | sparsity=0.0681 | d_m=1.8377e+00
step  148 | acc=0.9060 | NZ=  2012 | sparsity=0.0685 | d_m=2.0735e+00
step  149 | acc=0.9060 | NZ=  2011 | sparsity=0.0690 | d_m=1.8875e+00
step  150 | acc=0.9060 | NZ=  2010 | sparsity=0.0694 | d_m=1.3789e+00
step  151 | acc=0.9060 | NZ=  2009 | sparsity=0.0699 | d_m=1.4198e+00
step  152 | acc=0.9060 | NZ=  2008 | sparsity=0.0704 | d_m=1.4754e+00
step  153 | acc=0.9060 | NZ=  2007 | sparsity=0.0708 | d_m=1.4913e+00
step  154 | acc=0.9060 | NZ=  2006 | sparsity=0.0713 | d_m=1.5572e+00
step  155 | acc=0.9060 | NZ=  2005 | sparsity=0.0718 | d_m=1.5714e+00
step  156 | acc=0.9050 | NZ=  2004 | sparsity=0.0722 | d_m=2.0682e+00
step  157 | acc=0.9050 | NZ=  2003 | sparsity=0.0727 | d_m=2.0619e+00
step  158 | acc=0.9050 | NZ=  2002 | sparsity=0.0731 | d_m=2.1601e+00
step  159 | acc=0.9050 | NZ=  2001 | sparsity=0.0736 | d_m=2.1843e+00
step  160 | acc=0.9050 | NZ=  2000 | sparsity=0.0741 | d_m=2.2584e+00
step  161 | acc=0.9050 | NZ=  1999 | sparsity=0.0745 | d_m=2.3047e+00
step  162 | acc=0.9070 | NZ=  1998 | sparsity=0.0750 | d_m=3.1367e+00
step  163 | acc=0.9070 | NZ=  1997 | sparsity=0.0755 | d_m=3.6195e+00
step  164 | acc=0.9070 | NZ=  1996 | sparsity=0.0759 | d_m=2.8807e+00
step  165 | acc=0.9070 | NZ=  1995 | sparsity=0.0764 | d_m=2.8066e+00
step  166 | acc=0.9070 | NZ=  1994 | sparsity=0.0769 | d_m=2.8290e+00
step  167 | acc=0.9070 | NZ=  1993 | sparsity=0.0773 | d_m=3.6476e+00
step  168 | acc=0.9070 | NZ=  1992 | sparsity=0.0778 | d_m=3.1571e+00
step  169 | acc=0.9070 | NZ=  1991 | sparsity=0.0782 | d_m=3.9370e+00
step  170 | acc=0.9060 | NZ=  1990 | sparsity=0.0787 | d_m=3.4108e+00
step  171 | acc=0.9060 | NZ=  1989 | sparsity=0.0792 | d_m=3.1590e+00
step  172 | acc=0.9060 | NZ=  1988 | sparsity=0.0796 | d_m=3.9291e+00
step  173 | acc=0.9060 | NZ=  1987 | sparsity=0.0801 | d_m=4.1079e+00
step  174 | acc=0.9040 | NZ=  1986 | sparsity=0.0806 | d_m=4.3977e+00
step  175 | acc=0.9040 | NZ=  1985 | sparsity=0.0810 | d_m=4.3278e+00
step  176 | acc=0.9000 | NZ=  1984 | sparsity=0.0815 | d_m=3.8359e+00
step  177 | acc=0.9000 | NZ=  1983 | sparsity=0.0819 | d_m=4.4173e+00
step  178 | acc=0.8980 | NZ=  1982 | sparsity=0.0824 | d_m=3.2657e+00
step  179 | acc=0.8980 | NZ=  1981 | sparsity=0.0829 | d_m=3.4251e+00
step  180 | acc=0.8980 | NZ=  1980 | sparsity=0.0833 | d_m=3.5337e+00
step  181 | acc=0.8980 | NZ=  1979 | sparsity=0.0838 | d_m=3.6280e+00
step  182 | acc=0.8980 | NZ=  1978 | sparsity=0.0843 | d_m=3.9675e+00
step  183 | acc=0.8980 | NZ=  1977 | sparsity=0.0847 | d_m=4.1085e+00
step  184 | acc=0.8980 | NZ=  1976 | sparsity=0.0852 | d_m=4.1731e+00
step  185 | acc=0.8980 | NZ=  1975 | sparsity=0.0856 | d_m=4.2545e+00
step  186 | acc=0.8980 | NZ=  1974 | sparsity=0.0861 | d_m=4.1623e+00
step  187 | acc=0.8980 | NZ=  1973 | sparsity=0.0866 | d_m=4.2103e+00
step  188 | acc=0.8980 | NZ=  1972 | sparsity=0.0870 | d_m=4.1904e+00
step  189 | acc=0.8980 | NZ=  1971 | sparsity=0.0875 | d_m=4.3195e+00
step  190 | acc=0.8940 | NZ=  1970 | sparsity=0.0880 | d_m=5.7564e+00
step  191 | acc=0.8940 | NZ=  1969 | sparsity=0.0884 | d_m=5.8124e+00
step  192 | acc=0.8940 | NZ=  1968 | sparsity=0.0889 | d_m=7.2956e+00
step  193 | acc=0.8920 | NZ=  1967 | sparsity=0.0894 | d_m=7.1851e+00
step  194 | acc=0.8920 | NZ=  1966 | sparsity=0.0898 | d_m=6.7578e+00
step  195 | acc=0.8920 | NZ=  1965 | sparsity=0.0903 | d_m=6.6730e+00
step  196 | acc=0.8920 | NZ=  1964 | sparsity=0.0907 | d_m=6.7512e+00
step  197 | acc=0.8920 | NZ=  1963 | sparsity=0.0912 | d_m=7.5219e+00
step  198 | acc=0.8950 | NZ=  1962 | sparsity=0.0917 | d_m=7.4836e+00
step  199 | acc=0.8920 | NZ=  1961 | sparsity=0.0921 | d_m=8.1844e+00
step  200 | acc=0.8920 | NZ=  1960 | sparsity=0.0926 | d_m=8.3993e+00
step  201 | acc=0.8920 | NZ=  1959 | sparsity=0.0931 | d_m=8.5261e+00
step  202 | acc=0.8920 | NZ=  1958 | sparsity=0.0935 | d_m=8.5406e+00
step  203 | acc=0.8920 | NZ=  1957 | sparsity=0.0940 | d_m=8.6661e+00
step  204 | acc=0.8790 | NZ=  1956 | sparsity=0.0944 | d_m=1.0300e+01
step  205 | acc=0.8820 | NZ=  1955 | sparsity=0.0949 | d_m=1.1190e+01
step  206 | acc=0.8760 | NZ=  1954 | sparsity=0.0954 | d_m=9.8423e+00
step  207 | acc=0.8770 | NZ=  1953 | sparsity=0.0958 | d_m=1.0192e+01
step  208 | acc=0.8750 | NZ=  1952 | sparsity=0.0963 | d_m=1.0256e+01
step  209 | acc=0.8750 | NZ=  1951 | sparsity=0.0968 | d_m=1.1023e+01
step  210 | acc=0.8750 | NZ=  1950 | sparsity=0.0972 | d_m=1.1256e+01
step  211 | acc=0.8750 | NZ=  1949 | sparsity=0.0977 | d_m=1.1432e+01
step  212 | acc=0.8750 | NZ=  1948 | sparsity=0.0981 | d_m=1.1481e+01
step  213 | acc=0.8750 | NZ=  1947 | sparsity=0.0986 | d_m=1.1581e+01
step  214 | acc=0.8750 | NZ=  1946 | sparsity=0.0991 | d_m=1.1760e+01
step  215 | acc=0.8750 | NZ=  1945 | sparsity=0.0995 | d_m=1.1855e+01
step  216 | acc=0.8750 | NZ=  1944 | sparsity=0.1000 | d_m=1.2141e+01
step  217 | acc=0.8750 | NZ=  1943 | sparsity=0.1005 | d_m=1.2206e+01
step  218 | acc=0.8750 | NZ=  1942 | sparsity=0.1009 | d_m=1.2427e+01
step  219 | acc=0.8750 | NZ=  1941 | sparsity=0.1014 | d_m=1.2362e+01
step  220 | acc=0.8750 | NZ=  1940 | sparsity=0.1019 | d_m=1.2481e+01
step  221 | acc=0.8750 | NZ=  1939 | sparsity=0.1023 | d_m=1.2711e+01
step  222 | acc=0.8750 | NZ=  1938 | sparsity=0.1028 | d_m=1.3044e+01
step  223 | acc=0.8750 | NZ=  1937 | sparsity=0.1032 | d_m=1.3199e+01
step  224 | acc=0.8750 | NZ=  1936 | sparsity=0.1037 | d_m=1.3554e+01
step  225 | acc=0.8750 | NZ=  1935 | sparsity=0.1042 | d_m=1.3954e+01
step  226 | acc=0.8750 | NZ=  1934 | sparsity=0.1046 | d_m=1.4177e+01
step  227 | acc=0.8750 | NZ=  1933 | sparsity=0.1051 | d_m=1.4316e+01
step  228 | acc=0.8750 | NZ=  1932 | sparsity=0.1056 | d_m=1.4503e+01
step  229 | acc=0.8750 | NZ=  1931 | sparsity=0.1060 | d_m=1.4905e+01
step  230 | acc=0.8740 | NZ=  1930 | sparsity=0.1065 | d_m=1.4956e+01
step  231 | acc=0.8740 | NZ=  1929 | sparsity=0.1069 | d_m=1.5248e+01
step  232 | acc=0.8740 | NZ=  1928 | sparsity=0.1074 | d_m=1.8049e+01
step  233 | acc=0.8750 | NZ=  1927 | sparsity=0.1079 | d_m=1.6163e+01
step  234 | acc=0.8750 | NZ=  1926 | sparsity=0.1083 | d_m=1.4677e+01
step  235 | acc=0.8740 | NZ=  1925 | sparsity=0.1088 | d_m=1.7042e+01
step  236 | acc=0.8760 | NZ=  1924 | sparsity=0.1093 | d_m=1.5991e+01
step  237 | acc=0.8740 | NZ=  1923 | sparsity=0.1097 | d_m=1.6070e+01
step  238 | acc=0.8740 | NZ=  1922 | sparsity=0.1102 | d_m=1.5074e+01
step  239 | acc=0.8750 | NZ=  1921 | sparsity=0.1106 | d_m=1.6125e+01
step  240 | acc=0.8750 | NZ=  1920 | sparsity=0.1111 | d_m=1.7341e+01
step  241 | acc=0.8750 | NZ=  1919 | sparsity=0.1116 | d_m=1.7851e+01
step  242 | acc=0.8730 | NZ=  1918 | sparsity=0.1120 | d_m=2.0552e+01
step  243 | acc=0.8730 | NZ=  1917 | sparsity=0.1125 | d_m=2.0556e+01
step  244 | acc=0.8730 | NZ=  1916 | sparsity=0.1130 | d_m=2.0876e+01
step  245 | acc=0.8730 | NZ=  1915 | sparsity=0.1134 | d_m=2.1368e+01
step  246 | acc=0.8740 | NZ=  1914 | sparsity=0.1139 | d_m=2.1872e+01
step  247 | acc=0.8740 | NZ=  1913 | sparsity=0.1144 | d_m=2.1977e+01
step  248 | acc=0.8740 | NZ=  1912 | sparsity=0.1148 | d_m=2.2493e+01
step  249 | acc=0.8740 | NZ=  1911 | sparsity=0.1153 | d_m=2.2668e+01
step  250 | acc=0.8740 | NZ=  1910 | sparsity=0.1157 | d_m=2.2797e+01
step  251 | acc=0.8740 | NZ=  1909 | sparsity=0.1162 | d_m=2.3412e+01
step  252 | acc=0.8740 | NZ=  1908 | sparsity=0.1167 | d_m=2.3822e+01
step  253 | acc=0.8740 | NZ=  1907 | sparsity=0.1171 | d_m=2.4103e+01
step  254 | acc=0.8740 | NZ=  1906 | sparsity=0.1176 | d_m=2.4455e+01
step  255 | acc=0.8740 | NZ=  1905 | sparsity=0.1181 | d_m=2.5075e+01
step  256 | acc=0.8740 | NZ=  1904 | sparsity=0.1185 | d_m=2.5789e+01
step  257 | acc=0.8740 | NZ=  1903 | sparsity=0.1190 | d_m=2.6211e+01
step  258 | acc=0.8740 | NZ=  1902 | sparsity=0.1194 | d_m=2.6623e+01
step  259 | acc=0.8740 | NZ=  1901 | sparsity=0.1199 | d_m=2.7100e+01
step  260 | acc=0.8720 | NZ=  1900 | sparsity=0.1204 | d_m=3.1877e+01
step  261 | acc=0.8750 | NZ=  1899 | sparsity=0.1208 | d_m=2.8642e+01
step  262 | acc=0.8750 | NZ=  1898 | sparsity=0.1213 | d_m=2.6760e+01
step  263 | acc=0.8750 | NZ=  1897 | sparsity=0.1218 | d_m=2.6076e+01
step  264 | acc=0.8740 | NZ=  1896 | sparsity=0.1222 | d_m=2.8421e+01
step  265 | acc=0.8750 | NZ=  1895 | sparsity=0.1227 | d_m=2.6658e+01
step  266 | acc=0.8710 | NZ=  1894 | sparsity=0.1231 | d_m=2.6226e+01
step  267 | acc=0.8760 | NZ=  1893 | sparsity=0.1236 | d_m=2.5820e+01
step  268 | acc=0.8710 | NZ=  1892 | sparsity=0.1241 | d_m=2.6737e+01
step  269 | acc=0.8740 | NZ=  1891 | sparsity=0.1245 | d_m=2.5538e+01
step  270 | acc=0.8710 | NZ=  1890 | sparsity=0.1250 | d_m=2.8645e+01
step  271 | acc=0.8710 | NZ=  1889 | sparsity=0.1255 | d_m=2.7111e+01
step  272 | acc=0.8650 | NZ=  1888 | sparsity=0.1259 | d_m=2.6215e+01
step  273 | acc=0.8660 | NZ=  1887 | sparsity=0.1264 | d_m=2.8407e+01
step  274 | acc=0.8660 | NZ=  1886 | sparsity=0.1269 | d_m=2.9124e+01
step  275 | acc=0.8660 | NZ=  1885 | sparsity=0.1273 | d_m=2.9517e+01
step  276 | acc=0.8660 | NZ=  1884 | sparsity=0.1278 | d_m=3.0193e+01
step  277 | acc=0.8660 | NZ=  1883 | sparsity=0.1282 | d_m=3.0386e+01
step  278 | acc=0.8660 | NZ=  1882 | sparsity=0.1287 | d_m=3.0882e+01
step  279 | acc=0.8660 | NZ=  1881 | sparsity=0.1292 | d_m=3.1174e+01
step  280 | acc=0.8660 | NZ=  1880 | sparsity=0.1296 | d_m=3.1329e+01
step  281 | acc=0.8660 | NZ=  1879 | sparsity=0.1301 | d_m=3.1718e+01
step  282 | acc=0.8660 | NZ=  1878 | sparsity=0.1306 | d_m=3.2133e+01
step  283 | acc=0.8660 | NZ=  1877 | sparsity=0.1310 | d_m=3.2485e+01
step  284 | acc=0.8660 | NZ=  1876 | sparsity=0.1315 | d_m=3.2335e+01
step  285 | acc=0.8660 | NZ=  1875 | sparsity=0.1319 | d_m=3.2445e+01
step  286 | acc=0.8660 | NZ=  1874 | sparsity=0.1324 | d_m=3.2380e+01
step  287 | acc=0.8660 | NZ=  1873 | sparsity=0.1329 | d_m=3.2325e+01
step  288 | acc=0.8660 | NZ=  1872 | sparsity=0.1333 | d_m=3.2632e+01
step  289 | acc=0.8660 | NZ=  1871 | sparsity=0.1338 | d_m=3.2662e+01
step  290 | acc=0.8660 | NZ=  1870 | sparsity=0.1343 | d_m=3.3486e+01
step  291 | acc=0.8660 | NZ=  1869 | sparsity=0.1347 | d_m=3.3935e+01
step  292 | acc=0.8660 | NZ=  1868 | sparsity=0.1352 | d_m=3.4848e+01
step  293 | acc=0.8660 | NZ=  1867 | sparsity=0.1356 | d_m=3.5362e+01
step  294 | acc=0.8660 | NZ=  1866 | sparsity=0.1361 | d_m=3.5449e+01
step  295 | acc=0.8660 | NZ=  1865 | sparsity=0.1366 | d_m=3.6001e+01
step  296 | acc=0.8660 | NZ=  1864 | sparsity=0.1370 | d_m=3.7042e+01
step  297 | acc=0.8660 | NZ=  1863 | sparsity=0.1375 | d_m=3.8005e+01
step  298 | acc=0.8610 | NZ=  1862 | sparsity=0.1380 | d_m=4.5637e+01
step  299 | acc=0.8620 | NZ=  1861 | sparsity=0.1384 | d_m=4.0846e+01
step  300 | acc=0.8310 | NZ=  1860 | sparsity=0.1389 | d_m=4.8386e+01
step  301 | acc=0.8310 | NZ=  1859 | sparsity=0.1394 | d_m=5.0008e+01
step  302 | acc=0.8270 | NZ=  1858 | sparsity=0.1398 | d_m=5.2603e+01
step  303 | acc=0.8310 | NZ=  1857 | sparsity=0.1403 | d_m=5.0961e+01
step  304 | acc=0.8310 | NZ=  1856 | sparsity=0.1407 | d_m=5.6842e+01
step  305 | acc=0.8180 | NZ=  1855 | sparsity=0.1412 | d_m=5.7829e+01
step  306 | acc=0.8250 | NZ=  1854 | sparsity=0.1417 | d_m=5.3582e+01
step  307 | acc=0.8190 | NZ=  1853 | sparsity=0.1421 | d_m=5.8519e+01
step  308 | acc=0.8220 | NZ=  1852 | sparsity=0.1426 | d_m=5.4414e+01
step  309 | acc=0.8220 | NZ=  1851 | sparsity=0.1431 | d_m=5.7142e+01
step  310 | acc=0.8150 | NZ=  1850 | sparsity=0.1435 | d_m=5.8926e+01
step  311 | acc=0.8200 | NZ=  1849 | sparsity=0.1440 | d_m=5.9268e+01
step  312 | acc=0.8130 | NZ=  1848 | sparsity=0.1444 | d_m=5.9323e+01
step  313 | acc=0.8130 | NZ=  1847 | sparsity=0.1449 | d_m=5.7464e+01
step  314 | acc=0.8120 | NZ=  1846 | sparsity=0.1454 | d_m=6.0512e+01
step  315 | acc=0.8110 | NZ=  1845 | sparsity=0.1458 | d_m=6.0518e+01
step  316 | acc=0.8110 | NZ=  1844 | sparsity=0.1463 | d_m=6.1060e+01
step  317 | acc=0.8050 | NZ=  1843 | sparsity=0.1468 | d_m=6.4790e+01
step  318 | acc=0.8050 | NZ=  1842 | sparsity=0.1472 | d_m=6.0487e+01
step  319 | acc=0.8070 | NZ=  1841 | sparsity=0.1477 | d_m=6.0565e+01
step  320 | acc=0.7850 | NZ=  1840 | sparsity=0.1481 | d_m=6.4724e+01
step  321 | acc=0.7840 | NZ=  1839 | sparsity=0.1486 | d_m=6.4577e+01
step  322 | acc=0.7840 | NZ=  1838 | sparsity=0.1491 | d_m=6.0267e+01
step  323 | acc=0.7870 | NZ=  1837 | sparsity=0.1495 | d_m=5.8226e+01
step  324 | acc=0.7790 | NZ=  1836 | sparsity=0.1500 | d_m=6.4544e+01
step  325 | acc=0.7790 | NZ=  1835 | sparsity=0.1505 | d_m=6.4543e+01
step  326 | acc=0.7790 | NZ=  1834 | sparsity=0.1509 | d_m=6.4543e+01
step  327 | acc=0.7790 | NZ=  1833 | sparsity=0.1514 | d_m=6.4543e+01
step  328 | acc=0.7790 | NZ=  1832 | sparsity=0.1519 | d_m=6.4543e+01
step  329 | acc=0.7790 | NZ=  1831 | sparsity=0.1523 | d_m=6.4543e+01
step  330 | acc=0.7790 | NZ=  1830 | sparsity=0.1528 | d_m=6.4543e+01
step  331 | acc=0.7790 | NZ=  1829 | sparsity=0.1532 | d_m=6.4543e+01
step  332 | acc=0.7790 | NZ=  1828 | sparsity=0.1537 | d_m=6.4543e+01
step  333 | acc=0.7790 | NZ=  1827 | sparsity=0.1542 | d_m=6.4543e+01
step  334 | acc=0.7790 | NZ=  1826 | sparsity=0.1546 | d_m=6.5791e+01
step  335 | acc=0.7790 | NZ=  1825 | sparsity=0.1551 | d_m=6.6543e+01
step  336 | acc=0.7790 | NZ=  1824 | sparsity=0.1556 | d_m=6.7113e+01
step  337 | acc=0.7790 | NZ=  1823 | sparsity=0.1560 | d_m=6.7348e+01
step  338 | acc=0.7790 | NZ=  1822 | sparsity=0.1565 | d_m=6.7447e+01
step  339 | acc=0.7790 | NZ=  1821 | sparsity=0.1569 | d_m=6.7440e+01
step  340 | acc=0.7790 | NZ=  1820 | sparsity=0.1574 | d_m=6.8029e+01
step  341 | acc=0.7790 | NZ=  1819 | sparsity=0.1579 | d_m=6.9008e+01
step  342 | acc=0.7790 | NZ=  1818 | sparsity=0.1583 | d_m=6.9606e+01
step  343 | acc=0.7790 | NZ=  1817 | sparsity=0.1588 | d_m=6.9704e+01
step  344 | acc=0.7790 | NZ=  1816 | sparsity=0.1593 | d_m=6.9888e+01
step  345 | acc=0.7790 | NZ=  1815 | sparsity=0.1597 | d_m=6.9940e+01
step  346 | acc=0.7790 | NZ=  1814 | sparsity=0.1602 | d_m=7.1219e+01
step  347 | acc=0.7800 | NZ=  1813 | sparsity=0.1606 | d_m=7.2621e+01
step  348 | acc=0.7800 | NZ=  1812 | sparsity=0.1611 | d_m=7.3512e+01
step  349 | acc=0.7800 | NZ=  1811 | sparsity=0.1616 | d_m=7.4386e+01
step  350 | acc=0.7800 | NZ=  1810 | sparsity=0.1620 | d_m=7.4653e+01
step  351 | acc=0.7800 | NZ=  1809 | sparsity=0.1625 | d_m=7.5279e+01
step  352 | acc=0.7800 | NZ=  1808 | sparsity=0.1630 | d_m=7.5929e+01
step  353 | acc=0.7800 | NZ=  1807 | sparsity=0.1634 | d_m=7.6437e+01
step  354 | acc=0.7800 | NZ=  1806 | sparsity=0.1639 | d_m=7.6888e+01
step  355 | acc=0.7810 | NZ=  1805 | sparsity=0.1644 | d_m=7.7556e+01
step  356 | acc=0.7800 | NZ=  1804 | sparsity=0.1648 | d_m=7.8271e+01
step  357 | acc=0.7820 | NZ=  1803 | sparsity=0.1653 | d_m=7.9508e+01
step  358 | acc=0.7820 | NZ=  1802 | sparsity=0.1657 | d_m=8.0175e+01
step  359 | acc=0.7820 | NZ=  1801 | sparsity=0.1662 | d_m=8.0612e+01
step  360 | acc=0.7820 | NZ=  1800 | sparsity=0.1667 | d_m=8.0793e+01
step  361 | acc=0.7820 | NZ=  1799 | sparsity=0.1671 | d_m=8.1374e+01
step  362 | acc=0.7810 | NZ=  1798 | sparsity=0.1676 | d_m=8.2852e+01
step  363 | acc=0.7820 | NZ=  1797 | sparsity=0.1681 | d_m=8.4849e+01
step  364 | acc=0.7810 | NZ=  1796 | sparsity=0.1685 | d_m=8.6629e+01
step  365 | acc=0.7810 | NZ=  1795 | sparsity=0.1690 | d_m=8.7758e+01
step  366 | acc=0.7800 | NZ=  1794 | sparsity=0.1694 | d_m=8.9537e+01
step  367 | acc=0.7800 | NZ=  1793 | sparsity=0.1699 | d_m=9.0824e+01
step  368 | acc=0.7800 | NZ=  1792 | sparsity=0.1704 | d_m=9.1539e+01
step  369 | acc=0.7810 | NZ=  1791 | sparsity=0.1708 | d_m=9.1955e+01
step  370 | acc=0.7810 | NZ=  1790 | sparsity=0.1713 | d_m=9.2824e+01
step  371 | acc=0.7820 | NZ=  1789 | sparsity=0.1718 | d_m=9.4057e+01
step  372 | acc=0.7810 | NZ=  1788 | sparsity=0.1722 | d_m=9.3289e+01
step  373 | acc=0.7810 | NZ=  1787 | sparsity=0.1727 | d_m=9.5484e+01
step  374 | acc=0.7810 | NZ=  1786 | sparsity=0.1731 | d_m=9.6288e+01
step  375 | acc=0.7810 | NZ=  1785 | sparsity=0.1736 | d_m=9.7876e+01
step  376 | acc=0.7810 | NZ=  1784 | sparsity=0.1741 | d_m=9.8433e+01
step  377 | acc=0.7800 | NZ=  1783 | sparsity=0.1745 | d_m=1.0014e+02
step  378 | acc=0.7800 | NZ=  1782 | sparsity=0.1750 | d_m=1.0102e+02
step  379 | acc=0.7800 | NZ=  1781 | sparsity=0.1755 | d_m=1.0312e+02
step  380 | acc=0.7800 | NZ=  1780 | sparsity=0.1759 | d_m=1.0438e+02
step  381 | acc=0.7800 | NZ=  1779 | sparsity=0.1764 | d_m=1.0550e+02
step  382 | acc=0.7800 | NZ=  1778 | sparsity=0.1769 | d_m=1.0674e+02
step  383 | acc=0.7800 | NZ=  1777 | sparsity=0.1773 | d_m=1.0855e+02
step  384 | acc=0.7800 | NZ=  1776 | sparsity=0.1778 | d_m=1.0971e+02
step  385 | acc=0.7800 | NZ=  1775 | sparsity=0.1782 | d_m=1.1058e+02
step  386 | acc=0.7800 | NZ=  1774 | sparsity=0.1787 | d_m=1.1304e+02
step  387 | acc=0.7800 | NZ=  1773 | sparsity=0.1792 | d_m=1.1405e+02
step  388 | acc=0.7800 | NZ=  1772 | sparsity=0.1796 | d_m=1.1371e+02
step  389 | acc=0.7800 | NZ=  1771 | sparsity=0.1801 | d_m=1.1424e+02
step  390 | acc=0.7800 | NZ=  1770 | sparsity=0.1806 | d_m=1.1476e+02
step  391 | acc=0.7800 | NZ=  1769 | sparsity=0.1810 | d_m=1.1593e+02
step  392 | acc=0.7820 | NZ=  1768 | sparsity=0.1815 | d_m=1.1577e+02
step  393 | acc=0.7820 | NZ=  1767 | sparsity=0.1819 | d_m=1.1879e+02
step  394 | acc=0.7810 | NZ=  1766 | sparsity=0.1824 | d_m=1.2043e+02
step  395 | acc=0.7810 | NZ=  1765 | sparsity=0.1829 | d_m=1.2128e+02
step  396 | acc=0.7800 | NZ=  1764 | sparsity=0.1833 | d_m=1.2360e+02
step  397 | acc=0.7800 | NZ=  1763 | sparsity=0.1838 | d_m=1.2540e+02
step  398 | acc=0.7800 | NZ=  1762 | sparsity=0.1843 | d_m=1.2589e+02
step  399 | acc=0.7800 | NZ=  1761 | sparsity=0.1847 | d_m=1.2726e+02
step  400 | acc=0.7800 | NZ=  1760 | sparsity=0.1852 | d_m=1.2872e+02
step  401 | acc=0.7800 | NZ=  1759 | sparsity=0.1856 | d_m=1.2905e+02
step  402 | acc=0.7800 | NZ=  1758 | sparsity=0.1861 | d_m=1.2848e+02
step  403 | acc=0.7800 | NZ=  1757 | sparsity=0.1866 | d_m=1.2819e+02
step  404 | acc=0.7800 | NZ=  1756 | sparsity=0.1870 | d_m=1.3106e+02
step  405 | acc=0.7800 | NZ=  1755 | sparsity=0.1875 | d_m=1.3148e+02
step  406 | acc=0.7800 | NZ=  1754 | sparsity=0.1880 | d_m=1.3449e+02
step  407 | acc=0.7800 | NZ=  1753 | sparsity=0.1884 | d_m=1.3639e+02
step  408 | acc=0.7800 | NZ=  1752 | sparsity=0.1889 | d_m=1.3254e+02
step  409 | acc=0.7800 | NZ=  1751 | sparsity=0.1894 | d_m=1.3445e+02
step  410 | acc=0.7800 | NZ=  1750 | sparsity=0.1898 | d_m=1.3710e+02
step  411 | acc=0.7800 | NZ=  1749 | sparsity=0.1903 | d_m=1.3991e+02
step  412 | acc=0.7800 | NZ=  1748 | sparsity=0.1907 | d_m=1.4221e+02
step  413 | acc=0.7800 | NZ=  1747 | sparsity=0.1912 | d_m=1.4046e+02
step  414 | acc=0.7800 | NZ=  1746 | sparsity=0.1917 | d_m=1.4137e+02
step  415 | acc=0.7800 | NZ=  1745 | sparsity=0.1921 | d_m=1.4339e+02
step  416 | acc=0.7800 | NZ=  1744 | sparsity=0.1926 | d_m=1.4539e+02
step  417 | acc=0.7800 | NZ=  1743 | sparsity=0.1931 | d_m=1.4773e+02
step  418 | acc=0.7800 | NZ=  1742 | sparsity=0.1935 | d_m=1.4793e+02
step  419 | acc=0.7800 | NZ=  1741 | sparsity=0.1940 | d_m=1.4928e+02
step  420 | acc=0.7800 | NZ=  1740 | sparsity=0.1944 | d_m=1.5232e+02
step  421 | acc=0.7800 | NZ=  1739 | sparsity=0.1949 | d_m=1.5362e+02
step  422 | acc=0.7800 | NZ=  1738 | sparsity=0.1954 | d_m=1.5680e+02
step  423 | acc=0.7800 | NZ=  1737 | sparsity=0.1958 | d_m=1.6083e+02
step  424 | acc=0.7790 | NZ=  1736 | sparsity=0.1963 | d_m=1.6181e+02
step  425 | acc=0.7800 | NZ=  1735 | sparsity=0.1968 | d_m=1.6375e+02
step  426 | acc=0.7810 | NZ=  1734 | sparsity=0.1972 | d_m=1.6507e+02
step  427 | acc=0.7800 | NZ=  1733 | sparsity=0.1977 | d_m=1.6629e+02
step  428 | acc=0.7810 | NZ=  1732 | sparsity=0.1981 | d_m=1.6922e+02
step  429 | acc=0.7810 | NZ=  1731 | sparsity=0.1986 | d_m=1.6930e+02
step  430 | acc=0.7810 | NZ=  1730 | sparsity=0.1991 | d_m=1.7073e+02
step  431 | acc=0.7810 | NZ=  1729 | sparsity=0.1995 | d_m=1.7140e+02
step  432 | acc=0.7810 | NZ=  1728 | sparsity=0.2000 | d_m=1.7160e+02
step  433 | acc=0.7800 | NZ=  1727 | sparsity=0.2005 | d_m=1.7270e+02
step  434 | acc=0.7800 | NZ=  1726 | sparsity=0.2009 | d_m=1.7474e+02
step  435 | acc=0.7810 | NZ=  1725 | sparsity=0.2014 | d_m=1.7779e+02
step  436 | acc=0.7810 | NZ=  1724 | sparsity=0.2019 | d_m=1.7933e+02
step  437 | acc=0.7810 | NZ=  1723 | sparsity=0.2023 | d_m=1.7895e+02
step  438 | acc=0.7810 | NZ=  1722 | sparsity=0.2028 | d_m=1.7875e+02
step  439 | acc=0.7810 | NZ=  1721 | sparsity=0.2032 | d_m=1.8136e+02
step  440 | acc=0.7810 | NZ=  1720 | sparsity=0.2037 | d_m=1.7928e+02
step  441 | acc=0.7810 | NZ=  1719 | sparsity=0.2042 | d_m=1.8113e+02
step  442 | acc=0.7810 | NZ=  1718 | sparsity=0.2046 | d_m=1.8140e+02
step  443 | acc=0.7810 | NZ=  1717 | sparsity=0.2051 | d_m=1.8369e+02
step  444 | acc=0.7810 | NZ=  1716 | sparsity=0.2056 | d_m=1.8542e+02
step  445 | acc=0.7820 | NZ=  1715 | sparsity=0.2060 | d_m=1.8609e+02
step  446 | acc=0.7820 | NZ=  1714 | sparsity=0.2065 | d_m=1.8561e+02
step  447 | acc=0.7810 | NZ=  1713 | sparsity=0.2069 | d_m=1.8792e+02
step  448 | acc=0.7820 | NZ=  1712 | sparsity=0.2074 | d_m=1.9178e+02
step  449 | acc=0.7820 | NZ=  1711 | sparsity=0.2079 | d_m=1.9023e+02
step  450 | acc=0.7820 | NZ=  1710 | sparsity=0.2083 | d_m=1.9300e+02
step  451 | acc=0.7820 | NZ=  1709 | sparsity=0.2088 | d_m=1.9714e+02
step  452 | acc=0.7820 | NZ=  1708 | sparsity=0.2093 | d_m=1.9925e+02
step  453 | acc=0.7820 | NZ=  1707 | sparsity=0.2097 | d_m=2.0121e+02
step  454 | acc=0.7820 | NZ=  1706 | sparsity=0.2102 | d_m=2.0255e+02
step  455 | acc=0.7820 | NZ=  1705 | sparsity=0.2106 | d_m=2.0578e+02
step  456 | acc=0.7820 | NZ=  1704 | sparsity=0.2111 | d_m=2.0799e+02
step  457 | acc=0.7820 | NZ=  1703 | sparsity=0.2116 | d_m=2.1253e+02
step  458 | acc=0.7810 | NZ=  1702 | sparsity=0.2120 | d_m=2.1817e+02
step  459 | acc=0.7810 | NZ=  1701 | sparsity=0.2125 | d_m=2.2087e+02
step  460 | acc=0.7810 | NZ=  1700 | sparsity=0.2130 | d_m=2.2333e+02
step  461 | acc=0.7810 | NZ=  1699 | sparsity=0.2134 | d_m=2.2336e+02
step  462 | acc=0.7810 | NZ=  1698 | sparsity=0.2139 | d_m=2.2329e+02
step  463 | acc=0.7800 | NZ=  1697 | sparsity=0.2144 | d_m=2.2588e+02
step  464 | acc=0.7810 | NZ=  1696 | sparsity=0.2148 | d_m=2.2903e+02
step  465 | acc=0.7810 | NZ=  1695 | sparsity=0.2153 | d_m=2.3042e+02
step  466 | acc=0.7810 | NZ=  1694 | sparsity=0.2157 | d_m=2.3368e+02
step  467 | acc=0.7810 | NZ=  1693 | sparsity=0.2162 | d_m=2.3344e+02
step  468 | acc=0.7810 | NZ=  1692 | sparsity=0.2167 | d_m=2.3497e+02
step  469 | acc=0.7810 | NZ=  1691 | sparsity=0.2171 | d_m=2.3520e+02
step  470 | acc=0.7820 | NZ=  1690 | sparsity=0.2176 | d_m=2.3492e+02
step  471 | acc=0.7810 | NZ=  1689 | sparsity=0.2181 | d_m=2.3785e+02
step  472 | acc=0.7820 | NZ=  1688 | sparsity=0.2185 | d_m=2.4174e+02
step  473 | acc=0.7810 | NZ=  1687 | sparsity=0.2190 | d_m=2.4479e+02
step  474 | acc=0.7810 | NZ=  1686 | sparsity=0.2194 | d_m=2.4551e+02
step  475 | acc=0.7820 | NZ=  1685 | sparsity=0.2199 | d_m=2.4802e+02
step  476 | acc=0.7820 | NZ=  1684 | sparsity=0.2204 | d_m=2.5059e+02
step  477 | acc=0.7820 | NZ=  1683 | sparsity=0.2208 | d_m=2.5234e+02
step  478 | acc=0.7820 | NZ=  1682 | sparsity=0.2213 | d_m=2.5237e+02
step  479 | acc=0.7810 | NZ=  1681 | sparsity=0.2218 | d_m=2.5690e+02
step  480 | acc=0.7810 | NZ=  1680 | sparsity=0.2222 | d_m=2.5479e+02
step  481 | acc=0.7810 | NZ=  1679 | sparsity=0.2227 | d_m=2.5731e+02
step  482 | acc=0.7810 | NZ=  1678 | sparsity=0.2231 | d_m=2.6300e+02
step  483 | acc=0.7810 | NZ=  1677 | sparsity=0.2236 | d_m=2.6904e+02
step  484 | acc=0.7810 | NZ=  1676 | sparsity=0.2241 | d_m=2.7050e+02
step  485 | acc=0.7810 | NZ=  1675 | sparsity=0.2245 | d_m=2.7362e+02
step  486 | acc=0.7810 | NZ=  1674 | sparsity=0.2250 | d_m=2.7519e+02
step  487 | acc=0.7810 | NZ=  1673 | sparsity=0.2255 | d_m=2.7764e+02
step  488 | acc=0.7810 | NZ=  1672 | sparsity=0.2259 | d_m=2.7958e+02
step  489 | acc=0.7790 | NZ=  1671 | sparsity=0.2264 | d_m=2.8324e+02
step  490 | acc=0.7790 | NZ=  1670 | sparsity=0.2269 | d_m=2.8383e+02
step  491 | acc=0.7800 | NZ=  1669 | sparsity=0.2273 | d_m=2.8937e+02
step  492 | acc=0.7800 | NZ=  1668 | sparsity=0.2278 | d_m=2.9476e+02
step  493 | acc=0.7800 | NZ=  1667 | sparsity=0.2282 | d_m=3.0188e+02
step  494 | acc=0.7800 | NZ=  1666 | sparsity=0.2287 | d_m=3.0888e+02
step  495 | acc=0.7800 | NZ=  1665 | sparsity=0.2292 | d_m=3.1358e+02
step  496 | acc=0.7790 | NZ=  1664 | sparsity=0.2296 | d_m=3.2025e+02
step  497 | acc=0.7790 | NZ=  1663 | sparsity=0.2301 | d_m=3.2524e+02
step  498 | acc=0.7810 | NZ=  1662 | sparsity=0.2306 | d_m=3.3079e+02
step  499 | acc=0.7800 | NZ=  1661 | sparsity=0.2310 | d_m=3.3425e+02
Sparsification log saved to: /home/simon/repos/onnxmlir-pim-sparsify/artifacts/e10_seed_3/sparsified/sparsification_log.csv
[17:28:51]   sparsify: done
[17:28:51] --- e10_seed_4 ---
[17:28:51]   train: starting
Output folder: /home/simon/repos/onnxmlir-pim-sparsify/artifacts/e10_seed_4
Data loaded.
	X_train.shape = (10000, 196)
	X_test.shape  = (1000, 196)
Topology: [196, 10, 10, 10]
Training loop started
---------------------------------------------------------
	Epoch 0 of 1000 in 0.46 sec
	Train acc 0.10010 | Test acc 0.11600
---------------------------------------------------------
	Epoch 100 of 1000 in 0.00 sec
	Train acc 0.45060 | Test acc 0.43900
---------------------------------------------------------
	Epoch 200 of 1000 in 0.00 sec
	Train acc 0.82190 | Test acc 0.82100
---------------------------------------------------------
	Epoch 300 of 1000 in 0.00 sec
	Train acc 0.86650 | Test acc 0.86000
---------------------------------------------------------
	Epoch 400 of 1000 in 0.00 sec
	Train acc 0.88310 | Test acc 0.88000
---------------------------------------------------------
	Epoch 500 of 1000 in 0.00 sec
	Train acc 0.89710 | Test acc 0.89700
---------------------------------------------------------
	Epoch 600 of 1000 in 0.00 sec
	Train acc 0.91000 | Test acc 0.89800
---------------------------------------------------------
	Epoch 700 of 1000 in 0.00 sec
	Train acc 0.91880 | Test acc 0.90100
---------------------------------------------------------
	Epoch 800 of 1000 in 0.00 sec
	Train acc 0.92470 | Test acc 0.91400
---------------------------------------------------------
	Epoch 900 of 1000 in 0.00 sec
	Train acc 0.92830 | Test acc 0.91300
---------------------------------------------------------
Training log saved to: /home/simon/repos/onnxmlir-pim-sparsify/artifacts/e10_seed_4/training_log.csv
Model saved to: /home/simon/repos/onnxmlir-pim-sparsify/artifacts/e10_seed_4
[17:29:34]   train: done
[17:29:34]   sparsify: starting
Load the parameters from the folder
Found 3 layers in /home/simon/repos/onnxmlir-pim-sparsify/artifacts/e10_seed_4
Accuracy in validation: 0.9140
Total parameters: 2160
Perturbation distance (sanity check): 2.7516e+00
Starting sparsification loop
At every iteration the network gets:
	 1. Pruned   — remove the least influential parameter
	 2. Adjusted — compensate via remaining parameters
step    0 | acc=0.9140 | NZ=  2160 | sparsity=0.0000 | d_m=0.0000e+00
step    1 | acc=0.9140 | NZ=  2159 | sparsity=0.0005 | d_m=5.2092e-06
step    2 | acc=0.9140 | NZ=  2158 | sparsity=0.0009 | d_m=1.5271e-04
step    3 | acc=0.9140 | NZ=  2157 | sparsity=0.0014 | d_m=5.4218e-04
step    4 | acc=0.9140 | NZ=  2156 | sparsity=0.0019 | d_m=1.7110e-03
step    5 | acc=0.9140 | NZ=  2155 | sparsity=0.0023 | d_m=3.0250e-03
step    6 | acc=0.9140 | NZ=  2154 | sparsity=0.0028 | d_m=3.1701e-03
step    7 | acc=0.9140 | NZ=  2153 | sparsity=0.0032 | d_m=6.2673e-03
step    8 | acc=0.9140 | NZ=  2152 | sparsity=0.0037 | d_m=6.9782e-03
step    9 | acc=0.9140 | NZ=  2151 | sparsity=0.0042 | d_m=7.9504e-03
step   10 | acc=0.9140 | NZ=  2150 | sparsity=0.0046 | d_m=8.7727e-03
step   11 | acc=0.9140 | NZ=  2149 | sparsity=0.0051 | d_m=1.0520e-02
step   12 | acc=0.9140 | NZ=  2148 | sparsity=0.0056 | d_m=1.2959e-02
step   13 | acc=0.9140 | NZ=  2147 | sparsity=0.0060 | d_m=3.0102e-02
step   14 | acc=0.9140 | NZ=  2146 | sparsity=0.0065 | d_m=3.3433e-02
step   15 | acc=0.9140 | NZ=  2145 | sparsity=0.0069 | d_m=5.3214e-02
step   16 | acc=0.9140 | NZ=  2144 | sparsity=0.0074 | d_m=5.5660e-02
step   17 | acc=0.9140 | NZ=  2143 | sparsity=0.0079 | d_m=5.9685e-02
step   18 | acc=0.9140 | NZ=  2142 | sparsity=0.0083 | d_m=9.0444e-02
step   19 | acc=0.9130 | NZ=  2141 | sparsity=0.0088 | d_m=1.1406e-01
step   20 | acc=0.9120 | NZ=  2140 | sparsity=0.0093 | d_m=1.4403e-01
step   21 | acc=0.9110 | NZ=  2139 | sparsity=0.0097 | d_m=1.7198e-01
step   22 | acc=0.9110 | NZ=  2138 | sparsity=0.0102 | d_m=1.7605e-01
step   23 | acc=0.9110 | NZ=  2137 | sparsity=0.0106 | d_m=2.4853e-01
step   24 | acc=0.9110 | NZ=  2136 | sparsity=0.0111 | d_m=2.2946e-01
step   25 | acc=0.9110 | NZ=  2135 | sparsity=0.0116 | d_m=2.7880e-01
step   26 | acc=0.9110 | NZ=  2134 | sparsity=0.0120 | d_m=3.3012e-01
step   27 | acc=0.9110 | NZ=  2133 | sparsity=0.0125 | d_m=3.4441e-01
step   28 | acc=0.9110 | NZ=  2132 | sparsity=0.0130 | d_m=3.4441e-01
step   29 | acc=0.9110 | NZ=  2131 | sparsity=0.0134 | d_m=3.4441e-01
step   30 | acc=0.9110 | NZ=  2130 | sparsity=0.0139 | d_m=3.4441e-01
step   31 | acc=0.9110 | NZ=  2129 | sparsity=0.0144 | d_m=3.5970e-01
step   32 | acc=0.9110 | NZ=  2128 | sparsity=0.0148 | d_m=3.7523e-01
step   33 | acc=0.9110 | NZ=  2127 | sparsity=0.0153 | d_m=3.8425e-01
step   34 | acc=0.9110 | NZ=  2126 | sparsity=0.0157 | d_m=4.0239e-01
step   35 | acc=0.9110 | NZ=  2125 | sparsity=0.0162 | d_m=4.3620e-01
step   36 | acc=0.9110 | NZ=  2124 | sparsity=0.0167 | d_m=4.6305e-01
step   37 | acc=0.9110 | NZ=  2123 | sparsity=0.0171 | d_m=4.7679e-01
step   38 | acc=0.9110 | NZ=  2122 | sparsity=0.0176 | d_m=4.9832e-01
step   39 | acc=0.9110 | NZ=  2121 | sparsity=0.0181 | d_m=5.1132e-01
step   40 | acc=0.9110 | NZ=  2120 | sparsity=0.0185 | d_m=5.3674e-01
step   41 | acc=0.9110 | NZ=  2119 | sparsity=0.0190 | d_m=5.7654e-01
step   42 | acc=0.9110 | NZ=  2118 | sparsity=0.0194 | d_m=6.2321e-01
step   43 | acc=0.9110 | NZ=  2117 | sparsity=0.0199 | d_m=6.4182e-01
step   44 | acc=0.9110 | NZ=  2116 | sparsity=0.0204 | d_m=6.9113e-01
step   45 | acc=0.9110 | NZ=  2115 | sparsity=0.0208 | d_m=7.2528e-01
step   46 | acc=0.9110 | NZ=  2114 | sparsity=0.0213 | d_m=7.8096e-01
step   47 | acc=0.9120 | NZ=  2113 | sparsity=0.0218 | d_m=8.3774e-01
step   48 | acc=0.9120 | NZ=  2112 | sparsity=0.0222 | d_m=8.9201e-01
step   49 | acc=0.9110 | NZ=  2111 | sparsity=0.0227 | d_m=9.6497e-01
step   50 | acc=0.9110 | NZ=  2110 | sparsity=0.0231 | d_m=1.3059e+00
step   51 | acc=0.9110 | NZ=  2109 | sparsity=0.0236 | d_m=1.3954e+00
step   52 | acc=0.9110 | NZ=  2108 | sparsity=0.0241 | d_m=1.4289e+00
step   53 | acc=0.9110 | NZ=  2107 | sparsity=0.0245 | d_m=1.4781e+00
step   54 | acc=0.9110 | NZ=  2106 | sparsity=0.0250 | d_m=1.5594e+00
step   55 | acc=0.9110 | NZ=  2105 | sparsity=0.0255 | d_m=1.6237e+00
step   56 | acc=0.9120 | NZ=  2104 | sparsity=0.0259 | d_m=1.7783e+00
step   57 | acc=0.9120 | NZ=  2103 | sparsity=0.0264 | d_m=1.9246e+00
step   58 | acc=0.9120 | NZ=  2102 | sparsity=0.0269 | d_m=2.0563e+00
step   59 | acc=0.9120 | NZ=  2101 | sparsity=0.0273 | d_m=2.2129e+00
step   60 | acc=0.9120 | NZ=  2100 | sparsity=0.0278 | d_m=2.3362e+00
step   61 | acc=0.9110 | NZ=  2099 | sparsity=0.0282 | d_m=2.4734e+00
step   62 | acc=0.9110 | NZ=  2098 | sparsity=0.0287 | d_m=2.7482e+00
step   63 | acc=0.9110 | NZ=  2097 | sparsity=0.0292 | d_m=2.8690e+00
step   64 | acc=0.9110 | NZ=  2096 | sparsity=0.0296 | d_m=3.0287e+00
step   65 | acc=0.9110 | NZ=  2095 | sparsity=0.0301 | d_m=3.2676e+00
step   66 | acc=0.9110 | NZ=  2094 | sparsity=0.0306 | d_m=3.5215e+00
step   67 | acc=0.9120 | NZ=  2093 | sparsity=0.0310 | d_m=3.9290e+00
step   68 | acc=0.9120 | NZ=  2092 | sparsity=0.0315 | d_m=4.3244e+00
step   69 | acc=0.9120 | NZ=  2091 | sparsity=0.0319 | d_m=4.6313e+00
step   70 | acc=0.9110 | NZ=  2090 | sparsity=0.0324 | d_m=4.9664e+00
step   71 | acc=0.9110 | NZ=  2089 | sparsity=0.0329 | d_m=5.3020e+00
step   72 | acc=0.9110 | NZ=  2088 | sparsity=0.0333 | d_m=5.5239e+00
step   73 | acc=0.9110 | NZ=  2087 | sparsity=0.0338 | d_m=5.7102e+00
step   74 | acc=0.9110 | NZ=  2086 | sparsity=0.0343 | d_m=5.8628e+00
step   75 | acc=0.9110 | NZ=  2085 | sparsity=0.0347 | d_m=6.0764e+00
step   76 | acc=0.9110 | NZ=  2084 | sparsity=0.0352 | d_m=6.5567e+00
step   77 | acc=0.9110 | NZ=  2083 | sparsity=0.0356 | d_m=6.7520e+00
step   78 | acc=0.9110 | NZ=  2082 | sparsity=0.0361 | d_m=6.9342e+00
step   79 | acc=0.9110 | NZ=  2081 | sparsity=0.0366 | d_m=7.2849e+00
step   80 | acc=0.9110 | NZ=  2080 | sparsity=0.0370 | d_m=7.6563e+00
step   81 | acc=0.9110 | NZ=  2079 | sparsity=0.0375 | d_m=7.7554e+00
step   82 | acc=0.9110 | NZ=  2078 | sparsity=0.0380 | d_m=8.1883e+00
step   83 | acc=0.9110 | NZ=  2077 | sparsity=0.0384 | d_m=8.4154e+00
step   84 | acc=0.9110 | NZ=  2076 | sparsity=0.0389 | d_m=8.9258e+00
step   85 | acc=0.9110 | NZ=  2075 | sparsity=0.0394 | d_m=9.0778e+00
step   86 | acc=0.9110 | NZ=  2074 | sparsity=0.0398 | d_m=9.5686e+00
step   87 | acc=0.9110 | NZ=  2073 | sparsity=0.0403 | d_m=1.0051e+01
step   88 | acc=0.9110 | NZ=  2072 | sparsity=0.0407 | d_m=1.0320e+01
step   89 | acc=0.9110 | NZ=  2071 | sparsity=0.0412 | d_m=1.0381e+01
step   90 | acc=0.9110 | NZ=  2070 | sparsity=0.0417 | d_m=1.0708e+01
step   91 | acc=0.9110 | NZ=  2069 | sparsity=0.0421 | d_m=1.1197e+01
step   92 | acc=0.9110 | NZ=  2068 | sparsity=0.0426 | d_m=1.1699e+01
step   93 | acc=0.9110 | NZ=  2067 | sparsity=0.0431 | d_m=1.2130e+01
step   94 | acc=0.9110 | NZ=  2066 | sparsity=0.0435 | d_m=1.2473e+01
step   95 | acc=0.9110 | NZ=  2065 | sparsity=0.0440 | d_m=1.2844e+01
step   96 | acc=0.9110 | NZ=  2064 | sparsity=0.0444 | d_m=1.3338e+01
step   97 | acc=0.9110 | NZ=  2063 | sparsity=0.0449 | d_m=1.3628e+01
step   98 | acc=0.9110 | NZ=  2062 | sparsity=0.0454 | d_m=1.4194e+01
step   99 | acc=0.9110 | NZ=  2061 | sparsity=0.0458 | d_m=1.4560e+01
step  100 | acc=0.9110 | NZ=  2060 | sparsity=0.0463 | d_m=1.4910e+01
step  101 | acc=0.9110 | NZ=  2059 | sparsity=0.0468 | d_m=1.5328e+01
step  102 | acc=0.9110 | NZ=  2058 | sparsity=0.0472 | d_m=1.5790e+01
step  103 | acc=0.9110 | NZ=  2057 | sparsity=0.0477 | d_m=1.6126e+01
step  104 | acc=0.9110 | NZ=  2056 | sparsity=0.0481 | d_m=1.6437e+01
step  105 | acc=0.9110 | NZ=  2055 | sparsity=0.0486 | d_m=1.6821e+01
step  106 | acc=0.9110 | NZ=  2054 | sparsity=0.0491 | d_m=1.7055e+01
step  107 | acc=0.9110 | NZ=  2053 | sparsity=0.0495 | d_m=1.7450e+01
step  108 | acc=0.9100 | NZ=  2052 | sparsity=0.0500 | d_m=1.7749e+01
step  109 | acc=0.9100 | NZ=  2051 | sparsity=0.0505 | d_m=1.7770e+01
step  110 | acc=0.9100 | NZ=  2050 | sparsity=0.0509 | d_m=1.8261e+01
step  111 | acc=0.9100 | NZ=  2049 | sparsity=0.0514 | d_m=1.8988e+01
step  112 | acc=0.9100 | NZ=  2048 | sparsity=0.0519 | d_m=1.9540e+01
step  113 | acc=0.9100 | NZ=  2047 | sparsity=0.0523 | d_m=2.0058e+01
step  114 | acc=0.9100 | NZ=  2046 | sparsity=0.0528 | d_m=2.0861e+01
step  115 | acc=0.9100 | NZ=  2045 | sparsity=0.0532 | d_m=2.1535e+01
step  116 | acc=0.9110 | NZ=  2044 | sparsity=0.0537 | d_m=2.2332e+01
step  117 | acc=0.9110 | NZ=  2043 | sparsity=0.0542 | d_m=2.2954e+01
step  118 | acc=0.9110 | NZ=  2042 | sparsity=0.0546 | d_m=2.3417e+01
step  119 | acc=0.9110 | NZ=  2041 | sparsity=0.0551 | d_m=2.4023e+01
step  120 | acc=0.9110 | NZ=  2040 | sparsity=0.0556 | d_m=2.4774e+01
step  121 | acc=0.9110 | NZ=  2039 | sparsity=0.0560 | d_m=2.5226e+01
step  122 | acc=0.9110 | NZ=  2038 | sparsity=0.0565 | d_m=2.6057e+01
step  123 | acc=0.9110 | NZ=  2037 | sparsity=0.0569 | d_m=2.6946e+01
step  124 | acc=0.9110 | NZ=  2036 | sparsity=0.0574 | d_m=2.9794e+01
step  125 | acc=0.9110 | NZ=  2035 | sparsity=0.0579 | d_m=3.0307e+01
step  126 | acc=0.9110 | NZ=  2034 | sparsity=0.0583 | d_m=3.0598e+01
step  127 | acc=0.9110 | NZ=  2033 | sparsity=0.0588 | d_m=3.1265e+01
step  128 | acc=0.9110 | NZ=  2032 | sparsity=0.0593 | d_m=3.1858e+01
step  129 | acc=0.9110 | NZ=  2031 | sparsity=0.0597 | d_m=3.2512e+01
step  130 | acc=0.9110 | NZ=  2030 | sparsity=0.0602 | d_m=3.3198e+01
step  131 | acc=0.9110 | NZ=  2029 | sparsity=0.0606 | d_m=3.3745e+01
step  132 | acc=0.9110 | NZ=  2028 | sparsity=0.0611 | d_m=3.4234e+01
step  133 | acc=0.9110 | NZ=  2027 | sparsity=0.0616 | d_m=3.4892e+01
step  134 | acc=0.9110 | NZ=  2026 | sparsity=0.0620 | d_m=3.4727e+01
step  135 | acc=0.9110 | NZ=  2025 | sparsity=0.0625 | d_m=3.5466e+01
step  136 | acc=0.9110 | NZ=  2024 | sparsity=0.0630 | d_m=3.5936e+01
step  137 | acc=0.9110 | NZ=  2023 | sparsity=0.0634 | d_m=3.6933e+01
step  138 | acc=0.9110 | NZ=  2022 | sparsity=0.0639 | d_m=3.7376e+01
step  139 | acc=0.9110 | NZ=  2021 | sparsity=0.0644 | d_m=3.7488e+01
step  140 | acc=0.9120 | NZ=  2020 | sparsity=0.0648 | d_m=3.8261e+01
step  141 | acc=0.9120 | NZ=  2019 | sparsity=0.0653 | d_m=3.9615e+01
step  142 | acc=0.9120 | NZ=  2018 | sparsity=0.0657 | d_m=4.0359e+01
step  143 | acc=0.9120 | NZ=  2017 | sparsity=0.0662 | d_m=4.1337e+01
step  144 | acc=0.9120 | NZ=  2016 | sparsity=0.0667 | d_m=4.2154e+01
step  145 | acc=0.9110 | NZ=  2015 | sparsity=0.0671 | d_m=4.3447e+01
step  146 | acc=0.9110 | NZ=  2014 | sparsity=0.0676 | d_m=4.4831e+01
step  147 | acc=0.9110 | NZ=  2013 | sparsity=0.0681 | d_m=4.6168e+01
step  148 | acc=0.9110 | NZ=  2012 | sparsity=0.0685 | d_m=4.7622e+01
step  149 | acc=0.9110 | NZ=  2011 | sparsity=0.0690 | d_m=4.8848e+01
step  150 | acc=0.9110 | NZ=  2010 | sparsity=0.0694 | d_m=4.9541e+01
step  151 | acc=0.9110 | NZ=  2009 | sparsity=0.0699 | d_m=5.0855e+01
step  152 | acc=0.9110 | NZ=  2008 | sparsity=0.0704 | d_m=5.2101e+01
step  153 | acc=0.9110 | NZ=  2007 | sparsity=0.0708 | d_m=5.3550e+01
step  154 | acc=0.9110 | NZ=  2006 | sparsity=0.0713 | d_m=5.4510e+01
step  155 | acc=0.9110 | NZ=  2005 | sparsity=0.0718 | d_m=5.5708e+01
step  156 | acc=0.9110 | NZ=  2004 | sparsity=0.0722 | d_m=5.6165e+01
step  157 | acc=0.9110 | NZ=  2003 | sparsity=0.0727 | d_m=5.7502e+01
step  158 | acc=0.9110 | NZ=  2002 | sparsity=0.0731 | d_m=5.9196e+01
step  159 | acc=0.9110 | NZ=  2001 | sparsity=0.0736 | d_m=6.0688e+01
step  160 | acc=0.9110 | NZ=  2000 | sparsity=0.0741 | d_m=6.2649e+01
step  161 | acc=0.9110 | NZ=  1999 | sparsity=0.0745 | d_m=6.4030e+01
step  162 | acc=0.9110 | NZ=  1998 | sparsity=0.0750 | d_m=6.5589e+01
step  163 | acc=0.9110 | NZ=  1997 | sparsity=0.0755 | d_m=6.6560e+01
step  164 | acc=0.9110 | NZ=  1996 | sparsity=0.0759 | d_m=6.7287e+01
step  165 | acc=0.9110 | NZ=  1995 | sparsity=0.0764 | d_m=6.8872e+01
step  166 | acc=0.9110 | NZ=  1994 | sparsity=0.0769 | d_m=6.9915e+01
step  167 | acc=0.9110 | NZ=  1993 | sparsity=0.0773 | d_m=7.0757e+01
step  168 | acc=0.9110 | NZ=  1992 | sparsity=0.0778 | d_m=7.1950e+01
step  169 | acc=0.9110 | NZ=  1991 | sparsity=0.0782 | d_m=7.3991e+01
step  170 | acc=0.9110 | NZ=  1990 | sparsity=0.0787 | d_m=7.5664e+01
step  171 | acc=0.9110 | NZ=  1989 | sparsity=0.0792 | d_m=7.6948e+01
step  172 | acc=0.9110 | NZ=  1988 | sparsity=0.0796 | d_m=7.8935e+01
step  173 | acc=0.9110 | NZ=  1987 | sparsity=0.0801 | d_m=7.9793e+01
step  174 | acc=0.9110 | NZ=  1986 | sparsity=0.0806 | d_m=8.1380e+01
step  175 | acc=0.9110 | NZ=  1985 | sparsity=0.0810 | d_m=8.2852e+01
step  176 | acc=0.9110 | NZ=  1984 | sparsity=0.0815 | d_m=8.3280e+01
step  177 | acc=0.9110 | NZ=  1983 | sparsity=0.0819 | d_m=8.4441e+01
step  178 | acc=0.9110 | NZ=  1982 | sparsity=0.0824 | d_m=8.4858e+01
step  179 | acc=0.9110 | NZ=  1981 | sparsity=0.0829 | d_m=8.6625e+01
step  180 | acc=0.9110 | NZ=  1980 | sparsity=0.0833 | d_m=8.8764e+01
step  181 | acc=0.9110 | NZ=  1979 | sparsity=0.0838 | d_m=9.0423e+01
step  182 | acc=0.9110 | NZ=  1978 | sparsity=0.0843 | d_m=9.0818e+01
step  183 | acc=0.9110 | NZ=  1977 | sparsity=0.0847 | d_m=9.0692e+01
step  184 | acc=0.9110 | NZ=  1976 | sparsity=0.0852 | d_m=9.1806e+01
step  185 | acc=0.9110 | NZ=  1975 | sparsity=0.0856 | d_m=9.1186e+01
step  186 | acc=0.9110 | NZ=  1974 | sparsity=0.0861 | d_m=9.2912e+01
step  187 | acc=0.9110 | NZ=  1973 | sparsity=0.0866 | d_m=9.4853e+01
step  188 | acc=0.9110 | NZ=  1972 | sparsity=0.0870 | d_m=9.7468e+01
step  189 | acc=0.9110 | NZ=  1971 | sparsity=0.0875 | d_m=9.9240e+01
step  190 | acc=0.9110 | NZ=  1970 | sparsity=0.0880 | d_m=1.0136e+02
step  191 | acc=0.9110 | NZ=  1969 | sparsity=0.0884 | d_m=1.0214e+02
step  192 | acc=0.9110 | NZ=  1968 | sparsity=0.0889 | d_m=1.0428e+02
step  193 | acc=0.9110 | NZ=  1967 | sparsity=0.0894 | d_m=1.0498e+02
step  194 | acc=0.9110 | NZ=  1966 | sparsity=0.0898 | d_m=1.0633e+02
step  195 | acc=0.9110 | NZ=  1965 | sparsity=0.0903 | d_m=1.0864e+02
step  196 | acc=0.9100 | NZ=  1964 | sparsity=0.0907 | d_m=1.1061e+02
step  197 | acc=0.9100 | NZ=  1963 | sparsity=0.0912 | d_m=1.1346e+02
step  198 | acc=0.9110 | NZ=  1962 | sparsity=0.0917 | d_m=1.1587e+02
step  199 | acc=0.9110 | NZ=  1961 | sparsity=0.0921 | d_m=1.1736e+02
step  200 | acc=0.9110 | NZ=  1960 | sparsity=0.0926 | d_m=1.2026e+02
step  201 | acc=0.9110 | NZ=  1959 | sparsity=0.0931 | d_m=1.2271e+02
step  202 | acc=0.9110 | NZ=  1958 | sparsity=0.0935 | d_m=1.2568e+02
step  203 | acc=0.9110 | NZ=  1957 | sparsity=0.0940 | d_m=1.2835e+02
step  204 | acc=0.9110 | NZ=  1956 | sparsity=0.0944 | d_m=1.3050e+02
step  205 | acc=0.9120 | NZ=  1955 | sparsity=0.0949 | d_m=1.3205e+02
step  206 | acc=0.9120 | NZ=  1954 | sparsity=0.0954 | d_m=1.3377e+02
step  207 | acc=0.9120 | NZ=  1953 | sparsity=0.0958 | d_m=1.3463e+02
step  208 | acc=0.9110 | NZ=  1952 | sparsity=0.0963 | d_m=1.3670e+02
step  209 | acc=0.9110 | NZ=  1951 | sparsity=0.0968 | d_m=1.3803e+02
step  210 | acc=0.9110 | NZ=  1950 | sparsity=0.0972 | d_m=1.3936e+02
step  211 | acc=0.9120 | NZ=  1949 | sparsity=0.0977 | d_m=1.4036e+02
step  212 | acc=0.9120 | NZ=  1948 | sparsity=0.0981 | d_m=1.4140e+02
step  213 | acc=0.9120 | NZ=  1947 | sparsity=0.0986 | d_m=1.3996e+02
step  214 | acc=0.9120 | NZ=  1946 | sparsity=0.0991 | d_m=1.4311e+02
step  215 | acc=0.9130 | NZ=  1945 | sparsity=0.0995 | d_m=1.4689e+02
step  216 | acc=0.9120 | NZ=  1944 | sparsity=0.1000 | d_m=1.5009e+02
step  217 | acc=0.9130 | NZ=  1943 | sparsity=0.1005 | d_m=1.5302e+02
step  218 | acc=0.9120 | NZ=  1942 | sparsity=0.1009 | d_m=1.5669e+02
step  219 | acc=0.9120 | NZ=  1941 | sparsity=0.1014 | d_m=1.5963e+02
step  220 | acc=0.9110 | NZ=  1940 | sparsity=0.1019 | d_m=1.6153e+02
step  221 | acc=0.9110 | NZ=  1939 | sparsity=0.1023 | d_m=1.5895e+02
step  222 | acc=0.9120 | NZ=  1938 | sparsity=0.1028 | d_m=1.6133e+02
step  223 | acc=0.9110 | NZ=  1937 | sparsity=0.1032 | d_m=1.6285e+02
step  224 | acc=0.9120 | NZ=  1936 | sparsity=0.1037 | d_m=1.6543e+02
step  225 | acc=0.9110 | NZ=  1935 | sparsity=0.1042 | d_m=1.6728e+02
step  226 | acc=0.9120 | NZ=  1934 | sparsity=0.1046 | d_m=1.7008e+02
step  227 | acc=0.9110 | NZ=  1933 | sparsity=0.1051 | d_m=1.7286e+02
step  228 | acc=0.9110 | NZ=  1932 | sparsity=0.1056 | d_m=1.7530e+02
step  229 | acc=0.9110 | NZ=  1931 | sparsity=0.1060 | d_m=1.7701e+02
step  230 | acc=0.9110 | NZ=  1930 | sparsity=0.1065 | d_m=1.8065e+02
step  231 | acc=0.9110 | NZ=  1929 | sparsity=0.1069 | d_m=1.8247e+02
step  232 | acc=0.9120 | NZ=  1928 | sparsity=0.1074 | d_m=1.8283e+02
step  233 | acc=0.9120 | NZ=  1927 | sparsity=0.1079 | d_m=1.8545e+02
step  234 | acc=0.9120 | NZ=  1926 | sparsity=0.1083 | d_m=1.8860e+02
step  235 | acc=0.9120 | NZ=  1925 | sparsity=0.1088 | d_m=1.9142e+02
step  236 | acc=0.9120 | NZ=  1924 | sparsity=0.1093 | d_m=1.9561e+02
step  237 | acc=0.9130 | NZ=  1923 | sparsity=0.1097 | d_m=1.9905e+02
step  238 | acc=0.9130 | NZ=  1922 | sparsity=0.1102 | d_m=1.9959e+02
step  239 | acc=0.9130 | NZ=  1921 | sparsity=0.1106 | d_m=1.9801e+02
step  240 | acc=0.9130 | NZ=  1920 | sparsity=0.1111 | d_m=1.9924e+02
step  241 | acc=0.9130 | NZ=  1919 | sparsity=0.1116 | d_m=2.0231e+02
step  242 | acc=0.9130 | NZ=  1918 | sparsity=0.1120 | d_m=2.0631e+02
step  243 | acc=0.9120 | NZ=  1917 | sparsity=0.1125 | d_m=2.1051e+02
step  244 | acc=0.9130 | NZ=  1916 | sparsity=0.1130 | d_m=2.1447e+02
step  245 | acc=0.9130 | NZ=  1915 | sparsity=0.1134 | d_m=2.1693e+02
step  246 | acc=0.9130 | NZ=  1914 | sparsity=0.1139 | d_m=2.1990e+02
step  247 | acc=0.9130 | NZ=  1913 | sparsity=0.1144 | d_m=2.2248e+02
step  248 | acc=0.9120 | NZ=  1912 | sparsity=0.1148 | d_m=2.2608e+02
step  249 | acc=0.9120 | NZ=  1911 | sparsity=0.1153 | d_m=2.2595e+02
step  250 | acc=0.9120 | NZ=  1910 | sparsity=0.1157 | d_m=2.3008e+02
step  251 | acc=0.9120 | NZ=  1909 | sparsity=0.1162 | d_m=2.3294e+02
step  252 | acc=0.9120 | NZ=  1908 | sparsity=0.1167 | d_m=2.3348e+02
step  253 | acc=0.9120 | NZ=  1907 | sparsity=0.1171 | d_m=2.3697e+02
step  254 | acc=0.9120 | NZ=  1906 | sparsity=0.1176 | d_m=2.4124e+02
step  255 | acc=0.9120 | NZ=  1905 | sparsity=0.1181 | d_m=2.4440e+02
step  256 | acc=0.9120 | NZ=  1904 | sparsity=0.1185 | d_m=2.4698e+02
step  257 | acc=0.9120 | NZ=  1903 | sparsity=0.1190 | d_m=2.4809e+02
step  258 | acc=0.9120 | NZ=  1902 | sparsity=0.1194 | d_m=2.5015e+02
step  259 | acc=0.9120 | NZ=  1901 | sparsity=0.1199 | d_m=2.5201e+02
step  260 | acc=0.9120 | NZ=  1900 | sparsity=0.1204 | d_m=2.5679e+02
step  261 | acc=0.9120 | NZ=  1899 | sparsity=0.1208 | d_m=2.5908e+02
step  262 | acc=0.9120 | NZ=  1898 | sparsity=0.1213 | d_m=2.6365e+02
step  263 | acc=0.9110 | NZ=  1897 | sparsity=0.1218 | d_m=2.6895e+02
step  264 | acc=0.9100 | NZ=  1896 | sparsity=0.1222 | d_m=2.7434e+02
step  265 | acc=0.9110 | NZ=  1895 | sparsity=0.1227 | d_m=2.7977e+02
step  266 | acc=0.9110 | NZ=  1894 | sparsity=0.1231 | d_m=2.8345e+02
step  267 | acc=0.9110 | NZ=  1893 | sparsity=0.1236 | d_m=2.8574e+02
step  268 | acc=0.9120 | NZ=  1892 | sparsity=0.1241 | d_m=2.8877e+02
step  269 | acc=0.9110 | NZ=  1891 | sparsity=0.1245 | d_m=2.9381e+02
step  270 | acc=0.9110 | NZ=  1890 | sparsity=0.1250 | d_m=2.9657e+02
step  271 | acc=0.9120 | NZ=  1889 | sparsity=0.1255 | d_m=3.0016e+02
step  272 | acc=0.9100 | NZ=  1888 | sparsity=0.1259 | d_m=3.0488e+02
step  273 | acc=0.9100 | NZ=  1887 | sparsity=0.1264 | d_m=3.1136e+02
step  274 | acc=0.9100 | NZ=  1886 | sparsity=0.1269 | d_m=3.1627e+02
step  275 | acc=0.9100 | NZ=  1885 | sparsity=0.1273 | d_m=3.1766e+02
step  276 | acc=0.9100 | NZ=  1884 | sparsity=0.1278 | d_m=3.2134e+02
step  277 | acc=0.9100 | NZ=  1883 | sparsity=0.1282 | d_m=3.2680e+02
step  278 | acc=0.9100 | NZ=  1882 | sparsity=0.1287 | d_m=3.2753e+02
step  279 | acc=0.9100 | NZ=  1881 | sparsity=0.1292 | d_m=3.2761e+02
step  280 | acc=0.9100 | NZ=  1880 | sparsity=0.1296 | d_m=3.2965e+02
step  281 | acc=0.9100 | NZ=  1879 | sparsity=0.1301 | d_m=3.2990e+02
step  282 | acc=0.9110 | NZ=  1878 | sparsity=0.1306 | d_m=3.3377e+02
step  283 | acc=0.9110 | NZ=  1877 | sparsity=0.1310 | d_m=3.3672e+02
step  284 | acc=0.9110 | NZ=  1876 | sparsity=0.1315 | d_m=3.4102e+02
step  285 | acc=0.9110 | NZ=  1875 | sparsity=0.1319 | d_m=3.4382e+02
step  286 | acc=0.9100 | NZ=  1874 | sparsity=0.1324 | d_m=3.4861e+02
step  287 | acc=0.9120 | NZ=  1873 | sparsity=0.1329 | d_m=3.5128e+02
step  288 | acc=0.9120 | NZ=  1872 | sparsity=0.1333 | d_m=3.5427e+02
step  289 | acc=0.9120 | NZ=  1871 | sparsity=0.1338 | d_m=3.5831e+02
step  290 | acc=0.9110 | NZ=  1870 | sparsity=0.1343 | d_m=3.6108e+02
step  291 | acc=0.9100 | NZ=  1869 | sparsity=0.1347 | d_m=3.6281e+02
step  292 | acc=0.9110 | NZ=  1868 | sparsity=0.1352 | d_m=3.6609e+02
step  293 | acc=0.9100 | NZ=  1867 | sparsity=0.1356 | d_m=3.7031e+02
step  294 | acc=0.9110 | NZ=  1866 | sparsity=0.1361 | d_m=3.7176e+02
step  295 | acc=0.9110 | NZ=  1865 | sparsity=0.1366 | d_m=3.7446e+02
step  296 | acc=0.9110 | NZ=  1864 | sparsity=0.1370 | d_m=3.7777e+02
step  297 | acc=0.9110 | NZ=  1863 | sparsity=0.1375 | d_m=3.7843e+02
step  298 | acc=0.9110 | NZ=  1862 | sparsity=0.1380 | d_m=3.7399e+02
step  299 | acc=0.9110 | NZ=  1861 | sparsity=0.1384 | d_m=3.7714e+02
step  300 | acc=0.9110 | NZ=  1860 | sparsity=0.1389 | d_m=3.8349e+02
step  301 | acc=0.9110 | NZ=  1859 | sparsity=0.1394 | d_m=3.9052e+02
step  302 | acc=0.9110 | NZ=  1858 | sparsity=0.1398 | d_m=3.9385e+02
step  303 | acc=0.9110 | NZ=  1857 | sparsity=0.1403 | d_m=3.9845e+02
step  304 | acc=0.9110 | NZ=  1856 | sparsity=0.1407 | d_m=4.0173e+02
step  305 | acc=0.9110 | NZ=  1855 | sparsity=0.1412 | d_m=4.0599e+02
step  306 | acc=0.9090 | NZ=  1854 | sparsity=0.1417 | d_m=4.1173e+02
step  307 | acc=0.9100 | NZ=  1853 | sparsity=0.1421 | d_m=4.1732e+02
step  308 | acc=0.9080 | NZ=  1852 | sparsity=0.1426 | d_m=4.2044e+02
step  309 | acc=0.9090 | NZ=  1851 | sparsity=0.1431 | d_m=4.2590e+02
step  310 | acc=0.9090 | NZ=  1850 | sparsity=0.1435 | d_m=4.3155e+02
step  311 | acc=0.9090 | NZ=  1849 | sparsity=0.1440 | d_m=4.3476e+02
step  312 | acc=0.9090 | NZ=  1848 | sparsity=0.1444 | d_m=4.4065e+02
step  313 | acc=0.9100 | NZ=  1847 | sparsity=0.1449 | d_m=4.4355e+02
step  314 | acc=0.9110 | NZ=  1846 | sparsity=0.1454 | d_m=4.4845e+02
step  315 | acc=0.9100 | NZ=  1845 | sparsity=0.1458 | d_m=4.5136e+02
step  316 | acc=0.9110 | NZ=  1844 | sparsity=0.1463 | d_m=4.5517e+02
step  317 | acc=0.9090 | NZ=  1843 | sparsity=0.1468 | d_m=4.6102e+02
step  318 | acc=0.9090 | NZ=  1842 | sparsity=0.1472 | d_m=4.6663e+02
step  319 | acc=0.9090 | NZ=  1841 | sparsity=0.1477 | d_m=4.7002e+02
step  320 | acc=0.9090 | NZ=  1840 | sparsity=0.1481 | d_m=4.7611e+02
step  321 | acc=0.9090 | NZ=  1839 | sparsity=0.1486 | d_m=4.8093e+02
step  322 | acc=0.9090 | NZ=  1838 | sparsity=0.1491 | d_m=4.8380e+02
step  323 | acc=0.9080 | NZ=  1837 | sparsity=0.1495 | d_m=4.8847e+02
step  324 | acc=0.9080 | NZ=  1836 | sparsity=0.1500 | d_m=4.8902e+02
step  325 | acc=0.9080 | NZ=  1835 | sparsity=0.1505 | d_m=4.9696e+02
step  326 | acc=0.9090 | NZ=  1834 | sparsity=0.1509 | d_m=5.0265e+02
step  327 | acc=0.9090 | NZ=  1833 | sparsity=0.1514 | d_m=5.3041e+02
step  328 | acc=0.9090 | NZ=  1832 | sparsity=0.1519 | d_m=5.3481e+02
step  329 | acc=0.9090 | NZ=  1831 | sparsity=0.1523 | d_m=5.4147e+02
step  330 | acc=0.9090 | NZ=  1830 | sparsity=0.1528 | d_m=5.4494e+02
step  331 | acc=0.9090 | NZ=  1829 | sparsity=0.1532 | d_m=5.4443e+02
step  332 | acc=0.9090 | NZ=  1828 | sparsity=0.1537 | d_m=5.4080e+02
step  333 | acc=0.9090 | NZ=  1827 | sparsity=0.1542 | d_m=5.4884e+02
step  334 | acc=0.9090 | NZ=  1826 | sparsity=0.1546 | d_m=5.5704e+02
step  335 | acc=0.9080 | NZ=  1825 | sparsity=0.1551 | d_m=5.6350e+02
step  336 | acc=0.9090 | NZ=  1824 | sparsity=0.1556 | d_m=5.7177e+02
step  337 | acc=0.9090 | NZ=  1823 | sparsity=0.1560 | d_m=5.7844e+02
step  338 | acc=0.9090 | NZ=  1822 | sparsity=0.1565 | d_m=5.8470e+02
step  339 | acc=0.9090 | NZ=  1821 | sparsity=0.1569 | d_m=5.8672e+02
step  340 | acc=0.9090 | NZ=  1820 | sparsity=0.1574 | d_m=5.8810e+02
step  341 | acc=0.9100 | NZ=  1819 | sparsity=0.1579 | d_m=5.9497e+02
step  342 | acc=0.9100 | NZ=  1818 | sparsity=0.1583 | d_m=6.0431e+02
step  343 | acc=0.9100 | NZ=  1817 | sparsity=0.1588 | d_m=6.1095e+02
step  344 | acc=0.9090 | NZ=  1816 | sparsity=0.1593 | d_m=6.1887e+02
step  345 | acc=0.9090 | NZ=  1815 | sparsity=0.1597 | d_m=6.2231e+02
step  346 | acc=0.9090 | NZ=  1814 | sparsity=0.1602 | d_m=6.2647e+02
step  347 | acc=0.9100 | NZ=  1813 | sparsity=0.1606 | d_m=6.3390e+02
step  348 | acc=0.9100 | NZ=  1812 | sparsity=0.1611 | d_m=6.3789e+02
step  349 | acc=0.9100 | NZ=  1811 | sparsity=0.1616 | d_m=6.3743e+02
step  350 | acc=0.9110 | NZ=  1810 | sparsity=0.1620 | d_m=6.4406e+02
step  351 | acc=0.9110 | NZ=  1809 | sparsity=0.1625 | d_m=6.5185e+02
step  352 | acc=0.9120 | NZ=  1808 | sparsity=0.1630 | d_m=6.5649e+02
step  353 | acc=0.9120 | NZ=  1807 | sparsity=0.1634 | d_m=6.6041e+02
step  354 | acc=0.9120 | NZ=  1806 | sparsity=0.1639 | d_m=6.6386e+02
step  355 | acc=0.9110 | NZ=  1805 | sparsity=0.1644 | d_m=6.6359e+02
step  356 | acc=0.9110 | NZ=  1804 | sparsity=0.1648 | d_m=6.6376e+02
step  357 | acc=0.9120 | NZ=  1803 | sparsity=0.1653 | d_m=6.6908e+02
step  358 | acc=0.9110 | NZ=  1802 | sparsity=0.1657 | d_m=6.7623e+02
step  359 | acc=0.9120 | NZ=  1801 | sparsity=0.1662 | d_m=6.8380e+02
step  360 | acc=0.9120 | NZ=  1800 | sparsity=0.1667 | d_m=6.9436e+02
step  361 | acc=0.9130 | NZ=  1799 | sparsity=0.1671 | d_m=7.0500e+02
step  362 | acc=0.9140 | NZ=  1798 | sparsity=0.1676 | d_m=7.1085e+02
step  363 | acc=0.9140 | NZ=  1797 | sparsity=0.1681 | d_m=7.1168e+02
step  364 | acc=0.9130 | NZ=  1796 | sparsity=0.1685 | d_m=7.1440e+02
step  365 | acc=0.9130 | NZ=  1795 | sparsity=0.1690 | d_m=7.2266e+02
step  366 | acc=0.9130 | NZ=  1794 | sparsity=0.1694 | d_m=7.2897e+02
step  367 | acc=0.9130 | NZ=  1793 | sparsity=0.1699 | d_m=7.2466e+02
step  368 | acc=0.9130 | NZ=  1792 | sparsity=0.1704 | d_m=7.2597e+02
step  369 | acc=0.9130 | NZ=  1791 | sparsity=0.1708 | d_m=7.2892e+02
step  370 | acc=0.9120 | NZ=  1790 | sparsity=0.1713 | d_m=7.3161e+02
step  371 | acc=0.9120 | NZ=  1789 | sparsity=0.1718 | d_m=7.3732e+02
step  372 | acc=0.9110 | NZ=  1788 | sparsity=0.1722 | d_m=7.3670e+02
step  373 | acc=0.9110 | NZ=  1787 | sparsity=0.1727 | d_m=7.3988e+02
step  374 | acc=0.9110 | NZ=  1786 | sparsity=0.1731 | d_m=7.4690e+02
step  375 | acc=0.9120 | NZ=  1785 | sparsity=0.1736 | d_m=7.5224e+02
step  376 | acc=0.9120 | NZ=  1784 | sparsity=0.1741 | d_m=7.5651e+02
step  377 | acc=0.9110 | NZ=  1783 | sparsity=0.1745 | d_m=7.6083e+02
step  378 | acc=0.9100 | NZ=  1782 | sparsity=0.1750 | d_m=7.6569e+02
step  379 | acc=0.9120 | NZ=  1781 | sparsity=0.1755 | d_m=7.7299e+02
step  380 | acc=0.9120 | NZ=  1780 | sparsity=0.1759 | d_m=7.7867e+02
step  381 | acc=0.9120 | NZ=  1779 | sparsity=0.1764 | d_m=7.8801e+02
step  382 | acc=0.9100 | NZ=  1778 | sparsity=0.1769 | d_m=7.9467e+02
step  383 | acc=0.9100 | NZ=  1777 | sparsity=0.1773 | d_m=7.9822e+02
step  384 | acc=0.9120 | NZ=  1776 | sparsity=0.1778 | d_m=8.0455e+02
step  385 | acc=0.9120 | NZ=  1775 | sparsity=0.1782 | d_m=8.0734e+02
step  386 | acc=0.9120 | NZ=  1774 | sparsity=0.1787 | d_m=8.0764e+02
step  387 | acc=0.9120 | NZ=  1773 | sparsity=0.1792 | d_m=8.1129e+02
step  388 | acc=0.9120 | NZ=  1772 | sparsity=0.1796 | d_m=8.1894e+02
step  389 | acc=0.9130 | NZ=  1771 | sparsity=0.1801 | d_m=8.2352e+02
step  390 | acc=0.9120 | NZ=  1770 | sparsity=0.1806 | d_m=8.2571e+02
step  391 | acc=0.9110 | NZ=  1769 | sparsity=0.1810 | d_m=8.3393e+02
step  392 | acc=0.9100 | NZ=  1768 | sparsity=0.1815 | d_m=8.3941e+02
step  393 | acc=0.9100 | NZ=  1767 | sparsity=0.1819 | d_m=8.4302e+02
step  394 | acc=0.9100 | NZ=  1766 | sparsity=0.1824 | d_m=8.4367e+02
step  395 | acc=0.9100 | NZ=  1765 | sparsity=0.1829 | d_m=8.5159e+02
step  396 | acc=0.9110 | NZ=  1764 | sparsity=0.1833 | d_m=8.6229e+02
step  397 | acc=0.9110 | NZ=  1763 | sparsity=0.1838 | d_m=8.7307e+02
step  398 | acc=0.9110 | NZ=  1762 | sparsity=0.1843 | d_m=8.7955e+02
step  399 | acc=0.9110 | NZ=  1761 | sparsity=0.1847 | d_m=8.8926e+02
step  400 | acc=0.9120 | NZ=  1760 | sparsity=0.1852 | d_m=8.9144e+02
step  401 | acc=0.9110 | NZ=  1759 | sparsity=0.1856 | d_m=8.9880e+02
step  402 | acc=0.9110 | NZ=  1758 | sparsity=0.1861 | d_m=9.0452e+02
step  403 | acc=0.9110 | NZ=  1757 | sparsity=0.1866 | d_m=9.1519e+02
step  404 | acc=0.9120 | NZ=  1756 | sparsity=0.1870 | d_m=9.1763e+02
step  405 | acc=0.9120 | NZ=  1755 | sparsity=0.1875 | d_m=9.2644e+02
step  406 | acc=0.9120 | NZ=  1754 | sparsity=0.1880 | d_m=9.3591e+02
step  407 | acc=0.9110 | NZ=  1753 | sparsity=0.1884 | d_m=9.4518e+02
step  408 | acc=0.9130 | NZ=  1752 | sparsity=0.1889 | d_m=9.5740e+02
step  409 | acc=0.9130 | NZ=  1751 | sparsity=0.1894 | d_m=9.7108e+02
step  410 | acc=0.9130 | NZ=  1750 | sparsity=0.1898 | d_m=9.8071e+02
step  411 | acc=0.9130 | NZ=  1749 | sparsity=0.1903 | d_m=9.8523e+02
step  412 | acc=0.9120 | NZ=  1748 | sparsity=0.1907 | d_m=9.8765e+02
step  413 | acc=0.9120 | NZ=  1747 | sparsity=0.1912 | d_m=9.9420e+02
step  414 | acc=0.9120 | NZ=  1746 | sparsity=0.1917 | d_m=9.9382e+02
step  415 | acc=0.9120 | NZ=  1745 | sparsity=0.1921 | d_m=9.8944e+02
step  416 | acc=0.9120 | NZ=  1744 | sparsity=0.1926 | d_m=9.9839e+02
step  417 | acc=0.9120 | NZ=  1743 | sparsity=0.1931 | d_m=1.0076e+03
step  418 | acc=0.9110 | NZ=  1742 | sparsity=0.1935 | d_m=1.0177e+03
step  419 | acc=0.9100 | NZ=  1741 | sparsity=0.1940 | d_m=1.0294e+03
step  420 | acc=0.9100 | NZ=  1740 | sparsity=0.1944 | d_m=1.0357e+03
step  421 | acc=0.9120 | NZ=  1739 | sparsity=0.1949 | d_m=1.0426e+03
step  422 | acc=0.9130 | NZ=  1738 | sparsity=0.1954 | d_m=1.0930e+03
step  423 | acc=0.9130 | NZ=  1737 | sparsity=0.1958 | d_m=1.0938e+03
step  424 | acc=0.9140 | NZ=  1736 | sparsity=0.1963 | d_m=1.1016e+03
step  425 | acc=0.9120 | NZ=  1735 | sparsity=0.1968 | d_m=1.1114e+03
step  426 | acc=0.9120 | NZ=  1734 | sparsity=0.1972 | d_m=1.1241e+03
step  427 | acc=0.9120 | NZ=  1733 | sparsity=0.1977 | d_m=1.1306e+03
step  428 | acc=0.9120 | NZ=  1732 | sparsity=0.1981 | d_m=1.1359e+03
step  429 | acc=0.9120 | NZ=  1731 | sparsity=0.1986 | d_m=1.1437e+03
step  430 | acc=0.9120 | NZ=  1730 | sparsity=0.1991 | d_m=1.1547e+03
step  431 | acc=0.9130 | NZ=  1729 | sparsity=0.1995 | d_m=1.1683e+03
step  432 | acc=0.9130 | NZ=  1728 | sparsity=0.2000 | d_m=1.1761e+03
step  433 | acc=0.9130 | NZ=  1727 | sparsity=0.2005 | d_m=1.1859e+03
step  434 | acc=0.9130 | NZ=  1726 | sparsity=0.2009 | d_m=1.1882e+03
step  435 | acc=0.9130 | NZ=  1725 | sparsity=0.2014 | d_m=1.1984e+03
step  436 | acc=0.9130 | NZ=  1724 | sparsity=0.2019 | d_m=1.2038e+03
step  437 | acc=0.9130 | NZ=  1723 | sparsity=0.2023 | d_m=1.2138e+03
step  438 | acc=0.9130 | NZ=  1722 | sparsity=0.2028 | d_m=1.2257e+03
step  439 | acc=0.9130 | NZ=  1721 | sparsity=0.2032 | d_m=1.2316e+03
step  440 | acc=0.9130 | NZ=  1720 | sparsity=0.2037 | d_m=1.2412e+03
step  441 | acc=0.9130 | NZ=  1719 | sparsity=0.2042 | d_m=1.2523e+03
step  442 | acc=0.9130 | NZ=  1718 | sparsity=0.2046 | d_m=1.2632e+03
step  443 | acc=0.9140 | NZ=  1717 | sparsity=0.2051 | d_m=1.2763e+03
step  444 | acc=0.9150 | NZ=  1716 | sparsity=0.2056 | d_m=1.2880e+03
step  445 | acc=0.9150 | NZ=  1715 | sparsity=0.2060 | d_m=1.3004e+03
step  446 | acc=0.9150 | NZ=  1714 | sparsity=0.2065 | d_m=1.3074e+03
step  447 | acc=0.9140 | NZ=  1713 | sparsity=0.2069 | d_m=1.3128e+03
step  448 | acc=0.9140 | NZ=  1712 | sparsity=0.2074 | d_m=1.3187e+03
step  449 | acc=0.9140 | NZ=  1711 | sparsity=0.2079 | d_m=1.3275e+03
step  450 | acc=0.9150 | NZ=  1710 | sparsity=0.2083 | d_m=1.3339e+03
step  451 | acc=0.9140 | NZ=  1709 | sparsity=0.2088 | d_m=1.3452e+03
step  452 | acc=0.9140 | NZ=  1708 | sparsity=0.2093 | d_m=1.3522e+03
step  453 | acc=0.9140 | NZ=  1707 | sparsity=0.2097 | d_m=1.3600e+03
step  454 | acc=0.9140 | NZ=  1706 | sparsity=0.2102 | d_m=1.3518e+03
step  455 | acc=0.9140 | NZ=  1705 | sparsity=0.2106 | d_m=1.3655e+03
step  456 | acc=0.9150 | NZ=  1704 | sparsity=0.2111 | d_m=1.3724e+03
step  457 | acc=0.9150 | NZ=  1703 | sparsity=0.2116 | d_m=1.3869e+03
step  458 | acc=0.9140 | NZ=  1702 | sparsity=0.2120 | d_m=1.4013e+03
step  459 | acc=0.9140 | NZ=  1701 | sparsity=0.2125 | d_m=1.4108e+03
step  460 | acc=0.9140 | NZ=  1700 | sparsity=0.2130 | d_m=1.4193e+03
step  461 | acc=0.9140 | NZ=  1699 | sparsity=0.2134 | d_m=1.4259e+03
step  462 | acc=0.9140 | NZ=  1698 | sparsity=0.2139 | d_m=1.4369e+03
step  463 | acc=0.9140 | NZ=  1697 | sparsity=0.2144 | d_m=1.4414e+03
step  464 | acc=0.9130 | NZ=  1696 | sparsity=0.2148 | d_m=1.4527e+03
step  465 | acc=0.9130 | NZ=  1695 | sparsity=0.2153 | d_m=1.4667e+03
step  466 | acc=0.9130 | NZ=  1694 | sparsity=0.2157 | d_m=1.4798e+03
step  467 | acc=0.9130 | NZ=  1693 | sparsity=0.2162 | d_m=1.4949e+03
step  468 | acc=0.9130 | NZ=  1692 | sparsity=0.2167 | d_m=1.5041e+03
step  469 | acc=0.9130 | NZ=  1691 | sparsity=0.2171 | d_m=1.5167e+03
step  470 | acc=0.9130 | NZ=  1690 | sparsity=0.2176 | d_m=1.5281e+03
step  471 | acc=0.9130 | NZ=  1689 | sparsity=0.2181 | d_m=1.5400e+03
step  472 | acc=0.9130 | NZ=  1688 | sparsity=0.2185 | d_m=1.5555e+03
step  473 | acc=0.9130 | NZ=  1687 | sparsity=0.2190 | d_m=1.5715e+03
step  474 | acc=0.9130 | NZ=  1686 | sparsity=0.2194 | d_m=1.5786e+03
step  475 | acc=0.9130 | NZ=  1685 | sparsity=0.2199 | d_m=1.5953e+03
step  476 | acc=0.9130 | NZ=  1684 | sparsity=0.2204 | d_m=1.6072e+03
step  477 | acc=0.9130 | NZ=  1683 | sparsity=0.2208 | d_m=1.6145e+03
step  478 | acc=0.9130 | NZ=  1682 | sparsity=0.2213 | d_m=1.6303e+03
step  479 | acc=0.9130 | NZ=  1681 | sparsity=0.2218 | d_m=1.6433e+03
step  480 | acc=0.9130 | NZ=  1680 | sparsity=0.2222 | d_m=1.6562e+03
step  481 | acc=0.9130 | NZ=  1679 | sparsity=0.2227 | d_m=1.6694e+03
step  482 | acc=0.9150 | NZ=  1678 | sparsity=0.2231 | d_m=1.6805e+03
step  483 | acc=0.9150 | NZ=  1677 | sparsity=0.2236 | d_m=1.6875e+03
step  484 | acc=0.9120 | NZ=  1676 | sparsity=0.2241 | d_m=1.7031e+03
step  485 | acc=0.9130 | NZ=  1675 | sparsity=0.2245 | d_m=1.7223e+03
step  486 | acc=0.9150 | NZ=  1674 | sparsity=0.2250 | d_m=1.7404e+03
step  487 | acc=0.9150 | NZ=  1673 | sparsity=0.2255 | d_m=1.7456e+03
step  488 | acc=0.9140 | NZ=  1672 | sparsity=0.2259 | d_m=1.7474e+03
step  489 | acc=0.9150 | NZ=  1671 | sparsity=0.2264 | d_m=1.7556e+03
step  490 | acc=0.9140 | NZ=  1670 | sparsity=0.2269 | d_m=1.7666e+03
step  491 | acc=0.9140 | NZ=  1669 | sparsity=0.2273 | d_m=1.7791e+03
step  492 | acc=0.9140 | NZ=  1668 | sparsity=0.2278 | d_m=1.7838e+03
step  493 | acc=0.9140 | NZ=  1667 | sparsity=0.2282 | d_m=1.7899e+03
step  494 | acc=0.9140 | NZ=  1666 | sparsity=0.2287 | d_m=1.8012e+03
step  495 | acc=0.9150 | NZ=  1665 | sparsity=0.2292 | d_m=1.8109e+03
step  496 | acc=0.9150 | NZ=  1664 | sparsity=0.2296 | d_m=1.8203e+03
step  497 | acc=0.9150 | NZ=  1663 | sparsity=0.2301 | d_m=1.8105e+03
step  498 | acc=0.9120 | NZ=  1662 | sparsity=0.2306 | d_m=1.8236e+03
step  499 | acc=0.9120 | NZ=  1661 | sparsity=0.2310 | d_m=1.8405e+03
Sparsification log saved to: /home/simon/repos/onnxmlir-pim-sparsify/artifacts/e10_seed_4/sparsified/sparsification_log.csv
[18:13:47]   sparsify: done
[18:13:47] --- mnist_784_256_128_10 ---
[18:13:47]   train: starting
Output folder: /home/simon/repos/onnxmlir-pim-sparsify/artifacts/mnist_784_256_128_10
Data loaded.
	X_train.shape = (10000, 196)
	X_test.shape  = (1000, 196)
Topology: [784, 256, 128, 10]
Training loop started
---------------------------------------------------------
Traceback (most recent call last):
  File "/home/simon/repos/onnxmlir-pim-sparsify/scripts/train.py", line 91, in <module>
    main()
  File "/home/simon/repos/onnxmlir-pim-sparsify/scripts/train.py", line 66, in main
    network = update(network, x, y)
              ^^^^^^^^^^^^^^^^^^^^^
  File "/home/simon/repos/onnxmlir-pim-sparsify/mlp/mlp.py", line 85, in update
    grads = grad(loss)(network, x, y)
            ^^^^^^^^^^^^^^^^^^^^^^^^^
  File "/home/simon/repos/onnxmlir-pim-sparsify/mlp/mlp.py", line 80, in loss
    preds = batched_predict(network, images)
            ^^^^^^^^^^^^^^^^^^^^^^^^^^^^^^^^
  File "/home/simon/repos/onnxmlir-pim-sparsify/mlp/mlp.py", line 60, in predict
    outputs = jnp.dot(lax.stop_gradient(layer.mask) * layer.W, activations) + layer.b
              ^^^^^^^^^^^^^^^^^^^^^^^^^^^^^^^^^^^^^^^^^^^^^^^^^^^^^^^^^^^^^
  File "/home/simon/venv/general/lib/python3.12/site-packages/jax/_src/numpy/tensor_contractions.py", line 120, in dot
    result = lax.dot_general(a, b, dimension_numbers=(contract_dims, batch_dims),
             ^^^^^^^^^^^^^^^^^^^^^^^^^^^^^^^^^^^^^^^^^^^^^^^^^^^^^^^^^^^^^^^^^^^^
TypeError: dot_general requires contracting dimensions to have the same shape, got (784,) and (196,).
--------------------
For simplicity, JAX has removed its internal frames from the traceback of the following exception. Set JAX_TRACEBACK_FILTERING=off to include these.
