step,NZ,total_W,sparsity,val_acc,d_manifold,d_W,prune_time_s,adjust_time_s,candidate_layer,candidate_i,candidate_j,layer_0_NZ,layer_1_NZ,layer_2_NZ
0,2160,2160,0.0,0.92,0.000000e+00,2.006806e-03,5.56,0.7995,1,0,0,1960,99,100
1,2159,2160,0.000463,0.92,0.000000e+00,3.144994e-03,3.1634,0.0873,1,0,1,1960,98,100
2,2158,2160,0.000926,0.92,0.000000e+00,2.028888e-03,3.1869,0.0775,1,0,2,1960,97,100
3,2157,2160,0.001389,0.92,0.000000e+00,1.590945e-02,3.2028,0.0783,1,0,3,1960,96,100
4,2156,2160,0.001852,0.92,0.000000e+00,9.279871e-03,3.1968,0.0783,1,0,4,1960,95,100
5,2155,2160,0.002315,0.92,0.000000e+00,1.248435e-03,3.1776,0.076,1,0,5,1960,94,100
6,2154,2160,0.002778,0.92,0.000000e+00,8.563965e-03,3.1897,0.0785,1,0,6,1960,93,100
7,2153,2160,0.003241,0.92,0.000000e+00,1.771624e-03,3.1894,0.0801,1,0,7,1960,92,100
8,2152,2160,0.003704,0.92,0.000000e+00,4.835571e-03,3.1744,0.0767,1,0,8,1960,91,100
9,2151,2160,0.004167,0.92,0.000000e+00,8.513493e-03,3.1944,0.0804,1,0,9,1960,90,100
10,2150,2160,0.00463,0.92,0.000000e+00,3.808440e-03,3.1836,0.0757,1,5,0,1960,89,100
11,2149,2160,0.005093,0.92,0.000000e+00,1.478451e-03,3.1717,0.0788,1,5,1,1960,88,100
12,2148,2160,0.005556,0.92,0.000000e+00,7.645868e-03,3.1782,0.0776,1,5,2,1960,87,100
13,2147,2160,0.006019,0.92,0.000000e+00,8.434217e-03,3.1912,0.0776,1,5,3,1960,86,100
14,2146,2160,0.006481,0.92,0.000000e+00,1.698509e-02,3.2173,3.4238,1,5,4,1960,85,100
15,2145,2160,0.006944,0.92,2.755227e-03,1.748278e-02,3.2221,3.3575,2,0,0,1960,85,99
16,2144,2160,0.007407,0.92,2.674989e-03,5.288643e-03,3.2329,3.3597,2,1,0,1960,85,98
17,2143,2160,0.00787,0.92,2.621785e-03,3.969737e-03,3.2171,3.3634,2,2,0,1960,85,97
18,2142,2160,0.008333,0.92,2.582676e-03,1.146983e-02,3.2031,3.3448,2,3,0,1960,85,96
19,2141,2160,0.008796,0.92,2.552405e-03,1.271909e-02,3.2134,3.3601,2,4,0,1960,85,95
20,2140,2160,0.009259,0.92,2.528225e-03,7.072589e-03,3.2105,3.3552,2,5,0,1960,85,94
21,2139,2160,0.009722,0.92,2.508462e-03,2.458674e-03,3.1917,3.3481,2,6,0,1960,85,93
22,2138,2160,0.010185,0.92,2.492001e-03,9.045343e-03,3.2156,3.344,2,7,0,1960,85,92
23,2137,2160,0.010648,0.92,2.478146e-03,1.152317e-02,3.2201,3.3345,2,8,0,1960,85,91
24,2136,2160,0.011111,0.92,2.466134e-03,7.462343e-03,3.216,3.3588,2,9,0,1960,85,90
25,2135,2160,0.011574,0.92,2.455698e-03,2.175874e-05,3.1961,3.3584,0,2,155,1959,85,90
26,2134,2160,0.012037,0.92,2.446518e-03,1.295659e-04,3.2359,3.3587,0,2,178,1958,85,90
27,2133,2160,0.0125,0.92,2.438803e-03,1.736813e-04,3.2273,3.3541,0,2,152,1957,85,90
28,2132,2160,0.012963,0.92,2.433924e-03,2.179636e-04,3.2283,3.3646,0,2,106,1956,85,90
29,2131,2160,0.013426,0.92,2.425522e-03,1.446777e-03,3.2283,3.352,2,5,5,1956,85,89
30,2130,2160,0.013889,0.92,2.435571e-03,4.639566e-04,3.2205,3.3491,0,2,118,1955,85,89
31,2129,2160,0.014352,0.92,2.439005e-03,5.391813e-04,3.2086,3.3541,0,2,172,1954,85,89
32,2128,2160,0.014815,0.92,2.460563e-03,2.846814e-03,3.22,3.3488,2,4,5,1954,85,88
33,2127,2160,0.015278,0.92,2.472401e-03,5.403554e-04,3.2224,3.353,0,2,38,1953,85,88
34,2126,2160,0.015741,0.92,2.517721e-03,7.046283e-04,3.2206,3.3581,0,2,148,1952,85,88
35,2125,2160,0.016204,0.92,2.608022e-03,3.585478e-03,3.278,3.3481,2,7,5,1952,85,87
36,2124,2160,0.016667,0.92,2.533339e-03,8.310841e-04,3.2136,3.3524,0,2,175,1951,85,87
37,2123,2160,0.01713,0.92,2.425080e-03,2.185884e-03,3.231,3.3299,2,0,5,1951,85,86
38,2122,2160,0.017593,0.92,2.396476e-03,9.235598e-04,3.2243,3.3477,0,2,180,1950,85,86
39,2121,2160,0.018056,0.92,2.358131e-03,9.251197e-04,3.231,3.3433,0,2,134,1949,85,86
40,2120,2160,0.018519,0.92,2.372317e-03,1.057453e-03,3.2257,3.3568,0,2,176,1948,85,86
41,2119,2160,0.018981,0.92,2.365646e-03,9.376739e-04,3.2254,3.35,0,2,121,1947,85,86
42,2118,2160,0.019444,0.92,2.434768e-03,1.046824e-03,3.2292,3.3481,0,2,131,1946,85,86
43,2117,2160,0.019907,0.92,2.372931e-03,1.239477e-03,3.2324,3.3636,0,2,157,1945,85,86
44,2116,2160,0.02037,0.92,2.407755e-03,1.318349e-03,3.218,3.3476,0,2,194,1944,85,86
45,2115,2160,0.020833,0.92,2.419315e-03,1.322060e-03,3.2309,3.3583,0,2,44,1943,85,86
46,2114,2160,0.021296,0.92,2.503399e-03,1.426393e-03,3.2503,3.3455,0,2,82,1942,85,86
47,2113,2160,0.021759,0.92,2.735699e-03,1.334160e-03,3.2368,3.3433,0,2,188,1941,85,86
48,2112,2160,0.022222,0.92,2.581403e-03,1.600421e-03,3.2082,3.3636,0,2,141,1940,85,86
49,2111,2160,0.022685,0.92,2.769755e-03,1.637945e-03,3.226,3.3511,0,2,108,1939,85,86
50,2110,2160,0.023148,0.92,2.631276e-03,6.757315e-03,3.234,3.3655,2,1,5,1939,85,85
51,2109,2160,0.023611,0.92,2.442017e-03,1.487884e-03,3.2354,3.3496,0,2,70,1938,85,85
52,2108,2160,0.024074,0.92,2.356930e-03,1.551514e-03,3.2296,3.3557,0,2,2,1937,85,85
53,2107,2160,0.024537,0.92,2.496874e-03,1.445311e-02,3.2268,3.3459,1,5,6,1937,84,85
54,2106,2160,0.025,0.92,3.949126e-03,1.417613e-03,3.2366,3.3516,0,2,173,1936,84,85
55,2105,2160,0.025463,0.92,3.857910e-03,1.675745e-03,3.244,3.3512,0,2,174,1935,84,85
56,2104,2160,0.025926,0.92,3.937341e-03,1.645945e-03,3.2453,3.3489,0,2,177,1934,84,85
57,2103,2160,0.026389,0.92,3.814108e-03,2.321861e-03,3.2511,3.3522,0,2,151,1933,84,85
58,2102,2160,0.026852,0.92,3.904297e-03,1.963499e-03,3.2113,3.3625,0,2,23,1932,84,85
59,2101,2160,0.027315,0.92,3.747886e-03,2.090303e-03,3.2254,3.3576,0,2,77,1931,84,85
60,2100,2160,0.027778,0.92,3.886896e-03,1.913649e-03,3.1959,3.3376,0,2,10,1930,84,85
61,2099,2160,0.028241,0.92,3.799544e-03,2.353505e-03,3.2117,3.3451,0,2,154,1929,84,85
62,2098,2160,0.028704,0.92,4.105234e-03,1.303983e-03,3.2345,3.3649,1,6,2,1929,83,85
63,2097,2160,0.029167,0.92,4.376891e-03,2.395135e-03,3.2215,3.3514,0,2,159,1928,83,85
64,2096,2160,0.02963,0.92,5.131864e-03,2.278158e-03,3.2197,3.3464,0,2,65,1927,83,85
65,2095,2160,0.030093,0.92,6.317608e-03,9.575468e-03,3.2269,3.37,2,2,5,1927,83,84
66,2094,2160,0.030556,0.92,6.282055e-03,2.258030e-03,3.2303,3.3594,0,2,153,1926,83,84
67,2093,2160,0.031019,0.92,5.186733e-03,2.215405e-03,3.2481,3.3504,0,2,166,1925,83,84
68,2092,2160,0.031481,0.92,4.546294e-03,2.438899e-03,3.2307,3.3447,0,2,93,1924,83,84
69,2091,2160,0.031944,0.92,5.446029e-03,1.063627e-02,3.2186,3.3454,2,6,5,1924,83,83
70,2090,2160,0.032407,0.92,5.465559e-03,2.499952e-03,3.2426,3.3541,0,2,139,1923,83,83
71,2089,2160,0.03287,0.92,4.823647e-03,2.429482e-03,3.2239,3.346,0,2,54,1922,83,83
72,2088,2160,0.033333,0.92,5.746428e-03,1.154241e-02,3.2241,3.3501,1,5,9,1922,82,83
73,2087,2160,0.033796,0.92,6.799576e-03,2.615510e-03,3.2308,3.3381,0,2,104,1921,82,83
74,2086,2160,0.034259,0.92,6.049220e-03,2.479517e-03,3.213,3.3441,0,2,168,1920,82,83
75,2085,2160,0.034722,0.92,5.796588e-03,2.917437e-03,3.2377,3.3511,0,2,85,1919,82,83
76,2084,2160,0.035185,0.92,5.889152e-03,1.244146e-03,3.2186,3.3804,1,7,2,1919,81,83
77,2083,2160,0.035648,0.92,6.254671e-03,2.918660e-03,3.233,3.3527,0,2,91,1918,81,83
78,2082,2160,0.036111,0.92,7.224713e-03,3.045771e-03,3.2508,3.3546,0,2,20,1917,81,83
79,2081,2160,0.036574,0.92,8.603269e-03,3.656061e-03,3.218,3.3515,0,2,48,1916,81,83
80,2080,2160,0.037037,0.92,7.407263e-03,2.730138e-03,3.2268,3.3484,0,2,58,1915,81,83
81,2079,2160,0.0375,0.92,8.969782e-03,3.114528e-03,3.234,3.344,0,2,46,1914,81,83
82,2078,2160,0.037963,0.92,1.071960e-02,3.610341e-03,3.2133,3.3546,0,2,94,1913,81,83
83,2077,2160,0.038426,0.92,9.240489e-03,3.008177e-03,3.214,3.3516,0,2,170,1912,81,83
84,2076,2160,0.038889,0.92,1.092579e-02,4.069261e-03,3.2212,3.353,0,2,1,1911,81,83
85,2075,2160,0.039352,0.92,1.275131e-02,3.235473e-03,3.2416,3.3571,0,2,192,1910,81,83
86,2074,2160,0.039815,0.92,1.060452e-02,3.989056e-03,3.2159,3.358,0,2,29,1909,81,83
87,2073,2160,0.040278,0.92,8.838653e-03,3.936768e-03,3.2314,3.3572,0,2,84,1908,81,83
88,2072,2160,0.040741,0.92,1.062792e-02,3.621429e-03,3.2147,3.3439,0,2,130,1907,81,83
89,2071,2160,0.041204,0.92,1.270983e-02,1.716434e-03,3.2368,3.3656,1,9,2,1907,80,83
90,2070,2160,0.041667,0.92,1.291790e-02,4.636905e-03,3.2285,3.3543,0,2,146,1906,80,83
91,2069,2160,0.04213,0.92,1.087293e-02,4.336970e-03,3.2526,3.3538,0,2,99,1905,80,83
92,2068,2160,0.042593,0.92,9.161629e-03,3.436400e-03,3.24,3.3507,0,2,191,1904,80,83
93,2067,2160,0.043056,0.92,1.143617e-02,4.395253e-03,3.2286,3.361,0,2,83,1903,80,83
94,2066,2160,0.043519,0.92,9.622302e-03,4.224578e-03,3.2398,3.3525,0,2,57,1902,80,83
95,2065,2160,0.043981,0.92,8.706256e-03,4.189022e-03,3.2437,3.3461,0,2,73,1901,80,83
96,2064,2160,0.044444,0.92,8.860394e-03,1.380347e-02,3.2174,3.3659,2,9,5,1901,80,82
97,2063,2160,0.044907,0.92,8.006522e-03,4.118669e-03,3.2406,3.3426,0,2,103,1900,80,82
98,2062,2160,0.04537,0.92,8.424093e-03,5.739825e-03,3.2379,3.3535,0,2,4,1899,80,82
99,2061,2160,0.045833,0.92,7.688455e-03,3.896924e-03,3.2278,3.3638,0,2,68,1898,80,82
100,2060,2160,0.046296,0.92,7.634872e-03,4.035462e-03,3.2228,3.3683,0,2,143,1897,80,82
101,2059,2160,0.046759,0.92,9.047005e-03,4.639769e-03,3.239,3.357,0,2,7,1896,80,82
102,2058,2160,0.047222,0.92,1.137858e-02,5.018753e-03,3.2276,3.3435,0,2,169,1895,80,82
103,2057,2160,0.047685,0.92,9.365680e-03,4.058135e-03,3.2287,3.3561,1,3,2,1895,79,82
104,2056,2160,0.048148,0.92,1.003559e-02,4.467152e-03,3.231,3.3475,0,2,16,1894,79,82
105,2055,2160,0.048611,0.92,1.247783e-02,4.303322e-03,3.245,3.3575,0,2,182,1893,79,82
106,2054,2160,0.049074,0.92,1.508030e-02,5.614150e-03,3.2373,3.3443,0,2,49,1892,79,82
107,2053,2160,0.049537,0.92,1.272762e-02,4.302259e-03,3.2655,3.3506,0,2,17,1891,79,82
108,2052,2160,0.05,0.92,1.551252e-02,5.689798e-03,3.2229,2.4269,0,2,135,1890,79,82
109,2051,2160,0.050463,0.92,1.278463e-02,5.131595e-03,3.2238,3.3446,0,2,142,1889,79,82
110,2050,2160,0.050926,0.92,1.121666e-02,4.432789e-03,3.2335,3.3506,0,2,75,1888,79,82
111,2049,2160,0.051389,0.92,1.096491e-02,4.991855e-03,3.2681,3.3641,0,2,98,1887,79,82
112,2048,2160,0.051852,0.92,1.197569e-02,1.640479e-02,3.2134,3.3501,2,8,5,1887,79,81
113,2047,2160,0.052315,0.92,1.075766e-02,5.533952e-03,3.2436,3.3613,0,2,27,1886,79,81
114,2046,2160,0.052778,0.92,1.358294e-02,4.930614e-03,3.2187,3.3453,0,2,88,1885,79,81
115,2045,2160,0.053241,0.92,1.976805e-02,1.968523e-05,3.2294,3.3413,0,4,70,1884,79,81
116,2044,2160,0.053704,0.92,1.994476e-02,4.859433e-03,3.2528,3.3471,0,2,6,1883,79,81
117,2043,2160,0.054167,0.92,1.546561e-02,5.471251e-03,3.221,3.3699,0,2,55,1882,79,81
118,2042,2160,0.05463,0.92,1.313809e-02,5.614686e-03,3.2376,3.3339,0,2,165,1881,79,81
119,2041,2160,0.055093,0.92,1.662626e-02,5.760282e-03,3.2248,3.3501,0,2,42,1880,79,81
120,2040,2160,0.055556,0.92,2.324932e-02,6.355108e-04,3.2376,3.3656,1,5,5,1880,78,81
121,2039,2160,0.056019,0.92,2.617211e-02,5.371424e-03,3.2351,3.3618,0,2,34,1879,78,81
122,2038,2160,0.056481,0.92,1.921692e-02,5.292021e-03,3.2362,3.3527,0,2,124,1878,78,81
123,2037,2160,0.056944,0.92,1.628711e-02,5.972083e-03,3.2505,3.362,0,2,183,1877,78,81
124,2036,2160,0.057407,0.92,1.985105e-02,5.644544e-03,3.2078,3.3595,0,2,193,1876,78,81
125,2035,2160,0.05787,0.92,1.715911e-02,5.557237e-03,3.2249,3.3535,0,2,116,1875,78,81
126,2034,2160,0.058333,0.92,1.631994e-02,5.887001e-03,3.2455,3.3515,0,2,125,1874,78,81
127,2033,2160,0.058796,0.92,1.648616e-02,5.653555e-03,3.2425,3.3361,0,2,53,1873,78,81
128,2032,2160,0.059259,0.92,1.913136e-02,3.359421e-03,3.2386,3.3517,1,8,2,1873,77,81
129,2031,2160,0.059722,0.92,1.954054e-02,2.545428e-03,3.2387,3.3479,1,4,2,1873,76,81
130,2030,2160,0.060185,0.92,2.112123e-02,5.821853e-03,3.2423,3.3527,0,2,136,1872,76,81
131,2029,2160,0.060648,0.92,2.325059e-02,7.188154e-03,3.2412,3.3532,0,2,113,1871,76,81
132,2028,2160,0.061111,0.92,2.209350e-02,5.801637e-03,3.2437,3.3593,0,2,140,1870,76,81
133,2027,2160,0.061574,0.92,2.447991e-02,7.022630e-03,3.2243,3.3545,0,2,43,1869,76,81
134,2026,2160,0.062037,0.92,2.375078e-02,8.056095e-03,3.2727,3.365,0,2,5,1868,76,81
135,2025,2160,0.0625,0.92,2.312174e-02,5.853250e-03,3.2452,3.3572,0,2,186,1867,76,81
136,2024,2160,0.062963,0.92,2.209995e-02,7.336564e-03,3.2364,3.3523,0,2,190,1866,76,81
137,2023,2160,0.063426,0.92,2.288029e-02,7.352635e-03,3.2307,3.356,0,2,187,1865,76,81
138,2022,2160,0.063889,0.92,2.698038e-02,6.564436e-03,3.2615,3.3593,0,2,119,1864,76,81
139,2021,2160,0.064352,0.92,3.363044e-02,6.851636e-03,3.2265,3.3555,0,2,105,1863,76,81
140,2020,2160,0.064815,0.92,4.602508e-02,4.123225e-05,3.2218,3.3609,0,7,165,1862,76,81
141,2019,2160,0.065278,0.92,4.658136e-02,6.042062e-03,3.2229,3.3607,0,2,80,1861,76,81
142,2018,2160,0.065741,0.92,3.593148e-02,7.553973e-03,3.2463,3.3606,0,2,144,1860,76,81
143,2017,2160,0.066204,0.92,4.950194e-02,2.256359e-05,3.2461,3.3634,0,3,126,1859,76,81
144,2016,2160,0.066667,0.92,5.020175e-02,6.564599e-03,3.2354,3.3531,0,2,138,1858,76,81
145,2015,2160,0.06713,0.92,3.628218e-02,8.663839e-03,3.2595,3.3569,0,2,78,1857,76,81
146,2014,2160,0.067593,0.92,4.906174e-02,7.206399e-03,3.2389,3.3626,0,2,66,1856,76,81
147,2013,2160,0.068056,0.92,7.187528e-02,6.710430e-03,3.2255,3.3515,0,2,122,1855,76,81
148,2012,2160,0.068519,0.92,1.034122e-01,1.047465e-02,3.2238,3.3475,2,3,5,1855,76,80
149,2011,2160,0.068981,0.92,1.001449e-01,6.876982e-03,3.2549,3.3559,1,5,7,1855,75,80
150,2010,2160,0.069444,0.92,9.910263e-02,4.895909e-03,3.2236,3.3451,1,5,8,1855,74,80
151,2009,2160,0.069907,0.92,9.843023e-02,6.240029e-03,3.2377,3.3514,0,2,19,1854,74,80
152,2008,2160,0.07037,0.92,6.876143e-02,7.490990e-03,3.2377,3.3564,0,2,31,1853,74,80
153,2007,2160,0.070833,0.92,1.019576e-01,4.433680e-05,3.2276,3.3582,0,8,17,1852,74,80
154,2006,2160,0.071296,0.92,1.033633e-01,7.282946e-03,3.2285,3.3645,0,2,74,1851,74,80
155,2005,2160,0.071759,0.92,1.542448e-01,8.215701e-03,3.2579,3.3595,0,2,21,1850,74,80
156,2004,2160,0.072222,0.92,2.181749e-01,7.121744e-03,3.2224,3.3617,0,2,11,1849,74,80
157,2003,2160,0.072685,0.92,1.525913e-01,8.900797e-03,3.2339,3.3523,0,2,167,1848,74,80
158,2002,2160,0.073148,0.92,2.192925e-01,8.159083e-05,3.2245,3.366,0,9,104,1847,74,80
159,2001,2160,0.073611,0.92,2.206697e-01,6.193273e-05,3.2285,3.3668,0,1,69,1846,74,80
160,2000,2160,0.074074,0.92,2.220857e-01,8.101838e-03,3.2209,3.3648,0,2,47,1845,74,80
161,1999,2160,0.074537,0.92,3.143655e-01,7.001578e-05,3.2341,3.3588,0,8,188,1844,74,80
162,1998,2160,0.075,0.92,3.152552e-01,7.421134e-03,3.203,3.3561,0,2,30,1843,74,80
163,1997,2160,0.075463,0.92,2.232290e-01,7.511959e-03,3.2261,3.3611,0,2,56,1842,74,80
164,1996,2160,0.075926,0.92,1.568630e-01,7.691189e-03,3.236,3.3444,0,2,126,1841,74,80
165,1995,2160,0.076389,0.92,1.104529e-01,7.422481e-03,3.2068,3.3514,0,2,61,1840,74,80
166,1994,2160,0.076852,0.92,7.618471e-02,9.159979e-03,3.2347,3.3601,0,2,158,1839,74,80
167,1993,2160,0.077315,0.92,1.071760e-01,8.723607e-03,3.2389,3.3635,0,2,162,1838,74,80
168,1992,2160,0.077778,0.92,1.620735e-01,8.240588e-03,3.2332,3.3504,0,2,114,1837,74,80
169,1991,2160,0.078241,0.92,1.088633e-01,9.083855e-03,3.2325,3.35,0,2,164,1836,74,80
170,1990,2160,0.078704,0.92,1.644718e-01,9.388987e-03,3.2326,3.3511,0,2,123,1835,74,80
171,1989,2160,0.079167,0.92,2.453061e-01,6.345582e-05,3.2332,3.3555,0,6,44,1834,74,80
172,1988,2160,0.07963,0.92,2.470730e-01,8.888437e-03,3.2359,3.3489,0,2,71,1833,74,80
173,1987,2160,0.080093,0.92,3.569835e-01,1.188992e-04,3.2259,3.337,0,7,58,1832,74,80
174,1986,2160,0.080556,0.92,3.594828e-01,9.101203e-03,3.2228,3.3522,0,2,76,1831,74,80
175,1985,2160,0.081019,0.92,5.055525e-01,1.328815e-04,3.2569,3.3637,0,7,150,1830,74,80
176,1984,2160,0.081481,0.92,5.073146e-01,8.330819e-03,3.2419,3.3576,0,2,132,1829,74,80
177,1983,2160,0.081944,0.92,3.668203e-01,8.415555e-03,3.2365,3.3556,0,2,189,1828,74,80
178,1982,2160,0.082407,0.92,2.600163e-01,8.617465e-03,3.2382,3.3681,0,2,127,1827,74,80
179,1981,2160,0.08287,0.92,1.869968e-01,9.697952e-03,3.2519,3.3455,0,2,8,1826,74,80
180,1980,2160,0.083333,0.92,2.711367e-01,8.506971e-03,3.268,3.3597,0,2,22,1825,74,80
181,1979,2160,0.083796,0.92,1.922991e-01,8.583416e-03,3.2209,3.3499,0,2,115,1824,74,80
182,1978,2160,0.084259,0.92,1.368923e-01,1.059242e-02,3.2367,3.3564,0,2,51,1823,74,80
183,1977,2160,0.084722,0.92,1.912313e-01,1.015597e-02,3.2539,3.3573,0,2,145,1822,74,80
184,1976,2160,0.085185,0.92,2.752528e-01,9.827748e-03,3.2356,3.3479,0,2,32,1821,74,80
185,1975,2160,0.085648,0.92,3.976119e-01,8.527256e-03,3.2401,3.3624,0,2,59,1820,74,80
186,1974,2160,0.086111,0.92,2.788740e-01,8.588498e-03,3.2369,3.3602,0,2,86,1819,74,80
187,1973,2160,0.086574,0.92,2.015945e-01,1.029452e-02,3.2327,3.3599,0,2,89,1818,74,80
188,1972,2160,0.087037,0.92,2.880641e-01,8.866701e-03,3.2289,3.3595,0,2,100,1817,74,80
189,1971,2160,0.0875,0.92,2.025764e-01,8.872047e-03,3.2344,3.3444,0,2,0,1816,74,80
190,1970,2160,0.087963,0.92,1.468435e-01,1.069019e-02,3.2441,3.3475,0,2,95,1815,74,80
191,1969,2160,0.088426,0.92,2.083006e-01,9.512575e-03,3.2398,3.3614,0,2,40,1814,74,80
192,1968,2160,0.088889,0.92,1.453377e-01,1.125246e-02,3.2402,3.3704,0,2,171,1813,74,80
193,1967,2160,0.089352,0.92,2.121779e-01,9.213350e-03,3.252,3.3666,0,2,50,1812,74,80
194,1966,2160,0.089815,0.92,1.421220e-01,1.130033e-02,3.244,3.3579,0,2,147,1811,74,80
195,1965,2160,0.090278,0.92,2.153823e-01,9.254251e-03,3.243,3.37,0,2,13,1810,74,80
196,1964,2160,0.090741,0.92,1.491162e-01,9.525815e-03,3.2289,3.3613,0,2,12,1809,74,80
197,1963,2160,0.091204,0.92,1.065327e-01,1.141111e-02,3.2379,3.3628,0,2,45,1808,74,80
198,1962,2160,0.091667,0.92,1.547242e-01,9.495816e-03,3.2328,3.3554,0,2,62,1807,74,80
199,1961,2160,0.09213,0.92,1.119246e-01,1.256874e-02,3.2432,3.3461,0,2,163,1806,74,80
200,1960,2160,0.092593,0.92,1.635837e-01,1.083819e-02,3.226,3.3384,0,2,101,1805,74,80
201,1959,2160,0.093056,0.92,2.471455e-01,9.273509e-03,3.2663,3.3631,0,2,161,1804,74,80
202,1958,2160,0.093519,0.92,1.640543e-01,1.218939e-02,3.2254,3.3604,0,2,15,1803,74,80
203,1957,2160,0.093981,0.92,2.476444e-01,9.710166e-03,3.2426,3.3623,0,2,9,1802,74,80
204,1956,2160,0.094444,0.92,1.642900e-01,1.237953e-02,3.2288,3.3503,0,2,102,1801,74,80
205,1955,2160,0.094907,0.92,2.563640e-01,9.504959e-05,3.2253,3.3617,0,8,41,1800,74,80
206,1954,2160,0.09537,0.92,2.642713e-01,8.721931e-05,3.2454,3.3604,0,5,147,1799,74,80
207,1953,2160,0.095833,0.92,2.700030e-01,1.065741e-02,3.2458,3.3554,0,2,64,1798,74,80
208,1952,2160,0.096296,0.92,1.825699e-01,1.314183e-02,3.2373,3.3607,0,2,79,1797,74,80
209,1951,2160,0.096759,0.92,2.812235e-01,1.214218e-02,3.2412,3.3464,0,2,137,1796,74,80
210,1950,2160,0.097222,0.92,4.536457e-01,1.400183e-04,3.2185,3.3519,0,9,19,1795,74,80
211,1949,2160,0.097685,0.92,4.571156e-01,1.038289e-02,3.2295,3.3579,0,2,69,1794,74,80
212,1948,2160,0.098148,0.92,3.029271e-01,1.244061e-02,3.2543,3.3529,0,2,81,1793,74,80
213,1947,2160,0.098611,0.92,4.672856e-01,1.056009e-02,3.2523,3.3573,0,2,25,1792,74,80
214,1946,2160,0.099074,0.92,3.129952e-01,1.110076e-02,3.2457,3.347,0,2,150,1791,74,80
215,1945,2160,0.099537,0.92,2.067496e-01,1.321178e-02,3.2352,3.3518,0,2,110,1790,74,80
216,1944,2160,0.1,0.92,3.201932e-01,1.290365e-02,3.2337,3.3306,0,2,60,1789,74,80
217,1943,2160,0.100463,0.92,5.062812e-01,1.092832e-02,3.2304,3.3619,0,2,128,1788,74,80
218,1942,2160,0.100926,0.92,3.266029e-01,1.364487e-02,3.2263,3.349,0,2,129,1787,74,80
219,1941,2160,0.101389,0.92,5.179541e-01,1.353062e-04,3.2237,3.3541,0,8,181,1786,74,80
220,1940,2160,0.101852,0.92,5.297315e-01,1.503305e-02,3.2064,3.3451,0,2,72,1785,74,80
221,1939,2160,0.102315,0.92,8.231084e-01,1.623802e-04,3.2115,3.3688,0,8,165,1784,74,80
222,1938,2160,0.102778,0.92,8.323523e-01,1.173559e-02,3.2435,3.3449,0,2,179,1783,74,80
223,1937,2160,0.103241,0.92,5.567125e-01,1.460664e-02,3.2432,3.3579,0,2,39,1782,74,80
224,1936,2160,0.103704,0.92,8.385910e-01,1.218459e-02,3.2334,3.3559,0,2,156,1781,74,80
225,1935,2160,0.104167,0.92,5.521168e-01,1.474124e-02,3.2477,3.3664,0,2,184,1780,74,80
226,1934,2160,0.10463,0.92,8.362548e-01,1.198730e-02,3.2445,3.3495,0,2,18,1779,74,80
227,1933,2160,0.105093,0.92,5.438505e-01,1.497794e-02,3.2284,3.3453,0,2,149,1778,74,80
228,1932,2160,0.105556,0.92,8.419145e-01,2.934935e-04,3.2426,3.3671,0,7,173,1777,74,80
229,1931,2160,0.106019,0.92,8.733283e-01,1.479052e-02,3.2315,3.3512,0,2,185,1776,74,80
230,1930,2160,0.106481,0.92,1.272722e+00,1.758610e-04,3.2498,3.3583,0,3,169,1775,74,80
231,1929,2160,0.106944,0.92,1.291014e+00,7.317257e-05,3.2477,3.3669,1,9,3,1775,73,80
232,1928,2160,0.107407,0.92,1.267764e+00,2.257640e-04,3.2361,3.3619,0,1,150,1774,73,80
233,1927,2160,0.10787,0.92,1.299610e+00,3.315555e-04,3.2349,3.3621,0,9,99,1773,73,80
234,1926,2160,0.108333,0.92,1.332292e+00,1.445018e-02,3.2379,3.3495,0,2,117,1772,73,80
235,1925,2160,0.108796,0.92,1.778713e+00,3.573297e-04,3.2453,3.3482,0,9,183,1771,73,80
236,1924,2160,0.109259,0.92,1.792768e+00,2.995187e-04,3.2346,3.3613,0,4,15,1770,73,80
237,1923,2160,0.109722,0.92,1.827969e+00,3.841598e-04,3.23,3.3593,0,9,157,1769,73,80
238,1922,2160,0.110185,0.92,1.862863e+00,1.294489e-02,3.2401,3.3366,0,2,26,1768,73,80
239,1921,2160,0.110648,0.92,1.435423e+00,1.541210e-02,3.232,3.3567,0,2,133,1767,73,80
240,1920,2160,0.111111,0.92,1.829523e+00,2.985585e-04,3.2292,3.3629,0,8,30,1766,73,80
241,1919,2160,0.111574,0.92,1.882904e+00,1.336773e-02,3.2524,3.3696,0,2,36,1765,73,80
242,1918,2160,0.112037,0.92,1.456205e+00,1.615129e-02,3.2322,3.3631,0,2,63,1764,73,80
243,1917,2160,0.1125,0.92,1.848203e+00,2.756333e-04,3.213,3.3521,0,6,169,1763,73,80
244,1916,2160,0.112963,0.92,1.925441e+00,3.257254e-04,3.214,3.348,0,4,76,1762,73,80
245,1915,2160,0.113426,0.92,1.968675e+00,2.884244e-04,3.208,3.3578,0,6,25,1761,73,80
246,1914,2160,0.113889,0.92,2.016271e+00,1.594169e-02,3.2254,3.3615,0,2,52,1760,73,80
247,1913,2160,0.114352,0.92,2.435700e+00,4.511217e-04,3.2519,3.3611,0,9,150,1759,73,80
248,1912,2160,0.114815,0.92,2.471320e+00,3.395875e-04,3.2384,3.348,0,0,52,1758,73,80
249,1911,2160,0.115278,0.92,2.500955e+00,3.732615e-04,3.2325,3.3636,0,4,107,1757,73,80
250,1910,2160,0.115741,0.92,2.553926e+00,3.664604e-04,3.2415,3.3522,0,0,77,1756,73,80
251,1909,2160,0.116204,0.92,2.598923e+00,5.055745e-04,3.2353,3.344,0,9,143,1755,73,80
252,1908,2160,0.116667,0.92,2.662891e+00,1.384666e-02,3.2277,3.3479,0,2,14,1754,73,80
253,1907,2160,0.11713,0.92,2.257176e+00,1.639940e-02,3.2185,3.3559,0,2,3,1753,73,80
254,1906,2160,0.117593,0.92,2.515955e+00,3.744112e-04,3.242,3.3636,0,8,84,1752,73,80
255,1905,2160,0.118056,0.92,2.596128e+00,5.199376e-04,3.2251,3.3611,0,9,13,1751,73,80
256,1904,2160,0.118519,0.92,2.675514e+00,1.702470e-02,3.2249,3.3582,0,2,35,1750,73,80
257,1903,2160,0.118981,0.92,2.916090e+00,4.203063e-04,3.254,3.3503,0,0,15,1749,73,80
258,1902,2160,0.119444,0.92,2.981427e+00,4.145735e-04,3.2336,3.3611,0,8,97,1748,73,80
259,1901,2160,0.119907,0.92,3.047207e+00,4.229025e-04,3.2475,3.359,0,0,101,1747,73,80
260,1900,2160,0.12037,0.92,3.115355e+00,3.452611e-04,3.2332,3.3552,0,3,194,1746,73,80
261,1899,2160,0.120833,0.92,3.219344e+00,6.564125e-04,3.2301,3.3568,0,7,14,1745,73,80
262,1898,2160,0.121296,0.92,3.341427e+00,5.996416e-04,3.2588,3.3459,0,9,107,1744,73,80
263,1897,2160,0.121759,0.92,3.461208e+00,4.010313e-04,3.2356,3.3646,0,6,32,1743,73,80
264,1896,2160,0.122222,0.92,3.555777e+00,1.458444e-02,3.242,3.3449,0,2,67,1742,73,80
265,1895,2160,0.122685,0.92,3.311673e+00,1.752095e-02,3.244,3.354,0,2,107,1741,73,80
266,1894,2160,0.123148,0.92,3.358287e+00,4.466803e-04,3.228,3.3707,0,8,59,1740,73,80
267,1893,2160,0.123611,0.92,3.466539e+00,4.101802e-04,3.2402,3.3529,0,6,47,1739,73,80
268,1892,2160,0.124074,0.92,3.561378e+00,1.522197e-02,3.2587,3.3629,0,2,120,1738,73,80
269,1891,2160,0.124537,0.92,3.323185e+00,1.776252e-02,3.2474,3.3695,0,2,37,1737,73,80
270,1890,2160,0.125,0.92,3.363480e+00,4.676206e-04,3.2359,3.3607,0,8,119,1736,73,80
271,1889,2160,0.125463,0.92,3.468374e+00,1.553727e-02,3.2359,3.3539,0,2,181,1735,73,80
272,1888,2160,0.125926,0.92,3.253513e+00,1.746018e-02,3.234,3.3539,0,2,96,1734,73,80
273,1887,2160,0.126389,0.92,3.295524e+00,3.840063e-04,3.2127,3.3423,0,3,84,1733,73,80
274,1886,2160,0.126852,0.92,3.457016e+00,5.048887e-04,3.2219,3.3526,0,1,25,1732,73,80
275,1885,2160,0.127315,0.92,3.594193e+00,1.813863e-02,3.2448,3.3467,0,2,24,1731,73,80
276,1884,2160,0.127778,0.92,3.539316e+00,4.287108e-04,3.215,3.3613,0,3,147,1730,73,80
277,1883,2160,0.128241,0.92,3.666918e+00,8.246033e-04,3.2278,3.354,0,7,18,1729,73,80
278,1882,2160,0.128704,0.92,3.871397e+00,6.040055e-04,3.2469,3.3661,0,4,19,1728,73,80
279,1881,2160,0.129167,0.92,4.092084e+00,5.100237e-04,3.2643,3.3534,0,5,148,1727,73,80
280,1880,2160,0.12963,0.92,4.252485e+00,1.853385e-02,3.2472,3.3585,0,2,97,1726,73,80
281,1879,2160,0.130093,0.92,4.153842e+00,5.429006e-04,3.2201,3.3319,0,6,159,1725,73,80
282,1878,2160,0.130556,0.92,4.284416e+00,8.816306e-04,3.2002,3.3551,0,7,148,1724,73,80
283,1877,2160,0.131019,0.92,4.481606e+00,9.066111e-04,3.2574,3.3605,0,7,127,1723,73,80
284,1876,2160,0.131481,0.92,4.746465e+00,6.136399e-04,3.2329,3.3555,0,8,191,1722,73,80
285,1875,2160,0.131944,0.92,5.000078e+00,1.678985e-02,3.2496,3.3509,0,2,41,1721,73,80
286,1874,2160,0.132407,0.92,4.979101e+00,1.851904e-02,3.2185,3.3454,0,2,90,1720,73,80
287,1873,2160,0.13287,0.92,4.757831e+00,5.556458e-04,3.2135,3.3582,0,5,24,1719,73,80
288,1872,2160,0.133333,0.92,4.926014e+00,1.727794e-02,3.2487,3.344,0,2,111,1718,73,80
289,1871,2160,0.133796,0.92,4.901626e+00,5.015612e-04,3.249,3.3475,0,5,111,1717,73,80
290,1870,2160,0.134259,0.92,4.942478e+00,1.710670e-02,3.2757,3.3569,0,2,28,1716,73,80
291,1869,2160,0.134722,0.92,4.956802e+00,1.866033e-02,3.236,3.3614,0,2,109,1715,73,80
292,1868,2160,0.135185,0.92,4.704570e+00,6.488259e-04,3.2148,3.3549,0,8,148,1714,73,80
293,1867,2160,0.135648,0.92,4.912732e+00,6.751344e-04,3.2324,3.3492,0,0,34,1713,73,80
294,1866,2160,0.136111,0.92,5.108345e+00,6.767085e-04,3.2406,3.3524,0,1,76,1712,73,80
295,1865,2160,0.136574,0.92,5.300448e+00,6.218647e-04,3.2401,3.3539,0,6,70,1711,73,80
296,1864,2160,0.137037,0.92,5.481423e+00,1.043160e-03,3.2194,3.3341,0,7,125,1710,73,80
297,1863,2160,0.1375,0.92,5.753166e+00,1.929367e-02,3.2369,3.3516,0,2,87,1709,73,80
298,1862,2160,0.137963,0.92,5.742184e+00,2.517152e-02,3.2399,3.3575,0,2,92,1708,73,80
299,1861,2160,0.138426,0.92,5.513683e+00,5.607722e-04,3.2387,3.3541,0,3,2,1707,73,80
300,1860,2160,0.138889,0.92,5.777031e+00,7.075520e-04,3.244,3.3562,0,8,6,1706,73,80
301,1859,2160,0.139352,0.92,6.061214e+00,7.486027e-04,3.2351,3.3568,0,1,83,1705,73,80
302,1858,2160,0.139815,0.92,6.357918e+00,1.144115e-03,3.2404,3.3507,0,7,139,1704,73,80
303,1857,2160,0.140278,0.92,6.694600e+00,2.069484e-02,3.2481,3.341,0,2,33,1703,73,80
304,1856,2160,0.140741,0.92,6.650762e+00,1.017012e-02,3.2422,3.3611,1,1,2,1703,72,80
305,1855,2160,0.141204,0.92,6.617968e+00,2.167335e-02,3.2348,3.3635,0,2,160,1702,72,80
306,1854,2160,0.141667,0.92,6.325207e+00,1.091474e-02,3.2311,3.3585,1,2,2,1702,71,80
307,1853,2160,0.14213,0.92,6.041641e+00,2.791022e-02,3.2384,3.3466,0,2,112,1701,71,80
308,1852,2160,0.142593,0.92,5.796140e+00,2.490448e-02,3.2499,3.3576,0,2,195,1700,71,80
309,1851,2160,0.143056,0.92,5.675356e+00,1.107203e-03,3.2551,3.3565,0,7,83,1699,71,80
310,1850,2160,0.143519,0.92,6.158661e+00,1.127887e-03,3.2459,3.3499,0,9,65,1698,71,80
311,1849,2160,0.143981,0.92,6.710494e+00,9.016053e-04,3.2497,3.373,0,4,49,1697,71,80
312,1848,2160,0.144444,0.92,7.122287e+00,7.634291e-04,3.2389,3.3655,0,6,183,1696,71,80
313,1847,2160,0.144907,0.92,7.526230e+00,1.155174e-03,3.2435,3.3534,0,9,139,1695,71,80
314,1846,2160,0.14537,0.92,7.941978e+00,6.932734e-04,3.2645,3.3463,0,3,187,1694,71,80
315,1845,2160,0.145833,0.92,8.506918e+00,8.882069e-04,3.2602,3.3702,0,8,149,1693,71,80
316,1844,2160,0.146296,0.92,9.011284e+00,1.000311e-03,3.2397,3.3448,0,4,119,1692,71,80
317,1843,2160,0.146759,0.92,9.447093e+00,8.435009e-04,3.2398,3.3538,0,6,111,1691,71,80
318,1842,2160,0.147222,0.92,9.865583e+00,1.406811e-03,3.2496,3.3536,0,7,114,1690,71,80
319,1841,2160,0.147685,0.92,1.039948e+01,1.400531e-03,3.2367,3.3671,0,7,99,1689,71,80
320,1840,2160,0.148148,0.92,1.100301e+01,1.300396e-03,3.2427,3.3616,0,9,176,1688,71,80
321,1839,2160,0.148611,0.92,1.158135e+01,9.566402e-04,3.2324,3.3546,0,8,133,1687,71,80
322,1838,2160,0.149074,0.92,1.214873e+01,1.320759e-03,3.2643,3.3545,0,9,78,1686,71,80
323,1837,2160,0.149537,0.92,1.263085e+01,1.451246e-03,3.2572,3.3646,0,7,17,1685,71,80
324,1836,2160,0.15,0.92,1.327588e+01,7.838413e-04,3.2693,3.366,0,3,7,1684,71,80
325,1835,2160,0.150463,0.92,1.395396e+01,8.154642e-04,3.2484,3.3562,0,3,1,1683,71,80
326,1834,2160,0.150926,0.92,1.468676e+01,1.393688e-03,3.2564,3.3465,0,9,127,1682,71,80
327,1833,2160,0.151389,0.92,1.527961e+01,1.022380e-03,3.2545,3.3617,0,8,140,1681,71,80
328,1832,2160,0.151852,0.92,1.587514e+01,1.575439e-03,3.2372,3.3567,0,7,171,1680,71,80
329,1831,2160,0.152315,0.92,1.653100e+01,1.111958e-03,3.2163,3.3588,0,4,26,1679,71,80
330,1830,2160,0.152778,0.92,1.710121e+01,1.426499e-03,3.2536,3.3666,0,9,194,1678,71,80
331,1829,2160,0.153241,0.92,1.769254e+01,1.079085e-03,3.2551,3.3765,0,0,73,1677,71,80
332,1828,2160,0.153704,0.92,1.811415e+01,1.077535e-03,3.2444,3.3546,0,8,10,1676,71,80
333,1827,2160,0.154167,0.92,1.866954e+01,1.067413e-03,3.239,3.3671,0,8,43,1675,71,80
334,1826,2160,0.15463,0.92,1.915532e+01,1.092174e-03,3.2582,3.3684,0,1,165,1674,71,80
335,1825,2160,0.155093,0.92,1.989729e+01,1.647838e-03,3.2665,3.3616,0,7,44,1673,71,80
336,1824,2160,0.155556,0.92,2.063496e+01,9.333450e-04,3.2345,3.3672,0,3,60,1672,71,80
337,1823,2160,0.156019,0.92,2.148064e+01,1.101637e-03,3.2408,3.371,0,6,127,1671,71,80
338,1822,2160,0.156481,0.92,2.212366e+01,1.776707e-03,3.2436,3.3555,0,7,88,1670,71,80
339,1821,2160,0.156944,0.92,2.288576e+01,9.544173e-04,3.2206,3.3596,0,3,185,1669,71,80
340,1820,2160,0.157407,0.92,2.382515e+01,9.707446e-04,3.2439,3.3668,0,3,96,1668,71,80
341,1819,2160,0.15787,0.92,2.474429e+01,1.642881e-03,3.2615,3.3631,0,9,82,1667,71,80
342,1818,2160,0.158333,0.92,2.542900e+01,1.145684e-03,3.2407,3.3457,0,6,171,1666,71,80
343,1817,2160,0.158796,0.92,2.624639e+01,1.277187e-03,3.2267,3.3555,0,1,184,1665,71,80
344,1816,2160,0.159259,0.92,2.702534e+01,1.881055e-03,3.2276,3.367,0,7,147,1664,71,80
345,1815,2160,0.159722,0.92,2.800622e+01,1.892760e-03,3.227,3.3511,0,7,19,1663,71,80
346,1814,2160,0.160185,0.92,2.920299e+01,1.120455e-03,3.2444,3.3621,0,5,2,1662,71,80
347,1813,2160,0.160648,0.92,3.017423e+01,1.276415e-03,3.245,3.3674,0,0,43,1661,71,80
348,1812,2160,0.161111,0.92,3.059582e+01,1.396637e-03,3.2346,3.3584,0,4,25,1660,71,80
349,1811,2160,0.161574,0.92,3.126395e+01,1.330494e-03,3.2551,3.357,0,1,134,1659,71,80
350,1810,2160,0.162037,0.92,3.184775e+01,1.797211e-03,3.2462,3.3528,0,9,145,1658,71,80
351,1809,2160,0.1625,0.92,3.241560e+01,1.997527e-03,3.2447,3.3658,0,7,152,1657,71,80
352,1808,2160,0.162963,0.92,3.337226e+01,1.990381e-03,3.2441,3.368,0,7,11,1656,71,80
353,1807,2160,0.163426,0.92,3.456458e+01,1.225305e-03,3.2304,3.3645,0,6,168,1655,71,80
354,1806,2160,0.163889,0.92,3.546922e+01,2.014451e-03,3.2247,3.3518,0,7,70,1654,71,80
355,1805,2160,0.164352,0.92,3.685715e+01,1.860164e-03,3.2296,3.3488,0,9,8,1653,71,80
356,1804,2160,0.164815,0.92,3.793082e+01,1.372640e-03,3.2123,3.3479,0,1,113,1652,71,80
357,1803,2160,0.165278,0.92,3.891785e+01,1.259763e-03,3.2414,3.3692,0,6,161,1651,71,80
358,1802,2160,0.165741,0.92,3.964506e+01,1.301247e-03,3.2254,3.362,0,6,8,1650,71,80
359,1801,2160,0.166204,0.92,4.039110e+01,1.924836e-03,3.2411,3.3666,0,9,129,1649,71,80
360,1800,2160,0.166667,0.92,4.135325e+01,1.958813e-03,3.23,3.3581,0,9,192,1648,71,80
361,1799,2160,0.16713,0.92,4.255567e+01,2.185753e-03,3.2302,3.367,0,7,193,1647,71,80
362,1798,2160,0.167593,0.92,4.421297e+01,2.267328e-03,3.2358,3.3636,0,7,71,1646,71,80
363,1797,2160,0.168056,0.92,4.603834e+01,1.366889e-03,3.2533,3.3531,0,5,14,1645,71,80
364,1796,2160,0.168519,0.92,4.759184e+01,1.562926e-03,3.2207,3.3603,0,8,40,1644,71,80
365,1795,2160,0.168981,0.92,4.900312e+01,1.567421e-03,3.2296,3.3599,0,0,75,1643,71,80
366,1794,2160,0.169444,0.92,4.988820e+01,1.574974e-03,3.2342,3.3497,0,8,137,1642,71,80
367,1793,2160,0.169907,0.92,5.097402e+01,2.115757e-03,3.2342,3.3611,0,9,10,1641,71,80
368,1792,2160,0.17037,0.92,5.220897e+01,2.369668e-03,3.245,3.3595,0,7,22,1640,71,80
369,1791,2160,0.170833,0.92,5.378588e+01,1.401786e-03,3.256,3.3529,0,5,126,1639,71,80
370,1790,2160,0.171296,0.92,5.517449e+01,1.438940e-03,3.2409,3.3584,0,6,9,1638,71,80
371,1789,2160,0.171759,0.92,5.626446e+01,2.216357e-03,3.232,3.3611,0,9,16,1637,71,80
372,1788,2160,0.172222,0.92,5.751886e+01,1.740161e-03,3.2439,3.3626,0,4,18,1636,71,80
373,1787,2160,0.172685,0.92,5.884473e+01,1.487036e-03,3.2311,3.3619,0,5,8,1635,71,80
374,1786,2160,0.173148,0.92,6.025331e+01,2.468714e-03,3.2503,3.3591,0,7,106,1634,71,80
375,1785,2160,0.173611,0.919,6.164690e+01,1.298075e-03,3.259,3.3551,0,3,9,1633,71,80
376,1784,2160,0.174074,0.919,6.377739e+01,1.340535e-03,3.2395,3.3524,0,3,178,1632,71,80
377,1783,2160,0.174537,0.919,6.563931e+01,2.262907e-03,3.2331,3.3488,0,9,17,1631,71,80
378,1782,2160,0.175,0.919,6.722393e+01,1.494804e-03,3.2423,3.3702,0,6,17,1630,71,80
379,1781,2160,0.175463,0.919,6.775828e+01,1.676927e-03,3.2335,3.372,0,8,164,1629,71,80
380,1780,2160,0.175926,0.919,6.918432e+01,1.872246e-03,3.2331,3.359,0,4,31,1628,71,80
381,1779,2160,0.176389,0.919,7.049725e+01,2.589454e-03,3.2913,3.3576,0,7,179,1627,71,80
382,1778,2160,0.176852,0.919,7.202594e+01,2.368862e-03,3.241,3.3595,0,9,185,1626,71,80
383,1777,2160,0.177315,0.919,7.351122e+01,1.846178e-03,3.2652,3.3634,0,4,185,1625,71,80
384,1776,2160,0.177778,0.919,7.281741e+01,1.719601e-03,3.2362,3.3618,0,8,118,1624,71,80
385,1775,2160,0.178241,0.919,7.418003e+01,1.764219e-03,3.2517,3.3608,0,8,47,1623,71,80
386,1774,2160,0.178704,0.919,7.610477e+01,1.794821e-03,3.2357,3.3652,0,1,169,1622,71,80
387,1773,2160,0.179167,0.919,7.765735e+01,1.788040e-03,3.2891,3.3579,0,1,12,1621,71,80
388,1772,2160,0.17963,0.919,7.863275e+01,1.809466e-03,3.2445,3.3512,0,1,166,1620,71,80
389,1771,2160,0.180093,0.919,7.945599e+01,1.413088e-03,3.2458,3.3725,0,3,166,1619,71,80
390,1770,2160,0.180556,0.919,8.106014e+01,2.683456e-03,3.2457,3.3611,0,7,140,1618,71,80
391,1769,2160,0.181019,0.919,8.261803e+01,1.870444e-03,3.2743,3.3626,0,0,84,1617,71,80
392,1768,2160,0.181481,0.919,8.387701e+01,1.874492e-03,3.2338,3.3512,0,0,195,1616,71,80
393,1767,2160,0.181944,0.919,8.493916e+01,2.738979e-03,3.247,3.3637,0,7,9,1615,71,80
394,1766,2160,0.182407,0.919,8.662261e+01,1.708879e-03,3.2311,3.3605,0,6,76,1614,71,80
395,1765,2160,0.18287,0.919,8.818856e+01,2.482807e-03,3.2256,3.3715,0,9,76,1613,71,80
396,1764,2160,0.183333,0.919,8.987722e+01,1.718008e-03,3.2489,3.3609,0,6,45,1612,71,80
397,1763,2160,0.183796,0.919,9.163341e+01,2.597218e-03,3.2455,3.3637,0,9,167,1611,71,80
398,1762,2160,0.184259,0.919,9.361239e+01,2.618775e-03,3.2632,3.3724,0,9,181,1610,71,80
399,1761,2160,0.184722,0.919,9.597399e+01,1.778611e-03,3.2563,3.3857,0,5,65,1609,71,80
400,1760,2160,0.185185,0.919,9.798619e+01,2.032574e-03,3.2407,3.3639,0,0,180,1608,71,80
401,1759,2160,0.185648,0.919,9.968916e+01,1.603158e-03,5.6182,4.0761,0,3,57,1607,71,80
402,1758,2160,0.186111,0.919,1.017550e+02,2.741540e-03,3.221,3.3401,0,9,158,1606,71,80
403,1757,2160,0.186574,0.919,1.037136e+02,1.687545e-03,3.1992,3.361,0,5,180,1605,71,80
404,1756,2160,0.187037,0.919,1.041737e+02,3.001980e-03,3.2178,3.3448,0,7,195,1604,71,80
405,1755,2160,0.1875,0.919,1.061354e+02,3.024027e-03,3.1849,3.332,0,7,192,1603,71,80
406,1754,2160,0.187963,0.919,1.088664e+02,2.999433e-03,3.1825,3.3101,0,7,86,1602,71,80
407,1753,2160,0.188426,0.919,1.117015e+02,2.165737e-03,3.1753,3.3209,0,4,35,1601,71,80
408,1752,2160,0.188889,0.919,1.138081e+02,2.064858e-03,3.1838,3.2937,0,1,0,1600,71,80
409,1751,2160,0.189352,0.919,1.158462e+02,1.899943e-03,3.1742,3.3254,0,6,71,1599,71,80
410,1750,2160,0.189815,0.919,1.173720e+02,3.108495e-03,3.1859,3.3181,0,7,69,1598,71,80
411,1749,2160,0.190278,0.919,1.198567e+02,3.146687e-03,3.173,3.3552,0,7,124,1597,71,80
412,1748,2160,0.190741,0.919,1.227375e+02,2.079717e-03,3.2303,3.33,0,1,100,1596,71,80
413,1747,2160,0.191204,0.919,1.248447e+02,2.884816e-03,3.1867,3.3273,0,9,188,1595,71,80
414,1746,2160,0.191667,0.919,1.271422e+02,2.134505e-03,3.2028,3.3346,0,0,5,1594,71,80
415,1745,2160,0.19213,0.919,1.288455e+02,2.135668e-03,3.2124,3.318,0,8,167,1593,71,80
416,1744,2160,0.192593,0.919,1.312457e+02,1.775167e-03,3.1917,3.3265,0,6,167,1592,71,80
417,1743,2160,0.193056,0.919,1.304928e+02,2.316632e-03,3.1902,3.3597,0,4,12,1591,71,80
418,1742,2160,0.193519,0.919,1.325366e+02,3.208517e-03,3.2305,3.3898,0,7,128,1590,71,80
419,1741,2160,0.193981,0.919,1.351437e+02,2.385211e-03,3.422,3.4394,0,4,71,1589,71,80
420,1740,2160,0.194444,0.919,1.375947e+02,2.394237e-03,3.3295,3.3821,0,4,97,1588,71,80
421,1739,2160,0.194907,0.919,1.399310e+02,3.331479e-03,3.187,3.3139,0,7,154,1587,71,80
422,1738,2160,0.19537,0.919,1.427102e+02,1.779206e-03,3.1626,3.4031,0,3,5,1586,71,80
423,1737,2160,0.195833,0.919,1.450127e+02,3.028811e-03,3.2945,3.3808,0,9,11,1585,71,80
424,1736,2160,0.196296,0.919,1.472625e+02,1.832219e-03,3.198,3.355,0,3,182,1584,71,80
425,1735,2160,0.196759,0.919,1.505554e+02,2.321072e-03,3.2106,3.3164,0,1,29,1583,71,80
426,1734,2160,0.197222,0.919,1.529851e+02,2.327319e-03,3.1577,3.3266,0,0,29,1582,71,80
427,1733,2160,0.197685,0.919,1.509880e+02,2.390884e-03,3.1681,3.326,0,4,11,1581,71,80
428,1732,2160,0.198148,0.919,1.512154e+02,3.070219e-03,3.1759,3.3216,0,9,148,1580,71,80
429,1731,2160,0.198611,0.919,1.542588e+02,2.082960e-03,3.1872,3.3218,0,5,85,1579,71,80
430,1730,2160,0.199074,0.919,1.570741e+02,1.001930e-03,3.1888,3.3281,1,1,1,1579,70,80
431,1729,2160,0.199537,0.919,1.548225e+02,2.320254e-03,3.1785,3.2983,0,1,125,1578,70,80
432,1728,2160,0.2,0.919,1.581596e+02,2.316683e-03,3.1869,3.2923,0,1,17,1577,70,80
433,1727,2160,0.200463,0.919,1.625131e+02,1.888548e-03,3.1659,3.3249,0,3,112,1576,70,80
434,1726,2160,0.200926,0.919,1.660261e+02,3.600652e-03,3.1793,3.3182,0,7,180,1575,70,80
435,1725,2160,0.201389,0.92,1.699344e+02,3.310177e-03,3.1773,3.3294,0,9,25,1574,70,80
436,1724,2160,0.201852,0.919,1.742547e+02,3.640890e-03,3.2124,3.3334,0,7,6,1573,70,80
437,1723,2160,0.202315,0.92,1.780981e+02,3.706013e-03,3.18,3.3092,0,7,34,1572,70,80
438,1722,2160,0.202778,0.92,1.823060e+02,3.381720e-03,3.1912,3.3206,0,9,141,1571,70,80
439,1721,2160,0.203241,0.92,1.858767e+02,2.478618e-03,3.1972,3.3139,0,0,17,1570,70,80
440,1720,2160,0.203704,0.92,1.867449e+02,2.495097e-03,3.1714,3.3181,0,1,36,1569,70,80
441,1719,2160,0.204167,0.92,1.891506e+02,3.470514e-03,3.1587,3.3162,0,9,40,1568,70,80
442,1718,2160,0.20463,0.92,1.924257e+02,2.545108e-03,3.1585,3.3228,0,0,9,1567,70,80
443,1717,2160,0.205093,0.92,1.950167e+02,2.256373e-03,3.1811,3.3275,0,4,9,1566,70,80
444,1716,2160,0.205556,0.92,1.919087e+02,3.311365e-03,3.1977,0.6146,0,9,36,1565,70,80
445,1715,2160,0.206019,0.92,1.983828e+02,2.561450e-03,3.1859,3.3222,0,1,108,1564,70,80
446,1714,2160,0.206481,0.92,2.003029e+02,2.629440e-03,3.2007,3.3161,0,0,153,1563,70,80
447,1713,2160,0.206944,0.92,2.026654e+02,3.868453e-03,3.1857,3.3022,0,7,102,1562,70,80
448,1712,2160,0.207407,0.92,2.060617e+02,2.104789e-03,3.1966,3.3226,0,3,88,1561,70,80
449,1711,2160,0.20787,0.92,2.095201e+02,2.097251e-03,3.2026,3.3207,0,3,140,1560,70,80
450,1710,2160,0.208333,0.92,2.136514e+02,2.610738e-03,3.2036,3.3339,0,8,183,1559,70,80
451,1709,2160,0.208796,0.92,2.180463e+02,2.655761e-03,3.1544,3.3166,0,8,194,1558,70,80
452,1708,2160,0.209259,0.92,2.221797e+02,2.683802e-03,3.1723,3.3109,0,0,112,1557,70,80
453,1707,2160,0.209722,0.92,2.233553e+02,2.459640e-03,3.1702,3.3117,0,6,181,1556,70,80
454,1706,2160,0.210185,0.92,2.261575e+02,2.381636e-03,3.1897,3.3144,0,5,153,1555,70,80
455,1705,2160,0.210648,0.92,2.282413e+02,2.708388e-03,3.1685,3.3135,0,8,168,1554,70,80
456,1704,2160,0.211111,0.919,2.320368e+02,3.697333e-03,3.1642,3.301,0,9,28,1553,70,80
457,1703,2160,0.211574,0.92,2.349640e+02,2.665718e-03,3.1888,3.3152,0,1,28,1552,70,80
458,1702,2160,0.212037,0.92,2.363424e+02,2.239350e-03,3.187,3.3172,0,3,61,1551,70,80
459,1701,2160,0.2125,0.92,2.407606e+02,2.447502e-03,3.1627,3.3094,0,5,157,1550,70,80
460,1700,2160,0.212963,0.92,2.437415e+02,2.771067e-03,3.1703,3.2931,0,8,186,1549,70,80
461,1699,2160,0.213426,0.92,2.468049e+02,4.156178e-03,3.1527,3.3123,0,7,194,1548,70,80
462,1698,2160,0.213889,0.92,2.496328e+02,2.287895e-03,3.1634,3.2985,0,3,145,1547,70,80
463,1697,2160,0.214352,0.92,2.538348e+02,4.246462e-03,3.1613,3.3049,0,7,115,1546,70,80
464,1696,2160,0.214815,0.92,2.582138e+02,2.845002e-03,3.1775,3.3171,0,8,138,1545,70,80
465,1695,2160,0.215278,0.92,2.623264e+02,2.883965e-03,3.1683,3.3426,0,0,71,1544,70,80
466,1694,2160,0.215741,0.92,2.676952e+02,3.859504e-03,3.1717,3.3179,0,9,15,1543,70,80
467,1693,2160,0.216204,0.92,2.724920e+02,2.823107e-03,3.1562,3.3192,0,0,19,1542,70,80
468,1692,2160,0.216667,0.92,2.776886e+02,2.899526e-03,3.1767,3.3077,0,1,16,1541,70,80
469,1691,2160,0.21713,0.92,2.819930e+02,4.220730e-03,3.1671,3.3199,0,7,15,1540,70,80
470,1690,2160,0.217593,0.92,2.831866e+02,4.208747e-03,3.1664,3.3222,0,7,57,1539,70,80
471,1689,2160,0.218056,0.92,2.876147e+02,4.409635e-03,3.2119,3.3054,0,7,84,1538,70,80
472,1688,2160,0.218519,0.92,2.933008e+02,2.919960e-03,3.1764,3.3226,0,1,42,1537,70,80
473,1687,2160,0.218981,0.92,2.972098e+02,2.900618e-03,3.1575,3.3076,0,8,111,1536,70,80
474,1686,2160,0.219444,0.92,3.014505e+02,2.890443e-03,3.1775,3.3089,0,8,195,1535,70,80
475,1685,2160,0.219907,0.92,3.051293e+02,2.941107e-03,3.1709,3.3057,0,0,16,1534,70,80
476,1684,2160,0.22037,0.92,3.050277e+02,2.399158e-03,3.1668,3.3219,0,3,191,1533,70,80
477,1683,2160,0.220833,0.92,3.102943e+02,4.517818e-03,3.1815,3.317,0,7,4,1532,70,80
478,1682,2160,0.221296,0.92,3.157547e+02,2.412394e-03,3.1754,3.3292,0,3,3,1531,70,80
479,1681,2160,0.221759,0.92,3.216715e+02,2.941768e-03,3.1713,3.3205,0,1,19,1530,70,80
480,1680,2160,0.222222,0.92,3.235195e+02,4.529146e-03,3.1739,3.3111,0,7,144,1529,70,80
481,1679,2160,0.222685,0.92,3.280139e+02,3.070381e-03,3.1973,3.3059,0,1,32,1528,70,80
482,1678,2160,0.223148,0.92,3.323343e+02,4.152759e-03,3.1792,3.3128,0,9,168,1527,70,80
483,1677,2160,0.223611,0.92,3.372902e+02,2.801459e-03,3.1827,3.3328,0,6,33,1526,70,80
484,1676,2160,0.224074,0.92,3.409451e+02,2.796644e-03,3.1784,3.324,0,5,154,1525,70,80
485,1675,2160,0.224537,0.92,3.454075e+02,4.247452e-03,3.1629,3.3071,0,9,93,1524,70,80
486,1674,2160,0.225,0.92,3.493596e+02,3.152635e-03,3.1658,3.3239,0,0,124,1523,70,80
487,1673,2160,0.225463,0.92,3.528764e+02,2.510296e-03,3.1778,3.325,0,3,69,1522,70,80
488,1672,2160,0.225926,0.92,3.581763e+02,3.149200e-03,3.1779,3.3122,0,1,158,1521,70,80
489,1671,2160,0.226389,0.92,3.622556e+02,4.305976e-03,3.1724,3.3125,0,9,155,1520,70,80
490,1670,2160,0.226852,0.92,3.657089e+02,4.368566e-03,3.1826,3.311,0,9,63,1519,70,80
491,1669,2160,0.227315,0.92,3.695317e+02,2.807086e-03,3.1662,3.3134,0,5,42,1518,70,80
492,1668,2160,0.227778,0.92,3.749624e+02,4.383357e-03,3.1936,3.3327,0,9,0,1517,70,80
493,1667,2160,0.228241,0.92,3.806727e+02,4.841228e-03,3.1773,3.3186,0,7,113,1516,70,80
494,1666,2160,0.228704,0.92,3.880381e+02,2.864362e-03,3.1678,3.3079,0,5,60,1515,70,80
495,1665,2160,0.229167,0.92,3.936029e+02,3.535026e-03,3.1761,3.3238,0,4,154,1514,70,80
496,1664,2160,0.22963,0.92,3.967725e+02,2.574213e-03,3.1701,3.3259,0,3,45,1513,70,80
497,1663,2160,0.230093,0.92,4.045617e+02,3.282277e-03,3.1683,3.3246,0,1,127,1512,70,80
498,1662,2160,0.230556,0.92,4.105796e+02,2.960659e-03,3.1741,3.3177,0,6,166,1511,70,80
499,1661,2160,0.231019,0.92,4.169367e+02,2.620466e-03,3.1734,3.3073,0,3,72,1510,70,80
500,1660,2160,0.231481,0.92,4.214899e+02,3.372761e-03,3.1829,3.3227,0,0,174,1509,70,80
501,1659,2160,0.231944,0.92,4.247026e+02,4.487914e-03,3.181,3.3077,0,9,38,1508,70,80
502,1658,2160,0.232407,0.92,4.280242e+02,4.780756e-03,3.1826,3.3235,0,7,38,1507,70,80
503,1657,2160,0.23287,0.92,4.301335e+02,3.321412e-03,3.2147,3.3287,0,8,184,1506,70,80
504,1656,2160,0.233333,0.92,4.398839e+02,5.079503e-03,3.1832,3.3145,0,7,155,1505,70,80
505,1655,2160,0.233796,0.92,4.474983e+02,4.959199e-03,3.1756,3.3181,0,7,161,1504,70,80
506,1654,2160,0.234259,0.92,4.549976e+02,3.453985e-03,3.1595,2.0592,0,4,74,1503,70,80
507,1653,2160,0.234722,0.92,4.631343e+02,3.382133e-03,3.1805,3.3231,0,1,126,1502,70,80
508,1652,2160,0.235185,0.92,4.686293e+02,3.054834e-03,3.2028,3.332,0,5,179,1501,70,80
509,1651,2160,0.235648,0.92,4.723208e+02,3.476855e-03,3.1882,3.3267,0,0,130,1500,70,80
510,1650,2160,0.236111,0.92,4.749297e+02,3.507981e-03,3.1874,3.328,0,0,125,1499,70,80
511,1649,2160,0.236574,0.92,4.774874e+02,3.074696e-03,3.1853,3.3357,0,6,140,1498,70,80
512,1648,2160,0.237037,0.92,4.856254e+02,3.533507e-03,3.2005,3.3423,0,0,194,1497,70,80
513,1647,2160,0.2375,0.92,4.905285e+02,3.484787e-03,3.1783,3.3245,0,1,15,1496,70,80
514,1646,2160,0.237963,0.92,4.953200e+02,3.543351e-03,3.1711,3.307,0,0,184,1495,70,80
515,1645,2160,0.238426,0.92,4.990704e+02,2.831548e-03,3.173,3.3315,0,3,14,1494,70,80
516,1644,2160,0.238889,0.92,5.065450e+02,4.760259e-03,3.1763,3.3226,0,9,54,1493,70,80
517,1643,2160,0.239352,0.92,5.118390e+02,2.850461e-03,3.1974,3.3416,0,3,53,1492,70,80
518,1642,2160,0.239815,0.92,5.196325e+02,4.785929e-03,3.184,3.3429,0,9,41,1491,70,80
519,1641,2160,0.240278,0.92,5.270524e+02,3.139153e-03,3.1773,3.3399,0,5,192,1490,70,80
520,1640,2160,0.240741,0.92,5.328519e+02,3.078848e-03,3.1981,3.3096,0,1,192,1489,70,80
521,1639,2160,0.241204,0.92,5.285922e+02,5.223490e-03,3.194,3.3164,0,7,184,1488,70,80
522,1638,2160,0.241667,0.92,5.316620e+02,3.147556e-03,3.1851,3.3282,0,5,175,1487,70,80
523,1637,2160,0.24213,0.92,5.366217e+02,3.244782e-03,3.1803,3.3205,0,6,59,1486,70,80
524,1636,2160,0.242593,0.92,5.421974e+02,3.511163e-03,3.1905,3.34,0,0,59,1485,70,80
525,1635,2160,0.243056,0.92,5.443758e+02,3.581600e-03,3.2028,3.332,0,1,27,1484,70,80
526,1634,2160,0.243519,0.92,5.507259e+02,4.926077e-03,3.1968,3.3236,0,9,66,1483,70,80
527,1633,2160,0.243981,0.92,5.559267e+02,3.909764e-03,3.1824,3.3354,1,1,0,1483,69,80
528,1632,2160,0.244444,0.92,5.538533e+02,3.196088e-03,3.2002,3.3335,0,5,41,1482,69,80
529,1631,2160,0.244907,0.92,5.587488e+02,3.628114e-03,3.2127,3.3352,0,4,41,1481,69,80
530,1630,2160,0.24537,0.92,5.669284e+02,3.528641e-03,3.1949,3.3321,0,1,179,1480,69,80
531,1629,2160,0.245833,0.92,5.761832e+02,2.848518e-03,3.1772,3.3307,0,3,121,1479,69,80
532,1628,2160,0.246296,0.92,5.829774e+02,3.443470e-03,3.1723,3.3138,0,8,27,1478,69,80
533,1627,2160,0.246759,0.92,5.896034e+02,3.852709e-03,3.1929,3.3245,0,4,177,1477,69,80
534,1626,2160,0.247222,0.92,5.948171e+02,5.193243e-03,3.2427,3.3296,0,7,177,1476,69,80
535,1625,2160,0.247685,0.92,5.950385e+02,3.536305e-03,3.2005,3.315,0,0,179,1475,69,80
536,1624,2160,0.248148,0.92,6.009049e+02,3.857309e-03,3.2011,3.3266,0,4,123,1474,69,80
537,1623,2160,0.248611,0.919,6.067878e+02,5.439974e-03,3.1975,3.3282,0,7,0,1473,69,80
538,1622,2160,0.249074,0.919,6.155968e+02,1.198846e-02,3.2462,3.3248,1,2,7,1473,68,80
539,1621,2160,0.249537,0.919,6.346880e+02,3.964474e-03,3.195,3.3265,0,4,99,1472,68,80
540,1620,2160,0.25,0.919,6.382081e+02,3.740054e-03,3.1963,3.3171,0,0,181,1471,68,80
541,1619,2160,0.250463,0.919,6.429273e+02,3.388421e-03,3.2015,3.3281,0,6,0,1470,68,80
542,1618,2160,0.250926,0.919,6.474916e+02,3.723917e-03,3.2048,3.339,0,0,185,1469,68,80
543,1617,2160,0.251389,0.919,6.543307e+02,3.374272e-03,3.1842,3.3281,0,6,180,1468,68,80
544,1616,2160,0.251852,0.919,6.621977e+02,3.243274e-03,3.1981,3.3252,0,6,185,1467,68,80
545,1615,2160,0.252315,0.919,6.695415e+02,2.630513e-03,3.2007,3.323,0,3,180,1466,68,80
546,1614,2160,0.252778,0.919,6.741280e+02,3.255980e-03,3.1967,3.34,0,6,96,1465,68,80
547,1613,2160,0.253241,0.919,6.848969e+02,3.715873e-03,3.1919,3.3106,0,1,9,1464,68,80
548,1612,2160,0.253704,0.919,6.931253e+02,5.158744e-03,3.2234,3.3208,0,9,1,1463,68,80
549,1611,2160,0.254167,0.919,7.004101e+02,5.680318e-03,3.181,3.3212,0,7,1,1462,68,80
550,1610,2160,0.25463,0.919,7.062259e+02,3.774176e-03,3.1903,3.3187,0,1,35,1461,68,80
551,1609,2160,0.255093,0.919,7.142175e+02,5.146270e-03,3.2157,3.326,0,9,133,1460,68,80
552,1608,2160,0.255556,0.919,7.214857e+02,5.187528e-03,3.187,3.3109,0,9,100,1459,68,80
553,1607,2160,0.256019,0.919,7.290597e+02,5.173634e-03,3.1817,3.3255,0,9,56,1458,68,80
554,1606,2160,0.256481,0.919,7.356794e+02,3.496137e-03,3.1817,3.3252,0,6,34,1457,68,80
555,1605,2160,0.256944,0.919,7.430223e+02,3.808438e-03,3.1783,3.3339,0,0,11,1456,68,80
556,1604,2160,0.257407,0.919,7.520009e+02,5.806436e-03,3.1915,3.3203,0,7,149,1455,68,80
557,1603,2160,0.25787,0.918,7.617116e+02,5.302733e-03,3.1742,3.3155,0,9,191,1454,68,80
558,1602,2160,0.258333,0.918,7.715739e+02,3.948457e-03,3.1938,3.3259,0,0,8,1453,68,80
559,1601,2160,0.258796,0.918,7.827829e+02,5.813743e-03,3.2371,3.3072,0,7,160,1452,68,80
560,1600,2160,0.259259,0.919,7.916801e+02,4.044347e-03,3.2009,3.3223,0,0,93,1451,68,80
561,1599,2160,0.259722,0.919,7.985891e+02,5.330805e-03,3.1923,3.3159,0,9,26,1450,68,80
562,1598,2160,0.260185,0.919,8.073625e+02,3.083027e-03,3.1891,3.3207,0,3,183,1449,68,80
563,1597,2160,0.260648,0.918,8.224842e+02,5.936944e-03,3.2016,3.33,0,7,172,1448,68,80
564,1596,2160,0.261111,0.918,8.339264e+02,5.975528e-03,3.1978,3.3329,0,7,143,1447,68,80
565,1595,2160,0.261574,0.918,8.461993e+02,4.025367e-03,3.22,3.3173,0,0,27,1446,68,80
566,1594,2160,0.262037,0.918,8.538121e+02,3.540896e-03,3.198,3.3311,0,5,182,1445,68,80
567,1593,2160,0.2625,0.918,8.627471e+02,3.801955e-03,3.19,3.3123,0,4,27,1444,68,80
568,1592,2160,0.262963,0.918,8.597223e+02,3.383334e-03,3.2036,3.3185,0,0,182,1443,68,80
569,1591,2160,0.263426,0.918,8.564536e+02,6.009126e-03,3.1883,3.3156,0,7,7,1442,68,80
570,1590,2160,0.263889,0.918,8.664126e+02,3.405747e-03,3.2177,3.3146,0,5,7,1441,68,80
571,1589,2160,0.264352,0.918,8.751486e+02,5.943737e-03,3.1733,3.3258,0,7,126,1440,68,80
572,1588,2160,0.264815,0.918,8.872780e+02,6.164868e-03,3.1772,3.319,0,7,191,1439,68,80
573,1587,2160,0.265278,0.918,9.003567e+02,6.098725e-03,3.1935,3.3193,0,7,31,1438,68,80
574,1586,2160,0.265741,0.918,9.135379e+02,5.559016e-03,3.1972,3.3284,0,9,69,1437,68,80
575,1585,2160,0.266204,0.918,9.256939e+02,3.605863e-03,3.1989,3.3426,0,5,93,1436,68,80
576,1584,2160,0.266667,0.918,9.349096e+02,6.278166e-03,3.1802,3.3182,0,7,13,1435,68,80
577,1583,2160,0.26713,0.918,9.464525e+02,6.370943e-03,3.1734,3.3371,0,7,151,1434,68,80
578,1582,2160,0.267593,0.918,9.571519e+02,4.175031e-03,3.186,3.328,0,1,153,1433,68,80
579,1581,2160,0.268056,0.918,9.693173e+02,5.768627e-03,3.1858,3.32,0,9,151,1432,68,80
580,1580,2160,0.268519,0.918,9.746230e+02,4.348972e-03,3.1893,3.3387,0,0,168,1431,68,80
581,1579,2160,0.268981,0.919,9.847674e+02,3.940359e-03,3.1898,3.3292,0,6,30,1430,68,80
582,1578,2160,0.269444,0.919,9.934949e+02,4.226262e-03,3.1973,3.3389,0,1,84,1429,68,80
583,1577,2160,0.269907,0.918,1.005632e+03,6.353576e-03,3.1915,3.329,0,7,30,1428,68,80
584,1576,2160,0.27037,0.918,1.014993e+03,3.649770e-03,3.1849,3.3308,0,5,27,1427,68,80
585,1575,2160,0.270833,0.918,1.030090e+03,5.789396e-03,3.2007,3.3387,0,9,83,1426,68,80
586,1574,2160,0.271296,0.918,1.041624e+03,3.307576e-03,3.2053,3.3405,0,3,27,1425,68,80
587,1573,2160,0.271759,0.918,1.045402e+03,5.758449e-03,3.1802,3.321,0,9,166,1424,68,80
588,1572,2160,0.272222,0.918,1.056177e+03,1.449423e-02,3.1939,3.3292,1,3,6,1424,67,80
589,1571,2160,0.272685,0.922,1.071210e+03,5.926350e-03,3.1894,3.2886,0,9,91,1423,67,80
590,1570,2160,0.273148,0.92,1.070997e+03,6.221670e-03,3.181,3.3187,0,7,100,1422,67,80
591,1569,2160,0.273611,0.919,1.080449e+03,4.372116e-03,3.2091,3.3168,0,0,97,1421,67,80
592,1568,2160,0.274074,0.919,1.094293e+03,5.756492e-03,3.1938,3.321,0,9,84,1420,67,80
593,1567,2160,0.274537,0.918,1.102609e+03,4.311883e-03,3.1863,3.3103,0,8,103,1419,67,80
594,1566,2160,0.275,0.917,1.112284e+03,6.003879e-03,3.1901,3.3329,0,9,171,1418,67,80
595,1565,2160,0.275463,0.918,1.120902e+03,6.003544e-03,3.1936,3.3312,0,9,169,1417,67,80
596,1564,2160,0.275926,0.918,1.132652e+03,6.558845e-03,3.2096,3.3413,0,7,21,1416,67,80
597,1563,2160,0.276389,0.918,1.144085e+03,4.392704e-03,3.2024,3.3318,0,0,24,1415,67,80
598,1562,2160,0.276852,0.918,1.156231e+03,4.793931e-03,3.1876,3.3085,0,4,40,1414,67,80
599,1561,2160,0.277315,0.918,1.166849e+03,6.688439e-03,3.2064,3.3368,0,7,56,1413,67,80
600,1560,2160,0.277778,0.918,1.178155e+03,4.138375e-03,3.2048,3.3396,0,6,136,1412,67,80
601,1559,2160,0.278241,0.918,1.187644e+03,6.032584e-03,3.1814,3.3171,0,9,70,1411,67,80
602,1558,2160,0.278704,0.919,1.199882e+03,6.038017e-03,3.2134,3.3181,0,9,42,1410,67,80
603,1557,2160,0.279167,0.918,1.211179e+03,4.142648e-03,3.1941,3.3351,0,6,155,1409,67,80
604,1556,2160,0.27963,0.919,1.222060e+03,3.522619e-03,3.2245,3.3367,0,3,8,1408,67,80
605,1555,2160,0.280093,0.919,1.240558e+03,6.663244e-03,3.2277,3.316,0,7,8,1407,67,80
606,1554,2160,0.280556,0.918,1.249072e+03,6.737245e-03,3.186,3.3245,0,7,10,1406,67,80
607,1553,2160,0.281019,0.918,1.263550e+03,4.634351e-03,3.1882,3.3048,0,0,141,1405,67,80
608,1552,2160,0.281481,0.918,1.274764e+03,4.489023e-03,3.2149,3.321,0,0,70,1404,67,80
609,1551,2160,0.281944,0.918,1.286333e+03,4.529542e-03,3.1981,3.307,0,8,48,1403,67,80
610,1550,2160,0.282407,0.918,1.296557e+03,3.458520e-03,3.2016,3.3347,0,5,70,1402,67,80
611,1549,2160,0.28287,0.918,1.290926e+03,4.867362e-03,3.1881,3.3352,0,4,155,1401,67,80
612,1548,2160,0.283333,0.918,1.301975e+03,6.099757e-03,3.1988,3.3333,0,9,9,1400,67,80
613,1547,2160,0.283796,0.918,1.317117e+03,4.176961e-03,3.1882,3.3336,0,6,31,1399,67,80
614,1546,2160,0.284259,0.917,1.326241e+03,6.880180e-03,3.2354,3.307,0,7,75,1398,67,80
615,1545,2160,0.284722,0.917,1.336751e+03,6.721927e-03,3.2291,3.3199,0,7,141,1397,67,80
616,1544,2160,0.285185,0.918,1.345258e+03,4.331726e-03,3.1998,3.3182,0,8,9,1396,67,80
617,1543,2160,0.285648,0.917,1.361260e+03,6.871492e-03,3.182,3.3343,0,7,32,1395,67,80
618,1542,2160,0.286111,0.917,1.380195e+03,6.112304e-03,3.183,3.3226,0,9,32,1394,67,80
619,1541,2160,0.286574,0.916,1.387644e+03,6.170911e-03,3.1908,3.3289,0,9,186,1393,67,80
620,1540,2160,0.287037,0.916,1.403259e+03,4.183910e-03,3.1992,3.3198,0,4,186,1392,67,80
621,1539,2160,0.2875,0.916,1.398844e+03,6.267564e-03,3.1944,3.3238,0,9,44,1391,67,80
622,1538,2160,0.287963,0.916,1.413237e+03,4.609112e-03,3.1932,3.323,0,4,44,1390,67,80
623,1537,2160,0.288426,0.916,1.412780e+03,6.890387e-03,3.1895,3.3349,0,7,55,1389,67,80
624,1536,2160,0.288889,0.916,1.428589e+03,6.776220e-03,3.1871,3.3013,0,7,186,1388,67,80
625,1535,2160,0.289352,0.916,1.441627e+03,3.619783e-03,3.2069,3.3229,0,3,10,1387,67,80
626,1534,2160,0.289815,0.916,1.458885e+03,4.252833e-03,3.2421,3.3517,0,6,184,1386,67,80
627,1533,2160,0.290278,0.916,1.473352e+03,5.029029e-03,3.217,3.3408,0,4,29,1385,67,80
628,1532,2160,0.290741,0.916,1.490265e+03,4.784270e-03,3.2268,3.3409,0,1,2,1384,67,80
629,1531,2160,0.291204,0.917,1.506668e+03,4.833771e-03,3.201,3.3268,0,1,5,1383,67,80
630,1530,2160,0.291667,0.916,1.516540e+03,5.220493e-03,3.2123,3.3384,0,4,55,1382,67,80
631,1529,2160,0.29213,0.917,1.521077e+03,3.955848e-03,3.1895,3.3372,0,5,5,1381,67,80
632,1528,2160,0.292593,0.917,1.528765e+03,4.199569e-03,3.1968,3.3398,0,5,13,1380,67,80
633,1527,2160,0.293056,0.917,1.540772e+03,4.767775e-03,3.1858,3.3184,0,0,13,1379,67,80
634,1526,2160,0.293519,0.917,1.537246e+03,7.388063e-03,3.1948,3.3233,0,7,20,1378,67,80
635,1525,2160,0.293981,0.916,1.552240e+03,4.265682e-03,3.2067,3.313,0,6,2,1377,67,80
636,1524,2160,0.294444,0.917,1.567150e+03,4.858142e-03,3.1825,3.3207,0,0,55,1376,67,80
637,1523,2160,0.294907,0.917,1.577778e+03,7.064375e-03,3.2102,3.3278,0,7,164,1375,67,80
638,1522,2160,0.29537,0.917,1.590167e+03,4.291808e-03,3.1841,3.3358,0,5,98,1374,67,80
639,1521,2160,0.295833,0.917,1.602890e+03,4.448963e-03,3.2182,3.3359,0,6,192,1373,67,80
640,1520,2160,0.296296,0.918,1.615943e+03,5.055252e-03,3.2028,3.3214,0,4,13,1372,67,80
641,1519,2160,0.296759,0.917,1.632606e+03,4.849831e-03,3.1751,3.3183,0,0,10,1371,67,80
642,1518,2160,0.297222,0.916,1.640147e+03,4.868925e-03,3.1893,3.3191,0,8,145,1370,67,80
643,1517,2160,0.297685,0.917,1.651952e+03,4.549987e-03,3.1863,3.3286,0,6,35,1369,67,80
644,1516,2160,0.298148,0.916,1.661139e+03,6.779189e-03,3.1804,3.3197,0,9,184,1368,67,80
645,1515,2160,0.298611,0.917,1.676268e+03,4.422756e-03,3.1723,3.3305,0,5,193,1367,67,80
646,1514,2160,0.299074,0.916,1.688744e+03,4.904135e-03,3.2068,3.3296,0,0,193,1366,67,80
647,1513,2160,0.299537,0.917,1.683886e+03,5.170270e-03,3.1984,3.3223,0,4,5,1365,67,80
648,1512,2160,0.3,0.918,1.701230e+03,5.238754e-03,3.189,3.3169,0,4,181,1364,67,80
649,1511,2160,0.300463,0.917,1.722743e+03,6.793997e-03,3.2012,3.3211,0,9,193,1363,67,80
650,1510,2160,0.300926,0.916,1.739193e+03,4.987327e-03,3.2046,3.3223,0,8,146,1362,67,80
651,1509,2160,0.301389,0.916,1.753331e+03,5.398969e-03,3.231,3.3369,0,4,105,1361,67,80
652,1508,2160,0.301852,0.916,1.762973e+03,5.029132e-03,3.1957,3.3329,0,0,129,1360,67,80
653,1507,2160,0.302315,0.916,1.770082e+03,4.511095e-03,3.2108,3.3225,0,5,110,1359,67,80
654,1506,2160,0.302778,0.915,1.778990e+03,5.033705e-03,3.192,3.3112,0,8,179,1358,67,80
655,1505,2160,0.303241,0.915,1.795797e+03,5.476049e-03,3.1912,3.3278,0,4,183,1357,67,80
656,1504,2160,0.303704,0.915,1.810871e+03,5.204472e-03,3.1981,3.3312,0,1,92,1356,67,80
657,1503,2160,0.304167,0.915,1.819773e+03,7.811727e-03,3.1999,3.3242,0,7,98,1355,67,80
658,1502,2160,0.30463,0.915,1.832839e+03,5.251714e-03,3.1841,3.3286,0,1,55,1354,67,80
659,1501,2160,0.305093,0.915,1.841065e+03,4.207226e-03,3.2033,3.3222,0,3,79,1353,67,80
660,1500,2160,0.305556,0.915,1.851843e+03,7.722662e-03,3.1916,3.3324,0,7,181,1352,67,80
661,1499,2160,0.306019,0.915,1.861926e+03,5.199190e-03,3.198,3.3378,0,0,18,1351,67,80
662,1498,2160,0.306481,0.915,1.879390e+03,5.185541e-03,3.1885,3.3106,0,0,102,1350,67,80
663,1497,2160,0.306944,0.915,1.889038e+03,5.232852e-03,3.1768,3.3284,0,8,193,1349,67,80
664,1496,2160,0.307407,0.915,1.897901e+03,7.077815e-03,3.2029,3.3327,0,9,96,1348,67,80
665,1495,2160,0.30787,0.915,1.909553e+03,5.256812e-03,3.2197,3.3335,0,1,91,1347,67,80
666,1494,2160,0.308333,0.916,1.915954e+03,7.162570e-03,3.187,3.3311,0,9,39,1346,67,80
667,1493,2160,0.308796,0.916,1.924037e+03,7.084127e-03,3.1939,3.3381,0,9,27,1345,67,80
668,1492,2160,0.309259,0.916,1.948707e+03,5.140806e-03,3.2012,3.3243,0,1,111,1344,67,80
669,1491,2160,0.309722,0.917,1.974882e+03,5.292005e-03,3.2313,3.3209,0,1,129,1343,67,80
670,1490,2160,0.310185,0.917,1.986872e+03,5.582553e-03,3.1957,3.3355,0,4,193,1342,67,80
671,1489,2160,0.310648,0.917,2.008686e+03,7.229266e-03,3.1821,3.3362,0,9,101,1341,67,80
672,1488,2160,0.311111,0.918,2.022726e+03,5.353766e-03,3.2181,3.3191,0,0,12,1340,67,80
673,1487,2160,0.311574,0.917,2.041649e+03,7.835623e-03,3.1848,3.3235,0,7,43,1339,67,80
674,1486,2160,0.312037,0.917,2.060869e+03,8.117456e-03,3.2034,3.3338,0,7,176,1338,67,80
675,1485,2160,0.3125,0.917,2.081501e+03,7.200902e-03,3.2013,3.3084,0,9,43,1337,67,80
676,1484,2160,0.312963,0.917,2.099198e+03,7.329421e-03,3.2106,3.3361,0,9,149,1336,67,80
677,1483,2160,0.313426,0.916,2.118695e+03,4.838716e-03,3.1881,3.3201,0,6,72,1335,67,80
678,1482,2160,0.313889,0.918,2.140921e+03,8.205699e-03,3.2114,3.3399,0,7,3,1334,67,80
679,1481,2160,0.314352,0.918,2.162051e+03,5.542088e-03,3.196,3.3341,0,0,110,1333,67,80
680,1480,2160,0.314815,0.917,2.180708e+03,1.835311e-02,3.1885,3.3231,1,8,7,1333,66,80
681,1479,2160,0.315278,0.915,2.229057e+03,4.822528e-03,3.1867,3.3135,0,5,29,1332,66,80
682,1478,2160,0.315741,0.915,2.241636e+03,7.370744e-03,3.2412,3.329,0,9,49,1331,66,80
683,1477,2160,0.316204,0.918,2.247456e+03,5.447441e-03,3.1846,3.3225,0,1,102,1330,66,80
684,1476,2160,0.316667,0.918,2.257400e+03,8.051651e-03,3.1928,3.3219,0,7,87,1329,66,80
685,1475,2160,0.31713,0.918,2.269425e+03,5.450166e-03,3.1882,3.329,0,1,99,1328,66,80
686,1474,2160,0.317593,0.916,2.284248e+03,5.623105e-03,3.1872,3.3269,0,0,152,1327,66,80
687,1473,2160,0.318056,0.917,2.293255e+03,7.579171e-03,3.2006,3.322,0,9,7,1326,66,80
688,1472,2160,0.318519,0.918,2.305406e+03,5.994934e-03,3.1844,3.3328,0,4,141,1325,66,80
689,1471,2160,0.318981,0.917,2.331954e+03,7.742391e-03,3.1957,3.3259,0,9,97,1324,66,80
690,1470,2160,0.319444,0.918,2.356896e+03,5.013919e-03,3.1996,3.3282,0,5,132,1323,66,80
691,1469,2160,0.319907,0.918,2.370719e+03,5.737308e-03,3.1837,3.3326,0,8,187,1322,66,80
692,1468,2160,0.32037,0.918,2.388054e+03,7.875275e-03,3.2115,3.3352,0,9,114,1321,66,80
693,1467,2160,0.320833,0.918,2.400559e+03,5.593857e-03,3.2219,3.3208,0,1,152,1320,66,80
694,1466,2160,0.321296,0.918,2.402665e+03,4.901000e-03,3.204,3.3115,0,8,152,1319,66,80
695,1465,2160,0.321759,0.919,2.387953e+03,5.293957e-03,3.2122,3.3442,0,4,114,1318,66,80
696,1464,2160,0.322222,0.918,2.389145e+03,4.488508e-03,3.1839,3.3384,0,3,99,1317,66,80
697,1463,2160,0.322685,0.918,2.412745e+03,8.441007e-03,3.1917,3.2985,0,7,117,1316,66,80
698,1462,2160,0.323148,0.919,2.430668e+03,4.556547e-03,3.2117,3.3417,0,3,153,1315,66,80
699,1461,2160,0.323611,0.919,2.456791e+03,8.646597e-03,3.1891,3.3296,0,7,97,1314,66,80
700,1460,2160,0.324074,0.919,2.477886e+03,5.888229e-03,3.1888,3.3499,0,0,21,1313,66,80
701,1459,2160,0.324537,0.919,2.494896e+03,5.759782e-03,3.2001,3.3308,0,8,11,1312,66,80
702,1458,2160,0.325,0.92,2.515935e+03,8.630532e-03,3.1979,3.3394,0,7,35,1311,66,80
703,1457,2160,0.325463,0.921,2.540111e+03,5.184405e-03,3.2066,3.3414,0,6,99,1310,66,80
704,1456,2160,0.325926,0.92,2.562960e+03,5.799308e-03,3.2123,3.3327,0,0,132,1309,66,80
705,1455,2160,0.326389,0.918,2.579734e+03,5.792064e-03,3.2014,3.3285,0,1,88,1308,66,80
706,1454,2160,0.326852,0.919,2.593671e+03,8.091262e-03,3.1937,3.335,0,9,165,1307,66,80
707,1453,2160,0.327315,0.919,2.614319e+03,8.003645e-03,3.1868,3.3151,0,9,48,1306,66,80
708,1452,2160,0.327778,0.921,2.632224e+03,6.373286e-03,3.1973,3.3536,0,4,153,1305,66,80
709,1451,2160,0.328241,0.92,2.658194e+03,8.293308e-03,3.182,3.3278,0,9,144,1304,66,80
710,1450,2160,0.328704,0.919,2.676576e+03,5.214095e-03,3.2033,3.3281,0,5,84,1303,66,80
711,1449,2160,0.329167,0.919,2.711192e+03,9.149600e-03,3.1804,3.3235,0,7,26,1302,66,80
712,1448,2160,0.32963,0.919,2.741300e+03,6.091454e-03,3.1989,3.3458,0,1,130,1301,66,80
713,1447,2160,0.330093,0.92,2.761116e+03,6.556749e-03,3.1999,3.337,0,4,140,1300,66,80
714,1446,2160,0.330556,0.92,2.780638e+03,5.696107e-03,3.1886,3.3271,0,6,186,1299,66,80
715,1445,2160,0.331019,0.92,2.800981e+03,6.412714e-03,3.1916,3.3419,0,0,22,1298,66,80
716,1444,2160,0.331481,0.92,2.815998e+03,5.523417e-03,3.2165,3.3472,0,5,0,1297,66,80
717,1443,2160,0.331944,0.92,2.843973e+03,6.171102e-03,3.208,3.3381,0,8,70,1296,66,80
718,1442,2160,0.332407,0.92,2.871613e+03,6.359996e-03,3.2048,3.3109,0,0,88,1295,66,80
719,1441,2160,0.33287,0.919,2.881942e+03,4.983721e-03,3.1913,3.3215,0,3,25,1294,66,80
720,1440,2160,0.333333,0.919,2.920054e+03,9.487219e-03,3.1895,3.3468,0,7,170,1293,66,80
721,1439,2160,0.333796,0.918,2.947388e+03,6.237540e-03,3.2206,3.3275,0,8,26,1292,66,80
722,1438,2160,0.334259,0.92,2.969143e+03,4.956739e-03,3.2008,3.3258,0,3,155,1291,66,80
723,1437,2160,0.334722,0.919,3.004904e+03,6.195239e-03,3.2145,3.3327,0,8,155,1290,66,80
724,1436,2160,0.335185,0.919,3.014579e+03,6.983096e-03,3.2056,3.3378,0,4,30,1289,66,80
725,1435,2160,0.335648,0.919,3.035946e+03,9.628754e-03,3.197,3.3322,0,7,123,1288,66,80
726,1434,2160,0.336111,0.92,3.058073e+03,6.293921e-03,3.1807,3.3374,0,1,123,1287,66,80
727,1433,2160,0.336574,0.919,3.055367e+03,9.758610e-03,3.186,3.3236,0,7,138,1286,66,80
728,1432,2160,0.337037,0.919,3.077171e+03,8.689676e-03,3.1892,3.3245,0,9,153,1285,66,80
729,1431,2160,0.3375,0.919,3.106204e+03,9.345003e-03,3.1913,3.3077,0,7,101,1284,66,80
730,1430,2160,0.337963,0.92,3.124397e+03,7.045982e-03,3.1962,3.3078,0,4,111,1283,66,80
731,1429,2160,0.338426,0.919,3.145039e+03,6.917161e-03,3.2064,3.3411,0,4,1,1282,66,80
732,1428,2160,0.338889,0.92,3.166027e+03,5.624775e-03,3.2304,3.3314,0,0,1,1281,66,80
733,1427,2160,0.339352,0.921,3.143335e+03,5.670297e-03,3.1831,3.3479,0,5,80,1280,66,80
734,1426,2160,0.339815,0.921,3.166022e+03,5.826464e-03,3.1953,3.3415,0,6,194,1279,66,80
735,1425,2160,0.340278,0.92,3.207096e+03,6.575025e-03,3.2027,3.3302,0,0,38,1278,66,80
736,1424,2160,0.340741,0.922,3.228795e+03,6.345345e-03,3.2026,3.3292,0,4,38,1277,66,80
737,1423,2160,0.341204,0.922,3.219052e+03,5.262685e-03,3.1918,3.3333,0,3,129,1276,66,80
738,1422,2160,0.341667,0.922,3.255269e+03,7.043904e-03,3.2186,3.3459,0,4,151,1275,66,80
739,1421,2160,0.34213,0.922,3.281058e+03,9.913437e-03,3.2104,3.3305,0,7,153,1274,66,80
740,1420,2160,0.342593,0.92,3.312230e+03,6.937223e-03,3.1771,3.3185,0,4,16,1273,66,80
741,1419,2160,0.343056,0.92,3.351593e+03,5.781155e-03,3.1889,3.3258,0,5,26,1272,66,80
742,1418,2160,0.343519,0.92,3.370726e+03,9.907572e-03,3.2234,3.3242,0,7,133,1271,66,80
743,1417,2160,0.343981,0.919,3.392827e+03,9.913878e-03,3.2182,3.3374,0,7,112,1270,66,80
744,1416,2160,0.344444,0.919,3.418629e+03,6.578001e-03,3.2085,3.3141,0,1,101,1269,66,80
745,1415,2160,0.344907,0.919,3.436535e+03,6.066406e-03,3.2103,3.3267,0,6,182,1268,66,80
746,1414,2160,0.34537,0.919,3.473970e+03,6.162228e-03,3.1954,3.334,0,6,46,1267,66,80
747,1413,2160,0.345833,0.919,3.493706e+03,6.636403e-03,3.2069,3.3225,0,8,112,1266,66,80
748,1412,2160,0.346296,0.919,3.505170e+03,9.183307e-03,3.2178,3.3287,0,9,175,1265,66,80
749,1411,2160,0.346759,0.919,3.521036e+03,5.936623e-03,3.2502,3.3376,0,1,112,1264,66,80
750,1410,2160,0.347222,0.92,3.508609e+03,9.153521e-03,3.1953,3.3302,0,9,170,1263,66,80
751,1409,2160,0.347685,0.92,3.532691e+03,5.329975e-03,3.1911,3.3372,0,3,83,1262,66,80
752,1408,2160,0.348148,0.92,3.566858e+03,5.963054e-03,3.1803,3.3431,0,5,177,1261,66,80
753,1407,2160,0.348611,0.92,3.587244e+03,9.156596e-03,3.2021,3.3321,0,9,57,1260,66,80
754,1406,2160,0.349074,0.92,3.607538e+03,5.335209e-03,3.1849,3.3349,0,3,184,1259,66,80
755,1405,2160,0.349537,0.92,3.651982e+03,6.527440e-03,3.2111,3.3296,0,8,28,1258,66,80
756,1404,2160,0.35,0.919,3.696046e+03,1.002737e-02,3.2025,3.3004,0,7,169,1257,66,80
757,1403,2160,0.350463,0.919,3.738092e+03,6.655648e-03,3.1974,3.3241,0,0,169,1256,66,80
758,1402,2160,0.350926,0.919,3.775617e+03,5.283683e-03,3.2116,3.3134,0,3,110,1255,66,80
759,1401,2160,0.351389,0.92,3.813468e+03,6.267865e-03,3.182,3.3314,0,6,51,1254,66,80
760,1400,2160,0.351852,0.922,3.839968e+03,9.220168e-03,3.2158,3.3254,0,9,31,1253,66,80
761,1399,2160,0.352315,0.92,3.868672e+03,6.809461e-03,3.1947,3.3251,0,0,31,1252,66,80
762,1398,2160,0.352778,0.921,3.893248e+03,9.078784e-03,3.2017,3.3154,0,9,55,1251,66,80
763,1397,2160,0.353241,0.921,3.928952e+03,6.263398e-03,3.207,3.3425,0,6,38,1250,66,80
764,1396,2160,0.353704,0.92,3.957093e+03,6.621254e-03,3.2263,3.3432,0,8,99,1249,66,80
765,1395,2160,0.354167,0.92,4.004872e+03,7.392731e-03,3.2123,3.3414,0,4,85,1248,66,80
766,1394,2160,0.35463,0.92,4.033251e+03,6.693032e-03,3.1968,3.3429,0,1,85,1247,66,80
767,1393,2160,0.355093,0.92,4.076384e+03,6.610465e-03,3.2159,3.3351,0,8,169,1246,66,80
768,1392,2160,0.355556,0.921,4.123524e+03,7.245995e-03,3.2067,3.3326,0,4,43,1245,66,80
769,1391,2160,0.356019,0.92,4.173614e+03,5.407308e-03,3.211,3.3338,0,3,120,1244,66,80
770,1390,2160,0.356481,0.92,4.202063e+03,6.916463e-03,3.2147,3.3449,0,0,160,1243,66,80
771,1389,2160,0.356944,0.922,4.218698e+03,7.672455e-03,3.2257,3.34,0,4,92,1242,66,80
772,1388,2160,0.357407,0.92,4.237398e+03,7.446498e-03,3.2146,3.3374,0,4,167,1241,66,80
773,1387,2160,0.35787,0.92,4.259597e+03,1.067994e-02,3.1938,3.3146,0,7,29,1240,66,80
774,1386,2160,0.358333,0.92,4.296863e+03,9.444731e-03,3.1918,3.333,0,9,138,1239,66,80
775,1385,2160,0.358796,0.919,4.318906e+03,6.314713e-03,3.1667,3.3177,0,1,138,1238,66,80
776,1384,2160,0.359259,0.919,4.313625e+03,1.029669e-02,3.1871,3.3303,0,7,85,1237,66,80
777,1383,2160,0.359722,0.92,4.342334e+03,9.438761e-03,3.1901,3.3268,0,9,14,1236,66,80
778,1382,2160,0.360185,0.921,4.371424e+03,6.452429e-03,3.2122,3.3397,0,6,16,1235,66,80
779,1381,2160,0.360648,0.921,4.397404e+03,9.568637e-03,3.1809,3.3337,0,9,92,1234,66,80
780,1380,2160,0.361111,0.921,4.420717e+03,1.052688e-02,3.2189,3.3442,0,7,2,1233,66,80
781,1379,2160,0.361574,0.921,4.462558e+03,6.872358e-03,3.2123,3.3296,0,1,74,1232,66,80
782,1378,2160,0.362037,0.921,4.484858e+03,7.638277e-03,3.2077,3.336,0,4,163,1231,66,80
783,1377,2160,0.3625,0.92,4.503929e+03,1.053731e-02,3.2314,3.3102,0,7,190,1230,66,80
784,1376,2160,0.362963,0.919,4.527380e+03,1.070032e-02,3.1928,3.3331,0,7,60,1229,66,80
785,1375,2160,0.363426,0.921,4.558466e+03,9.541977e-03,3.1996,3.3516,0,9,50,1228,66,80
786,1374,2160,0.363889,0.92,4.580413e+03,9.434198e-03,3.2142,3.3378,0,9,195,1227,66,80
787,1373,2160,0.364352,0.92,4.605297e+03,5.057911e-03,3.2217,3.3314,0,3,195,1226,66,80
788,1372,2160,0.364815,0.92,4.626698e+03,6.957628e-03,3.1907,3.3197,0,1,8,1225,66,80
789,1371,2160,0.365278,0.92,4.668653e+03,5.955391e-03,3.1817,3.3293,0,8,8,1224,66,80
790,1370,2160,0.365741,0.92,4.657807e+03,5.679379e-03,3.1903,3.3473,0,3,89,1223,66,80
791,1369,2160,0.366204,0.92,4.689338e+03,6.988755e-03,3.1931,3.3464,0,1,31,1222,66,80
792,1368,2160,0.366667,0.921,4.709433e+03,9.641711e-03,3.1804,3.3186,0,9,72,1221,66,80
793,1367,2160,0.36713,0.921,4.732402e+03,9.428574e-03,3.2048,3.3422,0,9,18,1220,66,80
794,1366,2160,0.367593,0.921,4.759748e+03,7.059294e-03,3.1991,3.3254,0,1,104,1219,66,80
795,1365,2160,0.368056,0.921,4.780455e+03,9.486538e-03,3.2171,3.343,0,9,159,1218,66,80
796,1364,2160,0.368519,0.921,4.799305e+03,6.688460e-03,3.2029,3.342,0,8,18,1217,66,80
797,1363,2160,0.368981,0.921,4.819855e+03,6.200777e-03,3.2062,3.3495,0,5,181,1216,66,80
798,1362,2160,0.369444,0.921,4.860885e+03,6.670921e-03,3.2157,3.3167,0,6,4,1215,66,80
799,1361,2160,0.369907,0.921,4.884720e+03,6.687504e-03,3.2036,3.3289,0,6,151,1214,66,80
800,1360,2160,0.37037,0.921,4.906979e+03,7.059871e-03,3.1854,3.3345,0,8,134,1213,66,80
801,1359,2160,0.370833,0.921,4.943374e+03,7.121043e-03,3.2024,3.345,0,0,146,1212,66,80
802,1358,2160,0.371296,0.922,4.963725e+03,7.376351e-03,3.2203,3.3299,0,0,35,1211,66,80
803,1357,2160,0.371759,0.922,5.001449e+03,6.334135e-03,3.2312,3.3298,0,5,186,1210,66,80
804,1356,2160,0.372222,0.922,5.029095e+03,5.628728e-03,3.2106,3.3258,0,3,181,1209,66,80
805,1355,2160,0.372685,0.922,5.084275e+03,6.640872e-03,3.206,3.3289,0,6,69,1208,66,80
806,1354,2160,0.373148,0.923,5.133928e+03,8.129627e-03,3.2085,3.3354,0,4,72,1207,66,80
807,1353,2160,0.373611,0.923,5.168277e+03,1.108670e-02,3.1903,3.3305,0,7,188,1206,66,80
808,1352,2160,0.374074,0.923,5.199977e+03,7.460787e-03,3.1948,3.3373,0,0,6,1205,66,80
809,1351,2160,0.374537,0.923,5.224118e+03,5.852283e-03,3.1889,3.3365,0,3,193,1204,66,80
810,1350,2160,0.375,0.923,5.266359e+03,1.142759e-02,3.1906,3.3359,1,4,9,1204,65,80
811,1349,2160,0.375463,0.923,5.287951e+03,6.856730e-03,3.1994,3.3462,1,9,0,1204,64,80
812,1348,2160,0.375926,0.922,5.259175e+03,7.895966e-03,3.1973,3.3321,0,4,59,1203,64,80
813,1347,2160,0.376389,0.922,5.295467e+03,7.433091e-03,3.1973,3.3368,0,1,94,1202,64,80
814,1346,2160,0.376852,0.921,5.315855e+03,7.586751e-03,3.1939,3.3392,0,0,25,1201,64,80
815,1345,2160,0.377315,0.921,5.349336e+03,6.954401e-03,3.1993,3.3414,0,6,28,1200,64,80
816,1344,2160,0.377778,0.921,5.378674e+03,1.040738e-02,3.2429,3.3439,0,9,77,1199,64,80
817,1343,2160,0.378241,0.921,5.403771e+03,9.985024e-03,3.2076,3.336,0,9,5,1198,64,80
818,1342,2160,0.378704,0.921,5.448370e+03,7.352151e-03,3.1775,3.3387,0,1,18,1197,64,80
819,1341,2160,0.379167,0.922,5.496241e+03,1.089532e-02,3.1954,3.3254,0,7,5,1196,64,80
820,1340,2160,0.37963,0.921,5.505801e+03,7.694078e-03,3.2131,3.3247,0,0,40,1195,64,80
821,1339,2160,0.380093,0.921,5.557885e+03,5.996636e-03,3.1865,3.3435,0,3,24,1194,64,80
822,1338,2160,0.380556,0.921,5.603993e+03,1.160008e-02,3.1961,3.3351,0,7,12,1193,64,80
823,1337,2160,0.381019,0.922,5.654366e+03,7.785340e-03,3.1971,3.3136,0,0,83,1192,64,80
824,1336,2160,0.381481,0.923,5.685698e+03,6.065060e-03,3.1874,3.3394,0,3,11,1191,64,80
825,1335,2160,0.381944,0.923,5.727038e+03,7.470506e-03,3.2189,3.3416,0,8,55,1190,64,80
826,1334,2160,0.382407,0.923,5.779312e+03,6.325004e-03,3.1963,3.3547,0,6,11,1189,64,80
827,1333,2160,0.38287,0.922,5.788402e+03,1.142443e-02,3.2321,3.3451,0,7,24,1188,64,80
828,1332,2160,0.383333,0.922,5.833311e+03,5.951610e-03,3.1952,3.3358,0,3,0,1187,64,80
829,1331,2160,0.383796,0.922,5.901021e+03,7.718128e-03,3.2096,3.3182,0,1,135,1186,64,80
830,1330,2160,0.384259,0.922,5.935046e+03,7.975061e-03,3.1802,3.339,0,0,44,1185,64,80
831,1329,2160,0.384722,0.922,5.981960e+03,6.765753e-03,3.193,3.3228,0,5,194,1184,64,80
832,1328,2160,0.385185,0.922,6.031752e+03,6.756107e-03,3.1848,3.34,0,5,38,1183,64,80
833,1327,2160,0.385648,0.922,6.071513e+03,7.859897e-03,3.1936,3.3547,0,1,44,1182,64,80
834,1326,2160,0.386111,0.922,6.066019e+03,1.080031e-02,3.2058,3.3272,0,9,190,1181,64,80
835,1325,2160,0.386574,0.923,6.083946e+03,1.058719e-02,3.1995,3.331,0,9,180,1180,64,80
836,1324,2160,0.387037,0.923,6.116124e+03,7.871576e-03,3.2033,3.3221,0,8,24,1179,64,80
837,1323,2160,0.3875,0.923,6.133504e+03,8.728036e-03,3.1957,3.3282,0,4,187,1178,64,80
838,1322,2160,0.387963,0.922,6.157336e+03,1.269636e-02,3.221,3.3294,0,7,72,1177,64,80
839,1321,2160,0.388426,0.923,6.201653e+03,1.206645e-02,3.1927,3.3338,0,7,158,1176,64,80
840,1320,2160,0.388889,0.923,6.243269e+03,1.237245e-02,3.18,3.3422,0,7,183,1175,64,80
841,1319,2160,0.389352,0.923,6.294068e+03,8.242440e-03,3.1868,3.3409,0,0,58,1174,64,80
842,1318,2160,0.389815,0.923,6.326392e+03,8.597088e-03,3.1952,3.3317,0,4,73,1173,64,80
843,1317,2160,0.390278,0.923,6.367336e+03,1.223186e-02,3.194,3.3358,0,7,187,1172,64,80
844,1316,2160,0.390741,0.923,6.397384e+03,7.382702e-03,3.2147,3.3166,0,6,97,1171,64,80
845,1315,2160,0.391204,0.923,6.441394e+03,1.069044e-02,3.2008,3.3312,0,9,113,1170,64,80
846,1314,2160,0.391667,0.923,6.474219e+03,6.883974e-03,3.18,3.3201,0,5,43,1169,64,80
847,1313,2160,0.39213,0.923,6.515711e+03,6.950760e-03,3.1952,3.3337,0,5,140,1168,64,80
848,1312,2160,0.392593,0.923,6.548612e+03,8.005795e-03,3.1796,3.3138,0,0,158,1167,64,80
849,1311,2160,0.393056,0.923,6.547507e+03,8.725928e-03,3.1837,3.3439,0,4,136,1166,64,80
850,1310,2160,0.393519,0.923,6.564403e+03,9.065065e-03,3.1995,3.3235,0,4,78,1165,64,80
851,1309,2160,0.393981,0.923,6.590042e+03,7.839852e-03,3.1873,3.3262,0,0,78,1164,64,80
852,1308,2160,0.394444,0.922,6.561525e+03,8.412409e-03,3.1961,3.3229,0,4,83,1163,64,80
853,1307,2160,0.394907,0.923,6.625249e+03,7.842174e-03,3.1856,3.3394,0,8,86,1162,64,80
854,1306,2160,0.39537,0.923,6.660201e+03,8.002992e-03,3.1923,3.35,0,1,75,1161,64,80
855,1305,2160,0.395833,0.921,6.688108e+03,1.084125e-02,3.1811,3.3118,0,9,23,1160,64,80
856,1304,2160,0.396296,0.922,6.709147e+03,1.073086e-02,3.1715,3.3242,0,9,95,1159,64,80
857,1303,2160,0.396759,0.922,6.734070e+03,1.106299e-02,3.1841,3.3347,0,9,6,1158,64,80
858,1302,2160,0.397222,0.922,6.775575e+03,8.727486e-03,3.2162,3.3403,0,4,90,1157,64,80
859,1301,2160,0.397685,0.922,6.790838e+03,8.183250e-03,3.211,3.3351,0,0,164,1156,64,80
860,1300,2160,0.398148,0.922,6.811094e+03,8.045598e-03,3.2287,3.3473,0,8,42,1155,64,80
861,1299,2160,0.398611,0.922,6.864841e+03,7.154868e-03,3.2061,3.3312,0,6,42,1154,64,80
862,1298,2160,0.399074,0.922,6.875920e+03,8.538809e-03,3.1776,3.3412,0,4,6,1153,64,80
863,1297,2160,0.399537,0.921,6.916887e+03,8.098181e-03,3.1951,3.3362,0,8,50,1152,64,80
864,1296,2160,0.4,0.921,6.963707e+03,8.024210e-03,3.2037,3.3354,0,8,7,1151,64,80
865,1295,2160,0.400463,0.921,7.006562e+03,8.038459e-03,3.2066,3.3351,0,1,181,1150,64,80
866,1294,2160,0.400926,0.922,7.082219e+03,8.432896e-03,3.1883,3.3352,0,0,98,1149,64,80
867,1293,2160,0.401389,0.922,7.134323e+03,1.270074e-02,3.2,3.3377,0,7,42,1148,64,80
868,1292,2160,0.401852,0.923,7.181675e+03,8.303287e-03,3.1976,3.3284,0,1,22,1147,64,80
869,1291,2160,0.402315,0.922,7.221095e+03,7.372849e-03,3.2074,3.3302,0,5,63,1146,64,80
870,1290,2160,0.402778,0.923,7.244188e+03,8.166795e-03,3.198,3.3263,0,8,192,1145,64,80
871,1289,2160,0.403241,0.923,7.307170e+03,8.226878e-03,3.2143,3.3037,0,8,156,1144,64,80
872,1288,2160,0.403704,0.923,7.346428e+03,7.373833e-03,3.1987,3.3335,0,5,167,1143,64,80
873,1287,2160,0.404167,0.923,7.380460e+03,8.449803e-03,3.221,3.3299,0,1,116,1142,64,80
874,1286,2160,0.40463,0.923,7.395327e+03,9.127528e-03,3.189,3.3367,0,4,192,1141,64,80
875,1285,2160,0.405093,0.923,7.424996e+03,8.208186e-03,3.1896,3.328,0,0,167,1140,64,80
876,1284,2160,0.405556,0.923,7.455776e+03,8.327858e-03,3.2028,3.333,0,1,154,1139,64,80
877,1283,2160,0.406019,0.923,7.508855e+03,6.899847e-03,3.2073,3.333,0,8,154,1138,64,80
878,1282,2160,0.406481,0.923,7.479663e+03,8.730986e-03,3.1965,3.3197,0,0,64,1137,64,80
879,1281,2160,0.406944,0.923,7.519508e+03,8.807517e-03,3.1948,3.3281,0,0,47,1136,64,80
880,1280,2160,0.407407,0.923,7.551034e+03,7.940433e-03,3.1817,3.3322,0,6,164,1135,64,80
881,1279,2160,0.40787,0.923,7.583549e+03,1.327011e-02,3.1971,3.3251,0,7,156,1134,64,80
882,1278,2160,0.408333,0.923,7.608674e+03,9.228704e-03,3.1854,3.3388,0,4,34,1133,64,80
883,1277,2160,0.408796,0.923,7.661234e+03,7.383960e-03,3.2091,3.3257,0,5,64,1132,64,80
884,1276,2160,0.409259,0.923,7.686136e+03,9.413277e-03,3.1817,3.3342,0,4,139,1131,64,80
885,1275,2160,0.409722,0.922,7.726798e+03,7.498156e-03,3.1997,3.3308,0,0,139,1130,64,80
886,1274,2160,0.410185,0.922,7.681888e+03,8.092819e-03,3.2066,3.3315,0,6,123,1129,64,80
887,1273,2160,0.410648,0.921,7.727232e+03,8.737514e-03,3.1981,3.334,0,0,36,1128,64,80
888,1272,2160,0.411111,0.922,7.757713e+03,8.865274e-03,3.1806,3.3319,0,0,57,1127,64,80
889,1271,2160,0.411574,0.922,7.782281e+03,1.340414e-02,3.1885,3.3421,0,7,174,1126,64,80
890,1270,2160,0.412037,0.921,7.820473e+03,7.434756e-03,3.202,3.3377,0,5,123,1125,64,80
891,1269,2160,0.4125,0.921,7.860540e+03,7.462878e-03,3.1998,3.3455,0,5,53,1124,64,80
892,1268,2160,0.412963,0.922,7.895488e+03,7.774051e-03,3.2081,3.3265,0,6,57,1123,64,80
893,1267,2160,0.413426,0.922,7.949987e+03,1.366087e-02,3.1975,3.323,0,7,168,1122,64,80
894,1266,2160,0.413889,0.921,8.008517e+03,1.306361e-02,3.2433,3.3177,0,7,27,1121,64,80
895,1265,2160,0.414352,0.924,8.073094e+03,7.742460e-03,3.1926,3.3386,0,1,168,1120,64,80
896,1264,2160,0.414815,0.923,8.105582e+03,1.163339e-02,3.2069,3.3394,0,9,146,1119,64,80
897,1263,2160,0.415278,0.924,8.153107e+03,1.176565e-02,3.2056,3.3302,0,9,173,1118,64,80
898,1262,2160,0.415741,0.924,8.193377e+03,7.650801e-03,3.2547,3.3282,0,5,187,1117,64,80
899,1261,2160,0.416204,0.922,8.234185e+03,9.096784e-03,3.2164,3.35,0,0,157,1116,64,80
900,1260,2160,0.416667,0.923,8.279708e+03,9.669942e-03,3.2065,3.3465,0,4,126,1115,64,80
901,1259,2160,0.41713,0.923,8.318900e+03,8.699687e-03,3.1994,3.3437,0,1,14,1114,64,80
902,1258,2160,0.417593,0.922,8.371368e+03,8.057296e-03,3.1895,3.3299,0,8,14,1113,64,80
903,1257,2160,0.418056,0.922,8.336969e+03,9.717122e-03,3.192,3.3263,0,4,42,1112,64,80
904,1256,2160,0.418519,0.922,8.393463e+03,8.672966e-03,3.2072,3.3276,0,1,97,1111,64,80
905,1255,2160,0.418981,0.922,8.454876e+03,8.921398e-03,3.2189,3.3481,0,8,89,1110,64,80
906,1254,2160,0.419444,0.923,8.493567e+03,8.323900e-03,3.194,3.3378,0,0,42,1109,64,80
907,1253,2160,0.419907,0.923,8.510389e+03,7.577963e-03,3.219,3.3461,0,5,55,1108,64,80
908,1252,2160,0.42037,0.921,8.597786e+03,8.208847e-03,3.2185,3.3397,0,6,112,1107,64,80
909,1251,2160,0.420833,0.923,8.687494e+03,8.965840e-03,3.2193,3.326,0,0,126,1106,64,80
910,1250,2160,0.421296,0.923,8.767754e+03,7.120476e-03,3.2391,3.3325,0,3,55,1105,64,80
911,1249,2160,0.421759,0.922,8.803508e+03,1.430292e-02,3.2017,3.3355,0,7,45,1104,64,80
912,1248,2160,0.422222,0.922,8.859474e+03,1.248389e-02,3.2116,3.3176,0,9,4,1103,64,80
913,1247,2160,0.422685,0.922,8.915159e+03,9.714693e-03,3.1916,3.3384,0,4,10,1102,64,80
914,1246,2160,0.423148,0.923,9.006051e+03,7.565653e-03,3.223,3.355,0,5,112,1101,64,80
915,1245,2160,0.423611,0.923,9.102043e+03,7.063163e-03,3.2169,3.3341,0,3,80,1100,64,80
916,1244,2160,0.424074,0.923,9.169519e+03,1.412985e-02,3.1931,3.3248,0,7,28,1099,64,80
917,1243,2160,0.424537,0.922,9.235851e+03,1.193952e-02,3.1865,3.3293,0,9,112,1098,64,80
918,1242,2160,0.425,0.921,9.274472e+03,7.888727e-03,3.2157,3.3297,0,5,108,1097,64,80
919,1241,2160,0.425463,0.922,9.333037e+03,1.487438e-02,3.2058,3.3318,0,7,109,1096,64,80
920,1240,2160,0.425926,0.922,9.393944e+03,8.899768e-03,3.1924,3.3129,0,1,157,1095,64,80
921,1239,2160,0.426389,0.921,9.454602e+03,9.013013e-03,3.2035,3.3299,0,8,158,1094,64,80
922,1238,2160,0.426852,0.921,9.523332e+03,9.374784e-03,3.1982,3.3417,0,0,2,1093,64,80
923,1237,2160,0.427315,0.922,9.586102e+03,1.234466e-02,3.1939,3.3317,0,9,37,1092,64,80
924,1236,2160,0.427778,0.922,9.617757e+03,7.335789e-03,3.1785,3.3209,0,3,93,1091,64,80
925,1235,2160,0.428241,0.922,9.674619e+03,9.825190e-03,3.1993,3.3252,0,4,37,1090,64,80
926,1234,2160,0.428704,0.922,9.669629e+03,8.139527e-03,3.1958,3.3344,0,5,122,1089,64,80
927,1233,2160,0.429167,0.921,9.692196e+03,9.133218e-03,3.1996,3.3323,0,8,16,1088,64,80
928,1232,2160,0.42963,0.92,9.769740e+03,8.160428e-03,3.2013,3.3196,0,5,144,1087,64,80
929,1231,2160,0.430093,0.921,9.802204e+03,8.757451e-03,3.2264,3.3119,0,0,144,1086,64,80
930,1230,2160,0.430556,0.922,9.783361e+03,8.546969e-03,3.213,3.352,0,6,122,1085,64,80
931,1229,2160,0.431019,0.921,9.821167e+03,9.452621e-03,3.2004,3.351,0,4,2,1084,64,80
932,1228,2160,0.431481,0.921,9.863667e+03,8.324554e-03,3.1909,3.3325,0,6,157,1083,64,80
933,1227,2160,0.431944,0.921,9.910456e+03,8.790474e-03,3.2021,3.3434,0,1,109,1082,64,80
934,1226,2160,0.432407,0.921,9.935337e+03,7.686485e-03,3.2142,3.3455,0,5,28,1081,64,80
935,1225,2160,0.43287,0.921,9.978208e+03,7.788839e-03,3.1968,3.3199,0,5,169,1080,64,80
936,1224,2160,0.433333,0.921,1.006676e+04,9.146503e-03,3.1935,3.337,0,8,178,1079,64,80
937,1223,2160,0.433796,0.92,1.012367e+04,1.018052e-02,3.1972,3.3348,0,4,134,1078,64,80
938,1222,2160,0.434259,0.921,1.015614e+04,8.280345e-03,3.2032,3.3283,0,5,37,1077,64,80
939,1221,2160,0.434722,0.921,1.017225e+04,7.990057e-03,3.2222,3.3163,0,6,37,1076,64,80
940,1220,2160,0.435185,0.92,1.015777e+04,7.851967e-03,3.2145,3.3291,0,6,178,1075,64,80
941,1219,2160,0.435648,0.921,1.020427e+04,7.797630e-03,3.2398,3.3474,0,5,185,1074,64,80
942,1218,2160,0.436111,0.921,1.027611e+04,9.317531e-03,3.1895,3.3386,0,0,96,1073,64,80
943,1217,2160,0.436574,0.921,1.031699e+04,9.110322e-03,3.2056,3.3483,0,1,45,1072,64,80
944,1216,2160,0.437037,0.92,1.034085e+04,8.757211e-03,3.1926,3.3396,0,6,13,1071,64,80
945,1215,2160,0.4375,0.921,1.038713e+04,9.640900e-03,3.1975,3.3297,0,4,96,1070,64,80
946,1214,2160,0.437963,0.921,1.041008e+04,6.168190e-03,3.207,3.3311,0,3,13,1069,64,80
947,1213,2160,0.438426,0.921,1.045215e+04,1.243701e-02,3.2149,3.3153,0,9,68,1068,64,80
948,1212,2160,0.438889,0.921,1.050111e+04,8.902576e-03,3.1963,3.3323,0,1,98,1067,64,80
949,1211,2160,0.439352,0.921,1.057390e+04,8.982707e-03,3.192,3.3291,0,8,153,1066,64,80
950,1210,2160,0.439815,0.921,1.066718e+04,8.142589e-03,3.1959,3.333,0,6,153,1065,64,80
951,1209,2160,0.440278,0.921,1.071305e+04,8.675743e-03,3.2353,3.3379,0,6,109,1064,64,80
952,1208,2160,0.440741,0.921,1.076928e+04,8.743836e-03,3.1964,3.3222,0,6,98,1063,64,80
953,1207,2160,0.441204,0.921,1.080538e+04,8.941412e-03,3.2149,3.3399,0,6,176,1062,64,80
954,1206,2160,0.441667,0.921,1.085596e+04,8.585793e-03,3.2128,3.3361,0,6,84,1061,64,80
955,1205,2160,0.44213,0.921,1.095829e+04,8.854470e-03,3.2049,3.3131,0,6,154,1060,64,80
956,1204,2160,0.442593,0.92,1.103542e+04,7.611259e-03,3.1982,3.3395,0,3,81,1059,64,80
957,1203,2160,0.443056,0.92,1.109645e+04,8.160892e-03,3.1917,3.3345,0,5,145,1058,64,80
958,1202,2160,0.443519,0.92,1.112999e+04,9.699299e-03,3.201,3.3137,0,0,45,1057,64,80
959,1201,2160,0.443981,0.921,1.117008e+04,7.647481e-03,3.212,3.3362,0,3,106,1056,64,80
960,1200,2160,0.444444,0.92,1.121620e+04,1.302460e-02,3.2098,3.3446,0,9,154,1055,64,80
961,1199,2160,0.444907,0.921,1.129307e+04,1.011857e-02,3.1984,3.3303,0,4,36,1054,64,80
962,1198,2160,0.44537,0.921,1.136953e+04,1.491489e-02,3.2324,3.3268,0,7,182,1053,64,80
963,1197,2160,0.445833,0.921,1.143387e+04,9.435419e-03,3.1928,3.3281,0,8,139,1052,64,80
964,1196,2160,0.446296,0.921,1.149566e+04,1.276028e-02,3.1879,3.3346,0,9,94,1051,64,80
965,1195,2160,0.446759,0.921,1.153630e+04,8.430038e-03,3.195,3.3271,0,5,23,1050,64,80
966,1194,2160,0.447222,0.921,1.157048e+04,9.109327e-03,3.2192,3.325,0,1,139,1049,64,80
967,1193,2160,0.447685,0.921,1.156430e+04,1.013990e-02,3.2297,3.2995,0,4,182,1048,64,80
968,1192,2160,0.448148,0.92,1.161650e+04,7.963978e-03,3.2096,3.3544,0,5,88,1047,64,80
969,1191,2160,0.448611,0.92,1.168304e+04,1.474138e-02,3.1883,3.3314,0,7,54,1046,64,80
970,1190,2160,0.449074,0.92,1.173019e+04,1.499138e-02,3.1891,3.334,0,7,82,1045,64,80
971,1189,2160,0.449537,0.92,1.178063e+04,9.175937e-03,3.1947,3.3163,0,1,117,1044,64,80
972,1188,2160,0.45,0.92,1.181177e+04,9.527879e-03,3.1943,3.3282,0,8,125,1043,64,80
973,1187,2160,0.450463,0.92,1.187830e+04,8.345240e-03,3.2115,3.3359,0,5,142,1042,64,80
974,1186,2160,0.450926,0.92,1.189988e+04,8.377005e-03,3.2021,3.3357,0,5,141,1041,64,80
975,1185,2160,0.451389,0.92,1.194690e+04,9.467284e-03,3.2101,3.3337,0,8,0,1040,64,80
976,1184,2160,0.451852,0.921,1.203378e+04,1.592243e-02,3.1993,3.3507,0,7,178,1039,64,80
977,1183,2160,0.452315,0.921,1.210895e+04,1.355542e-02,3.2152,3.3242,0,9,124,1038,64,80
978,1182,2160,0.452778,0.921,1.216827e+04,1.307591e-02,3.2159,3.3414,0,9,152,1037,64,80
979,1181,2160,0.453241,0.921,1.223297e+04,1.054312e-02,3.2047,3.3228,0,4,137,1036,64,80
980,1180,2160,0.453704,0.921,1.227320e+04,1.349334e-02,3.2243,3.3302,0,9,53,1035,64,80
981,1179,2160,0.454167,0.921,1.231303e+04,1.365990e-02,3.2084,3.329,0,9,115,1034,64,80
982,1178,2160,0.45463,0.921,1.235545e+04,9.608193e-03,3.2021,3.3319,0,8,141,1033,64,80
983,1177,2160,0.455093,0.92,1.239194e+04,8.895216e-03,3.1993,3.3441,0,6,53,1032,64,80
984,1176,2160,0.455556,0.921,1.243906e+04,9.440793e-03,3.2052,3.3227,0,6,150,1031,64,80
985,1175,2160,0.456019,0.922,1.248175e+04,8.721844e-03,3.1985,3.3274,0,5,66,1030,64,80
986,1174,2160,0.456481,0.922,1.251048e+04,8.609725e-03,3.2167,3.3309,0,5,71,1029,64,80
987,1173,2160,0.456944,0.922,1.257110e+04,8.516398e-03,3.223,3.334,0,5,61,1028,64,80
988,1172,2160,0.457407,0.922,1.260191e+04,1.091099e-02,3.2145,3.3292,0,4,178,1027,64,80
989,1171,2160,0.45787,0.922,1.264373e+04,1.398064e-02,3.2116,3.3243,0,9,22,1026,64,80
990,1170,2160,0.458333,0.922,1.269103e+04,8.051963e-03,3.1971,3.3133,0,5,22,1025,64,80
991,1169,2160,0.458796,0.922,1.274860e+04,1.386920e-02,3.2013,3.3521,0,9,45,1024,64,80
992,1168,2160,0.459259,0.921,1.280408e+04,8.171617e-03,3.2054,3.3268,0,3,179,1023,64,80
993,1167,2160,0.459722,0.921,1.287534e+04,9.650688e-03,3.2023,3.3175,0,6,43,1022,64,80
994,1166,2160,0.460185,0.921,1.294704e+04,8.676223e-03,3.1848,3.3463,0,5,100,1021,64,80
995,1165,2160,0.460648,0.921,1.299739e+04,9.506779e-03,3.1851,3.3199,0,6,22,1020,64,80
996,1164,2160,0.461111,0.922,1.301738e+04,7.787752e-03,3.2196,3.3356,0,3,30,1019,64,80
997,1163,2160,0.461574,0.921,1.311666e+04,2.858494e-03,3.2068,3.3379,1,7,3,1019,63,80
998,1162,2160,0.462037,0.921,1.307964e+04,9.300680e-03,3.1905,3.3066,0,6,10,1018,63,80
999,1161,2160,0.4625,0.921,1.320085e+04,8.832490e-03,3.2007,3.3468,0,5,56,1017,63,80
1000,1160,2160,0.462963,0.921,1.325065e+04,9.711524e-03,3.2116,3.3495,0,1,30,1016,63,80
1001,1159,2160,0.463426,0.921,1.327463e+04,1.615675e-02,3.2088,3.3409,0,7,48,1015,63,80
1002,1158,2160,0.463889,0.921,1.333072e+04,1.659478e-02,3.1874,3.3442,0,7,132,1014,63,80
1003,1157,2160,0.464352,0.921,1.340077e+04,1.028595e-02,3.2014,3.3393,0,0,7,1013,63,80
1004,1156,2160,0.464815,0.921,1.346131e+04,2.076442e-02,3.2181,3.3356,1,2,6,1013,62,80
1005,1155,2160,0.465278,0.922,1.350812e+04,1.413132e-02,3.1989,3.3368,0,9,106,1012,62,80
1006,1154,2160,0.465741,0.924,1.353169e+04,1.390958e-02,3.2266,3.3343,0,9,140,1011,62,80
1007,1153,2160,0.466204,0.923,1.361893e+04,1.004369e-02,3.2099,3.3303,0,0,48,1010,62,80
1008,1152,2160,0.466667,0.922,1.363199e+04,1.007754e-02,3.2082,3.336,0,1,77,1009,62,80
1009,1151,2160,0.46713,0.922,1.365710e+04,8.748839e-03,3.2378,3.3304,0,5,25,1008,62,80
1010,1150,2160,0.467593,0.922,1.376694e+04,1.634778e-02,3.1935,3.3262,0,7,41,1007,62,80
1011,1149,2160,0.468056,0.921,1.385459e+04,1.081521e-02,3.1951,3.3353,0,0,172,1006,62,80
1012,1148,2160,0.468519,0.922,1.390413e+04,1.442620e-02,3.2107,3.3224,0,9,75,1005,62,80
1013,1147,2160,0.468981,0.92,1.396055e+04,9.711564e-03,3.1959,3.3499,0,8,75,1004,62,80
1014,1146,2160,0.469444,0.918,1.398882e+04,1.069046e-02,3.2084,3.3419,0,8,63,1003,62,80
1015,1145,2160,0.469907,0.92,1.405792e+04,9.645267e-03,3.2292,3.3221,0,1,41,1002,62,80
1016,1144,2160,0.47037,0.921,1.416850e+04,1.456298e-02,3.2036,3.32,0,9,128,1001,62,80
1017,1143,2160,0.470833,0.921,1.423123e+04,1.066417e-02,3.186,3.3263,0,8,132,1000,62,80
1018,1142,2160,0.471296,0.92,1.428443e+04,9.206862e-03,3.1902,3.3382,0,5,73,999,62,80
1019,1141,2160,0.471759,0.92,1.434121e+04,9.963731e-03,3.199,3.3425,0,6,5,998,62,80
1020,1140,2160,0.472222,0.921,1.445637e+04,1.002432e-02,3.2047,3.3402,0,8,5,997,62,80
1021,1139,2160,0.472685,0.92,1.452556e+04,8.869249e-03,3.2065,3.3444,0,5,128,996,62,80
1022,1138,2160,0.473148,0.921,1.455773e+04,8.094025e-03,3.2046,3.3328,0,3,41,995,62,80
1023,1137,2160,0.473611,0.921,1.464846e+04,1.438282e-02,3.202,3.3284,0,9,81,994,62,80
1024,1136,2160,0.474074,0.921,1.470525e+04,1.038280e-02,3.2127,3.338,0,8,113,993,62,80
1025,1135,2160,0.474537,0.921,1.479787e+04,8.179364e-03,3.1971,3.3409,0,3,16,992,62,80
1026,1134,2160,0.475,0.921,1.493006e+04,8.048974e-03,3.2065,3.3302,0,3,97,991,62,80
1027,1133,2160,0.475463,0.921,1.506070e+04,1.116007e-02,3.192,3.3441,0,4,143,990,62,80
1028,1132,2160,0.475926,0.921,1.512935e+04,8.348773e-03,3.2011,3.3484,0,3,58,989,62,80
1029,1131,2160,0.476389,0.921,1.518880e+04,1.493922e-02,3.2232,3.3278,0,9,125,988,62,80
1030,1130,2160,0.476852,0.919,1.527241e+04,1.497292e-02,3.2376,3.338,0,9,35,987,62,80
1031,1129,2160,0.477315,0.921,1.535215e+04,1.467818e-02,3.2059,3.3487,0,9,85,986,62,80
1032,1128,2160,0.477778,0.921,1.544468e+04,8.588288e-03,3.2082,3.3353,0,3,92,985,62,80
1033,1127,2160,0.478241,0.922,1.551685e+04,1.093366e-02,3.1946,3.336,0,8,52,984,62,80
1034,1126,2160,0.478704,0.921,1.557341e+04,1.796953e-02,3.2054,3.3236,0,7,61,983,62,80
1035,1125,2160,0.479167,0.92,1.565270e+04,1.709990e-02,3.1885,3.343,0,7,163,982,62,80
1036,1124,2160,0.47963,0.921,1.573217e+04,1.114951e-02,3.2002,3.3269,0,4,144,981,62,80
1037,1123,2160,0.480093,0.921,1.583361e+04,1.076615e-02,3.1904,3.3324,0,0,60,980,62,80
1038,1122,2160,0.480556,0.921,1.590135e+04,9.342265e-03,3.1967,3.3428,0,5,113,979,62,80
1039,1121,2160,0.481019,0.921,1.595732e+04,1.034393e-02,3.1959,3.3326,0,6,79,978,62,80
1040,1120,2160,0.481481,0.92,1.603925e+04,1.814179e-02,3.2031,3.332,0,7,185,977,62,80
1041,1119,2160,0.481944,0.92,1.614831e+04,9.716316e-03,3.2384,3.3126,0,5,119,976,62,80
1042,1118,2160,0.482407,0.919,1.617262e+04,8.378663e-03,3.1872,3.3482,0,3,113,975,62,80
1043,1117,2160,0.48287,0.92,1.619953e+04,1.543922e-02,3.2042,3.3402,0,9,21,974,62,80
1044,1116,2160,0.483333,0.919,1.624177e+04,1.499064e-02,3.2217,3.3552,0,9,177,973,62,80
1045,1115,2160,0.483796,0.92,1.629799e+04,9.271470e-03,3.2012,3.3323,0,5,81,972,62,80
1046,1114,2160,0.484259,0.92,1.632904e+04,8.832029e-03,3.2073,3.3372,0,3,139,971,62,80
1047,1113,2160,0.484722,0.921,1.641216e+04,1.139375e-02,3.225,3.3324,0,4,21,970,62,80
1048,1112,2160,0.485185,0.921,1.645798e+04,1.039156e-02,3.2062,3.3395,0,1,122,969,62,80
1049,1111,2160,0.485648,0.921,1.653200e+04,1.052885e-02,3.1919,3.3313,0,6,6,968,62,80
1050,1110,2160,0.486111,0.92,1.660700e+04,9.662014e-03,3.1968,3.3362,0,5,4,967,62,80
1051,1109,2160,0.486574,0.92,1.663487e+04,8.573478e-03,3.2261,3.3291,0,3,4,966,62,80
1052,1108,2160,0.487037,0.92,1.669337e+04,8.996063e-03,3.2248,3.3446,0,5,9,965,62,80
1053,1107,2160,0.4875,0.92,1.682733e+04,8.617415e-03,3.1877,3.3563,0,3,26,964,62,80
1054,1106,2160,0.487963,0.92,1.693167e+04,1.180152e-02,3.2143,3.3295,0,4,122,963,62,80
1055,1105,2160,0.488426,0.92,1.693362e+04,1.096386e-02,3.189,3.3287,0,8,163,962,62,80
1056,1104,2160,0.488889,0.92,1.695998e+04,1.097351e-02,3.2032,3.3346,0,8,3,961,62,80
1057,1103,2160,0.489352,0.921,1.700264e+04,1.018617e-02,3.1989,3.3462,0,1,4,960,62,80
1058,1102,2160,0.489815,0.92,1.703498e+04,8.179288e-03,3.1967,3.338,0,8,4,959,62,80
1059,1101,2160,0.490278,0.92,1.698080e+04,1.053310e-02,3.1986,3.3429,0,8,81,958,62,80
1060,1100,2160,0.490741,0.92,1.704512e+04,9.624074e-03,3.217,3.3403,0,5,133,957,62,80
1061,1099,2160,0.491204,0.92,1.708178e+04,1.548760e-02,3.1921,3.3411,0,9,67,956,62,80
1062,1098,2160,0.491667,0.92,1.713582e+04,9.283431e-03,3.1919,3.3425,0,5,69,955,62,80
1063,1097,2160,0.49213,0.92,1.723796e+04,1.762515e-02,3.2075,3.3285,0,7,68,954,62,80
1064,1096,2160,0.492593,0.921,1.732355e+04,1.055812e-02,3.2002,3.3218,0,0,69,953,62,80
1065,1095,2160,0.493056,0.921,1.735643e+04,1.106130e-02,3.1815,3.34,0,1,143,952,62,80
1066,1094,2160,0.493519,0.921,1.740902e+04,8.872616e-03,3.1869,3.3396,0,3,171,951,62,80
1067,1093,2160,0.493981,0.92,1.749313e+04,1.218998e-02,3.1839,3.3171,0,4,133,950,62,80
1068,1092,2160,0.494444,0.921,1.752574e+04,1.200779e-02,3.1959,3.3258,0,4,84,949,62,80
1069,1091,2160,0.494907,0.92,1.767211e+04,8.948961e-03,3.1889,3.3282,0,3,167,948,62,80
1070,1090,2160,0.49537,0.921,1.784272e+04,1.227498e-02,3.2024,3.3124,0,4,150,947,62,80
1071,1089,2160,0.495833,0.922,1.791555e+04,1.152334e-02,3.1893,3.3363,0,0,3,946,62,80
1072,1088,2160,0.496296,0.92,1.794638e+04,1.869776e-02,3.2232,3.3342,0,7,52,945,62,80
1073,1087,2160,0.496759,0.921,1.801331e+04,2.002183e-02,3.1955,3.3493,0,7,118,944,62,80
1074,1086,2160,0.497222,0.92,1.810642e+04,7.814128e-02,3.1954,3.3368,1,3,7,944,61,80
1075,1085,2160,0.497685,0.918,1.844156e+04,1.931366e-02,3.21,3.3514,0,7,16,943,61,80
1076,1084,2160,0.498148,0.92,1.849869e+04,1.133178e-02,3.2048,3.3338,0,8,69,942,61,80
1077,1083,2160,0.498611,0.921,1.861407e+04,1.150234e-02,3.2396,3.0778,0,4,69,941,61,80
1078,1082,2160,0.499074,0.92,1.865909e+04,9.823612e-03,3.1935,3.3344,0,5,21,940,61,80
1079,1081,2160,0.499537,0.919,1.873803e+04,1.984108e-02,3.1866,3.3291,0,7,74,939,61,80
1080,1080,2160,0.5,0.919,1.884074e+04,1.909739e-02,3.197,3.3241,0,7,167,938,61,80
1081,1079,2160,0.500463,0.918,1.890894e+04,1.151616e-02,3.1979,3.3426,0,8,85,937,61,80
1082,1078,2160,0.500926,0.919,1.905178e+04,1.949895e-02,3.2047,3.3226,0,7,135,936,61,80
1083,1077,2160,0.501389,0.919,1.913707e+04,2.028828e-02,3.1878,3.3307,0,7,189,935,61,80
1084,1076,2160,0.501852,0.918,1.925780e+04,1.668841e-02,3.1832,3.335,0,9,2,934,61,80
1085,1075,2160,0.502315,0.918,1.940661e+04,9.107972e-03,3.2003,3.3417,0,3,189,933,61,80
1086,1074,2160,0.502778,0.918,1.946414e+04,1.693932e-02,3.2108,3.342,0,9,126,932,61,80
1087,1073,2160,0.503241,0.919,1.960192e+04,1.010638e-02,3.2284,3.3414,0,8,126,931,61,80
1088,1072,2160,0.503704,0.919,1.960512e+04,1.165781e-02,3.1825,3.3378,0,4,189,930,61,80
1089,1071,2160,0.504167,0.919,1.961727e+04,1.155949e-02,3.1893,3.3471,0,8,189,929,61,80
1090,1070,2160,0.50463,0.92,1.963971e+04,2.049131e-02,3.1921,3.3582,0,7,104,928,61,80
1091,1069,2160,0.505093,0.917,1.975176e+04,1.235307e-02,3.1985,3.3383,0,4,3,927,61,80
1092,1068,2160,0.505556,0.917,1.989109e+04,1.578188e-02,3.2126,3.3494,0,9,3,926,61,80
1093,1067,2160,0.506019,0.917,1.984845e+04,1.121173e-02,3.1892,3.328,0,0,85,925,61,80
1094,1066,2160,0.506481,0.918,2.002245e+04,1.272834e-02,3.2163,3.3248,0,4,79,924,61,80
1095,1065,2160,0.506944,0.918,2.010982e+04,1.005285e-02,3.2093,3.3395,0,5,10,923,61,80
1096,1064,2160,0.507407,0.919,2.022252e+04,1.696506e-02,3.1887,3.3315,0,9,73,922,61,80
1097,1063,2160,0.50787,0.92,2.032070e+04,1.261324e-02,3.2047,3.3434,0,4,128,921,61,80
1098,1062,2160,0.508333,0.919,2.038884e+04,1.156565e-02,3.2184,3.3369,0,6,188,920,61,80
1099,1061,2160,0.508796,0.919,2.047602e+04,1.197480e-02,3.1921,3.3465,0,8,72,919,61,80
1100,1060,2160,0.509259,0.919,2.058099e+04,1.995156e-02,3.1968,3.3403,0,7,175,918,61,80
1101,1059,2160,0.509722,0.92,2.066607e+04,9.277322e-03,3.2063,3.3345,0,3,71,917,61,80
1102,1058,2160,0.510185,0.92,2.082509e+04,1.132346e-02,3.1868,3.3428,0,6,80,916,61,80
1103,1057,2160,0.510648,0.92,2.095903e+04,2.081530e-02,3.2013,3.3278,0,7,66,915,61,80
1104,1056,2160,0.511111,0.919,2.106064e+04,1.741047e-02,3.2014,3.3432,0,9,71,914,61,80
1105,1055,2160,0.511574,0.919,2.116253e+04,1.717224e-02,3.2016,3.3332,0,9,64,913,61,80
1106,1054,2160,0.512037,0.921,2.124266e+04,1.761706e-02,3.2023,3.3454,0,9,80,912,61,80
1107,1053,2160,0.5125,0.919,2.131563e+04,1.994716e-02,3.198,3.3482,0,7,39,911,61,80
1108,1052,2160,0.512963,0.919,2.141833e+04,1.150420e-02,3.1931,3.3544,0,0,145,910,61,80
1109,1051,2160,0.513426,0.918,2.151206e+04,1.181396e-02,3.2351,3.3548,0,6,56,909,61,80
1110,1050,2160,0.513889,0.919,2.159411e+04,1.274707e-02,3.2054,3.34,0,4,194,908,61,80
1111,1049,2160,0.514352,0.919,2.176439e+04,1.174636e-02,3.1832,3.3548,0,6,134,907,61,80
1112,1048,2160,0.514815,0.92,2.185773e+04,1.191068e-02,3.2127,3.3275,0,8,56,906,61,80
1113,1047,2160,0.515278,0.919,2.188286e+04,1.225420e-02,3.2079,3.3493,0,4,56,905,61,80
1114,1046,2160,0.515741,0.919,2.193919e+04,2.162047e-02,3.2251,3.3363,0,7,92,904,61,80
1115,1045,2160,0.516204,0.92,2.207835e+04,9.337317e-03,3.2221,3.3234,0,3,186,903,61,80
1116,1044,2160,0.516667,0.918,2.226755e+04,2.021826e-02,3.2085,3.3308,0,7,37,902,61,80
1117,1043,2160,0.51713,0.917,2.240168e+04,1.154530e-02,3.207,3.3475,0,0,37,901,61,80
1118,1042,2160,0.517593,0.917,2.253112e+04,1.185676e-02,3.1983,3.3286,0,0,86,900,61,80
1119,1041,2160,0.518056,0.918,2.260460e+04,1.146766e-02,3.2143,3.3353,0,1,162,899,61,80
1120,1040,2160,0.518519,0.917,2.265476e+04,1.779759e-02,3.2386,1.3624,0,9,123,898,61,80
1121,1039,2160,0.518981,0.918,2.284210e+04,1.305198e-02,3.2252,3.3227,0,4,168,897,61,80
1122,1038,2160,0.519444,0.918,2.297599e+04,1.163307e-02,3.2223,3.3406,0,8,123,896,61,80
1123,1037,2160,0.519907,0.918,2.303277e+04,9.687826e-03,3.1947,3.3183,0,3,188,895,61,80
1124,1036,2160,0.52037,0.918,2.319833e+04,1.142248e-02,3.2157,3.3376,0,1,164,894,61,80
1125,1035,2160,0.520833,0.917,2.329655e+04,1.794623e-02,3.2278,3.3355,0,9,110,893,61,80
1126,1034,2160,0.521296,0.918,2.338426e+04,1.243488e-02,3.2249,3.3378,0,8,121,892,61,80
1127,1033,2160,0.521759,0.917,2.345121e+04,1.830960e-02,3.2313,3.3359,0,9,142,891,61,80
1128,1032,2160,0.522222,0.917,2.352051e+04,1.727666e-02,3.2354,3.3437,0,9,162,890,61,80
1129,1031,2160,0.522685,0.917,2.358782e+04,1.142939e-02,3.2416,3.329,0,1,6,889,61,80
1130,1030,2160,0.523148,0.917,2.369009e+04,2.155198e-02,3.2106,3.3393,0,7,116,888,61,80
1131,1029,2160,0.523611,0.918,2.379418e+04,1.213819e-02,3.2217,3.3309,0,0,87,887,61,80
1132,1028,2160,0.524074,0.917,2.384352e+04,2.070920e-02,3.222,3.3271,0,7,120,886,61,80
1133,1027,2160,0.524537,0.919,2.393274e+04,1.795162e-02,3.2311,3.3342,0,9,86,885,61,80
1134,1026,2160,0.525,0.919,2.400131e+04,1.218419e-02,3.2188,3.3223,0,0,20,884,61,80
1135,1025,2160,0.525463,0.918,2.405056e+04,2.147417e-02,3.2211,3.3342,0,7,131,883,61,80
1136,1024,2160,0.525926,0.915,2.411660e+04,1.793405e-02,3.2061,3.3326,0,9,111,882,61,80
1137,1023,2160,0.526389,0.915,2.426622e+04,1.198431e-02,3.2135,3.3376,0,6,191,881,61,80
1138,1022,2160,0.526852,0.914,2.445621e+04,5.349081e-02,3.1947,3.3397,1,3,9,881,60,80
1139,1021,2160,0.527315,0.912,2.473125e+04,1.236294e-02,3.218,3.3489,0,6,14,880,60,80
1140,1020,2160,0.527778,0.913,2.485117e+04,1.269115e-02,3.2332,3.3328,0,6,62,879,60,80
1141,1019,2160,0.528241,0.914,2.489317e+04,1.079142e-02,3.2257,3.3341,0,5,12,878,60,80
1142,1018,2160,0.528704,0.914,2.500364e+04,1.196233e-02,3.2306,3.3296,0,1,182,877,60,80
1143,1017,2160,0.529167,0.913,2.511861e+04,1.854123e-02,3.2116,3.3338,0,9,182,876,60,80
1144,1016,2160,0.52963,0.913,2.515403e+04,7.065191e-03,3.235,3.3161,2,9,1,876,60,79
1145,1015,2160,0.530093,0.913,2.510355e+04,1.181157e-02,3.2524,3.3207,0,1,59,875,60,79
1146,1014,2160,0.530556,0.911,2.520849e+04,1.856371e-02,3.222,3.3459,0,9,164,874,60,79
1147,1013,2160,0.531019,0.911,2.532428e+04,1.228022e-02,3.2257,3.3238,0,6,83,873,60,79
1148,1012,2160,0.531481,0.913,2.551656e+04,2.251295e-02,3.2111,3.3472,0,7,59,872,60,79
1149,1011,2160,0.531944,0.912,2.564989e+04,1.015650e-02,3.1933,3.3224,0,3,12,871,60,79
1150,1010,2160,0.532407,0.911,2.578358e+04,1.309672e-02,3.229,3.334,0,4,162,870,60,79
1151,1009,2160,0.53287,0.911,2.584369e+04,1.911290e-02,3.2291,3.3378,0,9,137,869,60,79
1152,1008,2160,0.533333,0.909,2.596836e+04,1.023250e-02,3.2315,3.3154,0,5,83,868,60,79
1153,1007,2160,0.533796,0.909,2.615129e+04,2.150221e-02,3.2085,3.3397,0,7,51,867,60,79
1154,1006,2160,0.534259,0.909,2.628486e+04,1.150476e-02,3.1915,3.3267,0,1,56,866,60,79
1155,1005,2160,0.534722,0.908,2.648538e+04,1.237743e-02,3.2397,3.3358,0,6,158,865,60,79
1156,1004,2160,0.535185,0.909,2.662701e+04,1.129239e-02,3.1977,3.3381,0,5,46,864,60,79
1157,1003,2160,0.535648,0.909,2.668492e+04,1.012984e-02,3.2397,3.3303,0,1,46,863,60,79
1158,1002,2160,0.536111,0.91,2.662303e+04,1.312453e-02,3.2207,3.3323,0,8,39,862,60,79
1159,1001,2160,0.536574,0.911,2.672202e+04,1.217545e-02,3.2144,3.3386,0,6,126,861,60,79
1160,1000,2160,0.537037,0.91,2.693506e+04,1.278622e-02,3.2243,3.3449,0,6,165,860,60,79
1161,999,2160,0.5375,0.911,2.706199e+04,2.858440e-02,3.2123,3.3245,1,3,8,860,59,79
1162,998,2160,0.537963,0.906,2.709528e+04,2.312685e-02,3.2252,3.3485,0,7,166,859,59,79
1163,997,2160,0.538426,0.908,2.724396e+04,2.158166e-02,3.2087,3.3391,0,7,36,858,59,79
1164,996,2160,0.538889,0.909,2.739808e+04,1.316484e-02,3.1954,3.3474,0,6,68,857,59,79
1165,995,2160,0.539352,0.91,2.752229e+04,2.315868e-02,3.19,3.3364,0,7,67,856,59,79
1166,994,2160,0.539815,0.913,2.763124e+04,1.097039e-02,3.2587,3.3326,0,5,99,855,59,79
1167,993,2160,0.540278,0.91,2.781645e+04,1.339803e-02,3.1911,3.3287,0,8,135,854,59,79
1168,992,2160,0.540741,0.912,2.797443e+04,1.972083e-02,3.2302,3.3308,0,9,109,853,59,79
1169,991,2160,0.541204,0.911,2.811097e+04,1.295606e-02,3.2157,3.3267,0,6,190,852,59,79
1170,990,2160,0.541667,0.913,2.822404e+04,1.257406e-02,3.1884,3.3263,0,6,27,851,59,79
1171,989,2160,0.54213,0.911,2.844996e+04,1.351586e-02,3.2186,3.3639,0,8,180,850,59,79
1172,988,2160,0.542593,0.912,2.860994e+04,1.037907e-02,3.2199,3.3475,0,3,190,849,59,79
1173,987,2160,0.543056,0.912,2.872192e+04,1.025384e-02,3.2326,3.3252,0,1,180,848,59,79
1174,986,2160,0.543519,0.911,2.879743e+04,1.388049e-02,3.2337,3.3386,0,4,191,847,59,79
1175,985,2160,0.543981,0.908,2.894048e+04,1.302436e-02,3.2157,3.3408,0,6,142,846,59,79
1176,984,2160,0.544444,0.909,2.906121e+04,1.116441e-02,3.2201,3.3342,0,5,166,845,59,79
1177,983,2160,0.544907,0.912,2.920044e+04,1.110592e-02,3.2508,3.3475,0,3,125,844,59,79
1178,982,2160,0.54537,0.911,2.933222e+04,9.733120e-03,3.2197,3.3331,0,5,125,843,59,79
1179,981,2160,0.545833,0.912,2.934092e+04,1.185740e-02,3.2082,3.3418,0,1,142,842,59,79
1180,980,2160,0.546296,0.911,2.941636e+04,2.046352e-02,3.2378,3.3377,0,9,179,841,59,79
1181,979,2160,0.546759,0.912,2.958200e+04,1.149258e-02,3.2448,3.3296,0,5,127,840,59,79
1182,978,2160,0.547222,0.91,2.969482e+04,1.291535e-02,3.2207,3.3463,0,4,127,839,59,79
1183,977,2160,0.547685,0.909,2.980671e+04,2.397763e-02,3.2148,3.3066,0,7,47,838,59,79
1184,976,2160,0.548148,0.905,2.997286e+04,2.168748e-02,3.2305,3.3155,0,7,142,837,59,79
1185,975,2160,0.548611,0.906,3.001323e+04,1.372835e-02,3.2084,3.3289,0,4,157,836,59,79
1186,974,2160,0.549074,0.906,3.021842e+04,2.021476e-02,3.1876,3.3336,0,9,29,835,59,79
1187,973,2160,0.549537,0.907,3.041796e+04,1.376599e-02,3.2102,3.3153,0,8,114,834,59,79
1188,972,2160,0.55,0.906,3.054513e+04,1.319802e-02,3.2346,3.352,0,6,100,833,59,79
1189,971,2160,0.550463,0.908,3.066282e+04,1.186855e-02,3.21,3.3425,0,0,100,832,59,79
1190,970,2160,0.550926,0.906,3.064367e+04,2.233950e-02,3.2042,3.3253,0,7,157,831,59,79
1191,969,2160,0.551389,0.907,3.071883e+04,1.109266e-02,3.2216,3.342,0,3,74,830,59,79
1192,968,2160,0.551852,0.907,3.087245e+04,1.353477e-02,3.1978,3.3352,0,8,12,829,59,79
1193,967,2160,0.552315,0.907,3.106547e+04,1.414319e-02,3.2178,3.3441,0,8,65,828,59,79
1194,966,2160,0.552778,0.907,3.118122e+04,1.390228e-02,3.2102,3.3122,0,4,180,827,59,79
1195,965,2160,0.553241,0.908,3.143585e+04,4.166414e-02,3.2201,3.3287,1,7,7,827,58,79
1196,964,2160,0.553704,0.905,3.170650e+04,2.515151e-02,3.2198,3.3516,0,7,129,826,58,79
1197,963,2160,0.554167,0.907,3.186856e+04,2.342213e-02,3.2119,3.3366,0,7,23,825,58,79
1198,962,2160,0.55463,0.905,3.197136e+04,1.988738e-02,3.2337,3.341,0,9,12,824,58,79
1199,961,2160,0.555093,0.905,3.209811e+04,2.053618e-02,3.2303,3.3406,0,9,147,823,58,79
1200,960,2160,0.555556,0.905,3.222613e+04,1.297460e-02,3.2359,3.3328,0,8,147,822,58,79
1201,959,2160,0.556019,0.905,3.231509e+04,1.141110e-02,3.217,3.3465,0,5,11,821,58,79
1202,958,2160,0.556481,0.905,3.247839e+04,2.724492e-02,3.1983,3.3485,0,7,110,820,58,79
1203,957,2160,0.556944,0.906,3.267366e+04,1.407120e-02,3.2131,3.3396,0,8,190,819,58,79
1204,956,2160,0.557407,0.907,3.281189e+04,5.890856e-03,3.2102,3.3581,2,6,4,819,58,78
1205,955,2160,0.55787,0.907,3.273488e+04,1.232744e-02,3.2074,3.3525,0,1,110,818,58,78
1206,954,2160,0.558333,0.907,3.284767e+04,1.432332e-02,3.2215,3.3481,0,8,93,817,58,78
1207,953,2160,0.558796,0.907,3.296524e+04,1.413524e-02,3.2189,3.337,0,0,156,816,58,78
1208,952,2160,0.559259,0.907,3.300688e+04,1.348948e-02,3.1996,3.3403,0,6,139,815,58,78
1209,951,2160,0.559722,0.906,3.321691e+04,1.394229e-02,3.2088,3.322,0,4,112,814,58,78
1210,950,2160,0.560185,0.906,3.349410e+04,2.113593e-02,3.1937,3.3296,0,9,116,813,58,78
1211,949,2160,0.560648,0.907,3.364428e+04,2.136542e-02,3.2027,3.3566,0,9,189,812,58,78
1212,948,2160,0.561111,0.906,3.385344e+04,1.378103e-02,3.2341,3.3457,0,8,110,811,58,78
1213,947,2160,0.561574,0.905,3.399151e+04,1.421339e-02,3.2527,3.3397,0,8,23,810,58,78
1214,946,2160,0.562037,0.905,3.406903e+04,1.421647e-02,3.2278,3.3349,0,8,182,809,58,78
1215,945,2160,0.5625,0.904,3.433775e+04,6.718960e-03,3.2307,3.3343,2,7,6,809,58,77
1216,944,2160,0.562963,0.904,3.428604e+04,1.334885e-02,3.2012,3.3359,0,6,1,808,58,77
1217,943,2160,0.563426,0.906,3.454046e+04,2.771180e-02,3.2226,3.3229,0,7,93,807,58,77
1218,942,2160,0.563889,0.909,3.470883e+04,1.350349e-02,3.2284,3.3367,0,8,1,806,58,77
1219,941,2160,0.564352,0.909,3.472850e+04,1.462486e-02,3.1975,3.3343,0,8,129,805,58,77
1220,940,2160,0.564815,0.91,3.494880e+04,1.158198e-02,3.1966,3.3481,0,1,1,804,58,77
1221,939,2160,0.565278,0.909,3.490653e+04,1.128843e-02,3.2275,3.3222,0,5,1,803,58,77
1222,938,2160,0.565741,0.911,3.497397e+04,1.429318e-02,3.2398,3.3562,0,4,195,802,58,77
1223,937,2160,0.566204,0.909,3.524390e+04,1.314221e-02,3.2456,3.3435,0,1,183,801,58,77
1224,936,2160,0.566667,0.91,3.543485e+04,1.074278e-02,3.201,3.3345,0,5,183,800,58,77
1225,935,2160,0.56713,0.91,3.542622e+04,1.268631e-02,3.2081,1.8864,0,0,183,799,58,77
1226,934,2160,0.567593,0.91,3.551087e+04,1.475341e-02,3.2172,3.3278,0,4,62,798,58,77
1227,933,2160,0.568056,0.908,3.563319e+04,2.616194e-02,3.2055,3.3397,0,7,137,797,58,77
1228,932,2160,0.568519,0.906,3.582057e+04,2.184338e-02,3.2266,3.3363,2,4,2,797,58,76
1229,931,2160,0.568981,0.911,3.593659e+04,1.507992e-02,3.2297,3.3423,0,8,170,796,58,76
1230,930,2160,0.569444,0.912,3.605336e+04,1.527207e-02,3.2209,3.3542,0,4,149,795,58,76
1231,929,2160,0.569907,0.91,3.614522e+04,1.508734e-02,3.2077,3.3244,0,8,53,794,58,76
1232,928,2160,0.57037,0.909,3.628024e+04,1.487836e-02,3.2312,3.3358,0,4,17,793,58,76
1233,927,2160,0.570833,0.911,3.648464e+04,1.524491e-02,3.195,3.3278,0,8,107,792,58,76
1234,926,2160,0.571296,0.91,3.663187e+04,2.702328e-02,3.2585,3.333,0,7,90,791,58,76
1235,925,2160,0.571759,0.911,3.677431e+04,2.829496e-02,3.2198,3.3471,0,7,95,790,58,76
1236,924,2160,0.572222,0.912,3.692247e+04,1.300740e-02,3.2183,3.3274,0,0,95,789,58,76
1237,923,2160,0.572685,0.912,3.700985e+04,1.263388e-02,3.2083,3.3263,0,1,90,788,58,76
1238,922,2160,0.573148,0.912,3.700441e+04,1.431544e-02,3.1994,3.3383,0,0,32,787,58,76
1239,921,2160,0.573611,0.912,3.706284e+04,1.512542e-02,3.2225,3.3351,0,8,61,786,58,76
1240,920,2160,0.574074,0.91,3.713076e+04,1.433169e-02,3.2068,3.33,0,4,95,785,58,76
1241,919,2160,0.574537,0.91,3.722145e+04,1.137467e-02,3.1926,3.3225,0,1,95,784,58,76
1242,918,2160,0.575,0.911,3.718819e+04,1.273643e-02,3.2329,3.3562,0,5,107,783,58,76
1243,917,2160,0.575463,0.911,3.717021e+04,1.469880e-02,3.2144,3.324,0,8,142,782,58,76
1244,916,2160,0.575926,0.909,3.734124e+04,3.173963e-02,3.2003,3.3089,1,9,9,782,57,76
1245,915,2160,0.576389,0.908,3.748154e+04,2.351199e-02,3.2504,3.3614,0,9,108,781,57,76
1246,914,2160,0.576852,0.908,3.762461e+04,2.231420e-02,3.2159,3.3387,0,9,30,780,57,76
1247,913,2160,0.577315,0.908,3.786063e+04,1.171334e-02,3.1905,3.3367,0,3,32,779,57,76
1248,912,2160,0.577778,0.907,3.809623e+04,2.294992e-02,3.2278,3.323,0,9,156,778,57,76
1249,911,2160,0.578241,0.91,3.826052e+04,1.387529e-02,3.2382,3.3432,0,0,154,777,57,76
1250,910,2160,0.578704,0.911,3.857061e+04,1.515508e-02,3.2105,3.3464,0,4,104,776,57,76
1251,909,2160,0.579167,0.91,3.868103e+04,1.496593e-02,3.2003,3.3494,0,8,166,775,57,76
1252,908,2160,0.57963,0.91,3.892172e+04,1.280556e-02,3.2068,3.3396,0,5,170,774,57,76
1253,907,2160,0.580093,0.908,3.896046e+04,1.476002e-02,3.2121,3.3437,0,4,8,773,57,76
1254,906,2160,0.580556,0.909,3.925453e+04,2.676816e-02,3.1861,3.3286,0,7,136,772,57,76
1255,905,2160,0.581019,0.908,3.942982e+04,1.255049e-02,3.2103,3.3101,0,1,136,771,57,76
1256,904,2160,0.581481,0.907,3.940847e+04,1.240149e-02,3.1785,3.326,0,3,29,770,57,76
1257,903,2160,0.581944,0.907,3.964802e+04,1.456717e-02,3.2164,3.3384,0,6,193,769,57,76
1258,902,2160,0.582407,0.907,3.996238e+04,1.306350e-02,3.2064,3.3186,0,1,43,768,57,76
1259,901,2160,0.58287,0.906,4.029485e+04,1.567732e-02,3.2229,3.3297,0,8,124,767,57,76
1260,900,2160,0.583333,0.906,4.047164e+04,1.145940e-02,3.1966,3.3303,0,1,124,766,57,76
1261,899,2160,0.583796,0.906,4.038102e+04,1.189766e-02,3.2102,3.3182,0,3,44,765,57,76
1262,898,2160,0.584259,0.905,4.063504e+04,2.998768e-02,3.2093,3.3299,0,7,111,764,57,76
1263,897,2160,0.584722,0.907,4.096757e+04,1.464466e-02,3.203,3.3503,0,6,160,763,57,76
1264,896,2160,0.585185,0.906,4.114970e+04,1.275315e-02,3.195,3.3326,0,5,57,762,57,76
1265,895,2160,0.585648,0.906,4.129145e+04,1.523103e-02,3.2088,3.3324,0,4,184,761,57,76
1266,894,2160,0.586111,0.908,4.155717e+04,1.476856e-02,3.2292,3.3296,0,6,152,760,57,76
1267,893,2160,0.586574,0.906,4.173362e+04,1.588201e-02,3.2185,3.3342,0,8,176,759,57,76
1268,892,2160,0.587037,0.908,4.188684e+04,1.350292e-02,3.209,3.3631,0,1,24,758,57,76
1269,891,2160,0.5875,0.908,4.213965e+04,1.434253e-02,3.1995,3.3421,0,0,131,757,57,76
1270,890,2160,0.587963,0.906,4.219275e+04,2.841838e-02,3.216,3.3481,0,7,40,756,57,76
1271,889,2160,0.588426,0.905,4.236808e+04,2.937874e-02,3.2154,3.3197,0,7,25,755,57,76
1272,888,2160,0.588889,0.907,4.268363e+04,1.494965e-02,3.2243,3.3394,0,0,65,754,57,76
1273,887,2160,0.589352,0.908,4.283627e+04,1.363662e-02,3.2248,3.3309,0,5,163,753,57,76
1274,886,2160,0.589815,0.907,4.288711e+04,1.524232e-02,3.1964,3.3394,0,6,141,752,57,76
1275,885,2160,0.590278,0.907,4.307639e+04,1.419105e-02,3.2191,3.3245,0,1,82,751,57,76
1276,884,2160,0.590741,0.906,4.315349e+04,1.271390e-02,3.2111,3.3266,0,3,85,750,57,76
1277,883,2160,0.591204,0.906,4.341310e+04,1.546502e-02,3.1962,3.3245,0,0,66,749,57,76
1278,882,2160,0.591667,0.905,4.354060e+04,1.472898e-02,3.1932,3.3361,0,6,66,748,57,76
1279,881,2160,0.59213,0.904,4.354674e+04,1.611120e-02,3.1997,3.357,0,8,175,747,57,76
1280,880,2160,0.592593,0.905,4.368556e+04,1.408901e-02,3.22,3.3461,0,1,131,746,57,76
1281,879,2160,0.593056,0.905,4.371662e+04,1.560890e-02,3.2562,3.3297,0,8,92,745,57,76
1282,878,2160,0.593519,0.905,4.394573e+04,1.333951e-02,3.2281,3.3417,0,5,87,744,57,76
1283,877,2160,0.593981,0.905,4.403657e+04,1.551698e-02,3.1924,3.3485,0,8,83,743,57,76
1284,876,2160,0.594444,0.906,4.436302e+04,1.536626e-02,3.2309,3.3523,0,0,155,742,57,76
1285,875,2160,0.594907,0.906,4.458891e+04,1.270911e-02,3.219,3.3327,0,5,168,741,57,76
1286,874,2160,0.59537,0.908,4.489113e+04,1.319206e-02,3.2129,3.3396,0,5,67,740,57,76
1287,873,2160,0.595833,0.906,4.496441e+04,1.184089e-02,3.2398,3.3368,0,3,168,739,57,76
1288,872,2160,0.596296,0.906,4.519243e+04,1.246349e-02,3.1934,3.3514,0,5,82,738,57,76
1289,871,2160,0.596759,0.907,4.531944e+04,1.302848e-02,3.2053,3.3414,0,5,20,737,57,76
1290,870,2160,0.597222,0.906,4.540898e+04,1.552050e-02,3.191,3.3305,0,6,21,736,57,76
1291,869,2160,0.597685,0.907,4.555630e+04,1.592553e-02,3.2209,3.3589,0,4,22,735,57,76
1292,868,2160,0.598148,0.907,4.578548e+04,1.651260e-02,3.2058,3.3403,0,4,33,734,57,76
1293,867,2160,0.598611,0.908,4.587973e+04,3.105856e-02,3.2045,3.3129,0,7,33,733,57,76
1294,866,2160,0.599074,0.907,4.595211e+04,1.591539e-02,3.2191,3.3441,0,6,170,732,57,76
1295,865,2160,0.599537,0.907,4.613984e+04,1.617144e-02,3.212,3.3374,0,8,13,731,57,76
1296,864,2160,0.6,0.905,4.635940e+04,1.358439e-02,3.2177,3.3295,0,1,70,730,57,76
1297,863,2160,0.600463,0.906,4.669617e+04,1.282645e-02,3.2284,3.3453,0,1,13,729,57,76
1298,862,2160,0.600926,0.907,4.690140e+04,1.327047e-02,3.2564,3.351,0,1,193,728,57,76
1299,861,2160,0.601389,0.907,4.732329e+04,1.321836e-02,3.2146,3.3514,0,5,33,727,57,76
1300,860,2160,0.601852,0.904,4.744053e+04,1.540341e-02,3.1873,3.3367,0,8,33,726,57,76
1301,859,2160,0.602315,0.906,4.780714e+04,2.412011e-02,3.211,3.3398,0,9,172,725,57,76
1302,858,2160,0.602778,0.907,4.799942e+04,1.240895e-02,3.2485,3.3404,0,3,46,724,57,76
1303,857,2160,0.603241,0.907,4.829506e+04,1.415235e-02,3.2319,3.3372,0,1,103,723,57,76
1304,856,2160,0.603704,0.907,4.842906e+04,2.510502e-02,3.1665,3.348,0,9,98,722,57,76
1305,855,2160,0.604167,0.906,4.865480e+04,1.314360e-02,3.1763,3.3365,0,5,101,721,57,76
1306,854,2160,0.60463,0.906,4.886383e+04,2.973436e-02,3.1975,3.3259,0,7,62,720,57,76
1307,853,2160,0.605093,0.907,4.903949e+04,1.444494e-02,3.2116,3.3571,0,6,101,719,57,76
1308,852,2160,0.605556,0.905,4.902095e+04,1.544058e-02,3.2271,3.3499,0,6,195,718,57,76
1309,851,2160,0.606019,0.905,4.937409e+04,1.342858e-02,3.2236,3.3462,0,5,109,717,57,76
1310,850,2160,0.606481,0.903,4.958606e+04,2.538932e-02,3.2208,3.3339,0,9,103,716,57,76
1311,849,2160,0.606944,0.906,4.975388e+04,1.613703e-02,3.2084,3.3362,0,8,185,715,57,76
1312,848,2160,0.607407,0.907,4.999076e+04,1.519670e-02,3.2179,3.3458,0,6,7,714,57,76
1313,847,2160,0.60787,0.905,5.032397e+04,1.587545e-02,3.2397,3.3297,0,8,15,713,57,76
1314,846,2160,0.608333,0.907,5.063702e+04,1.564691e-02,3.2041,3.3555,0,6,15,712,57,76
1315,845,2160,0.608796,0.908,5.078410e+04,3.162906e-02,3.2413,3.3515,0,7,46,711,57,76
1316,844,2160,0.609259,0.906,5.104533e+04,1.340528e-02,3.2187,3.3258,0,5,195,710,57,76
1317,843,2160,0.609722,0.906,5.124148e+04,1.275190e-02,3.2236,3.3286,0,1,195,709,57,76
1318,842,2160,0.610185,0.906,5.123848e+04,1.176666e-02,3.2097,3.3151,0,3,15,708,57,76
1319,841,2160,0.610648,0.905,5.147505e+04,9.116449e-03,3.2062,3.3394,2,7,1,708,57,75
1320,840,2160,0.611111,0.906,5.143292e+04,2.484344e-02,3.1966,3.3397,0,9,174,707,57,75
1321,839,2160,0.611574,0.907,5.166758e+04,1.216311e-02,3.2281,3.3486,0,3,42,706,57,75
1322,838,2160,0.612037,0.906,5.207131e+04,1.670649e-02,3.2218,3.3454,0,4,109,705,57,75
1323,837,2160,0.6125,0.908,5.222913e+04,1.310320e-02,3.2112,3.338,0,0,109,704,57,75
1324,836,2160,0.612963,0.907,5.218660e+04,1.664086e-02,3.2449,3.3345,0,4,159,703,57,75
1325,835,2160,0.613426,0.907,5.238371e+04,2.970144e-02,3.2334,3.3428,0,7,162,702,57,75
1326,834,2160,0.613889,0.907,5.262910e+04,1.576535e-02,3.2048,3.3143,0,6,189,701,57,75
1327,833,2160,0.614352,0.906,5.298281e+04,1.375137e-02,3.1992,3.3408,0,5,174,700,57,75
1328,832,2160,0.614815,0.906,5.311169e+04,1.535321e-02,3.2315,3.3327,0,0,159,699,57,75
1329,831,2160,0.615278,0.907,5.315860e+04,1.520124e-02,3.2237,3.3562,0,0,192,698,57,75
1330,830,2160,0.615741,0.906,5.353213e+04,1.580348e-02,3.2473,3.366,0,8,25,697,57,75
1331,829,2160,0.616204,0.906,5.394140e+04,3.288202e-02,3.2152,3.3517,0,7,77,696,57,75
1332,828,2160,0.616667,0.907,5.425619e+04,2.574382e-02,3.2222,3.3505,0,9,160,695,57,75
1333,827,2160,0.61713,0.908,5.447226e+04,1.429930e-02,3.2039,3.3489,0,5,176,694,57,75
1334,826,2160,0.617593,0.908,5.455591e+04,1.442111e-02,3.2227,3.3481,0,1,140,693,57,75
1335,825,2160,0.618056,0.907,5.491422e+04,1.589534e-02,3.2236,3.3368,0,0,26,692,57,75
1336,824,2160,0.618519,0.907,5.523445e+04,3.132439e-02,3.2231,3.3445,0,7,50,691,57,75
1337,823,2160,0.618981,0.91,5.544151e+04,3.413843e-02,3.2224,3.3483,0,7,119,690,57,75
1338,822,2160,0.619444,0.908,5.574170e+04,9.305881e-03,3.2227,3.3281,1,3,4,690,56,75
1339,821,2160,0.619907,0.908,5.566301e+04,1.378603e-02,3.2068,3.3372,0,3,130,689,56,75
1340,820,2160,0.62037,0.906,5.586844e+04,2.724258e-02,3.2151,3.3317,0,9,187,688,56,75
1341,819,2160,0.620833,0.907,5.618153e+04,1.557995e-02,3.2105,3.3275,0,6,130,687,56,75
1342,818,2160,0.621296,0.907,5.627118e+04,1.470969e-02,3.2022,3.3397,0,5,72,686,56,75
1343,817,2160,0.621759,0.906,5.641437e+04,3.480975e-02,3.1984,3.3276,0,7,130,685,56,75
1344,816,2160,0.622222,0.906,5.665430e+04,1.781671e-02,3.2187,3.3389,0,4,176,684,56,75
1345,815,2160,0.622685,0.906,5.677118e+04,3.140878e-02,3.2159,3.3411,0,7,108,683,56,75
1346,814,2160,0.623148,0.905,5.702583e+04,1.551993e-02,3.2076,3.3451,0,1,121,682,56,75
1347,813,2160,0.623611,0.907,5.720694e+04,1.703804e-02,3.2344,3.3434,0,0,150,681,56,75
1348,812,2160,0.624074,0.905,5.744643e+04,1.502515e-02,3.2278,3.346,0,5,146,680,56,75
1349,811,2160,0.624537,0.908,5.755814e+04,2.746905e-02,3.2357,3.3276,0,9,51,679,56,75
1350,810,2160,0.625,0.904,5.775515e+04,1.882521e-02,3.2179,3.3303,2,4,8,679,56,74
1351,809,2160,0.625463,0.904,5.771555e+04,1.647060e-02,3.2037,3.3303,0,0,41,678,56,74
1352,808,2160,0.625926,0.905,5.816419e+04,1.388388e-02,3.2129,3.344,0,3,59,677,56,74
1353,807,2160,0.626389,0.905,5.853919e+04,1.584206e-02,3.1948,3.3348,0,6,41,676,56,74
1354,806,2160,0.626852,0.906,5.879589e+04,1.770565e-02,3.2092,3.3348,0,8,171,675,56,74
1355,805,2160,0.627315,0.904,5.909172e+04,1.257808e-02,3.1955,3.3426,2,5,3,675,56,73
1356,804,2160,0.627778,0.903,5.899548e+04,1.796174e-02,3.1948,3.324,0,6,163,674,56,73
1357,803,2160,0.628241,0.904,5.926046e+04,1.368788e-02,3.2288,3.3311,0,3,56,673,56,73
1358,802,2160,0.628704,0.904,5.972205e+04,1.803678e-02,3.2174,3.3435,0,8,71,672,56,73
1359,801,2160,0.629167,0.903,6.008577e+04,1.707633e-02,3.2455,3.3474,0,0,127,671,56,73
1360,800,2160,0.62963,0.903,6.058695e+04,1.806333e-02,3.2142,3.3563,0,4,164,670,56,73
1361,799,2160,0.630093,0.904,6.097660e+04,2.839584e-02,3.2314,3.3401,0,9,178,669,56,73
1362,798,2160,0.630556,0.903,6.138511e+04,2.886155e-02,3.2121,3.3552,0,9,34,668,56,73
1363,797,2160,0.631019,0.904,6.176449e+04,1.670355e-02,3.2051,3.3258,0,0,178,667,56,73
1364,796,2160,0.631481,0.903,6.198882e+04,1.810650e-02,3.2095,3.3339,0,6,148,666,56,73
1365,795,2160,0.631944,0.904,6.225700e+04,1.870387e-02,3.1916,3.3523,0,4,64,665,56,73
1366,794,2160,0.632407,0.904,6.255157e+04,1.742396e-02,3.2223,3.3542,0,0,50,664,56,73
1367,793,2160,0.63287,0.904,6.261767e+04,1.720838e-02,3.2228,3.3443,0,0,117,663,56,73
1368,792,2160,0.633333,0.903,6.267442e+04,3.625605e-02,3.2364,3.3475,0,7,64,662,56,73
1369,791,2160,0.633796,0.903,6.272618e+04,2.834782e-02,3.1926,3.3621,0,9,105,661,56,73
1370,790,2160,0.634259,0.904,6.300099e+04,1.813455e-02,3.2636,3.347,0,8,57,660,56,73
1371,789,2160,0.634722,0.901,6.327026e+04,1.563099e-02,3.2142,3.3419,0,4,57,659,56,73
1372,788,2160,0.635185,0.904,6.336032e+04,1.739432e-02,3.2152,3.3273,0,0,46,658,56,73
1373,787,2160,0.635648,0.901,6.369258e+04,1.838720e-02,3.2103,3.3201,0,6,18,657,56,73
1374,786,2160,0.636111,0.902,6.394265e+04,3.040887e-02,3.2071,3.3108,0,9,134,656,56,73
1375,785,2160,0.636574,0.902,6.430176e+04,2.927775e-02,3.2242,3.3564,0,9,161,655,56,73
1376,784,2160,0.637037,0.9,6.454251e+04,1.841095e-02,3.2152,3.3474,0,8,74,654,56,73
1377,783,2160,0.6375,0.9,6.488830e+04,1.855298e-02,3.2258,3.3471,0,0,51,653,56,73
1378,782,2160,0.637963,0.899,6.498699e+04,1.862999e-02,3.2158,3.3383,0,0,49,652,56,73
1379,781,2160,0.638426,0.898,6.510054e+04,3.081618e-02,3.2262,3.3348,0,9,87,651,56,73
1380,780,2160,0.638889,0.898,6.528728e+04,2.937817e-02,3.2331,3.3385,0,9,163,650,56,73
1381,779,2160,0.639352,0.896,6.555596e+04,3.438164e-02,3.2455,3.3328,0,7,122,649,56,73
1382,778,2160,0.639815,0.898,6.585139e+04,3.675216e-02,3.2258,3.3447,0,7,96,648,56,73
1383,777,2160,0.640278,0.896,6.623285e+04,1.900264e-02,3.2328,3.3562,0,8,66,647,56,73
1384,776,2160,0.640741,0.898,6.647168e+04,1.591404e-02,3.1982,3.3408,0,3,102,646,56,73
1385,775,2160,0.641204,0.896,6.669698e+04,1.873302e-02,3.1945,3.3333,0,0,54,645,56,73
1386,774,2160,0.641667,0.895,6.674459e+04,1.697564e-02,3.1839,3.3498,0,6,102,644,56,73
1387,773,2160,0.64213,0.894,6.672858e+04,3.460298e-02,3.1975,3.3574,0,7,53,643,56,73
1388,772,2160,0.642593,0.896,6.706023e+04,5.340109e-03,3.2042,3.3382,2,3,6,643,56,72
1389,771,2160,0.643056,0.896,6.693725e+04,3.780559e-02,3.2128,3.3227,0,7,73,642,56,72
1390,770,2160,0.643519,0.895,6.737710e+04,3.137562e-02,3.2051,3.3445,0,9,20,641,56,72
1391,769,2160,0.643981,0.895,6.769539e+04,1.732409e-02,3.2707,3.3587,0,4,20,640,56,72
1392,768,2160,0.644444,0.896,6.761787e+04,1.992404e-02,3.222,3.3535,0,4,135,639,56,72
1393,767,2160,0.644907,0.894,6.783731e+04,1.527235e-02,3.1997,3.3394,0,3,64,638,56,72
1394,766,2160,0.64537,0.896,6.810827e+04,1.933798e-02,3.2451,3.3557,0,6,19,637,56,72
1395,765,2160,0.645833,0.895,6.835269e+04,1.656139e-02,3.2167,3.337,0,1,141,636,56,72
1396,764,2160,0.646296,0.895,6.876088e+04,1.714075e-02,3.2123,3.3395,0,1,96,635,56,72
1397,763,2160,0.646759,0.895,6.880124e+04,1.917962e-02,3.2131,3.3466,0,8,131,634,56,72
1398,762,2160,0.647222,0.895,6.900146e+04,2.026416e-02,3.2133,3.3386,0,4,46,633,56,72
1399,761,2160,0.647685,0.896,6.934897e+04,2.990076e-02,3.2154,3.3356,0,9,46,632,56,72
1400,760,2160,0.648148,0.897,6.919333e+04,1.884069e-02,3.208,3.345,0,4,131,631,56,72
1401,759,2160,0.648611,0.895,6.937766e+04,3.051168e-02,3.2264,3.3461,0,9,120,630,56,72
1402,758,2160,0.649074,0.893,6.973837e+04,3.432918e-02,3.2184,3.341,0,7,159,629,56,72
1403,757,2160,0.649537,0.895,7.009399e+04,9.009106e-02,3.2353,3.3336,1,1,7,629,55,72
1404,756,2160,0.65,0.895,7.113679e+04,3.980508e-02,3.2208,3.3549,0,7,91,628,55,72
1405,755,2160,0.650463,0.897,7.137396e+04,1.975689e-02,3.2166,3.3209,0,4,125,627,55,72
1406,754,2160,0.650926,0.898,7.180961e+04,2.057195e-02,3.2318,3.3409,0,4,118,626,55,72
1407,753,2160,0.651389,0.898,7.192524e+04,1.978541e-02,3.1909,3.3447,0,6,133,625,55,72
1408,752,2160,0.651852,0.901,7.215559e+04,1.448454e-02,3.1974,3.3216,0,3,133,624,55,72
1409,751,2160,0.652315,0.899,7.212891e+04,1.944620e-02,3.2093,3.3463,0,8,80,623,55,72
1410,750,2160,0.652778,0.901,7.234760e+04,1.950382e-02,3.2208,3.357,0,8,177,622,55,72
1411,749,2160,0.653241,0.901,7.254233e+04,1.563904e-02,3.2261,3.357,0,5,191,621,55,72
1412,748,2160,0.653704,0.898,7.261105e+04,1.547376e-02,3.2148,3.3452,0,3,174,620,55,72
1413,747,2160,0.654167,0.898,7.279046e+04,3.755441e-02,3.2326,3.34,0,7,103,619,55,72
1414,746,2160,0.65463,0.899,7.297750e+04,4.428310e-02,3.2292,3.3052,0,7,65,618,55,72
1415,745,2160,0.655093,0.896,7.336887e+04,1.506272e-02,3.2235,3.3281,0,3,122,617,55,72
1416,744,2160,0.655556,0.895,7.373543e+04,1.514391e-02,3.2092,3.3412,0,3,176,616,55,72
1417,743,2160,0.656019,0.895,7.410914e+04,3.856983e-02,3.2439,3.3427,0,7,107,615,55,72
1418,742,2160,0.656481,0.894,7.442426e+04,1.840997e-02,3.2586,3.3456,0,6,107,614,55,72
1419,741,2160,0.656944,0.896,7.449583e+04,1.499533e-02,3.2564,3.3632,0,3,65,613,55,72
1420,740,2160,0.657407,0.895,7.465447e+04,2.989241e-02,3.214,3.3254,0,9,79,612,55,72
1421,739,2160,0.65787,0.895,7.490952e+04,1.843876e-02,3.2197,3.3335,0,6,3,611,55,72
1422,738,2160,0.658333,0.895,7.538436e+04,1.468491e-02,3.2215,3.327,0,3,63,610,55,72
1423,737,2160,0.658796,0.895,7.552982e+04,1.565923e-02,3.2088,3.3411,0,3,175,609,55,72
1424,736,2160,0.659259,0.895,7.569463e+04,1.509907e-02,3.2119,3.3534,0,5,121,608,55,72
1425,735,2160,0.659722,0.892,7.589095e+04,1.910872e-02,3.2173,3.3547,0,8,157,607,55,72
1426,734,2160,0.660185,0.891,7.626676e+04,1.583075e-02,3.2483,3.3518,0,3,68,606,55,72
1427,733,2160,0.660648,0.892,7.645913e+04,1.971403e-02,3.2285,3.3583,0,8,159,605,55,72
1428,732,2160,0.661111,0.89,7.669377e+04,1.549579e-02,3.2271,3.3286,0,3,172,604,55,72
1429,731,2160,0.661574,0.892,7.676009e+04,2.887321e-02,3.2148,3.3249,0,9,119,603,55,72
1430,730,2160,0.662037,0.892,7.703264e+04,1.421193e-02,3.2059,3.334,0,3,119,602,55,72
1431,729,2160,0.6625,0.893,7.710368e+04,1.664137e-02,3.2196,3.3378,0,1,60,601,55,72
1432,728,2160,0.662963,0.893,7.729550e+04,1.964450e-02,3.2274,3.3552,0,4,160,600,55,72
1433,727,2160,0.663426,0.893,7.746521e+04,3.842772e-02,3.2312,3.3271,0,7,49,599,55,72
1434,726,2160,0.663889,0.891,7.765294e+04,1.926256e-02,3.2232,3.3425,0,8,60,598,55,72
1435,725,2160,0.664352,0.889,7.767641e+04,1.679167e-02,3.2157,3.3317,0,1,159,597,55,72
1436,724,2160,0.664815,0.891,7.762954e+04,1.878263e-02,3.213,3.3388,0,0,190,596,55,72
1437,723,2160,0.665278,0.89,7.771269e+04,4.247798e-02,3.2337,3.3388,0,7,94,595,55,72
1438,722,2160,0.665741,0.89,7.800772e+04,2.036504e-02,3.2359,3.3315,0,4,170,594,55,72
1439,721,2160,0.666204,0.89,7.818140e+04,1.477714e-02,3.2237,3.3228,0,0,170,593,55,72
1440,720,2160,0.666667,0.889,7.801556e+04,1.814384e-02,3.2414,3.3615,0,6,61,592,55,72
1441,719,2160,0.66713,0.887,7.845150e+04,1.535948e-02,3.2451,3.357,0,5,149,591,55,72
1442,718,2160,0.667593,0.889,7.848789e+04,1.819327e-02,3.2528,3.3545,0,6,149,590,55,72
1443,717,2160,0.668056,0.89,7.853350e+04,1.933028e-02,3.2205,3.3494,0,4,51,589,55,72
1444,716,2160,0.668519,0.89,7.885184e+04,1.802343e-02,3.1798,3.3341,0,0,79,588,55,72
1445,715,2160,0.668981,0.888,7.909128e+04,1.936360e-02,3.2202,3.3379,0,4,129,587,55,72
1446,714,2160,0.669444,0.889,7.946809e+04,1.948636e-02,3.2194,3.3284,0,8,79,586,55,72
1447,713,2160,0.669907,0.892,7.971007e+04,1.515513e-02,3.2281,3.3099,0,5,94,585,55,72
1448,712,2160,0.67037,0.891,7.973627e+04,1.967835e-02,3.207,3.3364,0,8,36,584,55,72
1449,711,2160,0.670833,0.889,8.002110e+04,2.009534e-02,3.2436,3.3235,0,4,174,583,55,72
1450,710,2160,0.671296,0.888,8.034726e+04,1.974415e-02,3.1908,3.341,0,4,158,582,55,72
1451,709,2160,0.671759,0.89,8.071989e+04,2.915598e-02,3.1906,3.3509,0,9,58,581,55,72
1452,708,2160,0.672222,0.89,8.095411e+04,2.909836e-02,3.2312,3.3492,0,9,102,580,55,72
1453,707,2160,0.672685,0.889,8.115416e+04,1.755893e-02,3.2387,3.344,0,1,155,579,55,72
1454,706,2160,0.673148,0.888,8.130972e+04,8.648819e-03,3.2122,3.347,0,5,155,578,55,72
1455,705,2160,0.673611,0.888,8.115416e+04,3.922042e-02,3.2199,3.3479,0,7,145,577,55,72
1456,704,2160,0.674074,0.889,8.150519e+04,1.503022e-02,3.2338,3.3361,0,3,154,576,55,72
1457,703,2160,0.674537,0.888,8.210041e+04,1.904476e-02,3.2414,3.3374,0,6,94,575,55,72
1458,702,2160,0.675,0.89,8.238080e+04,2.007670e-02,3.2173,3.354,0,0,188,574,55,72
1459,701,2160,0.675463,0.891,8.261057e+04,1.878869e-02,3.2129,3.3508,0,0,99,573,55,72
1460,700,2160,0.675926,0.888,8.321389e+04,1.505304e-02,3.208,3.3552,0,3,98,572,55,72
1461,699,2160,0.676389,0.887,8.380366e+04,1.948579e-02,3.2076,3.3349,0,4,98,571,55,72
1462,698,2160,0.676852,0.885,8.434779e+04,2.067797e-02,3.2072,3.3441,0,4,106,570,55,72
1463,697,2160,0.677315,0.882,8.464048e+04,2.922826e-02,3.2222,3.3529,0,9,24,569,55,72
1464,696,2160,0.677778,0.885,8.503540e+04,1.930797e-02,3.2653,3.3245,0,6,129,568,55,72
1465,695,2160,0.678241,0.883,8.551320e+04,1.976156e-02,3.238,3.4277,0,0,0,567,55,72
1466,694,2160,0.678704,0.881,8.591099e+04,1.577994e-02,3.248,3.4115,0,5,188,566,55,72
1467,693,2160,0.679167,0.88,8.598954e+04,1.749778e-02,3.4527,3.408,0,4,0,565,55,72
1468,692,2160,0.67963,0.881,8.601284e+04,1.915071e-02,3.2435,3.3366,0,0,106,564,55,72
1469,691,2160,0.680093,0.886,8.628012e+04,1.993958e-02,3.2147,3.3418,0,0,143,563,55,72
1470,690,2160,0.680556,0.888,8.655960e+04,1.989161e-02,3.2181,3.3257,0,6,52,562,55,72
1471,689,2160,0.681019,0.889,8.685679e+04,1.990220e-02,3.2396,3.3411,0,6,36,561,55,72
1472,688,2160,0.681481,0.888,8.709370e+04,2.056176e-02,3.2026,3.3491,0,8,2,560,55,72
1473,687,2160,0.681944,0.883,8.769645e+04,2.096046e-02,3.2193,3.3503,0,4,50,559,55,72
1474,686,2160,0.682407,0.88,8.814859e+04,1.651539e-02,3.227,3.3434,0,1,26,558,55,72
1475,685,2160,0.68287,0.878,8.884003e+04,1.654265e-02,3.2253,3.3617,0,1,10,557,55,72
1476,684,2160,0.683333,0.88,8.956715e+04,4.098189e-02,3.2119,3.3466,1,1,6,557,54,72
1477,683,2160,0.683796,0.874,9.003127e+04,1.663314e-02,3.2288,3.3422,0,5,173,556,54,72
1478,682,2160,0.684259,0.874,8.990948e+04,1.996065e-02,3.2031,3.3439,0,0,137,555,54,72
1479,681,2160,0.684722,0.873,9.006602e+04,1.714878e-02,3.2318,3.3401,0,1,7,554,54,72
1480,680,2160,0.685185,0.875,9.060644e+04,1.610419e-02,3.217,3.3392,0,3,67,553,54,72
1481,679,2160,0.685648,0.877,9.088338e+04,2.100779e-02,3.2152,3.3551,0,4,48,552,54,72
1482,678,2160,0.686111,0.873,9.128499e+04,2.107969e-02,3.2309,3.3348,0,8,49,551,54,72
1483,677,2160,0.686574,0.872,9.152264e+04,2.003876e-02,3.2336,3.3235,0,0,173,550,54,72
1484,676,2160,0.687037,0.871,9.172598e+04,2.049345e-02,3.2208,3.3425,0,4,161,549,54,72
1485,675,2160,0.6875,0.869,9.181386e+04,2.132551e-02,3.2389,3.3511,0,4,32,548,54,72
1486,674,2160,0.687963,0.87,9.218839e+04,1.782960e-02,3.2297,3.3354,0,1,66,547,54,72
1487,673,2160,0.688426,0.874,9.264003e+04,1.396267e-02,3.2346,3.3311,0,5,32,546,54,72
1488,672,2160,0.688889,0.874,9.315902e+04,2.218418e-02,3.2346,3.3263,0,4,171,545,54,72
1489,671,2160,0.689352,0.877,9.355367e+04,2.219189e-02,3.2382,3.3374,0,4,28,544,54,72
1490,670,2160,0.689815,0.877,9.395935e+04,2.231085e-02,3.2333,3.3403,0,8,44,543,54,72
1491,669,2160,0.690278,0.875,9.457510e+04,1.897247e-02,3.2271,3.3425,0,0,28,542,54,72
1492,668,2160,0.690741,0.874,9.482739e+04,1.523181e-02,3.2467,3.3526,0,3,28,541,54,72
1493,667,2160,0.691204,0.873,9.555550e+04,1.755087e-02,3.2418,3.3497,0,1,11,540,54,72
1494,666,2160,0.691667,0.873,9.640958e+04,2.120065e-02,3.2062,3.3408,0,0,151,539,54,72
1495,665,2160,0.69213,0.873,9.691735e+04,2.207812e-02,3.2485,3.3481,0,0,171,538,54,72
1496,664,2160,0.692593,0.871,9.727427e+04,2.271293e-02,3.2288,3.3452,0,4,130,537,54,72
1497,663,2160,0.693056,0.869,9.763849e+04,2.225544e-02,3.2332,3.3368,0,4,146,536,54,72
1498,662,2160,0.693519,0.868,9.812449e+04,2.251156e-02,3.2243,3.3579,0,8,122,535,54,72
1499,661,2160,0.693981,0.866,9.877880e+04,2.217495e-02,3.1931,3.3485,0,6,135,534,54,72
1500,660,2160,0.694444,0.867,9.907910e+04,2.202205e-02,3.2028,3.346,0,8,130,533,54,72
1501,659,2160,0.694907,0.868,9.951191e+04,1.876237e-02,3.2188,3.3611,0,1,151,532,54,72
1502,658,2160,0.69537,0.868,9.936973e+04,2.144513e-02,3.2315,3.3472,0,0,113,531,54,72
1503,657,2160,0.695833,0.866,9.967854e+04,2.176774e-02,3.2143,3.3481,0,4,113,530,54,72
1504,656,2160,0.696296,0.866,9.964366e+04,2.089508e-02,3.2051,3.3525,0,6,121,529,54,72
1505,655,2160,0.696759,0.867,1.002109e+05,1.910751e-02,3.1992,3.3424,0,0,121,528,54,72
1506,654,2160,0.697222,0.868,1.001856e+05,3.052174e-02,3.2116,3.3294,0,9,61,527,54,72
1507,653,2160,0.697685,0.868,1.003998e+05,2.307349e-02,3.2372,3.3462,0,4,47,526,54,72
1508,652,2160,0.698148,0.863,1.008288e+05,2.041444e-02,3.2038,3.3372,0,4,61,525,54,72
1509,651,2160,0.698611,0.862,1.007228e+05,2.234127e-02,3.2132,3.3494,0,0,30,524,54,72
1510,650,2160,0.699074,0.862,1.011689e+05,1.800326e-02,3.2225,3.3572,0,3,23,523,54,72
1511,649,2160,0.699537,0.863,1.015421e+05,2.180652e-02,3.2191,3.3455,0,0,111,522,54,72
1512,648,2160,0.7,0.863,1.023107e+05,2.374046e-02,3.2304,3.3381,0,8,58,521,54,72
1513,647,2160,0.700463,0.862,1.026931e+05,3.261128e-02,3.2085,3.3497,0,9,47,520,54,72
1514,646,2160,0.700926,0.86,1.028756e+05,5.609430e-02,3.2259,3.3474,1,2,9,520,53,72
1515,645,2160,0.701389,0.861,1.034656e+05,3.386783e-02,3.222,3.319,0,9,33,519,53,72
1516,644,2160,0.701852,0.858,1.040324e+05,1.097394e-02,3.2236,3.3461,1,8,4,519,52,72
1517,643,2160,0.702315,0.857,1.038335e+05,1.692054e-02,3.2357,3.347,0,5,58,518,52,72
1518,642,2160,0.702778,0.855,1.038220e+05,2.283632e-02,3.234,3.3556,0,8,127,517,52,72
1519,641,2160,0.703241,0.856,1.044085e+05,3.438138e-02,3.2237,3.3552,0,9,52,516,52,72
1520,640,2160,0.703704,0.855,1.048127e+05,2.208210e-02,3.2173,3.3481,0,6,55,515,52,72
1521,639,2160,0.704167,0.856,1.056555e+05,2.257944e-02,3.233,3.3408,0,4,52,514,52,72
1522,638,2160,0.70463,0.857,1.059349e+05,2.413629e-02,3.2211,3.3269,0,4,4,513,52,72
1523,637,2160,0.705093,0.859,1.065540e+05,2.032474e-02,3.2282,3.3406,0,0,4,512,52,72
1524,636,2160,0.705556,0.855,1.065355e+05,1.882930e-02,3.2288,3.3524,0,1,167,511,52,72
1525,635,2160,0.706019,0.857,1.075427e+05,2.408976e-02,3.2247,3.3551,0,4,81,510,52,72
1526,634,2160,0.706481,0.858,1.080338e+05,2.194735e-02,3.2447,3.3561,0,0,140,509,52,72
1527,633,2160,0.706944,0.859,1.089350e+05,2.429081e-02,3.2113,3.3476,0,4,45,508,52,72
1528,632,2160,0.707407,0.86,1.096047e+05,6.238244e-02,3.2347,3.3495,1,6,9,508,51,72
1529,631,2160,0.70787,0.862,1.100587e+05,1.547345e-02,3.2238,3.3498,0,5,45,507,51,72
1530,630,2160,0.708333,0.859,1.105800e+05,4.662775e-02,3.2268,3.3377,0,7,79,506,51,72
1531,629,2160,0.708796,0.859,1.111441e+05,1.820696e-02,3.2183,3.3414,0,3,6,505,51,72
1532,628,2160,0.709259,0.858,1.117584e+05,1.597047e-02,3.2006,3.3447,0,5,6,504,51,72
1533,627,2160,0.709722,0.858,1.122809e+05,1.916653e-02,3.2249,3.3402,0,3,39,503,51,72
1534,626,2160,0.710185,0.858,1.126767e+05,2.469956e-02,3.2224,3.3357,0,8,29,502,51,72
1535,625,2160,0.710648,0.857,1.135145e+05,2.062515e-02,3.2341,3.3425,0,6,29,501,51,72
1536,624,2160,0.711111,0.858,1.138179e+05,2.394802e-02,3.2237,3.3464,0,6,156,500,51,72
1537,623,2160,0.711574,0.857,1.143190e+05,2.398166e-02,3.2393,3.342,0,0,68,499,51,72
1538,622,2160,0.712037,0.857,1.145526e+05,4.643816e-02,3.217,3.3511,0,7,78,498,51,72
1539,621,2160,0.7125,0.852,1.150037e+05,2.290661e-02,3.2387,3.3293,0,6,93,497,51,72
1540,620,2160,0.712963,0.85,1.156910e+05,1.811436e-02,3.2241,3.359,0,5,39,496,51,72
1541,619,2160,0.713426,0.853,1.157215e+05,2.053644e-02,3.2501,3.3491,0,1,68,495,51,72
1542,618,2160,0.713889,0.851,1.156202e+05,4.097449e-02,3.2233,3.354,0,7,89,494,51,72
1543,617,2160,0.714352,0.847,1.158806e+05,2.113476e-02,3.2356,3.329,0,1,37,493,51,72
1544,616,2160,0.714815,0.846,1.163413e+05,2.509538e-02,3.2319,3.339,0,4,14,492,51,72
1545,615,2160,0.715278,0.849,1.168468e+05,2.245800e-02,3.211,3.3611,0,0,14,491,51,72
1546,614,2160,0.715741,0.846,1.167928e+05,2.133170e-02,3.226,3.3443,0,1,118,490,51,72
1547,613,2160,0.716204,0.848,1.170487e+05,1.672723e-02,3.2233,3.3389,0,5,184,489,51,72
1548,612,2160,0.716667,0.848,1.180758e+05,4.551940e-02,3.2144,3.3399,0,7,80,488,51,72
1549,611,2160,0.71713,0.846,1.185058e+05,2.019043e-02,3.2188,3.3289,0,1,194,487,51,72
1550,610,2160,0.717593,0.843,1.195144e+05,2.489979e-02,3.2062,3.3442,0,8,143,486,51,72
1551,609,2160,0.718056,0.843,1.202189e+05,2.506485e-02,3.2313,3.3494,0,8,102,485,51,72
1552,608,2160,0.718519,0.842,1.209298e+05,2.523735e-02,3.2472,3.3514,0,8,62,484,51,72
1553,607,2160,0.718981,0.835,1.214061e+05,4.244140e-02,3.2604,3.3297,0,7,134,483,51,72
1554,606,2160,0.719444,0.831,1.219574e+05,2.453379e-02,3.2312,3.338,0,4,169,482,51,72
1555,605,2160,0.719907,0.826,1.229779e+05,2.521533e-02,3.2261,3.3599,0,8,34,481,51,72
1556,604,2160,0.72037,0.833,1.234870e+05,2.482004e-02,3.2144,3.3414,0,8,96,480,51,72
1557,603,2160,0.720833,0.823,1.242519e+05,2.206792e-02,3.2305,3.3379,0,1,40,479,51,72
1558,602,2160,0.721296,0.827,1.245055e+05,2.228188e-02,3.2244,3.3096,0,1,106,478,51,72
1559,601,2160,0.721759,0.827,1.245971e+05,1.821295e-02,3.2239,3.3515,0,3,111,477,51,72
1560,600,2160,0.722222,0.824,1.256244e+05,1.811754e-02,3.2345,3.3445,0,5,74,476,51,72
1561,599,2160,0.722685,0.819,1.263014e+05,2.515873e-02,3.2262,3.3389,0,4,117,475,51,72
1562,598,2160,0.723148,0.823,1.266482e+05,2.473869e-02,3.2513,3.3434,0,6,81,474,51,72
1563,597,2160,0.723611,0.824,1.272433e+05,1.964105e-02,3.2479,3.3624,0,5,156,473,51,72
1564,596,2160,0.724074,0.826,1.272674e+05,2.447617e-02,3.201,3.3448,0,0,128,472,51,72
1565,595,2160,0.724537,0.829,1.278927e+05,3.797790e-02,3.2145,3.3434,0,9,74,471,51,72
1566,594,2160,0.725,0.822,1.284983e+05,2.555868e-02,3.2253,3.3091,0,0,165,470,51,72
1567,593,2160,0.725463,0.824,1.286850e+05,2.482896e-02,3.2237,3.3586,0,4,165,469,51,72
1568,592,2160,0.725926,0.822,1.288714e+05,2.222349e-02,3.2188,3.3535,0,1,144,468,51,72
1569,591,2160,0.726389,0.824,1.294364e+05,2.136864e-02,3.2405,3.3446,0,1,93,467,51,72
1570,590,2160,0.726852,0.818,1.303411e+05,2.581096e-02,3.2385,3.3598,0,8,105,466,51,72
1571,589,2160,0.727315,0.818,1.307071e+05,2.538096e-02,3.2375,3.341,0,6,115,465,51,72
1572,588,2160,0.727778,0.818,1.310107e+05,1.770965e-02,3.2241,3.3462,0,5,16,464,51,72
1573,587,2160,0.728241,0.819,1.320102e+05,1.846655e-02,3.2088,3.3583,0,5,40,463,51,72
1574,586,2160,0.728704,0.817,1.326636e+05,3.763720e-02,3.2457,3.3342,0,9,117,462,51,72
1575,585,2160,0.729167,0.816,1.329817e+05,1.736925e-02,3.2253,3.3431,0,3,40,461,51,72
1576,584,2160,0.72963,0.817,1.328834e+05,2.449624e-02,3.2437,3.3362,0,6,95,460,51,72
1577,583,2160,0.730093,0.818,1.331993e+05,2.426649e-02,3.229,3.3327,0,6,65,459,51,72
1578,582,2160,0.730556,0.818,1.340010e+05,1.854749e-02,3.1996,3.3457,0,3,123,458,51,72
1579,581,2160,0.731019,0.814,1.350622e+05,1.844107e-02,3.2194,3.3372,0,3,70,457,51,72
1580,580,2160,0.731481,0.819,1.362593e+05,2.460439e-02,3.2237,3.3506,0,0,191,456,51,72
1581,579,2160,0.731944,0.819,1.374072e+05,2.568161e-02,3.2091,3.3552,0,0,189,455,51,72
1582,578,2160,0.732407,0.82,1.381594e+05,1.288031e-02,3.2202,3.3487,0,5,189,454,51,72
1583,577,2160,0.73287,0.816,1.379210e+05,2.287051e-02,3.2066,3.3325,0,1,128,453,51,72
1584,576,2160,0.733333,0.818,1.383398e+05,1.991077e-02,3.223,3.3416,0,3,31,452,51,72
1585,575,2160,0.733796,0.816,1.388459e+05,4.169275e-02,3.251,3.3414,0,9,122,451,51,72
1586,574,2160,0.734259,0.814,1.398290e+05,2.542816e-02,3.2211,3.3461,0,0,133,450,51,72
1587,573,2160,0.734722,0.812,1.408354e+05,2.630188e-02,3.2232,3.3568,0,0,23,449,51,72
1588,572,2160,0.735185,0.809,1.413098e+05,2.187728e-02,3.2441,3.3351,0,1,133,448,51,72
1589,571,2160,0.735648,0.81,1.422240e+05,2.533800e-02,3.2217,3.3544,0,0,186,447,51,72
1590,570,2160,0.736111,0.81,1.433554e+05,2.526213e-02,3.2011,3.3419,0,4,23,446,51,72
1591,569,2160,0.736574,0.814,1.441468e+05,1.927027e-02,3.2196,2.1477,0,3,66,445,51,72
1592,568,2160,0.737037,0.813,1.455439e+05,2.740802e-02,3.2246,3.348,0,4,77,444,51,72
1593,567,2160,0.7375,0.814,1.464547e+05,2.565396e-02,3.2088,3.3518,0,6,125,443,51,72
1594,566,2160,0.737963,0.812,1.477812e+05,2.573366e-02,3.2283,3.3537,0,6,48,442,51,72
1595,565,2160,0.738426,0.815,1.484625e+05,2.171677e-02,3.2268,3.335,0,5,62,441,51,72
1596,564,2160,0.738889,0.811,1.483794e+05,1.753860e-02,3.2315,3.3495,0,3,62,440,51,72
1597,563,2160,0.739352,0.812,1.488050e+05,2.483378e-02,3.2303,3.3316,0,6,24,439,51,72
1598,562,2160,0.739815,0.814,1.499116e+05,3.496627e-02,3.234,3.3279,1,2,8,439,50,72
1599,561,2160,0.740278,0.814,1.501449e+05,2.564309e-02,3.2155,3.3355,0,6,60,438,50,72
1600,560,2160,0.740741,0.812,1.511398e+05,2.235960e-02,3.2311,3.3471,0,3,73,437,50,72
1601,559,2160,0.741204,0.815,1.516970e+05,1.461662e-02,3.2154,3.3424,1,3,5,437,49,72
1602,558,2160,0.741667,0.812,1.514203e+05,2.693384e-02,3.2355,3.3424,0,0,161,436,49,72
1603,557,2160,0.74213,0.812,1.520686e+05,1.947618e-02,3.2143,3.3356,0,5,96,435,49,72
1604,556,2160,0.742593,0.814,1.533043e+05,2.794513e-02,3.2245,3.3462,0,0,67,434,49,72
1605,555,2160,0.743056,0.811,1.537496e+05,2.050364e-02,3.2332,3.3524,0,3,192,433,49,72
1606,554,2160,0.743519,0.81,1.550268e+05,2.692087e-02,3.2383,3.3559,0,8,98,432,49,72
1607,553,2160,0.743981,0.812,1.564512e+05,2.786941e-02,3.2244,3.3444,0,6,143,431,49,72
1608,552,2160,0.744444,0.811,1.571995e+05,2.955624e-02,3.2293,3.353,0,4,148,430,49,72
1609,551,2160,0.744907,0.81,1.577482e+05,2.999969e-02,3.2422,3.3533,0,8,87,429,49,72
1610,550,2160,0.74537,0.812,1.579594e+05,3.153360e-02,3.2224,3.328,2,7,8,429,49,71
1611,549,2160,0.745833,0.81,1.578928e+05,2.780167e-02,3.2248,3.355,0,0,148,428,49,71
1612,548,2160,0.746296,0.81,1.586560e+05,2.824488e-02,3.2282,3.3512,0,0,187,427,49,71
1613,547,2160,0.746759,0.809,1.597228e+05,2.711747e-02,3.2214,3.3385,0,6,26,426,49,71
1614,546,2160,0.747222,0.809,1.610955e+05,2.575965e-02,3.2254,3.3404,0,1,33,425,49,71
1615,545,2160,0.747685,0.812,1.621305e+05,2.774139e-02,3.2333,3.3506,0,0,56,424,49,71
1616,544,2160,0.748148,0.813,1.636490e+05,2.800227e-02,3.2275,3.3478,0,6,172,423,49,71
1617,543,2160,0.748611,0.812,1.648697e+05,2.576065e-02,3.2315,3.3373,0,1,81,422,49,71
1618,542,2160,0.749074,0.812,1.661939e+05,2.115680e-02,3.2123,3.3656,0,5,102,421,49,71
1619,541,2160,0.749537,0.811,1.674644e+05,2.598078e-02,3.1945,3.3501,0,1,53,420,49,71
1620,540,2160,0.75,0.812,1.686692e+05,2.936625e-02,3.2128,3.3352,0,6,82,419,49,71
1621,539,2160,0.750463,0.81,1.690932e+05,2.834210e-02,3.2491,3.3468,0,8,172,418,49,71
1622,538,2160,0.750926,0.814,1.691387e+05,1.945646e-02,3.2337,3.3192,0,1,172,417,49,71
1623,537,2160,0.751389,0.814,1.685639e+05,2.439679e-02,3.2327,3.3555,0,1,119,416,49,71
1624,536,2160,0.751852,0.811,1.696012e+05,2.314575e-02,3.1916,3.3318,0,3,177,415,49,71
1625,535,2160,0.752315,0.81,1.701586e+05,2.178897e-02,3.1964,3.3339,0,6,177,414,49,71
1626,534,2160,0.752778,0.812,1.698287e+05,2.469249e-02,3.2375,3.3496,0,1,61,413,49,71
1627,533,2160,0.753241,0.809,1.709397e+05,3.050291e-02,3.2276,3.3476,2,7,3,413,49,70
1628,532,2160,0.753704,0.81,1.704766e+05,3.000144e-02,3.2197,3.3383,0,0,175,412,49,70
1629,531,2160,0.754167,0.81,1.709419e+05,2.693885e-02,3.2189,3.3271,0,1,161,411,49,70
1630,530,2160,0.75463,0.81,1.708298e+05,4.690707e-02,3.2234,3.3429,0,9,135,410,49,70
1631,529,2160,0.755093,0.815,1.716838e+05,2.548501e-02,3.2625,3.3548,0,1,62,409,49,70
1632,528,2160,0.755556,0.818,1.726612e+05,2.911090e-02,3.2154,3.3321,0,4,115,408,49,70
1633,527,2160,0.756019,0.819,1.730430e+05,3.064807e-02,3.2281,3.3402,0,0,135,407,49,70
1634,526,2160,0.756481,0.816,1.737624e+05,2.247752e-02,3.2273,3.3529,0,3,115,406,49,70
1635,525,2160,0.756944,0.817,1.740453e+05,2.956488e-02,3.2337,3.3389,0,0,74,405,49,70
1636,524,2160,0.757407,0.813,1.750235e+05,3.003127e-02,3.2302,3.3522,0,6,108,404,49,70
1637,523,2160,0.75787,0.814,1.753134e+05,2.878765e-02,3.2539,3.3532,0,6,117,403,49,70
1638,522,2160,0.758333,0.813,1.756823e+05,2.928199e-02,3.2186,3.3323,0,4,132,402,49,70
1639,521,2160,0.758796,0.81,1.763454e+05,3.406692e-02,3.2144,3.3385,2,1,3,402,49,69
1640,520,2160,0.759259,0.81,1.756754e+05,3.000543e-02,3.2325,3.3632,0,8,115,401,49,69
1641,519,2160,0.759722,0.81,1.758864e+05,3.104479e-02,3.2365,3.3489,0,0,142,400,49,69
1642,518,2160,0.760185,0.814,1.762695e+05,2.891224e-02,3.2591,3.3385,0,8,77,399,49,69
1643,517,2160,0.760648,0.812,1.766265e+05,2.953110e-02,3.208,3.3482,0,6,162,398,49,69
1644,516,2160,0.761111,0.811,1.770034e+05,2.512584e-02,3.2159,3.351,0,0,162,397,49,69
1645,515,2160,0.761574,0.817,1.773683e+05,2.140297e-02,3.2358,3.3461,1,8,0,397,48,69
1646,514,2160,0.762037,0.822,1.774178e+05,1.685473e-02,3.239,3.3466,1,9,4,397,47,69
1647,513,2160,0.7625,0.819,1.772127e+05,2.464486e-02,3.2194,3.3411,0,1,147,396,47,69
1648,512,2160,0.762963,0.818,1.783272e+05,2.837765e-02,3.2284,3.3373,0,6,116,395,47,69
1649,511,2160,0.763426,0.818,1.787464e+05,2.538086e-02,3.2289,3.3519,0,1,176,394,47,69
1650,510,2160,0.763889,0.817,1.800789e+05,2.903693e-02,3.2391,3.3442,0,8,19,393,47,69
1651,509,2160,0.764352,0.814,1.809097e+05,2.906580e-02,3.229,3.3481,0,8,136,392,47,69
1652,508,2160,0.764815,0.815,1.816645e+05,2.580978e-02,3.23,3.3553,0,1,80,391,47,69
1653,507,2160,0.765278,0.82,1.829677e+05,3.210848e-02,3.2603,3.3452,0,0,138,390,47,69
1654,506,2160,0.765741,0.823,1.832569e+05,3.077254e-02,3.208,3.3497,0,6,86,389,47,69
1655,505,2160,0.766204,0.824,1.836701e+05,3.174304e-02,3.2408,3.3628,0,0,123,388,47,69
1656,504,2160,0.766667,0.821,1.850845e+05,2.366753e-02,3.2214,3.347,0,3,117,387,47,69
1657,503,2160,0.76713,0.82,1.858119e+05,3.036105e-02,3.2351,3.3455,0,8,94,386,47,69
1658,502,2160,0.767593,0.817,1.864587e+05,2.927186e-02,3.2149,3.3587,0,4,166,385,47,69
1659,501,2160,0.768056,0.813,1.871871e+05,2.343351e-02,3.2255,3.3388,0,0,166,384,47,69
1660,500,2160,0.768519,0.817,1.866907e+05,2.881259e-02,3.2518,3.3369,0,6,187,383,47,69
1661,499,2160,0.768981,0.816,1.883135e+05,4.660608e-02,3.2267,3.3385,2,7,2,383,47,68
1662,498,2160,0.769444,0.822,1.889342e+05,2.345112e-02,3.2218,3.3395,0,5,17,382,47,68
1663,497,2160,0.769907,0.82,1.897360e+05,1.370286e-02,3.2389,3.3383,0,3,17,381,47,68
1664,496,2160,0.77037,0.822,1.897072e+05,2.294121e-02,3.227,3.3424,0,5,161,380,47,68
1665,495,2160,0.770833,0.822,1.906174e+05,2.161033e-02,3.2331,3.3301,0,3,33,379,47,68
1666,494,2160,0.771296,0.82,1.920566e+05,2.926980e-02,3.2198,3.3387,0,6,85,378,47,68
1667,493,2160,0.771759,0.824,1.936951e+05,2.146636e-02,3.2292,0.617,1,6,4,378,46,68
1668,492,2160,0.772222,0.82,1.939554e+05,2.924542e-02,3.1948,3.3311,0,4,75,377,46,68
1669,491,2160,0.772685,0.815,1.948004e+05,2.793620e-02,3.2322,3.3574,0,4,7,376,46,68
1670,490,2160,0.773148,0.813,1.964770e+05,2.330478e-02,3.2245,3.3451,0,5,75,375,46,68
1671,489,2160,0.773611,0.817,1.969925e+05,3.082587e-02,3.2214,3.3364,0,6,131,374,46,68
1672,488,2160,0.774074,0.819,1.974233e+05,2.873368e-02,3.2354,3.3408,0,1,38,373,46,68
1673,487,2160,0.774537,0.818,1.977978e+05,2.312260e-02,3.224,3.333,0,3,131,372,46,68
1674,486,2160,0.775,0.817,1.979400e+05,2.199729e-02,3.2327,3.3535,0,3,38,371,46,68
1675,485,2160,0.775463,0.812,1.994978e+05,2.809905e-02,3.2569,3.3509,0,1,146,370,46,68
1676,484,2160,0.775926,0.812,2.005336e+05,3.079014e-02,3.2057,3.3464,0,6,12,369,46,68
1677,483,2160,0.776389,0.815,2.020629e+05,4.559882e-02,3.2265,3.3472,0,9,90,368,46,68
1678,482,2160,0.776852,0.818,2.029510e+05,2.417095e-02,3.2233,3.3366,0,5,159,367,46,68
1679,481,2160,0.777315,0.811,2.041982e+05,2.415121e-02,3.2183,3.3462,0,3,22,366,46,68
1680,480,2160,0.777778,0.812,2.055672e+05,2.448838e-02,3.2605,3.358,0,8,22,365,46,68
1681,479,2160,0.778241,0.814,2.058496e+05,2.385912e-02,3.2456,3.3317,0,3,107,364,46,68
1682,478,2160,0.778704,0.812,2.072422e+05,2.774011e-02,3.2297,3.3464,0,1,170,363,46,68
1683,477,2160,0.779167,0.813,2.086946e+05,3.104251e-02,3.2454,3.3322,0,4,103,362,46,68
1684,476,2160,0.77963,0.808,2.093964e+05,3.058636e-02,3.2102,3.3436,0,4,190,361,46,68
1685,475,2160,0.780093,0.803,2.107135e+05,1.661592e-02,3.2178,3.3347,0,5,190,360,46,68
1686,474,2160,0.780556,0.805,2.106195e+05,3.353028e-02,3.2176,3.35,0,0,103,359,46,68
1687,473,2160,0.781019,0.807,2.113869e+05,2.932631e-02,3.2263,3.3469,0,1,137,358,46,68
1688,472,2160,0.781481,0.807,2.119716e+05,3.181038e-02,3.2334,3.3242,0,6,179,357,46,68
1689,471,2160,0.781944,0.808,2.138496e+05,3.107246e-02,3.2517,3.3403,0,4,138,356,46,68
1690,470,2160,0.782407,0.805,2.151122e+05,3.183500e-02,3.2458,3.3437,0,8,162,355,46,68
1691,469,2160,0.78287,0.805,2.161634e+05,2.908426e-02,3.2319,3.3371,0,4,179,354,46,68
1692,468,2160,0.783333,0.806,2.180219e+05,3.148589e-02,3.2308,3.354,0,4,82,353,46,68
1693,467,2160,0.783796,0.81,2.189115e+05,4.617994e-02,3.2184,3.3343,0,9,59,352,46,68
1694,466,2160,0.784259,0.807,2.200438e+05,3.357460e-02,3.2132,3.3245,0,8,73,351,46,68
1695,465,2160,0.784722,0.809,2.205882e+05,1.828301e-02,3.2374,3.3291,0,1,73,350,46,68
1696,464,2160,0.785185,0.805,2.203521e+05,1.947633e-02,3.2186,3.3432,0,5,59,349,46,68
1697,463,2160,0.785648,0.806,2.218566e+05,2.685439e-02,3.2287,3.3331,0,3,138,348,46,68
1698,462,2160,0.786111,0.803,2.224180e+05,2.598347e-02,3.2176,3.3456,0,3,161,347,46,68
1699,461,2160,0.786574,0.806,2.237553e+05,3.161000e-02,3.2678,3.3491,0,4,188,346,46,68
1700,460,2160,0.787037,0.803,2.255412e+05,3.330973e-02,3.2281,3.347,0,8,100,345,46,68
1701,459,2160,0.7875,0.799,2.267142e+05,2.904574e-02,3.2274,3.3584,0,1,39,344,46,68
1702,458,2160,0.787963,0.8,2.284331e+05,2.874154e-02,3.2592,3.3434,0,4,100,343,46,68
1703,457,2160,0.788426,0.803,2.295861e+05,2.386634e-02,3.2281,3.3215,0,3,43,342,46,68
1704,456,2160,0.788889,0.798,2.316710e+05,3.222321e-02,3.2292,3.3655,0,8,32,341,46,68
1705,455,2160,0.789352,0.795,2.339324e+05,3.543360e-02,3.2246,3.3361,0,0,149,340,46,68
1706,454,2160,0.789815,0.798,2.358128e+05,3.352922e-02,3.245,3.342,0,8,104,339,46,68
1707,453,2160,0.790278,0.794,2.369162e+05,3.457487e-02,3.2232,3.3267,0,6,119,338,46,68
1708,452,2160,0.790741,0.797,2.383993e+05,2.636147e-02,3.2372,3.3424,0,3,47,337,46,68
1709,451,2160,0.791204,0.793,2.395968e+05,2.651241e-02,3.2232,3.3519,0,3,51,336,46,68
1710,450,2160,0.791667,0.792,2.407128e+05,3.252204e-02,3.2576,3.3484,0,8,51,335,46,68
1711,449,2160,0.79213,0.787,2.412759e+05,2.714556e-02,3.2255,3.3417,0,5,47,334,46,68
1712,448,2160,0.792593,0.787,2.421331e+05,3.149385e-02,3.2366,3.3308,0,1,54,333,46,68
1713,447,2160,0.793056,0.789,2.422747e+05,2.794393e-02,3.2322,3.3381,0,5,51,332,46,68
1714,446,2160,0.793519,0.786,2.425593e+05,3.068368e-02,3.2422,3.3287,0,4,24,331,46,68
1715,445,2160,0.793981,0.78,2.444827e+05,3.630329e-02,3.2218,3.3323,0,6,78,330,46,68
1716,444,2160,0.794444,0.778,2.452559e+05,2.932988e-02,3.2551,3.3259,0,1,185,329,46,68
1717,443,2160,0.794907,0.779,2.472631e+05,2.676549e-02,3.2232,3.3272,0,5,52,328,46,68
1718,442,2160,0.79537,0.78,2.480219e+05,2.194654e-02,3.2147,3.3118,0,3,52,327,46,68
1719,441,2160,0.795833,0.777,2.493415e+05,2.610509e-02,3.23,3.3295,0,5,78,326,46,68
1720,440,2160,0.796296,0.775,2.501244e+05,3.450125e-02,3.2282,3.3389,0,6,64,325,46,68
1721,439,2160,0.796759,0.772,2.520447e+05,3.972614e-02,3.2603,3.3291,0,0,91,324,46,68
1722,438,2160,0.797222,0.77,2.527856e+05,4.341053e-02,3.2136,3.3399,2,4,1,324,46,67
1723,437,2160,0.797685,0.764,2.529375e+05,3.608599e-02,3.2276,3.34,0,0,116,323,46,67
1724,436,2160,0.798148,0.772,2.533595e+05,3.652978e-02,3.2592,3.3492,0,0,92,322,46,67
1725,435,2160,0.798611,0.769,2.546873e+05,3.277781e-02,3.2473,3.377,0,1,3,321,46,67
1726,434,2160,0.799074,0.768,2.554543e+05,1.213060e-02,3.2843,3.368,0,5,3,320,46,67
1727,433,2160,0.799537,0.77,2.553213e+05,3.151922e-02,3.2329,3.3471,0,4,116,319,46,67
1728,432,2160,0.8,0.766,2.560243e+05,3.347399e-02,3.223,3.3673,0,8,64,318,46,67
1729,431,2160,0.800463,0.762,2.564934e+05,3.189531e-02,3.244,3.3715,0,4,173,317,46,67
1730,430,2160,0.800926,0.76,2.574181e+05,3.495419e-02,3.2312,3.35,0,8,31,316,46,67
1731,429,2160,0.801389,0.758,2.587907e+05,3.315759e-02,3.2283,3.3332,0,4,67,315,46,67
1732,428,2160,0.801852,0.754,2.597510e+05,3.703905e-02,3.2276,3.3251,0,6,175,314,46,67
1733,427,2160,0.802315,0.754,2.613893e+05,3.618599e-02,3.2352,3.3182,0,6,120,313,46,67
1734,426,2160,0.802778,0.751,2.625181e+05,2.895067e-02,3.2157,3.3544,0,5,35,312,46,67
1735,425,2160,0.803241,0.747,2.633790e+05,3.325519e-02,3.2221,3.3385,0,8,120,311,46,67
1736,424,2160,0.803704,0.753,2.630803e+05,2.996067e-02,3.2463,3.331,0,4,120,310,46,67
1737,423,2160,0.804167,0.751,2.628397e+05,2.619992e-02,3.2384,3.3262,0,3,127,309,46,67
1738,422,2160,0.80463,0.749,2.651133e+05,3.282693e-02,3.2087,3.3353,0,1,34,308,46,67
1739,421,2160,0.805093,0.745,2.660631e+05,1.651479e-02,3.2494,3.3517,0,5,34,307,46,67
1740,420,2160,0.805556,0.746,2.661422e+05,4.772197e-02,3.2568,3.3429,0,9,62,306,46,67
1741,419,2160,0.806019,0.74,2.679968e+05,2.769375e-02,3.2243,3.3228,0,3,37,305,46,67
1742,418,2160,0.806481,0.735,2.698143e+05,3.614192e-02,3.2398,3.338,0,0,163,304,46,67
1743,417,2160,0.806944,0.731,2.718544e+05,3.587322e-02,3.2185,3.357,0,8,20,303,46,67
1744,416,2160,0.807407,0.727,2.726729e+05,2.884418e-02,3.225,3.3289,0,3,158,302,46,67
1745,415,2160,0.80787,0.731,2.743022e+05,3.263163e-02,3.22,3.3541,0,8,37,301,46,67
1746,414,2160,0.808333,0.725,2.766874e+05,2.522398e-02,3.2297,3.3477,0,5,158,300,46,67
1747,413,2160,0.808796,0.718,2.790159e+05,3.169842e-02,3.2518,3.3494,0,8,46,299,46,67
1748,412,2160,0.809259,0.718,2.814519e+05,3.777586e-02,3.2484,3.3545,0,6,137,298,46,67
1749,411,2160,0.809722,0.709,2.823197e+05,2.884778e-02,3.2214,3.3432,0,5,79,297,46,67
1750,410,2160,0.810185,0.711,2.832281e+05,3.232364e-02,3.2176,3.3531,0,1,20,296,46,67
1751,409,2160,0.810648,0.709,2.845177e+05,2.778506e-02,3.2183,3.3419,0,3,20,295,46,67
1752,408,2160,0.811111,0.707,2.846705e+05,3.509158e-02,3.2402,3.3395,0,4,156,294,46,67
1753,407,2160,0.811574,0.718,2.870715e+05,3.305894e-02,3.2355,3.3462,0,1,156,293,46,67
1754,406,2160,0.812037,0.711,2.882721e+05,3.554497e-02,3.236,3.3414,0,0,177,292,46,67
1755,405,2160,0.8125,0.707,2.903965e+05,3.587514e-02,3.2391,3.3334,0,4,124,291,46,67
1756,404,2160,0.812963,0.705,2.917954e+05,2.790140e-02,3.2351,3.3437,0,5,124,290,46,67
1757,403,2160,0.813426,0.703,2.922155e+05,3.409110e-02,3.2574,3.3297,0,4,65,289,46,67
1758,402,2160,0.813889,0.692,2.943080e+05,2.821965e-02,3.2191,3.3586,0,3,124,288,46,67
1759,401,2160,0.814352,0.69,2.942294e+05,2.939734e-02,3.2377,3.3368,0,5,178,287,46,67
1760,400,2160,0.814815,0.693,2.952644e+05,2.365624e-02,3.2467,3.3658,0,1,178,286,46,67
1761,399,2160,0.815278,0.691,2.955205e+05,3.228901e-02,3.2322,3.3577,0,1,71,285,46,67
1762,398,2160,0.815741,0.694,2.982250e+05,2.695365e-02,3.2323,3.3565,0,3,159,284,46,67
1763,397,2160,0.816204,0.692,3.010296e+05,3.601335e-02,3.2329,3.342,0,8,21,283,46,67
1764,396,2160,0.816667,0.687,3.020073e+05,3.176789e-02,3.2379,3.3373,0,1,21,282,46,67
1765,395,2160,0.81713,0.688,3.024220e+05,3.815631e-02,3.2291,3.3341,0,6,50,281,46,67
1766,394,2160,0.817593,0.684,3.030545e+05,1.713543e-02,3.209,3.3358,0,3,50,280,46,67
1767,393,2160,0.818056,0.683,3.023897e+05,3.697585e-02,3.2433,3.3399,0,6,77,279,46,67
1768,392,2160,0.818519,0.681,3.031187e+05,4.449541e-02,3.2404,3.3434,1,6,8,279,45,67
1769,391,2160,0.818981,0.683,3.029763e+05,3.416357e-02,3.2357,3.3217,0,1,86,278,45,67
1770,390,2160,0.819444,0.681,3.039453e+05,3.528324e-02,3.216,3.3408,0,8,174,277,45,67
1771,389,2160,0.819907,0.686,3.050713e+05,3.393156e-02,3.2524,1.7032,0,6,174,276,45,67
1772,388,2160,0.82037,0.677,3.071127e+05,2.956090e-02,3.2298,3.3287,0,3,108,275,45,67
1773,387,2160,0.820833,0.678,3.085454e+05,2.985845e-02,3.2314,3.3311,0,3,160,274,45,67
1774,386,2160,0.821296,0.67,3.096206e+05,3.713049e-02,3.2262,3.3378,0,6,39,273,45,67
1775,385,2160,0.821759,0.67,3.109760e+05,5.362933e-02,3.2238,3.3398,0,7,76,272,45,67
1776,384,2160,0.822222,0.664,3.117824e+05,3.617535e-02,3.2135,3.3317,0,6,67,271,45,67
1777,383,2160,0.822685,0.661,3.129872e+05,1.268057e-01,3.2167,3.341,1,6,7,271,44,67
1778,382,2160,0.823148,0.665,3.151757e+05,2.862781e-02,3.2979,3.3359,2,0,3,271,44,66
1779,381,2160,0.823611,0.666,3.147496e+05,3.590682e-02,3.2452,3.3474,0,6,23,270,44,66
1780,380,2160,0.824074,0.665,3.166631e+05,2.889655e-02,3.2271,3.0214,0,3,48,269,44,66
1781,379,2160,0.824537,0.67,3.177177e+05,3.575014e-02,3.2366,3.3367,0,4,63,268,44,66
1782,378,2160,0.825,0.667,3.183232e+05,3.117745e-02,3.2322,3.3387,0,0,63,267,44,66
1783,377,2160,0.825463,0.665,3.173604e+05,2.635671e-02,3.227,3.3486,1,4,8,267,43,66
1784,376,2160,0.825926,0.67,3.172259e+05,3.369932e-02,3.2415,3.3387,0,0,76,266,43,66
1785,375,2160,0.826389,0.674,3.186014e+05,5.714851e-02,3.2357,3.3529,0,7,105,265,43,66
1786,374,2160,0.826852,0.67,3.189473e+05,2.619500e-02,3.2304,3.3305,0,5,139,264,43,66
1787,373,2160,0.827315,0.669,3.213182e+05,3.359922e-02,3.2191,3.3316,0,8,45,263,43,66
1788,372,2160,0.827778,0.667,3.237919e+05,2.378503e-02,3.2036,3.3419,2,2,9,263,43,65
1789,371,2160,0.828241,0.655,3.237528e+05,5.090311e-02,3.2568,3.3275,0,7,63,262,43,65
1790,370,2160,0.828704,0.654,3.244001e+05,3.910929e-02,3.2233,3.3438,0,6,173,261,43,65
1791,369,2160,0.829167,0.656,3.252280e+05,3.969008e-02,3.24,3.3354,0,6,54,260,43,65
1792,368,2160,0.82963,0.654,3.258295e+05,2.735082e-02,3.2314,3.3396,0,4,54,259,43,65
1793,367,2160,0.830093,0.653,3.260887e+05,2.727088e-02,3.2474,3.3345,0,5,48,258,43,65
1794,366,2160,0.830556,0.647,3.276903e+05,3.319713e-02,3.2312,3.3527,0,1,132,257,43,65
1795,365,2160,0.831019,0.634,3.293176e+05,2.799197e-02,3.2365,3.3467,0,5,50,256,43,65
1796,364,2160,0.831481,0.628,3.309243e+05,3.168303e-02,3.2243,3.3346,0,0,122,255,43,65
1797,363,2160,0.831944,0.629,3.335437e+05,3.262160e-02,3.2216,3.3402,0,1,171,254,43,65
1798,362,2160,0.832407,0.626,3.354793e+05,3.021670e-02,3.2426,3.3252,0,5,49,253,43,65
1799,361,2160,0.83287,0.625,3.366610e+05,1.211903e-02,3.2306,3.3285,1,7,1,253,42,65
1800,360,2160,0.833333,0.625,3.362871e+05,3.179327e-02,3.2248,3.3558,0,4,110,252,42,65
1801,359,2160,0.833796,0.622,3.388045e+05,3.669089e-02,3.2452,3.3417,0,6,49,251,42,65
1802,358,2160,0.834259,0.624,3.391246e+05,4.015369e-02,3.2109,3.3591,0,6,146,250,42,65
1803,357,2160,0.834722,0.623,3.396459e+05,3.008918e-02,3.2297,3.3482,0,3,49,249,42,65
1804,356,2160,0.835185,0.62,3.405746e+05,5.111905e-02,3.2221,3.3345,2,2,3,249,42,64
1805,355,2160,0.835648,0.618,3.406833e+05,3.278500e-02,3.2299,3.3313,0,3,114,248,42,64
1806,354,2160,0.836111,0.618,3.411112e+05,3.487927e-02,3.2222,3.3165,0,0,134,247,42,64
1807,353,2160,0.836574,0.627,3.425657e+05,3.207378e-02,3.2308,3.3365,0,1,187,246,42,64
1808,352,2160,0.837037,0.616,3.452288e+05,3.903972e-02,3.2229,3.3581,0,6,58,245,42,64
1809,351,2160,0.8375,0.624,3.473159e+05,3.226049e-02,3.2321,2.3084,0,4,93,244,42,64
1810,350,2160,0.837963,0.622,3.504107e+05,3.214531e-02,3.2361,3.3161,0,4,66,243,42,64
1811,349,2160,0.838426,0.615,3.535078e+05,2.798265e-02,3.2252,3.3422,0,5,97,242,42,64
1812,348,2160,0.838889,0.614,3.567788e+05,3.304598e-02,3.2169,3.3419,0,5,136,241,42,64
1813,347,2160,0.839352,0.613,3.579889e+05,4.974965e-02,3.2184,3.3399,0,9,89,240,42,64
1814,346,2160,0.839815,0.617,3.582964e+05,3.378367e-02,3.2263,3.3235,0,0,136,239,42,64
1815,345,2160,0.840278,0.613,3.600037e+05,3.206784e-02,3.2128,3.3393,0,1,191,238,42,64
1816,344,2160,0.840741,0.609,3.629599e+05,3.363570e-02,3.2215,3.3345,0,1,145,237,42,64
1817,343,2160,0.841204,0.598,3.657017e+05,4.223822e-02,3.2208,3.3395,0,6,89,236,42,64
1818,342,2160,0.841667,0.592,3.674180e+05,2.989174e-02,3.2397,3.3386,0,5,15,235,42,64
1819,341,2160,0.84213,0.595,3.705173e+05,3.822907e-02,3.221,3.3563,0,8,109,234,42,64
1820,340,2160,0.842593,0.591,3.732467e+05,3.427341e-02,3.2287,3.3584,0,5,150,233,42,64
1821,339,2160,0.843056,0.587,3.744877e+05,4.079045e-02,3.2222,3.3362,0,8,151,232,42,64
1822,338,2160,0.843519,0.588,3.762286e+05,3.747174e-02,3.232,3.3289,0,5,105,231,42,64
1823,337,2160,0.843981,0.597,3.770048e+05,3.212343e-02,3.2342,3.3256,0,0,105,230,42,64
1824,336,2160,0.844444,0.598,3.763235e+05,5.795715e-02,3.2175,3.3456,0,7,121,229,42,64
1825,335,2160,0.844907,0.595,3.786629e+05,3.603866e-02,3.2325,3.355,0,4,87,228,42,64
1826,334,2160,0.84537,0.591,3.814782e+05,3.894151e-02,3.2182,3.3291,0,0,53,227,42,64
1827,333,2160,0.845833,0.585,3.832179e+05,3.062101e-02,3.2252,3.3432,0,4,53,226,42,64
1828,332,2160,0.846296,0.587,3.846192e+05,4.644051e-02,3.2265,3.3264,0,6,144,225,42,64
1829,331,2160,0.846759,0.577,3.861483e+05,3.455218e-02,3.2337,3.3258,0,1,186,224,42,64
1830,330,2160,0.847222,0.57,3.896747e+05,3.412591e-02,3.2187,3.3404,0,3,101,223,42,64
1831,329,2160,0.847685,0.572,3.925016e+05,3.718537e-02,3.2098,3.3408,0,1,148,222,42,64
1832,328,2160,0.848148,0.57,3.945674e+05,2.842874e-02,3.2369,3.3379,0,3,148,221,42,64
1833,327,2160,0.848611,0.573,3.964099e+05,3.397592e-02,3.2741,3.3313,0,1,57,220,42,64
1834,326,2160,0.849074,0.568,4.001782e+05,3.248327e-02,3.2269,3.3467,0,3,100,219,42,64
1835,325,2160,0.849537,0.571,4.040052e+05,3.264395e-02,3.2539,3.3545,0,5,19,218,42,64
1836,324,2160,0.85,0.57,4.069256e+05,2.214124e-02,3.2223,3.3471,0,3,19,217,42,64
1837,323,2160,0.850463,0.567,4.080817e+05,3.712052e-02,3.2255,3.3556,0,0,82,216,42,64
1838,322,2160,0.850926,0.565,4.105258e+05,3.678036e-02,3.2276,3.3519,0,5,114,215,42,64
1839,321,2160,0.851389,0.559,4.119337e+05,3.528246e-02,3.2257,3.347,0,3,136,214,42,64
1840,320,2160,0.851852,0.557,4.150294e+05,3.330255e-02,3.2239,3.333,0,0,114,213,42,64
1841,319,2160,0.852315,0.555,4.145353e+05,1.622285e-02,3.2199,3.3448,0,1,114,212,42,64
1842,318,2160,0.852778,0.555,4.146725e+05,4.336302e-02,3.2359,3.344,0,9,136,211,42,64
1843,317,2160,0.853241,0.55,4.175164e+05,2.352844e-02,3.2346,3.3405,2,1,6,211,42,63
1844,316,2160,0.853704,0.552,4.174299e+05,3.617904e-02,3.2333,3.3502,0,3,78,210,42,63
1845,315,2160,0.854167,0.546,4.196271e+05,2.917357e-02,3.2318,3.2501,0,1,78,209,42,63
1846,314,2160,0.85463,0.548,4.209538e+05,3.281352e-02,3.2632,3.3602,2,8,9,209,42,62
1847,313,2160,0.855093,0.561,4.212586e+05,4.008101e-02,3.2403,3.3365,0,4,88,208,42,62
1848,312,2160,0.855556,0.556,4.215229e+05,3.828735e-02,3.2167,3.3301,0,8,88,207,42,62
1849,311,2160,0.856019,0.56,4.232580e+05,3.160134e-02,3.2418,3.331,2,3,3,207,42,61
1850,310,2160,0.856481,0.561,4.231122e+05,6.576539e-02,3.2571,3.3545,2,9,3,207,42,60
1851,309,2160,0.856944,0.559,4.233203e+05,3.451159e-02,3.2169,3.348,0,3,77,206,42,60
1852,308,2160,0.857407,0.557,4.258641e+05,6.256106e-02,3.2168,3.3524,2,8,2,206,42,59
1853,307,2160,0.85787,0.575,4.269379e+05,3.823592e-02,3.2273,3.3511,0,3,162,205,42,59
1854,306,2160,0.858333,0.57,4.296672e+05,5.235889e-02,3.2363,3.3284,0,9,132,204,42,59
1855,305,2160,0.858796,0.544,4.328841e+05,9.182207e-02,3.2322,3.3397,1,1,9,204,41,59
1856,304,2160,0.859259,0.521,4.349668e+05,3.402960e-02,3.2205,3.346,0,5,129,203,41,59
1857,303,2160,0.859722,0.518,4.390044e+05,7.328843e-02,3.2703,3.3555,0,7,81,202,41,59
1858,302,2160,0.860185,0.515,4.434265e+05,3.523717e-02,3.2406,3.353,0,0,81,201,41,59
1859,301,2160,0.860648,0.511,4.460372e+05,3.579404e-02,3.2251,3.3508,0,5,135,200,41,59
1860,300,2160,0.861111,0.505,4.496283e+05,2.767809e-02,3.2355,3.3506,0,3,135,199,41,59
1861,299,2160,0.861574,0.497,4.515288e+05,3.878104e-02,3.2294,3.3652,0,3,134,198,41,59
1862,298,2160,0.862037,0.488,4.551526e+05,2.990883e-02,3.2333,3.3541,0,5,134,197,41,59
1863,297,2160,0.8625,0.484,4.583775e+05,4.568618e-02,3.2304,3.3541,0,8,160,196,41,59
1864,296,2160,0.862963,0.478,4.603104e+05,3.928410e-02,3.2453,3.3628,0,3,164,195,41,59
1865,295,2160,0.863426,0.473,4.641652e+05,3.252199e-02,3.2206,3.341,0,5,164,194,41,59
1866,294,2160,0.863889,0.471,4.683035e+05,3.570015e-02,3.229,3.3345,0,5,18,193,41,59
1867,293,2160,0.864352,0.47,4.722136e+05,3.436470e-02,3.2333,3.3391,0,3,18,192,41,59
1868,292,2160,0.864815,0.466,4.757023e+05,4.149461e-02,3.2054,3.3375,0,3,116,191,41,59
1869,291,2160,0.865278,0.469,4.796561e+05,3.401422e-02,3.217,3.348,0,5,162,190,41,59
1870,290,2160,0.865741,0.467,4.842084e+05,3.664255e-02,3.2332,3.3399,0,1,190,189,41,59
1871,289,2160,0.866204,0.459,4.890890e+05,5.005592e-02,3.2336,3.3358,0,8,117,188,41,59
1872,288,2160,0.866667,0.461,4.913185e+05,4.437861e-02,3.2181,3.3437,0,8,38,187,41,59
1873,287,2160,0.86713,0.458,4.963518e+05,7.153877e-02,3.236,3.3389,1,8,9,187,40,59
1874,286,2160,0.867593,0.444,4.981099e+05,3.487647e-02,3.2333,3.3145,0,5,30,186,40,59
1875,285,2160,0.868056,0.442,5.030123e+05,6.623477e-02,3.2341,3.3349,1,8,6,186,39,59
1876,284,2160,0.868519,0.451,5.034305e+05,5.090491e-02,3.2357,3.3429,0,9,88,185,39,59
1877,283,2160,0.868981,0.446,5.078141e+05,5.230204e-02,3.2121,3.3318,0,6,110,184,39,59
1878,282,2160,0.869444,0.45,5.129462e+05,3.128064e-02,3.2341,3.3371,2,4,7,184,39,58
1879,281,2160,0.869907,0.45,5.129872e+05,4.756082e-02,3.2311,3.3323,0,3,75,183,39,58
1880,280,2160,0.87037,0.448,5.153362e+05,3.970301e-02,3.2297,3.3364,0,1,51,182,39,58
1881,279,2160,0.870833,0.447,5.206870e+05,3.567279e-02,3.2159,3.3419,2,8,6,182,39,57
1882,278,2160,0.871296,0.446,5.206060e+05,5.314885e-02,3.2481,3.338,0,6,40,181,39,57
1883,277,2160,0.871759,0.443,5.258607e+05,4.691867e-02,3.2153,3.3372,0,4,152,180,39,57
1884,276,2160,0.872222,0.449,5.283378e+05,3.680017e-02,3.2381,3.3309,0,5,152,179,39,57
1885,275,2160,0.872685,0.451,5.306854e+05,3.244780e-02,3.2275,3.3427,0,3,152,178,39,57
1886,274,2160,0.873148,0.446,5.337012e+05,4.110234e-02,3.2024,3.3317,0,4,175,177,39,57
1887,273,2160,0.873611,0.445,5.393384e+05,5.472550e-02,3.2322,3.3512,0,6,106,176,39,57
1888,272,2160,0.874074,0.447,5.446230e+05,3.968322e-02,3.2442,3.3518,0,3,157,175,39,57
1889,271,2160,0.874537,0.443,5.500860e+05,6.150933e-02,3.2234,3.3283,0,6,128,174,39,57
1890,270,2160,0.875,0.445,5.518754e+05,5.164448e-02,3.2226,3.3407,0,6,88,173,39,57
1891,269,2160,0.875463,0.445,5.569830e+05,3.892719e-02,3.2149,3.3436,2,5,9,173,39,56
1892,268,2160,0.875926,0.444,5.577602e+05,5.080811e-02,3.2315,3.3184,0,8,173,172,39,56
1893,267,2160,0.876389,0.438,5.626203e+05,2.939432e-02,3.2578,3.3388,2,0,9,172,39,55
1894,266,2160,0.876852,0.435,5.624808e+05,4.887634e-02,3.2303,3.3415,2,7,4,172,39,54
1895,265,2160,0.877315,0.434,5.628150e+05,5.376842e-02,3.2194,3.3269,2,6,8,172,39,53
1896,264,2160,0.877778,0.433,5.625461e+05,5.002237e-02,3.2148,3.3347,0,8,150,171,39,53
1897,263,2160,0.878241,0.432,5.675207e+05,6.101803e-02,3.239,3.3342,0,9,130,170,39,53
1898,262,2160,0.878704,0.434,5.695764e+05,2.126400e-02,3.2325,3.3474,0,5,130,169,39,53
1899,261,2160,0.879167,0.435,5.703695e+05,5.110169e-02,3.2072,3.358,0,6,74,168,39,53
1900,260,2160,0.87963,0.427,5.760906e+05,4.582610e-02,3.2692,3.3517,0,5,106,167,39,53
1901,259,2160,0.880093,0.428,5.793823e+05,5.089504e-02,3.2469,3.3324,0,8,106,166,39,53
1902,258,2160,0.880556,0.425,5.829174e+05,4.548189e-02,3.2378,3.3486,0,1,173,165,39,53
1903,257,2160,0.881019,0.423,5.861637e+05,4.269612e-02,3.258,3.3349,0,3,165,164,39,53
1904,256,2160,0.881481,0.419,5.915923e+05,5.169773e-02,3.2105,3.3195,0,6,92,163,39,53
1905,255,2160,0.881944,0.429,5.974245e+05,4.076561e-02,3.2082,3.3309,0,5,165,162,39,53
1906,254,2160,0.882407,0.426,6.038504e+05,4.005164e-02,3.2334,3.3292,0,5,44,161,39,53
1907,253,2160,0.88287,0.427,6.100859e+05,5.539169e-02,3.2391,3.3266,0,6,147,160,39,53
1908,252,2160,0.883333,0.423,6.138221e+05,4.192362e-02,3.2265,3.3072,0,0,147,159,39,53
1909,251,2160,0.883796,0.42,6.143111e+05,1.326508e-02,3.2308,3.3378,0,4,147,158,39,53
1910,250,2160,0.884259,0.42,6.143995e+05,4.069468e-02,3.2184,3.3315,0,5,31,157,39,53
1911,249,2160,0.884722,0.419,6.207395e+05,4.083377e-02,3.2188,3.3552,0,5,36,156,39,53
1912,248,2160,0.885185,0.41,6.261792e+05,3.900360e-02,3.2333,3.3431,0,3,36,155,39,53
1913,247,2160,0.885648,0.413,6.316738e+05,4.124360e-02,3.2186,3.3376,0,1,23,154,39,53
1914,246,2160,0.886111,0.419,6.383359e+05,4.839972e-02,3.2386,3.3372,0,5,76,153,39,53
1915,245,2160,0.886574,0.415,6.416695e+05,3.546761e-02,3.2251,3.3367,0,8,76,152,39,53
1916,244,2160,0.887037,0.413,6.427578e+05,4.137102e-02,3.2423,3.314,0,3,21,151,39,53
1917,243,2160,0.8875,0.412,6.495188e+05,5.647139e-02,3.2354,3.3235,0,6,63,150,39,53
1918,242,2160,0.887963,0.409,6.547072e+05,5.597751e-02,3.2347,3.3301,0,8,161,149,39,53
1919,241,2160,0.888426,0.398,6.616586e+05,4.903687e-02,3.2101,3.3302,0,0,108,148,39,53
1920,240,2160,0.888889,0.401,6.654082e+05,4.320511e-02,3.2284,3.3439,0,1,64,147,39,53
1921,239,2160,0.889352,0.393,6.719855e+05,5.738010e-02,3.2417,3.3297,0,8,35,146,39,53
1922,238,2160,0.889815,0.391,6.784551e+05,5.173472e-02,3.2417,3.3393,0,4,108,145,39,53
1923,237,2160,0.890278,0.386,6.795290e+05,3.118122e-02,3.2053,3.3386,0,8,108,144,39,53
1924,236,2160,0.890741,0.392,6.796107e+05,4.529055e-02,3.2228,3.3431,0,5,151,143,39,53
1925,235,2160,0.891204,0.394,6.859576e+05,4.503928e-02,3.2475,3.3564,0,3,82,142,39,53
1926,234,2160,0.891667,0.391,6.928773e+05,4.400624e-02,3.2292,3.3514,0,3,76,141,39,53
1927,233,2160,0.89213,0.383,6.999953e+05,4.468030e-02,3.2173,3.3504,2,0,1,141,39,52
1928,232,2160,0.892593,0.387,6.997458e+05,5.758439e-02,3.2538,3.3511,0,8,67,140,39,52
1929,231,2160,0.893056,0.381,7.060355e+05,5.479827e-02,3.2352,3.3304,0,5,91,139,39,52
1930,230,2160,0.893519,0.38,7.075081e+05,4.840783e-02,3.2404,3.3119,0,5,143,138,39,52
1931,229,2160,0.893981,0.379,7.134311e+05,5.305107e-02,3.221,3.3431,0,4,94,137,39,52
1932,228,2160,0.894444,0.377,7.156310e+05,6.634701e-02,3.2411,3.334,0,6,103,136,39,52
1933,227,2160,0.894907,0.379,7.161919e+05,2.002389e-02,3.2252,3.3401,0,3,103,135,39,52
1934,226,2160,0.89537,0.379,7.157296e+05,3.789288e-02,3.2283,3.3381,0,0,94,134,39,52
1935,225,2160,0.895833,0.383,7.173662e+05,4.323970e-02,3.2273,3.342,0,5,103,133,39,52
1936,224,2160,0.896296,0.38,7.231914e+05,5.161851e-02,3.2171,3.3299,0,3,87,132,39,52
1937,223,2160,0.896759,0.385,7.239080e+05,3.519009e-02,3.2344,3.3369,0,1,87,131,39,52
1938,222,2160,0.897222,0.383,7.273875e+05,5.155610e-02,3.2289,3.3508,2,2,1,131,39,51
1939,221,2160,0.897685,0.384,7.270330e+05,4.285005e-02,3.2485,3.3269,0,3,94,130,39,51
1940,220,2160,0.898148,0.383,7.337817e+05,6.051480e-02,3.2199,3.3406,0,8,128,129,39,51
1941,219,2160,0.898611,0.382,7.395442e+05,4.290666e-02,3.2292,3.3529,0,3,170,128,39,51
1942,218,2160,0.899074,0.379,7.457344e+05,5.395621e-02,3.24,3.3366,2,8,4,128,39,50
1943,217,2160,0.899537,0.376,7.462002e+05,4.664609e-02,3.2317,3.3368,2,0,8,128,39,49
1944,216,2160,0.9,0.38,7.458356e+05,6.363399e-02,3.2135,3.3364,0,8,95,127,39,49
1945,215,2160,0.900463,0.379,7.489626e+05,5.143977e-02,3.2267,3.3357,0,5,54,126,39,49
1946,214,2160,0.900926,0.378,7.514609e+05,5.657465e-02,3.2343,3.3458,2,8,8,126,39,48
1947,213,2160,0.901389,0.377,7.508762e+05,1.269184e-01,3.2295,3.339,2,8,3,126,39,47
1948,212,2160,0.901852,0.376,7.525817e+05,6.405219e-02,3.2202,3.3568,0,8,144,125,39,47
1949,211,2160,0.902315,0.369,7.586387e+05,2.893273e-02,3.2405,3.3511,2,3,7,125,39,46
1950,210,2160,0.902778,0.368,7.583471e+05,4.067596e-02,3.2444,3.3459,0,1,160,124,39,46
1951,209,2160,0.903241,0.368,7.643732e+05,8.727036e-02,3.2274,3.3501,1,1,4,124,38,46
1952,208,2160,0.903704,0.367,7.667388e+05,5.193046e-02,3.2219,3.3579,0,5,160,123,38,46
1953,207,2160,0.904167,0.37,7.727488e+05,4.972556e-02,3.2278,3.3448,2,0,2,123,38,45
1954,206,2160,0.90463,0.36,7.715702e+05,5.208219e-02,3.228,3.337,0,5,68,122,38,45
1955,205,2160,0.905093,0.357,7.728219e+05,3.745433e-02,3.2389,3.3307,0,4,68,121,38,45
1956,204,2160,0.905556,0.358,7.728370e+05,3.677851e-02,3.2289,3.3547,1,3,3,121,37,45
1957,203,2160,0.906019,0.357,7.720165e+05,5.105747e-02,3.2335,3.3355,0,5,104,120,37,45
1958,202,2160,0.906481,0.361,7.748556e+05,4.857841e-02,3.2383,3.3279,0,1,149,119,37,45
1959,201,2160,0.906944,0.348,7.780266e+05,4.199268e-02,3.254,3.3259,0,3,149,118,37,45
1960,200,2160,0.907407,0.349,7.819702e+05,5.498327e-02,3.2313,3.3553,0,5,90,117,37,45
1961,199,2160,0.90787,0.35,7.856610e+05,6.131111e-02,3.2627,3.3449,0,5,89,116,37,45
1962,198,2160,0.908333,0.354,7.864408e+05,5.216099e-02,3.2254,3.3454,0,3,142,115,37,45
1963,197,2160,0.908796,0.355,7.919441e+05,5.989502e-02,3.2202,3.3604,1,9,5,115,36,45
1964,196,2160,0.909259,0.355,7.921422e+05,6.065921e-02,3.2383,3.3359,0,6,113,114,36,45
1965,195,2160,0.909722,0.352,7.988539e+05,4.842465e-02,3.2398,3.3462,0,3,109,113,36,45
1966,194,2160,0.910185,0.355,8.058016e+05,6.140920e-02,3.2426,3.3501,0,6,145,112,36,45
1967,193,2160,0.910648,0.348,8.119185e+05,6.740293e-02,3.2348,3.3259,0,6,105,111,36,45
1968,192,2160,0.911111,0.351,8.127237e+05,5.899227e-02,3.219,3.3277,1,1,5,111,35,45
1969,191,2160,0.911574,0.352,8.127543e+05,5.195658e-02,3.2342,3.3497,0,3,105,110,35,45
1970,190,2160,0.912037,0.353,8.149977e+05,3.654332e-02,3.2601,3.341,0,1,105,109,35,45
1971,189,2160,0.9125,0.351,8.194834e+05,6.599205e-02,3.2827,3.359,0,9,121,108,35,45
1972,188,2160,0.912963,0.356,8.193532e+05,1.398214e-02,3.225,3.3372,0,4,121,107,35,45
1973,187,2160,0.913426,0.356,8.191957e+05,5.185143e-02,3.2095,3.3334,2,2,7,107,35,44
1974,186,2160,0.913889,0.352,8.198277e+05,4.084625e-02,3.2378,3.3408,0,1,79,106,35,44
1975,185,2160,0.914352,0.353,8.265748e+05,6.776665e-02,3.2462,3.3458,0,6,90,105,35,44
1976,184,2160,0.914815,0.353,8.284610e+05,6.572344e-02,3.2403,3.3256,2,9,2,105,35,43
1977,183,2160,0.915278,0.353,8.291805e+05,4.441289e-02,3.2296,3.3344,0,1,188,104,35,43
1978,182,2160,0.915741,0.351,8.363561e+05,9.659118e-02,3.2379,3.3531,1,9,8,104,34,43
1979,181,2160,0.916204,0.353,8.390066e+05,7.671575e-02,3.2226,3.3322,0,8,91,103,34,43
1980,180,2160,0.916667,0.346,8.396698e+05,3.724471e-02,3.2127,3.3318,1,4,5,103,33,43
1981,179,2160,0.91713,0.349,8.385293e+05,5.854535e-02,3.229,3.3345,1,6,5,103,32,43
1982,178,2160,0.917593,0.347,8.381149e+05,7.640452e-02,3.2734,3.358,2,6,6,103,32,42
1983,177,2160,0.918056,0.355,8.381051e+05,5.808015e-02,3.2355,3.3452,0,3,90,102,32,42
1984,176,2160,0.918519,0.357,8.400650e+05,4.379561e-02,3.2428,3.3503,0,0,90,101,32,42
1985,175,2160,0.918981,0.355,8.439303e+05,3.766302e-02,3.2513,3.3466,2,6,1,101,32,41
1986,174,2160,0.919444,0.356,8.430823e+05,5.244059e-02,3.2181,3.3271,0,5,92,100,32,41
1987,173,2160,0.919907,0.363,8.504245e+05,5.530351e-02,3.2269,3.3448,0,5,138,99,32,41
1988,172,2160,0.92037,0.365,8.580901e+05,4.732764e-02,3.2185,3.3364,0,1,52,98,32,41
1989,171,2160,0.920833,0.368,8.671614e+05,6.481844e-02,3.2543,3.3254,2,9,7,98,32,40
1990,170,2160,0.921296,0.377,8.685175e+05,4.824127e-02,3.2362,3.3441,0,1,177,97,32,40
1991,169,2160,0.921759,0.372,8.782541e+05,5.499088e-02,3.215,3.3089,0,1,163,96,32,40
1992,168,2160,0.922222,0.371,8.840949e+05,2.853940e-02,3.231,3.3398,0,3,163,95,32,40
1993,167,2160,0.922685,0.364,8.856097e+05,7.003744e-02,3.2717,3.3467,2,0,6,95,32,39
1994,166,2160,0.923148,0.362,8.855490e+05,8.276293e-02,3.2405,3.3551,2,2,8,95,32,38
1995,165,2160,0.923611,0.347,8.881126e+05,9.328689e-02,3.2216,3.3296,0,8,101,94,32,38
1996,164,2160,0.924074,0.348,8.941859e+05,3.426341e-02,3.2218,3.3366,0,4,101,93,32,38
1997,163,2160,0.924537,0.342,8.969779e+05,1.237478e-01,3.2331,3.3382,2,9,6,93,32,37
1998,162,2160,0.925,0.353,8.980772e+05,8.480891e-02,3.2316,3.3532,0,9,60,92,32,37
1999,161,2160,0.925463,0.342,8.987491e+05,4.299184e-02,3.233,3.3496,0,4,60,91,32,37
2000,160,2160,0.925926,0.342,9.030383e+05,5.497797e-02,3.2295,3.349,0,3,141,90,32,37
2001,159,2160,0.926389,0.343,9.133727e+05,6.960458e-02,3.24,3.3683,0,3,146,89,32,37
2002,158,2160,0.926852,0.339,9.162356e+05,1.773545e-01,3.2404,3.3453,1,9,7,89,31,37
2003,157,2160,0.927315,0.335,9.261817e+05,8.534736e-02,3.2496,3.3601,0,6,132,88,31,37
2004,156,2160,0.927778,0.327,9.293502e+05,2.069424e-02,3.2507,3.3619,0,3,132,87,31,37
2005,155,2160,0.928241,0.333,9.295201e+05,7.695835e-02,3.2509,3.3566,0,6,104,86,31,37
2006,154,2160,0.928704,0.324,9.321003e+05,7.113084e-02,3.2135,3.3518,0,5,86,85,31,37
2007,153,2160,0.929167,0.325,9.380440e+05,7.914085e-02,3.2355,3.3339,0,6,73,84,31,37
2008,152,2160,0.92963,0.317,9.488944e+05,5.289949e-02,3.2444,3.3472,0,1,174,83,31,37
2009,151,2160,0.930093,0.317,9.604019e+05,6.480171e-02,3.2286,3.3559,0,0,118,82,31,37
2010,150,2160,0.930556,0.32,9.626512e+05,6.470124e-02,3.2173,3.3421,0,3,34,81,31,37
2011,149,2160,0.931019,0.309,9.743185e+05,6.668024e-02,3.2334,3.3516,0,3,95,80,31,37
2012,148,2160,0.931481,0.319,9.864906e+05,6.716047e-02,3.2509,3.3434,0,4,172,79,31,37
2013,147,2160,0.931944,0.319,9.937933e+05,7.701352e-02,3.2263,3.3665,0,9,131,78,31,37
2014,146,2160,0.932407,0.316,9.941090e+05,8.977405e-02,3.242,3.346,0,8,116,77,31,37
2015,145,2160,0.93287,0.322,1.001879e+06,6.812372e-02,3.2277,3.3425,0,4,58,76,31,37
2016,144,2160,0.933333,0.317,1.010490e+06,4.955457e-02,3.2218,3.3432,0,1,58,75,31,37
2017,143,2160,0.933796,0.315,1.018601e+06,7.625419e-02,3.2221,3.3458,0,5,117,74,31,37
2018,142,2160,0.934259,0.314,1.030555e+06,7.226225e-02,3.2196,3.3439,0,5,77,73,31,37
2019,141,2160,0.934722,0.302,1.040992e+06,7.876957e-02,3.2089,3.3593,0,5,137,72,31,37
2020,140,2160,0.935185,0.305,1.052120e+06,6.469212e-02,3.2358,3.3367,0,3,156,71,31,37
2021,139,2160,0.935648,0.295,1.064425e+06,5.301121e-02,3.2233,3.3339,1,7,0,71,30,37
2022,138,2160,0.936111,0.295,1.065175e+06,1.635069e-01,3.2158,3.3456,1,2,4,71,29,37
2023,137,2160,0.936574,0.293,1.070243e+06,7.396158e-02,3.1998,3.3407,0,4,39,70,29,37
2024,136,2160,0.937037,0.284,1.074494e+06,4.103872e-02,3.2233,3.3477,0,0,39,69,29,37
2025,135,2160,0.9375,0.284,1.077412e+06,6.961858e-02,3.2263,3.3478,0,4,80,68,29,37
2026,134,2160,0.937963,0.289,1.082877e+06,3.319528e-02,3.2438,3.3489,0,0,80,67,29,37
2027,133,2160,0.938426,0.289,1.085171e+06,7.215411e-02,3.2272,3.344,0,0,104,66,29,37
2028,132,2160,0.938889,0.296,1.089375e+06,3.861488e-02,3.2114,3.3325,0,3,104,65,29,37
2029,131,2160,0.939352,0.296,1.091974e+06,6.239726e-02,3.2451,3.3462,0,0,61,64,29,37
2030,130,2160,0.939815,0.3,1.105932e+06,1.042919e-01,3.2478,3.3591,0,8,78,63,29,37
2031,129,2160,0.940278,0.311,1.119706e+06,9.851424e-02,3.2259,3.3401,0,8,90,62,29,37
2032,128,2160,0.940741,0.297,1.131977e+06,9.129396e-02,3.2258,3.352,0,5,120,61,29,37
2033,127,2160,0.941204,0.295,1.138856e+06,6.334622e-02,3.2296,3.3487,0,1,189,60,29,37
2034,126,2160,0.941667,0.288,1.151807e+06,3.337537e-02,3.2334,3.3488,1,8,1,60,28,37
2035,125,2160,0.94213,0.283,1.150844e+06,9.048176e-02,3.2252,3.3441,0,6,138,59,28,37
2036,124,2160,0.942593,0.284,1.165983e+06,1.551510e-01,3.2488,3.3535,0,7,146,58,28,37
2037,123,2160,0.943056,0.291,1.180892e+06,1.339266e-01,3.225,3.3513,1,4,7,58,27,37
2038,122,2160,0.943519,0.29,1.180518e+06,9.279515e-02,3.2202,3.3558,0,5,116,57,27,37
2039,121,2160,0.943981,0.287,1.196701e+06,6.451141e-02,3.2519,3.3409,0,1,47,56,27,37
2040,120,2160,0.944444,0.297,1.214124e+06,6.614194e-02,3.2137,3.3455,0,0,119,55,27,37
2041,119,2160,0.944907,0.288,1.230885e+06,6.638424e-02,3.22,0.3203,0,0,176,54,27,37
2042,118,2160,0.94537,0.292,1.248804e+06,9.433979e-02,3.2389,3.3527,0,6,87,53,27,37
2043,117,2160,0.945833,0.285,1.266421e+06,8.827366e-02,3.2418,3.3493,0,6,20,52,27,37
2044,116,2160,0.946296,0.285,1.283776e+06,6.784709e-02,3.2074,3.3603,0,4,102,51,27,37
2045,115,2160,0.946759,0.276,1.300631e+06,9.822434e-02,3.2255,3.3514,0,5,172,50,27,37
2046,114,2160,0.947222,0.248,1.318799e+06,1.028772e-01,3.2301,3.3568,0,5,115,49,27,37
2047,113,2160,0.947685,0.257,1.332430e+06,3.424497e-02,3.2574,3.3538,2,3,1,49,27,36
2048,112,2160,0.948148,0.262,1.331206e+06,5.170179e-02,3.2367,3.3283,2,3,2,49,27,35
2049,111,2160,0.948611,0.259,1.330948e+06,8.399855e-02,3.2446,3.3424,0,6,75,48,27,35
2050,110,2160,0.949074,0.25,1.347882e+06,8.463059e-02,3.2421,3.3336,0,6,124,47,27,35
2051,109,2160,0.949537,0.25,1.367108e+06,6.843366e-02,3.2352,3.3363,0,0,33,46,27,35
2052,108,2160,0.95,0.251,1.386126e+06,1.056024e-01,3.2021,3.3187,0,5,171,45,27,35
2053,107,2160,0.950463,0.223,1.405388e+06,7.621846e-02,3.2304,3.3434,0,3,35,44,27,35
2054,106,2160,0.950926,0.219,1.426990e+06,1.172339e-01,3.2097,3.337,0,5,95,43,27,35
2055,105,2160,0.951389,0.227,1.451605e+06,1.130444e-01,3.2378,3.3363,2,6,7,43,27,34
2056,104,2160,0.951852,0.214,1.454416e+06,7.483887e-02,3.234,3.3355,0,0,62,42,27,34
2057,103,2160,0.952315,0.226,1.479099e+06,9.363810e-02,3.2396,3.3279,0,3,54,41,27,34
2058,102,2160,0.952778,0.222,1.493322e+06,8.668354e-02,3.2259,3.3289,0,8,54,40,27,34
2059,101,2160,0.953241,0.221,1.497925e+06,1.738643e-01,3.223,3.3297,1,1,8,40,26,34
2060,100,2160,0.953704,0.22,1.501554e+06,9.549817e-02,3.2565,3.3389,0,0,115,39,26,34
2061,99,2160,0.954167,0.228,1.499771e+06,2.126853e-02,3.2298,3.3561,0,1,115,38,26,34
2062,98,2160,0.95463,0.226,1.498731e+06,7.990969e-02,3.2333,3.3254,0,6,114,37,26,34
2063,97,2160,0.955093,0.236,1.524767e+06,2.026302e-01,3.2268,3.3422,1,8,8,37,25,34
2064,96,2160,0.955556,0.192,1.537876e+06,1.306579e-01,3.2246,3.3171,2,9,8,37,25,33
2065,95,2160,0.956019,0.189,1.541694e+06,8.019952e-02,3.2273,3.3409,2,9,4,37,25,32
2066,94,2160,0.956481,0.191,1.542826e+06,1.023411e-01,3.2334,3.3495,2,1,7,37,25,31
2067,93,2160,0.956944,0.191,1.541675e+06,1.463316e-01,3.2359,3.3446,0,5,131,36,25,31
2068,92,2160,0.957407,0.174,1.565768e+06,2.230618e-01,3.2362,3.3481,1,8,5,36,24,31
2069,91,2160,0.95787,0.19,1.567889e+06,7.337898e-02,3.2277,3.3451,0,1,65,35,24,31
2070,90,2160,0.958333,0.192,1.594249e+06,2.107279e-01,3.2458,3.3438,2,4,6,35,24,30
2071,89,2160,0.958796,0.181,1.596322e+06,7.235260e-02,3.2428,3.3505,1,6,3,35,23,30
2072,88,2160,0.959259,0.181,1.594471e+06,2.411475e-01,3.251,3.3375,2,2,6,35,23,29
2073,87,2160,0.959722,0.183,1.600683e+06,1.718686e-01,3.2476,3.3434,1,6,6,35,22,29
2074,86,2160,0.960185,0.186,1.597786e+06,1.200170e-01,3.2317,3.349,2,1,2,35,22,28
2075,85,2160,0.960648,0.188,1.596747e+06,2.735493e-01,3.227,3.3461,1,2,5,35,21,28
2076,84,2160,0.961111,0.192,1.608605e+06,8.636884e-02,3.2167,3.3458,0,4,145,34,21,28
2077,83,2160,0.961574,0.157,1.633623e+06,2.034463e-01,3.2326,3.3318,0,5,118,33,21,28
2078,82,2160,0.962037,0.167,1.635625e+06,2.339840e-01,3.2256,3.3419,1,7,5,33,20,28
2079,81,2160,0.9625,0.163,1.632428e+06,2.307981e-01,3.2392,3.3338,1,7,9,33,19,28
2080,80,2160,0.962963,0.154,1.633948e+06,1.560350e-01,3.2229,3.3267,0,9,118,32,19,28
2081,79,2160,0.963426,0.155,1.631947e+06,1.135714e-01,3.2584,3.3481,0,3,118,31,19,28
2082,78,2160,0.963889,0.148,1.628578e+06,3.971183e-02,3.2135,3.3384,0,6,118,30,19,28
2083,77,2160,0.964352,0.144,1.630401e+06,1.337729e-01,3.2314,3.3322,1,7,6,30,18,28
2084,76,2160,0.964815,0.147,1.634421e+06,1.010017e-01,3.2608,3.3442,0,4,91,29,18,28
2085,75,2160,0.965278,0.144,1.630834e+06,2.224676e-01,3.2366,3.3478,2,5,6,29,18,27
2086,74,2160,0.965741,0.145,1.632390e+06,2.305804e-01,3.2402,3.3498,1,6,0,29,17,27
2087,73,2160,0.966204,0.145,1.630577e+06,2.435396e-01,3.2522,3.3588,1,6,1,29,16,27
2088,72,2160,0.966667,0.144,1.629490e+06,4.431323e-02,3.2151,3.3477,1,2,1,29,15,27
2089,71,2160,0.96713,0.141,1.628465e+06,7.408010e-02,3.2189,3.3529,1,2,0,29,14,27
2090,70,2160,0.967593,0.14,1.629645e+06,7.019358e-02,3.2352,3.3545,2,5,4,29,14,26
2091,69,2160,0.968056,0.139,1.629743e+06,9.477697e-02,3.2134,3.3302,2,6,9,29,14,25
2092,68,2160,0.968519,0.14,1.630476e+06,7.457343e-02,3.221,3.3299,0,1,48,28,14,25
2093,67,2160,0.968981,0.138,1.661798e+06,1.570388e-01,3.2173,3.332,2,7,7,28,14,24
2094,66,2160,0.969444,0.133,1.670918e+06,1.733392e-01,3.2342,3.339,0,8,82,27,14,24
2095,65,2160,0.969907,0.146,1.696664e+06,7.659216e-02,3.2269,3.3261,0,1,50,26,14,24
2096,64,2160,0.97037,0.147,1.731815e+06,8.228842e-02,3.2378,3.3334,0,1,67,25,14,24
2097,63,2160,0.970833,0.148,1.774052e+06,1.194562e-01,3.2417,3.3455,2,1,9,25,14,23
2098,62,2160,0.971296,0.15,1.775263e+06,1.868914e-01,3.2463,3.3586,2,5,2,25,14,22
2099,61,2160,0.971759,0.147,1.774201e+06,1.961621e-01,3.2182,3.3466,2,6,2,25,14,21
2100,60,2160,0.972222,0.148,1.787042e+06,3.617684e-01,3.2202,3.3354,2,4,3,25,14,20
2101,59,2160,0.972685,0.142,1.804855e+06,9.124813e-02,3.2409,3.3219,0,1,175,24,14,20
2102,58,2160,0.973148,0.139,1.847534e+06,3.593707e-01,3.2201,3.3449,2,6,3,24,14,19
2103,57,2160,0.973611,0.139,1.881043e+06,3.512556e-01,3.2294,3.3393,1,3,0,24,13,19
2104,56,2160,0.974074,0.138,1.879207e+06,3.602857e-01,3.2093,3.342,1,3,1,24,12,19
2105,55,2160,0.974537,0.137,1.878208e+06,1.083973e-01,3.2343,3.3441,0,1,49,23,12,19
2106,54,2160,0.975,0.136,1.925363e+06,1.111153e-01,3.2363,3.345,0,3,144,22,12,19
2107,53,2160,0.975463,0.14,1.989216e+06,2.395420e-01,3.2467,3.3497,2,2,2,22,12,18
2108,52,2160,0.975926,0.138,1.995754e+06,1.787708e-01,3.2213,3.346,1,2,3,22,11,18
2109,51,2160,0.976389,0.138,1.994597e+06,1.188949e-01,3.2493,3.3635,0,3,151,21,11,18
2110,50,2160,0.976852,0.138,2.070128e+06,1.614790e-01,3.2324,3.3456,0,3,86,20,11,18
2111,49,2160,0.977315,0.135,2.081382e+06,7.071107e-02,3.2398,3.3405,0,4,86,19,11,18
2112,48,2160,0.977778,0.14,2.092472e+06,2.528288e-01,3.241,3.3403,2,8,7,19,11,17
2113,47,2160,0.978241,0.139,2.130541e+06,3.656155e-01,3.2365,3.3413,1,9,6,19,10,17
2114,46,2160,0.978704,0.134,2.192456e+06,2.053584e-01,3.2257,3.3455,2,1,8,19,10,16
2115,45,2160,0.979167,0.139,2.181466e+06,2.052680e-01,3.2378,3.3594,2,4,9,19,10,15
2116,44,2160,0.97963,0.151,2.188017e+06,2.418424e-01,3.2259,3.3432,0,0,72,18,10,15
2117,43,2160,0.980093,0.158,2.194025e+06,1.320623e-01,3.2313,3.3494,0,1,72,17,10,15
2118,42,2160,0.980556,0.159,2.238021e+06,1.907073e-01,3.2495,3.3292,0,0,120,16,10,15
2119,41,2160,0.981019,0.144,2.241492e+06,1.766437e-01,3.2491,3.3552,0,0,107,15,10,15
2120,40,2160,0.981481,0.146,2.245248e+06,1.818351e-01,3.2372,3.347,0,1,89,14,10,15
2121,39,2160,0.981944,0.176,2.266017e+06,1.942218e-01,3.217,3.3504,1,4,0,14,9,15
2122,38,2160,0.982407,0.163,2.262772e+06,2.177344e-01,3.2359,3.3453,0,0,89,13,9,15
2123,37,2160,0.98287,0.164,2.259799e+06,1.118739e-01,3.2326,3.3411,0,4,89,12,9,15
2124,36,2160,0.983333,0.153,2.292643e+06,2.352927e-01,3.2253,3.3504,1,7,4,12,8,15
2125,35,2160,0.983796,0.143,2.310948e+06,1.821636e-01,3.2264,3.334,0,1,107,11,8,15
2126,34,2160,0.984259,0.144,2.373941e+06,2.643911e-01,3.2437,3.3283,2,0,7,11,8,14
2127,33,2160,0.984722,0.149,2.403226e+06,2.280669e-01,3.2317,3.3203,1,4,6,11,7,14
2128,32,2160,0.985185,0.141,2.427885e+06,2.673051e-01,3.2486,3.3313,0,6,91,10,7,14
2129,31,2160,0.985648,0.138,2.422155e+06,6.161325e-02,3.2538,3.3404,0,3,91,9,7,14
2130,30,2160,0.986111,0.143,2.430431e+06,2.286593e-01,3.2344,3.3435,0,1,120,8,7,14
2131,29,2160,0.986574,0.123,2.561224e+06,1.827734e-01,3.2402,3.3461,1,4,1,8,6,14
2132,28,2160,0.987037,0.121,2.623577e+06,3.520636e-01,3.2512,3.3511,2,7,9,8,6,13
2133,27,2160,0.9875,0.113,2.852214e+06,3.102683e-01,3.234,3.3416,2,9,9,8,6,12
2134,26,2160,0.987963,0.113,2.968047e+06,2.420968e-01,3.2203,3.3417,2,1,1,8,6,11
2135,25,2160,0.988426,0.113,2.935516e+06,1.398589e-01,3.2569,3.3411,2,1,4,8,6,10
2136,24,2160,0.988889,0.113,3.017869e+06,1.988890e-01,3.2384,3.3379,2,3,8,8,6,9
2137,23,2160,0.989352,0.115,2.975670e+06,2.280085e-01,3.2489,3.3306,1,8,3,8,5,9
2138,22,2160,0.989815,0.115,2.937726e+06,3.310286e-01,3.2401,3.3527,2,5,8,8,5,8
2139,21,2160,0.990278,0.113,2.901885e+06,1.492312e-01,3.2305,3.3338,0,4,142,7,5,8
2140,20,2160,0.990741,0.114,2.991110e+06,2.684374e-01,3.2441,3.3447,1,4,4,7,4,8
2141,19,2160,0.991204,0.115,2.959762e+06,1.601604e-01,3.2551,3.3324,0,3,150,6,4,8
2142,18,2160,0.991667,0.11,3.137237e+06,1.928414e-01,3.2326,3.3464,0,3,173,5,4,8
2143,17,2160,0.99213,0.114,3.399047e+06,4.251167e-01,3.2518,3.3225,2,8,1,5,4,7
2144,16,2160,0.992593,0.114,4.335162e+06,6.169975e-01,3.2193,3.3307,2,2,4,5,4,6
2145,15,2160,0.993056,0.112,5.324877e+06,3.327160e-01,3.2358,3.3452,2,5,1,5,4,5
2146,14,2160,0.993519,0.114,5.354565e+06,4.607887e-01,3.2581,3.3468,1,1,3,5,3,5
2147,13,2160,0.993981,0.114,5.250560e+06,1.729315e-01,3.2459,3.3508,0,3,137,4,3,5
2148,12,2160,0.994444,0.118,5.482752e+06,5.248036e-01,3.2466,3.3359,2,3,4,4,3,4
2149,11,2160,0.994907,0.128,5.627038e+06,2.089502e-01,3.2262,3.3425,0,3,143,3,3,4
2150,10,2160,0.99537,0.123,6.008487e+06,1.435389e+00,3.26,3.3407,2,4,4,3,3,3
2151,9,2160,0.995833,0.125,8.309174e+06,1.194364e+00,3.2375,3.3497,0,3,128,2,3,3
2152,8,2160,0.996296,0.124,8.352737e+06,2.190309e+00,3.259,3.3523,2,0,4,2,3,2
2153,7,2160,0.996759,0.112,9.767356e+06,1.252784e+00,3.2457,3.3417,1,4,3,2,2,2
2154,6,2160,0.997222,0.111,9.508068e+06,3.373697e-01,3.247,3.3363,0,8,68,1,2,2
2155,5,2160,0.997685,0.107,1.111710e+07,4.365462e-01,3.2607,3.3453,1,7,8,1,1,2
2156,4,2160,0.998148,0.107,1.079664e+07,8.158103e-01,3.2535,3.3405,2,5,7,1,1,1
2157,3,2160,0.998611,0.107,1.061899e+07,1.255274e+00,3.2439,3.3341,0,1,63,0,1,1
2158,2,2160,0.999074,0.107,2.585962e+06,1.869906e+00,2.8843,3.3575,1,9,1,0,0,1
2159,1,2160,0.999537,0.107,2.013715e+06,3.691085e+00,2.9027,0.8456,2,3,9,0,0,0
