step,NZ,total_W,sparsity,val_acc,d_manifold,d_W,prune_time_s,adjust_time_s,candidate_layer,candidate_i,candidate_j,layer_0_NZ,layer_1_NZ,layer_2_NZ
0,2160,2160,0.0,0.92,0.000000e+00,2.006806e-03,0.9558,0.8393,1,0,0,1960,99,100
1,2159,2160,0.000463,0.92,0.000000e+00,3.144994e-03,0.3753,0.0897,1,0,1,1960,98,100
2,2158,2160,0.000926,0.92,0.000000e+00,2.028888e-03,0.3796,0.0783,1,0,2,1960,97,100
3,2157,2160,0.001389,0.92,0.000000e+00,1.590945e-02,0.3861,0.0822,1,0,3,1960,96,100
4,2156,2160,0.001852,0.92,0.000000e+00,9.279871e-03,0.3957,0.082,1,0,4,1960,95,100
5,2155,2160,0.002315,0.92,0.000000e+00,1.248435e-03,0.3917,0.0812,1,0,5,1960,94,100
6,2154,2160,0.002778,0.92,0.000000e+00,8.563965e-03,0.3799,0.0821,1,0,6,1960,93,100
7,2153,2160,0.003241,0.92,0.000000e+00,1.771624e-03,0.3712,0.0833,1,0,7,1960,92,100
8,2152,2160,0.003704,0.92,0.000000e+00,4.835571e-03,0.3765,0.0822,1,0,8,1960,91,100
9,2151,2160,0.004167,0.92,0.000000e+00,8.513493e-03,0.3738,0.0833,1,0,9,1960,90,100
10,2150,2160,0.00463,0.92,0.000000e+00,3.808440e-03,0.3745,0.0817,1,5,0,1960,89,100
11,2149,2160,0.005093,0.92,0.000000e+00,1.478451e-03,0.371,0.0828,1,5,1,1960,88,100
12,2148,2160,0.005556,0.92,0.000000e+00,7.645868e-03,0.3741,0.0828,1,5,2,1960,87,100
13,2147,2160,0.006019,0.92,0.000000e+00,8.434217e-03,0.3711,0.0828,1,5,3,1960,86,100
14,2146,2160,0.006481,0.92,0.000000e+00,5.729782e-04,0.366,0.0824,1,5,5,1960,85,100
15,2145,2160,0.006944,0.92,0.000000e+00,1.445307e-02,0.3695,0.0806,1,5,6,1960,84,100
16,2144,2160,0.007407,0.92,0.000000e+00,6.899091e-03,0.3738,0.0823,1,5,7,1960,83,100
17,2143,2160,0.00787,0.92,0.000000e+00,4.890874e-03,0.3813,0.0803,1,5,8,1960,82,100
18,2142,2160,0.008333,0.92,0.000000e+00,1.154235e-02,0.3648,0.0829,1,5,9,1960,81,100
19,2141,2160,0.008796,0.92,0.000000e+00,1.748277e-02,0.3738,0.08,2,0,0,1960,81,99
20,2140,2160,0.009259,0.92,0.000000e+00,2.185939e-03,0.3643,0.0811,2,0,5,1960,81,98
21,2139,2160,0.009722,0.92,0.000000e+00,5.288643e-03,0.3669,0.0826,2,1,0,1960,81,97
22,2138,2160,0.010185,0.92,0.000000e+00,6.757468e-03,0.3698,0.0817,2,1,5,1960,81,96
23,2137,2160,0.010648,0.92,0.000000e+00,3.969737e-03,0.3667,0.0823,2,2,0,1960,81,95
24,2136,2160,0.011111,0.92,0.000000e+00,9.575610e-03,0.3625,0.0817,2,2,5,1960,81,94
25,2135,2160,0.011574,0.92,0.000000e+00,1.146983e-02,0.3634,0.0791,2,3,0,1960,81,93
26,2134,2160,0.012037,0.92,0.000000e+00,1.048007e-02,0.3765,0.0809,2,3,5,1960,81,92
27,2133,2160,0.0125,0.92,0.000000e+00,1.271909e-02,0.3718,0.0813,2,4,0,1960,81,91
28,2132,2160,0.012963,0.92,0.000000e+00,2.846809e-03,0.3735,0.0842,2,4,5,1960,81,90
29,2131,2160,0.013426,0.92,0.000000e+00,7.072589e-03,0.3646,0.0829,2,5,0,1960,81,89
30,2130,2160,0.013889,0.92,0.000000e+00,1.446763e-03,0.3702,0.08,2,5,5,1960,81,88
31,2129,2160,0.014352,0.92,0.000000e+00,2.458674e-03,0.3681,0.081,2,6,0,1960,81,87
32,2128,2160,0.014815,0.92,0.000000e+00,1.063641e-02,0.3691,0.0808,2,6,5,1960,81,86
33,2127,2160,0.015278,0.92,0.000000e+00,9.045343e-03,0.373,0.0802,2,7,0,1960,81,85
34,2126,2160,0.015741,0.92,0.000000e+00,3.585539e-03,0.3688,0.0829,2,7,5,1960,81,84
35,2125,2160,0.016204,0.92,0.000000e+00,1.152317e-02,0.3642,0.0798,2,8,0,1960,81,83
36,2124,2160,0.016667,0.92,0.000000e+00,1.640592e-02,0.376,0.0821,2,8,5,1960,81,82
37,2123,2160,0.01713,0.92,0.000000e+00,7.462343e-03,0.3627,0.0805,2,9,0,1960,81,81
38,2122,2160,0.017593,0.92,0.000000e+00,1.380424e-02,0.3603,0.0827,2,9,5,1960,81,80
39,2121,2160,0.018056,0.92,0.000000e+00,1.698509e-02,0.3622,0.0807,1,5,4,1960,80,80
40,2120,2160,0.018519,0.92,0.000000e+00,2.173695e-05,0.372,3.3625,0,2,155,1959,80,80
41,2119,2160,0.018981,0.92,2.279438e-08,1.295632e-04,0.3788,3.3015,0,2,178,1958,80,80
42,2118,2160,0.019444,0.92,6.275440e-07,2.179637e-04,0.3703,3.2959,0,2,106,1957,80,80
43,2117,2160,0.019907,0.92,1.591626e-06,1.736789e-04,0.368,3.3052,0,2,152,1956,80,80
44,2116,2160,0.02037,0.92,1.519046e-06,4.639582e-04,0.3635,3.314,0,2,118,1955,80,80
45,2115,2160,0.020833,0.92,1.058342e-05,8.311392e-04,0.3683,3.2872,0,2,175,1954,80,80
46,2114,2160,0.021296,0.92,2.491939e-05,5.403387e-04,0.3678,3.3015,0,2,38,1953,80,80
47,2113,2160,0.021759,0.92,1.564799e-05,5.391794e-04,0.3754,3.3033,0,2,172,1952,80,80
48,2112,2160,0.022222,0.92,2.851937e-05,9.252006e-04,0.3645,3.3096,0,2,134,1951,80,80
49,2111,2160,0.022685,0.92,3.137379e-05,7.046045e-04,0.3661,3.2979,0,2,148,1950,80,80
50,2110,2160,0.023148,0.92,3.130746e-05,1.046894e-03,0.3739,3.2999,0,2,131,1949,80,80
51,2109,2160,0.023611,0.92,5.991456e-05,9.375936e-04,0.3737,3.2957,0,2,121,1948,80,80
52,2108,2160,0.024074,0.92,4.925925e-05,9.236332e-04,0.3643,3.3029,0,2,180,1947,80,80
53,2107,2160,0.024537,0.92,7.807077e-05,1.057381e-03,0.3681,3.2984,0,2,176,1946,80,80
54,2106,2160,0.025,0.92,7.753481e-05,1.239547e-03,0.3724,3.3164,0,2,157,1945,80,80
55,2105,2160,0.025463,0.92,1.132282e-04,1.321978e-03,0.3671,3.2931,0,2,44,1944,80,80
56,2104,2160,0.025926,0.92,1.046729e-04,1.488062e-03,0.3737,3.3019,0,2,70,1943,80,80
57,2103,2160,0.026389,0.92,1.412322e-04,1.426297e-03,0.3673,3.2956,0,2,82,1942,80,80
58,2102,2160,0.026852,0.92,1.317652e-04,1.334273e-03,0.3774,3.3082,0,2,188,1941,80,80
59,2101,2160,0.027315,0.92,1.973827e-04,1.645843e-03,0.3797,3.2989,0,2,177,1940,80,80
60,2100,2160,0.027778,0.92,1.864804e-04,1.638068e-03,0.374,3.3072,0,2,108,1939,80,80
61,2099,2160,0.028241,0.92,2.395989e-04,1.600304e-03,0.3688,3.2936,0,2,141,1938,80,80
62,2098,2160,0.028704,0.92,2.280569e-04,2.321987e-03,0.3643,3.3044,0,2,151,1937,80,80
63,2097,2160,0.029167,0.92,2.686873e-04,1.963372e-03,0.3704,3.2955,0,2,23,1936,80,80
64,2096,2160,0.02963,0.92,2.177050e-04,1.675892e-03,0.3767,3.3047,0,2,174,1935,80,80
65,2095,2160,0.030093,0.92,2.552088e-04,1.318262e-03,0.3746,3.3042,0,2,194,1934,80,80
66,2094,2160,0.030556,0.92,2.501555e-04,1.417425e-03,0.3757,3.2955,0,2,173,1933,80,80
67,2093,2160,0.031019,0.92,3.751374e-04,1.913808e-03,0.3628,3.2886,0,2,10,1932,80,80
68,2092,2160,0.031481,0.92,3.227614e-04,2.090168e-03,0.3657,3.2989,0,2,77,1931,80,80
69,2091,2160,0.031944,0.92,4.313364e-04,2.278216e-03,0.3727,3.3153,0,2,65,1930,80,80
70,2090,2160,0.032407,0.92,4.003029e-04,2.215527e-03,0.3701,3.3063,0,2,166,1929,80,80
71,2089,2160,0.03287,0.92,4.908933e-04,2.429187e-03,0.3841,3.3037,0,2,54,1928,80,80
72,2088,2160,0.033333,0.92,4.910174e-04,2.917817e-03,0.3756,3.2947,0,2,85,1927,80,80
73,2087,2160,0.033796,0.92,5.508607e-04,1.551696e-03,0.381,3.291,0,2,2,1926,80,80
74,2086,2160,0.034259,0.92,5.628307e-04,2.479958e-03,0.3677,3.2984,0,2,168,1925,80,80
75,2085,2160,0.034722,0.92,7.668623e-04,2.395200e-03,0.3649,3.2938,0,2,159,1924,80,80
76,2084,2160,0.035185,0.92,5.922889e-04,1.304011e-03,0.3717,3.3042,1,6,2,1924,79,80
77,2083,2160,0.035648,0.92,7.809600e-04,1.244881e-03,0.3614,3.2976,1,7,2,1924,78,80
78,2082,2160,0.036111,0.92,9.924686e-04,2.438680e-03,0.3699,3.3032,0,2,93,1923,78,80
79,2081,2160,0.036574,0.92,1.031405e-03,1.716631e-03,0.3656,3.2912,1,9,2,1923,77,80
80,2080,2160,0.037037,0.92,1.021567e-03,2.258134e-03,0.3764,3.3125,0,2,153,1922,77,80
81,2079,2160,0.0375,0.92,1.192789e-03,3.989206e-03,0.3834,3.2966,0,2,29,1921,77,80
82,2078,2160,0.037963,0.92,1.289841e-03,3.008304e-03,0.3704,3.2966,0,2,170,1920,77,80
83,2077,2160,0.038426,0.92,1.244885e-03,2.353649e-03,0.3751,3.2962,0,2,154,1919,77,80
84,2076,2160,0.038889,0.92,1.381354e-03,2.615862e-03,0.3747,3.3081,0,2,104,1918,77,80
85,2075,2160,0.039352,0.92,1.537565e-03,3.655776e-03,0.3637,3.2906,0,2,48,1917,77,80
86,2074,2160,0.039815,0.92,1.657264e-03,4.069376e-03,0.371,3.2899,0,2,1,1916,77,80
87,2073,2160,0.040278,0.92,1.660675e-03,3.235446e-03,0.3647,3.3074,0,2,192,1915,77,80
88,2072,2160,0.040741,0.92,1.633333e-03,3.046108e-03,0.3733,3.3067,0,2,20,1914,77,80
89,2071,2160,0.041204,0.92,1.651911e-03,4.637205e-03,0.3651,3.3007,0,2,146,1913,77,80
90,2070,2160,0.041667,0.92,1.901412e-03,3.936580e-03,0.3688,3.3142,0,2,84,1912,77,80
91,2069,2160,0.04213,0.92,1.645774e-03,3.610228e-03,0.3658,3.3058,0,2,94,1911,77,80
92,2068,2160,0.042593,0.92,2.133258e-03,4.034915e-03,0.3739,3.3066,0,2,143,1910,77,80
93,2067,2160,0.043056,0.92,1.945721e-03,5.740373e-03,0.3718,3.3157,0,2,4,1909,77,80
94,2066,2160,0.043519,0.92,2.061542e-03,3.621201e-03,0.3673,3.3084,0,2,130,1908,77,80
95,2065,2160,0.043981,0.92,1.869816e-03,2.500233e-03,0.3702,3.3069,0,2,139,1907,77,80
96,2064,2160,0.044444,0.92,2.385760e-03,4.395646e-03,0.3789,3.2957,0,2,83,1906,77,80
97,2063,2160,0.044907,0.92,2.264118e-03,2.918976e-03,0.3717,3.3001,0,2,91,1905,77,80
98,2062,2160,0.04537,0.92,2.456948e-03,5.019369e-03,0.3778,3.3122,0,2,169,1904,77,80
99,2061,2160,0.045833,0.92,2.776903e-03,3.896484e-03,0.376,3.304,0,2,68,1903,77,80
100,2060,2160,0.046296,0.92,2.587280e-03,4.337211e-03,0.3739,3.3187,0,2,99,1902,77,80
101,2059,2160,0.046759,0.92,2.983790e-03,2.730291e-03,0.3745,3.3012,0,2,58,1901,77,80
102,2058,2160,0.047222,0.92,2.901670e-03,3.114725e-03,0.3769,3.2991,0,2,46,1900,77,80
103,2057,2160,0.047685,0.92,3.527694e-03,5.972104e-03,0.3764,3.3069,0,2,183,1899,77,80
104,2056,2160,0.048148,0.92,3.301761e-03,5.470782e-03,0.3691,3.2997,0,2,55,1898,77,80
105,2055,2160,0.048611,0.92,3.467142e-03,4.992711e-03,0.3704,3.2984,0,2,98,1897,77,80
106,2054,2160,0.049074,0.92,3.320747e-03,4.302552e-03,0.3704,3.3116,0,2,182,1896,77,80
107,2053,2160,0.049537,0.92,3.639866e-03,4.225069e-03,0.3771,3.2891,0,2,57,1895,77,80
108,2052,2160,0.05,0.92,3.897053e-03,5.853700e-03,0.3707,3.2845,0,2,186,1894,77,80
109,2051,2160,0.050463,0.92,4.163407e-03,5.132626e-03,0.3657,3.2836,0,2,142,1893,77,80
110,2050,2160,0.050926,0.92,3.604937e-03,5.371511e-03,0.3778,3.2873,0,2,34,1892,77,80
111,2049,2160,0.051389,0.92,4.282302e-03,7.486981e-03,0.3651,3.2969,0,2,31,1891,77,80
112,2048,2160,0.051852,0.92,3.594838e-03,3.436088e-03,0.3647,3.2837,0,2,191,1890,77,80
113,2047,2160,0.052315,0.92,3.542997e-03,4.058284e-03,0.3649,3.2918,1,3,2,1890,76,80
114,2046,2160,0.052778,0.92,4.272435e-03,4.189434e-03,0.3683,3.3111,0,2,73,1889,76,80
115,2045,2160,0.053241,0.92,5.074578e-03,5.291846e-03,0.3759,3.3003,0,2,124,1888,76,80
116,2044,2160,0.053704,0.92,4.968587e-03,5.534833e-03,0.3641,3.3069,0,2,27,1887,76,80
117,2043,2160,0.054167,0.92,5.488320e-03,4.118146e-03,0.3701,3.3123,0,2,103,1886,76,80
118,2042,2160,0.05463,0.92,5.138696e-03,4.433804e-03,0.3657,3.3069,0,2,75,1885,76,80
119,2041,2160,0.055093,0.92,6.085162e-03,6.566502e-03,0.3697,3.3008,0,2,138,1884,76,80
120,2040,2160,0.055556,0.92,5.411595e-03,8.663247e-03,0.3731,3.3066,0,2,78,1883,76,80
121,2039,2160,0.056019,0.92,5.695669e-03,5.801529e-03,0.3663,3.2893,0,2,140,1882,76,80
122,2038,2160,0.056481,0.92,5.230423e-03,5.690573e-03,0.3686,3.3061,0,2,135,1881,76,80
123,2037,2160,0.056944,0.92,6.029519e-03,4.466352e-03,0.3683,3.3102,0,2,16,1880,76,80
124,2036,2160,0.057407,0.92,5.798142e-03,6.564911e-03,0.3731,3.3042,0,2,119,1879,76,80
125,2035,2160,0.05787,0.92,6.624215e-03,8.261204e-03,0.3693,3.3223,0,2,114,1878,76,80
126,2034,2160,0.058333,0.92,5.289324e-03,8.210399e-03,0.3764,3.3061,0,2,21,1877,76,80
127,2033,2160,0.058796,0.92,4.991596e-03,4.639202e-03,0.371,3.3091,0,2,7,1876,76,80
128,2032,2160,0.059259,0.92,5.040926e-03,5.615275e-03,0.362,3.3158,0,2,165,1875,76,80
129,2031,2160,0.059722,0.92,5.897903e-03,5.556990e-03,0.366,3.3238,0,2,116,1874,76,80
130,2030,2160,0.060185,0.92,5.438085e-03,5.614988e-03,0.3673,3.3065,0,2,49,1873,76,80
131,2029,2160,0.060648,0.92,6.334817e-03,6.042727e-03,0.383,3.2831,0,2,80,1872,76,80
132,2028,2160,0.061111,0.92,6.164023e-03,4.931643e-03,0.3777,3.3031,0,2,88,1871,76,80
133,2027,2160,0.061574,0.92,6.687919e-03,5.887232e-03,0.368,3.3104,0,2,125,1870,76,80
134,2026,2160,0.062037,0.92,6.643289e-03,5.760931e-03,0.37,3.302,0,2,42,1869,76,80
135,2025,2160,0.0625,0.92,7.483649e-03,7.130143e-03,0.377,3.3,0,2,11,1868,76,80
136,2024,2160,0.062963,0.92,7.441961e-03,6.709192e-03,0.3664,3.2841,0,2,122,1867,76,80
137,2023,2160,0.063426,0.92,7.474778e-03,7.437319e-03,0.37,3.3049,0,2,30,1866,76,80
138,2022,2160,0.063889,0.92,7.178368e-03,7.553411e-03,0.3688,3.3082,0,2,144,1865,76,80
139,2021,2160,0.064352,0.92,7.268895e-03,5.644523e-03,0.3691,3.3034,0,2,193,1864,76,80
140,2020,2160,0.064815,0.92,7.341124e-03,6.851803e-03,0.3658,3.2982,0,2,105,1863,76,80
141,2019,2160,0.065278,0.92,8.028418e-03,4.301394e-03,0.366,3.2943,0,2,17,1862,76,80
142,2018,2160,0.065741,0.92,7.752142e-03,4.858518e-03,0.3781,3.3047,0,2,6,1861,76,80
143,2017,2160,0.066204,0.92,8.761600e-03,8.893860e-03,0.362,3.314,0,2,167,1860,76,80
144,2016,2160,0.066667,0.92,8.615051e-03,7.528649e-03,0.3653,3.3005,0,2,56,1859,76,80
145,2015,2160,0.06713,0.92,8.861938e-03,7.336815e-03,0.3759,3.2986,0,2,190,1858,76,80
146,2014,2160,0.067593,0.92,9.364020e-03,8.917749e-03,0.3668,3.3092,0,2,0,1857,76,80
147,2013,2160,0.068056,0.92,9.606273e-03,8.056484e-03,0.3746,3.2981,0,2,5,1856,76,80
148,2012,2160,0.068519,0.92,9.193158e-03,5.821755e-03,0.3679,3.2963,0,2,136,1855,76,80
149,2011,2160,0.068981,0.92,9.755174e-03,7.022768e-03,0.3729,3.304,0,2,43,1854,76,80
150,2010,2160,0.069444,0.92,1.065145e-02,8.360940e-03,0.3694,3.296,0,2,132,1853,76,80
151,2009,2160,0.069907,0.92,1.125823e-02,9.795778e-03,0.3719,3.2922,0,2,32,1852,76,80
152,2008,2160,0.07037,0.92,1.088360e-02,7.441336e-03,0.3662,3.2907,0,2,61,1851,76,80
153,2007,2160,0.070833,0.92,1.106349e-02,9.371190e-03,0.373,3.2995,0,2,123,1850,76,80
154,2006,2160,0.071296,0.92,1.096111e-02,5.653603e-03,0.3704,3.2914,0,2,53,1849,76,80
155,2005,2160,0.071759,0.92,1.135589e-02,2.545065e-03,0.3818,3.2907,1,4,2,1849,75,80
156,2004,2160,0.072222,0.92,1.235958e-02,3.359221e-03,0.3651,3.2907,1,8,2,1849,74,80
157,2003,2160,0.072685,0.92,1.366314e-02,8.568713e-03,0.3686,3.2801,0,2,59,1848,74,80
158,2002,2160,0.073148,0.92,1.538120e-02,9.146309e-03,0.3648,3.3034,0,2,158,1847,74,80
159,2001,2160,0.073611,0.92,1.461217e-02,9.576339e-03,0.3613,3.3296,0,2,12,1846,74,80
160,2000,2160,0.074074,0.92,1.566306e-02,7.205030e-03,0.3687,3.3172,0,2,66,1845,74,80
161,1999,2160,0.074537,0.92,1.414976e-02,7.353243e-03,0.368,3.2892,0,2,187,1844,74,80
162,1998,2160,0.075,0.92,1.555277e-02,9.556602e-03,0.3676,3.3021,0,2,40,1843,74,80
163,1997,2160,0.075463,0.92,1.520325e-02,1.012703e-02,0.3707,3.2919,0,2,145,1842,74,80
164,1996,2160,0.075926,0.92,1.576662e-02,9.264351e-03,0.3738,3.3138,0,2,50,1841,74,80
165,1995,2160,0.076389,0.92,1.624210e-02,1.079374e-02,0.3741,3.2997,0,2,101,1840,74,80
166,1994,2160,0.076852,0.92,1.502053e-02,9.330004e-03,0.3719,3.3076,0,2,161,1839,74,80
167,1993,2160,0.077315,0.92,1.505088e-02,9.067076e-03,0.372,3.2946,0,2,164,1838,74,80
168,1992,2160,0.077778,0.92,1.498934e-02,8.448888e-03,0.3693,3.3044,0,2,189,1837,74,80
169,1991,2160,0.078241,0.92,1.486459e-02,1.025977e-02,0.3712,3.315,0,2,89,1836,74,80
170,1990,2160,0.078704,0.92,1.495600e-02,6.245136e-03,0.368,3.2912,0,2,19,1835,74,80
171,1989,2160,0.079167,0.92,1.571031e-02,7.188606e-03,0.3678,3.3193,0,2,113,1834,74,80
172,1988,2160,0.07963,0.92,1.652410e-02,1.116855e-02,0.3695,3.292,0,2,150,1833,74,80
173,1987,2160,0.080093,0.92,1.754468e-02,1.238980e-02,0.3746,3.302,0,2,81,1832,74,80
174,1986,2160,0.080556,0.92,1.673685e-02,7.708085e-03,0.3746,3.2909,0,2,126,1831,74,80
175,1985,2160,0.081019,0.92,1.757434e-02,7.277528e-03,0.3656,3.3037,0,2,74,1830,74,80
176,1984,2160,0.081481,0.92,1.860049e-02,1.182717e-02,0.3748,3.2998,0,2,179,1829,74,80
177,1983,2160,0.081944,0.92,1.855616e-02,1.065443e-02,0.3681,3.2926,0,2,95,1828,74,80
178,1982,2160,0.082407,0.92,1.711444e-02,1.943605e-05,0.367,3.3136,0,4,70,1827,74,80
179,1981,2160,0.08287,0.92,1.740853e-02,8.542380e-03,0.3711,3.2912,0,2,22,1826,74,80
180,1980,2160,0.083333,0.92,1.964574e-02,8.707257e-03,0.3732,3.2979,0,2,162,1825,74,80
181,1979,2160,0.083796,0.92,1.918651e-02,8.628902e-03,0.3662,3.3025,0,2,86,1824,74,80
182,1978,2160,0.084259,0.92,2.129371e-02,9.077675e-03,0.3693,3.2928,0,2,76,1823,74,80
183,1977,2160,0.084722,0.92,2.052468e-02,1.100462e-02,0.3712,3.3004,0,2,128,1822,74,80
184,1976,2160,0.085185,0.92,2.234856e-02,1.252917e-02,0.3658,3.2938,0,2,163,1821,74,80
185,1975,2160,0.085648,0.92,2.082475e-02,8.649699e-03,0.3682,3.3105,0,2,127,1820,74,80
186,1974,2160,0.086111,0.92,2.228381e-02,8.867888e-03,0.37,3.3047,0,2,71,1819,74,80
187,1973,2160,0.086574,0.92,2.211527e-02,9.302905e-03,0.3791,3.3098,0,2,13,1818,74,80
188,1972,2160,0.087037,0.92,2.452456e-02,1.467312e-02,0.3659,3.3036,0,2,184,1817,74,80
189,1971,2160,0.0875,0.92,2.357040e-02,9.547144e-03,0.3663,3.3037,0,2,62,1816,74,80
190,1970,2160,0.087963,0.92,2.646871e-02,1.284706e-02,0.3694,3.313,0,2,60,1815,74,80
191,1969,2160,0.088426,0.92,2.449303e-02,9.767758e-03,0.3657,3.2991,0,2,9,1814,74,80
192,1968,2160,0.088889,0.92,2.614363e-02,8.090899e-03,0.3706,3.2995,0,2,47,1813,74,80
193,1967,2160,0.089352,0.92,2.609918e-02,1.755757e-02,0.3695,3.3011,0,2,111,1812,74,80
194,1966,2160,0.089815,0.92,2.894214e-02,1.233718e-02,0.3664,3.3164,0,2,102,1811,74,80
195,1965,2160,0.090278,0.92,2.432306e-02,1.214828e-02,0.3745,3.3173,0,2,15,1810,74,80
196,1964,2160,0.090741,0.92,2.598719e-02,1.045244e-02,0.3647,3.2995,0,2,69,1809,74,80
197,1963,2160,0.091204,0.92,2.504651e-02,1.136837e-02,0.3705,3.2885,0,2,45,1808,74,80
198,1962,2160,0.091667,0.92,2.735432e-02,1.481973e-02,0.3732,3.3014,0,2,67,1807,74,80
199,1961,2160,0.09213,0.92,2.682201e-02,1.358621e-02,0.3694,3.2922,0,2,129,1806,74,80
200,1960,2160,0.092593,0.92,2.626919e-02,8.621903e-03,0.3707,3.3022,0,2,115,1805,74,80
201,1959,2160,0.093056,0.92,2.680955e-02,9.668617e-03,0.3686,3.3024,0,2,8,1804,74,80
202,1958,2160,0.093519,0.92,2.799976e-02,8.913013e-03,0.3771,3.2989,0,2,100,1803,74,80
203,1957,2160,0.093981,0.92,2.784427e-02,1.315597e-02,0.3747,3.277,0,2,110,1802,74,80
204,1956,2160,0.094444,0.92,2.759412e-02,1.737522e-02,0.3619,3.2884,0,2,28,1801,74,80
205,1955,2160,0.094907,0.92,2.735793e-02,1.056533e-02,0.3648,3.3086,0,2,51,1800,74,80
206,1954,2160,0.09537,0.92,2.682040e-02,1.309618e-02,0.3663,3.2907,0,2,79,1799,74,80
207,1953,2160,0.095833,0.92,3.018402e-02,1.209168e-02,0.3723,3.3016,0,2,18,1798,74,80
208,1952,2160,0.096296,0.92,2.759874e-02,1.126111e-02,0.3754,3.2929,0,2,147,1797,74,80
209,1951,2160,0.096759,0.92,2.916883e-02,1.405912e-02,0.3661,3.3072,0,2,14,1796,74,80
210,1950,2160,0.097222,0.92,2.982762e-02,1.839137e-02,0.3715,3.2945,0,2,97,1795,74,80
211,1949,2160,0.097685,0.92,2.771489e-02,1.071433e-02,0.3759,3.2896,0,2,64,1794,74,80
212,1948,2160,0.098148,0.92,2.782197e-02,1.581501e-02,0.371,3.3014,0,2,52,1793,74,80
213,1947,2160,0.098611,0.92,3.015438e-02,1.062973e-02,0.3694,3.3189,0,2,25,1792,74,80
214,1946,2160,0.099074,0.92,3.025088e-02,1.454154e-02,0.3656,1.7606,0,2,39,1791,74,80
215,1945,2160,0.099537,0.92,3.243593e-02,1.352400e-02,0.3587,3.3037,0,2,36,1790,74,80
216,1944,2160,0.1,0.92,3.289629e-02,1.530878e-02,0.361,3.31,0,2,133,1789,74,80
217,1943,2160,0.100463,0.92,3.387904e-02,1.228002e-02,0.3628,3.3094,0,2,156,1788,74,80
218,1942,2160,0.100926,0.92,3.557513e-02,1.853811e-02,0.3665,3.2998,0,2,109,1787,74,80
219,1941,2160,0.101389,0.92,3.431223e-02,1.309343e-02,0.3731,3.3159,0,2,26,1786,74,80
220,1940,2160,0.101852,0.92,3.383745e-02,1.497270e-02,0.3722,3.309,0,2,72,1785,74,80
221,1939,2160,0.102315,0.92,3.539722e-02,1.579820e-02,0.3608,3.2961,0,2,181,1784,74,80
222,1938,2160,0.102778,0.92,3.604545e-02,1.121493e-02,0.3735,3.3095,0,2,171,1783,74,80
223,1937,2160,0.103241,0.92,3.420358e-02,1.133490e-02,0.3651,3.3162,1,1,2,1783,73,80
224,1936,2160,0.103704,0.92,3.608618e-02,1.209329e-02,0.3743,3.3163,0,2,137,1782,73,80
225,1935,2160,0.104167,0.92,3.897145e-02,1.707985e-02,0.3667,3.3076,0,2,41,1781,73,80
226,1934,2160,0.10463,0.92,3.875733e-02,1.688859e-02,0.3698,3.3115,0,2,35,1780,73,80
227,1933,2160,0.105093,0.92,3.899352e-02,2.099339e-02,0.3723,3.3008,0,2,33,1779,73,80
228,1932,2160,0.105556,0.92,4.015603e-02,1.603476e-02,0.3626,3.3065,0,2,63,1778,73,80
229,1931,2160,0.106019,0.92,3.863561e-02,1.546794e-02,0.3769,3.3031,0,2,120,1777,73,80
230,1930,2160,0.106481,0.92,4.062543e-02,1.762513e-02,0.3635,3.3035,0,2,37,1776,73,80
231,1929,2160,0.106944,0.92,3.847856e-02,1.799228e-02,0.3713,3.2967,0,2,24,1775,73,80
232,1928,2160,0.107407,0.92,4.044195e-02,2.197976e-02,0.3643,3.3025,0,2,160,1774,73,80
233,1927,2160,0.10787,0.92,4.023770e-02,2.508720e-02,0.3671,3.293,0,2,92,1773,73,80
234,1926,2160,0.108333,0.92,3.932547e-02,1.737911e-02,0.3668,3.3114,0,2,107,1772,73,80
235,1925,2160,0.108796,0.92,4.005010e-02,1.958514e-02,0.3626,3.3015,0,2,87,1771,73,80
236,1924,2160,0.109259,0.92,4.244023e-02,1.435162e-02,0.3671,3.2968,0,2,117,1770,73,80
237,1923,2160,0.109722,0.92,4.168842e-02,1.839313e-02,0.3667,3.2822,0,2,90,1769,73,80
238,1922,2160,0.110185,0.92,4.311898e-02,1.213851e-02,0.3685,3.302,1,2,2,1769,72,80
239,1921,2160,0.110648,0.92,4.434348e-02,1.627009e-02,0.375,3.3062,0,2,3,1768,72,80
240,1920,2160,0.111111,0.92,4.431916e-02,1.730581e-02,0.3664,3.3109,0,2,96,1767,72,80
241,1919,2160,0.111574,0.92,4.430773e-02,2.785949e-02,0.3673,3.309,0,2,112,1766,72,80
242,1918,2160,0.112037,0.92,4.430016e-02,1.490710e-02,0.3718,3.3075,0,2,149,1765,72,80
243,1917,2160,0.1125,0.92,4.429436e-02,1.471112e-02,0.3723,3.2896,0,2,185,1764,72,80
244,1916,2160,0.112963,0.92,4.428957e-02,2.524412e-02,0.3711,1.313,0,2,195,1763,72,80
245,1915,2160,0.113426,0.92,4.428783e-02,2.130098e-05,0.3667,3.2903,0,3,126,1762,72,80
246,1914,2160,0.113889,0.92,4.509133e-02,4.203243e-05,0.3702,3.3052,0,7,165,1761,72,80
247,1913,2160,0.114352,0.92,4.581591e-02,4.413774e-05,0.3708,3.3042,0,8,17,1760,72,80
248,1912,2160,0.114815,0.92,4.765328e-02,8.365647e-05,0.3714,3.31,0,9,104,1759,72,80
249,1911,2160,0.115278,0.92,5.072334e-02,6.582807e-05,0.3614,3.2952,0,1,69,1758,72,80
250,1910,2160,0.115741,0.92,5.393665e-02,6.962584e-05,0.3672,3.2937,0,8,188,1757,72,80
251,1909,2160,0.116204,0.92,5.710656e-02,6.444870e-05,0.3729,3.2957,0,6,44,1756,72,80
252,1908,2160,0.116667,0.92,5.967413e-02,1.100131e-04,0.3728,3.3007,0,7,58,1755,72,80
253,1907,2160,0.11713,0.92,6.332578e-02,1.261268e-04,0.3652,3.3136,0,7,150,1754,72,80
254,1906,2160,0.117593,0.92,6.929048e-02,8.828056e-05,0.3688,3.3126,0,8,41,1753,72,80
255,1905,2160,0.118056,0.92,7.526652e-02,8.649285e-05,0.3771,3.3015,0,5,147,1752,72,80
256,1904,2160,0.118519,0.92,8.113911e-02,1.396621e-04,0.3721,3.3068,0,9,19,1751,72,80
257,1903,2160,0.118981,0.92,8.770958e-02,1.511373e-04,0.3702,3.305,0,8,181,1750,72,80
258,1902,2160,0.119444,0.92,1.069376e-01,1.567334e-04,0.369,3.3135,0,8,165,1749,72,80
259,1901,2160,0.119907,0.92,1.249519e-01,2.862222e-04,0.3716,3.2992,0,7,173,1748,72,80
260,1900,2160,0.12037,0.92,1.553211e-01,1.668292e-04,0.3828,3.2905,0,3,169,1747,72,80
261,1899,2160,0.120833,0.92,1.945122e-01,2.353957e-04,0.3643,3.2994,0,1,150,1746,72,80
262,1898,2160,0.121296,0.92,2.281766e-01,3.323590e-04,0.3663,3.279,0,9,99,1745,72,80
263,1897,2160,0.121759,0.92,2.631238e-01,3.512375e-04,0.3745,3.2816,0,9,183,1744,72,80
264,1896,2160,0.122222,0.92,3.033033e-01,2.955210e-04,0.3598,3.2961,0,4,15,1743,72,80
265,1895,2160,0.122685,0.92,3.515197e-01,3.844337e-04,0.3707,3.3075,0,9,157,1742,72,80
266,1894,2160,0.123148,0.92,3.979527e-01,3.004048e-04,0.3701,3.2941,0,0,52,1741,72,80
267,1893,2160,0.123611,0.92,4.441441e-01,2.997195e-04,0.3785,3.3082,0,8,30,1740,72,80
268,1892,2160,0.124074,0.92,4.966093e-01,2.933524e-04,0.3606,3.2948,0,6,25,1739,72,80
269,1891,2160,0.124537,0.92,5.506571e-01,2.858189e-04,0.3595,3.2933,0,6,169,1738,72,80
270,1890,2160,0.125,0.92,6.221743e-01,3.336057e-04,0.3622,3.3026,0,4,76,1737,72,80
271,1889,2160,0.125463,0.92,6.681256e-01,4.648673e-04,0.3616,3.2949,0,9,150,1736,72,80
272,1888,2160,0.125926,0.92,7.424574e-01,1.040630e-04,0.3606,3.3121,1,9,3,1736,71,80
273,1887,2160,0.126389,0.92,7.024287e-01,4.881605e-04,0.3615,3.3049,0,9,143,1735,71,80
274,1886,2160,0.126852,0.92,7.970540e-01,3.799925e-04,0.3687,3.2906,0,0,77,1734,71,80
275,1885,2160,0.127315,0.92,8.746245e-01,3.742166e-04,0.3691,3.3089,0,8,84,1733,71,80
276,1884,2160,0.127778,0.92,9.583165e-01,5.198809e-04,0.3684,3.3167,0,9,13,1732,71,80
277,1883,2160,0.128241,0.92,1.039589e+00,4.037507e-04,0.3575,3.3103,0,0,101,1731,71,80
278,1882,2160,0.128704,0.92,1.118228e+00,4.190993e-04,0.3662,3.3067,0,0,15,1730,71,80
279,1881,2160,0.129167,0.92,1.223993e+00,3.407059e-04,0.3673,3.3108,0,3,194,1729,71,80
280,1880,2160,0.12963,0.92,1.343460e+00,4.684306e-04,0.3706,3.3074,0,4,107,1728,71,80
281,1879,2160,0.130093,0.92,1.433022e+00,5.808429e-04,0.369,3.3066,0,9,107,1727,71,80
282,1878,2160,0.130556,0.92,1.384390e+00,6.522948e-04,0.366,3.3083,0,7,14,1726,71,80
283,1877,2160,0.131019,0.92,1.541120e+00,3.942892e-04,0.4235,3.3333,0,6,32,1725,71,80
284,1876,2160,0.131481,0.92,1.648342e+00,4.029570e-04,0.3678,3.3006,0,6,47,1724,71,80
285,1875,2160,0.131944,0.92,1.750413e+00,4.557600e-04,0.3749,3.2888,0,8,59,1723,71,80
286,1874,2160,0.132407,0.92,1.871849e+00,3.871550e-04,0.3616,3.2947,0,3,84,1722,71,80
287,1873,2160,0.13287,0.92,2.045780e+00,4.847263e-04,0.3769,3.3095,0,8,119,1721,71,80
288,1872,2160,0.133333,0.92,2.161660e+00,5.006863e-04,0.3576,3.2925,0,8,97,1720,71,80
289,1871,2160,0.133796,0.92,2.313173e+00,5.161991e-04,0.3592,3.3116,0,1,25,1719,71,80
290,1870,2160,0.134259,0.92,2.435746e+00,4.624422e-04,0.3706,3.3078,0,5,111,1718,71,80
291,1869,2160,0.134722,0.92,2.548771e+00,4.259100e-04,0.3648,3.3011,0,3,147,1717,71,80
292,1868,2160,0.135185,0.92,2.705142e+00,5.846956e-04,0.3723,3.307,0,4,19,1716,71,80
293,1867,2160,0.135648,0.92,2.872098e+00,8.273998e-04,0.3714,3.3123,0,7,18,1715,71,80
294,1866,2160,0.136111,0.92,3.060914e+00,5.077366e-04,0.3572,3.3063,0,5,148,1714,71,80
295,1865,2160,0.136574,0.92,3.217013e+00,8.954111e-04,0.3601,3.3056,0,7,148,1713,71,80
296,1864,2160,0.137037,0.92,3.391166e+00,5.435417e-04,0.3651,3.304,0,6,159,1712,71,80
297,1863,2160,0.1375,0.92,3.605155e+00,9.198575e-04,0.3647,3.3128,0,7,127,1711,71,80
298,1862,2160,0.137963,0.92,3.847998e+00,5.518774e-04,0.3554,3.3066,0,5,24,1710,71,80
299,1861,2160,0.138426,0.92,4.063856e+00,6.181957e-04,0.3709,3.2957,0,8,191,1709,71,80
300,1860,2160,0.138889,0.92,4.268793e+00,6.256590e-04,0.3679,3.2933,0,8,148,1708,71,80
301,1859,2160,0.139352,0.92,4.453757e+00,6.623000e-04,0.3607,3.3141,0,1,76,1707,71,80
302,1858,2160,0.139815,0.92,4.646667e+00,6.979373e-04,0.3584,3.3113,0,0,34,1706,71,80
303,1857,2160,0.140278,0.92,4.802848e+00,6.178249e-04,0.3646,3.2938,0,6,70,1705,71,80
304,1856,2160,0.140741,0.92,4.954112e+00,1.043114e-03,0.359,3.2957,0,7,125,1704,71,80
305,1855,2160,0.141204,0.92,5.221453e+00,5.577729e-04,0.3587,3.292,0,3,2,1703,71,80
306,1854,2160,0.141667,0.92,5.540275e+00,7.172132e-04,0.3611,3.3013,0,8,6,1702,71,80
307,1853,2160,0.14213,0.92,5.833739e+00,7.582451e-04,0.3585,3.3003,0,1,83,1701,71,80
308,1852,2160,0.142593,0.92,6.119107e+00,1.156079e-03,0.3573,3.2921,0,7,139,1700,71,80
309,1851,2160,0.143056,0.92,6.439834e+00,1.220665e-03,0.3615,3.311,0,7,83,1699,71,80
310,1850,2160,0.143519,0.92,6.651698e+00,7.599853e-04,0.3619,3.3075,0,6,183,1698,71,80
311,1849,2160,0.143981,0.92,7.095417e+00,1.156670e-03,0.3593,3.3097,0,9,65,1697,71,80
312,1848,2160,0.144444,0.92,7.507503e+00,9.196737e-04,0.3602,3.3019,0,4,49,1696,71,80
313,1847,2160,0.144907,0.92,7.848783e+00,1.167280e-03,0.3654,3.3022,0,9,139,1695,71,80
314,1846,2160,0.14537,0.92,8.191658e+00,8.788121e-04,0.3525,3.3031,0,8,149,1694,71,80
315,1845,2160,0.145833,0.92,8.683344e+00,7.157062e-04,0.3671,3.2992,0,3,187,1693,71,80
316,1844,2160,0.146296,0.92,9.229615e+00,8.404044e-04,0.3653,3.2964,0,6,111,1692,71,80
317,1843,2160,0.146759,0.92,9.714724e+00,1.009803e-03,0.3574,3.3212,0,4,119,1691,71,80
318,1842,2160,0.147222,0.92,1.010236e+01,1.412653e-03,0.3548,3.2968,0,7,114,1690,71,80
319,1841,2160,0.147685,0.92,1.062053e+01,1.412068e-03,0.3665,3.3169,0,7,99,1689,71,80
320,1840,2160,0.148148,0.92,1.120516e+01,1.300816e-03,0.3696,3.2951,0,9,176,1688,71,80
321,1839,2160,0.148611,0.92,1.176212e+01,9.534434e-04,0.3687,3.329,0,8,133,1687,71,80
322,1838,2160,0.149074,0.92,1.231284e+01,1.454474e-03,0.3627,3.2993,0,7,17,1686,71,80
323,1837,2160,0.149537,0.92,1.293631e+01,1.328686e-03,0.3652,3.3109,0,9,78,1685,71,80
324,1836,2160,0.15,0.92,1.344331e+01,7.856254e-04,0.3631,3.3109,0,3,7,1684,71,80
325,1835,2160,0.150463,0.92,1.409844e+01,8.176320e-04,0.3595,3.3051,0,3,1,1683,71,80
326,1834,2160,0.150926,0.92,1.482599e+01,1.580122e-03,0.3612,3.3084,0,7,171,1682,71,80
327,1833,2160,0.151389,0.92,1.548820e+01,1.030212e-03,0.3534,3.3001,0,8,140,1681,71,80
328,1832,2160,0.151852,0.92,1.613400e+01,1.414271e-03,0.3597,3.2991,0,9,127,1680,71,80
329,1831,2160,0.152315,0.92,1.671130e+01,1.115792e-03,0.3604,3.2929,0,4,26,1679,71,80
330,1830,2160,0.152778,0.92,1.723758e+01,1.074286e-03,0.3577,3.2925,0,0,73,1678,71,80
331,1829,2160,0.153241,0.92,1.763391e+01,1.434820e-03,0.3559,3.3024,0,9,194,1677,71,80
332,1828,2160,0.153704,0.92,1.814628e+01,1.075750e-03,0.3558,3.3033,0,8,10,1676,71,80
333,1827,2160,0.154167,0.92,1.871855e+01,1.090313e-03,0.3625,3.3088,0,1,165,1675,71,80
334,1826,2160,0.15463,0.92,1.950189e+01,1.073902e-03,0.351,3.3114,0,8,43,1674,71,80
335,1825,2160,0.155093,0.92,2.000040e+01,1.649351e-03,0.3572,3.2863,0,7,44,1673,71,80
336,1824,2160,0.155556,0.92,2.070581e+01,9.296265e-04,0.3623,3.3242,0,3,60,1672,71,80
337,1823,2160,0.156019,0.92,2.153086e+01,9.521532e-04,0.3623,3.3034,0,3,185,1671,71,80
338,1822,2160,0.156481,0.92,2.241704e+01,1.106533e-03,0.3561,3.3065,0,6,127,1670,71,80
339,1821,2160,0.156944,0.92,2.303660e+01,1.771998e-03,0.3535,3.2944,0,7,88,1669,71,80
340,1820,2160,0.157407,0.92,2.378372e+01,1.645240e-03,0.352,3.3126,0,9,82,1668,71,80
341,1819,2160,0.15787,0.92,2.452405e+01,9.591712e-04,0.375,3.2908,0,3,96,1667,71,80
342,1818,2160,0.158333,0.92,2.546842e+01,1.265530e-03,0.3616,3.3226,0,1,184,1666,71,80
343,1817,2160,0.158796,0.92,2.630257e+01,1.166431e-03,0.3565,3.3149,0,6,171,1665,71,80
344,1816,2160,0.159259,0.92,2.696560e+01,1.876925e-03,0.3557,3.3104,0,7,147,1664,71,80
345,1815,2160,0.159722,0.92,2.795176e+01,1.899797e-03,0.3613,3.2982,0,7,19,1663,71,80
346,1814,2160,0.160185,0.92,2.919177e+01,1.317933e-03,0.3574,3.3018,0,0,43,1662,71,80
347,1813,2160,0.160648,0.92,2.977487e+01,1.145700e-03,0.3572,3.2976,0,5,2,1661,71,80
348,1812,2160,0.161111,0.92,3.059933e+01,1.396574e-03,0.353,3.2916,0,4,25,1660,71,80
349,1811,2160,0.161574,0.92,3.133759e+01,1.337047e-03,0.3559,3.308,0,1,134,1659,71,80
350,1810,2160,0.162037,0.92,3.196895e+01,1.998416e-03,0.3497,3.3155,0,7,152,1658,71,80
351,1809,2160,0.1625,0.92,3.279793e+01,1.791221e-03,0.3469,3.3038,0,9,145,1657,71,80
352,1808,2160,0.162963,0.92,3.353598e+01,1.993813e-03,0.3593,3.2948,0,7,11,1656,71,80
353,1807,2160,0.163426,0.92,3.468667e+01,1.228616e-03,0.361,3.3064,0,6,168,1655,71,80
354,1806,2160,0.163889,0.92,3.558336e+01,1.869305e-03,0.3517,3.3007,0,9,8,1654,71,80
355,1805,2160,0.164352,0.92,3.647184e+01,2.010638e-03,0.3488,3.3158,0,7,70,1653,71,80
356,1804,2160,0.164815,0.92,3.792269e+01,1.245532e-03,0.3527,3.3085,0,6,161,1652,71,80
357,1803,2160,0.165278,0.92,3.896578e+01,1.366508e-03,0.3493,3.3036,0,1,113,1651,71,80
358,1802,2160,0.165741,0.92,3.983711e+01,1.288030e-03,0.3566,3.3084,0,6,8,1650,71,80
359,1801,2160,0.166204,0.92,4.060943e+01,1.928593e-03,0.3519,3.3087,0,9,129,1649,71,80
360,1800,2160,0.166667,0.92,4.152880e+01,1.958461e-03,0.3439,3.303,0,9,192,1648,71,80
361,1799,2160,0.16713,0.92,4.269866e+01,2.192253e-03,0.3512,3.3122,0,7,193,1647,71,80
362,1798,2160,0.167593,0.92,4.432702e+01,2.267203e-03,0.3486,3.2991,0,7,71,1646,71,80
363,1797,2160,0.168056,0.92,4.612291e+01,1.364503e-03,0.3541,3.3129,0,5,14,1645,71,80
364,1796,2160,0.168519,0.92,4.765539e+01,1.562456e-03,0.3486,3.2916,0,8,40,1644,71,80
365,1795,2160,0.168981,0.92,4.906233e+01,1.563842e-03,0.3548,3.3078,0,8,137,1643,71,80
366,1794,2160,0.169444,0.92,5.031146e+01,1.581105e-03,0.3447,3.3049,0,0,75,1642,71,80
367,1793,2160,0.169907,0.92,5.112644e+01,2.117048e-03,0.3495,3.2871,0,9,10,1641,71,80
368,1792,2160,0.17037,0.92,5.229997e+01,2.367956e-03,0.3497,3.3041,0,7,22,1640,71,80
369,1791,2160,0.170833,0.92,5.385480e+01,1.433274e-03,0.3572,3.2934,0,6,9,1639,71,80
370,1790,2160,0.171296,0.92,5.502633e+01,1.412777e-03,0.3531,3.2951,0,5,126,1638,71,80
371,1789,2160,0.171759,0.92,5.629487e+01,2.213729e-03,0.3503,3.2996,0,9,16,1637,71,80
372,1788,2160,0.172222,0.92,5.761402e+01,1.751602e-03,0.3451,3.2924,0,4,18,1636,71,80
373,1787,2160,0.172685,0.92,5.897214e+01,1.477368e-03,0.361,3.3125,0,5,8,1635,71,80
374,1786,2160,0.173148,0.92,6.034154e+01,2.467101e-03,0.3514,3.3072,0,7,106,1634,71,80
375,1785,2160,0.173611,0.919,6.173768e+01,1.282370e-03,0.3503,3.2975,0,3,9,1633,71,80
376,1784,2160,0.174074,0.919,6.387438e+01,2.258269e-03,0.3558,3.303,0,9,17,1632,71,80
377,1783,2160,0.174537,0.919,6.574029e+01,1.495043e-03,0.3551,3.2966,0,6,17,1631,71,80
378,1782,2160,0.175,0.919,6.633862e+01,1.344769e-03,0.3507,3.312,0,3,178,1630,71,80
379,1781,2160,0.175463,0.919,6.799451e+01,1.684100e-03,0.3401,3.3117,0,8,164,1629,71,80
380,1780,2160,0.175926,0.919,6.944084e+01,1.878504e-03,0.3514,3.3107,0,4,31,1628,71,80
381,1779,2160,0.176389,0.919,7.071537e+01,2.590536e-03,0.3532,3.3002,0,7,179,1627,71,80
382,1778,2160,0.176852,0.919,7.219895e+01,2.362121e-03,0.3466,3.2998,0,9,185,1626,71,80
383,1777,2160,0.177315,0.919,7.363857e+01,1.836796e-03,0.3511,3.3108,0,4,185,1625,71,80
384,1776,2160,0.177778,0.919,7.292558e+01,1.715309e-03,0.3429,3.3015,0,8,118,1624,71,80
385,1775,2160,0.178241,0.919,7.429080e+01,1.764463e-03,0.3539,3.3022,0,8,47,1623,71,80
386,1774,2160,0.178704,0.919,7.619864e+01,1.799617e-03,0.3429,3.3051,0,1,169,1622,71,80
387,1773,2160,0.179167,0.919,7.772020e+01,1.788659e-03,0.3434,3.3059,0,1,12,1621,71,80
388,1772,2160,0.17963,0.919,7.869837e+01,1.814783e-03,0.3472,3.2962,0,1,166,1620,71,80
389,1771,2160,0.180093,0.919,7.954437e+01,1.417762e-03,0.3576,3.2914,0,3,166,1619,71,80
390,1770,2160,0.180556,0.919,8.115569e+01,2.685385e-03,0.3526,3.3011,0,7,140,1618,71,80
391,1769,2160,0.181019,0.919,8.271466e+01,1.866876e-03,0.346,3.3105,0,0,84,1617,71,80
392,1768,2160,0.181481,0.919,8.396005e+01,2.739710e-03,0.3494,3.303,0,7,9,1616,71,80
393,1767,2160,0.181944,0.919,8.573121e+01,1.878275e-03,0.3578,3.2873,0,0,195,1615,71,80
394,1766,2160,0.182407,0.919,8.717184e+01,1.710336e-03,0.3517,3.2957,0,6,76,1614,71,80
395,1765,2160,0.18287,0.919,8.850754e+01,2.478999e-03,0.3492,3.312,0,9,76,1613,71,80
396,1764,2160,0.183333,0.919,9.006381e+01,1.720516e-03,0.3475,3.3034,0,6,45,1612,71,80
397,1763,2160,0.183796,0.919,9.176260e+01,2.598814e-03,0.3681,3.2998,0,9,167,1611,71,80
398,1762,2160,0.184259,0.919,9.371682e+01,2.620603e-03,0.3514,3.31,0,9,181,1610,71,80
399,1761,2160,0.184722,0.919,9.606328e+01,1.780937e-03,0.3504,3.3161,0,5,65,1609,71,80
400,1760,2160,0.185185,0.919,9.803944e+01,1.587345e-03,0.3585,3.304,0,3,57,1608,71,80
401,1759,2160,0.185648,0.919,1.003318e+02,2.037874e-03,0.341,3.3021,0,0,180,1607,71,80
402,1758,2160,0.186111,0.919,1.020676e+02,2.745219e-03,0.3551,3.3041,0,9,158,1606,71,80
403,1757,2160,0.186574,0.919,1.038742e+02,1.789780e-03,0.3588,3.3041,0,5,180,1605,71,80
404,1756,2160,0.187037,0.919,1.042716e+02,3.016120e-03,0.3559,3.3164,0,7,195,1604,71,80
405,1755,2160,0.1875,0.919,1.062122e+02,3.027417e-03,0.3479,3.298,0,7,192,1603,71,80
406,1754,2160,0.187963,0.919,1.089198e+02,2.048706e-03,0.3365,3.3028,0,1,0,1602,71,80
407,1753,2160,0.188426,0.919,1.112779e+02,2.172063e-03,0.3418,3.2987,0,4,35,1601,71,80
408,1752,2160,0.188889,0.919,1.125487e+02,1.894785e-03,0.3557,3.3209,0,6,71,1600,71,80
409,1751,2160,0.189352,0.919,1.141332e+02,3.033400e-03,0.3547,3.2914,0,7,86,1599,71,80
410,1750,2160,0.189815,0.919,1.163090e+02,3.101060e-03,0.357,3.3027,0,7,69,1598,71,80
411,1749,2160,0.190278,0.919,1.193439e+02,3.154600e-03,0.3475,3.305,0,7,124,1597,71,80
412,1748,2160,0.190741,0.919,1.224416e+02,2.069895e-03,0.3543,3.3049,0,1,100,1596,71,80
413,1747,2160,0.191204,0.919,1.247019e+02,2.879451e-03,0.3451,3.3043,0,9,188,1595,71,80
414,1746,2160,0.191667,0.919,1.270796e+02,2.130472e-03,0.3442,3.3125,0,0,5,1594,71,80
415,1745,2160,0.19213,0.919,1.288219e+02,2.138903e-03,0.3433,3.3102,0,8,167,1593,71,80
416,1744,2160,0.192593,0.919,1.312160e+02,1.774975e-03,0.3442,3.3126,0,6,167,1592,71,80
417,1743,2160,0.193056,0.919,1.304710e+02,3.207425e-03,0.3471,3.3024,0,7,128,1591,71,80
418,1742,2160,0.193519,0.919,1.333559e+02,2.358770e-03,0.348,3.2985,0,4,71,1590,71,80
419,1741,2160,0.193981,0.919,1.359115e+02,3.332208e-03,0.3384,3.2988,0,7,154,1589,71,80
420,1740,2160,0.194444,0.919,1.391071e+02,2.319254e-03,0.3415,3.2952,0,4,12,1588,71,80
421,1739,2160,0.194907,0.919,1.412643e+02,2.396213e-03,0.3444,3.2959,0,4,97,1587,71,80
422,1738,2160,0.19537,0.919,1.436653e+02,1.791650e-03,0.3398,3.3102,0,3,5,1586,71,80
423,1737,2160,0.195833,0.919,1.456325e+02,1.844843e-03,0.3509,3.2892,0,3,182,1585,71,80
424,1736,2160,0.196296,0.919,1.484972e+02,3.030662e-03,0.3441,3.3124,0,9,11,1584,71,80
425,1735,2160,0.196759,0.919,1.505659e+02,9.730830e-04,0.3417,3.3023,1,1,1,1584,70,80
426,1734,2160,0.197222,0.919,1.484289e+02,3.072974e-03,0.3357,3.2961,0,9,148,1583,70,80
427,1733,2160,0.197685,0.919,1.520559e+02,2.470003e-03,0.3421,3.3056,0,4,11,1582,70,80
428,1732,2160,0.198148,0.919,1.530950e+02,2.313630e-03,0.3521,3.305,0,1,29,1581,70,80
429,1731,2160,0.198611,0.919,1.558292e+02,2.316296e-03,0.3397,3.3095,0,0,29,1580,70,80
430,1730,2160,0.199074,0.919,1.540108e+02,2.087572e-03,0.338,3.3137,0,5,85,1579,70,80
431,1729,2160,0.199537,0.919,1.563863e+02,1.885502e-03,0.348,3.3129,0,3,112,1578,70,80
432,1728,2160,0.2,0.919,1.597652e+02,2.332490e-03,0.3461,3.3067,0,1,125,1577,70,80
433,1727,2160,0.200463,0.919,1.623604e+02,2.330471e-03,0.3345,3.3127,0,1,17,1576,70,80
434,1726,2160,0.200926,0.919,1.663480e+02,3.599882e-03,0.3331,3.302,0,7,180,1575,70,80
435,1725,2160,0.201389,0.92,1.702880e+02,3.642634e-03,0.3445,3.3092,0,7,6,1574,70,80
436,1724,2160,0.201852,0.92,1.738388e+02,3.311854e-03,0.3426,3.3092,0,9,25,1573,70,80
437,1723,2160,0.202315,0.92,1.784005e+02,3.391001e-03,0.3371,3.3031,0,9,141,1572,70,80
438,1722,2160,0.202778,0.92,1.818351e+02,3.705036e-03,0.3444,3.3056,0,7,34,1571,70,80
439,1721,2160,0.203241,0.92,1.859648e+02,2.567538e-03,0.3382,3.3001,0,0,17,1570,70,80
440,1720,2160,0.203704,0.92,1.869839e+02,2.499235e-03,0.3358,3.2969,0,1,36,1569,70,80
441,1719,2160,0.204167,0.92,1.893135e+02,2.562375e-03,0.3394,3.3042,0,1,108,1568,70,80
442,1718,2160,0.20463,0.92,1.915949e+02,3.557753e-03,0.341,3.3063,0,9,36,1567,70,80
443,1717,2160,0.205093,0.92,1.929146e+02,3.439326e-03,0.3419,3.315,0,9,40,1566,70,80
444,1716,2160,0.205556,0.92,1.963297e+02,2.535547e-03,0.3434,3.2855,0,0,9,1565,70,80
445,1715,2160,0.206019,0.92,1.991043e+02,2.237157e-03,0.3437,3.3083,0,4,9,1564,70,80
446,1714,2160,0.206481,0.92,1.961838e+02,3.849580e-03,0.3486,3.309,0,7,102,1563,70,80
447,1713,2160,0.206944,0.92,2.014375e+02,2.606605e-03,0.333,3.3061,0,0,153,1562,70,80
448,1712,2160,0.207407,0.92,2.053519e+02,2.100834e-03,0.3377,3.3033,0,3,88,1561,70,80
449,1711,2160,0.20787,0.92,2.089918e+02,2.095043e-03,0.3387,3.3065,0,3,140,1560,70,80
450,1710,2160,0.208333,0.92,2.132748e+02,2.648981e-03,0.3533,3.3126,0,0,112,1559,70,80
451,1709,2160,0.208796,0.92,2.149778e+02,2.626855e-03,0.3389,3.3055,0,8,183,1558,70,80
452,1708,2160,0.209259,0.92,2.189568e+02,2.665622e-03,0.3403,3.3026,0,8,194,1557,70,80
453,1707,2160,0.209722,0.92,2.227940e+02,2.455538e-03,0.343,3.2982,0,6,181,1556,70,80
454,1706,2160,0.210185,0.92,2.258462e+02,2.711742e-03,0.3348,3.2993,0,8,168,1555,70,80
455,1705,2160,0.210648,0.919,2.297199e+02,2.378478e-03,0.3363,3.3178,0,5,153,1554,70,80
456,1704,2160,0.211111,0.919,2.320350e+02,3.699777e-03,0.3366,3.3027,0,9,28,1553,70,80
457,1703,2160,0.211574,0.92,2.348698e+02,2.664178e-03,0.3452,3.2979,0,1,28,1552,70,80
458,1702,2160,0.212037,0.92,2.361432e+02,2.238214e-03,0.3312,3.3049,0,3,61,1551,70,80
459,1701,2160,0.2125,0.92,2.405457e+02,4.271909e-03,0.3356,3.2947,0,7,194,1550,70,80
460,1700,2160,0.212963,0.92,2.438442e+02,2.440067e-03,0.3295,3.3072,0,5,157,1549,70,80
461,1699,2160,0.213426,0.92,2.471988e+02,2.758867e-03,0.3408,3.3091,0,8,186,1548,70,80
462,1698,2160,0.213889,0.92,2.505582e+02,2.304778e-03,0.3454,3.316,0,3,145,1547,70,80
463,1697,2160,0.214352,0.92,2.544130e+02,2.893247e-03,0.3384,3.2917,0,0,71,1546,70,80
464,1696,2160,0.214815,0.92,2.593915e+02,4.240773e-03,0.343,3.2971,0,7,115,1545,70,80
465,1695,2160,0.215278,0.92,2.637152e+02,3.844446e-03,0.3417,3.3231,0,9,15,1544,70,80
466,1694,2160,0.215741,0.92,2.687764e+02,4.429793e-03,0.3395,3.304,0,7,15,1543,70,80
467,1693,2160,0.216204,0.92,2.709595e+02,4.206592e-03,0.3336,3.2979,0,7,57,1542,70,80
468,1692,2160,0.216667,0.92,2.765251e+02,2.804823e-03,0.3396,3.3102,0,0,19,1541,70,80
469,1691,2160,0.21713,0.92,2.823506e+02,2.852428e-03,0.334,3.2917,0,8,138,1540,70,80
470,1690,2160,0.217593,0.92,2.869552e+02,2.897802e-03,0.3458,3.3029,0,1,16,1539,70,80
471,1689,2160,0.218056,0.92,2.912962e+02,2.910537e-03,0.3428,3.3011,0,8,111,1538,70,80
472,1688,2160,0.218519,0.92,2.952880e+02,2.899723e-03,0.33,3.2955,0,8,195,1537,70,80
473,1687,2160,0.218981,0.92,2.985418e+02,2.946158e-03,0.332,3.2978,0,1,42,1536,70,80
474,1686,2160,0.219444,0.92,3.013510e+02,4.429658e-03,0.3363,3.3122,0,7,84,1535,70,80
475,1685,2160,0.219907,0.92,3.052857e+02,4.537768e-03,0.3363,3.2925,0,7,4,1534,70,80
476,1684,2160,0.22037,0.92,3.105986e+02,3.044922e-03,0.3301,3.3045,0,0,16,1533,70,80
477,1683,2160,0.220833,0.92,3.111111e+02,2.412785e-03,0.3385,3.3047,0,3,3,1532,70,80
478,1682,2160,0.221296,0.92,3.161515e+02,4.541804e-03,0.3397,3.3102,0,7,144,1531,70,80
479,1681,2160,0.221759,0.92,3.212690e+02,3.018286e-03,0.3335,3.301,0,1,19,1530,70,80
480,1680,2160,0.222222,0.92,3.236791e+02,2.455802e-03,0.3291,3.3065,0,3,191,1529,70,80
481,1679,2160,0.222685,0.92,3.292988e+02,4.141297e-03,0.3287,3.3093,0,9,168,1528,70,80
482,1678,2160,0.223148,0.92,3.345708e+02,3.077851e-03,0.3295,3.3062,0,1,32,1527,70,80
483,1677,2160,0.223611,0.92,3.386557e+02,2.770886e-03,0.3267,3.3054,0,5,154,1526,70,80
484,1676,2160,0.224074,0.92,3.425223e+02,2.823091e-03,0.3316,3.3192,0,6,33,1525,70,80
485,1675,2160,0.224537,0.92,3.453409e+02,4.250210e-03,0.3338,3.3061,0,9,93,1524,70,80
486,1674,2160,0.225,0.92,3.489925e+02,3.154145e-03,0.3345,3.3132,0,1,158,1523,70,80
487,1673,2160,0.225463,0.92,3.535200e+02,2.516826e-03,0.3368,3.3011,0,3,69,1522,70,80
488,1672,2160,0.225926,0.92,3.584957e+02,3.167115e-03,0.3413,3.2995,0,0,124,1521,70,80
489,1671,2160,0.226389,0.92,3.612102e+02,4.305563e-03,0.345,3.3116,0,9,155,1520,70,80
490,1670,2160,0.226852,0.92,3.647228e+02,4.365053e-03,0.3388,3.3037,0,9,63,1519,70,80
491,1669,2160,0.227315,0.92,3.689109e+02,2.818827e-03,0.338,3.2983,0,5,42,1518,70,80
492,1668,2160,0.227778,0.92,3.746071e+02,4.854152e-03,0.3428,3.3063,0,7,113,1517,70,80
493,1667,2160,0.228241,0.92,3.820484e+02,2.857197e-03,0.327,3.3011,0,5,60,1516,70,80
494,1666,2160,0.228704,0.92,3.876052e+02,3.520572e-03,0.3285,3.3122,0,4,154,1515,70,80
495,1665,2160,0.229167,0.92,3.906883e+02,4.395404e-03,0.3314,3.3075,0,9,0,1514,70,80
496,1664,2160,0.22963,0.92,3.952854e+02,2.592669e-03,0.3237,3.3161,0,3,45,1513,70,80
497,1663,2160,0.230093,0.92,4.037772e+02,3.269901e-03,0.3296,3.3048,0,1,127,1512,70,80
498,1662,2160,0.230556,0.92,4.100944e+02,3.373952e-03,0.3224,3.3054,0,0,174,1511,70,80
499,1661,2160,0.231019,0.92,4.133734e+02,2.661667e-03,0.3314,3.3013,0,3,72,1510,70,80
500,1660,2160,0.231481,0.92,4.168919e+02,4.482823e-03,0.3377,3.3008,0,9,38,1509,70,80
501,1659,2160,0.231944,0.92,4.202027e+02,4.806763e-03,0.3386,3.3151,0,7,38,1508,70,80
502,1658,2160,0.232407,0.92,4.223227e+02,2.913036e-03,0.3313,3.3003,0,6,166,1507,70,80
503,1657,2160,0.23287,0.92,4.305036e+02,4.986773e-03,0.3244,3.2988,0,7,161,1506,70,80
504,1656,2160,0.233333,0.92,4.384237e+02,3.320845e-03,0.3245,3.2909,0,8,184,1505,70,80
505,1655,2160,0.233796,0.92,4.477263e+02,5.043310e-03,0.3326,3.3121,0,7,155,1504,70,80
506,1654,2160,0.234259,0.92,4.546495e+02,3.003938e-03,0.3252,3.2949,0,5,179,1503,70,80
507,1653,2160,0.234722,0.92,4.608702e+02,3.364795e-03,0.3324,3.2961,0,1,126,1502,70,80
508,1652,2160,0.235185,0.92,4.675708e+02,3.561732e-03,0.3354,3.3089,0,4,74,1501,70,80
509,1651,2160,0.235648,0.92,4.708135e+02,3.051014e-03,0.3312,3.314,0,6,140,1500,70,80
510,1650,2160,0.236111,0.92,4.794927e+02,3.495194e-03,0.3389,3.3059,0,0,125,1499,70,80
511,1649,2160,0.236574,0.92,4.843955e+02,3.465084e-03,0.3243,3.3142,0,1,15,1498,70,80
512,1648,2160,0.237037,0.92,4.895621e+02,3.590236e-03,0.3281,3.3091,0,0,194,1497,70,80
513,1647,2160,0.2375,0.92,4.933053e+02,3.451117e-03,0.3297,3.3055,0,0,130,1496,70,80
514,1646,2160,0.237963,0.92,4.956079e+02,3.555855e-03,0.3324,3.3091,0,0,184,1495,70,80
515,1645,2160,0.238426,0.92,4.992957e+02,2.862699e-03,0.3331,3.2944,0,3,53,1494,70,80
516,1644,2160,0.238889,0.92,5.054689e+02,4.768229e-03,0.3333,3.2921,0,9,54,1493,70,80
517,1643,2160,0.239352,0.92,5.099766e+02,4.776012e-03,0.3366,3.2904,0,9,41,1492,70,80
518,1642,2160,0.239815,0.92,5.170638e+02,5.542290e-03,0.3251,3.3038,0,7,184,1491,70,80
519,1641,2160,0.240278,0.92,5.204593e+02,3.166259e-03,0.3273,3.3089,0,5,175,1490,70,80
520,1640,2160,0.240741,0.92,5.252134e+02,3.165951e-03,0.327,3.3059,0,5,192,1489,70,80
521,1639,2160,0.241204,0.92,5.302075e+02,3.072404e-03,0.3353,3.3291,0,1,192,1488,70,80
522,1638,2160,0.241667,0.92,5.252666e+02,2.858469e-03,0.322,3.3098,0,3,14,1487,70,80
523,1637,2160,0.24213,0.92,5.343635e+02,3.588942e-03,0.3281,3.2983,0,1,27,1486,70,80
524,1636,2160,0.242593,0.92,5.402910e+02,3.275009e-03,0.3295,3.308,0,6,59,1485,70,80
525,1635,2160,0.243056,0.92,5.450095e+02,3.522023e-03,0.3293,3.3297,0,0,59,1484,70,80
526,1634,2160,0.243519,0.92,5.465085e+02,3.181037e-03,0.3223,3.2873,0,5,41,1483,70,80
527,1633,2160,0.243981,0.92,5.523281e+02,3.682848e-03,0.3256,3.3229,0,4,41,1482,70,80
528,1632,2160,0.244444,0.92,5.610587e+02,3.902410e-03,0.3239,3.3019,0,4,123,1481,70,80
529,1631,2160,0.244907,0.919,5.686966e+02,3.523563e-03,0.3271,3.3128,0,8,27,1480,70,80
530,1630,2160,0.24537,0.919,5.752470e+02,3.873585e-03,0.3226,3.2991,1,1,0,1480,69,80
531,1629,2160,0.245833,0.92,5.739592e+02,3.515224e-03,0.3291,3.2892,0,1,179,1479,69,80
532,1628,2160,0.246296,0.92,5.814993e+02,3.829669e-03,0.3231,3.3081,0,4,177,1478,69,80
533,1627,2160,0.246759,0.919,5.854108e+02,5.197170e-03,0.3341,3.3034,0,7,177,1477,69,80
534,1626,2160,0.247222,0.919,5.854423e+02,2.835795e-03,0.3317,3.3013,0,3,121,1476,69,80
535,1625,2160,0.247685,0.919,5.930821e+02,3.577848e-03,0.3201,3.3176,0,0,179,1475,69,80
536,1624,2160,0.248148,0.919,5.976539e+02,4.888121e-03,0.3241,3.3102,0,9,66,1474,69,80
537,1623,2160,0.248611,0.919,6.035325e+02,5.488748e-03,0.3293,3.3023,0,7,0,1473,69,80
538,1622,2160,0.249074,0.919,6.133665e+02,3.200282e-03,0.3253,3.3164,0,6,96,1472,69,80
539,1621,2160,0.249537,0.919,6.234366e+02,3.883231e-03,0.3197,3.297,0,4,99,1471,69,80
540,1620,2160,0.25,0.92,6.325877e+02,1.203481e-02,0.3243,3.295,1,2,7,1471,68,80
541,1619,2160,0.250463,0.919,6.521018e+02,3.429161e-03,0.3232,3.3122,0,6,180,1470,68,80
542,1618,2160,0.250926,0.919,6.559550e+02,3.002295e-03,0.3258,3.2947,0,3,180,1469,68,80
543,1617,2160,0.251389,0.919,6.588219e+02,3.325860e-03,0.3254,3.3028,0,6,0,1468,68,80
544,1616,2160,0.251852,0.919,6.665905e+02,3.699691e-03,0.3308,3.3068,0,0,185,1467,68,80
545,1615,2160,0.252315,0.919,6.754661e+02,3.327998e-03,0.3207,3.3041,0,6,185,1466,68,80
546,1614,2160,0.252778,0.919,6.832059e+02,3.723267e-03,0.3218,3.2977,0,0,181,1465,68,80
547,1613,2160,0.253241,0.919,6.905593e+02,3.742569e-03,0.3259,3.3096,0,1,9,1464,68,80
548,1612,2160,0.253704,0.919,6.968040e+02,5.184538e-03,0.3268,3.314,0,9,1,1463,68,80
549,1611,2160,0.254167,0.919,7.028901e+02,5.662768e-03,0.3225,3.3033,0,7,1,1462,68,80
550,1610,2160,0.25463,0.919,7.080175e+02,5.140156e-03,0.3297,3.3034,0,9,133,1461,68,80
551,1609,2160,0.255093,0.919,7.172786e+02,5.190237e-03,0.3252,3.3143,0,9,56,1460,68,80
552,1608,2160,0.255556,0.919,7.251305e+02,3.798981e-03,0.3257,3.3002,0,1,35,1459,68,80
553,1607,2160,0.256019,0.919,7.318747e+02,5.153141e-03,0.3168,3.3102,0,9,100,1458,68,80
554,1606,2160,0.256481,0.919,7.382938e+02,5.805797e-03,0.3207,3.298,0,7,149,1457,68,80
555,1605,2160,0.256944,0.918,7.475724e+02,3.783560e-03,0.3186,3.3079,0,0,11,1456,68,80
556,1604,2160,0.257407,0.918,7.574517e+02,3.478964e-03,0.326,3.311,0,6,34,1455,68,80
557,1603,2160,0.25787,0.918,7.645049e+02,5.811258e-03,0.3311,3.3074,0,7,160,1454,68,80
558,1602,2160,0.258333,0.918,7.731503e+02,5.299523e-03,0.3317,3.3021,0,9,191,1453,68,80
559,1601,2160,0.258796,0.918,7.826710e+02,5.934090e-03,0.3264,3.2952,0,7,172,1452,68,80
560,1600,2160,0.259259,0.918,7.922826e+02,3.971202e-03,0.3236,3.3117,0,0,8,1451,68,80
561,1599,2160,0.259722,0.918,8.041645e+02,6.187440e-03,0.3211,3.3062,0,7,8,1450,68,80
562,1598,2160,0.260185,0.918,8.149848e+02,3.014348e-03,0.3217,3.3156,0,3,8,1449,68,80
563,1597,2160,0.260648,0.918,8.279925e+02,5.314177e-03,0.322,3.2933,0,9,26,1448,68,80
564,1596,2160,0.261111,0.918,8.410437e+02,4.008293e-03,0.3309,3.31,0,0,93,1447,68,80
565,1595,2160,0.261574,0.918,8.500419e+02,3.999386e-03,0.3264,3.3165,0,0,27,1446,68,80
566,1594,2160,0.262037,0.918,8.567172e+02,4.148502e-03,0.3196,3.2991,0,4,27,1445,68,80
567,1593,2160,0.2625,0.918,8.528344e+02,6.005379e-03,0.3167,3.3114,0,7,7,1444,68,80
568,1592,2160,0.262963,0.918,8.645376e+02,3.418303e-03,0.3227,3.3089,0,5,7,1443,68,80
569,1591,2160,0.263426,0.918,8.748599e+02,3.510107e-03,0.3273,3.3085,0,5,182,1442,68,80
570,1590,2160,0.263889,0.918,8.844118e+02,3.759789e-03,0.3202,3.3114,0,0,182,1441,68,80
571,1589,2160,0.264352,0.919,8.807492e+02,5.991532e-03,0.3179,3.3147,0,7,126,1440,68,80
572,1588,2160,0.264815,0.918,8.921963e+02,5.982870e-03,0.3211,3.309,0,7,143,1439,68,80
573,1587,2160,0.265278,0.918,9.025544e+02,6.147194e-03,0.3296,3.3106,0,7,13,1438,68,80
574,1586,2160,0.265741,0.918,9.140855e+02,6.097136e-03,0.3292,3.2915,0,7,191,1437,68,80
575,1585,2160,0.266204,0.918,9.275133e+02,3.157041e-03,0.3212,3.2921,0,3,183,1436,68,80
576,1584,2160,0.266667,0.918,9.447232e+02,5.588789e-03,0.3197,3.3105,0,9,69,1435,68,80
577,1583,2160,0.26713,0.918,9.577929e+02,3.686496e-03,0.3176,3.3008,0,5,93,1434,68,80
578,1582,2160,0.267593,0.918,9.676614e+02,6.327483e-03,0.3225,3.2958,0,7,31,1433,68,80
579,1581,2160,0.268056,0.918,9.804187e+02,6.327732e-03,0.3225,3.3046,0,7,151,1432,68,80
580,1580,2160,0.268519,0.918,9.907449e+02,5.863815e-03,0.3269,3.3151,0,9,151,1431,68,80
581,1579,2160,0.268981,0.918,9.970432e+02,4.117103e-03,0.3213,3.3037,0,1,153,1430,68,80
582,1578,2160,0.269444,0.918,1.010057e+03,6.338099e-03,0.3249,3.2921,0,7,100,1429,68,80
583,1577,2160,0.269907,0.918,1.022485e+03,3.890841e-03,0.3183,3.3071,0,6,30,1428,68,80
584,1576,2160,0.27037,0.918,1.033159e+03,6.567322e-03,0.3229,3.322,0,7,30,1427,68,80
585,1575,2160,0.270833,0.918,1.041649e+03,3.609855e-03,0.3141,3.3129,0,5,27,1426,68,80
586,1574,2160,0.271296,0.918,1.057060e+03,3.461868e-03,0.318,3.3086,0,3,27,1425,68,80
587,1573,2160,0.271759,0.918,1.060623e+03,5.745981e-03,0.3191,3.2999,0,9,166,1424,68,80
588,1572,2160,0.272222,0.919,1.071249e+03,5.780661e-03,0.3222,3.3125,0,9,83,1423,68,80
589,1571,2160,0.272685,0.918,1.082100e+03,4.180720e-03,0.3186,3.3013,0,1,84,1422,68,80
590,1570,2160,0.273148,0.918,1.096044e+03,1.447551e-02,0.3219,3.3141,1,3,6,1422,67,80
591,1569,2160,0.273611,0.923,1.111438e+03,4.431777e-03,0.3166,3.31,0,0,168,1421,67,80
592,1568,2160,0.274074,0.921,1.113117e+03,5.930839e-03,0.3225,3.3049,0,9,91,1420,67,80
593,1567,2160,0.274537,0.919,1.116780e+03,4.365299e-03,0.3185,3.317,0,0,97,1419,67,80
594,1566,2160,0.275,0.919,1.128193e+03,5.939418e-03,0.314,3.3122,0,9,171,1418,67,80
595,1565,2160,0.275463,0.918,1.137508e+03,6.588027e-03,0.3084,3.3026,0,7,21,1417,67,80
596,1564,2160,0.275926,0.918,1.149232e+03,6.060236e-03,0.3188,3.3073,0,9,84,1416,67,80
597,1563,2160,0.276389,0.918,1.158140e+03,4.355919e-03,0.311,3.3108,0,8,103,1415,67,80
598,1562,2160,0.276852,0.918,1.167731e+03,6.615133e-03,0.3237,3.3037,0,7,56,1414,67,80
599,1561,2160,0.277315,0.918,1.178344e+03,4.064491e-03,0.306,3.3059,0,6,155,1413,67,80
600,1560,2160,0.277778,0.918,1.188050e+03,6.012510e-03,0.3122,3.308,0,9,169,1412,67,80
601,1559,2160,0.278241,0.918,1.198980e+03,4.791916e-03,0.3106,3.3156,0,4,40,1411,67,80
602,1558,2160,0.278704,0.918,1.210385e+03,4.467897e-03,0.3007,3.3098,0,0,24,1410,67,80
603,1557,2160,0.279167,0.918,1.221541e+03,6.707096e-03,0.3084,3.3127,0,7,10,1409,67,80
604,1556,2160,0.27963,0.918,1.233008e+03,6.096986e-03,0.3003,3.3019,0,9,42,1408,67,80
605,1555,2160,0.280093,0.918,1.243607e+03,5.984633e-03,0.2988,3.3041,0,9,70,1407,67,80
606,1554,2160,0.280556,0.918,1.256583e+03,6.078009e-03,0.3023,3.3052,0,9,9,1406,67,80
607,1553,2160,0.281019,0.918,1.274390e+03,6.772936e-03,0.2991,3.3105,0,7,75,1405,67,80
608,1552,2160,0.281481,0.919,1.288657e+03,6.936433e-03,0.2955,3.3081,0,7,55,1404,67,80
609,1551,2160,0.281944,0.919,1.303845e+03,4.512427e-03,0.2973,3.3228,0,8,48,1403,67,80
610,1550,2160,0.282407,0.919,1.316517e+03,4.377547e-03,0.3047,3.3163,0,8,9,1402,67,80
611,1549,2160,0.28287,0.919,1.331874e+03,4.473044e-03,0.2947,3.3044,0,0,70,1401,67,80
612,1548,2160,0.283333,0.918,1.346794e+03,3.993367e-03,0.2979,3.3269,0,5,70,1400,67,80
613,1547,2160,0.283796,0.917,1.342856e+03,4.796864e-03,0.2978,3.3055,0,4,155,1399,67,80
614,1546,2160,0.284259,0.917,1.355227e+03,4.194431e-03,0.2988,3.3062,0,6,136,1398,67,80
615,1545,2160,0.284722,0.917,1.364144e+03,6.940979e-03,0.2949,3.3034,0,7,141,1397,67,80
616,1544,2160,0.285185,0.916,1.376145e+03,6.840212e-03,0.2948,3.3058,0,7,32,1396,67,80
617,1543,2160,0.285648,0.916,1.390916e+03,6.051872e-03,0.2954,3.3096,0,9,32,1395,67,80
618,1542,2160,0.286111,0.916,1.396190e+03,6.191844e-03,0.2993,3.3183,0,9,186,1394,67,80
619,1541,2160,0.286574,0.916,1.410602e+03,4.223137e-03,0.3049,3.3131,0,4,186,1393,67,80
620,1540,2160,0.287037,0.916,1.405289e+03,4.621139e-03,0.2949,3.3064,0,0,141,1392,67,80
621,1539,2160,0.2875,0.916,1.412481e+03,4.761277e-03,0.2954,3.2923,0,4,55,1391,67,80
622,1538,2160,0.287963,0.916,1.418484e+03,4.137301e-03,0.3053,3.2928,0,6,31,1390,67,80
623,1537,2160,0.288426,0.916,1.426424e+03,6.860078e-03,0.299,3.2948,0,7,186,1389,67,80
624,1536,2160,0.288889,0.916,1.435563e+03,3.638830e-03,0.2948,3.3016,0,3,10,1388,67,80
625,1535,2160,0.289352,0.916,1.450583e+03,6.251020e-03,0.3084,3.2969,0,9,44,1387,67,80
626,1534,2160,0.289815,0.916,1.461599e+03,4.625467e-03,0.2944,3.2983,0,4,44,1386,67,80
627,1533,2160,0.290278,0.916,1.459207e+03,4.264075e-03,0.2909,3.2862,0,6,184,1385,67,80
628,1532,2160,0.290741,0.916,1.474940e+03,7.124540e-03,0.2989,3.3139,0,7,164,1384,67,80
629,1531,2160,0.291204,0.916,1.489946e+03,4.760824e-03,0.2886,3.3087,0,0,55,1383,67,80
630,1530,2160,0.291667,0.916,1.502892e+03,7.286794e-03,0.2972,3.3076,0,7,29,1382,67,80
631,1529,2160,0.29213,0.916,1.521071e+03,7.337569e-03,0.3002,3.2976,0,7,20,1381,67,80
632,1528,2160,0.292593,0.917,1.536242e+03,4.227153e-03,0.2955,3.2938,0,5,13,1380,67,80
633,1527,2160,0.293056,0.916,1.549552e+03,4.750803e-03,0.2893,3.3009,0,0,13,1379,67,80
634,1526,2160,0.293519,0.916,1.546282e+03,4.801057e-03,0.292,3.3074,0,1,2,1378,67,80
635,1525,2160,0.293981,0.916,1.561632e+03,4.806957e-03,0.2945,3.311,0,1,5,1377,67,80
636,1524,2160,0.294444,0.916,1.569749e+03,4.213969e-03,0.3023,3.2994,0,5,5,1376,67,80
637,1523,2160,0.294907,0.917,1.575315e+03,4.379687e-03,0.2908,3.2977,0,6,192,1375,67,80
638,1522,2160,0.29537,0.916,1.590672e+03,4.317006e-03,0.2941,3.3048,0,5,98,1374,67,80
639,1521,2160,0.295833,0.916,1.602676e+03,5.152980e-03,0.3001,3.293,0,4,13,1373,67,80
640,1520,2160,0.296296,0.917,1.618641e+03,4.786129e-03,0.2949,3.2977,0,0,10,1372,67,80
641,1519,2160,0.296759,0.916,1.625521e+03,4.354951e-03,0.2977,3.3106,0,6,2,1371,67,80
642,1518,2160,0.297222,0.915,1.638728e+03,4.790615e-03,0.295,3.3026,0,8,145,1370,67,80
643,1517,2160,0.297685,0.917,1.651148e+03,4.520702e-03,0.2947,3.2885,0,6,35,1369,67,80
644,1516,2160,0.298148,0.916,1.661336e+03,4.426889e-03,0.2907,3.2917,0,5,193,1368,67,80
645,1515,2160,0.298611,0.916,1.672197e+03,4.885121e-03,0.3118,3.3022,0,0,193,1367,67,80
646,1514,2160,0.299074,0.916,1.666650e+03,6.758202e-03,0.2932,3.3153,0,9,184,1366,67,80
647,1513,2160,0.299537,0.917,1.683339e+03,6.835791e-03,0.2917,3.3052,0,9,193,1365,67,80
648,1512,2160,0.3,0.916,1.698067e+03,4.922704e-03,0.3082,3.3064,0,8,146,1364,67,80
649,1511,2160,0.300463,0.916,1.711632e+03,5.260522e-03,0.2911,3.3035,0,4,181,1363,67,80
650,1510,2160,0.300926,0.916,1.734781e+03,5.185910e-03,0.3047,3.3018,0,4,5,1362,67,80
651,1509,2160,0.301389,0.916,1.753797e+03,5.416628e-03,0.2934,3.3078,0,4,105,1361,67,80
652,1508,2160,0.301852,0.916,1.765227e+03,4.505542e-03,0.2978,3.3056,0,5,110,1360,67,80
653,1507,2160,0.302315,0.916,1.775403e+03,5.046916e-03,0.2902,3.3048,0,0,129,1359,67,80
654,1506,2160,0.302778,0.916,1.781378e+03,5.074094e-03,0.2946,3.3011,0,1,55,1358,67,80
655,1505,2160,0.303241,0.916,1.787567e+03,5.145058e-03,0.2891,3.2948,0,1,92,1357,67,80
656,1504,2160,0.303704,0.916,1.793552e+03,7.739752e-03,0.2937,3.318,0,7,43,1356,67,80
657,1503,2160,0.304167,0.915,1.804500e+03,5.047722e-03,0.2905,3.3067,0,8,179,1355,67,80
658,1502,2160,0.30463,0.915,1.822380e+03,7.093088e-03,0.2908,3.314,0,9,43,1354,67,80
659,1501,2160,0.305093,0.916,1.836504e+03,8.019723e-03,0.3023,3.3134,0,7,181,1353,67,80
660,1500,2160,0.305556,0.916,1.852783e+03,7.703137e-03,0.2915,3.2747,0,7,98,1352,67,80
661,1499,2160,0.306019,0.915,1.872610e+03,5.474556e-03,0.2915,3.2818,0,4,183,1351,67,80
662,1498,2160,0.306481,0.915,1.891310e+03,5.187306e-03,0.2861,3.2888,0,8,193,1350,67,80
663,1497,2160,0.306944,0.916,1.904065e+03,5.182636e-03,0.2925,3.3035,0,1,91,1349,67,80
664,1496,2160,0.307407,0.916,1.910588e+03,7.151795e-03,0.2976,3.2913,0,9,39,1348,67,80
665,1495,2160,0.30787,0.917,1.920477e+03,7.078439e-03,0.2915,3.3061,0,9,96,1347,67,80
666,1494,2160,0.308333,0.916,1.934099e+03,4.159093e-03,0.2868,3.3155,0,3,79,1346,67,80
667,1493,2160,0.308796,0.917,1.949316e+03,5.164704e-03,0.2942,3.3087,0,0,102,1345,67,80
668,1492,2160,0.309259,0.917,1.957953e+03,5.093294e-03,0.2904,3.2992,0,1,111,1344,67,80
669,1491,2160,0.309722,0.916,1.980219e+03,5.539033e-03,0.2936,3.3053,0,4,193,1343,67,80
670,1490,2160,0.310185,0.916,2.005021e+03,7.075273e-03,0.2968,3.2996,0,9,27,1342,67,80
671,1489,2160,0.310648,0.916,2.034369e+03,5.288595e-03,0.2967,3.294,0,0,18,1341,67,80
672,1488,2160,0.311111,0.916,2.056126e+03,8.103849e-03,0.2906,3.3076,0,7,3,1340,67,80
673,1487,2160,0.311574,0.916,2.075571e+03,5.370575e-03,0.2977,3.3195,0,1,129,1339,67,80
674,1486,2160,0.312037,0.917,2.088327e+03,7.322392e-03,0.2889,3.3175,0,9,101,1338,67,80
675,1485,2160,0.3125,0.918,2.099833e+03,8.228750e-03,0.2926,3.3062,0,7,176,1337,67,80
676,1484,2160,0.312963,0.917,2.117429e+03,7.387074e-03,0.2943,3.3002,0,9,149,1336,67,80
677,1483,2160,0.313426,0.917,2.133247e+03,7.617127e-03,0.2898,3.2931,0,9,49,1335,67,80
678,1482,2160,0.313889,0.918,2.148582e+03,1.832411e-02,0.2862,3.3081,1,8,7,1335,66,80
679,1481,2160,0.314352,0.917,2.196432e+03,5.513406e-03,0.2904,3.2974,0,0,110,1334,66,80
680,1480,2160,0.314815,0.917,2.200357e+03,5.454542e-03,0.2894,3.3168,0,1,99,1333,66,80
681,1479,2160,0.315278,0.917,2.211143e+03,8.121128e-03,0.2895,3.3081,0,7,87,1332,66,80
682,1478,2160,0.315741,0.917,2.221811e+03,4.960809e-03,0.2874,3.3112,0,6,72,1331,66,80
683,1477,2160,0.316204,0.917,2.239605e+03,7.581081e-03,0.2897,3.3096,0,9,7,1330,66,80
684,1476,2160,0.316667,0.917,2.254870e+03,5.552375e-03,0.288,3.314,0,0,12,1329,66,80
685,1475,2160,0.31713,0.917,2.273659e+03,5.855240e-03,0.2965,3.3133,0,4,141,1328,66,80
686,1474,2160,0.317593,0.917,2.301368e+03,5.565029e-03,0.3018,3.3088,0,8,187,1327,66,80
687,1473,2160,0.318056,0.918,2.322700e+03,8.385371e-03,0.289,3.3077,0,7,117,1326,66,80
688,1472,2160,0.318519,0.919,2.338526e+03,5.640725e-03,0.2966,3.3097,0,1,102,1325,66,80
689,1471,2160,0.318981,0.918,2.350789e+03,5.707295e-03,0.2867,3.2989,0,0,152,1324,66,80
690,1470,2160,0.319444,0.919,2.361291e+03,7.787582e-03,0.2836,3.2974,0,9,97,1323,66,80
691,1469,2160,0.319907,0.919,2.382090e+03,7.814142e-03,0.2866,3.3079,0,9,114,1322,66,80
692,1468,2160,0.32037,0.919,2.397092e+03,5.986970e-03,0.2911,3.3073,0,4,114,1321,66,80
693,1467,2160,0.320833,0.918,2.392254e+03,4.550661e-03,0.2949,3.3057,0,3,153,1320,66,80
694,1466,2160,0.321296,0.918,2.418363e+03,5.038047e-03,0.2868,3.3095,0,5,132,1319,66,80
695,1465,2160,0.321759,0.918,2.432463e+03,5.693040e-03,0.2963,3.3017,0,1,152,1318,66,80
696,1464,2160,0.322222,0.92,2.434632e+03,4.988233e-03,0.2902,3.3091,0,8,152,1317,66,80
697,1463,2160,0.322685,0.92,2.419522e+03,4.473249e-03,0.2878,3.2968,0,3,99,1316,66,80
698,1462,2160,0.323148,0.919,2.444491e+03,8.935481e-03,0.2945,3.3079,0,7,97,1315,66,80
699,1461,2160,0.323611,0.919,2.465934e+03,8.824918e-03,0.2888,3.326,0,7,35,1314,66,80
700,1460,2160,0.324074,0.921,2.495566e+03,7.952231e-03,0.297,3.3015,0,9,165,1313,66,80
701,1459,2160,0.324537,0.921,2.524172e+03,5.888239e-03,0.2901,3.3174,0,0,21,1312,66,80
702,1458,2160,0.325,0.921,2.540343e+03,8.143676e-03,0.2895,3.3061,0,9,48,1311,66,80
703,1457,2160,0.325463,0.921,2.560010e+03,5.965136e-03,0.2935,3.3189,0,0,132,1310,66,80
704,1456,2160,0.325926,0.921,2.572043e+03,5.311207e-03,0.2921,3.3187,0,6,99,1309,66,80
705,1455,2160,0.326389,0.92,2.591480e+03,5.861450e-03,0.2867,3.3079,0,8,11,1308,66,80
706,1454,2160,0.326852,0.92,2.612876e+03,6.189851e-03,0.2871,3.3062,0,4,153,1307,66,80
707,1453,2160,0.327315,0.92,2.636750e+03,5.969424e-03,0.2875,3.3036,0,1,88,1306,66,80
708,1452,2160,0.327778,0.92,2.651440e+03,8.185421e-03,0.287,3.3165,0,9,144,1305,66,80
709,1451,2160,0.328241,0.92,2.665248e+03,9.198879e-03,0.2863,3.3119,0,7,26,1304,66,80
710,1450,2160,0.328704,0.92,2.689742e+03,9.253129e-03,0.2834,3.3093,0,7,123,1303,66,80
711,1449,2160,0.329167,0.92,2.718083e+03,9.375904e-03,0.2884,3.3219,0,7,133,1302,66,80
712,1448,2160,0.32963,0.92,2.747044e+03,5.161948e-03,0.2914,3.2944,0,5,84,1301,66,80
713,1447,2160,0.330093,0.92,2.785705e+03,6.014192e-03,0.2881,3.3029,0,1,123,1300,66,80
714,1446,2160,0.330556,0.919,2.798101e+03,6.124077e-03,0.2869,3.3147,0,1,130,1299,66,80
715,1445,2160,0.331019,0.92,2.811367e+03,9.286412e-03,0.2916,3.3201,0,7,101,1298,66,80
716,1444,2160,0.331481,0.919,2.830105e+03,5.697678e-03,0.2809,3.3129,0,6,186,1297,66,80
717,1443,2160,0.331944,0.919,2.851837e+03,9.720901e-03,0.2878,3.3107,0,7,170,1296,66,80
718,1442,2160,0.332407,0.92,2.874181e+03,6.584085e-03,0.2873,3.309,0,4,140,1295,66,80
719,1441,2160,0.33287,0.92,2.896269e+03,6.229243e-03,0.2835,3.3009,0,8,26,1294,66,80
720,1440,2160,0.333333,0.92,2.913209e+03,6.718415e-03,0.2866,3.3159,0,4,29,1293,66,80
721,1439,2160,0.333796,0.92,2.941131e+03,5.534162e-03,0.279,3.3185,0,5,0,1292,66,80
722,1438,2160,0.334259,0.92,2.970899e+03,6.211292e-03,0.2871,3.2998,0,8,70,1291,66,80
723,1437,2160,0.334722,0.92,2.997442e+03,6.390411e-03,0.2974,3.3002,0,0,88,1290,66,80
724,1436,2160,0.335185,0.92,3.007061e+03,6.938292e-03,0.2886,3.2975,0,4,30,1289,66,80
725,1435,2160,0.335648,0.92,3.026531e+03,6.891411e-03,0.2826,3.3081,0,4,1,1288,66,80
726,1434,2160,0.336111,0.92,3.049585e+03,5.772202e-03,0.2848,3.2846,0,0,1,1287,66,80
727,1433,2160,0.336574,0.92,3.026890e+03,6.929227e-03,0.2861,3.3169,0,4,111,1286,66,80
728,1432,2160,0.337037,0.92,3.049248e+03,6.321057e-03,0.2951,3.3137,0,1,101,1285,66,80
729,1431,2160,0.3375,0.92,3.057068e+03,8.688507e-03,0.2908,3.3114,0,9,153,1284,66,80
730,1430,2160,0.337963,0.921,3.082131e+03,6.526568e-03,0.2874,3.3095,0,0,38,1283,66,80
731,1429,2160,0.338426,0.92,3.096656e+03,6.690686e-03,0.2822,3.3214,0,4,38,1282,66,80
732,1428,2160,0.338889,0.92,3.087100e+03,4.934806e-03,0.2862,3.319,0,3,155,1281,66,80
733,1427,2160,0.339352,0.92,3.132733e+03,6.393631e-03,0.284,3.3183,0,8,155,1280,66,80
734,1426,2160,0.339815,0.92,3.149301e+03,5.011277e-03,0.2862,3.297,0,3,25,1279,66,80
735,1425,2160,0.340278,0.92,3.189787e+03,6.824759e-03,0.2811,3.2927,0,4,16,1278,66,80
736,1424,2160,0.340741,0.92,3.227662e+03,5.790986e-03,0.282,3.2946,0,6,194,1277,66,80
737,1423,2160,0.341204,0.92,3.270875e+03,8.966487e-03,0.2867,3.3109,0,9,175,1276,66,80
738,1422,2160,0.341667,0.92,3.296560e+03,1.001950e-02,0.2805,3.305,0,7,112,1275,66,80
739,1421,2160,0.34213,0.92,3.325930e+03,9.795558e-03,0.2884,3.3057,0,7,153,1274,66,80
740,1420,2160,0.342593,0.92,3.360502e+03,9.953486e-03,0.2783,3.2954,0,7,169,1273,66,80
741,1419,2160,0.343056,0.92,3.402008e+03,6.477037e-03,0.2795,3.3087,0,0,169,1272,66,80
742,1418,2160,0.343519,0.92,3.438712e+03,5.563231e-03,0.2808,3.3007,0,5,26,1271,66,80
743,1417,2160,0.343981,0.92,3.459574e+03,6.908099e-03,0.282,3.3029,0,4,151,1270,66,80
744,1416,2160,0.344444,0.92,3.481199e+03,6.463115e-03,0.2865,3.3074,0,8,112,1269,66,80
745,1415,2160,0.344907,0.92,3.494671e+03,6.585350e-03,0.2784,3.2996,0,1,112,1268,66,80
746,1414,2160,0.34537,0.92,3.478320e+03,5.654409e-03,0.2786,3.2894,0,5,80,1267,66,80
747,1413,2160,0.345833,0.92,3.499749e+03,5.930064e-03,0.2788,3.3088,0,6,182,1266,66,80
748,1412,2160,0.346296,0.92,3.537886e+03,5.398280e-03,0.2819,3.3057,0,3,129,1265,66,80
749,1411,2160,0.346759,0.92,3.567659e+03,6.879697e-03,0.2867,3.3052,0,0,22,1264,66,80
750,1410,2160,0.347222,0.92,3.585026e+03,5.931921e-03,0.2811,3.2944,0,5,177,1263,66,80
751,1409,2160,0.347685,0.919,3.598562e+03,1.016711e-02,0.2869,3.3151,0,7,60,1262,66,80
752,1408,2160,0.348148,0.919,3.619228e+03,9.173902e-03,0.2868,3.3034,0,9,170,1261,66,80
753,1407,2160,0.348611,0.919,3.636229e+03,9.129891e-03,0.286,3.2993,0,9,57,1260,66,80
754,1406,2160,0.349074,0.92,3.657259e+03,5.862479e-03,0.2907,3.303,0,5,29,1259,66,80
755,1405,2160,0.349537,0.92,3.694471e+03,6.164571e-03,0.2825,3.3071,0,6,38,1258,66,80
756,1404,2160,0.35,0.919,3.716925e+03,6.327483e-03,0.2853,3.3032,0,6,4,1257,66,80
757,1403,2160,0.350463,0.919,3.736401e+03,5.433154e-03,0.2787,3.2979,0,3,184,1256,66,80
758,1402,2160,0.350926,0.919,3.780864e+03,6.311108e-03,0.279,3.2931,0,6,51,1255,66,80
759,1401,2160,0.351389,0.919,3.806947e+03,5.382627e-03,0.2763,3.3006,0,3,110,1254,66,80
760,1400,2160,0.351852,0.919,3.839065e+03,9.280242e-03,0.2772,3.2842,0,9,31,1253,66,80
761,1399,2160,0.352315,0.92,3.870180e+03,6.910924e-03,0.2812,3.2974,0,0,31,1252,66,80
762,1398,2160,0.352778,0.92,3.894936e+03,9.267856e-03,0.2797,3.2893,0,9,55,1251,66,80
763,1397,2160,0.353241,0.92,3.931640e+03,6.525455e-03,0.2805,3.3086,0,8,28,1250,66,80
764,1396,2160,0.353704,0.919,3.972065e+03,7.339380e-03,0.2835,3.307,0,4,85,1249,66,80
765,1395,2160,0.354167,0.919,3.998019e+03,6.640442e-03,0.2789,3.3001,0,8,169,1248,66,80
766,1394,2160,0.35463,0.92,4.043891e+03,1.049372e-02,0.2823,3.3122,0,7,138,1247,66,80
767,1393,2160,0.355093,0.921,4.077189e+03,6.569325e-03,0.2759,3.3002,0,8,99,1246,66,80
768,1392,2160,0.355556,0.921,4.127431e+03,7.263978e-03,0.2783,3.3155,0,4,43,1245,66,80
769,1391,2160,0.356019,0.92,4.182217e+03,6.279997e-03,0.2726,3.3091,0,6,46,1244,66,80
770,1390,2160,0.356481,0.921,4.211175e+03,6.919242e-03,0.2725,3.3169,0,0,160,1243,66,80
771,1389,2160,0.356944,0.921,4.229490e+03,6.435703e-03,0.2865,3.3004,0,6,16,1242,66,80
772,1388,2160,0.357407,0.92,4.255095e+03,7.616731e-03,0.2825,3.3052,0,4,92,1241,66,80
773,1387,2160,0.35787,0.92,4.275067e+03,6.992007e-03,0.2813,3.303,0,1,138,1240,66,80
774,1386,2160,0.358333,0.92,4.301706e+03,9.485603e-03,0.2764,3.3056,0,9,138,1239,66,80
775,1385,2160,0.358796,0.92,4.289965e+03,9.627642e-03,0.2827,3.3187,0,9,50,1238,66,80
776,1384,2160,0.359259,0.919,4.312137e+03,9.454607e-03,0.2797,3.3147,0,9,195,1237,66,80
777,1383,2160,0.359722,0.92,4.338828e+03,5.128600e-03,0.2843,3.2923,0,3,195,1236,66,80
778,1382,2160,0.360185,0.92,4.362587e+03,9.558298e-03,0.2799,3.3064,0,9,92,1235,66,80
779,1381,2160,0.360648,0.919,4.385834e+03,7.525053e-03,0.2732,3.2937,0,4,163,1234,66,80
780,1380,2160,0.361111,0.919,4.409543e+03,5.518159e-03,0.2828,3.2994,0,3,120,1233,66,80
781,1379,2160,0.361574,0.919,4.430122e+03,1.092801e-02,0.2765,3.3066,0,7,190,1232,66,80
782,1378,2160,0.362037,0.919,4.457791e+03,1.059719e-02,0.2706,3.3134,0,7,2,1231,66,80
783,1377,2160,0.3625,0.919,4.498018e+03,6.933298e-03,0.2886,3.2844,0,1,74,1230,66,80
784,1376,2160,0.362963,0.918,4.517852e+03,6.161705e-03,0.2786,3.3107,0,5,181,1229,66,80
785,1375,2160,0.363426,0.919,4.552792e+03,7.047420e-03,0.276,3.3039,0,1,8,1228,66,80
786,1374,2160,0.363889,0.919,4.590190e+03,5.943340e-03,0.279,3.3056,0,8,8,1227,66,80
787,1373,2160,0.364352,0.919,4.577020e+03,9.713442e-03,0.2874,3.2972,0,9,14,1226,66,80
788,1372,2160,0.364815,0.92,4.613918e+03,9.655085e-03,0.2808,3.3023,0,9,159,1225,66,80
789,1371,2160,0.365278,0.92,4.641352e+03,9.800727e-03,0.2777,3.2924,0,9,72,1224,66,80
790,1370,2160,0.365741,0.92,4.673555e+03,9.472493e-03,0.2813,3.2992,0,9,18,1223,66,80
791,1369,2160,0.366204,0.92,4.707493e+03,7.178492e-03,0.2798,3.2799,0,8,18,1222,66,80
792,1368,2160,0.366667,0.92,4.731267e+03,6.975491e-03,0.2753,3.3002,0,1,31,1221,66,80
793,1367,2160,0.36713,0.92,4.757855e+03,7.076690e-03,0.271,3.3087,0,8,134,1220,66,80
794,1366,2160,0.367593,0.92,4.796150e+03,5.816522e-03,0.2737,3.2961,0,3,89,1219,66,80
795,1365,2160,0.368056,0.921,4.820136e+03,7.223650e-03,0.2768,3.3029,0,1,104,1218,66,80
796,1364,2160,0.368519,0.921,4.831871e+03,1.140899e-02,0.2758,3.2951,0,7,188,1217,66,80
797,1363,2160,0.368981,0.92,4.858364e+03,7.192002e-03,0.2908,3.3237,0,0,146,1216,66,80
798,1362,2160,0.369444,0.921,4.871624e+03,5.580811e-03,0.2792,3.3112,0,3,181,1215,66,80
799,1361,2160,0.369907,0.922,4.923402e+03,8.071481e-03,0.2846,3.3172,0,4,72,1214,66,80
800,1360,2160,0.37037,0.921,4.952103e+03,6.772267e-03,0.2769,3.3152,0,6,151,1213,66,80
801,1359,2160,0.370833,0.921,4.976775e+03,7.501065e-03,0.2729,3.3154,0,0,6,1212,66,80
802,1358,2160,0.371296,0.922,4.995242e+03,6.761642e-03,0.2673,3.3174,1,9,0,1212,65,80
803,1357,2160,0.371759,0.922,4.970442e+03,6.735738e-03,0.2746,3.3196,0,6,69,1211,65,80
804,1356,2160,0.372222,0.922,5.011614e+03,6.735130e-03,0.2823,3.3046,0,6,28,1210,65,80
805,1355,2160,0.372685,0.922,5.044031e+03,5.805238e-03,0.2747,3.3088,0,3,193,1209,65,80
806,1354,2160,0.373148,0.922,5.090477e+03,7.154486e-03,0.2698,3.3114,0,1,18,1208,65,80
807,1353,2160,0.373611,0.922,5.134646e+03,6.433579e-03,0.2738,3.3032,0,5,186,1207,65,80
808,1352,2160,0.374074,0.921,5.167592e+03,5.918111e-03,0.2723,3.3128,0,3,24,1206,65,80
809,1351,2160,0.374537,0.921,5.204207e+03,7.629289e-03,0.2752,3.3115,0,0,44,1205,65,80
810,1350,2160,0.375,0.921,5.251631e+03,1.027757e-02,0.2725,3.3056,0,9,180,1204,65,80
811,1349,2160,0.375463,0.921,5.290398e+03,1.024510e-02,0.2741,3.3024,0,9,77,1203,65,80
812,1348,2160,0.375926,0.921,5.320238e+03,7.608690e-03,0.2729,3.2934,0,0,25,1202,65,80
813,1347,2160,0.376389,0.922,5.365944e+03,8.074724e-03,0.2627,3.3172,0,4,73,1201,65,80
814,1346,2160,0.376852,0.923,5.410429e+03,1.175292e-02,0.2734,3.3091,0,7,24,1200,65,80
815,1345,2160,0.377315,0.922,5.445288e+03,7.322375e-03,0.2647,3.3261,0,1,44,1199,65,80
816,1344,2160,0.377778,0.922,5.445782e+03,1.146144e-02,0.2759,3.3266,1,4,9,1199,64,80
817,1343,2160,0.378241,0.922,5.463944e+03,7.452144e-03,0.2724,3.3109,0,1,94,1198,64,80
818,1342,2160,0.378704,0.921,5.467647e+03,7.804923e-03,0.2748,3.3016,0,0,58,1197,64,80
819,1341,2160,0.379167,0.921,5.481880e+03,1.160306e-02,0.2735,3.3134,0,7,12,1196,64,80
820,1340,2160,0.37963,0.922,5.516245e+03,1.171347e-02,0.2646,3.3173,0,7,5,1195,64,80
821,1339,2160,0.380093,0.922,5.564299e+03,9.476899e-03,0.2705,3.3105,0,9,5,1194,64,80
822,1338,2160,0.380556,0.92,5.562590e+03,7.923556e-03,0.2723,3.3086,0,4,59,1193,64,80
823,1337,2160,0.381019,0.921,5.611111e+03,7.596048e-03,0.2642,3.3154,0,0,36,1192,64,80
824,1336,2160,0.381481,0.921,5.636782e+03,5.826080e-03,0.2666,3.3035,0,3,0,1191,64,80
825,1335,2160,0.381944,0.921,5.688695e+03,7.503275e-03,0.2751,3.3116,0,8,24,1190,64,80
826,1334,2160,0.382407,0.921,5.713074e+03,1.222369e-02,0.2737,3.3014,0,7,158,1189,64,80
827,1333,2160,0.38287,0.922,5.753481e+03,7.925716e-03,0.2684,3.3064,0,0,78,1188,64,80
828,1332,2160,0.383333,0.922,5.778535e+03,8.401635e-03,0.2693,3.2965,0,4,78,1187,64,80
829,1331,2160,0.383796,0.921,5.766896e+03,1.250969e-02,0.2658,3.322,0,7,72,1186,64,80
830,1330,2160,0.384259,0.922,5.822913e+03,7.541303e-03,0.2644,3.3096,0,8,55,1185,64,80
831,1329,2160,0.384722,0.922,5.884963e+03,6.110863e-03,0.2672,3.3006,0,3,11,1184,64,80
832,1328,2160,0.385185,0.922,5.937820e+03,7.417786e-03,0.2731,3.297,0,6,11,1183,64,80
833,1327,2160,0.385648,0.922,5.937652e+03,1.062615e-02,0.2709,3.2965,0,9,190,1182,64,80
834,1326,2160,0.386111,0.922,5.975156e+03,1.212578e-02,0.2714,3.3084,0,7,183,1181,64,80
835,1325,2160,0.386574,0.923,6.027785e+03,1.073767e-02,0.2627,3.3095,0,9,95,1180,64,80
836,1324,2160,0.387037,0.923,6.061188e+03,6.714290e-03,0.2584,3.2921,0,5,194,1179,64,80
837,1323,2160,0.3875,0.923,6.118116e+03,7.921487e-03,0.2592,3.2962,0,0,35,1178,64,80
838,1322,2160,0.387963,0.923,6.165728e+03,7.286882e-03,0.2634,3.3075,0,6,97,1177,64,80
839,1321,2160,0.388426,0.923,6.208416e+03,8.544688e-03,0.2597,3.2937,0,4,187,1176,64,80
840,1320,2160,0.388889,0.921,6.237418e+03,8.036996e-03,0.2724,3.3055,0,0,158,1175,64,80
841,1319,2160,0.389352,0.921,6.243803e+03,7.947449e-03,0.2595,3.3011,0,8,86,1174,64,80
842,1318,2160,0.389815,0.921,6.262520e+03,1.271724e-02,0.2687,3.293,0,7,187,1173,64,80
843,1317,2160,0.390278,0.922,6.284184e+03,8.067381e-03,0.2722,3.2876,0,0,40,1172,64,80
844,1316,2160,0.390741,0.922,6.329756e+03,6.822876e-03,0.2607,3.2993,0,5,140,1171,64,80
845,1315,2160,0.391204,0.923,6.370594e+03,7.950879e-03,0.2575,3.2988,0,1,135,1170,64,80
846,1314,2160,0.391667,0.923,6.394736e+03,7.896726e-03,0.2614,3.3076,0,1,22,1169,64,80
847,1313,2160,0.39213,0.923,6.415642e+03,6.908910e-03,0.2645,3.2903,0,5,43,1168,64,80
848,1312,2160,0.392593,0.923,6.448538e+03,8.720339e-03,0.2556,3.2987,0,4,136,1167,64,80
849,1311,2160,0.393056,0.923,6.464547e+03,1.091655e-02,0.2574,3.3158,0,9,113,1166,64,80
850,1310,2160,0.393519,0.923,6.493253e+03,1.092088e-02,0.2714,3.3064,0,9,6,1165,64,80
851,1309,2160,0.393981,0.923,6.525510e+03,6.977420e-03,0.2658,3.2846,0,5,38,1164,64,80
852,1308,2160,0.394444,0.923,6.566316e+03,8.708853e-03,0.2803,3.2885,0,4,167,1163,64,80
853,1307,2160,0.394907,0.922,6.603240e+03,8.830273e-03,0.2641,3.3068,0,4,6,1162,64,80
854,1306,2160,0.39537,0.923,6.627864e+03,6.928650e-03,0.2545,3.3037,0,5,83,1161,64,80
855,1305,2160,0.395833,0.923,6.674947e+03,8.606073e-03,0.2652,3.3121,0,4,90,1160,64,80
856,1304,2160,0.396296,0.923,6.687451e+03,7.465071e-03,0.2579,3.3124,0,6,83,1159,64,80
857,1303,2160,0.396759,0.922,6.688860e+03,8.129261e-03,0.2532,3.3101,0,8,50,1158,64,80
858,1302,2160,0.397222,0.921,6.723461e+03,1.092665e-02,0.2572,3.3032,0,9,23,1157,64,80
859,1301,2160,0.397685,0.921,6.747253e+03,7.997207e-03,0.2587,3.3149,0,8,42,1156,64,80
860,1300,2160,0.398148,0.923,6.804917e+03,6.980803e-03,0.2681,3.2951,0,6,42,1155,64,80
861,1299,2160,0.398611,0.923,6.816317e+03,1.288350e-02,0.2624,3.3105,0,7,27,1154,64,80
862,1298,2160,0.399074,0.923,6.893473e+03,1.341030e-02,0.2601,3.3055,0,7,42,1153,64,80
863,1297,2160,0.399537,0.923,6.946518e+03,8.233442e-03,0.2546,3.311,0,0,98,1152,64,80
864,1296,2160,0.4,0.923,7.000557e+03,8.216645e-03,0.2522,3.3007,0,8,7,1151,64,80
865,1295,2160,0.400463,0.923,7.046362e+03,8.050634e-03,0.2611,3.3045,0,1,181,1150,64,80
866,1294,2160,0.400926,0.922,7.121837e+03,8.215861e-03,0.2625,3.2973,0,8,156,1149,64,80
867,1293,2160,0.401389,0.922,7.166116e+03,8.695057e-03,0.2625,3.3077,0,0,47,1148,64,80
868,1292,2160,0.401852,0.922,7.201011e+03,1.163868e-02,0.2615,3.3007,0,9,146,1147,64,80
869,1291,2160,0.402315,0.923,7.236082e+03,1.367096e-02,0.2559,3.2909,0,7,174,1146,64,80
870,1290,2160,0.402778,0.923,7.278801e+03,8.302437e-03,0.2566,3.3064,0,1,14,1145,64,80
871,1289,2160,0.403241,0.923,7.333380e+03,8.019888e-03,0.2537,3.282,0,8,14,1144,64,80
872,1288,2160,0.403704,0.923,7.310639e+03,8.359723e-03,0.2628,3.3021,0,1,116,1143,64,80
873,1287,2160,0.404167,0.923,7.338276e+03,1.381656e-02,0.2654,3.3071,0,7,156,1142,64,80
874,1286,2160,0.40463,0.923,7.365351e+03,1.334128e-02,0.2599,3.3028,0,7,168,1141,64,80
875,1285,2160,0.405093,0.923,7.416178e+03,8.492198e-03,0.261,3.3105,0,1,168,1140,64,80
876,1284,2160,0.405556,0.923,7.446771e+03,8.138407e-03,0.2606,3.3139,0,8,192,1139,64,80
877,1283,2160,0.406019,0.923,7.523036e+03,8.456828e-03,0.2495,3.3198,0,0,164,1138,64,80
878,1282,2160,0.406481,0.923,7.562419e+03,8.675988e-03,0.2497,3.3071,0,0,154,1137,64,80
879,1281,2160,0.406944,0.924,7.637244e+03,9.370254e-03,0.2609,3.301,0,4,192,1136,64,80
880,1280,2160,0.407407,0.924,7.683518e+03,1.353008e-02,0.263,3.3109,0,7,85,1135,64,80
881,1279,2160,0.40787,0.924,7.736272e+03,7.784474e-03,0.2509,3.2912,0,1,85,1134,64,80
882,1278,2160,0.408333,0.924,7.742803e+03,1.402476e-02,0.2568,3.3034,0,7,45,1133,64,80
883,1277,2160,0.408796,0.924,7.804357e+03,8.955045e-03,0.2626,3.2872,0,0,64,1132,64,80
884,1276,2160,0.409259,0.923,7.844199e+03,7.606362e-03,0.2516,3.2923,0,5,167,1131,64,80
885,1275,2160,0.409722,0.923,7.877362e+03,8.784417e-03,0.2488,3.3064,0,8,75,1130,64,80
886,1274,2160,0.410185,0.923,7.908968e+03,8.624400e-03,0.2524,3.3033,0,0,167,1129,64,80
887,1273,2160,0.410648,0.923,7.938601e+03,8.880382e-03,0.257,3.3066,0,0,57,1128,64,80
888,1272,2160,0.411111,0.923,7.980513e+03,7.664464e-03,0.2544,3.3038,0,5,64,1127,64,80
889,1271,2160,0.411574,0.923,8.001366e+03,7.970401e-03,0.2459,3.2993,0,6,57,1126,64,80
890,1270,2160,0.412037,0.923,8.044319e+03,9.555300e-03,0.257,3.3098,0,4,34,1125,64,80
891,1269,2160,0.4125,0.923,8.101154e+03,1.207980e-02,0.2585,3.3134,0,9,4,1124,64,80
892,1268,2160,0.412963,0.923,8.143281e+03,8.285955e-03,0.2605,3.3111,0,6,164,1123,64,80
893,1267,2160,0.413426,0.923,8.182611e+03,1.423421e-02,0.2619,3.2947,0,7,28,1122,64,80
894,1266,2160,0.413889,0.923,8.242050e+03,8.216492e-03,0.2563,3.3014,0,6,112,1121,64,80
895,1265,2160,0.414352,0.923,8.323630e+03,1.199776e-02,0.255,3.3062,0,9,37,1120,64,80
896,1264,2160,0.414815,0.923,8.367980e+03,7.769168e-03,0.2496,3.298,0,5,63,1119,64,80
897,1263,2160,0.415278,0.923,8.396737e+03,9.652758e-03,0.2596,3.2933,0,4,37,1118,64,80
898,1262,2160,0.415741,0.923,8.390803e+03,7.709197e-03,0.2578,3.3014,0,5,55,1117,64,80
899,1261,2160,0.416204,0.923,8.463347e+03,7.884341e-03,0.2546,3.3091,0,5,53,1116,64,80
900,1260,2160,0.416667,0.923,8.496255e+03,8.970185e-03,0.2588,3.3157,0,8,89,1115,64,80
901,1259,2160,0.41713,0.923,8.529547e+03,7.270351e-03,0.2625,3.3084,0,3,55,1114,64,80
902,1258,2160,0.417593,0.924,8.549544e+03,1.209030e-02,0.2512,3.307,0,9,173,1113,64,80
903,1257,2160,0.418056,0.924,8.579124e+03,9.196350e-03,0.261,3.2966,0,0,157,1112,64,80
904,1256,2160,0.418519,0.924,8.622894e+03,9.600832e-03,0.2552,3.2919,0,4,10,1111,64,80
905,1255,2160,0.418981,0.923,8.697879e+03,9.740524e-03,0.2589,3.3043,0,4,42,1110,64,80
906,1254,2160,0.419444,0.923,8.753129e+03,9.817280e-03,0.2463,3.3137,0,4,139,1109,64,80
907,1253,2160,0.419907,0.924,8.801300e+03,7.729281e-03,0.2511,3.3085,0,0,139,1108,64,80
908,1252,2160,0.42037,0.923,8.752427e+03,8.107683e-03,0.2544,3.2878,0,0,42,1107,64,80
909,1251,2160,0.420833,0.923,8.783072e+03,9.723418e-03,0.2518,3.3022,0,4,134,1106,64,80
910,1250,2160,0.421296,0.922,8.837185e+03,7.768936e-03,0.2534,3.3265,0,5,187,1105,64,80
911,1249,2160,0.421759,0.922,8.877457e+03,1.226559e-02,0.2426,3.306,0,9,112,1104,64,80
912,1248,2160,0.422222,0.922,8.929719e+03,6.802630e-03,0.2534,3.3022,0,5,112,1103,64,80
913,1247,2160,0.422685,0.922,8.977409e+03,7.575530e-03,0.2574,3.3066,0,5,28,1102,64,80
914,1246,2160,0.423148,0.922,9.050334e+03,8.894669e-03,0.2428,3.3099,0,8,158,1101,64,80
915,1245,2160,0.423611,0.922,9.132363e+03,9.858706e-03,0.2423,3.2924,0,4,126,1100,64,80
916,1244,2160,0.424074,0.922,9.187252e+03,9.044571e-03,0.2505,3.312,0,8,16,1099,64,80
917,1243,2160,0.424537,0.922,9.269908e+03,8.894946e-03,0.2466,3.3184,0,1,97,1098,64,80
918,1242,2160,0.425,0.922,9.349715e+03,7.215428e-03,0.2426,3.3088,0,3,80,1097,64,80
919,1241,2160,0.425463,0.922,9.409248e+03,9.443052e-03,0.2444,3.2949,0,0,144,1096,64,80
920,1240,2160,0.425926,0.922,9.443967e+03,6.966118e-03,0.2421,3.3016,0,5,144,1095,64,80
921,1239,2160,0.426389,0.922,9.422284e+03,9.271404e-03,0.2508,3.293,0,0,126,1094,64,80
922,1238,2160,0.426852,0.922,9.490690e+03,8.725195e-03,0.2412,3.3039,0,6,37,1093,64,80
923,1237,2160,0.427315,0.922,9.533649e+03,7.414034e-03,0.248,3.2988,0,5,37,1092,64,80
924,1236,2160,0.427778,0.922,9.530361e+03,9.013516e-03,0.2432,3.3072,0,8,153,1091,64,80
925,1235,2160,0.428241,0.922,9.626009e+03,8.090759e-03,0.2422,3.3065,0,6,153,1090,64,80
926,1234,2160,0.428704,0.922,9.675683e+03,7.572305e-03,0.2427,3.3015,0,5,169,1089,64,80
927,1233,2160,0.429167,0.922,9.787933e+03,7.139090e-03,0.2427,3.3033,0,3,93,1088,64,80
928,1232,2160,0.42963,0.921,9.865078e+03,9.339489e-03,0.2481,3.3062,0,0,2,1087,64,80
929,1231,2160,0.430093,0.922,9.937229e+03,8.940473e-03,0.2441,3.3108,0,1,98,1086,64,80
930,1230,2160,0.430556,0.922,1.000331e+04,8.059107e-03,0.2462,3.309,0,5,108,1085,64,80
931,1229,2160,0.431019,0.922,1.004879e+04,9.185618e-03,0.251,3.2963,0,1,45,1084,64,80
932,1228,2160,0.431481,0.922,1.007434e+04,8.835101e-03,0.2521,3.3096,0,6,98,1083,64,80
933,1227,2160,0.431944,0.922,1.008765e+04,8.675054e-03,0.2546,3.3069,0,6,84,1082,64,80
934,1226,2160,0.432407,0.922,1.018076e+04,1.020756e-02,0.2496,3.2847,0,4,2,1081,64,80
935,1225,2160,0.43287,0.921,1.023438e+04,1.475490e-02,0.2429,3.308,0,7,82,1080,64,80
936,1224,2160,0.433333,0.921,1.029265e+04,1.517082e-02,0.2436,3.3059,0,7,182,1079,64,80
937,1223,2160,0.433796,0.921,1.035712e+04,7.960709e-03,0.2478,3.3037,0,5,185,1078,64,80
938,1222,2160,0.434259,0.921,1.042376e+04,1.275397e-02,0.2394,3.3018,0,9,124,1077,64,80
939,1221,2160,0.434722,0.921,1.046613e+04,1.277536e-02,0.2407,3.3013,0,9,172,1076,64,80
940,1220,2160,0.435185,0.92,1.050874e+04,9.617557e-03,0.2408,3.3006,0,0,172,1075,64,80
941,1219,2160,0.435648,0.92,1.055174e+04,1.021230e-02,0.2435,3.3125,0,4,137,1074,64,80
942,1218,2160,0.436111,0.92,1.058677e+04,8.307508e-03,0.2488,3.3063,0,5,122,1073,64,80
943,1217,2160,0.436574,0.92,1.060402e+04,1.006197e-02,0.2425,3.318,0,4,182,1072,64,80
944,1216,2160,0.437037,0.921,1.064751e+04,8.784584e-03,0.241,3.3123,0,6,122,1071,64,80
945,1215,2160,0.4375,0.921,1.066847e+04,9.174355e-03,0.2423,3.2856,0,1,117,1070,64,80
946,1214,2160,0.437963,0.921,1.069184e+04,1.506368e-02,0.2427,3.2832,0,7,109,1069,64,80
947,1213,2160,0.438426,0.921,1.073651e+04,7.716618e-03,0.248,3.2924,0,3,81,1068,64,80
948,1212,2160,0.438889,0.921,1.078188e+04,9.527697e-03,0.2456,3.2862,0,8,139,1067,64,80
949,1211,2160,0.439352,0.921,1.082798e+04,1.305405e-02,0.2435,3.2995,0,9,115,1066,64,80
950,1210,2160,0.439815,0.922,1.086396e+04,9.867007e-03,0.2526,3.3057,0,1,139,1065,64,80
951,1209,2160,0.440278,0.922,1.085927e+04,1.026277e-02,0.2503,3.3012,0,4,36,1064,64,80
952,1208,2160,0.440741,0.921,1.093706e+04,1.312284e-02,0.2463,3.3089,0,9,53,1063,64,80
953,1207,2160,0.441204,0.92,1.098841e+04,9.012442e-03,0.2398,3.3052,0,8,53,1062,64,80
954,1206,2160,0.441667,0.921,1.102259e+04,8.243411e-03,0.2483,3.3143,0,5,145,1061,64,80
955,1205,2160,0.44213,0.921,1.106395e+04,9.429623e-03,0.2534,3.3053,0,1,109,1060,64,80
956,1204,2160,0.442593,0.921,1.108136e+04,9.111689e-03,0.2495,3.296,0,6,6,1059,64,80
957,1203,2160,0.443056,0.921,1.113173e+04,1.560154e-02,0.2435,3.3011,0,7,54,1058,64,80
958,1202,2160,0.443519,0.92,1.118783e+04,9.151727e-03,0.2371,3.2889,0,6,13,1057,64,80
959,1201,2160,0.443981,0.92,1.124796e+04,7.029444e-03,0.2387,3.3222,0,3,13,1056,64,80
960,1200,2160,0.444444,0.92,1.126959e+04,8.254672e-03,0.2407,3.311,0,5,123,1055,64,80
961,1199,2160,0.444907,0.92,1.134097e+04,8.433665e-03,0.2436,3.3123,0,6,123,1054,64,80
962,1198,2160,0.44537,0.92,1.133159e+04,9.064969e-03,0.2398,3.2949,0,6,109,1053,64,80
963,1197,2160,0.445833,0.92,1.138218e+04,9.517742e-03,0.2395,3.3041,0,8,125,1052,64,80
964,1196,2160,0.446296,0.919,1.146378e+04,9.485667e-03,0.2426,3.2859,0,8,141,1051,64,80
965,1195,2160,0.446759,0.919,1.153282e+04,9.368204e-03,0.252,3.3072,0,8,0,1050,64,80
966,1194,2160,0.447222,0.919,1.164096e+04,8.065714e-03,0.2404,3.3194,0,5,88,1049,64,80
967,1193,2160,0.447685,0.919,1.172950e+04,9.315911e-03,0.2387,3.3023,0,6,150,1048,64,80
968,1192,2160,0.448148,0.919,1.178394e+04,9.925763e-03,0.2417,3.2999,0,8,63,1047,64,80
969,1191,2160,0.448611,0.92,1.183377e+04,1.349551e-02,0.2441,3.3038,0,9,21,1046,64,80
970,1190,2160,0.449074,0.92,1.188138e+04,8.495163e-03,0.239,3.3005,0,5,141,1045,64,80
971,1189,2160,0.449537,0.919,1.191899e+04,1.350756e-02,0.2455,3.3014,0,9,94,1044,64,80
972,1188,2160,0.45,0.919,1.196297e+04,8.548190e-03,0.2405,3.3193,0,5,142,1043,64,80
973,1187,2160,0.450463,0.919,1.198721e+04,9.635288e-03,0.2455,3.3042,0,1,77,1042,64,80
974,1186,2160,0.450926,0.92,1.201285e+04,1.008121e-02,0.242,3.3017,0,0,45,1041,64,80
975,1185,2160,0.451389,0.92,1.204723e+04,9.684015e-03,0.2505,3.3077,0,6,176,1040,64,80
976,1184,2160,0.451852,0.92,1.208574e+04,9.260333e-03,0.245,3.2848,0,6,10,1039,64,80
977,1183,2160,0.452315,0.92,1.218056e+04,1.372110e-02,0.2453,3.3109,0,9,177,1038,64,80
978,1182,2160,0.452778,0.92,1.225739e+04,8.602485e-03,0.2426,3.3039,0,5,128,1037,64,80
979,1181,2160,0.453241,0.92,1.229417e+04,8.000851e-03,0.2446,3.3147,0,3,106,1036,64,80
980,1180,2160,0.453704,0.921,1.234077e+04,1.632742e-02,0.2364,3.3059,0,7,178,1035,64,80
981,1179,2160,0.454167,0.921,1.240415e+04,1.060160e-02,0.2399,3.3185,0,4,21,1034,64,80
982,1178,2160,0.45463,0.921,1.248656e+04,8.571490e-03,0.2473,3.3089,0,5,61,1033,64,80
983,1177,2160,0.455093,0.921,1.252796e+04,1.007292e-02,0.2378,3.3117,0,8,178,1032,64,80
984,1176,2160,0.455556,0.922,1.254766e+04,9.850047e-03,0.2408,3.2993,0,4,178,1031,64,80
985,1175,2160,0.456019,0.922,1.253543e+04,8.681741e-03,0.2372,3.2803,0,5,4,1030,64,80
986,1174,2160,0.456481,0.922,1.256690e+04,1.001167e-02,0.2378,3.3075,0,0,7,1029,64,80
987,1173,2160,0.456944,0.922,1.261253e+04,1.659280e-02,0.242,3.3191,0,7,48,1028,64,80
988,1172,2160,0.457407,0.922,1.266414e+04,9.540188e-03,0.2388,3.3071,0,6,43,1027,64,80
989,1171,2160,0.45787,0.922,1.273300e+04,7.942525e-03,0.2576,3.2929,0,3,4,1026,64,80
990,1170,2160,0.458333,0.921,1.280588e+04,9.771937e-03,0.2404,3.2922,0,1,30,1025,64,80
991,1169,2160,0.458796,0.921,1.287019e+04,8.981008e-03,0.2366,3.2991,0,5,73,1024,64,80
992,1168,2160,0.459259,0.922,1.291930e+04,1.036807e-02,0.2302,3.2924,0,8,52,1023,64,80
993,1167,2160,0.459722,0.923,1.296061e+04,8.095783e-03,0.2332,3.3046,0,3,30,1022,64,80
994,1166,2160,0.460185,0.922,1.301951e+04,9.761533e-03,0.2412,3.3109,0,1,4,1021,64,80
995,1165,2160,0.460648,0.923,1.306060e+04,7.966938e-03,0.2357,3.3071,0,8,4,1020,64,80
996,1164,2160,0.461111,0.922,1.300611e+04,1.680628e-02,0.2428,3.3052,0,7,41,1019,64,80
997,1163,2160,0.461574,0.921,1.311297e+04,8.911963e-03,0.2397,3.3077,0,5,56,1018,64,80
998,1162,2160,0.462037,0.921,1.315724e+04,8.748761e-03,0.2342,3.3139,0,5,22,1017,64,80
999,1161,2160,0.4625,0.92,1.323312e+04,9.609319e-03,0.2337,3.2936,0,6,56,1016,64,80
1000,1160,2160,0.462963,0.92,1.327004e+04,9.781032e-03,0.2322,3.3065,0,8,56,1015,64,80
1001,1159,2160,0.463426,0.921,1.331907e+04,8.923438e-03,0.2287,3.3008,0,1,41,1014,64,80
1002,1158,2160,0.463889,0.919,1.341486e+04,9.936879e-03,0.2382,3.3102,0,0,48,1013,64,80
1003,1157,2160,0.464352,0.921,1.345231e+04,9.758893e-03,0.2416,3.3152,0,6,22,1012,64,80
1004,1156,2160,0.464815,0.921,1.348956e+04,8.580974e-03,0.239,3.3019,0,5,100,1011,64,80
1005,1155,2160,0.465278,0.921,1.354599e+04,1.394339e-02,0.2255,3.3042,0,9,22,1010,64,80
1006,1154,2160,0.465741,0.921,1.360658e+04,1.432492e-02,0.231,3.3194,0,9,45,1009,64,80
1007,1153,2160,0.466204,0.921,1.365823e+04,1.375830e-02,0.2397,3.3281,0,9,140,1008,64,80
1008,1152,2160,0.466667,0.922,1.374321e+04,1.404035e-02,0.2395,3.3122,0,9,81,1007,64,80
1009,1151,2160,0.46713,0.922,1.379382e+04,8.323309e-03,0.2346,3.3156,0,5,81,1006,64,80
1010,1150,2160,0.467593,0.921,1.384715e+04,1.078905e-02,0.2376,3.3084,0,4,128,1005,64,80
1011,1149,2160,0.468056,0.922,1.389084e+04,9.045420e-03,0.235,3.3025,0,5,119,1004,64,80
1012,1148,2160,0.468519,0.921,1.389876e+04,8.550888e-03,0.2248,3.2882,0,5,25,1003,64,80
1013,1147,2160,0.468981,0.922,1.399759e+04,9.503456e-03,0.2367,3.2958,0,6,178,1002,64,80
1014,1146,2160,0.469444,0.921,1.409629e+04,8.310190e-03,0.2282,3.3024,0,3,179,1001,64,80
1015,1145,2160,0.469907,0.921,1.418764e+04,1.460343e-02,0.2313,3.302,0,9,85,1000,64,80
1016,1144,2160,0.47037,0.921,1.428098e+04,1.427884e-02,0.229,3.2777,0,9,68,999,64,80
1017,1143,2160,0.470833,0.921,1.433006e+04,8.237144e-03,0.2361,3.3218,0,3,41,998,64,80
1018,1142,2160,0.471296,0.921,1.442867e+04,1.050911e-02,0.2379,3.3194,0,8,113,997,64,80
1019,1141,2160,0.471759,0.922,1.452763e+04,8.428653e-03,0.233,3.3138,0,5,113,996,64,80
1020,1140,2160,0.472222,0.921,1.457709e+04,1.050118e-02,0.2274,3.2849,0,8,81,995,64,80
1021,1139,2160,0.472685,0.922,1.462202e+04,1.745077e-02,0.2336,3.3108,0,7,163,994,64,80
1022,1138,2160,0.473148,0.922,1.470083e+04,1.728906e-02,0.2302,3.3087,0,7,185,993,64,80
1023,1137,2160,0.473611,0.923,1.480766e+04,9.103895e-03,0.2331,3.2989,0,5,133,992,64,80
1024,1136,2160,0.474074,0.921,1.484870e+04,8.273998e-03,0.233,3.307,0,3,97,991,64,80
1025,1135,2160,0.474537,0.921,1.496285e+04,8.581579e-03,0.2402,3.3078,0,3,113,990,64,80
1026,1134,2160,0.475,0.921,1.502672e+04,8.180400e-03,0.2307,3.3178,0,3,16,989,64,80
1027,1133,2160,0.475463,0.921,1.513354e+04,8.249309e-03,0.2254,3.3222,0,3,58,988,64,80
1028,1132,2160,0.475926,0.92,1.519525e+04,1.492236e-02,0.2384,3.3163,0,9,125,987,64,80
1029,1131,2160,0.476389,0.921,1.528075e+04,1.506439e-02,0.2294,3.3091,0,9,106,986,64,80
1030,1130,2160,0.476852,0.923,1.534409e+04,1.131029e-02,0.2362,3.2946,0,4,143,985,64,80
1031,1129,2160,0.477315,0.923,1.539808e+04,9.969626e-03,0.2259,3.3095,0,6,5,984,64,80
1032,1128,2160,0.477778,0.922,1.551908e+04,1.070069e-02,0.2264,3.2992,0,8,5,983,64,80
1033,1127,2160,0.478241,0.922,1.559374e+04,1.067762e-02,0.2309,3.2849,0,8,163,982,64,80
1034,1126,2160,0.478704,0.922,1.565719e+04,1.759900e-02,0.2302,3.3054,0,7,132,981,64,80
1035,1125,2160,0.479167,0.922,1.573528e+04,1.140645e-02,0.2269,3.3075,0,4,133,980,64,80
1036,1124,2160,0.47963,0.924,1.578119e+04,1.514865e-02,0.2233,3.317,0,9,35,979,64,80
1037,1123,2160,0.480093,0.924,1.584962e+04,1.498636e-02,0.2238,3.3055,0,9,152,978,64,80
1038,1122,2160,0.480556,0.923,1.594193e+04,8.414121e-03,0.232,3.3028,0,3,71,977,64,80
1039,1121,2160,0.481019,0.923,1.605149e+04,1.807589e-02,0.2319,3.3193,0,7,52,976,64,80
1040,1120,2160,0.481481,0.923,1.613402e+04,9.495395e-03,0.2312,3.3064,0,5,66,975,64,80
1041,1119,2160,0.481944,0.924,1.617766e+04,8.971667e-03,0.2302,3.3088,0,5,9,974,64,80
1042,1118,2160,0.482407,0.924,1.631251e+04,8.920953e-03,0.2226,3.321,0,5,12,973,64,80
1043,1117,2160,0.48287,0.924,1.642411e+04,1.109552e-02,0.2327,3.3133,0,8,132,972,64,80
1044,1116,2160,0.483333,0.923,1.646609e+04,8.600958e-03,0.2306,3.2998,0,3,26,971,64,80
1045,1115,2160,0.483796,0.923,1.655463e+04,1.869353e-02,0.2297,3.3025,0,7,16,970,64,80
1046,1114,2160,0.484259,0.922,1.667173e+04,1.801643e-02,0.2274,3.319,0,7,61,969,64,80
1047,1113,2160,0.484722,0.921,1.676157e+04,1.560037e-02,0.2294,3.3043,0,9,71,968,64,80
1048,1112,2160,0.485185,0.921,1.686367e+04,1.517392e-02,0.2295,3.2882,0,9,67,967,64,80
1049,1111,2160,0.485648,0.921,1.693119e+04,1.125866e-02,0.2343,3.3006,0,4,144,966,64,80
1050,1110,2160,0.486111,0.923,1.705385e+04,2.243877e-02,0.2339,3.3027,1,2,6,966,63,80
1051,1109,2160,0.486574,0.92,1.713827e+04,8.620579e-03,0.2249,3.2972,0,3,92,965,63,80
1052,1108,2160,0.487037,0.921,1.717454e+04,9.530381e-03,0.2317,3.3052,0,5,21,964,63,80
1053,1107,2160,0.4875,0.92,1.722720e+04,1.877217e-02,0.2242,3.2916,0,7,135,963,63,80
1054,1106,2160,0.487963,0.92,1.731324e+04,1.037925e-02,0.2243,3.2993,0,1,157,962,63,80
1055,1105,2160,0.488426,0.921,1.739935e+04,1.131517e-02,0.2288,3.2892,0,8,3,961,63,80
1056,1104,2160,0.488889,0.921,1.746424e+04,1.047873e-02,0.2275,3.3056,0,6,79,960,63,80
1057,1103,2160,0.489352,0.92,1.754640e+04,1.109767e-02,0.2284,3.3015,0,0,60,959,63,80
1058,1102,2160,0.489815,0.92,1.761108e+04,1.088469e-02,0.2206,3.3026,0,6,157,958,63,80
1059,1101,2160,0.490278,0.92,1.764904e+04,1.614572e-02,0.2322,3.2951,0,9,154,957,63,80
1060,1100,2160,0.490741,0.921,1.773557e+04,8.712264e-03,0.2223,3.2932,0,1,154,956,63,80
1061,1099,2160,0.491204,0.92,1.774463e+04,9.275489e-03,0.2175,3.2961,0,5,69,955,63,80
1062,1098,2160,0.491667,0.92,1.785796e+04,1.623459e-02,0.2216,3.3107,0,9,64,954,63,80
1063,1097,2160,0.49213,0.921,1.793509e+04,1.084062e-02,0.2284,3.3049,0,0,69,953,63,80
1064,1096,2160,0.492593,0.92,1.796432e+04,1.108729e-02,0.2272,3.3089,0,8,154,952,63,80
1065,1095,2160,0.493056,0.921,1.805850e+04,8.499373e-03,0.2289,3.3092,0,3,171,951,63,80
1066,1094,2160,0.493519,0.92,1.816012e+04,1.078719e-02,0.2289,3.3063,0,1,143,950,63,80
1067,1093,2160,0.493981,0.92,1.821053e+04,1.590361e-02,0.234,3.3073,0,9,126,949,63,80
1068,1092,2160,0.494444,0.92,1.832407e+04,1.000734e-02,0.2301,3.2934,0,8,126,948,63,80
1069,1091,2160,0.494907,0.92,1.831640e+04,9.053185e-03,0.2347,3.3053,0,3,139,947,63,80
1070,1090,2160,0.49537,0.92,1.841659e+04,1.862808e-02,0.2336,3.2974,0,7,74,946,63,80
1071,1089,2160,0.495833,0.919,1.850896e+04,1.893811e-02,0.2256,3.3114,0,7,68,945,63,80
1072,1088,2160,0.496296,0.916,1.859259e+04,1.118586e-02,0.2286,3.3031,0,0,3,944,63,80
1073,1087,2160,0.496759,0.918,1.863303e+04,1.130265e-02,0.229,3.2992,0,8,69,943,63,80
1074,1086,2160,0.497222,0.919,1.876046e+04,1.125159e-02,0.2233,3.3088,0,4,69,942,63,80
1075,1085,2160,0.497685,0.918,1.881889e+04,1.948886e-02,0.2181,3.3049,0,7,118,941,63,80
1076,1084,2160,0.498148,0.915,1.892526e+04,7.782713e-02,0.2301,3.2954,1,3,7,941,62,80
1077,1083,2160,0.498611,0.917,1.925127e+04,1.182139e-02,0.2175,3.3117,0,8,85,940,62,80
1078,1082,2160,0.499074,0.917,1.933137e+04,1.166500e-02,0.2311,3.2927,0,4,84,939,62,80
1079,1081,2160,0.499537,0.917,1.946651e+04,1.238250e-02,0.234,3.3111,0,4,79,938,62,80
1080,1080,2160,0.5,0.918,1.950935e+04,1.202269e-02,0.2276,3.2954,0,4,56,937,62,80
1081,1079,2160,0.500463,0.917,1.956560e+04,1.109968e-02,0.2243,3.2835,0,1,71,936,62,80
1082,1078,2160,0.500926,0.916,1.960278e+04,1.654626e-02,0.2265,3.3092,0,9,73,935,62,80
1083,1077,2160,0.501389,0.915,1.967839e+04,1.633597e-02,0.2239,3.3017,0,9,123,934,62,80
1084,1076,2160,0.501852,0.915,1.979129e+04,1.142109e-02,0.2298,3.3004,0,6,188,933,62,80
1085,1075,2160,0.502315,0.915,1.988249e+04,1.151777e-02,0.228,3.3137,0,8,123,932,62,80
1086,1074,2160,0.502778,0.915,1.995627e+04,1.238742e-02,0.2189,3.307,0,4,150,931,62,80
1087,1073,2160,0.503241,0.914,2.004073e+04,9.018976e-03,0.2187,3.3033,0,3,167,930,62,80
1088,1072,2160,0.503704,0.915,2.021085e+04,1.661363e-02,0.2144,3.2967,0,9,75,929,62,80
1089,1071,2160,0.504167,0.915,2.031432e+04,1.021306e-02,0.2279,3.2965,0,1,75,928,62,80
1090,1070,2160,0.50463,0.913,2.032069e+04,1.599441e-02,0.2167,3.3213,0,9,128,927,62,80
1091,1069,2160,0.505093,0.913,2.039513e+04,2.002624e-02,0.2259,3.3002,0,7,167,926,62,80
1092,1068,2160,0.505556,0.912,2.046502e+04,1.095645e-02,0.2238,3.3075,0,0,85,925,62,80
1093,1067,2160,0.506019,0.913,2.061238e+04,1.986740e-02,0.2201,3.3099,0,7,104,924,62,80
1094,1066,2160,0.506481,0.911,2.072853e+04,2.025884e-02,0.2176,3.2995,0,7,137,923,62,80
1095,1065,2160,0.506944,0.911,2.085036e+04,2.083267e-02,0.2189,3.3002,0,7,175,922,62,80
1096,1064,2160,0.507407,0.912,2.097434e+04,1.184634e-02,0.2205,3.3029,0,8,72,921,62,80
1097,1063,2160,0.50787,0.911,2.109631e+04,1.270673e-02,0.2139,3.3067,0,4,122,920,62,80
1098,1062,2160,0.508333,0.91,2.115517e+04,2.046009e-02,0.2248,3.3038,0,7,189,919,62,80
1099,1061,2160,0.508796,0.91,2.123172e+04,9.499635e-03,0.2287,3.3055,0,3,189,918,62,80
1100,1060,2160,0.509259,0.911,2.126595e+04,1.636792e-02,0.2332,3.3068,0,9,189,917,62,80
1101,1059,2160,0.509722,0.91,2.131000e+04,1.150514e-02,0.2336,3.3028,0,8,189,916,62,80
1102,1058,2160,0.510185,0.91,2.133318e+04,1.164751e-02,0.2243,3.3074,0,0,86,915,62,80
1103,1057,2160,0.510648,0.91,2.138649e+04,1.109473e-02,0.22,3.2912,0,1,122,914,62,80
1104,1056,2160,0.511111,0.91,2.143793e+04,1.157213e-02,0.2257,3.3115,0,6,134,913,62,80
1105,1055,2160,0.511574,0.911,2.151478e+04,1.245978e-02,0.2235,3.3104,0,4,194,912,62,80
1106,1054,2160,0.512037,0.911,2.167437e+04,2.101983e-02,0.2143,3.3218,0,7,92,911,62,80
1107,1053,2160,0.5125,0.911,2.181813e+04,1.173031e-02,0.2198,3.2858,0,0,20,910,62,80
1108,1052,2160,0.512963,0.911,2.188607e+04,2.122583e-02,0.2161,3.2767,0,7,37,909,62,80
1109,1051,2160,0.513426,0.91,2.200668e+04,1.033105e-02,0.2187,3.2996,0,0,37,908,62,80
1110,1050,2160,0.513889,0.912,2.207290e+04,1.111163e-02,0.2143,3.3113,0,1,162,907,62,80
1111,1049,2160,0.514352,0.912,2.214098e+04,2.148637e-02,0.216,3.3007,0,7,39,906,62,80
1112,1048,2160,0.514815,0.911,2.224401e+04,2.068191e-02,0.2177,3.3088,0,7,66,905,62,80
1113,1047,2160,0.515278,0.911,2.233902e+04,1.044954e-02,0.2233,3.3086,0,5,46,904,62,80
1114,1046,2160,0.515741,0.911,2.239149e+04,9.824988e-03,0.2186,3.3062,0,1,46,903,62,80
1115,1045,2160,0.516204,0.911,2.234068e+04,1.232193e-02,0.2268,3.3118,0,8,121,902,62,80
1116,1044,2160,0.516667,0.912,2.242210e+04,9.681988e-03,0.2226,3.3169,0,3,188,901,62,80
1117,1043,2160,0.51713,0.912,2.254837e+04,1.103661e-02,0.2279,3.3096,0,1,164,900,62,80
1118,1042,2160,0.517593,0.912,2.261855e+04,1.758641e-02,0.2258,3.3072,0,9,111,899,62,80
1119,1041,2160,0.518056,0.91,2.276571e+04,1.132569e-02,0.2207,3.2971,0,1,6,898,62,80
1120,1040,2160,0.518519,0.91,2.286291e+04,1.770758e-02,0.2232,3.2897,0,9,162,897,62,80
1121,1039,2160,0.518981,0.911,2.294877e+04,1.281124e-02,0.224,3.3108,0,4,3,896,62,80
1122,1038,2160,0.519444,0.91,2.307595e+04,1.669918e-02,0.2219,3.2977,0,9,3,895,62,80
1123,1037,2160,0.519907,0.911,2.301583e+04,9.629921e-03,0.2127,3.3133,0,3,12,894,62,80
1124,1036,2160,0.52037,0.912,2.315759e+04,9.367575e-03,0.2165,3.3085,0,3,186,893,62,80
1125,1035,2160,0.520833,0.911,2.332993e+04,1.201463e-02,0.2174,3.3119,0,0,87,892,62,80
1126,1034,2160,0.521296,0.91,2.339429e+04,1.026722e-02,0.2277,3.3025,0,5,10,891,62,80
1127,1033,2160,0.521759,0.911,2.349821e+04,5.182574e-02,0.2237,3.3166,1,3,9,891,61,80
1128,1032,2160,0.522222,0.909,2.369109e+04,1.779345e-02,0.2288,3.2958,0,9,86,890,61,80
1129,1031,2160,0.522685,0.91,2.371474e+04,1.843378e-02,0.2372,3.3017,0,9,142,889,61,80
1130,1030,2160,0.523148,0.91,2.376286e+04,1.911331e-02,0.2193,3.3047,0,9,110,888,61,80
1131,1029,2160,0.523611,0.91,2.383820e+04,1.228884e-02,0.2224,3.3077,0,6,190,887,61,80
1132,1028,2160,0.524074,0.909,2.390905e+04,6.992100e-03,0.2266,3.3203,2,9,1,887,61,79
1133,1027,2160,0.524537,0.909,2.382105e+04,1.036902e-02,0.2139,3.3147,0,5,168,886,61,79
1134,1026,2160,0.525,0.909,2.398314e+04,1.158635e-02,0.2233,3.3107,0,1,59,885,61,79
1135,1025,2160,0.525463,0.908,2.407651e+04,1.227474e-02,0.2264,3.3066,0,6,62,884,61,79
1136,1024,2160,0.525926,0.909,2.415660e+04,1.180320e-02,0.2301,3.3108,0,6,27,883,61,79
1137,1023,2160,0.526389,0.909,2.434743e+04,9.783488e-03,0.2275,3.3095,0,3,190,882,61,79
1138,1022,2160,0.526852,0.909,2.449868e+04,2.245871e-02,0.2178,3.3128,0,7,59,881,61,79
1139,1021,2160,0.527315,0.909,2.464150e+04,2.209007e-02,0.2267,3.3125,0,7,36,880,61,79
1140,1020,2160,0.527778,0.911,2.480597e+04,1.208412e-02,0.219,3.3088,0,6,53,879,61,79
1141,1019,2160,0.528241,0.912,2.498928e+04,1.186123e-02,0.225,3.3083,0,6,80,878,61,79
1142,1018,2160,0.528704,0.911,2.511667e+04,1.891640e-02,0.2189,3.2992,0,9,164,877,61,79
1143,1017,2160,0.529167,0.911,2.523275e+04,2.195295e-02,0.2133,3.2864,0,7,131,876,61,79
1144,1016,2160,0.52963,0.909,2.530661e+04,2.221073e-02,0.2071,3.3052,0,7,162,875,61,79
1145,1015,2160,0.530093,0.908,2.542515e+04,1.263237e-02,0.208,3.2963,0,8,39,874,61,79
1146,1014,2160,0.530556,0.909,2.551111e+04,2.299246e-02,0.2104,3.2984,0,7,120,873,61,79
1147,1013,2160,0.531019,0.908,2.563590e+04,2.197182e-02,0.2181,3.2987,0,7,67,872,61,79
1148,1012,2160,0.531481,0.909,2.572736e+04,1.239434e-02,0.2156,3.3192,0,6,100,871,61,79
1149,1011,2160,0.531944,0.909,2.583672e+04,1.949255e-02,0.2277,3.2997,0,9,80,870,61,79
1150,1010,2160,0.532407,0.909,2.592088e+04,1.284798e-02,0.2287,3.321,0,8,93,869,61,79
1151,1009,2160,0.53287,0.909,2.601806e+04,2.256944e-02,0.2191,3.3002,0,7,116,868,61,79
1152,1008,2160,0.533333,0.908,2.612769e+04,2.305142e-02,0.2201,3.3001,0,7,51,867,61,79
1153,1007,2160,0.533796,0.908,2.625628e+04,1.343626e-02,0.2133,3.3065,0,4,149,866,61,79
1154,1006,2160,0.534259,0.909,2.634309e+04,1.227765e-02,0.2161,3.3204,0,6,191,865,61,79
1155,1005,2160,0.534722,0.909,2.652331e+04,1.202529e-02,0.2179,3.3011,0,6,126,864,61,79
1156,1004,2160,0.535185,0.909,2.673648e+04,1.227923e-02,0.2114,3.3187,0,6,165,863,61,79
1157,1003,2160,0.535648,0.909,2.685261e+04,1.220897e-02,0.2144,3.3075,0,0,100,862,61,79
1158,1002,2160,0.536111,0.908,2.693684e+04,1.323532e-02,0.2106,3.2908,0,8,180,861,61,79
1159,1001,2160,0.536574,0.909,2.705133e+04,1.158646e-02,0.2126,3.3089,0,1,180,860,61,79
1160,1000,2160,0.537037,0.91,2.707358e+04,1.052002e-02,0.2128,3.3026,0,5,99,859,61,79
1161,999,2160,0.5375,0.909,2.725531e+04,1.246676e-02,0.2117,3.3266,0,6,14,858,61,79
1162,998,2160,0.537963,0.91,2.746865e+04,2.318213e-02,0.2105,3.301,0,7,166,857,61,79
1163,997,2160,0.538426,0.908,2.765837e+04,1.037579e-02,0.2152,3.3146,0,5,166,856,61,79
1164,996,2160,0.538889,0.908,2.779041e+04,1.255135e-02,0.212,3.3048,0,6,142,855,61,79
1165,995,2160,0.539352,0.908,2.790279e+04,1.327491e-02,0.2118,3.302,0,8,114,854,61,79
1166,994,2160,0.539815,0.908,2.800923e+04,1.185759e-02,0.217,3.3083,0,1,142,853,61,79
1167,993,2160,0.540278,0.908,2.804435e+04,1.960169e-02,0.2247,3.3118,0,9,2,852,61,79
1168,992,2160,0.540741,0.908,2.822329e+04,1.201351e-02,0.2206,3.3011,0,1,182,851,61,79
1169,991,2160,0.541204,0.908,2.836439e+04,1.290156e-02,0.2092,3.2935,0,8,182,850,61,79
1170,990,2160,0.541667,0.908,2.835545e+04,5.951594e-03,0.2061,3.3004,2,7,6,850,61,78
1171,989,2160,0.54213,0.908,2.832321e+04,2.386888e-02,0.2256,3.3013,0,7,23,849,61,78
1172,988,2160,0.542593,0.91,2.849360e+04,4.092452e-02,0.2147,3.2864,1,7,7,849,60,78
1173,987,2160,0.543056,0.905,2.869861e+04,2.341356e-02,0.2083,3.3128,0,7,47,848,60,78
1174,986,2160,0.543519,0.906,2.879920e+04,2.468122e-02,0.2153,3.3103,0,7,142,847,60,78
1175,985,2160,0.543981,0.904,2.889500e+04,2.413455e-02,0.2096,3.3138,0,7,93,846,60,78
1176,984,2160,0.544444,0.907,2.902704e+04,1.322146e-02,0.2078,3.2936,0,8,135,845,60,78
1177,983,2160,0.544907,0.906,2.917804e+04,1.321629e-02,0.2103,3.2987,0,0,156,844,60,78
1178,982,2160,0.54537,0.907,2.925868e+04,1.287995e-02,0.2107,3.3188,0,6,158,843,60,78
1179,981,2160,0.545833,0.907,2.938055e+04,1.370686e-02,0.2114,3.3183,0,4,62,842,60,78
1180,980,2160,0.546296,0.906,2.940389e+04,2.001457e-02,0.2145,3.3026,0,9,147,841,60,78
1181,979,2160,0.546759,0.908,2.948433e+04,1.118620e-02,0.2149,3.308,0,5,127,840,60,78
1182,978,2160,0.547222,0.907,2.959494e+04,2.018820e-02,0.2089,3.3201,0,9,29,839,60,78
1183,977,2160,0.547685,0.909,2.978266e+04,1.349100e-02,0.2101,3.3118,0,8,147,838,60,78
1184,976,2160,0.548148,0.908,2.990261e+04,1.341868e-02,0.2039,3.309,0,8,12,837,60,78
1185,975,2160,0.548611,0.907,3.008293e+04,3.875662e-03,0.2096,3.306,1,7,3,837,59,78
1186,974,2160,0.549074,0.907,3.000814e+04,1.047038e-02,0.2188,3.3152,0,3,154,836,59,78
1187,973,2160,0.549537,0.907,3.019314e+04,1.356593e-02,0.2145,3.3135,0,4,195,835,59,78
1188,972,2160,0.55,0.906,3.038322e+04,2.049351e-02,0.2143,3.3053,0,9,12,834,59,78
1189,971,2160,0.550463,0.906,3.052540e+04,1.377648e-02,0.21,3.2967,0,4,63,833,59,78
1190,970,2160,0.550926,0.905,3.064163e+04,1.986294e-02,0.2141,3.3289,0,9,179,832,59,78
1191,969,2160,0.551389,0.905,3.080268e+04,1.364756e-02,0.2044,3.326,0,8,190,831,59,78
1192,968,2160,0.551852,0.906,3.093877e+04,1.227554e-02,0.2135,3.3065,0,1,11,830,59,78
1193,967,2160,0.552315,0.907,3.106042e+04,1.352699e-02,0.2211,3.3091,0,4,157,829,59,78
1194,966,2160,0.552778,0.907,3.122781e+04,1.193294e-02,0.2165,3.2937,0,1,56,828,59,78
1195,965,2160,0.553241,0.905,3.143201e+04,1.348699e-02,0.2068,3.2991,0,4,112,827,59,78
1196,964,2160,0.553704,0.908,3.169079e+04,2.784935e-02,0.2095,3.3146,0,7,157,826,59,78
1197,963,2160,0.554167,0.906,3.181192e+04,2.589342e-02,0.2087,3.3143,0,7,129,825,59,78
1198,962,2160,0.55463,0.908,3.203919e+04,1.142391e-02,0.1973,3.3228,0,5,52,824,59,78
1199,961,2160,0.555093,0.908,3.214591e+04,1.179738e-02,0.2077,3.2934,0,5,33,823,59,78
1200,960,2160,0.555556,0.908,3.221007e+04,2.740070e-02,0.2,3.3058,0,7,110,822,59,78
1201,959,2160,0.556019,0.91,3.238686e+04,1.244844e-02,0.2074,3.3226,0,1,110,821,59,78
1202,958,2160,0.556481,0.911,3.243090e+04,2.764135e-02,0.2031,3.3116,0,7,136,820,59,78
1203,957,2160,0.556944,0.911,3.263299e+04,1.421466e-02,0.1951,3.3251,0,6,68,819,59,78
1204,956,2160,0.557407,0.911,3.274485e+04,1.419125e-02,0.2073,3.3192,0,0,189,818,59,78
1205,955,2160,0.55787,0.911,3.280794e+04,1.312464e-02,0.2034,3.3104,0,1,136,817,59,78
1206,954,2160,0.558333,0.911,3.278762e+04,1.433745e-02,0.198,3.3169,0,4,33,816,59,78
1207,953,2160,0.558796,0.911,3.278871e+04,1.390520e-02,0.2043,3.323,0,8,110,815,59,78
1208,952,2160,0.559259,0.91,3.289418e+04,2.135410e-02,0.1992,3.3077,0,9,156,814,59,78
1209,951,2160,0.559722,0.909,3.301480e+04,2.748772e-02,0.2007,3.3033,0,7,33,813,59,78
1210,950,2160,0.560185,0.91,3.314208e+04,1.422989e-02,0.2098,3.3118,0,8,129,812,59,78
1211,949,2160,0.560648,0.911,3.333349e+04,3.095938e-02,0.2107,3.3053,1,9,9,812,58,78
1212,948,2160,0.561111,0.91,3.344786e+04,1.170278e-02,0.2079,3.3158,0,5,74,811,58,78
1213,947,2160,0.561574,0.909,3.348683e+04,2.154826e-02,0.204,3.2969,0,9,30,810,58,78
1214,946,2160,0.562037,0.91,3.369205e+04,2.105084e-02,0.2049,3.305,0,9,108,809,58,78
1215,945,2160,0.5625,0.91,3.382966e+04,2.049140e-02,0.2055,3.3072,2,4,2,809,58,77
1216,944,2160,0.562963,0.913,3.391088e+04,1.168086e-02,0.2061,3.3153,0,3,68,808,58,77
1217,943,2160,0.563426,0.913,3.401802e+04,1.399529e-02,0.1987,3.3114,0,4,145,807,58,77
1218,942,2160,0.563889,0.912,3.410446e+04,2.211974e-02,0.2072,3.3077,0,9,116,806,58,77
1219,941,2160,0.564352,0.912,3.422243e+04,4.398548e-03,0.2092,3.2983,2,3,6,806,58,76
1220,940,2160,0.564815,0.912,3.412997e+04,1.114235e-02,0.2033,3.3148,0,3,29,805,58,76
1221,939,2160,0.565278,0.912,3.431285e+04,3.038186e-02,0.1957,3.276,1,3,8,805,57,76
1222,938,2160,0.565741,0.91,3.436777e+04,1.140075e-02,0.2091,3.2966,0,3,44,804,57,76
1223,937,2160,0.566204,0.912,3.453465e+04,1.367387e-02,0.203,3.2936,0,6,1,803,57,76
1224,936,2160,0.566667,0.912,3.477897e+04,1.402839e-02,0.2087,3.3007,0,6,170,802,57,76
1225,935,2160,0.56713,0.912,3.490323e+04,1.324279e-02,0.1999,3.3052,0,0,170,801,57,76
1226,934,2160,0.567593,0.912,3.492130e+04,1.407897e-02,0.2045,3.3104,0,8,1,800,57,76
1227,933,2160,0.568056,0.912,3.498989e+04,1.377456e-02,0.2062,3.3186,0,6,21,799,57,76
1228,932,2160,0.568519,0.912,3.512265e+04,1.277899e-02,0.2101,3.3103,0,1,1,798,57,76
1229,931,2160,0.568981,0.912,3.506040e+04,1.105163e-02,0.1948,3.3118,0,5,1,797,57,76
1230,930,2160,0.569444,0.912,3.507881e+04,1.289526e-02,0.2082,3.3057,0,1,170,796,57,76
1231,929,2160,0.569907,0.912,3.509520e+04,1.193666e-02,0.2058,3.3083,0,3,125,795,57,76
1232,928,2160,0.57037,0.91,3.524636e+04,9.964996e-03,0.2075,3.3087,0,5,125,794,57,76
1233,927,2160,0.570833,0.909,3.525284e+04,1.381890e-02,0.1988,3.3093,0,4,180,793,57,76
1234,926,2160,0.571296,0.911,3.554600e+04,1.464071e-02,0.2008,3.3096,0,8,61,792,57,76
1235,925,2160,0.571759,0.91,3.570682e+04,2.223282e-02,0.1943,3.3039,0,9,98,791,57,76
1236,924,2160,0.572222,0.91,3.587354e+04,1.402487e-02,0.1939,3.316,0,4,22,790,57,76
1237,923,2160,0.572685,0.909,3.610835e+04,1.373646e-02,0.2137,3.3138,0,6,193,789,57,76
1238,922,2160,0.573148,0.907,3.641271e+04,1.426223e-02,0.1905,3.306,0,6,160,788,57,76
1239,921,2160,0.573611,0.91,3.659587e+04,1.422138e-02,0.2001,3.3054,0,4,8,787,57,76
1240,920,2160,0.574074,0.907,3.687579e+04,2.982914e-02,0.192,3.301,0,7,40,786,57,76
1241,919,2160,0.574537,0.911,3.712737e+04,2.784283e-02,0.2017,3.2908,0,7,96,785,57,76
1242,918,2160,0.575,0.906,3.734681e+04,2.907685e-02,0.1949,3.3088,0,7,90,784,57,76
1243,917,2160,0.575463,0.907,3.756066e+04,1.517929e-02,0.2028,3.2973,0,8,65,783,57,76
1244,916,2160,0.575926,0.908,3.771491e+04,1.409912e-02,0.2054,3.2963,0,6,7,782,57,76
1245,915,2160,0.576389,0.908,3.800606e+04,1.433621e-02,0.1996,3.3086,0,6,141,781,57,76
1246,914,2160,0.576852,0.908,3.821188e+04,1.154847e-02,0.1926,3.3184,0,3,83,780,57,76
1247,913,2160,0.577315,0.909,3.847503e+04,1.456252e-02,0.1896,3.2897,0,4,17,779,57,76
1248,912,2160,0.577778,0.907,3.873215e+04,1.331504e-02,0.2054,3.3018,0,1,90,778,57,76
1249,911,2160,0.578241,0.908,3.878519e+04,1.394461e-02,0.2054,3.3086,0,0,83,777,57,76
1250,910,2160,0.578704,0.909,3.886085e+04,1.042599e-02,0.1881,3.3043,0,4,83,776,57,76
1251,909,2160,0.579167,0.911,3.872811e+04,1.494466e-02,0.1933,3.3011,0,8,107,775,57,76
1252,908,2160,0.57963,0.912,3.890687e+04,1.368577e-02,0.1987,3.3129,0,1,131,774,57,76
1253,907,2160,0.580093,0.913,3.896834e+04,2.293586e-02,0.1942,3.3169,0,9,137,773,57,76
1254,906,2160,0.580556,0.912,3.916508e+04,1.515005e-02,0.1969,3.2989,0,8,92,772,57,76
1255,905,2160,0.581019,0.911,3.937440e+04,1.514384e-02,0.1925,3.3134,0,6,66,771,57,76
1256,904,2160,0.581481,0.91,3.951509e+04,1.460868e-02,0.1962,3.296,0,4,168,770,57,76
1257,903,2160,0.581944,0.909,3.976180e+04,1.153218e-02,0.1857,3.3124,0,3,168,769,57,76
1258,902,2160,0.582407,0.909,3.998278e+04,1.511747e-02,0.1952,3.3153,0,8,166,768,57,76
1259,901,2160,0.58287,0.907,4.027881e+04,1.412966e-02,0.1947,3.3126,0,0,66,767,57,76
1260,900,2160,0.583333,0.907,4.043261e+04,1.352069e-02,0.1926,3.3127,0,1,183,766,57,76
1261,899,2160,0.583796,0.906,4.056917e+04,1.008807e-02,0.1911,3.3137,0,5,183,765,57,76
1262,898,2160,0.584259,0.906,4.051434e+04,1.280046e-02,0.1975,3.3249,0,0,183,764,57,76
1263,897,2160,0.584722,0.906,4.060613e+04,1.523683e-02,0.1963,3.3265,0,8,142,763,57,76
1264,896,2160,0.585185,0.905,4.087422e+04,1.247536e-02,0.2047,3.3197,0,5,32,762,57,76
1265,895,2160,0.585648,0.905,4.104906e+04,1.299437e-02,0.1897,3.304,0,5,163,761,57,76
1266,894,2160,0.586111,0.905,4.112282e+04,2.948015e-02,0.1877,3.3035,0,7,111,760,57,76
1267,893,2160,0.586574,0.904,4.137060e+04,1.285681e-02,0.1881,3.304,0,5,107,759,57,76
1268,892,2160,0.587037,0.906,4.139717e+04,1.289558e-02,0.1978,3.3107,0,1,43,758,57,76
1269,891,2160,0.5875,0.904,4.166956e+04,1.253828e-02,0.1862,3.3167,0,3,174,757,57,76
1270,890,2160,0.587963,0.905,4.184469e+04,1.233828e-02,0.1918,3.307,0,3,85,756,57,76
1271,889,2160,0.588426,0.905,4.207258e+04,1.636581e-02,0.1972,3.2992,0,8,175,755,57,76
1272,888,2160,0.588889,0.905,4.221382e+04,1.608416e-02,0.1836,3.2961,0,8,124,754,57,76
1273,887,2160,0.589352,0.906,4.234540e+04,1.087487e-02,0.1951,3.308,0,1,124,753,57,76
1274,886,2160,0.589815,0.905,4.220901e+04,2.439187e-02,0.1964,3.3108,0,9,160,752,57,76
1275,885,2160,0.590278,0.907,4.240364e+04,1.409993e-02,0.1869,3.3116,0,1,103,751,57,76
1276,884,2160,0.590741,0.909,4.252273e+04,1.458237e-02,0.1928,3.3046,0,0,131,750,57,76
1277,883,2160,0.591204,0.909,4.255660e+04,1.512167e-02,0.1958,3.3035,0,6,139,749,57,76
1278,882,2160,0.591667,0.91,4.285985e+04,2.412243e-02,0.2033,3.3047,0,9,103,748,57,76
1279,881,2160,0.59213,0.909,4.300874e+04,1.394290e-02,0.196,3.312,0,1,82,747,57,76
1280,880,2160,0.592593,0.907,4.308170e+04,1.552242e-02,0.1921,3.3151,0,6,101,746,57,76
1281,879,2160,0.593056,0.909,4.323687e+04,2.485534e-02,0.1914,3.3111,0,9,174,745,57,76
1282,878,2160,0.593519,0.908,4.338342e+04,1.244166e-02,0.1932,3.3144,0,5,101,744,57,76
1283,877,2160,0.593981,0.909,4.342343e+04,1.527233e-02,0.1873,3.3132,0,4,184,743,57,76
1284,876,2160,0.594444,0.908,4.369160e+04,1.602632e-02,0.1892,3.3064,0,8,15,742,57,76
1285,875,2160,0.594907,0.907,4.400812e+04,1.474812e-02,0.195,3.2941,0,6,15,741,57,76
1286,874,2160,0.59537,0.907,4.413656e+04,1.404336e-02,0.1924,3.3113,0,1,96,740,57,76
1287,873,2160,0.595833,0.908,4.421883e+04,1.674073e-02,0.1859,3.2968,0,8,176,739,57,76
1288,872,2160,0.596296,0.906,4.439728e+04,1.280217e-02,0.1893,3.3208,0,3,15,738,57,76
1289,871,2160,0.596759,0.908,4.454095e+04,1.641215e-02,0.1872,3.312,0,8,96,737,57,76
1290,870,2160,0.597222,0.907,4.470168e+04,3.067118e-02,0.1904,3.31,0,7,25,736,57,76
1291,869,2160,0.597685,0.906,4.506266e+04,3.135744e-02,0.1937,3.3023,0,7,62,735,57,76
1292,868,2160,0.598148,0.905,4.531971e+04,1.298218e-02,0.1895,3.291,0,5,82,734,57,76
1293,867,2160,0.598611,0.905,4.544029e+04,1.631044e-02,0.1883,3.3134,0,8,25,733,57,76
1294,866,2160,0.599074,0.904,4.577808e+04,1.356879e-02,0.1931,3.3195,0,1,24,732,57,76
1295,865,2160,0.599537,0.906,4.608323e+04,3.160575e-02,0.1825,3.3103,0,7,77,731,57,76
1296,864,2160,0.6,0.906,4.632906e+04,1.251643e-02,0.1969,3.3153,0,3,42,730,57,76
1297,863,2160,0.600463,0.906,4.671750e+04,1.607704e-02,0.1929,3.3111,0,4,104,729,57,76
1298,862,2160,0.600926,0.905,4.687510e+04,1.378228e-02,0.1899,3.3008,0,1,70,728,57,76
1299,861,2160,0.601389,0.906,4.721681e+04,1.689938e-02,0.1868,3.3104,0,8,185,727,57,76
1300,860,2160,0.601852,0.904,4.747289e+04,2.488055e-02,0.184,3.309,0,9,182,726,57,76
1301,859,2160,0.602315,0.906,4.785908e+04,2.517557e-02,0.1844,3.2992,0,9,178,725,57,76
1302,858,2160,0.602778,0.905,4.821265e+04,3.181224e-02,0.1868,3.3098,0,7,130,724,57,76
1303,857,2160,0.603241,0.906,4.847081e+04,3.314733e-02,0.1837,3.3087,0,7,159,723,57,76
1304,856,2160,0.603704,0.905,4.874967e+04,1.655677e-02,0.1878,3.3139,0,6,130,722,57,76
1305,855,2160,0.604167,0.905,4.895047e+04,1.584417e-02,0.1807,3.3087,0,0,178,721,57,76
1306,854,2160,0.60463,0.906,4.911389e+04,1.367854e-02,0.1811,3.3233,0,5,67,720,57,76
1307,853,2160,0.605093,0.906,4.915488e+04,1.288653e-02,0.1918,3.2946,0,3,130,719,57,76
1308,852,2160,0.605556,0.906,4.927837e+04,1.602552e-02,0.182,3.2918,0,6,195,718,57,76
1309,851,2160,0.606019,0.907,4.965187e+04,1.274986e-02,0.185,3.3051,0,5,195,717,57,76
1310,850,2160,0.606481,0.907,4.979531e+04,1.260712e-02,0.1887,3.3003,0,1,195,716,57,76
1311,849,2160,0.606944,0.907,4.979310e+04,1.644321e-02,0.1859,3.301,0,4,117,715,57,76
1312,848,2160,0.607407,0.907,4.992120e+04,1.418193e-02,0.1824,3.3164,0,1,193,714,57,76
1313,847,2160,0.60787,0.906,5.033130e+04,3.384775e-02,0.189,3.2964,0,7,108,713,57,76
1314,846,2160,0.608333,0.907,5.070359e+04,3.296525e-02,0.199,3.305,0,7,73,712,57,76
1315,845,2160,0.608796,0.906,5.098430e+04,1.390710e-02,0.1931,3.3117,0,5,176,711,57,76
1316,844,2160,0.609259,0.906,5.103267e+04,1.686817e-02,0.1889,3.3011,0,6,18,710,57,76
1317,843,2160,0.609722,0.906,5.125196e+04,2.670037e-02,0.1831,3.2973,0,9,51,709,57,76
1318,842,2160,0.610185,0.902,5.145916e+04,1.724021e-02,0.1958,3.3141,0,6,148,708,57,76
1319,841,2160,0.610648,0.903,5.165927e+04,1.639267e-02,0.1914,3.3145,0,4,75,707,57,76
1320,840,2160,0.611111,0.905,5.190550e+04,1.451466e-02,0.1803,3.3222,0,1,140,706,57,76
1321,839,2160,0.611574,0.907,5.226966e+04,3.495077e-02,0.1852,3.305,0,7,50,705,57,76
1322,838,2160,0.612037,0.905,5.256995e+04,3.352557e-02,0.1918,3.3055,0,7,119,704,57,76
1323,837,2160,0.6125,0.908,5.282737e+04,2.634442e-02,0.1952,3.3306,0,9,87,703,57,76
1324,836,2160,0.612963,0.907,5.303209e+04,1.295099e-02,0.1841,3.3203,0,3,56,702,57,76
1325,835,2160,0.613426,0.907,5.342375e+04,1.764276e-02,0.1899,3.2999,0,8,83,701,57,76
1326,834,2160,0.613889,0.907,5.389035e+04,1.752155e-02,0.1907,3.3218,0,8,19,700,57,76
1327,833,2160,0.614352,0.908,5.428905e+04,2.729646e-02,0.1813,3.2852,0,9,46,699,57,76
1328,832,2160,0.614815,0.905,5.457589e+04,2.662296e-02,0.1786,3.2998,0,9,134,698,57,76
1329,831,2160,0.615278,0.903,5.494060e+04,1.673680e-02,0.1827,3.3087,0,4,146,697,57,76
1330,830,2160,0.615741,0.904,5.522294e+04,1.448840e-02,0.1855,3.3081,0,5,191,696,57,76
1331,829,2160,0.616204,0.905,5.537852e+04,1.426862e-02,0.1771,3.3079,0,5,109,695,57,76
1332,828,2160,0.616667,0.906,5.554666e+04,2.728390e-02,0.1931,3.3137,0,9,109,694,57,76
1333,827,2160,0.61713,0.903,5.585594e+04,1.738907e-02,0.1847,3.3133,0,0,191,693,57,76
1334,826,2160,0.617593,0.905,5.595389e+04,1.681225e-02,0.1736,3.2976,0,4,164,692,57,76
1335,825,2160,0.618056,0.904,5.615657e+04,9.779138e-03,0.1818,3.2978,1,3,4,692,56,76
1336,824,2160,0.618519,0.904,5.602433e+04,1.794577e-02,0.1742,3.3219,0,8,157,691,56,76
1337,823,2160,0.618981,0.905,5.641167e+04,1.599954e-02,0.1755,3.3078,0,1,95,690,56,76
1338,822,2160,0.619444,0.904,5.651260e+04,3.374542e-02,0.1902,3.3165,0,7,95,689,56,76
1339,821,2160,0.619907,0.905,5.659462e+04,3.453716e-02,0.1805,3.3185,0,7,122,688,56,76
1340,820,2160,0.62037,0.904,5.698370e+04,1.329657e-02,0.19,3.3105,0,3,122,687,56,76
1341,819,2160,0.620833,0.905,5.717567e+04,1.705924e-02,0.1875,3.316,0,0,50,686,56,76
1342,818,2160,0.621296,0.905,5.719775e+04,1.154031e-02,0.1793,3.3218,2,7,1,686,56,75
1343,817,2160,0.621759,0.905,5.707259e+04,1.698029e-02,0.1837,3.3155,0,0,46,685,56,75
1344,816,2160,0.622222,0.904,5.725680e+04,1.730374e-02,0.1904,3.2978,0,4,176,684,56,75
1345,815,2160,0.622685,0.902,5.736640e+04,1.765268e-02,0.1897,3.2987,0,4,109,683,56,75
1346,814,2160,0.623148,0.904,5.734682e+04,1.850005e-02,0.1899,3.3122,0,8,23,682,56,75
1347,813,2160,0.623611,0.903,5.745762e+04,1.566903e-02,0.1881,3.298,0,1,87,681,56,75
1348,812,2160,0.624074,0.903,5.746237e+04,1.570262e-02,0.1721,3.2973,0,0,109,680,56,75
1349,811,2160,0.624537,0.903,5.761934e+04,1.365613e-02,0.1908,3.3171,0,3,176,679,56,75
1350,810,2160,0.625,0.902,5.797184e+04,1.481281e-02,0.1885,3.314,0,1,141,678,56,75
1351,809,2160,0.625463,0.903,5.831551e+04,1.771750e-02,0.1879,3.3032,0,4,91,677,56,75
1352,808,2160,0.625926,0.902,5.838680e+04,1.423109e-02,0.1858,3.3061,0,5,23,676,56,75
1353,807,2160,0.626389,0.903,5.830082e+04,1.773730e-02,0.1839,3.3164,0,6,52,675,56,75
1354,806,2160,0.626852,0.904,5.854760e+04,1.667542e-02,0.1781,3.33,0,0,26,674,56,75
1355,805,2160,0.627315,0.904,5.885862e+04,1.265826e-02,0.1785,3.2916,2,5,3,674,56,74
1356,804,2160,0.627778,0.904,5.875055e+04,1.748540e-02,0.1718,3.3054,0,6,3,673,56,74
1357,803,2160,0.628241,0.904,5.921562e+04,1.702191e-02,0.1861,3.3127,0,4,162,672,56,74
1358,802,2160,0.628704,0.9,5.940177e+04,1.613494e-02,0.1868,3.308,0,1,58,671,56,74
1359,801,2160,0.629167,0.902,5.949603e+04,1.685152e-02,0.1786,3.3174,0,0,41,670,56,74
1360,800,2160,0.62963,0.904,5.990353e+04,1.842697e-02,0.1808,3.3228,0,6,41,669,56,74
1361,799,2160,0.630093,0.904,6.015246e+04,1.688592e-02,0.1823,3.318,0,4,129,668,56,74
1362,798,2160,0.630556,0.904,6.050973e+04,3.623498e-02,0.1835,3.3144,0,7,103,667,56,74
1363,797,2160,0.631019,0.902,6.088037e+04,8.156447e-02,0.18,3.3224,1,1,7,667,55,74
1364,796,2160,0.631481,0.906,6.161340e+04,3.437371e-02,0.1852,3.3019,0,7,64,666,55,74
1365,795,2160,0.631944,0.905,6.173341e+04,1.829525e-02,0.1847,3.3123,0,8,80,665,55,74
1366,794,2160,0.632407,0.902,6.176045e+04,1.711814e-02,0.1769,3.3152,0,4,58,664,55,74
1367,793,2160,0.63287,0.902,6.181305e+04,1.890136e-02,0.1713,3.3086,0,6,177,663,55,74
1368,792,2160,0.633333,0.903,6.200634e+04,1.747332e-02,0.1739,3.3189,0,4,158,662,55,74
1369,791,2160,0.633796,0.903,6.224116e+04,1.732546e-02,0.165,3.3052,0,0,137,661,55,74
1370,790,2160,0.634259,0.903,6.240620e+04,1.399106e-02,0.1702,3.304,0,3,177,660,55,74
1371,789,2160,0.634722,0.905,6.259730e+04,1.791730e-02,0.1662,3.3155,0,6,129,659,55,74
1372,788,2160,0.635185,0.904,6.303983e+04,1.399691e-02,0.1748,3.3045,0,3,119,658,55,74
1373,787,2160,0.635648,0.906,6.321534e+04,1.736342e-02,0.169,3.3048,0,4,46,657,55,74
1374,786,2160,0.636111,0.904,6.351725e+04,3.817424e-02,0.1711,3.294,0,7,46,656,55,74
1375,785,2160,0.636574,0.905,6.346348e+04,1.128703e-02,0.1651,3.3102,0,3,46,655,55,74
1376,784,2160,0.637037,0.904,6.359834e+04,1.374813e-02,0.1637,3.3164,0,3,64,654,55,74
1377,783,2160,0.6375,0.905,6.380221e+04,1.593369e-02,0.1691,3.2978,0,4,64,653,55,74
1378,782,2160,0.637963,0.905,6.396982e+04,1.737196e-02,0.1662,3.3024,0,4,106,652,55,74
1379,781,2160,0.638426,0.902,6.408121e+04,1.418670e-02,0.168,3.3237,0,3,63,651,55,74
1380,780,2160,0.638889,0.903,6.421860e+04,1.750890e-02,0.1645,3.3084,0,4,81,650,55,74
1381,779,2160,0.639352,0.901,6.430399e+04,1.830137e-02,0.1662,3.2887,0,6,152,649,55,74
1382,778,2160,0.639815,0.902,6.448619e+04,1.802389e-02,0.1692,3.2984,0,0,54,648,55,74
1383,777,2160,0.640278,0.901,6.449419e+04,1.830992e-02,0.1742,3.2914,0,0,51,647,55,74
1384,776,2160,0.640741,0.901,6.458188e+04,1.807112e-02,0.1678,3.3015,0,6,189,646,55,74
1385,775,2160,0.641204,0.903,6.493965e+04,1.860024e-02,0.1724,3.3077,0,6,163,645,55,74
1386,774,2160,0.641667,0.899,6.513492e+04,1.781867e-02,0.1736,3.309,0,4,135,644,55,74
1387,773,2160,0.64213,0.895,6.520417e+04,1.832164e-02,0.1775,3.3126,0,0,190,643,55,74
1388,772,2160,0.642593,0.894,6.530287e+04,1.461005e-02,0.1625,3.3151,0,5,20,642,55,74
1389,771,2160,0.643056,0.894,6.536437e+04,1.488139e-02,0.1669,3.3266,0,3,133,641,55,74
1390,770,2160,0.643519,0.895,6.556207e+04,1.636340e-02,0.1718,3.3214,0,6,133,640,55,74
1391,769,2160,0.643981,0.893,6.545142e+04,1.454639e-02,0.1644,3.3214,0,3,175,639,55,74
1392,768,2160,0.644444,0.894,6.566114e+04,1.910610e-02,0.1668,3.3096,0,8,74,638,55,74
1393,767,2160,0.644907,0.893,6.596822e+04,1.823249e-02,0.1619,3.3016,0,0,30,637,55,74
1394,766,2160,0.64537,0.89,6.625043e+04,1.833017e-02,0.1653,3.3205,0,6,61,636,55,74
1395,765,2160,0.645833,0.893,6.663861e+04,1.497711e-02,0.1619,3.3087,0,3,62,635,55,74
1396,764,2160,0.646296,0.89,6.688260e+04,1.859619e-02,0.1617,3.3125,0,0,188,634,55,74
1397,763,2160,0.646759,0.892,6.698850e+04,2.718467e-02,0.1656,3.3053,0,9,102,633,55,74
1398,762,2160,0.647222,0.889,6.718242e+04,1.810142e-02,0.1714,3.3033,0,6,24,632,55,74
1399,761,2160,0.647685,0.893,6.764550e+04,1.524822e-02,0.1692,3.321,0,3,39,631,55,74
1400,760,2160,0.648148,0.892,6.781370e+04,1.897420e-02,0.1652,3.3074,0,6,94,630,55,74
1401,759,2160,0.648611,0.89,6.794996e+04,1.968756e-02,0.1701,3.3176,0,8,33,629,55,74
1402,758,2160,0.649074,0.889,6.814763e+04,1.858178e-02,0.168,3.3141,0,0,79,628,55,74
1403,757,2160,0.649537,0.89,6.836585e+04,1.791873e-02,0.1626,3.3014,0,0,99,627,55,74
1404,756,2160,0.65,0.889,6.886922e+04,1.482965e-02,0.1664,3.2988,0,5,62,626,55,74
1405,755,2160,0.650463,0.887,6.890799e+04,1.899510e-02,0.1709,3.3181,0,4,127,625,55,74
1406,754,2160,0.650926,0.891,6.910216e+04,1.501053e-02,0.1666,3.3192,0,5,39,624,55,74
1407,753,2160,0.651389,0.89,6.903157e+04,1.849272e-02,0.1645,3.3065,0,0,127,623,55,74
1408,752,2160,0.651852,0.892,6.922680e+04,1.476597e-02,0.1678,3.3001,0,3,172,622,55,74
1409,751,2160,0.652315,0.892,6.942248e+04,1.811411e-02,0.1689,3.3232,0,0,192,621,55,74
1410,750,2160,0.652778,0.895,6.995661e+04,1.989121e-02,0.161,3.3219,0,8,131,620,55,74
1411,749,2160,0.653241,0.896,7.031656e+04,1.860971e-02,0.1696,3.3018,0,4,24,619,55,74
1412,748,2160,0.653704,0.898,7.072326e+04,2.972472e-02,0.1679,3.298,0,9,20,618,55,74
1413,747,2160,0.654167,0.896,7.089136e+04,1.835800e-02,0.1605,3.3104,0,4,20,617,55,74
1414,746,2160,0.65463,0.893,7.080530e+04,2.018201e-02,0.1596,3.3042,0,0,49,616,55,74
1415,745,2160,0.655093,0.891,7.101873e+04,2.114779e-02,0.1688,3.3083,2,4,8,616,55,73
1416,744,2160,0.655556,0.891,7.094321e+04,2.059096e-02,0.1681,3.317,0,8,36,615,55,73
1417,743,2160,0.656019,0.891,7.138600e+04,2.100508e-02,0.1643,3.3033,0,8,13,614,55,73
1418,742,2160,0.656481,0.89,7.174792e+04,1.639156e-02,0.1671,3.3036,0,1,13,613,55,73
1419,741,2160,0.656944,0.891,7.187115e+04,1.907075e-02,0.1615,3.2965,0,4,160,612,55,73
1420,740,2160,0.657407,0.889,7.218125e+04,1.918391e-02,0.1657,3.3097,0,4,125,611,55,73
1421,739,2160,0.65787,0.892,7.285291e+04,2.033530e-02,0.1648,3.3076,0,8,44,610,55,73
1422,738,2160,0.658333,0.892,7.341125e+04,1.627974e-02,0.1701,3.3097,0,1,26,609,55,73
1423,737,2160,0.658796,0.89,7.407996e+04,1.988671e-02,0.169,3.3046,0,0,0,608,55,73
1424,736,2160,0.659259,0.89,7.453034e+04,1.908482e-02,0.1684,3.3156,0,4,0,607,55,73
1425,735,2160,0.659722,0.891,7.457015e+04,1.723213e-02,0.1601,3.3258,2,5,8,607,55,72
1426,734,2160,0.660185,0.89,7.458267e+04,1.958875e-02,0.1691,3.3024,0,4,115,606,55,72
1427,733,2160,0.660648,0.89,7.480303e+04,2.119449e-02,0.1653,3.3205,0,8,51,605,55,72
1428,732,2160,0.661111,0.887,7.511753e+04,4.356856e-02,0.1686,3.3111,0,7,134,604,55,72
1429,731,2160,0.661574,0.891,7.563311e+04,4.021456e-02,0.1667,3.3164,0,7,78,603,55,72
1430,730,2160,0.662037,0.892,7.596040e+04,2.084507e-02,0.1607,3.3079,0,8,171,602,55,72
1431,729,2160,0.6625,0.891,7.623015e+04,2.068761e-02,0.1646,3.2995,0,0,150,601,55,72
1432,728,2160,0.662963,0.891,7.651287e+04,1.549174e-02,0.158,3.3074,0,5,51,600,55,72
1433,727,2160,0.663426,0.892,7.636411e+04,1.391874e-02,0.1653,3.3048,0,3,51,599,55,72
1434,726,2160,0.663889,0.891,7.678584e+04,1.915463e-02,0.1722,3.3134,0,4,98,598,55,72
1435,725,2160,0.664352,0.89,7.731915e+04,1.471221e-02,0.1635,3.32,0,3,98,597,55,72
1436,724,2160,0.664815,0.892,7.786112e+04,1.598906e-02,0.1651,3.2923,0,3,67,596,55,72
1437,723,2160,0.665278,0.89,7.820064e+04,4.313535e-02,0.1656,3.3011,0,7,53,595,55,72
1438,722,2160,0.665741,0.892,7.875752e+04,4.162150e-02,0.1676,3.3118,0,7,91,594,55,72
1439,721,2160,0.666204,0.891,7.906341e+04,2.113394e-02,0.166,3.3059,0,6,36,593,55,72
1440,720,2160,0.666667,0.891,7.941135e+04,1.716932e-02,0.1637,3.3134,0,3,138,592,55,72
1441,719,2160,0.66713,0.889,7.961528e+04,2.076898e-02,0.1702,3.3182,0,4,159,591,55,72
1442,718,2160,0.667593,0.888,7.972600e+04,2.046359e-02,0.1668,3.3157,0,4,77,590,55,72
1443,717,2160,0.668056,0.892,7.995277e+04,2.182978e-02,0.1646,3.3149,0,8,66,589,55,72
1444,716,2160,0.668519,0.888,8.025642e+04,2.057527e-02,0.1683,3.3114,0,8,2,588,55,72
1445,715,2160,0.668981,0.885,8.091969e+04,2.173334e-02,0.1598,3.3011,0,8,79,587,55,72
1446,714,2160,0.669444,0.884,8.131898e+04,1.843254e-02,0.1613,3.2985,0,1,121,586,55,72
1447,713,2160,0.669907,0.885,8.154065e+04,1.594588e-02,0.1624,3.3139,0,5,94,585,55,72
1448,712,2160,0.67037,0.888,8.167866e+04,4.649076e-02,0.1653,3.3142,0,7,121,584,55,72
1449,711,2160,0.670833,0.888,8.197407e+04,4.509378e-02,0.1681,3.3056,0,7,94,583,55,72
1450,710,2160,0.671296,0.886,8.231127e+04,4.634210e-02,0.1689,3.3161,0,7,49,582,55,72
1451,709,2160,0.671759,0.882,8.272824e+04,1.842342e-02,0.1697,3.2963,0,1,60,581,55,72
1452,708,2160,0.672222,0.885,8.297948e+04,2.103774e-02,0.1607,3.3195,0,8,60,580,55,72
1453,707,2160,0.672685,0.884,8.288365e+04,2.175534e-02,0.1582,3.288,0,6,149,579,55,72
1454,706,2160,0.673148,0.883,8.318419e+04,2.061628e-02,0.173,3.3106,0,0,117,578,55,72
1455,705,2160,0.673611,0.88,8.332462e+04,1.637613e-02,0.1738,3.3151,0,3,47,577,55,72
1456,704,2160,0.674074,0.88,8.367021e+04,1.649043e-02,0.1609,3.2986,0,3,65,576,55,72
1457,703,2160,0.674537,0.879,8.386472e+04,1.541528e-02,0.1649,3.2836,0,5,121,575,55,72
1458,702,2160,0.675,0.878,8.402583e+04,1.727262e-02,0.1722,3.3138,0,1,66,574,55,72
1459,701,2160,0.675463,0.88,8.435314e+04,2.021452e-02,0.1675,3.3021,0,6,60,573,55,72
1460,700,2160,0.675926,0.883,8.484637e+04,1.554723e-02,0.1662,3.3155,0,5,174,572,55,72
1461,699,2160,0.676389,0.884,8.502917e+04,1.566681e-02,0.165,3.3201,0,5,57,571,55,72
1462,698,2160,0.676852,0.883,8.517388e+04,1.856813e-02,0.164,3.3137,0,4,57,570,55,72
1463,697,2160,0.677315,0.884,8.527282e+04,2.305129e-02,0.1607,3.3154,0,8,57,569,55,72
1464,696,2160,0.677778,0.88,8.522509e+04,1.699086e-02,0.1661,3.3123,0,3,102,568,55,72
1465,695,2160,0.678241,0.879,8.537630e+04,1.657740e-02,0.1554,3.3096,0,5,149,567,55,72
1466,694,2160,0.678704,0.879,8.533764e+04,4.447809e-02,0.158,3.3082,0,7,65,566,55,72
1467,693,2160,0.679167,0.878,8.568440e+04,2.194158e-02,0.1642,3.3097,0,6,102,565,55,72
1468,692,2160,0.67963,0.88,8.600412e+04,2.148173e-02,0.1706,3.3165,0,6,135,564,55,72
1469,691,2160,0.680093,0.878,8.625627e+04,2.143814e-02,0.1668,3.3055,0,4,4,563,55,72
1470,690,2160,0.680556,0.883,8.665934e+04,2.000085e-02,0.1628,3.3042,0,0,4,562,55,72
1471,689,2160,0.681019,0.879,8.665769e+04,2.009377e-02,0.1613,3.311,0,0,65,561,55,72
1472,688,2160,0.681481,0.879,8.681120e+04,6.549376e-03,0.1585,3.3254,1,4,5,561,54,72
1473,687,2160,0.681944,0.882,8.663826e+04,2.976931e-02,0.165,3.3141,0,9,34,560,54,72
1474,686,2160,0.682407,0.882,8.703486e+04,2.956765e-02,0.1631,3.3153,0,9,161,559,54,72
1475,685,2160,0.68287,0.878,8.734355e+04,4.621865e-02,0.1571,3.321,0,7,107,558,54,72
1476,684,2160,0.683333,0.875,8.791496e+04,1.950923e-02,0.1664,3.307,0,6,107,557,54,72
1477,683,2160,0.683796,0.874,8.795866e+04,2.090356e-02,0.1685,3.297,0,6,65,556,54,72
1478,682,2160,0.684259,0.875,8.862714e+04,2.114841e-02,0.159,3.3211,0,4,50,555,54,72
1479,681,2160,0.684722,0.874,8.906240e+04,2.959816e-02,0.16,3.3089,0,9,163,554,54,72
1480,680,2160,0.685185,0.877,8.946196e+04,2.934615e-02,0.1698,3.2898,0,9,79,553,54,72
1481,679,2160,0.685648,0.875,8.973345e+04,4.829114e-02,0.154,3.3081,0,7,63,552,54,72
1482,678,2160,0.686111,0.872,9.031630e+04,1.027277e-01,0.1607,3.2858,1,9,7,552,53,72
1483,677,2160,0.686574,0.873,9.088822e+04,5.658640e-02,0.1628,3.3188,0,7,79,551,53,72
1484,676,2160,0.687037,0.867,9.115799e+04,5.375806e-02,0.1562,3.3136,0,7,89,550,53,72
1485,675,2160,0.6875,0.862,9.161123e+04,5.295458e-02,0.1665,3.3075,0,7,80,549,53,72
1486,674,2160,0.687963,0.858,9.197711e+04,1.588937e-02,0.168,3.309,0,3,6,548,53,72
1487,673,2160,0.688426,0.859,9.240512e+04,1.719907e-02,0.1674,3.315,0,1,7,547,53,72
1488,672,2160,0.688889,0.861,9.300473e+04,1.393552e-02,0.1662,3.311,0,5,6,546,53,72
1489,671,2160,0.689352,0.861,9.353894e+04,2.084419e-02,0.1668,3.2996,0,4,161,545,53,72
1490,670,2160,0.689815,0.86,9.373141e+04,2.159735e-02,0.1651,3.3048,0,4,120,544,53,72
1491,669,2160,0.690278,0.861,9.387608e+04,2.102988e-02,0.1649,3.3012,0,4,48,543,53,72
1492,668,2160,0.690741,0.857,9.417887e+04,2.084693e-02,0.1667,3.311,0,0,68,542,53,72
1493,667,2160,0.691204,0.858,9.426381e+04,2.906968e-02,0.1598,3.3058,0,9,187,541,53,72
1494,666,2160,0.691667,0.86,9.458667e+04,2.904426e-02,0.1633,3.3147,0,9,105,540,53,72
1495,665,2160,0.69213,0.861,9.482073e+04,1.999106e-02,0.1615,3.3002,0,8,105,539,53,72
1496,664,2160,0.692593,0.861,9.499118e+04,2.023793e-02,0.1547,3.3092,0,0,121,538,53,72
1497,663,2160,0.693056,0.865,9.521417e+04,1.606383e-02,0.1617,3.2974,0,5,72,537,53,72
1498,662,2160,0.693519,0.862,9.520133e+04,1.865175e-02,0.1645,3.3048,0,1,40,536,53,72
1499,661,2160,0.693981,0.864,9.528985e+04,2.279701e-02,0.1644,3.304,0,8,62,535,53,72
1500,660,2160,0.694444,0.862,9.564856e+04,1.730464e-02,0.1595,3.3051,0,3,146,534,53,72
1501,659,2160,0.694907,0.862,9.585313e+04,1.743039e-02,0.1584,3.3061,0,1,10,533,53,72
1502,658,2160,0.69537,0.865,9.651718e+04,1.881494e-02,0.1564,3.3131,0,1,68,532,53,72
1503,657,2160,0.695833,0.866,9.657958e+04,1.510223e-02,0.1575,3.3175,0,5,71,531,53,72
1504,656,2160,0.696296,0.865,9.724142e+04,2.286063e-02,0.156,3.3092,0,8,49,530,53,72
1505,655,2160,0.696759,0.866,9.752220e+04,2.266812e-02,0.162,3.3084,0,8,170,529,53,72
1506,654,2160,0.697222,0.868,9.802542e+04,2.280714e-02,0.1561,3.3196,0,8,102,528,53,72
1507,653,2160,0.697685,0.865,9.860875e+04,2.091269e-02,0.1625,3.3109,0,0,111,527,53,72
1508,652,2160,0.698148,0.86,9.942572e+04,1.467522e-02,0.1561,3.3176,0,5,11,526,53,72
1509,651,2160,0.698611,0.865,1.002368e+05,2.231012e-02,0.1574,3.3084,0,6,154,525,53,72
1510,650,2160,0.699074,0.865,1.011573e+05,2.299852e-02,0.162,3.2975,0,4,170,524,53,72
1511,649,2160,0.699537,0.866,1.016971e+05,3.212759e-02,0.1599,3.3031,0,9,119,523,53,72
1512,648,2160,0.7,0.867,1.022987e+05,1.897784e-02,0.1522,3.3028,0,1,61,522,53,72
1513,647,2160,0.700463,0.873,1.029314e+05,1.702297e-02,0.1572,3.2931,0,3,32,521,53,72
1514,646,2160,0.700926,0.871,1.036117e+05,2.129454e-02,0.1614,3.3155,0,0,140,520,53,72
1515,645,2160,0.701389,0.872,1.044393e+05,2.267746e-02,0.1646,3.3032,0,6,58,519,53,72
1516,644,2160,0.701852,0.871,1.050963e+05,2.220781e-02,0.1649,3.307,0,6,93,518,53,72
1517,643,2160,0.702315,0.87,1.057735e+05,2.243001e-02,0.1739,3.3127,0,0,32,517,53,72
1518,642,2160,0.702778,0.87,1.061663e+05,1.959785e-02,0.1603,3.321,0,4,32,516,53,72
1519,641,2160,0.703241,0.868,1.060059e+05,1.032729e-02,0.1641,3.31,1,8,4,516,52,72
1520,640,2160,0.703704,0.868,1.059389e+05,1.786372e-02,0.1626,3.3169,0,3,19,515,52,72
1521,639,2160,0.704167,0.868,1.063114e+05,2.295313e-02,0.1604,3.3148,0,6,55,514,52,72
1522,638,2160,0.70463,0.87,1.071077e+05,2.335813e-02,0.1697,3.299,0,6,156,513,52,72
1523,637,2160,0.705093,0.871,1.074926e+05,1.502138e-02,0.165,3.3045,0,5,19,512,52,72
1524,636,2160,0.705556,0.87,1.081211e+05,2.346885e-02,0.1646,3.309,0,4,14,511,52,72
1525,635,2160,0.706019,0.873,1.086535e+05,2.148318e-02,0.1603,3.3118,0,0,14,510,52,72
1526,634,2160,0.706481,0.873,1.086893e+05,2.321514e-02,0.1542,3.2962,0,4,118,509,52,72
1527,633,2160,0.706944,0.872,1.090054e+05,1.875562e-02,0.1653,3.3207,0,1,167,508,52,72
1528,632,2160,0.707407,0.872,1.098663e+05,2.001146e-02,0.1589,3.2982,0,1,172,507,52,72
1529,631,2160,0.70787,0.873,1.100439e+05,4.908672e-02,0.1571,3.3246,1,1,6,507,51,72
1530,630,2160,0.708333,0.868,1.106892e+05,2.452239e-02,0.1591,3.3201,0,6,115,506,51,72
1531,629,2160,0.708796,0.867,1.107214e+05,1.793541e-02,0.161,3.2834,0,3,52,505,51,72
1532,628,2160,0.709259,0.871,1.111292e+05,1.842053e-02,0.1647,3.2978,0,5,105,504,51,72
1533,627,2160,0.709722,0.868,1.110496e+05,1.701957e-02,0.1621,3.3087,0,3,28,503,51,72
1534,626,2160,0.710185,0.867,1.118234e+05,2.357469e-02,0.1644,3.0074,0,0,143,502,51,72
1535,625,2160,0.710648,0.868,1.122150e+05,2.424447e-02,0.153,3.308,0,4,28,501,51,72
1536,624,2160,0.711111,0.877,1.124887e+05,2.133276e-02,0.1586,3.3264,0,0,28,500,51,72
1537,623,2160,0.711574,0.876,1.124105e+05,2.302771e-02,0.1547,3.3162,0,0,67,499,51,72
1538,622,2160,0.712037,0.876,1.128238e+05,2.322574e-02,0.1635,3.313,0,8,172,498,51,72
1539,621,2160,0.7125,0.873,1.132815e+05,2.220030e-02,0.1591,3.3042,0,6,172,497,51,72
1540,620,2160,0.712963,0.874,1.134838e+05,2.388840e-02,0.1661,3.2984,0,0,173,496,51,72
1541,619,2160,0.713426,0.872,1.137278e+05,1.430435e-02,0.155,3.302,0,5,173,495,51,72
1542,618,2160,0.713889,0.872,1.135678e+05,2.357491e-02,0.1483,3.2998,0,0,113,494,51,72
1543,617,2160,0.714352,0.871,1.140005e+05,1.661648e-02,0.1529,3.2993,0,4,113,493,51,72
1544,616,2160,0.714815,0.866,1.138108e+05,2.333683e-02,0.1565,3.3066,0,4,45,492,51,72
1545,615,2160,0.715278,0.872,1.144697e+05,1.489797e-02,0.1621,3.3006,0,5,45,491,51,72
1546,614,2160,0.715741,0.868,1.149278e+05,1.324437e-02,0.1574,3.3142,1,3,5,491,50,72
1547,613,2160,0.716204,0.866,1.148482e+05,2.379103e-02,0.1633,3.2997,0,6,48,490,50,72
1548,612,2160,0.716667,0.868,1.153301e+05,1.953406e-02,0.1467,3.3081,0,1,119,489,50,72
1549,611,2160,0.71713,0.868,1.160334e+05,3.308914e-02,0.1583,3.2901,2,7,3,489,50,71
1550,610,2160,0.717593,0.868,1.158300e+05,1.707398e-02,0.1585,3.2946,0,3,66,488,50,71
1551,609,2160,0.718056,0.87,1.167507e+05,1.803322e-02,0.1451,3.3072,0,5,189,487,50,71
1552,608,2160,0.718519,0.868,1.170428e+05,2.386759e-02,0.1597,3.2918,0,4,189,486,50,71
1553,607,2160,0.718981,0.872,1.176193e+05,2.428383e-02,0.1555,3.3006,0,0,155,485,50,71
1554,606,2160,0.719444,0.873,1.183091e+05,2.350487e-02,0.1543,3.3046,0,4,130,484,50,71
1555,605,2160,0.719907,0.87,1.187816e+05,1.887229e-02,0.1613,3.3126,0,5,151,483,50,71
1556,604,2160,0.72037,0.87,1.188433e+05,2.038374e-02,0.1571,3.2985,0,1,62,482,50,71
1557,603,2160,0.720833,0.873,1.194277e+05,1.884744e-02,0.1559,3.3199,0,5,188,481,50,71
1558,602,2160,0.721296,0.873,1.195820e+05,1.819406e-02,0.1469,3.3113,0,5,155,480,50,71
1559,601,2160,0.721759,0.87,1.195340e+05,1.062888e-02,0.1419,3.2939,0,1,155,479,50,71
1560,600,2160,0.722222,0.872,1.192172e+05,3.529241e-02,0.1469,3.2996,2,1,3,479,50,70
1561,599,2160,0.722685,0.872,1.191677e+05,2.346598e-02,0.1598,3.304,0,8,29,478,50,70
1562,598,2160,0.723148,0.872,1.200519e+05,2.167721e-02,0.1444,3.3199,0,6,29,477,50,70
1563,597,2160,0.723611,0.872,1.203647e+05,2.378873e-02,0.1616,3.3029,0,4,169,476,50,70
1564,596,2160,0.724074,0.872,1.214747e+05,1.797532e-02,0.1445,3.2981,0,3,59,475,50,70
1565,595,2160,0.724537,0.872,1.222044e+05,2.432211e-02,0.1487,3.3071,0,0,186,474,50,70
1566,594,2160,0.725,0.874,1.232686e+05,2.618818e-02,0.1474,3.3064,0,6,108,473,50,70
1567,593,2160,0.725463,0.871,1.237580e+05,2.146266e-02,0.147,3.2953,0,1,37,472,50,70
1568,592,2160,0.725926,0.87,1.242291e+05,1.911634e-02,0.1586,3.3082,1,8,0,472,49,70
1569,591,2160,0.726389,0.87,1.242044e+05,3.458943e-02,0.1482,3.3002,0,9,33,471,49,70
1570,590,2160,0.726852,0.871,1.248267e+05,1.728211e-02,0.1397,3.2927,0,1,33,470,49,70
1571,589,2160,0.727315,0.873,1.251194e+05,2.395519e-02,0.1378,3.3047,0,8,151,469,49,70
1572,588,2160,0.727778,0.872,1.254843e+05,2.593861e-02,0.1485,3.3298,0,6,95,468,49,70
1573,587,2160,0.728241,0.873,1.258815e+05,3.304531e-02,0.1485,3.3024,1,2,8,468,48,70
1574,586,2160,0.728704,0.872,1.260180e+05,2.030974e-02,0.1426,3.2869,0,1,194,467,48,70
1575,585,2160,0.729167,0.87,1.270418e+05,1.677797e-02,0.1572,3.3103,0,5,184,466,48,70
1576,584,2160,0.72963,0.873,1.281294e+05,2.548415e-02,0.1588,3.2909,0,0,159,465,48,70
1577,583,2160,0.730093,0.87,1.287734e+05,1.912348e-02,0.1469,3.3111,0,5,40,464,48,70
1578,582,2160,0.730556,0.87,1.293322e+05,2.227302e-02,0.1499,3.3003,0,1,144,463,48,70
1579,581,2160,0.731019,0.869,1.295372e+05,1.831761e-02,0.1487,3.2964,0,3,40,462,48,70
1580,580,2160,0.731481,0.869,1.294935e+05,6.133028e-02,0.1501,3.3205,0,7,145,461,48,70
1581,579,2160,0.731944,0.864,1.307214e+05,1.799705e-02,0.1503,3.3021,0,5,16,460,48,70
1582,578,2160,0.732407,0.868,1.316497e+05,1.877579e-02,0.1423,3.3154,0,5,75,459,48,70
1583,577,2160,0.73287,0.869,1.322782e+05,2.537856e-02,0.151,3.31,0,4,174,458,48,70
1584,576,2160,0.733333,0.869,1.330413e+05,2.111450e-02,0.1515,3.3063,0,1,53,457,48,70
1585,575,2160,0.733796,0.87,1.339060e+05,1.990148e-02,0.1428,3.2971,0,5,47,456,48,70
1586,574,2160,0.734259,0.869,1.341027e+05,3.479715e-02,0.1407,3.2906,0,9,74,455,48,70
1587,573,2160,0.734722,0.869,1.346855e+05,2.532507e-02,0.139,3.3075,0,8,159,454,48,70
1588,572,2160,0.735185,0.87,1.348414e+05,2.643635e-02,0.1357,3.3115,0,0,74,453,48,70
1589,571,2160,0.735648,0.867,1.353753e+05,2.155383e-02,0.1422,3.3081,0,1,159,452,48,70
1590,570,2160,0.736111,0.87,1.351291e+05,1.725388e-02,0.1476,3.2948,0,3,74,451,48,70
1591,569,2160,0.736574,0.867,1.359519e+05,2.525197e-02,0.1426,3.308,0,0,133,450,48,70
1592,568,2160,0.737037,0.866,1.370068e+05,2.492024e-02,0.1388,3.3147,0,8,136,449,48,70
1593,567,2160,0.7375,0.866,1.376710e+05,3.572746e-02,0.1478,3.2993,0,9,120,448,48,70
1594,566,2160,0.737963,0.865,1.383993e+05,2.484889e-02,0.1539,3.2904,0,4,191,447,48,70
1595,565,2160,0.738426,0.871,1.395167e+05,2.475048e-02,0.141,3.3036,0,8,31,446,48,70
1596,564,2160,0.738889,0.864,1.402294e+05,1.800977e-02,0.1446,3.2848,0,3,111,445,48,70
1597,563,2160,0.739352,0.864,1.415029e+05,2.014537e-02,0.1381,3.3122,0,3,23,444,48,70
1598,562,2160,0.739815,0.865,1.420798e+05,2.306915e-02,0.1351,3.3149,0,1,118,443,48,70
1599,561,2160,0.740278,0.866,1.422825e+05,2.684517e-02,0.1421,3.31,0,6,162,442,48,70
1600,560,2160,0.740741,0.867,1.426618e+05,2.826883e-02,0.147,3.3109,0,0,175,441,48,70
1601,559,2160,0.741204,0.867,1.430561e+05,2.649588e-02,0.1396,3.3079,0,0,162,440,48,70
1602,558,2160,0.741667,0.872,1.437386e+05,2.734253e-02,0.1433,3.3072,0,0,142,439,48,70
1603,557,2160,0.74213,0.872,1.440758e+05,2.251092e-02,0.146,3.3203,0,1,81,438,48,70
1604,556,2160,0.742593,0.867,1.450237e+05,2.758655e-02,0.1451,3.3001,0,0,187,437,48,70
1605,555,2160,0.743056,0.87,1.459461e+05,2.794673e-02,0.1517,3.3059,0,0,23,436,48,70
1606,554,2160,0.743519,0.869,1.462485e+05,2.247218e-02,0.1458,3.3011,0,1,176,435,48,70
1607,553,2160,0.743981,0.87,1.471301e+05,2.570088e-02,0.1476,3.3047,0,4,23,434,48,70
1608,552,2160,0.744444,0.873,1.477150e+05,6.170077e-02,0.1488,3.3239,0,7,105,433,48,70
1609,551,2160,0.744907,0.867,1.490986e+05,2.218347e-02,0.148,3.3044,0,1,133,432,48,70
1610,550,2160,0.74537,0.863,1.502564e+05,2.230889e-02,0.1443,3.2963,0,1,93,431,48,70
1611,549,2160,0.745833,0.864,1.514209e+05,3.712346e-02,0.1434,3.3095,2,2,3,431,48,69
1612,548,2160,0.746296,0.862,1.513440e+05,2.238994e-02,0.1405,3.3114,0,1,147,430,48,69
1613,547,2160,0.746759,0.859,1.522664e+05,2.894409e-02,0.1458,3.3198,0,0,165,429,48,69
1614,546,2160,0.747222,0.858,1.525790e+05,2.642431e-02,0.1456,3.3066,0,4,51,428,48,69
1615,545,2160,0.747685,0.859,1.537090e+05,2.644786e-02,0.1471,3.2942,0,6,26,427,48,69
1616,544,2160,0.748148,0.857,1.549210e+05,1.378538e-02,0.141,3.3174,2,1,6,427,48,68
1617,543,2160,0.748611,0.857,1.546934e+05,1.878368e-02,0.1488,3.3053,0,3,192,426,48,68
1618,542,2160,0.749074,0.854,1.560374e+05,2.539992e-02,0.1386,3.3076,0,4,131,425,48,68
1619,541,2160,0.749537,0.852,1.565285e+05,2.572664e-02,0.1389,3.2958,0,4,165,424,48,68
1620,540,2160,0.75,0.848,1.571647e+05,2.731247e-02,0.1479,3.295,0,6,131,423,48,68
1621,539,2160,0.750463,0.85,1.576486e+05,2.048577e-02,0.1443,3.292,0,3,33,422,48,68
1622,538,2160,0.750926,0.849,1.586665e+05,1.905845e-02,0.136,3.309,0,3,70,421,48,68
1623,537,2160,0.751389,0.85,1.598331e+05,2.157425e-02,0.1431,3.3009,0,5,156,420,48,68
1624,536,2160,0.751852,0.851,1.600772e+05,2.673416e-02,0.1363,3.3002,0,0,56,419,48,68
1625,535,2160,0.752315,0.852,1.613094e+05,3.799006e-02,0.1467,3.2928,0,9,61,418,48,68
1626,534,2160,0.752778,0.854,1.621507e+05,3.833507e-02,0.1513,3.2922,0,9,135,417,48,68
1627,533,2160,0.753241,0.853,1.628720e+05,2.684018e-02,0.1456,3.2935,0,0,135,416,48,68
1628,532,2160,0.753704,0.851,1.634280e+05,2.381676e-02,0.1419,3.3028,0,1,190,415,48,68
1629,531,2160,0.754167,0.849,1.638375e+05,2.769178e-02,0.1395,3.319,0,4,61,414,48,68
1630,530,2160,0.75463,0.847,1.640040e+05,2.673161e-02,0.1417,3.3282,0,8,127,413,48,68
1631,529,2160,0.755093,0.847,1.646380e+05,2.716147e-02,0.1525,3.3039,0,6,125,412,48,68
1632,528,2160,0.755556,0.852,1.659505e+05,2.471551e-02,0.1427,3.2993,0,1,146,411,48,68
1633,527,2160,0.756019,0.845,1.665218e+05,2.076039e-02,0.1395,3.3009,0,5,170,410,48,68
1634,526,2160,0.756481,0.843,1.674366e+05,2.901512e-02,0.1359,3.2981,0,6,116,409,48,68
1635,525,2160,0.756944,0.847,1.680228e+05,2.723261e-02,0.1376,3.2834,0,4,166,408,48,68
1636,524,2160,0.757407,0.845,1.688220e+05,2.092222e-02,0.1317,3.3013,0,0,166,407,48,68
1637,523,2160,0.75787,0.846,1.686247e+05,2.706566e-02,0.1385,3.3108,0,4,132,406,48,68
1638,522,2160,0.758333,0.844,1.695140e+05,2.318432e-02,0.1355,3.2944,0,1,132,405,48,68
1639,521,2160,0.758796,0.841,1.702279e+05,2.803087e-02,0.1396,3.3071,0,4,103,404,48,68
1640,520,2160,0.759259,0.836,1.706897e+05,2.231058e-02,0.1356,3.3248,0,3,73,403,48,68
1641,519,2160,0.759722,0.835,1.710026e+05,2.707931e-02,0.131,3.3013,0,8,130,402,48,68
1642,518,2160,0.760185,0.839,1.718704e+05,2.753652e-02,0.1348,3.3118,0,8,94,401,48,68
1643,517,2160,0.760648,0.837,1.725524e+05,4.614685e-02,0.1298,3.3083,2,7,2,401,48,67
1644,516,2160,0.761111,0.846,1.730283e+05,1.535594e-02,0.1374,3.3067,1,9,4,401,47,67
1645,515,2160,0.761574,0.844,1.725396e+05,3.269541e-02,0.1444,3.2944,2,7,8,401,47,66
1646,514,2160,0.762037,0.843,1.724204e+05,2.258224e-02,0.1369,3.2957,0,1,80,400,47,66
1647,513,2160,0.7625,0.844,1.734325e+05,2.511756e-02,0.1412,3.3017,0,1,137,399,47,66
1648,512,2160,0.762963,0.841,1.736426e+05,2.952460e-02,0.1296,3.3129,0,6,85,398,47,66
1649,511,2160,0.763426,0.845,1.750959e+05,2.019182e-02,0.1294,3.3013,1,6,4,398,46,66
1650,510,2160,0.763889,0.844,1.750570e+05,2.426996e-02,0.1235,3.3065,0,1,148,397,46,66
1651,509,2160,0.764352,0.837,1.757535e+05,2.263244e-02,0.1338,3.3009,0,3,17,396,46,66
1652,508,2160,0.764815,0.835,1.767111e+05,1.219628e-02,0.1227,3.3024,0,5,17,395,46,66
1653,507,2160,0.765278,0.839,1.768051e+05,2.481550e-02,0.1277,3.3015,0,1,128,394,46,66
1654,506,2160,0.765741,0.84,1.772202e+05,2.179214e-02,0.1252,3.3121,0,5,58,393,46,66
1655,505,2160,0.766204,0.838,1.779052e+05,8.317148e-02,0.1282,3.3108,1,4,7,393,45,66
1656,504,2160,0.766667,0.842,1.784932e+05,7.699895e-02,0.1349,3.3019,0,7,76,392,45,66
1657,503,2160,0.76713,0.828,1.805040e+05,7.317193e-02,0.1361,3.3025,0,7,81,391,45,66
1658,502,2160,0.767593,0.835,1.810650e+05,2.938491e-02,0.1291,3.3131,0,0,103,390,45,66
1659,501,2160,0.768056,0.83,1.820167e+05,2.917556e-02,0.1239,3.3229,0,0,128,389,45,66
1660,500,2160,0.768519,0.832,1.828982e+05,3.044119e-02,0.1225,3.3094,0,6,82,388,45,66
1661,499,2160,0.768981,0.832,1.834807e+05,2.769871e-02,0.1327,3.2914,0,8,120,387,45,66
1662,498,2160,0.769444,0.835,1.837600e+05,2.527960e-02,0.1307,3.3111,0,8,98,386,45,66
1663,497,2160,0.769907,0.834,1.852353e+05,2.694431e-02,0.1287,3.3204,0,8,143,385,45,66
1664,496,2160,0.77037,0.838,1.859569e+05,2.987028e-02,0.1295,3.3174,0,0,96,384,45,66
1665,495,2160,0.770833,0.837,1.869026e+05,2.661954e-02,0.1257,3.3045,0,4,7,383,45,66
1666,494,2160,0.771296,0.831,1.884269e+05,2.113834e-02,0.1282,3.3043,0,5,102,382,45,66
1667,493,2160,0.771759,0.825,1.894731e+05,3.169160e-02,0.1256,3.3154,0,6,143,381,45,66
1668,492,2160,0.772222,0.822,1.900230e+05,2.818914e-02,0.1254,3.3007,0,4,96,380,45,66
1669,491,2160,0.772685,0.822,1.902795e+05,2.019015e-02,0.1341,3.2957,0,5,96,379,45,66
1670,490,2160,0.773148,0.823,1.912656e+05,2.164420e-02,0.1193,3.2956,0,3,127,378,45,66
1671,489,2160,0.773611,0.82,1.931435e+05,3.061625e-02,0.1268,3.3125,0,6,12,377,45,66
1672,488,2160,0.774074,0.823,1.950307e+05,3.092132e-02,0.1187,3.3103,0,0,161,376,45,66
1673,487,2160,0.774537,0.823,1.961563e+05,3.977645e-02,0.1191,3.3063,0,9,62,375,45,66
1674,486,2160,0.775,0.83,1.976524e+05,4.140148e-02,0.1198,3.3035,0,9,122,374,45,66
1675,485,2160,0.775463,0.833,1.987628e+05,3.217709e-02,0.1307,3.311,0,6,120,373,45,66
1676,484,2160,0.775926,0.832,1.998274e+05,2.513599e-02,0.1274,3.2945,0,1,39,372,45,66
1677,483,2160,0.776389,0.831,2.009234e+05,2.774033e-02,0.1269,3.3092,0,8,122,371,45,66
1678,482,2160,0.776852,0.833,2.021247e+05,2.661216e-02,0.1295,3.3092,0,1,38,370,45,66
1679,481,2160,0.777315,0.832,2.024235e+05,4.057750e-02,0.1253,3.2977,0,9,117,369,45,66
1680,480,2160,0.777778,0.833,2.031099e+05,3.272002e-02,0.1187,3.3064,0,6,179,368,45,66
1681,479,2160,0.778241,0.838,2.048187e+05,2.972097e-02,0.1248,3.2956,0,8,54,367,45,66
1682,478,2160,0.778704,0.838,2.051174e+05,2.518256e-02,0.1203,3.3018,0,3,115,366,45,66
1683,477,2160,0.779167,0.838,2.057013e+05,3.385578e-02,0.1164,3.3031,0,0,149,365,45,66
1684,476,2160,0.77963,0.838,2.072415e+05,3.414501e-02,0.1245,3.3112,0,6,89,364,45,66
1685,475,2160,0.780093,0.843,2.085810e+05,3.405943e-02,0.1194,3.3018,0,0,106,363,45,66
1686,474,2160,0.780556,0.844,2.095344e+05,3.036668e-02,0.1168,3.3117,0,4,179,362,45,66
1687,473,2160,0.781019,0.844,2.112740e+05,3.356786e-02,0.1247,3.3026,0,6,187,361,45,66
1688,472,2160,0.781481,0.849,2.131868e+05,2.839312e-02,0.1255,3.3154,0,1,106,360,45,66
1689,471,2160,0.781944,0.849,2.125830e+05,2.742333e-02,0.1245,3.2981,2,0,3,360,45,65
1690,470,2160,0.782407,0.847,2.124038e+05,3.012898e-02,0.1167,3.2935,0,8,115,359,45,65
1691,469,2160,0.78287,0.846,2.128001e+05,2.880363e-02,0.1195,3.2885,0,8,77,358,45,65
1692,468,2160,0.783333,0.846,2.135342e+05,3.466996e-02,0.124,3.3089,0,0,82,357,45,65
1693,467,2160,0.783796,0.848,2.144405e+05,3.494981e-02,0.1245,3.2928,0,0,92,356,45,65
1694,466,2160,0.784259,0.847,2.158719e+05,2.498660e-02,0.1185,3.2964,0,1,191,355,45,65
1695,465,2160,0.784722,0.845,2.178033e+05,3.148741e-02,0.1145,3.3007,0,4,188,354,45,65
1696,464,2160,0.785185,0.848,2.198172e+05,2.335234e-02,0.1196,3.3197,0,3,43,353,45,65
1697,463,2160,0.785648,0.846,2.220543e+05,2.873518e-02,0.1186,2.3459,0,8,32,352,45,65
1698,462,2160,0.786111,0.838,2.244793e+05,3.465200e-02,0.1258,3.3223,0,0,145,351,45,65
1699,461,2160,0.786574,0.837,2.260695e+05,2.596231e-02,0.1265,3.3102,0,3,22,350,45,65
1700,460,2160,0.787037,0.834,2.274783e+05,2.469040e-02,0.1192,3.3143,0,8,22,349,45,65
1701,459,2160,0.7875,0.838,2.277951e+05,3.508329e-02,0.1185,3.3074,0,6,78,348,45,65
1702,458,2160,0.787963,0.842,2.288291e+05,2.631327e-02,0.1189,3.3013,0,1,185,347,45,65
1703,457,2160,0.788426,0.834,2.308543e+05,2.847626e-02,0.1246,3.3168,0,1,78,346,45,65
1704,456,2160,0.788889,0.845,2.309997e+05,2.725319e-02,0.1252,3.3012,0,3,131,345,45,65
1705,455,2160,0.789352,0.848,2.322809e+05,4.456546e-02,0.1155,3.3019,0,9,130,344,45,65
1706,454,2160,0.789815,0.846,2.335938e+05,1.737125e-02,0.1162,3.3016,0,5,130,343,45,65
1707,453,2160,0.790278,0.846,2.342534e+05,2.255164e-02,0.1158,2.8923,0,5,139,342,45,65
1708,452,2160,0.790741,0.852,2.368621e+05,3.486366e-02,0.1278,3.3101,0,6,64,341,45,65
1709,451,2160,0.791204,0.855,2.391724e+05,2.670117e-02,0.1176,3.3042,0,3,31,340,45,65
1710,450,2160,0.791667,0.857,2.404823e+05,2.307444e-02,0.1166,3.3143,0,5,97,339,45,65
1711,449,2160,0.79213,0.852,2.430258e+05,3.206727e-02,0.1178,3.3101,0,4,66,338,45,65
1712,448,2160,0.792593,0.851,2.456566e+05,3.058178e-02,0.1097,3.3279,0,8,46,337,45,65
1713,447,2160,0.793056,0.852,2.483178e+05,3.151725e-02,0.1219,3.3036,0,8,162,336,45,65
1714,446,2160,0.793519,0.849,2.494673e+05,2.565418e-02,0.1183,3.321,0,5,3,335,45,65
1715,445,2160,0.793981,0.852,2.505286e+05,1.545406e-02,0.1117,3.3131,0,1,3,334,45,65
1716,444,2160,0.794444,0.851,2.504071e+05,3.521663e-02,0.1187,3.3088,0,6,23,333,45,65
1717,443,2160,0.794907,0.848,2.530389e+05,3.804456e-02,0.114,3.3231,0,0,63,332,45,65
1718,442,2160,0.79537,0.848,2.545945e+05,3.771122e-02,0.1164,3.307,0,6,77,331,45,65
1719,441,2160,0.795833,0.848,2.555510e+05,3.916738e-02,0.113,3.2938,0,0,105,330,45,65
1720,440,2160,0.796296,0.849,2.563645e+05,3.385257e-02,0.1162,3.3083,0,4,67,329,45,65
1721,439,2160,0.796759,0.846,2.570490e+05,3.625868e-02,0.104,3.3048,0,6,175,328,45,65
1722,438,2160,0.797222,0.846,2.589383e+05,3.597716e-02,0.1198,3.3101,0,6,117,327,45,65
1723,437,2160,0.797685,0.844,2.597737e+05,3.364985e-02,0.1113,3.3097,0,4,156,326,45,65
1724,436,2160,0.798148,0.84,2.613313e+05,3.423373e-02,0.1006,3.3147,0,4,147,325,45,65
1725,435,2160,0.798611,0.836,2.626813e+05,8.611536e-02,0.1145,3.3,0,7,146,324,45,65
1726,434,2160,0.799074,0.831,2.644565e+05,2.069195e-01,0.107,3.3102,1,6,7,324,44,65
1727,433,2160,0.799537,0.831,2.639870e+05,1.253760e-02,0.1121,3.3031,2,0,6,324,44,64
1728,432,2160,0.8,0.83,2.637154e+05,3.664927e-02,0.1077,3.3115,0,0,163,323,44,64
1729,431,2160,0.800463,0.829,2.655302e+05,3.640082e-02,0.1015,3.2964,0,0,177,322,44,64
1730,430,2160,0.800926,0.831,2.673246e+05,3.504256e-02,0.1061,3.3176,1,8,8,322,43,64
1731,429,2160,0.801389,0.835,2.673281e+05,3.298163e-02,0.1143,3.3042,0,4,173,321,43,64
1732,428,2160,0.801852,0.837,2.685097e+05,7.780386e-02,0.1039,3.3052,1,6,9,321,42,64
1733,427,2160,0.802315,0.835,2.694137e+05,3.115636e-02,0.1033,3.3149,0,1,161,320,42,64
1734,426,2160,0.802778,0.833,2.693432e+05,2.217891e-02,0.0948,3.3069,0,5,161,319,42,64
1735,425,2160,0.803241,0.832,2.695537e+05,3.591674e-02,0.0996,3.3094,0,6,121,318,42,64
1736,424,2160,0.803704,0.837,2.714193e+05,2.943367e-02,0.1012,3.3028,2,2,9,318,42,63
1737,423,2160,0.804167,0.836,2.713134e+05,3.778544e-02,0.1013,3.3023,0,0,95,317,42,63
1738,422,2160,0.80463,0.831,2.719017e+05,3.315537e-02,0.1091,3.3107,0,8,88,316,42,63
1739,421,2160,0.805093,0.832,2.732186e+05,5.326052e-02,0.1064,3.2799,0,9,88,315,42,63
1740,420,2160,0.805556,0.83,2.734731e+05,3.417701e-02,0.1009,3.3137,0,8,64,314,42,63
1741,419,2160,0.806019,0.833,2.739014e+05,3.472162e-02,0.1057,3.3104,0,4,100,313,42,63
1742,418,2160,0.806481,0.834,2.758196e+05,3.012951e-02,0.0988,3.3068,0,8,100,312,42,63
1743,417,2160,0.806944,0.831,2.759668e+05,3.779644e-02,0.0891,3.3153,0,0,123,311,42,63
1744,416,2160,0.807407,0.83,2.783755e+05,2.287984e-02,0.0985,3.3121,0,3,123,310,42,63
1745,415,2160,0.80787,0.829,2.799317e+05,2.557789e-02,0.0895,3.3009,0,5,79,309,42,63
1746,414,2160,0.808333,0.819,2.811926e+05,3.863985e-02,0.0991,3.3077,0,6,39,308,42,63
1747,413,2160,0.808796,0.82,2.829010e+05,3.170326e-02,0.1101,3.3169,0,8,71,307,42,63
1748,412,2160,0.809259,0.817,2.857511e+05,5.183488e-02,0.091,3.3145,0,9,58,306,42,63
1749,411,2160,0.809722,0.812,2.878321e+05,8.038554e-02,0.0952,3.3096,1,1,9,306,41,63
1750,410,2160,0.810185,0.8,2.896450e+05,5.322256e-02,0.1,3.3136,0,9,59,305,41,63
1751,409,2160,0.810648,0.794,2.909899e+05,1.927401e-02,0.1166,3.3106,0,5,59,304,41,63
1752,408,2160,0.811111,0.792,2.916148e+05,3.646740e-02,0.093,3.3081,0,0,122,303,41,63
1753,407,2160,0.811574,0.793,2.944742e+05,5.631019e-02,0.0951,3.311,0,9,121,302,41,63
1754,406,2160,0.812037,0.794,2.947915e+05,3.425192e-02,0.0957,3.3006,0,4,121,301,41,63
1755,405,2160,0.8125,0.801,2.948802e+05,3.547163e-02,0.0912,3.3172,0,4,65,300,41,63
1756,404,2160,0.812963,0.797,2.979587e+05,2.740350e-02,0.0908,3.3022,0,5,178,299,41,63
1757,403,2160,0.813426,0.8,2.994779e+05,2.144791e-02,0.0969,3.3184,0,1,178,298,41,63
1758,402,2160,0.813889,0.791,2.998966e+05,6.888395e-02,0.1049,3.3102,1,6,6,298,40,63
1759,401,2160,0.814352,0.78,3.013858e+05,4.107155e-02,0.0951,3.2885,0,6,174,297,40,63
1760,400,2160,0.814815,0.78,3.037801e+05,4.134272e-02,0.0979,3.3059,0,6,119,296,40,63
1761,399,2160,0.815278,0.778,3.054195e+05,3.332156e-02,0.097,3.294,0,1,73,295,40,63
1762,398,2160,0.815741,0.773,3.060368e+05,1.957515e-02,0.1069,3.2978,0,8,73,294,40,63
1763,397,2160,0.816204,0.776,3.052777e+05,2.750545e-02,0.0998,3.3133,0,5,34,293,40,63
1764,396,2160,0.816667,0.777,3.059962e+05,3.188293e-02,0.0986,3.317,0,8,45,292,40,63
1765,395,2160,0.81713,0.775,3.089757e+05,3.062493e-02,0.102,3.3064,0,3,20,291,40,63
1766,394,2160,0.817593,0.777,3.097605e+05,3.121690e-02,0.0936,3.3,0,3,117,290,40,63
1767,393,2160,0.818056,0.778,3.107422e+05,3.804993e-02,0.095,3.3213,0,4,89,289,40,63
1768,392,2160,0.818519,0.766,3.110148e+05,5.238892e-02,0.0929,3.3184,0,9,24,288,40,63
1769,391,2160,0.818981,0.775,3.137707e+05,3.146942e-02,0.0898,3.3129,0,3,161,287,40,63
1770,390,2160,0.819444,0.773,3.156297e+05,3.668877e-02,0.0979,3.3066,0,8,21,286,40,63
1771,389,2160,0.819907,0.765,3.158357e+05,2.726164e-02,0.0932,3.2993,0,1,21,285,40,63
1772,388,2160,0.82037,0.769,3.160383e+05,2.973055e-02,0.0891,3.3087,0,3,107,284,40,63
1773,387,2160,0.820833,0.767,3.174869e+05,3.616648e-02,0.0949,3.3121,0,8,174,283,40,63
1774,386,2160,0.821296,0.762,3.184866e+05,2.975115e-02,0.1038,3.3189,0,5,159,282,40,63
1775,385,2160,0.821759,0.755,3.200861e+05,2.904180e-02,0.1021,3.3121,0,3,159,281,40,63
1776,384,2160,0.822222,0.76,3.223435e+05,5.244508e-02,0.112,3.3091,0,9,90,280,40,63
1777,383,2160,0.822685,0.763,3.234969e+05,2.644527e-02,0.0954,3.3156,0,5,15,279,40,63
1778,382,2160,0.823148,0.761,3.268030e+05,2.961527e-02,0.1066,3.3031,0,5,78,278,40,63
1779,381,2160,0.823611,0.763,3.278834e+05,3.125660e-02,0.1131,3.312,0,3,48,277,40,63
1780,380,2160,0.824074,0.76,3.290341e+05,2.968553e-02,0.0909,3.3096,0,5,35,276,40,63
1781,379,2160,0.824537,0.754,3.299305e+05,4.200164e-02,0.1057,3.3182,0,6,67,275,40,63
1782,378,2160,0.825,0.751,3.321042e+05,3.389228e-02,0.0978,3.3063,0,1,20,274,40,63
1783,377,2160,0.825463,0.747,3.329144e+05,2.310403e-02,0.0992,3.2991,0,8,20,273,40,63
1784,376,2160,0.825926,0.743,3.328818e+05,3.134239e-02,0.0936,3.3145,0,3,158,272,40,63
1785,375,2160,0.826389,0.736,3.345571e+05,2.547904e-02,0.0947,3.3142,0,5,158,271,40,63
1786,374,2160,0.826852,0.732,3.367379e+05,3.137639e-02,0.1091,3.2934,0,3,38,270,40,63
1787,373,2160,0.827315,0.723,3.385669e+05,4.426340e-02,0.0969,3.3062,1,6,8,270,39,63
1788,372,2160,0.827778,0.723,3.384702e+05,3.070026e-02,0.0961,3.2991,0,3,160,269,39,63
1789,371,2160,0.828241,0.711,3.392860e+05,4.048907e-02,0.0956,3.3093,0,6,173,268,39,63
1790,370,2160,0.828704,0.708,3.408207e+05,3.332017e-02,0.1127,3.3059,0,3,50,267,39,63
1791,369,2160,0.829167,0.708,3.408252e+05,3.754255e-02,0.0917,3.2952,0,6,50,266,39,63
1792,368,2160,0.82963,0.707,3.411205e+05,4.969203e-02,0.0929,3.3036,0,9,52,265,39,63
1793,367,2160,0.830093,0.701,3.415143e+05,2.060075e-02,0.0992,3.3089,0,4,52,264,39,63
1794,366,2160,0.830556,0.699,3.411508e+05,3.072639e-02,0.0979,3.3078,0,3,108,263,39,63
1795,365,2160,0.831019,0.7,3.423659e+05,4.442222e-02,0.0959,3.3056,0,6,86,262,39,63
1796,364,2160,0.831481,0.698,3.431198e+05,3.024242e-02,0.0945,3.3118,0,1,187,261,39,63
1797,363,2160,0.831944,0.695,3.459813e+05,3.387466e-02,0.1115,3.3136,0,4,93,260,39,63
1798,362,2160,0.832407,0.691,3.490223e+05,2.891145e-02,0.1064,3.3039,0,5,48,259,39,63
1799,361,2160,0.83287,0.689,3.510787e+05,3.199460e-02,0.0984,3.3082,0,3,37,258,39,63
1800,360,2160,0.833333,0.69,3.532418e+05,3.477810e-02,0.096,3.3133,0,8,37,257,39,63
1801,359,2160,0.833796,0.69,3.552807e+05,2.764180e-02,0.0982,3.309,0,5,50,256,39,63
1802,358,2160,0.834259,0.69,3.571532e+05,3.295374e-02,0.0976,3.2959,0,3,54,255,39,63
1803,357,2160,0.834722,0.691,3.575546e+05,3.610256e-02,0.0918,3.3159,2,8,9,255,39,62
1804,356,2160,0.835185,0.696,3.578436e+05,6.731413e-02,0.0948,3.3099,2,9,3,255,39,61
1805,355,2160,0.835648,0.704,3.578648e+05,3.388795e-02,0.0945,3.304,0,0,53,254,39,61
1806,354,2160,0.836111,0.702,3.596735e+05,3.545022e-02,0.0979,3.2952,2,3,3,254,39,60
1807,353,2160,0.836574,0.703,3.593991e+05,3.015929e-02,0.0911,3.3106,0,4,53,253,39,60
1808,352,2160,0.837037,0.708,3.614428e+05,3.615938e-02,0.091,3.3016,0,4,124,252,39,60
1809,351,2160,0.8375,0.709,3.627969e+05,1.663547e-02,0.0973,3.3087,0,5,124,251,39,60
1810,350,2160,0.837963,0.709,3.626796e+05,2.863846e-02,0.1019,3.3091,0,3,124,250,39,60
1811,349,2160,0.838426,0.706,3.637373e+05,3.041439e-02,0.0954,3.3175,0,3,78,249,39,60
1812,348,2160,0.838889,0.703,3.653825e+05,3.883993e-02,0.0929,3.3217,0,8,177,248,39,60
1813,347,2160,0.839352,0.708,3.668914e+05,3.134808e-02,0.0996,3.3031,0,1,145,247,39,60
1814,346,2160,0.839815,0.697,3.696044e+05,4.015034e-02,0.0949,3.2945,0,4,47,246,39,60
1815,345,2160,0.840278,0.692,3.707810e+05,3.836828e-02,0.0981,3.3064,0,9,47,245,39,60
1816,344,2160,0.840741,0.689,3.698698e+05,3.874866e-02,0.09,3.2951,0,8,34,244,39,60
1817,343,2160,0.841204,0.694,3.715870e+05,2.665776e-02,0.087,3.3047,0,1,34,243,39,60
1818,342,2160,0.841667,0.694,3.721571e+05,8.698028e-02,0.088,3.3064,1,2,9,243,38,60
1819,341,2160,0.84213,0.698,3.735520e+05,3.375570e-02,0.0889,3.3101,0,5,150,242,38,60
1820,340,2160,0.842593,0.695,3.745152e+05,4.195646e-02,0.0919,3.3123,0,4,171,241,38,60
1821,339,2160,0.843056,0.697,3.750834e+05,2.845049e-02,0.0987,3.2895,0,5,171,240,38,60
1822,338,2160,0.843519,0.694,3.757802e+05,3.092583e-02,0.1002,3.2958,0,3,100,239,38,60
1823,337,2160,0.843981,0.697,3.789081e+05,3.062666e-02,0.0899,3.2968,0,1,57,238,38,60
1824,336,2160,0.844444,0.699,3.821292e+05,3.779544e-02,0.0908,3.3032,0,4,95,237,38,60
1825,335,2160,0.844907,0.697,3.830376e+05,3.145857e-02,0.0917,3.3024,0,1,186,236,38,60
1826,334,2160,0.84537,0.698,3.865610e+05,6.740800e-02,0.0974,3.302,2,8,2,236,38,59
1827,333,2160,0.845833,0.702,3.883965e+05,4.157532e-02,0.0985,3.299,0,8,87,235,38,59
1828,332,2160,0.846296,0.699,3.890560e+05,4.936543e-02,0.1009,3.2923,0,6,144,234,38,59
1829,331,2160,0.846759,0.694,3.909431e+05,4.240806e-02,0.0974,3.3133,0,8,109,233,38,59
1830,330,2160,0.847222,0.69,3.934203e+05,3.661388e-02,0.0975,3.3033,0,5,90,232,38,59
1831,329,2160,0.847685,0.687,3.937264e+05,5.025253e-02,0.0846,3.2952,0,6,103,231,38,59
1832,328,2160,0.848148,0.687,3.946762e+05,2.997869e-02,0.1015,3.3018,0,3,103,230,38,59
1833,327,2160,0.848611,0.691,3.943604e+05,3.583479e-02,0.0883,3.2959,0,5,136,229,38,59
1834,326,2160,0.849074,0.686,3.956031e+05,3.649722e-02,0.0906,3.3032,0,0,147,228,38,59
1835,325,2160,0.849537,0.675,3.981064e+05,3.923811e-02,0.0857,3.3051,0,6,147,227,38,59
1836,324,2160,0.85,0.668,3.987614e+05,3.433043e-02,0.0902,3.2935,0,0,136,226,38,59
1837,323,2160,0.850463,0.671,4.006410e+05,3.418717e-02,0.1005,3.3055,0,5,49,225,38,59
1838,322,2160,0.850926,0.667,4.021397e+05,5.032180e-02,0.0916,3.3014,0,6,90,224,38,59
1839,321,2160,0.851389,0.666,4.031679e+05,4.165088e-02,0.0936,3.2939,0,4,82,223,38,59
1840,320,2160,0.851852,0.664,4.048841e+05,3.834688e-02,0.0928,3.3052,0,4,110,222,38,59
1841,319,2160,0.852315,0.658,4.080285e+05,4.745976e-02,0.0951,3.3054,0,6,110,221,38,59
1842,318,2160,0.852778,0.654,4.107241e+05,4.818919e-02,0.0994,3.3069,0,6,49,220,38,59
1843,317,2160,0.853241,0.649,4.120163e+05,3.844043e-02,0.0829,3.3327,0,3,49,219,38,59
1844,316,2160,0.853704,0.652,4.119282e+05,3.321660e-02,0.096,3.3157,0,3,136,218,38,59
1845,315,2160,0.854167,0.651,4.155411e+05,5.316161e-02,0.0881,3.3102,0,9,136,217,38,59
1846,314,2160,0.85463,0.645,4.182307e+05,3.426519e-02,0.0891,3.2927,0,3,101,216,38,59
1847,313,2160,0.855093,0.646,4.212065e+05,3.052085e-02,0.0908,3.3098,1,4,8,216,37,59
1848,312,2160,0.855556,0.643,4.209981e+05,4.584193e-02,0.0931,3.3031,0,8,104,215,37,59
1849,311,2160,0.856019,0.648,4.225979e+05,3.349855e-02,0.0952,3.3062,0,1,51,214,37,59
1850,310,2160,0.856481,0.642,4.270686e+05,4.564336e-02,0.0924,3.3066,2,4,9,214,37,58
1851,309,2160,0.856944,0.63,4.277831e+05,5.094270e-02,0.0943,3.3148,0,6,19,213,37,58
1852,308,2160,0.857407,0.623,4.321155e+05,4.325190e-02,0.092,3.3009,0,8,38,212,37,58
1853,307,2160,0.85787,0.624,4.366387e+05,3.243444e-02,0.0866,3.3145,0,5,92,211,37,58
1854,306,2160,0.858333,0.631,4.407096e+05,3.251432e-02,0.0848,3.3129,0,5,129,210,37,58
1855,305,2160,0.858796,0.629,4.454505e+05,3.165057e-02,0.0908,3.3118,0,5,30,209,37,58
1856,304,2160,0.859259,0.626,4.501076e+05,3.775547e-02,0.0931,3.3157,0,5,160,208,37,58
1857,303,2160,0.859722,0.621,4.522804e+05,4.190045e-02,0.0922,3.3018,0,0,76,207,37,58
1858,302,2160,0.860185,0.627,4.541778e+05,3.452451e-02,0.1039,3.3081,2,6,4,207,37,57
1859,301,2160,0.860648,0.627,4.538440e+05,5.292357e-02,0.1025,3.3123,0,6,74,206,37,57
1860,300,2160,0.861111,0.622,4.583936e+05,5.453147e-02,0.0852,3.3087,0,6,138,205,37,57
1861,299,2160,0.861574,0.613,4.611702e+05,4.106745e-02,0.0892,3.3192,0,1,86,204,37,57
1862,298,2160,0.862037,0.614,4.624013e+05,4.144195e-02,0.0856,3.2921,0,0,134,203,37,57
1863,297,2160,0.8625,0.613,4.639340e+05,4.016524e-02,0.0929,3.2969,0,1,156,202,37,57
1864,296,2160,0.862963,0.612,4.656548e+05,4.919239e-02,0.0836,3.2987,0,8,117,201,37,57
1865,295,2160,0.863426,0.612,4.674501e+05,3.534588e-02,0.0883,3.3073,2,7,4,201,37,56
1866,294,2160,0.863889,0.607,4.672738e+05,3.768153e-02,0.1015,3.3131,0,3,77,200,37,56
1867,293,2160,0.864352,0.615,4.702092e+05,3.576664e-02,0.0893,3.3089,0,5,18,199,37,56
1868,292,2160,0.864815,0.613,4.736474e+05,3.316151e-02,0.0947,3.3021,0,3,18,198,37,56
1869,291,2160,0.865278,0.605,4.767338e+05,3.983497e-02,0.0866,3.2992,0,3,134,197,37,56
1870,290,2160,0.865741,0.608,4.805169e+05,3.044502e-02,0.0965,3.3068,0,5,134,196,37,56
1871,289,2160,0.866204,0.601,4.841078e+05,4.099921e-02,0.0897,3.3061,0,3,162,195,37,56
1872,288,2160,0.866667,0.604,4.882837e+05,5.487999e-02,0.0906,3.3046,0,6,40,194,37,56
1873,287,2160,0.86713,0.598,4.933735e+05,5.753823e-02,0.0873,3.3012,0,6,137,193,37,56
1874,286,2160,0.867593,0.593,4.941204e+05,3.324111e-02,0.0844,3.3117,0,5,162,192,37,56
1875,285,2160,0.868056,0.595,4.985102e+05,3.601503e-02,0.0881,3.3158,0,5,135,191,37,56
1876,284,2160,0.868519,0.585,5.027298e+05,2.702187e-02,0.0893,0.5209,0,3,135,190,37,56
1877,283,2160,0.868981,0.587,5.050968e+05,4.132986e-02,0.0845,3.3091,0,3,165,189,37,56
1878,282,2160,0.869444,0.582,5.097897e+05,4.127698e-02,0.0905,3.3151,0,3,164,188,37,56
1879,281,2160,0.869907,0.573,5.142236e+05,3.279109e-02,0.0915,3.2959,0,5,164,187,37,56
1880,280,2160,0.87037,0.576,5.187028e+05,5.582821e-02,0.0845,3.2916,0,6,146,186,37,56
1881,279,2160,0.870833,0.567,5.229381e+05,5.924273e-02,0.0848,3.2894,0,6,75,185,37,56
1882,278,2160,0.871296,0.568,5.263026e+05,1.743289e-02,0.0846,3.2864,1,7,1,185,36,56
1883,277,2160,0.871759,0.561,5.260534e+05,1.062966e-01,0.0901,3.2995,2,8,3,185,36,55
1884,276,2160,0.872222,0.563,5.274190e+05,5.359256e-02,0.0859,3.3058,0,8,128,184,36,55
1885,275,2160,0.872685,0.568,5.309906e+05,5.824568e-02,0.0899,3.3073,0,6,113,183,36,55
1886,274,2160,0.873148,0.565,5.361831e+05,6.039818e-02,0.0894,3.2988,0,6,54,182,36,55
1887,273,2160,0.873611,0.56,5.389765e+05,3.815993e-02,0.0902,3.313,0,5,44,181,36,55
1888,272,2160,0.874074,0.553,5.444256e+05,4.855767e-02,0.0936,3.3187,0,3,114,180,36,55
1889,271,2160,0.874537,0.554,5.453898e+05,3.884747e-02,0.0894,3.3151,0,5,31,179,36,55
1890,270,2160,0.875,0.551,5.506341e+05,5.272292e-02,0.0897,3.3027,0,8,161,178,36,55
1891,269,2160,0.875463,0.53,5.567114e+05,5.757140e-02,0.0886,3.3163,0,6,63,177,36,55
1892,268,2160,0.875926,0.529,5.618384e+05,4.132282e-02,0.0859,3.3073,0,3,157,176,36,55
1893,267,2160,0.876389,0.521,5.675234e+05,5.500472e-02,0.0911,3.3055,2,4,1,176,36,54
1894,266,2160,0.876852,0.529,5.678759e+05,4.282079e-02,0.094,3.301,0,3,76,175,36,54
1895,265,2160,0.877315,0.53,5.725188e+05,4.819402e-02,0.0882,3.306,0,5,114,174,36,54
1896,264,2160,0.877778,0.531,5.736743e+05,4.295421e-02,0.0839,3.3008,0,4,175,173,36,54
1897,263,2160,0.878241,0.532,5.787803e+05,5.483322e-02,0.09,3.3134,0,8,150,172,36,54
1898,262,2160,0.878704,0.537,5.836565e+05,5.204627e-02,0.0932,3.2965,0,3,87,171,36,54
1899,261,2160,0.879167,0.538,5.854824e+05,3.260302e-02,0.0903,3.2779,0,5,87,170,36,54
1900,260,2160,0.87963,0.538,5.837243e+05,5.581311e-02,0.0849,3.2978,0,8,173,169,36,54
1901,259,2160,0.880093,0.538,5.879219e+05,3.960691e-02,0.0898,3.3029,0,5,36,168,36,54
1902,258,2160,0.880556,0.534,5.932572e+05,4.195473e-02,0.0879,3.3046,0,1,173,167,36,54
1903,257,2160,0.881019,0.535,5.948176e+05,4.482612e-02,0.0863,3.3066,2,5,9,167,36,53
1904,256,2160,0.881481,0.536,5.950274e+05,3.838982e-02,0.0838,3.3115,0,3,36,166,36,53
1905,255,2160,0.881944,0.543,5.999006e+05,4.212495e-02,0.087,3.3146,2,8,4,166,36,52
1906,254,2160,0.882407,0.536,6.003785e+05,3.288922e-02,0.0863,3.3053,2,0,9,166,36,51
1907,253,2160,0.88287,0.535,6.002496e+05,5.580784e-02,0.0903,3.3125,0,8,101,165,36,51
1908,252,2160,0.883333,0.523,6.033800e+05,2.820952e-02,0.0971,3.3283,0,4,101,164,36,51
1909,251,2160,0.883796,0.523,6.051491e+05,4.040961e-02,0.0822,3.3121,0,3,21,163,36,51
1910,250,2160,0.884259,0.517,6.112193e+05,4.291809e-02,0.0917,3.3212,0,3,142,162,36,51
1911,249,2160,0.884722,0.512,6.167648e+05,5.029537e-02,0.0928,3.3127,0,5,91,161,36,51
1912,248,2160,0.885185,0.503,6.173170e+05,5.867598e-02,0.0889,3.3196,0,8,91,160,36,51
1913,247,2160,0.885648,0.497,6.202602e+05,5.919044e-02,0.0894,3.3147,0,8,116,159,36,51
1914,246,2160,0.886111,0.493,6.214907e+05,6.906644e-02,0.0856,3.3086,2,5,2,159,36,50
1915,245,2160,0.886574,0.489,6.228335e+05,5.772561e-02,0.0942,3.2837,0,8,35,158,36,50
1916,244,2160,0.887037,0.483,6.278100e+05,4.177467e-02,0.0871,3.3125,0,5,103,157,36,50
1917,243,2160,0.8875,0.479,6.340227e+05,6.161816e-02,0.0828,3.3151,0,8,95,156,36,50
1918,242,2160,0.887963,0.471,6.365325e+05,4.969359e-02,0.081,3.3021,0,4,148,155,36,50
1919,241,2160,0.888426,0.467,6.385939e+05,4.456597e-02,0.0845,3.2978,0,0,148,154,36,50
1920,240,2160,0.888889,0.468,6.383597e+05,3.368324e-02,0.0911,3.3123,0,3,148,153,36,50
1921,239,2160,0.889352,0.467,6.406132e+05,4.120368e-02,0.0942,3.3094,2,4,7,153,36,49
1922,238,2160,0.889815,0.462,6.407418e+05,5.669618e-02,0.0832,3.3099,2,0,2,153,36,48
1923,237,2160,0.890278,0.466,6.413313e+05,4.307194e-02,0.08,3.3016,0,5,143,152,36,48
1924,236,2160,0.890741,0.46,6.469872e+05,4.476359e-02,0.0932,3.3083,2,8,7,152,36,47
1925,235,2160,0.891204,0.459,6.465317e+05,5.764053e-02,0.0781,3.2991,2,2,8,152,36,46
1926,234,2160,0.891667,0.455,6.460536e+05,5.469920e-02,0.0797,3.3173,2,6,8,152,36,45
1927,233,2160,0.89213,0.453,6.453693e+05,4.335807e-02,0.0915,3.3062,0,3,170,151,36,45
1928,232,2160,0.892593,0.455,6.516664e+05,8.224851e-02,0.0863,3.3114,1,8,9,151,35,45
1929,231,2160,0.893056,0.446,6.537896e+05,6.110410e-02,0.0854,3.3094,0,8,144,150,35,45
1930,230,2160,0.893519,0.445,6.597449e+05,5.320929e-02,0.0861,3.3168,0,5,89,149,35,45
1931,229,2160,0.893981,0.443,6.602987e+05,4.572957e-02,0.0761,3.3122,0,4,94,148,35,45
1932,228,2160,0.894444,0.451,6.613724e+05,5.415750e-02,0.0803,3.3153,1,3,3,148,34,45
1933,227,2160,0.894907,0.456,6.607277e+05,1.688086e-01,0.0831,3.3133,2,6,3,148,34,44
1934,226,2160,0.89537,0.461,6.620930e+05,2.809800e-02,0.0822,3.3122,2,3,7,148,34,43
1935,225,2160,0.895833,0.462,6.605672e+05,6.159503e-02,0.0813,3.3068,0,8,106,147,34,43
1936,224,2160,0.896296,0.46,6.635777e+05,5.087608e-02,0.0832,3.2864,0,5,106,146,34,43
1937,223,2160,0.896759,0.463,6.655548e+05,4.676182e-02,0.0857,3.3197,0,5,76,145,34,43
1938,222,2160,0.897222,0.46,6.686609e+05,5.657526e-02,0.0806,3.3025,0,8,76,144,34,43
1939,221,2160,0.897685,0.45,6.709725e+05,4.597285e-02,0.0782,3.3078,0,6,106,143,34,43
1940,220,2160,0.898148,0.447,6.759188e+05,5.999997e-02,0.0718,3.3178,1,8,6,143,33,43
1941,219,2160,0.898611,0.45,6.769381e+05,4.156339e-02,0.0898,3.3167,2,0,8,143,33,42
1942,218,2160,0.899074,0.448,6.766724e+05,6.637667e-02,0.0785,3.3194,0,8,108,142,33,42
1943,217,2160,0.899537,0.441,6.806276e+05,4.886822e-02,0.1033,3.2942,0,0,94,141,33,42
1944,216,2160,0.9,0.438,6.829009e+05,4.858383e-02,0.0817,3.3012,0,4,108,140,33,42
1945,215,2160,0.900463,0.431,6.828745e+05,1.331166e-02,0.0862,3.3031,0,0,108,139,33,42
1946,214,2160,0.900926,0.432,6.830542e+05,6.701647e-02,0.0764,3.3092,0,8,67,138,33,42
1947,213,2160,0.901389,0.429,6.888700e+05,4.193011e-02,0.0903,3.2976,0,1,188,137,33,42
1948,212,2160,0.901852,0.425,6.963310e+05,6.317792e-02,0.075,3.3153,0,9,132,136,33,42
1949,211,2160,0.902315,0.391,7.012892e+05,4.783664e-02,0.0815,3.3136,0,3,94,135,33,42
1950,210,2160,0.902778,0.388,7.083256e+05,4.182785e-02,0.0841,3.3248,0,1,64,134,33,42
1951,209,2160,0.903241,0.384,7.156310e+05,4.085730e-02,0.0837,3.3201,0,1,23,133,33,42
1952,208,2160,0.903704,0.394,7.229063e+05,4.169953e-02,0.0805,3.3081,0,1,79,132,33,42
1953,207,2160,0.904167,0.388,7.304431e+05,4.856240e-02,0.0867,1.0243,0,5,165,131,33,42
1954,206,2160,0.90463,0.388,7.389986e+05,4.206631e-02,0.0964,3.2733,0,1,52,130,33,42
1955,205,2160,0.905093,0.387,7.469293e+05,4.886565e-02,0.0887,3.3024,0,3,109,129,33,42
1956,204,2160,0.905556,0.386,7.550727e+05,5.006215e-02,0.0781,3.2982,0,1,149,128,33,42
1957,203,2160,0.906019,0.389,7.594435e+05,4.463776e-02,0.0817,3.2923,0,3,149,127,33,42
1958,202,2160,0.906481,0.394,7.641090e+05,5.663183e-02,0.0813,3.2986,0,4,190,126,33,42
1959,201,2160,0.906944,0.395,7.687693e+05,3.573248e-02,0.0869,3.3064,0,5,190,125,33,42
1960,200,2160,0.907407,0.398,7.712364e+05,6.627946e-02,0.0851,3.2981,0,6,128,124,33,42
1961,199,2160,0.90787,0.399,7.743414e+05,4.291469e-02,0.0902,3.2982,0,1,177,123,33,42
1962,198,2160,0.908333,0.395,7.831906e+05,6.889341e-02,0.0709,3.3099,2,8,8,123,33,41
1963,197,2160,0.908796,0.396,7.838670e+05,6.212771e-02,0.0757,3.3073,0,5,152,122,33,41
1964,196,2160,0.909259,0.396,7.878574e+05,2.606024e-02,0.0775,3.307,0,4,152,121,33,41
1965,195,2160,0.909722,0.396,7.875959e+05,3.661010e-02,0.0746,3.3024,0,3,152,120,33,41
1966,194,2160,0.910185,0.392,7.915243e+05,5.933209e-02,0.08,3.318,0,6,92,119,33,41
1967,193,2160,0.910648,0.389,8.006534e+05,5.522806e-02,0.0743,3.3063,0,1,89,118,33,41
1968,192,2160,0.911111,0.394,8.026355e+05,5.260510e-02,0.0875,3.3125,0,0,151,117,33,41
1969,191,2160,0.911574,0.394,8.041441e+05,2.725137e-02,0.0847,3.3078,0,1,151,116,33,41
1970,190,2160,0.912037,0.394,8.048643e+05,4.422964e-02,0.0809,3.3065,0,0,89,115,33,41
1971,189,2160,0.9125,0.389,8.092499e+05,6.746054e-02,0.0864,3.3206,0,6,81,114,33,41
1972,188,2160,0.912963,0.382,8.137550e+05,2.683087e-02,0.0758,3.32,0,0,81,113,33,41
1973,187,2160,0.913426,0.381,8.169663e+05,5.973020e-02,0.0845,3.3155,2,9,7,113,33,40
1974,186,2160,0.913889,0.387,8.184744e+05,6.444727e-02,0.0756,3.3042,0,6,88,112,33,40
1975,185,2160,0.914352,0.376,8.253944e+05,3.545617e-02,0.0746,3.3114,0,4,88,111,33,40
1976,184,2160,0.914815,0.377,8.284834e+05,5.114532e-02,0.0844,3.3016,0,0,114,110,33,40
1977,183,2160,0.915278,0.373,8.287627e+05,2.662555e-02,0.0758,3.304,0,1,114,109,33,40
1978,182,2160,0.915741,0.37,8.306549e+05,1.954811e-01,0.0799,3.3239,1,3,1,109,32,40
1979,181,2160,0.916204,0.369,8.334609e+05,1.952605e-01,0.075,3.3157,1,3,0,109,31,40
1980,180,2160,0.916667,0.367,8.320327e+05,1.970781e-01,0.0814,3.3116,2,4,3,109,31,39
1981,179,2160,0.91713,0.367,8.312880e+05,5.819936e-02,0.0794,3.3005,0,3,163,108,31,39
1982,178,2160,0.917593,0.364,8.366132e+05,2.084262e-02,0.0764,3.3116,0,1,163,107,31,39
1983,177,2160,0.918056,0.363,8.376627e+05,4.641399e-02,0.083,3.3076,0,1,174,106,31,39
1984,176,2160,0.918519,0.362,8.481848e+05,6.054919e-02,0.0719,3.319,0,6,73,105,31,39
1985,175,2160,0.918981,0.36,8.598850e+05,5.166727e-02,0.0777,3.3037,0,3,141,104,31,39
1986,174,2160,0.919444,0.353,8.709913e+05,4.863197e-02,0.0767,3.3093,0,1,189,103,31,39
1987,173,2160,0.919907,0.353,8.825855e+05,8.647771e-02,0.0691,3.316,0,8,82,102,31,39
1988,172,2160,0.92037,0.358,8.941301e+05,5.952668e-02,0.0822,3.3189,0,0,90,101,31,39
1989,171,2160,0.920833,0.356,8.975652e+05,2.635583e-02,0.0878,3.3108,0,3,90,100,31,39
1990,170,2160,0.921296,0.355,8.985222e+05,5.745270e-02,0.0725,3.3163,0,4,102,99,31,39
1991,169,2160,0.921759,0.346,9.101587e+05,4.242194e-02,0.0685,3.305,1,7,0,99,30,39
1992,168,2160,0.922222,0.344,9.099043e+05,4.813199e-02,0.0683,3.2812,0,0,61,98,30,39
1993,167,2160,0.922685,0.348,9.218366e+05,9.380729e-02,0.0775,3.2964,0,9,89,97,30,39
1994,166,2160,0.923148,0.345,9.347799e+05,5.523587e-02,0.0713,3.3103,0,3,156,96,30,39
1995,165,2160,0.923611,0.339,9.480748e+05,6.521898e-02,0.0835,3.3117,2,6,7,96,30,38
1996,164,2160,0.924074,0.339,9.479682e+05,7.340911e-02,0.0752,3.3087,0,5,86,95,30,38
1997,163,2160,0.924537,0.332,9.536516e+05,8.305685e-02,0.0755,3.3031,0,5,104,94,30,38
1998,162,2160,0.925,0.329,9.598215e+05,1.067663e-01,0.0645,3.3164,2,2,6,94,30,37
1999,161,2160,0.925463,0.322,9.600424e+05,7.631215e-02,0.0698,3.3016,0,6,132,93,30,37
2000,160,2160,0.925926,0.317,9.618660e+05,2.235923e-02,0.0767,3.3076,0,3,132,92,30,37
2001,159,2160,0.926389,0.316,9.611549e+05,4.982817e-02,0.0761,3.3108,0,0,176,91,30,37
2002,158,2160,0.926852,0.313,9.745232e+05,7.135978e-02,0.0778,3.2847,2,0,1,91,30,36
2003,157,2160,0.927315,0.313,9.756051e+05,8.608413e-02,0.07,3.3136,0,5,137,90,30,36
2004,156,2160,0.927778,0.315,9.871516e+05,9.650963e-02,0.0726,3.3224,0,8,58,89,30,36
2005,155,2160,0.928241,0.314,1.000703e+06,9.282405e-02,0.0719,3.2959,0,8,160,88,30,36
2006,154,2160,0.928704,0.298,1.011154e+06,3.823528e-02,0.0917,3.3014,0,1,160,87,30,36
2007,153,2160,0.929167,0.308,1.019124e+06,1.951221e-01,0.0679,3.3069,1,1,8,87,29,36
2008,152,2160,0.92963,0.305,1.031416e+06,1.356427e-01,0.0848,3.3181,1,7,8,87,28,36
2009,151,2160,0.930093,0.307,1.034932e+06,1.119786e-01,0.0773,3.2969,0,8,90,86,28,36
2010,150,2160,0.930556,0.301,1.047122e+06,8.698946e-02,0.0693,3.3103,2,6,1,86,28,35
2011,149,2160,0.931019,0.304,1.048609e+06,1.192898e-01,0.0724,3.3247,0,8,78,85,28,35
2012,148,2160,0.931481,0.306,1.062796e+06,6.151587e-02,0.0691,3.3022,0,0,104,84,28,35
2013,147,2160,0.931944,0.304,1.066439e+06,5.790338e-02,0.0827,3.3068,0,3,34,83,28,35
2014,146,2160,0.932407,0.295,1.079559e+06,6.173534e-02,0.0714,3.2962,0,0,118,82,28,35
2015,145,2160,0.93287,0.3,1.080934e+06,5.151516e-02,0.0795,3.312,1,6,3,82,27,35
2016,144,2160,0.933333,0.299,1.079433e+06,5.676366e-02,0.0745,3.3231,0,1,105,81,27,35
2017,143,2160,0.933796,0.297,1.085289e+06,9.706679e-02,0.0721,3.3036,2,2,1,81,27,34
2018,142,2160,0.934259,0.287,1.087151e+06,5.989783e-02,0.0836,3.3055,0,0,91,80,27,34
2019,141,2160,0.934722,0.297,1.085639e+06,4.387379e-02,0.0676,3.31,2,3,1,80,27,33
2020,140,2160,0.935185,0.299,1.083890e+06,5.078910e-02,0.0777,3.301,0,1,47,79,27,33
2021,139,2160,0.935648,0.308,1.098988e+06,6.170466e-02,0.0834,3.297,0,3,75,78,27,33
2022,138,2160,0.936111,0.301,1.114104e+06,8.761384e-02,0.0745,3.3189,0,5,77,77,27,33
2023,137,2160,0.936574,0.294,1.129392e+06,9.198245e-02,0.0727,3.2948,0,5,146,76,27,33
2024,136,2160,0.937037,0.292,1.145011e+06,8.595937e-02,0.0662,3.2906,2,1,9,76,27,32
2025,135,2160,0.9375,0.29,1.145817e+06,5.183530e-02,0.0775,3.3037,0,0,33,75,27,32
2026,134,2160,0.937963,0.292,1.161271e+06,1.144085e-01,0.0678,3.3039,0,9,131,74,27,32
2027,133,2160,0.938426,0.284,1.166518e+06,1.174421e-01,0.0703,3.2996,0,9,118,73,27,32
2028,132,2160,0.938889,0.277,1.169808e+06,9.162376e-02,0.0658,3.3075,0,5,118,72,27,32
2029,131,2160,0.939352,0.269,1.174186e+06,7.143737e-02,0.0685,3.3192,0,4,172,71,27,32
2030,130,2160,0.939815,0.266,1.184087e+06,6.189256e-02,0.0825,3.3025,0,4,116,70,27,32
2031,129,2160,0.940278,0.268,1.184241e+06,6.378279e-02,0.0731,3.3133,0,4,138,69,27,32
2032,128,2160,0.940741,0.271,1.184919e+06,4.040297e-02,0.0641,3.2945,0,0,138,68,27,32
2033,127,2160,0.941204,0.268,1.191582e+06,7.105837e-02,0.0789,2.5013,2,2,7,68,27,31
2034,126,2160,0.941667,0.259,1.192899e+06,8.896958e-02,0.0704,3.3062,0,5,172,67,27,31
2035,125,2160,0.94213,0.248,1.202059e+06,5.533214e-02,0.0725,3.3185,0,0,116,66,27,31
2036,124,2160,0.942593,0.247,1.202388e+06,5.346650e-02,0.0694,3.3112,0,3,116,65,27,31
2037,123,2160,0.943056,0.247,1.210700e+06,6.628687e-02,0.0733,3.3185,0,3,118,64,27,31
2038,122,2160,0.943519,0.247,1.210970e+06,4.790262e-02,0.0703,3.3095,1,8,1,64,26,31
2039,121,2160,0.943981,0.234,1.211024e+06,5.046192e-02,0.0671,3.3179,0,6,118,63,26,31
2040,120,2160,0.944444,0.235,1.222913e+06,1.389001e-01,0.0667,3.3129,2,9,6,63,26,30
2041,119,2160,0.944907,0.234,1.226448e+06,4.693388e-02,0.0739,3.3104,2,3,2,63,26,29
2042,118,2160,0.94537,0.239,1.225438e+06,1.195657e-01,0.0691,3.3097,0,9,60,62,26,29
2043,117,2160,0.945833,0.239,1.225808e+06,2.445940e-01,0.0639,3.2944,1,7,9,62,25,29
2044,116,2160,0.946296,0.239,1.225074e+06,4.564977e-02,0.0671,3.3046,0,4,60,61,25,29
2045,115,2160,0.946759,0.251,1.231482e+06,6.974968e-02,0.0776,3.3057,2,9,4,61,25,28
2046,114,2160,0.947222,0.251,1.234088e+06,5.979792e-02,0.0814,3.3009,0,6,114,60,25,28
2047,113,2160,0.947685,0.251,1.248818e+06,1.014613e-01,0.0745,3.3018,0,5,138,59,25,28
2048,112,2160,0.948148,0.256,1.265316e+06,1.587560e-01,0.0747,3.3142,2,5,6,59,25,27
2049,111,2160,0.948611,0.26,1.270167e+06,7.650881e-02,0.0703,3.3153,0,3,95,58,25,27
2050,110,2160,0.949074,0.259,1.279981e+06,6.747300e-02,0.0864,3.3167,0,6,124,57,25,27
2051,109,2160,0.949537,0.262,1.295735e+06,5.484397e-02,0.0768,3.3163,0,0,119,56,25,27
2052,108,2160,0.95,0.249,1.311478e+06,1.014154e-01,0.0813,3.2973,2,9,2,56,25,26
2053,107,2160,0.950463,0.248,1.315355e+06,9.567760e-02,0.0753,3.2985,2,9,8,56,25,25
2054,106,2160,0.950926,0.242,1.317409e+06,1.002227e-01,0.0803,3.3132,0,5,117,55,25,25
2055,105,2160,0.951389,0.237,1.331841e+06,9.954875e-02,0.0771,3.3025,0,5,54,54,25,25
2056,104,2160,0.951852,0.224,1.339149e+06,7.038196e-02,0.0642,3.3141,0,6,20,53,25,25
2057,103,2160,0.952315,0.23,1.356430e+06,1.096697e-01,0.075,3.3108,0,5,120,52,25,25
2058,102,2160,0.952778,0.22,1.366375e+06,8.927463e-02,0.0672,3.303,2,5,7,52,25,24
2059,101,2160,0.953241,0.221,1.364743e+06,1.982428e-01,0.0796,3.3071,2,4,6,52,25,23
2060,100,2160,0.953704,0.22,1.370201e+06,1.664307e-01,0.0654,3.3098,1,2,5,52,24,23
2061,99,2160,0.954167,0.208,1.373181e+06,1.612566e-01,0.0705,3.3009,1,6,5,52,23,23
2062,98,2160,0.95463,0.209,1.375089e+06,6.027572e-02,0.0727,3.3021,1,2,1,52,22,23
2063,97,2160,0.955093,0.204,1.372517e+06,7.792810e-02,0.067,3.3014,1,2,0,52,21,23
2064,96,2160,0.955556,0.212,1.371950e+06,1.066083e-01,0.0747,3.3104,0,4,39,51,21,23
2065,95,2160,0.956019,0.209,1.374908e+06,2.378879e-02,0.0734,3.3041,0,0,39,50,21,23
2066,94,2160,0.956481,0.209,1.375456e+06,1.095084e-01,0.0638,3.3074,0,5,68,49,21,23
2067,93,2160,0.956944,0.204,1.383315e+06,2.686263e-01,0.0635,3.3142,1,9,8,49,20,23
2068,92,2160,0.957407,0.208,1.391180e+06,1.428134e-01,0.0685,3.3247,0,8,68,48,20,23
2069,91,2160,0.95787,0.209,1.390430e+06,1.104075e-01,0.0637,3.318,0,4,80,47,20,23
2070,90,2160,0.958333,0.213,1.395878e+06,3.197982e-02,0.0646,3.3019,0,0,80,46,20,23
2071,89,2160,0.958796,0.215,1.398514e+06,8.409833e-02,0.0632,3.3156,0,6,87,45,20,23
2072,88,2160,0.959259,0.21,1.409418e+06,7.542431e-02,0.069,3.3057,0,4,87,44,20,23
2073,87,2160,0.959722,0.205,1.413438e+06,1.267192e-01,0.0784,3.301,0,4,86,43,20,23
2074,86,2160,0.960185,0.197,1.429073e+06,5.306022e-02,0.0783,3.3065,0,3,86,42,20,23
2075,85,2160,0.960648,0.196,1.436931e+06,7.418708e-02,0.0801,3.3127,0,0,62,41,20,23
2076,84,2160,0.961111,0.201,1.459107e+06,8.035678e-02,0.075,3.3171,0,3,35,40,20,23
2077,83,2160,0.961574,0.198,1.482508e+06,1.292270e-01,0.0628,3.3,2,1,2,40,20,22
2078,82,2160,0.962037,0.198,1.484042e+06,1.159629e-01,0.0629,3.3084,0,5,115,39,20,22
2079,81,2160,0.9625,0.198,1.501736e+06,8.985544e-02,0.0657,3.308,0,0,115,38,20,22
2080,80,2160,0.962963,0.203,1.496375e+06,1.449240e-02,0.0629,3.3026,0,1,115,37,20,22
2081,79,2160,0.963426,0.203,1.496344e+06,1.208220e-01,0.0657,3.3065,1,7,5,37,19,22
2082,78,2160,0.963889,0.196,1.500546e+06,1.300261e-01,0.0633,3.3136,0,5,116,36,19,22
2083,77,2160,0.964352,0.193,1.522234e+06,7.435501e-02,0.0665,3.3073,0,1,65,35,19,22
2084,76,2160,0.964815,0.202,1.548104e+06,1.382871e-01,0.0733,3.3051,2,0,7,35,19,21
2085,75,2160,0.965278,0.208,1.549984e+06,1.001380e-01,0.0645,3.2973,0,6,104,34,19,21
2086,74,2160,0.965741,0.209,1.552820e+06,4.173737e-02,0.0721,3.3041,0,3,104,33,19,21
2087,73,2160,0.966204,0.204,1.557321e+06,1.734457e-01,0.0671,3.3043,2,6,2,33,19,20
2088,72,2160,0.966667,0.197,1.565469e+06,1.720621e-01,0.0702,3.3138,1,7,6,33,18,20
2089,71,2160,0.96713,0.198,1.573266e+06,1.285637e-01,0.0642,3.303,2,6,9,33,18,19
2090,70,2160,0.967593,0.2,1.572884e+06,8.266312e-02,0.0637,3.304,0,1,54,32,18,19
2091,69,2160,0.968056,0.2,1.583667e+06,1.213567e-01,0.0636,3.2921,0,4,54,31,18,19
2092,68,2160,0.968519,0.19,1.590614e+06,2.354243e-01,0.0653,3.3072,2,7,7,31,18,18
2093,67,2160,0.968981,0.186,1.601541e+06,1.620106e-01,0.068,3.301,1,2,3,31,17,18
2094,66,2160,0.969444,0.181,1.615817e+06,2.390647e-01,0.0719,3.3139,1,2,4,31,16,18
2095,65,2160,0.969907,0.177,1.614709e+06,2.418430e-01,0.0708,3.301,2,2,2,31,16,17
2096,64,2160,0.97037,0.176,1.614146e+06,8.708018e-02,0.0674,3.3167,0,3,105,30,16,17
2097,63,2160,0.970833,0.174,1.618913e+06,2.946998e-02,0.0622,3.3177,0,6,105,29,16,17
2098,62,2160,0.971296,0.169,1.621208e+06,6.914576e-02,0.0619,3.2944,0,6,145,28,16,17
2099,61,2160,0.971759,0.172,1.642217e+06,1.757138e-01,0.0624,3.3135,1,7,4,28,15,17
2100,60,2160,0.972222,0.171,1.644909e+06,2.978433e-01,0.0622,3.3024,2,1,7,28,15,16
2101,59,2160,0.972685,0.172,1.644098e+06,1.465320e-01,0.0623,3.3087,0,4,68,27,15,16
2102,58,2160,0.973148,0.175,1.662735e+06,2.014947e-01,0.0618,3.3177,1,1,4,27,14,16
2103,57,2160,0.973611,0.177,1.667353e+06,2.050126e-01,0.0618,3.2936,1,8,5,27,13,16
2104,56,2160,0.974074,0.18,1.675689e+06,1.846846e-01,0.06,3.3058,0,5,131,26,13,16
2105,55,2160,0.974537,0.167,1.700402e+06,2.510721e-01,0.0601,3.3122,1,1,5,26,12,16
2106,54,2160,0.975,0.173,1.722014e+06,1.604092e-01,0.0599,3.3063,0,5,95,25,12,16
2107,53,2160,0.975463,0.173,1.728398e+06,2.313085e-01,0.0664,3.298,1,9,5,25,11,16
2108,52,2160,0.975926,0.173,1.727650e+06,1.883775e-01,0.0584,3.3104,1,9,6,25,10,16
2109,51,2160,0.976389,0.166,1.737499e+06,8.027188e-02,0.058,3.3036,0,1,48,24,10,16
2110,50,2160,0.976852,0.169,1.765433e+06,1.076879e-01,0.0639,3.3045,0,0,120,23,10,16
2111,49,2160,0.977315,0.167,1.764923e+06,4.146156e-02,0.0625,3.3028,0,1,120,22,10,16
2112,48,2160,0.977778,0.167,1.769955e+06,9.031090e-02,0.0588,3.3083,0,1,50,21,10,16
2113,47,2160,0.978241,0.163,1.806761e+06,1.356476e-01,0.0609,3.2968,2,1,8,21,10,15
2114,46,2160,0.978704,0.166,1.805108e+06,1.833048e-01,0.0574,3.2988,2,8,6,21,10,14
2115,45,2160,0.979167,0.172,1.812032e+06,1.944293e-01,0.057,3.3029,1,6,0,21,9,14
2116,44,2160,0.97963,0.169,1.813570e+06,9.087235e-02,0.0562,3.3062,0,1,49,20,9,14
2117,43,2160,0.980093,0.158,1.853798e+06,9.898577e-02,0.0555,3.3121,0,1,67,19,9,14
2118,42,2160,0.980556,0.163,1.901144e+06,1.070442e-01,0.0606,3.3012,0,3,151,18,9,14
2119,41,2160,0.981019,0.162,1.956209e+06,3.337931e-01,0.0547,3.3157,2,7,9,18,9,13
2120,40,2160,0.981481,0.136,1.991329e+06,2.338052e-01,0.0545,3.3038,2,9,9,18,9,12
2121,39,2160,0.981944,0.136,1.998640e+06,8.146338e-02,0.0566,3.3097,1,9,1,18,8,12
2122,38,2160,0.982407,0.131,2.000281e+06,2.300205e-01,0.0575,3.3035,2,3,9,18,8,11
2123,37,2160,0.98287,0.131,1.998843e+06,1.511927e-01,0.0629,3.3141,0,0,107,17,8,11
2124,36,2160,0.983333,0.131,2.001136e+06,5.688604e-02,0.0542,3.3097,0,1,107,16,8,11
2125,35,2160,0.983796,0.132,2.011692e+06,1.600243e-01,0.0537,3.3087,0,0,72,15,8,11
2126,34,2160,0.984259,0.127,2.016084e+06,1.007837e-01,0.0562,3.306,0,1,72,14,8,11
2127,33,2160,0.984722,0.133,2.048938e+06,1.690058e-01,0.0506,3.31,0,0,171,13,8,11
2128,32,2160,0.985185,0.127,2.058158e+06,2.376098e-01,0.0488,3.3134,1,4,0,13,7,11
2129,31,2160,0.985648,0.127,2.056590e+06,1.503775e-01,0.0495,3.3035,0,1,171,12,7,11
2130,30,2160,0.986111,0.136,2.122064e+06,1.040521e-01,0.0472,3.3017,0,3,82,11,7,11
2131,29,2160,0.986574,0.13,2.194380e+06,1.106752e-01,0.0465,3.2872,0,3,144,10,7,11
2132,28,2160,0.987037,0.137,2.283062e+06,2.173886e-01,0.045,3.3119,2,5,4,10,7,10
2133,27,2160,0.9875,0.129,2.292302e+06,1.743166e-01,0.0429,3.3094,2,3,4,10,7,9
2134,26,2160,0.987963,0.14,2.306361e+06,2.222491e-01,0.0438,3.3066,0,4,142,9,7,9
2135,25,2160,0.988426,0.13,2.410952e+06,2.236753e-01,0.0419,3.3019,1,4,4,9,6,9
2136,24,2160,0.988889,0.128,2.405704e+06,2.114735e-01,0.0451,3.3098,0,6,91,8,6,9
2137,23,2160,0.989352,0.081,2.431137e+06,2.993958e-01,0.0421,3.2976,1,4,6,8,5,9
2138,22,2160,0.989815,0.081,2.424853e+06,5.975403e-02,0.0439,3.3051,0,3,91,7,5,9
2139,21,2160,0.990278,0.07,2.436210e+06,2.567859e-01,0.0366,3.3153,2,8,1,7,5,8
2140,20,2160,0.990741,0.071,2.824625e+06,2.204375e-01,0.0349,3.3022,2,2,4,7,5,7
2141,19,2160,0.991204,0.076,3.218085e+06,3.187874e-01,0.0461,3.3177,2,1,1,7,5,6
2142,18,2160,0.991667,0.076,3.185485e+06,1.364941e-01,0.0364,3.3068,0,3,150,6,5,6
2143,17,2160,0.99213,0.063,3.302195e+06,3.311299e-01,0.0345,3.3048,1,1,3,6,4,6
2144,16,2160,0.992593,0.062,3.777810e+06,3.717653e-01,0.0343,3.3112,2,5,1,6,4,5
2145,15,2160,0.993056,0.062,3.710752e+06,2.904949e-01,0.0324,3.3079,2,0,4,6,4,4
2146,14,2160,0.993519,0.107,4.159962e+06,1.478530e-01,0.0283,3.3145,0,3,137,5,4,4
2147,13,2160,0.993981,0.107,4.298721e+06,1.907490e-01,0.0264,3.298,0,3,143,4,4,4
2148,12,2160,0.994444,0.107,4.527053e+06,3.881117e-01,0.0253,3.316,1,4,3,4,3,4
2149,11,2160,0.994907,0.107,4.621430e+06,2.846175e-01,0.0233,3.312,0,3,173,3,3,4
2150,10,2160,0.99537,0.107,4.831929e+06,6.436962e-01,0.0311,3.3068,2,1,4,3,3,3
2151,9,2160,0.995833,0.107,6.595183e+06,2.744280e-01,0.0275,3.3036,0,1,175,2,3,3
2152,8,2160,0.996296,0.107,7.145617e+06,5.139644e-01,0.0192,3.2991,1,6,1,2,2,3
2153,7,2160,0.996759,0.107,8.893756e+06,6.750551e-01,0.0187,3.2881,2,6,6,2,2,2
2154,6,2160,0.997222,0.107,8.794275e+06,3.076724e-01,0.0277,3.2952,0,1,63,1,2,2
2155,5,2160,0.997685,0.107,1.168129e+07,4.401117e-01,0.0252,3.31,1,4,1,1,1,2
2156,4,2160,0.998148,0.107,1.154665e+07,1.173634e+00,0.0155,3.3001,2,4,4,1,1,1
2157,3,2160,0.998611,0.107,1.191943e+07,1.016916e+00,0.0197,3.3111,0,3,128,0,1,1
2158,2,2160,0.999074,0.107,2.698115e+06,1.796182e+00,0.0123,3.298,1,8,3,0,0,1
2159,1,2160,0.999537,0.107,2.013833e+06,3.703138e+00,0.011,0.839,2,3,8,0,0,0
