step,NZ,total_W,sparsity,val_acc,d_manifold,d_W,prune_time_s,adjust_time_s,candidate_layer,candidate_i,candidate_j,layer_0_NZ,layer_1_NZ,layer_2_NZ
0,2160,2160,0.0,0.916,0.000000e+00,1.016338e-05,0.0001,4.7077,0,9,12,1959,100,100
1,2159,2160,0.000463,0.916,6.373983e-05,4.606537e-05,0.0001,3.3017,0,7,125,1958,100,100
2,2158,2160,0.000926,0.916,2.210694e-03,5.308115e-05,0.0002,3.3022,0,7,192,1957,100,100
3,2157,2160,0.001389,0.916,4.352503e-03,5.547408e-05,0.0001,3.2841,0,4,192,1956,100,100
4,2156,2160,0.001852,0.916,6.781536e-03,5.478909e-05,0.0001,3.2761,0,7,157,1955,100,100
5,2155,2160,0.002315,0.916,6.692619e-03,6.171529e-05,0.0001,3.296,0,5,6,1954,100,100
6,2154,2160,0.002778,0.916,4.605668e-03,6.310046e-05,0.0001,3.3048,0,5,166,1953,100,100
7,2153,2160,0.003241,0.916,3.524868e-03,7.595413e-05,0.0001,3.2982,0,5,58,1952,100,100
8,2152,2160,0.003704,0.916,2.859971e-03,1.116039e-04,0.0001,3.3013,0,4,48,1951,100,100
9,2151,2160,0.004167,0.916,3.255014e-02,1.183579e-04,0.0001,3.29,0,9,26,1950,100,100
10,2150,2160,0.00463,0.916,2.918548e-02,1.414291e-04,0.0001,3.2956,0,4,57,1949,100,100
11,2149,2160,0.005093,0.916,6.787187e-02,1.544983e-04,0.0001,3.2912,0,0,8,1948,100,100
12,2148,2160,0.005556,0.916,6.612806e-02,1.637474e-04,0.0001,3.2964,0,7,97,1947,100,100
13,2147,2160,0.006019,0.916,7.191322e-02,1.904100e-04,0.0001,3.3072,0,6,135,1946,100,100
14,2146,2160,0.006481,0.916,9.043689e-02,2.067708e-04,0.0001,3.3159,0,7,143,1945,100,100
15,2145,2160,0.006944,0.916,1.104908e-01,2.062540e-04,0.0001,3.3101,0,5,154,1944,100,100
16,2144,2160,0.007407,0.916,8.451376e-02,2.222255e-04,0.0001,3.3025,0,3,6,1943,100,100
17,2143,2160,0.00787,0.916,9.006118e-02,2.343263e-04,0.0001,3.2959,0,3,123,1942,100,100
18,2142,2160,0.008333,0.916,9.377670e-02,2.577950e-04,0.0001,3.3022,0,9,29,1941,100,100
19,2141,2160,0.008796,0.916,1.115188e-01,2.627336e-04,0.0001,3.2874,0,2,18,1940,100,100
20,2140,2160,0.009259,0.916,1.534823e-01,2.791259e-04,0.0001,3.2843,0,9,79,1939,100,100
21,2139,2160,0.009722,0.916,1.744559e-01,3.017268e-04,0.0001,3.3042,0,7,188,1938,100,100
22,2138,2160,0.010185,0.916,2.300451e-01,3.058430e-04,0.0001,3.2994,0,5,179,1937,100,100
23,2137,2160,0.010648,0.916,1.824837e-01,3.096517e-04,0.0001,3.3052,0,6,13,1936,100,100
24,2136,2160,0.011111,0.916,2.594112e-01,3.563431e-04,0.0001,3.3027,0,0,47,1935,100,100
25,2135,2160,0.011574,0.916,3.303804e-01,3.592814e-04,0.0001,3.3009,0,5,113,1934,100,100
26,2134,2160,0.012037,0.916,2.667288e-01,3.625807e-04,0.0001,3.3066,0,9,47,1933,100,100
27,2133,2160,0.0125,0.916,2.433286e-01,3.700552e-04,0.0001,3.302,0,9,80,1932,100,100
28,2132,2160,0.012963,0.916,2.841023e-01,3.889650e-04,0.0001,3.3057,0,8,2,1931,100,100
29,2131,2160,0.013426,0.916,2.959592e-01,3.861766e-04,0.0001,3.2973,0,1,111,1930,100,100
30,2130,2160,0.013889,0.916,2.639373e-01,3.879225e-04,0.0001,3.2787,0,1,37,1929,100,100
31,2129,2160,0.014352,0.916,2.510163e-01,3.940061e-04,0.0001,3.2939,0,2,6,1928,100,100
32,2128,2160,0.014815,0.916,3.853667e-01,3.982266e-04,0.0001,3.3036,0,8,159,1927,100,100
33,2127,2160,0.015278,0.916,4.172829e-01,4.114914e-04,0.0001,3.2968,0,3,186,1926,100,100
34,2126,2160,0.015741,0.916,4.548844e-01,4.289900e-04,0.0001,3.3004,0,0,115,1925,100,100
35,2125,2160,0.016204,0.916,5.574272e-01,4.262678e-04,0.0001,3.3004,0,6,163,1924,100,100
36,2124,2160,0.016667,0.916,6.656573e-01,4.642544e-04,0.0001,3.3026,0,7,98,1923,100,100
37,2123,2160,0.01713,0.916,7.908934e-01,4.624011e-04,0.0001,3.3051,0,5,54,1922,100,100
38,2122,2160,0.017593,0.916,6.661247e-01,4.748427e-04,0.0001,3.3066,0,8,16,1921,100,100
39,2121,2160,0.018056,0.916,6.792368e-01,4.713965e-04,0.0001,3.2857,0,8,56,1920,100,100
40,2120,2160,0.018519,0.916,6.876591e-01,4.796344e-04,0.0001,3.2888,0,2,194,1919,100,100
41,2119,2160,0.018981,0.916,8.393378e-01,5.056729e-04,0.0001,3.2875,0,1,96,1918,100,100
42,2118,2160,0.019444,0.916,7.832360e-01,5.179408e-04,0.0001,3.3006,0,6,84,1917,100,100
43,2117,2160,0.019907,0.916,1.029262e+00,5.358970e-04,0.0001,3.3078,0,8,85,1916,100,100
44,2116,2160,0.02037,0.916,1.048941e+00,5.473162e-04,0.0001,3.301,0,2,25,1915,100,100
45,2115,2160,0.020833,0.916,1.240170e+00,5.553009e-04,0.0001,3.3002,0,2,162,1914,100,100
46,2114,2160,0.021296,0.916,1.417980e+00,5.641783e-04,0.0001,3.291,0,8,170,1913,100,100
47,2113,2160,0.021759,0.916,1.424879e+00,5.629132e-04,0.0001,3.2857,0,2,91,1912,100,100
48,2112,2160,0.022222,0.916,1.579001e+00,5.758866e-04,0.0001,3.31,0,3,168,1911,100,100
49,2111,2160,0.022685,0.916,1.595953e+00,5.891216e-04,0.0001,3.301,0,0,171,1910,100,100
50,2110,2160,0.023148,0.916,1.722499e+00,5.859670e-04,0.0001,3.2911,2,3,7,1910,100,99
51,2109,2160,0.023611,0.916,1.510469e+00,5.855814e-04,0.0001,3.2984,0,1,154,1909,100,99
52,2108,2160,0.024074,0.916,1.415133e+00,6.229229e-04,0.0001,3.3061,0,0,182,1908,100,99
53,2107,2160,0.024537,0.916,1.677290e+00,6.319302e-04,0.0001,3.3083,0,3,88,1907,100,99
54,2106,2160,0.025,0.916,1.672540e+00,6.196788e-04,0.0001,3.2927,0,1,1,1906,100,99
55,2105,2160,0.025463,0.916,1.519965e+00,6.609740e-04,0.0001,3.2959,0,3,64,1905,100,99
56,2104,2160,0.025926,0.916,1.610404e+00,6.711970e-04,0.0001,3.2948,0,9,103,1904,100,99
57,2103,2160,0.026389,0.916,1.709358e+00,6.714279e-04,0.0001,3.3077,0,9,154,1903,100,99
58,2102,2160,0.026852,0.916,1.780548e+00,7.156219e-04,0.0001,3.2968,0,4,1,1902,100,99
59,2101,2160,0.027315,0.916,2.848717e+00,7.194696e-04,0.0001,3.2958,0,7,159,1901,100,99
60,2100,2160,0.027778,0.916,2.767409e+00,7.257021e-04,0.0001,3.2879,1,7,5,1901,99,99
61,2099,2160,0.028241,0.916,2.271554e+00,7.454707e-04,0.0001,3.2877,0,5,134,1900,99,99
62,2098,2160,0.028704,0.916,1.958396e+00,7.725142e-04,0.0001,3.2915,0,3,60,1899,99,99
63,2097,2160,0.029167,0.916,2.020944e+00,7.753508e-04,0.0001,3.2991,1,7,2,1899,98,99
64,2096,2160,0.02963,0.916,1.752633e+00,7.852802e-04,0.0001,3.3048,0,1,165,1898,98,99
65,2095,2160,0.030093,0.916,1.668544e+00,8.138596e-04,0.0001,3.2887,0,0,64,1897,98,99
66,2094,2160,0.030556,0.916,2.231353e+00,8.349586e-04,0.0001,3.2834,0,7,25,1896,98,99
67,2093,2160,0.031019,0.916,2.596622e+00,9.179308e-04,0.0001,3.2985,1,3,6,1896,97,99
68,2092,2160,0.031481,0.916,2.552779e+00,8.428251e-04,0.0001,3.2898,0,2,27,1895,97,99
69,2091,2160,0.031944,0.916,2.781305e+00,8.403276e-04,0.0001,3.2993,0,8,33,1894,97,99
70,2090,2160,0.032407,0.916,2.777426e+00,8.729684e-04,0.0001,3.3065,0,0,18,1893,97,99
71,2089,2160,0.03287,0.916,3.167939e+00,8.730972e-04,0.0001,3.3002,0,7,153,1892,97,99
72,2088,2160,0.033333,0.916,3.487881e+00,8.778954e-04,0.0001,3.2985,2,8,7,1892,97,98
73,2087,2160,0.033796,0.916,3.009580e+00,9.343877e-04,0.0001,3.2902,0,4,28,1891,97,98
74,2086,2160,0.034259,0.916,4.834037e+00,9.227512e-04,0.0001,3.2965,0,8,35,1890,97,98
75,2085,2160,0.034722,0.916,4.172849e+00,9.163476e-04,0.0001,3.3085,0,1,97,1889,97,98
76,2084,2160,0.035185,0.916,3.577236e+00,9.371917e-04,0.0001,3.2947,0,7,42,1888,97,98
77,2083,2160,0.035648,0.916,4.007717e+00,9.577850e-04,0.0001,3.3034,0,7,162,1887,97,98
78,2082,2160,0.036111,0.916,4.374936e+00,9.811802e-04,0.0001,3.2952,0,0,85,1886,97,98
79,2081,2160,0.036574,0.916,4.730947e+00,1.015044e-03,0.0001,3.2845,0,0,17,1885,97,98
80,2080,2160,0.037037,0.916,4.968936e+00,1.006251e-03,0.0001,3.2973,0,4,17,1884,97,98
81,2079,2160,0.0375,0.916,6.499253e+00,1.018282e-03,0.0001,3.2894,0,5,16,1883,97,98
82,2078,2160,0.037963,0.916,5.380357e+00,1.051523e-03,0.0001,3.3278,1,7,0,1883,96,98
83,2077,2160,0.038426,0.916,4.617855e+00,1.064084e-03,0.0001,3.3103,0,6,149,1882,96,98
84,2076,2160,0.038889,0.916,5.303338e+00,1.086520e-03,0.0001,3.2939,0,6,112,1881,96,98
85,2075,2160,0.039352,0.916,5.972193e+00,1.131167e-03,0.0001,3.3075,0,0,53,1880,96,98
86,2074,2160,0.039815,0.916,6.351627e+00,1.108257e-03,0.0001,3.3015,0,5,157,1879,96,98
87,2073,2160,0.040278,0.916,5.546952e+00,1.174281e-03,0.0001,3.303,0,4,8,1878,96,98
88,2072,2160,0.040741,0.916,8.979654e+00,1.160031e-03,0.0001,3.3128,0,8,114,1877,96,98
89,2071,2160,0.041204,0.916,7.903750e+00,1.160644e-03,0.0001,3.3014,0,7,11,1876,96,98
90,2070,2160,0.041667,0.916,8.021664e+00,1.214630e-03,0.0001,3.3067,0,4,0,1875,96,98
91,2069,2160,0.04213,0.916,1.030486e+01,1.202507e-03,0.0001,3.3077,0,9,75,1874,96,98
92,2068,2160,0.042593,0.915,8.973339e+00,1.270610e-03,0.0001,3.2871,0,4,2,1873,96,98
93,2067,2160,0.043056,0.915,1.128670e+01,1.231680e-03,0.0001,3.3017,0,8,123,1872,96,98
94,2066,2160,0.043519,0.915,9.496541e+00,1.212786e-03,0.0001,3.2983,0,1,70,1871,96,98
95,2065,2160,0.043981,0.915,8.001213e+00,1.198008e-03,0.0001,3.2958,0,5,137,1870,96,98
96,2064,2160,0.044444,0.915,7.027367e+00,1.214506e-03,0.0001,3.3005,0,6,185,1869,96,98
97,2063,2160,0.044907,0.915,7.963791e+00,1.203750e-03,0.0001,3.3078,0,1,139,1868,96,98
98,2062,2160,0.04537,0.915,7.325086e+00,1.212228e-03,0.0001,3.3178,0,5,32,1867,96,98
99,2061,2160,0.045833,0.915,6.816260e+00,1.287889e-03,0.0001,3.2966,0,4,29,1866,96,98
100,2060,2160,0.046296,0.915,1.094882e+01,1.290515e-03,0.0001,3.3042,0,3,161,1865,96,98
101,2059,2160,0.046759,0.915,9.999866e+00,1.261517e-03,0.0001,3.2955,1,7,8,1865,95,98
102,2058,2160,0.047222,0.915,8.594999e+00,1.283911e-03,0.0001,3.3027,0,3,141,1864,95,98
103,2057,2160,0.047685,0.915,8.504233e+00,1.256093e-03,0.0001,3.315,0,1,21,1863,95,98
104,2056,2160,0.048148,0.915,7.740236e+00,1.286880e-03,0.0001,3.3062,0,0,40,1862,95,98
105,2055,2160,0.048611,0.915,8.612793e+00,1.253803e-03,0.0001,3.2976,0,5,185,1861,95,98
106,2054,2160,0.049074,0.915,7.760470e+00,1.279112e-03,0.0001,3.3054,0,9,182,1860,95,98
107,2053,2160,0.049537,0.915,8.490155e+00,1.297487e-03,0.0001,3.29,0,3,75,1859,95,98
108,2052,2160,0.05,0.914,8.500784e+00,1.316457e-03,0.0001,3.3009,0,3,167,1858,95,98
109,2051,2160,0.050463,0.914,8.576607e+00,1.316725e-03,0.0001,3.3043,0,9,116,1857,95,98
110,2050,2160,0.050926,0.914,8.780667e+00,1.388421e-03,0.0001,3.2994,0,4,14,1856,95,98
111,2049,2160,0.051389,0.914,1.263475e+01,1.347321e-03,0.0001,3.2982,0,5,97,1855,95,98
112,2048,2160,0.051852,0.914,1.046523e+01,1.349767e-03,0.0001,3.309,0,7,61,1854,95,98
113,2047,2160,0.052315,0.914,1.087763e+01,1.354487e-03,0.0001,3.3116,0,9,93,1853,95,98
114,2046,2160,0.052778,0.914,1.052995e+01,1.359785e-03,0.0001,3.2973,0,7,104,1852,95,98
115,2045,2160,0.053241,0.914,1.097295e+01,1.381271e-03,0.0001,3.295,0,6,28,1851,95,98
116,2044,2160,0.053704,0.914,1.174388e+01,1.379685e-03,0.0001,3.2946,0,5,98,1850,95,98
117,2043,2160,0.054167,0.914,1.047901e+01,1.384595e-03,0.0001,3.302,0,5,13,1849,95,98
118,2042,2160,0.05463,0.914,9.670502e+00,1.404932e-03,0.0001,3.2965,0,2,28,1848,95,98
119,2041,2160,0.055093,0.914,1.073588e+01,1.513781e-03,0.0001,3.3042,0,4,107,1847,95,98
120,2040,2160,0.055556,0.914,1.536367e+01,1.533688e-03,0.0001,3.2923,0,0,111,1846,95,98
121,2039,2160,0.056019,0.914,1.474508e+01,1.483876e-03,0.0001,3.3025,0,1,166,1845,95,98
122,2038,2160,0.056481,0.914,1.269818e+01,1.580638e-03,0.0001,3.2885,0,4,132,1844,95,98
123,2037,2160,0.056944,0.914,1.608004e+01,1.509511e-03,0.0001,3.3164,0,5,139,1843,95,98
124,2036,2160,0.057407,0.914,1.312575e+01,1.533540e-03,0.0001,3.2982,0,0,194,1842,95,98
125,2035,2160,0.05787,0.914,1.358241e+01,1.486175e-03,0.0001,3.2934,0,5,88,1841,95,98
126,2034,2160,0.058333,0.914,1.194307e+01,1.502176e-03,0.0001,3.2896,0,7,161,1840,95,98
127,2033,2160,0.058796,0.914,1.293740e+01,1.503609e-03,0.0001,3.3151,0,8,59,1839,95,98
128,2032,2160,0.059259,0.914,1.257563e+01,1.485655e-03,0.0001,3.3011,1,7,4,1839,94,98
129,2031,2160,0.059722,0.914,1.151948e+01,1.477639e-03,0.0001,3.2997,0,1,17,1838,94,98
130,2030,2160,0.060185,0.914,1.103075e+01,1.491650e-03,0.0001,3.2981,0,2,185,1837,94,98
131,2029,2160,0.060648,0.914,1.273110e+01,1.462153e-03,0.0001,3.3005,0,9,185,1836,94,98
132,2028,2160,0.061111,0.914,1.121095e+01,1.558971e-03,0.0001,3.3148,2,1,0,1836,94,97
133,2027,2160,0.061574,0.914,1.179785e+01,1.534403e-03,0.0001,3.2698,0,3,42,1835,94,97
134,2026,2160,0.062037,0.914,1.239342e+01,1.590752e-03,0.0001,3.3081,0,0,20,1834,94,97
135,2025,2160,0.0625,0.914,1.381204e+01,1.551913e-03,0.0001,3.292,0,5,135,1833,94,97
136,2024,2160,0.062963,0.914,1.264805e+01,1.559298e-03,0.0001,3.2882,0,8,116,1832,94,97
137,2023,2160,0.063426,0.914,1.299233e+01,1.583641e-03,0.0001,3.3099,0,0,98,1831,94,97
138,2022,2160,0.063889,0.914,1.484033e+01,1.612169e-03,0.0001,3.2852,0,0,99,1830,94,97
139,2021,2160,0.064352,0.914,1.601502e+01,1.595822e-03,0.0001,3.2967,0,8,186,1829,94,97
140,2020,2160,0.064815,0.914,1.567567e+01,1.587535e-03,0.0001,3.3074,0,2,35,1828,94,97
141,2019,2160,0.065278,0.914,1.701467e+01,1.711168e-03,0.0001,3.293,0,4,61,1827,94,97
142,2018,2160,0.065741,0.914,2.324193e+01,1.696029e-03,0.0001,3.2893,0,9,174,1826,94,97
143,2017,2160,0.066204,0.914,2.209968e+01,1.690355e-03,0.0001,3.2974,0,9,70,1825,94,97
144,2016,2160,0.066667,0.914,2.152621e+01,1.673008e-03,0.0001,3.2959,0,8,14,1824,94,97
145,2015,2160,0.06713,0.915,2.068124e+01,1.656676e-03,0.0001,3.3023,0,1,28,1823,94,97
146,2014,2160,0.067593,0.914,1.926664e+01,1.677270e-03,0.0001,3.304,0,8,3,1822,94,97
147,2013,2160,0.068056,0.915,1.927673e+01,1.662470e-03,0.0001,3.2989,0,5,123,1821,94,97
148,2012,2160,0.068519,0.915,1.817072e+01,1.689710e-03,0.0001,3.3014,0,7,82,1820,94,97
149,2011,2160,0.068981,0.915,1.998162e+01,1.705197e-03,0.0001,3.2838,0,9,83,1819,94,97
150,2010,2160,0.069444,0.916,2.012800e+01,1.689337e-03,0.0001,3.3119,0,2,119,1818,94,97
151,2009,2160,0.069907,0.916,2.104807e+01,1.716736e-03,0.0001,3.2937,0,9,168,1817,94,97
152,2008,2160,0.07037,0.916,2.130981e+01,1.704966e-03,0.0001,3.2981,0,8,160,1816,94,97
153,2007,2160,0.070833,0.916,2.076835e+01,1.780967e-03,0.0001,3.304,0,0,30,1815,94,97
154,2006,2160,0.071296,0.916,2.207888e+01,1.764008e-03,0.0001,3.2942,0,8,140,1814,94,97
155,2005,2160,0.071759,0.916,2.147015e+01,1.772295e-03,0.0001,3.2992,0,6,137,1813,94,97
156,2004,2160,0.072222,0.916,2.327592e+01,1.754598e-03,0.0001,3.2876,0,5,140,1812,94,97
157,2003,2160,0.072685,0.916,2.171417e+01,1.770177e-03,0.0001,3.3035,0,8,62,1811,94,97
158,2002,2160,0.073148,0.916,2.194495e+01,1.790875e-03,0.0001,3.293,0,6,167,1810,94,97
159,2001,2160,0.073611,0.916,2.498647e+01,1.829688e-03,0.0001,3.2937,0,6,3,1809,94,97
160,2000,2160,0.074074,0.916,2.699454e+01,1.866280e-03,0.0001,3.3113,0,0,0,1808,94,97
161,1999,2160,0.074537,0.916,2.917547e+01,1.860373e-03,0.0001,3.2885,0,2,7,1807,94,97
162,1998,2160,0.075,0.916,3.002962e+01,1.838905e-03,0.0001,3.3016,0,5,155,1806,94,97
163,1997,2160,0.075463,0.916,2.804755e+01,1.887741e-03,0.0001,3.295,0,3,97,1805,94,97
164,1996,2160,0.075926,0.916,2.831130e+01,1.613621e-03,0.0001,3.2941,0,4,97,1804,94,97
165,1995,2160,0.076389,0.916,3.189865e+01,1.866581e-03,0.0001,3.2965,0,1,167,1803,94,97
166,1994,2160,0.076852,0.914,3.037633e+01,1.908497e-03,0.0001,3.3086,0,3,156,1802,94,97
167,1993,2160,0.077315,0.914,3.090612e+01,1.945072e-03,0.0001,3.2782,0,3,193,1801,94,97
168,1992,2160,0.077778,0.914,3.104837e+01,1.960955e-03,0.0001,3.2974,0,0,16,1800,94,97
169,1991,2160,0.078241,0.914,3.331389e+01,2.067369e-03,0.0001,3.3004,0,4,59,1799,94,97
170,1990,2160,0.078704,0.914,4.145559e+01,1.985501e-03,0.0001,3.3152,0,5,65,1798,94,97
171,1989,2160,0.079167,0.914,3.639712e+01,2.007279e-03,0.0001,3.3109,0,3,31,1797,94,97
172,1988,2160,0.07963,0.914,3.511764e+01,1.986036e-03,0.0001,3.3037,0,8,10,1796,94,97
173,1987,2160,0.080093,0.914,3.398528e+01,2.007157e-03,0.0001,3.3044,0,8,64,1795,94,97
174,1986,2160,0.080556,0.914,3.399603e+01,1.985149e-03,0.0001,3.309,0,5,64,1794,94,97
175,1985,2160,0.081019,0.914,3.233062e+01,2.131562e-03,0.0001,3.2967,0,4,177,1793,94,97
176,1984,2160,0.081481,0.914,4.151344e+01,2.079049e-03,0.0001,3.2986,0,6,8,1792,94,97
177,1983,2160,0.081944,0.914,4.142681e+01,2.060675e-03,0.0001,3.2998,0,2,29,1791,94,97
178,1982,2160,0.082407,0.914,4.190915e+01,2.114880e-03,0.0001,3.3017,0,0,155,1790,94,97
179,1981,2160,0.08287,0.914,4.306227e+01,2.053426e-03,0.0001,3.2883,2,0,7,1790,94,96
180,1980,2160,0.083333,0.914,3.985986e+01,2.061854e-03,0.0001,3.2677,0,3,192,1789,94,96
181,1979,2160,0.083796,0.914,4.170462e+01,2.105084e-03,0.0001,3.2812,0,3,38,1788,94,96
182,1978,2160,0.084259,0.914,4.150775e+01,2.073233e-03,0.0001,3.296,0,6,192,1787,94,96
183,1977,2160,0.084722,0.914,4.184905e+01,2.085364e-03,0.0001,3.3107,0,2,171,1786,94,96
184,1976,2160,0.085185,0.914,4.485207e+01,2.108187e-03,0.0001,3.3024,0,6,30,1785,94,96
185,1975,2160,0.085648,0.914,4.807010e+01,2.132452e-03,0.0001,3.2936,0,0,2,1784,94,96
186,1974,2160,0.086111,0.914,5.190199e+01,2.142825e-03,0.0001,3.301,0,8,32,1783,94,96
187,1973,2160,0.086574,0.914,5.071499e+01,2.172030e-03,0.0001,3.2978,0,0,186,1782,94,96
188,1972,2160,0.087037,0.914,5.287177e+01,2.278446e-03,0.0001,3.3008,0,4,84,1781,94,96
189,1971,2160,0.0875,0.914,6.224526e+01,2.237643e-03,0.0001,3.2948,0,7,87,1780,94,96
190,1970,2160,0.087963,0.914,5.977030e+01,2.042780e-03,0.0001,3.2862,0,7,84,1779,94,96
191,1969,2160,0.088426,0.914,5.327002e+01,2.220023e-03,0.0001,3.2907,0,0,151,1778,94,96
192,1968,2160,0.088889,0.914,5.355223e+01,2.167185e-03,0.0001,3.3019,0,5,148,1777,94,96
193,1967,2160,0.089352,0.914,4.985991e+01,2.168705e-03,0.0001,3.2863,0,1,10,1776,94,96
194,1966,2160,0.089815,0.915,4.798382e+01,2.217789e-03,0.0001,3.2917,0,7,147,1775,94,96
195,1965,2160,0.090278,0.915,5.114462e+01,2.204428e-03,0.0001,3.2978,0,2,195,1774,94,96
196,1964,2160,0.090741,0.915,5.297486e+01,2.194050e-03,0.0001,3.2983,0,1,117,1773,94,96
197,1963,2160,0.091204,0.916,5.087832e+01,2.227187e-03,0.0001,3.3021,0,8,5,1772,94,96
198,1962,2160,0.091667,0.916,5.112547e+01,2.215578e-03,0.0001,3.2994,0,8,185,1771,94,96
199,1961,2160,0.09213,0.916,5.121931e+01,2.312255e-03,0.0001,3.3029,2,8,4,1771,94,95
200,1960,2160,0.092593,0.916,5.090068e+01,2.241037e-03,0.0001,3.2986,0,6,14,1770,94,95
201,1959,2160,0.093056,0.916,5.461975e+01,2.268619e-03,0.0001,3.298,0,7,191,1769,94,95
202,1958,2160,0.093519,0.916,5.701534e+01,2.234405e-03,0.0001,3.29,0,5,158,1768,94,95
203,1957,2160,0.093981,0.916,5.389489e+01,2.251844e-03,0.0001,3.289,0,8,70,1767,94,95
204,1956,2160,0.094444,0.916,5.388674e+01,2.228200e-03,0.0001,3.3076,0,1,192,1766,94,95
205,1955,2160,0.094907,0.916,5.226539e+01,2.237909e-03,0.0001,3.2902,0,9,14,1765,94,95
206,1954,2160,0.09537,0.916,5.391090e+01,2.234928e-03,0.0001,3.2898,0,5,129,1764,94,95
207,1953,2160,0.095833,0.916,5.189121e+01,2.228072e-03,0.0001,3.2879,0,0,70,1763,94,95
208,1952,2160,0.096296,0.916,5.433096e+01,2.268448e-03,0.0001,3.2975,0,2,134,1762,94,95
209,1951,2160,0.096759,0.916,5.723658e+01,2.258224e-03,0.0001,3.2984,0,1,129,1761,94,95
210,1950,2160,0.097222,0.916,5.574989e+01,2.271134e-03,0.0001,3.306,0,7,16,1760,94,95
211,1949,2160,0.097685,0.916,6.058192e+01,2.293760e-03,0.0001,3.2962,0,7,189,1759,94,95
212,1948,2160,0.098148,0.916,6.337710e+01,2.071185e-03,0.0001,3.3046,0,6,16,1758,94,95
213,1947,2160,0.098611,0.916,6.114932e+01,2.261596e-03,0.0001,3.3034,0,7,8,1757,94,95
214,1946,2160,0.099074,0.916,6.620250e+01,2.358827e-03,0.0001,3.3121,0,0,4,1756,94,95
215,1945,2160,0.099537,0.916,6.899548e+01,2.345447e-03,0.0001,3.3076,0,7,18,1755,94,95
216,1944,2160,0.1,0.916,7.177194e+01,2.313670e-03,0.0001,3.29,0,5,9,1754,94,95
217,1943,2160,0.100463,0.916,6.848949e+01,2.358812e-03,0.0001,3.3004,0,6,85,1753,94,95
218,1942,2160,0.100926,0.916,7.227168e+01,2.404161e-03,0.0001,3.305,0,3,104,1752,94,95
219,1941,2160,0.101389,0.916,7.160206e+01,2.388348e-03,0.0001,3.3078,0,6,98,1751,94,95
220,1940,2160,0.101852,0.916,7.564966e+01,2.425578e-03,0.0001,3.3059,0,3,188,1750,94,95
221,1939,2160,0.102315,0.916,7.552471e+01,2.418024e-03,0.0001,3.3108,0,7,40,1749,94,95
222,1938,2160,0.102778,0.916,7.889943e+01,2.437169e-03,0.0001,3.2935,0,7,83,1748,94,95
223,1937,2160,0.103241,0.916,8.114051e+01,2.467436e-03,0.0001,3.2924,0,9,55,1747,94,95
224,1936,2160,0.103704,0.916,8.046690e+01,2.451538e-03,0.0001,3.2887,0,4,55,1746,94,95
225,1935,2160,0.104167,0.916,8.847116e+01,2.478360e-03,0.0001,3.3029,0,5,141,1745,94,95
226,1934,2160,0.10463,0.915,8.136725e+01,2.437991e-03,0.0001,3.2944,0,5,11,1744,94,95
227,1933,2160,0.105093,0.915,7.685545e+01,2.614530e-03,0.0001,3.2851,0,4,39,1743,94,95
228,1932,2160,0.105556,0.915,8.922101e+01,2.505624e-03,0.0001,3.2997,0,5,21,1742,94,95
229,1931,2160,0.106019,0.915,8.114729e+01,2.498922e-03,0.0001,3.2956,0,9,194,1741,94,95
230,1930,2160,0.106481,0.915,8.153990e+01,2.458353e-03,0.0001,3.2966,0,5,170,1740,94,95
231,1929,2160,0.106944,0.915,7.784405e+01,2.495523e-03,0.0001,3.2874,0,7,29,1739,94,95
232,1928,2160,0.107407,0.915,8.254429e+01,2.522967e-03,0.0001,3.3012,0,7,27,1738,94,95
233,1927,2160,0.10787,0.915,8.588229e+01,2.526224e-03,0.0001,3.2967,0,1,146,1737,94,95
234,1926,2160,0.108333,0.915,8.260035e+01,2.510773e-03,0.0001,3.3049,0,5,167,1736,94,95
235,1925,2160,0.108796,0.915,8.006674e+01,2.575561e-03,0.0001,3.308,0,9,136,1735,94,95
236,1924,2160,0.109259,0.916,8.178790e+01,2.548272e-03,0.0001,3.2957,0,2,42,1734,94,95
237,1923,2160,0.109722,0.916,8.528803e+01,2.660836e-03,0.0001,3.3005,0,4,16,1733,94,95
238,1922,2160,0.110185,0.916,1.040480e+02,2.633567e-03,0.0001,3.3039,0,5,136,1732,94,95
239,1921,2160,0.110648,0.916,9.600737e+01,2.716071e-03,0.0001,3.282,0,4,42,1731,94,95
240,1920,2160,0.111111,0.916,1.103601e+02,2.837934e-03,0.0001,3.3054,0,4,86,1730,94,95
241,1919,2160,0.111574,0.916,1.174804e+02,2.687058e-03,0.0001,3.2864,0,5,19,1729,94,95
242,1918,2160,0.112037,0.916,1.066760e+02,2.683900e-03,0.0001,3.2972,0,8,117,1728,94,95
243,1917,2160,0.1125,0.915,1.030166e+02,2.699415e-03,0.0001,3.3105,0,7,138,1727,94,95
244,1916,2160,0.112963,0.915,1.045966e+02,2.666857e-03,0.0001,3.2978,0,2,143,1726,94,95
245,1915,2160,0.113426,0.915,1.056006e+02,2.734204e-03,0.0001,3.3032,0,9,67,1725,94,95
246,1914,2160,0.113889,0.915,1.050997e+02,2.784465e-03,0.0001,3.2859,0,0,3,1724,94,95
247,1913,2160,0.114352,0.915,1.081870e+02,2.681108e-03,0.0001,3.3079,0,8,42,1723,94,95
248,1912,2160,0.114815,0.915,1.034762e+02,2.768446e-03,0.0001,3.3014,0,3,182,1722,94,95
249,1911,2160,0.115278,0.915,1.028744e+02,2.828703e-03,0.0001,3.3034,0,4,31,1721,94,95
250,1910,2160,0.115741,0.915,1.225756e+02,2.774573e-03,0.0001,3.3096,0,6,168,1720,94,95
251,1909,2160,0.116204,0.916,1.240702e+02,2.818341e-03,0.0001,3.3031,0,7,168,1719,94,95
252,1908,2160,0.116667,0.916,1.171731e+02,2.866389e-03,0.0001,3.3064,0,3,4,1718,94,95
253,1907,2160,0.11713,0.916,1.149624e+02,2.832799e-03,0.0001,3.2933,0,8,148,1717,94,95
254,1906,2160,0.117593,0.915,1.125267e+02,2.789276e-03,0.0001,3.2977,0,5,81,1716,94,95
255,1905,2160,0.118056,0.915,1.084444e+02,2.844181e-03,0.0001,3.2881,0,3,59,1715,94,95
256,1904,2160,0.118519,0.915,1.126242e+02,2.843394e-03,0.0001,3.3013,0,2,158,1714,94,95
257,1903,2160,0.118981,0.915,1.167975e+02,3.057447e-03,0.0001,3.3072,0,4,120,1713,94,95
258,1902,2160,0.119444,0.916,1.338820e+02,2.966355e-03,0.0001,3.2954,0,8,142,1712,94,95
259,1901,2160,0.119907,0.915,1.265680e+02,2.923383e-03,0.0001,3.2919,0,8,167,1711,94,95
260,1900,2160,0.12037,0.916,1.225186e+02,2.898901e-03,0.0001,3.2906,0,6,97,1710,94,95
261,1899,2160,0.120833,0.916,1.295668e+02,2.952901e-03,0.0001,3.3157,0,9,139,1709,94,95
262,1898,2160,0.121296,0.916,1.302676e+02,2.955929e-03,0.0001,3.3019,0,0,139,1708,94,95
263,1897,2160,0.121759,0.916,1.282878e+02,3.043777e-03,0.0001,3.3058,0,0,32,1707,94,95
264,1896,2160,0.122222,0.916,1.333630e+02,2.987585e-03,0.0001,3.3052,0,5,12,1706,94,95
265,1895,2160,0.122685,0.916,1.283395e+02,3.012570e-03,0.0001,3.2984,0,9,192,1705,94,95
266,1894,2160,0.123148,0.916,1.317243e+02,2.989506e-03,0.0001,3.31,0,1,20,1704,94,95
267,1893,2160,0.123611,0.916,1.283131e+02,3.104196e-03,0.0001,3.3074,0,0,22,1703,94,95
268,1892,2160,0.124074,0.916,1.333328e+02,3.069851e-03,0.0001,3.2945,0,1,11,1702,94,95
269,1891,2160,0.124537,0.915,1.295835e+02,3.116817e-03,0.0001,3.3098,0,7,166,1701,94,95
270,1890,2160,0.125,0.915,1.359293e+02,3.110953e-03,0.0001,3.297,0,8,0,1700,94,95
271,1889,2160,0.125463,0.915,1.357608e+02,3.163686e-03,0.0001,3.3086,0,3,71,1699,94,95
272,1888,2160,0.125926,0.915,1.355429e+02,3.093194e-03,0.0001,3.3031,0,2,154,1698,94,95
273,1887,2160,0.126389,0.915,1.410066e+02,3.169055e-03,0.0001,3.2878,0,3,169,1697,94,95
274,1886,2160,0.126852,0.915,1.421663e+02,2.988414e-03,0.0001,3.3037,0,6,169,1696,94,95
275,1885,2160,0.127315,0.915,1.419647e+02,3.129232e-03,0.0001,3.2961,0,6,41,1695,94,95
276,1884,2160,0.127778,0.915,1.498059e+02,3.134549e-03,0.0001,3.2842,0,8,43,1694,94,95
277,1883,2160,0.128241,0.915,1.494666e+02,2.860591e-03,0.0001,3.2919,0,0,43,1693,94,95
278,1882,2160,0.128704,0.915,1.477068e+02,3.165258e-03,0.0001,3.2951,0,7,22,1692,94,95
279,1881,2160,0.129167,0.915,1.542787e+02,3.220459e-03,0.0001,3.3042,0,3,111,1691,94,95
280,1880,2160,0.12963,0.915,1.539502e+02,3.140377e-03,0.0001,3.301,0,5,159,1690,94,95
281,1879,2160,0.130093,0.915,1.486316e+02,3.124824e-03,0.0001,3.298,0,1,159,1689,94,95
282,1878,2160,0.130556,0.915,1.464096e+02,3.154376e-03,0.0001,3.3152,0,7,120,1688,94,95
283,1877,2160,0.131019,0.915,1.550796e+02,3.109015e-03,0.0001,3.3037,0,8,41,1687,94,95
284,1876,2160,0.131481,0.916,1.528437e+02,3.268316e-03,0.0001,3.2931,0,0,181,1686,94,95
285,1875,2160,0.131944,0.916,1.582931e+02,3.180018e-03,0.0001,3.3098,0,1,39,1685,94,95
286,1874,2160,0.132407,0.916,1.536171e+02,3.211932e-03,0.0001,3.2986,0,6,140,1684,94,95
287,1873,2160,0.13287,0.916,1.614314e+02,3.104056e-03,0.0001,3.285,0,7,140,1683,94,95
288,1872,2160,0.133333,0.916,1.570479e+02,3.215238e-03,0.0001,3.2997,0,7,75,1682,94,95
289,1871,2160,0.133796,0.916,1.628405e+02,3.177728e-03,0.0001,3.2944,0,1,42,1681,94,95
290,1870,2160,0.134259,0.916,1.578170e+02,3.254628e-03,0.0001,3.315,0,9,112,1680,94,95
291,1869,2160,0.134722,0.915,1.604621e+02,3.326691e-03,0.0001,3.295,0,0,108,1679,94,95
292,1868,2160,0.135185,0.915,1.646707e+02,3.303307e-03,0.0001,3.2897,0,9,60,1678,94,95
293,1867,2160,0.135648,0.915,1.642233e+02,3.287810e-03,0.0001,3.3083,0,9,115,1677,94,95
294,1866,2160,0.136111,0.915,1.658253e+02,3.284217e-03,0.0001,3.309,0,9,17,1676,94,95
295,1865,2160,0.136574,0.915,1.705581e+02,3.515597e-03,0.0001,3.3052,0,4,126,1675,94,95
296,1864,2160,0.137037,0.915,1.930468e+02,3.491355e-03,0.0001,3.2838,0,0,65,1674,94,95
297,1863,2160,0.1375,0.914,1.874872e+02,3.507584e-03,0.0001,3.3026,0,3,121,1673,94,95
298,1862,2160,0.137963,0.914,1.806643e+02,3.269919e-03,0.0001,3.2999,0,7,126,1672,94,95
299,1861,2160,0.138426,0.914,1.691542e+02,3.037268e-03,0.0001,3.2911,0,2,17,1671,94,95
300,1860,2160,0.138889,0.914,1.667648e+02,3.334210e-03,0.0001,3.3123,0,2,16,1670,94,95
301,1859,2160,0.139352,0.914,1.733691e+02,3.434009e-03,0.0001,3.3031,0,0,112,1669,94,95
302,1858,2160,0.139815,0.914,1.804941e+02,3.390053e-03,0.0001,3.2944,0,2,2,1668,94,95
303,1857,2160,0.140278,0.914,1.855120e+02,3.410380e-03,0.0001,3.2997,0,7,194,1667,94,95
304,1856,2160,0.140741,0.914,1.923360e+02,3.380655e-03,0.0001,3.3143,0,2,26,1666,94,95
305,1855,2160,0.141204,0.914,1.982658e+02,3.460575e-03,0.0001,3.3131,0,3,37,1665,94,95
306,1854,2160,0.141667,0.914,1.980502e+02,3.412342e-03,0.0001,3.3037,0,2,150,1664,94,95
307,1853,2160,0.14213,0.914,2.025876e+02,3.391771e-03,0.0001,3.3026,0,5,3,1663,94,95
308,1852,2160,0.142593,0.914,1.973159e+02,3.382984e-03,0.0001,3.3016,0,1,112,1662,94,95
309,1851,2160,0.143056,0.914,1.945823e+02,3.392460e-03,0.0001,3.3086,0,2,101,1661,94,95
310,1850,2160,0.143519,0.914,2.021584e+02,3.501666e-03,0.0001,3.309,0,0,21,1660,94,95
311,1849,2160,0.143981,0.914,2.074688e+02,3.466667e-03,0.0001,3.3022,0,9,101,1659,94,95
312,1848,2160,0.144444,0.914,1.975507e+02,3.403943e-03,0.0001,3.3132,0,5,153,1658,94,95
313,1847,2160,0.144907,0.914,1.927940e+02,3.400191e-03,0.0001,3.2903,0,5,55,1657,94,95
314,1846,2160,0.14537,0.914,1.898671e+02,3.399958e-03,0.0001,3.3015,0,5,39,1656,94,95
315,1845,2160,0.145833,0.914,1.875676e+02,3.418401e-03,0.0001,3.2931,0,5,75,1655,94,95
316,1844,2160,0.146296,0.914,1.859109e+02,3.522477e-03,0.0001,3.2861,0,9,95,1654,94,95
317,1843,2160,0.146759,0.914,1.905918e+02,3.750456e-03,0.0001,3.3006,0,4,11,1653,94,95
318,1842,2160,0.147222,0.914,2.217920e+02,3.620424e-03,0.0001,3.3053,0,2,71,1652,94,95
319,1841,2160,0.147685,0.914,2.216031e+02,3.647827e-03,0.0001,3.3045,0,3,115,1651,94,95
320,1840,2160,0.148148,0.914,2.178517e+02,3.696612e-03,0.0001,3.3062,0,0,190,1650,94,95
321,1839,2160,0.148611,0.914,2.213231e+02,3.628791e-03,0.0001,3.302,0,2,181,1649,94,95
322,1838,2160,0.149074,0.914,2.237715e+02,3.591121e-03,0.0001,3.2999,0,1,186,1648,94,95
323,1837,2160,0.149537,0.914,2.169524e+02,3.650511e-03,0.0001,3.3064,0,9,146,1647,94,95
324,1836,2160,0.15,0.914,2.177581e+02,3.538034e-03,0.0001,3.3072,0,6,11,1646,94,95
325,1835,2160,0.150463,0.914,2.191208e+02,3.597277e-03,0.0001,3.3047,0,1,72,1645,94,95
326,1834,2160,0.150926,0.914,2.120966e+02,3.641418e-03,0.0001,3.3091,0,8,80,1644,94,95
327,1833,2160,0.151389,0.914,2.117201e+02,3.738345e-03,0.0001,3.2993,0,0,165,1643,94,95
328,1832,2160,0.151852,0.914,2.174334e+02,3.706315e-03,0.0001,3.3007,0,9,140,1642,94,95
329,1831,2160,0.152315,0.914,2.173010e+02,3.718054e-03,0.0001,3.3018,0,3,195,1641,94,95
330,1830,2160,0.152778,0.914,2.158533e+02,3.864103e-03,0.0001,3.3071,0,4,40,1640,94,95
331,1829,2160,0.153241,0.914,2.504179e+02,3.850486e-03,0.0001,3.3104,0,3,9,1639,94,95
332,1828,2160,0.153704,0.914,2.405764e+02,3.850941e-03,0.0001,3.3014,0,0,13,1638,94,95
333,1827,2160,0.154167,0.914,2.397684e+02,3.724438e-03,0.0001,3.3026,0,2,13,1637,94,95
334,1826,2160,0.15463,0.914,2.395849e+02,3.683748e-03,0.0001,3.3013,0,1,49,1636,94,95
335,1825,2160,0.155093,0.913,2.327888e+02,3.681904e-03,0.0001,3.2978,0,1,73,1635,94,95
336,1824,2160,0.155556,0.913,2.283943e+02,3.806405e-03,0.0001,3.2945,0,0,178,1634,94,95
337,1823,2160,0.156019,0.913,2.361699e+02,3.401241e-03,0.0001,3.3039,0,9,178,1633,94,95
338,1822,2160,0.156481,0.913,2.272887e+02,3.714703e-03,0.0001,3.3046,0,6,2,1632,94,95
339,1821,2160,0.156944,0.913,2.370892e+02,3.849745e-03,0.0001,3.2814,0,0,173,1631,94,95
340,1820,2160,0.157407,0.913,2.410541e+02,3.860105e-03,0.0001,3.3005,0,0,79,1630,94,95
341,1819,2160,0.15787,0.913,2.458147e+02,3.767296e-03,0.0001,3.3031,0,1,35,1629,94,95
342,1818,2160,0.158333,0.913,2.377456e+02,3.830872e-03,0.0001,3.3003,0,3,125,1628,94,95
343,1817,2160,0.158796,0.913,2.380607e+02,3.743508e-03,0.0001,3.3129,0,5,89,1627,94,95
344,1816,2160,0.159259,0.913,2.313403e+02,3.733002e-03,0.0001,3.2996,0,1,43,1626,94,95
345,1815,2160,0.159722,0.914,2.282440e+02,3.774674e-03,0.0001,3.3029,0,3,140,1625,94,95
346,1814,2160,0.160185,0.915,2.322826e+02,3.764929e-03,0.0001,3.2958,0,2,5,1624,94,95
347,1813,2160,0.160648,0.915,2.419448e+02,3.889623e-03,0.0001,3.3135,0,0,110,1623,94,95
348,1812,2160,0.161111,0.915,2.494535e+02,3.832987e-03,0.0001,3.3059,0,7,163,1622,94,95
349,1811,2160,0.161574,0.915,2.580626e+02,3.894819e-03,0.0001,3.3087,0,3,184,1621,94,95
350,1810,2160,0.162037,0.915,2.564069e+02,3.857379e-03,0.0001,3.2974,0,8,6,1620,94,95
351,1809,2160,0.1625,0.915,2.540909e+02,3.819545e-03,0.0001,3.3118,0,6,42,1619,94,95
352,1808,2160,0.162963,0.915,2.700476e+02,3.795444e-03,0.0001,3.3027,0,1,185,1618,94,95
353,1807,2160,0.163426,0.915,2.655059e+02,3.785246e-03,0.0001,3.307,0,5,10,1617,94,95
354,1806,2160,0.163889,0.915,2.616761e+02,3.799859e-03,0.0001,3.2964,0,5,29,1616,94,95
355,1805,2160,0.164352,0.915,2.587981e+02,3.884442e-03,0.0001,3.3071,0,7,4,1615,94,95
356,1804,2160,0.164815,0.915,2.727238e+02,3.920831e-03,0.0001,3.3055,0,7,38,1614,94,95
357,1803,2160,0.165278,0.915,2.810464e+02,3.898556e-03,0.0001,3.2909,0,1,183,1613,94,95
358,1802,2160,0.165741,0.915,2.730282e+02,3.726522e-03,0.0001,3.3031,0,6,4,1612,94,95
359,1801,2160,0.166204,0.914,2.749258e+02,3.926280e-03,0.0001,3.3038,0,7,54,1611,94,95
360,1800,2160,0.166667,0.914,2.841722e+02,3.916952e-03,0.0001,3.3063,0,7,0,1610,94,95
361,1799,2160,0.16713,0.915,2.959779e+02,3.870387e-03,0.0001,3.3117,0,3,0,1609,94,95
362,1798,2160,0.167593,0.915,3.057959e+02,3.862797e-03,0.0001,3.3073,0,1,9,1608,94,95
363,1797,2160,0.168056,0.915,3.027886e+02,3.862078e-03,0.0001,3.3072,0,5,181,1607,94,95
364,1796,2160,0.168519,0.915,2.994954e+02,3.912808e-03,0.0001,3.303,0,8,71,1606,94,95
365,1795,2160,0.168981,0.915,3.033814e+02,3.972991e-03,0.0001,3.2885,0,0,54,1605,94,95
366,1794,2160,0.169444,0.915,3.100440e+02,3.955358e-03,0.0001,3.2955,0,8,22,1604,94,95
367,1793,2160,0.169907,0.915,3.144886e+02,3.932651e-03,0.0001,3.3063,0,5,40,1603,94,95
368,1792,2160,0.17037,0.915,3.110098e+02,3.851446e-03,0.0001,3.3149,0,2,0,1602,94,95
369,1791,2160,0.170833,0.915,3.163621e+02,4.128403e-03,0.0001,3.3194,0,4,70,1601,94,95
370,1790,2160,0.171296,0.915,3.675565e+02,4.171510e-03,0.0001,3.2974,0,0,41,1600,94,95
371,1789,2160,0.171759,0.915,3.696034e+02,3.890773e-03,0.0001,3.3133,0,7,70,1599,94,95
372,1788,2160,0.172222,0.915,3.553200e+02,4.048986e-03,0.0001,3.3073,0,8,188,1598,94,95
373,1787,2160,0.172685,0.915,3.522396e+02,3.656849e-03,0.0001,3.3021,0,6,70,1597,94,95
374,1786,2160,0.173148,0.915,3.568265e+02,3.808933e-03,0.0001,3.3025,0,9,41,1596,94,95
375,1785,2160,0.173611,0.915,3.564626e+02,4.179062e-03,0.0001,3.2929,0,4,112,1595,94,95
376,1784,2160,0.174074,0.915,4.085331e+02,4.189202e-03,0.0001,3.3058,0,6,1,1594,94,95
377,1783,2160,0.174537,0.915,4.090360e+02,4.122799e-03,0.0001,3.3021,0,1,83,1593,94,95
378,1782,2160,0.175,0.915,3.941102e+02,4.067766e-03,0.0001,3.3025,0,1,101,1592,94,95
379,1781,2160,0.175463,0.915,3.846515e+02,4.306035e-03,0.0001,3.2991,0,4,3,1591,94,95
380,1780,2160,0.175926,0.915,4.293177e+02,4.275084e-03,0.0001,3.2979,0,6,116,1590,94,95
381,1779,2160,0.176389,0.915,4.242938e+02,4.209207e-03,0.0001,3.2993,0,1,178,1589,94,95
382,1778,2160,0.176852,0.915,4.061905e+02,4.259154e-03,0.0001,3.2985,0,3,183,1588,94,95
383,1777,2160,0.177315,0.915,4.004659e+02,4.219010e-03,0.0001,3.3099,0,6,15,1587,94,95
384,1776,2160,0.177778,0.915,4.068286e+02,4.135202e-03,0.0001,3.3085,2,9,7,1587,94,94
385,1775,2160,0.178241,0.915,3.948555e+02,4.158920e-03,0.0001,3.313,0,1,175,1586,94,94
386,1774,2160,0.178704,0.915,3.888872e+02,4.246321e-03,0.0001,3.3153,0,7,68,1585,94,94
387,1773,2160,0.179167,0.915,3.989681e+02,4.230659e-03,0.0001,3.2913,0,5,119,1584,94,94
388,1772,2160,0.17963,0.915,3.892043e+02,4.346404e-03,0.0001,3.3,0,0,125,1583,94,94
389,1771,2160,0.180093,0.915,4.015125e+02,4.140974e-03,0.0001,3.319,0,8,125,1582,94,94
390,1770,2160,0.180556,0.915,3.845395e+02,4.455228e-03,0.0001,3.2946,0,4,30,1581,94,94
391,1769,2160,0.181019,0.915,4.360096e+02,4.370386e-03,0.0001,3.3028,0,2,125,1580,94,94
392,1768,2160,0.181481,0.915,4.316785e+02,4.305685e-03,0.0001,3.3077,0,5,4,1579,94,94
393,1767,2160,0.181944,0.915,4.168275e+02,4.575796e-03,0.0001,3.302,0,4,12,1578,94,94
394,1766,2160,0.182407,0.915,4.600865e+02,4.411231e-03,0.0001,3.3036,0,1,66,1577,94,94
395,1765,2160,0.18287,0.915,4.368998e+02,4.383432e-03,0.0001,3.3073,0,8,37,1576,94,94
396,1764,2160,0.183333,0.915,4.289347e+02,4.319112e-03,0.0001,3.3003,0,0,37,1575,94,94
397,1763,2160,0.183796,0.915,4.222691e+02,4.457109e-03,0.0001,3.3038,0,7,145,1574,94,94
398,1762,2160,0.184259,0.915,4.294524e+02,4.671714e-03,0.0001,3.2913,0,4,154,1573,94,94
399,1761,2160,0.184722,0.915,4.710337e+02,4.685536e-03,0.0001,3.3103,0,0,179,1572,94,94
400,1760,2160,0.185185,0.915,4.605865e+02,4.601075e-03,0.0001,3.2978,0,0,67,1571,94,94
401,1759,2160,0.185648,0.915,4.572537e+02,4.542334e-03,0.0001,3.3077,0,9,91,1570,94,94
402,1758,2160,0.186111,0.915,4.505437e+02,4.440830e-03,0.0001,3.3063,0,1,136,1569,94,94
403,1757,2160,0.186574,0.915,4.381461e+02,4.475904e-03,0.0001,3.307,0,7,64,1568,94,94
404,1756,2160,0.187037,0.915,4.520457e+02,4.556538e-03,0.0001,3.3079,0,0,168,1567,94,94
405,1755,2160,0.1875,0.915,4.650017e+02,3.907126e-03,0.0001,3.3038,0,8,168,1566,94,94
406,1754,2160,0.187963,0.915,4.426939e+02,4.503998e-03,0.0001,3.2949,0,7,187,1565,94,94
407,1753,2160,0.188426,0.915,4.567250e+02,4.509049e-03,0.0001,3.3078,0,6,143,1564,94,94
408,1752,2160,0.188889,0.915,4.704394e+02,4.555432e-03,0.0001,3.2991,0,7,113,1563,94,94
409,1751,2160,0.189352,0.915,4.790650e+02,4.810256e-03,0.0001,3.2933,0,4,25,1562,94,94
410,1750,2160,0.189815,0.915,5.215327e+02,4.448766e-03,0.0001,3.3087,0,0,25,1561,94,94
411,1749,2160,0.190278,0.915,5.093254e+02,4.741825e-03,0.0001,3.2938,1,4,2,1561,93,94
412,1748,2160,0.190741,0.915,5.016829e+02,4.259231e-03,0.0001,3.305,0,3,25,1560,93,94
413,1747,2160,0.191204,0.915,4.838131e+02,4.382751e-03,0.0001,3.3037,0,8,187,1559,93,94
414,1746,2160,0.191667,0.915,4.780897e+02,4.529049e-03,0.0001,3.3032,2,8,9,1559,93,93
415,1745,2160,0.19213,0.915,4.785834e+02,4.434108e-03,0.0001,3.3028,0,2,145,1558,93,93
416,1744,2160,0.192593,0.914,4.849040e+02,4.552938e-03,0.0001,3.2993,0,6,150,1557,93,93
417,1743,2160,0.193056,0.915,4.958613e+02,4.663666e-03,0.0001,3.3009,0,3,73,1556,93,93
418,1742,2160,0.193519,0.915,4.938162e+02,4.530279e-03,0.0001,3.319,0,1,123,1555,93,93
419,1741,2160,0.193981,0.915,4.841162e+02,4.628809e-03,0.0001,3.3012,0,3,52,1554,93,93
420,1740,2160,0.194444,0.915,4.858970e+02,4.592169e-03,0.0001,3.3119,0,8,74,1553,93,93
421,1739,2160,0.194907,0.915,4.854459e+02,4.555822e-03,0.0001,3.3027,0,2,55,1552,93,93
422,1738,2160,0.19537,0.915,5.016322e+02,4.548221e-03,0.0001,3.3111,0,1,27,1551,93,93
423,1737,2160,0.195833,0.915,4.978770e+02,4.854297e-03,0.0001,3.3124,0,4,181,1550,93,93
424,1736,2160,0.196296,0.915,5.575917e+02,5.060147e-03,0.0001,3.3022,0,4,24,1549,93,93
425,1735,2160,0.196759,0.915,5.856440e+02,4.848709e-03,0.0001,3.3085,0,8,97,1548,93,93
426,1734,2160,0.197222,0.915,5.580792e+02,4.836908e-03,0.0001,3.3019,0,9,167,1547,93,93
427,1733,2160,0.197685,0.915,5.464299e+02,4.803136e-03,0.0001,3.2958,0,6,26,1546,93,93
428,1732,2160,0.198148,0.915,5.506987e+02,4.692736e-03,0.0001,3.2929,0,1,14,1545,93,93
429,1731,2160,0.198611,0.915,5.357534e+02,4.689729e-03,0.0001,3.3072,0,8,65,1544,93,93
430,1730,2160,0.199074,0.915,5.358152e+02,4.725448e-03,0.0001,3.3131,0,6,55,1543,93,93
431,1729,2160,0.199537,0.915,5.479096e+02,4.655733e-03,0.0001,3.2878,2,5,7,1543,93,92
432,1728,2160,0.2,0.915,5.350373e+02,4.789397e-03,0.0001,3.3079,0,3,100,1542,93,92
433,1727,2160,0.200463,0.915,5.355088e+02,4.708607e-03,0.0001,3.3045,0,2,183,1541,93,92
434,1726,2160,0.200926,0.915,5.459399e+02,4.867006e-03,0.0001,3.3014,0,0,46,1540,93,92
435,1725,2160,0.201389,0.915,5.544466e+02,4.743486e-03,0.0001,3.3053,0,5,130,1539,93,92
436,1724,2160,0.201852,0.915,5.409537e+02,4.716735e-03,0.0001,3.2997,0,0,55,1538,93,92
437,1723,2160,0.202315,0.915,5.526693e+02,4.864855e-03,0.0001,3.2995,0,7,180,1537,93,92
438,1722,2160,0.202778,0.915,5.604707e+02,5.018356e-03,0.0001,3.2994,0,0,72,1536,93,92
439,1721,2160,0.203241,0.915,5.637885e+02,4.890501e-03,0.0001,3.3091,0,8,194,1535,93,92
440,1720,2160,0.203704,0.915,5.610754e+02,4.939124e-03,0.0001,3.3121,0,6,43,1534,93,92
441,1719,2160,0.204167,0.915,5.757480e+02,4.613390e-03,0.0001,3.3034,0,8,72,1533,93,92
442,1718,2160,0.20463,0.915,5.631040e+02,4.927294e-03,0.0001,3.2975,0,7,133,1532,93,92
443,1717,2160,0.205093,0.915,5.773841e+02,5.116965e-03,0.0001,3.2973,0,4,183,1531,93,92
444,1716,2160,0.205556,0.915,6.384175e+02,4.689174e-03,0.0001,3.2997,0,0,183,1530,93,92
445,1715,2160,0.206019,0.915,6.114501e+02,4.593349e-03,0.0001,3.2982,0,7,183,1529,93,92
446,1714,2160,0.206481,0.915,5.815877e+02,5.139670e-03,0.0001,3.2978,0,4,166,1528,93,92
447,1713,2160,0.206944,0.915,6.390595e+02,5.089668e-03,0.0001,3.3017,0,9,85,1527,93,92
448,1712,2160,0.207407,0.915,6.341592e+02,5.020034e-03,0.0001,3.3102,0,8,84,1526,93,92
449,1711,2160,0.20787,0.915,6.279521e+02,4.940283e-03,0.0001,3.2998,0,1,25,1525,93,92
450,1710,2160,0.208333,0.915,6.165237e+02,4.984294e-03,0.0001,3.2957,0,8,113,1524,93,92
451,1709,2160,0.208796,0.915,6.176697e+02,5.129718e-03,0.0001,3.298,0,0,122,1523,93,92
452,1708,2160,0.209259,0.915,6.291413e+02,4.792046e-03,0.0001,3.3089,0,3,166,1522,93,92
453,1707,2160,0.209722,0.915,6.135608e+02,4.536213e-03,0.0001,3.3014,0,6,166,1521,93,92
454,1706,2160,0.210185,0.915,6.036625e+02,4.971898e-03,0.0001,3.3062,0,8,111,1520,93,92
455,1705,2160,0.210648,0.915,6.119951e+02,5.113536e-03,0.0001,3.2943,0,0,6,1519,93,92
456,1704,2160,0.211111,0.915,6.313705e+02,5.112630e-03,0.0001,3.298,0,7,114,1518,93,92
457,1703,2160,0.211574,0.915,6.451500e+02,5.156085e-03,0.0001,3.3006,0,9,15,1517,93,92
458,1702,2160,0.212037,0.915,6.462651e+02,5.141237e-03,0.0001,3.292,0,9,100,1516,93,92
459,1701,2160,0.2125,0.915,6.444683e+02,5.331184e-03,0.0001,3.3076,0,4,41,1515,93,92
460,1700,2160,0.212963,0.915,7.221359e+02,5.227263e-03,0.0001,3.3006,0,2,166,1514,93,92
461,1699,2160,0.213426,0.915,7.159362e+02,5.152910e-03,0.0001,3.3094,0,2,179,1513,93,92
462,1698,2160,0.213889,0.915,7.144461e+02,5.183719e-03,0.0001,3.2988,0,9,87,1512,93,92
463,1697,2160,0.214352,0.915,7.058297e+02,4.856050e-03,0.0001,3.2924,0,9,166,1511,93,92
464,1696,2160,0.214815,0.915,6.858382e+02,4.894115e-03,0.0001,3.2981,0,7,111,1510,93,92
465,1695,2160,0.215278,0.915,6.906586e+02,5.423160e-03,0.0001,3.2975,0,4,9,1509,93,92
466,1694,2160,0.215741,0.915,7.618051e+02,5.362424e-03,0.0001,3.3031,0,9,123,1508,93,92
467,1693,2160,0.216204,0.915,7.457990e+02,5.433798e-03,0.0001,3.2978,0,0,184,1507,93,92
468,1692,2160,0.216667,0.915,7.429581e+02,5.384401e-03,0.0001,3.3068,0,0,153,1506,93,92
469,1691,2160,0.21713,0.915,7.437401e+02,5.219723e-03,0.0001,3.3056,0,5,99,1505,93,92
470,1690,2160,0.217593,0.915,7.220216e+02,5.221470e-03,0.0001,3.3019,0,8,175,1504,93,92
471,1689,2160,0.218056,0.915,7.176415e+02,5.165800e-03,0.0001,3.2887,0,9,179,1503,93,92
472,1688,2160,0.218519,0.915,7.164571e+02,5.187371e-03,0.0001,3.3108,0,9,126,1502,93,92
473,1687,2160,0.218981,0.915,7.237137e+02,5.232947e-03,0.0001,3.3152,0,3,85,1501,93,92
474,1686,2160,0.219444,0.915,7.204321e+02,4.767044e-03,0.0001,3.3005,0,0,126,1500,93,92
475,1685,2160,0.219907,0.915,7.181832e+02,5.292023e-03,0.0001,3.2899,0,3,18,1499,93,92
476,1684,2160,0.22037,0.915,7.181427e+02,5.050190e-03,0.0001,3.31,0,8,18,1498,93,92
477,1683,2160,0.220833,0.915,7.204321e+02,5.284609e-03,0.0001,3.2949,0,3,139,1497,93,92
478,1682,2160,0.221296,0.915,7.239015e+02,5.336903e-03,0.0001,3.3069,0,0,27,1496,93,92
479,1681,2160,0.221759,0.915,7.389724e+02,5.276749e-03,0.0001,3.3064,0,1,162,1495,93,92
480,1680,2160,0.222222,0.916,7.291916e+02,5.228415e-03,0.0001,3.3024,0,5,189,1494,93,92
481,1679,2160,0.222685,0.916,7.213688e+02,5.268940e-03,0.0001,3.3006,0,2,1,1493,93,92
482,1678,2160,0.223148,0.916,7.422390e+02,5.398386e-03,0.0001,3.3074,0,0,28,1492,93,92
483,1677,2160,0.223611,0.916,7.651790e+02,5.410822e-03,0.0001,3.3023,0,8,23,1491,93,92
484,1676,2160,0.224074,0.916,7.581776e+02,5.728108e-03,0.0001,3.306,0,4,189,1490,93,92
485,1675,2160,0.224537,0.916,8.213622e+02,5.617960e-03,0.0001,3.3107,0,0,191,1489,93,92
486,1674,2160,0.225,0.916,8.182699e+02,5.398962e-03,0.0001,3.3013,0,2,168,1488,93,92
487,1673,2160,0.225463,0.916,8.283115e+02,5.577692e-03,0.0001,3.3009,0,0,124,1487,93,92
488,1672,2160,0.225926,0.916,8.378185e+02,5.592363e-03,0.0001,3.3054,0,3,5,1486,93,92
489,1671,2160,0.226389,0.916,8.309310e+02,5.577757e-03,0.0001,3.31,0,9,129,1485,93,92
490,1670,2160,0.226852,0.916,8.295593e+02,5.642056e-03,0.0001,3.3106,0,3,89,1484,93,92
491,1669,2160,0.227315,0.915,8.230591e+02,5.489898e-03,0.0001,3.3121,0,1,52,1483,93,92
492,1668,2160,0.227778,0.916,8.087055e+02,5.827343e-03,0.0001,3.3082,0,4,22,1482,93,92
493,1667,2160,0.228241,0.916,8.918744e+02,5.656492e-03,0.0001,3.3117,0,2,182,1481,93,92
494,1666,2160,0.228704,0.916,8.919369e+02,5.689339e-03,0.0001,3.2992,0,9,46,1480,93,92
495,1665,2160,0.229167,0.916,8.885231e+02,5.731764e-03,0.0001,3.2972,0,0,113,1479,93,92
496,1664,2160,0.22963,0.916,9.009795e+02,5.451085e-03,0.0001,3.2946,0,3,113,1478,93,92
497,1663,2160,0.230093,0.916,8.951004e+02,5.694933e-03,0.0001,3.279,0,0,71,1477,93,92
498,1662,2160,0.230556,0.916,9.070024e+02,5.662701e-03,0.0001,3.287,0,9,153,1476,93,92
499,1661,2160,0.231019,0.916,9.055295e+02,5.055202e-03,0.0001,3.3012,0,2,153,1475,93,92
500,1660,2160,0.231481,0.916,8.800200e+02,5.651970e-03,0.0001,3.2967,0,7,102,1474,93,92
501,1659,2160,0.231944,0.916,8.972603e+02,5.648844e-03,0.0001,3.3132,0,8,94,1473,93,92
502,1658,2160,0.232407,0.916,8.910986e+02,5.544186e-03,0.0001,3.3147,0,8,8,1472,93,92
503,1657,2160,0.23287,0.916,8.958813e+02,5.618164e-03,0.0001,3.3077,0,9,102,1471,93,92
504,1656,2160,0.233333,0.916,8.979339e+02,5.673494e-03,0.0001,3.297,0,9,69,1470,93,92
505,1655,2160,0.233796,0.916,9.009159e+02,5.535123e-03,0.0001,3.2898,0,0,69,1469,93,92
506,1654,2160,0.234259,0.916,8.928966e+02,5.164172e-03,0.0001,3.3031,0,7,69,1468,93,92
507,1653,2160,0.234722,0.916,8.843852e+02,5.804863e-03,0.0001,3.3057,0,0,152,1467,93,92
508,1652,2160,0.235185,0.916,9.008386e+02,5.620687e-03,0.0001,3.2984,0,5,57,1466,93,92
509,1651,2160,0.235648,0.916,8.848986e+02,5.569767e-03,0.0001,3.3155,0,5,106,1465,93,92
510,1650,2160,0.236111,0.916,8.754175e+02,5.575602e-03,0.0001,3.3143,0,1,152,1464,93,92
511,1649,2160,0.236574,0.915,8.719408e+02,5.809749e-03,0.0001,3.3093,0,4,194,1463,93,92
512,1648,2160,0.237037,0.916,9.836762e+02,6.115892e-03,0.0001,3.2989,0,4,155,1462,93,92
513,1647,2160,0.2375,0.916,1.051821e+03,5.880110e-03,0.0001,3.3085,0,1,19,1461,93,92
514,1646,2160,0.237963,0.916,1.004904e+03,5.801265e-03,0.0001,3.2945,0,2,169,1460,93,92
515,1645,2160,0.238426,0.916,1.004719e+03,5.820469e-03,0.0001,3.3123,0,6,195,1459,93,92
516,1644,2160,0.238889,0.916,1.017960e+03,5.749697e-03,0.0001,3.2873,0,5,52,1458,93,92
517,1643,2160,0.239352,0.916,9.937775e+02,5.940353e-03,0.0001,3.3116,0,0,26,1457,93,92
518,1642,2160,0.239815,0.916,1.008642e+03,5.795200e-03,0.0001,3.2818,0,9,1,1456,93,92
519,1641,2160,0.240278,0.916,1.011098e+03,6.027963e-03,0.0001,3.3008,0,0,7,1455,93,92
520,1640,2160,0.240741,0.916,1.017198e+03,5.921947e-03,0.0001,3.2908,0,6,121,1454,93,92
521,1639,2160,0.241204,0.916,1.030645e+03,5.997762e-03,0.0001,3.289,0,3,27,1453,93,92
522,1638,2160,0.241667,0.916,1.021935e+03,6.003731e-03,0.0001,3.3088,0,3,118,1452,93,92
523,1637,2160,0.24213,0.916,1.010658e+03,5.600219e-03,0.0001,3.3033,0,2,118,1451,93,92
524,1636,2160,0.242593,0.916,1.009389e+03,6.193791e-03,0.0001,3.3069,0,4,108,1450,93,92
525,1635,2160,0.243056,0.916,1.085317e+03,5.814043e-03,0.0001,3.3179,0,6,27,1449,93,92
526,1634,2160,0.243519,0.916,1.076080e+03,5.952808e-03,0.0001,3.3141,0,6,178,1448,93,92
527,1633,2160,0.243981,0.916,1.079570e+03,6.008866e-03,0.0001,3.3089,0,9,180,1447,93,92
528,1632,2160,0.244444,0.916,1.069184e+03,5.876631e-03,0.0001,3.3118,0,5,111,1446,93,92
529,1631,2160,0.244907,0.916,1.042676e+03,6.062476e-03,0.0001,3.3026,0,0,143,1445,93,92
530,1630,2160,0.24537,0.916,1.059836e+03,5.885606e-03,0.0001,3.2971,0,6,183,1444,93,92
531,1629,2160,0.245833,0.916,1.095220e+03,6.182316e-03,0.0001,3.3091,0,4,100,1443,93,92
532,1628,2160,0.246296,0.916,1.202962e+03,6.139069e-03,0.0001,3.3045,0,6,7,1442,93,92
533,1627,2160,0.246759,0.916,1.200305e+03,5.515369e-03,0.0001,3.2959,0,7,7,1441,93,92
534,1626,2160,0.247222,0.916,1.164307e+03,5.996734e-03,0.0001,3.3078,0,2,56,1440,93,92
535,1625,2160,0.247685,0.916,1.172918e+03,5.939916e-03,0.0001,3.3124,0,5,45,1439,93,92
536,1624,2160,0.248148,0.916,1.150034e+03,5.933583e-03,0.0001,3.3096,1,7,7,1439,92,92
537,1623,2160,0.248611,0.916,1.131800e+03,5.561700e-03,0.0001,3.3167,0,9,56,1438,92,92
538,1622,2160,0.249074,0.916,1.111337e+03,5.986847e-03,0.0001,3.3016,0,2,45,1437,92,92
539,1621,2160,0.249537,0.916,1.130184e+03,5.938755e-03,0.0001,3.3094,2,7,7,1437,92,91
540,1620,2160,0.25,0.916,1.114475e+03,6.029632e-03,0.0001,3.297,0,6,184,1436,92,91
541,1619,2160,0.250463,0.916,1.148423e+03,6.422342e-03,0.0001,3.2988,0,4,56,1435,92,91
542,1618,2160,0.250926,0.916,1.230267e+03,6.276204e-03,0.0001,3.3091,0,3,26,1434,92,91
543,1617,2160,0.251389,0.916,1.197138e+03,6.444564e-03,0.0001,3.291,0,4,47,1433,92,91
544,1616,2160,0.251852,0.916,1.269792e+03,6.240499e-03,0.0001,3.2884,0,5,43,1432,92,91
545,1615,2160,0.252315,0.917,1.216098e+03,6.137079e-03,0.0001,3.2985,0,5,110,1431,92,91
546,1614,2160,0.252778,0.917,1.181217e+03,5.745539e-03,0.0001,3.3052,0,3,56,1430,92,91
547,1613,2160,0.253241,0.917,1.160071e+03,6.038328e-03,0.0001,3.3052,0,6,0,1429,92,91
548,1612,2160,0.253704,0.918,1.199441e+03,6.213156e-03,0.0001,3.2982,2,2,1,1429,92,90
549,1611,2160,0.254167,0.917,1.216913e+03,6.110571e-03,0.0001,3.2786,0,8,7,1428,92,90
550,1610,2160,0.25463,0.916,1.212873e+03,6.082235e-03,0.0001,3.2916,0,8,11,1427,92,90
551,1609,2160,0.255093,0.917,1.215121e+03,6.046048e-03,0.0001,3.2964,0,1,181,1426,92,90
552,1608,2160,0.255556,0.916,1.204425e+03,6.079935e-03,0.0001,3.304,0,7,184,1425,92,90
553,1607,2160,0.256019,0.915,1.233023e+03,6.206184e-03,0.0001,3.3069,0,7,71,1424,92,90
554,1606,2160,0.256481,0.915,1.262921e+03,6.357473e-03,0.0001,3.3084,0,0,180,1423,92,90
555,1605,2160,0.256944,0.915,1.286662e+03,6.322149e-03,0.0001,3.3051,0,9,32,1422,92,90
556,1604,2160,0.257407,0.914,1.292483e+03,6.356906e-03,0.0001,3.3082,0,6,181,1421,92,90
557,1603,2160,0.25787,0.915,1.313540e+03,6.271619e-03,0.0001,3.3039,0,1,2,1420,92,90
558,1602,2160,0.258333,0.914,1.290013e+03,6.256537e-03,0.0001,3.2963,0,7,112,1419,92,90
559,1601,2160,0.258796,0.915,1.329224e+03,6.221134e-03,0.0001,3.3004,0,5,168,1418,92,90
560,1600,2160,0.259259,0.915,1.312585e+03,6.254316e-03,0.0001,3.3086,0,1,149,1417,92,90
561,1599,2160,0.259722,0.915,1.303013e+03,6.759992e-03,0.0001,3.3033,0,4,21,1416,92,90
562,1598,2160,0.260185,0.916,1.399604e+03,6.706760e-03,0.0001,3.3027,0,3,158,1415,92,90
563,1597,2160,0.260648,0.915,1.366282e+03,6.624960e-03,0.0001,3.3035,0,0,9,1414,92,90
564,1596,2160,0.261111,0.916,1.374752e+03,6.556794e-03,0.0001,3.3067,0,9,7,1413,92,90
565,1595,2160,0.261574,0.914,1.373912e+03,6.562355e-03,0.0001,3.3008,0,9,4,1412,92,90
566,1594,2160,0.262037,0.916,1.377734e+03,6.438146e-03,0.0001,3.2878,0,1,173,1411,92,90
567,1593,2160,0.2625,0.915,1.356452e+03,6.295140e-03,0.0001,3.318,0,4,4,1410,92,90
568,1592,2160,0.262963,0.915,1.504260e+03,6.351543e-03,0.0001,3.3005,0,5,23,1409,92,90
569,1591,2160,0.263426,0.915,1.489548e+03,6.330035e-03,0.0001,3.3088,0,7,181,1408,92,90
570,1590,2160,0.263889,0.915,1.531380e+03,6.381982e-03,0.0001,3.2934,1,7,1,1408,91,90
571,1589,2160,0.264352,0.915,1.517452e+03,6.300510e-03,0.0001,3.2844,0,3,7,1407,91,90
572,1588,2160,0.264815,0.915,1.510379e+03,6.510292e-03,0.0001,3.2977,0,8,39,1406,91,90
573,1587,2160,0.265278,0.915,1.514537e+03,6.708684e-03,0.0001,3.3034,0,0,45,1405,91,90
574,1586,2160,0.265741,0.915,1.531457e+03,6.287576e-03,0.0001,3.2929,0,4,7,1404,91,90
575,1585,2160,0.266204,0.915,1.682215e+03,6.573001e-03,0.0001,3.2984,0,6,110,1403,91,90
576,1584,2160,0.266667,0.915,1.712050e+03,6.656299e-03,0.0001,3.3105,0,0,185,1402,91,90
577,1583,2160,0.26713,0.915,1.740479e+03,6.140443e-03,0.0001,3.3111,0,7,185,1401,91,90
578,1582,2160,0.267593,0.915,1.717676e+03,6.703486e-03,0.0001,3.3038,0,0,169,1400,91,90
579,1581,2160,0.268056,0.915,1.735147e+03,6.380844e-03,0.0001,3.3056,0,9,45,1399,91,90
580,1580,2160,0.268519,0.914,1.734439e+03,6.520295e-03,0.0001,3.3088,0,8,141,1398,91,90
581,1579,2160,0.268981,0.914,1.733304e+03,6.460463e-03,0.0001,3.3017,0,6,141,1397,91,90
582,1578,2160,0.269444,0.914,1.778336e+03,6.982442e-03,0.0001,3.3034,0,4,151,1396,91,90
583,1577,2160,0.269907,0.914,1.875457e+03,6.858397e-03,0.0001,3.2974,0,7,107,1395,91,90
584,1576,2160,0.27037,0.915,1.863275e+03,6.682844e-03,0.0001,3.3096,0,5,22,1394,91,90
585,1575,2160,0.270833,0.915,1.819308e+03,6.872558e-03,0.0001,3.3039,0,0,73,1393,91,90
586,1574,2160,0.271296,0.915,1.825771e+03,7.240716e-03,0.0001,3.303,0,4,165,1392,91,90
587,1573,2160,0.271759,0.914,1.900776e+03,6.412517e-03,0.0001,3.3023,0,8,73,1391,91,90
588,1572,2160,0.272222,0.914,1.830015e+03,6.741793e-03,0.0001,3.2896,0,2,9,1390,91,90
589,1571,2160,0.272685,0.914,1.829696e+03,6.682041e-03,0.0001,3.302,0,5,180,1389,91,90
590,1570,2160,0.273148,0.914,1.799087e+03,6.762701e-03,0.0001,3.2958,0,9,20,1388,91,90
591,1569,2160,0.273611,0.914,1.808013e+03,6.696710e-03,0.0001,3.2927,0,8,26,1387,91,90
592,1568,2160,0.274074,0.914,1.806522e+03,6.700231e-03,0.0001,3.3076,0,0,166,1386,91,90
593,1567,2160,0.274537,0.914,1.854114e+03,6.702684e-03,0.0001,3.3078,0,2,173,1385,91,90
594,1566,2160,0.275,0.914,1.867804e+03,6.654376e-03,0.0001,3.2969,0,5,5,1384,91,90
595,1565,2160,0.275463,0.914,1.841903e+03,6.862188e-03,0.0001,3.3104,0,3,101,1383,91,90
596,1564,2160,0.275926,0.914,1.841356e+03,6.656341e-03,0.0001,3.3045,0,1,140,1382,91,90
597,1563,2160,0.276389,0.914,1.823542e+03,6.721576e-03,0.0001,3.2989,0,3,173,1381,91,90
598,1562,2160,0.276852,0.914,1.821160e+03,7.104082e-03,0.0001,3.2808,0,4,179,1380,91,90
599,1561,2160,0.277315,0.914,1.943001e+03,6.917683e-03,0.0001,3.2873,0,5,0,1379,91,90
600,1560,2160,0.277778,0.914,1.891476e+03,6.841190e-03,0.0001,3.2943,0,5,164,1378,91,90
601,1559,2160,0.278241,0.913,1.859149e+03,6.755920e-03,0.0002,3.2989,0,5,41,1377,91,90
602,1558,2160,0.278704,0.913,1.836932e+03,6.801047e-03,0.0001,3.2942,0,2,10,1376,91,90
603,1557,2160,0.279167,0.914,1.864036e+03,6.852360e-03,0.0001,3.2969,0,8,61,1375,91,90
604,1556,2160,0.27963,0.914,1.867537e+03,6.788344e-03,0.0001,3.2944,0,1,141,1374,91,90
605,1555,2160,0.280093,0.914,1.853390e+03,6.791750e-03,0.0001,3.2944,0,2,83,1373,91,90
606,1554,2160,0.280556,0.914,1.893001e+03,6.775293e-03,0.0001,3.2959,0,5,192,1372,91,90
607,1553,2160,0.281019,0.914,1.882061e+03,6.874945e-03,0.0001,3.3022,0,2,72,1371,91,90
608,1552,2160,0.281481,0.914,1.915375e+03,6.938978e-03,0.0001,3.2942,0,0,14,1370,91,90
609,1551,2160,0.281944,0.913,1.973688e+03,6.907888e-03,0.0001,3.3195,0,5,51,1369,91,90
610,1550,2160,0.282407,0.913,1.953057e+03,6.885369e-03,0.0001,3.2965,0,5,2,1368,91,90
611,1549,2160,0.28287,0.913,1.937577e+03,7.122273e-03,0.0001,3.3033,0,3,105,1367,91,90
612,1548,2160,0.283333,0.913,1.945385e+03,7.013051e-03,0.0001,3.281,0,2,99,1366,91,90
613,1547,2160,0.283796,0.913,1.973855e+03,7.589042e-03,0.0001,3.2633,0,4,187,1365,91,90
614,1546,2160,0.284259,0.913,2.082646e+03,7.196611e-03,0.0001,3.2898,0,1,126,1364,91,90
615,1545,2160,0.284722,0.913,2.034342e+03,7.572947e-03,0.0001,3.2938,0,4,105,1363,91,90
616,1544,2160,0.285185,0.912,2.122054e+03,7.232248e-03,0.0001,3.2993,1,9,9,1363,90,90
617,1543,2160,0.285648,0.914,2.064904e+03,6.919607e-03,0.0001,3.284,0,9,99,1362,90,90
618,1542,2160,0.286111,0.914,2.030571e+03,6.903465e-03,0.0001,3.285,0,7,99,1361,90,90
619,1541,2160,0.286574,0.914,2.052508e+03,7.109670e-03,0.0001,3.2879,0,0,170,1360,90,90
620,1540,2160,0.287037,0.914,2.063427e+03,6.865860e-03,0.0001,3.3002,0,6,99,1359,90,90
621,1539,2160,0.2875,0.913,2.059706e+03,7.265389e-03,0.0001,3.3026,0,4,185,1358,90,90
622,1538,2160,0.287963,0.913,2.197383e+03,7.659170e-03,0.0001,3.294,0,4,15,1357,90,90
623,1537,2160,0.288426,0.913,2.262737e+03,7.253829e-03,0.0001,3.3075,0,2,105,1356,90,90
624,1536,2160,0.288889,0.914,2.206206e+03,7.381752e-03,0.0001,3.2995,0,6,5,1355,90,90
625,1535,2160,0.289352,0.914,2.205433e+03,7.836450e-03,0.0001,3.2979,0,4,147,1354,90,90
626,1534,2160,0.289815,0.914,2.280301e+03,7.423357e-03,0.0001,3.3157,0,7,179,1353,90,90
627,1533,2160,0.290278,0.914,2.270586e+03,7.199125e-03,0.0001,3.2936,0,5,109,1352,90,90
628,1532,2160,0.290741,0.914,2.219914e+03,7.181612e-03,0.0001,3.3066,0,2,96,1351,90,90
629,1531,2160,0.291204,0.914,2.228197e+03,7.350434e-03,0.0001,3.3146,0,9,19,1350,90,90
630,1530,2160,0.291667,0.914,2.221339e+03,7.212850e-03,0.0001,3.3131,0,9,30,1349,90,90
631,1529,2160,0.29213,0.914,2.224818e+03,7.152916e-03,0.0001,3.3049,0,5,66,1348,90,90
632,1528,2160,0.292593,0.913,2.186762e+03,7.346990e-03,0.0001,3.3189,0,3,145,1347,90,90
633,1527,2160,0.293056,0.913,2.177529e+03,7.325530e-03,0.0001,3.3011,0,6,94,1346,90,90
634,1526,2160,0.293519,0.914,2.195931e+03,7.285122e-03,0.0001,3.2962,0,9,170,1345,90,90
635,1525,2160,0.293981,0.915,2.190699e+03,7.199280e-03,0.0001,3.3101,0,1,182,1344,90,90
636,1524,2160,0.294444,0.914,2.162296e+03,7.154308e-03,0.0001,3.3108,0,5,67,1343,90,90
637,1523,2160,0.294907,0.914,2.140562e+03,7.212144e-03,0.0001,3.2829,0,2,155,1342,90,90
638,1522,2160,0.29537,0.914,2.172347e+03,7.257105e-03,0.0001,3.2903,0,1,13,1341,90,90
639,1521,2160,0.295833,0.914,2.155551e+03,7.211262e-03,0.0001,3.3092,0,1,40,1340,90,90
640,1520,2160,0.296296,0.914,2.144515e+03,7.406296e-03,0.0001,3.2963,0,6,92,1339,90,90
641,1519,2160,0.296759,0.914,2.182868e+03,7.367700e-03,0.0001,3.3029,0,3,126,1338,90,90
642,1518,2160,0.297222,0.914,2.212031e+03,7.321085e-03,0.0001,3.2982,0,5,187,1337,90,90
643,1517,2160,0.297685,0.914,2.187186e+03,7.328919e-03,0.0001,3.3018,0,5,125,1336,90,90
644,1516,2160,0.298148,0.914,2.170739e+03,7.501242e-03,0.0001,3.309,0,6,130,1335,90,90
645,1515,2160,0.298611,0.914,2.209729e+03,7.661622e-03,0.0001,3.3036,0,0,57,1334,90,90
646,1514,2160,0.299074,0.914,2.242341e+03,7.766844e-03,0.0001,3.309,0,0,95,1333,90,90
647,1513,2160,0.299537,0.913,2.252350e+03,7.490251e-03,0.0001,3.3055,0,2,192,1332,90,90
648,1512,2160,0.3,0.914,2.279714e+03,8.164866e-03,0.0001,3.312,0,4,190,1331,90,90
649,1511,2160,0.300463,0.914,2.398416e+03,7.957906e-03,0.0001,3.2952,0,6,127,1330,90,90
650,1510,2160,0.300926,0.914,2.376610e+03,7.717094e-03,0.0001,3.2993,0,3,84,1329,90,90
651,1509,2160,0.301389,0.914,2.385849e+03,7.677224e-03,0.0001,3.3014,0,8,106,1328,90,90
652,1508,2160,0.301852,0.914,2.365518e+03,7.372325e-03,0.0001,3.2986,0,7,190,1327,90,90
653,1507,2160,0.302315,0.914,2.356972e+03,7.577705e-03,0.0001,3.3052,0,3,17,1326,90,90
654,1506,2160,0.302778,0.914,2.389189e+03,7.615026e-03,0.0001,3.2942,0,8,29,1325,90,90
655,1505,2160,0.303241,0.914,2.391449e+03,7.551215e-03,0.0001,3.3046,0,1,64,1324,90,90
656,1504,2160,0.303704,0.915,2.370109e+03,7.624071e-03,0.0001,3.2876,0,8,174,1323,90,90
657,1503,2160,0.304167,0.916,2.376209e+03,7.552014e-03,0.0001,3.2963,0,2,85,1322,90,90
658,1502,2160,0.30463,0.914,2.426621e+03,7.517641e-03,0.0001,3.2948,0,1,4,1321,90,90
659,1501,2160,0.305093,0.912,2.417296e+03,7.685304e-03,0.0001,3.3064,0,6,109,1320,90,90
660,1500,2160,0.305556,0.912,2.462143e+03,7.730323e-03,0.0001,3.3102,0,0,11,1319,90,90
661,1499,2160,0.306019,0.912,2.522080e+03,6.883348e-03,0.0001,3.3103,0,3,11,1318,90,90
662,1498,2160,0.306481,0.913,2.506552e+03,7.417265e-03,0.0001,3.3076,0,6,17,1317,90,90
663,1497,2160,0.306944,0.913,2.546836e+03,7.885002e-03,0.0001,3.3001,0,0,44,1316,90,90
664,1496,2160,0.307407,0.912,2.571934e+03,7.844627e-03,0.0001,3.2902,0,7,78,1315,90,90
665,1495,2160,0.30787,0.914,2.592721e+03,7.790592e-03,0.0001,3.3157,0,7,109,1314,90,90
666,1494,2160,0.308333,0.914,2.603665e+03,7.781591e-03,0.0001,3.2962,0,7,10,1313,90,90
667,1493,2160,0.308796,0.913,2.620026e+03,7.724128e-03,0.0001,3.3039,0,1,184,1312,90,90
668,1492,2160,0.309259,0.913,2.583975e+03,7.856053e-03,0.0001,3.2982,0,7,128,1311,90,90
669,1491,2160,0.309722,0.913,2.609386e+03,7.480281e-03,0.0001,3.3047,0,0,128,1310,90,90
670,1490,2160,0.310185,0.913,2.569601e+03,7.836285e-03,0.0001,3.3198,0,7,175,1309,90,90
671,1489,2160,0.310648,0.913,2.603924e+03,7.788129e-03,0.0001,3.3066,0,7,169,1308,90,90
672,1488,2160,0.311111,0.911,2.648565e+03,7.932113e-03,0.0001,3.3113,0,4,184,1307,90,90
673,1487,2160,0.311574,0.911,2.860061e+03,7.822217e-03,0.0001,3.3071,0,5,70,1306,90,90
674,1486,2160,0.312037,0.911,2.812768e+03,7.912946e-03,0.0001,3.3096,0,3,61,1305,90,90
675,1485,2160,0.3125,0.914,2.834755e+03,7.777572e-03,0.0001,3.3095,2,2,7,1305,90,89
676,1484,2160,0.312963,0.914,2.796723e+03,7.943573e-03,0.0001,3.3246,0,7,52,1304,90,89
677,1483,2160,0.313426,0.914,2.828412e+03,7.811822e-03,0.0001,3.322,0,5,173,1303,90,89
678,1482,2160,0.313889,0.914,2.788333e+03,8.476053e-03,0.0001,3.3039,0,4,10,1302,90,89
679,1481,2160,0.314352,0.914,2.899580e+03,8.372284e-03,0.0001,3.3128,0,0,121,1301,90,89
680,1480,2160,0.314815,0.915,2.880686e+03,7.999026e-03,0.0001,3.3007,0,1,36,1300,90,89
681,1479,2160,0.315278,0.915,2.827771e+03,7.861380e-03,0.0001,3.3081,0,3,70,1299,90,89
682,1478,2160,0.315741,0.914,2.879155e+03,8.051048e-03,0.0001,3.2989,0,3,163,1298,90,89
683,1477,2160,0.316204,0.915,2.883326e+03,7.835778e-03,0.0001,3.3078,0,2,11,1297,90,89
684,1476,2160,0.316667,0.914,2.907857e+03,7.872472e-03,0.0001,3.3194,0,1,174,1296,90,89
685,1475,2160,0.31713,0.915,2.884619e+03,8.008059e-03,0.0001,3.3094,0,7,74,1295,90,89
686,1474,2160,0.317593,0.913,2.923255e+03,7.985032e-03,0.0001,3.293,0,7,2,1294,90,89
687,1473,2160,0.318056,0.914,2.986543e+03,8.034127e-03,0.0001,3.3005,0,7,139,1293,90,89
688,1472,2160,0.318519,0.914,3.030247e+03,8.030165e-03,0.0001,3.3095,0,1,67,1292,90,89
689,1471,2160,0.318981,0.914,2.998066e+03,7.943161e-03,0.0001,3.3009,0,1,46,1291,90,89
690,1470,2160,0.319444,0.914,2.977732e+03,8.129360e-03,0.0001,3.3026,0,3,109,1290,90,89
691,1469,2160,0.319907,0.914,2.981967e+03,8.146186e-03,0.0001,3.2992,0,7,60,1289,90,89
692,1468,2160,0.32037,0.914,3.016525e+03,8.042325e-03,0.0001,3.2971,0,1,100,1288,90,89
693,1467,2160,0.320833,0.914,2.980692e+03,8.136689e-03,0.0001,3.3114,0,8,176,1287,90,89
694,1466,2160,0.321296,0.915,2.981988e+03,8.006474e-03,0.0001,3.2965,0,5,194,1286,90,89
695,1465,2160,0.321759,0.915,2.959004e+03,8.069340e-03,0.0001,3.3016,0,8,102,1285,90,89
696,1464,2160,0.322222,0.915,2.971078e+03,8.897092e-03,0.0001,3.3059,0,4,58,1284,90,89
697,1463,2160,0.322685,0.916,3.089710e+03,8.581719e-03,0.0001,3.3109,1,4,6,1284,89,89
698,1462,2160,0.323148,0.916,3.021021e+03,8.347049e-03,0.0001,3.3091,0,7,63,1283,89,89
699,1461,2160,0.323611,0.916,3.033884e+03,8.394216e-03,0.0001,3.3059,0,9,74,1282,89,89
700,1460,2160,0.324074,0.916,3.017170e+03,7.253995e-03,0.0001,3.3098,0,0,74,1281,89,89
701,1459,2160,0.324537,0.916,2.985721e+03,8.072874e-03,0.0001,3.3028,0,1,65,1280,89,89
702,1458,2160,0.325,0.916,2.963651e+03,8.441100e-03,0.0001,3.3031,0,0,96,1279,89,89
703,1457,2160,0.325463,0.916,2.998182e+03,8.457653e-03,0.0001,3.3111,0,3,174,1278,89,89
704,1456,2160,0.325926,0.915,2.991643e+03,8.273776e-03,0.0001,3.3124,0,4,26,1277,89,89
705,1455,2160,0.326389,0.915,3.275865e+03,8.263829e-03,0.0001,3.3058,0,9,6,1276,89,89
706,1454,2160,0.326852,0.916,3.315447e+03,8.350885e-03,0.0001,3.3114,0,6,142,1275,89,89
707,1453,2160,0.327315,0.915,3.359896e+03,8.246660e-03,0.0001,3.3047,0,2,141,1274,89,89
708,1452,2160,0.327778,0.915,3.390490e+03,8.322488e-03,0.0001,3.2869,0,0,142,1273,89,89
709,1451,2160,0.328241,0.915,3.439201e+03,8.196844e-03,0.0001,3.2784,0,5,184,1272,89,89
710,1450,2160,0.328704,0.915,3.406462e+03,8.198871e-03,0.0001,3.3127,0,1,8,1271,89,89
711,1449,2160,0.329167,0.915,3.389392e+03,8.460424e-03,0.0001,3.2991,0,4,18,1270,89,89
712,1448,2160,0.32963,0.915,3.654288e+03,8.037851e-03,0.0001,3.3079,0,9,142,1269,89,89
713,1447,2160,0.330093,0.915,3.604262e+03,8.514142e-03,0.0001,3.3087,0,6,81,1268,89,89
714,1446,2160,0.330556,0.914,3.627817e+03,8.435071e-03,0.0001,3.3015,0,6,6,1267,89,89
715,1445,2160,0.331019,0.915,3.642684e+03,7.557901e-03,0.0001,3.3012,0,7,6,1266,89,89
716,1444,2160,0.331481,0.915,3.580069e+03,8.204395e-03,0.0001,3.2936,0,1,41,1265,89,89
717,1443,2160,0.331944,0.915,3.560573e+03,8.146400e-03,0.0001,3.3019,0,5,80,1264,89,89
718,1442,2160,0.332407,0.915,3.543549e+03,8.265943e-03,0.0001,3.2883,0,6,162,1263,89,89
719,1441,2160,0.33287,0.916,3.608400e+03,8.146172e-03,0.0001,3.3168,0,5,169,1262,89,89
720,1440,2160,0.333333,0.915,3.586542e+03,8.238371e-03,0.0001,3.2978,0,5,191,1261,89,89
721,1439,2160,0.333796,0.915,3.569910e+03,8.624453e-03,0.0001,3.2913,0,0,31,1260,89,89
722,1438,2160,0.334259,0.915,3.637306e+03,8.498051e-03,0.0001,3.2985,0,1,170,1259,89,89
723,1437,2160,0.334722,0.915,3.604140e+03,8.554099e-03,0.0001,3.3143,0,8,48,1258,89,89
724,1436,2160,0.335185,0.915,3.607022e+03,8.637181e-03,0.0001,3.3028,0,9,111,1257,89,89
725,1435,2160,0.335648,0.914,3.633579e+03,8.653245e-03,0.0001,3.2996,0,6,105,1256,89,89
726,1434,2160,0.336111,0.914,3.683592e+03,8.079875e-03,0.0001,3.3075,0,7,105,1255,89,89
727,1433,2160,0.336574,0.914,3.672603e+03,8.611823e-03,0.0001,3.3077,0,6,154,1254,89,89
728,1432,2160,0.337037,0.917,3.727699e+03,8.588833e-03,0.0001,3.3071,0,8,81,1253,89,89
729,1431,2160,0.3375,0.915,3.710347e+03,8.622802e-03,0.0001,3.3115,0,6,153,1252,89,89
730,1430,2160,0.337963,0.916,3.773061e+03,8.502441e-03,0.0001,3.2962,0,5,126,1251,89,89
731,1429,2160,0.338426,0.916,3.742350e+03,8.578718e-03,0.0001,3.3161,0,2,40,1250,89,89
732,1428,2160,0.338889,0.915,3.787557e+03,8.329001e-03,0.0001,3.3014,0,3,154,1249,89,89
733,1427,2160,0.339352,0.914,3.797749e+03,8.756825e-03,0.0001,3.3101,0,9,135,1248,89,89
734,1426,2160,0.339815,0.913,3.809113e+03,7.993872e-03,0.0001,3.3016,0,0,135,1247,89,89
735,1425,2160,0.340278,0.913,3.779280e+03,8.647281e-03,0.0001,3.3186,0,2,37,1246,89,89
736,1424,2160,0.340741,0.913,3.811310e+03,9.166580e-03,0.0001,3.3058,0,4,153,1245,89,89
737,1423,2160,0.341204,0.913,3.957219e+03,8.905049e-03,0.0001,3.3175,0,1,169,1244,89,89
738,1422,2160,0.341667,0.913,3.861108e+03,8.703631e-03,0.0001,3.3067,0,1,5,1243,89,89
739,1421,2160,0.34213,0.913,3.805181e+03,8.763812e-03,0.0001,3.3144,0,3,39,1242,89,89
740,1420,2160,0.342593,0.915,3.833159e+03,8.658649e-03,0.0001,3.3095,0,5,178,1241,89,89
741,1419,2160,0.343056,0.915,3.790479e+03,8.740733e-03,0.0001,3.2988,0,8,12,1240,89,89
742,1418,2160,0.343519,0.915,3.794157e+03,8.469189e-03,0.0001,3.3079,0,0,12,1239,89,89
743,1417,2160,0.343981,0.915,3.800227e+03,9.321101e-03,0.0001,3.3042,0,4,46,1238,89,89
744,1416,2160,0.344444,0.914,3.980096e+03,9.646347e-03,0.0001,3.2943,0,4,98,1237,89,89
745,1415,2160,0.344907,0.913,4.098185e+03,9.153376e-03,0.0001,3.3047,0,2,12,1236,89,89
746,1414,2160,0.34537,0.914,4.019340e+03,7.817468e-03,0.0001,3.2938,0,3,98,1235,89,89
747,1413,2160,0.345833,0.913,3.902409e+03,8.762673e-03,0.0001,3.297,0,8,189,1234,89,89
748,1412,2160,0.346296,0.915,3.903784e+03,8.788551e-03,0.0001,3.2924,0,6,22,1233,89,89
749,1411,2160,0.346759,0.914,3.973394e+03,8.759270e-03,0.0001,3.2872,0,5,37,1232,89,89
750,1410,2160,0.347222,0.914,3.938490e+03,8.691222e-03,0.0001,3.2896,0,5,1,1231,89,89
751,1409,2160,0.347685,0.914,3.912165e+03,8.662585e-03,0.0001,3.3036,0,2,189,1230,89,89
752,1408,2160,0.348148,0.914,3.945397e+03,8.792682e-03,0.0001,3.2874,0,9,141,1229,89,89
753,1407,2160,0.348611,0.915,3.974917e+03,8.717367e-03,0.0001,3.3057,0,2,142,1228,89,89
754,1406,2160,0.349074,0.913,4.034008e+03,8.717262e-03,0.0001,3.2981,0,5,26,1227,89,89
755,1405,2160,0.349537,0.913,4.013269e+03,9.061541e-03,0.0001,3.3122,0,0,117,1226,89,89
756,1404,2160,0.35,0.914,4.064147e+03,8.999795e-03,0.0001,3.3146,0,6,155,1225,89,89
757,1403,2160,0.350463,0.912,4.116252e+03,8.891354e-03,0.0001,3.3005,0,6,125,1224,89,89
758,1402,2160,0.350926,0.914,4.181644e+03,8.911401e-03,0.0001,3.2997,0,6,56,1223,89,89
759,1401,2160,0.351389,0.914,4.248422e+03,8.427524e-03,0.0001,3.3107,0,7,155,1222,89,89
760,1400,2160,0.351852,0.915,4.269553e+03,8.905232e-03,0.0001,3.3107,0,2,133,1221,89,89
761,1399,2160,0.352315,0.914,4.305207e+03,8.974172e-03,0.0001,3.302,0,7,59,1220,89,89
762,1398,2160,0.352778,0.913,4.362671e+03,9.036363e-03,0.0001,3.3032,0,3,29,1219,89,89
763,1397,2160,0.353241,0.913,4.402440e+03,8.968952e-03,0.0001,3.29,0,3,28,1218,89,89
764,1396,2160,0.353704,0.913,4.470249e+03,8.990889e-03,0.0001,3.2992,0,2,33,1217,89,89
765,1395,2160,0.354167,0.914,4.502932e+03,8.995511e-03,0.0001,3.3108,0,2,193,1216,89,89
766,1394,2160,0.35463,0.914,4.534397e+03,9.667229e-03,0.0001,3.2938,0,4,193,1215,89,89
767,1393,2160,0.355093,0.913,4.691406e+03,8.812460e-03,0.0001,3.2941,0,7,193,1214,89,89
768,1392,2160,0.355556,0.913,4.540381e+03,9.281397e-03,0.0001,3.2951,0,0,147,1213,89,89
769,1391,2160,0.356019,0.913,4.564956e+03,9.072494e-03,0.0001,3.3053,0,2,59,1212,89,89
770,1390,2160,0.356481,0.913,4.550705e+03,8.975566e-03,0.0001,3.3011,0,2,170,1211,89,89
771,1389,2160,0.356944,0.913,4.583627e+03,8.915286e-03,0.0001,3.3151,0,3,22,1210,89,89
772,1388,2160,0.357407,0.913,4.653606e+03,8.562458e-03,0.0001,3.309,0,6,193,1209,89,89
773,1387,2160,0.35787,0.913,4.686863e+03,9.074774e-03,0.0001,3.3024,0,7,86,1208,89,89
774,1386,2160,0.358333,0.913,4.727228e+03,9.399165e-03,0.0001,3.3,0,3,191,1207,89,89
775,1385,2160,0.358796,0.913,4.705295e+03,9.057586e-03,0.0001,3.3095,0,1,57,1206,89,89
776,1384,2160,0.359259,0.913,4.656141e+03,8.931601e-03,0.0001,3.3027,0,1,99,1205,89,89
777,1383,2160,0.359722,0.914,4.624857e+03,9.049560e-03,0.0001,3.307,0,9,193,1204,89,89
778,1382,2160,0.360185,0.914,4.617196e+03,8.959196e-03,0.0001,3.3094,0,1,163,1203,89,89
779,1381,2160,0.360648,0.914,4.588686e+03,9.047250e-03,0.0001,3.2963,0,7,177,1202,89,89
780,1380,2160,0.361111,0.914,4.660192e+03,9.483025e-03,0.0001,3.3027,0,4,121,1201,89,89
781,1379,2160,0.361574,0.914,4.906908e+03,9.547926e-03,0.0001,3.2918,0,0,123,1200,89,89
782,1378,2160,0.362037,0.914,4.911314e+03,9.387270e-03,0.0001,3.3031,0,8,1,1199,89,89
783,1377,2160,0.3625,0.914,4.862606e+03,9.332107e-03,0.0001,3.3122,0,8,161,1198,89,89
784,1376,2160,0.362963,0.913,4.829988e+03,9.277332e-03,0.0001,3.2994,0,7,178,1197,89,89
785,1375,2160,0.363426,0.913,4.876618e+03,9.244199e-03,0.0001,3.2922,0,2,144,1196,89,89
786,1374,2160,0.363889,0.913,4.886015e+03,9.780034e-03,0.0001,3.3007,0,4,145,1195,89,89
787,1373,2160,0.364352,0.914,5.091803e+03,9.452521e-03,0.0001,3.3276,0,7,13,1194,89,89
788,1372,2160,0.364815,0.914,5.108180e+03,9.229321e-03,0.0001,3.3165,0,3,2,1193,89,89
789,1371,2160,0.365278,0.914,5.166319e+03,9.307575e-03,0.0001,3.3064,0,0,1,1192,89,89
790,1370,2160,0.365741,0.913,5.237067e+03,9.240261e-03,0.0001,3.3147,0,8,183,1191,89,89
791,1369,2160,0.366204,0.913,5.242521e+03,9.328514e-03,0.0001,3.2941,0,3,13,1190,89,89
792,1368,2160,0.366667,0.913,5.195051e+03,7.968285e-03,0.0001,3.2864,0,4,13,1189,89,89
793,1367,2160,0.36713,0.913,5.239054e+03,9.382322e-03,0.0001,3.2997,0,7,137,1188,89,89
794,1366,2160,0.367593,0.913,5.269583e+03,9.350753e-03,0.0001,3.3095,0,9,134,1187,89,89
795,1365,2160,0.368056,0.914,5.259218e+03,9.281224e-03,0.0001,3.3067,0,9,125,1186,89,89
796,1364,2160,0.368519,0.913,5.279649e+03,1.009696e-02,0.0001,3.2882,0,4,157,1185,89,89
797,1363,2160,0.368981,0.913,5.411735e+03,9.393528e-03,0.0001,3.3098,0,1,29,1184,89,89
798,1362,2160,0.369444,0.914,5.315699e+03,1.033088e-02,0.0001,3.2977,0,4,160,1183,89,89
799,1361,2160,0.369907,0.914,5.391703e+03,9.684474e-03,0.0001,3.304,0,9,177,1182,89,89
800,1360,2160,0.37037,0.914,5.315654e+03,9.012486e-03,0.0001,3.3065,0,3,157,1181,89,89
801,1359,2160,0.370833,0.914,5.229257e+03,9.454530e-03,0.0001,3.3096,0,7,49,1180,89,89
802,1358,2160,0.371296,0.914,5.241206e+03,9.210622e-03,0.0001,3.2843,0,5,114,1179,89,89
803,1357,2160,0.371759,0.914,5.176953e+03,9.334047e-03,0.0001,3.2945,0,7,62,1178,89,89
804,1356,2160,0.372222,0.915,5.219342e+03,9.381078e-03,0.0001,3.3025,0,9,156,1177,89,89
805,1355,2160,0.372685,0.914,5.212886e+03,9.370558e-03,0.0001,3.2944,0,8,162,1176,89,89
806,1354,2160,0.373148,0.915,5.195949e+03,9.593959e-03,0.0001,3.2932,0,0,156,1175,89,89
807,1353,2160,0.373611,0.915,5.193121e+03,1.024446e-02,0.0001,3.315,0,4,62,1174,89,89
808,1352,2160,0.374074,0.914,5.267829e+03,9.437918e-03,0.0001,3.3067,0,8,31,1173,89,89
809,1351,2160,0.374537,0.914,5.228300e+03,9.322000e-03,0.0001,3.3,0,2,127,1172,89,89
810,1350,2160,0.375,0.915,5.252149e+03,9.158674e-03,0.0001,3.3106,0,8,127,1171,89,89
811,1349,2160,0.375463,0.914,5.207405e+03,9.218751e-03,0.0001,3.32,0,5,17,1170,89,89
812,1348,2160,0.375926,0.915,5.165634e+03,9.257050e-03,0.0001,3.2985,0,8,151,1169,89,89
813,1347,2160,0.376389,0.916,5.191459e+03,9.199382e-03,0.0001,3.3017,0,1,193,1168,89,89
814,1346,2160,0.376852,0.915,5.169901e+03,9.109208e-03,0.0001,3.3067,0,1,176,1167,89,89
815,1345,2160,0.377315,0.915,5.154358e+03,9.352139e-03,0.0001,3.2965,0,9,110,1166,89,89
816,1344,2160,0.377778,0.914,5.199800e+03,9.234508e-03,0.0001,3.3036,0,5,190,1165,89,89
817,1343,2160,0.378241,0.913,5.165626e+03,9.124717e-03,0.0001,3.2929,0,7,151,1164,89,89
818,1342,2160,0.378704,0.912,5.224641e+03,9.231067e-03,0.0001,3.2758,0,8,156,1163,89,89
819,1341,2160,0.379167,0.911,5.223490e+03,1.038816e-02,0.0001,3.3017,0,4,50,1162,89,89
820,1340,2160,0.37963,0.912,5.320747e+03,9.709356e-03,0.0001,3.2931,0,7,51,1161,89,89
821,1339,2160,0.380093,0.912,5.282668e+03,9.873387e-03,0.0001,3.3081,2,3,1,1161,89,88
822,1338,2160,0.380556,0.911,5.285005e+03,9.575682e-03,0.0001,3.2897,0,2,43,1160,89,88
823,1337,2160,0.381019,0.91,5.281798e+03,8.800971e-03,0.0001,3.3052,0,9,43,1159,89,88
824,1336,2160,0.381481,0.91,5.202695e+03,9.693195e-03,0.0001,3.3102,0,4,186,1158,89,88
825,1335,2160,0.381944,0.91,5.472823e+03,9.676442e-03,0.0001,3.2971,0,1,164,1157,89,88
826,1334,2160,0.382407,0.91,5.386410e+03,9.752618e-03,0.0001,3.2828,0,6,182,1156,89,88
827,1333,2160,0.38287,0.912,5.431603e+03,9.756281e-03,0.0001,3.3074,0,6,69,1155,89,88
828,1332,2160,0.383333,0.911,5.484876e+03,9.629823e-03,0.0001,3.3014,1,2,0,1155,88,88
829,1331,2160,0.383796,0.912,5.451577e+03,9.593420e-03,0.0001,3.3047,0,1,71,1154,88,88
830,1330,2160,0.384259,0.91,5.412191e+03,9.601007e-03,0.0001,3.3044,0,2,104,1153,88,88
831,1329,2160,0.384722,0.912,5.460342e+03,9.315143e-03,0.0001,3.2821,0,7,186,1152,88,88
832,1328,2160,0.385185,0.913,5.497613e+03,9.569278e-03,0.0001,3.3156,0,2,165,1151,88,88
833,1327,2160,0.385648,0.912,5.537519e+03,9.588455e-03,0.0001,3.3058,0,8,57,1150,88,88
834,1326,2160,0.386111,0.912,5.548508e+03,9.583985e-03,0.0001,3.3056,0,5,69,1149,88,88
835,1325,2160,0.386574,0.912,5.504937e+03,9.788992e-03,0.0001,3.3076,2,9,6,1149,88,87
836,1324,2160,0.387037,0.913,5.502401e+03,9.824305e-03,0.0001,3.3131,0,7,173,1148,88,87
837,1323,2160,0.3875,0.913,5.564186e+03,1.018114e-02,0.0001,3.3064,0,3,172,1147,88,87
838,1322,2160,0.387963,0.914,5.541896e+03,9.796505e-03,0.0001,3.2934,0,2,46,1146,88,87
839,1321,2160,0.388426,0.914,5.589006e+03,1.043153e-02,0.0001,3.3077,2,0,0,1146,88,86
840,1320,2160,0.388889,0.914,5.591371e+03,9.797533e-03,0.0001,3.287,0,7,182,1145,88,86
841,1319,2160,0.389352,0.914,5.644048e+03,9.833822e-03,0.0001,3.3126,0,8,165,1144,88,86
842,1318,2160,0.389815,0.914,5.627570e+03,1.020888e-02,0.0001,3.3099,0,3,122,1143,88,86
843,1317,2160,0.390278,0.914,5.616475e+03,9.857885e-03,0.0001,3.2984,0,8,193,1142,88,86
844,1316,2160,0.390741,0.914,5.604356e+03,9.836855e-03,0.0001,3.2977,0,6,60,1141,88,86
845,1315,2160,0.391204,0.914,5.691477e+03,8.709630e-03,0.0001,3.2905,0,0,193,1140,88,86
846,1314,2160,0.391667,0.913,5.727690e+03,9.643473e-03,0.0001,3.3,0,5,84,1139,88,86
847,1313,2160,0.39213,0.914,5.708050e+03,9.574212e-03,0.0001,3.3086,0,5,72,1138,88,86
848,1312,2160,0.392593,0.913,5.691668e+03,9.776529e-03,0.0001,3.2877,0,2,148,1137,88,86
849,1311,2160,0.393056,0.912,5.763461e+03,1.030462e-02,0.0001,3.309,0,3,180,1136,88,86
850,1310,2160,0.393519,0.912,5.776183e+03,8.840553e-03,0.0001,3.2986,0,6,180,1135,88,86
851,1309,2160,0.393981,0.911,5.799803e+03,9.912094e-03,0.0001,3.287,0,4,182,1134,88,86
852,1308,2160,0.394444,0.911,6.202499e+03,9.347835e-03,0.0001,3.3138,0,8,182,1133,88,86
853,1307,2160,0.394907,0.911,6.079454e+03,1.018502e-02,0.0001,3.2918,0,3,170,1132,88,86
854,1306,2160,0.39537,0.911,6.103280e+03,9.884841e-03,0.0001,3.3064,1,8,8,1132,87,86
855,1305,2160,0.395833,0.911,6.071082e+03,1.004446e-02,0.0001,3.2982,0,8,83,1131,87,86
856,1304,2160,0.396296,0.911,6.100561e+03,9.875092e-03,0.0001,3.3184,2,1,7,1131,87,85
857,1303,2160,0.396759,0.911,6.079919e+03,9.932115e-03,0.0001,3.3039,0,8,180,1130,87,85
858,1302,2160,0.397222,0.912,6.114457e+03,9.949029e-03,0.0001,3.2789,0,6,61,1129,87,85
859,1301,2160,0.397685,0.91,6.249876e+03,1.015132e-02,0.0001,3.3088,0,0,187,1128,87,85
860,1300,2160,0.398148,0.91,6.359908e+03,1.002544e-02,0.0001,3.3072,0,5,38,1127,87,85
861,1299,2160,0.398611,0.91,6.312749e+03,9.896447e-03,0.0001,3.2932,0,5,14,1126,87,85
862,1298,2160,0.399074,0.91,6.280904e+03,9.948144e-03,0.0001,3.2975,0,1,98,1125,87,85
863,1297,2160,0.399537,0.91,6.268886e+03,9.916227e-03,0.0001,3.2867,0,5,83,1124,87,85
864,1296,2160,0.4,0.909,6.254205e+03,9.932908e-03,0.0001,3.306,0,5,62,1123,87,85
865,1295,2160,0.400463,0.91,6.238272e+03,1.018292e-02,0.0001,3.2959,0,9,175,1122,87,85
866,1294,2160,0.400926,0.912,6.284069e+03,1.109376e-02,0.0001,3.3003,0,4,32,1121,87,85
867,1293,2160,0.401389,0.912,6.505657e+03,1.046584e-02,0.0001,3.2983,0,9,13,1120,87,85
868,1292,2160,0.401852,0.912,6.496836e+03,1.017232e-02,0.0001,3.2866,0,5,7,1119,87,85
869,1291,2160,0.402315,0.911,6.431083e+03,1.008124e-02,0.0001,3.2965,0,1,12,1118,87,85
870,1290,2160,0.402778,0.908,6.399148e+03,1.056784e-02,0.0001,3.3077,0,3,127,1117,87,85
871,1289,2160,0.403241,0.911,6.427008e+03,1.021797e-02,0.0001,3.3049,0,1,187,1116,87,85
872,1288,2160,0.403704,0.911,6.391734e+03,1.051130e-02,0.0001,3.3049,0,0,167,1115,87,85
873,1287,2160,0.404167,0.91,6.489840e+03,1.045897e-02,0.0001,3.2949,0,6,138,1114,87,85
874,1286,2160,0.40463,0.909,6.565181e+03,1.040590e-02,0.0001,3.297,0,9,195,1113,87,85
875,1285,2160,0.405093,0.909,6.607515e+03,1.066270e-02,0.0001,3.3066,0,6,152,1112,87,85
876,1284,2160,0.405556,0.91,6.684896e+03,9.996013e-03,0.0002,3.2923,0,7,152,1111,87,85
877,1283,2160,0.406019,0.91,6.624769e+03,9.312533e-03,0.0001,3.2801,0,7,167,1110,87,85
878,1282,2160,0.406481,0.91,6.645318e+03,1.024541e-02,0.0001,3.3012,0,0,195,1109,87,85
879,1281,2160,0.406944,0.909,6.653010e+03,1.075592e-02,0.0001,3.3049,0,0,23,1108,87,85
880,1280,2160,0.407407,0.91,6.695801e+03,1.047128e-02,0.0001,3.305,0,8,9,1107,87,85
881,1279,2160,0.40787,0.91,6.705744e+03,1.035209e-02,0.0001,3.2956,0,1,194,1106,87,85
882,1278,2160,0.408333,0.91,6.667020e+03,1.084595e-02,0.0001,3.3059,0,3,69,1105,87,85
883,1277,2160,0.408796,0.91,6.682073e+03,1.070518e-02,0.0001,3.2995,0,6,132,1104,87,85
884,1276,2160,0.409259,0.911,6.739537e+03,1.046278e-02,0.0001,3.3178,0,6,126,1103,87,85
885,1275,2160,0.409722,0.911,6.857390e+03,1.054100e-02,0.0001,3.3093,0,8,20,1102,87,85
886,1274,2160,0.410185,0.911,6.880182e+03,1.062391e-02,0.0001,3.3164,0,2,152,1101,87,85
887,1273,2160,0.410648,0.913,6.947345e+03,1.079055e-02,0.0001,3.316,0,3,47,1100,87,85
888,1272,2160,0.411111,0.914,7.015604e+03,1.058882e-02,0.0001,3.2941,0,9,181,1099,87,85
889,1271,2160,0.411574,0.916,7.069448e+03,1.072551e-02,0.0001,3.3053,0,9,64,1098,87,85
890,1270,2160,0.412037,0.913,7.099302e+03,1.074149e-02,0.0001,3.3046,0,7,110,1097,87,85
891,1269,2160,0.4125,0.913,7.163869e+03,1.082358e-02,0.0001,3.3084,0,7,20,1096,87,85
892,1268,2160,0.412963,0.913,7.180647e+03,1.201757e-02,0.0001,3.31,0,4,49,1095,87,85
893,1267,2160,0.413426,0.915,7.338903e+03,1.114354e-02,0.0001,3.3084,0,4,111,1094,87,85
894,1266,2160,0.413889,0.916,7.718090e+03,1.099203e-02,0.0001,3.2964,0,9,61,1093,87,85
895,1265,2160,0.414352,0.914,7.687287e+03,1.092903e-02,0.0001,3.3012,0,9,65,1092,87,85
896,1264,2160,0.414815,0.915,7.669248e+03,1.086963e-02,0.0001,3.308,0,5,86,1091,87,85
897,1263,2160,0.415278,0.915,7.582416e+03,1.117207e-02,0.0001,3.32,0,3,65,1090,87,85
898,1262,2160,0.415741,0.913,7.528262e+03,1.097378e-02,0.0001,3.3112,0,6,32,1089,87,85
899,1261,2160,0.416204,0.913,7.591946e+03,1.076310e-02,0.0001,3.3006,0,2,4,1088,87,85
900,1260,2160,0.416667,0.912,7.657128e+03,1.208067e-02,0.0001,3.3058,0,4,136,1087,87,85
901,1259,2160,0.41713,0.912,7.802926e+03,1.117094e-02,0.0001,3.297,0,1,15,1086,87,85
902,1258,2160,0.417593,0.912,7.666017e+03,1.100082e-02,0.0001,3.303,0,8,96,1085,87,85
903,1257,2160,0.418056,0.912,7.662306e+03,1.083553e-02,0.0001,3.3055,0,6,111,1084,87,85
904,1256,2160,0.418519,0.912,7.826445e+03,1.110609e-02,0.0001,3.2955,0,3,86,1083,87,85
905,1255,2160,0.418981,0.913,7.889373e+03,1.144356e-02,0.0001,3.2888,0,3,133,1082,87,85
906,1254,2160,0.419444,0.913,7.878253e+03,1.108269e-02,0.0001,3.2892,0,6,194,1081,87,85
907,1253,2160,0.419907,0.914,7.988734e+03,1.108368e-02,0.0001,3.2975,0,6,190,1080,87,85
908,1252,2160,0.42037,0.913,8.089062e+03,1.099788e-02,0.0001,3.2967,0,5,133,1079,87,85
909,1251,2160,0.420833,0.913,8.030767e+03,1.092743e-02,0.0001,3.3008,0,2,140,1078,87,85
910,1250,2160,0.421296,0.913,8.139189e+03,1.088997e-02,0.0001,3.2939,0,1,16,1077,87,85
911,1249,2160,0.421759,0.913,8.119104e+03,1.093603e-02,0.0001,3.3158,0,2,98,1076,87,85
912,1248,2160,0.422222,0.913,8.220336e+03,1.209731e-02,0.0001,3.3018,2,5,9,1076,87,84
913,1247,2160,0.422685,0.915,8.255636e+03,1.154454e-02,0.0001,3.2868,0,0,24,1075,87,84
914,1246,2160,0.423148,0.916,8.318078e+03,1.179688e-02,0.0001,3.3109,0,3,95,1074,87,84
915,1245,2160,0.423611,0.914,8.264059e+03,1.123135e-02,0.0001,3.3108,0,0,140,1073,87,84
916,1244,2160,0.424074,0.915,8.341281e+03,8.836481e-03,0.0001,3.2911,0,4,140,1072,87,84
917,1243,2160,0.424537,0.915,8.549261e+03,1.099225e-02,0.0001,3.306,0,3,24,1071,87,84
918,1242,2160,0.425,0.913,8.650766e+03,1.029227e-02,0.0001,3.3137,0,2,24,1070,87,84
919,1241,2160,0.425463,0.914,8.657183e+03,1.128190e-02,0.0001,3.2878,0,0,35,1069,87,84
920,1240,2160,0.425926,0.914,8.737929e+03,1.115061e-02,0.0001,3.319,0,7,165,1068,87,84
921,1239,2160,0.426389,0.915,8.861271e+03,1.160844e-02,0.0001,3.3064,0,3,152,1067,87,84
922,1238,2160,0.426852,0.912,8.854722e+03,1.136048e-02,0.0001,3.2896,0,9,137,1066,87,84
923,1237,2160,0.427315,0.914,8.861616e+03,1.137240e-02,0.0001,3.2859,0,9,173,1065,87,84
924,1236,2160,0.427778,0.915,8.899572e+03,1.105631e-02,0.0001,3.3052,0,7,35,1064,87,84
925,1235,2160,0.428241,0.914,8.914599e+03,1.209355e-02,0.0001,3.2965,0,4,122,1063,87,84
926,1234,2160,0.428704,0.913,9.223849e+03,1.205030e-02,0.0001,3.2992,0,0,157,1062,87,84
927,1233,2160,0.429167,0.915,9.188810e+03,1.052092e-02,0.0001,3.3145,0,8,122,1061,87,84
928,1232,2160,0.42963,0.915,9.006792e+03,1.150173e-02,0.0001,3.2974,0,2,38,1060,87,84
929,1231,2160,0.430093,0.915,9.032243e+03,1.140539e-02,0.0001,3.309,0,2,84,1059,87,84
930,1230,2160,0.430556,0.914,9.079126e+03,1.134270e-02,0.0001,3.3017,0,8,24,1058,87,84
931,1229,2160,0.431019,0.914,9.059874e+03,1.147138e-02,0.0001,3.301,0,9,44,1057,87,84
932,1228,2160,0.431481,0.914,9.089120e+03,1.135335e-02,0.0001,3.2889,0,9,84,1056,87,84
933,1227,2160,0.431944,0.914,9.020326e+03,1.142464e-02,0.0001,3.3045,0,0,42,1055,87,84
934,1226,2160,0.432407,0.914,9.165499e+03,1.015693e-02,0.0001,3.2926,0,0,84,1054,87,84
935,1225,2160,0.43287,0.915,9.182961e+03,1.116153e-02,0.0001,3.2999,0,5,79,1053,87,84
936,1224,2160,0.433333,0.915,9.143626e+03,1.133623e-02,0.0001,3.3048,0,7,21,1052,87,84
937,1223,2160,0.433796,0.916,9.287412e+03,1.181079e-02,0.0001,3.2913,0,0,34,1051,87,84
938,1222,2160,0.434259,0.915,9.330199e+03,1.295763e-02,0.0001,3.3139,0,4,91,1050,87,84
939,1221,2160,0.434722,0.915,9.439816e+03,1.168553e-02,0.0001,3.3208,0,5,127,1049,87,84
940,1220,2160,0.435185,0.916,9.279278e+03,1.273635e-02,0.0001,3.2927,0,4,78,1048,87,84
941,1219,2160,0.435648,0.916,9.446638e+03,1.155658e-02,0.0001,3.3184,0,5,161,1047,87,84
942,1218,2160,0.436111,0.916,9.312580e+03,1.141249e-02,0.0001,3.2817,0,5,112,1046,87,84
943,1217,2160,0.436574,0.916,9.247487e+03,1.127641e-02,0.0001,3.2979,0,5,25,1045,87,84
944,1216,2160,0.437037,0.916,9.201703e+03,1.136418e-02,0.0001,3.3065,0,9,27,1044,87,84
945,1215,2160,0.4375,0.917,9.299504e+03,1.162501e-02,0.0001,3.2971,0,9,62,1043,87,84
946,1214,2160,0.437963,0.917,9.371145e+03,1.294834e-02,0.0001,3.2846,0,4,114,1042,87,84
947,1213,2160,0.438426,0.916,9.576387e+03,1.222623e-02,0.0001,3.3151,0,6,131,1041,87,84
948,1212,2160,0.438889,0.917,9.562146e+03,1.180546e-02,0.0001,3.3086,0,3,3,1040,87,84
949,1211,2160,0.439352,0.917,9.683624e+03,1.201451e-02,0.0001,3.3008,0,7,134,1039,87,84
950,1210,2160,0.439815,0.918,9.739717e+03,1.340210e-02,0.0001,3.2897,0,4,176,1038,87,84
951,1209,2160,0.440278,0.917,9.831391e+03,1.205206e-02,0.0001,3.3057,0,3,194,1037,87,84
952,1208,2160,0.440741,0.917,9.896727e+03,1.192079e-02,0.0001,3.2987,0,6,115,1036,87,84
953,1207,2160,0.441204,0.917,9.971769e+03,1.137329e-02,0.0001,3.3028,0,7,176,1035,87,84
954,1206,2160,0.441667,0.918,9.960309e+03,1.203182e-02,0.0001,3.2953,1,5,6,1035,86,84
955,1205,2160,0.44213,0.919,9.975320e+03,1.164062e-02,0.0001,3.2904,0,2,64,1034,86,84
956,1204,2160,0.442593,0.915,1.003229e+04,1.183546e-02,0.0001,3.2975,0,2,147,1033,86,84
957,1203,2160,0.443056,0.917,1.008829e+04,1.170768e-02,0.0001,3.3061,0,5,50,1032,86,84
958,1202,2160,0.443519,0.917,1.002020e+04,1.201161e-02,0.0001,3.3109,0,6,12,1031,86,84
959,1201,2160,0.443981,0.919,1.013887e+04,1.178205e-02,0.0001,3.31,0,3,12,1030,86,84
960,1200,2160,0.444444,0.918,1.008034e+04,1.232052e-02,0.0001,3.2955,0,3,146,1029,86,84
961,1199,2160,0.444907,0.918,1.007501e+04,1.200676e-02,0.0001,3.3039,0,6,101,1028,86,84
962,1198,2160,0.44537,0.917,1.019091e+04,1.180677e-02,0.0001,3.2981,0,8,191,1027,86,84
963,1197,2160,0.445833,0.918,1.021641e+04,1.164089e-02,0.0001,3.299,0,5,108,1026,86,84
964,1196,2160,0.446296,0.918,1.016786e+04,1.183118e-02,0.0001,3.3042,0,8,19,1025,86,84
965,1195,2160,0.446759,0.918,1.018558e+04,1.145109e-02,0.0001,3.2979,0,6,19,1024,86,84
966,1194,2160,0.447222,0.917,1.031155e+04,1.208381e-02,0.0001,3.3164,0,7,103,1023,86,84
967,1193,2160,0.447685,0.918,1.038665e+04,1.195360e-02,0.0001,3.3076,0,7,55,1022,86,84
968,1192,2160,0.448148,0.918,1.052658e+04,1.207165e-02,0.0001,3.2755,0,9,97,1021,86,84
969,1191,2160,0.448611,0.917,1.056718e+04,1.127572e-02,0.0001,3.2912,0,8,55,1020,86,84
970,1190,2160,0.449074,0.917,1.047149e+04,1.179436e-02,0.0001,3.2944,0,0,97,1019,86,84
971,1189,2160,0.449537,0.918,1.056228e+04,1.091926e-02,0.0001,3.2987,0,3,55,1018,86,84
972,1188,2160,0.45,0.918,1.067829e+04,1.177111e-02,0.0001,3.3038,0,5,34,1017,86,84
973,1187,2160,0.450463,0.918,1.065038e+04,1.202810e-02,0.0001,3.2989,0,6,151,1016,86,84
974,1186,2160,0.450926,0.917,1.081909e+04,1.317070e-02,0.0001,3.3069,0,4,103,1015,86,84
975,1185,2160,0.451389,0.917,1.102613e+04,1.367289e-02,0.0001,3.2834,0,4,90,1014,86,84
976,1184,2160,0.451852,0.915,1.105108e+04,1.228220e-02,0.0001,3.3143,0,6,191,1013,86,84
977,1183,2160,0.452315,0.915,1.108477e+04,1.334848e-02,0.0001,3.2938,0,4,34,1012,86,84
978,1182,2160,0.452778,0.914,1.121540e+04,1.207677e-02,0.0001,3.3084,0,2,97,1011,86,84
979,1181,2160,0.453241,0.914,1.117131e+04,1.219412e-02,0.0001,3.3003,0,4,191,1010,86,84
980,1180,2160,0.453704,0.914,1.157467e+04,1.189206e-02,0.0001,3.3086,0,7,41,1009,86,84
981,1179,2160,0.454167,0.914,1.163775e+04,1.190286e-02,0.0001,3.2963,0,1,53,1008,86,84
982,1178,2160,0.45463,0.914,1.152728e+04,1.240913e-02,0.0001,3.2998,0,0,5,1007,86,84
983,1177,2160,0.455093,0.915,1.157853e+04,1.209646e-02,0.0001,3.3064,0,7,5,1006,86,84
984,1176,2160,0.455556,0.915,1.146404e+04,1.148673e-02,0.0001,3.3133,0,2,191,1005,86,84
985,1175,2160,0.456019,0.915,1.135382e+04,1.205596e-02,0.0001,3.3061,1,4,7,1005,85,84
986,1174,2160,0.456481,0.914,1.131149e+04,1.294879e-02,0.0001,3.3151,0,4,99,1004,85,84
987,1173,2160,0.456944,0.915,1.162590e+04,1.246481e-02,0.0001,3.3043,0,9,114,1003,85,84
988,1172,2160,0.457407,0.914,1.155960e+04,1.209921e-02,0.0001,3.3037,0,1,195,1002,85,84
989,1171,2160,0.45787,0.916,1.144488e+04,1.231793e-02,0.0001,3.3012,0,0,188,1001,85,84
990,1170,2160,0.458333,0.916,1.152058e+04,1.210040e-02,0.0001,3.2812,0,2,8,1000,85,84
991,1169,2160,0.458796,0.916,1.159105e+04,1.227993e-02,0.0001,3.3047,0,9,120,999,85,84
992,1168,2160,0.459259,0.916,1.163573e+04,1.214634e-02,0.0001,3.3019,0,3,8,998,85,84
993,1167,2160,0.459722,0.915,1.176322e+04,1.209248e-02,0.0001,3.3048,0,5,142,997,85,84
994,1166,2160,0.460185,0.916,1.170926e+04,1.216566e-02,0.0001,3.3022,0,9,184,996,85,84
995,1165,2160,0.460648,0.915,1.183575e+04,1.247767e-02,0.0001,3.2911,0,3,57,995,85,84
996,1164,2160,0.461111,0.914,1.198223e+04,1.241488e-02,0.0001,3.3044,0,8,138,994,85,84
997,1163,2160,0.461574,0.915,1.194524e+04,1.125130e-02,0.0001,3.3084,0,0,138,993,85,84
998,1162,2160,0.462037,0.915,1.187563e+04,1.212730e-02,0.0001,3.2886,0,9,3,992,85,84
999,1161,2160,0.4625,0.915,1.198198e+04,1.212136e-02,0.0001,3.3063,0,2,151,991,85,84
1000,1160,2160,0.462963,0.916,1.203947e+04,1.204906e-02,0.0001,3.2934,0,5,188,990,85,84
1001,1159,2160,0.463426,0.916,1.196800e+04,1.227958e-02,0.0001,3.3037,0,5,15,989,85,84
1002,1158,2160,0.463889,0.917,1.192326e+04,1.234748e-02,0.0001,3.3052,0,2,19,988,85,84
1003,1157,2160,0.464352,0.918,1.205983e+04,1.265803e-02,0.0001,3.3096,0,7,174,987,85,84
1004,1156,2160,0.464815,0.916,1.218640e+04,1.244404e-02,0.0001,3.3092,0,9,57,986,85,84
1005,1155,2160,0.465278,0.915,1.222988e+04,1.264092e-02,0.0001,3.31,0,7,23,985,85,84
1006,1154,2160,0.465741,0.915,1.233156e+04,1.291356e-02,0.0001,3.3011,0,6,164,984,85,84
1007,1153,2160,0.466204,0.915,1.239382e+04,1.264666e-02,0.0001,3.2937,0,8,115,983,85,84
1008,1152,2160,0.466667,0.916,1.238368e+04,1.302458e-02,0.0001,3.3042,0,0,145,982,85,84
1009,1151,2160,0.46713,0.916,1.247127e+04,1.407969e-02,0.0001,3.2922,0,4,137,981,85,84
1010,1150,2160,0.467593,0.916,1.268945e+04,1.474507e-02,0.0001,3.2945,0,4,19,980,85,84
1011,1149,2160,0.468056,0.915,1.268914e+04,1.360937e-02,0.0001,3.2927,0,6,187,979,85,84
1012,1148,2160,0.468519,0.918,1.263399e+04,1.306257e-02,0.0001,3.3055,0,9,59,978,85,84
1013,1147,2160,0.468981,0.916,1.264544e+04,1.301919e-02,0.0001,3.3082,0,7,48,977,85,84
1014,1146,2160,0.469444,0.916,1.275581e+04,1.323277e-02,0.0001,3.3085,0,6,40,976,85,84
1015,1145,2160,0.469907,0.915,1.285608e+04,1.331761e-02,0.0001,3.3123,0,7,93,975,85,84
1016,1144,2160,0.47037,0.915,1.289098e+04,1.229237e-02,0.0001,3.3138,0,3,40,974,85,84
1017,1143,2160,0.470833,0.914,1.290082e+04,1.303096e-02,0.0001,3.3002,0,8,154,973,85,84
1018,1142,2160,0.471296,0.913,1.288748e+04,1.081914e-02,0.0001,3.3018,0,0,154,972,85,84
1019,1141,2160,0.471759,0.915,1.283709e+04,1.289855e-02,0.0001,3.2972,0,9,176,971,85,84
1020,1140,2160,0.472222,0.916,1.290184e+04,1.359875e-02,0.0001,3.3065,0,3,43,970,85,84
1021,1139,2160,0.472685,0.915,1.293542e+04,1.306360e-02,0.0001,3.3214,0,8,105,969,85,84
1022,1138,2160,0.473148,0.915,1.291549e+04,1.276592e-02,0.0001,3.2977,0,5,71,968,85,84
1023,1137,2160,0.473611,0.915,1.284016e+04,1.233074e-02,0.0001,3.3162,0,4,43,967,85,84
1024,1136,2160,0.474074,0.915,1.337062e+04,1.280198e-02,0.0001,3.3022,0,5,138,966,85,84
1025,1135,2160,0.474537,0.915,1.328071e+04,1.283347e-02,0.0001,3.3006,0,8,69,965,85,84
1026,1134,2160,0.475,0.915,1.333994e+04,1.271764e-02,0.0001,3.3181,0,9,24,964,85,84
1027,1133,2160,0.475463,0.915,1.351600e+04,1.261963e-02,0.0001,3.3066,0,5,56,963,85,84
1028,1132,2160,0.475926,0.915,1.348263e+04,1.309601e-02,0.0001,3.2943,0,6,46,962,85,84
1029,1131,2160,0.476389,0.915,1.365122e+04,1.467441e-02,0.0001,3.2954,0,4,124,961,85,84
1030,1130,2160,0.476852,0.915,1.380445e+04,1.369201e-02,0.0001,3.3037,0,0,83,960,85,84
1031,1129,2160,0.477315,0.914,1.380741e+04,1.314168e-02,0.0001,3.3017,0,2,14,959,85,84
1032,1128,2160,0.477778,0.914,1.390514e+04,1.290485e-02,0.0001,3.3006,0,9,28,958,85,84
1033,1127,2160,0.478241,0.916,1.404901e+04,1.332649e-02,0.0001,3.3117,0,6,158,957,85,84
1034,1126,2160,0.478704,0.913,1.422440e+04,1.345444e-02,0.0001,3.2955,0,3,179,956,85,84
1035,1125,2160,0.479167,0.914,1.441953e+04,1.230052e-02,0.0001,3.3013,0,8,179,955,85,84
1036,1124,2160,0.47963,0.916,1.431529e+04,1.358165e-02,0.0001,3.2972,0,4,158,954,85,84
1037,1123,2160,0.480093,0.918,1.456781e+04,9.129999e-03,0.0002,3.3022,0,7,158,953,85,84
1038,1122,2160,0.480556,0.917,1.426732e+04,1.303363e-02,0.0001,3.295,0,3,187,952,85,84
1039,1121,2160,0.481019,0.918,1.455197e+04,1.318342e-02,0.0001,3.2995,0,2,30,951,85,84
1040,1120,2160,0.481481,0.917,1.466314e+04,1.331255e-02,0.0001,3.3083,0,8,171,950,85,84
1041,1119,2160,0.481944,0.917,1.469590e+04,1.336158e-02,0.0001,3.3097,0,9,10,949,85,84
1042,1118,2160,0.482407,0.917,1.481699e+04,1.249182e-02,0.0001,3.3026,0,2,187,948,85,84
1043,1117,2160,0.48287,0.916,1.476693e+04,1.319192e-02,0.0001,3.3114,0,5,24,947,85,84
1044,1116,2160,0.483333,0.916,1.469485e+04,1.316075e-02,0.0001,3.3058,0,5,30,946,85,84
1045,1115,2160,0.483796,0.916,1.464460e+04,1.460222e-02,0.0001,3.3001,0,4,20,945,85,84
1046,1114,2160,0.484259,0.916,1.503968e+04,1.441146e-02,0.0001,3.3135,0,4,156,944,85,84
1047,1113,2160,0.484722,0.915,1.547439e+04,1.410716e-02,0.0001,3.3141,0,0,48,943,85,84
1048,1112,2160,0.485185,0.916,1.545243e+04,1.368583e-02,0.0001,3.3069,0,0,10,942,85,84
1049,1111,2160,0.485648,0.917,1.547147e+04,1.479918e-02,0.0001,3.2997,0,4,135,941,85,84
1050,1110,2160,0.486111,0.917,1.560779e+04,1.381584e-02,0.0001,3.3023,0,7,100,940,85,84
1051,1109,2160,0.486574,0.917,1.561936e+04,1.346305e-02,0.0001,3.3089,0,4,168,939,85,84
1052,1108,2160,0.487037,0.917,1.641066e+04,1.361770e-02,0.0001,3.3105,0,6,114,938,85,84
1053,1107,2160,0.4875,0.915,1.651624e+04,1.362896e-02,0.0001,3.3012,0,6,156,937,85,84
1054,1106,2160,0.487963,0.915,1.660422e+04,1.340904e-02,0.0001,3.3195,2,4,7,937,85,83
1055,1105,2160,0.488426,0.915,1.649656e+04,1.331261e-02,0.0001,3.2809,0,9,0,936,85,83
1056,1104,2160,0.488889,0.916,1.667404e+04,1.414894e-02,0.0001,3.3113,0,4,75,935,85,83
1057,1103,2160,0.489352,0.914,1.717298e+04,1.392655e-02,0.0001,3.3116,0,9,89,934,85,83
1058,1102,2160,0.489815,0.915,1.713627e+04,1.377098e-02,0.0001,3.2712,0,8,36,933,85,83
1059,1101,2160,0.490278,0.916,1.708241e+04,1.359467e-02,0.0001,3.3058,0,7,36,932,85,83
1060,1100,2160,0.490741,0.918,1.708528e+04,1.352284e-02,0.0001,3.2926,0,8,139,931,85,83
1061,1099,2160,0.491204,0.917,1.709018e+04,1.307523e-02,0.0001,3.3137,0,2,36,930,85,83
1062,1098,2160,0.491667,0.919,1.705403e+04,1.342432e-02,0.0001,3.1691,0,3,181,929,85,83
1063,1097,2160,0.49213,0.916,1.742317e+04,1.374275e-02,0.0001,3.2978,0,9,188,928,85,83
1064,1096,2160,0.492593,0.916,1.747733e+04,1.378790e-02,0.0001,3.3084,0,2,66,927,85,83
1065,1095,2160,0.493056,0.915,1.751851e+04,1.356159e-02,0.0001,3.2975,2,8,8,927,85,82
1066,1094,2160,0.493519,0.914,1.740976e+04,1.347629e-02,0.0001,3.3,0,1,153,926,85,82
1067,1093,2160,0.493981,0.914,1.734997e+04,1.348611e-02,0.0001,3.2986,0,1,26,925,85,82
1068,1092,2160,0.494444,0.914,1.731175e+04,1.311732e-02,0.0001,3.3007,0,8,181,924,85,82
1069,1091,2160,0.494907,0.914,1.732954e+04,1.346309e-02,0.0001,3.3017,0,8,66,923,85,82
1070,1090,2160,0.49537,0.914,1.731591e+04,1.344146e-02,0.0001,3.3023,0,2,135,922,85,82
1071,1089,2160,0.495833,0.914,1.745268e+04,1.339644e-02,0.0001,3.289,0,1,3,921,85,82
1072,1088,2160,0.496296,0.916,1.741340e+04,1.490180e-02,0.0001,3.305,0,4,118,920,85,82
1073,1087,2160,0.496759,0.917,1.777361e+04,1.396331e-02,0.0001,3.3142,0,9,2,919,85,82
1074,1086,2160,0.497222,0.916,1.781544e+04,1.365493e-02,0.0001,3.297,0,8,135,918,85,82
1075,1085,2160,0.497685,0.915,1.782994e+04,1.357685e-02,0.0001,3.299,0,9,155,917,85,82
1076,1084,2160,0.498148,0.914,1.801270e+04,1.349936e-02,0.0001,3.3023,0,9,8,916,85,82
1077,1083,2160,0.498611,0.914,1.821855e+04,1.392873e-02,0.0001,3.3059,0,7,53,915,85,82
1078,1082,2160,0.499074,0.913,1.838165e+04,1.417861e-02,0.0001,3.3001,0,0,60,914,85,82
1079,1081,2160,0.499537,0.914,1.848613e+04,1.419770e-02,0.0001,3.3068,0,6,37,913,85,82
1080,1080,2160,0.5,0.914,1.864290e+04,1.324693e-02,0.0001,3.3054,0,7,37,912,85,82
1081,1079,2160,0.500463,0.915,1.847161e+04,1.415436e-02,0.0001,3.3004,0,3,189,911,85,82
1082,1078,2160,0.500926,0.915,1.869381e+04,1.386820e-02,0.0001,3.3008,0,5,33,910,85,82
1083,1077,2160,0.501389,0.916,1.857482e+04,1.362180e-02,0.0001,3.3017,0,5,96,909,85,82
1084,1076,2160,0.501852,0.916,1.850885e+04,1.371030e-02,0.0001,3.2981,0,4,125,908,85,82
1085,1075,2160,0.502315,0.915,1.949730e+04,1.421505e-02,0.0001,3.3051,0,7,119,907,85,82
1086,1074,2160,0.502778,0.916,1.964852e+04,1.303200e-02,0.0001,3.3018,0,4,119,906,85,82
1087,1073,2160,0.503241,0.913,1.953010e+04,1.540634e-02,0.0001,3.315,0,4,74,905,85,82
1088,1072,2160,0.503704,0.916,1.986101e+04,1.428782e-02,0.0001,3.3102,0,6,71,904,85,82
1089,1071,2160,0.504167,0.917,1.997918e+04,1.402424e-02,0.0001,3.2971,0,3,74,903,85,82
1090,1070,2160,0.50463,0.915,1.982883e+04,1.376744e-02,0.0001,3.2839,0,1,125,902,85,82
1091,1069,2160,0.505093,0.915,1.968781e+04,1.369301e-02,0.0001,3.3034,0,5,186,901,85,82
1092,1068,2160,0.505556,0.915,1.962769e+04,1.351145e-02,0.0001,3.3042,0,5,156,900,85,82
1093,1067,2160,0.506019,0.916,1.958633e+04,1.358236e-02,0.0001,3.305,0,1,85,899,85,82
1094,1066,2160,0.506481,0.915,1.957547e+04,1.475984e-02,0.0001,3.3125,0,3,102,898,85,82
1095,1065,2160,0.506944,0.915,1.962625e+04,1.371197e-02,0.0001,3.3063,0,5,132,897,85,82
1096,1064,2160,0.507407,0.915,1.956743e+04,1.402823e-02,0.0001,3.3029,0,6,113,896,85,82
1097,1063,2160,0.50787,0.915,1.986365e+04,1.399290e-02,0.0001,3.3036,0,3,16,895,85,82
1098,1062,2160,0.508333,0.913,2.034653e+04,1.401221e-02,0.0001,3.2944,0,9,183,894,85,82
1099,1061,2160,0.508796,0.913,2.061333e+04,1.402111e-02,0.0001,3.3026,0,1,74,893,85,82
1100,1060,2160,0.509259,0.914,2.060129e+04,1.391910e-02,0.0001,3.2913,1,0,1,893,84,82
1101,1059,2160,0.509722,0.912,2.057738e+04,1.410817e-02,0.0001,3.3119,0,1,69,892,84,82
1102,1058,2160,0.510185,0.913,2.057534e+04,1.635804e-02,0.0001,3.3121,0,4,129,891,84,82
1103,1057,2160,0.510648,0.913,2.085027e+04,1.676304e-02,0.0001,3.3125,0,4,76,890,84,82
1104,1056,2160,0.511111,0.911,2.086281e+04,1.467557e-02,0.0001,3.2992,0,5,174,889,84,82
1105,1055,2160,0.511574,0.913,2.066089e+04,1.416432e-02,0.0001,3.2956,0,5,42,888,84,82
1106,1054,2160,0.512037,0.913,2.058781e+04,1.417100e-02,0.0001,3.285,0,5,27,887,84,82
1107,1053,2160,0.5125,0.913,2.055457e+04,1.426789e-02,0.0001,3.2902,0,8,25,886,84,82
1108,1052,2160,0.512963,0.913,2.069234e+04,1.419528e-02,0.0001,3.3108,0,1,84,885,84,82
1109,1051,2160,0.513426,0.914,2.067358e+04,1.467451e-02,0.0001,3.3017,0,4,139,884,84,82
1110,1050,2160,0.513889,0.913,2.161758e+04,1.444125e-02,0.0001,3.3081,0,1,93,883,84,82
1111,1049,2160,0.514352,0.912,2.155359e+04,1.438520e-02,0.0001,3.2872,0,8,17,882,84,82
1112,1048,2160,0.514815,0.913,2.169295e+04,1.400231e-02,0.0001,3.2965,0,6,139,881,84,82
1113,1047,2160,0.515278,0.913,2.194337e+04,1.429040e-02,0.0001,3.3057,0,1,188,880,84,82
1114,1046,2160,0.515741,0.912,2.193741e+04,1.475975e-02,0.0001,3.305,0,9,106,879,84,82
1115,1045,2160,0.516204,0.911,2.205279e+04,1.583568e-02,0.0001,3.2998,0,4,163,878,84,82
1116,1044,2160,0.516667,0.912,2.269547e+04,1.495434e-02,0.0001,3.3132,0,6,25,877,84,82
1117,1043,2160,0.51713,0.912,2.291467e+04,1.465466e-02,0.0001,3.2814,2,6,7,877,84,81
1118,1042,2160,0.517593,0.913,2.279789e+04,1.466262e-02,0.0001,3.2956,0,1,44,876,84,81
1119,1041,2160,0.518056,0.911,2.273412e+04,1.416283e-02,0.0001,3.2968,0,2,163,875,84,81
1120,1040,2160,0.518519,0.915,2.271631e+04,1.648636e-02,0.0001,3.3,0,4,87,874,84,81
1121,1039,2160,0.518981,0.912,2.303503e+04,1.521872e-02,0.0001,3.3088,2,6,6,874,84,80
1122,1038,2160,0.519444,0.913,2.289616e+04,1.654707e-02,0.0001,3.2995,0,4,134,873,84,80
1123,1037,2160,0.519907,0.911,2.318027e+04,1.391566e-02,0.0001,3.302,0,6,134,872,84,80
1124,1036,2160,0.52037,0.914,2.339352e+04,1.454028e-02,0.0001,3.3084,0,1,86,871,84,80
1125,1035,2160,0.520833,0.914,2.332537e+04,1.436777e-02,0.0001,3.3089,0,1,124,870,84,80
1126,1034,2160,0.521296,0.915,2.328188e+04,1.446807e-02,0.0001,3.2966,0,9,113,869,84,80
1127,1033,2160,0.521759,0.915,2.337253e+04,1.485730e-02,0.0001,3.2995,0,4,113,868,84,80
1128,1032,2160,0.522222,0.915,2.400648e+04,1.455943e-02,0.0001,3.3034,0,1,6,867,84,80
1129,1031,2160,0.522685,0.914,2.387797e+04,1.457702e-02,0.0001,3.3137,0,9,158,866,84,80
1130,1030,2160,0.523148,0.915,2.403944e+04,1.443161e-02,0.0001,3.2909,0,1,45,865,84,80
1131,1029,2160,0.523611,0.915,2.396153e+04,1.452860e-02,0.0001,3.3096,0,2,167,864,84,80
1132,1028,2160,0.524074,0.915,2.416469e+04,1.506099e-02,0.0001,3.3037,0,6,91,863,84,80
1133,1027,2160,0.524537,0.912,2.435118e+04,1.507867e-02,0.0001,3.3065,0,7,141,862,84,80
1134,1026,2160,0.525,0.913,2.452437e+04,1.516020e-02,0.0001,3.3102,0,7,130,861,84,80
1135,1025,2160,0.525463,0.912,2.464167e+04,1.504465e-02,0.0001,3.3062,0,6,9,860,84,80
1136,1024,2160,0.525926,0.912,2.490560e+04,1.519254e-02,0.0001,3.2905,0,6,175,859,84,80
1137,1023,2160,0.526389,0.912,2.508592e+04,1.731698e-02,0.0001,3.2974,0,4,149,858,84,80
1138,1022,2160,0.526852,0.913,2.519219e+04,1.513701e-02,0.0001,3.2909,0,9,145,857,84,80
1139,1021,2160,0.527315,0.911,2.523982e+04,1.492882e-02,0.0001,3.3111,0,9,21,856,84,80
1140,1020,2160,0.527778,0.909,2.536714e+04,1.486892e-02,0.0001,3.3262,0,7,9,855,84,80
1141,1019,2160,0.528241,0.909,2.561486e+04,1.476934e-02,0.0001,3.29,0,0,141,854,84,80
1142,1018,2160,0.528704,0.91,2.571215e+04,1.422231e-02,0.0001,3.2946,0,9,9,853,84,80
1143,1017,2160,0.529167,0.911,2.580032e+04,1.469934e-02,0.0001,3.3071,0,9,31,852,84,80
1144,1016,2160,0.52963,0.911,2.600874e+04,1.522027e-02,0.0001,3.3064,0,9,81,851,84,80
1145,1015,2160,0.530093,0.91,2.609135e+04,1.732241e-02,0.0001,3.3088,0,4,171,850,84,80
1146,1014,2160,0.530556,0.911,2.620734e+04,1.536999e-02,0.0001,3.3067,0,1,54,849,84,80
1147,1013,2160,0.531019,0.909,2.594506e+04,1.483823e-02,0.0001,3.2812,0,1,22,848,84,80
1148,1012,2160,0.531481,0.911,2.584209e+04,1.546283e-02,0.0001,3.3086,0,9,68,847,84,80
1149,1011,2160,0.531944,0.91,2.592115e+04,1.535275e-02,0.0001,3.3055,0,7,81,846,84,80
1150,1010,2160,0.532407,0.91,2.600104e+04,1.494152e-02,0.0001,3.3154,0,2,31,845,84,80
1151,1009,2160,0.53287,0.909,2.604064e+04,1.553329e-02,0.0001,3.3039,0,7,33,844,84,80
1152,1008,2160,0.533333,0.908,2.615383e+04,1.512493e-02,0.0001,3.2955,0,6,31,843,84,80
1153,1007,2160,0.533796,0.908,2.620880e+04,1.518064e-02,0.0001,3.3082,0,0,158,842,84,80
1154,1006,2160,0.534259,0.908,2.637166e+04,1.629782e-02,0.0001,3.3132,0,3,66,841,84,80
1155,1005,2160,0.534722,0.909,2.634299e+04,1.566922e-02,0.0001,3.3129,0,7,195,840,84,80
1156,1004,2160,0.535185,0.908,2.649765e+04,1.502062e-02,0.0001,3.2964,0,0,81,839,84,80
1157,1003,2160,0.535648,0.909,2.657818e+04,1.529490e-02,0.0001,3.2952,0,2,39,838,84,80
1158,1002,2160,0.536111,0.91,2.674092e+04,1.537357e-02,0.0001,3.3081,0,8,163,837,84,80
1159,1001,2160,0.536574,0.913,2.673293e+04,1.539379e-02,0.0001,3.2947,0,8,58,836,84,80
1160,1000,2160,0.537037,0.912,2.671220e+04,1.385730e-02,0.0001,3.3051,0,0,58,835,84,80
1161,999,2160,0.5375,0.912,2.664158e+04,1.503181e-02,0.0001,3.3184,0,1,90,834,84,80
1162,998,2160,0.537963,0.912,2.656408e+04,1.509139e-02,0.0001,3.2974,0,5,82,833,84,80
1163,997,2160,0.538426,0.913,2.650558e+04,1.555783e-02,0.0001,3.3017,0,0,94,832,84,80
1164,996,2160,0.538889,0.912,2.667974e+04,1.524332e-02,0.0001,3.3074,0,1,132,831,84,80
1165,995,2160,0.539352,0.912,2.659833e+04,1.506479e-02,0.0001,3.3048,0,8,195,830,84,80
1166,994,2160,0.539815,0.91,2.662146e+04,1.514772e-02,0.0001,3.3136,0,8,103,829,84,80
1167,993,2160,0.540278,0.912,2.667273e+04,1.493976e-02,0.0001,3.3009,0,1,102,828,84,80
1168,992,2160,0.540741,0.91,2.662048e+04,1.633962e-02,0.0001,3.3047,0,4,170,827,84,80
1169,991,2160,0.541204,0.91,2.750428e+04,1.580080e-02,0.0001,3.3068,0,9,39,826,84,80
1170,990,2160,0.541667,0.91,2.739608e+04,1.512211e-02,0.0001,3.3113,0,0,39,825,84,80
1171,989,2160,0.54213,0.909,2.716241e+04,1.575212e-02,0.0001,3.3145,0,8,134,824,84,80
1172,988,2160,0.542593,0.909,2.712143e+04,1.576603e-02,0.0001,3.3052,0,2,149,823,84,80
1173,987,2160,0.543056,0.909,2.719029e+04,1.545123e-02,0.0001,3.305,0,5,177,822,84,80
1174,986,2160,0.543519,0.909,2.706654e+04,1.599044e-02,0.0001,3.29,0,7,79,821,84,80
1175,985,2160,0.543981,0.909,2.723426e+04,1.569251e-02,0.0001,3.284,0,9,58,820,84,80
1176,984,2160,0.544444,0.91,2.735742e+04,1.552201e-02,0.0001,3.318,0,1,142,819,84,80
1177,983,2160,0.544907,0.911,2.723363e+04,1.499081e-02,0.0001,3.3015,0,2,58,818,84,80
1178,982,2160,0.54537,0.907,2.709952e+04,1.708757e-02,0.0001,3.2916,0,4,79,817,84,80
1179,981,2160,0.545833,0.907,2.747261e+04,1.622611e-02,0.0001,3.2992,0,4,5,816,84,80
1180,980,2160,0.546296,0.906,2.836032e+04,1.482745e-02,0.0001,3.3128,0,8,79,815,84,80
1181,979,2160,0.546759,0.907,2.820279e+04,1.572635e-02,0.0001,3.3127,0,0,144,814,84,80
1182,978,2160,0.547222,0.907,2.824295e+04,1.336368e-02,0.0001,3.3039,0,9,5,813,84,80
1183,977,2160,0.547685,0.909,2.811324e+04,1.531686e-02,0.0001,3.3071,0,1,56,812,84,80
1184,976,2160,0.548148,0.91,2.805620e+04,1.515995e-02,0.0001,3.2881,0,3,79,811,84,80
1185,975,2160,0.548611,0.909,2.819064e+04,1.554713e-02,0.0001,3.3024,0,0,134,810,84,80
1186,974,2160,0.549074,0.908,2.835749e+04,1.734194e-02,0.0001,3.2994,0,4,178,809,84,80
1187,973,2160,0.549537,0.907,2.877361e+04,1.593380e-02,0.0001,3.2922,0,8,15,808,84,80
1188,972,2160,0.55,0.907,2.861582e+04,1.545749e-02,0.0001,3.306,0,1,151,807,84,80
1189,971,2160,0.550463,0.906,2.848679e+04,1.521250e-02,0.0001,3.3059,0,1,23,806,84,80
1190,970,2160,0.550926,0.908,2.842509e+04,1.584354e-02,0.0001,3.305,0,6,160,805,84,80
1191,969,2160,0.551389,0.906,2.861908e+04,1.587137e-02,0.0001,3.3008,0,0,116,804,84,80
1192,968,2160,0.551852,0.909,2.873202e+04,1.617261e-02,0.0001,3.3047,2,2,6,804,84,79
1193,967,2160,0.552315,0.909,2.871389e+04,1.568151e-02,0.0001,3.304,0,1,109,803,84,79
1194,966,2160,0.552778,0.91,2.860994e+04,1.657179e-02,0.0001,3.3023,0,4,169,802,84,79
1195,965,2160,0.553241,0.908,2.963790e+04,1.607757e-02,0.0001,3.3044,1,7,6,802,83,79
1196,964,2160,0.553704,0.908,2.941118e+04,1.582098e-02,0.0001,3.3121,0,1,104,801,83,79
1197,963,2160,0.554167,0.91,2.929118e+04,1.359253e-02,0.0001,3.2952,0,9,169,800,83,79
1198,962,2160,0.55463,0.912,2.926559e+04,1.559381e-02,0.0001,3.2986,0,8,153,799,83,79
1199,961,2160,0.555093,0.911,2.941208e+04,1.573446e-02,0.0001,3.2962,0,8,107,798,83,79
1200,960,2160,0.555556,0.91,2.947840e+04,1.606773e-02,0.0001,3.3152,0,0,130,797,83,79
1201,959,2160,0.556019,0.909,2.963776e+04,1.559074e-02,0.0001,3.2907,0,2,107,796,83,79
1202,958,2160,0.556481,0.908,2.968106e+04,1.662733e-02,0.0001,3.2963,0,3,132,795,83,79
1203,957,2160,0.556944,0.911,2.989563e+04,1.604992e-02,0.0001,3.3157,0,8,44,794,83,79
1204,956,2160,0.557407,0.911,2.984168e+04,1.561926e-02,0.0001,3.298,0,8,4,793,83,79
1205,955,2160,0.55787,0.912,2.993283e+04,1.598825e-02,0.0001,3.2973,0,2,138,792,83,79
1206,954,2160,0.558333,0.912,3.006883e+04,1.592695e-02,0.0001,3.2964,0,8,27,791,83,79
1207,953,2160,0.558796,0.913,3.015998e+04,1.573876e-02,0.0001,3.2992,0,5,124,790,83,79
1208,952,2160,0.559259,0.912,3.008230e+04,1.591837e-02,0.0001,3.2909,0,6,29,789,83,79
1209,951,2160,0.559722,0.912,3.050852e+04,1.585895e-02,0.0001,3.2959,0,2,61,788,83,79
1210,950,2160,0.560185,0.911,3.079004e+04,1.620733e-02,0.0001,3.322,0,9,107,787,83,79
1211,949,2160,0.560648,0.91,3.102592e+04,1.597716e-02,0.0001,3.3065,0,8,130,786,83,79
1212,948,2160,0.561111,0.908,3.102780e+04,1.644644e-02,0.0001,3.3019,0,3,112,785,83,79
1213,947,2160,0.561574,0.91,3.155651e+04,1.653870e-02,0.0001,3.3053,0,6,20,784,83,79
1214,946,2160,0.562037,0.91,3.178501e+04,1.405865e-02,0.0001,3.307,0,2,112,783,83,79
1215,945,2160,0.5625,0.911,3.169831e+04,1.580718e-02,0.0001,3.3008,0,3,107,782,83,79
1216,944,2160,0.562963,0.91,3.209840e+04,1.644751e-02,0.0001,3.3103,1,9,3,782,82,79
1217,943,2160,0.563426,0.91,3.200672e+04,1.621845e-02,0.0001,3.2986,0,9,147,781,82,79
1218,942,2160,0.563889,0.907,3.228641e+04,1.651895e-02,0.0001,3.2937,0,8,92,780,82,79
1219,941,2160,0.564352,0.904,3.232008e+04,1.649597e-02,0.0001,3.3171,0,3,147,779,82,79
1220,940,2160,0.564815,0.902,3.259596e+04,1.660406e-02,0.0001,3.3032,0,3,10,778,82,79
1221,939,2160,0.565278,0.901,3.301574e+04,1.641912e-02,0.0001,3.2981,0,1,147,777,82,79
1222,938,2160,0.565741,0.904,3.286332e+04,1.621770e-02,0.0001,3.3114,0,1,110,776,82,79
1223,937,2160,0.566204,0.903,3.279441e+04,1.612041e-02,0.0001,3.3081,0,2,126,775,82,79
1224,936,2160,0.566667,0.903,3.306046e+04,1.650198e-02,0.0001,3.296,0,8,119,774,82,79
1225,935,2160,0.56713,0.904,3.312298e+04,1.644932e-02,0.0001,3.3117,0,3,1,773,82,79
1226,934,2160,0.567593,0.903,3.375148e+04,1.629328e-02,0.0001,3.3192,0,5,149,772,82,79
1227,933,2160,0.568056,0.904,3.365970e+04,1.615703e-02,0.0001,3.3114,0,5,35,771,82,79
1228,932,2160,0.568519,0.903,3.359904e+04,1.627621e-02,0.0001,3.3178,0,1,179,770,82,79
1229,931,2160,0.568981,0.904,3.356663e+04,1.610141e-02,0.0001,3.304,0,7,1,769,82,79
1230,930,2160,0.569444,0.904,3.398858e+04,1.682251e-02,0.0001,3.3074,0,3,58,768,82,79
1231,929,2160,0.569907,0.902,3.443781e+04,1.665208e-02,0.0001,3.3079,0,1,30,767,82,79
1232,928,2160,0.57037,0.902,3.426296e+04,1.690403e-02,0.0001,3.3104,0,6,128,766,82,79
1233,927,2160,0.570833,0.902,3.448265e+04,1.680958e-02,0.0001,3.3089,0,8,101,765,82,79
1234,926,2160,0.571296,0.902,3.448132e+04,1.699312e-02,0.0001,3.31,0,4,69,764,82,79
1235,925,2160,0.571759,0.902,3.588266e+04,1.676715e-02,0.0001,3.2994,0,1,18,763,82,79
1236,924,2160,0.572222,0.9,3.575579e+04,1.700783e-02,0.0001,3.3026,0,2,172,762,82,79
1237,923,2160,0.572685,0.901,3.590114e+04,1.672626e-02,0.0001,3.2974,0,5,18,761,82,79
1238,922,2160,0.573148,0.901,3.576406e+04,1.668818e-02,0.0001,3.2974,1,0,8,761,81,79
1239,921,2160,0.573611,0.902,3.571566e+04,1.654847e-02,0.0001,3.3007,0,5,193,760,81,79
1240,920,2160,0.574074,0.902,3.561810e+04,1.651836e-02,0.0001,3.3021,0,2,146,759,81,79
1241,919,2160,0.574537,0.902,3.576682e+04,1.688493e-02,0.0001,3.2967,0,4,180,758,81,79
1242,918,2160,0.575,0.902,3.714116e+04,1.660903e-02,0.0001,3.302,0,8,166,757,81,79
1243,917,2160,0.575463,0.903,3.724384e+04,1.803637e-02,0.0001,3.2876,0,3,148,756,81,79
1244,916,2160,0.575926,0.906,3.726765e+04,1.702101e-02,0.0001,3.2864,0,0,136,755,81,79
1245,915,2160,0.576389,0.905,3.743554e+04,1.668756e-02,0.0001,3.3045,0,1,51,754,81,79
1246,914,2160,0.576852,0.908,3.728473e+04,1.624316e-02,0.0001,3.3055,0,2,136,753,81,79
1247,913,2160,0.577315,0.906,3.723859e+04,1.687852e-02,0.0001,3.3048,0,1,0,752,81,79
1248,912,2160,0.577778,0.91,3.712856e+04,1.744607e-02,0.0001,3.3165,0,7,124,751,81,79
1249,911,2160,0.578241,0.91,3.741137e+04,1.997600e-02,0.0001,3.3037,2,9,3,751,81,78
1250,910,2160,0.578704,0.908,3.736556e+04,1.996851e-02,0.0001,3.3021,0,4,117,750,81,78
1251,909,2160,0.579167,0.908,3.747990e+04,1.793885e-02,0.0001,3.3131,0,8,50,749,81,78
1252,908,2160,0.57963,0.909,3.728708e+04,1.742655e-02,0.0001,3.2962,0,0,129,748,81,78
1253,907,2160,0.580093,0.91,3.744421e+04,1.734774e-02,0.0001,3.3111,0,7,56,747,81,78
1254,906,2160,0.580556,0.911,3.791317e+04,1.788765e-02,0.0001,3.3096,0,3,114,746,81,78
1255,905,2160,0.581019,0.91,3.840834e+04,1.741900e-02,0.0001,3.3134,0,2,186,745,81,78
1256,904,2160,0.581481,0.909,3.853607e+04,1.739805e-02,0.0001,3.3167,0,7,32,744,81,78
1257,903,2160,0.581944,0.909,3.884704e+04,1.744618e-02,0.0001,3.313,0,8,118,743,81,78
1258,902,2160,0.582407,0.907,3.883411e+04,1.751446e-02,0.0001,3.3154,0,9,96,742,81,78
1259,901,2160,0.58287,0.91,3.897608e+04,1.707183e-02,0.0001,3.3069,0,2,184,741,81,78
1260,900,2160,0.583333,0.911,3.922795e+04,1.757826e-02,0.0001,3.3039,0,0,87,740,81,78
1261,899,2160,0.583796,0.91,3.948340e+04,1.744740e-02,0.0001,3.3045,0,8,21,739,81,78
1262,898,2160,0.584259,0.91,3.949136e+04,1.764503e-02,0.0001,3.2881,0,0,93,738,81,78
1263,897,2160,0.584722,0.908,3.966970e+04,1.766309e-02,0.0001,3.3034,0,8,120,737,81,78
1264,896,2160,0.585185,0.909,3.963440e+04,1.773302e-02,0.0001,3.291,0,7,15,736,81,78
1265,895,2160,0.585648,0.909,3.994545e+04,1.643158e-02,0.0001,3.3128,0,0,120,735,81,78
1266,894,2160,0.586111,0.91,3.994898e+04,1.726956e-02,0.0001,3.3122,0,8,136,734,81,78
1267,893,2160,0.586574,0.911,3.994140e+04,1.797935e-02,0.0001,3.3074,0,6,67,733,81,78
1268,892,2160,0.587037,0.909,4.012753e+04,1.743790e-02,0.0001,3.3078,0,8,28,732,81,78
1269,891,2160,0.5875,0.908,4.021065e+04,1.790789e-02,0.0001,3.3025,0,3,15,731,81,78
1270,890,2160,0.587963,0.909,4.068560e+04,1.692547e-02,0.0001,3.313,0,7,28,730,81,78
1271,889,2160,0.588426,0.906,4.094879e+04,1.575768e-02,0.0001,3.2951,0,7,67,729,81,78
1272,888,2160,0.588889,0.906,4.087822e+04,1.737145e-02,0.0001,3.2997,0,0,163,728,81,78
1273,887,2160,0.589352,0.907,4.119885e+04,1.740071e-02,0.0001,3.3143,0,0,19,727,81,78
1274,886,2160,0.589815,0.907,4.150631e+04,1.966202e-02,0.0001,3.3203,0,4,73,726,81,78
1275,885,2160,0.590278,0.907,4.211603e+04,1.306415e-02,0.0001,3.2975,0,9,73,725,81,78
1276,884,2160,0.590741,0.905,4.146457e+04,1.723372e-02,0.0001,3.3024,0,1,58,724,81,78
1277,883,2160,0.591204,0.903,4.131976e+04,1.607857e-02,0.0001,3.3141,0,6,73,723,81,78
1278,882,2160,0.591667,0.903,4.147790e+04,1.682444e-02,0.0001,3.3138,0,0,15,722,81,78
1279,881,2160,0.59213,0.903,4.191530e+04,1.677193e-02,0.0001,3.3092,0,8,53,721,81,78
1280,880,2160,0.592593,0.906,4.198888e+04,1.722662e-02,0.0001,3.3046,1,2,9,721,80,78
1281,879,2160,0.593056,0.903,4.203006e+04,1.685311e-02,0.0001,3.3016,0,7,73,720,80,78
1282,878,2160,0.593519,0.905,4.229436e+04,1.746930e-02,0.0001,3.3058,0,5,20,719,80,78
1283,877,2160,0.593981,0.905,4.219783e+04,1.749232e-02,0.0001,3.3002,0,1,75,718,80,78
1284,876,2160,0.594444,0.903,4.214781e+04,1.776202e-02,0.0001,3.3086,0,0,137,717,80,78
1285,875,2160,0.594907,0.903,4.251123e+04,1.765986e-02,0.0001,3.2975,0,8,155,716,80,78
1286,874,2160,0.59537,0.904,4.264652e+04,1.755184e-02,0.0001,3.3005,0,9,157,715,80,78
1287,873,2160,0.595833,0.905,4.299574e+04,1.650341e-02,0.0001,3.2984,0,3,155,714,80,78
1288,872,2160,0.596296,0.903,4.360994e+04,2.088270e-02,0.0001,3.3195,0,4,150,713,80,78
1289,871,2160,0.596759,0.902,4.384988e+04,1.822405e-02,0.0001,3.3149,0,6,189,712,80,78
1290,870,2160,0.597222,0.902,4.416697e+04,1.780778e-02,0.0001,3.3078,0,2,70,711,80,78
1291,869,2160,0.597685,0.902,4.452939e+04,1.764975e-02,0.0001,3.2952,0,5,94,710,80,78
1292,868,2160,0.598148,0.903,4.443809e+04,1.818392e-02,0.0001,3.2924,0,0,106,709,80,78
1293,867,2160,0.598611,0.904,4.473968e+04,1.823343e-02,0.0001,3.3028,0,0,68,708,80,78
1294,866,2160,0.599074,0.903,4.490479e+04,1.837337e-02,0.0001,3.3121,0,2,137,707,80,78
1295,865,2160,0.599537,0.903,4.490354e+04,1.781682e-02,0.0001,3.2971,0,0,189,706,80,78
1296,864,2160,0.6,0.902,4.504896e+04,1.888106e-02,0.0001,3.2993,0,3,171,705,80,78
1297,863,2160,0.600463,0.904,4.541038e+04,1.845906e-02,0.0001,3.302,0,6,170,704,80,78
1298,862,2160,0.600926,0.902,4.573104e+04,1.822638e-02,0.0001,3.3093,0,1,156,703,80,78
1299,861,2160,0.601389,0.904,4.554174e+04,1.799238e-02,0.0001,3.3038,0,4,27,702,80,78
1300,860,2160,0.601852,0.903,4.740398e+04,1.834840e-02,0.0001,3.2999,0,9,50,701,80,78
1301,859,2160,0.602315,0.902,4.761710e+04,1.846062e-02,0.0001,3.3019,0,8,192,700,80,78
1302,858,2160,0.602778,0.902,4.768458e+04,1.815387e-02,0.0001,3.2985,0,5,160,699,80,78
1303,857,2160,0.603241,0.903,4.752604e+04,1.847290e-02,0.0001,3.2992,0,7,106,698,80,78
1304,856,2160,0.603704,0.904,4.763486e+04,1.665473e-02,0.0001,3.2949,0,0,192,697,80,78
1305,855,2160,0.604167,0.901,4.776679e+04,1.737396e-02,0.0001,3.3079,0,8,68,696,80,78
1306,854,2160,0.60463,0.903,4.774639e+04,1.772937e-02,0.0001,3.3079,0,1,62,695,80,78
1307,853,2160,0.605093,0.903,4.765934e+04,1.811133e-02,0.0001,3.3003,0,2,115,694,80,78
1308,852,2160,0.605556,0.902,4.797510e+04,1.965665e-02,0.0001,3.3051,0,3,51,693,80,78
1309,851,2160,0.606019,0.905,4.802529e+04,1.834159e-02,0.0001,3.3112,0,6,106,692,80,78
1310,850,2160,0.606481,0.902,4.827856e+04,2.128737e-02,0.0001,3.2938,0,4,143,691,80,78
1311,849,2160,0.606944,0.903,4.876421e+04,1.469504e-02,0.0001,3.3058,0,9,143,690,80,78
1312,848,2160,0.607407,0.901,4.825011e+04,2.136268e-02,0.0001,3.3029,0,4,159,689,80,78
1313,847,2160,0.60787,0.901,4.860222e+04,1.777084e-02,0.0001,3.3112,0,2,159,688,80,78
1314,846,2160,0.608333,0.9,4.850998e+04,1.814447e-02,0.0001,3.3022,0,3,153,687,80,78
1315,845,2160,0.608796,0.901,4.942064e+04,1.855444e-02,0.0001,3.3004,0,6,38,686,80,78
1316,844,2160,0.609259,0.899,4.980572e+04,1.842958e-02,0.0001,3.304,0,7,142,685,80,78
1317,843,2160,0.609722,0.902,5.012537e+04,2.176082e-02,0.0001,3.277,0,4,77,684,80,78
1318,842,2160,0.610185,0.902,5.027743e+04,1.901920e-02,0.0001,3.3178,0,2,132,683,80,78
1319,841,2160,0.610648,0.907,5.028412e+04,1.946095e-02,0.0001,3.2883,0,6,77,682,80,78
1320,840,2160,0.611111,0.901,5.035659e+04,1.860644e-02,0.0001,3.3055,0,6,59,681,80,78
1321,839,2160,0.611574,0.903,5.082362e+04,1.854850e-02,0.0001,3.3108,0,5,8,680,80,78
1322,838,2160,0.612037,0.903,5.064083e+04,1.895974e-02,0.0001,3.2922,0,6,83,679,80,78
1323,837,2160,0.6125,0.903,5.104705e+04,1.887034e-02,0.0001,3.2928,0,6,122,678,80,78
1324,836,2160,0.612963,0.903,5.159697e+04,1.855713e-02,0.0001,3.3028,0,6,18,677,80,78
1325,835,2160,0.613426,0.904,5.222372e+04,1.976426e-02,0.0001,3.3005,0,4,152,676,80,78
1326,834,2160,0.613889,0.903,5.377049e+04,1.598954e-02,0.0001,3.2942,0,8,152,675,80,78
1327,833,2160,0.614352,0.902,5.325131e+04,1.895611e-02,0.0001,3.3017,0,8,100,674,80,78
1328,832,2160,0.614815,0.904,5.319400e+04,1.845289e-02,0.0001,3.3108,0,0,100,673,80,78
1329,831,2160,0.615278,0.903,5.325088e+04,1.907995e-02,0.0001,3.2991,1,2,4,673,79,78
1330,830,2160,0.615741,0.902,5.325358e+04,1.891057e-02,0.0001,3.3127,0,8,173,672,79,78
1331,829,2160,0.616204,0.902,5.331635e+04,1.864939e-02,0.0001,3.2982,0,9,42,671,79,78
1332,828,2160,0.616667,0.9,5.378592e+04,1.869539e-02,0.0001,3.3058,0,7,17,670,79,78
1333,827,2160,0.61713,0.903,5.441522e+04,1.946542e-02,0.0001,3.3091,0,4,85,669,79,78
1334,826,2160,0.617593,0.902,5.621667e+04,1.409615e-02,0.0001,3.3101,0,7,85,668,79,78
1335,825,2160,0.618056,0.903,5.590743e+04,1.844501e-02,0.0001,3.3111,0,1,180,667,79,78
1336,824,2160,0.618519,0.902,5.586605e+04,1.974699e-02,0.0001,3.3072,0,3,83,666,79,78
1337,823,2160,0.618981,0.903,5.597686e+04,1.884148e-02,0.0001,3.3059,0,4,6,665,79,78
1338,822,2160,0.619444,0.903,5.813506e+04,1.675561e-02,0.0001,3.3094,0,4,83,664,79,78
1339,821,2160,0.619907,0.905,5.963239e+04,2.043668e-02,0.0001,3.3084,0,3,175,663,79,78
1340,820,2160,0.62037,0.903,5.976154e+04,1.874615e-02,0.0001,3.3058,0,3,185,662,79,78
1341,819,2160,0.620833,0.905,6.075001e+04,1.862111e-02,0.0001,3.3164,0,5,128,661,79,78
1342,818,2160,0.621296,0.904,6.071225e+04,1.918422e-02,0.0001,3.2847,0,6,47,660,79,78
1343,817,2160,0.621759,0.904,6.122437e+04,1.983327e-02,0.0001,3.3052,0,6,108,659,79,78
1344,816,2160,0.622222,0.905,6.145033e+04,1.997470e-02,0.0001,3.3186,0,6,36,658,79,78
1345,815,2160,0.622685,0.903,6.168919e+04,1.927530e-02,0.0001,3.3145,2,7,8,658,79,77
1346,814,2160,0.623148,0.902,6.146822e+04,1.914795e-02,0.0001,3.303,0,9,36,657,79,77
1347,813,2160,0.623611,0.902,6.132254e+04,1.694293e-02,0.0001,3.3038,0,0,36,656,79,77
1348,812,2160,0.624074,0.903,6.135978e+04,1.878570e-02,0.0001,3.285,0,2,175,655,79,77
1349,811,2160,0.624537,0.903,6.171712e+04,1.958209e-02,0.0001,3.2902,0,6,133,654,79,77
1350,810,2160,0.625,0.906,6.217816e+04,1.957664e-02,0.0001,3.3028,0,2,51,653,79,77
1351,809,2160,0.625463,0.904,6.232304e+04,1.993426e-02,0.0001,3.3088,0,3,108,652,79,77
1352,808,2160,0.625926,0.903,6.267873e+04,1.884285e-02,0.0001,3.3022,0,9,133,651,79,77
1353,807,2160,0.626389,0.902,6.234923e+04,1.724666e-02,0.0001,3.2901,0,4,133,650,79,77
1354,806,2160,0.626852,0.905,6.336387e+04,1.930051e-02,0.0001,3.3087,0,2,65,649,79,77
1355,805,2160,0.627315,0.902,6.353597e+04,1.929203e-02,0.0001,3.296,0,5,36,648,79,77
1356,804,2160,0.627778,0.903,6.339307e+04,1.933640e-02,0.0001,3.2958,0,2,79,647,79,77
1357,803,2160,0.628241,0.901,6.377159e+04,1.926414e-02,0.0001,3.3096,0,8,108,646,79,77
1358,802,2160,0.628704,0.902,6.390056e+04,2.050418e-02,0.0001,3.3045,2,4,0,646,79,76
1359,801,2160,0.629167,0.901,6.390127e+04,1.944286e-02,0.0001,3.3132,0,8,112,645,79,76
1360,800,2160,0.62963,0.9,6.415723e+04,1.988276e-02,0.0001,3.3134,0,7,101,644,79,76
1361,799,2160,0.630093,0.902,6.451283e+04,1.948950e-02,0.0001,3.3012,1,7,3,644,78,76
1362,798,2160,0.630556,0.901,6.432134e+04,2.057517e-02,0.0001,3.3037,0,6,172,643,78,76
1363,797,2160,0.631019,0.902,6.466350e+04,2.158478e-02,0.0001,3.2879,0,3,110,642,78,76
1364,796,2160,0.631481,0.904,6.456019e+04,2.341313e-02,0.0001,3.3057,0,4,138,641,78,76
1365,795,2160,0.631944,0.903,6.496384e+04,2.150939e-02,0.0001,3.2835,0,4,71,640,78,76
1366,794,2160,0.632407,0.903,6.627914e+04,2.003735e-02,0.0001,3.2899,0,7,12,639,78,76
1367,793,2160,0.63287,0.903,6.661310e+04,1.988811e-02,0.0001,3.2994,0,5,103,638,78,76
1368,792,2160,0.633333,0.901,6.640041e+04,2.076494e-02,0.0001,3.3116,0,3,119,637,78,76
1369,791,2160,0.633796,0.9,6.693484e+04,2.031507e-02,0.0001,3.3036,0,2,174,636,78,76
1370,790,2160,0.634259,0.897,6.709979e+04,2.044042e-02,0.0001,3.3079,1,9,6,636,77,76
1371,789,2160,0.634722,0.894,6.693663e+04,1.994176e-02,0.0001,3.274,0,9,122,635,77,76
1372,788,2160,0.635185,0.896,6.728107e+04,2.019283e-02,0.0001,3.2986,0,2,52,634,77,76
1373,787,2160,0.635648,0.896,6.740432e+04,2.062589e-02,0.0001,3.3007,0,7,66,633,77,76
1374,786,2160,0.636111,0.894,6.748332e+04,1.988522e-02,0.0001,3.3122,0,1,47,632,77,76
1375,785,2160,0.636574,0.894,6.720676e+04,1.958081e-02,0.0001,3.2967,0,2,122,631,77,76
1376,784,2160,0.637037,0.895,6.743037e+04,1.986804e-02,0.0001,3.3114,0,1,130,630,77,76
1377,783,2160,0.6375,0.896,6.731517e+04,1.970984e-02,0.0001,3.3092,0,9,22,629,77,76
1378,782,2160,0.637963,0.896,6.792859e+04,2.028530e-02,0.0001,3.3148,0,2,53,628,77,76
1379,781,2160,0.638426,0.894,6.815276e+04,2.081201e-02,0.0001,3.2784,0,6,33,627,77,76
1380,780,2160,0.638889,0.894,6.854291e+04,2.000393e-02,0.0001,3.2862,0,5,145,626,77,76
1381,779,2160,0.639352,0.895,6.832622e+04,2.087721e-02,0.0001,3.3178,0,7,144,625,77,76
1382,778,2160,0.639815,0.892,6.857032e+04,2.079218e-02,0.0001,3.3108,0,0,80,624,77,76
1383,777,2160,0.640278,0.895,6.883846e+04,1.898071e-02,0.0001,3.312,0,7,80,623,77,76
1384,776,2160,0.640741,0.893,6.860047e+04,2.080724e-02,0.0001,3.315,0,7,92,622,77,76
1385,775,2160,0.641204,0.892,6.880162e+04,2.011002e-02,0.0001,3.3161,0,5,176,621,77,76
1386,774,2160,0.641667,0.891,6.853599e+04,2.066253e-02,0.0001,3.2982,0,0,109,620,77,76
1387,773,2160,0.64213,0.889,6.881812e+04,2.089566e-02,0.0001,3.3056,0,7,127,619,77,76
1388,772,2160,0.642593,0.889,6.902897e+04,2.023865e-02,0.0001,3.2984,0,9,11,618,77,76
1389,771,2160,0.643056,0.888,6.948107e+04,2.055354e-02,0.0001,3.3048,0,9,159,617,77,76
1390,770,2160,0.643519,0.891,6.984998e+04,2.087180e-02,0.0001,3.3122,0,2,32,616,77,76
1391,769,2160,0.643981,0.89,6.998990e+04,2.084291e-02,0.0001,3.297,0,7,91,615,77,76
1392,768,2160,0.644444,0.892,7.022438e+04,2.036934e-02,0.0001,3.2977,0,9,127,614,77,76
1393,767,2160,0.644907,0.892,7.016273e+04,2.087256e-02,0.0001,3.3142,0,9,72,613,77,76
1394,766,2160,0.64537,0.894,7.032530e+04,2.062174e-02,0.0001,3.3081,1,4,9,613,76,76
1395,765,2160,0.645833,0.893,7.014996e+04,2.021205e-02,0.0001,3.2991,0,6,159,612,76,76
1396,764,2160,0.646296,0.893,7.026073e+04,1.975821e-02,0.0001,3.3157,0,0,104,611,76,76
1397,763,2160,0.646759,0.894,7.041995e+04,1.980663e-02,0.0001,3.2927,0,9,117,610,76,76
1398,762,2160,0.647222,0.892,7.057737e+04,2.003795e-02,0.0001,3.3106,0,6,144,609,76,76
1399,761,2160,0.647685,0.894,7.072871e+04,2.352952e-02,0.0001,3.3093,0,4,45,608,76,76
1400,760,2160,0.648148,0.891,7.108863e+04,1.575454e-02,0.0001,3.3128,0,3,45,607,76,76
1401,759,2160,0.648611,0.891,7.066298e+04,2.020588e-02,0.0001,3.3106,0,6,45,606,76,76
1402,758,2160,0.649074,0.89,7.174172e+04,2.026320e-02,0.0001,3.2986,0,6,145,605,76,76
1403,757,2160,0.649537,0.888,7.236035e+04,2.018478e-02,0.0001,3.31,0,9,18,604,76,76
1404,756,2160,0.65,0.888,7.289223e+04,1.764926e-02,0.0001,3.3129,0,8,45,603,76,76
1405,755,2160,0.650463,0.888,7.266875e+04,1.977222e-02,0.0001,3.3091,0,8,40,602,76,76
1406,754,2160,0.650926,0.888,7.299449e+04,1.964295e-02,0.0001,3.3069,0,5,183,601,76,76
1407,753,2160,0.651389,0.888,7.289942e+04,2.005495e-02,0.0001,3.2979,0,7,30,600,76,76
1408,752,2160,0.651852,0.889,7.355213e+04,2.035395e-02,0.0001,3.308,0,2,161,599,76,76
1409,751,2160,0.652315,0.89,7.377346e+04,2.015875e-02,0.0001,3.3101,0,3,30,598,76,76
1410,750,2160,0.652778,0.89,7.426375e+04,2.023586e-02,0.0001,3.3122,0,9,98,597,76,76
1411,749,2160,0.653241,0.89,7.484279e+04,2.006691e-02,0.0001,3.307,0,5,73,596,76,76
1412,748,2160,0.653704,0.89,7.465675e+04,2.063794e-02,0.0001,3.2827,0,0,102,595,76,76
1413,747,2160,0.654167,0.89,7.516316e+04,2.033808e-02,0.0001,3.2923,0,5,76,594,76,76
1414,746,2160,0.65463,0.892,7.502391e+04,2.216326e-02,0.0001,3.2987,0,3,162,593,76,76
1415,745,2160,0.655093,0.894,7.529542e+04,2.150907e-02,0.0001,3.3146,0,9,76,592,76,76
1416,744,2160,0.655556,0.898,7.545498e+04,2.374638e-02,0.0001,3.3059,0,4,89,591,76,76
1417,743,2160,0.656019,0.898,7.627235e+04,2.520851e-02,0.0001,3.3053,0,4,63,590,76,76
1418,742,2160,0.656481,0.895,7.612965e+04,2.157187e-02,0.0001,3.3154,0,8,47,589,76,76
1419,741,2160,0.656944,0.894,7.579935e+04,2.094094e-02,0.0001,3.3116,0,3,63,588,76,76
1420,740,2160,0.657407,0.894,7.550815e+04,2.441613e-02,0.0001,3.2925,2,2,3,588,76,75
1421,739,2160,0.65787,0.893,7.545983e+04,2.071737e-02,0.0001,3.3047,0,2,121,587,76,75
1422,738,2160,0.658333,0.89,7.568890e+04,2.159906e-02,0.0001,3.3113,0,7,72,586,76,75
1423,737,2160,0.658796,0.891,7.585076e+04,2.190013e-02,0.0001,3.3028,0,3,190,585,76,75
1424,736,2160,0.659259,0.891,7.620628e+04,2.130218e-02,0.0001,3.3102,0,9,121,584,76,75
1425,735,2160,0.659722,0.889,7.599930e+04,2.092141e-02,0.0001,3.2928,0,5,151,583,76,75
1426,734,2160,0.660185,0.888,7.565770e+04,2.154998e-02,0.0001,3.3053,0,0,86,582,76,75
1427,733,2160,0.660648,0.888,7.590117e+04,2.081406e-02,0.0001,3.3014,0,8,13,581,76,75
1428,732,2160,0.661111,0.886,7.611809e+04,2.059697e-02,0.0001,3.2967,0,1,31,580,76,75
1429,731,2160,0.661574,0.889,7.599184e+04,2.134514e-02,0.0001,3.2979,0,9,132,579,76,75
1430,730,2160,0.662037,0.888,7.633458e+04,2.081991e-02,0.0001,3.3075,0,2,190,578,76,75
1431,729,2160,0.6625,0.89,7.656354e+04,2.263935e-02,0.0001,3.3034,0,3,96,577,76,75
1432,728,2160,0.662963,0.891,7.653571e+04,2.138200e-02,0.0001,3.3107,0,8,76,576,76,75
1433,727,2160,0.663426,0.89,7.651597e+04,2.190886e-02,0.0001,3.2999,0,6,148,575,76,75
1434,726,2160,0.663889,0.888,7.693235e+04,2.174866e-02,0.0001,3.304,0,9,78,574,76,75
1435,725,2160,0.664352,0.885,7.726039e+04,2.129446e-02,0.0001,3.2994,0,5,100,573,76,75
1436,724,2160,0.664815,0.885,7.690927e+04,2.121371e-02,0.0001,3.2887,0,2,111,572,76,75
1437,723,2160,0.665278,0.887,7.747913e+04,2.128776e-02,0.0001,3.3084,2,7,5,572,76,74
1438,722,2160,0.665741,0.887,7.735873e+04,2.149093e-02,0.0001,3.2976,0,3,99,571,76,74
1439,721,2160,0.666204,0.888,7.845924e+04,2.548272e-02,0.0001,3.2943,0,4,88,570,76,74
1440,720,2160,0.666667,0.891,7.895777e+04,2.274717e-02,0.0001,3.3214,0,7,94,569,76,74
1441,719,2160,0.66713,0.893,7.903506e+04,2.139537e-02,0.0001,3.307,0,9,16,568,76,74
1442,718,2160,0.667593,0.89,7.977659e+04,2.163461e-02,0.0001,3.3067,0,8,51,567,76,74
1443,717,2160,0.668056,0.891,7.982577e+04,2.110118e-02,0.0001,3.3059,0,5,74,566,76,74
1444,716,2160,0.668519,0.89,7.965579e+04,2.108258e-02,0.0001,3.3146,0,1,127,565,76,74
1445,715,2160,0.668981,0.891,7.958926e+04,2.159888e-02,0.0001,3.3029,0,9,94,564,76,74
1446,714,2160,0.669444,0.894,7.978301e+04,2.127199e-02,0.0001,3.2862,0,9,40,563,76,74
1447,713,2160,0.669907,0.893,8.055396e+04,2.252624e-02,0.0001,3.3144,0,6,177,562,76,74
1448,712,2160,0.67037,0.893,8.100466e+04,2.118035e-02,0.0001,3.3006,1,7,9,562,75,74
1449,711,2160,0.670833,0.894,8.082520e+04,2.110178e-02,0.0001,3.3086,0,2,15,561,75,74
1450,710,2160,0.671296,0.893,8.158308e+04,2.145357e-02,0.0001,3.3164,0,1,113,560,75,74
1451,709,2160,0.671759,0.895,8.156266e+04,2.249659e-02,0.0001,3.3114,0,6,21,559,75,74
1452,708,2160,0.672222,0.895,8.234915e+04,2.149344e-02,0.0001,3.2998,0,5,122,558,75,74
1453,707,2160,0.672685,0.896,8.222699e+04,2.111022e-02,0.0001,0.5209,0,2,21,557,75,74
1454,706,2160,0.673148,0.893,8.296781e+04,2.246281e-02,0.0001,3.3017,0,8,89,556,75,74
1455,705,2160,0.673611,0.893,8.293509e+04,2.322090e-02,0.0001,3.3027,0,6,34,555,75,74
1456,704,2160,0.674074,0.893,8.325036e+04,2.183469e-02,0.0001,3.3067,0,1,59,554,75,74
1457,703,2160,0.674537,0.896,8.302058e+04,2.309852e-02,0.0001,3.2982,0,6,129,553,75,74
1458,702,2160,0.675,0.895,8.344646e+04,2.192000e-02,0.0001,3.3073,0,1,32,552,75,74
1459,701,2160,0.675463,0.894,8.321901e+04,2.025554e-02,0.0001,3.3087,0,8,129,551,75,74
1460,700,2160,0.675926,0.896,8.338873e+04,2.025956e-02,0.0001,3.3147,0,7,129,550,75,74
1461,699,2160,0.676389,0.893,8.428992e+04,2.067101e-02,0.0001,3.2987,0,0,89,549,75,74
1462,698,2160,0.676852,0.897,8.478659e+04,2.243471e-02,0.0001,3.2833,0,7,44,548,75,74
1463,697,2160,0.677315,0.896,8.508742e+04,2.372077e-02,0.0001,3.3167,0,3,44,547,75,74
1464,696,2160,0.677778,0.895,8.489929e+04,2.596760e-02,0.0001,3.3088,0,4,33,546,75,74
1465,695,2160,0.678241,0.895,8.532335e+04,2.264822e-02,0.0001,3.3044,0,1,189,545,75,74
1466,694,2160,0.678704,0.898,8.477288e+04,2.180564e-02,0.0001,3.3108,0,4,167,544,75,74
1467,693,2160,0.679167,0.897,8.771624e+04,2.154740e-02,0.0001,3.2847,0,5,78,543,75,74
1468,692,2160,0.67963,0.898,8.763410e+04,2.139958e-02,0.0001,3.2874,0,7,154,542,75,74
1469,691,2160,0.680093,0.898,8.866663e+04,2.175467e-02,0.0001,3.3118,0,0,29,541,75,74
1470,690,2160,0.680556,0.897,8.966873e+04,2.227765e-02,0.0001,3.305,0,2,57,540,75,74
1471,689,2160,0.681019,0.9,9.027929e+04,2.199264e-02,0.0001,3.3029,0,5,31,539,75,74
1472,688,2160,0.681481,0.9,9.015588e+04,2.346772e-02,0.0001,3.3193,0,6,93,538,75,74
1473,687,2160,0.681944,0.9,9.083217e+04,2.220239e-02,0.0001,3.3081,0,5,150,537,75,74
1474,686,2160,0.682407,0.9,9.066898e+04,2.278314e-02,0.0001,3.3003,0,8,82,536,75,74
1475,685,2160,0.68287,0.903,9.079124e+04,1.928560e-02,0.0001,3.3031,0,0,82,535,75,74
1476,684,2160,0.683333,0.9,9.069584e+04,2.128849e-02,0.0001,3.3104,0,7,57,534,75,74
1477,683,2160,0.683796,0.9,9.143048e+04,2.386603e-02,0.0001,3.3187,0,3,144,533,75,74
1478,682,2160,0.684259,0.903,9.158621e+04,2.355729e-02,0.0001,3.3115,0,7,164,532,75,74
1479,681,2160,0.684722,0.903,9.182484e+04,2.346755e-02,0.0001,3.2984,0,9,77,531,75,74
1480,680,2160,0.685185,0.901,9.203542e+04,2.361177e-02,0.0001,3.3088,0,2,62,530,75,74
1481,679,2160,0.685648,0.897,9.210450e+04,2.271066e-02,0.0001,3.3029,0,5,118,529,75,74
1482,678,2160,0.686111,0.897,9.179200e+04,2.370063e-02,0.0001,3.3043,0,6,35,528,75,74
1483,677,2160,0.686574,0.897,9.245066e+04,2.205171e-02,0.0001,3.2998,0,4,35,527,75,74
1484,676,2160,0.687037,0.896,9.258590e+04,1.337491e-02,0.0001,3.2878,0,9,35,526,75,74
1485,675,2160,0.6875,0.896,9.189503e+04,2.213059e-02,0.0001,3.3084,0,5,171,525,75,74
1486,674,2160,0.687963,0.895,9.181476e+04,2.215272e-02,0.0001,3.3065,0,5,107,524,75,74
1487,673,2160,0.688426,0.894,9.174892e+04,2.251291e-02,0.0001,3.291,0,1,133,523,75,74
1488,672,2160,0.688889,0.893,9.175728e+04,2.355128e-02,0.0001,3.2954,0,3,62,522,75,74
1489,671,2160,0.689352,0.893,9.266938e+04,2.395214e-02,0.0001,3.3127,0,4,110,521,75,74
1490,670,2160,0.689815,0.894,9.520755e+04,2.317635e-02,0.0001,3.2898,0,7,3,520,75,74
1491,669,2160,0.690278,0.895,9.609674e+04,2.296855e-02,0.0001,3.3105,0,5,85,519,75,74
1492,668,2160,0.690741,0.895,9.592271e+04,2.290445e-02,0.0001,3.313,0,1,88,518,75,74
1493,667,2160,0.691204,0.895,9.585650e+04,2.255582e-02,0.0001,3.3008,0,1,191,517,75,74
1494,666,2160,0.691667,0.895,9.581508e+04,2.772731e-02,0.0001,3.3085,0,4,23,516,75,74
1495,665,2160,0.69213,0.897,9.643888e+04,2.392925e-02,0.0001,3.315,0,3,23,515,75,74
1496,664,2160,0.692593,0.895,9.594338e+04,2.290896e-02,0.0001,3.2943,0,2,3,514,75,74
1497,663,2160,0.693056,0.894,9.671212e+04,2.327304e-02,0.0001,3.2988,0,2,20,513,75,74
1498,662,2160,0.693519,0.894,9.718678e+04,2.365102e-02,0.0001,3.3199,0,8,49,512,75,74
1499,661,2160,0.693981,0.894,9.725502e+04,2.301602e-02,0.0001,3.3249,0,1,80,511,75,74
1500,660,2160,0.694444,0.896,9.715317e+04,2.296833e-02,0.0001,3.3163,0,8,190,510,75,74
1501,659,2160,0.694907,0.894,9.780494e+04,2.408490e-02,0.0001,3.3004,0,2,77,509,75,74
1502,658,2160,0.69537,0.896,9.818230e+04,2.339533e-02,0.0001,3.3043,0,1,48,508,75,74
1503,657,2160,0.695833,0.895,9.803463e+04,2.408717e-02,0.0001,3.3123,0,8,164,507,75,74
1504,656,2160,0.696296,0.897,9.828114e+04,2.400068e-02,0.0001,3.2987,0,9,186,506,75,74
1505,655,2160,0.696759,0.897,9.935120e+04,2.435672e-02,0.0001,3.306,1,5,9,506,74,74
1506,654,2160,0.697222,0.901,9.943213e+04,2.414495e-02,0.0001,3.3034,0,0,107,505,74,74
1507,653,2160,0.697685,0.902,1.003299e+05,2.603924e-02,0.0001,3.2946,0,3,72,504,74,74
1508,652,2160,0.698148,0.898,1.004649e+05,2.480756e-02,0.0001,3.2992,0,2,176,503,74,74
1509,651,2160,0.698611,0.897,1.008214e+05,2.396206e-02,0.0001,3.286,0,1,79,502,74,74
1510,650,2160,0.699074,0.897,1.006471e+05,2.368201e-02,0.0001,3.2947,0,8,98,501,74,74
1511,649,2160,0.699537,0.894,1.012980e+05,2.903661e-02,0.0001,3.301,0,4,131,500,74,74
1512,648,2160,0.7,0.889,1.017226e+05,2.462814e-02,0.0001,3.3093,0,2,110,499,74,74
1513,647,2160,0.700463,0.889,1.022975e+05,2.424487e-02,0.0001,3.2943,0,7,24,498,74,74
1514,646,2160,0.700926,0.892,1.034226e+05,2.516730e-02,0.0001,3.3036,0,6,161,497,74,74
1515,645,2160,0.701389,0.892,1.043283e+05,2.961005e-02,0.0001,3.3044,0,4,128,496,74,74
1516,644,2160,0.701852,0.893,1.046993e+05,2.713081e-02,0.0001,3.3064,0,3,54,495,74,74
1517,643,2160,0.702315,0.892,1.041224e+05,2.414190e-02,0.0001,3.2765,0,6,54,494,74,74
1518,642,2160,0.702778,0.897,1.045962e+05,2.440170e-02,0.0001,3.3074,0,5,61,493,74,74
1519,641,2160,0.703241,0.895,1.042542e+05,2.209331e-02,0.0001,3.2892,0,8,54,492,74,74
1520,640,2160,0.703704,0.897,1.039669e+05,2.404034e-02,0.0001,3.3084,0,1,82,491,74,74
1521,639,2160,0.704167,0.893,1.038672e+05,2.634222e-02,0.0001,3.3003,0,3,68,490,74,74
1522,638,2160,0.70463,0.895,1.038901e+05,2.491975e-02,0.0001,3.295,0,0,49,489,74,74
1523,637,2160,0.705093,0.892,1.044623e+05,2.499247e-02,0.0001,3.3036,0,7,135,488,74,74
1524,636,2160,0.705556,0.897,1.054961e+05,2.326799e-02,0.0001,3.2983,0,9,49,487,74,74
1525,635,2160,0.706019,0.893,1.057813e+05,2.473080e-02,0.0001,3.3097,0,9,161,486,74,74
1526,634,2160,0.706481,0.894,1.059615e+05,2.579438e-02,0.0001,3.3032,0,7,96,485,74,74
1527,633,2160,0.706944,0.896,1.064230e+05,2.473844e-02,0.0001,3.2965,0,5,68,484,74,74
1528,632,2160,0.707407,0.895,1.060437e+05,2.423942e-02,0.0001,3.3031,0,5,162,483,74,74
1529,631,2160,0.70787,0.896,1.058098e+05,2.575391e-02,0.0001,3.2973,0,6,124,482,74,74
1530,630,2160,0.708333,0.893,1.065196e+05,2.427456e-02,0.0001,3.3118,0,8,124,481,74,74
1531,629,2160,0.708796,0.894,1.062235e+05,2.497555e-02,0.0001,3.2976,0,9,63,480,74,74
1532,628,2160,0.709259,0.89,1.070380e+05,2.440160e-02,0.0001,3.3047,0,5,46,479,74,74
1533,627,2160,0.709722,0.89,1.067332e+05,2.559086e-02,0.0001,3.3124,0,6,75,478,74,74
1534,626,2160,0.710185,0.889,1.074725e+05,2.457262e-02,0.0001,3.307,0,1,190,477,74,74
1535,625,2160,0.710648,0.892,1.071733e+05,2.453089e-02,0.0001,2.5134,0,4,195,476,74,74
1536,624,2160,0.711111,0.89,1.109711e+05,2.495728e-02,0.0001,3.3111,0,6,74,475,74,74
1537,623,2160,0.711574,0.885,1.122629e+05,2.490625e-02,0.0001,3.3051,0,1,55,474,74,74
1538,622,2160,0.712037,0.887,1.120555e+05,2.663688e-02,0.0001,3.3057,0,3,87,473,74,74
1539,621,2160,0.7125,0.887,1.126572e+05,2.582498e-02,0.0001,3.3027,0,2,41,472,74,74
1540,620,2160,0.712963,0.886,1.130077e+05,2.120052e-02,0.0001,3.3104,0,3,41,471,74,74
1541,619,2160,0.713426,0.887,1.132223e+05,2.569122e-02,0.0001,3.3058,0,3,91,470,74,74
1542,618,2160,0.713889,0.88,1.143176e+05,2.534579e-02,0.0001,3.3087,0,3,14,469,74,74
1543,617,2160,0.714352,0.883,1.156062e+05,2.148802e-02,0.0001,3.3103,0,7,14,468,74,74
1544,616,2160,0.714815,0.887,1.159208e+05,2.599643e-02,0.0001,3.3021,0,7,150,467,74,74
1545,615,2160,0.715278,0.884,1.166521e+05,2.507570e-02,0.0001,3.3057,0,8,184,466,74,74
1546,614,2160,0.715741,0.883,1.170422e+05,2.548872e-02,0.0001,3.3152,0,0,159,465,74,74
1547,613,2160,0.716204,0.885,1.181846e+05,2.612137e-02,0.0001,3.3036,0,9,150,464,74,74
1548,612,2160,0.716667,0.886,1.185411e+05,2.556403e-02,0.0001,3.295,0,1,157,463,74,74
1549,611,2160,0.71713,0.884,1.182946e+05,2.408463e-02,0.0001,3.311,0,0,150,462,74,74
1550,610,2160,0.717593,0.882,1.182395e+05,2.536061e-02,0.0001,3.3072,0,7,26,461,74,74
1551,609,2160,0.718056,0.882,1.196781e+05,2.658482e-02,0.0001,3.309,0,9,130,460,74,74
1552,608,2160,0.718519,0.881,1.201965e+05,2.573769e-02,0.0001,3.3092,0,1,95,459,74,74
1553,607,2160,0.718981,0.881,1.199171e+05,2.972852e-02,0.0001,3.3044,0,4,146,458,74,74
1554,606,2160,0.719444,0.883,1.211973e+05,1.900784e-02,0.0001,3.3093,0,7,146,457,74,74
1555,605,2160,0.719907,0.882,1.199272e+05,2.532218e-02,0.0001,3.2753,0,5,175,456,74,74
1556,604,2160,0.72037,0.882,1.197666e+05,2.480613e-02,0.0001,3.304,0,8,150,455,74,74
1557,603,2160,0.720833,0.882,1.199649e+05,2.636498e-02,0.0001,3.3112,2,7,4,455,74,73
1558,602,2160,0.721296,0.883,1.199005e+05,2.535142e-02,0.0001,3.2987,1,0,4,455,73,73
1559,601,2160,0.721759,0.881,1.200213e+05,2.507583e-02,0.0001,3.3064,0,5,144,454,73,73
1560,600,2160,0.722222,0.884,1.199071e+05,2.689343e-02,0.0001,3.2954,0,4,161,453,73,73
1561,599,2160,0.722685,0.888,1.231770e+05,2.704976e-02,0.0001,3.3051,0,4,64,452,73,73
1562,598,2160,0.723148,0.888,1.264570e+05,2.593992e-02,0.0001,3.3005,0,1,81,451,73,73
1563,597,2160,0.723611,0.887,1.261604e+05,2.666633e-02,0.0001,3.3012,0,3,176,450,73,73
1564,596,2160,0.724074,0.887,1.272703e+05,2.553519e-02,0.0001,3.3098,0,5,195,449,73,73
1565,595,2160,0.724537,0.888,1.269727e+05,2.465560e-02,0.0001,3.305,0,6,176,448,73,73
1566,594,2160,0.725,0.892,1.277735e+05,2.641749e-02,0.0001,3.3007,0,6,102,447,73,73
1567,593,2160,0.725463,0.883,1.290737e+05,2.694018e-02,0.0001,3.2993,2,0,2,447,73,72
1568,592,2160,0.725926,0.88,1.291286e+05,2.638897e-02,0.0001,3.3,0,1,68,446,73,72
1569,591,2160,0.726389,0.881,1.290433e+05,2.609750e-02,0.0001,3.319,0,5,49,445,73,72
1570,590,2160,0.726852,0.88,1.289354e+05,2.662949e-02,0.0001,3.3193,0,7,156,444,73,72
1571,589,2160,0.727315,0.88,1.304067e+05,2.629884e-02,0.0001,3.3138,0,6,179,443,73,72
1572,588,2160,0.727778,0.882,1.321789e+05,2.609066e-02,0.0001,3.3044,0,5,48,442,73,72
1573,587,2160,0.728241,0.883,1.320619e+05,2.684655e-02,0.0001,3.2979,0,8,60,441,73,72
1574,586,2160,0.728704,0.884,1.325549e+05,2.649021e-02,0.0001,3.2807,0,0,56,440,73,72
1575,585,2160,0.729167,0.881,1.341581e+05,2.769322e-02,0.0001,3.305,0,6,53,439,73,72
1576,584,2160,0.72963,0.883,1.352688e+05,2.692034e-02,0.0001,3.302,0,1,78,438,73,72
1577,583,2160,0.730093,0.878,1.350380e+05,2.862075e-02,0.0001,3.3108,0,4,115,437,73,72
1578,582,2160,0.730556,0.883,1.383113e+05,2.938662e-02,0.0001,3.2913,0,7,123,436,73,72
1579,581,2160,0.731019,0.881,1.385352e+05,2.729065e-02,0.0001,3.3067,0,4,123,435,73,72
1580,580,2160,0.731481,0.884,1.399636e+05,2.774495e-02,0.0001,3.3076,0,7,58,434,73,72
1581,579,2160,0.731944,0.879,1.411325e+05,2.684820e-02,0.0001,3.3152,0,5,121,433,73,72
1582,578,2160,0.732407,0.882,1.408073e+05,2.636169e-02,0.0001,3.3102,0,5,63,432,73,72
1583,577,2160,0.73287,0.88,1.406557e+05,2.763800e-02,0.0001,3.3049,0,2,177,431,73,72
1584,576,2160,0.733333,0.879,1.411066e+05,2.240712e-02,0.0001,3.3065,0,3,177,430,73,72
1585,575,2160,0.733796,0.879,1.410271e+05,2.629997e-02,0.0001,3.3026,0,5,59,429,73,72
1586,574,2160,0.734259,0.877,1.407788e+05,2.608795e-02,0.0001,3.2945,0,1,171,428,73,72
1587,573,2160,0.734722,0.876,1.406616e+05,2.626407e-02,0.0001,3.2992,0,5,93,427,73,72
1588,572,2160,0.735185,0.877,1.405119e+05,2.605387e-02,0.0001,3.3098,0,5,120,426,73,72
1589,571,2160,0.735648,0.876,1.403348e+05,2.683780e-02,0.0001,3.304,0,2,109,425,73,72
1590,570,2160,0.736111,0.876,1.409356e+05,2.643167e-02,0.0001,3.3104,0,1,33,424,73,72
1591,569,2160,0.736574,0.874,1.407179e+05,2.719452e-02,0.0001,3.3231,0,2,78,423,73,72
1592,568,2160,0.737037,0.872,1.410929e+05,2.609237e-02,0.0001,3.3158,0,5,95,422,73,72
1593,567,2160,0.7375,0.87,1.406770e+05,2.622982e-02,0.0001,3.3053,1,8,0,422,72,72
1594,566,2160,0.737963,0.869,1.404473e+05,2.625981e-02,0.0001,3.2983,1,9,1,422,71,72
1595,565,2160,0.738426,0.867,1.402544e+05,2.650726e-02,0.0001,3.2974,0,5,101,421,71,72
1596,564,2160,0.738889,0.867,1.400330e+05,2.740492e-02,0.0001,3.3096,0,8,104,420,71,72
1597,563,2160,0.739352,0.868,1.403073e+05,2.708410e-02,0.0001,3.2921,0,1,148,419,71,72
1598,562,2160,0.739815,0.87,1.401413e+05,2.702949e-02,0.0001,3.3024,0,2,63,418,71,72
1599,561,2160,0.740278,0.868,1.407599e+05,2.860854e-02,0.0001,3.3061,0,7,118,417,71,72
1600,560,2160,0.740741,0.866,1.415320e+05,2.720232e-02,0.0001,3.3197,0,5,131,416,71,72
1601,559,2160,0.741204,0.869,1.409240e+05,2.689557e-02,0.0001,3.3104,0,5,87,415,71,72
1602,558,2160,0.741667,0.869,1.404539e+05,3.109052e-02,0.0001,3.2896,0,4,51,414,71,72
1603,557,2160,0.74213,0.866,1.415583e+05,2.755304e-02,0.0001,3.2897,0,2,123,413,71,72
1604,556,2160,0.742593,0.866,1.418349e+05,2.765481e-02,0.0001,3.3038,0,2,93,412,71,72
1605,555,2160,0.743056,0.862,1.420490e+05,2.597518e-02,0.0001,3.3137,0,5,165,411,71,72
1606,554,2160,0.743519,0.862,1.413693e+05,2.605936e-02,0.0001,3.3195,0,5,44,410,71,72
1607,553,2160,0.743981,0.862,1.410383e+05,2.653434e-02,0.0001,3.2848,0,1,114,409,71,72
1608,552,2160,0.744444,0.86,1.406732e+05,2.632639e-02,0.0001,3.3096,0,5,163,408,71,72
1609,551,2160,0.744907,0.861,1.403281e+05,2.642037e-02,0.0001,3.3099,0,2,23,407,71,72
1610,550,2160,0.74537,0.86,1.410443e+05,2.614179e-02,0.0001,3.2981,0,5,147,406,71,72
1611,549,2160,0.745833,0.861,1.409368e+05,2.766616e-02,0.0001,3.2993,0,7,171,405,71,72
1612,548,2160,0.746296,0.86,1.416458e+05,2.724199e-02,0.0001,3.3094,0,2,157,404,71,72
1613,547,2160,0.746759,0.862,1.420982e+05,2.695594e-02,0.0001,3.3035,0,1,60,403,71,72
1614,546,2160,0.747222,0.859,1.417457e+05,2.878627e-02,0.0001,3.3031,0,3,48,402,71,72
1615,545,2160,0.747685,0.86,1.423195e+05,2.548585e-02,0.0001,3.305,0,2,48,401,71,72
1616,544,2160,0.748148,0.862,1.416202e+05,2.516837e-02,0.0001,3.3163,0,5,182,400,71,72
1617,543,2160,0.748611,0.862,1.414210e+05,2.580950e-02,0.0001,3.2978,0,5,146,399,71,72
1618,542,2160,0.749074,0.862,1.412114e+05,2.778170e-02,0.0001,3.3152,0,0,164,398,71,72
1619,541,2160,0.749537,0.857,1.417272e+05,2.678148e-02,0.0001,3.3055,0,9,25,397,71,72
1620,540,2160,0.75,0.863,1.432599e+05,2.642830e-02,0.0001,3.3004,0,6,48,396,71,72
1621,539,2160,0.750463,0.868,1.447268e+05,2.891017e-02,0.0001,3.3165,0,9,82,395,71,72
1622,538,2160,0.750926,0.865,1.451408e+05,3.305210e-02,0.0001,3.3001,0,4,172,394,71,72
1623,537,2160,0.751389,0.865,1.455733e+05,2.850408e-02,0.0001,3.2808,0,8,133,393,71,72
1624,536,2160,0.751852,0.863,1.455379e+05,2.291345e-02,0.0001,3.2933,0,0,133,392,71,72
1625,535,2160,0.752315,0.861,1.456150e+05,2.739304e-02,0.0001,3.2976,0,5,53,391,71,72
1626,534,2160,0.752778,0.861,1.454931e+05,2.736683e-02,0.0001,3.2867,0,9,152,390,71,72
1627,533,2160,0.753241,0.866,1.468215e+05,2.747500e-02,0.0001,3.3062,0,2,180,389,71,72
1628,532,2160,0.753704,0.867,1.477017e+05,2.741044e-02,0.0001,3.3019,0,5,116,388,71,72
1629,531,2160,0.754167,0.868,1.473949e+05,2.793592e-02,0.0001,3.3032,0,5,117,387,71,72
1630,530,2160,0.75463,0.867,1.472673e+05,2.781595e-02,0.0001,3.3025,0,8,67,386,71,72
1631,529,2160,0.755093,0.867,1.475903e+05,2.769152e-02,0.0001,3.3119,0,5,143,385,71,72
1632,528,2160,0.755556,0.864,1.476887e+05,2.981493e-02,0.0001,3.3018,0,7,95,384,71,72
1633,527,2160,0.756019,0.865,1.479134e+05,3.022674e-02,0.0001,3.3175,0,3,93,383,71,72
1634,526,2160,0.756481,0.869,1.477550e+05,2.651553e-02,0.0001,3.2876,0,4,93,382,71,72
1635,525,2160,0.756944,0.862,1.503844e+05,2.898079e-02,0.0001,3.2973,0,6,103,381,71,72
1636,524,2160,0.757407,0.861,1.512889e+05,2.824192e-02,0.0001,3.2989,0,6,82,380,71,72
1637,523,2160,0.75787,0.86,1.522086e+05,2.996199e-02,0.0001,3.3125,0,4,44,379,71,72
1638,522,2160,0.758333,0.858,1.559214e+05,3.085613e-02,0.0001,3.3041,0,9,172,378,71,72
1639,521,2160,0.758796,0.859,1.558372e+05,2.906937e-02,0.0001,3.293,0,0,103,377,71,72
1640,520,2160,0.759259,0.857,1.567612e+05,2.873806e-02,0.0001,3.3012,0,6,68,376,71,72
1641,519,2160,0.759722,0.856,1.575439e+05,3.316369e-02,0.0001,3.3088,1,3,2,376,70,72
1642,518,2160,0.760185,0.862,1.573535e+05,2.668717e-02,0.0001,3.3048,0,5,47,375,70,72
1643,517,2160,0.760648,0.865,1.570386e+05,2.799275e-02,0.0001,3.3048,0,8,144,374,70,72
1644,516,2160,0.761111,0.863,1.573117e+05,2.786369e-02,0.0001,3.3155,0,9,124,373,70,72
1645,515,2160,0.761574,0.864,1.586407e+05,2.808667e-02,0.0001,3.3024,0,7,19,372,70,72
1646,514,2160,0.762037,0.861,1.600068e+05,2.874801e-02,0.0001,3.3067,0,2,67,371,70,72
1647,513,2160,0.7625,0.862,1.603358e+05,2.794961e-02,0.0001,3.2918,0,2,22,370,70,72
1648,512,2160,0.762963,0.864,1.613959e+05,2.820171e-02,0.0001,3.2962,0,7,43,369,70,72
1649,511,2160,0.763426,0.861,1.633454e+05,2.839566e-02,0.0002,3.3038,0,1,76,368,70,72
1650,510,2160,0.763889,0.861,1.631512e+05,2.819326e-02,0.0001,3.316,0,5,28,367,70,72
1651,509,2160,0.764352,0.86,1.638891e+05,2.929787e-02,0.0001,3.2986,0,8,143,366,70,72
1652,508,2160,0.764815,0.858,1.645801e+05,2.887801e-02,0.0001,3.2987,0,1,61,365,70,72
1653,507,2160,0.765278,0.859,1.643797e+05,2.825779e-02,0.0001,3.2935,0,1,94,364,70,72
1654,506,2160,0.765741,0.865,1.643024e+05,3.077018e-02,0.0001,3.3004,0,0,38,363,70,72
1655,505,2160,0.766204,0.865,1.647695e+05,2.497406e-02,0.0001,3.3008,0,8,38,362,70,72
1656,504,2160,0.766667,0.864,1.645323e+05,3.005197e-02,0.0001,3.3058,0,6,87,361,70,72
1657,503,2160,0.76713,0.868,1.657664e+05,2.763319e-02,0.0001,3.3092,0,8,87,360,70,72
1658,502,2160,0.767593,0.866,1.649980e+05,2.769574e-02,0.0001,3.2918,1,0,5,360,69,72
1659,501,2160,0.768056,0.866,1.647580e+05,2.978636e-02,0.0001,3.3069,0,0,92,359,69,72
1660,500,2160,0.768519,0.867,1.653970e+05,2.854256e-02,0.0001,3.3144,0,2,92,358,69,72
1661,499,2160,0.768981,0.865,1.652176e+05,2.814342e-02,0.0001,3.2898,0,3,92,357,69,72
1662,498,2160,0.769444,0.865,1.651454e+05,2.793915e-02,0.0001,3.3074,1,8,4,357,68,72
1663,497,2160,0.769907,0.866,1.649820e+05,2.779036e-02,0.0001,3.2893,0,1,138,356,68,72
1664,496,2160,0.77037,0.858,1.648918e+05,2.876746e-02,0.0001,3.3069,0,5,60,355,68,72
1665,495,2160,0.770833,0.861,1.650079e+05,3.350004e-02,0.0001,3.3093,0,4,81,354,68,72
1666,494,2160,0.771296,0.865,1.668791e+05,1.737700e-02,0.0001,3.3059,0,3,81,353,68,72
1667,493,2160,0.771759,0.861,1.658985e+05,2.752625e-02,0.0001,3.3027,1,6,5,353,67,72
1668,492,2160,0.772222,0.857,1.657350e+05,2.820155e-02,0.0001,3.3242,1,9,5,353,66,72
1669,491,2160,0.772685,0.859,1.656090e+05,2.925040e-02,0.0001,3.3103,0,9,92,352,66,72
1670,490,2160,0.773148,0.86,1.662497e+05,2.964708e-02,0.0001,3.3009,0,6,39,351,66,72
1671,489,2160,0.773611,0.856,1.677846e+05,2.879033e-02,0.0001,3.2953,1,1,5,351,65,72
1672,488,2160,0.774074,0.856,1.672313e+05,2.915523e-02,0.0001,3.3121,0,7,115,350,65,72
1673,487,2160,0.774537,0.858,1.684618e+05,2.949175e-02,0.0001,3.3036,0,1,121,349,65,72
1674,486,2160,0.775,0.855,1.680933e+05,3.225592e-02,0.0001,3.3097,0,3,94,348,65,72
1675,485,2160,0.775463,0.849,1.681574e+05,2.857412e-02,0.0001,3.3063,1,2,5,348,64,72
1676,484,2160,0.775926,0.849,1.678333e+05,3.023514e-02,0.0001,3.3095,0,9,54,347,64,72
1677,483,2160,0.776389,0.847,1.687720e+05,2.978066e-02,0.0001,3.3172,1,5,4,347,63,72
1678,482,2160,0.776852,0.843,1.689732e+05,3.616555e-02,0.0001,3.3033,0,4,104,346,63,72
1679,481,2160,0.777315,0.844,1.698921e+05,3.275463e-02,0.0001,3.3105,0,9,131,345,63,72
1680,480,2160,0.777778,0.845,1.697034e+05,3.004853e-02,0.0001,3.3062,2,6,8,345,63,71
1681,479,2160,0.778241,0.849,1.690633e+05,2.837684e-02,0.0001,3.3012,0,6,104,344,63,71
1682,478,2160,0.778704,0.843,1.703430e+05,2.925691e-02,0.0001,3.2939,0,2,54,343,63,71
1683,477,2160,0.779167,0.845,1.710559e+05,3.056988e-02,0.0001,3.3084,0,2,128,342,63,71
1684,476,2160,0.77963,0.845,1.716376e+05,3.292085e-02,0.0001,3.2862,0,3,160,341,63,71
1685,475,2160,0.780093,0.843,1.725509e+05,3.157324e-02,0.0001,3.3151,0,2,108,340,63,71
1686,474,2160,0.780556,0.845,1.732361e+05,3.277724e-02,0.0001,3.2995,0,3,46,339,63,71
1687,473,2160,0.781019,0.842,1.744946e+05,3.009034e-02,0.0001,3.2973,0,8,46,338,63,71
1688,472,2160,0.781481,0.842,1.735715e+05,3.014073e-02,0.0001,3.317,0,8,126,337,63,71
1689,471,2160,0.781944,0.844,1.748234e+05,2.943537e-02,0.0001,3.3081,0,7,46,336,63,71
1690,470,2160,0.782407,0.847,1.767421e+05,3.367585e-02,0.0001,3.2951,0,3,164,335,63,71
1691,469,2160,0.78287,0.843,1.769861e+05,3.409465e-02,0.0001,3.3001,0,3,106,334,63,71
1692,468,2160,0.783333,0.851,1.770691e+05,3.061737e-02,0.0001,3.3109,0,8,169,333,63,71
1693,467,2160,0.783796,0.848,1.784268e+05,3.223199e-02,0.0001,3.307,0,8,34,332,63,71
1694,466,2160,0.784259,0.849,1.789884e+05,3.140692e-02,0.0001,3.2951,0,1,158,331,63,71
1695,465,2160,0.784722,0.845,1.787532e+05,3.837659e-02,0.0001,3.2989,0,4,142,330,63,71
1696,464,2160,0.785185,0.845,1.807784e+05,3.337803e-02,0.0001,3.3113,2,5,5,330,63,70
1697,463,2160,0.785648,0.842,1.801390e+05,3.111712e-02,0.0001,3.3084,0,0,59,329,63,70
1698,462,2160,0.786111,0.844,1.827992e+05,3.210321e-02,0.0001,3.3062,0,5,102,328,63,70
1699,461,2160,0.786574,0.842,1.830964e+05,3.116929e-02,0.0001,3.3062,0,1,63,327,63,70
1700,460,2160,0.787037,0.841,1.830222e+05,3.106253e-02,0.0001,3.2974,0,2,139,326,63,70
1701,459,2160,0.7875,0.837,1.847119e+05,3.882508e-02,0.0001,3.289,0,4,36,325,63,70
1702,458,2160,0.787963,0.835,1.867712e+05,3.479961e-02,0.0001,3.2911,0,8,90,324,63,70
1703,457,2160,0.788426,0.832,1.862673e+05,3.322220e-02,0.0001,3.2896,1,9,4,324,62,70
1704,456,2160,0.788889,0.832,1.864633e+05,3.186038e-02,0.0001,3.3128,0,1,145,323,62,70
1705,455,2160,0.789352,0.827,1.862521e+05,3.496158e-02,0.0001,3.3031,0,0,162,322,62,70
1706,454,2160,0.789815,0.821,1.873107e+05,3.289237e-02,0.0001,3.2984,0,2,188,321,62,70
1707,453,2160,0.790278,0.819,1.885123e+05,3.242797e-02,0.0001,3.3147,0,1,106,320,62,70
1708,452,2160,0.790741,0.81,1.884799e+05,3.278426e-02,0.0001,3.2947,0,4,188,319,62,70
1709,451,2160,0.791204,0.807,1.936011e+05,2.608044e-02,0.0001,3.3039,0,6,188,318,62,70
1710,450,2160,0.791667,0.807,1.941121e+05,3.561632e-02,0.0001,3.3029,1,3,8,318,61,70
1711,449,2160,0.79213,0.801,1.949378e+05,3.336973e-02,0.0001,3.3105,1,6,4,318,60,70
1712,448,2160,0.792593,0.798,1.948962e+05,3.492893e-02,0.0001,3.311,0,8,128,317,60,70
1713,447,2160,0.793056,0.797,1.955336e+05,3.509245e-02,0.0001,3.3016,2,8,6,317,60,69
1714,446,2160,0.793519,0.792,1.954183e+05,3.351140e-02,0.0001,3.2954,2,8,1,317,60,68
1715,445,2160,0.793981,0.801,1.959236e+05,3.509843e-02,0.0001,3.3017,0,7,108,316,60,68
1716,444,2160,0.794444,0.796,1.979440e+05,2.591629e-02,0.0001,3.3058,0,9,108,315,60,68
1717,443,2160,0.794907,0.797,1.979577e+05,3.540254e-02,0.0001,3.2978,0,8,52,314,60,68
1718,442,2160,0.79537,0.796,1.984305e+05,3.707891e-02,0.0001,3.284,0,4,52,313,60,68
1719,441,2160,0.795833,0.798,2.000309e+05,2.508793e-02,0.0001,3.297,0,9,52,312,60,68
1720,440,2160,0.796296,0.797,1.992612e+05,3.333268e-02,0.0001,3.2894,0,1,135,311,60,68
1721,439,2160,0.796759,0.789,1.990251e+05,3.366333e-02,0.0001,3.3023,0,2,69,310,60,68
1722,438,2160,0.797222,0.791,2.008383e+05,3.718893e-02,0.0001,3.275,0,0,174,309,60,68
1723,437,2160,0.797685,0.793,2.018766e+05,3.176249e-02,0.0001,3.2931,0,6,174,308,60,68
1724,436,2160,0.798148,0.79,2.036489e+05,3.568807e-02,0.0001,3.2924,0,4,72,307,60,68
1725,435,2160,0.798611,0.786,2.098342e+05,3.424753e-02,0.0001,3.3002,0,9,23,306,60,68
1726,434,2160,0.799074,0.789,2.121905e+05,3.346219e-02,0.0001,3.303,0,1,128,305,60,68
1727,433,2160,0.799537,0.785,2.118987e+05,3.314960e-02,0.0001,3.288,0,1,122,304,60,68
1728,432,2160,0.8,0.784,2.117852e+05,3.501593e-02,0.0001,3.307,0,6,95,303,60,68
1729,431,2160,0.800463,0.784,2.131969e+05,3.325900e-02,0.0001,3.2954,0,1,50,302,60,68
1730,430,2160,0.800926,0.784,2.126822e+05,3.713246e-02,0.0001,3.3143,2,5,6,302,60,67
1731,429,2160,0.801389,0.785,2.127851e+05,3.555546e-02,0.0001,3.2974,0,4,96,301,60,67
1732,428,2160,0.801852,0.789,2.189269e+05,3.563126e-02,0.0001,3.2938,2,7,9,301,60,66
1733,427,2160,0.802315,0.79,2.186932e+05,3.385901e-02,0.0001,3.3106,0,6,100,300,60,66
1734,426,2160,0.802778,0.797,2.214144e+05,3.400832e-02,0.0001,3.3065,0,1,118,299,60,66
1735,425,2160,0.803241,0.808,2.212520e+05,3.335815e-02,0.0001,3.3067,0,1,116,298,60,66
1736,424,2160,0.803704,0.798,2.211852e+05,3.657002e-02,0.0001,3.2888,0,0,33,297,60,66
1737,423,2160,0.804167,0.802,2.227744e+05,3.409302e-02,0.0001,3.3036,0,1,34,296,60,66
1738,422,2160,0.80463,0.793,2.225013e+05,3.400003e-02,0.0001,3.3016,0,1,134,295,60,66
1739,421,2160,0.805093,0.784,2.225519e+05,3.494076e-02,0.0001,3.2937,0,6,52,294,60,66
1740,420,2160,0.805556,0.783,2.250364e+05,3.801590e-02,0.0001,3.3047,0,3,120,293,60,66
1741,419,2160,0.806019,0.796,2.268137e+05,2.854116e-02,0.0001,3.3038,0,2,120,292,60,66
1742,418,2160,0.806481,0.791,2.258754e+05,3.436966e-02,0.0001,3.3015,1,4,1,292,59,66
1743,417,2160,0.806944,0.788,2.257337e+05,3.467230e-02,0.0001,3.3017,0,1,105,291,59,66
1744,416,2160,0.807407,0.803,2.256657e+05,3.541127e-02,0.0001,3.3098,0,6,62,290,59,66
1745,415,2160,0.80787,0.796,2.283237e+05,2.928058e-02,0.0001,3.309,0,0,62,289,59,66
1746,414,2160,0.808333,0.798,2.298198e+05,3.617599e-02,0.0001,3.3037,0,6,165,288,59,66
1747,413,2160,0.808796,0.796,2.320807e+05,3.715102e-02,0.0001,3.3165,0,8,86,287,59,66
1748,412,2160,0.809259,0.791,2.325959e+05,3.166535e-02,0.0001,3.3127,0,6,86,286,59,66
1749,411,2160,0.809722,0.795,2.327788e+05,3.705236e-02,0.0001,3.3092,0,8,172,285,59,66
1750,410,2160,0.810185,0.797,2.336183e+05,3.545404e-02,0.0001,3.2931,0,7,31,284,59,66
1751,409,2160,0.810648,0.792,2.375603e+05,3.516620e-02,0.0001,3.2953,0,1,172,283,59,66
1752,408,2160,0.811111,0.788,2.374178e+05,3.455510e-02,0.0001,3.3031,0,1,168,282,59,66
1753,407,2160,0.811574,0.79,2.374548e+05,3.430777e-02,0.0001,3.28,1,6,1,282,58,66
1754,406,2160,0.812037,0.792,2.372978e+05,3.952075e-02,0.0001,3.2936,0,6,88,281,58,66
1755,405,2160,0.8125,0.786,2.380638e+05,3.585339e-02,0.0001,3.2957,0,6,44,280,58,66
1756,404,2160,0.812963,0.788,2.410932e+05,3.707926e-02,0.0001,3.2976,0,9,128,279,58,66
1757,403,2160,0.813426,0.784,2.437084e+05,3.640801e-02,0.0001,3.3081,0,1,150,278,58,66
1758,402,2160,0.813889,0.779,2.435231e+05,3.527533e-02,0.0001,3.3033,0,1,103,277,58,66
1759,401,2160,0.814352,0.772,2.433920e+05,3.640403e-02,0.0001,3.3082,0,9,33,276,58,66
1760,400,2160,0.814815,0.769,2.462569e+05,3.777088e-02,0.0001,3.2891,0,2,50,275,58,66
1761,399,2160,0.815278,0.771,2.468345e+05,3.300856e-02,0.0001,3.3035,0,3,50,274,58,66
1762,398,2160,0.815741,0.777,2.469245e+05,3.629181e-02,0.0001,3.2996,0,0,61,273,58,66
1763,397,2160,0.816204,0.776,2.504424e+05,3.583097e-02,0.0001,3.3014,0,8,99,272,58,66
1764,396,2160,0.816667,0.781,2.524731e+05,3.616824e-02,0.0001,3.3014,0,1,119,271,58,66
1765,395,2160,0.81713,0.779,2.524987e+05,3.910683e-02,0.0001,3.3057,0,3,49,270,58,66
1766,394,2160,0.817593,0.778,2.549896e+05,2.673770e-02,0.0001,3.3068,0,2,49,269,58,66
1767,393,2160,0.818056,0.779,2.539351e+05,4.464107e-02,0.0001,3.3014,0,4,175,268,58,66
1768,392,2160,0.818519,0.776,2.571660e+05,3.848472e-02,0.0001,3.3152,0,2,102,267,58,66
1769,391,2160,0.818981,0.774,2.580160e+05,3.902492e-02,0.0001,3.3007,0,0,63,266,58,66
1770,390,2160,0.819444,0.765,2.603633e+05,3.783500e-02,0.0001,3.2875,0,0,114,265,58,66
1771,389,2160,0.819907,0.767,2.638241e+05,3.738860e-02,0.0001,3.3061,0,6,10,264,58,66
1772,388,2160,0.82037,0.756,2.669143e+05,3.890455e-02,0.0001,3.3135,0,6,147,263,58,66
1773,387,2160,0.820833,0.751,2.690326e+05,4.249505e-02,0.0001,3.3113,0,0,90,262,58,66
1774,386,2160,0.821296,0.751,2.692675e+05,3.899451e-02,0.0001,3.3065,2,4,1,262,58,65
1775,385,2160,0.821759,0.744,2.688491e+05,3.749283e-02,0.0001,3.3099,0,1,143,261,58,65
1776,384,2160,0.822222,0.742,2.683184e+05,3.817884e-02,0.0001,3.3173,0,8,157,260,58,65
1777,383,2160,0.822685,0.742,2.692396e+05,2.705067e-02,0.0001,3.2909,0,6,157,259,58,65
1778,382,2160,0.823148,0.74,2.695973e+05,3.841996e-02,0.0001,3.2967,1,6,2,259,57,65
1779,381,2160,0.823611,0.742,2.697071e+05,3.889113e-02,0.0001,3.3049,0,2,117,258,57,65
1780,380,2160,0.824074,0.736,2.701823e+05,4.085327e-02,0.0001,3.2903,0,7,131,257,57,65
1781,379,2160,0.824537,0.726,2.721843e+05,3.915344e-02,0.0001,3.2969,0,7,122,256,57,65
1782,378,2160,0.825,0.733,2.762216e+05,3.886421e-02,0.0001,3.3027,0,7,132,255,57,65
1783,377,2160,0.825463,0.728,2.786921e+05,4.124636e-02,0.0001,3.3032,0,9,37,254,57,65
1784,376,2160,0.825926,0.724,2.798986e+05,3.175364e-02,0.0001,3.2781,0,4,37,253,57,65
1785,375,2160,0.826389,0.721,2.841835e+05,4.104697e-02,0.0001,3.2916,0,3,78,252,57,65
1786,374,2160,0.826852,0.711,2.857460e+05,4.110153e-02,0.0001,3.3054,0,7,172,251,57,65
1787,373,2160,0.827315,0.706,2.878211e+05,3.986421e-02,0.0001,3.312,0,2,116,250,57,65
1788,372,2160,0.827778,0.708,2.878946e+05,3.524811e-02,0.0001,3.2913,0,3,116,249,57,65
1789,371,2160,0.828241,0.711,2.867689e+05,3.762168e-02,0.0001,3.2976,0,1,87,248,57,65
1790,370,2160,0.828704,0.708,2.863994e+05,4.628668e-02,0.0001,3.304,0,4,66,247,57,65
1791,369,2160,0.829167,0.705,2.878647e+05,4.327266e-02,0.0001,3.3023,0,7,88,246,57,65
1792,368,2160,0.82963,0.706,2.886790e+05,3.919524e-02,0.0001,3.3094,0,8,158,245,57,65
1793,367,2160,0.830093,0.704,2.905436e+05,3.851835e-02,0.0001,3.3124,0,2,88,244,57,65
1794,366,2160,0.830556,0.703,2.908130e+05,4.639265e-02,0.0001,3.3209,0,4,148,243,57,65
1795,365,2160,0.831019,0.699,2.924018e+05,3.994050e-02,0.0001,3.2957,0,2,164,242,57,65
1796,364,2160,0.831481,0.705,2.938422e+05,4.067613e-02,0.0001,3.2972,0,8,75,241,57,65
1797,363,2160,0.831944,0.702,2.952073e+05,3.397219e-02,0.0001,3.2994,0,0,75,240,57,65
1798,362,2160,0.832407,0.704,2.979573e+05,3.856299e-02,0.0001,3.3032,0,1,24,239,57,65
1799,361,2160,0.83287,0.705,2.976634e+05,3.781226e-02,0.0001,3.279,0,1,177,238,57,65
1800,360,2160,0.833333,0.706,2.972974e+05,3.814690e-02,0.0001,3.3012,0,1,131,237,57,65
1801,359,2160,0.833796,0.709,2.971166e+05,3.878469e-02,0.0001,3.3123,0,9,71,236,57,65
1802,358,2160,0.834259,0.699,3.021097e+05,4.208429e-02,0.0001,3.3031,0,4,116,235,57,65
1803,357,2160,0.834722,0.703,3.097818e+05,4.177448e-02,0.0001,3.3125,0,9,171,234,57,65
1804,356,2160,0.835185,0.7,3.129824e+05,3.979186e-02,0.0001,3.2929,0,0,52,233,57,65
1805,355,2160,0.835648,0.696,3.186672e+05,4.268723e-02,0.0001,3.3034,0,9,38,232,57,65
1806,354,2160,0.836111,0.698,3.209347e+05,3.427082e-02,0.0001,3.3098,0,4,38,231,57,65
1807,353,2160,0.836574,0.696,3.262023e+05,4.406480e-02,0.0001,3.3074,0,3,90,230,57,65
1808,352,2160,0.837037,0.694,3.269616e+05,3.964380e-02,0.0001,3.2933,0,7,45,229,57,65
1809,351,2160,0.8375,0.677,3.322856e+05,4.233199e-02,0.0001,3.2805,0,0,172,228,57,65
1810,350,2160,0.837963,0.67,3.354731e+05,4.526543e-02,0.0001,3.3002,0,0,118,227,57,65
1811,349,2160,0.838426,0.676,3.359567e+05,3.876490e-02,0.0001,3.2969,0,5,152,226,57,65
1812,348,2160,0.838889,0.68,3.376627e+05,3.807991e-02,0.0001,3.3123,0,9,163,225,57,65
1813,347,2160,0.839352,0.684,3.425125e+05,3.921054e-02,0.0001,3.292,0,2,60,224,57,65
1814,346,2160,0.839815,0.679,3.440554e+05,3.901465e-02,0.0001,3.3008,0,0,176,223,57,65
1815,345,2160,0.840278,0.678,3.503829e+05,3.834922e-02,0.0001,3.3113,0,4,60,222,57,65
1816,344,2160,0.840741,0.676,3.592377e+05,4.176879e-02,0.0001,3.3064,2,5,2,222,57,64
1817,343,2160,0.841204,0.675,3.598748e+05,3.866137e-02,0.0001,3.3053,0,1,137,221,57,64
1818,342,2160,0.841667,0.677,3.592074e+05,3.785698e-02,0.0001,3.2946,0,2,100,220,57,64
1819,341,2160,0.84213,0.679,3.611754e+05,4.233537e-02,0.0001,3.3009,1,1,9,220,56,64
1820,340,2160,0.842593,0.686,3.613040e+05,3.980981e-02,0.0001,3.3063,0,9,191,219,56,64
1821,339,2160,0.843056,0.673,3.671635e+05,4.209285e-02,0.0001,3.297,2,2,2,219,56,63
1822,338,2160,0.843519,0.679,3.672224e+05,4.026365e-02,0.0001,3.3151,0,7,39,218,56,63
1823,337,2160,0.843981,0.68,3.738143e+05,4.025716e-02,0.0001,3.291,0,1,91,217,56,63
1824,336,2160,0.844444,0.681,3.734633e+05,4.195611e-02,0.0001,3.2788,0,2,129,216,56,63
1825,335,2160,0.844907,0.679,3.747172e+05,3.669143e-02,0.0001,3.3065,0,3,129,215,56,63
1826,334,2160,0.84537,0.673,3.772346e+05,3.958554e-02,0.0001,3.3019,0,1,7,214,56,63
1827,333,2160,0.845833,0.672,3.768894e+05,4.688398e-02,0.0001,3.2994,0,0,119,213,56,63
1828,332,2160,0.846296,0.682,3.783681e+05,4.159649e-02,0.0001,3.2951,0,1,160,212,56,63
1829,331,2160,0.846759,0.68,3.761980e+05,4.001572e-02,0.0001,3.2894,0,1,161,211,56,63
1830,330,2160,0.847222,0.673,3.749606e+05,3.885479e-02,0.0001,3.2963,0,1,108,210,56,63
1831,329,2160,0.847685,0.675,3.743418e+05,3.695496e-02,0.0001,3.2844,0,1,77,209,56,63
1832,328,2160,0.848148,0.674,3.736018e+05,3.522004e-02,0.0001,3.2788,0,1,144,208,56,63
1833,327,2160,0.848611,0.676,3.727072e+05,3.081605e-02,0.0001,3.2938,0,1,120,207,56,63
1834,326,2160,0.849074,0.666,3.721825e+05,3.600592e-02,0.0001,3.2932,2,1,5,207,56,62
1835,325,2160,0.849537,0.669,3.718847e+05,3.752181e-02,0.0001,3.2928,0,1,155,206,56,62
1836,324,2160,0.85,0.664,3.721850e+05,3.943784e-02,0.0001,3.2745,0,6,107,205,56,62
1837,323,2160,0.850463,0.664,3.761048e+05,4.250706e-02,0.0001,3.2819,1,1,7,205,55,62
1838,322,2160,0.850926,0.66,3.758227e+05,4.353115e-02,0.0001,3.2898,2,7,3,205,55,61
1839,321,2160,0.851389,0.663,3.759614e+05,4.087451e-02,0.0001,3.2813,2,3,5,205,55,60
1840,320,2160,0.851852,0.659,3.755867e+05,3.964620e-02,0.0001,3.2747,1,2,8,205,54,60
1841,319,2160,0.852315,0.664,3.753382e+05,3.969998e-02,0.0001,3.2905,0,9,190,204,54,60
1842,318,2160,0.852778,0.661,3.818736e+05,4.147067e-02,0.0001,3.2815,0,9,151,203,54,60
1843,317,2160,0.853241,0.662,3.868146e+05,3.685323e-02,0.0001,3.2912,0,3,151,202,54,60
1844,316,2160,0.853704,0.662,3.889298e+05,4.003419e-02,0.0001,3.3044,0,6,173,201,54,60
1845,315,2160,0.854167,0.656,3.930411e+05,4.092589e-02,0.0001,3.2955,0,7,121,200,54,60
1846,314,2160,0.85463,0.649,3.999151e+05,3.649756e-02,0.0001,3.2815,0,8,121,199,54,60
1847,313,2160,0.855093,0.644,4.015835e+05,4.014062e-02,0.0001,3.2499,0,6,123,198,54,60
1848,312,2160,0.855556,0.648,4.059375e+05,4.025882e-02,0.0001,3.2824,0,6,120,197,54,60
1849,311,2160,0.856019,0.647,4.105064e+05,4.484035e-02,0.0001,3.2781,0,3,149,196,54,60
1850,310,2160,0.856481,0.643,4.115142e+05,4.243999e-02,0.0001,3.2645,0,2,80,195,54,60
1851,309,2160,0.856944,0.641,4.126436e+05,4.531001e-02,0.0001,3.2856,0,5,77,194,54,60
1852,308,2160,0.857407,0.645,4.122518e+05,4.153897e-02,0.0001,3.2786,2,7,2,194,54,59
1853,307,2160,0.85787,0.639,4.117143e+05,4.209543e-02,0.0001,3.2947,0,6,80,193,54,59
1854,306,2160,0.858333,0.642,4.153353e+05,4.356411e-02,0.0001,3.2962,0,8,77,192,54,59
1855,305,2160,0.858796,0.644,4.150017e+05,4.310833e-02,0.0001,3.2827,0,3,80,191,54,59
1856,304,2160,0.859259,0.646,4.131270e+05,3.577249e-02,0.0001,3.273,0,4,80,190,54,59
1857,303,2160,0.859722,0.653,4.185036e+05,4.518104e-02,0.0001,3.291,0,6,146,189,54,59
1858,302,2160,0.860185,0.635,4.213605e+05,4.356397e-02,0.0001,3.2806,0,4,102,188,54,59
1859,301,2160,0.860648,0.625,4.310698e+05,4.254116e-02,0.0001,3.264,1,2,1,188,53,59
1860,300,2160,0.861111,0.624,4.301569e+05,4.359440e-02,0.0001,3.2923,0,8,178,187,53,59
1861,299,2160,0.861574,0.626,4.322480e+05,4.240977e-02,0.0001,3.2815,1,8,5,187,52,59
1862,298,2160,0.862037,0.609,4.318876e+05,4.238559e-02,0.0001,3.2948,0,6,24,186,52,59
1863,297,2160,0.8625,0.615,4.372828e+05,4.198386e-02,0.0001,3.2865,0,1,115,185,52,59
1864,296,2160,0.862963,0.611,4.380009e+05,4.724529e-02,0.0001,3.2915,0,6,136,184,52,59
1865,295,2160,0.863426,0.613,4.398133e+05,2.847972e-02,0.0001,3.2833,0,7,136,183,52,59
1866,294,2160,0.863889,0.612,4.384145e+05,4.484644e-02,0.0001,3.2621,0,8,177,182,52,59
1867,293,2160,0.864352,0.608,4.406156e+05,3.197723e-02,0.0001,3.302,0,0,177,181,52,59
1868,292,2160,0.864815,0.608,4.437800e+05,4.278890e-02,0.0001,3.2919,0,8,30,180,52,59
1869,291,2160,0.865278,0.607,4.475977e+05,4.904532e-02,0.0001,3.3076,0,9,164,179,52,59
1870,290,2160,0.865741,0.612,4.514132e+05,4.066723e-02,0.0001,3.2846,0,4,164,178,52,59
1871,289,2160,0.866204,0.608,4.591292e+05,5.127252e-02,0.0001,3.2965,0,7,65,177,52,59
1872,288,2160,0.866667,0.605,4.609090e+05,4.296998e-02,0.0001,3.3071,0,7,170,176,52,59
1873,287,2160,0.86713,0.601,4.693237e+05,4.183184e-02,0.0001,3.2851,0,4,65,175,52,59
1874,286,2160,0.867593,0.59,4.790080e+05,4.635228e-02,0.0001,3.2934,0,4,106,174,52,59
1875,285,2160,0.868056,0.599,4.883932e+05,4.450113e-02,0.0001,3.2788,0,2,113,173,52,59
1876,284,2160,0.868519,0.597,4.913147e+05,4.547511e-02,0.0001,3.2744,2,9,5,173,52,58
1877,283,2160,0.868981,0.593,4.912277e+05,4.475708e-02,0.0001,3.2776,0,2,81,172,52,58
1878,282,2160,0.869444,0.599,4.947966e+05,4.925884e-02,0.0001,3.2906,0,0,146,171,52,58
1879,281,2160,0.869907,0.599,4.999455e+05,4.835105e-02,0.0001,3.2737,0,2,124,170,52,58
1880,280,2160,0.87037,0.59,5.009514e+05,4.541600e-02,0.0001,3.2932,0,8,110,169,52,58
1881,279,2160,0.870833,0.594,5.040200e+05,4.508201e-02,0.0001,3.299,0,3,19,168,52,58
1882,278,2160,0.871296,0.581,5.105717e+05,4.506816e-02,0.0001,3.2837,0,9,189,167,52,58
1883,277,2160,0.871759,0.571,5.203061e+05,4.504329e-02,0.0001,3.2325,0,6,186,166,52,58
1884,276,2160,0.872222,0.559,5.260993e+05,4.487499e-02,0.0001,3.2732,1,5,1,166,51,58
1885,275,2160,0.872685,0.558,5.256937e+05,5.056304e-02,0.0001,3.2858,0,4,94,165,51,58
1886,274,2160,0.873148,0.564,5.360085e+05,4.804541e-02,0.0001,3.2879,0,9,187,164,51,58
1887,273,2160,0.873611,0.547,5.461908e+05,4.736294e-02,0.0001,3.2723,1,5,7,164,50,58
1888,272,2160,0.874074,0.541,5.458844e+05,5.188371e-02,0.0001,3.301,0,8,78,163,50,58
1889,271,2160,0.874537,0.54,5.465131e+05,4.754137e-02,0.0001,3.2962,0,9,48,162,50,58
1890,270,2160,0.875,0.561,5.572140e+05,4.864590e-02,0.0001,3.2916,2,1,2,162,50,57
1891,269,2160,0.875463,0.557,5.569891e+05,4.652953e-02,0.0001,3.2914,0,6,23,161,50,57
1892,268,2160,0.875926,0.562,5.633850e+05,5.083673e-02,0.0001,3.287,2,3,4,161,50,56
1893,267,2160,0.876389,0.56,5.644820e+05,4.772693e-02,0.0001,3.3021,0,4,54,160,50,56
1894,266,2160,0.876852,0.552,5.790576e+05,5.426048e-02,0.0001,3.2887,0,9,53,159,50,56
1895,265,2160,0.877315,0.548,5.835899e+05,4.919055e-02,0.0001,3.3036,0,3,21,158,50,56
1896,264,2160,0.877778,0.541,5.915544e+05,5.782719e-02,0.0001,3.2929,0,9,109,157,50,56
1897,263,2160,0.878241,0.543,5.952962e+05,5.425786e-02,0.0001,3.288,0,9,165,156,50,56
1898,262,2160,0.878704,0.54,6.030607e+05,4.583783e-02,0.0001,3.2878,0,3,165,155,50,56
1899,261,2160,0.879167,0.534,6.061212e+05,5.302392e-02,0.0001,3.292,0,3,53,154,50,56
1900,260,2160,0.87963,0.532,6.044662e+05,3.915272e-02,0.0001,3.2998,0,4,53,153,50,56
1901,259,2160,0.880093,0.528,6.103879e+05,4.454896e-02,0.0001,3.2827,0,8,109,152,50,56
1902,258,2160,0.880556,0.527,6.116821e+05,4.255290e-02,0.0001,3.2897,0,4,109,151,50,56
1903,257,2160,0.881019,0.531,6.212005e+05,5.432995e-02,0.0001,3.2937,0,5,92,150,50,56
1904,256,2160,0.881481,0.529,6.229149e+05,3.895099e-02,0.0001,3.2694,0,4,92,149,50,56
1905,255,2160,0.881944,0.527,6.256853e+05,5.553273e-02,0.0001,3.2947,0,0,50,148,50,56
1906,254,2160,0.882407,0.531,6.329742e+05,3.656459e-02,0.0001,3.2752,0,7,50,147,50,56
1907,253,2160,0.88287,0.531,6.314411e+05,4.648692e-02,0.0001,3.2796,1,6,6,147,49,56
1908,252,2160,0.883333,0.537,6.309573e+05,4.167755e-02,0.0001,3.2783,0,6,50,146,49,56
1909,251,2160,0.883796,0.538,6.341154e+05,4.883036e-02,0.0001,3.2548,0,6,96,145,49,56
1910,250,2160,0.884259,0.537,6.411325e+05,4.916905e-02,0.0001,3.2843,0,6,57,144,49,56
1911,249,2160,0.884722,0.536,6.483628e+05,5.082091e-02,0.0001,3.285,0,0,161,143,49,56
1912,248,2160,0.885185,0.538,6.628095e+05,5.533798e-02,0.0001,3.2854,0,9,138,142,49,56
1913,247,2160,0.885648,0.536,6.729304e+05,3.870729e-02,0.0001,3.2848,0,3,138,141,49,56
1914,246,2160,0.886111,0.531,6.750669e+05,5.399345e-02,0.0001,3.272,0,2,130,140,49,56
1915,245,2160,0.886574,0.527,6.775910e+05,5.289095e-02,0.0001,3.3015,0,1,89,139,49,56
1916,244,2160,0.887037,0.53,6.779933e+05,5.581452e-02,0.0001,3.3007,0,3,130,138,49,56
1917,243,2160,0.8875,0.536,6.767394e+05,3.554253e-02,0.0001,3.3012,0,4,130,137,49,56
1918,242,2160,0.887963,0.533,6.820048e+05,5.937889e-02,0.0001,3.292,0,0,105,136,49,56
1919,241,2160,0.888426,0.546,6.860605e+05,5.207524e-02,0.0001,3.2807,0,6,64,135,49,56
1920,240,2160,0.888889,0.544,6.941926e+05,6.276238e-02,0.0001,3.2868,0,9,162,134,49,56
1921,239,2160,0.889352,0.549,6.992257e+05,4.558970e-02,0.0001,3.2951,0,4,162,133,49,56
1922,238,2160,0.889815,0.547,7.075339e+05,5.382454e-02,0.0001,3.3003,1,9,8,133,48,56
1923,237,2160,0.890278,0.546,7.086643e+05,5.229154e-02,0.0001,3.285,0,2,73,132,48,56
1924,236,2160,0.890741,0.549,7.139857e+05,5.596507e-02,0.0001,3.298,0,8,137,131,48,56
1925,235,2160,0.891204,0.546,7.176664e+05,6.031850e-02,0.0001,3.2824,0,0,77,130,48,56
1926,234,2160,0.891667,0.562,7.244143e+05,5.242358e-02,0.0001,3.2858,2,4,5,130,48,55
1927,233,2160,0.89213,0.56,7.235592e+05,5.250406e-02,0.0001,3.2951,0,3,159,129,48,55
1928,232,2160,0.892593,0.551,7.340849e+05,5.228937e-02,0.0001,3.2918,0,2,74,128,48,55
1929,231,2160,0.893056,0.54,7.397996e+05,5.263000e-02,0.0001,3.2869,0,3,32,127,48,55
1930,230,2160,0.893519,0.521,7.510832e+05,5.450074e-02,0.0001,3.2858,0,0,78,126,48,55
1931,229,2160,0.893981,0.527,7.669974e+05,5.600618e-02,0.0001,3.2836,0,2,68,125,48,55
1932,228,2160,0.894444,0.521,7.700067e+05,6.104590e-02,0.0001,3.2537,0,7,148,124,48,55
1933,227,2160,0.894907,0.522,7.771205e+05,5.478088e-02,0.0001,3.2912,0,8,93,123,48,55
1934,226,2160,0.89537,0.521,7.841617e+05,6.512163e-02,0.0001,3.2941,0,9,148,122,48,55
1935,225,2160,0.895833,0.517,7.844135e+05,5.340242e-02,0.0001,3.2848,0,0,148,121,48,55
1936,224,2160,0.896296,0.502,7.984891e+05,5.534690e-02,0.0001,3.2836,0,4,141,120,48,55
1937,223,2160,0.896759,0.498,8.171493e+05,5.634210e-02,0.0001,3.2974,0,6,49,119,48,55
1938,222,2160,0.897222,0.52,8.259612e+05,5.628755e-02,0.0001,3.2999,2,1,1,119,48,54
1939,221,2160,0.897685,0.522,8.262225e+05,5.609320e-02,0.0001,3.27,0,5,115,118,48,54
1940,220,2160,0.898148,0.527,8.358136e+05,6.159713e-02,0.0001,3.2882,0,8,91,117,48,54
1941,219,2160,0.898611,0.499,8.384014e+05,6.742025e-02,0.0001,3.2967,0,9,34,116,48,54
1942,218,2160,0.899074,0.482,8.448511e+05,6.466453e-02,0.0001,3.296,0,6,118,115,48,54
1943,217,2160,0.899537,0.479,8.490444e+05,6.462554e-02,0.0001,3.281,1,5,2,115,47,54
1944,216,2160,0.9,0.475,8.480887e+05,6.970979e-02,0.0001,3.282,0,3,34,114,47,54
1945,215,2160,0.900463,0.468,8.497363e+05,7.672045e-02,0.0001,3.2931,0,4,95,113,47,54
1946,214,2160,0.900926,0.47,8.568897e+05,5.987924e-02,0.0001,3.2836,0,2,34,112,47,54
1947,213,2160,0.901389,0.465,8.530881e+05,5.590676e-02,0.0001,3.293,0,7,34,111,47,54
1948,212,2160,0.901852,0.468,8.673628e+05,6.011677e-02,0.0001,3.2828,0,2,75,110,47,54
1949,211,2160,0.902315,0.452,8.750981e+05,6.072230e-02,0.0001,3.2874,0,7,116,109,47,54
1950,210,2160,0.902778,0.44,8.961160e+05,6.813447e-02,0.0001,3.2919,2,9,0,109,47,53
1951,209,2160,0.903241,0.437,8.963716e+05,6.332478e-02,0.0001,3.2906,2,0,9,109,47,52
1952,208,2160,0.903704,0.438,8.967359e+05,6.230344e-02,0.0001,3.3015,0,0,175,108,47,52
1953,207,2160,0.904167,0.435,9.259121e+05,7.969239e-02,0.0001,3.2833,0,0,127,107,47,52
1954,206,2160,0.90463,0.426,9.295614e+05,3.405595e-02,0.0001,3.3017,0,4,127,106,47,52
1955,205,2160,0.905093,0.429,9.332153e+05,6.274269e-02,0.0001,3.2939,0,6,79,105,47,52
1956,204,2160,0.905556,0.43,9.431991e+05,8.034007e-02,0.0001,3.2809,0,0,131,104,47,52
1957,203,2160,0.906019,0.416,9.519432e+05,5.275531e-02,0.0001,3.2808,0,3,131,103,47,52
1958,202,2160,0.906481,0.416,9.510226e+05,6.033318e-02,0.0001,3.2857,1,6,8,103,46,52
1959,201,2160,0.906944,0.426,9.508868e+05,8.355446e-02,0.0001,3.2887,0,0,101,102,46,52
1960,200,2160,0.907407,0.413,9.542453e+05,4.117590e-02,0.0001,3.3,0,4,101,101,46,52
1961,199,2160,0.90787,0.415,9.604776e+05,6.412224e-02,0.0001,3.2922,0,2,44,100,46,52
1962,198,2160,0.908333,0.408,9.719903e+05,6.461628e-02,0.0001,3.2896,0,3,143,99,46,52
1963,197,2160,0.908796,0.404,9.899722e+05,8.426619e-02,0.0001,3.2769,0,4,82,98,46,52
1964,196,2160,0.909259,0.398,9.950500e+05,6.946104e-02,0.0001,3.2897,0,2,82,97,46,52
1965,195,2160,0.909722,0.403,1.000686e+06,6.821141e-02,0.0001,3.2827,0,1,107,96,46,52
1966,194,2160,0.910185,0.401,1.005350e+06,6.956219e-02,0.0001,3.2941,2,2,5,96,46,51
1967,193,2160,0.910648,0.396,1.005271e+06,6.751142e-02,0.0001,3.2732,0,1,38,95,46,51
1968,192,2160,0.911111,0.394,1.010961e+06,8.385068e-02,0.0001,3.2966,0,0,76,94,46,51
1969,191,2160,0.911574,0.405,1.023501e+06,4.518726e-02,0.0001,3.2948,0,3,76,93,46,51
1970,190,2160,0.912037,0.398,1.020270e+06,7.250152e-02,0.0001,3.2958,0,2,131,92,46,51
1971,189,2160,0.9125,0.401,1.028732e+06,7.014951e-02,0.0001,3.2942,0,6,78,91,46,51
1972,188,2160,0.912963,0.396,1.038782e+06,6.787905e-02,0.0001,3.2911,2,5,1,91,46,50
1973,187,2160,0.913426,0.398,1.040854e+06,7.152169e-02,0.0001,3.302,0,9,86,90,46,50
1974,186,2160,0.913889,0.398,1.064506e+06,6.906685e-02,0.0001,3.2922,0,2,86,89,46,50
1975,185,2160,0.914352,0.393,1.066184e+06,7.008377e-02,0.0001,3.2753,0,8,63,88,46,50
1976,184,2160,0.914815,0.398,1.073329e+06,6.989655e-02,0.0001,3.2913,0,6,63,87,46,50
1977,183,2160,0.915278,0.391,1.081896e+06,7.003071e-02,0.0001,3.2943,0,3,35,86,46,50
1978,182,2160,0.915741,0.386,1.103213e+06,7.086598e-02,0.0001,3.2861,0,9,118,85,46,50
1979,181,2160,0.916204,0.372,1.144102e+06,7.209718e-02,0.0001,3.2901,0,8,131,84,46,50
1980,180,2160,0.916667,0.377,1.154980e+06,7.898189e-02,0.0001,3.2996,0,2,103,83,46,50
1981,179,2160,0.91713,0.373,1.157703e+06,5.699168e-02,0.0001,3.2837,0,3,103,82,46,50
1982,178,2160,0.917593,0.374,1.166105e+06,6.966347e-02,0.0001,3.2853,2,0,1,82,46,49
1983,177,2160,0.918056,0.371,1.166892e+06,8.212934e-02,0.0001,3.2829,1,1,3,82,45,49
1984,176,2160,0.918519,0.375,1.168980e+06,8.194717e-02,0.0001,3.2936,0,2,178,81,45,49
1985,175,2160,0.918981,0.376,1.171095e+06,5.141721e-02,0.0001,3.282,0,3,178,80,45,49
1986,174,2160,0.919444,0.375,1.175257e+06,7.253702e-02,0.0001,3.2932,1,1,0,80,44,49
1987,173,2160,0.919907,0.376,1.175453e+06,7.720044e-02,0.0001,3.2774,2,9,9,80,44,48
1988,172,2160,0.92037,0.372,1.175115e+06,9.371163e-02,0.0001,3.2884,0,0,132,79,44,48
1989,171,2160,0.920833,0.348,1.204491e+06,6.175356e-02,0.0001,3.2721,0,8,132,78,44,48
1990,170,2160,0.921296,0.346,1.198705e+06,8.013070e-02,0.0001,3.2847,1,2,3,78,43,48
1991,169,2160,0.921759,0.337,1.199883e+06,7.503522e-02,0.0001,3.28,0,6,58,77,43,48
1992,168,2160,0.922222,0.337,1.212802e+06,7.373252e-02,0.0001,3.2956,1,8,2,77,42,48
1993,167,2160,0.922685,0.337,1.212205e+06,7.726905e-02,0.0001,3.3013,0,8,149,76,42,48
1994,166,2160,0.923148,0.335,1.215707e+06,7.784795e-02,0.0001,3.2771,1,4,5,76,41,48
1995,165,2160,0.923611,0.325,1.216190e+06,7.517536e-02,0.0001,3.2773,0,2,114,75,41,48
1996,164,2160,0.924074,0.311,1.228286e+06,8.971226e-02,0.0001,3.2837,0,3,67,74,41,48
1997,163,2160,0.924537,0.309,1.230001e+06,7.819707e-02,0.0001,3.2847,0,4,67,73,41,48
1998,162,2160,0.925,0.307,1.262089e+06,7.774007e-02,0.0001,3.2807,0,2,87,72,41,48
1999,161,2160,0.925463,0.319,1.275863e+06,7.970987e-02,0.0001,3.2878,0,8,95,71,41,48
2000,160,2160,0.925926,0.319,1.284146e+06,7.823977e-02,0.0001,3.2815,0,2,156,70,41,48
2001,159,2160,0.926389,0.31,1.297626e+06,7.763540e-02,0.0001,3.2802,0,2,106,69,41,48
2002,158,2160,0.926852,0.304,1.311915e+06,7.801052e-02,0.0001,3.2829,2,0,8,69,41,47
2003,157,2160,0.927315,0.302,1.310965e+06,1.065737e-01,0.0001,3.2835,0,7,77,68,41,47
2004,156,2160,0.927778,0.286,1.330884e+06,8.656570e-02,0.0001,3.2871,0,4,173,67,41,47
2005,155,2160,0.928241,0.269,1.372833e+06,7.601061e-02,0.0001,1.7017,0,3,77,66,41,47
2006,154,2160,0.928704,0.275,1.386427e+06,8.269057e-02,0.0001,3.2789,2,8,5,66,41,46
2007,153,2160,0.929167,0.26,1.386518e+06,8.083008e-02,0.0001,3.288,2,9,2,66,41,45
2008,152,2160,0.92963,0.258,1.386308e+06,8.050222e-02,0.0001,3.2867,1,3,1,66,40,45
2009,151,2160,0.930093,0.251,1.389121e+06,8.425917e-02,0.0001,3.2701,0,2,94,65,40,45
2010,150,2160,0.930556,0.262,1.408881e+06,8.505753e-02,0.0001,3.2739,0,6,72,64,40,45
2011,149,2160,0.931019,0.242,1.428457e+06,9.457448e-02,0.0001,3.2901,2,2,0,64,40,44
2012,148,2160,0.931481,0.254,1.428279e+06,8.805450e-02,0.0001,3.2874,1,6,7,64,39,44
2013,147,2160,0.931944,0.254,1.433105e+06,1.224400e-01,0.0001,3.2867,0,9,104,63,39,44
2014,146,2160,0.932407,0.254,1.439625e+06,3.710774e-02,0.0001,3.278,0,5,104,62,39,44
2015,145,2160,0.93287,0.251,1.437674e+06,9.233869e-02,0.0001,3.2952,0,6,76,61,39,44
2016,144,2160,0.933333,0.254,1.441012e+06,9.550412e-02,0.0001,3.2968,0,2,160,60,39,44
2017,143,2160,0.933796,0.238,1.444493e+06,7.275217e-02,0.0001,3.2789,0,7,160,59,39,44
2018,142,2160,0.934259,0.242,1.442946e+06,1.136010e-01,0.0001,3.2854,0,9,160,58,39,44
2019,141,2160,0.934722,0.223,1.439211e+06,5.370419e-02,0.0001,3.2903,0,0,160,57,39,44
2020,140,2160,0.935185,0.214,1.457440e+06,9.764579e-02,0.0001,3.2938,0,2,47,56,39,44
2021,139,2160,0.935648,0.211,1.459519e+06,4.811839e-02,0.0001,3.2934,0,7,47,55,39,44
2022,138,2160,0.936111,0.219,1.470535e+06,8.881413e-02,0.0001,3.2816,0,6,89,54,39,44
2023,137,2160,0.936574,0.217,1.472912e+06,8.886360e-02,0.0001,3.2884,0,8,147,53,39,44
2024,136,2160,0.937037,0.211,1.487687e+06,8.745985e-02,0.0001,3.296,2,5,8,53,39,43
2025,135,2160,0.9375,0.211,1.486396e+06,9.539754e-02,0.0001,3.2772,0,6,51,52,39,43
2026,134,2160,0.937963,0.235,1.494589e+06,8.916782e-02,0.0001,3.2845,0,9,51,51,39,43
2027,133,2160,0.938426,0.221,1.487693e+06,5.050193e-02,0.0001,3.287,0,0,51,50,39,43
2028,132,2160,0.938889,0.209,1.504332e+06,8.669712e-02,0.0001,3.2878,1,1,2,50,38,43
2029,131,2160,0.939352,0.208,1.506085e+06,8.858843e-02,0.0001,3.2705,1,6,0,50,37,43
2030,130,2160,0.939815,0.2,1.506927e+06,9.895809e-02,0.0001,3.2928,2,8,0,50,37,42
2031,129,2160,0.940278,0.189,1.506212e+06,9.547163e-02,0.0001,3.2867,2,6,0,50,37,41
2032,128,2160,0.940741,0.19,1.505582e+06,1.194172e-01,0.0001,3.2898,0,9,88,49,37,41
2033,127,2160,0.941204,0.193,1.508697e+06,8.515843e-02,0.0001,3.293,1,0,0,49,36,41
2034,126,2160,0.941667,0.206,1.506504e+06,9.542423e-02,0.0001,3.2966,0,8,145,48,36,41
2035,125,2160,0.94213,0.188,1.522104e+06,1.082518e-01,0.0001,3.2935,0,0,88,47,36,41
2036,124,2160,0.942593,0.174,1.538050e+06,6.548119e-02,0.0001,3.292,0,8,88,46,36,41
2037,123,2160,0.943056,0.178,1.528291e+06,9.635185e-02,0.0001,3.2936,0,5,91,45,36,41
2038,122,2160,0.943519,0.192,1.539433e+06,9.042640e-02,0.0001,3.288,0,2,95,44,36,41
2039,121,2160,0.943981,0.199,1.571168e+06,9.519500e-02,0.0001,3.2925,1,1,8,44,35,41
2040,120,2160,0.944444,0.202,1.570791e+06,1.021477e-01,0.0001,3.3083,0,6,119,43,35,41
2041,119,2160,0.944907,0.193,1.578439e+06,6.308977e-02,0.0001,3.2757,0,9,119,42,35,41
2042,118,2160,0.94537,0.178,1.598701e+06,7.744733e-02,0.0001,3.2966,1,3,0,42,34,41
2043,117,2160,0.945833,0.182,1.595367e+06,9.831313e-02,0.0001,3.2904,1,1,4,42,33,41
2044,116,2160,0.946296,0.183,1.597973e+06,9.583861e-02,0.0001,3.2786,0,6,65,41,33,41
2045,115,2160,0.946759,0.209,1.622266e+06,1.308960e-01,0.0001,3.2807,0,9,66,40,33,41
2046,114,2160,0.947222,0.221,1.630299e+06,1.013841e-01,0.0001,3.2864,0,3,33,39,33,41
2047,113,2160,0.947685,0.223,1.657124e+06,1.078700e-01,0.0001,3.2968,1,5,3,39,32,41
2048,112,2160,0.948148,0.223,1.660314e+06,9.151350e-02,0.0001,3.2788,0,6,66,38,32,41
2049,111,2160,0.948611,0.233,1.671171e+06,9.750539e-02,0.0001,3.2817,1,9,0,38,31,41
2050,110,2160,0.949074,0.237,1.669291e+06,1.029588e-01,0.0001,3.3023,0,6,90,37,31,41
2051,109,2160,0.949537,0.235,1.672158e+06,9.877340e-02,0.0001,3.2926,1,8,9,37,30,41
2052,108,2160,0.95,0.232,1.671161e+06,1.115392e-01,0.0001,3.2743,2,4,6,37,30,40
2053,107,2160,0.950463,0.235,1.671653e+06,1.247338e-01,0.0001,3.2902,0,7,149,36,30,40
2054,106,2160,0.950926,0.242,1.696640e+06,4.388065e-02,0.0001,3.2909,0,9,149,35,30,40
2055,105,2160,0.951389,0.239,1.693693e+06,1.037693e-01,0.0001,3.2845,0,0,66,34,30,40
2056,104,2160,0.951852,0.23,1.706066e+06,1.028867e-01,0.0001,3.2974,0,3,135,33,30,40
2057,103,2160,0.952315,0.233,1.742595e+06,1.034057e-01,0.0001,3.3093,2,9,8,33,30,39
2058,102,2160,0.952778,0.23,1.741992e+06,1.061433e-01,0.0001,3.2885,0,4,174,32,30,39
2059,101,2160,0.953241,0.223,1.813424e+06,1.069663e-01,0.0001,3.2794,1,8,7,32,29,39
2060,100,2160,0.953704,0.223,1.812782e+06,1.098387e-01,0.0001,3.2737,0,3,124,31,29,39
2061,99,2160,0.954167,0.223,1.861800e+06,1.126422e-01,0.0001,3.2945,0,3,36,30,29,39
2062,98,2160,0.95463,0.233,1.914572e+06,1.127167e-01,0.0001,3.3102,1,8,1,30,28,39
2063,97,2160,0.955093,0.235,1.913766e+06,1.183781e-01,0.0001,3.3052,0,3,20,29,28,39
2064,96,2160,0.955556,0.229,1.975758e+06,1.309685e-01,0.0001,3.3003,0,6,117,28,28,39
2065,95,2160,0.956019,0.251,1.982228e+06,1.235591e-01,0.0001,3.2822,2,1,8,28,28,38
2066,94,2160,0.956481,0.257,1.979444e+06,1.600670e-01,0.0001,3.3001,0,7,117,27,28,38
2067,93,2160,0.956944,0.233,1.993267e+06,6.207980e-02,0.0001,3.2848,0,3,117,26,28,38
2068,92,2160,0.957407,0.238,2.002190e+06,1.136771e-01,0.0001,3.297,2,2,9,26,28,37
2069,91,2160,0.95787,0.223,2.000736e+06,1.289109e-01,0.0001,3.2941,1,0,6,26,27,37
2070,90,2160,0.958333,0.216,2.008112e+06,1.219702e-01,0.0001,3.3022,2,7,1,26,27,36
2071,89,2160,0.958796,0.216,2.006142e+06,1.279048e-01,0.0001,3.2825,1,5,8,26,26,36
2072,88,2160,0.959259,0.21,2.004913e+06,1.327358e-01,0.0001,3.303,0,3,136,25,26,36
2073,87,2160,0.959722,0.222,2.082965e+06,1.293597e-01,0.0001,3.2725,1,8,6,25,25,36
2074,86,2160,0.960185,0.219,2.081300e+06,1.383376e-01,0.0001,3.2792,0,3,134,24,25,36
2075,85,2160,0.960648,0.233,2.171239e+06,1.457074e-01,0.0001,3.2715,1,0,7,24,24,36
2076,84,2160,0.961111,0.226,2.170231e+06,1.342961e-01,0.0001,3.2978,1,1,6,24,23,36
2077,83,2160,0.961574,0.234,2.170232e+06,1.344100e-01,0.0001,3.3003,2,3,8,24,23,35
2078,82,2160,0.962037,0.235,2.168469e+06,1.463576e-01,0.0001,3.3021,1,0,2,24,22,35
2079,81,2160,0.9625,0.229,2.170196e+06,1.334419e-01,0.0001,3.291,2,8,2,24,22,34
2080,80,2160,0.962963,0.225,2.169307e+06,1.346144e-01,0.0001,3.2908,2,4,8,24,22,33
2081,79,2160,0.963426,0.225,2.167855e+06,1.344577e-01,0.0001,3.2889,2,4,9,24,22,32
2082,78,2160,0.963889,0.223,2.166557e+06,1.417956e-01,0.0001,3.2953,0,3,150,23,22,32
2083,77,2160,0.964352,0.221,2.271643e+06,1.349776e-01,0.0001,3.2808,0,0,91,22,22,32
2084,76,2160,0.964815,0.201,2.280033e+06,1.351587e-01,0.0001,3.2968,1,5,0,22,21,32
2085,75,2160,0.965278,0.18,2.278184e+06,1.366009e-01,0.0001,3.2801,2,9,1,22,21,31
2086,74,2160,0.965741,0.178,2.277928e+06,2.630346e-01,0.0001,3.2939,2,9,4,22,21,30
2087,73,2160,0.966204,0.202,2.296393e+06,1.099086e-01,0.0001,3.2789,2,1,4,22,21,29
2088,72,2160,0.966667,0.2,2.299033e+06,1.591436e-01,0.0001,3.2896,2,6,3,22,21,28
2089,71,2160,0.96713,0.198,2.304583e+06,1.992087e-01,0.0001,3.2859,2,6,4,22,21,27
2090,70,2160,0.967593,0.202,2.355781e+06,1.058179e-01,0.0001,3.3031,0,1,92,21,21,27
2091,69,2160,0.968056,0.202,2.346307e+06,1.441962e-01,0.0001,3.3139,0,3,142,20,21,27
2092,68,2160,0.968519,0.201,2.464313e+06,1.432555e-01,0.0001,3.289,2,2,8,20,21,26
2093,67,2160,0.968981,0.202,2.460692e+06,1.531081e-01,0.0001,3.3096,0,3,137,19,21,26
2094,66,2160,0.969444,0.204,2.603551e+06,1.624577e-01,0.0001,3.3116,1,2,7,19,20,26
2095,65,2160,0.969907,0.201,2.600841e+06,1.565048e-01,0.0001,3.3027,2,3,6,19,20,25
2096,64,2160,0.97037,0.189,2.598353e+06,1.633741e-01,0.0001,3.3105,2,1,6,19,20,24
2097,63,2160,0.970833,0.191,2.597980e+06,2.258114e-01,0.0001,3.311,2,1,3,19,20,23
2098,62,2160,0.971296,0.209,2.623000e+06,1.991052e-01,0.0001,3.308,0,9,144,18,20,23
2099,61,2160,0.971759,0.183,2.638851e+06,1.226083e-01,0.0001,3.32,0,4,144,17,20,23
2100,60,2160,0.972222,0.205,2.756927e+06,1.471460e-01,0.0001,3.3102,2,6,2,17,20,22
2101,59,2160,0.972685,0.206,2.758208e+06,1.602144e-01,0.0001,3.3096,2,3,9,17,20,21
2102,58,2160,0.973148,0.19,2.753614e+06,1.717118e-01,0.0001,3.3041,0,5,172,16,20,21
2103,57,2160,0.973611,0.179,2.972200e+06,1.697855e-01,0.0001,3.324,2,0,5,16,20,20
2104,56,2160,0.974074,0.179,2.965665e+06,1.865646e-01,0.0001,3.2991,0,3,82,15,20,20
2105,55,2160,0.974537,0.181,3.273594e+06,1.879173e-01,0.0001,3.2998,2,6,9,15,20,19
2106,54,2160,0.975,0.171,3.318254e+06,2.165407e-01,0.0001,3.3142,0,7,76,14,20,19
2107,53,2160,0.975463,0.161,3.482897e+06,1.577954e-01,0.0001,3.2987,0,2,76,13,20,19
2108,52,2160,0.975926,0.163,3.502423e+06,1.903850e-01,0.0001,3.3265,0,4,68,12,20,19
2109,51,2160,0.976389,0.131,4.024108e+06,2.280490e-01,0.0001,3.2906,0,5,90,11,20,19
2110,50,2160,0.976852,0.121,3.996674e+06,2.946883e-01,0.0001,3.2963,0,7,89,10,20,19
2111,49,2160,0.977315,0.103,4.363472e+06,1.746956e-01,0.0001,3.2978,0,2,89,9,20,19
2112,48,2160,0.977778,0.101,4.376569e+06,2.430657e-01,0.0001,3.3058,0,3,128,8,20,19
2113,47,2160,0.978241,0.096,5.165316e+06,2.072620e-01,0.0001,3.2994,1,5,5,8,19,19
2114,46,2160,0.978704,0.096,5.093074e+06,2.466949e-01,0.0001,3.3033,2,0,6,8,19,18
2115,45,2160,0.979167,0.096,5.025912e+06,2.063086e-01,0.0001,3.322,2,6,5,8,19,17
2116,44,2160,0.97963,0.096,4.957715e+06,2.048995e-01,0.0001,3.3138,2,7,0,8,19,16
2117,43,2160,0.980093,0.096,4.892090e+06,2.038063e-01,0.0001,3.3125,1,0,3,8,18,16
2118,42,2160,0.980556,0.097,4.825044e+06,2.430370e-01,0.0001,3.3045,0,0,149,7,18,16
2119,41,2160,0.981019,0.1,5.333617e+06,2.131988e-01,0.0001,3.2947,1,8,3,7,17,16
2120,40,2160,0.981481,0.1,5.252744e+06,2.145662e-01,0.0001,3.2978,1,1,1,7,16,16
2121,39,2160,0.981944,0.1,5.177366e+06,3.699036e-01,0.0001,3.3144,0,5,105,6,16,16
2122,38,2160,0.982407,0.122,5.415888e+06,1.388831e-01,0.0001,3.301,0,9,105,5,16,16
2123,37,2160,0.98287,0.108,5.467388e+06,2.631578e-01,0.0001,3.3168,2,6,1,5,16,15
2124,36,2160,0.983333,0.108,5.325848e+06,4.451076e-01,0.0001,3.3108,0,8,146,4,16,15
2125,35,2160,0.983796,0.083,7.284446e+06,3.059289e-01,0.0001,3.3163,1,9,7,4,15,15
2126,34,2160,0.984259,0.084,6.914168e+06,2.971005e-01,0.0001,3.3052,1,6,3,4,14,15
2127,33,2160,0.984722,0.085,6.618955e+06,3.762837e-01,0.0001,3.3036,2,3,2,4,14,14
2128,32,2160,0.985185,0.087,6.675237e+06,4.371109e-01,0.0001,3.3102,1,0,9,4,13,14
2129,31,2160,0.985648,0.087,7.552915e+06,3.708722e-01,0.0001,3.2975,1,2,2,4,12,14
2130,30,2160,0.986111,0.087,6.798614e+06,2.499406e+00,0.0001,3.2997,0,7,90,3,12,14
2131,29,2160,0.986574,0.087,2.596774e+06,1.175002e-01,0.0001,3.3051,0,6,171,2,12,14
2132,28,2160,0.987037,0.087,2.568141e+06,2.504689e-01,0.0001,3.3082,1,3,9,2,11,14
2133,27,2160,0.9875,0.087,2.525812e+06,2.078954e+00,0.0001,3.3096,0,9,90,1,11,14
2134,26,2160,0.987963,0.087,2.357316e+06,1.135231e+00,0.0001,3.3092,0,2,90,0,11,14
2135,25,2160,0.988426,0.087,2.292128e+06,4.124288e-01,0.0001,3.3008,1,2,6,0,10,14
2136,24,2160,0.988889,0.087,2.280733e+06,4.235439e-01,0.0001,0.0184,1,6,9,0,9,14
2137,23,2160,0.989352,0.087,2.280733e+06,4.618157e-01,0.0001,3.3023,2,4,2,0,9,13
2138,22,2160,0.989815,0.087,2.279790e+06,4.921402e-01,0.0001,0.0184,2,3,0,0,9,12
2139,21,2160,0.990278,0.087,2.279790e+06,6.361771e-01,0.0001,3.2991,1,9,2,0,8,12
2140,20,2160,0.990741,0.087,2.279431e+06,6.555362e-01,0.0001,0.0187,2,5,0,0,8,11
2141,19,2160,0.991204,0.087,2.279431e+06,7.234577e-01,0.0001,3.3132,1,4,0,0,7,11
2142,18,2160,0.991667,0.087,2.279267e+06,7.904719e-01,0.0001,3.3012,1,4,8,0,6,11
2143,17,2160,0.99213,0.087,2.279206e+06,1.052139e+00,0.0001,2.6459,2,4,4,0,6,10
2144,16,2160,0.992593,0.087,2.279192e+06,1.072475e+00,0.0001,1.6655,2,0,4,0,6,9
2145,15,2160,0.993056,0.087,2.279184e+06,1.574041e+00,0.0001,3.2953,2,5,3,0,6,8
2146,14,2160,0.993519,0.087,2.279170e+06,1.189512e+00,0.0001,0.9497,1,3,7,0,5,8
2147,13,2160,0.993981,0.087,2.279170e+06,1.400430e+00,0.0001,1.1473,1,3,5,0,4,8
2148,12,2160,0.994444,0.087,2.279169e+06,2.293959e+00,0.0001,3.3024,2,8,3,0,4,7
2149,11,2160,0.994907,0.087,2.723830e+06,1.542149e+00,0.0001,3.3085,2,0,3,0,4,6
2150,10,2160,0.99537,0.087,2.560344e+06,1.197997e+00,0.0001,3.2977,2,2,4,0,4,5
2151,9,2160,0.995833,0.087,2.390771e+06,1.090155e+00,0.0001,3.3126,2,3,3,0,4,4
2152,8,2160,0.996296,0.087,2.439732e+06,1.188657e+00,0.0001,3.2874,1,4,3,0,3,4
2153,7,2160,0.996759,0.087,2.296618e+06,1.900621e+00,0.0001,3.3218,1,4,4,0,2,4
2154,6,2160,0.997222,0.087,2.279216e+06,1.966255e+00,0.0001,2.9054,1,3,3,0,1,4
2155,5,2160,0.997685,0.087,2.279166e+06,3.560241e+00,0.0001,0.5586,1,3,4,0,0,4
2156,4,2160,0.998148,0.087,2.279166e+06,3.278208e+00,0.0001,2.9707,2,5,4,0,0,3
2157,3,2160,0.998611,0.087,2.279166e+06,4.169760e+00,0.0001,2.5437,2,1,9,0,0,2
2158,2,2160,0.999074,0.087,2.279165e+06,4.475365e+00,0.0001,2.2836,2,7,6,0,0,1
2159,1,2160,0.999537,0.087,2.279166e+06,5.840729e+00,0.0001,0.6343,2,4,3,0,0,0
