step,NZ,total_W,sparsity,val_acc,d_manifold,d_W,prune_time_s,adjust_time_s,candidate_layer,candidate_i,candidate_j,layer_0_NZ,layer_1_NZ,layer_2_NZ
0,2160,2160,0.0,0.909,0.000000e+00,8.918840e-06,0.0001,5.0156,0,7,168,1959,100,100
1,2159,2160,0.000463,0.909,1.358186e-04,1.095588e-05,0.0001,3.5207,0,8,33,1958,100,100
2,2158,2160,0.000926,0.909,1.475920e-04,1.273986e-05,0.0001,3.5268,0,7,28,1957,100,100
3,2157,2160,0.001389,0.909,3.734723e-04,1.274262e-05,0.0001,3.5418,0,8,189,1956,100,100
4,2156,2160,0.001852,0.909,3.279478e-04,2.798874e-05,0.0001,3.573,0,2,194,1955,100,100
5,2155,2160,0.002315,0.909,9.684691e-04,3.221564e-05,0.0001,3.5067,0,3,43,1954,100,100
6,2154,2160,0.002778,0.909,9.200750e-04,6.025233e-05,0.0001,3.5197,0,3,159,1953,100,100
7,2153,2160,0.003241,0.909,1.053770e-03,8.339973e-05,0.0001,3.57,0,2,152,1952,100,100
8,2152,2160,0.003704,0.909,7.383186e-03,1.101107e-04,0.0001,3.5425,0,0,24,1951,100,100
9,2151,2160,0.004167,0.909,1.293105e-02,1.309322e-04,0.0001,3.5767,0,7,84,1950,100,100
10,2150,2160,0.00463,0.909,3.923663e-02,1.496919e-04,0.0001,3.5612,0,6,9,1949,100,100
11,2149,2160,0.005093,0.909,4.194734e-02,2.136888e-04,0.0001,3.5169,0,8,21,1948,100,100
12,2148,2160,0.005556,0.909,5.752515e-02,2.927717e-04,0.0001,3.5397,0,7,120,1947,100,100
13,2147,2160,0.006019,0.909,1.837995e-01,2.840479e-04,0.0001,3.5321,0,9,42,1946,100,100
14,2146,2160,0.006481,0.909,1.222316e-01,2.885660e-04,0.0001,3.5339,0,2,179,1945,100,100
15,2145,2160,0.006944,0.909,1.670601e-01,2.971158e-04,0.0001,3.5115,0,4,42,1944,100,100
16,2144,2160,0.007407,0.909,2.724609e-01,2.938901e-04,0.0001,3.5071,0,3,31,1943,100,100
17,2143,2160,0.00787,0.909,2.269330e-01,2.961760e-04,0.0001,3.5492,0,3,4,1942,100,100
18,2142,2160,0.008333,0.909,1.980892e-01,2.996627e-04,0.0001,3.5342,0,3,67,1941,100,100
19,2141,2160,0.008796,0.909,1.773016e-01,3.029576e-04,0.0001,3.5572,0,8,179,1940,100,100
20,2140,2160,0.009259,0.909,1.874178e-01,3.361503e-04,0.0001,3.5602,0,7,16,1939,100,100
21,2139,2160,0.009722,0.909,3.415272e-01,3.513574e-04,0.0001,3.5319,0,5,194,1938,100,100
22,2138,2160,0.010185,0.909,4.050080e-01,3.502977e-04,0.0001,3.5472,0,4,28,1937,100,100
23,2137,2160,0.010648,0.909,5.358002e-01,3.515539e-04,0.0001,3.6075,0,4,83,1936,100,100
24,2136,2160,0.011111,0.909,6.272229e-01,3.503961e-04,0.0001,3.644,2,3,3,1936,100,99
25,2135,2160,0.011574,0.909,5.279440e-01,3.660314e-04,0.0001,3.5521,0,6,8,1935,100,99
26,2134,2160,0.012037,0.909,5.508892e-01,3.625790e-04,0.0001,3.515,0,1,177,1934,100,99
27,2133,2160,0.0125,0.909,6.065172e-01,3.718669e-04,0.0001,3.4819,0,3,116,1933,100,99
28,2132,2160,0.012963,0.909,5.551252e-01,3.718667e-04,0.0001,3.5712,0,9,156,1932,100,99
29,2131,2160,0.013426,0.909,5.105520e-01,3.749674e-04,0.0001,3.5158,0,2,2,1931,100,99
30,2130,2160,0.013889,0.909,6.057345e-01,3.735688e-04,0.0001,3.5365,0,3,17,1930,100,99
31,2129,2160,0.014352,0.909,5.743259e-01,3.862760e-04,0.0001,3.5673,0,0,133,1929,100,99
32,2128,2160,0.014815,0.909,6.138476e-01,3.981088e-04,0.0001,3.5765,0,8,186,1928,100,99
33,2127,2160,0.015278,0.909,6.464415e-01,4.298851e-04,0.0001,3.5576,0,0,195,1927,100,99
34,2126,2160,0.015741,0.909,6.718276e-01,4.408991e-04,0.0001,3.5207,0,5,55,1926,100,99
35,2125,2160,0.016204,0.909,8.448579e-01,4.586921e-04,0.0001,3.5468,0,7,69,1925,100,99
36,2124,2160,0.016667,0.909,1.109625e+00,4.805805e-04,0.0001,3.5591,2,7,4,1925,100,98
37,2123,2160,0.01713,0.909,1.050042e+00,4.595917e-04,0.0001,3.534,0,3,72,1924,100,98
38,2122,2160,0.017593,0.909,9.273900e-01,4.841948e-04,0.0001,3.531,0,7,178,1923,100,98
39,2121,2160,0.018056,0.909,1.231886e+00,3.862649e-04,0.0001,3.5556,0,0,178,1922,100,98
40,2120,2160,0.018519,0.909,9.107124e-01,4.567981e-04,0.0001,3.5704,0,9,190,1921,100,98
41,2119,2160,0.018981,0.909,8.475137e-01,4.697714e-04,0.0001,3.5615,0,3,40,1920,100,98
42,2118,2160,0.019444,0.909,8.095637e-01,4.842694e-04,0.0001,3.5261,0,6,6,1919,100,98
43,2117,2160,0.019907,0.909,9.290187e-01,4.837337e-04,0.0001,3.5466,0,2,97,1918,100,98
44,2116,2160,0.02037,0.909,1.082345e+00,4.951337e-04,0.0001,3.563,0,3,60,1917,100,98
45,2115,2160,0.020833,0.909,1.042097e+00,4.976746e-04,0.0001,3.5707,0,3,194,1916,100,98
46,2114,2160,0.021296,0.909,1.009392e+00,5.147573e-04,0.0001,3.5203,0,4,194,1915,100,98
47,2113,2160,0.021759,0.909,1.294236e+00,5.203317e-04,0.0001,3.5445,0,3,88,1914,100,98
48,2112,2160,0.022222,0.909,1.168478e+00,5.365291e-04,0.0001,3.51,0,5,13,1913,100,98
49,2111,2160,0.022685,0.909,1.439022e+00,5.253262e-04,0.0001,3.5783,0,3,101,1912,100,98
50,2110,2160,0.023148,0.909,1.326113e+00,5.462132e-04,0.0001,3.5402,0,6,123,1911,100,98
51,2109,2160,0.023611,0.909,1.446440e+00,5.639186e-04,0.0001,3.5824,0,5,140,1910,100,98
52,2108,2160,0.024074,0.909,1.748324e+00,5.713326e-04,0.0001,3.5303,0,4,5,1909,100,98
53,2107,2160,0.024537,0.909,2.091783e+00,5.786927e-04,0.0001,3.5417,0,0,72,1908,100,98
54,2106,2160,0.025,0.909,2.050220e+00,5.869073e-04,0.0001,3.5741,0,5,182,1907,100,98
55,2105,2160,0.025463,0.909,2.291137e+00,6.241675e-04,0.0001,3.5611,0,5,4,1906,100,98
56,2104,2160,0.025926,0.909,2.579329e+00,6.716391e-04,0.0001,3.566,0,9,23,1905,100,98
57,2103,2160,0.026389,0.909,2.373654e+00,6.843322e-04,0.0001,3.5562,0,6,98,1904,100,98
58,2102,2160,0.026852,0.909,2.569347e+00,6.557919e-04,0.0001,3.5514,0,1,98,1903,100,98
59,2101,2160,0.027315,0.909,2.577223e+00,6.855942e-04,0.0001,3.5413,0,2,106,1902,100,98
60,2100,2160,0.027778,0.909,2.885346e+00,7.056653e-04,0.0001,3.5603,0,9,34,1901,100,98
61,2099,2160,0.028241,0.909,2.769686e+00,7.465504e-04,0.0001,3.5658,0,5,2,1900,100,98
62,2098,2160,0.028704,0.909,3.412151e+00,7.604837e-04,0.0001,3.5556,0,1,59,1899,100,98
63,2097,2160,0.029167,0.909,3.755737e+00,7.809997e-04,0.0001,3.5605,0,4,1,1898,100,98
64,2096,2160,0.02963,0.909,4.478743e+00,7.819221e-04,0.0001,3.552,1,0,5,1898,99,98
65,2095,2160,0.030093,0.909,4.117921e+00,8.051933e-04,0.0001,3.563,0,8,127,1897,99,98
66,2094,2160,0.030556,0.909,4.206703e+00,8.132056e-04,0.0001,3.5928,0,8,4,1896,99,98
67,2093,2160,0.031019,0.909,4.110304e+00,8.153380e-04,0.0001,3.5558,0,1,174,1895,99,98
68,2092,2160,0.031481,0.909,4.346192e+00,8.473400e-04,0.0001,3.4179,0,1,29,1894,99,98
69,2091,2160,0.031944,0.909,4.691024e+00,8.583346e-04,0.0001,3.3446,0,0,41,1893,99,98
70,2090,2160,0.032407,0.909,4.780806e+00,9.019724e-04,0.0001,3.4232,0,7,161,1892,99,98
71,2089,2160,0.03287,0.909,5.666423e+00,8.852555e-04,0.0001,3.5742,0,0,83,1891,99,98
72,2088,2160,0.033333,0.909,5.303214e+00,8.797378e-04,0.0001,3.4581,0,8,16,1890,99,98
73,2087,2160,0.033796,0.909,5.194568e+00,8.663196e-04,0.0001,3.6227,0,3,91,1889,99,98
74,2086,2160,0.034259,0.909,4.776751e+00,8.765283e-04,0.0001,3.6007,0,9,20,1888,99,98
75,2085,2160,0.034722,0.909,4.472443e+00,8.997874e-04,0.0001,3.6049,0,6,56,1887,99,98
76,2084,2160,0.035185,0.909,4.788293e+00,9.111277e-04,0.0001,3.5353,0,4,180,1886,99,98
77,2083,2160,0.035648,0.909,5.710799e+00,9.039051e-04,0.0001,3.4837,0,1,47,1885,99,98
78,2082,2160,0.036111,0.909,5.943268e+00,9.036643e-04,0.0001,3.3696,0,2,69,1884,99,98
79,2081,2160,0.036574,0.909,6.255824e+00,9.365662e-04,0.0001,3.5589,0,6,112,1883,99,98
80,2080,2160,0.037037,0.909,6.471533e+00,9.355765e-04,0.0001,3.6193,0,1,25,1882,99,98
81,2079,2160,0.0375,0.909,6.887185e+00,9.298637e-04,0.0001,3.5591,0,3,192,1881,99,98
82,2078,2160,0.037963,0.909,6.570448e+00,9.739708e-04,0.0001,3.5789,0,6,186,1880,99,98
83,2077,2160,0.038426,0.909,6.903933e+00,9.840071e-04,0.0001,3.5809,0,0,174,1879,99,98
84,2076,2160,0.038889,0.909,6.795674e+00,9.920472e-04,0.0001,3.5881,0,6,67,1878,99,98
85,2075,2160,0.039352,0.909,6.999941e+00,9.898665e-04,0.0001,3.5413,0,9,192,1877,99,98
86,2074,2160,0.039815,0.909,6.620488e+00,9.862512e-04,0.0001,3.5857,0,9,43,1876,99,98
87,2073,2160,0.040278,0.909,6.368503e+00,1.016289e-03,0.0001,3.5413,0,0,18,1875,99,98
88,2072,2160,0.040741,0.909,6.674233e+00,1.017780e-03,0.0001,3.5098,0,2,123,1874,99,98
89,2071,2160,0.041204,0.909,7.291731e+00,1.040417e-03,0.0001,3.5617,0,0,112,1873,99,98
90,2070,2160,0.041667,0.909,7.311211e+00,1.055788e-03,0.0001,3.579,0,3,15,1872,99,98
91,2069,2160,0.04213,0.909,6.974850e+00,1.052580e-03,0.0001,3.5976,0,3,136,1871,99,98
92,2068,2160,0.042593,0.909,6.767137e+00,1.115579e-03,0.0001,3.7155,0,7,25,1870,99,98
93,2067,2160,0.043056,0.909,8.279572e+00,1.110644e-03,0.0001,3.6473,0,8,59,1869,99,98
94,2066,2160,0.043519,0.909,7.985811e+00,1.140977e-03,0.0001,3.5061,0,5,129,1868,99,98
95,2065,2160,0.043981,0.909,8.819019e+00,1.126723e-03,0.0001,3.6816,0,8,103,1867,99,98
96,2064,2160,0.044444,0.909,8.751642e+00,1.126334e-03,0.0001,3.5796,0,8,190,1866,99,98
97,2063,2160,0.044907,0.909,8.743305e+00,1.176203e-03,0.0001,3.5935,0,4,39,1865,99,98
98,2062,2160,0.04537,0.909,9.938071e+00,1.186017e-03,0.0001,3.5505,0,5,170,1864,99,98
99,2061,2160,0.045833,0.909,1.065249e+01,1.165495e-03,0.0001,3.5515,0,3,96,1863,99,98
100,2060,2160,0.046296,0.909,9.778193e+00,1.190649e-03,0.0001,3.4498,0,4,148,1862,99,98
101,2059,2160,0.046759,0.909,1.117130e+01,1.090333e-03,0.0001,3.6649,0,8,148,1861,99,98
102,2058,2160,0.047222,0.909,9.130692e+00,1.181007e-03,0.0001,3.6877,0,6,73,1860,99,98
103,2057,2160,0.047685,0.909,9.630735e+00,1.170444e-03,0.0001,3.6069,1,3,8,1860,98,98
104,2056,2160,0.048148,0.909,9.128530e+00,1.170948e-03,0.0001,3.592,2,2,0,1860,98,97
105,2055,2160,0.048611,0.909,8.806375e+00,1.183308e-03,0.0001,3.4719,1,3,6,1860,97,97
106,2054,2160,0.049074,0.909,8.554635e+00,1.226650e-03,0.0001,3.5482,0,0,57,1859,97,97
107,2053,2160,0.049537,0.909,9.075873e+00,1.229837e-03,0.0001,3.7101,0,4,179,1858,97,97
108,2052,2160,0.05,0.909,1.139513e+01,1.245326e-03,0.0001,3.6135,0,3,5,1857,97,97
109,2051,2160,0.050463,0.909,1.098239e+01,1.245029e-03,0.0001,3.5078,0,2,182,1856,97,97
110,2050,2160,0.050926,0.909,1.209046e+01,1.242974e-03,0.0001,3.5811,0,3,154,1855,97,97
111,2049,2160,0.051389,0.909,1.183863e+01,1.241704e-03,0.0001,3.4717,2,0,3,1855,97,96
112,2048,2160,0.051852,0.909,1.152336e+01,1.269184e-03,0.0001,3.4306,0,0,98,1854,97,96
113,2047,2160,0.052315,0.909,1.195766e+01,1.253901e-03,0.0001,3.3805,0,3,2,1853,97,96
114,2046,2160,0.052778,0.909,1.154282e+01,1.268962e-03,0.0001,3.4782,0,8,56,1852,97,96
115,2045,2160,0.053241,0.909,1.211815e+01,1.270721e-03,0.0001,3.5226,0,3,162,1851,97,96
116,2044,2160,0.053704,0.909,1.165057e+01,1.285564e-03,0.0001,3.6403,0,8,110,1850,97,96
117,2043,2160,0.054167,0.909,1.207263e+01,1.302530e-03,0.0001,3.7536,0,6,85,1849,97,96
118,2042,2160,0.05463,0.909,1.255163e+01,1.292784e-03,0.0001,3.5984,0,3,84,1848,97,96
119,2041,2160,0.055093,0.909,1.203545e+01,1.338347e-03,0.0001,3.7326,0,0,38,1847,97,96
120,2040,2160,0.055556,0.909,1.247011e+01,1.361201e-03,0.0001,3.7286,0,5,116,1846,97,96
121,2039,2160,0.056019,0.909,1.418431e+01,1.400697e-03,0.0001,3.6063,0,5,136,1845,97,96
122,2038,2160,0.056481,0.909,1.578290e+01,1.414512e-03,0.0001,3.5558,0,0,27,1844,97,96
123,2037,2160,0.056944,0.909,1.589255e+01,1.432000e-03,0.0001,3.6459,0,5,24,1843,97,96
124,2036,2160,0.057407,0.909,1.785329e+01,1.401738e-03,0.0001,3.7576,0,9,153,1842,97,96
125,2035,2160,0.05787,0.909,1.690683e+01,1.413969e-03,0.0001,3.7398,0,0,84,1841,97,96
126,2034,2160,0.058333,0.909,1.790050e+01,1.436725e-03,0.0001,3.5651,0,6,66,1840,97,96
127,2033,2160,0.058796,0.909,1.862721e+01,1.440441e-03,0.0001,3.6886,0,1,164,1839,97,96
128,2032,2160,0.059259,0.909,1.983473e+01,1.439112e-03,0.0001,3.507,0,1,167,1838,97,96
129,2031,2160,0.059722,0.909,2.102549e+01,1.459307e-03,0.0001,3.5695,0,3,172,1837,97,96
130,2030,2160,0.060185,0.909,2.044204e+01,1.545213e-03,0.0001,3.4942,0,7,164,1836,97,96
131,2029,2160,0.060648,0.909,2.233921e+01,1.503018e-03,0.0001,3.4038,0,1,2,1835,97,96
132,2028,2160,0.061111,0.909,2.249359e+01,1.497287e-03,0.0001,3.7647,0,8,86,1834,97,96
133,2027,2160,0.061574,0.909,2.240681e+01,1.507098e-03,0.0001,3.6427,0,6,124,1833,97,96
134,2026,2160,0.062037,0.909,2.271187e+01,1.483932e-03,0.0001,3.6342,0,3,12,1832,97,96
135,2025,2160,0.0625,0.909,2.176541e+01,1.481811e-03,0.0001,3.6931,2,8,3,1832,97,95
136,2024,2160,0.062963,0.909,2.102723e+01,1.546397e-03,0.0001,3.4889,0,0,154,1831,97,95
137,2023,2160,0.063426,0.909,2.166992e+01,1.543696e-03,0.0001,3.4787,0,2,15,1830,97,95
138,2022,2160,0.063889,0.909,2.303493e+01,1.536011e-03,0.0001,3.5771,0,9,163,1829,97,95
139,2021,2160,0.064352,0.909,2.234344e+01,1.584501e-03,0.0001,3.5126,0,4,150,1828,97,95
140,2020,2160,0.064815,0.909,2.531442e+01,1.598696e-03,0.0001,3.3717,0,8,97,1827,97,95
141,2019,2160,0.065278,0.909,2.510978e+01,1.587716e-03,0.0001,3.5382,0,3,153,1826,97,95
142,2018,2160,0.065741,0.909,2.375368e+01,1.628435e-03,0.0001,3.5085,0,4,160,1825,97,95
143,2017,2160,0.066204,0.909,2.605878e+01,1.593233e-03,0.0001,3.5855,0,9,17,1824,97,95
144,2016,2160,0.066667,0.909,2.423862e+01,1.605421e-03,0.0001,3.579,0,6,2,1823,97,95
145,2015,2160,0.06713,0.909,2.441070e+01,1.593311e-03,0.0001,3.6422,0,2,184,1822,97,95
146,2014,2160,0.067593,0.909,2.548027e+01,1.600969e-03,0.0001,3.7797,0,1,141,1821,97,95
147,2013,2160,0.068056,0.909,2.687139e+01,1.592013e-03,0.0001,3.544,0,1,8,1820,97,95
148,2012,2160,0.068519,0.909,2.838862e+01,1.608120e-03,0.0001,3.6712,0,2,183,1819,97,95
149,2011,2160,0.068981,0.909,2.982472e+01,1.630792e-03,0.0001,3.5283,0,8,125,1818,97,95
150,2010,2160,0.069444,0.909,3.027737e+01,1.670189e-03,0.0001,3.5851,0,4,29,1817,97,95
151,2009,2160,0.069907,0.909,3.284289e+01,1.684514e-03,0.0001,3.5113,0,5,28,1816,97,95
152,2008,2160,0.07037,0.909,3.530225e+01,1.696076e-03,0.0001,3.4941,0,6,60,1815,97,95
153,2007,2160,0.070833,0.91,3.491585e+01,1.664947e-03,0.0001,3.4998,0,8,29,1814,97,95
154,2006,2160,0.071296,0.91,3.183437e+01,1.772776e-03,0.0001,3.4704,0,7,114,1813,97,95
155,2005,2160,0.071759,0.91,3.560332e+01,1.705169e-03,0.0001,3.4924,0,9,15,1812,97,95
156,2004,2160,0.072222,0.91,3.286714e+01,1.691956e-03,0.0001,3.4486,0,9,44,1811,97,95
157,2003,2160,0.072685,0.91,3.137760e+01,1.718727e-03,0.0001,3.4986,0,8,47,1810,97,95
158,2002,2160,0.073148,0.91,3.188908e+01,1.715984e-03,0.0001,3.507,0,9,4,1809,97,95
159,2001,2160,0.073611,0.91,3.050612e+01,1.737812e-03,0.0001,3.511,0,1,128,1808,97,95
160,2000,2160,0.074074,0.91,3.215190e+01,1.778217e-03,0.0001,3.4966,0,6,139,1807,97,95
161,1999,2160,0.074537,0.91,3.312428e+01,1.796816e-03,0.0001,3.5918,0,6,147,1806,97,95
162,1998,2160,0.075,0.91,3.412663e+01,1.796946e-03,0.0001,3.6051,0,8,191,1805,97,95
163,1997,2160,0.075463,0.91,3.463394e+01,1.815194e-03,0.0001,3.7974,0,0,55,1804,97,95
164,1996,2160,0.075926,0.91,3.504505e+01,1.919116e-03,0.0001,3.6271,0,7,91,1803,97,95
165,1995,2160,0.076389,0.91,3.823281e+01,1.928840e-03,0.0001,3.5997,0,7,140,1802,97,95
166,1994,2160,0.076852,0.909,4.222258e+01,1.975422e-03,0.0001,3.8521,0,7,53,1801,97,95
167,1993,2160,0.077315,0.91,4.387092e+01,1.933365e-03,0.0001,3.9096,0,4,60,1800,97,95
168,1992,2160,0.077778,0.91,4.435992e+01,1.930431e-03,0.0001,3.8464,0,5,44,1799,97,95
169,1991,2160,0.078241,0.91,4.469922e+01,1.906745e-03,0.0001,3.558,0,0,108,1798,97,95
170,1990,2160,0.078704,0.91,4.283069e+01,1.889087e-03,0.0001,3.6229,0,6,148,1797,97,95
171,1989,2160,0.079167,0.91,4.256900e+01,1.853380e-03,0.0001,3.5801,0,9,112,1796,97,95
172,1988,2160,0.07963,0.91,4.022095e+01,1.873934e-03,0.0001,3.4682,0,6,169,1795,97,95
173,1987,2160,0.080093,0.909,4.086116e+01,1.844575e-03,0.0001,3.5361,0,2,44,1794,97,95
174,1986,2160,0.080556,0.909,4.125301e+01,1.825954e-03,0.0001,3.4234,0,2,169,1793,97,95
175,1985,2160,0.081019,0.909,4.224407e+01,1.835436e-03,0.0001,3.4695,0,0,140,1792,97,95
176,1984,2160,0.081481,0.909,4.337512e+01,1.836479e-03,0.0001,3.5047,0,9,184,1791,97,95
177,1983,2160,0.081944,0.909,4.222864e+01,1.869237e-03,0.0001,3.5761,0,8,126,1790,97,95
178,1982,2160,0.082407,0.909,4.312662e+01,1.884995e-03,0.0001,3.5702,0,0,56,1789,97,95
179,1981,2160,0.08287,0.909,4.327128e+01,1.903138e-03,0.0001,3.4916,0,3,33,1788,97,95
180,1980,2160,0.083333,0.909,4.183371e+01,1.908502e-03,0.0001,3.7116,0,9,26,1787,97,95
181,1979,2160,0.083796,0.909,4.076796e+01,1.943346e-03,0.0001,3.5497,0,6,168,1786,97,95
182,1978,2160,0.084259,0.909,4.301339e+01,1.915745e-03,0.0001,3.5725,0,3,8,1785,97,95
183,1977,2160,0.084722,0.91,4.154266e+01,1.997941e-03,0.0001,3.5922,0,5,10,1784,97,95
184,1976,2160,0.085185,0.909,4.579535e+01,1.970321e-03,0.0001,3.6187,0,3,54,1783,97,95
185,1975,2160,0.085648,0.909,4.458908e+01,1.953931e-03,0.0001,3.6158,0,2,56,1782,97,95
186,1974,2160,0.086111,0.909,4.676144e+01,1.968820e-03,0.0001,3.8328,0,9,113,1781,97,95
187,1973,2160,0.086574,0.909,4.600606e+01,1.985461e-03,0.0001,3.7452,0,1,150,1780,97,95
188,1972,2160,0.087037,0.909,4.905823e+01,2.033218e-03,0.0001,3.5322,0,8,169,1779,97,95
189,1971,2160,0.0875,0.909,4.965505e+01,2.086204e-03,0.0001,3.5664,0,6,83,1778,97,95
190,1970,2160,0.087963,0.91,5.107957e+01,2.058335e-03,0.0001,3.5749,0,3,41,1777,97,95
191,1969,2160,0.088426,0.91,4.951980e+01,2.192330e-03,0.0001,3.5222,0,7,188,1776,97,95
192,1968,2160,0.088889,0.91,5.581524e+01,2.163083e-03,0.0001,3.7823,0,4,80,1775,97,95
193,1967,2160,0.089352,0.91,5.820305e+01,2.154071e-03,0.0001,3.7585,0,6,192,1774,97,95
194,1966,2160,0.089815,0.91,5.747549e+01,2.101247e-03,0.0001,3.7147,1,3,3,1774,96,95
195,1965,2160,0.090278,0.91,5.446837e+01,2.092525e-03,0.0001,3.7308,0,9,165,1773,96,95
196,1964,2160,0.090741,0.91,5.256774e+01,2.090138e-03,0.0001,3.7545,0,3,58,1772,96,95
197,1963,2160,0.091204,0.91,5.142082e+01,2.151819e-03,0.0001,3.6113,0,5,142,1771,96,95
198,1962,2160,0.091667,0.91,5.588932e+01,2.240850e-03,0.0001,3.6079,0,7,15,1770,96,95
199,1961,2160,0.09213,0.909,6.201199e+01,2.226134e-03,0.0001,3.5821,0,4,68,1769,96,95
200,1960,2160,0.092593,0.909,6.404553e+01,2.166246e-03,0.0001,3.6204,0,9,96,1768,96,95
201,1959,2160,0.093056,0.909,5.987514e+01,2.213054e-03,0.0001,3.7716,0,5,30,1767,96,95
202,1958,2160,0.093519,0.909,6.302330e+01,2.147282e-03,0.0001,3.9924,0,3,150,1766,96,95
203,1957,2160,0.093981,0.909,6.001781e+01,2.230498e-03,0.0001,4.0894,0,4,159,1765,96,95
204,1956,2160,0.094444,0.909,6.497718e+01,2.330189e-03,0.0001,3.9488,0,7,155,1764,96,95
205,1955,2160,0.094907,0.909,7.015801e+01,2.261110e-03,0.0001,3.9443,0,9,171,1763,96,95
206,1954,2160,0.09537,0.909,6.442392e+01,2.233760e-03,0.0001,3.9291,0,9,104,1762,96,95
207,1953,2160,0.095833,0.909,6.109486e+01,2.220051e-03,0.0001,3.9407,0,8,28,1761,96,95
208,1952,2160,0.096296,0.909,6.285556e+01,2.226656e-03,0.0001,3.989,0,9,193,1760,96,95
209,1951,2160,0.096759,0.909,6.076444e+01,2.253078e-03,0.0001,4.0038,1,7,5,1760,95,95
210,1950,2160,0.097222,0.909,5.951811e+01,2.240480e-03,0.0001,3.9733,2,2,7,1760,95,94
211,1949,2160,0.097685,0.909,5.839125e+01,2.253304e-03,0.0002,3.9508,0,9,70,1759,95,94
212,1948,2160,0.098148,0.909,5.724055e+01,2.396853e-03,0.0001,3.9339,0,7,22,1758,95,94
213,1947,2160,0.098611,0.909,6.540176e+01,2.342204e-03,0.0001,3.9372,0,2,78,1757,95,94
214,1946,2160,0.099074,0.909,6.571960e+01,2.472055e-03,0.0001,3.9391,0,7,61,1756,95,94
215,1945,2160,0.099537,0.909,7.149765e+01,2.431084e-03,0.0001,3.9339,0,8,17,1755,95,94
216,1944,2160,0.1,0.909,6.910988e+01,2.438288e-03,0.0001,3.8905,0,6,27,1754,95,94
217,1943,2160,0.100463,0.909,6.880402e+01,2.432304e-03,0.0001,3.7985,0,4,61,1753,95,94
218,1942,2160,0.100926,0.909,7.163791e+01,2.430683e-03,0.0001,3.7957,0,8,195,1752,95,94
219,1941,2160,0.101389,0.909,7.064656e+01,2.407384e-03,0.0001,3.7138,0,3,79,1751,95,94
220,1940,2160,0.101852,0.909,6.686279e+01,2.527148e-03,0.0001,3.5703,0,7,195,1750,95,94
221,1939,2160,0.102315,0.909,7.211768e+01,2.469308e-03,0.0001,3.6039,0,4,4,1749,95,94
222,1938,2160,0.102778,0.909,7.748441e+01,2.444351e-03,0.0001,3.5779,2,5,7,1749,95,93
223,1937,2160,0.103241,0.909,7.400901e+01,2.432174e-03,0.0001,3.5039,0,9,27,1748,95,93
224,1936,2160,0.103704,0.909,7.172607e+01,2.488480e-03,0.0001,3.4803,0,2,195,1747,95,93
225,1935,2160,0.104167,0.909,7.525995e+01,2.681778e-03,0.0001,3.4538,0,7,65,1746,95,93
226,1934,2160,0.10463,0.909,8.459822e+01,2.610481e-03,0.0001,3.4633,0,9,101,1745,95,93
227,1933,2160,0.105093,0.909,7.883083e+01,2.647635e-03,0.0001,3.4954,0,6,157,1744,95,93
228,1932,2160,0.105556,0.909,8.007974e+01,2.708415e-03,0.0001,3.4779,0,4,133,1743,95,93
229,1931,2160,0.106019,0.91,8.714689e+01,2.708725e-03,0.0001,3.4694,0,0,48,1742,95,93
230,1930,2160,0.106481,0.91,8.567010e+01,2.684935e-03,0.0001,3.4839,0,8,72,1741,95,93
231,1929,2160,0.106944,0.91,8.512218e+01,2.650205e-03,0.0001,3.4794,1,0,1,1741,94,93
232,1928,2160,0.107407,0.91,8.066853e+01,2.640384e-03,0.0001,3.4944,0,9,12,1740,94,93
233,1927,2160,0.10787,0.91,7.774800e+01,2.689176e-03,0.0001,3.4985,0,0,8,1739,94,93
234,1926,2160,0.108333,0.91,7.880288e+01,2.668376e-03,0.0001,3.4604,0,1,15,1738,94,93
235,1925,2160,0.108796,0.91,8.258210e+01,2.719124e-03,0.0001,3.5386,0,5,98,1737,94,93
236,1924,2160,0.109259,0.91,9.125674e+01,2.674317e-03,0.0001,3.4613,0,3,0,1736,94,93
237,1923,2160,0.109722,0.91,8.868342e+01,2.754246e-03,0.0001,3.4618,0,5,32,1735,94,93
238,1922,2160,0.110185,0.91,9.627178e+01,2.710781e-03,0.0001,3.4721,0,3,169,1734,94,93
239,1921,2160,0.110648,0.91,9.327023e+01,2.726845e-03,0.0001,3.4941,0,1,1,1733,94,93
240,1920,2160,0.111111,0.91,9.863941e+01,2.757432e-03,0.0001,3.4816,0,8,139,1732,94,93
241,1919,2160,0.111574,0.91,1.006092e+02,2.763153e-03,0.0001,3.5634,0,1,62,1731,94,93
242,1918,2160,0.112037,0.91,1.041973e+02,2.883232e-03,0.0001,3.459,0,7,154,1730,94,93
243,1917,2160,0.1125,0.91,1.187585e+02,2.867534e-03,0.0001,3.4745,0,5,192,1729,94,93
244,1916,2160,0.112963,0.91,1.226576e+02,2.818933e-03,0.0001,3.6194,0,0,1,1728,94,93
245,1915,2160,0.113426,0.91,1.182068e+02,2.818315e-03,0.0001,3.4974,0,0,115,1727,94,93
246,1914,2160,0.113889,0.91,1.165614e+02,2.839820e-03,0.0001,3.7204,0,7,24,1726,94,93
247,1913,2160,0.114352,0.91,1.325197e+02,2.888053e-03,0.0001,4.0049,0,0,6,1725,94,93
248,1912,2160,0.114815,0.91,1.291966e+02,2.823627e-03,0.0001,3.5218,0,3,100,1724,94,93
249,1911,2160,0.115278,0.91,1.235008e+02,2.905746e-03,0.0001,3.5128,0,5,57,1723,94,93
250,1910,2160,0.115741,0.91,1.302881e+02,2.842106e-03,0.0001,3.4766,0,3,30,1722,94,93
251,1909,2160,0.116204,0.91,1.253716e+02,2.852769e-03,0.0001,3.4898,0,3,47,1721,94,93
252,1908,2160,0.116667,0.91,1.219784e+02,2.862821e-03,0.0001,3.5125,0,8,24,1720,94,93
253,1907,2160,0.11713,0.91,1.159288e+02,3.015694e-03,0.0001,3.4897,0,7,42,1719,94,93
254,1906,2160,0.117593,0.91,1.292370e+02,2.952120e-03,0.0001,3.4667,0,4,56,1718,94,93
255,1905,2160,0.118056,0.91,1.378260e+02,2.886331e-03,0.0001,3.4565,1,0,6,1718,93,93
256,1904,2160,0.118519,0.91,1.327028e+02,2.940037e-03,0.0001,3.4874,0,0,99,1717,93,93
257,1903,2160,0.118981,0.91,1.336598e+02,2.898844e-03,0.0001,3.4925,0,2,103,1716,93,93
258,1902,2160,0.119444,0.91,1.372783e+02,2.962231e-03,0.0001,3.4841,0,6,185,1715,93,93
259,1901,2160,0.119907,0.91,1.399983e+02,2.986652e-03,0.0001,3.5006,0,8,74,1714,93,93
260,1900,2160,0.12037,0.91,1.410176e+02,3.007559e-03,0.0001,3.4736,0,0,62,1713,93,93
261,1899,2160,0.120833,0.909,1.391026e+02,2.965894e-03,0.0001,3.4879,0,9,124,1712,93,93
262,1898,2160,0.121296,0.91,1.346158e+02,2.939464e-03,0.0001,3.5048,0,3,195,1711,93,93
263,1897,2160,0.121759,0.91,1.317222e+02,3.010387e-03,0.0001,3.4741,0,0,9,1710,93,93
264,1896,2160,0.122222,0.91,1.337052e+02,2.941145e-03,0.0001,3.493,0,7,9,1709,93,93
265,1895,2160,0.122685,0.91,1.408450e+02,2.998697e-03,0.0001,3.484,0,1,28,1708,93,93
266,1894,2160,0.123148,0.91,1.450473e+02,2.979828e-03,0.0001,3.5084,0,9,64,1707,93,93
267,1893,2160,0.123611,0.911,1.414616e+02,3.057595e-03,0.0001,3.4807,0,5,97,1706,93,93
268,1892,2160,0.124074,0.911,1.506396e+02,3.023033e-03,0.0001,3.4982,0,9,1,1705,93,93
269,1891,2160,0.124537,0.911,1.470096e+02,3.020450e-03,0.0001,3.466,1,6,3,1705,92,93
270,1890,2160,0.125,0.91,1.446935e+02,3.123961e-03,0.0001,3.5062,0,7,97,1704,92,93
271,1889,2160,0.125463,0.91,1.605494e+02,2.984323e-03,0.0001,3.4665,0,4,97,1703,92,93
272,1888,2160,0.125926,0.91,1.598502e+02,3.030761e-03,0.0001,3.488,1,0,3,1703,91,93
273,1887,2160,0.126389,0.91,1.559808e+02,3.112197e-03,0.0001,3.4787,0,0,58,1702,91,93
274,1886,2160,0.126852,0.91,1.573942e+02,3.110430e-03,0.0001,3.517,2,7,3,1702,91,92
275,1885,2160,0.127315,0.91,1.534070e+02,3.098296e-03,0.0001,3.4849,0,3,10,1701,91,92
276,1884,2160,0.127778,0.91,1.513595e+02,3.134854e-03,0.0001,3.4679,0,0,53,1700,91,92
277,1883,2160,0.128241,0.91,1.568459e+02,3.227709e-03,0.0001,3.514,0,4,153,1699,91,92
278,1882,2160,0.128704,0.911,1.683898e+02,3.167022e-03,0.0001,3.4882,2,5,3,1699,91,91
279,1881,2160,0.129167,0.911,1.619363e+02,3.148630e-03,0.0001,3.4716,2,7,0,1699,91,90
280,1880,2160,0.12963,0.911,1.575701e+02,3.210979e-03,0.0001,3.5144,0,8,188,1698,91,90
281,1879,2160,0.130093,0.911,1.598264e+02,3.253162e-03,0.0001,3.4669,0,8,166,1697,91,90
282,1878,2160,0.130556,0.911,1.605389e+02,3.427954e-03,0.0002,3.4823,0,7,146,1696,91,90
283,1877,2160,0.131019,0.911,1.723314e+02,3.370632e-03,0.0001,3.4596,0,5,190,1695,91,90
284,1876,2160,0.131481,0.911,1.751176e+02,3.230141e-03,0.0001,3.4616,0,3,28,1694,91,90
285,1875,2160,0.131944,0.91,1.668911e+02,3.264260e-03,0.0001,3.4991,0,0,4,1693,91,90
286,1874,2160,0.132407,0.91,1.674713e+02,3.364958e-03,0.0001,3.4648,0,4,123,1692,91,90
287,1873,2160,0.13287,0.91,1.795137e+02,3.403781e-03,0.0001,3.4924,0,5,167,1691,91,90
288,1872,2160,0.133333,0.91,1.863621e+02,3.371830e-03,0.0001,3.4946,0,8,154,1690,91,90
289,1871,2160,0.133796,0.91,1.831044e+02,3.504294e-03,0.0001,3.4855,0,7,108,1689,91,90
290,1870,2160,0.134259,0.911,1.997314e+02,3.377847e-03,0.0001,3.5182,0,3,124,1688,91,90
291,1869,2160,0.134722,0.911,1.891019e+02,3.443904e-03,0.0001,3.4957,0,5,43,1687,91,90
292,1868,2160,0.135185,0.911,1.968123e+02,3.444438e-03,0.0001,3.4746,0,4,15,1686,91,90
293,1867,2160,0.135648,0.911,2.094225e+02,3.442398e-03,0.0001,3.4901,0,5,53,1685,91,90
294,1866,2160,0.136111,0.911,2.206208e+02,3.384985e-03,0.0001,3.5145,0,8,153,1684,91,90
295,1865,2160,0.136574,0.91,2.182562e+02,3.376936e-03,0.0001,3.4794,2,8,0,1684,91,89
296,1864,2160,0.137037,0.91,2.109135e+02,3.395662e-03,0.0001,3.4889,0,0,120,1683,91,89
297,1863,2160,0.1375,0.91,2.143528e+02,3.446374e-03,0.0001,3.4758,0,0,11,1682,91,89
298,1862,2160,0.137963,0.91,2.139264e+02,3.388862e-03,0.0001,3.4872,0,9,9,1681,91,89
299,1861,2160,0.138426,0.91,2.076390e+02,3.387592e-03,0.0001,3.509,1,0,8,1681,90,89
300,1860,2160,0.138889,0.91,2.032048e+02,3.453834e-03,0.0001,3.4678,0,8,27,1680,90,89
301,1859,2160,0.139352,0.91,2.070196e+02,3.498197e-03,0.0001,3.4707,0,1,48,1679,90,89
302,1858,2160,0.139815,0.91,2.130265e+02,3.479018e-03,0.0001,3.496,0,3,127,1678,90,89
303,1857,2160,0.140278,0.91,2.084730e+02,3.647789e-03,0.0001,3.4584,0,7,18,1677,90,89
304,1856,2160,0.140741,0.91,2.316351e+02,3.664955e-03,0.0001,3.4708,0,5,66,1676,90,89
305,1855,2160,0.141204,0.91,2.374863e+02,3.564698e-03,0.0001,3.8438,0,3,143,1675,90,89
306,1854,2160,0.141667,0.91,2.288303e+02,3.554728e-03,0.0001,3.7724,0,9,131,1674,90,89
307,1853,2160,0.14213,0.909,2.225342e+02,3.613909e-03,0.0001,3.8204,0,0,12,1673,90,89
308,1852,2160,0.142593,0.909,2.238533e+02,3.572064e-03,0.0001,3.7772,0,9,71,1672,90,89
309,1851,2160,0.143056,0.909,2.177810e+02,3.604420e-03,0.0001,3.8052,0,5,84,1671,90,89
310,1850,2160,0.143519,0.909,2.364560e+02,3.652436e-03,0.0001,3.527,0,8,46,1670,90,89
311,1849,2160,0.143981,0.909,2.376294e+02,3.779663e-03,0.0001,3.5101,0,7,1,1669,90,89
312,1848,2160,0.144444,0.909,2.633335e+02,3.705982e-03,0.0001,3.4913,2,4,3,1669,90,88
313,1847,2160,0.144907,0.909,2.513309e+02,3.684525e-03,0.0001,3.5228,0,9,140,1668,90,88
314,1846,2160,0.14537,0.909,2.445036e+02,3.676831e-03,0.0001,3.5466,0,3,128,1667,90,88
315,1845,2160,0.145833,0.909,2.402113e+02,3.918419e-03,0.0001,3.532,0,7,40,1666,90,88
316,1844,2160,0.146296,0.909,2.610085e+02,3.766316e-03,0.0001,3.5597,1,3,4,1666,89,88
317,1843,2160,0.146759,0.909,2.482260e+02,3.709173e-03,0.0001,3.537,0,9,65,1665,89,88
318,1842,2160,0.147222,0.909,2.413067e+02,3.699269e-03,0.0001,3.5725,0,3,184,1664,89,88
319,1841,2160,0.147685,0.909,2.374267e+02,3.726077e-03,0.0001,3.667,0,2,7,1663,89,88
320,1840,2160,0.148148,0.909,2.466119e+02,3.769454e-03,0.0001,3.7851,0,6,4,1662,89,88
321,1839,2160,0.148611,0.909,2.526874e+02,3.753335e-03,0.0001,3.6653,0,9,66,1661,89,88
322,1838,2160,0.149074,0.909,2.468673e+02,3.815341e-03,0.0001,3.5653,0,8,101,1660,89,88
323,1837,2160,0.149537,0.909,2.503295e+02,3.795081e-03,0.0001,3.5128,0,3,16,1659,89,88
324,1836,2160,0.15,0.909,2.450245e+02,3.884858e-03,0.0001,3.5235,0,5,46,1658,89,88
325,1835,2160,0.150463,0.909,2.581766e+02,3.812825e-03,0.0001,3.5289,0,2,104,1657,89,88
326,1834,2160,0.150926,0.909,2.636462e+02,3.773614e-03,0.0001,3.5572,0,2,29,1656,89,88
327,1833,2160,0.151389,0.909,2.717049e+02,3.781594e-03,0.0001,3.5026,0,9,170,1655,89,88
328,1832,2160,0.151852,0.908,2.675179e+02,3.783748e-03,0.0001,3.4628,0,3,13,1654,89,88
329,1831,2160,0.152315,0.908,2.648322e+02,3.787938e-03,0.0001,3.4947,0,3,89,1653,89,88
330,1830,2160,0.152778,0.909,2.625258e+02,4.051272e-03,0.0001,3.489,0,7,189,1652,89,88
331,1829,2160,0.153241,0.908,2.846602e+02,3.931645e-03,0.0001,3.476,0,4,169,1651,89,88
332,1828,2160,0.153704,0.908,3.010524e+02,3.843611e-03,0.0001,3.473,0,3,56,1650,89,88
333,1827,2160,0.154167,0.908,2.929541e+02,3.919286e-03,0.0001,3.5528,0,0,50,1649,89,88
334,1826,2160,0.15463,0.909,2.933835e+02,3.847028e-03,0.0001,3.5496,0,3,99,1648,89,88
335,1825,2160,0.155093,0.909,2.872838e+02,4.107567e-03,0.0001,3.4876,0,7,107,1647,89,88
336,1824,2160,0.155556,0.91,3.083210e+02,4.207801e-03,0.0001,3.479,0,7,82,1646,89,88
337,1823,2160,0.156019,0.91,3.191394e+02,4.092684e-03,0.0001,3.672,0,5,92,1645,89,88
338,1822,2160,0.156481,0.91,3.187122e+02,4.000351e-03,0.0001,3.6117,0,0,167,1644,89,88
339,1821,2160,0.156944,0.91,3.136373e+02,3.946766e-03,0.0001,3.7377,0,0,189,1643,89,88
340,1820,2160,0.157407,0.91,3.089945e+02,3.906720e-03,0.0001,3.7234,0,9,179,1642,89,88
341,1819,2160,0.15787,0.91,3.002875e+02,3.945943e-03,0.0001,3.7487,0,5,195,1641,89,88
342,1818,2160,0.158333,0.91,3.223409e+02,3.912929e-03,0.0001,3.7463,0,3,186,1640,89,88
343,1817,2160,0.158796,0.91,3.163747e+02,3.830689e-03,0.0001,3.704,0,3,82,1639,89,88
344,1816,2160,0.159259,0.91,3.100452e+02,4.007595e-03,0.0001,3.6958,0,4,98,1638,89,88
345,1815,2160,0.159722,0.911,3.281984e+02,3.985838e-03,0.0001,3.7386,0,1,158,1637,89,88
346,1814,2160,0.160185,0.911,3.317404e+02,3.991044e-03,0.0001,3.7196,0,9,2,1636,89,88
347,1813,2160,0.160648,0.911,3.230730e+02,3.990901e-03,0.0001,3.7066,0,6,97,1635,89,88
348,1812,2160,0.161111,0.911,3.341399e+02,3.971573e-03,0.0001,3.7372,0,3,85,1634,89,88
349,1811,2160,0.161574,0.911,3.282363e+02,4.023960e-03,0.0001,3.7346,0,1,35,1633,89,88
350,1810,2160,0.162037,0.91,3.373542e+02,4.304189e-03,0.0001,3.7355,0,7,138,1632,89,88
351,1809,2160,0.1625,0.91,3.582601e+02,4.170526e-03,0.0001,3.7204,0,8,22,1631,89,88
352,1808,2160,0.162963,0.91,3.513618e+02,4.174446e-03,0.0001,3.6857,0,8,134,1630,89,88
353,1807,2160,0.163426,0.911,3.480030e+02,4.194981e-03,0.0001,3.6877,0,6,155,1629,89,88
354,1806,2160,0.163889,0.911,3.504921e+02,4.132646e-03,0.0001,3.7087,1,3,1,1629,88,88
355,1805,2160,0.164352,0.91,3.401055e+02,4.182373e-03,0.0001,3.7494,0,8,95,1628,88,88
356,1804,2160,0.164815,0.91,3.417493e+02,4.281806e-03,0.0001,3.6996,0,4,32,1627,88,88
357,1803,2160,0.165278,0.91,3.573796e+02,4.279481e-03,0.0001,3.7023,0,4,155,1626,88,88
358,1802,2160,0.165741,0.912,3.732427e+02,4.222574e-03,0.0001,3.7398,0,3,148,1625,88,88
359,1801,2160,0.166204,0.91,3.586143e+02,4.181899e-03,0.0001,3.7133,0,3,25,1624,88,88
360,1800,2160,0.166667,0.909,3.485507e+02,4.162497e-03,0.0001,3.6747,0,3,80,1623,88,88
361,1799,2160,0.16713,0.91,3.408248e+02,4.273676e-03,0.0002,3.6864,0,0,180,1622,88,88
362,1798,2160,0.167593,0.909,3.422739e+02,4.427200e-03,0.0001,3.7439,0,7,11,1621,88,88
363,1797,2160,0.168056,0.91,3.726466e+02,4.259915e-03,0.0001,3.7081,0,3,98,1620,88,88
364,1796,2160,0.168519,0.909,3.571036e+02,4.149745e-03,0.0001,3.7253,0,8,11,1619,88,88
365,1795,2160,0.168981,0.909,3.390032e+02,4.158388e-03,0.0001,3.7,0,2,11,1618,88,88
366,1794,2160,0.169444,0.909,3.447837e+02,4.310168e-03,0.0001,3.7555,0,0,169,1617,88,88
367,1793,2160,0.169907,0.91,3.438688e+02,4.280526e-03,0.0001,3.6975,0,1,163,1616,88,88
368,1792,2160,0.17037,0.909,3.535556e+02,4.294274e-03,0.0001,3.7584,0,6,1,1615,88,88
369,1791,2160,0.170833,0.909,3.661802e+02,4.372395e-03,0.0001,3.7427,0,0,123,1614,88,88
370,1790,2160,0.171296,0.909,3.683155e+02,4.459319e-03,0.0001,3.75,0,5,73,1613,88,88
371,1789,2160,0.171759,0.909,3.850731e+02,4.398965e-03,0.0001,3.7079,0,6,180,1612,88,88
372,1788,2160,0.172222,0.909,3.859082e+02,4.363096e-03,0.0001,3.7407,0,3,129,1611,88,88
373,1787,2160,0.172685,0.909,3.783777e+02,4.491986e-03,0.0001,3.7225,0,5,7,1610,88,88
374,1786,2160,0.173148,0.909,3.992630e+02,4.440470e-03,0.0001,3.7236,0,8,99,1609,88,88
375,1785,2160,0.173611,0.909,4.030217e+02,4.493800e-03,0.0001,3.6814,0,4,69,1608,88,88
376,1784,2160,0.174074,0.909,4.279911e+02,4.452110e-03,0.0001,3.7162,0,3,70,1607,88,88
377,1783,2160,0.174537,0.909,4.160986e+02,4.418528e-03,0.0001,3.6815,0,9,98,1606,88,88
378,1782,2160,0.175,0.909,4.068109e+02,4.741831e-03,0.0001,3.7456,0,7,165,1605,88,88
379,1781,2160,0.175463,0.909,4.331972e+02,4.536410e-03,0.0001,3.7424,0,3,29,1604,88,88
380,1780,2160,0.175926,0.909,4.161331e+02,4.754685e-03,0.0001,3.7331,0,7,185,1603,88,88
381,1779,2160,0.176389,0.909,4.450261e+02,4.659294e-03,0.0001,3.778,0,8,185,1602,88,88
382,1778,2160,0.176852,0.909,4.205887e+02,4.702071e-03,0.0001,3.6796,0,5,177,1601,88,88
383,1777,2160,0.177315,0.908,4.301459e+02,4.252227e-03,0.0001,3.6803,0,6,177,1600,88,88
384,1776,2160,0.177778,0.909,4.232840e+02,4.496954e-03,0.0001,3.6167,2,1,3,1600,88,87
385,1775,2160,0.178241,0.909,4.156748e+02,4.611103e-03,0.0001,3.588,0,0,151,1599,88,87
386,1774,2160,0.178704,0.908,4.198987e+02,4.623868e-03,0.0001,3.6571,0,4,166,1598,88,87
387,1773,2160,0.179167,0.908,4.508628e+02,4.630283e-03,0.0001,3.5979,0,6,179,1597,88,87
388,1772,2160,0.17963,0.908,4.575485e+02,4.565611e-03,0.0001,3.5342,0,9,189,1596,88,87
389,1771,2160,0.180093,0.907,4.490139e+02,4.629794e-03,0.0001,3.7214,0,6,61,1595,88,87
390,1770,2160,0.180556,0.907,4.621428e+02,4.587388e-03,0.0001,3.6551,0,9,31,1594,88,87
391,1769,2160,0.181019,0.907,4.541455e+02,4.892722e-03,0.0001,3.6237,0,7,14,1593,88,87
392,1768,2160,0.181481,0.907,4.851063e+02,4.725765e-03,0.0001,3.7169,0,1,95,1592,88,87
393,1767,2160,0.181944,0.906,4.853905e+02,4.537427e-03,0.0001,3.7052,0,0,14,1591,88,87
394,1766,2160,0.182407,0.906,4.670106e+02,4.659296e-03,0.0001,3.7139,0,8,114,1590,88,87
395,1765,2160,0.18287,0.906,4.711974e+02,4.646334e-03,0.0001,3.6834,1,4,3,1590,87,87
396,1764,2160,0.183333,0.906,4.632092e+02,4.833938e-03,0.0001,3.6115,0,7,194,1589,87,87
397,1763,2160,0.183796,0.906,5.086100e+02,5.104960e-03,0.0001,3.6371,0,7,191,1588,87,87
398,1762,2160,0.184259,0.906,5.266690e+02,4.012319e-03,0.0001,3.7429,0,0,191,1587,87,87
399,1761,2160,0.184722,0.906,4.852564e+02,4.743559e-03,0.0001,3.6839,0,1,195,1586,87,87
400,1760,2160,0.185185,0.906,4.952288e+02,5.019865e-03,0.0001,3.7071,0,7,26,1585,87,87
401,1759,2160,0.185648,0.907,5.230916e+02,4.825414e-03,0.0001,3.6437,0,9,6,1584,87,87
402,1758,2160,0.186111,0.907,5.006560e+02,4.769837e-03,0.0001,3.6979,2,9,3,1584,87,86
403,1757,2160,0.186574,0.907,4.875365e+02,4.744791e-03,0.0001,3.7241,0,3,38,1583,87,86
404,1756,2160,0.187037,0.907,4.800712e+02,4.723905e-03,0.0001,3.7232,0,3,57,1582,87,86
405,1755,2160,0.1875,0.907,4.739154e+02,4.715784e-03,0.0001,3.6405,0,9,80,1581,87,86
406,1754,2160,0.187963,0.908,4.680696e+02,4.706668e-03,0.0001,3.7461,0,3,123,1580,87,86
407,1753,2160,0.188426,0.908,4.641846e+02,4.718322e-03,0.0001,3.7135,0,2,13,1579,87,86
408,1752,2160,0.188889,0.908,4.812922e+02,4.714771e-03,0.0001,3.6309,0,3,121,1578,87,86
409,1751,2160,0.189352,0.907,4.777801e+02,4.742863e-03,0.0002,3.7071,0,1,34,1577,87,86
410,1750,2160,0.189815,0.907,4.935044e+02,4.742362e-03,0.0001,3.6919,0,9,175,1576,87,86
411,1749,2160,0.190278,0.907,4.876656e+02,4.778581e-03,0.0001,3.6766,0,8,26,1575,87,86
412,1748,2160,0.190741,0.908,4.895024e+02,4.779530e-03,0.0001,3.7053,0,6,26,1574,87,86
413,1747,2160,0.191204,0.908,4.971404e+02,4.769356e-03,0.0001,3.5853,0,9,138,1573,87,86
414,1746,2160,0.191667,0.908,4.904856e+02,4.813198e-03,0.0001,3.7982,0,4,195,1572,87,86
415,1745,2160,0.19213,0.908,5.353938e+02,4.801749e-03,0.0001,3.7611,0,2,139,1571,87,86
416,1744,2160,0.192593,0.908,5.488751e+02,4.920082e-03,0.0001,3.7152,0,0,160,1570,87,86
417,1743,2160,0.193056,0.905,5.525831e+02,4.827535e-03,0.0001,3.7501,0,2,10,1569,87,86
418,1742,2160,0.193519,0.906,5.656693e+02,4.833095e-03,0.0001,3.6677,0,9,14,1568,87,86
419,1741,2160,0.193981,0.906,5.594979e+02,5.097623e-03,0.0001,3.7741,0,7,166,1567,87,86
420,1740,2160,0.194444,0.905,5.976085e+02,4.930887e-03,0.0001,3.7398,0,9,114,1566,87,86
421,1739,2160,0.194907,0.905,5.774764e+02,4.946050e-03,0.0001,3.7113,0,8,183,1565,87,86
422,1738,2160,0.19537,0.905,5.772345e+02,5.014858e-03,0.0001,3.7159,0,0,43,1564,87,86
423,1737,2160,0.195833,0.905,5.773550e+02,4.926511e-03,0.0001,3.7357,0,3,139,1563,87,86
424,1736,2160,0.196296,0.905,5.644488e+02,4.995251e-03,0.0001,3.7007,0,8,3,1562,87,86
425,1735,2160,0.196759,0.905,5.683791e+02,5.016302e-03,0.0001,3.7464,0,6,13,1561,87,86
426,1734,2160,0.197222,0.905,5.717272e+02,5.052533e-03,0.0001,3.7098,0,0,139,1560,87,86
427,1733,2160,0.197685,0.905,5.711616e+02,5.002383e-03,0.0001,3.7015,0,8,73,1559,87,86
428,1732,2160,0.198148,0.905,5.708853e+02,5.026545e-03,0.0001,3.622,0,1,0,1558,87,86
429,1731,2160,0.198611,0.905,5.828949e+02,5.090920e-03,0.0001,3.75,0,0,113,1557,87,86
430,1730,2160,0.199074,0.905,5.839067e+02,5.009912e-03,0.0001,3.7124,0,0,13,1556,87,86
431,1729,2160,0.199537,0.905,5.771749e+02,5.250740e-03,0.0001,3.492,0,7,41,1555,87,86
432,1728,2160,0.2,0.905,6.182810e+02,5.238915e-03,0.0001,3.4792,0,5,51,1554,87,86
433,1727,2160,0.200463,0.904,6.265007e+02,5.277175e-03,0.0001,3.4706,0,7,27,1553,87,86
434,1726,2160,0.200926,0.905,6.691415e+02,5.183141e-03,0.0001,3.4604,0,6,75,1552,87,86
435,1725,2160,0.201389,0.905,6.611768e+02,5.052548e-03,0.0001,3.4729,0,2,30,1551,87,86
436,1724,2160,0.201852,0.905,6.676062e+02,5.006683e-03,0.0001,3.4825,0,3,140,1550,87,86
437,1723,2160,0.202315,0.905,6.575594e+02,5.022200e-03,0.0001,3.4888,0,2,0,1549,87,86
438,1722,2160,0.202778,0.905,6.660224e+02,5.005867e-03,0.0001,3.7145,0,9,40,1548,87,86
439,1721,2160,0.203241,0.905,6.573929e+02,4.973051e-03,0.0001,3.5704,0,9,11,1547,87,86
440,1720,2160,0.203704,0.905,6.499071e+02,4.998610e-03,0.0001,3.5944,0,6,30,1546,87,86
441,1719,2160,0.204167,0.905,6.541589e+02,5.002904e-03,0.0001,3.5491,0,9,79,1545,87,86
442,1718,2160,0.20463,0.905,6.457095e+02,5.312787e-03,0.0001,3.6016,0,7,153,1544,87,86
443,1717,2160,0.205093,0.905,6.922458e+02,5.213669e-03,0.0001,3.569,0,0,25,1543,87,86
444,1716,2160,0.205556,0.905,6.934234e+02,5.125085e-03,0.0001,3.8223,0,5,25,1542,87,86
445,1715,2160,0.206019,0.905,6.980456e+02,5.132342e-03,0.0001,3.7154,0,1,20,1541,87,86
446,1714,2160,0.206481,0.905,7.104872e+02,5.327999e-03,0.0001,3.7142,0,4,76,1540,87,86
447,1713,2160,0.206944,0.904,7.354678e+02,5.204754e-03,0.0001,3.7304,0,3,87,1539,87,86
448,1712,2160,0.207407,0.905,7.167974e+02,5.036760e-03,0.0001,3.705,0,2,25,1538,87,86
449,1711,2160,0.20787,0.905,7.168020e+02,5.226550e-03,0.0001,3.6985,0,6,167,1537,87,86
450,1710,2160,0.208333,0.906,7.269638e+02,5.240530e-03,0.0001,3.7521,0,8,152,1536,87,86
451,1709,2160,0.208796,0.906,7.284044e+02,5.223133e-03,0.0001,3.7096,0,6,15,1535,87,86
452,1708,2160,0.209259,0.905,7.413574e+02,5.372956e-03,0.0001,3.7189,0,4,111,1534,87,86
453,1707,2160,0.209722,0.905,7.690813e+02,5.042451e-03,0.0001,3.718,0,6,111,1533,87,86
454,1706,2160,0.210185,0.905,7.579344e+02,5.247193e-03,0.0001,3.7089,0,1,19,1532,87,86
455,1705,2160,0.210648,0.905,7.712763e+02,5.522307e-03,0.0001,3.7314,0,7,5,1531,87,86
456,1704,2160,0.211111,0.905,8.142369e+02,5.351684e-03,0.0001,3.6925,0,1,85,1530,87,86
457,1703,2160,0.211574,0.905,8.157570e+02,5.176860e-03,0.0001,3.7155,0,8,85,1529,87,86
458,1702,2160,0.212037,0.905,8.041166e+02,5.293240e-03,0.0001,3.7275,0,5,19,1528,87,86
459,1701,2160,0.2125,0.905,8.166591e+02,5.369192e-03,0.0001,3.7168,0,0,179,1527,87,86
460,1700,2160,0.212963,0.905,8.141416e+02,5.318449e-03,0.0001,3.7172,0,7,179,1526,87,86
461,1699,2160,0.213426,0.905,8.441942e+02,5.321376e-03,0.0001,3.7494,0,8,140,1525,87,86
462,1698,2160,0.213889,0.905,8.425379e+02,5.328539e-03,0.0001,3.7036,0,4,139,1524,87,86
463,1697,2160,0.214352,0.905,8.802891e+02,5.384405e-03,0.0001,3.7205,0,5,141,1523,87,86
464,1696,2160,0.214815,0.906,9.010897e+02,5.118347e-03,0.0001,3.7241,0,4,140,1522,87,86
465,1695,2160,0.215278,0.906,9.227316e+02,5.284368e-03,0.0001,3.6819,0,1,42,1521,87,86
466,1694,2160,0.215741,0.905,9.341928e+02,5.366032e-03,0.0001,3.7434,0,6,38,1520,87,86
467,1693,2160,0.216204,0.905,9.389706e+02,5.428009e-03,0.0001,3.7159,0,4,43,1519,87,86
468,1692,2160,0.216667,0.905,9.639710e+02,5.235991e-03,0.0001,3.7222,0,8,42,1518,87,86
469,1691,2160,0.21713,0.905,9.593141e+02,5.380348e-03,0.0001,3.7685,0,0,78,1517,87,86
470,1690,2160,0.217593,0.905,9.552565e+02,5.241806e-03,0.0001,3.7116,0,2,141,1516,87,86
471,1689,2160,0.218056,0.905,9.596754e+02,5.288803e-03,0.0001,3.7254,0,8,13,1515,87,86
472,1688,2160,0.218519,0.905,9.612700e+02,5.323765e-03,0.0001,3.6997,0,2,100,1514,87,86
473,1687,2160,0.218981,0.905,9.712945e+02,5.048768e-03,0.0001,3.7102,0,8,43,1513,87,86
474,1686,2160,0.219444,0.905,9.566688e+02,5.270098e-03,0.0001,3.7046,0,9,176,1512,87,86
475,1685,2160,0.219907,0.904,9.470602e+02,5.427488e-03,0.0001,3.7049,0,5,16,1511,87,86
476,1684,2160,0.22037,0.905,9.843813e+02,5.342896e-03,0.0001,3.7163,0,9,39,1510,87,86
477,1683,2160,0.220833,0.905,9.698361e+02,5.314013e-03,0.0001,3.7052,2,9,0,1510,87,85
478,1682,2160,0.221296,0.904,9.597518e+02,5.416296e-03,0.0001,3.6999,0,8,70,1509,87,85
479,1681,2160,0.221759,0.904,9.665903e+02,5.590976e-03,0.0001,3.7071,0,4,129,1508,87,85
480,1680,2160,0.222222,0.904,9.943637e+02,5.458320e-03,0.0001,3.7078,0,3,160,1507,87,85
481,1679,2160,0.222685,0.905,9.737331e+02,5.438953e-03,0.0001,3.6721,0,2,153,1506,87,85
482,1678,2160,0.223148,0.904,9.871668e+02,5.549055e-03,0.0001,3.725,0,0,157,1505,87,85
483,1677,2160,0.223611,0.904,9.890718e+02,5.627946e-03,0.0001,3.7639,0,4,157,1504,87,85
484,1676,2160,0.224074,0.905,1.004867e+03,5.696357e-03,0.0001,3.5953,0,4,7,1503,87,85
485,1675,2160,0.224537,0.905,1.025994e+03,5.575505e-03,0.0001,3.645,0,4,185,1502,87,85
486,1674,2160,0.225,0.905,1.069417e+03,5.524537e-03,0.0001,3.6111,0,9,83,1501,87,85
487,1673,2160,0.225463,0.905,1.051003e+03,5.493072e-03,0.0001,3.5757,0,3,71,1500,87,85
488,1672,2160,0.225926,0.904,1.038617e+03,5.575420e-03,0.0001,3.6369,0,6,182,1499,87,85
489,1671,2160,0.226389,0.904,1.049822e+03,5.527894e-03,0.0001,3.7181,0,2,127,1498,87,85
490,1670,2160,0.226852,0.904,1.063446e+03,5.568944e-03,0.0001,3.7045,0,0,15,1497,87,85
491,1669,2160,0.227315,0.905,1.077903e+03,5.609981e-03,0.0001,3.6258,0,5,191,1496,87,85
492,1668,2160,0.227778,0.905,1.118106e+03,5.553408e-03,0.0001,3.5348,0,9,185,1495,87,85
493,1667,2160,0.228241,0.905,1.102815e+03,5.604334e-03,0.0001,3.6484,0,0,164,1494,87,85
494,1666,2160,0.228704,0.905,1.117056e+03,5.576508e-03,0.0001,3.6311,0,2,150,1493,87,85
495,1665,2160,0.229167,0.905,1.130552e+03,5.565938e-03,0.0001,3.6757,2,6,3,1493,87,84
496,1664,2160,0.22963,0.905,1.119047e+03,5.630096e-03,0.0001,3.6042,0,8,0,1492,87,84
497,1663,2160,0.230093,0.905,1.122777e+03,5.611948e-03,0.0001,3.6472,0,3,126,1491,87,84
498,1662,2160,0.230556,0.905,1.110222e+03,5.585396e-03,0.0001,3.6161,0,3,156,1490,87,84
499,1661,2160,0.231019,0.905,1.101236e+03,5.583562e-03,0.0001,3.7016,0,3,109,1489,87,84
500,1660,2160,0.231481,0.905,1.094844e+03,5.660338e-03,0.0001,3.6833,0,0,150,1488,87,84
501,1659,2160,0.231944,0.905,1.098808e+03,5.671273e-03,0.0001,3.7107,0,8,45,1487,87,84
502,1658,2160,0.232407,0.905,1.104094e+03,5.608664e-03,0.0001,3.6565,0,3,187,1486,87,84
503,1657,2160,0.23287,0.905,1.091929e+03,5.611096e-03,0.0002,3.723,0,9,123,1485,87,84
504,1656,2160,0.233333,0.905,1.082848e+03,5.680975e-03,0.0001,3.7143,0,4,16,1484,87,84
505,1655,2160,0.233796,0.905,1.143718e+03,5.664727e-03,0.0001,3.6647,0,9,56,1483,87,84
506,1654,2160,0.234259,0.905,1.133055e+03,5.789122e-03,0.0001,3.7422,0,0,177,1482,87,84
507,1653,2160,0.234722,0.904,1.142112e+03,5.602445e-03,0.0001,3.7474,0,6,16,1481,87,84
508,1652,2160,0.235185,0.903,1.136936e+03,5.751903e-03,0.0001,3.6748,0,0,61,1480,87,84
509,1651,2160,0.235648,0.903,1.150549e+03,5.906484e-03,0.0001,3.6771,0,5,71,1479,87,84
510,1650,2160,0.236111,0.903,1.179863e+03,5.793884e-03,0.0001,3.6365,0,5,26,1478,87,84
511,1649,2160,0.236574,0.903,1.219241e+03,5.851566e-03,0.0001,3.5406,0,8,178,1477,87,84
512,1648,2160,0.237037,0.903,1.219710e+03,5.819790e-03,0.0001,3.776,0,1,70,1476,87,84
513,1647,2160,0.2375,0.904,1.231960e+03,5.679315e-03,0.0001,3.6297,0,1,178,1475,87,84
514,1646,2160,0.237963,0.904,1.240442e+03,5.840797e-03,0.0001,3.7171,0,6,187,1474,87,84
515,1645,2160,0.238426,0.904,1.245462e+03,5.761907e-03,0.0001,3.6153,0,3,114,1473,87,84
516,1644,2160,0.238889,0.904,1.231997e+03,5.747624e-03,0.0001,3.6663,0,2,55,1472,87,84
517,1643,2160,0.239352,0.905,1.251456e+03,5.716667e-03,0.0001,3.6979,0,2,116,1471,87,84
518,1642,2160,0.239815,0.905,1.267553e+03,5.753664e-03,0.0001,3.7082,0,9,41,1470,87,84
519,1641,2160,0.240278,0.905,1.256518e+03,5.912917e-03,0.0001,3.7556,0,8,147,1469,87,84
520,1640,2160,0.240741,0.904,1.265091e+03,6.061112e-03,0.0001,3.7329,0,5,74,1468,87,84
521,1639,2160,0.241204,0.905,1.291330e+03,5.891062e-03,0.0001,3.7274,0,9,111,1467,87,84
522,1638,2160,0.241667,0.905,1.272606e+03,6.101275e-03,0.0001,3.728,0,4,81,1466,87,84
523,1637,2160,0.24213,0.905,1.308329e+03,6.183834e-03,0.0001,3.7212,0,4,136,1465,87,84
524,1636,2160,0.242593,0.905,1.330630e+03,6.223349e-03,0.0001,3.7364,0,4,84,1464,87,84
525,1635,2160,0.243056,0.905,1.359684e+03,6.257933e-03,0.0002,3.7179,0,0,85,1463,87,84
526,1634,2160,0.243519,0.905,1.340938e+03,5.706833e-03,0.0001,3.7355,0,7,85,1462,87,84
527,1633,2160,0.243981,0.905,1.344441e+03,6.083226e-03,0.0001,3.6774,1,0,2,1462,86,84
528,1632,2160,0.244444,0.905,1.314240e+03,6.143278e-03,0.0001,3.7494,0,5,18,1461,86,84
529,1631,2160,0.244907,0.906,1.360965e+03,6.256655e-03,0.0001,3.7296,0,5,184,1460,86,84
530,1630,2160,0.24537,0.906,1.390338e+03,6.219974e-03,0.0001,3.7581,0,0,23,1459,86,84
531,1629,2160,0.245833,0.906,1.386450e+03,6.060503e-03,0.0001,3.7106,0,3,9,1458,86,84
532,1628,2160,0.246296,0.906,1.370235e+03,5.998315e-03,0.0001,3.7184,0,3,27,1457,86,84
533,1627,2160,0.246759,0.906,1.356753e+03,6.004070e-03,0.0001,3.716,0,3,149,1456,86,84
534,1626,2160,0.247222,0.906,1.348153e+03,6.441978e-03,0.0001,3.7429,0,7,190,1455,86,84
535,1625,2160,0.247685,0.906,1.413043e+03,6.233205e-03,0.0001,3.7344,2,6,7,1455,86,83
536,1624,2160,0.248148,0.906,1.379005e+03,6.227951e-03,0.0001,3.5684,0,8,12,1454,86,83
537,1623,2160,0.248611,0.906,1.377807e+03,6.061932e-03,0.0001,3.7271,0,4,12,1453,86,83
538,1622,2160,0.249074,0.906,1.365131e+03,5.999789e-03,0.0001,3.6295,0,1,190,1452,86,83
539,1621,2160,0.249537,0.906,1.361611e+03,6.066368e-03,0.0001,3.5728,0,3,81,1451,86,83
540,1620,2160,0.25,0.906,1.348863e+03,6.052363e-03,0.0001,3.7409,0,2,18,1450,86,83
541,1619,2160,0.250463,0.906,1.367710e+03,6.085644e-03,0.0001,3.6179,0,2,170,1449,86,83
542,1618,2160,0.250926,0.906,1.390886e+03,6.087015e-03,0.0001,3.5625,0,3,68,1448,86,83
543,1617,2160,0.251389,0.906,1.383699e+03,6.234592e-03,0.0001,3.6625,0,6,154,1447,86,83
544,1616,2160,0.251852,0.906,1.407718e+03,6.306940e-03,0.0001,3.6477,0,6,10,1446,86,83
545,1615,2160,0.252315,0.906,1.422562e+03,6.253914e-03,0.0001,3.5582,0,1,52,1445,86,83
546,1614,2160,0.252778,0.906,1.443603e+03,6.418572e-03,0.0001,3.5427,0,4,6,1444,86,83
547,1613,2160,0.253241,0.906,1.488266e+03,6.314844e-03,0.0001,3.5298,0,1,84,1443,86,83
548,1612,2160,0.253704,0.906,1.495782e+03,6.249920e-03,0.0001,3.5512,0,1,83,1442,86,83
549,1611,2160,0.254167,0.906,1.509345e+03,6.236009e-03,0.0001,3.4906,0,3,73,1441,86,83
550,1610,2160,0.25463,0.906,1.491601e+03,6.372632e-03,0.0001,3.6983,0,8,124,1440,86,83
551,1609,2160,0.255093,0.906,1.495393e+03,6.406013e-03,0.0001,3.7297,0,0,52,1439,86,83
552,1608,2160,0.255556,0.906,1.479487e+03,6.430415e-03,0.0001,3.7345,0,6,152,1438,86,83
553,1607,2160,0.256019,0.906,1.482519e+03,6.518671e-03,0.0001,3.7097,0,4,100,1437,86,83
554,1606,2160,0.256481,0.906,1.516499e+03,6.618526e-03,0.0001,3.7336,0,4,108,1436,86,83
555,1605,2160,0.256944,0.906,1.552732e+03,6.394325e-03,0.0001,3.7421,0,8,83,1435,86,83
556,1604,2160,0.257407,0.905,1.546332e+03,6.283038e-03,0.0001,3.7217,0,2,83,1434,86,83
557,1603,2160,0.25787,0.905,1.546377e+03,6.296721e-03,0.0001,3.7187,0,2,84,1433,86,83
558,1602,2160,0.258333,0.905,1.557969e+03,6.684000e-03,0.0001,3.7769,0,7,60,1432,86,83
559,1601,2160,0.258796,0.904,1.627827e+03,6.661616e-03,0.0001,3.7181,0,5,135,1431,86,83
560,1600,2160,0.259259,0.904,1.641573e+03,6.492187e-03,0.0001,3.7554,0,1,119,1430,86,83
561,1599,2160,0.259722,0.903,1.646645e+03,6.411249e-03,0.0001,3.7394,0,2,155,1429,86,83
562,1598,2160,0.260185,0.903,1.660351e+03,6.416328e-03,0.0001,3.7505,0,1,192,1428,86,83
563,1597,2160,0.260648,0.903,1.682858e+03,6.436389e-03,0.0001,3.7374,0,8,100,1427,86,83
564,1596,2160,0.261111,0.905,1.678492e+03,6.412730e-03,0.0001,3.7718,0,9,29,1426,86,83
565,1595,2160,0.261574,0.905,1.661148e+03,6.401876e-03,0.0001,3.7693,0,1,10,1425,86,83
566,1594,2160,0.262037,0.903,1.685756e+03,6.494164e-03,0.0001,3.8266,0,9,117,1424,86,83
567,1593,2160,0.2625,0.905,1.671488e+03,6.495369e-03,0.0001,3.7747,0,3,35,1423,86,83
568,1592,2160,0.262963,0.905,1.662233e+03,6.546870e-03,0.0001,3.768,0,1,64,1422,86,83
569,1591,2160,0.263426,0.906,1.688970e+03,6.655249e-03,0.0001,3.7487,0,6,68,1421,86,83
570,1590,2160,0.263889,0.905,1.700230e+03,6.536949e-03,0.0001,3.7382,0,8,10,1420,86,83
571,1589,2160,0.264352,0.905,1.693920e+03,6.616664e-03,0.0001,3.7848,0,1,93,1419,86,83
572,1588,2160,0.264815,0.905,1.710116e+03,6.580877e-03,0.0001,3.757,0,3,11,1418,86,83
573,1587,2160,0.265278,0.905,1.693556e+03,6.728989e-03,0.0001,3.7729,0,8,135,1417,86,83
574,1586,2160,0.265741,0.905,1.692399e+03,6.684356e-03,0.0001,3.7826,2,2,3,1417,86,82
575,1585,2160,0.266204,0.905,1.669933e+03,7.003195e-03,0.0001,3.6345,0,7,133,1416,86,82
576,1584,2160,0.266667,0.905,1.758127e+03,6.930929e-03,0.0001,3.8595,0,6,46,1415,86,82
577,1583,2160,0.26713,0.903,1.754539e+03,6.760718e-03,0.0001,3.8274,2,4,0,1415,86,81
578,1582,2160,0.267593,0.903,1.725381e+03,7.148274e-03,0.0001,3.8305,0,7,111,1414,86,81
579,1581,2160,0.268056,0.903,1.808216e+03,6.896536e-03,0.0001,3.8112,1,3,2,1414,85,81
580,1580,2160,0.268519,0.904,1.765323e+03,6.969859e-03,0.0001,3.7906,0,6,173,1413,85,81
581,1579,2160,0.268981,0.904,1.767960e+03,6.740863e-03,0.0001,3.8157,0,2,111,1412,85,81
582,1578,2160,0.269444,0.904,1.770888e+03,6.614764e-03,0.0001,3.8673,0,0,111,1411,85,81
583,1577,2160,0.269907,0.904,1.764873e+03,6.811327e-03,0.0001,3.7888,0,4,135,1410,85,81
584,1576,2160,0.27037,0.904,1.816728e+03,6.927192e-03,0.0001,3.8338,0,0,93,1409,85,81
585,1575,2160,0.270833,0.904,1.801205e+03,6.824118e-03,0.0001,3.7723,0,8,55,1408,85,81
586,1574,2160,0.271296,0.904,1.793704e+03,6.807537e-03,0.0001,3.777,0,2,140,1407,85,81
587,1573,2160,0.271759,0.905,1.808597e+03,6.573265e-03,0.0001,3.7537,0,3,133,1406,85,81
588,1572,2160,0.272222,0.905,1.776336e+03,6.655514e-03,0.0001,3.8174,0,3,61,1405,85,81
589,1571,2160,0.272685,0.905,1.761437e+03,6.661873e-03,0.0001,3.838,0,3,74,1404,85,81
590,1570,2160,0.273148,0.905,1.749688e+03,6.709186e-03,0.0001,3.8644,0,8,19,1403,85,81
591,1569,2160,0.273611,0.905,1.753823e+03,6.722126e-03,0.0001,3.8948,0,8,194,1402,85,81
592,1568,2160,0.274074,0.905,1.769436e+03,6.811030e-03,0.0001,3.9883,0,2,85,1401,85,81
593,1567,2160,0.274537,0.906,1.795354e+03,7.114676e-03,0.0001,3.9384,0,7,160,1400,85,81
594,1566,2160,0.275,0.905,1.884222e+03,7.098915e-03,0.0001,4.0851,0,5,79,1399,85,81
595,1565,2160,0.275463,0.903,1.903591e+03,7.201370e-03,0.0001,3.9699,0,7,8,1398,85,81
596,1564,2160,0.275926,0.904,1.980903e+03,6.927645e-03,0.0001,3.9487,0,3,151,1397,85,81
597,1563,2160,0.276389,0.904,1.938491e+03,6.881480e-03,0.0001,3.7786,0,2,27,1396,85,81
598,1562,2160,0.276852,0.904,1.952400e+03,6.899711e-03,0.0001,3.8045,0,5,9,1395,85,81
599,1561,2160,0.277315,0.904,2.018048e+03,6.865331e-03,0.0002,3.802,0,3,189,1394,85,81
600,1560,2160,0.277778,0.904,1.998685e+03,7.173584e-03,0.0001,3.7686,0,7,192,1393,85,81
601,1559,2160,0.278241,0.904,2.084343e+03,7.029692e-03,0.0001,3.7841,0,9,97,1392,85,81
602,1558,2160,0.278704,0.904,2.034926e+03,6.949297e-03,0.0001,3.7555,0,9,77,1391,85,81
603,1557,2160,0.279167,0.905,2.001498e+03,7.187586e-03,0.0001,3.7502,0,4,176,1390,85,81
604,1556,2160,0.27963,0.906,2.036554e+03,6.987414e-03,0.0001,3.8223,0,3,170,1389,85,81
605,1555,2160,0.280093,0.906,1.998363e+03,6.975760e-03,0.0001,3.7598,0,2,32,1388,85,81
606,1554,2160,0.280556,0.906,2.013048e+03,6.923397e-03,0.0001,3.7658,0,9,61,1387,85,81
607,1553,2160,0.281019,0.906,1.989533e+03,7.197218e-03,0.0001,3.8006,0,4,184,1386,85,81
608,1552,2160,0.281481,0.906,2.030893e+03,7.047026e-03,0.0001,3.7476,0,3,141,1385,85,81
609,1551,2160,0.281944,0.906,1.995759e+03,7.135484e-03,0.0001,3.758,0,0,126,1384,85,81
610,1550,2160,0.282407,0.906,1.994310e+03,7.073734e-03,0.0001,3.787,0,1,117,1383,85,81
611,1549,2160,0.28287,0.904,2.010861e+03,7.059432e-03,0.0001,3.7921,0,2,132,1382,85,81
612,1548,2160,0.283333,0.903,2.026627e+03,7.080096e-03,0.0001,3.752,0,0,155,1381,85,81
613,1547,2160,0.283796,0.903,2.040616e+03,7.151060e-03,0.0001,3.7976,0,8,118,1380,85,81
614,1546,2160,0.284259,0.904,2.032812e+03,7.044857e-03,0.0001,3.7753,0,9,159,1379,85,81
615,1545,2160,0.284722,0.904,2.001521e+03,7.053751e-03,0.0001,3.7708,0,1,92,1378,85,81
616,1544,2160,0.285185,0.904,2.025294e+03,6.859386e-03,0.0001,3.793,0,2,92,1377,85,81
617,1543,2160,0.285648,0.904,2.025633e+03,7.132220e-03,0.0002,3.8118,0,0,17,1376,85,81
618,1542,2160,0.286111,0.904,2.031505e+03,7.050651e-03,0.0001,3.7888,0,1,13,1375,85,81
619,1541,2160,0.286574,0.904,2.061771e+03,7.028103e-03,0.0002,3.7641,0,2,4,1374,85,81
620,1540,2160,0.287037,0.904,2.090670e+03,7.127990e-03,0.0001,3.754,0,1,125,1373,85,81
621,1539,2160,0.2875,0.904,2.124504e+03,7.101204e-03,0.0001,3.7799,0,2,42,1372,85,81
622,1538,2160,0.287963,0.904,2.154658e+03,7.221760e-03,0.0001,3.7652,0,0,46,1371,85,81
623,1537,2160,0.288426,0.904,2.161150e+03,7.148225e-03,0.0001,3.8306,0,2,24,1370,85,81
624,1536,2160,0.288889,0.904,2.182329e+03,7.158877e-03,0.0001,3.7898,0,2,124,1369,85,81
625,1535,2160,0.289352,0.904,2.202789e+03,7.361277e-03,0.0001,3.7922,0,5,64,1368,85,81
626,1534,2160,0.289815,0.905,2.250687e+03,7.188334e-03,0.0001,3.7972,0,3,7,1367,85,81
627,1533,2160,0.290278,0.905,2.228759e+03,7.578658e-03,0.0001,3.8157,0,7,66,1366,85,81
628,1532,2160,0.290741,0.904,2.327710e+03,7.563164e-03,0.0001,3.7963,0,4,183,1365,85,81
629,1531,2160,0.291204,0.904,2.366988e+03,7.267375e-03,0.0001,3.7969,0,3,66,1364,85,81
630,1530,2160,0.291667,0.904,2.306662e+03,7.521042e-03,0.0001,3.7814,1,1,6,1364,84,81
631,1529,2160,0.29213,0.906,2.299745e+03,7.272779e-03,0.0001,3.7813,0,0,168,1363,84,81
632,1528,2160,0.292593,0.907,2.311568e+03,7.392814e-03,0.0001,3.8004,0,0,132,1362,84,81
633,1527,2160,0.293056,0.905,2.303310e+03,7.211063e-03,0.0001,3.8251,0,3,135,1361,84,81
634,1526,2160,0.293519,0.905,2.273537e+03,7.718710e-03,0.0001,3.7818,0,7,86,1360,84,81
635,1525,2160,0.293981,0.906,2.326098e+03,7.289010e-03,0.0001,3.8418,0,3,173,1359,84,81
636,1524,2160,0.294444,0.906,2.278657e+03,7.158812e-03,0.0001,3.7427,0,3,46,1358,84,81
637,1523,2160,0.294907,0.907,2.250603e+03,7.215989e-03,0.0001,3.7674,0,6,92,1357,84,81
638,1522,2160,0.29537,0.907,2.265273e+03,7.243520e-03,0.0001,3.7677,0,6,5,1356,84,81
639,1521,2160,0.295833,0.908,2.291491e+03,7.211755e-03,0.0001,3.8094,2,5,0,1356,84,80
640,1520,2160,0.296296,0.908,2.268003e+03,7.363838e-03,0.0001,3.7842,0,6,21,1355,84,80
641,1519,2160,0.296759,0.908,2.285766e+03,7.390197e-03,0.0001,3.7546,0,6,99,1354,84,80
642,1518,2160,0.297222,0.908,2.300335e+03,7.201184e-03,0.0001,3.8253,0,3,20,1353,84,80
643,1517,2160,0.297685,0.908,2.282974e+03,7.211298e-03,0.0001,3.79,0,9,90,1352,84,80
644,1516,2160,0.298148,0.907,2.269245e+03,7.264685e-03,0.0001,3.7818,1,9,9,1352,83,80
645,1515,2160,0.298611,0.906,2.256998e+03,7.514424e-03,0.0001,3.8355,0,5,12,1351,83,80
646,1514,2160,0.299074,0.906,2.320768e+03,7.506259e-03,0.0001,3.8083,0,6,3,1350,83,80
647,1513,2160,0.299537,0.907,2.332759e+03,7.978122e-03,0.0001,3.7924,0,7,103,1349,83,80
648,1512,2160,0.3,0.908,2.396503e+03,7.926785e-03,0.0001,3.8116,0,7,58,1348,83,80
649,1511,2160,0.300463,0.908,2.454586e+03,7.699134e-03,0.0001,3.782,0,5,60,1347,83,80
650,1510,2160,0.300926,0.909,2.496864e+03,7.709954e-03,0.0001,3.7509,0,0,162,1346,83,80
651,1509,2160,0.301389,0.907,2.472721e+03,7.751565e-03,0.0001,3.7477,0,5,176,1345,83,80
652,1508,2160,0.301852,0.906,2.490991e+03,7.759212e-03,0.0001,3.7414,0,7,83,1344,83,80
653,1507,2160,0.302315,0.907,2.592850e+03,7.601263e-03,0.0001,3.7991,0,1,4,1343,83,80
654,1506,2160,0.302778,0.906,2.601392e+03,7.697780e-03,0.0001,3.7611,0,6,193,1342,83,80
655,1505,2160,0.303241,0.907,2.601472e+03,7.634183e-03,0.0001,3.5642,0,8,172,1341,83,80
656,1504,2160,0.303704,0.907,2.592991e+03,7.750669e-03,0.0001,3.6506,0,5,82,1340,83,80
657,1503,2160,0.304167,0.907,2.638033e+03,7.515191e-03,0.0001,3.7715,0,8,60,1339,83,80
658,1502,2160,0.30463,0.908,2.625992e+03,7.537670e-03,0.0001,3.7181,0,9,169,1338,83,80
659,1501,2160,0.305093,0.907,2.593014e+03,7.631352e-03,0.0001,3.5319,0,8,112,1337,83,80
660,1500,2160,0.305556,0.907,2.596893e+03,7.618229e-03,0.0001,3.5139,0,2,5,1336,83,80
661,1499,2160,0.306019,0.906,2.614215e+03,7.989285e-03,0.0001,3.6403,0,7,112,1335,83,80
662,1498,2160,0.306481,0.906,2.670131e+03,7.832109e-03,0.0001,3.6349,0,4,125,1334,83,80
663,1497,2160,0.306944,0.907,2.712521e+03,7.921271e-03,0.0001,3.621,0,7,57,1333,83,80
664,1496,2160,0.307407,0.908,2.813203e+03,7.751792e-03,0.0001,3.6278,1,8,0,1333,82,80
665,1495,2160,0.30787,0.907,2.764565e+03,7.804722e-03,0.0001,3.6019,0,0,81,1332,82,80
666,1494,2160,0.308333,0.907,2.738499e+03,8.010317e-03,0.0001,3.6369,0,5,72,1331,82,80
667,1493,2160,0.308796,0.907,2.774960e+03,7.884995e-03,0.0001,3.562,0,0,116,1330,82,80
668,1492,2160,0.309259,0.907,2.757793e+03,7.839076e-03,0.0001,3.6367,0,0,92,1329,82,80
669,1491,2160,0.309722,0.907,2.741366e+03,7.657025e-03,0.0001,3.5992,0,2,146,1328,82,80
670,1490,2160,0.310185,0.908,2.746471e+03,7.736854e-03,0.0001,3.6148,0,9,180,1327,82,80
671,1489,2160,0.310648,0.908,2.713591e+03,7.746465e-03,0.0001,3.5993,0,2,9,1326,82,80
672,1488,2160,0.311111,0.908,2.741786e+03,7.730956e-03,0.0001,3.5777,0,6,195,1325,82,80
673,1487,2160,0.311574,0.908,2.799791e+03,7.693409e-03,0.0001,3.5657,0,8,155,1324,82,80
674,1486,2160,0.312037,0.908,2.830743e+03,7.678574e-03,0.0001,3.5567,0,3,76,1323,82,80
675,1485,2160,0.3125,0.907,2.814010e+03,7.738282e-03,0.0001,3.6028,0,2,171,1322,82,80
676,1484,2160,0.312963,0.906,2.847336e+03,7.719466e-03,0.0001,3.5845,1,3,0,1322,81,80
677,1483,2160,0.313426,0.908,2.826127e+03,7.727894e-03,0.0001,3.5762,0,3,14,1321,81,80
678,1482,2160,0.313889,0.908,2.815377e+03,8.051226e-03,0.0001,3.583,0,4,113,1320,81,80
679,1481,2160,0.314352,0.908,2.880276e+03,8.077359e-03,0.0001,3.625,0,6,119,1319,81,80
680,1480,2160,0.314815,0.907,2.882003e+03,7.931581e-03,0.0001,3.6155,0,8,58,1318,81,80
681,1479,2160,0.315278,0.907,2.871488e+03,7.915980e-03,0.0001,3.5797,0,6,25,1317,81,80
682,1478,2160,0.315741,0.907,2.906377e+03,7.732396e-03,0.0001,3.5828,0,3,171,1316,81,80
683,1477,2160,0.316204,0.907,2.871755e+03,8.028722e-03,0.0001,3.6015,0,0,51,1315,81,80
684,1476,2160,0.316667,0.907,2.879969e+03,7.875996e-03,0.0001,3.6151,0,7,51,1314,81,80
685,1475,2160,0.31713,0.907,2.909606e+03,8.207844e-03,0.0001,3.567,0,5,125,1313,81,80
686,1474,2160,0.317593,0.907,2.944118e+03,7.956539e-03,0.0001,3.5563,0,2,17,1312,81,80
687,1473,2160,0.318056,0.907,2.956668e+03,8.135968e-03,0.0001,3.6442,0,5,180,1311,81,80
688,1472,2160,0.318519,0.908,3.016134e+03,7.964319e-03,0.0001,3.6454,0,1,169,1310,81,80
689,1471,2160,0.318981,0.908,3.041160e+03,7.646916e-03,0.0001,3.6351,0,3,51,1309,81,80
690,1470,2160,0.319444,0.908,3.002490e+03,7.987114e-03,0.0001,3.6011,0,8,121,1308,81,80
691,1469,2160,0.319907,0.907,3.008270e+03,7.936501e-03,0.0001,3.6079,0,2,193,1307,81,80
692,1468,2160,0.32037,0.907,3.029519e+03,8.029399e-03,0.0002,3.6238,0,0,29,1306,81,80
693,1467,2160,0.320833,0.907,3.036494e+03,7.780458e-03,0.0001,3.5937,0,1,180,1305,81,80
694,1466,2160,0.321296,0.908,3.054083e+03,7.788447e-03,0.0001,3.6138,0,1,193,1304,81,80
695,1465,2160,0.321759,0.908,3.066441e+03,7.821509e-03,0.0001,3.5983,0,4,25,1303,81,80
696,1464,2160,0.322222,0.907,3.150918e+03,6.825799e-03,0.0001,3.6194,0,8,25,1302,81,80
697,1463,2160,0.322685,0.907,3.061333e+03,7.746716e-03,0.0001,3.6214,0,8,171,1301,81,80
698,1462,2160,0.323148,0.908,3.065639e+03,7.945157e-03,0.0001,3.6054,0,4,17,1300,81,80
699,1461,2160,0.323611,0.907,3.146621e+03,8.202175e-03,0.0001,3.6201,0,4,94,1299,81,80
700,1460,2160,0.324074,0.908,3.197466e+03,7.934379e-03,0.0001,3.6367,0,5,94,1298,81,80
701,1459,2160,0.324537,0.907,3.245302e+03,8.044372e-03,0.0001,3.6198,0,8,35,1297,81,80
702,1458,2160,0.325,0.907,3.238907e+03,8.150724e-03,0.0001,3.6093,0,6,181,1296,81,80
703,1457,2160,0.325463,0.907,3.242116e+03,8.079065e-03,0.0001,3.631,0,0,91,1295,81,80
704,1456,2160,0.325926,0.909,3.248502e+03,8.292777e-03,0.0001,3.6164,0,7,12,1294,81,80
705,1455,2160,0.326389,0.909,3.405615e+03,8.116572e-03,0.0001,3.6475,0,3,111,1293,81,80
706,1454,2160,0.326852,0.909,3.362163e+03,8.296082e-03,0.0001,3.6224,0,5,153,1292,81,80
707,1453,2160,0.327315,0.908,3.436075e+03,8.301815e-03,0.0001,3.616,0,5,29,1291,81,80
708,1452,2160,0.327778,0.908,3.478439e+03,8.403626e-03,0.0001,3.6374,0,4,41,1290,81,80
709,1451,2160,0.328241,0.909,3.540698e+03,8.219033e-03,0.0001,3.6414,0,2,53,1289,81,80
710,1450,2160,0.328704,0.908,3.545639e+03,8.360346e-03,0.0001,3.6161,0,6,0,1288,81,80
711,1449,2160,0.329167,0.908,3.554377e+03,8.135115e-03,0.0001,3.6215,0,9,186,1287,81,80
712,1448,2160,0.32963,0.908,3.519057e+03,8.062651e-03,0.0001,3.634,0,9,116,1286,81,80
713,1447,2160,0.330093,0.908,3.493109e+03,8.087957e-03,0.0001,3.6234,0,3,107,1285,81,80
714,1446,2160,0.330556,0.908,3.479001e+03,8.098410e-03,0.0001,3.6149,0,9,125,1284,81,80
715,1445,2160,0.331019,0.908,3.460936e+03,7.979230e-03,0.0001,3.621,0,1,12,1283,81,80
716,1444,2160,0.331481,0.907,3.480021e+03,8.264619e-03,0.0001,3.6144,0,8,89,1282,81,80
717,1443,2160,0.331944,0.907,3.485904e+03,8.141995e-03,0.0001,3.6179,0,2,41,1281,81,80
718,1442,2160,0.332407,0.907,3.494735e+03,8.161973e-03,0.0001,3.6774,0,9,63,1280,81,80
719,1441,2160,0.33287,0.906,3.470135e+03,8.277371e-03,0.0001,3.6449,0,8,146,1279,81,80
720,1440,2160,0.333333,0.906,3.477240e+03,8.430809e-03,0.0001,3.6298,0,4,47,1278,81,80
721,1439,2160,0.333796,0.906,3.561260e+03,8.203531e-03,0.0001,3.6331,0,3,166,1277,81,80
722,1438,2160,0.334259,0.906,3.529743e+03,8.329491e-03,0.0001,3.6217,0,8,82,1276,81,80
723,1437,2160,0.334722,0.906,3.532085e+03,8.359157e-03,0.0001,3.66,0,4,11,1275,81,80
724,1436,2160,0.335185,0.906,3.635160e+03,8.324210e-03,0.0001,3.6233,0,1,81,1274,81,80
725,1435,2160,0.335648,0.906,3.660844e+03,8.316467e-03,0.0001,3.6223,0,5,81,1273,81,80
726,1434,2160,0.336111,0.906,3.688561e+03,8.513370e-03,0.0001,3.5949,0,5,69,1272,81,80
727,1433,2160,0.336574,0.906,3.768654e+03,8.469880e-03,0.0001,3.6194,0,0,0,1271,81,80
728,1432,2160,0.337037,0.906,3.755182e+03,8.389367e-03,0.0001,3.6002,0,8,119,1270,81,80
729,1431,2160,0.3375,0.906,3.742204e+03,8.293406e-03,0.0001,3.6382,0,2,109,1269,81,80
730,1430,2160,0.337963,0.904,3.756262e+03,8.258921e-03,0.0001,3.6088,0,9,99,1268,81,80
731,1429,2160,0.338426,0.905,3.725992e+03,8.476585e-03,0.0001,3.6173,0,4,126,1267,81,80
732,1428,2160,0.338889,0.904,3.824163e+03,8.378277e-03,0.0001,3.6366,0,8,20,1266,81,80
733,1427,2160,0.339352,0.904,3.828265e+03,8.344493e-03,0.0002,3.596,0,1,41,1265,81,80
734,1426,2160,0.339815,0.904,3.854963e+03,8.257918e-03,0.0001,3.6052,1,3,5,1265,80,80
735,1425,2160,0.340278,0.904,3.827991e+03,8.737820e-03,0.0001,3.5993,0,7,99,1264,80,80
736,1424,2160,0.340741,0.904,3.975643e+03,8.386049e-03,0.0001,3.6033,0,3,97,1263,80,80
737,1423,2160,0.341204,0.904,3.938590e+03,7.101630e-03,0.0001,3.6026,0,5,99,1262,80,80
738,1422,2160,0.341667,0.904,3.952706e+03,8.362486e-03,0.0002,3.6128,0,1,137,1261,80,80
739,1421,2160,0.34213,0.904,3.991235e+03,8.300362e-03,0.0001,3.5847,0,9,102,1260,80,80
740,1420,2160,0.342593,0.905,3.967519e+03,8.382930e-03,0.0001,3.6468,0,6,69,1259,80,80
741,1419,2160,0.343056,0.904,4.036768e+03,8.434411e-03,0.0001,3.5802,0,3,3,1258,80,80
742,1418,2160,0.343519,0.904,4.015764e+03,8.459412e-03,0.0001,3.5893,0,6,28,1257,80,80
743,1417,2160,0.343981,0.904,4.093894e+03,8.548701e-03,0.0001,3.6053,0,8,170,1256,80,80
744,1416,2160,0.344444,0.904,4.105749e+03,8.598556e-03,0.0001,3.6267,0,8,117,1255,80,80
745,1415,2160,0.344907,0.905,4.106420e+03,9.216139e-03,0.0001,3.5844,0,7,96,1254,80,80
746,1414,2160,0.34537,0.905,4.186559e+03,8.708261e-03,0.0001,3.6529,0,1,127,1253,80,80
747,1413,2160,0.345833,0.905,4.188118e+03,9.243722e-03,0.0001,3.6027,0,7,158,1252,80,80
748,1412,2160,0.346296,0.904,4.256177e+03,8.605844e-03,0.0001,3.6034,0,1,69,1251,80,80
749,1411,2160,0.346759,0.904,4.251116e+03,8.033432e-03,0.0001,3.6206,0,3,158,1250,80,80
750,1410,2160,0.347222,0.904,4.193235e+03,8.524628e-03,0.0001,3.5853,0,0,181,1249,80,80
751,1409,2160,0.347685,0.904,4.197124e+03,8.592055e-03,0.0001,3.6325,0,0,100,1248,80,80
752,1408,2160,0.348148,0.904,4.200454e+03,8.309539e-03,0.0001,3.5761,0,1,181,1247,80,80
753,1407,2160,0.348611,0.904,4.224060e+03,8.636874e-03,0.0001,3.5948,0,6,109,1246,80,80
754,1406,2160,0.349074,0.904,4.237105e+03,8.433276e-03,0.0001,3.6189,0,4,181,1245,80,80
755,1405,2160,0.349537,0.904,4.286447e+03,9.786206e-03,0.0001,3.682,2,0,8,1245,80,79
756,1404,2160,0.35,0.904,4.324913e+03,8.673263e-03,0.0001,3.6614,0,9,100,1244,80,79
757,1403,2160,0.350463,0.904,4.264558e+03,8.608807e-03,0.0001,3.6296,0,9,110,1243,80,79
758,1402,2160,0.350926,0.904,4.224307e+03,8.617671e-03,0.0001,3.5928,0,0,28,1242,80,79
759,1401,2160,0.351389,0.904,4.272823e+03,8.772686e-03,0.0001,3.6073,0,6,96,1241,80,79
760,1400,2160,0.351852,0.904,4.304246e+03,8.860430e-03,0.0001,3.6345,0,6,144,1240,80,79
761,1399,2160,0.352315,0.904,4.320079e+03,8.592222e-03,0.0001,3.6368,0,9,87,1239,80,79
762,1398,2160,0.352778,0.904,4.292474e+03,8.896094e-03,0.0001,3.6306,0,6,55,1238,80,79
763,1397,2160,0.353241,0.904,4.329808e+03,8.756470e-03,0.0001,3.6658,0,1,46,1237,80,79
764,1396,2160,0.353704,0.904,4.385765e+03,8.672519e-03,0.0001,3.6392,0,3,55,1236,80,79
765,1395,2160,0.354167,0.904,4.351368e+03,8.645256e-03,0.0001,3.6493,0,3,18,1235,80,79
766,1394,2160,0.35463,0.904,4.343721e+03,8.765803e-03,0.0002,3.6394,0,0,137,1234,80,79
767,1393,2160,0.355093,0.905,4.350290e+03,8.918452e-03,0.0001,3.6614,0,5,120,1233,80,79
768,1392,2160,0.355556,0.905,4.460737e+03,8.635712e-03,0.0001,3.6333,0,1,120,1232,80,79
769,1391,2160,0.356019,0.904,4.467978e+03,8.896783e-03,0.0001,3.6885,0,6,184,1231,80,79
770,1390,2160,0.356481,0.905,4.511669e+03,8.928555e-03,0.0002,3.6419,0,0,121,1230,80,79
771,1389,2160,0.356944,0.905,4.518869e+03,8.713560e-03,0.0001,3.637,0,3,144,1229,80,79
772,1388,2160,0.357407,0.904,4.479859e+03,8.703731e-03,0.0001,3.6511,0,2,158,1228,80,79
773,1387,2160,0.35787,0.904,4.517094e+03,8.664971e-03,0.0001,3.6123,0,9,194,1227,80,79
774,1386,2160,0.358333,0.904,4.494922e+03,8.729025e-03,0.0001,3.6639,2,3,0,1227,80,78
775,1385,2160,0.358796,0.905,4.476244e+03,8.822994e-03,0.0001,3.6247,0,1,36,1226,80,78
776,1384,2160,0.359259,0.905,4.533390e+03,8.762349e-03,0.0001,3.6429,0,3,165,1225,80,78
777,1383,2160,0.359722,0.906,4.517229e+03,9.160610e-03,0.0001,3.642,0,4,62,1224,80,78
778,1382,2160,0.360185,0.907,4.601137e+03,9.032275e-03,0.0001,3.6256,0,8,168,1223,80,78
779,1381,2160,0.360648,0.908,4.597564e+03,9.373667e-03,0.0001,3.6462,0,4,105,1222,80,78
780,1380,2160,0.361111,0.908,4.638328e+03,9.241003e-03,0.0001,3.6339,0,4,191,1221,80,78
781,1379,2160,0.361574,0.907,4.725626e+03,9.087183e-03,0.0001,3.6605,0,9,154,1220,80,78
782,1378,2160,0.362037,0.907,4.660634e+03,8.987133e-03,0.0001,3.6358,0,3,36,1219,80,78
783,1377,2160,0.3625,0.906,4.613471e+03,9.351366e-03,0.0001,3.6386,0,4,79,1218,80,78
784,1376,2160,0.362963,0.907,4.683015e+03,8.537025e-03,0.0001,3.6324,0,8,62,1217,80,78
785,1375,2160,0.363426,0.906,4.635711e+03,9.065199e-03,0.0001,3.6557,0,1,168,1216,80,78
786,1374,2160,0.363889,0.906,4.667825e+03,9.048762e-03,0.0001,3.6738,0,1,139,1215,80,78
787,1373,2160,0.364352,0.906,4.715985e+03,9.269704e-03,0.0001,3.6431,0,5,14,1214,80,78
788,1372,2160,0.364815,0.906,4.834789e+03,9.342384e-03,0.0002,3.646,0,6,176,1213,80,78
789,1371,2160,0.365278,0.906,4.861339e+03,9.422454e-03,0.0001,3.6421,0,5,0,1212,80,78
790,1370,2160,0.365741,0.906,4.948131e+03,9.157887e-03,0.0001,3.6282,0,2,57,1211,80,78
791,1369,2160,0.366204,0.906,4.969573e+03,9.091938e-03,0.0001,3.6062,0,9,126,1210,80,78
792,1368,2160,0.366667,0.906,4.938396e+03,9.779901e-03,0.0001,3.6663,0,7,147,1209,80,78
793,1367,2160,0.36713,0.906,5.054603e+03,9.282004e-03,0.0001,3.6325,0,3,188,1208,80,78
794,1366,2160,0.367593,0.906,4.990386e+03,9.302761e-03,0.0001,3.627,0,1,22,1207,80,78
795,1365,2160,0.368056,0.906,5.022752e+03,9.224491e-03,0.0001,3.625,0,9,69,1206,80,78
796,1364,2160,0.368519,0.906,4.988121e+03,9.290839e-03,0.0001,3.6288,0,6,57,1205,80,78
797,1363,2160,0.368981,0.906,5.027720e+03,9.477539e-03,0.0001,3.6714,0,0,68,1204,80,78
798,1362,2160,0.369444,0.907,5.025230e+03,9.280903e-03,0.0001,3.6335,2,2,2,1204,80,77
799,1361,2160,0.369907,0.906,4.990720e+03,9.376662e-03,0.0001,3.6381,0,6,22,1203,80,77
800,1360,2160,0.37037,0.907,5.016063e+03,9.548864e-03,0.0001,3.6502,0,5,38,1202,80,77
801,1359,2160,0.370833,0.906,5.102714e+03,9.361404e-03,0.0001,4.6939,0,5,27,1201,80,77
802,1358,2160,0.371296,0.906,5.246587e+03,9.344448e-03,0.0001,3.3065,0,1,132,1200,80,77
803,1357,2160,0.371759,0.906,5.287413e+03,9.317235e-03,0.0001,3.2937,0,2,134,1199,80,77
804,1356,2160,0.372222,0.905,5.326283e+03,9.228800e-03,0.0001,3.2766,0,3,108,1198,80,77
805,1355,2160,0.372685,0.905,5.306728e+03,9.264453e-03,0.0001,3.2951,0,3,44,1197,80,77
806,1354,2160,0.373148,0.905,5.289780e+03,9.347705e-03,0.0001,3.2577,0,2,70,1196,80,77
807,1353,2160,0.373611,0.905,5.349690e+03,9.374060e-03,0.0001,3.2927,0,3,180,1195,80,77
808,1352,2160,0.374074,0.905,5.331893e+03,9.466762e-03,0.0001,3.2965,0,3,131,1194,80,77
809,1351,2160,0.374537,0.905,5.318436e+03,9.451716e-03,0.0001,3.2851,0,9,168,1193,80,77
810,1350,2160,0.375,0.905,5.302055e+03,9.465145e-03,0.0001,3.2992,0,9,7,1192,80,77
811,1349,2160,0.375463,0.905,5.286803e+03,9.469157e-03,0.0001,3.2972,0,9,3,1191,80,77
812,1348,2160,0.375926,0.905,5.274626e+03,9.476080e-03,0.0001,3.2961,0,9,8,1190,80,77
813,1347,2160,0.376389,0.905,5.263827e+03,9.613773e-03,0.0001,3.2879,0,1,113,1189,80,77
814,1346,2160,0.376852,0.905,5.342620e+03,9.583533e-03,0.0001,3.2978,0,3,103,1188,80,77
815,1345,2160,0.377315,0.905,5.330793e+03,9.553113e-03,0.0001,3.3112,0,2,180,1187,80,77
816,1344,2160,0.377778,0.904,5.392721e+03,9.571047e-03,0.0001,3.2729,0,2,192,1186,80,77
817,1343,2160,0.378241,0.905,5.457304e+03,9.562194e-03,0.0001,3.2716,0,9,182,1185,80,77
818,1342,2160,0.378704,0.905,5.440764e+03,9.629099e-03,0.0001,3.2902,0,1,184,1184,80,77
819,1341,2160,0.379167,0.903,5.525312e+03,9.755364e-03,0.0001,3.2871,0,1,136,1183,80,77
820,1340,2160,0.37963,0.903,5.605387e+03,9.705467e-03,0.0001,3.3067,0,2,72,1182,80,77
821,1339,2160,0.380093,0.903,5.655158e+03,9.744752e-03,0.0001,3.3,0,2,77,1181,80,77
822,1338,2160,0.380556,0.905,5.710183e+03,9.879460e-03,0.0001,3.292,0,8,40,1180,80,77
823,1337,2160,0.381019,0.905,5.727262e+03,1.005233e-02,0.0001,3.3145,0,6,74,1179,80,77
824,1336,2160,0.381481,0.905,5.754757e+03,9.704250e-03,0.0001,3.3224,0,2,113,1178,80,77
825,1335,2160,0.381944,0.906,5.777583e+03,9.668903e-03,0.0001,3.278,0,2,142,1177,80,77
826,1334,2160,0.382407,0.905,5.815845e+03,9.748819e-03,0.0001,3.2795,0,1,130,1176,80,77
827,1333,2160,0.38287,0.905,5.864577e+03,9.905412e-03,0.0001,3.2764,0,6,41,1175,80,77
828,1332,2160,0.383333,0.905,5.932259e+03,9.844968e-03,0.0001,3.2969,0,2,133,1174,80,77
829,1331,2160,0.383796,0.905,5.964644e+03,9.748889e-03,0.0001,3.2824,0,2,164,1173,80,77
830,1330,2160,0.384259,0.905,6.005589e+03,9.760273e-03,0.0001,3.2683,0,3,120,1172,80,77
831,1329,2160,0.384722,0.905,5.977607e+03,1.001750e-02,0.0001,3.255,0,0,173,1171,80,77
832,1328,2160,0.385185,0.903,5.988550e+03,9.842806e-03,0.0001,3.247,0,2,54,1170,80,77
833,1327,2160,0.385648,0.904,6.019873e+03,9.659051e-03,0.0001,3.2714,0,3,130,1169,80,77
834,1326,2160,0.386111,0.905,5.979781e+03,9.883979e-03,0.0001,3.2732,0,8,2,1168,80,77
835,1325,2160,0.386574,0.904,5.993652e+03,1.019509e-02,0.0001,3.2736,0,5,40,1167,80,77
836,1324,2160,0.387037,0.902,6.100878e+03,1.022088e-02,0.0001,3.2819,0,6,142,1166,80,77
837,1323,2160,0.3875,0.902,6.091421e+03,9.896730e-03,0.0001,3.264,0,3,137,1165,80,77
838,1322,2160,0.387963,0.902,6.045763e+03,9.861102e-03,0.0001,3.2622,2,0,7,1165,80,76
839,1321,2160,0.388426,0.902,6.017599e+03,9.796484e-03,0.0001,3.2848,0,9,195,1164,80,76
840,1320,2160,0.388889,0.902,5.993792e+03,9.950447e-03,0.0001,3.2821,0,8,182,1163,80,76
841,1319,2160,0.389352,0.902,6.018568e+03,8.721544e-03,0.0001,3.2726,0,4,182,1162,80,76
842,1318,2160,0.389815,0.903,6.012341e+03,9.939591e-03,0.0001,3.2582,0,0,136,1161,80,76
843,1317,2160,0.390278,0.901,6.016431e+03,1.004382e-02,0.0001,3.2523,0,4,164,1160,80,76
844,1316,2160,0.390741,0.903,6.112484e+03,1.020272e-02,0.0001,3.2709,0,4,13,1159,80,76
845,1315,2160,0.391204,0.902,6.247651e+03,1.031548e-02,0.0001,3.2667,0,0,149,1158,80,76
846,1314,2160,0.391667,0.901,6.237112e+03,9.889933e-03,0.0001,3.2525,0,1,149,1157,80,76
847,1313,2160,0.39213,0.901,6.252051e+03,1.007294e-02,0.0001,3.2565,0,6,194,1156,80,76
848,1312,2160,0.392593,0.902,6.349703e+03,1.027087e-02,0.0001,3.2605,0,0,34,1155,80,76
849,1311,2160,0.393056,0.902,6.351863e+03,1.007483e-02,0.0001,3.2512,0,3,147,1154,80,76
850,1310,2160,0.393519,0.902,6.313316e+03,1.026829e-02,0.0001,3.2618,0,0,94,1153,80,76
851,1309,2160,0.393981,0.901,6.333997e+03,1.030282e-02,0.0001,3.2817,0,0,170,1152,80,76
852,1308,2160,0.394444,0.901,6.356095e+03,1.015827e-02,0.0001,3.2696,0,5,15,1151,80,76
853,1307,2160,0.394907,0.902,6.558660e+03,1.002993e-02,0.0001,3.2609,0,1,194,1150,80,76
854,1306,2160,0.39537,0.902,6.610919e+03,1.003890e-02,0.0001,3.2646,0,1,16,1149,80,76
855,1305,2160,0.395833,0.902,6.689668e+03,1.003416e-02,0.0001,3.2769,0,3,181,1148,80,76
856,1304,2160,0.396296,0.902,6.670769e+03,1.008169e-02,0.0001,3.258,0,1,6,1147,80,76
857,1303,2160,0.396759,0.9,6.747537e+03,1.030829e-02,0.0001,3.2726,0,6,141,1146,80,76
858,1302,2160,0.397222,0.901,6.804385e+03,1.013908e-02,0.0001,3.26,0,2,98,1145,80,76
859,1301,2160,0.397685,0.901,6.864642e+03,1.005749e-02,0.0001,3.2637,0,9,88,1144,80,76
860,1300,2160,0.398148,0.901,6.842558e+03,1.003189e-02,0.0001,3.2892,0,9,75,1143,80,76
861,1299,2160,0.398611,0.899,6.827005e+03,1.004992e-02,0.0001,3.2638,1,0,4,1143,79,76
862,1298,2160,0.399074,0.899,6.812421e+03,1.011725e-02,0.0001,3.2623,0,1,112,1142,79,76
863,1297,2160,0.399537,0.9,6.901326e+03,1.022876e-02,0.0001,3.2814,0,0,142,1141,79,76
864,1296,2160,0.4,0.9,6.917936e+03,1.033088e-02,0.0001,3.264,0,8,141,1140,79,76
865,1295,2160,0.400463,0.901,6.924102e+03,1.018717e-02,0.0001,3.2829,0,3,134,1139,79,76
866,1294,2160,0.400926,0.901,6.887500e+03,9.725883e-03,0.0001,3.2809,0,4,141,1138,79,76
867,1293,2160,0.401389,0.901,6.937712e+03,1.088959e-02,0.0001,3.2826,0,7,79,1137,79,76
868,1292,2160,0.401852,0.899,7.129591e+03,1.050166e-02,0.0001,3.2743,0,2,26,1136,79,76
869,1291,2160,0.402315,0.901,7.119461e+03,1.030199e-02,0.0001,3.2963,0,2,6,1135,79,76
870,1290,2160,0.402778,0.899,7.130236e+03,1.009571e-02,0.0001,3.2815,0,3,182,1134,79,76
871,1289,2160,0.403241,0.899,7.082931e+03,1.021569e-02,0.0001,3.2735,0,1,21,1133,79,76
872,1288,2160,0.403704,0.898,7.147767e+03,1.063910e-02,0.0001,3.2647,0,5,193,1132,79,76
873,1287,2160,0.404167,0.897,7.267908e+03,1.017160e-02,0.0001,3.259,0,4,193,1131,79,76
874,1286,2160,0.40463,0.897,7.366979e+03,1.043647e-02,0.0001,3.2614,0,8,32,1130,79,76
875,1285,2160,0.405093,0.897,7.386597e+03,1.038529e-02,0.0001,3.2628,1,3,9,1130,78,76
876,1284,2160,0.405556,0.897,7.326537e+03,1.056323e-02,0.0001,3.2842,0,0,2,1129,78,76
877,1283,2160,0.406019,0.897,7.342233e+03,1.041324e-02,0.0001,3.2505,0,9,25,1128,78,76
878,1282,2160,0.406481,0.898,7.284671e+03,1.056967e-02,0.0001,3.2716,0,6,42,1127,78,76
879,1281,2160,0.406944,0.897,7.369179e+03,1.082576e-02,0.0001,3.2807,0,5,70,1126,78,76
880,1280,2160,0.407407,0.899,7.458808e+03,1.067619e-02,0.0001,3.2961,0,5,56,1125,78,76
881,1279,2160,0.40787,0.898,7.575557e+03,1.049510e-02,0.0001,3.2434,0,8,96,1124,78,76
882,1278,2160,0.408333,0.897,7.563623e+03,1.044792e-02,0.0001,3.2693,0,3,138,1123,78,76
883,1277,2160,0.408796,0.896,7.523791e+03,1.085248e-02,0.0001,3.2701,0,5,123,1122,78,76
884,1276,2160,0.409259,0.895,7.661324e+03,1.062334e-02,0.0001,3.2893,0,5,154,1121,78,76
885,1275,2160,0.409722,0.897,7.851487e+03,1.056857e-02,0.0001,3.2769,0,2,87,1120,78,76
886,1274,2160,0.410185,0.899,7.891339e+03,1.048832e-02,0.0001,3.2783,0,9,137,1119,78,76
887,1273,2160,0.410648,0.898,7.850936e+03,1.043353e-02,0.0001,3.2858,0,1,154,1118,78,76
888,1272,2160,0.411111,0.896,7.882559e+03,1.033904e-02,0.0001,3.2582,0,3,32,1117,78,76
889,1271,2160,0.411574,0.896,7.849754e+03,1.060984e-02,0.0001,3.2874,0,5,185,1116,78,76
890,1270,2160,0.412037,0.896,8.053719e+03,1.059074e-02,0.0001,3.2671,0,2,178,1115,78,76
891,1269,2160,0.4125,0.896,8.102088e+03,1.138927e-02,0.0001,3.2767,0,7,93,1114,78,76
892,1268,2160,0.412963,0.9,8.251591e+03,1.074553e-02,0.0001,3.2941,0,6,140,1113,78,76
893,1267,2160,0.413426,0.899,8.326937e+03,1.076699e-02,0.0001,3.2885,0,8,38,1112,78,76
894,1266,2160,0.413889,0.898,8.314736e+03,1.061871e-02,0.0001,3.2702,0,1,185,1111,78,76
895,1265,2160,0.414352,0.9,8.334536e+03,1.091961e-02,0.0001,3.2716,0,0,31,1110,78,76
896,1264,2160,0.414815,0.901,8.332230e+03,1.075701e-02,0.0001,3.281,0,3,168,1109,78,76
897,1263,2160,0.415278,0.9,8.283016e+03,1.074096e-02,0.0001,3.2933,0,2,165,1108,78,76
898,1262,2160,0.415741,0.899,8.334096e+03,1.069968e-02,0.0001,3.2906,0,9,146,1107,78,76
899,1261,2160,0.416204,0.899,8.293924e+03,1.077238e-02,0.0001,3.2846,0,2,144,1106,78,76
900,1260,2160,0.416667,0.899,8.350169e+03,1.111024e-02,0.0001,3.2874,0,5,58,1105,78,76
901,1259,2160,0.41713,0.9,8.510849e+03,1.088973e-02,0.0001,3.2883,0,2,43,1104,78,76
902,1258,2160,0.417593,0.898,8.550338e+03,1.076984e-02,0.0001,3.2773,0,8,165,1103,78,76
903,1257,2160,0.418056,0.898,8.524940e+03,1.131822e-02,0.0001,3.2902,0,5,3,1102,78,76
904,1256,2160,0.418519,0.898,8.632340e+03,1.075175e-02,0.0001,3.258,0,1,3,1101,78,76
905,1255,2160,0.418981,0.896,8.615487e+03,1.088698e-02,0.0001,3.2855,0,3,118,1100,78,76
906,1254,2160,0.419444,0.896,8.578215e+03,1.084942e-02,0.0001,3.2833,0,9,47,1099,78,76
907,1253,2160,0.419907,0.896,8.541973e+03,1.120576e-02,0.0001,3.2808,0,4,45,1098,78,76
908,1252,2160,0.42037,0.898,8.709811e+03,1.138238e-02,0.0001,3.2885,0,4,161,1097,78,76
909,1251,2160,0.420833,0.898,8.823522e+03,1.111569e-02,0.0001,3.2848,0,0,45,1096,78,76
910,1250,2160,0.421296,0.898,8.672654e+03,1.111783e-02,0.0001,3.2936,0,1,138,1095,78,76
911,1249,2160,0.421759,0.898,8.717824e+03,1.105729e-02,0.0001,3.2721,0,5,111,1094,78,76
912,1248,2160,0.422222,0.898,8.951334e+03,1.125479e-02,0.0001,3.2872,0,0,71,1093,78,76
913,1247,2160,0.422685,0.899,8.961090e+03,1.093840e-02,0.0001,3.2953,0,3,26,1092,78,76
914,1246,2160,0.423148,0.899,8.890356e+03,1.090672e-02,0.0001,3.2836,0,3,106,1091,78,76
915,1245,2160,0.423611,0.898,8.849115e+03,1.165124e-02,0.0001,3.2811,0,7,70,1090,78,76
916,1244,2160,0.424074,0.897,9.004933e+03,1.218307e-02,0.0001,3.2915,0,7,49,1089,78,76
917,1243,2160,0.424537,0.897,9.033291e+03,1.126852e-02,0.0001,3.2861,0,9,85,1088,78,76
918,1242,2160,0.425,0.898,8.903989e+03,1.179282e-02,0.0001,3.2796,0,7,52,1087,78,76
919,1241,2160,0.425463,0.897,9.027449e+03,1.152469e-02,0.0001,3.2811,0,4,53,1086,78,76
920,1240,2160,0.425926,0.897,9.106386e+03,1.095244e-02,0.0001,3.2805,0,3,161,1085,78,76
921,1239,2160,0.426389,0.897,8.992718e+03,1.126737e-02,0.0001,3.2697,0,7,55,1084,78,76
922,1238,2160,0.426852,0.899,9.291955e+03,1.150451e-02,0.0001,3.2808,0,5,114,1083,78,76
923,1237,2160,0.427315,0.897,9.381211e+03,1.115084e-02,0.0001,3.2881,0,3,157,1082,78,76
924,1236,2160,0.427778,0.896,9.295348e+03,1.114349e-02,0.0001,3.277,0,4,9,1081,78,76
925,1235,2160,0.428241,0.896,9.489737e+03,9.406773e-03,0.0001,3.2773,0,8,9,1080,78,76
926,1234,2160,0.428704,0.897,9.360603e+03,1.093511e-02,0.0001,3.2667,0,2,86,1079,78,76
927,1233,2160,0.429167,0.898,9.412214e+03,1.108052e-02,0.0001,3.2598,0,1,165,1078,78,76
928,1232,2160,0.42963,0.899,9.482513e+03,1.121016e-02,0.0001,3.2786,0,1,191,1077,78,76
929,1231,2160,0.430093,0.898,9.566121e+03,1.114535e-02,0.0001,3.2786,0,0,190,1076,78,76
930,1230,2160,0.430556,0.899,9.654982e+03,1.140380e-02,0.0001,3.2835,0,4,70,1075,78,76
931,1229,2160,0.431019,0.9,9.844361e+03,1.135581e-02,0.0001,3.2703,0,8,176,1074,78,76
932,1228,2160,0.431481,0.902,9.850920e+03,1.176858e-02,0.0001,3.2656,0,5,110,1073,78,76
933,1227,2160,0.431944,0.902,9.927512e+03,1.120608e-02,0.0001,3.2881,0,3,53,1072,78,76
934,1226,2160,0.432407,0.902,9.830393e+03,1.106389e-02,0.0001,3.2822,0,0,176,1071,78,76
935,1225,2160,0.43287,0.9,9.785190e+03,9.780982e-03,0.0001,3.2863,0,7,176,1070,78,76
936,1224,2160,0.433333,0.9,9.900470e+03,1.142994e-02,0.0001,3.2545,0,7,110,1069,78,76
937,1223,2160,0.433796,0.901,1.006205e+04,1.113064e-02,0.0001,3.2753,0,2,156,1068,78,76
938,1222,2160,0.434259,0.899,1.003708e+04,1.106903e-02,0.0001,3.2704,0,0,192,1067,78,76
939,1221,2160,0.434722,0.901,1.009092e+04,1.110743e-02,0.0001,3.2718,0,0,26,1066,78,76
940,1220,2160,0.435185,0.902,1.016839e+04,1.106417e-02,0.0001,3.28,0,8,156,1065,78,76
941,1219,2160,0.435648,0.902,1.012885e+04,1.098040e-02,0.0001,3.2837,0,3,164,1064,78,76
942,1218,2160,0.436111,0.902,1.006983e+04,1.114054e-02,0.0001,3.2616,0,3,62,1063,78,76
943,1217,2160,0.436574,0.903,1.002923e+04,1.124186e-02,0.0001,3.2691,0,1,172,1062,78,76
944,1216,2160,0.437037,0.902,1.009999e+04,1.119949e-02,0.0001,3.2707,0,1,183,1061,78,76
945,1215,2160,0.4375,0.903,1.017150e+04,1.106189e-02,0.0001,3.2809,0,3,93,1060,78,76
946,1214,2160,0.437963,0.902,1.012987e+04,1.112457e-02,0.0001,3.2804,0,9,84,1059,78,76
947,1213,2160,0.438426,0.901,1.008850e+04,1.158984e-02,0.0001,3.2793,0,6,20,1058,78,76
948,1212,2160,0.438889,0.9,1.014444e+04,1.098169e-02,0.0001,3.2723,0,3,185,1057,78,76
949,1211,2160,0.439352,0.9,1.009590e+04,1.110034e-02,0.0001,3.2952,0,9,55,1056,78,76
950,1210,2160,0.439815,0.9,1.006419e+04,1.111802e-02,0.0001,3.288,0,2,191,1055,78,76
951,1209,2160,0.440278,0.899,1.013950e+04,1.121049e-02,0.0001,3.2775,0,5,61,1054,78,76
952,1208,2160,0.440741,0.901,1.038028e+04,1.117350e-02,0.0001,3.2797,0,9,53,1053,78,76
953,1207,2160,0.441204,0.899,1.032620e+04,1.119514e-02,0.0001,3.2777,0,2,16,1052,78,76
954,1206,2160,0.441667,0.899,1.039943e+04,1.206575e-02,0.0001,3.2806,0,7,48,1051,78,76
955,1205,2160,0.44213,0.899,1.054819e+04,1.145700e-02,0.0001,3.2837,0,3,37,1050,78,76
956,1204,2160,0.442593,0.899,1.045994e+04,1.174198e-02,0.0001,3.2859,0,0,109,1049,78,76
957,1203,2160,0.443056,0.898,1.046480e+04,1.196833e-02,0.0001,3.2754,0,5,95,1048,78,76
958,1202,2160,0.443519,0.899,1.055808e+04,1.174262e-02,0.0001,3.2881,0,0,175,1047,78,76
959,1201,2160,0.443981,0.9,1.054354e+04,1.165705e-02,0.0001,3.2913,0,4,114,1046,78,76
960,1200,2160,0.444444,0.901,1.071506e+04,1.144173e-02,0.0001,3.2877,0,2,12,1045,78,76
961,1199,2160,0.444907,0.902,1.074841e+04,1.137199e-02,0.0001,3.2896,0,3,21,1044,78,76
962,1198,2160,0.44537,0.901,1.069482e+04,1.191405e-02,0.0001,3.2706,0,5,33,1043,78,76
963,1197,2160,0.445833,0.903,1.079944e+04,1.141616e-02,0.0001,3.285,0,3,52,1042,78,76
964,1196,2160,0.446296,0.903,1.074605e+04,1.141473e-02,0.0001,3.2868,0,3,142,1041,78,76
965,1195,2160,0.446759,0.902,1.071015e+04,1.204073e-02,0.0001,3.2856,0,7,6,1040,78,76
966,1194,2160,0.447222,0.902,1.098962e+04,9.478293e-03,0.0001,3.2824,0,5,6,1039,78,76
967,1193,2160,0.447685,0.902,1.089172e+04,1.159960e-02,0.0001,3.2787,0,4,142,1038,78,76
968,1192,2160,0.448148,0.904,1.102964e+04,1.147247e-02,0.0001,3.2802,0,6,114,1037,78,76
969,1191,2160,0.448611,0.904,1.107520e+04,1.172470e-02,0.0001,3.3004,0,8,187,1036,78,76
970,1190,2160,0.449074,0.902,1.104071e+04,1.146254e-02,0.0001,3.2853,0,8,6,1035,78,76
971,1189,2160,0.449537,0.901,1.099565e+04,1.163035e-02,0.0001,3.2859,0,4,147,1034,78,76
972,1188,2160,0.45,0.901,1.119781e+04,1.171026e-02,0.0001,3.3057,0,1,24,1033,78,76
973,1187,2160,0.450463,0.898,1.126377e+04,1.185890e-02,0.0001,3.2821,0,8,23,1032,78,76
974,1186,2160,0.450926,0.898,1.127561e+04,1.230399e-02,0.0001,3.2947,0,5,148,1031,78,76
975,1185,2160,0.451389,0.902,1.139894e+04,1.190745e-02,0.0001,3.2823,0,8,14,1030,78,76
976,1184,2160,0.451852,0.902,1.138923e+04,1.181306e-02,0.0001,3.2803,0,5,147,1029,78,76
977,1183,2160,0.452315,0.901,1.149958e+04,1.243319e-02,0.0001,3.2908,0,4,117,1028,78,76
978,1182,2160,0.452778,0.901,1.159179e+04,1.217308e-02,0.0001,3.2796,0,1,135,1027,78,76
979,1181,2160,0.453241,0.901,1.159941e+04,1.180369e-02,0.0001,3.2946,0,2,14,1026,78,76
980,1180,2160,0.453704,0.902,1.154654e+04,1.239399e-02,0.0001,3.2748,0,6,71,1025,78,76
981,1179,2160,0.454167,0.901,1.155625e+04,1.236174e-02,0.0001,3.289,0,4,134,1024,78,76
982,1178,2160,0.45463,0.902,1.167441e+04,1.238238e-02,0.0001,3.2907,0,4,170,1023,78,76
983,1177,2160,0.455093,0.902,1.181153e+04,1.204304e-02,0.0001,3.289,0,0,97,1022,78,76
984,1176,2160,0.455556,0.903,1.188210e+04,1.235177e-02,0.0001,3.2782,0,6,7,1021,78,76
985,1175,2160,0.456019,0.902,1.192901e+04,1.197887e-02,0.0001,3.2855,0,2,117,1020,78,76
986,1174,2160,0.456481,0.901,1.192528e+04,1.198092e-02,0.0001,3.2798,0,1,175,1019,78,76
987,1173,2160,0.456944,0.901,1.197958e+04,1.183196e-02,0.0001,3.2859,0,3,22,1018,78,76
988,1172,2160,0.457407,0.901,1.191890e+04,1.185156e-02,0.0001,3.2975,0,8,98,1017,78,76
989,1171,2160,0.45787,0.901,1.196341e+04,1.137758e-02,0.0001,3.2892,0,7,98,1016,78,76
990,1170,2160,0.458333,0.901,1.232893e+04,1.190488e-02,0.0001,3.2905,0,0,7,1015,78,76
991,1169,2160,0.458796,0.902,1.232370e+04,1.220414e-02,0.0001,3.2867,0,5,175,1014,78,76
992,1168,2160,0.459259,0.901,1.242438e+04,1.213239e-02,0.0001,3.3012,0,0,44,1013,78,76
993,1167,2160,0.459722,0.902,1.243190e+04,1.182532e-02,0.0001,3.2665,0,2,19,1012,78,76
994,1166,2160,0.460185,0.902,1.247066e+04,1.208021e-02,0.0001,3.3113,0,4,73,1011,78,76
995,1165,2160,0.460648,0.903,1.267583e+04,1.237953e-02,0.0001,3.3037,0,0,88,1010,78,76
996,1164,2160,0.461111,0.901,1.265661e+04,1.211070e-02,0.0001,3.2999,0,1,182,1009,78,76
997,1163,2160,0.461574,0.902,1.273160e+04,1.192141e-02,0.0001,3.3047,0,1,73,1008,78,76
998,1162,2160,0.462037,0.901,1.276871e+04,1.186300e-02,0.0001,3.2859,0,3,24,1007,78,76
999,1161,2160,0.4625,0.901,1.271360e+04,1.186674e-02,0.0001,3.2795,1,7,0,1007,77,76
1000,1160,2160,0.462963,0.902,1.266292e+04,1.209595e-02,0.0001,3.2865,0,8,63,1006,77,76
1001,1159,2160,0.463426,0.901,1.267566e+04,1.255566e-02,0.0001,3.2959,0,6,127,1005,77,76
1002,1158,2160,0.463889,0.9,1.270224e+04,1.203692e-02,0.0001,3.2664,0,9,16,1004,77,76
1003,1157,2160,0.464352,0.9,1.263931e+04,1.200885e-02,0.0001,3.2993,0,2,52,1003,77,76
1004,1156,2160,0.464815,0.9,1.271519e+04,1.206352e-02,0.0001,3.2864,0,3,174,1002,77,76
1005,1155,2160,0.465278,0.9,1.268553e+04,1.222426e-02,0.0001,3.2937,0,0,66,1001,77,76
1006,1154,2160,0.465741,0.9,1.279979e+04,1.220346e-02,0.0001,3.2909,0,2,105,1000,77,76
1007,1153,2160,0.466204,0.902,1.284072e+04,1.300440e-02,0.0001,3.3057,0,7,105,999,77,76
1008,1152,2160,0.466667,0.899,1.292977e+04,1.238639e-02,0.0001,3.2935,0,8,167,998,77,76
1009,1151,2160,0.46713,0.898,1.288696e+04,1.189567e-02,0.0001,3.2977,0,0,105,997,77,76
1010,1150,2160,0.467593,0.899,1.283438e+04,1.278396e-02,0.0001,3.2869,0,4,36,996,77,76
1011,1149,2160,0.468056,0.898,1.295106e+04,1.238648e-02,0.0001,3.2857,0,4,26,995,77,76
1012,1148,2160,0.468519,0.898,1.320316e+04,1.474880e-02,0.0001,3.2938,2,3,9,995,77,75
1013,1147,2160,0.468981,0.901,1.331016e+04,1.286210e-02,0.0001,3.2935,0,4,8,994,77,75
1014,1146,2160,0.469444,0.9,1.343895e+04,1.277848e-02,0.0001,3.2893,0,5,5,993,77,75
1015,1145,2160,0.469907,0.899,1.360655e+04,1.215068e-02,0.0001,2.5061,0,3,183,992,77,75
1016,1144,2160,0.47037,0.899,1.348933e+04,1.316397e-02,0.0001,3.2808,2,8,9,992,77,74
1017,1143,2160,0.470833,0.899,1.349468e+04,1.282123e-02,0.0001,3.2921,0,4,63,991,77,74
1018,1142,2160,0.471296,0.898,1.360327e+04,1.285011e-02,0.0001,3.2915,0,6,81,990,77,74
1019,1141,2160,0.471759,0.898,1.362856e+04,1.245098e-02,0.0001,3.2841,2,1,0,990,77,73
1020,1140,2160,0.472222,0.898,1.349239e+04,1.239370e-02,0.0001,3.2763,0,2,35,989,77,73
1021,1139,2160,0.472685,0.899,1.352286e+04,1.228667e-02,0.0001,3.2804,0,8,1,988,77,73
1022,1138,2160,0.473148,0.899,1.357030e+04,1.184107e-02,0.0001,3.2746,0,0,5,987,77,73
1023,1137,2160,0.473611,0.899,1.356889e+04,1.242601e-02,0.0001,3.2927,0,1,171,986,77,73
1024,1136,2160,0.474074,0.899,1.362670e+04,1.234246e-02,0.0001,3.2878,0,8,18,985,77,73
1025,1135,2160,0.474537,0.9,1.364888e+04,1.239543e-02,0.0001,3.2995,0,3,175,984,77,73
1026,1134,2160,0.475,0.9,1.357715e+04,1.253554e-02,0.0001,3.283,0,0,42,983,77,73
1027,1133,2160,0.475463,0.899,1.366864e+04,1.242615e-02,0.0001,3.2982,0,2,58,982,77,73
1028,1132,2160,0.475926,0.899,1.371510e+04,1.236640e-02,0.0001,3.2888,0,3,34,981,77,73
1029,1131,2160,0.476389,0.899,1.366262e+04,1.230953e-02,0.0001,3.2825,0,3,132,980,77,73
1030,1130,2160,0.476852,0.899,1.362708e+04,1.289031e-02,0.0001,3.2748,0,4,31,979,77,73
1031,1129,2160,0.477315,0.899,1.378724e+04,1.199767e-02,0.0001,3.2823,0,8,5,978,77,73
1032,1128,2160,0.477778,0.898,1.375472e+04,1.320393e-02,0.0001,3.2907,1,2,6,978,76,73
1033,1127,2160,0.478241,0.897,1.375591e+04,1.257833e-02,0.0001,3.2853,0,8,8,977,76,73
1034,1126,2160,0.478704,0.897,1.378060e+04,1.261850e-02,0.0001,3.287,2,1,2,977,76,72
1035,1125,2160,0.479167,0.897,1.373843e+04,1.255070e-02,0.0001,3.2847,0,9,24,976,76,72
1036,1124,2160,0.47963,0.897,1.368663e+04,1.311527e-02,0.0001,3.2846,0,5,169,975,76,72
1037,1123,2160,0.480093,0.897,1.392248e+04,1.100668e-02,0.0001,3.2927,0,7,169,974,76,72
1038,1122,2160,0.480556,0.895,1.404239e+04,1.267843e-02,0.0001,3.2893,0,9,155,973,76,72
1039,1121,2160,0.481019,0.896,1.400899e+04,1.301493e-02,0.0001,3.2973,0,0,171,972,76,72
1040,1120,2160,0.481481,0.897,1.403196e+04,1.307398e-02,0.0001,3.2868,0,8,64,971,76,72
1041,1119,2160,0.481944,0.895,1.405098e+04,1.297628e-02,0.0001,3.2983,0,9,30,970,76,72
1042,1118,2160,0.482407,0.895,1.397831e+04,1.366619e-02,0.0001,3.2843,0,5,17,969,76,72
1043,1117,2160,0.48287,0.896,1.417448e+04,1.278233e-02,0.0001,3.2921,0,7,17,968,76,72
1044,1116,2160,0.483333,0.897,1.441431e+04,1.344170e-02,0.0001,3.2812,0,0,186,967,76,72
1045,1115,2160,0.483796,0.895,1.445156e+04,1.308353e-02,0.0001,3.2912,1,0,9,967,75,72
1046,1114,2160,0.484259,0.895,1.436826e+04,1.343982e-02,0.0001,3.2894,0,7,186,966,75,72
1047,1113,2160,0.484722,0.896,1.454224e+04,1.325370e-02,0.0001,3.2755,0,2,90,965,75,72
1048,1112,2160,0.485185,0.894,1.455672e+04,1.402781e-02,0.0001,3.2797,2,2,1,965,75,71
1049,1111,2160,0.485648,0.894,1.449854e+04,1.238948e-02,0.0001,3.2852,0,3,90,964,75,71
1050,1110,2160,0.486111,0.893,1.441277e+04,1.331294e-02,0.0001,3.309,0,4,10,963,75,71
1051,1109,2160,0.486574,0.895,1.471073e+04,1.073115e-02,0.0001,3.2751,0,7,10,962,75,71
1052,1108,2160,0.487037,0.893,1.468528e+04,1.323739e-02,0.0001,3.286,0,9,136,961,75,71
1053,1107,2160,0.4875,0.892,1.457807e+04,1.385823e-02,0.0001,3.2938,0,5,115,960,75,71
1054,1106,2160,0.487963,0.893,1.474438e+04,1.384076e-02,0.0001,3.287,0,6,128,959,75,71
1055,1105,2160,0.488426,0.892,1.477469e+04,1.339228e-02,0.0001,3.2855,0,5,168,958,75,71
1056,1104,2160,0.488889,0.892,1.515008e+04,1.325498e-02,0.0001,3.2911,0,1,17,957,75,71
1057,1103,2160,0.489352,0.892,1.524406e+04,1.383577e-02,0.0001,3.2893,0,5,62,956,75,71
1058,1102,2160,0.489815,0.893,1.542477e+04,1.248540e-02,0.0001,1.5975,0,6,17,955,75,71
1059,1101,2160,0.490278,0.892,1.557325e+04,1.317662e-02,0.0001,3.2811,0,5,1,954,75,71
1060,1100,2160,0.490741,0.893,1.600460e+04,1.379083e-02,0.0001,3.2884,0,4,175,953,75,71
1061,1099,2160,0.491204,0.891,1.620034e+04,1.361263e-02,0.0001,3.2933,1,8,8,953,74,71
1062,1098,2160,0.491667,0.892,1.617151e+04,1.382798e-02,0.0001,3.2867,0,5,174,952,74,71
1063,1097,2160,0.49213,0.893,1.631007e+04,1.341497e-02,0.0001,3.2979,0,9,19,951,74,71
1064,1096,2160,0.492593,0.893,1.621364e+04,1.360612e-02,0.0001,3.2683,0,1,159,950,74,71
1065,1095,2160,0.493056,0.893,1.633075e+04,1.479962e-02,0.0001,3.2915,0,7,67,949,74,71
1066,1094,2160,0.493519,0.894,1.650623e+04,1.376404e-02,0.0001,3.2777,0,9,13,948,74,71
1067,1093,2160,0.493981,0.893,1.634623e+04,1.364381e-02,0.0001,3.2882,0,2,23,947,74,71
1068,1092,2160,0.494444,0.893,1.640144e+04,1.440645e-02,0.0001,3.2886,0,5,36,946,74,71
1069,1091,2160,0.494907,0.893,1.655381e+04,1.416278e-02,0.0001,3.2817,0,4,74,945,74,71
1070,1090,2160,0.49537,0.893,1.676622e+04,1.425777e-02,0.0001,3.2867,0,0,35,944,74,71
1071,1089,2160,0.495833,0.891,1.674588e+04,1.414771e-02,0.0001,3.292,0,0,159,943,74,71
1072,1088,2160,0.496296,0.893,1.667780e+04,1.432901e-02,0.0001,3.2895,0,6,110,942,74,71
1073,1087,2160,0.496759,0.892,1.675089e+04,1.473589e-02,0.0001,3.2834,0,5,50,941,74,71
1074,1086,2160,0.497222,0.894,1.680893e+04,1.393393e-02,0.0001,3.281,0,9,21,940,74,71
1075,1085,2160,0.497685,0.893,1.666179e+04,1.397236e-02,0.0001,3.2752,0,0,67,939,74,71
1076,1084,2160,0.498148,0.893,1.666871e+04,1.428032e-02,0.0001,3.2887,0,5,52,938,74,71
1077,1083,2160,0.498611,0.893,1.684608e+04,1.476804e-02,0.0001,3.2867,0,5,113,937,74,71
1078,1082,2160,0.499074,0.891,1.695732e+04,1.468151e-02,0.0001,3.2805,0,7,29,936,74,71
1079,1081,2160,0.499537,0.891,1.736209e+04,1.432819e-02,0.0001,3.3034,0,7,113,935,74,71
1080,1080,2160,0.5,0.892,1.759537e+04,1.476011e-02,0.0001,3.2885,0,7,167,934,74,71
1081,1079,2160,0.500463,0.892,1.793018e+04,1.426456e-02,0.0001,3.303,0,2,126,933,74,71
1082,1078,2160,0.500926,0.892,1.788472e+04,1.365173e-02,0.0001,3.303,0,1,126,932,74,71
1083,1077,2160,0.501389,0.892,1.781179e+04,1.294164e-02,0.0001,3.2948,0,6,113,931,74,71
1084,1076,2160,0.501852,0.891,1.786983e+04,1.444874e-02,0.0001,3.2846,0,5,103,930,74,71
1085,1075,2160,0.502315,0.892,1.801207e+04,1.392289e-02,0.0001,3.2894,0,3,75,929,74,71
1086,1074,2160,0.502778,0.892,1.788411e+04,1.411919e-02,0.0001,3.291,0,6,126,928,74,71
1087,1073,2160,0.503241,0.892,1.782331e+04,1.371922e-02,0.0001,3.2915,0,2,110,927,74,71
1088,1072,2160,0.503704,0.893,1.787118e+04,1.424589e-02,0.0001,3.2848,0,7,73,926,74,71
1089,1071,2160,0.504167,0.893,1.833802e+04,1.451280e-02,0.0001,3.2722,0,6,44,925,74,71
1090,1070,2160,0.50463,0.892,1.831105e+04,1.469952e-02,0.0001,3.3036,0,7,139,924,74,71
1091,1069,2160,0.505093,0.891,1.867896e+04,1.506100e-02,0.0001,3.2964,0,7,100,923,74,71
1092,1068,2160,0.505556,0.891,1.884365e+04,1.431113e-02,0.0001,3.2782,0,1,86,922,74,71
1093,1067,2160,0.506019,0.892,1.882121e+04,1.388913e-02,0.0001,3.2908,0,1,18,921,74,71
1094,1066,2160,0.506481,0.891,1.891026e+04,1.428967e-02,0.0001,3.2871,0,4,119,920,74,71
1095,1065,2160,0.506944,0.892,1.912216e+04,1.551504e-02,0.0001,3.2956,0,7,39,919,74,71
1096,1064,2160,0.507407,0.892,1.923417e+04,1.532664e-02,0.0001,3.2873,0,7,72,918,74,71
1097,1063,2160,0.50787,0.892,1.941491e+04,1.474410e-02,0.0001,3.2956,0,4,118,917,74,71
1098,1062,2160,0.508333,0.892,1.940536e+04,1.396432e-02,0.0001,3.2882,0,3,146,916,74,71
1099,1061,2160,0.508796,0.892,1.922989e+04,1.405309e-02,0.0001,3.2963,0,2,167,915,74,71
1100,1060,2160,0.509259,0.892,1.924988e+04,1.429044e-02,0.0001,3.2753,0,8,144,914,74,71
1101,1059,2160,0.509722,0.891,1.921900e+04,1.410226e-02,0.0001,3.2881,0,8,113,913,74,71
1102,1058,2160,0.510185,0.891,1.924921e+04,1.413681e-02,0.0001,3.2934,0,2,38,912,74,71
1103,1057,2160,0.510648,0.891,1.930450e+04,1.488203e-02,0.0001,3.2947,1,5,4,912,73,71
1104,1056,2160,0.511111,0.891,1.925282e+04,1.475269e-02,0.0001,3.2745,0,7,46,911,73,71
1105,1055,2160,0.511574,0.892,1.972012e+04,1.486750e-02,0.0001,3.287,0,6,189,910,73,71
1106,1054,2160,0.512037,0.891,1.972520e+04,1.476508e-02,0.0001,3.2747,0,0,64,909,73,71
1107,1053,2160,0.5125,0.892,1.975092e+04,1.429772e-02,0.0001,3.2844,2,0,0,909,73,70
1108,1052,2160,0.512963,0.892,1.962553e+04,1.414704e-02,0.0001,3.2965,0,3,115,908,73,70
1109,1051,2160,0.513426,0.892,1.953985e+04,1.476963e-02,0.0001,3.2906,0,6,172,907,73,70
1110,1050,2160,0.513889,0.892,1.957132e+04,1.425169e-02,0.0001,3.2917,0,1,153,906,73,70
1111,1049,2160,0.514352,0.892,1.969312e+04,1.406499e-02,0.0001,3.2763,0,8,61,905,73,70
1112,1048,2160,0.514815,0.891,1.977570e+04,1.411114e-02,0.0001,3.286,0,9,161,904,73,70
1113,1047,2160,0.515278,0.894,1.971182e+04,1.412895e-02,0.0001,3.2859,0,6,153,903,73,70
1114,1046,2160,0.515741,0.894,1.996251e+04,1.406360e-02,0.0001,3.2744,0,3,50,902,73,70
1115,1045,2160,0.516204,0.894,1.990773e+04,1.404731e-02,0.0001,3.2678,0,8,175,901,73,70
1116,1044,2160,0.516667,0.892,1.998118e+04,1.381189e-02,0.0001,3.3016,0,3,105,900,73,70
1117,1043,2160,0.51713,0.892,1.991996e+04,1.397323e-02,0.0001,3.2931,0,8,115,899,73,70
1118,1042,2160,0.517593,0.892,1.994525e+04,1.414689e-02,0.0001,3.2951,0,6,70,898,73,70
1119,1041,2160,0.518056,0.892,2.019384e+04,1.459794e-02,0.0001,3.2861,0,4,112,897,73,70
1120,1040,2160,0.518519,0.891,2.054816e+04,1.496248e-02,0.0001,3.2799,0,6,31,896,73,70
1121,1039,2160,0.518981,0.89,2.054664e+04,1.428972e-02,0.0001,3.2931,0,2,186,895,73,70
1122,1038,2160,0.519444,0.89,2.059043e+04,1.443980e-02,0.0001,3.3022,0,4,115,894,73,70
1123,1037,2160,0.519907,0.89,2.072189e+04,1.465129e-02,0.0001,3.2833,0,0,3,893,73,70
1124,1036,2160,0.52037,0.89,2.079524e+04,1.479873e-02,0.0001,3.3017,0,6,11,892,73,70
1125,1035,2160,0.520833,0.89,2.093357e+04,1.092715e-02,0.0001,3.2852,0,5,11,891,73,70
1126,1034,2160,0.521296,0.89,2.090170e+04,1.474605e-02,0.0001,3.304,0,6,94,890,73,70
1127,1033,2160,0.521759,0.889,2.100573e+04,1.472927e-02,0.0001,3.2961,1,2,5,890,72,70
1128,1032,2160,0.522222,0.89,2.101604e+04,1.478388e-02,0.0001,3.2875,0,4,44,889,72,70
1129,1031,2160,0.522685,0.89,2.124502e+04,1.426284e-02,0.0001,3.2961,0,3,64,888,72,70
1130,1030,2160,0.523148,0.891,2.109681e+04,1.473816e-02,0.0001,3.2864,0,4,3,887,72,70
1131,1029,2160,0.523611,0.889,2.126646e+04,1.485844e-02,0.0001,3.2975,0,4,23,886,72,70
1132,1028,2160,0.524074,0.891,2.142029e+04,1.423542e-02,0.0001,3.2848,0,0,194,885,72,70
1133,1027,2160,0.524537,0.89,2.163475e+04,1.415823e-02,0.0001,3.2861,0,9,38,884,72,70
1134,1026,2160,0.525,0.889,2.154485e+04,1.487225e-02,0.0001,3.2975,0,4,173,883,72,70
1135,1025,2160,0.525463,0.887,2.177238e+04,1.426556e-02,0.0001,3.2919,0,8,123,882,72,70
1136,1024,2160,0.525926,0.887,2.177010e+04,1.421946e-02,0.0001,3.2826,0,8,68,881,72,70
1137,1023,2160,0.526389,0.886,2.179215e+04,1.486344e-02,0.0001,3.2938,0,4,34,880,72,70
1138,1022,2160,0.526852,0.886,2.194830e+04,1.432503e-02,0.0001,3.3027,0,7,4,879,72,70
1139,1021,2160,0.527315,0.887,2.267450e+04,1.431577e-02,0.0001,3.2904,0,1,166,878,72,70
1140,1020,2160,0.527778,0.888,2.274740e+04,1.416251e-02,0.0001,3.2866,0,8,7,877,72,70
1141,1019,2160,0.528241,0.886,2.279043e+04,1.418711e-02,0.0001,3.3019,0,2,37,876,72,70
1142,1018,2160,0.528704,0.885,2.284858e+04,1.550062e-02,0.0001,3.2986,0,7,45,875,72,70
1143,1017,2160,0.529167,0.886,2.308421e+04,1.512245e-02,0.0001,3.3038,0,6,121,874,72,70
1144,1016,2160,0.52963,0.888,2.300252e+04,1.404492e-02,0.0001,3.284,0,8,173,873,72,70
1145,1015,2160,0.530093,0.887,2.292503e+04,1.448056e-02,0.0001,3.2984,0,6,166,872,72,70
1146,1014,2160,0.530556,0.888,2.305217e+04,1.505666e-02,0.0001,3.315,0,5,121,871,72,70
1147,1013,2160,0.531019,0.887,2.326344e+04,1.483952e-02,0.0001,3.3089,0,5,133,870,72,70
1148,1012,2160,0.531481,0.886,2.355523e+04,1.437528e-02,0.0001,3.2968,0,2,177,869,72,70
1149,1011,2160,0.531944,0.885,2.353368e+04,1.407313e-02,0.0001,3.3033,0,3,42,868,72,70
1150,1010,2160,0.532407,0.886,2.344644e+04,1.401287e-02,0.0001,3.2947,0,0,60,867,72,70
1151,1009,2160,0.53287,0.887,2.362109e+04,1.410433e-02,0.0001,3.3037,0,2,3,866,72,70
1152,1008,2160,0.533333,0.886,2.370100e+04,1.408299e-02,0.0001,3.2828,0,5,41,865,72,70
1153,1007,2160,0.533796,0.886,2.427471e+04,1.530253e-02,0.0001,3.3072,0,5,144,864,72,70
1154,1006,2160,0.534259,0.883,2.444218e+04,1.575291e-02,0.0001,3.2824,0,7,104,863,72,70
1155,1005,2160,0.534722,0.886,2.448735e+04,1.361552e-02,0.0001,3.2837,0,8,104,862,72,70
1156,1004,2160,0.535185,0.89,2.432535e+04,1.410835e-02,0.0001,3.2709,0,3,59,861,72,70
1157,1003,2160,0.535648,0.891,2.425999e+04,1.422403e-02,0.0001,3.2882,0,1,143,860,72,70
1158,1002,2160,0.536111,0.89,2.437099e+04,1.412083e-02,0.0001,3.2922,0,1,55,859,72,70
1159,1001,2160,0.536574,0.89,2.451473e+04,1.437961e-02,0.0001,3.2818,0,5,179,858,72,70
1160,1000,2160,0.537037,0.89,2.509845e+04,1.551960e-02,0.0001,3.3,0,7,126,857,72,70
1161,999,2160,0.5375,0.89,2.555558e+04,1.432300e-02,0.0001,3.2982,0,3,179,856,72,70
1162,998,2160,0.537963,0.889,2.533559e+04,1.259237e-02,0.0001,3.2949,0,5,126,855,72,70
1163,997,2160,0.538426,0.889,2.549270e+04,1.506219e-02,0.0001,3.278,0,4,130,854,72,70
1164,996,2160,0.538889,0.889,2.570499e+04,1.448021e-02,0.0001,3.2875,0,2,130,853,72,70
1165,995,2160,0.539352,0.889,2.561304e+04,1.438228e-02,0.0001,3.293,0,3,122,852,72,70
1166,994,2160,0.539815,0.889,2.552296e+04,1.440305e-02,0.0001,3.2915,0,1,45,851,72,70
1167,993,2160,0.540278,0.888,2.562577e+04,1.391355e-02,0.0001,3.2937,0,8,130,850,72,70
1168,992,2160,0.540741,0.888,2.551576e+04,1.432315e-02,0.0001,3.2985,0,2,162,849,72,70
1169,991,2160,0.541204,0.886,2.562178e+04,1.430078e-02,0.0001,3.277,0,9,22,848,72,70
1170,990,2160,0.541667,0.888,2.556146e+04,1.572988e-02,0.0001,3.293,0,7,162,847,72,70
1171,989,2160,0.54213,0.886,2.571968e+04,1.462765e-02,0.0001,3.3047,0,5,8,846,72,70
1172,988,2160,0.542593,0.886,2.631922e+04,1.458392e-02,0.0001,3.2882,0,4,154,845,72,70
1173,987,2160,0.543056,0.885,2.692256e+04,1.571410e-02,0.0001,3.2821,0,7,181,844,72,70
1174,986,2160,0.543519,0.885,2.733094e+04,1.497115e-02,0.0001,3.2993,0,2,143,843,72,70
1175,985,2160,0.543981,0.886,2.728233e+04,1.483056e-02,0.0001,3.3011,0,1,77,842,72,70
1176,984,2160,0.544444,0.885,2.738340e+04,1.449964e-02,0.0001,3.2942,0,1,56,841,72,70
1177,983,2160,0.544907,0.886,2.753926e+04,1.426496e-02,0.0001,3.2859,0,2,154,840,72,70
1178,982,2160,0.54537,0.886,2.758642e+04,1.542364e-02,0.0001,3.2985,0,5,39,839,72,70
1179,981,2160,0.545833,0.887,2.786356e+04,1.486111e-02,0.0001,3.2983,0,2,20,838,72,70
1180,980,2160,0.546296,0.887,2.788611e+04,1.552319e-02,0.0001,3.2902,0,4,143,837,72,70
1181,979,2160,0.546759,0.886,2.798446e+04,1.482320e-02,0.0001,3.3052,0,9,135,836,72,70
1182,978,2160,0.547222,0.885,2.783178e+04,1.580205e-02,0.0001,3.304,0,4,174,835,72,70
1183,977,2160,0.547685,0.885,2.803930e+04,1.545085e-02,0.0001,3.3083,1,6,4,835,71,70
1184,976,2160,0.548148,0.88,2.798641e+04,1.627103e-02,0.0001,3.2889,0,7,171,834,71,70
1185,975,2160,0.548611,0.884,2.810383e+04,1.645364e-02,0.0001,3.3022,0,7,129,833,71,70
1186,974,2160,0.549074,0.885,2.830394e+04,1.270526e-02,0.0001,3.2886,0,0,129,832,71,70
1187,973,2160,0.549537,0.885,2.803654e+04,1.499984e-02,0.0001,3.2812,0,2,49,831,71,70
1188,972,2160,0.55,0.884,2.808590e+04,1.428026e-02,0.0001,3.3014,0,1,129,830,71,70
1189,971,2160,0.550463,0.885,2.800355e+04,1.531115e-02,0.0001,3.2773,0,4,85,829,71,70
1190,970,2160,0.550926,0.882,2.846386e+04,1.582363e-02,0.0001,3.2954,0,5,166,828,71,70
1191,969,2160,0.551389,0.88,2.894380e+04,1.360373e-02,0.0001,3.2899,0,5,85,827,71,70
1192,968,2160,0.551852,0.883,2.915643e+04,1.499993e-02,0.0001,3.294,0,0,166,826,71,70
1193,967,2160,0.552315,0.882,2.905831e+04,1.521261e-02,0.0001,3.3031,0,1,106,825,71,70
1194,966,2160,0.552778,0.88,2.921313e+04,1.506022e-02,0.0001,3.2946,0,2,28,824,71,70
1195,965,2160,0.553241,0.882,2.938407e+04,1.519136e-02,0.0001,3.2983,0,8,37,823,71,70
1196,964,2160,0.553704,0.88,2.944536e+04,1.670384e-02,0.0001,3.2938,0,7,23,822,71,70
1197,963,2160,0.554167,0.88,2.969187e+04,1.565172e-02,0.0001,3.2915,0,0,37,821,71,70
1198,962,2160,0.55463,0.882,2.952238e+04,1.513488e-02,0.0001,3.2945,0,2,51,820,71,70
1199,961,2160,0.555093,0.88,2.959566e+04,1.514292e-02,0.0001,3.2848,0,9,188,819,71,70
1200,960,2160,0.555556,0.88,2.950486e+04,1.644815e-02,0.0001,3.2858,0,7,157,818,71,70
1201,959,2160,0.556019,0.88,2.994521e+04,1.548122e-02,0.0001,3.3068,0,9,33,817,71,70
1202,958,2160,0.556481,0.879,2.972247e+04,1.514578e-02,0.0001,3.2924,0,2,166,816,71,70
1203,957,2160,0.556944,0.88,2.981578e+04,1.583551e-02,0.0001,3.3124,1,8,5,816,70,70
1204,956,2160,0.557407,0.878,2.989955e+04,1.630744e-02,0.0001,3.2954,0,7,119,815,70,70
1205,955,2160,0.55787,0.872,3.010500e+04,1.660567e-02,0.0001,3.2927,0,5,178,814,70,70
1206,954,2160,0.558333,0.877,3.036850e+04,1.605091e-02,0.0001,3.3028,0,6,79,813,70,70
1207,953,2160,0.558796,0.872,3.067984e+04,1.558443e-02,0.0001,3.3119,0,9,145,812,70,70
1208,952,2160,0.559259,0.874,3.050907e+04,1.529778e-02,0.0001,3.2864,0,6,178,811,70,70
1209,951,2160,0.559722,0.875,3.057842e+04,1.674689e-02,0.0001,3.2841,0,5,124,810,70,70
1210,950,2160,0.560185,0.873,3.073143e+04,1.549297e-02,0.0001,3.2771,0,3,145,809,70,70
1211,949,2160,0.560648,0.873,3.062194e+04,1.580982e-02,0.0001,3.2996,0,4,57,808,70,70
1212,948,2160,0.561111,0.871,3.132862e+04,1.644912e-02,0.0001,3.2821,0,4,124,807,70,70
1213,947,2160,0.561574,0.873,3.172665e+04,1.600437e-02,0.0001,3.2877,0,3,69,806,70,70
1214,946,2160,0.562037,0.875,3.160631e+04,1.590161e-02,0.0001,3.2811,0,3,119,805,70,70
1215,945,2160,0.5625,0.873,3.147174e+04,1.689198e-02,0.0001,3.3044,0,4,90,804,70,70
1216,944,2160,0.562963,0.873,3.169776e+04,1.694247e-02,0.0001,3.2997,0,7,124,803,70,70
1217,943,2160,0.563426,0.873,3.193118e+04,1.719698e-02,0.0001,3.2909,0,6,190,802,70,70
1218,942,2160,0.563889,0.873,3.198310e+04,1.652644e-02,0.0001,3.2901,0,2,33,801,70,70
1219,941,2160,0.564352,0.872,3.186801e+04,1.628726e-02,0.0001,3.2935,0,8,122,800,70,70
1220,940,2160,0.564815,0.871,3.179473e+04,1.602596e-02,0.0001,3.3001,0,0,16,799,70,70
1221,939,2160,0.565278,0.871,3.207813e+04,1.598885e-02,0.0001,3.3055,0,1,9,798,70,70
1222,938,2160,0.565741,0.872,3.224663e+04,1.603667e-02,0.0001,3.299,0,7,180,797,70,70
1223,937,2160,0.566204,0.874,3.328233e+04,1.638517e-02,0.0001,3.2829,0,4,122,796,70,70
1224,936,2160,0.566667,0.871,3.343319e+04,1.707955e-02,0.0001,3.2937,0,4,109,795,70,70
1225,935,2160,0.56713,0.873,3.370383e+04,1.618471e-02,0.0001,3.2937,0,9,94,794,70,70
1226,934,2160,0.567593,0.873,3.350013e+04,1.721716e-02,0.0001,3.2983,0,5,100,793,70,70
1227,933,2160,0.568056,0.873,3.393479e+04,1.644766e-02,0.0001,3.2918,0,9,28,792,70,70
1228,932,2160,0.568519,0.87,3.365555e+04,1.631376e-02,0.0001,3.2979,0,2,157,791,70,70
1229,931,2160,0.568981,0.873,3.372428e+04,1.645167e-02,0.0001,3.3092,0,8,87,790,70,70
1230,930,2160,0.569444,0.872,3.373966e+04,1.647045e-02,0.0001,3.2984,0,2,108,789,70,70
1231,929,2160,0.569907,0.869,3.382169e+04,1.763796e-02,0.0001,3.2941,0,5,173,788,70,70
1232,928,2160,0.57037,0.871,3.416105e+04,1.661848e-02,0.0001,3.2915,0,3,65,787,70,70
1233,927,2160,0.570833,0.871,3.398757e+04,1.641077e-02,0.0001,3.3069,1,7,4,787,69,70
1234,926,2160,0.571296,0.871,3.387959e+04,1.688484e-02,0.0001,3.3054,0,0,106,786,69,70
1235,925,2160,0.571759,0.869,3.390625e+04,1.691252e-02,0.0001,3.2903,0,5,106,785,69,70
1236,924,2160,0.572222,0.87,3.395686e+04,1.634542e-02,0.0001,3.2955,0,3,104,784,69,70
1237,923,2160,0.572685,0.868,3.387836e+04,1.637437e-02,0.0001,3.2832,0,8,31,783,69,70
1238,922,2160,0.573148,0.867,3.401554e+04,1.823118e-02,0.0001,3.3088,0,7,80,782,69,70
1239,921,2160,0.573611,0.866,3.420372e+04,1.639695e-02,0.0001,3.2936,0,1,108,781,69,70
1240,920,2160,0.574074,0.869,3.425324e+04,1.739044e-02,0.0001,3.3001,0,5,109,780,69,70
1241,919,2160,0.574537,0.87,3.455064e+04,1.851748e-02,0.0001,3.2937,0,7,145,779,69,70
1242,918,2160,0.575,0.872,3.452578e+04,1.644382e-02,0.0001,3.2981,0,6,191,778,69,70
1243,917,2160,0.575463,0.871,3.512756e+04,1.598414e-02,0.0001,3.29,0,3,190,777,69,70
1244,916,2160,0.575926,0.871,3.500262e+04,1.766650e-02,0.0001,3.3013,0,5,65,776,69,70
1245,915,2160,0.576389,0.87,3.526776e+04,1.698487e-02,0.0001,3.3026,0,0,20,775,69,70
1246,914,2160,0.576852,0.869,3.527988e+04,1.790468e-02,0.0001,3.2867,0,5,134,774,69,70
1247,913,2160,0.577315,0.871,3.541707e+04,1.640051e-02,0.0001,3.2852,0,0,10,773,69,70
1248,912,2160,0.577778,0.871,3.579860e+04,1.631342e-02,0.0001,3.3009,0,8,120,772,69,70
1249,911,2160,0.578241,0.871,3.590017e+04,1.626127e-02,0.0001,3.281,0,3,77,771,69,70
1250,910,2160,0.578704,0.871,3.583673e+04,1.744804e-02,0.0001,3.2958,0,6,63,770,69,70
1251,909,2160,0.579167,0.872,3.591992e+04,1.653073e-02,0.0001,3.2985,0,8,76,769,69,70
1252,908,2160,0.57963,0.87,3.596655e+04,1.617153e-02,0.0001,3.2875,0,8,109,768,69,70
1253,907,2160,0.580093,0.869,3.603323e+04,1.603902e-02,0.0001,3.2927,0,2,120,767,69,70
1254,906,2160,0.580556,0.874,3.602684e+04,1.746365e-02,0.0001,3.2903,0,7,71,766,69,70
1255,905,2160,0.581019,0.872,3.661337e+04,1.664492e-02,0.0001,3.3059,0,9,127,765,69,70
1256,904,2160,0.581481,0.873,3.630605e+04,1.654013e-02,0.0001,3.311,0,4,66,764,69,70
1257,903,2160,0.581944,0.869,3.693241e+04,1.646420e-02,0.0001,3.2823,0,9,95,763,69,70
1258,902,2160,0.582407,0.871,3.673430e+04,1.632543e-02,0.0001,3.2853,0,9,37,762,69,70
1259,901,2160,0.58287,0.872,3.658398e+04,1.750663e-02,0.0001,3.3023,0,6,86,761,69,70
1260,900,2160,0.583333,0.874,3.668902e+04,1.815302e-02,0.0001,3.3068,0,7,87,760,69,70
1261,899,2160,0.583796,0.875,3.672645e+04,1.701176e-02,0.0001,3.2989,0,0,63,759,69,70
1262,898,2160,0.584259,0.876,3.669759e+04,1.614716e-02,0.0001,3.3004,0,1,66,758,69,70
1263,897,2160,0.584722,0.881,3.685521e+04,1.647826e-02,0.0001,3.2961,0,9,183,757,69,70
1264,896,2160,0.585185,0.88,3.677677e+04,1.833814e-02,0.0001,3.2977,0,5,107,756,69,70
1265,895,2160,0.585648,0.88,3.709539e+04,1.701160e-02,0.0001,3.3084,0,3,19,755,69,70
1266,894,2160,0.586111,0.88,3.697651e+04,1.686908e-02,0.0001,3.2866,0,9,93,754,69,70
1267,893,2160,0.586574,0.879,3.689159e+04,1.760151e-02,0.0001,3.2985,0,6,18,753,69,70
1268,892,2160,0.587037,0.877,3.738740e+04,1.872903e-02,0.0001,3.2848,1,5,2,753,68,70
1269,891,2160,0.5875,0.877,3.741638e+04,1.813559e-02,0.0001,3.3036,0,6,125,752,68,70
1270,890,2160,0.587963,0.877,3.757605e+04,1.693683e-02,0.0001,3.2924,0,9,60,751,68,70
1271,889,2160,0.588426,0.877,3.740327e+04,1.707664e-02,0.0001,3.3069,0,7,125,750,68,70
1272,888,2160,0.588889,0.878,3.784842e+04,1.648179e-02,0.0001,3.3079,0,2,125,749,68,70
1273,887,2160,0.589352,0.88,3.766110e+04,1.640116e-02,0.0001,3.3082,1,7,2,749,67,70
1274,886,2160,0.589815,0.877,3.757076e+04,1.693206e-02,0.0001,3.3094,0,9,129,748,67,70
1275,885,2160,0.590278,0.876,3.751020e+04,1.694979e-02,0.0001,3.3004,0,3,94,747,67,70
1276,884,2160,0.590741,0.875,3.753562e+04,1.713987e-02,0.0001,3.2951,0,6,12,746,67,70
1277,883,2160,0.591204,0.876,3.845498e+04,1.815997e-02,0.0001,3.2892,0,6,40,745,67,70
1278,882,2160,0.591667,0.875,3.883263e+04,1.879577e-02,0.0001,3.2941,0,6,165,744,67,70
1279,881,2160,0.59213,0.875,3.891604e+04,1.668988e-02,0.0001,3.2938,0,1,40,743,67,70
1280,880,2160,0.592593,0.874,3.898853e+04,1.807431e-02,0.0001,3.3058,0,5,165,742,67,70
1281,879,2160,0.593056,0.876,3.947556e+04,1.761636e-02,0.0001,3.2937,0,1,152,741,67,70
1282,878,2160,0.593519,0.876,3.953279e+04,1.737056e-02,0.0001,3.2826,0,9,18,740,67,70
1283,877,2160,0.593981,0.876,3.940808e+04,1.732267e-02,0.0001,3.2698,2,7,7,740,67,69
1284,876,2160,0.594444,0.876,3.932182e+04,1.795679e-02,0.0001,3.3114,0,0,122,739,67,69
1285,875,2160,0.594907,0.878,3.948253e+04,1.897166e-02,0.0001,3.303,0,5,128,738,67,69
1286,874,2160,0.59537,0.876,3.979545e+04,1.756217e-02,0.0001,3.2981,0,1,74,737,67,69
1287,873,2160,0.595833,0.876,3.997428e+04,1.835865e-02,0.0001,3.3028,0,4,127,736,67,69
1288,872,2160,0.596296,0.873,4.045054e+04,1.754206e-02,0.0001,3.2959,0,9,139,735,67,69
1289,871,2160,0.596759,0.873,4.029992e+04,1.757382e-02,0.0001,3.2901,0,5,83,734,67,69
1290,870,2160,0.597222,0.873,4.148131e+04,1.755168e-02,0.0001,3.3012,0,1,11,733,67,69
1291,869,2160,0.597685,0.874,4.172891e+04,1.965128e-02,0.0001,3.2885,0,7,187,732,67,69
1292,868,2160,0.598148,0.874,4.197836e+04,1.660853e-02,0.0001,3.3033,0,0,187,731,67,69
1293,867,2160,0.598611,0.872,4.178270e+04,1.920938e-02,0.0001,3.2888,0,5,37,730,67,69
1294,866,2160,0.599074,0.874,4.204316e+04,1.576737e-02,0.0001,3.3027,0,6,37,729,67,69
1295,865,2160,0.599537,0.875,4.195852e+04,1.756354e-02,0.0001,3.31,0,7,13,728,67,69
1296,864,2160,0.6,0.874,4.341048e+04,1.748950e-02,0.0001,3.2935,0,5,155,727,67,69
1297,863,2160,0.600463,0.875,4.458476e+04,1.626506e-02,0.0001,3.3014,0,1,155,726,67,69
1298,862,2160,0.600926,0.875,4.445501e+04,1.750831e-02,0.0001,3.3028,0,1,151,725,67,69
1299,861,2160,0.601389,0.874,4.468797e+04,1.762048e-02,0.0001,3.2942,0,2,128,724,67,69
1300,860,2160,0.601852,0.875,4.483255e+04,1.977833e-02,0.0001,3.2966,0,7,156,723,67,69
1301,859,2160,0.602315,0.874,4.500587e+04,1.783427e-02,0.0001,3.2979,0,2,95,722,67,69
1302,858,2160,0.602778,0.874,4.510464e+04,1.738819e-02,0.0001,3.305,0,3,95,721,67,69
1303,857,2160,0.603241,0.873,4.490869e+04,1.775572e-02,0.0001,3.29,0,2,189,720,67,69
1304,856,2160,0.603704,0.873,4.509933e+04,1.794775e-02,0.0001,3.3061,0,8,184,719,67,69
1305,855,2160,0.604167,0.874,4.521107e+04,1.774453e-02,0.0001,3.3039,0,1,142,718,67,69
1306,854,2160,0.60463,0.873,4.546709e+04,1.736318e-02,0.0001,3.2912,0,1,156,717,67,69
1307,853,2160,0.605093,0.873,4.556987e+04,1.712329e-02,0.0001,3.2937,0,2,151,716,67,69
1308,852,2160,0.605556,0.875,4.563734e+04,1.765415e-02,0.0001,3.2955,1,3,7,716,66,69
1309,851,2160,0.606019,0.875,4.555046e+04,1.748072e-02,0.0001,3.2922,0,3,63,715,66,69
1310,850,2160,0.606481,0.874,4.549351e+04,1.814763e-02,0.0001,3.3031,0,0,127,714,66,69
1311,849,2160,0.606944,0.874,4.560216e+04,1.773741e-02,0.0001,3.2976,0,3,155,713,66,69
1312,848,2160,0.607407,0.873,4.562793e+04,1.869527e-02,0.0001,3.2995,0,7,182,712,66,69
1313,847,2160,0.60787,0.873,4.669732e+04,1.156120e-02,0.0001,3.3147,0,0,182,711,66,69
1314,846,2160,0.608333,0.873,4.616814e+04,1.768963e-02,0.0001,3.2844,0,9,48,710,66,69
1315,845,2160,0.608796,0.874,4.613219e+04,1.841508e-02,0.0001,3.3045,0,7,142,709,66,69
1316,844,2160,0.609259,0.874,4.744815e+04,1.822807e-02,0.0001,3.2924,0,8,111,708,66,69
1317,843,2160,0.609722,0.872,4.759151e+04,1.809070e-02,0.0001,3.2997,0,3,193,707,66,69
1318,842,2160,0.610185,0.876,4.748879e+04,1.818263e-02,0.0001,3.3032,0,1,188,706,66,69
1319,841,2160,0.610648,0.873,4.763451e+04,2.025271e-02,0.0001,3.3068,0,7,122,705,66,69
1320,840,2160,0.611111,0.873,4.787345e+04,1.813648e-02,0.0001,3.2944,0,9,174,704,66,69
1321,839,2160,0.611574,0.876,4.763450e+04,2.004667e-02,0.0001,3.3089,0,7,106,703,66,69
1322,838,2160,0.612037,0.875,4.785675e+04,2.025860e-02,0.0001,3.3101,0,7,116,702,66,69
1323,837,2160,0.6125,0.875,4.782384e+04,1.996732e-02,0.0001,3.2932,0,5,21,701,66,69
1324,836,2160,0.612963,0.874,4.793050e+04,1.730542e-02,0.0001,3.29,0,4,21,700,66,69
1325,835,2160,0.613426,0.87,4.815561e+04,2.037880e-02,0.0001,3.2949,0,7,159,699,66,69
1326,834,2160,0.613889,0.871,4.822561e+04,1.912007e-02,0.0001,3.2986,2,5,5,699,66,68
1327,833,2160,0.614352,0.873,4.825504e+04,1.803816e-02,0.0001,3.3018,0,8,41,698,66,68
1328,832,2160,0.614815,0.875,4.835723e+04,1.830909e-02,0.0001,3.2972,2,8,5,698,66,67
1329,831,2160,0.615278,0.873,4.832217e+04,1.799370e-02,0.0001,3.2981,0,8,15,697,66,67
1330,830,2160,0.615741,0.872,4.854649e+04,1.960169e-02,0.0001,3.3,0,6,19,696,66,67
1331,829,2160,0.616204,0.875,4.865358e+04,1.827202e-02,0.0001,3.3004,0,2,161,695,66,67
1332,828,2160,0.616667,0.875,4.872136e+04,1.839185e-02,0.0001,3.2762,1,2,1,695,65,67
1333,827,2160,0.61713,0.874,4.875460e+04,1.900960e-02,0.0001,3.3051,0,0,183,694,65,67
1334,826,2160,0.617593,0.874,4.891506e+04,1.833996e-02,0.0001,3.2898,0,9,128,693,65,67
1335,825,2160,0.618056,0.873,4.879311e+04,1.946595e-02,0.0001,3.2959,0,7,21,692,65,67
1336,824,2160,0.618519,0.871,4.956822e+04,1.895610e-02,0.0001,3.3042,2,6,0,692,65,66
1337,823,2160,0.618981,0.871,4.915963e+04,1.868948e-02,0.0001,3.2964,0,9,59,691,65,66
1338,822,2160,0.619444,0.871,4.895927e+04,1.845642e-02,0.0001,3.2951,0,9,58,690,65,66
1339,821,2160,0.619907,0.872,4.883117e+04,1.950246e-02,0.0001,3.3019,0,0,30,689,65,66
1340,820,2160,0.62037,0.87,4.906309e+04,1.788295e-02,0.0001,3.2999,0,1,30,688,65,66
1341,819,2160,0.620833,0.871,4.906887e+04,1.861740e-02,0.0001,3.3005,0,9,148,687,65,66
1342,818,2160,0.621296,0.87,4.895624e+04,1.966200e-02,0.0001,3.2994,0,6,24,686,65,66
1343,817,2160,0.621759,0.869,4.971300e+04,2.077332e-02,0.0001,3.2966,0,5,183,685,65,66
1344,816,2160,0.622222,0.868,4.993094e+04,1.893656e-02,0.0001,3.2938,0,2,46,684,65,66
1345,815,2160,0.622685,0.867,5.009210e+04,1.874358e-02,0.0001,3.2912,0,6,183,683,65,66
1346,814,2160,0.623148,0.869,5.018329e+04,1.909743e-02,0.0001,3.2879,0,8,132,682,65,66
1347,813,2160,0.623611,0.868,5.026325e+04,1.720789e-02,0.0001,3.3041,0,7,183,681,65,66
1348,812,2160,0.624074,0.87,5.130111e+04,2.118700e-02,0.0001,3.3126,0,7,95,680,65,66
1349,811,2160,0.624537,0.869,5.152379e+04,2.080186e-02,0.0001,3.3007,0,7,30,679,65,66
1350,810,2160,0.625,0.87,5.208166e+04,2.004130e-02,0.0001,3.2932,0,4,99,678,65,66
1351,809,2160,0.625463,0.87,5.279181e+04,1.947291e-02,0.0001,3.2907,0,8,57,677,65,66
1352,808,2160,0.625926,0.867,5.304809e+04,1.945312e-02,0.0001,3.2942,0,1,170,676,65,66
1353,807,2160,0.626389,0.868,5.325809e+04,1.917690e-02,0.0001,3.2831,0,8,30,675,65,66
1354,806,2160,0.626852,0.868,5.325010e+04,2.033720e-02,0.0001,3.3063,0,6,58,674,65,66
1355,805,2160,0.627315,0.867,5.394330e+04,1.974619e-02,0.0001,3.2827,0,1,173,673,65,66
1356,804,2160,0.627778,0.869,5.411397e+04,2.199661e-02,0.0001,3.2924,0,7,88,672,65,66
1357,803,2160,0.628241,0.87,5.422806e+04,1.954122e-02,0.0001,3.3025,0,1,109,671,65,66
1358,802,2160,0.628704,0.871,5.445044e+04,2.160999e-02,0.0001,3.2922,0,5,138,670,65,66
1359,801,2160,0.629167,0.872,5.481627e+04,2.063242e-02,0.0001,3.3082,0,0,158,669,65,66
1360,800,2160,0.62963,0.872,5.488686e+04,1.969398e-02,0.0001,3.2942,0,8,192,668,65,66
1361,799,2160,0.630093,0.871,5.526728e+04,1.924258e-02,0.0001,3.2906,0,1,88,667,65,66
1362,798,2160,0.630556,0.874,5.533897e+04,1.956839e-02,0.0001,3.2987,0,2,96,666,65,66
1363,797,2160,0.631019,0.874,5.553647e+04,2.179730e-02,0.0001,3.2985,0,7,128,665,65,66
1364,796,2160,0.631481,0.871,5.585979e+04,1.380082e-02,0.0001,3.3088,0,4,128,664,65,66
1365,795,2160,0.631944,0.872,5.550845e+04,1.850666e-02,0.0001,3.2969,0,1,96,663,65,66
1366,794,2160,0.632407,0.873,5.559685e+04,1.969947e-02,0.0001,3.2943,2,7,2,663,65,65
1367,793,2160,0.63287,0.874,5.556386e+04,2.020788e-02,0.0001,3.2913,0,8,102,662,65,65
1368,792,2160,0.633333,0.874,5.569341e+04,2.117298e-02,0.0001,3.308,0,7,141,661,65,65
1369,791,2160,0.633796,0.868,5.695763e+04,2.093209e-02,0.0001,3.2914,0,0,82,660,65,65
1370,790,2160,0.634259,0.868,5.710662e+04,2.157379e-02,0.0001,3.2943,0,7,0,659,65,65
1371,789,2160,0.634722,0.872,5.819683e+04,1.955283e-02,0.0001,3.3045,0,4,0,658,65,65
1372,788,2160,0.635185,0.87,5.792147e+04,2.069181e-02,0.0001,3.3054,0,0,19,657,65,65
1373,787,2160,0.635648,0.87,5.825139e+04,2.127560e-02,0.0001,3.3016,0,4,158,656,65,65
1374,786,2160,0.636111,0.871,5.878340e+04,2.026788e-02,0.0001,3.2862,0,2,168,655,65,65
1375,785,2160,0.636574,0.87,5.896291e+04,1.874011e-02,0.0001,3.2945,0,4,168,654,65,65
1376,784,2160,0.637037,0.871,5.974091e+04,2.074442e-02,0.0001,3.3082,0,5,158,653,65,65
1377,783,2160,0.6375,0.87,6.047654e+04,2.042567e-02,0.0001,3.2992,0,1,145,652,65,65
1378,782,2160,0.637963,0.873,6.055060e+04,2.096163e-02,0.0001,3.2998,0,6,145,651,65,65
1379,781,2160,0.638426,0.871,6.063462e+04,2.228928e-02,0.0001,3.2937,0,7,151,650,65,65
1380,780,2160,0.638889,0.871,6.070821e+04,2.038672e-02,0.0001,3.2825,0,2,93,649,65,65
1381,779,2160,0.639352,0.874,6.085013e+04,2.044416e-02,0.0001,3.3064,0,1,123,648,65,65
1382,778,2160,0.639815,0.875,6.120928e+04,2.097225e-02,0.0001,3.3025,0,8,107,647,65,65
1383,777,2160,0.640278,0.877,6.138181e+04,2.049520e-02,0.0001,3.2975,0,9,54,646,65,65
1384,776,2160,0.640741,0.878,6.121108e+04,2.046924e-02,0.0001,3.2926,0,1,5,645,65,65
1385,775,2160,0.641204,0.878,6.161849e+04,2.123724e-02,0.0001,3.301,0,0,79,644,65,65
1386,774,2160,0.641667,0.875,6.211545e+04,2.188539e-02,0.0001,3.2878,0,4,152,643,65,65
1387,773,2160,0.64213,0.877,6.249495e+04,1.859861e-02,0.0001,3.2901,0,3,152,642,65,65
1388,772,2160,0.642593,0.876,6.193569e+04,2.144103e-02,0.0001,3.3033,0,0,77,641,65,65
1389,771,2160,0.643056,0.873,6.200241e+04,2.256887e-02,0.0001,3.2911,0,7,193,640,65,65
1390,770,2160,0.643519,0.871,6.300583e+04,2.145130e-02,0.0001,3.3088,0,8,67,639,65,65
1391,769,2160,0.643981,0.87,6.303433e+04,2.133707e-02,0.0001,3.295,0,5,181,638,65,65
1392,768,2160,0.644444,0.876,6.446154e+04,2.101881e-02,0.0001,3.299,0,3,102,637,65,65
1393,767,2160,0.644907,0.875,6.420085e+04,2.072382e-02,0.0001,3.2944,1,6,9,637,64,65
1394,766,2160,0.64537,0.869,6.395809e+04,2.065015e-02,0.0001,3.2933,0,0,125,636,64,65
1395,765,2160,0.645833,0.866,6.484363e+04,2.075216e-02,0.0001,3.2865,0,9,158,635,64,65
1396,764,2160,0.646296,0.865,6.472558e+04,2.184345e-02,0.0001,3.2847,0,4,151,634,64,65
1397,763,2160,0.646759,0.869,6.534132e+04,2.186405e-02,0.0001,3.298,0,4,67,633,64,65
1398,762,2160,0.647222,0.866,6.596520e+04,2.112226e-02,0.0001,3.2894,0,2,118,632,64,65
1399,761,2160,0.647685,0.863,6.603345e+04,2.104894e-02,0.0001,3.29,0,1,161,631,64,65
1400,760,2160,0.648148,0.866,6.624859e+04,2.354161e-02,0.0001,3.2864,0,7,101,630,64,65
1401,759,2160,0.648611,0.867,6.640869e+04,2.273436e-02,0.0001,3.2916,0,5,45,629,64,65
1402,758,2160,0.649074,0.869,6.706705e+04,2.120155e-02,0.0001,3.2884,0,3,110,628,64,65
1403,757,2160,0.649537,0.868,6.670613e+04,2.075969e-02,0.0001,3.3018,0,6,45,627,64,65
1404,756,2160,0.65,0.867,6.742695e+04,2.065497e-02,0.0001,3.2924,0,2,185,626,64,65
1405,755,2160,0.650463,0.863,6.766504e+04,2.111593e-02,0.0001,3.2945,0,4,178,625,64,65
1406,754,2160,0.650926,0.862,6.897172e+04,2.102508e-02,0.0001,3.3029,0,9,162,624,64,65
1407,753,2160,0.651389,0.865,6.876249e+04,2.180216e-02,0.0001,3.3003,0,8,69,623,64,65
1408,752,2160,0.651852,0.865,6.903503e+04,1.934574e-02,0.0001,3.2975,0,0,69,622,64,65
1409,751,2160,0.652315,0.865,6.875071e+04,2.193611e-02,0.0001,3.2863,0,0,32,621,64,65
1410,750,2160,0.652778,0.867,6.904515e+04,2.225071e-02,0.0001,3.2832,0,4,156,620,64,65
1411,749,2160,0.653241,0.869,6.966817e+04,2.294556e-02,0.0001,3.2774,0,6,118,619,64,65
1412,748,2160,0.653704,0.867,6.957284e+04,2.140972e-02,0.0001,3.2993,0,2,187,618,64,65
1413,747,2160,0.654167,0.865,6.973017e+04,2.143858e-02,0.0001,3.2938,0,0,185,617,64,65
1414,746,2160,0.65463,0.87,7.068627e+04,2.132173e-02,0.0001,3.3006,0,9,10,616,64,65
1415,745,2160,0.655093,0.871,7.053635e+04,2.250573e-02,0.0001,3.2958,0,4,144,615,64,65
1416,744,2160,0.655556,0.866,7.125443e+04,2.356957e-02,0.0001,3.2917,0,6,163,614,64,65
1417,743,2160,0.656019,0.867,7.122685e+04,2.157807e-02,0.0001,3.2857,0,3,163,613,64,65
1418,742,2160,0.656481,0.866,7.118610e+04,2.346309e-02,0.0001,3.2853,0,5,164,612,64,65
1419,741,2160,0.656944,0.871,7.178693e+04,2.183356e-02,0.0001,3.2798,2,9,2,612,64,64
1420,740,2160,0.657407,0.868,7.145618e+04,2.109875e-02,0.0001,0.3246,0,9,157,611,64,64
1421,739,2160,0.65787,0.868,7.144377e+04,2.157759e-02,0.0001,3.2983,1,5,9,611,63,64
1422,738,2160,0.658333,0.861,7.123576e+04,2.152196e-02,0.0001,3.2893,1,0,0,611,62,64
1423,737,2160,0.658796,0.861,7.109688e+04,2.183465e-02,0.0001,3.2873,0,1,71,610,62,64
1424,736,2160,0.659259,0.863,7.150227e+04,2.173228e-02,0.0001,3.2988,0,9,35,609,62,64
1425,735,2160,0.659722,0.864,7.138096e+04,2.387296e-02,0.0001,3.2999,0,6,105,608,62,64
1426,734,2160,0.660185,0.862,7.183512e+04,2.418449e-02,0.0001,3.284,0,6,107,607,62,64
1427,733,2160,0.660648,0.862,7.231162e+04,2.232194e-02,0.0001,3.2961,0,9,103,606,62,64
1428,732,2160,0.661111,0.859,7.189712e+04,2.213646e-02,0.0001,3.3011,0,6,29,605,62,64
1429,731,2160,0.661574,0.856,7.374016e+04,2.212942e-02,0.0001,3.3073,0,3,125,604,62,64
1430,730,2160,0.662037,0.856,7.384909e+04,2.222889e-02,0.0001,3.2908,0,9,187,603,62,64
1431,729,2160,0.6625,0.854,7.377294e+04,2.438483e-02,0.0001,3.3017,0,5,75,602,62,64
1432,728,2160,0.662963,0.857,7.431364e+04,2.320939e-02,0.0001,3.2995,0,0,76,601,62,64
1433,727,2160,0.663426,0.858,7.448662e+04,2.460390e-02,0.0001,3.3045,0,7,144,600,62,64
1434,726,2160,0.663889,0.861,7.575336e+04,2.300412e-02,0.0001,3.3056,0,7,56,599,62,64
1435,725,2160,0.664352,0.861,7.795860e+04,2.240484e-02,0.0001,3.3026,1,9,3,599,61,64
1436,724,2160,0.664815,0.862,7.779247e+04,2.443712e-02,0.0001,3.3099,0,5,152,598,61,64
1437,723,2160,0.665278,0.86,7.823672e+04,2.238919e-02,0.0001,3.3073,0,8,66,597,61,64
1438,722,2160,0.665741,0.861,7.882223e+04,2.222663e-02,0.0001,3.307,0,0,153,596,61,64
1439,721,2160,0.666204,0.861,7.997304e+04,2.241255e-02,0.0001,3.3043,0,3,39,595,61,64
1440,720,2160,0.666667,0.86,7.997089e+04,2.356771e-02,0.0001,3.2878,0,0,130,594,61,64
1441,719,2160,0.66713,0.863,8.026588e+04,2.256333e-02,0.0001,3.2964,0,3,92,593,61,64
1442,718,2160,0.667593,0.866,8.020915e+04,2.281054e-02,0.0001,3.2943,0,1,89,592,61,64
1443,717,2160,0.668056,0.861,8.056300e+04,2.271561e-02,0.0001,3.298,0,1,49,591,61,64
1444,716,2160,0.668519,0.858,8.090539e+04,2.260862e-02,0.0001,3.2855,0,3,45,590,61,64
1445,715,2160,0.668981,0.86,8.081199e+04,2.254898e-02,0.0001,3.2941,0,9,115,589,61,64
1446,714,2160,0.669444,0.86,8.067790e+04,2.601547e-02,0.0001,3.3122,0,7,36,588,61,64
1447,713,2160,0.669907,0.862,8.109311e+04,2.266897e-02,0.0001,3.3031,0,2,36,587,61,64
1448,712,2160,0.67037,0.864,8.119504e+04,2.474742e-02,0.0001,3.3007,0,7,81,586,61,64
1449,711,2160,0.670833,0.867,8.289534e+04,2.379830e-02,0.0001,3.2914,0,5,112,585,61,64
1450,710,2160,0.671296,0.871,8.440504e+04,2.205802e-02,0.0001,3.2987,0,2,112,584,61,64
1451,709,2160,0.671759,0.872,8.410579e+04,2.286499e-02,0.0001,3.2976,0,2,71,583,61,64
1452,708,2160,0.672222,0.87,8.429842e+04,2.315694e-02,0.0001,3.3061,0,1,102,582,61,64
1453,707,2160,0.672685,0.867,8.458587e+04,2.574695e-02,0.0001,3.3036,0,7,170,581,61,64
1454,706,2160,0.673148,0.867,8.550632e+04,2.356547e-02,0.0002,3.293,0,9,72,580,61,64
1455,705,2160,0.673611,0.868,8.491990e+04,2.318231e-02,0.0001,3.3026,0,9,5,579,61,64
1456,704,2160,0.674074,0.869,8.469900e+04,2.327332e-02,0.0001,3.2839,0,2,190,578,61,64
1457,703,2160,0.674537,0.868,8.511903e+04,2.321089e-02,0.0001,3.2968,0,4,71,577,61,64
1458,702,2160,0.675,0.868,8.679013e+04,2.342063e-02,0.0001,3.2987,0,4,27,576,61,64
1459,701,2160,0.675463,0.868,8.844787e+04,2.122232e-02,0.0001,3.3105,0,1,27,575,61,64
1460,700,2160,0.675926,0.871,8.827515e+04,2.265798e-02,0.0001,3.2986,0,4,192,574,61,64
1461,699,2160,0.676389,0.865,9.002095e+04,2.317142e-02,0.0001,3.2926,0,1,37,573,61,64
1462,698,2160,0.676852,0.868,9.057293e+04,2.419704e-02,0.0001,3.2991,0,4,116,572,61,64
1463,697,2160,0.677315,0.868,9.142294e+04,2.355147e-02,0.0001,3.3059,0,2,99,571,61,64
1464,696,2160,0.677778,0.87,9.170019e+04,2.327724e-02,0.0001,3.2981,1,0,7,571,60,64
1465,695,2160,0.678241,0.87,9.150228e+04,2.215574e-02,0.0001,3.2932,0,1,99,570,60,64
1466,694,2160,0.678704,0.868,9.165739e+04,2.307622e-02,0.0001,3.2931,0,1,140,569,60,64
1467,693,2160,0.679167,0.872,9.227379e+04,2.308539e-02,0.0001,3.2899,2,1,7,569,60,63
1468,692,2160,0.67963,0.872,9.218970e+04,2.332117e-02,0.0001,3.3048,0,2,64,568,60,63
1469,691,2160,0.680093,0.873,9.258141e+04,2.398498e-02,0.0001,3.2872,0,8,93,567,60,63
1470,690,2160,0.680556,0.878,9.312688e+04,2.434729e-02,0.0001,3.2871,0,8,174,566,60,63
1471,689,2160,0.681019,0.878,9.334068e+04,2.448609e-02,0.0001,3.2911,0,4,77,565,60,63
1472,688,2160,0.681481,0.876,9.390687e+04,2.331554e-02,0.0001,3.2937,0,3,176,564,60,63
1473,687,2160,0.681944,0.875,9.379688e+04,2.359426e-02,0.0001,3.2873,0,1,14,563,60,63
1474,686,2160,0.682407,0.873,9.414978e+04,2.344571e-02,0.0001,3.2986,0,1,186,562,60,63
1475,685,2160,0.68287,0.875,9.453749e+04,2.620632e-02,0.0001,3.287,0,7,62,561,60,63
1476,684,2160,0.683333,0.871,9.530037e+04,1.560585e-02,0.0001,3.2848,0,6,62,560,60,63
1477,683,2160,0.683796,0.871,9.476967e+04,2.550933e-02,0.0001,3.297,0,6,64,559,60,63
1478,682,2160,0.684259,0.871,9.500350e+04,2.139894e-02,0.0001,3.298,0,7,64,558,60,63
1479,681,2160,0.684722,0.865,9.560821e+04,2.442785e-02,0.0001,3.2965,0,6,14,557,60,63
1480,680,2160,0.685185,0.863,9.676785e+04,1.815243e-02,0.0001,3.2977,0,4,14,556,60,63
1481,679,2160,0.685648,0.867,9.633603e+04,2.341198e-02,0.0001,3.2678,0,8,131,555,60,63
1482,678,2160,0.686111,0.868,9.646446e+04,2.375915e-02,0.0001,3.2824,0,5,186,554,60,63
1483,677,2160,0.686574,0.866,9.801615e+04,2.338733e-02,0.0001,3.2815,0,1,100,553,60,63
1484,676,2160,0.687037,0.865,9.828729e+04,2.284628e-02,0.0001,3.2991,0,1,38,552,60,63
1485,675,2160,0.6875,0.866,9.871199e+04,2.300897e-02,0.0001,3.2983,0,0,110,551,60,63
1486,674,2160,0.687963,0.865,9.984525e+04,2.344314e-02,0.0001,3.2942,0,1,157,550,60,63
1487,673,2160,0.688426,0.863,1.002411e+05,2.346153e-02,0.0001,3.2809,0,7,7,549,60,63
1488,672,2160,0.688889,0.865,1.030361e+05,2.535875e-02,0.0001,3.2887,0,5,31,548,60,63
1489,671,2160,0.689352,0.864,1.036867e+05,2.515251e-02,0.0001,3.3033,0,0,131,547,60,63
1490,670,2160,0.689815,0.862,1.037000e+05,2.277863e-02,0.0001,3.3,0,1,131,546,60,63
1491,669,2160,0.690278,0.865,1.036873e+05,2.576487e-02,0.0001,3.2908,0,5,22,545,60,63
1492,668,2160,0.690741,0.867,1.044275e+05,2.071922e-02,0.0001,3.307,0,4,22,544,60,63
1493,667,2160,0.691204,0.869,1.044481e+05,2.337343e-02,0.0001,3.2951,0,1,179,543,60,63
1494,666,2160,0.691667,0.871,1.047897e+05,2.417362e-02,0.0001,3.2929,0,1,33,542,60,63
1495,665,2160,0.69213,0.872,1.051077e+05,2.506658e-02,0.0001,3.3027,0,4,149,541,60,63
1496,664,2160,0.692593,0.868,1.057513e+05,2.402802e-02,0.0001,3.3023,0,4,55,540,60,63
1497,663,2160,0.693056,0.867,1.074318e+05,2.603867e-02,0.0001,3.2939,0,5,117,539,60,63
1498,662,2160,0.693519,0.862,1.077498e+05,2.614987e-02,0.0001,3.3025,0,5,23,538,60,63
1499,661,2160,0.693981,0.865,1.083851e+05,2.754664e-02,0.0001,3.2991,0,7,163,537,60,63
1500,660,2160,0.694444,0.865,1.083011e+05,1.773957e-02,0.0001,3.2948,0,8,163,536,60,63
1501,659,2160,0.694907,0.864,1.077897e+05,2.666009e-02,0.0001,3.3072,0,7,149,535,60,63
1502,658,2160,0.69537,0.864,1.076862e+05,2.501036e-02,0.0001,3.3046,0,8,90,534,60,63
1503,657,2160,0.695833,0.863,1.076970e+05,2.506512e-02,0.0001,3.3151,0,4,35,533,60,63
1504,656,2160,0.696296,0.865,1.084590e+05,2.380868e-02,0.0001,3.3023,1,7,7,533,59,63
1505,655,2160,0.696759,0.864,1.082376e+05,2.413179e-02,0.0001,3.2957,0,0,90,532,59,63
1506,654,2160,0.697222,0.867,1.081659e+05,2.678246e-02,0.0001,3.2947,0,6,43,531,59,63
1507,653,2160,0.697685,0.865,1.086436e+05,2.288761e-02,0.0001,3.2983,0,1,43,530,59,63
1508,652,2160,0.698148,0.866,1.084489e+05,2.383078e-02,0.0001,3.3064,0,2,114,529,59,63
1509,651,2160,0.698611,0.864,1.088256e+05,2.374138e-02,0.0001,3.2902,0,7,43,528,59,63
1510,650,2160,0.699074,0.861,1.117335e+05,2.597991e-02,0.0001,3.288,0,5,59,527,59,63
1511,649,2160,0.699537,0.863,1.121953e+05,2.384625e-02,0.0001,3.2948,0,9,181,526,59,63
1512,648,2160,0.7,0.863,1.120306e+05,2.682117e-02,0.0001,3.2978,0,6,188,525,59,63
1513,647,2160,0.700463,0.86,1.125073e+05,1.811017e-02,0.0001,3.3022,0,5,188,524,59,63
1514,646,2160,0.700926,0.859,1.125922e+05,2.448635e-02,0.0001,3.3113,1,2,0,524,58,63
1515,645,2160,0.701389,0.857,1.127779e+05,2.617420e-02,0.0001,3.2965,0,0,118,523,58,63
1516,644,2160,0.701852,0.86,1.131128e+05,2.678633e-02,0.0001,3.2983,0,6,72,522,58,63
1517,643,2160,0.702315,0.856,1.143589e+05,2.505130e-02,0.0001,3.2939,0,1,97,521,58,63
1518,642,2160,0.702778,0.854,1.147349e+05,2.589239e-02,0.0001,3.2912,0,8,50,520,58,63
1519,641,2160,0.703241,0.851,1.148493e+05,2.595844e-02,0.0001,3.2788,0,4,75,519,58,63
1520,640,2160,0.703704,0.849,1.157146e+05,2.494604e-02,0.0001,3.2984,0,2,163,518,58,63
1521,639,2160,0.704167,0.85,1.156826e+05,2.611044e-02,0.0001,3.2986,0,0,59,517,58,63
1522,638,2160,0.70463,0.85,1.156740e+05,2.670347e-02,0.0001,3.303,0,0,143,516,58,63
1523,637,2160,0.705093,0.85,1.156197e+05,2.421055e-02,0.0001,3.2913,0,4,59,515,58,63
1524,636,2160,0.705556,0.851,1.152464e+05,2.499282e-02,0.0001,3.3013,0,9,57,514,58,63
1525,635,2160,0.706019,0.851,1.149640e+05,2.683082e-02,0.0001,3.2894,0,6,59,513,58,63
1526,634,2160,0.706481,0.851,1.155773e+05,2.795722e-02,0.0001,3.293,0,6,54,512,58,63
1527,633,2160,0.706944,0.85,1.153832e+05,2.264116e-02,0.0001,3.2879,0,7,54,511,58,63
1528,632,2160,0.707407,0.851,1.152798e+05,2.694430e-02,0.0001,3.2899,0,5,132,510,58,63
1529,631,2160,0.70787,0.851,1.158087e+05,2.502180e-02,0.0001,3.3102,2,3,7,510,58,62
1530,630,2160,0.708333,0.852,1.155594e+05,2.419460e-02,0.0001,3.2934,0,2,59,509,58,62
1531,629,2160,0.708796,0.849,1.156002e+05,2.485422e-02,0.0001,3.3013,0,1,111,508,58,62
1532,628,2160,0.709259,0.842,1.164395e+05,2.507317e-02,0.0001,3.2993,0,1,146,507,58,62
1533,627,2160,0.709722,0.844,1.168561e+05,2.466448e-02,0.0001,3.3053,0,9,109,506,58,62
1534,626,2160,0.710185,0.842,1.167509e+05,2.504779e-02,0.0001,3.2976,0,2,181,505,58,62
1535,625,2160,0.710648,0.841,1.172934e+05,2.496709e-02,0.0001,3.294,0,1,26,504,58,62
1536,624,2160,0.711111,0.834,1.182216e+05,2.809351e-02,0.0001,3.3026,0,6,134,503,58,62
1537,623,2160,0.711574,0.834,1.188644e+05,2.178114e-02,0.0001,3.2909,0,7,134,502,58,62
1538,622,2160,0.712037,0.839,1.188870e+05,2.682463e-02,0.0001,3.2939,0,8,49,501,58,62
1539,621,2160,0.7125,0.834,1.190131e+05,2.664156e-02,0.0001,3.3021,0,8,157,500,58,62
1540,620,2160,0.712963,0.831,1.198465e+05,2.740851e-02,0.0001,3.305,0,0,54,499,58,62
1541,619,2160,0.713426,0.83,1.198899e+05,2.772069e-02,0.0001,3.2981,0,7,121,498,58,62
1542,618,2160,0.713889,0.832,1.216281e+05,1.798507e-02,0.0001,3.2983,0,4,121,497,58,62
1543,617,2160,0.714352,0.831,1.213322e+05,2.306433e-02,0.0001,3.2831,0,2,121,496,58,62
1544,616,2160,0.714815,0.83,1.216419e+05,2.763256e-02,0.0001,3.2973,1,8,6,496,57,62
1545,615,2160,0.715278,0.831,1.220287e+05,2.608785e-02,0.0001,3.2822,0,1,75,495,57,62
1546,614,2160,0.715741,0.825,1.224871e+05,2.553042e-02,0.0001,3.2801,0,9,167,494,57,62
1547,613,2160,0.716204,0.825,1.222671e+05,2.555238e-02,0.0001,3.3015,0,9,51,493,57,62
1548,612,2160,0.716667,0.822,1.221305e+05,2.733075e-02,0.0001,3.296,0,8,80,492,57,62
1549,611,2160,0.71713,0.823,1.225195e+05,2.891078e-02,0.0001,3.303,0,6,156,491,57,62
1550,610,2160,0.717593,0.821,1.234978e+05,2.865629e-02,0.0001,3.3021,0,5,20,490,57,62
1551,609,2160,0.718056,0.821,1.244444e+05,2.753140e-02,0.0001,3.2966,0,8,129,489,57,62
1552,608,2160,0.718519,0.822,1.249215e+05,2.979572e-02,0.0001,3.2902,0,7,33,488,57,62
1553,607,2160,0.718981,0.823,1.250356e+05,2.762764e-02,0.0001,3.3032,0,7,2,487,57,62
1554,606,2160,0.719444,0.824,1.273973e+05,2.038075e-02,0.0001,3.2997,0,4,2,486,57,62
1555,605,2160,0.719907,0.827,1.269904e+05,2.609673e-02,0.0001,3.3152,0,2,131,485,57,62
1556,604,2160,0.72037,0.827,1.274922e+05,2.614121e-02,0.0001,3.2995,0,2,136,484,57,62
1557,603,2160,0.720833,0.827,1.279485e+05,2.769997e-02,0.0001,3.3001,0,7,38,483,57,62
1558,602,2160,0.721296,0.827,1.305794e+05,2.682860e-02,0.0001,3.3006,0,5,42,482,57,62
1559,601,2160,0.721759,0.825,1.336489e+05,2.626267e-02,0.0001,3.294,0,9,178,481,57,62
1560,600,2160,0.722222,0.824,1.334471e+05,2.619173e-02,0.0001,3.2939,0,8,180,480,57,62
1561,599,2160,0.722685,0.829,1.351743e+05,2.524660e-02,0.0001,3.305,0,4,38,479,57,62
1562,598,2160,0.723148,0.831,1.370098e+05,2.589522e-02,0.0001,3.3123,0,9,78,478,57,62
1563,597,2160,0.723611,0.826,1.369452e+05,2.626634e-02,0.0001,3.3061,0,9,134,477,57,62
1564,596,2160,0.724074,0.827,1.368983e+05,2.659181e-02,0.0001,3.2936,0,2,1,476,57,62
1565,595,2160,0.724537,0.831,1.376698e+05,2.646763e-02,0.0001,3.2931,0,9,73,475,57,62
1566,594,2160,0.725,0.83,1.375360e+05,2.504150e-02,0.0001,3.3125,0,3,1,474,57,62
1567,593,2160,0.725463,0.829,1.371835e+05,2.788205e-02,0.0001,3.3047,0,8,136,473,57,62
1568,592,2160,0.725926,0.826,1.376356e+05,2.666490e-02,0.0002,3.2896,0,1,176,472,57,62
1569,591,2160,0.726389,0.826,1.386260e+05,2.637266e-02,0.0001,2.2976,1,5,3,472,56,62
1570,590,2160,0.726852,0.827,1.387851e+05,3.069667e-02,0.0001,3.2852,0,6,175,471,56,62
1571,589,2160,0.727315,0.829,1.395837e+05,2.805394e-02,0.0001,3.2947,0,1,124,470,56,62
1572,588,2160,0.727778,0.827,1.400038e+05,2.705114e-02,0.0001,3.2904,0,1,61,469,56,62
1573,587,2160,0.728241,0.819,1.406758e+05,2.937508e-02,0.0001,3.3037,2,4,8,469,56,61
1574,586,2160,0.728704,0.823,1.407796e+05,2.874606e-02,0.0001,3.2876,0,5,187,468,56,61
1575,585,2160,0.729167,0.821,1.428549e+05,2.774265e-02,0.0001,3.2826,0,4,46,467,56,61
1576,584,2160,0.72963,0.821,1.448951e+05,2.390757e-02,0.0001,3.2951,0,1,187,466,56,61
1577,583,2160,0.730093,0.819,1.446662e+05,2.793482e-02,0.0001,3.3051,0,7,175,465,56,61
1578,582,2160,0.730556,0.819,1.480604e+05,2.743616e-02,0.0001,3.3052,0,7,59,464,56,61
1579,581,2160,0.731019,0.818,1.517057e+05,2.742003e-02,0.0001,3.2988,0,9,132,463,56,61
1580,580,2160,0.731481,0.817,1.513469e+05,2.842082e-02,0.0001,3.3021,0,8,105,462,56,61
1581,579,2160,0.731944,0.819,1.522101e+05,2.791199e-02,0.0001,3.2861,0,0,114,461,56,61
1582,578,2160,0.732407,0.821,1.539064e+05,2.852685e-02,0.0001,3.3042,0,1,87,460,56,61
1583,577,2160,0.73287,0.821,1.541562e+05,2.894922e-02,0.0001,3.3,0,8,133,459,56,61
1584,576,2160,0.733333,0.822,1.548941e+05,3.116988e-02,0.0001,3.2933,0,6,47,458,56,61
1585,575,2160,0.733796,0.822,1.551512e+05,2.721957e-02,0.0001,3.2924,0,7,47,457,56,61
1586,574,2160,0.734259,0.821,1.549696e+05,2.836887e-02,0.0001,3.3093,0,1,122,456,56,61
1587,573,2160,0.734722,0.818,1.551868e+05,2.735804e-02,0.0001,3.3219,0,5,122,455,56,61
1588,572,2160,0.735185,0.814,1.558314e+05,2.748882e-02,0.0001,3.2948,0,3,113,454,56,61
1589,571,2160,0.735648,0.818,1.558744e+05,2.986684e-02,0.0001,3.3029,0,6,120,453,56,61
1590,570,2160,0.736111,0.811,1.582864e+05,3.011938e-02,0.0001,3.2883,0,0,47,452,56,61
1591,569,2160,0.736574,0.813,1.584483e+05,2.937765e-02,0.0001,3.2862,0,0,107,451,56,61
1592,568,2160,0.737037,0.811,1.597384e+05,2.537743e-02,0.0001,3.3007,0,1,107,450,56,61
1593,567,2160,0.7375,0.819,1.590071e+05,2.708776e-02,0.0001,3.2999,0,5,47,449,56,61
1594,566,2160,0.737963,0.82,1.617248e+05,3.148818e-02,0.0001,3.299,0,7,143,448,56,61
1595,565,2160,0.738426,0.815,1.617815e+05,3.121075e-02,0.0001,3.2912,0,7,63,447,56,61
1596,564,2160,0.738889,0.816,1.628385e+05,2.172966e-02,0.0001,3.2946,0,5,63,446,56,61
1597,563,2160,0.739352,0.815,1.627907e+05,2.935174e-02,0.0001,3.2905,0,0,146,445,56,61
1598,562,2160,0.739815,0.819,1.633129e+05,2.817656e-02,0.0001,3.2988,0,9,86,444,56,61
1599,561,2160,0.740278,0.821,1.627757e+05,2.858270e-02,0.0001,3.3116,0,0,165,443,56,61
1600,560,2160,0.740741,0.819,1.652253e+05,2.978037e-02,0.0001,3.2859,0,8,48,442,56,61
1601,559,2160,0.741204,0.816,1.656939e+05,2.920743e-02,0.0001,3.289,0,8,91,441,56,61
1602,558,2160,0.741667,0.821,1.657047e+05,2.662224e-02,0.0001,3.2999,0,4,48,440,56,61
1603,557,2160,0.74213,0.818,1.652589e+05,2.969304e-02,0.0001,3.2965,0,6,91,439,56,61
1604,556,2160,0.742593,0.82,1.649894e+05,2.904336e-02,0.0001,3.2894,0,8,106,438,56,61
1605,555,2160,0.743056,0.82,1.656031e+05,2.888781e-02,0.0001,3.2875,1,1,1,438,55,61
1606,554,2160,0.743519,0.817,1.653910e+05,3.215689e-02,0.0001,3.3051,0,6,174,437,55,61
1607,553,2160,0.743981,0.817,1.660741e+05,3.197500e-02,0.0001,3.309,0,5,172,436,55,61
1608,552,2160,0.744444,0.819,1.664881e+05,2.749655e-02,0.0001,3.2919,0,7,174,435,55,61
1609,551,2160,0.744907,0.814,1.679437e+05,3.288079e-02,0.0001,3.284,0,6,162,434,55,61
1610,550,2160,0.74537,0.809,1.677564e+05,2.958828e-02,0.0001,3.3067,0,5,162,433,55,61
1611,549,2160,0.745833,0.816,1.684019e+05,2.963897e-02,0.0001,3.3105,0,4,177,432,55,61
1612,548,2160,0.746296,0.813,1.693028e+05,2.984949e-02,0.0001,3.2853,1,1,4,432,54,61
1613,547,2160,0.746759,0.814,1.689572e+05,3.104008e-02,0.0001,3.3,0,5,48,431,54,61
1614,546,2160,0.747222,0.806,1.693653e+05,2.222972e-02,0.0001,3.2946,0,6,48,430,54,61
1615,545,2160,0.747685,0.802,1.692673e+05,3.064907e-02,0.0001,3.2934,0,6,82,429,54,61
1616,544,2160,0.748148,0.795,1.705285e+05,2.236177e-02,0.0001,3.2976,0,1,82,428,54,61
1617,543,2160,0.748611,0.799,1.696248e+05,2.668915e-02,0.0001,3.2993,0,4,82,427,54,61
1618,542,2160,0.749074,0.798,1.708909e+05,2.901133e-02,0.0001,3.2967,0,5,137,426,54,61
1619,541,2160,0.749537,0.802,1.713948e+05,2.631316e-02,0.0001,3.3024,0,6,137,425,54,61
1620,540,2160,0.75,0.802,1.709525e+05,2.705966e-02,0.0001,3.2878,0,1,101,424,54,61
1621,539,2160,0.750463,0.804,1.711302e+05,2.846130e-02,0.0001,3.2927,0,8,177,423,54,61
1622,538,2160,0.750926,0.801,1.711316e+05,2.811170e-02,0.0001,3.2949,0,4,96,422,54,61
1623,537,2160,0.751389,0.804,1.727707e+05,2.843980e-02,0.0001,3.2941,0,4,40,421,54,61
1624,536,2160,0.751852,0.802,1.748033e+05,2.980900e-02,0.0001,3.3039,2,4,9,421,54,60
1625,535,2160,0.752315,0.8,1.748131e+05,2.992887e-02,0.0001,3.2934,0,8,160,420,54,60
1626,534,2160,0.752778,0.803,1.753101e+05,2.708265e-02,0.0001,3.3091,0,2,40,419,54,60
1627,533,2160,0.753241,0.804,1.750562e+05,2.990126e-02,0.0001,3.3096,0,5,189,418,54,60
1628,532,2160,0.753704,0.802,1.771653e+05,2.615384e-02,0.0001,3.3,0,1,189,417,54,60
1629,531,2160,0.754167,0.796,1.761267e+05,2.804986e-02,0.0001,3.3064,0,1,67,416,54,60
1630,530,2160,0.75463,0.802,1.764896e+05,2.869061e-02,0.0001,3.3031,0,0,96,415,54,60
1631,529,2160,0.755093,0.811,1.770715e+05,2.291318e-02,0.0001,3.2911,0,5,96,414,54,60
1632,528,2160,0.755556,0.807,1.778481e+05,2.763511e-02,0.0001,3.3138,0,3,167,413,54,60
1633,527,2160,0.756019,0.806,1.777822e+05,2.502406e-02,0.0001,3.3058,0,4,167,412,54,60
1634,526,2160,0.756481,0.805,1.786507e+05,2.716072e-02,0.0001,3.2992,0,9,46,411,54,60
1635,525,2160,0.756944,0.801,1.785884e+05,2.764402e-02,0.0001,3.2947,0,0,40,410,54,60
1636,524,2160,0.757407,0.796,1.818010e+05,3.170401e-02,0.0001,3.2904,0,7,78,409,54,60
1637,523,2160,0.75787,0.791,1.821360e+05,2.814759e-02,0.0001,3.2959,0,9,91,408,54,60
1638,522,2160,0.758333,0.795,1.819029e+05,2.899723e-02,0.0001,3.2889,0,2,188,407,54,60
1639,521,2160,0.758796,0.792,1.824063e+05,2.391269e-02,0.0001,3.2961,0,0,188,406,54,60
1640,520,2160,0.759259,0.799,1.835638e+05,2.837881e-02,0.0001,3.3,0,2,45,405,54,60
1641,519,2160,0.759722,0.795,1.847067e+05,3.123238e-02,0.0001,3.2851,0,0,184,404,54,60
1642,518,2160,0.760185,0.8,1.859191e+05,2.314034e-02,0.0001,3.3015,0,7,184,403,54,60
1643,517,2160,0.760648,0.797,1.870422e+05,3.098819e-02,0.0001,3.2995,0,6,23,402,54,60
1644,516,2160,0.761111,0.802,1.896422e+05,3.140249e-02,0.0001,3.29,0,8,84,401,54,60
1645,515,2160,0.761574,0.799,1.902893e+05,1.932890e-02,0.0001,3.2975,0,6,84,400,54,60
1646,514,2160,0.762037,0.794,1.904263e+05,2.975687e-02,0.0001,3.2982,1,6,5,400,53,60
1647,513,2160,0.7625,0.78,1.905559e+05,3.200878e-02,0.0001,3.3128,0,5,171,399,53,60
1648,512,2160,0.762963,0.777,1.918765e+05,3.213993e-02,0.0001,3.2957,0,5,131,398,53,60
1649,511,2160,0.763426,0.779,1.923297e+05,2.667302e-02,0.0001,3.2905,0,7,131,397,53,60
1650,510,2160,0.763889,0.777,1.927992e+05,3.122509e-02,0.0001,3.2834,0,0,36,396,53,60
1651,509,2160,0.764352,0.773,1.933091e+05,2.952230e-02,0.0002,3.3055,0,6,171,395,53,60
1652,508,2160,0.764815,0.771,1.950468e+05,3.144866e-02,0.0001,3.3085,0,5,77,394,53,60
1653,507,2160,0.765278,0.77,1.953083e+05,3.044503e-02,0.0001,3.3094,0,8,159,393,53,60
1654,506,2160,0.765741,0.774,1.958271e+05,3.072513e-02,0.0001,3.2963,0,0,86,392,53,60
1655,505,2160,0.766204,0.778,1.964671e+05,2.838182e-02,0.0001,3.2974,0,1,121,391,53,60
1656,504,2160,0.766667,0.783,1.975200e+05,2.919203e-02,0.0001,3.2847,0,4,172,390,53,60
1657,503,2160,0.76713,0.784,1.989248e+05,2.916460e-02,0.0001,3.2942,0,4,37,389,53,60
1658,502,2160,0.767593,0.788,2.005457e+05,2.761898e-02,0.0001,3.2981,0,7,37,388,53,60
1659,501,2160,0.768056,0.781,2.033884e+05,2.900329e-02,0.0001,3.2963,0,2,135,387,53,60
1660,500,2160,0.768519,0.78,2.037754e+05,2.671138e-02,0.0001,3.307,0,0,135,386,53,60
1661,499,2160,0.768981,0.78,2.043006e+05,2.823290e-02,0.0001,3.3095,0,4,18,385,53,60
1662,498,2160,0.769444,0.784,2.067103e+05,3.106835e-02,0.0001,3.306,0,8,128,384,53,60
1663,497,2160,0.769907,0.78,2.072527e+05,2.887671e-02,0.0001,3.3058,0,3,86,383,53,60
1664,496,2160,0.77037,0.783,2.066288e+05,3.155702e-02,0.0001,3.2963,0,0,74,382,53,60
1665,495,2160,0.770833,0.778,2.074856e+05,2.850917e-02,0.0001,3.292,0,9,147,381,53,60
1666,494,2160,0.771296,0.779,2.071684e+05,2.888200e-02,0.0001,3.3042,0,1,60,380,53,60
1667,493,2160,0.771759,0.77,2.084326e+05,2.882986e-02,0.0001,3.3004,0,1,44,379,53,60
1668,492,2160,0.772222,0.768,2.091132e+05,2.921154e-02,0.0001,3.2855,0,2,94,378,53,60
1669,491,2160,0.772685,0.77,2.095073e+05,2.873031e-02,0.0001,3.2953,0,9,172,377,53,60
1670,490,2160,0.773148,0.771,2.093506e+05,2.980651e-02,0.0001,3.2903,0,1,76,376,53,60
1671,489,2160,0.773611,0.775,2.098243e+05,2.856302e-02,0.0001,3.305,0,9,92,375,53,60
1672,488,2160,0.774074,0.772,2.096573e+05,3.170314e-02,0.0001,3.2928,0,0,89,374,53,60
1673,487,2160,0.774537,0.777,2.100313e+05,3.253357e-02,0.0001,3.3094,0,5,89,373,53,60
1674,486,2160,0.775,0.774,2.104919e+05,2.906384e-02,0.0001,3.2969,0,9,160,372,53,60
1675,485,2160,0.775463,0.769,2.102667e+05,3.033862e-02,0.0001,3.2888,0,1,51,371,53,60
1676,484,2160,0.775926,0.77,2.111031e+05,3.397964e-02,0.0001,3.3117,0,5,127,370,53,60
1677,483,2160,0.776389,0.77,2.126253e+05,3.057438e-02,0.0001,3.307,0,2,76,369,53,60
1678,482,2160,0.776852,0.771,2.127681e+05,3.028360e-02,0.0001,3.2877,0,2,39,368,53,60
1679,481,2160,0.777315,0.774,2.132555e+05,3.014314e-02,0.0001,3.3009,0,2,89,367,53,60
1680,480,2160,0.777778,0.775,2.135743e+05,2.978896e-02,0.0001,3.3038,0,9,62,366,53,60
1681,479,2160,0.778241,0.766,2.134414e+05,2.963183e-02,0.0001,3.2781,0,9,89,365,53,60
1682,478,2160,0.778704,0.771,2.133203e+05,3.007184e-02,0.0001,3.2916,0,1,57,364,53,60
1683,477,2160,0.779167,0.765,2.150606e+05,3.014192e-02,0.0001,3.3076,0,9,166,363,53,60
1684,476,2160,0.77963,0.764,2.149617e+05,3.100217e-02,0.0001,3.2933,0,2,21,362,53,60
1685,475,2160,0.780093,0.766,2.158106e+05,3.018974e-02,0.0001,3.2927,0,9,122,361,53,60
1686,474,2160,0.780556,0.765,2.156278e+05,3.052307e-02,0.0001,3.2925,0,8,181,360,53,60
1687,473,2160,0.781019,0.768,2.191049e+05,3.484406e-02,0.0001,3.2937,0,5,88,359,53,60
1688,472,2160,0.781481,0.762,2.202741e+05,3.492686e-02,0.0001,3.3063,0,5,35,358,53,60
1689,471,2160,0.781944,0.762,2.212611e+05,3.105759e-02,0.0001,3.2988,1,7,9,358,52,60
1690,470,2160,0.782407,0.763,2.210336e+05,3.106491e-02,0.0001,3.2861,0,7,3,357,52,60
1691,469,2160,0.78287,0.756,2.271224e+05,3.428505e-02,0.0001,3.2837,0,6,39,356,52,60
1692,468,2160,0.783333,0.759,2.288393e+05,3.275450e-02,0.0001,3.3032,0,2,148,355,52,60
1693,467,2160,0.783796,0.756,2.292465e+05,3.310401e-02,0.0001,3.288,0,7,148,354,52,60
1694,466,2160,0.784259,0.749,2.308461e+05,3.689317e-02,0.0001,3.3011,0,5,54,353,52,60
1695,465,2160,0.784722,0.746,2.320839e+05,3.168308e-02,0.0001,3.3004,0,4,54,352,52,60
1696,464,2160,0.785185,0.741,2.340277e+05,3.196544e-02,0.0001,3.292,0,5,139,351,52,60
1697,463,2160,0.785648,0.734,2.397187e+05,3.162619e-02,0.0001,3.3054,1,7,8,351,51,60
1698,462,2160,0.786111,0.733,2.395502e+05,3.784290e-02,0.0001,3.2912,0,7,115,350,51,60
1699,461,2160,0.786574,0.735,2.405131e+05,3.151937e-02,0.0001,3.2975,0,1,115,349,51,60
1700,460,2160,0.787037,0.722,2.417703e+05,3.224054e-02,0.0001,3.2751,0,1,162,348,51,60
1701,459,2160,0.7875,0.718,2.429260e+05,3.175215e-02,0.0001,3.284,0,9,173,347,51,60
1702,458,2160,0.787963,0.716,2.426159e+05,3.197515e-02,0.0001,3.2982,0,9,45,346,51,60
1703,457,2160,0.788426,0.717,2.424712e+05,3.184839e-02,0.0001,3.3118,1,7,1,346,50,60
1704,456,2160,0.788889,0.713,2.423349e+05,3.596288e-02,0.0001,3.3038,0,6,34,345,50,60
1705,455,2160,0.789352,0.711,2.429693e+05,3.561772e-02,0.0001,3.2947,0,8,39,344,50,60
1706,454,2160,0.789815,0.71,2.430826e+05,2.912955e-02,0.0001,3.2871,0,0,39,343,50,60
1707,453,2160,0.790278,0.714,2.428718e+05,3.250570e-02,0.0001,3.2753,0,9,36,342,50,60
1708,452,2160,0.790741,0.71,2.423455e+05,3.217737e-02,0.0001,3.3079,1,8,9,342,49,60
1709,451,2160,0.791204,0.701,2.420682e+05,3.232570e-02,0.0001,3.2951,0,4,186,341,49,60
1710,450,2160,0.791667,0.693,2.454793e+05,3.739221e-02,0.0001,3.3047,0,5,49,340,49,60
1711,449,2160,0.79213,0.689,2.462717e+05,3.250477e-02,0.0001,3.3064,0,9,152,339,49,60
1712,448,2160,0.792593,0.688,2.460342e+05,3.197727e-02,0.0001,2.2603,1,7,3,339,48,60
1713,447,2160,0.793056,0.689,2.458970e+05,3.372700e-02,0.0001,3.2919,0,1,133,338,48,60
1714,446,2160,0.793519,0.69,2.470374e+05,3.183411e-02,0.0001,3.2899,0,6,133,337,48,60
1715,445,2160,0.793981,0.689,2.510776e+05,3.608022e-02,0.0001,3.3049,0,0,156,336,48,60
1716,444,2160,0.794444,0.685,2.526168e+05,3.282031e-02,0.0001,3.2952,0,6,100,335,48,60
1717,443,2160,0.794907,0.704,2.584491e+05,3.450466e-02,0.0001,3.2886,0,4,65,334,48,60
1718,442,2160,0.79537,0.701,2.602497e+05,3.681480e-02,0.0001,3.2993,0,8,137,333,48,60
1719,441,2160,0.795833,0.697,2.600350e+05,3.437776e-02,0.0001,3.2791,0,6,65,332,48,60
1720,440,2160,0.796296,0.697,2.593424e+05,3.691944e-02,0.0001,3.3086,0,0,87,331,48,60
1721,439,2160,0.796759,0.7,2.601210e+05,3.330406e-02,0.0001,3.3114,2,8,7,331,48,59
1722,438,2160,0.797222,0.701,2.595006e+05,3.819634e-02,0.0001,3.3235,0,6,159,330,48,59
1723,437,2160,0.797685,0.699,2.609789e+05,2.212392e-02,0.0001,3.3064,0,5,159,329,48,59
1724,436,2160,0.798148,0.703,2.615375e+05,3.840420e-02,0.0001,3.3063,0,0,145,328,48,59
1725,435,2160,0.798611,0.708,2.618309e+05,3.554102e-02,0.0001,3.3022,0,5,145,327,48,59
1726,434,2160,0.799074,0.705,2.638562e+05,3.375486e-02,0.0001,3.3076,0,9,141,326,48,59
1727,433,2160,0.799537,0.707,2.632966e+05,3.318581e-02,0.0001,3.2934,0,9,32,325,48,59
1728,432,2160,0.8,0.705,2.630495e+05,3.361755e-02,0.0001,3.2932,0,4,64,324,48,59
1729,431,2160,0.800463,0.708,2.669127e+05,3.322743e-02,0.0001,3.292,0,4,24,323,48,59
1730,430,2160,0.800926,0.703,2.707359e+05,3.383815e-02,0.0001,3.2891,0,7,123,322,48,59
1731,429,2160,0.801389,0.697,2.786462e+05,3.547868e-02,0.0001,3.3035,0,1,53,321,48,59
1732,428,2160,0.801852,0.707,2.798426e+05,3.514420e-02,0.0001,3.3067,0,1,32,320,48,59
1733,427,2160,0.802315,0.697,2.810514e+05,3.842255e-02,0.0001,3.2955,0,5,150,319,48,59
1734,426,2160,0.802778,0.695,2.825399e+05,4.042540e-02,0.0001,3.2784,0,6,32,318,48,59
1735,425,2160,0.803241,0.703,2.830966e+05,3.479516e-02,0.0001,3.2941,0,2,145,317,48,59
1736,424,2160,0.803704,0.7,2.830140e+05,2.804121e-02,0.0001,3.2937,0,8,145,316,48,59
1737,423,2160,0.804167,0.706,2.839721e+05,3.080989e-02,0.0001,3.2833,0,7,32,315,48,59
1738,422,2160,0.80463,0.699,2.903183e+05,3.975656e-02,0.0001,3.2893,0,7,130,314,48,59
1739,421,2160,0.805093,0.697,2.910654e+05,2.771951e-02,0.0001,3.3087,0,5,130,313,48,59
1740,420,2160,0.805556,0.694,2.924505e+05,3.456423e-02,0.0001,3.3067,0,4,110,312,48,59
1741,419,2160,0.806019,0.69,2.960272e+05,3.566897e-02,0.0001,3.2915,1,8,7,312,47,59
1742,418,2160,0.806481,0.689,2.970247e+05,3.489733e-02,0.0001,3.2917,0,2,31,311,47,59
1743,417,2160,0.806944,0.689,2.974550e+05,3.493283e-02,0.0001,3.3103,0,4,19,310,47,59
1744,416,2160,0.807407,0.684,3.008129e+05,3.223931e-02,0.0001,3.31,0,7,19,309,47,59
1745,415,2160,0.80787,0.678,3.068478e+05,3.481872e-02,0.0001,3.3074,0,2,73,308,47,59
1746,414,2160,0.808333,0.679,3.077598e+05,3.457576e-02,0.0001,3.3137,0,2,102,307,47,59
1747,413,2160,0.808796,0.679,3.083517e+05,3.586620e-02,0.0001,3.2985,0,1,160,306,47,59
1748,412,2160,0.809259,0.665,3.090202e+05,3.988953e-02,0.0001,3.3098,0,5,108,305,47,59
1749,411,2160,0.809722,0.665,3.106793e+05,3.514058e-02,0.0001,3.2895,0,6,108,304,47,59
1750,410,2160,0.810185,0.668,3.123383e+05,3.818254e-02,0.0001,3.3006,0,5,160,303,47,59
1751,409,2160,0.810648,0.673,3.130959e+05,3.523871e-02,0.0001,3.301,0,4,20,302,47,59
1752,408,2160,0.811111,0.671,3.159835e+05,3.134528e-02,0.0001,3.3013,0,8,108,301,47,59
1753,407,2160,0.811574,0.674,3.187737e+05,3.376658e-02,0.0001,3.3032,0,6,160,300,47,59
1754,406,2160,0.812037,0.66,3.231514e+05,3.505481e-02,0.0001,3.2934,0,2,75,299,47,59
1755,405,2160,0.8125,0.658,3.232321e+05,3.615863e-02,0.0001,3.3006,0,4,102,298,47,59
1756,404,2160,0.812963,0.662,3.244257e+05,3.603912e-02,0.0001,3.3118,0,2,74,297,47,59
1757,403,2160,0.813426,0.666,3.244516e+05,3.277785e-02,0.0001,3.2938,0,0,102,296,47,59
1758,402,2160,0.813889,0.669,3.231388e+05,4.047977e-02,0.0001,3.2928,0,6,52,295,47,59
1759,401,2160,0.814352,0.672,3.250003e+05,3.209875e-02,0.0001,3.2892,0,4,52,294,47,59
1760,400,2160,0.814815,0.671,3.252396e+05,3.407730e-02,0.0001,3.3044,0,9,191,293,47,59
1761,399,2160,0.815278,0.668,3.250246e+05,3.399287e-02,0.0001,3.297,0,9,118,292,47,59
1762,398,2160,0.815741,0.67,3.249293e+05,3.284911e-02,0.0001,3.2897,0,8,52,291,47,59
1763,397,2160,0.816204,0.668,3.285943e+05,3.401979e-02,0.0001,3.2993,0,0,73,290,47,59
1764,396,2160,0.816667,0.668,3.346195e+05,3.389973e-02,0.0001,3.2978,0,0,70,289,47,59
1765,395,2160,0.81713,0.661,3.406624e+05,4.028096e-02,0.0001,3.2982,0,0,193,288,47,59
1766,394,2160,0.817593,0.661,3.426375e+05,3.058558e-02,0.0001,3.2911,0,8,193,287,47,59
1767,393,2160,0.818056,0.654,3.419192e+05,3.552353e-02,0.0001,3.3038,0,2,8,286,47,59
1768,392,2160,0.818519,0.662,3.439176e+05,3.545567e-02,0.0001,3.2921,0,9,164,285,47,59
1769,391,2160,0.818981,0.663,3.438956e+05,3.749731e-02,0.0001,3.2988,0,1,65,284,47,59
1770,390,2160,0.819444,0.667,3.453556e+05,4.030750e-02,0.0001,3.2978,2,5,8,284,47,58
1771,389,2160,0.819907,0.66,3.461238e+05,3.949527e-02,0.0001,3.3046,2,8,8,284,47,57
1772,388,2160,0.82037,0.658,3.461539e+05,4.128355e-02,0.0001,3.3056,0,5,34,283,47,57
1773,387,2160,0.820833,0.66,3.481175e+05,4.204659e-02,0.0001,3.3016,0,5,102,282,47,57
1774,386,2160,0.821296,0.654,3.494934e+05,3.672096e-02,0.0001,3.2933,0,9,50,281,47,57
1775,385,2160,0.821759,0.649,3.492078e+05,3.726966e-02,0.0001,3.2995,0,1,63,280,47,57
1776,384,2160,0.822222,0.645,3.516044e+05,4.007041e-02,0.0001,3.2896,0,8,65,279,47,57
1777,383,2160,0.822685,0.64,3.513397e+05,4.250412e-02,0.0001,3.2951,0,0,138,278,47,57
1778,382,2160,0.823148,0.638,3.515496e+05,4.466763e-02,0.0001,3.305,0,7,117,277,47,57
1779,381,2160,0.823611,0.641,3.512589e+05,3.848754e-02,0.0001,3.2843,0,1,68,276,47,57
1780,380,2160,0.824074,0.654,3.519664e+05,4.090925e-02,0.0001,3.2953,0,8,94,275,47,57
1781,379,2160,0.824537,0.655,3.526257e+05,3.947776e-02,0.0001,3.3008,0,6,122,274,47,57
1782,378,2160,0.825,0.656,3.603615e+05,3.980760e-02,0.0001,3.3104,0,7,177,273,47,57
1783,377,2160,0.825463,0.664,3.678069e+05,4.421052e-02,0.0001,3.2847,0,6,158,272,47,57
1784,376,2160,0.825926,0.663,3.705568e+05,2.343959e-02,0.0001,3.2999,0,8,158,271,47,57
1785,375,2160,0.826389,0.658,3.681516e+05,2.702436e-02,0.0001,3.2884,0,2,122,270,47,57
1786,374,2160,0.826852,0.659,3.675181e+05,3.753793e-02,0.0001,3.292,0,0,141,269,47,57
1787,373,2160,0.827315,0.643,3.740853e+05,3.936062e-02,0.0001,3.2999,0,0,65,268,47,57
1788,372,2160,0.827778,0.639,3.795724e+05,3.952230e-02,0.0001,3.2905,0,1,50,267,47,57
1789,371,2160,0.828241,0.648,3.801063e+05,3.644965e-02,0.0001,3.3007,0,3,177,266,47,57
1790,370,2160,0.828704,0.643,3.789857e+05,4.490139e-02,0.0001,3.3043,0,6,51,265,47,57
1791,369,2160,0.829167,0.639,3.814129e+05,2.719182e-02,0.0001,3.3015,0,4,51,264,47,57
1792,368,2160,0.82963,0.636,3.803628e+05,2.742535e-02,0.0001,3.3048,0,8,51,263,47,57
1793,367,2160,0.830093,0.632,3.812966e+05,3.927856e-02,0.0001,3.2942,0,4,95,262,47,57
1794,366,2160,0.830556,0.637,3.839299e+05,3.991385e-02,0.0001,3.3071,0,0,95,261,47,57
1795,365,2160,0.831019,0.637,3.822214e+05,3.545817e-02,0.0001,3.2917,0,2,65,260,47,57
1796,364,2160,0.831481,0.631,3.833822e+05,3.833393e-02,0.0001,3.3011,0,4,50,259,47,57
1797,363,2160,0.831944,0.631,3.861924e+05,3.855632e-02,0.0001,3.3032,1,4,8,259,46,57
1798,362,2160,0.832407,0.63,3.870199e+05,3.804720e-02,0.0001,3.305,0,1,79,258,46,57
1799,361,2160,0.83287,0.638,3.882364e+05,3.818028e-02,0.0001,3.3057,0,2,119,257,46,57
1800,360,2160,0.833333,0.623,3.888550e+05,4.512598e-02,0.0001,3.3152,0,6,78,256,46,57
1801,359,2160,0.833796,0.63,3.890967e+05,3.738378e-02,0.0001,3.3153,0,3,48,255,46,57
1802,358,2160,0.834259,0.628,3.891013e+05,4.185344e-02,0.0001,3.2989,0,8,116,254,46,57
1803,357,2160,0.834722,0.627,3.903189e+05,3.868511e-02,0.0001,3.3184,0,7,109,253,46,57
1804,356,2160,0.835185,0.637,4.013080e+05,3.913627e-02,0.0001,3.2974,0,2,68,252,46,57
1805,355,2160,0.835648,0.631,4.020845e+05,3.835079e-02,0.0001,3.3079,0,7,20,251,46,57
1806,354,2160,0.836111,0.623,4.133354e+05,3.800092e-02,0.0001,3.2993,0,9,177,250,46,57
1807,353,2160,0.836574,0.623,4.130362e+05,3.761562e-02,0.0001,3.3046,0,9,107,249,46,57
1808,352,2160,0.837037,0.619,4.127882e+05,4.012499e-02,0.0001,3.2912,0,1,148,248,46,57
1809,351,2160,0.8375,0.614,4.141817e+05,3.817366e-02,0.0001,3.3088,0,9,81,247,46,57
1810,350,2160,0.837963,0.615,4.137341e+05,4.549000e-02,0.0001,3.2986,0,6,36,246,46,57
1811,349,2160,0.838426,0.613,4.182603e+05,4.685145e-02,0.0001,3.3007,0,6,164,245,46,57
1812,348,2160,0.838889,0.619,4.218464e+05,2.588557e-02,0.0001,3.2935,0,8,164,244,46,57
1813,347,2160,0.839352,0.617,4.200034e+05,4.766498e-02,0.0001,3.2925,0,7,50,243,46,57
1814,346,2160,0.839815,0.619,4.199468e+05,3.554527e-02,0.0001,3.301,0,6,50,242,46,57
1815,345,2160,0.840278,0.613,4.228184e+05,3.927547e-02,0.0001,3.2832,0,2,115,241,46,57
1816,344,2160,0.840741,0.613,4.236613e+05,4.276324e-02,0.0001,3.2907,2,9,1,241,46,56
1817,343,2160,0.841204,0.611,4.233191e+05,3.861151e-02,0.0001,3.2906,0,9,74,240,46,56
1818,342,2160,0.841667,0.613,4.231062e+05,4.649385e-02,0.0001,3.3029,0,6,150,239,46,56
1819,341,2160,0.84213,0.614,4.241037e+05,3.717288e-02,0.0001,3.3001,0,8,150,238,46,56
1820,340,2160,0.842593,0.608,4.256495e+05,4.821921e-02,0.0001,3.3124,0,7,92,237,46,56
1821,339,2160,0.843056,0.611,4.285869e+05,1.938346e-02,0.0001,3.2995,0,8,92,236,46,56
1822,338,2160,0.843519,0.601,4.264605e+05,4.164202e-02,0.0001,3.2887,0,6,129,235,46,56
1823,337,2160,0.843981,0.613,4.352461e+05,4.679054e-02,0.0001,3.2961,0,5,101,234,46,56
1824,336,2160,0.844444,0.61,4.357003e+05,3.702078e-02,0.0001,3.2934,0,2,129,233,46,56
1825,335,2160,0.844907,0.604,4.346852e+05,4.892621e-02,0.0001,3.3078,0,6,93,232,46,56
1826,334,2160,0.84537,0.599,4.363190e+05,1.882648e-02,0.0001,2.0954,0,5,93,231,46,56
1827,333,2160,0.845833,0.604,4.365608e+05,4.621924e-02,0.0001,3.303,0,6,80,230,46,56
1828,332,2160,0.846296,0.607,4.387888e+05,2.972308e-02,0.0001,3.2931,0,5,80,229,46,56
1829,331,2160,0.846759,0.606,4.384700e+05,3.786791e-02,0.0001,3.2925,0,2,101,228,46,56
1830,330,2160,0.847222,0.604,4.386182e+05,3.950740e-02,0.0001,3.2948,0,1,7,227,46,56
1831,329,2160,0.847685,0.616,4.420024e+05,3.987241e-02,0.0001,3.3042,0,9,76,226,46,56
1832,328,2160,0.848148,0.614,4.418547e+05,4.832556e-02,0.0001,3.3001,0,6,76,225,46,56
1833,327,2160,0.848611,0.612,4.424481e+05,2.935093e-02,0.0001,3.2994,0,7,76,224,46,56
1834,326,2160,0.849074,0.61,4.428935e+05,4.248334e-02,0.0001,3.3087,0,4,58,223,46,56
1835,325,2160,0.849537,0.608,4.482289e+05,4.567983e-02,0.0001,3.3114,0,6,106,222,46,56
1836,324,2160,0.85,0.584,4.581436e+05,4.230170e-02,0.0001,3.2824,0,5,157,221,46,56
1837,323,2160,0.850463,0.582,4.685352e+05,3.613500e-02,0.0001,3.2959,0,4,106,220,46,56
1838,322,2160,0.850926,0.574,4.709766e+05,4.715152e-02,0.0001,3.2874,0,7,31,219,46,56
1839,321,2160,0.851389,0.572,4.801531e+05,4.339699e-02,0.0001,3.3068,0,1,110,218,46,56
1840,320,2160,0.851852,0.571,4.817719e+05,4.367179e-02,0.0001,3.2862,0,2,80,217,46,56
1841,319,2160,0.852315,0.577,4.821792e+05,4.221873e-02,0.0001,3.2881,0,9,105,216,46,56
1842,318,2160,0.852778,0.575,4.817495e+05,4.231593e-02,0.0001,3.3076,0,6,130,215,46,56
1843,317,2160,0.853241,0.571,4.952031e+05,4.169911e-02,0.0001,3.2779,0,8,71,214,46,56
1844,316,2160,0.853704,0.569,5.005138e+05,4.331712e-02,0.0001,3.2844,0,6,170,213,46,56
1845,315,2160,0.854167,0.549,5.150831e+05,5.449647e-02,0.0001,3.3032,0,6,87,212,46,56
1846,314,2160,0.85463,0.551,5.169100e+05,4.008852e-02,0.0001,3.2935,0,4,87,211,46,56
1847,313,2160,0.855093,0.55,5.200371e+05,4.496391e-02,0.0001,3.3009,0,5,67,210,46,56
1848,312,2160,0.855556,0.554,5.310274e+05,4.316334e-02,0.0001,3.2948,0,9,149,209,46,56
1849,311,2160,0.856019,0.555,5.301310e+05,4.325833e-02,0.0001,3.2813,0,3,6,208,46,56
1850,310,2160,0.856481,0.552,5.310554e+05,4.564894e-02,0.0001,3.3013,0,4,101,207,46,56
1851,309,2160,0.856944,0.546,5.340315e+05,4.698152e-02,0.0001,3.2891,0,0,101,206,46,56
1852,308,2160,0.857407,0.547,5.312139e+05,3.639804e-02,0.0001,3.3064,0,6,101,205,46,56
1853,307,2160,0.85787,0.552,5.381873e+05,5.279762e-02,0.0001,3.2931,0,7,75,204,46,56
1854,306,2160,0.858333,0.555,5.396615e+05,4.318146e-02,0.0001,3.2966,0,3,112,203,46,56
1855,305,2160,0.858796,0.559,5.406394e+05,4.382896e-02,0.0001,3.2937,0,2,67,202,46,56
1856,304,2160,0.859259,0.551,5.428366e+05,4.669954e-02,0.0001,3.2958,0,8,78,201,46,56
1857,303,2160,0.859722,0.543,5.460311e+05,5.608428e-02,0.0001,3.304,0,6,146,200,46,56
1858,302,2160,0.860185,0.551,5.476799e+05,1.537996e-02,0.0001,3.2786,0,5,146,199,46,56
1859,301,2160,0.860648,0.548,5.474874e+05,4.496893e-02,0.0001,3.2781,0,9,49,198,46,56
1860,300,2160,0.861111,0.541,5.473257e+05,4.473050e-02,0.0002,3.3052,0,9,133,197,46,56
1861,299,2160,0.861574,0.538,5.470929e+05,4.877180e-02,0.0001,3.307,0,1,144,196,46,56
1862,298,2160,0.862037,0.544,5.495491e+05,5.640800e-02,0.0001,3.2838,0,6,149,195,46,56
1863,297,2160,0.8625,0.543,5.509236e+05,2.906884e-02,0.0001,3.3067,0,5,149,194,46,56
1864,296,2160,0.862963,0.541,5.528805e+05,5.110085e-02,0.0001,3.3046,0,0,80,193,46,56
1865,295,2160,0.863426,0.545,5.589547e+05,2.357072e-02,0.0001,3.2831,0,1,80,192,46,56
1866,294,2160,0.863889,0.544,5.571119e+05,4.396527e-02,0.0001,3.2977,2,1,6,192,46,55
1867,293,2160,0.864352,0.538,5.569409e+05,4.813551e-02,0.0001,3.3023,0,1,134,191,46,55
1868,292,2160,0.864815,0.527,5.594336e+05,4.462073e-02,0.0001,3.2859,0,9,130,190,46,55
1869,291,2160,0.865278,0.533,5.588547e+05,4.928562e-02,0.0001,3.2913,0,6,131,189,46,55
1870,290,2160,0.865741,0.528,5.712972e+05,4.945055e-02,0.0001,3.2859,0,1,147,188,46,55
1871,289,2160,0.866204,0.529,5.727268e+05,4.569498e-02,0.0001,3.2978,0,9,0,187,46,55
1872,288,2160,0.866667,0.532,5.721669e+05,4.890515e-02,0.0001,3.2909,0,0,22,186,46,55
1873,287,2160,0.86713,0.529,5.815824e+05,3.978354e-02,0.0001,3.3039,0,2,22,185,46,55
1874,286,2160,0.867593,0.529,5.792761e+05,4.928155e-02,0.0001,3.28,0,0,147,184,46,55
1875,285,2160,0.868056,0.539,5.890675e+05,4.775136e-02,0.0001,3.2939,0,9,119,183,46,55
1876,284,2160,0.868519,0.525,5.879462e+05,3.855074e-02,0.0001,3.2912,0,2,147,182,46,55
1877,283,2160,0.868981,0.516,5.866977e+05,4.698654e-02,0.0001,3.3015,0,3,191,181,46,55
1878,282,2160,0.869444,0.51,5.884891e+05,4.713792e-02,0.0001,3.2796,0,4,165,180,46,55
1879,281,2160,0.869907,0.519,5.961503e+05,4.662454e-02,0.0001,3.2926,2,4,2,180,46,54
1880,280,2160,0.87037,0.513,5.959670e+05,4.645074e-02,0.0001,3.2726,0,4,188,179,46,54
1881,279,2160,0.870833,0.505,6.033348e+05,4.639716e-02,0.0001,3.2917,0,9,151,178,46,54
1882,278,2160,0.871296,0.504,6.032365e+05,5.568814e-02,0.0001,3.2977,0,0,163,177,46,54
1883,277,2160,0.871759,0.507,6.058175e+05,3.539695e-02,0.0001,3.3035,0,5,163,176,46,54
1884,276,2160,0.872222,0.512,6.084526e+05,4.363026e-02,0.0001,3.2919,0,4,163,175,46,54
1885,275,2160,0.872685,0.512,6.121279e+05,4.537590e-02,0.0001,3.2641,2,6,2,175,46,53
1886,274,2160,0.873148,0.511,6.120407e+05,4.563173e-02,0.0001,3.2864,0,9,82,174,46,53
1887,273,2160,0.873611,0.512,6.118226e+05,4.653983e-02,0.0001,3.2976,0,9,67,173,46,53
1888,272,2160,0.874074,0.508,6.118552e+05,5.604336e-02,0.0001,3.2815,0,6,90,172,46,53
1889,271,2160,0.874537,0.511,6.125446e+05,4.729113e-02,0.0001,3.2952,0,0,148,171,46,53
1890,270,2160,0.875,0.518,6.251827e+05,4.727577e-02,0.0001,3.2989,0,9,142,170,46,53
1891,269,2160,0.875463,0.521,6.249383e+05,4.555065e-02,0.0001,3.2922,0,9,121,169,46,53
1892,268,2160,0.875926,0.518,6.247747e+05,4.696774e-02,0.0001,3.287,0,4,187,168,46,53
1893,267,2160,0.876389,0.504,6.329919e+05,4.689200e-02,0.0001,3.2868,0,4,162,167,46,53
1894,266,2160,0.876852,0.508,6.406679e+05,4.974874e-02,0.0001,3.3006,0,2,137,166,46,53
1895,265,2160,0.877315,0.509,6.419471e+05,5.955890e-02,0.0001,3.2917,0,6,53,165,46,53
1896,264,2160,0.877778,0.526,6.516520e+05,5.890283e-02,0.0001,3.2966,1,6,2,165,45,53
1897,263,2160,0.878241,0.512,6.519936e+05,3.821231e-02,0.0001,3.2798,0,8,53,164,45,53
1898,262,2160,0.878704,0.502,6.526118e+05,4.506905e-02,0.0001,3.2858,0,9,150,163,45,53
1899,261,2160,0.879167,0.497,6.518447e+05,5.225497e-02,0.0001,3.296,2,2,9,163,45,52
1900,260,2160,0.87963,0.493,6.519866e+05,5.042955e-02,0.0001,3.2933,0,2,173,162,45,52
1901,259,2160,0.880093,0.491,6.530880e+05,5.942944e-02,0.0001,3.2925,0,6,161,161,45,52
1902,258,2160,0.880556,0.486,6.545512e+05,4.459021e-02,0.0001,3.2995,0,5,161,160,45,52
1903,257,2160,0.881019,0.478,6.549197e+05,4.988346e-02,0.0001,3.2973,0,3,23,159,45,52
1904,256,2160,0.881481,0.481,6.553848e+05,4.853985e-02,0.0001,3.2986,0,9,68,158,45,52
1905,255,2160,0.881944,0.479,6.545662e+05,4.933555e-02,0.0001,3.2815,0,4,30,157,45,52
1906,254,2160,0.882407,0.471,6.632542e+05,5.118773e-02,0.0001,3.2813,0,8,54,156,45,52
1907,253,2160,0.88287,0.466,6.676840e+05,5.031289e-02,0.0001,3.2888,2,4,4,156,45,51
1908,252,2160,0.883333,0.466,6.673285e+05,6.256729e-02,0.0001,3.2887,0,6,143,155,45,51
1909,251,2160,0.883796,0.471,6.686019e+05,3.884670e-02,0.0001,3.282,0,5,143,154,45,51
1910,250,2160,0.884259,0.471,6.711591e+05,4.421651e-02,0.0001,3.2981,0,9,143,153,45,51
1911,249,2160,0.884722,0.471,6.693627e+05,4.693428e-02,0.0001,3.2837,0,9,144,152,45,51
1912,248,2160,0.885185,0.472,6.679422e+05,4.447694e-02,0.0001,3.2743,0,9,120,151,45,51
1913,247,2160,0.885648,0.469,6.681682e+05,4.531216e-02,0.0001,3.2871,0,1,54,150,45,51
1914,246,2160,0.886111,0.472,6.735559e+05,5.808718e-02,0.0001,3.2727,0,7,90,149,45,51
1915,245,2160,0.886574,0.459,6.778697e+05,4.825789e-02,0.0001,3.2775,0,9,106,148,45,51
1916,244,2160,0.887037,0.442,6.792556e+05,4.869163e-02,0.0001,3.2864,0,3,83,147,45,51
1917,243,2160,0.8875,0.434,6.810677e+05,5.976576e-02,0.0001,3.2785,0,0,161,146,45,51
1918,242,2160,0.887963,0.427,6.848005e+05,5.509865e-02,0.0001,3.2949,0,1,94,145,45,51
1919,241,2160,0.888426,0.431,6.859810e+05,5.129523e-02,0.0001,3.2695,0,4,189,144,45,51
1920,240,2160,0.888889,0.417,6.956183e+05,4.896614e-02,0.0001,2.6014,0,8,161,143,45,51
1921,239,2160,0.889352,0.416,6.995709e+05,4.879721e-02,0.0001,3.2871,0,7,94,142,45,51
1922,238,2160,0.889815,0.416,7.194125e+05,6.771352e-02,0.0001,3.2757,0,6,135,141,45,51
1923,237,2160,0.890278,0.412,7.206219e+05,4.770894e-02,0.0001,3.2874,0,7,135,140,45,51
1924,236,2160,0.890741,0.415,7.353044e+05,4.846535e-02,0.0001,3.2834,1,4,9,140,44,51
1925,235,2160,0.891204,0.412,7.345340e+05,5.454201e-02,0.0001,3.2953,0,8,44,139,44,51
1926,234,2160,0.891667,0.414,7.365354e+05,3.779795e-02,0.0001,3.2957,0,7,44,138,44,51
1927,233,2160,0.89213,0.398,7.466393e+05,6.729114e-02,0.0001,3.3025,0,6,35,137,44,51
1928,232,2160,0.892593,0.394,7.479163e+05,3.959451e-02,0.0001,3.3006,0,7,35,136,44,51
1929,231,2160,0.893056,0.396,7.566422e+05,6.341751e-02,0.0001,3.2993,2,0,1,136,44,50
1930,230,2160,0.893519,0.4,7.566413e+05,5.555104e-02,0.0001,3.2701,0,4,72,135,44,50
1931,229,2160,0.893981,0.394,7.641119e+05,5.719425e-02,0.0001,3.3021,0,4,132,134,44,50
1932,228,2160,0.894444,0.386,7.698230e+05,5.814131e-02,0.0001,3.2832,0,4,89,133,44,50
1933,227,2160,0.894907,0.377,7.733756e+05,5.333966e-02,0.0001,3.287,1,9,6,133,43,50
1934,226,2160,0.89537,0.367,7.726057e+05,5.391112e-02,0.0001,3.2868,0,1,114,132,43,50
1935,225,2160,0.895833,0.366,7.807462e+05,5.529600e-02,0.0001,3.2915,0,4,145,131,43,50
1936,224,2160,0.896296,0.346,7.918446e+05,5.389709e-02,0.0001,3.2834,0,4,93,130,43,50
1937,223,2160,0.896759,0.348,8.029528e+05,6.466722e-02,0.0001,3.2958,0,0,119,129,43,50
1938,222,2160,0.897222,0.325,8.065936e+05,6.805904e-02,0.0001,3.2785,2,2,8,129,43,49
1939,221,2160,0.897685,0.31,8.078874e+05,5.201511e-02,0.0001,3.2785,0,5,119,128,43,49
1940,220,2160,0.898148,0.311,8.267608e+05,7.110930e-02,0.0001,3.2816,0,7,152,127,43,49
1941,219,2160,0.898611,0.324,8.305342e+05,3.066264e-02,0.0001,3.2759,0,0,152,126,43,49
1942,218,2160,0.899074,0.308,8.320881e+05,5.637133e-02,0.0001,3.2613,0,1,103,125,43,49
1943,217,2160,0.899537,0.294,8.340304e+05,5.891114e-02,0.0001,3.2799,0,1,116,124,43,49
1944,216,2160,0.9,0.297,8.364902e+05,5.865911e-02,0.0001,3.2815,0,8,34,123,43,49
1945,215,2160,0.900463,0.298,8.382929e+05,4.749653e-02,0.0001,3.2981,0,7,34,122,43,49
1946,214,2160,0.900926,0.289,8.461966e+05,5.589813e-02,0.0001,3.2993,0,2,107,121,43,49
1947,213,2160,0.901389,0.293,8.481640e+05,5.052175e-02,0.0001,3.2873,0,4,107,120,43,49
1948,212,2160,0.901852,0.298,8.556288e+05,5.277564e-02,0.0001,3.3042,1,2,9,120,42,49
1949,211,2160,0.902315,0.296,8.549991e+05,5.370386e-02,0.0001,3.2919,0,2,82,119,42,49
1950,210,2160,0.902778,0.294,8.593906e+05,5.661353e-02,0.0001,3.2973,0,2,149,118,42,49
1951,209,2160,0.903241,0.297,8.615417e+05,5.844366e-02,0.0001,3.2863,1,2,2,118,41,49
1952,208,2160,0.903704,0.302,8.621143e+05,5.496187e-02,0.0001,3.2935,1,2,3,118,40,49
1953,207,2160,0.904167,0.302,8.625442e+05,6.628102e-02,0.0001,3.2834,2,7,1,118,40,48
1954,206,2160,0.90463,0.299,8.623663e+05,5.522097e-02,0.0001,3.2876,2,8,6,118,40,47
1955,205,2160,0.905093,0.296,8.623413e+05,5.801228e-02,0.0001,3.291,0,2,172,117,40,47
1956,204,2160,0.905556,0.295,8.643981e+05,5.723142e-02,0.0001,3.277,2,0,2,117,40,46
1957,203,2160,0.906019,0.295,8.641437e+05,5.764105e-02,0.0001,3.3059,0,6,115,116,40,46
1958,202,2160,0.906481,0.302,8.913630e+05,5.886389e-02,0.0001,3.2871,0,7,127,115,40,46
1959,201,2160,0.906944,0.281,9.175524e+05,5.861847e-02,0.0001,3.2829,0,4,120,114,40,46
1960,200,2160,0.907407,0.278,9.313149e+05,5.846612e-02,0.0001,3.2917,0,4,146,113,40,46
1961,199,2160,0.90787,0.27,9.449202e+05,5.811573e-02,0.0001,3.2963,2,5,2,113,40,45
1962,198,2160,0.908333,0.269,9.445028e+05,7.889617e-02,0.0001,3.2842,0,6,132,112,40,45
1963,197,2160,0.908796,0.277,9.454626e+05,5.083249e-02,0.0001,3.2879,0,7,132,111,40,45
1964,196,2160,0.909259,0.28,9.600825e+05,6.011692e-02,0.0001,3.2941,1,4,5,111,39,45
1965,195,2160,0.909722,0.279,9.613510e+05,5.793843e-02,0.0001,3.2896,2,1,4,111,39,44
1966,194,2160,0.910185,0.279,9.612134e+05,5.938388e-02,0.0001,2.6481,0,4,190,110,39,44
1967,193,2160,0.910648,0.271,9.753305e+05,6.926540e-02,0.0001,3.2889,2,3,4,110,39,43
1968,192,2160,0.911111,0.279,9.774683e+05,5.874585e-02,0.0001,3.2862,2,8,4,110,39,42
1969,191,2160,0.911574,0.275,9.767703e+05,6.057703e-02,0.0001,3.2918,0,0,134,109,39,42
1970,190,2160,0.912037,0.287,9.961803e+05,6.025145e-02,0.0001,3.2999,2,7,6,109,39,41
1971,189,2160,0.9125,0.282,9.957498e+05,6.322307e-02,0.0001,3.2916,0,2,88,108,39,41
1972,188,2160,0.912963,0.283,9.972954e+05,6.128950e-02,0.0001,3.2959,0,0,124,107,39,41
1973,187,2160,0.913426,0.27,1.018447e+06,7.975706e-02,0.0001,3.2934,0,5,151,106,39,41
1974,186,2160,0.913889,0.273,1.022176e+06,3.613315e-02,0.0001,3.2944,0,6,151,105,39,41
1975,185,2160,0.914352,0.278,1.021486e+06,6.249008e-02,0.0001,3.293,1,1,8,105,38,41
1976,184,2160,0.914815,0.28,1.021773e+06,6.079650e-02,0.0001,3.2857,0,5,76,104,38,41
1977,183,2160,0.915278,0.279,1.052067e+06,5.901744e-02,0.0001,3.2927,2,6,6,104,38,40
1978,182,2160,0.915741,0.28,1.051640e+06,6.171135e-02,0.0001,3.267,0,0,21,103,38,40
1979,181,2160,0.916204,0.263,1.073582e+06,8.371378e-02,0.0001,3.2803,0,6,136,102,38,40
1980,180,2160,0.916667,0.258,1.074806e+06,4.334070e-02,0.0001,3.2739,0,7,136,101,38,40
1981,179,2160,0.91713,0.248,1.084479e+06,6.394806e-02,0.0001,3.2822,0,7,74,100,38,40
1982,178,2160,0.917593,0.256,1.112478e+06,6.716279e-02,0.0001,3.2899,0,2,91,99,38,40
1983,177,2160,0.918056,0.249,1.115874e+06,6.674293e-02,0.0001,3.2924,0,2,138,98,38,40
1984,176,2160,0.918519,0.25,1.117813e+06,6.601334e-02,0.0001,3.2944,0,2,176,97,38,40
1985,175,2160,0.918981,0.252,1.124220e+06,8.922322e-02,0.0001,3.2861,2,3,8,97,38,39
1986,174,2160,0.919444,0.257,1.127869e+06,6.623234e-02,0.0001,3.3067,1,1,5,97,37,39
1987,173,2160,0.919907,0.252,1.128214e+06,7.780291e-02,0.0001,3.294,0,7,118,96,37,39
1988,172,2160,0.92037,0.253,1.133735e+06,7.095447e-02,0.0001,3.2831,0,9,52,95,37,39
1989,171,2160,0.920833,0.251,1.137779e+06,6.497762e-02,0.0001,3.289,0,9,108,94,37,39
1990,170,2160,0.921296,0.256,1.139239e+06,6.826352e-02,0.0001,3.2833,0,2,66,93,37,39
1991,169,2160,0.921759,0.255,1.146106e+06,7.811394e-02,0.0001,3.2946,2,1,1,93,37,38
1992,168,2160,0.922222,0.255,1.146121e+06,6.880506e-02,0.0001,3.289,0,1,39,92,37,38
1993,167,2160,0.922685,0.252,1.164079e+06,7.186579e-02,0.0001,3.3001,2,7,5,92,37,37
1994,166,2160,0.923148,0.266,1.165782e+06,7.416826e-02,0.0001,3.2775,0,2,81,91,37,37
1995,165,2160,0.923611,0.266,1.170117e+06,4.709047e-02,0.0001,3.3005,0,8,81,90,37,37
1996,164,2160,0.924074,0.267,1.171871e+06,7.076249e-02,0.0001,3.2835,1,4,1,90,36,37
1997,163,2160,0.924537,0.261,1.174122e+06,7.313394e-02,0.0001,2.3232,0,4,78,89,36,37
1998,162,2160,0.925,0.254,1.181632e+06,6.073112e-02,0.0001,3.3104,0,3,78,88,36,37
1999,161,2160,0.925463,0.252,1.179070e+06,7.009111e-02,0.0001,3.2905,1,2,8,88,35,37
2000,160,2160,0.925926,0.249,1.180082e+06,6.600472e-02,0.0001,3.3044,0,8,36,87,35,37
2001,159,2160,0.926389,0.235,1.190578e+06,7.570594e-02,0.0001,3.2906,0,8,138,86,35,37
2002,158,2160,0.926852,0.237,1.191621e+06,6.722638e-02,0.0001,3.2976,0,6,138,85,35,37
2003,157,2160,0.927315,0.23,1.198630e+06,4.589095e-02,0.0001,3.2972,0,4,138,84,35,37
2004,156,2160,0.927778,0.236,1.201551e+06,6.776072e-02,0.0001,3.306,2,4,7,84,35,36
2005,155,2160,0.928241,0.229,1.200947e+06,8.720426e-02,0.0001,3.2888,0,7,77,83,35,36
2006,154,2160,0.928704,0.234,1.201690e+06,6.725506e-02,0.0001,3.301,0,8,162,82,35,36
2007,153,2160,0.929167,0.227,1.214164e+06,8.973550e-02,0.0001,3.2917,0,6,77,81,35,36
2008,152,2160,0.92963,0.227,1.226248e+06,7.048238e-02,0.0001,3.3112,0,1,23,80,35,36
2009,151,2160,0.930093,0.233,1.245139e+06,6.711596e-02,0.0001,3.2893,0,1,58,79,35,36
2010,150,2160,0.930556,0.229,1.264283e+06,6.818121e-02,0.0001,3.2946,0,2,60,78,35,36
2011,149,2160,0.931019,0.231,1.272137e+06,7.036772e-02,0.0001,3.2993,0,6,116,77,35,36
2012,148,2160,0.931481,0.236,1.305674e+06,7.124648e-02,0.0001,3.3031,0,2,160,76,35,36
2013,147,2160,0.931944,0.242,1.314323e+06,7.526535e-02,0.0001,3.3106,1,2,7,76,34,36
2014,146,2160,0.932407,0.235,1.315517e+06,7.249051e-02,0.0001,3.2949,0,2,61,75,34,36
2015,145,2160,0.93287,0.242,1.324590e+06,7.859122e-02,0.0001,3.3026,0,4,86,74,34,36
2016,144,2160,0.933333,0.227,1.337745e+06,5.312324e-02,0.0001,3.2992,0,5,86,73,34,36
2017,143,2160,0.933796,0.231,1.356708e+06,7.087115e-02,0.0001,3.2953,2,5,4,73,34,35
2018,142,2160,0.934259,0.213,1.357491e+06,7.046739e-02,0.0001,3.2781,2,8,2,73,34,34
2019,141,2160,0.934722,0.216,1.357217e+06,8.219184e-02,0.0001,3.3004,1,1,0,73,33,34
2020,140,2160,0.935185,0.232,1.358160e+06,8.292528e-02,0.0001,3.2821,2,9,9,73,33,33
2021,139,2160,0.935648,0.23,1.359376e+06,7.562234e-02,0.0001,3.2898,2,9,7,73,33,32
2022,138,2160,0.936111,0.231,1.358609e+06,7.560709e-02,0.0001,3.2891,0,8,151,72,33,32
2023,137,2160,0.936574,0.226,1.372229e+06,7.601946e-02,0.0001,3.2985,0,6,95,71,33,32
2024,136,2160,0.937037,0.23,1.411995e+06,7.589859e-02,0.0001,3.3049,0,8,142,70,33,32
2025,135,2160,0.9375,0.219,1.425587e+06,7.531342e-02,0.0001,3.2968,0,8,77,69,33,32
2026,134,2160,0.937963,0.223,1.438407e+06,7.441975e-02,0.0001,3.2965,0,8,149,68,33,32
2027,133,2160,0.938426,0.21,1.451804e+06,9.117565e-02,0.0001,3.2884,0,4,49,67,33,32
2028,132,2160,0.938889,0.22,1.455187e+06,1.059571e-01,0.0001,3.2989,0,6,49,66,33,32
2029,131,2160,0.939352,0.212,1.452094e+06,4.398045e-02,0.0001,3.2939,0,0,49,65,33,32
2030,130,2160,0.939815,0.203,1.454907e+06,8.012894e-02,0.0001,3.3003,0,1,31,64,33,32
2031,129,2160,0.940278,0.2,1.486845e+06,8.726957e-02,0.0001,3.2955,1,9,2,64,32,32
2032,128,2160,0.940741,0.208,1.489982e+06,9.232290e-02,0.0001,3.2929,0,1,118,63,32,32
2033,127,2160,0.941204,0.192,1.490643e+06,6.254215e-02,0.0001,3.3026,0,5,118,62,32,32
2034,126,2160,0.941667,0.177,1.516423e+06,7.742444e-02,0.0001,3.2864,0,3,178,61,32,32
2035,125,2160,0.94213,0.174,1.524067e+06,7.927681e-02,0.0001,3.3004,1,6,8,61,31,32
2036,124,2160,0.942593,0.168,1.524277e+06,8.526959e-02,0.0001,3.3046,0,4,88,60,31,32
2037,123,2160,0.943056,0.165,1.532081e+06,1.100752e-01,0.0001,3.2858,0,6,88,59,31,32
2038,122,2160,0.943519,0.156,1.534206e+06,1.487090e-02,0.0001,3.3098,0,8,88,58,31,32
2039,121,2160,0.943981,0.156,1.532669e+06,7.480829e-02,0.0001,3.2942,2,5,6,58,31,31
2040,120,2160,0.944444,0.163,1.532527e+06,7.718984e-02,0.0001,3.3115,0,7,173,57,31,31
2041,119,2160,0.944907,0.155,1.581405e+06,7.874512e-02,0.0001,3.3,0,7,150,56,31,31
2042,118,2160,0.94537,0.153,1.632990e+06,7.834290e-02,0.0001,3.2899,0,5,87,55,31,31
2043,117,2160,0.945833,0.159,1.676817e+06,9.195428e-02,0.0001,3.2899,0,8,79,54,31,31
2044,116,2160,0.946296,0.156,1.684793e+06,5.784621e-02,0.0001,3.2945,0,2,79,53,31,31
2045,115,2160,0.946759,0.156,1.686101e+06,9.262626e-02,0.0001,3.285,2,0,5,53,31,30
2046,114,2160,0.947222,0.148,1.688397e+06,8.074371e-02,0.0001,3.2994,0,0,144,52,31,30
2047,113,2160,0.947685,0.144,1.740021e+06,8.352175e-02,0.0001,3.2902,1,7,6,52,30,30
2048,112,2160,0.948148,0.146,1.739522e+06,1.047407e-01,0.0001,3.2961,0,7,137,51,30,30
2049,111,2160,0.948611,0.149,1.790866e+06,3.056988e-02,0.0001,3.2894,0,4,137,50,30,30
2050,110,2160,0.949074,0.151,1.790822e+06,8.597217e-02,0.0001,3.2992,0,4,92,49,30,30
2051,109,2160,0.949537,0.15,1.815313e+06,8.772277e-02,0.0001,3.2973,0,2,62,48,30,30
2052,108,2160,0.95,0.152,1.833542e+06,1.085636e-01,0.0001,3.2869,0,1,105,47,30,30
2053,107,2160,0.950463,0.147,1.839240e+06,7.819917e-02,0.0001,3.2963,0,5,105,46,30,30
2054,106,2160,0.950926,0.151,1.879072e+06,1.017902e-01,0.0001,3.3109,0,5,78,45,30,30
2055,105,2160,0.951389,0.151,1.883858e+06,2.087445e-02,0.0001,3.2916,0,1,78,44,30,30
2056,104,2160,0.951852,0.149,1.883392e+06,8.876793e-02,0.0001,3.2902,0,4,131,43,30,30
2057,103,2160,0.952315,0.136,1.910223e+06,9.134259e-02,0.0001,3.3078,0,4,171,42,30,30
2058,102,2160,0.952778,0.129,1.938754e+06,9.165555e-02,0.0001,3.2952,0,0,128,41,30,30
2059,101,2160,0.953241,0.126,2.017354e+06,9.634619e-02,0.0001,3.295,1,4,0,41,29,30
2060,100,2160,0.953704,0.126,2.018818e+06,9.254591e-02,0.0001,3.272,0,3,117,40,29,30
2061,99,2160,0.954167,0.127,2.019916e+06,9.412249e-02,0.0001,3.3045,0,2,159,39,29,30
2062,98,2160,0.95463,0.128,2.044439e+06,1.001884e-01,0.0001,3.2819,2,3,6,39,29,29
2063,97,2160,0.955093,0.123,2.045852e+06,1.030080e-01,0.0001,3.2835,0,5,156,38,29,29
2064,96,2160,0.955556,0.118,2.128131e+06,1.332701e-01,0.0001,3.295,0,6,117,37,29,29
2065,95,2160,0.956019,0.115,2.138976e+06,3.696386e-02,0.0001,3.307,0,0,117,36,29,29
2066,94,2160,0.956481,0.115,2.145156e+06,1.244762e-01,0.0001,3.2954,0,0,172,35,29,29
2067,93,2160,0.956944,0.115,2.151064e+06,9.411619e-02,0.0001,3.2887,0,7,172,34,29,29
2068,92,2160,0.957407,0.116,2.226822e+06,9.962106e-02,0.0001,3.2931,1,2,4,34,28,29
2069,91,2160,0.95787,0.117,2.224750e+06,1.057007e-01,0.0001,3.2768,0,2,50,33,28,29
2070,90,2160,0.958333,0.116,2.262937e+06,1.291030e-01,0.0001,3.2847,0,4,104,32,28,29
2071,89,2160,0.958796,0.117,2.269247e+06,1.226581e-01,0.0001,3.3014,0,4,103,31,28,29
2072,88,2160,0.959259,0.119,2.269344e+06,8.828298e-02,0.0001,3.3019,1,6,0,31,27,29
2073,87,2160,0.959722,0.118,2.264199e+06,1.082635e-01,0.0001,3.2971,0,4,33,30,27,29
2074,86,2160,0.960185,0.116,2.268033e+06,1.074916e-01,0.0001,3.2967,2,7,9,30,27,28
2075,85,2160,0.960648,0.117,2.266658e+06,1.012204e-01,0.0001,3.3012,2,9,4,30,27,27
2076,84,2160,0.961111,0.118,2.266056e+06,1.020478e-01,0.0001,3.3063,0,6,104,29,27,27
2077,83,2160,0.961574,0.122,2.265184e+06,1.088300e-01,0.0001,3.2949,0,0,104,28,27,27
2078,82,2160,0.962037,0.116,2.269907e+06,1.280842e-01,0.0001,3.2973,0,6,33,27,27,27
2079,81,2160,0.9625,0.117,2.266617e+06,9.218900e-02,0.0001,3.2875,2,1,5,27,27,26
2080,80,2160,0.962963,0.116,2.264870e+06,9.774638e-02,0.0001,3.2842,2,9,8,27,27,25
2081,79,2160,0.963426,0.116,2.265523e+06,1.006192e-01,0.0001,3.2969,1,4,7,27,26,25
2082,78,2160,0.963889,0.116,2.264863e+06,1.019597e-01,0.0001,3.2796,1,6,1,27,25,25
2083,77,2160,0.964352,0.116,2.264908e+06,1.000578e-01,0.0001,3.3002,2,6,9,27,25,24
2084,76,2160,0.964815,0.116,2.264833e+06,9.713675e-02,0.0001,3.2997,1,9,0,27,24,24
2085,75,2160,0.965278,0.117,2.267119e+06,1.045187e-01,0.0001,3.2984,0,0,33,26,24,24
2086,74,2160,0.965741,0.115,2.327425e+06,1.222918e-01,0.0001,3.2915,0,8,75,25,24,24
2087,73,2160,0.966204,0.112,2.337259e+06,5.248490e-02,0.0001,3.3,0,0,75,24,24,24
2088,72,2160,0.966667,0.11,2.343060e+06,8.949906e-02,0.0001,3.2948,1,6,7,24,23,24
2089,71,2160,0.96713,0.109,2.341332e+06,8.511745e-02,0.0001,3.314,2,9,6,24,23,23
2090,70,2160,0.967593,0.109,2.340018e+06,1.164354e-01,0.0001,3.2955,2,0,6,24,23,22
2091,69,2160,0.968056,0.109,2.339626e+06,1.167372e-01,0.0001,3.2926,0,1,72,23,23,22
2092,68,2160,0.968519,0.107,2.422487e+06,2.583202e-01,0.0001,3.3042,2,8,1,23,23,21
2093,67,2160,0.968981,0.107,2.510155e+06,1.336458e-01,0.0001,3.2996,2,5,1,23,23,20
2094,66,2160,0.969444,0.111,2.494321e+06,7.844411e-02,0.0001,3.3008,2,0,9,23,23,19
2095,65,2160,0.969907,0.111,2.483643e+06,5.395718e-02,0.0001,3.2925,2,7,8,23,23,18
2096,64,2160,0.97037,0.111,2.475166e+06,1.566921e-01,0.0001,3.3096,0,6,103,22,23,18
2097,63,2160,0.970833,0.111,2.474473e+06,8.149479e-02,0.0001,3.2856,0,0,103,21,23,18
2098,62,2160,0.971296,0.113,2.505877e+06,1.484897e-01,0.0001,3.2937,0,5,68,20,23,18
2099,61,2160,0.971759,0.115,2.515087e+06,6.150388e-02,0.0001,3.2953,0,7,68,19,23,18
2100,60,2160,0.972222,0.115,2.545508e+06,1.133557e-01,0.0001,3.3011,1,9,5,19,22,18
2101,59,2160,0.972685,0.114,2.542855e+06,1.202985e-01,0.0001,3.2912,1,1,7,19,21,18
2102,58,2160,0.973148,0.115,2.541104e+06,1.105373e-01,0.0001,3.2808,1,8,4,19,20,18
2103,57,2160,0.973611,0.114,2.539070e+06,1.532648e-01,0.0001,3.3017,0,6,89,18,20,18
2104,56,2160,0.974074,0.114,2.542637e+06,8.243553e-02,0.0001,3.2922,0,7,89,17,20,18
2105,55,2160,0.974537,0.113,2.580446e+06,1.700309e-01,0.0002,3.278,2,2,5,17,20,17
2106,54,2160,0.975,0.113,2.589961e+06,1.616515e-01,0.0001,3.3064,0,6,102,16,20,17
2107,53,2160,0.975463,0.113,2.595371e+06,1.161472e-01,0.0001,3.293,0,7,102,15,20,17
2108,52,2160,0.975926,0.108,2.646906e+06,1.394905e-01,0.0001,3.2849,0,2,63,14,20,17
2109,51,2160,0.976389,0.112,2.749058e+06,1.538360e-01,0.0001,3.3045,0,4,91,13,20,17
2110,50,2160,0.976852,0.112,2.761989e+06,1.546097e-01,0.0001,3.3171,0,1,91,12,20,17
2111,49,2160,0.977315,0.111,2.754635e+06,1.145543e-01,0.0001,3.2991,0,5,91,11,20,17
2112,48,2160,0.977778,0.109,2.913166e+06,1.492604e-01,0.0001,3.2812,0,2,48,10,20,17
2113,47,2160,0.978241,0.11,3.057071e+06,1.692637e-01,0.0001,3.3058,0,2,175,9,20,17
2114,46,2160,0.978704,0.112,3.246926e+06,1.562581e-01,0.0001,3.3072,2,2,6,9,20,16
2115,45,2160,0.979167,0.111,3.232363e+06,1.966933e-01,0.0001,3.2995,0,1,104,8,20,16
2116,44,2160,0.97963,0.105,3.224624e+06,1.554565e-01,0.0001,3.3023,0,5,104,7,20,16
2117,43,2160,0.980093,0.1,3.494862e+06,2.045452e-01,0.0001,3.2919,0,2,47,6,20,16
2118,42,2160,0.980556,0.096,3.786995e+06,2.604211e-01,0.0001,3.2931,0,8,143,5,20,16
2119,41,2160,0.981019,0.096,4.282767e+06,2.323177e-01,0.0001,3.2981,1,9,8,5,19,16
2120,40,2160,0.981481,0.096,4.210583e+06,2.935670e-01,0.0001,3.3098,0,2,174,4,19,16
2121,39,2160,0.981944,0.11,4.843194e+06,2.571045e-01,0.0001,3.3054,2,4,6,4,19,15
2122,38,2160,0.982407,0.112,4.709580e+06,2.427538e-01,0.0001,3.2941,1,9,4,4,18,15
2123,37,2160,0.98287,0.112,4.588094e+06,3.466520e-01,0.0001,3.2828,0,2,34,3,18,15
2124,36,2160,0.983333,0.107,5.731974e+06,3.055928e-01,0.0001,3.3031,2,3,1,3,18,14
2125,35,2160,0.983796,0.107,5.616439e+06,2.562077e-01,0.0001,3.2967,2,0,4,3,18,13
2126,34,2160,0.984259,0.107,5.379591e+06,2.504256e-01,0.0001,3.2956,2,6,4,3,18,12
2127,33,2160,0.984722,0.107,5.183741e+06,2.498605e-01,0.0001,3.3004,1,4,6,3,17,12
2128,32,2160,0.985185,0.107,5.018755e+06,2.509477e-01,0.0001,3.2986,1,5,6,3,16,12
2129,31,2160,0.985648,0.107,4.874652e+06,2.517899e-01,0.0001,3.3123,1,6,6,3,15,12
2130,30,2160,0.986111,0.107,4.745993e+06,1.112168e+00,0.0001,3.3014,0,5,90,2,15,12
2131,29,2160,0.986574,0.107,3.480927e+06,1.431510e+00,0.0001,3.2887,1,5,1,2,14,12
2132,28,2160,0.987037,0.107,2.620525e+06,5.378613e-01,0.0001,3.301,2,6,8,2,14,11
2133,27,2160,0.9875,0.107,2.544688e+06,8.609652e-01,0.0001,3.2898,0,3,49,1,14,11
2134,26,2160,0.987963,0.107,2.504025e+06,5.787064e-01,0.0001,3.2871,0,1,90,0,14,11
2135,25,2160,0.988426,0.107,2.439459e+06,1.307418e-01,0.0001,3.309,1,1,3,0,13,11
2136,24,2160,0.988889,0.107,2.434248e+06,1.652601e-01,0.0001,0.0185,1,8,1,0,12,11
2137,23,2160,0.989352,0.107,2.434248e+06,2.496061e-01,0.0001,0.0181,1,1,9,0,11,11
2138,22,2160,0.989815,0.107,2.434248e+06,3.023617e-01,0.0001,0.018,1,4,4,0,10,11
2139,21,2160,0.990278,0.107,2.434248e+06,4.088651e-01,0.0001,0.0175,1,9,1,0,9,11
2140,20,2160,0.990741,0.107,2.434248e+06,4.487900e-01,0.0001,3.2994,2,3,2,0,9,10
2141,19,2160,0.991204,0.107,2.432459e+06,5.793636e-01,0.0001,3.3021,1,8,3,0,8,10
2142,18,2160,0.991667,0.107,2.431809e+06,6.506989e-01,0.0001,3.2955,1,8,2,0,7,10
2143,17,2160,0.99213,0.107,2.431570e+06,6.780387e-01,0.0001,3.2972,1,1,2,0,6,10
2144,16,2160,0.992593,0.107,2.431485e+06,1.021365e+00,0.0001,3.2895,2,9,5,0,6,9
2145,15,2160,0.993056,0.107,2.611824e+06,7.865773e-01,0.0001,3.293,2,6,1,0,6,8
2146,14,2160,0.993519,0.107,2.496664e+06,1.131815e+00,0.0001,3.3069,2,3,5,0,6,7
2147,13,2160,0.993981,0.087,2.824575e+06,1.214101e+00,0.0001,3.3176,1,4,2,0,5,7
2148,12,2160,0.994444,0.107,2.433094e+06,9.529136e-01,0.0001,3.3062,2,5,9,0,5,6
2149,11,2160,0.994907,0.107,2.435005e+06,1.066049e+00,0.0001,2.5075,2,1,8,0,5,5
2150,10,2160,0.99537,0.107,2.431629e+06,1.143433e+00,0.0001,3.2861,2,2,4,0,5,4
2151,9,2160,0.995833,0.107,2.431538e+06,1.266353e+00,0.0001,2.8348,1,5,8,0,4,4
2152,8,2160,0.996296,0.107,2.431437e+06,1.295269e+00,0.0001,1.3158,2,4,1,0,4,3
2153,7,2160,0.996759,0.107,2.431434e+06,1.409294e+00,0.0001,1.0584,1,5,0,0,3,3
2154,6,2160,0.997222,0.107,2.431434e+06,1.802302e+00,0.0001,1.2548,1,5,7,0,2,3
2155,5,2160,0.997685,0.107,2.431433e+06,2.348351e+00,0.0001,1.6533,1,9,7,0,1,3
2156,4,2160,0.998148,0.107,2.431433e+06,2.431124e+00,0.0001,3.307,2,6,5,0,1,2
2157,3,2160,0.998611,0.107,2.442362e+06,3.508111e+00,0.0001,1.6655,1,5,5,0,0,2
2158,2,2160,0.999074,0.107,2.431434e+06,3.064294e+00,0.0001,2.1807,2,1,9,0,0,1
2159,1,2160,0.999537,0.107,2.431433e+06,5.817667e+00,0.0001,0.6815,2,4,5,0,0,0
