step,NZ,total_W,sparsity,val_acc,d_manifold,d_W,prune_time_s,candidate_layer,candidate_i,candidate_j,layer_0_NZ,layer_1_NZ,layer_2_NZ
0,2160,2160,0.0,0.916,0.000000e+00,5.689984e-05,5.6672,0,6,0,1959,100,100
1,2159,2160,0.000463,0.916,0.000000e+00,5.734072e-05,2.7478,0,6,21,1958,100,100
2,2158,2160,0.000926,0.916,0.000000e+00,7.026572e-05,2.5785,0,6,6,1957,100,100
3,2157,2160,0.001389,0.916,0.000000e+00,1.059461e-04,2.5513,0,6,51,1956,100,100
4,2156,2160,0.001852,0.916,0.000000e+00,1.355160e-04,2.5626,0,6,28,1955,100,100
5,2155,2160,0.002315,0.916,0.000000e+00,1.879450e-04,2.5706,0,6,105,1954,100,100
6,2154,2160,0.002778,0.916,0.000000e+00,2.615431e-04,2.5303,0,6,67,1953,100,100
7,2153,2160,0.003241,0.916,0.000000e+00,2.791553e-04,2.537,0,6,120,1952,100,100
8,2152,2160,0.003704,0.916,0.000000e+00,3.776712e-04,2.5839,0,6,136,1951,100,100
9,2151,2160,0.004167,0.916,0.000000e+00,3.873763e-04,2.5523,0,6,104,1950,100,100
10,2150,2160,0.00463,0.916,0.000000e+00,4.509844e-04,2.5804,0,6,153,1949,100,100
11,2149,2160,0.005093,0.916,0.000000e+00,5.319796e-04,2.5766,0,6,59,1948,100,100
12,2148,2160,0.005556,0.916,0.000000e+00,6.422311e-04,2.5533,0,6,190,1947,100,100
13,2147,2160,0.006019,0.916,0.000000e+00,6.511355e-04,2.5695,0,6,15,1946,100,100
14,2146,2160,0.006481,0.916,0.000000e+00,6.755160e-04,2.6039,0,6,40,1945,100,100
15,2145,2160,0.006944,0.916,0.000000e+00,6.871196e-04,2.5588,0,6,140,1944,100,100
16,2144,2160,0.007407,0.916,0.000000e+00,7.478845e-04,2.5915,0,6,189,1943,100,100
17,2143,2160,0.00787,0.916,0.000000e+00,8.116362e-04,2.5889,1,0,5,1943,99,100
18,2142,2160,0.008333,0.916,0.000000e+00,8.400211e-04,2.5919,0,6,53,1942,99,100
19,2141,2160,0.008796,0.916,0.000000e+00,8.751014e-04,2.5657,2,5,0,1942,99,99
20,2140,2160,0.009259,0.916,0.000000e+00,9.647790e-04,2.5846,0,6,74,1941,99,99
21,2139,2160,0.009722,0.916,0.000000e+00,9.759305e-04,2.6092,0,6,33,1940,99,99
22,2138,2160,0.010185,0.916,0.000000e+00,1.009329e-03,2.5901,0,6,188,1939,99,99
23,2137,2160,0.010648,0.916,0.000000e+00,1.016928e-03,2.5943,0,6,23,1938,99,99
24,2136,2160,0.011111,0.916,0.000000e+00,1.266644e-03,2.6254,0,6,137,1937,99,99
25,2135,2160,0.011574,0.916,0.000000e+00,1.382835e-03,2.573,0,6,118,1936,99,99
26,2134,2160,0.012037,0.917,0.000000e+00,1.414653e-03,2.6087,0,6,75,1935,99,99
27,2133,2160,0.0125,0.917,0.000000e+00,1.539042e-03,2.5985,0,6,62,1934,99,99
28,2132,2160,0.012963,0.917,0.000000e+00,1.799538e-03,2.585,0,6,20,1933,99,99
29,2131,2160,0.013426,0.917,0.000000e+00,1.863756e-03,2.6395,1,0,0,1933,98,99
30,2130,2160,0.013889,0.917,0.000000e+00,1.921759e-03,2.5861,0,6,24,1932,98,99
31,2129,2160,0.014352,0.917,0.000000e+00,1.956499e-03,2.5915,0,6,42,1931,98,99
32,2128,2160,0.014815,0.917,0.000000e+00,1.977193e-03,2.5889,0,6,194,1930,98,99
33,2127,2160,0.015278,0.917,0.000000e+00,2.008096e-03,2.5869,0,6,171,1929,98,99
34,2126,2160,0.015741,0.917,0.000000e+00,2.089038e-03,2.5867,0,6,38,1928,98,99
35,2125,2160,0.016204,0.917,0.000000e+00,2.190075e-03,2.5801,0,6,72,1927,98,99
36,2124,2160,0.016667,0.917,0.000000e+00,2.296070e-03,2.641,0,6,166,1926,98,99
37,2123,2160,0.01713,0.917,0.000000e+00,2.327863e-03,2.5855,0,6,172,1925,98,99
38,2122,2160,0.017593,0.917,0.000000e+00,2.359671e-03,2.5816,2,8,0,1925,98,98
39,2121,2160,0.018056,0.917,0.000000e+00,2.363296e-03,2.6007,0,6,37,1924,98,98
40,2120,2160,0.018519,0.917,0.000000e+00,2.376357e-03,2.5738,0,6,148,1923,98,98
41,2119,2160,0.018981,0.917,0.000000e+00,2.399735e-03,2.6293,0,6,18,1922,98,98
42,2118,2160,0.019444,0.917,0.000000e+00,2.426755e-03,2.5874,0,6,57,1921,98,98
43,2117,2160,0.019907,0.917,0.000000e+00,2.492971e-03,2.5831,0,6,4,1920,98,98
44,2116,2160,0.02037,0.917,0.000000e+00,2.717119e-03,2.6423,0,6,43,1919,98,98
45,2115,2160,0.020833,0.917,0.000000e+00,2.802846e-03,2.6011,0,6,113,1918,98,98
46,2114,2160,0.021296,0.917,0.000000e+00,2.827419e-03,2.604,0,6,81,1917,98,98
47,2113,2160,0.021759,0.917,0.000000e+00,2.909136e-03,2.5895,0,6,173,1916,98,98
48,2112,2160,0.022222,0.916,0.000000e+00,3.137874e-03,2.5879,1,8,6,1916,97,98
49,2111,2160,0.022685,0.916,0.000000e+00,3.162124e-03,2.5643,0,6,114,1915,97,98
50,2110,2160,0.023148,0.916,0.000000e+00,3.276661e-03,2.5777,0,6,187,1914,97,98
51,2109,2160,0.023611,0.916,0.000000e+00,3.354483e-03,2.589,0,6,36,1913,97,98
52,2108,2160,0.024074,0.916,0.000000e+00,3.423426e-03,2.6186,0,6,2,1912,97,98
53,2107,2160,0.024537,0.916,0.000000e+00,3.490606e-03,2.6069,0,6,8,1911,97,98
54,2106,2160,0.025,0.916,0.000000e+00,3.625539e-03,2.658,0,6,94,1910,97,98
55,2105,2160,0.025463,0.916,0.000000e+00,3.630354e-03,2.6591,0,6,9,1909,97,98
56,2104,2160,0.025926,0.916,0.000000e+00,3.739734e-03,2.5796,0,6,191,1908,97,98
57,2103,2160,0.026389,0.916,0.000000e+00,3.887787e-03,2.6068,0,6,84,1907,97,98
58,2102,2160,0.026852,0.916,0.000000e+00,3.892321e-03,2.6021,0,6,108,1906,97,98
59,2101,2160,0.027315,0.916,0.000000e+00,3.906704e-03,2.5906,0,6,127,1905,97,98
60,2100,2160,0.027778,0.916,0.000000e+00,4.187547e-03,2.6686,1,0,7,1905,96,98
61,2099,2160,0.028241,0.916,0.000000e+00,4.237622e-03,2.5814,0,6,180,1904,96,98
62,2098,2160,0.028704,0.916,0.000000e+00,4.386955e-03,2.5998,1,0,3,1904,95,98
63,2097,2160,0.029167,0.916,0.000000e+00,4.512192e-03,2.6282,2,6,0,1904,95,97
64,2096,2160,0.02963,0.916,0.000000e+00,4.529968e-03,2.6169,0,6,158,1903,95,97
65,2095,2160,0.030093,0.916,0.000000e+00,4.542419e-03,2.5865,0,6,126,1902,95,97
66,2094,2160,0.030556,0.916,0.000000e+00,4.630650e-03,2.5863,0,6,89,1901,95,97
67,2093,2160,0.031019,0.917,0.000000e+00,4.648936e-03,2.5715,0,6,132,1900,95,97
68,2092,2160,0.031481,0.917,0.000000e+00,4.693496e-03,2.6168,0,6,115,1899,95,97
69,2091,2160,0.031944,0.917,0.000000e+00,4.697940e-03,2.6066,0,6,133,1898,95,97
70,2090,2160,0.032407,0.917,0.000000e+00,4.727751e-03,2.597,0,6,181,1897,95,97
71,2089,2160,0.03287,0.917,0.000000e+00,4.872074e-03,2.5869,0,6,128,1896,95,97
72,2088,2160,0.033333,0.917,0.000000e+00,4.966523e-03,2.5599,0,6,3,1895,95,97
73,2087,2160,0.033796,0.917,0.000000e+00,5.108892e-03,2.5879,0,6,159,1894,95,97
74,2086,2160,0.034259,0.917,0.000000e+00,5.319266e-03,2.5816,0,6,129,1893,95,97
75,2085,2160,0.034722,0.917,0.000000e+00,5.334481e-03,2.5878,0,6,29,1892,95,97
76,2084,2160,0.035185,0.917,0.000000e+00,5.393086e-03,2.5816,0,6,134,1891,95,97
77,2083,2160,0.035648,0.917,0.000000e+00,5.428353e-03,2.5832,0,6,170,1890,95,97
78,2082,2160,0.036111,0.917,0.000000e+00,5.636190e-03,2.5832,0,6,78,1889,95,97
79,2081,2160,0.036574,0.917,0.000000e+00,5.649884e-03,2.5845,0,6,156,1888,95,97
80,2080,2160,0.037037,0.917,0.000000e+00,5.684475e-03,2.5813,0,6,138,1887,95,97
81,2079,2160,0.0375,0.917,0.000000e+00,5.716705e-03,2.5891,0,6,111,1886,95,97
82,2078,2160,0.037963,0.917,0.000000e+00,5.844791e-03,2.5826,0,6,106,1885,95,97
83,2077,2160,0.038426,0.917,0.000000e+00,5.886506e-03,2.5843,2,3,0,1885,95,96
84,2076,2160,0.038889,0.917,0.000000e+00,5.939323e-03,2.6096,0,6,177,1884,95,96
85,2075,2160,0.039352,0.917,0.000000e+00,6.134243e-03,2.5889,0,6,31,1883,95,96
86,2074,2160,0.039815,0.917,0.000000e+00,6.187781e-03,2.5872,0,6,160,1882,95,96
87,2073,2160,0.040278,0.917,0.000000e+00,6.198060e-03,2.5645,0,6,119,1881,95,96
88,2072,2160,0.040741,0.917,0.000000e+00,6.298928e-03,2.5911,0,6,130,1880,95,96
89,2071,2160,0.041204,0.917,0.000000e+00,6.327346e-03,2.594,1,4,6,1880,94,96
90,2070,2160,0.041667,0.917,0.000000e+00,6.340904e-03,2.5708,0,6,60,1879,94,96
91,2069,2160,0.04213,0.917,0.000000e+00,6.372768e-03,2.5855,0,6,157,1878,94,96
92,2068,2160,0.042593,0.917,0.000000e+00,6.424742e-03,2.5632,0,6,131,1877,94,96
93,2067,2160,0.043056,0.917,0.000000e+00,6.430098e-03,2.6033,0,6,146,1876,94,96
94,2066,2160,0.043519,0.917,0.000000e+00,6.461619e-03,2.5588,0,6,56,1875,94,96
95,2065,2160,0.043981,0.917,0.000000e+00,6.569455e-03,2.5912,0,6,70,1874,94,96
96,2064,2160,0.044444,0.917,0.000000e+00,6.611300e-03,2.5768,0,6,110,1873,94,96
97,2063,2160,0.044907,0.917,0.000000e+00,6.619408e-03,2.638,0,6,14,1872,94,96
98,2062,2160,0.04537,0.917,0.000000e+00,6.728343e-03,2.5885,0,6,123,1871,94,96
99,2061,2160,0.045833,0.917,0.000000e+00,6.807106e-03,2.6296,0,6,112,1870,94,96
100,2060,2160,0.046296,0.917,0.000000e+00,6.832110e-03,2.5958,0,6,80,1869,94,96
101,2059,2160,0.046759,0.917,0.000000e+00,6.894391e-03,2.5907,0,6,65,1868,94,96
102,2058,2160,0.047222,0.917,0.000000e+00,6.895029e-03,2.5627,0,6,61,1867,94,96
103,2057,2160,0.047685,0.917,0.000000e+00,7.018507e-03,2.6375,0,6,186,1866,94,96
104,2056,2160,0.048148,0.917,0.000000e+00,7.025445e-03,2.5871,0,6,30,1865,94,96
105,2055,2160,0.048611,0.917,0.000000e+00,7.148751e-03,2.5906,0,6,150,1864,94,96
106,2054,2160,0.049074,0.917,0.000000e+00,7.154397e-03,2.5747,0,6,193,1863,94,96
107,2053,2160,0.049537,0.917,0.000000e+00,7.273654e-03,2.5724,0,6,50,1862,94,96
108,2052,2160,0.05,0.917,0.000000e+00,7.285997e-03,2.5835,0,6,88,1861,94,96
109,2051,2160,0.050463,0.917,0.000000e+00,7.465823e-03,2.61,0,6,41,1860,94,96
110,2050,2160,0.050926,0.917,0.000000e+00,7.540648e-03,2.589,0,6,7,1859,94,96
111,2049,2160,0.051389,0.917,0.000000e+00,7.583330e-03,2.5857,0,6,26,1858,94,96
112,2048,2160,0.051852,0.917,0.000000e+00,7.643526e-03,2.5784,1,0,8,1858,93,96
113,2047,2160,0.052315,0.917,0.000000e+00,7.676195e-03,2.5524,0,6,91,1857,93,96
114,2046,2160,0.052778,0.917,0.000000e+00,7.702104e-03,2.5819,1,0,1,1857,92,96
115,2045,2160,0.053241,0.917,0.000000e+00,7.726777e-03,2.5832,0,6,10,1856,92,96
116,2044,2160,0.053704,0.917,0.000000e+00,7.763804e-03,2.5999,0,6,163,1855,92,96
117,2043,2160,0.054167,0.917,0.000000e+00,7.796101e-03,2.5824,0,6,17,1854,92,96
118,2042,2160,0.05463,0.917,0.000000e+00,7.798279e-03,2.6007,0,6,152,1853,92,96
119,2041,2160,0.055093,0.917,0.000000e+00,7.818899e-03,2.5891,0,6,164,1852,92,96
120,2040,2160,0.055556,0.917,0.000000e+00,7.859657e-03,2.64,0,6,77,1851,92,96
121,2039,2160,0.056019,0.917,0.000000e+00,8.045632e-03,2.5871,0,6,64,1850,92,96
122,2038,2160,0.056481,0.917,0.000000e+00,8.095028e-03,2.5843,0,6,143,1849,92,96
123,2037,2160,0.056944,0.917,0.000000e+00,8.131019e-03,2.6337,0,6,48,1848,92,96
124,2036,2160,0.057407,0.917,0.000000e+00,8.179034e-03,2.611,0,6,149,1847,92,96
125,2035,2160,0.05787,0.917,0.000000e+00,8.214979e-03,2.5647,0,6,83,1846,92,96
126,2034,2160,0.058333,0.917,0.000000e+00,8.315158e-03,2.5599,0,6,144,1845,92,96
127,2033,2160,0.058796,0.917,0.000000e+00,8.906665e-03,2.5783,0,6,85,1844,92,96
128,2032,2160,0.059259,0.917,0.000000e+00,8.987253e-03,2.6486,0,6,90,1843,92,96
129,2031,2160,0.059722,0.917,0.000000e+00,9.236403e-03,2.5913,0,6,183,1842,92,96
130,2030,2160,0.060185,0.917,0.000000e+00,9.309210e-03,2.5877,0,6,71,1841,92,96
131,2029,2160,0.060648,0.917,0.000000e+00,9.406386e-03,2.6279,0,6,135,1840,92,96
132,2028,2160,0.061111,0.917,0.000000e+00,9.526075e-03,2.5609,0,6,117,1839,92,96
133,2027,2160,0.061574,0.917,0.000000e+00,9.586588e-03,2.5895,0,6,103,1838,92,96
134,2026,2160,0.062037,0.917,0.000000e+00,9.631104e-03,2.723,0,6,54,1837,92,96
135,2025,2160,0.0625,0.917,0.000000e+00,9.800349e-03,2.5867,0,6,13,1836,92,96
136,2024,2160,0.062963,0.917,0.000000e+00,9.895488e-03,2.5634,0,6,182,1835,92,96
137,2023,2160,0.063426,0.917,0.000000e+00,9.950364e-03,2.5978,0,6,155,1834,92,96
138,2022,2160,0.063889,0.917,0.000000e+00,9.970072e-03,2.5895,0,6,109,1833,92,96
139,2021,2160,0.064352,0.917,3.140235e-04,9.973673e-03,2.5813,1,0,6,1833,91,96
140,2020,2160,0.064815,0.917,3.140235e-04,1.016854e-02,2.5874,0,6,79,1832,91,96
141,2019,2160,0.065278,0.916,3.140254e-04,1.023075e-02,2.6687,0,6,46,1831,91,96
142,2018,2160,0.065741,0.916,3.140399e-04,1.026092e-02,2.581,0,6,176,1830,91,96
143,2017,2160,0.066204,0.916,3.140775e-04,1.032774e-02,2.5931,0,6,35,1829,91,96
144,2016,2160,0.066667,0.916,3.142129e-04,1.037800e-02,2.6065,0,6,86,1828,91,96
145,2015,2160,0.06713,0.916,3.144776e-04,1.033061e-02,2.5695,0,6,142,1827,91,96
146,2014,2160,0.067593,0.916,3.145517e-04,1.049970e-02,2.589,1,0,9,1827,90,96
147,2013,2160,0.068056,0.916,3.145517e-04,1.050609e-02,2.6317,0,6,141,1826,90,96
148,2012,2160,0.068519,0.916,3.146136e-04,1.063781e-02,2.5943,0,6,185,1825,90,96
149,2011,2160,0.068981,0.916,3.143937e-04,1.066930e-02,2.6125,0,6,102,1824,90,96
150,2010,2160,0.069444,0.916,3.143541e-04,1.069834e-02,2.5887,0,6,101,1823,90,96
151,2009,2160,0.069907,0.916,2.896844e-03,1.082802e-02,2.5811,1,0,4,1823,89,96
152,2008,2160,0.07037,0.916,2.896844e-03,1.097115e-02,2.5691,0,6,195,1822,89,96
153,2007,2160,0.070833,0.916,3.037012e-03,1.190943e-02,2.5944,0,6,147,1821,89,96
154,2006,2160,0.071296,0.917,3.036161e-03,1.042346e-02,2.5688,0,6,25,1820,89,96
155,2005,2160,0.071759,0.917,3.035823e-03,1.089815e-02,2.5747,0,6,124,1819,89,96
156,2004,2160,0.072222,0.917,3.684329e-03,1.330471e-02,2.5833,0,6,167,1818,89,96
157,2003,2160,0.072685,0.917,3.684643e-03,1.235214e-02,2.5816,0,6,107,1817,89,96
158,2002,2160,0.073148,0.917,3.685459e-03,1.093774e-02,2.6082,0,6,58,1816,89,96
159,2001,2160,0.073611,0.917,3.934029e-03,1.138710e-02,2.5618,0,6,178,1815,89,96
160,2000,2160,0.074074,0.916,3.934207e-03,1.155387e-02,2.5895,0,6,12,1814,89,96
161,1999,2160,0.074537,0.917,3.934488e-03,1.193878e-02,2.5835,0,6,16,1813,89,96
162,1998,2160,0.075,0.917,3.933976e-03,1.158697e-02,2.6118,2,7,0,1813,89,95
163,1997,2160,0.075463,0.917,3.933976e-03,1.266971e-02,2.6336,0,6,175,1812,89,95
164,1996,2160,0.075926,0.917,3.933496e-03,1.161536e-02,2.5786,0,6,174,1811,89,95
165,1995,2160,0.076389,0.917,3.933637e-03,1.127862e-02,2.6245,0,6,168,1810,89,95
166,1994,2160,0.076852,0.917,3.934097e-03,1.158935e-02,2.5912,0,6,92,1809,89,95
167,1993,2160,0.077315,0.917,3.934504e-03,1.196108e-02,2.5902,0,6,44,1808,89,95
168,1992,2160,0.077778,0.917,3.934328e-03,1.206145e-02,2.5659,0,6,68,1807,89,95
169,1991,2160,0.078241,0.917,3.934088e-03,1.153818e-02,2.5704,0,6,1,1806,89,95
170,1990,2160,0.078704,0.917,4.026367e-03,1.252623e-02,2.5967,0,6,55,1805,89,95
171,1989,2160,0.079167,0.917,4.060437e-03,1.256231e-02,2.597,1,0,2,1805,88,95
172,1988,2160,0.07963,0.917,4.060437e-03,1.296852e-02,2.5901,2,1,0,1805,88,94
173,1987,2160,0.080093,0.917,4.060437e-03,1.413483e-02,2.577,0,6,63,1804,88,94
174,1986,2160,0.080556,0.917,4.096274e-03,1.562212e-02,2.5827,0,6,5,1803,88,94
175,1985,2160,0.081019,0.917,5.129437e-03,1.545434e-02,2.595,0,6,122,1802,88,94
176,1984,2160,0.081481,0.917,5.149429e-03,1.362161e-02,2.6337,0,6,52,1801,88,94
177,1983,2160,0.081944,0.917,5.149629e-03,1.394586e-02,2.5956,0,6,121,1800,88,94
178,1982,2160,0.082407,0.917,5.149847e-03,1.303313e-02,2.5934,0,6,100,1799,88,94
179,1981,2160,0.08287,0.917,5.149888e-03,1.578252e-02,2.5955,0,6,125,1798,88,94
180,1980,2160,0.083333,0.917,5.977403e-03,1.547141e-02,2.6341,0,6,45,1797,88,94
181,1979,2160,0.083796,0.917,6.062218e-03,1.452795e-02,2.5811,0,6,169,1796,88,94
182,1978,2160,0.084259,0.917,6.958532e-03,1.424245e-02,2.6026,0,6,73,1795,88,94
183,1977,2160,0.084722,0.917,7.399608e-03,1.361023e-02,2.6215,2,2,0,1795,88,93
184,1976,2160,0.085185,0.917,7.399608e-03,1.457766e-02,2.6377,2,0,0,1795,88,92
185,1975,2160,0.085648,0.917,7.399608e-03,1.817250e-02,2.613,0,6,66,1794,88,92
186,1974,2160,0.086111,0.917,9.538742e-03,1.851887e-02,2.6478,2,9,0,1794,88,91
187,1973,2160,0.086574,0.917,9.538742e-03,2.006271e-02,2.6187,2,4,0,1794,88,90
188,1972,2160,0.087037,0.917,9.538742e-03,2.361620e-02,2.5997,0,6,47,1793,88,90
189,1971,2160,0.0875,0.917,1.338994e-02,2.457373e-04,2.635,0,8,7,1792,88,90
190,1970,2160,0.087963,0.917,1.339178e-02,7.102988e-03,2.6499,0,1,175,1791,88,90
191,1969,2160,0.088426,0.917,1.351039e-02,1.808478e-02,2.6264,1,2,6,1791,87,90
192,1968,2160,0.088889,0.917,1.352032e-02,9.685322e-03,2.5984,0,5,156,1790,87,90
193,1967,2160,0.089352,0.917,2.340401e-02,4.688373e-03,2.6246,1,4,3,1790,86,90
194,1966,2160,0.089815,0.917,2.337062e-02,1.839737e-02,2.6446,1,9,6,1790,85,90
195,1965,2160,0.090278,0.917,2.336595e-02,7.016316e-03,2.5882,0,3,55,1789,85,90
196,1964,2160,0.090741,0.917,2.337403e-02,1.304034e-02,2.6316,0,2,14,1788,85,90
197,1963,2160,0.091204,0.917,2.340877e-02,1.636604e-03,2.5865,2,6,2,1788,85,89
198,1962,2160,0.091667,0.917,2.339634e-02,9.357429e-03,2.6169,2,4,9,1788,85,88
199,1961,2160,0.09213,0.917,2.334918e-02,8.679962e-04,2.6234,0,2,25,1787,85,88
200,1960,2160,0.092593,0.917,2.337211e-02,2.823720e-03,2.6059,0,9,30,1786,85,88
201,1959,2160,0.093056,0.917,2.342130e-02,6.042973e-03,2.6199,0,3,138,1785,85,88
202,1958,2160,0.093519,0.917,2.345559e-02,3.008616e-02,2.574,0,2,169,1784,85,88
203,1957,2160,0.093981,0.917,2.507256e-02,5.653421e-04,2.577,2,1,8,1784,85,87
204,1956,2160,0.094444,0.917,2.506367e-02,4.205744e-02,2.575,0,6,69,1783,85,87
205,1955,2160,0.094907,0.917,2.596437e-02,5.378394e-03,2.5817,1,2,1,1783,84,87
206,1954,2160,0.09537,0.917,2.596340e-02,8.996129e-03,2.5723,0,6,19,1782,84,87
207,1953,2160,0.095833,0.917,2.602334e-02,1.056975e-02,2.5873,0,1,4,1781,84,87
208,1952,2160,0.096296,0.917,2.619274e-02,1.059819e-02,2.5817,0,2,119,1780,84,87
209,1951,2160,0.096759,0.917,2.616215e-02,3.420641e-03,2.6206,1,1,5,1780,83,87
210,1950,2160,0.097222,0.917,2.626320e-02,7.995198e-03,2.573,0,9,42,1779,83,87
211,1949,2160,0.097685,0.917,2.650453e-02,1.444852e-02,2.608,2,0,5,1779,83,86
212,1948,2160,0.098148,0.917,2.662422e-02,3.119126e-03,2.6004,0,9,40,1778,83,86
213,1947,2160,0.098611,0.917,2.683526e-02,5.333519e-02,2.5959,2,1,7,1778,83,85
214,1946,2160,0.099074,0.917,2.720523e-02,2.496386e-02,2.574,1,1,6,1778,82,85
215,1945,2160,0.099537,0.917,2.737871e-02,1.956570e-03,2.588,1,7,6,1778,81,85
216,1944,2160,0.1,0.917,2.737463e-02,1.604664e-02,2.5994,2,8,1,1778,81,84
217,1943,2160,0.100463,0.916,2.726888e-02,3.972342e-03,2.6205,0,3,10,1777,81,84
218,1942,2160,0.100926,0.916,2.758331e-02,2.023244e-02,2.5815,2,7,4,1777,81,83
219,1941,2160,0.101389,0.916,2.911483e-02,2.503525e-02,2.5905,0,9,4,1776,81,83
220,1940,2160,0.101852,0.917,8.140889e-02,2.825177e-03,2.656,0,9,184,1775,81,83
221,1939,2160,0.102315,0.917,8.130334e-02,3.870097e-03,2.5852,0,3,191,1774,81,83
222,1938,2160,0.102778,0.917,8.179813e-02,1.238608e-02,2.6287,0,3,170,1773,81,83
223,1937,2160,0.103241,0.917,8.443603e-02,3.184810e-03,2.5839,0,3,123,1772,81,83
224,1936,2160,0.103704,0.917,8.433554e-02,3.092336e-02,2.5852,2,6,6,1772,81,82
225,1935,2160,0.104167,0.917,8.510769e-02,3.967605e-03,2.584,2,2,2,1772,81,81
226,1934,2160,0.10463,0.917,8.674503e-02,8.953677e-04,2.5709,0,8,25,1771,81,81
227,1933,2160,0.105093,0.917,8.720843e-02,2.684411e-02,2.5724,0,6,49,1770,81,81
228,1932,2160,0.105556,0.917,9.119381e-02,2.202584e-03,2.5994,0,6,96,1769,81,81
229,1931,2160,0.106019,0.917,9.134588e-02,2.740845e-04,2.5798,0,0,153,1768,81,81
230,1930,2160,0.106481,0.917,9.195285e-02,8.740062e-03,2.6415,0,1,21,1767,81,81
231,1929,2160,0.106944,0.917,9.188401e-02,4.827546e-03,2.591,0,4,73,1766,81,81
232,1928,2160,0.107407,0.917,9.148178e-02,3.412768e-03,2.5747,0,6,154,1765,81,81
233,1927,2160,0.10787,0.917,9.176026e-02,3.345291e-03,2.5951,0,6,99,1764,81,81
234,1926,2160,0.108333,0.917,9.188494e-02,2.546617e-03,2.6198,0,6,179,1763,81,81
235,1925,2160,0.108796,0.917,9.209028e-02,2.766207e-03,2.5929,0,8,88,1762,81,81
236,1924,2160,0.109259,0.917,9.388126e-02,3.806717e-03,2.5858,0,6,76,1761,81,81
237,1923,2160,0.109722,0.917,9.402989e-02,1.659787e-03,2.5749,0,9,54,1760,81,81
238,1922,2160,0.110185,0.917,9.494455e-02,1.610555e-03,2.5939,0,9,73,1759,81,81
239,1921,2160,0.110648,0.917,9.478206e-02,1.558471e-03,2.6021,0,9,75,1758,81,81
240,1920,2160,0.111111,0.917,9.508886e-02,2.702798e-03,2.6164,0,6,32,1757,81,81
241,1919,2160,0.111574,0.917,9.529534e-02,1.359249e-03,2.5772,0,9,87,1756,81,81
242,1918,2160,0.112037,0.917,9.606525e-02,3.102975e-03,2.5781,0,6,95,1755,81,81
243,1917,2160,0.1125,0.917,9.627253e-02,4.237854e-03,2.6214,0,9,104,1754,81,81
244,1916,2160,0.112963,0.917,9.554481e-02,3.212692e-03,2.616,0,9,137,1753,81,81
245,1915,2160,0.113426,0.917,9.667230e-02,3.675570e-03,2.5849,0,6,11,1752,81,81
246,1914,2160,0.113889,0.917,9.695973e-02,3.082774e-03,2.5732,0,6,22,1751,81,81
247,1913,2160,0.114352,0.917,9.729002e-02,3.209765e-03,2.5741,0,6,97,1750,81,81
248,1912,2160,0.114815,0.917,9.769403e-02,4.670508e-03,2.5722,0,5,29,1749,81,81
249,1911,2160,0.115278,0.917,1.002224e-01,1.153198e-02,2.5996,1,5,6,1749,80,81
250,1910,2160,0.115741,0.917,1.012903e-01,5.672793e-03,2.5679,0,3,158,1748,80,81
251,1909,2160,0.116204,0.917,1.022885e-01,5.316937e-03,2.5724,0,6,98,1747,80,81
252,1908,2160,0.116667,0.918,1.044209e-01,1.815188e-02,2.6069,2,6,8,1747,80,80
253,1907,2160,0.11713,0.918,1.156851e-01,1.002018e-02,2.6034,0,1,62,1746,80,80
254,1906,2160,0.117593,0.918,1.318628e-01,2.479228e-03,2.5798,0,6,192,1745,80,80
255,1905,2160,0.118056,0.918,1.322122e-01,1.856008e-03,2.592,0,9,194,1744,80,80
256,1904,2160,0.118519,0.918,1.343997e-01,1.569539e-03,2.572,0,9,154,1743,80,80
257,1903,2160,0.118981,0.918,1.362204e-01,7.277917e-03,2.6949,0,1,97,1742,80,80
258,1902,2160,0.119444,0.918,1.395548e-01,4.841906e-04,2.6115,0,0,68,1741,80,80
259,1901,2160,0.119907,0.917,1.421481e-01,8.608519e-02,2.6086,0,2,99,1740,80,80
260,1900,2160,0.12037,0.918,1.753832e-01,3.910971e-03,2.5832,0,6,87,1739,80,80
261,1899,2160,0.120833,0.918,1.756769e-01,6.477110e-03,2.5757,0,6,162,1738,80,80
262,1898,2160,0.121296,0.918,1.758390e-01,3.111525e-02,2.5871,2,2,3,1738,80,79
263,1897,2160,0.121759,0.917,1.977124e-01,9.269177e-03,2.5818,0,3,92,1737,80,79
264,1896,2160,0.122222,0.917,1.960304e-01,8.201229e-03,2.5794,0,4,67,1736,80,79
265,1895,2160,0.122685,0.918,1.969341e-01,1.385854e-02,2.5976,2,3,6,1736,80,78
266,1894,2160,0.123148,0.918,2.177252e-01,1.269694e-02,2.5921,0,9,95,1735,80,78
267,1893,2160,0.123611,0.918,2.263716e-01,5.751058e-03,2.6096,0,3,143,1734,80,78
268,1892,2160,0.124074,0.917,2.316767e-01,2.157006e-02,2.6017,0,2,185,1733,80,78
269,1891,2160,0.124537,0.916,2.733665e-01,9.317043e-03,2.5754,0,2,32,1732,80,78
270,1890,2160,0.125,0.916,3.040498e-01,1.324131e-02,2.6085,0,4,31,1731,80,78
271,1889,2160,0.125463,0.916,3.162924e-01,1.120455e-02,2.5962,0,2,182,1730,80,78
272,1888,2160,0.125926,0.916,3.132276e-01,4.314107e-02,2.5971,1,2,4,1730,79,78
273,1887,2160,0.126389,0.917,1.130997e+00,1.183242e-02,2.5931,0,4,28,1729,79,78
274,1886,2160,0.126852,0.917,1.166603e+00,4.819728e-03,2.6284,1,5,0,1729,78,78
275,1885,2160,0.127315,0.917,1.170635e+00,4.121953e-03,2.5947,0,3,27,1728,78,78
276,1884,2160,0.127778,0.917,1.177235e+00,1.569281e-02,2.5765,0,3,63,1727,78,78
277,1883,2160,0.128241,0.917,1.168805e+00,2.240353e-03,2.5921,0,3,151,1726,78,78
278,1882,2160,0.128704,0.917,1.178148e+00,3.209802e-03,2.6059,0,9,78,1725,78,78
279,1881,2160,0.129167,0.917,1.179544e+00,1.514980e-03,2.6127,0,8,183,1724,78,78
280,1880,2160,0.12963,0.917,1.185776e+00,2.583287e-03,2.5991,0,4,180,1723,78,78
281,1879,2160,0.130093,0.917,1.185499e+00,5.627634e-03,2.6285,0,1,193,1722,78,78
282,1878,2160,0.130556,0.917,1.190832e+00,3.047023e-03,2.5804,0,9,28,1721,78,78
283,1877,2160,0.131019,0.917,1.209592e+00,4.184974e-03,2.5877,0,6,116,1720,78,78
284,1876,2160,0.131481,0.917,1.207325e+00,3.813010e-03,2.5879,0,6,82,1719,78,78
285,1875,2160,0.131944,0.917,1.207532e+00,5.740130e-04,2.6321,0,7,155,1718,78,78
286,1874,2160,0.132407,0.917,1.213644e+00,4.745341e-03,2.5754,0,6,139,1717,78,78
287,1873,2160,0.13287,0.917,1.214661e+00,5.147060e-03,2.5708,0,6,184,1716,78,78
288,1872,2160,0.133333,0.917,1.212218e+00,7.355377e-03,2.5799,1,6,6,1716,77,78
289,1871,2160,0.133796,0.917,1.212451e+00,3.039055e-03,2.5888,0,9,164,1715,77,78
290,1870,2160,0.134259,0.917,1.213300e+00,4.293100e-03,2.6077,0,9,152,1714,77,78
291,1869,2160,0.134722,0.917,1.238729e+00,4.958760e-03,2.5995,0,6,145,1713,77,78
292,1868,2160,0.135185,0.917,1.230578e+00,2.333430e-02,2.5828,0,4,168,1712,77,78
293,1867,2160,0.135648,0.917,1.352129e+00,1.797686e-03,2.603,0,9,175,1711,77,78
294,1866,2160,0.136111,0.917,1.353994e+00,2.801733e-03,2.6372,0,8,112,1710,77,78
295,1865,2160,0.136574,0.917,1.378677e+00,4.052623e-03,2.6274,0,2,167,1709,77,78
296,1864,2160,0.137037,0.917,1.409388e+00,6.880347e-03,2.5891,0,5,180,1708,77,78
297,1863,2160,0.1375,0.917,1.415304e+00,3.429888e-03,2.6261,0,3,180,1707,77,78
298,1862,2160,0.137963,0.917,1.427706e+00,1.782599e-02,2.6101,0,1,115,1706,77,78
299,1861,2160,0.138426,0.917,1.487820e+00,3.910762e-03,2.6035,0,8,146,1705,77,78
300,1860,2160,0.138889,0.918,1.474874e+00,2.424883e-02,2.5787,0,3,132,1704,77,78
301,1859,2160,0.139352,0.918,1.592577e+00,1.718320e-02,2.5785,0,1,113,1703,77,78
302,1858,2160,0.139815,0.918,1.628567e+00,8.814966e-03,2.6258,0,1,50,1702,77,78
303,1857,2160,0.140278,0.918,1.631252e+00,1.589227e-02,2.5916,1,9,5,1702,76,78
304,1856,2160,0.140741,0.918,1.656364e+00,2.064941e-02,2.6547,0,5,42,1701,76,78
305,1855,2160,0.141204,0.918,1.712821e+00,8.117519e-03,2.5824,0,2,111,1700,76,78
306,1854,2160,0.141667,0.918,1.729401e+00,5.670851e-03,2.577,0,6,39,1699,76,78
307,1853,2160,0.14213,0.918,1.724291e+00,5.228307e-03,2.639,0,6,93,1698,76,78
308,1852,2160,0.142593,0.918,1.720328e+00,8.461912e-03,2.6108,0,6,165,1697,76,78
309,1851,2160,0.143056,0.918,1.716103e+00,9.763292e-03,2.5765,0,6,161,1696,76,78
310,1850,2160,0.143519,0.918,1.709097e+00,3.278686e-02,2.5841,0,6,34,1695,76,78
311,1849,2160,0.143981,0.918,1.727325e+00,4.348371e-02,2.5933,0,6,151,1694,76,78
312,1848,2160,0.144444,0.918,1.745915e+00,3.192280e-03,2.5771,0,9,84,1693,76,78
313,1847,2160,0.144907,0.918,1.756418e+00,1.008085e-03,2.5779,0,0,116,1692,76,78
314,1846,2160,0.14537,0.918,1.770846e+00,2.218905e-02,2.5977,0,4,54,1691,76,78
315,1845,2160,0.145833,0.918,1.778406e+00,4.756866e-03,2.5779,0,1,191,1690,76,78
316,1844,2160,0.146296,0.917,1.812976e+00,3.987091e-03,2.5762,0,9,157,1689,76,78
317,1843,2160,0.146759,0.918,1.840925e+00,6.218979e-03,2.5827,0,2,56,1688,76,78
318,1842,2160,0.147222,0.918,1.861590e+00,3.748502e-03,2.5784,0,8,98,1687,76,78
319,1841,2160,0.147685,0.918,1.873449e+00,2.376326e-02,2.6163,0,9,2,1686,76,78
320,1840,2160,0.148148,0.918,1.857830e+00,9.899316e-03,2.6158,2,8,8,1686,76,77
321,1839,2160,0.148611,0.918,1.881474e+00,3.879868e-02,2.5694,0,5,93,1685,76,77
322,1838,2160,0.149074,0.918,2.206833e+00,2.840966e-02,2.61,1,3,1,1685,75,77
323,1837,2160,0.149537,0.918,2.368281e+00,3.801773e-02,2.5998,0,2,59,1684,75,77
324,1836,2160,0.15,0.918,7.160633e+00,3.788522e-03,2.5859,0,2,69,1683,75,77
325,1835,2160,0.150463,0.918,7.175702e+00,6.508673e-03,2.5839,0,8,180,1682,75,77
326,1834,2160,0.150926,0.919,7.202617e+00,3.122475e-03,2.5808,0,3,126,1681,75,77
327,1833,2160,0.151389,0.919,7.223830e+00,1.198180e-02,2.6067,0,9,126,1680,75,77
328,1832,2160,0.151852,0.918,7.209822e+00,3.849641e-03,2.5804,0,3,181,1679,75,77
329,1831,2160,0.152315,0.918,7.223474e+00,1.807351e-02,2.6143,0,1,195,1678,75,77
330,1830,2160,0.152778,0.918,7.091971e+00,5.429464e-03,2.6357,0,9,9,1677,75,77
331,1829,2160,0.153241,0.918,7.091689e+00,6.915880e-02,2.5833,0,4,178,1676,75,77
332,1828,2160,0.153704,0.918,8.863727e+00,2.995371e-03,2.5985,0,3,142,1675,75,77
333,1827,2160,0.154167,0.918,8.847904e+00,6.122385e-03,2.5861,1,9,0,1675,74,77
334,1826,2160,0.15463,0.918,8.802954e+00,3.425843e-03,2.581,0,2,195,1674,74,77
335,1825,2160,0.155093,0.918,8.817219e+00,3.576220e-02,2.6168,0,9,92,1673,74,77
336,1824,2160,0.155556,0.917,8.959043e+00,1.102878e-02,2.5843,0,9,170,1672,74,77
337,1823,2160,0.156019,0.916,9.026485e+00,1.289380e-02,2.6455,0,4,93,1671,74,77
338,1822,2160,0.156481,0.916,8.855287e+00,8.330536e-03,2.5828,0,3,172,1670,74,77
339,1821,2160,0.156944,0.916,8.902100e+00,2.008683e-02,2.5879,0,3,119,1669,74,77
340,1820,2160,0.157407,0.917,8.845972e+00,3.453706e-02,2.5759,0,4,9,1668,74,77
341,1819,2160,0.15787,0.916,9.168433e+00,2.514128e-02,2.5755,0,9,185,1667,74,77
342,1818,2160,0.158333,0.916,8.998818e+00,7.773632e-03,2.5987,0,5,75,1666,74,77
343,1817,2160,0.158796,0.916,9.039497e+00,6.008531e-03,2.5894,0,9,193,1665,74,77
344,1816,2160,0.159259,0.916,9.129310e+00,3.599722e-03,2.6337,0,9,171,1664,74,77
345,1815,2160,0.159722,0.916,9.210554e+00,3.830266e-03,2.5966,0,9,38,1663,74,77
346,1814,2160,0.160185,0.916,9.203871e+00,3.447567e-03,2.5886,0,9,18,1662,74,77
347,1813,2160,0.160648,0.916,9.244665e+00,3.315225e-03,2.5828,0,3,41,1661,74,77
348,1812,2160,0.161111,0.916,9.297844e+00,4.155698e-03,2.583,0,9,124,1660,74,77
349,1811,2160,0.161574,0.915,9.366226e+00,9.046772e-03,2.5871,0,3,70,1659,74,77
350,1810,2160,0.162037,0.916,9.244004e+00,3.200349e-03,2.601,0,9,0,1658,74,77
351,1809,2160,0.1625,0.916,9.275225e+00,4.520216e-03,2.5738,0,9,19,1657,74,77
352,1808,2160,0.162963,0.915,9.311461e+00,1.115778e-02,2.5794,0,3,164,1656,74,77
353,1807,2160,0.163426,0.916,9.227895e+00,8.863566e-03,2.5901,0,1,41,1655,74,77
354,1806,2160,0.163889,0.915,9.344901e+00,2.226323e-02,2.6066,0,0,155,1654,74,77
355,1805,2160,0.164352,0.915,9.596997e+00,9.341846e-03,2.5962,0,3,56,1653,74,77
356,1804,2160,0.164815,0.915,9.619167e+00,5.948395e-03,2.6217,0,8,47,1652,74,77
357,1803,2160,0.165278,0.915,9.748504e+00,1.308149e-02,2.6005,0,8,124,1651,74,77
358,1802,2160,0.165741,0.915,9.678823e+00,1.025948e-02,2.5975,0,5,168,1650,74,77
359,1801,2160,0.166204,0.915,9.808493e+00,2.206830e-02,2.576,0,2,75,1649,74,77
360,1800,2160,0.166667,0.915,9.919245e+00,3.445081e-02,2.6069,0,2,151,1648,74,77
361,1799,2160,0.16713,0.914,1.009476e+01,2.762091e-03,2.6128,0,8,11,1647,74,77
362,1798,2160,0.167593,0.914,1.014515e+01,5.455078e-03,2.5852,0,9,109,1646,74,77
363,1797,2160,0.168056,0.914,1.018059e+01,1.133890e-02,2.5845,0,3,97,1645,74,77
364,1796,2160,0.168519,0.914,1.009959e+01,1.039839e-02,2.5883,0,3,177,1644,74,77
365,1795,2160,0.168981,0.914,1.008063e+01,6.699957e-03,2.633,0,9,33,1643,74,77
366,1794,2160,0.169444,0.914,1.013230e+01,6.280744e-03,2.5975,0,9,26,1642,74,77
367,1793,2160,0.169907,0.914,1.020527e+01,7.604488e-03,2.5819,0,8,4,1641,74,77
368,1792,2160,0.17037,0.914,1.033850e+01,8.385371e-03,2.5857,0,9,5,1640,74,77
369,1791,2160,0.170833,0.914,1.038254e+01,3.954916e-02,2.5852,0,3,16,1639,74,77
370,1790,2160,0.171296,0.913,1.042908e+01,3.585249e-02,2.5871,2,3,8,1639,74,76
371,1789,2160,0.171759,0.912,1.057687e+01,2.954348e-02,2.5886,0,9,99,1638,74,76
372,1788,2160,0.172222,0.912,1.112651e+01,1.260107e-02,2.6204,0,3,131,1637,74,76
373,1787,2160,0.172685,0.911,1.118489e+01,4.358884e-03,2.5879,0,3,166,1636,74,76
374,1786,2160,0.173148,0.912,1.120880e+01,1.858087e-02,2.5871,1,2,9,1636,73,76
375,1785,2160,0.173611,0.91,1.117868e+01,1.434540e-02,2.5831,0,9,64,1635,73,76
376,1784,2160,0.174074,0.91,1.136663e+01,4.828132e-02,2.5922,1,3,3,1635,72,76
377,1783,2160,0.174537,0.909,1.225486e+01,3.472161e-02,2.6309,1,1,3,1635,71,76
378,1782,2160,0.175,0.909,1.230984e+01,1.591151e-02,2.5892,0,1,46,1634,71,76
379,1781,2160,0.175463,0.909,1.239948e+01,4.795758e-02,2.6291,0,9,7,1633,71,76
380,1780,2160,0.175926,0.911,1.376665e+01,3.147455e-02,2.5816,0,3,3,1632,71,76
381,1779,2160,0.176389,0.909,1.393985e+01,5.747144e-03,2.5765,0,1,20,1631,71,76
382,1778,2160,0.176852,0.909,1.395439e+01,5.219815e-03,2.5771,0,1,11,1630,71,76
383,1777,2160,0.177315,0.909,1.406183e+01,1.787567e-03,2.5886,0,0,163,1629,71,76
384,1776,2160,0.177778,0.91,1.411175e+01,7.996099e-03,2.5934,0,9,189,1628,71,76
385,1775,2160,0.178241,0.91,1.419304e+01,8.659489e-03,2.5825,0,9,102,1627,71,76
386,1774,2160,0.178704,0.909,1.424617e+01,7.350785e-03,2.5814,0,3,155,1626,71,76
387,1773,2160,0.179167,0.91,1.437343e+01,1.911104e-03,2.5842,0,0,158,1625,71,76
388,1772,2160,0.17963,0.909,1.444486e+01,1.070519e-02,2.5805,0,4,71,1624,71,76
389,1771,2160,0.180093,0.909,1.457785e+01,6.616077e-03,2.6081,0,4,15,1623,71,76
390,1770,2160,0.180556,0.909,1.467268e+01,3.899829e-03,2.6172,0,7,56,1622,71,76
391,1769,2160,0.181019,0.91,1.471999e+01,8.395944e-03,2.6154,0,9,183,1621,71,76
392,1768,2160,0.181481,0.911,1.480287e+01,1.752874e-03,2.5886,0,0,94,1620,71,76
393,1767,2160,0.181944,0.911,1.487683e+01,1.009136e-02,2.6036,0,9,135,1619,71,76
394,1766,2160,0.182407,0.91,1.511964e+01,8.451481e-03,2.5866,0,9,13,1618,71,76
395,1765,2160,0.18287,0.909,1.517554e+01,3.341753e-03,2.6077,0,5,183,1617,71,76
396,1764,2160,0.183333,0.909,1.520225e+01,1.785418e-02,2.6145,0,1,148,1616,71,76
397,1763,2160,0.183796,0.908,1.525193e+01,4.260331e-02,2.6403,2,6,3,1616,71,75
398,1762,2160,0.184259,0.907,1.571697e+01,3.582942e-01,2.6562,0,8,57,1615,71,75
399,1761,2160,0.184722,0.903,1.553620e+03,3.051178e-04,2.5905,0,4,8,1614,71,75
400,1760,2160,0.185185,0.903,1.553604e+03,6.748002e-04,2.5788,0,9,156,1613,71,75
401,1759,2160,0.185648,0.903,1.553745e+03,1.576486e-03,2.6434,0,1,88,1612,71,75
402,1758,2160,0.186111,0.903,1.553782e+03,1.215584e-03,2.5709,0,9,179,1611,71,75
403,1757,2160,0.186574,0.903,1.553803e+03,1.929584e-02,2.5913,1,5,2,1611,70,75
404,1756,2160,0.187037,0.903,1.554193e+03,2.179690e-03,2.5831,0,8,125,1610,70,75
405,1755,2160,0.1875,0.903,1.554144e+03,2.017479e-03,2.5898,0,1,139,1609,70,75
406,1754,2160,0.187963,0.903,1.554137e+03,4.640483e-03,2.6138,2,2,7,1609,70,74
407,1753,2160,0.188426,0.903,1.553750e+03,2.648286e-03,2.597,0,2,110,1608,70,74
408,1752,2160,0.188889,0.903,1.553937e+03,1.353733e-03,2.5919,0,5,92,1607,70,74
409,1751,2160,0.189352,0.903,1.553798e+03,3.834412e-03,2.6346,0,2,76,1606,70,74
410,1750,2160,0.189815,0.903,1.554202e+03,3.000001e-03,2.63,0,9,82,1605,70,74
411,1749,2160,0.190278,0.903,1.554216e+03,4.269331e-03,2.5853,0,2,125,1604,70,74
412,1748,2160,0.190741,0.903,1.553939e+03,5.072552e-03,2.577,0,5,91,1603,70,74
413,1747,2160,0.191204,0.903,1.554491e+03,2.354036e-03,2.6093,0,5,40,1602,70,74
414,1746,2160,0.191667,0.903,1.555032e+03,2.027597e-03,2.6492,0,5,26,1601,70,74
415,1745,2160,0.19213,0.903,1.554695e+03,4.983435e-03,2.6147,0,5,188,1600,70,74
416,1744,2160,0.192593,0.903,1.554774e+03,1.308325e-02,2.5909,0,1,95,1599,70,74
417,1743,2160,0.193056,0.902,1.555318e+03,1.276798e-02,2.6023,0,9,25,1598,70,74
418,1742,2160,0.193519,0.903,1.554555e+03,1.720477e-02,2.5885,0,8,90,1597,70,74
419,1741,2160,0.193981,0.903,1.554274e+03,4.916672e-03,2.5715,0,3,153,1596,70,74
420,1740,2160,0.194444,0.903,1.554433e+03,1.427338e-03,2.5783,0,0,28,1595,70,74
421,1739,2160,0.194907,0.903,1.554496e+03,5.002522e-03,2.5895,0,2,152,1594,70,74
422,1738,2160,0.19537,0.903,1.554843e+03,6.339376e-03,2.5982,0,9,12,1593,70,74
423,1737,2160,0.195833,0.902,1.554705e+03,2.969692e-03,2.5983,0,0,151,1592,70,74
424,1736,2160,0.196296,0.902,1.554647e+03,1.195485e-02,2.5836,0,8,108,1591,70,74
425,1735,2160,0.196759,0.902,1.555586e+03,3.810712e-03,2.5883,0,4,108,1590,70,74
426,1734,2160,0.197222,0.902,1.555868e+03,6.281198e-03,2.5751,0,9,70,1589,70,74
427,1733,2160,0.197685,0.902,1.556850e+03,2.055323e-02,2.5782,1,7,5,1589,69,74
428,1732,2160,0.198148,0.901,1.560764e+03,4.192051e-03,2.6263,1,8,3,1589,68,74
429,1731,2160,0.198611,0.901,1.561930e+03,3.646967e-03,2.5957,0,3,118,1588,68,74
430,1730,2160,0.199074,0.901,1.561809e+03,1.807571e-03,2.609,0,7,188,1587,68,74
431,1729,2160,0.199537,0.901,1.561853e+03,5.592460e-03,2.5996,0,9,127,1586,68,74
432,1728,2160,0.2,0.901,1.561293e+03,5.925202e-03,2.6125,0,9,68,1585,68,74
433,1727,2160,0.200463,0.901,1.560881e+03,5.294662e-03,2.6074,0,9,112,1584,68,74
434,1726,2160,0.200926,0.901,1.559610e+03,2.227590e-02,2.6234,0,9,151,1583,68,74
435,1725,2160,0.201389,0.899,1.565773e+03,1.637726e-03,2.6072,2,0,7,1583,68,73
436,1724,2160,0.201852,0.899,1.565068e+03,5.712295e-03,2.5978,0,1,94,1582,68,73
437,1723,2160,0.202315,0.899,1.564961e+03,1.147612e-02,2.5925,0,4,0,1581,68,73
438,1722,2160,0.202778,0.899,1.567954e+03,5.038687e-03,2.5903,0,5,96,1580,68,73
439,1721,2160,0.203241,0.899,1.568376e+03,1.251621e-03,2.5851,0,2,42,1579,68,73
440,1720,2160,0.203704,0.899,1.568268e+03,2.998193e-03,2.5951,0,9,182,1578,68,73
441,1719,2160,0.204167,0.898,1.568752e+03,1.274292e-02,2.6062,0,9,138,1577,68,73
442,1718,2160,0.20463,0.9,1.569913e+03,7.474804e-03,2.61,0,9,44,1576,68,73
443,1717,2160,0.205093,0.9,1.568834e+03,6.886015e-03,2.5918,0,9,15,1575,68,73
444,1716,2160,0.205556,0.9,1.570072e+03,5.943604e-03,2.5831,0,8,111,1574,68,73
445,1715,2160,0.206019,0.901,1.572505e+03,8.266440e-03,2.5831,0,9,72,1573,68,73
446,1714,2160,0.206481,0.901,1.572504e+03,7.684056e-03,2.5864,0,2,162,1572,68,73
447,1713,2160,0.206944,0.902,1.571898e+03,7.604125e-03,2.5779,0,9,79,1571,68,73
448,1712,2160,0.207407,0.902,1.571248e+03,7.101056e-03,2.6036,0,0,54,1570,68,73
449,1711,2160,0.20787,0.901,1.569595e+03,6.284877e-03,2.5782,0,3,113,1569,68,73
450,1710,2160,0.208333,0.901,1.571679e+03,3.835188e-03,2.5828,0,3,13,1568,68,73
451,1709,2160,0.208796,0.901,1.571291e+03,1.924934e-03,2.5827,0,2,13,1567,68,73
452,1708,2160,0.209259,0.901,1.571437e+03,4.388320e-03,2.5947,0,7,119,1566,68,73
453,1707,2160,0.209722,0.901,1.573907e+03,2.236961e-02,2.6249,2,1,9,1566,68,72
454,1706,2160,0.210185,0.901,1.577857e+03,9.759197e-03,2.581,2,1,1,1566,68,71
455,1705,2160,0.210648,0.901,1.573379e+03,7.300316e-03,2.6054,0,9,188,1565,68,71
456,1704,2160,0.211111,0.9,1.570658e+03,9.117067e-03,2.5839,0,3,57,1564,68,71
457,1703,2160,0.211574,0.9,1.570315e+03,3.051808e-03,2.5835,0,0,72,1563,68,71
458,1702,2160,0.212037,0.9,1.571413e+03,9.420098e-03,2.5829,0,3,83,1562,68,71
459,1701,2160,0.2125,0.9,1.569594e+03,4.038238e-03,2.5843,0,5,83,1561,68,71
460,1700,2160,0.212963,0.9,1.571867e+03,1.013822e-02,2.6126,0,9,37,1560,68,71
461,1699,2160,0.213426,0.9,1.575000e+03,5.325106e-03,2.5981,0,0,184,1559,68,71
462,1698,2160,0.213889,0.9,1.571919e+03,5.028476e-03,2.6023,0,5,57,1558,68,71
463,1697,2160,0.214352,0.901,1.574098e+03,1.951164e-03,2.6103,0,0,169,1557,68,71
464,1696,2160,0.214815,0.9,1.574038e+03,5.074511e-03,2.5784,0,9,29,1556,68,71
465,1695,2160,0.215278,0.9,1.574781e+03,9.813664e-03,2.5871,0,5,6,1555,68,71
466,1694,2160,0.215741,0.9,1.576342e+03,3.180388e-03,2.582,0,0,154,1554,68,71
467,1693,2160,0.216204,0.9,1.575117e+03,1.318592e-03,2.5841,0,7,27,1553,68,71
468,1692,2160,0.216667,0.9,1.575629e+03,1.119147e-02,2.5786,0,2,163,1552,68,71
469,1691,2160,0.21713,0.9,1.575331e+03,5.501583e-03,2.6186,0,9,163,1551,68,71
470,1690,2160,0.217593,0.9,1.576900e+03,1.124914e-02,2.5922,0,9,23,1550,68,71
471,1689,2160,0.218056,0.901,1.577666e+03,1.121910e-02,2.5926,0,1,152,1549,68,71
472,1688,2160,0.218519,0.9,1.573263e+03,7.623705e-03,2.6134,0,5,2,1548,68,71
473,1687,2160,0.218981,0.9,1.574360e+03,1.207436e-02,2.6159,0,3,112,1547,68,71
474,1686,2160,0.219444,0.901,1.581597e+03,7.475973e-03,2.5762,0,8,19,1546,68,71
475,1685,2160,0.219907,0.901,1.582183e+03,2.096515e-02,2.6229,0,0,111,1545,68,71
476,1684,2160,0.22037,0.9,1.570940e+03,1.037690e-02,2.5873,0,4,41,1544,68,71
477,1683,2160,0.220833,0.9,1.568156e+03,1.928392e-02,2.5998,0,5,31,1543,68,71
478,1682,2160,0.221296,0.9,1.576637e+03,4.161151e-02,2.5834,0,9,165,1542,68,71
479,1681,2160,0.221759,0.896,1.597875e+03,3.014975e-03,2.5878,0,4,109,1541,68,71
480,1680,2160,0.222222,0.896,1.598266e+03,3.508492e-03,2.6027,0,4,37,1540,68,71
481,1679,2160,0.222685,0.896,1.599426e+03,6.413951e-03,2.6217,0,4,79,1539,68,71
482,1678,2160,0.223148,0.896,1.602350e+03,8.112301e-03,2.6209,0,1,132,1538,68,71
483,1677,2160,0.223611,0.896,1.603617e+03,9.522255e-03,2.5778,0,1,85,1537,68,71
484,1676,2160,0.224074,0.896,1.605394e+03,5.546105e-03,2.6153,0,4,190,1536,68,71
485,1675,2160,0.224537,0.896,1.606201e+03,8.880669e-03,2.6261,0,5,79,1535,68,71
486,1674,2160,0.225,0.896,1.606584e+03,1.312342e-02,2.6391,1,2,0,1535,67,71
487,1673,2160,0.225463,0.896,1.612609e+03,1.582018e-02,2.6069,2,5,4,1535,67,70
488,1672,2160,0.225926,0.896,1.623859e+03,1.114731e-02,2.6043,0,4,50,1534,67,70
489,1671,2160,0.226389,0.896,1.620627e+03,1.003030e-02,2.6346,0,5,187,1533,67,70
490,1670,2160,0.226852,0.896,1.620790e+03,2.306659e-03,2.6083,0,0,125,1532,67,70
491,1669,2160,0.227315,0.896,1.621232e+03,1.398362e-02,2.591,0,0,95,1531,67,70
492,1668,2160,0.227778,0.896,1.626821e+03,2.161419e-03,2.5831,0,7,5,1530,67,70
493,1667,2160,0.228241,0.896,1.626732e+03,5.258019e-03,2.5943,0,7,127,1529,67,70
494,1666,2160,0.228704,0.896,1.625524e+03,9.603766e-03,2.6062,0,7,126,1528,67,70
495,1665,2160,0.229167,0.896,1.623896e+03,6.042600e-03,2.5932,0,2,84,1527,67,70
496,1664,2160,0.22963,0.896,1.625594e+03,2.169209e-02,2.59,0,9,52,1526,67,70
497,1663,2160,0.230093,0.896,1.622668e+03,2.879839e-01,2.5808,0,9,98,1525,67,70
498,1662,2160,0.230556,0.902,2.967734e+03,7.207767e-05,2.6057,0,0,11,1524,67,70
499,1661,2160,0.231019,0.902,2.967770e+03,2.906983e-04,2.5867,0,5,170,1523,67,70
500,1660,2160,0.231481,0.902,2.967916e+03,5.532619e-04,2.6388,0,2,183,1522,67,70
501,1659,2160,0.231944,0.902,2.967805e+03,9.673586e-04,2.6033,0,1,120,1521,67,70
502,1658,2160,0.232407,0.902,2.968058e+03,6.351810e-04,2.5891,0,3,6,1520,67,70
503,1657,2160,0.23287,0.902,2.968170e+03,3.815510e-04,2.6091,0,4,154,1519,67,70
504,1656,2160,0.233333,0.902,2.968167e+03,9.832211e-04,2.5931,0,0,38,1518,67,70
505,1655,2160,0.233796,0.902,2.968337e+03,7.978692e-04,2.5942,0,0,106,1517,67,70
506,1654,2160,0.234259,0.902,2.968585e+03,3.625775e-03,2.6141,0,3,45,1516,67,70
507,1653,2160,0.234722,0.902,2.967810e+03,2.101338e-03,2.6699,0,4,46,1515,67,70
508,1652,2160,0.235185,0.902,2.968158e+03,3.791012e-03,2.6,0,9,51,1514,67,70
509,1651,2160,0.235648,0.902,2.968710e+03,3.268043e-03,2.6167,0,5,88,1513,67,70
510,1650,2160,0.236111,0.902,2.969708e+03,4.642426e-03,2.5814,0,2,124,1512,67,70
511,1649,2160,0.236574,0.902,2.968058e+03,5.109613e-03,2.645,0,9,106,1511,67,70
512,1648,2160,0.237037,0.902,2.969328e+03,4.661737e-03,2.6225,0,3,108,1510,67,70
513,1647,2160,0.2375,0.902,2.970425e+03,2.231700e-03,2.5797,0,1,177,1509,67,70
514,1646,2160,0.237963,0.902,2.970131e+03,1.052948e-03,2.5862,0,0,182,1508,67,70
515,1645,2160,0.238426,0.902,2.969849e+03,5.969250e-03,2.586,0,5,100,1507,67,70
516,1644,2160,0.238889,0.902,2.967990e+03,5.313117e-03,2.5893,0,5,80,1506,67,70
517,1643,2160,0.239352,0.902,2.967004e+03,2.595770e-03,2.5793,0,0,168,1505,67,70
518,1642,2160,0.239815,0.902,2.966742e+03,4.122961e-03,2.6005,0,0,180,1504,67,70
519,1641,2160,0.240278,0.903,2.966742e+03,6.189351e-03,2.6292,0,3,77,1503,67,70
520,1640,2160,0.240741,0.903,2.966264e+03,4.263394e-03,2.6475,0,9,187,1502,67,70
521,1639,2160,0.241204,0.903,2.963832e+03,1.583792e-03,2.6572,0,1,42,1501,67,70
522,1638,2160,0.241667,0.903,2.964968e+03,1.340840e-03,2.6192,0,0,16,1500,67,70
523,1637,2160,0.24213,0.903,2.964518e+03,7.860634e-03,2.6007,0,9,1,1499,67,70
524,1636,2160,0.242593,0.903,2.963459e+03,1.455007e-03,2.6046,0,0,27,1498,67,70
525,1635,2160,0.243056,0.903,2.963846e+03,5.412898e-03,2.5749,0,2,20,1497,67,70
526,1634,2160,0.243519,0.903,2.964848e+03,8.871243e-03,2.5823,0,9,140,1496,67,70
527,1633,2160,0.243981,0.902,2.964703e+03,8.056746e-03,2.6195,0,2,129,1495,67,70
528,1632,2160,0.244444,0.902,2.967761e+03,1.919505e-03,2.5773,0,0,24,1494,67,70
529,1631,2160,0.244907,0.902,2.968652e+03,9.160563e-03,2.5878,0,5,61,1493,67,70
530,1630,2160,0.24537,0.902,2.967084e+03,9.543756e-03,2.5957,0,9,128,1492,67,70
531,1629,2160,0.245833,0.902,2.969047e+03,2.499831e-03,2.5727,0,1,15,1491,67,70
532,1628,2160,0.246296,0.902,2.967669e+03,2.569432e-03,2.5965,0,7,186,1490,67,70
533,1627,2160,0.246759,0.902,2.967094e+03,1.445823e-02,2.5893,0,1,129,1489,67,70
534,1626,2160,0.247222,0.903,2.959026e+03,2.087973e-03,2.5841,0,0,37,1488,67,70
535,1625,2160,0.247685,0.903,2.959196e+03,1.984269e-02,2.5958,1,2,5,1488,66,70
536,1624,2160,0.248148,0.901,2.958077e+03,7.134839e-03,2.6277,0,8,96,1487,66,70
537,1623,2160,0.248611,0.901,2.955177e+03,2.482977e-03,2.5756,0,0,14,1486,66,70
538,1622,2160,0.249074,0.901,2.956394e+03,2.258993e-03,2.5976,0,5,98,1485,66,70
539,1621,2160,0.249537,0.901,2.957249e+03,1.044854e-02,2.5962,0,9,141,1484,66,70
540,1620,2160,0.25,0.901,2.958349e+03,1.286329e-02,2.5812,0,1,136,1483,66,70
541,1619,2160,0.250463,0.901,2.957214e+03,8.844483e-03,2.5878,0,1,167,1482,66,70
542,1618,2160,0.250926,0.902,2.955532e+03,2.238362e-03,2.5795,0,3,167,1481,66,70
543,1617,2160,0.251389,0.902,2.955218e+03,5.363542e-03,2.6237,0,7,82,1480,66,70
544,1616,2160,0.251852,0.902,2.955923e+03,1.007309e-02,2.6276,0,9,46,1479,66,70
545,1615,2160,0.252315,0.903,2.957042e+03,1.531208e-02,2.6071,0,5,74,1478,66,70
546,1614,2160,0.252778,0.902,2.952744e+03,1.141897e-02,2.5885,0,2,184,1477,66,70
547,1613,2160,0.253241,0.901,2.956191e+03,1.488785e-02,2.5874,0,2,139,1476,66,70
548,1612,2160,0.253704,0.902,2.953748e+03,1.067786e-02,2.6181,0,5,45,1475,66,70
549,1611,2160,0.254167,0.901,2.957826e+03,1.197358e-02,2.5919,0,0,45,1474,66,70
550,1610,2160,0.25463,0.902,2.953200e+03,1.774019e-02,2.6066,0,9,178,1473,66,70
551,1609,2160,0.255093,0.902,2.956672e+03,2.705660e-02,2.6283,0,4,192,1472,66,70
552,1608,2160,0.255556,0.902,2.949946e+03,3.700781e-02,2.5872,2,3,5,1472,66,69
553,1607,2160,0.256019,0.901,2.953039e+03,3.672479e-02,2.6378,0,8,161,1471,66,69
554,1606,2160,0.256481,0.899,2.972435e+03,7.151759e-03,2.6229,0,1,116,1470,66,69
555,1605,2160,0.256944,0.899,2.976475e+03,5.214311e-03,2.6382,0,0,75,1469,66,69
556,1604,2160,0.257407,0.899,2.978078e+03,7.779554e-03,2.5902,0,0,91,1468,66,69
557,1603,2160,0.25787,0.898,2.982210e+03,4.495954e-03,2.6013,0,5,46,1467,66,69
558,1602,2160,0.258333,0.898,2.987187e+03,5.091208e-03,2.6029,0,8,15,1466,66,69
559,1601,2160,0.258796,0.898,2.990415e+03,6.059176e-03,2.5842,0,3,98,1465,66,69
560,1600,2160,0.259259,0.899,2.991104e+03,6.125771e-03,2.5822,0,8,110,1464,66,69
561,1599,2160,0.259722,0.899,2.994059e+03,1.476513e-02,2.5891,0,5,60,1463,66,69
562,1598,2160,0.260185,0.899,2.995354e+03,1.995922e-02,2.5793,1,9,9,1463,65,69
563,1597,2160,0.260648,0.898,2.994545e+03,3.296419e-03,2.5973,0,9,17,1462,65,69
564,1596,2160,0.261111,0.898,2.995564e+03,8.284696e-03,2.5855,0,4,90,1461,65,69
565,1595,2160,0.261574,0.898,2.999838e+03,1.226890e-02,2.5868,1,4,0,1461,64,69
566,1594,2160,0.262037,0.897,3.005071e+03,3.180490e-03,2.5899,0,0,152,1460,64,69
567,1593,2160,0.2625,0.897,3.004419e+03,6.177558e-03,2.5851,0,4,101,1459,64,69
568,1592,2160,0.262963,0.896,3.007635e+03,1.080522e-02,2.5888,0,9,133,1458,64,69
569,1591,2160,0.263426,0.896,3.010186e+03,7.738000e-04,2.5822,0,3,133,1457,64,69
570,1590,2160,0.263889,0.896,3.010239e+03,5.238337e-03,2.5848,0,4,135,1456,64,69
571,1589,2160,0.264352,0.897,3.008648e+03,4.240627e-03,2.6007,0,4,148,1455,64,69
572,1588,2160,0.264815,0.897,3.007473e+03,5.172631e-03,2.5961,0,4,55,1454,64,69
573,1587,2160,0.265278,0.897,3.004657e+03,3.559669e-03,2.5865,0,4,26,1453,64,69
574,1586,2160,0.265741,0.897,3.005223e+03,1.403848e-02,2.6032,0,9,159,1452,64,69
575,1585,2160,0.266204,0.897,3.005874e+03,1.313516e-02,2.6086,0,3,173,1451,64,69
576,1584,2160,0.266667,0.895,3.006601e+03,8.924864e-03,2.5913,0,8,56,1450,64,69
577,1583,2160,0.26713,0.896,3.008384e+03,6.435236e-03,2.5811,0,4,123,1449,64,69
578,1582,2160,0.267593,0.896,3.009702e+03,3.536367e-03,2.5996,0,2,30,1448,64,69
579,1581,2160,0.268056,0.896,3.008781e+03,5.303280e-03,2.6294,0,0,19,1447,64,69
580,1580,2160,0.268519,0.896,3.010912e+03,8.386564e-03,2.583,0,8,150,1446,64,69
581,1579,2160,0.268981,0.896,3.010664e+03,2.615708e-03,2.6498,0,7,184,1445,64,69
582,1578,2160,0.269444,0.895,3.010966e+03,3.592024e-03,2.588,0,7,16,1444,64,69
583,1577,2160,0.269907,0.895,3.010726e+03,6.494142e-03,2.647,0,4,16,1443,64,69
584,1576,2160,0.27037,0.895,3.011761e+03,1.780704e-02,2.5879,0,9,119,1442,64,69
585,1575,2160,0.270833,0.895,3.019820e+03,9.658994e-03,2.5795,0,4,141,1441,64,69
586,1574,2160,0.271296,0.895,3.015377e+03,4.219574e-03,2.5871,0,5,191,1440,64,69
587,1573,2160,0.271759,0.895,3.013718e+03,1.921948e-02,2.5882,0,1,43,1439,64,69
588,1572,2160,0.272222,0.895,3.015552e+03,7.079049e-03,2.5827,0,3,43,1438,64,69
589,1571,2160,0.272685,0.895,3.016298e+03,1.762389e-02,2.6111,0,9,71,1437,64,69
590,1570,2160,0.273148,0.895,3.019994e+03,1.015392e-02,2.5892,0,1,80,1436,64,69
591,1569,2160,0.273611,0.895,3.020514e+03,6.404167e-03,2.5981,0,5,32,1435,64,69
592,1568,2160,0.274074,0.895,3.023018e+03,6.717606e-03,2.5763,0,8,10,1434,64,69
593,1567,2160,0.274537,0.895,3.024388e+03,3.500997e-03,2.5841,0,7,3,1433,64,69
594,1566,2160,0.275,0.895,3.023827e+03,2.198422e-02,2.6062,0,9,150,1432,64,69
595,1565,2160,0.275463,0.897,3.024771e+03,1.084389e-02,2.5972,0,4,169,1431,64,69
596,1564,2160,0.275926,0.897,3.026627e+03,4.038016e-03,2.5822,0,0,26,1430,64,69
597,1563,2160,0.276389,0.897,3.029319e+03,4.125641e-02,2.6274,0,9,172,1429,64,69
598,1562,2160,0.276852,0.897,3.018246e+03,2.103530e-02,2.5728,0,4,191,1428,64,69
599,1561,2160,0.277315,0.897,3.018821e+03,9.392003e-02,2.5756,0,9,191,1427,64,69
600,1560,2160,0.277778,0.895,3.014088e+03,7.877415e-03,2.589,2,7,2,1427,64,68
601,1559,2160,0.278241,0.895,3.015596e+03,9.222775e-03,2.5786,0,5,81,1426,64,68
602,1558,2160,0.278704,0.896,3.019767e+03,4.831493e-03,2.5902,0,9,45,1425,64,68
603,1557,2160,0.279167,0.895,3.022606e+03,2.243790e-02,2.6163,0,3,89,1424,64,68
604,1556,2160,0.27963,0.895,3.032865e+03,2.378066e-02,2.5747,0,9,67,1423,64,68
605,1555,2160,0.280093,0.895,3.027411e+03,1.876343e-02,2.5844,0,9,66,1422,64,68
606,1554,2160,0.280556,0.896,3.031796e+03,9.532415e-03,2.6213,0,1,111,1421,64,68
607,1553,2160,0.281019,0.896,3.029652e+03,1.750149e-02,2.5976,0,5,139,1420,64,68
608,1552,2160,0.281481,0.893,3.041912e+03,3.400893e-02,2.5965,0,1,73,1419,64,68
609,1551,2160,0.281944,0.896,3.061359e+03,8.720648e-03,2.5783,0,8,153,1418,64,68
610,1550,2160,0.282407,0.896,3.067483e+03,5.524345e-03,2.5822,0,9,167,1417,64,68
611,1549,2160,0.28287,0.896,3.072686e+03,1.146831e-02,2.5793,0,2,94,1416,64,68
612,1548,2160,0.283333,0.896,3.082494e+03,1.156596e-02,2.5906,0,3,9,1415,64,68
613,1547,2160,0.283796,0.896,3.098030e+03,5.423843e-03,2.5853,0,0,123,1414,64,68
614,1546,2160,0.284259,0.896,3.104111e+03,5.555215e-03,2.5949,0,0,10,1413,64,68
615,1545,2160,0.284722,0.897,3.110465e+03,4.694088e-03,2.6,0,0,29,1412,64,68
616,1544,2160,0.285185,0.897,3.116407e+03,5.954025e-03,2.5887,0,0,189,1411,64,68
617,1543,2160,0.285648,0.895,3.124067e+03,8.332429e-03,2.5764,0,5,189,1410,64,68
618,1542,2160,0.286111,0.895,3.129831e+03,4.293768e-03,2.5746,0,7,69,1409,64,68
619,1541,2160,0.286574,0.895,3.132809e+03,1.899979e-02,2.5775,0,9,86,1408,64,68
620,1540,2160,0.287037,0.895,3.136335e+03,1.048533e-02,2.5743,0,3,185,1407,64,68
621,1539,2160,0.2875,0.894,3.141121e+03,2.168507e-02,2.5952,0,9,107,1406,64,68
622,1538,2160,0.287963,0.893,3.151793e+03,1.447804e-02,2.5914,0,5,131,1405,64,68
623,1537,2160,0.288426,0.894,3.174082e+03,1.922817e-02,2.5746,0,9,174,1404,64,68
624,1536,2160,0.288889,0.895,3.180539e+03,8.455658e-03,2.5716,0,8,36,1403,64,68
625,1535,2160,0.289352,0.895,3.189991e+03,1.044509e-02,2.5848,0,5,120,1402,64,68
626,1534,2160,0.289815,0.894,3.192383e+03,5.201451e-03,2.587,0,0,36,1401,64,68
627,1533,2160,0.290278,0.894,3.193434e+03,8.573595e-03,2.6014,0,8,42,1400,64,68
628,1532,2160,0.290741,0.894,3.194764e+03,1.834649e-02,2.6014,0,9,53,1399,64,68
629,1531,2160,0.291204,0.894,3.204383e+03,4.461908e-03,2.5795,0,0,20,1398,64,68
630,1530,2160,0.291667,0.894,3.210047e+03,4.992084e-03,2.5755,0,4,194,1397,64,68
631,1529,2160,0.29213,0.894,3.210149e+03,3.820974e-03,2.5983,0,7,89,1396,64,68
632,1528,2160,0.292593,0.893,3.212867e+03,4.743866e-03,2.5776,0,7,59,1395,64,68
633,1527,2160,0.293056,0.893,3.214718e+03,1.898478e-02,2.5991,0,2,166,1394,64,68
634,1526,2160,0.293519,0.891,3.223319e+03,5.216922e-03,2.6126,0,0,2,1393,64,68
635,1525,2160,0.293981,0.891,3.224883e+03,2.010828e-02,2.6351,0,8,176,1392,64,68
636,1524,2160,0.294444,0.892,3.231167e+03,1.608385e-02,2.6065,0,9,96,1391,64,68
637,1523,2160,0.294907,0.891,3.230551e+03,8.597280e-03,2.5958,0,9,83,1390,64,68
638,1522,2160,0.29537,0.891,3.232665e+03,2.126663e-02,2.6073,0,3,15,1389,64,68
639,1521,2160,0.295833,0.89,3.230655e+03,5.750110e-02,2.5838,1,4,8,1389,63,68
640,1520,2160,0.296296,0.889,3.224748e+03,9.736012e-03,2.5889,0,8,17,1388,63,68
641,1519,2160,0.296759,0.889,3.231316e+03,4.385761e-03,2.587,0,5,17,1387,63,68
642,1518,2160,0.297222,0.889,3.232171e+03,3.417697e-02,2.5936,0,8,132,1386,63,68
643,1517,2160,0.297685,0.891,3.252072e+03,1.435929e-02,2.58,0,5,12,1385,63,68
644,1516,2160,0.298148,0.888,3.248732e+03,2.403623e-02,2.5972,0,1,184,1384,63,68
645,1515,2160,0.298611,0.892,3.266441e+03,4.176591e-02,2.6105,2,9,7,1384,63,67
646,1514,2160,0.299074,0.897,3.273944e+03,3.013169e-02,2.5881,2,9,1,1384,63,66
647,1513,2160,0.299537,0.898,3.280905e+03,5.094315e-02,2.5889,2,3,9,1384,63,65
648,1512,2160,0.3,0.899,3.287710e+03,3.058583e-02,2.5938,1,7,0,1384,62,65
649,1511,2160,0.300463,0.9,3.265140e+03,2.569715e-02,2.5972,0,0,101,1383,62,65
650,1510,2160,0.300926,0.898,3.273061e+03,2.968379e-02,2.5803,0,1,82,1382,62,65
651,1509,2160,0.301389,0.898,3.290354e+03,6.258823e-03,2.6201,0,2,148,1381,62,65
652,1508,2160,0.301852,0.898,3.293777e+03,6.054794e-03,2.5957,0,4,69,1380,62,65
653,1507,2160,0.302315,0.898,3.292885e+03,1.299870e-02,2.5762,0,5,105,1379,62,65
654,1506,2160,0.302778,0.897,3.289422e+03,1.090261e-02,2.5848,0,9,31,1378,62,65
655,1505,2160,0.303241,0.897,3.296734e+03,2.591884e-02,2.5772,2,8,4,1378,62,64
656,1504,2160,0.303704,0.897,3.304199e+03,1.860957e-02,2.5925,0,1,137,1377,62,64
657,1503,2160,0.304167,0.895,3.315999e+03,9.995242e-03,2.5738,0,5,62,1376,62,64
658,1502,2160,0.30463,0.895,3.321787e+03,1.226945e-02,2.5831,0,5,8,1375,62,64
659,1501,2160,0.305093,0.895,3.325169e+03,6.329962e-03,2.5835,0,4,97,1374,62,64
660,1500,2160,0.305556,0.895,3.327427e+03,8.217705e-03,2.5981,0,8,126,1373,62,64
661,1499,2160,0.306019,0.895,3.326744e+03,1.158352e-02,2.5898,0,4,72,1372,62,64
662,1498,2160,0.306481,0.896,3.324852e+03,2.027609e-02,2.5922,0,1,141,1371,62,64
663,1497,2160,0.306944,0.895,3.334293e+03,3.096101e-02,2.5807,1,9,1,1371,61,64
664,1496,2160,0.307407,0.893,3.337885e+03,2.527552e-02,2.6282,1,3,8,1371,60,64
665,1495,2160,0.30787,0.889,3.342632e+03,7.267508e-03,2.6114,0,1,174,1370,60,64
666,1494,2160,0.308333,0.889,3.346125e+03,3.720753e-03,2.604,0,0,35,1369,60,64
667,1493,2160,0.308796,0.889,3.349911e+03,6.085659e-03,2.5777,0,0,127,1368,60,64
668,1492,2160,0.309259,0.888,3.352723e+03,1.115360e-02,2.6333,0,9,143,1367,60,64
669,1491,2160,0.309722,0.888,3.347432e+03,6.643640e-03,2.5876,0,9,181,1366,60,64
670,1490,2160,0.310185,0.887,3.350668e+03,4.240950e-03,2.5785,0,7,18,1365,60,64
671,1489,2160,0.310648,0.887,3.351044e+03,1.007608e-02,2.5815,0,9,14,1364,60,64
672,1488,2160,0.311111,0.887,3.349516e+03,7.838163e-03,2.6457,0,8,61,1363,60,64
673,1487,2160,0.311574,0.886,3.351851e+03,4.304145e-03,2.5747,0,0,0,1362,60,64
674,1486,2160,0.312037,0.886,3.355434e+03,4.231420e-02,2.57,1,8,0,1362,59,64
675,1485,2160,0.3125,0.883,3.374938e+03,1.707175e-02,2.5682,0,3,34,1361,59,64
676,1484,2160,0.312963,0.883,3.383370e+03,1.286870e-02,2.5941,0,1,34,1360,59,64
677,1483,2160,0.313426,0.883,3.383138e+03,1.823654e-02,2.5893,0,9,161,1359,59,64
678,1482,2160,0.313889,0.883,3.384886e+03,1.759853e-02,2.6034,0,9,22,1358,59,64
679,1481,2160,0.314352,0.883,3.386112e+03,4.663547e-03,2.5767,0,0,7,1357,59,64
680,1480,2160,0.314815,0.883,3.388838e+03,3.268740e-03,2.5895,0,7,112,1356,59,64
681,1479,2160,0.315278,0.883,3.388972e+03,1.215356e-02,2.6172,0,1,8,1355,59,64
682,1478,2160,0.315741,0.883,3.386443e+03,1.489943e-02,2.5789,0,1,51,1354,59,64
683,1477,2160,0.316204,0.883,3.399252e+03,8.156941e-03,2.5829,0,9,27,1353,59,64
684,1476,2160,0.316667,0.883,3.401266e+03,3.251487e-03,2.5808,0,5,27,1352,59,64
685,1475,2160,0.31713,0.882,3.401992e+03,9.818451e-03,2.5821,0,2,161,1351,59,64
686,1474,2160,0.317593,0.882,3.402514e+03,6.919196e-03,2.6137,0,5,5,1350,59,64
687,1473,2160,0.318056,0.882,3.409291e+03,1.120435e-02,2.576,0,1,125,1349,59,64
688,1472,2160,0.318519,0.884,3.411616e+03,2.795806e-02,2.5757,0,1,67,1348,59,64
689,1471,2160,0.318981,0.888,3.424926e+03,1.567617e-02,2.5893,0,9,100,1347,59,64
690,1470,2160,0.319444,0.887,3.426878e+03,4.718491e-03,2.5769,0,7,19,1346,59,64
691,1469,2160,0.319907,0.888,3.429867e+03,6.301161e-03,2.5925,0,0,40,1345,59,64
692,1468,2160,0.32037,0.888,3.428183e+03,2.110669e-02,2.5847,0,9,60,1344,59,64
693,1467,2160,0.320833,0.889,3.432768e+03,5.473533e-03,2.5741,0,7,84,1343,59,64
694,1466,2160,0.321296,0.889,3.433028e+03,1.035685e-02,2.5774,0,8,39,1342,59,64
695,1465,2160,0.321759,0.888,3.431054e+03,2.012084e-02,2.646,0,4,6,1341,59,64
696,1464,2160,0.322222,0.885,3.425237e+03,2.616820e-02,2.5798,0,2,176,1340,59,64
697,1463,2160,0.322685,0.889,3.420329e+03,5.982631e-02,2.5846,0,5,176,1339,59,64
698,1462,2160,0.323148,0.89,3.449995e+03,1.558614e-02,2.6181,0,3,176,1338,59,64
699,1461,2160,0.323611,0.892,3.440357e+03,1.090677e-02,2.6241,0,4,38,1337,59,64
700,1460,2160,0.324074,0.892,3.436109e+03,2.119190e-02,2.5806,0,3,114,1336,59,64
701,1459,2160,0.324537,0.891,3.445132e+03,3.891682e-03,2.6521,0,2,114,1335,59,64
702,1458,2160,0.325,0.891,3.447627e+03,6.477513e-03,2.5769,0,3,29,1334,59,64
703,1457,2160,0.325463,0.891,3.447991e+03,2.322595e-03,2.581,0,4,29,1333,59,64
704,1456,2160,0.325926,0.891,3.451261e+03,9.649031e-03,2.5798,0,9,114,1332,59,64
705,1455,2160,0.326389,0.89,3.449392e+03,2.338971e-02,2.6018,0,3,190,1331,59,64
706,1454,2160,0.326852,0.892,3.448993e+03,2.122765e-02,2.5885,0,9,24,1330,59,64
707,1453,2160,0.327315,0.891,3.451015e+03,2.762005e-02,2.6381,0,9,103,1329,59,64
708,1452,2160,0.327778,0.889,3.471565e+03,5.678137e-03,2.5806,0,7,7,1328,59,64
709,1451,2160,0.328241,0.889,3.471944e+03,6.771031e-03,2.5874,0,0,134,1327,59,64
710,1450,2160,0.328704,0.889,3.472732e+03,7.481073e-03,2.584,0,0,44,1326,59,64
711,1449,2160,0.329167,0.887,3.475604e+03,7.599032e-03,2.5763,0,7,123,1325,59,64
712,1448,2160,0.32963,0.886,3.481758e+03,1.559802e-02,2.6178,0,8,62,1324,59,64
713,1447,2160,0.330093,0.89,3.477729e+03,1.157946e-02,2.5917,0,2,12,1323,59,64
714,1446,2160,0.330556,0.891,3.490093e+03,1.097076e-02,2.6043,0,0,12,1322,59,64
715,1445,2160,0.331019,0.891,3.497580e+03,2.422434e-02,2.5983,0,9,130,1321,59,64
716,1444,2160,0.331481,0.888,3.494666e+03,1.038859e-02,2.5834,0,4,184,1320,59,64
717,1443,2160,0.331944,0.889,3.505727e+03,8.170753e-03,2.5967,0,7,183,1319,59,64
718,1442,2160,0.332407,0.889,3.512309e+03,1.373886e-02,2.6083,0,7,115,1318,59,64
719,1441,2160,0.33287,0.888,3.517812e+03,7.455802e-03,2.5808,0,0,22,1317,59,64
720,1440,2160,0.333333,0.888,3.518153e+03,9.261962e-03,2.5722,0,0,185,1316,59,64
721,1439,2160,0.333796,0.889,3.513964e+03,7.797573e-03,2.5914,0,4,185,1315,59,64
722,1438,2160,0.334259,0.89,3.509355e+03,1.076019e-02,2.5801,0,5,126,1314,59,64
723,1437,2160,0.334722,0.888,3.517079e+03,1.479019e-02,2.5952,0,9,32,1313,59,64
724,1436,2160,0.335185,0.888,3.528287e+03,9.262885e-03,2.6353,0,8,3,1312,59,64
725,1435,2160,0.335648,0.889,3.533277e+03,6.769503e-03,2.6009,0,4,3,1311,59,64
726,1434,2160,0.336111,0.889,3.535973e+03,1.496484e-02,2.582,0,1,3,1310,59,64
727,1433,2160,0.336574,0.888,3.547469e+03,1.184312e-02,2.621,0,0,156,1309,59,64
728,1432,2160,0.337037,0.888,3.555880e+03,1.830268e-02,2.6215,0,8,2,1308,59,64
729,1431,2160,0.3375,0.888,3.574419e+03,3.019509e-02,2.6542,0,2,135,1307,59,64
730,1430,2160,0.337963,0.889,3.615218e+03,7.050622e-02,2.5892,1,9,3,1307,58,64
731,1429,2160,0.338426,0.892,3.571886e+03,1.313734e-02,2.594,0,3,99,1306,58,64
732,1428,2160,0.338889,0.893,3.568753e+03,7.961065e-03,2.6095,0,2,27,1305,58,64
733,1427,2160,0.339352,0.894,3.572231e+03,8.246846e-02,2.5795,2,5,2,1305,58,63
734,1426,2160,0.339815,0.893,3.694777e+03,2.436003e-02,2.596,0,8,187,1304,58,63
735,1425,2160,0.340278,0.893,3.724871e+03,1.431644e-02,2.6289,0,8,14,1303,58,63
736,1424,2160,0.340741,0.894,3.736801e+03,1.035533e-02,2.606,0,0,57,1302,58,63
737,1423,2160,0.341204,0.894,3.745523e+03,2.539448e-02,2.595,0,9,65,1301,58,63
738,1422,2160,0.341667,0.895,3.763603e+03,3.243300e-02,2.5829,0,4,103,1300,58,63
739,1421,2160,0.34213,0.897,3.820239e+03,4.897718e-02,2.5733,1,7,8,1300,57,63
740,1420,2160,0.342593,0.895,3.945847e+03,3.808085e-02,2.579,0,0,85,1299,57,63
741,1419,2160,0.343056,0.897,3.837215e+03,2.794179e-02,2.5824,0,2,67,1298,57,63
742,1418,2160,0.343519,0.896,3.795661e+03,6.018959e-02,2.6172,2,5,5,1298,57,62
743,1417,2160,0.343981,0.899,3.847605e+03,2.357500e-02,2.6219,0,2,134,1297,57,62
744,1416,2160,0.344444,0.899,3.870173e+03,1.034609e-02,2.5898,0,9,134,1296,57,62
745,1415,2160,0.344907,0.902,3.865194e+03,3.454132e-02,2.5932,0,4,161,1295,57,62
746,1414,2160,0.34537,0.896,3.916412e+03,9.175912e-03,2.5909,0,1,178,1294,57,62
747,1413,2160,0.345833,0.897,3.933749e+03,2.419851e-02,2.6178,0,9,91,1293,57,62
748,1412,2160,0.346296,0.897,3.959661e+03,2.232674e-02,2.6054,0,9,160,1292,57,62
749,1411,2160,0.346759,0.895,3.964697e+03,9.889198e-03,2.6169,0,8,195,1291,57,62
750,1410,2160,0.347222,0.896,3.968285e+03,2.196139e-02,2.5898,0,1,74,1290,57,62
751,1409,2160,0.347685,0.894,3.992703e+03,1.016726e-02,2.5881,0,4,193,1289,57,62
752,1408,2160,0.348148,0.894,3.991435e+03,1.094969e-02,2.6043,0,0,170,1288,57,62
753,1407,2160,0.348611,0.894,3.997904e+03,2.509727e-02,2.5772,0,9,147,1287,57,62
754,1406,2160,0.349074,0.895,4.000427e+03,1.439394e-02,2.6094,0,3,85,1286,57,62
755,1405,2160,0.349537,0.895,4.006652e+03,6.730002e-03,2.5933,0,7,4,1285,57,62
756,1404,2160,0.35,0.894,4.017718e+03,6.693853e-03,2.5897,0,7,55,1284,57,62
757,1403,2160,0.350463,0.894,4.018273e+03,1.542133e-02,2.6015,0,9,55,1283,57,62
758,1402,2160,0.350926,0.893,4.055619e+03,1.225458e-02,2.5793,0,4,179,1282,57,62
759,1401,2160,0.351389,0.893,4.065958e+03,6.524144e-03,2.5835,0,3,179,1281,57,62
760,1400,2160,0.351852,0.893,4.060366e+03,1.329979e-02,2.5933,0,0,92,1280,57,62
761,1399,2160,0.352315,0.893,4.055482e+03,1.256109e-02,2.5911,0,2,16,1279,57,62
762,1398,2160,0.352778,0.894,4.081017e+03,2.663242e-02,2.5797,0,1,93,1278,57,62
763,1397,2160,0.353241,0.894,4.099364e+03,9.854808e-03,2.584,0,0,148,1277,57,62
764,1396,2160,0.353704,0.893,4.105821e+03,7.300606e-03,2.5987,0,7,23,1276,57,62
765,1395,2160,0.354167,0.893,4.107124e+03,8.266170e-03,2.5768,0,1,182,1275,57,62
766,1394,2160,0.35463,0.893,4.126237e+03,4.425797e-02,2.6309,0,2,38,1274,57,62
767,1393,2160,0.355093,0.893,4.202831e+03,5.765801e-02,2.5878,2,0,8,1274,57,61
768,1392,2160,0.355556,0.895,4.303874e+03,4.215513e-02,2.5762,0,9,118,1273,57,61
769,1391,2160,0.356019,0.895,4.412326e+03,3.584176e-02,2.583,1,5,7,1273,56,61
770,1390,2160,0.356481,0.896,4.456888e+03,2.105199e-02,2.6043,0,3,109,1272,56,61
771,1389,2160,0.356944,0.896,4.479916e+03,3.023545e-02,2.613,0,4,64,1271,56,61
772,1388,2160,0.357407,0.895,4.472689e+03,5.918009e-02,2.5808,0,3,144,1270,56,61
773,1387,2160,0.35787,0.892,4.479606e+03,9.388871e-03,2.5792,0,3,26,1269,56,61
774,1386,2160,0.358333,0.891,4.493324e+03,2.465218e-02,2.5938,0,9,69,1268,56,61
775,1385,2160,0.358796,0.892,4.546228e+03,1.222603e-02,2.5829,0,0,178,1267,56,61
776,1384,2160,0.359259,0.892,4.537765e+03,1.641620e-02,2.5923,0,0,138,1266,56,61
777,1383,2160,0.359722,0.891,4.530167e+03,8.322644e-03,2.603,0,1,25,1265,56,61
778,1382,2160,0.360185,0.891,4.541184e+03,1.806836e-02,2.5881,0,3,168,1264,56,61
779,1381,2160,0.360648,0.891,4.541852e+03,1.127387e-02,2.632,0,2,168,1263,56,61
780,1380,2160,0.361111,0.892,4.554315e+03,1.094752e-02,2.5908,0,0,164,1262,56,61
781,1379,2160,0.361574,0.891,4.563416e+03,9.614597e-03,2.5895,0,0,194,1261,56,61
782,1378,2160,0.362037,0.891,4.571033e+03,1.104776e-02,2.6277,0,5,165,1260,56,61
783,1377,2160,0.3625,0.891,4.586651e+03,1.122053e-02,2.6009,0,0,117,1259,56,61
784,1376,2160,0.362963,0.891,4.590427e+03,1.264789e-02,2.5882,0,2,53,1258,56,61
785,1375,2160,0.363426,0.891,4.597780e+03,9.158588e-03,2.5938,0,0,141,1257,56,61
786,1374,2160,0.363889,0.891,4.599070e+03,1.681184e-02,2.5823,0,4,158,1256,56,61
787,1373,2160,0.364352,0.891,4.615706e+03,8.797514e-03,2.5969,0,8,158,1255,56,61
788,1372,2160,0.364815,0.891,4.614255e+03,1.242008e-02,2.6174,0,1,158,1254,56,61
789,1371,2160,0.365278,0.892,4.606173e+03,2.817214e-02,2.6613,0,9,121,1253,56,61
790,1370,2160,0.365741,0.89,4.620361e+03,1.666408e-02,2.6571,0,3,154,1252,56,61
791,1369,2160,0.366204,0.891,4.628325e+03,1.449663e-02,2.598,0,1,194,1251,56,61
792,1368,2160,0.366667,0.891,4.634257e+03,2.023007e-02,2.5823,0,3,128,1250,56,61
793,1367,2160,0.36713,0.889,4.677000e+03,1.043114e-02,2.5966,0,0,162,1249,56,61
794,1366,2160,0.367593,0.89,4.682923e+03,5.554298e-02,2.5783,0,2,164,1248,56,61
795,1365,2160,0.368056,0.889,4.694856e+03,6.905589e-02,2.5961,0,4,77,1247,56,61
796,1364,2160,0.368519,0.888,4.706902e+03,6.544879e-02,2.5912,2,4,8,1247,56,60
797,1363,2160,0.368981,0.888,4.729149e+03,8.642577e-03,2.5962,0,4,48,1246,56,60
798,1362,2160,0.369444,0.889,4.743452e+03,1.101877e-02,2.5776,0,1,60,1245,56,60
799,1361,2160,0.369907,0.889,4.743510e+03,1.004833e-02,2.5902,0,0,108,1244,56,60
800,1360,2160,0.37037,0.888,4.752070e+03,3.087142e-02,2.5773,2,0,1,1244,56,59
801,1359,2160,0.370833,0.886,4.759380e+03,2.730206e-02,2.5826,2,8,9,1244,56,58
802,1358,2160,0.371296,0.888,4.731050e+03,2.280703e-02,2.573,2,8,6,1244,56,57
803,1357,2160,0.371759,0.888,4.774092e+03,1.158361e-02,2.5849,0,4,170,1243,56,57
804,1356,2160,0.372222,0.888,4.767647e+03,7.198632e-03,2.5759,0,4,111,1242,56,57
805,1355,2160,0.372685,0.888,4.774254e+03,1.437587e-02,2.5989,0,1,75,1241,56,57
806,1354,2160,0.373148,0.888,4.781648e+03,1.015928e-02,2.5778,0,4,107,1240,56,57
807,1353,2160,0.373611,0.886,4.788514e+03,7.563362e-03,2.6161,0,5,167,1239,56,57
808,1352,2160,0.374074,0.887,4.795014e+03,1.593272e-02,2.5842,0,0,130,1238,56,57
809,1351,2160,0.374537,0.886,4.817238e+03,2.738935e-02,2.5731,0,3,39,1237,56,57
810,1350,2160,0.375,0.889,4.821768e+03,1.024481e-02,2.5901,0,7,189,1236,56,57
811,1349,2160,0.375463,0.889,4.819103e+03,1.276756e-02,2.6012,0,4,189,1235,56,57
812,1348,2160,0.375926,0.888,4.821290e+03,2.535777e-02,2.5857,0,3,103,1234,56,57
813,1347,2160,0.376389,0.888,4.813874e+03,1.909223e-02,2.5901,0,0,93,1233,56,57
814,1346,2160,0.376852,0.888,4.837261e+03,2.986266e-02,2.6229,0,9,122,1232,56,57
815,1345,2160,0.377315,0.89,4.839900e+03,1.148484e-02,2.5945,0,3,169,1231,56,57
816,1344,2160,0.377778,0.891,4.846128e+03,1.681842e-02,2.6022,0,8,59,1230,56,57
817,1343,2160,0.378241,0.889,4.856430e+03,2.036860e-02,2.6159,0,1,89,1229,56,57
818,1342,2160,0.378704,0.889,4.872665e+03,2.720114e-02,2.6355,0,1,106,1228,56,57
819,1341,2160,0.379167,0.887,4.911871e+03,1.512565e-02,2.635,0,8,1,1227,56,57
820,1340,2160,0.37963,0.888,4.914974e+03,9.135097e-03,2.5863,0,7,179,1226,56,57
821,1339,2160,0.380093,0.887,4.938625e+03,7.508985e-03,2.5792,0,7,164,1225,56,57
822,1338,2160,0.380556,0.887,4.946373e+03,7.948599e-03,2.5871,0,8,114,1224,56,57
823,1337,2160,0.381019,0.888,4.951788e+03,1.618838e-02,2.5723,0,0,100,1223,56,57
824,1336,2160,0.381481,0.889,4.946279e+03,5.488338e-02,2.6137,0,0,137,1222,56,57
825,1335,2160,0.381944,0.884,5.016007e+03,2.786325e-03,2.6042,2,5,9,1222,56,56
826,1334,2160,0.382407,0.884,5.019906e+03,4.727878e-02,2.5919,0,3,90,1221,56,56
827,1333,2160,0.38287,0.881,5.013520e+03,1.752954e-03,2.6728,1,1,4,1221,55,56
828,1332,2160,0.383333,0.881,5.013018e+03,8.962475e-03,2.6039,0,8,181,1220,55,56
829,1331,2160,0.383796,0.881,5.018218e+03,1.015827e-01,2.5939,1,8,5,1220,54,56
830,1330,2160,0.384259,0.863,5.071049e+03,7.861654e-02,2.5894,1,4,7,1220,53,56
831,1329,2160,0.384722,0.859,5.121521e+03,4.746489e-02,2.5952,2,8,3,1220,53,55
832,1328,2160,0.385185,0.856,5.168057e+03,1.062459e-01,2.5821,2,2,1,1220,53,54
833,1327,2160,0.385648,0.869,5.057090e+03,1.894995e-01,2.5918,0,8,91,1219,53,54
834,1326,2160,0.386111,0.863,6.265514e+03,2.773678e-02,2.5858,0,5,97,1218,53,54
835,1325,2160,0.386574,0.858,6.271081e+03,1.450440e-01,2.5882,0,0,97,1217,53,54
836,1324,2160,0.387037,0.864,6.202902e+03,1.102220e-02,2.5741,0,8,46,1216,53,54
837,1323,2160,0.3875,0.864,6.218803e+03,1.537639e-02,2.581,0,5,41,1215,53,54
838,1322,2160,0.387963,0.865,6.231692e+03,2.242476e-01,2.5879,0,8,157,1214,53,54
839,1321,2160,0.388426,0.868,6.339971e+03,1.369758e-01,2.591,0,0,124,1213,53,54
840,1320,2160,0.388889,0.875,6.261342e+03,2.797825e-03,2.5829,0,3,124,1212,53,54
841,1319,2160,0.389352,0.875,6.263970e+03,2.808212e-02,2.5883,0,3,194,1211,53,54
842,1318,2160,0.389815,0.877,6.256711e+03,2.065825e-02,2.5923,1,4,5,1211,52,54
843,1317,2160,0.390278,0.883,6.249361e+03,7.898560e-04,2.5976,0,5,135,1210,52,54
844,1316,2160,0.390741,0.883,6.248938e+03,4.176850e-03,2.5902,0,0,103,1209,52,54
845,1315,2160,0.391204,0.883,6.247484e+03,7.237858e-03,2.6189,0,8,53,1208,52,54
846,1314,2160,0.391667,0.883,6.249711e+03,1.363667e-02,2.5938,0,5,138,1207,52,54
847,1313,2160,0.39213,0.88,6.275188e+03,5.203990e-03,2.6373,0,3,71,1206,52,54
848,1312,2160,0.392593,0.882,6.284018e+03,6.086972e-03,2.6319,0,1,159,1205,52,54
849,1311,2160,0.393056,0.881,6.295485e+03,3.756948e-02,2.5896,0,9,132,1204,52,54
850,1310,2160,0.393519,0.883,6.308291e+03,3.224235e-02,2.687,0,5,171,1203,52,54
851,1309,2160,0.393981,0.883,6.299911e+03,3.165015e-02,2.6104,0,1,92,1202,52,54
852,1308,2160,0.394444,0.884,6.300816e+03,1.191278e-02,2.732,0,1,56,1201,52,54
853,1307,2160,0.394907,0.886,6.312649e+03,1.070441e-02,2.5939,0,5,3,1200,52,54
854,1306,2160,0.39537,0.886,6.315323e+03,2.350486e-02,2.5763,0,1,186,1199,52,54
855,1305,2160,0.395833,0.884,6.327533e+03,5.994331e-03,2.5798,0,8,28,1198,52,54
856,1304,2160,0.396296,0.884,6.327654e+03,9.217183e-03,2.5787,0,3,44,1197,52,54
857,1303,2160,0.396759,0.886,6.342698e+03,5.792092e-03,2.6062,0,3,184,1196,52,54
858,1302,2160,0.397222,0.884,6.354507e+03,9.060606e-03,2.5855,0,8,22,1195,52,54
859,1301,2160,0.397685,0.884,6.353956e+03,2.135100e-02,2.605,0,3,192,1194,52,54
860,1300,2160,0.398148,0.885,6.374502e+03,7.947023e-03,2.5871,0,0,192,1193,52,54
861,1299,2160,0.398611,0.885,6.377699e+03,1.264076e-02,2.6096,0,3,102,1192,52,54
862,1298,2160,0.399074,0.886,6.393327e+03,1.206450e-02,2.5857,0,8,8,1191,52,54
863,1297,2160,0.399537,0.887,6.401040e+03,2.903275e-02,2.6146,0,8,63,1190,52,54
864,1296,2160,0.4,0.888,6.434708e+03,8.634400e-03,2.6059,0,8,41,1189,52,54
865,1295,2160,0.400463,0.889,6.440163e+03,1.187747e-02,2.6158,0,0,83,1188,52,54
866,1294,2160,0.400926,0.889,6.450897e+03,2.886184e-02,2.5909,0,5,133,1187,52,54
867,1293,2160,0.401389,0.889,6.483215e+03,3.760393e-02,2.636,0,1,90,1186,52,54
868,1292,2160,0.401852,0.89,6.532844e+03,2.026691e-02,2.6117,0,5,48,1185,52,54
869,1291,2160,0.402315,0.89,6.564328e+03,9.891185e-03,2.6423,0,1,168,1184,52,54
870,1290,2160,0.402778,0.89,6.564718e+03,1.810422e-02,2.5841,0,1,156,1183,52,54
871,1289,2160,0.403241,0.889,6.612931e+03,1.095847e-02,2.645,0,1,16,1182,52,54
872,1288,2160,0.403704,0.89,6.625938e+03,1.038138e-02,2.5938,0,5,190,1181,52,54
873,1287,2160,0.404167,0.89,6.636393e+03,7.201494e-03,2.5856,0,0,114,1180,52,54
874,1286,2160,0.40463,0.89,6.652954e+03,8.805369e-03,2.6371,0,7,148,1179,52,54
875,1285,2160,0.405093,0.889,6.656167e+03,1.111272e-02,2.5989,0,5,166,1178,52,54
876,1284,2160,0.405556,0.888,6.652981e+03,8.979557e-03,2.587,0,4,25,1177,52,54
877,1283,2160,0.406019,0.886,6.669487e+03,8.492202e-03,2.5891,0,7,131,1176,52,54
878,1282,2160,0.406481,0.888,6.687876e+03,2.191843e-02,2.6077,0,1,39,1175,52,54
879,1281,2160,0.406944,0.888,6.740994e+03,1.519005e-02,2.5776,0,1,142,1174,52,54
880,1280,2160,0.407407,0.89,6.728984e+03,8.708514e-03,2.5913,0,3,152,1173,52,54
881,1279,2160,0.40787,0.889,6.738937e+03,1.428893e-02,2.6449,0,3,54,1172,52,54
882,1278,2160,0.408333,0.891,6.773886e+03,7.451267e-03,2.5999,0,3,88,1171,52,54
883,1277,2160,0.408796,0.889,6.790114e+03,9.636262e-03,2.6048,0,3,195,1170,52,54
884,1276,2160,0.409259,0.888,6.805336e+03,7.334650e-03,2.6069,0,8,139,1169,52,54
885,1275,2160,0.409722,0.888,6.825715e+03,1.300594e-02,2.5826,0,3,171,1168,52,54
886,1274,2160,0.410185,0.888,6.848170e+03,1.560965e-02,2.5749,0,3,137,1167,52,54
887,1273,2160,0.410648,0.89,6.876311e+03,6.337470e-03,2.6197,0,7,10,1166,52,54
888,1272,2160,0.411111,0.89,6.891307e+03,7.189314e-03,2.6083,0,8,70,1165,52,54
889,1271,2160,0.411574,0.89,6.905625e+03,7.910652e-03,2.5866,0,7,182,1164,52,54
890,1270,2160,0.412037,0.89,6.926519e+03,1.287362e-02,2.5809,0,5,24,1163,52,54
891,1269,2160,0.4125,0.889,6.935125e+03,1.336081e-02,2.587,0,0,82,1162,52,54
892,1268,2160,0.412963,0.889,6.953295e+03,1.229791e-02,2.5852,0,0,110,1161,52,54
893,1267,2160,0.413426,0.887,6.968322e+03,2.440015e-02,2.584,0,2,145,1160,52,54
894,1266,2160,0.413889,0.887,6.986871e+03,8.216203e-03,2.5788,0,8,145,1159,52,54
895,1265,2160,0.414352,0.887,7.011085e+03,1.292851e-02,2.5756,0,3,145,1158,52,54
896,1264,2160,0.414815,0.886,7.030037e+03,1.799218e-02,2.5825,0,5,195,1157,52,54
897,1263,2160,0.415278,0.885,7.060141e+03,1.118129e-02,2.6094,0,8,66,1156,52,54
898,1262,2160,0.415741,0.886,7.067459e+03,1.275714e-02,2.5818,0,0,88,1155,52,54
899,1261,2160,0.416204,0.887,7.058951e+03,2.066742e-02,2.6209,0,5,58,1154,52,54
900,1260,2160,0.416667,0.888,7.067901e+03,1.348957e-02,2.582,0,5,87,1153,52,54
901,1259,2160,0.41713,0.887,7.060655e+03,9.394217e-03,2.5887,0,4,83,1152,52,54
902,1258,2160,0.417593,0.888,7.089792e+03,1.060449e-02,2.6413,0,1,0,1151,52,54
903,1257,2160,0.418056,0.888,7.127063e+03,1.112075e-02,2.6199,0,7,133,1150,52,54
904,1256,2160,0.418519,0.886,7.155579e+03,1.310706e-02,2.5739,0,4,188,1149,52,54
905,1255,2160,0.418981,0.887,7.195695e+03,7.790471e-03,2.5904,0,0,9,1148,52,54
906,1254,2160,0.419444,0.887,7.209513e+03,7.681955e-03,2.6365,0,0,71,1147,52,54
907,1253,2160,0.419907,0.888,7.233638e+03,2.753960e-02,2.5945,0,9,36,1146,52,54
908,1252,2160,0.42037,0.887,7.264762e+03,9.334356e-03,2.5832,0,1,154,1145,52,54
909,1251,2160,0.420833,0.888,7.297529e+03,8.519098e-03,2.5788,0,5,4,1144,52,54
910,1250,2160,0.421296,0.888,7.307599e+03,1.199443e-02,2.5907,0,0,86,1143,52,54
911,1249,2160,0.421759,0.887,7.337286e+03,1.012501e-02,2.586,0,1,86,1142,52,54
912,1248,2160,0.422222,0.889,7.333095e+03,1.197369e-02,2.5722,0,4,12,1141,52,54
913,1247,2160,0.422685,0.888,7.352218e+03,1.256716e-02,2.6384,0,0,80,1140,52,54
914,1246,2160,0.423148,0.887,7.369768e+03,2.134450e-02,2.6175,0,1,81,1139,52,54
915,1245,2160,0.423611,0.888,7.405766e+03,1.115199e-02,2.6362,0,8,18,1138,52,54
916,1244,2160,0.424074,0.888,7.414199e+03,8.293134e-03,2.5972,0,2,155,1137,52,54
917,1243,2160,0.424537,0.888,7.434286e+03,8.663545e-03,2.606,0,7,169,1136,52,54
918,1242,2160,0.425,0.887,7.444212e+03,1.716157e-02,2.596,0,1,44,1135,52,54
919,1241,2160,0.425463,0.887,7.501797e+03,1.480494e-02,2.5911,0,9,155,1134,52,54
920,1240,2160,0.425926,0.887,7.524961e+03,1.595852e-02,2.5889,0,1,100,1133,52,54
921,1239,2160,0.426389,0.888,7.568319e+03,5.726491e-03,2.591,0,1,7,1132,52,54
922,1238,2160,0.426852,0.887,7.587974e+03,1.072034e-02,2.5929,0,3,84,1131,52,54
923,1237,2160,0.427315,0.888,7.572989e+03,6.237436e-03,2.586,0,1,96,1130,52,54
924,1236,2160,0.427778,0.888,7.575426e+03,1.004609e-02,2.5942,0,9,85,1129,52,54
925,1235,2160,0.428241,0.887,7.604093e+03,8.283833e-03,2.5914,0,5,85,1128,52,54
926,1234,2160,0.428704,0.887,7.581470e+03,1.141303e-02,2.5805,0,0,102,1127,52,54
927,1233,2160,0.429167,0.888,7.604804e+03,7.491110e-03,2.6029,0,1,155,1126,52,54
928,1232,2160,0.42963,0.888,7.608029e+03,2.522998e-02,2.5988,0,1,144,1125,52,54
929,1231,2160,0.430093,0.886,7.629563e+03,1.460350e-02,2.6405,0,5,107,1124,52,54
930,1230,2160,0.430556,0.885,7.641895e+03,5.009185e-03,2.6117,0,8,107,1123,52,54
931,1229,2160,0.431019,0.885,7.644058e+03,1.220491e-02,2.6527,0,0,142,1122,52,54
932,1228,2160,0.431481,0.886,7.666008e+03,1.425307e-02,2.607,0,5,89,1121,52,54
933,1227,2160,0.431944,0.887,7.671046e+03,2.368599e-02,2.6189,0,5,77,1120,52,54
934,1226,2160,0.432407,0.888,7.750667e+03,1.043479e-02,2.6387,0,5,18,1119,52,54
935,1225,2160,0.43287,0.887,7.743415e+03,2.946644e-02,2.5795,0,9,108,1118,52,54
936,1224,2160,0.433333,0.887,7.812391e+03,1.360568e-02,2.5912,0,8,65,1117,52,54
937,1223,2160,0.433796,0.887,7.830244e+03,9.483201e-03,2.588,0,0,99,1116,52,54
938,1222,2160,0.434259,0.887,7.855630e+03,6.631990e-03,2.6242,0,8,97,1115,52,54
939,1221,2160,0.434722,0.887,7.889261e+03,2.193047e-02,2.6158,0,2,36,1114,52,54
940,1220,2160,0.435185,0.887,7.956469e+03,1.134442e-01,2.5834,0,2,117,1113,52,54
941,1219,2160,0.435648,0.889,7.951432e+03,1.000356e-02,2.5989,0,5,136,1112,52,54
942,1218,2160,0.436111,0.888,7.976347e+03,2.318733e-02,2.5994,0,1,61,1111,52,54
943,1217,2160,0.436574,0.888,7.976723e+03,1.433807e-02,2.6125,0,4,36,1110,52,54
944,1216,2160,0.437037,0.888,7.984564e+03,1.863718e-02,2.6093,0,5,101,1109,52,54
945,1215,2160,0.4375,0.889,8.006775e+03,9.138812e-03,2.5995,0,1,183,1108,52,54
946,1214,2160,0.437963,0.889,8.008795e+03,1.035981e-02,2.6257,0,0,73,1107,52,54
947,1213,2160,0.438426,0.887,8.028281e+03,1.281268e-02,2.6456,0,1,87,1106,52,54
948,1212,2160,0.438889,0.887,8.060317e+03,2.289232e-02,2.5729,0,5,110,1105,52,54
949,1211,2160,0.439352,0.885,8.112165e+03,2.094338e-02,2.5775,0,1,101,1104,52,54
950,1210,2160,0.439815,0.884,8.120031e+03,6.828664e-02,2.5921,1,1,9,1104,51,54
951,1209,2160,0.440278,0.886,8.056065e+03,1.057849e-02,2.5826,0,7,195,1103,51,54
952,1208,2160,0.440741,0.887,8.065587e+03,1.430302e-02,2.5791,0,8,179,1102,51,54
953,1207,2160,0.441204,0.886,8.081291e+03,1.049221e-01,2.5873,0,5,179,1101,51,54
954,1206,2160,0.441667,0.884,8.144496e+03,1.981824e-02,2.6125,0,5,59,1100,51,54
955,1205,2160,0.44213,0.884,8.163434e+03,1.250934e-02,2.7097,0,3,5,1099,51,54
956,1204,2160,0.442593,0.884,8.189256e+03,1.657381e-02,2.636,0,4,51,1098,51,54
957,1203,2160,0.443056,0.884,8.221236e+03,2.131999e-02,2.6109,0,7,190,1097,51,54
958,1202,2160,0.443519,0.884,8.281659e+03,1.163472e-02,2.5861,0,5,193,1096,51,54
959,1201,2160,0.443981,0.883,8.318864e+03,1.468766e-02,2.6157,0,8,162,1095,51,54
960,1200,2160,0.444444,0.883,8.353256e+03,1.622684e-02,2.6306,0,2,5,1094,51,54
961,1199,2160,0.444907,0.884,8.335882e+03,1.644885e-02,2.5976,0,8,51,1093,51,54
962,1198,2160,0.44537,0.884,8.321718e+03,1.533729e-02,2.5923,0,3,125,1092,51,54
963,1197,2160,0.445833,0.884,8.329315e+03,1.100204e-02,2.591,0,5,157,1091,51,54
964,1196,2160,0.446296,0.884,8.348872e+03,1.392720e-02,2.5758,0,0,120,1090,51,54
965,1195,2160,0.446759,0.884,8.384805e+03,3.576529e-02,2.5791,0,2,48,1089,51,54
966,1194,2160,0.447222,0.884,8.427283e+03,1.241963e-02,2.6107,0,5,112,1088,51,54
967,1193,2160,0.447685,0.884,8.441794e+03,2.011401e-02,2.5858,0,1,9,1087,51,54
968,1192,2160,0.448148,0.884,8.504182e+03,1.836693e-01,2.6019,1,2,7,1087,50,54
969,1191,2160,0.448611,0.873,8.984273e+03,1.326210e-03,2.5817,1,8,4,1087,49,54
970,1190,2160,0.449074,0.873,8.986628e+03,1.737727e-03,2.5812,0,4,163,1086,49,54
971,1189,2160,0.449537,0.873,8.990549e+03,2.111422e-02,2.6154,0,9,110,1085,49,54
972,1188,2160,0.45,0.872,8.968932e+03,2.976488e-02,2.5895,1,3,7,1085,48,54
973,1187,2160,0.450463,0.873,9.037069e+03,1.335940e-03,2.5843,2,7,7,1085,48,53
974,1186,2160,0.450926,0.873,9.034019e+03,7.840562e-03,2.5855,0,5,182,1084,48,53
975,1185,2160,0.451389,0.874,9.053027e+03,1.253657e-02,2.6087,0,5,141,1083,48,53
976,1184,2160,0.451852,0.873,9.027625e+03,2.241278e-02,2.6189,0,4,172,1082,48,53
977,1183,2160,0.452315,0.872,8.989182e+03,1.658055e-02,2.6544,0,8,78,1081,48,53
978,1182,2160,0.452778,0.871,8.955280e+03,1.550277e-02,2.64,0,1,59,1080,48,53
979,1181,2160,0.453241,0.871,8.967711e+03,7.834160e-02,2.5835,1,5,1,1080,47,53
980,1180,2160,0.453704,0.879,9.167771e+03,1.190143e-02,2.5852,0,1,179,1079,47,53
981,1179,2160,0.454167,0.882,9.208611e+03,1.132220e-02,2.5926,0,1,18,1078,47,53
982,1178,2160,0.45463,0.882,9.248146e+03,8.473832e-03,2.5938,0,1,134,1077,47,53
983,1177,2160,0.455093,0.883,9.267420e+03,7.789032e-03,2.6018,0,8,175,1076,47,53
984,1176,2160,0.455556,0.883,9.282359e+03,9.737927e-03,2.5898,0,5,192,1075,47,53
985,1175,2160,0.456019,0.883,9.295786e+03,1.633930e-02,2.6461,0,5,106,1074,47,53
986,1174,2160,0.456481,0.883,9.300730e+03,5.272658e-03,2.5966,0,0,167,1073,47,53
987,1173,2160,0.456944,0.883,9.310122e+03,4.272711e-02,2.5967,1,6,8,1073,46,53
988,1172,2160,0.457407,0.885,9.388275e+03,2.379334e-02,2.6275,0,9,105,1072,46,53
989,1171,2160,0.45787,0.884,9.360358e+03,1.251047e-02,2.589,0,4,105,1071,46,53
990,1170,2160,0.458333,0.884,9.347335e+03,8.981271e-03,2.6117,0,8,37,1070,46,53
991,1169,2160,0.458796,0.885,9.372033e+03,7.816484e-03,2.6337,0,0,56,1069,46,53
992,1168,2160,0.459259,0.885,9.373647e+03,8.544979e-03,2.6017,0,0,171,1068,46,53
993,1167,2160,0.459722,0.885,9.385094e+03,1.687440e-02,2.5782,0,2,50,1067,46,53
994,1166,2160,0.460185,0.885,9.373127e+03,1.189227e-02,2.6128,0,3,127,1066,46,53
995,1165,2160,0.460648,0.885,9.404405e+03,2.434710e-02,2.6391,0,9,58,1065,46,53
996,1164,2160,0.461111,0.884,9.381085e+03,1.109651e-02,2.5832,0,9,34,1064,46,53
997,1163,2160,0.461574,0.884,9.390586e+03,8.173580e-03,2.5843,0,0,121,1063,46,53
998,1162,2160,0.462037,0.884,9.394938e+03,6.293453e-03,2.5814,0,2,98,1062,46,53
999,1161,2160,0.4625,0.884,9.411467e+03,7.159682e-03,2.6021,0,7,1,1061,46,53
1000,1160,2160,0.462963,0.884,9.419053e+03,1.052405e-02,2.625,0,5,0,1060,46,53
1001,1159,2160,0.463426,0.884,9.439205e+03,1.495759e-02,2.6007,0,3,150,1059,46,53
1002,1158,2160,0.463889,0.884,9.488517e+03,1.129120e-02,2.592,0,8,40,1058,46,53
1003,1157,2160,0.464352,0.883,9.526719e+03,1.943945e-02,2.6026,0,5,115,1057,46,53
1004,1156,2160,0.464815,0.883,9.524872e+03,1.132209e-02,2.5792,0,5,125,1056,46,53
1005,1155,2160,0.465278,0.883,9.513143e+03,1.419378e-02,2.6142,0,4,122,1055,46,53
1006,1154,2160,0.465741,0.884,9.526044e+03,1.049680e-02,2.5915,0,1,126,1054,46,53
1007,1153,2160,0.466204,0.884,9.574436e+03,1.643042e-02,2.5972,0,8,119,1053,46,53
1008,1152,2160,0.466667,0.884,9.636240e+03,1.194695e-02,2.6059,0,5,1,1052,46,53
1009,1151,2160,0.46713,0.884,9.671115e+03,3.238710e-02,2.627,0,5,173,1051,46,53
1010,1150,2160,0.467593,0.883,9.652442e+03,2.958438e-02,2.5865,2,2,8,1051,46,52
1011,1149,2160,0.468056,0.885,9.604933e+03,2.163877e-02,2.6,0,4,49,1050,46,52
1012,1148,2160,0.468519,0.886,9.645427e+03,8.551029e-03,2.5857,0,8,43,1049,46,52
1013,1147,2160,0.468981,0.886,9.675900e+03,1.075194e-02,2.593,0,0,55,1048,46,52
1014,1146,2160,0.469444,0.885,9.680224e+03,9.694123e-03,2.5866,0,4,157,1047,46,52
1015,1145,2160,0.469907,0.887,9.690657e+03,1.537313e-02,2.5761,0,8,52,1046,46,52
1016,1144,2160,0.47037,0.888,9.714143e+03,6.521263e-03,2.5802,0,8,193,1045,46,52
1017,1143,2160,0.470833,0.888,9.731661e+03,1.146703e-02,2.5955,0,0,21,1044,46,52
1018,1142,2160,0.471296,0.888,9.761005e+03,8.128653e-03,2.5999,0,0,32,1043,46,52
1019,1141,2160,0.471759,0.89,9.764994e+03,9.944857e-03,2.5924,0,0,6,1042,46,52
1020,1140,2160,0.472222,0.888,9.786682e+03,1.019241e-02,2.5953,0,4,139,1041,46,52
1021,1139,2160,0.472685,0.889,9.796310e+03,3.892900e-02,2.5977,0,1,149,1040,46,52
1022,1138,2160,0.473148,0.889,9.852096e+03,1.256568e-02,2.6178,0,9,136,1039,46,52
1023,1137,2160,0.473611,0.889,9.853510e+03,1.227498e-02,2.5782,0,0,188,1038,46,52
1024,1136,2160,0.474074,0.889,9.910784e+03,9.501144e-03,2.6126,0,8,133,1037,46,52
1025,1135,2160,0.474537,0.89,9.936315e+03,8.016331e-03,2.6007,0,4,40,1036,46,52
1026,1134,2160,0.475,0.889,9.947617e+03,1.197122e-02,2.5877,0,5,153,1035,46,52
1027,1133,2160,0.475463,0.889,9.978919e+03,4.914366e-02,2.5839,2,0,6,1035,46,51
1028,1132,2160,0.475926,0.892,1.003055e+04,1.798376e-02,2.5957,0,4,95,1034,46,51
1029,1131,2160,0.476389,0.891,1.004352e+04,1.404224e-02,2.6123,0,7,95,1033,46,51
1030,1130,2160,0.476852,0.892,1.010066e+04,2.424730e-02,2.6246,1,5,5,1033,45,51
1031,1129,2160,0.477315,0.893,1.015664e+04,8.789067e-03,2.6015,0,8,102,1032,45,51
1032,1128,2160,0.477778,0.893,1.016058e+04,1.256037e-02,2.5823,0,0,105,1031,45,51
1033,1127,2160,0.478241,0.893,1.018195e+04,1.586271e-02,2.5788,0,9,20,1030,45,51
1034,1126,2160,0.478704,0.895,1.024092e+04,1.820384e-02,2.6113,0,1,64,1029,45,51
1035,1125,2160,0.479167,0.898,1.031493e+04,1.204099e-02,2.608,0,5,34,1028,45,51
1036,1124,2160,0.47963,0.897,1.035640e+04,1.662374e-02,2.5962,0,4,186,1027,45,51
1037,1123,2160,0.480093,0.896,1.040859e+04,1.768254e-02,2.586,0,1,31,1026,45,51
1038,1122,2160,0.480556,0.895,1.051565e+04,9.370283e-03,2.5937,0,8,13,1025,45,51
1039,1121,2160,0.481019,0.895,1.055241e+04,6.332601e-03,2.5948,0,3,4,1024,45,51
1040,1120,2160,0.481481,0.896,1.056909e+04,9.616265e-03,2.6442,0,2,17,1023,45,51
1041,1119,2160,0.481944,0.898,1.059247e+04,8.075245e-03,2.5786,0,4,17,1022,45,51
1042,1118,2160,0.482407,0.896,1.061695e+04,4.321940e-03,2.604,0,7,17,1021,45,51
1043,1117,2160,0.48287,0.897,1.061962e+04,4.658435e-03,2.5821,0,4,4,1020,45,51
1044,1116,2160,0.483333,0.896,1.063985e+04,1.458331e-02,2.6012,0,1,65,1019,45,51
1045,1115,2160,0.483796,0.897,1.068050e+04,2.423723e-02,2.5941,0,8,67,1018,45,51
1046,1114,2160,0.484259,0.898,1.072103e+04,1.785312e-02,2.6305,0,9,93,1017,45,51
1047,1113,2160,0.484722,0.898,1.080752e+04,1.222893e-02,2.6303,0,1,127,1016,45,51
1048,1112,2160,0.485185,0.897,1.086867e+04,1.609218e-02,2.6162,0,1,188,1015,45,51
1049,1111,2160,0.485648,0.898,1.096280e+04,1.226471e-02,2.5766,0,4,44,1014,45,51
1050,1110,2160,0.486111,0.898,1.101864e+04,6.315784e-02,2.6104,2,9,9,1014,45,50
1051,1109,2160,0.486574,0.9,1.107394e+04,1.663144e-02,2.579,0,5,95,1013,45,50
1052,1108,2160,0.487037,0.899,1.117685e+04,1.862604e-02,2.5888,0,5,50,1012,45,50
1053,1107,2160,0.4875,0.897,1.124113e+04,8.706498e-03,2.5855,0,7,61,1011,45,50
1054,1106,2160,0.487963,0.896,1.125567e+04,9.632135e-03,2.5785,0,1,55,1010,45,50
1055,1105,2160,0.488426,0.898,1.129411e+04,1.685186e-02,2.61,0,1,140,1009,45,50
1056,1104,2160,0.488889,0.896,1.135104e+04,1.111540e-02,2.58,0,7,62,1008,45,50
1057,1103,2160,0.489352,0.898,1.133799e+04,1.496526e-02,2.5792,0,1,153,1007,45,50
1058,1102,2160,0.489815,0.898,1.136403e+04,4.271068e-03,2.5822,0,9,153,1006,45,50
1059,1101,2160,0.490278,0.899,1.137438e+04,4.056660e-02,2.5937,0,3,146,1005,45,50
1060,1100,2160,0.490741,0.898,1.143363e+04,2.118092e-02,2.5862,0,3,87,1004,45,50
1061,1099,2160,0.491204,0.898,1.142850e+04,1.567089e-02,2.5868,0,9,113,1003,45,50
1062,1098,2160,0.491667,0.897,1.147656e+04,2.051777e-02,2.5968,0,5,94,1002,45,50
1063,1097,2160,0.49213,0.899,1.146925e+04,8.100879e-03,2.6011,0,5,154,1001,45,50
1064,1096,2160,0.492593,0.9,1.150411e+04,1.831575e-02,2.6003,0,2,136,1000,45,50
1065,1095,2160,0.493056,0.898,1.146617e+04,1.145074e-02,2.5791,0,7,12,999,45,50
1066,1094,2160,0.493519,0.897,1.149583e+04,1.131617e-02,2.627,0,8,5,998,45,50
1067,1093,2160,0.493981,0.898,1.151658e+04,2.714440e-02,2.5812,0,2,146,997,45,50
1068,1092,2160,0.494444,0.894,1.151150e+04,8.684460e-03,2.5943,0,1,32,996,45,50
1069,1091,2160,0.494907,0.894,1.152155e+04,1.126499e-02,2.5834,0,5,152,995,45,50
1070,1090,2160,0.49537,0.894,1.154590e+04,1.097024e-02,2.5904,0,7,166,994,45,50
1071,1089,2160,0.495833,0.894,1.155098e+04,2.488631e-02,2.5853,0,2,74,993,45,50
1072,1088,2160,0.496296,0.895,1.153753e+04,1.188664e-02,2.6161,0,7,13,992,45,50
1073,1087,2160,0.496759,0.895,1.154590e+04,1.472881e-02,2.6269,0,0,39,991,45,50
1074,1086,2160,0.497222,0.895,1.155815e+04,1.477336e-02,2.5969,0,0,177,990,45,50
1075,1085,2160,0.497685,0.895,1.157374e+04,2.157405e-02,2.6018,0,5,149,989,45,50
1076,1084,2160,0.498148,0.895,1.161606e+04,1.657695e-02,2.6006,0,8,149,988,45,50
1077,1083,2160,0.498611,0.895,1.161838e+04,1.406860e-02,2.5989,0,0,128,987,45,50
1078,1082,2160,0.499074,0.895,1.163509e+04,1.278088e-02,2.5929,0,0,79,986,45,50
1079,1081,2160,0.499537,0.896,1.162987e+04,1.932494e-02,2.5825,0,4,75,985,45,50
1080,1080,2160,0.5,0.896,1.163881e+04,1.231663e-02,2.5866,0,9,11,984,45,50
1081,1079,2160,0.500463,0.895,1.167514e+04,8.619605e-03,2.6413,0,7,11,983,45,50
1082,1078,2160,0.500926,0.895,1.167958e+04,7.630774e-03,2.6947,0,4,11,982,45,50
1083,1077,2160,0.501389,0.895,1.169083e+04,1.577147e-02,2.6357,0,1,19,981,45,50
1084,1076,2160,0.501852,0.895,1.175422e+04,3.275827e-02,2.6454,0,1,63,980,45,50
1085,1075,2160,0.502315,0.894,1.186027e+04,1.475251e-02,2.6365,0,2,133,979,45,50
1086,1074,2160,0.502778,0.894,1.184892e+04,1.042468e-02,2.6145,0,1,181,978,45,50
1087,1073,2160,0.503241,0.894,1.187812e+04,5.786849e-03,2.6051,0,8,26,977,45,50
1088,1072,2160,0.503704,0.894,1.188252e+04,2.309165e-02,2.584,0,1,190,976,45,50
1089,1071,2160,0.504167,0.894,1.197208e+04,1.809314e-02,2.607,0,5,172,975,45,50
1090,1070,2160,0.50463,0.897,1.198900e+04,1.268067e-02,2.5845,0,5,71,974,45,50
1091,1069,2160,0.505093,0.898,1.201418e+04,1.854588e-02,2.5941,0,1,192,973,45,50
1092,1068,2160,0.505556,0.897,1.203637e+04,1.783613e-03,2.5905,0,9,192,972,45,50
1093,1067,2160,0.506019,0.897,1.203013e+04,1.492565e-02,2.6224,0,0,30,971,45,50
1094,1066,2160,0.506481,0.897,1.204993e+04,1.710916e-02,2.5851,0,4,52,970,45,50
1095,1065,2160,0.506944,0.897,1.208200e+04,1.388599e-02,2.6088,0,5,30,969,45,50
1096,1064,2160,0.507407,0.897,1.209250e+04,1.753201e-02,2.6004,0,0,69,968,45,50
1097,1063,2160,0.50787,0.897,1.210734e+04,3.346179e-02,2.621,0,5,116,967,45,50
1098,1062,2160,0.508333,0.897,1.218442e+04,3.497456e-02,2.5821,0,8,21,966,45,50
1099,1061,2160,0.508796,0.897,1.212441e+04,1.559272e-02,2.6235,0,0,51,965,45,50
1100,1060,2160,0.509259,0.897,1.215064e+04,1.699146e-02,2.6034,0,4,24,964,45,50
1101,1059,2160,0.509722,0.897,1.218024e+04,1.012870e-02,2.589,0,1,29,963,45,50
1102,1058,2160,0.510185,0.897,1.221948e+04,1.700515e-02,2.5949,0,0,31,962,45,50
1103,1057,2160,0.510648,0.896,1.231052e+04,2.685967e-02,2.6681,0,1,166,961,45,50
1104,1056,2160,0.511111,0.897,1.236867e+04,1.846473e-02,2.645,0,1,169,960,45,50
1105,1055,2160,0.511574,0.896,1.242342e+04,1.455406e-03,2.65,0,9,169,959,45,50
1106,1054,2160,0.512037,0.896,1.242624e+04,1.697436e-02,2.6216,0,8,169,958,45,50
1107,1053,2160,0.5125,0.895,1.248582e+04,1.475081e-02,2.6117,0,7,147,957,45,50
1108,1052,2160,0.512963,0.895,1.252014e+04,3.759673e-02,2.5878,0,4,119,956,45,50
1109,1051,2160,0.513426,0.893,1.259204e+04,1.621613e-02,2.5913,0,0,119,955,45,50
1110,1050,2160,0.513889,0.895,1.253314e+04,7.656716e-03,2.5843,0,3,25,954,45,50
1111,1049,2160,0.514352,0.895,1.256268e+04,1.940975e-02,2.5925,0,5,84,953,45,50
1112,1048,2160,0.514815,0.894,1.260414e+04,7.757588e-03,2.618,0,0,84,952,45,50
1113,1047,2160,0.515278,0.894,1.261430e+04,7.244747e-02,2.5886,0,2,160,951,45,50
1114,1046,2160,0.515741,0.896,1.249196e+04,1.542276e-02,2.6044,0,7,99,950,45,50
1115,1045,2160,0.516204,0.896,1.251501e+04,1.624221e-02,2.6531,0,7,162,949,45,50
1116,1044,2160,0.516667,0.896,1.255277e+04,3.167247e-02,2.6055,0,9,162,948,45,50
1117,1043,2160,0.51713,0.897,1.253693e+04,5.144051e-02,2.5913,0,3,35,947,45,50
1118,1042,2160,0.517593,0.896,1.261252e+04,1.838148e-02,2.5759,0,1,35,946,45,50
1119,1041,2160,0.518056,0.897,1.260934e+04,2.124791e-02,2.6493,0,0,131,945,45,50
1120,1040,2160,0.518519,0.898,1.268639e+04,3.042078e-02,2.5796,0,8,75,944,45,50
1121,1039,2160,0.518981,0.896,1.275243e+04,7.034673e-02,2.6508,2,2,5,944,45,49
1122,1038,2160,0.519444,0.9,1.293160e+04,1.614058e-02,2.6162,0,9,195,943,45,49
1123,1037,2160,0.519907,0.9,1.296643e+04,2.951217e-02,2.6016,0,3,82,942,45,49
1124,1036,2160,0.52037,0.901,1.301112e+04,9.518551e-03,2.5947,0,0,96,941,45,49
1125,1035,2160,0.520833,0.902,1.302929e+04,1.722988e-02,2.5938,0,7,106,940,45,49
1126,1034,2160,0.521296,0.9,1.302353e+04,4.333436e-02,2.6536,0,2,68,939,45,49
1127,1033,2160,0.521759,0.9,1.309103e+04,2.553072e-02,2.62,0,2,54,938,45,49
1128,1032,2160,0.522222,0.9,1.313468e+04,1.248053e-02,2.5881,0,7,42,937,45,49
1129,1031,2160,0.522685,0.9,1.317847e+04,1.545218e-02,2.6323,0,7,142,936,45,49
1130,1030,2160,0.523148,0.9,1.318063e+04,1.813176e-02,2.6027,0,7,146,935,45,49
1131,1029,2160,0.523611,0.899,1.327686e+04,3.817956e-02,2.6061,0,3,48,934,45,49
1132,1028,2160,0.524074,0.897,1.334556e+04,3.889524e-02,2.6427,0,3,117,933,45,49
1133,1027,2160,0.524537,0.898,1.338081e+04,4.740430e-02,2.5771,0,1,47,932,45,49
1134,1026,2160,0.525,0.896,1.339790e+04,1.557513e-02,2.5928,0,3,19,931,45,49
1135,1025,2160,0.525463,0.896,1.345578e+04,1.233452e-02,2.608,0,7,28,930,45,49
1136,1024,2160,0.525926,0.897,1.349025e+04,4.917882e-02,2.5872,0,4,94,929,45,49
1137,1023,2160,0.526389,0.895,1.354343e+04,2.299480e-02,2.6127,0,8,74,928,45,49
1138,1022,2160,0.526852,0.897,1.361416e+04,2.927364e-02,2.6012,0,0,74,927,45,49
1139,1021,2160,0.527315,0.897,1.355642e+04,4.557735e-02,2.6031,0,7,163,926,45,49
1140,1020,2160,0.527778,0.898,1.353609e+04,1.829877e-02,2.5967,0,1,103,925,45,49
1141,1019,2160,0.528241,0.9,1.363054e+04,2.440063e-02,2.5802,0,2,116,924,45,49
1142,1018,2160,0.528704,0.898,1.369851e+04,9.383759e-03,2.5774,0,3,182,923,45,49
1143,1017,2160,0.529167,0.899,1.375011e+04,1.159566e-02,2.6076,0,1,30,922,45,49
1144,1016,2160,0.52963,0.899,1.378913e+04,2.862833e-02,2.5928,0,5,76,921,45,49
1145,1015,2160,0.530093,0.9,1.381774e+04,1.927118e-02,2.5944,0,5,113,920,45,49
1146,1014,2160,0.530556,0.9,1.382215e+04,1.228691e-02,2.616,0,7,98,919,45,49
1147,1013,2160,0.531019,0.901,1.384277e+04,2.731431e-02,2.585,0,3,140,918,45,49
1148,1012,2160,0.531481,0.901,1.388744e+04,1.089678e-02,2.5854,0,4,183,917,45,49
1149,1011,2160,0.531944,0.901,1.393775e+04,1.317788e-02,2.5871,0,4,32,916,45,49
1150,1010,2160,0.532407,0.901,1.398410e+04,2.699222e-02,2.6803,0,9,21,915,45,49
1151,1009,2160,0.53287,0.901,1.402972e+04,2.587444e-01,2.6075,0,3,18,914,45,49
1152,1008,2160,0.533333,0.896,1.510252e+04,2.046111e-02,2.5941,1,4,9,914,44,49
1153,1007,2160,0.533796,0.897,1.503445e+04,1.083783e-02,2.628,0,8,148,913,44,49
1154,1006,2160,0.534259,0.897,1.505241e+04,1.633948e-02,2.601,0,2,149,912,44,49
1155,1005,2160,0.534722,0.897,1.508872e+04,2.085576e-02,2.5822,0,8,87,911,44,49
1156,1004,2160,0.535185,0.895,1.511977e+04,2.150088e-02,2.6186,0,4,149,910,44,49
1157,1003,2160,0.535648,0.895,1.515390e+04,2.194149e-02,2.6074,0,8,123,909,44,49
1158,1002,2160,0.536111,0.896,1.519480e+04,2.519373e-02,2.5848,0,2,140,908,44,49
1159,1001,2160,0.536574,0.894,1.523843e+04,2.155896e-02,2.5805,0,0,113,907,44,49
1160,1000,2160,0.537037,0.894,1.527755e+04,6.974646e-02,2.6338,0,3,49,906,44,49
1161,999,2160,0.5375,0.896,1.534292e+04,8.302398e-03,2.6128,0,2,10,905,44,49
1162,998,2160,0.537963,0.895,1.537962e+04,8.080549e-03,2.5892,0,9,3,904,44,49
1163,997,2160,0.538426,0.895,1.543385e+04,9.509597e-03,2.5869,0,2,126,903,44,49
1164,996,2160,0.538889,0.896,1.545923e+04,1.508480e-02,2.614,0,7,165,902,44,49
1165,995,2160,0.539352,0.895,1.550506e+04,1.495864e-02,2.5798,0,3,165,901,44,49
1166,994,2160,0.539815,0.895,1.553532e+04,1.667269e-02,2.5818,0,7,118,900,44,49
1167,993,2160,0.540278,0.895,1.561184e+04,1.535890e-02,2.6143,0,7,130,899,44,49
1168,992,2160,0.540741,0.895,1.564835e+04,2.020512e-02,2.5949,0,1,165,898,44,49
1169,991,2160,0.541204,0.894,1.566539e+04,1.431692e-02,2.6353,0,2,193,897,44,49
1170,990,2160,0.541667,0.896,1.572128e+04,2.734339e-02,2.6086,0,5,132,896,44,49
1171,989,2160,0.54213,0.894,1.580061e+04,1.924338e-02,2.6063,0,7,105,895,44,49
1172,988,2160,0.542593,0.896,1.578547e+04,1.559449e-02,2.586,0,8,178,894,44,49
1173,987,2160,0.543056,0.895,1.583415e+04,3.404704e-02,2.5969,0,5,118,893,44,49
1174,986,2160,0.543519,0.895,1.583996e+04,1.673043e-02,2.6408,0,0,118,892,44,49
1175,985,2160,0.543981,0.895,1.583741e+04,2.644949e-02,2.5859,0,4,121,891,44,49
1176,984,2160,0.544444,0.895,1.585834e+04,2.775393e-02,2.5865,0,8,147,890,44,49
1177,983,2160,0.544907,0.899,1.592325e+04,1.964788e-02,2.5783,0,1,66,889,44,49
1178,982,2160,0.54537,0.896,1.597112e+04,1.860171e-02,2.577,0,1,160,888,44,49
1179,981,2160,0.545833,0.897,1.601713e+04,1.278036e-02,2.5966,0,7,160,887,44,49
1180,980,2160,0.546296,0.897,1.603223e+04,1.903318e-02,2.5885,0,1,187,886,44,49
1181,979,2160,0.546759,0.895,1.610780e+04,1.516341e-02,2.5882,0,2,2,885,44,49
1182,978,2160,0.547222,0.896,1.614342e+04,6.963037e-03,2.5904,0,4,2,884,44,49
1183,977,2160,0.547685,0.896,1.615702e+04,1.065176e-02,2.5898,0,3,2,883,44,49
1184,976,2160,0.548148,0.894,1.621272e+04,2.112235e-02,2.6072,0,8,45,882,44,49
1185,975,2160,0.548611,0.891,1.627907e+04,2.537332e-02,2.5898,0,1,135,881,44,49
1186,974,2160,0.549074,0.893,1.638670e+04,1.890610e-02,2.5991,0,8,85,880,44,49
1187,973,2160,0.549537,0.89,1.646314e+04,3.188018e-02,2.5938,0,8,60,879,44,49
1188,972,2160,0.55,0.89,1.653912e+04,3.233029e-02,2.5911,0,8,100,878,44,49
1189,971,2160,0.550463,0.889,1.665346e+04,1.158520e-01,2.5826,1,8,1,878,43,49
1190,970,2160,0.550926,0.892,1.687651e+04,3.451839e-02,2.6214,0,3,23,877,43,49
1191,969,2160,0.551389,0.891,1.699410e+04,1.046022e-01,2.6031,2,5,6,877,43,48
1192,968,2160,0.551852,0.888,1.735245e+04,3.762377e-02,2.592,0,4,147,876,43,48
1193,967,2160,0.552315,0.887,1.736554e+04,2.495033e-02,2.6024,0,2,147,875,43,48
1194,966,2160,0.552778,0.888,1.738408e+04,1.202497e-01,2.6119,2,3,4,875,43,47
1195,965,2160,0.553241,0.888,1.775139e+04,3.304240e-02,2.6068,0,3,134,874,43,47
1196,964,2160,0.553704,0.889,1.776805e+04,1.474765e-01,2.6104,0,3,42,873,43,47
1197,963,2160,0.554167,0.89,1.795661e+04,4.759096e-02,2.5982,0,8,170,872,43,47
1198,962,2160,0.55463,0.889,1.798410e+04,1.741516e-01,2.5818,1,9,7,872,42,47
1199,961,2160,0.555093,0.888,1.824966e+04,2.480746e-02,2.6045,1,3,2,872,41,47
1200,960,2160,0.555556,0.887,1.820600e+04,1.847146e-01,2.5837,1,4,2,872,40,47
1201,959,2160,0.556019,0.888,1.828172e+04,6.244016e-02,2.5903,0,0,42,871,40,47
1202,958,2160,0.556481,0.886,1.815475e+04,3.560500e-02,2.58,2,4,4,871,40,46
1203,957,2160,0.556944,0.887,1.811171e+04,1.321577e-02,2.6096,0,7,145,870,40,46
1204,956,2160,0.557407,0.886,1.816623e+04,1.659965e-02,2.5915,0,5,16,869,40,46
1205,955,2160,0.55787,0.886,1.822559e+04,9.855189e-03,2.5915,0,4,56,868,40,46
1206,954,2160,0.558333,0.886,1.826326e+04,1.572608e-02,2.583,0,2,21,867,40,46
1207,953,2160,0.558796,0.886,1.832779e+04,1.192468e-02,2.6174,0,0,8,866,40,46
1208,952,2160,0.559259,0.885,1.835951e+04,1.537947e-02,2.6024,0,3,100,865,40,46
1209,951,2160,0.559722,0.888,1.837974e+04,2.252732e-02,2.6351,0,8,122,864,40,46
1210,950,2160,0.560185,0.889,1.845042e+04,1.743351e-02,2.5949,0,4,65,863,40,46
1211,949,2160,0.560648,0.888,1.854525e+04,2.195382e-02,2.6048,0,7,100,862,40,46
1212,948,2160,0.561111,0.887,1.855678e+04,6.638112e-03,2.6126,0,1,98,861,40,46
1213,947,2160,0.561574,0.888,1.860652e+04,1.358807e-02,2.5874,0,8,160,860,40,46
1214,946,2160,0.562037,0.888,1.864582e+04,2.926506e-02,2.5854,0,8,86,859,40,46
1215,945,2160,0.5625,0.887,1.868115e+04,1.521592e-02,2.6294,0,2,96,858,40,46
1216,944,2160,0.562963,0.887,1.874949e+04,3.094841e-02,2.5851,0,1,68,857,40,46
1217,943,2160,0.563426,0.886,1.887481e+04,1.176543e-02,2.6018,0,5,28,856,40,46
1218,942,2160,0.563889,0.886,1.888881e+04,2.381433e-02,2.654,0,4,57,855,40,46
1219,941,2160,0.564352,0.887,1.895715e+04,1.664147e-02,2.6368,0,3,8,854,40,46
1220,940,2160,0.564815,0.886,1.900057e+04,1.239804e-02,2.5993,0,2,4,853,40,46
1221,939,2160,0.565278,0.885,1.905422e+04,1.879301e-02,2.5879,0,1,112,852,40,46
1222,938,2160,0.565741,0.886,1.907212e+04,6.291064e-02,2.5742,0,4,43,851,40,46
1223,937,2160,0.566204,0.886,1.907309e+04,2.015772e-02,2.6291,0,5,140,850,40,46
1224,936,2160,0.566667,0.885,1.914601e+04,1.510426e-02,2.6167,0,0,140,849,40,46
1225,935,2160,0.56713,0.885,1.912717e+04,2.002352e-02,2.5853,0,1,107,848,40,46
1226,934,2160,0.567593,0.887,1.922208e+04,1.777046e-02,2.6099,0,0,181,847,40,46
1227,933,2160,0.568056,0.886,1.926207e+04,1.739703e-02,2.6129,0,0,33,846,40,46
1228,932,2160,0.568519,0.886,1.929594e+04,3.153935e-02,2.6234,0,8,174,845,40,46
1229,931,2160,0.568981,0.885,1.933975e+04,3.180399e-02,2.5861,0,8,48,844,40,46
1230,930,2160,0.569444,0.886,1.953528e+04,5.143741e-03,2.5809,0,4,98,843,40,46
1231,929,2160,0.569907,0.886,1.959045e+04,3.870852e-03,2.5889,0,0,98,842,40,46
1232,928,2160,0.57037,0.886,1.961988e+04,1.523502e-02,2.592,0,7,14,841,40,46
1233,927,2160,0.570833,0.886,1.971291e+04,1.481697e-02,2.5891,0,5,14,840,40,46
1234,926,2160,0.571296,0.886,1.975243e+04,1.829970e-02,2.6005,0,5,7,839,40,46
1235,925,2160,0.571759,0.884,1.985379e+04,1.917758e-02,2.6145,0,0,13,838,40,46
1236,924,2160,0.572222,0.884,1.989094e+04,1.800364e-02,2.5924,0,8,137,837,40,46
1237,923,2160,0.572685,0.884,1.999785e+04,3.009602e-02,2.6479,0,5,47,836,40,46
1238,922,2160,0.573148,0.886,2.011471e+04,2.247809e-02,2.5989,0,0,81,835,40,46
1239,921,2160,0.573611,0.887,2.017690e+04,1.658306e-02,2.6675,0,0,25,834,40,46
1240,920,2160,0.574074,0.883,2.024570e+04,4.035870e-03,2.6635,0,5,25,833,40,46
1241,919,2160,0.574537,0.884,2.029024e+04,2.355086e-02,2.5946,0,4,39,832,40,46
1242,918,2160,0.575,0.884,2.036013e+04,1.192477e-02,2.5952,0,4,96,831,40,46
1243,917,2160,0.575463,0.883,2.046472e+04,2.016198e-02,2.5841,0,7,117,830,40,46
1244,916,2160,0.575926,0.884,2.052513e+04,1.252466e-02,2.5953,0,7,141,829,40,46
1245,915,2160,0.576389,0.885,2.058023e+04,1.003166e-02,2.586,0,9,43,828,40,46
1246,914,2160,0.576852,0.885,2.067228e+04,1.974704e-02,2.6223,0,0,122,827,40,46
1247,913,2160,0.577315,0.886,2.077203e+04,1.868670e-02,2.5819,0,8,129,826,40,46
1248,912,2160,0.577778,0.887,2.086086e+04,1.316678e-02,2.5933,0,7,129,825,40,46
1249,911,2160,0.578241,0.887,2.091903e+04,1.586114e-02,2.6128,0,8,151,824,40,46
1250,910,2160,0.578704,0.888,2.095032e+04,1.263047e-02,2.5912,0,1,27,823,40,46
1251,909,2160,0.579167,0.888,2.102449e+04,1.014512e-02,2.5928,0,2,194,822,40,46
1252,908,2160,0.57963,0.888,2.106375e+04,1.255478e-02,2.5954,0,2,181,821,40,46
1253,907,2160,0.580093,0.888,2.110781e+04,3.255697e-02,2.584,0,8,186,820,40,46
1254,906,2160,0.580556,0.889,2.108370e+04,1.112154e-02,2.5805,0,5,186,819,40,46
1255,905,2160,0.581019,0.888,2.111646e+04,2.239071e-02,2.5721,0,0,52,818,40,46
1256,904,2160,0.581481,0.889,2.118265e+04,2.028020e-02,2.5842,0,7,53,817,40,46
1257,903,2160,0.581944,0.889,2.124359e+04,1.228199e-02,2.5918,0,8,166,816,40,46
1258,902,2160,0.582407,0.889,2.134746e+04,6.784462e-03,2.5867,0,4,167,815,40,46
1259,901,2160,0.58287,0.89,2.142123e+04,2.256113e-02,2.5793,0,2,86,814,40,46
1260,900,2160,0.583333,0.89,2.146768e+04,3.521416e-02,2.6221,0,2,106,813,40,46
1261,899,2160,0.583796,0.887,2.154771e+04,2.512941e-02,2.5935,0,4,106,812,40,46
1262,898,2160,0.584259,0.889,2.159198e+04,1.762050e-02,2.5949,0,7,70,811,40,46
1263,897,2160,0.584722,0.889,2.169130e+04,1.319741e-02,2.5951,0,8,168,810,40,46
1264,896,2160,0.585185,0.89,2.175969e+04,3.074172e-02,2.5817,0,4,120,809,40,46
1265,895,2160,0.585648,0.889,2.182882e+04,1.143924e-02,2.5874,0,2,120,808,40,46
1266,894,2160,0.586111,0.888,2.184239e+04,2.430465e-02,2.5817,0,8,127,807,40,46
1267,893,2160,0.586574,0.888,2.192149e+04,1.488641e-02,2.5906,0,8,55,806,40,46
1268,892,2160,0.587037,0.888,2.198882e+04,2.211297e-02,2.5745,0,0,70,805,40,46
1269,891,2160,0.5875,0.89,2.206312e+04,2.454033e-02,2.6104,0,2,78,804,40,46
1270,890,2160,0.587963,0.89,2.223994e+04,2.229385e-02,2.6467,0,1,151,803,40,46
1271,889,2160,0.588426,0.89,2.233928e+04,2.674306e-02,2.5871,0,5,151,802,40,46
1272,888,2160,0.588889,0.889,2.234785e+04,2.261800e-02,2.6043,0,0,104,801,40,46
1273,887,2160,0.589352,0.89,2.244756e+04,8.411224e-03,2.5857,0,1,17,800,40,46
1274,886,2160,0.589815,0.889,2.253286e+04,2.413320e-02,2.5949,0,4,5,799,40,46
1275,885,2160,0.590278,0.888,2.275878e+04,2.149936e-02,2.5984,0,0,159,798,40,46
1276,884,2160,0.590741,0.885,2.288929e+04,2.128926e-02,2.578,0,4,166,797,40,46
1277,883,2160,0.591204,0.885,2.308390e+04,1.692211e-02,2.6885,0,9,158,796,40,46
1278,882,2160,0.591667,0.884,2.319912e+04,1.460988e-02,2.5778,0,3,178,795,40,46
1279,881,2160,0.59213,0.884,2.330002e+04,3.206382e-02,2.5826,0,8,58,794,40,46
1280,880,2160,0.592593,0.881,2.336916e+04,2.515280e-02,2.5766,0,7,58,793,40,46
1281,879,2160,0.593056,0.883,2.344546e+04,2.111998e-02,2.5914,0,7,63,792,40,46
1282,878,2160,0.593519,0.883,2.349007e+04,1.228975e-02,2.6222,0,5,194,791,40,46
1283,877,2160,0.593981,0.883,2.362477e+04,5.557676e-03,2.5929,0,8,194,790,40,46
1284,876,2160,0.594444,0.883,2.365534e+04,2.900055e-02,2.5824,0,0,66,789,40,46
1285,875,2160,0.594907,0.881,2.367517e+04,6.565716e-02,2.5775,0,0,175,788,40,46
1286,874,2160,0.59537,0.881,2.402857e+04,5.366728e-02,2.5891,0,3,139,787,40,46
1287,873,2160,0.595833,0.883,2.417859e+04,2.869251e-02,2.5801,0,7,139,786,40,46
1288,872,2160,0.596296,0.884,2.415234e+04,2.666198e-02,2.6359,0,9,139,785,40,46
1289,871,2160,0.596759,0.885,2.415774e+04,2.767554e-01,2.604,1,5,8,785,39,46
1290,870,2160,0.597222,0.882,2.655657e+04,6.439029e-02,2.6006,0,0,90,784,39,46
1291,869,2160,0.597685,0.878,2.684312e+04,2.617704e-02,2.63,0,2,92,783,39,46
1292,868,2160,0.598148,0.879,2.704602e+04,8.177994e-02,2.5799,2,8,5,783,39,45
1293,867,2160,0.598611,0.881,2.749408e+04,1.404868e-01,2.5761,0,0,186,782,39,45
1294,866,2160,0.599074,0.882,2.697330e+04,8.474512e-02,2.5882,2,7,9,782,39,44
1295,865,2160,0.599537,0.883,2.680100e+04,7.933714e-02,2.5953,0,9,166,781,39,44
1296,864,2160,0.6,0.884,2.688379e+04,6.576602e-02,2.5937,1,2,3,781,38,44
1297,863,2160,0.600463,0.882,2.704023e+04,3.136719e-02,2.5855,0,7,151,780,38,44
1298,862,2160,0.600926,0.882,2.717996e+04,1.574406e-02,2.6158,0,1,189,779,38,44
1299,861,2160,0.601389,0.881,2.731457e+04,1.403507e-02,2.6055,0,0,187,778,38,44
1300,860,2160,0.601852,0.88,2.744021e+04,3.306008e-02,2.5899,0,4,159,777,38,44
1301,859,2160,0.602315,0.88,2.753684e+04,2.054992e-02,2.5844,0,1,5,776,38,44
1302,858,2160,0.602778,0.88,2.768138e+04,1.879664e-02,2.5897,0,1,102,775,38,44
1303,857,2160,0.603241,0.879,2.781709e+04,6.127005e-02,2.61,0,8,105,774,38,44
1304,856,2160,0.603704,0.881,2.807898e+04,1.047237e-01,2.582,2,7,8,774,38,43
1305,855,2160,0.604167,0.882,2.871593e+04,1.313148e-02,2.5898,0,1,83,773,38,43
1306,854,2160,0.60463,0.882,2.882103e+04,1.983476e-02,2.6186,0,0,129,772,38,43
1307,853,2160,0.605093,0.881,2.895160e+04,2.652564e-02,2.6011,0,9,89,771,38,43
1308,852,2160,0.605556,0.879,2.926896e+04,3.163248e-02,2.6388,0,4,104,770,38,43
1309,851,2160,0.606019,0.881,2.940566e+04,5.525234e-02,2.585,0,4,146,769,38,43
1310,850,2160,0.606481,0.882,2.986743e+04,5.364254e-02,2.6091,1,2,8,769,37,43
1311,849,2160,0.606944,0.885,3.030304e+04,7.033882e-02,2.5927,2,3,1,769,37,42
1312,848,2160,0.607407,0.883,3.067768e+04,9.154259e-03,2.6153,0,9,94,768,37,42
1313,847,2160,0.60787,0.882,3.071126e+04,1.128078e-02,2.632,0,0,190,767,37,42
1314,846,2160,0.608333,0.883,3.079667e+04,1.490134e-02,2.6322,0,0,65,766,37,42
1315,845,2160,0.608796,0.88,3.083567e+04,1.374623e-02,2.6168,0,0,174,765,37,42
1316,844,2160,0.609259,0.879,3.092276e+04,1.454389e-02,2.6042,0,0,147,764,37,42
1317,843,2160,0.609722,0.881,3.097976e+04,1.403982e-02,2.6015,0,0,63,763,37,42
1318,842,2160,0.610185,0.88,3.106792e+04,2.857709e-02,2.5966,0,4,35,762,37,42
1319,841,2160,0.610648,0.878,3.123490e+04,2.936840e-02,2.577,0,8,33,761,37,42
1320,840,2160,0.611111,0.878,3.120392e+04,4.957958e-03,2.6057,0,3,33,760,37,42
1321,839,2160,0.611574,0.878,3.121766e+04,3.174009e-02,2.5813,0,4,145,759,37,42
1322,838,2160,0.612037,0.876,3.149341e+04,2.143565e-02,2.6533,0,0,176,758,37,42
1323,837,2160,0.6125,0.879,3.150026e+04,1.303979e-02,2.5993,0,8,20,757,37,42
1324,836,2160,0.612963,0.879,3.159927e+04,1.332538e-02,2.5828,0,7,171,756,37,42
1325,835,2160,0.613426,0.878,3.165466e+04,1.648908e-02,2.5768,0,7,149,755,37,42
1326,834,2160,0.613889,0.878,3.176479e+04,1.754538e-02,2.5837,0,0,53,754,37,42
1327,833,2160,0.614352,0.878,3.187793e+04,2.273331e-02,2.5868,0,4,177,753,37,42
1328,832,2160,0.614815,0.877,3.190975e+04,1.034804e-02,2.6026,0,5,177,752,37,42
1329,831,2160,0.615278,0.878,3.193194e+04,1.195972e-02,2.5826,0,7,30,751,37,42
1330,830,2160,0.615741,0.877,3.197065e+04,2.271102e-02,2.5854,0,7,81,750,37,42
1331,829,2160,0.616204,0.877,3.201676e+04,4.460895e-02,2.5832,0,1,77,749,37,42
1332,828,2160,0.616667,0.881,3.240993e+04,1.825141e-02,2.6114,0,1,185,748,37,42
1333,827,2160,0.61713,0.88,3.257725e+04,1.419511e-01,2.5855,0,4,144,747,37,42
1334,826,2160,0.617593,0.881,3.402957e+04,1.527193e-02,2.6091,0,5,163,746,37,42
1335,825,2160,0.618056,0.88,3.413676e+04,5.949592e-02,2.5826,0,3,72,745,37,42
1336,824,2160,0.618519,0.88,3.437257e+04,1.172251e-02,2.5827,0,2,72,744,37,42
1337,823,2160,0.618981,0.879,3.436245e+04,1.663148e-02,2.6155,0,7,43,743,37,42
1338,822,2160,0.619444,0.879,3.442983e+04,1.871978e-02,2.6117,0,4,164,742,37,42
1339,821,2160,0.619907,0.879,3.455534e+04,1.263582e-02,2.607,0,3,14,741,37,42
1340,820,2160,0.62037,0.88,3.469920e+04,1.581108e-02,2.6121,0,0,109,740,37,42
1341,819,2160,0.620833,0.879,3.477841e+04,1.254939e-02,2.6566,0,1,45,739,37,42
1342,818,2160,0.621296,0.88,3.492324e+04,1.754016e-02,2.6119,0,1,52,738,37,42
1343,817,2160,0.621759,0.879,3.507349e+04,1.096191e-02,2.5824,0,8,9,737,37,42
1344,816,2160,0.622222,0.879,3.516205e+04,1.045887e-02,2.6171,0,8,29,736,37,42
1345,815,2160,0.622685,0.878,3.528478e+04,1.374849e-02,2.5796,0,2,153,735,37,42
1346,814,2160,0.623148,0.878,3.533852e+04,2.289109e-02,2.5911,0,1,123,734,37,42
1347,813,2160,0.623611,0.879,3.531932e+04,1.418424e-02,2.6244,0,2,70,733,37,42
1348,812,2160,0.624074,0.879,3.542309e+04,2.760595e-02,2.5897,0,4,22,732,37,42
1349,811,2160,0.624537,0.88,3.554181e+04,2.086690e-02,2.6122,0,0,78,731,37,42
1350,810,2160,0.625,0.878,3.555685e+04,1.889352e-02,2.5872,0,0,150,730,37,42
1351,809,2160,0.625463,0.881,3.563853e+04,2.602452e-02,2.6356,0,9,116,729,37,42
1352,808,2160,0.625926,0.878,3.578632e+04,2.833460e-02,2.6201,0,2,1,728,37,42
1353,807,2160,0.626389,0.88,3.589567e+04,1.571837e-01,2.5817,1,4,4,728,36,42
1354,806,2160,0.626852,0.887,3.656242e+04,9.080328e-02,2.5755,0,0,47,727,36,42
1355,805,2160,0.627315,0.886,3.639540e+04,4.127160e-02,2.6124,0,4,118,726,36,42
1356,804,2160,0.627778,0.884,3.634996e+04,2.269057e-02,2.594,0,3,157,725,36,42
1357,803,2160,0.628241,0.886,3.641280e+04,4.647575e-02,2.6259,0,1,180,724,36,42
1358,802,2160,0.628704,0.886,3.655463e+04,1.335011e-02,2.6265,0,8,6,723,36,42
1359,801,2160,0.629167,0.886,3.662952e+04,9.336759e-03,2.6675,0,7,97,722,36,42
1360,800,2160,0.62963,0.886,3.667547e+04,3.358552e-02,2.5916,0,8,156,721,36,42
1361,799,2160,0.630093,0.889,3.672751e+04,1.716376e-02,2.6077,0,7,156,720,36,42
1362,798,2160,0.630556,0.887,3.677810e+04,5.234125e-02,2.5924,0,3,156,719,36,42
1363,797,2160,0.631019,0.887,3.679120e+04,1.627832e-02,2.5876,0,3,7,718,36,42
1364,796,2160,0.631481,0.887,3.683872e+04,1.944310e-02,2.6038,0,7,102,717,36,42
1365,795,2160,0.631944,0.886,3.692078e+04,3.442438e-02,2.5899,0,1,6,716,36,42
1366,794,2160,0.632407,0.885,3.696727e+04,1.610310e-02,2.58,0,3,163,715,36,42
1367,793,2160,0.63287,0.887,3.707973e+04,4.825803e-02,2.6239,0,5,49,714,36,42
1368,792,2160,0.633333,0.887,3.719104e+04,3.303429e-02,2.5846,0,4,143,713,36,42
1369,791,2160,0.633796,0.887,3.740531e+04,1.376742e-02,2.6522,0,7,185,712,36,42
1370,790,2160,0.634259,0.886,3.748343e+04,8.855557e-03,2.6077,0,8,185,711,36,42
1371,789,2160,0.634722,0.887,3.752174e+04,2.004578e-02,2.5807,0,4,45,710,36,42
1372,788,2160,0.635185,0.885,3.761613e+04,1.589134e-02,2.5901,0,4,85,709,36,42
1373,787,2160,0.635648,0.885,3.768316e+04,3.072808e-02,2.6031,0,4,150,708,36,42
1374,786,2160,0.636111,0.884,3.770338e+04,2.589264e-02,2.5946,0,4,33,707,36,42
1375,785,2160,0.636574,0.883,3.779874e+04,2.953168e-02,2.5868,0,0,23,706,36,42
1376,784,2160,0.637037,0.884,3.773967e+04,1.443542e-02,2.591,0,7,37,705,36,42
1377,783,2160,0.6375,0.886,3.780193e+04,1.229942e-02,2.5898,0,7,6,704,36,42
1378,782,2160,0.637963,0.887,3.789677e+04,9.268997e-03,2.6207,0,9,6,703,36,42
1379,781,2160,0.638426,0.883,3.797801e+04,1.356586e-02,2.5823,0,8,12,702,36,42
1380,780,2160,0.638889,0.884,3.809656e+04,1.346601e-02,2.5793,0,3,111,701,36,42
1381,779,2160,0.639352,0.883,3.822424e+04,8.964408e-03,2.5781,0,5,111,700,36,42
1382,778,2160,0.639815,0.882,3.829484e+04,2.752288e-02,2.5945,0,9,77,699,36,42
1383,777,2160,0.640278,0.884,3.828520e+04,2.174389e-02,2.6158,0,3,31,698,36,42
1384,776,2160,0.640741,0.886,3.844452e+04,3.192596e-02,2.598,0,0,64,697,36,42
1385,775,2160,0.641204,0.886,3.839381e+04,1.314593e-02,2.5915,0,5,64,696,36,42
1386,774,2160,0.641667,0.884,3.844151e+04,8.498014e-03,2.5834,0,7,25,695,36,42
1387,773,2160,0.64213,0.883,3.854803e+04,2.302640e-02,2.5884,0,7,135,694,36,42
1388,772,2160,0.642593,0.885,3.871771e+04,3.118733e-02,2.586,0,4,66,693,36,42
1389,771,2160,0.643056,0.884,3.883333e+04,2.837196e-02,2.5814,0,8,69,692,36,42
1390,770,2160,0.643519,0.883,3.906795e+04,1.486083e-02,2.5849,0,4,155,691,36,42
1391,769,2160,0.643981,0.882,3.920461e+04,1.423754e-02,2.6328,0,8,155,690,36,42
1392,768,2160,0.644444,0.882,3.935059e+04,1.587447e-02,2.5989,0,0,191,689,36,42
1393,767,2160,0.644907,0.884,3.943860e+04,2.195290e-02,2.7199,0,0,144,688,36,42
1394,766,2160,0.64537,0.885,3.950572e+04,1.651299e-02,2.621,0,5,15,687,36,42
1395,765,2160,0.645833,0.887,3.975511e+04,2.735431e-03,2.5935,0,0,15,686,36,42
1396,764,2160,0.646296,0.886,3.975382e+04,1.447285e-02,2.5904,0,4,181,685,36,42
1397,763,2160,0.646759,0.885,3.992215e+04,3.875847e-02,2.5778,0,2,73,684,36,42
1398,762,2160,0.647222,0.885,4.010594e+04,2.027507e-02,2.6145,0,7,103,683,36,42
1399,761,2160,0.647685,0.883,4.034857e+04,1.308388e-02,2.6102,0,7,192,682,36,42
1400,760,2160,0.648148,0.882,4.049250e+04,4.285903e-02,2.5742,0,1,171,681,36,42
1401,759,2160,0.648611,0.884,4.055139e+04,2.976663e-02,2.6045,0,1,79,680,36,42
1402,758,2160,0.649074,0.884,4.056683e+04,1.519714e-02,2.6149,0,8,84,679,36,42
1403,757,2160,0.649537,0.883,4.073109e+04,1.649536e-02,2.5954,0,1,84,678,36,42
1404,756,2160,0.65,0.883,4.081054e+04,1.474904e-02,2.5976,0,7,0,677,36,42
1405,755,2160,0.650463,0.884,4.093491e+04,3.304047e-02,2.6013,0,5,10,676,36,42
1406,754,2160,0.650926,0.883,4.096636e+04,2.701221e-02,2.6343,0,0,160,675,36,42
1407,753,2160,0.651389,0.883,4.107228e+04,3.545027e-02,2.6139,0,1,128,674,36,42
1408,752,2160,0.651852,0.884,4.112993e+04,4.707999e-02,2.6031,0,8,128,673,36,42
1409,751,2160,0.652315,0.886,4.127313e+04,3.881403e-02,2.6119,0,4,175,672,36,42
1410,750,2160,0.652778,0.885,4.139770e+04,3.800763e-02,2.6078,0,2,175,671,36,42
1411,749,2160,0.653241,0.884,4.142161e+04,1.240439e-01,2.5784,0,0,146,670,36,42
1412,748,2160,0.653704,0.889,4.142473e+04,2.866732e-01,2.6163,2,4,5,670,36,41
1413,747,2160,0.654167,0.886,4.567601e+04,5.403559e-02,2.5775,0,4,162,669,36,41
1414,746,2160,0.65463,0.885,4.620989e+04,3.991142e-02,2.5825,0,4,53,668,36,41
1415,745,2160,0.655093,0.886,4.673492e+04,4.833002e-02,2.5754,0,3,91,667,36,41
1416,744,2160,0.655556,0.885,4.750713e+04,6.009213e-02,2.5882,0,4,115,666,36,41
1417,743,2160,0.656019,0.884,4.802998e+04,2.667234e-02,2.6068,0,3,115,665,36,41
1418,742,2160,0.656481,0.885,4.792205e+04,3.833553e-02,2.5806,0,4,68,664,36,41
1419,741,2160,0.656944,0.883,4.842397e+04,1.581838e-02,2.5862,0,7,38,663,36,41
1420,740,2160,0.657407,0.883,4.861169e+04,2.707980e-02,2.6607,0,8,64,662,36,41
1421,739,2160,0.65787,0.881,4.909657e+04,2.356556e-02,2.6488,0,0,67,661,36,41
1422,738,2160,0.658333,0.88,4.949871e+04,5.252698e-02,2.584,0,4,187,660,36,41
1423,737,2160,0.658796,0.878,5.048021e+04,3.406948e-02,2.6151,0,4,27,659,36,41
1424,736,2160,0.659259,0.879,5.110218e+04,5.378726e-02,2.606,0,4,132,658,36,41
1425,735,2160,0.659722,0.875,5.246241e+04,2.266265e-01,2.6082,0,2,159,657,36,41
1426,734,2160,0.660185,0.878,5.760885e+04,1.421083e-01,2.5907,2,6,9,657,36,40
1427,733,2160,0.660648,0.876,5.915000e+04,2.183351e-02,2.5887,0,7,47,656,36,40
1428,732,2160,0.661111,0.875,5.951893e+04,1.342026e-02,2.6014,0,3,159,655,36,40
1429,731,2160,0.661574,0.877,5.966394e+04,5.416593e-02,2.6038,0,3,37,654,36,40
1430,730,2160,0.662037,0.874,5.948485e+04,7.854503e-03,2.604,0,8,167,653,36,40
1431,729,2160,0.6625,0.874,5.971659e+04,1.313570e-02,2.5887,0,0,43,652,36,40
1432,728,2160,0.662963,0.876,5.996813e+04,2.940730e-02,2.5833,0,5,43,651,36,40
1433,727,2160,0.663426,0.874,6.012958e+04,7.929910e-02,2.588,1,1,0,651,35,40
1434,726,2160,0.663889,0.874,6.034844e+04,2.093027e-02,2.6072,0,3,28,650,35,40
1435,725,2160,0.664352,0.872,6.053815e+04,2.347472e-02,2.631,0,0,135,649,35,40
1436,724,2160,0.664815,0.876,6.086035e+04,2.007967e-02,2.6087,0,8,135,648,35,40
1437,723,2160,0.665278,0.879,6.102649e+04,1.299308e-02,2.607,0,7,15,647,35,40
1438,722,2160,0.665741,0.879,6.113637e+04,7.380401e-03,2.577,0,2,15,646,35,40
1439,721,2160,0.666204,0.877,6.120065e+04,2.754778e-02,2.5856,0,4,114,645,35,40
1440,720,2160,0.666667,0.876,6.135380e+04,1.269809e-02,2.6248,0,5,114,644,35,40
1441,719,2160,0.66713,0.879,6.139135e+04,7.968665e-03,2.5781,0,1,114,643,35,40
1442,718,2160,0.667593,0.879,6.137826e+04,2.229892e-02,2.6005,0,1,33,642,35,40
1443,717,2160,0.668056,0.878,6.141064e+04,9.493957e-02,2.6112,2,9,5,642,35,39
1444,716,2160,0.668519,0.874,6.304684e+04,1.915707e-02,2.5921,0,2,57,641,35,39
1445,715,2160,0.668981,0.875,6.314734e+04,3.447637e-02,2.5912,0,9,57,640,35,39
1446,714,2160,0.669444,0.875,6.341012e+04,4.747743e-03,2.6445,0,1,57,639,35,39
1447,713,2160,0.669907,0.874,6.348349e+04,1.269624e-02,2.5804,0,8,182,638,35,39
1448,712,2160,0.67037,0.874,6.377918e+04,2.980837e-02,2.5934,0,7,60,637,35,39
1449,711,2160,0.670833,0.876,6.389316e+04,1.485138e-02,2.5959,0,3,32,636,35,39
1450,710,2160,0.671296,0.876,6.399894e+04,3.978451e-02,2.5815,0,7,93,635,35,39
1451,709,2160,0.671759,0.876,6.390523e+04,2.318870e-02,2.5855,0,2,18,634,35,39
1452,708,2160,0.672222,0.876,6.450885e+04,2.458842e-02,2.5805,0,8,32,633,35,39
1453,707,2160,0.672685,0.875,6.506241e+04,1.219909e-02,2.6039,0,4,182,632,35,39
1454,706,2160,0.673148,0.877,6.527068e+04,7.629476e-02,2.5913,0,3,76,631,35,39
1455,705,2160,0.673611,0.877,6.502459e+04,3.184650e-01,2.6248,0,4,91,630,35,39
1456,704,2160,0.674074,0.866,6.374687e+04,9.896857e-02,2.5894,2,3,3,630,35,38
1457,703,2160,0.674537,0.86,6.372071e+04,2.791082e-02,2.5862,0,7,176,629,35,38
1458,702,2160,0.675,0.862,6.407917e+04,1.515717e-02,2.6079,0,4,160,628,35,38
1459,701,2160,0.675463,0.86,6.410978e+04,1.437216e-02,2.6077,0,3,160,627,35,38
1460,700,2160,0.675926,0.86,6.422866e+04,1.642612e-02,2.6098,0,1,161,626,35,38
1461,699,2160,0.676389,0.857,6.439818e+04,9.147410e-03,2.5895,0,7,161,625,35,38
1462,698,2160,0.676852,0.859,6.441659e+04,1.229875e-02,2.591,0,0,161,624,35,38
1463,697,2160,0.677315,0.859,6.434447e+04,4.320748e-02,2.5841,0,4,76,623,35,38
1464,696,2160,0.677778,0.857,6.466167e+04,1.637769e-02,2.6214,0,9,97,622,35,38
1465,695,2160,0.678241,0.857,6.473351e+04,1.577214e-02,2.5965,0,0,157,621,35,38
1466,694,2160,0.678704,0.856,6.478754e+04,1.533466e-02,2.6282,0,3,161,620,35,38
1467,693,2160,0.679167,0.857,6.502243e+04,1.404212e-02,2.5773,0,7,187,619,35,38
1468,692,2160,0.67963,0.856,6.525603e+04,2.895276e-02,2.5804,0,1,78,618,35,38
1469,691,2160,0.680093,0.86,6.536395e+04,1.059008e-02,2.5961,0,2,29,617,35,38
1470,690,2160,0.680556,0.86,6.543064e+04,1.391891e-02,2.5841,0,1,24,616,35,38
1471,689,2160,0.681019,0.858,6.567139e+04,9.294994e-03,2.5871,0,8,24,615,35,38
1472,688,2160,0.681481,0.86,6.581461e+04,2.414468e-02,2.5846,0,8,89,614,35,38
1473,687,2160,0.681944,0.86,6.596899e+04,2.436720e-02,2.6039,0,1,122,613,35,38
1474,686,2160,0.682407,0.859,6.611116e+04,1.263211e-02,2.6462,0,2,122,612,35,38
1475,685,2160,0.68287,0.86,6.625455e+04,8.691025e-03,2.5955,0,2,192,611,35,38
1476,684,2160,0.683333,0.859,6.630878e+04,1.480360e-02,2.6107,0,9,41,610,35,38
1477,683,2160,0.683796,0.857,6.646237e+04,2.105892e-02,2.6546,0,2,41,609,35,38
1478,682,2160,0.684259,0.858,6.673248e+04,1.424415e-02,2.5802,0,7,154,608,35,38
1479,681,2160,0.684722,0.858,6.689727e+04,9.676455e-03,2.6038,0,7,194,607,35,38
1480,680,2160,0.685185,0.857,6.707544e+04,2.126092e-02,2.5951,0,7,113,606,35,38
1481,679,2160,0.685648,0.858,6.729649e+04,1.389709e-02,2.5987,0,2,8,605,35,38
1482,678,2160,0.686111,0.858,6.745246e+04,1.045202e-02,2.5851,0,7,167,604,35,38
1483,677,2160,0.686574,0.858,6.764803e+04,1.889374e-02,2.6035,0,1,69,603,35,38
1484,676,2160,0.687037,0.859,6.784751e+04,2.110280e-02,2.5775,0,9,123,602,35,38
1485,675,2160,0.6875,0.861,6.801762e+04,9.274477e-03,2.6047,0,2,123,601,35,38
1486,674,2160,0.687963,0.861,6.821869e+04,8.991526e-03,2.6036,0,2,154,600,35,38
1487,673,2160,0.688426,0.861,6.837978e+04,2.528097e-02,2.5757,0,3,188,599,35,38
1488,672,2160,0.688889,0.861,6.871412e+04,2.307812e-02,2.6232,0,3,110,598,35,38
1489,671,2160,0.689352,0.861,6.901266e+04,1.704488e-02,2.6131,0,3,64,597,35,38
1490,670,2160,0.689815,0.861,6.928543e+04,4.494184e-02,2.6287,0,7,121,596,35,38
1491,669,2160,0.690278,0.86,6.936065e+04,2.141450e-02,2.5754,0,8,121,595,35,38
1492,668,2160,0.690741,0.86,6.947068e+04,1.477591e-02,2.6078,0,1,121,594,35,38
1493,667,2160,0.691204,0.859,6.956505e+04,3.567628e-02,2.6149,0,5,124,593,35,38
1494,666,2160,0.691667,0.859,6.968843e+04,1.231545e-02,2.5914,0,1,2,592,35,38
1495,665,2160,0.69213,0.86,6.989932e+04,1.674965e-02,2.6106,0,2,71,591,35,38
1496,664,2160,0.692593,0.859,6.994028e+04,1.357908e-02,2.5863,0,2,191,590,35,38
1497,663,2160,0.693056,0.86,7.002091e+04,1.279324e-02,2.5862,0,7,191,589,35,38
1498,662,2160,0.693519,0.86,7.024259e+04,1.265993e-02,2.5882,0,4,153,588,35,38
1499,661,2160,0.693981,0.86,7.043810e+04,2.191924e-02,2.5788,0,2,39,587,35,38
1500,660,2160,0.694444,0.861,7.050611e+04,3.301593e-02,2.5795,0,7,172,586,35,38
1501,659,2160,0.694907,0.862,7.037637e+04,1.424982e-02,2.6322,0,0,193,585,35,38
1502,658,2160,0.69537,0.864,7.044825e+04,2.102594e-02,2.6012,0,9,81,584,35,38
1503,657,2160,0.695833,0.859,7.072944e+04,2.006304e-02,2.5883,0,3,17,583,35,38
1504,656,2160,0.696296,0.858,7.116200e+04,1.308351e-02,2.5977,0,2,28,582,35,38
1505,655,2160,0.696759,0.858,7.152116e+04,2.322820e-02,2.5819,0,0,4,581,35,38
1506,654,2160,0.697222,0.859,7.133453e+04,2.856504e-02,2.5979,0,7,173,580,35,38
1507,653,2160,0.697685,0.862,7.169994e+04,6.102470e-02,2.5944,0,4,136,579,35,38
1508,652,2160,0.698148,0.86,7.213867e+04,1.403488e-02,2.5999,0,2,83,578,35,38
1509,651,2160,0.698611,0.859,7.229743e+04,1.144949e-02,2.6119,0,7,83,577,35,38
1510,650,2160,0.699074,0.859,7.251551e+04,5.995131e-02,2.584,0,7,174,576,35,38
1511,649,2160,0.699537,0.859,7.316919e+04,2.932901e-02,2.5908,0,1,170,575,35,38
1512,648,2160,0.7,0.859,7.368960e+04,1.065979e-02,2.5859,0,2,6,574,35,38
1513,647,2160,0.700463,0.859,7.395220e+04,2.507464e-02,2.6135,0,3,11,573,35,38
1514,646,2160,0.700926,0.86,7.456020e+04,1.128412e-02,2.6029,0,2,11,572,35,38
1515,645,2160,0.701389,0.859,7.474173e+04,1.051604e-01,2.594,0,8,34,571,35,38
1516,644,2160,0.701852,0.86,7.405664e+04,6.594548e-02,2.7009,0,0,145,570,35,38
1517,643,2160,0.702315,0.86,7.482026e+04,1.172876e-01,2.5865,0,7,132,569,35,38
1518,642,2160,0.702778,0.854,7.659446e+04,3.484480e-02,2.6072,0,0,17,568,35,38
1519,641,2160,0.703241,0.857,7.715258e+04,3.903567e-02,2.583,0,8,136,567,35,38
1520,640,2160,0.703704,0.855,7.808191e+04,8.441025e-02,2.5859,1,1,7,567,34,38
1521,639,2160,0.704167,0.856,7.912210e+04,2.801152e-02,2.6272,0,3,22,566,34,38
1522,638,2160,0.70463,0.856,7.961004e+04,2.320452e-02,2.5829,0,3,36,565,34,38
1523,637,2160,0.705093,0.856,8.013573e+04,2.856993e-02,2.5917,0,7,92,564,34,38
1524,636,2160,0.705556,0.855,8.039077e+04,1.815860e-02,2.583,0,7,40,563,34,38
1525,635,2160,0.706019,0.855,8.073286e+04,1.194976e-02,2.5758,0,3,40,562,34,38
1526,634,2160,0.706481,0.855,8.091717e+04,6.483579e-02,2.6048,0,0,76,561,34,38
1527,633,2160,0.706944,0.852,8.162262e+04,5.789702e-02,2.5993,0,0,139,560,34,38
1528,632,2160,0.707407,0.852,8.262929e+04,1.065068e-01,2.6449,0,8,77,559,34,38
1529,631,2160,0.70787,0.85,8.524385e+04,2.662626e-02,2.6476,0,9,59,558,34,38
1530,630,2160,0.708333,0.852,8.569107e+04,2.747288e-02,2.5891,0,0,59,557,34,38
1531,629,2160,0.708796,0.85,8.596287e+04,2.079300e-02,2.5938,0,4,59,556,34,38
1532,628,2160,0.709259,0.85,8.630158e+04,6.830499e-02,2.5896,0,0,1,555,34,38
1533,627,2160,0.709722,0.848,8.734181e+04,1.824338e-02,2.5806,0,1,1,554,34,38
1534,626,2160,0.710185,0.85,8.748111e+04,3.105096e-02,2.6102,0,4,1,553,34,38
1535,625,2160,0.710648,0.848,8.752140e+04,7.991064e-03,2.6079,0,3,1,552,34,38
1536,624,2160,0.711111,0.848,8.756453e+04,9.173784e-02,2.5923,0,8,49,551,34,38
1537,623,2160,0.711574,0.846,8.976717e+04,2.631984e-02,2.6083,0,2,46,550,34,38
1538,622,2160,0.712037,0.845,9.028222e+04,5.721309e-02,2.5816,0,9,142,549,34,38
1539,621,2160,0.7125,0.843,9.116160e+04,8.384553e-02,2.6596,0,0,183,548,34,38
1540,620,2160,0.712963,0.842,9.201184e+04,6.051416e-02,2.5805,0,7,109,547,34,38
1541,619,2160,0.713426,0.848,9.289586e+04,4.745459e-02,2.586,0,5,109,546,34,38
1542,618,2160,0.713889,0.846,9.322554e+04,4.690767e-02,2.6164,0,1,26,545,34,38
1543,617,2160,0.714352,0.844,9.333751e+04,1.972663e+00,2.5935,0,2,26,544,34,38
1544,616,2160,0.714815,0.341,1.218153e+07,6.855944e-04,2.6428,0,8,189,543,34,38
1545,615,2160,0.715278,0.341,1.218155e+07,1.234112e-03,2.6255,0,2,177,542,34,38
1546,614,2160,0.715741,0.341,1.218171e+07,7.268250e-03,2.6508,0,5,130,541,34,38
1547,613,2160,0.716204,0.342,1.218022e+07,2.869608e-03,2.6079,0,2,190,540,34,38
1548,612,2160,0.716667,0.342,1.218003e+07,3.219829e-02,2.6401,2,5,1,540,34,37
1549,611,2160,0.71713,0.342,1.218130e+07,1.090896e-02,2.6304,0,8,50,539,34,37
1550,610,2160,0.717593,0.343,1.217982e+07,4.781902e-03,2.6056,0,9,180,538,34,37
1551,609,2160,0.718056,0.343,1.217901e+07,1.968319e-02,2.5812,0,1,110,537,34,37
1552,608,2160,0.718519,0.344,1.217954e+07,2.502916e-02,2.6112,0,1,54,536,34,37
1553,607,2160,0.718981,0.342,1.218146e+07,1.264674e-02,2.6024,0,5,70,535,34,37
1554,606,2160,0.719444,0.342,1.218053e+07,1.237566e-02,2.6083,0,8,159,534,34,37
1555,605,2160,0.719907,0.345,1.218015e+07,1.252461e-02,2.6281,0,0,165,533,34,37
1556,604,2160,0.72037,0.343,1.218227e+07,9.987092e-03,2.5769,0,9,115,532,34,37
1557,603,2160,0.720833,0.342,1.218218e+07,2.313996e-02,2.5833,0,4,23,531,34,37
1558,602,2160,0.721296,0.341,1.218465e+07,2.584420e-02,2.5861,0,1,150,530,34,37
1559,601,2160,0.721759,0.342,1.218667e+07,7.810514e-03,2.6196,0,8,16,529,34,37
1560,600,2160,0.722222,0.343,1.218657e+07,1.586858e-02,2.5866,0,9,101,528,34,37
1561,599,2160,0.722685,0.342,1.218460e+07,5.054412e-02,2.5875,0,3,105,527,34,37
1562,598,2160,0.723148,0.336,1.218804e+07,3.641592e-02,2.5838,0,9,120,526,34,37
1563,597,2160,0.723611,0.344,1.218085e+07,2.461619e-02,2.5929,0,0,173,525,34,37
1564,596,2160,0.724074,0.344,1.217684e+07,2.363681e-02,2.581,0,0,126,524,34,37
1565,595,2160,0.724537,0.342,1.218148e+07,2.478157e-02,2.5931,0,8,113,523,34,37
1566,594,2160,0.725,0.343,1.217598e+07,2.985168e-02,2.6134,0,7,108,522,34,37
1567,593,2160,0.725463,0.345,1.217660e+07,4.568515e-02,2.6008,0,7,104,521,34,37
1568,592,2160,0.725926,0.35,1.217234e+07,6.856588e-02,2.7173,0,2,131,520,34,37
1569,591,2160,0.726389,0.345,1.217487e+07,8.645812e-02,2.5855,0,3,104,519,34,37
1570,590,2160,0.726852,0.34,1.218833e+07,4.857218e-02,2.5734,0,3,107,518,34,37
1571,589,2160,0.727315,0.339,1.220063e+07,2.632987e-02,2.5792,0,0,58,517,34,37
1572,588,2160,0.727778,0.339,1.221059e+07,3.454515e-02,2.6145,0,3,130,516,34,37
1573,587,2160,0.728241,0.337,1.221966e+07,5.033553e-02,2.5826,0,3,68,515,34,37
1574,586,2160,0.728704,0.335,1.223540e+07,1.235124e-02,2.5829,0,7,80,514,34,37
1575,585,2160,0.729167,0.335,1.223717e+07,2.034784e-02,2.5799,0,4,21,513,34,37
1576,584,2160,0.72963,0.336,1.224280e+07,1.572503e-02,2.6034,0,4,86,512,34,37
1577,583,2160,0.730093,0.334,1.224786e+07,1.571565e-02,2.5861,0,9,74,511,34,37
1578,582,2160,0.730556,0.334,1.225170e+07,6.202759e-03,2.6055,0,3,69,510,34,37
1579,581,2160,0.731019,0.334,1.225349e+07,2.469008e-02,2.6156,0,4,78,509,34,37
1580,580,2160,0.731481,0.333,1.224974e+07,1.026395e-02,2.619,0,1,108,508,34,37
1581,579,2160,0.731944,0.334,1.225084e+07,3.042401e-02,2.5925,0,3,186,507,34,37
1582,578,2160,0.732407,0.331,1.225965e+07,1.118889e-02,2.5958,0,9,148,506,34,37
1583,577,2160,0.73287,0.33,1.226012e+07,1.746918e-02,2.6105,0,4,20,505,34,37
1584,576,2160,0.733333,0.329,1.226017e+07,1.581720e-02,2.5886,0,4,30,504,34,37
1585,575,2160,0.733796,0.329,1.226019e+07,1.470340e-02,2.593,0,0,87,503,34,37
1586,574,2160,0.734259,0.329,1.226536e+07,1.570227e-02,2.6029,0,4,134,502,34,37
1587,573,2160,0.734722,0.328,1.226523e+07,3.786951e-02,2.5865,0,9,61,501,34,37
1588,572,2160,0.735185,0.331,1.227379e+07,1.073104e-02,2.6112,0,2,52,500,34,37
1589,571,2160,0.735648,0.331,1.227497e+07,1.251608e-02,2.5915,0,3,12,499,34,37
1590,570,2160,0.736111,0.331,1.227669e+07,2.923884e-02,2.579,0,3,50,498,34,37
1591,569,2160,0.736574,0.329,1.228538e+07,8.202625e-03,2.5954,0,0,50,497,34,37
1592,568,2160,0.737037,0.325,1.228573e+07,1.412990e-02,2.6139,0,7,50,496,34,37
1593,567,2160,0.7375,0.328,1.228425e+07,8.243460e-03,2.576,0,5,158,495,34,37
1594,566,2160,0.737963,0.328,1.228522e+07,9.707343e-03,2.5866,0,7,168,494,34,37
1595,565,2160,0.738426,0.327,1.228680e+07,2.300625e-02,2.6363,0,4,19,493,34,37
1596,564,2160,0.738889,0.327,1.228424e+07,1.443069e-02,2.6353,0,9,125,492,34,37
1597,563,2160,0.739352,0.326,1.228702e+07,1.971541e-02,2.6015,0,8,38,491,34,37
1598,562,2160,0.739815,0.322,1.229192e+07,2.755615e-02,2.5778,0,4,171,490,34,37
1599,561,2160,0.740278,0.323,1.229119e+07,1.604513e-02,2.6134,0,3,38,489,34,37
1600,560,2160,0.740741,0.323,1.229520e+07,3.699550e-02,2.5896,0,3,189,488,34,37
1601,559,2160,0.741204,0.322,1.229979e+07,2.302108e-01,2.6032,2,1,6,488,34,36
1602,558,2160,0.741667,0.31,1.235489e+07,8.558649e-04,2.732,0,3,78,487,34,36
1603,557,2160,0.74213,0.31,1.235502e+07,3.420638e-03,2.619,1,7,2,487,33,36
1604,556,2160,0.742593,0.311,1.235489e+07,1.687013e-03,2.5768,0,3,187,486,33,36
1605,555,2160,0.743056,0.311,1.235469e+07,2.912916e-03,2.5928,0,8,138,485,33,36
1606,554,2160,0.743519,0.311,1.235444e+07,6.043347e-03,2.593,2,0,9,485,33,35
1607,553,2160,0.743981,0.311,1.235523e+07,3.735692e-02,2.6062,0,3,94,484,33,35
1608,552,2160,0.744444,0.313,1.235162e+07,1.914389e-02,2.608,1,7,3,484,32,35
1609,551,2160,0.744907,0.313,1.235384e+07,1.027577e-02,2.5822,0,3,93,483,32,35
1610,550,2160,0.74537,0.314,1.235454e+07,7.883938e-03,2.6366,0,3,59,482,32,35
1611,549,2160,0.745833,0.313,1.235425e+07,1.372665e-02,2.5898,0,3,24,481,32,35
1612,548,2160,0.746296,0.313,1.235458e+07,1.019343e-02,2.584,0,3,193,480,32,35
1613,547,2160,0.746759,0.313,1.235486e+07,2.140619e-02,2.5804,0,9,149,479,32,35
1614,546,2160,0.747222,0.313,1.235377e+07,9.132456e-03,2.5919,0,3,183,478,32,35
1615,545,2160,0.747685,0.311,1.235430e+07,1.604751e-02,2.6072,0,4,99,477,32,35
1616,544,2160,0.748148,0.31,1.235405e+07,1.028993e-02,2.5928,0,2,66,476,32,35
1617,543,2160,0.748611,0.309,1.235381e+07,8.827958e-03,2.5855,0,4,42,475,32,35
1618,542,2160,0.749074,0.31,1.235363e+07,1.434296e-02,2.6479,0,3,95,474,32,35
1619,541,2160,0.749537,0.306,1.235276e+07,1.696282e-02,2.6249,0,1,12,473,32,35
1620,540,2160,0.75,0.308,1.235172e+07,8.281739e-03,2.5892,0,9,56,472,32,35
1621,539,2160,0.750463,0.305,1.235143e+07,8.845234e-03,2.6089,0,8,27,471,32,35
1622,538,2160,0.750926,0.306,1.235228e+07,1.759198e-02,2.5881,0,1,109,470,32,35
1623,537,2160,0.751389,0.306,1.235175e+07,2.787513e-02,2.5904,0,4,138,469,32,35
1624,536,2160,0.751852,0.305,1.235069e+07,2.874198e-02,2.6208,0,8,76,468,32,35
1625,535,2160,0.752315,0.301,1.234713e+07,1.657871e-02,2.6393,0,8,101,467,32,35
1626,534,2160,0.752778,0.298,1.234693e+07,1.409947e-02,2.6064,0,7,120,466,32,35
1627,533,2160,0.753241,0.298,1.234856e+07,1.548665e-02,2.6277,0,1,38,465,32,35
1628,532,2160,0.753704,0.296,1.234975e+07,2.042839e-02,2.5808,0,7,136,464,32,35
1629,531,2160,0.754167,0.294,1.235186e+07,1.188445e-02,2.5908,0,9,88,463,32,35
1630,530,2160,0.75463,0.295,1.235266e+07,1.147145e-02,2.5935,0,0,3,462,32,35
1631,529,2160,0.755093,0.295,1.235517e+07,7.485407e-03,2.5856,0,2,3,461,32,35
1632,528,2160,0.755556,0.294,1.235516e+07,1.688155e-02,2.6111,0,3,162,460,32,35
1633,527,2160,0.756019,0.292,1.235573e+07,1.023115e-02,2.6011,0,7,94,459,32,35
1634,526,2160,0.756481,0.293,1.235552e+07,2.385441e-02,2.6073,0,7,65,458,32,35
1635,525,2160,0.756944,0.292,1.235535e+07,1.993401e-02,2.6767,0,8,165,457,32,35
1636,524,2160,0.757407,0.293,1.235404e+07,1.514681e-02,2.6333,0,4,165,456,32,35
1637,523,2160,0.75787,0.292,1.235328e+07,2.085042e-02,2.6008,0,4,195,455,32,35
1638,522,2160,0.758333,0.292,1.235159e+07,2.555871e-02,2.5958,0,8,142,454,32,35
1639,521,2160,0.758796,0.291,1.235390e+07,1.806918e-02,2.5864,0,3,46,453,32,35
1640,520,2160,0.759259,0.293,1.235561e+07,9.156689e-03,2.5854,0,0,46,452,32,35
1641,519,2160,0.759722,0.294,1.235589e+07,1.866612e-02,2.6897,0,8,152,451,32,35
1642,518,2160,0.760185,0.293,1.235541e+07,6.850576e-03,2.7354,0,4,152,450,32,35
1643,517,2160,0.760648,0.293,1.235441e+07,4.445022e-02,2.6355,0,9,62,449,32,35
1644,516,2160,0.761111,0.295,1.236063e+07,4.140608e-02,2.6305,0,1,71,448,32,35
1645,515,2160,0.761574,0.295,1.235791e+07,3.887908e-02,2.5834,0,7,124,447,32,35
1646,514,2160,0.762037,0.295,1.236200e+07,1.880598e-02,2.66,0,5,65,446,32,35
1647,513,2160,0.7625,0.295,1.236061e+07,3.442326e-02,2.5795,0,3,65,445,32,35
1648,512,2160,0.762963,0.294,1.236070e+07,4.869724e-02,2.6033,0,1,58,444,32,35
1649,511,2160,0.763426,0.292,1.235867e+07,4.983485e-02,2.5887,0,3,79,443,32,35
1650,510,2160,0.763889,0.289,1.235513e+07,1.044374e-02,2.5841,0,7,79,442,32,35
1651,509,2160,0.764352,0.288,1.235471e+07,1.613470e-02,2.6959,0,3,0,441,32,35
1652,508,2160,0.764815,0.285,1.235327e+07,1.735776e-02,2.6164,0,0,89,440,32,35
1653,507,2160,0.765278,0.286,1.235645e+07,2.062439e-02,2.5893,0,8,184,439,32,35
1654,506,2160,0.765741,0.286,1.235619e+07,5.818065e-03,2.5871,0,5,184,438,32,35
1655,505,2160,0.766204,0.286,1.235637e+07,1.663614e-02,2.5891,0,5,181,437,32,35
1656,504,2160,0.766667,0.286,1.235700e+07,4.226050e-02,2.5931,0,3,116,436,32,35
1657,503,2160,0.76713,0.285,1.235656e+07,9.188470e-03,2.5927,0,7,116,435,32,35
1658,502,2160,0.767593,0.287,1.235639e+07,1.673547e-02,2.5868,0,7,9,434,32,35
1659,501,2160,0.768056,0.285,1.235778e+07,2.520275e-02,2.5919,0,5,99,433,32,35
1660,500,2160,0.768519,0.287,1.235745e+07,1.441856e-02,2.5892,0,7,181,432,32,35
1661,499,2160,0.768981,0.287,1.235995e+07,2.035721e-02,2.6342,0,7,44,431,32,35
1662,498,2160,0.769444,0.286,1.236171e+07,5.636695e-02,2.6179,0,3,136,430,32,35
1663,497,2160,0.769907,0.28,1.235849e+07,2.414951e-02,2.5946,0,7,31,429,32,35
1664,496,2160,0.77037,0.281,1.236036e+07,2.260226e-02,2.6125,0,7,64,428,32,35
1665,495,2160,0.770833,0.279,1.236171e+07,2.223707e-02,2.5848,0,2,51,427,32,35
1666,494,2160,0.771296,0.282,1.236274e+07,1.743289e-02,2.6214,0,4,84,426,32,35
1667,493,2160,0.771759,0.279,1.236258e+07,3.014506e-02,2.6226,0,7,68,425,32,35
1668,492,2160,0.772222,0.278,1.236686e+07,2.330599e-02,2.5797,0,9,80,424,32,35
1669,491,2160,0.772685,0.274,1.236445e+07,5.654500e-02,2.6218,0,3,20,423,32,35
1670,490,2160,0.773148,0.272,1.236332e+07,1.984822e-02,2.5986,0,9,111,422,32,35
1671,489,2160,0.773611,0.274,1.236178e+07,1.648615e-02,2.5849,0,7,96,421,32,35
1672,488,2160,0.774074,0.275,1.236288e+07,2.802710e-02,2.5916,0,5,52,420,32,35
1673,487,2160,0.774537,0.273,1.235968e+07,1.968475e-02,2.5857,0,7,52,419,32,35
1674,486,2160,0.775,0.273,1.236044e+07,2.776122e-02,2.5888,0,3,52,418,32,35
1675,485,2160,0.775463,0.273,1.235879e+07,2.133839e-02,2.6168,0,4,102,417,32,35
1676,484,2160,0.775926,0.272,1.235875e+07,2.393774e-02,2.593,0,2,172,416,32,35
1677,483,2160,0.776389,0.269,1.235923e+07,2.083011e-02,2.5936,0,0,172,415,32,35
1678,482,2160,0.776852,0.268,1.235918e+07,2.474410e-02,2.6056,0,7,180,414,32,35
1679,481,2160,0.777315,0.266,1.236168e+07,2.421554e-02,2.5998,0,4,7,413,32,35
1680,480,2160,0.777778,0.26,1.235886e+07,2.708408e-02,2.6022,0,2,103,412,32,35
1681,479,2160,0.778241,0.26,1.235806e+07,4.845309e-02,2.6283,0,7,67,411,32,35
1682,478,2160,0.778704,0.262,1.235505e+07,4.637170e-02,2.5813,0,2,23,410,32,35
1683,477,2160,0.779167,0.261,1.235122e+07,5.549142e-02,2.5929,0,3,73,409,32,35
1684,476,2160,0.77963,0.258,1.234892e+07,7.703102e-02,2.5847,0,1,72,408,32,35
1685,475,2160,0.780093,0.253,1.233707e+07,1.690718e-02,2.585,0,5,13,407,32,35
1686,474,2160,0.780556,0.253,1.233826e+07,2.197947e-02,2.6429,0,4,13,406,32,35
1687,473,2160,0.781019,0.256,1.233950e+07,2.099476e-02,2.587,0,4,70,405,32,35
1688,472,2160,0.781481,0.255,1.234152e+07,2.110832e-02,2.6056,0,5,169,404,32,35
1689,471,2160,0.781944,0.255,1.234185e+07,6.151823e-02,2.5873,0,3,147,403,32,35
1690,470,2160,0.782407,0.251,1.234427e+07,2.159870e-02,2.6009,0,1,147,402,32,35
1691,469,2160,0.78287,0.252,1.234358e+07,9.092812e-03,2.5894,0,5,11,401,32,35
1692,468,2160,0.783333,0.253,1.234525e+07,3.750300e-02,2.5933,0,7,24,400,32,35
1693,467,2160,0.783796,0.254,1.234563e+07,6.746773e-02,2.5851,0,3,53,399,32,35
1694,466,2160,0.784259,0.248,1.234784e+07,2.296683e-02,2.592,0,8,191,398,32,35
1695,465,2160,0.784722,0.249,1.235053e+07,1.798273e-02,2.5898,0,8,154,397,32,35
1696,464,2160,0.785185,0.249,1.235157e+07,2.691173e-02,2.582,0,1,28,396,32,35
1697,463,2160,0.785648,0.249,1.234872e+07,9.194041e-02,2.6218,0,7,34,395,32,35
1698,462,2160,0.786111,0.253,1.235221e+07,9.598951e-02,2.5992,0,4,128,394,32,35
1699,461,2160,0.786574,0.244,1.235215e+07,3.526056e-02,2.6405,0,7,41,393,32,35
1700,460,2160,0.787037,0.244,1.235481e+07,7.792258e-02,2.6689,0,0,41,392,32,35
1701,459,2160,0.7875,0.244,1.235876e+07,1.881229e-01,2.6116,2,0,4,392,32,34
1702,458,2160,0.787963,0.232,1.234104e+07,3.285856e-02,2.5997,0,2,49,391,32,34
1703,457,2160,0.788426,0.233,1.234487e+07,3.423887e-02,2.5991,0,0,49,390,32,34
1704,456,2160,0.788889,0.232,1.234305e+07,1.266673e-02,2.6067,0,9,8,389,32,34
1705,455,2160,0.789352,0.232,1.234102e+07,3.196875e-02,2.599,0,8,81,388,32,34
1706,454,2160,0.789815,0.235,1.234449e+07,1.910644e-02,2.5897,0,7,8,387,32,34
1707,453,2160,0.790278,0.235,1.234633e+07,2.999451e-02,2.5864,0,2,186,386,32,34
1708,452,2160,0.790741,0.237,1.234324e+07,3.487853e-02,2.6164,0,5,145,385,32,34
1709,451,2160,0.791204,0.234,1.233949e+07,2.785399e-02,2.5963,0,1,13,384,32,34
1710,450,2160,0.791667,0.234,1.233666e+07,3.537481e-02,2.5873,0,7,170,383,32,34
1711,449,2160,0.79213,0.234,1.233853e+07,3.669742e-02,2.5828,0,4,89,382,32,34
1712,448,2160,0.792593,0.23,1.233528e+07,1.687555e-02,2.6155,0,5,9,381,32,34
1713,447,2160,0.793056,0.228,1.233454e+07,5.440294e-02,2.5854,0,7,137,380,32,34
1714,446,2160,0.793519,0.229,1.233745e+07,3.692877e-02,2.593,0,5,44,379,32,34
1715,445,2160,0.793981,0.23,1.234262e+07,2.014725e-02,2.5772,0,8,44,378,32,34
1716,444,2160,0.794444,0.229,1.234077e+07,1.803889e-02,2.5858,0,7,2,377,32,34
1717,443,2160,0.794907,0.228,1.234322e+07,4.708414e-02,2.5874,0,1,164,376,32,34
1718,442,2160,0.79537,0.229,1.234176e+07,3.606411e-02,2.5855,0,1,162,375,32,34
1719,441,2160,0.795833,0.23,1.234016e+07,5.129948e-02,2.5938,0,8,144,374,32,34
1720,440,2160,0.796296,0.23,1.234343e+07,2.325206e-02,2.5934,0,0,34,373,32,34
1721,439,2160,0.796759,0.231,1.234443e+07,1.190942e-02,2.5923,0,5,185,372,32,34
1722,438,2160,0.797222,0.23,1.234641e+07,3.290315e-02,2.5921,0,8,171,371,32,34
1723,437,2160,0.797685,0.228,1.234497e+07,2.315168e-02,2.6239,0,8,99,370,32,34
1724,436,2160,0.798148,0.228,1.234301e+07,7.990696e-02,2.5859,0,4,131,369,32,34
1725,435,2160,0.798611,0.223,1.234609e+07,4.891298e-02,2.65,0,7,78,368,32,34
1726,434,2160,0.799074,0.224,1.234665e+07,2.553427e-02,2.6099,0,8,141,367,32,34
1727,433,2160,0.799537,0.224,1.234834e+07,3.163521e-02,2.5871,0,7,193,366,32,34
1728,432,2160,0.8,0.224,1.235138e+07,2.199504e-02,2.5913,0,8,30,365,32,34
1729,431,2160,0.800463,0.224,1.235345e+07,4.838619e-02,2.588,0,7,157,364,32,34
1730,430,2160,0.800926,0.221,1.235176e+07,3.806456e-02,2.5873,0,3,122,363,32,34
1731,429,2160,0.801389,0.217,1.235099e+07,4.352312e-02,2.5932,0,7,111,362,32,34
1732,428,2160,0.801852,0.216,1.235510e+07,2.368528e-01,2.5751,2,4,2,362,32,33
1733,427,2160,0.802315,0.216,1.233519e+07,5.099876e-02,2.6356,0,7,144,361,32,33
1734,426,2160,0.802778,0.217,1.234197e+07,1.821711e-02,2.5813,0,8,0,360,32,33
1735,425,2160,0.803241,0.215,1.234356e+07,3.540855e-02,2.6334,0,0,115,359,32,33
1736,424,2160,0.803704,0.214,1.233946e+07,1.833449e-02,2.624,0,1,70,358,32,33
1737,423,2160,0.804167,0.214,1.234046e+07,1.966895e-02,2.6147,0,5,121,357,32,33
1738,422,2160,0.80463,0.214,1.234093e+07,2.333803e-02,2.59,0,4,126,356,32,33
1739,421,2160,0.805093,0.21,1.234214e+07,1.503270e-02,2.613,0,2,19,355,32,33
1740,420,2160,0.805556,0.212,1.234064e+07,5.237035e-02,2.587,0,5,73,354,32,33
1741,419,2160,0.806019,0.218,1.234344e+07,2.559623e-02,2.577,0,8,73,353,32,33
1742,418,2160,0.806481,0.216,1.234248e+07,3.975479e-02,2.5888,0,1,172,352,32,33
1743,417,2160,0.806944,0.218,1.234570e+07,2.008188e-02,2.5996,0,7,153,351,32,33
1744,416,2160,0.807407,0.218,1.234875e+07,3.060634e-02,2.5887,0,4,116,350,32,33
1745,415,2160,0.80787,0.216,1.235015e+07,1.179781e-01,2.5946,2,1,3,350,32,32
1746,414,2160,0.808333,0.217,1.236189e+07,6.751911e-02,2.6083,0,7,85,349,32,32
1747,413,2160,0.808796,0.217,1.236432e+07,2.158648e-02,2.5971,0,9,39,348,32,32
1748,412,2160,0.809259,0.219,1.236126e+07,5.180546e-02,2.6047,0,5,122,347,32,32
1749,411,2160,0.809722,0.218,1.236284e+07,2.358297e-02,2.5872,0,5,21,346,32,32
1750,410,2160,0.810185,0.219,1.236886e+07,5.478486e-02,2.6106,0,1,23,345,32,32
1751,409,2160,0.810648,0.218,1.237053e+07,4.284532e-02,2.6148,0,8,120,344,32,32
1752,408,2160,0.811111,0.219,1.237742e+07,3.541395e-02,2.638,0,7,21,343,32,32
1753,407,2160,0.811574,0.218,1.237504e+07,3.033506e-02,2.6175,0,8,83,342,32,32
1754,406,2160,0.812037,0.219,1.237633e+07,6.612728e-02,2.5982,0,7,26,341,32,32
1755,405,2160,0.8125,0.219,1.237445e+07,7.042614e-02,2.5995,0,5,148,340,32,32
1756,404,2160,0.812963,0.219,1.238644e+07,1.710175e-02,2.5858,0,5,108,339,32,32
1757,403,2160,0.813426,0.22,1.238681e+07,7.034586e-02,2.6055,0,2,102,338,32,32
1758,402,2160,0.813889,0.223,1.238300e+07,3.683874e-02,2.6235,0,0,179,337,32,32
1759,401,2160,0.814352,0.222,1.239337e+07,9.429247e-02,2.59,0,4,117,336,32,32
1760,400,2160,0.814815,0.226,1.239577e+07,4.963875e-02,2.6284,0,7,87,335,32,32
1761,399,2160,0.815278,0.227,1.239950e+07,5.841509e-02,2.5926,0,7,35,334,32,32
1762,398,2160,0.815741,0.223,1.239636e+07,3.948563e-02,2.6462,0,7,33,333,32,32
1763,397,2160,0.816204,0.225,1.240501e+07,1.643617e-01,2.6219,0,4,10,332,32,32
1764,396,2160,0.816667,0.229,1.241989e+07,3.904245e-02,2.6638,0,7,88,331,32,32
1765,395,2160,0.81713,0.232,1.242373e+07,3.594796e-02,2.6291,0,7,45,330,32,32
1766,394,2160,0.817593,0.236,1.242581e+07,7.377112e-02,2.6109,0,4,100,329,32,32
1767,393,2160,0.818056,0.231,1.242306e+07,5.295660e-02,2.6166,0,5,63,328,32,32
1768,392,2160,0.818519,0.228,1.242423e+07,1.476047e-01,2.5856,0,4,176,327,32,32
1769,391,2160,0.818981,0.227,1.242905e+07,1.247273e-01,2.5801,1,8,7,327,31,32
1770,390,2160,0.819444,0.228,1.242580e+07,3.696476e-02,2.5902,0,5,146,326,31,32
1771,389,2160,0.819907,0.223,1.241762e+07,1.448779e-02,2.5961,0,7,29,325,31,32
1772,388,2160,0.82037,0.221,1.242144e+07,2.152927e-02,2.5797,0,2,178,324,31,32
1773,387,2160,0.820833,0.219,1.242463e+07,9.402119e-03,2.5948,0,7,178,323,31,32
1774,386,2160,0.821296,0.219,1.242727e+07,1.514445e-02,2.6207,0,7,32,322,31,32
1775,385,2160,0.821759,0.221,1.243095e+07,2.528771e-02,2.585,0,7,150,321,31,32
1776,384,2160,0.822222,0.222,1.243655e+07,1.130940e-02,2.5997,0,2,43,320,31,32
1777,383,2160,0.822685,0.223,1.243606e+07,1.131314e-02,2.596,0,2,97,319,31,32
1778,382,2160,0.823148,0.222,1.243552e+07,1.673019e-02,2.5876,0,7,152,318,31,32
1779,381,2160,0.823611,0.222,1.243875e+07,4.475062e-02,2.5971,0,7,74,317,31,32
1780,380,2160,0.824074,0.218,1.244120e+07,7.439268e-02,2.5907,0,1,138,316,31,32
1781,379,2160,0.824537,0.222,1.244231e+07,3.103883e-02,2.5872,0,3,175,315,31,32
1782,378,2160,0.825,0.224,1.244123e+07,1.643843e-02,2.6213,0,7,125,314,31,32
1783,377,2160,0.825463,0.226,1.244468e+07,2.460412e-02,2.6285,0,4,125,313,31,32
1784,376,2160,0.825926,0.224,1.244259e+07,1.852306e-02,2.5924,0,7,122,312,31,32
1785,375,2160,0.826389,0.224,1.244732e+07,3.241723e-02,2.5803,0,0,195,311,31,32
1786,374,2160,0.826852,0.226,1.244893e+07,2.858590e-02,2.6317,0,7,140,310,31,32
1787,373,2160,0.827315,0.224,1.245171e+07,3.592687e-02,2.6317,0,0,5,309,31,32
1788,372,2160,0.827778,0.223,1.245679e+07,1.479266e-02,2.5908,0,5,159,308,31,32
1789,371,2160,0.828241,0.22,1.245656e+07,1.264329e-02,2.5894,0,5,123,307,31,32
1790,370,2160,0.828704,0.222,1.245747e+07,2.844507e-02,2.5931,0,8,192,306,31,32
1791,369,2160,0.829167,0.225,1.246098e+07,5.200716e-02,2.5858,0,8,134,305,31,32
1792,368,2160,0.82963,0.227,1.246145e+07,1.381651e-02,2.5892,0,7,134,304,31,32
1793,367,2160,0.830093,0.225,1.246417e+07,1.071967e-01,2.5874,0,4,173,303,31,32
1794,366,2160,0.830556,0.22,1.248074e+07,2.711286e-02,2.6065,0,2,173,302,31,32
1795,365,2160,0.831019,0.218,1.247932e+07,3.062782e-02,2.5927,0,9,144,301,31,32
1796,364,2160,0.831481,0.22,1.247464e+07,3.092089e-02,2.5876,0,1,14,300,31,32
1797,363,2160,0.831944,0.223,1.247989e+07,2.811858e-02,2.5838,0,4,14,299,31,32
1798,362,2160,0.832407,0.222,1.247907e+07,1.015842e-02,2.6284,0,9,168,298,31,32
1799,361,2160,0.83287,0.222,1.247986e+07,2.234787e-02,2.5921,0,7,71,297,31,32
1800,360,2160,0.833333,0.223,1.249066e+07,3.866208e-02,2.5782,0,4,92,296,31,32
1801,359,2160,0.833796,0.223,1.248974e+07,3.827314e-02,2.5886,0,0,166,295,31,32
1802,358,2160,0.834259,0.22,1.249490e+07,3.444398e-02,2.5958,0,0,136,294,31,32
1803,357,2160,0.834722,0.22,1.249492e+07,1.596712e-02,2.6208,0,2,0,293,31,32
1804,356,2160,0.835185,0.219,1.249831e+07,3.509333e-01,2.5822,0,0,48,292,31,32
1805,355,2160,0.835648,0.207,1.246456e+07,1.634343e-04,2.6453,0,0,143,291,31,32
1806,354,2160,0.836111,0.207,1.246458e+07,1.607282e-02,2.5829,0,0,60,290,31,32
1807,353,2160,0.836574,0.207,1.246542e+07,3.814377e-02,2.5798,0,0,149,289,31,32
1808,352,2160,0.837037,0.208,1.246763e+07,6.211434e-02,2.5957,0,0,107,288,31,32
1809,351,2160,0.8375,0.206,1.246725e+07,1.412319e-02,2.5999,0,0,77,287,31,32
1810,350,2160,0.837963,0.207,1.246958e+07,3.596279e-02,2.6117,0,0,112,286,31,32
1811,349,2160,0.838426,0.208,1.247027e+07,4.934384e-02,2.6202,0,1,130,285,31,32
1812,348,2160,0.838889,0.207,1.246458e+07,1.858742e-02,2.5872,0,9,16,284,31,32
1813,347,2160,0.839352,0.206,1.246646e+07,3.822183e-01,2.5814,0,0,132,283,31,32
1814,346,2160,0.839815,0.206,1.246236e+07,2.198722e-02,2.5992,0,0,62,282,31,32
1815,345,2160,0.840278,0.206,1.246118e+07,3.616117e-02,2.585,0,0,18,281,31,32
1816,344,2160,0.840741,0.208,1.246492e+07,5.429386e-02,2.6243,0,3,129,280,31,32
1817,343,2160,0.841204,0.206,1.246713e+07,4.186578e-02,2.6393,0,1,40,279,31,32
1818,342,2160,0.841667,0.206,1.246499e+07,5.486595e-03,2.6017,0,2,40,278,31,32
1819,341,2160,0.84213,0.206,1.246450e+07,2.274685e-01,2.6505,1,6,0,278,30,32
1820,340,2160,0.842593,0.208,1.246257e+07,8.199831e-03,2.6051,0,0,61,277,30,32
1821,339,2160,0.843056,0.208,1.246287e+07,1.418781e-02,2.5898,0,2,141,276,30,32
1822,338,2160,0.843519,0.21,1.246343e+07,3.413459e-02,2.5844,0,8,188,275,30,32
1823,337,2160,0.843981,0.21,1.246561e+07,3.814289e-02,2.6311,0,7,177,274,30,32
1824,336,2160,0.844444,0.21,1.247034e+07,2.159036e-02,2.6493,0,7,46,273,30,32
1825,335,2160,0.844907,0.209,1.247827e+07,6.704187e-02,2.6913,0,1,173,272,30,32
1826,334,2160,0.84537,0.204,1.248180e+07,1.555649e-02,2.5886,0,2,121,271,30,32
1827,333,2160,0.845833,0.209,1.248178e+07,2.634973e-02,2.5841,0,3,121,270,30,32
1828,332,2160,0.846296,0.205,1.248661e+07,2.209836e-02,2.6019,0,7,159,269,30,32
1829,331,2160,0.846759,0.204,1.249445e+07,2.437566e-02,2.6096,0,2,7,268,30,32
1830,330,2160,0.847222,0.203,1.249375e+07,2.339969e-02,2.6141,0,7,57,267,30,32
1831,329,2160,0.847685,0.204,1.250060e+07,9.795453e-02,2.5986,0,8,35,266,30,32
1832,328,2160,0.848148,0.206,1.249968e+07,3.000174e-02,2.6006,0,5,35,265,30,32
1833,327,2160,0.848611,0.206,1.249682e+07,6.710304e-02,2.5903,0,5,72,264,30,32
1834,326,2160,0.849074,0.201,1.250309e+07,2.118969e-02,2.6001,0,7,72,263,30,32
1835,325,2160,0.849537,0.198,1.250274e+07,9.723870e-02,2.6253,0,1,36,262,30,32
1836,324,2160,0.85,0.2,1.249244e+07,3.280536e-02,2.5941,0,8,109,261,30,32
1837,323,2160,0.850463,0.198,1.249377e+07,1.589314e-02,2.5903,0,5,55,260,30,32
1838,322,2160,0.850926,0.201,1.249593e+07,1.865794e-02,2.5864,0,2,55,259,30,32
1839,321,2160,0.851389,0.204,1.249785e+07,3.390362e-02,2.591,0,3,30,258,30,32
1840,320,2160,0.851852,0.199,1.249586e+07,3.758429e-02,2.5834,0,2,158,257,30,32
1841,319,2160,0.852315,0.198,1.248862e+07,1.689041e-02,2.5972,0,7,158,256,30,32
1842,318,2160,0.852778,0.198,1.249263e+07,7.033113e-02,2.5828,0,8,54,255,30,32
1843,317,2160,0.853241,0.196,1.250469e+07,2.486002e-02,2.5924,0,5,51,254,30,32
1844,316,2160,0.853704,0.195,1.249595e+07,3.737595e-02,2.6297,0,3,51,253,30,32
1845,315,2160,0.854167,0.19,1.249421e+07,2.117526e-02,2.5823,0,7,51,252,30,32
1846,314,2160,0.85463,0.193,1.250151e+07,5.442492e-02,2.6125,0,8,103,251,30,32
1847,313,2160,0.855093,0.194,1.250623e+07,3.364382e-02,2.5991,0,3,135,250,30,32
1848,312,2160,0.855556,0.192,1.250547e+07,3.943622e-02,2.6347,0,1,53,249,30,32
1849,311,2160,0.856019,0.192,1.250306e+07,5.437221e-02,2.6392,0,3,66,248,30,32
1850,310,2160,0.856481,0.191,1.248695e+07,2.427799e-02,2.5848,0,7,66,247,30,32
1851,309,2160,0.856944,0.19,1.248589e+07,1.141497e-01,2.5817,0,9,47,246,30,32
1852,308,2160,0.857407,0.192,1.253679e+07,6.789017e-02,2.5836,0,3,106,245,30,32
1853,307,2160,0.85787,0.199,1.252198e+07,2.278514e-02,2.6138,0,5,56,244,30,32
1854,306,2160,0.858333,0.199,1.251971e+07,6.802116e-02,2.6086,0,1,99,243,30,32
1855,305,2160,0.858796,0.2,1.249704e+07,5.601511e-02,2.59,0,7,54,242,30,32
1856,304,2160,0.859259,0.202,1.252696e+07,1.124446e-01,2.6303,0,4,140,241,30,32
1857,303,2160,0.859722,0.2,1.248055e+07,2.600680e-01,2.6026,0,8,143,240,30,32
1858,302,2160,0.860185,0.214,1.236858e+07,3.305681e-02,2.5959,0,2,143,239,30,32
1859,301,2160,0.860648,0.212,1.236073e+07,4.761488e-02,2.5929,0,8,82,238,30,32
1860,300,2160,0.861111,0.212,1.236211e+07,3.493085e-02,2.6359,0,4,88,237,30,32
1861,299,2160,0.861574,0.212,1.236271e+07,5.256876e-02,2.6047,0,9,131,236,30,32
1862,298,2160,0.862037,0.207,1.234758e+07,7.998525e-02,2.5881,0,1,143,235,30,32
1863,297,2160,0.8625,0.211,1.234121e+07,4.680033e-02,2.5845,0,4,87,234,30,32
1864,296,2160,0.862963,0.209,1.233832e+07,5.376635e-02,2.6075,0,1,131,233,30,32
1865,295,2160,0.863426,0.21,1.235035e+07,2.303123e-02,2.6352,0,7,143,232,30,32
1866,294,2160,0.863889,0.21,1.235579e+07,3.409078e-02,2.5852,0,2,107,231,30,32
1867,293,2160,0.864352,0.21,1.235653e+07,1.274858e-02,2.593,0,7,107,230,30,32
1868,292,2160,0.864815,0.207,1.235734e+07,5.353243e-02,2.615,0,8,31,229,30,32
1869,291,2160,0.865278,0.205,1.236242e+07,7.713254e-02,2.6426,0,7,86,228,30,32
1870,290,2160,0.865741,0.211,1.239552e+07,5.448015e-02,2.6133,0,4,133,227,30,32
1871,289,2160,0.866204,0.213,1.240902e+07,1.913155e-02,2.582,0,5,147,226,30,32
1872,288,2160,0.866667,0.211,1.241269e+07,5.364553e-02,2.6586,0,5,37,225,30,32
1873,287,2160,0.86713,0.212,1.240577e+07,3.242705e-02,2.6197,0,2,37,224,30,32
1874,286,2160,0.867593,0.212,1.240438e+07,1.731524e-02,2.6306,0,1,37,223,30,32
1875,285,2160,0.868056,0.212,1.240476e+07,7.587370e-02,2.582,0,8,104,222,30,32
1876,284,2160,0.868519,0.215,1.240963e+07,4.416185e-02,2.5953,0,5,104,221,30,32
1877,283,2160,0.868981,0.214,1.240172e+07,6.077482e-02,2.5818,0,9,129,220,30,32
1878,282,2160,0.869444,0.214,1.241380e+07,2.993802e-02,2.5858,0,4,129,219,30,32
1879,281,2160,0.869907,0.212,1.241881e+07,3.992492e-02,2.5862,0,5,150,218,30,32
1880,280,2160,0.87037,0.211,1.242694e+07,3.540652e-02,2.6189,0,5,127,217,30,32
1881,279,2160,0.870833,0.212,1.244052e+07,5.247632e-02,2.5918,0,7,128,216,30,32
1882,278,2160,0.871296,0.214,1.246554e+07,1.114341e-01,2.6008,0,7,91,215,30,32
1883,277,2160,0.871759,0.214,1.244730e+07,3.216400e-02,2.5861,0,7,36,214,30,32
1884,276,2160,0.872222,0.211,1.246208e+07,6.607659e-02,2.5909,0,8,164,213,30,32
1885,275,2160,0.872685,0.213,1.246584e+07,7.564241e-02,2.6234,0,5,22,212,30,32
1886,274,2160,0.873148,0.214,1.245937e+07,7.986532e-02,2.5831,0,7,22,211,30,32
1887,273,2160,0.873611,0.218,1.246382e+07,5.941285e-02,2.5862,0,1,22,210,30,32
1888,272,2160,0.874074,0.214,1.245357e+07,1.571926e-02,2.5936,0,2,22,209,30,32
1889,271,2160,0.874537,0.217,1.245570e+07,2.329867e-02,2.591,0,5,53,208,30,32
1890,270,2160,0.875,0.219,1.245766e+07,3.360898e-02,2.583,0,2,180,207,30,32
1891,269,2160,0.875463,0.217,1.246957e+07,5.153439e-02,2.5831,0,7,39,206,30,32
1892,268,2160,0.875926,0.214,1.248642e+07,3.824788e-02,2.6111,0,3,148,205,30,32
1893,267,2160,0.876389,0.212,1.250182e+07,3.182195e-02,2.5873,0,2,65,204,30,32
1894,266,2160,0.876852,0.22,1.251424e+07,8.130366e-02,2.6113,0,3,67,203,30,32
1895,265,2160,0.877315,0.211,1.252860e+07,6.506202e-02,2.6195,0,4,34,202,30,32
1896,264,2160,0.877778,0.208,1.253229e+07,3.847785e-02,2.583,0,2,93,201,30,32
1897,263,2160,0.878241,0.215,1.254832e+07,9.137610e-02,2.5993,0,3,120,200,30,32
1898,262,2160,0.878704,0.219,1.257510e+07,9.994414e-02,2.6198,0,3,75,199,30,32
1899,261,2160,0.879167,0.22,1.260368e+07,2.112758e-01,2.6029,1,5,3,199,29,32
1900,260,2160,0.87963,0.221,1.264489e+07,3.488512e-02,2.6173,0,4,112,198,29,32
1901,259,2160,0.880093,0.223,1.265132e+07,3.252947e-02,2.5809,0,7,110,197,29,32
1902,258,2160,0.880556,0.22,1.266736e+07,6.898464e-02,2.5941,0,1,163,196,29,32
1903,257,2160,0.881019,0.218,1.267910e+07,6.366066e-02,2.5841,0,3,101,195,29,32
1904,256,2160,0.881481,0.224,1.268588e+07,4.775360e-02,2.5899,0,2,179,194,29,32
1905,255,2160,0.881944,0.23,1.269900e+07,3.922745e-02,2.6176,0,2,9,193,29,32
1906,254,2160,0.882407,0.237,1.270909e+07,3.515660e-02,2.5907,0,9,35,192,29,32
1907,253,2160,0.88287,0.237,1.272772e+07,4.287474e-02,2.5839,0,4,156,191,29,32
1908,252,2160,0.883333,0.237,1.273647e+07,9.838460e-02,2.5864,2,7,1,191,29,31
1909,251,2160,0.883796,0.241,1.276162e+07,5.246218e-02,2.5908,0,7,114,190,29,31
1910,250,2160,0.884259,0.245,1.278580e+07,3.919352e-02,2.6456,0,2,112,189,29,31
1911,249,2160,0.884722,0.249,1.279545e+07,2.132253e-01,2.5841,2,2,6,189,29,30
1912,248,2160,0.885185,0.252,1.286916e+07,1.349327e-01,2.6145,2,1,2,189,29,29
1913,247,2160,0.885648,0.256,1.288014e+07,3.649725e-02,2.61,0,2,165,188,29,29
1914,246,2160,0.886111,0.26,1.289261e+07,2.446398e-01,2.5922,2,2,4,188,29,28
1915,245,2160,0.886574,0.245,1.290540e+07,3.639285e-01,2.597,0,7,76,187,29,28
1916,244,2160,0.887037,0.234,1.297157e+07,1.138826e-01,2.6183,0,1,76,186,29,28
1917,243,2160,0.8875,0.232,1.296746e+07,4.981053e-02,2.5994,0,1,117,185,29,28
1918,242,2160,0.887963,0.234,1.297804e+07,6.120053e-02,2.6193,0,1,176,184,29,28
1919,241,2160,0.888426,0.236,1.297834e+07,2.661988e-02,2.6296,0,1,10,183,29,28
1920,240,2160,0.888889,0.235,1.298603e+07,2.362296e-01,2.5984,0,2,24,182,29,28
1921,239,2160,0.889352,0.235,1.295462e+07,4.165730e-02,2.6148,0,9,90,181,29,28
1922,238,2160,0.889815,0.233,1.297435e+07,9.236546e-02,2.5798,0,7,73,180,29,28
1923,237,2160,0.890278,0.237,1.297512e+07,2.259941e-01,2.596,2,8,7,180,29,27
1924,236,2160,0.890741,0.227,1.298197e+07,6.685864e-02,2.5794,0,8,72,179,29,27
1925,235,2160,0.891204,0.227,1.298921e+07,3.098116e-02,2.5835,0,5,66,178,29,27
1926,234,2160,0.891667,0.224,1.299612e+07,6.920154e-02,2.586,0,2,132,177,29,27
1927,233,2160,0.89213,0.227,1.301325e+07,5.569955e-02,2.6159,0,8,115,176,29,27
1928,232,2160,0.892593,0.228,1.301919e+07,9.220140e-02,2.6136,0,7,20,175,29,27
1929,231,2160,0.893056,0.23,1.301044e+07,5.325095e-02,2.6842,0,8,93,174,29,27
1930,230,2160,0.893519,0.231,1.301836e+07,2.709773e-02,2.6132,0,5,155,173,29,27
1931,229,2160,0.893981,0.228,1.301967e+07,1.096031e-01,2.6089,0,7,175,172,29,27
1932,228,2160,0.894444,0.229,1.301092e+07,5.408147e-02,2.6413,0,4,18,171,29,27
1933,227,2160,0.894907,0.231,1.301147e+07,5.474891e-02,2.6073,0,2,109,170,29,27
1934,226,2160,0.89537,0.236,1.302588e+07,6.175747e-02,2.5902,0,2,187,169,29,27
1935,225,2160,0.895833,0.234,1.303422e+07,4.895446e-02,2.6136,0,2,79,168,29,27
1936,224,2160,0.896296,0.238,1.303391e+07,4.922793e-02,2.5993,0,8,79,167,29,27
1937,223,2160,0.896759,0.237,1.303690e+07,5.412072e-02,2.6094,0,2,108,166,29,27
1938,222,2160,0.897222,0.235,1.305651e+07,5.859212e-02,2.6437,0,2,171,165,29,27
1939,221,2160,0.897685,0.234,1.307325e+07,9.223598e-02,2.6287,0,2,95,164,29,27
1940,220,2160,0.898148,0.239,1.310252e+07,1.434136e-01,2.6144,0,1,145,163,29,27
1941,219,2160,0.898611,0.237,1.314743e+07,8.677462e-02,2.5973,0,2,189,162,29,27
1942,218,2160,0.899074,0.235,1.316891e+07,1.151062e-01,2.5952,0,1,146,161,29,27
1943,217,2160,0.899537,0.241,1.321085e+07,6.643628e-02,2.5836,0,7,75,160,29,27
1944,216,2160,0.9,0.238,1.321702e+07,9.771430e-02,2.5926,0,2,64,159,29,27
1945,215,2160,0.900463,0.244,1.324138e+07,1.647658e-01,2.5936,0,2,89,158,29,27
1946,214,2160,0.900926,0.24,1.328694e+07,1.653030e-01,2.5863,0,2,35,157,29,27
1947,213,2160,0.901389,0.242,1.333227e+07,3.189222e-01,2.593,0,2,100,156,29,27
1948,212,2160,0.901852,0.249,1.341683e+07,6.674431e-01,2.5979,0,3,74,155,29,27
1949,211,2160,0.902315,0.247,1.357229e+07,4.423428e-01,2.6019,0,7,90,154,29,27
1950,210,2160,0.902778,0.242,1.345942e+07,1.528018e-01,2.6153,0,2,85,153,29,27
1951,209,2160,0.903241,0.244,1.350782e+07,1.620473e-01,2.5854,0,3,149,152,29,27
1952,208,2160,0.903704,0.242,1.355186e+07,3.398011e-01,2.5913,0,3,86,151,29,27
1953,207,2160,0.904167,0.246,1.364929e+07,2.777624e-01,2.5786,0,2,115,150,29,27
1954,206,2160,0.90463,0.246,1.372297e+07,2.118700e-01,2.5852,0,5,174,149,29,27
1955,205,2160,0.905093,0.245,1.377299e+07,1.362626e+00,2.5893,1,3,9,149,28,27
1956,204,2160,0.905556,0.23,1.358685e+07,1.364598e-01,2.616,0,8,140,148,28,27
1957,203,2160,0.906019,0.23,1.362179e+07,2.631609e-01,2.6139,0,2,44,147,28,27
1958,202,2160,0.906481,0.23,1.368845e+07,9.247567e-02,2.603,0,5,137,146,28,27
1959,201,2160,0.906944,0.231,1.371579e+07,4.662654e-01,2.6103,0,2,88,145,28,27
1960,200,2160,0.907407,0.225,1.382755e+07,3.985097e-01,2.6116,0,2,90,144,28,27
1961,199,2160,0.90787,0.229,1.390587e+07,2.742828e-01,2.6157,0,3,96,143,28,27
1962,198,2160,0.908333,0.236,1.396411e+07,3.235182e-01,2.5917,0,8,71,142,28,27
1963,197,2160,0.908796,0.238,1.403802e+07,3.218944e-01,2.5986,0,8,117,141,28,27
1964,196,2160,0.909259,0.236,1.412847e+07,4.165836e-02,2.5852,0,5,117,140,28,27
1965,195,2160,0.909722,0.237,1.414293e+07,3.828198e-01,2.5895,2,7,5,140,28,26
1966,194,2160,0.910185,0.231,1.423028e+07,4.297151e-02,2.5873,0,5,20,139,28,26
1967,193,2160,0.910648,0.235,1.424646e+07,4.956757e-02,2.6073,0,5,36,138,28,26
1968,192,2160,0.911111,0.231,1.426105e+07,1.221191e-01,2.5946,0,1,133,137,28,26
1969,191,2160,0.911574,0.228,1.429401e+07,1.913440e-01,2.5861,0,7,101,136,28,26
1970,190,2160,0.912037,0.233,1.429798e+07,8.016046e-02,2.5977,0,2,101,135,28,26
1971,189,2160,0.9125,0.237,1.431146e+07,3.290417e-01,2.6156,0,4,110,134,28,26
1972,188,2160,0.912963,0.24,1.434029e+07,5.777341e-01,2.6001,0,8,177,133,28,26
1973,187,2160,0.913426,0.24,1.442464e+07,5.961267e-02,2.6341,0,9,177,132,28,26
1974,186,2160,0.913889,0.239,1.442571e+07,1.257699e-01,2.6002,0,2,188,131,28,26
1975,185,2160,0.914352,0.242,1.444887e+07,3.276787e-01,2.5985,0,4,151,130,28,26
1976,184,2160,0.914815,0.251,1.447302e+07,5.179004e-02,2.585,0,5,33,129,28,26
1977,183,2160,0.915278,0.251,1.448534e+07,2.090057e-01,2.6204,0,2,87,128,28,26
1978,182,2160,0.915741,0.251,1.452598e+07,2.578702e-01,2.5829,1,9,8,128,27,26
1979,181,2160,0.916204,0.257,1.448245e+07,1.219934e-01,2.5825,0,2,170,127,27,26
1980,180,2160,0.916667,0.251,1.447713e+07,8.203494e-01,2.5842,0,8,190,126,27,26
1981,179,2160,0.91713,0.242,1.437668e+07,8.677291e-02,2.5927,0,8,173,125,27,26
1982,178,2160,0.917593,0.238,1.437747e+07,2.052909e-01,2.6171,0,8,68,124,27,26
1983,177,2160,0.918056,0.233,1.433915e+07,6.568887e-02,2.5847,0,5,142,123,27,26
1984,176,2160,0.918519,0.233,1.434069e+07,1.053753e-01,2.5884,0,1,119,122,27,26
1985,175,2160,0.918981,0.225,1.437260e+07,1.821543e-01,2.578,0,2,45,121,27,26
1986,174,2160,0.919444,0.223,1.441124e+07,4.622642e-02,2.6012,0,9,190,120,27,26
1987,173,2160,0.919907,0.22,1.441754e+07,4.537658e-02,2.633,0,5,144,119,27,26
1988,172,2160,0.92037,0.22,1.443274e+07,2.018328e-01,2.635,0,8,172,118,27,26
1989,171,2160,0.920833,0.219,1.443310e+07,4.829581e-01,2.625,2,5,7,118,27,25
1990,170,2160,0.921296,0.22,1.429845e+07,7.328173e-01,2.6204,1,6,4,118,26,25
1991,169,2160,0.921759,0.226,1.439418e+07,2.949141e-01,2.5991,0,2,138,117,26,25
1992,168,2160,0.922222,0.228,1.444328e+07,8.896051e-02,2.5883,0,3,141,116,26,25
1993,167,2160,0.922685,0.227,1.446346e+07,5.557612e-02,2.5915,0,4,74,115,26,25
1994,166,2160,0.923148,0.208,1.448223e+07,7.529020e-02,2.6248,0,2,34,114,26,25
1995,165,2160,0.923611,0.205,1.450939e+07,4.946246e-02,2.6087,0,5,134,113,26,25
1996,164,2160,0.924074,0.201,1.451722e+07,2.713652e-01,2.6349,0,5,119,112,26,25
1997,163,2160,0.924537,0.198,1.454228e+07,1.041991e-01,2.6206,0,2,31,111,26,25
1998,162,2160,0.925,0.195,1.457906e+07,6.881710e-02,2.6187,0,5,129,110,26,25
1999,161,2160,0.925463,0.196,1.459486e+07,1.089161e-01,2.5751,0,2,144,109,26,25
2000,160,2160,0.925926,0.196,1.463392e+07,5.624781e-02,2.6062,0,5,178,108,26,25
2001,159,2160,0.926389,0.195,1.464169e+07,1.235038e-01,2.5914,0,2,33,107,26,25
2002,158,2160,0.926852,0.196,1.468227e+07,3.487405e-01,2.5902,0,5,78,106,26,25
2003,157,2160,0.927315,0.194,1.472788e+07,3.530745e-01,2.6017,0,4,82,105,26,25
2004,156,2160,0.927778,0.197,1.476532e+07,1.205796e+00,2.6236,2,4,1,105,26,24
2005,155,2160,0.928241,0.182,1.484464e+07,4.761257e-01,2.6111,0,7,138,104,26,24
2006,154,2160,0.928704,0.182,1.483108e+07,1.107414e+00,2.6084,0,8,118,103,26,24
2007,153,2160,0.929167,0.179,1.491864e+07,1.986748e-01,2.5868,0,5,67,102,26,24
2008,152,2160,0.92963,0.175,1.495130e+07,3.409436e+00,2.5985,2,6,7,102,26,23
2009,151,2160,0.930093,0.188,1.465635e+07,4.263159e-02,2.5963,0,2,150,101,26,23
2010,150,2160,0.930556,0.183,1.468278e+07,3.762476e-02,2.6127,0,3,21,100,26,23
2011,149,2160,0.931019,0.18,1.471465e+07,6.094548e-02,2.6445,0,9,173,99,26,23
2012,148,2160,0.931481,0.182,1.473093e+07,1.025675e-01,2.6063,0,8,131,98,26,23
2013,147,2160,0.931944,0.18,1.473432e+07,4.512823e-02,2.5857,0,2,156,97,26,23
2014,146,2160,0.932407,0.175,1.476750e+07,2.682221e-01,2.6031,0,3,61,96,26,23
2015,145,2160,0.93287,0.187,1.476427e+07,4.535451e-02,2.5811,0,2,61,95,26,23
2016,144,2160,0.933333,0.187,1.480307e+07,1.916989e-01,2.6282,0,4,61,94,26,23
2017,143,2160,0.933796,0.188,1.478431e+07,6.396630e-02,2.6392,0,5,103,93,26,23
2018,142,2160,0.934259,0.184,1.479391e+07,9.489841e-02,2.6127,0,9,50,92,26,23
2019,141,2160,0.934722,0.184,1.484357e+07,2.625028e-01,2.586,0,4,127,91,26,23
2020,140,2160,0.935185,0.187,1.484233e+07,4.295881e-02,2.5964,0,2,127,90,26,23
2021,139,2160,0.935648,0.186,1.487444e+07,1.481848e-01,2.584,0,5,128,89,26,23
2022,138,2160,0.936111,0.187,1.493433e+07,9.314069e-02,2.6082,0,5,69,88,26,23
2023,137,2160,0.936574,0.186,1.497281e+07,9.907750e-01,2.5853,1,8,2,88,25,23
2024,136,2160,0.937037,0.18,1.499138e+07,2.369217e-01,2.5869,2,9,4,88,25,22
2025,135,2160,0.9375,0.182,1.518576e+07,1.071966e-01,2.5817,0,7,77,87,25,22
2026,134,2160,0.937963,0.184,1.519479e+07,2.155118e-02,2.603,0,2,77,86,25,22
2027,133,2160,0.938426,0.182,1.520437e+07,1.103451e-01,2.6404,0,8,92,85,25,22
2028,132,2160,0.938889,0.17,1.519260e+07,1.792344e-01,2.6027,0,4,113,84,25,22
2029,131,2160,0.939352,0.178,1.520532e+07,1.027182e-02,2.6335,0,2,113,83,25,22
2030,130,2160,0.939815,0.178,1.523366e+07,1.792604e-01,2.5824,0,8,94,82,25,22
2031,129,2160,0.940278,0.177,1.522066e+07,6.644232e-01,2.6431,0,5,175,81,25,22
2032,128,2160,0.940741,0.184,1.529812e+07,1.631979e+00,2.6031,1,9,2,81,24,22
2033,127,2160,0.941204,0.172,1.540424e+07,4.361523e-02,2.5865,0,3,81,80,24,22
2034,126,2160,0.941667,0.171,1.538539e+07,1.445792e-01,2.6135,2,6,4,80,24,21
2035,125,2160,0.94213,0.168,1.541535e+07,4.719489e-02,2.6607,0,3,47,79,24,21
2036,124,2160,0.942593,0.174,1.539170e+07,6.225406e-02,2.6226,0,3,60,78,24,21
2037,123,2160,0.943056,0.185,1.536329e+07,7.579451e-02,2.6282,0,3,58,77,24,21
2038,122,2160,0.943519,0.184,1.531668e+07,4.795257e-02,2.5926,0,4,58,76,24,21
2039,121,2160,0.943981,0.187,1.530208e+07,2.613498e-01,2.668,0,1,48,75,24,21
2040,120,2160,0.944444,0.184,1.531128e+07,1.148419e-01,2.6539,0,7,48,74,24,21
2041,119,2160,0.944907,0.185,1.534052e+07,5.730862e-02,2.5972,0,4,81,73,24,21
2042,118,2160,0.94537,0.181,1.533038e+07,1.386488e-02,2.5976,0,2,81,72,24,21
2043,117,2160,0.945833,0.181,1.534518e+07,1.807389e-01,2.5869,0,9,76,71,24,21
2044,116,2160,0.946296,0.183,1.537466e+07,4.415562e-01,2.5877,0,9,146,70,24,21
2045,115,2160,0.946759,0.172,1.546975e+07,1.902176e-01,2.6253,0,9,145,69,24,21
2046,114,2160,0.947222,0.172,1.555363e+07,5.841458e-01,2.5915,0,3,62,68,24,21
2047,113,2160,0.947685,0.183,1.575404e+07,2.145274e+00,2.5908,0,4,62,67,24,21
2048,112,2160,0.948148,0.168,1.548537e+07,2.982867e-01,2.6592,2,5,8,67,24,20
2049,111,2160,0.948611,0.172,1.557954e+07,1.578884e-01,2.5896,0,5,23,66,24,20
2050,110,2160,0.949074,0.17,1.552576e+07,1.222564e-01,2.5911,0,8,106,65,24,20
2051,109,2160,0.949537,0.164,1.546452e+07,2.724615e-01,2.5945,0,8,163,64,24,20
2052,108,2160,0.95,0.164,1.532317e+07,1.980915e+00,2.5884,1,1,1,64,23,20
2053,107,2160,0.950463,0.157,1.473160e+07,5.770984e-01,2.5805,1,5,9,64,22,20
2054,106,2160,0.950926,0.172,1.457810e+07,1.141628e-01,2.594,0,2,58,63,22,20
2055,105,2160,0.951389,0.169,1.462481e+07,1.396629e-01,2.6065,0,9,49,62,22,20
2056,104,2160,0.951852,0.17,1.465621e+07,1.498984e-01,2.5923,0,2,62,61,22,20
2057,103,2160,0.952315,0.177,1.470802e+07,2.174182e-01,2.6019,0,9,10,60,22,20
2058,102,2160,0.952778,0.162,1.476357e+07,2.324235e-01,2.5898,0,9,186,59,22,20
2059,101,2160,0.953241,0.146,1.484697e+07,8.864605e-02,2.5838,0,5,102,58,22,20
2060,100,2160,0.953704,0.15,1.488344e+07,9.594771e-02,2.5954,0,5,86,57,22,20
2061,99,2160,0.954167,0.152,1.488103e+07,1.038027e-01,2.5827,0,8,95,56,22,20
2062,98,2160,0.95463,0.157,1.492052e+07,4.055805e-01,2.5873,0,4,124,55,22,20
2063,97,2160,0.955093,0.164,1.494345e+07,8.500481e-02,2.5908,0,1,124,54,22,20
2064,96,2160,0.955556,0.163,1.496863e+07,2.232067e-01,2.5988,0,2,128,53,22,20
2065,95,2160,0.956019,0.156,1.509989e+07,1.104229e-01,2.6189,0,5,164,52,22,20
2066,94,2160,0.956481,0.157,1.515750e+07,1.590244e-01,2.5885,0,5,161,51,22,20
2067,93,2160,0.956944,0.147,1.525475e+07,1.413505e-01,2.5914,0,8,116,50,22,20
2068,92,2160,0.957407,0.143,1.529326e+07,5.018883e-01,2.5821,0,2,47,49,22,20
2069,91,2160,0.95787,0.153,1.543710e+07,6.218220e-02,2.5844,0,4,47,48,22,20
2070,90,2160,0.958333,0.151,1.542701e+07,1.633675e-01,2.5867,0,5,19,47,22,20
2071,89,2160,0.958796,0.145,1.551001e+07,2.086412e-01,2.6,0,9,176,46,22,20
2072,88,2160,0.959259,0.141,1.564044e+07,3.517012e-01,2.6119,0,4,137,45,22,20
2073,87,2160,0.959722,0.144,1.581699e+07,9.407270e-02,2.5929,0,2,137,44,22,20
2074,86,2160,0.960185,0.142,1.593624e+07,1.862064e-01,2.5943,0,5,143,43,22,20
2075,85,2160,0.960648,0.141,1.598915e+07,4.260141e-01,2.6277,0,9,117,42,22,20
2076,84,2160,0.961111,0.136,1.633783e+07,1.628877e-01,2.6069,0,4,142,41,22,20
2077,83,2160,0.961574,0.13,1.666961e+07,8.598846e-02,2.6188,0,2,142,40,22,20
2078,82,2160,0.962037,0.126,1.679102e+07,3.865191e-01,2.5878,1,7,7,40,21,20
2079,81,2160,0.9625,0.118,1.885949e+07,2.019202e+00,2.5974,2,0,2,40,21,19
2080,80,2160,0.962963,0.132,1.968226e+07,7.668334e-01,2.6158,2,9,6,40,21,18
2081,79,2160,0.963426,0.133,2.001225e+07,1.230697e-01,2.606,0,4,130,39,21,18
2082,78,2160,0.963889,0.132,2.010202e+07,1.783920e-01,2.6054,0,4,60,38,21,18
2083,77,2160,0.964352,0.13,2.020198e+07,2.076053e-01,2.599,0,8,130,37,21,18
2084,76,2160,0.964815,0.132,2.028994e+07,2.296817e-01,2.5926,0,5,38,36,21,18
2085,75,2160,0.965278,0.124,2.033090e+07,8.811666e-01,2.6027,0,3,174,35,21,18
2086,74,2160,0.965741,0.112,2.048527e+07,2.170393e-01,2.6195,0,4,174,34,21,18
2087,73,2160,0.966204,0.113,2.062013e+07,6.251003e-02,2.5967,0,2,174,33,21,18
2088,72,2160,0.966667,0.116,2.087534e+07,2.517314e-01,2.5968,0,5,160,32,21,18
2089,71,2160,0.96713,0.112,2.094608e+07,1.922774e-01,2.5899,0,9,48,31,21,18
2090,70,2160,0.967593,0.108,2.119201e+07,8.293851e-02,2.6556,0,2,60,30,21,18
2091,69,2160,0.968056,0.105,2.144158e+07,1.923947e-01,2.6346,0,8,23,29,21,18
2092,68,2160,0.968519,0.109,2.131004e+07,2.649041e-01,2.603,0,5,162,28,21,18
2093,67,2160,0.968981,0.123,2.144591e+07,3.099155e-01,2.6066,0,1,104,27,21,18
2094,66,2160,0.969444,0.119,2.158477e+07,3.126884e-02,2.6107,0,2,104,26,21,18
2095,65,2160,0.969907,0.118,2.173018e+07,3.174419e-01,2.593,0,5,39,25,21,18
2096,64,2160,0.97037,0.113,2.180877e+07,4.101977e-01,2.609,0,1,157,24,21,18
2097,63,2160,0.970833,0.12,2.198083e+07,2.784089e-02,2.6151,0,2,157,23,21,18
2098,62,2160,0.971296,0.121,2.216901e+07,5.900467e-01,2.5777,2,2,9,23,21,17
2099,61,2160,0.971759,0.118,2.417636e+07,1.744338e-01,2.59,1,9,4,23,20,17
2100,60,2160,0.972222,0.118,2.417636e+07,5.477083e-01,2.6416,0,2,130,22,20,17
2101,59,2160,0.972685,0.119,2.443073e+07,7.272742e-01,2.6061,0,5,90,21,20,17
2102,58,2160,0.973148,0.11,2.458797e+07,5.952586e-01,2.5956,0,1,105,20,20,17
2103,57,2160,0.973611,0.112,2.486729e+07,5.748315e-02,2.6108,0,2,105,19,20,17
2104,56,2160,0.974074,0.112,2.510479e+07,3.142681e+00,2.5855,1,1,2,19,19,17
2105,55,2160,0.974537,0.101,2.861621e+07,4.171932e-02,2.5878,2,6,1,19,19,16
2106,54,2160,0.975,0.101,2.861621e+07,1.377787e-01,2.6268,1,1,8,19,18,16
2107,53,2160,0.975463,0.101,2.861621e+07,2.190454e-01,2.6288,2,0,3,19,18,15
2108,52,2160,0.975926,0.097,2.931677e+07,2.952248e-01,2.5979,2,6,5,19,18,14
2109,51,2160,0.976389,0.1,2.966040e+07,5.507318e-01,2.6212,2,8,2,19,18,13
2110,50,2160,0.976852,0.096,3.122485e+07,8.739628e-01,2.6395,0,5,68,18,18,13
2111,49,2160,0.977315,0.093,3.007697e+07,3.179501e+00,2.6149,2,7,6,18,18,12
2112,48,2160,0.977778,0.083,3.386234e+07,1.631538e+00,2.6367,0,5,82,17,18,12
2113,47,2160,0.978241,0.083,3.803141e+07,9.870247e-02,2.5905,0,2,82,16,18,12
2114,46,2160,0.978704,0.085,3.903348e+07,7.269312e-01,2.618,0,1,49,15,18,12
2115,45,2160,0.979167,0.156,5.865440e+07,8.856909e-01,2.6153,1,8,9,15,17,12
2116,44,2160,0.97963,0.16,5.804432e+07,1.310026e+00,2.6475,1,6,5,15,16,12
2117,43,2160,0.980093,0.157,7.144476e+07,2.237879e-01,2.6184,2,5,3,15,16,11
2118,42,2160,0.980556,0.155,7.313870e+07,3.741612e-01,2.6374,2,7,3,15,16,10
2119,41,2160,0.981019,0.154,7.983973e+07,1.708291e+00,2.6181,0,2,63,14,16,10
2120,40,2160,0.981481,0.173,8.384677e+07,8.157866e-01,2.581,1,6,7,14,15,10
2121,39,2160,0.981944,0.123,1.791046e+08,1.432569e+00,2.5931,0,7,49,13,15,10
2122,38,2160,0.982407,0.123,1.791046e+08,1.324881e+00,2.6414,2,9,8,13,15,9
2123,37,2160,0.98287,0.123,1.856471e+08,4.553769e-01,2.5923,1,8,8,13,14,9
2124,36,2160,0.983333,0.123,1.856471e+08,2.196338e+00,2.6186,0,8,80,12,14,9
2125,35,2160,0.983796,0.123,1.856471e+08,2.709498e+00,2.5954,0,2,118,11,14,9
2126,34,2160,0.984259,0.133,1.659419e+08,2.184321e+00,2.6049,2,9,2,11,14,8
2127,33,2160,0.984722,0.129,1.659140e+08,2.095026e-01,2.5976,2,9,3,11,14,7
2128,32,2160,0.985185,0.131,1.696845e+08,2.166484e+00,2.6038,2,3,7,11,14,6
2129,31,2160,0.985648,0.138,1.813374e+08,9.650711e-01,2.5889,1,6,9,11,13,6
2130,30,2160,0.986111,0.145,1.727128e+08,2.323957e-01,2.5935,0,4,63,10,13,6
2131,29,2160,0.986574,0.152,1.750803e+08,1.395561e+00,2.6627,0,1,118,9,13,6
2132,28,2160,0.987037,0.135,1.806140e+08,1.890480e+00,2.5998,1,6,1,9,12,6
2133,27,2160,0.9875,0.153,1.544401e+08,1.295619e+00,2.6129,1,6,2,9,11,6
2134,26,2160,0.987963,0.134,1.695157e+08,3.472588e-01,2.5989,1,6,3,9,10,6
2135,25,2160,0.988426,0.134,1.695139e+08,7.392381e-01,2.6177,0,3,80,8,10,6
2136,24,2160,0.988889,0.134,1.695139e+08,6.761642e-01,2.5908,2,4,6,8,10,5
2137,23,2160,0.989352,0.134,1.695145e+08,1.381305e+00,2.6123,0,2,91,7,10,5
2138,22,2160,0.989815,0.121,1.728674e+08,2.129625e+00,2.6824,1,4,1,7,9,5
2139,21,2160,0.990278,0.121,2.610178e+08,2.079719e+00,2.5966,2,1,4,7,9,4
2140,20,2160,0.990741,0.121,2.610185e+08,2.190595e+00,2.6066,0,5,54,6,9,4
2141,19,2160,0.991204,0.123,3.909783e+08,2.331119e-01,2.6008,1,3,5,6,8,4
2142,18,2160,0.991667,0.123,3.909803e+08,1.179395e+00,2.6368,0,9,63,5,8,4
2143,17,2160,0.99213,0.075,4.531093e+08,1.859596e-01,2.5903,1,7,9,5,7,4
2144,16,2160,0.992593,0.075,4.531105e+08,7.215815e-04,2.6064,1,3,6,5,6,4
2145,15,2160,0.993056,0.075,4.530873e+08,2.041491e-02,2.5949,0,6,27,4,6,4
2146,14,2160,0.993519,0.075,4.530873e+08,1.366918e-02,2.5819,1,3,0,4,5,4
2147,13,2160,0.993981,0.073,4.543204e+08,5.818071e-02,2.5925,0,0,133,3,5,4
2148,12,2160,0.994444,0.073,4.543204e+08,6.016246e-02,2.6257,1,7,1,3,4,4
2149,11,2160,0.994907,0.065,1.311344e+08,1.660329e+00,2.5892,0,1,91,2,4,4
2150,10,2160,0.99537,0.065,1.311344e+08,7.039341e-02,2.6011,1,2,2,2,3,4
2151,9,2160,0.995833,0.11,7.765592e+07,2.897709e+00,2.6111,0,2,80,1,3,4
2152,8,2160,0.996296,0.11,7.765592e+07,8.904525e-02,2.5974,1,7,4,1,2,4
2153,7,2160,0.996759,0.065,5.578443e+07,2.873974e+03,2.5895,2,4,3,1,2,3
2154,6,2160,0.997222,0.11,3.022781e+08,6.748489e-01,2.5844,1,3,4,1,1,3
2155,5,2160,0.997685,0.11,3.022781e+08,8.390997e+00,2.5999,2,3,2,1,1,2
2156,4,2160,0.998148,0.11,3.022819e+08,2.878100e+03,2.5866,2,4,7,1,1,1
2157,3,2160,0.998611,0.087,1.082801e+08,7.728171e-01,2.6391,0,4,80,0,1,1
2158,2,2160,0.999074,0.087,5.355304e+07,7.778572e-01,2.5917,1,5,4,0,0,1
2159,1,2160,0.999537,0.087,5.355304e+07,1.102309e+00,2.6255,2,1,5,0,0,0
