step,NZ,total_W,sparsity,val_acc,d_manifold,d_W,prune_time_s,adjust_time_s,candidate_layer,candidate_i,candidate_j,layer_0_NZ,layer_1_NZ,layer_2_NZ
0,2160,2160,0.0,0.916,0.000000e+00,1.025429e-03,5.6032,0.8538,1,7,0,1960,99,100
1,2159,2160,0.000463,0.916,0.000000e+00,6.287730e-03,3.1967,0.0895,1,7,1,1960,98,100
2,2158,2160,0.000926,0.916,0.000000e+00,7.634198e-04,3.2111,0.0797,1,7,2,1960,97,100
3,2157,2160,0.001389,0.916,0.000000e+00,1.901539e-02,3.3018,0.0751,1,7,3,1960,96,100
4,2156,2160,0.001852,0.916,0.000000e+00,1.459953e-03,3.2538,0.078,1,7,4,1960,95,100
5,2155,2160,0.002315,0.916,0.000000e+00,7.018513e-04,3.2263,0.0789,1,7,5,1960,94,100
6,2154,2160,0.002778,0.916,0.000000e+00,1.540995e-02,3.215,0.0771,1,7,6,1960,93,100
7,2153,2160,0.003241,0.916,0.000000e+00,5.801829e-03,3.1923,3.3762,1,7,7,1960,92,100
8,2152,2160,0.003704,0.916,4.476442e-09,5.735306e-04,3.2215,3.3306,2,3,7,1960,92,99
9,2151,2160,0.004167,0.916,4.439831e-09,8.586071e-04,3.1953,3.3251,2,8,7,1960,92,98
10,2150,2160,0.00463,0.916,4.465381e-09,1.996164e-03,3.2046,3.3178,2,0,7,1960,92,97
11,2149,2160,0.005093,0.916,4.230224e-09,4.021948e-03,4.9921,3.3536,2,9,7,1960,92,96
12,2148,2160,0.005556,0.916,3.993139e-09,5.826837e-03,3.2192,3.3232,2,7,7,1960,92,95
13,2147,2160,0.006019,0.916,3.997894e-09,7.565580e-03,3.2246,3.336,2,2,7,1960,92,94
14,2146,2160,0.006481,0.916,3.919757e-09,4.544929e-03,3.2222,3.3382,2,5,7,1960,92,93
15,2145,2160,0.006944,0.916,2.822966e-09,9.783588e-03,3.2299,3.3198,2,1,7,1960,92,92
16,2144,2160,0.007407,0.916,2.240016e-09,1.305450e-02,3.2366,3.336,2,4,7,1960,92,91
17,2143,2160,0.00787,0.916,1.230891e-09,1.428911e-02,3.2351,3.312,2,6,7,1960,92,90
18,2142,2160,0.008333,0.916,1.011730e-11,1.221367e-03,3.2417,3.3302,1,7,8,1960,91,90
19,2141,2160,0.008796,0.916,5.655178e-12,2.078468e-02,3.2427,3.3187,1,7,9,1960,90,90
20,2140,2160,0.009259,0.916,3.459350e-12,6.228632e-05,3.2488,3.3071,0,5,166,1959,90,90
21,2139,2160,0.009722,0.916,5.979127e-05,6.074668e-05,3.2609,3.3245,0,5,6,1958,90,90
22,2138,2160,0.010185,0.916,1.212638e-04,7.564030e-05,3.2545,3.3393,0,5,58,1957,90,90
23,2137,2160,0.010648,0.916,1.323208e-04,1.019551e-05,3.2717,3.3424,0,9,12,1956,90,90
24,2136,2160,0.011111,0.916,1.892218e-04,2.018439e-04,3.2679,3.335,0,5,154,1955,90,90
25,2135,2160,0.011574,0.916,8.914750e-04,2.995780e-04,3.2669,3.3525,0,5,179,1954,90,90
26,2134,2160,0.012037,0.916,2.686752e-03,3.536501e-04,3.2731,3.3439,0,5,113,1953,90,90
27,2133,2160,0.0125,0.916,2.994928e-03,4.523624e-04,3.2469,3.3424,0,5,54,1952,90,90
28,2132,2160,0.012963,0.916,7.299192e-03,4.659723e-05,3.2707,3.347,0,7,125,1951,90,90
29,2131,2160,0.013426,0.916,8.106267e-03,5.365477e-05,3.253,3.3248,0,7,192,1950,90,90
30,2130,2160,0.013889,0.916,1.001961e-02,5.365342e-05,3.237,3.3404,0,7,157,1949,90,90
31,2129,2160,0.014352,0.916,1.135026e-02,7.325885e-04,4.7454,3.3513,0,5,134,1948,90,90
32,2128,2160,0.014815,0.916,1.816554e-02,9.865782e-04,3.2437,3.337,0,5,16,1947,90,90
33,2127,2160,0.015278,0.916,2.328972e-02,4.638730e-05,3.2525,3.3393,0,4,192,1946,90,90
34,2126,2160,0.015741,0.916,2.421081e-02,1.206179e-03,3.2655,3.3072,0,5,32,1945,90,90
35,2125,2160,0.016204,0.916,4.431848e-02,1.078695e-03,3.2822,3.327,0,5,157,1944,90,90
36,2124,2160,0.016667,0.916,5.253357e-02,1.164740e-03,4.7225,3.3509,0,5,137,1943,90,90
37,2123,2160,0.01713,0.916,7.704314e-02,1.180523e-04,3.2357,3.3264,0,9,26,1942,90,90
38,2122,2160,0.017593,0.916,7.434841e-02,3.838815e-04,3.2998,3.3507,0,1,111,1941,90,90
39,2121,2160,0.018056,0.916,8.376450e-02,3.871010e-04,3.2634,3.3303,0,1,37,1940,90,90
40,2120,2160,0.018519,0.916,9.611723e-02,1.234164e-03,3.2533,3.3279,0,5,185,1939,90,90
41,2119,2160,0.018981,0.916,1.191584e-01,1.304467e-03,3.2435,3.338,0,5,97,1938,90,90
42,2118,2160,0.019444,0.916,1.203768e-01,1.327195e-03,3.2599,3.3358,0,5,98,1937,90,90
43,2117,2160,0.019907,0.916,1.575589e-01,1.457177e-03,3.2615,3.343,0,5,88,1936,90,90
44,2116,2160,0.02037,0.916,2.085273e-01,1.446853e-03,3.2629,3.3338,0,5,139,1935,90,90
45,2115,2160,0.020833,0.916,2.030421e-01,1.370214e-03,3.2624,3.3306,0,5,13,1934,90,90
46,2114,2160,0.021296,0.916,2.158872e-01,5.015041e-04,3.2532,3.3313,0,1,96,1933,90,90
47,2113,2160,0.021759,0.916,2.236983e-01,1.532844e-03,3.2611,3.3413,0,5,135,1932,90,90
48,2112,2160,0.022222,0.916,2.751614e-01,1.690871e-03,3.2464,3.3295,0,5,140,1931,90,90
49,2111,2160,0.022685,0.916,3.423085e-01,1.630658e-03,3.2915,3.3232,0,5,123,1930,90,90
50,2110,2160,0.023148,0.916,3.341367e-01,1.874696e-03,3.2596,3.3463,0,5,65,1929,90,90
51,2109,2160,0.023611,0.916,3.805368e-01,1.808373e-03,3.2563,3.3336,0,5,155,1928,90,90
52,2108,2160,0.024074,0.916,4.237171e-01,1.591154e-04,3.2485,3.3323,0,7,97,1927,90,90
53,2107,2160,0.024537,0.916,4.090718e-01,5.832888e-04,3.2698,3.3274,0,1,154,1926,90,90
54,2106,2160,0.025,0.916,4.270212e-01,1.969971e-03,3.2328,3.3413,0,5,64,1925,90,90
55,2105,2160,0.025463,0.916,4.393692e-01,6.088607e-04,3.2489,3.3392,0,1,1,1924,90,90
56,2104,2160,0.025926,0.916,4.586106e-01,2.146534e-03,3.729,3.3248,0,5,148,1923,90,90
57,2103,2160,0.026389,0.916,4.843528e-01,1.550778e-04,3.2557,3.3264,0,0,8,1922,90,90
58,2102,2160,0.026852,0.916,4.879353e-01,2.163366e-03,3.2806,3.3381,0,5,129,1921,90,90
59,2101,2160,0.027315,0.916,5.508011e-01,2.350557e-03,3.253,3.3246,0,5,141,1920,90,90
60,2100,2160,0.027778,0.916,5.919676e-01,2.125269e-03,4.0604,3.3032,0,5,158,1919,90,90
61,2099,2160,0.028241,0.916,6.989725e-01,1.250502e-04,3.2649,3.344,0,4,48,1918,90,90
62,2098,2160,0.028704,0.916,6.784557e-01,2.301039e-03,3.2532,3.3047,0,5,136,1917,90,90
63,2097,2160,0.029167,0.916,7.648760e-01,1.892227e-04,3.2356,3.327,0,6,135,1916,90,90
64,2096,2160,0.02963,0.916,7.785722e-01,2.323697e-03,3.2389,3.3466,0,5,11,1915,90,90
65,2095,2160,0.030093,0.916,8.702925e-01,2.453566e-03,3.2581,3.3346,0,5,19,1914,90,90
66,2094,2160,0.030556,0.916,1.006334e+00,2.414928e-03,3.2641,3.34,0,5,170,1913,90,90
67,2093,2160,0.031019,0.916,9.939769e-01,2.194245e-04,3.2456,3.3362,0,3,6,1912,90,90
68,2092,2160,0.031481,0.916,1.005201e+00,2.500017e-03,3.2492,3.3458,0,5,167,1911,90,90
69,2091,2160,0.031944,0.916,1.085823e+00,2.112947e-04,3.2461,3.3359,0,7,143,1910,90,90
70,2090,2160,0.032407,0.916,1.082169e+00,7.786257e-04,3.2504,3.3337,0,1,165,1909,90,90
71,2089,2160,0.03287,0.916,1.117576e+00,2.238238e-03,3.2477,3.3427,0,5,9,1908,90,90
72,2088,2160,0.033333,0.916,1.162125e+00,2.370940e-04,3.2251,3.3417,0,3,123,1907,90,90
73,2087,2160,0.033796,0.916,1.149335e+00,2.501382e-03,3.2649,3.3277,0,5,21,1906,90,90
74,2086,2160,0.034259,0.916,1.216348e+00,2.666677e-04,3.2408,3.3494,0,9,29,1905,90,90
75,2085,2160,0.034722,0.916,1.183878e+00,2.640272e-03,4.7144,3.3342,0,5,81,1904,90,90
76,2084,2160,0.035185,0.916,1.217498e+00,2.639914e-04,3.2585,3.3394,0,2,18,1903,90,90
77,2083,2160,0.035648,0.916,1.248212e+00,1.435289e-04,3.244,3.3249,0,4,57,1902,90,90
78,2082,2160,0.036111,0.916,1.270403e+00,8.866963e-04,3.2551,3.3244,0,1,97,1901,90,90
79,2081,2160,0.036574,0.916,1.317362e+00,2.772248e-04,3.2554,3.3357,0,9,79,1900,90,90
80,2080,2160,0.037037,0.916,1.337023e+00,3.001622e-03,3.2592,3.3147,0,5,12,1899,90,90
81,2079,2160,0.0375,0.916,1.397748e+00,3.059821e-03,3.2594,3.3385,0,5,159,1898,90,90
82,2078,2160,0.037963,0.916,1.394345e+00,3.789298e-04,3.2682,3.3511,0,8,2,1897,90,90
83,2077,2160,0.038426,0.916,1.423874e+00,3.364537e-03,3.2813,3.3221,0,5,75,1896,90,90
84,2076,2160,0.038889,0.916,1.679688e+00,3.385007e-03,3.2514,3.3414,0,5,153,1895,90,90
85,2075,2160,0.039352,0.916,1.842346e+00,3.988434e-04,3.2598,3.3365,0,8,159,1894,90,90
86,2074,2160,0.039815,0.916,1.758886e+00,3.302410e-03,3.2517,3.335,0,5,55,1893,90,90
87,2073,2160,0.040278,0.916,1.980223e+00,3.282197e-03,3.2595,3.3333,0,5,39,1892,90,90
88,2072,2160,0.040741,0.916,1.987803e+00,3.165014e-03,3.2685,3.3138,0,5,3,1891,90,90
89,2071,2160,0.041204,0.916,2.215433e+00,6.918970e-02,3.2736,3.3286,1,8,5,1891,89,90
90,2070,2160,0.041667,0.917,2.557920e+00,3.581999e-03,3.2552,3.3586,0,5,40,1890,89,90
91,2069,2160,0.04213,0.917,2.670313e+00,2.931103e-04,3.2889,3.3456,0,7,188,1889,89,90
92,2068,2160,0.042593,0.917,2.705046e+00,3.508452e-03,3.2398,3.3391,0,5,29,1888,89,90
93,2067,2160,0.043056,0.917,2.866985e+00,3.784475e-03,3.2672,3.3291,0,5,181,1887,89,90
94,2066,2160,0.043519,0.917,3.031679e+00,1.173662e-03,3.2617,3.3358,0,1,70,1886,89,90
95,2065,2160,0.043981,0.917,3.108435e+00,1.214732e-03,3.2945,3.3496,0,1,21,1885,89,90
96,2064,2160,0.044444,0.917,3.229577e+00,3.076326e-04,3.2786,3.3004,0,6,13,1884,89,90
97,2063,2160,0.044907,0.917,3.312510e+00,3.690607e-04,3.2454,3.322,0,9,80,1883,89,90
98,2062,2160,0.04537,0.917,3.350451e+00,4.699399e-04,3.2629,3.3215,0,8,16,1882,89,90
99,2061,2160,0.045833,0.917,3.388482e+00,4.708135e-04,3.8475,3.3321,0,8,56,1881,89,90
100,2060,2160,0.046296,0.917,3.416642e+00,1.187828e-03,3.2633,3.34,0,1,139,1880,89,90
101,2059,2160,0.046759,0.917,3.500021e+00,3.957687e-03,3.2472,3.3524,0,5,89,1879,89,90
102,2058,2160,0.047222,0.917,3.653592e+00,3.752194e-03,3.2618,3.3468,0,5,10,1878,89,90
103,2057,2160,0.047685,0.917,3.724728e+00,4.199170e-03,3.2509,3.3399,0,5,4,1877,89,90
104,2056,2160,0.048148,0.917,3.933046e+00,4.075835e-04,3.2549,3.3475,0,2,6,1876,89,90
105,2055,2160,0.048611,0.917,3.910867e+00,4.187547e-03,3.2937,3.3513,0,5,130,1875,89,90
106,2054,2160,0.049074,0.918,4.085591e+00,5.299495e-04,3.2407,3.3368,0,8,85,1874,89,90
107,2053,2160,0.049537,0.917,4.125713e+00,4.239691e-04,3.2502,3.336,0,3,186,1873,89,90
108,2052,2160,0.05,0.917,4.143140e+00,4.336396e-03,3.2663,3.343,0,5,119,1872,89,90
109,2051,2160,0.050463,0.917,4.374703e+00,1.449472e-03,3.2599,3.3462,0,1,166,1871,89,90
110,2050,2160,0.050926,0.917,4.371288e+00,4.465620e-04,3.276,3.3045,0,9,47,1870,89,90
111,2049,2160,0.051389,0.916,4.404797e+00,3.137114e-04,3.251,3.3428,0,0,47,1869,89,90
112,2048,2160,0.051852,0.916,4.316845e+00,5.814084e-04,3.2633,3.3338,0,8,170,1868,89,90
113,2047,2160,0.052315,0.916,4.404943e+00,4.817473e-03,3.2743,3.341,0,5,52,1867,89,90
114,2046,2160,0.052778,0.916,4.931233e+00,4.793141e-04,3.9526,3.352,0,2,194,1866,89,90
115,2045,2160,0.053241,0.917,4.949963e+00,5.369168e-03,3.2725,3.3352,0,5,45,1865,89,90
116,2044,2160,0.053704,0.917,5.547008e+00,1.537881e-03,3.2825,3.3412,0,1,17,1864,89,90
117,2043,2160,0.054167,0.916,5.410688e+00,1.644382e-03,3.2773,3.3463,0,1,28,1863,89,90
118,2042,2160,0.05463,0.916,5.564444e+00,4.214515e-04,3.2603,3.3417,0,6,163,1862,89,90
119,2041,2160,0.055093,0.916,5.684700e+00,5.141812e-03,3.2678,3.3232,0,5,99,1861,89,90
120,2040,2160,0.055556,0.916,6.191143e+00,5.347178e-03,3.2673,3.3248,0,5,106,1860,89,90
121,2039,2160,0.056019,0.917,6.877100e+00,5.159489e-03,3.259,3.3364,0,5,57,1859,89,90
122,2038,2160,0.056481,0.917,6.606672e+00,5.648555e-03,3.2582,3.3409,0,5,110,1858,89,90
123,2037,2160,0.056944,0.916,7.250522e+00,5.485529e-04,3.2718,3.3268,0,2,25,1857,89,90
124,2036,2160,0.057407,0.916,7.306849e+00,4.777398e-04,3.2803,3.2995,0,7,98,1856,89,90
125,2035,2160,0.05787,0.916,7.359659e+00,5.858413e-03,3.2688,3.3619,0,5,189,1855,89,90
126,2034,2160,0.058333,0.916,7.933441e+00,5.711924e-04,3.2636,3.3587,0,2,162,1854,89,90
127,2033,2160,0.058796,0.916,7.861319e+00,5.501170e-03,3.2863,3.3302,0,5,43,1853,89,90
128,2032,2160,0.059259,0.916,8.127945e+00,6.237756e-03,3.2824,3.3262,0,5,5,1852,89,90
129,2031,2160,0.059722,0.916,8.639484e+00,4.619309e-04,3.2547,3.3243,0,0,115,1851,89,90
130,2030,2160,0.060185,0.916,8.646229e+00,5.783827e-04,3.273,3.3469,0,2,91,1850,89,90
131,2029,2160,0.060648,0.916,8.778737e+00,6.530205e-03,3.2596,3.3592,0,5,192,1849,89,90
132,2028,2160,0.061111,0.916,9.885702e+00,1.844681e-03,3.2891,3.3332,0,1,167,1848,89,90
133,2027,2160,0.061574,0.916,9.849221e+00,5.980293e-03,3.2738,3.3319,0,5,67,1847,89,90
134,2026,2160,0.062037,0.916,1.046169e+01,6.759458e-03,3.2698,3.3466,0,5,125,1846,89,90
135,2025,2160,0.0625,0.916,1.142145e+01,5.150598e-04,3.2615,3.3188,0,6,84,1845,89,90
136,2024,2160,0.062963,0.916,1.153856e+01,5.825131e-04,3.2423,3.3212,0,3,168,1844,89,90
137,2023,2160,0.063426,0.916,1.154116e+01,5.763859e-03,3.2754,3.3167,0,5,111,1843,89,90
138,2022,2160,0.063889,0.916,1.197683e+01,6.693491e-03,3.2473,3.3417,0,5,23,1842,89,90
139,2021,2160,0.064352,0.916,1.196294e+01,6.306304e-03,3.2796,3.3279,0,5,194,1841,89,90
140,2020,2160,0.064815,0.916,1.282728e+01,2.105988e-03,3.2603,3.3314,0,1,10,1840,89,90
141,2019,2160,0.065278,0.916,1.277900e+01,8.335093e-04,3.2681,3.3299,0,8,33,1839,89,90
142,2018,2160,0.065741,0.916,1.286778e+01,6.364832e-03,3.2738,3.336,0,5,180,1838,89,90
143,2017,2160,0.066204,0.916,1.298306e+01,6.689768e-03,4.0858,3.3351,0,5,164,1837,89,90
144,2016,2160,0.066667,0.916,1.330877e+01,1.342417e-02,3.2712,3.3364,2,8,8,1837,89,89
145,2015,2160,0.06713,0.914,1.493745e+01,6.396480e-03,3.2758,3.3382,0,5,41,1836,89,89
146,2014,2160,0.067593,0.914,1.491538e+01,6.528096e-03,3.253,3.3123,0,5,22,1835,89,89
147,2013,2160,0.068056,0.914,1.601508e+01,7.158568e-03,3.2521,3.3452,0,5,70,1834,89,89
148,2012,2160,0.068519,0.914,1.557601e+01,6.458097e-03,3.2662,3.3342,0,5,168,1833,89,89
149,2011,2160,0.068981,0.914,1.569851e+01,8.091902e-03,3.2726,3.3422,0,5,109,1832,89,89
150,2010,2160,0.069444,0.915,1.617863e+01,6.772233e-04,3.2866,3.3341,0,9,103,1831,89,89
151,2009,2160,0.069907,0.916,1.632751e+01,6.632128e-04,3.257,3.3197,0,3,64,1830,89,89
152,2008,2160,0.07037,0.916,1.635389e+01,2.201812e-03,3.2557,3.3297,0,1,117,1829,89,89
153,2007,2160,0.070833,0.916,1.655813e+01,2.386516e-03,4.1382,3.3275,0,1,146,1828,89,89
154,2006,2160,0.071296,0.916,1.703823e+01,6.656799e-04,3.3036,3.3445,0,3,88,1827,89,89
155,2005,2160,0.071759,0.916,1.714335e+01,7.008634e-04,3.2784,3.3151,0,9,154,1826,89,89
156,2004,2160,0.072222,0.916,1.726545e+01,7.064395e-03,3.2791,3.3272,0,5,51,1825,89,89
157,2003,2160,0.072685,0.916,1.720288e+01,9.286104e-04,3.2652,3.3307,0,8,35,1824,89,89
158,2002,2160,0.073148,0.916,1.705689e+01,7.917693e-03,3.2804,3.3541,0,5,62,1823,89,89
159,2001,2160,0.073611,0.917,1.884523e+01,2.363654e-03,3.2755,3.3271,0,1,192,1822,89,89
160,2000,2160,0.074074,0.917,1.872003e+01,7.624458e-03,3.289,3.3377,0,5,2,1821,89,89
161,1999,2160,0.074537,0.917,1.851067e+01,7.733113e-03,3.2776,3.321,0,5,0,1820,89,89
162,1998,2160,0.075,0.917,1.899389e+01,1.863169e-02,3.2815,3.338,2,7,8,1820,89,88
163,1997,2160,0.075463,0.916,2.063827e+01,6.073632e-04,3.2679,3.3492,0,0,171,1819,89,88
164,1996,2160,0.075926,0.916,2.075162e+01,3.268453e-02,3.2639,3.3437,1,1,5,1819,88,88
165,1995,2160,0.076389,0.916,2.322070e+01,8.427186e-03,3.2618,3.3146,0,5,38,1818,88,88
166,1994,2160,0.076852,0.916,2.460973e+01,2.383444e-03,3.2608,3.3028,0,1,129,1817,88,88
167,1993,2160,0.077315,0.916,2.440284e+01,6.345918e-04,3.2759,3.3144,0,0,182,1816,88,88
168,1992,2160,0.077778,0.916,2.443702e+01,7.584218e-03,3.2551,3.3356,0,5,187,1815,88,88
169,1991,2160,0.078241,0.915,2.584551e+01,7.316017e-04,3.2554,3.3544,0,7,159,1814,88,88
170,1990,2160,0.078704,0.915,2.556894e+01,7.865810e-04,3.2579,3.344,0,3,60,1813,88,88
171,1989,2160,0.079167,0.915,2.537627e+01,8.195228e-04,3.2721,3.3319,0,2,27,1812,88,88
172,1988,2160,0.07963,0.915,2.562429e+01,7.722371e-03,3.2777,3.3395,0,5,126,1811,88,88
173,1987,2160,0.080093,0.915,2.638426e+01,8.011585e-03,3.2572,3.3346,0,5,169,1810,88,88
174,1986,2160,0.080556,0.915,2.746140e+01,8.506508e-03,3.2617,3.3394,0,5,26,1809,88,88
175,1985,2160,0.081019,0.916,2.913356e+01,8.600577e-03,3.2685,3.3273,0,5,191,1808,88,88
176,1984,2160,0.081481,0.916,2.685863e+01,7.789993e-03,3.2827,3.3298,0,5,173,1807,88,88
177,1983,2160,0.081944,0.916,2.810825e+01,9.121605e-03,3.2573,3.3187,0,5,1,1806,88,88
178,1982,2160,0.082407,0.916,2.708715e+01,7.393367e-04,3.2614,3.3325,0,7,25,1805,88,88
179,1981,2160,0.08287,0.916,2.747894e+01,4.932458e-02,3.2507,3.3292,1,2,5,1805,87,88
180,1980,2160,0.083333,0.916,3.178159e+01,9.453356e-03,3.2623,3.3259,0,5,178,1804,87,88
181,1979,2160,0.083796,0.915,3.379958e+01,1.109692e-03,3.2676,3.3423,0,8,114,1803,87,88
182,1978,2160,0.084259,0.915,3.340883e+01,8.138014e-03,3.2429,3.3282,0,5,66,1802,87,88
183,1977,2160,0.084722,0.915,3.408712e+01,9.472772e-03,3.2946,3.3265,0,5,184,1801,87,88
184,1976,2160,0.085185,0.915,3.409400e+01,3.015327e-03,3.276,3.3313,0,1,20,1800,87,88
185,1975,2160,0.085648,0.915,3.452771e+01,9.326025e-03,3.2624,3.3299,0,5,17,1799,87,88
186,1974,2160,0.086111,0.915,3.549834e+01,1.211490e-03,3.2519,3.3381,0,8,123,1798,87,88
187,1973,2160,0.086574,0.915,3.510261e+01,9.153969e-03,3.2634,3.3352,0,5,80,1797,87,88
188,1972,2160,0.087037,0.915,3.618661e+01,3.066251e-03,3.2532,3.3361,0,1,112,1796,87,88
189,1971,2160,0.0875,0.915,3.576722e+01,3.108080e-03,3.2569,3.3114,0,1,11,1795,87,88
190,1970,2160,0.087963,0.915,3.651022e+01,1.508030e-02,3.2658,3.3208,1,0,1,1795,86,88
191,1969,2160,0.088426,0.916,3.970636e+01,4.431664e-02,3.2517,3.3269,1,9,5,1795,85,88
192,1968,2160,0.088889,0.917,4.535007e+01,8.589679e-04,3.2577,3.3385,0,7,153,1794,85,88
193,1967,2160,0.089352,0.917,4.540593e+01,3.164200e-03,3.2697,3.3278,0,1,159,1793,85,88
194,1966,2160,0.089815,0.917,4.579242e+01,1.065494e-02,3.2925,3.3307,0,5,161,1792,85,88
195,1965,2160,0.090278,0.917,4.801743e+01,8.179780e-04,3.2746,3.343,0,0,18,1791,85,88
196,1964,2160,0.090741,0.917,4.730862e+01,8.953144e-03,3.2716,3.3378,0,5,72,1790,85,88
197,1963,2160,0.091204,0.917,4.776160e+01,9.255539e-03,3.2986,3.327,0,5,25,1789,85,88
198,1962,2160,0.091667,0.917,5.047866e+01,9.707698e-03,3.266,3.3346,0,5,86,1788,85,88
199,1961,2160,0.09213,0.917,4.909287e+01,9.495867e-03,3.2522,3.324,0,5,37,1787,85,88
200,1960,2160,0.092593,0.917,5.073794e+01,1.089599e-02,3.255,3.3621,0,5,78,1786,85,88
201,1959,2160,0.093056,0.919,5.212291e+01,9.930385e-03,3.2551,3.3442,0,5,69,1785,85,88
202,1958,2160,0.093519,0.918,5.658809e+01,3.324618e-03,3.2651,3.3379,0,1,39,1784,85,88
203,1957,2160,0.093981,0.918,5.644008e+01,1.130611e-02,3.2493,3.3388,0,5,84,1783,85,88
204,1956,2160,0.094444,0.918,6.054773e+01,1.099987e-03,3.2562,3.3429,0,9,75,1782,85,88
205,1955,2160,0.094907,0.917,5.917385e+01,9.877135e-03,3.2562,3.3462,0,5,133,1781,85,88
206,1954,2160,0.09537,0.917,5.770003e+01,1.004053e-02,3.2797,3.3522,0,5,114,1780,85,88
207,1953,2160,0.095833,0.917,5.969262e+01,1.058463e-02,3.2763,3.3374,0,5,127,1779,85,88
208,1952,2160,0.096296,0.917,6.298332e+01,1.020368e-02,3.2557,3.3397,0,5,96,1778,85,88
209,1951,2160,0.096759,0.917,6.536652e+01,1.102340e-02,3.2484,3.3464,0,5,24,1777,85,88
210,1950,2160,0.097222,0.917,6.051991e+01,1.064134e-02,3.2554,3.3376,0,5,50,1776,85,88
211,1949,2160,0.097685,0.917,6.232997e+01,1.228093e-02,3.2558,3.3411,0,5,108,1775,85,88
212,1948,2160,0.098148,0.918,5.978285e+01,1.049831e-02,3.2697,3.33,0,5,14,1774,85,88
213,1947,2160,0.098611,0.918,6.200090e+01,1.219073e-02,3.2829,3.3567,0,5,188,1773,85,88
214,1946,2160,0.099074,0.918,6.048178e+01,1.016824e-02,3.2514,3.3477,0,5,30,1772,85,88
215,1945,2160,0.099537,0.918,6.398115e+01,1.162645e-02,3.2687,3.3414,0,5,190,1771,85,88
216,1944,2160,0.1,0.918,6.058002e+01,3.600716e-03,3.2625,3.3399,0,1,186,1770,85,88
217,1943,2160,0.100463,0.918,6.147509e+01,1.403665e-03,3.2582,3.3393,0,8,59,1769,85,88
218,1942,2160,0.100926,0.918,6.209347e+01,3.706938e-03,3.2596,3.3393,0,1,35,1768,85,88
219,1941,2160,0.101389,0.917,6.315904e+01,1.052097e-02,3.2707,3.3217,0,5,79,1767,85,88
220,1940,2160,0.101852,0.917,6.589678e+01,1.150590e-02,3.2715,3.3288,0,5,83,1766,85,88
221,1939,2160,0.102315,0.917,6.937879e+01,1.262329e-02,3.2794,3.3465,0,5,7,1765,85,88
222,1938,2160,0.102778,0.917,6.532556e+01,9.811436e-04,3.2799,3.3389,0,7,162,1764,85,88
223,1937,2160,0.103241,0.917,6.607314e+01,3.751736e-03,3.282,3.3342,0,1,72,1763,85,88
224,1936,2160,0.103704,0.918,6.694802e+01,1.003622e-03,3.2611,3.3358,0,7,42,1762,85,88
225,1935,2160,0.104167,0.918,6.756277e+01,3.865912e-03,3.2702,3.329,0,1,43,1761,85,88
226,1934,2160,0.10463,0.918,6.815931e+01,3.701607e-03,3.2512,3.3422,0,1,73,1760,85,88
227,1933,2160,0.105093,0.918,6.940298e+01,3.869356e-03,3.2653,3.3386,0,1,49,1759,85,88
228,1932,2160,0.105556,0.918,7.008167e+01,9.413518e-04,3.2664,3.3608,0,0,17,1758,85,88
229,1931,2160,0.106019,0.918,7.057013e+01,3.767766e-03,3.2829,3.3506,0,1,185,1757,85,88
230,1930,2160,0.106481,0.917,7.111024e+01,4.011078e-03,3.2308,3.3341,0,1,9,1756,85,88
231,1929,2160,0.106944,0.918,7.226822e+01,3.881893e-03,3.2552,3.3442,0,1,42,1755,85,88
232,1928,2160,0.107407,0.917,7.271021e+01,1.354333e-02,3.2504,3.2979,0,5,112,1754,85,88
233,1927,2160,0.10787,0.917,7.767376e+01,4.207059e-03,3.2585,3.3464,0,1,83,1753,85,88
234,1926,2160,0.108333,0.918,7.810830e+01,3.957758e-03,3.2545,3.3402,0,1,101,1752,85,88
235,1925,2160,0.108796,0.917,7.909055e+01,1.433044e-02,3.2643,3.3261,1,8,8,1752,84,88
236,1924,2160,0.109259,0.919,8.141835e+01,9.925403e-04,3.2693,3.3347,0,0,64,1751,84,88
237,1923,2160,0.109722,0.918,8.181692e+01,1.100763e-02,3.2592,3.3407,0,5,34,1750,84,88
238,1922,2160,0.110185,0.917,8.156727e+01,1.470067e-02,3.269,3.3458,0,5,15,1749,84,88
239,1921,2160,0.110648,0.917,8.070590e+01,1.565474e-03,3.3019,3.3279,0,8,186,1748,84,88
240,1920,2160,0.111111,0.916,8.122533e+01,1.196000e-03,3.265,3.3385,0,3,75,1747,84,88
241,1919,2160,0.111574,0.916,8.123455e+01,3.922999e-03,3.2643,3.3466,0,1,183,1746,84,88
242,1918,2160,0.112037,0.916,8.171390e+01,4.035813e-03,3.2613,3.3518,0,1,178,1745,84,88
243,1917,2160,0.1125,0.916,8.290082e+01,4.280866e-03,3.2762,3.334,0,1,14,1744,84,88
244,1916,2160,0.112963,0.916,8.445112e+01,1.232122e-03,3.2445,3.3432,0,3,141,1743,84,88
245,1915,2160,0.113426,0.916,8.477642e+01,1.548260e-02,3.2603,3.3483,0,5,149,1742,84,88
246,1914,2160,0.113889,0.917,8.783881e+01,4.378958e-03,3.2574,3.3319,0,1,175,1741,84,88
247,1913,2160,0.114352,0.917,8.815744e+01,1.255502e-03,3.264,3.3291,0,3,161,1740,84,88
248,1912,2160,0.114815,0.916,8.779763e+01,3.239641e-02,3.2702,3.3581,2,6,8,1740,84,87
249,1911,2160,0.115278,0.917,9.304449e+01,1.641898e-03,3.2683,3.3439,0,8,3,1739,84,87
250,1910,2160,0.115741,0.916,9.344615e+01,1.277039e-02,3.2957,3.3576,0,5,27,1738,84,87
251,1909,2160,0.116204,0.916,9.522376e+01,1.476814e-02,3.2687,3.3558,0,5,33,1737,84,87
252,1908,2160,0.116667,0.915,9.561423e+01,1.050885e-03,3.2698,3.298,0,0,53,1736,84,87
253,1907,2160,0.11713,0.914,9.588334e+01,1.318695e-03,3.2781,3.3328,0,9,182,1735,84,87
254,1906,2160,0.117593,0.914,9.636089e+01,4.324599e-03,3.2672,3.3122,0,1,136,1734,84,87
255,1905,2160,0.118056,0.915,9.756008e+01,1.132317e-03,3.2757,3.3293,0,6,112,1733,84,87
256,1904,2160,0.118519,0.915,9.829949e+01,7.350175e-03,3.2844,3.322,1,8,7,1733,83,87
257,1903,2160,0.118981,0.915,9.991206e+01,1.382543e-02,3.2708,3.3511,0,5,132,1732,83,87
258,1902,2160,0.119444,0.915,1.056377e+02,1.221540e-03,3.2419,3.3533,0,7,61,1731,83,87
259,1901,2160,0.119907,0.915,1.051592e+02,1.221635e-03,3.2887,3.357,0,7,11,1730,83,87
260,1900,2160,0.12037,0.915,1.050794e+02,1.117838e-03,3.2884,3.3489,0,0,85,1729,83,87
261,1899,2160,0.120833,0.915,1.047816e+02,1.242849e-02,3.3106,3.3394,0,5,142,1728,83,87
262,1898,2160,0.121296,0.915,1.044440e+02,1.283200e-02,3.2649,3.3284,0,5,56,1727,83,87
263,1897,2160,0.121759,0.915,1.084922e+02,1.274366e-02,3.255,3.3519,0,5,71,1726,83,87
264,1896,2160,0.122222,0.915,1.145730e+02,1.602854e-02,3.2477,3.351,0,5,177,1725,83,87
265,1895,2160,0.122685,0.915,1.061561e+02,8.262830e-02,3.2819,3.3284,1,5,5,1725,82,87
266,1894,2160,0.123148,0.914,1.103417e+02,1.416377e-02,3.261,3.3409,0,5,163,1724,82,87
267,1893,2160,0.123611,0.915,1.088135e+02,1.323335e-03,3.2545,3.305,0,9,116,1723,82,87
268,1892,2160,0.124074,0.915,1.093288e+02,1.363651e-03,3.2599,3.33,0,9,93,1722,82,87
269,1891,2160,0.124537,0.915,1.096955e+02,1.437879e-02,3.2541,3.355,0,5,35,1721,82,87
270,1890,2160,0.125,0.915,1.141338e+02,1.530331e-02,3.25,3.3444,0,5,138,1720,82,87
271,1889,2160,0.125463,0.915,1.118416e+02,4.433461e-03,3.2566,3.3391,0,1,66,1719,82,87
272,1888,2160,0.125926,0.915,1.133713e+02,1.730225e-03,3.2549,3.343,0,8,116,1718,82,87
273,1887,2160,0.126389,0.915,1.141233e+02,1.767489e-03,3.2867,3.3611,0,8,14,1717,82,87
274,1886,2160,0.126852,0.915,1.148157e+02,1.367084e-03,3.2606,3.3472,0,3,167,1716,82,87
275,1885,2160,0.127315,0.915,1.148925e+02,1.791104e-03,3.2664,3.3461,0,8,140,1715,82,87
276,1884,2160,0.127778,0.915,1.152642e+02,4.481628e-03,3.2679,3.336,0,1,123,1714,82,87
277,1883,2160,0.128241,0.915,1.157419e+02,1.659148e-02,3.2638,3.3619,0,5,174,1713,82,87
278,1882,2160,0.128704,0.914,1.225207e+02,1.822830e-03,3.2445,3.3378,0,8,160,1712,82,87
279,1881,2160,0.129167,0.914,1.214822e+02,1.434143e-03,3.2545,3.3428,0,9,70,1711,82,87
280,1880,2160,0.12963,0.914,1.207727e+02,1.822489e-03,3.2494,3.3319,0,8,62,1710,82,87
281,1879,2160,0.130093,0.914,1.206160e+02,4.568543e-03,3.2521,3.3412,0,1,27,1709,82,87
282,1878,2160,0.130556,0.914,1.210845e+02,4.848992e-03,3.2715,3.3424,0,1,152,1708,82,87
283,1877,2160,0.131019,0.914,1.231103e+02,1.275577e-03,3.2477,3.3391,0,7,104,1707,82,87
284,1876,2160,0.131481,0.914,1.238577e+02,1.267530e-03,3.2647,3.3483,0,6,185,1706,82,87
285,1875,2160,0.131944,0.914,1.245349e+02,1.474782e-03,3.2526,3.3257,0,9,174,1705,82,87
286,1874,2160,0.132407,0.914,1.245682e+02,1.584659e-02,3.2532,3.3411,0,5,42,1704,82,87
287,1873,2160,0.13287,0.914,1.270670e+02,1.971136e-02,3.2638,3.3361,0,5,18,1703,82,87
288,1872,2160,0.133333,0.914,1.299685e+02,1.865310e-03,3.2562,3.3559,0,8,167,1702,82,87
289,1871,2160,0.133796,0.914,1.303895e+02,8.085096e-04,3.2552,3.3498,0,4,1,1701,82,87
290,1870,2160,0.134259,0.914,1.307664e+02,1.927757e-03,3.2733,3.3341,0,8,10,1700,82,87
291,1869,2160,0.134722,0.914,1.310683e+02,1.588763e-02,3.2578,3.353,0,5,82,1699,82,87
292,1868,2160,0.135185,0.914,1.372599e+02,1.573257e-02,3.2556,3.3451,0,5,28,1698,82,87
293,1867,2160,0.135648,0.914,1.454132e+02,1.623235e-02,3.2682,3.3492,0,5,193,1697,82,87
294,1866,2160,0.136111,0.914,1.550020e+02,2.028875e-02,3.274,3.3456,0,5,152,1696,82,87
295,1865,2160,0.136574,0.914,1.466519e+02,1.786643e-02,3.2682,3.3515,0,5,160,1695,82,87
296,1864,2160,0.137037,0.916,1.491696e+02,1.314703e-03,3.2776,3.3441,0,6,149,1694,82,87
297,1863,2160,0.1375,0.916,1.504927e+02,1.376657e-03,3.2664,3.3441,0,7,82,1693,82,87
298,1862,2160,0.137963,0.916,1.512698e+02,1.356052e-03,3.2613,3.3366,0,7,161,1692,82,87
299,1861,2160,0.138426,0.916,1.517019e+02,1.782608e-02,3.2537,3.3567,0,5,182,1691,82,87
300,1860,2160,0.138889,0.916,1.565857e+02,1.982952e-03,3.2596,3.342,0,8,64,1690,82,87
301,1859,2160,0.139352,0.916,1.559281e+02,5.392310e-03,3.2655,3.3501,0,1,2,1689,82,87
302,1858,2160,0.139815,0.916,1.571699e+02,2.035430e-03,3.2665,3.3434,0,8,32,1688,82,87
303,1857,2160,0.140278,0.916,1.574152e+02,5.250641e-03,3.2586,3.341,0,1,140,1687,82,87
304,1856,2160,0.140741,0.915,1.592108e+02,1.606476e-03,3.2731,3.3359,0,2,28,1686,82,87
305,1855,2160,0.141204,0.915,1.607347e+02,5.355984e-03,3.2635,3.3369,0,1,52,1685,82,87
306,1854,2160,0.141667,0.915,1.623415e+02,1.637925e-03,3.2798,3.3464,0,2,35,1684,82,87
307,1853,2160,0.14213,0.915,1.639913e+02,1.642195e-03,3.2655,3.325,0,2,185,1683,82,87
308,1852,2160,0.142593,0.915,1.654265e+02,1.596693e-03,3.2574,3.3424,0,9,185,1682,82,87
309,1851,2160,0.143056,0.915,1.631055e+02,1.388126e-03,3.2625,3.3313,0,6,28,1681,82,87
310,1850,2160,0.143519,0.915,1.636862e+02,7.901024e-04,3.2572,3.3206,0,4,28,1680,82,87
311,1849,2160,0.143981,0.915,1.635068e+02,1.683088e-02,3.2621,3.3544,0,5,146,1679,82,87
312,1848,2160,0.144444,0.913,1.649465e+02,1.605002e-02,3.2842,3.3512,0,5,20,1678,82,87
313,1847,2160,0.144907,0.913,1.706889e+02,2.069579e-02,3.2564,3.3451,0,5,121,1677,82,87
314,1846,2160,0.14537,0.914,1.643972e+02,1.718973e-02,3.2656,3.3491,0,5,128,1676,82,87
315,1845,2160,0.145833,0.915,1.703228e+02,2.054321e-02,3.2718,3.3479,0,5,186,1675,82,87
316,1844,2160,0.146296,0.915,1.650128e+02,1.649572e-03,3.2634,3.353,0,2,119,1674,82,87
317,1843,2160,0.146759,0.915,1.670034e+02,1.655747e-03,3.3115,3.3667,0,9,168,1673,82,87
318,1842,2160,0.147222,0.915,1.677983e+02,1.815753e-02,3.2861,3.3544,0,5,151,1672,82,87
319,1841,2160,0.147685,0.914,1.765338e+02,5.629233e-03,3.271,3.3309,0,1,173,1671,82,87
320,1840,2160,0.148148,0.915,1.771952e+02,1.711557e-03,3.2496,3.3414,0,9,83,1670,82,87
321,1839,2160,0.148611,0.916,1.770302e+02,2.194198e-03,3.2924,3.3558,0,8,5,1669,82,87
322,1838,2160,0.149074,0.915,1.769964e+02,1.409445e-03,3.2618,3.3452,0,0,111,1668,82,87
323,1837,2160,0.149537,0.915,1.767487e+02,9.600810e-04,3.2717,3.3577,0,4,17,1667,82,87
324,1836,2160,0.15,0.915,1.772831e+02,1.411943e-03,3.2799,3.3564,0,0,0,1666,82,87
325,1835,2160,0.150463,0.915,1.770638e+02,1.430654e-03,3.2562,3.3428,0,0,40,1665,82,87
326,1834,2160,0.150926,0.915,1.768417e+02,2.428883e-02,3.2507,3.348,0,5,102,1664,82,87
327,1833,2160,0.151389,0.915,1.842546e+02,1.766059e-03,3.2735,3.3448,0,3,31,1663,82,87
328,1832,2160,0.151852,0.915,1.814972e+02,5.635003e-03,3.3036,3.3571,0,1,19,1662,82,87
329,1831,2160,0.152315,0.915,1.814070e+02,2.314294e-03,3.2778,3.3372,0,8,29,1661,82,87
330,1830,2160,0.152778,0.915,1.810632e+02,1.779285e-03,3.2634,3.3304,0,3,156,1660,82,87
331,1829,2160,0.153241,0.915,1.800040e+02,2.270065e-03,3.2725,3.3309,0,8,70,1659,82,87
332,1828,2160,0.153704,0.915,1.798742e+02,1.690989e-02,3.2606,3.3402,0,5,156,1658,82,87
333,1827,2160,0.154167,0.915,1.794990e+02,2.060288e-02,3.2586,3.3418,0,5,195,1657,82,87
334,1826,2160,0.15463,0.915,1.823462e+02,5.819013e-03,3.267,3.3456,0,1,162,1656,82,87
335,1825,2160,0.155093,0.914,1.841609e+02,5.773260e-03,3.2566,3.3282,0,1,25,1655,82,87
336,1824,2160,0.155556,0.914,1.871770e+02,2.151747e-02,3.262,3.3505,0,5,176,1654,82,87
337,1823,2160,0.156019,0.914,2.038224e+02,1.873357e-03,3.2675,3.3333,0,2,7,1653,82,87
338,1822,2160,0.156481,0.914,2.024028e+02,6.296116e-03,3.2477,3.3226,0,1,40,1652,82,87
339,1821,2160,0.156944,0.914,2.030838e+02,2.375177e-03,3.2605,3.3369,0,8,185,1651,82,87
340,1820,2160,0.157407,0.914,2.029596e+02,1.508564e-03,3.2654,3.3482,0,0,98,1650,82,87
341,1819,2160,0.15787,0.914,2.027040e+02,6.426742e-03,3.2562,3.3419,0,1,181,1649,82,87
342,1818,2160,0.158333,0.914,2.035665e+02,1.564835e-03,3.2579,3.3364,0,0,99,1648,82,87
343,1817,2160,0.158796,0.914,2.041108e+02,2.382964e-02,3.2708,3.4668,0,5,175,1647,82,87
344,1816,2160,0.159259,0.916,2.194770e+02,1.946503e-03,3.2534,3.3587,0,3,192,1646,82,87
345,1815,2160,0.159722,0.916,2.170530e+02,2.481819e-03,3.2686,3.3546,0,8,117,1645,82,87
346,1814,2160,0.160185,0.915,2.154119e+02,1.623785e-03,3.254,3.3387,0,0,2,1644,82,87
347,1813,2160,0.160648,0.915,2.145612e+02,1.944014e-03,3.2732,3.3458,0,3,193,1643,82,87
348,1812,2160,0.161111,0.914,2.132218e+02,1.727494e-03,3.2576,3.3321,0,6,3,1642,82,87
349,1811,2160,0.161574,0.914,2.135866e+02,1.636934e-03,3.2647,3.3254,0,6,192,1641,82,87
350,1810,2160,0.162037,0.914,2.134932e+02,1.908631e-02,3.2694,3.3301,0,5,143,1640,82,87
351,1809,2160,0.1625,0.914,2.165751e+02,1.902401e-02,11.925,10.333,0,5,31,1639,82,87
352,1808,2160,0.162963,0.914,2.297881e+02,1.911101e-02,5.3239,7.9856,0,5,36,1638,82,87
353,1807,2160,0.163426,0.915,2.400891e+02,2.736313e-02,5.5133,8.0203,0,5,107,1637,82,87
354,1806,2160,0.163889,0.916,2.336803e+02,2.463543e-02,5.4495,7.9851,0,5,74,1636,82,87
355,1805,2160,0.164352,0.916,2.359461e+02,1.957751e-02,5.4712,8.0048,0,5,76,1635,82,87
356,1804,2160,0.164815,0.913,2.346765e+02,2.402855e-02,5.3579,8.1086,0,5,124,1634,82,87
357,1803,2160,0.165278,0.913,2.345655e+02,6.299112e-03,5.3739,8.0981,0,1,182,1633,82,87
358,1802,2160,0.165741,0.912,2.369199e+02,2.527482e-03,5.3958,8.12,0,8,148,1632,82,87
359,1801,2160,0.166204,0.912,2.385793e+02,6.774521e-03,5.5215,8.1701,0,1,184,1631,82,87
360,1800,2160,0.166667,0.913,2.409445e+02,1.986493e-03,5.289,9.0578,0,3,42,1630,82,87
361,1799,2160,0.16713,0.913,2.418985e+02,2.040973e-03,4.5808,7.9946,0,2,134,1629,82,87
362,1798,2160,0.167593,0.914,2.441702e+02,6.912435e-03,4.6267,8.0344,0,1,194,1628,82,87
363,1797,2160,0.168056,0.913,2.464524e+02,2.574086e-02,4.6188,8.0396,0,5,53,1627,82,87
364,1796,2160,0.168519,0.913,2.670545e+02,2.177261e-03,4.7767,8.1377,0,2,195,1626,82,87
365,1795,2160,0.168981,0.912,2.661145e+02,2.115010e-03,4.7462,8.1259,0,3,97,1625,82,87
366,1794,2160,0.169444,0.912,2.641812e+02,7.068369e-03,4.6124,8.0712,0,1,13,1624,82,87
367,1793,2160,0.169907,0.911,2.647447e+02,7.081515e-03,4.6349,8.0981,0,1,170,1623,82,87
368,1792,2160,0.17037,0.911,2.683598e+02,1.792594e-03,4.5346,8.0503,0,0,30,1622,82,87
369,1791,2160,0.170833,0.911,2.690345e+02,1.906610e-03,4.5935,8.0687,0,6,137,1621,82,87
370,1790,2160,0.171296,0.911,2.701923e+02,2.532197e-02,4.5404,8.1524,0,5,183,1620,82,87
371,1789,2160,0.171759,0.911,2.973931e+02,2.892239e-03,4.5732,8.098,0,8,142,1619,82,87
372,1788,2160,0.172222,0.911,2.929597e+02,2.287318e-03,4.5634,7.9915,0,2,171,1618,82,87
373,1787,2160,0.172685,0.911,2.920659e+02,7.031973e-03,4.6461,8.1181,0,1,149,1617,82,87
374,1786,2160,0.173148,0.912,2.932431e+02,2.203611e-03,4.6362,8.0823,0,3,38,1616,82,87
375,1785,2160,0.173611,0.912,2.912245e+02,2.306178e-03,4.6554,8.0836,0,9,136,1615,82,87
376,1784,2160,0.174074,0.912,2.895696e+02,1.290233e-03,4.6595,8.1225,0,4,14,1614,82,87
377,1783,2160,0.174537,0.912,2.886552e+02,1.953748e-02,4.5899,8.0626,0,5,44,1613,82,87
378,1782,2160,0.175,0.912,2.804517e+02,2.801532e-02,4.5505,8.0868,0,5,48,1612,82,87
379,1781,2160,0.175463,0.914,2.816912e+02,2.867435e-03,4.595,8.0588,0,8,0,1611,82,87
380,1780,2160,0.175926,0.914,2.826792e+02,1.858110e-03,4.5855,8.0536,0,0,20,1610,82,87
381,1779,2160,0.176389,0.914,2.824144e+02,2.253701e-03,4.6203,8.1049,0,9,14,1609,82,87
382,1778,2160,0.176852,0.914,2.821148e+02,2.112543e-02,4.6875,8.1536,0,5,122,1608,82,87
383,1777,2160,0.177315,0.913,2.793220e+02,2.688609e-02,4.7245,8.3214,0,5,85,1607,82,87
384,1776,2160,0.177778,0.913,2.885785e+02,1.215174e-03,4.7212,8.2868,0,4,97,1606,82,87
385,1775,2160,0.178241,0.913,2.903934e+02,2.231356e-03,4.6335,8.1879,0,3,104,1605,82,87
386,1774,2160,0.178704,0.913,2.897891e+02,2.828044e-02,4.7779,8.1926,0,5,100,1604,82,87
387,1773,2160,0.179167,0.913,3.142103e+02,4.930722e-03,4.7389,8.2108,1,9,8,1604,81,87
388,1772,2160,0.17963,0.912,3.113623e+02,2.266596e-03,4.7532,8.1074,0,3,0,1603,81,87
389,1771,2160,0.180093,0.911,3.060598e+02,2.150949e-03,4.7661,8.2636,0,7,87,1602,81,87
390,1770,2160,0.180556,0.911,3.044102e+02,2.103997e-03,4.6544,8.248,0,7,191,1601,81,87
391,1769,2160,0.181019,0.911,3.036465e+02,7.617812e-03,4.7402,8.25,0,1,41,1600,81,87
392,1768,2160,0.181481,0.91,3.041977e+02,1.911218e-03,4.764,8.226,0,0,194,1599,81,87
393,1767,2160,0.181944,0.911,3.038134e+02,2.106393e-02,4.641,8.2145,0,5,145,1598,81,87
394,1766,2160,0.182407,0.912,2.954052e+02,3.045525e-02,4.6876,8.2351,0,5,59,1597,81,87
395,1765,2160,0.18287,0.912,3.009709e+02,2.988802e-03,4.6836,8.1825,0,8,42,1596,81,87
396,1764,2160,0.183333,0.912,3.023613e+02,7.705353e-03,4.6321,8.1564,0,1,67,1595,81,87
397,1763,2160,0.183796,0.912,3.024545e+02,7.561943e-03,4.8533,5.6363,0,1,126,1594,81,87
398,1762,2160,0.184259,0.912,3.056228e+02,1.187592e-01,3.633,3.416,1,6,5,1594,80,87
399,1761,2160,0.184722,0.907,2.980942e+02,2.570583e-02,3.3839,3.3692,0,5,8,1593,80,87
400,1760,2160,0.185185,0.907,3.057396e+02,2.705022e-02,3.3276,3.3314,0,5,94,1592,80,87
401,1759,2160,0.185648,0.907,3.390382e+02,2.094203e-03,5.4737,4.0156,0,6,8,1591,80,87
402,1758,2160,0.186111,0.908,3.348014e+02,1.350374e-03,3.152,3.2505,0,4,8,1590,80,87
403,1757,2160,0.186574,0.908,3.314535e+02,2.397557e-03,3.1338,3.2429,0,2,42,1589,80,87
404,1756,2160,0.187037,0.909,3.295300e+02,7.847356e-03,3.1694,3.2704,0,1,64,1588,80,87
405,1755,2160,0.1875,0.906,3.272881e+02,2.365380e-03,3.1344,3.2499,0,9,194,1587,80,87
406,1754,2160,0.187963,0.906,3.273798e+02,7.459166e-03,3.1071,3.2722,0,1,174,1586,80,87
407,1753,2160,0.188426,0.906,3.269959e+02,7.775822e-03,3.1019,3.2522,0,1,141,1585,80,87
408,1752,2160,0.188889,0.906,3.300098e+02,2.895125e-02,3.1152,3.2676,0,5,162,1584,80,87
409,1751,2160,0.189352,0.908,3.578462e+02,3.150042e-03,3.1042,3.2677,0,8,43,1583,80,87
410,1750,2160,0.189815,0.908,3.522246e+02,2.229365e-03,3.1192,3.2718,0,7,147,1582,80,87
411,1749,2160,0.190278,0.908,3.484651e+02,7.763023e-03,3.1041,3.2532,0,1,100,1581,80,87
412,1748,2160,0.190741,0.906,3.453213e+02,2.041983e-03,3.1156,3.2715,0,0,16,1580,80,87
413,1747,2160,0.191204,0.906,3.437361e+02,2.211591e-03,3.1149,3.256,0,6,30,1579,80,87
414,1746,2160,0.191667,0.905,3.431951e+02,2.479857e-02,3.1323,3.2763,0,5,68,1578,80,87
415,1745,2160,0.19213,0.906,3.288581e+02,3.338109e-02,3.1649,3.2856,0,5,103,1577,80,87
416,1744,2160,0.192593,0.908,3.455155e+02,1.408943e-03,3.1148,3.2791,0,4,132,1576,80,87
417,1743,2160,0.193056,0.909,3.449700e+02,2.068520e-03,3.1184,3.26,0,0,186,1575,80,87
418,1742,2160,0.193519,0.908,3.444901e+02,2.046723e-03,3.127,3.2728,0,0,43,1574,80,87
419,1741,2160,0.193981,0.909,3.432404e+02,8.079942e-03,3.1137,3.2784,0,1,36,1573,80,87
420,1740,2160,0.194444,0.909,3.449559e+02,2.960020e-02,3.1286,3.2831,0,5,46,1572,80,87
421,1739,2160,0.194907,0.909,3.804775e+02,3.831876e-02,3.1234,3.2771,1,1,1,1572,79,87
422,1738,2160,0.19537,0.911,3.923341e+02,8.400071e-03,3.1156,3.2726,0,1,8,1571,79,87
423,1737,2160,0.195833,0.911,3.919742e+02,8.458069e-03,3.1156,3.2809,0,1,46,1570,79,87
424,1736,2160,0.196296,0.911,3.903611e+02,2.124356e-03,3.1123,3.2799,0,0,151,1569,79,87
425,1735,2160,0.196759,0.911,3.886538e+02,8.683568e-03,3.1512,3.2679,0,1,71,1568,79,87
426,1734,2160,0.197222,0.912,3.912312e+02,2.305718e-02,3.1191,3.2723,0,5,171,1567,79,87
427,1733,2160,0.197685,0.912,3.780918e+02,2.413270e-02,3.131,3.2726,0,5,63,1566,79,87
428,1732,2160,0.198148,0.91,3.705343e+02,3.366824e-02,3.1287,3.2703,0,5,118,1565,79,87
429,1731,2160,0.198611,0.911,3.678005e+02,3.783199e-02,3.1638,3.2772,0,5,131,1564,79,87
430,1730,2160,0.199074,0.911,4.038109e+02,2.211810e-03,3.1333,3.2845,0,7,8,1563,79,87
431,1729,2160,0.199537,0.911,4.028200e+02,8.282235e-03,3.1554,3.2637,0,1,5,1562,79,87
432,1728,2160,0.2,0.91,4.014657e+02,2.627678e-03,3.1289,3.2814,0,2,29,1561,79,87
433,1727,2160,0.200463,0.911,4.044608e+02,2.615584e-03,3.1274,3.269,0,9,112,1560,79,87
434,1726,2160,0.200926,0.91,4.046557e+02,8.949746e-03,3.144,3.2782,0,1,57,1559,79,87
435,1725,2160,0.201389,0.911,4.059096e+02,8.445968e-03,3.1452,3.2752,0,1,99,1558,79,87
436,1724,2160,0.201852,0.91,4.080110e+02,2.129911e-03,3.1564,3.2762,0,0,4,1557,79,87
437,1723,2160,0.202315,0.911,4.086480e+02,2.428508e-02,3.1293,3.2778,0,5,172,1556,79,87
438,1722,2160,0.202778,0.911,3.952174e+02,1.259152e-01,3.1356,3.2773,1,4,5,1556,78,87
439,1721,2160,0.203241,0.895,4.209576e+02,1.217309e-01,3.1453,3.2845,1,0,5,1556,77,87
440,1720,2160,0.203704,0.893,4.159043e+02,2.472153e-02,3.1745,3.3298,0,5,104,1555,77,87
441,1719,2160,0.204167,0.892,4.155419e+02,2.542235e-02,3.4661,3.3651,0,5,93,1554,77,87
442,1718,2160,0.20463,0.892,4.181885e+02,3.652780e-02,3.1843,3.3286,0,5,73,1553,77,87
443,1717,2160,0.205093,0.892,4.126662e+02,3.716142e-02,3.316,3.3701,0,5,120,1552,77,87
444,1716,2160,0.205556,0.891,4.171387e+02,3.497323e-02,3.2048,3.3225,0,5,150,1551,77,87
445,1715,2160,0.206019,0.891,4.329267e+02,2.687726e-02,3.1476,3.2683,0,5,144,1550,77,87
446,1714,2160,0.206481,0.891,4.183892e+02,4.337042e-02,3.1346,3.2573,0,5,61,1549,77,87
447,1713,2160,0.206944,0.894,4.401538e+02,2.860064e-02,3.1282,3.2794,0,5,49,1548,77,87
448,1712,2160,0.207407,0.892,4.199965e+02,4.039307e-02,3.142,3.2722,0,5,165,1547,77,87
449,1711,2160,0.20787,0.892,4.463378e+02,2.509497e-03,3.1294,3.2746,0,3,188,1546,77,87
450,1710,2160,0.208333,0.892,4.468276e+02,2.313006e-03,3.1469,3.284,0,7,84,1545,77,87
451,1709,2160,0.208796,0.892,4.496269e+02,2.295172e-03,3.1354,3.2798,0,7,16,1544,77,87
452,1708,2160,0.209259,0.892,4.523167e+02,2.122747e-03,3.1401,3.2859,0,6,16,1543,77,87
453,1707,2160,0.209722,0.892,4.485840e+02,2.836271e-02,3.123,3.2931,0,5,147,1542,77,87
454,1706,2160,0.210185,0.893,4.270829e+02,4.236258e-02,3.146,3.2787,0,5,87,1541,77,87
455,1705,2160,0.210648,0.893,4.551496e+02,1.417387e-03,3.1431,3.2746,0,4,29,1540,77,87
456,1704,2160,0.211111,0.893,4.574449e+02,2.659292e-03,3.1235,3.2725,0,9,139,1539,77,87
457,1703,2160,0.211574,0.893,4.577467e+02,1.434906e-03,3.1344,3.2643,0,4,84,1538,77,87
458,1702,2160,0.212037,0.893,4.560069e+02,4.157830e-02,3.1437,3.2827,1,6,1,1538,76,87
459,1701,2160,0.2125,0.891,4.843498e+02,8.483131e-03,3.1368,3.2828,0,1,65,1537,76,87
460,1700,2160,0.212963,0.892,4.871836e+02,2.137953e-03,3.1229,3.2682,0,0,70,1536,76,87
461,1699,2160,0.213426,0.892,4.886741e+02,2.627480e-03,3.1265,3.279,0,3,169,1535,76,87
462,1698,2160,0.213889,0.892,4.876112e+02,8.666010e-03,3.1375,3.2856,0,1,163,1534,76,87
463,1697,2160,0.214352,0.892,4.897019e+02,9.010060e-03,3.132,3.2796,0,1,169,1533,76,87
464,1696,2160,0.214815,0.892,4.923296e+02,2.392468e-03,3.1212,3.2817,0,7,40,1532,76,87
465,1695,2160,0.215278,0.892,4.958956e+02,3.395271e-03,3.1292,3.2751,0,8,18,1531,76,87
466,1694,2160,0.215741,0.892,4.984897e+02,1.204472e-01,3.1575,3.2843,1,8,1,1531,75,87
467,1693,2160,0.216204,0.889,5.169388e+02,2.443733e-03,3.1572,3.2915,0,7,83,1530,75,87
468,1692,2160,0.216667,0.889,5.194098e+02,9.192019e-03,3.1572,3.294,0,1,26,1529,75,87
469,1691,2160,0.21713,0.889,5.236178e+02,5.009357e-02,3.1504,3.2774,1,9,1,1529,74,87
470,1690,2160,0.217593,0.889,5.131814e+02,5.072570e-02,3.1374,3.272,0,5,101,1528,74,87
471,1689,2160,0.218056,0.889,5.658176e+02,2.473172e-03,3.1699,3.2836,0,6,14,1527,74,87
472,1688,2160,0.218519,0.889,5.649196e+02,9.543883e-03,3.1399,3.2899,0,1,187,1526,74,87
473,1687,2160,0.218981,0.889,5.663708e+02,9.157828e-03,3.1484,3.2942,0,1,164,1525,74,87
474,1686,2160,0.219444,0.889,5.685137e+02,1.020879e-02,3.1457,3.289,0,1,29,1524,74,87
475,1685,2160,0.219907,0.889,5.772081e+02,2.798200e-03,3.1501,3.2869,0,9,60,1523,74,87
476,1684,2160,0.22037,0.889,5.770590e+02,1.576998e-03,3.15,3.305,0,4,107,1522,74,87
477,1683,2160,0.220833,0.889,5.768300e+02,3.680362e-03,3.137,3.2838,0,8,80,1521,74,87
478,1682,2160,0.221296,0.889,5.758191e+02,2.608871e-03,3.1445,3.2864,0,7,27,1520,74,87
479,1681,2160,0.221759,0.889,5.759860e+02,3.751287e-03,3.1397,3.2803,0,8,41,1519,74,87
480,1680,2160,0.222222,0.89,5.752873e+02,3.043846e-03,3.1565,3.2885,0,2,143,1518,74,87
481,1679,2160,0.222685,0.89,5.773616e+02,3.031572e-03,3.1584,3.2844,0,2,158,1517,74,87
482,1678,2160,0.223148,0.89,5.800021e+02,3.019022e-03,3.14,3.2991,0,9,55,1516,74,87
483,1677,2160,0.223611,0.89,5.789871e+02,2.496500e-03,3.14,3.2852,0,0,155,1515,74,87
484,1676,2160,0.224074,0.891,5.770831e+02,3.863532e-03,3.145,3.3129,0,8,6,1514,74,87
485,1675,2160,0.224537,0.891,5.758313e+02,9.954332e-03,3.148,3.2924,0,1,193,1513,74,87
486,1674,2160,0.225,0.891,5.793030e+02,3.044136e-03,3.1429,3.2938,0,9,192,1512,74,87
487,1673,2160,0.225463,0.891,5.813908e+02,2.609488e-03,3.1445,3.2958,0,6,41,1511,74,87
488,1672,2160,0.225926,0.891,5.806110e+02,2.609863e-03,3.1456,3.2882,0,6,98,1510,74,87
489,1671,2160,0.226389,0.891,5.829180e+02,3.066155e-03,3.1612,3.2851,0,9,115,1509,74,87
490,1670,2160,0.226852,0.892,5.842085e+02,3.997129e-03,3.1486,3.3005,0,8,37,1508,74,87
491,1669,2160,0.227315,0.892,5.844566e+02,2.674609e-03,3.1534,3.2971,0,6,167,1507,74,87
492,1668,2160,0.227778,0.892,5.867439e+02,3.029655e-03,3.167,3.2915,0,3,182,1506,74,87
493,1667,2160,0.228241,0.893,5.845622e+02,3.213909e-02,3.1379,3.302,0,5,90,1505,74,87
494,1666,2160,0.228704,0.893,5.548430e+02,5.485910e-02,3.1458,3.2855,0,5,115,1504,74,87
495,1665,2160,0.229167,0.893,5.842238e+02,1.689311e-03,3.1682,3.2886,0,4,61,1503,74,87
496,1664,2160,0.22963,0.892,5.860482e+02,1.118723e-02,3.1517,3.2906,0,1,4,1502,74,87
497,1663,2160,0.230093,0.892,5.886458e+02,2.691693e-03,3.1461,3.2964,0,6,85,1501,74,87
498,1662,2160,0.230556,0.892,5.923622e+02,2.761613e-03,3.1333,3.304,0,7,189,1500,74,87
499,1661,2160,0.231019,0.892,5.940975e+02,3.152030e-03,3.1426,3.2876,0,2,154,1499,74,87
500,1660,2160,0.231481,0.892,5.986809e+02,1.086403e-02,3.151,3.2882,0,1,176,1498,74,87
501,1659,2160,0.231944,0.892,6.020946e+02,2.555866e-03,3.159,3.2991,0,0,139,1497,74,87
502,1658,2160,0.232407,0.892,6.044919e+02,2.758238e-03,3.1553,3.3065,0,6,169,1496,74,87
503,1657,2160,0.23287,0.892,6.087778e+02,2.734319e-03,3.1895,3.3052,0,6,168,1495,74,87
504,1656,2160,0.233333,0.892,6.125270e+02,2.684485e-03,3.1692,3.3124,0,7,168,1494,74,87
505,1655,2160,0.233796,0.892,6.063841e+02,4.095170e-03,3.1718,3.3092,0,8,188,1493,74,87
506,1654,2160,0.234259,0.892,6.095343e+02,3.225526e-03,3.1599,3.299,0,2,26,1492,74,87
507,1653,2160,0.234722,0.892,6.155970e+02,3.196063e-03,3.1625,3.3058,0,9,146,1491,74,87
508,1652,2160,0.235185,0.893,6.166034e+02,1.073796e-02,3.162,3.294,0,1,16,1490,74,87
509,1651,2160,0.235648,0.894,6.205711e+02,1.147314e-02,3.1542,3.2956,0,1,15,1489,74,87
510,1650,2160,0.236111,0.893,6.179229e+02,2.882049e-03,3.1635,3.3047,0,7,138,1488,74,87
511,1649,2160,0.236574,0.893,6.219594e+02,2.873551e-03,3.1621,3.3099,0,7,0,1487,74,87
512,1648,2160,0.237037,0.893,6.259000e+02,5.584768e-02,3.1485,3.2928,0,5,95,1486,74,87
513,1647,2160,0.2375,0.892,6.917486e+02,2.994823e-03,3.1528,3.2963,0,7,166,1485,74,87
514,1646,2160,0.237963,0.892,6.888121e+02,1.081195e-02,3.1564,3.2995,0,1,12,1484,74,87
515,1645,2160,0.238426,0.893,6.882259e+02,8.343729e-02,3.1404,3.2997,2,0,8,1484,74,86
516,1644,2160,0.238889,0.885,7.358536e+02,2.695688e-03,3.1645,3.2944,0,0,3,1483,74,86
517,1643,2160,0.239352,0.885,7.359737e+02,3.352735e-03,3.155,3.318,0,2,101,1482,74,86
518,1642,2160,0.239815,0.885,7.390010e+02,2.882200e-03,3.179,3.2966,0,6,97,1481,74,86
519,1641,2160,0.240278,0.885,7.439019e+02,3.098428e-03,3.1675,3.3047,0,9,101,1480,74,86
520,1640,2160,0.240741,0.885,7.341000e+02,3.318695e-03,3.1608,3.3129,0,9,95,1479,74,86
521,1639,2160,0.241204,0.885,7.336726e+02,2.697566e-03,3.1678,3.2943,0,0,67,1478,74,86
522,1638,2160,0.241667,0.885,7.319439e+02,3.378432e-03,3.1534,3.2887,0,9,17,1477,74,86
523,1637,2160,0.24213,0.885,7.354761e+02,3.420236e-03,3.1611,3.3071,0,2,71,1476,74,86
524,1636,2160,0.242593,0.885,7.389024e+02,3.291530e-03,3.1554,3.2943,0,3,9,1475,74,86
525,1635,2160,0.243056,0.885,7.364221e+02,3.466627e-03,3.1487,3.3127,0,9,140,1474,74,86
526,1634,2160,0.243519,0.886,7.352623e+02,3.324874e-03,3.152,3.3046,0,2,17,1473,74,86
527,1633,2160,0.243981,0.885,7.302200e+02,3.354511e-03,3.1442,3.2963,0,3,4,1472,74,86
528,1632,2160,0.244444,0.885,7.284156e+02,1.183826e-02,3.1645,3.2923,0,1,30,1471,74,86
529,1631,2160,0.244907,0.885,7.321953e+02,4.359355e-03,3.1672,3.3026,0,8,65,1470,74,86
530,1630,2160,0.24537,0.885,7.345002e+02,3.466646e-03,3.1666,3.3067,0,9,30,1469,74,86
531,1629,2160,0.245833,0.885,7.365441e+02,4.441444e-03,3.1634,3.2991,0,8,71,1468,74,86
532,1628,2160,0.246296,0.885,7.345816e+02,3.403451e-03,3.1716,3.2985,0,3,115,1467,74,86
533,1627,2160,0.246759,0.885,7.317827e+02,4.516084e-03,3.1465,3.3021,0,8,84,1466,74,86
534,1626,2160,0.247222,0.886,7.340818e+02,3.420490e-03,3.162,3.3056,0,3,121,1465,74,86
535,1625,2160,0.247685,0.886,7.324384e+02,4.550849e-03,3.1642,3.3065,0,8,111,1464,74,86
536,1624,2160,0.248148,0.886,7.360287e+02,4.516948e-03,3.1422,3.2884,0,8,125,1463,74,86
537,1623,2160,0.248611,0.886,7.386206e+02,3.543773e-03,3.16,3.3166,0,2,150,1462,74,86
538,1622,2160,0.249074,0.886,7.436919e+02,1.241376e-02,3.1916,3.3028,0,1,98,1461,74,86
539,1621,2160,0.249537,0.885,7.511606e+02,1.188780e-02,3.155,3.307,0,1,56,1460,74,86
540,1620,2160,0.25,0.885,7.596104e+02,2.704698e-03,3.1587,3.3065,0,0,125,1459,74,86
541,1619,2160,0.250463,0.885,7.560580e+02,3.297948e-03,3.1523,3.3117,0,3,125,1458,74,86
542,1618,2160,0.250926,0.885,7.564889e+02,3.198275e-03,3.1491,3.2988,0,7,194,1457,74,86
543,1617,2160,0.251389,0.886,7.618743e+02,3.594146e-03,3.1636,3.277,0,2,125,1456,74,86
544,1616,2160,0.251852,0.886,7.644229e+02,3.359485e-02,3.159,3.2951,0,5,77,1455,74,86
545,1615,2160,0.252315,0.888,7.340151e+02,8.701024e-02,3.16,3.3005,0,5,116,1454,74,86
546,1614,2160,0.252778,0.887,7.946285e+02,1.972668e-03,3.143,3.3029,0,4,42,1453,74,86
547,1613,2160,0.253241,0.887,7.985733e+02,1.232440e-02,3.1576,3.3049,0,1,188,1452,74,86
548,1612,2160,0.253704,0.887,8.059415e+02,1.259724e-02,3.1782,3.3083,0,1,45,1451,74,86
549,1611,2160,0.254167,0.887,8.195694e+02,1.250346e-02,3.1616,3.3022,0,1,69,1450,74,86
550,1610,2160,0.25463,0.887,8.247668e+02,3.128477e-03,3.1588,3.3027,0,7,111,1449,74,86
551,1609,2160,0.255093,0.887,8.299626e+02,1.197434e-02,3.1636,3.2956,0,1,85,1448,74,86
552,1608,2160,0.255556,0.887,8.359268e+02,2.916180e-03,3.1555,3.2923,0,0,79,1447,74,86
553,1607,2160,0.256019,0.887,8.394211e+02,3.623831e-03,3.1586,3.3006,0,3,37,1446,74,86
554,1606,2160,0.256481,0.886,8.389366e+02,1.319525e-02,3.161,3.301,0,1,58,1445,74,86
555,1605,2160,0.256944,0.886,8.461213e+02,3.619457e-03,3.1744,3.2997,0,3,195,1444,74,86
556,1604,2160,0.257407,0.886,8.475320e+02,4.758228e-03,3.1632,3.2959,0,8,168,1443,74,86
557,1603,2160,0.25787,0.886,8.517317e+02,1.228176e-02,3.1585,3.2977,0,1,168,1442,74,86
558,1602,2160,0.258333,0.886,8.560029e+02,2.010764e-03,3.1579,3.3105,0,4,2,1441,74,86
559,1601,2160,0.258796,0.886,8.619919e+02,3.823752e-03,3.195,3.299,0,2,5,1440,74,86
560,1600,2160,0.259259,0.887,8.690001e+02,3.751777e-03,3.1613,3.3001,0,3,71,1439,74,86
561,1599,2160,0.259722,0.887,8.673966e+02,2.991640e-03,3.1762,3.3082,0,0,168,1438,74,86
562,1598,2160,0.260185,0.887,8.646122e+02,3.402097e-03,3.1756,3.288,0,7,140,1437,74,86
563,1597,2160,0.260648,0.887,8.695544e+02,1.307439e-02,3.1586,3.3018,0,1,125,1436,74,86
564,1596,2160,0.261111,0.887,8.739465e+02,3.071812e-03,3.1801,3.298,0,6,140,1435,74,86
565,1595,2160,0.261574,0.887,8.707153e+02,1.232839e-02,3.1609,3.2898,0,1,53,1434,74,86
566,1594,2160,0.262037,0.888,8.732962e+02,1.994375e-03,3.1595,3.3003,0,4,16,1433,74,86
567,1593,2160,0.2625,0.888,8.807076e+02,4.963212e-03,3.1572,3.29,0,8,23,1432,74,86
568,1592,2160,0.262963,0.888,8.835843e+02,3.888440e-03,3.1426,3.2994,0,2,2,1431,74,86
569,1591,2160,0.263426,0.888,8.890899e+02,3.175703e-02,3.1448,3.3016,0,5,105,1430,74,86
570,1590,2160,0.263889,0.889,8.561377e+02,8.291801e-02,3.1861,3.312,0,5,117,1429,74,86
571,1589,2160,0.264352,0.889,9.012545e+02,4.875720e-03,3.1659,3.3106,0,8,94,1428,74,86
572,1588,2160,0.264815,0.887,9.013099e+02,3.775797e-03,3.1694,3.3106,0,3,183,1427,74,86
573,1587,2160,0.265278,0.888,9.003226e+02,3.169389e-03,3.1455,3.3001,0,0,22,1426,74,86
574,1586,2160,0.265741,0.888,9.011085e+02,1.454904e-02,3.1571,3.3161,0,1,195,1425,74,86
575,1585,2160,0.266204,0.89,9.137988e+02,5.007848e-03,3.1441,3.2941,0,8,74,1424,74,86
576,1584,2160,0.266667,0.89,9.183160e+02,5.023910e-03,3.154,3.3094,0,8,11,1423,74,86
577,1583,2160,0.26713,0.89,9.231233e+02,3.955335e-03,3.1556,3.2939,0,2,13,1422,74,86
578,1582,2160,0.267593,0.89,9.317367e+02,1.340636e-02,3.16,3.2937,0,1,93,1421,74,86
579,1581,2160,0.268056,0.888,9.370592e+02,5.127243e-03,3.1782,3.2952,0,8,175,1420,74,86
580,1580,2160,0.268519,0.888,9.421437e+02,3.485853e-03,3.1619,3.2928,0,7,22,1419,74,86
581,1579,2160,0.268981,0.888,9.449714e+02,1.395657e-02,3.1651,3.2981,0,1,51,1418,74,86
582,1578,2160,0.269444,0.889,9.472191e+02,4.075994e-03,3.1684,3.3059,0,2,16,1417,74,86
583,1577,2160,0.269907,0.889,9.554145e+02,1.368190e-02,3.1703,3.2968,0,1,3,1416,74,86
584,1576,2160,0.27037,0.889,9.611143e+02,3.324011e-03,3.1627,3.2986,0,0,178,1415,74,86
585,1575,2160,0.270833,0.889,9.638148e+02,3.955341e-03,3.1562,3.3177,0,9,178,1414,74,86
586,1574,2160,0.271296,0.889,9.568710e+02,3.248694e-03,3.172,2.0585,0,0,21,1413,74,86
587,1573,2160,0.271759,0.889,9.642788e+02,3.754942e-03,3.152,3.2947,0,7,75,1412,74,86
588,1572,2160,0.272222,0.889,9.666291e+02,4.097028e-03,3.1564,3.3004,0,3,184,1411,74,86
589,1571,2160,0.272685,0.889,9.635435e+02,5.304212e-03,3.1557,3.3006,0,8,8,1410,74,86
590,1570,2160,0.273148,0.889,9.723171e+02,5.295282e-03,3.1678,3.2827,0,8,194,1409,74,86
591,1569,2160,0.273611,0.889,9.824845e+02,5.352379e-03,3.1581,3.2946,0,8,22,1408,74,86
592,1568,2160,0.274074,0.889,9.889942e+02,4.068429e-03,3.1631,3.2881,0,3,140,1407,74,86
593,1567,2160,0.274537,0.889,9.932596e+02,6.174355e-02,3.1419,3.3095,1,4,1,1407,73,86
594,1566,2160,0.275,0.885,1.084728e+03,1.567459e-02,3.1581,3.291,0,1,18,1406,73,86
595,1565,2160,0.275463,0.885,1.093818e+03,3.381838e-03,3.1606,3.2888,0,0,37,1405,73,86
596,1564,2160,0.275926,0.885,1.099928e+03,3.716766e-03,3.1652,1.5864,0,7,54,1404,73,86
597,1563,2160,0.276389,0.885,1.112848e+03,1.496563e-02,3.1593,3.2933,0,1,153,1403,73,86
598,1562,2160,0.276852,0.885,1.118025e+03,1.570225e-02,3.157,3.2887,0,1,54,1402,73,86
599,1561,2160,0.277315,0.885,1.132053e+03,4.152377e-03,3.1663,3.287,0,3,126,1401,73,86
600,1560,2160,0.277778,0.885,1.134683e+03,3.433614e-03,3.1484,3.3001,0,0,165,1400,73,86
601,1559,2160,0.278241,0.885,1.136889e+03,5.876426e-02,3.1566,3.2959,0,5,60,1399,73,86
602,1558,2160,0.278704,0.885,1.172404e+03,4.130770e-03,3.1594,3.2972,0,9,91,1398,73,86
603,1557,2160,0.279167,0.887,1.159073e+03,1.677337e-02,3.1679,3.2973,0,1,55,1397,73,86
604,1556,2160,0.27963,0.887,1.165371e+03,3.691678e-03,3.1791,3.3001,0,6,42,1396,73,86
605,1555,2160,0.280093,0.886,1.179392e+03,4.256695e-03,3.1823,3.3003,0,9,0,1395,73,86
606,1554,2160,0.280556,0.886,1.186372e+03,1.533698e-02,3.1573,3.2942,0,1,44,1394,73,86
607,1553,2160,0.281019,0.886,1.193743e+03,2.316392e-03,3.1616,3.297,0,4,177,1393,73,86
608,1552,2160,0.281481,0.886,1.199526e+03,1.354922e-03,3.1733,3.3178,1,3,6,1393,72,86
609,1551,2160,0.281944,0.886,1.190500e+03,3.458986e-03,3.1741,3.3106,0,0,54,1392,72,86
610,1550,2160,0.282407,0.886,1.194612e+03,5.629652e-03,3.1786,3.3078,0,8,72,1391,72,86
611,1549,2160,0.28287,0.886,1.199532e+03,2.978603e-03,3.1848,3.3091,0,0,72,1390,72,86
612,1548,2160,0.283333,0.886,1.188528e+03,3.483977e-03,3.1702,3.3109,0,0,126,1389,72,86
613,1547,2160,0.283796,0.887,1.192248e+03,1.092767e-01,3.1944,3.3027,2,9,8,1389,72,85
614,1546,2160,0.284259,0.869,1.262593e+03,3.773129e-03,3.1826,3.3051,0,6,2,1388,72,85
615,1545,2160,0.284722,0.87,1.272105e+03,3.986161e-03,3.2134,3.3177,0,7,187,1387,72,85
616,1544,2160,0.285185,0.871,1.278712e+03,4.364972e-03,3.1842,3.3086,0,3,73,1386,72,85
617,1543,2160,0.285648,0.871,1.275393e+03,5.612844e-03,3.1789,3.3056,0,8,187,1385,72,85
618,1542,2160,0.286111,0.871,1.267701e+03,4.034157e-03,3.1616,3.3084,0,7,68,1384,72,85
619,1541,2160,0.286574,0.871,1.273871e+03,3.630958e-03,3.1859,3.3277,0,0,122,1383,72,85
620,1540,2160,0.287037,0.871,1.274773e+03,3.946235e-03,3.1693,3.2917,0,7,4,1382,72,85
621,1539,2160,0.2875,0.871,1.281234e+03,1.715296e-02,3.1667,3.31,0,1,6,1381,72,85
622,1538,2160,0.287963,0.869,1.292542e+03,5.799976e-03,3.1829,3.3156,0,8,141,1380,72,85
623,1537,2160,0.288426,0.869,1.298022e+03,3.837365e-03,3.1865,3.3115,0,6,4,1379,72,85
624,1536,2160,0.288889,0.869,1.297113e+03,3.665437e-03,3.196,3.3181,0,0,32,1378,72,85
625,1535,2160,0.289352,0.87,1.303639e+03,4.521930e-03,3.1696,3.3131,0,2,183,1377,72,85
626,1534,2160,0.289815,0.871,1.314986e+03,3.694067e-03,3.2067,3.295,0,0,112,1376,72,85
627,1533,2160,0.290278,0.87,1.320063e+03,5.930433e-03,3.1964,3.3127,0,8,97,1375,72,85
628,1532,2160,0.290741,0.87,1.325697e+03,3.753462e-03,3.1919,3.3228,0,0,55,1374,72,85
629,1531,2160,0.291204,0.87,1.327144e+03,1.749492e-02,3.1868,3.3117,0,1,142,1373,72,85
630,1530,2160,0.291667,0.871,1.338787e+03,4.012434e-03,3.1806,3.3051,0,6,1,1372,72,85
631,1529,2160,0.29213,0.872,1.347209e+03,4.576638e-03,3.1785,3.2941,0,2,55,1371,72,85
632,1528,2160,0.292593,0.87,1.356167e+03,4.143327e-03,3.1887,3.3129,0,7,145,1370,72,85
633,1527,2160,0.293056,0.871,1.364056e+03,5.901695e-03,3.1768,3.2947,0,8,39,1369,72,85
634,1526,2160,0.293519,0.871,1.365890e+03,4.135561e-03,3.1716,3.3225,0,7,29,1368,72,85
635,1525,2160,0.293981,0.871,1.373960e+03,1.700907e-02,3.1712,3.3108,0,1,124,1367,72,85
636,1524,2160,0.294444,0.871,1.385990e+03,4.643683e-03,3.1699,3.321,0,9,167,1366,72,85
637,1523,2160,0.294907,0.871,1.390775e+03,1.596377e-02,3.1947,3.3151,0,1,102,1365,72,85
638,1522,2160,0.29537,0.869,1.396957e+03,1.731124e-02,3.1809,3.3079,0,1,132,1364,72,85
639,1521,2160,0.295833,0.869,1.403852e+03,4.663358e-03,3.1814,3.3094,0,2,181,1363,72,85
640,1520,2160,0.296296,0.868,1.418592e+03,4.709159e-03,3.1943,3.3272,0,9,126,1362,72,85
641,1519,2160,0.296759,0.869,1.425529e+03,3.880066e-03,3.1733,3.328,0,0,173,1361,72,85
642,1518,2160,0.297222,0.869,1.426689e+03,4.107757e-03,3.1739,3.3115,0,6,55,1360,72,85
643,1517,2160,0.297685,0.87,1.430491e+03,4.748948e-03,3.1605,3.3031,0,2,145,1359,72,85
644,1516,2160,0.298148,0.868,1.437421e+03,4.163443e-03,3.1747,3.3285,0,6,116,1358,72,85
645,1515,2160,0.298611,0.87,1.442589e+03,2.652431e-03,3.2259,3.3037,0,4,59,1357,72,85
646,1514,2160,0.299074,0.869,1.444339e+03,3.932965e-03,3.1667,3.3106,0,0,108,1356,72,85
647,1513,2160,0.299537,0.871,1.441774e+03,1.796477e-02,3.1817,3.307,0,1,74,1355,72,85
648,1512,2160,0.3,0.869,1.453584e+03,3.959130e-03,3.1677,3.3027,0,0,190,1354,72,85
649,1511,2160,0.300463,0.869,1.455669e+03,4.560367e-03,3.1808,3.3143,0,3,59,1353,72,85
650,1510,2160,0.300926,0.869,1.451231e+03,4.732893e-03,3.182,3.2988,0,3,100,1352,72,85
651,1509,2160,0.301389,0.869,1.449543e+03,4.393877e-03,3.1662,3.3129,0,7,113,1351,72,85
652,1508,2160,0.301852,0.868,1.455901e+03,4.365235e-03,3.1797,3.2948,0,7,70,1350,72,85
653,1507,2160,0.302315,0.869,1.463995e+03,1.826992e-02,3.1753,3.316,0,1,84,1349,72,85
654,1506,2160,0.302778,0.867,1.473961e+03,3.830692e-03,3.1945,3.3186,0,6,70,1348,72,85
655,1505,2160,0.303241,0.868,1.468143e+03,4.004725e-03,3.1721,3.3104,0,0,181,1347,72,85
656,1504,2160,0.303704,0.868,1.472506e+03,6.208631e-03,3.1823,3.3018,0,8,113,1346,72,85
657,1503,2160,0.304167,0.869,1.473364e+03,1.676330e-02,3.1677,3.2776,0,1,23,1345,72,85
658,1502,2160,0.30463,0.869,1.477591e+03,4.400559e-03,3.1702,3.2944,0,7,180,1344,72,85
659,1501,2160,0.305093,0.869,1.489312e+03,4.989861e-03,3.1753,3.2881,0,9,85,1343,72,85
660,1500,2160,0.305556,0.869,1.496822e+03,4.990852e-03,3.1811,3.2934,0,2,118,1342,72,85
661,1499,2160,0.306019,0.869,1.506665e+03,4.651656e-03,3.1632,3.3088,0,3,118,1341,72,85
662,1498,2160,0.306481,0.869,1.496114e+03,4.980164e-03,3.1794,3.2943,0,9,87,1340,72,85
663,1497,2160,0.306944,0.87,1.498461e+03,4.429400e-03,3.1619,3.3056,0,7,163,1339,72,85
664,1496,2160,0.307407,0.868,1.507033e+03,1.728575e-02,3.1852,3.3083,0,1,86,1338,72,85
665,1495,2160,0.30787,0.871,1.513703e+03,2.628838e-03,3.183,3.3044,0,4,86,1337,72,85
666,1494,2160,0.308333,0.871,1.513693e+03,1.907805e-02,3.1815,3.3255,0,1,151,1336,72,85
667,1493,2160,0.308796,0.869,1.526533e+03,1.694222e-02,3.1763,3.2917,0,1,22,1335,72,85
668,1492,2160,0.309259,0.871,1.542447e+03,1.868202e-02,3.1633,3.3102,0,1,113,1334,72,85
669,1491,2160,0.309722,0.869,1.556289e+03,1.701943e-02,3.1659,3.298,0,1,147,1333,72,85
670,1490,2160,0.310185,0.868,1.571824e+03,3.987599e-03,3.1727,3.3104,0,0,179,1332,72,85
671,1489,2160,0.310648,0.868,1.580312e+03,5.093921e-03,3.1826,3.3063,0,9,123,1331,72,85
672,1488,2160,0.311111,0.868,1.586545e+03,5.017824e-03,3.2324,3.3141,0,2,1,1330,72,85
673,1487,2160,0.311574,0.869,1.600031e+03,5.056255e-03,3.2342,3.3233,0,3,52,1329,72,85
674,1486,2160,0.312037,0.868,1.600095e+03,2.800975e-02,3.1946,3.3132,0,5,92,1328,72,85
675,1485,2160,0.3125,0.87,1.581188e+03,4.673378e-02,3.1843,3.3103,1,3,5,1328,71,85
676,1484,2160,0.312963,0.869,1.560688e+03,6.788196e-02,3.159,3.3029,0,5,47,1327,71,85
677,1483,2160,0.313426,0.869,1.546829e+03,3.932106e-02,3.1645,3.3181,0,5,91,1326,71,85
678,1482,2160,0.313889,0.869,1.539867e+03,4.435226e-03,3.1778,3.2972,0,6,143,1325,71,85
679,1481,2160,0.314352,0.869,1.559562e+03,6.672477e-03,3.173,3.3073,0,8,57,1324,71,85
680,1480,2160,0.314815,0.869,1.570860e+03,4.174416e-03,3.1662,3.3022,0,0,25,1323,71,85
681,1479,2160,0.315278,0.869,1.576608e+03,4.436733e-03,3.1763,3.3241,0,6,150,1322,71,85
682,1478,2160,0.315741,0.869,1.585466e+03,4.654788e-03,3.2131,3.2943,0,7,38,1321,71,85
683,1477,2160,0.316204,0.869,1.594307e+03,5.240346e-03,3.1739,3.3097,0,9,15,1320,71,85
684,1476,2160,0.316667,0.869,1.595001e+03,4.527077e-03,3.1769,3.3186,0,6,15,1319,71,85
685,1475,2160,0.31713,0.869,1.591342e+03,4.512572e-03,3.1796,3.3125,0,6,11,1318,71,85
686,1474,2160,0.317593,0.869,1.604083e+03,1.936404e-02,3.1867,3.2975,0,1,90,1317,71,85
687,1473,2160,0.318056,0.869,1.614101e+03,1.875505e-02,3.1632,3.3019,0,1,110,1316,71,85
688,1472,2160,0.318519,0.868,1.636520e+03,5.092054e-03,3.195,3.306,0,3,85,1315,71,85
689,1471,2160,0.318981,0.868,1.640230e+03,6.641567e-03,3.1722,3.3169,0,8,161,1314,71,85
690,1470,2160,0.319444,0.868,1.649222e+03,6.799774e-03,3.1851,3.3062,0,8,127,1313,71,85
691,1469,2160,0.319907,0.867,1.656945e+03,5.134567e-03,3.1673,3.3095,0,9,100,1312,71,85
692,1468,2160,0.32037,0.868,1.659395e+03,1.956580e-02,3.1646,3.307,0,1,104,1311,71,85
693,1467,2160,0.320833,0.869,1.662717e+03,1.792510e-02,3.205,3.321,0,1,109,1310,71,85
694,1466,2160,0.321296,0.871,1.668678e+03,2.000175e-02,3.1793,3.3181,0,1,155,1309,71,85
695,1465,2160,0.321759,0.869,1.693513e+03,5.217436e-03,3.1683,3.2998,0,9,41,1308,71,85
696,1464,2160,0.322222,0.868,1.703963e+03,3.625854e-03,3.1573,3.301,0,0,41,1307,71,85
697,1463,2160,0.322685,0.868,1.695082e+03,6.700626e-03,3.1707,3.2991,0,8,7,1306,71,85
698,1462,2160,0.323148,0.869,1.705712e+03,5.218803e-03,3.1883,3.3293,0,2,168,1305,71,85
699,1461,2160,0.323611,0.868,1.728452e+03,2.857335e-03,3.1786,3.3165,0,4,120,1304,71,85
700,1460,2160,0.324074,0.868,1.739226e+03,4.408069e-03,3.1751,3.3127,0,7,120,1303,71,85
701,1459,2160,0.324537,0.866,1.729074e+03,5.240547e-03,3.185,3.3035,0,3,158,1302,71,85
702,1458,2160,0.325,0.866,1.731353e+03,4.383692e-03,3.1763,3.3226,0,0,46,1301,71,85
703,1457,2160,0.325463,0.867,1.736721e+03,4.798706e-03,3.1608,3.3028,0,7,114,1300,71,85
704,1456,2160,0.325926,0.868,1.748270e+03,4.715537e-03,3.198,3.3097,0,7,64,1299,71,85
705,1455,2160,0.326389,0.869,1.760316e+03,5.292904e-03,3.1754,3.3066,0,3,139,1298,71,85
706,1454,2160,0.326852,0.869,1.759231e+03,6.879375e-03,3.1704,3.3208,0,8,13,1297,71,85
707,1453,2160,0.327315,0.869,1.763907e+03,1.817828e-02,3.1649,3.319,0,1,24,1296,71,85
708,1452,2160,0.327778,0.871,1.774957e+03,1.942882e-02,3.1859,3.3212,0,1,127,1295,71,85
709,1451,2160,0.328241,0.869,1.789546e+03,5.308500e-03,3.1927,3.3238,0,2,179,1294,71,85
710,1450,2160,0.328704,0.868,1.809288e+03,1.785982e-02,3.1766,3.3106,0,1,179,1293,71,85
711,1449,2160,0.329167,0.871,1.827168e+03,6.948685e-03,3.1718,3.308,0,8,83,1292,71,85
712,1448,2160,0.32963,0.871,1.842345e+03,2.876340e-03,3.1892,3.3205,0,4,55,1291,71,85
713,1447,2160,0.330093,0.871,1.857602e+03,5.421162e-03,3.1644,3.3217,0,2,182,1290,71,85
714,1446,2160,0.330556,0.87,1.877841e+03,5.412482e-03,3.1762,3.3122,0,3,26,1289,71,85
715,1445,2160,0.331019,0.871,1.880684e+03,1.340648e-01,3.1694,3.3172,2,1,8,1289,71,84
716,1444,2160,0.331481,0.849,1.995914e+03,7.101010e-03,3.1755,3.3085,0,8,183,1288,71,84
717,1443,2160,0.331944,0.849,2.004936e+03,6.989743e-03,3.1706,3.3012,0,8,191,1287,71,84
718,1442,2160,0.332407,0.849,2.014803e+03,7.106478e-03,3.1815,3.3084,0,8,174,1286,71,84
719,1441,2160,0.33287,0.85,2.022137e+03,2.091501e-02,3.1774,3.3171,0,1,171,1285,71,84
720,1440,2160,0.333333,0.847,2.047566e+03,4.808969e-03,3.1752,3.306,0,6,7,1284,71,84
721,1439,2160,0.333796,0.848,2.059927e+03,5.431378e-03,3.1818,3.3093,0,9,179,1283,71,84
722,1438,2160,0.334259,0.849,2.061313e+03,5.494724e-03,3.1749,3.3092,0,3,113,1282,71,84
723,1437,2160,0.334722,0.848,2.060607e+03,4.882641e-03,3.1826,3.294,0,7,7,1281,71,84
724,1436,2160,0.335185,0.85,2.059511e+03,3.010851e-03,3.1801,3.2955,0,4,11,1280,71,84
725,1435,2160,0.335648,0.849,2.068247e+03,1.388932e-01,3.1744,3.3066,2,3,8,1280,71,83
726,1434,2160,0.336111,0.846,2.181781e+03,3.099726e-02,3.1713,3.3218,1,8,0,1280,70,83
727,1433,2160,0.336574,0.848,2.197582e+03,1.402180e-01,3.1661,3.3068,2,4,8,1280,70,82
728,1432,2160,0.337037,0.817,2.326602e+03,5.342920e-03,3.1781,3.2956,0,9,102,1279,70,82
729,1431,2160,0.3375,0.818,2.333815e+03,5.398110e-03,3.1699,3.2951,0,9,1,1278,70,82
730,1430,2160,0.337963,0.818,2.345151e+03,2.084770e-02,3.1741,3.3068,0,1,130,1277,70,82
731,1429,2160,0.338426,0.815,2.358245e+03,4.945294e-03,3.1775,3.2916,0,7,102,1276,70,82
732,1428,2160,0.338889,0.815,2.366546e+03,5.673218e-03,3.177,3.3238,0,9,135,1275,70,82
733,1427,2160,0.339352,0.815,2.368324e+03,5.631183e-03,3.1731,3.3305,0,3,5,1274,70,82
734,1426,2160,0.339815,0.815,2.364639e+03,4.927508e-03,3.17,3.3069,0,6,43,1273,70,82
735,1425,2160,0.340278,0.815,2.373924e+03,5.651263e-03,3.1774,3.3212,0,9,89,1272,70,82
736,1424,2160,0.340741,0.815,2.374641e+03,5.727922e-03,3.171,3.3175,0,9,180,1271,70,82
737,1423,2160,0.341204,0.815,2.374272e+03,4.668626e-03,3.1746,3.3152,0,0,65,1270,70,82
738,1422,2160,0.341667,0.816,2.376160e+03,4.700687e-03,3.1765,3.2983,0,0,26,1269,70,82
739,1421,2160,0.34213,0.816,2.376936e+03,5.857621e-03,3.1934,3.304,0,2,56,1268,70,82
740,1420,2160,0.342593,0.816,2.392068e+03,5.885096e-03,3.1836,3.3102,0,2,45,1267,70,82
741,1419,2160,0.343056,0.816,2.407595e+03,1.491905e-01,3.1637,3.3198,2,2,8,1267,70,81
742,1418,2160,0.343519,0.777,2.523977e+03,5.512512e-03,3.1716,3.3024,0,9,56,1266,70,81
743,1417,2160,0.343981,0.777,2.500956e+03,4.747146e-03,3.1785,3.3199,0,0,6,1265,70,81
744,1416,2160,0.344444,0.776,2.509405e+03,5.327908e-03,3.1809,3.3082,0,7,133,1264,70,81
745,1415,2160,0.344907,0.777,2.519052e+03,4.902580e-03,3.1806,3.3093,0,0,184,1263,70,81
746,1414,2160,0.34537,0.777,2.518665e+03,5.951769e-03,3.174,3.3156,0,3,27,1262,70,81
747,1413,2160,0.345833,0.777,2.514184e+03,2.210473e-02,3.1773,3.2995,0,1,80,1261,70,81
748,1412,2160,0.346296,0.778,2.544405e+03,4.808341e-03,3.1793,3.317,0,6,27,1260,70,81
749,1411,2160,0.346759,0.78,2.546073e+03,4.932475e-03,3.2183,3.3054,0,0,31,1259,70,81
750,1410,2160,0.347222,0.78,2.556930e+03,7.712014e-03,3.179,3.3083,0,8,189,1258,70,81
751,1409,2160,0.347685,0.78,2.570096e+03,7.749176e-03,3.1828,3.3186,0,8,176,1257,70,81
752,1408,2160,0.348148,0.78,2.581351e+03,4.989288e-03,3.176,3.3202,0,0,124,1256,70,81
753,1407,2160,0.348611,0.78,2.585116e+03,4.989886e-03,3.1653,3.3176,0,0,110,1255,70,81
754,1406,2160,0.349074,0.78,2.586861e+03,5.002907e-03,3.1784,3.3127,0,0,153,1254,70,81
755,1405,2160,0.349537,0.78,2.592712e+03,6.180895e-03,3.1677,3.3092,0,9,46,1253,70,81
756,1404,2160,0.35,0.78,2.600057e+03,2.263129e-02,3.1643,3.3072,0,1,59,1252,70,81
757,1403,2160,0.350463,0.777,2.626148e+03,2.074164e-02,3.172,3.3072,0,1,75,1251,70,81
758,1402,2160,0.350926,0.775,2.658288e+03,2.309311e-02,3.188,3.3143,0,1,172,1250,70,81
759,1401,2160,0.351389,0.774,2.688339e+03,7.752813e-03,3.1849,3.3018,0,8,106,1249,70,81
760,1400,2160,0.351852,0.774,2.702973e+03,4.946283e-03,3.2013,3.3185,0,0,28,1248,70,81
761,1399,2160,0.352315,0.773,2.716646e+03,6.195651e-03,3.1845,3.3202,0,9,155,1247,70,81
762,1398,2160,0.352778,0.773,2.724327e+03,6.218935e-03,3.1833,3.3268,0,9,69,1246,70,81
763,1397,2160,0.353241,0.773,2.725723e+03,6.347215e-03,3.1736,3.2981,0,2,166,1245,70,81
764,1396,2160,0.353704,0.775,2.742378e+03,2.317950e-02,3.1848,3.3015,0,1,191,1244,70,81
765,1395,2160,0.354167,0.775,2.753223e+03,5.135649e-03,3.1818,3.3005,0,0,113,1243,70,81
766,1394,2160,0.35463,0.776,2.766003e+03,2.347656e-02,3.1707,3.2912,0,1,189,1242,70,81
767,1393,2160,0.355093,0.774,2.783016e+03,6.297276e-03,3.1624,3.2988,0,9,111,1241,70,81
768,1392,2160,0.355556,0.774,2.796959e+03,2.137294e-02,3.1662,3.3289,0,1,95,1240,70,81
769,1391,2160,0.356019,0.776,2.825128e+03,2.473183e-02,3.1672,3.3127,0,1,62,1239,70,81
770,1390,2160,0.356481,0.775,2.858371e+03,7.969581e-03,3.1883,3.3124,0,8,155,1238,70,81
771,1389,2160,0.356944,0.774,2.876988e+03,6.213389e-03,3.2191,3.311,0,9,166,1237,70,81
772,1388,2160,0.357407,0.774,2.870441e+03,6.202755e-03,3.2027,3.3005,0,2,153,1236,70,81
773,1387,2160,0.35787,0.774,2.889616e+03,5.496406e-03,3.1902,3.3107,0,9,153,1235,70,81
774,1386,2160,0.358333,0.774,2.856697e+03,5.457505e-03,3.1609,3.2987,0,7,69,1234,70,81
775,1385,2160,0.358796,0.774,2.872062e+03,4.696310e-03,3.1828,3.318,0,0,69,1233,70,81
776,1384,2160,0.359259,0.774,2.855542e+03,4.734827e-03,3.1667,3.3137,0,0,166,1232,70,81
777,1383,2160,0.359722,0.774,2.858587e+03,5.562240e-03,3.1793,3.2915,0,7,18,1231,70,81
778,1382,2160,0.360185,0.774,2.882833e+03,6.314138e-03,3.181,3.317,0,2,99,1230,70,81
779,1381,2160,0.360648,0.773,2.907415e+03,8.103507e-03,3.1764,3.3182,0,8,48,1229,70,81
780,1380,2160,0.361111,0.771,2.919401e+03,5.138544e-03,3.1691,3.3088,0,0,7,1228,70,81
781,1379,2160,0.361574,0.771,2.929756e+03,5.271227e-03,3.1767,3.2906,0,0,71,1227,70,81
782,1378,2160,0.362037,0.77,2.938846e+03,6.450995e-03,3.1862,3.3214,0,9,4,1226,70,81
783,1377,2160,0.3625,0.771,2.949044e+03,2.469117e-02,3.1899,3.327,0,1,156,1225,70,81
784,1376,2160,0.362963,0.768,2.963607e+03,6.271241e-03,3.2035,3.3325,0,9,99,1224,70,81
785,1375,2160,0.363426,0.768,2.954038e+03,6.448229e-03,3.1724,3.3224,0,9,20,1223,70,81
786,1374,2160,0.363889,0.768,2.966979e+03,6.483503e-03,3.196,3.3098,0,9,129,1222,70,81
787,1373,2160,0.364352,0.769,2.971652e+03,5.771988e-03,3.1788,3.3063,0,6,178,1221,70,81
788,1372,2160,0.364815,0.769,2.983479e+03,8.484098e-03,3.1776,3.3172,0,8,27,1220,70,81
789,1371,2160,0.365278,0.77,2.989720e+03,8.412096e-03,3.1652,3.2981,0,8,151,1219,70,81
790,1370,2160,0.365741,0.769,3.006012e+03,6.582076e-03,3.1789,3.3081,0,9,32,1218,70,81
791,1369,2160,0.366204,0.769,3.014897e+03,6.584939e-03,3.1923,3.3131,0,3,12,1217,70,81
792,1368,2160,0.366667,0.769,3.008526e+03,3.703654e-03,3.1712,3.3013,0,4,39,1216,70,81
793,1367,2160,0.36713,0.769,3.012519e+03,5.773026e-03,3.1694,3.3298,0,6,26,1215,70,81
794,1366,2160,0.367593,0.769,3.026455e+03,3.687922e-03,3.1731,3.3158,0,4,40,1214,70,81
795,1365,2160,0.368056,0.768,3.037501e+03,2.221697e-02,3.1905,3.3252,0,1,32,1213,70,81
796,1364,2160,0.368519,0.771,3.050960e+03,2.628193e-02,3.1681,3.302,0,1,158,1212,70,81
797,1363,2160,0.368981,0.769,3.094457e+03,6.628843e-03,3.1945,3.2952,0,3,145,1211,70,81
798,1362,2160,0.369444,0.769,3.096244e+03,5.874037e-03,3.1891,3.3249,0,6,184,1210,70,81
799,1361,2160,0.369907,0.771,3.120713e+03,8.663560e-03,3.1963,3.3188,0,8,61,1209,70,81
800,1360,2160,0.37037,0.771,3.137439e+03,5.557683e-03,3.176,3.3151,0,0,12,1208,70,81
801,1359,2160,0.370833,0.771,3.139234e+03,6.958476e-03,3.1777,3.3045,0,2,169,1207,70,81
802,1358,2160,0.371296,0.77,3.163656e+03,8.205281e-03,3.1773,3.3124,0,8,12,1206,70,81
803,1357,2160,0.371759,0.77,3.149007e+03,2.747749e-02,3.1884,3.3032,0,1,7,1205,70,81
804,1356,2160,0.372222,0.771,3.166610e+03,5.950127e-03,3.1704,3.3159,0,6,110,1204,70,81
805,1355,2160,0.372685,0.771,3.185519e+03,6.849709e-03,3.1703,3.3127,0,2,10,1203,70,81
806,1354,2160,0.373148,0.77,3.211112e+03,5.688880e-03,3.2013,3.315,0,0,135,1202,70,81
807,1353,2160,0.373611,0.77,3.219990e+03,5.925743e-03,3.1794,3.33,0,6,121,1201,70,81
808,1352,2160,0.374074,0.77,3.234208e+03,6.805179e-03,3.1719,3.3076,0,9,7,1200,70,81
809,1351,2160,0.374537,0.77,3.248392e+03,6.300160e-03,3.1848,3.3003,0,7,151,1199,70,81
810,1350,2160,0.375,0.77,3.261981e+03,6.290555e-03,3.1935,3.3133,0,7,183,1198,70,81
811,1349,2160,0.375463,0.77,3.277541e+03,2.334141e-02,3.1846,3.2954,0,1,119,1197,70,81
812,1348,2160,0.375926,0.769,3.291111e+03,2.677171e-02,3.176,3.3249,0,1,31,1196,70,81
813,1347,2160,0.376389,0.767,3.319973e+03,3.714672e-03,3.1773,3.3298,0,4,183,1195,70,81
814,1346,2160,0.376852,0.767,3.322359e+03,6.111189e-03,3.1692,3.3043,0,7,184,1194,70,81
815,1345,2160,0.377315,0.767,3.342051e+03,5.432923e-03,3.1747,3.325,0,6,183,1193,70,81
816,1344,2160,0.377778,0.767,3.349275e+03,6.380788e-03,3.2051,3.2925,0,3,7,1192,70,81
817,1343,2160,0.378241,0.767,3.340097e+03,2.430535e-02,3.2003,3.3254,0,1,88,1191,70,81
818,1342,2160,0.378704,0.764,3.381228e+03,2.615917e-02,3.1895,3.3066,0,1,190,1190,70,81
819,1341,2160,0.379167,0.764,3.406715e+03,9.026136e-03,3.1865,3.3022,0,8,26,1189,70,81
820,1340,2160,0.37963,0.763,3.428450e+03,7.137539e-03,3.1806,3.3069,0,2,33,1188,70,81
821,1339,2160,0.380093,0.761,3.461651e+03,7.143778e-03,3.1907,3.3116,0,2,173,1187,70,81
822,1338,2160,0.380556,0.761,3.492641e+03,4.875582e-03,3.1926,3.3289,2,8,9,1187,70,80
823,1337,2160,0.381019,0.761,3.480958e+03,7.230608e-03,3.1673,3.3141,0,3,89,1186,70,80
824,1336,2160,0.381481,0.761,3.480786e+03,2.734375e-02,3.1734,3.2981,0,1,47,1185,70,80
825,1335,2160,0.381944,0.762,3.516417e+03,7.274191e-03,3.1879,3.3276,0,2,9,1184,70,80
826,1334,2160,0.382407,0.762,3.544960e+03,6.007866e-03,3.1705,3.3146,0,0,45,1183,70,80
827,1333,2160,0.38287,0.762,3.551450e+03,6.614894e-03,3.1943,3.3177,0,9,45,1182,70,80
828,1332,2160,0.383333,0.763,3.533907e+03,7.170124e-03,3.1781,3.3,0,3,18,1181,70,80
829,1331,2160,0.383796,0.763,3.537967e+03,6.366329e-03,3.1793,3.3089,0,7,78,1180,70,80
830,1330,2160,0.384259,0.764,3.551732e+03,6.575882e-03,3.1746,3.3046,0,7,52,1179,70,80
831,1329,2160,0.384722,0.763,3.564279e+03,9.457045e-03,3.172,3.3224,0,8,73,1178,70,80
832,1328,2160,0.385185,0.762,3.568678e+03,7.408730e-03,3.176,3.319,0,3,173,1177,70,80
833,1327,2160,0.385648,0.762,3.561289e+03,5.324709e-03,3.1819,3.3153,0,0,73,1176,70,80
834,1326,2160,0.386111,0.763,3.535446e+03,7.365963e-03,3.1748,3.3101,0,3,109,1175,70,80
835,1325,2160,0.386574,0.762,3.538287e+03,3.930343e-03,3.1696,3.3084,0,4,112,1174,70,80
836,1324,2160,0.387037,0.762,3.564862e+03,7.481811e-03,3.1775,3.3129,0,2,11,1173,70,80
837,1323,2160,0.3875,0.765,3.594421e+03,3.094485e-03,3.1896,3.2932,2,8,4,1173,70,79
838,1322,2160,0.387963,0.764,3.572290e+03,9.494222e-03,3.2183,3.331,0,8,31,1172,70,79
839,1321,2160,0.388426,0.762,3.599761e+03,2.518144e-02,3.1785,3.3015,0,1,94,1171,70,79
840,1320,2160,0.388889,0.762,3.630802e+03,2.721371e-02,3.1916,3.3071,0,1,0,1170,70,79
841,1319,2160,0.389352,0.763,3.684518e+03,2.933287e-02,3.1796,3.3259,0,1,131,1169,70,79
842,1318,2160,0.389815,0.762,3.744504e+03,6.009370e-03,3.1702,3.3251,0,0,152,1168,70,79
843,1317,2160,0.390278,0.763,3.760252e+03,7.432724e-03,3.1819,3.3115,0,9,43,1167,70,79
844,1316,2160,0.390741,0.763,3.780363e+03,7.387185e-03,3.1916,3.2947,0,2,43,1166,70,79
845,1315,2160,0.391204,0.761,3.756480e+03,6.440054e-03,3.1754,3.2905,0,6,195,1165,70,79
846,1314,2160,0.391667,0.761,3.795423e+03,7.471601e-03,3.1755,3.3154,0,2,192,1164,70,79
847,1313,2160,0.39213,0.761,3.844333e+03,5.890281e-03,3.1649,3.3202,0,0,11,1163,70,79
848,1312,2160,0.392593,0.761,3.869973e+03,6.638769e-03,3.1891,3.3047,0,7,112,1162,70,79
849,1311,2160,0.393056,0.761,3.898696e+03,9.686316e-03,3.1645,3.3177,0,8,53,1161,70,79
850,1310,2160,0.393519,0.76,3.927629e+03,6.341660e-03,3.168,3.319,0,0,44,1160,70,79
851,1309,2160,0.393981,0.76,3.934338e+03,7.694781e-03,3.163,3.3194,0,2,105,1159,70,79
852,1308,2160,0.394444,0.761,3.955814e+03,7.661768e-03,3.1742,3.313,0,3,180,1158,70,79
853,1307,2160,0.394907,0.761,3.950736e+03,6.035996e-03,3.1617,3.3222,0,0,180,1157,70,79
854,1306,2160,0.39537,0.76,3.970614e+03,9.615615e-03,3.186,3.3111,0,8,152,1156,70,79
855,1305,2160,0.395833,0.759,3.989398e+03,7.470651e-03,3.1712,3.326,0,3,11,1155,70,79
856,1304,2160,0.396296,0.76,4.021844e+03,9.821101e-03,3.1724,3.3198,0,8,105,1154,70,79
857,1303,2160,0.396759,0.759,4.019032e+03,7.638196e-03,3.1825,3.3269,0,2,83,1153,70,79
858,1302,2160,0.397222,0.76,4.057835e+03,7.620473e-03,3.1751,3.3226,0,2,85,1152,70,79
859,1301,2160,0.397685,0.759,4.109099e+03,2.559490e-02,3.1605,3.3113,0,1,148,1151,70,79
860,1300,2160,0.398148,0.757,4.138791e+03,3.233140e-02,3.1844,3.3068,0,1,82,1150,70,79
861,1299,2160,0.398611,0.757,4.201677e+03,3.898417e-03,3.1763,3.3322,0,4,70,1149,70,79
862,1298,2160,0.399074,0.757,4.239317e+03,7.753362e-03,3.161,3.3203,0,2,96,1148,70,79
863,1297,2160,0.399537,0.756,4.275379e+03,4.170819e-03,3.1764,3.3113,0,4,25,1147,70,79
864,1296,2160,0.4,0.757,4.297000e+03,7.040443e-03,3.1817,3.3151,0,3,25,1146,70,79
865,1295,2160,0.400463,0.756,4.254696e+03,9.756760e-03,3.1717,3.3196,0,8,25,1145,70,79
866,1294,2160,0.400926,0.758,4.302299e+03,7.721969e-03,3.1695,3.3303,0,2,72,1144,70,79
867,1293,2160,0.401389,0.759,4.336906e+03,9.859907e-03,3.1756,3.3148,0,8,44,1143,70,79
868,1292,2160,0.401852,0.76,4.361013e+03,7.658394e-03,3.1734,3.3219,0,9,27,1142,70,79
869,1291,2160,0.402315,0.76,4.379973e+03,6.305243e-03,3.1806,3.3275,0,0,169,1141,70,79
870,1290,2160,0.402778,0.761,4.385370e+03,6.777930e-03,3.1825,3.3122,0,6,94,1140,70,79
871,1289,2160,0.403241,0.761,4.400826e+03,9.925987e-03,3.1828,3.3111,0,8,102,1139,70,79
872,1288,2160,0.403704,0.761,4.413154e+03,6.935549e-03,3.1795,3.2983,0,7,185,1138,70,79
873,1287,2160,0.404167,0.761,4.440056e+03,5.762673e-03,3.2266,3.339,0,0,185,1137,70,79
874,1286,2160,0.40463,0.756,4.399808e+03,3.051347e-02,3.18,3.3105,0,1,157,1136,70,79
875,1285,2160,0.405093,0.755,4.440981e+03,7.985831e-03,3.175,3.3168,0,9,127,1135,70,79
876,1284,2160,0.405556,0.756,4.453911e+03,8.008076e-03,3.1767,3.3074,0,3,101,1134,70,79
877,1283,2160,0.406019,0.753,4.451537e+03,7.972070e-03,3.1838,3.3249,0,3,84,1133,70,79
878,1282,2160,0.406481,0.752,4.490265e+03,8.059664e-03,3.1691,3.3209,0,3,122,1132,70,79
879,1281,2160,0.406944,0.752,4.491488e+03,6.543182e-03,3.1668,3.3187,0,0,9,1131,70,79
880,1280,2160,0.407407,0.753,4.491570e+03,4.400197e-03,3.1779,3.3138,0,4,181,1130,70,79
881,1279,2160,0.40787,0.754,4.508817e+03,6.785745e-03,3.1799,3.3142,0,6,181,1129,70,79
882,1278,2160,0.408333,0.753,4.512869e+03,1.019700e-02,3.1797,3.3117,0,8,101,1128,70,79
883,1277,2160,0.408796,0.754,4.522841e+03,1.021747e-02,3.2062,3.3001,0,8,128,1127,70,79
884,1276,2160,0.409259,0.754,4.533390e+03,8.127134e-03,3.1825,3.325,0,3,105,1126,70,79
885,1275,2160,0.409722,0.756,4.526804e+03,2.715458e-02,3.1717,3.3284,0,1,116,1125,70,79
886,1274,2160,0.410185,0.752,4.545524e+03,3.120843e-02,3.1756,3.325,0,1,60,1124,70,79
887,1273,2160,0.410648,0.757,4.592078e+03,7.071904e-03,3.1745,3.3271,0,7,128,1123,70,79
888,1272,2160,0.411111,0.756,4.605681e+03,2.765551e-02,3.1728,3.3109,0,1,134,1122,70,79
889,1271,2160,0.411574,0.752,4.627286e+03,1.930087e-01,3.1757,3.3283,1,2,1,1122,69,79
890,1270,2160,0.412037,0.734,4.866649e+03,3.181455e-02,3.1691,3.3122,0,1,33,1121,69,79
891,1269,2160,0.4125,0.736,4.894473e+03,6.332609e-03,3.1684,3.3217,0,0,96,1120,69,79
892,1268,2160,0.412963,0.736,4.896817e+03,3.377196e-02,3.176,3.2928,0,1,150,1119,69,79
893,1267,2160,0.413426,0.735,4.950155e+03,7.231281e-03,3.1726,3.3139,0,7,60,1118,69,79
894,1266,2160,0.413889,0.735,4.964710e+03,2.848874e-02,3.1886,3.3189,0,1,180,1117,69,79
895,1265,2160,0.414352,0.735,5.013682e+03,3.554761e-02,3.1714,3.3178,0,1,81,1116,69,79
896,1264,2160,0.414815,0.735,5.071252e+03,4.129869e-03,3.1853,3.3094,0,4,166,1115,69,79
897,1263,2160,0.415278,0.734,5.105774e+03,6.841340e-03,3.1771,3.3111,0,7,181,1114,69,79
898,1262,2160,0.415741,0.734,5.141560e+03,7.607877e-03,3.1712,3.3215,0,3,166,1113,69,79
899,1261,2160,0.416204,0.734,5.121409e+03,3.630783e-02,3.1939,3.336,0,1,114,1112,69,79
900,1260,2160,0.416667,0.736,5.186642e+03,8.093925e-03,3.1777,3.3032,0,3,24,1111,69,79
901,1259,2160,0.41713,0.736,5.179402e+03,6.804295e-03,3.1787,3.3264,0,6,166,1110,69,79
902,1258,2160,0.417593,0.734,5.186952e+03,2.817238e-02,3.1824,3.3292,0,1,79,1109,69,79
903,1257,2160,0.418056,0.734,5.203665e+03,3.565942e-02,3.1762,3.3239,0,1,48,1108,69,79
904,1256,2160,0.418519,0.733,5.238672e+03,7.292634e-03,3.1687,3.3223,0,7,175,1107,69,79
905,1255,2160,0.418981,0.734,5.276072e+03,1.041181e-02,3.2132,3.3374,0,8,180,1106,69,79
906,1254,2160,0.419444,0.732,5.316022e+03,8.031395e-03,3.1872,3.3095,0,9,134,1105,69,79
907,1253,2160,0.419907,0.732,5.339747e+03,3.757747e-02,3.17,3.3142,0,1,76,1104,69,79
908,1252,2160,0.42037,0.729,5.416211e+03,7.161726e-03,3.1945,3.3115,0,6,92,1103,69,79
909,1251,2160,0.420833,0.728,5.426288e+03,8.363101e-03,3.1706,3.313,0,9,156,1102,69,79
910,1250,2160,0.421296,0.728,5.434182e+03,6.670319e-03,3.1787,3.3187,0,0,156,1101,69,79
911,1249,2160,0.421759,0.728,5.407094e+03,3.368123e-03,3.178,3.3139,2,1,0,1101,69,78
912,1248,2160,0.422222,0.728,5.384402e+03,8.200375e-03,3.1734,3.3294,0,3,10,1100,69,78
913,1247,2160,0.422685,0.728,5.393382e+03,7.515766e-03,3.1748,3.3136,0,7,109,1099,69,78
914,1246,2160,0.423148,0.727,5.415447e+03,1.059878e-02,3.1731,3.3098,0,8,92,1098,69,78
915,1245,2160,0.423611,0.729,5.407140e+03,1.075080e-02,3.1878,3.3135,0,8,156,1097,69,78
916,1244,2160,0.424074,0.732,5.419393e+03,6.960741e-03,3.1726,3.3124,0,6,109,1096,69,78
917,1243,2160,0.424537,0.73,5.427845e+03,3.836949e-02,3.1824,3.3052,0,1,161,1095,69,78
918,1242,2160,0.425,0.729,5.520680e+03,7.481822e-03,3.1724,3.317,0,7,126,1094,69,78
919,1241,2160,0.425463,0.729,5.542139e+03,7.249374e-03,3.1845,3.3084,0,6,99,1093,69,78
920,1240,2160,0.425926,0.731,5.568315e+03,7.210295e-03,3.2042,3.325,0,7,99,1092,69,78
921,1239,2160,0.426389,0.732,5.539591e+03,3.094111e-02,3.1865,3.3104,0,1,78,1091,69,78
922,1238,2160,0.426852,0.731,5.601860e+03,3.167341e-02,3.1767,3.3234,0,1,107,1090,69,78
923,1237,2160,0.427315,0.73,5.698634e+03,1.881412e-01,3.173,3.32,1,5,1,1090,68,78
924,1236,2160,0.427778,0.724,5.886050e+03,4.244448e-02,3.1796,3.3195,0,1,138,1089,68,78
925,1235,2160,0.428241,0.724,5.762645e+03,3.875244e-02,3.1643,3.3035,0,1,68,1088,68,78
926,1234,2160,0.428704,0.723,5.797201e+03,3.774483e-03,3.1885,3.2993,0,4,126,1087,68,78
927,1233,2160,0.429167,0.723,5.826039e+03,3.923555e-02,3.1838,3.3031,0,1,34,1086,68,78
928,1232,2160,0.42963,0.723,5.924158e+03,8.555739e-03,3.1745,3.3152,0,3,187,1085,68,78
929,1231,2160,0.430093,0.723,5.903268e+03,3.390913e-02,3.1772,3.3133,0,1,115,1084,68,78
930,1230,2160,0.430556,0.722,5.897000e+03,4.074886e-02,3.1879,3.3159,0,1,177,1083,68,78
931,1229,2160,0.431019,0.722,5.971473e+03,3.416237e-02,3.1668,3.3013,0,1,87,1082,68,78
932,1228,2160,0.431481,0.722,5.970352e+03,4.481006e-02,3.1822,3.3198,0,1,50,1081,68,78
933,1227,2160,0.431944,0.722,6.085936e+03,7.176949e-03,3.1797,3.3137,0,7,177,1080,68,78
934,1226,2160,0.432407,0.722,6.100981e+03,8.331139e-03,3.1621,3.3221,0,2,37,1079,68,78
935,1225,2160,0.43287,0.721,6.139905e+03,4.391279e-03,3.1849,3.3185,0,4,9,1078,68,78
936,1224,2160,0.433333,0.721,6.175555e+03,4.842722e-02,3.1673,3.3121,0,1,61,1077,68,78
937,1223,2160,0.433796,0.723,6.285116e+03,8.580213e-03,3.1869,3.305,0,3,132,1076,68,78
938,1222,2160,0.434259,0.726,6.267460e+03,8.617185e-03,3.1816,3.317,0,9,19,1075,68,78
939,1221,2160,0.434722,0.725,6.253439e+03,1.083300e-02,3.1929,3.3042,0,8,162,1074,68,78
940,1220,2160,0.435185,0.723,6.254002e+03,3.534771e-02,3.184,3.3152,0,1,121,1073,68,78
941,1219,2160,0.435648,0.722,6.240015e+03,5.134677e-02,3.1992,3.3069,0,1,128,1072,68,78
942,1218,2160,0.436111,0.721,6.314329e+03,1.071550e-02,3.1687,3.3292,0,8,19,1071,68,78
943,1217,2160,0.436574,0.721,6.321128e+03,7.634341e-03,3.1908,3.3286,0,7,190,1070,68,78
944,1216,2160,0.437037,0.721,6.346477e+03,1.101321e-02,3.1919,3.3211,0,8,139,1069,68,78
945,1215,2160,0.4375,0.721,6.373711e+03,7.803210e-03,3.1753,3.3157,0,7,71,1068,68,78
946,1214,2160,0.437963,0.721,6.405483e+03,8.809242e-03,3.172,3.2952,0,2,24,1067,68,78
947,1213,2160,0.438426,0.723,6.441104e+03,8.824539e-03,3.1649,3.3094,0,3,17,1066,68,78
948,1212,2160,0.438889,0.724,6.472132e+03,7.626493e-03,3.1767,3.3087,0,6,130,1065,68,78
949,1211,2160,0.439352,0.725,6.491299e+03,8.956004e-03,3.1755,3.3249,0,3,154,1064,68,78
950,1210,2160,0.439815,0.725,6.478688e+03,6.978795e-03,3.1687,3.3147,0,0,14,1063,68,78
951,1209,2160,0.440278,0.724,6.512850e+03,7.478260e-03,3.2011,3.3218,0,6,154,1062,68,78
952,1208,2160,0.440741,0.723,6.507362e+03,8.885996e-03,3.1872,3.3112,0,2,144,1061,68,78
953,1207,2160,0.441204,0.722,6.542534e+03,7.476944e-03,3.1768,3.3124,0,6,17,1060,68,78
954,1206,2160,0.441667,0.72,6.548888e+03,4.079121e-02,3.1691,3.3087,0,1,133,1059,68,78
955,1205,2160,0.44213,0.72,6.634297e+03,5.519865e-02,3.1844,3.3,0,1,63,1058,68,78
956,1204,2160,0.442593,0.719,6.634277e+03,8.784433e-03,3.1774,3.3023,0,2,193,1057,68,78
957,1203,2160,0.443056,0.719,6.678831e+03,8.808578e-03,3.1812,3.3098,0,9,74,1056,68,78
958,1202,2160,0.443519,0.718,6.686057e+03,7.681551e-03,3.1898,3.3563,0,6,5,1055,68,78
959,1201,2160,0.443981,0.72,6.708592e+03,5.749619e-02,3.1825,3.3163,0,1,145,1054,68,78
960,1200,2160,0.444444,0.722,6.899705e+03,1.120034e-02,3.1787,3.325,0,8,66,1053,68,78
961,1199,2160,0.444907,0.722,6.866850e+03,9.120267e-03,3.1848,3.3138,0,2,63,1052,68,78
962,1198,2160,0.44537,0.72,6.865819e+03,9.033947e-03,3.2289,3.3152,0,2,14,1051,68,78
963,1197,2160,0.445833,0.721,6.893196e+03,9.061287e-03,3.1649,3.3161,0,2,40,1050,68,78
964,1196,2160,0.446296,0.72,6.922142e+03,7.038449e-03,3.1827,3.3005,0,0,95,1049,68,78
965,1195,2160,0.446759,0.72,6.915883e+03,1.127836e-02,3.1678,3.3078,0,8,1,1048,68,78
966,1194,2160,0.447222,0.721,6.924098e+03,4.046616e-02,3.1848,3.307,0,1,135,1047,68,78
967,1193,2160,0.447685,0.719,6.875141e+03,6.206018e-02,3.183,3.316,0,1,118,1046,68,78
968,1192,2160,0.448148,0.72,6.967428e+03,7.945151e-03,3.1744,3.3186,0,7,2,1045,68,78
969,1191,2160,0.448611,0.72,7.023734e+03,1.118890e-02,3.1911,3.3102,0,8,96,1044,68,78
970,1190,2160,0.449074,0.719,7.062050e+03,9.173740e-03,3.1777,3.3213,0,2,184,1043,68,78
971,1189,2160,0.449537,0.719,7.109111e+03,9.018535e-03,3.1987,3.3089,0,9,50,1042,68,78
972,1188,2160,0.45,0.717,7.114183e+03,4.114046e-02,3.183,3.3301,0,1,103,1041,68,78
973,1187,2160,0.450463,0.716,7.088341e+03,5.997261e-02,3.2092,3.3142,0,1,143,1040,68,78
974,1186,2160,0.450926,0.716,7.131196e+03,8.925359e-03,3.1709,3.3271,0,9,6,1039,68,78
975,1185,2160,0.451389,0.716,7.172694e+03,9.207884e-03,3.1833,3.3193,0,2,104,1038,68,78
976,1184,2160,0.451852,0.716,7.219157e+03,9.445824e-03,3.1864,3.3127,0,2,133,1037,68,78
977,1183,2160,0.452315,0.713,7.266753e+03,6.721066e-02,3.1832,3.3128,0,1,105,1036,68,78
978,1182,2160,0.452778,0.717,7.516157e+03,8.261296e-03,3.1796,3.3225,0,6,141,1035,68,78
979,1181,2160,0.453241,0.718,7.494918e+03,9.528468e-03,3.1885,3.3224,0,3,172,1034,68,78
980,1180,2160,0.453704,0.718,7.454321e+03,3.567043e-03,3.1938,3.33,1,4,2,1034,67,78
981,1179,2160,0.454167,0.719,7.387771e+03,9.526765e-03,3.1813,3.3165,0,3,191,1033,67,78
982,1178,2160,0.45463,0.717,7.375257e+03,8.098294e-03,3.1896,3.3256,0,6,139,1032,67,78
983,1177,2160,0.455093,0.715,7.396759e+03,8.060052e-03,3.1816,3.328,0,6,180,1031,67,78
984,1176,2160,0.455556,0.717,7.441993e+03,8.382785e-03,3.1886,3.3205,0,7,169,1030,67,78
985,1175,2160,0.456019,0.717,7.498162e+03,9.470165e-03,3.1938,3.3116,0,3,3,1029,67,78
986,1174,2160,0.456481,0.717,7.508144e+03,7.909457e-03,3.2005,3.3037,0,6,6,1028,67,78
987,1173,2160,0.456944,0.717,7.519396e+03,6.963695e-03,3.19,3.3229,0,7,6,1027,67,78
988,1172,2160,0.457407,0.717,7.463557e+03,4.129919e-02,3.1831,3.308,0,1,92,1026,67,78
989,1171,2160,0.45787,0.717,7.444719e+03,7.319061e-02,3.172,3.3102,0,1,137,1025,67,78
990,1170,2160,0.458333,0.717,7.582485e+03,9.109916e-03,3.1761,3.3211,0,2,141,1024,67,78
991,1169,2160,0.458796,0.716,7.612919e+03,7.958641e-03,3.1854,3.3146,0,6,162,1023,67,78
992,1168,2160,0.459259,0.715,7.647108e+03,9.176980e-03,3.1756,3.3305,0,3,70,1022,67,78
993,1167,2160,0.459722,0.716,7.702682e+03,3.898147e-02,3.1722,3.3225,0,1,108,1021,67,78
994,1166,2160,0.460185,0.714,7.644386e+03,7.809990e-02,3.1772,3.3058,0,1,91,1020,67,78
995,1165,2160,0.460648,0.717,7.819031e+03,9.254944e-03,3.1854,3.3166,0,9,193,1019,67,78
996,1164,2160,0.461111,0.717,7.828441e+03,8.367090e-03,3.1901,3.3087,0,7,13,1018,67,78
997,1163,2160,0.461574,0.716,7.862649e+03,9.641911e-03,3.2014,3.3324,0,3,155,1017,67,78
998,1162,2160,0.462037,0.715,7.848636e+03,8.604907e-03,3.2006,3.3193,0,7,74,1016,67,78
999,1161,2160,0.4625,0.717,7.859745e+03,9.634824e-03,3.1952,3.3143,0,9,24,1015,67,78
1000,1160,2160,0.462963,0.718,7.867348e+03,7.119317e-03,3.1717,3.323,0,0,74,1014,67,78
1001,1159,2160,0.463426,0.716,7.823053e+03,4.944856e-03,3.1984,3.3195,0,4,24,1013,67,78
1002,1158,2160,0.463889,0.716,7.864923e+03,3.885995e-02,3.199,3.3206,0,1,106,1012,67,78
1003,1157,2160,0.464352,0.715,7.788217e+03,1.364193e-01,3.178,3.3104,1,3,1,1012,66,78
1004,1156,2160,0.464815,0.71,7.847316e+03,7.651356e-02,3.1859,3.3176,0,1,38,1011,66,78
1005,1155,2160,0.465278,0.711,7.820609e+03,8.110102e-02,3.1861,3.3251,0,1,77,1010,66,78
1006,1154,2160,0.465741,0.71,7.802635e+03,6.003273e-02,3.1894,3.3122,0,1,89,1009,66,78
1007,1153,2160,0.466204,0.711,7.788137e+03,5.435748e-02,3.1911,3.3188,0,1,120,1008,66,78
1008,1152,2160,0.466667,0.711,7.775863e+03,4.053205e-02,3.187,3.2941,0,1,122,1007,66,78
1009,1151,2160,0.46713,0.711,7.765426e+03,1.266529e-01,3.2126,3.3208,0,1,144,1006,66,78
1010,1150,2160,0.467593,0.711,7.756067e+03,7.370486e-02,3.177,3.3347,0,1,160,1005,66,78
1011,1149,2160,0.468056,0.711,7.747637e+03,7.793313e-03,3.2038,3.3286,0,3,13,1004,66,78
1012,1148,2160,0.468519,0.712,7.761055e+03,9.079121e-03,3.1734,3.3252,0,3,95,1003,66,78
1013,1147,2160,0.468981,0.711,7.770665e+03,4.656419e-03,3.1777,3.3192,0,4,13,1002,66,78
1014,1146,2160,0.469444,0.712,7.786646e+03,9.200773e-03,3.1731,3.3137,0,9,175,1001,66,78
1015,1145,2160,0.469907,0.713,7.809425e+03,9.153442e-03,3.1815,3.3245,0,3,163,1000,66,78
1016,1144,2160,0.47037,0.713,7.816949e+03,5.271451e-03,3.1749,3.3388,0,4,165,999,66,78
1017,1143,2160,0.470833,0.713,7.848039e+03,1.222679e-02,3.1877,3.3225,0,8,143,998,66,78
1018,1142,2160,0.471296,0.712,7.877167e+03,9.790455e-03,3.1787,3.3198,0,9,141,997,66,78
1019,1141,2160,0.471759,0.712,7.895901e+03,1.190636e-02,3.1923,3.3346,0,8,165,996,66,78
1020,1140,2160,0.472222,0.713,7.923154e+03,7.813179e-03,3.1731,3.316,0,0,121,995,66,78
1021,1139,2160,0.472685,0.715,7.935225e+03,8.359078e-03,3.1816,3.3195,0,6,69,994,66,78
1022,1138,2160,0.473148,0.712,7.982434e+03,8.652032e-03,3.171,3.307,0,7,178,993,66,78
1023,1137,2160,0.473611,0.711,8.037697e+03,8.606273e-03,3.1758,3.294,0,7,107,992,66,78
1024,1136,2160,0.474074,0.713,8.073441e+03,9.926051e-03,3.1789,3.3084,0,2,165,991,66,78
1025,1135,2160,0.474537,0.713,8.081460e+03,9.929050e-03,3.1767,3.311,0,2,12,990,66,78
1026,1134,2160,0.475,0.712,8.143863e+03,7.784220e-03,3.1793,3.3205,0,0,193,989,66,78
1027,1133,2160,0.475463,0.711,8.146829e+03,9.968694e-03,3.1784,3.3183,0,2,19,988,66,78
1028,1132,2160,0.475926,0.712,8.197114e+03,9.980763e-03,3.1773,3.3195,0,9,110,987,66,78
1029,1131,2160,0.476389,0.712,8.224292e+03,1.223781e-02,3.1906,3.3083,0,8,20,986,66,78
1030,1130,2160,0.476852,0.712,8.256322e+03,9.764916e-03,3.2164,3.3025,0,3,1,985,66,78
1031,1129,2160,0.477315,0.712,8.312260e+03,8.455287e-03,3.1962,3.3228,0,6,12,984,66,78
1032,1128,2160,0.477778,0.713,8.343290e+03,5.541368e-03,3.1744,3.3075,0,4,58,983,66,78
1033,1127,2160,0.478241,0.714,8.353742e+03,8.620756e-03,3.1868,3.3144,0,6,81,982,66,78
1034,1126,2160,0.478704,0.713,8.362278e+03,1.214298e-02,3.1699,3.3102,0,8,58,981,66,78
1035,1125,2160,0.479167,0.71,8.367481e+03,1.217933e-02,3.1749,3.3042,0,8,107,980,66,78
1036,1124,2160,0.47963,0.711,8.362704e+03,9.954005e-03,3.1796,3.3172,0,9,177,979,66,78
1037,1123,2160,0.480093,0.709,8.371776e+03,8.508933e-03,3.1954,3.3285,0,6,125,978,66,78
1038,1122,2160,0.480556,0.709,8.418859e+03,8.503801e-03,3.2006,3.3181,0,7,20,977,66,78
1039,1121,2160,0.481019,0.709,8.419715e+03,1.231945e-02,3.1958,3.3158,0,8,81,976,66,78
1040,1120,2160,0.481481,0.708,8.403859e+03,5.431795e-03,3.2118,3.3192,0,4,147,975,66,78
1041,1119,2160,0.481944,0.709,8.418913e+03,8.619110e-03,3.2144,3.3233,0,6,134,974,66,78
1042,1118,2160,0.482407,0.711,8.439747e+03,9.134694e-03,3.1739,3.3145,0,7,86,973,66,78
1043,1117,2160,0.48287,0.711,8.468339e+03,8.576617e-03,3.1705,3.3239,0,6,194,972,66,78
1044,1116,2160,0.483333,0.712,8.512845e+03,9.664250e-03,3.1759,3.3203,0,3,194,971,66,78
1045,1115,2160,0.483796,0.711,8.445801e+03,1.005470e-02,3.1755,3.3221,0,3,29,970,66,78
1046,1114,2160,0.484259,0.711,8.497973e+03,1.240115e-02,3.1848,3.2985,0,8,193,969,66,78
1047,1113,2160,0.484722,0.716,8.540414e+03,1.012081e-02,3.1876,3.3068,0,9,125,968,66,78
1048,1112,2160,0.485185,0.715,8.588526e+03,8.533576e-03,3.1792,3.3226,0,6,153,967,66,78
1049,1111,2160,0.485648,0.713,8.656332e+03,9.967662e-03,3.1711,3.3037,0,2,0,966,66,78
1050,1110,2160,0.486111,0.715,8.742712e+03,1.024322e-02,3.181,3.3147,0,9,106,965,66,78
1051,1109,2160,0.486574,0.713,8.777464e+03,1.021337e-02,3.1771,3.3279,0,2,3,964,66,78
1052,1108,2160,0.487037,0.714,8.832513e+03,7.494054e-03,3.1881,0.4894,0,0,191,963,66,78
1053,1107,2160,0.4875,0.711,8.934283e+03,8.303676e-03,3.1648,3.3257,0,0,170,962,66,78
1054,1106,2160,0.487963,0.714,8.907515e+03,9.470170e-03,3.1784,3.3271,0,9,170,961,66,78
1055,1105,2160,0.488426,0.714,8.844590e+03,1.276772e-02,3.1749,3.3113,0,8,122,960,66,78
1056,1104,2160,0.488889,0.714,8.888467e+03,9.037155e-03,3.1778,3.3263,0,7,173,959,66,78
1057,1103,2160,0.489352,0.714,8.926028e+03,1.113620e-01,3.1925,3.3181,2,5,8,959,66,77
1058,1102,2160,0.489815,0.692,9.268701e+03,1.290791e-01,3.1762,3.3303,1,8,2,959,65,77
1059,1101,2160,0.490278,0.692,9.225858e+03,1.610707e-01,3.1761,3.3181,1,8,3,959,64,77
1060,1100,2160,0.490741,0.692,9.194995e+03,3.735048e-02,3.1866,3.3118,1,8,4,959,63,77
1061,1099,2160,0.491204,0.692,9.171351e+03,1.327734e-01,3.1927,3.3168,1,8,6,959,62,77
1062,1098,2160,0.491667,0.692,9.152307e+03,1.772524e-01,3.1852,3.3284,1,8,9,959,61,77
1063,1097,2160,0.49213,0.692,9.136593e+03,1.032099e-02,3.1845,3.3259,0,2,59,958,61,77
1064,1096,2160,0.492593,0.69,9.228373e+03,5.244938e-03,3.1686,3.3307,0,4,0,957,61,77
1065,1095,2160,0.493056,0.689,9.323447e+03,9.277893e-03,3.1815,3.308,0,7,62,956,61,77
1066,1094,2160,0.493519,0.69,9.380885e+03,8.376438e-03,3.1729,3.3146,0,6,0,955,61,77
1067,1093,2160,0.493981,0.688,9.411185e+03,1.046778e-02,3.1813,3.3219,0,2,170,954,61,77
1068,1092,2160,0.494444,0.689,9.490957e+03,5.197168e-03,3.1748,3.3129,0,4,62,953,61,77
1069,1091,2160,0.494907,0.689,9.479498e+03,8.965253e-03,3.1728,3.3074,0,7,59,952,61,77
1070,1090,2160,0.49537,0.689,9.505595e+03,1.028801e-02,3.1703,3.3123,0,3,2,951,61,77
1071,1089,2160,0.495833,0.689,9.601412e+03,4.526825e-03,3.169,3.3175,1,4,6,951,60,77
1072,1088,2160,0.496296,0.688,9.578118e+03,8.813275e-03,3.1786,3.3227,0,6,193,950,60,77
1073,1087,2160,0.496759,0.689,9.642427e+03,4.868573e-03,3.1943,3.3112,0,4,193,949,60,77
1074,1086,2160,0.497222,0.689,9.670393e+03,7.258789e-03,3.1813,3.3245,0,7,193,948,60,77
1075,1085,2160,0.497685,0.689,9.635383e+03,8.417315e-03,3.1971,3.3141,0,0,123,947,60,77
1076,1084,2160,0.498148,0.689,9.699963e+03,1.319413e-02,3.1965,3.3074,0,8,69,946,60,77
1077,1083,2160,0.498611,0.691,9.790635e+03,1.013863e-02,3.2115,3.322,0,3,69,945,60,77
1078,1082,2160,0.499074,0.69,9.817645e+03,1.072056e-02,3.1761,3.3,0,3,170,944,60,77
1079,1081,2160,0.499537,0.691,9.793543e+03,5.927524e-03,3.1827,3.3095,1,5,9,944,59,77
1080,1080,2160,0.5,0.692,9.775339e+03,1.073331e-02,3.1739,3.3291,0,2,4,943,59,77
1081,1079,2160,0.500463,0.691,9.892298e+03,1.331460e-02,3.1905,3.332,0,8,4,942,59,77
1082,1078,2160,0.500926,0.694,9.981869e+03,1.318840e-02,3.1831,3.3102,0,8,55,941,59,77
1083,1077,2160,0.501389,0.691,1.008522e+04,1.081972e-02,3.1984,3.3237,0,3,61,940,59,77
1084,1076,2160,0.501852,0.691,1.015392e+04,8.408989e-03,3.1899,3.3325,0,0,183,939,59,77
1085,1075,2160,0.502315,0.691,1.023626e+04,1.131831e-02,3.1851,3.3317,0,9,44,938,59,77
1086,1074,2160,0.502778,0.693,1.028860e+04,9.183517e-03,3.1893,3.3035,0,7,55,937,59,77
1087,1073,2160,0.503241,0.694,1.032626e+04,1.100374e-02,3.1951,3.3394,0,3,51,936,59,77
1088,1072,2160,0.503704,0.694,1.033554e+04,1.128625e-02,3.179,3.3209,0,2,38,935,59,77
1089,1071,2160,0.504167,0.694,1.041397e+04,1.005637e-02,3.1766,3.3244,0,7,103,934,59,77
1090,1070,2160,0.50463,0.692,1.045733e+04,9.809820e-03,3.1691,3.3098,0,7,10,933,59,77
1091,1069,2160,0.505093,0.694,1.048126e+04,6.330645e-03,3.1801,3.3089,0,4,15,932,59,77
1092,1068,2160,0.505556,0.695,1.049716e+04,1.388053e-02,3.1723,3.3057,0,8,36,931,59,77
1093,1067,2160,0.506019,0.694,1.049376e+04,1.147018e-02,3.177,3.3158,0,2,8,930,59,77
1094,1066,2160,0.506481,0.691,1.054597e+04,1.007508e-02,3.1877,3.3093,0,7,19,929,59,77
1095,1065,2160,0.506944,0.693,1.056853e+04,1.037049e-02,3.1742,3.3278,0,7,100,928,59,77
1096,1064,2160,0.507407,0.693,1.058908e+04,1.434697e-02,3.1775,3.3169,0,8,103,927,59,77
1097,1063,2160,0.50787,0.691,1.058227e+04,1.152277e-02,3.196,3.3282,0,3,43,926,59,77
1098,1062,2160,0.508333,0.69,1.058525e+04,9.618457e-03,3.2102,3.3233,0,6,60,925,59,77
1099,1061,2160,0.508796,0.69,1.065133e+04,1.019018e-02,3.1875,3.3203,0,7,137,924,59,77
1100,1060,2160,0.509259,0.691,1.072155e+04,9.735501e-03,3.1943,3.3074,0,6,115,923,59,77
1101,1059,2160,0.509722,0.69,1.077741e+04,1.173013e-02,3.1892,3.2979,0,2,30,922,59,77
1102,1058,2160,0.510185,0.69,1.086717e+04,1.188736e-02,3.1864,3.3182,0,9,63,921,59,77
1103,1057,2160,0.510648,0.693,1.091040e+04,1.159044e-02,3.1899,3.31,0,3,57,920,59,77
1104,1056,2160,0.511111,0.692,1.094731e+04,1.185523e-02,3.1983,3.3121,0,2,148,919,59,77
1105,1055,2160,0.511574,0.691,1.100370e+04,9.252203e-03,3.1812,3.3226,0,0,142,918,59,77
1106,1054,2160,0.512037,0.688,1.101031e+04,9.483408e-03,3.1848,3.3146,0,6,142,917,59,77
1107,1053,2160,0.5125,0.691,1.104152e+04,1.078925e-02,3.1942,3.332,0,9,142,916,59,77
1108,1052,2160,0.512963,0.69,1.095905e+04,6.015856e-03,3.1745,3.3306,0,4,30,915,59,77
1109,1051,2160,0.513426,0.69,1.098111e+04,1.051637e-02,3.2019,3.3068,0,2,142,914,59,77
1110,1050,2160,0.513889,0.689,1.092253e+04,1.136073e-02,3.1744,3.3274,0,9,137,913,59,77
1111,1049,2160,0.514352,0.691,1.091926e+04,1.228748e-02,3.1888,3.3136,0,9,97,912,59,77
1112,1048,2160,0.514815,0.691,1.096099e+04,1.197733e-02,3.1757,3.3029,0,3,146,911,59,77
1113,1047,2160,0.515278,0.692,1.093309e+04,1.448231e-02,3.1893,3.3132,0,8,115,910,59,77
1114,1046,2160,0.515741,0.692,1.093059e+04,8.863275e-03,3.1922,3.3223,0,0,97,909,59,77
1115,1045,2160,0.516204,0.691,1.097918e+04,1.224849e-02,3.1937,3.3281,0,9,98,908,59,77
1116,1044,2160,0.516667,0.693,1.104808e+04,1.044089e-02,3.205,3.3252,0,7,57,907,59,77
1117,1043,2160,0.51713,0.695,1.108199e+04,6.549080e-03,3.1809,3.3159,0,4,111,906,59,77
1118,1042,2160,0.517593,0.694,1.115561e+04,1.224737e-02,3.1751,3.336,0,2,127,905,59,77
1119,1041,2160,0.518056,0.694,1.125632e+04,1.262803e-02,3.1641,3.3003,0,9,120,904,59,77
1120,1040,2160,0.518519,0.696,1.130088e+04,1.487125e-02,3.1849,3.3226,0,8,28,903,59,77
1121,1039,2160,0.518981,0.693,1.135652e+04,9.558390e-03,3.1851,3.3022,0,0,23,902,59,77
1122,1038,2160,0.519444,0.695,1.136429e+04,1.068184e-02,3.1881,3.3143,0,7,110,901,59,77
1123,1037,2160,0.519907,0.693,1.143348e+04,1.223246e-02,3.1927,3.3334,0,2,140,900,59,77
1124,1036,2160,0.52037,0.692,1.154131e+04,1.185987e-02,3.1892,3.321,0,3,55,899,59,77
1125,1035,2160,0.520833,0.693,1.166574e+04,1.212592e-02,3.2018,3.3093,0,3,65,898,59,77
1126,1034,2160,0.521296,0.694,1.166342e+04,1.061327e-02,3.1792,3.313,0,7,41,897,59,77
1127,1033,2160,0.521759,0.694,1.176936e+04,1.267725e-02,3.1785,3.3345,0,9,195,896,59,77
1128,1032,2160,0.522222,0.692,1.184634e+04,9.363842e-03,3.1985,3.3245,0,0,195,895,59,77
1129,1031,2160,0.522685,0.692,1.178865e+04,1.023623e-02,3.1864,3.3235,0,6,104,894,59,77
1130,1030,2160,0.523148,0.693,1.188145e+04,1.036827e-02,3.1773,3.3352,0,6,127,893,59,77
1131,1029,2160,0.523611,0.693,1.192943e+04,1.242304e-02,3.178,3.3304,0,9,65,892,59,77
1132,1028,2160,0.524074,0.692,1.195160e+04,1.244757e-02,3.1911,3.3291,0,2,57,891,59,77
1133,1027,2160,0.524537,0.692,1.200790e+04,1.275461e-02,3.1842,3.3233,0,9,59,890,59,77
1134,1026,2160,0.525,0.692,1.205913e+04,1.041829e-02,3.1994,3.3169,0,6,113,889,59,77
1135,1025,2160,0.525463,0.69,1.214074e+04,1.101523e-02,3.1819,3.3305,0,7,165,888,59,77
1136,1024,2160,0.525926,0.689,1.222335e+04,1.243090e-02,3.1803,3.3318,0,2,97,887,59,77
1137,1023,2160,0.526389,0.689,1.234095e+04,1.105800e-02,3.1638,3.3235,0,7,36,886,59,77
1138,1022,2160,0.526852,0.692,1.239849e+04,1.229380e-02,3.1967,3.3304,0,3,41,885,59,77
1139,1021,2160,0.527315,0.692,1.234856e+04,1.026801e-02,3.1656,3.3212,0,6,18,884,59,77
1140,1020,2160,0.527778,0.691,1.243090e+04,9.455116e-03,3.1803,3.3327,0,0,140,883,59,77
1141,1019,2160,0.528241,0.691,1.250007e+04,1.236362e-02,3.2052,3.3304,0,3,133,882,59,77
1142,1018,2160,0.528704,0.692,1.251111e+04,1.246821e-02,3.1862,3.3158,0,2,66,881,59,77
1143,1017,2160,0.529167,0.691,1.258399e+04,1.235336e-02,3.1882,3.3306,0,3,102,880,59,77
1144,1016,2160,0.52963,0.691,1.258417e+04,6.675585e-03,3.1909,3.3203,0,4,186,879,59,77
1145,1015,2160,0.530093,0.692,1.267302e+04,1.268163e-02,3.2028,3.3295,0,2,36,878,59,77
1146,1014,2160,0.530556,0.69,1.274333e+04,7.127962e-03,3.1959,3.3134,0,4,157,877,59,77
1147,1013,2160,0.531019,0.69,1.277234e+04,1.274372e-02,3.1781,3.3202,0,2,107,876,59,77
1148,1012,2160,0.531481,0.691,1.283124e+04,1.144774e-02,3.1861,3.3177,0,3,157,875,59,77
1149,1011,2160,0.531944,0.694,1.274862e+04,1.224889e-02,3.1754,3.3146,0,9,186,874,59,77
1150,1010,2160,0.532407,0.695,1.271871e+04,1.533076e-02,3.1825,3.3023,0,8,138,873,59,77
1151,1009,2160,0.53287,0.692,1.274836e+04,1.277825e-02,3.1949,3.3243,0,9,18,872,59,77
1152,1008,2160,0.533333,0.693,1.281248e+04,9.751015e-03,3.1617,3.3101,0,0,58,871,59,77
1153,1007,2160,0.533796,0.694,1.288133e+04,1.321202e-02,3.1927,3.3161,0,9,173,870,59,77
1154,1006,2160,0.534259,0.693,1.294333e+04,1.558041e-02,3.1828,3.3164,0,8,120,869,59,77
1155,1005,2160,0.534722,0.694,1.297353e+04,9.652286e-03,3.2091,3.3271,0,0,42,868,59,77
1156,1004,2160,0.535185,0.694,1.305932e+04,1.340135e-02,3.1934,3.3206,0,9,22,867,59,77
1157,1003,2160,0.535648,0.694,1.311284e+04,1.287891e-02,3.1791,3.3186,0,2,155,866,59,77
1158,1002,2160,0.536111,0.695,1.321634e+04,1.027083e-02,3.1831,3.3179,0,6,22,865,59,77
1159,1001,2160,0.536574,0.695,1.327393e+04,1.241872e-02,3.1731,3.3048,0,2,41,864,59,77
1160,1000,2160,0.537037,0.694,1.339839e+04,1.054754e-02,3.1924,3.3164,0,6,138,863,59,77
1161,999,2160,0.5375,0.697,1.348814e+04,9.201711e-03,3.1926,3.3287,0,0,138,862,59,77
1162,998,2160,0.537963,0.697,1.345892e+04,1.123373e-02,3.1943,3.3254,0,7,186,861,59,77
1163,997,2160,0.538426,0.696,1.354224e+04,1.645730e-02,3.1911,3.3321,0,8,104,860,59,77
1164,996,2160,0.538889,0.692,1.357971e+04,1.247917e-02,3.1923,3.3264,0,3,8,859,59,77
1165,995,2160,0.539352,0.691,1.371274e+04,1.596712e-02,3.1794,3.3126,0,8,153,858,59,77
1166,994,2160,0.539815,0.691,1.383571e+04,1.297626e-02,3.2124,3.3366,0,3,108,857,59,77
1167,993,2160,0.540278,0.692,1.385522e+04,6.774789e-03,3.2036,3.3351,0,4,153,856,59,77
1168,992,2160,0.540741,0.692,1.393933e+04,1.644364e-02,3.1886,3.3158,0,8,40,855,59,77
1169,991,2160,0.541204,0.69,1.406497e+04,1.623197e-02,3.195,3.3203,0,8,154,854,59,77
1170,990,2160,0.541667,0.692,1.411919e+04,1.307251e-02,3.2016,3.3327,0,3,96,853,59,77
1171,989,2160,0.54213,0.691,1.412059e+04,1.013606e-02,3.1878,3.3237,0,0,167,852,59,77
1172,988,2160,0.542593,0.692,1.416175e+04,1.337809e-02,3.194,3.3076,0,2,58,851,59,77
1173,987,2160,0.543056,0.688,1.421537e+04,1.224508e-02,3.1846,3.3203,0,9,58,850,59,77
1174,986,2160,0.543519,0.69,1.411286e+04,9.626238e-03,3.2023,3.3159,0,7,167,849,59,77
1175,985,2160,0.543981,0.689,1.414282e+04,1.641516e-02,3.1841,3.3126,0,8,118,848,59,77
1176,984,2160,0.544444,0.687,1.422125e+04,1.371604e-02,3.1915,3.3182,0,9,176,847,59,77
1177,983,2160,0.544907,0.686,1.426553e+04,1.100862e-02,3.2253,3.3123,0,6,101,846,59,77
1178,982,2160,0.54537,0.687,1.433443e+04,1.014954e-02,3.1803,3.3334,0,0,19,845,59,77
1179,981,2160,0.545833,0.688,1.440834e+04,1.393143e-02,3.1888,3.3209,0,9,107,844,59,77
1180,980,2160,0.546296,0.688,1.447991e+04,1.357261e-02,3.1681,3.3245,0,2,53,843,59,77
1181,979,2160,0.546759,0.686,1.454455e+04,1.375756e-02,3.1792,3.3133,0,9,147,842,59,77
1182,978,2160,0.547222,0.685,1.455128e+04,7.388526e-03,3.1989,3.3223,0,4,19,841,59,77
1183,977,2160,0.547685,0.684,1.459457e+04,9.970143e-03,3.1917,3.3291,0,0,147,840,59,77
1184,976,2160,0.548148,0.685,1.455410e+04,1.661863e-02,3.222,3.2786,0,8,47,839,59,77
1185,975,2160,0.548611,0.684,1.463003e+04,1.121602e-02,3.1918,3.3169,0,6,155,838,59,77
1186,974,2160,0.549074,0.686,1.471196e+04,1.145601e-02,3.1796,3.3209,0,7,155,837,59,77
1187,973,2160,0.549537,0.685,1.462911e+04,1.011231e-02,3.1977,3.3069,0,0,60,836,59,77
1188,972,2160,0.55,0.686,1.469108e+04,1.024365e-02,3.1837,3.3205,0,0,154,835,59,77
1189,971,2160,0.550463,0.685,1.473373e+04,5.879020e-03,3.1963,3.3423,0,4,154,834,59,77
1190,970,2160,0.550926,0.685,1.471107e+04,6.972021e-03,3.1905,3.3356,0,4,184,833,59,77
1191,969,2160,0.551389,0.684,1.484930e+04,1.408274e-02,3.1807,3.3259,0,9,48,832,59,77
1192,968,2160,0.551852,0.686,1.490402e+04,1.191983e-02,3.184,3.3251,0,7,134,831,59,77
1193,967,2160,0.552315,0.688,1.495284e+04,1.195878e-02,3.1794,3.3288,0,7,176,830,59,77
1194,966,2160,0.552778,0.688,1.497386e+04,1.117706e-02,3.187,3.3178,0,6,126,829,59,77
1195,965,2160,0.553241,0.684,1.506785e+04,1.679861e-02,3.182,3.3193,0,8,82,828,59,77
1196,964,2160,0.553704,0.686,1.510742e+04,8.085857e-03,3.2031,3.3315,0,0,82,827,59,77
1197,963,2160,0.554167,0.685,1.499258e+04,1.118821e-02,3.1959,3.3298,0,6,182,826,59,77
1198,962,2160,0.55463,0.685,1.509603e+04,1.361992e-02,3.1898,3.3346,0,2,39,825,59,77
1199,961,2160,0.555093,0.685,1.519092e+04,7.474948e-03,3.1653,3.33,0,4,190,824,59,77
1200,960,2160,0.555556,0.684,1.525905e+04,1.352634e-02,3.1769,3.3368,0,3,151,823,59,77
1201,959,2160,0.556019,0.682,1.523543e+04,1.190240e-02,3.1788,3.3135,0,7,182,822,59,77
1202,958,2160,0.556481,0.683,1.522805e+04,7.201024e-03,3.1794,3.3138,0,4,7,821,59,77
1203,957,2160,0.556944,0.682,1.537687e+04,1.334739e-02,3.1681,3.3242,0,3,99,820,59,77
1204,956,2160,0.557407,0.682,1.544374e+04,7.863826e-03,3.1777,3.3039,0,4,91,819,59,77
1205,955,2160,0.55787,0.68,1.547721e+04,1.606405e-02,3.1732,3.3163,0,8,182,818,59,77
1206,954,2160,0.558333,0.675,1.539637e+04,1.219661e-02,3.1705,3.3294,0,7,28,817,59,77
1207,953,2160,0.558796,0.675,1.557722e+04,1.695122e-02,3.1854,3.3173,0,8,9,816,59,77
1208,952,2160,0.559259,0.673,1.572368e+04,7.251162e-03,3.1813,3.3387,0,4,12,815,59,77
1209,951,2160,0.559722,0.673,1.591118e+04,7.726121e-03,3.183,3.3418,0,4,21,814,59,77
1210,950,2160,0.560185,0.673,1.600826e+04,1.456163e-02,3.1747,3.339,0,9,9,813,59,77
1211,949,2160,0.560648,0.674,1.607033e+04,1.449163e-02,3.1786,3.3291,0,9,183,812,59,77
1212,948,2160,0.561111,0.673,1.625358e+04,1.405597e-02,3.1646,3.3107,0,2,111,811,59,77
1213,947,2160,0.561574,0.674,1.643865e+04,7.586743e-03,3.2079,3.3309,0,4,179,810,59,77
1214,946,2160,0.562037,0.674,1.656691e+04,1.512320e-02,3.1999,3.3297,0,9,81,809,59,77
1215,945,2160,0.5625,0.674,1.660935e+04,1.439236e-02,3.1835,3.3212,0,2,84,808,59,77
1216,944,2160,0.562963,0.673,1.672016e+04,1.423036e-02,3.1716,3.3195,0,2,191,807,59,77
1217,943,2160,0.563426,0.673,1.682869e+04,1.223025e-02,3.1777,3.3135,0,7,179,806,59,77
1218,942,2160,0.563889,0.673,1.682690e+04,1.267499e-02,3.1894,3.3226,0,7,49,805,59,77
1219,941,2160,0.564352,0.668,1.685104e+04,1.487723e-02,3.1881,3.3238,0,9,84,804,59,77
1220,940,2160,0.564815,0.671,1.675589e+04,1.428171e-02,3.1769,3.3282,0,2,136,803,59,77
1221,939,2160,0.565278,0.67,1.686036e+04,1.000545e-02,3.176,3.3043,0,0,84,802,59,77
1222,938,2160,0.565741,0.671,1.686998e+04,1.644496e-02,3.1999,3.3247,0,8,179,801,59,77
1223,937,2160,0.566204,0.674,1.690929e+04,1.187052e-02,3.2073,3.317,0,6,56,800,59,77
1224,936,2160,0.566667,0.675,1.701615e+04,1.697470e-02,3.1717,3.3272,0,8,190,799,59,77
1225,935,2160,0.56713,0.673,1.713783e+04,1.180682e-02,3.1738,3.3234,0,7,56,798,59,77
1226,934,2160,0.567593,0.671,1.710520e+04,1.211134e-02,3.1928,3.3079,0,3,56,797,59,77
1227,933,2160,0.568056,0.669,1.711485e+04,7.703295e-03,3.2007,3.3182,0,4,46,796,59,77
1228,932,2160,0.568519,0.671,1.722640e+04,7.763834e-03,3.1886,3.3053,0,4,185,795,59,77
1229,931,2160,0.568981,0.672,1.734397e+04,8.034878e-03,3.196,3.3251,0,4,176,794,59,77
1230,930,2160,0.569444,0.672,1.739265e+04,1.782327e-02,3.1657,3.312,0,8,52,793,59,77
1231,929,2160,0.569907,0.671,1.742291e+04,1.138730e-02,3.1909,3.3202,0,0,35,792,59,77
1232,928,2160,0.57037,0.669,1.743821e+04,1.282920e-02,3.1848,3.3325,0,7,35,791,59,77
1233,927,2160,0.570833,0.665,1.735313e+04,1.433634e-02,3.1837,3.3123,0,2,139,790,59,77
1234,926,2160,0.571296,0.664,1.752082e+04,7.878340e-03,3.2164,3.3244,0,4,145,789,59,77
1235,925,2160,0.571759,0.663,1.762953e+04,8.281160e-03,3.1923,3.3134,2,9,6,789,59,76
1236,924,2160,0.572222,0.661,1.757527e+04,1.416578e-02,3.171,3.3484,0,2,46,788,59,76
1237,923,2160,0.572685,0.661,1.767299e+04,1.508541e-02,3.1953,3.3272,0,9,181,787,59,76
1238,922,2160,0.573148,0.663,1.786090e+04,1.303882e-02,3.185,3.3326,0,7,37,786,59,76
1239,921,2160,0.573611,0.667,1.799794e+04,1.123225e-02,3.1806,3.3334,0,0,109,785,59,76
1240,920,2160,0.574074,0.665,1.801520e+04,1.226903e-02,3.1894,3.3357,0,6,133,784,59,76
1241,919,2160,0.574537,0.663,1.813687e+04,1.449120e-02,3.1828,3.3104,0,2,167,783,59,76
1242,918,2160,0.575,0.666,1.831632e+04,1.200794e-02,3.195,3.3186,0,6,37,782,59,76
1243,917,2160,0.575463,0.665,1.838628e+04,1.464454e-02,3.1932,3.3042,0,2,135,781,59,76
1244,916,2160,0.575926,0.665,1.854314e+04,1.358623e-02,3.1881,3.3231,0,3,46,780,59,76
1245,915,2160,0.576389,0.664,1.863929e+04,1.759383e-02,3.2153,3.3166,0,8,130,779,59,76
1246,914,2160,0.576852,0.664,1.866289e+04,1.773559e-02,3.1931,3.3253,0,8,112,778,59,76
1247,913,2160,0.577315,0.665,1.881157e+04,1.244168e-02,3.1897,3.3193,0,6,158,777,59,76
1248,912,2160,0.577778,0.666,1.891826e+04,1.351149e-02,3.1921,3.323,0,7,23,776,59,76
1249,911,2160,0.578241,0.663,1.902093e+04,1.117623e-02,3.1829,3.3264,0,0,1,775,59,76
1250,910,2160,0.578704,0.666,1.914328e+04,1.266549e-02,3.174,3.336,0,7,158,774,59,76
1251,909,2160,0.579167,0.666,1.907976e+04,8.037083e-03,3.1799,3.3231,0,4,158,773,59,76
1252,908,2160,0.57963,0.666,1.899683e+04,1.393142e-02,3.1814,3.3112,0,3,62,772,59,76
1253,907,2160,0.580093,0.666,1.906417e+04,1.130830e-02,3.1851,3.324,0,0,101,771,59,76
1254,906,2160,0.580556,0.666,1.910047e+04,1.832545e-02,3.19,3.3165,0,8,171,770,59,76
1255,905,2160,0.581019,0.666,1.917412e+04,1.773393e-02,3.1923,3.3323,0,8,15,769,59,76
1256,904,2160,0.581481,0.665,1.921223e+04,1.385969e-02,3.1857,3.3228,0,3,86,768,59,76
1257,903,2160,0.581944,0.666,1.925743e+04,1.580774e-02,3.1626,3.3093,0,9,113,767,59,76
1258,902,2160,0.582407,0.664,1.933723e+04,1.815138e-02,3.1733,3.3238,0,8,135,766,59,76
1259,901,2160,0.58287,0.664,1.937017e+04,1.231389e-02,3.1955,3.3242,0,6,191,765,59,76
1260,900,2160,0.583333,0.664,1.951425e+04,1.234374e-02,3.1859,3.3297,0,6,83,764,59,76
1261,899,2160,0.583796,0.663,1.963289e+04,8.451126e-03,3.1946,3.3167,0,4,76,763,59,76
1262,898,2160,0.584259,0.663,1.964929e+04,1.798338e-02,3.1967,3.3057,0,8,181,762,59,76
1263,897,2160,0.584722,0.666,1.978511e+04,1.253570e-02,3.1828,3.314,0,3,181,761,59,76
1264,896,2160,0.585185,0.666,1.979910e+04,1.206687e-02,3.1918,3.3204,0,3,83,760,59,76
1265,895,2160,0.585648,0.666,1.973396e+04,1.527794e-02,3.1789,3.3257,0,9,76,759,59,76
1266,894,2160,0.586111,0.665,1.976864e+04,1.213418e-02,3.1989,3.3143,0,6,190,758,59,76
1267,893,2160,0.586574,0.666,1.987691e+04,1.150401e-02,3.1737,3.3189,0,0,34,757,59,76
1268,892,2160,0.587037,0.668,1.989153e+04,1.374022e-02,3.185,3.3031,0,3,179,756,59,76
1269,891,2160,0.5875,0.668,2.002490e+04,1.584806e-02,3.1795,3.3166,0,9,73,755,59,76
1270,890,2160,0.587963,0.669,2.009199e+04,1.355877e-02,3.1847,3.3155,0,7,63,754,59,76
1271,889,2160,0.588426,0.661,2.011527e+04,8.905988e-03,3.1928,3.3281,0,4,189,753,59,76
1272,888,2160,0.588889,0.662,2.013528e+04,1.820448e-02,3.1768,3.3224,0,8,98,752,59,76
1273,887,2160,0.589352,0.659,2.026079e+04,1.185322e-02,3.1852,3.32,0,0,5,751,59,76
1274,886,2160,0.589815,0.66,2.031757e+04,1.429069e-02,3.1885,3.3167,0,3,22,750,59,76
1275,885,2160,0.590278,0.657,2.034145e+04,5.797178e-03,3.188,3.3188,0,4,22,749,59,76
1276,884,2160,0.590741,0.658,2.029332e+04,1.106733e-02,3.1904,3.3291,0,7,5,748,59,76
1277,883,2160,0.591204,0.657,2.032580e+04,1.357372e-02,3.1793,3.314,0,7,33,747,59,76
1278,882,2160,0.591667,0.659,2.044639e+04,1.599628e-02,3.174,3.3266,0,9,68,746,59,76
1279,881,2160,0.59213,0.658,2.045244e+04,1.506512e-02,3.1851,3.3115,0,2,152,745,59,76
1280,880,2160,0.592593,0.658,2.052395e+04,1.635185e-02,3.1833,3.3161,0,9,71,744,59,76
1281,879,2160,0.593056,0.658,2.066136e+04,1.205618e-02,3.1999,3.3192,0,0,157,743,59,76
1282,878,2160,0.593519,0.659,2.075805e+04,1.705598e-02,3.183,3.3239,0,9,49,742,59,76
1283,877,2160,0.593981,0.666,2.076238e+04,8.741282e-03,3.1689,3.3084,0,4,3,741,59,76
1284,876,2160,0.594444,0.664,2.090602e+04,1.338025e-02,3.1874,3.3129,0,6,40,740,59,76
1285,875,2160,0.594907,0.663,2.105553e+04,8.420944e-03,3.1807,3.3008,0,4,4,739,59,76
1286,874,2160,0.59537,0.663,2.126984e+04,9.057736e-03,3.1913,3.3361,0,4,160,738,59,76
1287,873,2160,0.595833,0.659,2.133682e+04,1.469658e-02,3.1786,3.3337,0,3,148,737,59,76
1288,872,2160,0.596296,0.66,2.132498e+04,1.669111e-02,3.1809,3.33,0,9,2,736,59,76
1289,871,2160,0.596759,0.659,2.156116e+04,1.964699e-02,3.1849,3.3141,0,8,54,735,59,76
1290,870,2160,0.597222,0.662,2.174677e+04,8.458746e-03,3.1919,3.3011,0,4,140,734,59,76
1291,869,2160,0.597685,0.659,2.202171e+04,1.738215e-02,3.1903,3.3169,0,9,130,733,59,76
1292,868,2160,0.598148,0.659,2.213300e+04,1.247324e-02,3.188,3.3131,0,0,188,732,59,76
1293,867,2160,0.598611,0.658,2.220016e+04,8.895717e-03,3.1958,3.3425,1,9,9,732,58,76
1294,866,2160,0.599074,0.659,2.211927e+04,1.467155e-02,3.1874,3.3452,0,7,51,731,58,76
1295,865,2160,0.599537,0.658,2.220102e+04,1.748529e-02,3.1753,3.3175,0,9,133,730,58,76
1296,864,2160,0.6,0.656,2.233028e+04,1.745727e-02,3.1666,3.3327,0,9,187,729,58,76
1297,863,2160,0.600463,0.657,2.239187e+04,9.315632e-03,3.1783,3.3273,0,4,51,728,58,76
1298,862,2160,0.600926,0.657,2.237455e+04,1.755231e-02,3.1834,3.3062,0,9,88,727,58,76
1299,861,2160,0.601389,0.655,2.242169e+04,1.413828e-02,3.1802,3.2967,0,6,32,726,58,76
1300,860,2160,0.601852,0.656,2.249557e+04,1.600572e-02,3.183,3.3012,0,2,147,725,58,76
1301,859,2160,0.602315,0.654,2.263518e+04,1.382241e-02,3.1806,3.3184,0,6,29,724,58,76
1302,858,2160,0.602778,0.654,2.284666e+04,8.953925e-03,3.2024,3.3402,1,5,6,724,57,76
1303,857,2160,0.603241,0.657,2.279937e+04,1.399196e-02,3.1912,3.3228,0,6,164,723,57,76
1304,856,2160,0.603704,0.656,2.291266e+04,9.276549e-03,3.161,3.3208,0,4,10,722,57,76
1305,855,2160,0.604167,0.655,2.305492e+04,1.395448e-02,3.18,3.2987,0,6,19,721,57,76
1306,854,2160,0.60463,0.654,2.323024e+04,1.784080e-02,3.1707,3.3255,0,9,158,720,57,76
1307,853,2160,0.605093,0.655,2.340502e+04,1.772726e-02,3.1792,3.3295,0,9,188,719,57,76
1308,852,2160,0.605556,0.654,2.343450e+04,1.773058e-02,3.1951,3.3063,0,9,8,718,57,76
1309,851,2160,0.606019,0.654,2.365910e+04,1.882182e-02,3.1766,3.3226,1,2,0,718,56,76
1310,850,2160,0.606481,0.653,2.369490e+04,1.372375e-02,3.1797,3.3098,0,6,25,717,56,76
1311,849,2160,0.606944,0.655,2.391326e+04,1.395721e-02,3.1751,3.3336,0,6,132,716,56,76
1312,848,2160,0.607407,0.655,2.401761e+04,1.988976e-02,3.1768,3.3359,0,8,79,715,56,76
1313,847,2160,0.60787,0.652,2.411554e+04,2.026365e-02,3.2075,3.336,0,8,166,714,56,76
1314,846,2160,0.608333,0.656,2.436595e+04,1.529565e-02,3.2192,3.3115,0,3,66,713,56,76
1315,845,2160,0.608796,0.654,2.440313e+04,1.482009e-02,3.1925,3.3324,0,7,79,712,56,76
1316,844,2160,0.609259,0.655,2.436692e+04,1.306713e-02,3.1999,3.3294,0,0,49,711,56,76
1317,843,2160,0.609722,0.654,2.440697e+04,2.089805e-02,3.1856,3.3401,0,8,68,710,56,76
1318,842,2160,0.610185,0.654,2.445835e+04,1.516205e-02,3.1766,3.3435,0,7,3,709,56,76
1319,841,2160,0.610648,0.652,2.468057e+04,1.550737e-02,3.2055,3.3159,0,7,108,708,56,76
1320,840,2160,0.611111,0.652,2.482287e+04,1.458685e-02,3.191,3.3249,0,6,131,707,56,76
1321,839,2160,0.611574,0.652,2.483208e+04,2.093464e-02,3.1976,3.3212,0,8,119,706,56,76
1322,838,2160,0.612037,0.658,2.482138e+04,1.513767e-02,3.1893,3.3213,0,7,119,705,56,76
1323,837,2160,0.6125,0.656,2.479374e+04,1.550057e-02,3.1774,3.3259,0,7,30,704,56,76
1324,836,2160,0.612963,0.654,2.499926e+04,9.211955e-03,3.1937,3.3349,0,4,182,703,56,76
1325,835,2160,0.613426,0.654,2.525426e+04,1.702243e-02,3.1855,3.3253,0,2,190,702,56,76
1326,834,2160,0.613889,0.654,2.541598e+04,9.372019e-03,3.1702,3.3326,0,4,194,701,56,76
1327,833,2160,0.614352,0.654,2.567040e+04,1.120287e-02,3.1638,3.3188,2,8,1,701,56,75
1328,832,2160,0.614815,0.659,2.569004e+04,1.567648e-02,3.1789,3.3371,0,7,152,700,56,75
1329,831,2160,0.615278,0.657,2.587051e+04,1.561990e-02,3.1859,3.3156,0,3,162,699,56,75
1330,830,2160,0.615741,0.654,2.588276e+04,1.468749e-02,3.1756,3.3298,0,6,31,698,56,75
1331,829,2160,0.616204,0.655,2.598617e+04,1.419432e-02,3.1969,3.3168,0,6,152,697,56,75
1332,828,2160,0.616667,0.653,2.589971e+04,9.633113e-03,3.1951,3.3198,0,4,31,696,56,75
1333,827,2160,0.61713,0.65,2.599888e+04,2.092688e-02,3.1717,3.3272,0,8,49,695,56,75
1334,826,2160,0.617593,0.648,2.611890e+04,1.791204e-02,3.1778,3.317,0,9,13,694,56,75
1335,825,2160,0.618056,0.645,2.632192e+04,1.779630e-02,3.1736,3.3233,0,9,152,693,56,75
1336,824,2160,0.618519,0.643,2.639214e+04,1.234602e-02,3.1923,3.3214,0,0,13,692,56,75
1337,823,2160,0.618981,0.642,2.652162e+04,1.273705e-02,3.1821,3.3418,0,0,158,691,56,75
1338,822,2160,0.619444,0.643,2.671872e+04,1.707824e-02,3.1769,3.3391,0,2,123,690,56,75
1339,821,2160,0.619907,0.643,2.693683e+04,1.617335e-02,3.1938,3.3348,0,7,73,689,56,75
1340,820,2160,0.62037,0.643,2.707903e+04,2.124437e-02,3.1975,3.3192,0,8,17,688,56,75
1341,819,2160,0.620833,0.646,2.723872e+04,1.373150e-02,3.1819,3.3237,0,6,73,687,56,75
1342,818,2160,0.621296,0.647,2.718071e+04,2.839725e-02,3.1805,3.319,1,0,8,687,55,75
1343,817,2160,0.621759,0.638,2.727275e+04,1.392874e-02,3.1831,3.3196,0,6,145,686,55,75
1344,816,2160,0.622222,0.64,2.734911e+04,1.805547e-02,3.1947,3.3292,0,9,157,685,55,75
1345,815,2160,0.622685,0.637,2.747195e+04,2.101794e-02,3.2123,3.3186,0,8,173,684,55,75
1346,814,2160,0.623148,0.636,2.761267e+04,9.075670e-03,3.1709,3.3233,1,2,4,684,54,75
1347,813,2160,0.623611,0.635,2.749938e+04,1.457685e-02,3.1659,3.3135,0,6,53,683,54,75
1348,812,2160,0.624074,0.635,2.758124e+04,1.756220e-02,3.1914,3.3382,0,2,172,682,54,75
1349,811,2160,0.624537,0.638,2.770207e+04,1.451369e-02,3.208,1.1993,0,6,21,681,54,75
1350,810,2160,0.625,0.636,2.793445e+04,2.153828e-02,3.1996,3.3342,0,8,137,680,54,75
1351,809,2160,0.625463,0.638,2.785574e+04,1.682251e-02,3.1946,3.3173,0,3,72,679,54,75
1352,808,2160,0.625926,0.638,2.777847e+04,1.528986e-02,3.1798,3.3111,0,6,122,678,54,75
1353,807,2160,0.626389,0.64,2.783281e+04,1.818320e-02,3.1858,3.3273,0,2,189,677,54,75
1354,806,2160,0.626852,0.639,2.790121e+04,1.117391e-02,3.1666,3.3255,2,6,6,677,54,74
1355,805,2160,0.627315,0.639,2.774187e+04,1.521455e-02,3.1978,3.3415,0,6,105,676,54,74
1356,804,2160,0.627778,0.64,2.785109e+04,1.000553e-02,3.1963,3.3303,0,4,105,675,54,74
1357,803,2160,0.628241,0.637,2.780920e+04,1.313846e-02,3.1887,3.3321,0,7,105,674,54,74
1358,802,2160,0.628704,0.632,2.753130e+04,8.932701e-03,3.1819,3.3112,0,4,122,673,54,74
1359,801,2160,0.629167,0.632,2.768438e+04,1.303748e-02,3.211,3.3293,0,0,117,672,54,74
1360,800,2160,0.62963,0.632,2.770572e+04,1.776570e-02,3.1976,3.3392,0,2,32,671,54,74
1361,799,2160,0.630093,0.633,2.791796e+04,2.126601e-02,3.1895,3.3285,0,8,50,670,54,74
1362,798,2160,0.630556,0.632,2.792635e+04,1.517433e-02,3.1841,3.3315,0,6,38,669,54,74
1363,797,2160,0.631019,0.632,2.809094e+04,1.687225e-02,3.1725,3.3182,0,7,141,668,54,74
1364,796,2160,0.631481,0.637,2.825376e+04,2.203999e-02,3.2361,3.3275,0,8,192,667,54,74
1365,795,2160,0.631944,0.636,2.830185e+04,2.129167e-02,3.2202,3.3334,0,8,157,666,54,74
1366,794,2160,0.632407,0.636,2.842245e+04,1.803482e-02,3.2487,3.4569,0,2,126,665,54,74
1367,793,2160,0.63287,0.636,2.870261e+04,1.313320e-02,3.2831,3.5012,0,0,192,664,54,74
1368,792,2160,0.633333,0.636,2.889578e+04,9.840989e-03,3.6252,3.4812,0,4,26,663,54,74
1369,791,2160,0.633796,0.636,2.923903e+04,1.863856e-02,3.4307,3.4684,0,9,67,662,54,74
1370,790,2160,0.634259,0.636,2.936026e+04,1.708305e-02,3.4449,3.6003,0,7,80,661,54,74
1371,789,2160,0.634722,0.635,2.942091e+04,1.690122e-02,3.6472,3.6504,0,7,44,660,54,74
1372,788,2160,0.635185,0.635,2.950465e+04,1.071518e-02,3.3685,3.4025,0,4,100,659,54,74
1373,787,2160,0.635648,0.634,2.963411e+04,1.898150e-02,3.3941,3.444,0,9,64,658,54,74
1374,786,2160,0.636111,0.634,2.972336e+04,1.598637e-02,3.4009,3.4715,0,2,64,657,54,74
1375,785,2160,0.636574,0.633,2.954567e+04,1.720017e-02,3.332,3.406,0,7,24,656,54,74
1376,784,2160,0.637037,0.633,2.978707e+04,1.360594e-02,3.352,3.5541,0,0,120,655,54,74
1377,783,2160,0.6375,0.634,3.006010e+04,1.317525e-02,3.4139,3.4608,0,0,24,654,54,74
1378,782,2160,0.637963,0.634,3.028766e+04,1.683387e-02,3.4419,3.4579,0,7,48,653,54,74
1379,781,2160,0.638426,0.636,3.046078e+04,1.986226e-02,3.4224,3.4877,0,8,24,652,54,74
1380,780,2160,0.638889,0.632,3.030889e+04,1.820487e-02,3.3669,3.4486,0,2,151,651,54,74
1381,779,2160,0.639352,0.632,3.053699e+04,7.765144e-03,3.441,3.4434,2,0,0,651,54,73
1382,778,2160,0.639815,0.631,3.041975e+04,1.088442e-02,3.2981,3.4496,0,4,159,650,54,73
1383,777,2160,0.640278,0.629,3.053591e+04,1.663184e-02,3.3295,3.3792,0,7,46,649,54,73
1384,776,2160,0.640741,0.634,3.067356e+04,2.153003e-02,3.3406,3.4779,0,8,100,648,54,73
1385,775,2160,0.641204,0.632,3.063652e+04,1.777684e-02,3.3964,4.9744,1,4,7,648,53,73
1386,774,2160,0.641667,0.63,3.048718e+04,1.692384e-02,4.5428,4.8711,0,3,144,647,53,73
1387,773,2160,0.64213,0.629,3.048322e+04,1.537846e-02,4.5198,5.0449,0,6,151,646,53,73
1388,772,2160,0.642593,0.632,3.061032e+04,1.551067e-02,4.5804,4.9995,0,6,148,645,53,73
1389,771,2160,0.643056,0.629,3.072391e+04,1.307547e-02,4.6439,5.0244,0,0,100,644,53,73
1390,770,2160,0.643519,0.628,3.085150e+04,1.078841e-02,4.5268,4.9342,0,4,138,643,53,73
1391,769,2160,0.643981,0.63,3.099469e+04,1.042935e-02,4.4314,3.6852,0,4,139,642,53,73
1392,768,2160,0.644444,0.628,3.121749e+04,1.810647e-02,3.3594,3.4044,0,9,42,641,53,73
1393,767,2160,0.644907,0.628,3.152165e+04,1.072246e-02,3.2522,3.3692,0,4,32,640,53,73
1394,766,2160,0.64537,0.627,3.171030e+04,1.786925e-02,3.2487,3.3518,0,2,65,639,53,73
1395,765,2160,0.645833,0.626,3.190163e+04,1.807515e-02,3.2039,3.3468,0,2,180,638,53,73
1396,764,2160,0.646296,0.626,3.222513e+04,1.727275e-02,3.2007,3.3446,0,3,47,637,53,73
1397,763,2160,0.646759,0.628,3.226337e+04,1.922381e-02,3.2087,3.352,0,9,33,636,53,73
1398,762,2160,0.647222,0.627,3.233111e+04,1.048927e-02,3.1835,3.3501,0,4,47,635,53,73
1399,761,2160,0.647685,0.626,3.244443e+04,1.548044e-02,3.195,3.334,0,6,59,634,53,73
1400,760,2160,0.648148,0.627,3.270461e+04,2.222794e-02,3.2143,2.0867,0,8,163,633,53,73
1401,759,2160,0.648611,0.628,3.289673e+04,2.250928e-02,3.2627,3.3694,0,8,169,632,53,73
1402,758,2160,0.649074,0.625,3.307972e+04,1.863992e-02,3.23,3.5225,0,2,102,631,53,73
1403,757,2160,0.649537,0.623,3.339023e+04,1.893815e-02,3.4097,3.7131,0,2,138,630,53,73
1404,756,2160,0.65,0.62,3.356506e+04,1.774249e-02,3.3311,3.432,0,7,195,629,53,73
1405,755,2160,0.650463,0.62,3.379731e+04,1.800918e-02,3.4127,3.6487,0,7,81,628,53,73
1406,754,2160,0.650926,0.621,3.397203e+04,1.770463e-02,3.5944,3.4851,0,3,120,627,53,73
1407,753,2160,0.651389,0.624,3.402775e+04,1.637795e-02,3.4919,3.6397,0,6,71,626,53,73
1408,752,2160,0.651852,0.624,3.428308e+04,2.209450e-02,3.3877,3.4129,0,8,195,625,53,73
1409,751,2160,0.652315,0.619,3.428536e+04,1.570196e-02,3.2551,3.4088,0,6,102,624,53,73
1410,750,2160,0.652778,0.622,3.457212e+04,2.285037e-02,3.3423,3.4481,0,8,177,623,53,73
1411,749,2160,0.653241,0.622,3.466211e+04,1.938456e-02,3.2752,3.467,0,2,82,622,53,73
1412,748,2160,0.653704,0.622,3.480575e+04,1.132105e-02,3.357,3.4632,0,4,83,621,53,73
1413,747,2160,0.654167,0.619,3.502890e+04,2.007198e-02,3.2804,3.3928,0,9,114,620,53,73
1414,746,2160,0.65463,0.621,3.507202e+04,1.230706e-02,3.2723,3.3586,0,4,136,619,53,73
1415,745,2160,0.655093,0.62,3.506688e+04,1.157573e-02,3.218,3.3489,0,4,114,618,53,73
1416,744,2160,0.655556,0.62,3.508518e+04,1.544433e-02,3.2276,3.3295,0,6,114,617,53,73
1417,743,2160,0.656019,0.62,3.539158e+04,1.483297e-02,3.2222,3.3564,0,0,163,616,53,73
1418,742,2160,0.656481,0.618,3.560222e+04,1.478025e-02,3.2096,3.3534,0,0,177,615,53,73
1419,741,2160,0.656944,0.618,3.586371e+04,1.100648e-02,3.2075,3.3519,0,4,5,614,53,73
1420,740,2160,0.657407,0.616,3.626110e+04,2.373212e-02,3.1938,3.3592,0,8,21,613,53,73
1421,739,2160,0.65787,0.617,3.652038e+04,1.937655e-02,3.223,3.3595,0,9,5,612,53,73
1422,738,2160,0.658333,0.617,3.675438e+04,2.315103e-02,3.265,3.4814,0,8,63,611,53,73
1423,737,2160,0.658796,0.625,3.687216e+04,1.675235e-02,3.4091,3.516,0,6,156,610,53,73
1424,736,2160,0.659259,0.624,3.711801e+04,1.955660e-02,3.4147,3.4947,0,9,184,609,53,73
1425,735,2160,0.659722,0.622,3.747330e+04,1.940080e-02,3.3235,3.4774,0,2,132,608,53,73
1426,734,2160,0.660185,0.616,3.755484e+04,1.809492e-02,3.2663,3.3641,0,3,39,607,53,73
1427,733,2160,0.660648,0.616,3.761088e+04,1.966104e-02,3.2352,3.3731,0,2,112,606,53,73
1428,732,2160,0.661111,0.62,3.782237e+04,1.856181e-02,3.2344,3.4082,0,3,87,605,53,73
1429,731,2160,0.661574,0.616,3.777254e+04,1.868555e-02,3.2649,3.3761,0,7,160,604,53,73
1430,730,2160,0.662037,0.615,3.795818e+04,1.501530e-02,3.2442,3.3523,0,0,39,603,53,73
1431,729,2160,0.6625,0.614,3.804279e+04,1.719009e-02,3.2345,3.3462,0,6,20,602,53,73
1432,728,2160,0.662963,0.616,3.823891e+04,1.885959e-02,3.258,3.4553,0,9,39,601,53,73
1433,727,2160,0.663426,0.613,3.811889e+04,2.448708e-02,3.25,3.3599,0,8,89,600,53,73
1434,726,2160,0.663889,0.612,3.819841e+04,1.739831e-02,3.2233,3.3616,0,3,112,599,53,73
1435,725,2160,0.664352,0.612,3.851976e+04,1.566268e-02,3.2078,3.349,0,0,27,598,53,73
1436,724,2160,0.664815,0.613,3.878547e+04,2.409971e-02,3.229,3.3315,0,8,46,597,53,73
1437,723,2160,0.665278,0.608,3.917195e+04,3.252824e-02,3.2372,3.3623,1,6,8,597,52,73
1438,722,2160,0.665741,0.612,3.930516e+04,1.854108e-02,3.2403,3.3734,0,7,17,596,52,73
1439,721,2160,0.666204,0.613,3.972373e+04,1.765712e-02,3.2138,3.3558,0,6,74,595,52,73
1440,720,2160,0.666667,0.606,4.005202e+04,2.062363e-02,3.217,3.3383,0,2,109,594,52,73
1441,719,2160,0.66713,0.606,4.026721e+04,1.220040e-02,3.2054,3.3635,0,4,72,593,52,73
1442,718,2160,0.667593,0.606,4.050290e+04,2.043371e-02,3.237,3.3371,0,2,70,592,52,73
1443,717,2160,0.668056,0.605,4.085426e+04,2.593448e-02,3.2273,3.3075,0,8,51,591,52,73
1444,716,2160,0.668519,0.607,4.092495e+04,1.805108e-02,3.2174,3.3659,0,6,75,590,52,73
1445,715,2160,0.668981,0.609,4.110372e+04,1.877603e-02,3.2202,3.3634,0,7,15,589,52,73
1446,714,2160,0.669444,0.61,4.142427e+04,1.860035e-02,3.2752,3.373,0,7,1,588,52,73
1447,713,2160,0.669907,0.611,4.184901e+04,2.132939e-02,3.3034,3.3608,0,9,128,587,52,73
1448,712,2160,0.67037,0.61,4.193100e+04,1.933727e-02,3.2878,3.3779,0,7,106,586,52,73
1449,711,2160,0.670833,0.61,4.194776e+04,2.126463e-02,3.2427,3.3904,0,2,159,585,52,73
1450,710,2160,0.671296,0.607,4.207000e+04,1.973250e-02,3.2664,3.3955,1,1,7,585,51,73
1451,709,2160,0.671759,0.608,4.184732e+04,2.047977e-02,5.8975,4.2832,0,2,98,584,51,73
1452,708,2160,0.672222,0.606,4.217541e+04,1.813963e-02,3.5483,3.364,0,6,124,583,51,73
1453,707,2160,0.672685,0.604,4.229561e+04,2.077300e-02,3.195,3.3443,0,2,120,582,51,73
1454,706,2160,0.673148,0.603,4.268120e+04,1.777754e-02,3.218,3.3363,0,6,106,581,51,73
1455,705,2160,0.673611,0.601,4.300258e+04,2.546982e-02,3.2023,3.1142,0,8,134,580,51,73
1456,704,2160,0.674074,0.604,4.313391e+04,2.151307e-02,3.1831,3.3364,0,9,21,579,51,73
1457,703,2160,0.674537,0.606,4.327499e+04,2.132842e-02,3.1793,3.3191,0,2,163,578,51,73
1458,702,2160,0.675,0.606,4.349297e+04,1.989812e-02,3.1721,3.323,0,2,21,577,51,73
1459,701,2160,0.675463,0.605,4.328495e+04,1.239624e-02,3.1677,3.3296,0,4,156,576,51,73
1460,700,2160,0.675926,0.607,4.359537e+04,1.342984e-02,3.1592,3.3007,0,4,77,575,51,73
1461,699,2160,0.676389,0.603,4.361769e+04,1.695934e-02,3.1698,3.3177,0,0,143,574,51,73
1462,698,2160,0.676852,0.602,4.375112e+04,3.070723e-02,3.1668,3.3296,2,9,5,574,51,72
1463,697,2160,0.677315,0.603,4.379806e+04,2.676532e-02,3.194,3.3181,0,8,150,573,51,72
1464,696,2160,0.677778,0.605,4.396641e+04,1.253031e-02,3.1608,3.3198,0,4,43,572,51,72
1465,695,2160,0.678241,0.606,4.428245e+04,1.830152e-02,3.1829,3.3378,0,6,9,571,51,72
1466,694,2160,0.678704,0.606,4.464125e+04,1.724677e-02,3.1854,3.3363,0,7,9,570,51,72
1467,693,2160,0.679167,0.607,4.465386e+04,1.572636e-02,3.1752,3.3288,0,0,150,569,51,72
1468,692,2160,0.67963,0.605,4.466956e+04,1.287204e-02,3.1776,3.3215,1,2,9,569,50,72
1469,691,2160,0.680093,0.606,4.456988e+04,2.147275e-02,3.1687,3.3062,0,9,159,568,50,72
1470,690,2160,0.680556,0.609,4.476055e+04,1.282542e-02,3.1698,3.3253,0,4,121,567,50,72
1471,689,2160,0.681019,0.608,4.498139e+04,1.364069e-02,3.1704,3.3157,0,4,34,566,50,72
1472,688,2160,0.681481,0.609,4.503640e+04,1.985472e-02,3.1656,3.3262,0,3,33,565,50,72
1473,687,2160,0.681944,0.607,4.498473e+04,1.719574e-02,3.1747,3.3436,0,0,141,564,50,72
1474,686,2160,0.682407,0.605,4.516479e+04,1.781815e-02,3.1562,3.3172,0,0,93,563,50,72
1475,685,2160,0.68287,0.603,4.524253e+04,2.699031e-02,3.1714,3.3073,0,8,129,562,50,72
1476,684,2160,0.683333,0.602,4.529369e+04,1.525384e-02,3.1591,3.3306,0,0,129,561,50,72
1477,683,2160,0.683796,0.605,4.507169e+04,1.925358e-02,3.1603,3.3039,0,2,129,560,50,72
1478,682,2160,0.684259,0.605,4.507053e+04,1.340949e-02,3.1622,3.3334,0,4,131,559,50,72
1479,681,2160,0.684722,0.607,4.515018e+04,1.391183e-02,3.1765,3.3312,0,4,149,558,50,72
1480,680,2160,0.685185,0.607,4.515744e+04,2.742263e-02,3.1657,3.3293,0,8,75,557,50,72
1481,679,2160,0.685648,0.609,4.526384e+04,1.404167e-02,3.1841,3.3339,0,4,127,556,50,72
1482,678,2160,0.686111,0.609,4.529772e+04,1.696470e-02,3.1708,3.3335,0,0,127,555,50,72
1483,677,2160,0.686574,0.609,4.531126e+04,2.176703e-02,3.1583,3.3321,0,2,69,554,50,72
1484,676,2160,0.687037,0.61,4.584959e+04,2.244019e-02,3.1744,3.3322,0,2,149,553,50,72
1485,675,2160,0.6875,0.609,4.600828e+04,2.309976e-02,3.1673,3.3369,0,9,143,552,50,72
1486,674,2160,0.687963,0.609,4.622675e+04,1.921507e-02,3.204,3.3149,0,6,33,551,50,72
1487,673,2160,0.688426,0.612,4.659326e+04,1.787654e-02,3.1797,3.333,0,0,81,550,50,72
1488,672,2160,0.688889,0.613,4.682127e+04,1.804613e-02,3.1736,3.3248,0,0,144,549,50,72
1489,671,2160,0.689352,0.612,4.689867e+04,1.913765e-02,3.1675,3.3429,0,6,10,548,50,72
1490,670,2160,0.689815,0.614,4.716589e+04,2.285827e-02,3.1944,3.3309,0,9,169,547,50,72
1491,669,2160,0.690278,0.614,4.763655e+04,1.239408e-02,3.1681,3.3193,0,4,169,546,50,72
1492,668,2160,0.690741,0.614,4.808900e+04,1.955409e-02,3.1799,3.3258,0,7,164,545,50,72
1493,667,2160,0.691204,0.613,4.835917e+04,2.060079e-02,3.1787,3.3355,0,3,174,544,50,72
1494,666,2160,0.691667,0.615,4.834145e+04,2.305042e-02,3.1839,3.3405,0,9,150,543,50,72
1495,665,2160,0.69213,0.612,4.864389e+04,1.307847e-02,3.1777,3.3369,0,4,73,542,50,72
1496,664,2160,0.692593,0.615,4.908075e+04,2.286320e-02,3.1609,3.3382,0,2,95,541,50,72
1497,663,2160,0.693056,0.617,4.943476e+04,9.632266e-03,3.1746,3.3271,2,5,9,541,50,71
1498,662,2160,0.693519,0.618,4.921980e+04,1.340217e-02,3.1718,3.2951,0,4,164,540,50,71
1499,661,2160,0.693981,0.619,4.925761e+04,1.948554e-02,3.1636,3.3344,0,3,127,539,50,71
1500,660,2160,0.694444,0.615,4.968138e+04,1.372287e-02,3.1677,3.3324,0,4,96,538,50,71
1501,659,2160,0.694907,0.616,5.004087e+04,1.459310e-02,3.1697,3.3321,0,4,124,537,50,71
1502,658,2160,0.69537,0.616,5.005528e+04,2.768037e-02,3.1701,3.3145,0,8,95,536,50,71
1503,657,2160,0.695833,0.614,4.991750e+04,2.001435e-02,3.1673,3.3172,0,6,96,535,50,71
1504,656,2160,0.696296,0.615,4.981419e+04,2.295826e-02,3.1705,3.3457,0,2,174,534,50,71
1505,655,2160,0.696759,0.612,5.015836e+04,1.879087e-02,3.1976,3.3385,0,7,174,533,50,71
1506,654,2160,0.697222,0.614,4.990267e+04,2.308703e-02,3.1891,3.3403,0,2,31,532,50,71
1507,653,2160,0.697685,0.613,5.014342e+04,2.340924e-02,3.1849,3.334,0,9,11,531,50,71
1508,652,2160,0.698148,0.615,5.065756e+04,1.935969e-02,3.1821,3.3378,0,3,28,530,50,71
1509,651,2160,0.698611,0.615,5.119824e+04,2.179544e-02,3.1939,3.3318,0,9,31,529,50,71
1510,650,2160,0.699074,0.615,5.138169e+04,2.046439e-02,3.1792,3.3294,0,9,28,528,50,71
1511,649,2160,0.699537,0.615,5.159746e+04,1.431794e-02,3.1812,3.3315,0,4,118,527,50,71
1512,648,2160,0.7,0.617,5.183827e+04,2.423212e-02,3.1915,3.3312,0,9,34,526,50,71
1513,647,2160,0.700463,0.615,5.212320e+04,1.996597e-02,3.2039,3.3258,0,7,130,525,50,71
1514,646,2160,0.700926,0.614,5.231297e+04,1.840074e-02,3.1922,3.3516,0,0,134,524,50,71
1515,645,2160,0.701389,0.616,5.253151e+04,2.070697e-02,3.1873,3.3331,0,3,189,523,50,71
1516,644,2160,0.701852,0.613,5.280400e+04,1.968653e-02,3.1819,3.3494,0,7,14,522,50,71
1517,643,2160,0.702315,0.614,5.338589e+04,1.472423e-02,3.1831,3.3264,0,4,89,521,50,71
1518,642,2160,0.702778,0.614,5.357958e+04,1.819943e-02,3.183,3.3257,0,0,130,520,50,71
1519,641,2160,0.703241,0.611,5.361249e+04,2.246481e-02,3.1889,3.3448,0,2,34,519,50,71
1520,640,2160,0.703704,0.61,5.370396e+04,2.493706e-02,3.1863,3.3295,0,9,78,518,50,71
1521,639,2160,0.704167,0.61,5.383108e+04,2.214003e-02,3.2255,3.3308,0,2,78,517,50,71
1522,638,2160,0.70463,0.613,5.371303e+04,1.404681e-02,3.1815,3.3451,0,4,170,516,50,71
1523,637,2160,0.705093,0.612,5.415562e+04,2.113799e-02,3.1818,3.3437,0,6,144,515,50,71
1524,636,2160,0.705556,0.61,5.443728e+04,1.832364e-02,3.1976,3.3519,0,7,144,514,50,71
1525,635,2160,0.706019,0.61,5.410972e+04,2.967602e-02,3.1931,3.3179,0,8,184,513,50,71
1526,634,2160,0.706481,0.616,5.477727e+04,2.151829e-02,3.2312,3.3352,0,3,128,512,50,71
1527,633,2160,0.706944,0.614,5.485983e+04,2.119078e-02,3.1732,3.3389,0,6,54,511,50,71
1528,632,2160,0.707407,0.616,5.523645e+04,1.384324e-02,3.1925,3.339,0,4,64,510,50,71
1529,631,2160,0.70787,0.616,5.584685e+04,3.087291e-02,3.1906,3.3438,0,8,136,509,50,71
1530,630,2160,0.708333,0.618,5.603944e+04,1.974464e-02,3.2005,3.3319,0,7,12,508,50,71
1531,629,2160,0.708796,0.619,5.672077e+04,2.066883e-02,3.2045,3.3457,0,6,128,507,50,71
1532,628,2160,0.709259,0.619,5.720881e+04,1.903371e-02,3.1841,3.3386,0,0,136,506,50,71
1533,627,2160,0.709722,0.62,5.756013e+04,2.167239e-02,3.1684,3.3235,0,3,30,505,50,71
1534,626,2160,0.710185,0.622,5.817163e+04,1.531830e-02,3.1759,3.341,0,4,135,504,50,71
1535,625,2160,0.710648,0.618,5.833656e+04,1.407842e-02,3.1878,3.3449,0,4,168,503,50,71
1536,624,2160,0.711111,0.62,5.896725e+04,2.539089e-02,3.1886,3.3356,0,9,164,502,50,71
1537,623,2160,0.711574,0.619,5.933441e+04,2.540385e-02,3.1877,3.3405,0,2,67,501,50,71
1538,622,2160,0.712037,0.619,5.970690e+04,1.607457e-02,3.1778,3.3571,0,4,45,500,50,71
1539,621,2160,0.7125,0.62,5.979749e+04,1.613974e-02,3.1911,3.3382,0,4,150,499,50,71
1540,620,2160,0.712963,0.618,5.986059e+04,1.996055e-02,3.1935,3.3447,0,0,57,498,50,71
1541,619,2160,0.713426,0.617,6.032354e+04,3.124190e-02,3.1931,3.3459,0,8,99,497,50,71
1542,618,2160,0.713889,0.62,6.085188e+04,2.534408e-02,3.2108,3.3434,0,2,115,496,50,71
1543,617,2160,0.714352,0.617,6.143366e+04,2.547612e-02,3.1926,3.3349,0,2,164,495,50,71
1544,616,2160,0.714815,0.617,6.198637e+04,2.272537e-02,3.1793,3.3441,0,3,81,494,50,71
1545,615,2160,0.715278,0.618,6.212581e+04,2.590613e-02,3.1981,3.3447,0,2,68,493,50,71
1546,614,2160,0.715741,0.62,6.253297e+04,2.301348e-02,3.2086,3.3399,0,3,110,492,50,71
1547,613,2160,0.716204,0.618,6.260822e+04,2.255898e-02,3.1901,3.3345,0,6,86,491,50,71
1548,612,2160,0.716667,0.623,6.289079e+04,1.647588e-02,3.1824,3.3332,0,4,148,490,50,71
1549,611,2160,0.71713,0.62,6.287095e+04,2.725641e-02,3.1965,3.3417,0,9,77,489,50,71
1550,610,2160,0.717593,0.623,6.281144e+04,2.439278e-02,3.2013,3.3276,0,9,86,488,50,71
1551,609,2160,0.718056,0.622,6.244398e+04,2.206282e-02,3.1965,3.346,0,6,107,487,50,71
1552,608,2160,0.718519,0.618,6.275752e+04,1.589958e-02,3.1903,3.3603,0,4,117,486,50,71
1553,607,2160,0.718981,0.624,6.280193e+04,1.954911e-02,3.2148,3.3504,0,7,58,485,50,71
1554,606,2160,0.719444,0.624,6.311514e+04,2.587931e-02,3.203,3.3355,0,2,108,484,50,71
1555,605,2160,0.719907,0.62,6.352160e+04,2.656952e-02,3.1958,3.3499,0,9,189,483,50,71
1556,604,2160,0.72037,0.624,6.382369e+04,2.279117e-02,3.195,3.3219,0,3,58,482,50,71
1557,603,2160,0.720833,0.625,6.365840e+04,2.055618e-02,3.1798,3.3446,0,0,116,481,50,71
1558,602,2160,0.721296,0.628,6.370486e+04,2.641080e-02,3.2026,3.3419,0,9,57,480,50,71
1559,601,2160,0.721759,0.627,6.406150e+04,1.473645e-02,3.1834,3.3503,0,4,108,479,50,71
1560,600,2160,0.722222,0.628,6.451613e+04,2.027165e-02,3.2166,3.3516,0,0,94,478,50,71
1561,599,2160,0.722685,0.629,6.467231e+04,2.244245e-02,3.1801,3.349,0,3,138,477,50,71
1562,598,2160,0.723148,0.627,6.507351e+04,1.629625e-02,3.1871,3.3323,0,4,90,476,50,71
1563,597,2160,0.723611,0.627,6.491963e+04,1.472500e-02,3.1898,3.3498,0,4,151,475,50,71
1564,596,2160,0.724074,0.626,6.533028e+04,1.411224e-02,3.1925,3.3499,1,0,4,475,49,71
1565,595,2160,0.724537,0.625,6.512727e+04,1.962207e-02,3.1873,3.3384,0,0,68,474,49,71
1566,594,2160,0.725,0.623,6.523848e+04,2.992212e-02,3.1751,3.3443,0,8,67,473,49,71
1567,593,2160,0.725463,0.622,6.542380e+04,2.581918e-02,3.1929,3.3457,0,9,145,472,49,71
1568,592,2160,0.725926,0.618,6.601869e+04,1.998958e-02,3.1964,3.3425,0,0,106,471,49,71
1569,591,2160,0.726389,0.619,6.623896e+04,1.500315e-02,3.1847,3.3451,0,4,75,470,49,71
1570,590,2160,0.726852,0.62,6.654497e+04,2.268159e-02,3.1767,3.3516,0,3,114,469,49,71
1571,589,2160,0.727315,0.62,6.677350e+04,1.731546e-02,3.1845,3.3163,0,0,75,468,49,71
1572,588,2160,0.727778,0.623,6.688456e+04,3.613125e-02,3.17,3.342,2,7,5,468,49,70
1573,587,2160,0.728241,0.623,6.677580e+04,1.473363e-02,3.1879,3.3331,0,4,74,467,49,70
1574,586,2160,0.728704,0.628,6.716908e+04,2.190358e-02,3.1765,3.3237,0,3,106,466,49,70
1575,585,2160,0.729167,0.631,6.716551e+04,1.909240e-02,3.173,3.3383,0,0,145,465,49,70
1576,584,2160,0.72963,0.631,6.727634e+04,2.069812e-02,3.1759,3.3405,0,6,108,464,49,70
1577,583,2160,0.730093,0.627,6.747516e+04,2.013151e-02,3.1919,3.3165,0,7,94,463,49,70
1578,582,2160,0.730556,0.628,6.746178e+04,2.160211e-02,3.1823,3.3341,0,3,74,462,49,70
1579,581,2160,0.731019,0.629,6.759529e+04,2.069300e-02,3.2011,3.342,0,6,72,461,49,70
1580,580,2160,0.731481,0.63,6.785775e+04,1.550945e-02,3.1891,3.359,0,4,95,460,49,70
1581,579,2160,0.731944,0.628,6.800805e+04,2.218520e-02,3.1863,3.3361,0,3,149,459,49,70
1582,578,2160,0.732407,0.624,6.790194e+04,2.512803e-02,3.1732,3.3287,0,9,108,458,49,70
1583,577,2160,0.73287,0.629,6.833078e+04,2.711015e-02,3.1903,3.3349,0,8,149,457,49,70
1584,576,2160,0.733333,0.623,6.838298e+04,1.873634e-02,3.2239,3.3519,0,6,95,456,49,70
1585,575,2160,0.733796,0.622,6.860972e+04,2.501794e-02,3.2217,3.3553,0,2,146,455,49,70
1586,574,2160,0.734259,0.618,6.912162e+04,1.870110e-02,3.2009,3.3521,0,0,149,454,49,70
1587,573,2160,0.734722,0.618,6.954238e+04,2.568388e-02,3.1862,3.3302,0,9,94,453,49,70
1588,572,2160,0.735185,0.62,6.981551e+04,2.216676e-02,3.2259,3.3554,0,3,165,452,49,70
1589,571,2160,0.735648,0.616,6.992331e+04,2.646526e-02,3.2049,3.3427,0,9,131,451,49,70
1590,570,2160,0.736111,0.612,6.995371e+04,2.089279e-02,3.1965,3.3515,0,0,80,450,49,70
1591,569,2160,0.736574,0.612,6.999674e+04,1.456064e-02,3.1842,3.3539,0,4,113,449,49,70
1592,568,2160,0.737037,0.615,7.069203e+04,1.512565e-02,3.2028,3.3608,0,4,49,448,49,70
1593,567,2160,0.7375,0.62,7.112376e+04,1.247624e-02,3.1867,3.3436,2,3,1,448,49,69
1594,566,2160,0.737963,0.621,7.096779e+04,2.139347e-02,3.2303,3.3481,0,3,153,447,49,69
1595,565,2160,0.738426,0.623,7.174892e+04,2.130237e-02,3.2075,3.3482,0,3,185,446,49,69
1596,564,2160,0.738889,0.624,7.258985e+04,1.406904e-02,3.1883,3.3307,0,4,41,445,49,69
1597,563,2160,0.739352,0.624,7.349716e+04,2.187216e-02,3.1939,3.3421,0,6,171,444,49,69
1598,562,2160,0.739815,0.625,7.378938e+04,1.578712e-02,3.2229,3.3416,0,4,171,443,49,69
1599,561,2160,0.740278,0.625,7.369512e+04,2.658069e-02,3.1851,3.3564,0,9,117,442,49,69
1600,560,2160,0.740741,0.628,7.358666e+04,2.188028e-02,3.2031,3.3599,0,6,45,441,49,69
1601,559,2160,0.741204,0.627,7.377007e+04,2.925533e-02,3.1919,3.3329,0,8,60,440,49,69
1602,558,2160,0.741667,0.624,7.427537e+04,2.276132e-02,3.1932,3.3555,0,3,94,439,49,69
1603,557,2160,0.74213,0.625,7.454232e+04,2.365208e-02,3.2013,3.3373,0,3,90,438,49,69
1604,556,2160,0.742593,0.62,7.447995e+04,2.005057e-02,3.1935,3.3589,0,7,85,437,49,69
1605,555,2160,0.743056,0.624,7.482107e+04,2.672546e-02,3.1904,3.3355,0,9,172,436,49,69
1606,554,2160,0.743519,0.624,7.531499e+04,1.479831e-02,3.2119,3.3471,0,4,155,435,49,69
1607,553,2160,0.743981,0.623,7.613561e+04,1.412783e-02,3.2108,3.3383,0,4,85,434,49,69
1608,552,2160,0.744444,0.624,7.695322e+04,2.974536e-02,3.2149,3.3397,0,8,38,433,49,69
1609,551,2160,0.744907,0.628,7.725874e+04,2.277803e-02,3.2334,3.3296,0,3,152,432,49,69
1610,550,2160,0.74537,0.624,7.769195e+04,2.020560e-02,3.1964,3.3275,0,0,38,431,49,69
1611,549,2160,0.745833,0.626,7.764285e+04,1.427870e-02,3.23,3.3592,0,4,125,430,49,69
1612,548,2160,0.746296,0.627,7.856470e+04,1.546256e-02,3.2217,3.3586,0,4,162,429,49,69
1613,547,2160,0.746759,0.623,7.916939e+04,2.295219e-02,3.2149,3.3516,0,3,171,428,49,69
1614,546,2160,0.747222,0.624,7.957285e+04,2.405079e-02,3.1901,3.3394,0,3,44,427,49,69
1615,545,2160,0.747685,0.625,7.955352e+04,3.027558e-02,3.2025,3.3484,0,8,144,426,49,69
1616,544,2160,0.748148,0.628,8.007026e+04,1.571109e-02,3.1974,3.3255,0,4,98,425,49,69
1617,543,2160,0.748611,0.628,8.068789e+04,2.138220e-02,3.2017,3.3514,0,3,98,424,49,69
1618,542,2160,0.749074,0.625,8.089068e+04,2.398739e-02,3.2127,3.3474,0,3,23,423,49,69
1619,541,2160,0.749537,0.626,8.096411e+04,1.923225e-02,3.199,3.347,0,7,154,422,49,69
1620,540,2160,0.75,0.627,8.191419e+04,3.058867e-02,3.2136,3.3404,0,8,93,421,49,69
1621,539,2160,0.750463,0.623,8.230740e+04,2.806342e-02,3.2087,3.3321,0,2,175,420,49,69
1622,538,2160,0.750926,0.621,8.303212e+04,2.404369e-02,3.191,3.3395,0,3,67,419,49,69
1623,537,2160,0.751389,0.625,8.316043e+04,2.173081e-02,3.203,3.3324,0,6,123,418,49,69
1624,536,2160,0.751852,0.621,8.375026e+04,2.844994e-02,3.1924,3.35,0,2,23,417,49,69
1625,535,2160,0.752315,0.624,8.431346e+04,2.833648e-02,3.2022,3.3225,0,2,121,416,49,69
1626,534,2160,0.752778,0.624,8.455185e+04,2.173446e-02,3.1874,3.3569,0,0,92,415,49,69
1627,533,2160,0.753241,0.622,8.457451e+04,1.723125e-02,3.2063,3.3268,0,4,161,414,49,69
1628,532,2160,0.753704,0.62,8.482385e+04,2.675528e-02,3.1872,3.3477,0,9,121,413,49,69
1629,531,2160,0.754167,0.62,8.512807e+04,2.342382e-02,3.1942,3.3243,0,3,175,412,49,69
1630,530,2160,0.75463,0.619,8.499836e+04,1.987878e-02,3.2084,3.3538,0,6,175,411,49,69
1631,529,2160,0.755093,0.617,8.487855e+04,2.499504e-02,3.2047,3.3527,0,9,23,410,49,69
1632,528,2160,0.755556,0.614,8.490829e+04,2.651207e-02,3.2014,3.3451,0,9,92,409,49,69
1633,527,2160,0.756019,0.617,8.489177e+04,1.633605e-02,3.2159,3.3374,0,3,92,408,49,69
1634,526,2160,0.756481,0.621,8.448629e+04,2.874408e-02,3.2119,3.3447,0,2,161,407,49,69
1635,525,2160,0.756944,0.614,8.529653e+04,2.128506e-02,3.2011,3.3586,0,0,29,406,49,69
1636,524,2160,0.757407,0.616,8.642615e+04,3.302402e-02,3.2211,3.3421,0,8,76,405,49,69
1637,523,2160,0.75787,0.619,8.668191e+04,1.581479e-02,3.2042,3.3481,0,4,18,404,49,69
1638,522,2160,0.758333,0.62,8.772765e+04,3.265736e-02,3.2083,3.3063,0,8,126,403,49,69
1639,521,2160,0.758796,0.621,8.896383e+04,3.014989e-02,3.1995,3.348,0,2,186,402,49,69
1640,520,2160,0.759259,0.626,9.017010e+04,1.686529e-02,3.205,3.3441,0,4,79,401,49,69
1641,519,2160,0.759722,0.625,9.105423e+04,2.244266e-02,3.2074,3.342,0,6,157,400,49,69
1642,518,2160,0.760185,0.625,9.222395e+04,2.513324e-02,3.2151,3.3525,0,3,79,399,49,69
1643,517,2160,0.760648,0.626,9.206692e+04,3.186365e-02,3.1895,3.3532,0,2,77,398,49,69
1644,516,2160,0.761111,0.625,9.249080e+04,3.152118e-02,3.1923,3.3425,0,2,176,397,49,69
1645,515,2160,0.761574,0.624,9.319341e+04,2.656106e-02,3.2027,3.3404,0,3,147,396,49,69
1646,514,2160,0.762037,0.626,9.353478e+04,1.891923e-02,3.1914,3.3231,0,4,78,395,49,69
1647,513,2160,0.7625,0.622,9.380235e+04,2.267137e-02,3.1857,3.3506,0,0,89,394,49,69
1648,512,2160,0.762963,0.62,9.445560e+04,2.592869e-02,3.1965,3.3586,0,3,176,393,49,69
1649,511,2160,0.763426,0.618,9.419352e+04,3.051034e-02,3.192,3.3588,0,9,122,392,49,69
1650,510,2160,0.763889,0.622,9.496049e+04,1.901197e-02,3.2,3.3492,0,4,137,391,49,69
1651,509,2160,0.764352,0.62,9.515583e+04,2.801583e-02,3.2057,3.3456,0,2,122,390,49,69
1652,508,2160,0.764815,0.619,9.485248e+04,3.575097e-02,3.2032,3.3375,0,8,45,389,49,69
1653,507,2160,0.765278,0.619,9.566494e+04,2.644193e-02,3.1961,3.3487,0,3,14,388,49,69
1654,506,2160,0.765741,0.621,9.687187e+04,2.737783e-02,3.205,3.3485,0,3,15,387,49,69
1655,505,2160,0.766204,0.62,9.773764e+04,1.988573e-02,3.2155,3.3473,0,0,15,386,49,69
1656,504,2160,0.766667,0.624,9.798595e+04,3.341282e-02,3.2116,3.3355,0,2,178,385,49,69
1657,503,2160,0.76713,0.621,9.914105e+04,2.801010e-02,3.2064,3.3343,0,3,136,384,49,69
1658,502,2160,0.767593,0.621,9.968546e+04,3.172795e-02,3.1898,3.3556,0,2,15,383,49,69
1659,501,2160,0.768056,0.62,1.002111e+05,2.680088e-02,3.184,3.345,0,3,45,382,49,69
1660,500,2160,0.768519,0.621,1.014819e+05,3.308801e-02,3.1859,3.3133,0,2,110,381,49,69
1661,499,2160,0.768981,0.619,1.027475e+05,3.304103e-02,3.1899,3.3462,0,2,81,380,49,69
1662,498,2160,0.769444,0.621,1.041898e+05,2.459952e-02,3.2034,3.3422,0,7,50,379,49,69
1663,497,2160,0.769907,0.62,1.044690e+05,3.343791e-02,3.1863,3.3497,0,2,188,378,49,69
1664,496,2160,0.77037,0.623,1.056873e+05,2.529129e-02,3.1948,3.3505,0,6,170,377,49,69
1665,495,2160,0.770833,0.621,1.069629e+05,2.303060e-02,3.2371,3.3506,0,0,83,376,49,69
1666,494,2160,0.771296,0.62,1.084788e+05,2.671787e-02,3.1949,3.3483,0,6,93,375,49,69
1667,493,2160,0.771759,0.621,1.089001e+05,3.495227e-02,3.2024,3.3509,0,2,130,374,49,69
1668,492,2160,0.772222,0.623,1.100455e+05,3.492325e-02,3.203,3.3468,0,9,61,373,49,69
1669,491,2160,0.772685,0.62,1.104690e+05,2.968933e-02,3.2052,3.3395,0,2,61,372,49,69
1670,490,2160,0.773148,0.615,1.101351e+05,2.405739e-02,3.2193,3.3295,0,6,61,371,49,69
1671,489,2160,0.773611,0.62,1.105292e+05,1.807948e-02,3.2108,3.3566,0,4,180,370,49,69
1672,488,2160,0.774074,0.618,1.121490e+05,2.927095e-02,3.2022,3.3419,0,3,130,369,49,69
1673,487,2160,0.774537,0.616,1.129337e+05,2.560266e-02,3.2092,3.3353,0,6,46,368,49,69
1674,486,2160,0.775,0.618,1.146094e+05,2.548305e-02,3.2064,3.3516,0,6,179,367,49,69
1675,485,2160,0.775463,0.618,1.163678e+05,2.624824e-02,3.2099,3.3383,0,0,87,366,49,69
1676,484,2160,0.775926,0.619,1.167522e+05,1.787952e-02,3.2172,3.3374,0,4,87,365,49,69
1677,483,2160,0.776389,0.621,1.175762e+05,2.735358e-02,3.1944,3.3555,0,6,111,364,49,69
1678,482,2160,0.776852,0.62,1.185701e+05,2.217247e-02,3.1977,3.3596,0,3,111,363,49,69
1679,481,2160,0.777315,0.621,1.183884e+05,3.515832e-02,3.1988,3.3501,0,2,60,362,49,69
1680,480,2160,0.777778,0.613,1.201612e+05,2.327801e-02,3.2017,3.3577,0,7,139,361,49,69
1681,479,2160,0.778241,0.61,1.218968e+05,2.592816e-02,3.2116,3.3554,0,7,116,360,49,69
1682,478,2160,0.778704,0.607,1.226459e+05,3.832387e-02,3.2358,3.3338,0,8,108,359,49,69
1683,477,2160,0.779167,0.604,1.241968e+05,2.775879e-02,3.1957,3.3471,0,6,103,358,49,69
1684,476,2160,0.77963,0.598,1.249673e+05,3.396851e-02,3.2013,3.3532,0,9,3,357,49,69
1685,475,2160,0.780093,0.599,1.263849e+05,3.415609e-02,3.2205,3.3428,0,9,96,356,49,69
1686,474,2160,0.780556,0.593,1.279641e+05,2.376778e-02,3.2102,3.3468,0,7,26,355,49,69
1687,473,2160,0.781019,0.594,1.296270e+05,2.442275e-02,3.2234,3.3562,0,7,156,354,49,69
1688,472,2160,0.781481,0.594,1.310186e+05,3.586497e-02,3.1935,3.3528,0,2,187,353,49,69
1689,471,2160,0.781944,0.599,1.325846e+05,1.954780e-02,3.1782,3.3421,0,4,187,352,49,69
1690,470,2160,0.782407,0.598,1.326739e+05,1.235645e-02,3.2169,3.3586,2,3,4,352,49,68
1691,469,2160,0.78287,0.598,1.323193e+05,2.698380e-02,3.2238,3.3473,0,6,176,351,49,68
1692,468,2160,0.783333,0.596,1.336945e+05,2.702694e-02,3.192,3.3459,0,6,87,350,49,68
1693,467,2160,0.783796,0.595,1.349824e+05,3.805957e-02,3.1986,3.3421,0,8,87,349,49,68
1694,466,2160,0.784259,0.599,1.349211e+05,2.686622e-02,3.1868,3.3381,0,6,174,348,49,68
1695,465,2160,0.784722,0.603,1.361947e+05,3.379569e-02,3.1859,3.3402,0,9,25,347,49,68
1696,464,2160,0.785185,0.597,1.378225e+05,2.384490e-02,3.1897,3.3375,0,0,174,346,49,68
1697,463,2160,0.785648,0.598,1.378348e+05,4.837304e-02,3.2755,3.3529,2,1,5,346,49,67
1698,462,2160,0.786111,0.599,1.380941e+05,1.904306e-02,3.2072,3.3582,0,4,27,345,49,67
1699,461,2160,0.786574,0.602,1.398278e+05,3.490841e-02,3.1933,3.3461,0,2,22,344,49,67
1700,460,2160,0.787037,0.596,1.416487e+05,4.115435e-02,3.1947,3.3436,0,8,88,343,49,67
1701,459,2160,0.7875,0.598,1.422791e+05,2.280717e-02,3.219,3.3526,0,0,88,342,49,67
1702,458,2160,0.787963,0.599,1.419418e+05,3.426512e-02,3.2069,3.385,0,9,104,341,49,67
1703,457,2160,0.788426,0.602,1.435493e+05,3.429766e-02,3.1876,3.3314,0,2,79,340,49,67
1704,456,2160,0.788889,0.599,1.452585e+05,2.670507e-02,3.1968,3.3447,0,0,107,339,49,67
1705,455,2160,0.789352,0.601,1.467962e+05,3.897018e-02,3.1984,3.3493,2,3,5,339,49,66
1706,454,2160,0.789815,0.598,1.469391e+05,2.125065e-02,3.1938,3.345,0,4,143,338,49,66
1707,453,2160,0.790278,0.6,1.480127e+05,2.891088e-02,3.1969,3.3479,0,6,159,337,49,66
1708,452,2160,0.790741,0.601,1.487152e+05,2.253107e-02,3.198,3.3613,0,0,159,336,49,66
1709,451,2160,0.791204,0.599,1.495940e+05,4.166427e-02,3.1791,3.3545,0,8,133,335,49,66
1710,450,2160,0.791667,0.601,1.506495e+05,2.743534e-02,3.2038,3.3495,0,6,188,334,49,66
1711,449,2160,0.79213,0.599,1.524716e+05,2.228459e-02,3.1966,3.3503,2,4,6,334,49,65
1712,448,2160,0.792593,0.6,1.524409e+05,4.192226e-02,3.1896,3.3349,0,8,124,333,49,65
1713,447,2160,0.793056,0.597,1.533712e+05,3.595846e-02,3.1876,3.3517,0,9,124,332,49,65
1714,446,2160,0.793519,0.6,1.543196e+05,3.000815e-02,3.2044,3.3462,0,6,172,331,49,65
1715,445,2160,0.793981,0.597,1.550823e+05,2.982640e-02,3.1943,3.3476,0,6,165,330,49,65
1716,444,2160,0.794444,0.597,1.561534e+05,3.085840e-02,3.1896,3.3335,0,6,161,329,49,65
1717,443,2160,0.794907,0.599,1.568726e+05,3.831035e-02,3.1859,3.3435,0,2,124,328,49,65
1718,442,2160,0.79537,0.597,1.572669e+05,4.400838e-02,3.1894,3.3556,0,8,90,327,49,65
1719,441,2160,0.795833,0.594,1.575333e+05,3.387246e-02,3.218,3.3476,0,9,161,326,49,65
1720,440,2160,0.796296,0.598,1.583494e+05,2.290415e-02,3.1932,3.3405,0,4,56,325,49,65
1721,439,2160,0.796759,0.596,1.594525e+05,2.352644e-02,3.2199,3.3417,0,4,102,324,49,65
1722,438,2160,0.797222,0.595,1.603811e+05,2.466303e-02,3.2347,3.3492,0,0,56,323,49,65
1723,437,2160,0.797685,0.595,1.610541e+05,2.336784e-02,3.2058,3.342,0,4,52,322,49,65
1724,436,2160,0.798148,0.594,1.619232e+05,3.720621e-02,3.1995,3.357,0,2,52,321,49,65
1725,435,2160,0.798611,0.595,1.623793e+05,2.105859e-02,3.2012,3.345,0,4,23,320,49,65
1726,434,2160,0.799074,0.594,1.643123e+05,3.833713e-02,3.1763,3.3488,0,2,51,319,49,65
1727,433,2160,0.799537,0.597,1.656633e+05,2.929577e-02,3.1921,3.3371,0,0,48,318,49,65
1728,432,2160,0.8,0.593,1.668304e+05,4.358390e-02,3.1792,3.3373,0,8,164,317,49,65
1729,431,2160,0.800463,0.592,1.673081e+05,2.405258e-02,3.1822,3.3353,0,0,164,316,49,65
1730,430,2160,0.800926,0.59,1.677871e+05,2.100934e-02,3.2025,3.3444,0,4,6,315,49,65
1731,429,2160,0.801389,0.59,1.698727e+05,2.756772e-02,3.1945,3.3517,0,7,34,314,49,65
1732,428,2160,0.801852,0.591,1.708449e+05,2.542930e-02,3.2298,3.3483,0,4,103,313,49,65
1733,427,2160,0.802315,0.586,1.709327e+05,2.692209e-02,3.1986,3.3514,0,7,32,312,49,65
1734,426,2160,0.802778,0.584,1.724686e+05,2.926012e-02,3.1907,3.3404,0,0,103,311,49,65
1735,425,2160,0.803241,0.585,1.735365e+05,2.331970e-02,3.2093,3.3441,0,4,20,310,49,65
1736,424,2160,0.803704,0.587,1.744407e+05,3.875687e-02,3.1948,3.3608,0,9,40,309,49,65
1737,423,2160,0.804167,0.59,1.751419e+05,2.055454e-02,3.1871,3.3555,0,3,40,308,49,65
1738,422,2160,0.80463,0.589,1.749396e+05,3.625647e-02,3.1795,3.3514,0,9,51,307,49,65
1739,421,2160,0.805093,0.59,1.752020e+05,2.326823e-02,3.2002,3.3453,0,4,35,306,49,65
1740,420,2160,0.805556,0.586,1.758762e+05,3.775380e-02,3.1968,3.3339,0,9,16,305,49,65
1741,419,2160,0.806019,0.581,1.763751e+05,2.516826e-02,3.1819,3.3405,0,3,16,304,49,65
1742,418,2160,0.806481,0.582,1.765084e+05,3.683189e-02,3.1928,3.3485,0,9,35,303,49,65
1743,417,2160,0.806944,0.577,1.762089e+05,2.903084e-02,3.2278,3.3522,0,3,160,302,49,65
1744,416,2160,0.807407,0.575,1.762588e+05,2.369785e-02,3.1949,3.3457,0,4,119,301,49,65
1745,415,2160,0.80787,0.583,1.765388e+05,2.351063e-02,3.1826,3.3487,0,4,172,300,49,65
1746,414,2160,0.808333,0.583,1.763983e+05,2.585494e-02,3.2016,3.3575,0,7,142,299,49,65
1747,413,2160,0.808796,0.581,1.771486e+05,3.676006e-02,3.1854,3.3379,0,2,20,298,49,65
1748,412,2160,0.809259,0.579,1.783052e+05,3.804335e-02,3.1959,3.3574,0,2,160,297,49,65
1749,411,2160,0.809722,0.577,1.797521e+05,3.945443e-02,3.1923,3.3574,0,9,52,296,49,65
1750,410,2160,0.810185,0.576,1.805617e+05,3.747451e-02,3.2017,3.3339,0,9,10,295,49,65
1751,409,2160,0.810648,0.581,1.823501e+05,3.139913e-02,3.2124,3.3375,0,3,82,294,49,65
1752,408,2160,0.811111,0.579,1.821750e+05,1.757741e-02,3.2191,3.3347,2,7,4,294,49,64
1753,407,2160,0.811574,0.579,1.818625e+05,2.736031e-02,3.1877,3.3581,0,0,10,293,49,64
1754,406,2160,0.812037,0.58,1.839938e+05,3.736701e-02,3.2271,3.3323,0,9,82,292,49,64
1755,405,2160,0.8125,0.581,1.846383e+05,3.248959e-02,3.2009,3.345,0,3,36,291,49,64
1756,404,2160,0.812963,0.579,1.846076e+05,2.774015e-02,3.1809,3.3389,2,5,5,291,49,63
1757,403,2160,0.813426,0.577,1.844981e+05,2.661830e-02,3.2042,3.3552,0,7,21,290,49,63
1758,402,2160,0.813889,0.576,1.864557e+05,1.533435e-02,3.1888,3.3501,1,9,3,290,48,63
1759,401,2160,0.814352,0.582,1.862323e+05,4.015232e-02,3.205,3.3503,0,2,137,289,48,63
1760,400,2160,0.814815,0.576,1.875776e+05,2.745274e-02,3.1957,3.3347,0,7,150,288,48,63
1761,399,2160,0.815278,0.573,1.892149e+05,2.861140e-02,3.1893,3.3526,0,7,53,287,48,63
1762,398,2160,0.815741,0.578,1.900007e+05,4.108270e-02,3.1844,3.3436,1,5,4,287,47,63
1763,397,2160,0.816204,0.572,1.903488e+05,2.922983e-02,3.1908,3.336,0,0,137,286,47,63
1764,396,2160,0.816667,0.572,1.911868e+05,2.410662e-02,3.1885,3.3576,0,4,134,285,47,63
1765,395,2160,0.81713,0.569,1.918497e+05,3.288574e-02,3.2077,3.3445,0,6,160,284,47,63
1766,394,2160,0.817593,0.566,1.924175e+05,3.031344e-02,3.2108,3.3555,0,9,160,283,47,63
1767,393,2160,0.818056,0.564,1.917993e+05,3.864832e-02,3.2037,3.3333,0,2,157,282,47,63
1768,392,2160,0.818519,0.555,1.941426e+05,2.110198e-02,3.2168,3.3404,0,4,99,281,47,63
1769,391,2160,0.818981,0.56,1.965641e+05,3.847797e-02,3.1904,3.3528,0,9,191,280,47,63
1770,390,2160,0.819444,0.564,1.989780e+05,2.084563e-02,3.2026,3.3383,0,4,69,279,47,63
1771,389,2160,0.819907,0.561,2.014544e+05,4.007830e-02,3.198,3.3086,0,2,54,278,47,63
1772,388,2160,0.82037,0.568,2.025656e+05,3.071777e-02,3.1813,3.3498,0,7,66,277,47,63
1773,387,2160,0.820833,0.568,2.029309e+05,1.657142e-02,3.1956,3.345,0,4,66,276,47,63
1774,386,2160,0.821296,0.568,2.023038e+05,3.393609e-02,3.2304,3.364,0,6,35,275,47,63
1775,385,2160,0.821759,0.571,2.038360e+05,2.203839e-02,3.2003,3.3406,0,4,81,274,47,63
1776,384,2160,0.822222,0.573,2.062582e+05,4.065513e-02,3.2091,3.3547,0,2,62,273,47,63
1777,383,2160,0.822685,0.561,2.080294e+05,3.541168e-02,3.2028,3.3481,0,9,62,272,47,63
1778,382,2160,0.823148,0.566,2.069680e+05,2.730756e-02,3.2103,3.3556,0,7,43,271,47,63
1779,381,2160,0.823611,0.566,2.091966e+05,3.975951e-02,3.1935,3.3438,0,2,100,270,47,63
1780,380,2160,0.824074,0.567,2.117529e+05,4.713710e-02,3.2166,3.3538,0,8,132,269,47,63
1781,379,2160,0.824537,0.567,2.127809e+05,3.323934e-02,3.1896,3.352,0,3,178,268,47,63
1782,378,2160,0.825,0.56,2.130193e+05,4.056078e-02,3.2037,3.3506,0,2,113,267,47,63
1783,377,2160,0.825463,0.559,2.154558e+05,3.701021e-02,3.2119,3.356,0,6,91,266,47,63
1784,376,2160,0.825926,0.557,2.161109e+05,2.818346e-02,3.1977,3.3655,0,3,91,265,47,63
1785,375,2160,0.826389,0.559,2.156229e+05,3.670046e-02,3.2031,3.3385,0,6,77,264,47,63
1786,374,2160,0.826852,0.56,2.161771e+05,2.885974e-02,3.198,3.3553,0,7,135,263,47,63
1787,373,2160,0.827315,0.565,2.178854e+05,3.488692e-02,3.2017,3.3562,0,6,51,262,47,63
1788,372,2160,0.827778,0.559,2.200664e+05,4.055646e-02,3.2047,3.3651,0,9,38,261,47,63
1789,371,2160,0.828241,0.558,2.226588e+05,3.064765e-02,3.2168,3.3432,0,0,59,260,47,63
1790,370,2160,0.828704,0.562,2.254705e+05,2.998030e-02,3.1927,3.3467,0,7,39,259,47,63
1791,369,2160,0.829167,0.566,2.277348e+05,4.788833e-02,3.2,3.3518,0,8,158,258,47,63
1792,368,2160,0.82963,0.564,2.305020e+05,3.594197e-02,3.1892,3.3555,0,6,52,257,47,63
1793,367,2160,0.830093,0.558,2.330041e+05,4.920989e-02,3.1945,3.3549,0,8,178,256,47,63
1794,366,2160,0.830556,0.565,2.352392e+05,3.471710e-02,3.2104,3.3651,0,6,100,255,47,63
1795,365,2160,0.831019,0.563,2.380198e+05,3.571612e-02,3.213,3.3498,0,6,34,254,47,63
1796,364,2160,0.831481,0.564,2.397165e+05,2.934508e-02,3.1897,3.3425,0,7,124,253,47,63
1797,363,2160,0.831944,0.565,2.413188e+05,3.521827e-02,3.191,3.3558,0,6,62,252,47,63
1798,362,2160,0.832407,0.56,2.434464e+05,3.318435e-02,3.1983,3.3542,0,7,146,251,47,63
1799,361,2160,0.83287,0.556,2.439605e+05,1.932918e-02,3.2375,3.3462,0,4,146,250,47,63
1800,360,2160,0.833333,0.558,2.433635e+05,2.977379e-02,3.2099,3.3501,0,0,62,249,47,63
1801,359,2160,0.833796,0.558,2.455942e+05,3.586355e-02,3.2084,3.3287,1,9,4,249,46,63
1802,358,2160,0.834259,0.56,2.457294e+05,3.546233e-02,3.2454,3.3627,0,6,177,248,46,63
1803,357,2160,0.834722,0.555,2.477262e+05,2.361839e-02,3.2124,3.3535,0,4,44,247,46,63
1804,356,2160,0.835185,0.556,2.500513e+05,2.646789e-02,3.1869,3.3604,0,4,115,246,46,63
1805,355,2160,0.835648,0.553,2.513787e+05,4.172781e-02,3.1934,3.3387,0,9,105,245,46,63
1806,354,2160,0.836111,0.558,2.536770e+05,3.569057e-02,3.2083,3.3586,0,6,187,244,46,63
1807,353,2160,0.836574,0.554,2.558268e+05,3.769295e-02,3.2123,3.3533,1,6,4,244,45,63
1808,352,2160,0.837037,0.552,2.560709e+05,3.564866e-02,3.21,3.357,0,6,173,243,45,63
1809,351,2160,0.8375,0.548,2.582064e+05,3.852965e-02,3.2072,3.3442,1,1,0,243,44,63
1810,350,2160,0.837963,0.547,2.579438e+05,3.619055e-02,3.2442,3.3532,2,0,2,243,44,62
1811,349,2160,0.838426,0.545,2.579719e+05,4.209671e-02,3.2035,3.3409,0,2,49,242,44,62
1812,348,2160,0.838889,0.544,2.591001e+05,1.977271e-02,3.2172,3.3466,0,3,49,241,44,62
1813,347,2160,0.839352,0.551,2.587764e+05,4.619717e-02,3.2081,3.3408,0,8,172,240,44,62
1814,346,2160,0.839815,0.549,2.602741e+05,2.432306e-02,3.2158,3.346,0,4,110,239,44,62
1815,345,2160,0.840278,0.55,2.623561e+05,4.073648e-02,3.1927,3.345,0,9,163,238,44,62
1816,344,2160,0.840741,0.553,2.649148e+05,4.397395e-02,3.1843,3.3494,0,2,47,237,44,62
1817,343,2160,0.841204,0.554,2.666720e+05,2.278016e-02,3.2077,3.3487,0,7,47,236,44,62
1818,342,2160,0.841667,0.556,2.664237e+05,3.359558e-02,3.211,3.3568,1,1,4,236,43,62
1819,341,2160,0.84213,0.56,2.662375e+05,3.984571e-02,3.2293,3.3549,0,6,129,235,43,62
1820,340,2160,0.842593,0.561,2.671884e+05,5.204927e-02,3.2228,3.3589,0,8,86,234,43,62
1821,339,2160,0.843056,0.565,2.678985e+05,3.225548e-02,3.246,3.3563,0,3,129,233,43,62
1822,338,2160,0.843519,0.557,2.675603e+05,2.272128e-02,3.209,3.3379,2,5,2,233,43,61
1823,337,2160,0.843981,0.556,2.675457e+05,3.651558e-02,3.2169,3.3633,0,6,189,232,43,61
1824,336,2160,0.844444,0.552,2.704035e+05,3.503538e-02,3.227,3.3547,0,0,114,231,43,61
1825,335,2160,0.844907,0.552,2.735968e+05,2.500732e-02,3.2094,3.3551,0,4,195,230,43,61
1826,334,2160,0.84537,0.548,2.770480e+05,2.463549e-02,3.207,3.3557,0,4,152,229,43,61
1827,333,2160,0.845833,0.548,2.804881e+05,3.937513e-02,3.2023,3.3381,0,6,147,228,43,61
1828,332,2160,0.846296,0.547,2.829997e+05,2.579814e-02,3.1956,3.3418,0,4,191,227,43,61
1829,331,2160,0.846759,0.542,2.860003e+05,2.563351e-02,3.1912,3.3495,0,4,163,226,43,61
1830,330,2160,0.847222,0.543,2.894365e+05,2.506771e-02,3.2026,3.3597,0,4,178,225,43,61
1831,329,2160,0.847685,0.542,2.928397e+05,3.436050e-02,3.2043,3.3453,0,7,101,224,43,61
1832,328,2160,0.848148,0.544,2.943865e+05,3.114468e-02,3.1846,3.363,0,7,91,223,43,61
1833,327,2160,0.848611,0.55,2.964971e+05,6.387238e-02,3.1913,3.3452,1,2,8,223,42,61
1834,326,2160,0.849074,0.547,2.959862e+05,2.966478e-02,3.1826,3.3428,0,4,88,222,42,61
1835,325,2160,0.849537,0.552,2.971246e+05,4.469031e-02,3.2035,3.3535,0,9,37,221,42,61
1836,324,2160,0.85,0.547,3.003521e+05,2.611427e-02,3.1853,3.3371,0,4,37,220,42,61
1837,323,2160,0.850463,0.543,3.038808e+05,3.906785e-02,3.2071,3.3315,0,0,90,219,42,61
1838,322,2160,0.850926,0.543,3.058473e+05,4.145100e-02,3.2036,3.3495,0,6,88,218,42,61
1839,321,2160,0.851389,0.545,3.066637e+05,2.715255e-02,3.2011,3.3575,0,7,88,217,42,61
1840,320,2160,0.851852,0.547,3.062497e+05,3.411693e-02,3.239,3.3612,0,3,107,216,42,61
1841,319,2160,0.852315,0.538,3.095123e+05,4.783448e-02,3.2091,3.3486,0,2,88,215,42,61
1842,318,2160,0.852778,0.536,3.115789e+05,3.982702e-02,3.2174,3.3421,0,0,128,214,42,61
1843,317,2160,0.853241,0.535,3.124552e+05,2.593851e-02,3.2137,3.3527,0,4,167,213,42,61
1844,316,2160,0.853704,0.534,3.160987e+05,3.243062e-02,3.2156,3.3573,0,7,127,212,42,61
1845,315,2160,0.854167,0.525,3.200390e+05,3.784917e-02,3.2086,3.3645,1,9,6,212,41,61
1846,314,2160,0.85463,0.531,3.201149e+05,5.374565e-02,3.2074,3.3561,0,8,30,211,41,61
1847,313,2160,0.855093,0.526,3.243050e+05,4.614733e-02,3.1772,3.3545,0,9,72,210,41,61
1848,312,2160,0.855556,0.524,3.280584e+05,5.398034e-02,3.1826,3.3466,0,8,121,209,41,61
1849,311,2160,0.856019,0.525,3.319707e+05,4.225335e-02,3.184,3.3544,0,6,120,208,41,61
1850,310,2160,0.856481,0.525,3.363821e+05,3.347318e-02,3.1949,3.3711,0,7,31,207,41,61
1851,309,2160,0.856944,0.52,3.407429e+05,3.689843e-02,3.1918,3.3508,0,7,129,206,41,61
1852,308,2160,0.857407,0.52,3.426206e+05,2.347589e-02,3.1909,3.3393,0,4,129,205,41,61
1853,307,2160,0.85787,0.517,3.453336e+05,5.543564e-02,3.206,3.3476,0,8,110,204,41,61
1854,306,2160,0.858333,0.519,3.498170e+05,7.250283e-02,3.2136,3.3574,2,4,5,204,41,60
1855,305,2160,0.858796,0.517,3.506743e+05,3.680401e-02,3.1949,3.3546,0,7,148,203,41,60
1856,304,2160,0.859259,0.518,3.541558e+05,3.440896e-02,3.2171,3.357,0,4,36,202,41,60
1857,303,2160,0.859722,0.518,3.550670e+05,4.385804e-02,3.2114,3.3661,0,0,175,201,41,60
1858,302,2160,0.860185,0.518,3.556403e+05,3.891390e-02,3.2015,3.36,0,0,61,200,41,60
1859,301,2160,0.860648,0.517,3.598931e+05,2.678496e-02,3.1958,3.3367,2,4,0,200,41,59
1860,300,2160,0.861111,0.514,3.597460e+05,4.870919e-02,3.2023,3.3466,0,6,117,199,41,59
1861,299,2160,0.861574,0.518,3.610497e+05,4.936686e-02,3.2031,3.3453,0,9,132,198,41,59
1862,298,2160,0.862037,0.516,3.644525e+05,1.050568e-01,3.1973,3.3585,1,5,8,198,40,59
1863,297,2160,0.8625,0.515,3.662313e+05,6.376783e-02,3.2086,3.3463,0,8,109,197,40,59
1864,296,2160,0.862963,0.515,3.689878e+05,3.895654e-02,3.2062,3.3367,0,9,109,196,40,59
1865,295,2160,0.863426,0.511,3.694696e+05,2.854035e-02,3.2016,3.3566,0,4,188,195,40,59
1866,294,2160,0.863889,0.51,3.742876e+05,2.865816e-02,3.2189,3.3511,0,4,38,194,40,59
1867,293,2160,0.864352,0.511,3.791572e+05,1.560551e-02,3.2113,3.3444,1,3,9,194,39,59
1868,292,2160,0.864815,0.51,3.790524e+05,2.936319e-02,3.1941,3.3399,1,5,2,194,38,59
1869,291,2160,0.865278,0.516,3.790248e+05,6.052306e-02,3.1884,3.3295,0,2,76,193,38,59
1870,290,2160,0.865741,0.516,3.806215e+05,4.271185e-02,3.2018,3.3475,0,3,177,192,38,59
1871,289,2160,0.866204,0.516,3.831291e+05,5.019622e-02,3.202,3.3538,0,2,177,191,38,59
1872,288,2160,0.866667,0.514,3.830366e+05,4.354908e-02,3.2157,3.3487,0,7,131,190,38,59
1873,287,2160,0.86713,0.52,3.846028e+05,5.484752e-02,3.2206,3.3598,0,9,118,189,38,59
1874,286,2160,0.867593,0.522,3.859649e+05,4.074126e-02,3.2194,3.3436,0,7,45,188,38,59
1875,285,2160,0.868056,0.517,3.900361e+05,4.797211e-02,3.2181,3.3388,0,6,24,187,38,59
1876,284,2160,0.868519,0.517,3.948671e+05,5.321856e-02,3.1986,3.3531,0,6,146,186,38,59
1877,283,2160,0.868981,0.515,3.968307e+05,4.586598e-02,3.22,3.3456,0,7,118,185,38,59
1878,282,2160,0.869444,0.521,3.967185e+05,3.097961e-02,3.1764,3.3575,0,6,118,184,38,59
1879,281,2160,0.869907,0.521,3.963232e+05,4.550763e-02,3.195,3.3348,0,3,131,183,38,59
1880,280,2160,0.87037,0.517,3.975592e+05,4.450514e-02,3.2053,3.3481,2,4,1,183,38,58
1881,279,2160,0.870833,0.518,3.973822e+05,2.423001e-02,3.2118,3.3541,2,9,3,183,38,57
1882,278,2160,0.871296,0.518,3.968400e+05,6.045333e-02,3.2072,3.3409,2,1,2,183,38,56
1883,277,2160,0.871759,0.518,3.974202e+05,8.943776e-02,3.2065,3.3623,2,2,5,183,38,55
1884,276,2160,0.872222,0.515,3.976645e+05,7.031113e-02,3.1954,3.3625,1,9,0,183,37,55
1885,275,2160,0.872685,0.511,3.975516e+05,6.415405e-02,3.1894,3.3439,0,2,131,182,37,55
1886,274,2160,0.873148,0.512,4.004260e+05,4.529590e-02,3.2059,3.3518,2,7,9,182,37,54
1887,273,2160,0.873611,0.51,4.000342e+05,4.668259e-02,3.2011,3.358,0,0,119,181,37,54
1888,272,2160,0.874074,0.518,4.015763e+05,6.420656e-02,3.2176,3.353,0,2,44,180,37,54
1889,271,2160,0.874537,0.501,4.055800e+05,6.560493e-02,3.2143,3.3589,0,2,94,179,37,54
1890,270,2160,0.875,0.503,4.096909e+05,4.677311e-02,3.1987,3.3454,0,0,33,178,37,54
1891,269,2160,0.875463,0.503,4.108471e+05,4.611849e-02,3.2162,3.3613,0,3,68,177,37,54
1892,268,2160,0.875926,0.506,4.119484e+05,3.933084e-02,3.2048,3.3491,0,7,121,176,37,54
1893,267,2160,0.876389,0.51,4.172877e+05,5.260746e-02,3.2065,3.3224,0,9,171,175,37,54
1894,266,2160,0.876852,0.509,4.225122e+05,6.909251e-02,3.2062,3.3467,0,2,106,174,37,54
1895,265,2160,0.877315,0.485,4.280130e+05,5.652918e-02,3.2029,3.3443,0,9,66,173,37,54
1896,264,2160,0.877778,0.486,4.306257e+05,3.302784e-02,3.2153,3.336,0,6,66,172,37,54
1897,263,2160,0.878241,0.488,4.309562e+05,3.697015e-02,3.2078,3.3593,2,8,6,172,37,53
1898,262,2160,0.878704,0.488,4.309971e+05,6.334161e-02,3.2081,3.3447,2,8,2,172,37,52
1899,261,2160,0.879167,0.489,4.316996e+05,7.026008e-02,3.1975,3.3549,0,2,92,171,37,52
1900,260,2160,0.87963,0.463,4.364588e+05,4.989507e-02,3.2111,3.3608,0,6,186,170,37,52
1901,259,2160,0.880093,0.463,4.422802e+05,6.662740e-02,3.2003,3.3571,0,8,78,169,37,52
1902,258,2160,0.880556,0.46,4.436559e+05,3.488387e-02,3.2012,3.3629,0,3,78,168,37,52
1903,257,2160,0.881019,0.455,4.455173e+05,4.295187e-02,3.2149,3.3554,0,7,92,167,37,52
1904,256,2160,0.881481,0.465,4.480177e+05,4.999730e-02,3.2137,3.3605,0,6,82,166,37,52
1905,255,2160,0.881944,0.465,4.531950e+05,4.253839e-02,3.2067,3.3307,0,3,19,165,37,52
1906,254,2160,0.882407,0.457,4.592841e+05,5.071033e-02,3.205,3.3355,0,6,68,164,37,52
1907,253,2160,0.88287,0.459,4.638932e+05,5.645852e-02,3.1979,3.3496,0,6,90,163,37,52
1908,252,2160,0.883333,0.464,4.645160e+05,4.245226e-02,3.22,3.3447,0,4,142,162,37,52
1909,251,2160,0.883796,0.461,4.661132e+05,3.331996e-02,3.2091,3.3549,0,4,130,161,37,52
1910,250,2160,0.884259,0.461,4.720283e+05,4.530061e-02,3.2034,3.3566,0,0,146,160,37,52
1911,249,2160,0.884722,0.453,4.749313e+05,7.441434e-02,3.198,3.3662,0,2,103,159,37,52
1912,248,2160,0.885185,0.441,4.773882e+05,5.308243e-02,3.2174,3.3573,0,6,50,158,37,52
1913,247,2160,0.885648,0.442,4.813824e+05,4.072919e-02,3.2028,3.3462,0,3,103,157,37,52
1914,246,2160,0.886111,0.445,4.856810e+05,2.924970e-02,3.2087,3.356,1,1,3,157,36,52
1915,245,2160,0.886574,0.442,4.849375e+05,4.537043e-02,3.2081,3.3402,0,0,91,156,36,52
1916,244,2160,0.887037,0.443,4.875590e+05,2.880595e-02,3.2476,3.357,2,2,3,156,36,51
1917,243,2160,0.8875,0.442,4.867382e+05,7.437178e-02,3.2167,3.3625,0,2,48,155,36,51
1918,242,2160,0.887963,0.431,4.897120e+05,2.885052e-02,3.221,3.3439,0,3,48,154,36,51
1919,241,2160,0.888426,0.434,4.903869e+05,7.329803e-02,3.1898,3.3474,0,2,50,153,36,51
1920,240,2160,0.888889,0.422,4.917885e+05,3.251500e-02,3.2067,3.3356,0,3,50,152,36,51
1921,239,2160,0.889352,0.423,4.900757e+05,1.179736e-01,3.2114,3.3503,2,0,5,152,36,50
1922,238,2160,0.889815,0.411,4.925129e+05,1.007490e-01,3.2256,3.3436,1,5,0,152,35,50
1923,237,2160,0.890278,0.408,4.940617e+05,1.292073e-01,3.2128,3.3404,2,6,5,152,35,49
1924,236,2160,0.890741,0.404,4.940370e+05,1.133944e-01,3.2043,3.3349,1,5,7,152,34,49
1925,235,2160,0.891204,0.405,4.966680e+05,5.500869e-02,3.2107,3.3623,0,6,36,151,34,49
1926,234,2160,0.891667,0.413,4.987200e+05,5.411335e-02,3.1984,3.3626,0,6,63,150,34,49
1927,233,2160,0.89213,0.399,5.022750e+05,5.152614e-02,3.2124,3.3629,1,6,6,150,33,49
1928,232,2160,0.892593,0.412,5.020702e+05,4.672393e-02,3.2001,3.3542,0,7,132,149,33,49
1929,231,2160,0.893056,0.405,5.044132e+05,5.604312e-02,3.2123,3.3604,0,9,190,148,33,49
1930,230,2160,0.893519,0.403,5.083933e+05,2.996593e-02,3.212,3.3649,0,3,190,147,33,49
1931,229,2160,0.893981,0.401,5.095532e+05,6.161914e-02,3.2271,3.358,2,2,2,147,33,48
1932,228,2160,0.894444,0.396,5.100161e+05,7.654428e-02,3.2271,3.3626,0,2,80,146,33,48
1933,227,2160,0.894907,0.398,5.135419e+05,7.561206e-02,3.2454,3.348,0,2,128,145,33,48
1934,226,2160,0.89537,0.394,5.178816e+05,5.534960e-02,3.2123,3.3559,0,6,80,144,33,48
1935,225,2160,0.895833,0.392,5.209512e+05,4.380781e-02,3.1987,3.3483,0,3,80,143,33,48
1936,224,2160,0.896296,0.393,5.176943e+05,3.032656e-02,3.2186,3.3493,0,4,80,142,33,48
1937,223,2160,0.896759,0.395,5.218672e+05,3.302268e-02,3.1887,3.3532,0,4,71,141,33,48
1938,222,2160,0.897222,0.392,5.278475e+05,5.054859e-02,3.2167,3.3485,0,6,39,140,33,48
1939,221,2160,0.897685,0.399,5.341822e+05,5.954605e-02,3.2068,3.3556,0,9,53,139,33,48
1940,220,2160,0.898148,0.397,5.383959e+05,8.123686e-02,3.197,3.3438,0,2,117,138,33,48
1941,219,2160,0.898611,0.392,5.410134e+05,4.643996e-02,3.2149,3.3398,0,3,53,137,33,48
1942,218,2160,0.899074,0.393,5.389548e+05,3.441989e-02,3.2141,3.3562,0,4,53,136,33,48
1943,217,2160,0.899537,0.389,5.447503e+05,2.319582e-02,3.1978,3.3456,2,5,0,136,33,47
1944,216,2160,0.9,0.389,5.446499e+05,7.784231e-02,3.244,3.3437,0,2,114,135,33,47
1945,215,2160,0.900463,0.383,5.513155e+05,5.308469e-02,3.1945,3.3433,0,6,44,134,33,47
1946,214,2160,0.900926,0.386,5.582259e+05,2.911066e-02,3.2134,3.3628,2,1,3,134,33,46
1947,213,2160,0.901389,0.388,5.579903e+05,5.311825e-02,3.2611,3.3572,0,6,23,133,33,46
1948,212,2160,0.901852,0.387,5.651123e+05,5.238968e-02,3.2116,3.3605,0,6,48,132,33,46
1949,211,2160,0.902315,0.392,5.719818e+05,5.651010e-02,3.1872,3.3615,0,7,76,131,33,46
1950,210,2160,0.902778,0.392,5.732045e+05,5.001566e-02,3.1935,3.3388,0,3,21,130,33,46
1951,209,2160,0.903241,0.389,5.802835e+05,5.569947e-02,3.2047,3.3562,0,6,49,129,33,46
1952,208,2160,0.903704,0.394,5.877656e+05,6.126354e-02,3.1889,3.3571,0,9,151,128,33,46
1953,207,2160,0.904167,0.392,5.956395e+05,5.661770e-02,3.1987,3.3302,0,6,64,127,33,46
1954,206,2160,0.90463,0.376,6.036175e+05,5.511448e-02,3.2075,3.3539,2,2,6,127,33,45
1955,205,2160,0.905093,0.377,6.040368e+05,4.276637e-02,3.2237,3.3469,2,2,1,127,33,44
1956,204,2160,0.905556,0.379,6.045048e+05,5.725107e-02,3.2318,3.3487,0,0,133,126,33,44
1957,203,2160,0.906019,0.377,6.061369e+05,1.511618e-02,3.2059,3.355,0,4,133,125,33,44
1958,202,2160,0.906481,0.38,6.063977e+05,5.978635e-02,3.1891,3.3415,0,6,76,124,33,44
1959,201,2160,0.906944,0.385,6.120487e+05,4.218036e-02,3.2136,3.3556,2,1,1,124,33,43
1960,200,2160,0.907407,0.387,6.117408e+05,4.870010e-02,3.2028,3.3473,0,0,189,123,33,43
1961,199,2160,0.90787,0.384,6.194450e+05,5.555952e-02,3.229,3.3476,0,3,76,122,33,43
1962,198,2160,0.908333,0.387,6.228889e+05,6.391132e-02,3.1997,3.3545,0,9,148,121,33,43
1963,197,2160,0.908796,0.389,6.299078e+05,7.405907e-02,3.1899,3.3514,2,9,2,121,33,42
1964,196,2160,0.909259,0.389,6.306710e+05,5.148876e-02,3.213,3.3515,0,0,78,120,33,42
1965,195,2160,0.909722,0.388,6.379273e+05,5.115840e-02,3.2064,3.3622,0,0,162,119,33,42
1966,194,2160,0.910185,0.391,6.447197e+05,5.129192e-02,3.1942,3.3615,0,7,96,118,33,42
1967,193,2160,0.910648,0.381,6.526921e+05,6.467025e-02,3.202,3.3553,0,9,162,117,33,42
1968,192,2160,0.911111,0.389,6.600763e+05,5.568343e-02,3.1967,3.3553,0,6,57,116,33,42
1969,191,2160,0.911574,0.395,6.678388e+05,6.688648e-02,3.1981,3.3576,0,9,144,115,33,42
1970,190,2160,0.912037,0.386,6.757812e+05,5.046962e-02,3.2077,3.3553,0,0,176,114,33,42
1971,189,2160,0.9125,0.383,6.841754e+05,5.160213e-02,3.2119,3.3466,0,7,122,113,33,42
1972,188,2160,0.912963,0.382,6.927194e+05,5.260636e-02,3.2013,3.3413,0,7,115,112,33,42
1973,187,2160,0.913426,0.384,7.017816e+05,7.252817e-02,3.1953,3.3641,0,8,77,111,33,42
1974,186,2160,0.913889,0.383,7.038734e+05,6.634056e-02,3.2069,3.3512,0,8,34,110,33,42
1975,185,2160,0.914352,0.388,7.083376e+05,5.402433e-02,3.1831,3.3544,0,0,86,109,33,42
1976,184,2160,0.914815,0.375,7.144923e+05,1.023842e-01,3.1851,3.3379,0,2,73,108,33,42
1977,183,2160,0.915278,0.374,7.238127e+05,5.833461e-02,3.1889,3.3663,0,3,159,107,33,42
1978,182,2160,0.915741,0.371,7.329816e+05,1.810415e-01,3.2045,3.3605,2,8,5,107,33,41
1979,181,2160,0.916204,0.368,7.337403e+05,8.030922e-02,3.2009,2.3716,1,5,3,107,32,41
1980,180,2160,0.916667,0.366,7.335561e+05,5.798806e-02,3.1992,3.3503,0,3,32,106,32,41
1981,179,2160,0.91713,0.36,7.429862e+05,3.843252e-02,3.2076,3.3421,0,4,101,105,32,41
1982,178,2160,0.917593,0.366,7.520081e+05,1.043617e-01,3.2042,3.3456,0,2,89,104,32,41
1983,177,2160,0.918056,0.357,7.590964e+05,6.333996e-02,3.2079,3.3551,0,6,89,103,32,41
1984,176,2160,0.918519,0.351,7.633029e+05,3.485344e-02,3.1982,3.3566,0,7,89,102,32,41
1985,175,2160,0.918981,0.357,7.651643e+05,8.620422e-02,3.1884,3.3549,1,6,7,102,31,41
1986,174,2160,0.919444,0.346,7.695450e+05,6.790300e-02,3.2017,3.333,1,3,8,102,30,41
1987,173,2160,0.919907,0.35,7.733413e+05,1.053205e-01,3.2018,3.3549,0,2,156,101,30,41
1988,172,2160,0.92037,0.342,7.817550e+05,3.313199e-02,3.2121,3.3438,2,0,3,101,30,40
1989,171,2160,0.920833,0.333,7.808473e+05,5.506939e-02,3.2101,3.3675,0,0,76,100,30,40
1990,170,2160,0.921296,0.344,7.897029e+05,6.462151e-02,3.2091,3.358,0,3,117,99,30,40
1991,169,2160,0.921759,0.341,7.954581e+05,6.067845e-02,3.2143,3.3412,2,8,0,99,30,39
1992,168,2160,0.922222,0.326,7.965780e+05,7.832311e-02,3.1926,3.3396,0,9,54,98,30,39
1993,167,2160,0.922685,0.337,8.024885e+05,6.360669e-02,3.2317,3.3566,0,6,47,97,30,39
1994,166,2160,0.923148,0.329,8.100695e+05,1.111853e-01,3.1999,3.3471,0,2,93,96,30,39
1995,165,2160,0.923611,0.323,8.161647e+05,5.833924e-02,3.2017,3.339,0,7,93,95,30,39
1996,164,2160,0.924074,0.333,8.168512e+05,9.817778e-02,3.2113,3.3595,1,2,7,95,29,39
1997,163,2160,0.924537,0.323,8.156894e+05,7.633381e-02,3.2154,3.3645,0,9,36,94,29,39
1998,162,2160,0.925,0.31,8.224297e+05,6.092918e-02,3.2363,3.3545,0,3,93,93,29,39
1999,161,2160,0.925463,0.315,8.198257e+05,2.954334e-02,3.2099,3.3491,0,4,93,92,29,39
2000,160,2160,0.925926,0.314,8.226033e+05,5.761356e-02,3.2124,3.3536,0,3,54,91,29,39
2001,159,2160,0.926389,0.312,8.216320e+05,4.425930e-02,3.2505,3.3525,0,4,109,90,29,39
2002,158,2160,0.926852,0.317,8.318240e+05,5.734401e-02,3.2138,3.3475,0,0,66,89,29,39
2003,157,2160,0.927315,0.309,8.419015e+05,4.373197e-02,3.213,3.3436,0,4,92,88,29,39
2004,156,2160,0.927778,0.311,8.521836e+05,5.757538e-02,3.2093,3.3454,0,0,187,87,29,39
2005,155,2160,0.928241,0.297,8.626030e+05,1.149569e-01,3.2098,3.3646,0,2,74,86,29,39
2006,154,2160,0.928704,0.268,8.736715e+05,6.689418e-02,3.2078,3.3433,0,3,34,85,29,39
2007,153,2160,0.929167,0.266,8.845722e+05,6.860953e-02,3.1953,3.3605,0,7,170,84,29,39
2008,152,2160,0.92963,0.262,8.956567e+05,7.012959e-02,3.2198,3.3516,0,7,117,83,29,39
2009,151,2160,0.930093,0.259,9.068762e+05,4.490292e-02,3.2071,3.3409,0,4,60,82,29,39
2010,150,2160,0.930556,0.263,9.184246e+05,7.997263e-02,3.1963,3.3536,0,9,138,81,29,39
2011,149,2160,0.931019,0.264,9.306838e+05,6.009310e-02,3.2043,3.3528,0,0,52,80,29,39
2012,148,2160,0.931481,0.257,9.432431e+05,5.854771e-02,3.236,3.3467,0,0,132,79,29,39
2013,147,2160,0.931944,0.26,9.546025e+05,5.871825e-02,3.2059,3.3655,0,0,51,78,29,39
2014,146,2160,0.932407,0.253,9.668064e+05,5.547318e-02,3.1916,3.3309,0,4,123,77,29,39
2015,145,2160,0.93287,0.256,9.748243e+05,4.103607e-02,3.2116,3.3604,0,7,123,76,29,39
2016,144,2160,0.933333,0.259,9.763047e+05,6.881480e-02,3.2114,3.3548,0,8,145,75,29,39
2017,143,2160,0.933796,0.258,9.882456e+05,1.221236e-01,3.2085,3.3493,1,1,8,75,28,39
2018,142,2160,0.934259,0.268,9.925963e+05,7.762614e-02,3.2002,3.3612,0,3,77,74,28,39
2019,141,2160,0.934722,0.27,9.959172e+05,8.387559e-02,3.2158,3.3545,0,7,65,73,28,39
2020,140,2160,0.935185,0.257,9.974350e+05,7.416001e-02,3.2014,3.3641,0,3,164,72,28,39
2021,139,2160,0.935648,0.259,1.009431e+06,7.058719e-02,3.218,3.3694,0,6,65,71,28,39
2022,138,2160,0.936111,0.26,1.017752e+06,9.913468e-02,3.1942,3.3486,1,2,6,71,27,39
2023,137,2160,0.936574,0.272,1.018151e+06,7.057503e-02,3.218,3.349,0,3,119,70,27,39
2024,136,2160,0.937037,0.266,1.021645e+06,6.159157e-02,3.1888,3.3551,1,4,9,70,26,39
2025,135,2160,0.9375,0.27,1.021130e+06,8.285680e-02,3.2034,3.3642,0,9,165,69,26,39
2026,134,2160,0.937963,0.275,1.033478e+06,7.212371e-02,3.2108,3.3581,0,6,58,68,26,39
2027,133,2160,0.938426,0.283,1.045885e+06,7.904461e-02,3.2141,3.3435,0,7,172,67,26,39
2028,132,2160,0.938889,0.283,1.053489e+06,7.286864e-02,3.1953,3.3535,0,6,79,66,26,39
2029,131,2160,0.939352,0.28,1.066737e+06,6.218086e-02,3.2154,3.358,2,3,6,66,26,38
2030,130,2160,0.939815,0.282,1.066457e+06,8.174109e-02,3.2111,3.3342,2,2,0,66,26,37
2031,129,2160,0.940278,0.286,1.067216e+06,4.947426e-02,3.2167,3.3422,0,4,106,65,26,37
2032,128,2160,0.940741,0.282,1.081131e+06,8.569038e-02,3.1883,3.3565,0,8,147,64,26,37
2033,127,2160,0.941204,0.279,1.094564e+06,8.755395e-02,3.2086,3.3553,0,3,63,63,26,37
2034,126,2160,0.941667,0.284,1.096687e+06,4.894297e-02,3.2038,3.3483,0,4,65,62,26,37
2035,125,2160,0.94213,0.287,1.110703e+06,5.700757e-02,3.2315,3.3535,0,0,105,61,26,37
2036,124,2160,0.942593,0.275,1.124838e+06,8.940758e-02,3.2091,3.3637,1,6,0,61,25,37
2037,123,2160,0.943056,0.278,1.126020e+06,6.097492e-02,3.2159,3.3595,0,0,161,60,25,37
2038,122,2160,0.943519,0.278,1.139999e+06,1.448252e-01,3.2302,3.348,0,2,90,59,25,37
2039,121,2160,0.943981,0.263,1.149286e+06,1.019232e-01,3.198,3.3535,2,3,9,59,25,36
2040,120,2160,0.944444,0.268,1.151709e+06,1.117447e-01,3.2031,3.356,2,2,9,59,25,35
2041,119,2160,0.944907,0.243,1.154834e+06,1.552205e-01,3.2035,3.3584,0,2,87,58,25,35
2042,118,2160,0.94537,0.249,1.168674e+06,7.661253e-02,3.2023,3.3524,1,0,2,58,24,35
2043,117,2160,0.945833,0.256,1.168672e+06,1.348789e-01,3.207,3.337,1,9,7,58,23,35
2044,116,2160,0.946296,0.26,1.172846e+06,6.395466e-02,3.1949,3.3568,0,0,160,57,23,35
2045,115,2160,0.946759,0.255,1.187801e+06,1.549253e-01,3.1795,3.3314,0,2,116,56,23,35
2046,114,2160,0.947222,0.259,1.199575e+06,1.059621e-01,3.2119,3.3484,2,9,1,56,23,34
2047,113,2160,0.947685,0.259,1.202193e+06,1.411964e-01,3.2263,3.3594,2,0,9,56,23,33
2048,112,2160,0.948148,0.247,1.203299e+06,1.444776e-01,3.2235,3.3601,2,4,9,56,23,32
2049,111,2160,0.948611,0.242,1.205516e+06,8.735342e-02,3.1902,3.3588,2,1,6,56,23,31
2050,110,2160,0.949074,0.242,1.204841e+06,1.111164e-01,3.2194,3.368,2,0,1,56,23,30
2051,109,2160,0.949537,0.234,1.207687e+06,8.390125e-02,3.2058,3.3617,0,0,104,55,23,30
2052,108,2160,0.95,0.23,1.207662e+06,2.525726e-02,3.1962,3.3602,0,4,104,54,23,30
2053,107,2160,0.950463,0.23,1.207267e+06,8.216878e-02,3.2045,3.3594,0,7,72,53,23,30
2054,106,2160,0.950926,0.215,1.221899e+06,5.785391e-02,3.2106,3.3529,0,4,54,52,23,30
2055,105,2160,0.951389,0.215,1.238516e+06,5.778910e-02,3.1843,3.3567,0,4,94,51,23,30
2056,104,2160,0.951852,0.22,1.255243e+06,8.824420e-02,3.2165,3.3513,0,6,136,50,23,30
2057,103,2160,0.952315,0.218,1.269976e+06,7.831654e-02,3.2303,3.3576,0,0,131,49,23,30
2058,102,2160,0.952778,0.211,1.280462e+06,9.468289e-02,3.2097,3.3603,0,6,67,48,23,30
2059,101,2160,0.953241,0.22,1.286412e+06,6.141184e-02,3.2377,3.362,0,7,67,47,23,30
2060,100,2160,0.953704,0.223,1.281427e+06,9.213777e-02,3.1958,3.3582,1,1,9,47,22,30
2061,99,2160,0.954167,0.234,1.281702e+06,9.969429e-02,3.2255,3.3554,0,9,149,46,22,30
2062,98,2160,0.95463,0.232,1.293032e+06,6.660058e-02,3.1968,3.3716,0,7,149,45,22,30
2063,97,2160,0.955093,0.241,1.302750e+06,9.659260e-02,3.1914,3.3543,0,3,116,44,22,30
2064,96,2160,0.955556,0.244,1.303088e+06,5.124781e-02,3.1947,3.3535,0,4,116,43,22,30
2065,95,2160,0.956019,0.243,1.315203e+06,4.053416e-02,3.199,3.3754,2,4,4,43,22,29
2066,94,2160,0.956481,0.244,1.315172e+06,1.378151e-01,3.2021,3.1261,2,6,9,43,22,28
2067,93,2160,0.956944,0.242,1.315596e+06,6.568801e-02,3.2061,3.3498,2,9,4,43,22,27
2068,92,2160,0.957407,0.244,1.315943e+06,1.328196e-01,3.2173,3.3534,1,0,7,43,21,27
2069,91,2160,0.95787,0.245,1.322352e+06,7.776124e-02,3.2359,2.3619,0,7,171,42,21,27
2070,90,2160,0.958333,0.232,1.336232e+06,1.080589e-01,3.2029,3.3577,0,8,131,41,21,27
2071,89,2160,0.958796,0.234,1.351284e+06,6.564972e-02,3.1968,3.3675,0,0,102,40,21,27
2072,88,2160,0.959259,0.229,1.369712e+06,9.340248e-02,3.1927,3.337,0,6,78,39,21,27
2073,87,2160,0.959722,0.218,1.390274e+06,2.039505e-01,3.1985,3.3537,1,0,6,39,20,27
2074,86,2160,0.960185,0.223,1.392261e+06,1.305400e-01,3.21,3.3604,0,9,90,38,20,27
2075,85,2160,0.960648,0.213,1.413183e+06,7.629651e-02,3.1919,3.3589,0,7,90,37,20,27
2076,84,2160,0.961111,0.19,1.425839e+06,1.325451e-01,3.2104,3.3364,1,6,2,37,19,27
2077,83,2160,0.961574,0.174,1.431746e+06,2.078872e-01,3.218,3.346,0,2,75,36,19,27
2078,82,2160,0.962037,0.168,1.451582e+06,1.770112e-01,3.2064,3.3402,2,1,9,36,19,26
2079,81,2160,0.9625,0.173,1.461749e+06,4.990500e-02,3.2215,3.3635,2,5,1,36,19,25
2080,80,2160,0.962963,0.181,1.460286e+06,1.962358e-01,3.2325,3.3586,2,9,9,36,19,24
2081,79,2160,0.963426,0.175,1.474268e+06,3.232846e-01,3.2138,3.3599,1,9,2,36,18,24
2082,78,2160,0.963889,0.168,1.473572e+06,2.552312e-01,3.2161,3.3527,0,2,86,35,18,24
2083,77,2160,0.964352,0.148,1.483248e+06,2.689164e-01,3.223,3.362,1,1,2,35,17,24
2084,76,2160,0.964815,0.147,1.482951e+06,1.529279e-01,3.2257,3.359,1,3,2,35,16,24
2085,75,2160,0.965278,0.144,1.482710e+06,3.025236e-01,3.204,3.3554,1,2,2,35,15,24
2086,74,2160,0.965741,0.144,1.482504e+06,1.879367e-01,3.2048,3.3519,1,0,9,35,14,24
2087,73,2160,0.966204,0.134,1.483761e+06,2.852629e-01,3.2125,3.3581,2,6,1,35,14,23
2088,72,2160,0.966667,0.139,1.488507e+06,2.811073e-01,3.2094,3.3568,1,1,6,35,13,23
2089,71,2160,0.96713,0.134,1.492583e+06,1.839916e-01,3.2185,3.3599,0,6,119,34,13,23
2090,70,2160,0.967593,0.134,1.491058e+06,2.794491e-01,3.1983,3.3551,2,7,1,34,13,22
2091,69,2160,0.968056,0.135,1.490151e+06,1.114846e-01,3.246,3.3578,0,3,143,33,13,22
2092,68,2160,0.968519,0.133,1.511952e+06,1.013700e-01,3.2091,3.3578,0,7,95,32,13,22
2093,67,2160,0.968981,0.128,1.538010e+06,6.273774e-02,3.2137,3.2309,0,4,141,31,13,22
2094,66,2160,0.969444,0.127,1.561723e+06,1.517973e-01,3.2131,3.3552,0,8,91,30,13,22
2095,65,2160,0.969907,0.109,1.598457e+06,6.847991e-02,3.2214,3.3568,0,4,144,29,13,22
2096,64,2160,0.97037,0.11,1.623847e+06,6.736458e-02,3.1855,3.3558,0,0,118,28,13,22
2097,63,2160,0.970833,0.111,1.648644e+06,2.712250e-01,3.2096,3.3615,1,6,9,28,12,22
2098,62,2160,0.971296,0.11,1.676665e+06,1.889257e-01,3.222,3.3673,0,9,119,27,12,22
2099,61,2160,0.971759,0.114,1.676408e+06,1.477293e-01,3.2093,3.3552,2,7,6,27,12,21
2100,60,2160,0.972222,0.114,1.676703e+06,7.096474e-02,3.2144,3.3483,0,0,148,26,12,21
2101,59,2160,0.972685,0.115,1.703526e+06,1.221908e-01,3.1818,3.346,1,0,0,26,11,21
2102,58,2160,0.973148,0.118,1.714989e+06,1.268338e-01,3.1876,3.3535,0,3,135,25,11,21
2103,57,2160,0.973611,0.118,1.744709e+06,7.457284e-02,3.2021,3.3592,0,4,33,24,11,21
2104,56,2160,0.974074,0.118,1.778209e+06,1.159836e-01,3.2022,3.3387,2,7,2,24,11,20
2105,55,2160,0.974537,0.117,1.778229e+06,9.896245e-02,3.1994,3.3585,2,3,0,24,11,19
2106,54,2160,0.975,0.111,1.778618e+06,1.031389e-01,3.196,3.3615,2,3,2,24,11,18
2107,53,2160,0.975463,0.124,1.778100e+06,1.312727e-01,3.2015,3.3561,0,3,124,23,11,18
2108,52,2160,0.975926,0.123,1.816992e+06,7.998356e-02,3.1947,3.3651,0,0,36,22,11,18
2109,51,2160,0.976389,0.125,1.858110e+06,1.375106e-01,3.1879,3.3436,0,3,20,21,11,18
2110,50,2160,0.976852,0.124,1.904846e+06,1.246016e-01,3.1939,3.3467,0,7,136,20,11,18
2111,49,2160,0.977315,0.121,1.955516e+06,1.506928e-01,3.1844,3.3644,0,3,35,19,11,18
2112,48,2160,0.977778,0.119,2.016334e+06,3.003987e-01,3.1941,3.3546,2,0,6,19,11,17
2113,47,2160,0.978241,0.12,2.021355e+06,2.336412e-01,3.2046,3.3579,2,9,0,19,11,16
2114,46,2160,0.978704,0.123,2.026124e+06,2.285786e-01,3.2178,3.3443,2,4,2,19,11,15
2115,45,2160,0.979167,0.122,2.025380e+06,1.715982e-01,3.1919,3.3583,2,5,6,19,11,14
2116,44,2160,0.97963,0.121,2.026297e+06,1.245279e-01,3.1817,3.3693,1,6,3,19,10,14
2117,43,2160,0.980093,0.124,2.024696e+06,1.888164e-01,3.218,3.3619,1,2,3,19,9,14
2118,42,2160,0.980556,0.123,2.024056e+06,3.271755e-01,3.2059,3.354,2,6,2,19,9,13
2119,41,2160,0.981019,0.123,2.022806e+06,2.657042e-01,3.2144,3.3681,2,6,0,19,9,12
2120,40,2160,0.981481,0.122,2.025935e+06,2.757719e-01,3.2048,3.3548,2,7,0,19,9,11
2121,39,2160,0.981944,0.12,2.036161e+06,2.438496e-01,3.2035,3.3464,1,0,3,19,8,11
2122,38,2160,0.982407,0.121,2.035481e+06,1.339563e-01,3.2245,3.3522,0,3,137,18,8,11
2123,37,2160,0.98287,0.123,2.099642e+06,1.448430e-01,3.2147,3.3614,0,3,134,17,8,11
2124,36,2160,0.983333,0.123,2.181539e+06,2.256470e-01,3.2231,3.3607,1,4,3,17,7,11
2125,35,2160,0.983796,0.11,2.213207e+06,1.539864e-01,3.1924,3.3523,0,0,77,16,7,11
2126,34,2160,0.984259,0.096,2.224888e+06,6.983447e-02,3.2044,3.3499,0,7,77,15,7,11
2127,33,2160,0.984722,0.094,2.226178e+06,2.208493e-01,3.2414,3.3362,1,3,7,15,6,11
2128,32,2160,0.985185,0.095,2.223320e+06,1.424715e-01,3.2154,3.363,0,4,50,14,6,11
2129,31,2160,0.985648,0.097,2.216542e+06,6.494748e-02,3.1918,3.3702,0,0,50,13,6,11
2130,30,2160,0.986111,0.093,2.247641e+06,1.594640e-01,3.2197,3.3537,0,3,150,12,6,11
2131,29,2160,0.986574,0.096,2.340659e+06,1.872848e-01,3.2135,3.3491,2,1,4,12,6,10
2132,28,2160,0.987037,0.096,2.551237e+06,9.779359e-02,3.2218,3.3411,0,4,67,11,6,10
2133,27,2160,0.9875,0.099,2.664955e+06,1.885983e-01,3.2223,3.3429,2,6,3,11,6,9
2134,26,2160,0.987963,0.097,2.662796e+06,1.622693e-01,3.2035,3.3527,2,6,4,11,6,8
2135,25,2160,0.988426,0.096,2.968905e+06,2.086242e-01,3.1984,3.3553,0,8,146,10,6,8
2136,24,2160,0.988889,0.089,3.072684e+06,3.289013e-01,3.2161,3.3531,1,4,8,10,5,8
2137,23,2160,0.989352,0.089,3.058969e+06,1.089011e-01,3.2474,3.3519,0,4,175,9,5,8
2138,22,2160,0.989815,0.09,3.212666e+06,1.334216e-01,3.2306,3.3333,0,0,172,8,5,8
2139,21,2160,0.990278,0.088,3.440721e+06,2.251387e-01,3.2393,3.3665,2,7,3,8,5,7
2140,20,2160,0.990741,0.089,4.145160e+06,1.410729e-01,3.1893,3.3496,0,4,173,7,5,7
2141,19,2160,0.991204,0.089,4.408078e+06,1.709839e-01,3.2094,3.3533,0,4,174,6,5,7
2142,18,2160,0.991667,0.09,4.810139e+06,2.650313e-01,3.1946,3.3284,0,3,142,5,5,7
2143,17,2160,0.99213,0.087,5.276051e+06,3.513518e-01,3.215,3.3605,1,3,3,5,4,7
2144,16,2160,0.992593,0.087,5.223307e+06,6.372437e-01,3.2027,3.3559,1,4,4,5,3,7
2145,15,2160,0.993056,0.087,6.478469e+06,1.342665e-01,3.21,3.3582,2,5,4,5,3,6
2146,14,2160,0.993519,0.086,6.408855e+06,6.309950e-01,3.2011,3.3576,2,2,4,5,3,5
2147,13,2160,0.993981,0.087,8.778489e+06,4.856156e-01,3.2032,3.3503,2,8,3,5,3,4
2148,12,2160,0.994444,0.087,1.077577e+07,4.746849e-01,3.2387,3.3666,1,4,0,5,2,4
2149,11,2160,0.994907,0.087,1.207121e+07,7.560409e-01,3.2067,3.3518,2,0,4,5,2,3
2150,10,2160,0.99537,0.087,1.197302e+07,1.828145e-01,3.1931,3.3558,0,4,82,4,2,3
2151,9,2160,0.995833,0.087,1.247068e+07,6.482858e-01,3.1878,3.3537,2,3,3,4,2,2
2152,8,2160,0.996296,0.087,1.435249e+07,2.400438e-01,3.2078,3.3349,0,4,128,3,2,2
2153,7,2160,0.996759,0.087,1.521287e+07,2.672380e-01,3.2086,3.3631,0,4,63,2,2,2
2154,6,2160,0.997222,0.087,1.562708e+07,4.752154e-01,3.2176,3.3313,0,0,63,1,2,2
2155,5,2160,0.997685,0.087,1.684085e+07,1.060024e+00,3.2162,3.3356,1,3,0,1,1,2
2156,4,2160,0.998148,0.087,1.723256e+07,1.907907e+00,3.227,3.3492,2,4,3,1,1,1
2157,3,2160,0.998611,0.087,2.349683e+07,1.665551e+00,3.2331,3.3698,0,4,68,0,1,1
2158,2,2160,0.999074,0.087,5.787876e+06,2.347899e+00,2.8493,3.3475,1,3,4,0,0,1
2159,1,2160,0.999537,0.087,2.301754e+06,4.188980e+00,2.8799,0.7831,2,5,3,0,0,0
