step,NZ,total_W,sparsity,val_acc,d_manifold,d_W,prune_time_s,candidate_layer,candidate_i,candidate_j,layer_0_NZ,layer_1_NZ,layer_2_NZ
0,2160,2160,0.0,0.909,0.000000e+00,2.837125e-04,5.5249,0,7,168,1959,100,100
1,2159,2160,0.000463,0.909,1.087620e-08,3.368416e-04,2.5763,0,9,42,1958,100,100
2,2158,2160,0.000926,0.909,1.087620e-08,3.404646e-04,2.5691,2,3,3,1958,100,99
3,2157,2160,0.001389,0.909,1.087620e-08,4.539759e-04,2.6146,0,9,156,1957,100,99
4,2156,2160,0.001852,0.909,1.704466e-06,5.915386e-04,2.5986,0,9,190,1956,100,99
5,2155,2160,0.002315,0.909,1.704415e-06,7.387233e-04,2.608,0,9,34,1955,100,99
6,2154,2160,0.002778,0.909,1.704425e-06,7.656040e-04,2.5958,1,0,5,1955,99,99
7,2153,2160,0.003241,0.909,1.704425e-06,8.169118e-04,2.6073,0,9,23,1954,99,99
8,2152,2160,0.003704,0.909,1.704446e-06,1.076557e-03,2.6115,0,9,43,1953,99,99
9,2151,2160,0.004167,0.909,1.704503e-06,1.155320e-03,2.6443,1,3,8,1953,98,99
10,2150,2160,0.00463,0.909,1.704503e-06,1.161195e-03,2.6072,2,2,0,1953,98,98
11,2149,2160,0.005093,0.909,1.704503e-06,1.175608e-03,2.6147,1,3,6,1953,97,98
12,2148,2160,0.005556,0.909,1.704503e-06,1.232623e-03,2.6188,2,0,3,1953,97,97
13,2147,2160,0.006019,0.909,1.704503e-06,1.237646e-03,2.5895,0,9,192,1952,97,97
14,2146,2160,0.006481,0.909,1.704544e-06,1.219532e-03,2.6084,0,9,20,1951,97,97
15,2145,2160,0.006944,0.908,1.704581e-06,1.464110e-03,2.5863,2,8,3,1951,97,96
16,2144,2160,0.007407,0.908,1.704581e-06,1.487493e-03,2.5798,2,7,4,1951,97,95
17,2143,2160,0.00787,0.908,1.704581e-06,1.517570e-03,2.5888,0,9,153,1950,97,95
18,2142,2160,0.008333,0.909,1.069240e-04,1.629590e-03,2.6225,0,9,163,1949,97,95
19,2141,2160,0.008796,0.909,1.069241e-04,1.941911e-03,2.6053,0,9,17,1948,97,95
20,2140,2160,0.009259,0.909,1.069236e-04,1.877648e-03,2.6017,0,9,15,1947,97,95
21,2139,2160,0.009722,0.909,1.069240e-04,2.000321e-03,2.6046,0,9,184,1946,97,95
22,2138,2160,0.010185,0.909,1.069235e-04,1.992402e-03,2.6123,0,9,4,1945,97,95
23,2137,2160,0.010648,0.909,1.069235e-04,2.048607e-03,2.5876,1,3,3,1945,96,95
24,2136,2160,0.011111,0.909,1.069235e-04,2.138908e-03,2.6074,0,9,113,1944,96,95
25,2135,2160,0.011574,0.91,1.069239e-04,2.292839e-03,2.6103,0,9,112,1943,96,95
26,2134,2160,0.012037,0.909,1.069240e-04,2.152956e-03,2.6005,0,9,171,1942,96,95
27,2133,2160,0.0125,0.909,1.069238e-04,2.269382e-03,2.5945,0,9,165,1941,96,95
28,2132,2160,0.012963,0.909,1.069237e-04,2.343561e-03,2.5778,0,9,44,1940,96,95
29,2131,2160,0.013426,0.909,1.069243e-04,2.586972e-03,2.6023,1,0,1,1940,95,95
30,2130,2160,0.013889,0.909,1.069243e-04,2.632376e-03,2.6545,0,9,27,1939,95,95
31,2129,2160,0.014352,0.909,1.069250e-04,2.522923e-03,2.5968,0,9,96,1938,95,95
32,2128,2160,0.014815,0.909,1.069258e-04,2.563960e-03,2.6279,0,9,26,1937,95,95
33,2127,2160,0.015278,0.909,1.069259e-04,2.807136e-03,2.6189,0,9,193,1936,95,95
34,2126,2160,0.015741,0.909,1.069266e-04,2.819221e-03,2.5983,1,0,6,1936,94,95
35,2125,2160,0.016204,0.909,1.069266e-04,2.901154e-03,2.6017,0,9,70,1935,94,95
36,2124,2160,0.016667,0.909,1.069268e-04,2.891931e-03,2.5864,0,9,124,1934,94,95
37,2123,2160,0.01713,0.909,1.069272e-04,2.981886e-03,2.6172,1,0,3,1934,93,95
38,2122,2160,0.017593,0.909,1.069272e-04,3.062201e-03,2.5911,2,7,3,1934,93,94
39,2121,2160,0.018056,0.909,1.069272e-04,3.089254e-03,2.5788,2,5,3,1934,93,93
40,2120,2160,0.018519,0.909,1.069272e-04,3.095933e-03,2.5875,2,7,0,1934,93,92
41,2119,2160,0.018981,0.909,1.069272e-04,3.143097e-03,2.5929,0,9,1,1933,93,92
42,2118,2160,0.019444,0.909,1.069259e-04,3.292648e-03,2.6041,2,8,0,1933,93,91
43,2117,2160,0.019907,0.909,1.069259e-04,3.336959e-03,2.6033,1,0,8,1933,92,91
44,2116,2160,0.02037,0.909,1.069259e-04,3.580750e-03,2.5969,2,4,3,1933,92,90
45,2115,2160,0.020833,0.909,1.069259e-04,3.626413e-03,2.6001,0,9,9,1932,92,90
46,2114,2160,0.021296,0.909,1.069254e-04,3.633084e-03,2.5686,1,3,4,1932,91,90
47,2113,2160,0.021759,0.909,1.069254e-04,4.031292e-03,2.6187,0,9,66,1931,91,90
48,2112,2160,0.022222,0.909,1.069256e-04,3.731759e-03,2.6181,0,9,64,1930,91,90
49,2111,2160,0.022685,0.908,1.069244e-04,4.035663e-03,2.6047,1,3,1,1930,90,90
50,2110,2160,0.023148,0.908,1.069244e-04,4.227177e-03,2.593,0,9,71,1929,90,90
51,2109,2160,0.023611,0.908,1.069245e-04,4.326879e-03,2.671,0,9,101,1928,90,90
52,2108,2160,0.024074,0.908,1.069271e-04,4.165902e-03,2.6118,0,9,2,1927,90,90
53,2107,2160,0.024537,0.908,1.282602e-04,4.390978e-03,2.6216,0,9,65,1926,90,90
54,2106,2160,0.025,0.908,1.282589e-04,4.431417e-03,2.6054,2,1,3,1926,90,89
55,2105,2160,0.025463,0.908,1.282589e-04,4.659119e-03,2.5992,2,9,3,1926,90,88
56,2104,2160,0.025926,0.908,1.282589e-04,4.664203e-03,2.6186,0,9,131,1925,90,88
57,2103,2160,0.026389,0.909,6.744772e-03,4.478235e-03,2.5971,0,9,170,1924,90,88
58,2102,2160,0.026852,0.908,7.202497e-03,5.029749e-03,2.608,0,9,40,1923,90,88
59,2101,2160,0.027315,0.907,7.202495e-03,5.111996e-03,2.5989,0,9,189,1922,90,88
60,2100,2160,0.027778,0.907,7.303276e-03,5.237716e-03,2.5842,2,9,0,1922,90,87
61,2099,2160,0.028241,0.907,7.303276e-03,5.298909e-03,2.6571,0,9,6,1921,90,87
62,2098,2160,0.028704,0.909,7.303275e-03,5.310262e-03,2.5813,0,9,12,1920,90,87
63,2097,2160,0.029167,0.907,7.303271e-03,5.482490e-03,2.6079,2,6,3,1920,90,86
64,2096,2160,0.02963,0.907,7.303271e-03,5.612117e-03,2.5826,0,9,175,1919,90,86
65,2095,2160,0.030093,0.91,7.303271e-03,5.615742e-03,2.6049,0,9,79,1918,90,86
66,2094,2160,0.030556,0.91,7.303271e-03,5.453023e-03,2.6041,0,9,140,1917,90,86
67,2093,2160,0.031019,0.909,7.303275e-03,5.679962e-03,2.6045,0,9,39,1916,90,86
68,2092,2160,0.031481,0.91,7.303274e-03,5.472425e-03,2.6115,0,9,31,1915,90,86
69,2091,2160,0.031944,0.908,7.303273e-03,5.879138e-03,2.6281,1,0,2,1915,89,86
70,2090,2160,0.032407,0.908,7.303273e-03,5.950868e-03,2.6009,0,9,179,1914,89,86
71,2089,2160,0.03287,0.91,7.303272e-03,5.517652e-03,2.6119,0,9,14,1913,89,86
72,2088,2160,0.033333,0.909,9.111935e-03,6.359042e-03,2.6079,0,9,41,1912,89,86
73,2087,2160,0.033796,0.91,9.111935e-03,6.186667e-03,2.5977,0,9,185,1911,89,86
74,2086,2160,0.034259,0.908,9.111932e-03,5.767310e-03,2.6117,0,9,80,1910,89,86
75,2085,2160,0.034722,0.908,9.327750e-03,5.626278e-03,2.6069,0,9,111,1909,89,86
76,2084,2160,0.035185,0.908,9.327750e-03,6.085707e-03,2.631,0,9,123,1908,89,86
77,2083,2160,0.035648,0.91,9.327748e-03,5.610071e-03,2.6024,0,9,11,1907,89,86
78,2082,2160,0.036111,0.908,9.327749e-03,6.547644e-03,2.5949,2,2,3,1907,89,85
79,2081,2160,0.036574,0.908,9.327749e-03,6.587587e-03,2.6125,2,4,0,1907,89,84
80,2080,2160,0.037037,0.908,9.327749e-03,6.640579e-03,2.5957,1,3,2,1907,88,84
81,2079,2160,0.0375,0.908,9.327749e-03,6.667055e-03,2.6679,0,9,114,1906,88,84
82,2078,2160,0.037963,0.909,9.327750e-03,6.676310e-03,2.6034,2,2,7,1906,88,83
83,2077,2160,0.038426,0.909,9.327759e-03,7.075389e-03,2.6467,2,5,0,1906,88,82
84,2076,2160,0.038889,0.909,9.327759e-03,7.601362e-03,2.6108,1,3,0,1906,87,82
85,2075,2160,0.039352,0.909,9.327759e-03,7.808174e-03,2.6013,0,9,98,1905,87,82
86,2074,2160,0.039815,0.909,9.327759e-03,7.063870e-03,2.6168,0,9,176,1904,87,82
87,2073,2160,0.040278,0.91,9.327758e-03,7.791636e-03,2.5883,0,9,116,1903,87,82
88,2072,2160,0.040741,0.91,9.327763e-03,8.115184e-03,2.6052,1,3,5,1903,86,82
89,2071,2160,0.041204,0.91,9.327763e-03,8.603955e-03,2.584,0,9,117,1902,86,82
90,2070,2160,0.041667,0.911,9.327761e-03,8.634272e-03,2.6076,2,3,0,1902,86,81
91,2069,2160,0.04213,0.911,9.327761e-03,8.690102e-03,2.5836,0,9,29,1901,86,81
92,2068,2160,0.042593,0.91,9.327753e-03,8.107672e-03,2.5837,0,9,61,1900,86,81
93,2067,2160,0.043056,0.91,9.335664e-03,8.258581e-03,2.6225,0,9,159,1899,86,81
94,2066,2160,0.043519,0.911,9.335662e-03,8.372373e-03,2.5884,0,9,77,1898,86,81
95,2065,2160,0.043981,0.91,1.110043e-02,7.991012e-03,2.5888,0,9,83,1897,86,81
96,2064,2160,0.044444,0.91,1.110044e-02,8.588199e-03,2.5914,0,9,56,1896,86,81
97,2063,2160,0.044907,0.909,1.110043e-02,7.983638e-03,2.6223,0,9,138,1895,86,81
98,2062,2160,0.04537,0.909,1.119241e-02,9.208299e-03,2.608,0,9,90,1894,86,81
99,2061,2160,0.045833,0.91,2.365579e-02,9.985379e-03,2.6118,1,0,4,1894,85,81
100,2060,2160,0.046296,0.91,2.365579e-02,1.012715e-02,2.6134,1,3,9,1894,84,81
101,2059,2160,0.046759,0.91,2.365579e-02,1.023834e-02,2.6364,0,9,125,1893,84,81
102,2058,2160,0.047222,0.91,2.456073e-02,1.024221e-02,2.6036,0,9,99,1892,84,81
103,2057,2160,0.047685,0.911,2.456074e-02,9.845613e-03,2.6503,0,9,69,1891,84,81
104,2056,2160,0.048148,0.91,2.806672e-02,9.653158e-03,2.6254,0,9,186,1890,84,81
105,2055,2160,0.048611,0.91,6.204327e-02,1.128917e-02,2.5935,0,9,194,1889,84,81
106,2054,2160,0.049074,0.91,6.204327e-02,2.035609e-04,2.591,0,8,189,1888,84,81
107,2053,2160,0.049537,0.91,6.204343e-02,1.160817e-02,2.6123,0,9,7,1887,84,81
108,2052,2160,0.05,0.912,6.204343e-02,1.193002e-02,2.5867,0,9,53,1886,84,81
109,2051,2160,0.050463,0.909,6.204342e-02,1.103234e-02,2.6,0,9,13,1885,84,81
110,2050,2160,0.050926,0.909,6.204343e-02,1.133870e-02,2.5868,0,9,195,1884,84,81
111,2049,2160,0.051389,0.91,6.204345e-02,1.194904e-02,2.6246,2,1,0,1884,84,80
112,2048,2160,0.051852,0.91,6.204345e-02,1.279777e-02,2.5827,1,0,9,1884,83,80
113,2047,2160,0.052315,0.91,6.204345e-02,1.352142e-02,2.5821,0,9,25,1883,83,80
114,2046,2160,0.052778,0.909,6.204344e-02,1.193866e-02,2.6081,0,9,126,1882,83,80
115,2045,2160,0.053241,0.909,6.204345e-02,1.126939e-02,2.6026,0,9,180,1881,83,80
116,2044,2160,0.053704,0.909,6.425577e-02,1.217078e-02,2.6477,0,9,102,1880,83,80
117,2043,2160,0.054167,0.909,7.174382e-02,1.073309e-02,2.5952,0,9,47,1879,83,80
118,2042,2160,0.05463,0.908,7.738555e-02,1.094287e-02,2.6269,0,9,97,1878,83,80
119,2041,2160,0.055093,0.908,7.738557e-02,1.147489e-02,2.5755,0,9,169,1877,83,80
120,2040,2160,0.055556,0.908,9.065738e-02,1.392149e-02,2.5997,2,0,0,1877,83,79
121,2039,2160,0.056019,0.908,9.065738e-02,1.485264e-02,2.5916,0,9,24,1876,83,79
122,2038,2160,0.056481,0.907,9.698698e-02,1.495996e-02,2.662,0,9,182,1875,83,79
123,2037,2160,0.056944,0.907,1.706135e-01,2.452046e-04,2.6102,0,8,33,1874,83,79
124,2036,2160,0.057407,0.907,1.706142e-01,1.620600e-02,2.609,0,9,8,1873,83,79
125,2035,2160,0.05787,0.907,2.690639e-01,1.745898e-02,2.6074,1,3,7,1873,82,79
126,2034,2160,0.058333,0.907,2.690639e-01,1.748948e-02,2.5756,0,9,18,1872,82,79
127,2033,2160,0.058796,0.905,2.704482e-01,1.467628e-02,2.5974,0,9,63,1871,82,79
128,2032,2160,0.059259,0.908,3.249782e-01,1.177998e-02,2.6029,0,9,55,1870,82,79
129,2031,2160,0.059722,0.908,3.446935e-01,1.814296e-02,2.6109,2,6,0,1870,82,78
130,2030,2160,0.060185,0.908,3.446935e-01,2.126580e-02,2.6211,1,0,0,1870,81,78
131,2029,2160,0.060648,0.908,3.446935e-01,2.295177e-02,2.6284,1,0,7,1870,80,78
132,2028,2160,0.061111,0.908,3.446935e-01,2.557871e-02,2.612,0,9,154,1869,80,78
133,2027,2160,0.061574,0.908,1.147533e+00,2.643249e-02,2.6063,2,0,8,1869,80,77
134,2026,2160,0.062037,0.908,1.147533e+00,3.539135e-02,2.5846,2,1,2,1869,80,76
135,2025,2160,0.0625,0.908,1.147533e+00,4.941665e-02,2.643,0,9,85,1868,80,76
136,2024,2160,0.062963,0.906,4.195799e+00,5.335556e-02,2.6201,2,5,5,1868,80,75
137,2023,2160,0.063426,0.906,4.195799e+00,5.569505e-02,2.6361,2,4,9,1868,80,74
138,2022,2160,0.063889,0.906,4.195799e+00,8.852094e-02,2.5895,2,0,1,1868,80,73
139,2021,2160,0.064352,0.906,4.195799e+00,1.442314e-03,2.6156,0,7,28,1867,80,73
140,2020,2160,0.064815,0.906,4.195807e+00,1.137551e-01,2.6208,2,1,6,1867,80,72
141,2019,2160,0.065278,0.906,4.195807e+00,1.632806e-03,2.6056,0,8,21,1866,80,72
142,2018,2160,0.065741,0.906,4.195908e+00,1.098153e-02,2.5875,2,8,9,1866,80,71
143,2017,2160,0.066204,0.906,4.196557e+00,7.013648e-03,2.5997,2,3,9,1866,80,70
144,2016,2160,0.066667,0.906,4.196400e+00,3.628393e-03,2.6105,0,7,84,1865,80,70
145,2015,2160,0.06713,0.906,4.196689e+00,3.696886e-03,2.616,0,2,194,1864,80,70
146,2014,2160,0.067593,0.906,4.196639e+00,7.371128e-05,2.617,0,3,43,1863,80,70
147,2013,2160,0.068056,0.906,4.196668e+00,5.424399e-03,2.5968,0,2,152,1862,80,70
148,2012,2160,0.068519,0.906,4.196738e+00,2.422946e-03,2.5982,0,8,179,1861,80,70
149,2011,2160,0.068981,0.906,4.196845e+00,1.196281e-03,2.5926,0,4,42,1860,80,70
150,2010,2160,0.069444,0.906,4.196798e+00,2.159704e-03,2.6032,0,4,83,1859,80,70
151,2009,2160,0.069907,0.906,4.196727e+00,7.549432e-03,2.5884,0,8,59,1858,80,70
152,2008,2160,0.07037,0.906,4.197740e+00,4.062275e-03,2.5914,0,0,24,1857,80,70
153,2007,2160,0.070833,0.906,4.198010e+00,6.835110e-03,2.5992,2,6,7,1857,80,69
154,2006,2160,0.071296,0.906,4.197104e+00,8.986515e-04,2.6178,0,8,186,1856,80,69
155,2005,2160,0.071759,0.906,4.197096e+00,1.322311e-03,2.6334,0,8,127,1855,80,69
156,2004,2160,0.072222,0.906,4.197014e+00,1.899813e-04,2.5952,0,3,159,1854,80,69
157,2003,2160,0.072685,0.906,4.197141e+00,1.982232e-03,2.5913,0,4,5,1853,80,69
158,2002,2160,0.073148,0.906,4.196868e+00,2.931322e-03,2.5891,0,7,16,1852,80,69
159,2001,2160,0.073611,0.906,4.197637e+00,2.013157e-03,2.602,0,7,178,1851,80,69
160,2000,2160,0.074074,0.906,4.197953e+00,3.065999e-03,2.5905,0,8,110,1850,80,69
161,1999,2160,0.074537,0.906,4.198040e+00,1.688447e-03,2.6,0,8,4,1849,80,69
162,1998,2160,0.075,0.906,4.198205e+00,2.653546e-03,2.6264,0,8,190,1848,80,69
163,1997,2160,0.075463,0.906,4.198336e+00,4.454310e-03,2.5949,0,8,86,1847,80,69
164,1996,2160,0.075926,0.906,4.198578e+00,1.838886e-02,2.6143,0,2,106,1846,80,69
165,1995,2160,0.076389,0.906,4.208913e+00,6.869051e-03,2.6214,0,4,194,1845,80,69
166,1994,2160,0.076852,0.906,4.210187e+00,2.064267e-03,2.6053,0,8,56,1844,80,69
167,1993,2160,0.077315,0.906,4.210257e+00,9.188834e-03,2.5941,0,4,60,1843,80,69
168,1992,2160,0.077778,0.906,4.211779e+00,1.729957e-02,2.6018,1,9,9,1843,79,69
169,1991,2160,0.078241,0.906,4.217233e+00,3.400292e-03,2.6049,0,8,126,1842,79,69
170,1990,2160,0.078704,0.906,4.217594e+00,3.779999e-03,2.5943,0,8,74,1841,79,69
171,1989,2160,0.079167,0.906,4.217569e+00,4.542425e-03,2.5891,0,4,80,1840,79,69
172,1988,2160,0.07963,0.906,4.217796e+00,2.722726e-03,2.6095,0,8,101,1839,79,69
173,1987,2160,0.080093,0.906,4.218444e+00,3.825333e-03,2.5867,0,7,120,1838,79,69
174,1986,2160,0.080556,0.906,4.219255e+00,1.530427e-02,2.618,0,0,133,1837,79,69
175,1985,2160,0.081019,0.907,4.228768e+00,4.003611e-03,2.6413,0,8,16,1836,79,69
176,1984,2160,0.081481,0.907,4.228151e+00,2.222889e-03,2.6358,0,8,191,1835,79,69
177,1983,2160,0.081944,0.907,4.228713e+00,3.418241e-03,2.6139,0,8,27,1834,79,69
178,1982,2160,0.082407,0.907,4.230074e+00,1.136630e-02,2.6035,0,8,97,1833,79,69
179,1981,2160,0.08287,0.907,4.228219e+00,5.222535e-03,2.6213,0,5,55,1832,79,69
180,1980,2160,0.083333,0.907,4.225590e+00,2.805184e-04,2.6755,0,6,123,1831,79,69
181,1979,2160,0.083796,0.907,4.225490e+00,6.719823e-03,2.626,0,5,194,1830,79,69
182,1978,2160,0.084259,0.907,4.226419e+00,7.848976e-03,2.619,0,4,159,1829,79,69
183,1977,2160,0.084722,0.907,4.223739e+00,9.330715e-03,2.5872,0,4,68,1828,79,69
184,1976,2160,0.085185,0.907,4.225785e+00,9.017615e-03,2.6359,0,8,169,1827,79,69
185,1975,2160,0.085648,0.907,4.227801e+00,1.011030e-02,2.6285,0,6,67,1826,79,69
186,1974,2160,0.086111,0.907,4.228543e+00,4.617668e-03,2.6465,0,4,150,1825,79,69
187,1973,2160,0.086574,0.907,4.228697e+00,4.317574e-03,2.5974,0,8,125,1824,79,69
188,1972,2160,0.087037,0.907,4.229951e+00,3.831168e-03,2.6079,0,4,180,1823,79,69
189,1971,2160,0.0875,0.907,4.231080e+00,3.545029e-03,2.6023,0,7,69,1822,79,69
190,1970,2160,0.087963,0.907,4.231744e+00,4.888107e-03,2.5992,0,4,1,1821,79,69
191,1969,2160,0.088426,0.907,4.232746e+00,7.755985e-03,2.5836,0,2,2,1820,79,69
192,1968,2160,0.088889,0.907,4.235405e+00,1.054382e-02,2.597,0,6,8,1819,79,69
193,1967,2160,0.089352,0.906,4.240092e+00,2.967463e-03,2.6214,0,8,195,1818,79,69
194,1966,2160,0.089815,0.906,4.240869e+00,3.833812e-03,2.5964,0,8,17,1817,79,69
195,1965,2160,0.090278,0.906,4.242824e+00,1.445273e-03,2.5955,0,3,67,1816,79,69
196,1964,2160,0.090741,0.906,4.244416e+00,7.350512e-03,2.6041,0,5,140,1815,79,69
197,1963,2160,0.091204,0.906,4.244972e+00,3.235843e-03,2.5974,0,4,29,1814,79,69
198,1962,2160,0.091667,0.906,4.246370e+00,7.608728e-03,2.5974,0,4,123,1813,79,69
199,1961,2160,0.09213,0.906,4.245235e+00,3.778582e-03,2.5975,0,8,139,1812,79,69
200,1960,2160,0.092593,0.906,4.246097e+00,4.443246e-03,2.6015,0,8,166,1811,79,69
201,1959,2160,0.093056,0.906,4.247614e+00,1.226789e-03,2.5888,0,3,116,1810,79,69
202,1958,2160,0.093519,0.906,4.248802e+00,2.127996e-03,2.5899,0,3,31,1809,79,69
203,1957,2160,0.093981,0.906,4.250119e+00,1.414757e-02,2.5966,0,6,186,1808,79,69
204,1956,2160,0.094444,0.906,4.259925e+00,4.536405e-03,2.6107,0,6,6,1807,79,69
205,1955,2160,0.094907,0.906,4.259228e+00,6.260740e-04,2.5946,0,3,4,1806,79,69
206,1954,2160,0.09537,0.906,4.261195e+00,1.019295e-02,2.5937,0,4,39,1805,79,69
207,1953,2160,0.095833,0.906,4.263092e+00,5.392763e-03,2.6055,0,8,99,1804,79,69
208,1952,2160,0.096296,0.906,4.261805e+00,7.012501e-03,2.61,0,8,103,1803,79,69
209,1951,2160,0.096759,0.906,4.265924e+00,2.925155e-02,2.5982,0,6,9,1802,79,69
210,1950,2160,0.097222,0.906,4.332054e+00,1.285132e-02,2.6013,0,4,133,1801,79,69
211,1949,2160,0.097685,0.906,4.343366e+00,7.360487e-03,2.6348,0,5,13,1800,79,69
212,1948,2160,0.098148,0.907,4.345051e+00,1.255950e-02,2.617,0,8,72,1799,79,69
213,1947,2160,0.098611,0.906,4.344456e+00,8.736669e-03,2.5969,0,4,148,1798,79,69
214,1946,2160,0.099074,0.906,4.345639e+00,3.498940e-03,2.598,0,4,160,1797,79,69
215,1945,2160,0.099537,0.906,4.347784e+00,5.640177e-03,2.629,0,7,161,1796,79,69
216,1944,2160,0.1,0.906,4.349958e+00,1.578052e-02,2.5914,1,7,5,1796,78,69
217,1943,2160,0.100463,0.906,4.373398e+00,1.063861e-02,2.5945,0,7,164,1795,78,69
218,1942,2160,0.100926,0.906,4.374645e+00,1.856178e-02,2.6212,0,8,140,1794,78,69
219,1941,2160,0.101389,0.905,4.397756e+00,2.733519e-03,2.6261,0,2,179,1793,78,69
220,1940,2160,0.101852,0.905,4.402420e+00,2.534098e-03,2.5922,0,5,170,1792,78,69
221,1939,2160,0.102315,0.904,4.404789e+00,3.456859e-03,2.6036,0,8,98,1791,78,69
222,1938,2160,0.102778,0.904,4.405082e+00,4.608086e-03,2.6433,0,8,3,1790,78,69
223,1937,2160,0.103241,0.904,4.405049e+00,4.827188e-03,2.5814,0,7,53,1789,78,69
224,1936,2160,0.103704,0.904,4.405882e+00,5.458213e-03,2.6047,0,5,136,1788,78,69
225,1935,2160,0.104167,0.904,4.406021e+00,4.051839e-03,2.6099,0,7,25,1787,78,69
226,1934,2160,0.10463,0.904,4.407812e+00,4.739375e-03,2.6007,0,7,114,1786,78,69
227,1933,2160,0.105093,0.904,4.409383e+00,5.703523e-03,2.5879,0,8,47,1785,78,69
228,1932,2160,0.105556,0.904,4.411117e+00,8.836066e-03,2.5957,0,8,32,1784,78,69
229,1931,2160,0.106019,0.904,4.411731e+00,5.911264e-03,2.6199,0,8,188,1783,78,69
230,1930,2160,0.106481,0.905,4.416482e+00,8.403784e-04,2.5893,0,3,17,1782,78,69
231,1929,2160,0.106944,0.905,4.418827e+00,5.575590e-03,2.611,0,8,147,1781,78,69
232,1928,2160,0.107407,0.904,4.421517e+00,1.046055e-03,2.6043,0,3,72,1780,78,69
233,1927,2160,0.10787,0.904,4.423532e+00,5.478457e-03,2.6114,0,8,11,1779,78,69
234,1926,2160,0.108333,0.905,4.427553e+00,6.361167e-03,2.5972,0,4,155,1778,78,69
235,1925,2160,0.108796,0.905,4.432295e+00,6.312793e-03,2.609,0,8,111,1777,78,69
236,1924,2160,0.109259,0.904,4.439804e+00,5.868143e-03,2.6075,0,5,182,1776,78,69
237,1923,2160,0.109722,0.904,4.445017e+00,2.753432e-03,2.5951,0,2,182,1775,78,69
238,1922,2160,0.110185,0.904,4.444894e+00,1.216782e-03,2.5926,0,3,60,1774,78,69
239,1921,2160,0.110648,0.904,4.446931e+00,1.095066e-03,2.6216,0,3,194,1773,78,69
240,1920,2160,0.111111,0.904,4.449963e+00,6.551146e-03,2.6202,0,8,185,1772,78,69
241,1919,2160,0.111574,0.904,4.452626e+00,7.767098e-03,2.6155,0,8,95,1771,78,69
242,1918,2160,0.112037,0.903,4.460377e+00,1.176754e-03,2.6007,0,3,40,1770,78,69
243,1917,2160,0.1125,0.903,4.463644e+00,7.255365e-03,2.6353,0,8,134,1769,78,69
244,1916,2160,0.112963,0.903,4.467534e+00,8.058145e-03,2.6299,0,5,129,1768,78,69
245,1915,2160,0.113426,0.903,4.480277e+00,6.723840e-03,2.6182,0,8,45,1767,78,69
246,1914,2160,0.113889,0.903,4.482516e+00,6.334402e-03,2.5917,0,8,70,1766,78,69
247,1913,2160,0.114352,0.903,4.486322e+00,6.474293e-03,2.6154,0,4,153,1765,78,69
248,1912,2160,0.114815,0.903,4.492197e+00,1.087747e-02,2.5881,0,6,147,1764,78,69
249,1911,2160,0.115278,0.903,4.503056e+00,4.584141e-03,2.6064,2,5,7,1764,78,68
250,1910,2160,0.115741,0.903,4.500336e+00,1.074513e-02,2.5971,0,0,178,1763,78,68
251,1909,2160,0.116204,0.903,4.514928e+00,2.746804e-02,2.6018,1,7,9,1763,77,68
252,1908,2160,0.116667,0.904,4.526017e+00,1.247169e-03,2.6027,0,3,101,1762,77,68
253,1907,2160,0.11713,0.904,4.531256e+00,1.871103e-03,2.6095,0,3,88,1761,77,68
254,1906,2160,0.117593,0.904,4.538610e+00,1.053688e-02,2.6251,0,8,156,1760,77,68
255,1905,2160,0.118056,0.904,4.543936e+00,1.340628e-02,2.6019,0,8,40,1759,77,68
256,1904,2160,0.118519,0.905,4.571998e+00,7.573232e-03,2.6389,0,0,112,1758,77,68
257,1903,2160,0.118981,0.905,4.586914e+00,6.749568e-03,2.63,0,0,174,1757,77,68
258,1902,2160,0.119444,0.905,4.587337e+00,1.144857e-02,2.6034,0,4,28,1756,77,68
259,1901,2160,0.119907,0.905,4.598267e+00,1.923659e-02,2.6244,0,8,29,1755,77,68
260,1900,2160,0.12037,0.905,4.624064e+00,1.369308e-02,2.5955,0,6,112,1754,77,68
261,1899,2160,0.120833,0.905,4.642338e+00,1.925092e-02,2.6092,2,8,5,1754,77,67
262,1898,2160,0.121296,0.905,4.709035e+00,1.527604e-02,2.6004,0,8,114,1753,77,67
263,1897,2160,0.121759,0.905,4.735610e+00,6.021758e-03,2.6012,0,5,44,1752,77,67
264,1896,2160,0.122222,0.905,4.736229e+00,4.629949e-03,2.6571,0,0,41,1751,77,67
265,1895,2160,0.122685,0.905,4.729319e+00,6.834344e-03,2.6254,0,8,12,1750,77,67
266,1894,2160,0.123148,0.905,4.736250e+00,7.638980e-03,2.5909,0,5,30,1749,77,67
267,1893,2160,0.123611,0.905,4.743103e+00,7.415954e-03,2.6065,0,8,22,1748,77,67
268,1892,2160,0.124074,0.905,4.747905e+00,7.992773e-03,2.6376,0,8,124,1747,77,67
269,1891,2160,0.124537,0.905,4.760858e+00,2.128318e-02,2.6236,0,4,76,1746,77,67
270,1890,2160,0.125,0.904,4.810527e+00,7.286579e-03,2.6006,0,7,154,1745,77,67
271,1889,2160,0.125463,0.904,4.820257e+00,1.048786e-02,2.6049,0,7,107,1744,77,67
272,1888,2160,0.125926,0.903,4.820618e+00,9.116899e-03,2.6136,0,8,26,1743,77,67
273,1887,2160,0.126389,0.904,4.830875e+00,2.629941e-02,2.5909,0,7,105,1742,77,67
274,1886,2160,0.126852,0.901,4.871674e+00,2.500241e-02,2.6178,0,8,152,1741,77,67
275,1885,2160,0.127315,0.901,4.918843e+00,6.946972e-03,2.6428,0,7,67,1740,77,67
276,1884,2160,0.127778,0.901,4.929334e+00,4.717359e-02,2.621,0,4,129,1739,77,67
277,1883,2160,0.128241,0.901,5.303631e+00,3.311153e-03,2.6025,0,0,72,1738,77,67
278,1882,2160,0.128704,0.901,5.309153e+00,6.655645e-03,2.6497,0,8,90,1737,77,67
279,1881,2160,0.129167,0.902,5.313517e+00,4.479284e-03,2.5988,1,6,3,1737,76,67
280,1880,2160,0.12963,0.902,5.326957e+00,9.124352e-03,2.5909,0,7,82,1736,76,67
281,1879,2160,0.130093,0.902,5.361214e+00,7.756339e-03,2.6286,0,8,23,1735,76,67
282,1878,2160,0.130556,0.901,5.374860e+00,5.833814e-03,2.6177,0,0,27,1734,76,67
283,1877,2160,0.131019,0.901,5.405311e+00,1.211159e-02,2.6202,0,8,112,1733,76,67
284,1876,2160,0.131481,0.901,5.347112e+00,2.088847e-02,2.6071,0,8,85,1732,76,67
285,1875,2160,0.131944,0.901,5.345653e+00,1.054647e-02,2.6498,0,4,61,1731,76,67
286,1874,2160,0.132407,0.901,5.376788e+00,1.035756e-02,2.5896,0,8,121,1730,76,67
287,1873,2160,0.13287,0.9,5.373571e+00,9.900721e-03,2.614,0,4,183,1729,76,67
288,1872,2160,0.133333,0.901,5.379973e+00,1.687374e-02,2.6297,0,4,7,1728,76,67
289,1871,2160,0.133796,0.901,5.389351e+00,1.981167e-02,2.6206,0,2,87,1727,76,67
290,1870,2160,0.134259,0.9,5.390941e+00,1.554516e-02,2.5998,0,8,151,1726,76,67
291,1869,2160,0.134722,0.902,5.427763e+00,1.786880e-02,2.6163,0,8,0,1725,76,67
292,1868,2160,0.135185,0.902,5.407686e+00,7.467778e-03,2.6732,0,3,91,1724,76,67
293,1867,2160,0.135648,0.902,5.416467e+00,1.799574e-02,2.6032,0,8,6,1723,76,67
294,1866,2160,0.136111,0.903,5.422380e+00,1.893278e-03,2.6094,0,3,136,1722,76,67
295,1865,2160,0.136574,0.903,5.435194e+00,1.396889e-02,2.6012,0,8,46,1721,76,67
296,1864,2160,0.137037,0.902,5.445187e+00,1.169676e-02,2.603,0,7,138,1720,76,67
297,1863,2160,0.1375,0.901,5.463588e+00,1.618138e-02,2.6105,0,5,10,1719,76,67
298,1862,2160,0.137963,0.9,5.484926e+00,1.163183e-02,2.627,0,0,83,1718,76,67
299,1861,2160,0.138426,0.9,5.514605e+00,1.088658e-02,2.6389,0,7,18,1717,76,67
300,1860,2160,0.138889,0.9,5.528096e+00,2.015015e-03,2.6047,0,0,195,1716,76,67
301,1859,2160,0.139352,0.9,5.544249e+00,2.290232e-03,2.6191,0,3,172,1715,76,67
302,1858,2160,0.139815,0.9,5.563347e+00,1.193242e-02,2.5966,0,8,157,1714,76,67
303,1857,2160,0.140278,0.9,5.595216e+00,1.155595e-02,2.6427,0,7,14,1713,76,67
304,1856,2160,0.140741,0.901,5.596864e+00,1.493612e-03,2.6417,0,3,5,1712,76,67
305,1855,2160,0.141204,0.9,5.621019e+00,1.517720e-03,2.5998,0,3,96,1711,76,67
306,1854,2160,0.141667,0.9,5.635357e+00,2.085379e-03,2.6375,0,3,162,1710,76,67
307,1853,2160,0.14213,0.902,5.657787e+00,1.311127e-02,2.6072,0,5,57,1709,76,67
308,1852,2160,0.142593,0.9,5.690859e+00,1.255960e-02,2.6106,0,8,184,1708,76,67
309,1851,2160,0.143056,0.901,5.717122e+00,3.579372e-03,2.5925,0,6,98,1707,76,67
310,1850,2160,0.143519,0.901,5.747681e+00,1.154492e-02,2.6593,0,6,192,1706,76,67
311,1849,2160,0.143981,0.903,5.779484e+00,1.297265e-02,2.6047,0,8,135,1705,76,67
312,1848,2160,0.144444,0.901,5.796079e+00,1.318454e-02,2.6259,0,8,20,1704,76,67
313,1847,2160,0.144907,0.901,5.820712e+00,1.215400e-02,2.6107,0,4,141,1703,76,67
314,1846,2160,0.14537,0.901,5.841569e+00,6.480377e-03,2.6304,0,0,154,1702,76,67
315,1845,2160,0.145833,0.902,5.868260e+00,8.758037e-03,2.6082,0,0,99,1701,76,67
316,1844,2160,0.146296,0.901,5.916893e+00,1.300413e-02,2.6196,0,8,193,1700,76,67
317,1843,2160,0.146759,0.901,5.954734e+00,1.800260e-02,2.5874,0,7,91,1699,76,67
318,1842,2160,0.147222,0.901,5.994992e+00,1.269983e-02,2.6116,0,6,73,1698,76,67
319,1841,2160,0.147685,0.901,6.034890e+00,1.392953e-02,2.5933,0,5,66,1697,76,67
320,1840,2160,0.148148,0.902,6.070861e+00,1.514700e-02,2.6024,0,8,171,1696,76,67
321,1839,2160,0.148611,0.902,6.097786e+00,2.446257e-02,2.5947,0,7,51,1695,76,67
322,1838,2160,0.149074,0.902,6.219505e+00,2.284620e-03,2.6422,0,3,2,1694,76,67
323,1837,2160,0.149537,0.902,6.246925e+00,3.111948e-03,2.654,0,3,15,1693,76,67
324,1836,2160,0.15,0.902,6.274795e+00,1.655961e-02,2.6294,0,7,15,1692,76,67
325,1835,2160,0.150463,0.901,6.305067e+00,5.357515e-03,2.6169,0,3,84,1691,76,67
326,1834,2160,0.150926,0.901,6.337088e+00,3.282721e-02,2.6401,0,2,156,1690,76,67
327,1833,2160,0.151389,0.901,6.475929e+00,2.165100e-02,2.6093,0,8,35,1689,76,67
328,1832,2160,0.151852,0.901,6.469409e+00,1.915258e-02,2.5999,0,4,19,1688,76,67
329,1831,2160,0.152315,0.901,6.500664e+00,1.509166e-02,2.605,0,7,65,1687,76,67
330,1830,2160,0.152778,0.9,6.537345e+00,1.666287e-02,2.6048,0,0,123,1686,76,67
331,1829,2160,0.153241,0.902,6.599581e+00,1.544371e-02,2.5915,0,8,148,1685,76,67
332,1828,2160,0.153704,0.901,6.561056e+00,6.839171e-02,2.6064,0,4,136,1684,76,67
333,1827,2160,0.154167,0.902,8.040042e+00,1.828111e-02,2.6423,0,4,170,1683,76,67
334,1826,2160,0.15463,0.902,8.010016e+00,1.689608e-02,2.6009,0,8,58,1682,76,67
335,1825,2160,0.155093,0.902,8.021737e+00,5.118456e-02,2.6274,0,5,92,1681,76,67
336,1824,2160,0.155556,0.902,8.834897e+00,1.082258e-02,2.6049,0,0,53,1680,76,67
337,1823,2160,0.156019,0.902,8.796403e+00,2.020952e-02,2.6011,0,5,2,1679,76,67
338,1822,2160,0.156481,0.902,8.781032e+00,1.591816e-02,2.599,0,4,100,1678,76,67
339,1821,2160,0.156944,0.902,8.834538e+00,1.118437e-02,2.6321,0,2,97,1677,76,67
340,1820,2160,0.157407,0.902,8.875306e+00,1.453124e-02,2.6334,0,7,108,1676,76,67
341,1819,2160,0.15787,0.902,8.908107e+00,1.408935e-02,2.6099,0,4,167,1675,76,67
342,1818,2160,0.158333,0.902,8.915227e+00,5.686988e-03,2.5914,0,1,177,1674,76,67
343,1817,2160,0.158796,0.902,8.975921e+00,7.055643e-03,2.6195,0,3,54,1673,76,67
344,1816,2160,0.159259,0.902,8.959088e+00,3.213220e-02,2.606,0,2,15,1672,76,67
345,1815,2160,0.159722,0.902,8.851246e+00,8.161885e-03,2.5904,0,2,104,1671,76,67
346,1814,2160,0.160185,0.902,8.842887e+00,1.341485e-02,2.6148,0,4,81,1670,76,67
347,1813,2160,0.160648,0.902,8.834013e+00,7.712456e-03,2.6407,0,2,69,1669,76,67
348,1812,2160,0.161111,0.902,8.833489e+00,1.488024e-02,2.6026,0,8,187,1668,76,67
349,1811,2160,0.161574,0.902,8.869599e+00,1.395124e-02,2.6082,0,4,149,1667,76,67
350,1810,2160,0.162037,0.902,8.876658e+00,3.861613e-02,2.627,0,9,174,1666,76,67
351,1809,2160,0.1625,0.904,9.053145e+00,4.244745e-03,2.6139,0,3,192,1665,76,67
352,1808,2160,0.162963,0.904,9.094413e+00,1.968944e-02,2.6078,0,8,117,1664,76,67
353,1807,2160,0.163426,0.904,9.121407e+00,5.606622e-02,2.6317,2,8,4,1664,76,66
354,1806,2160,0.163889,0.904,1.280876e+01,1.383739e-02,2.5991,0,0,113,1663,76,66
355,1805,2160,0.164352,0.904,1.282725e+01,4.571998e-02,2.5947,0,2,77,1662,76,66
356,1804,2160,0.164815,0.905,1.301693e+01,5.551986e-03,2.5991,0,4,113,1661,76,66
357,1803,2160,0.165278,0.904,1.302079e+01,3.692537e-02,2.5894,1,4,3,1661,75,66
358,1802,2160,0.165741,0.906,1.321432e+01,6.244856e-03,2.6042,0,3,154,1660,75,66
359,1801,2160,0.166204,0.906,1.325686e+01,5.328411e-02,2.598,0,2,150,1659,75,66
360,1800,2160,0.166667,0.905,1.416433e+01,1.249654e-02,2.6055,0,0,38,1658,75,66
361,1799,2160,0.16713,0.906,1.412316e+01,3.558995e-03,2.6016,0,8,87,1657,75,66
362,1798,2160,0.167593,0.906,1.412046e+01,6.438260e-03,2.6248,0,4,176,1656,75,66
363,1797,2160,0.168056,0.906,1.412946e+01,1.348744e-02,2.5944,0,4,144,1655,75,66
364,1796,2160,0.168519,0.907,1.415224e+01,2.013943e-02,2.6243,2,4,8,1655,75,65
365,1795,2160,0.168981,0.906,1.417081e+01,2.096606e-02,2.6176,0,8,177,1654,75,65
366,1794,2160,0.169444,0.906,1.423832e+01,3.591196e-03,2.5913,0,5,177,1653,75,65
367,1793,2160,0.169907,0.906,1.428154e+01,5.330944e-03,2.6028,0,7,140,1652,75,65
368,1792,2160,0.17037,0.906,1.429190e+01,6.895552e-03,2.5987,0,7,58,1651,75,65
369,1791,2160,0.170833,0.906,1.431945e+01,6.540262e-03,2.5959,0,3,186,1650,75,65
370,1790,2160,0.171296,0.905,1.441304e+01,8.176408e-03,2.5944,0,6,168,1649,75,65
371,1789,2160,0.171759,0.905,1.454205e+01,1.410505e-02,2.6169,0,8,62,1648,75,65
372,1788,2160,0.172222,0.905,1.453868e+01,1.409950e-02,2.5936,0,2,158,1647,75,65
373,1787,2160,0.172685,0.905,1.461779e+01,2.216225e-03,2.6036,0,3,33,1646,75,65
374,1786,2160,0.173148,0.905,1.469627e+01,1.661313e-02,2.6026,0,8,31,1645,75,65
375,1785,2160,0.173611,0.906,1.471000e+01,1.711296e-02,2.5995,1,8,3,1645,74,65
376,1784,2160,0.174074,0.904,1.513420e+01,1.674323e-02,2.6079,0,8,154,1644,74,65
377,1783,2160,0.174537,0.904,1.519700e+01,6.866610e-03,2.5965,0,0,62,1643,74,65
378,1782,2160,0.175,0.904,1.515232e+01,1.030265e-02,2.6123,0,0,50,1642,74,65
379,1781,2160,0.175463,0.904,1.514655e+01,2.249187e-02,2.6004,2,1,7,1642,74,64
380,1780,2160,0.175926,0.904,1.524219e+01,1.570429e-02,2.6134,0,7,96,1641,74,64
381,1779,2160,0.176389,0.904,1.529301e+01,3.224638e-02,2.5959,0,3,58,1640,74,64
382,1778,2160,0.176852,0.905,1.558060e+01,1.028809e-02,2.5965,0,8,178,1639,74,64
383,1777,2160,0.177315,0.905,1.561751e+01,1.377795e-02,2.5915,0,5,116,1638,74,64
384,1776,2160,0.177778,0.905,1.560054e+01,1.317215e-02,2.616,0,8,77,1637,74,64
385,1775,2160,0.178241,0.906,1.566028e+01,5.736298e-03,2.6005,0,0,57,1636,74,64
386,1774,2160,0.178704,0.905,1.564967e+01,8.917489e-03,2.6278,0,6,60,1635,74,64
387,1773,2160,0.179167,0.905,1.563142e+01,1.710137e-02,2.6735,0,8,37,1634,74,64
388,1772,2160,0.17963,0.905,1.570794e+01,1.592075e-02,2.6077,0,4,181,1633,74,64
389,1771,2160,0.180093,0.905,1.580049e+01,1.975047e-03,2.6008,0,3,12,1632,74,64
390,1770,2160,0.180556,0.905,1.583736e+01,1.474533e-02,2.6663,0,4,8,1631,74,64
391,1769,2160,0.181019,0.906,1.601293e+01,1.484821e-02,2.5914,0,2,123,1630,74,64
392,1768,2160,0.181481,0.906,1.635543e+01,1.753681e-02,2.5954,0,4,163,1629,74,64
393,1767,2160,0.181944,0.906,1.636337e+01,1.397426e-02,2.6548,0,7,86,1628,74,64
394,1766,2160,0.182407,0.905,1.665132e+01,1.226643e-02,2.6149,0,0,151,1627,74,64
395,1765,2160,0.18287,0.905,1.664357e+01,6.725259e-03,2.6037,0,6,148,1626,74,64
396,1764,2160,0.183333,0.905,1.670151e+01,1.624545e-02,2.6257,0,5,142,1625,74,64
397,1763,2160,0.183796,0.906,1.676977e+01,1.510816e-02,2.6308,0,0,34,1624,74,64
398,1762,2160,0.184259,0.905,1.680441e+01,2.615472e-03,2.5969,0,3,153,1623,74,64
399,1761,2160,0.184722,0.905,1.682665e+01,1.940930e-02,2.5965,0,4,43,1622,74,64
400,1760,2160,0.185185,0.905,1.691239e+01,9.943684e-03,2.5978,0,0,43,1621,74,64
401,1759,2160,0.185648,0.905,1.684826e+01,1.812897e-02,2.5925,0,9,188,1620,74,64
402,1758,2160,0.186111,0.904,1.693550e+01,2.018584e-01,2.6332,0,9,145,1619,74,64
403,1757,2160,0.186574,0.905,1.674625e+02,5.431409e-03,2.6018,0,6,2,1618,74,64
404,1756,2160,0.187037,0.904,1.675587e+02,1.653817e-03,2.6122,0,8,132,1617,74,64
405,1755,2160,0.1875,0.904,1.675259e+02,3.969324e-03,2.6005,0,6,30,1616,74,64
406,1754,2160,0.187963,0.904,1.676193e+02,4.230436e-03,2.6178,0,8,73,1615,74,64
407,1753,2160,0.188426,0.904,1.675284e+02,8.305717e-03,2.6774,0,8,146,1614,74,64
408,1752,2160,0.188889,0.904,1.673819e+02,6.353205e-03,2.625,0,4,175,1613,74,64
409,1751,2160,0.189352,0.904,1.674808e+02,4.518589e-03,2.6526,0,4,108,1612,74,64
410,1750,2160,0.189815,0.905,1.675778e+02,3.940481e-03,2.6305,0,7,158,1611,74,64
411,1749,2160,0.190278,0.905,1.675593e+02,2.509484e-03,2.6063,0,4,57,1610,74,64
412,1748,2160,0.190741,0.905,1.675764e+02,7.634839e-03,2.5916,0,4,34,1609,74,64
413,1747,2160,0.191204,0.904,1.677145e+02,7.202218e-03,2.6168,0,7,49,1608,74,64
414,1746,2160,0.191667,0.904,1.677641e+02,2.208501e-03,2.6297,0,6,85,1607,74,64
415,1745,2160,0.19213,0.904,1.678278e+02,8.906815e-03,2.6016,0,8,137,1606,74,64
416,1744,2160,0.192593,0.905,1.677500e+02,1.345082e-02,2.599,0,4,94,1605,74,64
417,1743,2160,0.193056,0.906,1.675400e+02,9.024780e-03,2.6363,0,8,78,1604,74,64
418,1742,2160,0.193519,0.905,1.676336e+02,1.310817e-02,2.599,0,7,93,1603,74,64
419,1741,2160,0.193981,0.906,1.674093e+02,1.174294e-02,2.603,0,8,38,1602,74,64
420,1740,2160,0.194444,0.906,1.676088e+02,1.879452e-02,2.5999,0,8,9,1601,74,64
421,1739,2160,0.194907,0.906,1.669811e+02,7.381944e-03,2.6148,0,6,157,1600,74,64
422,1738,2160,0.19537,0.906,1.669116e+02,3.017051e-02,2.612,0,3,79,1599,74,64
423,1737,2160,0.195833,0.906,1.667764e+02,1.054528e-02,2.6085,0,0,115,1598,74,64
424,1736,2160,0.196296,0.907,1.669367e+02,2.212606e-03,2.6255,0,6,56,1597,74,64
425,1735,2160,0.196759,0.906,1.669244e+02,5.692499e-03,2.6539,0,3,89,1596,74,64
426,1734,2160,0.197222,0.907,1.669097e+02,3.794597e-03,2.6524,0,3,87,1595,74,64
427,1733,2160,0.197685,0.907,1.669570e+02,2.156482e-03,2.6215,0,3,128,1594,74,64
428,1732,2160,0.198148,0.907,1.670385e+02,1.213913e-02,2.6123,0,8,173,1593,74,64
429,1731,2160,0.198611,0.907,1.669623e+02,2.339959e-03,2.5905,0,3,100,1592,74,64
430,1730,2160,0.199074,0.907,1.670124e+02,4.349337e-03,2.5919,0,6,83,1591,74,64
431,1729,2160,0.199537,0.907,1.672055e+02,2.290803e-02,2.6274,0,9,76,1590,74,64
432,1728,2160,0.2,0.904,1.673891e+02,1.424908e-02,2.6655,0,9,30,1589,74,64
433,1727,2160,0.200463,0.903,1.676445e+02,8.243823e-03,2.6021,0,8,2,1588,74,64
434,1726,2160,0.200926,0.903,1.680211e+02,2.386785e-02,2.5985,0,9,168,1587,74,64
435,1725,2160,0.201389,0.902,1.684053e+02,7.910232e-03,2.641,0,9,60,1586,74,64
436,1724,2160,0.201852,0.901,1.685856e+02,2.056305e-02,2.6514,0,7,145,1585,74,64
437,1723,2160,0.202315,0.902,1.685598e+02,2.509482e-02,2.5974,0,0,48,1584,74,64
438,1722,2160,0.202778,0.901,1.691167e+02,1.591543e-02,2.6472,0,4,79,1583,74,64
439,1721,2160,0.203241,0.902,1.689070e+02,1.726291e-02,2.5997,0,8,172,1582,74,64
440,1720,2160,0.203704,0.902,1.688336e+02,7.692228e-03,2.6001,0,8,30,1581,74,64
441,1719,2160,0.204167,0.902,1.690457e+02,1.215920e-02,2.6182,0,8,41,1580,74,64
442,1718,2160,0.20463,0.902,1.694005e+02,9.960230e-03,2.6172,0,1,174,1579,74,64
443,1717,2160,0.205093,0.902,1.696135e+02,2.466424e-03,2.5796,0,5,4,1578,74,64
444,1716,2160,0.205556,0.902,1.697059e+02,3.294654e-03,2.6015,0,3,169,1577,74,64
445,1715,2160,0.206019,0.901,1.698783e+02,1.215904e-02,2.6173,0,7,61,1576,74,64
446,1714,2160,0.206481,0.902,1.699396e+02,8.659287e-03,2.5961,0,5,190,1575,74,64
447,1713,2160,0.206944,0.902,1.705648e+02,2.336241e-02,2.6017,0,6,75,1574,74,64
448,1712,2160,0.207407,0.9,1.709565e+02,1.542674e-02,2.6194,0,8,120,1573,74,64
449,1711,2160,0.20787,0.9,1.721232e+02,4.513833e-02,2.6733,0,8,36,1572,74,64
450,1710,2160,0.208333,0.901,1.704256e+02,1.391330e-02,2.5926,0,0,78,1571,74,64
451,1709,2160,0.208796,0.898,1.710549e+02,1.727642e-02,2.6086,0,7,103,1570,74,64
452,1708,2160,0.209259,0.899,1.723882e+02,4.072935e-02,2.6367,0,6,144,1569,74,64
453,1707,2160,0.209722,0.898,1.781532e+02,1.043945e-02,2.6579,0,4,193,1568,74,64
454,1706,2160,0.210185,0.898,1.784031e+02,4.442404e-03,2.6542,0,8,100,1567,74,64
455,1705,2160,0.210648,0.898,1.783639e+02,7.933499e-03,2.592,0,7,92,1566,74,64
456,1704,2160,0.211111,0.898,1.784998e+02,2.657861e-02,2.5987,0,0,91,1565,74,64
457,1703,2160,0.211574,0.899,1.801583e+02,2.282793e-03,2.6022,0,1,59,1564,74,64
458,1702,2160,0.212037,0.899,1.804103e+02,1.631200e-02,2.6149,0,5,71,1563,74,64
459,1701,2160,0.2125,0.899,1.814311e+02,6.435730e-03,2.5938,0,0,93,1562,74,64
460,1700,2160,0.212963,0.899,1.809190e+02,1.486201e-02,2.5948,0,2,53,1561,74,64
461,1699,2160,0.213426,0.899,1.814095e+02,2.266455e-02,2.6267,0,8,130,1560,74,64
462,1698,2160,0.213889,0.899,1.798387e+02,4.059704e-02,2.6068,0,4,62,1559,74,64
463,1697,2160,0.214352,0.898,1.780569e+02,1.585172e-02,2.5932,0,7,89,1558,74,64
464,1696,2160,0.214815,0.898,1.780141e+02,3.808367e-02,2.6257,2,7,7,1558,74,63
465,1695,2160,0.215278,0.899,1.780535e+02,2.127288e-02,2.6172,0,8,143,1557,74,63
466,1694,2160,0.215741,0.899,1.771439e+02,7.557530e-03,2.6136,0,3,25,1556,74,63
467,1693,2160,0.216204,0.899,1.769983e+02,2.819774e-02,2.6094,1,5,8,1556,73,63
468,1692,2160,0.216667,0.897,1.766915e+02,6.832120e-03,2.6052,0,6,169,1555,73,63
469,1691,2160,0.21713,0.895,1.767844e+02,4.361975e-03,2.6447,0,3,28,1554,73,63
470,1690,2160,0.217593,0.895,1.769117e+02,6.681667e-03,2.605,0,3,80,1553,73,63
471,1689,2160,0.218056,0.895,1.772434e+02,4.117904e-03,2.604,0,3,10,1552,73,63
472,1688,2160,0.218519,0.895,1.774748e+02,3.671099e-03,2.605,0,3,0,1551,73,63
473,1687,2160,0.218981,0.895,1.776598e+02,6.461871e-03,2.6052,0,2,169,1550,73,63
474,1686,2160,0.219444,0.896,1.776754e+02,1.778547e-02,2.6064,2,0,2,1550,73,62
475,1685,2160,0.219907,0.897,1.789594e+02,2.625786e-02,2.6305,0,7,88,1549,73,62
476,1684,2160,0.22037,0.898,1.797915e+02,3.944949e-03,2.6213,0,1,47,1548,73,62
477,1683,2160,0.220833,0.898,1.798883e+02,1.310154e-02,2.6151,0,8,24,1547,73,62
478,1682,2160,0.221296,0.897,1.803115e+02,8.114010e-03,2.5941,0,3,30,1546,73,62
479,1681,2160,0.221759,0.897,1.807536e+02,4.147043e-03,2.6757,0,3,184,1545,73,62
480,1680,2160,0.222222,0.897,1.809624e+02,4.213550e-03,2.5909,0,3,13,1544,73,62
481,1679,2160,0.222685,0.897,1.810920e+02,4.183473e-03,2.6486,0,3,127,1543,73,62
482,1678,2160,0.223148,0.897,1.813650e+02,1.498033e-02,2.6515,0,9,87,1542,73,62
483,1677,2160,0.223611,0.897,1.817517e+02,4.340758e-03,2.5882,0,3,47,1541,73,62
484,1676,2160,0.224074,0.897,1.818154e+02,5.454533e-03,2.6309,0,3,82,1540,73,62
485,1675,2160,0.224537,0.896,1.819328e+02,4.469484e-03,2.5911,0,3,150,1539,73,62
486,1674,2160,0.225,0.896,1.822052e+02,2.356057e-02,2.5985,0,7,119,1538,73,62
487,1673,2160,0.225463,0.898,1.835823e+02,8.207325e-03,2.5975,0,6,66,1537,73,62
488,1672,2160,0.225926,0.898,1.835232e+02,1.091063e-02,2.6221,0,3,114,1536,73,62
489,1671,2160,0.226389,0.898,1.835558e+02,2.735047e-02,2.6881,0,8,54,1535,73,62
490,1670,2160,0.226852,0.897,1.832743e+02,6.215100e-03,2.6254,0,4,54,1534,73,62
491,1669,2160,0.227315,0.896,1.833326e+02,4.655967e-03,2.6337,0,3,124,1533,73,62
492,1668,2160,0.227778,0.896,1.836832e+02,7.371914e-03,2.6393,0,7,26,1532,73,62
493,1667,2160,0.228241,0.895,1.841630e+02,8.936289e-03,2.6456,0,4,13,1531,73,62
494,1666,2160,0.228704,0.895,1.845461e+02,4.492319e-03,2.636,0,3,41,1530,73,62
495,1665,2160,0.229167,0.895,1.846846e+02,3.766425e-03,2.6549,0,3,195,1529,73,62
496,1664,2160,0.22963,0.895,1.849570e+02,3.638703e-02,2.6159,0,9,148,1528,73,62
497,1663,2160,0.230093,0.896,1.856943e+02,1.399657e-02,2.6203,0,9,22,1527,73,62
498,1662,2160,0.230556,0.894,1.860510e+02,1.760002e-02,2.6156,0,9,136,1526,73,62
499,1661,2160,0.231019,0.895,1.863935e+02,1.149801e-02,2.639,0,9,135,1525,73,62
500,1660,2160,0.231481,0.897,1.865579e+02,1.002076e-02,2.6023,0,9,93,1524,73,62
501,1659,2160,0.231944,0.897,1.867547e+02,1.369280e-02,2.6315,0,9,127,1523,73,62
502,1658,2160,0.232407,0.898,1.873672e+02,2.674366e-02,2.614,1,8,9,1523,72,62
503,1657,2160,0.23287,0.895,1.875631e+02,5.264203e-03,2.6133,0,3,68,1522,72,62
504,1656,2160,0.233333,0.895,1.881398e+02,5.926407e-03,2.61,0,3,29,1521,72,62
505,1655,2160,0.233796,0.895,1.886991e+02,3.145456e-03,2.6089,0,1,29,1520,72,62
506,1654,2160,0.234259,0.895,1.890020e+02,1.679345e-02,2.6051,0,8,88,1519,72,62
507,1653,2160,0.234722,0.895,1.893942e+02,8.467408e-03,2.6012,0,3,71,1518,72,62
508,1652,2160,0.235185,0.895,1.902132e+02,8.789124e-03,2.667,0,3,149,1517,72,62
509,1651,2160,0.235648,0.895,1.909790e+02,6.903885e-03,2.6047,0,3,81,1516,72,62
510,1650,2160,0.236111,0.895,1.917484e+02,4.523790e-03,2.6251,0,3,126,1515,72,62
511,1649,2160,0.236574,0.895,1.920666e+02,5.101120e-03,2.6065,0,3,121,1514,72,62
512,1648,2160,0.237037,0.895,1.925111e+02,5.702267e-03,2.6147,0,3,56,1513,72,62
513,1647,2160,0.2375,0.895,1.930952e+02,1.457123e-02,2.6314,0,0,84,1512,72,62
514,1646,2160,0.237963,0.896,1.940810e+02,7.592899e-02,2.6179,0,4,102,1511,72,62
515,1645,2160,0.238426,0.897,2.049628e+02,2.570820e-02,2.6039,0,0,120,1510,72,62
516,1644,2160,0.238889,0.896,2.043789e+02,2.577240e-02,2.6034,0,7,48,1509,72,62
517,1643,2160,0.239352,0.895,2.076439e+02,5.150043e-02,2.6277,1,7,0,1509,71,62
518,1642,2160,0.239815,0.897,2.169500e+02,3.115210e-02,2.6182,0,4,122,1508,71,62
519,1641,2160,0.240278,0.897,2.164115e+02,1.786613e-02,2.6286,0,0,105,1507,71,62
520,1640,2160,0.240741,0.897,2.144594e+02,5.464869e-02,2.5999,1,8,5,1507,70,62
521,1639,2160,0.241204,0.898,2.091032e+02,1.107227e-02,2.6299,0,4,164,1506,70,62
522,1638,2160,0.241667,0.898,2.091752e+02,2.743312e-03,2.6149,0,1,141,1505,70,62
523,1637,2160,0.24213,0.898,2.095750e+02,5.371895e-03,2.5928,0,3,130,1504,70,62
524,1636,2160,0.242593,0.898,2.102537e+02,5.863346e-03,2.6199,0,2,184,1503,70,62
525,1635,2160,0.243056,0.898,2.102006e+02,4.898098e-03,2.6081,0,3,160,1502,70,62
526,1634,2160,0.243519,0.898,2.106794e+02,5.473575e-03,2.6209,0,0,160,1501,70,62
527,1633,2160,0.243981,0.898,2.113790e+02,5.152110e-03,2.5964,0,6,185,1500,70,62
528,1632,2160,0.244444,0.898,2.119698e+02,4.704566e-03,2.6046,0,7,185,1499,70,62
529,1631,2160,0.244907,0.898,2.121264e+02,4.956572e-03,2.6083,0,3,156,1498,70,62
530,1630,2160,0.24537,0.898,2.125885e+02,5.836845e-03,2.6233,0,3,187,1497,70,62
531,1629,2160,0.245833,0.898,2.129755e+02,4.818610e-03,2.5997,0,1,25,1496,70,62
532,1628,2160,0.246296,0.898,2.132537e+02,3.429487e-03,2.5977,0,1,167,1495,70,62
533,1627,2160,0.246759,0.898,2.136099e+02,5.167101e-03,2.6238,0,3,70,1494,70,62
534,1626,2160,0.247222,0.897,2.139751e+02,1.864397e-02,2.5995,0,9,103,1493,70,62
535,1625,2160,0.247685,0.898,2.147580e+02,5.830338e-03,2.609,0,3,109,1492,70,62
536,1624,2160,0.248148,0.898,2.150381e+02,2.229277e-02,2.6471,0,9,172,1491,70,62
537,1623,2160,0.248611,0.898,2.160153e+02,2.108706e-02,2.5991,0,9,3,1490,70,62
538,1622,2160,0.249074,0.896,2.167381e+02,1.886823e-02,2.6055,0,9,59,1489,70,62
539,1621,2160,0.249537,0.897,2.173843e+02,4.143046e-03,2.6214,0,1,8,1488,70,62
540,1620,2160,0.25,0.896,2.178548e+02,3.799384e-03,2.6133,0,3,8,1487,70,62
541,1619,2160,0.250463,0.897,2.179428e+02,2.593626e-03,2.6031,0,1,98,1486,70,62
542,1618,2160,0.250926,0.897,2.184364e+02,2.815271e-03,2.6204,0,0,98,1485,70,62
543,1617,2160,0.251389,0.897,2.189411e+02,5.415807e-03,2.6106,0,3,38,1484,70,62
544,1616,2160,0.251852,0.897,2.194367e+02,4.895553e-02,2.598,0,4,63,1483,70,62
545,1615,2160,0.252315,0.896,2.199584e+02,2.422764e-02,2.609,0,3,141,1482,70,62
546,1614,2160,0.252778,0.897,2.217535e+02,1.369230e-02,2.643,0,8,108,1481,70,62
547,1613,2160,0.253241,0.896,2.236983e+02,3.893391e-03,2.6867,0,4,169,1480,70,62
548,1612,2160,0.253704,0.897,2.241405e+02,4.503610e-03,2.6195,0,3,16,1479,70,62
549,1611,2160,0.254167,0.896,2.247129e+02,5.618014e-03,2.6119,0,3,57,1478,70,62
550,1610,2160,0.25463,0.896,2.250728e+02,5.738273e-03,2.5992,0,0,56,1477,70,62
551,1609,2160,0.255093,0.896,2.257582e+02,5.835144e-03,2.5947,0,3,99,1476,70,62
552,1608,2160,0.255556,0.896,2.261925e+02,8.479383e-03,2.6092,0,3,118,1475,70,62
553,1607,2160,0.256019,0.897,2.272023e+02,6.698932e-03,2.6286,0,3,189,1474,70,62
554,1606,2160,0.256481,0.896,2.279367e+02,6.067867e-03,2.592,0,3,129,1473,70,62
555,1605,2160,0.256944,0.896,2.282277e+02,6.984542e-03,2.6491,0,3,32,1472,70,62
556,1604,2160,0.257407,0.896,2.287489e+02,7.135908e-03,2.6075,0,3,143,1471,70,62
557,1603,2160,0.25787,0.896,2.287945e+02,7.985252e-03,2.631,0,3,135,1470,70,62
558,1602,2160,0.258333,0.896,2.296606e+02,8.369994e-03,2.5936,0,3,76,1469,70,62
559,1601,2160,0.258796,0.896,2.304581e+02,2.388744e-02,2.611,0,9,161,1468,70,62
560,1600,2160,0.259259,0.896,2.316992e+02,2.115523e-02,2.6027,0,9,33,1467,70,62
561,1599,2160,0.259722,0.896,2.329068e+02,2.135993e-02,2.6201,0,9,151,1466,70,62
562,1598,2160,0.260185,0.897,2.342818e+02,1.602738e-02,2.6127,0,9,88,1465,70,62
563,1597,2160,0.260648,0.897,2.349804e+02,1.810448e-02,2.5996,0,9,21,1464,70,62
564,1596,2160,0.261111,0.897,2.360067e+02,1.591001e-02,2.5909,0,9,139,1463,70,62
565,1595,2160,0.261574,0.895,2.370601e+02,6.855684e-03,2.6039,0,3,35,1462,70,62
566,1594,2160,0.262037,0.895,2.377653e+02,8.098038e-03,2.602,0,0,23,1461,70,62
567,1593,2160,0.2625,0.895,2.386289e+02,5.783386e-03,2.603,0,2,56,1460,70,62
568,1592,2160,0.262963,0.895,2.395605e+02,6.891598e-03,2.6018,0,3,151,1459,70,62
569,1591,2160,0.263426,0.895,2.399565e+02,7.972562e-03,2.5867,0,3,73,1458,70,62
570,1590,2160,0.263889,0.895,2.405285e+02,2.493796e-02,2.6034,0,4,55,1457,70,62
571,1589,2160,0.264352,0.897,2.404996e+02,2.817715e-02,2.6054,0,8,106,1456,70,62
572,1588,2160,0.264815,0.895,2.414388e+02,9.815969e-03,2.6044,0,0,149,1455,70,62
573,1587,2160,0.265278,0.892,2.425629e+02,7.751544e-03,2.6185,0,0,13,1454,70,62
574,1586,2160,0.265741,0.891,2.429646e+02,4.005297e-03,2.601,0,1,128,1453,70,62
575,1585,2160,0.266204,0.891,2.431083e+02,2.862298e-02,2.6165,0,9,48,1452,70,62
576,1584,2160,0.266667,0.898,2.443280e+02,2.187729e-02,2.6172,0,9,10,1451,70,62
577,1583,2160,0.26713,0.896,2.456135e+02,1.622966e-02,2.6029,0,9,129,1450,70,62
578,1582,2160,0.267593,0.897,2.464390e+02,3.090841e-02,2.5918,1,6,9,1450,69,62
579,1581,2160,0.268056,0.892,2.465098e+02,6.997023e-03,2.6106,0,3,7,1449,69,62
580,1580,2160,0.268519,0.893,2.478313e+02,2.803550e-02,2.6062,0,4,116,1448,69,62
581,1579,2160,0.268981,0.892,2.497137e+02,5.604634e-03,2.5997,0,3,98,1447,69,62
582,1578,2160,0.269444,0.892,2.503611e+02,7.995177e-03,2.6065,0,3,20,1446,69,62
583,1577,2160,0.269907,0.893,2.511969e+02,2.247426e-02,2.605,0,0,162,1445,69,62
584,1576,2160,0.27037,0.892,2.531484e+02,2.161945e-02,2.6074,0,0,150,1444,69,62
585,1575,2160,0.270833,0.895,2.538693e+02,8.565613e-03,2.597,0,0,8,1443,69,62
586,1574,2160,0.271296,0.898,2.548233e+02,8.949244e-03,2.6168,0,0,14,1442,69,62
587,1573,2160,0.271759,0.898,2.553355e+02,1.004926e-02,2.6431,0,0,12,1441,69,62
588,1572,2160,0.272222,0.898,2.562413e+02,2.783532e-02,2.594,0,4,12,1440,69,62
589,1571,2160,0.272685,0.898,2.562775e+02,7.615478e-03,2.6073,0,3,139,1439,69,62
590,1570,2160,0.273148,0.898,2.572159e+02,8.536604e-03,2.6016,0,6,139,1438,69,62
591,1569,2160,0.273611,0.897,2.567306e+02,1.085087e-02,2.5996,0,3,106,1437,69,62
592,1568,2160,0.274074,0.897,2.581774e+02,1.451509e-02,2.6224,0,3,170,1436,69,62
593,1567,2160,0.274537,0.897,2.584208e+02,1.481037e-02,2.6109,0,3,132,1435,69,62
594,1566,2160,0.275,0.898,2.596528e+02,2.464781e-02,2.5911,0,4,44,1434,69,62
595,1565,2160,0.275463,0.899,2.600043e+02,1.386995e-02,2.5945,0,5,32,1433,69,62
596,1564,2160,0.275926,0.899,2.623846e+02,2.680096e-02,2.6063,0,8,165,1432,69,62
597,1563,2160,0.276389,0.898,2.614898e+02,2.619869e-02,2.6094,0,9,110,1431,69,62
598,1562,2160,0.276852,0.897,2.633398e+02,1.147202e-02,2.608,0,3,85,1430,69,62
599,1561,2160,0.277315,0.897,2.639766e+02,8.858613e-03,2.6202,0,3,24,1429,69,62
600,1560,2160,0.277778,0.897,2.650434e+02,9.825595e-03,2.601,0,0,15,1428,69,62
601,1559,2160,0.278241,0.897,2.662775e+02,5.973963e-03,2.6168,0,1,1,1427,69,62
602,1558,2160,0.278704,0.897,2.672016e+02,2.629898e-02,2.6193,0,9,45,1426,69,62
603,1557,2160,0.279167,0.9,2.698883e+02,1.038254e-02,2.6178,0,4,4,1425,69,62
604,1556,2160,0.27963,0.898,2.714729e+02,3.309719e-02,2.6292,0,3,148,1424,69,62
605,1555,2160,0.280093,0.898,2.706713e+02,2.275795e-02,2.6102,0,6,96,1423,69,62
606,1554,2160,0.280556,0.9,2.732305e+02,2.263497e-02,2.6224,0,6,19,1422,69,62
607,1553,2160,0.281019,0.901,2.749960e+02,3.232536e-02,2.6437,1,9,3,1422,68,62
608,1552,2160,0.281481,0.899,2.746902e+02,3.444068e-02,2.6009,0,0,61,1421,68,62
609,1551,2160,0.281944,0.898,2.786654e+02,1.434009e-02,2.6381,0,8,104,1420,68,62
610,1550,2160,0.282407,0.896,2.782492e+02,2.296148e-02,2.6615,0,0,81,1419,68,62
611,1549,2160,0.28287,0.897,2.844886e+02,1.085988e-02,2.6065,0,1,164,1418,68,62
612,1548,2160,0.283333,0.897,2.858979e+02,1.124472e-02,2.6162,0,3,34,1417,68,62
613,1547,2160,0.283796,0.897,2.880141e+02,2.434549e-02,2.6734,0,7,104,1416,68,62
614,1546,2160,0.284259,0.897,2.920075e+02,2.215313e-02,2.601,0,4,168,1415,68,62
615,1545,2160,0.284722,0.897,2.944903e+02,9.267548e-03,2.5993,0,6,124,1414,68,62
616,1544,2160,0.285185,0.898,2.955209e+02,1.408382e-02,2.6699,0,8,192,1413,68,62
617,1543,2160,0.285648,0.896,2.965726e+02,6.814959e-03,2.6248,0,3,59,1412,68,62
618,1542,2160,0.286111,0.896,2.980762e+02,1.033967e-02,2.5953,0,3,103,1411,68,62
619,1541,2160,0.286574,0.896,2.995920e+02,7.720806e-03,2.6071,0,3,77,1410,68,62
620,1540,2160,0.287037,0.897,3.007510e+02,1.536380e-02,2.6116,0,4,130,1409,68,62
621,1539,2160,0.2875,0.895,3.016111e+02,1.325556e-02,2.5967,0,0,116,1408,68,62
622,1538,2160,0.287963,0.898,3.038983e+02,1.055016e-02,2.6092,0,0,1,1407,68,62
623,1537,2160,0.288426,0.898,3.054265e+02,2.123355e-02,2.6029,0,8,115,1406,68,62
624,1536,2160,0.288889,0.899,3.046594e+02,6.581697e-03,2.6074,0,0,6,1405,68,62
625,1535,2160,0.289352,0.899,3.068679e+02,1.280304e-02,2.6121,0,6,10,1404,68,62
626,1534,2160,0.289815,0.897,3.070879e+02,2.294246e-02,2.6137,0,8,52,1403,68,62
627,1533,2160,0.290278,0.897,3.081038e+02,7.902754e-03,2.6005,0,3,21,1402,68,62
628,1532,2160,0.290741,0.897,3.090453e+02,3.485815e-02,2.5985,1,9,2,1402,67,62
629,1531,2160,0.291204,0.897,3.102258e+02,2.214915e-01,2.5973,2,6,5,1402,67,61
630,1530,2160,0.291667,0.894,7.757778e+02,2.582848e-02,2.5991,0,4,158,1401,67,61
631,1529,2160,0.29213,0.894,7.726589e+02,2.460548e-02,2.7285,0,7,146,1400,67,61
632,1528,2160,0.292593,0.894,7.702291e+02,3.446976e-02,2.5978,0,4,128,1399,67,61
633,1527,2160,0.293056,0.895,7.777784e+02,1.260444e-01,2.6141,0,2,183,1398,67,61
634,1526,2160,0.293519,0.897,8.042555e+02,1.277084e-03,2.6084,0,6,174,1397,67,61
635,1525,2160,0.293981,0.897,8.044292e+02,1.808867e-03,2.5951,0,6,27,1396,67,61
636,1524,2160,0.294444,0.897,8.040784e+02,1.289250e-02,2.5978,0,7,109,1395,67,61
637,1523,2160,0.294907,0.898,8.062494e+02,3.331022e-02,2.5958,0,7,165,1394,67,61
638,1522,2160,0.29537,0.897,7.991846e+02,7.565643e-03,2.5974,0,6,161,1393,67,61
639,1521,2160,0.295833,0.897,7.993367e+02,5.234591e-03,2.5889,0,5,73,1392,67,61
640,1520,2160,0.296296,0.897,7.991261e+02,9.664162e-03,2.6228,0,6,51,1391,67,61
641,1519,2160,0.296759,0.897,7.971408e+02,4.836463e-03,2.6219,0,3,120,1390,67,61
642,1518,2160,0.297222,0.897,7.980153e+02,8.123064e-03,2.6262,0,4,66,1389,67,61
643,1517,2160,0.297685,0.897,7.987645e+02,1.522723e-02,2.6013,0,7,71,1388,67,61
644,1516,2160,0.298148,0.897,7.976282e+02,8.883915e-03,2.6111,0,7,90,1387,67,61
645,1515,2160,0.298611,0.897,7.974032e+02,1.043793e-02,2.6595,0,5,53,1386,67,61
646,1514,2160,0.299074,0.897,7.980701e+02,2.358632e-02,2.6632,1,5,4,1386,66,61
647,1513,2160,0.299537,0.896,8.009535e+02,2.341364e-02,2.6145,0,2,30,1385,66,61
648,1512,2160,0.3,0.897,7.985851e+02,4.999754e-02,2.5895,1,7,8,1385,65,61
649,1511,2160,0.300463,0.894,8.021728e+02,8.976237e-03,2.5964,0,0,180,1384,65,61
650,1510,2160,0.300926,0.894,8.015860e+02,4.906265e-03,2.5971,0,0,17,1383,65,61
651,1509,2160,0.301389,0.894,8.035275e+02,2.113187e-02,2.5999,0,7,195,1382,65,61
652,1508,2160,0.301852,0.894,8.013349e+02,3.666683e-02,2.6648,2,4,4,1382,65,60
653,1507,2160,0.302315,0.895,8.034110e+02,1.383613e-02,2.6901,0,0,164,1381,65,60
654,1506,2160,0.302778,0.894,8.092493e+02,8.606189e-03,2.6279,0,7,133,1380,65,60
655,1505,2160,0.303241,0.894,8.130286e+02,1.618396e-02,2.6261,0,6,152,1379,65,60
656,1504,2160,0.303704,0.895,8.230125e+02,7.567298e-03,2.6394,0,0,167,1378,65,60
657,1503,2160,0.304167,0.895,8.246707e+02,6.213563e-03,2.5997,0,0,18,1377,65,60
658,1502,2160,0.30463,0.895,8.258315e+02,7.723042e-03,2.6015,0,4,69,1376,65,60
659,1501,2160,0.305093,0.895,8.273273e+02,2.298621e-02,2.5873,2,0,7,1376,65,59
660,1500,2160,0.305556,0.896,8.296697e+02,7.643879e-03,2.603,0,1,2,1375,65,59
661,1499,2160,0.306019,0.896,8.329809e+02,9.805361e-03,2.6021,0,3,51,1374,65,59
662,1498,2160,0.306481,0.894,8.346626e+02,6.485478e-03,2.621,0,0,179,1373,65,59
663,1497,2160,0.306944,0.894,8.360051e+02,6.722174e-03,2.5931,0,7,40,1372,65,59
664,1496,2160,0.307407,0.894,8.373704e+02,1.289215e-02,2.5814,0,0,100,1371,65,59
665,1495,2160,0.30787,0.894,8.419357e+02,2.081106e-02,2.5968,1,2,6,1371,64,59
666,1494,2160,0.308333,0.895,8.473590e+02,7.285885e-03,2.623,0,4,84,1370,64,59
667,1493,2160,0.308796,0.895,8.506817e+02,8.684751e-02,2.5908,0,7,97,1369,64,59
668,1492,2160,0.309259,0.892,8.642033e+02,2.546169e-03,2.6,1,7,1,1369,63,59
669,1491,2160,0.309722,0.892,8.645022e+02,1.808250e-02,2.6034,1,7,3,1369,62,59
670,1490,2160,0.310185,0.892,8.669614e+02,6.457194e-03,2.5917,0,3,9,1368,62,59
671,1489,2160,0.310648,0.892,8.684362e+02,4.463427e-03,2.613,0,0,9,1367,62,59
672,1488,2160,0.311111,0.892,8.702804e+02,2.311542e-02,2.5895,0,8,119,1366,62,59
673,1487,2160,0.311574,0.895,8.746216e+02,1.052134e-02,2.6085,0,8,122,1365,62,59
674,1486,2160,0.312037,0.895,8.756776e+02,9.991654e-03,2.6093,0,3,158,1364,62,59
675,1485,2160,0.3125,0.895,8.804261e+02,1.096551e-02,2.5937,0,0,51,1363,62,59
676,1484,2160,0.312963,0.895,8.846762e+02,9.914354e-03,2.6151,0,6,179,1362,62,59
677,1483,2160,0.313426,0.895,8.838647e+02,1.206453e-02,2.6376,0,3,137,1361,62,59
678,1482,2160,0.313889,0.895,8.806522e+02,1.434015e-02,2.6056,0,3,44,1360,62,59
679,1481,2160,0.314352,0.895,8.845857e+02,9.039359e-03,2.6306,0,0,191,1359,62,59
680,1480,2160,0.314815,0.895,8.848859e+02,1.009551e-02,2.6744,0,3,63,1358,62,59
681,1479,2160,0.315278,0.896,8.875758e+02,1.518586e-02,2.6032,0,8,39,1357,62,59
682,1478,2160,0.315741,0.895,8.930964e+02,1.302809e-02,2.6144,0,6,175,1356,62,59
683,1477,2160,0.316204,0.895,9.010887e+02,1.241108e-02,2.6277,0,3,104,1355,62,59
684,1476,2160,0.316667,0.894,9.062024e+02,1.253998e-02,2.5957,0,3,78,1354,62,59
685,1475,2160,0.31713,0.893,9.061898e+02,1.045913e-02,2.6003,0,3,161,1353,62,59
686,1474,2160,0.317593,0.893,9.087470e+02,1.570825e-02,2.5983,0,6,21,1352,62,59
687,1473,2160,0.318056,0.894,9.114464e+02,1.033432e-02,2.682,0,3,188,1351,62,59
688,1472,2160,0.318519,0.894,9.128106e+02,7.740766e-02,2.6107,2,8,8,1351,62,58
689,1471,2160,0.318981,0.894,9.159846e+02,7.970434e-03,2.6076,0,7,155,1350,62,58
690,1470,2160,0.319444,0.894,9.177056e+02,8.542111e-03,2.61,0,3,102,1349,62,58
691,1469,2160,0.319907,0.894,9.197723e+02,7.185590e-03,2.5848,0,3,14,1348,62,58
692,1468,2160,0.32037,0.894,9.214962e+02,2.671139e-02,2.6059,0,9,35,1347,62,58
693,1467,2160,0.320833,0.893,9.236149e+02,2.373954e-02,2.6068,0,9,167,1346,62,58
694,1466,2160,0.321296,0.892,9.272707e+02,1.960962e-02,2.5984,0,9,57,1345,62,58
695,1465,2160,0.321759,0.89,9.296672e+02,1.863155e-02,2.656,0,9,38,1344,62,58
696,1464,2160,0.322222,0.889,9.318293e+02,2.272408e-02,2.6203,0,9,100,1343,62,58
697,1463,2160,0.322685,0.887,9.345826e+02,9.457159e-03,2.6109,0,3,182,1342,62,58
698,1462,2160,0.323148,0.887,9.360488e+02,1.097808e-02,2.5981,0,7,182,1341,62,58
699,1461,2160,0.323611,0.889,9.348447e+02,2.051681e-02,2.6495,0,8,162,1340,62,58
700,1460,2160,0.324074,0.887,9.360683e+02,8.139833e-03,2.6228,0,3,165,1339,62,58
701,1459,2160,0.324537,0.888,9.399287e+02,9.301415e-03,2.5813,0,3,134,1338,62,58
702,1458,2160,0.325,0.888,9.407489e+02,1.021443e-02,2.618,0,3,65,1337,62,58
703,1457,2160,0.325463,0.888,9.441417e+02,1.059167e-02,2.6154,0,3,138,1336,62,58
704,1456,2160,0.325926,0.89,9.472046e+02,2.846896e-02,2.6395,0,9,155,1335,62,58
705,1455,2160,0.326389,0.891,9.506581e+02,2.062560e-02,2.6375,0,9,95,1334,62,58
706,1454,2160,0.326852,0.889,9.535638e+02,2.531049e-02,2.6146,0,9,28,1333,62,58
707,1453,2160,0.327315,0.887,9.560380e+02,1.014705e-02,2.6388,0,3,174,1332,62,58
708,1452,2160,0.327778,0.887,9.606476e+02,1.110188e-02,2.6026,0,3,53,1331,62,58
709,1451,2160,0.328241,0.886,9.656757e+02,2.559986e-02,2.6026,0,9,157,1330,62,58
710,1450,2160,0.328704,0.883,9.695771e+02,1.351808e-02,2.6027,0,3,105,1329,62,58
711,1449,2160,0.329167,0.883,9.755202e+02,6.582625e-03,2.6267,0,3,140,1328,62,58
712,1448,2160,0.32963,0.882,9.779161e+02,3.292300e-02,2.6067,0,9,19,1327,62,58
713,1447,2160,0.330093,0.879,9.814833e+02,9.685980e-03,2.6167,0,3,173,1326,62,58
714,1446,2160,0.330556,0.879,9.809317e+02,1.150061e-02,2.604,0,4,173,1325,62,58
715,1445,2160,0.331019,0.878,9.840720e+02,1.126412e-02,2.6408,0,7,22,1324,62,58
716,1444,2160,0.331481,0.879,9.861612e+02,2.708250e-02,2.621,1,2,3,1324,61,58
717,1443,2160,0.331944,0.877,9.956471e+02,2.456858e-02,2.6024,0,9,49,1323,61,58
718,1442,2160,0.332407,0.877,9.996853e+02,1.127583e-02,2.6128,0,3,171,1322,61,58
719,1441,2160,0.33287,0.878,1.000842e+03,1.087223e-02,2.6472,0,3,3,1321,61,58
720,1440,2160,0.333333,0.877,1.004043e+03,1.108968e-02,2.628,0,3,107,1320,61,58
721,1439,2160,0.333796,0.876,1.005933e+03,1.438332e-02,2.6029,0,6,68,1319,61,58
722,1438,2160,0.334259,0.877,1.008183e+03,8.427295e-03,2.5989,0,0,68,1318,61,58
723,1437,2160,0.334722,0.878,1.010801e+03,1.801496e-02,2.602,0,0,118,1317,61,58
724,1436,2160,0.335185,0.876,1.020936e+03,2.177900e-02,2.6372,0,8,118,1316,61,58
725,1435,2160,0.335648,0.876,1.019211e+03,2.680213e-02,2.5964,0,0,92,1315,61,58
726,1434,2160,0.336111,0.877,1.021912e+03,7.446328e-03,2.6447,0,3,123,1314,61,58
727,1433,2160,0.336574,0.877,1.025448e+03,1.498313e-02,2.6005,0,3,131,1313,61,58
728,1432,2160,0.337037,0.876,1.023151e+03,2.655983e-02,2.6146,0,9,181,1312,61,58
729,1431,2160,0.3375,0.873,1.026573e+03,2.523688e-02,2.6314,0,9,75,1311,61,58
730,1430,2160,0.337963,0.872,1.029279e+03,2.091371e-02,2.6074,0,9,62,1310,61,58
731,1429,2160,0.338426,0.87,1.033058e+03,2.687389e-02,2.6144,0,9,73,1309,61,58
732,1428,2160,0.338889,0.864,1.038593e+03,2.449818e-02,2.6053,0,9,158,1308,61,58
733,1427,2160,0.339352,0.862,1.043177e+03,2.751099e-02,2.6487,0,9,134,1307,61,58
734,1426,2160,0.339815,0.863,1.046534e+03,2.847293e-02,2.6562,0,9,104,1306,61,58
735,1425,2160,0.340278,0.859,1.051278e+03,2.038918e-02,2.6065,0,9,162,1305,61,58
736,1424,2160,0.340741,0.856,1.053195e+03,2.147831e-02,2.6243,0,9,46,1304,61,58
737,1423,2160,0.341204,0.855,1.056738e+03,1.235902e-02,2.6234,0,3,152,1303,61,58
738,1422,2160,0.341667,0.855,1.067337e+03,9.844499e-03,2.6347,0,3,11,1302,61,58
739,1421,2160,0.34213,0.855,1.068932e+03,4.272114e-03,2.6043,0,0,11,1301,61,58
740,1420,2160,0.342593,0.855,1.069216e+03,4.658260e-03,2.6204,0,7,11,1300,61,58
741,1419,2160,0.343056,0.855,1.069491e+03,2.811860e-02,2.6241,0,9,146,1299,61,58
742,1418,2160,0.343519,0.85,1.073185e+03,1.939559e-02,2.602,0,9,141,1298,61,58
743,1417,2160,0.343981,0.848,1.076124e+03,7.472701e-03,2.6049,0,1,35,1297,61,58
744,1416,2160,0.344444,0.846,1.078785e+03,1.229588e-02,2.6742,0,0,183,1296,61,58
745,1415,2160,0.344907,0.846,1.081887e+03,5.717341e-03,2.6165,0,2,195,1295,61,58
746,1414,2160,0.34537,0.846,1.082615e+03,6.891756e-03,2.6203,0,1,62,1294,61,58
747,1413,2160,0.345833,0.846,1.085857e+03,1.739993e-02,2.6062,0,1,15,1293,61,58
748,1412,2160,0.346296,0.846,1.085074e+03,5.648303e-02,2.6257,0,3,90,1292,61,58
749,1411,2160,0.346759,0.847,1.095511e+03,8.209557e-03,2.6321,1,7,4,1292,60,58
750,1410,2160,0.347222,0.846,1.098570e+03,1.480552e-02,2.6006,0,5,51,1291,60,58
751,1409,2160,0.347685,0.847,1.099118e+03,1.160559e-02,2.6176,0,3,94,1290,60,58
752,1408,2160,0.348148,0.849,1.103003e+03,9.984649e-03,2.5943,0,3,55,1289,60,58
753,1407,2160,0.348611,0.849,1.105571e+03,6.947492e-03,2.6183,0,0,55,1288,60,58
754,1406,2160,0.349074,0.849,1.106995e+03,1.504495e-02,2.6167,0,5,167,1287,60,58
755,1405,2160,0.349537,0.849,1.108770e+03,1.184865e-02,2.6077,0,6,187,1286,60,58
756,1404,2160,0.35,0.849,1.114831e+03,3.019386e-02,2.5948,0,9,137,1285,60,58
757,1403,2160,0.350463,0.839,1.118697e+03,1.259130e-02,2.6252,0,0,58,1284,60,58
758,1402,2160,0.350926,0.841,1.124411e+03,1.713148e-02,2.6119,0,8,82,1283,60,58
759,1401,2160,0.351389,0.841,1.127079e+03,1.252548e-02,2.6111,0,0,33,1282,60,58
760,1400,2160,0.351852,0.839,1.130119e+03,3.105172e-02,2.6093,0,4,142,1281,60,58
761,1399,2160,0.352315,0.844,1.134231e+03,1.643706e-02,2.6007,0,0,190,1280,60,58
762,1398,2160,0.352778,0.843,1.140170e+03,1.136277e-02,2.6231,0,3,190,1279,60,58
763,1397,2160,0.353241,0.843,1.139584e+03,8.973740e-03,2.6253,0,3,66,1278,60,58
764,1396,2160,0.353704,0.844,1.142544e+03,2.583543e-02,2.5907,0,9,160,1277,60,58
765,1395,2160,0.354167,0.838,1.147549e+03,9.851128e-03,2.6098,0,7,153,1276,60,58
766,1394,2160,0.35463,0.838,1.150804e+03,1.163444e-02,2.6257,0,3,46,1275,60,58
767,1393,2160,0.355093,0.84,1.154050e+03,7.970955e-03,2.6078,0,6,46,1274,60,58
768,1392,2160,0.355556,0.839,1.153442e+03,1.227207e-02,2.6277,0,7,188,1273,60,58
769,1391,2160,0.356019,0.839,1.156596e+03,1.187364e-02,2.605,0,3,117,1272,60,58
770,1390,2160,0.356481,0.838,1.159932e+03,2.264667e-02,2.6126,0,9,51,1271,60,58
771,1389,2160,0.356944,0.837,1.164346e+03,2.552710e-02,2.6305,0,9,74,1270,60,58
772,1388,2160,0.357407,0.833,1.170661e+03,2.385335e-02,2.6156,0,9,178,1269,60,58
773,1387,2160,0.35787,0.828,1.175075e+03,2.025149e-02,2.6037,0,9,58,1268,60,58
774,1386,2160,0.358333,0.824,1.179892e+03,2.010631e-02,2.6245,0,9,147,1267,60,58
775,1385,2160,0.358796,0.822,1.184752e+03,1.892243e-02,2.593,0,9,32,1266,60,58
776,1384,2160,0.359259,0.819,1.187696e+03,1.951253e-02,2.6078,0,9,89,1265,60,58
777,1383,2160,0.359722,0.819,1.192429e+03,2.132988e-02,2.6049,0,9,54,1264,60,58
778,1382,2160,0.360185,0.814,1.197049e+03,1.872265e-02,2.6241,0,9,187,1263,60,58
779,1381,2160,0.360648,0.815,1.201187e+03,1.728946e-02,2.6186,0,9,109,1262,60,58
780,1380,2160,0.361111,0.814,1.205189e+03,1.530441e-02,2.5829,0,9,118,1261,60,58
781,1379,2160,0.361574,0.81,1.208189e+03,1.511335e-02,2.5989,0,9,128,1260,60,58
782,1378,2160,0.362037,0.809,1.213655e+03,1.630813e-02,2.6055,0,9,84,1259,60,58
783,1377,2160,0.3625,0.807,1.217585e+03,1.319871e-02,2.623,0,3,93,1258,60,58
784,1376,2160,0.362963,0.807,1.219323e+03,1.713285e-02,2.5977,0,9,91,1257,60,58
785,1375,2160,0.363426,0.807,1.223698e+03,1.530546e-02,2.6285,0,9,166,1256,60,58
786,1374,2160,0.363889,0.805,1.227639e+03,1.551262e-02,2.6106,0,9,115,1255,60,58
787,1373,2160,0.364352,0.805,1.231703e+03,1.543189e-02,2.6146,0,9,72,1254,60,58
788,1372,2160,0.364815,0.802,1.234939e+03,1.616811e-02,2.6485,0,9,94,1253,60,58
789,1371,2160,0.365278,0.802,1.240013e+03,1.523337e-02,2.6287,0,9,67,1252,60,58
790,1370,2160,0.365741,0.8,1.243005e+03,1.416573e-02,2.6286,0,9,164,1251,60,58
791,1369,2160,0.366204,0.799,1.246995e+03,1.344641e-02,2.6122,0,9,132,1250,60,58
792,1368,2160,0.366667,0.797,1.249773e+03,1.225288e-02,2.6105,0,9,16,1249,60,58
793,1367,2160,0.36713,0.795,1.253225e+03,1.366440e-02,2.6144,0,9,152,1248,60,58
794,1366,2160,0.367593,0.792,1.256388e+03,1.565454e-02,2.6293,0,7,191,1247,60,58
795,1365,2160,0.368056,0.793,1.261955e+03,1.637008e-02,2.6139,0,9,122,1246,60,58
796,1364,2160,0.368519,0.793,1.264867e+03,1.433286e-02,2.6307,0,9,191,1245,60,58
797,1363,2160,0.368981,0.792,1.268652e+03,1.297234e-02,2.6663,0,9,52,1244,60,58
798,1362,2160,0.369444,0.789,1.272736e+03,1.354941e-02,2.6622,0,9,78,1243,60,58
799,1361,2160,0.369907,0.787,1.276201e+03,3.359878e-02,2.6026,0,3,133,1242,60,58
800,1360,2160,0.37037,0.787,1.280224e+03,8.125750e-02,2.5994,2,9,7,1242,60,57
801,1359,2160,0.370833,0.79,1.285882e+03,9.373511e-03,2.5967,0,3,108,1241,60,57
802,1358,2160,0.371296,0.789,1.290903e+03,7.915175e-03,2.6152,0,3,180,1240,60,57
803,1357,2160,0.371759,0.789,1.295394e+03,8.194024e-03,2.6248,0,3,113,1239,60,57
804,1356,2160,0.372222,0.79,1.298780e+03,7.975357e-03,2.6082,0,3,26,1238,60,57
805,1355,2160,0.372685,0.79,1.302794e+03,1.301995e-02,2.5951,0,9,0,1237,60,57
806,1354,2160,0.373148,0.789,1.306652e+03,1.287670e-02,2.6549,0,3,119,1236,60,57
807,1353,2160,0.373611,0.789,1.313883e+03,2.157083e-02,2.626,0,8,102,1235,60,57
808,1352,2160,0.374074,0.79,1.325616e+03,3.347363e-02,2.6028,2,4,7,1235,60,56
809,1351,2160,0.374537,0.789,1.334861e+03,1.444456e-02,2.6235,0,0,121,1234,60,56
810,1350,2160,0.375,0.79,1.338231e+03,6.719295e-03,2.6565,0,0,139,1233,60,56
811,1349,2160,0.375463,0.79,1.344118e+03,9.030869e-03,2.6221,0,0,4,1232,60,56
812,1348,2160,0.375926,0.79,1.347021e+03,1.005341e-02,2.6194,0,6,4,1231,60,56
813,1347,2160,0.376389,0.79,1.350858e+03,8.741812e-03,2.61,0,1,85,1230,60,56
814,1346,2160,0.376852,0.789,1.361409e+03,2.095789e-02,2.6207,0,6,167,1229,60,56
815,1345,2160,0.377315,0.789,1.368026e+03,1.056783e-02,2.599,0,7,5,1228,60,56
816,1344,2160,0.377778,0.79,1.371004e+03,8.051521e-03,2.6079,0,3,18,1227,60,56
817,1343,2160,0.378241,0.79,1.375959e+03,1.090800e-02,2.6,0,3,37,1226,60,56
818,1342,2160,0.378704,0.791,1.379728e+03,1.263022e-02,2.617,0,9,183,1225,60,56
819,1341,2160,0.379167,0.791,1.383596e+03,1.212633e-02,2.6097,0,9,37,1224,60,56
820,1340,2160,0.37963,0.79,1.387006e+03,3.234298e-02,2.5934,1,4,9,1224,59,56
821,1339,2160,0.380093,0.789,1.392764e+03,1.775060e-02,2.6028,0,0,60,1223,59,56
822,1338,2160,0.380556,0.789,1.404945e+03,1.224967e-02,2.6075,0,5,135,1222,59,56
823,1337,2160,0.381019,0.788,1.416159e+03,9.140792e-03,2.6095,0,5,74,1221,59,56
824,1336,2160,0.381481,0.788,1.420284e+03,1.249927e-02,2.6467,0,7,147,1220,59,56
825,1335,2160,0.381944,0.788,1.420427e+03,9.874171e-03,2.5826,0,1,20,1219,59,56
826,1334,2160,0.382407,0.788,1.425060e+03,7.654088e-03,2.5954,0,8,153,1218,59,56
827,1333,2160,0.38287,0.788,1.425924e+03,6.913714e-03,2.5952,0,6,13,1217,59,56
828,1332,2160,0.383333,0.788,1.428656e+03,1.188199e-02,2.5982,0,3,177,1216,59,56
829,1331,2160,0.383796,0.789,1.432061e+03,1.059059e-02,2.6193,0,1,163,1215,59,56
830,1330,2160,0.384259,0.789,1.437736e+03,4.249810e-03,2.6002,0,1,28,1214,59,56
831,1329,2160,0.384722,0.789,1.442269e+03,4.116528e-03,2.6429,0,5,28,1213,59,56
832,1328,2160,0.385185,0.789,1.444586e+03,1.249889e-02,2.5995,0,1,150,1212,59,56
833,1327,2160,0.385648,0.79,1.447492e+03,1.255621e-02,2.6145,0,9,150,1211,59,56
834,1326,2160,0.386111,0.789,1.451789e+03,1.828941e-02,2.6143,0,5,64,1210,59,56
835,1325,2160,0.386574,0.79,1.468606e+03,1.104386e-02,2.5955,0,0,85,1209,59,56
836,1324,2160,0.387037,0.79,1.475710e+03,1.167686e-01,2.5927,1,8,0,1209,58,56
837,1323,2160,0.3875,0.79,1.503044e+03,3.365389e-02,2.6006,0,2,92,1208,58,56
838,1322,2160,0.387963,0.791,1.509091e+03,1.131625e-02,2.6178,0,1,158,1207,58,56
839,1321,2160,0.388426,0.79,1.510004e+03,2.233052e-02,2.5979,0,2,10,1206,58,56
840,1320,2160,0.388889,0.792,1.515949e+03,8.414041e-02,2.6104,1,5,3,1206,57,56
841,1319,2160,0.389352,0.795,1.525386e+03,1.275560e-02,2.619,0,3,61,1205,57,56
842,1318,2160,0.389815,0.794,1.531846e+03,1.330582e-02,2.6406,0,7,166,1204,57,56
843,1317,2160,0.390278,0.794,1.535040e+03,1.272705e-02,2.6279,0,3,193,1203,57,56
844,1316,2160,0.390741,0.794,1.539472e+03,8.299716e-03,2.6218,0,6,193,1202,57,56
845,1315,2160,0.391204,0.794,1.541622e+03,9.918028e-03,2.7371,0,3,166,1201,57,56
846,1314,2160,0.391667,0.793,1.546532e+03,1.690802e-02,2.6151,0,3,52,1200,57,56
847,1313,2160,0.39213,0.794,1.554422e+03,1.245663e-02,2.6313,0,3,111,1199,57,56
848,1312,2160,0.392593,0.794,1.560370e+03,1.360540e-02,2.6051,0,9,173,1198,57,56
849,1311,2160,0.393056,0.791,1.563141e+03,1.172542e-02,2.6134,0,9,5,1197,57,56
850,1310,2160,0.393519,0.791,1.568022e+03,1.382728e-02,2.6308,0,9,86,1196,57,56
851,1309,2160,0.393981,0.79,1.574550e+03,1.476307e-02,2.6102,0,2,27,1195,57,56
852,1308,2160,0.394444,0.79,1.581088e+03,9.708382e-03,2.5879,0,3,27,1194,57,56
853,1307,2160,0.394907,0.79,1.584843e+03,9.614838e-03,2.5857,0,3,178,1193,57,56
854,1306,2160,0.39537,0.79,1.589155e+03,2.088725e-02,2.597,0,4,93,1192,57,56
855,1305,2160,0.395833,0.79,1.601340e+03,1.744624e-02,2.6494,0,6,176,1191,57,56
856,1304,2160,0.396296,0.79,1.611375e+03,2.254011e-02,2.6411,0,7,39,1190,57,56
857,1303,2160,0.396759,0.789,1.620754e+03,1.115920e-02,2.6322,0,9,105,1189,57,56
858,1302,2160,0.397222,0.79,1.622211e+03,1.126664e-02,2.6132,0,9,36,1188,57,56
859,1301,2160,0.397685,0.788,1.626247e+03,1.982498e-02,2.6383,0,9,68,1187,57,56
860,1300,2160,0.398148,0.788,1.630778e+03,3.459138e-02,2.6032,0,9,177,1186,57,56
861,1299,2160,0.398611,0.785,1.636973e+03,3.342369e-02,2.5934,0,6,137,1185,57,56
862,1298,2160,0.399074,0.786,1.654309e+03,3.643375e-02,2.6125,0,9,133,1184,57,56
863,1297,2160,0.399537,0.786,1.661266e+03,9.600620e-02,2.6554,0,9,81,1183,57,56
864,1296,2160,0.4,0.78,1.671848e+03,2.628366e-02,2.6056,0,9,50,1182,57,56
865,1295,2160,0.400463,0.78,1.670614e+03,5.389025e-02,2.5963,0,9,149,1181,57,56
866,1294,2160,0.400926,0.782,1.667995e+03,1.359608e-01,2.5965,1,5,9,1181,56,56
867,1293,2160,0.401389,0.781,1.655035e+03,1.784253e-01,2.6371,0,3,145,1180,56,56
868,1292,2160,0.401852,0.779,1.666095e+03,1.055800e-02,2.5995,0,3,142,1179,56,56
869,1291,2160,0.402315,0.779,1.668559e+03,1.447793e-02,2.5915,0,9,144,1178,56,56
870,1290,2160,0.402778,0.779,1.671058e+03,1.780796e-02,2.5884,0,9,120,1177,56,56
871,1289,2160,0.403241,0.779,1.673886e+03,2.085376e-02,2.5942,0,9,130,1176,56,56
872,1288,2160,0.403704,0.779,1.675506e+03,1.743840e-02,2.6148,0,9,82,1175,56,56
873,1287,2160,0.404167,0.78,1.685305e+03,1.657685e-02,2.6064,0,9,119,1174,56,56
874,1286,2160,0.40463,0.78,1.695685e+03,8.677968e-03,2.5933,0,8,194,1173,56,56
875,1285,2160,0.405093,0.782,1.703516e+03,2.047037e-02,2.6011,0,4,135,1172,56,56
876,1284,2160,0.405556,0.781,1.714584e+03,1.772858e-02,2.6347,0,9,92,1171,56,56
877,1283,2160,0.406019,0.779,1.722600e+03,1.956995e-02,2.6206,0,2,109,1170,56,56
878,1282,2160,0.406481,0.779,1.733480e+03,5.748553e-03,2.597,0,8,28,1169,56,56
879,1281,2160,0.406944,0.78,1.738992e+03,1.388156e-02,2.5853,0,0,169,1168,56,56
880,1280,2160,0.407407,0.781,1.749253e+03,1.329716e-02,2.6317,0,7,24,1167,56,56
881,1279,2160,0.40787,0.782,1.764351e+03,3.227763e-02,2.6189,0,8,10,1166,56,56
882,1278,2160,0.408333,0.781,1.769929e+03,2.438680e-02,2.5996,0,6,130,1165,56,56
883,1277,2160,0.408796,0.782,1.796422e+03,1.759037e-02,2.6136,0,3,36,1164,56,56
884,1276,2160,0.409259,0.782,1.805066e+03,1.469803e-02,2.6129,0,8,25,1163,56,56
885,1275,2160,0.409722,0.781,1.810173e+03,2.814461e-02,2.6075,0,6,194,1162,56,56
886,1274,2160,0.410185,0.782,1.815230e+03,1.487980e-02,2.6135,0,0,181,1161,56,56
887,1273,2160,0.410648,0.782,1.819938e+03,1.970156e-02,2.6269,0,3,97,1160,56,56
888,1272,2160,0.411111,0.782,1.828088e+03,3.884513e-02,2.5982,0,4,97,1159,56,56
889,1271,2160,0.411574,0.781,1.836077e+03,1.582457e-01,2.6152,1,8,7,1159,55,56
890,1270,2160,0.412037,0.784,1.841324e+03,2.627538e-02,2.6395,0,8,105,1158,55,56
891,1269,2160,0.4125,0.783,1.864294e+03,3.364989e-02,2.6159,0,7,106,1157,55,56
892,1268,2160,0.412963,0.782,1.881409e+03,3.906923e-02,2.6077,0,8,50,1156,55,56
893,1267,2160,0.413426,0.781,1.890247e+03,3.756905e-02,2.6449,0,8,107,1155,55,56
894,1266,2160,0.413889,0.781,1.896664e+03,1.579532e-02,2.6109,0,0,173,1154,55,56
895,1265,2160,0.414352,0.783,1.897819e+03,8.604254e-03,2.6321,0,4,15,1153,55,56
896,1264,2160,0.414815,0.783,1.902294e+03,1.035343e-02,2.6057,0,0,186,1152,55,56
897,1263,2160,0.415278,0.783,1.906710e+03,1.767703e-02,2.6254,0,1,92,1151,55,56
898,1262,2160,0.415741,0.782,1.913787e+03,1.142310e-02,2.6311,0,0,182,1150,55,56
899,1261,2160,0.416204,0.782,1.917186e+03,1.428284e-02,2.6177,0,4,14,1149,55,56
900,1260,2160,0.416667,0.782,1.920411e+03,1.620618e-01,2.6329,1,1,1,1149,54,56
901,1259,2160,0.41713,0.779,1.981096e+03,1.864120e-02,2.5942,0,6,181,1148,54,56
902,1258,2160,0.417593,0.78,1.980474e+03,5.367289e-02,2.6235,1,7,7,1148,53,56
903,1257,2160,0.418056,0.779,2.004422e+03,2.471070e-02,2.5922,0,6,74,1147,53,56
904,1256,2160,0.418519,0.779,2.013837e+03,2.458546e-02,2.5883,0,8,43,1146,53,56
905,1255,2160,0.418981,0.779,2.022626e+03,5.214024e-02,2.6167,0,4,179,1145,53,56
906,1254,2160,0.419444,0.779,2.035808e+03,1.070902e-01,2.5973,2,1,1,1145,53,55
907,1253,2160,0.419907,0.78,2.062175e+03,1.315560e-02,2.6368,0,3,19,1144,53,55
908,1252,2160,0.42037,0.78,2.067165e+03,1.000251e-01,2.6004,2,9,8,1144,53,54
909,1251,2160,0.420833,0.783,2.092355e+03,1.021526e-02,2.5994,0,3,23,1143,53,54
910,1250,2160,0.421296,0.784,2.099485e+03,4.714932e-02,2.6318,0,8,64,1142,53,54
911,1249,2160,0.421759,0.786,2.090799e+03,9.442677e-03,2.6034,0,3,64,1141,53,54
912,1248,2160,0.422222,0.785,2.100409e+03,1.209648e-02,2.6061,0,0,64,1140,53,54
913,1247,2160,0.422685,0.785,2.103733e+03,1.517439e-02,2.6641,0,3,45,1139,53,54
914,1246,2160,0.423148,0.785,2.110821e+03,1.181871e-02,2.6206,0,3,95,1138,53,54
915,1245,2160,0.423611,0.785,2.118512e+03,3.951842e-02,2.6367,1,7,2,1138,52,54
916,1244,2160,0.424074,0.785,2.138563e+03,2.301733e-02,2.6438,0,6,155,1137,52,54
917,1243,2160,0.424537,0.785,2.140592e+03,6.019055e-02,2.5993,1,1,6,1137,51,54
918,1242,2160,0.425,0.786,2.170163e+03,7.484603e-02,2.6397,2,1,8,1137,51,53
919,1241,2160,0.425463,0.784,2.215943e+03,3.816969e-02,2.6025,2,7,2,1137,51,52
920,1240,2160,0.425926,0.783,2.252935e+03,8.358793e-02,2.6472,1,9,5,1137,50,52
921,1239,2160,0.426389,0.781,2.258442e+03,6.108875e-03,2.6413,0,5,46,1136,50,52
922,1238,2160,0.426852,0.781,2.269361e+03,1.196295e-02,2.5934,0,1,95,1135,50,52
923,1237,2160,0.427315,0.781,2.274932e+03,8.545291e-03,2.6048,0,0,192,1134,50,52
924,1236,2160,0.427778,0.781,2.280266e+03,7.097580e-03,2.622,0,5,192,1133,50,52
925,1235,2160,0.428241,0.781,2.287297e+03,9.456143e-03,2.608,0,2,139,1132,50,52
926,1234,2160,0.428704,0.781,2.288916e+03,1.252372e-02,2.6004,0,1,52,1131,50,52
927,1233,2160,0.429167,0.782,2.290089e+03,7.991475e-03,2.6054,0,0,52,1130,50,52
928,1232,2160,0.42963,0.782,2.290602e+03,2.116895e-02,2.6019,0,0,67,1129,50,52
929,1231,2160,0.430093,0.782,2.294710e+03,1.179658e-02,2.5988,0,0,157,1128,50,52
930,1230,2160,0.430556,0.78,2.296731e+03,1.548931e-02,2.6013,0,3,157,1127,50,52
931,1229,2160,0.431019,0.78,2.297363e+03,5.994772e-03,2.6095,0,2,29,1126,50,52
932,1228,2160,0.431481,0.779,2.306156e+03,1.495204e-02,2.6106,0,1,19,1125,50,52
933,1227,2160,0.431944,0.781,2.309192e+03,1.215825e-02,2.5958,0,8,42,1124,50,52
934,1226,2160,0.432407,0.781,2.315587e+03,1.147826e-02,2.6404,0,3,42,1123,50,52
935,1225,2160,0.43287,0.781,2.320864e+03,1.075104e-02,2.6212,0,7,42,1122,50,52
936,1224,2160,0.433333,0.781,2.318211e+03,1.727212e-02,2.6066,0,7,111,1121,50,52
937,1223,2160,0.433796,0.78,2.315436e+03,7.993309e-03,2.5972,0,6,111,1120,50,52
938,1222,2160,0.434259,0.78,2.311757e+03,2.192902e-02,2.6138,0,3,144,1119,50,52
939,1221,2160,0.434722,0.779,2.314768e+03,1.227701e-02,2.6019,0,3,1,1118,50,52
940,1220,2160,0.435185,0.779,2.322938e+03,1.480524e-02,2.6383,0,1,0,1117,50,52
941,1219,2160,0.435648,0.78,2.329666e+03,7.221838e-03,2.6221,0,0,0,1116,50,52
942,1218,2160,0.436111,0.779,2.334254e+03,2.705071e-02,2.6203,0,0,136,1115,50,52
943,1217,2160,0.436574,0.78,2.352173e+03,9.441872e-03,2.6022,0,0,29,1114,50,52
944,1216,2160,0.437037,0.781,2.363690e+03,1.078961e-02,2.6029,0,7,27,1113,50,52
945,1215,2160,0.4375,0.781,2.376648e+03,5.252458e-02,2.6139,2,0,5,1113,50,51
946,1214,2160,0.437963,0.782,2.387920e+03,1.847672e-02,2.5973,0,4,117,1112,50,51
947,1213,2160,0.438426,0.779,2.409968e+03,1.213797e-02,2.5977,0,1,117,1111,50,51
948,1212,2160,0.438889,0.781,2.413355e+03,2.087226e-02,2.5986,0,3,147,1110,50,51
949,1211,2160,0.439352,0.78,2.419223e+03,1.688376e-02,2.6083,0,0,159,1109,50,51
950,1210,2160,0.439815,0.781,2.425435e+03,1.700639e-02,2.6114,0,0,45,1108,50,51
951,1209,2160,0.440278,0.781,2.433010e+03,1.711746e-02,2.5965,0,6,184,1107,50,51
952,1208,2160,0.440741,0.781,2.440607e+03,1.767476e-02,2.6026,0,0,126,1106,50,51
953,1207,2160,0.441204,0.78,2.445132e+03,2.184868e-02,2.608,0,6,173,1105,50,51
954,1206,2160,0.441667,0.779,2.431590e+03,9.041366e-03,2.6027,0,5,97,1104,50,51
955,1205,2160,0.44213,0.779,2.435269e+03,1.485385e-02,2.609,0,3,163,1103,50,51
956,1204,2160,0.442593,0.78,2.443528e+03,3.050259e-02,2.6035,0,3,110,1102,50,51
957,1203,2160,0.443056,0.78,2.453960e+03,3.443719e-02,2.5816,0,3,183,1101,50,51
958,1202,2160,0.443519,0.78,2.462456e+03,1.023215e-01,2.6119,2,7,9,1101,50,50
959,1201,2160,0.443981,0.78,2.478668e+03,7.051988e-02,2.6022,0,6,118,1100,50,50
960,1200,2160,0.444444,0.785,2.515855e+03,1.211779e-02,2.6178,0,3,112,1099,50,50
961,1199,2160,0.444907,0.784,2.515598e+03,1.996953e-02,2.6014,0,2,103,1098,50,50
962,1198,2160,0.44537,0.783,2.526453e+03,1.184096e-02,2.6179,0,5,18,1097,50,50
963,1197,2160,0.445833,0.784,2.537918e+03,1.362639e-02,2.6127,0,3,155,1096,50,50
964,1196,2160,0.446296,0.784,2.542079e+03,1.025224e-02,2.5958,0,0,46,1095,50,50
965,1195,2160,0.446759,0.783,2.549839e+03,1.205998e-02,2.6033,0,6,99,1094,50,50
966,1194,2160,0.447222,0.783,2.563698e+03,1.717940e-02,2.6257,0,1,125,1093,50,50
967,1193,2160,0.447685,0.784,2.579148e+03,7.418747e-03,2.6401,0,6,97,1092,50,50
968,1192,2160,0.448148,0.784,2.587452e+03,1.871768e-02,2.6009,0,6,3,1091,50,50
969,1191,2160,0.448611,0.784,2.596683e+03,1.599122e-02,2.6065,0,1,70,1090,50,50
970,1190,2160,0.449074,0.784,2.609130e+03,3.092394e-02,2.6098,0,8,96,1089,50,50
971,1189,2160,0.449537,0.785,2.618120e+03,2.276595e-02,2.6095,0,6,143,1088,50,50
972,1188,2160,0.45,0.786,2.652880e+03,1.435701e-02,2.604,0,4,139,1087,50,50
973,1187,2160,0.450463,0.786,2.664086e+03,1.247550e-02,2.6011,0,7,85,1086,50,50
974,1186,2160,0.450926,0.787,2.678469e+03,2.126052e-02,2.6813,0,2,78,1085,50,50
975,1185,2160,0.451389,0.788,2.694178e+03,1.129084e-02,2.6667,0,4,166,1084,50,50
976,1184,2160,0.451852,0.787,2.707381e+03,3.528921e-02,2.603,0,4,174,1083,50,50
977,1183,2160,0.452315,0.786,2.729826e+03,1.819974e-02,2.6226,0,7,189,1082,50,50
978,1182,2160,0.452778,0.788,2.740002e+03,1.192277e-02,2.5924,0,8,141,1081,50,50
979,1181,2160,0.453241,0.787,2.747349e+03,5.936914e-03,2.6127,0,1,42,1080,50,50
980,1180,2160,0.453704,0.786,2.757900e+03,1.294226e-02,2.5943,0,5,141,1079,50,50
981,1179,2160,0.454167,0.788,2.782178e+03,2.044257e-02,2.6193,0,8,63,1078,50,50
982,1178,2160,0.45463,0.785,2.775894e+03,1.247041e-02,2.6072,0,5,7,1077,50,50
983,1177,2160,0.455093,0.785,2.792349e+03,1.332272e-02,2.6248,0,7,7,1076,50,50
984,1176,2160,0.455556,0.787,2.802222e+03,4.298749e-03,2.6679,0,5,98,1075,50,50
985,1175,2160,0.456019,0.787,2.813044e+03,8.321284e-03,2.6468,0,5,191,1074,50,50
986,1174,2160,0.456481,0.788,2.824337e+03,7.274884e-03,2.6193,0,3,185,1073,50,50
987,1173,2160,0.456944,0.787,2.835908e+03,1.534207e-02,2.6506,0,4,125,1072,50,50
988,1172,2160,0.457407,0.786,2.843281e+03,1.569199e-02,2.6602,0,5,125,1071,50,50
989,1171,2160,0.45787,0.788,2.871521e+03,1.553834e-02,2.6452,0,4,47,1070,50,50
990,1170,2160,0.458333,0.786,2.885974e+03,1.081725e-02,2.6273,0,2,17,1069,50,50
991,1169,2160,0.458796,0.786,2.895695e+03,7.775772e-03,2.5879,0,5,153,1068,50,50
992,1168,2160,0.459259,0.787,2.916254e+03,1.742584e-02,2.6344,0,3,115,1067,50,50
993,1167,2160,0.459722,0.785,2.921950e+03,7.852531e-03,2.6082,0,3,179,1066,50,50
994,1166,2160,0.460185,0.785,2.934905e+03,1.051982e-02,2.6365,0,3,39,1065,50,50
995,1165,2160,0.460648,0.784,2.941792e+03,1.705643e-02,2.6071,0,3,22,1064,50,50
996,1164,2160,0.461111,0.785,2.946050e+03,7.993637e-03,2.6276,0,1,22,1063,50,50
997,1163,2160,0.461574,0.784,2.952904e+03,9.853943e-03,2.6141,0,3,74,1062,50,50
998,1162,2160,0.462037,0.785,2.970554e+03,1.746481e-02,2.5924,0,3,122,1061,50,50
999,1161,2160,0.4625,0.786,2.966987e+03,1.770565e-02,2.6224,0,6,81,1060,50,50
1000,1160,2160,0.462963,0.785,2.987539e+03,1.346632e-02,2.5952,0,3,62,1059,50,50
1001,1159,2160,0.463426,0.785,3.009472e+03,2.869114e-02,2.5978,0,3,168,1058,50,50
1002,1158,2160,0.463889,0.787,2.995500e+03,1.798884e-02,2.5992,0,3,50,1057,50,50
1003,1157,2160,0.464352,0.788,3.025265e+03,1.257741e-01,2.5901,0,3,69,1056,50,50
1004,1156,2160,0.464815,0.784,3.492570e+03,6.698341e-03,2.5956,0,3,167,1055,50,50
1005,1155,2160,0.465278,0.785,3.506367e+03,1.444128e-02,2.5941,0,3,146,1054,50,50
1006,1154,2160,0.465741,0.783,3.517922e+03,1.393634e-02,2.6017,0,0,26,1053,50,50
1007,1153,2160,0.466204,0.785,3.520425e+03,2.194289e-02,2.629,0,6,16,1052,50,50
1008,1152,2160,0.466667,0.785,3.513018e+03,3.848701e-02,2.6385,0,1,83,1051,50,50
1009,1151,2160,0.46713,0.787,3.534080e+03,1.425038e-02,2.6134,0,8,66,1050,50,50
1010,1150,2160,0.467593,0.787,3.553665e+03,2.626675e-02,2.6297,0,5,40,1049,50,50
1011,1149,2160,0.468056,0.788,3.573938e+03,1.038329e-01,2.6193,0,0,94,1048,50,50
1012,1148,2160,0.468519,0.787,3.656015e+03,1.133525e-01,2.6051,0,6,172,1047,50,50
1013,1147,2160,0.468981,0.783,3.675439e+03,1.054153e-02,2.6017,0,1,172,1046,50,50
1014,1146,2160,0.469444,0.785,3.678954e+03,1.258689e-02,2.6788,0,6,94,1045,50,50
1015,1145,2160,0.469907,0.784,3.690590e+03,1.210030e-02,2.5868,0,0,175,1044,50,50
1016,1144,2160,0.47037,0.784,3.702614e+03,1.516641e-02,2.6042,0,5,82,1043,50,50
1017,1143,2160,0.470833,0.783,3.724911e+03,1.246132e-02,2.6304,0,4,32,1042,50,50
1018,1142,2160,0.471296,0.782,3.739808e+03,1.628735e-02,2.5986,0,1,48,1041,50,50
1019,1141,2160,0.471759,0.782,3.752379e+03,8.289850e-03,2.5974,0,8,83,1040,50,50
1020,1140,2160,0.472222,0.783,3.768178e+03,2.013123e-02,2.6049,0,6,122,1039,50,50
1021,1139,2160,0.472685,0.782,3.800399e+03,2.881130e-02,2.6024,0,6,131,1038,50,50
1022,1138,2160,0.473148,0.781,3.829402e+03,3.251389e-02,2.6105,0,9,121,1037,50,50
1023,1137,2160,0.473611,0.78,3.839421e+03,1.158995e-02,2.6027,0,6,121,1036,50,50
1024,1136,2160,0.474074,0.78,3.847606e+03,7.585685e-03,2.6098,0,8,8,1035,50,50
1025,1135,2160,0.474537,0.78,3.855804e+03,5.060538e-02,2.6165,0,2,130,1034,50,50
1026,1134,2160,0.475,0.783,3.888445e+03,9.573161e-03,2.6214,0,2,164,1033,50,50
1027,1133,2160,0.475463,0.782,3.902451e+03,2.238917e-02,2.6165,0,9,142,1032,50,50
1028,1132,2160,0.475926,0.781,3.918361e+03,6.905460e-02,2.6004,0,9,143,1031,50,50
1029,1131,2160,0.476389,0.78,3.971963e+03,6.374447e-03,2.6384,0,1,195,1030,50,50
1030,1130,2160,0.476852,0.78,3.983798e+03,1.250254e-02,2.6043,0,5,24,1029,50,50
1031,1129,2160,0.477315,0.78,3.990951e+03,2.409607e-02,2.603,0,6,79,1028,50,50
1032,1128,2160,0.477778,0.78,4.004194e+03,5.778918e-02,2.6251,0,8,75,1027,50,50
1033,1127,2160,0.478241,0.781,4.020532e+03,2.340682e-02,2.601,0,0,37,1026,50,50
1034,1126,2160,0.478704,0.78,4.041422e+03,1.419788e-02,2.609,0,5,94,1025,50,50
1035,1125,2160,0.479167,0.78,4.059915e+03,9.038973e-03,2.6262,0,5,16,1024,50,50
1036,1124,2160,0.47963,0.78,4.074437e+03,6.832390e-03,2.6381,0,4,16,1023,50,50
1037,1123,2160,0.480093,0.78,4.086468e+03,1.278863e-02,2.6128,0,5,19,1022,50,50
1038,1122,2160,0.480556,0.778,4.104869e+03,1.321642e-02,2.6522,0,6,177,1021,50,50
1039,1121,2160,0.481019,0.777,4.116864e+03,1.697730e-02,2.6013,0,5,147,1020,50,50
1040,1120,2160,0.481481,0.776,4.150377e+03,1.029635e-02,2.6031,0,2,153,1019,50,50
1041,1119,2160,0.481944,0.777,4.167096e+03,1.345314e-02,2.609,0,6,180,1018,50,50
1042,1118,2160,0.482407,0.777,4.183900e+03,1.630975e-02,2.6044,0,1,93,1017,50,50
1043,1117,2160,0.48287,0.778,4.189265e+03,1.492671e-02,2.5938,0,6,55,1016,50,50
1044,1116,2160,0.483333,0.777,4.203910e+03,9.508000e-03,2.6017,0,0,140,1015,50,50
1045,1115,2160,0.483796,0.777,4.223591e+03,2.117827e-02,2.605,0,4,134,1014,50,50
1046,1114,2160,0.484259,0.776,4.238757e+03,1.818609e-02,2.6085,0,0,189,1013,50,50
1047,1113,2160,0.484722,0.774,4.250260e+03,3.970359e-02,2.6346,0,6,65,1012,50,50
1048,1112,2160,0.485185,0.773,4.260625e+03,1.125379e-02,2.6008,0,0,168,1011,50,50
1049,1111,2160,0.485648,0.774,4.277567e+03,8.960153e-03,2.6391,0,2,11,1010,50,50
1050,1110,2160,0.486111,0.774,4.296931e+03,1.820748e-02,2.6056,0,2,114,1009,50,50
1051,1109,2160,0.486574,0.774,4.331396e+03,1.965146e-02,2.6423,0,1,102,1008,50,50
1052,1108,2160,0.487037,0.773,4.367821e+03,1.643951e-02,2.6174,0,2,100,1007,50,50
1053,1107,2160,0.4875,0.774,4.396016e+03,9.668973e-03,2.5999,0,5,84,1006,50,50
1054,1106,2160,0.487963,0.772,4.413540e+03,1.592655e-02,2.6103,0,1,136,1005,50,50
1055,1105,2160,0.488426,0.772,4.410392e+03,2.741690e-02,2.6426,0,6,127,1004,50,50
1056,1104,2160,0.488889,0.773,4.428303e+03,1.434277e-02,2.6176,0,0,127,1003,50,50
1057,1103,2160,0.489352,0.773,4.443894e+03,1.063960e-02,2.5896,0,2,25,1002,50,50
1058,1102,2160,0.489815,0.773,4.467751e+03,1.078552e-02,2.5953,0,6,25,1001,50,50
1059,1101,2160,0.490278,0.774,4.485250e+03,5.746921e-02,2.6116,0,8,138,1000,50,50
1060,1100,2160,0.490741,0.775,4.502631e+03,5.358766e-02,2.6215,0,8,49,999,50,50
1061,1099,2160,0.491204,0.776,4.521782e+03,1.504160e-02,2.6237,0,1,130,998,50,50
1062,1098,2160,0.491667,0.775,4.533973e+03,8.245951e-03,2.6189,0,6,28,997,50,50
1063,1097,2160,0.49213,0.775,4.562504e+03,8.063801e-03,2.6368,0,2,13,996,50,50
1064,1096,2160,0.492593,0.775,4.586324e+03,1.091546e-02,2.5929,0,2,83,995,50,50
1065,1095,2160,0.493056,0.775,4.614773e+03,8.684928e-03,2.6223,0,2,9,994,50,50
1066,1094,2160,0.493519,0.774,4.636880e+03,1.154918e-02,2.6514,0,1,24,993,50,50
1067,1093,2160,0.493981,0.774,4.660736e+03,2.736477e-02,2.6215,0,1,77,992,50,50
1068,1092,2160,0.494444,0.772,4.713550e+03,2.280559e-02,2.6193,0,0,77,991,50,50
1069,1091,2160,0.494907,0.774,4.725181e+03,2.293632e-02,2.6145,0,4,127,990,50,50
1070,1090,2160,0.49537,0.773,4.752027e+03,1.183122e-02,2.602,0,5,123,989,50,50
1071,1089,2160,0.495833,0.773,4.779353e+03,1.373115e-02,2.6451,0,6,154,988,50,50
1072,1088,2160,0.496296,0.772,4.802441e+03,2.639147e-02,2.6086,0,2,134,987,50,50
1073,1087,2160,0.496759,0.772,4.828778e+03,1.718159e-02,2.6165,0,7,10,986,50,50
1074,1086,2160,0.497222,0.772,4.861121e+03,6.221477e-03,2.6134,0,4,10,985,50,50
1075,1085,2160,0.497685,0.772,4.871485e+03,9.638852e-03,2.6002,0,5,69,984,50,50
1076,1084,2160,0.498148,0.773,4.892981e+03,2.731957e-02,2.657,0,1,36,983,50,50
1077,1083,2160,0.498611,0.774,4.917325e+03,6.708881e-02,2.5877,2,3,7,983,50,49
1078,1082,2160,0.499074,0.775,4.985648e+03,1.064640e-02,2.6038,0,4,26,982,50,49
1079,1081,2160,0.499537,0.775,5.010559e+03,1.409337e-02,2.621,0,6,0,981,50,49
1080,1080,2160,0.5,0.776,5.042760e+03,7.371194e-03,2.6074,0,2,0,980,50,49
1081,1079,2160,0.500463,0.776,5.056322e+03,1.179753e-02,2.6258,0,7,6,979,50,49
1082,1078,2160,0.500926,0.776,5.100111e+03,8.505553e-03,2.6123,0,5,195,978,50,49
1083,1077,2160,0.501389,0.775,5.129370e+03,1.327511e-02,2.6335,0,1,180,977,50,49
1084,1076,2160,0.501852,0.777,5.161709e+03,1.779715e-02,2.6157,0,1,34,976,50,49
1085,1075,2160,0.502315,0.777,5.196469e+03,3.335759e-02,2.6276,0,0,31,975,50,49
1086,1074,2160,0.502778,0.777,5.218982e+03,2.617800e-02,2.5922,0,2,18,974,50,49
1087,1073,2160,0.503241,0.777,5.243450e+03,3.918309e-02,2.6428,0,5,103,973,50,49
1088,1072,2160,0.503704,0.777,5.305886e+03,1.556012e-02,2.6033,0,5,148,972,50,49
1089,1071,2160,0.504167,0.778,5.342392e+03,3.012644e-02,2.6036,0,5,132,971,50,49
1090,1070,2160,0.50463,0.775,5.388497e+03,1.034426e-02,2.6164,0,5,193,970,50,49
1091,1069,2160,0.505093,0.776,5.423850e+03,1.362593e-02,2.6216,0,4,185,969,50,49
1092,1068,2160,0.505556,0.775,5.456582e+03,8.326581e-03,2.646,0,5,185,968,50,49
1093,1067,2160,0.506019,0.776,5.481087e+03,1.474262e-02,2.606,0,5,99,967,50,49
1094,1066,2160,0.506481,0.777,5.510534e+03,4.302305e-02,2.5952,0,8,65,966,50,49
1095,1065,2160,0.506944,0.777,5.531198e+03,4.508868e-02,2.6278,0,8,91,965,50,49
1096,1064,2160,0.507407,0.777,5.557808e+03,1.399715e-02,2.5939,0,5,3,964,50,49
1097,1063,2160,0.50787,0.778,5.590146e+03,2.511492e-02,2.6061,0,4,115,963,50,49
1098,1062,2160,0.508333,0.777,5.606553e+03,1.980642e-02,2.6358,0,4,17,962,50,49
1099,1061,2160,0.508796,0.776,5.635277e+03,7.034021e-03,2.6109,0,4,9,961,50,49
1100,1060,2160,0.509259,0.776,5.658291e+03,1.372312e-02,2.619,0,1,81,960,50,49
1101,1059,2160,0.509722,0.775,5.678253e+03,1.360234e-02,2.5849,0,3,86,959,50,49
1102,1058,2160,0.510185,0.774,5.690145e+03,2.101341e-02,2.6061,0,6,38,958,50,49
1103,1057,2160,0.510648,0.775,5.737151e+03,5.105740e-02,2.5906,0,6,107,957,50,49
1104,1056,2160,0.511111,0.778,5.772246e+03,3.213757e-02,2.6216,0,6,171,956,50,49
1105,1055,2160,0.511574,0.779,5.806188e+03,2.936829e-02,2.6289,0,5,110,955,50,49
1106,1054,2160,0.512037,0.778,5.827342e+03,6.711759e-02,2.5979,0,5,107,954,50,49
1107,1053,2160,0.5125,0.778,5.849423e+03,1.715872e-02,2.6108,0,0,30,953,50,49
1108,1052,2160,0.512963,0.777,5.872446e+03,1.164429e-02,2.6239,0,7,30,952,50,49
1109,1051,2160,0.513426,0.778,5.890516e+03,2.028618e-02,2.6297,0,6,31,951,50,49
1110,1050,2160,0.513889,0.775,5.915537e+03,1.518216e-02,2.5988,0,1,149,950,50,49
1111,1049,2160,0.514352,0.776,5.935842e+03,2.551105e-02,2.6315,0,5,131,949,50,49
1112,1048,2160,0.514815,0.778,5.980939e+03,1.999630e-02,2.5897,0,0,79,948,50,49
1113,1047,2160,0.515278,0.78,6.018865e+03,1.168141e-02,2.6115,0,5,79,947,50,49
1114,1046,2160,0.515741,0.777,6.022593e+03,3.427032e-02,2.6021,0,0,80,946,50,49
1115,1045,2160,0.516204,0.779,6.070339e+03,1.191579e-02,2.6054,0,6,80,945,50,49
1116,1044,2160,0.516667,0.779,6.081405e+03,3.217496e-02,2.5916,0,0,63,944,50,49
1117,1043,2160,0.51713,0.778,6.135256e+03,1.023998e-02,2.5962,0,6,63,943,50,49
1118,1042,2160,0.517593,0.777,6.148092e+03,1.438780e-02,2.6064,0,4,126,942,50,49
1119,1041,2160,0.518056,0.777,6.178565e+03,1.450507e-02,2.6399,0,8,57,941,50,49
1120,1040,2160,0.518519,0.777,6.203206e+03,1.314440e-02,2.599,0,6,57,940,50,49
1121,1039,2160,0.518981,0.776,6.220507e+03,1.589866e-01,2.629,2,2,5,940,50,48
1122,1038,2160,0.519444,0.774,6.288493e+03,6.802538e-02,2.6051,2,4,5,940,50,47
1123,1037,2160,0.519907,0.776,6.344506e+03,2.887197e-01,2.6146,0,9,107,939,50,47
1124,1036,2160,0.52037,0.776,7.094648e+03,1.558926e-02,2.5995,0,2,157,938,50,47
1125,1035,2160,0.520833,0.776,7.125613e+03,9.218998e-03,2.6194,0,1,169,937,50,47
1126,1034,2160,0.521296,0.776,7.153442e+03,1.286708e-02,2.5838,0,7,1,936,50,47
1127,1033,2160,0.521759,0.776,7.195748e+03,2.573751e-02,2.6016,0,2,32,935,50,47
1128,1032,2160,0.522222,0.773,7.229258e+03,2.705628e-02,2.6236,0,5,130,934,50,47
1129,1031,2160,0.522685,0.775,7.293653e+03,2.579595e-02,2.6373,0,2,86,933,50,47
1130,1030,2160,0.523148,0.775,7.310682e+03,2.551619e-02,2.5907,0,2,54,932,50,47
1131,1029,2160,0.523611,0.773,7.340361e+03,2.581143e-02,2.6062,0,2,132,931,50,47
1132,1028,2160,0.524074,0.775,7.359959e+03,2.160982e-02,2.6004,0,2,171,930,50,47
1133,1027,2160,0.524537,0.772,7.374760e+03,9.243491e-02,2.5994,2,9,2,930,50,46
1134,1026,2160,0.525,0.776,7.450759e+03,2.454554e-02,2.5945,0,2,116,929,50,46
1135,1025,2160,0.525463,0.774,7.507289e+03,1.317669e-02,2.6226,0,2,165,928,50,46
1136,1024,2160,0.525926,0.774,7.538381e+03,1.874130e-02,2.6296,0,6,165,927,50,46
1137,1023,2160,0.526389,0.774,7.579538e+03,5.678893e-02,2.6,0,8,89,926,50,46
1138,1022,2160,0.526852,0.772,7.592345e+03,1.976366e-02,2.5974,0,6,190,925,50,46
1139,1021,2160,0.527315,0.771,7.635623e+03,1.039887e-02,2.6309,0,5,12,924,50,46
1140,1020,2160,0.527778,0.771,7.662372e+03,9.518337e-03,2.6357,0,0,25,923,50,46
1141,1019,2160,0.528241,0.771,7.704405e+03,7.296597e-03,2.6089,0,5,25,922,50,46
1142,1018,2160,0.528704,0.772,7.735251e+03,3.662181e-03,2.6402,0,4,25,921,50,46
1143,1017,2160,0.529167,0.771,7.757825e+03,2.391498e-02,2.6029,0,2,142,920,50,46
1144,1016,2160,0.52963,0.769,7.785785e+03,1.708859e-02,2.636,0,6,142,919,50,46
1145,1015,2160,0.530093,0.77,7.787507e+03,6.970309e-02,2.6377,0,4,145,918,50,46
1146,1014,2160,0.530556,0.769,7.812463e+03,1.296507e-02,2.6139,0,2,84,917,50,46
1147,1013,2160,0.531019,0.769,7.858898e+03,1.848743e-02,2.628,0,1,178,916,50,46
1148,1012,2160,0.531481,0.769,7.889177e+03,2.472735e-02,2.606,0,1,170,915,50,46
1149,1011,2160,0.531944,0.77,7.927322e+03,1.267670e-02,2.5908,0,2,168,914,50,46
1150,1010,2160,0.532407,0.77,7.971831e+03,1.944164e-02,2.6205,0,1,112,913,50,46
1151,1009,2160,0.53287,0.767,8.001450e+03,1.062496e-01,2.6039,0,2,162,912,50,46
1152,1008,2160,0.533333,0.771,8.266934e+03,3.484865e-02,2.5994,0,0,156,911,50,46
1153,1007,2160,0.533796,0.77,8.257686e+03,3.362291e-02,2.6406,0,5,63,910,50,46
1154,1006,2160,0.534259,0.77,8.357694e+03,1.385241e-02,2.5983,0,5,45,909,50,46
1155,1005,2160,0.534722,0.77,8.413697e+03,3.849385e-02,2.6202,0,0,161,908,50,46
1156,1004,2160,0.535185,0.77,8.446692e+03,3.873106e-02,2.6188,0,6,71,907,50,46
1157,1003,2160,0.535648,0.769,8.468531e+03,3.071462e-02,2.6209,0,0,71,906,50,46
1158,1002,2160,0.536111,0.768,8.491534e+03,1.225561e-02,2.6019,0,1,185,905,50,46
1159,1001,2160,0.536574,0.771,8.531754e+03,2.256040e-02,2.6133,0,5,187,904,50,46
1160,1000,2160,0.537037,0.77,8.577502e+03,1.285930e-02,2.6153,0,3,181,903,50,46
1161,999,2160,0.5375,0.77,8.593119e+03,9.231433e-03,2.5982,0,1,181,902,50,46
1162,998,2160,0.537963,0.77,8.628342e+03,1.032781e-02,2.5976,0,5,14,901,50,46
1163,997,2160,0.538426,0.77,8.665917e+03,1.131113e-02,2.6071,0,2,5,900,50,46
1164,996,2160,0.538889,0.77,8.706542e+03,1.502634e-02,2.5977,0,6,5,899,50,46
1165,995,2160,0.539352,0.77,8.745954e+03,1.742670e-02,2.6298,0,0,177,898,50,46
1166,994,2160,0.539815,0.77,8.796696e+03,1.569499e-02,2.5977,0,4,191,897,50,46
1167,993,2160,0.540278,0.769,8.845798e+03,4.132080e-02,2.6044,0,0,76,896,50,46
1168,992,2160,0.540741,0.77,8.891376e+03,3.360228e-02,2.5932,0,6,90,895,50,46
1169,991,2160,0.541204,0.772,8.985878e+03,2.535473e-02,2.5963,0,5,172,894,50,46
1170,990,2160,0.541667,0.771,9.053038e+03,6.734761e-03,2.6377,0,2,98,893,50,46
1171,989,2160,0.54213,0.771,9.097674e+03,1.481879e-02,2.5926,0,1,159,892,50,46
1172,988,2160,0.542593,0.77,9.141311e+03,1.191311e-02,2.6072,0,5,38,891,50,46
1173,987,2160,0.543056,0.769,9.179851e+03,2.762733e-02,2.6062,0,2,146,890,50,46
1174,986,2160,0.543519,0.769,9.222154e+03,1.711541e-02,2.617,0,5,65,889,50,46
1175,985,2160,0.543981,0.769,9.281733e+03,3.165107e-02,2.6353,0,7,163,888,50,46
1176,984,2160,0.544444,0.77,9.293393e+03,1.394130e-02,2.6243,0,4,140,887,50,46
1177,983,2160,0.544907,0.768,9.341805e+03,9.537916e-03,2.6065,0,2,140,886,50,46
1178,982,2160,0.54537,0.772,9.393065e+03,2.623175e-02,2.617,0,5,36,885,50,46
1179,981,2160,0.545833,0.773,9.417475e+03,2.171616e-02,2.6052,0,5,120,884,50,46
1180,980,2160,0.546296,0.772,9.464580e+03,1.303145e-02,2.5986,0,0,111,883,50,46
1181,979,2160,0.546759,0.772,9.534542e+03,9.815089e-03,2.6047,0,1,84,882,50,46
1182,978,2160,0.547222,0.774,9.592230e+03,3.057780e-02,2.6118,0,6,119,881,50,46
1183,977,2160,0.547685,0.774,9.674671e+03,2.608100e-02,2.6666,0,6,91,880,50,46
1184,976,2160,0.548148,0.775,9.724076e+03,1.498254e-02,2.5963,0,0,2,879,50,46
1185,975,2160,0.548611,0.774,9.764272e+03,3.308862e-02,2.6281,0,0,137,878,50,46
1186,974,2160,0.549074,0.775,9.789393e+03,1.039749e-02,2.63,0,4,195,877,50,46
1187,973,2160,0.549537,0.774,9.835289e+03,1.535509e-02,2.6277,0,1,113,876,50,46
1188,972,2160,0.55,0.776,9.885762e+03,1.289970e-02,2.6643,0,2,113,875,50,46
1189,971,2160,0.550463,0.777,9.925932e+03,1.519306e-02,2.5947,0,2,127,874,50,46
1190,970,2160,0.550926,0.778,9.968756e+03,7.690329e-03,2.628,0,1,13,873,50,46
1191,969,2160,0.551389,0.776,1.002022e+04,1.523141e-02,2.6012,0,3,75,872,50,46
1192,968,2160,0.551852,0.776,1.003529e+04,2.891584e-02,2.5888,0,2,44,871,50,46
1193,967,2160,0.552315,0.774,1.009553e+04,2.835572e-02,2.644,0,6,44,870,50,46
1194,966,2160,0.552778,0.774,1.012894e+04,1.490395e-02,2.6114,0,0,44,869,50,46
1195,965,2160,0.553241,0.774,1.015217e+04,4.844562e-02,2.6239,0,6,101,868,50,46
1196,964,2160,0.553704,0.774,1.019615e+04,2.777404e-02,2.6147,0,1,129,867,50,46
1197,963,2160,0.554167,0.775,1.021858e+04,1.391474e-02,2.5958,0,7,129,866,50,46
1198,962,2160,0.55463,0.775,1.024025e+04,1.175947e-02,2.6208,0,0,129,865,50,46
1199,961,2160,0.555093,0.775,1.024335e+04,1.254904e-02,2.6228,0,1,65,864,50,46
1200,960,2160,0.555556,0.771,1.027905e+04,3.149058e-02,2.6216,0,6,134,863,50,46
1201,959,2160,0.556019,0.773,1.033677e+04,2.553346e-02,2.5907,0,6,189,862,50,46
1202,958,2160,0.556481,0.774,1.040841e+04,1.798835e-02,2.6365,0,6,183,861,50,46
1203,957,2160,0.556944,0.772,1.045535e+04,1.787077e-02,2.6007,0,6,12,860,50,46
1204,956,2160,0.557407,0.772,1.051270e+04,2.196284e-02,2.6211,0,6,188,859,50,46
1205,955,2160,0.55787,0.771,1.059312e+04,1.189389e-02,2.6084,0,2,85,858,50,46
1206,954,2160,0.558333,0.772,1.066377e+04,1.038718e-02,2.5936,0,7,194,857,50,46
1207,953,2160,0.558796,0.773,1.071745e+04,1.218505e-02,2.6108,0,4,56,856,50,46
1208,952,2160,0.559259,0.772,1.077191e+04,2.456982e-02,2.5976,0,0,124,855,50,46
1209,951,2160,0.559722,0.771,1.084000e+04,3.258419e-02,2.6116,0,7,70,854,50,46
1210,950,2160,0.560185,0.776,1.090088e+04,1.179387e-02,2.6013,0,5,70,853,50,46
1211,949,2160,0.560648,0.776,1.090460e+04,2.490493e-02,2.5978,0,5,117,852,50,46
1212,948,2160,0.561111,0.777,1.096078e+04,8.581905e-03,2.6229,0,5,9,851,50,46
1213,947,2160,0.561574,0.775,1.101738e+04,3.247765e-02,2.617,0,0,35,850,50,46
1214,946,2160,0.562037,0.776,1.108229e+04,9.441289e-03,2.605,0,2,4,849,50,46
1215,945,2160,0.5625,0.776,1.114776e+04,7.655568e-03,2.6347,0,1,4,848,50,46
1216,944,2160,0.562963,0.773,1.119627e+04,1.384530e-02,2.6111,0,1,3,847,50,46
1217,943,2160,0.563426,0.774,1.126229e+04,1.801386e-02,2.5875,0,6,182,846,50,46
1218,942,2160,0.563889,0.773,1.133626e+04,1.226409e-02,2.5996,0,1,139,845,50,46
1219,941,2160,0.564352,0.775,1.140270e+04,1.361832e-02,2.6216,0,8,183,844,50,46
1220,940,2160,0.564815,0.775,1.147260e+04,8.333744e-03,2.6183,0,1,192,843,50,46
1221,939,2160,0.565278,0.774,1.151825e+04,1.561797e-01,2.6025,1,1,9,843,49,46
1222,938,2160,0.565741,0.774,1.157203e+04,3.406217e-02,2.6051,0,9,108,842,49,46
1223,937,2160,0.566204,0.772,1.157441e+04,1.461227e-02,2.6111,0,3,125,841,49,46
1224,936,2160,0.566667,0.772,1.157449e+04,1.607114e-02,2.6301,0,6,29,840,49,46
1225,935,2160,0.56713,0.771,1.165613e+04,1.407009e-02,2.6037,0,5,154,839,49,46
1226,934,2160,0.567593,0.771,1.174880e+04,1.411553e-02,2.6007,0,2,155,838,49,46
1227,933,2160,0.568056,0.773,1.183874e+04,2.472667e-02,2.6164,0,2,144,837,49,46
1228,932,2160,0.568519,0.774,1.194150e+04,1.343767e-02,2.5945,0,2,6,836,49,46
1229,931,2160,0.568981,0.774,1.201775e+04,8.749483e-03,2.6078,0,1,6,835,49,46
1230,930,2160,0.569444,0.774,1.209833e+04,1.830745e-02,2.6159,0,5,155,834,49,46
1231,929,2160,0.569907,0.775,1.217525e+04,1.470924e-02,2.6452,0,2,35,833,49,46
1232,928,2160,0.57037,0.775,1.224530e+04,3.210838e-02,2.5973,0,4,147,832,49,46
1233,927,2160,0.570833,0.774,1.234617e+04,3.528974e-02,2.643,0,6,59,831,49,46
1234,926,2160,0.571296,0.775,1.239670e+04,1.708446e-02,2.6252,0,6,15,830,49,46
1235,925,2160,0.571759,0.775,1.244586e+04,1.123479e-02,2.6057,0,2,55,829,49,46
1236,924,2160,0.572222,0.774,1.253148e+04,1.218267e-02,2.6002,0,5,179,828,49,46
1237,923,2160,0.572685,0.774,1.262536e+04,1.506370e-02,2.651,0,5,27,827,49,46
1238,922,2160,0.573148,0.771,1.272396e+04,1.850153e-02,2.6646,0,6,1,826,49,46
1239,921,2160,0.573611,0.773,1.279580e+04,9.607804e-03,2.6177,0,6,195,825,49,46
1240,920,2160,0.574074,0.773,1.286942e+04,1.265599e-02,2.6198,0,1,166,824,49,46
1241,919,2160,0.574537,0.773,1.294409e+04,1.793169e-02,2.602,0,6,69,823,49,46
1242,918,2160,0.575,0.775,1.303954e+04,6.902989e-03,2.6096,0,1,69,822,49,46
1243,917,2160,0.575463,0.775,1.307830e+04,1.803286e-02,2.6112,0,1,138,821,49,46
1244,916,2160,0.575926,0.776,1.317528e+04,3.043836e-02,2.6098,0,8,116,820,49,46
1245,915,2160,0.576389,0.775,1.333817e+04,2.630684e-02,2.6149,0,3,92,819,49,46
1246,914,2160,0.576852,0.776,1.342013e+04,7.378785e-02,2.6133,1,1,8,819,48,46
1247,913,2160,0.577315,0.774,1.345176e+04,5.355236e-02,2.6387,0,6,109,818,48,46
1248,912,2160,0.577778,0.773,1.355957e+04,2.446672e-02,2.6159,0,0,5,817,48,46
1249,911,2160,0.578241,0.772,1.360831e+04,2.310811e-02,2.6431,0,8,136,816,48,46
1250,910,2160,0.578704,0.773,1.368522e+04,3.743287e-02,2.6479,0,6,20,815,48,46
1251,909,2160,0.579167,0.771,1.379142e+04,1.360830e-02,2.6033,0,0,20,814,48,46
1252,908,2160,0.57963,0.77,1.380823e+04,3.990218e-02,2.618,0,0,95,813,48,46
1253,907,2160,0.580093,0.769,1.387632e+04,1.340936e-02,2.6021,0,8,5,812,48,46
1254,906,2160,0.580556,0.769,1.393657e+04,1.617816e-02,2.631,0,5,186,811,48,46
1255,905,2160,0.581019,0.769,1.404897e+04,1.354256e-02,2.6065,0,1,165,810,48,46
1256,904,2160,0.581481,0.769,1.413795e+04,7.507922e-03,2.6111,0,5,5,809,48,46
1257,903,2160,0.581944,0.769,1.422397e+04,2.174908e-02,2.6387,0,0,142,808,48,46
1258,902,2160,0.582407,0.768,1.427522e+04,1.384402e-02,2.6552,0,1,142,807,48,46
1259,901,2160,0.58287,0.77,1.439647e+04,4.603298e-02,2.6049,0,0,109,806,48,46
1260,900,2160,0.583333,0.768,1.446023e+04,3.712356e-02,2.6599,0,4,50,805,48,46
1261,899,2160,0.583796,0.77,1.448960e+04,2.643028e-02,2.6074,0,7,184,804,48,46
1262,898,2160,0.584259,0.772,1.458679e+04,9.079886e-03,2.6186,0,0,184,803,48,46
1263,897,2160,0.584722,0.772,1.462395e+04,1.328886e-02,2.6121,0,5,184,802,48,46
1264,896,2160,0.585185,0.771,1.469864e+04,1.901276e-02,2.6073,0,1,88,801,48,46
1265,895,2160,0.585648,0.77,1.479604e+04,1.084292e-02,2.6196,0,7,112,800,48,46
1266,894,2160,0.586111,0.769,1.488459e+04,2.214095e-02,2.6181,0,6,18,799,48,46
1267,893,2160,0.586574,0.769,1.498252e+04,1.054824e-02,2.7154,0,1,16,798,48,46
1268,892,2160,0.587037,0.768,1.507650e+04,8.929288e-03,2.5971,0,7,98,797,48,46
1269,891,2160,0.5875,0.769,1.517157e+04,1.576405e-02,2.6039,0,1,66,796,48,46
1270,890,2160,0.587963,0.772,1.528588e+04,1.492370e-02,2.6248,0,1,21,795,48,46
1271,889,2160,0.588426,0.771,1.539777e+04,2.355019e-02,2.6339,0,2,141,794,48,46
1272,888,2160,0.588889,0.771,1.549854e+04,2.185330e-02,2.6042,0,6,141,793,48,46
1273,887,2160,0.589352,0.772,1.554738e+04,2.815071e-02,2.6015,0,2,133,792,48,46
1274,886,2160,0.589815,0.771,1.561463e+04,2.090596e-02,2.6403,0,2,37,791,48,46
1275,885,2160,0.590278,0.771,1.571061e+04,2.406327e-02,2.6264,0,5,22,790,48,46
1276,884,2160,0.590741,0.771,1.580371e+04,3.952497e-02,2.6306,0,0,135,789,48,46
1277,883,2160,0.591204,0.771,1.588884e+04,6.379235e-02,2.6137,1,1,2,789,47,46
1278,882,2160,0.591667,0.769,1.604933e+04,2.332383e-01,2.5993,1,7,6,789,46,46
1279,881,2160,0.59213,0.772,2.086494e+04,4.716636e-01,2.6017,2,8,6,789,46,45
1280,880,2160,0.592593,0.768,2.096437e+04,2.611967e+01,2.6469,0,0,87,788,46,45
1281,879,2160,0.593056,0.773,2.115953e+04,2.659336e+01,2.6354,2,8,7,788,46,44
1282,878,2160,0.593519,0.766,2.081679e+04,3.180201e-02,2.6092,0,3,176,787,46,44
1283,877,2160,0.593981,0.77,2.133872e+04,3.321813e-02,2.6266,1,2,5,787,45,44
1284,876,2160,0.594444,0.767,2.139913e+04,2.385044e-02,2.6359,0,0,152,786,45,44
1285,875,2160,0.594907,0.767,2.150297e+04,2.694589e-02,2.6018,0,0,176,785,45,44
1286,874,2160,0.59537,0.765,2.160891e+04,2.258757e-02,2.6252,0,8,176,784,45,44
1287,873,2160,0.595833,0.767,2.163670e+04,1.937147e-02,2.6249,0,6,37,783,45,44
1288,872,2160,0.596296,0.763,2.166969e+04,5.070948e-02,2.6088,1,6,0,783,44,44
1289,871,2160,0.596759,0.767,2.183260e+04,2.253269e-02,2.6048,0,5,90,782,44,44
1290,870,2160,0.597222,0.766,2.200371e+04,1.876091e-02,2.611,0,5,134,781,44,44
1291,869,2160,0.597685,0.767,2.211214e+04,1.905744e-02,2.6154,0,2,36,780,44,44
1292,868,2160,0.598148,0.764,2.225226e+04,2.341388e-02,2.6042,0,2,101,779,44,44
1293,867,2160,0.598611,0.761,2.239453e+04,1.264675e-02,2.6472,0,1,96,778,44,44
1294,866,2160,0.599074,0.764,2.248898e+04,2.559052e-02,2.6154,0,6,151,777,44,44
1295,865,2160,0.599537,0.764,2.255776e+04,1.680538e-02,2.6007,0,6,26,776,44,44
1296,864,2160,0.6,0.765,2.266173e+04,2.008750e-02,2.6013,0,3,175,775,44,44
1297,863,2160,0.600463,0.768,2.280310e+04,4.771473e-02,2.6623,0,0,128,774,44,44
1298,862,2160,0.600926,0.766,2.293496e+04,3.019048e-02,2.613,0,6,128,773,44,44
1299,861,2160,0.601389,0.765,2.300381e+04,1.219551e-02,2.6045,0,2,1,772,44,44
1300,860,2160,0.601852,0.768,2.310289e+04,4.579003e-02,2.6226,0,4,161,771,44,44
1301,859,2160,0.602315,0.767,2.314210e+04,3.212179e-02,2.6014,0,0,88,770,44,44
1302,858,2160,0.602778,0.768,2.334632e+04,1.897778e-02,2.5967,0,7,41,769,44,44
1303,857,2160,0.603241,0.769,2.343819e+04,8.603761e-03,2.5947,0,5,41,768,44,44
1304,856,2160,0.603704,0.769,2.348207e+04,2.542608e-02,2.6062,0,2,89,767,44,44
1305,855,2160,0.604167,0.769,2.361442e+04,1.334708e-02,2.6396,0,2,42,766,44,44
1306,854,2160,0.60463,0.767,2.369517e+04,2.758976e-02,2.595,0,4,23,765,44,44
1307,853,2160,0.605093,0.766,2.377763e+04,4.163586e-02,2.6939,0,8,76,764,44,44
1308,852,2160,0.605556,0.768,2.391493e+04,3.179554e-02,2.614,0,8,68,763,44,44
1309,851,2160,0.606019,0.767,2.395663e+04,3.232836e-02,2.6157,0,0,102,762,44,44
1310,850,2160,0.606481,0.77,2.397104e+04,1.782878e-02,2.6168,0,2,126,761,44,44
1311,849,2160,0.606944,0.771,2.405824e+04,1.200514e-02,2.6426,0,1,126,760,44,44
1312,848,2160,0.607407,0.775,2.407700e+04,9.205306e-03,2.6293,0,6,126,759,44,44
1313,847,2160,0.60787,0.773,2.410231e+04,2.860703e-02,2.6165,0,0,158,758,44,44
1314,846,2160,0.608333,0.775,2.427589e+04,8.422832e-02,2.627,0,8,131,757,44,44
1315,845,2160,0.608796,0.767,2.421735e+04,3.599668e-02,2.6141,0,2,131,756,44,44
1316,844,2160,0.609259,0.772,2.421931e+04,2.552013e-02,2.6486,0,0,32,755,44,44
1317,843,2160,0.609722,0.77,2.432783e+04,1.714531e-02,2.6224,0,2,19,754,44,44
1318,842,2160,0.610185,0.769,2.448872e+04,2.318216e-02,2.6286,0,4,11,753,44,44
1319,841,2160,0.610648,0.77,2.459930e+04,6.828440e-02,2.6559,0,4,118,752,44,44
1320,840,2160,0.611111,0.767,2.477345e+04,2.214983e-01,2.6301,2,9,4,752,44,43
1321,839,2160,0.611574,0.775,2.443743e+04,2.770056e-02,2.6165,0,5,114,751,44,43
1322,838,2160,0.612037,0.775,2.443578e+04,1.586030e-02,2.6159,0,3,83,750,44,43
1323,837,2160,0.6125,0.777,2.457144e+04,1.484521e-02,2.6143,0,1,191,749,44,43
1324,836,2160,0.612963,0.776,2.460289e+04,2.150307e-02,2.6083,0,1,154,748,44,43
1325,835,2160,0.613426,0.773,2.469320e+04,4.548991e-02,2.6099,0,2,111,747,44,43
1326,834,2160,0.613889,0.774,2.478567e+04,1.649094e-01,2.6207,2,2,9,747,44,42
1327,833,2160,0.614352,0.775,2.520471e+04,1.704454e-02,2.6026,0,7,45,746,44,42
1328,832,2160,0.614815,0.778,2.533380e+04,1.079016e-02,2.6185,0,2,16,745,44,42
1329,831,2160,0.615278,0.779,2.544289e+04,1.285400e-02,2.611,0,5,43,744,44,42
1330,830,2160,0.615741,0.778,2.551383e+04,2.123443e-02,2.5993,0,6,43,743,44,42
1331,829,2160,0.616204,0.781,2.563525e+04,3.035389e-02,2.6054,0,6,92,742,44,42
1332,828,2160,0.616667,0.775,2.575583e+04,9.806007e-03,2.5851,0,5,169,741,44,42
1333,827,2160,0.61713,0.776,2.585958e+04,1.344417e-02,2.6251,0,1,168,740,44,42
1334,826,2160,0.617593,0.775,2.594832e+04,3.469323e-02,2.6031,0,6,61,739,44,42
1335,825,2160,0.618056,0.776,2.609525e+04,3.509875e-02,2.6089,0,0,47,738,44,42
1336,824,2160,0.618519,0.774,2.627907e+04,2.165592e-02,2.6057,0,7,152,737,44,42
1337,823,2160,0.618981,0.773,2.643655e+04,2.347342e-02,2.6234,0,0,74,736,44,42
1338,822,2160,0.619444,0.772,2.657806e+04,1.855767e-02,2.619,0,4,74,735,44,42
1339,821,2160,0.619907,0.77,2.657895e+04,1.672592e-02,2.5985,0,1,56,734,44,42
1340,820,2160,0.62037,0.769,2.666200e+04,1.403671e-02,2.6515,0,1,194,733,44,42
1341,819,2160,0.620833,0.77,2.675080e+04,1.017206e-01,2.6133,2,2,2,733,44,41
1342,818,2160,0.621296,0.769,2.692376e+04,1.232404e-02,2.6111,0,0,66,732,44,41
1343,817,2160,0.621759,0.768,2.704127e+04,1.155369e-02,2.6285,0,7,99,731,44,41
1344,816,2160,0.622222,0.769,2.717317e+04,2.196050e-02,2.6262,0,5,188,730,44,41
1345,815,2160,0.622685,0.771,2.729625e+04,3.287464e-02,2.6108,0,0,75,729,44,41
1346,814,2160,0.623148,0.768,2.751374e+04,1.285951e-02,2.6278,0,5,180,728,44,41
1347,813,2160,0.623611,0.767,2.760553e+04,1.223805e-02,2.5963,0,2,180,727,44,41
1348,812,2160,0.624074,0.77,2.771078e+04,1.185045e-02,2.608,0,8,180,726,44,41
1349,811,2160,0.624537,0.769,2.781280e+04,4.269815e-02,2.6409,0,1,110,725,44,41
1350,810,2160,0.625,0.768,2.803909e+04,2.999641e-02,2.5934,0,6,64,724,44,41
1351,809,2160,0.625463,0.768,2.813918e+04,1.348336e-02,2.5995,0,7,64,723,44,41
1352,808,2160,0.625926,0.767,2.825199e+04,2.315892e-02,2.65,0,1,49,722,44,41
1353,807,2160,0.626389,0.764,2.841257e+04,1.828315e-02,2.6163,0,5,164,721,44,41
1354,806,2160,0.626852,0.767,2.849685e+04,1.652069e-02,2.6011,0,2,112,720,44,41
1355,805,2160,0.627315,0.766,2.863617e+04,2.177329e-02,2.6083,0,0,73,719,44,41
1356,804,2160,0.627778,0.766,2.879269e+04,2.053588e-02,2.6106,0,8,94,718,44,41
1357,803,2160,0.628241,0.767,2.890941e+04,1.559781e-02,2.5969,0,2,24,717,44,41
1358,802,2160,0.628704,0.767,2.908223e+04,2.077538e-02,2.6212,0,7,176,716,44,41
1359,801,2160,0.629167,0.764,2.925243e+04,3.501868e-02,2.6116,0,8,182,715,44,41
1360,800,2160,0.62963,0.761,2.940627e+04,1.314387e-02,2.5991,0,7,183,714,44,41
1361,799,2160,0.630093,0.762,2.949117e+04,2.008927e-02,2.6249,0,1,193,713,44,41
1362,798,2160,0.630556,0.762,2.959924e+04,1.457283e-02,2.5935,0,2,193,712,44,41
1363,797,2160,0.631019,0.763,2.973910e+04,8.263213e-03,2.6165,0,7,9,711,44,41
1364,796,2160,0.631481,0.761,2.987381e+04,3.050715e-02,2.6505,0,0,21,710,44,41
1365,795,2160,0.631944,0.763,3.003357e+04,2.482963e-02,2.597,0,0,187,709,44,41
1366,794,2160,0.632407,0.761,3.021876e+04,1.210119e-02,2.6325,0,7,187,708,44,41
1367,793,2160,0.63287,0.76,3.028703e+04,2.750537e-02,2.5957,0,6,162,707,44,41
1368,792,2160,0.633333,0.762,3.037564e+04,1.624930e-02,2.6056,0,6,140,706,44,41
1369,791,2160,0.633796,0.765,3.050029e+04,1.973182e-02,2.6043,0,6,11,705,44,41
1370,790,2160,0.634259,0.761,3.064970e+04,1.086440e-02,2.5966,0,5,11,704,44,41
1371,789,2160,0.634722,0.761,3.076094e+04,2.110356e-02,2.6021,0,0,166,703,44,41
1372,788,2160,0.635185,0.761,3.105057e+04,7.651542e-02,2.6044,2,6,6,703,44,40
1373,787,2160,0.635648,0.748,3.122849e+04,1.844077e-02,2.6099,0,4,52,702,44,40
1374,786,2160,0.636111,0.747,3.138699e+04,1.859466e-02,2.588,0,6,52,701,44,40
1375,785,2160,0.636574,0.748,3.144751e+04,3.586105e-02,2.6244,0,3,48,700,44,40
1376,784,2160,0.637037,0.749,3.175757e+04,2.438118e-02,2.5949,0,4,95,699,44,40
1377,783,2160,0.6375,0.747,3.183390e+04,2.595503e-02,2.6443,0,4,58,698,44,40
1378,782,2160,0.637963,0.745,3.194720e+04,2.723839e-02,2.6093,0,6,47,697,44,40
1379,781,2160,0.638426,0.748,3.204196e+04,2.361675e-02,2.6132,0,2,102,696,44,40
1380,780,2160,0.638889,0.745,3.218788e+04,1.711155e-02,2.6433,0,2,7,695,44,40
1381,779,2160,0.639352,0.745,3.243581e+04,2.194130e-02,2.591,0,2,70,694,44,40
1382,778,2160,0.639815,0.745,3.272247e+04,2.038189e-02,2.617,0,4,70,693,44,40
1383,777,2160,0.640278,0.742,3.289810e+04,3.359411e-02,2.6029,0,7,125,692,44,40
1384,776,2160,0.640741,0.745,3.302500e+04,2.424000e-02,2.6228,0,1,119,691,44,40
1385,775,2160,0.641204,0.75,3.316585e+04,1.974387e-02,2.6064,0,1,45,690,44,40
1386,774,2160,0.641667,0.752,3.328621e+04,2.234771e-02,2.6096,0,1,10,689,44,40
1387,773,2160,0.64213,0.749,3.341341e+04,1.896101e-02,2.651,0,1,46,688,44,40
1388,772,2160,0.642593,0.75,3.355495e+04,9.552504e-02,2.678,2,5,2,688,44,39
1389,771,2160,0.643056,0.745,3.385408e+04,2.148198e-02,2.6128,0,0,3,687,44,39
1390,770,2160,0.643519,0.746,3.404339e+04,2.717903e-02,2.6185,0,1,101,686,44,39
1391,769,2160,0.643981,0.749,3.427452e+04,3.342859e-02,2.608,0,4,105,685,44,39
1392,768,2160,0.644444,0.746,3.447905e+04,4.654760e-02,2.6001,0,8,67,684,44,39
1393,767,2160,0.644907,0.745,3.479944e+04,1.352252e-02,2.6467,0,4,67,683,44,39
1394,766,2160,0.64537,0.743,3.487998e+04,6.054129e-02,2.608,0,2,105,682,44,39
1395,765,2160,0.645833,0.745,3.516033e+04,3.539667e-02,2.602,0,6,105,681,44,39
1396,764,2160,0.646296,0.745,3.532748e+04,2.806319e-02,2.6091,0,0,119,680,44,39
1397,763,2160,0.646759,0.742,3.565979e+04,1.826537e-02,2.6489,0,2,20,679,44,39
1398,762,2160,0.647222,0.744,3.581214e+04,2.177492e-02,2.6076,0,8,81,678,44,39
1399,761,2160,0.647685,0.743,3.588915e+04,2.350075e-02,2.6047,0,2,170,677,44,39
1400,760,2160,0.648148,0.743,3.618691e+04,1.862894e-02,2.6212,0,1,175,676,44,39
1401,759,2160,0.648611,0.743,3.639778e+04,2.114930e-02,2.6167,0,2,21,675,44,39
1402,758,2160,0.649074,0.743,3.657862e+04,2.526772e-02,2.606,0,4,65,674,44,39
1403,757,2160,0.649537,0.743,3.681281e+04,2.301415e-02,2.6713,0,6,84,673,44,39
1404,756,2160,0.65,0.744,3.694049e+04,3.844889e-02,2.6276,0,0,171,672,44,39
1405,755,2160,0.650463,0.743,3.725701e+04,2.845148e-02,2.6071,0,0,146,671,44,39
1406,754,2160,0.650926,0.741,3.755720e+04,2.163922e-02,2.6077,0,8,80,670,44,39
1407,753,2160,0.651389,0.741,3.770874e+04,3.878738e-02,2.6225,0,0,59,669,44,39
1408,752,2160,0.651852,0.742,3.808808e+04,1.756351e-02,2.5954,0,2,59,668,44,39
1409,751,2160,0.652315,0.74,3.833219e+04,1.369840e-02,2.6581,0,5,59,667,44,39
1410,750,2160,0.652778,0.741,3.844826e+04,7.283923e-03,2.6069,0,4,59,666,44,39
1411,749,2160,0.653241,0.742,3.851519e+04,2.435648e-02,2.6582,0,1,137,665,44,39
1412,748,2160,0.653704,0.74,3.873909e+04,1.594859e-02,2.626,0,5,0,664,44,39
1413,747,2160,0.654167,0.74,3.883677e+04,3.162570e-02,2.6005,0,6,17,663,44,39
1414,746,2160,0.65463,0.737,3.899414e+04,9.072949e-03,2.6317,0,1,17,662,44,39
1415,745,2160,0.655093,0.737,3.907519e+04,6.595999e-03,2.6574,0,7,17,661,44,39
1416,744,2160,0.655556,0.737,3.914064e+04,2.142636e-02,2.6161,0,6,166,660,44,39
1417,743,2160,0.656019,0.739,3.936628e+04,1.394041e-02,2.635,0,0,28,659,44,39
1418,742,2160,0.656481,0.738,3.960641e+04,1.224687e-02,2.6147,0,2,28,658,44,39
1419,741,2160,0.656944,0.74,3.983553e+04,1.756792e-02,2.6395,0,2,166,657,44,39
1420,740,2160,0.657407,0.737,4.010480e+04,1.299208e-02,2.62,0,0,97,656,44,39
1421,739,2160,0.65787,0.737,4.034667e+04,1.988076e-02,2.6153,0,1,153,655,44,39
1422,738,2160,0.658333,0.74,4.052815e+04,1.993000e-02,2.6239,0,1,184,654,44,39
1423,737,2160,0.658796,0.736,4.079864e+04,2.317935e-02,2.616,0,1,26,653,44,39
1424,736,2160,0.659259,0.737,4.102267e+04,2.230725e-02,2.6187,0,1,173,652,44,39
1425,735,2160,0.659722,0.738,4.132253e+04,2.952285e-02,2.6096,0,8,7,651,44,39
1426,734,2160,0.660185,0.737,4.140979e+04,1.650423e-02,2.6403,0,2,57,650,44,39
1427,733,2160,0.660648,0.736,4.170099e+04,1.720616e-02,2.6651,0,2,40,649,44,39
1428,732,2160,0.661111,0.737,4.192473e+04,6.528661e-02,2.6207,0,5,54,648,44,39
1429,731,2160,0.661574,0.734,4.188229e+04,5.298940e-02,2.6453,0,2,124,647,44,39
1430,730,2160,0.662037,0.731,4.228984e+04,5.061063e-02,2.6404,0,2,90,646,44,39
1431,729,2160,0.6625,0.732,4.227852e+04,2.475335e-02,2.6133,0,8,181,645,44,39
1432,728,2160,0.662963,0.734,4.251965e+04,1.897524e-02,2.6331,0,5,181,644,44,39
1433,727,2160,0.663426,0.735,4.250594e+04,1.645666e-01,2.629,0,3,49,643,44,39
1434,726,2160,0.663889,0.742,4.225790e+04,3.280160e-02,2.6158,0,3,191,642,44,39
1435,725,2160,0.664352,0.741,4.227073e+04,3.551422e-02,2.6063,0,3,6,641,44,39
1436,724,2160,0.664815,0.741,4.236845e+04,2.125781e-01,2.6111,2,9,6,641,44,38
1437,723,2160,0.665278,0.725,4.266707e+04,5.656654e-02,2.6131,1,1,3,641,43,38
1438,722,2160,0.665741,0.723,4.285729e+04,1.448311e-02,2.6276,0,3,164,640,43,38
1439,721,2160,0.666204,0.723,4.285729e+04,3.797597e-02,2.6086,0,0,172,639,43,38
1440,720,2160,0.666667,0.727,4.314195e+04,2.974822e-02,2.6077,0,2,94,638,43,38
1441,719,2160,0.66713,0.727,4.340747e+04,4.558805e-02,2.5903,0,2,117,637,43,38
1442,718,2160,0.667593,0.73,4.362314e+04,2.017903e-02,2.6007,0,6,125,636,43,38
1443,717,2160,0.668056,0.731,4.383081e+04,2.252660e-02,2.6323,0,6,42,635,43,38
1444,716,2160,0.668519,0.731,4.406309e+04,6.474634e-02,2.6096,0,5,122,634,43,38
1445,715,2160,0.668981,0.732,4.447899e+04,2.735597e-02,2.618,0,5,189,633,43,38
1446,714,2160,0.669444,0.733,4.471624e+04,2.210238e-02,2.6192,0,4,192,632,43,38
1447,713,2160,0.669907,0.731,4.499547e+04,2.024081e-02,2.6265,0,5,6,631,43,38
1448,712,2160,0.67037,0.733,4.521529e+04,3.032581e-02,2.6437,0,2,31,630,43,38
1449,711,2160,0.670833,0.732,4.560167e+04,2.986231e-02,2.5991,0,8,168,629,43,38
1450,710,2160,0.671296,0.737,4.602508e+04,1.822843e-01,2.6275,2,1,9,629,43,37
1451,709,2160,0.671759,0.741,4.691200e+04,1.165618e-01,2.5869,1,8,1,629,42,37
1452,708,2160,0.672222,0.738,4.709378e+04,9.403521e-02,2.6164,0,1,109,628,42,37
1453,707,2160,0.672685,0.724,4.752827e+04,3.343166e-02,2.621,0,2,3,627,42,37
1454,706,2160,0.673148,0.725,4.786335e+04,5.936633e-02,2.6152,0,4,96,626,42,37
1455,705,2160,0.673611,0.727,4.804922e+04,2.022219e-02,2.649,0,0,96,625,42,37
1456,704,2160,0.674074,0.726,4.813541e+04,2.414037e-02,2.6118,0,7,179,624,42,37
1457,703,2160,0.674537,0.724,4.833942e+04,5.332118e-02,2.6591,0,7,186,623,42,37
1458,702,2160,0.675,0.727,4.859371e+04,4.173049e-02,2.633,0,0,138,622,42,37
1459,701,2160,0.675463,0.726,4.880025e+04,6.592624e-02,2.6011,0,7,100,621,42,37
1460,700,2160,0.675926,0.726,4.891788e+04,1.733661e-01,2.6448,0,5,106,620,42,37
1461,699,2160,0.676389,0.728,4.934185e+04,1.044752e-01,2.6708,0,0,145,619,42,37
1462,698,2160,0.676852,0.724,4.952360e+04,3.452284e-01,2.6095,0,6,93,618,42,37
1463,697,2160,0.677315,0.729,8.723887e+04,9.166262e-03,2.6308,0,2,71,617,42,37
1464,696,2160,0.677778,0.73,8.743441e+04,1.092007e-02,2.6404,0,1,145,616,42,37
1465,695,2160,0.678241,0.731,8.755375e+04,2.217979e-02,2.642,0,6,145,615,42,37
1466,694,2160,0.678704,0.731,8.771300e+04,1.272989e-02,2.6223,0,4,51,614,42,37
1467,693,2160,0.679167,0.733,8.799359e+04,7.141665e-03,2.6329,0,8,51,613,42,37
1468,692,2160,0.67963,0.732,8.794753e+04,4.548549e-02,2.6151,0,4,143,612,42,37
1469,691,2160,0.680093,0.734,8.813119e+04,2.993038e-02,2.6158,0,5,144,611,42,37
1470,690,2160,0.680556,0.732,8.811006e+04,4.306166e-02,2.6211,0,8,144,610,42,37
1471,689,2160,0.681019,0.731,8.830929e+04,1.508455e-01,2.6083,0,5,104,609,42,37
1472,688,2160,0.681481,0.729,9.005939e+04,1.558895e-02,2.6163,0,4,53,608,42,37
1473,687,2160,0.681944,0.729,9.016616e+04,1.858063e-02,2.6284,0,0,163,607,42,37
1474,686,2160,0.682407,0.727,9.041777e+04,3.859560e-02,2.6088,0,4,77,606,42,37
1475,685,2160,0.68287,0.726,9.098330e+04,3.261112e-02,2.6036,0,8,160,605,42,37
1476,684,2160,0.683333,0.726,9.144256e+04,1.655968e-02,2.6167,0,1,160,604,42,37
1477,683,2160,0.683796,0.726,9.144926e+04,1.785619e-02,2.6271,0,5,145,603,42,37
1478,682,2160,0.684259,0.723,9.168137e+04,2.513519e-02,2.6474,0,8,159,602,42,37
1479,681,2160,0.684722,0.722,9.182696e+04,4.340675e-02,2.6001,0,7,72,601,42,37
1480,680,2160,0.685185,0.723,9.201396e+04,2.639220e-02,2.6762,0,4,72,600,42,37
1481,679,2160,0.685648,0.721,9.241690e+04,2.451953e-02,2.6412,0,4,36,599,42,37
1482,678,2160,0.686111,0.723,9.248874e+04,9.134931e-03,2.6054,0,1,14,598,42,37
1483,677,2160,0.686574,0.724,9.265863e+04,2.439928e-02,2.604,0,5,165,597,42,37
1484,676,2160,0.687037,0.723,9.283280e+04,1.877136e-02,2.6158,0,2,145,596,42,37
1485,675,2160,0.6875,0.723,9.336036e+04,2.082985e-02,2.6346,0,8,164,595,42,37
1486,674,2160,0.687963,0.722,9.382087e+04,1.986958e-02,2.6071,0,2,93,594,42,37
1487,673,2160,0.688426,0.722,9.437375e+04,1.677146e-02,2.6607,0,0,65,593,42,37
1488,672,2160,0.688889,0.72,9.467083e+04,2.350107e-02,2.6218,0,6,22,592,42,37
1489,671,2160,0.689352,0.72,9.476378e+04,1.715654e-02,2.6338,0,1,135,591,42,37
1490,670,2160,0.689815,0.721,9.495571e+04,3.050629e-02,2.6347,0,8,150,590,42,37
1491,669,2160,0.690278,0.72,9.492193e+04,2.773218e-02,2.6263,0,8,170,589,42,37
1492,668,2160,0.690741,0.721,9.529448e+04,2.487366e-02,2.6247,0,7,170,588,42,37
1493,667,2160,0.691204,0.721,9.551388e+04,3.536660e-02,2.6303,0,8,149,587,42,37
1494,666,2160,0.691667,0.72,9.573065e+04,3.134752e-02,2.6083,0,8,163,586,42,37
1495,665,2160,0.69213,0.719,9.611649e+04,3.187762e-02,2.5972,0,8,18,585,42,37
1496,664,2160,0.692593,0.719,9.625015e+04,1.391719e-02,2.6398,0,2,136,584,42,37
1497,663,2160,0.693056,0.719,9.649915e+04,7.128152e-02,2.6236,1,6,4,584,41,37
1498,662,2160,0.693519,0.72,9.742938e+04,1.063588e-02,2.6378,0,1,61,583,41,37
1499,661,2160,0.693981,0.719,9.765967e+04,1.968644e-02,2.6039,0,8,133,582,41,37
1500,660,2160,0.694444,0.721,9.798107e+04,2.584329e-02,2.634,0,4,40,581,41,37
1501,659,2160,0.694907,0.721,9.827627e+04,1.028512e-02,2.6121,0,1,55,580,41,37
1502,658,2160,0.69537,0.722,9.843948e+04,2.653722e-02,2.6035,0,4,35,579,41,37
1503,657,2160,0.695833,0.721,9.856794e+04,9.102086e-03,2.5988,0,1,12,578,41,37
1504,656,2160,0.696296,0.719,9.877293e+04,3.114626e-02,2.6212,0,5,77,577,41,37
1505,655,2160,0.696759,0.719,9.880374e+04,9.863557e-03,2.6101,0,2,185,576,41,37
1506,654,2160,0.697222,0.72,9.895580e+04,1.650889e-02,2.6099,0,6,14,575,41,37
1507,653,2160,0.697685,0.719,9.912643e+04,1.192412e-02,2.6061,0,5,29,574,41,37
1508,652,2160,0.698148,0.718,9.936878e+04,1.101309e-02,2.5977,0,1,73,573,41,37
1509,651,2160,0.698611,0.718,9.954230e+04,2.211670e-02,2.6075,0,4,24,572,41,37
1510,650,2160,0.699074,0.716,9.987915e+04,1.494627e-02,2.6502,0,8,13,571,41,37
1511,649,2160,0.699537,0.718,1.000810e+05,5.118047e-02,2.6196,0,4,48,570,41,37
1512,648,2160,0.7,0.721,1.008269e+05,1.892735e-02,2.6066,0,6,48,569,41,37
1513,647,2160,0.700463,0.716,1.004176e+05,1.879193e-02,2.6212,0,4,121,568,41,37
1514,646,2160,0.700926,0.717,1.005012e+05,1.436705e-02,2.6378,0,4,22,567,41,37
1515,645,2160,0.701389,0.717,1.007265e+05,9.866827e-03,2.6083,0,2,12,566,41,37
1516,644,2160,0.701852,0.715,1.009908e+05,9.291210e-03,2.6105,0,1,99,565,41,37
1517,643,2160,0.702315,0.715,1.012174e+05,5.060121e-02,2.5911,0,4,33,564,41,37
1518,642,2160,0.702778,0.716,1.015628e+05,1.027912e-02,2.633,0,1,33,563,41,37
1519,641,2160,0.703241,0.716,1.015856e+05,9.294636e-03,2.6097,0,6,33,562,41,37
1520,640,2160,0.703704,0.719,1.016532e+05,9.538140e-03,2.6028,0,1,9,561,41,37
1521,639,2160,0.704167,0.715,1.019538e+05,2.940659e-02,2.6575,0,0,36,560,41,37
1522,638,2160,0.70463,0.715,1.022541e+05,1.072287e-02,2.6045,0,7,83,559,41,37
1523,637,2160,0.705093,0.716,1.025870e+05,2.015462e-02,2.612,0,8,1,558,41,37
1524,636,2160,0.705556,0.716,1.026932e+05,1.587449e-02,2.6295,0,4,111,557,41,37
1525,635,2160,0.706019,0.716,1.028688e+05,1.148771e-02,2.62,0,5,111,556,41,37
1526,634,2160,0.706481,0.715,1.029603e+05,1.569636e-02,2.6053,0,1,127,555,41,37
1527,633,2160,0.706944,0.718,1.031791e+05,1.048361e-02,2.6186,0,5,17,554,41,37
1528,632,2160,0.707407,0.719,1.034347e+05,7.018032e-02,2.6017,1,4,8,554,40,37
1529,631,2160,0.70787,0.718,1.044347e+05,1.351026e-02,2.6136,0,2,46,553,40,37
1530,630,2160,0.708333,0.718,1.046071e+05,3.767497e-02,2.6096,0,6,113,552,40,37
1531,629,2160,0.708796,0.714,1.050307e+05,1.346833e-02,2.6125,0,7,113,551,40,37
1532,628,2160,0.709259,0.714,1.051696e+05,2.327837e-02,2.6464,0,8,129,550,40,37
1533,627,2160,0.709722,0.717,1.057671e+05,3.057567e-02,2.6429,0,1,156,549,40,37
1534,626,2160,0.710185,0.72,1.060468e+05,2.088206e-02,2.6503,0,1,74,548,40,37
1535,625,2160,0.710648,0.718,1.063292e+05,1.551686e-02,2.6283,0,2,43,547,40,37
1536,624,2160,0.711111,0.719,1.065786e+05,1.415593e-02,2.6174,0,0,141,546,40,37
1537,623,2160,0.711574,0.721,1.068518e+05,1.404289e-02,2.6243,0,7,126,545,40,37
1538,622,2160,0.712037,0.72,1.071549e+05,6.645357e-02,2.6294,0,7,118,544,40,37
1539,621,2160,0.7125,0.722,1.075489e+05,8.726365e-02,2.6158,2,4,2,544,40,36
1540,620,2160,0.712963,0.724,1.077972e+05,5.316204e-02,2.6029,1,1,4,544,39,36
1541,619,2160,0.713426,0.725,1.076305e+05,4.317743e-02,2.6196,0,4,114,543,39,36
1542,618,2160,0.713889,0.726,1.077449e+05,1.403901e-02,2.6322,0,1,176,542,39,36
1543,617,2160,0.714352,0.726,1.080899e+05,1.477530e-02,2.6252,0,0,69,541,39,36
1544,616,2160,0.714815,0.724,1.085436e+05,1.146240e-02,2.6146,0,8,69,540,39,36
1545,615,2160,0.715278,0.724,1.086693e+05,1.974997e-02,2.6088,0,1,120,539,39,36
1546,614,2160,0.715741,0.718,1.089549e+05,1.471744e-02,2.6098,0,1,30,538,39,36
1547,613,2160,0.716204,0.72,1.092206e+05,1.009505e-02,2.6215,0,1,182,537,39,36
1548,612,2160,0.716667,0.72,1.095739e+05,1.362806e-02,2.6346,0,2,191,536,39,36
1549,611,2160,0.71713,0.719,1.099368e+05,2.775881e-02,2.608,0,5,158,535,39,36
1550,610,2160,0.717593,0.715,1.104945e+05,1.247656e-02,2.6238,0,0,10,534,39,36
1551,609,2160,0.718056,0.715,1.109174e+05,1.958657e-02,2.6237,0,1,7,533,39,36
1552,608,2160,0.718519,0.712,1.114122e+05,2.756133e-02,2.5881,0,1,44,532,39,36
1553,607,2160,0.718981,0.709,1.119849e+05,4.501595e-02,2.6007,0,5,49,531,39,36
1554,606,2160,0.719444,0.715,1.124414e+05,6.501441e-02,2.5965,2,6,2,531,39,35
1555,605,2160,0.719907,0.713,1.128362e+05,2.790187e-02,2.6461,0,2,110,530,39,35
1556,604,2160,0.72037,0.711,1.133301e+05,3.487149e-02,2.6304,0,1,131,529,39,35
1557,603,2160,0.720833,0.715,1.139628e+05,1.797097e-02,2.6037,0,1,190,528,39,35
1558,602,2160,0.721296,0.716,1.144183e+05,3.359788e-02,2.6281,0,1,87,527,39,35
1559,601,2160,0.721759,0.717,1.150144e+05,2.665564e-02,2.6178,0,1,171,526,39,35
1560,600,2160,0.722222,0.715,1.156196e+05,1.182006e-02,2.6107,0,1,5,525,39,35
1561,599,2160,0.722685,0.72,1.160522e+05,1.480848e-02,2.5917,0,2,64,524,39,35
1562,598,2160,0.723148,0.719,1.164695e+05,2.505570e-02,2.6319,0,7,60,523,39,35
1563,597,2160,0.723611,0.716,1.168246e+05,2.511853e-02,2.6176,0,5,149,522,39,35
1564,596,2160,0.724074,0.715,1.172835e+05,1.594796e-02,2.621,0,4,112,521,39,35
1565,595,2160,0.724537,0.717,1.175384e+05,2.620642e-02,2.6232,0,1,183,520,39,35
1566,594,2160,0.725,0.72,1.183904e+05,1.806569e-02,2.5944,0,2,38,519,39,35
1567,593,2160,0.725463,0.72,1.188674e+05,2.144319e-02,2.5976,0,5,1,518,39,35
1568,592,2160,0.725926,0.72,1.194763e+05,5.768223e-02,2.6077,0,5,163,517,39,35
1569,591,2160,0.726389,0.72,1.209202e+05,3.334557e-02,2.6159,0,5,67,516,39,35
1570,590,2160,0.726852,0.72,1.214872e+05,2.193874e-02,2.6139,0,6,108,515,39,35
1571,589,2160,0.727315,0.718,1.223667e+05,1.445178e-02,2.5954,0,2,108,514,39,35
1572,588,2160,0.727778,0.722,1.226235e+05,1.960533e-02,2.6142,0,5,166,513,39,35
1573,587,2160,0.728241,0.721,1.232214e+05,2.849666e-02,2.6172,0,1,51,512,39,35
1574,586,2160,0.728704,0.721,1.239102e+05,5.505324e-02,2.5917,0,7,68,511,39,35
1575,585,2160,0.729167,0.717,1.254731e+05,2.974477e-02,2.6183,0,5,15,510,39,35
1576,584,2160,0.72963,0.714,1.264463e+05,5.972375e-02,2.6277,0,2,45,509,39,35
1577,583,2160,0.730093,0.713,1.286311e+05,5.275489e-02,2.6178,0,2,192,508,39,35
1578,582,2160,0.730556,0.714,1.306740e+05,6.273888e-02,2.6269,0,1,186,507,39,35
1579,581,2160,0.731019,0.717,1.330733e+05,1.060337e-01,2.6542,0,1,43,506,39,35
1580,580,2160,0.731481,0.719,1.372565e+05,5.386864e-01,2.661,1,4,5,506,38,35
1581,579,2160,0.731944,0.719,1.602993e+05,1.841131e-02,2.6159,0,1,118,505,38,35
1582,578,2160,0.732407,0.722,1.611105e+05,3.444067e-02,2.6257,0,1,105,504,38,35
1583,577,2160,0.73287,0.72,1.629317e+05,7.059314e-02,2.6041,1,4,7,504,37,35
1584,576,2160,0.733333,0.718,1.661237e+05,3.275776e-02,2.6117,0,7,117,503,37,35
1585,575,2160,0.733796,0.718,1.674424e+05,2.444464e-02,2.6212,0,1,91,502,37,35
1586,574,2160,0.734259,0.72,1.682803e+05,6.170056e-02,2.5972,2,6,4,502,37,34
1587,573,2160,0.734722,0.718,1.704355e+05,2.582899e-02,2.6109,0,1,189,501,37,34
1588,572,2160,0.735185,0.718,1.714170e+05,4.389105e-02,2.6066,0,4,103,500,37,34
1589,571,2160,0.735648,0.718,1.730969e+05,4.205664e-02,2.7042,0,2,118,499,37,34
1590,570,2160,0.736111,0.718,1.750621e+05,5.278723e-02,2.632,2,6,1,499,37,33
1591,569,2160,0.736574,0.717,1.751850e+05,2.407553e-02,2.5985,0,1,188,498,37,33
1592,568,2160,0.737037,0.718,1.761855e+05,3.262550e-02,2.631,0,1,53,497,37,33
1593,567,2160,0.7375,0.715,1.780935e+05,2.915807e-02,2.6473,0,4,45,496,37,33
1594,566,2160,0.737963,0.717,1.795843e+05,2.187315e-02,2.602,0,2,76,495,37,33
1595,565,2160,0.738426,0.717,1.800424e+05,1.151340e-01,2.622,1,2,4,495,36,33
1596,564,2160,0.738889,0.72,1.811254e+05,4.069747e-02,2.6097,0,1,132,494,36,33
1597,563,2160,0.739352,0.72,1.825017e+05,5.710533e-02,2.6538,0,1,32,493,36,33
1598,562,2160,0.739815,0.723,1.849486e+05,1.063344e-01,2.6175,0,6,104,492,36,33
1599,561,2160,0.740278,0.72,1.895435e+05,6.345687e-02,2.6148,0,5,91,491,36,33
1600,560,2160,0.740741,0.716,1.927131e+05,4.659490e-02,2.5967,0,7,171,490,36,33
1601,559,2160,0.741204,0.714,1.952627e+05,6.352432e-02,2.6106,0,7,190,489,36,33
1602,558,2160,0.741667,0.716,1.987746e+05,4.757979e-02,2.5969,0,2,96,488,36,33
1603,557,2160,0.74213,0.713,2.015943e+05,1.776879e-01,2.6009,0,6,103,487,36,33
1604,556,2160,0.742593,0.705,2.113200e+05,3.043560e-02,2.6261,0,0,16,486,36,33
1605,555,2160,0.743056,0.707,2.101900e+05,5.592028e-02,2.6019,0,5,178,485,36,33
1606,554,2160,0.743519,0.707,2.075358e+05,2.821157e-01,2.6049,0,2,147,484,36,33
1607,553,2160,0.743981,0.697,2.228549e+05,1.411288e-01,2.6099,0,2,63,483,36,33
1608,552,2160,0.744444,0.699,2.166022e+05,1.562716e-01,2.6098,0,5,109,482,36,33
1609,551,2160,0.744907,0.693,2.256059e+05,2.496992e-01,2.6017,0,7,23,481,36,33
1610,550,2160,0.74537,0.708,2.131666e+05,2.635040e-02,2.6304,0,1,23,480,36,33
1611,549,2160,0.745833,0.706,2.130311e+05,3.719785e-02,2.6113,0,7,0,479,36,33
1612,548,2160,0.746296,0.705,2.154529e+05,8.335802e-02,2.6081,0,6,114,478,36,33
1613,547,2160,0.746759,0.703,2.196158e+05,1.302657e-01,2.6437,0,7,116,477,36,33
1614,546,2160,0.747222,0.695,2.275532e+05,9.798107e-02,2.6125,0,0,131,476,36,33
1615,545,2160,0.747685,0.693,2.337251e+05,3.223264e-01,2.6035,0,5,119,475,36,33
1616,544,2160,0.748148,0.687,2.503786e+05,9.521583e-02,2.6166,0,8,19,474,36,33
1617,543,2160,0.748611,0.687,2.464087e+05,3.272436e-01,2.5974,0,0,7,473,36,33
1618,542,2160,0.749074,0.7,2.301282e+05,4.921896e-02,2.599,0,4,82,472,36,33
1619,541,2160,0.749537,0.696,2.331990e+05,1.297482e-02,2.6116,0,2,66,471,36,33
1620,540,2160,0.75,0.697,2.346371e+05,3.917908e-02,2.609,0,1,187,470,36,33
1621,539,2160,0.750463,0.695,2.362127e+05,1.893776e-02,2.6227,0,5,121,469,36,33
1622,538,2160,0.750926,0.695,2.370576e+05,3.102417e-02,2.61,0,5,146,468,36,33
1623,537,2160,0.751389,0.691,2.392912e+05,2.014772e-02,2.6089,0,0,40,467,36,33
1624,536,2160,0.751852,0.693,2.396256e+05,2.460073e-02,2.6202,0,0,193,466,36,33
1625,535,2160,0.752315,0.692,2.409535e+05,6.860941e-02,2.6075,0,1,155,465,36,33
1626,534,2160,0.752778,0.691,2.436958e+05,3.923310e-02,2.637,0,5,93,464,36,33
1627,533,2160,0.753241,0.689,2.455945e+05,8.962153e-02,2.6087,0,6,163,463,36,33
1628,532,2160,0.753704,0.685,2.500407e+05,2.686590e-02,2.6021,0,1,89,462,36,33
1629,531,2160,0.754167,0.684,2.518422e+05,6.984220e-02,2.6009,0,1,108,461,36,33
1630,530,2160,0.75463,0.684,2.551638e+05,6.122943e-02,2.6105,0,6,153,460,36,33
1631,529,2160,0.755093,0.683,2.581088e+05,9.770755e-02,2.616,0,1,57,459,36,33
1632,528,2160,0.755556,0.679,2.621217e+05,1.226207e-01,2.6234,0,4,85,458,36,33
1633,527,2160,0.756019,0.678,2.680618e+05,2.610233e-01,2.6442,0,5,85,457,36,33
1634,526,2160,0.756481,0.685,2.564532e+05,4.764397e-02,2.6037,0,2,154,456,36,33
1635,525,2160,0.756944,0.682,2.593024e+05,5.158546e-02,2.6283,0,2,14,455,36,33
1636,524,2160,0.757407,0.68,2.623911e+05,5.016219e-02,2.6918,0,0,148,454,36,33
1637,523,2160,0.75787,0.678,2.653602e+05,1.303822e-01,2.6323,0,5,113,453,36,33
1638,522,2160,0.758333,0.672,2.720183e+05,5.699963e-01,2.592,0,1,64,452,36,33
1639,521,2160,0.758796,0.65,2.983566e+05,1.445976e-01,2.6165,1,8,6,452,35,33
1640,520,2160,0.759259,0.643,3.056418e+05,1.906112e-01,2.6391,2,2,6,452,35,32
1641,519,2160,0.759722,0.624,3.127720e+05,3.292357e-01,2.6671,1,5,7,452,34,32
1642,518,2160,0.760185,0.616,3.237306e+05,1.237759e-02,2.6407,0,2,172,451,34,32
1643,517,2160,0.760648,0.617,3.238615e+05,9.802933e-02,2.669,2,8,2,451,34,31
1644,516,2160,0.761111,0.616,3.271394e+05,3.523869e-02,2.6112,0,5,183,450,34,31
1645,515,2160,0.761574,0.619,3.274731e+05,3.732461e-02,2.6565,0,5,83,449,34,31
1646,514,2160,0.762037,0.616,3.281455e+05,3.493529e-02,2.6886,0,1,100,448,34,31
1647,513,2160,0.7625,0.615,3.290358e+05,7.998752e-02,2.665,2,0,4,448,34,30
1648,512,2160,0.762963,0.612,3.323127e+05,1.982806e-02,2.6505,0,2,75,447,34,30
1649,511,2160,0.763426,0.612,3.329182e+05,5.207789e-02,2.6667,0,5,42,446,34,30
1650,510,2160,0.763889,0.611,3.333745e+05,3.728158e-02,2.6113,0,0,132,445,34,30
1651,509,2160,0.764352,0.615,3.358426e+05,1.312290e-02,2.6046,0,4,98,444,34,30
1652,508,2160,0.764815,0.615,3.365570e+05,3.079997e-02,2.6163,0,2,41,443,34,30
1653,507,2160,0.765278,0.614,3.378213e+05,5.513337e-02,2.607,0,1,27,442,34,30
1654,506,2160,0.765741,0.613,3.383308e+05,2.723879e-02,2.591,0,7,12,441,34,30
1655,505,2160,0.766204,0.613,3.399047e+05,5.898457e-02,2.6575,0,5,102,440,34,30
1656,504,2160,0.766667,0.613,3.421146e+05,1.689227e-02,2.64,0,8,113,439,34,30
1657,503,2160,0.76713,0.612,3.421151e+05,3.132037e-02,2.6049,0,1,41,438,34,30
1658,502,2160,0.767593,0.614,3.438982e+05,1.212493e-02,2.5911,0,4,0,437,34,30
1659,501,2160,0.768056,0.614,3.444526e+05,2.793284e-02,2.614,0,0,155,436,34,30
1660,500,2160,0.768519,0.615,3.444700e+05,9.504305e-03,2.5989,0,8,155,435,34,30
1661,499,2160,0.768981,0.615,3.444068e+05,5.889243e-02,2.6097,0,8,34,434,34,30
1662,498,2160,0.769444,0.616,3.442135e+05,9.753520e-02,2.6203,0,0,39,433,34,30
1663,497,2160,0.769907,0.614,3.467102e+05,1.553906e-02,2.6058,0,0,194,432,34,30
1664,496,2160,0.77037,0.614,3.473263e+05,4.026267e-02,2.6089,0,6,32,431,34,30
1665,495,2160,0.770833,0.616,3.485285e+05,8.980802e-02,2.6142,0,7,95,430,34,30
1666,494,2160,0.771296,0.613,3.528464e+05,2.265475e-02,2.6228,0,2,8,429,34,30
1667,493,2160,0.771759,0.615,3.534498e+05,1.983210e-01,2.616,0,5,68,428,34,30
1668,492,2160,0.772222,0.611,3.611944e+05,1.821048e-01,2.611,1,4,6,428,33,30
1669,491,2160,0.772685,0.612,3.706827e+05,4.508216e-02,2.6506,0,2,88,427,33,30
1670,490,2160,0.773148,0.609,3.717336e+05,2.627232e-02,2.6018,0,1,121,426,33,30
1671,489,2160,0.773611,0.61,3.704034e+05,4.732587e-02,2.6227,0,2,39,425,33,30
1672,488,2160,0.774074,0.606,3.714175e+05,2.159717e-02,2.6144,0,8,15,424,33,30
1673,487,2160,0.774537,0.608,3.716742e+05,1.221426e-01,2.6933,0,7,115,423,33,30
1674,486,2160,0.775,0.607,3.736303e+05,8.725105e-02,2.6055,0,0,86,422,33,30
1675,485,2160,0.775463,0.607,3.741006e+05,3.982624e-02,2.602,0,1,60,421,33,30
1676,484,2160,0.775926,0.604,3.735470e+05,9.066079e-02,2.6186,0,7,87,420,33,30
1677,483,2160,0.776389,0.602,3.727197e+05,3.714217e-02,2.6042,0,4,157,419,33,30
1678,482,2160,0.776852,0.597,3.743679e+05,2.726106e-02,2.6191,0,1,157,418,33,30
1679,481,2160,0.777315,0.594,3.743229e+05,2.637096e-02,2.6041,0,6,53,417,33,30
1680,480,2160,0.777778,0.593,3.735301e+05,3.036782e-02,2.5951,0,4,37,416,33,30
1681,479,2160,0.778241,0.593,3.735329e+05,1.347890e-01,2.6008,2,2,4,416,33,29
1682,478,2160,0.778704,0.588,3.742515e+05,1.247182e-01,2.6435,2,3,8,416,33,28
1683,477,2160,0.779167,0.587,3.758376e+05,6.629145e-02,2.6272,0,6,76,415,33,28
1684,476,2160,0.77963,0.585,3.767611e+05,7.557938e-02,2.5946,0,4,101,414,33,28
1685,475,2160,0.780093,0.587,3.777554e+05,3.274583e-02,2.6281,0,0,130,413,33,28
1686,474,2160,0.780556,0.586,3.770492e+05,8.622901e-02,2.6356,0,1,179,412,33,28
1687,473,2160,0.781019,0.588,3.758106e+05,4.963318e-02,2.6002,0,6,34,411,33,28
1688,472,2160,0.781481,0.59,3.762006e+05,2.038076e-02,2.6026,0,4,73,410,33,28
1689,471,2160,0.781944,0.586,3.771831e+05,2.947546e-02,2.6206,0,2,178,409,33,28
1690,470,2160,0.782407,0.587,3.778135e+05,1.494008e-02,2.617,0,6,178,408,33,28
1691,469,2160,0.78287,0.587,3.771294e+05,2.373299e-02,2.6494,0,0,153,407,33,28
1692,468,2160,0.783333,0.592,3.773099e+05,6.237429e-02,2.6045,0,1,106,406,33,28
1693,467,2160,0.783796,0.601,3.746607e+05,5.437493e-02,2.6103,0,1,76,405,33,28
1694,466,2160,0.784259,0.595,3.728567e+05,6.180025e-02,2.6161,0,1,31,404,33,28
1695,465,2160,0.784722,0.593,3.718378e+05,2.327498e-02,2.6448,0,6,158,403,33,28
1696,464,2160,0.785185,0.594,3.715475e+05,3.765068e-01,2.5951,1,2,7,403,32,28
1697,463,2160,0.785648,0.583,3.791667e+05,5.688787e-02,2.6438,0,4,156,402,32,28
1698,462,2160,0.786111,0.575,3.792809e+05,1.102474e-01,2.605,0,6,156,401,32,28
1699,461,2160,0.786574,0.581,3.741064e+05,2.763467e-01,2.6593,0,1,161,400,32,28
1700,460,2160,0.787037,0.579,3.840332e+05,4.718844e-01,2.6448,0,6,58,399,32,28
1701,459,2160,0.7875,0.597,3.942444e+05,2.140352e-02,2.6046,0,6,41,398,32,28
1702,458,2160,0.787963,0.599,3.939305e+05,8.703647e-02,2.6115,0,0,170,397,32,28
1703,457,2160,0.788426,0.601,3.935349e+05,2.989195e-02,2.6595,0,0,101,396,32,28
1704,456,2160,0.788889,0.604,3.930784e+05,1.693857e-02,2.6348,0,7,169,395,32,28
1705,455,2160,0.789352,0.605,3.940058e+05,2.942187e-02,2.6371,0,1,111,394,32,28
1706,454,2160,0.789815,0.607,3.955049e+05,8.153399e-02,2.7313,0,8,92,393,32,28
1707,453,2160,0.790278,0.603,3.972412e+05,8.397714e-02,2.6226,0,8,71,392,32,28
1708,452,2160,0.790741,0.599,4.018911e+05,1.344007e-01,2.6052,0,7,63,391,32,28
1709,451,2160,0.791204,0.586,4.082956e+05,8.152422e-02,2.6272,0,4,177,390,32,28
1710,450,2160,0.791667,0.587,4.102413e+05,2.541859e-02,2.6106,0,7,4,389,32,28
1711,449,2160,0.79213,0.586,4.118700e+05,3.343066e-01,2.6375,0,4,38,388,32,28
1712,448,2160,0.792593,0.578,4.192168e+05,1.897094e-01,2.6315,0,7,13,387,32,28
1713,447,2160,0.793056,0.58,4.165003e+05,2.233651e-01,2.6017,0,2,82,386,32,28
1714,446,2160,0.793519,0.58,4.208895e+05,2.586968e-01,2.6211,0,2,125,385,32,28
1715,445,2160,0.793981,0.58,4.170488e+05,2.401200e-02,2.6167,0,4,41,384,32,28
1716,444,2160,0.794444,0.577,4.173272e+05,1.173394e-02,2.6463,0,7,193,383,32,28
1717,443,2160,0.794907,0.578,4.183259e+05,2.774273e-02,2.6138,0,1,97,382,32,28
1718,442,2160,0.79537,0.576,4.199930e+05,2.044045e-02,2.6223,0,4,2,381,32,28
1719,441,2160,0.795833,0.575,4.201574e+05,4.160654e-02,2.6791,0,8,142,380,32,28
1720,440,2160,0.796296,0.573,4.207941e+05,1.827548e-01,2.6069,0,8,79,379,32,28
1721,439,2160,0.796759,0.561,4.246751e+05,6.628193e-02,2.6116,0,1,147,378,32,28
1722,438,2160,0.797222,0.563,4.278428e+05,5.624095e-02,2.6313,0,1,86,377,32,28
1723,437,2160,0.797685,0.561,4.284249e+05,3.545138e-01,2.6069,0,1,148,376,32,28
1724,436,2160,0.798148,0.561,4.331264e+05,4.979214e-01,2.6148,0,6,39,375,32,28
1725,435,2160,0.798611,0.556,4.415170e+05,1.642277e-01,2.617,0,6,78,374,32,28
1726,434,2160,0.799074,0.538,4.418501e+05,4.285503e-01,2.6242,0,6,54,373,32,28
1727,433,2160,0.799537,0.55,4.372237e+05,9.755949e-02,2.6128,0,4,71,372,32,28
1728,432,2160,0.8,0.548,4.376062e+05,2.166624e-01,2.6392,0,6,72,371,32,28
1729,431,2160,0.800463,0.549,4.367563e+05,2.599113e-02,2.6127,0,7,52,370,32,28
1730,430,2160,0.800926,0.549,4.376039e+05,4.511332e-02,2.6058,0,7,55,369,32,28
1731,429,2160,0.801389,0.548,4.384727e+05,3.522187e-02,2.621,0,4,154,368,32,28
1732,428,2160,0.801852,0.548,4.393362e+05,3.971021e-02,2.6357,0,8,14,367,32,28
1733,427,2160,0.802315,0.55,4.403900e+05,6.251412e-02,2.591,0,8,167,366,32,28
1734,426,2160,0.802778,0.55,4.406855e+05,9.181826e-02,2.6204,0,6,191,365,32,28
1735,425,2160,0.803241,0.551,4.407725e+05,4.192307e-01,2.6047,1,9,7,365,31,28
1736,424,2160,0.803704,0.546,4.351859e+05,1.823434e-01,2.6146,1,2,2,365,30,28
1737,423,2160,0.804167,0.543,4.354630e+05,3.232230e-01,2.6405,0,1,122,364,30,28
1738,422,2160,0.80463,0.569,4.405313e+05,1.764791e-02,2.6263,0,5,108,363,30,28
1739,421,2160,0.805093,0.567,4.411331e+05,2.782486e-02,2.6172,0,5,168,362,30,28
1740,420,2160,0.805556,0.564,4.425081e+05,2.927020e-02,2.6077,0,2,22,361,30,28
1741,419,2160,0.806019,0.557,4.437985e+05,2.205889e-02,2.6076,0,4,182,360,30,28
1742,418,2160,0.806481,0.56,4.442612e+05,1.934154e-02,2.6155,0,1,11,359,30,28
1743,417,2160,0.806944,0.556,4.457750e+05,1.790656e-02,2.6158,0,5,8,358,30,28
1744,416,2160,0.807407,0.559,4.462880e+05,8.118695e-03,2.6289,0,7,8,357,30,28
1745,415,2160,0.80787,0.555,4.471651e+05,3.710214e-02,2.6002,0,4,31,356,30,28
1746,414,2160,0.808333,0.56,4.476896e+05,1.569528e-02,2.6018,0,1,140,355,30,28
1747,413,2160,0.808796,0.56,4.492278e+05,4.996439e-02,2.6291,0,0,125,354,30,28
1748,412,2160,0.809259,0.558,4.503243e+05,2.407562e-02,2.6156,0,4,6,353,30,28
1749,411,2160,0.809722,0.561,4.509386e+05,2.193381e-02,2.5987,0,7,3,352,30,28
1750,410,2160,0.810185,0.56,4.524924e+05,1.506993e-02,2.6057,0,7,46,351,30,28
1751,409,2160,0.810648,0.559,4.542265e+05,2.052513e-02,2.6123,0,7,180,350,30,28
1752,408,2160,0.811111,0.56,4.559759e+05,2.779545e-02,2.6257,0,2,167,349,30,28
1753,407,2160,0.811574,0.556,4.569201e+05,1.607484e-02,2.6231,0,7,167,348,30,28
1754,406,2160,0.812037,0.553,4.574260e+05,2.377692e-02,2.6129,0,2,99,347,30,28
1755,405,2160,0.8125,0.547,4.592169e+05,4.739735e-02,2.612,0,4,107,346,30,28
1756,404,2160,0.812963,0.542,4.614770e+05,9.553903e-02,2.6119,0,1,124,345,30,28
1757,403,2160,0.813426,0.539,4.619455e+05,2.717320e-02,2.5895,0,7,29,344,30,28
1758,402,2160,0.813889,0.534,4.641511e+05,2.132954e-02,2.6227,0,7,2,343,30,28
1759,401,2160,0.814352,0.526,4.662362e+05,3.565663e-02,2.611,0,5,112,342,30,28
1760,400,2160,0.814815,0.524,4.702302e+05,5.040453e-02,2.6216,0,2,95,341,30,28
1761,399,2160,0.815278,0.527,4.706405e+05,2.635675e-02,2.6061,0,5,56,340,30,28
1762,398,2160,0.815741,0.525,4.718881e+05,3.694255e-02,2.6128,0,7,56,339,30,28
1763,397,2160,0.816204,0.515,4.734546e+05,3.397217e-02,2.6014,0,4,99,338,30,28
1764,396,2160,0.816667,0.517,4.747431e+05,3.852961e-02,2.6103,0,6,164,337,30,28
1765,395,2160,0.81713,0.51,4.776522e+05,1.799701e-01,2.6099,1,6,8,337,29,28
1766,394,2160,0.817593,0.509,4.803447e+05,1.331919e-01,2.6104,0,4,106,336,29,28
1767,393,2160,0.818056,0.509,4.818013e+05,3.206647e-01,2.6634,0,0,185,335,29,28
1768,392,2160,0.818519,0.506,4.849952e+05,1.201539e-01,2.5962,0,2,190,334,29,28
1769,391,2160,0.818981,0.506,4.868919e+05,1.339756e+00,2.6004,1,5,6,334,28,28
1770,390,2160,0.819444,0.516,4.835543e+05,7.416089e-02,2.5867,0,0,82,333,28,28
1771,389,2160,0.819907,0.511,4.843179e+05,9.172191e-02,2.6313,0,2,79,332,28,28
1772,388,2160,0.82037,0.508,4.843434e+05,1.763442e-01,2.627,0,7,110,331,28,28
1773,387,2160,0.820833,0.509,4.849665e+05,8.619424e-02,2.6092,0,1,103,330,28,28
1774,386,2160,0.821296,0.515,4.882892e+05,3.824309e-02,2.6245,0,6,110,329,28,28
1775,385,2160,0.821759,0.516,4.907122e+05,3.314722e-02,2.6046,0,4,110,328,28,28
1776,384,2160,0.822222,0.514,4.914724e+05,4.167167e-02,2.6208,0,2,186,327,28,28
1777,383,2160,0.822685,0.511,4.955035e+05,3.560996e-01,2.595,0,5,37,326,28,28
1778,382,2160,0.823148,0.513,4.958578e+05,1.587789e-01,2.6194,0,0,42,325,28,28
1779,381,2160,0.823611,0.505,4.988824e+05,1.515005e+00,2.6455,0,8,109,324,28,28
1780,380,2160,0.824074,0.516,5.243668e+05,5.212050e-02,2.6151,0,1,50,323,28,28
1781,379,2160,0.824537,0.525,5.258734e+05,6.441531e-02,2.6913,0,1,143,322,28,28
1782,378,2160,0.825,0.529,5.237825e+05,3.992275e-02,2.6022,0,1,75,321,28,28
1783,377,2160,0.825463,0.531,5.234277e+05,5.481020e-02,2.6298,0,2,115,320,28,28
1784,376,2160,0.825926,0.529,5.236187e+05,2.643837e-02,2.6715,0,4,18,319,28,28
1785,375,2160,0.826389,0.528,5.258137e+05,4.824109e-02,2.6181,0,7,143,318,28,28
1786,374,2160,0.826852,0.525,5.269316e+05,3.570252e-02,2.6269,0,5,126,317,28,28
1787,373,2160,0.827315,0.528,5.308714e+05,4.575164e-02,2.6311,0,2,121,316,28,28
1788,372,2160,0.827778,0.528,5.315473e+05,3.195894e-02,2.6449,0,4,27,315,28,28
1789,371,2160,0.828241,0.524,5.327296e+05,1.143103e-01,2.6114,0,8,84,314,28,28
1790,370,2160,0.828704,0.525,5.334541e+05,3.292246e-02,2.616,0,6,45,313,28,28
1791,369,2160,0.829167,0.524,5.374962e+05,5.784116e-02,2.5869,0,6,24,312,28,28
1792,368,2160,0.82963,0.513,5.434669e+05,7.134624e-02,2.6201,0,1,114,311,28,28
1793,367,2160,0.830093,0.508,5.507525e+05,7.107891e-02,2.643,0,2,188,310,28,28
1794,366,2160,0.830556,0.502,5.566759e+05,1.013524e-01,2.6146,0,6,135,309,28,28
1795,365,2160,0.831019,0.503,5.565613e+05,8.783239e-02,2.6402,0,8,55,308,28,28
1796,364,2160,0.831481,0.503,5.570050e+05,1.053208e-01,2.6506,0,7,192,307,28,28
1797,363,2160,0.831944,0.494,5.641981e+05,2.092559e-01,2.6624,0,7,19,306,28,28
1798,362,2160,0.832407,0.485,5.768646e+05,2.256716e-01,2.638,0,5,96,305,28,28
1799,361,2160,0.83287,0.474,5.870645e+05,2.977615e-01,2.6316,0,2,187,304,28,28
1800,360,2160,0.833333,0.465,5.970136e+05,2.057278e-01,2.6464,0,2,65,303,28,28
1801,359,2160,0.833796,0.453,6.036280e+05,3.175089e+00,2.6201,0,2,138,302,28,28
1802,358,2160,0.834259,0.146,3.492220e+06,2.297937e-03,2.6132,0,7,37,301,28,28
1803,357,2160,0.834722,0.146,3.492257e+06,1.852640e-02,2.5971,2,0,6,301,28,27
1804,356,2160,0.835185,0.146,3.492924e+06,7.936781e-03,2.5797,0,7,134,300,28,27
1805,355,2160,0.835648,0.146,3.493051e+06,4.402383e-02,2.6143,0,1,134,299,28,27
1806,354,2160,0.836111,0.147,3.493962e+06,8.752683e-02,2.5988,0,2,80,298,28,27
1807,353,2160,0.836574,0.147,3.495442e+06,7.359694e-02,2.6171,0,5,80,297,28,27
1808,352,2160,0.837037,0.145,3.492855e+06,6.150177e-02,2.6359,0,8,48,296,28,27
1809,351,2160,0.8375,0.144,3.493228e+06,3.935271e-02,2.6091,0,4,88,295,28,27
1810,350,2160,0.837963,0.145,3.494595e+06,4.865837e-02,2.6223,0,4,75,294,28,27
1811,349,2160,0.838426,0.145,3.495771e+06,2.593751e-02,2.6404,0,4,186,293,28,27
1812,348,2160,0.838889,0.145,3.497723e+06,3.684541e-02,2.6209,0,4,21,292,28,27
1813,347,2160,0.839352,0.143,3.499596e+06,2.671580e-02,2.6266,0,5,26,291,28,27
1814,346,2160,0.839815,0.144,3.501515e+06,7.345190e-02,2.6025,0,7,175,290,28,27
1815,345,2160,0.840278,0.143,3.503390e+06,4.361024e-01,2.6161,1,2,8,290,27,27
1816,344,2160,0.840741,0.147,3.511464e+06,2.531320e-02,2.6314,0,7,174,289,27,27
1817,343,2160,0.841204,0.146,3.514398e+06,2.567021e-02,2.614,0,0,117,288,27,27
1818,342,2160,0.841667,0.146,3.512675e+06,7.410555e-02,2.6337,0,4,78,287,27,27
1819,341,2160,0.84213,0.146,3.516884e+06,1.556100e-01,2.6386,0,6,150,286,27,27
1820,340,2160,0.842593,0.145,3.520252e+06,4.432247e-02,2.6069,0,0,110,285,27,27
1821,339,2160,0.843056,0.145,3.522111e+06,4.315691e-02,2.6207,0,4,20,284,27,27
1822,338,2160,0.843519,0.144,3.523817e+06,3.161168e-02,2.6335,0,1,82,283,27,27
1823,337,2160,0.843981,0.144,3.527076e+06,1.993217e-02,2.6015,0,2,181,282,27,27
1824,336,2160,0.844444,0.144,3.529880e+06,3.088123e-03,2.6173,0,7,181,281,27,27
1825,335,2160,0.844907,0.144,3.529441e+06,4.465356e-02,2.6099,0,8,61,280,27,27
1826,334,2160,0.84537,0.146,3.530008e+06,1.348695e-01,2.6463,0,8,123,279,27,27
1827,333,2160,0.845833,0.145,3.530523e+06,4.752739e-02,2.648,0,4,124,278,27,27
1828,332,2160,0.846296,0.144,3.532086e+06,4.052552e-02,2.6202,0,4,46,277,27,27
1829,331,2160,0.846759,0.145,3.535973e+06,3.744660e-02,2.6093,0,5,101,276,27,27
1830,330,2160,0.847222,0.144,3.539674e+06,4.193604e-02,2.5995,0,0,70,275,27,27
1831,329,2160,0.847685,0.144,3.543798e+06,9.020809e-03,2.5974,0,7,101,274,27,27
1832,328,2160,0.848148,0.144,3.543146e+06,4.066116e-02,2.6502,0,8,60,273,27,27
1833,327,2160,0.848611,0.146,3.545157e+06,3.659980e-02,2.6056,0,2,23,272,27,27
1834,326,2160,0.849074,0.145,3.547645e+06,7.652047e-02,2.6026,0,2,137,271,27,27
1835,325,2160,0.849537,0.146,3.548863e+06,2.424570e-01,2.58,0,0,122,270,27,27
1836,324,2160,0.85,0.146,3.553783e+06,2.229227e-02,2.5749,0,2,122,269,27,27
1837,323,2160,0.850463,0.147,3.555946e+06,1.804687e-01,2.603,0,6,35,268,27,27
1838,322,2160,0.850926,0.146,3.557078e+06,5.813844e-02,2.6404,0,2,120,267,27,27
1839,321,2160,0.851389,0.145,3.559748e+06,2.408000e-03,2.6151,0,6,120,266,27,27
1840,320,2160,0.851852,0.145,3.559592e+06,3.085865e-02,2.6258,0,1,58,265,27,27
1841,319,2160,0.852315,0.145,3.563941e+06,2.674878e-02,2.621,0,1,133,264,27,27
1842,318,2160,0.852778,0.145,3.565413e+06,6.637434e-02,2.6203,0,7,47,263,27,27
1843,317,2160,0.853241,0.145,3.568382e+06,4.774898e-02,2.6266,0,6,129,262,27,27
1844,316,2160,0.853704,0.145,3.571029e+06,2.179998e-03,2.6107,0,2,129,261,27,27
1845,315,2160,0.854167,0.146,3.571752e+06,8.710280e-02,2.593,0,2,49,260,27,27
1846,314,2160,0.85463,0.145,3.574249e+06,3.415243e-01,2.5991,1,4,0,260,26,27
1847,313,2160,0.855093,0.147,3.581019e+06,3.952109e-02,2.6146,0,0,165,259,26,27
1848,312,2160,0.855556,0.147,3.583778e+06,4.903032e-02,2.6272,0,0,106,258,26,27
1849,311,2160,0.856019,0.144,3.590590e+06,4.692766e-02,2.6212,0,4,109,257,26,27
1850,310,2160,0.856481,0.145,3.596002e+06,8.006042e-02,2.6224,0,0,188,256,26,27
1851,309,2160,0.856944,0.146,3.601160e+06,2.032353e-02,2.626,0,6,49,255,26,27
1852,308,2160,0.857407,0.146,3.602092e+06,2.940244e-02,2.6137,0,2,26,254,26,27
1853,307,2160,0.85787,0.146,3.601684e+06,3.872776e-02,2.5959,0,2,177,253,26,27
1854,306,2160,0.858333,0.147,3.604868e+06,8.743533e-03,2.5642,0,7,177,252,26,27
1855,305,2160,0.858796,0.147,3.604420e+06,5.468215e-02,2.622,0,4,162,251,26,27
1856,304,2160,0.859259,0.148,3.609902e+06,4.294456e-02,2.6347,0,4,3,250,26,27
1857,303,2160,0.859722,0.148,3.614720e+06,8.892028e-02,2.6106,0,8,158,249,26,27
1858,302,2160,0.860185,0.147,3.617903e+06,9.459869e-02,2.6455,0,8,44,248,26,27
1859,301,2160,0.860648,0.148,3.622174e+06,9.336280e-02,2.651,0,6,115,247,26,27
1860,300,2160,0.861111,0.148,3.627092e+06,4.923515e-02,2.6138,0,0,114,246,26,27
1861,299,2160,0.861574,0.148,3.629789e+06,7.459249e-02,2.67,0,0,107,245,26,27
1862,298,2160,0.862037,0.146,3.636913e+06,1.597554e-02,2.6035,0,2,107,244,26,27
1863,297,2160,0.8625,0.147,3.639657e+06,1.157685e-02,2.6047,0,1,107,243,26,27
1864,296,2160,0.862963,0.147,3.641213e+06,1.255839e-01,2.609,0,0,108,242,26,27
1865,295,2160,0.863426,0.147,3.649858e+06,7.133877e-02,2.6331,0,6,133,241,26,27
1866,294,2160,0.863889,0.147,3.650103e+06,4.689817e-02,2.613,0,5,100,240,26,27
1867,293,2160,0.864352,0.147,3.655303e+06,2.043565e-03,2.6036,0,6,100,239,26,27
1868,292,2160,0.864815,0.147,3.654857e+06,5.857716e-02,2.626,0,2,151,238,26,27
1869,291,2160,0.865278,0.147,3.654934e+06,3.807836e-02,2.5985,0,4,151,237,26,27
1870,290,2160,0.865741,0.147,3.658567e+06,4.246104e-02,2.6116,0,4,178,236,26,27
1871,289,2160,0.866204,0.147,3.663995e+06,2.591078e-01,2.617,0,6,132,235,26,27
1872,288,2160,0.866667,0.149,3.684418e+06,6.147931e-02,2.6165,0,4,87,234,26,27
1873,287,2160,0.86713,0.149,3.688132e+06,4.411490e-02,2.6146,0,5,162,233,26,27
1874,286,2160,0.867593,0.15,3.693355e+06,4.753331e-02,2.6192,0,4,188,232,26,27
1875,285,2160,0.868056,0.149,3.698912e+06,2.026149e-02,2.6007,0,1,151,231,26,27
1876,284,2160,0.868519,0.149,3.703068e+06,1.558373e-02,2.6248,0,1,37,230,26,27
1877,283,2160,0.868981,0.149,3.703817e+06,6.144994e-02,2.6301,0,5,81,229,26,27
1878,282,2160,0.869444,0.148,3.702349e+06,5.395711e-02,2.6747,0,4,64,228,26,27
1879,281,2160,0.869907,0.149,3.708164e+06,5.477388e-02,2.6367,0,7,33,227,26,27
1880,280,2160,0.87037,0.148,3.713175e+06,5.510814e-02,2.7077,0,2,73,226,26,27
1881,279,2160,0.870833,0.147,3.719679e+06,1.044161e-02,2.6302,0,7,73,225,26,27
1882,278,2160,0.871296,0.148,3.718905e+06,1.184713e-01,2.6436,0,8,53,224,26,27
1883,277,2160,0.871759,0.148,3.728669e+06,5.868109e-02,2.6003,0,5,176,223,26,27
1884,276,2160,0.872222,0.145,3.736380e+06,6.897269e-02,2.6452,0,5,78,222,26,27
1885,275,2160,0.872685,0.142,3.743076e+06,1.919586e-02,2.6365,0,7,122,221,26,27
1886,274,2160,0.873148,0.142,3.743355e+06,5.136512e-02,2.6242,0,4,165,220,26,27
1887,273,2160,0.873611,0.143,3.749880e+06,6.852362e-02,2.6182,0,7,139,219,26,27
1888,272,2160,0.874074,0.141,3.752739e+06,8.908986e-01,2.613,2,9,1,219,26,26
1889,271,2160,0.874537,0.146,3.749100e+06,1.031509e+00,2.6032,1,2,1,219,25,26
1890,270,2160,0.875,0.14,3.734485e+06,1.017725e-01,2.6286,2,9,5,219,25,25
1891,269,2160,0.875463,0.142,3.740445e+06,6.239122e-02,2.6437,0,2,173,218,25,25
1892,268,2160,0.875926,0.143,3.746886e+06,8.081673e-02,2.6285,0,2,81,217,25,25
1893,267,2160,0.876389,0.142,3.755309e+06,8.116405e-02,2.6497,0,4,132,216,25,25
1894,266,2160,0.876852,0.142,3.766331e+06,4.113094e-02,2.6195,0,0,103,215,25,25
1895,265,2160,0.877315,0.142,3.770439e+06,3.677386e-01,2.6037,2,5,1,215,25,24
1896,264,2160,0.877778,0.143,3.783517e+06,7.046093e-02,2.6016,0,7,34,214,25,24
1897,263,2160,0.878241,0.142,3.788511e+06,6.922132e-02,2.64,0,2,72,213,25,24
1898,262,2160,0.878704,0.144,3.796187e+06,5.457312e-02,2.651,0,4,184,212,25,24
1899,261,2160,0.879167,0.144,3.802105e+06,9.221556e-02,2.6501,0,4,137,211,25,24
1900,260,2160,0.87963,0.141,3.813198e+06,8.401982e-02,2.6252,0,5,88,210,25,24
1901,259,2160,0.880093,0.142,3.821172e+06,6.100083e-03,2.6216,0,6,88,209,25,24
1902,258,2160,0.880556,0.143,3.820439e+06,1.099854e-01,2.6493,0,4,138,208,25,24
1903,257,2160,0.881019,0.143,3.832967e+06,7.253963e-02,2.6231,0,5,138,207,25,24
1904,256,2160,0.881481,0.142,3.838381e+06,6.574631e-03,2.5955,0,6,138,206,25,24
1905,255,2160,0.881944,0.142,3.839422e+06,5.863309e-02,2.5994,0,5,60,205,25,24
1906,254,2160,0.882407,0.14,3.849521e+06,1.113567e-01,2.6169,0,4,152,204,25,24
1907,253,2160,0.88287,0.14,3.863131e+06,4.932590e-02,2.62,0,4,30,203,25,24
1908,252,2160,0.883333,0.14,3.869661e+06,7.053646e-02,2.6377,0,8,175,202,25,24
1909,251,2160,0.883796,0.14,3.874699e+06,8.399555e-02,2.6177,0,8,93,201,25,24
1910,250,2160,0.884259,0.139,3.881752e+06,2.338103e-02,2.6089,0,2,60,200,25,24
1911,249,2160,0.884722,0.139,3.882477e+06,9.261650e-02,2.6045,0,4,119,199,25,24
1912,248,2160,0.885185,0.138,3.887879e+06,7.520795e-02,2.6057,0,4,146,198,25,24
1913,247,2160,0.885648,0.138,3.902710e+06,1.802059e-02,2.6078,0,7,132,197,25,24
1914,246,2160,0.886111,0.14,3.900091e+06,2.009296e-02,2.6889,0,1,123,196,25,24
1915,245,2160,0.886574,0.139,3.904971e+06,7.316866e-02,2.6448,0,5,171,195,25,24
1916,244,2160,0.887037,0.14,3.907554e+06,1.181710e-01,2.6345,0,7,35,194,25,24
1917,243,2160,0.8875,0.138,3.915398e+06,1.194387e-02,2.6368,0,5,35,193,25,24
1918,242,2160,0.887963,0.139,3.920681e+06,3.486000e-02,2.6294,0,2,176,192,25,24
1919,241,2160,0.888426,0.138,3.922733e+06,1.457283e-01,2.6179,0,7,151,191,25,24
1920,240,2160,0.888889,0.138,3.929132e+06,5.921351e-03,2.6463,0,5,151,190,25,24
1921,239,2160,0.889352,0.138,3.930747e+06,1.282740e-01,2.599,0,6,23,189,25,24
1922,238,2160,0.889815,0.136,3.942533e+06,1.041613e-02,2.6065,0,5,23,188,25,24
1923,237,2160,0.890278,0.14,3.948235e+06,7.748030e-02,2.6133,0,4,189,187,25,24
1924,236,2160,0.890741,0.139,3.962339e+06,3.007334e-02,2.6135,0,2,189,186,25,24
1925,235,2160,0.891204,0.143,3.962199e+06,3.904001e-01,2.6106,0,0,54,185,25,24
1926,234,2160,0.891667,0.141,3.985088e+06,3.956607e-01,2.6031,1,4,4,185,24,24
1927,233,2160,0.89213,0.139,4.013046e+06,6.834536e-02,2.6081,0,4,131,184,24,24
1928,232,2160,0.892593,0.138,4.028696e+06,8.555532e-02,2.6025,0,2,159,183,24,24
1929,231,2160,0.893056,0.141,4.033680e+06,3.714976e-02,2.6692,0,5,159,182,24,24
1930,230,2160,0.893519,0.14,4.036007e+06,1.771788e-02,2.6329,0,7,57,181,24,24
1931,229,2160,0.893981,0.14,4.036680e+06,9.796505e-02,2.6129,0,8,161,180,24,24
1932,228,2160,0.894444,0.141,4.039622e+06,5.921312e-02,2.6019,0,2,161,179,24,24
1933,227,2160,0.894907,0.14,4.041069e+06,7.206024e-03,2.6037,0,5,161,178,24,24
1934,226,2160,0.89537,0.141,4.041594e+06,4.005718e-02,2.6516,0,6,7,177,24,24
1935,225,2160,0.895833,0.14,4.041226e+06,1.536337e-01,2.5936,0,7,157,176,24,24
1936,224,2160,0.896296,0.137,4.046911e+06,6.063673e-03,2.6118,0,5,157,175,24,24
1937,223,2160,0.896759,0.137,4.050539e+06,2.968464e-02,2.6316,0,6,40,174,24,24
1938,222,2160,0.897222,0.135,4.058965e+06,8.817207e-03,2.617,0,1,40,173,24,24
1939,221,2160,0.897685,0.135,4.059100e+06,2.095092e-02,2.6287,0,5,139,172,24,24
1940,220,2160,0.898148,0.134,4.068440e+06,8.908078e-02,2.6057,0,5,61,171,24,24
1941,219,2160,0.898611,0.133,4.079534e+06,1.728782e-03,2.6125,0,2,61,170,24,24
1942,218,2160,0.899074,0.133,4.079514e+06,4.263123e-02,2.6001,0,1,18,169,24,24
1943,217,2160,0.899537,0.132,4.082200e+06,2.217102e-02,2.6038,0,7,44,168,24,24
1944,216,2160,0.9,0.133,4.078692e+06,4.439664e-02,2.6215,0,7,59,167,24,24
1945,215,2160,0.900463,0.131,4.079301e+06,1.072373e-01,2.6358,0,7,128,166,24,24
1946,214,2160,0.900926,0.135,4.092803e+06,1.955641e-01,2.6081,0,6,149,165,24,24
1947,213,2160,0.901389,0.133,4.144967e+06,6.239375e-02,2.6098,0,0,22,164,24,24
1948,212,2160,0.901852,0.132,4.153891e+06,1.073083e-01,2.6005,0,4,86,163,24,24
1949,211,2160,0.902315,0.131,4.166417e+06,3.501299e-02,2.624,0,5,133,162,24,24
1950,210,2160,0.902778,0.133,4.171222e+06,8.848048e-02,2.617,0,0,19,161,24,24
1951,209,2160,0.903241,0.132,4.185841e+06,2.040891e-02,2.6066,0,7,123,160,24,24
1952,208,2160,0.903704,0.131,4.184713e+06,1.123330e-01,2.6194,0,5,95,159,24,24
1953,207,2160,0.904167,0.132,4.217438e+06,1.553724e-01,2.6052,0,2,148,158,24,24
1954,206,2160,0.90463,0.135,4.232268e+06,8.318795e-03,2.6416,0,7,148,157,24,24
1955,205,2160,0.905093,0.135,4.230620e+06,2.036988e-02,2.6112,0,7,131,156,24,24
1956,204,2160,0.905556,0.139,4.220361e+06,1.019581e-01,2.6286,0,2,52,155,24,24
1957,203,2160,0.906019,0.137,4.229496e+06,1.160985e-02,2.621,0,5,52,154,24,24
1958,202,2160,0.906481,0.139,4.232864e+06,2.353974e-02,2.6208,0,6,70,153,24,24
1959,201,2160,0.906944,0.14,4.234599e+06,7.416778e-02,2.6093,0,7,144,152,24,24
1960,200,2160,0.907407,0.14,4.251251e+06,1.740407e-01,2.6343,0,7,149,151,24,24
1961,199,2160,0.90787,0.14,4.265886e+06,9.837942e-03,2.621,0,2,149,150,24,24
1962,198,2160,0.908333,0.14,4.269811e+06,1.944913e-01,2.6075,0,6,86,149,24,24
1963,197,2160,0.908796,0.135,4.283564e+06,1.144867e-02,2.6209,0,5,86,148,24,24
1964,196,2160,0.909259,0.134,4.287962e+06,1.050595e+00,2.6078,1,5,0,148,23,24
1965,195,2160,0.909722,0.134,4.307534e+06,1.315821e+00,2.6182,1,4,1,148,22,24
1966,194,2160,0.910185,0.131,4.347242e+06,9.648201e-01,2.6251,0,8,174,147,22,24
1967,193,2160,0.910648,0.13,4.321635e+06,4.868778e-01,2.6357,1,8,8,147,21,24
1968,192,2160,0.911111,0.132,4.350548e+06,9.855577e-01,2.6069,0,7,76,146,21,24
1969,191,2160,0.911574,0.133,4.394470e+06,3.477039e+00,2.62,2,7,8,146,21,23
1970,190,2160,0.912037,0.118,4.425008e+06,7.395090e-02,2.6012,0,5,20,145,21,23
1971,189,2160,0.9125,0.12,4.438882e+06,8.874562e-02,2.6025,0,2,135,144,21,23
1972,188,2160,0.912963,0.114,4.444086e+06,1.398495e-01,2.6531,1,1,7,144,20,23
1973,187,2160,0.913426,0.114,4.460881e+06,4.799877e-02,2.6174,0,5,76,143,20,23
1974,186,2160,0.913889,0.114,4.477791e+06,1.300659e-01,2.6117,0,2,74,142,20,23
1975,185,2160,0.914352,0.114,4.505787e+06,1.701200e-01,2.6147,0,5,137,141,20,23
1976,184,2160,0.914815,0.115,4.525702e+06,3.019559e-02,2.6059,0,7,20,140,20,23
1977,183,2160,0.915278,0.114,4.524437e+06,1.890053e+00,2.6073,1,5,1,140,19,23
1978,182,2160,0.915741,0.115,4.536351e+06,1.117887e-01,2.6149,0,5,89,139,19,23
1979,181,2160,0.916204,0.114,4.551681e+06,6.855868e-03,2.6176,0,6,89,138,19,23
1980,180,2160,0.916667,0.114,4.551659e+06,1.198677e-01,2.6088,0,5,124,137,19,23
1981,179,2160,0.91713,0.113,4.569288e+06,3.405718e-03,2.6177,0,7,124,136,19,23
1982,178,2160,0.917593,0.113,4.568158e+06,2.276692e-01,2.7027,0,6,136,135,19,23
1983,177,2160,0.918056,0.114,4.579352e+06,1.599911e-02,2.6057,0,7,136,134,19,23
1984,176,2160,0.918519,0.116,4.579350e+06,1.603578e-01,2.6221,0,6,102,133,19,23
1985,175,2160,0.918981,0.115,4.599035e+06,2.913473e-03,2.6334,0,7,102,132,19,23
1986,174,2160,0.919444,0.115,4.598779e+06,5.240159e-01,2.6354,2,8,1,132,19,22
1987,173,2160,0.919907,0.117,4.686373e+06,1.027117e-01,2.6835,0,5,143,131,19,22
1988,172,2160,0.92037,0.118,4.681383e+06,9.034609e-03,2.6245,0,2,143,130,19,22
1989,171,2160,0.920833,0.117,4.683564e+06,9.485005e-02,2.6321,0,4,89,129,19,22
1990,170,2160,0.921296,0.117,4.673534e+06,1.345825e-01,2.6226,0,5,127,128,19,22
1991,169,2160,0.921759,0.115,4.697058e+06,1.365929e-02,2.6086,0,7,127,127,19,22
1992,168,2160,0.922222,0.115,4.691245e+06,2.311023e-01,2.6127,0,5,75,126,19,22
1993,167,2160,0.922685,0.116,4.726306e+06,1.477172e-02,2.6054,0,7,75,125,19,22
1994,166,2160,0.923148,0.114,4.720369e+06,2.767864e-02,2.6204,0,7,137,124,19,22
1995,165,2160,0.923611,0.115,4.717337e+06,9.931999e-02,2.7066,0,0,89,123,19,22
1996,164,2160,0.924074,0.116,4.720885e+06,6.677767e-02,2.6074,0,1,90,122,19,22
1997,163,2160,0.924537,0.116,4.729723e+06,1.108013e-01,2.6103,0,4,187,121,19,22
1998,162,2160,0.925,0.117,4.756552e+06,2.366898e-02,2.6206,0,7,66,120,19,22
1999,161,2160,0.925463,0.116,4.755063e+06,1.524504e-01,2.6109,0,2,62,119,19,22
2000,160,2160,0.925926,0.116,4.771126e+06,1.377627e-01,2.6097,0,5,62,118,19,22
2001,159,2160,0.926389,0.116,4.764283e+06,3.251140e-02,2.6961,0,7,135,117,19,22
2002,158,2160,0.926852,0.115,4.755771e+06,2.460617e+00,2.5943,1,5,2,117,18,22
2003,157,2160,0.927315,0.114,4.845989e+06,3.714878e-01,2.6176,2,7,1,117,18,21
2004,156,2160,0.927778,0.114,4.861722e+06,2.178426e-02,2.6063,2,7,5,117,18,20
2005,155,2160,0.928241,0.114,4.860917e+06,4.942605e-01,2.6171,2,1,5,117,18,19
2006,154,2160,0.928704,0.114,4.896538e+06,8.957789e-02,2.6272,0,5,87,116,18,19
2007,153,2160,0.929167,0.114,4.931898e+06,1.943718e-02,2.6154,0,6,87,115,18,19
2008,152,2160,0.92963,0.114,4.922809e+06,6.295269e-02,2.6155,0,5,150,114,18,19
2009,151,2160,0.930093,0.113,4.939541e+06,9.176683e-03,2.6142,0,7,150,113,18,19
2010,150,2160,0.930556,0.113,4.934444e+06,5.803885e-02,2.5875,0,5,21,112,18,19
2011,149,2160,0.931019,0.112,4.949537e+06,5.129945e-03,2.6114,0,7,21,111,18,19
2012,148,2160,0.931481,0.112,4.946165e+06,4.705696e-02,2.6218,0,1,104,110,18,19
2013,147,2160,0.931944,0.113,4.951512e+06,2.632447e-02,2.6133,0,6,95,109,18,19
2014,146,2160,0.932407,0.112,4.936935e+06,2.179746e-02,2.6193,0,7,121,108,18,19
2015,145,2160,0.93287,0.111,4.935851e+06,1.942971e-02,2.5989,0,1,71,107,18,19
2016,144,2160,0.933333,0.111,4.932556e+06,2.818764e-01,2.588,2,4,6,107,18,18
2017,143,2160,0.933796,0.111,4.927356e+06,1.551368e-02,2.6372,0,6,82,106,18,18
2018,142,2160,0.934259,0.112,4.926375e+06,1.010596e-01,2.6092,0,4,172,105,18,18
2019,141,2160,0.934722,0.112,4.971907e+06,2.892271e-02,2.6096,0,2,51,104,18,18
2020,140,2160,0.935185,0.112,4.969095e+06,2.196652e-02,2.631,0,7,81,103,18,18
2021,139,2160,0.935648,0.112,4.967572e+06,1.779529e-02,2.593,0,7,43,102,18,18
2022,138,2160,0.936111,0.112,4.959539e+06,1.295408e-01,2.6152,0,7,31,101,18,18
2023,137,2160,0.936574,0.115,4.970429e+06,5.775911e-03,2.6288,0,5,31,100,18,18
2024,136,2160,0.937037,0.115,4.979436e+06,2.252297e-02,2.615,0,2,163,99,18,18
2025,135,2160,0.9375,0.115,4.980514e+06,1.675962e-02,2.6044,0,7,141,98,18,18
2026,134,2160,0.937963,0.115,4.972825e+06,2.634290e-02,2.6076,0,6,106,97,18,18
2027,133,2160,0.938426,0.117,4.971279e+06,2.259607e-02,2.6208,0,7,32,96,18,18
2028,132,2160,0.938889,0.116,4.957800e+06,1.585856e-01,2.6534,0,4,190,95,18,18
2029,131,2160,0.939352,0.115,4.994558e+06,8.574794e-01,2.6713,1,9,1,95,17,18
2030,130,2160,0.939815,0.114,5.034191e+06,7.999829e-02,2.6464,0,1,144,94,17,18
2031,129,2160,0.940278,0.111,5.041267e+06,1.323720e-01,2.6043,0,2,58,93,17,18
2032,128,2160,0.940741,0.112,5.062697e+06,3.005141e-03,2.647,0,5,58,92,17,18
2033,127,2160,0.941204,0.112,5.066347e+06,3.057259e-02,2.6078,0,7,74,91,17,18
2034,126,2160,0.941667,0.115,5.041710e+06,7.591881e-02,2.6341,0,0,147,90,17,18
2035,125,2160,0.94213,0.114,5.062105e+06,1.894535e-01,2.6048,0,4,171,89,17,18
2036,124,2160,0.942593,0.114,5.120935e+06,3.715740e-02,2.5922,0,1,79,88,17,18
2037,123,2160,0.943056,0.114,5.137981e+06,8.089522e-03,2.6064,0,7,79,87,17,18
2038,122,2160,0.943519,0.114,5.140075e+06,3.104584e-02,2.6115,0,6,170,86,17,18
2039,121,2160,0.943981,0.114,5.110397e+06,1.520855e-01,2.6281,0,2,175,85,17,18
2040,120,2160,0.944444,0.115,5.146464e+06,1.811313e-03,2.5951,0,5,175,84,17,18
2041,119,2160,0.944907,0.115,5.148485e+06,4.599316e-02,2.6049,0,7,172,83,17,18
2042,118,2160,0.94537,0.115,5.096292e+06,3.201296e-02,2.6167,0,7,142,82,17,18
2043,117,2160,0.945833,0.117,5.071884e+06,3.636121e-01,2.6365,2,5,6,82,17,17
2044,116,2160,0.946296,0.116,5.077908e+06,3.297933e-02,2.6097,0,1,63,81,17,17
2045,115,2160,0.946759,0.114,5.050019e+06,2.945748e-01,2.6094,0,4,92,80,17,17
2046,114,2160,0.947222,0.114,5.118510e+06,1.739580e-01,2.6162,0,2,33,79,17,17
2047,113,2160,0.947685,0.112,5.164166e+06,1.398344e-03,2.6105,0,5,33,78,17,17
2048,112,2160,0.948148,0.112,5.168496e+06,2.831004e-01,2.6167,0,7,62,77,17,17
2049,111,2160,0.948611,0.111,5.227744e+06,5.555310e-03,2.6147,0,6,62,76,17,17
2050,110,2160,0.949074,0.112,5.233458e+06,5.167976e-02,2.5956,0,1,146,75,17,17
2051,109,2160,0.949537,0.112,5.266604e+06,2.173885e-02,2.6257,0,6,146,74,17,17
2052,108,2160,0.95,0.111,5.266642e+06,3.684115e-02,2.6492,0,6,117,73,17,17
2053,107,2160,0.950463,0.11,5.259984e+06,6.404347e-02,2.6485,0,1,38,72,17,17
2054,106,2160,0.950926,0.11,5.281636e+06,6.344671e-03,2.6139,0,7,38,71,17,17
2055,105,2160,0.951389,0.11,5.276272e+06,2.546861e-01,2.6318,0,0,134,70,17,17
2056,104,2160,0.951852,0.113,5.338840e+06,2.074169e-01,2.6138,0,2,47,69,17,17
2057,103,2160,0.952315,0.111,5.397080e+06,1.402712e-02,2.6908,0,5,47,68,17,17
2058,102,2160,0.952778,0.11,5.417428e+06,2.299782e-01,2.6184,2,0,9,68,17,16
2059,101,2160,0.953241,0.11,5.502503e+06,6.943325e-02,2.6202,0,7,130,67,17,16
2060,100,2160,0.953704,0.113,5.475231e+06,5.740631e-01,2.6077,0,4,120,66,17,16
2061,99,2160,0.954167,0.11,5.561193e+06,5.456176e-01,2.6064,0,7,156,65,17,16
2062,98,2160,0.95463,0.123,5.570374e+06,3.805281e-02,2.6255,0,5,156,64,17,16
2063,97,2160,0.955093,0.12,5.610682e+06,3.461959e-01,2.6549,0,2,174,63,17,16
2064,96,2160,0.955556,0.116,5.656197e+06,9.433209e-03,2.7121,0,5,174,62,17,16
2065,95,2160,0.956019,0.114,5.673908e+06,7.589051e-02,2.6292,0,2,119,61,17,16
2066,94,2160,0.956481,0.119,5.710293e+06,3.441621e-01,2.5912,2,7,6,61,17,15
2067,93,2160,0.956944,0.122,5.629523e+06,2.989486e+00,2.6693,0,7,173,60,17,15
2068,92,2160,0.957407,0.102,6.148959e+06,1.794327e-03,2.6419,0,5,173,59,17,15
2069,91,2160,0.95787,0.102,6.154705e+06,5.922876e-01,2.608,1,9,0,59,16,15
2070,90,2160,0.958333,0.109,6.149300e+06,2.935462e-01,2.6069,0,4,91,58,16,15
2071,89,2160,0.958796,0.087,6.191163e+06,2.458389e-01,2.6214,0,1,67,57,16,15
2072,88,2160,0.959259,0.083,6.233034e+06,1.982821e-02,2.6207,0,2,67,56,16,15
2073,87,2160,0.959722,0.085,6.204577e+06,3.559553e-01,2.5986,0,2,48,55,16,15
2074,86,2160,0.960185,0.087,6.303745e+06,2.299773e-02,2.6135,0,5,48,54,16,15
2075,85,2160,0.960648,0.087,6.333217e+06,4.979117e-01,2.6083,2,6,9,54,16,14
2076,84,2160,0.961111,0.099,6.444570e+06,1.617268e-01,2.6139,0,5,105,53,16,14
2077,83,2160,0.961574,0.103,6.508990e+06,9.786158e-02,2.6189,0,7,162,52,16,14
2078,82,2160,0.962037,0.111,6.547035e+06,1.397845e-02,2.611,0,1,162,51,16,14
2079,81,2160,0.9625,0.112,6.568127e+06,7.148256e-02,2.6064,0,2,91,50,16,14
2080,80,2160,0.962963,0.106,6.650319e+06,1.557165e+00,2.6132,0,0,144,49,16,14
2081,79,2160,0.963426,0.087,6.801644e+06,5.519736e-01,2.6403,0,4,49,48,16,14
2082,78,2160,0.963889,0.088,6.888025e+06,3.765153e-01,2.6412,0,5,115,47,16,14
2083,77,2160,0.964352,0.09,6.955530e+06,7.614141e-02,2.5915,0,1,115,46,16,14
2084,76,2160,0.964815,0.093,6.946049e+06,1.704195e-01,2.6118,0,1,152,45,16,14
2085,75,2160,0.965278,0.089,7.007699e+06,1.306865e-01,2.5937,0,5,152,44,16,14
2086,74,2160,0.965741,0.086,7.035791e+06,5.106810e-01,2.6157,0,6,50,43,16,14
2087,73,2160,0.966204,0.085,7.238839e+06,1.527063e-01,2.5967,0,7,50,42,16,14
2088,72,2160,0.966667,0.08,7.265017e+06,2.927660e-01,2.598,0,7,159,41,16,14
2089,71,2160,0.96713,0.081,7.274689e+06,3.503569e-02,2.62,0,6,159,40,16,14
2090,70,2160,0.967593,0.08,7.310926e+06,1.464165e-01,2.6248,0,0,49,39,16,14
2091,69,2160,0.968056,0.088,7.452886e+06,9.003559e-02,2.603,0,1,78,38,16,14
2092,68,2160,0.968519,0.047,7.520291e+06,7.187449e-02,2.6045,0,7,78,37,16,14
2093,67,2160,0.968981,0.058,7.530621e+06,1.439145e+00,2.639,0,2,50,36,16,14
2094,66,2160,0.969444,0.068,7.569422e+06,6.107319e-01,2.6064,0,4,90,35,16,14
2095,65,2160,0.969907,0.069,1.457753e+07,9.890685e-01,2.6204,0,5,50,34,16,14
2096,64,2160,0.97037,0.071,1.452293e+07,2.857011e+00,2.5966,0,8,145,33,16,14
2097,63,2160,0.970833,0.074,1.502320e+07,1.761146e+00,2.658,0,5,118,32,16,14
2098,62,2160,0.971296,0.072,1.496825e+07,1.493078e+00,2.6096,1,9,6,32,15,14
2099,61,2160,0.971759,0.076,1.510556e+07,1.560947e+00,2.6077,0,7,36,31,15,14
2100,60,2160,0.972222,0.079,1.524064e+07,5.199617e-01,2.641,0,6,36,30,15,14
2101,59,2160,0.972685,0.078,1.521943e+07,5.895592e-01,2.6119,1,9,4,30,14,14
2102,58,2160,0.973148,0.079,1.531293e+07,6.710389e-01,2.6235,0,6,77,29,14,14
2103,57,2160,0.973611,0.081,1.533225e+07,2.690486e-01,2.6254,0,7,77,28,14,14
2104,56,2160,0.974074,0.08,1.534888e+07,4.137415e-01,2.5995,0,2,34,27,14,14
2105,55,2160,0.974537,0.08,1.568055e+07,2.996905e-01,2.6031,0,5,34,26,14,14
2106,54,2160,0.975,0.085,1.574153e+07,3.011855e+00,2.6317,2,3,4,26,14,13
2107,53,2160,0.975463,0.083,1.594201e+07,2.638897e+01,2.6373,0,1,80,25,14,13
2108,52,2160,0.975926,0.089,4.372822e+08,1.320741e-01,2.5942,0,6,160,24,14,13
2109,51,2160,0.976389,0.089,4.372822e+08,1.595135e-01,2.622,0,6,116,23,14,13
2110,50,2160,0.976852,0.089,4.372822e+08,1.903179e-01,2.605,1,6,6,23,13,13
2111,49,2160,0.977315,0.089,4.372822e+08,7.886917e-02,2.6406,0,5,39,22,13,13
2112,48,2160,0.977778,0.089,4.373459e+08,1.205888e-01,2.6233,0,7,80,21,13,13
2113,47,2160,0.978241,0.09,4.389269e+08,2.543548e-01,2.6321,0,7,54,20,13,13
2114,46,2160,0.978704,0.089,4.422880e+08,2.174715e-01,2.6121,0,7,94,19,13,13
2115,45,2160,0.979167,0.089,4.500628e+08,3.686726e-01,2.6036,0,0,143,18,13,13
2116,44,2160,0.97963,0.077,4.505780e+08,5.854597e-01,2.6027,2,5,4,18,13,12
2117,43,2160,0.980093,0.083,4.508807e+08,8.839378e-02,2.6242,0,2,68,17,13,12
2118,42,2160,0.980556,0.085,4.509438e+08,6.646357e-01,2.5995,0,5,160,16,13,12
2119,41,2160,0.981019,0.112,4.529450e+08,4.365642e-01,2.6039,2,6,8,16,13,11
2120,40,2160,0.981481,0.113,4.549366e+08,1.919023e-01,2.6349,0,1,116,15,13,11
2121,39,2160,0.981944,0.123,4.560992e+08,1.815254e+00,2.5862,0,1,72,14,13,11
2122,38,2160,0.982407,0.117,4.566023e+08,8.084237e-01,2.606,2,4,1,14,13,10
2123,37,2160,0.98287,0.117,4.644525e+08,5.282140e-01,2.6447,2,2,8,14,13,9
2124,36,2160,0.983333,0.115,4.653140e+08,1.963490e-01,2.6169,1,1,5,14,12,9
2125,35,2160,0.983796,0.115,4.654583e+08,6.290656e-01,2.5946,0,0,104,13,12,9
2126,34,2160,0.984259,0.098,4.662515e+08,9.272860e-01,2.6127,2,5,9,13,12,8
2127,33,2160,0.984722,0.099,4.738495e+08,7.916209e-01,2.6116,1,8,2,13,11,8
2128,32,2160,0.985185,0.078,4.683814e+08,1.430222e+00,2.6236,2,5,8,13,11,7
2129,31,2160,0.985648,0.099,4.808060e+08,1.075393e+00,2.6381,0,4,104,12,11,7
2130,30,2160,0.986111,0.099,4.808060e+08,1.749331e+00,2.6308,1,8,4,12,10,7
2131,29,2160,0.986574,0.099,4.808060e+08,1.552233e+00,2.6093,0,1,54,11,10,7
2132,28,2160,0.987037,0.1,4.939930e+08,1.352473e+00,2.6154,2,2,1,11,10,6
2133,27,2160,0.9875,0.166,5.069391e+08,1.936206e+00,2.6587,0,1,94,10,10,6
2134,26,2160,0.987963,0.171,5.523622e+08,5.470728e+00,2.6159,0,1,39,9,10,6
2135,25,2160,0.988426,0.171,5.851420e+08,7.062230e+00,2.6078,0,2,160,8,10,6
2136,24,2160,0.988889,0.122,7.301637e+08,8.026915e+00,2.6085,0,5,72,7,10,6
2137,23,2160,0.989352,0.124,1.537341e+09,3.911511e-04,2.609,0,9,106,6,10,6
2138,22,2160,0.989815,0.124,1.537340e+09,2.397593e-02,2.6143,1,2,9,6,9,6
2139,21,2160,0.990278,0.124,1.537340e+09,1.470313e-02,2.6046,2,3,5,6,9,5
2140,20,2160,0.990741,0.124,1.534317e+09,4.247232e-02,2.6176,1,5,5,6,8,5
2141,19,2160,0.991204,0.124,1.534317e+09,1.893155e-02,2.6323,2,3,2,6,8,4
2142,18,2160,0.991667,0.124,1.532235e+09,5.572478e-02,2.6163,1,2,0,6,7,4
2143,17,2160,0.99213,0.124,1.532235e+09,7.002843e-02,2.7133,1,4,2,6,6,4
2144,16,2160,0.992593,0.124,1.520007e+09,3.140010e-01,2.666,2,1,4,6,6,3
2145,15,2160,0.993056,0.124,1.520006e+09,1.962643e-01,2.6454,0,7,160,5,6,3
2146,14,2160,0.993519,0.182,1.380417e+09,2.840508e-01,2.6247,1,6,7,5,5,3
2147,13,2160,0.993981,0.182,1.380398e+09,2.404748e-01,2.618,1,1,0,5,4,3
2148,12,2160,0.994444,0.099,1.216362e+09,7.538871e-01,2.6084,0,0,90,4,4,3
2149,11,2160,0.994907,0.099,1.216362e+09,3.925592e-01,2.6242,2,3,1,4,4,2
2150,10,2160,0.99537,0.099,1.216360e+09,2.494078e-01,2.6083,0,1,68,3,4,2
2151,9,2160,0.995833,0.099,3.983788e+07,1.007297e+00,2.6099,2,3,6,3,4,1
2152,8,2160,0.996296,0.099,3.983788e+07,1.925358e+00,2.6053,0,5,128,2,4,1
2153,7,2160,0.996759,0.099,3.983788e+07,2.047147e+00,2.6217,0,2,128,1,4,1
2154,6,2160,0.997222,0.099,3.983788e+07,3.662515e+00,2.6473,1,6,1,1,3,1
2155,5,2160,0.997685,0.099,3.983788e+07,2.353089e+01,2.6612,1,6,2,1,2,1
2156,4,2160,0.998148,0.099,3.983788e+07,2.499126e+01,2.6369,1,6,5,1,1,1
2157,3,2160,0.998611,0.099,3.983788e+07,3.257037e-01,2.6619,0,8,128,0,1,1
2158,2,2160,0.999074,0.099,4.192535e+07,9.730604e-01,2.2685,1,9,8,0,0,1
2159,1,2160,0.999537,0.099,4.192535e+07,3.813891e-01,2.2821,2,9,9,0,0,0
