step,NZ,total_W,sparsity,val_acc,d_manifold,d_W,prune_time_s,adjust_time_s,candidate_layer,candidate_i,candidate_j,layer_0_NZ,layer_1_NZ,layer_2_NZ
0,2160,2160,0.0,0.911,0.000000e+00,3.692038e-06,0.0007,4.9921,0,3,2,1959,100,100
1,2159,2160,0.000463,0.911,1.206041e-05,1.502685e-05,0.0001,3.48,0,5,160,1958,100,100
2,2158,2160,0.000926,0.911,1.252865e-05,1.572755e-05,0.0001,3.4549,0,0,148,1957,100,100
3,2157,2160,0.001389,0.911,1.180879e-04,2.167512e-05,0.0001,3.5704,0,0,110,1956,100,100
4,2156,2160,0.001852,0.911,3.182933e-04,2.195324e-05,0.0001,3.4629,0,5,41,1955,100,100
5,2155,2160,0.002315,0.911,3.186943e-04,3.934542e-05,0.0001,3.4399,0,6,17,1954,100,100
6,2154,2160,0.002778,0.911,2.215375e-03,4.824530e-05,0.0001,3.456,0,1,195,1953,100,100
7,2153,2160,0.003241,0.911,2.129464e-03,5.260417e-05,0.0001,3.4577,0,7,123,1952,100,100
8,2152,2160,0.003704,0.911,7.290635e-03,5.354996e-05,0.0001,3.427,0,1,22,1951,100,100
9,2151,2160,0.004167,0.911,7.230560e-03,5.855885e-05,0.0001,3.4373,0,9,169,1950,100,100
10,2150,2160,0.00463,0.911,9.798489e-03,6.201866e-05,0.0001,3.4161,0,4,113,1949,100,100
11,2149,2160,0.005093,0.911,1.424139e-02,7.143469e-05,0.0001,3.4019,0,1,36,1948,100,100
12,2148,2160,0.005556,0.911,1.404311e-02,7.414067e-05,0.0001,3.4272,0,7,25,1947,100,100
13,2147,2160,0.006019,0.911,2.390618e-02,7.471961e-05,0.0001,3.412,0,9,111,1946,100,100
14,2146,2160,0.006481,0.911,2.718566e-02,7.729393e-05,0.0001,3.4629,0,2,136,1945,100,100
15,2145,2160,0.006944,0.911,2.585555e-02,8.182762e-05,0.0001,3.4218,0,0,162,1944,100,100
16,2144,2160,0.007407,0.911,2.782245e-02,1.018970e-04,0.0001,3.4252,0,6,116,1943,100,100
17,2143,2160,0.00787,0.911,3.846408e-02,1.296118e-04,0.0001,3.4616,0,4,56,1942,100,100
18,2142,2160,0.008333,0.911,5.615301e-02,1.376209e-04,0.0001,3.4179,2,6,5,1942,100,99
19,2141,2160,0.008796,0.911,5.250532e-02,1.491611e-04,0.0001,3.4334,0,2,138,1941,100,99
20,2140,2160,0.009259,0.911,4.953762e-02,1.522109e-04,0.0001,3.422,0,5,26,1940,100,99
21,2139,2160,0.009722,0.911,4.788687e-02,1.602122e-04,0.0001,3.3932,0,8,77,1939,100,99
22,2138,2160,0.010185,0.911,4.633234e-02,1.841902e-04,0.0001,3.4084,0,6,18,1938,100,99
23,2137,2160,0.010648,0.911,8.552566e-02,1.898726e-04,0.0001,3.399,0,8,124,1937,100,99
24,2136,2160,0.011111,0.911,7.421237e-02,2.035345e-04,0.0001,3.4478,0,2,81,1936,100,99
25,2135,2160,0.011574,0.911,6.854956e-02,2.199883e-04,0.0001,3.4319,0,7,126,1935,100,99
26,2134,2160,0.012037,0.911,1.571651e-01,2.266952e-04,0.0001,3.4223,0,8,145,1934,100,99
27,2133,2160,0.0125,0.911,1.470453e-01,2.419060e-04,0.0001,3.4387,0,8,94,1933,100,99
28,2132,2160,0.012963,0.911,1.417079e-01,2.529649e-04,0.0001,3.4166,0,6,195,1932,100,99
29,2131,2160,0.013426,0.911,2.164546e-01,2.695812e-04,0.0001,3.4421,0,9,140,1931,100,99
30,2130,2160,0.013889,0.911,2.532612e-01,2.785744e-04,0.0001,3.4493,0,9,40,1930,100,99
31,2129,2160,0.014352,0.911,2.979879e-01,2.856295e-04,0.0001,3.4354,0,3,66,1929,100,99
32,2128,2160,0.014815,0.911,3.484242e-01,3.319535e-04,0.0001,3.4592,0,7,5,1928,100,99
33,2127,2160,0.015278,0.911,5.186181e-01,3.270988e-04,0.0001,3.4213,0,2,111,1927,100,99
34,2126,2160,0.015741,0.911,4.843400e-01,3.716208e-04,0.0001,3.4392,0,6,121,1926,100,99
35,2125,2160,0.016204,0.911,6.282214e-01,3.843332e-04,0.0001,3.423,0,2,144,1925,100,99
36,2124,2160,0.016667,0.911,5.716207e-01,3.826791e-04,0.0001,3.4559,0,1,34,1924,100,99
37,2123,2160,0.01713,0.911,5.648210e-01,3.846872e-04,0.0001,3.442,0,2,140,1923,100,99
38,2122,2160,0.017593,0.911,5.442425e-01,3.973924e-04,0.0001,3.4637,0,3,26,1922,100,99
39,2121,2160,0.018056,0.911,6.686140e-01,4.123629e-04,0.0001,3.4475,0,0,90,1921,100,99
40,2120,2160,0.018519,0.911,6.837767e-01,4.168673e-04,0.0001,3.4525,0,4,194,1920,100,99
41,2119,2160,0.018981,0.911,8.769906e-01,4.389235e-04,0.0001,3.4661,0,8,76,1919,100,99
42,2118,2160,0.019444,0.911,8.287919e-01,4.542908e-04,0.0001,3.4444,0,1,57,1918,100,99
43,2117,2160,0.019907,0.911,8.303359e-01,4.625028e-04,0.0001,3.4653,0,0,149,1917,100,99
44,2116,2160,0.02037,0.911,8.902307e-01,4.620401e-04,0.0001,3.4583,0,5,12,1916,100,99
45,2115,2160,0.020833,0.911,8.713576e-01,5.301279e-04,0.0001,3.4545,0,6,97,1915,100,99
46,2114,2160,0.021296,0.911,1.190421e+00,5.317629e-04,0.0001,3.479,0,3,17,1914,100,99
47,2113,2160,0.021759,0.911,1.445801e+00,5.252728e-04,0.0001,3.4662,0,2,42,1913,100,99
48,2112,2160,0.022222,0.911,1.343871e+00,5.241617e-04,0.0001,3.475,0,5,181,1912,100,99
49,2111,2160,0.022685,0.911,1.290505e+00,5.282125e-04,0.0001,3.4608,0,2,14,1911,100,99
50,2110,2160,0.023148,0.911,1.249191e+00,5.385232e-04,0.0001,3.4484,0,9,100,1910,100,99
51,2109,2160,0.023611,0.911,1.464092e+00,5.434356e-04,0.0001,3.4508,0,9,185,1909,100,99
52,2108,2160,0.024074,0.911,1.660636e+00,5.439549e-04,0.0001,3.4685,0,2,84,1908,100,99
53,2107,2160,0.024537,0.911,1.593150e+00,5.450167e-04,0.0001,3.4835,0,8,193,1907,100,99
54,2106,2160,0.025,0.911,1.546616e+00,5.597010e-04,0.0001,3.463,0,7,139,1906,100,99
55,2105,2160,0.025463,0.911,2.108118e+00,5.577255e-04,0.0001,3.4749,0,0,191,1905,100,99
56,2104,2160,0.025926,0.911,2.159334e+00,5.567225e-04,0.0001,3.4892,0,2,186,1904,100,99
57,2103,2160,0.026389,0.911,2.102819e+00,5.943168e-04,0.0001,3.473,0,6,55,1903,100,99
58,2102,2160,0.026852,0.911,2.497945e+00,6.233552e-04,0.0001,3.4403,0,3,8,1902,100,99
59,2101,2160,0.027315,0.911,2.686004e+00,6.217256e-04,0.0001,3.4735,0,4,11,1901,100,99
60,2100,2160,0.027778,0.911,2.998569e+00,6.221338e-04,0.0001,3.4818,0,7,194,1900,100,99
61,2099,2160,0.028241,0.911,3.541667e+00,6.235376e-04,0.0001,3.4621,0,1,24,1899,100,99
62,2098,2160,0.028704,0.911,3.439320e+00,6.283608e-04,0.0001,3.4632,0,2,48,1898,100,99
63,2097,2160,0.029167,0.911,3.333195e+00,6.689109e-04,0.0001,3.4916,0,7,163,1897,100,99
64,2096,2160,0.02963,0.911,4.101950e+00,6.901527e-04,0.0001,3.4633,0,3,22,1896,100,99
65,2095,2160,0.030093,0.911,4.390303e+00,6.853941e-04,0.0001,3.4439,0,2,6,1895,100,99
66,2094,2160,0.030556,0.911,4.177540e+00,6.800646e-04,0.0001,3.4624,0,2,152,1894,100,99
67,2093,2160,0.031019,0.911,4.058791e+00,6.910442e-04,0.0001,3.4387,0,4,83,1893,100,99
68,2092,2160,0.031481,0.911,4.589009e+00,7.305144e-04,0.0001,3.4571,0,3,1,1892,100,99
69,2091,2160,0.031944,0.911,4.902961e+00,7.423730e-04,0.0001,3.5702,0,4,14,1891,100,99
70,2090,2160,0.032407,0.911,5.372931e+00,7.332069e-04,0.0001,3.7043,0,0,61,1890,100,99
71,2089,2160,0.03287,0.911,5.378853e+00,7.532092e-04,0.0001,3.6712,0,3,112,1889,100,99
72,2088,2160,0.033333,0.911,5.719111e+00,7.682958e-04,0.0001,3.6072,0,6,10,1888,100,99
73,2087,2160,0.033796,0.911,6.140351e+00,7.549989e-04,0.0001,3.5975,0,0,186,1887,100,99
74,2086,2160,0.034259,0.911,6.035431e+00,7.854473e-04,0.0001,3.5061,0,6,30,1886,100,99
75,2085,2160,0.034722,0.911,6.552465e+00,7.916623e-04,0.0001,3.4417,0,4,152,1885,100,99
76,2084,2160,0.035185,0.911,7.016376e+00,7.797820e-04,0.0001,3.5062,0,8,144,1884,100,99
77,2083,2160,0.035648,0.911,6.716485e+00,8.057346e-04,0.0001,3.4417,0,6,51,1883,100,99
78,2082,2160,0.036111,0.911,7.266566e+00,8.122336e-04,0.0001,3.4824,0,9,109,1882,100,99
79,2081,2160,0.036574,0.911,7.464021e+00,8.426984e-04,0.0001,3.5802,0,6,77,1881,100,99
80,2080,2160,0.037037,0.911,7.942241e+00,8.330073e-04,0.0001,3.6285,0,9,16,1880,100,99
81,2079,2160,0.0375,0.911,8.074562e+00,8.401986e-04,0.0001,3.5734,0,9,105,1879,100,99
82,2078,2160,0.037963,0.911,8.272669e+00,8.703480e-04,0.0001,3.6249,0,7,182,1878,100,99
83,2077,2160,0.038426,0.911,9.382349e+00,8.568672e-04,0.0001,3.5864,0,2,33,1877,100,99
84,2076,2160,0.038889,0.911,9.044156e+00,8.547704e-04,0.0001,3.607,0,1,180,1876,100,99
85,2075,2160,0.039352,0.911,8.933235e+00,8.603663e-04,0.0001,3.5643,0,0,136,1875,100,99
86,2074,2160,0.039815,0.911,9.060458e+00,8.727880e-04,0.0001,3.5984,0,9,123,1874,100,99
87,2073,2160,0.040278,0.911,9.542350e+00,8.879712e-04,0.0001,3.6054,0,5,55,1873,100,99
88,2072,2160,0.040741,0.911,9.351650e+00,8.982170e-04,0.0001,3.6008,0,5,18,1872,100,99
89,2071,2160,0.041204,0.911,9.200225e+00,9.152440e-04,0.0001,3.6052,0,9,154,1871,100,99
90,2070,2160,0.041667,0.911,9.765684e+00,9.126729e-04,0.0001,3.5875,0,0,14,1870,100,99
91,2069,2160,0.04213,0.911,9.887693e+00,9.172300e-04,0.0001,3.5975,0,0,133,1869,100,99
92,2068,2160,0.042593,0.911,1.008322e+01,9.400044e-04,0.0001,3.6129,0,8,6,1868,100,99
93,2067,2160,0.043056,0.911,9.933613e+00,9.621563e-04,0.0001,3.5997,0,8,2,1867,100,99
94,2066,2160,0.043519,0.911,9.805824e+00,9.815469e-04,0.0001,3.6077,0,7,73,1866,100,99
95,2065,2160,0.043981,0.911,1.148887e+01,9.746645e-04,0.0001,3.5947,0,5,124,1865,100,99
96,2064,2160,0.044444,0.911,1.123137e+01,9.744031e-04,0.0001,3.5981,0,0,16,1864,100,99
97,2063,2160,0.044907,0.911,1.142850e+01,9.836146e-04,0.0001,3.5974,0,7,195,1863,100,99
98,2062,2160,0.04537,0.911,1.337570e+01,9.767328e-04,0.0001,3.6187,0,2,121,1862,100,99
99,2061,2160,0.045833,0.911,1.312706e+01,1.031674e-03,0.0001,3.6133,0,6,180,1861,100,99
100,2060,2160,0.046296,0.911,1.422978e+01,1.015831e-03,0.0001,3.5809,0,9,183,1860,100,99
101,2059,2160,0.046759,0.911,1.460367e+01,1.015386e-03,0.0012,3.6088,0,9,195,1859,100,99
102,2058,2160,0.047222,0.911,1.491048e+01,1.020099e-03,0.0001,3.6051,0,2,95,1858,100,99
103,2057,2160,0.047685,0.911,1.460186e+01,1.018387e-03,0.0001,3.6116,0,2,158,1857,100,99
104,2056,2160,0.048148,0.911,1.437678e+01,1.018690e-03,0.0001,3.5944,0,8,178,1856,100,99
105,2055,2160,0.048611,0.911,1.420730e+01,1.020818e-03,0.0001,3.5941,0,1,154,1855,100,99
106,2054,2160,0.049074,0.911,1.419790e+01,1.034464e-03,0.0001,3.6056,0,7,135,1854,100,99
107,2053,2160,0.049537,0.911,1.586385e+01,1.038552e-03,0.0001,3.5877,0,5,53,1853,100,99
108,2052,2160,0.05,0.911,1.555434e+01,1.074810e-03,0.0001,3.6092,0,3,145,1852,100,99
109,2051,2160,0.050463,0.911,1.630556e+01,1.056950e-03,0.0001,3.6545,0,8,107,1851,100,99
110,2050,2160,0.050926,0.911,1.582353e+01,1.053334e-03,0.0001,3.6201,0,2,82,1850,100,99
111,2049,2160,0.051389,0.911,1.553231e+01,1.073531e-03,0.0001,3.5897,0,2,189,1849,100,99
112,2048,2160,0.051852,0.911,1.531308e+01,1.074558e-03,0.0001,3.5972,0,8,44,1848,100,99
113,2047,2160,0.052315,0.911,1.513007e+01,1.080678e-03,0.0001,3.6003,0,1,42,1847,100,99
114,2046,2160,0.052778,0.911,1.515873e+01,1.089871e-03,0.0001,3.5943,0,8,86,1846,100,99
115,2045,2160,0.053241,0.911,1.500466e+01,1.094214e-03,0.0001,3.5763,0,2,143,1845,100,99
116,2044,2160,0.053704,0.911,1.485293e+01,1.103344e-03,0.0001,3.5855,0,5,29,1844,100,99
117,2043,2160,0.054167,0.911,1.474671e+01,1.110354e-03,0.0001,3.6225,0,8,4,1843,100,99
118,2042,2160,0.05463,0.911,1.463357e+01,1.157222e-03,0.0001,3.6046,0,6,169,1842,100,99
119,2041,2160,0.055093,0.911,1.622388e+01,1.155192e-03,0.0001,3.6144,0,7,4,1841,100,99
120,2040,2160,0.055556,0.911,1.811338e+01,1.132683e-03,0.0001,3.6023,0,0,109,1840,100,99
121,2039,2160,0.056019,0.911,1.816163e+01,1.154449e-03,0.0001,3.5865,0,7,48,1839,100,99
122,2038,2160,0.056481,0.911,1.999759e+01,1.139037e-03,0.0001,3.606,0,5,127,1838,100,99
123,2037,2160,0.056944,0.91,1.948700e+01,1.161983e-03,0.0001,3.5901,0,8,92,1837,100,99
124,2036,2160,0.057407,0.91,1.911864e+01,1.188795e-03,0.0001,3.5891,0,7,24,1836,100,99
125,2035,2160,0.05787,0.91,2.123163e+01,1.176730e-03,0.0001,3.6262,0,2,40,1835,100,99
126,2034,2160,0.058333,0.91,2.070063e+01,1.196781e-03,0.0001,3.618,0,0,35,1834,100,99
127,2033,2160,0.058796,0.91,2.089897e+01,1.251999e-03,0.0001,3.6141,0,3,65,1833,100,99
128,2032,2160,0.059259,0.91,2.187252e+01,1.243682e-03,0.0001,3.5792,0,8,23,1832,100,99
129,2031,2160,0.059722,0.91,2.120982e+01,1.253673e-03,0.0001,3.5975,0,5,75,1831,100,99
130,2030,2160,0.060185,0.91,2.081487e+01,1.267507e-03,0.0001,3.5657,0,7,47,1830,100,99
131,2029,2160,0.060648,0.91,2.298790e+01,1.174495e-03,0.0001,3.5879,0,3,47,1829,100,99
132,2028,2160,0.061111,0.911,2.322737e+01,1.269335e-03,0.0001,3.5912,0,9,24,1828,100,99
133,2027,2160,0.061574,0.911,2.362477e+01,1.268582e-03,0.0001,3.5997,0,2,93,1827,100,99
134,2026,2160,0.062037,0.911,2.303851e+01,1.268465e-03,0.0001,3.5898,0,5,122,1826,100,99
135,2025,2160,0.0625,0.911,2.257896e+01,1.267288e-03,0.0001,3.5894,0,1,23,1825,100,99
136,2024,2160,0.062963,0.911,2.239578e+01,1.344681e-03,0.0001,3.5938,0,6,46,1824,100,99
137,2023,2160,0.063426,0.911,2.411762e+01,1.317065e-03,0.0001,3.6229,0,2,43,1823,100,99
138,2022,2160,0.063889,0.911,2.322955e+01,1.350218e-03,0.0001,3.6365,0,2,88,1822,100,99
139,2021,2160,0.064352,0.911,2.268643e+01,1.394697e-03,0.0001,3.587,0,3,139,1821,100,99
140,2020,2160,0.064815,0.911,2.406520e+01,1.379906e-03,0.0001,3.5765,0,9,53,1820,100,99
141,2019,2160,0.065278,0.911,2.464841e+01,1.372783e-03,0.0001,3.6122,0,1,85,1819,100,99
142,2018,2160,0.065741,0.911,2.416115e+01,1.393427e-03,0.0001,3.6317,0,7,6,1818,100,99
143,2017,2160,0.066204,0.911,2.724724e+01,1.418819e-03,0.0001,3.6041,0,7,32,1817,100,99
144,2016,2160,0.066667,0.911,3.043404e+01,1.380781e-03,0.0001,3.6077,0,3,32,1816,100,99
145,2015,2160,0.06713,0.91,3.085724e+01,1.429964e-03,0.0001,3.6074,0,3,97,1815,100,99
146,2014,2160,0.067593,0.911,3.288938e+01,1.457073e-03,0.0001,3.6207,0,7,9,1814,100,99
147,2013,2160,0.068056,0.911,3.601424e+01,1.441734e-03,0.0001,3.6059,0,1,96,1813,100,99
148,2012,2160,0.068519,0.911,3.548212e+01,1.499685e-03,0.0001,3.6087,0,6,131,1812,100,99
149,2011,2160,0.068981,0.911,3.740435e+01,1.526248e-03,0.0001,3.6171,0,6,92,1811,100,99
150,2010,2160,0.069444,0.911,3.892804e+01,1.513315e-03,0.0001,3.6021,0,8,30,1810,100,99
151,2009,2160,0.069907,0.911,3.767487e+01,1.504943e-03,0.0001,3.6027,0,1,94,1809,100,99
152,2008,2160,0.07037,0.911,3.729073e+01,1.501753e-03,0.0001,3.6107,0,0,124,1808,100,99
153,2007,2160,0.070833,0.911,3.766578e+01,1.496259e-03,0.0001,3.5932,0,5,4,1807,100,99
154,2006,2160,0.071296,0.911,3.718345e+01,1.498481e-03,0.0001,3.5891,0,8,190,1806,100,99
155,2005,2160,0.071759,0.911,3.681086e+01,1.581220e-03,0.0001,3.5843,0,6,82,1805,100,99
156,2004,2160,0.072222,0.911,3.917964e+01,1.547060e-03,0.0001,3.6043,0,0,87,1804,100,99
157,2003,2160,0.072685,0.911,3.912145e+01,1.561007e-03,0.0001,3.5735,0,4,99,1803,100,99
158,2002,2160,0.073148,0.911,4.152998e+01,1.598287e-03,0.0001,3.5676,0,3,167,1802,100,99
159,2001,2160,0.073611,0.911,4.287571e+01,1.576645e-03,0.0001,3.6202,0,9,23,1801,100,99
160,2000,2160,0.074074,0.911,4.367589e+01,1.558048e-03,0.0001,3.5888,0,0,142,1800,100,99
161,1999,2160,0.074537,0.911,4.363801e+01,1.552565e-03,0.0001,3.5707,0,0,183,1799,100,99
162,1998,2160,0.075,0.911,4.393590e+01,1.615080e-03,0.0001,3.5862,0,6,7,1798,100,99
163,1997,2160,0.075463,0.911,4.641784e+01,1.604450e-03,0.0001,3.5761,0,7,98,1797,100,99
164,1996,2160,0.075926,0.911,4.990104e+01,1.456632e-03,0.0001,3.5851,0,6,98,1796,100,99
165,1995,2160,0.076389,0.911,4.963015e+01,1.596406e-03,0.0001,3.565,0,1,104,1795,100,99
166,1994,2160,0.076852,0.911,4.898207e+01,1.590941e-03,0.0001,3.5614,0,8,28,1794,100,99
167,1993,2160,0.077315,0.911,4.827390e+01,1.636158e-03,0.0001,3.6039,0,9,190,1793,100,99
168,1992,2160,0.077778,0.911,4.974846e+01,1.678334e-03,0.0001,3.5848,0,4,140,1792,100,99
169,1991,2160,0.078241,0.911,5.283721e+01,1.686156e-03,0.0001,3.5636,0,4,7,1791,100,99
170,1990,2160,0.078704,0.911,5.442682e+01,1.677921e-03,0.0001,3.5771,0,9,139,1790,100,99
171,1989,2160,0.079167,0.911,5.525901e+01,1.676225e-03,0.0001,3.6041,0,9,193,1789,100,99
172,1988,2160,0.07963,0.911,5.623006e+01,1.729384e-03,0.0001,3.5598,0,6,57,1788,100,99
173,1987,2160,0.080093,0.911,5.866707e+01,1.683576e-03,0.0001,3.5868,0,8,185,1787,100,99
174,1986,2160,0.080556,0.911,5.698429e+01,1.676084e-03,0.0001,3.524,0,2,57,1786,100,99
175,1985,2160,0.081019,0.911,5.601277e+01,1.681269e-03,0.0001,3.6049,0,2,59,1785,100,99
176,1984,2160,0.081481,0.911,5.530991e+01,1.688056e-03,0.0001,3.5624,0,2,97,1784,100,99
177,1983,2160,0.081944,0.911,5.476248e+01,1.699368e-03,0.0001,3.5486,0,5,19,1783,100,99
178,1982,2160,0.082407,0.911,5.433114e+01,1.737632e-03,0.0001,3.5615,0,1,113,1782,100,99
179,1981,2160,0.08287,0.911,5.439206e+01,1.820954e-03,0.0001,3.5429,0,6,184,1781,100,99
180,1980,2160,0.083333,0.911,5.792860e+01,1.844425e-03,0.0001,3.5305,0,6,165,1780,100,99
181,1979,2160,0.083796,0.911,6.040713e+01,1.790793e-03,0.0001,3.5553,0,8,48,1779,100,99
182,1978,2160,0.084259,0.911,5.864305e+01,1.798699e-03,0.0001,3.5394,0,2,151,1778,100,99
183,1977,2160,0.084722,0.911,5.767405e+01,1.799306e-03,0.0001,3.5757,0,5,195,1777,100,99
184,1976,2160,0.085185,0.911,5.711925e+01,1.793802e-03,0.0001,3.5479,0,1,14,1776,100,99
185,1975,2160,0.085648,0.911,5.701295e+01,1.794263e-03,0.0001,3.5371,0,5,111,1775,100,99
186,1974,2160,0.086111,0.911,5.657187e+01,1.798050e-03,0.0001,3.537,0,2,68,1774,100,99
187,1973,2160,0.086574,0.911,5.616577e+01,1.847164e-03,0.0001,3.5383,0,7,130,1773,100,99
188,1972,2160,0.087037,0.911,6.200854e+01,1.833173e-03,0.0001,3.553,0,0,34,1772,100,99
189,1971,2160,0.0875,0.911,6.251129e+01,1.867901e-03,0.0001,3.5303,0,7,44,1771,100,99
190,1970,2160,0.087963,0.911,6.789890e+01,1.854366e-03,0.0001,3.5775,0,8,21,1770,100,99
191,1969,2160,0.088426,0.911,6.673375e+01,1.854015e-03,0.0001,3.5636,0,5,89,1769,100,99
192,1968,2160,0.088889,0.911,6.598897e+01,1.909609e-03,0.0001,3.5597,0,9,178,1768,100,99
193,1967,2160,0.089352,0.911,6.826897e+01,1.909976e-03,0.0001,3.5663,0,2,113,1767,100,99
194,1966,2160,0.089815,0.911,6.730189e+01,1.914107e-03,0.0001,3.581,0,2,18,1766,100,99
195,1965,2160,0.090278,0.911,6.654765e+01,1.922092e-03,0.0001,3.5485,0,1,139,1765,100,99
196,1964,2160,0.090741,0.911,6.649169e+01,1.979234e-03,0.0001,3.5635,0,6,178,1764,100,99
197,1963,2160,0.091204,0.911,6.926843e+01,1.976610e-03,0.0001,3.54,0,4,112,1763,100,99
198,1962,2160,0.091667,0.911,7.287730e+01,1.980561e-03,0.0001,3.5416,0,7,167,1762,100,99
199,1961,2160,0.09213,0.911,7.900636e+01,1.973390e-03,0.0001,3.5621,0,9,70,1761,100,99
200,1960,2160,0.092593,0.911,8.054799e+01,2.005159e-03,0.0001,3.5371,2,9,1,1761,100,98
201,1959,2160,0.093056,0.911,7.998210e+01,1.967734e-03,0.0016,4.7959,0,5,128,1760,100,98
202,1958,2160,0.093519,0.911,7.858396e+01,1.969064e-03,0.0001,3.3143,0,7,70,1759,100,98
203,1957,2160,0.093981,0.911,8.387401e+01,1.970863e-03,0.0001,3.3664,0,8,177,1758,100,98
204,1956,2160,0.094444,0.911,8.254890e+01,1.966291e-03,0.0001,3.4556,0,2,162,1757,100,98
205,1955,2160,0.094907,0.911,8.170721e+01,1.979014e-03,0.0001,3.3723,0,8,152,1756,100,98
206,1954,2160,0.09537,0.911,8.104555e+01,1.996013e-03,0.0001,3.4839,0,7,18,1755,100,98
207,1953,2160,0.095833,0.911,8.859194e+01,1.988882e-03,0.0001,3.3641,0,8,79,1754,100,98
208,1952,2160,0.096296,0.911,8.750202e+01,1.993187e-03,0.0001,3.3778,0,5,189,1753,100,98
209,1951,2160,0.096759,0.911,8.675175e+01,2.006650e-03,0.0001,3.3368,0,9,156,1752,100,98
210,1950,2160,0.097222,0.911,8.918238e+01,2.046922e-03,0.0001,3.3899,0,7,12,1751,100,98
211,1949,2160,0.097685,0.911,9.607751e+01,2.067605e-03,0.0001,3.3935,0,4,45,1750,100,98
212,1948,2160,0.098148,0.911,1.000816e+02,2.033593e-03,0.0001,3.3272,0,8,35,1749,100,98
213,1947,2160,0.098611,0.911,9.841812e+01,2.047731e-03,0.0001,3.2684,0,1,188,1748,100,98
214,1946,2160,0.099074,0.911,9.793758e+01,2.121250e-03,0.0001,3.2763,0,7,191,1747,100,98
215,1945,2160,0.099537,0.911,1.053866e+02,2.098912e-03,0.0001,3.2983,0,8,72,1746,100,98
216,1944,2160,0.1,0.911,1.039102e+02,2.096343e-03,0.0001,3.3894,0,8,135,1745,100,98
217,1943,2160,0.100463,0.911,1.027304e+02,2.092836e-03,0.0001,3.4216,0,5,14,1744,100,98
218,1942,2160,0.100926,0.911,1.018458e+02,2.090093e-03,0.0001,3.3295,0,5,125,1743,100,98
219,1941,2160,0.101389,0.911,1.011048e+02,2.091523e-03,0.0001,3.2972,0,5,173,1742,100,98
220,1940,2160,0.101852,0.911,1.003899e+02,2.098811e-03,0.0001,3.2894,0,2,169,1741,100,98
221,1939,2160,0.102315,0.911,9.977003e+01,2.151657e-03,0.0001,3.4245,0,7,122,1740,100,98
222,1938,2160,0.102778,0.911,1.076058e+02,2.119375e-03,0.0001,3.3728,0,2,44,1739,100,98
223,1937,2160,0.103241,0.91,1.061679e+02,2.144075e-03,0.0001,3.3218,0,9,192,1738,100,98
224,1936,2160,0.103704,0.91,1.090965e+02,2.233623e-03,0.0001,3.2905,0,6,153,1737,100,98
225,1935,2160,0.104167,0.91,1.135970e+02,2.220842e-03,0.0001,3.298,0,5,78,1736,100,98
226,1934,2160,0.10463,0.91,1.111762e+02,2.281585e-03,0.0001,3.2998,0,3,12,1735,100,98
227,1933,2160,0.105093,0.909,1.136282e+02,2.271247e-03,0.0001,3.3893,0,9,121,1734,100,98
228,1932,2160,0.105556,0.909,1.151096e+02,2.252598e-03,0.0001,3.3146,1,8,2,1734,99,98
229,1931,2160,0.106019,0.909,1.129792e+02,2.235819e-03,0.0001,3.2929,0,8,9,1733,99,98
230,1930,2160,0.106481,0.909,1.112374e+02,2.235090e-03,0.0001,3.311,0,0,30,1732,99,98
231,1929,2160,0.106944,0.91,1.120506e+02,2.210863e-03,0.0001,3.3202,0,1,12,1731,99,98
232,1928,2160,0.107407,0.91,1.111033e+02,2.336249e-03,0.0001,3.2895,0,3,88,1730,99,98
233,1927,2160,0.10787,0.911,1.148300e+02,2.288258e-03,0.0001,3.2991,0,0,93,1729,99,98
234,1926,2160,0.108333,0.911,1.148644e+02,2.289006e-03,0.0001,3.3076,0,1,155,1728,99,98
235,1925,2160,0.108796,0.911,1.144080e+02,2.279757e-03,0.0001,3.288,0,5,84,1727,99,98
236,1924,2160,0.109259,0.911,1.134925e+02,2.275466e-03,0.0001,3.3027,0,5,135,1726,99,98
237,1923,2160,0.109722,0.911,1.127331e+02,2.318753e-03,0.0001,3.3025,0,4,184,1725,99,98
238,1922,2160,0.110185,0.911,1.189557e+02,2.328018e-03,0.0001,3.2957,0,2,154,1724,99,98
239,1921,2160,0.110648,0.911,1.172115e+02,2.358121e-03,0.0001,3.323,0,1,83,1723,99,98
240,1920,2160,0.111111,0.911,1.168168e+02,2.357432e-03,0.0001,3.2838,0,1,147,1722,99,98
241,1919,2160,0.111574,0.911,1.167278e+02,2.350375e-03,0.0001,3.2937,0,2,39,1721,99,98
242,1918,2160,0.112037,0.911,1.159116e+02,2.364536e-03,0.0001,3.3032,1,3,2,1721,98,98
243,1917,2160,0.1125,0.911,1.155247e+02,2.407317e-03,0.0001,3.3152,0,9,43,1720,98,98
244,1916,2160,0.112963,0.911,1.197226e+02,2.425957e-03,0.0001,3.2836,0,9,115,1719,98,98
245,1915,2160,0.113426,0.911,1.235770e+02,2.401612e-03,0.0001,3.2995,0,6,115,1718,98,98
246,1914,2160,0.113889,0.911,1.258749e+02,2.434900e-03,0.0001,3.3162,0,8,176,1717,98,98
247,1913,2160,0.114352,0.911,1.231801e+02,2.435038e-03,0.0001,3.2832,0,0,40,1716,98,98
248,1912,2160,0.114815,0.911,1.242149e+02,2.420913e-03,0.0001,3.3718,0,0,154,1715,98,98
249,1911,2160,0.115278,0.911,1.255245e+02,2.426375e-03,0.0001,3.3359,0,8,38,1714,98,98
250,1910,2160,0.115741,0.911,1.245495e+02,2.435837e-03,0.0001,3.3114,0,2,89,1713,98,98
251,1909,2160,0.116204,0.911,1.237231e+02,2.485838e-03,0.0001,4.6592,0,7,21,1712,98,98
252,1908,2160,0.116667,0.911,1.344658e+02,2.466432e-03,0.0001,3.3028,0,5,179,1711,98,98
253,1907,2160,0.11713,0.911,1.328946e+02,2.461538e-03,0.0001,3.2975,0,5,151,1710,98,98
254,1906,2160,0.117593,0.911,1.318339e+02,2.460352e-03,0.0001,3.2942,0,1,6,1709,98,98
255,1905,2160,0.118056,0.911,1.318232e+02,2.456646e-03,0.0001,3.2988,0,8,66,1708,98,98
256,1904,2160,0.118519,0.911,1.310947e+02,2.536062e-03,0.0001,3.279,0,4,35,1707,98,98
257,1903,2160,0.118981,0.911,1.382421e+02,2.596371e-03,0.0001,3.2887,0,3,113,1706,98,98
258,1902,2160,0.119444,0.911,1.432397e+02,2.542143e-03,0.0001,3.2992,0,2,120,1705,98,98
259,1901,2160,0.119907,0.911,1.405599e+02,2.524255e-03,0.0001,3.3013,0,2,7,1704,98,98
260,1900,2160,0.12037,0.911,1.389689e+02,2.530412e-03,0.0001,3.2886,0,8,15,1703,98,98
261,1899,2160,0.120833,0.911,1.378799e+02,2.580256e-03,0.0001,3.297,0,4,29,1702,98,98
262,1898,2160,0.121296,0.911,1.452120e+02,2.615763e-03,0.0001,3.2797,0,9,55,1701,98,98
263,1897,2160,0.121759,0.911,1.491672e+02,2.655726e-03,0.0001,3.2938,0,4,127,1700,98,98
264,1896,2160,0.122222,0.911,1.558834e+02,2.653782e-03,0.0001,3.2871,0,8,106,1699,98,98
265,1895,2160,0.122685,0.91,1.533481e+02,2.659623e-03,0.0001,3.2989,0,0,185,1698,98,98
266,1894,2160,0.123148,0.91,1.546370e+02,2.653285e-03,0.0001,3.3018,0,5,185,1697,98,98
267,1893,2160,0.123611,0.91,1.532708e+02,2.693324e-03,0.0001,3.2901,0,1,186,1696,98,98
268,1892,2160,0.124074,0.91,1.531828e+02,2.692897e-03,0.0001,3.3129,0,0,17,1695,98,98
269,1891,2160,0.124537,0.91,1.554258e+02,2.684263e-03,0.0001,3.295,0,8,98,1694,98,98
270,1890,2160,0.125,0.91,1.541700e+02,2.694169e-03,0.0001,3.2931,0,8,164,1693,98,98
271,1889,2160,0.125463,0.91,1.534111e+02,2.691569e-03,0.0001,0.4529,0,9,13,1692,98,98
272,1888,2160,0.125926,0.91,1.608032e+02,2.748835e-03,0.0001,3.2865,0,9,189,1691,98,98
273,1887,2160,0.126389,0.91,1.648060e+02,2.730179e-03,0.0001,3.2948,0,5,66,1690,98,98
274,1886,2160,0.126852,0.91,1.626699e+02,2.719417e-03,0.0001,3.3061,0,2,52,1689,98,98
275,1885,2160,0.127315,0.91,1.610745e+02,2.771798e-03,0.0001,3.2942,0,7,171,1688,98,98
276,1884,2160,0.127778,0.911,1.732961e+02,2.728958e-03,0.0001,3.3001,0,1,184,1687,98,98
277,1883,2160,0.128241,0.911,1.717512e+02,2.777749e-03,0.0001,3.2929,0,7,42,1686,98,98
278,1882,2160,0.128704,0.91,1.842813e+02,2.762509e-03,0.0001,3.2841,0,9,89,1685,98,98
279,1881,2160,0.129167,0.908,1.877835e+02,2.802521e-03,0.0001,3.3028,0,3,42,1684,98,98
280,1880,2160,0.12963,0.909,1.919363e+02,2.881374e-03,0.0001,3.2976,0,3,123,1683,98,98
281,1879,2160,0.130093,0.908,1.960416e+02,2.811102e-03,0.0001,3.2946,0,1,103,1682,98,98
282,1878,2160,0.130556,0.907,1.929111e+02,2.797141e-03,0.0001,3.2891,0,2,137,1681,98,98
283,1877,2160,0.131019,0.907,1.903981e+02,2.799702e-03,0.0001,3.3002,0,0,83,1680,98,98
284,1876,2160,0.131481,0.908,1.920893e+02,2.793220e-03,0.0001,3.2903,0,8,172,1679,98,98
285,1875,2160,0.131944,0.908,1.907801e+02,2.822978e-03,0.0001,3.3035,0,7,10,1678,98,98
286,1874,2160,0.132407,0.907,2.065740e+02,2.828103e-03,0.0001,3.2976,0,2,28,1677,98,98
287,1873,2160,0.13287,0.907,2.045123e+02,2.943355e-03,0.0001,3.2913,0,6,85,1676,98,98
288,1872,2160,0.133333,0.907,2.132164e+02,2.923778e-03,0.0001,3.3008,0,3,115,1675,98,98
289,1871,2160,0.133796,0.908,2.190673e+02,2.991334e-03,0.0001,3.3103,0,6,52,1674,98,98
290,1870,2160,0.134259,0.908,2.257229e+02,2.911179e-03,0.0001,3.2964,0,8,109,1673,98,98
291,1869,2160,0.134722,0.908,2.205785e+02,2.882912e-03,0.0001,3.3023,0,2,4,1672,98,98
292,1868,2160,0.135185,0.908,2.177110e+02,2.899763e-03,0.0001,3.3149,0,8,47,1671,98,98
293,1867,2160,0.135648,0.908,2.158274e+02,2.903357e-03,0.0001,3.3041,0,0,97,1670,98,98
294,1866,2160,0.136111,0.908,2.181446e+02,2.948746e-03,0.0002,3.2939,0,4,5,1669,98,98
295,1865,2160,0.136574,0.908,2.274914e+02,2.938109e-03,0.0001,3.3016,0,8,128,1668,98,98
296,1864,2160,0.137037,0.908,2.248307e+02,2.962480e-03,0.0001,3.3136,0,1,183,1667,98,98
297,1863,2160,0.1375,0.908,2.242132e+02,3.016539e-03,0.0001,3.3079,0,4,157,1666,98,98
298,1862,2160,0.137963,0.908,2.337889e+02,3.106870e-03,0.0001,3.2937,0,3,185,1665,98,98
299,1861,2160,0.138426,0.908,2.390470e+02,3.074802e-03,0.0001,3.3071,0,2,146,1664,98,98
300,1860,2160,0.138889,0.908,2.347144e+02,3.060882e-03,0.0001,3.3073,0,1,66,1663,98,98
301,1859,2160,0.139352,0.908,2.337381e+02,3.065147e-03,0.0001,3.3116,0,8,52,1662,98,98
302,1858,2160,0.139815,0.908,2.323400e+02,3.172612e-03,0.0001,3.284,0,3,3,1661,98,98
303,1857,2160,0.140278,0.907,2.396149e+02,3.092383e-03,0.0001,3.3046,0,9,5,1660,98,98
304,1856,2160,0.140741,0.907,2.418904e+02,3.098707e-03,0.0001,3.2552,0,2,156,1659,98,98
305,1855,2160,0.141204,0.907,2.393101e+02,3.117908e-03,0.0001,3.2761,0,8,194,1658,98,98
306,1854,2160,0.141667,0.907,2.374199e+02,3.180687e-03,0.0001,3.294,0,6,3,1657,98,98
307,1853,2160,0.14213,0.906,2.480751e+02,3.129986e-03,0.0001,3.2893,0,8,10,1656,98,98
308,1852,2160,0.142593,0.906,2.438396e+02,3.235379e-03,0.0001,3.2996,0,7,119,1655,98,98
309,1851,2160,0.143056,0.906,2.582014e+02,3.204966e-03,0.0001,3.3027,0,9,0,1654,98,98
310,1850,2160,0.143519,0.906,2.623560e+02,3.228722e-03,0.0001,3.2898,0,7,183,1653,98,98
311,1849,2160,0.143981,0.906,2.781799e+02,3.232554e-03,0.0001,3.31,0,4,96,1652,98,98
312,1848,2160,0.144444,0.907,2.869842e+02,3.186347e-03,0.0001,3.281,0,8,40,1651,98,98
313,1847,2160,0.144907,0.907,2.824267e+02,3.173517e-03,0.0001,3.304,0,0,85,1650,98,98
314,1846,2160,0.14537,0.906,2.830633e+02,3.286427e-03,0.0001,3.3034,0,6,83,1649,98,98
315,1845,2160,0.145833,0.907,2.930198e+02,3.215792e-03,0.0001,3.2927,0,8,133,1648,98,98
316,1844,2160,0.146296,0.907,2.871329e+02,3.220648e-03,0.0001,3.3086,0,5,175,1647,98,98
317,1843,2160,0.146759,0.907,2.837421e+02,3.318314e-03,0.0001,3.3063,0,3,154,1646,98,98
318,1842,2160,0.147222,0.908,2.909056e+02,3.357103e-03,0.0001,3.2965,0,6,59,1645,98,98
319,1841,2160,0.147685,0.908,2.990059e+02,3.354840e-03,0.0001,3.2989,0,3,194,1644,98,98
320,1840,2160,0.148148,0.908,3.041241e+02,3.323742e-03,0.0001,3.2861,0,3,52,1643,98,98
321,1839,2160,0.148611,0.907,3.107161e+02,3.394189e-03,0.0001,3.3004,0,6,106,1642,98,98
322,1838,2160,0.149074,0.907,3.171017e+02,3.136497e-03,0.0001,3.3048,0,6,194,1641,98,98
323,1837,2160,0.149537,0.907,3.209873e+02,3.283971e-03,0.0001,3.308,0,7,7,1640,98,98
324,1836,2160,0.15,0.907,3.389261e+02,3.255969e-03,0.0001,3.313,0,8,25,1639,98,98
325,1835,2160,0.150463,0.908,3.346180e+02,3.248684e-03,0.0001,3.2966,0,2,123,1638,98,98
326,1834,2160,0.150926,0.908,3.314490e+02,3.243184e-03,0.0001,3.3093,0,5,187,1637,98,98
327,1833,2160,0.151389,0.908,3.290506e+02,3.217135e-03,0.0001,3.3089,0,5,167,1636,98,98
328,1832,2160,0.151852,0.908,3.268784e+02,3.260386e-03,0.0001,3.294,0,1,9,1635,98,98
329,1831,2160,0.152315,0.908,3.268043e+02,3.301976e-03,0.0001,3.2868,0,4,0,1634,98,98
330,1830,2160,0.152778,0.908,3.397699e+02,3.308216e-03,0.0001,3.2946,0,9,141,1633,98,98
331,1829,2160,0.153241,0.907,3.462618e+02,3.296612e-03,0.0001,3.2941,0,0,170,1632,98,98
332,1828,2160,0.153704,0.907,3.476602e+02,3.288816e-03,0.0001,3.2982,0,2,11,1631,98,98
333,1827,2160,0.154167,0.907,3.452942e+02,3.291258e-03,0.0001,3.3057,1,6,5,1631,97,98
334,1826,2160,0.15463,0.907,3.432903e+02,3.402684e-03,0.0001,3.2942,0,3,9,1630,97,98
335,1825,2160,0.155093,0.908,3.516905e+02,3.386741e-03,0.0001,3.3014,0,3,5,1629,97,98
336,1824,2160,0.155556,0.907,3.571717e+02,3.345364e-03,0.0001,3.305,0,8,112,1628,97,98
337,1823,2160,0.156019,0.907,3.512967e+02,3.333919e-03,0.0001,3.2831,0,0,60,1627,97,98
338,1822,2160,0.156481,0.907,3.522490e+02,3.324566e-03,0.0001,3.3009,0,5,62,1626,97,98
339,1821,2160,0.156944,0.907,3.499057e+02,3.351623e-03,0.0001,3.291,0,9,9,1625,97,98
340,1820,2160,0.157407,0.907,3.524864e+02,3.357532e-03,0.0001,3.3076,0,5,137,1624,97,98
341,1819,2160,0.15787,0.907,3.499616e+02,3.362444e-03,0.0001,3.3074,0,2,13,1623,97,98
342,1818,2160,0.158333,0.907,3.482034e+02,3.374776e-03,0.0001,3.3013,0,2,61,1622,97,98
343,1817,2160,0.158796,0.907,3.468733e+02,3.413340e-03,0.0001,3.2944,0,0,6,1621,97,98
344,1816,2160,0.159259,0.908,3.510691e+02,3.410920e-03,0.0001,3.2918,0,2,149,1620,97,98
345,1815,2160,0.159722,0.908,3.500410e+02,3.460497e-03,0.0001,3.309,0,9,167,1619,97,98
346,1814,2160,0.160185,0.909,3.595411e+02,3.457645e-03,0.0001,3.2904,0,2,23,1618,97,98
347,1813,2160,0.160648,0.909,3.578272e+02,3.459615e-03,0.0001,3.3078,0,0,27,1617,97,98
348,1812,2160,0.161111,0.909,3.615132e+02,3.484380e-03,0.0001,3.2924,1,2,1,1617,96,98
349,1811,2160,0.161574,0.908,3.604707e+02,3.642471e-03,0.0001,3.3097,0,6,186,1616,96,98
350,1810,2160,0.162037,0.908,3.749769e+02,3.573613e-03,0.0001,3.3067,0,4,123,1615,96,98
351,1809,2160,0.1625,0.908,3.902669e+02,3.556670e-03,0.0001,3.3049,0,2,21,1614,96,98
352,1808,2160,0.162963,0.908,3.871144e+02,3.544250e-03,0.0001,3.3052,0,2,74,1613,96,98
353,1807,2160,0.163426,0.909,3.852049e+02,3.530171e-03,0.0001,3.2893,0,4,167,1612,96,98
354,1806,2160,0.163889,0.909,4.018004e+02,3.599803e-03,0.0001,3.298,0,9,54,1611,96,98
355,1805,2160,0.164352,0.908,4.104173e+02,3.648974e-03,0.0001,3.3076,0,7,99,1610,96,98
356,1804,2160,0.164815,0.907,4.325597e+02,3.592636e-03,0.0001,3.2889,0,8,46,1609,96,98
357,1803,2160,0.165278,0.907,4.284887e+02,3.589094e-03,0.0001,3.2847,0,2,75,1608,96,98
358,1802,2160,0.165741,0.907,4.260142e+02,3.594036e-03,0.0001,3.3071,0,5,80,1607,96,98
359,1801,2160,0.166204,0.907,4.243958e+02,3.595387e-03,0.0001,3.3048,0,5,46,1606,96,98
360,1800,2160,0.166667,0.907,4.230816e+02,3.596141e-03,0.0001,3.306,0,8,43,1605,96,98
361,1799,2160,0.16713,0.907,4.219792e+02,3.711133e-03,0.0001,3.2975,0,6,6,1604,96,98
362,1798,2160,0.167593,0.908,4.388448e+02,3.749342e-03,0.0001,3.2995,0,4,143,1603,96,98
363,1797,2160,0.168056,0.908,4.495800e+02,3.690087e-03,0.0001,3.2898,0,8,143,1602,96,98
364,1796,2160,0.168519,0.908,4.443955e+02,3.690632e-03,0.0001,3.3043,0,0,9,1601,96,98
365,1795,2160,0.168981,0.908,4.463977e+02,3.823639e-03,0.0001,3.3006,0,6,16,1600,96,98
366,1794,2160,0.169444,0.908,4.608178e+02,3.722802e-03,0.0001,3.2953,0,0,54,1599,96,98
367,1793,2160,0.169907,0.908,4.594229e+02,3.692812e-03,0.0001,3.298,0,8,81,1598,96,98
368,1792,2160,0.17037,0.908,4.555742e+02,3.697674e-03,0.0001,3.2966,0,8,113,1597,96,98
369,1791,2160,0.170833,0.908,4.531161e+02,3.736631e-03,0.0001,3.296,0,0,98,1596,96,98
370,1790,2160,0.171296,0.908,4.568087e+02,3.869547e-03,0.0001,3.285,0,3,109,1595,96,98
371,1789,2160,0.171759,0.908,4.680761e+02,3.784267e-03,0.0001,3.2936,0,5,70,1594,96,98
372,1788,2160,0.172222,0.909,4.628881e+02,3.755727e-03,0.0001,3.2942,0,8,181,1593,96,98
373,1787,2160,0.172685,0.909,4.600663e+02,3.802351e-03,0.0001,3.2991,0,0,184,1592,96,98
374,1786,2160,0.173148,0.909,4.642986e+02,3.792937e-03,0.0001,3.3025,0,5,112,1591,96,98
375,1785,2160,0.173611,0.909,4.626003e+02,3.847634e-03,0.0001,3.2978,0,4,1,1590,96,98
376,1784,2160,0.174074,0.908,4.817297e+02,3.821896e-03,0.0001,3.3125,0,5,10,1589,96,98
377,1783,2160,0.174537,0.909,4.789736e+02,3.801404e-03,0.0001,3.3134,0,5,28,1588,96,98
378,1782,2160,0.175,0.909,4.768525e+02,3.830575e-03,0.0001,3.315,0,5,156,1587,96,98
379,1781,2160,0.175463,0.909,4.752657e+02,3.832277e-03,0.0001,3.3084,0,2,125,1586,96,98
380,1780,2160,0.175926,0.909,4.739509e+02,3.868400e-03,0.0001,3.2964,0,9,17,1585,96,98
381,1779,2160,0.176389,0.908,4.860734e+02,3.861715e-03,0.0001,3.2996,0,8,51,1584,96,98
382,1778,2160,0.176852,0.908,4.838075e+02,3.861562e-03,0.0001,3.2885,0,5,86,1583,96,98
383,1777,2160,0.177315,0.908,4.823152e+02,3.909814e-03,0.0001,3.302,0,4,183,1582,96,98
384,1776,2160,0.177778,0.908,5.025203e+02,3.944710e-03,0.0001,3.2951,0,4,179,1581,96,98
385,1775,2160,0.178241,0.908,5.198079e+02,3.899515e-03,0.0001,3.3022,0,8,99,1580,96,98
386,1774,2160,0.178704,0.908,5.139681e+02,3.889791e-03,0.0001,3.2984,0,5,64,1579,96,98
387,1773,2160,0.179167,0.908,5.117708e+02,3.882810e-03,0.0001,3.3048,0,2,187,1578,96,98
388,1772,2160,0.17963,0.908,5.097409e+02,3.889170e-03,0.0001,3.2976,0,8,186,1577,96,98
389,1771,2160,0.180093,0.908,5.076208e+02,3.955617e-03,0.0001,3.2904,0,9,28,1576,96,98
390,1770,2160,0.180556,0.907,5.191276e+02,3.937754e-03,0.0001,3.3083,0,8,116,1575,96,98
391,1769,2160,0.181019,0.907,5.165968e+02,4.039587e-03,0.0001,3.3028,0,3,183,1574,96,98
392,1768,2160,0.181481,0.908,5.274653e+02,4.000701e-03,0.0001,3.2951,0,1,71,1573,96,98
393,1767,2160,0.181944,0.907,5.237131e+02,3.975758e-03,0.0001,3.2931,0,1,15,1572,96,98
394,1766,2160,0.182407,0.907,5.224137e+02,3.998426e-03,0.0001,3.2865,0,9,132,1571,96,98
395,1765,2160,0.18287,0.907,5.330552e+02,4.024508e-03,0.0001,3.2872,0,0,28,1570,96,98
396,1764,2160,0.183333,0.907,5.365101e+02,4.013275e-03,0.0001,3.3064,0,8,121,1569,96,98
397,1763,2160,0.183796,0.907,5.342101e+02,4.016367e-03,0.0001,3.3064,0,2,87,1568,96,98
398,1762,2160,0.184259,0.907,5.323832e+02,4.203664e-03,0.0001,3.3064,0,6,159,1567,96,98
399,1761,2160,0.184722,0.907,5.518783e+02,4.123501e-03,0.0001,3.3045,0,8,58,1566,96,98
400,1760,2160,0.185185,0.907,5.453513e+02,4.168641e-03,0.0001,3.302,0,4,84,1565,96,98
401,1759,2160,0.185648,0.907,5.631293e+02,4.122583e-03,0.0001,3.3088,0,0,55,1564,96,98
402,1758,2160,0.186111,0.907,5.648423e+02,4.145054e-03,0.0001,3.3078,0,1,31,1563,96,98
403,1757,2160,0.186574,0.907,5.635152e+02,4.264478e-03,0.0001,3.3008,0,3,11,1562,96,98
404,1756,2160,0.187037,0.907,5.785639e+02,4.182752e-03,0.0001,3.3143,0,2,60,1561,96,98
405,1755,2160,0.1875,0.907,5.719258e+02,4.151258e-03,0.0001,3.3014,0,8,18,1560,96,98
406,1754,2160,0.187963,0.907,5.679010e+02,4.203497e-03,0.0001,3.3144,0,3,159,1559,96,98
407,1753,2160,0.188426,0.907,5.814624e+02,4.270901e-03,0.0001,3.3019,0,4,119,1558,96,98
408,1752,2160,0.188889,0.905,5.946188e+02,4.174235e-03,0.0001,3.2945,0,8,24,1557,96,98
409,1751,2160,0.189352,0.905,5.862044e+02,4.319228e-03,0.0001,3.2946,0,3,41,1556,96,98
410,1750,2160,0.189815,0.905,5.967402e+02,4.218249e-03,0.0001,3.2857,0,5,3,1555,96,98
411,1749,2160,0.190278,0.905,5.883088e+02,4.199434e-03,0.0001,3.2811,0,0,192,1554,96,98
412,1748,2160,0.190741,0.905,5.905033e+02,4.233062e-03,0.0001,3.3004,0,6,47,1553,96,98
413,1747,2160,0.191204,0.905,6.195634e+02,4.392727e-03,0.0001,3.316,0,6,64,1552,96,98
414,1746,2160,0.191667,0.905,6.338155e+02,4.359649e-03,0.0001,3.2942,0,4,142,1551,96,98
415,1745,2160,0.19213,0.905,6.461673e+02,4.334743e-03,0.0001,3.2793,0,3,10,1550,96,98
416,1744,2160,0.192593,0.905,6.643597e+02,4.262267e-03,0.0001,3.3025,0,8,32,1549,96,98
417,1743,2160,0.193056,0.905,6.544108e+02,4.272411e-03,0.0001,3.286,0,0,126,1548,96,98
418,1742,2160,0.193519,0.905,6.557812e+02,4.401771e-03,0.0001,3.3003,0,3,34,1547,96,98
419,1741,2160,0.193981,0.906,6.658026e+02,4.318345e-03,0.0001,3.2953,0,0,37,1546,96,98
420,1740,2160,0.194444,0.906,6.646223e+02,4.459540e-03,0.0001,3.3005,0,6,158,1545,96,98
421,1739,2160,0.194907,0.906,6.820055e+02,4.348902e-03,0.0001,3.3136,0,1,123,1544,96,98
422,1738,2160,0.19537,0.907,6.747042e+02,4.462518e-03,0.0001,3.2973,0,3,108,1543,96,98
423,1737,2160,0.195833,0.907,6.842604e+02,4.310442e-03,0.0001,3.3024,0,3,158,1542,96,98
424,1736,2160,0.196296,0.907,6.833257e+02,4.366739e-03,0.0001,3.2867,0,5,142,1541,96,98
425,1735,2160,0.196759,0.907,6.743163e+02,4.371678e-03,0.0001,3.2984,0,1,76,1540,96,98
426,1734,2160,0.197222,0.906,6.715365e+02,4.362347e-03,0.0001,3.3037,0,5,61,1539,96,98
427,1733,2160,0.197685,0.906,6.671165e+02,4.351478e-03,0.0001,3.2932,2,0,6,1539,96,97
428,1732,2160,0.198148,0.906,6.655612e+02,4.475207e-03,0.0001,3.3087,1,3,0,1539,95,97
429,1731,2160,0.198611,0.908,6.716990e+02,4.423663e-03,0.0001,3.3103,0,0,182,1538,95,97
430,1730,2160,0.199074,0.908,6.733426e+02,4.432101e-03,0.0001,3.2905,0,8,140,1537,95,97
431,1729,2160,0.199537,0.908,6.685395e+02,4.576155e-03,0.0001,3.297,2,5,2,1537,95,96
432,1728,2160,0.2,0.908,6.659927e+02,4.473227e-03,0.0001,3.3046,0,2,70,1536,95,96
433,1727,2160,0.200463,0.908,6.616616e+02,4.609937e-03,0.0001,3.2908,0,6,4,1535,95,96
434,1726,2160,0.200926,0.908,6.878485e+02,4.518866e-03,0.0001,3.298,0,2,66,1534,95,96
435,1725,2160,0.201389,0.908,6.788622e+02,4.235135e-03,0.0001,3.31,0,3,4,1533,95,96
436,1724,2160,0.201852,0.908,6.755550e+02,4.524708e-03,0.0001,3.2859,0,9,120,1532,95,96
437,1723,2160,0.202315,0.907,6.867117e+02,4.510119e-03,0.0001,3.3073,0,2,119,1531,95,96
438,1722,2160,0.202778,0.907,6.806223e+02,4.512351e-03,0.0001,3.2916,0,0,43,1530,95,96
439,1721,2160,0.203241,0.907,6.847505e+02,4.505278e-03,0.0001,3.3,0,2,98,1529,95,96
440,1720,2160,0.203704,0.907,6.809625e+02,4.587092e-03,0.0001,3.3116,0,7,69,1528,95,96
441,1719,2160,0.204167,0.907,7.173989e+02,4.537475e-03,0.0001,3.2903,0,2,36,1527,95,96
442,1718,2160,0.20463,0.907,7.114448e+02,4.518365e-03,0.0001,3.2999,0,8,34,1526,95,96
443,1717,2160,0.205093,0.907,7.068944e+02,4.515475e-03,0.0001,3.3062,0,8,73,1525,95,96
444,1716,2160,0.205556,0.907,7.031446e+02,4.516498e-03,0.0001,3.3094,0,8,104,1524,95,96
445,1715,2160,0.206019,0.907,7.002111e+02,4.593462e-03,0.0001,3.3047,0,7,22,1523,95,96
446,1714,2160,0.206481,0.907,7.382674e+02,4.555451e-03,0.0001,3.3152,0,8,108,1522,95,96
447,1713,2160,0.206944,0.907,7.321729e+02,4.535758e-03,0.0001,3.2961,0,8,151,1521,95,96
448,1712,2160,0.207407,0.907,7.273370e+02,4.650522e-03,0.0001,3.3044,0,7,181,1520,95,96
449,1711,2160,0.20787,0.907,7.643984e+02,4.595899e-03,0.0001,3.3168,0,8,49,1519,95,96
450,1710,2160,0.208333,0.907,7.576875e+02,4.786305e-03,0.0001,3.3094,0,6,162,1518,95,96
451,1709,2160,0.208796,0.906,7.793083e+02,4.828911e-03,0.0001,3.2956,0,3,73,1517,95,96
452,1708,2160,0.209259,0.906,7.892409e+02,4.874499e-03,0.0001,3.3115,0,6,94,1516,95,96
453,1707,2160,0.209722,0.906,8.009592e+02,4.730877e-03,0.0001,3.3087,0,4,139,1515,95,96
454,1706,2160,0.210185,0.906,8.207300e+02,4.677631e-03,0.0001,3.2863,0,1,19,1514,95,96
455,1705,2160,0.210648,0.906,8.147490e+02,4.687749e-03,0.0001,3.3052,0,9,153,1513,95,96
456,1704,2160,0.211111,0.906,8.277746e+02,4.661130e-03,0.0001,3.2975,2,2,5,1513,95,95
457,1703,2160,0.211574,0.906,8.216550e+02,4.632155e-03,0.0001,3.3074,1,9,2,1513,94,95
458,1702,2160,0.212037,0.906,8.157031e+02,4.617004e-03,0.0001,3.2981,0,8,131,1512,94,95
459,1701,2160,0.2125,0.906,8.111296e+02,4.657347e-03,0.0001,3.3051,0,8,55,1511,94,95
460,1700,2160,0.212963,0.906,8.075049e+02,4.779969e-03,0.0001,3.2934,0,4,164,1510,94,95
461,1699,2160,0.213426,0.906,8.308576e+02,4.749583e-03,0.0001,3.3049,0,2,193,1509,94,95
462,1698,2160,0.213889,0.906,8.238134e+02,4.798219e-03,0.0001,3.3014,0,4,144,1508,94,95
463,1697,2160,0.214352,0.907,8.434674e+02,4.967356e-03,0.0001,3.301,0,6,170,1507,94,95
464,1696,2160,0.214815,0.908,8.627245e+02,4.923725e-03,0.0001,3.2847,0,7,102,1506,94,95
465,1695,2160,0.215278,0.907,8.894040e+02,5.011523e-03,0.0001,3.3119,0,6,56,1505,94,95
466,1694,2160,0.215741,0.907,9.049235e+02,5.045381e-03,0.0001,3.3071,0,3,100,1504,94,95
467,1693,2160,0.216204,0.907,9.077094e+02,4.874315e-03,0.0001,3.3061,0,5,165,1503,94,95
468,1692,2160,0.216667,0.907,8.912888e+02,4.821473e-03,0.0001,3.3009,0,1,67,1502,94,95
469,1691,2160,0.21713,0.907,8.839628e+02,4.963608e-03,0.0001,3.293,0,3,61,1501,94,95
470,1690,2160,0.217593,0.908,8.972369e+02,4.856818e-03,0.0001,3.2892,0,8,8,1500,94,95
471,1689,2160,0.218056,0.907,8.856146e+02,4.825645e-03,0.0001,3.3098,0,2,94,1499,94,95
472,1688,2160,0.218519,0.907,8.775016e+02,4.856061e-03,0.0001,3.2917,0,9,186,1498,94,95
473,1687,2160,0.218981,0.907,8.914692e+02,4.993862e-03,0.0001,3.3102,0,3,192,1497,94,95
474,1686,2160,0.219444,0.907,9.054475e+02,4.856405e-03,0.0001,3.3135,0,8,174,1496,94,95
475,1685,2160,0.219907,0.907,8.936296e+02,4.936202e-03,0.0001,3.3,0,4,166,1495,94,95
476,1684,2160,0.22037,0.908,9.161830e+02,4.902064e-03,0.0001,3.2982,0,5,169,1494,94,95
477,1683,2160,0.220833,0.908,9.071978e+02,4.880264e-03,0.0001,3.3005,0,0,157,1493,94,95
478,1682,2160,0.221296,0.907,9.101674e+02,4.866633e-03,0.0001,3.3024,0,0,4,1492,94,95
479,1681,2160,0.221759,0.908,9.145103e+02,4.848938e-03,0.0001,3.2909,1,2,8,1492,93,95
480,1680,2160,0.222222,0.908,9.093094e+02,4.920976e-03,0.0001,3.2859,0,4,128,1491,93,95
481,1679,2160,0.222685,0.908,9.313654e+02,4.962860e-03,0.0001,3.3039,0,4,71,1490,93,95
482,1678,2160,0.223148,0.908,9.515294e+02,4.964264e-03,0.0001,3.3072,0,4,111,1489,93,95
483,1677,2160,0.223611,0.908,9.737181e+02,4.783195e-03,0.0001,3.3045,0,3,111,1488,93,95
484,1676,2160,0.224074,0.909,9.669181e+02,4.916692e-03,0.0001,3.3019,0,1,56,1487,93,95
485,1675,2160,0.224537,0.907,9.585288e+02,4.911218e-03,0.0001,3.3,0,1,30,1486,93,95
486,1674,2160,0.225,0.908,9.556245e+02,4.905683e-03,0.0001,3.2939,0,8,156,1485,93,95
487,1673,2160,0.225463,0.908,9.497531e+02,4.897810e-03,0.0001,3.3009,0,1,181,1484,93,95
488,1672,2160,0.225926,0.908,9.465243e+02,4.901684e-03,0.0001,3.297,0,0,169,1483,93,95
489,1671,2160,0.226389,0.907,9.517044e+02,4.947658e-03,0.0001,3.2969,0,7,85,1482,93,95
490,1670,2160,0.226852,0.907,1.000491e+03,5.004940e-03,0.0001,3.297,0,7,29,1481,93,95
491,1669,2160,0.227315,0.907,1.040068e+03,5.096546e-03,0.0001,3.2997,2,8,7,1481,93,94
492,1668,2160,0.227778,0.908,1.044136e+03,4.976028e-03,0.0001,3.2953,0,1,179,1480,93,94
493,1667,2160,0.228241,0.908,1.036219e+03,4.934610e-03,0.0001,3.3032,0,8,11,1479,93,94
494,1666,2160,0.228704,0.908,1.028372e+03,4.953518e-03,0.0001,3.3051,0,5,161,1478,93,94
495,1665,2160,0.229167,0.908,1.022373e+03,5.033708e-03,0.0001,3.3097,0,7,84,1477,93,94
496,1664,2160,0.22963,0.908,1.063600e+03,5.048894e-03,0.0001,3.3099,0,7,64,1476,93,94
497,1663,2160,0.230093,0.908,1.105682e+03,5.006451e-03,0.0001,3.2977,0,1,157,1475,93,94
498,1662,2160,0.230556,0.908,1.097431e+03,4.961594e-03,0.0001,3.2908,0,8,136,1474,93,94
499,1661,2160,0.231019,0.908,1.088575e+03,4.969622e-03,0.0001,3.3144,0,0,194,1473,93,94
500,1660,2160,0.231481,0.908,1.091929e+03,4.979515e-03,0.0001,3.2818,0,5,113,1472,93,94
501,1659,2160,0.231944,0.908,1.085877e+03,4.977561e-03,0.0001,3.2749,0,8,60,1471,93,94
502,1658,2160,0.232407,0.908,1.079780e+03,4.985286e-03,0.0001,3.278,0,2,35,1470,93,94
503,1657,2160,0.23287,0.908,1.074213e+03,5.134578e-03,0.0001,3.3119,0,3,140,1469,93,94
504,1656,2160,0.233333,0.907,1.095381e+03,5.069149e-03,0.0001,3.2705,0,8,175,1468,93,94
505,1655,2160,0.233796,0.908,1.084681e+03,5.055817e-03,0.0001,3.2997,0,8,97,1467,93,94
506,1654,2160,0.234259,0.908,1.077114e+03,5.119873e-03,0.0001,3.313,0,9,101,1466,93,94
507,1653,2160,0.234722,0.908,1.092687e+03,5.107112e-03,0.0001,3.3052,0,9,172,1465,93,94
508,1652,2160,0.235185,0.908,1.104335e+03,5.066969e-03,0.0001,3.3016,0,8,184,1464,93,94
509,1651,2160,0.235648,0.908,1.094378e+03,5.068702e-03,0.0001,3.306,0,1,28,1463,93,94
510,1650,2160,0.236111,0.91,1.090206e+03,5.060613e-03,0.0001,3.2891,0,5,188,1462,93,94
511,1649,2160,0.236574,0.91,1.083957e+03,5.067827e-03,0.0001,3.309,0,2,194,1461,93,94
512,1648,2160,0.237037,0.91,1.077636e+03,5.088454e-03,0.0001,3.2973,0,0,7,1460,93,94
513,1647,2160,0.2375,0.909,1.083328e+03,5.103865e-03,0.0001,3.3011,0,5,32,1459,93,94
514,1646,2160,0.237963,0.909,1.079013e+03,5.223651e-03,0.0001,3.312,0,4,28,1458,93,94
515,1645,2160,0.238426,0.908,1.113215e+03,5.367599e-03,0.0001,3.2997,0,3,69,1457,93,94
516,1644,2160,0.238889,0.909,1.132045e+03,5.152570e-03,0.0001,3.2911,0,8,29,1456,93,94
517,1643,2160,0.239352,0.909,1.111429e+03,5.363203e-03,0.0001,3.2947,0,3,25,1455,93,94
518,1642,2160,0.239815,0.909,1.129782e+03,5.303428e-03,0.0001,3.3119,0,9,181,1454,93,94
519,1641,2160,0.240278,0.909,1.137789e+03,5.232478e-03,0.0001,3.3079,0,8,26,1453,93,94
520,1640,2160,0.240741,0.909,1.126213e+03,5.319917e-03,0.0001,3.3124,0,7,121,1452,93,94
521,1639,2160,0.241204,0.909,1.175151e+03,5.283964e-03,0.0001,3.2999,0,2,168,1451,93,94
522,1638,2160,0.241667,0.909,1.163861e+03,5.132253e-03,0.0001,3.2957,0,6,25,1450,93,94
523,1637,2160,0.24213,0.909,1.196067e+03,5.273769e-03,0.0001,3.2995,0,5,123,1449,93,94
524,1636,2160,0.242593,0.909,1.186216e+03,5.381378e-03,0.0001,3.2966,0,7,72,1448,93,94
525,1635,2160,0.243056,0.909,1.228247e+03,5.293683e-03,0.0001,3.2935,0,8,1,1447,93,94
526,1634,2160,0.243519,0.909,1.216709e+03,5.383577e-03,0.0001,3.2931,0,4,117,1446,93,94
527,1633,2160,0.243981,0.909,1.237694e+03,5.300808e-03,0.0001,3.2969,0,2,106,1445,93,94
528,1632,2160,0.244444,0.909,1.223830e+03,5.508776e-03,0.0001,3.3044,0,3,168,1444,93,94
529,1631,2160,0.244907,0.91,1.239363e+03,5.370790e-03,0.0001,3.3097,0,0,57,1443,93,94
530,1630,2160,0.24537,0.91,1.235385e+03,5.324203e-03,0.0001,3.3012,0,2,114,1442,93,94
531,1629,2160,0.245833,0.91,1.224521e+03,5.347904e-03,0.0001,3.304,0,9,157,1441,93,94
532,1628,2160,0.246296,0.91,1.244374e+03,5.574890e-03,0.0001,3.3083,0,3,79,1440,93,94
533,1627,2160,0.246759,0.909,1.260563e+03,5.408998e-03,0.0001,3.3083,0,0,25,1439,93,94
534,1626,2160,0.247222,0.911,1.255365e+03,5.381762e-03,0.0001,3.3145,0,1,182,1438,93,94
535,1625,2160,0.247685,0.909,1.248608e+03,5.364131e-03,0.0001,3.3167,0,5,129,1437,93,94
536,1624,2160,0.248148,0.909,1.240990e+03,5.400605e-03,0.0001,3.3037,0,2,135,1436,93,94
537,1623,2160,0.248611,0.909,1.233939e+03,5.341474e-03,0.0001,3.3055,0,0,168,1435,93,94
538,1622,2160,0.249074,0.909,1.236274e+03,5.507073e-03,0.0001,3.3038,0,7,27,1434,93,94
539,1621,2160,0.249537,0.908,1.286190e+03,5.467342e-03,0.0001,3.3041,0,5,182,1433,93,94
540,1620,2160,0.25,0.908,1.276418e+03,5.358809e-03,0.0001,3.308,0,8,191,1432,93,94
541,1619,2160,0.250463,0.908,1.263831e+03,5.475191e-03,0.0001,3.3054,0,9,57,1431,93,94
542,1618,2160,0.250926,0.91,1.283861e+03,5.476252e-03,0.0001,3.3069,1,5,8,1431,92,94
543,1617,2160,0.251389,0.91,1.272733e+03,5.489279e-03,0.0001,3.297,0,4,57,1430,92,94
544,1616,2160,0.251852,0.909,1.285237e+03,5.600355e-03,0.0001,3.2979,0,7,193,1429,92,94
545,1615,2160,0.252315,0.908,1.336355e+03,5.601445e-03,0.0001,3.3,0,5,141,1428,92,94
546,1614,2160,0.252778,0.908,1.326065e+03,5.704070e-03,0.0001,3.3035,0,7,156,1427,92,94
547,1613,2160,0.253241,0.909,1.376549e+03,5.641350e-03,0.0001,3.2981,0,8,41,1426,92,94
548,1612,2160,0.253704,0.909,1.365645e+03,5.624899e-03,0.0001,3.3031,0,5,193,1425,92,94
549,1611,2160,0.254167,0.909,1.356860e+03,5.815238e-03,0.0001,3.3087,0,3,60,1424,92,94
550,1610,2160,0.25463,0.909,1.377462e+03,5.881956e-03,0.0001,3.3056,0,3,80,1423,92,94
551,1609,2160,0.255093,0.91,1.390000e+03,5.690616e-03,0.0001,3.3021,0,8,195,1422,92,94
552,1608,2160,0.255556,0.91,1.371981e+03,5.713857e-03,0.0001,3.3039,0,7,184,1421,92,94
553,1607,2160,0.256019,0.91,1.430283e+03,5.716107e-03,0.0001,3.3098,0,9,113,1420,92,94
554,1606,2160,0.256481,0.91,1.449235e+03,5.809937e-03,0.0001,3.3148,0,4,76,1419,92,94
555,1605,2160,0.256944,0.911,1.473975e+03,5.740185e-03,0.0001,3.2984,0,5,42,1418,92,94
556,1604,2160,0.257407,0.911,1.457261e+03,5.675882e-03,0.0001,3.3027,0,5,8,1417,92,94
557,1603,2160,0.25787,0.911,1.445435e+03,5.894862e-03,0.0001,3.3064,0,6,44,1416,92,94
558,1602,2160,0.258333,0.912,1.481593e+03,5.767160e-03,0.0001,3.2976,0,2,118,1415,92,94
559,1601,2160,0.258796,0.912,1.461914e+03,5.756290e-03,0.0001,3.2824,0,2,53,1414,92,94
560,1600,2160,0.259259,0.91,1.448141e+03,5.836507e-03,0.0001,3.3028,0,9,163,1413,92,94
561,1599,2160,0.259722,0.911,1.467455e+03,6.001246e-03,0.0001,3.2978,0,3,101,1412,92,94
562,1598,2160,0.260185,0.911,1.482276e+03,5.944196e-03,0.0001,3.2967,0,7,185,1411,92,94
563,1597,2160,0.260648,0.91,1.532252e+03,5.847921e-03,0.0001,3.3098,0,1,26,1410,92,94
564,1596,2160,0.261111,0.909,1.520272e+03,5.794233e-03,0.0001,3.2899,0,2,102,1409,92,94
565,1595,2160,0.261574,0.909,1.508309e+03,5.873374e-03,0.0001,3.3073,0,7,169,1408,92,94
566,1594,2160,0.262037,0.909,1.572633e+03,5.877258e-03,0.0001,3.304,0,9,106,1407,92,94
567,1593,2160,0.2625,0.91,1.587951e+03,5.889228e-03,0.0001,3.3098,0,1,43,1406,92,94
568,1592,2160,0.262963,0.91,1.579011e+03,5.962787e-03,0.0001,3.2961,0,4,12,1405,92,94
569,1591,2160,0.263426,0.91,1.616448e+03,5.906161e-03,0.0001,3.3112,0,2,16,1404,92,94
570,1590,2160,0.263889,0.91,1.601649e+03,5.900834e-03,0.0001,3.3097,0,8,142,1403,92,94
571,1589,2160,0.264352,0.91,1.591389e+03,5.891717e-03,0.0001,3.2885,0,5,108,1402,92,94
572,1588,2160,0.264815,0.91,1.581905e+03,6.097667e-03,0.0001,3.2779,0,6,122,1401,92,94
573,1587,2160,0.265278,0.907,1.624389e+03,5.961384e-03,0.0001,3.3011,0,8,45,1400,92,94
574,1586,2160,0.265741,0.908,1.605263e+03,5.917722e-03,0.0001,3.3041,0,2,178,1399,92,94
575,1585,2160,0.266204,0.908,1.591727e+03,5.897736e-03,0.0001,3.3052,0,5,9,1398,92,94
576,1584,2160,0.266667,0.908,1.581727e+03,5.946338e-03,0.0001,3.293,0,9,87,1397,92,94
577,1583,2160,0.26713,0.909,1.598121e+03,6.008816e-03,0.0001,3.3016,0,3,180,1396,92,94
578,1582,2160,0.267593,0.909,1.632957e+03,5.916877e-03,0.0001,3.2852,1,1,2,1396,91,94
579,1581,2160,0.268056,0.909,1.615654e+03,5.890408e-03,0.0001,3.2986,0,9,12,1395,91,94
580,1580,2160,0.268519,0.91,1.631941e+03,5.880258e-03,0.0001,3.2978,0,2,12,1394,91,94
581,1579,2160,0.268981,0.91,1.621023e+03,5.879164e-03,0.0001,3.3067,0,8,127,1393,91,94
582,1578,2160,0.269444,0.91,1.612699e+03,5.877060e-03,0.0001,3.3098,0,1,156,1392,91,94
583,1577,2160,0.269907,0.909,1.608710e+03,5.857610e-03,0.0001,3.3064,0,5,76,1391,91,94
584,1576,2160,0.27037,0.909,1.601975e+03,5.913212e-03,0.0001,3.3092,0,6,42,1390,91,94
585,1575,2160,0.270833,0.909,1.666630e+03,5.893811e-03,0.0001,3.3055,0,1,153,1389,91,94
586,1574,2160,0.271296,0.909,1.662121e+03,6.019114e-03,0.0001,3.3092,0,3,55,1388,91,94
587,1573,2160,0.271759,0.91,1.703910e+03,6.157127e-03,0.0001,3.3025,0,3,70,1387,91,94
588,1572,2160,0.272222,0.909,1.723700e+03,5.977942e-03,0.0001,3.2953,0,1,193,1386,91,94
589,1571,2160,0.272685,0.909,1.704790e+03,5.969848e-03,0.0001,3.3016,0,1,21,1385,91,94
590,1570,2160,0.273148,0.909,1.698061e+03,5.972376e-03,0.0001,3.3109,0,4,154,1384,91,94
591,1569,2160,0.273611,0.909,1.747889e+03,6.056524e-03,0.0001,3.3046,0,4,116,1383,91,94
592,1568,2160,0.274074,0.908,1.781376e+03,6.015857e-03,0.0001,3.3171,0,0,111,1382,91,94
593,1567,2160,0.274537,0.908,1.781480e+03,6.198902e-03,0.0001,3.3169,0,3,14,1381,91,94
594,1566,2160,0.275,0.909,1.810888e+03,6.148113e-03,0.0001,3.3064,0,7,56,1380,91,94
595,1565,2160,0.275463,0.909,1.870025e+03,6.094665e-03,0.0001,3.3196,0,5,155,1379,91,94
596,1564,2160,0.275926,0.909,1.854359e+03,6.181283e-03,0.0001,3.309,0,7,111,1378,91,94
597,1563,2160,0.276389,0.909,1.910630e+03,6.124732e-03,0.0001,3.2946,0,5,38,1377,91,94
598,1562,2160,0.276852,0.909,1.893109e+03,6.086557e-03,0.0001,3.3031,0,5,40,1376,91,94
599,1561,2160,0.277315,0.909,1.880666e+03,6.079228e-03,0.0001,3.2976,0,8,96,1375,91,94
600,1560,2160,0.277778,0.909,1.871585e+03,6.234013e-03,0.0001,3.2997,0,6,79,1374,91,94
601,1559,2160,0.278241,0.909,1.924035e+03,6.127063e-03,0.0001,3.2988,0,8,123,1373,91,94
602,1558,2160,0.278704,0.909,1.908176e+03,6.096710e-03,0.0001,3.3005,0,2,128,1372,91,94
603,1557,2160,0.279167,0.909,1.895299e+03,6.281793e-03,0.0001,3.3133,0,7,91,1371,91,94
604,1556,2160,0.27963,0.91,1.938931e+03,6.152376e-03,0.0001,3.2991,0,8,141,1370,91,94
605,1555,2160,0.280093,0.91,1.920287e+03,6.147943e-03,0.0001,3.2803,0,5,97,1369,91,94
606,1554,2160,0.280556,0.91,1.906329e+03,6.179973e-03,0.0001,3.3094,0,6,5,1368,91,94
607,1553,2160,0.281019,0.91,1.979028e+03,6.381910e-03,0.0001,3.3119,0,3,86,1367,91,94
608,1552,2160,0.281481,0.91,1.997342e+03,6.264331e-03,0.0001,3.292,1,6,2,1367,90,94
609,1551,2160,0.281944,0.91,1.976502e+03,6.226062e-03,0.0001,3.2893,0,5,145,1366,90,94
610,1550,2160,0.282407,0.909,1.962666e+03,6.224043e-03,0.0001,3.2919,0,8,100,1365,90,94
611,1549,2160,0.28287,0.91,1.951872e+03,6.236306e-03,0.0001,3.3037,0,1,190,1364,90,94
612,1548,2160,0.283333,0.909,1.946537e+03,6.341536e-03,0.0001,3.3135,0,4,85,1363,90,94
613,1547,2160,0.283796,0.908,1.986882e+03,6.280315e-03,0.0001,3.3081,0,5,131,1362,90,94
614,1546,2160,0.284259,0.908,1.969311e+03,6.553029e-03,0.0001,3.3114,0,6,40,1361,90,94
615,1545,2160,0.284722,0.908,2.009194e+03,6.381063e-03,0.0001,3.2962,0,5,54,1360,90,94
616,1544,2160,0.285185,0.908,1.986585e+03,6.299082e-03,0.0001,3.3046,0,5,148,1359,90,94
617,1543,2160,0.285648,0.909,1.973030e+03,6.520470e-03,0.0001,3.2943,1,3,3,1359,89,94
618,1542,2160,0.286111,0.909,1.986015e+03,6.472477e-03,0.0001,3.2932,0,7,58,1358,89,94
619,1541,2160,0.286574,0.909,2.034155e+03,6.345296e-03,0.0001,3.3116,0,2,1,1357,89,94
620,1540,2160,0.287037,0.909,2.012358e+03,6.322400e-03,0.0001,3.3122,0,5,52,1356,89,94
621,1539,2160,0.2875,0.909,1.998683e+03,6.286262e-03,0.0001,3.3203,0,8,154,1355,89,94
622,1538,2160,0.287963,0.909,1.986831e+03,6.266643e-03,0.0001,3.3045,0,5,107,1354,89,94
623,1537,2160,0.288426,0.909,1.977609e+03,6.491358e-03,0.0001,3.3006,0,3,150,1353,89,94
624,1536,2160,0.288889,0.909,2.003428e+03,6.380000e-03,0.0001,3.2991,0,6,9,1352,89,94
625,1535,2160,0.289352,0.909,2.074689e+03,6.327013e-03,0.0001,3.2997,0,1,2,1351,89,94
626,1534,2160,0.289815,0.909,2.066698e+03,6.272882e-03,0.0001,3.2937,0,8,17,1350,89,94
627,1533,2160,0.290278,0.909,2.055338e+03,6.283367e-03,0.0001,3.3036,1,6,8,1350,88,94
628,1532,2160,0.290741,0.909,2.045961e+03,6.350380e-03,0.0001,3.311,0,7,16,1349,88,94
629,1531,2160,0.291204,0.909,2.120119e+03,6.234023e-03,0.0001,3.2902,0,8,182,1348,88,94
630,1530,2160,0.291667,0.909,2.102780e+03,6.312822e-03,0.0001,3.2818,0,0,174,1347,88,94
631,1529,2160,0.29213,0.908,2.106083e+03,6.324082e-03,0.0001,3.301,0,1,185,1346,88,94
632,1528,2160,0.292593,0.908,2.099320e+03,6.234072e-03,0.0001,3.284,0,8,139,1345,88,94
633,1527,2160,0.293056,0.908,2.087860e+03,6.333153e-03,0.0001,3.3047,0,0,63,1344,88,94
634,1526,2160,0.293519,0.909,2.094511e+03,6.334420e-03,0.0001,3.295,0,5,22,1343,88,94
635,1525,2160,0.293981,0.909,2.086847e+03,6.335738e-03,0.0001,3.3052,0,2,175,1342,88,94
636,1524,2160,0.294444,0.909,2.078937e+03,6.433023e-03,0.0001,3.3045,0,4,43,1341,88,94
637,1523,2160,0.294907,0.908,2.129351e+03,6.382333e-03,0.0001,3.3003,0,5,191,1340,88,94
638,1522,2160,0.29537,0.909,2.119198e+03,6.386911e-03,0.0001,3.3089,0,8,91,1339,88,94
639,1521,2160,0.295833,0.908,2.108990e+03,6.467925e-03,0.0001,3.2966,1,2,6,1339,87,94
640,1520,2160,0.296296,0.908,2.104388e+03,6.415058e-03,0.0001,3.3157,0,1,7,1338,87,94
641,1519,2160,0.296759,0.908,2.100239e+03,6.389563e-03,0.0001,3.2909,0,8,103,1337,87,94
642,1518,2160,0.297222,0.908,2.094035e+03,6.395911e-03,0.0001,3.3091,0,0,160,1336,87,94
643,1517,2160,0.297685,0.907,2.102382e+03,6.399436e-03,0.0001,3.308,0,2,30,1335,87,94
644,1516,2160,0.298148,0.907,2.095246e+03,6.411481e-03,0.0001,3.2973,0,5,5,1334,87,94
645,1515,2160,0.298611,0.907,2.088673e+03,6.393024e-03,0.0001,3.306,0,8,61,1333,87,94
646,1514,2160,0.299074,0.907,2.082178e+03,6.418264e-03,0.0001,3.3054,0,8,78,1332,87,94
647,1513,2160,0.299537,0.907,2.077274e+03,6.426490e-03,0.0001,3.283,0,0,2,1331,87,94
648,1512,2160,0.3,0.907,2.088691e+03,6.468751e-03,0.0001,3.3069,0,2,188,1330,87,94
649,1511,2160,0.300463,0.907,2.083050e+03,6.793422e-03,0.0001,3.304,0,6,63,1329,87,94
650,1510,2160,0.300926,0.906,2.125102e+03,6.775080e-03,0.0001,3.2955,0,6,126,1328,87,94
651,1509,2160,0.301389,0.907,2.169657e+03,5.125639e-03,0.0001,3.3128,0,3,126,1327,87,94
652,1508,2160,0.301852,0.907,2.127176e+03,7.275353e-03,0.0001,3.3059,2,4,3,1327,87,93
653,1507,2160,0.302315,0.907,2.136078e+03,6.814531e-03,0.0001,3.3017,0,6,177,1326,87,93
654,1506,2160,0.302778,0.906,2.173480e+03,6.592246e-03,0.0001,3.3001,0,1,0,1325,87,93
655,1505,2160,0.303241,0.907,2.151618e+03,6.519068e-03,0.0001,3.3142,0,8,137,1324,87,93
656,1504,2160,0.303704,0.907,2.136963e+03,6.599675e-03,0.0001,3.3075,0,4,2,1323,87,93
657,1503,2160,0.304167,0.907,2.184182e+03,6.571539e-03,0.0001,3.2834,0,1,11,1322,87,93
658,1502,2160,0.30463,0.907,2.172964e+03,5.877499e-03,0.0001,3.2974,0,9,2,1321,87,93
659,1501,2160,0.305093,0.907,2.160422e+03,6.517195e-03,0.0001,3.3106,0,0,150,1320,87,93
660,1500,2160,0.305556,0.908,2.170137e+03,6.572911e-03,0.0001,3.3039,0,3,18,1319,87,93
661,1499,2160,0.306019,0.909,2.223915e+03,6.550084e-03,0.0001,3.2973,0,5,85,1318,87,93
662,1498,2160,0.306481,0.909,2.210700e+03,6.820155e-03,0.0001,3.2973,0,6,15,1317,87,93
663,1497,2160,0.306944,0.909,2.255567e+03,6.585945e-03,0.0001,3.305,0,0,156,1316,87,93
664,1496,2160,0.307407,0.908,2.247489e+03,6.587660e-03,0.0001,3.305,0,1,125,1315,87,93
665,1495,2160,0.30787,0.908,2.239036e+03,6.543103e-03,0.0001,3.2988,0,0,15,1314,87,93
666,1494,2160,0.308333,0.909,2.241071e+03,6.665116e-03,0.0001,3.3033,0,4,163,1313,87,93
667,1493,2160,0.308796,0.909,2.291419e+03,6.811267e-03,0.0001,3.3048,0,3,152,1312,87,93
668,1492,2160,0.309259,0.908,2.325344e+03,6.648932e-03,0.0001,3.3015,0,5,101,1311,87,93
669,1491,2160,0.309722,0.908,2.306171e+03,6.598146e-03,0.0001,3.2947,0,0,166,1310,87,93
670,1490,2160,0.310185,0.908,2.310937e+03,6.580295e-03,0.0001,3.3047,0,8,0,1309,87,93
671,1489,2160,0.310648,0.908,2.302311e+03,6.579815e-03,0.0001,3.2993,0,1,112,1308,87,93
672,1488,2160,0.311111,0.908,2.299322e+03,6.583226e-03,0.0001,3.3127,0,8,90,1307,87,93
673,1487,2160,0.311574,0.908,2.292619e+03,6.584425e-03,0.0001,3.3068,0,8,166,1306,87,93
674,1486,2160,0.312037,0.908,2.284641e+03,6.587302e-03,0.0001,3.2969,0,8,110,1305,87,93
675,1485,2160,0.3125,0.908,2.278982e+03,6.594097e-03,0.0001,3.3065,0,2,174,1304,87,93
676,1484,2160,0.312963,0.908,2.272248e+03,6.836284e-03,0.0001,3.2889,0,6,182,1303,87,93
677,1483,2160,0.313426,0.908,2.336884e+03,6.695996e-03,0.0001,3.2792,0,9,112,1302,87,93
678,1482,2160,0.313889,0.908,2.359432e+03,6.684673e-03,0.0001,3.2964,0,5,92,1301,87,93
679,1481,2160,0.314352,0.908,2.343827e+03,6.661037e-03,0.0001,3.2983,0,0,69,1300,87,93
680,1480,2160,0.314815,0.908,2.351212e+03,6.787966e-03,0.0001,3.3054,0,4,31,1299,87,93
681,1479,2160,0.315278,0.907,2.397713e+03,6.696728e-03,0.0001,3.3017,1,1,1,1299,86,93
682,1478,2160,0.315741,0.907,2.380935e+03,6.698213e-03,0.0001,3.3143,0,2,100,1298,86,93
683,1477,2160,0.316204,0.907,2.368878e+03,6.690128e-03,0.0001,3.294,1,5,2,1298,85,93
684,1476,2160,0.316667,0.907,2.359955e+03,6.805386e-03,0.0001,3.3029,0,6,112,1297,85,93
685,1475,2160,0.31713,0.905,2.431090e+03,6.631452e-03,0.0001,3.3155,0,8,102,1296,85,93
686,1474,2160,0.317593,0.905,2.412349e+03,6.668610e-03,0.0001,3.306,0,0,52,1295,85,93
687,1473,2160,0.318056,0.905,2.419529e+03,6.696220e-03,0.0001,3.2915,0,3,7,1294,85,93
688,1472,2160,0.318519,0.906,2.487560e+03,6.865962e-03,0.0001,3.3077,0,7,26,1293,85,93
689,1471,2160,0.318981,0.906,2.572432e+03,6.828438e-03,0.0001,3.3067,0,9,45,1292,85,93
690,1470,2160,0.319444,0.908,2.602091e+03,6.864251e-03,0.0001,3.296,0,4,153,1291,85,93
691,1469,2160,0.319907,0.907,2.655276e+03,6.816241e-03,0.0001,3.3001,0,5,186,1290,85,93
692,1468,2160,0.32037,0.907,2.640467e+03,6.888271e-03,0.0001,3.2838,0,4,41,1289,85,93
693,1467,2160,0.320833,0.907,2.692133e+03,6.833016e-03,0.0001,3.3093,0,2,77,1288,85,93
694,1466,2160,0.321296,0.907,2.675856e+03,6.802335e-03,0.0001,3.2956,0,8,57,1287,85,93
695,1465,2160,0.321759,0.907,2.665142e+03,7.133239e-03,0.0001,3.3041,0,6,188,1286,85,93
696,1464,2160,0.322222,0.906,2.714314e+03,6.782073e-03,0.0001,3.3201,0,3,153,1285,85,93
697,1463,2160,0.322685,0.907,2.741400e+03,6.940790e-03,0.0001,3.2939,0,6,26,1284,85,93
698,1462,2160,0.323148,0.907,2.819123e+03,6.882310e-03,0.0001,3.2976,0,8,20,1283,85,93
699,1461,2160,0.323611,0.907,2.803460e+03,6.945038e-03,0.0001,3.2908,0,4,158,1282,85,93
700,1460,2160,0.324074,0.909,2.858355e+03,6.893204e-03,0.0001,3.2944,0,2,141,1281,85,93
701,1459,2160,0.324537,0.909,2.840406e+03,6.838149e-03,0.0001,3.2848,0,9,26,1280,85,93
702,1458,2160,0.325,0.909,2.846435e+03,6.877144e-03,0.0001,3.2998,0,2,34,1279,85,93
703,1457,2160,0.325463,0.907,2.831628e+03,6.856742e-03,0.0001,3.3175,0,0,41,1278,85,93
704,1456,2160,0.325926,0.907,2.837448e+03,6.831454e-03,0.0001,3.3004,1,9,5,1278,84,93
705,1455,2160,0.326389,0.906,2.828609e+03,6.866995e-03,0.0001,3.3143,0,1,50,1277,84,93
706,1454,2160,0.326852,0.907,2.828325e+03,6.838790e-03,0.0001,3.3076,0,1,140,1276,84,93
707,1453,2160,0.327315,0.907,2.829749e+03,6.999951e-03,0.0001,3.2984,0,7,28,1275,84,93
708,1452,2160,0.327778,0.907,2.914378e+03,6.906115e-03,0.0001,3.2975,0,8,65,1274,84,93
709,1451,2160,0.328241,0.906,2.903707e+03,6.870432e-03,0.0001,3.3124,0,2,112,1273,84,93
710,1450,2160,0.328704,0.906,2.894934e+03,6.903101e-03,0.0001,3.3037,0,2,90,1272,84,93
711,1449,2160,0.329167,0.905,2.889734e+03,6.993245e-03,0.0001,3.2948,0,9,187,1271,84,93
712,1448,2160,0.32963,0.907,2.925551e+03,7.015192e-03,0.0001,3.3074,0,7,57,1270,84,93
713,1447,2160,0.330093,0.908,3.025339e+03,7.119271e-03,0.0001,3.2867,0,7,86,1269,84,93
714,1446,2160,0.330556,0.907,3.097434e+03,7.201565e-03,0.0001,3.3112,0,4,25,1268,84,93
715,1445,2160,0.331019,0.906,3.147713e+03,7.150001e-03,0.0001,3.2852,0,1,70,1267,84,93
716,1444,2160,0.331481,0.906,3.132433e+03,7.096948e-03,0.0001,3.2963,0,5,115,1266,84,93
717,1443,2160,0.331944,0.906,3.116719e+03,7.067567e-03,0.0001,3.3097,0,5,57,1265,84,93
718,1442,2160,0.332407,0.906,3.102079e+03,7.099987e-03,0.0001,3.3115,0,8,160,1264,84,93
719,1441,2160,0.33287,0.906,3.092145e+03,7.112357e-03,0.0001,3.2986,0,1,17,1263,84,93
720,1440,2160,0.333333,0.906,3.088857e+03,7.114216e-03,0.0001,3.3141,0,5,69,1262,84,93
721,1439,2160,0.333796,0.906,3.082608e+03,7.437013e-03,0.0001,3.2908,0,6,13,1261,84,93
722,1438,2160,0.334259,0.904,3.145507e+03,6.144513e-03,0.0001,3.3135,0,3,13,1260,84,93
723,1437,2160,0.334722,0.906,3.114911e+03,7.116893e-03,0.0001,3.2951,0,8,150,1259,84,93
724,1436,2160,0.335185,0.906,3.105401e+03,7.095936e-03,0.0001,3.2988,0,8,122,1258,84,93
725,1435,2160,0.335648,0.906,3.101068e+03,7.117524e-03,0.0001,3.291,0,0,112,1257,84,93
726,1434,2160,0.336111,0.906,3.116381e+03,7.117598e-03,0.0001,3.2978,0,0,105,1256,84,93
727,1433,2160,0.336574,0.909,3.130787e+03,7.282595e-03,0.0001,3.2925,0,7,127,1255,84,93
728,1432,2160,0.337037,0.908,3.218578e+03,7.362900e-03,0.0001,3.3036,0,3,84,1254,84,93
729,1431,2160,0.3375,0.905,3.257681e+03,7.378140e-03,0.0001,3.2951,0,7,43,1253,84,93
730,1430,2160,0.337963,0.908,3.330575e+03,7.229470e-03,0.0001,3.3063,0,1,167,1252,84,93
731,1429,2160,0.338426,0.908,3.314174e+03,7.286291e-03,0.0001,3.2794,0,7,131,1251,84,93
732,1428,2160,0.338889,0.909,3.402896e+03,7.466522e-03,0.0001,3.3099,0,3,151,1250,84,93
733,1427,2160,0.339352,0.908,3.426614e+03,7.533791e-03,0.0001,3.3114,0,6,72,1249,84,93
734,1426,2160,0.339815,0.909,3.471846e+03,7.491457e-03,0.0001,3.292,2,5,1,1249,84,92
735,1425,2160,0.340278,0.908,3.450952e+03,7.395012e-03,0.0001,3.286,0,4,95,1248,84,92
736,1424,2160,0.340741,0.908,3.481222e+03,7.442796e-03,0.0001,3.292,0,7,118,1247,84,92
737,1423,2160,0.341204,0.909,3.526301e+03,7.422431e-03,0.0001,3.3141,0,6,154,1246,84,92
738,1422,2160,0.341667,0.909,3.599990e+03,7.280698e-03,0.0001,3.2912,0,5,140,1245,84,92
739,1421,2160,0.34213,0.909,3.566225e+03,7.211909e-03,0.0001,3.3083,0,8,31,1244,84,92
740,1420,2160,0.342593,0.909,3.545141e+03,7.175580e-03,0.0001,3.2997,0,1,105,1243,84,92
741,1419,2160,0.343056,0.91,3.533022e+03,7.168744e-03,0.0001,3.2925,0,2,181,1242,84,92
742,1418,2160,0.343519,0.91,3.518850e+03,7.318776e-03,0.0001,3.2986,0,4,170,1241,84,92
743,1417,2160,0.343981,0.909,3.570957e+03,7.227393e-03,0.0001,3.2971,0,0,39,1240,84,92
744,1416,2160,0.344444,0.91,3.568490e+03,7.245400e-03,0.0001,3.299,0,2,31,1239,84,92
745,1415,2160,0.344907,0.91,3.552022e+03,7.240191e-03,0.0001,3.2975,0,2,155,1238,84,92
746,1414,2160,0.34537,0.91,3.539371e+03,7.261428e-03,0.0001,3.2995,0,2,131,1237,84,92
747,1413,2160,0.345833,0.91,3.529298e+03,7.256639e-03,0.0001,3.3056,0,2,15,1236,84,92
748,1412,2160,0.346296,0.911,3.520572e+03,7.337389e-03,0.0001,3.2928,0,1,8,1235,84,92
749,1411,2160,0.346759,0.911,3.519775e+03,7.319315e-03,0.0001,3.3005,0,8,130,1234,84,92
750,1410,2160,0.347222,0.911,3.517843e+03,7.645719e-03,0.0001,3.3041,0,6,187,1233,84,92
751,1409,2160,0.347685,0.911,3.579694e+03,7.303994e-03,0.0001,3.3126,0,8,118,1232,84,92
752,1408,2160,0.348148,0.912,3.537954e+03,7.296271e-03,0.0001,3.2926,0,8,153,1231,84,92
753,1407,2160,0.348611,0.911,3.525572e+03,7.383757e-03,0.0001,3.3061,0,8,146,1230,84,92
754,1406,2160,0.349074,0.91,3.518062e+03,7.533431e-03,0.0001,3.3096,0,4,89,1229,84,92
755,1405,2160,0.349537,0.91,3.585488e+03,7.634169e-03,0.0001,3.3142,0,7,113,1228,84,92
756,1404,2160,0.35,0.908,3.682307e+03,7.553998e-03,0.0001,3.3017,0,6,12,1227,84,92
757,1403,2160,0.350463,0.91,3.797863e+03,7.521623e-03,0.0001,3.3019,0,8,134,1226,84,92
758,1402,2160,0.350926,0.911,3.782028e+03,7.516268e-03,0.0001,3.3111,0,8,68,1225,84,92
759,1401,2160,0.351389,0.911,3.768044e+03,7.468341e-03,0.0001,3.3078,0,5,158,1224,84,92
760,1400,2160,0.351852,0.911,3.753806e+03,7.485718e-03,0.0001,3.3083,0,2,99,1223,84,92
761,1399,2160,0.352315,0.911,3.741901e+03,7.477403e-03,0.0001,3.3088,0,5,34,1222,84,92
762,1398,2160,0.352778,0.91,3.733064e+03,7.534826e-03,0.0001,3.3131,0,5,17,1221,84,92
763,1397,2160,0.353241,0.91,3.724651e+03,7.532342e-03,0.0001,3.3062,1,5,5,1221,83,92
764,1396,2160,0.353704,0.91,3.715269e+03,7.528123e-03,0.0001,3.2935,0,8,126,1220,83,92
765,1395,2160,0.354167,0.911,3.714704e+03,7.552031e-03,0.0001,3.3081,0,1,10,1219,83,92
766,1394,2160,0.35463,0.909,3.715572e+03,7.533590e-03,0.0001,3.3072,0,1,3,1218,83,92
767,1393,2160,0.355093,0.911,3.717771e+03,7.648281e-03,0.0001,3.2995,0,9,69,1217,83,92
768,1392,2160,0.355556,0.91,3.760751e+03,7.595563e-03,0.0001,3.2936,0,2,41,1216,83,92
769,1391,2160,0.356019,0.91,3.746226e+03,7.746429e-03,0.0001,3.3027,0,4,82,1215,83,92
770,1390,2160,0.356481,0.91,3.804673e+03,7.926743e-03,0.0001,3.299,0,3,179,1214,83,92
771,1389,2160,0.356944,0.909,3.840955e+03,7.711642e-03,0.0001,3.2871,0,2,58,1213,83,92
772,1388,2160,0.357407,0.91,3.811160e+03,7.689429e-03,0.0001,3.3021,0,8,36,1212,83,92
773,1387,2160,0.35787,0.91,3.797974e+03,7.650681e-03,0.0001,3.3112,0,5,83,1211,83,92
774,1386,2160,0.358333,0.91,3.786118e+03,7.887822e-03,0.0001,3.3099,0,7,87,1210,83,92
775,1385,2160,0.358796,0.909,3.866647e+03,7.713901e-03,0.0001,3.2989,0,2,47,1209,83,92
776,1384,2160,0.359259,0.909,3.841476e+03,7.660656e-03,0.0001,3.2929,0,8,70,1208,83,92
777,1383,2160,0.359722,0.909,3.829942e+03,7.669240e-03,0.0001,3.2951,0,0,139,1207,83,92
778,1382,2160,0.360185,0.91,3.840832e+03,7.671002e-03,0.0001,3.3166,0,0,164,1206,83,92
779,1381,2160,0.360648,0.909,3.853904e+03,7.673240e-03,0.0001,3.2943,0,5,50,1205,83,92
780,1380,2160,0.361111,0.909,3.843626e+03,7.666021e-03,0.0001,3.3146,0,0,158,1204,83,92
781,1379,2160,0.361574,0.909,3.857455e+03,7.658602e-03,0.0001,3.3046,0,2,72,1203,83,92
782,1378,2160,0.362037,0.909,3.848042e+03,7.663481e-03,0.0001,3.3094,0,0,167,1202,83,92
783,1377,2160,0.3625,0.909,3.863148e+03,7.682570e-03,0.0001,3.2873,0,5,24,1201,83,92
784,1376,2160,0.362963,0.909,3.856100e+03,7.839373e-03,0.0001,3.3041,0,7,170,1200,83,92
785,1375,2160,0.363426,0.909,3.973835e+03,7.805830e-03,0.0001,3.3147,0,1,119,1199,83,92
786,1374,2160,0.363889,0.91,3.959971e+03,7.798631e-03,0.0001,3.307,0,5,6,1198,83,92
787,1373,2160,0.364352,0.91,3.944447e+03,7.833963e-03,0.0002,3.3168,0,8,129,1197,83,92
788,1372,2160,0.364815,0.911,3.933772e+03,8.041517e-03,0.0001,3.3073,0,7,138,1196,83,92
789,1371,2160,0.365278,0.908,4.021361e+03,7.891493e-03,0.0001,3.3199,0,2,157,1195,83,92
790,1370,2160,0.365741,0.908,3.992731e+03,7.884549e-03,0.0001,3.299,0,8,115,1194,83,92
791,1369,2160,0.366204,0.908,3.978480e+03,7.846768e-03,0.0001,3.3072,0,2,110,1193,83,92
792,1368,2160,0.366667,0.908,3.959474e+03,7.841069e-03,0.0001,3.3175,0,5,7,1192,83,92
793,1367,2160,0.36713,0.908,3.945094e+03,7.806088e-03,0.0001,3.2954,0,5,20,1191,83,92
794,1366,2160,0.367593,0.908,3.933552e+03,7.814058e-03,0.0001,3.3152,0,2,116,1190,83,92
795,1365,2160,0.368056,0.908,3.922401e+03,8.178804e-03,0.0001,3.3038,0,3,125,1189,83,92
796,1364,2160,0.368519,0.91,3.966856e+03,7.931076e-03,0.0001,3.3044,0,2,166,1188,83,92
797,1363,2160,0.368981,0.91,3.940177e+03,7.835268e-03,0.0001,3.2973,0,8,170,1187,83,92
798,1362,2160,0.369444,0.91,3.898015e+03,7.862852e-03,0.0001,3.308,0,5,13,1186,83,92
799,1361,2160,0.369907,0.91,3.887734e+03,7.958345e-03,0.0001,3.3077,0,9,38,1185,83,92
800,1360,2160,0.37037,0.91,3.931155e+03,7.744536e-03,0.0001,3.3096,0,3,38,1184,83,92
801,1359,2160,0.370833,0.911,3.981364e+03,7.312226e-03,0.0001,3.311,0,8,138,1183,83,92
802,1358,2160,0.371296,0.91,3.944368e+03,7.902934e-03,0.0001,3.3107,0,3,56,1182,83,92
803,1357,2160,0.371759,0.91,4.046779e+03,7.916461e-03,0.0001,3.2928,0,8,67,1181,83,92
804,1356,2160,0.372222,0.91,4.034367e+03,7.962688e-03,0.0001,3.2911,0,9,1,1180,83,92
805,1355,2160,0.372685,0.911,4.087960e+03,8.125549e-03,0.0001,3.3124,0,4,77,1179,83,92
806,1354,2160,0.373148,0.909,4.140745e+03,7.991534e-03,0.0001,3.3109,0,2,115,1178,83,92
807,1353,2160,0.373611,0.91,4.109701e+03,7.932327e-03,0.0001,3.2841,0,2,133,1177,83,92
808,1352,2160,0.374074,0.91,4.089447e+03,8.106354e-03,0.0001,3.3123,0,4,15,1176,83,92
809,1351,2160,0.374537,0.91,4.154351e+03,7.847805e-03,0.0001,3.3083,1,8,8,1176,82,92
810,1350,2160,0.375,0.91,4.115946e+03,8.089647e-03,0.0001,3.3262,0,3,16,1175,82,92
811,1349,2160,0.375463,0.91,4.182614e+03,8.031298e-03,0.0001,3.297,0,5,100,1174,82,92
812,1348,2160,0.375926,0.91,4.155923e+03,8.002324e-03,0.0001,3.3107,0,1,144,1173,82,92
813,1347,2160,0.376389,0.91,4.145654e+03,8.426903e-03,0.0001,3.3085,0,6,175,1172,82,92
814,1346,2160,0.376852,0.91,4.215651e+03,8.009679e-03,0.0001,3.298,0,3,175,1171,82,92
815,1345,2160,0.377315,0.909,4.181254e+03,7.981182e-03,0.0001,3.305,1,1,8,1171,81,92
816,1344,2160,0.377778,0.909,4.164318e+03,8.109751e-03,0.0001,3.3073,0,7,15,1170,81,92
817,1343,2160,0.378241,0.909,4.286015e+03,8.029144e-03,0.0001,3.3082,0,2,172,1169,81,92
818,1342,2160,0.378704,0.909,4.264928e+03,7.652537e-03,0.0001,3.2947,0,3,15,1168,81,92
819,1341,2160,0.379167,0.909,4.297675e+03,8.085677e-03,0.0001,3.302,0,8,101,1167,81,92
820,1340,2160,0.37963,0.909,4.289776e+03,8.061526e-03,0.0001,3.299,0,1,20,1166,81,92
821,1339,2160,0.380093,0.909,4.286577e+03,8.026956e-03,0.0001,3.309,0,2,32,1165,81,92
822,1338,2160,0.380556,0.909,4.277202e+03,8.190841e-03,0.0001,3.2992,0,4,103,1164,81,92
823,1337,2160,0.381019,0.909,4.342395e+03,8.102285e-03,0.0001,3.2958,0,2,103,1163,81,92
824,1336,2160,0.381481,0.909,4.320215e+03,8.100654e-03,0.0001,3.3148,0,2,180,1162,81,92
825,1335,2160,0.381944,0.91,4.305130e+03,8.145506e-03,0.0001,3.3076,0,2,150,1161,81,92
826,1334,2160,0.382407,0.91,4.292501e+03,8.199179e-03,0.0001,3.3072,0,2,19,1160,81,92
827,1333,2160,0.38287,0.91,4.282770e+03,8.515911e-03,0.0001,3.2947,0,6,28,1159,81,92
828,1332,2160,0.383333,0.908,4.399964e+03,8.470704e-03,0.0001,3.3112,0,9,98,1158,81,92
829,1331,2160,0.383796,0.909,4.427315e+03,8.655611e-03,0.0001,3.2884,0,6,193,1157,81,92
830,1330,2160,0.384259,0.907,4.519170e+03,8.435310e-03,0.0001,3.2894,0,0,176,1156,81,92
831,1329,2160,0.384722,0.909,4.503028e+03,8.557728e-03,0.0001,3.296,0,7,11,1155,81,92
832,1328,2160,0.385185,0.91,4.614336e+03,8.260632e-03,0.0001,3.2987,0,3,28,1154,81,92
833,1327,2160,0.385648,0.91,4.666480e+03,7.575238e-03,0.0001,3.3194,0,3,193,1153,81,92
834,1326,2160,0.386111,0.909,4.674673e+03,8.385529e-03,0.0001,3.3007,0,9,125,1152,81,92
835,1325,2160,0.386574,0.908,4.705094e+03,8.158640e-03,0.0001,3.3115,0,6,125,1151,81,92
836,1324,2160,0.387037,0.909,4.754407e+03,8.399559e-03,0.0001,3.3026,0,9,6,1150,81,92
837,1323,2160,0.3875,0.91,4.786912e+03,8.669246e-03,0.0001,3.299,0,3,19,1149,81,92
838,1322,2160,0.387963,0.911,4.816251e+03,8.392459e-03,0.0001,3.3092,0,1,44,1148,81,92
839,1321,2160,0.388426,0.909,4.794290e+03,8.277967e-03,0.0001,3.3109,1,4,2,1148,80,92
840,1320,2160,0.388889,0.909,4.779545e+03,8.276067e-03,0.0001,3.2883,0,2,145,1147,80,92
841,1319,2160,0.389352,0.909,4.768004e+03,8.369930e-03,0.0001,3.3039,0,8,147,1146,80,92
842,1318,2160,0.389815,0.909,4.762931e+03,8.253283e-03,0.0001,3.2951,0,0,193,1145,80,92
843,1317,2160,0.390278,0.91,4.768910e+03,8.370875e-03,0.0001,3.3069,0,1,194,1144,80,92
844,1316,2160,0.390741,0.91,4.773437e+03,8.384704e-03,0.0001,3.2991,0,0,173,1143,80,92
845,1315,2160,0.391204,0.911,4.797038e+03,8.375789e-03,0.0001,3.2974,0,2,20,1142,80,92
846,1314,2160,0.391667,0.91,4.791089e+03,8.416383e-03,0.0001,3.2901,0,0,94,1141,80,92
847,1313,2160,0.39213,0.91,4.815374e+03,8.415666e-03,0.0001,3.3029,0,2,142,1140,80,92
848,1312,2160,0.392593,0.91,4.809791e+03,8.596094e-03,0.0001,3.3035,0,9,8,1139,80,92
849,1311,2160,0.393056,0.91,4.868636e+03,8.529214e-03,0.0001,3.3126,0,0,163,1138,80,92
850,1310,2160,0.393519,0.911,4.880938e+03,7.835601e-03,0.0001,3.2951,0,4,8,1137,80,92
851,1309,2160,0.393981,0.91,4.918983e+03,8.497455e-03,0.0001,3.3012,0,8,69,1136,80,92
852,1308,2160,0.394444,0.91,4.921785e+03,8.490176e-03,0.0001,3.3007,0,2,54,1135,80,92
853,1307,2160,0.394907,0.91,4.912934e+03,8.496589e-03,0.0001,3.2965,0,5,45,1134,80,92
854,1306,2160,0.39537,0.91,4.908988e+03,8.522873e-03,0.0001,3.2887,0,7,17,1133,80,92
855,1305,2160,0.395833,0.911,5.091769e+03,8.518966e-03,0.0001,3.3052,0,5,121,1132,80,92
856,1304,2160,0.396296,0.91,5.085628e+03,8.503777e-03,0.0001,3.2966,0,2,91,1131,80,92
857,1303,2160,0.396759,0.911,5.080307e+03,8.553055e-03,0.0001,3.3049,0,0,1,1130,80,92
858,1302,2160,0.397222,0.91,5.107025e+03,8.543655e-03,0.0001,3.2971,0,5,43,1129,80,92
859,1301,2160,0.397685,0.91,5.102948e+03,8.579619e-03,0.0001,3.3136,0,2,164,1128,80,92
860,1300,2160,0.398148,0.91,5.098202e+03,8.863438e-03,0.0001,3.3064,0,7,124,1127,80,92
861,1299,2160,0.398611,0.909,5.226228e+03,8.672731e-03,0.0001,3.3138,0,5,73,1126,80,92
862,1298,2160,0.399074,0.909,5.206802e+03,8.671148e-03,0.0001,3.3095,0,5,106,1125,80,92
863,1297,2160,0.399537,0.909,5.197369e+03,8.948238e-03,0.0001,3.303,0,7,157,1124,80,92
864,1296,2160,0.4,0.909,5.319659e+03,9.003403e-03,0.0001,3.3001,0,7,62,1123,80,92
865,1295,2160,0.400463,0.912,5.422260e+03,8.788897e-03,0.0001,3.3189,0,5,35,1122,80,92
866,1294,2160,0.400926,0.912,5.388535e+03,8.402009e-03,0.0001,3.3126,0,8,62,1121,80,92
867,1293,2160,0.401389,0.912,5.327907e+03,8.687511e-03,0.0001,3.3036,0,0,67,1120,80,92
868,1292,2160,0.401852,0.912,5.342597e+03,8.672755e-03,0.0001,3.2779,0,0,26,1119,80,92
869,1291,2160,0.402315,0.911,5.363448e+03,8.904082e-03,0.0001,3.2995,0,4,136,1118,80,92
870,1290,2160,0.402778,0.91,5.446889e+03,8.767068e-03,0.0001,3.2907,0,2,192,1117,80,92
871,1289,2160,0.403241,0.91,5.420592e+03,8.757907e-03,0.0001,3.3116,0,0,129,1116,80,92
872,1288,2160,0.403704,0.909,5.432747e+03,8.932123e-03,0.0001,3.3043,0,4,3,1115,80,92
873,1287,2160,0.404167,0.909,5.532631e+03,8.862662e-03,0.0001,3.289,0,2,177,1114,80,92
874,1286,2160,0.40463,0.909,5.502332e+03,8.877669e-03,0.0001,3.3047,0,8,159,1113,80,92
875,1285,2160,0.405093,0.909,5.487036e+03,9.218795e-03,0.0001,3.3063,0,6,102,1112,80,92
876,1284,2160,0.405556,0.909,5.595341e+03,9.332121e-03,0.0001,3.3063,0,3,33,1111,80,92
877,1283,2160,0.406019,0.91,5.614892e+03,9.011198e-03,0.0001,3.3093,0,5,146,1110,80,92
878,1282,2160,0.406481,0.91,5.566820e+03,8.917156e-03,0.0001,3.3075,0,0,0,1109,80,92
879,1281,2160,0.406944,0.91,5.572593e+03,9.049970e-03,0.0001,3.3064,0,4,6,1108,80,92
880,1280,2160,0.407407,0.91,5.671759e+03,8.979273e-03,0.0001,3.2993,0,2,167,1107,80,92
881,1279,2160,0.40787,0.91,5.640973e+03,7.985870e-03,0.0001,3.3028,0,3,6,1106,80,92
882,1278,2160,0.408333,0.909,5.672813e+03,8.996419e-03,0.0001,3.2982,0,1,143,1105,80,92
883,1277,2160,0.408796,0.909,5.672282e+03,8.965115e-03,0.0001,3.3052,0,5,109,1104,80,92
884,1276,2160,0.409259,0.909,5.661163e+03,8.961682e-03,0.0001,3.2961,0,2,129,1103,80,92
885,1275,2160,0.409722,0.909,5.649657e+03,9.026242e-03,0.0001,3.3056,0,1,120,1102,80,92
886,1274,2160,0.410185,0.909,5.650115e+03,8.990654e-03,0.0001,3.3058,0,2,0,1101,80,92
887,1273,2160,0.410648,0.909,5.640452e+03,8.993585e-03,0.0001,3.2887,0,2,109,1100,80,92
888,1272,2160,0.411111,0.909,5.632200e+03,9.002569e-03,0.0001,3.2804,0,2,183,1099,80,92
889,1271,2160,0.411574,0.909,5.624279e+03,9.348380e-03,0.0001,3.2984,0,3,144,1098,80,92
890,1270,2160,0.412037,0.908,5.699525e+03,9.139956e-03,0.0001,3.31,0,2,29,1097,80,92
891,1269,2160,0.4125,0.908,5.671270e+03,9.138291e-03,0.0001,3.3133,0,1,164,1096,80,92
892,1268,2160,0.412963,0.908,5.669671e+03,9.093636e-03,0.0001,3.2956,0,2,101,1095,80,92
893,1267,2160,0.413426,0.908,5.659163e+03,9.095203e-03,0.0001,3.2993,0,2,176,1094,80,92
894,1266,2160,0.413889,0.908,5.650290e+03,9.122359e-03,0.0001,3.3007,0,0,140,1093,80,92
895,1265,2160,0.414352,0.908,5.680831e+03,9.284853e-03,0.0001,3.3086,0,4,168,1092,80,92
896,1264,2160,0.414815,0.908,5.793290e+03,9.336631e-03,0.0001,3.2983,0,4,78,1091,80,92
897,1263,2160,0.415278,0.907,5.866204e+03,9.267338e-03,0.0001,3.3111,0,5,153,1090,80,92
898,1262,2160,0.415741,0.907,5.834465e+03,9.276568e-03,0.0001,3.2993,0,1,133,1089,80,92
899,1261,2160,0.416204,0.907,5.823981e+03,9.225793e-03,0.0001,3.3053,0,5,184,1088,80,92
900,1260,2160,0.416667,0.908,5.808149e+03,9.226588e-03,0.0001,3.3031,0,5,48,1087,80,92
901,1259,2160,0.41713,0.908,5.794502e+03,9.244585e-03,0.0001,3.308,0,0,18,1086,80,92
902,1258,2160,0.417593,0.908,5.818884e+03,9.215568e-03,0.0001,3.3131,0,5,139,1085,80,92
903,1257,2160,0.418056,0.908,5.809979e+03,9.271078e-03,0.0001,3.2947,0,9,184,1084,80,92
904,1256,2160,0.418519,0.908,5.903869e+03,9.634066e-03,0.0001,3.3066,0,7,105,1083,80,92
905,1255,2160,0.418981,0.91,6.019137e+03,9.763956e-03,0.0001,3.3072,0,6,99,1082,80,92
906,1254,2160,0.419444,0.908,6.140089e+03,9.500207e-03,0.0001,3.3102,0,5,1,1081,80,92
907,1253,2160,0.419907,0.909,6.083920e+03,9.301041e-03,0.0001,3.3118,0,8,105,1080,80,92
908,1252,2160,0.42037,0.908,6.012503e+03,9.292728e-03,0.0001,3.3128,0,8,64,1079,80,92
909,1251,2160,0.420833,0.909,6.003778e+03,9.287894e-03,0.0001,3.296,0,5,98,1078,80,92
910,1250,2160,0.421296,0.909,5.990217e+03,9.307895e-03,0.0001,3.3033,0,2,80,1077,80,92
911,1249,2160,0.421759,0.909,5.979448e+03,9.311156e-03,0.0001,3.3039,1,7,2,1077,79,92
912,1248,2160,0.422222,0.909,5.967449e+03,9.196652e-03,0.0001,3.2984,0,0,99,1076,79,92
913,1247,2160,0.422685,0.91,5.975162e+03,9.291687e-03,0.0001,3.2836,0,2,78,1075,79,92
914,1246,2160,0.423148,0.91,5.966709e+03,9.314810e-03,0.0001,3.3018,0,2,147,1074,79,92
915,1245,2160,0.423611,0.91,5.961014e+03,9.351057e-03,0.0001,3.2964,0,6,123,1073,79,92
916,1244,2160,0.424074,0.909,6.206501e+03,9.582143e-03,0.0001,3.2926,0,3,162,1072,79,92
917,1243,2160,0.424537,0.909,6.315353e+03,9.456498e-03,0.0001,3.3083,0,0,155,1071,79,92
918,1242,2160,0.425,0.907,6.322793e+03,9.431933e-03,0.0001,3.293,0,5,0,1070,79,92
919,1241,2160,0.425463,0.907,6.309597e+03,9.411079e-03,0.0001,3.2841,0,5,126,1069,79,92
920,1240,2160,0.425926,0.907,6.298708e+03,9.430412e-03,0.0001,3.2939,0,0,180,1068,79,92
921,1239,2160,0.426389,0.909,6.327933e+03,9.411319e-03,0.0001,3.3121,0,2,185,1067,79,92
922,1238,2160,0.426852,0.909,6.320993e+03,1.002515e-02,0.0001,3.3083,0,6,142,1066,79,92
923,1237,2160,0.427315,0.909,6.435150e+03,9.653818e-03,0.0001,3.3026,1,9,8,1066,78,92
924,1236,2160,0.427778,0.909,6.391740e+03,9.544285e-03,0.0001,3.2998,0,0,137,1065,78,92
925,1235,2160,0.428241,0.908,6.404986e+03,9.496042e-03,0.0001,3.3056,0,2,160,1064,78,92
926,1234,2160,0.428704,0.908,6.389947e+03,9.529441e-03,0.0001,3.3043,0,1,13,1063,78,92
927,1233,2160,0.429167,0.908,6.392743e+03,9.832713e-03,0.0001,3.3033,0,7,132,1062,78,92
928,1232,2160,0.42963,0.906,6.538063e+03,9.634185e-03,0.0001,3.2897,0,8,89,1061,78,92
929,1231,2160,0.430093,0.906,6.513354e+03,9.672759e-03,0.0002,3.3027,0,8,53,1060,78,92
930,1230,2160,0.430556,0.906,6.500383e+03,9.701699e-03,0.0001,3.3124,0,6,111,1059,78,92
931,1229,2160,0.431019,0.906,6.726368e+03,9.754295e-03,0.0001,3.3092,0,8,80,1058,78,92
932,1228,2160,0.431481,0.906,6.705176e+03,9.643344e-03,0.0001,3.3051,0,8,132,1057,78,92
933,1227,2160,0.431944,0.907,6.633085e+03,9.667451e-03,0.0001,3.2991,0,0,152,1056,78,92
934,1226,2160,0.432407,0.906,6.648961e+03,9.697753e-03,0.0001,3.3126,0,0,159,1055,78,92
935,1225,2160,0.43287,0.904,6.672707e+03,1.029908e-02,0.0001,3.3114,0,6,161,1054,78,92
936,1224,2160,0.433333,0.904,6.775846e+03,1.024022e-02,0.0001,3.3062,0,3,96,1053,78,92
937,1223,2160,0.433796,0.903,6.829356e+03,9.854262e-03,0.0001,3.3192,0,6,139,1052,78,92
938,1222,2160,0.434259,0.901,7.040866e+03,1.005204e-02,0.0001,3.3189,0,7,168,1051,78,92
939,1221,2160,0.434722,0.904,7.174508e+03,9.898298e-03,0.0001,3.2982,0,2,132,1050,78,92
940,1220,2160,0.435185,0.904,7.119839e+03,9.836485e-03,0.0001,3.3148,0,8,125,1049,78,92
941,1219,2160,0.435648,0.905,7.088121e+03,9.820531e-03,0.0001,3.3117,0,2,92,1048,78,92
942,1218,2160,0.436111,0.905,7.051874e+03,9.820080e-03,0.0001,3.2963,0,4,16,1047,78,92
943,1217,2160,0.436574,0.905,7.192384e+03,9.830186e-03,0.0001,3.304,0,1,35,1046,78,92
944,1216,2160,0.437037,0.905,7.177133e+03,9.848267e-03,0.0001,3.3052,0,8,180,1045,78,92
945,1215,2160,0.4375,0.906,7.156307e+03,9.932605e-03,0.0001,3.313,0,8,149,1044,78,92
946,1214,2160,0.437963,0.906,7.133040e+03,9.847407e-03,0.0001,3.2964,0,5,25,1043,78,92
947,1213,2160,0.438426,0.906,7.110366e+03,9.747568e-03,0.0001,3.31,0,5,104,1042,78,92
948,1212,2160,0.438889,0.906,7.090232e+03,9.833509e-03,0.0001,3.2965,0,1,98,1041,78,92
949,1211,2160,0.439352,0.906,7.087760e+03,9.863743e-03,0.0001,3.2935,0,8,82,1040,78,92
950,1210,2160,0.439815,0.905,7.079549e+03,1.034889e-02,0.0001,3.3093,0,6,53,1039,78,92
951,1209,2160,0.440278,0.906,7.193728e+03,1.004132e-02,0.0001,3.298,0,9,127,1038,78,92
952,1208,2160,0.440741,0.906,7.246671e+03,9.900107e-03,0.0001,3.3102,0,5,30,1037,78,92
953,1207,2160,0.441204,0.906,7.217951e+03,9.901989e-03,0.0001,3.3055,0,1,27,1036,78,92
954,1206,2160,0.441667,0.908,7.213246e+03,9.976607e-03,0.0001,3.3044,0,8,161,1035,78,92
955,1205,2160,0.44213,0.907,7.205410e+03,1.018739e-02,0.0001,3.3076,0,4,36,1034,78,92
956,1204,2160,0.442593,0.906,7.307558e+03,9.969659e-03,0.0001,3.2934,0,5,44,1033,78,92
957,1203,2160,0.443056,0.906,7.273232e+03,1.003455e-02,0.0001,3.3112,0,8,148,1032,78,92
958,1202,2160,0.443519,0.907,7.255296e+03,9.946862e-03,0.0001,3.2992,0,5,152,1031,78,92
959,1201,2160,0.443981,0.907,7.233736e+03,9.966785e-03,0.0001,3.2958,0,4,55,1030,78,92
960,1200,2160,0.444444,0.907,7.403136e+03,1.024316e-02,0.0001,3.3088,0,3,177,1029,78,92
961,1199,2160,0.444907,0.906,7.522547e+03,1.007071e-02,0.0001,3.3017,0,2,25,1028,78,92
962,1198,2160,0.44537,0.906,7.478526e+03,1.013548e-02,0.0001,3.2963,2,8,2,1028,78,91
963,1197,2160,0.445833,0.907,7.471190e+03,1.028126e-02,0.0001,3.2995,0,3,195,1027,78,91
964,1196,2160,0.446296,0.906,7.630219e+03,1.018335e-02,0.0001,3.3033,0,5,2,1026,78,91
965,1195,2160,0.446759,0.906,7.592684e+03,1.048857e-02,0.0001,3.304,0,3,0,1025,78,91
966,1194,2160,0.447222,0.905,7.687037e+03,1.005660e-02,0.0001,1.2382,0,5,27,1024,78,91
967,1193,2160,0.447685,0.905,7.665112e+03,1.039371e-02,0.0001,3.2897,0,7,46,1023,78,91
968,1192,2160,0.448148,0.906,7.851896e+03,1.056492e-02,0.0001,3.2962,0,4,102,1022,78,91
969,1191,2160,0.448611,0.906,7.935095e+03,1.039986e-02,0.0001,3.2953,0,1,191,1021,78,91
970,1190,2160,0.449074,0.906,7.893810e+03,1.029424e-02,0.0001,3.3108,0,4,9,1020,78,91
971,1189,2160,0.449537,0.908,8.055289e+03,1.027907e-02,0.0001,3.3072,1,1,5,1020,77,91
972,1188,2160,0.45,0.907,8.028434e+03,1.030614e-02,0.0001,3.2904,0,1,173,1019,77,91
973,1187,2160,0.450463,0.907,8.024866e+03,1.053084e-02,0.0001,3.2967,0,6,2,1018,77,91
974,1186,2160,0.450926,0.905,8.239822e+03,8.046219e-03,0.0001,3.3094,0,7,2,1017,77,91
975,1185,2160,0.451389,0.905,8.209537e+03,1.041080e-02,0.0001,3.3084,0,8,75,1016,77,91
976,1184,2160,0.451852,0.906,8.202658e+03,1.039980e-02,0.0001,3.3037,0,4,100,1015,77,91
977,1183,2160,0.452315,0.906,8.366910e+03,1.032246e-02,0.0001,3.3015,0,2,179,1014,77,91
978,1182,2160,0.452778,0.906,8.343465e+03,1.098012e-02,0.0001,3.3076,0,6,176,1013,77,91
979,1181,2160,0.453241,0.907,8.467989e+03,1.111989e-02,0.0001,3.3033,0,6,110,1012,77,91
980,1180,2160,0.453704,0.906,8.549131e+03,1.101835e-02,0.0001,3.3122,0,3,68,1011,77,91
981,1179,2160,0.454167,0.906,8.562433e+03,1.076710e-02,0.0001,3.2995,0,4,19,1010,77,91
982,1178,2160,0.45463,0.906,8.643553e+03,1.021039e-02,0.0001,3.3136,0,7,110,1009,77,91
983,1177,2160,0.455093,0.906,8.776873e+03,1.050978e-02,0.0001,3.3112,0,1,150,1008,77,91
984,1176,2160,0.455556,0.906,8.742418e+03,1.031749e-02,0.0001,0.861,0,2,159,1007,77,91
985,1175,2160,0.456019,0.906,8.730995e+03,1.082625e-02,0.0001,3.3049,0,7,192,1006,77,91
986,1174,2160,0.456481,0.906,8.887203e+03,1.047274e-02,0.0001,3.2989,1,0,8,1006,76,91
987,1173,2160,0.456944,0.906,8.822937e+03,1.053220e-02,0.0001,3.3094,0,1,45,1005,76,91
988,1172,2160,0.457407,0.906,8.796071e+03,1.039934e-02,0.0001,3.3396,0,1,29,1004,76,91
989,1171,2160,0.45787,0.906,8.779710e+03,1.100693e-02,0.0001,3.3,0,3,107,1003,76,91
990,1170,2160,0.458333,0.906,8.842908e+03,1.059146e-02,0.0001,3.3266,0,0,23,1002,76,91
991,1169,2160,0.458796,0.906,8.833542e+03,1.048274e-02,0.0001,3.2972,0,0,72,1001,76,91
992,1168,2160,0.459259,0.907,8.842175e+03,1.069839e-02,0.0001,3.31,0,7,59,1000,76,91
993,1167,2160,0.459722,0.906,9.030871e+03,1.058675e-02,0.0001,3.2971,0,5,94,999,76,91
994,1166,2160,0.460185,0.906,8.977877e+03,1.055758e-02,0.0001,3.2907,0,5,138,998,76,91
995,1165,2160,0.460648,0.906,8.935600e+03,1.055487e-02,0.0001,3.2987,0,8,167,997,76,91
996,1164,2160,0.461111,0.907,8.922531e+03,9.992360e-03,0.0001,3.3064,0,6,167,996,76,91
997,1163,2160,0.461574,0.907,9.055918e+03,1.052372e-02,0.0001,3.3023,0,0,20,995,76,91
998,1162,2160,0.462037,0.906,9.074429e+03,1.053277e-02,0.0001,3.3072,0,0,11,994,76,91
999,1161,2160,0.4625,0.908,9.100791e+03,1.051211e-02,0.0001,3.2958,0,2,73,993,76,91
1000,1160,2160,0.462963,0.908,9.076103e+03,1.023060e-02,0.0001,3.3103,0,8,192,992,76,91
1001,1159,2160,0.463426,0.909,9.020443e+03,1.048210e-02,0.0001,3.2982,0,2,62,991,76,91
1002,1158,2160,0.463889,0.909,8.991574e+03,1.054978e-02,0.0001,3.2973,0,5,33,990,76,91
1003,1157,2160,0.464352,0.91,8.974879e+03,1.062438e-02,0.0001,3.3025,0,9,110,989,76,91
1004,1156,2160,0.464815,0.908,9.053627e+03,1.063526e-02,0.0001,3.2948,0,5,150,988,76,91
1005,1155,2160,0.465278,0.907,9.023274e+03,1.065424e-02,0.0001,3.3132,0,0,147,987,76,91
1006,1154,2160,0.465741,0.907,9.048758e+03,1.072319e-02,0.0001,3.3129,0,1,25,986,76,91
1007,1153,2160,0.466204,0.905,9.048572e+03,1.127272e-02,0.0001,3.3022,0,3,181,985,76,91
1008,1152,2160,0.466667,0.904,9.149837e+03,1.093706e-02,0.0001,3.3038,0,5,56,984,76,91
1009,1151,2160,0.46713,0.904,9.089221e+03,1.111933e-02,0.0001,3.3122,0,7,190,983,76,91
1010,1150,2160,0.467593,0.906,9.273667e+03,1.090782e-02,0.0001,3.3002,0,2,153,982,76,91
1011,1149,2160,0.468056,0.905,9.233310e+03,1.083653e-02,0.0001,3.3027,0,2,37,981,76,91
1012,1148,2160,0.468519,0.905,9.210982e+03,1.083433e-02,0.0001,3.3031,0,5,60,980,76,91
1013,1147,2160,0.468981,0.905,9.199146e+03,1.133353e-02,0.0001,3.3084,0,6,24,979,76,91
1014,1146,2160,0.469444,0.906,9.394623e+03,1.149382e-02,0.0001,3.2903,0,6,145,978,76,91
1015,1145,2160,0.469907,0.906,9.560894e+03,1.122368e-02,0.0001,3.297,0,1,52,977,76,91
1016,1144,2160,0.47037,0.903,9.496435e+03,1.137097e-02,0.0001,3.2849,0,7,1,976,76,91
1017,1143,2160,0.470833,0.903,9.698988e+03,1.145905e-02,0.0001,3.3,0,4,162,975,76,91
1018,1142,2160,0.471296,0.902,9.814328e+03,1.142373e-02,0.0001,3.2981,0,9,4,974,76,91
1019,1141,2160,0.471759,0.904,9.880625e+03,1.069142e-02,0.0001,3.31,0,4,4,973,76,91
1020,1140,2160,0.472222,0.903,9.852179e+03,1.127848e-02,0.0001,3.3009,0,9,166,972,76,91
1021,1139,2160,0.472685,0.905,9.958173e+03,1.118740e-02,0.0001,3.3071,0,1,64,971,76,91
1022,1138,2160,0.473148,0.905,9.939077e+03,1.114326e-02,0.0001,3.3027,0,9,56,970,76,91
1023,1137,2160,0.473611,0.906,1.007653e+04,1.116319e-02,0.0001,3.3169,0,0,56,969,76,91
1024,1136,2160,0.474074,0.904,1.008622e+04,1.116340e-02,0.0001,3.294,0,1,126,968,76,91
1025,1135,2160,0.474537,0.905,1.008138e+04,1.121642e-02,0.0001,3.3024,0,9,14,967,76,91
1026,1134,2160,0.475,0.905,1.021042e+04,1.125307e-02,0.0001,3.3046,1,8,5,967,75,91
1027,1133,2160,0.475463,0.904,1.018250e+04,1.122748e-02,0.0001,3.3118,0,5,105,966,75,91
1028,1132,2160,0.475926,0.905,1.016186e+04,1.182395e-02,0.0001,3.3117,0,3,137,965,75,91
1029,1131,2160,0.476389,0.903,1.025594e+04,1.153241e-02,0.0001,3.3014,0,1,118,964,75,91
1030,1130,2160,0.476852,0.903,1.022059e+04,1.155160e-02,0.0001,3.3098,0,9,96,963,75,91
1031,1129,2160,0.477315,0.904,1.035436e+04,1.191135e-02,0.0001,3.3067,0,6,109,962,75,91
1032,1128,2160,0.477778,0.902,1.059830e+04,1.167896e-02,0.0001,3.3194,0,1,40,961,75,91
1033,1127,2160,0.478241,0.901,1.054740e+04,1.156512e-02,0.0002,3.3109,0,5,67,960,75,91
1034,1126,2160,0.478704,0.901,1.050763e+04,1.192574e-02,0.0001,3.309,0,3,51,959,75,91
1035,1125,2160,0.479167,0.905,1.066607e+04,1.182395e-02,0.0001,3.3066,0,8,179,958,75,91
1036,1124,2160,0.47963,0.902,1.061220e+04,1.163897e-02,0.0001,3.305,0,5,11,957,75,91
1037,1123,2160,0.480093,0.902,1.056614e+04,1.156854e-02,0.0001,3.329,0,5,164,956,75,91
1038,1122,2160,0.480556,0.902,1.053875e+04,1.155024e-02,0.0001,3.2978,0,2,195,955,75,91
1039,1121,2160,0.481019,0.903,1.051949e+04,1.160191e-02,0.0001,3.2953,0,1,142,954,75,91
1040,1120,2160,0.481481,0.902,1.052338e+04,1.168317e-02,0.0001,3.2928,0,9,31,953,75,91
1041,1119,2160,0.481944,0.903,1.066130e+04,1.166033e-02,0.0001,3.2972,2,1,0,953,75,90
1042,1118,2160,0.482407,0.903,1.064948e+04,1.174923e-02,0.0001,3.2982,0,9,168,952,75,90
1043,1117,2160,0.48287,0.9,1.078284e+04,1.196078e-02,0.0001,3.2933,0,7,96,951,75,90
1044,1116,2160,0.483333,0.903,1.100553e+04,1.185718e-02,0.0001,3.3061,0,7,125,950,75,90
1045,1115,2160,0.483796,0.903,1.130147e+04,1.188034e-02,0.0001,3.3084,0,7,31,949,75,90
1046,1114,2160,0.484259,0.902,1.144523e+04,1.171912e-02,0.0001,3.2989,0,5,63,948,75,90
1047,1113,2160,0.484722,0.902,1.139314e+04,1.175858e-02,0.0001,3.3046,0,1,137,947,75,90
1048,1112,2160,0.485185,0.901,1.138780e+04,1.172380e-02,0.0001,3.3093,0,0,13,946,75,90
1049,1111,2160,0.485648,0.9,1.143178e+04,1.221453e-02,0.0001,3.3087,0,3,45,945,75,90
1050,1110,2160,0.486111,0.899,1.156599e+04,1.205685e-02,0.0001,3.3139,0,9,37,944,75,90
1051,1109,2160,0.486574,0.899,1.162906e+04,1.234816e-02,0.0001,3.2986,0,6,29,943,75,90
1052,1108,2160,0.487037,0.899,1.182304e+04,9.327389e-03,0.0001,3.294,0,3,29,942,75,90
1053,1107,2160,0.4875,0.899,1.168129e+04,1.025956e-02,0.0001,3.2997,0,4,37,941,75,90
1054,1106,2160,0.487963,0.899,1.172222e+04,1.163350e-02,0.0001,3.3062,0,1,175,940,75,90
1055,1105,2160,0.488426,0.9,1.169907e+04,1.161012e-02,0.0001,3.2953,0,6,96,939,75,90
1056,1104,2160,0.488889,0.902,1.206355e+04,1.165871e-02,0.0001,3.309,0,2,45,938,75,90
1057,1103,2160,0.489352,0.901,1.202377e+04,1.180968e-02,0.0001,3.2845,0,8,119,937,75,90
1058,1102,2160,0.489815,0.901,1.201925e+04,1.169841e-02,0.0001,3.3022,0,1,166,936,75,90
1059,1101,2160,0.490278,0.901,1.200013e+04,1.169411e-02,0.0001,3.3199,0,1,163,935,75,90
1060,1100,2160,0.490741,0.901,1.199866e+04,1.168489e-02,0.0001,3.2965,0,5,21,934,75,90
1061,1099,2160,0.491204,0.901,1.198318e+04,1.182526e-02,0.0001,3.31,0,1,5,933,75,90
1062,1098,2160,0.491667,0.901,1.198001e+04,1.151215e-02,0.0001,3.2986,0,0,96,932,75,90
1063,1097,2160,0.49213,0.9,1.197798e+04,1.199423e-02,0.0001,3.3063,0,7,166,931,75,90
1064,1096,2160,0.492593,0.901,1.219981e+04,1.166255e-02,0.0001,3.2828,0,0,29,930,75,90
1065,1095,2160,0.493056,0.901,1.220085e+04,1.172815e-02,0.0001,3.3054,0,5,37,929,75,90
1066,1094,2160,0.493519,0.901,1.218020e+04,1.171409e-02,0.0001,3.2989,0,2,5,928,75,90
1067,1093,2160,0.493981,0.901,1.215807e+04,1.179204e-02,0.0001,3.3007,0,1,187,927,75,90
1068,1092,2160,0.494444,0.9,1.216204e+04,1.165162e-02,0.0001,3.3028,0,1,1,926,75,90
1069,1091,2160,0.494907,0.902,1.216440e+04,1.196580e-02,0.0001,3.308,0,8,95,925,75,90
1070,1090,2160,0.49537,0.902,1.216650e+04,1.222362e-02,0.0001,3.2969,0,7,14,924,75,90
1071,1089,2160,0.495833,0.901,1.238668e+04,1.018978e-02,0.0001,3.2994,0,6,14,923,75,90
1072,1088,2160,0.496296,0.901,1.244445e+04,1.177776e-02,0.0001,3.2962,0,5,79,922,75,90
1073,1087,2160,0.496759,0.901,1.243314e+04,1.181502e-02,0.0001,3.3162,0,5,177,921,75,90
1074,1086,2160,0.497222,0.901,1.241898e+04,1.192042e-02,0.0001,3.305,0,0,100,920,75,90
1075,1085,2160,0.497685,0.902,1.247818e+04,1.255758e-02,0.0001,3.3099,0,6,171,919,75,90
1076,1084,2160,0.498148,0.902,1.269161e+04,1.208813e-02,0.0001,3.2991,0,2,49,918,75,90
1077,1083,2160,0.498611,0.902,1.262092e+04,1.207477e-02,0.0001,3.3089,0,0,70,917,75,90
1078,1082,2160,0.499074,0.901,1.265586e+04,1.203502e-02,0.0001,3.3073,0,5,157,916,75,90
1079,1081,2160,0.499537,0.901,1.263189e+04,1.225204e-02,0.0001,3.303,0,4,40,915,75,90
1080,1080,2160,0.5,0.901,1.282996e+04,1.212981e-02,0.0001,3.3122,0,2,17,914,75,90
1081,1079,2160,0.500463,0.901,1.278524e+04,1.209427e-02,0.0001,3.3149,0,3,40,913,75,90
1082,1078,2160,0.500926,0.9,1.286442e+04,1.266594e-02,0.0001,3.3066,0,6,38,912,75,90
1083,1077,2160,0.501389,0.902,1.311634e+04,1.281047e-02,0.0001,3.2998,0,6,190,911,75,90
1084,1076,2160,0.501852,0.902,1.330306e+04,1.222429e-02,0.0001,3.3081,1,3,8,911,74,90
1085,1075,2160,0.502315,0.9,1.320792e+04,1.220990e-02,0.0001,3.3142,0,1,81,910,74,90
1086,1074,2160,0.502778,0.9,1.317173e+04,1.216242e-02,0.0001,3.3064,0,9,7,909,74,90
1087,1073,2160,0.503241,0.899,1.333263e+04,1.226975e-02,0.0001,3.3055,0,5,72,908,74,90
1088,1072,2160,0.503704,0.899,1.330168e+04,1.223568e-02,0.0001,3.3005,0,2,191,907,74,90
1089,1071,2160,0.504167,0.899,1.326869e+04,1.234127e-02,0.0001,3.3075,0,9,41,906,74,90
1090,1070,2160,0.50463,0.899,1.342774e+04,1.299901e-02,0.0001,3.3123,2,2,9,906,74,89
1091,1069,2160,0.505093,0.902,1.347193e+04,1.232706e-02,0.0001,3.31,0,0,117,905,74,89
1092,1068,2160,0.505556,0.903,1.348058e+04,1.224823e-02,0.0001,3.3031,0,2,83,904,74,89
1093,1067,2160,0.506019,0.903,1.343822e+04,1.262788e-02,0.0001,3.3053,0,6,22,903,74,89
1094,1066,2160,0.506481,0.904,1.374155e+04,1.241318e-02,0.0001,3.3011,0,2,190,902,74,89
1095,1065,2160,0.506944,0.904,1.366119e+04,1.236509e-02,0.0001,3.307,0,2,67,901,74,89
1096,1064,2160,0.507407,0.903,1.360854e+04,1.251958e-02,0.0001,3.3106,0,9,126,900,74,89
1097,1063,2160,0.50787,0.904,1.373450e+04,1.243753e-02,0.0001,3.3026,0,2,50,899,74,89
1098,1062,2160,0.508333,0.903,1.367227e+04,1.319004e-02,0.0001,3.3043,0,6,133,898,74,89
1099,1061,2160,0.508796,0.902,1.381954e+04,1.258264e-02,0.0001,3.3179,0,6,185,897,74,89
1100,1060,2160,0.509259,0.901,1.414347e+04,1.241179e-02,0.0001,3.3182,0,0,22,896,74,89
1101,1059,2160,0.509722,0.9,1.413904e+04,1.195253e-02,0.0001,3.2954,0,3,133,895,74,89
1102,1058,2160,0.510185,0.901,1.421364e+04,1.230149e-02,0.0001,3.3094,0,5,116,894,74,89
1103,1057,2160,0.510648,0.901,1.414521e+04,1.234870e-02,0.0001,3.3078,0,8,5,893,74,89
1104,1056,2160,0.511111,0.901,1.419123e+04,1.283605e-02,0.0001,3.2929,0,6,43,892,74,89
1105,1055,2160,0.511574,0.901,1.444578e+04,1.251740e-02,0.0001,3.3036,0,2,85,891,74,89
1106,1054,2160,0.512037,0.901,1.434445e+04,1.303217e-02,0.0001,3.2919,0,3,75,890,74,89
1107,1053,2160,0.5125,0.902,1.440726e+04,1.158648e-02,0.0001,3.2888,0,7,75,889,74,89
1108,1052,2160,0.512963,0.903,1.457402e+04,1.053793e-02,0.0001,3.2929,0,3,43,888,74,89
1109,1051,2160,0.513426,0.903,1.466140e+04,1.240217e-02,0.0001,3.3037,0,8,189,887,74,89
1110,1050,2160,0.513889,0.903,1.463568e+04,1.227987e-02,0.0001,3.2881,0,1,146,886,74,89
1111,1049,2160,0.514352,0.902,1.462423e+04,1.249893e-02,0.0001,3.2908,0,9,94,885,74,89
1112,1048,2160,0.514815,0.902,1.474859e+04,1.231513e-02,0.0001,3.3078,0,0,5,884,74,89
1113,1047,2160,0.515278,0.9,1.475573e+04,1.257642e-02,0.0001,3.3055,0,4,90,883,74,89
1114,1046,2160,0.515741,0.897,1.489960e+04,1.236323e-02,0.0001,3.2788,0,2,163,882,74,89
1115,1045,2160,0.516204,0.897,1.483590e+04,1.233424e-02,0.0001,3.3092,0,5,58,881,74,89
1116,1044,2160,0.516667,0.898,1.479861e+04,1.229406e-02,0.0001,3.301,0,5,102,880,74,89
1117,1043,2160,0.51713,0.898,1.476309e+04,1.284747e-02,0.0001,3.2846,2,3,2,880,74,88
1118,1042,2160,0.517593,0.898,1.475086e+04,1.222682e-02,0.0001,3.2996,0,2,3,879,74,88
1119,1041,2160,0.518056,0.898,1.471592e+04,1.256857e-02,0.0001,3.3175,0,9,74,878,74,88
1120,1040,2160,0.518519,0.899,1.482495e+04,1.238142e-02,0.0001,3.3128,0,2,130,877,74,88
1121,1039,2160,0.518981,0.9,1.477561e+04,1.243709e-02,0.0001,3.3128,0,7,177,876,74,88
1122,1038,2160,0.519444,0.901,1.514670e+04,1.243775e-02,0.0001,3.3096,0,1,141,875,74,88
1123,1037,2160,0.519907,0.901,1.513096e+04,1.243616e-02,0.0001,3.2979,0,9,15,874,74,88
1124,1036,2160,0.52037,0.901,1.532412e+04,1.274443e-02,0.0001,3.3052,0,4,155,873,74,88
1125,1035,2160,0.520833,0.901,1.548075e+04,1.262710e-02,0.0001,3.3055,0,2,184,872,74,88
1126,1034,2160,0.521296,0.901,1.540948e+04,1.282022e-02,0.0001,3.2971,0,4,23,871,74,88
1127,1033,2160,0.521759,0.901,1.560002e+04,1.258323e-02,0.0001,3.3081,0,1,177,870,74,88
1128,1032,2160,0.522222,0.9,1.553301e+04,1.256053e-02,0.0001,3.3058,0,9,177,869,74,88
1129,1031,2160,0.522685,0.9,1.562897e+04,1.316580e-02,0.0001,3.2944,0,3,155,868,74,88
1130,1030,2160,0.523148,0.901,1.566627e+04,1.279027e-02,0.0001,3.2989,0,5,163,867,74,88
1131,1029,2160,0.523611,0.901,1.558518e+04,1.275254e-02,0.0001,3.3106,0,5,168,866,74,88
1132,1028,2160,0.524074,0.901,1.554420e+04,1.340648e-02,0.0001,3.3105,0,3,141,865,74,88
1133,1027,2160,0.524537,0.901,1.564874e+04,1.312282e-02,0.0001,3.3055,2,1,1,865,74,87
1134,1026,2160,0.525,0.901,1.560147e+04,1.305695e-02,0.0001,3.2995,0,8,188,864,74,87
1135,1025,2160,0.525463,0.901,1.556410e+04,1.324732e-02,0.0001,3.298,0,7,0,863,74,87
1136,1024,2160,0.525926,0.898,1.585252e+04,1.355404e-02,0.0001,3.3081,0,6,62,862,74,87
1137,1023,2160,0.526389,0.899,1.604471e+04,1.305740e-02,0.0001,3.3103,0,5,59,861,74,87
1138,1022,2160,0.526852,0.899,1.593727e+04,1.293593e-02,0.0001,3.3079,0,5,171,860,74,87
1139,1021,2160,0.527315,0.898,1.587352e+04,1.288025e-02,0.0001,3.3007,0,4,141,859,74,87
1140,1020,2160,0.527778,0.898,1.610271e+04,1.236713e-02,0.0001,3.3051,0,3,62,858,74,87
1141,1019,2160,0.528241,0.899,1.618547e+04,1.341685e-02,0.0001,3.305,0,6,23,857,74,87
1142,1018,2160,0.528704,0.898,1.628233e+04,1.299750e-02,0.0001,3.3073,0,9,76,856,74,87
1143,1017,2160,0.529167,0.894,1.632754e+04,1.309020e-02,0.0001,3.3234,0,6,73,855,74,87
1144,1016,2160,0.52963,0.893,1.665036e+04,1.310278e-02,0.0001,3.3084,0,8,120,854,74,87
1145,1015,2160,0.530093,0.893,1.657027e+04,1.293133e-02,0.0001,3.311,0,0,64,853,74,87
1146,1014,2160,0.530556,0.893,1.657274e+04,1.297728e-02,0.0001,3.3105,0,0,113,852,74,87
1147,1013,2160,0.531019,0.892,1.660086e+04,1.290604e-02,0.0001,3.2932,0,5,149,851,74,87
1148,1012,2160,0.531481,0.894,1.655137e+04,1.281707e-02,0.0001,3.3092,0,5,74,850,74,87
1149,1011,2160,0.531944,0.893,1.650909e+04,1.323483e-02,0.0001,3.3031,0,4,149,849,74,87
1150,1010,2160,0.532407,0.891,1.665297e+04,1.302750e-02,0.0001,3.3009,0,5,90,848,74,87
1151,1009,2160,0.53287,0.891,1.658131e+04,1.302357e-02,0.0001,3.3085,0,9,29,847,74,87
1152,1008,2160,0.533333,0.893,1.677125e+04,1.302347e-02,0.0001,3.3011,0,2,105,846,74,87
1153,1007,2160,0.533796,0.893,1.672079e+04,1.375350e-02,0.0001,3.311,0,3,27,845,74,87
1154,1006,2160,0.534259,0.894,1.685820e+04,1.017915e-02,0.0001,3.3072,0,6,27,844,74,87
1155,1005,2160,0.534722,0.891,1.680317e+04,1.335286e-02,0.0001,3.2976,0,4,94,843,74,87
1156,1004,2160,0.535185,0.892,1.699999e+04,1.358294e-02,0.0001,3.3137,0,3,122,842,74,87
1157,1003,2160,0.535648,0.893,1.720039e+04,1.335613e-02,0.0001,3.3169,0,0,8,841,74,87
1158,1002,2160,0.536111,0.891,1.717440e+04,1.320498e-02,0.0001,3.3094,0,5,16,840,74,87
1159,1001,2160,0.536574,0.89,1.709731e+04,1.379787e-02,0.0001,3.3079,0,6,58,839,74,87
1160,1000,2160,0.537037,0.89,1.729233e+04,1.331055e-02,0.0001,3.2912,1,2,5,839,73,87
1161,999,2160,0.5375,0.892,1.715910e+04,1.383304e-02,0.0001,3.3034,0,3,143,838,73,87
1162,998,2160,0.537963,0.892,1.724822e+04,1.325213e-02,0.0001,3.3027,0,5,110,837,73,87
1163,997,2160,0.538426,0.891,1.711307e+04,1.335209e-02,0.0001,3.3069,0,3,94,836,73,87
1164,996,2160,0.538889,0.892,1.732763e+04,1.343467e-02,0.0001,3.2899,0,3,98,835,73,87
1165,995,2160,0.539352,0.892,1.757785e+04,1.227291e-02,0.0001,3.3131,0,4,98,834,73,87
1166,994,2160,0.539815,0.893,1.748226e+04,1.327737e-02,0.0001,3.3064,0,3,121,833,73,87
1167,993,2160,0.540278,0.892,1.768755e+04,1.305137e-02,0.0001,3.2955,0,0,10,832,73,87
1168,992,2160,0.540741,0.891,1.765713e+04,1.318277e-02,0.0001,3.3163,0,8,187,831,73,87
1169,991,2160,0.541204,0.892,1.758934e+04,1.311375e-02,0.0001,3.3094,0,0,127,830,73,87
1170,990,2160,0.541667,0.893,1.758035e+04,1.302264e-02,0.0001,3.3122,0,1,32,829,73,87
1171,989,2160,0.54213,0.893,1.753646e+04,1.296701e-02,0.0001,3.2954,0,5,36,828,73,87
1172,988,2160,0.542593,0.892,1.747223e+04,1.390936e-02,0.0001,3.3147,0,6,81,827,73,87
1173,987,2160,0.543056,0.893,1.761800e+04,1.315430e-02,0.0001,3.3098,0,8,12,826,73,87
1174,986,2160,0.543519,0.893,1.759450e+04,1.368580e-02,0.0001,3.2955,0,6,107,825,73,87
1175,985,2160,0.543981,0.893,1.779436e+04,1.149264e-02,0.0001,3.3103,0,7,107,824,73,87
1176,984,2160,0.544444,0.893,1.776460e+04,1.306972e-02,0.0001,3.2989,0,5,68,823,73,87
1177,983,2160,0.544907,0.894,1.770238e+04,1.304876e-02,0.0001,3.302,0,5,178,822,73,87
1178,982,2160,0.54537,0.894,1.763168e+04,1.298062e-02,0.0001,3.3213,0,2,126,821,73,87
1179,981,2160,0.545833,0.894,1.757160e+04,1.301316e-02,0.0001,3.3106,0,2,79,820,73,87
1180,980,2160,0.546296,0.894,1.751890e+04,1.305345e-02,0.0001,3.3193,0,5,180,819,73,87
1181,979,2160,0.546759,0.894,1.746639e+04,1.292176e-02,0.0001,3.2898,0,5,81,818,73,87
1182,978,2160,0.547222,0.895,1.741230e+04,1.286147e-02,0.0001,3.3105,0,5,120,817,73,87
1183,977,2160,0.547685,0.895,1.735604e+04,1.337401e-02,0.0001,3.3194,0,6,183,816,73,87
1184,976,2160,0.548148,0.894,1.774249e+04,1.147354e-02,0.0001,3.3007,0,8,183,815,73,87
1185,975,2160,0.548611,0.895,1.745933e+04,1.282670e-02,0.0001,3.3179,0,5,23,814,73,87
1186,974,2160,0.549074,0.894,1.738992e+04,1.283720e-02,0.0001,3.3102,0,5,136,813,73,87
1187,973,2160,0.549537,0.894,1.733084e+04,1.293185e-02,0.0001,3.2983,0,2,117,812,73,87
1188,972,2160,0.55,0.894,1.728602e+04,1.325020e-02,0.0001,3.3061,0,4,134,811,73,87
1189,971,2160,0.550463,0.891,1.742105e+04,1.316266e-02,0.0001,3.3025,0,9,99,810,73,87
1190,970,2160,0.550926,0.891,1.754417e+04,1.298790e-02,0.0001,3.2824,0,5,183,809,73,87
1191,969,2160,0.551389,0.891,1.748172e+04,1.333396e-02,0.0001,3.3035,0,7,13,808,73,87
1192,968,2160,0.551852,0.891,1.786116e+04,1.324493e-02,0.0001,3.2999,0,1,99,807,73,87
1193,967,2160,0.552315,0.891,1.776859e+04,1.302292e-02,0.0001,3.2943,0,5,143,806,73,87
1194,966,2160,0.552778,0.891,1.767070e+04,1.305886e-02,0.0001,3.3005,0,5,172,805,73,87
1195,965,2160,0.553241,0.891,1.760409e+04,1.305465e-02,0.0001,3.3026,0,7,112,804,73,87
1196,964,2160,0.553704,0.89,1.804362e+04,1.329006e-02,0.0001,3.2892,0,9,32,803,73,87
1197,963,2160,0.554167,0.89,1.814635e+04,1.333967e-02,0.0001,3.3078,0,3,85,802,73,87
1198,962,2160,0.55463,0.891,1.840896e+04,1.236615e-02,0.0001,3.2982,0,8,13,801,73,87
1199,961,2160,0.555093,0.891,1.819985e+04,1.311250e-02,0.0001,3.3015,0,5,51,800,73,87
1200,960,2160,0.555556,0.891,1.811471e+04,1.306096e-02,0.0001,3.2954,0,0,175,799,73,87
1201,959,2160,0.556019,0.892,1.814288e+04,1.295334e-02,0.0001,3.3029,0,5,174,798,73,87
1202,958,2160,0.556481,0.891,1.809975e+04,1.310055e-02,0.0001,3.2962,0,7,153,797,73,87
1203,957,2160,0.556944,0.891,1.855090e+04,1.315543e-02,0.0001,3.2907,0,0,71,796,73,87
1204,956,2160,0.557407,0.89,1.858229e+04,1.296741e-02,0.0001,3.2955,0,0,62,795,73,87
1205,955,2160,0.55787,0.892,1.864015e+04,1.275966e-02,0.0001,3.3056,0,8,85,794,73,87
1206,954,2160,0.558333,0.892,1.857618e+04,1.333460e-02,0.0001,3.2958,0,4,58,793,73,87
1207,953,2160,0.558796,0.893,1.873771e+04,1.365569e-02,0.0001,3.298,0,6,166,792,73,87
1208,952,2160,0.559259,0.892,1.894725e+04,9.630100e-03,0.0001,3.2905,0,3,166,791,73,87
1209,951,2160,0.559722,0.891,1.875636e+04,1.295598e-02,0.0001,0.9425,0,5,39,790,73,87
1210,950,2160,0.560185,0.891,1.876065e+04,1.342930e-02,0.0001,3.3157,0,1,80,789,73,87
1211,949,2160,0.560648,0.89,1.874761e+04,1.361107e-02,0.0001,3.322,0,4,97,788,73,87
1212,948,2160,0.561111,0.89,1.898555e+04,1.348142e-02,0.0001,3.3137,1,6,1,788,72,87
1213,947,2160,0.561574,0.887,1.891418e+04,1.345777e-02,0.0001,3.3072,0,2,173,787,72,87
1214,946,2160,0.562037,0.887,1.886621e+04,1.366182e-02,0.0001,3.2976,0,5,170,786,72,87
1215,945,2160,0.5625,0.887,1.885909e+04,1.455549e-02,0.0001,3.3047,0,3,20,785,72,87
1216,944,2160,0.562963,0.888,1.901119e+04,1.272671e-02,0.0001,3.295,0,4,20,784,72,87
1217,943,2160,0.563426,0.885,1.900668e+04,1.391838e-02,0.0001,3.2976,2,4,2,784,72,86
1218,942,2160,0.563889,0.886,1.897762e+04,1.469356e-02,0.0001,3.2671,0,6,174,783,72,86
1219,941,2160,0.564352,0.885,1.913710e+04,1.247679e-02,0.0001,3.3034,0,3,174,782,72,86
1220,940,2160,0.564815,0.884,1.905130e+04,1.428617e-02,0.0001,3.3065,0,3,44,781,72,86
1221,939,2160,0.565278,0.885,1.931920e+04,1.428122e-02,0.0001,3.3064,0,4,169,780,72,86
1222,938,2160,0.565741,0.886,1.947621e+04,1.432056e-02,0.0001,3.304,1,9,0,780,71,86
1223,937,2160,0.566204,0.879,1.947922e+04,1.399670e-02,0.0001,3.2979,0,5,93,779,71,86
1224,936,2160,0.566667,0.882,1.938679e+04,1.386201e-02,0.0001,3.2976,0,5,87,778,71,86
1225,935,2160,0.56713,0.885,1.932866e+04,1.391327e-02,0.0001,3.3062,0,0,84,777,71,86
1226,934,2160,0.567593,0.886,1.937923e+04,1.383982e-02,0.0001,3.2955,0,4,181,776,71,86
1227,933,2160,0.568056,0.886,1.964282e+04,1.384508e-02,0.0001,3.32,0,4,38,775,71,86
1228,932,2160,0.568519,0.885,1.993110e+04,1.478786e-02,0.0001,3.3005,0,6,147,774,71,86
1229,931,2160,0.568981,0.885,2.010383e+04,1.397933e-02,0.0001,3.3115,0,5,114,773,71,86
1230,930,2160,0.569444,0.885,1.999543e+04,1.402076e-02,0.0001,3.3101,0,0,116,772,71,86
1231,929,2160,0.569907,0.885,2.001872e+04,1.387562e-02,0.0001,3.2961,0,2,2,771,71,86
1232,928,2160,0.57037,0.885,1.995314e+04,1.365026e-02,0.0001,3.297,0,5,130,770,71,86
1233,927,2160,0.570833,0.885,1.989215e+04,1.445022e-02,0.0001,3.2984,0,7,155,769,71,86
1234,926,2160,0.571296,0.884,2.020966e+04,1.395654e-02,0.0001,3.3052,0,5,95,768,71,86
1235,925,2160,0.571759,0.885,2.009050e+04,1.394590e-02,0.0001,3.2905,0,5,88,767,71,86
1236,924,2160,0.572222,0.885,2.003529e+04,1.404852e-02,0.0001,3.296,0,9,170,766,71,86
1237,923,2160,0.572685,0.885,2.022443e+04,1.408540e-02,0.0001,3.2864,0,8,155,765,71,86
1238,922,2160,0.573148,0.886,2.008523e+04,1.517298e-02,0.0001,3.2936,1,4,0,765,70,86
1239,921,2160,0.573611,0.885,2.018714e+04,1.448430e-02,0.0001,3.292,0,3,74,764,70,86
1240,920,2160,0.574074,0.886,2.024500e+04,1.406689e-02,0.0001,3.2993,0,2,8,763,70,86
1241,919,2160,0.574537,0.886,2.012542e+04,1.452031e-02,0.0001,3.313,0,3,83,762,70,86
1242,918,2160,0.575,0.885,2.040113e+04,1.431892e-02,0.0001,3.3159,0,8,3,761,70,86
1243,917,2160,0.575463,0.885,2.033654e+04,1.481580e-02,0.0001,3.2933,0,6,191,760,70,86
1244,916,2160,0.575926,0.885,2.057655e+04,1.398602e-02,0.0001,3.2965,0,2,170,759,70,86
1245,915,2160,0.576389,0.885,2.039734e+04,1.432253e-02,0.0001,3.3102,0,4,10,758,70,86
1246,914,2160,0.576852,0.886,2.061865e+04,1.398988e-02,0.0001,3.2981,0,2,10,757,70,86
1247,913,2160,0.577315,0.886,2.048939e+04,1.395695e-02,0.0001,3.298,0,2,134,756,70,86
1248,912,2160,0.577778,0.886,2.042429e+04,1.391904e-02,0.0001,3.3032,0,5,162,755,70,86
1249,911,2160,0.578241,0.886,2.037280e+04,1.389824e-02,0.0001,3.2966,0,4,193,754,70,86
1250,910,2160,0.578704,0.886,2.069932e+04,1.408465e-02,0.0001,3.3056,0,6,181,753,70,86
1251,909,2160,0.579167,0.886,2.118615e+04,1.420827e-02,0.0001,3.2897,0,9,116,752,70,86
1252,908,2160,0.57963,0.886,2.134183e+04,1.436589e-02,0.0001,3.2985,0,8,165,751,70,86
1253,907,2160,0.580093,0.887,2.127613e+04,1.408845e-02,0.0001,3.3015,0,5,192,750,70,86
1254,906,2160,0.580556,0.887,2.121535e+04,1.397898e-02,0.0001,3.3058,0,8,83,749,70,86
1255,905,2160,0.581019,0.887,2.116491e+04,1.426027e-02,0.0001,3.311,0,0,42,748,70,86
1256,904,2160,0.581481,0.887,2.124484e+04,1.423985e-02,0.0001,3.3027,0,2,27,747,70,86
1257,903,2160,0.581944,0.887,2.117821e+04,1.418495e-02,0.0001,3.3139,1,4,5,747,69,86
1258,902,2160,0.582407,0.888,2.115436e+04,1.448816e-02,0.0001,3.2947,0,8,39,746,69,86
1259,901,2160,0.58287,0.888,2.112622e+04,1.418771e-02,0.0001,3.3015,0,7,133,745,69,86
1260,900,2160,0.583333,0.886,2.166374e+04,1.459533e-02,0.0001,3.2804,0,3,191,744,69,86
1261,899,2160,0.583796,0.885,2.204100e+04,1.491609e-02,0.0001,3.3034,0,7,189,743,69,86
1262,898,2160,0.584259,0.885,2.232253e+04,1.407440e-02,0.0001,3.2968,0,8,42,742,69,86
1263,897,2160,0.584722,0.886,2.226024e+04,1.451597e-02,0.0001,3.3075,0,4,132,741,69,86
1264,896,2160,0.585185,0.89,2.246088e+04,1.452447e-02,0.0001,3.3062,0,6,11,740,69,86
1265,895,2160,0.585648,0.888,2.296937e+04,1.433607e-02,0.0001,3.3121,0,7,97,739,69,86
1266,894,2160,0.586111,0.887,2.350180e+04,1.445488e-02,0.0001,3.3096,0,1,169,738,69,86
1267,893,2160,0.586574,0.887,2.345146e+04,1.411974e-02,0.0001,3.3032,0,2,38,737,69,86
1268,892,2160,0.587037,0.887,2.336088e+04,1.421663e-02,0.0001,3.3077,0,1,93,736,69,86
1269,891,2160,0.5875,0.888,2.333862e+04,1.391250e-02,0.0001,3.2966,0,9,11,735,69,86
1270,890,2160,0.587963,0.889,2.347935e+04,1.436365e-02,0.0001,3.3033,0,1,16,734,69,86
1271,889,2160,0.588426,0.89,2.346892e+04,1.457088e-02,0.0001,3.3059,0,0,59,733,69,86
1272,888,2160,0.588889,0.888,2.354337e+04,1.499819e-02,0.0001,3.3002,0,3,30,732,69,86
1273,887,2160,0.589352,0.887,2.380618e+04,1.540906e-02,0.0001,3.304,0,3,35,731,69,86
1274,886,2160,0.589815,0.885,2.394359e+04,1.467768e-02,0.0001,3.2924,0,1,129,730,69,86
1275,885,2160,0.590278,0.885,2.384290e+04,1.456684e-02,0.0001,3.3036,0,7,35,729,69,86
1276,884,2160,0.590741,0.885,2.426736e+04,1.450328e-02,0.0001,3.2967,0,1,111,728,69,86
1277,883,2160,0.591204,0.884,2.419772e+04,1.417789e-02,0.0001,3.2972,0,5,133,727,69,86
1278,882,2160,0.591667,0.884,2.407079e+04,1.492644e-02,0.0001,3.3158,0,4,124,726,69,86
1279,881,2160,0.59213,0.883,2.427260e+04,1.462435e-02,0.0001,3.3045,0,4,185,725,69,86
1280,880,2160,0.592593,0.884,2.460733e+04,1.460555e-02,0.0001,3.3106,0,5,71,724,69,86
1281,879,2160,0.593056,0.882,2.455739e+04,1.501359e-02,0.0001,3.3119,0,4,165,723,69,86
1282,878,2160,0.593519,0.882,2.475093e+04,1.476429e-02,0.0001,3.3145,0,1,18,722,69,86
1283,877,2160,0.593981,0.881,2.468344e+04,1.558353e-02,0.0001,3.3085,0,6,31,721,69,86
1284,876,2160,0.594444,0.881,2.498499e+04,1.535591e-02,0.0001,3.3125,0,7,165,720,69,86
1285,875,2160,0.594907,0.884,2.524946e+04,1.637348e-02,0.0001,3.3082,0,6,54,719,69,86
1286,874,2160,0.59537,0.883,2.537355e+04,1.543882e-02,0.0001,3.3142,0,2,122,718,69,86
1287,873,2160,0.595833,0.884,2.522630e+04,1.605005e-02,0.0001,3.301,1,7,7,718,68,86
1288,872,2160,0.596296,0.882,2.523848e+04,1.527301e-02,0.0001,3.3003,0,2,71,717,68,86
1289,871,2160,0.596759,0.882,2.514446e+04,1.589087e-02,0.0001,3.3051,0,3,124,716,68,86
1290,870,2160,0.597222,0.881,2.534937e+04,1.625384e-02,0.0001,3.3059,0,6,71,715,68,86
1291,869,2160,0.597685,0.881,2.540946e+04,1.533938e-02,0.0001,3.2937,0,6,70,714,68,86
1292,868,2160,0.598148,0.878,2.596725e+04,1.413345e-02,0.0001,3.3001,0,4,70,713,68,86
1293,867,2160,0.598611,0.878,2.606968e+04,1.436139e-02,0.0001,3.3032,0,8,71,712,68,86
1294,866,2160,0.599074,0.877,2.607662e+04,1.502124e-02,0.0001,3.2965,0,4,109,711,68,86
1295,865,2160,0.599537,0.88,2.647570e+04,1.520418e-02,0.0001,3.3034,0,7,55,710,68,86
1296,864,2160,0.6,0.879,2.719175e+04,1.540502e-02,0.0001,3.2923,0,0,24,709,68,86
1297,863,2160,0.600463,0.879,2.728677e+04,1.533635e-02,0.0001,3.3093,0,1,38,708,68,86
1298,862,2160,0.600926,0.878,2.725695e+04,1.577633e-02,0.0001,3.3046,0,0,161,707,68,86
1299,861,2160,0.601389,0.879,2.733532e+04,1.554649e-02,0.0001,3.3125,0,2,148,706,68,86
1300,860,2160,0.601852,0.879,2.728686e+04,1.571039e-02,0.0001,3.295,0,0,132,705,68,86
1301,859,2160,0.602315,0.878,2.734604e+04,1.583850e-02,0.0001,3.3071,1,1,3,705,67,86
1302,858,2160,0.602778,0.876,2.738059e+04,1.555142e-02,0.0001,3.2919,0,5,49,704,67,86
1303,857,2160,0.603241,0.876,2.734464e+04,1.551818e-02,0.0001,3.3017,0,5,159,703,67,86
1304,856,2160,0.603704,0.876,2.731635e+04,1.559974e-02,0.0001,3.3025,0,1,121,702,67,86
1305,855,2160,0.604167,0.875,2.730662e+04,1.639559e-02,0.0001,3.3029,0,3,171,701,67,86
1306,854,2160,0.60463,0.874,2.764767e+04,1.624163e-02,0.0001,3.3111,0,4,150,700,67,86
1307,853,2160,0.605093,0.875,2.785167e+04,1.616416e-02,0.0001,3.3064,0,9,72,699,67,86
1308,852,2160,0.605556,0.875,2.794663e+04,1.594347e-02,0.0001,3.2992,0,4,69,698,67,86
1309,851,2160,0.606019,0.876,2.827234e+04,1.577136e-02,0.0001,3.3027,0,4,17,697,67,86
1310,850,2160,0.606481,0.875,2.869330e+04,1.608351e-02,0.0001,3.2919,0,9,148,696,67,86
1311,849,2160,0.606944,0.875,2.885448e+04,1.608046e-02,0.0001,3.3117,0,4,180,695,67,86
1312,848,2160,0.607407,0.874,2.914493e+04,1.596041e-02,0.0001,3.2943,0,1,49,694,67,86
1313,847,2160,0.60787,0.871,2.903530e+04,1.622342e-02,0.0001,3.2987,0,4,33,693,67,86
1314,846,2160,0.608333,0.871,2.927615e+04,1.644303e-02,0.0001,3.3124,0,3,182,692,67,86
1315,845,2160,0.608796,0.873,2.969842e+04,1.604738e-02,0.0001,3.303,0,1,192,691,67,86
1316,844,2160,0.609259,0.87,2.956111e+04,1.625337e-02,0.0001,3.3043,0,4,13,690,67,86
1317,843,2160,0.609722,0.871,3.002424e+04,1.546310e-02,0.0001,3.2942,0,9,33,689,67,86
1318,842,2160,0.610185,0.871,3.007540e+04,1.632693e-02,0.0001,3.2932,0,4,148,688,67,86
1319,841,2160,0.610648,0.869,3.035317e+04,1.603915e-02,0.0001,3.2986,0,2,182,687,67,86
1320,840,2160,0.611111,0.869,3.025383e+04,1.649230e-02,0.0001,3.2976,0,9,145,686,67,86
1321,839,2160,0.611574,0.872,3.046015e+04,1.743636e-02,0.0001,3.312,0,6,160,685,67,86
1322,838,2160,0.612037,0.872,3.060088e+04,1.683844e-02,0.0001,3.2933,0,9,188,684,67,86
1323,837,2160,0.6125,0.873,3.064736e+04,1.674986e-02,0.0001,3.2989,0,4,39,683,67,86
1324,836,2160,0.612963,0.873,3.081537e+04,1.632306e-02,0.0001,3.3067,0,5,47,682,67,86
1325,835,2160,0.613426,0.873,3.067578e+04,1.643196e-02,0.0001,3.3061,0,9,71,681,67,86
1326,834,2160,0.613889,0.873,3.088897e+04,1.648884e-02,0.0001,3.3102,0,9,135,680,67,86
1327,833,2160,0.614352,0.874,3.096485e+04,1.656008e-02,0.0001,3.3,0,9,73,679,67,86
1328,832,2160,0.614815,0.874,3.111539e+04,1.646243e-02,0.0001,3.3029,0,8,87,678,67,86
1329,831,2160,0.615278,0.873,3.097906e+04,1.652244e-02,0.0001,3.2934,0,6,192,677,67,86
1330,830,2160,0.615741,0.873,3.168349e+04,1.603116e-02,0.0001,3.2871,0,2,69,676,67,86
1331,829,2160,0.616204,0.874,3.151444e+04,1.649691e-02,0.0001,3.3042,0,0,179,675,67,86
1332,828,2160,0.616667,0.869,3.160127e+04,1.548423e-02,0.0001,3.2955,0,7,179,674,67,86
1333,827,2160,0.61713,0.87,3.199044e+04,1.532234e-02,0.0001,3.2916,0,6,179,673,67,86
1334,826,2160,0.617593,0.87,3.204930e+04,1.639531e-02,0.0001,3.3094,0,0,123,672,67,86
1335,825,2160,0.618056,0.872,3.220551e+04,1.703228e-02,0.0001,3.3053,0,7,36,671,67,86
1336,824,2160,0.618519,0.871,3.259387e+04,1.689330e-02,0.0001,3.3043,0,9,114,670,67,86
1337,823,2160,0.618981,0.87,3.266834e+04,1.655547e-02,0.0001,3.2893,0,1,148,669,67,86
1338,822,2160,0.619444,0.872,3.256829e+04,1.673698e-02,0.0001,3.2843,0,9,95,668,67,86
1339,821,2160,0.619907,0.874,3.280775e+04,1.687363e-02,0.0001,3.294,0,4,151,667,67,86
1340,820,2160,0.62037,0.871,3.309055e+04,1.646571e-02,0.0001,3.306,2,6,0,667,67,85
1341,819,2160,0.620833,0.872,3.294264e+04,1.677392e-02,0.0001,3.3106,0,4,172,666,67,85
1342,818,2160,0.621296,0.873,3.322448e+04,1.743247e-02,0.0001,3.3108,0,6,39,665,67,85
1343,817,2160,0.621759,0.874,3.327292e+04,1.685080e-02,0.0001,3.3038,0,4,44,664,67,85
1344,816,2160,0.622222,0.876,3.344315e+04,1.717035e-02,0.0001,3.299,0,7,23,663,67,85
1345,815,2160,0.622685,0.873,3.391053e+04,1.679506e-02,0.0001,3.2854,0,1,75,662,67,85
1346,814,2160,0.623148,0.874,3.372429e+04,1.672617e-02,0.0001,3.3017,0,9,165,661,67,85
1347,813,2160,0.623611,0.876,3.393068e+04,1.663688e-02,0.0001,3.3212,0,7,83,660,67,85
1348,812,2160,0.624074,0.873,3.469280e+04,1.726923e-02,0.0001,3.3016,0,7,120,659,67,85
1349,811,2160,0.624537,0.875,3.506778e+04,1.700747e-02,0.0001,3.2766,0,4,107,658,67,85
1350,810,2160,0.625,0.876,3.532692e+04,1.758855e-02,0.0001,3.309,0,3,127,657,67,85
1351,809,2160,0.625463,0.875,3.559391e+04,1.709280e-02,0.0001,3.3013,0,0,141,656,67,85
1352,808,2160,0.625926,0.875,3.547086e+04,1.687106e-02,0.0001,3.3094,0,0,3,655,67,85
1353,807,2160,0.626389,0.875,3.549679e+04,1.608194e-02,0.0001,3.3089,0,7,3,654,67,85
1354,806,2160,0.626852,0.874,3.594045e+04,1.649381e-02,0.0001,3.3039,0,4,26,653,67,85
1355,805,2160,0.627315,0.874,3.649977e+04,1.648724e-02,0.0001,3.3056,0,4,195,652,67,85
1356,804,2160,0.627778,0.873,3.700578e+04,1.688786e-02,0.0001,3.3022,0,4,18,651,67,85
1357,803,2160,0.628241,0.873,3.733844e+04,1.745560e-02,0.0001,3.3049,0,6,8,650,67,85
1358,802,2160,0.628704,0.873,3.778514e+04,1.265280e-02,0.0001,3.3048,0,7,8,649,67,85
1359,801,2160,0.629167,0.872,3.748763e+04,1.688723e-02,0.0001,3.3153,0,9,30,648,67,85
1360,800,2160,0.62963,0.871,3.770100e+04,1.707153e-02,0.0001,3.3148,0,9,84,647,67,85
1361,799,2160,0.630093,0.874,3.792830e+04,1.544167e-02,0.0001,3.2794,0,6,84,646,67,85
1362,798,2160,0.630556,0.874,3.818925e+04,1.674551e-02,0.0001,3.3166,0,7,154,645,67,85
1363,797,2160,0.631019,0.873,3.898806e+04,1.663533e-02,0.0001,3.3066,0,1,84,644,67,85
1364,796,2160,0.631481,0.871,3.887510e+04,1.656623e-02,0.0001,3.3009,0,8,84,643,67,85
1365,795,2160,0.631944,0.873,3.865843e+04,1.682089e-02,0.0001,3.305,0,8,158,642,67,85
1366,794,2160,0.632407,0.872,3.868291e+04,1.769052e-02,0.0001,3.3071,1,7,6,642,66,85
1367,793,2160,0.63287,0.872,3.867925e+04,1.522141e-02,0.0001,3.3092,0,7,158,641,66,85
1368,792,2160,0.633333,0.874,3.905481e+04,1.665847e-02,0.0001,3.3098,0,0,118,640,66,85
1369,791,2160,0.633796,0.868,3.907016e+04,1.670707e-02,0.0001,3.314,0,0,145,639,66,85
1370,790,2160,0.634259,0.87,3.918272e+04,1.648351e-02,0.0001,3.3145,0,9,194,638,66,85
1371,789,2160,0.634722,0.868,3.962042e+04,1.650545e-02,0.0001,3.3073,0,8,14,637,66,85
1372,788,2160,0.635185,0.868,3.977211e+04,1.650481e-02,0.0001,3.3166,0,5,154,636,66,85
1373,787,2160,0.635648,0.868,3.960895e+04,1.664370e-02,0.0001,3.2982,0,1,176,635,66,85
1374,786,2160,0.636111,0.87,3.960457e+04,1.708254e-02,0.0001,3.2975,0,1,79,634,66,85
1375,785,2160,0.636574,0.867,3.959849e+04,1.740440e-02,0.0001,3.3092,0,0,21,633,66,85
1376,784,2160,0.637037,0.866,3.966737e+04,1.726110e-02,0.0001,3.2879,1,2,0,633,65,85
1377,783,2160,0.6375,0.869,3.958829e+04,1.711923e-02,0.0001,3.2959,1,0,5,633,64,85
1378,782,2160,0.637963,0.866,3.953532e+04,1.740632e-02,0.0001,3.3162,0,0,172,632,64,85
1379,781,2160,0.638426,0.868,3.960240e+04,1.812478e-02,0.0001,3.3039,0,3,142,631,64,85
1380,780,2160,0.638889,0.868,4.020159e+04,1.871390e-02,0.0001,3.3072,0,3,21,630,64,85
1381,779,2160,0.639352,0.869,4.021527e+04,1.795161e-02,0.0001,3.3049,0,8,50,629,64,85
1382,778,2160,0.639815,0.869,3.996506e+04,1.736479e-02,0.0001,3.3064,0,5,118,628,64,85
1383,777,2160,0.640278,0.869,3.986164e+04,1.739765e-02,0.0001,3.3104,0,1,158,627,64,85
1384,776,2160,0.640741,0.867,3.980187e+04,1.738491e-02,0.0001,3.3032,0,2,64,626,64,85
1385,775,2160,0.641204,0.867,3.976465e+04,1.805611e-02,0.0001,3.2992,0,7,106,625,64,85
1386,774,2160,0.641667,0.865,4.037532e+04,1.753898e-02,0.0001,3.3155,0,2,51,624,64,85
1387,773,2160,0.64213,0.863,4.022281e+04,1.749596e-02,0.0001,3.3099,0,3,184,623,64,85
1388,772,2160,0.642593,0.864,4.131053e+04,1.807237e-02,0.0001,3.2985,0,7,45,622,64,85
1389,771,2160,0.643056,0.863,4.183067e+04,1.358586e-02,0.0001,3.3202,0,6,45,621,64,85
1390,770,2160,0.643519,0.863,4.173340e+04,1.829420e-02,0.0001,3.305,0,7,19,620,64,85
1391,769,2160,0.643981,0.863,4.214548e+04,1.829546e-02,0.0001,3.308,0,7,34,619,64,85
1392,768,2160,0.644444,0.863,4.251917e+04,1.817119e-02,0.0001,3.2983,0,9,152,618,64,85
1393,767,2160,0.644907,0.862,4.277192e+04,1.827786e-02,0.0001,3.3124,0,9,75,617,64,85
1394,766,2160,0.64537,0.862,4.281303e+04,1.789934e-02,0.0001,3.317,0,2,108,616,64,85
1395,765,2160,0.645833,0.862,4.259573e+04,1.826104e-02,0.0001,3.317,0,7,108,615,64,85
1396,764,2160,0.646296,0.863,4.300825e+04,1.791955e-02,0.0001,3.3106,0,6,152,614,64,85
1397,763,2160,0.646759,0.861,4.324672e+04,1.170804e-02,0.0001,3.3073,0,7,152,613,64,85
1398,762,2160,0.647222,0.862,4.279288e+04,1.738039e-02,0.0001,3.3084,0,5,194,612,64,85
1399,761,2160,0.647685,0.862,4.270239e+04,1.815076e-02,0.0001,3.3004,0,7,20,611,64,85
1400,760,2160,0.648148,0.86,4.317478e+04,1.814748e-02,0.0001,3.3089,0,9,86,610,64,85
1401,759,2160,0.648611,0.862,4.317282e+04,1.780544e-02,0.0001,3.2915,0,8,19,609,64,85
1402,758,2160,0.649074,0.863,4.289346e+04,1.734225e-02,0.0001,3.3065,0,1,108,608,64,85
1403,757,2160,0.649537,0.862,4.271767e+04,1.777648e-02,0.0001,3.2985,0,9,146,607,64,85
1404,756,2160,0.65,0.864,4.287708e+04,1.739079e-02,0.0001,3.3005,0,2,63,606,64,85
1405,755,2160,0.650463,0.863,4.274105e+04,1.769000e-02,0.0001,3.3089,0,0,165,605,64,85
1406,754,2160,0.650926,0.86,4.281317e+04,1.746939e-02,0.0001,3.3191,0,5,119,604,64,85
1407,753,2160,0.651389,0.859,4.268881e+04,1.894492e-02,0.0001,3.3074,0,6,74,603,64,85
1408,752,2160,0.651852,0.86,4.312671e+04,1.793116e-02,0.0001,3.2944,0,6,1,602,64,85
1409,751,2160,0.652315,0.859,4.419089e+04,1.766567e-02,0.0001,3.3031,0,5,15,601,64,85
1410,750,2160,0.652778,0.859,4.413678e+04,1.775285e-02,0.0001,3.3104,0,9,85,600,64,85
1411,749,2160,0.653241,0.86,4.476457e+04,1.759483e-02,0.0001,3.2967,0,9,3,599,64,85
1412,748,2160,0.653704,0.859,4.535565e+04,1.787029e-02,0.0001,3.3061,0,1,82,598,64,85
1413,747,2160,0.654167,0.859,4.535441e+04,1.847757e-02,0.0001,3.2979,0,9,66,597,64,85
1414,746,2160,0.65463,0.859,4.562617e+04,1.818552e-02,0.0001,3.2836,0,3,57,596,64,85
1415,745,2160,0.655093,0.859,4.686958e+04,1.715274e-02,0.0001,3.3134,0,4,66,595,64,85
1416,744,2160,0.655556,0.858,4.705278e+04,1.780017e-02,0.0001,3.2916,0,8,7,594,64,85
1417,743,2160,0.656019,0.857,4.726302e+04,1.786993e-02,0.0001,3.3008,0,9,158,593,64,85
1418,742,2160,0.656481,0.858,4.789530e+04,1.810968e-02,0.0001,3.3079,0,9,162,592,64,85
1419,741,2160,0.656944,0.858,4.843617e+04,1.891684e-02,0.0001,3.2963,0,4,186,591,64,85
1420,740,2160,0.657407,0.859,4.895277e+04,1.856615e-02,0.0001,3.3091,0,1,78,590,64,85
1421,739,2160,0.65787,0.857,4.880831e+04,1.858846e-02,0.0001,3.3068,0,7,180,589,64,85
1422,738,2160,0.658333,0.858,4.984616e+04,1.852612e-02,0.0001,3.3052,0,2,96,588,64,85
1423,737,2160,0.658796,0.858,4.969581e+04,1.852839e-02,0.0001,3.3086,0,2,24,587,64,85
1424,736,2160,0.659259,0.856,4.961009e+04,1.888973e-02,0.0001,3.3007,0,0,88,586,64,85
1425,735,2160,0.659722,0.854,4.969153e+04,1.868900e-02,0.0001,3.3089,0,1,46,585,64,85
1426,734,2160,0.660185,0.855,4.963543e+04,1.939496e-02,0.0001,3.3154,0,7,104,584,64,85
1427,733,2160,0.660648,0.86,5.010250e+04,1.909197e-02,0.0001,3.3113,0,9,78,583,64,85
1428,732,2160,0.661111,0.855,5.034445e+04,1.920316e-02,0.0001,3.3074,0,6,78,582,64,85
1429,731,2160,0.661574,0.854,5.041803e+04,1.900318e-02,0.0001,3.3157,2,2,1,582,64,84
1430,730,2160,0.662037,0.855,5.023496e+04,1.874661e-02,0.0001,3.3073,0,1,149,581,64,84
1431,729,2160,0.6625,0.855,5.015994e+04,1.925875e-02,0.0001,3.3082,0,9,149,580,64,84
1432,728,2160,0.662963,0.853,5.052238e+04,1.889454e-02,0.0001,3.3063,0,4,126,579,64,84
1433,727,2160,0.663426,0.854,5.140969e+04,1.987555e-02,0.0001,3.299,0,7,37,578,64,84
1434,726,2160,0.663889,0.853,5.181551e+04,1.886738e-02,0.0001,3.3023,0,0,12,577,64,84
1435,725,2160,0.664352,0.852,5.209920e+04,1.962785e-02,0.0001,3.3093,0,7,100,576,64,84
1436,724,2160,0.664815,0.852,5.268117e+04,1.985900e-02,0.0001,3.2998,0,7,136,575,64,84
1437,723,2160,0.665278,0.851,5.301184e+04,1.908842e-02,0.0001,3.3136,0,5,103,574,64,84
1438,722,2160,0.665741,0.852,5.282685e+04,1.953807e-02,0.0001,3.2985,0,4,42,573,64,84
1439,721,2160,0.666204,0.853,5.338871e+04,1.514255e-02,0.0001,3.3074,0,9,42,572,64,84
1440,720,2160,0.666667,0.853,5.287284e+04,1.899004e-02,0.0001,3.3076,0,1,178,571,64,84
1441,719,2160,0.66713,0.852,5.281783e+04,1.897378e-02,0.0001,3.2953,1,0,0,571,63,84
1442,718,2160,0.667593,0.852,5.284431e+04,1.898236e-02,0.0001,3.2896,0,1,151,570,63,84
1443,717,2160,0.668056,0.851,5.277594e+04,1.865477e-02,0.0001,3.3148,0,1,127,569,63,84
1444,716,2160,0.668519,0.852,5.271674e+04,1.972733e-02,0.0001,3.32,0,7,114,568,63,84
1445,715,2160,0.668981,0.851,5.317621e+04,1.906484e-02,0.0001,3.3119,0,7,30,567,63,84
1446,714,2160,0.669444,0.851,5.419462e+04,1.944262e-02,0.0001,3.3138,0,1,171,566,63,84
1447,713,2160,0.669907,0.849,5.410337e+04,2.111222e-02,0.0001,3.2982,0,3,161,565,63,84
1448,712,2160,0.67037,0.851,5.463926e+04,2.076835e-02,0.0001,3.3012,0,4,101,564,63,84
1449,711,2160,0.670833,0.855,5.525523e+04,2.124074e-02,0.0001,3.3051,0,4,190,563,63,84
1450,710,2160,0.671296,0.852,5.571131e+04,2.122432e-02,0.0001,3.3014,0,4,137,562,63,84
1451,709,2160,0.671759,0.853,5.616091e+04,2.161675e-02,0.0001,3.2985,0,7,151,561,63,84
1452,708,2160,0.672222,0.853,5.660580e+04,2.273611e-02,0.0001,3.3015,0,6,129,560,63,84
1453,707,2160,0.672685,0.853,5.671788e+04,1.754462e-02,0.0001,3.2862,0,3,129,559,63,84
1454,706,2160,0.673148,0.851,5.638224e+04,2.066531e-02,0.0001,3.2885,0,6,69,558,63,84
1455,705,2160,0.673611,0.851,5.802563e+04,2.197482e-02,0.0001,3.2965,0,3,131,557,63,84
1456,704,2160,0.674074,0.852,5.861741e+04,2.266610e-02,0.0001,3.3142,1,8,9,557,62,84
1457,703,2160,0.674537,0.848,5.835637e+04,2.063335e-02,0.0001,3.2948,0,0,19,556,62,84
1458,702,2160,0.675,0.848,5.833284e+04,2.019172e-02,0.0001,3.3186,0,1,100,555,62,84
1459,701,2160,0.675463,0.851,5.810728e+04,2.206762e-02,0.0001,3.3045,0,6,61,554,62,84
1460,700,2160,0.675926,0.851,5.875052e+04,2.203998e-02,0.0001,3.3047,0,4,46,553,62,84
1461,699,2160,0.676389,0.848,5.885586e+04,1.868029e-02,0.0001,3.2964,0,9,46,552,62,84
1462,698,2160,0.676852,0.851,5.855097e+04,1.881413e-02,0.0001,3.3103,0,7,61,551,62,84
1463,697,2160,0.677315,0.848,5.915546e+04,2.125617e-02,0.0001,3.312,0,4,156,550,62,84
1464,696,2160,0.677778,0.848,5.982685e+04,2.155765e-02,0.0001,3.2915,0,4,21,549,62,84
1465,695,2160,0.678241,0.85,6.036081e+04,2.102642e-02,0.0001,3.2999,0,2,65,548,62,84
1466,694,2160,0.678704,0.848,6.004839e+04,2.131376e-02,0.0001,3.308,0,7,51,547,62,84
1467,693,2160,0.679167,0.851,6.117650e+04,2.089917e-02,0.0001,3.3042,0,5,65,546,62,84
1468,692,2160,0.67963,0.85,6.095689e+04,2.272695e-02,0.0001,3.2968,0,6,173,545,62,84
1469,691,2160,0.680093,0.85,6.117164e+04,2.167700e-02,0.0001,3.2942,0,0,47,544,62,84
1470,690,2160,0.680556,0.845,6.118829e+04,2.188217e-02,0.0001,3.2965,0,0,81,543,62,84
1471,689,2160,0.681019,0.846,6.114564e+04,2.215718e-02,0.0001,3.3059,0,4,129,542,62,84
1472,688,2160,0.681481,0.846,6.166160e+04,2.239698e-02,0.0001,3.2992,0,4,24,541,62,84
1473,687,2160,0.681944,0.846,6.211138e+04,2.162401e-02,0.0001,3.2923,0,8,111,540,62,84
1474,686,2160,0.682407,0.846,6.232417e+04,2.161977e-02,0.0001,3.3095,0,1,65,539,62,84
1475,685,2160,0.68287,0.843,6.215908e+04,2.138807e-02,0.0001,3.3166,0,8,56,538,62,84
1476,684,2160,0.683333,0.842,6.265286e+04,2.252751e-02,0.0001,3.3132,0,7,101,537,62,84
1477,683,2160,0.683796,0.845,6.342938e+04,2.184804e-02,0.0001,3.3122,0,1,170,536,62,84
1478,682,2160,0.684259,0.841,6.318507e+04,2.249328e-02,0.0001,3.281,0,4,182,535,62,84
1479,681,2160,0.684722,0.839,6.401232e+04,2.196873e-02,0.0001,3.3084,0,5,176,534,62,84
1480,680,2160,0.685185,0.839,6.365302e+04,2.251609e-02,0.0001,3.2923,0,8,88,533,62,84
1481,679,2160,0.685648,0.839,6.347427e+04,2.160614e-02,0.0001,3.2991,0,9,88,532,62,84
1482,678,2160,0.686111,0.838,6.374477e+04,2.324122e-02,0.0001,3.3066,0,3,156,531,62,84
1483,677,2160,0.686574,0.839,6.419699e+04,2.613861e-02,0.0001,3.3043,2,3,3,531,62,83
1484,676,2160,0.687037,0.834,6.389908e+04,2.295428e-02,0.0001,3.2996,2,3,9,531,62,82
1485,675,2160,0.6875,0.832,6.387061e+04,2.033031e-02,0.0001,3.3087,0,9,182,530,62,82
1486,674,2160,0.687963,0.832,6.446184e+04,2.304892e-02,0.0001,3.2998,0,3,187,529,62,82
1487,673,2160,0.688426,0.832,6.486015e+04,1.988974e-02,0.0001,3.3036,0,7,187,528,62,82
1488,672,2160,0.688889,0.829,6.510552e+04,2.162482e-02,0.0001,3.3016,0,7,88,527,62,82
1489,671,2160,0.689352,0.828,6.551547e+04,2.138556e-02,0.0001,3.299,0,1,168,526,62,82
1490,670,2160,0.689815,0.827,6.528090e+04,2.103915e-02,0.0001,3.3098,0,9,25,525,62,82
1491,669,2160,0.690278,0.828,6.632114e+04,2.167228e-02,0.0001,3.3079,0,7,176,524,62,82
1492,668,2160,0.690741,0.828,6.723287e+04,2.150527e-02,0.0001,3.3009,0,0,38,523,62,82
1493,667,2160,0.691204,0.83,6.758161e+04,2.135567e-02,0.0001,3.3115,0,3,99,522,62,82
1494,666,2160,0.691667,0.827,6.949741e+04,2.363554e-02,0.0001,3.2954,0,6,103,521,62,82
1495,665,2160,0.69213,0.827,6.970746e+04,2.062566e-02,0.0001,3.3094,0,7,38,520,62,82
1496,664,2160,0.692593,0.828,7.077593e+04,2.148266e-02,0.0001,3.293,0,1,165,519,62,82
1497,663,2160,0.693056,0.827,7.069666e+04,2.332862e-02,0.0001,3.2972,0,3,176,518,62,82
1498,662,2160,0.693519,0.831,7.118701e+04,2.199602e-02,0.0001,3.2952,0,9,10,517,62,82
1499,661,2160,0.693981,0.828,7.215508e+04,2.289223e-02,0.0001,3.3071,0,9,171,516,62,82
1500,660,2160,0.694444,0.83,7.250899e+04,2.148026e-02,0.0001,2.4676,0,8,171,515,62,82
1501,659,2160,0.694907,0.831,7.264776e+04,2.271913e-02,0.0001,3.2923,0,9,58,514,62,82
1502,658,2160,0.69537,0.831,7.326012e+04,2.442440e-02,0.0001,3.2918,0,3,95,513,62,82
1503,657,2160,0.695833,0.829,7.359825e+04,2.241458e-02,0.0001,3.2963,0,1,51,512,62,82
1504,656,2160,0.696296,0.828,7.329936e+04,2.219044e-02,0.0001,3.3092,0,1,41,511,62,82
1505,655,2160,0.696759,0.83,7.322201e+04,2.201120e-02,0.0001,3.3068,0,0,153,510,62,82
1506,654,2160,0.697222,0.829,7.388854e+04,2.178298e-02,0.0001,3.3203,0,5,99,509,62,82
1507,653,2160,0.697685,0.832,7.361283e+04,2.481586e-02,0.0001,3.3058,0,6,157,508,62,82
1508,652,2160,0.698148,0.834,7.432751e+04,2.349688e-02,0.0001,3.3113,0,0,143,507,62,82
1509,651,2160,0.698611,0.832,7.431280e+04,2.377652e-02,0.0001,3.3055,0,3,169,506,62,82
1510,650,2160,0.699074,0.828,7.597444e+04,1.711745e-02,0.0001,3.3018,0,8,169,505,62,82
1511,649,2160,0.699537,0.829,7.474780e+04,2.336230e-02,0.0001,3.2754,0,9,103,504,62,82
1512,648,2160,0.7,0.834,7.538753e+04,2.434045e-02,0.0001,3.3106,0,6,141,503,62,82
1513,647,2160,0.700463,0.836,7.667512e+04,2.333769e-02,0.0001,3.3031,0,9,97,502,62,82
1514,646,2160,0.700926,0.838,7.766864e+04,2.419320e-02,0.0001,3.3088,0,7,128,501,62,82
1515,645,2160,0.701389,0.837,7.823385e+04,2.429698e-02,0.0001,3.2995,0,3,116,500,62,82
1516,644,2160,0.701852,0.828,7.957675e+04,2.355892e-02,0.0001,3.3066,1,8,7,500,61,82
1517,643,2160,0.702315,0.828,7.916595e+04,2.421180e-02,0.0001,3.302,0,7,137,499,61,82
1518,642,2160,0.702778,0.83,7.972698e+04,2.299144e-02,0.0001,3.2998,0,9,83,498,61,82
1519,641,2160,0.703241,0.826,8.067820e+04,2.406858e-02,0.0001,3.3091,0,7,143,497,61,82
1520,640,2160,0.703704,0.825,8.127573e+04,2.338925e-02,0.0001,3.2896,0,0,103,496,61,82
1521,639,2160,0.704167,0.823,8.107616e+04,2.258405e-02,0.0001,3.2881,0,7,40,495,61,82
1522,638,2160,0.70463,0.828,8.282214e+04,2.288080e-02,0.0001,3.2887,0,0,171,494,61,82
1523,637,2160,0.705093,0.83,8.305646e+04,2.245893e-02,0.0001,3.2829,0,1,61,493,61,82
1524,636,2160,0.705556,0.83,8.282030e+04,2.307675e-02,0.0001,3.2894,0,6,19,492,61,82
1525,635,2160,0.706019,0.828,8.464499e+04,2.506458e-02,0.0001,3.2949,0,3,67,491,61,82
1526,634,2160,0.706481,0.829,8.452165e+04,2.268006e-02,0.0001,3.2852,0,1,114,490,61,82
1527,633,2160,0.706944,0.827,8.425967e+04,2.261364e-02,0.0001,3.3017,0,2,124,489,61,82
1528,632,2160,0.707407,0.826,8.407336e+04,2.260871e-02,0.0001,3.3093,0,1,4,488,61,82
1529,631,2160,0.70787,0.826,8.400365e+04,2.537688e-02,0.0001,3.3086,0,3,87,487,61,82
1530,630,2160,0.708333,0.826,8.444931e+04,2.486041e-02,0.0001,3.296,0,3,64,486,61,82
1531,629,2160,0.708796,0.821,8.534892e+04,2.578072e-02,0.0001,3.3338,0,3,138,485,61,82
1532,628,2160,0.709259,0.82,8.530781e+04,1.949201e-02,0.0001,3.3114,0,9,138,484,61,82
1533,627,2160,0.709722,0.821,8.556135e+04,2.236964e-02,0.0001,3.3079,0,0,138,483,61,82
1534,626,2160,0.710185,0.817,8.555748e+04,2.248839e-02,0.0001,3.3099,0,2,76,482,61,82
1535,625,2160,0.710648,0.815,8.536726e+04,2.283057e-02,0.0001,3.3054,0,4,192,481,61,82
1536,624,2160,0.711111,0.814,8.736330e+04,2.302370e-02,0.0001,3.3098,0,1,189,480,61,82
1537,623,2160,0.711574,0.815,8.735592e+04,2.461931e-02,0.0001,3.2872,0,7,144,479,61,82
1538,622,2160,0.712037,0.816,8.822746e+04,2.612236e-02,0.0001,3.2957,0,6,164,478,61,82
1539,621,2160,0.7125,0.817,8.842840e+04,2.013709e-02,0.0001,3.3127,0,3,164,477,61,82
1540,620,2160,0.712963,0.814,8.858325e+04,2.325720e-02,0.0001,3.3023,2,9,0,477,61,81
1541,619,2160,0.713426,0.823,8.833553e+04,2.325623e-02,0.0001,3.3032,1,2,7,477,60,81
1542,618,2160,0.713889,0.822,8.820827e+04,2.412608e-02,0.0001,3.2956,0,0,33,476,60,81
1543,617,2160,0.714352,0.824,8.853867e+04,2.404383e-02,0.0001,3.3098,0,9,155,475,60,81
1544,616,2160,0.714815,0.825,8.954529e+04,2.117495e-02,0.0001,3.3018,0,6,155,474,60,81
1545,615,2160,0.715278,0.821,9.081562e+04,2.337756e-02,0.0001,3.314,0,5,82,473,60,81
1546,614,2160,0.715741,0.819,9.080659e+04,2.665440e-02,0.0001,3.3051,0,3,50,472,60,81
1547,613,2160,0.716204,0.82,9.098544e+04,2.463742e-02,0.0001,3.3086,0,0,32,471,60,81
1548,612,2160,0.716667,0.823,9.120422e+04,2.563550e-02,0.0001,3.3097,0,6,50,470,60,81
1549,611,2160,0.71713,0.822,9.179706e+04,2.504186e-02,0.0001,3.3114,0,4,125,469,60,81
1550,610,2160,0.717593,0.823,9.323435e+04,2.009830e-02,0.0001,3.3093,0,0,125,468,60,81
1551,609,2160,0.718056,0.822,9.222723e+04,2.589758e-02,0.0001,3.2947,0,6,48,467,60,81
1552,608,2160,0.718519,0.824,9.300667e+04,2.650483e-02,0.0001,3.3034,0,3,78,466,60,81
1553,607,2160,0.718981,0.821,9.399875e+04,2.645005e-02,0.0001,3.3146,0,7,134,465,60,81
1554,606,2160,0.719444,0.818,9.417541e+04,2.217451e-02,0.0001,2.6597,0,3,134,464,60,81
1555,605,2160,0.719907,0.819,9.413223e+04,2.768552e-02,0.0001,3.2858,0,3,188,463,60,81
1556,604,2160,0.72037,0.819,9.420769e+04,2.217509e-02,0.0001,3.3024,0,0,188,462,60,81
1557,603,2160,0.720833,0.815,9.353756e+04,2.409789e-02,0.0001,3.2988,0,7,188,461,60,81
1558,602,2160,0.721296,0.823,9.547417e+04,2.466635e-02,0.0001,3.3145,0,3,170,460,60,81
1559,601,2160,0.721759,0.821,9.863343e+04,2.605187e-02,0.0001,3.3096,1,6,6,460,59,81
1560,600,2160,0.722222,0.82,9.880041e+04,2.633873e-02,0.0001,3.297,0,4,53,459,59,81
1561,599,2160,0.722685,0.817,9.966364e+04,2.562360e-02,0.0001,3.3061,0,7,52,458,59,81
1562,598,2160,0.723148,0.815,1.017541e+05,2.618803e-02,0.0001,3.2948,0,8,93,457,59,81
1563,597,2160,0.723611,0.818,1.015483e+05,2.579737e-02,0.0001,3.2986,2,5,7,457,59,80
1564,596,2160,0.724074,0.817,1.017120e+05,2.530771e-02,0.0001,3.3068,0,1,92,456,59,80
1565,595,2160,0.724537,0.819,1.015458e+05,2.818509e-02,0.0001,3.3092,0,3,81,455,59,80
1566,594,2160,0.725,0.815,1.021678e+05,2.661716e-02,0.0001,3.2914,0,9,92,454,59,80
1567,593,2160,0.725463,0.814,1.022509e+05,2.536200e-02,0.0001,3.3015,0,9,179,453,59,80
1568,592,2160,0.725926,0.814,1.037156e+05,2.641472e-02,0.0001,3.2915,0,0,50,452,59,80
1569,591,2160,0.726389,0.814,1.038778e+05,2.604581e-02,0.0001,3.3073,0,7,81,451,59,80
1570,590,2160,0.726852,0.813,1.059346e+05,2.634282e-02,0.0001,3.3196,0,0,134,450,59,80
1571,589,2160,0.727315,0.813,1.060718e+05,2.583682e-02,0.0001,3.294,0,1,145,449,59,80
1572,588,2160,0.727778,0.812,1.059168e+05,2.544899e-02,0.0001,3.3048,2,1,6,449,59,79
1573,587,2160,0.728241,0.811,1.058052e+05,2.795534e-02,0.0001,3.2963,0,3,48,448,59,79
1574,586,2160,0.728704,0.813,1.065719e+05,2.733395e-02,0.0001,3.3103,0,7,77,447,59,79
1575,585,2160,0.729167,0.807,1.076574e+05,2.597883e-02,0.0001,3.312,0,1,77,446,59,79
1576,584,2160,0.72963,0.811,1.070935e+05,2.568311e-02,0.0001,3.3011,0,1,162,445,59,79
1577,583,2160,0.730093,0.813,1.069123e+05,2.784464e-02,0.0001,3.2985,0,6,140,444,59,79
1578,582,2160,0.730556,0.81,1.084585e+05,1.716991e-02,0.0001,3.2943,0,7,140,443,59,79
1579,581,2160,0.731019,0.809,1.076028e+05,2.588969e-02,0.0001,3.3134,0,9,44,442,59,79
1580,580,2160,0.731481,0.808,1.087935e+05,2.619937e-02,0.0001,3.2874,0,7,50,441,59,79
1581,579,2160,0.731944,0.807,1.106781e+05,2.583432e-02,0.0001,3.3138,0,1,161,440,59,79
1582,578,2160,0.732407,0.808,1.103617e+05,2.517317e-02,0.0001,3.3106,0,5,134,439,59,79
1583,577,2160,0.73287,0.808,1.100936e+05,2.577675e-02,0.0001,3.3022,0,1,115,438,59,79
1584,576,2160,0.733333,0.802,1.100130e+05,2.754085e-02,0.0001,3.2984,0,3,110,437,59,79
1585,575,2160,0.733796,0.801,1.117642e+05,2.524565e-02,0.0001,3.2939,0,4,110,436,59,79
1586,574,2160,0.734259,0.804,1.114472e+05,2.574373e-02,0.0001,3.2943,0,2,107,435,59,79
1587,573,2160,0.734722,0.805,1.114010e+05,2.603741e-02,0.0001,3.2911,0,1,55,434,59,79
1588,572,2160,0.735185,0.802,1.113899e+05,2.917635e-02,0.0001,3.3171,0,3,147,433,59,79
1589,571,2160,0.735648,0.801,1.121332e+05,2.741535e-02,0.0001,3.3113,0,8,173,432,59,79
1590,570,2160,0.736111,0.8,1.118481e+05,2.900528e-02,0.0001,3.3105,0,6,60,431,59,79
1591,569,2160,0.736574,0.8,1.129339e+05,2.808320e-02,0.0001,3.3025,0,9,130,430,59,79
1592,568,2160,0.737037,0.798,1.130763e+05,2.817540e-02,0.0001,3.3032,0,9,131,429,59,79
1593,567,2160,0.7375,0.803,1.135230e+05,2.500318e-02,0.0001,3.3035,0,7,60,428,59,79
1594,566,2160,0.737963,0.803,1.145813e+05,2.677699e-02,0.0001,3.3007,0,1,174,427,59,79
1595,565,2160,0.738426,0.798,1.144391e+05,2.761445e-02,0.0001,3.3033,0,4,130,426,59,79
1596,564,2160,0.738889,0.8,1.149730e+05,2.988231e-02,0.0001,3.2956,0,3,136,425,59,79
1597,563,2160,0.739352,0.797,1.156467e+05,2.909117e-02,0.0001,3.3065,0,3,130,424,59,79
1598,562,2160,0.739815,0.791,1.151123e+05,2.735246e-02,0.0001,3.3085,2,7,1,424,59,78
1599,561,2160,0.740278,0.797,1.146407e+05,2.436702e-02,0.0001,3.2846,0,6,130,423,59,78
1600,560,2160,0.740741,0.797,1.159688e+05,2.544014e-02,0.0001,3.299,0,6,136,422,59,78
1601,559,2160,0.741204,0.797,1.180152e+05,2.723341e-02,0.0001,3.2833,0,2,46,421,59,78
1602,558,2160,0.741667,0.796,1.175612e+05,2.633845e-02,0.0001,3.3013,0,0,130,420,59,78
1603,557,2160,0.74213,0.791,1.176465e+05,2.680817e-02,0.0001,3.3014,0,7,164,419,59,78
1604,556,2160,0.742593,0.784,1.203936e+05,2.709014e-02,0.0001,3.2995,0,1,73,418,59,78
1605,555,2160,0.743056,0.785,1.203282e+05,2.907290e-02,0.0001,3.2928,0,4,159,417,59,78
1606,554,2160,0.743519,0.784,1.216362e+05,2.952068e-02,0.0001,3.2902,0,7,71,416,59,78
1607,553,2160,0.743981,0.787,1.228340e+05,2.303809e-02,0.0001,3.3038,0,3,71,415,59,78
1608,552,2160,0.744444,0.779,1.233140e+05,2.433221e-02,0.0001,3.3048,0,9,159,414,59,78
1609,551,2160,0.744907,0.78,1.238549e+05,3.301379e-02,0.0001,3.3138,1,8,4,414,58,78
1610,550,2160,0.74537,0.789,1.247815e+05,2.617576e-02,0.0001,3.2921,0,0,48,413,58,78
1611,549,2160,0.745833,0.789,1.247675e+05,2.806269e-02,0.0001,3.3078,0,5,96,412,58,78
1612,548,2160,0.746296,0.789,1.247356e+05,3.158169e-02,0.0001,3.3073,0,6,37,411,58,78
1613,547,2160,0.746759,0.788,1.257503e+05,2.950633e-02,0.0001,3.3078,0,4,88,410,58,78
1614,546,2160,0.747222,0.783,1.276196e+05,2.722874e-02,0.0001,3.305,0,3,37,409,58,78
1615,545,2160,0.747685,0.788,1.292067e+05,2.928714e-02,0.0001,3.3032,0,0,49,408,58,78
1616,544,2160,0.748148,0.783,1.288132e+05,2.846827e-02,0.0001,3.3021,0,7,161,407,58,78
1617,543,2160,0.748611,0.789,1.312849e+05,2.791145e-02,0.0001,3.2965,0,6,88,406,58,78
1618,542,2160,0.749074,0.783,1.347088e+05,2.980064e-02,0.0001,3.3014,0,4,133,405,58,78
1619,541,2160,0.749537,0.777,1.360332e+05,1.933801e-02,0.0001,3.2955,0,9,133,404,58,78
1620,540,2160,0.75,0.772,1.346684e+05,3.150742e-02,0.0001,3.2843,0,3,128,403,58,78
1621,539,2160,0.750463,0.771,1.350857e+05,3.037616e-02,0.0001,3.3037,0,4,120,402,58,78
1622,538,2160,0.750926,0.767,1.358374e+05,2.966041e-02,0.0001,3.3012,0,0,31,401,58,78
1623,537,2160,0.751389,0.766,1.358625e+05,3.047682e-02,0.0001,3.3067,0,3,120,400,58,78
1624,536,2160,0.751852,0.769,1.354809e+05,2.868140e-02,0.0001,3.3024,0,1,69,399,58,78
1625,535,2160,0.752315,0.769,1.349833e+05,2.906768e-02,0.0001,3.2959,0,8,157,398,58,78
1626,534,2160,0.752778,0.769,1.351186e+05,2.843319e-02,0.0001,3.3003,0,2,9,397,58,78
1627,533,2160,0.753241,0.765,1.349282e+05,3.071788e-02,0.0001,3.2877,0,7,76,396,58,78
1628,532,2160,0.753704,0.764,1.360099e+05,2.845282e-02,0.0001,3.3067,0,3,157,395,58,78
1629,531,2160,0.754167,0.766,1.394411e+05,2.987991e-02,0.0001,3.2911,0,9,122,394,58,78
1630,530,2160,0.75463,0.767,1.399387e+05,2.966992e-02,0.0001,3.2986,0,0,146,393,58,78
1631,529,2160,0.755093,0.765,1.397836e+05,2.894836e-02,0.0001,3.3032,0,4,122,392,58,78
1632,528,2160,0.755556,0.761,1.409972e+05,2.964293e-02,0.0001,3.316,0,4,87,391,58,78
1633,527,2160,0.756019,0.767,1.428091e+05,3.431610e-02,0.0001,3.3104,1,4,4,391,57,78
1634,526,2160,0.756481,0.775,1.427481e+05,3.054603e-02,0.0001,3.2944,0,3,146,390,57,78
1635,525,2160,0.756944,0.772,1.422926e+05,2.978958e-02,0.0001,3.3071,0,7,92,389,57,78
1636,524,2160,0.757407,0.763,1.436198e+05,2.808487e-02,0.0001,3.3032,0,7,129,388,57,78
1637,523,2160,0.75787,0.758,1.460255e+05,3.098899e-02,0.0001,3.3029,0,6,146,387,57,78
1638,522,2160,0.758333,0.75,1.467709e+05,2.570575e-02,0.0001,3.316,0,7,146,386,57,78
1639,521,2160,0.758796,0.76,1.466401e+05,2.798340e-02,0.0001,3.2834,0,6,21,385,57,78
1640,520,2160,0.759259,0.752,1.495375e+05,2.763782e-02,0.0001,3.292,0,9,180,384,57,78
1641,519,2160,0.759722,0.754,1.507383e+05,2.850508e-02,0.0001,3.2939,0,3,165,383,57,78
1642,518,2160,0.760185,0.755,1.540544e+05,2.780828e-02,0.0001,3.2927,0,9,21,382,57,78
1643,517,2160,0.760648,0.753,1.549803e+05,2.825852e-02,0.0001,3.2958,0,1,58,381,57,78
1644,516,2160,0.761111,0.755,1.546655e+05,2.937870e-02,0.0001,3.2884,0,8,117,380,57,78
1645,515,2160,0.761574,0.753,1.543318e+05,2.897315e-02,0.0001,3.3103,1,0,7,380,56,78
1646,514,2160,0.762037,0.752,1.542181e+05,2.783382e-02,0.0001,3.2897,0,1,135,379,56,78
1647,513,2160,0.7625,0.749,1.538238e+05,2.787603e-02,0.0001,3.3024,0,1,106,378,56,78
1648,512,2160,0.762963,0.75,1.535368e+05,2.850827e-02,0.0001,3.3033,0,7,175,377,56,78
1649,511,2160,0.763426,0.744,1.561503e+05,2.910996e-02,0.0001,3.3039,0,1,72,376,56,78
1650,510,2160,0.763889,0.744,1.557672e+05,2.990188e-02,0.0001,3.3102,2,3,1,376,56,77
1651,509,2160,0.764352,0.742,1.554107e+05,2.987319e-02,0.0001,3.2973,0,6,32,375,56,77
1652,508,2160,0.764815,0.735,1.582703e+05,2.609615e-02,0.0001,3.3078,0,4,32,374,56,77
1653,507,2160,0.765278,0.732,1.589908e+05,3.186796e-02,0.0001,3.2917,1,5,9,374,55,77
1654,506,2160,0.765741,0.728,1.591756e+05,2.899150e-02,0.0001,3.3044,0,1,160,373,55,77
1655,505,2160,0.766204,0.728,1.585253e+05,2.861870e-02,0.0001,3.3103,2,4,1,373,55,76
1656,504,2160,0.766667,0.725,1.583661e+05,3.200228e-02,0.0001,3.3044,0,3,163,372,55,76
1657,503,2160,0.76713,0.722,1.590854e+05,2.887356e-02,0.0001,3.309,0,1,122,371,55,76
1658,502,2160,0.767593,0.726,1.585927e+05,2.795658e-02,0.0001,3.3014,0,1,47,370,55,76
1659,501,2160,0.768056,0.724,1.584081e+05,2.906417e-02,0.0001,3.3147,0,9,150,369,55,76
1660,500,2160,0.768519,0.721,1.598252e+05,3.010271e-02,0.0001,3.2938,0,0,187,368,55,76
1661,499,2160,0.768981,0.722,1.601226e+05,3.080433e-02,0.0001,3.3019,0,0,190,367,55,76
1662,498,2160,0.769444,0.723,1.599927e+05,2.266257e-02,0.0001,3.2928,0,3,190,366,55,76
1663,497,2160,0.769907,0.717,1.607296e+05,3.051804e-02,0.0001,3.3041,0,4,176,365,55,76
1664,496,2160,0.77037,0.717,1.619998e+05,3.291802e-02,0.0001,3.2895,0,6,132,364,55,76
1665,495,2160,0.770833,0.715,1.624493e+05,2.664200e-02,0.0001,3.297,0,9,176,363,55,76
1666,494,2160,0.771296,0.715,1.619386e+05,2.818405e-02,0.0001,3.2941,0,1,101,362,55,76
1667,493,2160,0.771759,0.712,1.615556e+05,2.960606e-02,0.0001,3.288,0,9,81,361,55,76
1668,492,2160,0.772222,0.712,1.620229e+05,2.846820e-02,0.0001,3.2996,0,3,132,360,55,76
1669,491,2160,0.772685,0.705,1.644198e+05,2.794185e-02,0.0001,3.309,0,1,60,359,55,76
1670,490,2160,0.773148,0.702,1.637011e+05,2.652368e-02,0.0001,3.297,0,4,81,358,55,76
1671,489,2160,0.773611,0.707,1.651411e+05,3.115283e-02,0.0001,3.301,0,6,150,357,55,76
1672,488,2160,0.774074,0.702,1.657099e+05,3.036547e-02,0.0001,3.2975,0,0,101,356,55,76
1673,487,2160,0.774537,0.708,1.658641e+05,2.970541e-02,0.0001,3.2982,0,7,174,355,55,76
1674,486,2160,0.775,0.7,1.683323e+05,2.955810e-02,0.0001,3.2873,0,1,37,354,55,76
1675,485,2160,0.775463,0.7,1.676210e+05,3.078326e-02,0.0001,3.3037,0,8,59,353,55,76
1676,484,2160,0.775926,0.7,1.674006e+05,2.986678e-02,0.0001,3.3076,0,6,134,352,55,76
1677,483,2160,0.776389,0.706,1.699820e+05,3.114369e-02,0.0001,3.3004,0,3,59,351,55,76
1678,482,2160,0.776852,0.707,1.709492e+05,2.874914e-02,0.0001,3.3143,0,1,136,350,55,76
1679,481,2160,0.777315,0.705,1.702369e+05,2.985414e-02,0.0001,3.313,0,0,51,349,55,76
1680,480,2160,0.777778,0.706,1.702958e+05,2.870267e-02,0.0001,3.3001,2,5,0,349,55,75
1681,479,2160,0.778241,0.706,1.698746e+05,2.963189e-02,0.0001,3.3039,0,4,59,348,55,75
1682,478,2160,0.778704,0.708,1.702821e+05,2.720699e-02,0.0001,3.2914,0,9,59,347,55,75
1683,477,2160,0.779167,0.706,1.692656e+05,2.739904e-02,0.0001,3.3049,0,1,159,346,55,75
1684,476,2160,0.77963,0.703,1.690327e+05,2.650756e-02,0.0001,3.3,0,1,134,345,55,75
1685,475,2160,0.780093,0.707,1.686627e+05,2.738451e-02,0.0001,3.2957,0,2,22,344,55,75
1686,474,2160,0.780556,0.707,1.684625e+05,3.049783e-02,0.0001,3.3024,0,7,173,343,55,75
1687,473,2160,0.781019,0.697,1.695293e+05,2.988360e-02,0.0001,3.2917,0,9,108,342,55,75
1688,472,2160,0.781481,0.701,1.695528e+05,3.006073e-02,0.0001,3.2952,0,4,131,341,55,75
1689,471,2160,0.781944,0.697,1.702583e+05,3.247140e-02,0.0001,3.2852,2,7,3,341,55,74
1690,470,2160,0.782407,0.699,1.695982e+05,2.742809e-02,0.0001,3.2939,0,1,59,340,55,74
1691,469,2160,0.78287,0.701,1.688957e+05,2.824478e-02,0.0001,3.2912,0,5,117,339,55,74
1692,468,2160,0.783333,0.702,1.687009e+05,2.915445e-02,0.0001,3.2898,2,4,7,339,55,73
1693,467,2160,0.783796,0.698,1.684747e+05,2.770691e-02,0.0001,3.3036,0,1,172,338,55,73
1694,466,2160,0.784259,0.695,1.681109e+05,2.816179e-02,0.0001,3.3061,0,5,77,337,55,73
1695,465,2160,0.784722,0.697,1.678645e+05,2.748853e-02,0.0001,3.2848,1,3,1,337,54,73
1696,464,2160,0.785185,0.693,1.675823e+05,2.634658e-02,0.0001,3.2922,0,1,128,336,54,73
1697,463,2160,0.785648,0.691,1.672354e+05,2.664450e-02,0.0001,3.294,0,1,102,335,54,73
1698,462,2160,0.786111,0.689,1.668929e+05,2.589781e-02,0.0001,3.2954,0,1,33,334,54,73
1699,461,2160,0.786574,0.691,1.665784e+05,2.779316e-02,0.0001,3.2924,0,9,107,333,54,73
1700,460,2160,0.787037,0.686,1.675235e+05,2.789172e-02,0.0001,3.2761,2,9,6,333,54,72
1701,459,2160,0.7875,0.678,1.672397e+05,2.757852e-02,0.0001,3.2993,0,1,62,332,54,72
1702,458,2160,0.787963,0.677,1.670065e+05,2.848033e-02,0.0001,3.2998,0,4,62,331,54,72
1703,457,2160,0.788426,0.68,1.682130e+05,2.608336e-02,0.0001,3.2848,0,9,62,330,54,72
1704,456,2160,0.788889,0.676,1.676632e+05,2.753800e-02,0.0001,3.2982,0,8,33,329,54,72
1705,455,2160,0.789352,0.676,1.673920e+05,2.712651e-02,0.0001,3.3055,0,6,33,328,54,72
1706,454,2160,0.789815,0.676,1.678139e+05,2.661328e-02,0.0001,3.291,0,1,39,327,54,72
1707,453,2160,0.790278,0.676,1.676027e+05,2.490901e-02,0.0001,3.301,0,1,132,326,54,72
1708,452,2160,0.790741,0.676,1.672807e+05,2.881565e-02,0.0001,3.2851,0,4,161,325,54,72
1709,451,2160,0.791204,0.675,1.685159e+05,2.737597e-02,0.0001,3.2854,2,1,8,325,54,71
1710,450,2160,0.791667,0.676,1.680113e+05,2.747108e-02,0.0001,3.295,0,8,16,324,54,71
1711,449,2160,0.79213,0.674,1.691115e+05,3.106180e-02,0.0001,3.3008,0,6,117,323,54,71
1712,448,2160,0.792593,0.674,1.691912e+05,2.721700e-02,0.0001,3.2938,0,5,166,322,54,71
1713,447,2160,0.793056,0.675,1.692134e+05,2.695755e-02,0.0001,3.2893,0,5,144,321,54,71
1714,446,2160,0.793519,0.674,1.691838e+05,2.526732e-02,0.0001,3.2999,0,0,144,320,54,71
1715,445,2160,0.793981,0.676,1.692144e+05,2.614639e-02,0.0001,3.283,0,1,97,319,54,71
1716,444,2160,0.794444,0.674,1.690210e+05,2.987586e-02,0.0001,3.2974,0,7,117,318,54,71
1717,443,2160,0.794907,0.677,1.699777e+05,2.700285e-02,0.0001,3.2815,0,1,48,317,54,71
1718,442,2160,0.79537,0.674,1.693750e+05,2.126006e-02,0.0001,3.2889,0,9,117,316,54,71
1719,441,2160,0.795833,0.676,1.688869e+05,2.503615e-02,0.0001,3.2985,0,1,86,315,54,71
1720,440,2160,0.796296,0.677,1.687576e+05,2.595716e-02,0.0001,3.2878,0,1,68,314,54,71
1721,439,2160,0.796759,0.671,1.686851e+05,2.627290e-02,0.0001,3.2898,1,5,7,314,53,71
1722,438,2160,0.797222,0.67,1.685152e+05,2.613360e-02,0.0001,3.2917,0,1,54,313,53,71
1723,437,2160,0.797685,0.67,1.685454e+05,2.635487e-02,0.0001,3.297,0,1,89,312,53,71
1724,436,2160,0.798148,0.67,1.685176e+05,2.657434e-02,0.0001,3.2841,0,0,195,311,53,71
1725,435,2160,0.798611,0.667,1.699204e+05,2.743482e-02,0.0001,3.2766,0,9,191,310,53,71
1726,434,2160,0.799074,0.667,1.706469e+05,2.646610e-02,0.0001,3.2842,0,4,191,309,53,71
1727,433,2160,0.799537,0.664,1.717227e+05,2.996633e-02,0.0001,3.2971,0,6,168,308,53,71
1728,432,2160,0.8,0.656,1.732413e+05,2.187730e-02,0.0001,3.3004,0,8,168,307,53,71
1729,431,2160,0.800463,0.659,1.719701e+05,3.033746e-02,0.0001,3.2827,0,7,148,306,53,71
1730,430,2160,0.800926,0.658,1.731137e+05,2.859999e-02,0.0001,3.2908,0,4,61,305,53,71
1731,429,2160,0.801389,0.656,1.746949e+05,3.123734e-02,0.0001,3.2885,0,3,46,304,53,71
1732,428,2160,0.801852,0.647,1.761908e+05,3.045478e-02,0.0001,3.2646,0,9,65,303,53,71
1733,427,2160,0.802315,0.648,1.756550e+05,2.935021e-02,0.0001,3.2972,0,9,50,302,53,71
1734,426,2160,0.802778,0.646,1.758837e+05,2.582033e-02,0.0001,3.2983,0,0,46,301,53,71
1735,425,2160,0.803241,0.651,1.759320e+05,2.673844e-02,0.0001,3.2924,0,4,50,300,53,71
1736,424,2160,0.803704,0.657,1.776323e+05,3.134749e-02,0.0001,3.2808,0,7,160,299,53,71
1737,423,2160,0.804167,0.655,1.788594e+05,3.243899e-02,0.0001,3.278,0,7,41,298,53,71
1738,422,2160,0.80463,0.656,1.794877e+05,1.534299e-02,0.0001,3.2828,0,6,41,297,53,71
1739,421,2160,0.805093,0.652,1.789481e+05,2.744029e-02,0.0001,3.2904,0,7,159,296,53,71
1740,420,2160,0.805556,0.651,1.828717e+05,2.731826e-02,0.0001,3.3043,0,2,104,295,53,71
1741,419,2160,0.806019,0.65,1.828039e+05,2.708795e-02,0.0001,3.2958,2,8,0,295,53,70
1742,418,2160,0.806481,0.655,1.828457e+05,2.909650e-02,0.0001,3.2878,0,9,118,294,53,70
1743,417,2160,0.806944,0.652,1.835654e+05,2.960424e-02,0.0001,3.3077,0,6,138,293,53,70
1744,416,2160,0.807407,0.649,1.861862e+05,2.883568e-02,0.0001,3.2892,0,4,138,292,53,70
1745,415,2160,0.80787,0.654,1.871574e+05,2.983913e-02,0.0001,3.292,0,6,124,291,53,70
1746,414,2160,0.808333,0.647,1.896622e+05,3.173299e-02,0.0001,3.2881,0,6,128,290,53,70
1747,413,2160,0.808796,0.637,1.910847e+05,3.375952e-02,0.0001,3.2972,0,6,114,289,53,70
1748,412,2160,0.809259,0.632,1.907742e+05,3.156824e-02,0.0001,3.289,0,6,75,288,53,70
1749,411,2160,0.809722,0.631,1.921804e+05,3.073989e-02,0.0001,3.2998,0,7,142,287,53,70
1750,410,2160,0.810185,0.618,1.946468e+05,3.028807e-02,0.0001,3.2786,0,6,20,286,53,70
1751,409,2160,0.810648,0.605,1.969324e+05,3.464983e-02,0.0001,3.289,0,7,82,285,53,70
1752,408,2160,0.811111,0.606,1.972301e+05,3.110166e-02,0.0001,3.2968,0,6,127,284,53,70
1753,407,2160,0.811574,0.593,1.997393e+05,3.016492e-02,0.0001,3.2986,0,9,61,283,53,70
1754,406,2160,0.812037,0.603,2.005242e+05,3.038503e-02,0.0001,3.2998,0,7,145,282,53,70
1755,405,2160,0.8125,0.608,2.044717e+05,3.468137e-02,0.0001,3.2988,0,7,186,281,53,70
1756,404,2160,0.812963,0.605,2.063712e+05,2.044795e-02,0.0001,3.2939,0,3,186,280,53,70
1757,403,2160,0.813426,0.602,2.064933e+05,2.946323e-02,0.0001,3.2944,2,4,9,280,53,69
1758,402,2160,0.813889,0.606,2.059819e+05,2.981917e-02,0.0001,3.2747,0,9,18,279,53,69
1759,401,2160,0.814352,0.607,2.071704e+05,3.286434e-02,0.0001,3.2705,0,9,68,278,53,69
1760,400,2160,0.814815,0.607,2.072497e+05,3.310967e-02,0.0001,3.2911,0,0,177,277,53,69
1761,399,2160,0.815278,0.613,2.076050e+05,3.569286e-02,0.0001,3.3018,0,6,189,276,53,69
1762,398,2160,0.815741,0.617,2.083578e+05,2.494104e-02,0.0001,3.2968,0,3,189,275,53,69
1763,397,2160,0.816204,0.606,2.073016e+05,3.053901e-02,0.0001,3.289,0,4,177,274,53,69
1764,396,2160,0.816667,0.603,2.091963e+05,3.317174e-02,0.0001,3.2874,0,4,106,273,53,69
1765,395,2160,0.81713,0.598,2.103761e+05,3.163648e-02,0.0001,3.2848,0,9,35,272,53,69
1766,394,2160,0.817593,0.585,2.118649e+05,3.263475e-02,0.0001,3.2853,0,6,143,271,53,69
1767,393,2160,0.818056,0.578,2.159365e+05,3.444625e-02,0.0001,3.2893,1,9,9,271,52,69
1768,392,2160,0.818519,0.576,2.154425e+05,3.196807e-02,0.0001,3.2925,0,6,0,270,52,69
1769,391,2160,0.818981,0.569,2.200727e+05,3.201304e-02,0.0001,3.2869,0,0,122,269,52,69
1770,390,2160,0.819444,0.568,2.220532e+05,3.248138e-02,0.0001,3.2867,0,9,47,268,52,69
1771,389,2160,0.819907,0.571,2.234574e+05,3.215725e-02,0.0001,3.2938,0,3,24,267,52,69
1772,388,2160,0.82037,0.58,2.287416e+05,3.355379e-02,0.0001,3.2735,0,6,137,266,52,69
1773,387,2160,0.820833,0.57,2.326534e+05,3.426531e-02,0.0001,3.2895,0,6,144,265,52,69
1774,386,2160,0.821296,0.571,2.360832e+05,3.785554e-02,0.0001,3.2821,0,6,95,264,52,69
1775,385,2160,0.821759,0.571,2.361012e+05,2.897687e-02,0.0001,3.2967,0,1,95,263,52,69
1776,384,2160,0.822222,0.569,2.352705e+05,3.694748e-02,0.0001,3.2856,0,3,58,262,52,69
1777,383,2160,0.822685,0.56,2.374152e+05,3.382247e-02,0.0001,3.2696,0,0,45,261,52,69
1778,382,2160,0.823148,0.551,2.382983e+05,3.485501e-02,0.0001,3.2789,0,0,178,260,52,69
1779,381,2160,0.823611,0.56,2.379977e+05,3.285778e-02,0.0001,3.2946,0,4,60,259,52,69
1780,380,2160,0.824074,0.562,2.397602e+05,3.351239e-02,0.0001,3.2947,0,0,189,258,52,69
1781,379,2160,0.824537,0.573,2.405879e+05,3.340572e-02,0.0001,3.2935,0,9,22,257,52,69
1782,378,2160,0.825,0.573,2.412511e+05,3.227404e-02,0.0001,3.2822,0,1,63,256,52,69
1783,377,2160,0.825463,0.567,2.408388e+05,2.787981e-02,0.0001,3.2928,0,8,22,255,52,69
1784,376,2160,0.825926,0.558,2.411498e+05,2.614685e-02,0.0001,3.2922,0,4,22,254,52,69
1785,375,2160,0.826389,0.565,2.417375e+05,3.265081e-02,0.0001,3.2861,0,0,73,253,52,69
1786,374,2160,0.826852,0.573,2.428853e+05,3.294112e-02,0.0002,3.298,0,0,66,252,52,69
1787,373,2160,0.827315,0.569,2.438548e+05,3.695420e-02,0.0001,3.2897,0,6,135,251,52,69
1788,372,2160,0.827778,0.571,2.449507e+05,2.448769e-02,0.0001,3.2907,0,3,135,250,52,69
1789,371,2160,0.828241,0.566,2.440411e+05,3.253377e-02,0.0001,3.2744,0,4,52,249,52,69
1790,370,2160,0.828704,0.568,2.459080e+05,3.249903e-02,0.0001,3.2848,0,9,60,248,52,69
1791,369,2160,0.829167,0.576,2.480724e+05,3.227913e-02,0.0001,3.2958,0,6,101,247,52,69
1792,368,2160,0.82963,0.581,2.538007e+05,3.199900e-02,0.0001,3.2919,2,2,0,247,52,68
1793,367,2160,0.830093,0.58,2.536982e+05,3.434485e-02,0.0001,3.2994,0,6,34,246,52,68
1794,366,2160,0.830556,0.577,2.578345e+05,3.373143e-02,0.0001,3.2901,0,2,26,245,52,68
1795,365,2160,0.831019,0.581,2.575109e+05,3.696284e-02,0.0001,3.2921,0,3,173,244,52,68
1796,364,2160,0.831481,0.568,2.610507e+05,3.499538e-02,0.0001,3.2849,0,8,37,243,52,68
1797,363,2160,0.831944,0.567,2.625103e+05,3.596632e-02,0.0001,3.2855,0,4,80,242,52,68
1798,362,2160,0.832407,0.57,2.631579e+05,3.843549e-02,0.0001,3.2927,0,0,77,241,52,68
1799,361,2160,0.83287,0.573,2.628111e+05,3.521061e-02,0.0001,3.2887,0,2,139,240,52,68
1800,360,2160,0.833333,0.572,2.626051e+05,4.123625e-02,0.0001,3.2944,0,6,80,239,52,68
1801,359,2160,0.833796,0.57,2.627473e+05,3.747846e-02,0.0001,3.2851,0,0,79,238,52,68
1802,358,2160,0.834259,0.572,2.631108e+05,4.107973e-02,0.0001,3.2853,0,6,66,237,52,68
1803,357,2160,0.834722,0.573,2.640439e+05,3.330135e-02,0.0001,3.2789,0,7,66,236,52,68
1804,356,2160,0.835185,0.579,2.683249e+05,3.524836e-02,0.0001,3.2636,0,6,113,235,52,68
1805,355,2160,0.835648,0.558,2.755735e+05,3.827495e-02,0.0001,3.2826,0,0,65,234,52,68
1806,354,2160,0.836111,0.561,2.762120e+05,3.636994e-02,0.0001,3.2968,0,1,53,233,52,68
1807,353,2160,0.836574,0.565,2.763664e+05,3.609974e-02,0.0001,3.2887,0,4,73,232,52,68
1808,352,2160,0.837037,0.56,2.798447e+05,3.601871e-02,0.0001,3.2795,0,1,152,231,52,68
1809,351,2160,0.8375,0.559,2.804836e+05,3.705720e-02,0.0001,3.2832,0,7,109,230,52,68
1810,350,2160,0.837963,0.567,2.888454e+05,3.537251e-02,0.0001,3.2885,0,1,109,229,52,68
1811,349,2160,0.838426,0.564,2.873524e+05,3.861134e-02,0.0001,3.293,0,9,27,228,52,68
1812,348,2160,0.838889,0.565,2.890422e+05,3.128339e-02,0.0001,3.3032,0,4,27,227,52,68
1813,347,2160,0.839352,0.563,2.888806e+05,2.753706e-02,0.0001,3.3036,0,8,27,226,52,68
1814,346,2160,0.839815,0.558,2.890355e+05,3.951533e-02,0.0001,3.2953,0,0,82,225,52,68
1815,345,2160,0.840278,0.56,2.894687e+05,3.047447e-02,0.0001,3.2864,0,3,82,224,52,68
1816,344,2160,0.840741,0.55,2.918117e+05,3.918870e-02,0.0001,3.2962,0,9,91,223,52,68
1817,343,2160,0.841204,0.557,2.926307e+05,4.376126e-02,0.0001,3.2915,0,6,36,222,52,68
1818,342,2160,0.841667,0.552,2.935620e+05,3.197610e-02,0.0001,3.2851,0,3,36,221,52,68
1819,341,2160,0.84213,0.545,2.940747e+05,2.914270e-02,0.0001,3.2959,0,0,36,220,52,68
1820,340,2160,0.842593,0.543,2.928144e+05,3.640080e-02,0.0001,3.2849,0,9,19,219,52,68
1821,339,2160,0.843056,0.539,2.960133e+05,3.730151e-02,0.0001,3.2949,0,4,175,218,52,68
1822,338,2160,0.843519,0.526,2.990789e+05,3.707761e-02,0.0001,3.2895,0,5,31,217,52,68
1823,337,2160,0.843981,0.525,2.991364e+05,3.887548e-02,0.0001,3.2897,0,4,92,216,52,68
1824,336,2160,0.844444,0.516,3.010977e+05,3.725365e-02,0.0001,3.2952,2,9,2,216,52,67
1825,335,2160,0.844907,0.516,3.008221e+05,4.199816e-02,0.0001,3.2844,0,6,89,215,52,67
1826,334,2160,0.84537,0.517,3.012006e+05,4.314807e-02,0.0001,3.2872,0,6,151,214,52,67
1827,333,2160,0.845833,0.503,3.042305e+05,2.553036e-02,0.0001,3.2854,0,0,151,213,52,67
1828,332,2160,0.846296,0.516,3.024994e+05,3.704057e-02,0.0001,3.2827,0,4,174,212,52,67
1829,331,2160,0.846759,0.511,3.053549e+05,3.703445e-02,0.0001,3.2982,0,0,128,211,52,67
1830,330,2160,0.847222,0.499,3.077377e+05,3.684958e-02,0.0001,3.2894,0,9,48,210,52,67
1831,329,2160,0.847685,0.509,3.104130e+05,3.981971e-02,0.0001,3.2869,0,3,72,209,52,67
1832,328,2160,0.848148,0.491,3.176582e+05,3.706272e-02,0.0001,3.2967,0,4,48,208,52,67
1833,327,2160,0.848611,0.493,3.195429e+05,4.616290e-02,0.0001,3.2943,0,3,148,207,52,67
1834,326,2160,0.849074,0.492,3.213691e+05,3.763265e-02,0.0001,3.2908,0,3,31,206,52,67
1835,325,2160,0.849537,0.481,3.308517e+05,3.995931e-02,0.0001,3.2943,0,6,108,205,52,67
1836,324,2160,0.85,0.479,3.358011e+05,3.813462e-02,0.0001,3.2926,0,0,108,204,52,67
1837,323,2160,0.850463,0.483,3.331123e+05,3.117405e-02,0.0001,3.2834,0,4,108,203,52,67
1838,322,2160,0.850926,0.479,3.329350e+05,3.760467e-02,0.0001,3.2817,0,4,147,202,52,67
1839,321,2160,0.851389,0.47,3.355003e+05,3.584838e-02,0.0001,3.2856,0,9,147,201,52,67
1840,320,2160,0.851852,0.464,3.338430e+05,2.443221e-02,0.0001,3.3008,0,7,147,200,52,67
1841,319,2160,0.852315,0.476,3.364554e+05,4.045367e-02,0.0001,3.2862,0,7,78,199,52,67
1842,318,2160,0.852778,0.467,3.435139e+05,3.854928e-02,0.0001,3.2864,0,9,64,198,52,67
1843,317,2160,0.853241,0.48,3.462833e+05,3.824730e-02,0.0001,3.2885,0,4,51,197,52,67
1844,316,2160,0.853704,0.481,3.497978e+05,3.959849e-02,0.0001,3.2889,0,9,119,196,52,67
1845,315,2160,0.854167,0.486,3.512060e+05,3.773018e-02,0.0001,3.2842,0,9,136,195,52,67
1846,314,2160,0.85463,0.479,3.543782e+05,3.845404e-02,0.0001,3.2933,0,6,148,194,52,67
1847,313,2160,0.855093,0.493,3.631687e+05,3.835438e-02,0.0001,3.2982,0,9,51,193,52,67
1848,312,2160,0.855556,0.487,3.667641e+05,3.860348e-02,0.0001,3.2948,2,4,0,193,52,66
1849,311,2160,0.856019,0.491,3.663968e+05,3.989610e-02,0.0001,3.2768,0,1,87,192,52,66
1850,310,2160,0.856481,0.495,3.668067e+05,3.978624e-02,0.0001,3.2868,0,0,181,191,52,66
1851,309,2160,0.856944,0.475,3.710194e+05,4.229553e-02,0.0001,3.3016,0,0,91,190,52,66
1852,308,2160,0.857407,0.465,3.711141e+05,4.087039e-02,0.0001,3.289,0,7,141,189,52,66
1853,307,2160,0.85787,0.455,3.824938e+05,4.570586e-02,0.0001,3.2887,0,6,86,188,52,66
1854,306,2160,0.858333,0.47,3.884283e+05,4.233071e-02,0.0001,3.2746,0,9,164,187,52,66
1855,305,2160,0.858796,0.467,3.917493e+05,4.149032e-02,0.0001,3.2802,0,0,78,186,52,66
1856,304,2160,0.859259,0.468,3.956467e+05,4.051202e-02,0.0001,3.2705,0,3,23,185,52,66
1857,303,2160,0.859722,0.491,4.090314e+05,4.199689e-02,0.0001,3.2876,0,4,187,184,52,66
1858,302,2160,0.860185,0.477,4.135661e+05,4.203112e-02,0.0001,3.2945,0,7,33,183,52,66
1859,301,2160,0.860648,0.464,4.255174e+05,4.142874e-02,0.0001,3.291,2,3,5,183,52,65
1860,300,2160,0.861111,0.455,4.251587e+05,4.193417e-02,0.0001,3.2898,1,5,0,183,51,65
1861,299,2160,0.861574,0.45,4.248893e+05,5.093651e-02,0.0001,3.2923,0,3,149,182,51,65
1862,298,2160,0.862037,0.445,4.272860e+05,2.862495e-02,0.0001,3.2979,0,6,149,181,51,65
1863,297,2160,0.8625,0.445,4.267075e+05,4.183313e-02,0.0001,3.2688,0,1,130,180,51,65
1864,296,2160,0.862963,0.442,4.273939e+05,4.175167e-02,0.0001,3.2831,0,4,47,179,51,65
1865,295,2160,0.863426,0.444,4.327584e+05,4.504717e-02,0.0001,3.2993,0,9,67,178,51,65
1866,294,2160,0.863889,0.445,4.335430e+05,4.442801e-02,0.0001,3.297,0,6,67,177,51,65
1867,293,2160,0.864352,0.452,4.367525e+05,3.198869e-02,0.0001,3.2858,0,4,67,176,51,65
1868,292,2160,0.864815,0.453,4.383160e+05,4.290191e-02,0.0001,3.2824,2,8,9,176,51,64
1869,291,2160,0.865278,0.451,4.391678e+05,5.549435e-02,0.0001,3.2975,0,3,178,175,51,64
1870,290,2160,0.865741,0.46,4.415347e+05,1.760825e-02,0.0001,3.2817,0,7,178,174,51,64
1871,289,2160,0.866204,0.456,4.409897e+05,2.224248e-02,0.0001,3.2955,0,4,178,173,51,64
1872,288,2160,0.866667,0.448,4.415342e+05,4.687061e-02,0.0001,3.2931,0,7,95,172,51,64
1873,287,2160,0.86713,0.455,4.500852e+05,4.324754e-02,0.0001,2.5056,0,9,52,171,51,64
1874,286,2160,0.867593,0.445,4.542350e+05,4.527578e-02,0.0001,3.2882,0,9,90,170,51,64
1875,285,2160,0.868056,0.442,4.550076e+05,5.270004e-02,0.0001,3.2761,0,3,39,169,51,64
1876,284,2160,0.868519,0.45,4.605772e+05,5.743824e-02,0.0001,3.2886,0,3,114,168,51,64
1877,283,2160,0.868981,0.443,4.611134e+05,2.422103e-02,0.0001,3.2764,0,8,114,167,51,64
1878,282,2160,0.869444,0.445,4.590735e+05,4.354602e-02,0.0001,3.2716,0,7,39,166,51,64
1879,281,2160,0.869907,0.437,4.592044e+05,2.807272e-02,0.0001,3.2714,0,9,39,165,51,64
1880,280,2160,0.87037,0.441,4.565345e+05,4.316704e-02,0.0001,3.2988,0,4,145,164,51,64
1881,279,2160,0.870833,0.418,4.623063e+05,4.604543e-02,0.0001,3.3033,0,4,160,163,51,64
1882,278,2160,0.871296,0.423,4.649243e+05,4.223475e-02,0.0001,3.2929,0,3,160,162,51,64
1883,277,2160,0.871759,0.417,4.689388e+05,4.772926e-02,0.0001,3.2904,0,8,54,161,51,64
1884,276,2160,0.872222,0.419,4.672134e+05,4.701616e-02,0.0001,3.2983,0,3,117,160,51,64
1885,275,2160,0.872685,0.394,4.830934e+05,4.634868e-02,0.0001,3.2743,1,9,6,160,50,64
1886,274,2160,0.873148,0.388,4.828708e+05,4.927580e-02,0.0001,3.2913,0,8,163,159,50,64
1887,273,2160,0.873611,0.39,4.830237e+05,2.656488e-02,0.0001,3.2916,0,6,163,158,50,64
1888,272,2160,0.874074,0.389,4.848578e+05,4.381497e-02,0.0001,3.2823,0,4,188,157,50,64
1889,271,2160,0.874537,0.38,4.912529e+05,4.870870e-02,0.0001,3.2943,0,4,68,156,50,64
1890,270,2160,0.875,0.379,4.940188e+05,4.877575e-02,0.0001,3.2908,1,5,3,156,49,64
1891,269,2160,0.875463,0.38,4.930817e+05,4.677551e-02,0.0001,3.2944,0,4,171,155,49,64
1892,268,2160,0.875926,0.375,4.985803e+05,4.473397e-02,0.0001,3.2942,0,0,68,154,49,64
1893,267,2160,0.876389,0.381,4.982980e+05,4.671299e-02,0.0001,3.2959,0,4,189,153,49,64
1894,266,2160,0.876852,0.372,5.049783e+05,4.691652e-02,0.0001,3.2925,0,2,86,152,49,64
1895,265,2160,0.877315,0.365,5.043269e+05,4.683810e-02,0.0001,3.2908,0,6,35,151,49,64
1896,264,2160,0.877778,0.362,5.173907e+05,4.691723e-02,0.0001,3.284,0,6,100,150,49,64
1897,263,2160,0.878241,0.384,5.314360e+05,5.415448e-02,0.0001,3.2852,0,7,74,149,49,64
1898,262,2160,0.878704,0.373,5.345143e+05,3.343329e-02,0.0001,3.2833,0,8,74,148,49,64
1899,261,2160,0.879167,0.37,5.314566e+05,5.367903e-02,0.0001,3.2811,0,7,63,147,49,64
1900,260,2160,0.87963,0.374,5.319890e+05,5.414371e-02,0.0001,3.2873,0,0,115,146,49,64
1901,259,2160,0.880093,0.363,5.325235e+05,3.298988e-02,0.0001,3.2921,0,7,115,145,49,64
1902,258,2160,0.880556,0.369,5.367389e+05,3.446004e-02,0.0001,3.2908,0,4,115,144,49,64
1903,257,2160,0.881019,0.376,5.407534e+05,4.767241e-02,0.0001,3.3054,0,4,34,143,49,64
1904,256,2160,0.881481,0.38,5.485864e+05,4.801090e-02,0.0001,3.2923,0,9,161,142,49,64
1905,255,2160,0.881944,0.387,5.536061e+05,5.043138e-02,0.0001,3.2856,0,7,67,141,49,64
1906,254,2160,0.882407,0.369,5.681574e+05,5.126348e-02,0.0001,3.3019,0,0,107,140,49,64
1907,253,2160,0.88287,0.373,5.776259e+05,5.129984e-02,0.0001,3.2839,0,4,30,139,49,64
1908,252,2160,0.883333,0.362,5.869346e+05,5.137354e-02,0.0001,3.2864,0,9,160,138,49,64
1909,251,2160,0.883796,0.36,5.929853e+05,6.311954e-02,0.0001,3.2873,0,6,65,137,49,64
1910,250,2160,0.884259,0.352,5.973116e+05,2.982816e-02,0.0001,3.3056,0,7,65,136,49,64
1911,249,2160,0.884722,0.356,5.974058e+05,5.838194e-02,0.0001,3.2878,0,7,93,135,49,64
1912,248,2160,0.885185,0.368,5.989744e+05,5.091031e-02,0.0001,3.2917,0,9,93,134,49,64
1913,247,2160,0.885648,0.361,5.977660e+05,5.917903e-02,0.0001,3.2858,0,0,121,133,49,64
1914,246,2160,0.886111,0.367,6.015609e+05,2.874767e-02,0.0001,3.3043,0,4,121,132,49,64
1915,245,2160,0.886574,0.361,6.000348e+05,5.241514e-02,0.0001,3.2753,1,9,1,132,48,64
1916,244,2160,0.887037,0.359,5.997647e+05,6.980141e-02,0.0001,3.3028,0,3,103,131,48,64
1917,243,2160,0.8875,0.321,6.101073e+05,1.912343e-02,0.0001,3.2971,0,7,103,130,48,64
1918,242,2160,0.887963,0.324,6.082666e+05,5.000795e-02,0.0001,3.3055,0,1,124,129,48,64
1919,241,2160,0.888426,0.328,6.088482e+05,5.162627e-02,0.0001,3.2927,0,0,44,128,48,64
1920,240,2160,0.888889,0.314,6.201631e+05,5.101256e-02,0.0001,3.2958,2,0,2,128,48,63
1921,239,2160,0.889352,0.312,6.200763e+05,5.471848e-02,0.0001,3.2835,0,0,131,127,48,63
1922,238,2160,0.889815,0.305,6.276808e+05,5.698517e-02,0.0001,3.2749,0,4,63,126,48,63
1923,237,2160,0.890278,0.308,6.293387e+05,5.379122e-02,0.0001,3.3,0,1,91,125,48,63
1924,236,2160,0.890741,0.318,6.270926e+05,4.972707e-02,0.0001,3.2879,0,1,110,124,48,63
1925,235,2160,0.891204,0.317,6.259791e+05,4.547261e-02,0.0001,3.2899,0,1,88,123,48,63
1926,234,2160,0.891667,0.32,6.245941e+05,4.848743e-02,0.0001,3.2891,1,7,8,123,47,63
1927,233,2160,0.89213,0.325,6.233067e+05,5.258036e-02,0.0001,3.2904,0,9,63,122,47,63
1928,232,2160,0.892593,0.332,6.262162e+05,5.246803e-02,0.0001,3.2951,1,9,3,122,46,63
1929,231,2160,0.893056,0.343,6.254985e+05,5.628998e-02,0.0001,3.2965,1,0,9,122,45,63
1930,230,2160,0.893519,0.345,6.251120e+05,5.469711e-02,0.0001,3.3057,0,0,80,121,45,63
1931,229,2160,0.893981,0.346,6.307900e+05,5.048883e-02,0.0001,3.2932,1,8,1,121,44,63
1932,228,2160,0.894444,0.341,6.295288e+05,5.872202e-02,0.0001,3.2827,2,2,3,121,44,62
1933,227,2160,0.894907,0.343,6.296224e+05,4.942117e-02,0.0001,3.2765,0,1,138,120,44,62
1934,226,2160,0.89537,0.355,6.304742e+05,5.228166e-02,0.0001,3.2876,0,5,147,119,44,62
1935,225,2160,0.895833,0.349,6.316292e+05,6.079316e-02,0.0001,3.2677,0,0,74,118,44,62
1936,224,2160,0.896296,0.339,6.333385e+05,5.347121e-02,0.0001,3.2911,0,6,156,117,44,62
1937,223,2160,0.896759,0.317,6.519085e+05,5.793256e-02,0.0001,3.2976,0,7,172,116,44,62
1938,222,2160,0.897222,0.323,6.545202e+05,5.313409e-02,0.0001,3.291,2,8,5,116,44,61
1939,221,2160,0.897685,0.322,6.540002e+05,6.352174e-02,0.0001,3.2928,0,6,93,115,44,61
1940,220,2160,0.898148,0.327,6.556834e+05,3.216258e-02,0.0001,3.3015,0,3,93,114,44,61
1941,219,2160,0.898611,0.319,6.546886e+05,5.553927e-02,0.0001,3.2928,1,0,1,114,43,61
1942,218,2160,0.899074,0.32,6.540667e+05,4.727280e-02,0.0001,3.2932,0,4,93,113,43,61
1943,217,2160,0.899537,0.325,6.601722e+05,5.381201e-02,0.0001,3.2962,1,6,4,113,42,61
1944,216,2160,0.9,0.336,6.605317e+05,5.323072e-02,0.0001,3.2953,0,4,146,112,42,61
1945,215,2160,0.900463,0.309,6.701489e+05,5.334331e-02,0.0001,3.2684,2,8,8,112,42,60
1946,214,2160,0.900926,0.302,6.697529e+05,5.520758e-02,0.0001,3.2899,1,6,3,112,41,60
1947,213,2160,0.901389,0.29,6.693634e+05,5.987639e-02,0.0001,3.2876,0,9,80,111,41,60
1948,212,2160,0.901852,0.292,6.698567e+05,3.009723e-02,0.0001,3.2715,0,7,80,110,41,60
1949,211,2160,0.902315,0.293,6.702595e+05,5.492259e-02,0.0001,3.2859,1,2,3,110,40,60
1950,210,2160,0.902778,0.286,6.707359e+05,5.024665e-02,0.0001,3.2812,1,2,4,110,39,60
1951,209,2160,0.903241,0.288,6.699156e+05,5.282521e-02,0.0001,3.2745,2,1,5,110,39,59
1952,208,2160,0.903704,0.289,6.694424e+05,5.865462e-02,0.0001,3.2779,0,0,104,109,39,59
1953,207,2160,0.904167,0.29,6.698628e+05,6.095801e-02,0.0001,3.2814,0,0,102,108,39,59
1954,206,2160,0.90463,0.293,6.708615e+05,5.638057e-02,0.0001,3.2888,0,3,102,107,39,59
1955,205,2160,0.905093,0.276,6.795133e+05,4.850982e-02,0.0001,3.297,0,9,102,106,39,59
1956,204,2160,0.905556,0.282,6.756830e+05,5.327647e-02,0.0001,3.2921,0,1,90,105,39,59
1957,203,2160,0.906019,0.277,6.774906e+05,5.495268e-02,0.0001,3.2824,0,1,116,104,39,59
1958,202,2160,0.906481,0.27,6.801191e+05,5.804288e-02,0.0001,3.294,0,4,54,103,39,59
1959,201,2160,0.906944,0.267,6.839037e+05,6.474836e-02,0.0001,3.2788,0,3,54,102,39,59
1960,200,2160,0.907407,0.27,6.860226e+05,6.578014e-02,0.0001,3.3001,0,6,90,101,39,59
1961,199,2160,0.90787,0.27,6.856345e+05,4.654139e-02,0.0001,3.301,0,3,90,100,39,59
1962,198,2160,0.908333,0.27,6.885991e+05,4.098121e-02,0.0001,3.2939,0,7,54,99,39,59
1963,197,2160,0.908796,0.267,6.944655e+05,5.313022e-02,0.0001,3.3031,2,5,8,99,39,58
1964,196,2160,0.909259,0.27,6.940596e+05,5.538326e-02,0.0001,3.2936,2,0,9,99,39,57
1965,195,2160,0.909722,0.267,6.949598e+05,6.310296e-02,0.0001,3.2907,0,4,74,98,39,57
1966,194,2160,0.910185,0.271,6.998401e+05,6.804109e-02,0.0001,3.2905,1,6,9,98,38,57
1967,193,2160,0.910648,0.289,6.990579e+05,8.058733e-02,0.0001,3.2965,2,2,4,98,38,56
1968,192,2160,0.911111,0.276,6.994004e+05,5.474018e-02,0.0001,3.29,2,8,6,98,38,55
1969,191,2160,0.911574,0.28,6.966960e+05,4.979608e-02,0.0001,3.2728,0,1,74,97,38,55
1970,190,2160,0.912037,0.28,6.964495e+05,5.394921e-02,0.0001,3.2755,2,4,6,97,38,54
1971,189,2160,0.9125,0.287,6.955572e+05,5.327455e-02,0.0001,3.2809,2,5,6,97,38,53
1972,188,2160,0.912963,0.29,6.952267e+05,6.927184e-02,0.0001,3.2841,0,0,135,96,38,53
1973,187,2160,0.913426,0.293,7.017384e+05,4.521083e-02,0.0001,3.2866,0,4,135,95,38,53
1974,186,2160,0.913889,0.279,7.016735e+05,5.760142e-02,0.0001,3.2889,1,5,1,95,37,53
1975,185,2160,0.914352,0.28,7.011950e+05,5.751821e-02,0.0001,3.288,2,7,8,95,37,52
1976,184,2160,0.914815,0.28,7.010545e+05,6.086027e-02,0.0001,3.2807,0,4,79,94,37,52
1977,183,2160,0.915278,0.283,7.106324e+05,5.880142e-02,0.0001,3.2856,2,7,2,94,37,51
1978,182,2160,0.915741,0.283,7.102973e+05,6.166580e-02,0.0001,3.2796,0,4,173,93,37,51
1979,181,2160,0.916204,0.28,7.213749e+05,6.643785e-02,0.0001,3.2868,0,9,79,92,37,51
1980,180,2160,0.916667,0.284,7.214581e+05,3.400723e-02,0.0001,3.2816,0,7,79,91,37,51
1981,179,2160,0.91713,0.288,7.212206e+05,6.714926e-02,0.0001,3.2918,0,4,114,90,37,51
1982,178,2160,0.917593,0.283,7.246601e+05,4.766201e-02,0.0001,1.6188,0,0,114,89,37,51
1983,177,2160,0.918056,0.271,7.334635e+05,6.020587e-02,0.0001,3.2766,0,4,65,88,37,51
1984,176,2160,0.918519,0.275,7.465549e+05,6.094506e-02,0.0001,3.2858,2,9,7,88,37,50
1985,175,2160,0.918981,0.272,7.471406e+05,6.609535e-02,0.0001,3.2923,0,0,76,87,37,50
1986,174,2160,0.919444,0.279,7.484623e+05,6.047089e-02,0.0001,3.288,2,9,5,87,37,49
1987,173,2160,0.919907,0.277,7.478091e+05,8.927037e-02,0.0001,3.2845,0,3,76,86,37,49
1988,172,2160,0.92037,0.28,7.494140e+05,1.892735e-02,0.0001,3.2803,0,6,76,85,37,49
1989,171,2160,0.920833,0.281,7.489443e+05,6.173478e-02,0.0001,3.2844,2,6,1,85,37,48
1990,170,2160,0.921296,0.28,7.490357e+05,6.489985e-02,0.0001,3.2697,0,7,90,84,37,48
1991,169,2160,0.921759,0.281,7.638559e+05,6.518106e-02,0.0001,3.2822,0,6,87,83,37,48
1992,168,2160,0.922222,0.268,7.940637e+05,6.427746e-02,0.0001,3.2751,0,4,64,82,37,48
1993,167,2160,0.922685,0.259,8.094615e+05,6.511228e-02,0.0001,3.2946,0,0,58,81,37,48
1994,166,2160,0.923148,0.25,8.359022e+05,6.352905e-02,0.0001,3.2696,0,7,94,80,37,48
1995,165,2160,0.923611,0.247,8.504597e+05,6.413429e-02,0.0001,3.2789,0,0,95,79,37,48
1996,164,2160,0.924074,0.265,8.766463e+05,8.024856e-02,0.0001,3.289,2,8,4,79,37,47
1997,163,2160,0.924537,0.26,8.775949e+05,9.030491e-02,0.0001,3.2792,0,3,77,78,37,47
1998,162,2160,0.925,0.251,9.126509e+05,2.837148e-02,0.0001,3.2747,0,9,77,77,37,47
1999,161,2160,0.925463,0.241,9.049648e+05,6.686986e-02,0.0001,3.2803,1,0,3,77,36,47
2000,160,2160,0.925926,0.256,9.062116e+05,8.006389e-02,0.0001,3.2848,2,5,4,77,36,46
2001,159,2160,0.926389,0.252,9.069798e+05,6.599981e-02,0.0001,3.274,0,9,129,76,36,46
2002,158,2160,0.926852,0.235,9.158538e+05,6.668565e-02,0.0001,3.2739,2,2,2,76,36,45
2003,157,2160,0.927315,0.23,9.158434e+05,6.498875e-02,0.0001,3.2787,2,7,6,76,36,44
2004,156,2160,0.927778,0.228,9.154581e+05,7.032292e-02,0.0001,3.2874,0,9,36,75,36,44
2005,155,2160,0.928241,0.223,9.267848e+05,6.977269e-02,0.0001,3.2993,2,1,2,75,36,43
2006,154,2160,0.928704,0.218,9.271336e+05,8.969978e-02,0.0001,3.2793,0,0,120,74,36,43
2007,153,2160,0.929167,0.215,9.357738e+05,2.696488e-02,0.0001,3.2811,0,6,120,73,36,43
2008,152,2160,0.92963,0.206,9.376705e+05,7.278803e-02,0.0001,3.2835,0,2,56,72,36,43
2009,151,2160,0.930093,0.196,9.411105e+05,7.338829e-02,0.0001,3.2859,0,9,175,71,36,43
2010,150,2160,0.930556,0.189,9.539032e+05,7.491996e-02,0.0001,3.2572,2,7,0,71,36,42
2011,149,2160,0.931019,0.186,9.542822e+05,7.635418e-02,0.0001,3.2918,0,5,132,70,36,42
2012,148,2160,0.931481,0.177,9.579088e+05,8.913266e-02,0.0001,3.2779,0,6,49,69,36,42
2013,147,2160,0.931944,0.168,9.609390e+05,8.229448e-02,0.0001,3.282,0,3,49,68,36,42
2014,146,2160,0.932407,0.175,9.588259e+05,9.722849e-02,0.0001,3.28,0,0,75,67,36,42
2015,145,2160,0.93287,0.179,9.719305e+05,4.928456e-02,0.0001,3.2964,0,4,75,66,36,42
2016,144,2160,0.933333,0.187,9.700957e+05,7.911674e-02,0.0001,3.2889,1,0,6,66,35,42
2017,143,2160,0.933796,0.146,9.717081e+05,7.669756e-02,0.0001,3.2914,0,5,190,65,35,42
2018,142,2160,0.934259,0.147,9.761640e+05,7.647312e-02,0.0001,3.2995,2,5,9,65,35,41
2019,141,2160,0.934722,0.154,9.779936e+05,7.766474e-02,0.0001,3.3116,0,7,149,64,35,41
2020,140,2160,0.935185,0.159,9.997008e+05,8.155302e-02,0.0001,3.2859,0,4,49,63,35,41
2021,139,2160,0.935648,0.178,1.012119e+06,8.414964e-02,0.0001,3.287,0,4,105,62,35,41
2022,138,2160,0.936111,0.19,1.019895e+06,8.490025e-02,0.0001,3.3111,0,4,104,61,35,41
2023,137,2160,0.936574,0.2,1.024326e+06,8.120356e-02,0.0001,3.2946,0,9,134,60,35,41
2024,136,2160,0.937037,0.194,1.037499e+06,8.145957e-02,0.0001,3.2988,1,1,4,60,34,41
2025,135,2160,0.9375,0.192,1.036182e+06,1.186999e-01,0.0001,3.2718,0,3,105,59,34,41
2026,134,2160,0.937963,0.184,1.034501e+06,5.643995e-02,0.0001,3.2898,0,6,105,58,34,41
2027,133,2160,0.938426,0.174,1.053251e+06,7.748117e-02,0.0001,3.2823,2,7,5,58,34,40
2028,132,2160,0.938889,0.173,1.051643e+06,7.658974e-02,0.0001,3.2833,0,2,165,57,34,40
2029,131,2160,0.939352,0.173,1.055131e+06,1.186243e-01,0.0001,3.283,0,3,104,56,34,40
2030,130,2160,0.939815,0.176,1.055582e+06,2.905403e-02,0.0001,3.2699,0,6,104,55,34,40
2031,129,2160,0.940278,0.173,1.055473e+06,6.677487e-02,0.0001,3.273,0,9,104,54,34,40
2032,128,2160,0.940741,0.173,1.069294e+06,8.183131e-02,0.0001,3.2793,2,7,7,54,34,39
2033,127,2160,0.941204,0.173,1.069847e+06,1.062611e-01,0.0001,3.2826,0,6,68,53,34,39
2034,126,2160,0.941667,0.171,1.079957e+06,8.241322e-02,0.0001,3.2949,0,8,162,52,34,39
2035,125,2160,0.94213,0.168,1.079997e+06,8.567572e-02,0.0001,3.2862,2,0,0,52,34,38
2036,124,2160,0.942593,0.174,1.078922e+06,8.679008e-02,0.0001,3.2816,1,1,0,52,33,38
2037,123,2160,0.943056,0.172,1.079985e+06,9.149492e-02,0.0001,3.2855,0,9,20,51,33,38
2038,122,2160,0.943519,0.165,1.100477e+06,1.408213e-01,0.0001,3.2823,0,3,53,50,33,38
2039,121,2160,0.943981,0.163,1.103624e+06,1.413825e-02,0.0001,3.2782,0,0,53,49,33,38
2040,120,2160,0.944444,0.164,1.102803e+06,9.375414e-02,0.0001,3.2853,2,3,8,49,33,37
2041,119,2160,0.944907,0.162,1.104830e+06,9.025342e-02,0.0001,3.2863,0,7,53,48,33,37
2042,118,2160,0.94537,0.158,1.117355e+06,1.425396e-01,0.0001,3.2898,0,3,92,47,33,37
2043,117,2160,0.945833,0.157,1.123737e+06,2.918560e-02,0.0001,3.2868,0,0,92,46,33,37
2044,116,2160,0.946296,0.158,1.122571e+06,1.347401e-01,0.0001,3.2979,1,7,9,46,32,37
2045,115,2160,0.946759,0.17,1.133186e+06,1.020652e-01,0.0001,3.2865,0,6,172,45,32,37
2046,114,2160,0.947222,0.161,1.133665e+06,6.457584e-02,0.0001,3.2941,0,3,172,44,32,37
2047,113,2160,0.947685,0.154,1.162630e+06,9.507709e-02,0.0001,3.2753,0,9,151,43,32,37
2048,112,2160,0.948148,0.145,1.186281e+06,9.771236e-02,0.0001,3.2604,0,9,124,42,32,37
2049,111,2160,0.948611,0.139,1.212733e+06,9.951373e-02,0.0001,3.2926,0,7,116,41,32,37
2050,110,2160,0.949074,0.139,1.229724e+06,2.030703e-01,0.0001,3.2738,2,3,4,41,32,36
2051,109,2160,0.949537,0.134,1.268723e+06,7.106115e-02,0.0001,3.2924,2,2,7,41,32,35
2052,108,2160,0.95,0.142,1.263633e+06,1.331485e-01,0.0001,3.287,2,5,3,41,32,34
2053,107,2160,0.950463,0.153,1.269551e+06,1.462455e-01,0.0001,3.2798,0,3,63,40,32,34
2054,106,2160,0.950926,0.143,1.278899e+06,7.837503e-02,0.0001,3.2919,0,8,63,39,32,34
2055,105,2160,0.951389,0.149,1.271531e+06,8.862809e-02,0.0001,3.2971,2,6,8,39,32,33
2056,104,2160,0.951852,0.149,1.268838e+06,8.292017e-02,0.0001,3.2812,2,0,5,39,32,32
2057,103,2160,0.952315,0.152,1.267569e+06,8.661626e-02,0.0001,3.3063,2,2,6,39,32,31
2058,102,2160,0.952778,0.148,1.266900e+06,8.851413e-02,0.0001,3.2889,1,6,7,39,31,31
2059,101,2160,0.953241,0.155,1.267414e+06,9.198418e-02,0.0001,3.297,0,0,89,38,31,31
2060,100,2160,0.953704,0.152,1.268749e+06,1.046487e-01,0.0001,3.3022,1,4,3,38,30,31
2061,99,2160,0.954167,0.15,1.268393e+06,1.037511e-01,0.0001,3.304,2,9,3,38,30,30
2062,98,2160,0.95463,0.145,1.268907e+06,1.265735e-01,0.0001,3.2874,0,3,89,37,30,30
2063,97,2160,0.955093,0.14,1.282400e+06,4.801276e-02,0.0001,3.2939,0,7,89,36,30,30
2064,96,2160,0.955556,0.142,1.282289e+06,1.068372e-01,0.0001,3.285,0,2,55,35,30,30
2065,95,2160,0.956019,0.134,1.296046e+06,1.409634e-01,0.0001,3.3008,0,4,118,34,30,30
2066,94,2160,0.956481,0.135,1.306732e+06,1.137712e-01,0.0001,3.299,1,3,6,34,29,30
2067,93,2160,0.956944,0.133,1.302504e+06,1.003499e-01,0.0001,3.2942,1,1,6,34,28,30
2068,92,2160,0.957407,0.129,1.302374e+06,1.080707e-01,0.0001,3.3038,1,8,6,34,27,30
2069,91,2160,0.95787,0.131,1.299271e+06,1.160951e-01,0.0001,3.287,0,3,118,33,27,30
2070,90,2160,0.958333,0.13,1.303461e+06,1.141240e-01,0.0001,3.2936,2,6,3,33,27,29
2071,89,2160,0.958796,0.129,1.302410e+06,9.338480e-02,0.0001,3.2919,1,2,9,33,26,29
2072,88,2160,0.959259,0.13,1.305033e+06,1.379141e-01,0.0001,3.3129,1,7,4,33,25,29
2073,87,2160,0.959722,0.13,1.306273e+06,1.175141e-01,0.0001,3.3007,2,4,5,33,25,28
2074,86,2160,0.960185,0.129,1.304612e+06,1.197258e-01,0.0001,3.3023,0,6,118,32,25,28
2075,85,2160,0.960648,0.116,1.323410e+06,1.358829e-01,0.0001,3.3,2,0,3,32,25,27
2076,84,2160,0.961111,0.116,1.321651e+06,1.166794e-01,0.0001,3.3447,1,4,8,32,24,27
2077,83,2160,0.961574,0.117,1.320309e+06,1.195870e-01,0.0001,3.3097,0,2,171,31,24,27
2078,82,2160,0.962037,0.111,1.338699e+06,1.247873e-01,0.0001,3.3165,0,9,142,30,24,27
2079,81,2160,0.9625,0.11,1.369107e+06,1.270775e-01,0.0001,3.3183,2,9,8,30,24,26
2080,80,2160,0.962963,0.109,1.369743e+06,1.314351e-01,0.0001,3.3158,0,5,91,29,24,26
2081,79,2160,0.963426,0.11,1.368887e+06,1.331680e-01,0.0001,3.3028,2,3,6,29,24,25
2082,78,2160,0.963889,0.111,1.373029e+06,1.269680e-01,0.0001,3.325,1,7,5,29,23,25
2083,77,2160,0.964352,0.11,1.371424e+06,1.306616e-01,0.0001,3.3146,0,2,127,28,23,25
2084,76,2160,0.964815,0.107,1.398846e+06,1.493921e-01,0.0001,3.329,1,9,7,28,22,25
2085,75,2160,0.965278,0.108,1.404337e+06,1.693572e-01,0.0001,3.308,0,3,91,27,22,25
2086,74,2160,0.965741,0.109,1.410645e+06,1.277245e-01,0.0001,3.3185,2,6,9,27,22,24
2087,73,2160,0.966204,0.109,1.417245e+06,1.158633e-01,0.0001,3.2969,0,6,91,26,22,24
2088,72,2160,0.966667,0.109,1.414535e+06,1.198505e-01,0.0001,3.3066,2,6,6,26,22,23
2089,71,2160,0.96713,0.108,1.412384e+06,1.289327e-01,0.0001,3.3087,0,2,161,25,22,23
2090,70,2160,0.967593,0.109,1.447020e+06,1.853034e-01,0.0001,3.3132,2,1,4,25,22,22
2091,69,2160,0.968056,0.109,1.444643e+06,1.235752e-01,0.0001,3.3126,0,1,117,24,22,22
2092,68,2160,0.968519,0.107,1.451260e+06,1.200260e-01,0.0001,3.2962,0,1,107,23,22,22
2093,67,2160,0.968981,0.107,1.457342e+06,1.152204e-01,0.0001,3.3178,2,0,8,23,22,21
2094,66,2160,0.969444,0.107,1.456711e+06,1.192345e-01,0.0001,3.3136,0,9,174,22,22,21
2095,65,2160,0.969907,0.107,1.495547e+06,1.332694e-01,0.0001,3.3045,0,9,143,21,22,21
2096,64,2160,0.97037,0.107,1.547335e+06,1.314451e-01,0.0001,3.3032,1,3,5,21,21,21
2097,63,2160,0.970833,0.107,1.544500e+06,1.377500e-01,0.0001,3.3142,0,9,144,20,21,21
2098,62,2160,0.971296,0.107,1.603633e+06,1.470659e-01,0.0001,3.31,2,7,9,20,21,20
2099,61,2160,0.971759,0.107,1.625302e+06,4.339082e-01,0.0001,3.2821,1,0,4,20,20,20
2100,60,2160,0.972222,0.079,1.818078e+06,1.668450e-01,0.0001,3.3037,2,9,9,20,20,19
2101,59,2160,0.972685,0.08,1.799370e+06,9.962966e-02,0.0001,3.2969,0,4,86,19,20,19
2102,58,2160,0.973148,0.08,1.788116e+06,7.963354e-02,0.0001,3.3054,1,4,1,19,19,19
2103,57,2160,0.973611,0.078,1.779317e+06,1.043831e-01,0.0001,3.297,0,0,86,18,19,19
2104,56,2160,0.974074,0.078,1.798924e+06,1.185344e-01,0.0001,3.2926,2,4,8,18,19,18
2105,55,2160,0.974537,0.083,1.791775e+06,1.396305e-01,0.0001,3.3072,0,1,131,17,19,18
2106,54,2160,0.975,0.073,1.796979e+06,1.209502e-01,0.0001,3.3174,2,6,7,17,19,17
2107,53,2160,0.975463,0.079,1.784552e+06,1.619721e-01,0.0001,3.32,0,9,34,16,19,17
2108,52,2160,0.975926,0.08,1.849902e+06,1.975076e-01,0.0001,3.3156,1,3,4,16,18,17
2109,51,2160,0.976389,0.086,1.838370e+06,1.847376e-01,0.0001,3.2975,0,9,82,15,18,17
2110,50,2160,0.976852,0.091,1.921197e+06,2.036926e-01,0.0001,3.3063,0,9,173,14,18,17
2111,49,2160,0.977315,0.088,2.018040e+06,2.379367e-01,0.0001,3.2873,0,9,137,13,18,17
2112,48,2160,0.977778,0.093,2.130617e+06,2.440921e-01,0.0001,3.3062,1,9,4,13,17,17
2113,47,2160,0.978241,0.106,2.083878e+06,2.445603e-01,0.0001,3.2888,0,4,91,12,17,17
2114,46,2160,0.978704,0.107,2.035231e+06,3.128736e-01,0.0001,3.297,0,9,128,11,17,17
2115,45,2160,0.979167,0.107,2.140500e+06,3.136196e-01,0.0001,3.3027,2,0,7,11,17,16
2116,44,2160,0.97963,0.107,2.066404e+06,3.096395e-01,0.0001,3.3111,2,8,1,11,17,15
2117,43,2160,0.980093,0.107,2.006455e+06,2.052340e-01,0.0001,3.3169,1,5,6,11,16,15
2118,42,2160,0.980556,0.107,1.967692e+06,1.733899e-01,0.0001,3.3272,0,6,119,10,16,15
2119,41,2160,0.981019,0.107,2.013521e+06,1.941087e-01,0.0001,3.3182,0,7,162,9,16,15
2120,40,2160,0.981481,0.107,2.110507e+06,1.998284e-01,0.0001,3.3171,2,1,9,9,16,14
2121,39,2160,0.981944,0.107,2.089597e+06,2.789075e-01,0.0001,3.3206,0,7,150,8,16,14
2122,38,2160,0.982407,0.107,2.307158e+06,4.614534e-01,0.0001,3.3109,0,9,49,7,16,14
2123,37,2160,0.98287,0.107,2.375348e+06,6.866735e-01,0.0001,3.3056,0,7,49,6,16,14
2124,36,2160,0.983333,0.107,2.521178e+06,2.316808e+00,0.0001,3.2948,0,7,68,5,16,14
2125,35,2160,0.983796,0.107,1.609111e+06,8.789978e-01,0.0001,2.6844,0,4,72,4,16,14
2126,34,2160,0.984259,0.107,1.567781e+06,1.120065e-01,0.0001,0.0172,0,3,106,3,16,14
2127,33,2160,0.984722,0.107,1.567781e+06,1.595609e-01,0.0001,0.0169,1,6,0,3,15,14
2128,32,2160,0.985185,0.107,1.567781e+06,1.772124e-01,0.0001,0.0177,0,3,119,2,15,14
2129,31,2160,0.985648,0.107,1.567781e+06,1.948055e-01,0.0001,0.0178,2,6,2,2,15,13
2130,30,2160,0.986111,0.107,1.567781e+06,1.957416e-01,0.0001,0.017,1,2,2,2,14,13
2131,29,2160,0.986574,0.107,1.567781e+06,2.153930e-01,0.0001,0.0171,1,7,3,2,13,13
2132,28,2160,0.987037,0.107,1.567781e+06,6.611465e-01,0.0001,3.3126,2,0,4,2,13,12
2133,27,2160,0.9875,0.107,1.567926e+06,1.091589e-02,0.0001,0.0178,1,1,9,2,12,12
2134,26,2160,0.987963,0.107,1.567926e+06,1.154883e-01,0.0001,0.0174,1,1,7,2,11,12
2135,25,2160,0.988426,0.107,1.567926e+06,1.880544e-01,0.0001,0.0181,2,0,1,2,11,11
2136,24,2160,0.988889,0.107,1.567926e+06,2.379109e-01,0.0001,0.0175,0,0,106,1,11,11
2137,23,2160,0.989352,0.107,1.567923e+06,2.791211e-01,0.0001,0.0173,1,7,1,1,10,11
2138,22,2160,0.989815,0.107,1.567923e+06,3.125954e-01,0.0001,0.018,1,8,3,1,9,11
2139,21,2160,0.990278,0.107,1.567922e+06,3.147977e-01,0.0001,0.0174,2,3,7,1,9,10
2140,20,2160,0.990741,0.107,1.567922e+06,3.261174e-01,0.0001,0.0172,1,7,0,1,8,10
2141,19,2160,0.991204,0.107,1.567940e+06,3.436071e-01,0.0001,3.3252,0,0,119,0,8,10
2142,18,2160,0.991667,0.107,1.567786e+06,3.452536e-01,0.0001,0.0179,2,1,7,0,8,9
2143,17,2160,0.99213,0.107,1.567806e+06,3.645720e-01,0.0001,0.0179,1,8,0,0,7,9
2144,16,2160,0.992593,0.107,1.567806e+06,4.669782e-01,0.0001,1.7892,2,2,8,0,7,8
2145,15,2160,0.993056,0.107,1.567783e+06,8.343898e-01,0.0001,0.7151,1,3,7,0,6,8
2146,14,2160,0.993519,0.107,1.567782e+06,8.963945e-01,0.0001,2.095,1,5,4,0,5,8
2147,13,2160,0.993981,0.107,1.567781e+06,1.003519e+00,0.0001,1.5867,1,0,2,0,4,8
2148,12,2160,0.994444,0.107,1.567781e+06,9.814785e-01,0.0001,3.3117,2,8,3,0,4,7
2149,11,2160,0.994907,0.107,1.568498e+06,1.247791e+00,0.0001,3.3085,2,9,4,0,4,6
2150,10,2160,0.99537,0.107,1.571652e+06,9.999041e-01,0.0001,3.3066,1,4,7,0,3,6
2151,9,2160,0.995833,0.107,1.567805e+06,1.175990e+00,0.0001,2.4914,1,3,9,0,2,6
2152,8,2160,0.996296,0.107,1.567781e+06,1.170853e+00,0.0001,0.8739,1,4,6,0,1,6
2153,7,2160,0.996759,0.107,1.567781e+06,1.646387e+00,0.0001,3.3217,2,1,3,0,1,5
2154,6,2160,0.997222,0.107,1.567981e+06,1.885791e+00,0.0001,3.3159,2,7,4,0,1,4
2155,5,2160,0.997685,0.107,1.571547e+06,1.779274e+00,0.0001,3.3077,2,6,4,0,1,3
2156,4,2160,0.998148,0.107,1.570673e+06,2.412437e+00,0.0001,2.8765,1,4,9,0,0,3
2157,3,2160,0.998611,0.107,1.567795e+06,3.234332e+00,0.0001,3.2924,2,5,5,0,0,2
2158,2,2160,0.999074,0.107,1.569000e+06,3.589978e+00,0.0001,1.6742,2,3,0,0,0,1
2159,1,2160,0.999537,0.107,1.567781e+06,3.902220e+00,0.0001,0.7325,2,4,4,0,0,0
