step,NZ,total_W,sparsity,val_acc,d_manifold,d_W,prune_time_s,candidate_layer,candidate_i,candidate_j,layer_0_NZ,layer_1_NZ,layer_2_NZ
0,2160,2160,0.0,0.916,0.000000e+00,9.749542e-05,5.5788,0,5,6,1959,100,100
1,2159,2160,0.000463,0.916,7.809935e-16,1.104165e-04,2.584,0,5,166,1958,100,100
2,2158,2160,0.000926,0.916,8.244420e-16,1.160353e-04,2.5745,0,5,58,1957,100,100
3,2157,2160,0.001389,0.916,9.027956e-16,3.118836e-04,2.5881,0,5,154,1956,100,100
4,2156,2160,0.001852,0.916,1.099562e-14,3.218109e-04,2.5896,0,9,12,1955,100,100
5,2155,2160,0.002315,0.916,1.741197e-09,5.129857e-04,2.6003,0,5,179,1954,100,100
6,2154,2160,0.002778,0.916,1.741197e-09,5.735306e-04,2.5824,2,3,7,1954,100,99
7,2153,2160,0.003241,0.916,1.741197e-09,6.069620e-04,2.6279,0,5,113,1953,100,99
8,2152,2160,0.003704,0.916,1.741484e-09,7.018513e-04,2.6067,1,7,5,1953,99,99
9,2151,2160,0.004167,0.916,1.741484e-09,7.634198e-04,2.5942,1,7,2,1953,98,99
10,2150,2160,0.00463,0.916,1.741484e-09,8.586071e-04,2.5968,2,8,7,1953,98,98
11,2149,2160,0.005093,0.916,1.741484e-09,8.609023e-04,2.5835,0,5,54,1952,98,98
12,2148,2160,0.005556,0.916,6.861870e-07,1.025429e-03,2.5809,1,7,0,1952,97,98
13,2147,2160,0.006019,0.916,6.861870e-07,1.167433e-03,2.586,0,5,134,1951,97,98
14,2146,2160,0.006481,0.916,6.862551e-07,1.221367e-03,2.6035,1,7,8,1951,96,98
15,2145,2160,0.006944,0.916,6.862551e-07,1.459953e-03,2.5851,1,7,4,1951,95,98
16,2144,2160,0.007407,0.916,6.862551e-07,1.615284e-03,2.5928,0,5,16,1950,95,98
17,2143,2160,0.00787,0.916,6.861910e-07,1.807401e-03,2.613,0,5,157,1949,95,98
18,2142,2160,0.008333,0.916,6.862038e-07,1.990906e-03,2.6061,0,5,185,1948,95,98
19,2141,2160,0.008796,0.916,6.861902e-07,1.996164e-03,2.6209,2,0,7,1948,95,97
20,2140,2160,0.009259,0.916,6.861902e-07,2.290173e-03,2.5988,0,5,97,1947,95,97
21,2139,2160,0.009722,0.916,6.207055e-05,2.566132e-03,2.6138,0,5,88,1946,95,97
22,2138,2160,0.010185,0.916,6.206974e-05,2.255860e-03,2.5914,0,5,13,1945,95,97
23,2137,2160,0.010648,0.916,6.206888e-05,1.844371e-03,2.6245,0,5,139,1944,95,97
24,2136,2160,0.011111,0.916,6.207060e-05,2.574201e-03,2.578,0,5,148,1943,95,97
25,2135,2160,0.011574,0.916,1.064079e-04,4.834082e-03,2.5757,1,3,6,1943,94,97
26,2134,2160,0.012037,0.916,1.080678e-04,2.825554e-03,2.5873,0,5,137,1942,94,97
27,2133,2160,0.0125,0.916,1.129270e-04,2.408399e-03,2.6117,0,5,64,1941,94,97
28,2132,2160,0.012963,0.916,1.129250e-04,2.923782e-03,2.6314,0,5,135,1940,94,97
29,2131,2160,0.013426,0.916,3.586602e-04,2.576003e-03,2.637,0,5,155,1939,94,97
30,2130,2160,0.013889,0.916,3.937535e-04,3.009895e-03,2.6253,0,5,32,1938,94,97
31,2129,2160,0.014352,0.916,3.937539e-04,2.874330e-03,2.6219,0,5,21,1937,94,97
32,2128,2160,0.014815,0.916,4.171003e-04,2.728259e-03,2.5905,0,5,123,1936,94,97
33,2127,2160,0.015278,0.916,4.742915e-04,3.390217e-03,2.6045,0,5,11,1935,94,97
34,2126,2160,0.015741,0.916,4.742908e-04,3.320064e-03,2.581,0,5,65,1934,94,97
35,2125,2160,0.016204,0.916,4.742918e-04,3.349461e-03,2.5881,0,5,167,1933,94,97
36,2124,2160,0.016667,0.916,4.742931e-04,3.692162e-03,2.6117,0,5,140,1932,94,97
37,2123,2160,0.01713,0.916,5.145694e-04,4.021948e-03,2.5998,2,9,7,1932,94,96
38,2122,2160,0.017593,0.916,5.145694e-04,4.448849e-03,2.5905,0,5,29,1931,94,96
39,2121,2160,0.018056,0.916,5.145684e-04,3.948262e-03,2.592,0,5,19,1930,94,96
40,2120,2160,0.018519,0.916,5.214612e-04,4.430466e-03,2.6189,0,5,12,1929,94,96
41,2119,2160,0.018981,0.916,7.770548e-04,4.410408e-03,2.6161,0,5,89,1928,94,96
42,2118,2160,0.019444,0.916,7.770523e-04,4.544929e-03,2.6503,2,5,7,1928,94,95
43,2117,2160,0.019907,0.916,7.770523e-04,4.956104e-03,2.6206,0,5,39,1927,94,95
44,2116,2160,0.02037,0.916,7.770495e-04,4.968542e-03,2.6035,2,1,0,1927,94,94
45,2115,2160,0.020833,0.916,7.770494e-04,5.072006e-03,2.6212,0,5,129,1926,94,94
46,2114,2160,0.021296,0.916,7.770485e-04,4.567506e-03,2.5808,0,5,141,1925,94,94
47,2113,2160,0.021759,0.916,1.134107e-03,4.719821e-03,2.6094,0,5,98,1924,94,94
48,2112,2160,0.022222,0.916,1.134104e-03,5.798011e-03,2.598,0,5,9,1923,94,94
49,2111,2160,0.022685,0.916,1.861830e-02,5.801829e-03,2.6482,1,7,7,1923,93,94
50,2110,2160,0.023148,0.916,1.861830e-02,5.826837e-03,2.6084,2,7,7,1923,93,93
51,2109,2160,0.023611,0.916,1.861830e-02,5.887893e-03,2.6154,0,5,4,1922,93,93
52,2108,2160,0.024074,0.916,1.861830e-02,5.941218e-03,2.6866,0,5,10,1921,93,93
53,2107,2160,0.024537,0.916,1.861830e-02,6.287730e-03,2.6454,1,7,1,1921,92,93
54,2106,2160,0.025,0.916,1.861830e-02,6.332061e-03,2.6011,0,5,40,1920,92,93
55,2105,2160,0.025463,0.916,1.861830e-02,6.551093e-03,2.6105,2,8,4,1920,92,92
56,2104,2160,0.025926,0.916,1.861828e-02,7.254128e-03,2.5828,0,5,158,1919,92,92
57,2103,2160,0.026389,0.916,2.795259e-02,7.565580e-03,2.6455,2,2,7,1919,92,91
58,2102,2160,0.026852,0.916,2.795259e-02,8.998375e-03,2.5792,0,5,52,1918,92,91
59,2101,2160,0.027315,0.916,2.795258e-02,7.535782e-03,2.6102,0,5,136,1917,92,91
60,2100,2160,0.027778,0.916,2.854577e-02,6.352060e-03,2.6467,0,5,189,1916,92,91
61,2099,2160,0.028241,0.916,3.514891e-02,7.498256e-03,2.6102,0,5,99,1915,92,91
62,2098,2160,0.028704,0.916,4.068734e-02,7.673853e-03,2.5934,0,5,187,1914,92,91
63,2097,2160,0.029167,0.916,6.607758e-02,9.783588e-03,2.6155,2,1,7,1914,92,90
64,2096,2160,0.02963,0.916,6.607758e-02,1.042725e-02,2.6003,0,5,170,1913,92,90
65,2095,2160,0.030093,0.916,6.738082e-02,1.238524e-02,2.5939,2,8,9,1913,92,89
66,2094,2160,0.030556,0.916,6.738081e-02,1.305450e-02,2.6107,2,4,7,1913,92,88
67,2093,2160,0.031019,0.916,6.738081e-02,1.428911e-02,2.5827,2,6,7,1913,92,87
68,2092,2160,0.031481,0.916,6.738081e-02,1.518588e-02,2.6265,0,5,181,1912,92,87
69,2091,2160,0.031944,0.916,1.709371e-01,1.540995e-02,2.6608,1,7,6,1912,91,87
70,2090,2160,0.032407,0.916,1.709371e-01,1.639706e-02,2.6001,2,2,1,1912,91,86
71,2089,2160,0.03287,0.916,1.709371e-01,1.694800e-02,2.6213,0,5,153,1911,91,86
72,2088,2160,0.033333,0.917,2.283881e-01,1.901539e-02,2.591,1,7,3,1911,90,86
73,2087,2160,0.033796,0.917,2.283881e-01,2.078468e-02,2.5945,1,7,9,1911,89,86
74,2086,2160,0.034259,0.917,2.283881e-01,3.631690e-02,2.5986,2,2,6,1911,89,85
75,2085,2160,0.034722,0.917,2.283882e-01,4.241364e-02,2.5797,2,8,8,1911,89,84
76,2084,2160,0.035185,0.917,2.283882e-01,4.664560e-02,2.6192,2,9,3,1911,89,83
77,2083,2160,0.035648,0.917,2.283881e-01,1.981475e-03,2.6051,0,9,79,1910,89,83
78,2082,2160,0.036111,0.917,2.283906e-01,1.272602e-01,2.5816,2,9,5,1910,89,82
79,2081,2160,0.036574,0.917,2.283906e-01,1.359946e-01,2.5795,2,8,2,1910,89,81
80,2080,2160,0.037037,0.917,2.283906e-01,3.373754e-02,2.5882,0,4,48,1909,89,81
81,2079,2160,0.0375,0.917,4.056370e-01,1.212520e-04,2.587,0,4,192,1908,89,81
82,2078,2160,0.037963,0.917,4.056368e-01,1.857431e-04,2.6275,0,7,125,1907,89,81
83,2077,2160,0.038426,0.917,4.057918e-01,1.506356e-03,2.6004,0,9,47,1906,89,81
84,2076,2160,0.038889,0.917,4.058557e-01,3.680580e-04,2.5964,0,7,157,1905,89,81
85,2075,2160,0.039352,0.917,4.060694e-01,7.045688e-04,2.6059,0,7,192,1904,89,81
86,2074,2160,0.039815,0.917,4.062825e-01,1.448999e-02,2.5947,0,5,23,1903,89,81
87,2073,2160,0.040278,0.919,4.500325e-01,1.145359e-02,2.5841,0,6,135,1902,89,81
88,2072,2160,0.040741,0.919,4.527678e-01,2.192946e-02,2.6084,0,3,123,1901,89,81
89,2071,2160,0.041204,0.919,4.738052e-01,4.740325e-03,2.596,0,3,88,1900,89,81
90,2070,2160,0.041667,0.919,4.729403e-01,1.204020e-03,2.6251,0,0,8,1899,89,81
91,2069,2160,0.04213,0.919,4.746505e-01,1.057819e-03,2.5797,0,7,97,1898,89,81
92,2068,2160,0.042593,0.919,4.763737e-01,8.519027e-03,2.5964,0,5,0,1897,89,81
93,2067,2160,0.043056,0.919,5.019142e-01,9.443506e-03,2.6091,0,7,143,1896,89,81
94,2066,2160,0.043519,0.919,5.103621e-01,1.547198e-03,2.5864,0,2,162,1895,89,81
95,2065,2160,0.043981,0.919,5.115676e-01,7.171361e-03,2.5992,0,4,57,1894,89,81
96,2064,2160,0.044444,0.919,5.131114e-01,5.488433e-03,2.5808,2,3,2,1894,89,80
97,2063,2160,0.044907,0.919,5.069057e-01,2.085481e-02,2.6038,1,4,2,1894,88,80
98,2062,2160,0.04537,0.919,5.441504e-01,1.521003e-02,2.5864,1,9,8,1894,87,80
99,2061,2160,0.045833,0.919,5.708971e-01,4.371300e-03,2.6369,0,2,25,1893,87,80
100,2060,2160,0.046296,0.919,5.804009e-01,6.052361e-03,2.5823,0,9,26,1892,87,80
101,2059,2160,0.046759,0.919,5.853741e-01,1.119732e-02,2.5917,0,9,75,1891,87,80
102,2058,2160,0.047222,0.919,5.851146e-01,2.692219e-02,2.585,2,0,2,1891,87,79
103,2057,2160,0.047685,0.918,7.176083e-01,1.861013e-02,2.6034,0,9,29,1890,87,79
104,2056,2160,0.048148,0.918,7.196128e-01,5.811727e-03,2.5984,0,3,104,1889,87,79
105,2055,2160,0.048611,0.918,7.256941e-01,2.155573e-03,2.586,0,2,18,1888,87,79
106,2054,2160,0.049074,0.918,7.279435e-01,1.435144e-02,2.5872,0,3,188,1887,87,79
107,2053,2160,0.049537,0.917,7.097741e-01,2.225851e-02,2.6176,0,3,60,1886,87,79
108,2052,2160,0.05,0.918,7.287662e-01,3.562990e-03,2.5975,0,0,47,1885,87,79
109,2051,2160,0.050463,0.918,7.302589e-01,8.075741e-03,2.5944,0,5,111,1884,87,79
110,2050,2160,0.050926,0.918,7.562331e-01,2.072628e-02,2.6023,0,3,75,1883,87,79
111,2049,2160,0.051389,0.918,7.727585e-01,1.868310e-02,2.6246,2,9,6,1883,87,78
112,2048,2160,0.051852,0.918,8.060026e-01,1.313304e-02,2.5845,0,3,6,1882,87,78
113,2047,2160,0.052315,0.918,7.994556e-01,1.177195e-02,2.5851,0,3,64,1881,87,78
114,2046,2160,0.052778,0.918,8.075409e-01,8.922974e-03,2.6124,0,6,84,1880,87,78
115,2045,2160,0.053241,0.918,8.043032e-01,1.812568e-03,2.5836,0,7,188,1879,87,78
116,2044,2160,0.053704,0.918,8.066583e-01,6.912058e-02,2.5908,1,9,5,1879,86,78
117,2043,2160,0.054167,0.919,8.161825e-01,6.158100e-04,2.5874,0,1,111,1878,86,78
118,2042,2160,0.05463,0.919,8.256603e-01,8.944114e-04,2.5997,0,1,37,1877,86,78
119,2041,2160,0.055093,0.919,8.336132e-01,1.466895e-03,2.5778,0,0,115,1876,86,78
120,2040,2160,0.055556,0.919,8.416542e-01,6.453736e-03,2.5843,0,9,80,1875,86,78
121,2039,2160,0.056019,0.919,8.481274e-01,5.913811e-03,2.587,0,9,116,1874,86,78
122,2038,2160,0.056481,0.919,8.647780e-01,1.019995e-02,2.5898,0,5,119,1873,86,78
123,2037,2160,0.056944,0.919,8.956744e-01,1.037513e-02,2.5899,0,5,30,1872,86,78
124,2036,2160,0.057407,0.919,9.204765e-01,6.547302e-03,2.5765,0,5,72,1871,86,78
125,2035,2160,0.05787,0.919,9.427854e-01,2.510735e-03,2.65,0,3,168,1870,86,78
126,2034,2160,0.058333,0.919,9.522433e-01,1.400035e-02,2.5903,0,2,119,1869,86,78
127,2033,2160,0.058796,0.919,9.426063e-01,7.984968e-03,2.588,0,9,154,1868,86,78
128,2032,2160,0.059259,0.919,9.460351e-01,2.207759e-03,2.6158,0,7,98,1867,86,78
129,2031,2160,0.059722,0.919,9.644397e-01,6.143220e-03,2.6082,0,2,6,1866,86,78
130,2030,2160,0.060185,0.919,9.686175e-01,2.454973e-02,2.5854,0,5,192,1865,86,78
131,2029,2160,0.060648,0.918,1.024190e+00,3.587914e-02,2.6458,0,6,163,1864,86,78
132,2028,2160,0.061111,0.919,1.269001e+00,7.219594e-03,2.6049,0,9,103,1863,86,78
133,2027,2160,0.061574,0.919,1.311505e+00,2.364285e-03,2.6075,0,1,96,1862,86,78
134,2026,2160,0.062037,0.919,1.329735e+00,1.374384e-03,2.6234,0,1,1,1861,86,78
135,2025,2160,0.0625,0.919,1.347097e+00,1.434779e-03,2.593,0,8,159,1860,86,78
136,2024,2160,0.062963,0.919,1.363435e+00,3.701898e-03,2.6119,0,0,171,1859,86,78
137,2023,2160,0.063426,0.919,1.377034e+00,4.069102e-03,2.5928,0,8,2,1858,86,78
138,2022,2160,0.063889,0.919,1.393274e+00,7.716433e-02,2.5998,2,5,5,1858,86,77
139,2021,2160,0.064352,0.917,4.296887e+00,1.332813e-02,2.6141,0,1,154,1857,86,77
140,2020,2160,0.064815,0.915,4.327529e+00,5.110499e-03,2.6177,0,2,194,1856,86,77
141,2019,2160,0.065278,0.916,4.353860e+00,4.479998e-03,2.5817,0,9,182,1855,86,77
142,2018,2160,0.065741,0.917,4.383948e+00,9.346481e-03,2.5965,0,9,93,1854,86,77
143,2017,2160,0.066204,0.918,4.427640e+00,9.053040e-03,2.5941,0,2,91,1853,86,77
144,2016,2160,0.066667,0.918,4.474767e+00,6.871926e-02,2.5956,1,8,7,1853,85,77
145,2015,2160,0.06713,0.918,1.033691e+01,2.436495e-03,2.5913,0,9,174,1852,85,77
146,2014,2160,0.067593,0.918,1.034662e+01,1.103424e-02,2.586,0,4,39,1851,85,77
147,2013,2160,0.068056,0.918,1.024991e+01,5.440552e-03,2.5937,2,5,9,1851,85,76
148,2012,2160,0.068519,0.918,1.026377e+01,2.231081e-03,2.5854,0,4,59,1850,85,76
149,2011,2160,0.068981,0.918,1.026127e+01,1.101515e-02,2.6192,0,4,177,1849,85,76
150,2010,2160,0.069444,0.918,1.031307e+01,1.021451e-02,2.5861,0,4,14,1848,85,76
151,2009,2160,0.069907,0.918,1.028263e+01,2.430084e-02,2.6088,0,7,162,1847,85,76
152,2008,2160,0.07037,0.919,1.021537e+01,1.085134e-02,2.5912,1,6,1,1847,84,76
153,2007,2160,0.070833,0.919,1.018328e+01,7.228979e-03,2.575,0,7,159,1846,84,76
154,2006,2160,0.071296,0.917,1.017955e+01,2.044346e-02,2.6234,0,9,83,1845,84,76
155,2005,2160,0.071759,0.918,1.011595e+01,9.082901e-03,2.5922,0,5,173,1844,84,76
156,2004,2160,0.072222,0.918,1.016894e+01,9.219918e-03,2.5762,0,5,25,1843,84,76
157,2003,2160,0.072685,0.92,1.020131e+01,2.189923e-03,2.6354,0,8,56,1842,84,76
158,2002,2160,0.073148,0.92,1.023284e+01,1.932927e-03,2.5908,0,8,170,1841,84,76
159,2001,2160,0.073611,0.92,1.027589e+01,5.869476e-03,2.6211,0,7,153,1840,84,76
160,2000,2160,0.074074,0.919,1.037757e+01,2.790156e-02,2.5821,0,9,146,1839,84,76
161,1999,2160,0.074537,0.918,1.118180e+01,1.102732e-02,2.585,0,3,156,1838,84,76
162,1998,2160,0.075,0.918,1.119315e+01,1.447009e-02,2.5893,0,5,24,1837,84,76
163,1997,2160,0.075463,0.918,1.124446e+01,1.969100e-02,2.5828,0,2,28,1836,84,76
164,1996,2160,0.075926,0.919,1.133540e+01,1.186031e-03,2.5963,0,8,16,1835,84,76
165,1995,2160,0.076389,0.919,1.138599e+01,4.361394e-02,2.6323,2,3,1,1835,84,75
166,1994,2160,0.076852,0.918,1.186446e+01,2.318121e-02,2.6077,0,6,116,1834,84,75
167,1993,2160,0.077315,0.919,1.107935e+01,1.700331e-02,2.5903,0,2,171,1833,84,75
168,1992,2160,0.077778,0.92,1.123296e+01,3.796590e-02,2.5886,0,5,110,1832,84,75
169,1991,2160,0.078241,0.919,1.071352e+01,8.894124e-03,2.5811,0,1,165,1831,84,75
170,1990,2160,0.078704,0.919,1.087723e+01,3.255734e-03,2.6092,0,0,17,1830,84,75
171,1989,2160,0.079167,0.919,1.100251e+01,1.333465e-02,2.6262,0,5,114,1829,84,75
172,1988,2160,0.07963,0.919,1.098873e+01,9.753635e-03,2.5931,0,5,130,1828,84,75
173,1987,2160,0.080093,0.919,1.110299e+01,1.538406e-02,2.6255,0,5,109,1827,84,75
174,1986,2160,0.080556,0.919,1.115058e+01,8.434015e-03,2.6356,0,7,82,1826,84,75
175,1985,2160,0.081019,0.919,1.133537e+01,8.259487e-02,2.6362,2,6,4,1826,84,74
176,1984,2160,0.081481,0.919,1.879038e+01,1.617985e-02,2.5998,1,6,4,1826,83,74
177,1983,2160,0.081944,0.92,1.861104e+01,1.150315e-02,2.6067,0,5,57,1825,83,74
178,1982,2160,0.082407,0.918,1.864859e+01,9.489543e-03,2.5872,0,5,161,1824,83,74
179,1981,2160,0.08287,0.919,1.869794e+01,8.919821e-03,2.6052,0,3,193,1823,83,74
180,1980,2160,0.083333,0.918,1.874694e+01,2.035371e-03,2.616,0,1,97,1822,83,74
181,1979,2160,0.083796,0.919,1.879416e+01,1.950887e-03,2.5833,0,8,85,1821,83,74
182,1978,2160,0.084259,0.919,1.883316e+01,2.768108e-03,2.6201,0,1,70,1820,83,74
183,1977,2160,0.084722,0.919,1.889807e+01,9.027894e-03,2.5958,0,0,18,1819,83,74
184,1976,2160,0.085185,0.919,1.888220e+01,8.490805e-02,2.6104,2,8,1,1819,83,73
185,1975,2160,0.085648,0.918,3.401381e+01,5.101186e-03,2.6009,0,7,42,1818,83,73
186,1974,2160,0.086111,0.918,3.393797e+01,1.129783e-02,2.6116,0,3,186,1817,83,73
187,1973,2160,0.086574,0.919,3.439108e+01,1.773398e-02,2.5958,0,9,67,1816,83,73
188,1972,2160,0.087037,0.918,3.476240e+01,1.395019e-02,2.5838,0,7,25,1815,83,73
189,1971,2160,0.0875,0.918,3.501224e+01,1.820631e-02,2.5854,2,7,8,1815,83,72
190,1970,2160,0.087963,0.918,3.460786e+01,6.257918e-03,2.584,0,1,139,1814,83,72
191,1969,2160,0.088426,0.918,3.479997e+01,6.935558e-03,2.5885,0,0,64,1813,83,72
192,1968,2160,0.088889,0.919,3.469964e+01,1.481189e-02,2.6125,0,5,81,1812,83,72
193,1967,2160,0.089352,0.918,3.476189e+01,6.801195e-03,2.6015,0,7,61,1811,83,72
194,1966,2160,0.089815,0.919,3.510528e+01,9.916912e-03,2.6093,0,1,166,1810,83,72
195,1965,2160,0.090278,0.919,3.536274e+01,1.442303e-02,2.6086,0,5,159,1809,83,72
196,1964,2160,0.090741,0.919,3.545576e+01,4.271072e-03,2.5869,0,7,11,1808,83,72
197,1963,2160,0.091204,0.919,3.541190e+01,6.418305e-03,2.6348,0,9,168,1807,83,72
198,1962,2160,0.091667,0.919,3.533959e+01,5.122560e-03,2.7438,0,2,27,1806,83,72
199,1961,2160,0.09213,0.919,3.518908e+01,8.545213e-03,2.6585,0,9,185,1805,83,72
200,1960,2160,0.092593,0.918,3.537355e+01,4.048992e-02,2.6498,0,2,185,1804,83,72
201,1959,2160,0.093056,0.917,3.428530e+01,2.039676e-03,2.6073,0,1,21,1803,83,72
202,1958,2160,0.093519,0.917,3.438826e+01,1.863842e-03,2.6089,0,1,17,1802,83,72
203,1957,2160,0.093981,0.917,3.448048e+01,1.986857e-02,2.5862,0,3,31,1801,83,72
204,1956,2160,0.094444,0.917,3.494437e+01,4.850439e-03,2.5799,0,4,61,1800,83,72
205,1955,2160,0.094907,0.918,3.527306e+01,1.059783e-02,2.6007,0,6,13,1799,83,72
206,1954,2160,0.09537,0.918,3.592479e+01,4.884715e-03,2.5902,0,9,17,1798,83,72
207,1953,2160,0.095833,0.918,3.644349e+01,7.084247e-03,2.5921,0,4,107,1797,83,72
208,1952,2160,0.096296,0.919,3.667338e+01,3.750560e-03,2.6032,0,4,8,1796,83,72
209,1951,2160,0.096759,0.919,3.695266e+01,3.569354e-03,2.6072,0,0,40,1795,83,72
210,1950,2160,0.097222,0.919,3.740643e+01,5.643189e-03,2.5862,0,0,151,1794,83,72
211,1949,2160,0.097685,0.919,3.788777e+01,4.705741e-03,2.6452,0,7,87,1793,83,72
212,1948,2160,0.098148,0.92,3.861171e+01,6.003595e-03,2.6091,0,7,161,1792,83,72
213,1947,2160,0.098611,0.92,3.918265e+01,3.449321e-03,2.5808,0,4,2,1791,83,72
214,1946,2160,0.099074,0.92,3.961189e+01,4.071063e-03,2.6178,0,9,70,1790,83,72
215,1945,2160,0.099537,0.92,4.004575e+01,1.461764e-02,2.6387,0,5,184,1789,83,72
216,1944,2160,0.1,0.92,4.018026e+01,1.158385e-02,2.587,0,5,33,1788,83,72
217,1943,2160,0.100463,0.921,4.032794e+01,1.851824e-03,2.5885,0,8,35,1787,83,72
218,1942,2160,0.100926,0.921,4.047349e+01,3.113629e-03,2.5874,0,0,111,1786,83,72
219,1941,2160,0.101389,0.921,4.053469e+01,1.654958e-03,2.6024,0,8,33,1785,83,72
220,1940,2160,0.101852,0.92,4.067876e+01,2.900954e-02,2.6285,1,9,0,1785,82,72
221,1939,2160,0.102315,0.92,4.368815e+01,3.267356e-02,2.6221,0,4,0,1784,82,72
222,1938,2160,0.102778,0.921,4.141776e+01,1.408408e-02,2.6037,0,3,115,1783,82,72
223,1937,2160,0.103241,0.921,4.199738e+01,1.162341e-02,2.599,0,3,71,1782,82,72
224,1936,2160,0.103704,0.921,4.199158e+01,1.525120e-02,2.6138,0,5,194,1781,82,72
225,1935,2160,0.104167,0.921,4.215470e+01,9.233331e-03,2.5857,0,5,108,1780,82,72
226,1934,2160,0.10463,0.921,4.223325e+01,1.061988e-02,2.6237,0,5,3,1779,82,72
227,1933,2160,0.105093,0.921,4.236659e+01,2.070716e-02,2.5936,0,6,112,1778,82,72
228,1932,2160,0.105556,0.921,4.263601e+01,1.246301e-02,2.582,0,9,89,1777,82,72
229,1931,2160,0.106019,0.921,4.346918e+01,6.419553e-03,2.5863,0,3,182,1776,82,72
230,1930,2160,0.106481,0.921,4.383870e+01,3.886413e-03,2.6004,0,0,85,1775,82,72
231,1929,2160,0.106944,0.921,4.392555e+01,2.152134e-02,2.586,0,6,137,1774,82,72
232,1928,2160,0.107407,0.921,4.532209e+01,9.131829e-03,2.5825,0,2,195,1773,82,72
233,1927,2160,0.10787,0.921,4.567267e+01,7.836929e-03,2.6029,0,9,136,1772,82,72
234,1926,2160,0.108333,0.921,4.618983e+01,2.121691e-02,2.601,0,3,52,1771,82,72
235,1925,2160,0.108796,0.92,4.674091e+01,6.624571e-03,2.5851,0,3,38,1770,82,72
236,1924,2160,0.109259,0.919,4.684292e+01,1.241381e-02,2.5934,0,7,104,1769,82,72
237,1923,2160,0.109722,0.92,4.684687e+01,3.482794e-03,2.6497,0,4,84,1768,82,72
238,1922,2160,0.110185,0.919,4.707991e+01,7.835572e-03,2.5882,0,4,108,1767,82,72
239,1921,2160,0.110648,0.918,4.678489e+01,2.654093e-03,2.5849,0,1,28,1766,82,72
240,1920,2160,0.111111,0.918,4.692566e+01,1.301815e-02,2.6089,0,3,109,1765,82,72
241,1919,2160,0.111574,0.919,4.804803e+01,2.826980e-03,2.6207,0,1,167,1764,82,72
242,1918,2160,0.112037,0.919,4.823472e+01,1.222552e-02,2.6249,0,9,14,1763,82,72
243,1917,2160,0.1125,0.918,4.830830e+01,1.378807e-02,2.5897,0,7,189,1762,82,72
244,1916,2160,0.112963,0.917,4.785570e+01,3.450899e-02,2.6029,1,5,4,1762,81,72
245,1915,2160,0.113426,0.917,4.944823e+01,1.044577e-02,2.6077,0,2,35,1761,81,72
246,1914,2160,0.113889,0.918,4.966560e+01,6.408187e-03,2.6515,0,9,43,1760,81,72
247,1913,2160,0.114352,0.918,5.017791e+01,5.044592e-03,2.6034,0,0,30,1759,81,72
248,1912,2160,0.114815,0.918,5.015203e+01,5.938604e-02,2.5928,1,8,5,1759,80,72
249,1911,2160,0.115278,0.915,5.034312e+01,2.501584e-02,2.5881,0,5,75,1758,80,72
250,1910,2160,0.115741,0.916,5.052075e+01,1.423148e-02,2.5899,0,5,86,1757,80,72
251,1909,2160,0.116204,0.916,5.072519e+01,5.191858e-03,2.6284,0,7,27,1756,80,72
252,1908,2160,0.116667,0.916,5.104002e+01,4.057680e-03,2.6113,0,1,117,1755,80,72
253,1907,2160,0.11713,0.916,5.132998e+01,3.063354e-03,2.5984,0,1,129,1754,80,72
254,1906,2160,0.117593,0.916,5.153119e+01,5.269189e-03,2.6477,0,9,101,1753,80,72
255,1905,2160,0.118056,0.916,5.194895e+01,6.079109e-03,2.63,0,4,1,1752,80,72
256,1904,2160,0.118519,0.916,5.264497e+01,2.191684e-02,2.5842,0,5,51,1751,80,72
257,1903,2160,0.118981,0.915,5.282196e+01,1.425376e-02,2.6099,0,5,56,1750,80,72
258,1902,2160,0.119444,0.915,5.308339e+01,1.571310e-02,2.5674,0,5,180,1749,80,72
259,1901,2160,0.119907,0.915,5.330625e+01,1.978138e-02,2.6045,0,5,80,1748,80,72
260,1900,2160,0.12037,0.913,5.370625e+01,1.671587e-02,2.5887,0,5,67,1747,80,72
261,1899,2160,0.120833,0.913,5.378890e+01,4.386065e-03,2.6451,0,0,98,1746,80,72
262,1898,2160,0.121296,0.913,5.384481e+01,2.387226e-03,2.5913,0,8,114,1745,80,72
263,1897,2160,0.121759,0.913,5.415466e+01,4.349248e-03,2.5914,0,0,20,1744,80,72
264,1896,2160,0.122222,0.913,5.444151e+01,5.537605e-03,2.6246,0,9,97,1743,80,72
265,1895,2160,0.122685,0.913,5.472104e+01,5.083783e-03,2.6098,0,7,191,1742,80,72
266,1894,2160,0.123148,0.913,5.496559e+01,4.019878e-03,2.6485,0,1,10,1741,80,72
267,1893,2160,0.123611,0.913,5.526051e+01,8.861956e-03,2.5864,0,7,64,1740,80,72
268,1892,2160,0.124074,0.912,5.619953e+01,1.980856e-02,2.5969,0,3,89,1739,80,72
269,1891,2160,0.124537,0.912,5.639937e+01,2.975218e-02,2.5967,0,5,2,1738,80,72
270,1890,2160,0.125,0.913,5.650961e+01,1.516513e-02,2.614,0,5,55,1737,80,72
271,1889,2160,0.125463,0.913,5.661419e+01,1.286065e-02,2.5904,0,5,28,1736,80,72
272,1888,2160,0.125926,0.913,5.669497e+01,9.758142e-03,2.591,0,5,70,1735,80,72
273,1887,2160,0.126389,0.914,5.688076e+01,1.480645e-02,2.6645,0,5,149,1734,80,72
274,1886,2160,0.126852,0.915,5.698552e+01,2.426477e-02,2.6056,0,3,42,1733,80,72
275,1885,2160,0.127315,0.916,5.692740e+01,1.307387e-02,2.6286,0,2,7,1732,80,72
276,1884,2160,0.127778,0.916,5.734962e+01,2.579746e-02,2.5956,0,2,101,1731,80,72
277,1883,2160,0.128241,0.915,5.805404e+01,2.206763e-02,2.6122,0,2,55,1730,80,72
278,1882,2160,0.128704,0.915,5.911295e+01,6.647291e-03,2.5934,1,2,8,1730,79,72
279,1881,2160,0.129167,0.915,5.889717e+01,9.176861e-03,2.5981,0,2,181,1729,79,72
280,1880,2160,0.12963,0.915,5.960658e+01,1.843628e-02,2.6197,0,4,86,1728,79,72
281,1879,2160,0.130093,0.915,6.023439e+01,6.147859e-03,2.5879,0,0,181,1727,79,72
282,1878,2160,0.130556,0.915,6.039703e+01,5.313200e-03,2.6121,0,4,40,1726,79,72
283,1877,2160,0.131019,0.915,6.097758e+01,1.298517e-02,2.609,1,8,8,1726,78,72
284,1876,2160,0.131481,0.915,6.163046e+01,4.601557e-03,2.6131,0,9,112,1725,78,72
285,1875,2160,0.131944,0.915,6.182391e+01,8.988401e-03,2.6155,0,4,132,1724,78,72
286,1874,2160,0.132407,0.915,6.172042e+01,3.917796e-03,2.6027,0,0,194,1723,78,72
287,1873,2160,0.13287,0.915,6.201993e+01,1.088278e-02,2.5888,0,3,101,1722,78,72
288,1872,2160,0.133333,0.915,6.318793e+01,2.417912e-03,2.6228,0,8,123,1721,78,72
289,1871,2160,0.133796,0.915,6.356805e+01,9.540768e-03,2.5939,0,3,37,1720,78,72
290,1870,2160,0.134259,0.915,6.428196e+01,1.593584e-02,2.588,0,2,92,1719,78,72
291,1869,2160,0.134722,0.915,6.568771e+01,4.382751e-03,2.5842,0,2,13,1718,78,72
292,1868,2160,0.135185,0.915,6.594633e+01,8.557363e-03,2.5875,0,9,60,1717,78,72
293,1867,2160,0.135648,0.915,6.618638e+01,3.019824e-02,2.6045,0,7,138,1716,78,72
294,1866,2160,0.136111,0.915,6.529309e+01,1.051458e-01,2.5837,1,1,1,1716,77,72
295,1865,2160,0.136574,0.916,7.220209e+01,3.468460e-03,2.6085,0,8,10,1715,77,72
296,1864,2160,0.137037,0.916,7.266977e+01,4.712434e-03,2.5996,0,0,155,1714,77,72
297,1863,2160,0.1375,0.916,7.279868e+01,2.980909e-03,2.5896,0,8,186,1713,77,72
298,1862,2160,0.137963,0.916,7.310291e+01,4.754364e-03,2.5855,0,0,0,1712,77,72
299,1861,2160,0.138426,0.916,7.334492e+01,5.024987e-03,2.6062,0,7,83,1711,77,72
300,1860,2160,0.138889,0.916,7.362271e+01,7.574041e-03,2.5941,0,6,185,1710,77,72
301,1859,2160,0.139352,0.916,7.428868e+01,2.567795e-03,2.5952,0,8,3,1709,77,72
302,1858,2160,0.139815,0.916,7.456433e+01,4.256994e-03,2.5921,0,8,14,1708,77,72
303,1857,2160,0.140278,0.916,7.512353e+01,3.896266e-02,2.5984,0,5,27,1707,77,72
304,1856,2160,0.140741,0.916,7.508388e+01,1.944382e-02,2.5774,0,5,168,1706,77,72
305,1855,2160,0.141204,0.916,7.544047e+01,1.068630e-02,2.5933,0,1,146,1705,77,72
306,1854,2160,0.141667,0.915,7.579193e+01,9.614124e-03,2.6448,0,1,20,1704,77,72
307,1853,2160,0.14213,0.915,7.623070e+01,7.628340e-03,2.5902,0,8,59,1703,77,72
308,1852,2160,0.142593,0.915,7.634639e+01,4.365463e-03,2.5914,0,8,116,1702,77,72
309,1851,2160,0.143056,0.915,7.654671e+01,4.225024e-03,2.5804,0,8,140,1701,77,72
310,1850,2160,0.143519,0.915,7.695390e+01,2.751084e-03,2.6551,0,8,160,1700,77,72
311,1849,2160,0.143981,0.915,7.729572e+01,2.919848e-03,2.6412,0,8,167,1699,77,72
312,1848,2160,0.144444,0.915,7.770873e+01,1.399218e-02,2.6642,0,3,167,1698,77,72
313,1847,2160,0.144907,0.917,7.774094e+01,3.182370e-02,2.6056,0,5,7,1697,77,72
314,1846,2160,0.14537,0.916,7.789008e+01,1.318078e-02,2.5798,0,5,112,1696,77,72
315,1845,2160,0.145833,0.916,7.863981e+01,1.618618e-02,2.594,0,5,5,1695,77,72
316,1844,2160,0.146296,0.916,7.891759e+01,1.837280e-02,2.6263,0,5,142,1694,77,72
317,1843,2160,0.146759,0.916,7.922155e+01,1.773736e-02,2.5932,0,5,106,1693,77,72
318,1842,2160,0.147222,0.915,7.939615e+01,6.732095e-02,2.5966,0,5,41,1692,77,72
319,1841,2160,0.147685,0.918,8.145580e+01,3.308762e-02,2.6045,1,4,6,1692,76,72
320,1840,2160,0.148148,0.917,8.214102e+01,2.287647e-02,2.5921,0,5,127,1691,76,72
321,1839,2160,0.148611,0.916,8.236090e+01,1.584978e-02,2.588,0,5,121,1690,76,72
322,1838,2160,0.149074,0.916,8.273691e+01,1.809934e-02,2.6316,0,5,84,1689,76,72
323,1837,2160,0.149537,0.916,8.284910e+01,1.622347e-02,2.5937,0,5,133,1688,76,72
324,1836,2160,0.15,0.917,8.301975e+01,2.082076e-02,2.6122,0,5,169,1687,76,72
325,1835,2160,0.150463,0.917,8.332706e+01,5.109032e-03,2.5804,0,0,99,1686,76,72
326,1834,2160,0.150926,0.916,8.369543e+01,6.002630e-03,2.6062,0,0,53,1685,76,72
327,1833,2160,0.151389,0.916,8.366870e+01,1.506221e-02,2.6267,0,7,75,1684,76,72
328,1832,2160,0.151852,0.917,8.489137e+01,3.400821e-02,2.6524,0,3,132,1683,76,72
329,1831,2160,0.152315,0.917,8.286907e+01,2.625482e-02,2.5843,0,3,192,1682,76,72
330,1830,2160,0.152778,0.917,8.447009e+01,3.494792e-02,2.58,0,3,105,1681,76,72
331,1829,2160,0.153241,0.917,8.716219e+01,1.902952e-02,2.6022,0,9,115,1680,76,72
332,1828,2160,0.153704,0.917,8.864737e+01,2.561031e-03,2.5847,0,8,62,1679,76,72
333,1827,2160,0.154167,0.917,8.895998e+01,8.400291e-03,2.5904,0,1,192,1678,76,72
334,1826,2160,0.15463,0.917,8.927154e+01,7.443022e-03,2.584,0,3,5,1677,76,72
335,1825,2160,0.155093,0.917,8.989607e+01,5.189805e-03,2.5992,0,0,22,1676,76,72
336,1824,2160,0.155556,0.917,9.034599e+01,3.396839e-03,2.5946,0,7,22,1675,76,72
337,1823,2160,0.156019,0.917,9.067768e+01,1.170557e-02,2.5744,0,3,141,1674,76,72
338,1822,2160,0.156481,0.918,9.180665e+01,2.726786e-02,2.5813,0,9,20,1673,76,72
339,1821,2160,0.156944,0.917,9.264625e+01,1.559633e-02,2.5925,0,3,4,1672,76,72
340,1820,2160,0.157407,0.916,9.325457e+01,4.165283e-02,2.5901,0,3,145,1671,76,72
341,1819,2160,0.15787,0.916,9.302042e+01,3.033677e-01,2.5881,0,9,106,1670,76,72
342,1818,2160,0.158333,0.913,1.058657e+03,3.325040e-04,2.588,0,2,16,1669,76,72
343,1817,2160,0.158796,0.913,1.058703e+03,1.742310e-03,2.6295,0,2,63,1668,76,72
344,1816,2160,0.159259,0.913,1.058323e+03,2.426982e-03,2.5743,0,2,45,1667,76,72
345,1815,2160,0.159722,0.913,1.058940e+03,1.344936e-03,2.5956,0,6,30,1666,76,72
346,1814,2160,0.160185,0.913,1.058926e+03,8.365936e-03,2.5859,0,3,126,1665,76,72
347,1813,2160,0.160648,0.913,1.060705e+03,2.196439e-02,2.5859,0,6,28,1664,76,72
348,1812,2160,0.161111,0.913,1.066012e+03,1.241914e-02,2.6176,0,4,120,1663,76,72
349,1811,2160,0.161574,0.914,1.070087e+03,2.229874e-02,2.5914,0,6,130,1662,76,72
350,1810,2160,0.162037,0.913,1.064473e+03,1.365996e-02,2.5951,0,3,146,1661,76,72
351,1809,2160,0.1625,0.913,1.062570e+03,5.588192e-03,2.5793,0,2,58,1660,76,72
352,1808,2160,0.162963,0.913,1.062680e+03,5.206209e-03,2.6142,0,3,158,1659,76,72
353,1807,2160,0.163426,0.913,1.061775e+03,5.620518e-03,2.5949,0,3,102,1658,76,72
354,1806,2160,0.163889,0.913,1.062221e+03,6.418446e-03,2.5992,0,6,14,1657,76,72
355,1805,2160,0.164352,0.913,1.062665e+03,7.463805e-03,2.5849,0,6,169,1656,76,72
356,1804,2160,0.164815,0.913,1.063221e+03,8.984497e-03,2.6009,0,9,56,1655,76,72
357,1803,2160,0.165278,0.913,1.064057e+03,5.231815e-03,2.587,0,4,181,1654,76,72
358,1802,2160,0.165741,0.913,1.065325e+03,4.315820e-03,2.6061,0,0,108,1653,76,72
359,1801,2160,0.166204,0.913,1.065396e+03,4.313252e-03,2.5794,0,7,147,1652,76,72
360,1800,2160,0.166667,0.913,1.065741e+03,5.988604e-03,2.6022,0,3,111,1651,76,72
361,1799,2160,0.16713,0.913,1.064809e+03,7.296101e-03,2.6001,0,9,102,1650,76,72
362,1798,2160,0.167593,0.914,1.065784e+03,9.415244e-03,2.5898,0,9,6,1649,76,72
363,1797,2160,0.168056,0.914,1.067639e+03,1.019056e-02,2.6154,0,9,100,1648,76,72
364,1796,2160,0.168519,0.914,1.068989e+03,1.168106e-02,2.5992,0,9,123,1647,76,72
365,1795,2160,0.168981,0.914,1.070134e+03,9.678036e-03,2.6129,0,7,68,1646,76,72
366,1794,2160,0.169444,0.916,1.069606e+03,8.065049e-03,2.5967,0,3,113,1645,76,72
367,1793,2160,0.169907,0.915,1.069488e+03,5.205433e-03,2.592,0,7,113,1644,76,72
368,1792,2160,0.17037,0.916,1.070156e+03,1.028529e-02,2.5929,0,6,98,1643,76,72
369,1791,2160,0.170833,0.916,1.069088e+03,1.521042e-02,2.5921,0,2,46,1642,76,72
370,1790,2160,0.171296,0.916,1.069491e+03,9.021798e-03,2.5907,0,7,187,1641,76,72
371,1789,2160,0.171759,0.916,1.070751e+03,8.903876e-03,2.5955,0,3,183,1640,76,72
372,1788,2160,0.172222,0.916,1.072502e+03,7.321685e-03,2.5938,0,6,85,1639,76,72
373,1787,2160,0.172685,0.916,1.073589e+03,8.225371e-03,2.6121,0,2,71,1638,76,72
374,1786,2160,0.173148,0.916,1.072902e+03,1.817203e-01,2.6369,1,2,5,1638,75,72
375,1785,2160,0.173611,0.915,1.074957e+03,2.760218e-03,2.5999,0,1,159,1637,75,72
376,1784,2160,0.174074,0.915,1.075407e+03,3.032028e-02,2.5955,0,7,163,1636,75,72
377,1783,2160,0.174537,0.916,1.075061e+03,2.646548e-02,2.5969,0,4,29,1635,75,72
378,1782,2160,0.175,0.916,1.073766e+03,1.791417e-02,2.5848,2,7,4,1635,75,71
379,1781,2160,0.175463,0.915,1.073262e+03,1.882676e-02,2.5922,0,6,92,1634,75,71
380,1780,2160,0.175926,0.915,1.071844e+03,6.360896e-03,2.6233,0,0,182,1633,75,71
381,1779,2160,0.176389,0.915,1.073613e+03,1.611016e-02,2.5725,0,7,29,1632,75,71
382,1778,2160,0.176852,0.915,1.076630e+03,1.963891e-02,2.6129,0,3,133,1631,75,71
383,1777,2160,0.177315,0.916,1.075831e+03,5.283155e-02,2.6106,0,2,131,1630,75,71
384,1776,2160,0.177778,0.916,1.085006e+03,1.511893e-02,2.6297,0,4,51,1629,75,71
385,1775,2160,0.178241,0.916,1.090315e+03,1.461940e-02,2.5987,0,4,76,1628,75,71
386,1774,2160,0.178704,0.914,1.093085e+03,9.724631e-03,2.5907,0,3,17,1627,75,71
387,1773,2160,0.179167,0.914,1.095549e+03,1.827773e-02,2.5854,0,0,21,1626,75,71
388,1772,2160,0.17963,0.915,1.096077e+03,1.559048e-02,2.5997,0,3,154,1625,75,71
389,1771,2160,0.180093,0.916,1.098016e+03,1.245750e-02,2.6285,0,0,72,1624,75,71
390,1770,2160,0.180556,0.916,1.098785e+03,7.483285e-03,2.586,0,3,127,1623,75,71
391,1769,2160,0.181019,0.916,1.099299e+03,2.057676e-02,2.5925,0,4,47,1622,75,71
392,1768,2160,0.181481,0.914,1.102068e+03,2.030536e-02,2.6005,0,6,141,1621,75,71
393,1767,2160,0.181944,0.915,1.105044e+03,6.575082e-02,2.6116,1,1,8,1621,74,71
394,1766,2160,0.182407,0.914,1.105657e+03,2.048458e-02,2.5954,0,7,38,1620,74,71
395,1765,2160,0.18287,0.913,1.102133e+03,1.124800e-02,2.6116,0,3,85,1619,74,71
396,1764,2160,0.183333,0.913,1.100988e+03,8.530595e-03,2.601,0,9,85,1618,74,71
397,1763,2160,0.183796,0.914,1.103073e+03,8.467697e-03,2.5974,0,9,167,1617,74,71
398,1762,2160,0.184259,0.913,1.102779e+03,1.730455e-02,2.5823,0,9,129,1616,74,71
399,1761,2160,0.184722,0.914,1.101274e+03,1.615932e-02,2.6554,0,3,10,1615,74,71
400,1760,2160,0.185185,0.913,1.100722e+03,5.210604e-03,2.6175,0,1,73,1614,74,71
401,1759,2160,0.185648,0.913,1.101744e+03,4.208260e-03,2.5924,0,1,39,1613,74,71
402,1758,2160,0.186111,0.913,1.102492e+03,1.599268e-01,2.598,0,5,1,1612,74,71
403,1757,2160,0.186574,0.914,1.103080e+03,1.619829e-02,2.6231,0,5,96,1611,74,71
404,1756,2160,0.187037,0.913,1.103749e+03,3.410709e-02,2.5964,0,5,125,1610,74,71
405,1755,2160,0.1875,0.913,1.104808e+03,4.927059e-02,2.6244,0,5,156,1609,74,71
406,1754,2160,0.187963,0.914,1.105380e+03,2.671656e-02,2.6381,0,5,126,1608,74,71
407,1753,2160,0.188426,0.914,1.106281e+03,2.909303e-02,2.5858,0,5,14,1607,74,71
408,1752,2160,0.188889,0.915,1.106925e+03,2.646951e-02,2.5912,0,5,26,1606,74,71
409,1751,2160,0.189352,0.915,1.107663e+03,5.525573e-02,2.5904,0,5,190,1605,74,71
410,1750,2160,0.189815,0.915,1.107977e+03,3.208996e-02,2.6148,0,5,62,1604,74,71
411,1749,2160,0.190278,0.913,1.108434e+03,4.759990e-02,2.5767,0,5,37,1603,74,71
412,1748,2160,0.190741,0.913,1.111218e+03,3.256830e-02,2.5988,2,8,3,1603,74,70
413,1747,2160,0.191204,0.912,1.117679e+03,3.394724e-02,2.6259,0,5,182,1602,74,70
414,1746,2160,0.191667,0.912,1.119385e+03,2.378871e-02,2.5898,0,7,78,1601,74,70
415,1745,2160,0.19213,0.912,1.124325e+03,5.393188e-02,2.5991,0,5,71,1600,74,70
416,1744,2160,0.192593,0.914,1.125731e+03,5.288440e-02,2.5862,0,5,188,1599,74,70
417,1743,2160,0.193056,0.913,1.128324e+03,6.135368e-02,2.6044,0,5,163,1598,74,70
418,1742,2160,0.193519,0.913,1.130659e+03,8.518675e-02,2.595,0,5,164,1597,74,70
419,1741,2160,0.193981,0.913,1.132752e+03,1.760819e-02,2.7014,0,2,26,1596,74,70
420,1740,2160,0.194444,0.914,1.132947e+03,1.707774e-02,2.6296,0,9,74,1595,74,70
421,1739,2160,0.194907,0.914,1.134561e+03,3.641604e-03,2.5852,0,1,186,1594,74,70
422,1738,2160,0.19537,0.914,1.135200e+03,3.228140e-03,2.6196,0,1,183,1593,74,70
423,1737,2160,0.195833,0.914,1.136057e+03,3.956199e-02,2.5855,1,8,0,1593,73,70
424,1736,2160,0.196296,0.913,1.135909e+03,3.226523e-02,2.5987,0,9,95,1592,73,70
425,1735,2160,0.196759,0.912,1.136774e+03,1.437624e-01,2.5801,1,0,8,1592,72,70
426,1734,2160,0.197222,0.909,1.165013e+03,8.184992e-02,2.5893,0,2,154,1591,72,70
427,1733,2160,0.197685,0.906,1.178739e+03,6.796375e-03,2.6677,0,8,5,1590,72,70
428,1732,2160,0.198148,0.905,1.180566e+03,2.583482e-02,2.5888,0,3,61,1589,72,70
429,1731,2160,0.198611,0.906,1.174642e+03,2.633222e-02,2.5888,0,9,87,1588,72,70
430,1730,2160,0.199074,0.906,1.179460e+03,1.045592e-02,2.5879,0,0,54,1587,72,70
431,1729,2160,0.199537,0.906,1.178902e+03,1.044661e-02,2.6819,0,2,170,1586,72,70
432,1728,2160,0.2,0.906,1.178634e+03,6.957250e-03,2.6502,0,8,148,1585,72,70
433,1727,2160,0.200463,0.906,1.180746e+03,1.040023e-02,2.5987,0,4,166,1584,72,70
434,1726,2160,0.200926,0.906,1.182186e+03,5.899163e-03,2.6177,0,8,142,1583,72,70
435,1725,2160,0.201389,0.905,1.183574e+03,8.330026e-03,2.6553,0,6,3,1582,72,70
436,1724,2160,0.201852,0.905,1.185801e+03,8.438952e-03,2.6183,0,0,3,1581,72,70
437,1723,2160,0.202315,0.904,1.186763e+03,1.388713e-02,2.5925,0,9,133,1580,72,70
438,1722,2160,0.202778,0.905,1.190042e+03,8.448073e-03,2.5925,0,9,192,1579,72,70
439,1721,2160,0.203241,0.905,1.189416e+03,9.744134e-03,2.6248,0,9,175,1578,72,70
440,1720,2160,0.203704,0.905,1.190764e+03,3.503989e-02,2.6469,0,4,157,1577,72,70
441,1719,2160,0.204167,0.902,1.196501e+03,9.425915e-02,2.6075,1,1,3,1577,71,70
442,1718,2160,0.20463,0.899,1.219459e+03,6.810056e-03,2.6271,0,9,139,1576,71,70
443,1717,2160,0.205093,0.899,1.220044e+03,9.279384e-03,2.5951,0,6,1,1575,71,70
444,1716,2160,0.205556,0.9,1.217670e+03,1.155707e-02,2.6233,0,2,42,1574,71,70
445,1715,2160,0.206019,0.9,1.215628e+03,4.614123e-02,2.5821,0,5,186,1573,71,70
446,1714,2160,0.206481,0.901,1.217685e+03,2.586824e-02,2.6024,0,4,55,1572,71,70
447,1713,2160,0.206944,0.9,1.223958e+03,9.537099e-03,2.6323,0,8,70,1571,71,70
448,1712,2160,0.207407,0.9,1.227062e+03,2.587032e-02,2.615,0,6,8,1570,71,70
449,1711,2160,0.20787,0.9,1.235537e+03,4.005775e-03,2.6429,0,1,112,1569,71,70
450,1710,2160,0.208333,0.899,1.236562e+03,4.736217e-03,2.6325,0,1,35,1568,71,70
451,1709,2160,0.208796,0.9,1.237594e+03,4.304508e-03,2.5982,0,1,43,1567,71,70
452,1708,2160,0.209259,0.899,1.238101e+03,3.605779e-03,2.5827,0,1,42,1566,71,70
453,1707,2160,0.209722,0.899,1.238725e+03,3.637043e-03,2.6209,0,1,185,1565,71,70
454,1706,2160,0.210185,0.899,1.239029e+03,3.434663e-03,2.5851,0,1,72,1564,71,70
455,1705,2160,0.210648,0.899,1.239722e+03,4.033130e-03,2.6054,0,1,178,1563,71,70
456,1704,2160,0.211111,0.899,1.240170e+03,4.673308e-03,2.6129,0,1,49,1562,71,70
457,1703,2160,0.211574,0.899,1.240322e+03,4.632680e-03,2.6477,0,1,175,1561,71,70
458,1702,2160,0.212037,0.899,1.241446e+03,3.620191e-03,2.6023,0,1,123,1560,71,70
459,1701,2160,0.2125,0.899,1.241880e+03,3.606047e-03,2.6262,0,1,11,1559,71,70
460,1700,2160,0.212963,0.899,1.242603e+03,6.994692e-02,2.6132,0,5,20,1558,71,70
461,1699,2160,0.213426,0.9,1.241435e+03,6.922568e-02,2.5916,0,5,191,1557,71,70
462,1698,2160,0.213889,0.898,1.240920e+03,3.949182e-02,2.6057,0,5,34,1556,71,70
463,1697,2160,0.214352,0.898,1.241449e+03,8.603873e-02,2.5973,0,5,69,1555,71,70
464,1696,2160,0.214815,0.898,1.241087e+03,9.600469e-02,2.592,0,5,42,1554,71,70
465,1695,2160,0.215278,0.899,1.240131e+03,8.576449e-02,2.6096,0,5,8,1553,71,70
466,1694,2160,0.215741,0.899,1.240361e+03,6.399882e-02,2.5986,0,5,83,1552,71,70
467,1693,2160,0.216204,0.9,1.239875e+03,9.907752e-02,2.602,0,5,22,1551,71,70
468,1692,2160,0.216667,0.899,1.238963e+03,1.420810e-01,2.6297,0,5,178,1550,71,70
469,1691,2160,0.21713,0.898,1.237651e+03,1.426158e-01,2.6236,0,5,79,1549,71,70
470,1690,2160,0.217593,0.898,1.237523e+03,6.437621e-02,2.5959,0,5,175,1548,71,70
471,1689,2160,0.218056,0.897,1.239373e+03,3.233708e-01,2.6062,1,1,5,1548,70,70
472,1688,2160,0.218519,0.898,1.245175e+03,4.909905e-02,2.6139,2,4,0,1548,70,69
473,1687,2160,0.218981,0.898,1.247383e+03,2.614173e-01,2.5844,0,5,132,1547,70,69
474,1686,2160,0.219444,0.899,1.247272e+03,7.043608e-01,2.6157,0,5,15,1546,70,69
475,1685,2160,0.219907,0.897,1.251790e+03,1.251565e-01,2.6006,0,4,25,1545,70,69
476,1684,2160,0.22037,0.898,1.242138e+03,5.344463e-01,2.6281,1,3,0,1545,69,69
477,1683,2160,0.220833,0.895,1.932870e+03,3.295422e-02,2.6074,2,0,3,1545,69,68
478,1682,2160,0.221296,0.895,1.934671e+03,2.378393e-01,2.5899,0,2,17,1544,69,68
479,1681,2160,0.221759,0.898,1.938777e+03,2.952656e-01,2.5926,0,7,145,1543,69,68
480,1680,2160,0.222222,0.896,1.934493e+03,6.242577e-03,2.5952,0,0,190,1542,69,68
481,1679,2160,0.222685,0.895,1.934676e+03,1.213144e-02,2.6269,0,2,24,1541,69,68
482,1678,2160,0.223148,0.895,1.936140e+03,1.889718e-01,2.6045,0,5,150,1540,69,68
483,1677,2160,0.223611,0.897,1.939565e+03,3.710008e-02,2.6748,0,3,125,1539,69,68
484,1676,2160,0.224074,0.897,1.939574e+03,3.830731e-02,2.6419,0,9,4,1538,69,68
485,1675,2160,0.224537,0.897,1.939577e+03,2.409312e-02,2.6021,0,8,188,1537,69,68
486,1674,2160,0.225,0.897,1.940631e+03,2.186675e-02,2.6162,0,0,186,1536,69,68
487,1673,2160,0.225463,0.898,1.942455e+03,1.468728e-02,2.6137,0,8,32,1535,69,68
488,1672,2160,0.225926,0.898,1.943454e+03,6.036088e-02,2.5999,0,0,70,1534,69,68
489,1671,2160,0.226389,0.898,1.943168e+03,3.806010e-02,2.6112,0,0,32,1533,69,68
490,1670,2160,0.226852,0.896,1.943841e+03,1.766098e-02,2.5865,0,3,97,1532,69,68
491,1669,2160,0.227315,0.896,1.945005e+03,3.291003e-02,2.6071,0,4,3,1531,69,68
492,1668,2160,0.227778,0.897,1.947372e+03,1.537935e-01,2.5854,0,0,65,1530,69,68
493,1667,2160,0.228241,0.894,1.950827e+03,2.461803e-02,2.5886,0,8,117,1529,69,68
494,1666,2160,0.228704,0.895,1.951668e+03,2.847815e-01,2.5992,0,1,101,1528,69,68
495,1665,2160,0.229167,0.895,1.947926e+03,2.904624e-02,2.5826,0,0,178,1527,69,68
496,1664,2160,0.22963,0.894,1.951077e+03,2.793187e-02,2.6117,0,9,178,1526,69,68
497,1663,2160,0.230093,0.895,1.950629e+03,1.521743e-02,2.5867,0,9,19,1525,69,68
498,1662,2160,0.230556,0.896,1.950391e+03,3.744442e-02,2.5882,0,3,140,1524,69,68
499,1661,2160,0.231019,0.897,1.952581e+03,2.026238e-02,2.5991,0,2,5,1523,69,68
500,1660,2160,0.231481,0.898,1.954609e+03,1.416666e-02,2.5934,0,7,180,1522,69,68
501,1659,2160,0.231944,0.897,1.956948e+03,2.388031e-02,2.6113,0,9,127,1521,69,68
502,1658,2160,0.232407,0.896,1.959904e+03,2.570662e-02,2.595,0,9,140,1520,69,68
503,1657,2160,0.23287,0.896,1.959847e+03,1.734977e-02,2.5822,0,9,135,1519,69,68
504,1656,2160,0.233333,0.896,1.963598e+03,3.431541e-02,2.6097,0,6,94,1518,69,68
505,1655,2160,0.233796,0.896,1.968990e+03,8.986309e-03,2.6187,0,0,139,1517,69,68
506,1654,2160,0.234259,0.896,1.969740e+03,2.278748e-02,2.5908,0,2,155,1516,69,68
507,1653,2160,0.234722,0.897,1.972125e+03,3.589974e-02,2.5848,0,2,43,1515,69,68
508,1652,2160,0.235185,0.897,1.971635e+03,1.769802e-02,2.6168,0,8,43,1514,69,68
509,1651,2160,0.235648,0.896,1.973576e+03,4.336250e-02,2.6311,0,3,174,1513,69,68
510,1650,2160,0.236111,0.896,1.974690e+03,3.703080e-01,2.5792,0,5,124,1512,69,68
511,1649,2160,0.236574,0.895,1.982624e+03,5.869430e-01,2.5891,0,5,17,1511,69,68
512,1648,2160,0.237037,0.892,1.974189e+03,1.316061e-02,2.6071,0,0,126,1510,69,68
513,1647,2160,0.2375,0.893,1.974810e+03,1.315181e-02,2.5846,0,9,126,1509,69,68
514,1646,2160,0.237963,0.893,1.976872e+03,3.426726e-02,2.6017,0,2,95,1508,69,68
515,1645,2160,0.238426,0.892,1.983482e+03,6.276315e-02,2.5939,0,0,168,1507,69,68
516,1644,2160,0.238889,0.893,1.990426e+03,6.326483e-02,2.6036,0,2,116,1506,69,68
517,1643,2160,0.239352,0.892,1.972625e+03,1.886123e-02,2.5831,0,4,24,1505,69,68
518,1642,2160,0.239815,0.892,1.975752e+03,1.340840e-02,2.5939,0,1,14,1504,69,68
519,1641,2160,0.240278,0.892,1.977057e+03,2.521854e-02,2.5994,0,2,153,1503,69,68
520,1640,2160,0.240741,0.892,1.978517e+03,1.098665e-02,2.6179,0,1,136,1502,69,68
521,1639,2160,0.241204,0.892,1.979894e+03,2.977438e-02,2.6369,0,7,128,1501,69,68
522,1638,2160,0.241667,0.891,1.982603e+03,6.414592e-02,2.6078,0,2,163,1500,69,68
523,1637,2160,0.24213,0.892,1.990386e+03,1.083700e-02,2.5917,0,9,9,1499,69,68
524,1636,2160,0.242593,0.891,1.992723e+03,1.651627e-02,2.6002,0,0,46,1498,69,68
525,1635,2160,0.243056,0.89,1.997295e+03,1.815657e-02,2.5836,0,0,117,1497,69,68
526,1634,2160,0.243519,0.891,1.996185e+03,2.666278e-01,2.5878,0,5,138,1496,69,68
527,1633,2160,0.243981,0.891,2.000898e+03,3.746983e-01,2.5839,0,5,76,1495,69,68
528,1632,2160,0.244444,0.887,2.007099e+03,8.706728e-01,2.5867,0,5,82,1494,69,68
529,1631,2160,0.244907,0.888,1.997756e+03,1.804543e-02,2.584,0,0,2,1493,69,68
530,1630,2160,0.24537,0.888,1.998817e+03,9.915653e-03,2.5841,0,1,40,1492,69,68
531,1629,2160,0.245833,0.888,2.000638e+03,1.671913e-02,2.6013,0,6,126,1491,69,68
532,1628,2160,0.246296,0.889,1.999567e+03,1.617872e-02,2.5897,0,9,30,1490,69,68
533,1627,2160,0.246759,0.889,2.001280e+03,2.830057e-02,2.5947,0,3,184,1489,69,68
534,1626,2160,0.247222,0.889,2.003850e+03,1.557351e-02,2.5923,0,0,7,1488,69,68
535,1625,2160,0.247685,0.889,2.004438e+03,1.035467e-02,2.5993,0,8,37,1487,69,68
536,1624,2160,0.248148,0.889,2.005319e+03,1.845767e-02,2.5864,0,9,156,1486,69,68
537,1623,2160,0.248611,0.887,2.008240e+03,1.303616e-02,2.6211,0,9,55,1485,69,68
538,1622,2160,0.249074,0.886,2.012749e+03,3.172923e-02,2.6017,0,3,161,1484,69,68
539,1621,2160,0.249537,0.887,2.017220e+03,1.783406e-01,2.656,0,5,43,1483,69,68
540,1620,2160,0.25,0.887,2.019106e+03,2.133608e-01,2.5846,0,5,45,1482,69,68
541,1619,2160,0.250463,0.888,2.022429e+03,1.862616e-01,2.5973,0,5,102,1481,69,68
542,1618,2160,0.250926,0.888,2.026015e+03,5.553571e-01,2.6923,0,5,38,1480,69,68
543,1617,2160,0.251389,0.886,2.033157e+03,1.338245e+00,2.5947,1,6,5,1480,68,68
544,1616,2160,0.251852,0.885,2.034910e+03,7.281009e-02,2.6053,0,2,23,1479,68,68
545,1615,2160,0.252315,0.885,2.036102e+03,5.478456e-02,2.605,0,0,79,1478,68,68
546,1614,2160,0.252778,0.886,2.036352e+03,7.918078e-01,2.6312,0,5,160,1477,68,68
547,1613,2160,0.253241,0.883,2.031054e+03,2.395866e-01,2.6235,0,5,49,1476,68,68
548,1612,2160,0.253704,0.883,2.035269e+03,3.779000e-01,2.6424,0,5,151,1475,68,68
549,1611,2160,0.254167,0.883,2.039075e+03,2.711723e+00,2.6142,1,0,5,1475,67,68
550,1610,2160,0.25463,0.864,2.044752e+03,2.535570e-02,2.604,0,5,46,1474,67,68
551,1609,2160,0.255093,0.867,2.048930e+03,7.194390e-03,2.5986,0,7,7,1473,67,68
552,1608,2160,0.255556,0.867,2.049929e+03,6.306688e-03,2.6377,0,8,84,1472,67,68
553,1607,2160,0.256019,0.868,2.052275e+03,1.495817e-02,2.5954,0,1,25,1471,67,68
554,1606,2160,0.256481,0.868,2.054040e+03,1.148012e-02,2.5995,0,1,173,1470,67,68
555,1605,2160,0.256944,0.867,2.055638e+03,5.610343e-02,2.6295,0,5,147,1469,67,68
556,1604,2160,0.257407,0.867,2.059571e+03,9.895443e-03,2.6008,0,9,11,1468,67,68
557,1603,2160,0.25787,0.866,2.063910e+03,1.954091e-02,2.5993,0,0,73,1467,67,68
558,1602,2160,0.258333,0.866,2.064134e+03,1.714530e-02,2.6324,0,6,192,1466,67,68
559,1601,2160,0.258796,0.865,2.068990e+03,1.175868e-02,2.6049,0,0,112,1465,67,68
560,1600,2160,0.259259,0.866,2.071241e+03,1.035218e-02,2.601,0,0,31,1464,67,68
561,1599,2160,0.259722,0.868,2.072515e+03,2.116069e-02,2.5897,0,3,122,1463,67,68
562,1598,2160,0.260185,0.868,2.074926e+03,1.348189e-02,2.5942,0,2,179,1462,67,68
563,1597,2160,0.260648,0.87,2.076904e+03,1.322169e-02,2.5881,0,1,27,1461,67,68
564,1596,2160,0.261111,0.871,2.079579e+03,2.500005e-02,2.5923,2,6,8,1461,67,67
565,1595,2160,0.261574,0.871,2.079540e+03,1.109361e-02,2.5887,0,0,183,1460,67,67
566,1594,2160,0.262037,0.871,2.082153e+03,4.791941e-03,2.5929,0,7,183,1459,67,67
567,1593,2160,0.2625,0.871,2.082162e+03,1.182455e-02,2.6638,0,9,41,1458,67,67
568,1592,2160,0.262963,0.872,2.082648e+03,7.428620e-03,2.5962,0,8,41,1457,67,67
569,1591,2160,0.263426,0.872,2.082608e+03,8.547287e-03,2.5907,0,0,41,1456,67,67
570,1590,2160,0.263889,0.872,2.084284e+03,1.163622e-02,2.6122,0,6,167,1455,67,67
571,1589,2160,0.264352,0.871,2.089209e+03,1.315941e-02,2.5939,0,9,69,1454,67,67
572,1588,2160,0.264815,0.871,2.093106e+03,1.183388e-02,2.5863,0,9,180,1453,67,67
573,1587,2160,0.265278,0.872,2.095236e+03,6.554739e-03,2.6215,0,9,183,1452,67,67
574,1586,2160,0.265741,0.872,2.097826e+03,2.006813e-02,2.5993,0,0,184,1451,67,67
575,1585,2160,0.266204,0.872,2.097255e+03,1.683604e-02,2.602,0,1,66,1450,67,67
576,1584,2160,0.266667,0.872,2.099863e+03,1.271860e-02,2.6018,0,1,52,1449,67,67
577,1583,2160,0.26713,0.873,2.102302e+03,1.077898e-02,2.6165,0,1,152,1448,67,67
578,1582,2160,0.267593,0.873,2.104231e+03,1.665700e-02,2.6358,0,1,19,1447,67,67
579,1581,2160,0.268056,0.873,2.106632e+03,3.277301e-02,2.6636,0,4,165,1446,67,67
580,1580,2160,0.268519,0.872,2.105347e+03,1.249498e-02,2.6077,0,0,179,1445,67,67
581,1579,2160,0.268981,0.872,2.105618e+03,7.995654e-03,2.608,0,8,18,1444,67,67
582,1578,2160,0.269444,0.872,2.107432e+03,2.852253e-02,2.6003,0,9,48,1443,67,67
583,1577,2160,0.269907,0.873,2.112840e+03,1.812067e-02,2.6275,0,0,23,1442,67,67
584,1576,2160,0.27037,0.873,2.117648e+03,2.042623e-02,2.5953,0,3,28,1441,67,67
585,1575,2160,0.270833,0.871,2.120911e+03,1.480409e-02,2.5977,0,0,28,1440,67,67
586,1574,2160,0.271296,0.872,2.119500e+03,1.600969e-02,2.5866,0,1,184,1439,67,67
587,1573,2160,0.271759,0.871,2.123038e+03,1.246159e-02,2.5989,0,1,9,1438,67,67
588,1572,2160,0.272222,0.871,2.126147e+03,1.716537e-02,2.6078,0,1,182,1437,67,67
589,1571,2160,0.272685,0.871,2.129842e+03,1.728030e-02,2.5984,0,1,2,1436,67,67
590,1570,2160,0.273148,0.872,2.133337e+03,3.160168e-02,2.6351,0,4,70,1435,67,67
591,1569,2160,0.273611,0.87,2.134500e+03,4.114312e-02,2.5887,0,0,152,1434,67,67
592,1568,2160,0.274074,0.871,2.137969e+03,2.364821e-02,2.6894,0,0,173,1433,67,67
593,1567,2160,0.274537,0.874,2.141252e+03,1.731983e-02,2.5966,0,3,169,1432,67,67
594,1566,2160,0.275,0.873,2.140966e+03,1.076766e-01,2.5956,0,5,195,1431,67,67
595,1565,2160,0.275463,0.87,2.145639e+03,1.521765e-01,2.5997,0,5,118,1430,67,67
596,1564,2160,0.275926,0.869,2.148717e+03,1.571017e-01,2.6134,0,5,63,1429,67,67
597,1563,2160,0.276389,0.864,2.151649e+03,1.254066e-01,2.6007,0,3,173,1428,67,67
598,1562,2160,0.276852,0.865,2.147481e+03,7.995486e-02,2.6246,0,2,150,1427,67,67
599,1561,2160,0.277315,0.862,2.157125e+03,1.129669e-01,2.6104,0,6,142,1426,67,67
600,1560,2160,0.277778,0.861,2.165354e+03,1.504828e-01,2.6212,2,4,9,1426,67,66
601,1559,2160,0.278241,0.856,2.204944e+03,3.645594e-02,2.5934,0,3,73,1425,67,66
602,1558,2160,0.278704,0.854,2.211604e+03,6.064198e-02,2.6172,0,6,109,1424,67,66
603,1557,2160,0.279167,0.853,2.221936e+03,2.348155e-02,2.5862,0,2,143,1423,67,66
604,1556,2160,0.27963,0.854,2.225129e+03,1.267643e-01,2.5936,0,9,68,1422,67,66
605,1555,2160,0.280093,0.852,2.242627e+03,3.712198e-01,2.5951,2,2,5,1422,67,65
606,1554,2160,0.280556,0.851,2.246045e+03,3.939926e-02,2.6114,1,1,7,1422,66,65
607,1553,2160,0.281019,0.848,2.242308e+03,2.995403e-02,2.61,0,6,132,1421,66,65
608,1552,2160,0.281481,0.848,2.248439e+03,1.609123e-01,2.5942,0,7,59,1420,66,65
609,1551,2160,0.281944,0.846,2.262945e+03,4.236678e-01,2.5984,1,4,9,1420,65,65
610,1550,2160,0.282407,0.844,2.382870e+03,3.833127e-03,2.6457,1,9,1,1420,64,65
611,1549,2160,0.28287,0.844,2.381782e+03,3.162269e-02,2.6118,2,1,1,1420,64,64
612,1548,2160,0.283333,0.845,2.383173e+03,4.582011e-02,2.632,0,2,105,1419,64,64
613,1547,2160,0.283796,0.844,2.367914e+03,5.283936e-03,2.6539,1,2,4,1419,63,64
614,1546,2160,0.284259,0.843,2.366774e+03,4.097010e-02,2.6029,0,7,109,1418,63,64
615,1545,2160,0.284722,0.843,2.365536e+03,1.536952e-02,2.6325,0,3,179,1417,63,64
616,1544,2160,0.285185,0.842,2.368210e+03,1.297938e-02,2.6603,0,8,29,1416,63,64
617,1543,2160,0.285648,0.843,2.369422e+03,1.418154e-01,2.6033,0,5,74,1415,63,64
618,1542,2160,0.286111,0.843,2.375613e+03,2.896916e-01,2.5938,0,5,66,1414,63,64
619,1541,2160,0.286574,0.839,2.382901e+03,4.223976e-01,2.6082,0,5,68,1413,63,64
620,1540,2160,0.287037,0.839,2.394117e+03,5.124321e-01,2.5953,0,5,59,1412,63,64
621,1539,2160,0.2875,0.837,2.406915e+03,1.026563e+00,2.6143,1,4,5,1412,62,64
622,1538,2160,0.287963,0.835,2.428637e+03,1.276605e-01,2.6028,0,5,146,1411,62,64
623,1537,2160,0.288426,0.835,2.430123e+03,3.101813e-01,2.6066,0,5,165,1410,62,64
624,1536,2160,0.288889,0.834,2.432795e+03,2.205456e-01,2.5889,0,5,193,1409,62,64
625,1535,2160,0.289352,0.834,2.434221e+03,3.222977e-01,2.6167,0,5,162,1408,62,64
626,1534,2160,0.289815,0.834,2.435520e+03,2.573488e-01,2.6133,0,5,172,1407,62,64
627,1533,2160,0.290278,0.834,2.437306e+03,3.800517e-01,2.6098,0,5,174,1406,62,64
628,1532,2160,0.290741,0.834,2.438494e+03,4.670003e-01,2.6226,0,5,50,1405,62,64
629,1531,2160,0.291204,0.834,2.441437e+03,5.318062e-01,2.5982,0,5,85,1404,62,64
630,1530,2160,0.291667,0.834,2.444596e+03,5.899082e-01,2.6182,0,5,93,1403,62,64
631,1529,2160,0.29213,0.834,2.446920e+03,2.762226e-02,2.6213,0,3,13,1402,62,64
632,1528,2160,0.292593,0.837,2.448376e+03,8.727921e-01,2.6423,0,5,183,1401,62,64
633,1527,2160,0.293056,0.836,2.453173e+03,7.988051e-01,2.6182,0,5,78,1400,62,64
634,1526,2160,0.293519,0.836,2.456792e+03,9.582968e-01,2.6315,0,5,177,1399,62,64
635,1525,2160,0.293981,0.835,2.462201e+03,1.225149e+00,2.6203,0,5,31,1398,62,64
636,1524,2160,0.294444,0.835,2.468942e+03,3.459464e-01,2.6047,0,9,99,1397,62,64
637,1523,2160,0.294907,0.835,2.473699e+03,2.691653e+00,2.6083,0,5,103,1396,62,64
638,1522,2160,0.29537,0.833,2.481720e+03,2.963503e+00,2.5883,2,1,2,1396,62,63
639,1521,2160,0.295833,0.836,2.530539e+03,5.348632e-01,2.6354,1,6,6,1396,61,63
640,1520,2160,0.296296,0.837,2.498427e+03,1.861397e-01,2.6407,0,2,118,1395,61,63
641,1519,2160,0.296759,0.837,2.506617e+03,3.412501e-02,2.5874,0,9,10,1394,61,63
642,1518,2160,0.297222,0.836,2.507764e+03,5.599132e-02,2.5913,0,2,158,1393,61,63
643,1517,2160,0.297685,0.836,2.510579e+03,4.899004e-02,2.5944,0,0,156,1392,61,63
644,1516,2160,0.298148,0.836,2.512831e+03,4.600094e-02,2.6273,0,2,94,1391,61,63
645,1515,2160,0.298611,0.836,2.515133e+03,5.242000e-01,2.5833,0,5,53,1390,61,63
646,1514,2160,0.299074,0.836,2.508962e+03,4.317533e-02,2.5967,0,3,9,1389,61,63
647,1513,2160,0.299537,0.836,2.510095e+03,1.143752e-01,2.5895,0,0,43,1388,61,63
648,1512,2160,0.3,0.836,2.517358e+03,1.034816e-01,2.6513,0,0,124,1387,61,63
649,1511,2160,0.300463,0.836,2.525350e+03,8.975063e-02,2.5962,0,3,195,1386,61,63
650,1510,2160,0.300926,0.837,2.527715e+03,1.920765e-01,2.6051,0,6,149,1385,61,63
651,1509,2160,0.301389,0.836,2.527065e+03,2.004848e-01,2.5779,2,0,0,1385,61,62
652,1508,2160,0.301852,0.836,2.532855e+03,1.250876e-01,2.5931,2,7,2,1385,61,61
653,1507,2160,0.302315,0.836,2.514704e+03,2.982639e-02,2.6101,0,0,121,1384,61,61
654,1506,2160,0.302778,0.836,2.519693e+03,8.090504e-01,2.6389,0,8,64,1383,61,61
655,1505,2160,0.303241,0.838,2.537184e+03,4.507732e-01,2.644,0,6,11,1382,61,61
656,1504,2160,0.303704,0.838,2.561386e+03,1.905442e-01,2.6074,0,9,132,1381,61,61
657,1503,2160,0.304167,0.836,2.579764e+03,1.349601e-01,2.5955,0,7,100,1380,61,61
658,1502,2160,0.30463,0.834,2.588222e+03,7.293297e-02,2.5966,0,3,12,1379,61,61
659,1501,2160,0.305093,0.834,2.591993e+03,1.688940e-02,2.6097,0,0,12,1378,61,61
660,1500,2160,0.305556,0.834,2.595016e+03,7.996149e-02,2.5771,0,8,74,1377,61,61
661,1499,2160,0.306019,0.834,2.599313e+03,9.070542e-02,2.6326,0,3,194,1376,61,61
662,1498,2160,0.306481,0.835,2.602890e+03,8.974860e-02,2.6031,0,9,134,1375,61,61
663,1497,2160,0.306944,0.834,2.606755e+03,3.885908e-02,2.5927,0,9,84,1374,61,61
664,1496,2160,0.307407,0.832,2.607828e+03,5.109487e-02,2.5947,0,0,84,1373,61,61
665,1495,2160,0.30787,0.832,2.611992e+03,6.139106e-01,2.6255,0,5,120,1372,61,61
666,1494,2160,0.308333,0.833,2.606409e+03,7.484670e-01,2.6023,0,5,128,1371,61,61
667,1493,2160,0.308796,0.833,2.601954e+03,1.386232e+00,2.5885,0,5,115,1370,61,61
668,1492,2160,0.309259,0.834,2.594205e+03,2.930720e+00,2.612,0,5,145,1369,61,61
669,1491,2160,0.309722,0.836,2.592578e+03,7.367290e-01,2.6121,0,0,128,1368,61,61
670,1490,2160,0.310185,0.836,2.611927e+03,9.018698e+00,2.6039,1,3,5,1368,60,61
671,1489,2160,0.310648,0.839,2.601298e+03,1.884623e-02,2.6067,0,5,143,1367,60,61
672,1488,2160,0.311111,0.839,2.600374e+03,2.045949e-01,2.6169,0,5,107,1366,60,61
673,1487,2160,0.311574,0.839,2.598658e+03,1.919097e-01,2.6756,0,5,92,1365,60,61
674,1486,2160,0.312037,0.839,2.595256e+03,3.061582e-01,2.6074,0,5,152,1364,60,61
675,1485,2160,0.3125,0.84,2.592207e+03,1.356286e-01,2.6263,0,5,100,1363,60,61
676,1484,2160,0.312963,0.84,2.589099e+03,2.759331e-01,2.6057,0,5,18,1362,60,61
677,1483,2160,0.313426,0.84,2.585856e+03,9.152463e-02,2.5907,0,5,44,1361,60,61
678,1482,2160,0.313889,0.84,2.584353e+03,4.928242e-02,2.6121,0,5,176,1360,60,61
679,1481,2160,0.314352,0.839,2.580051e+03,7.717040e-02,2.604,0,5,36,1359,60,61
680,1480,2160,0.314815,0.839,2.578235e+03,4.110602e-02,2.6319,0,5,95,1358,60,61
681,1479,2160,0.315278,0.839,2.576492e+03,2.071520e-01,2.5954,0,5,144,1357,60,61
682,1478,2160,0.315741,0.839,2.576535e+03,5.200864e-02,2.6097,0,5,94,1356,60,61
683,1477,2160,0.316204,0.839,2.575890e+03,3.453888e-02,2.5846,0,5,101,1355,60,61
684,1476,2160,0.316667,0.84,2.575424e+03,2.004969e-01,2.5962,0,5,77,1354,60,61
685,1475,2160,0.31713,0.84,2.574677e+03,1.745624e-01,2.5981,0,5,60,1353,60,61
686,1474,2160,0.317593,0.84,2.572148e+03,2.701766e-01,2.5972,0,5,122,1352,60,61
687,1473,2160,0.318056,0.84,2.571603e+03,4.033032e-03,2.6028,0,5,48,1351,60,61
688,1472,2160,0.318519,0.84,2.571114e+03,3.357218e-01,2.5919,0,5,105,1350,60,61
689,1471,2160,0.318981,0.84,2.569329e+03,7.408605e-03,2.6139,0,5,117,1349,60,61
690,1470,2160,0.319444,0.84,2.565326e+03,5.293824e-01,2.6107,0,5,90,1348,60,61
691,1469,2160,0.319907,0.84,2.562347e+03,5.583264e-02,2.6093,0,5,131,1347,60,61
692,1468,2160,0.32037,0.84,2.561342e+03,4.899048e-01,2.5904,0,5,35,1346,60,61
693,1467,2160,0.320833,0.84,2.561602e+03,1.573690e-01,2.5849,0,5,87,1345,60,61
694,1466,2160,0.321296,0.84,2.559755e+03,1.525296e-01,2.6082,0,7,51,1344,60,61
695,1465,2160,0.321759,0.838,2.583197e+03,8.253270e-02,2.5863,0,5,61,1343,60,61
696,1464,2160,0.322222,0.838,2.585822e+03,3.522873e-02,2.6508,0,7,86,1342,60,61
697,1463,2160,0.322685,0.837,2.601684e+03,4.398946e-02,2.6016,0,0,37,1341,60,61
698,1462,2160,0.323148,0.839,2.605951e+03,8.201655e-01,2.6657,0,5,104,1340,60,61
699,1461,2160,0.323611,0.839,2.602687e+03,4.059038e-02,2.6239,0,5,73,1339,60,61
700,1460,2160,0.324074,0.839,2.602925e+03,2.467624e-02,2.5862,0,0,125,1338,60,61
701,1459,2160,0.324537,0.839,2.604356e+03,4.602698e-02,2.5935,0,7,185,1337,60,61
702,1458,2160,0.325,0.839,2.608034e+03,1.187834e+00,2.5859,0,5,91,1336,60,61
703,1457,2160,0.325463,0.837,2.604784e+03,6.715352e-01,2.5896,0,5,116,1335,60,61
704,1456,2160,0.325926,0.837,2.604112e+03,2.702555e-02,2.5908,0,0,69,1334,60,61
705,1455,2160,0.326389,0.837,2.605318e+03,5.877125e-02,2.5963,0,7,69,1333,60,61
706,1454,2160,0.326852,0.837,2.605926e+03,1.763059e-02,2.5971,0,7,134,1332,60,61
707,1453,2160,0.327315,0.837,2.616752e+03,1.788308e-02,2.5944,0,9,32,1331,60,61
708,1452,2160,0.327778,0.836,2.618496e+03,6.155178e-02,2.595,0,9,176,1330,60,61
709,1451,2160,0.328241,0.836,2.623206e+03,1.733997e-02,2.6309,0,8,183,1329,60,61
710,1450,2160,0.328704,0.837,2.625756e+03,5.410897e-02,2.5944,0,9,44,1328,60,61
711,1449,2160,0.329167,0.834,2.630858e+03,5.541021e-02,2.5963,0,9,96,1327,60,61
712,1448,2160,0.32963,0.834,2.635619e+03,1.994606e-02,2.5943,0,1,83,1326,60,61
713,1447,2160,0.330093,0.834,2.638399e+03,2.003825e-02,2.5938,0,0,1,1325,60,61
714,1446,2160,0.330556,0.835,2.641760e+03,4.973064e-02,2.6221,0,6,150,1324,60,61
715,1445,2160,0.331019,0.839,2.639886e+03,3.746649e-02,2.6708,0,8,71,1323,60,61
716,1444,2160,0.331481,0.836,2.643746e+03,1.831337e-01,2.6608,1,4,7,1323,59,61
717,1443,2160,0.331944,0.829,2.747531e+03,7.622375e-02,2.6089,2,3,5,1323,59,60
718,1442,2160,0.332407,0.825,2.746635e+03,1.663506e-01,2.6352,0,3,47,1322,59,60
719,1441,2160,0.33287,0.829,2.766809e+03,2.342977e-01,2.6424,0,0,71,1321,59,60
720,1440,2160,0.333333,0.832,2.759304e+03,1.665029e-01,2.611,0,0,25,1320,59,60
721,1439,2160,0.333796,0.838,2.758208e+03,2.146226e-01,2.5979,0,9,173,1319,59,60
722,1438,2160,0.334259,0.839,2.755357e+03,1.182672e-01,2.6495,0,6,118,1318,59,60
723,1437,2160,0.334722,0.845,2.758693e+03,6.953382e-02,2.6008,0,0,44,1317,59,60
724,1436,2160,0.335185,0.845,2.761589e+03,9.933615e-02,2.5971,0,0,135,1316,59,60
725,1435,2160,0.335648,0.844,2.770489e+03,3.004171e-02,2.6199,0,3,191,1315,59,60
726,1434,2160,0.336111,0.848,2.774584e+03,3.367519e-02,2.6101,0,3,121,1314,59,60
727,1433,2160,0.336574,0.847,2.780930e+03,2.724392e-02,2.6247,0,7,165,1313,59,60
728,1432,2160,0.337037,0.848,2.778667e+03,2.918004e-02,2.5972,0,3,118,1312,59,60
729,1431,2160,0.3375,0.85,2.792291e+03,1.334238e-02,2.6052,0,3,58,1311,59,60
730,1430,2160,0.337963,0.851,2.790846e+03,1.863384e-02,2.5978,0,0,191,1310,59,60
731,1429,2160,0.338426,0.851,2.793512e+03,2.900454e-02,2.6425,0,8,0,1309,59,60
732,1428,2160,0.338889,0.851,2.795219e+03,4.294631e-02,2.5937,0,0,153,1308,59,60
733,1427,2160,0.339352,0.851,2.795955e+03,1.308703e-02,2.6053,0,0,122,1307,59,60
734,1426,2160,0.339815,0.851,2.797981e+03,2.467798e-02,2.5831,0,7,175,1306,59,60
735,1425,2160,0.340278,0.85,2.805216e+03,7.972419e-03,2.5986,0,6,27,1305,59,60
736,1424,2160,0.340741,0.85,2.810097e+03,8.569848e-03,2.5887,0,3,27,1304,59,60
737,1423,2160,0.341204,0.85,2.816675e+03,2.782332e-02,2.6087,0,7,16,1303,59,60
738,1422,2160,0.341667,0.851,2.816675e+03,1.221786e-02,2.618,0,8,141,1302,59,60
739,1421,2160,0.34213,0.851,2.816117e+03,2.009885e-01,2.6278,0,2,37,1301,59,60
740,1420,2160,0.342593,0.852,2.826367e+03,2.806679e-02,2.6079,0,8,111,1300,59,60
741,1419,2160,0.343056,0.851,2.829402e+03,8.375038e-02,2.6029,0,0,169,1299,59,60
742,1418,2160,0.343519,0.853,2.829175e+03,2.432026e-02,2.6303,0,1,194,1298,59,60
743,1417,2160,0.343981,0.853,2.829639e+03,1.414725e-02,2.6297,0,1,181,1297,59,60
744,1416,2160,0.344444,0.851,2.831202e+03,2.131658e-02,2.6206,0,1,13,1296,59,60
745,1415,2160,0.344907,0.851,2.833477e+03,2.069462e-02,2.6045,0,3,139,1295,59,60
746,1414,2160,0.34537,0.851,2.836519e+03,2.603109e-02,2.5952,0,8,42,1294,59,60
747,1413,2160,0.345833,0.851,2.839031e+03,1.760483e-02,2.5923,0,1,141,1293,59,60
748,1412,2160,0.346296,0.85,2.841358e+03,2.273353e-02,2.6112,0,3,65,1292,59,60
749,1411,2160,0.346759,0.851,2.843909e+03,6.736583e-02,2.5985,0,2,8,1291,59,60
750,1410,2160,0.347222,0.851,2.846645e+03,1.723021e-01,2.6055,0,9,124,1290,59,60
751,1409,2160,0.347685,0.852,2.855637e+03,3.290633e-02,2.6228,0,7,110,1289,59,60
752,1408,2160,0.348148,0.853,2.862533e+03,5.092945e-02,2.6118,0,4,112,1288,59,60
753,1407,2160,0.348611,0.85,2.867407e+03,1.102229e-01,2.5891,0,4,155,1287,59,60
754,1406,2160,0.349074,0.852,2.877090e+03,1.177941e-01,2.596,0,1,149,1286,59,60
755,1405,2160,0.349537,0.854,2.869185e+03,1.726824e-02,2.6152,1,0,2,1286,58,60
756,1404,2160,0.35,0.854,2.864891e+03,2.073118e-02,2.6635,0,1,64,1285,58,60
757,1403,2160,0.350463,0.854,2.868676e+03,2.983535e-02,2.6072,0,1,100,1284,58,60
758,1402,2160,0.350926,0.853,2.876051e+03,1.127837e-02,2.6091,0,8,80,1283,58,60
759,1401,2160,0.351389,0.853,2.875124e+03,1.145154e-01,2.5894,0,8,23,1282,58,60
760,1400,2160,0.351852,0.854,2.877355e+03,3.265159e-02,2.6035,0,9,142,1281,58,60
761,1399,2160,0.352315,0.853,2.890523e+03,2.493608e-01,2.5866,0,1,162,1280,58,60
762,1398,2160,0.352778,0.857,2.912830e+03,1.039966e-01,2.5953,0,7,119,1279,58,60
763,1397,2160,0.353241,0.858,2.927989e+03,6.417982e-02,2.6524,0,3,70,1278,58,60
764,1396,2160,0.353704,0.858,2.948660e+03,1.620509e-01,2.5963,0,6,110,1277,58,60
765,1395,2160,0.354167,0.859,2.990056e+03,2.031893e-01,2.5976,0,2,145,1276,58,60
766,1394,2160,0.35463,0.86,3.003711e+03,7.912963e-02,2.5885,0,0,67,1275,58,60
767,1393,2160,0.355093,0.861,3.027882e+03,5.785262e-02,2.586,0,8,94,1274,58,60
768,1392,2160,0.355556,0.86,3.035662e+03,5.308174e-02,2.5972,0,6,168,1273,58,60
769,1391,2160,0.356019,0.86,3.047454e+03,3.854560e-03,2.5996,0,8,168,1272,58,60
770,1390,2160,0.356481,0.86,3.043955e+03,1.600516e-02,2.5936,0,8,174,1271,58,60
771,1389,2160,0.356944,0.86,3.058138e+03,3.583598e-02,2.6089,0,3,166,1270,58,60
772,1388,2160,0.357407,0.859,3.069380e+03,4.352652e-02,2.5886,0,7,166,1269,58,60
773,1387,2160,0.35787,0.859,3.072456e+03,1.045056e-02,2.6372,0,9,166,1268,58,60
774,1386,2160,0.358333,0.858,3.068117e+03,2.183924e-02,2.5917,0,6,143,1267,58,60
775,1385,2160,0.358796,0.858,3.091468e+03,3.321246e-02,2.616,0,7,177,1266,58,60
776,1384,2160,0.359259,0.859,3.102763e+03,2.164493e-02,2.6113,0,1,46,1265,58,60
777,1383,2160,0.359722,0.859,3.107728e+03,1.610016e-02,2.6107,0,1,164,1264,58,60
778,1382,2160,0.360185,0.859,3.113053e+03,6.488445e-02,2.6288,0,7,176,1263,58,60
779,1381,2160,0.360648,0.86,3.130881e+03,2.391756e-02,2.5879,0,1,174,1262,58,60
780,1380,2160,0.361111,0.858,3.137140e+03,2.863135e-02,2.5961,0,2,166,1261,58,60
781,1379,2160,0.361574,0.859,3.137251e+03,3.854405e-02,2.6046,0,2,169,1260,58,60
782,1378,2160,0.362037,0.859,3.131926e+03,2.292310e-02,2.6328,0,1,65,1259,58,60
783,1377,2160,0.3625,0.861,3.134111e+03,2.595936e-02,2.6033,0,1,36,1258,58,60
784,1376,2160,0.362963,0.861,3.139930e+03,1.594883e-02,2.5856,0,7,190,1257,58,60
785,1375,2160,0.363426,0.861,3.146890e+03,2.873272e-02,2.5936,0,8,65,1256,58,60
786,1374,2160,0.363889,0.861,3.163749e+03,3.412533e-02,2.5856,0,4,15,1255,58,60
787,1373,2160,0.364352,0.862,3.183045e+03,6.698009e-02,2.6025,0,9,15,1254,58,60
788,1372,2160,0.364815,0.861,3.172374e+03,1.633642e-02,2.6123,0,7,114,1253,58,60
789,1371,2160,0.365278,0.861,3.174404e+03,3.031531e-02,2.5995,0,1,57,1252,58,60
790,1370,2160,0.365741,0.861,3.179662e+03,2.600983e-02,2.5997,0,1,170,1251,58,60
791,1369,2160,0.366204,0.861,3.185469e+03,2.917647e-02,2.6001,0,8,72,1250,58,60
792,1368,2160,0.366667,0.861,3.183805e+03,3.512798e-02,2.5932,0,1,67,1249,58,60
793,1367,2160,0.36713,0.862,3.190365e+03,3.215657e-02,2.6157,0,1,140,1248,58,60
794,1366,2160,0.367593,0.861,3.194695e+03,3.410513e-02,2.608,0,1,41,1247,58,60
795,1365,2160,0.368056,0.861,3.201066e+03,3.463622e-02,2.5919,0,1,5,1246,58,60
796,1364,2160,0.368519,0.861,3.203756e+03,3.201105e-02,2.5901,0,1,99,1245,58,60
797,1363,2160,0.368981,0.862,3.210190e+03,2.391312e-02,2.5981,0,3,45,1244,58,60
798,1362,2160,0.369444,0.862,3.218291e+03,1.210671e-02,2.6026,0,7,168,1243,58,60
799,1361,2160,0.369907,0.862,3.230343e+03,1.348518e-01,2.6231,0,2,38,1242,58,60
800,1360,2160,0.37037,0.861,3.243620e+03,2.708970e-02,2.5887,0,8,176,1241,58,60
801,1359,2160,0.370833,0.861,3.240079e+03,1.182214e-02,2.5777,0,8,125,1240,58,60
802,1358,2160,0.371296,0.861,3.250880e+03,1.802635e-01,2.6024,0,3,86,1239,58,60
803,1357,2160,0.371759,0.857,3.364530e+03,2.471590e-02,2.5833,0,8,61,1238,58,60
804,1356,2160,0.372222,0.857,3.368512e+03,1.781526e-02,2.6047,0,8,155,1237,58,60
805,1355,2160,0.372685,0.858,3.388165e+03,4.143777e-01,2.5985,2,9,1,1237,58,59
806,1354,2160,0.373148,0.858,3.476078e+03,4.445138e-02,2.6006,0,3,90,1236,58,59
807,1353,2160,0.373611,0.857,3.523999e+03,6.596134e-02,2.5796,0,8,25,1235,58,59
808,1352,2160,0.374074,0.859,3.544666e+03,2.102499e-02,2.591,0,4,30,1234,58,59
809,1351,2160,0.374537,0.859,3.568962e+03,2.372684e-02,2.665,0,3,148,1233,58,59
810,1350,2160,0.375,0.857,3.580630e+03,2.614278e-02,2.5839,0,4,97,1232,58,59
811,1349,2160,0.375463,0.858,3.585328e+03,2.297789e-02,2.5897,0,8,6,1231,58,59
812,1348,2160,0.375926,0.859,3.605614e+03,2.480932e-02,2.5888,0,2,36,1230,58,59
813,1347,2160,0.376389,0.856,3.624151e+03,9.061814e-02,2.6139,0,0,16,1229,58,59
814,1346,2160,0.376852,0.852,3.660234e+03,6.381917e-02,2.5866,0,7,137,1228,58,59
815,1345,2160,0.377315,0.85,3.736252e+03,1.705079e-02,2.5947,0,6,152,1227,58,59
816,1344,2160,0.377778,0.847,3.777449e+03,1.112086e-01,2.6013,0,7,152,1226,58,59
817,1343,2160,0.378241,0.85,3.745283e+03,7.603434e-02,2.5936,0,3,66,1225,58,59
818,1342,2160,0.378704,0.845,3.767743e+03,7.724479e-02,2.5935,1,6,8,1225,57,59
819,1341,2160,0.379167,0.84,3.883293e+03,4.300946e-01,2.5924,0,4,91,1224,57,59
820,1340,2160,0.37963,0.841,3.908555e+03,6.681668e-02,2.6143,0,2,82,1223,57,59
821,1339,2160,0.380093,0.841,3.921089e+03,4.224926e-02,2.6872,0,2,164,1222,57,59
822,1338,2160,0.380556,0.841,3.929162e+03,9.965570e-02,2.6009,0,7,151,1221,57,59
823,1337,2160,0.381019,0.842,3.923769e+03,3.143586e-01,2.5854,0,6,161,1220,57,59
824,1336,2160,0.381481,0.842,3.943181e+03,5.859772e-02,2.6157,0,6,160,1219,57,59
825,1335,2160,0.381944,0.842,3.949334e+03,1.323524e-01,2.6,0,6,77,1218,57,59
826,1334,2160,0.382407,0.838,3.943324e+03,6.279311e-02,2.593,0,0,24,1217,57,59
827,1333,2160,0.38287,0.838,3.944678e+03,7.343772e-02,2.5918,0,7,120,1216,57,59
828,1332,2160,0.383333,0.839,3.954833e+03,7.119951e-02,2.6073,0,3,172,1215,57,59
829,1331,2160,0.383796,0.838,3.951562e+03,5.237564e-02,2.5749,0,6,127,1214,57,59
830,1330,2160,0.384259,0.838,3.955678e+03,2.248653e+00,2.5865,0,5,171,1213,57,59
831,1329,2160,0.384722,0.836,3.960663e+03,2.792330e-02,2.5879,0,8,161,1212,57,59
832,1328,2160,0.385185,0.837,3.967371e+03,7.522722e-02,2.6181,0,6,15,1211,57,59
833,1327,2160,0.385648,0.837,3.983942e+03,2.445339e-01,2.5918,1,6,3,1211,56,59
834,1326,2160,0.386111,0.838,4.027370e+03,1.031119e-01,2.6002,0,3,149,1210,56,59
835,1325,2160,0.386574,0.84,4.047824e+03,1.718618e-02,2.6026,0,3,151,1209,56,59
836,1324,2160,0.387037,0.84,4.053115e+03,4.857422e-02,2.5931,0,0,26,1208,56,59
837,1323,2160,0.3875,0.836,4.055451e+03,8.059458e-02,2.609,0,7,195,1207,56,59
838,1322,2160,0.387963,0.839,4.060891e+03,3.441138e-02,2.5944,0,1,169,1206,56,59
839,1321,2160,0.388426,0.836,4.066674e+03,2.818071e-02,2.6062,0,1,126,1205,56,59
840,1320,2160,0.388889,0.838,4.072586e+03,3.989701e-02,2.5796,0,1,187,1204,56,59
841,1319,2160,0.389352,0.834,4.077946e+03,2.235064e-01,2.6174,0,9,130,1203,56,59
842,1318,2160,0.389815,0.838,4.087279e+03,8.858243e-02,2.5865,0,8,22,1202,56,59
843,1317,2160,0.390278,0.838,4.095017e+03,4.931556e-02,2.6124,0,8,48,1201,56,59
844,1316,2160,0.390741,0.837,4.098893e+03,6.066070e-02,2.5951,0,8,105,1200,56,59
845,1315,2160,0.391204,0.837,4.105900e+03,5.473954e-02,2.5884,0,8,189,1199,56,59
846,1314,2160,0.391667,0.836,4.111416e+03,4.061473e-02,2.6111,0,1,8,1198,56,59
847,1313,2160,0.39213,0.834,4.118968e+03,4.245497e-02,2.6187,0,3,26,1197,56,59
848,1312,2160,0.392593,0.837,4.118136e+03,6.678742e-02,2.6074,0,6,41,1196,56,59
849,1311,2160,0.393056,0.836,4.131823e+03,4.541296e-02,2.5885,0,1,71,1195,56,59
850,1310,2160,0.393519,0.835,4.143256e+03,4.215412e-02,2.63,0,1,15,1194,56,59
851,1309,2160,0.393981,0.834,4.152146e+03,3.953200e-02,2.5905,0,1,16,1193,56,59
852,1308,2160,0.394444,0.835,4.159794e+03,4.922861e-02,2.6069,0,1,26,1192,56,59
853,1307,2160,0.394907,0.831,4.170317e+03,8.321754e-02,2.5965,0,2,182,1191,56,59
854,1306,2160,0.39537,0.832,4.185551e+03,5.630336e-02,2.6013,0,1,4,1190,56,59
855,1305,2160,0.395833,0.831,4.199174e+03,2.091751e-01,2.599,0,3,144,1189,56,59
856,1304,2160,0.396296,0.83,4.210110e+03,2.907430e-02,2.6114,0,8,11,1188,56,59
857,1303,2160,0.396759,0.832,4.214660e+03,8.161558e-02,2.6124,0,1,193,1187,56,59
858,1302,2160,0.397222,0.83,4.227644e+03,9.538719e-02,2.602,0,6,7,1186,56,59
859,1301,2160,0.397685,0.831,4.230195e+03,3.137080e-02,2.5945,0,9,170,1185,56,59
860,1300,2160,0.398148,0.83,4.239040e+03,1.463622e-01,2.6111,0,0,170,1184,56,59
861,1299,2160,0.398611,0.829,4.231612e+03,7.538004e-02,2.6219,0,1,29,1183,56,59
862,1298,2160,0.399074,0.827,4.248271e+03,1.595871e-02,2.6486,0,3,100,1182,56,59
863,1297,2160,0.399537,0.828,4.255304e+03,3.558899e-02,2.6173,0,9,109,1181,56,59
864,1296,2160,0.4,0.827,4.265874e+03,2.971736e-01,2.6096,0,7,174,1180,56,59
865,1295,2160,0.400463,0.831,4.271098e+03,9.854343e-02,2.7059,0,1,45,1179,56,59
866,1294,2160,0.400926,0.831,4.289983e+03,5.154452e-02,2.6139,0,8,102,1178,56,59
867,1293,2160,0.401389,0.829,4.300000e+03,2.367070e-01,2.6163,0,2,85,1177,56,59
868,1292,2160,0.401852,0.83,4.329547e+03,3.812873e-02,2.6079,0,7,12,1176,56,59
869,1291,2160,0.402315,0.83,4.334325e+03,1.171927e-01,2.5988,0,8,39,1175,56,59
870,1290,2160,0.402778,0.829,4.342155e+03,6.291483e-02,2.6775,0,1,176,1174,56,59
871,1289,2160,0.403241,0.827,4.368113e+03,6.144985e-02,2.6193,0,8,175,1173,56,59
872,1288,2160,0.403704,0.827,4.369054e+03,7.932706e-02,2.5957,0,9,46,1172,56,59
873,1287,2160,0.404167,0.826,4.388827e+03,1.473914e-01,2.5983,0,4,46,1171,56,59
874,1286,2160,0.40463,0.827,4.414011e+03,5.280822e-02,2.5999,0,8,20,1170,56,59
875,1285,2160,0.405093,0.828,4.391765e+03,3.278390e-01,2.6112,0,1,53,1169,56,59
876,1284,2160,0.405556,0.827,4.402129e+03,2.911847e-01,2.5913,2,8,6,1169,56,58
877,1283,2160,0.406019,0.828,4.414940e+03,1.146109e+00,2.6121,1,0,1,1169,55,58
878,1282,2160,0.406481,0.816,4.699013e+03,3.506459e-02,2.6053,0,4,138,1168,55,58
879,1281,2160,0.406944,0.816,4.707463e+03,2.291978e-02,2.5977,0,7,106,1167,55,58
880,1280,2160,0.407407,0.816,4.726245e+03,2.007177e-01,2.6188,2,6,5,1167,55,57
881,1279,2160,0.40787,0.811,4.762646e+03,3.869438e-02,2.6427,0,7,154,1166,55,57
882,1278,2160,0.408333,0.811,4.774145e+03,2.669689e-01,2.6144,0,9,63,1165,55,57
883,1277,2160,0.408796,0.808,4.777416e+03,1.901119e-01,2.5923,0,9,177,1164,55,57
884,1276,2160,0.409259,0.81,4.786850e+03,1.576728e-01,2.5922,0,4,189,1163,55,57
885,1275,2160,0.409722,0.808,4.798942e+03,1.347334e-01,2.6141,0,3,25,1162,55,57
886,1274,2160,0.410185,0.809,4.813451e+03,4.905359e-02,2.5931,0,0,14,1161,55,57
887,1273,2160,0.410648,0.809,4.828063e+03,1.984014e-01,2.6052,0,4,176,1160,55,57
888,1272,2160,0.411111,0.807,4.848871e+03,2.846368e-02,2.5903,0,7,40,1159,55,57
889,1271,2160,0.411574,0.807,4.852779e+03,1.792892e-01,2.6213,0,2,78,1158,55,57
890,1270,2160,0.412037,0.805,4.857011e+03,3.834612e-02,2.7069,0,7,144,1157,55,57
891,1269,2160,0.4125,0.807,4.873590e+03,3.470920e-02,2.5975,0,7,33,1156,55,57
892,1268,2160,0.412963,0.806,4.885586e+03,1.732119e-01,2.5961,0,3,59,1155,55,57
893,1267,2160,0.413426,0.807,4.896586e+03,1.239688e-01,2.5961,0,3,142,1154,55,57
894,1266,2160,0.413889,0.804,4.921439e+03,3.364589e-02,2.6009,0,7,193,1153,55,57
895,1265,2160,0.414352,0.803,4.930984e+03,2.966508e-02,2.6001,0,9,120,1152,55,57
896,1264,2160,0.414815,0.805,4.937326e+03,6.620772e-02,2.5975,0,4,190,1151,55,57
897,1263,2160,0.415278,0.804,4.953349e+03,8.424062e-02,2.5976,0,4,16,1150,55,57
898,1262,2160,0.415741,0.804,4.965273e+03,1.671135e-01,2.6301,0,3,32,1149,55,57
899,1261,2160,0.416204,0.801,4.995818e+03,6.814921e-02,2.606,0,3,162,1148,55,57
900,1260,2160,0.416667,0.794,5.009379e+03,3.371370e-01,2.5951,1,8,1,1148,54,57
901,1259,2160,0.41713,0.776,5.012702e+03,8.912089e-02,2.6206,0,2,107,1147,54,57
902,1258,2160,0.417593,0.777,5.030210e+03,3.842733e-01,2.5901,2,5,1,1147,54,56
903,1257,2160,0.418056,0.772,5.116331e+03,1.033892e-01,2.7092,0,4,105,1146,54,56
904,1256,2160,0.418519,0.77,5.141048e+03,1.048502e-02,2.6144,0,7,8,1145,54,56
905,1255,2160,0.418981,0.77,5.146060e+03,8.956548e-02,2.607,0,9,186,1144,54,56
906,1254,2160,0.419444,0.769,5.144393e+03,1.781425e-02,2.5936,0,7,36,1143,54,56
907,1253,2160,0.419907,0.77,5.150549e+03,1.558522e-02,2.6369,0,7,80,1142,54,56
908,1252,2160,0.42037,0.77,5.166974e+03,5.414213e-02,2.6127,0,7,70,1141,54,56
909,1251,2160,0.420833,0.77,5.168630e+03,9.951866e-03,2.6174,0,9,2,1140,54,56
910,1250,2160,0.421296,0.773,5.172341e+03,1.862959e-02,2.5992,0,8,127,1139,54,56
911,1249,2160,0.421759,0.772,5.183467e+03,2.749200e-02,2.5883,0,8,55,1138,54,56
912,1248,2160,0.422222,0.773,5.189975e+03,4.406769e-02,2.592,0,8,83,1137,54,56
913,1247,2160,0.422685,0.772,5.191469e+03,7.618068e-02,2.6402,0,4,22,1136,54,56
914,1246,2160,0.423148,0.77,5.196890e+03,3.574720e-02,2.589,0,3,163,1135,54,56
915,1245,2160,0.423611,0.771,5.201953e+03,1.588175e-02,2.6193,0,9,57,1134,54,56
916,1244,2160,0.424074,0.772,5.208995e+03,9.310815e-03,2.6042,0,0,57,1133,54,56
917,1243,2160,0.424537,0.77,5.217169e+03,5.140187e-02,2.6284,0,4,42,1132,54,56
918,1242,2160,0.425,0.77,5.225676e+03,3.344488e-02,2.6218,0,1,56,1131,54,56
919,1241,2160,0.425463,0.771,5.234959e+03,3.789780e-02,2.598,0,1,12,1130,54,56
920,1240,2160,0.425926,0.772,5.240055e+03,1.403266e-01,2.6138,0,7,173,1129,54,56
921,1239,2160,0.426389,0.766,5.279364e+03,2.982698e-02,2.5873,0,4,193,1128,54,56
922,1238,2160,0.426852,0.767,5.288139e+03,6.484975e-02,2.6103,0,7,71,1127,54,56
923,1237,2160,0.427315,0.766,5.309754e+03,6.713209e-02,2.5843,0,0,97,1126,54,56
924,1236,2160,0.427778,0.765,5.316095e+03,1.630390e-02,2.6229,0,8,31,1125,54,56
925,1235,2160,0.428241,0.767,5.321447e+03,3.015682e-02,2.5933,0,0,66,1124,54,56
926,1234,2160,0.428704,0.769,5.320425e+03,2.875135e-02,2.598,0,0,113,1123,54,56
927,1233,2160,0.429167,0.769,5.329801e+03,9.493237e-03,2.6053,0,8,113,1122,54,56
928,1232,2160,0.42963,0.77,5.327889e+03,5.579514e-02,2.5946,0,7,50,1121,54,56
929,1231,2160,0.430093,0.768,5.348078e+03,8.788058e-02,2.6197,0,9,114,1120,54,56
930,1230,2160,0.430556,0.771,5.359192e+03,1.896672e-02,2.6046,0,9,187,1119,54,56
931,1229,2160,0.431019,0.768,5.362908e+03,3.562902e-02,2.6059,0,9,137,1118,54,56
932,1228,2160,0.431481,0.769,5.366457e+03,3.641696e-02,2.621,0,0,141,1117,54,56
933,1227,2160,0.431944,0.771,5.380306e+03,1.835330e-01,2.5911,0,7,141,1116,54,56
934,1226,2160,0.432407,0.768,5.396107e+03,1.280655e-02,2.5947,0,6,56,1115,54,56
935,1225,2160,0.43287,0.769,5.415832e+03,1.812990e-02,2.5926,0,7,56,1114,54,56
936,1224,2160,0.433333,0.769,5.417655e+03,4.326349e-02,2.6125,0,8,73,1113,54,56
937,1223,2160,0.433796,0.769,5.429692e+03,2.000791e-02,2.6079,0,3,83,1112,54,56
938,1222,2160,0.434259,0.771,5.442505e+03,4.841554e-02,2.6374,0,6,5,1111,54,56
939,1221,2160,0.434722,0.773,5.452436e+03,1.013144e-01,2.594,0,7,124,1110,54,56
940,1220,2160,0.435185,0.773,5.483551e+03,1.676875e-01,2.6071,0,7,20,1109,54,56
941,1219,2160,0.435648,0.774,5.496608e+03,3.904813e-02,2.6088,0,3,171,1108,54,56
942,1218,2160,0.436111,0.773,5.496982e+03,8.368962e-02,2.5985,0,4,171,1107,54,56
943,1217,2160,0.436574,0.774,5.493880e+03,1.943299e-02,2.5867,0,2,34,1106,54,56
944,1216,2160,0.437037,0.774,5.490423e+03,5.552872e-02,2.6192,0,0,60,1105,54,56
945,1215,2160,0.4375,0.776,5.485227e+03,5.600265e-02,2.6107,0,3,67,1104,54,56
946,1214,2160,0.437963,0.777,5.494660e+03,2.745113e-01,2.5924,0,7,118,1103,54,56
947,1213,2160,0.438426,0.777,5.522883e+03,8.602737e-02,2.5909,0,8,156,1102,54,56
948,1212,2160,0.438889,0.781,5.518620e+03,9.767727e-03,2.5972,0,6,55,1101,54,56
949,1211,2160,0.439352,0.782,5.529667e+03,1.269918e-01,2.6204,0,6,61,1100,54,56
950,1210,2160,0.439815,0.783,5.558919e+03,2.589610e-02,2.5987,0,3,135,1099,54,56
951,1209,2160,0.440278,0.781,5.587371e+03,4.872852e-02,2.5834,0,1,85,1098,54,56
952,1208,2160,0.440741,0.78,5.596415e+03,1.343817e-01,2.6322,0,6,117,1097,54,56
953,1207,2160,0.441204,0.783,5.626681e+03,5.528709e-02,2.607,0,1,58,1096,54,56
954,1206,2160,0.441667,0.784,5.638218e+03,5.985828e-02,2.5959,0,1,51,1095,54,56
955,1205,2160,0.44213,0.784,5.647455e+03,1.236157e-01,2.5929,0,7,37,1094,54,56
956,1204,2160,0.442593,0.782,5.693922e+03,1.242674e-02,2.6416,0,8,154,1093,54,56
957,1203,2160,0.443056,0.781,5.696282e+03,8.944502e-02,2.6274,0,3,150,1092,54,56
958,1202,2160,0.443519,0.778,5.721464e+03,1.202506e-02,2.6017,0,3,153,1091,54,56
959,1201,2160,0.443981,0.78,5.727478e+03,8.424787e-02,2.5904,0,9,98,1090,54,56
960,1200,2160,0.444444,0.782,5.725827e+03,5.460719e-02,2.6231,0,2,84,1089,54,56
961,1199,2160,0.444907,0.782,5.738615e+03,5.828283e-02,2.5965,0,1,18,1088,54,56
962,1198,2160,0.44537,0.782,5.755567e+03,8.149596e-02,2.5934,0,1,125,1087,54,56
963,1197,2160,0.445833,0.781,5.768032e+03,2.878188e-02,2.6309,0,9,73,1086,54,56
964,1196,2160,0.446296,0.781,5.773516e+03,9.057861e-02,2.5866,0,7,9,1085,54,56
965,1195,2160,0.446759,0.783,5.794064e+03,3.243108e-01,2.5903,0,4,77,1084,54,56
966,1194,2160,0.447222,0.781,5.847350e+03,7.695027e-02,2.6215,0,2,77,1083,54,56
967,1193,2160,0.447685,0.781,5.833712e+03,2.846561e-01,2.6594,0,2,90,1082,54,56
968,1192,2160,0.448148,0.782,5.857290e+03,1.773762e-01,2.6386,0,8,44,1081,54,56
969,1191,2160,0.448611,0.782,5.854327e+03,1.223586e-01,2.5927,1,2,7,1081,53,56
970,1190,2160,0.449074,0.781,5.865397e+03,6.644112e-01,2.6047,2,2,4,1081,53,55
971,1189,2160,0.449537,0.779,5.996208e+03,9.266599e-02,2.5788,1,1,0,1081,52,55
972,1188,2160,0.45,0.781,5.978897e+03,2.387456e-02,2.6174,0,3,136,1080,52,55
973,1187,2160,0.450463,0.78,6.008542e+03,3.936749e-02,2.5921,0,2,104,1079,52,55
974,1186,2160,0.450926,0.779,6.012987e+03,5.020146e-02,2.6675,0,9,1,1078,52,55
975,1185,2160,0.451389,0.778,6.044980e+03,3.954495e-02,2.6004,0,8,13,1077,52,55
976,1184,2160,0.451852,0.778,6.053025e+03,1.609222e-02,2.5951,0,3,18,1076,52,55
977,1183,2160,0.452315,0.779,6.060688e+03,2.393775e-02,2.6072,0,9,110,1075,52,55
978,1182,2160,0.452778,0.782,6.079495e+03,2.230608e-02,2.5966,0,0,27,1074,52,55
979,1181,2160,0.453241,0.782,6.084972e+03,1.444770e-01,2.6015,0,4,13,1073,52,55
980,1180,2160,0.453704,0.778,6.110176e+03,2.289751e-02,2.595,0,7,13,1072,52,55
981,1179,2160,0.454167,0.778,6.110777e+03,2.104020e-02,2.6441,0,0,195,1071,52,55
982,1178,2160,0.45463,0.777,6.111444e+03,4.629683e-02,2.591,0,8,139,1070,52,55
983,1177,2160,0.455093,0.779,6.126153e+03,3.335081e-02,2.5915,0,6,42,1069,52,55
984,1176,2160,0.455556,0.779,6.138933e+03,8.983115e-02,2.6042,0,1,98,1068,52,55
985,1175,2160,0.456019,0.777,6.161128e+03,9.101738e-02,2.5931,0,1,55,1067,52,55
986,1174,2160,0.456481,0.777,6.180043e+03,4.150725e-01,2.6834,0,9,34,1066,52,55
987,1173,2160,0.456944,0.772,6.245975e+03,8.031978e-02,2.6134,0,8,181,1065,52,55
988,1172,2160,0.457407,0.77,6.258236e+03,3.690663e-02,2.5986,0,0,123,1064,52,55
989,1171,2160,0.45787,0.767,6.278883e+03,1.024069e+00,2.5851,1,4,3,1064,51,55
990,1170,2160,0.458333,0.764,6.370920e+03,4.416015e-02,2.6131,1,2,0,1064,50,55
991,1169,2160,0.458796,0.764,6.372234e+03,2.531824e-01,2.6354,1,5,6,1064,49,55
992,1168,2160,0.459259,0.762,6.387725e+03,4.722366e-02,2.6159,0,9,90,1063,49,55
993,1167,2160,0.459722,0.762,6.402141e+03,4.661933e-02,2.6137,0,9,88,1062,49,55
994,1166,2160,0.460185,0.762,6.400206e+03,2.861302e-02,2.6201,0,2,33,1061,49,55
995,1165,2160,0.460648,0.761,6.416380e+03,1.211316e-01,2.6911,0,9,59,1060,49,55
996,1164,2160,0.461111,0.761,6.411940e+03,6.050072e-02,2.597,0,2,59,1059,49,55
997,1163,2160,0.461574,0.757,6.367045e+03,6.856086e-02,2.5949,1,6,2,1059,48,55
998,1162,2160,0.462037,0.755,6.393802e+03,6.723761e-02,2.6159,0,9,188,1058,48,55
999,1161,2160,0.4625,0.753,6.385581e+03,3.478549e-02,2.5907,0,6,81,1057,48,55
1000,1160,2160,0.462963,0.753,6.397373e+03,7.288902e-02,2.5959,0,6,106,1056,48,55
1001,1159,2160,0.463426,0.751,6.414246e+03,6.194155e-02,2.5912,0,3,68,1055,48,55
1002,1158,2160,0.463889,0.75,6.447215e+03,2.084613e-01,2.5968,0,0,146,1054,48,55
1003,1157,2160,0.464352,0.753,6.466716e+03,2.743773e-02,2.5973,0,0,10,1053,48,55
1004,1156,2160,0.464815,0.751,6.469092e+03,2.847811e-02,2.6218,0,4,11,1052,48,55
1005,1155,2160,0.465278,0.75,6.488198e+03,6.266040e-02,2.5873,0,9,86,1051,48,55
1006,1154,2160,0.465741,0.749,6.511662e+03,5.332910e-02,2.59,0,9,138,1050,48,55
1007,1153,2160,0.466204,0.75,6.534460e+03,2.839761e-02,2.626,0,7,111,1049,48,55
1008,1152,2160,0.466667,0.751,6.559805e+03,6.707895e-02,2.6015,2,0,8,1049,48,54
1009,1151,2160,0.46713,0.745,6.596710e+03,3.969849e-02,2.6058,0,8,187,1048,48,54
1010,1150,2160,0.467593,0.745,6.622833e+03,1.924023e-01,2.5962,0,1,188,1047,48,54
1011,1149,2160,0.468056,0.742,6.648036e+03,1.637429e-01,2.6002,0,1,102,1046,48,54
1012,1148,2160,0.468519,0.739,6.675949e+03,2.004822e-01,2.5996,0,1,163,1045,48,54
1013,1147,2160,0.468981,0.739,6.698401e+03,1.555155e-01,2.6298,0,1,69,1044,48,54
1014,1146,2160,0.469444,0.735,6.720258e+03,1.941883e-01,2.6031,0,1,168,1043,48,54
1015,1145,2160,0.469907,0.736,6.749079e+03,2.004360e-01,2.6492,0,1,30,1042,48,54
1016,1144,2160,0.47037,0.732,6.778240e+03,2.540289e-01,2.5861,0,1,147,1041,48,54
1017,1143,2160,0.470833,0.731,6.806848e+03,7.414915e-01,2.5893,1,2,1,1041,47,54
1018,1142,2160,0.471296,0.724,6.863850e+03,4.257678e-01,2.6082,2,0,1,1041,47,53
1019,1141,2160,0.471759,0.717,6.991514e+03,1.069145e-01,2.5927,2,3,9,1041,47,52
1020,1140,2160,0.472222,0.715,7.041966e+03,9.667392e-02,2.6755,0,7,62,1040,47,52
1021,1139,2160,0.472685,0.717,7.033274e+03,3.217478e-02,2.6035,0,4,62,1039,47,52
1022,1138,2160,0.473148,0.718,7.013635e+03,1.458983e-02,2.5952,0,2,83,1038,47,52
1023,1137,2160,0.473611,0.719,7.015849e+03,3.984370e-01,2.6002,1,9,4,1038,46,52
1024,1136,2160,0.474074,0.708,7.057328e+03,3.929038e-02,2.5883,0,9,189,1037,46,52
1025,1135,2160,0.474537,0.705,7.080605e+03,1.901150e-02,2.6025,0,2,168,1036,46,52
1026,1134,2160,0.475,0.705,7.090084e+03,6.481132e-02,2.6443,0,9,72,1035,46,52
1027,1133,2160,0.475463,0.706,7.073678e+03,2.078904e-02,2.6269,0,6,18,1034,46,52
1028,1132,2160,0.475926,0.704,7.110506e+03,5.309396e-02,2.5869,0,7,103,1033,46,52
1029,1131,2160,0.476389,0.706,7.091506e+03,6.610497e-02,2.5996,0,9,152,1032,46,52
1030,1130,2160,0.476852,0.709,7.143043e+03,9.928246e-02,2.6115,0,9,0,1031,46,52
1031,1129,2160,0.477315,0.709,7.096272e+03,2.323588e-02,2.5982,0,7,0,1030,46,52
1032,1128,2160,0.477778,0.708,7.128119e+03,2.287385e-01,2.6149,0,3,1,1029,46,52
1033,1127,2160,0.478241,0.705,7.258933e+03,1.949531e-01,2.631,0,1,3,1028,46,52
1034,1126,2160,0.478704,0.708,7.217948e+03,2.396515e-01,2.6582,0,1,132,1027,46,52
1035,1125,2160,0.479167,0.711,6.992098e+03,4.604065e-02,2.5895,0,9,147,1026,46,52
1036,1124,2160,0.47963,0.712,6.968863e+03,9.349307e-02,2.5897,1,8,4,1026,45,52
1037,1123,2160,0.480093,0.713,6.950671e+03,1.642825e-01,2.5855,0,4,21,1025,45,52
1038,1122,2160,0.480556,0.714,6.931951e+03,2.938197e-02,2.5896,0,4,23,1024,45,52
1039,1121,2160,0.481019,0.709,6.944207e+03,9.469311e-02,2.6116,0,3,23,1023,45,52
1040,1120,2160,0.481481,0.708,6.942833e+03,1.747079e-01,2.5844,0,1,23,1022,45,52
1041,1119,2160,0.481944,0.707,6.963659e+03,2.400479e-01,2.5996,0,1,54,1021,45,52
1042,1118,2160,0.482407,0.705,6.987000e+03,2.227183e-01,2.5973,0,1,153,1020,45,52
1043,1117,2160,0.48287,0.705,7.013706e+03,2.034037e-01,2.6233,0,1,151,1019,45,52
1044,1116,2160,0.483333,0.702,7.033246e+03,2.418771e-01,2.589,0,1,6,1018,45,52
1045,1115,2160,0.483796,0.702,7.051172e+03,2.714970e-01,2.6023,0,1,195,1017,45,52
1046,1114,2160,0.484259,0.704,7.081611e+03,1.061530e-01,2.5887,0,0,96,1016,45,52
1047,1113,2160,0.484722,0.704,7.095312e+03,3.302783e-02,2.5932,0,0,158,1015,45,52
1048,1112,2160,0.485185,0.706,7.125043e+03,5.916240e-02,2.5888,0,0,157,1014,45,52
1049,1111,2160,0.485648,0.706,7.124990e+03,1.026483e-01,2.596,0,6,93,1013,45,52
1050,1110,2160,0.486111,0.703,7.162966e+03,9.543534e-02,2.615,0,0,93,1012,45,52
1051,1109,2160,0.486574,0.705,7.161457e+03,1.019525e-01,2.6023,0,9,81,1011,45,52
1052,1108,2160,0.487037,0.701,7.213251e+03,4.394422e-01,2.6167,0,1,44,1010,45,52
1053,1107,2160,0.4875,0.7,7.245810e+03,4.494267e-01,2.5932,0,1,86,1009,45,52
1054,1106,2160,0.487963,0.699,7.276619e+03,5.098087e-01,2.6029,0,1,90,1008,45,52
1055,1105,2160,0.488426,0.698,7.316245e+03,3.446351e-02,2.6035,0,6,193,1007,45,52
1056,1104,2160,0.488889,0.699,7.349273e+03,1.063488e-01,2.6125,0,2,193,1006,45,52
1057,1103,2160,0.489352,0.703,7.369774e+03,6.191002e-02,2.6102,0,7,194,1005,45,52
1058,1102,2160,0.489815,0.703,7.392779e+03,2.503411e-02,2.6428,0,8,194,1004,45,52
1059,1101,2160,0.490278,0.702,7.395927e+03,8.370399e-02,2.5996,0,3,87,1003,45,52
1060,1100,2160,0.490741,0.704,7.409992e+03,4.839465e-01,2.6593,0,1,172,1002,45,52
1061,1099,2160,0.491204,0.701,7.458137e+03,8.255435e-01,2.6067,0,1,24,1001,45,52
1062,1098,2160,0.491667,0.699,7.516532e+03,1.577174e-01,2.5908,0,8,151,1000,45,52
1063,1097,2160,0.49213,0.698,7.534584e+03,5.685013e-02,2.6137,0,3,11,999,45,52
1064,1096,2160,0.492593,0.698,7.562113e+03,9.006328e-02,2.6482,0,3,124,998,45,52
1065,1095,2160,0.493056,0.697,7.572345e+03,8.158373e-01,2.594,0,1,104,997,45,52
1066,1094,2160,0.493519,0.692,7.633287e+03,7.557465e-01,2.5909,0,1,142,996,45,52
1067,1093,2160,0.493981,0.689,7.698724e+03,1.083820e+00,2.6246,0,1,179,995,45,52
1068,1092,2160,0.494444,0.688,7.783706e+03,2.741625e+00,2.5964,2,2,9,995,45,51
1069,1091,2160,0.494907,0.689,8.080553e+03,5.947478e-01,2.5999,0,1,109,994,45,51
1070,1090,2160,0.49537,0.69,8.114688e+03,4.163265e-01,2.6181,0,1,155,993,45,51
1071,1089,2160,0.495833,0.687,8.130154e+03,3.159784e-01,2.607,0,1,59,992,45,51
1072,1088,2160,0.496296,0.69,8.143190e+03,1.843290e+00,2.5907,0,2,173,991,45,51
1073,1087,2160,0.496759,0.69,8.291285e+03,1.377134e+00,2.5849,2,0,5,991,45,50
1074,1086,2160,0.497222,0.689,8.388471e+03,8.453951e-01,2.5776,1,9,9,991,44,50
1075,1085,2160,0.497685,0.69,8.530668e+03,2.339025e-01,2.6052,0,9,119,990,44,50
1076,1084,2160,0.498148,0.683,8.609240e+03,3.551797e-01,2.6221,0,3,33,989,44,50
1077,1083,2160,0.498611,0.683,8.614213e+03,9.603802e-01,2.5968,2,1,5,989,44,49
1078,1082,2160,0.499074,0.684,8.634760e+03,3.423582e-01,2.5982,0,4,147,988,44,49
1079,1081,2160,0.499537,0.685,8.621148e+03,2.069337e-01,2.6441,0,2,192,987,44,49
1080,1080,2160,0.5,0.683,8.651413e+03,4.618379e-01,2.5996,0,1,113,986,44,49
1081,1079,2160,0.500463,0.682,8.629213e+03,6.289594e-01,2.5982,0,1,22,985,44,49
1082,1078,2160,0.500926,0.682,8.602920e+03,2.318619e-01,2.6065,0,0,144,984,44,49
1083,1077,2160,0.501389,0.684,8.625116e+03,7.373985e-01,2.6002,0,1,127,983,44,49
1084,1076,2160,0.501852,0.683,8.594083e+03,1.118707e+00,2.6327,0,1,93,982,44,49
1085,1075,2160,0.502315,0.682,8.534550e+03,2.344373e+00,2.5962,0,1,74,981,44,49
1086,1074,2160,0.502778,0.684,8.418756e+03,1.313120e+00,2.6122,0,1,62,980,44,49
1087,1073,2160,0.503241,0.683,8.502569e+03,3.781938e+00,2.6102,0,1,191,979,44,49
1088,1072,2160,0.503704,0.682,8.701635e+03,2.318568e+00,2.608,0,1,156,978,44,49
1089,1071,2160,0.504167,0.681,8.587176e+03,2.509613e-01,2.5975,0,9,191,977,44,49
1090,1070,2160,0.50463,0.68,8.617300e+03,2.174937e+00,2.5961,0,1,81,976,44,49
1091,1069,2160,0.505093,0.681,8.752364e+03,4.857251e-01,2.5839,0,8,7,975,44,49
1092,1068,2160,0.505556,0.681,8.742499e+03,9.055649e+00,2.6068,1,3,1,975,43,49
1093,1067,2160,0.506019,0.683,9.231731e+03,3.521735e-01,2.6039,0,1,130,974,43,49
1094,1066,2160,0.506481,0.683,9.253851e+03,2.869510e-01,2.6274,0,1,32,973,43,49
1095,1065,2160,0.506944,0.684,9.271774e+03,3.374366e-01,2.6121,0,1,171,972,43,49
1096,1064,2160,0.507407,0.683,9.291257e+03,3.335156e-01,2.5934,0,1,124,971,43,49
1097,1063,2160,0.50787,0.683,9.312713e+03,4.022065e-01,2.6194,0,1,84,970,43,49
1098,1062,2160,0.508333,0.684,9.329394e+03,5.005411e-01,2.5986,0,1,31,969,43,49
1099,1061,2160,0.508796,0.682,9.347236e+03,5.431093e-01,2.6139,0,1,0,968,43,49
1100,1060,2160,0.509259,0.682,9.368472e+03,4.379897e-01,2.6378,0,1,33,967,43,49
1101,1059,2160,0.509722,0.682,9.396489e+03,6.331594e-01,2.601,0,1,190,966,43,49
1102,1058,2160,0.510185,0.681,9.425733e+03,1.701901e-01,2.5996,0,6,108,965,43,49
1103,1057,2160,0.510648,0.683,9.449683e+03,4.446535e-01,2.6183,0,1,95,964,43,49
1104,1056,2160,0.511111,0.682,9.478359e+03,5.385981e-01,2.6058,0,1,110,963,43,49
1105,1055,2160,0.511574,0.683,9.503197e+03,9.013032e-01,2.5992,0,1,119,962,43,49
1106,1054,2160,0.512037,0.682,9.529401e+03,6.965097e-01,2.616,0,1,189,961,43,49
1107,1053,2160,0.5125,0.681,9.555846e+03,6.543345e-01,2.5966,0,1,75,960,43,49
1108,1052,2160,0.512963,0.679,9.581894e+03,8.680488e-01,2.5942,0,1,157,959,43,49
1109,1051,2160,0.513426,0.68,9.610546e+03,2.801364e-01,2.6306,0,3,29,958,43,49
1110,1050,2160,0.513889,0.68,9.596604e+03,1.124235e-01,2.5988,0,7,35,957,43,49
1111,1049,2160,0.514352,0.677,9.626667e+03,2.046532e-01,2.6003,0,2,123,956,43,49
1112,1048,2160,0.514815,0.678,9.653396e+03,3.438814e-02,2.5895,0,9,18,955,43,49
1113,1047,2160,0.515278,0.679,9.681309e+03,6.482721e-02,2.6317,0,6,16,954,43,49
1114,1046,2160,0.515741,0.679,9.696196e+03,1.033230e+00,2.5813,0,1,80,953,43,49
1115,1045,2160,0.516204,0.678,9.730626e+03,1.345336e+00,2.5954,0,1,148,952,43,49
1116,1044,2160,0.516667,0.677,9.748844e+03,1.325508e+00,2.6042,0,1,158,951,43,49
1117,1043,2160,0.51713,0.676,9.779454e+03,8.126519e-02,2.5998,0,8,53,950,43,49
1118,1042,2160,0.517593,0.677,9.821783e+03,5.595816e-01,2.6228,0,4,114,949,43,49
1119,1041,2160,0.518056,0.676,9.826835e+03,1.574084e+00,2.5976,0,1,88,948,43,49
1120,1040,2160,0.518519,0.676,9.857788e+03,2.001600e+00,2.6037,0,1,7,947,43,49
1121,1039,2160,0.518981,0.676,9.883795e+03,1.842355e+00,2.5846,0,1,94,946,43,49
1122,1038,2160,0.519444,0.676,9.919320e+03,2.356723e+00,2.6029,0,1,150,945,43,49
1123,1037,2160,0.519907,0.672,9.943995e+03,3.100223e+00,2.5964,0,1,134,944,43,49
1124,1036,2160,0.52037,0.674,9.975598e+03,3.657457e+00,2.5911,0,1,68,943,43,49
1125,1035,2160,0.520833,0.674,1.001002e+04,4.263838e+00,2.6053,0,1,79,942,43,49
1126,1034,2160,0.521296,0.674,1.003635e+04,4.832590e+00,2.5888,0,1,48,941,43,49
1127,1033,2160,0.521759,0.674,1.007099e+04,7.730609e+00,2.5981,0,1,131,940,43,49
1128,1032,2160,0.522222,0.673,1.012406e+04,1.096999e+00,2.6014,0,0,180,939,43,49
1129,1031,2160,0.522685,0.674,1.014732e+04,1.786016e+00,2.6225,0,8,180,938,43,49
1130,1030,2160,0.523148,0.674,1.014428e+04,9.468840e+00,2.5966,0,1,60,937,43,49
1131,1029,2160,0.523611,0.672,1.020345e+04,1.563256e+01,2.5907,0,1,82,936,43,49
1132,1028,2160,0.524074,0.672,1.027233e+04,2.515150e+01,2.603,0,1,76,935,43,49
1133,1027,2160,0.524537,0.673,1.038069e+04,6.792657e+01,2.6417,1,4,1,935,42,49
1134,1026,2160,0.525,0.66,1.067480e+04,2.122786e+00,2.5881,0,1,177,934,42,49
1135,1025,2160,0.525463,0.661,1.069031e+04,3.440008e+00,2.6045,0,1,47,933,42,49
1136,1024,2160,0.525926,0.662,1.070859e+04,1.397306e+00,2.6041,0,1,78,932,42,49
1137,1023,2160,0.526389,0.661,1.072455e+04,4.025884e+00,2.5903,0,1,138,931,42,49
1138,1022,2160,0.526852,0.661,1.073716e+04,3.768366e+00,2.5984,0,1,114,930,42,49
1139,1021,2160,0.527315,0.661,1.075936e+04,3.105459e+00,2.6126,0,1,50,929,42,49
1140,1020,2160,0.527778,0.661,1.078608e+04,5.572067e+00,2.622,0,1,180,928,42,49
1141,1019,2160,0.528241,0.661,1.079991e+04,3.530656e+00,2.6213,0,1,116,927,42,49
1142,1018,2160,0.528704,0.662,1.082648e+04,5.113344e+00,2.5909,0,1,161,926,42,49
1143,1017,2160,0.529167,0.661,1.084667e+04,8.304339e+00,2.5875,0,1,34,925,42,49
1144,1016,2160,0.52963,0.66,1.086297e+04,1.063005e+01,2.6093,0,1,115,924,42,49
1145,1015,2160,0.530093,0.662,1.087425e+04,1.087817e+01,2.6226,0,1,63,923,42,49
1146,1014,2160,0.530556,0.661,1.090413e+04,7.703108e+00,2.6156,0,1,143,922,42,49
1147,1013,2160,0.531019,0.661,1.092682e+04,1.446716e+01,2.5913,0,1,128,921,42,49
1148,1012,2160,0.531481,0.659,1.094268e+04,1.439684e+01,2.5989,0,1,61,920,42,49
1149,1011,2160,0.531944,0.661,1.094941e+04,1.719052e+01,2.5948,0,1,145,919,42,49
1150,1010,2160,0.532407,0.661,1.096865e+04,1.853301e+01,2.6186,0,1,107,918,42,49
1151,1009,2160,0.53287,0.661,1.098425e+04,2.732164e+01,2.6539,0,1,77,917,42,49
1152,1008,2160,0.533333,0.66,1.100658e+04,2.035225e+01,2.6198,0,1,135,916,42,49
1153,1007,2160,0.533796,0.659,1.103006e+04,2.698915e+01,2.6284,0,1,121,915,42,49
1154,1006,2160,0.534259,0.659,1.104396e+04,6.091022e+01,2.601,0,1,105,914,42,49
1155,1005,2160,0.534722,0.659,1.109076e+04,4.653695e+01,2.6043,0,1,160,913,42,49
1156,1004,2160,0.535185,0.66,1.112179e+04,7.989627e+01,2.6136,0,1,137,912,42,49
1157,1003,2160,0.535648,0.66,1.114221e+04,3.916784e+01,2.612,0,1,38,911,42,49
1158,1002,2160,0.536111,0.662,1.117739e+04,1.192834e+02,2.5978,0,1,91,910,42,49
1159,1001,2160,0.536574,0.661,1.119416e+04,5.798895e-01,2.6474,0,8,165,909,42,49
1160,1000,2160,0.537037,0.661,1.122006e+04,3.927885e+00,2.6462,0,0,19,908,42,49
1161,999,2160,0.5375,0.66,1.124199e+04,1.834637e+00,2.598,0,0,185,907,42,49
1162,998,2160,0.537963,0.659,1.127246e+04,8.074193e-01,2.6034,0,8,185,906,42,49
1163,997,2160,0.538426,0.659,1.128010e+04,2.560359e+00,2.6085,0,9,172,905,42,49
1164,996,2160,0.538889,0.659,1.130136e+04,3.636482e+00,2.6001,0,2,40,904,42,49
1165,995,2160,0.539352,0.657,1.131368e+04,3.592695e+00,2.6241,0,9,42,903,42,49
1166,994,2160,0.539815,0.658,1.135240e+04,2.994528e+00,2.6182,0,6,37,902,42,49
1167,993,2160,0.540278,0.656,1.136884e+04,4.914239e+00,2.6297,0,0,90,901,42,49
1168,992,2160,0.540741,0.656,1.144516e+04,2.231358e+00,2.5815,0,7,133,900,42,49
1169,991,2160,0.541204,0.659,1.150618e+04,9.764211e-01,2.5958,0,0,149,899,42,49
1170,990,2160,0.541667,0.659,1.155537e+04,3.487684e+00,2.6095,0,7,107,898,42,49
1171,989,2160,0.54213,0.659,1.158452e+04,1.023525e+02,2.5976,0,1,118,897,42,49
1172,988,2160,0.542593,0.66,1.160746e+04,1.939619e+00,2.5848,0,9,108,896,42,49
1173,987,2160,0.543056,0.659,1.163581e+04,9.149714e+00,2.6017,0,6,22,895,42,49
1174,986,2160,0.543519,0.658,1.167507e+04,3.411244e+00,2.5962,0,3,22,894,42,49
1175,985,2160,0.543981,0.657,1.167065e+04,5.729801e+00,2.6136,0,9,148,893,42,49
1176,984,2160,0.544444,0.657,1.169441e+04,5.466895e+00,2.6353,0,6,9,892,42,49
1177,983,2160,0.544907,0.659,1.171830e+04,1.106523e+01,2.6178,0,9,149,891,42,49
1178,982,2160,0.54537,0.658,1.171807e+04,2.636302e-01,2.6132,0,8,8,890,42,49
1179,981,2160,0.545833,0.659,1.173020e+04,1.988997e+01,2.6047,0,0,142,889,42,49
1180,980,2160,0.546296,0.658,1.175532e+04,5.130242e+00,2.6233,0,7,63,888,42,49
1181,979,2160,0.546759,0.654,1.179524e+04,1.069265e+00,2.6275,0,8,122,887,42,49
1182,978,2160,0.547222,0.652,1.181260e+04,4.888036e+00,2.6259,0,8,50,886,42,49
1183,977,2160,0.547685,0.652,1.186389e+04,1.606811e+00,2.6007,0,8,96,885,42,49
1184,976,2160,0.548148,0.653,1.188960e+04,3.863836e+00,2.6265,0,8,58,884,42,49
1185,975,2160,0.548611,0.652,1.190192e+04,1.756238e+01,2.5899,0,0,36,883,42,49
1186,974,2160,0.549074,0.652,1.194280e+04,8.068373e+02,2.5982,1,5,1,883,41,49
1187,973,2160,0.549537,0.651,1.214000e+04,5.680101e-06,2.5777,0,1,133,882,41,49
1188,972,2160,0.55,0.651,1.214000e+04,6.018226e-06,2.5805,0,1,103,881,41,49
1189,971,2160,0.550463,0.651,1.214000e+04,6.458817e-06,2.6038,0,1,144,880,41,49
1190,970,2160,0.550926,0.651,1.214000e+04,7.608828e-06,2.6031,0,1,87,879,41,49
1191,969,2160,0.551389,0.651,1.214000e+04,7.988718e-06,2.602,0,1,108,878,41,49
1192,968,2160,0.551852,0.651,1.214000e+04,8.306956e-06,2.5897,0,1,92,877,41,49
1193,967,2160,0.552315,0.651,1.214000e+04,8.378770e-06,2.5878,0,1,106,876,41,49
1194,966,2160,0.552778,0.651,1.214000e+04,8.446162e-06,2.642,0,1,122,875,41,49
1195,965,2160,0.553241,0.651,1.214000e+04,9.564464e-06,2.6036,0,1,89,874,41,49
1196,964,2160,0.553704,0.651,1.214000e+04,1.000232e-05,2.6089,0,1,120,873,41,49
1197,963,2160,0.554167,0.651,1.214000e+04,1.101472e+00,2.6039,0,2,133,872,41,49
1198,962,2160,0.55463,0.643,1.220705e+04,7.287103e-01,2.6469,0,8,119,871,41,49
1199,961,2160,0.555093,0.646,1.231296e+04,3.728873e-02,2.6291,0,4,129,870,41,49
1200,960,2160,0.555556,0.647,1.235217e+04,1.801552e-01,2.6263,0,4,49,869,41,49
1201,959,2160,0.556019,0.645,1.238369e+04,5.717231e-02,2.589,0,7,140,868,41,49
1202,958,2160,0.556481,0.643,1.240961e+04,1.795260e-01,2.6088,0,6,140,867,41,49
1203,957,2160,0.556944,0.645,1.240579e+04,6.137607e-01,2.6157,0,3,170,866,41,49
1204,956,2160,0.557407,0.643,1.243613e+04,6.876949e-01,2.6287,0,0,35,865,41,49
1205,955,2160,0.55787,0.643,1.249608e+04,6.050099e-02,2.6308,0,2,184,864,41,49
1206,954,2160,0.558333,0.643,1.250647e+04,1.885536e-02,2.6182,0,3,43,863,41,49
1207,953,2160,0.558796,0.643,1.252689e+04,2.364096e-01,2.6158,0,6,70,862,41,49
1208,952,2160,0.559259,0.643,1.254714e+04,1.069842e-01,2.5934,0,8,92,861,41,49
1209,951,2160,0.559722,0.642,1.258189e+04,1.005982e+00,2.6522,0,4,126,860,41,49
1210,950,2160,0.560185,0.64,1.262036e+04,1.530551e-01,2.6031,0,8,66,859,41,49
1211,949,2160,0.560648,0.64,1.264440e+04,8.133315e-01,2.6263,1,9,7,859,40,49
1212,948,2160,0.561111,0.64,1.275298e+04,4.289224e-01,2.5982,1,0,7,859,39,49
1213,947,2160,0.561574,0.64,1.285554e+04,2.176258e+00,2.6138,0,9,165,858,39,49
1214,946,2160,0.562037,0.637,1.286320e+04,6.882885e+00,2.6623,2,4,6,858,39,48
1215,945,2160,0.5625,0.64,1.499305e+04,1.728083e+00,2.5948,0,6,53,857,39,48
1216,944,2160,0.562963,0.64,1.500609e+04,5.128794e-01,2.6407,0,8,101,856,39,48
1217,943,2160,0.563426,0.639,1.502191e+04,8.638085e-02,2.6183,0,7,112,855,39,48
1218,942,2160,0.563889,0.639,1.502974e+04,1.624530e-01,2.6138,0,7,169,854,39,48
1219,941,2160,0.564352,0.639,1.503938e+04,9.628553e-02,2.6459,0,2,39,853,39,48
1220,940,2160,0.564815,0.639,1.507738e+04,1.396097e+00,2.5849,0,3,157,852,39,48
1221,939,2160,0.565278,0.639,1.512872e+04,2.156016e+00,2.6306,0,9,117,851,39,48
1222,938,2160,0.565741,0.643,1.515340e+04,7.195800e-01,2.5891,0,4,31,850,39,48
1223,937,2160,0.566204,0.641,1.517628e+04,1.820543e-01,2.643,0,0,34,849,39,48
1224,936,2160,0.566667,0.642,1.519598e+04,5.345982e-01,2.6081,0,9,50,848,39,48
1225,935,2160,0.56713,0.641,1.524450e+04,1.680955e-01,2.6005,0,8,118,847,39,48
1226,934,2160,0.567593,0.638,1.526249e+04,8.494279e-01,2.6092,0,2,9,846,39,48
1227,933,2160,0.568056,0.639,1.528823e+04,3.751774e-01,2.5834,0,2,111,845,39,48
1228,932,2160,0.568519,0.638,1.529970e+04,1.289480e+00,2.6035,0,3,84,844,39,48
1229,931,2160,0.568981,0.641,1.534675e+04,9.102196e-02,2.5879,0,0,166,843,39,48
1230,930,2160,0.569444,0.639,1.538363e+04,3.234887e-01,2.6349,0,6,166,842,39,48
1231,929,2160,0.569907,0.638,1.539506e+04,7.545980e-01,2.6038,0,9,144,841,39,48
1232,928,2160,0.57037,0.639,1.547052e+04,4.119206e-01,2.5971,0,4,125,840,39,48
1233,927,2160,0.570833,0.638,1.549455e+04,2.010195e-02,2.6231,0,8,143,839,39,48
1234,926,2160,0.571296,0.637,1.550432e+04,2.943611e-01,2.5988,0,8,163,838,39,48
1235,925,2160,0.571759,0.64,1.554666e+04,2.478860e-02,2.6037,0,7,149,837,39,48
1236,924,2160,0.572222,0.64,1.555284e+04,4.172662e-01,2.6011,0,8,99,836,39,48
1237,923,2160,0.572685,0.64,1.557048e+04,9.442661e-01,2.6086,0,0,81,835,39,48
1238,922,2160,0.573148,0.64,1.562434e+04,3.138883e+00,2.5939,0,3,46,834,39,48
1239,921,2160,0.573611,0.639,1.567255e+04,3.387903e-01,2.6074,0,3,69,833,39,48
1240,920,2160,0.574074,0.64,1.570982e+04,2.586478e-01,2.6456,0,6,69,832,39,48
1241,919,2160,0.574537,0.639,1.571317e+04,3.576311e-01,2.625,0,7,4,831,39,48
1242,918,2160,0.575,0.639,1.573937e+04,1.353190e-01,2.5893,0,6,4,830,39,48
1243,917,2160,0.575463,0.639,1.573790e+04,1.490504e-02,2.6045,0,0,4,829,39,48
1244,916,2160,0.575926,0.64,1.573933e+04,7.128115e-01,2.6026,0,7,52,828,39,48
1245,915,2160,0.576389,0.638,1.572706e+04,6.081491e-01,2.6019,0,7,89,827,39,48
1246,914,2160,0.576852,0.64,1.575539e+04,1.441623e+00,2.6054,0,3,99,826,39,48
1247,913,2160,0.577315,0.64,1.580478e+04,3.454664e-01,2.5983,0,9,105,825,39,48
1248,912,2160,0.577778,0.64,1.597181e+04,8.115640e-01,2.5979,0,8,51,824,39,48
1249,911,2160,0.578241,0.641,1.600674e+04,1.271392e+00,2.5907,0,8,60,823,39,48
1250,910,2160,0.578704,0.64,1.603168e+04,2.067949e+00,2.5904,0,8,1,822,39,48
1251,909,2160,0.579167,0.641,1.607022e+04,9.658928e-01,2.6387,0,4,160,821,39,48
1252,908,2160,0.57963,0.64,1.614176e+04,9.053702e-01,2.5927,0,0,129,820,39,48
1253,907,2160,0.580093,0.639,1.612499e+04,1.291594e+00,2.5986,0,9,153,819,39,48
1254,906,2160,0.580556,0.639,1.616387e+04,1.341912e+00,2.6294,0,3,128,818,39,48
1255,905,2160,0.581019,0.64,1.623884e+04,1.688299e-01,2.6213,0,9,128,817,39,48
1256,904,2160,0.581481,0.64,1.623473e+04,8.784052e-01,2.5999,0,9,131,816,39,48
1257,903,2160,0.581944,0.642,1.631827e+04,9.494916e-01,2.6182,0,7,49,815,39,48
1258,902,2160,0.582407,0.639,1.635376e+04,5.723692e-01,2.6159,0,0,49,814,39,48
1259,901,2160,0.58287,0.636,1.632568e+04,1.676476e+00,2.6012,0,4,121,813,39,48
1260,900,2160,0.583333,0.639,1.635935e+04,1.549538e+00,2.6365,0,6,121,812,39,48
1261,899,2160,0.583796,0.641,1.638614e+04,2.845365e+00,2.6272,0,6,54,811,39,48
1262,898,2160,0.584259,0.64,1.652173e+04,3.881997e+00,2.6495,2,7,6,811,39,47
1263,897,2160,0.584722,0.632,1.834820e+04,2.628337e-01,2.6308,0,6,102,810,39,47
1264,896,2160,0.585185,0.632,1.838697e+04,1.713633e-02,2.6157,0,0,102,809,39,47
1265,895,2160,0.585648,0.631,1.838551e+04,4.509432e-02,2.7117,0,7,178,808,39,47
1266,894,2160,0.586111,0.632,1.841039e+04,3.140864e-01,2.6138,0,6,178,807,39,47
1267,893,2160,0.586574,0.632,1.845485e+04,1.485013e-01,2.6133,0,6,179,806,39,47
1268,892,2160,0.587037,0.633,1.852743e+04,9.297231e-01,2.5963,0,3,72,805,39,47
1269,891,2160,0.5875,0.631,1.858634e+04,6.502188e-01,2.5899,0,3,3,804,39,47
1270,890,2160,0.587963,0.635,1.850152e+04,6.712370e-01,2.6129,0,0,103,803,39,47
1271,889,2160,0.588426,0.633,1.854360e+04,1.348862e+00,2.644,0,6,21,802,39,47
1272,888,2160,0.588889,0.634,1.853380e+04,1.134911e+00,2.6583,0,4,163,801,39,47
1273,887,2160,0.589352,0.626,1.862440e+04,1.173217e-01,2.5903,0,6,31,800,39,47
1274,886,2160,0.589815,0.626,1.864222e+04,8.025403e-02,2.6139,0,3,180,799,39,47
1275,885,2160,0.590278,0.625,1.868816e+04,2.936234e-01,2.6506,0,6,180,798,39,47
1276,884,2160,0.590741,0.625,1.870221e+04,1.752994e+00,2.5991,0,4,45,797,39,47
1277,883,2160,0.591204,0.622,1.880351e+04,5.583089e-01,2.6008,2,7,9,797,39,46
1278,882,2160,0.591667,0.619,1.917752e+04,9.905651e-01,2.6221,0,0,45,796,39,46
1279,881,2160,0.59213,0.615,1.927742e+04,3.564808e-02,2.616,0,6,97,795,39,46
1280,880,2160,0.592593,0.617,1.932880e+04,1.976704e-01,2.6258,0,7,129,794,39,46
1281,879,2160,0.593056,0.615,1.933854e+04,2.907849e-01,2.6081,0,6,129,793,39,46
1282,878,2160,0.593519,0.613,1.945944e+04,1.495397e-01,2.6226,0,2,159,792,39,46
1283,877,2160,0.593981,0.609,1.955616e+04,7.618559e-01,2.6111,0,0,110,791,39,46
1284,876,2160,0.594444,0.614,1.970067e+04,7.629579e-01,2.6181,0,7,148,790,39,46
1285,875,2160,0.594907,0.61,1.980583e+04,1.009012e+00,2.6109,0,8,106,789,39,46
1286,874,2160,0.59537,0.614,1.998073e+04,5.286059e-01,2.6079,0,8,120,788,39,46
1287,873,2160,0.595833,0.618,2.013627e+04,1.652742e-01,2.5968,0,7,184,787,39,46
1288,872,2160,0.596296,0.616,2.019186e+04,2.116894e-01,2.6028,0,6,184,786,39,46
1289,871,2160,0.596759,0.616,2.017399e+04,1.635697e-01,2.6374,0,0,145,785,39,46
1290,870,2160,0.597222,0.614,2.035197e+04,9.229604e-01,2.6166,0,8,78,784,39,46
1291,869,2160,0.597685,0.611,2.058420e+04,6.043145e-01,2.5962,0,8,100,783,39,46
1292,868,2160,0.598148,0.614,2.075909e+04,1.913468e+00,2.6272,0,8,193,782,39,46
1293,867,2160,0.598611,0.614,2.116593e+04,8.368611e+00,2.6253,0,0,147,781,39,46
1294,866,2160,0.599074,0.602,2.360925e+04,2.469187e-01,2.6117,0,3,24,780,39,46
1295,865,2160,0.599537,0.602,2.356744e+04,7.544110e-01,2.613,0,3,57,779,39,46
1296,864,2160,0.6,0.601,2.346597e+04,1.479753e+00,2.6208,0,8,130,778,39,46
1297,863,2160,0.600463,0.595,2.346530e+04,4.554249e-01,2.6232,0,6,114,777,39,46
1298,862,2160,0.600926,0.595,2.355791e+04,4.657645e-01,2.6251,0,7,57,776,39,46
1299,861,2160,0.601389,0.595,2.368746e+04,4.808319e-01,2.6221,0,0,109,775,39,46
1300,860,2160,0.601852,0.593,2.375629e+04,7.089456e-02,2.5922,0,7,24,774,39,46
1301,859,2160,0.602315,0.592,2.378481e+04,1.561111e+00,2.5894,1,3,2,774,38,46
1302,858,2160,0.602778,0.592,2.407731e+04,1.848487e-01,2.6258,0,9,40,773,38,46
1303,857,2160,0.603241,0.591,2.416410e+04,1.348650e+00,2.5875,0,9,118,772,38,46
1304,856,2160,0.603704,0.594,2.421598e+04,9.500369e-01,2.6506,0,4,88,771,38,46
1305,855,2160,0.604167,0.595,2.448089e+04,2.896084e-01,2.5894,0,4,100,770,38,46
1306,854,2160,0.60463,0.596,2.457353e+04,1.249440e-01,2.5936,0,2,157,769,38,46
1307,853,2160,0.605093,0.596,2.465555e+04,9.380135e-02,2.6194,0,0,137,768,38,46
1308,852,2160,0.605556,0.596,2.479775e+04,4.195811e-01,2.6403,0,0,136,767,38,46
1309,851,2160,0.606019,0.596,2.487360e+04,2.664715e-01,2.6362,0,2,175,766,38,46
1310,850,2160,0.606481,0.596,2.494666e+04,2.130287e-01,2.5929,0,4,187,765,38,46
1311,849,2160,0.606944,0.592,2.501195e+04,6.477924e-02,2.5911,0,8,136,764,38,46
1312,848,2160,0.607407,0.591,2.504660e+04,2.180973e-01,2.6046,0,9,27,763,38,46
1313,847,2160,0.60787,0.592,2.507629e+04,3.161820e-01,2.606,0,0,15,762,38,46
1314,846,2160,0.608333,0.593,2.519585e+04,8.297444e-02,2.6038,0,9,82,761,38,46
1315,845,2160,0.608796,0.591,2.536200e+04,2.249897e-01,2.5927,0,3,44,760,38,46
1316,844,2160,0.609259,0.59,2.539334e+04,2.781765e-01,2.593,0,4,183,759,38,46
1317,843,2160,0.609722,0.591,2.545827e+04,9.743124e-02,2.6033,0,7,26,758,38,46
1318,842,2160,0.610185,0.589,2.549622e+04,3.486563e-01,2.5913,0,3,41,757,38,46
1319,841,2160,0.610648,0.589,2.555292e+04,2.470517e+00,2.6258,2,4,1,757,38,45
1320,840,2160,0.611111,0.589,2.602129e+04,1.351131e+00,2.6347,0,6,73,756,38,45
1321,839,2160,0.611574,0.589,2.668073e+04,4.814328e-01,2.5947,0,6,6,755,38,45
1322,838,2160,0.612037,0.589,2.681205e+04,1.152832e+00,2.6395,0,0,6,754,38,45
1323,837,2160,0.6125,0.59,2.674393e+04,3.970585e-03,2.6478,0,7,6,753,38,45
1324,836,2160,0.612963,0.589,2.677088e+04,2.142121e+00,2.5963,1,3,7,753,37,45
1325,835,2160,0.613426,0.591,2.649349e+04,2.270670e-01,2.6044,0,7,74,752,37,45
1326,834,2160,0.613889,0.588,2.654001e+04,5.469635e-01,2.5922,0,0,188,751,37,45
1327,833,2160,0.614352,0.588,2.657599e+04,2.770435e-01,2.6257,0,9,122,750,37,45
1328,832,2160,0.614815,0.59,2.666220e+04,4.651682e-01,2.5749,0,8,150,749,37,45
1329,831,2160,0.615278,0.59,2.671855e+04,1.909950e-01,2.5898,0,7,73,748,37,45
1330,830,2160,0.615741,0.589,2.661958e+04,8.638497e-01,2.592,0,4,17,747,37,45
1331,829,2160,0.616204,0.59,2.669624e+04,3.370557e-01,2.6198,0,7,48,746,37,45
1332,828,2160,0.616667,0.59,2.671599e+04,1.632431e-01,2.6189,0,0,48,745,37,45
1333,827,2160,0.61713,0.589,2.669383e+04,2.272245e-01,2.5945,0,6,17,744,37,45
1334,826,2160,0.617593,0.589,2.679340e+04,1.012033e-01,2.5991,0,9,7,743,37,45
1335,825,2160,0.618056,0.589,2.683227e+04,4.032705e-02,2.6118,0,3,7,742,37,45
1336,824,2160,0.618519,0.588,2.683984e+04,1.110741e-01,2.5959,0,0,5,741,37,45
1337,823,2160,0.618981,0.587,2.686170e+04,5.729643e-01,2.6236,0,4,4,740,37,45
1338,822,2160,0.619444,0.587,2.695677e+04,2.103216e+00,2.6123,0,8,132,739,37,45
1339,821,2160,0.619907,0.585,2.727512e+04,3.478803e-01,2.5912,0,3,178,738,37,45
1340,820,2160,0.62037,0.584,2.745110e+04,1.589475e-01,2.5967,0,8,68,737,37,45
1341,819,2160,0.620833,0.589,2.753158e+04,2.463725e-02,2.6007,0,9,190,736,37,45
1342,818,2160,0.621296,0.589,2.763730e+04,8.829457e-01,2.6132,0,4,145,735,37,45
1343,817,2160,0.621759,0.589,2.773818e+04,3.805563e-02,2.6341,0,6,158,734,37,45
1344,816,2160,0.622222,0.588,2.785719e+04,9.228609e-02,2.5947,0,4,158,733,37,45
1345,815,2160,0.622685,0.59,2.786092e+04,2.329091e-01,2.592,0,8,79,732,37,45
1346,814,2160,0.623148,0.589,2.787466e+04,1.520710e-01,2.6028,0,3,40,731,37,45
1347,813,2160,0.623611,0.589,2.787680e+04,1.030182e-01,2.6215,0,8,21,730,37,45
1348,812,2160,0.624074,0.589,2.792481e+04,1.858549e-02,2.5966,0,2,44,729,37,45
1349,811,2160,0.624537,0.588,2.801171e+04,5.579005e-02,2.6004,0,8,164,728,37,45
1350,810,2160,0.625,0.589,2.806621e+04,1.608519e-02,2.6104,0,7,164,727,37,45
1351,809,2160,0.625463,0.588,2.806752e+04,5.431157e-02,2.5813,0,9,164,726,37,45
1352,808,2160,0.625926,0.59,2.806643e+04,1.208656e-01,2.6059,0,3,0,725,37,45
1353,807,2160,0.626389,0.589,2.807767e+04,9.365010e-02,2.6061,0,0,165,724,37,45
1354,806,2160,0.626852,0.593,2.811038e+04,7.759527e-02,2.5916,0,8,69,723,37,45
1355,805,2160,0.627315,0.593,2.817501e+04,1.456206e-02,2.6068,0,9,193,722,37,45
1356,804,2160,0.627778,0.592,2.819821e+04,2.404224e-01,2.6062,0,4,28,721,37,45
1357,803,2160,0.628241,0.591,2.831352e+04,5.272750e-02,2.6205,0,2,4,720,37,45
1358,802,2160,0.628704,0.591,2.839020e+04,5.673483e-02,2.6,0,9,194,719,37,45
1359,801,2160,0.629167,0.592,2.841541e+04,1.445637e-02,2.597,0,6,194,718,37,45
1360,800,2160,0.62963,0.591,2.845240e+04,4.030220e-02,2.628,0,0,95,717,37,45
1361,799,2160,0.630093,0.593,2.856515e+04,1.389162e-01,2.5927,0,3,95,716,37,45
1362,798,2160,0.630556,0.594,2.844218e+04,3.782075e-02,2.6424,0,0,140,715,37,45
1363,797,2160,0.631019,0.594,2.850763e+04,8.954882e-02,2.6192,0,2,2,714,37,45
1364,796,2160,0.631481,0.594,2.856697e+04,5.952724e-02,2.6217,0,6,2,713,37,45
1365,795,2160,0.631944,0.594,2.864141e+04,1.697615e-01,2.5922,0,8,126,712,37,45
1366,794,2160,0.632407,0.594,2.868586e+04,1.503467e-01,2.6052,0,8,138,711,37,45
1367,793,2160,0.63287,0.594,2.877268e+04,2.741804e-01,2.6019,0,7,67,710,37,45
1368,792,2160,0.633333,0.593,2.887455e+04,3.789624e-02,2.5936,0,4,159,709,37,45
1369,791,2160,0.633796,0.595,2.881293e+04,4.326788e-02,2.5963,0,2,102,708,37,45
1370,790,2160,0.634259,0.593,2.890401e+04,9.706437e-02,2.6137,0,8,52,707,37,45
1371,789,2160,0.634722,0.594,2.899568e+04,1.406493e-01,2.6022,0,8,192,706,37,45
1372,788,2160,0.635185,0.598,2.909631e+04,7.497612e-02,2.6098,0,7,5,705,37,45
1373,787,2160,0.635648,0.598,2.915079e+04,8.642869e-02,2.6196,0,6,113,704,37,45
1374,786,2160,0.636111,0.599,2.928933e+04,1.728107e-01,2.6145,0,9,113,703,37,45
1375,785,2160,0.636574,0.599,2.926940e+04,5.450193e-02,2.6036,0,9,76,702,37,45
1376,784,2160,0.637037,0.594,2.944718e+04,4.485159e-02,2.5949,0,2,129,701,37,45
1377,783,2160,0.6375,0.595,2.959608e+04,1.178007e-01,2.651,0,4,164,700,37,45
1378,782,2160,0.637963,0.593,2.970713e+04,1.532571e-01,2.5957,0,9,49,699,37,45
1379,781,2160,0.638426,0.593,2.996946e+04,4.765118e-02,2.6008,0,6,155,698,37,45
1380,780,2160,0.638889,0.593,3.000982e+04,3.581929e-01,2.6109,0,3,19,697,37,45
1381,779,2160,0.639352,0.592,3.006534e+04,4.520421e-01,2.5809,0,3,96,696,37,45
1382,778,2160,0.639815,0.593,3.012168e+04,8.404261e-02,2.5767,0,8,9,695,37,45
1383,777,2160,0.640278,0.592,3.022173e+04,3.287834e-02,2.6206,0,2,112,694,37,45
1384,776,2160,0.640741,0.591,3.034970e+04,7.000200e-02,2.5793,0,8,82,693,37,45
1385,775,2160,0.641204,0.594,3.049198e+04,6.423068e-02,2.5944,0,6,91,692,37,45
1386,774,2160,0.641667,0.588,3.062274e+04,4.429836e-01,2.5858,0,7,160,691,37,45
1387,773,2160,0.64213,0.586,3.076384e+04,6.441068e-02,2.5952,0,9,160,690,37,45
1388,772,2160,0.642593,0.586,3.080788e+04,3.492366e-02,2.6094,0,2,160,689,37,45
1389,771,2160,0.643056,0.586,3.081707e+04,2.040042e-01,2.6066,0,7,101,688,37,45
1390,770,2160,0.643519,0.585,3.087634e+04,1.094917e-01,2.6073,0,0,193,687,37,45
1391,769,2160,0.643981,0.585,3.092590e+04,2.001586e-01,2.6003,2,1,8,687,37,44
1392,768,2160,0.644444,0.581,3.097133e+04,1.001750e-01,2.6006,0,2,140,686,37,44
1393,767,2160,0.644907,0.582,3.106753e+04,1.925459e-01,2.5954,0,7,182,685,37,44
1394,766,2160,0.64537,0.584,3.110547e+04,8.070385e-03,2.5991,0,6,182,684,37,44
1395,765,2160,0.645833,0.583,3.111185e+04,2.576970e-02,2.6336,0,8,182,683,37,44
1396,764,2160,0.646296,0.583,3.114084e+04,2.072174e-01,2.654,0,9,33,682,37,44
1397,763,2160,0.646759,0.586,3.123588e+04,6.432958e-02,2.583,0,2,56,681,37,44
1398,762,2160,0.647222,0.589,3.135356e+04,6.494093e-02,2.5921,0,8,134,680,37,44
1399,761,2160,0.647685,0.595,3.144213e+04,3.378960e-02,2.634,0,0,134,679,37,44
1400,760,2160,0.648148,0.596,3.147216e+04,1.396153e-01,2.6091,0,7,81,678,37,44
1401,759,2160,0.648611,0.594,3.144376e+04,4.510296e-01,2.6014,0,0,74,677,37,44
1402,758,2160,0.649074,0.595,3.145807e+04,4.378225e-01,2.624,0,3,74,676,37,44
1403,757,2160,0.649537,0.593,3.150603e+04,6.574476e-02,2.703,0,8,97,675,37,44
1404,756,2160,0.65,0.594,3.167875e+04,3.706553e-02,2.6082,0,8,152,674,37,44
1405,755,2160,0.650463,0.593,3.173810e+04,2.006914e-01,2.6034,0,6,181,673,37,44
1406,754,2160,0.650926,0.593,3.177565e+04,2.439006e-01,2.6229,2,5,8,673,37,43
1407,753,2160,0.651389,0.589,3.191959e+04,1.567410e-01,2.6043,2,4,8,673,37,42
1408,752,2160,0.651852,0.589,3.190854e+04,9.459473e-02,2.6206,0,2,167,672,37,42
1409,751,2160,0.652315,0.589,3.203623e+04,2.753722e-01,2.6304,0,3,78,671,37,42
1410,750,2160,0.652778,0.588,3.204616e+04,9.148823e-01,2.6102,0,4,146,670,37,42
1411,749,2160,0.653241,0.582,3.256832e+04,3.140535e-01,2.6409,0,3,147,669,37,42
1412,748,2160,0.653704,0.581,3.270990e+04,1.328179e+00,2.6065,1,3,8,669,36,42
1413,747,2160,0.654167,0.582,3.388110e+04,6.263616e-01,2.591,1,1,6,669,35,42
1414,746,2160,0.65463,0.581,3.399136e+04,6.120521e-02,2.637,0,9,28,668,35,42
1415,745,2160,0.655093,0.579,3.407070e+04,1.810684e-01,2.6127,0,7,130,667,35,42
1416,744,2160,0.655556,0.583,3.409192e+04,8.221740e-02,2.62,0,0,130,666,35,42
1417,743,2160,0.656019,0.583,3.409851e+04,9.716943e-02,2.5843,0,7,15,665,35,42
1418,742,2160,0.656481,0.583,3.411414e+04,6.292179e-02,2.5934,0,4,184,664,35,42
1419,741,2160,0.656944,0.583,3.412991e+04,3.319923e-01,2.6096,0,6,99,663,35,42
1420,740,2160,0.657407,0.582,3.426578e+04,5.092979e-01,2.6508,0,2,127,662,35,42
1421,739,2160,0.65787,0.58,3.433438e+04,2.091786e-01,2.5891,0,2,1,661,35,42
1422,738,2160,0.658333,0.58,3.442256e+04,4.186649e-01,2.5955,0,7,135,660,35,42
1423,737,2160,0.658796,0.582,3.456314e+04,7.609938e-02,2.6016,0,6,175,659,35,42
1424,736,2160,0.659259,0.58,3.463932e+04,6.957067e-01,2.6006,0,3,55,658,35,42
1425,735,2160,0.659722,0.584,3.473241e+04,2.471741e+00,2.5915,1,1,4,658,34,42
1426,734,2160,0.660185,0.573,3.495009e+04,2.375029e-01,2.5942,0,8,77,657,34,42
1427,733,2160,0.660648,0.575,3.509319e+04,9.415144e-02,2.6019,0,7,41,656,34,42
1428,732,2160,0.661111,0.574,3.515813e+04,4.772906e-02,2.5903,0,8,38,655,34,42
1429,731,2160,0.661574,0.575,3.513216e+04,2.773294e-01,2.6045,0,0,58,654,34,42
1430,730,2160,0.662037,0.571,3.506973e+04,4.595247e-02,2.6377,0,7,167,653,34,42
1431,729,2160,0.6625,0.573,3.516857e+04,1.044830e-01,2.5989,0,2,12,652,34,42
1432,728,2160,0.662963,0.573,3.527725e+04,1.214927e-01,2.6184,0,2,41,651,34,42
1433,727,2160,0.663426,0.573,3.534034e+04,3.374893e-01,2.611,0,6,131,650,34,42
1434,726,2160,0.663889,0.571,3.552932e+04,1.493501e-01,2.6387,0,0,104,649,34,42
1435,725,2160,0.664352,0.573,3.546889e+04,5.929331e-01,2.6018,0,6,105,648,34,42
1436,724,2160,0.664815,0.562,3.555733e+04,3.259454e-01,2.6241,1,5,0,648,33,42
1437,723,2160,0.665278,0.568,4.566328e+04,2.638649e-01,2.6165,0,9,121,647,33,42
1438,722,2160,0.665741,0.57,4.563497e+04,4.986519e-01,2.6238,0,3,39,646,33,42
1439,721,2160,0.666204,0.568,4.573346e+04,1.075635e-01,2.5955,0,2,117,645,33,42
1440,720,2160,0.666667,0.565,4.596883e+04,2.624013e-02,2.585,0,9,22,644,33,42
1441,719,2160,0.66713,0.562,4.616830e+04,7.717585e-02,2.6101,0,2,103,643,33,42
1442,718,2160,0.667593,0.567,4.600289e+04,7.684840e-02,2.5998,0,3,54,642,33,42
1443,717,2160,0.668056,0.561,4.638977e+04,3.105173e-01,2.6121,0,9,54,641,33,42
1444,716,2160,0.668519,0.561,4.600228e+04,1.205714e+00,2.6466,2,7,5,641,33,41
1445,715,2160,0.668981,0.539,5.668655e+04,2.528560e-02,2.6582,2,1,3,641,33,40
1446,714,2160,0.669444,0.537,5.678593e+04,9.178514e-01,2.6025,0,7,142,640,33,40
1447,713,2160,0.669907,0.541,7.600432e+04,2.386969e-01,2.6019,0,7,90,639,33,40
1448,712,2160,0.67037,0.544,7.593793e+04,1.429914e-01,2.6144,0,7,115,638,33,40
1449,711,2160,0.670833,0.546,7.586071e+04,9.187669e-03,2.6301,0,8,30,637,33,40
1450,710,2160,0.671296,0.547,7.581474e+04,6.142398e-01,2.6162,0,6,86,636,33,40
1451,709,2160,0.671759,0.543,7.594025e+04,2.311218e-01,2.5999,0,0,107,635,33,40
1452,708,2160,0.672222,0.546,7.589388e+04,1.166675e-01,2.613,0,4,137,634,33,40
1453,707,2160,0.672685,0.545,7.593364e+04,1.707433e-01,2.6373,0,6,82,633,33,40
1454,706,2160,0.673148,0.544,7.605115e+04,1.042691e+00,2.6112,0,0,76,632,33,40
1455,705,2160,0.673611,0.544,7.609380e+04,5.305763e-01,2.6286,0,4,191,631,33,40
1456,704,2160,0.674074,0.546,7.624827e+04,5.157259e-01,2.6068,1,8,9,631,32,40
1457,703,2160,0.674537,0.539,7.613568e+04,5.302181e-01,2.6243,0,3,120,630,32,40
1458,702,2160,0.675,0.54,7.622532e+04,8.621321e-02,2.6351,0,6,20,629,32,40
1459,701,2160,0.675463,0.539,7.639038e+04,1.230751e+00,2.6154,0,3,63,628,32,40
1460,700,2160,0.675926,0.54,7.530425e+04,3.404827e-01,2.608,1,9,6,628,31,40
1461,699,2160,0.676389,0.542,7.550369e+04,8.435082e-01,2.6032,0,7,172,627,31,40
1462,698,2160,0.676852,0.541,7.556492e+04,5.006863e-01,2.6268,0,2,130,626,31,40
1463,697,2160,0.677315,0.544,7.580624e+04,5.088203e-01,2.604,0,7,150,625,31,40
1464,696,2160,0.677778,0.536,7.623055e+04,2.616529e-01,2.6155,0,7,146,624,31,40
1465,695,2160,0.678241,0.532,7.646929e+04,8.750906e-01,2.6127,2,9,8,624,31,39
1466,694,2160,0.678704,0.533,7.704318e+04,7.822511e-02,2.6483,0,2,61,623,31,39
1467,693,2160,0.679167,0.533,7.693883e+04,4.495242e-01,2.6027,0,2,121,622,31,39
1468,692,2160,0.67963,0.53,7.707795e+04,4.416050e-01,2.603,0,6,119,621,31,39
1469,691,2160,0.680093,0.53,7.724569e+04,6.080301e-01,2.6083,0,7,105,620,31,39
1470,690,2160,0.680556,0.532,7.715202e+04,4.201250e-01,2.6106,0,6,83,619,31,39
1471,689,2160,0.681019,0.532,7.715082e+04,2.226854e+00,2.6192,0,8,88,618,31,39
1472,688,2160,0.681481,0.53,7.708220e+04,4.630604e-01,2.6477,0,2,176,617,31,39
1473,687,2160,0.681944,0.527,7.731115e+04,7.166706e-01,2.6069,0,6,164,616,31,39
1474,686,2160,0.682407,0.53,7.722976e+04,6.435727e-01,2.599,0,2,122,615,31,39
1475,685,2160,0.68287,0.527,7.735732e+04,4.482590e-01,2.6529,0,7,34,614,31,39
1476,684,2160,0.683333,0.527,7.747125e+04,4.216135e-01,2.6024,0,0,138,613,31,39
1477,683,2160,0.683796,0.527,7.755328e+04,3.392670e-01,2.6018,0,2,139,612,31,39
1478,682,2160,0.684259,0.527,7.769159e+04,2.516438e-01,2.6156,0,6,139,611,31,39
1479,681,2160,0.684722,0.526,7.762999e+04,1.367436e+00,2.6665,0,0,88,610,31,39
1480,680,2160,0.685185,0.525,7.822619e+04,1.742413e-01,2.6476,0,6,88,609,31,39
1481,679,2160,0.685648,0.525,7.869012e+04,6.989146e-01,2.6389,0,8,153,608,31,39
1482,678,2160,0.686111,0.523,7.899599e+04,4.491275e+00,2.6264,0,9,61,607,31,39
1483,677,2160,0.686574,0.522,8.243955e+04,2.849448e+00,2.5842,1,5,7,607,30,39
1484,676,2160,0.687037,0.539,8.779523e+04,1.394010e-01,2.6116,1,8,3,607,29,39
1485,675,2160,0.6875,0.54,8.789485e+04,1.305699e-01,2.6149,0,6,75,606,29,39
1486,674,2160,0.687963,0.537,8.814102e+04,5.110953e-01,2.6782,0,3,76,605,29,39
1487,673,2160,0.688426,0.54,8.878738e+04,1.724450e-01,2.5955,0,9,13,604,29,39
1488,672,2160,0.688889,0.541,8.886952e+04,1.732709e-02,2.6129,0,0,13,603,29,39
1489,671,2160,0.689352,0.54,8.891746e+04,1.123559e-01,2.626,0,3,14,602,29,39
1490,670,2160,0.689815,0.541,8.895406e+04,6.184774e-02,2.5985,0,0,150,601,29,39
1491,669,2160,0.690278,0.541,8.900533e+04,1.215132e+00,2.6416,1,5,3,601,28,39
1492,668,2160,0.690741,0.541,9.060632e+04,1.024079e-01,2.6993,0,0,94,600,28,39
1493,667,2160,0.691204,0.538,9.061931e+04,1.118439e-01,2.621,0,7,94,599,28,39
1494,666,2160,0.691667,0.542,9.058782e+04,1.587014e-01,2.6057,0,3,93,598,28,39
1495,665,2160,0.69213,0.542,9.081630e+04,5.522366e-02,2.6052,0,2,108,597,28,39
1496,664,2160,0.692593,0.54,9.120751e+04,6.914852e-02,2.5962,0,2,54,596,28,39
1497,663,2160,0.693056,0.541,9.131663e+04,3.938638e-02,2.6053,0,7,93,595,28,39
1498,662,2160,0.693519,0.544,9.137756e+04,5.813326e-02,2.6081,0,2,183,594,28,39
1499,661,2160,0.693981,0.545,9.146901e+04,1.895560e-01,2.6215,0,2,151,593,28,39
1500,660,2160,0.694444,0.544,9.150240e+04,8.501940e-02,2.609,0,8,19,592,28,39
1501,659,2160,0.694907,0.547,9.170054e+04,4.821653e-02,2.6231,0,7,19,591,28,39
1502,658,2160,0.69537,0.548,9.175853e+04,5.429056e-02,2.632,0,7,171,590,28,39
1503,657,2160,0.695833,0.547,9.179695e+04,3.172365e-02,2.6314,0,3,185,589,28,39
1504,656,2160,0.696296,0.545,9.191450e+04,5.645306e-02,2.5964,0,2,0,588,28,39
1505,655,2160,0.696759,0.547,9.197475e+04,9.143899e-02,2.6072,0,0,116,587,28,39
1506,654,2160,0.697222,0.551,9.202306e+04,8.071102e-02,2.6096,0,9,107,586,28,39
1507,653,2160,0.697685,0.55,9.226793e+04,2.618378e-02,2.597,0,9,181,585,28,39
1508,652,2160,0.698148,0.545,9.232623e+04,7.718408e-03,2.6123,0,7,181,584,28,39
1509,651,2160,0.698611,0.547,9.235128e+04,1.451206e-01,2.5993,0,2,161,583,28,39
1510,650,2160,0.699074,0.546,9.214526e+04,1.593937e-01,2.6051,0,6,134,582,28,39
1511,649,2160,0.699537,0.546,9.242315e+04,6.410605e-02,2.6197,0,3,112,581,28,39
1512,648,2160,0.7,0.544,9.251886e+04,4.749435e-01,2.5959,0,8,47,580,28,39
1513,647,2160,0.700463,0.539,9.291189e+04,3.580235e-02,2.6119,0,7,158,579,28,39
1514,646,2160,0.700926,0.538,9.286913e+04,1.728271e-02,2.5864,0,0,55,578,28,39
1515,645,2160,0.701389,0.54,9.305102e+04,1.414901e-02,2.5959,0,7,55,577,28,39
1516,644,2160,0.701852,0.539,9.306286e+04,5.714260e-02,2.6221,0,4,186,576,28,39
1517,643,2160,0.702315,0.54,9.299787e+04,1.888514e-01,2.6017,0,3,30,575,28,39
1518,642,2160,0.702778,0.539,9.309630e+04,1.710879e-02,2.5984,0,2,11,574,28,39
1519,641,2160,0.703241,0.539,9.318597e+04,3.592736e-02,2.6021,0,6,40,573,28,39
1520,640,2160,0.703704,0.541,9.335974e+04,2.860665e-02,2.6244,0,8,12,572,28,39
1521,639,2160,0.704167,0.54,9.352079e+04,5.638671e-02,2.6064,0,7,43,571,28,39
1522,638,2160,0.70463,0.54,9.367434e+04,5.029503e-02,2.5966,0,6,46,570,28,39
1523,637,2160,0.705093,0.54,9.389040e+04,7.681648e-02,2.6018,0,6,128,569,28,39
1524,636,2160,0.705556,0.538,9.412743e+04,6.518683e-02,2.6178,0,3,189,568,28,39
1525,635,2160,0.706019,0.538,9.448074e+04,5.778848e-02,2.6116,0,2,189,567,28,39
1526,634,2160,0.706481,0.537,9.453891e+04,2.283174e-02,2.6059,0,8,133,566,28,39
1527,633,2160,0.706944,0.547,9.441045e+04,9.663213e-02,2.5923,0,9,45,565,28,39
1528,632,2160,0.707407,0.546,9.449520e+04,2.256175e-02,2.623,0,2,180,564,28,39
1529,631,2160,0.70787,0.546,9.468103e+04,8.922366e-02,2.5916,0,8,89,563,28,39
1530,630,2160,0.708333,0.542,9.457124e+04,1.727631e-01,2.6201,0,0,89,562,28,39
1531,629,2160,0.708796,0.539,9.473902e+04,1.575407e-02,2.6062,0,6,125,561,28,39
1532,628,2160,0.709259,0.541,9.490840e+04,8.914436e-02,2.5965,0,2,125,560,28,39
1533,627,2160,0.709722,0.542,9.501869e+04,1.075749e-02,2.5977,0,6,195,559,28,39
1534,626,2160,0.710185,0.542,9.531016e+04,1.132337e-02,2.5926,0,7,84,558,28,39
1535,625,2160,0.710648,0.544,9.536406e+04,5.337643e-02,2.6078,0,3,181,557,28,39
1536,624,2160,0.711111,0.544,9.551327e+04,1.385824e-02,2.6131,0,8,166,556,28,39
1537,623,2160,0.711574,0.547,9.574275e+04,5.307920e-02,2.6278,0,7,155,555,28,39
1538,622,2160,0.712037,0.546,9.575760e+04,8.263231e-02,2.5993,0,9,195,554,28,39
1539,621,2160,0.7125,0.546,9.595586e+04,3.103470e-01,2.5956,0,7,131,553,28,39
1540,620,2160,0.712963,0.553,9.605106e+04,9.675059e-02,2.5983,0,4,93,552,28,39
1541,619,2160,0.713426,0.559,9.616828e+04,4.168805e-02,2.6011,0,9,71,551,28,39
1542,618,2160,0.713889,0.553,9.632087e+04,1.552429e-01,2.609,0,3,53,550,28,39
1543,617,2160,0.714352,0.558,9.710140e+04,5.759252e-02,2.5863,0,2,141,549,28,39
1544,616,2160,0.714815,0.553,9.725940e+04,2.698532e-02,2.5772,0,6,0,548,28,39
1545,615,2160,0.715278,0.552,9.743530e+04,3.564366e-01,2.6009,0,0,63,547,28,39
1546,614,2160,0.715741,0.551,9.770980e+04,1.311860e+00,2.6097,2,7,3,547,28,38
1547,613,2160,0.716204,0.556,9.654157e+04,7.659222e-01,2.6054,0,7,39,546,28,38
1548,612,2160,0.716667,0.558,9.720897e+04,1.641162e-01,2.6125,0,6,103,545,28,38
1549,611,2160,0.71713,0.556,9.768077e+04,6.667319e-02,2.6302,0,7,28,544,28,38
1550,610,2160,0.717593,0.556,9.784635e+04,7.216757e-02,2.5952,0,8,81,543,28,38
1551,609,2160,0.718056,0.557,9.795689e+04,3.355034e-02,2.5933,0,0,167,542,28,38
1552,608,2160,0.718519,0.558,9.808055e+04,6.434661e-02,2.5929,0,6,89,541,28,38
1553,607,2160,0.718981,0.551,9.867109e+04,1.750928e-01,2.6088,0,2,109,540,28,38
1554,606,2160,0.719444,0.552,9.903022e+04,4.490565e-02,2.6011,0,0,38,539,28,38
1555,605,2160,0.719907,0.561,9.930283e+04,1.016382e-01,2.6216,0,0,106,538,28,38
1556,604,2160,0.72037,0.561,9.962498e+04,1.028548e-01,2.6423,0,0,148,537,28,38
1557,603,2160,0.720833,0.562,9.973861e+04,1.456184e-02,2.5911,0,4,7,536,28,38
1558,602,2160,0.721296,0.562,9.995628e+04,1.057119e-01,2.6189,0,6,156,535,28,38
1559,601,2160,0.721759,0.563,1.001342e+05,2.465282e-02,2.6018,0,8,27,534,28,38
1560,600,2160,0.722222,0.563,1.003839e+05,4.700804e-02,2.6242,0,8,195,533,28,38
1561,599,2160,0.722685,0.562,1.003305e+05,1.641374e-02,2.6139,0,6,153,532,28,38
1562,598,2160,0.723148,0.561,1.007105e+05,2.311531e-02,2.6065,0,2,97,531,28,38
1563,597,2160,0.723611,0.56,1.009738e+05,5.608697e-02,2.6027,0,8,177,530,28,38
1564,596,2160,0.724074,0.559,1.012388e+05,5.816441e-02,2.5973,0,0,177,529,28,38
1565,595,2160,0.724537,0.559,1.012378e+05,1.149366e-01,2.5823,0,6,148,528,28,38
1566,594,2160,0.725,0.555,1.017468e+05,3.311171e-02,2.6048,0,7,88,527,28,38
1567,593,2160,0.725463,0.555,1.017976e+05,2.388070e-02,2.6393,0,7,2,526,28,38
1568,592,2160,0.725926,0.554,1.021348e+05,3.745965e-02,2.5867,0,3,2,525,28,38
1569,591,2160,0.726389,0.554,1.023353e+05,1.079731e-01,2.6166,0,8,169,524,28,38
1570,590,2160,0.726852,0.556,1.029421e+05,3.334930e-01,2.5949,0,8,162,523,28,38
1571,589,2160,0.727315,0.558,1.041183e+05,7.435412e-02,2.6602,0,6,162,522,28,38
1572,588,2160,0.727778,0.552,1.047853e+05,1.478079e-01,2.607,0,0,172,521,28,38
1573,587,2160,0.728241,0.556,1.055273e+05,1.056020e-01,2.594,0,9,24,520,28,38
1574,586,2160,0.728704,0.557,1.063064e+05,1.011402e-01,2.6311,2,4,3,520,28,37
1575,585,2160,0.729167,0.556,1.093491e+05,7.453936e-02,2.5999,0,2,115,519,28,37
1576,584,2160,0.72963,0.557,1.092460e+05,2.547933e-02,2.6202,0,7,18,518,28,37
1577,583,2160,0.730093,0.557,1.093865e+05,1.018420e-01,2.5949,0,6,32,517,28,37
1578,582,2160,0.730556,0.556,1.099929e+05,6.867262e-02,2.6037,0,7,32,516,28,37
1579,581,2160,0.731019,0.556,1.100497e+05,8.451784e-02,2.6332,0,0,127,515,28,37
1580,580,2160,0.731481,0.557,1.106684e+05,6.748477e-02,2.6006,0,2,29,514,28,37
1581,579,2160,0.731944,0.554,1.112581e+05,4.954286e-02,2.6279,0,8,4,513,28,37
1582,578,2160,0.732407,0.555,1.114947e+05,1.257088e-02,2.6042,0,6,183,512,28,37
1583,577,2160,0.73287,0.556,1.117478e+05,8.422614e-02,2.6051,0,9,141,511,28,37
1584,576,2160,0.733333,0.556,1.117487e+05,1.929129e-01,2.7203,0,3,91,510,28,37
1585,575,2160,0.733796,0.559,1.118616e+05,3.925664e-02,2.5887,0,3,143,509,28,37
1586,574,2160,0.734259,0.559,1.121072e+05,3.651369e-01,2.6392,0,4,75,508,28,37
1587,573,2160,0.734722,0.559,1.127144e+05,6.886886e-02,2.6116,0,4,74,507,28,37
1588,572,2160,0.735185,0.561,1.128237e+05,6.447855e-02,2.5913,0,8,26,506,28,37
1589,571,2160,0.735648,0.561,1.131547e+05,2.418874e-01,2.6323,0,2,146,505,28,37
1590,570,2160,0.736111,0.554,1.137050e+05,6.971752e-02,2.6149,0,7,23,504,28,37
1591,569,2160,0.736574,0.555,1.145660e+05,5.588731e-02,2.6086,0,9,23,503,28,37
1592,568,2160,0.737037,0.554,1.146476e+05,1.338642e-01,2.6079,0,2,174,502,28,37
1593,567,2160,0.7375,0.556,1.154929e+05,4.467744e-01,2.6066,2,5,0,502,28,36
1594,566,2160,0.737963,0.56,1.183245e+05,6.146375e-02,2.628,0,7,76,501,28,36
1595,565,2160,0.738426,0.558,1.188538e+05,1.151153e-01,2.6097,0,4,36,500,28,36
1596,564,2160,0.738889,0.555,1.191854e+05,9.375157e-02,2.598,0,9,36,499,28,36
1597,563,2160,0.739352,0.558,1.193065e+05,7.231846e-02,2.6195,0,0,92,498,28,36
1598,562,2160,0.739815,0.557,1.192604e+05,3.605430e-02,2.6167,0,9,8,497,28,36
1599,561,2160,0.740278,0.558,1.195871e+05,1.010818e-01,2.5842,0,2,3,496,28,36
1600,560,2160,0.740741,0.561,1.202702e+05,2.717394e-02,2.5932,0,8,108,495,28,36
1601,559,2160,0.741204,0.561,1.207008e+05,8.573202e-02,2.5858,0,3,108,494,28,36
1602,558,2160,0.741667,0.558,1.213617e+05,1.478293e-01,2.6058,0,8,172,493,28,36
1603,557,2160,0.74213,0.562,1.217375e+05,2.775757e-02,2.5863,0,4,140,492,28,36
1604,556,2160,0.742593,0.562,1.220648e+05,5.123053e-02,2.5952,0,3,175,491,28,36
1605,555,2160,0.743056,0.56,1.221374e+05,2.335858e-01,2.5897,0,4,87,490,28,36
1606,554,2160,0.743519,0.561,1.231020e+05,1.868012e-01,2.6301,0,7,21,489,28,36
1607,553,2160,0.743981,0.565,1.231598e+05,1.301320e-01,2.5991,0,0,131,488,28,36
1608,552,2160,0.744444,0.561,1.232588e+05,1.300949e-01,2.6107,0,6,133,487,28,36
1609,551,2160,0.744907,0.565,1.234861e+05,2.628829e-01,2.5941,0,8,171,486,28,36
1610,550,2160,0.74537,0.56,1.251054e+05,1.911037e-01,2.638,0,8,24,485,28,36
1611,549,2160,0.745833,0.556,1.261782e+05,2.387661e-01,2.5891,0,3,20,484,28,36
1612,548,2160,0.746296,0.558,1.260626e+05,8.511128e-01,2.6263,0,0,163,483,28,36
1613,547,2160,0.746759,0.549,1.283778e+05,2.480352e+00,2.6332,2,2,8,483,28,35
1614,546,2160,0.747222,0.542,1.294888e+05,2.354091e-01,2.6102,1,8,6,483,27,35
1615,545,2160,0.747685,0.539,1.307120e+05,7.203886e-02,2.6015,0,3,138,482,27,35
1616,544,2160,0.748148,0.542,1.309921e+05,1.602480e-02,2.6177,0,6,67,481,27,35
1617,543,2160,0.748611,0.538,1.314398e+05,1.383708e-02,2.6138,0,9,155,480,27,35
1618,542,2160,0.749074,0.537,1.318136e+05,2.623251e-02,2.6186,0,4,103,479,27,35
1619,541,2160,0.749537,0.539,1.316283e+05,1.787371e-02,2.6098,0,8,103,478,27,35
1620,540,2160,0.75,0.539,1.319079e+05,3.158684e-02,2.6243,0,4,83,477,27,35
1621,539,2160,0.750463,0.539,1.322812e+05,3.367364e-02,2.6038,0,3,152,476,27,35
1622,538,2160,0.750926,0.537,1.326050e+05,2.316034e-02,2.6628,0,3,15,475,27,35
1623,537,2160,0.751389,0.538,1.331198e+05,2.831272e-02,2.6114,0,2,15,474,27,35
1624,536,2160,0.751852,0.537,1.337224e+05,1.996759e-02,2.6209,0,4,10,473,27,35
1625,535,2160,0.752315,0.535,1.339879e+05,1.155346e-02,2.6052,0,6,10,472,27,35
1626,534,2160,0.752778,0.535,1.340223e+05,9.060041e-03,2.6443,0,4,194,471,27,35
1627,533,2160,0.753241,0.535,1.343389e+05,1.949583e-02,2.628,0,4,182,470,27,35
1628,532,2160,0.753704,0.534,1.347066e+05,1.032831e-02,2.6085,0,0,192,469,27,35
1629,531,2160,0.754167,0.534,1.350216e+05,5.742793e-02,2.6198,0,8,157,468,27,35
1630,530,2160,0.75463,0.533,1.362568e+05,2.175364e-02,2.6041,0,6,12,467,27,35
1631,529,2160,0.755093,0.536,1.367355e+05,4.531868e-02,2.6015,0,8,173,466,27,35
1632,528,2160,0.755556,0.535,1.372779e+05,5.289315e-02,2.5904,0,3,34,465,27,35
1633,527,2160,0.756019,0.535,1.382718e+05,6.562376e-02,2.6251,0,7,136,464,27,35
1634,526,2160,0.756481,0.534,1.391243e+05,2.962772e-02,2.6038,0,6,136,463,27,35
1635,525,2160,0.756944,0.537,1.394122e+05,9.971894e-03,2.5904,0,6,29,462,27,35
1636,524,2160,0.757407,0.531,1.398179e+05,2.506029e-02,2.594,0,8,112,461,27,35
1637,523,2160,0.75787,0.533,1.403125e+05,3.419655e-02,2.6713,0,9,158,460,27,35
1638,522,2160,0.758333,0.531,1.410952e+05,2.894443e-02,2.5821,0,3,176,459,27,35
1639,521,2160,0.758796,0.528,1.414558e+05,1.110662e-02,2.6065,0,6,176,458,27,35
1640,520,2160,0.759259,0.534,1.416619e+05,3.986893e-02,2.597,0,0,187,457,27,35
1641,519,2160,0.759722,0.532,1.422908e+05,3.038349e-02,2.5811,0,3,98,456,27,35
1642,518,2160,0.760185,0.534,1.425541e+05,1.243728e-02,2.6139,0,8,98,455,27,35
1643,517,2160,0.760648,0.533,1.427395e+05,1.190363e-02,2.5968,0,4,98,454,27,35
1644,516,2160,0.761111,0.535,1.428385e+05,4.164300e-02,2.6587,0,2,99,453,27,35
1645,515,2160,0.761574,0.534,1.436591e+05,1.942210e-02,2.611,0,7,99,452,27,35
1646,514,2160,0.762037,0.533,1.437039e+05,6.839134e-02,2.5978,2,9,0,452,27,34
1647,513,2160,0.7625,0.532,1.445941e+05,2.107443e-02,2.602,0,0,9,451,27,34
1648,512,2160,0.762963,0.53,1.452014e+05,5.704055e-03,2.6066,0,4,9,450,27,34
1649,511,2160,0.763426,0.53,1.453286e+05,5.836150e-02,2.5931,0,9,125,449,27,34
1650,510,2160,0.763889,0.53,1.464066e+05,1.579870e-02,2.6454,0,4,85,448,27,34
1651,509,2160,0.764352,0.532,1.468861e+05,9.256566e-02,2.6172,0,8,135,447,27,34
1652,508,2160,0.764815,0.531,1.474589e+05,8.935671e-02,2.5926,0,3,114,446,27,34
1653,507,2160,0.765278,0.537,1.480391e+05,4.346397e-02,2.5886,0,3,21,445,27,34
1654,506,2160,0.765741,0.54,1.482918e+05,3.283615e-02,2.5846,0,3,119,444,27,34
1655,505,2160,0.766204,0.541,1.490867e+05,3.048681e-02,2.6149,0,2,69,443,27,34
1656,504,2160,0.766667,0.541,1.499884e+05,1.761260e-01,2.6079,2,2,0,443,27,33
1657,503,2160,0.76713,0.546,1.508897e+05,6.551501e-02,2.6494,0,8,179,442,27,33
1658,502,2160,0.767593,0.545,1.512684e+05,1.067529e-02,2.6369,0,6,26,441,27,33
1659,501,2160,0.768056,0.544,1.517133e+05,1.070754e-02,2.5951,0,0,42,440,27,33
1660,500,2160,0.768519,0.544,1.522070e+05,4.616015e-02,2.6077,0,0,33,439,27,33
1661,499,2160,0.768981,0.546,1.533882e+05,2.318166e-02,2.6169,0,2,100,438,27,33
1662,498,2160,0.769444,0.545,1.543569e+05,3.682131e-02,2.6066,0,3,56,437,27,33
1663,497,2160,0.769907,0.544,1.548098e+05,2.805594e-02,2.6037,0,3,107,436,27,33
1664,496,2160,0.77037,0.545,1.551436e+05,1.825598e-02,2.5978,0,3,8,435,27,33
1665,495,2160,0.770833,0.544,1.553462e+05,3.747143e-02,2.623,0,7,96,434,27,33
1666,494,2160,0.771296,0.542,1.563909e+05,3.125749e-02,2.591,0,7,72,433,27,33
1667,493,2160,0.771759,0.544,1.570954e+05,4.827799e-02,2.6022,0,9,5,432,27,33
1668,492,2160,0.772222,0.546,1.582628e+05,9.143076e-03,2.6276,0,4,5,431,27,33
1669,491,2160,0.772685,0.546,1.585355e+05,7.890312e-02,2.6153,0,8,184,430,27,33
1670,490,2160,0.773148,0.546,1.596721e+05,1.554584e-02,2.6026,0,8,129,429,27,33
1671,489,2160,0.773611,0.545,1.606353e+05,3.762780e-02,2.5976,0,4,111,428,27,33
1672,488,2160,0.774074,0.545,1.615788e+05,2.145757e-02,2.605,0,6,104,427,27,33
1673,487,2160,0.774537,0.545,1.620221e+05,4.869388e-02,2.6295,0,9,16,426,27,33
1674,486,2160,0.775,0.545,1.630442e+05,3.831654e-02,2.6738,0,4,179,425,27,33
1675,485,2160,0.775463,0.545,1.639103e+05,1.742567e-02,2.5982,0,9,179,424,27,33
1676,484,2160,0.775926,0.546,1.645690e+05,6.741119e-02,2.6151,0,7,116,423,27,33
1677,483,2160,0.776389,0.544,1.665671e+05,6.550968e-02,2.5947,0,2,93,422,27,33
1678,482,2160,0.776852,0.546,1.679703e+05,1.159791e-02,2.6263,0,6,154,421,27,33
1679,481,2160,0.777315,0.543,1.687438e+05,3.904196e-02,2.6118,0,0,154,420,27,33
1680,480,2160,0.777778,0.542,1.695996e+05,8.801764e-03,2.6259,0,4,154,419,27,33
1681,479,2160,0.778241,0.543,1.697609e+05,5.340042e-02,2.6298,0,4,58,418,27,33
1682,478,2160,0.778704,0.541,1.708421e+05,1.171877e-02,2.6068,0,4,12,417,27,33
1683,477,2160,0.779167,0.543,1.712081e+05,6.266865e-02,2.605,0,2,70,416,27,33
1684,476,2160,0.77963,0.541,1.727772e+05,1.635720e-01,2.5979,0,9,39,415,27,33
1685,475,2160,0.780093,0.54,1.752867e+05,8.474273e-02,2.5931,0,9,38,414,27,33
1686,474,2160,0.780556,0.54,1.769792e+05,5.352558e-02,2.6283,0,0,120,413,27,33
1687,473,2160,0.781019,0.54,1.782699e+05,1.136554e-01,2.6717,0,2,120,412,27,33
1688,472,2160,0.781481,0.537,1.801818e+05,1.230643e-02,2.5959,0,6,111,411,27,33
1689,471,2160,0.781944,0.534,1.808754e+05,1.793418e-02,2.6209,0,9,111,410,27,33
1690,470,2160,0.782407,0.53,1.817005e+05,5.558279e-02,2.6037,0,7,3,409,27,33
1691,469,2160,0.78287,0.528,1.826647e+05,1.768734e-02,2.6119,0,0,11,408,27,33
1692,468,2160,0.783333,0.526,1.833960e+05,4.801639e-02,2.6023,0,7,53,407,27,33
1693,467,2160,0.783796,0.529,1.842606e+05,2.680130e-02,2.6008,0,6,191,406,27,33
1694,466,2160,0.784259,0.527,1.853127e+05,3.341441e-02,2.6153,0,6,190,405,27,33
1695,465,2160,0.784722,0.525,1.857068e+05,4.452749e-02,2.6239,0,4,73,404,27,33
1696,464,2160,0.785185,0.525,1.861640e+05,6.404258e-02,2.5928,0,4,169,403,27,33
1697,463,2160,0.785648,0.524,1.877061e+05,3.291595e-02,2.6355,0,9,169,402,27,33
1698,462,2160,0.786111,0.524,1.889823e+05,1.412547e-01,2.6061,0,2,60,401,27,33
1699,461,2160,0.786574,0.518,1.916161e+05,2.598848e-02,2.6138,0,8,28,400,27,33
1700,460,2160,0.787037,0.518,1.923570e+05,1.158827e-01,2.6255,0,2,96,399,27,33
1701,459,2160,0.7875,0.515,1.946329e+05,6.481349e-02,2.6178,0,8,57,398,27,33
1702,458,2160,0.787963,0.514,1.960568e+05,8.235471e-02,2.5966,0,7,47,397,27,33
1703,457,2160,0.788426,0.517,1.970529e+05,2.406464e-01,2.5933,2,0,4,397,27,32
1704,456,2160,0.788889,0.516,2.042471e+05,6.338228e-02,2.6016,0,2,68,396,27,32
1705,455,2160,0.789352,0.514,2.055180e+05,8.290137e-02,2.6423,0,0,101,395,27,32
1706,454,2160,0.789815,0.516,2.073785e+05,3.215311e-01,2.5959,0,2,53,394,27,32
1707,453,2160,0.790278,0.511,2.317749e+05,7.921583e-02,2.6312,0,9,53,393,27,32
1708,452,2160,0.790741,0.512,2.328906e+05,3.649582e-01,2.5963,1,3,9,393,26,32
1709,451,2160,0.791204,0.511,2.399190e+05,4.159580e-02,2.599,0,6,151,392,26,32
1710,450,2160,0.791667,0.513,2.395812e+05,2.256283e-02,2.606,0,6,25,391,26,32
1711,449,2160,0.79213,0.515,2.396771e+05,7.923256e-02,2.6182,0,9,159,390,26,32
1712,448,2160,0.792593,0.515,2.419609e+05,7.142905e-02,2.5943,0,0,159,389,26,32
1713,447,2160,0.793056,0.511,2.427316e+05,1.841523e-01,2.6191,0,0,91,388,26,32
1714,446,2160,0.793519,0.529,2.456881e+05,5.537484e-02,2.5957,0,7,17,387,26,32
1715,445,2160,0.793981,0.528,2.468186e+05,1.207765e-02,2.6221,0,8,17,386,26,32
1716,444,2160,0.794444,0.528,2.469740e+05,1.179778e-01,2.6208,0,4,151,385,26,32
1717,443,2160,0.794907,0.528,2.475058e+05,3.980637e-02,2.5859,0,0,29,384,26,32
1718,442,2160,0.79537,0.528,2.480236e+05,2.989491e-02,2.6215,0,7,1,383,26,32
1719,441,2160,0.795833,0.528,2.492870e+05,6.643853e-02,2.6028,0,7,45,382,26,32
1720,440,2160,0.796296,0.528,2.502229e+05,4.196317e-02,2.6153,0,8,45,381,26,32
1721,439,2160,0.796759,0.528,2.503535e+05,1.963044e-01,2.6359,0,8,86,380,26,32
1722,438,2160,0.797222,0.532,2.520910e+05,1.574155e+02,2.5892,0,5,47,379,26,32
1723,437,2160,0.797685,0.526,2.966936e+05,1.531808e+02,2.6406,1,5,5,379,25,32
1724,436,2160,0.798148,0.528,2.967342e+05,2.838630e-02,2.5929,0,9,78,378,25,32
1725,435,2160,0.798611,0.526,2.980205e+05,1.823217e-02,2.6214,0,8,144,377,25,32
1726,434,2160,0.799074,0.528,2.977528e+05,3.590665e-02,2.592,0,8,49,376,25,32
1727,433,2160,0.799537,0.533,2.989214e+05,1.527710e-02,2.6558,0,6,101,375,25,32
1728,432,2160,0.8,0.533,2.995819e+05,2.735724e-02,2.6169,0,7,179,374,25,32
1729,431,2160,0.800463,0.531,3.008781e+05,2.726253e-02,2.5922,0,7,139,373,25,32
1730,430,2160,0.800926,0.529,3.022589e+05,1.829096e-02,2.5982,0,4,56,372,25,32
1731,429,2160,0.801389,0.53,3.027399e+05,3.471746e-02,2.5955,0,2,19,371,25,32
1732,428,2160,0.801852,0.529,3.045427e+05,7.988408e-02,2.627,0,3,51,370,25,32
1733,427,2160,0.802315,0.533,3.042000e+05,3.409145e-02,2.5992,0,7,31,369,25,32
1734,426,2160,0.802778,0.531,3.053505e+05,6.148061e-02,2.6616,0,0,77,368,25,32
1735,425,2160,0.803241,0.543,3.060490e+05,3.955084e-02,2.6226,0,0,50,367,25,32
1736,424,2160,0.803704,0.544,3.074476e+05,4.245225e-02,2.5973,0,9,145,366,25,32
1737,423,2160,0.804167,0.548,3.092675e+05,6.839530e-02,2.6302,0,9,58,365,25,32
1738,422,2160,0.80463,0.549,3.113721e+05,6.566790e-02,2.599,0,3,77,364,25,32
1739,421,2160,0.805093,0.544,3.124449e+05,4.079248e-02,2.6129,0,4,162,363,25,32
1740,420,2160,0.805556,0.542,3.129234e+05,2.528852e-02,2.6052,0,4,161,362,25,32
1741,419,2160,0.806019,0.542,3.137462e+05,4.405349e-02,2.5952,0,7,186,361,25,32
1742,418,2160,0.806481,0.546,3.150108e+05,2.570115e-02,2.5967,0,4,123,360,25,32
1743,417,2160,0.806944,0.547,3.148049e+05,3.044736e-02,2.5998,0,7,108,359,25,32
1744,416,2160,0.807407,0.545,3.167532e+05,4.959627e-02,2.6162,0,7,126,358,25,32
1745,415,2160,0.80787,0.545,3.182129e+05,9.640855e-02,2.6073,0,2,126,357,25,32
1746,414,2160,0.808333,0.547,3.213237e+05,1.756809e-02,2.6173,0,6,59,356,25,32
1747,413,2160,0.808796,0.545,3.225566e+05,6.359822e-02,2.5954,0,8,149,355,25,32
1748,412,2160,0.809259,0.54,3.246424e+05,1.179420e-01,2.6077,0,2,134,354,25,32
1749,411,2160,0.809722,0.539,3.287722e+05,1.600186e-01,2.6137,0,2,142,353,25,32
1750,410,2160,0.810185,0.54,3.330011e+05,3.094473e-01,2.5936,0,2,14,352,25,32
1751,409,2160,0.810648,0.537,3.392036e+05,3.519207e-01,2.6067,1,5,2,352,24,32
1752,408,2160,0.811111,0.539,3.475210e+05,4.054411e-02,2.5938,0,7,14,351,24,32
1753,407,2160,0.811574,0.54,3.491670e+05,9.390640e-02,2.6514,0,9,171,350,24,32
1754,406,2160,0.812037,0.534,3.497393e+05,6.598137e-02,2.609,0,3,110,349,24,32
1755,405,2160,0.8125,0.535,3.492052e+05,9.533563e-03,2.5971,0,6,43,348,24,32
1756,404,2160,0.812963,0.531,3.500726e+05,8.946902e-02,2.6165,0,3,165,347,24,32
1757,403,2160,0.813426,0.532,3.488443e+05,1.242271e-02,2.608,0,6,188,346,24,32
1758,402,2160,0.813889,0.529,3.495540e+05,2.204126e-02,2.5988,0,3,16,345,24,32
1759,401,2160,0.814352,0.532,3.501159e+05,1.405958e-02,2.5993,0,4,41,344,24,32
1760,400,2160,0.814815,0.532,3.507157e+05,2.344080e-02,2.65,0,3,155,343,24,32
1761,399,2160,0.815278,0.533,3.514791e+05,1.173365e-01,2.5882,0,2,98,342,24,32
1762,398,2160,0.815741,0.531,3.529080e+05,1.021972e-01,2.6115,0,3,35,341,24,32
1763,397,2160,0.816204,0.534,3.525085e+05,1.730175e-02,2.6618,0,6,35,340,24,32
1764,396,2160,0.816667,0.537,3.531629e+05,1.395424e-02,2.5918,0,4,185,339,24,32
1765,395,2160,0.81713,0.538,3.539804e+05,1.866341e-02,2.5906,0,4,113,338,24,32
1766,394,2160,0.817593,0.534,3.543884e+05,1.226740e-01,2.594,0,9,184,337,24,32
1767,393,2160,0.818056,0.533,3.558999e+05,4.924378e-02,2.6533,0,7,122,336,24,32
1768,392,2160,0.818519,0.54,3.579210e+05,7.757101e-02,2.5896,0,0,62,335,24,32
1769,391,2160,0.818981,0.526,3.604649e+05,1.210762e-01,2.6371,0,9,62,334,24,32
1770,390,2160,0.819444,0.531,3.587252e+05,4.920099e-02,2.5975,0,4,50,333,24,32
1771,389,2160,0.819907,0.532,3.595673e+05,5.247227e-02,2.6073,0,4,124,332,24,32
1772,388,2160,0.82037,0.529,3.613593e+05,1.142960e-01,2.598,0,2,148,331,24,32
1773,387,2160,0.820833,0.528,3.633474e+05,1.076089e-01,2.5938,0,2,57,330,24,32
1774,386,2160,0.821296,0.527,3.650072e+05,1.164196e-01,2.6413,2,1,4,330,24,31
1775,385,2160,0.821759,0.537,3.715686e+05,3.670413e-02,2.5927,0,7,170,329,24,31
1776,384,2160,0.822222,0.54,3.730953e+05,2.757522e-02,2.6296,0,8,67,328,24,31
1777,383,2160,0.822685,0.539,3.736254e+05,3.477158e-02,2.5868,0,8,54,327,24,31
1778,382,2160,0.823148,0.544,3.743254e+05,1.307509e-02,2.5914,0,8,40,326,24,31
1779,381,2160,0.823611,0.546,3.755444e+05,1.383908e-02,2.5968,0,4,18,325,24,31
1780,380,2160,0.824074,0.546,3.765824e+05,2.458474e-02,2.6498,0,8,115,324,24,31
1781,379,2160,0.824537,0.549,3.774270e+05,1.496979e-02,2.6099,0,4,168,323,24,31
1782,378,2160,0.825,0.549,3.784589e+05,4.052479e-02,2.6051,0,6,144,322,24,31
1783,377,2160,0.825463,0.548,3.795808e+05,1.502584e-02,2.6668,0,4,153,321,24,31
1784,376,2160,0.825926,0.547,3.805280e+05,1.240486e-01,2.6484,0,9,94,320,24,31
1785,375,2160,0.826389,0.547,3.820885e+05,3.829226e-02,2.5954,0,3,94,319,24,31
1786,374,2160,0.826852,0.543,3.831093e+05,3.084869e-02,2.5955,0,6,60,318,24,31
1787,373,2160,0.827315,0.545,3.849798e+05,1.381218e-01,2.6166,0,2,72,317,24,31
1788,372,2160,0.827778,0.54,3.869511e+05,1.739144e-01,2.6788,0,2,186,316,24,31
1789,371,2160,0.828241,0.54,3.889117e+05,1.497812e-01,2.6055,0,2,147,315,24,31
1790,370,2160,0.828704,0.542,3.904344e+05,1.930702e-01,2.6115,0,2,47,314,24,31
1791,369,2160,0.829167,0.544,3.919000e+05,1.158357e-01,2.6061,1,2,6,314,23,31
1792,368,2160,0.82963,0.539,3.935274e+05,1.560561e-01,2.6225,0,2,137,313,23,31
1793,367,2160,0.830093,0.541,3.957047e+05,2.060431e-02,2.6041,0,6,33,312,23,31
1794,366,2160,0.830556,0.537,3.965734e+05,3.833306e-02,2.6007,0,6,68,311,23,31
1795,365,2160,0.831019,0.54,3.991950e+05,2.719889e-02,2.6064,0,6,34,310,23,31
1796,364,2160,0.831481,0.538,4.000287e+05,2.599241e-01,2.6049,0,9,104,309,23,31
1797,363,2160,0.831944,0.534,4.019418e+05,2.701327e-01,2.619,0,9,25,308,23,31
1798,362,2160,0.832407,0.536,4.035845e+05,2.944542e-02,2.5952,0,8,46,307,23,31
1799,361,2160,0.83287,0.538,4.046554e+05,6.760678e-02,2.597,0,7,46,306,23,31
1800,360,2160,0.833333,0.54,4.061388e+05,2.041913e-02,2.5978,0,6,71,305,23,31
1801,359,2160,0.833796,0.538,4.076194e+05,1.622364e-01,2.5928,0,2,49,304,23,31
1802,358,2160,0.834259,0.55,4.089242e+05,2.495847e-01,2.6176,0,2,178,303,23,31
1803,357,2160,0.834722,0.552,4.106749e+05,2.665429e-01,2.6011,0,2,152,302,23,31
1804,356,2160,0.835185,0.549,4.129922e+05,2.795099e-01,2.6173,0,2,135,301,23,31
1805,355,2160,0.835648,0.552,4.151879e+05,3.060476e-01,2.6306,0,2,89,300,23,31
1806,354,2160,0.836111,0.549,4.172917e+05,3.598082e-02,2.643,0,0,56,299,23,31
1807,353,2160,0.836574,0.549,4.186959e+05,3.135455e-02,2.6378,0,0,133,298,23,31
1808,352,2160,0.837037,0.549,4.200284e+05,1.073480e-02,2.6086,0,4,133,297,23,31
1809,351,2160,0.8375,0.547,4.206050e+05,3.925248e-02,2.5998,0,0,39,296,23,31
1810,350,2160,0.837963,0.551,4.221860e+05,1.078336e-01,2.6119,2,3,6,296,23,30
1811,349,2160,0.838426,0.561,4.232230e+05,4.197073e-02,2.62,0,3,160,295,23,30
1812,348,2160,0.838889,0.558,4.252594e+05,1.780144e-01,2.6142,2,3,4,295,23,29
1813,347,2160,0.839352,0.56,4.300647e+05,1.738864e-01,2.5865,1,0,0,295,22,29
1814,346,2160,0.839815,0.568,4.326419e+05,2.765994e-01,2.5946,0,9,161,294,22,29
1815,345,2160,0.840278,0.564,4.347167e+05,5.921728e-02,2.6331,0,7,121,293,22,29
1816,344,2160,0.840741,0.566,4.360032e+05,3.496227e-02,2.5908,0,8,158,292,22,29
1817,343,2160,0.841204,0.566,4.369589e+05,2.191832e-01,2.6013,0,4,80,291,22,29
1818,342,2160,0.841667,0.553,4.391062e+05,2.698576e-01,2.6093,0,8,15,290,22,29
1819,341,2160,0.84213,0.566,4.372205e+05,1.792285e-01,2.598,0,7,117,289,22,29
1820,340,2160,0.842593,0.567,4.381496e+05,8.231031e-02,2.6075,0,6,138,288,22,29
1821,339,2160,0.843056,0.573,4.386991e+05,8.570744e-02,2.6053,0,4,72,287,22,29
1822,338,2160,0.843519,0.576,4.405713e+05,1.458682e-01,2.6337,0,8,95,286,22,29
1823,337,2160,0.843981,0.573,4.428681e+05,3.463801e-01,2.5987,0,2,32,285,22,29
1824,336,2160,0.844444,0.579,4.456743e+05,2.659676e-01,2.605,0,2,81,284,22,29
1825,335,2160,0.844907,0.577,4.483675e+05,2.645316e-02,2.6116,0,3,81,283,22,29
1826,334,2160,0.84537,0.578,4.488795e+05,4.353357e-02,2.6394,0,4,139,282,22,29
1827,333,2160,0.845833,0.58,4.507694e+05,1.650579e-01,2.5973,0,4,79,281,22,29
1828,332,2160,0.846296,0.575,4.538125e+05,1.883131e-01,2.6136,2,5,3,281,22,28
1829,331,2160,0.846759,0.566,4.556423e+05,2.602560e-02,2.6107,0,8,178,280,22,28
1830,330,2160,0.847222,0.569,4.569859e+05,3.413063e-01,2.6245,0,2,88,279,22,28
1831,329,2160,0.847685,0.57,4.589779e+05,3.840855e-01,2.6017,0,2,136,278,22,28
1832,328,2160,0.848148,0.57,4.618993e+05,4.128785e-01,2.6082,0,2,191,277,22,28
1833,327,2160,0.848611,0.567,4.646595e+05,3.913921e-01,2.6258,0,2,156,276,22,28
1834,326,2160,0.849074,0.571,4.670941e+05,3.425663e-02,2.5922,0,4,170,275,22,28
1835,325,2160,0.849537,0.567,4.697644e+05,4.258014e-01,2.5915,0,9,3,274,22,28
1836,324,2160,0.85,0.567,4.719610e+05,4.198528e-01,2.6098,0,2,10,273,22,28
1837,323,2160,0.850463,0.567,4.755349e+05,6.267691e-02,2.6111,0,6,124,272,22,28
1838,322,2160,0.850926,0.563,4.806067e+05,6.170127e-02,2.6497,0,3,82,271,22,28
1839,321,2160,0.851389,0.57,4.834616e+05,4.717609e-01,2.5916,0,2,22,270,22,28
1840,320,2160,0.851852,0.572,4.863536e+05,1.226484e-01,2.5898,0,0,143,269,22,28
1841,319,2160,0.852315,0.572,4.872724e+05,6.314015e-02,2.6287,0,9,21,268,22,28
1842,318,2160,0.852778,0.571,4.926436e+05,8.261425e-02,2.592,0,6,74,267,22,28
1843,317,2160,0.853241,0.565,4.980885e+05,4.361249e-02,2.5938,0,4,27,266,22,28
1844,316,2160,0.853704,0.561,5.018316e+05,6.808680e-02,2.645,0,8,34,265,22,28
1845,315,2160,0.854167,0.563,5.054473e+05,1.279555e-01,2.5989,0,6,87,264,22,28
1846,314,2160,0.85463,0.555,5.135233e+05,3.195708e-01,2.5999,0,2,106,263,22,28
1847,313,2160,0.855093,0.549,5.196704e+05,1.961120e-02,2.5956,0,3,106,262,22,28
1848,312,2160,0.855556,0.554,5.204629e+05,4.389695e-01,2.6427,0,9,37,261,22,28
1849,311,2160,0.856019,0.549,5.269069e+05,3.378824e-01,2.5989,0,2,30,260,22,28
1850,310,2160,0.856481,0.551,5.362409e+05,2.144742e-01,2.5957,0,2,113,259,22,28
1851,309,2160,0.856944,0.535,5.663883e+05,2.768018e-01,2.6473,0,3,49,258,22,28
1852,308,2160,0.857407,0.547,5.611528e+05,7.689676e-01,2.5927,2,4,2,258,22,27
1853,307,2160,0.85787,0.539,6.228971e+05,1.477043e-01,2.5977,0,4,117,257,22,27
1854,306,2160,0.858333,0.544,6.227783e+05,6.621779e-02,2.5914,0,9,77,256,22,27
1855,305,2160,0.858796,0.54,6.210763e+05,1.186676e+00,2.6125,0,7,132,255,22,27
1856,304,2160,0.859259,0.561,6.384399e+05,1.226427e-02,2.6403,0,8,76,254,22,27
1857,303,2160,0.859722,0.562,6.384568e+05,5.513239e-02,2.6232,0,3,92,253,22,27
1858,302,2160,0.860185,0.549,6.409085e+05,1.506308e-02,2.6347,0,9,92,252,22,27
1859,301,2160,0.860648,0.548,6.418552e+05,1.639046e-02,2.6144,0,2,21,251,22,27
1860,300,2160,0.861111,0.551,6.425594e+05,1.003021e-01,2.6139,0,0,132,250,22,27
1861,299,2160,0.861574,0.55,6.422465e+05,7.209899e-02,2.5942,0,3,190,249,22,27
1862,298,2160,0.862037,0.553,6.462625e+05,2.224548e-02,2.5986,0,2,190,248,22,27
1863,297,2160,0.8625,0.552,6.469879e+05,1.140462e-01,2.6055,0,0,59,247,22,27
1864,296,2160,0.862963,0.549,6.465577e+05,5.265861e-02,2.6251,0,6,159,246,22,27
1865,295,2160,0.863426,0.547,6.467079e+05,5.446261e-02,2.614,0,6,76,245,22,27
1866,294,2160,0.863889,0.546,6.522769e+05,4.366980e-01,2.6115,2,2,2,245,22,26
1867,293,2160,0.864352,0.522,6.596188e+05,5.344137e-02,2.6127,0,2,188,244,22,26
1868,292,2160,0.864815,0.522,6.618954e+05,5.102448e-02,2.6002,0,9,143,243,22,26
1869,291,2160,0.865278,0.522,6.612234e+05,3.413259e-02,2.617,0,6,157,242,22,26
1870,290,2160,0.865741,0.519,6.633492e+05,5.957181e-02,2.605,0,3,159,241,22,26
1871,289,2160,0.866204,0.516,6.655846e+05,1.301452e-01,2.6192,0,9,157,240,22,26
1872,288,2160,0.866667,0.517,6.644537e+05,2.289334e-02,2.6018,0,4,99,239,22,26
1873,287,2160,0.86713,0.52,6.661670e+05,5.919400e-02,2.6138,0,2,165,238,22,26
1874,286,2160,0.867593,0.521,6.642582e+05,2.522084e-01,2.6093,0,7,54,237,22,26
1875,285,2160,0.868056,0.53,6.573586e+05,7.606647e-01,2.6109,0,7,66,236,22,26
1876,284,2160,0.868519,0.53,6.471997e+05,9.202214e-02,2.622,0,7,65,235,22,26
1877,283,2160,0.868981,0.524,6.477861e+05,7.713384e-02,2.647,0,2,51,234,22,26
1878,282,2160,0.869444,0.52,6.517073e+05,8.039454e-04,2.5962,0,9,51,233,22,26
1879,281,2160,0.869907,0.52,6.517225e+05,1.491129e-01,2.5996,0,0,52,232,22,26
1880,280,2160,0.87037,0.517,6.510217e+05,2.629976e-02,2.6034,0,6,123,231,22,26
1881,279,2160,0.870833,0.515,6.540254e+05,4.903055e-02,2.613,0,3,129,230,22,26
1882,278,2160,0.871296,0.513,6.560573e+05,4.674237e-02,2.6027,0,7,30,229,22,26
1883,277,2160,0.871759,0.516,6.567465e+05,1.436845e-01,2.6066,0,2,172,228,22,26
1884,276,2160,0.872222,0.513,6.600952e+05,1.434525e-02,2.5915,0,4,188,227,22,26
1885,275,2160,0.872685,0.514,6.625499e+05,7.163568e-02,2.601,0,8,109,226,22,26
1886,274,2160,0.873148,0.514,6.644694e+05,4.039820e-02,2.63,0,6,100,225,22,26
1887,273,2160,0.873611,0.513,6.671473e+05,1.565498e-02,2.6087,0,4,26,224,22,26
1888,272,2160,0.874074,0.512,6.691717e+05,5.794886e-02,2.6083,0,7,85,223,22,26
1889,271,2160,0.874537,0.511,6.700295e+05,3.036707e-02,2.6042,0,7,102,222,22,26
1890,270,2160,0.875,0.511,6.746863e+05,6.436040e-02,2.6297,0,0,78,221,22,26
1891,269,2160,0.875463,0.511,6.793997e+05,3.292204e-02,2.6217,0,7,60,220,22,26
1892,268,2160,0.875926,0.51,6.846244e+05,2.072617e-02,2.5895,0,4,122,219,22,26
1893,267,2160,0.876389,0.509,6.874250e+05,2.566243e-02,2.603,0,4,96,218,22,26
1894,266,2160,0.876852,0.506,6.901867e+05,7.421766e-02,2.6808,0,4,131,217,22,26
1895,265,2160,0.877315,0.505,6.915396e+05,1.079288e-01,2.617,0,8,131,216,22,26
1896,264,2160,0.877778,0.507,6.933129e+05,1.587509e-01,2.6022,0,4,128,215,22,26
1897,263,2160,0.878241,0.505,6.967567e+05,9.064244e-02,2.6183,0,8,104,214,22,26
1898,262,2160,0.878704,0.498,7.011642e+05,2.776519e-02,2.5972,0,4,104,213,22,26
1899,261,2160,0.879167,0.497,7.025870e+05,9.809625e-02,2.5873,0,9,151,212,22,26
1900,260,2160,0.87963,0.494,7.057738e+05,2.060676e-01,2.5903,0,2,73,211,22,26
1901,259,2160,0.880093,0.494,7.067055e+05,6.127562e-02,2.598,0,7,127,210,22,26
1902,258,2160,0.880556,0.493,7.077636e+05,3.503418e-02,2.6,0,7,95,209,22,26
1903,257,2160,0.881019,0.488,7.139499e+05,2.827028e-01,2.648,0,2,74,208,22,26
1904,256,2160,0.881481,0.485,7.150497e+05,4.784691e-02,2.609,0,2,31,207,22,26
1905,255,2160,0.881944,0.483,7.190500e+05,2.238726e-02,2.5942,0,9,31,206,22,26
1906,254,2160,0.882407,0.484,7.199248e+05,9.495055e-02,2.5992,0,8,107,205,22,26
1907,253,2160,0.88287,0.481,7.242115e+05,2.734708e-02,2.6595,0,6,107,204,22,26
1908,252,2160,0.883333,0.477,7.272164e+05,2.768223e-02,2.6125,0,6,115,203,22,26
1909,251,2160,0.883796,0.477,7.305369e+05,2.851777e-02,2.6097,0,6,120,202,22,26
1910,250,2160,0.884259,0.477,7.343286e+05,1.313842e-01,2.6085,0,6,38,201,22,26
1911,249,2160,0.884722,0.478,7.350227e+05,3.478820e-02,2.6221,0,4,81,200,22,26
1912,248,2160,0.885185,0.48,7.396222e+05,4.247693e-02,2.612,0,4,180,199,22,26
1913,247,2160,0.885648,0.475,7.432648e+05,2.589696e-01,2.6224,0,9,150,198,22,26
1914,246,2160,0.886111,0.472,7.478213e+05,1.951122e-01,2.6416,0,2,67,197,22,26
1915,245,2160,0.886574,0.472,7.566358e+05,3.956628e-02,2.5993,0,4,43,196,22,26
1916,244,2160,0.887037,0.47,7.602386e+05,9.096122e-02,2.609,0,8,191,195,22,26
1917,243,2160,0.8875,0.468,7.623009e+05,5.743659e-02,2.6097,0,3,164,194,22,26
1918,242,2160,0.887963,0.466,7.666691e+05,1.029100e-01,2.6365,0,6,44,193,22,26
1919,241,2160,0.888426,0.473,7.736299e+05,1.865709e-01,2.6164,0,2,144,192,22,26
1920,240,2160,0.888889,0.471,7.786650e+05,1.437647e-01,2.6167,0,6,173,191,22,26
1921,239,2160,0.889352,0.47,7.865949e+05,1.051592e-01,2.6259,0,6,174,190,22,26
1922,238,2160,0.889815,0.469,7.927854e+05,1.101388e-01,2.5886,0,7,10,189,22,26
1923,237,2160,0.890278,0.466,7.925445e+05,6.180704e-02,2.6269,0,4,6,188,22,26
1924,236,2160,0.890741,0.463,7.975874e+05,1.970167e-01,2.5907,0,3,48,187,22,26
1925,235,2160,0.891204,0.455,8.007461e+05,1.476946e-01,2.6296,0,2,48,186,22,26
1926,234,2160,0.891667,0.451,8.052946e+05,3.023363e-01,2.6002,0,2,20,185,22,26
1927,233,2160,0.89213,0.444,8.128466e+05,5.095748e-01,2.6159,0,9,91,184,22,26
1928,232,2160,0.892593,0.439,8.213360e+05,7.220431e-01,2.6769,0,2,132,183,22,26
1929,231,2160,0.893056,0.421,8.659020e+05,1.282421e+00,2.6041,1,4,0,183,21,26
1930,230,2160,0.893519,0.396,9.407319e+05,1.442360e-01,2.6698,2,4,5,183,21,25
1931,229,2160,0.893981,0.396,9.363301e+05,2.304844e-01,2.6041,2,9,4,183,21,24
1932,228,2160,0.894444,0.398,9.456170e+05,1.522224e-01,2.6313,0,2,76,182,21,24
1933,227,2160,0.894907,0.398,9.467964e+05,2.056660e-01,2.6162,0,9,163,181,21,24
1934,226,2160,0.89537,0.396,9.468067e+05,1.180857e-01,2.6124,0,8,91,180,21,24
1935,225,2160,0.895833,0.401,9.464340e+05,5.927661e-02,2.6242,0,3,130,179,21,24
1936,224,2160,0.896296,0.394,9.494275e+05,1.013732e-01,2.6278,0,6,36,178,21,24
1937,223,2160,0.896759,0.395,9.570832e+05,2.517272e-02,2.596,0,6,122,177,21,24
1938,222,2160,0.897222,0.394,9.605739e+05,1.462490e-01,2.6525,0,4,69,176,21,24
1939,221,2160,0.897685,0.393,9.678968e+05,1.937187e-01,2.5963,0,6,172,175,21,24
1940,220,2160,0.898148,0.394,9.781584e+05,8.085571e-02,2.5939,0,6,57,174,21,24
1941,219,2160,0.898611,0.392,9.830265e+05,1.168440e-01,2.6066,0,4,92,173,21,24
1942,218,2160,0.899074,0.395,9.910535e+05,2.744793e-01,2.6112,0,6,186,172,21,24
1943,217,2160,0.899537,0.395,9.957433e+05,1.634777e-01,2.6012,0,4,110,171,21,24
1944,216,2160,0.9,0.392,1.005037e+06,3.017716e-02,2.5947,0,8,110,170,21,24
1945,215,2160,0.900463,0.39,1.005986e+06,2.254879e-01,2.6755,0,2,110,169,21,24
1946,214,2160,0.900926,0.388,1.009221e+06,1.679477e-01,2.6258,0,4,38,168,21,24
1947,213,2160,0.901389,0.391,1.018816e+06,7.445220e-02,2.6294,0,6,45,167,21,24
1948,212,2160,0.901852,0.393,1.024632e+06,1.579400e-01,2.6435,0,4,152,166,21,24
1949,211,2160,0.902315,0.392,1.033169e+06,2.627359e-01,2.6033,0,3,116,165,21,24
1950,210,2160,0.902778,0.385,1.044043e+06,1.512303e-01,2.6269,0,6,51,164,21,24
1951,209,2160,0.903241,0.385,1.050883e+06,2.495082e-01,2.6226,0,6,145,163,21,24
1952,208,2160,0.903704,0.382,1.056797e+06,1.325917e-01,2.5965,0,6,49,162,21,24
1953,207,2160,0.904167,0.386,1.066928e+06,2.065503e+01,2.6031,1,8,2,162,20,24
1954,206,2160,0.90463,0.378,1.272525e+06,2.023000e+01,2.5899,2,3,8,162,20,23
1955,205,2160,0.905093,0.378,1.272525e+06,6.149686e-02,2.6205,0,6,189,161,20,23
1956,204,2160,0.905556,0.379,1.272706e+06,5.098353e-02,2.5981,0,6,48,160,20,23
1957,203,2160,0.906019,0.378,1.277246e+06,2.968286e-01,2.6052,0,6,24,159,20,23
1958,202,2160,0.906481,0.368,1.290553e+06,1.577906e-01,2.6056,0,6,47,158,20,23
1959,201,2160,0.906944,0.366,1.292456e+06,1.256089e+00,2.6185,0,4,63,157,20,23
1960,200,2160,0.907407,0.375,1.282084e+06,1.742319e-01,2.6131,0,3,103,156,20,23
1961,199,2160,0.90787,0.371,1.283596e+06,3.905448e-01,2.5981,0,0,80,155,20,23
1962,198,2160,0.908333,0.354,1.976743e+06,9.241671e-01,2.6128,2,0,9,155,20,22
1963,197,2160,0.908796,0.344,1.994226e+06,1.832846e-01,2.601,0,6,63,154,20,22
1964,196,2160,0.909259,0.343,1.996582e+06,3.922673e-02,2.6025,0,8,147,153,20,22
1965,195,2160,0.909722,0.34,1.999692e+06,6.997443e-02,2.5914,0,6,147,152,20,22
1966,194,2160,0.910185,0.342,2.002967e+06,1.983155e-02,2.661,0,8,145,151,20,22
1967,193,2160,0.910648,0.336,2.005086e+06,3.803075e-02,2.6001,0,6,19,150,20,22
1968,192,2160,0.911111,0.333,2.006494e+06,1.962350e-01,2.6026,0,0,118,149,20,22
1969,191,2160,0.911574,0.338,2.006166e+06,4.365641e-01,2.6336,0,2,138,148,20,22
1970,190,2160,0.912037,0.337,2.017625e+06,4.173067e-01,2.6024,0,2,86,147,20,22
1971,189,2160,0.9125,0.336,2.028978e+06,7.026868e-01,2.6098,0,2,149,146,20,22
1972,188,2160,0.912963,0.329,2.047700e+06,1.869799e+00,2.6107,0,2,75,145,20,22
1973,187,2160,0.913426,0.322,2.081661e+06,2.125713e+00,2.5994,0,9,162,144,20,22
1974,186,2160,0.913889,0.314,2.132967e+06,4.986251e-01,2.6449,0,9,35,143,20,22
1975,185,2160,0.914352,0.314,2.143116e+06,1.216744e+00,2.6225,0,2,87,142,20,22
1976,184,2160,0.914815,0.315,2.165061e+06,7.114139e-01,2.6065,0,0,119,141,20,22
1977,183,2160,0.915278,0.305,2.183169e+06,5.580902e-01,2.6099,0,0,105,140,20,22
1978,182,2160,0.915741,0.304,2.201662e+06,8.105978e-01,2.6158,0,2,62,139,20,22
1979,181,2160,0.916204,0.313,2.198769e+06,1.618747e-01,2.6018,0,8,75,138,20,22
1980,180,2160,0.916667,0.313,2.188525e+06,1.203360e+00,2.6226,0,2,187,137,20,22
1981,179,2160,0.91713,0.319,2.195559e+06,1.579168e+00,2.6104,0,3,187,136,20,22
1982,178,2160,0.917593,0.317,2.185632e+06,2.630761e-01,2.6174,0,6,187,135,20,22
1983,177,2160,0.918056,0.318,2.190160e+06,3.583524e+00,2.6381,0,2,114,134,20,22
1984,176,2160,0.918519,0.315,2.227290e+06,6.738345e-01,2.6436,2,5,6,134,20,21
1985,175,2160,0.918981,0.308,2.254350e+06,2.608904e-02,2.6123,0,0,114,133,20,21
1986,174,2160,0.919444,0.31,2.256231e+06,5.550395e-02,2.6127,0,4,127,132,20,21
1987,173,2160,0.919907,0.31,2.258404e+06,2.734432e-01,2.622,0,8,93,131,20,21
1988,172,2160,0.92037,0.308,2.261652e+06,1.037251e-01,2.6157,0,4,195,130,20,21
1989,171,2160,0.920833,0.313,2.263389e+06,1.213729e+00,2.64,0,3,62,129,20,21
1990,170,2160,0.921296,0.308,2.270944e+06,4.280602e-01,2.6123,0,6,62,128,20,21
1991,169,2160,0.921759,0.306,2.273733e+06,6.863436e-02,2.6059,0,4,178,127,20,21
1992,168,2160,0.922222,0.308,2.275388e+06,5.639609e-01,2.6176,0,6,58,126,20,21
1993,167,2160,0.922685,0.307,2.286578e+06,5.843615e-01,2.6245,0,6,23,125,20,21
1994,166,2160,0.923148,0.303,2.297518e+06,8.048842e-02,2.6202,0,4,167,124,20,21
1995,165,2160,0.923611,0.304,2.300404e+06,6.651783e-02,2.5985,0,4,53,123,20,21
1996,164,2160,0.924074,0.303,2.303514e+06,1.379757e+00,2.5986,0,2,124,122,20,21
1997,163,2160,0.924537,0.302,2.312356e+06,8.635207e-01,2.645,0,6,165,121,20,21
1998,162,2160,0.925,0.302,2.324518e+06,2.016824e-02,2.5989,0,4,130,120,20,21
1999,161,2160,0.925463,0.301,2.330002e+06,2.063308e-01,2.6369,0,4,156,119,20,21
2000,160,2160,0.925926,0.3,2.334497e+06,1.393431e+00,2.625,0,2,177,118,20,21
2001,159,2160,0.926389,0.297,2.341914e+06,6.957066e-01,2.6149,0,6,177,117,20,21
2002,158,2160,0.926852,0.293,2.350095e+06,1.516315e+00,2.6573,0,6,39,116,20,21
2003,157,2160,0.927315,0.288,2.365905e+06,1.114728e+00,2.6405,0,6,170,115,20,21
2004,156,2160,0.927778,0.289,2.379847e+06,6.721353e-01,2.6134,0,3,177,114,20,21
2005,155,2160,0.928241,0.288,2.388157e+06,1.456412e+00,2.608,0,6,96,113,20,21
2006,154,2160,0.928704,0.288,2.400437e+06,1.996425e-01,2.5952,0,8,87,112,20,21
2007,153,2160,0.929167,0.291,2.397375e+06,6.922231e-02,2.6177,0,0,189,111,20,21
2008,152,2160,0.92963,0.292,2.403102e+06,2.095064e-01,2.632,0,4,44,110,20,21
2009,151,2160,0.930093,0.285,2.408796e+06,2.561318e+00,2.6092,0,3,36,109,20,21
2010,150,2160,0.930556,0.29,2.410855e+06,1.153734e-01,2.6697,0,4,37,108,20,21
2011,149,2160,0.931019,0.29,2.416002e+06,8.756942e-02,2.6003,0,4,101,107,20,21
2012,148,2160,0.931481,0.294,2.424387e+06,2.464214e-01,2.6365,0,4,19,106,20,21
2013,147,2160,0.931944,0.292,2.425600e+06,1.484258e+00,2.6062,0,6,72,105,20,21
2014,146,2160,0.932407,0.293,2.441763e+06,1.034797e-01,2.6232,0,0,83,104,20,21
2015,145,2160,0.93287,0.296,2.449053e+06,1.089930e+00,2.6198,0,6,95,103,20,21
2016,144,2160,0.933333,0.288,2.461245e+06,3.323582e-01,2.6045,0,8,190,102,20,21
2017,143,2160,0.933796,0.289,2.469430e+06,3.118640e+00,2.6485,0,2,128,101,20,21
2018,142,2160,0.934259,0.285,2.475559e+06,3.426893e+00,2.6009,0,3,117,100,20,21
2019,141,2160,0.934722,0.283,2.494075e+06,7.863564e+00,2.5979,1,1,9,100,19,21
2020,140,2160,0.935185,0.279,2.772312e+06,1.482882e-01,2.6056,0,0,162,99,19,21
2021,139,2160,0.935648,0.272,2.783231e+06,9.570954e-02,2.6185,0,4,60,98,19,21
2022,138,2160,0.936111,0.27,2.787366e+06,3.420679e-02,2.6212,0,4,109,97,19,21
2023,137,2160,0.936574,0.271,2.794710e+06,1.276324e-01,2.6567,0,4,102,96,19,21
2024,136,2160,0.937037,0.274,2.799093e+06,1.622793e-01,2.6096,0,7,92,95,19,21
2025,135,2160,0.9375,0.273,2.808730e+06,7.668695e-02,2.5933,0,4,115,94,19,21
2026,134,2160,0.937963,0.275,2.816044e+06,1.201974e-01,2.6094,0,4,89,93,19,21
2027,133,2160,0.938426,0.275,2.820545e+06,1.311127e-01,2.6184,0,4,32,92,19,21
2028,132,2160,0.938889,0.275,2.823888e+06,1.130007e-01,2.6104,0,4,71,91,19,21
2029,131,2160,0.939352,0.273,2.828804e+06,1.347777e-01,2.5924,0,4,106,90,19,21
2030,130,2160,0.939815,0.271,2.837092e+06,2.156175e-01,2.5929,0,4,143,89,19,21
2031,129,2160,0.940278,0.268,2.842865e+06,4.118420e-01,2.669,0,6,171,88,19,21
2032,128,2160,0.940741,0.266,2.856145e+06,2.467085e-01,2.5923,0,4,119,87,19,21
2033,127,2160,0.941204,0.269,2.865018e+06,9.279349e-02,2.607,0,8,121,86,19,21
2034,126,2160,0.941667,0.268,2.873924e+06,1.006601e-01,2.6432,0,0,51,85,19,21
2035,125,2160,0.94213,0.271,2.882556e+06,2.278089e-01,2.6136,0,4,78,84,19,21
2036,124,2160,0.942593,0.262,2.885878e+06,3.010795e-01,2.6174,0,6,78,83,19,21
2037,123,2160,0.943056,0.26,2.891239e+06,2.876406e-01,2.6073,0,4,149,82,19,21
2038,122,2160,0.943519,0.268,2.898906e+06,4.387227e-01,2.6244,0,4,144,81,19,21
2039,121,2160,0.943981,0.267,2.905955e+06,2.578044e-01,2.6139,0,4,116,80,19,21
2040,120,2160,0.944444,0.262,2.916089e+06,3.649652e-01,2.6074,0,4,141,79,19,21
2041,119,2160,0.944907,0.261,2.924749e+06,5.010992e-01,2.6172,0,4,118,78,19,21
2042,118,2160,0.94537,0.252,2.935731e+06,5.536387e-01,2.613,0,4,54,77,19,21
2043,117,2160,0.945833,0.254,2.945798e+06,5.145144e-01,2.5948,0,4,94,76,19,21
2044,116,2160,0.946296,0.253,2.959795e+06,1.175671e-01,2.6262,0,8,63,75,19,21
2045,115,2160,0.946759,0.256,2.965215e+06,7.171172e-02,2.6066,0,0,176,74,19,21
2046,114,2160,0.947222,0.256,2.978334e+06,7.179320e-01,2.5979,0,4,20,73,19,21
2047,113,2160,0.947685,0.258,2.991018e+06,1.241229e+00,2.6139,1,5,8,73,18,21
2048,112,2160,0.948148,0.246,2.987453e+06,1.306371e-01,2.6721,0,7,156,72,18,21
2049,111,2160,0.948611,0.251,2.997984e+06,1.362408e-01,2.6027,0,0,160,71,18,21
2050,110,2160,0.949074,0.249,3.016200e+06,7.911713e-01,2.6013,0,4,148,70,18,21
2051,109,2160,0.949537,0.253,3.035362e+06,1.697489e-01,2.6024,0,0,161,69,18,21
2052,108,2160,0.95,0.255,3.055821e+06,7.698290e-01,2.6213,0,4,35,68,18,21
2053,107,2160,0.950463,0.262,3.078602e+06,6.007484e-01,2.6139,0,2,50,67,18,21
2054,106,2160,0.950926,0.263,3.087154e+06,2.454881e-01,2.5958,0,0,61,66,18,21
2055,105,2160,0.951389,0.271,3.109658e+06,5.431998e-01,2.6285,0,8,124,65,18,21
2056,104,2160,0.951852,0.262,3.130325e+06,1.581102e-01,2.5876,0,7,44,64,18,21
2057,103,2160,0.952315,0.271,3.145418e+06,1.201462e+00,2.6379,0,4,95,63,18,21
2058,102,2160,0.952778,0.272,3.170498e+06,9.466379e-01,2.6361,0,4,135,62,18,21
2059,101,2160,0.953241,0.276,3.195205e+06,1.592460e+00,2.5948,0,8,36,61,18,21
2060,100,2160,0.953704,0.273,3.222233e+06,3.919850e+00,2.6114,0,4,150,60,18,21
2061,99,2160,0.954167,0.255,4.038228e+06,2.226474e+00,2.6001,2,7,1,60,18,20
2062,98,2160,0.95463,0.248,4.111292e+06,1.018433e+00,2.6072,0,8,137,59,18,20
2063,97,2160,0.955093,0.245,4.172237e+06,6.419478e-01,2.6377,0,6,146,58,18,20
2064,96,2160,0.955556,0.243,4.176359e+06,1.343333e+00,2.6003,0,8,146,57,18,20
2065,95,2160,0.956019,0.24,4.309395e+06,7.621186e-01,2.6177,0,8,90,56,18,20
2066,94,2160,0.956481,0.238,4.430782e+06,2.165570e+00,2.6051,0,4,34,55,18,20
2067,93,2160,0.956944,0.258,4.365807e+06,8.140328e+00,2.606,1,9,3,55,17,20
2068,92,2160,0.957407,0.226,5.020221e+06,1.299057e+00,2.5959,0,7,79,54,17,20
2069,91,2160,0.95787,0.229,5.007943e+06,2.786709e+00,2.6276,1,3,3,54,16,20
2070,90,2160,0.958333,0.229,5.071379e+06,1.392846e+00,2.6281,0,3,137,53,16,20
2071,89,2160,0.958796,0.238,5.070814e+06,7.867444e-01,2.6173,0,4,67,52,16,20
2072,88,2160,0.959259,0.239,5.092054e+06,2.400734e+00,2.6353,0,6,50,51,16,20
2073,87,2160,0.959722,0.234,5.116914e+06,1.402195e-01,2.593,0,3,50,50,16,20
2074,86,2160,0.960185,0.226,5.117144e+06,1.679025e+00,2.5934,0,4,142,49,16,20
2075,85,2160,0.960648,0.229,5.136838e+06,1.458945e-01,2.6317,0,0,164,48,16,20
2076,84,2160,0.961111,0.223,5.166603e+06,6.899544e-01,2.6029,0,3,131,47,16,20
2077,83,2160,0.961574,0.234,5.202757e+06,1.622755e+00,2.5925,0,4,136,46,16,20
2078,82,2160,0.962037,0.247,5.230288e+06,1.223202e-01,2.5992,0,0,100,45,16,20
2079,81,2160,0.9625,0.246,5.264019e+06,1.584390e-01,2.6152,0,7,58,44,16,20
2080,80,2160,0.962963,0.246,5.293253e+06,2.413982e+00,2.5898,0,4,33,43,16,20
2081,79,2160,0.963426,0.258,5.328777e+06,5.962663e-01,2.5947,0,0,87,42,16,20
2082,78,2160,0.963889,0.252,5.372072e+06,9.141304e-01,2.6159,0,0,86,41,16,20
2083,77,2160,0.964352,0.249,5.453024e+06,9.716384e+00,2.6567,0,3,134,40,16,20
2084,76,2160,0.964815,0.227,5.868618e+06,4.140169e+00,2.6131,0,4,173,39,16,20
2085,75,2160,0.965278,0.219,5.989212e+06,2.672755e+00,2.6337,0,2,79,38,16,20
2086,74,2160,0.965741,0.221,6.178931e+06,4.824371e-01,2.6359,0,6,52,37,16,20
2087,73,2160,0.966204,0.22,6.258043e+06,1.255926e+00,2.6104,0,4,175,36,16,20
2088,72,2160,0.966667,0.218,6.344826e+06,9.295581e-01,2.5861,0,4,172,35,16,20
2089,71,2160,0.96713,0.219,6.450476e+06,1.657004e+00,2.6143,0,4,82,34,16,20
2090,70,2160,0.967593,0.215,6.594483e+06,5.277373e-01,2.6499,0,7,123,33,16,20
2091,69,2160,0.968056,0.211,6.630859e+06,1.941859e+00,2.62,2,8,0,33,16,19
2092,68,2160,0.968519,0.219,6.581071e+06,1.209998e+00,2.6197,0,4,68,32,16,19
2093,67,2160,0.968981,0.209,6.794797e+06,3.408715e-01,2.6134,2,6,6,32,16,18
2094,66,2160,0.969444,0.212,6.701740e+06,1.404168e+00,2.6016,0,4,174,31,16,18
2095,65,2160,0.969907,0.203,6.864107e+06,5.001401e-01,2.6128,0,0,174,30,16,18
2096,64,2160,0.97037,0.202,7.002889e+06,4.026100e+00,2.6003,0,9,52,29,16,18
2097,63,2160,0.970833,0.179,7.260672e+06,7.595420e-01,2.6101,0,2,52,28,16,18
2098,62,2160,0.971296,0.178,7.308204e+06,7.375630e-01,2.6007,0,0,68,27,16,18
2099,61,2160,0.971759,0.181,7.540624e+06,5.788895e-01,2.6067,0,6,64,26,16,18
2100,60,2160,0.972222,0.198,7.757879e+06,8.621188e-01,2.6098,0,0,75,25,16,18
2101,59,2160,0.972685,0.188,8.019938e+06,4.433278e+00,2.5834,0,4,134,24,16,18
2102,58,2160,0.973148,0.21,8.313803e+06,6.650069e+00,2.5991,0,9,64,23,16,18
2103,57,2160,0.973611,0.201,8.639910e+06,1.041880e+00,2.6031,0,2,64,22,16,18
2104,56,2160,0.974074,0.209,8.677752e+06,4.863045e+00,2.6603,2,5,4,22,16,17
2105,55,2160,0.974537,0.214,9.063325e+06,2.107421e+00,2.6195,0,7,77,21,16,17
2106,54,2160,0.975,0.208,9.047256e+06,2.708856e+00,2.6036,0,0,175,20,16,17
2107,53,2160,0.975463,0.197,9.500473e+06,1.264218e+01,2.6413,0,4,52,19,16,17
2108,52,2160,0.975926,0.192,9.980295e+06,5.391152e+00,2.6241,0,6,79,18,16,17
2109,51,2160,0.976389,0.219,1.147577e+07,3.004866e+00,2.6149,2,9,9,18,16,16
2110,50,2160,0.976852,0.224,1.154454e+07,4.396918e+00,2.6009,0,2,80,17,16,16
2111,49,2160,0.977315,0.206,1.183382e+07,4.935096e-01,2.6358,1,2,3,17,15,16
2112,48,2160,0.977778,0.211,1.185241e+07,2.427784e+00,2.5887,2,1,6,17,15,15
2113,47,2160,0.978241,0.162,1.276267e+07,6.631499e+00,2.5918,0,6,90,16,15,15
2114,46,2160,0.978704,0.137,1.306889e+07,2.528775e+00,2.5966,0,6,65,15,15,15
2115,45,2160,0.979167,0.155,1.418769e+07,4.987464e+00,2.6454,0,2,65,14,15,15
2116,44,2160,0.97963,0.145,1.604395e+07,3.532677e+00,2.6027,0,9,65,13,15,15
2117,43,2160,0.980093,0.156,1.625965e+07,1.437095e+00,2.5954,1,6,0,13,14,15
2118,42,2160,0.980556,0.154,1.965330e+07,2.260514e-01,2.6271,0,0,82,12,14,15
2119,41,2160,0.981019,0.154,1.965330e+07,1.909760e+00,2.5988,0,4,65,11,14,15
2120,40,2160,0.981481,0.15,2.105288e+07,7.178159e+00,2.6454,0,3,79,10,14,15
2121,39,2160,0.981944,0.127,2.152769e+08,4.600129e-02,2.6536,0,6,80,9,14,15
2122,38,2160,0.982407,0.128,2.153557e+08,1.684802e+00,2.6038,2,3,3,9,14,14
2123,37,2160,0.98287,0.192,2.208166e+08,1.312310e+00,2.631,2,5,2,9,14,13
2124,36,2160,0.983333,0.193,2.218146e+08,3.169740e-01,2.605,2,3,0,9,14,12
2125,35,2160,0.983796,0.193,2.231148e+08,3.702242e-01,2.6076,2,2,3,9,14,11
2126,34,2160,0.984259,0.193,2.273092e+08,4.674442e-01,2.5949,2,1,9,9,14,10
2127,33,2160,0.984722,0.152,2.360786e+08,4.164603e-01,2.6051,2,9,2,9,14,9
2128,32,2160,0.985185,0.152,2.419149e+08,7.729656e-01,2.6377,2,7,0,9,14,8
2129,31,2160,0.985648,0.152,2.570825e+08,1.860630e+00,2.5988,0,4,90,8,14,8
2130,30,2160,0.986111,0.155,2.647481e+08,2.676663e+00,2.5929,0,4,64,7,14,8
2131,29,2160,0.986574,0.153,2.758651e+08,1.281805e+01,2.6539,1,6,9,7,13,8
2132,28,2160,0.987037,0.015,2.040761e+11,1.442429e-02,2.6056,1,0,3,7,12,8
2133,27,2160,0.9875,0.009,2.041327e+11,3.086114e-01,2.594,0,3,80,6,12,8
2134,26,2160,0.987963,0.009,2.041327e+11,2.104871e-02,2.6097,0,8,128,5,12,8
2135,25,2160,0.988426,0.009,2.040941e+11,4.584710e-01,2.6897,1,4,8,5,11,8
2136,24,2160,0.988889,0.009,2.040941e+11,2.637692e-01,2.6168,1,5,9,5,10,8
2137,23,2160,0.989352,0.009,2.036022e+11,8.392258e-01,2.6077,2,8,5,5,10,7
2138,22,2160,0.989815,0.009,2.036022e+11,1.245985e+01,2.599,1,0,4,5,9,7
2139,21,2160,0.990278,0.009,2.036107e+11,2.797764e+01,2.5828,1,2,2,5,8,7
2140,20,2160,0.990741,0.009,2.050408e+11,1.857518e+01,2.5952,1,0,9,5,7,7
2141,19,2160,0.991204,0.03,2.126626e+11,2.686287e-01,2.604,1,0,6,5,6,7
2142,18,2160,0.991667,0.019,2.126626e+11,3.805542e-01,2.6276,0,6,66,4,6,7
2143,17,2160,0.99213,0.019,2.126626e+11,2.142402e+01,2.6364,2,6,0,4,6,6
2144,16,2160,0.992593,0.019,2.126626e+11,1.052475e+02,2.6458,0,2,66,3,6,6
2145,15,2160,0.993056,0.019,5.738298e+11,1.656041e+00,2.6124,1,9,2,3,5,6
2146,14,2160,0.993519,0.019,5.738298e+11,1.689969e+00,2.6212,1,1,2,3,4,6
2147,13,2160,0.993981,0.019,5.738298e+11,1.507660e+02,2.6167,2,6,9,3,4,5
2148,12,2160,0.994444,0.019,5.738298e+11,1.406913e+01,2.5998,2,6,1,3,4,4
2149,11,2160,0.994907,0.019,5.738278e+11,2.665429e-01,2.6184,1,4,4,3,3,4
2150,10,2160,0.99537,0.019,5.735009e+11,4.715662e-01,2.6193,2,4,4,3,3,3
2151,9,2160,0.995833,0.019,5.735008e+11,3.573205e-01,2.6069,0,9,66,2,3,3
2152,8,2160,0.996296,0.019,2.375098e+11,1.036544e+00,2.6117,1,2,9,2,2,3
2153,7,2160,0.996759,0.019,2.375098e+11,8.121026e+01,2.6395,2,6,2,2,2,2
2154,6,2160,0.997222,0.019,2.375064e+11,7.574791e-01,2.6548,0,4,66,1,2,2
2155,5,2160,0.997685,0.019,2.271922e+11,9.604116e-01,2.6115,1,3,4,1,1,2
2156,4,2160,0.998148,0.019,2.271922e+11,3.510158e+00,2.6418,2,6,3,1,1,1
2157,3,2160,0.998611,0.019,2.271922e+11,1.754710e+00,2.6222,2,0,6,1,1,0
2158,2,2160,0.999074,0.126,5.251624e+07,1.929255e+00,2.5999,1,6,7,1,0,0
2159,1,2160,0.999537,0.126,5.251624e+07,3.216799e+00,2.6012,0,7,91,0,0,0
